vung,tinh,id_bc,bc,order_code,Nhóm khách,thoi_gian_nhap_bc,Aging,updated_time,num_deliver,Nhóm BL
NTB,Lâm Đồng,21377000,(LDO) Đơn Dương,GYX66DAA,SME,2026-07-11 06:15:08.079000,59.03184028,2026-09-08 07:00:59,5,(k) > 15 ngày
NTB,Đắk Nông,20269000,(DNO) Kiến Đức,GYXATHGH,SME,2026-07-11 11:31:38.022000,58.81204861,2026-09-08 07:00:59,3,(k) > 15 ngày
NTB,Lâm Đồng,21377000,(LDO) Đơn Dương,GYXTGG76,SME,2026-07-12 17:34:58.235000,57.5597338,2026-09-08 07:00:59,0,(k) > 15 ngày
NTB,Lâm Đồng,21377000,(LDO) Đơn Dương,GYXT7T47,SME,2026-07-12 17:34:58.235000,57.5597338,2026-09-08 07:00:59,0,(k) > 15 ngày
NTB,Lâm Đồng,21377000,(LDO) Đơn Dương,GYX8UHUM,SME,2026-07-13 06:37:35.552000,57.01625,2026-09-08 07:00:59,0,(k) > 15 ngày
NTB,Đắk Nông,20269000,(DNO) Kiến Đức,GYXMHV8N,SME,2026-07-14 06:43:24.225000,56.01221065,2026-09-08 07:00:59,2,(k) > 15 ngày
NTB,Đắk Nông,20269000,(DNO) Kiến Đức,GYXMWRFD,SME,2026-07-14 11:19:47.463000,55.82027778,2026-09-08 07:00:59,2,(k) > 15 ngày
NTB,Đắk Nông,20269000,(DNO) Kiến Đức,GYXETDQR,SME,2026-07-16 06:49:52.133000,54.00771991,2026-09-08 07:00:59,2,(k) > 15 ngày
NTB,Lâm Đồng,21377000,(LDO) Đơn Dương,GYA6WRK9,SME,2026-07-25 15:31:02.253000,44.64579861,2026-09-08 07:00:59,0,(k) > 15 ngày
NTB,Lâm Đồng,22051000,(LDO) Lang Biang - Đà Lạt 1,GYABPAQB,SME,2026-07-29 18:21:15.551000,40.52759259,2026-09-08 07:00:59,0,(k) > 15 ngày
NTB,Đắk Nông,20269000,(DNO) Kiến Đức,GYANWQCX_PR,SME,2026-07-31 18:48:36.633000,38.50859954,2026-09-08 07:00:59,2,(k) > 15 ngày
NTB,Đắk Nông,20269000,(DNO) Kiến Đức,GYAMAA4R,SME,2026-08-07 06:28:27.719000,32.02259259,2026-09-08 07:00:59,2,(k) > 15 ngày
NTB,Đắk Nông,20269000,(DNO) Kiến Đức,GYAMVLEE,SME,2026-08-07 06:31:38.823000,32.02038194,2026-09-08 07:00:59,2,(k) > 15 ngày
NTB,Đắk Nông,20269000,(DNO) Kiến Đức,GYARHNEL,SME,2026-08-07 18:03:21.317000,31.54002315,2026-09-08 07:00:59,2,(k) > 15 ngày
NTB,Đắk Nông,20269000,(DNO) Kiến Đức,GYAM8AWG,SME,2026-08-09 06:49:53.056000,30.00770833,2026-09-08 07:00:59,2,(k) > 15 ngày
NTB,Lâm Đồng,22425000,(LDO) Tân Hà Lâm Hà,GYAE6FB7,SME,2026-08-10 06:15:14.154000,29.03177083,2026-09-08 07:00:59,4,(k) > 15 ngày
NTB,Lâm Đồng,22425000,(LDO) Tân Hà Lâm Hà,GYAE6VA9,SME,2026-08-10 06:15:36.485000,29.0315162,2026-09-08 07:00:59,4,(k) > 15 ngày
NTB,Lâm Đồng,22425000,(LDO) Tân Hà Lâm Hà,GYAEVRHX,SME,2026-08-10 06:16:12.487000,29.03109954,2026-09-08 07:00:59,4,(k) > 15 ngày
NTB,Đắk Nông,20269000,(DNO) Kiến Đức,GY8FQVAD,SME,2026-08-11 07:22:43.216000,27.98490741,2026-09-08 07:00:59,2,(k) > 15 ngày
NTB,Đắk Nông,22394000,(DNO) Quảng Tín,GY8LQEVQ,SME,2026-08-11 08:21:30.236000,27.94408565,2026-09-08 07:00:59,2,(k) > 15 ngày
NTB,Đắk Nông,22394000,(DNO) Quảng Tín,GYAENTKW,SME,2026-08-11 08:21:50.376000,27.94385417,2026-09-08 07:00:59,1,(k) > 15 ngày
NTB,Đắk Nông,22394000,(DNO) Quảng Tín,GY8CGC9P,SME,2026-08-12 07:42:22.933000,26.97126157,2026-09-08 07:00:59,3,(k) > 15 ngày
NTB,Đắk Nông,20269000,(DNO) Kiến Đức,GY8UEAPG,SME,2026-08-13 07:09:59.078000,25.99375,2026-09-08 07:00:59,4,(k) > 15 ngày
NTB,Đắk Nông,22394000,(DNO) Quảng Tín,GY8G4CTN,SME,2026-08-13 08:15:41.824000,25.948125,2026-09-08 07:00:59,3,(k) > 15 ngày
NTB,Đắk Nông,22394000,(DNO) Quảng Tín,GY8C98KP,SME,2026-08-13 16:49:14.183000,25.59149306,2026-09-08 07:00:59,3,(k) > 15 ngày
NTB,Đắk Nông,22394000,(DNO) Quảng Tín,GY89QYKX,SME,2026-08-15 16:32:21.738000,23.60321759,2026-09-08 07:00:59,2,(k) > 15 ngày
NTB,Đắk Nông,20269000,(DNO) Kiến Đức,GY86YLTL,SME,2026-08-16 17:55:21.884000,22.5455787,2026-09-08 07:00:59,3,(k) > 15 ngày
NTB,Đắk Nông,20269000,(DNO) Kiến Đức,GY86LQY4,SME,2026-08-16 17:56:09.280000,22.54502315,2026-09-08 07:00:59,4,(k) > 15 ngày
NTB,Đắk Nông,22394000,(DNO) Quảng Tín,GY8PCADU,Shopee-Bulky,2026-08-17 16:40:54.476000,21.59728009,2026-09-08 07:00:59,1,(k) > 15 ngày
NTB,Đắk Nông,22394000,(DNO) Quảng Tín,GY8PQBXK,Shopee-Bulky,2026-08-18 16:39:52.996000,20.59799769,2026-09-08 07:00:59,0,(k) > 15 ngày
NTB,Đắk Nông,22394000,(DNO) Quảng Tín,GY8D6MTT,SME,2026-08-18 16:41:49.082000,20.59664352,2026-09-08 07:00:59,2,(k) > 15 ngày
NTB,Đắk Nông,20269000,(DNO) Kiến Đức,GY8NML6L,Shopee,2026-08-18 17:25:46.065000,20.56612269,2026-09-08 07:00:59,2,(k) > 15 ngày
NTB,Đắk Nông,20269000,(DNO) Kiến Đức,GY8PNNNY,SME,2026-08-18 17:31:44.748000,20.56197917,2026-09-08 07:00:59,4,(k) > 15 ngày
NTB,Đắk Nông,20269000,(DNO) Kiến Đức,GY8336YR,SME,2026-08-19 17:40:15.966000,19.55606481,2026-09-08 07:00:59,2,(k) > 15 ngày
NTB,Đắk Nông,20269000,(DNO) Kiến Đức,GY83WQ99,SME,2026-08-19 17:40:51.057000,19.55564815,2026-09-08 07:00:59,4,(k) > 15 ngày
NTB,Đắk Nông,22394000,(DNO) Quảng Tín,GY8BB9XE,SME,2026-08-20 07:06:58.269000,18.99584491,2026-09-08 07:00:59,2,(k) > 15 ngày
NTB,Lâm Đồng,21377000,(LDO) Đơn Dương,GY8BKKYP,SME,2026-08-20 15:28:06.342000,18.64783565,2026-09-08 07:00:59,1,(k) > 15 ngày
NTB,Đắk Nông,22394000,(DNO) Quảng Tín,GY84ENB8,SME,2026-08-20 16:43:14.851000,18.59565972,2026-09-08 07:00:59,0,(k) > 15 ngày
NTB,Đắk Nông,20269000,(DNO) Kiến Đức,GY848GW7,SME,2026-08-20 17:44:39.905000,18.55300926,2026-09-08 07:00:59,3,(k) > 15 ngày
NTB,Lâm Đồng,22389000,(LDO) Đức Trọng 1,GY83T989,SME,2026-08-21 05:55:17.484000,18.045625,2026-09-08 07:00:59,3,(k) > 15 ngày
NTB,Lâm Đồng,21377000,(LDO) Đơn Dương,GY83M6H7,SME,2026-08-21 06:14:17.035000,18.03243056,2026-09-08 07:00:59,1,(k) > 15 ngày
NTB,Đắk Nông,20269000,(DNO) Kiến Đức,GY8KQ6MH,SME,2026-08-21 06:19:23.589000,18.02888889,2026-09-08 07:00:59,1,(k) > 15 ngày
NTB,Đắk Nông,22394000,(DNO) Quảng Tín,GY8W7BBQ,Shopee-Bulky,2026-08-21 07:10:07.016000,17.99365741,2026-09-08 07:00:59,0,(k) > 15 ngày
NTB,Lâm Đồng,21377000,(LDO) Đơn Dương,GY84PQQP,SME,2026-08-21 15:33:53.473000,17.64381944,2026-09-08 07:00:59,4,(k) > 15 ngày
NTB,Đắk Nông,22394000,(DNO) Quảng Tín,GY8439RK,SME,2026-08-21 16:38:39.643000,17.59884259,2026-09-08 07:00:59,2,(k) > 15 ngày
NTB,Đắk Nông,22394000,(DNO) Quảng Tín,GY83DBQP,SME,2026-08-21 16:39:17.750000,17.59840278,2026-09-08 07:00:59,2,(k) > 15 ngày
NTB,Đắk Nông,22394000,(DNO) Quảng Tín,GY8BAEVM,SME,2026-08-21 16:41:56.245000,17.5965625,2026-09-08 07:00:59,2,(k) > 15 ngày
NTB,Đắk Nông,20269000,(DNO) Kiến Đức,GY84XUFP,SME,2026-08-21 17:38:14.737000,17.55746528,2026-09-08 07:00:59,4,(k) > 15 ngày
NTB,Đắk Nông,20269000,(DNO) Kiến Đức,GY84XBPF,SME,2026-08-22 06:35:17.937000,17.01784722,2026-09-08 07:00:59,4,(k) > 15 ngày
NTB,Đắk Nông,22394000,(DNO) Quảng Tín,GY844THW,SME,2026-08-22 07:12:55.890000,16.99171296,2026-09-08 07:00:59,0,(k) > 15 ngày
NTB,Lâm Đồng,21377000,(LDO) Đơn Dương,GY8WYTK3,Shopee,2026-08-22 15:35:26.554000,16.64274306,2026-09-08 07:00:59,0,(k) > 15 ngày
NTB,Lâm Đồng,21377000,(LDO) Đơn Dương,GY8K3EUU,Shopee,2026-08-23 06:21:15.765000,16.02759259,2026-09-08 07:00:59,1,(k) > 15 ngày
NTB,Đắk Nông,22394000,(DNO) Quảng Tín,GY8KWWN3,SME,2026-08-23 07:18:54.691000,15.98755787,2026-09-08 07:00:59,0,(k) > 15 ngày
NTB,Đắk Nông,22394000,(DNO) Quảng Tín,GY8T6UVF,SME,2026-08-23 07:23:31.184000,15.98435185,2026-09-08 07:00:59,0,(k) > 15 ngày
NTB,Lâm Đồng,20670000,(LDO) Đam Rông 3,GY8KYMFF,SME,2026-08-23 08:18:11.663000,15.94638889,2026-09-08 07:00:59,0,(k) > 15 ngày
NTB,Lâm Đồng,21377000,(LDO) Đơn Dương,GY8HHCKT,SME,2026-08-23 15:04:31.230000,15.66421296,2026-09-08 07:00:59,3,(k) > 15 ngày
NTB,Lâm Đồng,21377000,(LDO) Đơn Dương,S20014738O21046,SME,2026-08-23 15:04:33.339000,15.66418981,2026-09-08 07:00:59,4,(k) > 15 ngày
NTB,Đắk Nông,22394000,(DNO) Quảng Tín,GY8HMQML,SME,2026-08-23 16:28:24.521000,15.60596065,2026-09-08 07:00:59,0,(k) > 15 ngày
NTB,Lâm Đồng,22389000,(LDO) Đức Trọng 1,GY8KTN88,Shopee-Bulky,2026-08-23 16:29:12.123000,15.60540509,2026-09-08 07:00:59,0,(k) > 15 ngày
NTB,Đắk Nông,22394000,(DNO) Quảng Tín,GY8WXGQA,SME,2026-08-23 16:33:02.572000,15.60274306,2026-09-08 07:00:59,3,(k) > 15 ngày
NTB,Đắk Nông,20269000,(DNO) Kiến Đức,GY8XB6AM,SME,2026-08-24 06:39:34.677000,15.01487269,2026-09-08 07:00:59,1,(k) > 15 ngày
NTB,Lâm Đồng,21377000,(LDO) Đơn Dương,GY8T9EAA,SME,2026-08-24 06:41:03.517000,15.01384259,2026-09-08 07:00:59,0,(k) > 15 ngày
NTB,Đắk Nông,22048000,(DNO) Đông Gia Nghĩa,GY8TXYWD,SME,2026-08-24 06:42:02.344000,15.01315972,2026-09-08 07:00:59,4,(k) > 15 ngày
NTB,Lâm Đồng,21377000,(LDO) Đơn Dương,GY8WEDL6,SME,2026-08-24 06:44:32.979000,15.01142361,2026-09-08 07:00:59,0,(k) > 15 ngày
NTB,Lâm Đồng,20785000,(LDO) B'Lao,GY8HLM4M,Shopee,2026-08-24 12:29:42.244000,14.77172454,2026-09-08 07:00:59,1,(j) 14 - 15 ngày
NTB,Lâm Đồng,20942000,(LDO) Di Linh,GY8TAMCF,SME,2026-08-24 13:23:38.826000,14.73427083,2026-09-08 07:00:59,1,(j) 14 - 15 ngày
NTB,Lâm Đồng,21377000,(LDO) Đơn Dương,GY8XUUV7,SME,2026-08-24 15:01:32.725000,14.66628472,2026-09-08 07:00:59,0,(j) 14 - 15 ngày
NTB,Lâm Đồng,21377000,(LDO) Đơn Dương,NVS832092605,SME,2026-08-24 15:01:44.761000,14.66614583,2026-09-08 07:00:59,3,(j) 14 - 15 ngày
NTB,Lâm Đồng,21377000,(LDO) Đơn Dương,GY8XVMHF,SME,2026-08-24 15:01:46.564000,14.66612269,2026-09-08 07:00:59,0,(j) 14 - 15 ngày
NTB,Lâm Đồng,21377000,(LDO) Đơn Dương,GY8HT7AB,SME,2026-08-24 15:01:55.943000,14.66601852,2026-09-08 07:00:59,3,(j) 14 - 15 ngày
NTB,Lâm Đồng,21377000,(LDO) Đơn Dương,GY8HG4GD,SME,2026-08-24 15:02:00.213000,14.66596065,2026-09-08 07:00:59,0,(j) 14 - 15 ngày
NTB,Lâm Đồng,21377000,(LDO) Đơn Dương,GY8HPXXT,SME,2026-08-24 15:02:00.213000,14.66596065,2026-09-08 07:00:59,0,(j) 14 - 15 ngày
NTB,Lâm Đồng,22389000,(LDO) Đức Trọng 1,GY8TEKHU,SME,2026-08-24 16:38:53.055000,14.59868056,2026-09-08 07:00:59,2,(j) 14 - 15 ngày
NTB,Lâm Đồng,22389000,(LDO) Đức Trọng 1,GY8HAK74,SME,2026-08-24 16:39:30.432000,14.59825231,2026-09-08 07:00:59,2,(j) 14 - 15 ngày
NTB,Đắk Nông,20269000,(DNO) Kiến Đức,GY8TNNMU,SME,2026-08-24 17:59:17.677000,14.54284722,2026-09-08 07:00:59,3,(j) 14 - 15 ngày
NTB,Đắk Nông,20269000,(DNO) Kiến Đức,GY8T8WCM,SME,2026-08-24 18:00:21.370000,14.54210648,2026-09-08 07:00:59,3,(j) 14 - 15 ngày
NTB,Lâm Đồng,22389000,(LDO) Đức Trọng 1,GY8H44MT,SME,2026-08-25 05:53:22.602000,14.04695602,2026-09-08 07:00:59,2,(j) 14 - 15 ngày
NTB,Lâm Đồng,21377000,(LDO) Đơn Dương,GY8H7V6Q,SME,2026-08-25 06:23:04.453000,14.02633102,2026-09-08 07:00:59,0,(j) 14 - 15 ngày
NTB,Lâm Đồng,21377000,(LDO) Đơn Dương,GY8H4HDH,SME,2026-08-25 06:23:48.888000,14.02582176,2026-09-08 07:00:59,0,(j) 14 - 15 ngày
NTB,Đắk Nông,22394000,(DNO) Quảng Tín,GY8HDQ6P,SME,2026-08-25 07:07:01.601000,13.99581019,2026-09-08 07:00:59,0,(i) 13 - 14 ngày
NTB,Đắk Nông,22394000,(DNO) Quảng Tín,FHS38330920,SME,2026-08-25 07:07:27.096000,13.99550926,2026-09-08 07:00:59,0,(i) 13 - 14 ngày
NTB,Đắk Nông,22394000,(DNO) Quảng Tín,GY8AXHHP,SME,2026-08-25 07:09:42.227000,13.99394676,2026-09-08 07:00:59,2,(i) 13 - 14 ngày
NTB,Đắk Nông,22394000,(DNO) Quảng Tín,GY8TABM9,SME,2026-08-25 07:10:10.636000,13.99362269,2026-09-08 07:00:59,2,(i) 13 - 14 ngày
NTB,Lâm Đồng,22222000,(LDO) Bảo Lâm 1,GY8HHDTB,SME,2026-08-25 07:29:06.651000,13.98047454,2026-09-08 07:00:59,0,(i) 13 - 14 ngày
NTB,Lâm Đồng,20670000,(LDO) Đam Rông 3,GY8TQUH9,Shopee,2026-08-25 08:39:38.899000,13.93149306,2026-09-08 07:00:59,0,(i) 13 - 14 ngày
NTB,Lâm Đồng,21377000,(LDO) Đơn Dương,GY88FQLT,SME,2026-08-25 15:33:30.630000,13.64408565,2026-09-08 07:00:59,0,(i) 13 - 14 ngày
NTB,Lâm Đồng,21377000,(LDO) Đơn Dương,GY8XWCKA,SME,2026-08-25 15:33:41.942000,13.64395833,2026-09-08 07:00:59,0,(i) 13 - 14 ngày
NTB,Lâm Đồng,21377000,(LDO) Đơn Dương,GY8AX3EM,SME,2026-08-25 15:34:02.159000,13.64371528,2026-09-08 07:00:59,1,(i) 13 - 14 ngày
NTB,Lâm Đồng,21377000,(LDO) Đơn Dương,GY8TNEKR,SME,2026-08-25 15:34:11.812000,13.64361111,2026-09-08 07:00:59,0,(i) 13 - 14 ngày
NTB,Lâm Đồng,21377000,(LDO) Đơn Dương,GY8X7PF4,SME,2026-08-25 15:34:45.906000,13.64321759,2026-09-08 07:00:59,2,(i) 13 - 14 ngày
NTB,Đắk Nông,22394000,(DNO) Quảng Tín,GY8H86MR,SME,2026-08-25 16:38:48.365000,13.59873843,2026-09-08 07:00:59,2,(i) 13 - 14 ngày
NTB,Lâm Đồng,21377000,(LDO) Đơn Dương,GY88HU8E,SME,2026-08-26 06:47:17.360000,13.00951389,2026-09-08 07:00:59,0,(i) 13 - 14 ngày
NTB,Đắk Nông,22394000,(DNO) Quảng Tín,GY8X3UF7,SME,2026-08-26 07:24:03.274000,12.98398148,2026-09-08 07:00:59,1,(h) 12 - 13 ngày
NTB,Đắk Nông,22394000,(DNO) Quảng Tín,GY88YN6F,Shopee-Bulky,2026-08-26 07:28:41.961000,12.98076389,2026-09-08 07:00:59,0,(h) 12 - 13 ngày
NTB,Lâm Đồng,22222000,(LDO) Bảo Lâm 1,GY8HHBQC,Shopee-Bulky,2026-08-26 13:53:10.671000,12.71376157,2026-09-08 07:00:59,3,(h) 12 - 13 ngày
NTB,Lâm Đồng,22222000,(LDO) Bảo Lâm 1,GY8XYYUX,Shopee,2026-08-26 14:01:22.085000,12.70806713,2026-09-08 07:00:59,0,(h) 12 - 13 ngày
NTB,Lâm Đồng,21377000,(LDO) Đơn Dương,GY8YULAB,SME,2026-08-26 15:09:46.087000,12.66056713,2026-09-08 07:00:59,0,(h) 12 - 13 ngày
NTB,Lâm Đồng,21377000,(LDO) Đơn Dương,GY8A3R8P,SME,2026-08-26 15:14:52.486000,12.65702546,2026-09-08 07:00:59,0,(h) 12 - 13 ngày
NTB,Lâm Đồng,21377000,(LDO) Đơn Dương,GY88G9HY,SME,2026-08-26 15:14:56.215000,12.65697917,2026-09-08 07:00:59,0,(h) 12 - 13 ngày
NTB,Lâm Đồng,22389000,(LDO) Đức Trọng 1,GY8XRX4G,SME,2026-08-26 16:34:05.217000,12.60201389,2026-09-08 07:00:59,2,(h) 12 - 13 ngày
NTB,Lâm Đồng,22389000,(LDO) Đức Trọng 1,GY8Y3BYB,SME,2026-08-26 16:35:10.460000,12.60126157,2026-09-08 07:00:59,1,(h) 12 - 13 ngày
NTB,Đắk Nông,22394000,(DNO) Quảng Tín,GY8XDK4N,SME,2026-08-26 16:37:11.681000,12.59986111,2026-09-08 07:00:59,2,(h) 12 - 13 ngày
NTB,Đắk Nông,20269000,(DNO) Kiến Đức,GY8KYKBN,SME,2026-08-26 17:32:31.447000,12.56143519,2026-09-08 07:00:59,3,(h) 12 - 13 ngày
NTB,Đắk Nông,20269003,(DNO) Nhân Cơ,GY8XUGVV,SME,2026-08-27 05:46:02.846000,12.05204861,2026-09-08 07:00:59,0,(h) 12 - 13 ngày
NTB,Lâm Đồng,22389000,(LDO) Đức Trọng 1,GY8XR9K8,SME,2026-08-27 05:52:26.051000,12.04760417,2026-09-08 07:00:59,2,(h) 12 - 13 ngày
NTB,Lâm Đồng,22389000,(LDO) Đức Trọng 1,VNGH80419068708,TTS,2026-08-27 05:55:17.006000,12.045625,2026-09-08 07:00:59,2,(h) 12 - 13 ngày
NTB,Lâm Đồng,22389000,(LDO) Đức Trọng 1,GY88LDAC,SME,2026-08-27 05:55:46.953000,12.04528935,2026-09-08 07:00:59,2,(h) 12 - 13 ngày
NTB,Đắk Nông,20269000,(DNO) Kiến Đức,GY8YVRDM,Shopee-Bulky,2026-08-27 06:33:49.867000,12.01886574,2026-09-08 07:00:59,1,(h) 12 - 13 ngày
NTB,Lâm Đồng,21377000,(LDO) Đơn Dương,GY8YRNXK,SME,2026-08-27 07:10:04.930000,11.99369213,2026-09-08 07:00:59,0,(g) 11 - 12 ngày
NTB,Lâm Đồng,20942000,(LDO) Di Linh,GY8AKVPP,SME,2026-08-27 08:11:11.827000,11.95125,2026-09-08 07:00:59,2,(g) 11 - 12 ngày
NTB,Đắk Nông,22394000,(DNO) Quảng Tín,GY8RD37W,SME,2026-08-27 09:18:36.104000,11.90443287,2026-09-08 07:00:59,2,(g) 11 - 12 ngày
NTB,Đắk Nông,22394000,(DNO) Quảng Tín,GY8YF44G,SME,2026-08-27 09:23:17.003000,11.90118056,2026-09-08 07:00:59,2,(g) 11 - 12 ngày
NTB,Đắk Nông,22394000,(DNO) Quảng Tín,GY8YBHC6,SME,2026-08-27 09:26:11.336000,11.89916667,2026-09-08 07:00:59,0,(g) 11 - 12 ngày
NTB,Lâm Đồng,21377000,(LDO) Đơn Dương,GY8YL6M3,SME,2026-08-27 15:12:51.373000,11.65842593,2026-09-08 07:00:59,3,(g) 11 - 12 ngày
NTB,Lâm Đồng,21377000,(LDO) Đơn Dương,GY88BHPB,SME,2026-08-27 15:14:34.660000,11.6572338,2026-09-08 07:00:59,1,(g) 11 - 12 ngày
NTB,Lâm Đồng,21377000,(LDO) Đơn Dương,GY8YLA3D,SME,2026-08-27 15:14:40.675000,11.65716435,2026-09-08 07:00:59,2,(g) 11 - 12 ngày
NTB,Lâm Đồng,21377000,(LDO) Đơn Dương,GY88DGYX,SME,2026-08-27 15:15:35.635000,11.65652778,2026-09-08 07:00:59,1,(g) 11 - 12 ngày
NTB,Lâm Đồng,22389000,(LDO) Đức Trọng 1,GY8R7MPW,SME,2026-08-27 16:30:08.347000,11.60475694,2026-09-08 07:00:59,1,(g) 11 - 12 ngày
NTB,Lâm Đồng,22389000,(LDO) Đức Trọng 1,GY88VMNA,SME,2026-08-27 16:32:51.988000,11.60287037,2026-09-08 07:00:59,1,(g) 11 - 12 ngày
NTB,Đắk Nông,22394000,(DNO) Quảng Tín,NVS825511958,SME,2026-08-27 16:35:13.657000,11.60122685,2026-09-08 07:00:59,2,(g) 11 - 12 ngày
NTB,Đắk Nông,22394000,(DNO) Quảng Tín,GY88BLET,SME,2026-08-27 16:36:39.921000,11.60023148,2026-09-08 07:00:59,2,(g) 11 - 12 ngày
NTB,Lâm Đồng,20942000,(LDO) Di Linh,GY88E69U,SME,2026-08-27 17:14:47.033000,11.57375,2026-09-08 07:00:59,0,(g) 11 - 12 ngày
NTB,Lâm Đồng,20942000,(LDO) Di Linh,GY8RP7Q3,SME,2026-08-27 17:14:53.651000,11.57368056,2026-09-08 07:00:59,3,(g) 11 - 12 ngày
NTB,Lâm Đồng,20942000,(LDO) Di Linh,GY8YLWA8,SME,2026-08-27 17:14:53.651000,11.57368056,2026-09-08 07:00:59,3,(g) 11 - 12 ngày
NTB,Lâm Đồng,21377000,(LDO) Đơn Dương,GY8893C9,SME,2026-08-27 17:28:26.503000,11.56427083,2026-09-08 07:00:59,2,(g) 11 - 12 ngày
NTB,Lâm Đồng,21377000,(LDO) Đơn Dương,GY8ANLE9,SME,2026-08-27 17:28:29.192000,11.56423611,2026-09-08 07:00:59,3,(g) 11 - 12 ngày
NTB,Lâm Đồng,21377000,(LDO) Đơn Dương,GY88LTGE,SME,2026-08-27 17:30:24.378000,11.56290509,2026-09-08 07:00:59,2,(g) 11 - 12 ngày
NTB,Lâm Đồng,21377000,(LDO) Đơn Dương,GY883CFB,Shopee,2026-08-28 06:21:53.578000,11.02715278,2026-09-08 07:00:59,0,(g) 11 - 12 ngày
NTB,Lâm Đồng,21377000,(LDO) Đơn Dương,GY88YM6Q,SME,2026-08-28 06:27:41.190000,11.023125,2026-09-08 07:00:59,0,(g) 11 - 12 ngày
NTB,Lâm Đồng,21377000,(LDO) Đơn Dương,GY88EA3T,SME,2026-08-28 06:32:14.528000,11.01996528,2026-09-08 07:00:59,2,(g) 11 - 12 ngày
NTB,Lâm Đồng,21377000,(LDO) Đơn Dương,GY8AHP46,Shopee,2026-08-28 06:32:14.528000,11.01996528,2026-09-08 07:00:59,0,(g) 11 - 12 ngày
NTB,Lâm Đồng,21377000,(LDO) Đơn Dương,GY8RQUCW,SME,2026-08-28 06:32:29.626000,11.01979167,2026-09-08 07:00:59,3,(g) 11 - 12 ngày
NTB,Đắk Nông,20269000,(DNO) Kiến Đức,GY8RPYU6,SME,2026-08-28 06:44:35.219000,11.01138889,2026-09-08 07:00:59,1,(g) 11 - 12 ngày
NTB,Đắk Nông,20269000,(DNO) Kiến Đức,GY8RQ9EU,Shopee-Bulky,2026-08-28 06:44:43.415000,11.0112963,2026-09-08 07:00:59,1,(g) 11 - 12 ngày
NTB,Đắk Nông,22394000,(DNO) Quảng Tín,GY88RK88,SME,2026-08-28 07:24:10.951000,10.98390046,2026-09-08 07:00:59,2,(f) 10 - 11 ngày
NTB,Đắk Nông,22394000,(DNO) Quảng Tín,GY8YFCG6,SME,2026-08-28 07:24:52.031000,10.98341435,2026-09-08 07:00:59,3,(f) 10 - 11 ngày
NTB,Đắk Nông,22394000,(DNO) Quảng Tín,GY8YD7V6,SME,2026-08-28 07:24:52.031000,10.98341435,2026-09-08 07:00:59,0,(f) 10 - 11 ngày
NTB,Đắk Nông,22394000,(DNO) Quảng Tín,GY8RK3PF,Shopee-Bulky,2026-08-28 07:31:17.602000,10.97895833,2026-09-08 07:00:59,0,(f) 10 - 11 ngày
NTB,Lâm Đồng,20942000,(LDO) Di Linh,VNGH80544018802,TTS,2026-08-28 07:35:15.149000,10.9762037,2026-09-08 07:00:59,1,(f) 10 - 11 ngày
NTB,Lâm Đồng,22389000,(LDO) Đức Trọng 1,GYXXHAE4,SME,2026-08-28 09:17:25.554000,10.90525463,2026-09-08 07:00:59,0,(f) 10 - 11 ngày
NTB,Lâm Đồng,21377000,(LDO) Đơn Dương,GY8RTV7C,SME,2026-08-28 15:04:33.690000,10.66418981,2026-09-08 07:00:59,0,(f) 10 - 11 ngày
NTB,Lâm Đồng,21377000,(LDO) Đơn Dương,GY8M4CWP,SME,2026-08-28 15:07:54.969000,10.66186343,2026-09-08 07:00:59,0,(f) 10 - 11 ngày
NTB,Lâm Đồng,21377000,(LDO) Đơn Dương,GY8XBCTK,SME,2026-08-28 15:21:30.204000,10.65241898,2026-09-08 07:00:59,1,(f) 10 - 11 ngày
NTB,Lâm Đồng,21377000,(LDO) Đơn Dương,GY8RLNBE,SME,2026-08-28 15:23:10.137000,10.65126157,2026-09-08 07:00:59,0,(f) 10 - 11 ngày
NTB,Lâm Đồng,21377000,(LDO) Đơn Dương,GY8RU6VH,SME,2026-08-28 15:23:10.137000,10.65126157,2026-09-08 07:00:59,3,(f) 10 - 11 ngày
NTB,Lâm Đồng,21377000,(LDO) Đơn Dương,GY8M9CUA,SME,2026-08-28 15:23:52.670000,10.65077546,2026-09-08 07:00:59,0,(f) 10 - 11 ngày
NTB,Lâm Đồng,21377000,(LDO) Đơn Dương,GY8RBPB8,SME,2026-08-28 15:24:08.703000,10.65059028,2026-09-08 07:00:59,0,(f) 10 - 11 ngày
NTB,Lâm Đồng,21377000,(LDO) Đơn Dương,GY8RRXBN,Shopee,2026-08-28 15:24:41.522000,10.65020833,2026-09-08 07:00:59,1,(f) 10 - 11 ngày
NTB,Lâm Đồng,21377000,(LDO) Đơn Dương,GY8YT7RF,SME,2026-08-28 15:24:52.683000,10.65008102,2026-09-08 07:00:59,2,(f) 10 - 11 ngày
NTB,Lâm Đồng,21377000,(LDO) Đơn Dương,YOD1SO046734273,SME,2026-08-28 15:24:52.683000,10.65008102,2026-09-08 07:00:59,1,(f) 10 - 11 ngày
NTB,Đắk Nông,22394000,(DNO) Quảng Tín,GY8Y8YFU,SME,2026-08-28 16:36:11.899000,10.60055556,2026-09-08 07:00:59,2,(f) 10 - 11 ngày
NTB,Đắk Nông,22394000,(DNO) Quảng Tín,GY8MDN99,SME,2026-08-28 16:39:47.950000,10.59805556,2026-09-08 07:00:59,2,(f) 10 - 11 ngày
NTB,Lâm Đồng,22389000,(LDO) Đức Trọng 1,VNGH80013878710,TTS,2026-08-28 16:49:34.961000,10.59126157,2026-09-08 07:00:59,1,(f) 10 - 11 ngày
NTB,Lâm Đồng,22389000,(LDO) Đức Trọng 1,GY8Y84G3,SME,2026-08-28 16:49:43.726000,10.59115741,2026-09-08 07:00:59,2,(f) 10 - 11 ngày
NTB,Lâm Đồng,22389000,(LDO) Đức Trọng 1,GY8RLKEG,SME,2026-08-28 16:49:43.726000,10.59115741,2026-09-08 07:00:59,0,(f) 10 - 11 ngày
NTB,Lâm Đồng,22389000,(LDO) Đức Trọng 1,GY8RF6EB,SME,2026-08-28 16:50:22.327000,10.59070602,2026-09-08 07:00:59,2,(f) 10 - 11 ngày
NTB,Lâm Đồng,22389000,(LDO) Đức Trọng 1,GY8ABXH8,SME,2026-08-28 16:50:32.869000,10.59059028,2026-09-08 07:00:59,2,(f) 10 - 11 ngày
NTB,Lâm Đồng,22389000,(LDO) Đức Trọng 1,VNGH80954718804,TTS,2026-08-28 16:50:41.910000,10.59048611,2026-09-08 07:00:59,2,(f) 10 - 11 ngày
NTB,Lâm Đồng,22389000,(LDO) Đức Trọng 1,GY8Y7BX7,SME,2026-08-28 16:52:09.432000,10.58946759,2026-09-08 07:00:59,3,(f) 10 - 11 ngày
NTB,Lâm Đồng,22389000,(LDO) Đức Trọng 1,GY8YC8RC,SME,2026-08-28 16:52:09.432000,10.58946759,2026-09-08 07:00:59,2,(f) 10 - 11 ngày
NTB,Lâm Đồng,22389000,(LDO) Đức Trọng 1,GY886NVP,SME,2026-08-28 16:53:15.283000,10.5887037,2026-09-08 07:00:59,1,(f) 10 - 11 ngày
NTB,Đắk Nông,20269000,(DNO) Kiến Đức,GY8R3VVP,SME,2026-08-28 17:41:06.648000,10.55547454,2026-09-08 07:00:59,3,(f) 10 - 11 ngày
NTB,Đắk Nông,20269000,(DNO) Kiến Đức,GY8YTW7M,SME,2026-08-28 17:41:06.648000,10.55547454,2026-09-08 07:00:59,3,(f) 10 - 11 ngày
NTB,Đắk Nông,20269000,(DNO) Kiến Đức,GY8MPCBF,SME,2026-08-28 17:43:56.609000,10.55350694,2026-09-08 07:00:59,3,(f) 10 - 11 ngày
NTB,Đắk Nông,20269000,(DNO) Kiến Đức,GY8D7EY8,SME,2026-08-28 17:44:55.187000,10.55282407,2026-09-08 07:00:59,3,(f) 10 - 11 ngày
NTB,Lâm Đồng,20942000,(LDO) Di Linh,GY8Y6NWV,Shopee,2026-08-28 17:48:33.057000,10.55030093,2026-09-08 07:00:59,1,(f) 10 - 11 ngày
NTB,Lâm Đồng,20942000,(LDO) Di Linh,VNGH80931848804,TTS,2026-08-28 17:50:12.054000,10.54915509,2026-09-08 07:00:59,2,(f) 10 - 11 ngày
NTB,Lâm Đồng,21294000,(LDO) Đinh Văn Lâm Hà,GY8E7UCC,Shopee-Bulky,2026-08-29 06:08:47.708000,10.03625,2026-09-08 07:00:59,1,(f) 10 - 11 ngày
NTB,Lâm Đồng,21377000,(LDO) Đơn Dương,GY8YXVMK,SME,2026-08-29 06:17:17.302000,10.03034722,2026-09-08 07:00:59,2,(f) 10 - 11 ngày
NTB,Lâm Đồng,21377000,(LDO) Đơn Dương,GY88PAY4,SME,2026-08-29 06:17:18.505000,10.03033565,2026-09-08 07:00:59,3,(f) 10 - 11 ngày
NTB,Lâm Đồng,21377000,(LDO) Đơn Dương,GY8R6NBA,SME,2026-08-29 06:20:55.176000,10.02782407,2026-09-08 07:00:59,1,(f) 10 - 11 ngày
NTB,Lâm Đồng,21377000,(LDO) Đơn Dương,VNGH80505898804,TTS,2026-08-29 06:20:55.176000,10.02782407,2026-09-08 07:00:59,0,(f) 10 - 11 ngày
NTB,Lâm Đồng,21377000,(LDO) Đơn Dương,GY8YMUDG,SME,2026-08-29 06:20:55.176000,10.02782407,2026-09-08 07:00:59,0,(f) 10 - 11 ngày
NTB,Lâm Đồng,21377000,(LDO) Đơn Dương,GY8RBVWP,SME,2026-08-29 06:23:52.022000,10.02577546,2026-09-08 07:00:59,2,(f) 10 - 11 ngày
NTB,Lâm Đồng,21377000,(LDO) Đơn Dương,GY8RP6C6,SME,2026-08-29 06:24:57.887000,10.02502315,2026-09-08 07:00:59,2,(f) 10 - 11 ngày
NTB,Đắk Nông,20269000,(DNO) Kiến Đức,GY8YTK8F,SME,2026-08-29 06:25:15.143000,10.02481481,2026-09-08 07:00:59,3,(f) 10 - 11 ngày
NTB,Lâm Đồng,21377000,(LDO) Đơn Dương,GY8RP68A,SME,2026-08-29 06:30:38.592000,10.02107639,2026-09-08 07:00:59,2,(f) 10 - 11 ngày
NTB,Lâm Đồng,20942000,(LDO) Di Linh,GY8Y4URH,Shopee,2026-08-29 07:34:20.977000,9.976840278,2026-09-08 07:00:59,2,(e) 9 - 10 ngày
NTB,Lâm Đồng,20942000,(LDO) Di Linh,GY8ENQL4,SME,2026-08-29 07:35:54.850000,9.975752315,2026-09-08 07:00:59,1,(e) 9 - 10 ngày
NTB,Lâm Đồng,20942000,(LDO) Di Linh,GY8E4DG8,SME,2026-08-29 07:40:46.702000,9.972372685,2026-09-08 07:00:59,2,(e) 9 - 10 ngày
NTB,Lâm Đồng,20942000,(LDO) Di Linh,GY8YY6YP,SME,2026-08-29 07:41:13.901000,9.972060185,2026-09-08 07:00:59,1,(e) 9 - 10 ngày
NTB,Lâm Đồng,20942000,(LDO) Di Linh,GY8EKWYX,Shopee,2026-08-29 07:43:29.516000,9.970486111,2026-09-08 07:00:59,1,(e) 9 - 10 ngày
NTB,Lâm Đồng,20942000,(LDO) Di Linh,NVS826296691,SME,2026-08-29 07:44:22.794000,9.969872685,2026-09-08 07:00:59,2,(e) 9 - 10 ngày
NTB,Lâm Đồng,20942000,(LDO) Di Linh,GY8RNV69,SME,2026-08-29 07:45:17.379000,9.969236111,2026-09-08 07:00:59,1,(e) 9 - 10 ngày
NTB,Lâm Đồng,22222000,(LDO) Bảo Lâm 1,GY8YHH4L,SME,2026-08-29 07:52:59.349000,9.963888889,2026-09-08 07:00:59,2,(e) 9 - 10 ngày
NTB,Đắk Nông,22394000,(DNO) Quảng Tín,GY8RDGGP,SME,2026-08-29 07:54:08.740000,9.963090278,2026-09-08 07:00:59,2,(e) 9 - 10 ngày
NTB,Đắk Nông,22394000,(DNO) Quảng Tín,GY8RGYMV,SME,2026-08-29 07:54:08.740000,9.963090278,2026-09-08 07:00:59,2,(e) 9 - 10 ngày
NTB,Lâm Đồng,22222000,(LDO) Bảo Lâm 1,GY8YVNTM,SME,2026-08-29 07:54:13.850000,9.963032407,2026-09-08 07:00:59,0,(e) 9 - 10 ngày
NTB,Đắk Nông,22394000,(DNO) Quảng Tín,GY8RKGKB,SME,2026-08-29 07:54:36.779000,9.962766204,2026-09-08 07:00:59,2,(e) 9 - 10 ngày
NTB,Đắk Nông,22394000,(DNO) Quảng Tín,GY8RUFPX,SME,2026-08-29 07:54:36.779000,9.962766204,2026-09-08 07:00:59,2,(e) 9 - 10 ngày
NTB,Đắk Nông,22394000,(DNO) Quảng Tín,GY8EPWAM,Shopee-Bulky,2026-08-29 08:04:51.424000,9.955648148,2026-09-08 07:00:59,0,(e) 9 - 10 ngày
NTB,Lâm Đồng,21126000,(LDO) Xuân Hương - Đà Lạt,GY88GXUX,SME,2026-08-29 08:13:27.986000,9.949675926,2026-09-08 07:00:59,4,(e) 9 - 10 ngày
NTB,Đắk Nông,22242000,(DNO) Bắc Gia Nghĩa,GY8RTHEV,SME,2026-08-29 11:26:15.323000,9.815787037,2026-09-08 07:00:59,3,(e) 9 - 10 ngày
NTB,Lâm Đồng,23015000,(LDO) Bảo Lâm 3,GY8E4W4R,SME,2026-08-29 14:18:50.130000,9.6959375,2026-09-08 07:00:59,0,(e) 9 - 10 ngày
NTB,Lâm Đồng,21377000,(LDO) Đơn Dương,GY8M7K4K,SME,2026-08-29 15:09:06.261000,9.661030093,2026-09-08 07:00:59,2,(e) 9 - 10 ngày
NTB,Lâm Đồng,21377000,(LDO) Đơn Dương,GY8MWHR3,SME,2026-08-29 15:09:06.261000,9.661030093,2026-09-08 07:00:59,2,(e) 9 - 10 ngày
NTB,Lâm Đồng,21377000,(LDO) Đơn Dương,GY8M33N9,SME,2026-08-29 15:15:07.239000,9.656851852,2026-09-08 07:00:59,1,(e) 9 - 10 ngày
NTB,Khánh Hòa,22830000,(KHO) Cam Linh,GY8MH9AY,SME,2026-08-29 15:16:48.205000,9.65568287,2026-09-08 07:00:59,3,(e) 9 - 10 ngày
NTB,Lâm Đồng,21377000,(LDO) Đơn Dương,VNGH80577018901,TTS,2026-08-29 15:20:27.413000,9.653148148,2026-09-08 07:00:59,3,(e) 9 - 10 ngày
NTB,Lâm Đồng,22222000,(LDO) Bảo Lâm 1,GY8EYQ7A,Shopee,2026-08-29 15:55:20.671000,9.628923611,2026-09-08 07:00:59,2,(e) 9 - 10 ngày
NTB,Lâm Đồng,20942000,(LDO) Di Linh,GY8EL37Q,Shopee,2026-08-29 15:56:02.613000,9.6284375,2026-09-08 07:00:59,0,(e) 9 - 10 ngày
NTB,Lâm Đồng,20942000,(LDO) Di Linh,VNGH80694188805,TTS,2026-08-29 16:06:15.125000,9.621342593,2026-09-08 07:00:59,1,(e) 9 - 10 ngày
NTB,Lâm Đồng,20942000,(LDO) Di Linh,GY8E67QH,SME,2026-08-29 16:12:21.176000,9.617106481,2026-09-08 07:00:59,1,(e) 9 - 10 ngày
NTB,Lâm Đồng,22389000,(LDO) Đức Trọng 1,GY8MPD97,SME,2026-08-29 16:33:15.360000,9.602592593,2026-09-08 07:00:59,1,(e) 9 - 10 ngày
NTB,Lâm Đồng,22389000,(LDO) Đức Trọng 1,GY8Y4RVF,SME,2026-08-29 16:33:15.360000,9.602592593,2026-09-08 07:00:59,2,(e) 9 - 10 ngày
NTB,Lâm Đồng,22389000,(LDO) Đức Trọng 1,VNGH80372968808,TTS,2026-08-29 16:33:46.262000,9.602233796,2026-09-08 07:00:59,1,(e) 9 - 10 ngày
NTB,Lâm Đồng,22389000,(LDO) Đức Trọng 1,GY8M3A7G,SME,2026-08-29 16:34:44.596000,9.6015625,2026-09-08 07:00:59,1,(e) 9 - 10 ngày
NTB,Lâm Đồng,22389000,(LDO) Đức Trọng 1,GY8E9BXR,SME,2026-08-29 16:35:04.931000,9.601331019,2026-09-08 07:00:59,1,(e) 9 - 10 ngày
NTB,Lâm Đồng,22389000,(LDO) Đức Trọng 1,GY8MK6FU,SME,2026-08-29 16:37:42.848000,9.599502315,2026-09-08 07:00:59,2,(e) 9 - 10 ngày
NTB,Lâm Đồng,22389000,(LDO) Đức Trọng 1,GY8RFN9B,SME,2026-08-29 16:45:08.586000,9.594340278,2026-09-08 07:00:59,1,(e) 9 - 10 ngày
NTB,Lâm Đồng,22389000,(LDO) Đức Trọng 1,GY8RBEYA,SME,2026-08-29 16:45:08.586000,9.594340278,2026-09-08 07:00:59,1,(e) 9 - 10 ngày
NTB,Lâm Đồng,22389000,(LDO) Đức Trọng 1,GY8RD6A3,SME,2026-08-29 16:45:08.586000,9.594340278,2026-09-08 07:00:59,2,(e) 9 - 10 ngày
NTB,Đắk Nông,22394000,(DNO) Quảng Tín,VNGH80661638808,TTS,2026-08-29 16:51:40.130000,9.589803241,2026-09-08 07:00:59,0,(e) 9 - 10 ngày
NTB,Đắk Nông,22394000,(DNO) Quảng Tín,GY8R6HDG,SME,2026-08-29 16:51:56.157000,9.589618056,2026-09-08 07:00:59,3,(e) 9 - 10 ngày
NTB,Đắk Nông,22394000,(DNO) Quảng Tín,GY8M7HVN,SME,2026-08-29 16:52:00.334000,9.589571759,2026-09-08 07:00:59,2,(e) 9 - 10 ngày
NTB,Đắk Nông,22394000,(DNO) Quảng Tín,GY8RX74N,SME,2026-08-29 16:52:00.334000,9.589571759,2026-09-08 07:00:59,2,(e) 9 - 10 ngày
NTB,Đắk Nông,22394000,(DNO) Quảng Tín,GY8EC96V,SME,2026-08-29 16:52:05.145000,9.589513889,2026-09-08 07:00:59,2,(e) 9 - 10 ngày
NTB,Đắk Nông,20269000,(DNO) Kiến Đức,GY8YRLRV,Shopee-Bulky,2026-08-29 17:52:23.609000,9.547638889,2026-09-08 07:00:59,2,(e) 9 - 10 ngày
NTB,Đắk Nông,20269000,(DNO) Kiến Đức,GY8YDN49,SME,2026-08-29 17:52:23.609000,9.547638889,2026-09-08 07:00:59,3,(e) 9 - 10 ngày
NTB,Lâm Đồng,22389000,(LDO) Đức Trọng 1,GYYLQMWF,SME,2026-08-30 05:53:35.054000,9.046805556,2026-09-08 07:00:59,2,(e) 9 - 10 ngày
NTB,Lâm Đồng,22389000,(LDO) Đức Trọng 1,GY8MEYL3,SME,2026-08-30 05:53:35.054000,9.046805556,2026-09-08 07:00:59,1,(e) 9 - 10 ngày
NTB,Lâm Đồng,22389000,(LDO) Đức Trọng 1,GY8MWLWX,SME,2026-08-30 05:53:40.782000,9.046747685,2026-09-08 07:00:59,2,(e) 9 - 10 ngày
NTB,Lâm Đồng,22389000,(LDO) Đức Trọng 1,GYYQVKBN,SME,2026-08-30 05:53:47.120000,9.046666667,2026-09-08 07:00:59,3,(e) 9 - 10 ngày
NTB,Lâm Đồng,22389000,(LDO) Đức Trọng 1,VNGH80628108902,TTS-Bulky,2026-08-30 05:53:52.243000,9.046608796,2026-09-08 07:00:59,2,(e) 9 - 10 ngày
NTB,Lâm Đồng,22389000,(LDO) Đức Trọng 1,GY8MA8GX,SME,2026-08-30 05:55:04.781000,9.045775463,2026-09-08 07:00:59,1,(e) 9 - 10 ngày
NTB,Lâm Đồng,21377000,(LDO) Đơn Dương,GY8RNDMD,SME,2026-08-30 06:11:14.635000,9.034548611,2026-09-08 07:00:59,4,(e) 9 - 10 ngày
NTB,Đắk Nông,22048000,(DNO) Đông Gia Nghĩa,GY8M3BBH,SME,2026-08-30 06:24:38.343000,9.025243056,2026-09-08 07:00:59,4,(e) 9 - 10 ngày
NTB,Lâm Đồng,22425000,(LDO) Tân Hà Lâm Hà,GY8MXWN7,SME,2026-08-30 06:34:28.947000,9.018414352,2026-09-08 07:00:59,0,(e) 9 - 10 ngày
NTB,Đắk Nông,20269000,(DNO) Kiến Đức,GY8AR8L6,SME,2026-08-30 06:39:07.455000,9.015185185,2026-09-08 07:00:59,3,(e) 9 - 10 ngày
NTB,Đắk Nông,20269000,(DNO) Kiến Đức,VNGH80218008810,TTS,2026-08-30 06:39:07.455000,9.015185185,2026-09-08 07:00:59,3,(e) 9 - 10 ngày
NTB,Đắk Nông,20269000,(DNO) Kiến Đức,GY8MWNC6,SME,2026-08-30 06:39:07.455000,9.015185185,2026-09-08 07:00:59,3,(e) 9 - 10 ngày
NTB,Đắk Nông,20269000,(DNO) Kiến Đức,GY8M6NUB,SME,2026-08-30 06:39:07.455000,9.015185185,2026-09-08 07:00:59,3,(e) 9 - 10 ngày
NTB,Đắk Nông,20269000,(DNO) Kiến Đức,VNGH80257178807,TTS,2026-08-30 06:39:30.127000,9.014918981,2026-09-08 07:00:59,3,(e) 9 - 10 ngày
NTB,Đắk Nông,20269000,(DNO) Kiến Đức,GY8RTGRM,SME,2026-08-30 06:45:44.704000,9.010590278,2026-09-08 07:00:59,3,(e) 9 - 10 ngày
NTB,Đắk Nông,20269000,(DNO) Kiến Đức,GY8Y8QFT,SME,2026-08-30 06:49:49.949000,9.00775463,2026-09-08 07:00:59,2,(e) 9 - 10 ngày
NTB,Đắk Nông,22394000,(DNO) Quảng Tín,GY88PWV9,SME,2026-08-30 07:20:38.117000,8.986354167,2026-09-08 07:00:59,2,(d) 8 - 9 ngày
NTB,Đắk Nông,22394000,(DNO) Quảng Tín,GY88PWCV,SME,2026-08-30 07:20:38.117000,8.986354167,2026-09-08 07:00:59,3,(d) 8 - 9 ngày
NTB,Đắk Nông,22394000,(DNO) Quảng Tín,GY8MTFPM,SME,2026-08-30 07:20:38.117000,8.986354167,2026-09-08 07:00:59,2,(d) 8 - 9 ngày
NTB,Đắk Nông,22394000,(DNO) Quảng Tín,GY8MN8C8,SME,2026-08-30 07:20:38.117000,8.986354167,2026-09-08 07:00:59,1,(d) 8 - 9 ngày
NTB,Đắk Nông,22394000,(DNO) Quảng Tín,GY8RXNL8,SME,2026-08-30 07:23:55.730000,8.984074074,2026-09-08 07:00:59,2,(d) 8 - 9 ngày
NTB,Đắk Nông,22394000,(DNO) Quảng Tín,GY8M9LPM,SME,2026-08-30 07:28:57.578000,8.980578704,2026-09-08 07:00:59,2,(d) 8 - 9 ngày
NTB,Đắk Nông,22394000,(DNO) Quảng Tín,GY8MHN43,SME,2026-08-30 07:28:57.578000,8.980578704,2026-09-08 07:00:59,2,(d) 8 - 9 ngày
NTB,Đắk Nông,22394000,(DNO) Quảng Tín,GYYQB6KA,SME,2026-08-30 07:29:26.864000,8.980243056,2026-09-08 07:00:59,1,(d) 8 - 9 ngày
NTB,Đắk Nông,22394000,(DNO) Quảng Tín,NVS835895561,SME,2026-08-30 07:29:26.864000,8.980243056,2026-09-08 07:00:59,2,(d) 8 - 9 ngày
NTB,Lâm Đồng,20942000,(LDO) Di Linh,GYYQ7TTN,Shopee-Bulky,2026-08-30 07:34:36.232000,8.976655093,2026-09-08 07:00:59,1,(d) 8 - 9 ngày
NTB,Khánh Hòa,21331000,(KHO) Cam Lâm 1,GY8MRMCK,Shopee,2026-08-30 07:35:24.241000,8.976099537,2026-09-08 07:00:59,0,(d) 8 - 9 ngày
NTB,Lâm Đồng,20942000,(LDO) Di Linh,VNGH80720608810,TTS,2026-08-30 07:36:05.426000,8.975625,2026-09-08 07:00:59,1,(d) 8 - 9 ngày
NTB,Bình Thuận,21320000,(BTH) Phú Thủy,VNGH80558718808,TTS,2026-08-30 07:38:12.189000,8.974155093,2026-09-08 07:00:59,1,(d) 8 - 9 ngày
NTB,Khánh Hòa,21331000,(KHO) Cam Lâm 1,GY8MNFCH,SME,2026-08-30 07:45:41.752000,8.968958333,2026-09-08 07:00:59,0,(d) 8 - 9 ngày
NTB,Khánh Hòa,21722000,(KHO) Tu Bông,GYYQVXY9,Shopee,2026-08-30 08:17:37.284000,8.946782407,2026-09-08 07:00:59,1,(d) 8 - 9 ngày
NTB,Lâm Đồng,20785000,(LDO) B'Lao,GYYQ3NWX,Shopee,2026-08-30 13:54:44.611000,8.712673611,2026-09-08 07:00:59,0,(d) 8 - 9 ngày
NTB,Lâm Đồng,21377000,(LDO) Đơn Dương,GY8EVNXW,SME,2026-08-30 15:04:52.798000,8.663969907,2026-09-08 07:00:59,2,(d) 8 - 9 ngày
NTB,Lâm Đồng,21377000,(LDO) Đơn Dương,GYYQLHNN,Shopee,2026-08-30 15:10:29.609000,8.660069444,2026-09-08 07:00:59,0,(d) 8 - 9 ngày
NTB,Lâm Đồng,21377000,(LDO) Đơn Dương,GY8RXLBU,SME,2026-08-30 15:17:54.923000,8.654918981,2026-09-08 07:00:59,2,(d) 8 - 9 ngày
NTB,Lâm Đồng,21377000,(LDO) Đơn Dương,GYYQHU66,Shopee,2026-08-30 15:22:08.973000,8.651979167,2026-09-08 07:00:59,0,(d) 8 - 9 ngày
NTB,Lâm Đồng,21377000,(LDO) Đơn Dương,GY8MAH4T,SME,2026-08-30 15:22:28.577000,8.651747685,2026-09-08 07:00:59,1,(d) 8 - 9 ngày
NTB,Lâm Đồng,21377000,(LDO) Đơn Dương,GY8MRN6B,SME,2026-08-30 15:22:35.828000,8.651666667,2026-09-08 07:00:59,2,(d) 8 - 9 ngày
NTB,Lâm Đồng,22222000,(LDO) Bảo Lâm 1,GYYQN7PW,Shopee-Bulky,2026-08-30 15:47:05.242000,8.634652778,2026-09-08 07:00:59,2,(d) 8 - 9 ngày
NTB,Lâm Đồng,22222000,(LDO) Bảo Lâm 1,GYYQQBDY,SME,2026-08-30 15:48:32.499000,8.633645833,2026-09-08 07:00:59,0,(d) 8 - 9 ngày
NTB,Lâm Đồng,22222000,(LDO) Bảo Lâm 1,GY8MCUVG,SME,2026-08-30 15:48:52.365000,8.633414352,2026-09-08 07:00:59,2,(d) 8 - 9 ngày
NTB,Lâm Đồng,22222000,(LDO) Bảo Lâm 1,GY8M9BY8,SME,2026-08-30 15:49:46.135000,8.632789352,2026-09-08 07:00:59,2,(d) 8 - 9 ngày
NTB,Lâm Đồng,22222000,(LDO) Bảo Lâm 1,GY8MK4XG,SME,2026-08-30 15:51:26.796000,8.631631944,2026-09-08 07:00:59,2,(d) 8 - 9 ngày
NTB,Lâm Đồng,20942000,(LDO) Di Linh,GY8YRBC6,SME,2026-08-30 16:11:29.351000,8.617708333,2026-09-08 07:00:59,2,(d) 8 - 9 ngày
NTB,Lâm Đồng,20942000,(LDO) Di Linh,GY8EVPRR,SME,2026-08-30 16:11:50.133000,8.617465278,2026-09-08 07:00:59,0,(d) 8 - 9 ngày
NTB,Lâm Đồng,20942000,(LDO) Di Linh,GY8M83W3,SME,2026-08-30 16:11:50.133000,8.617465278,2026-09-08 07:00:59,1,(d) 8 - 9 ngày
NTB,Lâm Đồng,20942000,(LDO) Di Linh,GY8MYTMR,SME,2026-08-30 16:12:52.232000,8.616747685,2026-09-08 07:00:59,2,(d) 8 - 9 ngày
NTB,Lâm Đồng,20942000,(LDO) Di Linh,VNGH80920968902,TTS,2026-08-30 16:22:51.993000,8.609814815,2026-09-08 07:00:59,0,(d) 8 - 9 ngày
NTB,Lâm Đồng,20942000,(LDO) Di Linh,GYYQ8FY3,SME,2026-08-30 16:24:45.027000,8.60849537,2026-09-08 07:00:59,2,(d) 8 - 9 ngày
NTB,Lâm Đồng,20942000,(LDO) Di Linh,GYYQPVER,Shopee,2026-08-30 16:25:11.873000,8.608194444,2026-09-08 07:00:59,0,(d) 8 - 9 ngày
NTB,Lâm Đồng,20942000,(LDO) Di Linh,GYYQ3M7C,SME,2026-08-30 16:25:31.784000,8.607962963,2026-09-08 07:00:59,0,(d) 8 - 9 ngày
NTB,Đắk Nông,22394000,(DNO) Quảng Tín,VNGH80297948903,TTS,2026-08-30 16:34:49.232000,8.60150463,2026-09-08 07:00:59,0,(d) 8 - 9 ngày
NTB,Đắk Nông,22394000,(DNO) Quảng Tín,GYYQKLWE,SME,2026-08-30 16:34:49.232000,8.60150463,2026-09-08 07:00:59,3,(d) 8 - 9 ngày
NTB,Đắk Nông,22394000,(DNO) Quảng Tín,GYYQ9YGE,SME,2026-08-30 16:34:49.232000,8.60150463,2026-09-08 07:00:59,3,(d) 8 - 9 ngày
NTB,Đắk Nông,22394000,(DNO) Quảng Tín,GYYQL8Q3,SME,2026-08-30 16:34:49.232000,8.60150463,2026-09-08 07:00:59,3,(d) 8 - 9 ngày
NTB,Đắk Nông,22394000,(DNO) Quảng Tín,NVS836602819,SME,2026-08-30 16:37:11.436000,8.599861111,2026-09-08 07:00:59,3,(d) 8 - 9 ngày
NTB,Lâm Đồng,22389000,(LDO) Đức Trọng 1,GY8EBC7P,SME,2026-08-30 16:55:23.165000,8.587222222,2026-09-08 07:00:59,3,(d) 8 - 9 ngày
NTB,Lâm Đồng,22389000,(LDO) Đức Trọng 1,GY8EPD6E,SME,2026-08-30 16:55:23.165000,8.587222222,2026-09-08 07:00:59,2,(d) 8 - 9 ngày
NTB,Lâm Đồng,22389000,(LDO) Đức Trọng 1,GY8MKTCW,SME,2026-08-30 16:55:32.788000,8.587118056,2026-09-08 07:00:59,2,(d) 8 - 9 ngày
NTB,Lâm Đồng,22389000,(LDO) Đức Trọng 1,VNGH80160588806,TTS,2026-08-30 16:55:32.788000,8.587118056,2026-09-08 07:00:59,0,(d) 8 - 9 ngày
NTB,Lâm Đồng,22389000,(LDO) Đức Trọng 1,GY8M3VLU,SME,2026-08-30 16:55:32.788000,8.587118056,2026-09-08 07:00:59,2,(d) 8 - 9 ngày
NTB,Lâm Đồng,22389000,(LDO) Đức Trọng 1,GYYQQYV3,SME,2026-08-30 16:55:40.327000,8.587025463,2026-09-08 07:00:59,0,(d) 8 - 9 ngày
NTB,Lâm Đồng,22389000,(LDO) Đức Trọng 1,GYYQFBFA,SME,2026-08-30 16:56:00.248000,8.586793981,2026-09-08 07:00:59,1,(d) 8 - 9 ngày
NTB,Lâm Đồng,22389000,(LDO) Đức Trọng 1,GYYQL8LQ,SME,2026-08-30 16:56:07.198000,8.586712963,2026-09-08 07:00:59,1,(d) 8 - 9 ngày
NTB,Lâm Đồng,22389000,(LDO) Đức Trọng 1,GY8EW4KY,SME,2026-08-30 16:56:07.198000,8.586712963,2026-09-08 07:00:59,0,(d) 8 - 9 ngày
NTB,Lâm Đồng,22389000,(LDO) Đức Trọng 1,VNGH80916468808,TTS,2026-08-30 16:57:10.506000,8.585983796,2026-09-08 07:00:59,1,(d) 8 - 9 ngày
NTB,Lâm Đồng,22389000,(LDO) Đức Trọng 1,VNGH80448588808,TTS,2026-08-30 16:58:07.148000,8.585324074,2026-09-08 07:00:59,0,(d) 8 - 9 ngày
NTB,Lâm Đồng,22389000,(LDO) Đức Trọng 1,S1942191121O4953,SME,2026-08-30 16:58:07.148000,8.585324074,2026-09-08 07:00:59,3,(d) 8 - 9 ngày
NTB,Lâm Đồng,22389000,(LDO) Đức Trọng 1,VNGH80770768809,TTS,2026-08-30 16:58:07.148000,8.585324074,2026-09-08 07:00:59,0,(d) 8 - 9 ngày
NTB,Lâm Đồng,22389000,(LDO) Đức Trọng 1,GY8MU4L3,SME,2026-08-30 16:58:07.148000,8.585324074,2026-09-08 07:00:59,2,(d) 8 - 9 ngày
NTB,Lâm Đồng,22389000,(LDO) Đức Trọng 1,VNGH80486178807,TTS,2026-08-30 16:59:36.704000,8.584293981,2026-09-08 07:00:59,0,(d) 8 - 9 ngày
NTB,Lâm Đồng,22389000,(LDO) Đức Trọng 1,GY8MPGWY,SME,2026-08-30 16:59:36.704000,8.584293981,2026-09-08 07:00:59,1,(d) 8 - 9 ngày
NTB,Lâm Đồng,22389000,(LDO) Đức Trọng 1,GY8EKAW6,SME,2026-08-30 16:59:49.346000,8.584143519,2026-09-08 07:00:59,3,(d) 8 - 9 ngày
NTB,Lâm Đồng,22389000,(LDO) Đức Trọng 1,GY8MMP3P,SME,2026-08-30 16:59:49.346000,8.584143519,2026-09-08 07:00:59,1,(d) 8 - 9 ngày
NTB,Lâm Đồng,22389000,(LDO) Đức Trọng 1,GY8E8F7M,SME,2026-08-30 16:59:49.346000,8.584143519,2026-09-08 07:00:59,0,(d) 8 - 9 ngày
NTB,Lâm Đồng,22389000,(LDO) Đức Trọng 1,VNGH80013858902,TTS,2026-08-30 16:59:49.346000,8.584143519,2026-09-08 07:00:59,0,(d) 8 - 9 ngày
NTB,Lâm Đồng,22389000,(LDO) Đức Trọng 1,VNGH80533148810,TTS,2026-08-30 16:59:49.346000,8.584143519,2026-09-08 07:00:59,0,(d) 8 - 9 ngày
NTB,Lâm Đồng,22389000,(LDO) Đức Trọng 1,GY8MANYV,SME,2026-08-30 16:59:49.346000,8.584143519,2026-09-08 07:00:59,3,(d) 8 - 9 ngày
NTB,Đắk Nông,20269000,(DNO) Kiến Đức,GY8MBA9T,SME,2026-08-30 17:31:18.741000,8.562280093,2026-09-08 07:00:59,3,(d) 8 - 9 ngày
NTB,Đắk Nông,20269000,(DNO) Kiến Đức,GY8ENBLD,SME,2026-08-30 17:31:18.741000,8.562280093,2026-09-08 07:00:59,3,(d) 8 - 9 ngày
NTB,Đắk Nông,20269000,(DNO) Kiến Đức,GY8M8ADX,SME,2026-08-30 17:31:18.741000,8.562280093,2026-09-08 07:00:59,3,(d) 8 - 9 ngày
NTB,Đắk Nông,20269000,(DNO) Kiến Đức,GYYLL9BK,SME,2026-08-30 17:31:26.555000,8.5621875,2026-09-08 07:00:59,2,(d) 8 - 9 ngày
NTB,Đắk Nông,20269000,(DNO) Kiến Đức,VNGH80902798903,TTS,2026-08-30 17:31:26.555000,8.5621875,2026-09-08 07:00:59,3,(d) 8 - 9 ngày
NTB,Đắk Nông,20269000,(DNO) Kiến Đức,GYYQYBET,SME,2026-08-30 17:31:26.555000,8.5621875,2026-09-08 07:00:59,3,(d) 8 - 9 ngày
NTB,Đắk Nông,20269000,(DNO) Kiến Đức,VNGH80102868905,TTS,2026-08-30 17:32:11.787000,8.561666667,2026-09-08 07:00:59,4,(d) 8 - 9 ngày
NTB,Đắk Nông,20269000,(DNO) Kiến Đức,VNGH80065578809,TTS,2026-08-30 17:32:22.596000,8.561539352,2026-09-08 07:00:59,3,(d) 8 - 9 ngày
NTB,Đắk Nông,20269000,(DNO) Kiến Đức,GY8EGQ47,SME,2026-08-30 17:32:22.596000,8.561539352,2026-09-08 07:00:59,3,(d) 8 - 9 ngày
NTB,Đắk Nông,20269000,(DNO) Kiến Đức,GYYQ6VB9,Shopee-Bulky,2026-08-30 17:34:27.390000,8.560092593,2026-09-08 07:00:59,2,(d) 8 - 9 ngày
NTB,Đắk Nông,20269000,(DNO) Kiến Đức,VNGH80125148810,TTS,2026-08-30 17:34:34.034000,8.560011574,2026-09-08 07:00:59,3,(d) 8 - 9 ngày
NTB,Đắk Nông,20269000,(DNO) Kiến Đức,VNGH80735618901,TTS,2026-08-30 17:34:52.812000,8.559803241,2026-09-08 07:00:59,4,(d) 8 - 9 ngày
NTB,Lâm Đồng,22051000,(LDO) Lang Biang - Đà Lạt 1,GY8MA3LC,SME,2026-08-30 19:05:11.055000,8.497083333,2026-09-08 07:00:59,2,(d) 8 - 9 ngày
NTB,Lâm Đồng,22051000,(LDO) Lang Biang - Đà Lạt 1,GY8MVMCK,SME,2026-08-30 19:09:46.479000,8.493900463,2026-09-08 07:00:59,1,(d) 8 - 9 ngày
NTB,Lâm Đồng,22051000,(LDO) Lang Biang - Đà Lạt 1,GY8M3DB8,SME,2026-08-30 19:09:49.477000,8.493865741,2026-09-08 07:00:59,1,(d) 8 - 9 ngày
NTB,Lâm Đồng,22051000,(LDO) Lang Biang - Đà Lạt 1,GY8MAN3G,SME,2026-08-30 19:11:06.843000,8.492974537,2026-09-08 07:00:59,2,(d) 8 - 9 ngày
NTB,Lâm Đồng,22051000,(LDO) Lang Biang - Đà Lạt 1,GY8ERHLP,SME,2026-08-30 19:15:28.577000,8.48994213,2026-09-08 07:00:59,1,(d) 8 - 9 ngày
NTB,Đắk Nông,22242000,(DNO) Bắc Gia Nghĩa,GY8EBVVH,SME,2026-08-31 04:59:04.368000,8.084664352,2026-09-08 07:00:59,2,(d) 8 - 9 ngày
NTB,Đắk Nông,22242000,(DNO) Bắc Gia Nghĩa,GYA3R8XH,SME,2026-08-31 05:00:15.335000,8.083842593,2026-09-08 07:00:59,2,(d) 8 - 9 ngày
NTB,Đắk Nông,20269003,(DNO) Nhân Cơ,GY8EVYKP,SME,2026-08-31 05:26:26.655000,8.065659722,2026-09-08 07:00:59,1,(d) 8 - 9 ngày
NTB,Đắk Nông,20269003,(DNO) Nhân Cơ,GYYLWHQY,SME,2026-08-31 05:26:42.932000,8.065474537,2026-09-08 07:00:59,1,(d) 8 - 9 ngày
NTB,Đắk Nông,20269003,(DNO) Nhân Cơ,GY8EAP44,SME,2026-08-31 05:28:30.879000,8.064224537,2026-09-08 07:00:59,0,(d) 8 - 9 ngày
NTB,Đắk Nông,20269003,(DNO) Nhân Cơ,GY8EKAYD,SME,2026-08-31 05:29:56.644000,8.063229167,2026-09-08 07:00:59,1,(d) 8 - 9 ngày
NTB,Đắk Nông,21364000,(DNO) Quảng Khê,GYYQYCR3,SME,2026-08-31 05:45:05.240000,8.052708333,2026-09-08 07:00:59,3,(d) 8 - 9 ngày
NTB,Lâm Đồng,22389000,(LDO) Đức Trọng 1,VNGH80244398901,TTS,2026-08-31 05:50:08.318000,8.049201389,2026-09-08 07:00:59,3,(d) 8 - 9 ngày
NTB,Lâm Đồng,22389000,(LDO) Đức Trọng 1,GY8RTYXP,SME,2026-08-31 05:50:08.318000,8.049201389,2026-09-08 07:00:59,2,(d) 8 - 9 ngày
NTB,Lâm Đồng,22389000,(LDO) Đức Trọng 1,GY8E8NUT,SME,2026-08-31 05:52:58.813000,8.047233796,2026-09-08 07:00:59,1,(d) 8 - 9 ngày
NTB,Lâm Đồng,22389000,(LDO) Đức Trọng 1,GY8E6C6G,SME,2026-08-31 05:53:54.270000,8.046585648,2026-09-08 07:00:59,0,(d) 8 - 9 ngày
NTB,Lâm Đồng,22389000,(LDO) Đức Trọng 1,GY8E4PUP,SME,2026-08-31 05:53:54.270000,8.046585648,2026-09-08 07:00:59,2,(d) 8 - 9 ngày
NTB,Lâm Đồng,22389000,(LDO) Đức Trọng 1,GY8M8FH9,SME,2026-08-31 05:54:01.828000,8.04650463,2026-09-08 07:00:59,1,(d) 8 - 9 ngày
NTB,Lâm Đồng,22389000,(LDO) Đức Trọng 1,VNGH80881218810,TTS,2026-08-31 05:54:01.828000,8.04650463,2026-09-08 07:00:59,1,(d) 8 - 9 ngày
NTB,Lâm Đồng,22389000,(LDO) Đức Trọng 1,GY8MWDVX,SME,2026-08-31 05:57:09.218000,8.044328704,2026-09-08 07:00:59,0,(d) 8 - 9 ngày
NTB,Lâm Đồng,22389000,(LDO) Đức Trọng 1,VNGH80660488903,TTS,2026-08-31 05:59:53.907000,8.042430556,2026-09-08 07:00:59,0,(d) 8 - 9 ngày
NTB,Khánh Hòa,2399,(KHO) Bắc Nha Trang,GYYQGGHT,SME,2026-08-31 06:11:42.405000,8.034224537,2026-09-08 07:00:59,5,(d) 8 - 9 ngày
NTB,Đắk Nông,22048000,(DNO) Đông Gia Nghĩa,GY8E496G,SME,2026-08-31 06:25:27.926000,8.024675926,2026-09-08 07:00:59,3,(d) 8 - 9 ngày
NTB,Lâm Đồng,21377000,(LDO) Đơn Dương,GYYLGQGQ,Shopee,2026-08-31 06:30:07.392000,8.021435185,2026-09-08 07:00:59,0,(d) 8 - 9 ngày
NTB,Lâm Đồng,21377000,(LDO) Đơn Dương,GY8EQ6X9,SME,2026-08-31 06:30:23.380000,8.02125,2026-09-08 07:00:59,3,(d) 8 - 9 ngày
NTB,Đắk Nông,20269000,(DNO) Kiến Đức,GY8RXLVR,SME,2026-08-31 06:31:11.976000,8.020694444,2026-09-08 07:00:59,3,(d) 8 - 9 ngày
NTB,Đắk Nông,20269000,(DNO) Kiến Đức,VNGH80355778803,TTS,2026-08-31 06:31:11.976000,8.020694444,2026-09-08 07:00:59,3,(d) 8 - 9 ngày
NTB,Đắk Nông,20269000,(DNO) Kiến Đức,GY8MKHQF,SME,2026-08-31 06:31:11.976000,8.020694444,2026-09-08 07:00:59,3,(d) 8 - 9 ngày
NTB,Đắk Nông,20269000,(DNO) Kiến Đức,GY8M38NF,SME,2026-08-31 06:31:11.976000,8.020694444,2026-09-08 07:00:59,3,(d) 8 - 9 ngày
NTB,Đắk Nông,20269000,(DNO) Kiến Đức,GYYLXEXP,SME,2026-08-31 06:31:20.848000,8.020590278,2026-09-08 07:00:59,3,(d) 8 - 9 ngày
NTB,Đắk Nông,20269000,(DNO) Kiến Đức,GY8MUEXW,SME,2026-08-31 06:32:06.027000,8.02005787,2026-09-08 07:00:59,3,(d) 8 - 9 ngày
NTB,Đắk Nông,20269000,(DNO) Kiến Đức,GY8ENC4W,SME,2026-08-31 06:32:17.222000,8.019930556,2026-09-08 07:00:59,2,(d) 8 - 9 ngày
NTB,Đắk Nông,20269000,(DNO) Kiến Đức,GY8ET8PX,SME,2026-08-31 06:32:17.222000,8.019930556,2026-09-08 07:00:59,3,(d) 8 - 9 ngày
NTB,Đắk Nông,20269000,(DNO) Kiến Đức,GY8ET73B,SME,2026-08-31 06:33:12.456000,8.019293981,2026-09-08 07:00:59,3,(d) 8 - 9 ngày
NTB,Lâm Đồng,22425000,(LDO) Tân Hà Lâm Hà,GY8YDC3V,SME,2026-08-31 06:34:09.273000,8.018634259,2026-09-08 07:00:59,3,(d) 8 - 9 ngày
NTB,Đắk Nông,20269000,(DNO) Kiến Đức,GY8EKD9P,SME,2026-08-31 06:34:15.608000,8.018564815,2026-09-08 07:00:59,3,(d) 8 - 9 ngày
NTB,Lâm Đồng,22425000,(LDO) Tân Hà Lâm Hà,GY8MELUX,SME,2026-08-31 06:35:21.217000,8.017800926,2026-09-08 07:00:59,3,(d) 8 - 9 ngày
NTB,Lâm Đồng,21377000,(LDO) Đơn Dương,GY8EB87B,SME,2026-08-31 06:36:24.677000,8.017071759,2026-09-08 07:00:59,3,(d) 8 - 9 ngày
NTB,Lâm Đồng,21377000,(LDO) Đơn Dương,GY8MELHB,SME,2026-08-31 06:36:24.677000,8.017071759,2026-09-08 07:00:59,1,(d) 8 - 9 ngày
NTB,Đắk Nông,20269000,(DNO) Kiến Đức,GY8ENX7X,Shopee-Bulky,2026-08-31 06:37:27.139000,8.016342593,2026-09-08 07:00:59,1,(d) 8 - 9 ngày
NTB,Đắk Nông,20269000,(DNO) Kiến Đức,GY8EX86M,SME,2026-08-31 06:37:43.010000,8.016157407,2026-09-08 07:00:59,2,(d) 8 - 9 ngày
NTB,Đắk Nông,20269000,(DNO) Kiến Đức,GY8EPNN8,SME,2026-08-31 06:37:43.010000,8.016157407,2026-09-08 07:00:59,3,(d) 8 - 9 ngày
NTB,Đắk Nông,20269000,(DNO) Kiến Đức,GY8EH7GV,SME,2026-08-31 06:38:02.288000,8.0159375,2026-09-08 07:00:59,3,(d) 8 - 9 ngày
NTB,Đắk Nông,20269000,(DNO) Kiến Đức,GY8Y8PD3,SME,2026-08-31 06:38:02.288000,8.0159375,2026-09-08 07:00:59,2,(d) 8 - 9 ngày
NTB,Đắk Nông,20269000,(DNO) Kiến Đức,GY8RPBB9,SME,2026-08-31 06:38:02.288000,8.0159375,2026-09-08 07:00:59,2,(d) 8 - 9 ngày
NTB,Đắk Nông,20269000,(DNO) Kiến Đức,GY8ERNGM,SME,2026-08-31 06:38:02.288000,8.0159375,2026-09-08 07:00:59,3,(d) 8 - 9 ngày
NTB,Đắk Nông,20269000,(DNO) Kiến Đức,GY8EWKTC,SME,2026-08-31 06:38:22.257000,8.015706019,2026-09-08 07:00:59,3,(d) 8 - 9 ngày
NTB,Đắk Nông,20269000,(DNO) Kiến Đức,VNGH80013898906,TTS,2026-08-31 06:39:23.990000,8.015,2026-09-08 07:00:59,3,(d) 8 - 9 ngày
NTB,Lâm Đồng,21687000,(LDO) Lang Biang - Đà Lạt 2,GYYQPF46,SME,2026-08-31 06:40:05.023000,8.014513889,2026-09-08 07:00:59,4,(d) 8 - 9 ngày
NTB,Lâm Đồng,21377000,(LDO) Đơn Dương,VNGH80126188809,TTS,2026-08-31 06:41:40.254000,8.013414352,2026-09-08 07:00:59,1,(d) 8 - 9 ngày
NTB,Đắk Nông,20269000,(DNO) Kiến Đức,GYYQM3CR,SME,2026-08-31 06:43:36.684000,8.012071759,2026-09-08 07:00:59,2,(d) 8 - 9 ngày
NTB,Lâm Đồng,20942000,(LDO) Di Linh,GY8EXTUY,SME,2026-08-31 07:25:33.693000,7.982939815,2026-09-08 07:00:59,0,(c) 7 - 8 ngày
NTB,Lâm Đồng,20942000,(LDO) Di Linh,ONOSOL260832577,SME,2026-08-31 07:25:40.372000,7.982858796,2026-09-08 07:00:59,0,(c) 7 - 8 ngày
NTB,Đắk Nông,22394000,(DNO) Quảng Tín,VNGH80648078902,TTS,2026-08-31 07:25:56.047000,7.982673611,2026-09-08 07:00:59,0,(c) 7 - 8 ngày
NTB,Đắk Nông,22394000,(DNO) Quảng Tín,VNGH80179188809,TTS,2026-08-31 07:26:15.333000,7.982453704,2026-09-08 07:00:59,4,(c) 7 - 8 ngày
NTB,Đắk Nông,22394000,(DNO) Quảng Tín,GY8MAU49,SME,2026-08-31 07:26:15.333000,7.982453704,2026-09-08 07:00:59,3,(c) 7 - 8 ngày
NTB,Đắk Nông,21150000,(DNO) Quảng Sơn,GY8MA6LM,SME,2026-08-31 07:27:18.500000,7.981724537,2026-09-08 07:00:59,3,(c) 7 - 8 ngày
NTB,Đắk Nông,22394000,(DNO) Quảng Tín,GYYLW6XW,SME,2026-08-31 07:29:21.262000,7.980300926,2026-09-08 07:00:59,1,(c) 7 - 8 ngày
NTB,Đắk Nông,22394000,(DNO) Quảng Tín,GYYLC3KV,SME,2026-08-31 07:29:21.262000,7.980300926,2026-09-08 07:00:59,0,(c) 7 - 8 ngày
NTB,Đắk Nông,22394000,(DNO) Quảng Tín,GYYLDCV7,Shopee,2026-08-31 07:29:21.262000,7.980300926,2026-09-08 07:00:59,0,(c) 7 - 8 ngày
NTB,Đắk Nông,22394000,(DNO) Quảng Tín,GY8MXY6R,SME,2026-08-31 07:29:42.413000,7.98005787,2026-09-08 07:00:59,0,(c) 7 - 8 ngày
NTB,Đắk Nông,22394000,(DNO) Quảng Tín,GY8EADUG,SME,2026-08-31 07:29:42.413000,7.98005787,2026-09-08 07:00:59,0,(c) 7 - 8 ngày
NTB,Đắk Nông,22394000,(DNO) Quảng Tín,GY8E6BBQ,SME,2026-08-31 07:29:42.413000,7.98005787,2026-09-08 07:00:59,3,(c) 7 - 8 ngày
NTB,Đắk Nông,22394000,(DNO) Quảng Tín,VNGH80552328809,TTS,2026-08-31 07:29:42.413000,7.98005787,2026-09-08 07:00:59,1,(c) 7 - 8 ngày
NTB,Lâm Đồng,20942000,(LDO) Di Linh,GYYLFDLY,Shopee,2026-08-31 07:30:56.316000,7.979201389,2026-09-08 07:00:59,0,(c) 7 - 8 ngày
NTB,Đắk Nông,22394000,(DNO) Quảng Tín,GY8ET97M,SME,2026-08-31 07:32:58.446000,7.977789352,2026-09-08 07:00:59,3,(c) 7 - 8 ngày
NTB,Đắk Nông,22394000,(DNO) Quảng Tín,VNGH80462508901,TTS,2026-08-31 07:33:18.108000,7.97755787,2026-09-08 07:00:59,1,(c) 7 - 8 ngày
NTB,Đắk Nông,22394000,(DNO) Quảng Tín,GY8EN9WU,SME,2026-08-31 07:33:35.951000,7.977361111,2026-09-08 07:00:59,0,(c) 7 - 8 ngày
NTB,Đắk Nông,22394000,(DNO) Quảng Tín,GY8EW4L9,SME,2026-08-31 07:33:56.195000,7.977118056,2026-09-08 07:00:59,2,(c) 7 - 8 ngày
NTB,Đắk Nông,22394000,(DNO) Quảng Tín,GY8RP33E,SME,2026-08-31 07:34:59.619000,7.976388889,2026-09-08 07:00:59,3,(c) 7 - 8 ngày
NTB,Lâm Đồng,20942000,(LDO) Di Linh,GYYLDPMB,SME,2026-08-31 07:35:05.992000,7.976319444,2026-09-08 07:00:59,2,(c) 7 - 8 ngày
NTB,Lâm Đồng,20942000,(LDO) Di Linh,GYYLDCUC,SME,2026-08-31 07:35:05.992000,7.976319444,2026-09-08 07:00:59,0,(c) 7 - 8 ngày
NTB,Đắk Nông,22394000,(DNO) Quảng Tín,GY8E8TE4,SME,2026-08-31 07:36:30.119000,7.975335648,2026-09-08 07:00:59,1,(c) 7 - 8 ngày
NTB,Lâm Đồng,22222000,(LDO) Bảo Lâm 1,VNGH80405518810,TTS,2026-08-31 07:38:18.793000,7.974085648,2026-09-08 07:00:59,2,(c) 7 - 8 ngày
NTB,Lâm Đồng,22222000,(LDO) Bảo Lâm 1,GYYL7NRR,SME,2026-08-31 07:39:10.553000,7.973483796,2026-09-08 07:00:59,2,(c) 7 - 8 ngày
NTB,Đắk Nông,22394000,(DNO) Quảng Tín,GY8EY9LX,Shopee-Bulky,2026-08-31 07:40:58.381000,7.972233796,2026-09-08 07:00:59,0,(c) 7 - 8 ngày
NTB,Khánh Hòa,21331000,(KHO) Cam Lâm 1,GY8MH88H,SME,2026-08-31 07:43:27.905000,7.970509259,2026-09-08 07:00:59,0,(c) 7 - 8 ngày
NTB,Bình Thuận,22452000,(BTH) Phú Quý,GYYLNPNF,SME,2026-08-31 09:15:43.554000,7.906435185,2026-09-08 07:00:59,0,(c) 7 - 8 ngày
NTB,Bình Thuận,22452000,(BTH) Phú Quý,GYYL4VMD,SME,2026-08-31 09:15:43.554000,7.906435185,2026-09-08 07:00:59,0,(c) 7 - 8 ngày
NTB,Bình Thuận,22452000,(BTH) Phú Quý,GYYLWRNR,Shopee,2026-08-31 09:15:43.554000,7.906435185,2026-09-08 07:00:59,0,(c) 7 - 8 ngày
NTB,Đắk Nông,22242000,(DNO) Bắc Gia Nghĩa,GYYQPXND,SME,2026-08-31 10:54:09.449000,7.838078704,2026-09-08 07:00:59,2,(c) 7 - 8 ngày
NTB,Đắk Nông,22242000,(DNO) Bắc Gia Nghĩa,GYYQBLGB,SME,2026-08-31 10:55:42.429000,7.837002315,2026-09-08 07:00:59,3,(c) 7 - 8 ngày
NTB,Đắk Nông,20269003,(DNO) Nhân Cơ,GYYQ6HDM,SME,2026-08-31 10:55:59.332000,7.836805556,2026-09-08 07:00:59,1,(c) 7 - 8 ngày
NTB,Khánh Hòa,2399,(KHO) Bắc Nha Trang,VNGH80244948903,TTS,2026-08-31 13:00:14.797000,7.750520833,2026-09-08 07:00:59,4,(c) 7 - 8 ngày
NTB,Lâm Đồng,22222000,(LDO) Bảo Lâm 1,GYYQ6NUG,SME,2026-08-31 15:01:53.980000,7.666041667,2026-09-08 07:00:59,2,(c) 7 - 8 ngày
NTB,Lâm Đồng,21377000,(LDO) Đơn Dương,GYYLWGV8,SME,2026-08-31 15:08:34.157000,7.661400463,2026-09-08 07:00:59,0,(c) 7 - 8 ngày
NTB,Lâm Đồng,21377000,(LDO) Đơn Dương,GY8MMRKL,SME,2026-08-31 15:08:34.157000,7.661400463,2026-09-08 07:00:59,0,(c) 7 - 8 ngày
NTB,Lâm Đồng,21377000,(LDO) Đơn Dương,GY8ELGPA,Shopee,2026-08-31 15:11:00.093000,7.659710648,2026-09-08 07:00:59,0,(c) 7 - 8 ngày
NTB,Lâm Đồng,20942000,(LDO) Di Linh,VNGH80704238905,TTS,2026-08-31 16:29:33.851000,7.605162037,2026-09-08 07:00:59,0,(c) 7 - 8 ngày
NTB,Lâm Đồng,20942000,(LDO) Di Linh,GYYQMGEH,SME,2026-08-31 16:33:05.114000,7.602708333,2026-09-08 07:00:59,3,(c) 7 - 8 ngày
NTB,Lâm Đồng,20942000,(LDO) Di Linh,NVS836596495,SME,2026-08-31 16:33:15.664000,7.602592593,2026-09-08 07:00:59,3,(c) 7 - 8 ngày
NTB,Đắk Nông,22394000,(DNO) Quảng Tín,VNGH80567368902,TTS,2026-08-31 16:33:54.804000,7.602141204,2026-09-08 07:00:59,4,(c) 7 - 8 ngày
NTB,Lâm Đồng,20942000,(LDO) Di Linh,VNGH80274628903,TTS,2026-08-31 16:34:12.576000,7.60193287,2026-09-08 07:00:59,0,(c) 7 - 8 ngày
NTB,Đắk Nông,22394000,(DNO) Quảng Tín,GY8E8DKE,SME,2026-08-31 16:34:34.899000,7.601678241,2026-09-08 07:00:59,1,(c) 7 - 8 ngày
NTB,Đắk Nông,22394000,(DNO) Quảng Tín,GYYQLMGG,SME,2026-08-31 16:34:34.899000,7.601678241,2026-09-08 07:00:59,2,(c) 7 - 8 ngày
NTB,Đắk Nông,22394000,(DNO) Quảng Tín,VNGH80873158903,TTS,2026-08-31 16:34:34.899000,7.601678241,2026-09-08 07:00:59,2,(c) 7 - 8 ngày
NTB,Đắk Nông,22394000,(DNO) Quảng Tín,GY8EE4PE,SME,2026-08-31 16:34:34.899000,7.601678241,2026-09-08 07:00:59,2,(c) 7 - 8 ngày
NTB,Đắk Nông,22394000,(DNO) Quảng Tín,GY8EG8YA,SME,2026-08-31 16:34:43.411000,7.601574074,2026-09-08 07:00:59,0,(c) 7 - 8 ngày
NTB,Đắk Nông,22394000,(DNO) Quảng Tín,VNGH80720418904,TTS,2026-08-31 16:34:43.411000,7.601574074,2026-09-08 07:00:59,1,(c) 7 - 8 ngày
NTB,Đắk Nông,22394000,(DNO) Quảng Tín,GYYQCUQG,SME,2026-08-31 16:35:03.326000,7.601342593,2026-09-08 07:00:59,2,(c) 7 - 8 ngày
NTB,Đắk Nông,22394000,(DNO) Quảng Tín,GYYQMU3U,SME,2026-08-31 16:35:03.326000,7.601342593,2026-09-08 07:00:59,2,(c) 7 - 8 ngày
NTB,Đắk Nông,22394000,(DNO) Quảng Tín,GYYQGGWC,SME,2026-08-31 16:35:03.326000,7.601342593,2026-09-08 07:00:59,2,(c) 7 - 8 ngày
NTB,Lâm Đồng,20942000,(LDO) Di Linh,GY8E3BW3,SME,2026-08-31 16:35:06.970000,7.60130787,2026-09-08 07:00:59,0,(c) 7 - 8 ngày
NTB,Đắk Nông,22394000,(DNO) Quảng Tín,GYYLB7U9,SME,2026-08-31 16:35:18.728000,7.601168981,2026-09-08 07:00:59,3,(c) 7 - 8 ngày
NTB,Đắk Nông,22394000,(DNO) Quảng Tín,GYYLKQW4,SME,2026-08-31 16:35:18.728000,7.601168981,2026-09-08 07:00:59,2,(c) 7 - 8 ngày
NTB,Đắk Nông,22394000,(DNO) Quảng Tín,GYYQ8X4V,SME,2026-08-31 16:35:18.728000,7.601168981,2026-09-08 07:00:59,2,(c) 7 - 8 ngày
NTB,Đắk Nông,22394000,(DNO) Quảng Tín,GYYQQB7Q,SME,2026-08-31 16:36:10.380000,7.60056713,2026-09-08 07:00:59,2,(c) 7 - 8 ngày
NTB,Lâm Đồng,20942000,(LDO) Di Linh,GYYQYCAM,SME,2026-08-31 16:37:01.423000,7.599976852,2026-09-08 07:00:59,3,(c) 7 - 8 ngày
NTB,Lâm Đồng,20942000,(LDO) Di Linh,VNGH80387668905,TTS,2026-08-31 16:37:01.423000,7.599976852,2026-09-08 07:00:59,2,(c) 7 - 8 ngày
NTB,Lâm Đồng,20942000,(LDO) Di Linh,VNGH80477438904,TTS,2026-08-31 16:37:07.909000,7.599907407,2026-09-08 07:00:59,2,(c) 7 - 8 ngày
NTB,Lâm Đồng,20942000,(LDO) Di Linh,GY8MAD74,SME,2026-08-31 16:37:26.951000,7.5996875,2026-09-08 07:00:59,2,(c) 7 - 8 ngày
NTB,Lâm Đồng,20942000,(LDO) Di Linh,GYYQEEDE,SME,2026-08-31 16:37:37.826000,7.599560185,2026-09-08 07:00:59,3,(c) 7 - 8 ngày
NTB,Lâm Đồng,20942000,(LDO) Di Linh,GYYQN4B8,Shopee,2026-08-31 16:37:37.826000,7.599560185,2026-09-08 07:00:59,2,(c) 7 - 8 ngày
NTB,Lâm Đồng,20942000,(LDO) Di Linh,VNGH80265458901,TTS,2026-08-31 16:37:55.623000,7.599351852,2026-09-08 07:00:59,2,(c) 7 - 8 ngày
NTB,Lâm Đồng,20942000,(LDO) Di Linh,GY8EX3RT,SME,2026-08-31 16:37:55.623000,7.599351852,2026-09-08 07:00:59,0,(c) 7 - 8 ngày
NTB,Lâm Đồng,20942000,(LDO) Di Linh,GYYQ463M,SME,2026-08-31 16:38:22.861000,7.599039352,2026-09-08 07:00:59,1,(c) 7 - 8 ngày
NTB,Lâm Đồng,22389000,(LDO) Đức Trọng 1,VNGH80316998903,TTS,2026-08-31 16:52:04.707000,7.589525463,2026-09-08 07:00:59,0,(c) 7 - 8 ngày
NTB,Đắk Nông,20269000,(DNO) Kiến Đức,GYYLXHT4,SME,2026-08-31 17:49:12.145000,7.549849537,2026-09-08 07:00:59,3,(c) 7 - 8 ngày
NTB,Đắk Nông,20269000,(DNO) Kiến Đức,GYYQPVX6,SME,2026-08-31 17:49:18.788000,7.549780093,2026-09-08 07:00:59,2,(c) 7 - 8 ngày
NTB,Đắk Nông,20269000,(DNO) Kiến Đức,GYYQQA8U,SME,2026-08-31 17:49:18.788000,7.549780093,2026-09-08 07:00:59,2,(c) 7 - 8 ngày
NTB,Đắk Nông,20269000,(DNO) Kiến Đức,GYYQP3RB,SME,2026-08-31 17:49:18.788000,7.549780093,2026-09-08 07:00:59,2,(c) 7 - 8 ngày
NTB,Đắk Nông,20269000,(DNO) Kiến Đức,GYYQLM9P,SME,2026-08-31 17:49:44.598000,7.549479167,2026-09-08 07:00:59,2,(c) 7 - 8 ngày
NTB,Đắk Nông,20269000,(DNO) Kiến Đức,GYYQAA96,SME,2026-08-31 17:49:44.598000,7.549479167,2026-09-08 07:00:59,2,(c) 7 - 8 ngày
NTB,Đắk Nông,20269000,(DNO) Kiến Đức,GYYQ8XHP,SME,2026-08-31 17:49:44.598000,7.549479167,2026-09-08 07:00:59,2,(c) 7 - 8 ngày
NTB,Đắk Nông,20269000,(DNO) Kiến Đức,GYYQFEE4,SME,2026-08-31 17:49:44.598000,7.549479167,2026-09-08 07:00:59,2,(c) 7 - 8 ngày
NTB,Đắk Nông,20269000,(DNO) Kiến Đức,GYYQR77R,SME,2026-08-31 17:50:00.593000,7.549293981,2026-09-08 07:00:59,2,(c) 7 - 8 ngày
NTB,Đắk Nông,20269000,(DNO) Kiến Đức,GY8EKTBD,SME,2026-08-31 17:50:00.593000,7.549293981,2026-09-08 07:00:59,1,(c) 7 - 8 ngày
NTB,Đắk Nông,20269000,(DNO) Kiến Đức,GYYQFEWC,SME,2026-08-31 17:50:20.254000,7.5490625,2026-09-08 07:00:59,2,(c) 7 - 8 ngày
NTB,Lâm Đồng,22051000,(LDO) Lang Biang - Đà Lạt 1,GY8E649H,SME,2026-08-31 18:56:46.560000,7.502928241,2026-09-08 07:00:59,1,(c) 7 - 8 ngày
NTB,Lâm Đồng,22051000,(LDO) Lang Biang - Đà Lạt 1,GY8EXLXG,SME,2026-08-31 18:59:03.234000,7.501342593,2026-09-08 07:00:59,2,(c) 7 - 8 ngày
NTB,Lâm Đồng,22051000,(LDO) Lang Biang - Đà Lạt 1,GY8EXCFG,SME,2026-08-31 19:03:31.450000,7.498240741,2026-09-08 07:00:59,2,(c) 7 - 8 ngày
NTB,Lâm Đồng,22051000,(LDO) Lang Biang - Đà Lạt 1,GY8EWFBR,SME,2026-08-31 19:03:42.650000,7.498113426,2026-09-08 07:00:59,2,(c) 7 - 8 ngày
NTB,Đắk Nông,22242000,(DNO) Bắc Gia Nghĩa,VNGH80716158906,TTS,2026-09-01 05:15:36.454000,7.07318287,2026-09-08 07:00:59,1,(c) 7 - 8 ngày
NTB,Đắk Nông,20269003,(DNO) Nhân Cơ,GYYLHC8G,SME,2026-09-01 05:31:06.890000,7.062418981,2026-09-08 07:00:59,1,(c) 7 - 8 ngày
NTB,Lâm Đồng,22389000,(LDO) Đức Trọng 1,GYYQ6NWH,SME,2026-09-01 05:50:46.633000,7.048761574,2026-09-08 07:00:59,2,(c) 7 - 8 ngày
NTB,Lâm Đồng,22389000,(LDO) Đức Trọng 1,GYYQQGGN,SME,2026-09-01 05:50:46.633000,7.048761574,2026-09-08 07:00:59,2,(c) 7 - 8 ngày
NTB,Lâm Đồng,22389000,(LDO) Đức Trọng 1,VNGH80799148902,TTS,2026-09-01 05:51:28.948000,7.048275463,2026-09-08 07:00:59,0,(c) 7 - 8 ngày
NTB,Lâm Đồng,22389000,(LDO) Đức Trọng 1,GYYQETQ4,SME,2026-09-01 05:51:45.309000,7.048078704,2026-09-08 07:00:59,1,(c) 7 - 8 ngày
NTB,Lâm Đồng,22389000,(LDO) Đức Trọng 1,GYYQMN3D,SME,2026-09-01 05:51:45.309000,7.048078704,2026-09-08 07:00:59,2,(c) 7 - 8 ngày
NTB,Lâm Đồng,22389000,(LDO) Đức Trọng 1,VNGH80735608905,TTS,2026-09-01 05:51:45.309000,7.048078704,2026-09-08 07:00:59,0,(c) 7 - 8 ngày
NTB,Lâm Đồng,22389000,(LDO) Đức Trọng 1,VNGH80128078903,TTS,2026-09-01 05:51:45.309000,7.048078704,2026-09-08 07:00:59,2,(c) 7 - 8 ngày
NTB,Lâm Đồng,22389000,(LDO) Đức Trọng 1,GYYQEBV4,SME,2026-09-01 05:52:23.696000,7.047638889,2026-09-08 07:00:59,1,(c) 7 - 8 ngày
NTB,Lâm Đồng,22389000,(LDO) Đức Trọng 1,GY8MAWQN,SME,2026-09-01 05:52:23.696000,7.047638889,2026-09-08 07:00:59,2,(c) 7 - 8 ngày
NTB,Lâm Đồng,22389000,(LDO) Đức Trọng 1,GY8EMMMF,SME,2026-09-01 05:52:23.696000,7.047638889,2026-09-08 07:00:59,0,(c) 7 - 8 ngày
NTB,Lâm Đồng,22389000,(LDO) Đức Trọng 1,GY8EPRFA,SME,2026-09-01 05:52:43.374000,7.047407407,2026-09-08 07:00:59,2,(c) 7 - 8 ngày
NTB,Lâm Đồng,22389000,(LDO) Đức Trọng 1,GYYQYWHE,SME,2026-09-01 05:52:43.374000,7.047407407,2026-09-08 07:00:59,1,(c) 7 - 8 ngày
NTB,Lâm Đồng,22389000,(LDO) Đức Trọng 1,GYYLCUF6,SME,2026-09-01 05:53:36.463000,7.046793981,2026-09-08 07:00:59,2,(c) 7 - 8 ngày
NTB,Lâm Đồng,22389000,(LDO) Đức Trọng 1,GYYLUV4C,SME,2026-09-01 05:53:36.463000,7.046793981,2026-09-08 07:00:59,0,(c) 7 - 8 ngày
NTB,Lâm Đồng,22389000,(LDO) Đức Trọng 1,GY8EYW8X,SME,2026-09-01 05:54:22.624000,7.046261574,2026-09-08 07:00:59,0,(c) 7 - 8 ngày
NTB,Lâm Đồng,22389000,(LDO) Đức Trọng 1,GYYQFP48,SME,2026-09-01 05:56:07.976000,7.045046296,2026-09-08 07:00:59,2,(c) 7 - 8 ngày
NTB,Lâm Đồng,22389000,(LDO) Đức Trọng 1,GYYLC66F,SME,2026-09-01 05:57:59.032000,7.04375,2026-09-08 07:00:59,2,(c) 7 - 8 ngày
NTB,Lâm Đồng,22389000,(LDO) Đức Trọng 1,GY8EHYTB,SME,2026-09-01 06:03:21.843000,7.040023148,2026-09-08 07:00:59,3,(c) 7 - 8 ngày
NTB,Lâm Đồng,22389000,(LDO) Đức Trọng 1,GYYQUCT8,SME,2026-09-01 06:03:21.843000,7.040023148,2026-09-08 07:00:59,0,(c) 7 - 8 ngày
NTB,Khánh Hòa,21569000,(KHO) Đông Ninh Hòa,GYYLEYC3,SME,2026-09-01 06:13:33.280000,7.032939815,2026-09-08 07:00:59,2,(c) 7 - 8 ngày
NTB,Lâm Đồng,21377000,(LDO) Đơn Dương,GY8E6YQM,Shopee-Bulky,2026-09-01 06:24:40.540000,7.025219907,2026-09-08 07:00:59,0,(c) 7 - 8 ngày
NTB,Lâm Đồng,21377000,(LDO) Đơn Dương,GY8EWRWV,SME,2026-09-01 06:25:52.383000,7.024386574,2026-09-08 07:00:59,1,(c) 7 - 8 ngày
NTB,Lâm Đồng,21377000,(LDO) Đơn Dương,GYYQRB8K,SME,2026-09-01 06:25:52.383000,7.024386574,2026-09-08 07:00:59,1,(c) 7 - 8 ngày
NTB,Lâm Đồng,22425000,(LDO) Tân Hà Lâm Hà,GYYFCXNK,Shopee,2026-09-01 06:26:40.078000,7.023831019,2026-09-08 07:00:59,1,(c) 7 - 8 ngày
NTB,Lâm Đồng,22425000,(LDO) Tân Hà Lâm Hà,GY8EEFKU,SME,2026-09-01 06:27:19.373000,7.02337963,2026-09-08 07:00:59,1,(c) 7 - 8 ngày
NTB,Lâm Đồng,21377000,(LDO) Đơn Dương,GYYQ8AXQ,SME,2026-09-01 06:27:34.477000,7.023206019,2026-09-08 07:00:59,4,(c) 7 - 8 ngày
NTB,Lâm Đồng,22425000,(LDO) Tân Hà Lâm Hà,GYYQEM4W,SME,2026-09-01 06:27:42.635000,7.023113426,2026-09-08 07:00:59,2,(c) 7 - 8 ngày
NTB,Lâm Đồng,22425000,(LDO) Tân Hà Lâm Hà,GYYLU9A3,SME,2026-09-01 06:27:53.336000,7.022986111,2026-09-08 07:00:59,2,(c) 7 - 8 ngày
NTB,Lâm Đồng,21377000,(LDO) Đơn Dương,VNGH80530148902,TTS,2026-09-01 06:28:27.625000,7.022592593,2026-09-08 07:00:59,1,(c) 7 - 8 ngày
NTB,Lâm Đồng,21377000,(LDO) Đơn Dương,GYYL9FQU,SME,2026-09-01 06:28:27.625000,7.022592593,2026-09-08 07:00:59,0,(c) 7 - 8 ngày
NTB,Lâm Đồng,21377000,(LDO) Đơn Dương,GY8EP7WR,SME,2026-09-01 06:28:35.190000,7.0225,2026-09-08 07:00:59,1,(c) 7 - 8 ngày
NTB,Lâm Đồng,22425000,(LDO) Tân Hà Lâm Hà,GY8EEHPQ,SME,2026-09-01 06:29:04.202000,7.022164352,2026-09-08 07:00:59,2,(c) 7 - 8 ngày
NTB,Lâm Đồng,21377000,(LDO) Đơn Dương,GYYQBAQB,SME,2026-09-01 06:29:24.790000,7.02193287,2026-09-08 07:00:59,1,(c) 7 - 8 ngày
NTB,Lâm Đồng,22425000,(LDO) Tân Hà Lâm Hà,GYYQMDUP,SME,2026-09-01 06:30:58.702000,7.020844907,2026-09-08 07:00:59,2,(c) 7 - 8 ngày
NTB,Lâm Đồng,22425000,(LDO) Tân Hà Lâm Hà,GYYQVAQA,SME,2026-09-01 06:30:58.702000,7.020844907,2026-09-08 07:00:59,2,(c) 7 - 8 ngày
NTB,Lâm Đồng,22425000,(LDO) Tân Hà Lâm Hà,GYYQQBRA,SME,2026-09-01 06:31:13.502000,7.020671296,2026-09-08 07:00:59,2,(c) 7 - 8 ngày
NTB,Lâm Đồng,21377000,(LDO) Đơn Dương,VNGH80258868905,TTS,2026-09-01 06:38:40.921000,7.015497685,2026-09-08 07:00:59,0,(c) 7 - 8 ngày
NTB,Đắk Nông,20269000,(DNO) Kiến Đức,GYYQ3EN3,SME,2026-09-01 06:39:50.756000,7.0146875,2026-09-08 07:00:59,3,(c) 7 - 8 ngày
NTB,Lâm Đồng,21377000,(LDO) Đơn Dương,NVS837265061,SME,2026-09-01 06:41:57.258000,7.013217593,2026-09-08 07:00:59,2,(c) 7 - 8 ngày
NTB,Đắk Nông,20269000,(DNO) Kiến Đức,GYYQ3R7K,SME,2026-09-01 06:42:00.880000,7.01318287,2026-09-08 07:00:59,2,(c) 7 - 8 ngày
NTB,Đắk Nông,20269000,(DNO) Kiến Đức,GYYQ8PVC,SME,2026-09-01 06:42:42.030000,7.012696759,2026-09-08 07:00:59,2,(c) 7 - 8 ngày
NTB,Đắk Nông,20269000,(DNO) Kiến Đức,GYYQK9UU,SME,2026-09-01 06:42:42.030000,7.012696759,2026-09-08 07:00:59,2,(c) 7 - 8 ngày
NTB,Đắk Nông,20269000,(DNO) Kiến Đức,GYYQAA9L,Shopee-Bulky,2026-09-01 06:43:00.775000,7.012488426,2026-09-08 07:00:59,2,(c) 7 - 8 ngày
NTB,Đắk Nông,20269000,(DNO) Kiến Đức,GYYQABTB,SME,2026-09-01 06:43:50.348000,7.011909722,2026-09-08 07:00:59,3,(c) 7 - 8 ngày
NTB,Đắk Nông,20269000,(DNO) Kiến Đức,GYYL3CVD,SME,2026-09-01 06:43:53.368000,7.011875,2026-09-08 07:00:59,3,(c) 7 - 8 ngày
NTB,Đắk Nông,20269000,(DNO) Kiến Đức,VNGH80240378901,TTS,2026-09-01 06:43:59.398000,7.011805556,2026-09-08 07:00:59,1,(c) 7 - 8 ngày
NTB,Đắk Nông,20269000,(DNO) Kiến Đức,GYYQNTNK,SME,2026-09-01 06:43:59.398000,7.011805556,2026-09-08 07:00:59,2,(c) 7 - 8 ngày
NTB,Đắk Nông,20269000,(DNO) Kiến Đức,GYYQWVED,SME,2026-09-01 06:43:59.398000,7.011805556,2026-09-08 07:00:59,2,(c) 7 - 8 ngày
NTB,Đắk Nông,20269000,(DNO) Kiến Đức,GYYQYFKA,SME,2026-09-01 06:44:09.963000,7.011689815,2026-09-08 07:00:59,2,(c) 7 - 8 ngày
NTB,Đắk Nông,20269000,(DNO) Kiến Đức,GYYQ4VNC,SME,2026-09-01 06:44:09.963000,7.011689815,2026-09-08 07:00:59,2,(c) 7 - 8 ngày
NTB,Đắk Nông,20269000,(DNO) Kiến Đức,GYYL77KT,SME,2026-09-01 06:44:09.963000,7.011689815,2026-09-08 07:00:59,3,(c) 7 - 8 ngày
NTB,Đắk Nông,20269000,(DNO) Kiến Đức,GYYQR899,SME,2026-09-01 06:44:09.963000,7.011689815,2026-09-08 07:00:59,2,(c) 7 - 8 ngày
NTB,Đắk Nông,20269000,(DNO) Kiến Đức,GYYLCVAT,SME,2026-09-01 06:45:34.788000,7.010706019,2026-09-08 07:00:59,2,(c) 7 - 8 ngày
NTB,Đắk Nông,20269000,(DNO) Kiến Đức,VNGH80682778904,TTS,2026-09-01 06:45:34.788000,7.010706019,2026-09-08 07:00:59,3,(c) 7 - 8 ngày
NTB,Đắk Nông,20269000,(DNO) Kiến Đức,GY8EENU8,SME,2026-09-01 06:48:02.983000,7.008993056,2026-09-08 07:00:59,3,(c) 7 - 8 ngày
NTB,Đắk Nông,20269000,(DNO) Kiến Đức,GYYQ3FFA,SME,2026-09-01 06:48:02.983000,7.008993056,2026-09-08 07:00:59,2,(c) 7 - 8 ngày
NTB,Đắk Nông,20269000,(DNO) Kiến Đức,GYYQEYTH,SME,2026-09-01 06:48:02.983000,7.008993056,2026-09-08 07:00:59,2,(c) 7 - 8 ngày
NTB,Lâm Đồng,21516000,(LDO) Đức Trọng 2,GYYLQBTF,SME,2026-09-01 06:48:05.866000,7.008958333,2026-09-08 07:00:59,5,(c) 7 - 8 ngày
NTB,Đắk Nông,20269000,(DNO) Kiến Đức,GY88LNWV,SME,2026-09-01 06:48:58.983000,7.008344907,2026-09-08 07:00:59,2,(c) 7 - 8 ngày
NTB,Khánh Hòa,20495000,(KHO) Nha Trang,GYYLRNTC,SME,2026-09-01 06:52:29.686000,7.005902778,2026-09-08 07:00:59,4,(c) 7 - 8 ngày
NTB,Đắk Nông,2309,(DNO) Đức Lập,GY8EEBCH,SME,2026-09-01 07:00:36.002000,7.000266204,2026-09-08 07:00:59,6,(c) 7 - 8 ngày
NTB,Khánh Hòa,22704000,(KHO) Nam Nha Trang 2,GY8R9CXH_PR,SME,2026-09-01 07:05:41.953000,6.996736111,2026-09-08 07:00:59,7,(b) 6 - 7 ngày
NTB,Đắk Nông,22394000,(DNO) Quảng Tín,VNGH80474198906,TTS,2026-09-01 07:28:37.983000,6.980810185,2026-09-08 07:00:59,4,(b) 6 - 7 ngày
NTB,Đắk Nông,22394000,(DNO) Quảng Tín,VNGH80287578904,TTS,2026-09-01 07:28:45.519000,6.980717593,2026-09-08 07:00:59,4,(b) 6 - 7 ngày
NTB,Lâm Đồng,20942000,(LDO) Di Linh,VNGH80980518906,TTS,2026-09-01 07:29:52.839000,6.97994213,2026-09-08 07:00:59,0,(b) 6 - 7 ngày
NTB,Khánh Hòa,21331000,(KHO) Cam Lâm 1,GYYLFXXB,SME,2026-09-01 07:29:54.949000,6.979918981,2026-09-08 07:00:59,1,(b) 6 - 7 ngày
NTB,Lâm Đồng,20942000,(LDO) Di Linh,GYYLC6T7,SME,2026-09-01 07:30:12.465000,6.979710648,2026-09-08 07:00:59,2,(b) 6 - 7 ngày
NTB,Đắk Nông,22394000,(DNO) Quảng Tín,GYYLAECU,SME,2026-09-01 07:30:19.101000,6.97962963,2026-09-08 07:00:59,2,(b) 6 - 7 ngày
NTB,Đắk Nông,22394000,(DNO) Quảng Tín,GYYQGQE3,SME,2026-09-01 07:30:23.634000,6.979583333,2026-09-08 07:00:59,2,(b) 6 - 7 ngày
NTB,Đắk Nông,22394000,(DNO) Quảng Tín,GY8H7MB8,SME,2026-09-01 07:30:23.634000,6.979583333,2026-09-08 07:00:59,3,(b) 6 - 7 ngày
NTB,Đắk Nông,22394000,(DNO) Quảng Tín,VNGH80997048904,TTS-Bulky,2026-09-01 07:30:35.704000,6.979444444,2026-09-08 07:00:59,0,(b) 6 - 7 ngày
NTB,Đắk Nông,22394000,(DNO) Quảng Tín,VNGH80778998907,TTS,2026-09-01 07:33:09.713000,6.977662037,2026-09-08 07:00:59,0,(b) 6 - 7 ngày
NTB,Đắk Nông,22394000,(DNO) Quảng Tín,VNGH80253298908,TTS,2026-09-01 07:33:09.713000,6.977662037,2026-09-08 07:00:59,0,(b) 6 - 7 ngày
NTB,Đắk Nông,22394000,(DNO) Quảng Tín,GYY7FTNP,SME,2026-09-01 07:33:09.713000,6.977662037,2026-09-08 07:00:59,1,(b) 6 - 7 ngày
NTB,Đắk Nông,22394000,(DNO) Quảng Tín,VNGH80347468907,TTS,2026-09-01 07:33:09.713000,6.977662037,2026-09-08 07:00:59,2,(b) 6 - 7 ngày
NTB,Đắk Nông,22394000,(DNO) Quảng Tín,VNGH80334468907,TTS,2026-09-01 07:33:09.713000,6.977662037,2026-09-08 07:00:59,0,(b) 6 - 7 ngày
NTB,Đắk Nông,22394000,(DNO) Quảng Tín,GYYQDGXL,Shopee-Bulky,2026-09-01 07:33:41.118000,6.977291667,2026-09-08 07:00:59,0,(b) 6 - 7 ngày
NTB,Khánh Hòa,21331000,(KHO) Cam Lâm 1,GYYQ4VUX,SME,2026-09-01 07:34:08.331000,6.976979167,2026-09-08 07:00:59,1,(b) 6 - 7 ngày
NTB,Đắk Nông,22394000,(DNO) Quảng Tín,GYYLCVMW,SME,2026-09-01 07:34:45.025000,6.976550926,2026-09-08 07:00:59,2,(b) 6 - 7 ngày
NTB,Đắk Nông,22394000,(DNO) Quảng Tín,GYYLUULW,SME,2026-09-01 07:34:45.025000,6.976550926,2026-09-08 07:00:59,2,(b) 6 - 7 ngày
NTB,Đắk Nông,22394000,(DNO) Quảng Tín,GYYFTLDL,Shopee-Bulky,2026-09-01 07:35:12.191000,6.976238426,2026-09-08 07:00:59,0,(b) 6 - 7 ngày
NTB,Lâm Đồng,22222000,(LDO) Bảo Lâm 1,GYYLDABU,Shopee,2026-09-01 07:45:23.074000,6.969166667,2026-09-08 07:00:59,0,(b) 6 - 7 ngày
NTB,Lâm Đồng,20670000,(LDO) Đam Rông 3,VNGH80016128901,TTS,2026-09-01 08:23:24.504000,6.942766204,2026-09-08 07:00:59,1,(b) 6 - 7 ngày
NTB,Đắk Nông,20269003,(DNO) Nhân Cơ,VNGH80734508904,TTS,2026-09-01 10:35:45.568000,6.850856481,2026-09-08 07:00:59,0,(b) 6 - 7 ngày
NTB,Đắk Nông,20269003,(DNO) Nhân Cơ,GYYL7TG9,SME,2026-09-01 10:35:45.568000,6.850856481,2026-09-08 07:00:59,1,(b) 6 - 7 ngày
NTB,Đắk Nông,20269003,(DNO) Nhân Cơ,GYYQMKXK,SME,2026-09-01 10:36:21.678000,6.850439815,2026-09-08 07:00:59,1,(b) 6 - 7 ngày
NTB,Đắk Nông,20269003,(DNO) Nhân Cơ,GYYQFGPN,SME,2026-09-01 10:36:25.890000,6.850393519,2026-09-08 07:00:59,1,(b) 6 - 7 ngày
NTB,Đắk Nông,22242000,(DNO) Bắc Gia Nghĩa,GYYQCCXP,SME,2026-09-01 10:47:54.847000,6.842418981,2026-09-08 07:00:59,4,(b) 6 - 7 ngày
NTB,Đắk Nông,22242000,(DNO) Bắc Gia Nghĩa,GYYQMNFG,SME,2026-09-01 10:48:21.495000,6.842106481,2026-09-08 07:00:59,2,(b) 6 - 7 ngày
NTB,Đắk Nông,22242000,(DNO) Bắc Gia Nghĩa,GYYFGVC3,Shopee,2026-09-01 10:49:46.916000,6.841122685,2026-09-08 07:00:59,2,(b) 6 - 7 ngày
NTB,Bình Thuận,21290000,(BTH) Tuyên Quang,GYYL4DED,SME,2026-09-01 11:24:35.448000,6.816944444,2026-09-08 07:00:59,6,(b) 6 - 7 ngày
NTB,Khánh Hòa,20543000,(KHO) Ninh Hòa 2,GYY7LNHX,SME,2026-09-01 12:10:41.972000,6.784930556,2026-09-08 07:00:59,1,(b) 6 - 7 ngày
NTB,Khánh Hòa,20694000,(KHO) Ninh Hòa 1,GYYLRXB6,SME,2026-09-01 12:29:00.314000,6.772210648,2026-09-08 07:00:59,3,(b) 6 - 7 ngày
NTB,Lâm Đồng,20942000,(LDO) Di Linh,GYYLDYU9,SME,2026-09-01 13:05:42.616000,6.746724537,2026-09-08 07:00:59,2,(b) 6 - 7 ngày
NTB,Lâm Đồng,20942000,(LDO) Di Linh,GYYLDV9A,Shopee,2026-09-01 13:05:54.079000,6.746585648,2026-09-08 07:00:59,0,(b) 6 - 7 ngày
NTB,Lâm Đồng,20942000,(LDO) Di Linh,GYYLLLDY,SME,2026-09-01 13:08:29.187000,6.744791667,2026-09-08 07:00:59,1,(b) 6 - 7 ngày
NTB,Lâm Đồng,20942000,(LDO) Di Linh,GYYQ9HUK,SME,2026-09-01 13:11:49.593000,6.742476852,2026-09-08 07:00:59,2,(b) 6 - 7 ngày
NTB,Lâm Đồng,20942000,(LDO) Di Linh,GYYQBBMV,SME,2026-09-01 13:11:59.075000,6.742361111,2026-09-08 07:00:59,1,(b) 6 - 7 ngày
NTB,Lâm Đồng,20942000,(LDO) Di Linh,GYYQFXC8,SME,2026-09-01 13:11:59.075000,6.742361111,2026-09-08 07:00:59,2,(b) 6 - 7 ngày
NTB,Lâm Đồng,20942000,(LDO) Di Linh,GYYQ7YUY,SME,2026-09-01 13:12:07.224000,6.742268519,2026-09-08 07:00:59,2,(b) 6 - 7 ngày
NTB,Lâm Đồng,20942000,(LDO) Di Linh,GYYFTK8N,Shopee-Bulky,2026-09-01 13:12:15.842000,6.742175926,2026-09-08 07:00:59,1,(b) 6 - 7 ngày
NTB,Lâm Đồng,20942000,(LDO) Di Linh,GYYL4LF9,SME,2026-09-01 13:14:25.038000,6.740671296,2026-09-08 07:00:59,2,(b) 6 - 7 ngày
NTB,Lâm Đồng,20942000,(LDO) Di Linh,GYYLYCLU,SME,2026-09-01 13:14:25.038000,6.740671296,2026-09-08 07:00:59,1,(b) 6 - 7 ngày
NTB,Lâm Đồng,20942000,(LDO) Di Linh,GYYQE3CX,SME,2026-09-01 13:14:25.038000,6.740671296,2026-09-08 07:00:59,2,(b) 6 - 7 ngày
NTB,Lâm Đồng,20942000,(LDO) Di Linh,GYYQ3XHU,SME,2026-09-01 13:15:21.146000,6.740023148,2026-09-08 07:00:59,2,(b) 6 - 7 ngày
NTB,Lâm Đồng,20942000,(LDO) Di Linh,GY8EKBWW,SME,2026-09-01 13:15:21.146000,6.740023148,2026-09-08 07:00:59,1,(b) 6 - 7 ngày
NTB,Lâm Đồng,20942000,(LDO) Di Linh,GY8YPGPV,SME,2026-09-01 13:15:25.117000,6.739976852,2026-09-08 07:00:59,2,(b) 6 - 7 ngày
NTB,Lâm Đồng,20942000,(LDO) Di Linh,GYYLUK88,SME,2026-09-01 13:15:25.117000,6.739976852,2026-09-08 07:00:59,1,(b) 6 - 7 ngày
NTB,Lâm Đồng,20942000,(LDO) Di Linh,GYYQTB93,SME,2026-09-01 13:15:31.352000,6.739907407,2026-09-08 07:00:59,2,(b) 6 - 7 ngày
NTB,Lâm Đồng,20942000,(LDO) Di Linh,VNGH80292428908,TTS,2026-09-01 13:15:45.423000,6.73974537,2026-09-08 07:00:59,2,(b) 6 - 7 ngày
NTB,Lâm Đồng,20942000,(LDO) Di Linh,GY8EBKVR,Shopee,2026-09-01 13:16:01.525000,6.739560185,2026-09-08 07:00:59,1,(b) 6 - 7 ngày
NTB,Lâm Đồng,20942000,(LDO) Di Linh,GYYLRWP8,SME,2026-09-01 13:16:01.525000,6.739560185,2026-09-08 07:00:59,2,(b) 6 - 7 ngày
NTB,Lâm Đồng,20942000,(LDO) Di Linh,VNGH80673148907,TTS,2026-09-01 13:16:12.382000,6.73943287,2026-09-08 07:00:59,0,(b) 6 - 7 ngày
NTB,Lâm Đồng,20942000,(LDO) Di Linh,GYYLYKLC,SME,2026-09-01 13:16:20.884000,6.739340278,2026-09-08 07:00:59,0,(b) 6 - 7 ngày
NTB,Lâm Đồng,20942000,(LDO) Di Linh,GYYLULKB,Shopee,2026-09-01 13:16:20.884000,6.739340278,2026-09-08 07:00:59,2,(b) 6 - 7 ngày
NTB,Lâm Đồng,20942000,(LDO) Di Linh,VNGH80433428908,TTS,2026-09-01 13:17:05.994000,6.738819444,2026-09-08 07:00:59,2,(b) 6 - 7 ngày
NTB,Lâm Đồng,20942000,(LDO) Di Linh,GYYF474H,SME,2026-09-01 13:17:05.994000,6.738819444,2026-09-08 07:00:59,3,(b) 6 - 7 ngày
NTB,Lâm Đồng,20942000,(LDO) Di Linh,VNGH80718428907,TTS,2026-09-01 13:17:51.979000,6.738287037,2026-09-08 07:00:59,1,(b) 6 - 7 ngày
NTB,Bình Thuận,2357,(BTH) Đồng Kho,VNGH80136758904,TTS,2026-09-01 13:23:37.812000,6.734282407,2026-09-08 07:00:59,1,(b) 6 - 7 ngày
NTB,Ninh Thuận,22861000,(NTH) Phan Rang,GYYL43QY,SME,2026-09-01 13:43:29.947000,6.720486111,2026-09-08 07:00:59,3,(b) 6 - 7 ngày
NTB,Ninh Thuận,20499000,(NTH) Phước Dinh,GYYLXT36,SME,2026-09-01 14:25:10.903000,6.691539352,2026-09-08 07:00:59,3,(b) 6 - 7 ngày
NTB,Lâm Đồng,22425000,(LDO) Tân Hà Lâm Hà,GYYL9HP9,SME,2026-09-01 14:58:02.708000,6.668715278,2026-09-08 07:00:59,0,(b) 6 - 7 ngày
NTB,Lâm Đồng,22425000,(LDO) Tân Hà Lâm Hà,GYYL4NXN,SME,2026-09-01 14:58:33.634000,6.668356481,2026-09-08 07:00:59,3,(b) 6 - 7 ngày
NTB,Lâm Đồng,22425000,(LDO) Tân Hà Lâm Hà,GY8ENQQ8,SME,2026-09-01 14:59:56.029000,6.667395833,2026-09-08 07:00:59,2,(b) 6 - 7 ngày
NTB,Lâm Đồng,22425000,(LDO) Tân Hà Lâm Hà,GYYQP794,SME,2026-09-01 14:59:59.642000,6.667361111,2026-09-08 07:00:59,1,(b) 6 - 7 ngày
NTB,Lâm Đồng,22425000,(LDO) Tân Hà Lâm Hà,VNGH80106928907,TTS,2026-09-01 15:00:12.015000,6.667210648,2026-09-08 07:00:59,1,(b) 6 - 7 ngày
NTB,Lâm Đồng,21377000,(LDO) Đơn Dương,GYYLKW6U,SME,2026-09-01 15:02:06.560000,6.665891204,2026-09-08 07:00:59,4,(b) 6 - 7 ngày
NTB,Lâm Đồng,21377000,(LDO) Đơn Dương,GYYLD6QB,SME,2026-09-01 15:02:26.161000,6.665659722,2026-09-08 07:00:59,3,(b) 6 - 7 ngày
NTB,Lâm Đồng,21377000,(LDO) Đơn Dương,GYYL89AA,SME,2026-09-01 15:02:26.161000,6.665659722,2026-09-08 07:00:59,2,(b) 6 - 7 ngày
NTB,Lâm Đồng,21377000,(LDO) Đơn Dương,GYYLFLM3,SME,2026-09-01 15:02:33.730000,6.665578704,2026-09-08 07:00:59,2,(b) 6 - 7 ngày
NTB,Lâm Đồng,22425000,(LDO) Tân Hà Lâm Hà,VNGH80244798904,TTS-Bulky,2026-09-01 15:03:01.436000,6.66525463,2026-09-08 07:00:59,3,(b) 6 - 7 ngày
NTB,Lâm Đồng,21377000,(LDO) Đơn Dương,GYYLTXB9,SME,2026-09-01 15:03:11.114000,6.665138889,2026-09-08 07:00:59,2,(b) 6 - 7 ngày
NTB,Lâm Đồng,21377000,(LDO) Đơn Dương,GYYFYKYE,Shopee,2026-09-01 15:03:11.114000,6.665138889,2026-09-08 07:00:59,0,(b) 6 - 7 ngày
NTB,Lâm Đồng,21377000,(LDO) Đơn Dương,GYYLKQBM,SME,2026-09-01 15:03:31.342000,6.664907407,2026-09-08 07:00:59,3,(b) 6 - 7 ngày
NTB,Lâm Đồng,21377000,(LDO) Đơn Dương,GYYFW679,SME,2026-09-01 15:03:37.027000,6.664837963,2026-09-08 07:00:59,3,(b) 6 - 7 ngày
NTB,Lâm Đồng,21377000,(LDO) Đơn Dương,GYYFLFQ4,SME,2026-09-01 15:03:37.027000,6.664837963,2026-09-08 07:00:59,4,(b) 6 - 7 ngày
NTB,Lâm Đồng,21377000,(LDO) Đơn Dương,GYYF4NYV,SME,2026-09-01 15:04:13.529000,6.664421296,2026-09-08 07:00:59,2,(b) 6 - 7 ngày
NTB,Lâm Đồng,21377000,(LDO) Đơn Dương,GY8EU3NB,SME,2026-09-01 15:06:15.202000,6.663009259,2026-09-08 07:00:59,2,(b) 6 - 7 ngày
NTB,Lâm Đồng,21377000,(LDO) Đơn Dương,GYYFH6UW,Shopee,2026-09-01 15:07:09.204000,6.662384259,2026-09-08 07:00:59,2,(b) 6 - 7 ngày
NTB,Lâm Đồng,21377000,(LDO) Đơn Dương,VNGH80765138905,TTS,2026-09-01 15:07:52.349000,6.661886574,2026-09-08 07:00:59,1,(b) 6 - 7 ngày
NTB,Lâm Đồng,22222000,(LDO) Bảo Lâm 1,GY8EMLRA,SME,2026-09-01 15:09:04.493000,6.661053241,2026-09-08 07:00:59,1,(b) 6 - 7 ngày
NTB,Lâm Đồng,22222000,(LDO) Bảo Lâm 1,GYYQQGVU,SME,2026-09-01 15:09:04.493000,6.661053241,2026-09-08 07:00:59,2,(b) 6 - 7 ngày
NTB,Lâm Đồng,21377000,(LDO) Đơn Dương,GYYFTCFP,SME,2026-09-01 15:09:43.203000,6.660601852,2026-09-08 07:00:59,4,(b) 6 - 7 ngày
NTB,Lâm Đồng,21377000,(LDO) Đơn Dương,VNGH80166758905,TTS,2026-09-01 15:10:49.470000,6.659837963,2026-09-08 07:00:59,0,(b) 6 - 7 ngày
NTB,Lâm Đồng,21126000,(LDO) Xuân Hương - Đà Lạt,VNGH80208618909,TTS,2026-09-01 15:14:40.909000,6.657164352,2026-09-08 07:00:59,2,(b) 6 - 7 ngày
NTB,Lâm Đồng,22222000,(LDO) Bảo Lâm 1,GYYQERD9,SME,2026-09-01 15:15:27.054000,6.65662037,2026-09-08 07:00:59,2,(b) 6 - 7 ngày
NTB,Lâm Đồng,22389000,(LDO) Đức Trọng 1,GYYLG4H4,SME,2026-09-01 15:28:19.164000,6.647685185,2026-09-08 07:00:59,3,(b) 6 - 7 ngày
NTB,Lâm Đồng,22389000,(LDO) Đức Trọng 1,GY8EHERX,SME,2026-09-01 15:28:19.164000,6.647685185,2026-09-08 07:00:59,1,(b) 6 - 7 ngày
NTB,Lâm Đồng,22389000,(LDO) Đức Trọng 1,GYYLUQPR,SME,2026-09-01 15:28:19.164000,6.647685185,2026-09-08 07:00:59,2,(b) 6 - 7 ngày
NTB,Lâm Đồng,22389000,(LDO) Đức Trọng 1,GYYLX6CC,SME,2026-09-01 15:28:19.164000,6.647685185,2026-09-08 07:00:59,1,(b) 6 - 7 ngày
NTB,Lâm Đồng,22389000,(LDO) Đức Trọng 1,GYYLR8WB,SME,2026-09-01 15:28:19.164000,6.647685185,2026-09-08 07:00:59,3,(b) 6 - 7 ngày
NTB,Lâm Đồng,22389000,(LDO) Đức Trọng 1,GYYLYYF4,SME,2026-09-01 15:28:19.164000,6.647685185,2026-09-08 07:00:59,0,(b) 6 - 7 ngày
NTB,Lâm Đồng,22389000,(LDO) Đức Trọng 1,VNGH80062968904,TTS,2026-09-01 15:28:19.164000,6.647685185,2026-09-08 07:00:59,1,(b) 6 - 7 ngày
NTB,Lâm Đồng,22389000,(LDO) Đức Trọng 1,GYYLDCKH,SME,2026-09-01 15:28:19.164000,6.647685185,2026-09-08 07:00:59,1,(b) 6 - 7 ngày
NTB,Lâm Đồng,22389000,(LDO) Đức Trọng 1,GYYLGHBA,SME,2026-09-01 15:28:19.164000,6.647685185,2026-09-08 07:00:59,1,(b) 6 - 7 ngày
NTB,Lâm Đồng,22389000,(LDO) Đức Trọng 1,GYY7LYUB,SME,2026-09-01 15:28:26.530000,6.647604167,2026-09-08 07:00:59,1,(b) 6 - 7 ngày
NTB,Lâm Đồng,22389000,(LDO) Đức Trọng 1,VNGH80292318906,TTS,2026-09-01 15:28:26.530000,6.647604167,2026-09-08 07:00:59,0,(b) 6 - 7 ngày
NTB,Lâm Đồng,22389000,(LDO) Đức Trọng 1,VNGH80444628907,TTS,2026-09-01 15:28:26.530000,6.647604167,2026-09-08 07:00:59,1,(b) 6 - 7 ngày
NTB,Lâm Đồng,22389000,(LDO) Đức Trọng 1,VNGH80729558905,TTS,2026-09-01 15:28:26.530000,6.647604167,2026-09-08 07:00:59,1,(b) 6 - 7 ngày
NTB,Lâm Đồng,22389000,(LDO) Đức Trọng 1,GYYFTFRC,SME,2026-09-01 15:28:32.385000,6.647534722,2026-09-08 07:00:59,4,(b) 6 - 7 ngày
NTB,Lâm Đồng,22389000,(LDO) Đức Trọng 1,VNGH80486838904,TTS,2026-09-01 15:28:38.892000,6.647465278,2026-09-08 07:00:59,1,(b) 6 - 7 ngày
NTB,Lâm Đồng,22389000,(LDO) Đức Trọng 1,GYYQAAQM,SME,2026-09-01 15:28:38.892000,6.647465278,2026-09-08 07:00:59,1,(b) 6 - 7 ngày
NTB,Lâm Đồng,22389000,(LDO) Đức Trọng 1,GYYLU4NX,SME,2026-09-01 15:28:45.457000,6.647384259,2026-09-08 07:00:59,0,(b) 6 - 7 ngày
NTB,Lâm Đồng,22389000,(LDO) Đức Trọng 1,GYYFPBUC,SME,2026-09-01 15:28:53.254000,6.647291667,2026-09-08 07:00:59,2,(b) 6 - 7 ngày
NTB,Lâm Đồng,22389000,(LDO) Đức Trọng 1,GYYLX3UT,SME,2026-09-01 15:28:58.095000,6.647233796,2026-09-08 07:00:59,3,(b) 6 - 7 ngày
NTB,Lâm Đồng,22389000,(LDO) Đức Trọng 1,GYYL8Y86,SME,2026-09-01 15:28:58.095000,6.647233796,2026-09-08 07:00:59,2,(b) 6 - 7 ngày
NTB,Lâm Đồng,22389000,(LDO) Đức Trọng 1,GYYLG9YT,SME,2026-09-01 15:28:58.095000,6.647233796,2026-09-08 07:00:59,0,(b) 6 - 7 ngày
NTB,Lâm Đồng,22389000,(LDO) Đức Trọng 1,GYYLATNX,SME,2026-09-01 15:28:58.095000,6.647233796,2026-09-08 07:00:59,2,(b) 6 - 7 ngày
NTB,Lâm Đồng,22389000,(LDO) Đức Trọng 1,GY88PAEX,SME,2026-09-01 15:28:58.095000,6.647233796,2026-09-08 07:00:59,1,(b) 6 - 7 ngày
NTB,Lâm Đồng,22389000,(LDO) Đức Trọng 1,VNGH80635458907,TTS,2026-09-01 15:29:33.225000,6.646828704,2026-09-08 07:00:59,1,(b) 6 - 7 ngày
NTB,Lâm Đồng,22389000,(LDO) Đức Trọng 1,VNGH80377878905,TTS,2026-09-01 15:31:51.249000,6.645231481,2026-09-08 07:00:59,1,(b) 6 - 7 ngày
NTB,Lâm Đồng,20670000,(LDO) Đam Rông 3,VNGH80480478905,TTS,2026-09-01 15:45:25.733000,6.635810185,2026-09-08 07:00:59,3,(b) 6 - 7 ngày
NTB,Khánh Hòa,20558000,(KHO) Khánh Vĩnh,VNGH80116348904,TTS,2026-09-01 16:17:24.066000,6.613599537,2026-09-08 07:00:59,4,(b) 6 - 7 ngày
NTB,Khánh Hòa,20558000,(KHO) Khánh Vĩnh,GYYQEGXA,SME,2026-09-01 16:18:27.820000,6.61287037,2026-09-08 07:00:59,3,(b) 6 - 7 ngày
NTB,Đắk Nông,22394000,(DNO) Quảng Tín,GYYFKMVE,SME,2026-09-01 16:44:16.446000,6.59494213,2026-09-08 07:00:59,0,(b) 6 - 7 ngày
NTB,Đắk Nông,22394000,(DNO) Quảng Tín,GYYFNKAY,SME,2026-09-01 16:44:16.446000,6.59494213,2026-09-08 07:00:59,2,(b) 6 - 7 ngày
NTB,Đắk Nông,22394000,(DNO) Quảng Tín,GYY7QLK3,SME,2026-09-01 16:44:16.446000,6.59494213,2026-09-08 07:00:59,2,(b) 6 - 7 ngày
NTB,Đắk Nông,22394000,(DNO) Quảng Tín,VNGH80802338906,TTS,2026-09-01 16:44:16.446000,6.59494213,2026-09-08 07:00:59,2,(b) 6 - 7 ngày
NTB,Đắk Nông,22394000,(DNO) Quảng Tín,GYYLU6TX,SME,2026-09-01 16:44:16.446000,6.59494213,2026-09-08 07:00:59,2,(b) 6 - 7 ngày
NTB,Đắk Nông,22394000,(DNO) Quảng Tín,VNGH80213038908,TTS,2026-09-01 16:44:16.446000,6.59494213,2026-09-08 07:00:59,0,(b) 6 - 7 ngày
NTB,Đắk Nông,22394000,(DNO) Quảng Tín,GYYQWCWM,SME,2026-09-01 16:44:32.161000,6.594756944,2026-09-08 07:00:59,0,(b) 6 - 7 ngày
NTB,Đắk Nông,22394000,(DNO) Quảng Tín,GYYLQBYE,SME,2026-09-01 16:44:32.161000,6.594756944,2026-09-08 07:00:59,2,(b) 6 - 7 ngày
NTB,Đắk Nông,22394000,(DNO) Quảng Tín,GYYLP8KE,SME,2026-09-01 16:44:32.161000,6.594756944,2026-09-08 07:00:59,2,(b) 6 - 7 ngày
NTB,Đắk Nông,22394000,(DNO) Quảng Tín,GYYLUBYX,SME,2026-09-01 16:44:32.161000,6.594756944,2026-09-08 07:00:59,2,(b) 6 - 7 ngày
NTB,Đắk Nông,22394000,(DNO) Quảng Tín,GYYLUT9A,SME,2026-09-01 16:44:32.161000,6.594756944,2026-09-08 07:00:59,0,(b) 6 - 7 ngày
NTB,Đắk Nông,22394000,(DNO) Quảng Tín,GYYLQBY8,SME,2026-09-01 16:44:32.161000,6.594756944,2026-09-08 07:00:59,2,(b) 6 - 7 ngày
NTB,Đắk Nông,22394000,(DNO) Quảng Tín,GYYLUTQY,SME,2026-09-01 16:44:32.161000,6.594756944,2026-09-08 07:00:59,2,(b) 6 - 7 ngày
NTB,Đắk Nông,22394000,(DNO) Quảng Tín,GYYL86ML,SME,2026-09-01 16:44:39.136000,6.594675926,2026-09-08 07:00:59,2,(b) 6 - 7 ngày
NTB,Đắk Nông,22394000,(DNO) Quảng Tín,GYYQDMNH,SME,2026-09-01 16:44:39.136000,6.594675926,2026-09-08 07:00:59,2,(b) 6 - 7 ngày
NTB,Đắk Nông,22394000,(DNO) Quảng Tín,GYYQUCTF,SME,2026-09-01 16:44:39.136000,6.594675926,2026-09-08 07:00:59,2,(b) 6 - 7 ngày
NTB,Đắk Nông,22394000,(DNO) Quảng Tín,GYYQMWMT,SME,2026-09-01 16:44:39.136000,6.594675926,2026-09-08 07:00:59,2,(b) 6 - 7 ngày
NTB,Đắk Nông,22394000,(DNO) Quảng Tín,GYYQHF7K,SME,2026-09-01 16:44:39.136000,6.594675926,2026-09-08 07:00:59,2,(b) 6 - 7 ngày
NTB,Đắk Nông,22394000,(DNO) Quảng Tín,GYYQB66F,SME,2026-09-01 16:44:48.140000,6.594571759,2026-09-08 07:00:59,0,(b) 6 - 7 ngày
NTB,Đắk Nông,22394000,(DNO) Quảng Tín,GYYQT9GW,SME,2026-09-01 16:44:48.140000,6.594571759,2026-09-08 07:00:59,2,(b) 6 - 7 ngày
NTB,Đắk Nông,22394000,(DNO) Quảng Tín,GYYLL94C,SME,2026-09-01 16:44:48.140000,6.594571759,2026-09-08 07:00:59,2,(b) 6 - 7 ngày
NTB,Đắk Nông,22394000,(DNO) Quảng Tín,GYYQYB8C,SME,2026-09-01 16:44:48.140000,6.594571759,2026-09-08 07:00:59,2,(b) 6 - 7 ngày
NTB,Đắk Nông,22394000,(DNO) Quảng Tín,VNGH80737528902,TTS,2026-09-01 16:44:48.140000,6.594571759,2026-09-08 07:00:59,2,(b) 6 - 7 ngày
NTB,Đắk Nông,22394000,(DNO) Quảng Tín,GY8EHNUP,SME,2026-09-01 16:45:00.322000,6.59443287,2026-09-08 07:00:59,2,(b) 6 - 7 ngày
NTB,Đắk Nông,22394000,(DNO) Quảng Tín,GYYQHQGA,SME,2026-09-01 16:45:00.322000,6.59443287,2026-09-08 07:00:59,2,(b) 6 - 7 ngày
NTB,Đắk Nông,22394000,(DNO) Quảng Tín,GYYQGTTL,SME,2026-09-01 16:45:00.322000,6.59443287,2026-09-08 07:00:59,2,(b) 6 - 7 ngày
NTB,Đắk Nông,22394000,(DNO) Quảng Tín,GYYQGQMN,SME,2026-09-01 16:45:00.322000,6.59443287,2026-09-08 07:00:59,2,(b) 6 - 7 ngày
NTB,Đắk Nông,22394000,(DNO) Quảng Tín,GYYQ87MT,SME,2026-09-01 16:45:09.661000,6.594328704,2026-09-08 07:00:59,0,(b) 6 - 7 ngày
NTB,Đắk Nông,22394000,(DNO) Quảng Tín,GYYQXCN6,SME,2026-09-01 16:45:21.156000,6.594189815,2026-09-08 07:00:59,2,(b) 6 - 7 ngày
NTB,Đắk Nông,22394000,(DNO) Quảng Tín,GYYFQFLT,SME,2026-09-01 16:45:25.685000,6.594143519,2026-09-08 07:00:59,2,(b) 6 - 7 ngày
NTB,Đắk Nông,22394000,(DNO) Quảng Tín,GYYLKUTB,SME,2026-09-01 16:45:25.685000,6.594143519,2026-09-08 07:00:59,2,(b) 6 - 7 ngày
NTB,Đắk Nông,22394000,(DNO) Quảng Tín,VNGH80768478907,TTS,2026-09-01 16:45:25.685000,6.594143519,2026-09-08 07:00:59,0,(b) 6 - 7 ngày
NTB,Đắk Nông,22394000,(DNO) Quảng Tín,GYYFA9F3,SME,2026-09-01 16:45:25.685000,6.594143519,2026-09-08 07:00:59,2,(b) 6 - 7 ngày
NTB,Đắk Nông,22394000,(DNO) Quảng Tín,GYY7F8G9,SME,2026-09-01 16:45:25.685000,6.594143519,2026-09-08 07:00:59,2,(b) 6 - 7 ngày
NTB,Đắk Nông,22394000,(DNO) Quảng Tín,VNGH80078688906,TTS,2026-09-01 16:45:25.685000,6.594143519,2026-09-08 07:00:59,2,(b) 6 - 7 ngày
NTB,Đắk Nông,22394000,(DNO) Quảng Tín,GYYFTQVA,SME,2026-09-01 16:45:25.685000,6.594143519,2026-09-08 07:00:59,0,(b) 6 - 7 ngày
NTB,Đắk Nông,22394000,(DNO) Quảng Tín,GYYLV63H,SME,2026-09-01 16:45:38.074000,6.593993056,2026-09-08 07:00:59,2,(b) 6 - 7 ngày
NTB,Đắk Nông,22394000,(DNO) Quảng Tín,GYYL8TLQ,SME,2026-09-01 16:45:38.074000,6.593993056,2026-09-08 07:00:59,0,(b) 6 - 7 ngày
NTB,Đắk Nông,22394000,(DNO) Quảng Tín,GYYLYCYT,SME,2026-09-01 16:45:38.074000,6.593993056,2026-09-08 07:00:59,2,(b) 6 - 7 ngày
NTB,Đắk Nông,22394000,(DNO) Quảng Tín,VNGH80812948904,TTS,2026-09-01 16:45:38.074000,6.593993056,2026-09-08 07:00:59,2,(b) 6 - 7 ngày
NTB,Đắk Nông,22394000,(DNO) Quảng Tín,GY8TBMAX,SME,2026-09-01 16:45:38.074000,6.593993056,2026-09-08 07:00:59,2,(b) 6 - 7 ngày
NTB,Đắk Nông,22394000,(DNO) Quảng Tín,VNGH80262008906,TTS,2026-09-01 16:45:38.074000,6.593993056,2026-09-08 07:00:59,2,(b) 6 - 7 ngày
NTB,Đắk Nông,22394000,(DNO) Quảng Tín,GYYLWYRA,SME,2026-09-01 16:45:38.074000,6.593993056,2026-09-08 07:00:59,2,(b) 6 - 7 ngày
NTB,Đắk Nông,22394000,(DNO) Quảng Tín,GYYLNDUB,SME,2026-09-01 16:45:38.074000,6.593993056,2026-09-08 07:00:59,2,(b) 6 - 7 ngày
NTB,Đắk Nông,22394000,(DNO) Quảng Tín,GYYL4PKC,SME,2026-09-01 16:46:23.651000,6.593472222,2026-09-08 07:00:59,2,(b) 6 - 7 ngày
NTB,Đắk Nông,22394000,(DNO) Quảng Tín,GYYFHY3D,SME,2026-09-01 16:46:23.651000,6.593472222,2026-09-08 07:00:59,1,(b) 6 - 7 ngày
NTB,Đắk Nông,20269000,(DNO) Kiến Đức,GYYQMQYN,SME,2026-09-01 17:54:54.189000,6.545891204,2026-09-08 07:00:59,2,(b) 6 - 7 ngày
NTB,Đắk Nông,20269000,(DNO) Kiến Đức,GY8EXRCM,SME,2026-09-01 17:54:54.189000,6.545891204,2026-09-08 07:00:59,3,(b) 6 - 7 ngày
NTB,Đắk Nông,20269000,(DNO) Kiến Đức,GYYLTC4B,SME,2026-09-01 17:55:28.294000,6.545497685,2026-09-08 07:00:59,2,(b) 6 - 7 ngày
NTB,Đắk Nông,20269000,(DNO) Kiến Đức,GYYLUA6G,SME,2026-09-01 17:55:28.294000,6.545497685,2026-09-08 07:00:59,2,(b) 6 - 7 ngày
NTB,Đắk Nông,20269000,(DNO) Kiến Đức,VNGH80743508905,TTS,2026-09-01 17:56:40.617000,6.544664352,2026-09-08 07:00:59,4,(b) 6 - 7 ngày
NTB,Đắk Nông,20269000,(DNO) Kiến Đức,GYYQE8FM,SME,2026-09-01 17:56:50.214000,6.544548611,2026-09-08 07:00:59,2,(b) 6 - 7 ngày
NTB,Đắk Nông,20269000,(DNO) Kiến Đức,GYYLWTEN,SME,2026-09-01 17:56:50.214000,6.544548611,2026-09-08 07:00:59,2,(b) 6 - 7 ngày
NTB,Lâm Đồng,22051000,(LDO) Lang Biang - Đà Lạt 1,GYYL4DPD,SME,2026-09-01 18:16:25.062000,6.530949074,2026-09-08 07:00:59,2,(b) 6 - 7 ngày
NTB,Lâm Đồng,22051000,(LDO) Lang Biang - Đà Lạt 1,GYYL3MMR,SME,2026-09-01 18:16:25.062000,6.530949074,2026-09-08 07:00:59,1,(b) 6 - 7 ngày
NTB,Lâm Đồng,22051000,(LDO) Lang Biang - Đà Lạt 1,GYYLWBNC,SME,2026-09-01 18:16:49.205000,6.530671296,2026-09-08 07:00:59,0,(b) 6 - 7 ngày
NTB,Lâm Đồng,22051000,(LDO) Lang Biang - Đà Lạt 1,GY8A9TQR,SME,2026-09-01 18:16:52.856000,6.530636574,2026-09-08 07:00:59,0,(b) 6 - 7 ngày
NTB,Lâm Đồng,22051000,(LDO) Lang Biang - Đà Lạt 1,GYYLU4YT,SME,2026-09-01 18:16:52.856000,6.530636574,2026-09-08 07:00:59,1,(b) 6 - 7 ngày
NTB,Lâm Đồng,22051000,(LDO) Lang Biang - Đà Lạt 1,VNGH80149898907,TTS,2026-09-01 18:17:32.357000,6.530173611,2026-09-08 07:00:59,2,(b) 6 - 7 ngày
NTB,Lâm Đồng,22051000,(LDO) Lang Biang - Đà Lạt 1,GYYQEYB3,SME,2026-09-01 18:17:38.698000,6.530104167,2026-09-08 07:00:59,1,(b) 6 - 7 ngày
NTB,Lâm Đồng,22051000,(LDO) Lang Biang - Đà Lạt 1,GYYQPNFN,SME,2026-09-01 18:17:38.698000,6.530104167,2026-09-08 07:00:59,1,(b) 6 - 7 ngày
NTB,Lâm Đồng,22051000,(LDO) Lang Biang - Đà Lạt 1,GYYLQCEE,SME,2026-09-01 18:17:38.698000,6.530104167,2026-09-08 07:00:59,1,(b) 6 - 7 ngày
NTB,Lâm Đồng,22051000,(LDO) Lang Biang - Đà Lạt 1,GYYQM9LH,SME,2026-09-01 18:18:29.415000,6.529513889,2026-09-08 07:00:59,1,(b) 6 - 7 ngày
NTB,Lâm Đồng,22051000,(LDO) Lang Biang - Đà Lạt 1,GYYQ8H39,SME,2026-09-01 18:18:29.415000,6.529513889,2026-09-08 07:00:59,1,(b) 6 - 7 ngày
NTB,Lâm Đồng,22051000,(LDO) Lang Biang - Đà Lạt 1,GY8E8P9P,SME,2026-09-01 18:18:29.415000,6.529513889,2026-09-08 07:00:59,1,(b) 6 - 7 ngày
NTB,Lâm Đồng,22051000,(LDO) Lang Biang - Đà Lạt 1,VNGH80357858909,TTS,2026-09-01 18:20:06.645000,6.528391204,2026-09-08 07:00:59,3,(b) 6 - 7 ngày
NTB,Lâm Đồng,22051000,(LDO) Lang Biang - Đà Lạt 1,GYYFP8H4,Shopee-Bulky,2026-09-01 18:20:32.261000,6.528090278,2026-09-08 07:00:59,1,(b) 6 - 7 ngày
NTB,Lâm Đồng,22051000,(LDO) Lang Biang - Đà Lạt 1,GYYLWERQ,SME,2026-09-01 18:20:39.810000,6.528009259,2026-09-08 07:00:59,2,(b) 6 - 7 ngày
NTB,Lâm Đồng,22051000,(LDO) Lang Biang - Đà Lạt 1,VNGH80480698904,TTS,2026-09-01 18:20:39.810000,6.528009259,2026-09-08 07:00:59,1,(b) 6 - 7 ngày
NTB,Lâm Đồng,22051000,(LDO) Lang Biang - Đà Lạt 1,GY8MYYAT,SME,2026-09-01 18:20:47.057000,6.527916667,2026-09-08 07:00:59,2,(b) 6 - 7 ngày
NTB,Lâm Đồng,22051000,(LDO) Lang Biang - Đà Lạt 1,GYYQP8LH,SME,2026-09-01 18:20:47.057000,6.527916667,2026-09-08 07:00:59,0,(b) 6 - 7 ngày
NTB,Lâm Đồng,22051000,(LDO) Lang Biang - Đà Lạt 1,GY8E8VTR,SME,2026-09-01 18:20:47.057000,6.527916667,2026-09-08 07:00:59,1,(b) 6 - 7 ngày
NTB,Lâm Đồng,22051000,(LDO) Lang Biang - Đà Lạt 1,GY8E8VLN,SME,2026-09-01 18:20:47.057000,6.527916667,2026-09-08 07:00:59,2,(b) 6 - 7 ngày
NTB,Lâm Đồng,22051000,(LDO) Lang Biang - Đà Lạt 1,GY8M6P4P,SME,2026-09-01 18:20:47.057000,6.527916667,2026-09-08 07:00:59,1,(b) 6 - 7 ngày
NTB,Lâm Đồng,22051000,(LDO) Lang Biang - Đà Lạt 1,GY8EHPPW,SME,2026-09-01 18:20:47.057000,6.527916667,2026-09-08 07:00:59,3,(b) 6 - 7 ngày
NTB,Lâm Đồng,22051000,(LDO) Lang Biang - Đà Lạt 1,GYYFF3EA,Shopee,2026-09-01 18:21:33.534000,6.527384259,2026-09-08 07:00:59,2,(b) 6 - 7 ngày
NTB,Lâm Đồng,22051000,(LDO) Lang Biang - Đà Lạt 1,VNGH80427508906,TTS,2026-09-01 18:22:27.976000,6.526759259,2026-09-08 07:00:59,2,(b) 6 - 7 ngày
NTB,Lâm Đồng,22051000,(LDO) Lang Biang - Đà Lạt 1,GY8ENANW,SME,2026-09-01 18:22:46.280000,6.526539352,2026-09-08 07:00:59,1,(b) 6 - 7 ngày
NTB,Lâm Đồng,22051000,(LDO) Lang Biang - Đà Lạt 1,GYYLQREA,SME,2026-09-01 18:22:46.280000,6.526539352,2026-09-08 07:00:59,1,(b) 6 - 7 ngày
NTB,Lâm Đồng,22051000,(LDO) Lang Biang - Đà Lạt 1,GYYQ43C4,SME,2026-09-01 18:22:49.896000,6.52650463,2026-09-08 07:00:59,1,(b) 6 - 7 ngày
NTB,Lâm Đồng,22051000,(LDO) Lang Biang - Đà Lạt 1,GYYFLVE8,Shopee-Bulky,2026-09-01 18:23:10.225000,6.526261574,2026-09-08 07:00:59,1,(b) 6 - 7 ngày
NTB,Lâm Đồng,22051000,(LDO) Lang Biang - Đà Lạt 1,GYYF84QT,Shopee-Bulky,2026-09-01 18:25:10.864000,6.524872685,2026-09-08 07:00:59,2,(b) 6 - 7 ngày
NTB,Lâm Đồng,22051000,(LDO) Lang Biang - Đà Lạt 1,VNGH80990098908,TTS,2026-09-01 18:25:10.864000,6.524872685,2026-09-08 07:00:59,3,(b) 6 - 7 ngày
NTB,Lâm Đồng,22051000,(LDO) Lang Biang - Đà Lạt 1,VNGH80906958902,TTS,2026-09-01 18:25:25.646000,6.524699074,2026-09-08 07:00:59,3,(b) 6 - 7 ngày
NTB,Lâm Đồng,22051000,(LDO) Lang Biang - Đà Lạt 1,GYYQ3Q3A,SME,2026-09-01 18:25:25.646000,6.524699074,2026-09-08 07:00:59,1,(b) 6 - 7 ngày
NTB,Lâm Đồng,22051000,(LDO) Lang Biang - Đà Lạt 1,VNGH80849198903,TTS,2026-09-01 18:25:25.646000,6.524699074,2026-09-08 07:00:59,2,(b) 6 - 7 ngày
NTB,Lâm Đồng,22051000,(LDO) Lang Biang - Đà Lạt 1,VNGH80430438905,TTS,2026-09-01 18:25:38.049000,6.524548611,2026-09-08 07:00:59,2,(b) 6 - 7 ngày
NTB,Lâm Đồng,22051000,(LDO) Lang Biang - Đà Lạt 1,GYYLQFBU,SME,2026-09-01 18:25:38.049000,6.524548611,2026-09-08 07:00:59,2,(b) 6 - 7 ngày
NTB,Lâm Đồng,22051000,(LDO) Lang Biang - Đà Lạt 1,GYYQDQH9,SME,2026-09-01 18:25:44.955000,6.524479167,2026-09-08 07:00:59,2,(b) 6 - 7 ngày
NTB,Lâm Đồng,22051000,(LDO) Lang Biang - Đà Lạt 1,VNGH80724188905,TTS,2026-09-01 18:26:04.727000,6.524247685,2026-09-08 07:00:59,1,(b) 6 - 7 ngày
NTB,Lâm Đồng,22051000,(LDO) Lang Biang - Đà Lạt 1,GYYQPEFY,SME,2026-09-01 18:27:30.723000,6.523252315,2026-09-08 07:00:59,1,(b) 6 - 7 ngày
NTB,Lâm Đồng,22051000,(LDO) Lang Biang - Đà Lạt 1,GYYLB8CH,SME,2026-09-01 18:27:30.723000,6.523252315,2026-09-08 07:00:59,2,(b) 6 - 7 ngày
NTB,Lâm Đồng,22051000,(LDO) Lang Biang - Đà Lạt 1,GYYLGRR7,SME,2026-09-01 18:27:30.723000,6.523252315,2026-09-08 07:00:59,1,(b) 6 - 7 ngày
NTB,Lâm Đồng,22051000,(LDO) Lang Biang - Đà Lạt 1,GYYQ8BL8,SME,2026-09-01 18:30:11.889000,6.521388889,2026-09-08 07:00:59,1,(b) 6 - 7 ngày
NTB,Lâm Đồng,22051000,(LDO) Lang Biang - Đà Lạt 1,GY8MVATQ,SME,2026-09-01 18:30:11.889000,6.521388889,2026-09-08 07:00:59,0,(b) 6 - 7 ngày
NTB,Lâm Đồng,22051000,(LDO) Lang Biang - Đà Lạt 1,GYYQWU4R,SME,2026-09-01 18:30:11.889000,6.521388889,2026-09-08 07:00:59,1,(b) 6 - 7 ngày
NTB,Lâm Đồng,22051000,(LDO) Lang Biang - Đà Lạt 1,GY8YPPDG,SME,2026-09-01 18:30:30.589000,6.521168981,2026-09-08 07:00:59,1,(b) 6 - 7 ngày
NTB,Lâm Đồng,22051000,(LDO) Lang Biang - Đà Lạt 1,GYYQE977,SME,2026-09-01 18:30:30.589000,6.521168981,2026-09-08 07:00:59,2,(b) 6 - 7 ngày
NTB,Khánh Hòa,20495000,(KHO) Nha Trang,GYYFQY8V,SME,2026-09-01 18:47:11.690000,6.509583333,2026-09-08 07:00:59,0,(b) 6 - 7 ngày
NTB,Khánh Hòa,22746000,(KHO) Nam Nha Trang 1,VNGH80987138907,TTS,2026-09-01 19:04:40.731000,6.49744213,2026-09-08 07:00:59,0,(b) 6 - 7 ngày
NTB,Đắk Nông,22048000,(DNO) Đông Gia Nghĩa,GYYF8MBY,SME,2026-09-01 19:14:35.934000,6.490555556,2026-09-08 07:00:59,3,(b) 6 - 7 ngày
NTB,Đắk Nông,22048000,(DNO) Đông Gia Nghĩa,GYYQVHVV,Shopee,2026-09-01 19:15:29.153000,6.489930556,2026-09-08 07:00:59,3,(b) 6 - 7 ngày
NTB,Đắk Nông,22048000,(DNO) Đông Gia Nghĩa,VNGH80436238907,TTS,2026-09-01 19:15:56.214000,6.489618056,2026-09-08 07:00:59,5,(b) 6 - 7 ngày
NTB,Đắk Nông,20673000,(DNO) Cư Jút,GYYQ8TUY,SME,2026-09-01 20:15:04.389000,6.448553241,2026-09-08 07:00:59,4,(b) 6 - 7 ngày
NTB,Đắk Nông,22242000,(DNO) Bắc Gia Nghĩa,GYY7EFLN,Shopee,2026-09-02 05:02:58.929000,6.081956019,2026-09-08 07:00:59,2,(b) 6 - 7 ngày
NTB,Khánh Hòa,20694000,(KHO) Ninh Hòa 1,GYY7L34X,SME,2026-09-02 05:43:45.335000,6.053634259,2026-09-08 07:00:59,3,(b) 6 - 7 ngày
NTB,Lâm Đồng,22389000,(LDO) Đức Trọng 1,GYYQEWAE,SME,2026-09-02 05:51:41.327000,6.048125,2026-09-08 07:00:59,1,(b) 6 - 7 ngày
NTB,Lâm Đồng,22389000,(LDO) Đức Trọng 1,GYYQRH6H,SME,2026-09-02 05:51:41.327000,6.048125,2026-09-08 07:00:59,1,(b) 6 - 7 ngày
NTB,Lâm Đồng,22389000,(LDO) Đức Trọng 1,GYYQQ3EL,SME,2026-09-02 05:51:41.327000,6.048125,2026-09-08 07:00:59,1,(b) 6 - 7 ngày
NTB,Lâm Đồng,22389000,(LDO) Đức Trọng 1,GYY7QKXN,SME,2026-09-02 05:53:42.873000,6.046724537,2026-09-08 07:00:59,1,(b) 6 - 7 ngày
NTB,Lâm Đồng,22389000,(LDO) Đức Trọng 1,GYY7LBPC,Shopee-Bulky,2026-09-02 05:54:31.306000,6.046157407,2026-09-08 07:00:59,0,(b) 6 - 7 ngày
NTB,Lâm Đồng,22389000,(LDO) Đức Trọng 1,GYYFHDB7,SME,2026-09-02 05:54:42.758000,6.046030093,2026-09-08 07:00:59,0,(b) 6 - 7 ngày
NTB,Khánh Hòa,20143000,(KHO) Diên Khánh 2,VNGH80483608907,TTS,2026-09-02 06:05:57.347000,6.038217593,2026-09-08 07:00:59,4,(b) 6 - 7 ngày
NTB,Lâm Đồng,21377000,(LDO) Đơn Dương,GYYLB4QD,SME,2026-09-02 06:09:30.373000,6.035752315,2026-09-08 07:00:59,2,(b) 6 - 7 ngày
NTB,Lâm Đồng,21377000,(LDO) Đơn Dương,GYYFTFX3,SME,2026-09-02 06:10:28.553000,6.035081019,2026-09-08 07:00:59,1,(b) 6 - 7 ngày
NTB,Lâm Đồng,21377000,(LDO) Đơn Dương,GY8R9XWY,SME,2026-09-02 06:10:35.779000,6.035,2026-09-08 07:00:59,1,(b) 6 - 7 ngày
NTB,Lâm Đồng,21377000,(LDO) Đơn Dương,GYY7G4EL,SME,2026-09-02 06:10:35.779000,6.035,2026-09-08 07:00:59,3,(b) 6 - 7 ngày
NTB,Lâm Đồng,21377000,(LDO) Đơn Dương,GYYFLLHA,SME,2026-09-02 06:14:38.233000,6.0321875,2026-09-08 07:00:59,3,(b) 6 - 7 ngày
NTB,Đắk Nông,22048000,(DNO) Đông Gia Nghĩa,VNGH80008918908,TTS-Bulky,2026-09-02 06:15:40.232000,6.031469907,2026-09-08 07:00:59,5,(b) 6 - 7 ngày
NTB,Lâm Đồng,21377000,(LDO) Đơn Dương,GYYLBRDA,Shopee-Bulky,2026-09-02 06:15:48.728000,6.031377315,2026-09-08 07:00:59,1,(b) 6 - 7 ngày
NTB,Lâm Đồng,21377000,(LDO) Đơn Dương,GY8EXW4R,SME,2026-09-02 06:16:42.252000,6.030752315,2026-09-08 07:00:59,1,(b) 6 - 7 ngày
NTB,Đắk Nông,22048000,(DNO) Đông Gia Nghĩa,VNGH80485068906,TTS,2026-09-02 06:17:33.875000,6.030162037,2026-09-08 07:00:59,4,(b) 6 - 7 ngày
NTB,Lâm Đồng,22425000,(LDO) Tân Hà Lâm Hà,GYYLVA7C,SME,2026-09-02 06:17:40.855000,6.030081019,2026-09-08 07:00:59,3,(b) 6 - 7 ngày
NTB,Lâm Đồng,22425000,(LDO) Tân Hà Lâm Hà,GYYQ8CU9,SME,2026-09-02 06:17:40.855000,6.030081019,2026-09-08 07:00:59,1,(b) 6 - 7 ngày
NTB,Đắk Nông,22048000,(DNO) Đông Gia Nghĩa,GYYLRWLE,SME,2026-09-02 06:17:45.016000,6.030023148,2026-09-08 07:00:59,3,(b) 6 - 7 ngày
NTB,Lâm Đồng,21377000,(LDO) Đơn Dương,VNGH80558728904,TTS,2026-09-02 06:18:27.597000,6.029537037,2026-09-08 07:00:59,0,(b) 6 - 7 ngày
NTB,Lâm Đồng,22425000,(LDO) Tân Hà Lâm Hà,GYYL44GY,SME,2026-09-02 06:18:56.312000,6.029201389,2026-09-08 07:00:59,1,(b) 6 - 7 ngày
NTB,Lâm Đồng,22425000,(LDO) Tân Hà Lâm Hà,GY8MXEH7,SME,2026-09-02 06:18:56.312000,6.029201389,2026-09-08 07:00:59,2,(b) 6 - 7 ngày
NTB,Lâm Đồng,22425000,(LDO) Tân Hà Lâm Hà,GYY7FNRT,SME,2026-09-02 06:19:23.219000,6.028888889,2026-09-08 07:00:59,2,(b) 6 - 7 ngày
NTB,Lâm Đồng,21377000,(LDO) Đơn Dương,VNGH80552278908,TTS,2026-09-02 06:21:15.058000,6.027592593,2026-09-08 07:00:59,2,(b) 6 - 7 ngày
NTB,Lâm Đồng,21377000,(LDO) Đơn Dương,VNGH80038528906,TTS,2026-09-02 06:24:53.118000,6.025069444,2026-09-08 07:00:59,3,(b) 6 - 7 ngày
NTB,Khánh Hòa,2399,(KHO) Bắc Nha Trang,GYYLBQ6A,SME,2026-09-02 06:26:56.369000,6.023645833,2026-09-08 07:00:59,3,(b) 6 - 7 ngày
NTB,Lâm Đồng,21377000,(LDO) Đơn Dương,GYYF8FWF,SME,2026-09-02 06:31:20.321000,6.020590278,2026-09-08 07:00:59,2,(b) 6 - 7 ngày
NTB,Lâm Đồng,22312000,(LDO) Lâm Viên - Đà Lạt 1,GYYLKA8L,SME,2026-09-02 06:32:58.294000,6.019456019,2026-09-08 07:00:59,3,(b) 6 - 7 ngày
NTB,Lâm Đồng,21377000,(LDO) Đơn Dương,GYYFTP9E,SME,2026-09-02 06:33:44.304000,6.018923611,2026-09-08 07:00:59,1,(b) 6 - 7 ngày
NTB,Đắk Nông,20269000,(DNO) Kiến Đức,GYYQABHH,SME,2026-09-02 06:36:55.876000,6.016712963,2026-09-08 07:00:59,2,(b) 6 - 7 ngày
NTB,Đắk Nông,20269000,(DNO) Kiến Đức,GYYLKPD8,SME,2026-09-02 06:38:00.893000,6.015960648,2026-09-08 07:00:59,3,(b) 6 - 7 ngày
NTB,Đắk Nông,20269000,(DNO) Kiến Đức,GYYFXEPH,SME,2026-09-02 06:38:04.272000,6.015914352,2026-09-08 07:00:59,3,(b) 6 - 7 ngày
NTB,Lâm Đồng,21687000,(LDO) Lang Biang - Đà Lạt 2,GYYLKGEC,SME,2026-09-02 06:38:21.174000,6.015717593,2026-09-08 07:00:59,3,(b) 6 - 7 ngày
NTB,Đắk Nông,20269000,(DNO) Kiến Đức,GYYLXR6E,SME,2026-09-02 06:38:55.207000,6.015324074,2026-09-08 07:00:59,1,(b) 6 - 7 ngày
NTB,Đắk Nông,20269000,(DNO) Kiến Đức,GYYLY3B3,SME,2026-09-02 06:38:55.207000,6.015324074,2026-09-08 07:00:59,1,(b) 6 - 7 ngày
NTB,Đắk Nông,20269000,(DNO) Kiến Đức,VNGH80901548904,TTS,2026-09-02 06:39:52.943000,6.014664352,2026-09-08 07:00:59,3,(b) 6 - 7 ngày
NTB,Đắk Nông,20269000,(DNO) Kiến Đức,VNGH80396018908,TTS,2026-09-02 06:39:57.470000,6.014606481,2026-09-08 07:00:59,0,(b) 6 - 7 ngày
NTB,Khánh Hòa,20588000,(KHO) Cam Lâm 2,GYYFBDLP,SME,2026-09-02 06:40:11.068000,6.014444444,2026-09-08 07:00:59,3,(b) 6 - 7 ngày
NTB,Đắk Nông,20269000,(DNO) Kiến Đức,GYYGLCQ7,SME,2026-09-02 06:41:13.199000,6.013726852,2026-09-08 07:00:59,3,(b) 6 - 7 ngày
NTB,Khánh Hòa,20543000,(KHO) Ninh Hòa 2,GYY7QHAM,SME,2026-09-02 06:41:57.051000,6.013217593,2026-09-08 07:00:59,3,(b) 6 - 7 ngày
NTB,Đắk Nông,20269000,(DNO) Kiến Đức,GYYLWYXM,SME,2026-09-02 06:42:07.648000,6.013101852,2026-09-08 07:00:59,2,(b) 6 - 7 ngày
NTB,Đắk Nông,20269000,(DNO) Kiến Đức,GYYLYGQD,SME,2026-09-02 06:42:07.648000,6.013101852,2026-09-08 07:00:59,2,(b) 6 - 7 ngày
NTB,Đắk Nông,20269000,(DNO) Kiến Đức,GYYLHGFB,SME,2026-09-02 06:42:07.648000,6.013101852,2026-09-08 07:00:59,2,(b) 6 - 7 ngày
NTB,Đắk Nông,20269000,(DNO) Kiến Đức,GYYLYBGY,SME,2026-09-02 06:42:07.648000,6.013101852,2026-09-08 07:00:59,2,(b) 6 - 7 ngày
NTB,Đắk Nông,20269000,(DNO) Kiến Đức,GYYLN89T,Shopee-Bulky,2026-09-02 06:42:59.843000,6.0125,2026-09-08 07:00:59,2,(b) 6 - 7 ngày
NTB,Lâm Đồng,21688000,(LDO) 1 Bảo Lộc,GY8MBXHG,SME,2026-09-02 06:43:04.974000,6.01244213,2026-09-08 07:00:59,4,(b) 6 - 7 ngày
NTB,Đắk Nông,20269000,(DNO) Kiến Đức,GYYLMXTE,SME,2026-09-02 06:43:48.315000,6.01193287,2026-09-08 07:00:59,3,(b) 6 - 7 ngày
NTB,Đắk Nông,20269000,(DNO) Kiến Đức,GYYFDQYA,SME,2026-09-02 06:44:13.060000,6.011643519,2026-09-08 07:00:59,1,(b) 6 - 7 ngày
NTB,Đắk Nông,20269000,(DNO) Kiến Đức,GYYF8FAT,SME,2026-09-02 06:44:33.066000,6.011412037,2026-09-08 07:00:59,3,(b) 6 - 7 ngày
NTB,Ninh Thuận,22861000,(NTH) Phan Rang,GYYLKTMA,SME,2026-09-02 06:46:55.159000,6.009768519,2026-09-08 07:00:59,3,(b) 6 - 7 ngày
NTB,Khánh Hòa,20558000,(KHO) Khánh Vĩnh,GYYL8BMC,SME,2026-09-02 06:47:12.651000,6.009571759,2026-09-08 07:00:59,3,(b) 6 - 7 ngày
NTB,Đắk Nông,20269000,(DNO) Kiến Đức,VNGH80344928906,TTS,2026-09-02 06:47:24.719000,6.00943287,2026-09-08 07:00:59,2,(b) 6 - 7 ngày
NTB,Ninh Thuận,22861000,(NTH) Phan Rang,VNGH80429708906,TTS,2026-09-02 06:48:13.197000,6.008865741,2026-09-08 07:00:59,5,(b) 6 - 7 ngày
NTB,Khánh Hòa,22704000,(KHO) Nam Nha Trang 2,GYYFBK6R,SME,2026-09-02 07:00:23.968000,6.000416667,2026-09-08 07:00:59,5,(b) 6 - 7 ngày
NTB,Ninh Thuận,20499000,(NTH) Phước Dinh,VNGH80357368908,TTS,2026-09-02 07:04:38.891000,5.997465278,2026-09-08 07:00:59,4,(a) 5 - 6 ngày
NTB,Khánh Hòa,20543000,(KHO) Ninh Hòa 2,GYYLDF4X,SME,2026-09-02 07:05:37.413000,5.996782407,2026-09-08 07:00:59,3,(a) 5 - 6 ngày
NTB,Đắk Nông,21150000,(DNO) Quảng Sơn,VNGH80388348908,TTS,2026-09-02 07:20:28.230000,5.986469907,2026-09-08 07:00:59,5,(a) 5 - 6 ngày
NTB,Đắk Nông,22394000,(DNO) Quảng Tín,GYYG7X64,SME,2026-09-02 07:30:08.507000,5.979756944,2026-09-08 07:00:59,2,(a) 5 - 6 ngày
NTB,Đắk Nông,22394000,(DNO) Quảng Tín,VNGH80674268909,TTS,2026-09-02 07:30:08.507000,5.979756944,2026-09-08 07:00:59,0,(a) 5 - 6 ngày
NTB,Đắk Nông,22394000,(DNO) Quảng Tín,VNGH80172158908,TTS,2026-09-02 07:30:08.507000,5.979756944,2026-09-08 07:00:59,2,(a) 5 - 6 ngày
NTB,Đắk Nông,22394000,(DNO) Quảng Tín,GYY7LD3T,SME,2026-09-02 07:30:08.507000,5.979756944,2026-09-08 07:00:59,2,(a) 5 - 6 ngày
NTB,Đắk Nông,22394000,(DNO) Quảng Tín,VNGH80016668909,TTS,2026-09-02 07:30:08.507000,5.979756944,2026-09-08 07:00:59,1,(a) 5 - 6 ngày
NTB,Đắk Nông,22394000,(DNO) Quảng Tín,VNGH80583988908,TTS,2026-09-02 07:30:08.507000,5.979756944,2026-09-08 07:00:59,2,(a) 5 - 6 ngày
NTB,Đắk Nông,22394000,(DNO) Quảng Tín,VNGH80398938906,TTS,2026-09-02 07:30:08.507000,5.979756944,2026-09-08 07:00:59,2,(a) 5 - 6 ngày
NTB,Đắk Nông,22394000,(DNO) Quảng Tín,VNGH80709968909,TTS,2026-09-02 07:30:08.507000,5.979756944,2026-09-08 07:00:59,2,(a) 5 - 6 ngày
NTB,Đắk Nông,22394000,(DNO) Quảng Tín,GYY7AXYT,SME,2026-09-02 07:30:08.507000,5.979756944,2026-09-08 07:00:59,2,(a) 5 - 6 ngày
NTB,Đắk Nông,22394000,(DNO) Quảng Tín,VNGH80119058910,TTS,2026-09-02 07:30:08.507000,5.979756944,2026-09-08 07:00:59,0,(a) 5 - 6 ngày
NTB,Đắk Nông,22394000,(DNO) Quảng Tín,VNGH80229308908,TTS,2026-09-02 07:30:08.507000,5.979756944,2026-09-08 07:00:59,2,(a) 5 - 6 ngày
NTB,Lâm Đồng,21537000,(LDO) Lâm Viên - Đà Lạt 2,GYYF3KFD,Shopee-Bulky,2026-09-02 07:30:48.329000,5.979293981,2026-09-08 07:00:59,2,(a) 5 - 6 ngày
NTB,Đắk Nông,22394000,(DNO) Quảng Tín,GYY778TP,SME,2026-09-02 07:30:53.806000,5.979236111,2026-09-08 07:00:59,2,(a) 5 - 6 ngày
NTB,Đắk Nông,22394000,(DNO) Quảng Tín,GY8EEUF4,SME,2026-09-02 07:30:53.806000,5.979236111,2026-09-08 07:00:59,0,(a) 5 - 6 ngày
NTB,Đắk Nông,22394000,(DNO) Quảng Tín,GYYLHXDR,SME,2026-09-02 07:30:53.806000,5.979236111,2026-09-08 07:00:59,2,(a) 5 - 6 ngày
NTB,Đắk Nông,22394000,(DNO) Quảng Tín,GYYLYPP6,SME,2026-09-02 07:30:53.806000,5.979236111,2026-09-08 07:00:59,2,(a) 5 - 6 ngày
NTB,Đắk Nông,20590000,(DNO) Tuy Đức,VNGH80485698907,TTS,2026-09-02 07:30:58.386000,5.979178241,2026-09-08 07:00:59,2,(a) 5 - 6 ngày
NTB,Đắk Nông,20590000,(DNO) Tuy Đức,GY8KWCGH,SME,2026-09-02 07:31:08.659000,5.9790625,2026-09-08 07:00:59,2,(a) 5 - 6 ngày
NTB,Lâm Đồng,22222000,(LDO) Bảo Lâm 1,GYYL47F8,SME,2026-09-02 07:31:29.465000,5.978819444,2026-09-08 07:00:59,0,(a) 5 - 6 ngày
NTB,Đắk Nông,20590000,(DNO) Tuy Đức,GYYLULMP,Shopee,2026-09-02 07:31:46.948000,5.978622685,2026-09-08 07:00:59,2,(a) 5 - 6 ngày
NTB,Lâm Đồng,21537000,(LDO) Lâm Viên - Đà Lạt 2,GYYLNXFB,SME,2026-09-02 07:31:58.144000,5.978483796,2026-09-08 07:00:59,2,(a) 5 - 6 ngày
NTB,Đắk Nông,22394000,(DNO) Quảng Tín,VNGH80797948904,TTS,2026-09-02 07:32:32.350000,5.978090278,2026-09-08 07:00:59,0,(a) 5 - 6 ngày
NTB,Đắk Nông,22394000,(DNO) Quảng Tín,GYYLYFQM,SME,2026-09-02 07:32:32.350000,5.978090278,2026-09-08 07:00:59,0,(a) 5 - 6 ngày
NTB,Đắk Nông,22394000,(DNO) Quảng Tín,GY8MBEE3,SME,2026-09-02 07:32:32.350000,5.978090278,2026-09-08 07:00:59,2,(a) 5 - 6 ngày
NTB,Đắk Nông,20590000,(DNO) Tuy Đức,VNGH80389358905,TTS,2026-09-02 07:33:08.478000,5.977673611,2026-09-08 07:00:59,5,(a) 5 - 6 ngày
NTB,Khánh Hòa,21046000,(KHO) Vạn Ninh,GYYQDXKX,Shopee,2026-09-02 07:33:18.088000,5.97755787,2026-09-08 07:00:59,0,(a) 5 - 6 ngày
NTB,Khánh Hòa,21046000,(KHO) Vạn Ninh,GYYLEVK6,SME,2026-09-02 07:33:18.088000,5.97755787,2026-09-08 07:00:59,1,(a) 5 - 6 ngày
NTB,Đắk Nông,22394000,(DNO) Quảng Tín,VNGH80764868909,TTS,2026-09-02 07:34:31.457000,5.976712963,2026-09-08 07:00:59,4,(a) 5 - 6 ngày
NTB,Đắk Nông,22394000,(DNO) Quảng Tín,GYYQE78E,SME,2026-09-02 07:35:05.112000,5.976319444,2026-09-08 07:00:59,0,(a) 5 - 6 ngày
NTB,Đắk Nông,22394000,(DNO) Quảng Tín,GYYLT4GA,SME,2026-09-02 07:37:13.669000,5.974837963,2026-09-08 07:00:59,2,(a) 5 - 6 ngày
NTB,Đắk Nông,22394000,(DNO) Quảng Tín,GYYLRUEC,SME,2026-09-02 07:37:13.669000,5.974837963,2026-09-08 07:00:59,0,(a) 5 - 6 ngày
NTB,Đắk Nông,22394000,(DNO) Quảng Tín,VNGH80232628909,TTS,2026-09-02 07:37:21.794000,5.97474537,2026-09-08 07:00:59,2,(a) 5 - 6 ngày
NTB,Đắk Nông,22394000,(DNO) Quảng Tín,VNGH80827268909,TTS,2026-09-02 07:39:15.492000,5.973425926,2026-09-08 07:00:59,0,(a) 5 - 6 ngày
NTB,Đắk Nông,22394000,(DNO) Quảng Tín,VNGH80715238909,TTS,2026-09-02 07:40:27.896000,5.972592593,2026-09-08 07:00:59,4,(a) 5 - 6 ngày
NTB,Khánh Hòa,21331000,(KHO) Cam Lâm 1,GYYLMAPD,Shopee,2026-09-02 07:43:30.984000,5.970474537,2026-09-08 07:00:59,1,(a) 5 - 6 ngày
NTB,Khánh Hòa,21331000,(KHO) Cam Lâm 1,GYYFXKMN,SME,2026-09-02 07:44:32.133000,5.969756944,2026-09-08 07:00:59,2,(a) 5 - 6 ngày
NTB,Khánh Hòa,21331000,(KHO) Cam Lâm 1,GYYFGRMK,SME,2026-09-02 07:44:47.868000,5.969583333,2026-09-08 07:00:59,2,(a) 5 - 6 ngày
NTB,Khánh Hòa,21331000,(KHO) Cam Lâm 1,GYYLHQ3E,SME,2026-09-02 07:45:44.301000,5.968923611,2026-09-08 07:00:59,0,(a) 5 - 6 ngày
NTB,Khánh Hòa,21331000,(KHO) Cam Lâm 1,GYYFBE73,Shopee-Bulky,2026-09-02 07:46:37.249000,5.968310185,2026-09-08 07:00:59,0,(a) 5 - 6 ngày
NTB,Lâm Đồng,21126000,(LDO) Xuân Hương - Đà Lạt,GYYL4CCK,SME,2026-09-02 07:57:11.215000,5.960972222,2026-09-08 07:00:59,2,(a) 5 - 6 ngày
NTB,Lâm Đồng,21126000,(LDO) Xuân Hương - Đà Lạt,GYYQY43Y,Shopee-Bulky,2026-09-02 08:00:15.235000,5.958842593,2026-09-08 07:00:59,2,(a) 5 - 6 ngày
NTB,Lâm Đồng,21126000,(LDO) Xuân Hương - Đà Lạt,VNGH80562168904,TTS,2026-09-02 08:00:17.371000,5.958819444,2026-09-08 07:00:59,2,(a) 5 - 6 ngày
NTB,Lâm Đồng,21126000,(LDO) Xuân Hương - Đà Lạt,GYYF4L6T,SME,2026-09-02 08:03:48.021000,5.956377315,2026-09-08 07:00:59,1,(a) 5 - 6 ngày
NTB,Lâm Đồng,21126000,(LDO) Xuân Hương - Đà Lạt,VNGH80801038903,TTS,2026-09-02 08:05:05.525000,5.955486111,2026-09-08 07:00:59,2,(a) 5 - 6 ngày
NTB,Đắk Nông,22242000,(DNO) Bắc Gia Nghĩa,GYYFQTCP,SME,2026-09-02 11:09:13.164000,5.827615741,2026-09-08 07:00:59,2,(a) 5 - 6 ngày
NTB,Đắk Nông,22242000,(DNO) Bắc Gia Nghĩa,GYYQRLUA,SME,2026-09-02 11:09:15.288000,5.827592593,2026-09-08 07:00:59,2,(a) 5 - 6 ngày
NTB,Đắk Nông,22242000,(DNO) Bắc Gia Nghĩa,GYYQY8WM,SME,2026-09-02 11:11:03.802000,5.826342593,2026-09-08 07:00:59,1,(a) 5 - 6 ngày
NTB,Đắk Nông,22242000,(DNO) Bắc Gia Nghĩa,GY8ERGRP,SME,2026-09-02 11:11:03.802000,5.826342593,2026-09-08 07:00:59,1,(a) 5 - 6 ngày
NTB,Đắk Nông,22242000,(DNO) Bắc Gia Nghĩa,GYYL838T,SME,2026-09-02 11:11:03.802000,5.826342593,2026-09-08 07:00:59,3,(a) 5 - 6 ngày
NTB,Đắk Nông,22242000,(DNO) Bắc Gia Nghĩa,GYYLG63U,SME,2026-09-02 11:11:03.802000,5.826342593,2026-09-08 07:00:59,2,(a) 5 - 6 ngày
NTB,Đắk Nông,22242000,(DNO) Bắc Gia Nghĩa,GYYQYG3L,SME,2026-09-02 11:11:33.715000,5.82599537,2026-09-08 07:00:59,4,(a) 5 - 6 ngày
NTB,Lâm Đồng,21516000,(LDO) Đức Trọng 2,VNGH80666068909,TTS,2026-09-02 11:13:51.282000,5.824398148,2026-09-08 07:00:59,4,(a) 5 - 6 ngày
NTB,Lâm Đồng,21516000,(LDO) Đức Trọng 2,VNGH80482648910,TTS,2026-09-02 11:13:51.282000,5.824398148,2026-09-08 07:00:59,4,(a) 5 - 6 ngày
NTB,Đắk Nông,20269003,(DNO) Nhân Cơ,GYYFENWF,SME,2026-09-02 11:18:26.335000,5.821215278,2026-09-08 07:00:59,2,(a) 5 - 6 ngày
NTB,Đắk Nông,20269003,(DNO) Nhân Cơ,GYYF8MCD,SME,2026-09-02 11:18:26.335000,5.821215278,2026-09-08 07:00:59,2,(a) 5 - 6 ngày
NTB,Đắk Nông,20269003,(DNO) Nhân Cơ,VNGH80591028909,TTS,2026-09-02 11:18:26.335000,5.821215278,2026-09-08 07:00:59,0,(a) 5 - 6 ngày
NTB,Đắk Nông,20269003,(DNO) Nhân Cơ,VNGH80910708901,TTS,2026-09-02 11:19:08.374000,5.820729167,2026-09-08 07:00:59,1,(a) 5 - 6 ngày
NTB,Đắk Nông,20269003,(DNO) Nhân Cơ,GYYLYM43,SME,2026-09-02 11:19:08.374000,5.820729167,2026-09-08 07:00:59,1,(a) 5 - 6 ngày
NTB,Lâm Đồng,21468000,(LDO) 3 Bảo Lộc,VNGH80179188905,TTS,2026-09-02 11:43:59.406000,5.803472222,2026-09-08 07:00:59,5,(a) 5 - 6 ngày
NTB,Lâm Đồng,22759000,(LDO) Hòa Ninh,VNGH80818108906,TTS,2026-09-02 11:54:46.157000,5.795983796,2026-09-08 07:00:59,2,(a) 5 - 6 ngày
NTB,Lâm Đồng,22759000,(LDO) Hòa Ninh,VNGH80400078908,TTS,2026-09-02 11:55:54.004000,5.795196759,2026-09-08 07:00:59,5,(a) 5 - 6 ngày
NTB,Lâm Đồng,22759000,(LDO) Hòa Ninh,GYYQRXAC,SME,2026-09-02 11:57:23.343000,5.794166667,2026-09-08 07:00:59,2,(a) 5 - 6 ngày
NTB,Lâm Đồng,21468000,(LDO) 3 Bảo Lộc,GYYFTDPF,SME,2026-09-02 11:58:56.815000,5.793090278,2026-09-08 07:00:59,3,(a) 5 - 6 ngày
NTB,Lâm Đồng,21468000,(LDO) 3 Bảo Lộc,VNGH80907648910,TTS,2026-09-02 12:00:12.821000,5.792210648,2026-09-08 07:00:59,5,(a) 5 - 6 ngày
NTB,Khánh Hòa,20543000,(KHO) Ninh Hòa 2,VNGH80481998907,TTS,2026-09-02 12:04:15.342000,5.789398148,2026-09-08 07:00:59,4,(a) 5 - 6 ngày
NTB,Đắk Nông,21150000,(DNO) Quảng Sơn,VNGH80748738908,TTS,2026-09-02 12:15:39.376000,5.781481481,2026-09-08 07:00:59,5,(a) 5 - 6 ngày
NTB,Lâm Đồng,21294000,(LDO) Đinh Văn Lâm Hà,GYYFP9WA,SME,2026-09-02 12:20:17.724000,5.778263889,2026-09-08 07:00:59,3,(a) 5 - 6 ngày
NTB,Lâm Đồng,21688000,(LDO) 1 Bảo Lộc,VNGH80227848909,TTS,2026-09-02 12:25:41.585000,5.774513889,2026-09-08 07:00:59,5,(a) 5 - 6 ngày
NTB,Bình Thuận,21320000,(BTH) Phú Thủy,GYY7MGVB,SME,2026-09-02 12:32:40.285000,5.769664352,2026-09-08 07:00:59,3,(a) 5 - 6 ngày
NTB,Lâm Đồng,20785000,(LDO) B'Lao,GYYFD8EX,SME,2026-09-02 12:32:41.226000,5.769652778,2026-09-08 07:00:59,3,(a) 5 - 6 ngày
NTB,Lâm Đồng,20785000,(LDO) B'Lao,GYYLMPLH,SME,2026-09-02 12:33:11.984000,5.769305556,2026-09-08 07:00:59,4,(a) 5 - 6 ngày
NTB,Lâm Đồng,21687000,(LDO) Lang Biang - Đà Lạt 2,GYYL6XXD,SME,2026-09-02 12:40:14.968000,5.764409722,2026-09-08 07:00:59,2,(a) 5 - 6 ngày
NTB,Lâm Đồng,21687000,(LDO) Lang Biang - Đà Lạt 2,GYY7FKQG,SME,2026-09-02 12:41:13.481000,5.763726852,2026-09-08 07:00:59,2,(a) 5 - 6 ngày
NTB,Bình Thuận,22483000,(BTH) Hàm Thuận,VNGH80299848907,TTS,2026-09-02 12:43:05.662000,5.762430556,2026-09-08 07:00:59,5,(a) 5 - 6 ngày
NTB,Khánh Hòa,20143000,(KHO) Diên Khánh 2,VNGH80919538908,TTS,2026-09-02 12:43:11.377000,5.762361111,2026-09-08 07:00:59,5,(a) 5 - 6 ngày
NTB,Bình Thuận,22483000,(BTH) Hàm Thuận,VNGH80185618908,TTS,2026-09-02 12:43:14.385000,5.762326389,2026-09-08 07:00:59,3,(a) 5 - 6 ngày
NTB,Bình Thuận,22483000,(BTH) Hàm Thuận,VNGH80994518906,TTS,2026-09-02 12:46:49.783000,5.759837963,2026-09-08 07:00:59,5,(a) 5 - 6 ngày
NTB,Lâm Đồng,22312000,(LDO) Lâm Viên - Đà Lạt 1,VNGH80390108908,TTS,2026-09-02 12:52:18.022000,5.756030093,2026-09-08 07:00:59,4,(a) 5 - 6 ngày
NTB,Bình Thuận,22483000,(BTH) Hàm Thuận,VNGH80501308907,TTS,2026-09-02 12:54:40.460000,5.754386574,2026-09-08 07:00:59,5,(a) 5 - 6 ngày
NTB,Khánh Hòa,20320000,(KHO) Tây Nha Trang,VNGH80811558907,TTS,2026-09-02 13:02:16.546000,5.749108796,2026-09-08 07:00:59,4,(a) 5 - 6 ngày
NTB,Bình Thuận,20144000,(BTH) Mũi Né,VNGH80330638909,TTS,2026-09-02 13:07:05.817000,5.745763889,2026-09-08 07:00:59,5,(a) 5 - 6 ngày
NTB,Lâm Đồng,23015000,(LDO) Bảo Lâm 3,VNGH80200338907,TTS,2026-09-02 13:13:37.334000,5.741226852,2026-09-08 07:00:59,5,(a) 5 - 6 ngày
NTB,Lâm Đồng,23015000,(LDO) Bảo Lâm 3,GYYFXWRX,SME,2026-09-02 13:15:26.014000,5.739965278,2026-09-08 07:00:59,3,(a) 5 - 6 ngày
NTB,Lâm Đồng,23015000,(LDO) Bảo Lâm 3,GYYLKAVL,SME,2026-09-02 13:15:41.715000,5.739791667,2026-09-08 07:00:59,3,(a) 5 - 6 ngày
NTB,Lâm Đồng,22116000,(LDO) Xuân Trường - Đà Lạt,GYYLA8C6,SME,2026-09-02 13:21:31.625000,5.735740741,2026-09-08 07:00:59,3,(a) 5 - 6 ngày
NTB,Đắk Nông,20591000,(DNO) Krông Nô,VNGH80952128909,TTS,2026-09-02 13:27:15.016000,5.731759259,2026-09-08 07:00:59,4,(a) 5 - 6 ngày
NTB,Bình Thuận,2357,(BTH) Đồng Kho,VNGH80981968901,TTS,2026-09-02 13:28:49.716000,5.730671296,2026-09-08 07:00:59,4,(a) 5 - 6 ngày
NTB,Bình Thuận,2357,(BTH) Đồng Kho,VNGH80898088907,TTS,2026-09-02 13:28:49.716000,5.730671296,2026-09-08 07:00:59,4,(a) 5 - 6 ngày
NTB,Bình Thuận,21594000,(BTH) Phước Hội,VNGH80855058908,TTS-Bulky,2026-09-02 13:33:27.349000,5.727453704,2026-09-08 07:00:59,5,(a) 5 - 6 ngày
NTB,Ninh Thuận,20150000,(NTH) Bảo An,GYY7CUWG,Shopee-Bulky,2026-09-02 14:02:43.698000,5.70712963,2026-09-08 07:00:59,3,(a) 5 - 6 ngày
NTB,Ninh Thuận,20150000,(NTH) Bảo An,GYY7XB4K,SME,2026-09-02 14:06:16.501000,5.704664352,2026-09-08 07:00:59,5,(a) 5 - 6 ngày
NTB,Ninh Thuận,20150000,(NTH) Bảo An,VNGH80559828907,TTS-Bulky,2026-09-02 14:08:08.628000,5.703368056,2026-09-08 07:00:59,3,(a) 5 - 6 ngày
NTB,Bình Thuận,21456000,(BTH) Đức Linh,GYYLRKYH,SME,2026-09-02 14:18:30.958000,5.696168981,2026-09-08 07:00:59,3,(a) 5 - 6 ngày
NTB,Bình Thuận,21456000,(BTH) Đức Linh,GYY7739Y,SME,2026-09-02 14:18:38.477000,5.696076389,2026-09-08 07:00:59,3,(a) 5 - 6 ngày
NTB,Lâm Đồng,22222000,(LDO) Bảo Lâm 1,GYYFUBKL,Shopee-Bulky,2026-09-02 14:42:14.383000,5.6796875,2026-09-08 07:00:59,0,(a) 5 - 6 ngày
NTB,Lâm Đồng,22222000,(LDO) Bảo Lâm 1,GYYLK6LL,SME,2026-09-02 14:45:52.062000,5.677164352,2026-09-08 07:00:59,1,(a) 5 - 6 ngày
NTB,Lâm Đồng,22222000,(LDO) Bảo Lâm 1,GYY7LPD6,SME,2026-09-02 14:48:19.162000,5.675462963,2026-09-08 07:00:59,0,(a) 5 - 6 ngày
NTB,Lâm Đồng,22222000,(LDO) Bảo Lâm 1,VNGH80474618908,TTS,2026-09-02 14:49:41.131000,5.674513889,2026-09-08 07:00:59,4,(a) 5 - 6 ngày
NTB,Lâm Đồng,22222000,(LDO) Bảo Lâm 1,GYYGFGCH,SME,2026-09-02 14:49:53.469000,5.674375,2026-09-08 07:00:59,2,(a) 5 - 6 ngày
NTB,Khánh Hòa,22830000,(KHO) Cam Linh,VNGH80497068908,TTS,2026-09-02 15:01:41.059000,5.666180556,2026-09-08 07:00:59,4,(a) 5 - 6 ngày
NTB,Khánh Hòa,22830000,(KHO) Cam Linh,VNGH80035028910,TTS,2026-09-02 15:01:44.988000,5.666145833,2026-09-08 07:00:59,5,(a) 5 - 6 ngày
NTB,Khánh Hòa,22830000,(KHO) Cam Linh,VNGH80609688908,TTS,2026-09-02 15:02:04.733000,5.665914352,2026-09-08 07:00:59,5,(a) 5 - 6 ngày
NTB,Đắk Nông,20590000,(DNO) Tuy Đức,VNGH80674808907,TTS,2026-09-02 15:02:49.234000,5.665393519,2026-09-08 07:00:59,4,(a) 5 - 6 ngày
NTB,Đắk Nông,20590000,(DNO) Tuy Đức,GYYGQUR3,SME,2026-09-02 15:02:51.951000,5.66537037,2026-09-08 07:00:59,2,(a) 5 - 6 ngày
NTB,Đắk Nông,20590000,(DNO) Tuy Đức,GYY7KKHY,SME,2026-09-02 15:02:51.951000,5.66537037,2026-09-08 07:00:59,3,(a) 5 - 6 ngày
NTB,Đắk Nông,20590000,(DNO) Tuy Đức,GYYF8MWK,SME,2026-09-02 15:03:01.020000,5.66525463,2026-09-08 07:00:59,2,(a) 5 - 6 ngày
NTB,Đắk Nông,20590000,(DNO) Tuy Đức,GYYF3CWF,SME,2026-09-02 15:03:04.633000,5.665219907,2026-09-08 07:00:59,2,(a) 5 - 6 ngày
NTB,Đắk Nông,20590000,(DNO) Tuy Đức,GYYLWX9A,SME,2026-09-02 15:03:04.633000,5.665219907,2026-09-08 07:00:59,2,(a) 5 - 6 ngày
NTB,Khánh Hòa,22830000,(KHO) Cam Linh,VNGH80260728909,TTS,2026-09-02 15:03:50.973000,5.6646875,2026-09-08 07:00:59,5,(a) 5 - 6 ngày
NTB,Khánh Hòa,22830000,(KHO) Cam Linh,VNGH80463618910,TTS,2026-09-02 15:04:41.363000,5.664097222,2026-09-08 07:00:59,5,(a) 5 - 6 ngày
NTB,Khánh Hòa,22830000,(KHO) Cam Linh,GYYL33AF,SME,2026-09-02 15:04:55.530000,5.663935185,2026-09-08 07:00:59,4,(a) 5 - 6 ngày
NTB,Lâm Đồng,21377000,(LDO) Đơn Dương,GYY7UQQW,SME,2026-09-02 15:11:50.087000,5.659131944,2026-09-08 07:00:59,2,(a) 5 - 6 ngày
NTB,Lâm Đồng,21377000,(LDO) Đơn Dương,VNGH80971948908,TTS,2026-09-02 15:11:50.087000,5.659131944,2026-09-08 07:00:59,1,(a) 5 - 6 ngày
NTB,Lâm Đồng,21377000,(LDO) Đơn Dương,GYYGQAMU,SME,2026-09-02 15:12:00.928000,5.659016204,2026-09-08 07:00:59,4,(a) 5 - 6 ngày
NTB,Lâm Đồng,21377000,(LDO) Đơn Dương,GYYFPW7X,SME,2026-09-02 15:12:06.966000,5.658946759,2026-09-08 07:00:59,3,(a) 5 - 6 ngày
NTB,Lâm Đồng,21377000,(LDO) Đơn Dương,VNGH80854308908,TTS-Bulky,2026-09-02 15:12:33.243000,5.658634259,2026-09-08 07:00:59,1,(a) 5 - 6 ngày
NTB,Lâm Đồng,21377000,(LDO) Đơn Dương,GYYFK7LT,SME,2026-09-02 15:13:11.497000,5.658194444,2026-09-08 07:00:59,1,(a) 5 - 6 ngày
NTB,Lâm Đồng,21377000,(LDO) Đơn Dương,GYYFV6BX,Shopee,2026-09-02 15:13:26.288000,5.658020833,2026-09-08 07:00:59,2,(a) 5 - 6 ngày
NTB,Lâm Đồng,21377000,(LDO) Đơn Dương,GYYF9KQ9,SME,2026-09-02 15:13:26.288000,5.658020833,2026-09-08 07:00:59,3,(a) 5 - 6 ngày
NTB,Lâm Đồng,20670000,(LDO) Đam Rông 3,GYYF9K7G,SME,2026-09-02 15:14:13.135000,5.657476852,2026-09-08 07:00:59,3,(a) 5 - 6 ngày
NTB,Lâm Đồng,21377000,(LDO) Đơn Dương,GYYF4PW9,SME,2026-09-02 15:14:15.232000,5.657453704,2026-09-08 07:00:59,3,(a) 5 - 6 ngày
NTB,Lâm Đồng,21377000,(LDO) Đơn Dương,GYYF7NRK,Shopee,2026-09-02 15:15:41.432000,5.656458333,2026-09-08 07:00:59,0,(a) 5 - 6 ngày
NTB,Lâm Đồng,21377000,(LDO) Đơn Dương,VNGH80615198907,TTS,2026-09-02 15:15:41.432000,5.656458333,2026-09-08 07:00:59,3,(a) 5 - 6 ngày
NTB,Lâm Đồng,20670000,(LDO) Đam Rông 3,VNGH80605258910,TTS,2026-09-02 15:15:51.105000,5.656342593,2026-09-08 07:00:59,5,(a) 5 - 6 ngày
NTB,Lâm Đồng,21377000,(LDO) Đơn Dương,GYYLBPCW,SME,2026-09-02 15:15:51.990000,5.656342593,2026-09-08 07:00:59,1,(a) 5 - 6 ngày
NTB,Lâm Đồng,21377000,(LDO) Đơn Dương,GYYLKECP,SME,2026-09-02 15:15:51.990000,5.656342593,2026-09-08 07:00:59,0,(a) 5 - 6 ngày
NTB,Lâm Đồng,21377000,(LDO) Đơn Dương,GYY7MP3C,Shopee,2026-09-02 15:16:47.880000,5.655694444,2026-09-08 07:00:59,0,(a) 5 - 6 ngày
NTB,Lâm Đồng,20670000,(LDO) Đam Rông 3,VNGH80948678908,TTS,2026-09-02 15:16:59.001000,5.655555556,2026-09-08 07:00:59,4,(a) 5 - 6 ngày
NTB,Lâm Đồng,20670000,(LDO) Đam Rông 3,VNGH80584548905,TTS,2026-09-02 15:18:13.804000,5.654699074,2026-09-08 07:00:59,4,(a) 5 - 6 ngày
NTB,Lâm Đồng,21377000,(LDO) Đơn Dương,GYY7F8VM,SME,2026-09-02 15:18:41.241000,5.654375,2026-09-08 07:00:59,1,(a) 5 - 6 ngày
NTB,Lâm Đồng,22425000,(LDO) Tân Hà Lâm Hà,GYY749A8,SME,2026-09-02 15:43:12.275000,5.637349537,2026-09-08 07:00:59,3,(a) 5 - 6 ngày
NTB,Lâm Đồng,22425000,(LDO) Tân Hà Lâm Hà,GYYLEM39,Shopee,2026-09-02 15:44:20.747000,5.6365625,2026-09-08 07:00:59,2,(a) 5 - 6 ngày
NTB,Lâm Đồng,22425000,(LDO) Tân Hà Lâm Hà,GYYFBUYM,Shopee,2026-09-02 15:44:35.527000,5.636388889,2026-09-08 07:00:59,2,(a) 5 - 6 ngày
NTB,Lâm Đồng,22425000,(LDO) Tân Hà Lâm Hà,GYY7QMEQ,SME,2026-09-02 15:44:35.527000,5.636388889,2026-09-08 07:00:59,2,(a) 5 - 6 ngày
NTB,Lâm Đồng,22425000,(LDO) Tân Hà Lâm Hà,GYYFYGYY,Shopee,2026-09-02 15:44:35.527000,5.636388889,2026-09-08 07:00:59,2,(a) 5 - 6 ngày
NTB,Ninh Thuận,20316000,(NTH) Ninh Sơn,GYY7G8XN,SME,2026-09-02 15:44:45.932000,5.636273148,2026-09-08 07:00:59,5,(a) 5 - 6 ngày
NTB,Lâm Đồng,22425000,(LDO) Tân Hà Lâm Hà,GYYL4TP8,SME,2026-09-02 15:46:33.394000,5.635023148,2026-09-08 07:00:59,3,(a) 5 - 6 ngày
NTB,Lâm Đồng,22425000,(LDO) Tân Hà Lâm Hà,GYYFEBA7,SME,2026-09-02 15:47:40.128000,5.634247685,2026-09-08 07:00:59,3,(a) 5 - 6 ngày
NTB,Lâm Đồng,22425000,(LDO) Tân Hà Lâm Hà,GYYFEMRH,SME,2026-09-02 15:49:43.973000,5.632824074,2026-09-08 07:00:59,2,(a) 5 - 6 ngày
NTB,Lâm Đồng,22425000,(LDO) Tân Hà Lâm Hà,GYYFXP8Y,SME,2026-09-02 15:49:43.973000,5.632824074,2026-09-08 07:00:59,2,(a) 5 - 6 ngày
NTB,Lâm Đồng,22425000,(LDO) Tân Hà Lâm Hà,GYYFC4AM,SME,2026-09-02 15:52:01.910000,5.631226852,2026-09-08 07:00:59,2,(a) 5 - 6 ngày
NTB,Lâm Đồng,22425000,(LDO) Tân Hà Lâm Hà,GYYFAPDX,Shopee,2026-09-02 15:52:26.050000,5.6309375,2026-09-08 07:00:59,2,(a) 5 - 6 ngày
NTB,Lâm Đồng,22425000,(LDO) Tân Hà Lâm Hà,GYYFAKQ6,SME,2026-09-02 15:52:26.050000,5.6309375,2026-09-08 07:00:59,0,(a) 5 - 6 ngày
NTB,Lâm Đồng,22425000,(LDO) Tân Hà Lâm Hà,VNGH80145898907,TTS,2026-09-02 15:52:43.239000,5.630740741,2026-09-08 07:00:59,4,(a) 5 - 6 ngày
NTB,Lâm Đồng,22389000,(LDO) Đức Trọng 1,GYY77M4T,SME,2026-09-02 16:19:47.263000,5.611944444,2026-09-08 07:00:59,1,(a) 5 - 6 ngày
NTB,Lâm Đồng,22389000,(LDO) Đức Trọng 1,VNGH80220218908,TTS,2026-09-02 16:19:57.513000,5.611828704,2026-09-08 07:00:59,0,(a) 5 - 6 ngày
NTB,Lâm Đồng,22389000,(LDO) Đức Trọng 1,VNGH80424758905,TTS,2026-09-02 16:19:57.513000,5.611828704,2026-09-08 07:00:59,0,(a) 5 - 6 ngày
NTB,Lâm Đồng,22389000,(LDO) Đức Trọng 1,VNGH80828448908,TTS,2026-09-02 16:19:57.513000,5.611828704,2026-09-08 07:00:59,1,(a) 5 - 6 ngày
NTB,Lâm Đồng,22389000,(LDO) Đức Trọng 1,VNGH80604258908,TTS,2026-09-02 16:20:09.865000,5.611689815,2026-09-08 07:00:59,0,(a) 5 - 6 ngày
NTB,Lâm Đồng,22389000,(LDO) Đức Trọng 1,VNGH80840578907,TTS,2026-09-02 16:20:09.865000,5.611689815,2026-09-08 07:00:59,0,(a) 5 - 6 ngày
NTB,Lâm Đồng,22389000,(LDO) Đức Trọng 1,VNGH80626458909,TTS,2026-09-02 16:20:09.865000,5.611689815,2026-09-08 07:00:59,0,(a) 5 - 6 ngày
NTB,Lâm Đồng,22389000,(LDO) Đức Trọng 1,VNGH80165408907,TTS,2026-09-02 16:20:09.865000,5.611689815,2026-09-08 07:00:59,0,(a) 5 - 6 ngày
NTB,Lâm Đồng,22389000,(LDO) Đức Trọng 1,GYYFUWFH,SME,2026-09-02 16:20:09.865000,5.611689815,2026-09-08 07:00:59,2,(a) 5 - 6 ngày
NTB,Lâm Đồng,22389000,(LDO) Đức Trọng 1,GYYFEQGU,SME,2026-09-02 16:20:09.865000,5.611689815,2026-09-08 07:00:59,0,(a) 5 - 6 ngày
NTB,Lâm Đồng,22389000,(LDO) Đức Trọng 1,GYY77GVK,SME,2026-09-02 16:20:09.865000,5.611689815,2026-09-08 07:00:59,0,(a) 5 - 6 ngày
NTB,Lâm Đồng,22389000,(LDO) Đức Trọng 1,GYYFXDBF,SME,2026-09-02 16:20:09.865000,5.611689815,2026-09-08 07:00:59,0,(a) 5 - 6 ngày
NTB,Lâm Đồng,22389000,(LDO) Đức Trọng 1,GYYLEEKY,SME,2026-09-02 16:20:09.865000,5.611689815,2026-09-08 07:00:59,2,(a) 5 - 6 ngày
NTB,Lâm Đồng,22389000,(LDO) Đức Trọng 1,VNGH80650998907,TTS,2026-09-02 16:20:09.865000,5.611689815,2026-09-08 07:00:59,0,(a) 5 - 6 ngày
NTB,Lâm Đồng,22389000,(LDO) Đức Trọng 1,GYYL448W,SME,2026-09-02 16:20:09.865000,5.611689815,2026-09-08 07:00:59,0,(a) 5 - 6 ngày
NTB,Lâm Đồng,22389000,(LDO) Đức Trọng 1,GYYFKFQM,SME,2026-09-02 16:20:09.865000,5.611689815,2026-09-08 07:00:59,0,(a) 5 - 6 ngày
NTB,Lâm Đồng,22389000,(LDO) Đức Trọng 1,GYY7C3GC,SME,2026-09-02 16:20:17.160000,5.611597222,2026-09-08 07:00:59,0,(a) 5 - 6 ngày
NTB,Lâm Đồng,22389000,(LDO) Đức Trọng 1,GYY7V8F8,SME,2026-09-02 16:20:17.160000,5.611597222,2026-09-08 07:00:59,1,(a) 5 - 6 ngày
NTB,Lâm Đồng,22389000,(LDO) Đức Trọng 1,GYYGQDDH,SME,2026-09-02 16:20:17.160000,5.611597222,2026-09-08 07:00:59,0,(a) 5 - 6 ngày
NTB,Lâm Đồng,22389000,(LDO) Đức Trọng 1,VNGH80433048910,TTS,2026-09-02 16:20:17.160000,5.611597222,2026-09-08 07:00:59,1,(a) 5 - 6 ngày
NTB,Lâm Đồng,22389000,(LDO) Đức Trọng 1,GYYFU4U3,SME,2026-09-02 16:20:22.589000,5.611539352,2026-09-08 07:00:59,0,(a) 5 - 6 ngày
NTB,Lâm Đồng,22389000,(LDO) Đức Trọng 1,VNGH80695428908,TTS,2026-09-02 16:20:22.589000,5.611539352,2026-09-08 07:00:59,0,(a) 5 - 6 ngày
NTB,Lâm Đồng,22389000,(LDO) Đức Trọng 1,GYYLB9YU,SME,2026-09-02 16:20:22.589000,5.611539352,2026-09-08 07:00:59,0,(a) 5 - 6 ngày
NTB,Lâm Đồng,22389000,(LDO) Đức Trọng 1,VNGH80251848907,TTS,2026-09-02 16:20:22.589000,5.611539352,2026-09-08 07:00:59,1,(a) 5 - 6 ngày
NTB,Lâm Đồng,22389000,(LDO) Đức Trọng 1,VNGH80549738906,TTS,2026-09-02 16:20:22.589000,5.611539352,2026-09-08 07:00:59,0,(a) 5 - 6 ngày
NTB,Lâm Đồng,22389000,(LDO) Đức Trọng 1,GYYFGVAK,SME,2026-09-02 16:20:22.589000,5.611539352,2026-09-08 07:00:59,0,(a) 5 - 6 ngày
NTB,Lâm Đồng,22389000,(LDO) Đức Trọng 1,GYYLPY3Y,SME,2026-09-02 16:20:22.589000,5.611539352,2026-09-08 07:00:59,2,(a) 5 - 6 ngày
NTB,Lâm Đồng,22389000,(LDO) Đức Trọng 1,GYYFWAT4,SME,2026-09-02 16:20:22.589000,5.611539352,2026-09-08 07:00:59,0,(a) 5 - 6 ngày
NTB,Lâm Đồng,22389000,(LDO) Đức Trọng 1,VNGH80811828906,TTS,2026-09-02 16:20:30.412000,5.611446759,2026-09-08 07:00:59,0,(a) 5 - 6 ngày
NTB,Lâm Đồng,22389000,(LDO) Đức Trọng 1,GYYLKRFG,SME,2026-09-02 16:20:30.412000,5.611446759,2026-09-08 07:00:59,2,(a) 5 - 6 ngày
NTB,Lâm Đồng,22389000,(LDO) Đức Trọng 1,GYYLKANH,SME,2026-09-02 16:20:30.412000,5.611446759,2026-09-08 07:00:59,3,(a) 5 - 6 ngày
NTB,Lâm Đồng,22389000,(LDO) Đức Trọng 1,GYYLABYF,SME,2026-09-02 16:20:34.641000,5.611400463,2026-09-08 07:00:59,0,(a) 5 - 6 ngày
NTB,Lâm Đồng,22389000,(LDO) Đức Trọng 1,GYYFXWHC,SME,2026-09-02 16:20:34.641000,5.611400463,2026-09-08 07:00:59,2,(a) 5 - 6 ngày
NTB,Lâm Đồng,22389000,(LDO) Đức Trọng 1,VNGH80175208907,TTS,2026-09-02 16:20:34.641000,5.611400463,2026-09-08 07:00:59,0,(a) 5 - 6 ngày
NTB,Lâm Đồng,22389000,(LDO) Đức Trọng 1,VNGH80433418908,TTS,2026-09-02 16:20:34.641000,5.611400463,2026-09-08 07:00:59,0,(a) 5 - 6 ngày
NTB,Lâm Đồng,22389000,(LDO) Đức Trọng 1,VNGH80846808910,TTS-Bulky,2026-09-02 16:20:57.858000,5.611134259,2026-09-08 07:00:59,0,(a) 5 - 6 ngày
NTB,Lâm Đồng,22389000,(LDO) Đức Trọng 1,VNGH80189778906,TTS,2026-09-02 16:21:03.283000,5.611064815,2026-09-08 07:00:59,0,(a) 5 - 6 ngày
NTB,Lâm Đồng,22389000,(LDO) Đức Trọng 1,GYYQCKCA,SME,2026-09-02 16:21:18.066000,5.610891204,2026-09-08 07:00:59,0,(a) 5 - 6 ngày
NTB,Lâm Đồng,22389000,(LDO) Đức Trọng 1,GYYLHH76,SME,2026-09-02 16:21:27.775000,5.610787037,2026-09-08 07:00:59,0,(a) 5 - 6 ngày
NTB,Lâm Đồng,22389000,(LDO) Đức Trọng 1,GYYFXRCD,SME,2026-09-02 16:21:34.987000,5.610706019,2026-09-08 07:00:59,0,(a) 5 - 6 ngày
NTB,Lâm Đồng,22389000,(LDO) Đức Trọng 1,GYYFPVWH,SME,2026-09-02 16:21:34.987000,5.610706019,2026-09-08 07:00:59,0,(a) 5 - 6 ngày
NTB,Lâm Đồng,22389000,(LDO) Đức Trọng 1,GYY7QFG6,SME,2026-09-02 16:21:34.987000,5.610706019,2026-09-08 07:00:59,0,(a) 5 - 6 ngày
NTB,Lâm Đồng,22389000,(LDO) Đức Trọng 1,VNGH80399998906,TTS,2026-09-02 16:21:34.987000,5.610706019,2026-09-08 07:00:59,0,(a) 5 - 6 ngày
NTB,Lâm Đồng,22389000,(LDO) Đức Trọng 1,VNGH80849948905,TTS,2026-09-02 16:21:34.987000,5.610706019,2026-09-08 07:00:59,0,(a) 5 - 6 ngày
NTB,Lâm Đồng,22389000,(LDO) Đức Trọng 1,GYYFKFHN,SME,2026-09-02 16:21:34.987000,5.610706019,2026-09-08 07:00:59,0,(a) 5 - 6 ngày
NTB,Lâm Đồng,22389000,(LDO) Đức Trọng 1,GYY7ULUN,SME,2026-09-02 16:21:34.987000,5.610706019,2026-09-08 07:00:59,0,(a) 5 - 6 ngày
NTB,Lâm Đồng,22389000,(LDO) Đức Trọng 1,GYY7Q9XW,SME,2026-09-02 16:21:34.987000,5.610706019,2026-09-08 07:00:59,1,(a) 5 - 6 ngày
NTB,Lâm Đồng,22389000,(LDO) Đức Trọng 1,VNGH80519408909,TTS,2026-09-02 16:21:34.987000,5.610706019,2026-09-08 07:00:59,1,(a) 5 - 6 ngày
NTB,Lâm Đồng,22389000,(LDO) Đức Trọng 1,VNGH80676688906,TTS,2026-09-02 16:21:34.987000,5.610706019,2026-09-08 07:00:59,0,(a) 5 - 6 ngày
NTB,Lâm Đồng,22389000,(LDO) Đức Trọng 1,GYYFMAVP,SME,2026-09-02 16:21:34.987000,5.610706019,2026-09-08 07:00:59,0,(a) 5 - 6 ngày
NTB,Lâm Đồng,22389000,(LDO) Đức Trọng 1,GYYFQDNT,SME,2026-09-02 16:21:34.987000,5.610706019,2026-09-08 07:00:59,0,(a) 5 - 6 ngày
NTB,Lâm Đồng,22389000,(LDO) Đức Trọng 1,GYYFAGNP,SME,2026-09-02 16:21:47.948000,5.610555556,2026-09-08 07:00:59,0,(a) 5 - 6 ngày
NTB,Lâm Đồng,22389000,(LDO) Đức Trọng 1,GYYFRRYK,Shopee-Bulky,2026-09-02 16:22:02.130000,5.610381944,2026-09-08 07:00:59,0,(a) 5 - 6 ngày
NTB,Lâm Đồng,22389000,(LDO) Đức Trọng 1,GYYFA7XX,SME,2026-09-02 16:22:19.654000,5.610185185,2026-09-08 07:00:59,1,(a) 5 - 6 ngày
NTB,Lâm Đồng,22389000,(LDO) Đức Trọng 1,GYYF3K46,SME,2026-09-02 16:22:19.654000,5.610185185,2026-09-08 07:00:59,0,(a) 5 - 6 ngày
NTB,Lâm Đồng,22389000,(LDO) Đức Trọng 1,GYYLR4PK,SME,2026-09-02 16:22:19.654000,5.610185185,2026-09-08 07:00:59,0,(a) 5 - 6 ngày
NTB,Lâm Đồng,22389000,(LDO) Đức Trọng 1,GYY7LLHB,SME,2026-09-02 16:22:19.654000,5.610185185,2026-09-08 07:00:59,2,(a) 5 - 6 ngày
NTB,Lâm Đồng,22389000,(LDO) Đức Trọng 1,GYYFA9GN,SME,2026-09-02 16:22:19.654000,5.610185185,2026-09-08 07:00:59,0,(a) 5 - 6 ngày
NTB,Lâm Đồng,22389000,(LDO) Đức Trọng 1,GYY774R6,SME,2026-09-02 16:22:40.149000,5.60994213,2026-09-08 07:00:59,0,(a) 5 - 6 ngày
NTB,Lâm Đồng,22389000,(LDO) Đức Trọng 1,VNGH80559378907,TTS,2026-09-02 16:23:06.692000,5.609641204,2026-09-08 07:00:59,0,(a) 5 - 6 ngày
NTB,Lâm Đồng,22389000,(LDO) Đức Trọng 1,GYY7LXT6,SME,2026-09-02 16:23:06.692000,5.609641204,2026-09-08 07:00:59,1,(a) 5 - 6 ngày
NTB,Lâm Đồng,22389000,(LDO) Đức Trọng 1,GYY776HP,SME,2026-09-02 16:23:06.692000,5.609641204,2026-09-08 07:00:59,0,(a) 5 - 6 ngày
NTB,Lâm Đồng,22389000,(LDO) Đức Trọng 1,VNGH80183178907,TTS,2026-09-02 16:23:06.692000,5.609641204,2026-09-08 07:00:59,0,(a) 5 - 6 ngày
NTB,Lâm Đồng,22389000,(LDO) Đức Trọng 1,VNGH80298718906,TTS,2026-09-02 16:23:06.692000,5.609641204,2026-09-08 07:00:59,0,(a) 5 - 6 ngày
NTB,Lâm Đồng,22389000,(LDO) Đức Trọng 1,GYYF94EU,SME,2026-09-02 16:23:06.692000,5.609641204,2026-09-08 07:00:59,0,(a) 5 - 6 ngày
NTB,Lâm Đồng,22389000,(LDO) Đức Trọng 1,VNGH80101668908,TTS,2026-09-02 16:23:06.692000,5.609641204,2026-09-08 07:00:59,0,(a) 5 - 6 ngày
NTB,Lâm Đồng,22389000,(LDO) Đức Trọng 1,VNGH80354238909,TTS,2026-09-02 16:23:06.692000,5.609641204,2026-09-08 07:00:59,0,(a) 5 - 6 ngày
NTB,Lâm Đồng,22389000,(LDO) Đức Trọng 1,VNGH80573638910,TTS,2026-09-02 16:23:14.263000,5.609548611,2026-09-08 07:00:59,0,(a) 5 - 6 ngày
NTB,Lâm Đồng,22389000,(LDO) Đức Trọng 1,VNGH80359328908,TTS,2026-09-02 16:23:14.263000,5.609548611,2026-09-08 07:00:59,0,(a) 5 - 6 ngày
NTB,Lâm Đồng,22389000,(LDO) Đức Trọng 1,GYYL9AW3,SME,2026-09-02 16:23:18.449000,5.609502315,2026-09-08 07:00:59,2,(a) 5 - 6 ngày
NTB,Lâm Đồng,22389000,(LDO) Đức Trọng 1,GYYLKA66,SME,2026-09-02 16:23:18.449000,5.609502315,2026-09-08 07:00:59,0,(a) 5 - 6 ngày
NTB,Lâm Đồng,21126000,(LDO) Xuân Hương - Đà Lạt,GYY7FYV3,Shopee-Bulky,2026-09-02 16:30:58.532000,5.604178241,2026-09-08 07:00:59,2,(a) 5 - 6 ngày
NTB,Lâm Đồng,21126000,(LDO) Xuân Hương - Đà Lạt,GYYG7UFA,SME,2026-09-02 16:32:00.373000,5.603460648,2026-09-08 07:00:59,1,(a) 5 - 6 ngày
NTB,Lâm Đồng,21126000,(LDO) Xuân Hương - Đà Lạt,GYYLYXQR,SME,2026-09-02 16:33:25.337000,5.602476852,2026-09-08 07:00:59,3,(a) 5 - 6 ngày
NTB,Lâm Đồng,20942000,(LDO) Di Linh,GYYL8HVW,SME,2026-09-02 16:33:58.480000,5.602094907,2026-09-08 07:00:59,1,(a) 5 - 6 ngày
NTB,Lâm Đồng,21126000,(LDO) Xuân Hương - Đà Lạt,GYY7LVYT,SME,2026-09-02 16:34:22.451000,5.60181713,2026-09-08 07:00:59,2,(a) 5 - 6 ngày
NTB,Lâm Đồng,21126000,(LDO) Xuân Hương - Đà Lạt,NVS838003837,SME,2026-09-02 16:34:37.698000,5.601643519,2026-09-08 07:00:59,5,(a) 5 - 6 ngày
NTB,Lâm Đồng,21126000,(LDO) Xuân Hương - Đà Lạt,GYYQWDLE,SME,2026-09-02 16:34:37.698000,5.601643519,2026-09-08 07:00:59,3,(a) 5 - 6 ngày
NTB,Lâm Đồng,21126000,(LDO) Xuân Hương - Đà Lạt,GYYLR683,Shopee,2026-09-02 16:34:42.540000,5.601585648,2026-09-08 07:00:59,1,(a) 5 - 6 ngày
NTB,Lâm Đồng,21126000,(LDO) Xuân Hương - Đà Lạt,VNGH80349508907,TTS,2026-09-02 16:34:50.516000,5.601493056,2026-09-08 07:00:59,4,(a) 5 - 6 ngày
NTB,Lâm Đồng,21126000,(LDO) Xuân Hương - Đà Lạt,VNGH80412668908,TTS,2026-09-02 16:35:23.376000,5.601111111,2026-09-08 07:00:59,3,(a) 5 - 6 ngày
NTB,Lâm Đồng,20942000,(LDO) Di Linh,GYYFUL4C,Shopee-Bulky,2026-09-02 16:35:41.311000,5.600902778,2026-09-08 07:00:59,0,(a) 5 - 6 ngày
NTB,Lâm Đồng,20942000,(LDO) Di Linh,GYYFGY8K,Shopee,2026-09-02 16:35:49.843000,5.600810185,2026-09-08 07:00:59,0,(a) 5 - 6 ngày
NTB,Lâm Đồng,21126000,(LDO) Xuân Hương - Đà Lạt,GYYLGVCW,Shopee,2026-09-02 16:36:20.065000,5.600451389,2026-09-08 07:00:59,1,(a) 5 - 6 ngày
NTB,Lâm Đồng,20669000,(LDO) Cát Tiên,VNGH80522908906,TTS,2026-09-02 16:38:06.844000,5.599224537,2026-09-08 07:00:59,4,(a) 5 - 6 ngày
NTB,Đắk Nông,22394000,(DNO) Quảng Tín,GYY7AVQW,SME,2026-09-02 16:40:25.540000,5.597615741,2026-09-08 07:00:59,0,(a) 5 - 6 ngày
NTB,Đắk Nông,22394000,(DNO) Quảng Tín,VNGH80133068910,TTS,2026-09-02 16:40:36.998000,5.597488426,2026-09-08 07:00:59,0,(a) 5 - 6 ngày
NTB,Đắk Nông,22394000,(DNO) Quảng Tín,GYY76WNE,SME,2026-09-02 16:40:36.998000,5.597488426,2026-09-08 07:00:59,0,(a) 5 - 6 ngày
NTB,Đắk Nông,22394000,(DNO) Quảng Tín,VNGH80671229001,TTS,2026-09-02 16:40:36.998000,5.597488426,2026-09-08 07:00:59,0,(a) 5 - 6 ngày
NTB,Đắk Nông,22394000,(DNO) Quảng Tín,GYYG73WH,SME,2026-09-02 16:40:36.998000,5.597488426,2026-09-08 07:00:59,0,(a) 5 - 6 ngày
NTB,Đắk Nông,22394000,(DNO) Quảng Tín,VNGH80978668909,TTS,2026-09-02 16:40:36.998000,5.597488426,2026-09-08 07:00:59,1,(a) 5 - 6 ngày
NTB,Đắk Nông,22394000,(DNO) Quảng Tín,GYYG73PK,SME,2026-09-02 16:40:36.998000,5.597488426,2026-09-08 07:00:59,1,(a) 5 - 6 ngày
NTB,Đắk Nông,22394000,(DNO) Quảng Tín,VNGH80429788908,TTS,2026-09-02 16:40:36.998000,5.597488426,2026-09-08 07:00:59,1,(a) 5 - 6 ngày
NTB,Đắk Nông,22394000,(DNO) Quảng Tín,GYYFVVMP,SME,2026-09-02 16:40:46.955000,5.597372685,2026-09-08 07:00:59,2,(a) 5 - 6 ngày
NTB,Đắk Nông,22394000,(DNO) Quảng Tín,VNGH80661648907,TTS,2026-09-02 16:40:46.955000,5.597372685,2026-09-08 07:00:59,0,(a) 5 - 6 ngày
NTB,Đắk Nông,22394000,(DNO) Quảng Tín,GYYFRQDW,SME,2026-09-02 16:40:46.955000,5.597372685,2026-09-08 07:00:59,1,(a) 5 - 6 ngày
NTB,Đắk Nông,22394000,(DNO) Quảng Tín,GY8EWXPX,SME,2026-09-02 16:40:46.955000,5.597372685,2026-09-08 07:00:59,1,(a) 5 - 6 ngày
NTB,Đắk Nông,22394000,(DNO) Quảng Tín,GYY7QDAY,SME,2026-09-02 16:40:46.955000,5.597372685,2026-09-08 07:00:59,0,(a) 5 - 6 ngày
NTB,Đắk Nông,22394000,(DNO) Quảng Tín,GY8E9KWA,SME,2026-09-02 16:40:46.955000,5.597372685,2026-09-08 07:00:59,1,(a) 5 - 6 ngày
NTB,Đắk Nông,22394000,(DNO) Quảng Tín,VNGH80235208907,TTS,2026-09-02 16:40:46.955000,5.597372685,2026-09-08 07:00:59,0,(a) 5 - 6 ngày
NTB,Đắk Nông,22394000,(DNO) Quảng Tín,VNGH80836418908,TTS,2026-09-02 16:40:46.955000,5.597372685,2026-09-08 07:00:59,1,(a) 5 - 6 ngày
NTB,Đắk Nông,22394000,(DNO) Quảng Tín,GYYFGVGV,SME,2026-09-02 16:40:46.955000,5.597372685,2026-09-08 07:00:59,1,(a) 5 - 6 ngày
NTB,Đắk Nông,22394000,(DNO) Quảng Tín,GYYF6T8M,SME,2026-09-02 16:40:46.955000,5.597372685,2026-09-08 07:00:59,1,(a) 5 - 6 ngày
NTB,Đắk Nông,22394000,(DNO) Quảng Tín,GYYLPQ3L,SME,2026-09-02 16:40:54.782000,5.597280093,2026-09-08 07:00:59,1,(a) 5 - 6 ngày
NTB,Đắk Nông,22394000,(DNO) Quảng Tín,VNGH80690048906,TTS,2026-09-02 16:40:54.782000,5.597280093,2026-09-08 07:00:59,0,(a) 5 - 6 ngày
NTB,Đắk Nông,22394000,(DNO) Quảng Tín,GYYLWFA6,SME,2026-09-02 16:40:54.782000,5.597280093,2026-09-08 07:00:59,1,(a) 5 - 6 ngày
NTB,Đắk Nông,22394000,(DNO) Quảng Tín,GYYL3TC4,SME,2026-09-02 16:40:54.782000,5.597280093,2026-09-08 07:00:59,1,(a) 5 - 6 ngày
NTB,Đắk Nông,22394000,(DNO) Quảng Tín,GY8HB78X,SME,2026-09-02 16:40:54.782000,5.597280093,2026-09-08 07:00:59,1,(a) 5 - 6 ngày
NTB,Đắk Nông,22394000,(DNO) Quảng Tín,GYYLBHWL,SME,2026-09-02 16:40:54.782000,5.597280093,2026-09-08 07:00:59,2,(a) 5 - 6 ngày
NTB,Đắk Nông,22394000,(DNO) Quảng Tín,GYYLWQCW,SME,2026-09-02 16:40:54.782000,5.597280093,2026-09-08 07:00:59,0,(a) 5 - 6 ngày
NTB,Đắk Nông,22394000,(DNO) Quảng Tín,GY8EW9YR,SME,2026-09-02 16:40:54.782000,5.597280093,2026-09-08 07:00:59,1,(a) 5 - 6 ngày
NTB,Đắk Nông,22394000,(DNO) Quảng Tín,GYYLFELW,SME,2026-09-02 16:40:54.782000,5.597280093,2026-09-08 07:00:59,1,(a) 5 - 6 ngày
NTB,Đắk Nông,22394000,(DNO) Quảng Tín,GYYLXMUT,SME,2026-09-02 16:40:54.782000,5.597280093,2026-09-08 07:00:59,0,(a) 5 - 6 ngày
NTB,Lâm Đồng,20942000,(LDO) Di Linh,GYY7FFNK,SME,2026-09-02 16:41:13.768000,5.597060185,2026-09-08 07:00:59,3,(a) 5 - 6 ngày
NTB,Đắk Nông,22394000,(DNO) Quảng Tín,GYY7Y3TD,Shopee-Bulky,2026-09-02 16:41:22.213000,5.596956019,2026-09-08 07:00:59,0,(a) 5 - 6 ngày
NTB,Lâm Đồng,20849000,(LDO) Ninh Gia,GYYFTE93,SME,2026-09-02 16:41:45.717000,5.596689815,2026-09-08 07:00:59,2,(a) 5 - 6 ngày
NTB,Đắk Nông,22394000,(DNO) Quảng Tín,GYYGLTEL,SME,2026-09-02 16:42:03.875000,5.596481481,2026-09-08 07:00:59,0,(a) 5 - 6 ngày
NTB,Đắk Nông,22394000,(DNO) Quảng Tín,VNGH80924728901,TTS,2026-09-02 16:42:03.875000,5.596481481,2026-09-08 07:00:59,1,(a) 5 - 6 ngày
NTB,Đắk Nông,22394000,(DNO) Quảng Tín,GYYFVCBF,SME,2026-09-02 16:43:43.128000,5.595324074,2026-09-08 07:00:59,0,(a) 5 - 6 ngày
NTB,Đắk Nông,22394000,(DNO) Quảng Tín,GYYLYNCC,SME,2026-09-02 16:43:43.128000,5.595324074,2026-09-08 07:00:59,1,(a) 5 - 6 ngày
NTB,Đắk Nông,22394000,(DNO) Quảng Tín,VNGH80050058907,TTS,2026-09-02 16:43:43.128000,5.595324074,2026-09-08 07:00:59,1,(a) 5 - 6 ngày
NTB,Đắk Nông,22394000,(DNO) Quảng Tín,GYYQ9EA8,SME,2026-09-02 16:43:56.338000,5.595173611,2026-09-08 07:00:59,0,(a) 5 - 6 ngày
NTB,Đắk Nông,22394000,(DNO) Quảng Tín,GYYQGYKL,SME,2026-09-02 16:43:56.338000,5.595173611,2026-09-08 07:00:59,0,(a) 5 - 6 ngày
NTB,Đắk Nông,22394000,(DNO) Quảng Tín,VNGH80054468905,TTS,2026-09-02 16:43:56.338000,5.595173611,2026-09-08 07:00:59,0,(a) 5 - 6 ngày
NTB,Lâm Đồng,20942000,(LDO) Di Linh,GYYFWEE7,SME,2026-09-02 16:44:41.354000,5.594652778,2026-09-08 07:00:59,0,(a) 5 - 6 ngày
NTB,Lâm Đồng,20942000,(LDO) Di Linh,VNGH80965478907,TTS,2026-09-02 16:44:49.300000,5.594560185,2026-09-08 07:00:59,0,(a) 5 - 6 ngày
NTB,Lâm Đồng,20942000,(LDO) Di Linh,GYY73X4V,SME,2026-09-02 16:45:24.476000,5.594155093,2026-09-08 07:00:59,0,(a) 5 - 6 ngày
NTB,Lâm Đồng,20942000,(LDO) Di Linh,GYYFMBTF,SME,2026-09-02 16:45:29.683000,5.594097222,2026-09-08 07:00:59,3,(a) 5 - 6 ngày
NTB,Lâm Đồng,20942000,(LDO) Di Linh,GYYLMUQM,SME,2026-09-02 16:45:29.683000,5.594097222,2026-09-08 07:00:59,1,(a) 5 - 6 ngày
NTB,Lâm Đồng,20942000,(LDO) Di Linh,GYYFNRP9,Shopee,2026-09-02 16:45:29.683000,5.594097222,2026-09-08 07:00:59,2,(a) 5 - 6 ngày
NTB,Lâm Đồng,20942000,(LDO) Di Linh,GYY7AC9X,SME,2026-09-02 16:45:37.190000,5.59400463,2026-09-08 07:00:59,0,(a) 5 - 6 ngày
NTB,Lâm Đồng,20942000,(LDO) Di Linh,VNGH80029898909,TTS,2026-09-02 16:45:50.753000,5.593854167,2026-09-08 07:00:59,2,(a) 5 - 6 ngày
NTB,Lâm Đồng,20942000,(LDO) Di Linh,VNGH80837388908,TTS,2026-09-02 16:45:50.753000,5.593854167,2026-09-08 07:00:59,1,(a) 5 - 6 ngày
NTB,Lâm Đồng,20942000,(LDO) Di Linh,VNGH80545438910,TTS,2026-09-02 16:45:50.753000,5.593854167,2026-09-08 07:00:59,0,(a) 5 - 6 ngày
NTB,Lâm Đồng,20942000,(LDO) Di Linh,GYYFUCED,SME,2026-09-02 16:46:03.225000,5.593703704,2026-09-08 07:00:59,1,(a) 5 - 6 ngày
NTB,Lâm Đồng,20942000,(LDO) Di Linh,GY8MWEQF,SME,2026-09-02 16:46:07.469000,5.593657407,2026-09-08 07:00:59,2,(a) 5 - 6 ngày
NTB,Lâm Đồng,20942000,(LDO) Di Linh,GYYLPEEP,Shopee,2026-09-02 16:46:07.469000,5.593657407,2026-09-08 07:00:59,2,(a) 5 - 6 ngày
NTB,Lâm Đồng,20942000,(LDO) Di Linh,GYYLPEMH,Shopee,2026-09-02 16:46:07.469000,5.593657407,2026-09-08 07:00:59,2,(a) 5 - 6 ngày
NTB,Lâm Đồng,20942000,(LDO) Di Linh,GYYF6V7W,Shopee,2026-09-02 16:47:18.852000,5.592835648,2026-09-08 07:00:59,2,(a) 5 - 6 ngày
NTB,Lâm Đồng,20942000,(LDO) Di Linh,GYYFQXXN,SME,2026-09-02 16:47:18.852000,5.592835648,2026-09-08 07:00:59,2,(a) 5 - 6 ngày
NTB,Lâm Đồng,20942000,(LDO) Di Linh,GYY7GHV8,SME,2026-09-02 16:47:18.852000,5.592835648,2026-09-08 07:00:59,1,(a) 5 - 6 ngày
NTB,Lâm Đồng,20942000,(LDO) Di Linh,GYYFCEBA,Shopee,2026-09-02 16:47:28.500000,5.592719907,2026-09-08 07:00:59,2,(a) 5 - 6 ngày
NTB,Lâm Đồng,20942000,(LDO) Di Linh,VNGH80896928905,TTS,2026-09-02 16:47:28.500000,5.592719907,2026-09-08 07:00:59,2,(a) 5 - 6 ngày
NTB,Lâm Đồng,20942000,(LDO) Di Linh,GYY7QUX7,SME,2026-09-02 16:47:34.305000,5.592650463,2026-09-08 07:00:59,1,(a) 5 - 6 ngày
NTB,Lâm Đồng,20942000,(LDO) Di Linh,GYY77XXY,SME,2026-09-02 16:47:34.305000,5.592650463,2026-09-08 07:00:59,0,(a) 5 - 6 ngày
NTB,Lâm Đồng,20942000,(LDO) Di Linh,GYYFR8WX,SME,2026-09-02 16:47:34.305000,5.592650463,2026-09-08 07:00:59,1,(a) 5 - 6 ngày
NTB,Lâm Đồng,20942000,(LDO) Di Linh,VNGH80489338907,TTS,2026-09-02 16:47:34.305000,5.592650463,2026-09-08 07:00:59,3,(a) 5 - 6 ngày
NTB,Lâm Đồng,20942000,(LDO) Di Linh,GYYLRHLY,SME,2026-09-02 16:47:55.027000,5.592407407,2026-09-08 07:00:59,1,(a) 5 - 6 ngày
NTB,Lâm Đồng,20942000,(LDO) Di Linh,GYY7LLGM,SME,2026-09-02 16:48:21.090000,5.592106481,2026-09-08 07:00:59,0,(a) 5 - 6 ngày
NTB,Lâm Đồng,20942000,(LDO) Di Linh,GYY7Q374,SME,2026-09-02 16:48:21.090000,5.592106481,2026-09-08 07:00:59,0,(a) 5 - 6 ngày
NTB,Lâm Đồng,20942000,(LDO) Di Linh,GYYLKAE4,SME,2026-09-02 16:48:21.090000,5.592106481,2026-09-08 07:00:59,3,(a) 5 - 6 ngày
NTB,Lâm Đồng,20942000,(LDO) Di Linh,VNGH80125888907,TTS,2026-09-02 16:48:21.090000,5.592106481,2026-09-08 07:00:59,0,(a) 5 - 6 ngày
NTB,Lâm Đồng,20942000,(LDO) Di Linh,GYYFA3QT,Shopee,2026-09-02 16:48:30.725000,5.592002315,2026-09-08 07:00:59,2,(a) 5 - 6 ngày
NTB,Lâm Đồng,20942000,(LDO) Di Linh,GYYFK46R,Shopee,2026-09-02 16:48:30.725000,5.592002315,2026-09-08 07:00:59,2,(a) 5 - 6 ngày
NTB,Lâm Đồng,20942000,(LDO) Di Linh,GYYLRMWL,SME,2026-09-02 16:48:30.725000,5.592002315,2026-09-08 07:00:59,0,(a) 5 - 6 ngày
NTB,Lâm Đồng,20942000,(LDO) Di Linh,GYYFAKX7,SME,2026-09-02 16:48:44.170000,5.591840278,2026-09-08 07:00:59,3,(a) 5 - 6 ngày
NTB,Lâm Đồng,20942000,(LDO) Di Linh,GYY7FE6T,SME,2026-09-02 16:48:56.391000,5.591701389,2026-09-08 07:00:59,0,(a) 5 - 6 ngày
NTB,Lâm Đồng,20942000,(LDO) Di Linh,GYYFRMT8,SME,2026-09-02 16:48:56.391000,5.591701389,2026-09-08 07:00:59,0,(a) 5 - 6 ngày
NTB,Lâm Đồng,20942000,(LDO) Di Linh,GYY77Y6L,SME,2026-09-02 16:48:56.391000,5.591701389,2026-09-08 07:00:59,0,(a) 5 - 6 ngày
NTB,Lâm Đồng,20942000,(LDO) Di Linh,VNGH80243268908,TTS,2026-09-02 16:49:04.410000,5.591608796,2026-09-08 07:00:59,4,(a) 5 - 6 ngày
NTB,Lâm Đồng,20942000,(LDO) Di Linh,GYYLNMK9,SME,2026-09-02 16:49:04.410000,5.591608796,2026-09-08 07:00:59,0,(a) 5 - 6 ngày
NTB,Lâm Đồng,20942000,(LDO) Di Linh,GYY7GUDD,SME,2026-09-02 16:49:23.118000,5.591388889,2026-09-08 07:00:59,0,(a) 5 - 6 ngày
NTB,Lâm Đồng,20942000,(LDO) Di Linh,VNGH80619528907,TTS,2026-09-02 16:49:23.118000,5.591388889,2026-09-08 07:00:59,2,(a) 5 - 6 ngày
NTB,Lâm Đồng,20942000,(LDO) Di Linh,GYYFX6QU,SME,2026-09-02 16:49:42.634000,5.591168981,2026-09-08 07:00:59,0,(a) 5 - 6 ngày
NTB,Lâm Đồng,20942000,(LDO) Di Linh,GYYLMWF7,SME,2026-09-02 16:49:42.634000,5.591168981,2026-09-08 07:00:59,0,(a) 5 - 6 ngày
NTB,Lâm Đồng,20942000,(LDO) Di Linh,VNGH80397588909,TTS,2026-09-02 16:49:50.349000,5.591076389,2026-09-08 07:00:59,3,(a) 5 - 6 ngày
NTB,Lâm Đồng,20942000,(LDO) Di Linh,GYYQE8VU,SME,2026-09-02 16:49:57.763000,5.59099537,2026-09-08 07:00:59,1,(a) 5 - 6 ngày
NTB,Lâm Đồng,22255000,(LDO) Hiệp Thạnh,VNGH80398648907,TTS,2026-09-02 17:26:52.916000,5.565358796,2026-09-08 07:00:59,4,(a) 5 - 6 ngày
NTB,Lâm Đồng,22255000,(LDO) Hiệp Thạnh,VNGH80002398908,TTS,2026-09-02 17:27:22.726000,5.565011574,2026-09-08 07:00:59,4,(a) 5 - 6 ngày
NTB,Đắk Nông,20269000,(DNO) Kiến Đức,GYYLYN9H,SME,2026-09-02 17:29:00.351000,5.563877315,2026-09-08 07:00:59,0,(a) 5 - 6 ngày
NTB,Đắk Nông,20269000,(DNO) Kiến Đức,GYYLP9G6,SME,2026-09-02 17:29:00.351000,5.563877315,2026-09-08 07:00:59,2,(a) 5 - 6 ngày
NTB,Đắk Nông,20269000,(DNO) Kiến Đức,VNGH80817138905,TTS,2026-09-02 17:29:05.755000,5.563819444,2026-09-08 07:00:59,2,(a) 5 - 6 ngày
NTB,Đắk Nông,20269000,(DNO) Kiến Đức,GYY7GWCT,SME,2026-09-02 17:29:11.484000,5.56375,2026-09-08 07:00:59,3,(a) 5 - 6 ngày
NTB,Đắk Nông,20269000,(DNO) Kiến Đức,GYYG7WLB,SME,2026-09-02 17:29:11.484000,5.56375,2026-09-08 07:00:59,2,(a) 5 - 6 ngày
NTB,Đắk Nông,20269000,(DNO) Kiến Đức,GYYGGV7E,SME,2026-09-02 17:29:11.484000,5.56375,2026-09-08 07:00:59,3,(a) 5 - 6 ngày
NTB,Đắk Nông,20269000,(DNO) Kiến Đức,GYYFD98X,SME,2026-09-02 17:29:34.445000,5.563483796,2026-09-08 07:00:59,3,(a) 5 - 6 ngày
NTB,Đắk Nông,20269000,(DNO) Kiến Đức,GYYFPBDP,SME,2026-09-02 17:29:34.445000,5.563483796,2026-09-08 07:00:59,2,(a) 5 - 6 ngày
NTB,Đắk Nông,20269000,(DNO) Kiến Đức,VNGH80336778907,TTS,2026-09-02 17:29:34.445000,5.563483796,2026-09-08 07:00:59,2,(a) 5 - 6 ngày
NTB,Đắk Nông,20269000,(DNO) Kiến Đức,GY8XYWCA,SME,2026-09-02 17:29:46.612000,5.563344907,2026-09-08 07:00:59,3,(a) 5 - 6 ngày
NTB,Đắk Nông,20269000,(DNO) Kiến Đức,GYYLFTRD,SME,2026-09-02 17:29:55.853000,5.563240741,2026-09-08 07:00:59,3,(a) 5 - 6 ngày
NTB,Đắk Nông,20269000,(DNO) Kiến Đức,GYYQ8D7H,SME,2026-09-02 17:30:20.306000,5.562951389,2026-09-08 07:00:59,2,(a) 5 - 6 ngày
NTB,Đắk Nông,2309,(DNO) Đức Lập,VNGH80096428908,TTS,2026-09-02 17:32:10.756000,5.561678241,2026-09-08 07:00:59,5,(a) 5 - 6 ngày
NTB,Đắk Nông,2309,(DNO) Đức Lập,GYYFTK4L,SME,2026-09-02 17:43:13.616000,5.55400463,2026-09-08 07:00:59,5,(a) 5 - 6 ngày
NTB,Đắk Nông,2309,(DNO) Đức Lập,GYYFTK46,SME,2026-09-02 17:43:46.705000,5.553622685,2026-09-08 07:00:59,5,(a) 5 - 6 ngày
NTB,Đắk Nông,2309,(DNO) Đức Lập,VNGH80779988908,TTS,2026-09-02 17:44:25.069000,5.553171296,2026-09-08 07:00:59,5,(a) 5 - 6 ngày
NTB,Đắk Nông,2309,(DNO) Đức Lập,GYYFX9KA,SME,2026-09-02 17:47:41.079000,5.550902778,2026-09-08 07:00:59,5,(a) 5 - 6 ngày
NTB,Khánh Hòa,22704000,(KHO) Nam Nha Trang 2,GYY7C9P9,SME,2026-09-02 18:07:31.665000,5.53712963,2026-09-08 07:00:59,3,(a) 5 - 6 ngày
NTB,Lâm Đồng,22051000,(LDO) Lang Biang - Đà Lạt 1,GYYF7B9U,Shopee-Bulky,2026-09-02 18:23:54.913000,5.525752315,2026-09-08 07:00:59,0,(a) 5 - 6 ngày
NTB,Lâm Đồng,22051000,(LDO) Lang Biang - Đà Lạt 1,VNGH80248988904,TTS,2026-09-02 18:24:05.169000,5.525625,2026-09-08 07:00:59,1,(a) 5 - 6 ngày
NTB,Lâm Đồng,20670000,(LDO) Đam Rông 3,GYYFKVCB,SME,2026-09-02 18:24:09.688000,5.525578704,2026-09-08 07:00:59,3,(a) 5 - 6 ngày
NTB,Lâm Đồng,20670000,(LDO) Đam Rông 3,VNGH80029348906,TTS,2026-09-02 18:24:09.688000,5.525578704,2026-09-08 07:00:59,4,(a) 5 - 6 ngày
NTB,Lâm Đồng,22051000,(LDO) Lang Biang - Đà Lạt 1,GYYFGHFM,Shopee,2026-09-02 18:24:26.283000,5.525381944,2026-09-08 07:00:59,0,(a) 5 - 6 ngày
NTB,Lâm Đồng,22051000,(LDO) Lang Biang - Đà Lạt 1,GYYFVTNL,SME,2026-09-02 18:24:33.295000,5.525300926,2026-09-08 07:00:59,1,(a) 5 - 6 ngày
NTB,Lâm Đồng,22051000,(LDO) Lang Biang - Đà Lạt 1,GYYLTTX9,SME,2026-09-02 18:24:33.295000,5.525300926,2026-09-08 07:00:59,1,(a) 5 - 6 ngày
NTB,Lâm Đồng,22051000,(LDO) Lang Biang - Đà Lạt 1,GYYLWGWG,SME,2026-09-02 18:24:40.456000,5.525219907,2026-09-08 07:00:59,2,(a) 5 - 6 ngày
NTB,Lâm Đồng,22051000,(LDO) Lang Biang - Đà Lạt 1,VNGH80145978907,TTS,2026-09-02 18:24:40.456000,5.525219907,2026-09-08 07:00:59,3,(a) 5 - 6 ngày
NTB,Lâm Đồng,22051000,(LDO) Lang Biang - Đà Lạt 1,GYY7LMMA,SME,2026-09-02 18:24:40.456000,5.525219907,2026-09-08 07:00:59,2,(a) 5 - 6 ngày
NTB,Lâm Đồng,22051000,(LDO) Lang Biang - Đà Lạt 1,GYYF3KVV,SME,2026-09-02 18:24:40.456000,5.525219907,2026-09-08 07:00:59,2,(a) 5 - 6 ngày
NTB,Lâm Đồng,22051000,(LDO) Lang Biang - Đà Lạt 1,GYYFXGUL,SME,2026-09-02 18:24:40.456000,5.525219907,2026-09-08 07:00:59,1,(a) 5 - 6 ngày
NTB,Lâm Đồng,22051000,(LDO) Lang Biang - Đà Lạt 1,GYYFTHRE,SME,2026-09-02 18:24:45.287000,5.525162037,2026-09-08 07:00:59,2,(a) 5 - 6 ngày
NTB,Lâm Đồng,22051000,(LDO) Lang Biang - Đà Lạt 1,GYYFGDNY,SME,2026-09-02 18:24:56.476000,5.525034722,2026-09-08 07:00:59,2,(a) 5 - 6 ngày
NTB,Lâm Đồng,22051000,(LDO) Lang Biang - Đà Lạt 1,GYYFY38B,SME,2026-09-02 18:24:56.476000,5.525034722,2026-09-08 07:00:59,0,(a) 5 - 6 ngày
NTB,Lâm Đồng,22051000,(LDO) Lang Biang - Đà Lạt 1,GYYFXGGH,SME,2026-09-02 18:24:56.476000,5.525034722,2026-09-08 07:00:59,0,(a) 5 - 6 ngày
NTB,Lâm Đồng,22051000,(LDO) Lang Biang - Đà Lạt 1,VNGH80366068907,TTS,2026-09-02 18:24:56.476000,5.525034722,2026-09-08 07:00:59,3,(a) 5 - 6 ngày
NTB,Lâm Đồng,22051000,(LDO) Lang Biang - Đà Lạt 1,GYYLMGNW,SME,2026-09-02 18:24:56.476000,5.525034722,2026-09-08 07:00:59,1,(a) 5 - 6 ngày
NTB,Lâm Đồng,22051000,(LDO) Lang Biang - Đà Lạt 1,GYYFFTKF,SME,2026-09-02 18:25:23.353000,5.524722222,2026-09-08 07:00:59,1,(a) 5 - 6 ngày
NTB,Lâm Đồng,22051000,(LDO) Lang Biang - Đà Lạt 1,VNGH80676448907,TTS,2026-09-02 18:25:23.353000,5.524722222,2026-09-08 07:00:59,3,(a) 5 - 6 ngày
NTB,Lâm Đồng,22051000,(LDO) Lang Biang - Đà Lạt 1,GYYFFU47,SME,2026-09-02 18:25:23.353000,5.524722222,2026-09-08 07:00:59,2,(a) 5 - 6 ngày
NTB,Lâm Đồng,22051000,(LDO) Lang Biang - Đà Lạt 1,GY8UAF8Y,SME,2026-09-02 18:25:23.353000,5.524722222,2026-09-08 07:00:59,1,(a) 5 - 6 ngày
NTB,Lâm Đồng,22051000,(LDO) Lang Biang - Đà Lạt 1,GYY7A7UE,SME,2026-09-02 18:25:34.514000,5.524594907,2026-09-08 07:00:59,2,(a) 5 - 6 ngày
NTB,Lâm Đồng,22051000,(LDO) Lang Biang - Đà Lạt 1,GYYFFFLG,Shopee,2026-09-02 18:25:34.514000,5.524594907,2026-09-08 07:00:59,1,(a) 5 - 6 ngày
NTB,Lâm Đồng,22051000,(LDO) Lang Biang - Đà Lạt 1,GYYGFAXN,SME,2026-09-02 18:25:42.050000,5.524502315,2026-09-08 07:00:59,1,(a) 5 - 6 ngày
NTB,Lâm Đồng,22051000,(LDO) Lang Biang - Đà Lạt 1,VNGH80863108908,TTS,2026-09-02 18:25:42.050000,5.524502315,2026-09-08 07:00:59,2,(a) 5 - 6 ngày
NTB,Lâm Đồng,22051000,(LDO) Lang Biang - Đà Lạt 1,GYY77H9P,SME,2026-09-02 18:26:07.984000,5.524212963,2026-09-08 07:00:59,2,(a) 5 - 6 ngày
NTB,Lâm Đồng,22051000,(LDO) Lang Biang - Đà Lạt 1,VNGH80782308904,TTS,2026-09-02 18:26:17.026000,5.524097222,2026-09-08 07:00:59,5,(a) 5 - 6 ngày
NTB,Lâm Đồng,22051000,(LDO) Lang Biang - Đà Lạt 1,GYYLXTFL,SME,2026-09-02 18:30:00.754000,5.521516204,2026-09-08 07:00:59,0,(a) 5 - 6 ngày
NTB,Lâm Đồng,22051000,(LDO) Lang Biang - Đà Lạt 1,GYYL8WNF,SME,2026-09-02 18:30:23.066000,5.52125,2026-09-08 07:00:59,0,(a) 5 - 6 ngày
NTB,Lâm Đồng,22051000,(LDO) Lang Biang - Đà Lạt 1,GYYLH3T3,SME,2026-09-02 18:31:41.506000,5.520347222,2026-09-08 07:00:59,1,(a) 5 - 6 ngày
NTB,Lâm Đồng,22051000,(LDO) Lang Biang - Đà Lạt 1,GYYL3CPT,SME,2026-09-02 18:32:15.974000,5.519953704,2026-09-08 07:00:59,1,(a) 5 - 6 ngày
NTB,Lâm Đồng,22051000,(LDO) Lang Biang - Đà Lạt 1,VNGH80144498903,TTS,2026-09-02 18:32:15.974000,5.519953704,2026-09-08 07:00:59,3,(a) 5 - 6 ngày
NTB,Lâm Đồng,22051000,(LDO) Lang Biang - Đà Lạt 1,GYYLR6V3,SME,2026-09-02 18:32:15.974000,5.519953704,2026-09-08 07:00:59,1,(a) 5 - 6 ngày
NTB,Lâm Đồng,22051000,(LDO) Lang Biang - Đà Lạt 1,VNGH80633398906,TTS,2026-09-02 18:32:25.857000,5.519837963,2026-09-08 07:00:59,3,(a) 5 - 6 ngày
NTB,Lâm Đồng,22051000,(LDO) Lang Biang - Đà Lạt 1,GYYFTAXU,SME,2026-09-02 18:32:25.857000,5.519837963,2026-09-08 07:00:59,2,(a) 5 - 6 ngày
NTB,Lâm Đồng,22051000,(LDO) Lang Biang - Đà Lạt 1,GYYFYVHC,SME,2026-09-02 18:32:25.857000,5.519837963,2026-09-08 07:00:59,3,(a) 5 - 6 ngày
NTB,Lâm Đồng,22051000,(LDO) Lang Biang - Đà Lạt 1,VNGH80965178909,TTS,2026-09-02 18:33:30.126000,5.519085648,2026-09-08 07:00:59,2,(a) 5 - 6 ngày
NTB,Lâm Đồng,22051000,(LDO) Lang Biang - Đà Lạt 1,VNGH80313618908,TTS,2026-09-02 18:34:03.289000,5.518703704,2026-09-08 07:00:59,3,(a) 5 - 6 ngày
NTB,Lâm Đồng,22051000,(LDO) Lang Biang - Đà Lạt 1,GYYF8R7H,Shopee,2026-09-02 18:34:13.547000,5.518587963,2026-09-08 07:00:59,0,(a) 5 - 6 ngày
NTB,Lâm Đồng,22051000,(LDO) Lang Biang - Đà Lạt 1,GYYF84WA,SME,2026-09-02 18:34:13.547000,5.518587963,2026-09-08 07:00:59,2,(a) 5 - 6 ngày
NTB,Lâm Đồng,22051000,(LDO) Lang Biang - Đà Lạt 1,VNGH80278818907,TTS,2026-09-02 18:34:13.547000,5.518587963,2026-09-08 07:00:59,3,(a) 5 - 6 ngày
NTB,Lâm Đồng,22051000,(LDO) Lang Biang - Đà Lạt 1,GYYFK7U4,SME,2026-09-02 18:34:13.547000,5.518587963,2026-09-08 07:00:59,0,(a) 5 - 6 ngày
NTB,Lâm Đồng,22051000,(LDO) Lang Biang - Đà Lạt 1,GYYFFTR4,SME,2026-09-02 18:34:19.674000,5.518518519,2026-09-08 07:00:59,2,(a) 5 - 6 ngày
NTB,Lâm Đồng,22051000,(LDO) Lang Biang - Đà Lạt 1,GYYFM9QX,SME,2026-09-02 18:34:19.674000,5.518518519,2026-09-08 07:00:59,1,(a) 5 - 6 ngày
NTB,Lâm Đồng,22051000,(LDO) Lang Biang - Đà Lạt 1,GYYQRXW3,SME,2026-09-02 18:34:50.234000,5.518159722,2026-09-08 07:00:59,1,(a) 5 - 6 ngày
NTB,Lâm Đồng,22051000,(LDO) Lang Biang - Đà Lạt 1,GY8MWLTG,SME,2026-09-02 18:34:50.234000,5.518159722,2026-09-08 07:00:59,1,(a) 5 - 6 ngày
NTB,Lâm Đồng,22051000,(LDO) Lang Biang - Đà Lạt 1,GYYFB7NM,SME,2026-09-02 18:35:01.095000,5.518032407,2026-09-08 07:00:59,0,(a) 5 - 6 ngày
NTB,Lâm Đồng,22051000,(LDO) Lang Biang - Đà Lạt 1,VNGH80205048907,TTS,2026-09-02 18:35:10.467000,5.517928241,2026-09-08 07:00:59,2,(a) 5 - 6 ngày
NTB,Đắk Nông,22048000,(DNO) Đông Gia Nghĩa,GYYF3A4F,SME,2026-09-02 18:38:46.495000,5.515428241,2026-09-08 07:00:59,3,(a) 5 - 6 ngày
NTB,Lâm Đồng,22051000,(LDO) Lang Biang - Đà Lạt 1,GYYLRMFM,SME,2026-09-02 18:39:20.011000,5.515034722,2026-09-08 07:00:59,2,(a) 5 - 6 ngày
NTB,Đắk Nông,22048000,(DNO) Đông Gia Nghĩa,GYY7QVUG,SME,2026-09-02 18:39:30.261000,5.514918981,2026-09-08 07:00:59,0,(a) 5 - 6 ngày
NTB,Đắk Nông,22048000,(DNO) Đông Gia Nghĩa,GYYFR8UG,SME,2026-09-02 18:39:34.186000,5.514872685,2026-09-08 07:00:59,3,(a) 5 - 6 ngày
NTB,Đắk Nông,22048000,(DNO) Đông Gia Nghĩa,GYYQRKXG,SME,2026-09-02 18:39:40.229000,5.514803241,2026-09-08 07:00:59,3,(a) 5 - 6 ngày
NTB,Đắk Nông,22048000,(DNO) Đông Gia Nghĩa,VNGH80575408908,TTS,2026-09-02 18:40:42.411000,5.514085648,2026-09-08 07:00:59,3,(a) 5 - 6 ngày
NTB,Đắk Nông,22048000,(DNO) Đông Gia Nghĩa,GYYLULWT,SME,2026-09-02 18:40:48.848000,5.514016204,2026-09-08 07:00:59,2,(a) 5 - 6 ngày
NTB,Đắk Nông,22048000,(DNO) Đông Gia Nghĩa,VNGH80728008908,TTS,2026-09-02 18:41:35.601000,5.513472222,2026-09-08 07:00:59,4,(a) 5 - 6 ngày
NTB,Đắk Nông,22048000,(DNO) Đông Gia Nghĩa,VNGH80891428908,TTS,2026-09-02 18:42:40.236000,5.512719907,2026-09-08 07:00:59,3,(a) 5 - 6 ngày
NTB,Khánh Hòa,22746000,(KHO) Nam Nha Trang 1,VNGH80069658910,TTS,2026-09-02 18:48:17.708000,5.508819444,2026-09-08 07:00:59,5,(a) 5 - 6 ngày
NTB,Khánh Hòa,20320000,(KHO) Tây Nha Trang,VNGH80225668909,TTS,2026-09-02 18:49:10.489000,5.508206019,2026-09-08 07:00:59,5,(a) 5 - 6 ngày
NTB,Khánh Hòa,20320000,(KHO) Tây Nha Trang,VNGH80012478909,TTS,2026-09-02 18:51:14.507000,5.506770833,2026-09-08 07:00:59,5,(a) 5 - 6 ngày
NTB,Ninh Thuận,20499000,(NTH) Phước Dinh,VNGH80610208908,TTS,2026-09-02 19:14:43.531000,5.490462963,2026-09-08 07:00:59,4,(a) 5 - 6 ngày
NTB,Ninh Thuận,20499000,(NTH) Phước Dinh,GYYFFNVH,SME,2026-09-02 19:14:43.531000,5.490462963,2026-09-08 07:00:59,3,(a) 5 - 6 ngày
NTB,Đắk Nông,21477000,(DNO) Đức An,GYYF4MYC,SME,2026-09-02 19:20:00.971000,5.486793981,2026-09-08 07:00:59,3,(a) 5 - 6 ngày
NTB,Đắk Nông,20591000,(DNO) Krông Nô,GYYFADBQ,SME,2026-09-02 19:42:09.692000,5.471412037,2026-09-08 07:00:59,3,(a) 5 - 6 ngày
NTB,Khánh Hòa,2399,(KHO) Bắc Nha Trang,VNGH80454628910,TTS,2026-09-02 19:42:44.269000,5.471006944,2026-09-08 07:00:59,5,(a) 5 - 6 ngày
NTB,Đắk Nông,21364000,(DNO) Quảng Khê,VNGH80374838910,TTS,2026-09-03 05:28:35.691000,5.064166667,2026-09-08 07:00:59,4,(a) 5 - 6 ngày
NTB,Đắk Nông,21364000,(DNO) Quảng Khê,GYYGVFY3,SME,2026-09-03 05:30:39.322000,5.062731481,2026-09-08 07:00:59,3,(a) 5 - 6 ngày
NTB,Đắk Nông,20269003,(DNO) Nhân Cơ,GYYFY8TE,SME,2026-09-03 05:31:05.282000,5.062430556,2026-09-08 07:00:59,0,(a) 5 - 6 ngày
NTB,Đắk Nông,20269003,(DNO) Nhân Cơ,GYYFETVG,SME,2026-09-03 05:31:05.282000,5.062430556,2026-09-08 07:00:59,2,(a) 5 - 6 ngày
NTB,Đắk Nông,20269003,(DNO) Nhân Cơ,VNGH80441879001,TTS,2026-09-03 05:32:25.436000,5.06150463,2026-09-08 07:00:59,2,(a) 5 - 6 ngày
NTB,Lâm Đồng,22389000,(LDO) Đức Trọng 1,GYYLA3DV,SME,2026-09-03 05:50:14.654000,5.049131944,2026-09-08 07:00:59,2,(a) 5 - 6 ngày
NTB,Lâm Đồng,22389000,(LDO) Đức Trọng 1,VNGH80230878909,TTS,2026-09-03 05:50:40.285000,5.048831019,2026-09-08 07:00:59,0,(a) 5 - 6 ngày
NTB,Lâm Đồng,22389000,(LDO) Đức Trọng 1,VNGH80193118908,TTS,2026-09-03 05:50:40.285000,5.048831019,2026-09-08 07:00:59,0,(a) 5 - 6 ngày
NTB,Lâm Đồng,22389000,(LDO) Đức Trọng 1,GYYG7NAT,SME,2026-09-03 05:51:10.487000,5.048483796,2026-09-08 07:00:59,2,(a) 5 - 6 ngày
NTB,Lâm Đồng,22389000,(LDO) Đức Trọng 1,GYY7RBAQ,SME,2026-09-03 05:51:44.630000,5.048090278,2026-09-08 07:00:59,2,(a) 5 - 6 ngày
NTB,Khánh Hòa,20143000,(KHO) Diên Khánh 2,GYY7HBHA,SME,2026-09-03 06:02:06.683000,5.040891204,2026-09-08 07:00:59,3,(a) 5 - 6 ngày
NTB,Khánh Hòa,20143000,(KHO) Diên Khánh 2,GYYG7RVH,SME,2026-09-03 06:02:55.019000,5.040324074,2026-09-08 07:00:59,3,(a) 5 - 6 ngày
NTB,Khánh Hòa,20143000,(KHO) Diên Khánh 2,GYY7YDKU,SME,2026-09-03 06:04:01.595000,5.039560185,2026-09-08 07:00:59,3,(a) 5 - 6 ngày
NTB,Khánh Hòa,20143000,(KHO) Diên Khánh 2,VNGH80610488910,TTS,2026-09-03 06:06:56.990000,5.037534722,2026-09-08 07:00:59,3,(a) 5 - 6 ngày
NTB,Đắk Nông,22048000,(DNO) Đông Gia Nghĩa,GYYFEQNH,Shopee,2026-09-03 06:13:58.055000,5.032650463,2026-09-08 07:00:59,2,(a) 5 - 6 ngày
NTB,Bình Thuận,20144000,(BTH) Mũi Né,GYYGU98B,SME,2026-09-03 06:15:08.401000,5.031840278,2026-09-08 07:00:59,3,(a) 5 - 6 ngày
NTB,Khánh Hòa,2399,(KHO) Bắc Nha Trang,VNGH80113348908,TTS,2026-09-03 06:19:46.063000,5.028622685,2026-09-08 07:00:59,5,(a) 5 - 6 ngày
NTB,Lâm Đồng,22425000,(LDO) Tân Hà Lâm Hà,GYYFHKHV,SME,2026-09-03 06:22:19.388000,5.026851852,2026-09-08 07:00:59,0,(a) 5 - 6 ngày
NTB,Lâm Đồng,22425000,(LDO) Tân Hà Lâm Hà,GYYFGQQV,SME,2026-09-03 06:22:55.881000,5.026435185,2026-09-08 07:00:59,2,(a) 5 - 6 ngày
NTB,Lâm Đồng,22425000,(LDO) Tân Hà Lâm Hà,GYYGGUEN,SME,2026-09-03 06:22:55.881000,5.026435185,2026-09-08 07:00:59,1,(a) 5 - 6 ngày
NTB,Lâm Đồng,22425000,(LDO) Tân Hà Lâm Hà,GYYLTY3A,SME,2026-09-03 06:22:55.881000,5.026435185,2026-09-08 07:00:59,1,(a) 5 - 6 ngày
NTB,Khánh Hòa,22774000,(KHO) Diên Khánh 1,GYYGQ3FL,SME,2026-09-03 06:22:59.801000,5.026388889,2026-09-08 07:00:59,3,(a) 5 - 6 ngày
NTB,Lâm Đồng,22425000,(LDO) Tân Hà Lâm Hà,GYYFBVKQ,Shopee,2026-09-03 06:23:04.328000,5.026331019,2026-09-08 07:00:59,1,(a) 5 - 6 ngày
NTB,Khánh Hòa,22774000,(KHO) Diên Khánh 1,GYY7RAM6,SME,2026-09-03 06:23:12.775000,5.026238426,2026-09-08 07:00:59,3,(a) 5 - 6 ngày
NTB,Lâm Đồng,22425000,(LDO) Tân Hà Lâm Hà,VNGH80611318910,TTS,2026-09-03 06:23:32.987000,5.026006944,2026-09-08 07:00:59,4,(a) 5 - 6 ngày
NTB,Lâm Đồng,22425000,(LDO) Tân Hà Lâm Hà,GYYG9KA9,SME,2026-09-03 06:23:32.987000,5.026006944,2026-09-08 07:00:59,2,(a) 5 - 6 ngày
NTB,Bình Thuận,21067000,(BTH) Tân Hải,VNGH80699808909,TTS,2026-09-03 06:23:38.414000,5.0259375,2026-09-08 07:00:59,5,(a) 5 - 6 ngày
NTB,Lâm Đồng,22425000,(LDO) Tân Hà Lâm Hà,GYY7GRYX,SME,2026-09-03 06:23:46.273000,5.025844907,2026-09-08 07:00:59,2,(a) 5 - 6 ngày
NTB,Lâm Đồng,22425000,(LDO) Tân Hà Lâm Hà,GYY7GRTY,SME,2026-09-03 06:24:33.306000,5.025300926,2026-09-08 07:00:59,1,(a) 5 - 6 ngày
NTB,Lâm Đồng,1896,(LDO) Đạ Huoai,GYYLDV6E,SME,2026-09-03 06:29:00.708000,5.022210648,2026-09-08 07:00:59,3,(a) 5 - 6 ngày
NTB,Lâm Đồng,21468000,(LDO) 3 Bảo Lộc,VNGH80517308904,TTS,2026-09-03 06:29:24.976000,5.02193287,2026-09-08 07:00:59,5,(a) 5 - 6 ngày
NTB,Khánh Hòa,22830000,(KHO) Cam Linh,VNGH80905318908,TTS,2026-09-03 06:31:43.411000,5.020324074,2026-09-08 07:00:59,4,(a) 5 - 6 ngày
NTB,Khánh Hòa,22830000,(KHO) Cam Linh,VNGH80705678909,TTS,2026-09-03 06:31:43.411000,5.020324074,2026-09-08 07:00:59,4,(a) 5 - 6 ngày
NTB,Khánh Hòa,22830000,(KHO) Cam Linh,VNGH80962868909,TTS,2026-09-03 06:31:50.145000,5.020243056,2026-09-08 07:00:59,5,(a) 5 - 6 ngày
NTB,Khánh Hòa,22830000,(KHO) Cam Linh,GYYGVV87,SME,2026-09-03 06:34:00.855000,5.018738426,2026-09-08 07:00:59,3,(a) 5 - 6 ngày
NTB,Khánh Hòa,20558000,(KHO) Khánh Vĩnh,GYY7CRQ8,SME,2026-09-03 06:37:22.441000,5.016400463,2026-09-08 07:00:59,3,(a) 5 - 6 ngày
NTB,Khánh Hòa,20558000,(KHO) Khánh Vĩnh,VNGH80242158907,TTS,2026-09-03 06:37:35.585000,5.01625,2026-09-08 07:00:59,3,(a) 5 - 6 ngày
NTB,Đắk Nông,20269000,(DNO) Kiến Đức,VNGH80139028907,TTS,2026-09-03 06:37:37.844000,5.016226852,2026-09-08 07:00:59,4,(a) 5 - 6 ngày
NTB,Khánh Hòa,20320000,(KHO) Tây Nha Trang,VNGH80968348905,TTS,2026-09-03 06:38:00.013000,5.015960648,2026-09-08 07:00:59,5,(a) 5 - 6 ngày
NTB,Lâm Đồng,21687000,(LDO) Lang Biang - Đà Lạt 2,GYY78PP4,Shopee,2026-09-03 06:38:33.334000,5.015578704,2026-09-08 07:00:59,0,(a) 5 - 6 ngày
NTB,Khánh Hòa,20588000,(KHO) Cam Lâm 2,GYYGG7K7,SME,2026-09-03 06:39:15.988000,5.015092593,2026-09-08 07:00:59,3,(a) 5 - 6 ngày
NTB,Khánh Hòa,21569000,(KHO) Đông Ninh Hòa,GYY7W4WX,Shopee,2026-09-03 06:40:22.488000,5.01431713,2026-09-08 07:00:59,2,(a) 5 - 6 ngày
NTB,Đắk Nông,20269000,(DNO) Kiến Đức,VNGH80163698907,TTS,2026-09-03 06:41:43.047000,5.01337963,2026-09-08 07:00:59,4,(a) 5 - 6 ngày
NTB,Đắk Nông,20269000,(DNO) Kiến Đức,YOD1SO046776254,SME,2026-09-03 06:42:35.886000,5.012777778,2026-09-08 07:00:59,2,(a) 5 - 6 ngày
NTB,Lâm Đồng,21687000,(LDO) Lang Biang - Đà Lạt 2,NVS838187627,SME,2026-09-03 06:42:40.657000,5.012719907,2026-09-08 07:00:59,3,(a) 5 - 6 ngày
NTB,Lâm Đồng,21687000,(LDO) Lang Biang - Đà Lạt 2,GYYFR8WM,SME,2026-09-03 06:42:40.657000,5.012719907,2026-09-08 07:00:59,3,(a) 5 - 6 ngày
NTB,Lâm Đồng,21687000,(LDO) Lang Biang - Đà Lạt 2,GYYLKAAW,SME,2026-09-03 06:43:11.715000,5.012361111,2026-09-08 07:00:59,3,(a) 5 - 6 ngày
NTB,Đắk Nông,20269000,(DNO) Kiến Đức,GYYLXX4D,SME,2026-09-03 06:43:12.020000,5.012349537,2026-09-08 07:00:59,2,(a) 5 - 6 ngày
NTB,Đắk Nông,20269000,(DNO) Kiến Đức,GYYGU7FE,SME,2026-09-03 06:43:12.020000,5.012349537,2026-09-08 07:00:59,0,(a) 5 - 6 ngày
NTB,Đắk Nông,20269000,(DNO) Kiến Đức,GYYQYFGD,SME,2026-09-03 06:43:12.020000,5.012349537,2026-09-08 07:00:59,3,(a) 5 - 6 ngày
NTB,Đắk Nông,20269000,(DNO) Kiến Đức,VNGH80250778908,TTS,2026-09-03 06:43:12.020000,5.012349537,2026-09-08 07:00:59,0,(a) 5 - 6 ngày
NTB,Đắk Nông,20269000,(DNO) Kiến Đức,GYYLXXGT,SME,2026-09-03 06:43:17.745000,5.012291667,2026-09-08 07:00:59,3,(a) 5 - 6 ngày
NTB,Khánh Hòa,21569000,(KHO) Đông Ninh Hòa,GYYGL6TY,SME,2026-09-03 06:43:25.583000,5.012199074,2026-09-08 07:00:59,4,(a) 5 - 6 ngày
NTB,Đắk Nông,2309,(DNO) Đức Lập,VNGH80187268910,TTS,2026-09-03 06:48:34.106000,5.008622685,2026-09-08 07:00:59,5,(a) 5 - 6 ngày
NTB,Khánh Hòa,20495000,(KHO) Nha Trang,VNGH80991958908,TTS,2026-09-03 06:49:00.242000,5.008321759,2026-09-08 07:00:59,5,(a) 5 - 6 ngày
NTB,Khánh Hòa,20495000,(KHO) Nha Trang,VNGH80601238908,TTS,2026-09-03 06:50:31.861000,5.007268519,2026-09-08 07:00:59,5,(a) 5 - 6 ngày
NTB,Lâm Đồng,21377000,(LDO) Đơn Dương,VNGH80292348910,TTS,2026-09-03 06:50:44.520000,5.007118056,2026-09-08 07:00:59,2,(a) 5 - 6 ngày
NTB,Lâm Đồng,21377000,(LDO) Đơn Dương,GYYG9YYE,SME,2026-09-03 06:50:44.520000,5.007118056,2026-09-08 07:00:59,0,(a) 5 - 6 ngày
NTB,Lâm Đồng,21377000,(LDO) Đơn Dương,GYY77PXP,SME,2026-09-03 06:50:51.156000,5.007037037,2026-09-08 07:00:59,4,(a) 5 - 6 ngày