Quản lý,Chi tiết,Time,GTC,%Ontime
NTB - Đắk Nông,(DNO) Kiến Đức,2026-10-06 - Thứ 3,1,100.00%
NTB - Đắk Nông,(DNO) Quảng Tín,2026-10-03 - Thứ 7,1,100.00%
NTB - Đắk Nông,(DNO) Kiến Đức,2026-10-04 - Chủ Nhật,1,100.00%
NTB - Đắk Nông,(DNO) Quảng Tín,2026-10-02 - Thứ 6,1,0.00%
NTB - Đắk Nông,(DNO) Kiến Đức,2026-10-03 - Thứ 7,2,50.00%
NTB - Đắk Nông,(DNO) Kiến Đức,2026-10-02 - Thứ 6,9,11.10%
NTB - Đắk Nông,(DNO) Tuy Đức,2026-10-03 - Thứ 7,11,90.90%
NTB - Đắk Nông,(DNO) Tuy Đức,2026-09-27 - Chủ Nhật,12,75.00%
NTB - Đắk Nông,(DNO) Tuy Đức,2026-09-29 - Thứ 3,12,91.70%
NTB - Đắk Nông,(DNO) Quảng Tín,2026-10-01 - Thứ 5,12,0.00%
NTB - Đắk Nông,(DNO) Bắc Gia Nghĩa,2026-09-23 - Thứ 4,13,100.00%
NTB - Đắk Nông,(DNO) Tuy Đức,2026-09-30 - Thứ 4,13,92.30%
NTB - Đắk Nông,(DNO) Tuy Đức,2026-10-06 - Thứ 3,14,100.00%
NTB - Đắk Nông,(DNO) Tuy Đức,2026-10-07 - Thứ 4,17,82.40%
NTB - Đắk Nông,(DNO) Kiến Đức,2026-09-30 - Thứ 4,17,29.40%
NTB - Đắk Nông,(DNO) Quảng Tín,2026-09-30 - Thứ 4,17,11.80%
NTB - Đắk Nông,(DNO) Tuy Đức,2026-10-02 - Thứ 6,18,94.40%
NTB - Đắk Nông,(DNO) Tuy Đức,2026-10-01 - Thứ 5,18,88.90%
NTB - Đắk Nông,(DNO) Tuy Đức,2026-10-05 - Thứ 2,19,89.50%
NTB - Đắk Nông,(DNO) Tuy Đức,2026-09-28 - Thứ 2,20,80.00%
NTB - Đắk Nông,(DNO) Quảng Khê,2026-09-23 - Thứ 4,23,82.60%
NTB - Đắk Nông,(DNO) Kiến Đức,2026-10-01 - Thứ 5,24,12.50%
NTB - Đắk Nông,(DNO) Tuy Đức,2026-09-24 - Thứ 5,25,20.00%
NTB - Đắk Nông,(DNO) Tuy Đức,2026-10-04 - Chủ Nhật,25,84.00%
NTB - Đắk Nông,(DNO) Tuy Đức,2026-09-25 - Thứ 6,26,73.10%
NTB - Đắk Nông,(DNO) Tuy Đức,2026-09-22 - Thứ 3,28,82.10%
NTB - Đắk Nông,(DNO) Bắc Gia Nghĩa,2026-10-07 - Thứ 4,28,100.00%
NTB - Đắk Nông,(DNO) Quảng Khê,2026-09-16 - Thứ 4,29,86.20%
NTB - Đắk Nông,(DNO) Bắc Gia Nghĩa,2026-09-15 - Thứ 3,30,86.70%
NTB - Đắk Nông,(DNO) Trường Xuân,2026-09-23 - Thứ 4,30,80.00%
NTB - Đắk Nông,(DNO) Quảng Tín,2026-09-16 - Thứ 4,30,73.30%
NTB - Đắk Nông,(DNO) Bắc Gia Nghĩa,2026-10-04 - Chủ Nhật,31,93.50%
NTB - Đắk Nông,(DNO) Bắc Gia Nghĩa,2026-09-18 - Thứ 6,32,100.00%
NTB - Đắk Nông,(DNO) Tuy Đức,2026-09-19 - Thứ 7,32,84.40%
NTB - Đắk Nông,(DNO) Bắc Gia Nghĩa,2026-09-21 - Thứ 2,33,87.90%
NTB - Đắk Nông,(DNO) Tuy Đức,2026-09-26 - Thứ 7,33,57.60%
NTB - Đắk Nông,(DNO) Tuy Đức,2026-09-23 - Thứ 4,33,66.70%
NTB - Đắk Nông,(DNO) Bắc Gia Nghĩa,2026-09-13 - Chủ Nhật,34,85.30%
NTB - Đắk Nông,(DNO) Quảng Khê,2026-09-13 - Chủ Nhật,35,88.60%
NTB - Đắk Nông,(DNO) Bắc Gia Nghĩa,2026-09-29 - Thứ 3,36,97.20%
NTB - Đắk Nông,(DNO) Tuy Đức,2026-09-12 - Thứ 7,37,70.30%
NTB - Đắk Nông,(DNO) Quảng Khê,2026-09-12 - Thứ 7,38,81.60%
NTB - Đắk Nông,(DNO) Quảng Khê,2026-09-22 - Thứ 3,38,86.80%
NTB - Đắk Nông,(DNO) Quảng Khê,2026-09-21 - Thứ 2,38,73.70%
NTB - Đắk Nông,(DNO) Trường Xuân,2026-09-16 - Thứ 4,38,86.80%
NTB - Đắk Nông,(DNO) Trường Xuân,2026-09-19 - Thứ 7,38,89.50%
NTB - Đắk Nông,(DNO) Quảng Khê,2026-10-01 - Thứ 5,38,84.20%
NTB - Đắk Nông,(DNO) Nhân Cơ,2026-09-12 - Thứ 7,39,94.90%
NTB - Đắk Nông,(DNO) Quảng Khê,2026-09-27 - Chủ Nhật,39,89.70%
NTB - Đắk Nông,(DNO) Nhân Cơ,2026-09-15 - Thứ 3,40,87.50%
NTB - Đắk Nông,(DNO) Nhân Cơ,2026-09-23 - Thứ 4,40,95.00%
NTB - Đắk Nông,(DNO) Trường Xuân,2026-09-13 - Chủ Nhật,40,92.50%
NTB - Đắk Nông,(DNO) Trường Xuân,2026-10-05 - Thứ 2,41,90.20%
NTB - Đắk Nông,(DNO) Bắc Gia Nghĩa,2026-09-19 - Thứ 7,41,78.00%
NTB - Đắk Nông,(DNO) Quảng Khê,2026-09-15 - Thứ 3,42,85.70%
NTB - Đắk Nông,(DNO) Bắc Gia Nghĩa,2026-09-11 - Thứ 6,43,97.70%
NTB - Đắk Nông,(DNO) Bắc Gia Nghĩa,2026-09-12 - Thứ 7,44,93.20%
NTB - Đắk Nông,(DNO) Quảng Khê,2026-09-28 - Thứ 2,44,84.10%
NTB - Đắk Nông,(DNO) Nhân Cơ,2026-09-18 - Thứ 6,45,86.70%
NTB - Đắk Nông,(DNO) Nhân Cơ,2026-09-20 - Chủ Nhật,46,93.50%
NTB - Đắk Nông,(DNO) Bắc Gia Nghĩa,2026-10-02 - Thứ 6,46,89.10%
NTB - Đắk Nông,(DNO) Bắc Gia Nghĩa,2026-09-17 - Thứ 5,46,91.30%
NTB - Đắk Nông,(DNO) Nhân Cơ,2026-09-19 - Thứ 7,46,93.50%
NTB - Đắk Nông,(DNO) Quảng Tín,2026-09-18 - Thứ 6,47,89.40%
NTB - Đắk Nông,(DNO) Bắc Gia Nghĩa,2026-09-22 - Thứ 3,47,93.60%
NTB - Đắk Nông,(DNO) Quảng Khê,2026-09-10 - Thứ 5,48,91.70%
NTB - Đắk Nông,(DNO) Trường Xuân,2026-09-24 - Thứ 5,48,95.80%
NTB - Đắk Nông,(DNO) Nhân Cơ,2026-09-16 - Thứ 4,48,79.20%
NTB - Đắk Nông,(DNO) Quảng Khê,2026-09-20 - Chủ Nhật,48,83.30%
NTB - Đắk Nông,(DNO) Kiến Đức,2026-09-29 - Thứ 3,48,27.10%
NTB - Đắk Nông,(DNO) Đông Gia Nghĩa,2026-09-16 - Thứ 4,50,90.00%
NTB - Đắk Nông,(DNO) Quảng Tín,2026-09-29 - Thứ 3,50,26.00%
NTB - Đắk Nông,(DNO) Đông Gia Nghĩa,2026-09-29 - Thứ 3,50,84.00%
NTB - Đắk Nông,(DNO) Quảng Tín,2026-09-14 - Thứ 2,50,80.00%
NTB - Đắk Nông,(DNO) Quảng Khê,2026-09-18 - Thứ 6,51,90.20%
NTB - Đắk Nông,(DNO) Trường Xuân,2026-09-14 - Thứ 2,51,88.20%
NTB - Đắk Nông,(DNO) Đức An,2026-09-19 - Thứ 7,51,98.00%
NTB - Đắk Nông,(DNO) Đức An,2026-09-16 - Thứ 4,52,90.40%
NTB - Đắk Nông,(DNO) Kiến Đức,2026-09-14 - Thứ 2,52,71.20%
NTB - Đắk Nông,(DNO) Quảng Sơn,2026-09-14 - Thứ 2,52,88.50%
NTB - Đắk Nông,(DNO) Quảng Tín,2026-09-21 - Thứ 2,53,71.70%
NTB - Đắk Nông,(DNO) Tuy Đức,2026-09-21 - Thứ 2,53,71.70%
NTB - Đắk Nông,(DNO) Tuy Đức,2026-09-16 - Thứ 4,53,81.10%
NTB - Đắk Nông,(DNO) Bắc Gia Nghĩa,2026-09-30 - Thứ 4,53,83.00%
NTB - Đắk Nông,(DNO) Trường Xuân,2026-09-30 - Thứ 4,53,92.50%
NTB - Đắk Nông,(DNO) Tuy Đức,2026-09-17 - Thứ 5,53,86.80%
NTB - Đắk Nông,(DNO) Quảng Sơn,2026-10-03 - Thứ 7,54,96.30%
NTB - Đắk Nông,(DNO) Tuy Đức,2026-09-13 - Chủ Nhật,54,90.70%
NTB - Đắk Nông,(DNO) Nhân Cơ,2026-09-22 - Thứ 3,55,98.20%
NTB - Đắk Nông,(DNO) Quảng Khê,2026-10-07 - Thứ 4,55,83.60%
NTB - Đắk Nông,(DNO) Bắc Gia Nghĩa,2026-09-16 - Thứ 4,55,90.90%
NTB - Đắk Nông,(DNO) Quảng Khê,2026-10-06 - Thứ 3,55,85.50%
NTB - Đắk Nông,(DNO) Quảng Sơn,2026-09-23 - Thứ 4,56,78.60%
NTB - Đắk Nông,(DNO) Nhân Cơ,2026-09-14 - Thứ 2,56,100.00%
NTB - Đắk Nông,(DNO) Đông Gia Nghĩa,2026-09-19 - Thứ 7,56,76.80%
NTB - Đắk Nông,(DNO) Quảng Khê,2026-09-19 - Thứ 7,56,73.20%
NTB - Đắk Nông,(DNO) Bắc Gia Nghĩa,2026-09-28 - Thứ 2,57,94.70%
NTB - Đắk Nông,(DNO) Trường Xuân,2026-09-18 - Thứ 6,57,89.50%
NTB - Đắk Nông,(DNO) Trường Xuân,2026-09-21 - Thứ 2,58,91.40%
NTB - Đắk Nông,(DNO) Nhân Cơ,2026-09-21 - Thứ 2,58,93.10%
NTB - Đắk Nông,(DNO) Đông Gia Nghĩa,2026-09-23 - Thứ 4,58,89.70%
NTB - Đắk Nông,(DNO) Đông Gia Nghĩa,2026-09-13 - Chủ Nhật,58,74.10%
NTB - Đắk Nông,(DNO) Đông Gia Nghĩa,2026-09-10 - Thứ 5,59,86.40%
NTB - Đắk Nông,(DNO) Quảng Sơn,2026-09-17 - Thứ 5,59,93.20%
NTB - Đắk Nông,(DNO) Bắc Gia Nghĩa,2026-10-01 - Thứ 5,59,100.00%
NTB - Đắk Nông,(DNO) Nhân Cơ,2026-09-30 - Thứ 4,60,90.00%
NTB - Đắk Nông,(DNO) Quảng Khê,2026-09-29 - Thứ 3,60,85.00%
NTB - Đắk Nông,(DNO) Nhân Cơ,2026-09-29 - Thứ 3,60,85.00%
NTB - Đắk Nông,(DNO) Bắc Gia Nghĩa,2026-09-14 - Thứ 2,60,86.70%
NTB - Đắk Nông,(DNO) Đông Gia Nghĩa,2026-09-17 - Thứ 5,60,86.70%
NTB - Đắk Nông,(DNO) Quảng Tín,2026-09-10 - Thứ 5,61,83.60%
NTB - Đắk Nông,(DNO) Quảng Tín,2026-09-22 - Thứ 3,61,68.90%
NTB - Đắk Nông,(DNO) Nhân Cơ 1,2026-10-07 - Thứ 4,61,91.80%
NTB - Đắk Nông,(DNO) Đức An,2026-09-21 - Thứ 2,61,96.70%
NTB - Đắk Nông,(DNO) Đông Gia Nghĩa,2026-09-21 - Thứ 2,61,67.20%
NTB - Đắk Nông,(DNO) Bắc Gia Nghĩa,2026-09-26 - Thứ 7,61,93.40%
NTB - Đắk Nông,(DNO) Nhân Cơ 1,2026-10-05 - Thứ 2,61,96.70%
NTB - Đắk Nông,(DNO) Quảng Sơn,2026-09-13 - Chủ Nhật,61,78.70%
NTB - Đắk Nông,(DNO) Nhân Cơ 1,2026-10-04 - Chủ Nhật,61,91.80%
NTB - Đắk Nông,(DNO) Tuy Đức,2026-09-20 - Chủ Nhật,61,68.90%
NTB - Đắk Nông,(DNO) Nhân Cơ,2026-09-13 - Chủ Nhật,62,91.90%
NTB - Đắk Nông,(DNO) Nhân Cơ,2026-09-11 - Thứ 6,62,83.90%
NTB - Đắk Nông,(DNO) Quảng Sơn,2026-09-29 - Thứ 3,62,93.50%
NTB - Đắk Nông,(DNO) Quảng Khê,2026-09-17 - Thứ 5,62,83.90%
NTB - Đắk Nông,(DNO) Quảng Sơn,2026-09-19 - Thứ 7,62,96.80%
NTB - Đắk Nông,(DNO) Bắc Gia Nghĩa,2026-09-10 - Thứ 5,63,92.10%
NTB - Đắk Nông,(DNO) Tuy Đức,2026-09-10 - Thứ 5,63,73.00%
NTB - Đắk Nông,(DNO) Quảng Tín,2026-09-12 - Thứ 7,63,76.20%
NTB - Đắk Nông,(DNO) Quảng Sơn,2026-09-16 - Thứ 4,63,93.70%
NTB - Đắk Nông,(DNO) Bắc Gia Nghĩa,2026-10-06 - Thứ 3,63,95.20%
NTB - Đắk Nông,(DNO) Quảng Tín,2026-09-20 - Chủ Nhật,63,82.50%
NTB - Đắk Nông,(DNO) Đông Gia Nghĩa,2026-09-14 - Thứ 2,63,82.50%
NTB - Đắk Nông,(DNO) Quảng Sơn,2026-09-15 - Thứ 3,64,90.60%
NTB - Đắk Nông,(DNO) Đông Gia Nghĩa,2026-09-27 - Chủ Nhật,64,90.60%
NTB - Đắk Nông,(DNO) Quảng Khê,2026-09-25 - Thứ 6,64,90.60%
NTB - Đắk Nông,(DNO) Quảng Sơn,2026-09-20 - Chủ Nhật,64,92.20%
NTB - Đắk Nông,(DNO) Quảng Tín,2026-09-19 - Thứ 7,64,79.70%
NTB - Đắk Nông,(DNO) Đông Gia Nghĩa,2026-09-12 - Thứ 7,65,76.90%
NTB - Đắk Nông,(DNO) Quảng Sơn,2026-09-21 - Thứ 2,65,89.20%
NTB - Đắk Nông,(DNO) Nhân Cơ,2026-09-26 - Thứ 7,65,89.20%
NTB - Đắk Nông,(DNO) Quảng Tín,2026-09-23 - Thứ 4,65,72.30%
NTB - Đắk Nông,(DNO) Bắc Gia Nghĩa,2026-09-27 - Chủ Nhật,65,83.10%
NTB - Đắk Nông,(DNO) Trường Xuân,2026-09-10 - Thứ 5,66,95.50%
NTB - Đắk Nông,(DNO) Kiến Đức,2026-09-28 - Thứ 2,66,54.50%
NTB - Đắk Nông,(DNO) Đông Gia Nghĩa,2026-09-18 - Thứ 6,66,95.50%
NTB - Đắk Nông,(DNO) Quảng Sơn,2026-09-22 - Thứ 3,66,89.40%
NTB - Đắk Nông,(DNO) Đông Gia Nghĩa,2026-09-15 - Thứ 3,66,87.90%
NTB - Đắk Nông,(DNO) Trường Xuân,2026-09-15 - Thứ 3,66,90.90%
NTB - Đắk Nông,(DNO) Quảng Khê,2026-09-14 - Thứ 2,66,90.90%
NTB - Đắk Nông,(DNO) Nhân Cơ,2026-09-10 - Thứ 5,67,83.60%
NTB - Đắk Nông,(DNO) Quảng Sơn,2026-09-12 - Thứ 7,67,83.60%
NTB - Đắk Nông,(DNO) Quảng Sơn,2026-09-24 - Thứ 5,67,91.00%
NTB - Đắk Nông,(DNO) Kiến Đức,2026-09-19 - Thứ 7,67,70.10%
NTB - Đắk Nông,(DNO) Quảng Sơn,2026-09-10 - Thứ 5,68,89.70%
NTB - Đắk Nông,(DNO) Nhân Cơ,2026-09-28 - Thứ 2,68,92.60%
NTB - Đắk Nông,(DNO) Nhân Cơ,2026-09-24 - Thứ 5,68,94.10%
NTB - Đắk Nông,(DNO) Quảng Tín,2026-09-15 - Thứ 3,68,83.80%
NTB - Đắk Nông,(DNO) Trường Xuân,2026-09-25 - Thứ 6,68,92.60%
NTB - Đắk Nông,(DNO) Bắc Gia Nghĩa,2026-09-25 - Thứ 6,68,92.60%
NTB - Đắk Nông,(DNO) Trường Xuân,2026-09-20 - Chủ Nhật,68,95.60%
NTB - Đắk Nông,(DNO) Quảng Tín,2026-09-28 - Thứ 2,69,68.10%
NTB - Đắk Nông,(DNO) Trường Xuân,2026-09-22 - Thứ 3,69,84.10%
NTB - Đắk Nông,(DNO) Quảng Khê,2026-10-04 - Chủ Nhật,69,82.60%
NTB - Đắk Nông,(DNO) Quảng Khê,2026-09-30 - Thứ 4,69,84.10%
NTB - Đắk Nông,(DNO) Kiến Đức,2026-09-17 - Thứ 5,69,76.80%
NTB - Đắk Nông,(DNO) Quảng Khê,2026-10-03 - Thứ 7,70,80.00%
NTB - Đắk Nông,(DNO) Đông Gia Nghĩa,2026-10-05 - Thứ 2,70,91.40%
NTB - Đắk Nông,(DNO) Đông Gia Nghĩa,2026-09-30 - Thứ 4,70,95.70%
NTB - Đắk Nông,(DNO) Đông Gia Nghĩa,2026-09-22 - Thứ 3,71,85.90%
NTB - Đắk Nông,(DNO) Nhân Cơ,2026-09-25 - Thứ 6,71,93.00%
NTB - Đắk Nông,(DNO) Nhân Cơ,2026-10-02 - Thứ 6,71,93.00%
NTB - Đắk Nông,(DNO) Trường Xuân,2026-09-12 - Thứ 7,72,98.60%
NTB - Đắk Nông,(DNO) Quảng Tín,2026-09-26 - Thứ 7,72,88.90%
NTB - Đắk Nông,(DNO) Đức An,2026-09-23 - Thứ 4,72,97.20%
NTB - Đắk Nông,(DNO) Trường Xuân,2026-09-27 - Chủ Nhật,72,81.90%
NTB - Đắk Nông,(DNO) Đức An,2026-09-13 - Chủ Nhật,72,94.40%
NTB - Đắk Nông,(DNO) Đông Gia Nghĩa,2026-09-25 - Thứ 6,73,97.30%
NTB - Đắk Nông,(DNO) Quảng Sơn,2026-09-25 - Thứ 6,73,91.80%
NTB - Đắk Nông,(DNO) Quảng Sơn,2026-09-28 - Thứ 2,74,87.80%
NTB - Đắk Nông,(DNO) Tuy Đức,2026-09-15 - Thứ 3,74,77.00%
NTB - Đắk Nông,(DNO) Trường Xuân,2026-09-11 - Thứ 6,74,87.80%
NTB - Đắk Nông,(DNO) Nhân Cơ 1,2026-10-03 - Thứ 7,75,89.30%
NTB - Đắk Nông,(DNO) Tuy Đức,2026-09-18 - Thứ 6,75,89.30%
NTB - Đắk Nông,(DNO) Đông Gia Nghĩa,2026-09-24 - Thứ 5,75,88.00%
NTB - Đắk Nông,(DNO) Trường Xuân,2026-09-26 - Thứ 7,75,90.70%
NTB - Đắk Nông,(DNO) Quảng Sơn,2026-10-06 - Thứ 3,75,89.30%
NTB - Đắk Nông,(DNO) Tuy Đức,2026-09-11 - Thứ 6,75,77.30%
NTB - Đắk Nông,(DNO) Quảng Tín,2026-09-17 - Thứ 5,75,86.70%
NTB - Đắk Nông,(DNO) Kiến Đức,2026-09-10 - Thứ 5,76,84.20%
NTB - Đắk Nông,(DNO) Quảng Sơn,2026-10-05 - Thứ 2,76,96.10%
NTB - Đắk Nông,(DNO) Quảng Sơn,2026-09-27 - Chủ Nhật,76,88.20%
NTB - Đắk Nông,(DNO) Quảng Tín,2026-09-11 - Thứ 6,76,85.50%
NTB - Đắk Nông,(DNO) Đức An,2026-09-15 - Thứ 3,77,96.10%
NTB - Đắk Nông,(DNO) Trường Xuân,2026-10-03 - Thứ 7,78,94.90%
NTB - Đắk Nông,(DNO) Trường Xuân,2026-09-28 - Thứ 2,78,65.40%
NTB - Đắk Nông,(DNO) Đông Gia Nghĩa,2026-10-07 - Thứ 4,78,84.60%
NTB - Đắk Nông,(DNO) Đông Gia Nghĩa,2026-09-26 - Thứ 7,78,93.60%
NTB - Đắk Nông,(DNO) Nhân Cơ,2026-09-27 - Chủ Nhật,78,94.90%
NTB - Đắk Nông,(DNO) Đức An,2026-10-06 - Thứ 3,79,97.50%
NTB - Đắk Nông,(DNO) Đức An,2026-09-30 - Thứ 4,79,98.70%
NTB - Đắk Nông,(DNO) Tuy Đức,2026-09-14 - Thứ 2,79,73.40%
NTB - Đắk Nông,(DNO) Kiến Đức,2026-09-15 - Thứ 3,80,70.00%
NTB - Đắk Nông,(DNO) Quảng Tín,2026-09-13 - Chủ Nhật,80,87.50%
NTB - Đắk Nông,(DNO) Quảng Khê,2026-09-11 - Thứ 6,80,88.80%
NTB - Đắk Nông,(DNO) Trường Xuân,2026-09-17 - Thứ 5,80,93.80%
NTB - Đắk Nông,(DNO) Trường Xuân,2026-10-07 - Thứ 4,81,86.40%
NTB - Đắk Nông,(DNO) Bắc Gia Nghĩa,2026-09-20 - Chủ Nhật,82,82.90%
NTB - Đắk Nông,(DNO) Nhân Cơ 1,2026-10-06 - Thứ 3,84,89.30%
NTB - Đắk Nông,(DNO) Quảng Khê,2026-09-24 - Thứ 5,85,90.60%
NTB - Đắk Nông,(DNO) Quảng Tín,2026-09-25 - Thứ 6,85,87.10%
NTB - Đắk Nông,(DNO) Đông Gia Nghĩa,2026-10-01 - Thứ 5,85,89.40%
NTB - Đắk Nông,(DNO) Đức An,2026-09-18 - Thứ 6,86,95.30%
NTB - Đắk Nông,(DNO) Bắc Gia Nghĩa,2026-10-05 - Thứ 2,86,87.20%
NTB - Đắk Nông,(DNO) Quảng Sơn,2026-09-30 - Thứ 4,86,90.70%
NTB - Đắk Nông,(DNO) Quảng Sơn,2026-09-11 - Thứ 6,86,82.60%
NTB - Đắk Nông,(DNO) Đức An,2026-10-05 - Thứ 2,87,96.60%
NTB - Đắk Nông,(DNO) Đức An,2026-09-27 - Chủ Nhật,87,97.70%
NTB - Đắk Nông,(DNO) Quảng Sơn,2026-10-07 - Thứ 4,88,83.00%
NTB - Đắk Nông,(DNO) Quảng Tín,2026-09-27 - Chủ Nhật,88,63.60%
NTB - Đắk Nông,(DNO) Kiến Đức,2026-09-13 - Chủ Nhật,88,64.80%
NTB - Đắk Nông,(DNO) Đức An,2026-09-11 - Thứ 6,88,95.50%
NTB - Đắk Nông,(DNO) Trường Xuân,2026-10-02 - Thứ 6,88,94.30%
NTB - Đắk Nông,(DNO) Đức An,2026-09-12 - Thứ 7,89,93.30%
NTB - Đắk Nông,(DNO) Quảng Sơn,2026-09-26 - Thứ 7,89,87.60%
NTB - Đắk Nông,(DNO) Trường Xuân,2026-10-06 - Thứ 3,89,93.30%
NTB - Đắk Nông,(DNO) Kiến Đức,2026-09-11 - Thứ 6,89,85.40%
NTB - Đắk Nông,(DNO) Quảng Sơn,2026-10-01 - Thứ 5,89,94.40%
NTB - Đắk Nông,(DNO) Đông Gia Nghĩa,2026-09-20 - Chủ Nhật,90,87.80%
NTB - Đắk Nông,(DNO) Quảng Sơn,2026-09-18 - Thứ 6,91,93.40%
NTB - Đắk Nông,(DNO) Kiến Đức,2026-09-18 - Thứ 6,91,57.10%
NTB - Đắk Nông,(DNO) Quảng Khê,2026-10-05 - Thứ 2,91,84.60%
NTB - Đắk Nông,(DNO) Quảng Khê,2026-10-02 - Thứ 6,91,83.50%
NTB - Đắk Nông,(DNO) Trường Xuân,2026-09-29 - Thứ 3,92,75.00%
NTB - Đắk Nông,(DNO) Kiến Đức,2026-09-12 - Thứ 7,93,78.50%
NTB - Đắk Nông,(DNO) Cư Jút,2026-09-15 - Thứ 3,93,97.80%
NTB - Đắk Nông,(DNO) Trường Xuân,2026-10-04 - Chủ Nhật,96,91.70%
NTB - Đắk Nông,(DNO) Nhân Cơ,2026-10-01 - Thứ 5,96,94.80%
NTB - Đắk Nông,(DNO) Trường Xuân,2026-10-01 - Thứ 5,96,93.80%
NTB - Đắk Nông,(DNO) Kiến Đức,2026-09-16 - Thứ 4,97,64.90%
NTB - Đắk Nông,(DNO) Kiến Đức,2026-09-20 - Chủ Nhật,97,71.10%
NTB - Đắk Nông,(DNO) Bắc Gia Nghĩa,2026-09-24 - Thứ 5,98,89.80%
NTB - Đắk Nông,(DNO) Đức An,2026-09-26 - Thứ 7,98,100.00%
NTB - Đắk Nông,(DNO) Kiến Đức,2026-09-27 - Chủ Nhật,98,73.50%
NTB - Đắk Nông,(DNO) Đông Gia Nghĩa,2026-09-11 - Thứ 6,98,90.80%
NTB - Đắk Nông,(DNO) Kiến Đức,2026-09-21 - Thứ 2,101,66.30%
NTB - Đắk Nông,(DNO) Đức An,2026-09-20 - Chủ Nhật,101,95.00%
NTB - Đắk Nông,(DNO) Đức An,2026-09-22 - Thứ 3,102,95.10%
NTB - Đắk Nông,(DNO) Nhân Cơ,2026-09-17 - Thứ 5,103,90.30%
NTB - Đắk Nông,(DNO) Krông Nô,2026-09-19 - Thứ 7,103,97.10%
NTB - Đắk Nông,(DNO) Đức An,2026-10-01 - Thứ 5,103,97.10%
NTB - Đắk Nông,(DNO) Cư Jút,2026-09-20 - Chủ Nhật,104,96.20%
NTB - Đắk Nông,(DNO) Krông Nô,2026-09-20 - Chủ Nhật,104,95.20%
NTB - Đắk Nông,(DNO) Đức An,2026-09-17 - Thứ 5,104,100.00%
NTB - Đắk Nông,(DNO) Quảng Tín,2026-09-24 - Thứ 5,105,77.10%
NTB - Đắk Nông,(DNO) Quảng Sơn,2026-10-04 - Chủ Nhật,105,96.20%
NTB - Đắk Nông,(DNO) Kiến Đức,2026-09-25 - Thứ 6,105,94.30%
NTB - Đắk Nông,(DNO) Đông Gia Nghĩa,2026-10-03 - Thứ 7,106,81.10%
NTB - Đắk Nông,(DNO) Quảng Sơn,2026-10-02 - Thứ 6,106,90.60%
NTB - Đắk Nông,(DNO) Đức An,2026-09-10 - Thứ 5,107,96.30%
NTB - Đắk Nông,(DNO) Cư Jút,2026-09-22 - Thứ 3,109,96.30%
NTB - Đắk Nông,(DNO) Krông Nô,2026-09-22 - Thứ 3,109,92.70%
NTB - Đắk Nông,(DNO) Cư Jút,2026-09-19 - Thứ 7,109,94.50%
NTB - Đắk Nông,(DNO) Đức Lập,2026-09-21 - Thứ 2,110,97.30%
NTB - Đắk Nông,(DNO) Đức An,2026-09-29 - Thứ 3,111,95.50%
NTB - Đắk Nông,(DNO) Đông Gia Nghĩa,2026-10-04 - Chủ Nhật,112,87.50%
NTB - Đắk Nông,(DNO) Quảng Khê,2026-09-26 - Thứ 7,113,84.10%
NTB - Đắk Nông,(DNO) Krông Nô,2026-09-11 - Thứ 6,113,91.20%
NTB - Đắk Nông,(DNO) Kiến Đức,2026-09-22 - Thứ 3,114,57.90%
NTB - Đắk Nông,(DNO) Krông Nô,2026-09-14 - Thứ 2,114,94.70%
NTB - Đắk Nông,(DNO) Krông Nô,2026-09-17 - Thứ 5,114,97.40%
NTB - Đắk Nông,(DNO) Đông Gia Nghĩa,2026-09-28 - Thứ 2,115,82.60%
NTB - Đắk Nông,(DNO) Cư Jút,2026-09-16 - Thứ 4,115,93.90%
NTB - Đắk Nông,(DNO) Cư Jút,2026-09-30 - Thứ 4,115,92.20%
NTB - Đắk Nông,(DNO) Cư Jút,2026-09-17 - Thứ 5,116,96.60%
NTB - Đắk Nông,(DNO) Kiến Đức,2026-09-23 - Thứ 4,118,54.20%
NTB - Đắk Nông,(DNO) Đức An,2026-10-03 - Thứ 7,119,99.20%
NTB - Đắk Nông,(DNO) Krông Nô,2026-09-15 - Thứ 3,120,95.80%
NTB - Đắk Nông,(DNO) Đông Gia Nghĩa,2026-10-02 - Thứ 6,120,84.20%
NTB - Đắk Nông,(DNO) Bắc Gia Nghĩa,2026-10-03 - Thứ 7,123,85.40%
NTB - Đắk Nông,(DNO) Cư Jút,2026-09-13 - Chủ Nhật,123,95.10%
NTB - Đắk Nông,(DNO) Cư Jút,2026-09-10 - Thứ 5,124,97.60%
NTB - Đắk Nông,(DNO) Cư Jút,2026-09-11 - Thứ 6,124,96.80%
NTB - Đắk Nông,(DNO) Krông Nô,2026-09-23 - Thứ 4,125,99.20%
NTB - Đắk Nông,(DNO) Cư Jút,2026-09-27 - Chủ Nhật,126,96.80%
NTB - Đắk Nông,(DNO) Cư Jút,2026-09-23 - Thứ 4,127,98.40%
NTB - Đắk Nông,(DNO) Cư Jút,2026-10-06 - Thứ 3,127,99.20%
NTB - Đắk Nông,(DNO) Đức An,2026-09-25 - Thứ 6,128,97.70%
NTB - Đắk Nông,(DNO) Krông Nô,2026-09-12 - Thứ 7,129,92.20%
NTB - Đắk Nông,(DNO) Cư Jút,2026-09-21 - Thứ 2,130,96.90%
NTB - Đắk Nông,(DNO) Krông Nô,2026-09-13 - Chủ Nhật,132,97.70%
NTB - Đắk Nông,(DNO) Cư Jút,2026-09-28 - Thứ 2,133,97.00%
NTB - Đắk Nông,(DNO) Krông Nô,2026-09-18 - Thứ 6,135,94.80%
NTB - Đắk Nông,(DNO) Đức An,2026-09-24 - Thứ 5,135,92.60%
NTB - Đắk Nông,(DNO) Krông Nô,2026-09-21 - Thứ 2,135,97.80%
NTB - Đắk Nông,(DNO) Cư Jút,2026-09-26 - Thứ 7,136,95.60%
NTB - Đắk Nông,(DNO) Đức Lập,2026-09-30 - Thứ 4,136,96.30%
NTB - Đắk Nông,(DNO) Krông Nô,2026-09-24 - Thứ 5,137,98.50%
NTB - Đắk Nông,(DNO) Đức Lập,2026-09-11 - Thứ 6,137,94.90%
NTB - Đắk Nông,(DNO) Đức An,2026-09-28 - Thứ 2,138,95.70%
NTB - Đắk Nông,(DNO) Đức An,2026-09-14 - Thứ 2,140,95.00%
NTB - Đắk Nông,(DNO) Cư Jút,2026-09-14 - Thứ 2,140,97.10%
NTB - Đắk Nông,(DNO) Đức Lập,2026-09-23 - Thứ 4,141,92.90%
NTB - Đắk Nông,(DNO) Krông Nô,2026-09-27 - Chủ Nhật,143,94.40%
NTB - Đắk Nông,(DNO) Krông Nô,2026-09-28 - Thứ 2,144,94.40%
NTB - Đắk Nông,(DNO) Kiến Đức,2026-09-24 - Thứ 5,145,86.90%
NTB - Đắk Nông,(DNO) Đức An,2026-10-02 - Thứ 6,146,95.90%
NTB - Đắk Nông,(DNO) Cư Jút,2026-09-12 - Thứ 7,147,95.90%
NTB - Đắk Nông,(DNO) Kiến Đức,2026-09-26 - Thứ 7,147,80.30%
NTB - Đắk Nông,(DNO) Đông Gia Nghĩa,2026-10-06 - Thứ 3,147,81.00%
NTB - Đắk Nông,(DNO) Krông Nô,2026-09-25 - Thứ 6,147,98.60%
NTB - Đắk Nông,(DNO) Đức Lập,2026-09-16 - Thứ 4,148,89.20%
NTB - Đắk Nông,(DNO) Krông Nô,2026-09-30 - Thứ 4,148,95.90%
NTB - Đắk Nông,(DNO) Cư Jút,2026-09-24 - Thứ 5,149,94.00%
NTB - Đắk Nông,(DNO) Krông Nô,2026-10-06 - Thứ 3,149,92.60%
NTB - Đắk Nông,(DNO) Cư Jút,2026-09-25 - Thứ 6,149,100.00%
NTB - Đắk Nông,(DNO) Krông Nô,2026-09-29 - Thứ 3,150,94.00%
NTB - Đắk Nông,(DNO) Đức Lập,2026-09-19 - Thứ 7,150,94.70%
NTB - Đắk Nông,(DNO) Krông Nô,2026-09-16 - Thứ 4,152,98.00%
NTB - Đắk Nông,(DNO) Cư Jút,2026-10-03 - Thứ 7,153,89.50%
NTB - Đắk Nông,(DNO) Krông Nô,2026-09-26 - Thứ 7,155,95.50%
NTB - Đắk Nông,(DNO) Cư Jút,2026-10-05 - Thứ 2,156,98.70%
NTB - Đắk Nông,(DNO) Krông Nô,2026-10-05 - Thứ 2,156,94.20%
NTB - Đắk Nông,(DNO) Đức Lập,2026-09-18 - Thứ 6,159,96.90%
NTB - Đắk Nông,(DNO) Đức An,2026-10-07 - Thứ 4,159,96.90%
NTB - Đắk Nông,(DNO) Cư Jút,2026-09-29 - Thứ 3,162,95.70%
NTB - Đắk Nông,(DNO) Krông Nô,2026-09-10 - Thứ 5,164,96.30%
NTB - Đắk Nông,(DNO) Đức Lập,2026-09-13 - Chủ Nhật,167,93.40%
NTB - Đắk Nông,(DNO) Đức Lập,2026-09-28 - Thứ 2,170,98.20%
NTB - Đắk Nông,(DNO) Cư Jút,2026-09-18 - Thứ 6,170,95.90%
NTB - Đắk Nông,(DNO) Krông Nô,2026-10-07 - Thứ 4,171,95.30%
NTB - Đắk Nông,(DNO) Đức Lập,2026-09-15 - Thứ 3,171,91.80%
NTB - Đắk Nông,(DNO) Cư Jút,2026-10-07 - Thứ 4,172,97.10%
NTB - Đắk Nông,(DNO) Krông Nô,2026-10-04 - Chủ Nhật,172,97.70%
NTB - Đắk Nông,(DNO) Đức An,2026-10-04 - Chủ Nhật,172,95.90%
NTB - Đắk Nông,(DNO) Đức Lập,2026-09-14 - Thứ 2,172,95.30%
NTB - Đắk Nông,(DNO) Cư Jút,2026-10-04 - Chủ Nhật,178,97.80%
NTB - Đắk Nông,(DNO) Krông Nô,2026-10-03 - Thứ 7,182,93.40%
NTB - Đắk Nông,(DNO) Đức Lập,2026-10-05 - Thứ 2,183,94.00%
NTB - Đắk Nông,(DNO) Krông Nô,2026-10-02 - Thứ 6,187,97.90%
NTB - Đắk Nông,(DNO) Đức Lập,2026-10-07 - Thứ 4,189,95.80%
NTB - Đắk Nông,(DNO) Cư Jút,2026-10-02 - Thứ 6,196,98.50%
NTB - Đắk Nông,(DNO) Krông Nô,2026-10-01 - Thứ 5,202,99.50%
NTB - Đắk Nông,(DNO) Đức Lập,2026-10-01 - Thứ 5,208,97.60%
NTB - Đắk Nông,(DNO) Đức Lập,2026-09-12 - Thứ 7,210,97.10%
NTB - Đắk Nông,(DNO) Đức Lập,2026-09-27 - Chủ Nhật,212,93.40%
NTB - Đắk Nông,(DNO) Đức Lập,2026-09-20 - Chủ Nhật,213,91.10%
NTB - Đắk Nông,(DNO) Cư Jút,2026-10-01 - Thứ 5,215,94.40%
NTB - Đắk Nông,(DNO) Đức Lập,2026-09-10 - Thứ 5,224,97.80%
NTB - Đắk Nông,(DNO) Đức Lập,2026-10-06 - Thứ 3,224,94.20%
NTB - Đắk Nông,(DNO) Đức Lập,2026-09-22 - Thứ 3,231,97.40%
NTB - Đắk Nông,(DNO) Đức Lập,2026-09-26 - Thứ 7,244,95.90%
NTB - Đắk Nông,(DNO) Đức Lập,2026-10-02 - Thứ 6,246,99.20%
NTB - Đắk Nông,(DNO) Đức Lập,2026-09-17 - Thứ 5,247,98.00%
NTB - Đắk Nông,(DNO) Đức Lập,2026-09-24 - Thứ 5,249,96.80%
NTB - Đắk Nông,(DNO) Đức Lập,2026-10-03 - Thứ 7,252,97.60%
NTB - Đắk Nông,(DNO) Đức Lập,2026-09-29 - Thứ 3,253,98.00%
NTB - Đắk Nông,(DNO) Đức Lập,2026-10-04 - Chủ Nhật,255,94.50%
NTB - Đắk Nông,(DNO) Đức Lập,2026-09-25 - Thứ 6,324,98.80%
NTB - Ninh Thuận,(NTH) Thuận Nam,2026-09-22 - Thứ 3,63,98.40%
NTB - Ninh Thuận,(NTH) Thuận Nam,2026-09-21 - Thứ 2,71,95.80%
NTB - Ninh Thuận,(NTH) Thuận Nam,2026-09-15 - Thứ 3,73,98.60%
NTB - Ninh Thuận,(NTH) Bảo An,2026-09-22 - Thứ 3,74,95.90%
NTB - Ninh Thuận,(NTH) Thuận Nam,2026-09-12 - Thứ 7,75,97.30%
NTB - Ninh Thuận,(NTH) Ninh Sơn,2026-09-22 - Thứ 3,76,89.50%
NTB - Ninh Thuận,(NTH) Ninh Sơn,2026-09-15 - Thứ 3,76,86.80%
NTB - Ninh Thuận,(NTH) Thuận Nam,2026-09-23 - Thứ 4,78,98.70%
NTB - Ninh Thuận,(NTH) Thuận Nam,2026-09-11 - Thứ 6,81,93.80%
NTB - Ninh Thuận,(NTH) Thuận Nam,2026-09-20 - Chủ Nhật,81,93.80%
NTB - Ninh Thuận,(NTH) Bảo An,2026-09-15 - Thứ 3,83,95.20%
NTB - Ninh Thuận,(NTH) Thuận Nam,2026-09-18 - Thứ 6,84,97.60%
NTB - Ninh Thuận,(NTH) Ninh Sơn,2026-09-19 - Thứ 7,86,93.00%
NTB - Ninh Thuận,(NTH) Bảo An,2026-09-21 - Thứ 2,89,97.80%
NTB - Ninh Thuận,(NTH) Thuận Nam,2026-09-26 - Thứ 7,89,100.00%
NTB - Ninh Thuận,(NTH) Bảo An,2026-09-20 - Chủ Nhật,89,94.40%
NTB - Ninh Thuận,(NTH) Bảo An,2026-09-12 - Thứ 7,93,97.80%
NTB - Ninh Thuận,(NTH) Bảo An,2026-09-23 - Thứ 4,93,100.00%
NTB - Ninh Thuận,(NTH) Thuận Nam,2026-09-19 - Thứ 7,95,96.80%
NTB - Ninh Thuận,(NTH) Bảo An,2026-09-11 - Thứ 6,96,94.80%
NTB - Ninh Thuận,(NTH) Bảo An,2026-09-19 - Thứ 7,96,97.90%
NTB - Ninh Thuận,(NTH) Bảo An,2026-09-17 - Thứ 5,98,99.00%
NTB - Ninh Thuận,(NTH) Ninh Sơn,2026-09-21 - Thứ 2,99,88.90%
NTB - Ninh Thuận,(NTH) Bảo An,2026-09-14 - Thứ 2,99,98.00%
NTB - Ninh Thuận,(NTH) Ninh Sơn,2026-09-23 - Thứ 4,100,99.00%
NTB - Ninh Thuận,(NTH) Thuận Nam,2026-09-14 - Thứ 2,105,98.10%
NTB - Ninh Thuận,(NTH) Thuận Nam,2026-09-16 - Thứ 4,106,98.10%
NTB - Ninh Thuận,(NTH) Ninh Sơn,2026-09-10 - Thứ 5,107,95.30%
NTB - Ninh Thuận,(NTH) Ninh Sơn,2026-09-20 - Chủ Nhật,109,89.00%
NTB - Ninh Thuận,(NTH) Thuận Nam,2026-09-13 - Chủ Nhật,110,99.10%
NTB - Ninh Thuận,(NTH) Bảo An,2026-09-13 - Chủ Nhật,110,94.50%
NTB - Ninh Thuận,(NTH) Ninh Sơn,2026-09-17 - Thứ 5,111,91.00%
NTB - Ninh Thuận,(NTH) Ninh Sơn,2026-09-11 - Thứ 6,114,90.40%
NTB - Ninh Thuận,(NTH) Bảo An,2026-10-06 - Thứ 3,115,99.10%
NTB - Ninh Thuận,(NTH) Bảo An,2026-09-18 - Thứ 6,118,98.30%
NTB - Ninh Thuận,(NTH) Ninh Sơn,2026-09-13 - Chủ Nhật,118,88.10%
NTB - Ninh Thuận,(NTH) Thuận Nam,2026-09-24 - Thứ 5,121,97.50%
NTB - Ninh Thuận,(NTH) Bảo An,2026-09-16 - Thứ 4,123,97.60%
NTB - Ninh Thuận,(NTH) Bảo An,2026-09-27 - Chủ Nhật,123,98.40%
NTB - Ninh Thuận,(NTH) Ninh Sơn,2026-09-27 - Chủ Nhật,124,91.90%
NTB - Ninh Thuận,(NTH) Bảo An,2026-09-10 - Thứ 5,125,97.60%
NTB - Ninh Thuận,(NTH) Ninh Sơn,2026-10-06 - Thứ 3,126,79.40%
NTB - Ninh Thuận,(NTH) Bảo An,2026-09-28 - Thứ 2,127,98.40%
NTB - Ninh Thuận,(NTH) Thuận Nam,2026-09-29 - Thứ 3,128,98.40%
NTB - Ninh Thuận,(NTH) Thuận Nam,2026-09-28 - Thứ 2,129,97.70%
NTB - Ninh Thuận,(NTH) Ninh Sơn,2026-09-14 - Thứ 2,129,86.80%
NTB - Ninh Thuận,(NTH) Ninh Sơn,2026-09-24 - Thứ 5,131,96.90%
NTB - Ninh Thuận,(NTH) Thuận Nam,2026-09-10 - Thứ 5,132,97.70%
NTB - Ninh Thuận,(NTH) Thuận Nam,2026-09-27 - Chủ Nhật,132,97.00%
NTB - Ninh Thuận,(NTH) Ninh Chử,2026-09-15 - Thứ 3,133,98.50%
NTB - Ninh Thuận,(NTH) Thuận Nam,2026-10-05 - Thứ 2,133,94.00%
NTB - Ninh Thuận,(NTH) Thuận Nam,2026-10-06 - Thứ 3,133,98.50%
NTB - Ninh Thuận,(NTH) Bảo An,2026-10-03 - Thứ 7,134,94.80%
NTB - Ninh Thuận,(NTH) Ninh Sơn,2026-09-18 - Thứ 6,135,94.80%
NTB - Ninh Thuận,(NTH) Thuận Nam,2026-10-01 - Thứ 5,136,96.30%
NTB - Ninh Thuận,(NTH) Bảo An,2026-09-24 - Thứ 5,137,98.50%
NTB - Ninh Thuận,(NTH) Thuận Nam,2026-10-07 - Thứ 4,137,98.50%
NTB - Ninh Thuận,(NTH) Ninh Sơn,2026-09-26 - Thứ 7,137,92.70%
NTB - Ninh Thuận,(NTH) Ninh Chử,2026-09-20 - Chủ Nhật,137,98.50%
NTB - Ninh Thuận,(NTH) Ninh Chử,2026-09-22 - Thứ 3,139,97.80%
NTB - Ninh Thuận,(NTH) Ninh Sơn,2026-09-16 - Thứ 4,139,90.60%
NTB - Ninh Thuận,(NTH) Thuận Nam,2026-10-03 - Thứ 7,142,98.60%
NTB - Ninh Thuận,(NTH) Bảo An,2026-09-26 - Thứ 7,144,96.50%
NTB - Ninh Thuận,(NTH) Ninh Sơn,2026-09-12 - Thứ 7,145,86.20%
NTB - Ninh Thuận,(NTH) Bảo An,2026-10-05 - Thứ 2,145,93.80%
NTB - Ninh Thuận,(NTH) Ninh Sơn,2026-09-29 - Thứ 3,147,94.60%
NTB - Ninh Thuận,(NTH) Thuận Nam,2026-09-17 - Thứ 5,147,95.20%
NTB - Ninh Thuận,(NTH) Thuận Nam,2026-10-04 - Chủ Nhật,149,95.30%
NTB - Ninh Thuận,(NTH) Ninh Chử,2026-09-11 - Thứ 6,149,98.70%
NTB - Ninh Thuận,(NTH) Bảo An,2026-10-04 - Chủ Nhật,150,98.00%
NTB - Ninh Thuận,(NTH) Ninh Sơn,2026-09-25 - Thứ 6,156,98.10%
NTB - Ninh Thuận,(NTH) Ninh Sơn,2026-10-03 - Thứ 7,157,90.40%
NTB - Ninh Thuận,(NTH) Bảo An,2026-10-07 - Thứ 4,157,99.40%
NTB - Ninh Thuận,(NTH) Ninh Chử,2026-09-21 - Thứ 2,157,98.10%
NTB - Ninh Thuận,(NTH) Thuận Nam,2026-10-02 - Thứ 6,158,98.10%
NTB - Ninh Thuận,(NTH) Bảo An,2026-09-29 - Thứ 3,159,96.20%
NTB - Ninh Thuận,(NTH) Ninh Chử,2026-09-23 - Thứ 4,162,98.80%
NTB - Ninh Thuận,(NTH) Ninh Sơn,2026-10-04 - Chủ Nhật,164,86.60%
NTB - Ninh Thuận,(NTH) Bảo An,2026-10-02 - Thứ 6,167,97.00%
NTB - Ninh Thuận,(NTH) Ninh Chử,2026-09-19 - Thứ 7,167,97.60%
NTB - Ninh Thuận,(NTH) Ninh Chử,2026-09-12 - Thứ 7,169,96.40%
NTB - Ninh Thuận,(NTH) Ninh Sơn,2026-09-28 - Thứ 2,171,89.50%
NTB - Ninh Thuận,(NTH) Phước Dinh,2026-09-15 - Thứ 3,174,94.80%
NTB - Ninh Thuận,(NTH) Bảo An,2026-09-25 - Thứ 6,174,100.00%
NTB - Ninh Thuận,(NTH) Phước Dinh,2026-09-22 - Thứ 3,179,93.30%
NTB - Ninh Thuận,(NTH) Phước Dinh,2026-09-23 - Thứ 4,181,97.80%
NTB - Ninh Thuận,(NTH) Thuận Nam,2026-09-25 - Thứ 6,181,97.80%
NTB - Ninh Thuận,(NTH) Phước Dinh,2026-09-20 - Chủ Nhật,182,100.00%
NTB - Ninh Thuận,(NTH) Ninh Chử,2026-09-18 - Thứ 6,183,97.80%
NTB - Ninh Thuận,(NTH) Ninh Chử,2026-09-16 - Thứ 4,185,97.30%
NTB - Ninh Thuận,(NTH) Bảo An,2026-10-01 - Thứ 5,185,97.30%
NTB - Ninh Thuận,(NTH) Ninh Chử,2026-10-06 - Thứ 3,187,97.30%
NTB - Ninh Thuận,(NTH) Thuận Nam,2026-09-30 - Thứ 4,190,98.90%
NTB - Ninh Thuận,(NTH) Ninh Sơn,2026-10-01 - Thứ 5,190,90.00%
NTB - Ninh Thuận,(NTH) Ninh Sơn,2026-10-02 - Thứ 6,191,96.90%
NTB - Ninh Thuận,(NTH) Ninh Chử,2026-09-14 - Thứ 2,195,97.90%
NTB - Ninh Thuận,(NTH) Phước Dinh,2026-09-19 - Thứ 7,195,98.50%
NTB - Ninh Thuận,(NTH) Ninh Chử,2026-09-10 - Thứ 5,196,98.50%
NTB - Ninh Thuận,(NTH) Ninh Chử,2026-09-13 - Chủ Nhật,196,98.00%
NTB - Ninh Thuận,(NTH) Bảo An,2026-09-30 - Thứ 4,197,98.50%
NTB - Ninh Thuận,(NTH) Phước Dinh,2026-09-21 - Thứ 2,203,94.60%
NTB - Ninh Thuận,(NTH) Phan Rang,2026-09-15 - Thứ 3,204,97.10%
NTB - Ninh Thuận,(NTH) Phước Dinh,2026-09-11 - Thứ 6,205,97.10%
NTB - Ninh Thuận,(NTH) Ninh Chử,2026-09-17 - Thứ 5,208,99.00%
NTB - Ninh Thuận,(NTH) Phan Rang,2026-09-22 - Thứ 3,212,98.10%
NTB - Ninh Thuận,(NTH) Ninh Sơn,2026-10-07 - Thứ 4,216,96.80%
NTB - Ninh Thuận,(NTH) Ninh Sơn,2026-09-30 - Thứ 4,217,91.70%
NTB - Ninh Thuận,(NTH) Ninh Chử,2026-09-26 - Thứ 7,218,97.70%
NTB - Ninh Thuận,(NTH) Phước Dinh,2026-10-06 - Thứ 3,221,87.80%
NTB - Ninh Thuận,(NTH) Ninh Chử,2026-09-27 - Chủ Nhật,222,98.20%
NTB - Ninh Thuận,(NTH) Ninh Sơn,2026-10-05 - Thứ 2,227,93.40%
NTB - Ninh Thuận,(NTH) Ninh Chử,2026-10-05 - Thứ 2,228,99.10%
NTB - Ninh Thuận,(NTH) Phước Dinh,2026-09-17 - Thứ 5,232,97.00%
NTB - Ninh Thuận,(NTH) Phước Dinh,2026-09-10 - Thứ 5,236,96.20%
NTB - Ninh Thuận,(NTH) Phước Dinh,2026-09-16 - Thứ 4,237,98.30%
NTB - Ninh Thuận,(NTH) Phan Rang,2026-09-20 - Chủ Nhật,238,95.00%
NTB - Ninh Thuận,(NTH) Phan Rang,2026-09-21 - Thứ 2,240,97.50%
NTB - Ninh Thuận,(NTH) Ninh Chử,2026-10-04 - Chủ Nhật,241,97.10%
NTB - Ninh Thuận,(NTH) Phước Dinh,2026-09-14 - Thứ 2,242,98.30%
NTB - Ninh Thuận,(NTH) Phước Dinh,2026-09-12 - Thứ 7,243,97.90%
NTB - Ninh Thuận,(NTH) Phước Dinh,2026-09-28 - Thứ 2,249,97.60%
NTB - Ninh Thuận,(NTH) Ninh Chử,2026-09-28 - Thứ 2,250,98.80%
NTB - Ninh Thuận,(NTH) Ninh Chử,2026-09-29 - Thứ 3,250,100.00%
NTB - Ninh Thuận,(NTH) Phước Dinh,2026-09-24 - Thứ 5,251,99.20%
NTB - Ninh Thuận,(NTH) Ninh Chử,2026-09-25 - Thứ 6,259,98.80%
NTB - Ninh Thuận,(NTH) Phước Dinh,2026-09-18 - Thứ 6,260,96.90%
NTB - Ninh Thuận,(NTH) Ninh Chử,2026-10-03 - Thứ 7,261,98.90%
NTB - Ninh Thuận,(NTH) Ninh Chử,2026-09-24 - Thứ 5,264,99.20%
NTB - Ninh Thuận,(NTH) Phước Dinh,2026-09-29 - Thứ 3,266,98.10%
NTB - Ninh Thuận,(NTH) Phan Rang,2026-09-19 - Thứ 7,271,97.80%
NTB - Ninh Thuận,(NTH) Phước Dinh,2026-09-26 - Thứ 7,275,96.40%
NTB - Ninh Thuận,(NTH) Phước Dinh,2026-09-13 - Chủ Nhật,276,97.80%
NTB - Ninh Thuận,(NTH) Phước Dinh,2026-10-03 - Thứ 7,278,97.50%
NTB - Ninh Thuận,(NTH) Phan Rang,2026-09-13 - Chủ Nhật,278,96.40%
NTB - Ninh Thuận,(NTH) Ninh Chử,2026-10-01 - Thứ 5,285,99.30%
NTB - Ninh Thuận,(NTH) Ninh Chử,2026-09-30 - Thứ 4,287,99.30%
NTB - Ninh Thuận,(NTH) Phan Rang,2026-09-23 - Thứ 4,288,97.90%
NTB - Ninh Thuận,(NTH) Phước Dinh,2026-10-04 - Chủ Nhật,292,98.30%
NTB - Ninh Thuận,(NTH) Phước Dinh,2026-09-27 - Chủ Nhật,298,97.30%
NTB - Ninh Thuận,(NTH) Phan Rang,2026-09-16 - Thứ 4,307,98.00%
NTB - Ninh Thuận,(NTH) Phan Rang,2026-09-11 - Thứ 6,307,97.10%
NTB - Ninh Thuận,(NTH) Phan Rang,2026-09-17 - Thứ 5,309,98.10%
NTB - Ninh Thuận,(NTH) Phước Dinh,2026-10-05 - Thứ 2,312,96.50%
NTB - Ninh Thuận,(NTH) Phan Rang,2026-09-18 - Thứ 6,313,97.40%
NTB - Ninh Thuận,(NTH) Ninh Chử,2026-10-07 - Thứ 4,317,97.50%
NTB - Ninh Thuận,(NTH) Ninh Chử,2026-10-02 - Thứ 6,324,99.10%
NTB - Ninh Thuận,(NTH) Phan Rang,2026-09-10 - Thứ 5,328,97.60%
NTB - Ninh Thuận,(NTH) Phan Rang,2026-09-12 - Thứ 7,330,99.10%
NTB - Ninh Thuận,(NTH) Phan Rang,2026-09-14 - Thứ 2,338,95.90%
NTB - Ninh Thuận,(NTH) Phan Rang,2026-10-06 - Thứ 3,343,99.40%
NTB - Ninh Thuận,(NTH) Phan Rang,2026-09-24 - Thứ 5,345,99.10%
NTB - Ninh Thuận,(NTH) Phan Rang,2026-09-26 - Thứ 7,347,97.70%
NTB - Ninh Thuận,(NTH) Phước Dinh,2026-10-01 - Thứ 5,351,96.60%
NTB - Ninh Thuận,(NTH) Phan Rang,2026-09-27 - Chủ Nhật,355,98.00%
NTB - Ninh Thuận,(NTH) Phước Dinh,2026-10-02 - Thứ 6,355,97.20%
NTB - Ninh Thuận,(NTH) Phước Dinh,2026-09-25 - Thứ 6,356,98.00%
NTB - Ninh Thuận,(NTH) Phan Rang,2026-09-28 - Thứ 2,359,93.90%
NTB - Ninh Thuận,(NTH) Phước Dinh,2026-09-30 - Thứ 4,367,99.50%
NTB - Ninh Thuận,(NTH) Phước Dinh,2026-10-07 - Thứ 4,386,96.60%
NTB - Ninh Thuận,(NTH) Phan Rang,2026-10-03 - Thứ 7,397,98.70%
NTB - Ninh Thuận,(NTH) Phan Rang,2026-10-07 - Thứ 4,401,98.30%
NTB - Ninh Thuận,(NTH) Phan Rang,2026-09-29 - Thứ 3,402,97.30%
NTB - Ninh Thuận,(NTH) Phan Rang,2026-10-04 - Chủ Nhật,403,99.30%
NTB - Ninh Thuận,(NTH) Phan Rang,2026-10-02 - Thứ 6,434,98.40%
NTB - Ninh Thuận,(NTH) Phan Rang,2026-10-05 - Thứ 2,435,97.70%
NTB - Ninh Thuận,(NTH) Phan Rang,2026-09-25 - Thứ 6,443,99.30%
NTB - Ninh Thuận,(NTH) Phan Rang,2026-10-01 - Thứ 5,493,99.40%
NTB - Ninh Thuận,(NTH) Phan Rang,2026-09-30 - Thứ 4,505,98.40%
NTB - Lâm Đồng,(LDO) Đơn Dương,2026-10-04 - Chủ Nhật,1,0.00%
NTB - Lâm Đồng,(LDO) Lang Biang - Đà Lạt 2,2026-10-04 - Chủ Nhật,1,0.00%
NTB - Lâm Đồng,(LDO) Lang Biang - Đà Lạt 2,2026-10-06 - Thứ 3,1,100.00%
NTB - Lâm Đồng,(LDO) Lang Biang - Đà Lạt 1,2026-10-02 - Thứ 6,1,0.00%
NTB - Lâm Đồng,(LDO) Lâm Viên - Đà Lạt 2,2026-10-03 - Thứ 7,1,0.00%
NTB - Lâm Đồng,(LDO) Đơn Dương,2026-10-03 - Thứ 7,1,0.00%
NTB - Lâm Đồng,(LDO) Lâm Viên - Đà Lạt 1,2026-10-07 - Thứ 4,1,100.00%
NTB - Lâm Đồng,(LDO) Lang Biang - Đà Lạt 2,2026-10-05 - Thứ 2,1,0.00%
NTB - Lâm Đồng,(LDO) Lâm Viên - Đà Lạt 2,2026-10-05 - Thứ 2,1,100.00%
NTB - Lâm Đồng,(LDO) Xuân Hương - Đà Lạt,2026-10-04 - Chủ Nhật,1,100.00%
NTB - Lâm Đồng,(LDO) Lâm Viên - Đà Lạt 1,2026-10-04 - Chủ Nhật,1,100.00%
NTB - Lâm Đồng,(LDO) Xuân Hương - Đà Lạt,2026-10-06 - Thứ 3,1,100.00%
NTB - Lâm Đồng,(LDO) Lâm Viên - Đà Lạt 1,2026-10-06 - Thứ 3,1,100.00%
NTB - Lâm Đồng,(LDO) Lâm Viên - Đà Lạt 2,2026-10-06 - Thứ 3,1,0.00%
NTB - Lâm Đồng,(LDO) Xuân Hương - Đà Lạt,2026-10-03 - Thứ 7,1,100.00%
NTB - Lâm Đồng,(LDO) Xuân Hương - Đà Lạt,2026-10-05 - Thứ 2,1,100.00%
NTB - Lâm Đồng,(LDO) Đơn Dương,2026-10-05 - Thứ 2,1,100.00%
NTB - Lâm Đồng,(LDO) Lang Biang - Đà Lạt 1,2026-10-01 - Thứ 5,1,100.00%
NTB - Lâm Đồng,(LDO) Lâm Viên - Đà Lạt 2,2026-10-07 - Thứ 4,2,50.00%
NTB - Lâm Đồng,(LDO) Tân Hà Lâm Hà,2026-10-04 - Chủ Nhật,2,0.00%
NTB - Lâm Đồng,(LDO) Xuân Hương - Đà Lạt,2026-10-02 - Thứ 6,2,0.00%
NTB - Lâm Đồng,(LDO) Xuân Hương - Đà Lạt,2026-10-01 - Thứ 5,2,100.00%
NTB - Lâm Đồng,(LDO) Lang Biang - Đà Lạt 1,2026-09-29 - Thứ 3,2,50.00%
NTB - Lâm Đồng,(LDO) D'Ran,2026-09-29 - Thứ 3,2,0.00%
NTB - Lâm Đồng,(LDO) Tân Hà Lâm Hà,2026-10-02 - Thứ 6,2,0.00%
NTB - Lâm Đồng,(LDO) Lâm Viên - Đà Lạt 1,2026-10-02 - Thứ 6,2,100.00%
NTB - Lâm Đồng,(LDO) Lâm Viên - Đà Lạt 1,2026-10-03 - Thứ 7,3,33.30%
NTB - Lâm Đồng,(LDO) Tân Hà Lâm Hà,2026-10-05 - Thứ 2,3,66.70%
NTB - Lâm Đồng,(LDO) Tân Hà Lâm Hà,2026-10-06 - Thứ 3,3,0.00%
NTB - Lâm Đồng,(LDO) Xuân Hương - Đà Lạt,2026-09-30 - Thứ 4,3,0.00%
NTB - Lâm Đồng,(LDO) Lâm Viên - Đà Lạt 2,2026-10-02 - Thứ 6,3,0.00%
NTB - Lâm Đồng,(LDO) Di Linh,2026-10-05 - Thứ 2,3,100.00%
NTB - Lâm Đồng,(LDO) D'Ran,2026-09-27 - Chủ Nhật,3,0.00%
NTB - Lâm Đồng,(LDO) Tân Hà Lâm Hà,2026-10-03 - Thứ 7,4,0.00%
NTB - Lâm Đồng,(LDO) Lang Biang - Đà Lạt 2,2026-10-03 - Thứ 7,4,75.00%
NTB - Lâm Đồng,(LDO) D'Ran,2026-09-28 - Thứ 2,4,100.00%
NTB - Lâm Đồng,(LDO) Đơn Dương,2026-10-02 - Thứ 6,4,25.00%
NTB - Lâm Đồng,(LDO) Lâm Viên - Đà Lạt 1,2026-10-01 - Thứ 5,4,50.00%
NTB - Lâm Đồng,(LDO) Lang Biang - Đà Lạt 1,2026-09-30 - Thứ 4,5,0.00%
NTB - Lâm Đồng,(LDO) Lang Biang - Đà Lạt 1,2026-09-28 - Thứ 2,5,0.00%
NTB - Lâm Đồng,(LDO) Lâm Viên - Đà Lạt 2,2026-10-01 - Thứ 5,6,0.00%
NTB - Lâm Đồng,(LDO) Di Linh,2026-10-02 - Thứ 6,7,14.30%
NTB - Lâm Đồng,(LDO) Lang Biang - Đà Lạt 1,2026-09-26 - Thứ 7,8,0.00%
NTB - Lâm Đồng,(LDO) D'Ran,2026-09-26 - Thứ 7,8,25.00%
NTB - Lâm Đồng,(LDO) Lâm Viên - Đà Lạt 1,2026-09-29 - Thứ 3,8,25.00%
NTB - Lâm Đồng,(LDO) Lâm Viên - Đà Lạt 1,2026-09-30 - Thứ 4,10,10.00%
NTB - Lâm Đồng,(LDO) Đơn Dương,2026-10-01 - Thứ 5,10,10.00%
NTB - Lâm Đồng,(LDO) Lang Biang - Đà Lạt 1,2026-09-27 - Chủ Nhật,11,9.10%
NTB - Lâm Đồng,(LDO) Di Linh,2026-10-01 - Thứ 5,11,9.10%
NTB - Lâm Đồng,(LDO) Lang Biang - Đà Lạt 2,2026-10-02 - Thứ 6,13,7.70%
NTB - Lâm Đồng,(LDO) Tân Hà Lâm Hà,2026-10-01 - Thứ 5,14,14.30%
NTB - Lâm Đồng,(LDO) Xuân Hương - Đà Lạt,2026-09-29 - Thứ 3,16,50.00%
NTB - Lâm Đồng,(LDO) Lang Biang - Đà Lạt 1,2026-09-25 - Thứ 6,20,10.00%
NTB - Lâm Đồng,(LDO) Đức Trọng 1,2026-09-26 - Thứ 7,22,72.70%
NTB - Lâm Đồng,(LDO) D'Ran,2026-09-25 - Thứ 6,22,0.00%
NTB - Lâm Đồng,(LDO) Lang Biang - Đà Lạt 1,2026-09-23 - Thứ 4,25,32.00%
NTB - Lâm Đồng,(LDO) Bảo Lâm 3,2026-09-12 - Thứ 7,27,92.60%
NTB - Lâm Đồng,(LDO) Đức Trọng 1,2026-10-03 - Thứ 7,28,71.40%
NTB - Lâm Đồng,(LDO) Đức Trọng 1,2026-10-01 - Thứ 5,29,75.90%
NTB - Lâm Đồng,(LDO) Lang Biang - Đà Lạt 2,2026-10-01 - Thứ 5,29,10.30%
NTB - Lâm Đồng,(LDO) D'Ran,2026-09-22 - Thứ 3,31,19.40%
NTB - Lâm Đồng,(LDO) D'Ran,2026-09-21 - Thứ 2,31,25.80%
NTB - Lâm Đồng,(LDO) Đơn Dương,2026-09-30 - Thứ 4,32,31.30%
NTB - Lâm Đồng,(LDO) Tân Hà Lâm Hà,2026-09-30 - Thứ 4,32,9.40%
NTB - Lâm Đồng,(LDO) Ninh Gia,2026-09-16 - Thứ 4,33,78.80%
NTB - Lâm Đồng,(LDO) D'Ran,2026-09-24 - Thứ 5,35,2.90%
NTB - Lâm Đồng,(LDO) Lang Biang - Đà Lạt 1,2026-09-24 - Thứ 5,35,14.30%
NTB - Lâm Đồng,(LDO) Cát Tiên,2026-09-23 - Thứ 4,35,88.60%
NTB - Lâm Đồng,(LDO) Nam Ban Lâm Hà,2026-09-23 - Thứ 4,37,100.00%
NTB - Lâm Đồng,(LDO) Lâm Viên - Đà Lạt 2,2026-09-14 - Thứ 2,37,81.10%
NTB - Lâm Đồng,(LDO) Đức Trọng 1,2026-10-02 - Thứ 6,38,63.20%
NTB - Lâm Đồng,(LDO) Cát Tiên,2026-09-13 - Chủ Nhật,39,94.90%
NTB - Lâm Đồng,(LDO) Cát Tiên,2026-09-21 - Thứ 2,40,92.50%
NTB - Lâm Đồng,(LDO) Tân Hà Lâm Hà,2026-09-28 - Thứ 2,41,51.20%
NTB - Lâm Đồng,(LDO) Lâm Viên - Đà Lạt 2,2026-09-13 - Chủ Nhật,41,75.60%
NTB - Lâm Đồng,(LDO) Di Linh,2026-09-30 - Thứ 4,41,17.10%
NTB - Lâm Đồng,(LDO) Lâm Viên - Đà Lạt 1,2026-09-28 - Thứ 2,42,76.20%
NTB - Lâm Đồng,(LDO) Cát Tiên,2026-09-20 - Chủ Nhật,42,92.90%
NTB - Lâm Đồng,(LDO) Bảo Lâm 1,2026-09-23 - Thứ 4,43,93.00%
NTB - Lâm Đồng,(LDO) Đức Trọng 1,2026-10-06 - Thứ 3,43,55.80%
NTB - Lâm Đồng,(LDO) Nam Ban Lâm Hà,2026-09-21 - Thứ 2,44,93.20%
NTB - Lâm Đồng,(LDO) Lâm Viên - Đà Lạt 2,2026-09-22 - Thứ 3,46,37.00%
NTB - Lâm Đồng,(LDO) Cát Tiên,2026-09-30 - Thứ 4,46,97.80%
NTB - Lâm Đồng,(LDO) Nam Ban Lâm Hà,2026-09-16 - Thứ 4,47,97.90%
NTB - Lâm Đồng,(LDO) Tân Hà Lâm Hà,2026-09-25 - Thứ 6,47,80.90%
NTB - Lâm Đồng,(LDO) Hòa Ninh,2026-09-18 - Thứ 6,48,91.70%
NTB - Lâm Đồng,(LDO) Cát Tiên,2026-10-06 - Thứ 3,48,97.90%
NTB - Lâm Đồng,(LDO) Nam Ban Lâm Hà,2026-09-30 - Thứ 4,48,97.90%
NTB - Lâm Đồng,(LDO) Lâm Viên - Đà Lạt 2,2026-09-21 - Thứ 2,49,49.00%
NTB - Lâm Đồng,(LDO) Cát Tiên,2026-09-22 - Thứ 3,50,96.00%
NTB - Lâm Đồng,(LDO) Lang Biang - Đà Lạt 1,2026-09-22 - Thứ 3,50,52.00%
NTB - Lâm Đồng,(LDO) D'Ran,2026-09-23 - Thứ 4,50,22.00%
NTB - Lâm Đồng,(LDO) Đơn Dương,2026-09-29 - Thứ 3,50,22.00%
NTB - Lâm Đồng,(LDO) Tân Hà Lâm Hà,2026-09-29 - Thứ 3,50,24.00%
NTB - Lâm Đồng,(LDO) Cát Tiên,2026-09-29 - Thứ 3,50,96.00%
NTB - Lâm Đồng,(LDO) Hiệp Thạnh,2026-09-21 - Thứ 2,52,96.20%
NTB - Lâm Đồng,(LDO) Nam Ban Lâm Hà,2026-09-18 - Thứ 6,53,94.30%
NTB - Lâm Đồng,(LDO) Cát Tiên,2026-09-24 - Thứ 5,53,98.10%
NTB - Lâm Đồng,(LDO) Lâm Viên - Đà Lạt 2,2026-09-19 - Thứ 7,53,83.00%
NTB - Lâm Đồng,(LDO) Đạ Tẻh,2026-09-21 - Thứ 2,54,94.40%
NTB - Lâm Đồng,(LDO) Xuân Trường - Đà Lạt,2026-09-21 - Thứ 2,54,94.40%
NTB - Lâm Đồng,(LDO) Bảo Lâm 3,2026-09-13 - Chủ Nhật,54,94.40%
NTB - Lâm Đồng,(LDO) Di Linh,2026-09-29 - Thứ 3,54,38.90%
NTB - Lâm Đồng,(LDO) Đức Trọng 1,2026-09-28 - Thứ 2,55,52.70%
NTB - Lâm Đồng,(LDO) Đức Trọng 1,2026-09-24 - Thứ 5,55,40.00%
NTB - Lâm Đồng,(LDO) Bảo Lâm 3,2026-09-11 - Thứ 6,55,94.50%
NTB - Lâm Đồng,(LDO) Đạ Huoai,2026-09-19 - Thứ 7,55,94.50%
NTB - Lâm Đồng,(LDO) Cát Tiên,2026-09-27 - Chủ Nhật,56,91.10%
NTB - Lâm Đồng,(LDO) Xuân Trường - Đà Lạt,2026-09-13 - Chủ Nhật,56,98.20%
NTB - Lâm Đồng,(LDO) Đức Trọng 1,2026-09-29 - Thứ 3,56,53.60%
NTB - Lâm Đồng,(LDO) Lâm Viên - Đà Lạt 2,2026-09-24 - Thứ 5,57,36.80%
NTB - Lâm Đồng,(LDO) Bảo Lâm 3,2026-09-21 - Thứ 2,57,89.50%
NTB - Lâm Đồng,(LDO) Cát Tiên,2026-09-26 - Thứ 7,57,89.50%
NTB - Lâm Đồng,(LDO) Lâm Viên - Đà Lạt 1,2026-09-27 - Chủ Nhật,57,91.20%
NTB - Lâm Đồng,(LDO) Bảo Lâm 3,2026-09-23 - Thứ 4,58,91.40%
NTB - Lâm Đồng,(LDO) Cát Tiên,2026-10-05 - Thứ 2,58,96.60%
NTB - Lâm Đồng,(LDO) Đức Trọng 1,2026-10-05 - Thứ 2,58,62.10%
NTB - Lâm Đồng,(LDO) Lâm Viên - Đà Lạt 2,2026-09-20 - Chủ Nhật,58,58.60%
NTB - Lâm Đồng,(LDO) Nam Ban Lâm Hà,2026-10-07 - Thứ 4,59,100.00%
NTB - Lâm Đồng,(LDO) Nam Ban Lâm Hà,2026-10-05 - Thứ 2,59,98.30%
NTB - Lâm Đồng,(LDO) Hiệp Thạnh,2026-09-13 - Chủ Nhật,59,96.60%
NTB - Lâm Đồng,(LDO) Nam Ban Lâm Hà,2026-09-20 - Chủ Nhật,59,100.00%
NTB - Lâm Đồng,(LDO) Đức Trọng 1,2026-09-19 - Thứ 7,59,39.00%
NTB - Lâm Đồng,(LDO) Cát Tiên,2026-09-18 - Thứ 6,60,95.00%
NTB - Lâm Đồng,(LDO) Bảo Lâm 3,2026-09-22 - Thứ 3,60,93.30%
NTB - Lâm Đồng,(LDO) Hòa Ninh,2026-09-24 - Thứ 5,60,91.70%
NTB - Lâm Đồng,(LDO) Đức Trọng 1,2026-10-07 - Thứ 4,60,48.30%
NTB - Lâm Đồng,(LDO) Xuân Trường - Đà Lạt,2026-09-15 - Thứ 3,60,93.30%
NTB - Lâm Đồng,(LDO) Đạ Tẻh,2026-09-23 - Thứ 4,60,95.00%
NTB - Lâm Đồng,(LDO) Lang Biang - Đà Lạt 2,2026-09-30 - Thứ 4,60,6.70%
NTB - Lâm Đồng,(LDO) Cát Tiên,2026-09-28 - Thứ 2,61,96.70%
NTB - Lâm Đồng,(LDO) Nam Ban Lâm Hà,2026-09-28 - Thứ 2,61,100.00%
NTB - Lâm Đồng,(LDO) Nam Ban Lâm Hà,2026-09-22 - Thứ 3,61,96.70%
NTB - Lâm Đồng,(LDO) Ninh Gia,2026-09-22 - Thứ 3,61,95.10%
NTB - Lâm Đồng,(LDO) Đức Trọng 1,2026-10-04 - Chủ Nhật,62,46.80%
NTB - Lâm Đồng,(LDO) Cát Tiên,2026-09-12 - Thứ 7,63,96.80%
NTB - Lâm Đồng,(LDO) Lâm Viên - Đà Lạt 2,2026-09-16 - Thứ 4,63,57.10%
NTB - Lâm Đồng,(LDO) Nam Ban Lâm Hà,2026-09-13 - Chủ Nhật,63,98.40%
NTB - Lâm Đồng,(LDO) Nam Ban Lâm Hà,2026-09-11 - Thứ 6,63,100.00%
NTB - Lâm Đồng,(LDO) Hiệp Thạnh,2026-09-28 - Thứ 2,64,95.30%
NTB - Lâm Đồng,(LDO) Lâm Viên - Đà Lạt 2,2026-09-23 - Thứ 4,64,50.00%
NTB - Lâm Đồng,(LDO) Bảo Lâm 3,2026-09-16 - Thứ 4,64,87.50%
NTB - Lâm Đồng,(LDO) Hiệp Thạnh,2026-09-17 - Thứ 5,64,96.90%
NTB - Lâm Đồng,(LDO) Tân Hà Lâm Hà,2026-09-21 - Thứ 2,65,72.30%
NTB - Lâm Đồng,(LDO) Ninh Gia,2026-09-23 - Thứ 4,65,87.70%
NTB - Lâm Đồng,(LDO) Lâm Viên - Đà Lạt 1,2026-09-13 - Chủ Nhật,65,95.40%
NTB - Lâm Đồng,(LDO) Cát Tiên,2026-10-02 - Thứ 6,65,96.90%
NTB - Lâm Đồng,(LDO) Đức Trọng 1,2026-09-18 - Thứ 6,66,62.10%
NTB - Lâm Đồng,(LDO) Bảo Lâm 3,2026-09-24 - Thứ 5,66,90.90%
NTB - Lâm Đồng,(LDO) Đam Rông 3,2026-09-23 - Thứ 4,66,97.00%
NTB - Lâm Đồng,(LDO) Hòa Ninh,2026-09-16 - Thứ 4,66,92.40%
NTB - Lâm Đồng,(LDO) Lâm Viên - Đà Lạt 2,2026-09-17 - Thứ 5,66,69.70%
NTB - Lâm Đồng,(LDO) Bảo Lâm 3,2026-09-19 - Thứ 7,66,92.40%
NTB - Lâm Đồng,(LDO) Đức Trọng 1,2026-09-23 - Thứ 4,67,59.70%
NTB - Lâm Đồng,(LDO) B'Lao,2026-09-16 - Thứ 4,67,92.50%
NTB - Lâm Đồng,(LDO) Bảo Lâm 3,2026-10-04 - Chủ Nhật,67,95.50%
NTB - Lâm Đồng,(LDO) Lâm Viên - Đà Lạt 2,2026-09-30 - Thứ 4,67,9.00%
NTB - Lâm Đồng,(LDO) Xuân Hương - Đà Lạt,2026-09-11 - Thứ 6,67,79.10%
NTB - Lâm Đồng,(LDO) Đinh Văn Lâm Hà,2026-09-11 - Thứ 6,67,94.00%
NTB - Lâm Đồng,(LDO) Lang Biang - Đà Lạt 1,2026-09-12 - Thứ 7,68,67.60%
NTB - Lâm Đồng,(LDO) Cát Tiên,2026-10-03 - Thứ 7,68,92.60%
NTB - Lâm Đồng,(LDO) Bảo Lâm 1,2026-09-24 - Thứ 5,68,94.10%
NTB - Lâm Đồng,(LDO) Lang Biang - Đà Lạt 2,2026-09-21 - Thứ 2,68,80.90%
NTB - Lâm Đồng,(LDO) Nam Ban Lâm Hà,2026-09-27 - Chủ Nhật,68,98.50%
NTB - Lâm Đồng,(LDO) Hòa Ninh,2026-09-13 - Chủ Nhật,68,97.10%
NTB - Lâm Đồng,(LDO) Cát Tiên,2026-10-04 - Chủ Nhật,68,98.50%
NTB - Lâm Đồng,(LDO) Bảo Lâm 3,2026-09-14 - Thứ 2,68,91.20%
NTB - Lâm Đồng,(LDO) Xuân Hương - Đà Lạt,2026-09-13 - Chủ Nhật,69,44.90%
NTB - Lâm Đồng,(LDO) Bảo Lâm 1,2026-09-25 - Thứ 6,69,73.90%
NTB - Lâm Đồng,(LDO) Nam Ban Lâm Hà,2026-09-25 - Thứ 6,69,97.10%
NTB - Lâm Đồng,(LDO) Ninh Gia,2026-09-20 - Chủ Nhật,69,91.30%
NTB - Lâm Đồng,(LDO) Bảo Lâm 3,2026-10-01 - Thứ 5,69,98.60%
NTB - Lâm Đồng,(LDO) Lâm Viên - Đà Lạt 2,2026-09-12 - Thứ 7,70,91.40%
NTB - Lâm Đồng,(LDO) Bảo Lâm 3,2026-09-15 - Thứ 3,70,87.10%
NTB - Lâm Đồng,(LDO) Đức Trọng 1,2026-09-30 - Thứ 4,70,70.00%
NTB - Lâm Đồng,(LDO) Tân Hà Lâm Hà,2026-09-11 - Thứ 6,70,88.60%
NTB - Lâm Đồng,(LDO) Hòa Ninh,2026-10-02 - Thứ 6,70,90.00%
NTB - Lâm Đồng,(LDO) Bảo Lâm 3,2026-09-17 - Thứ 5,70,95.70%
NTB - Lâm Đồng,(LDO) Nam Ban Lâm Hà,2026-09-19 - Thứ 7,70,98.60%
NTB - Lâm Đồng,(LDO) Lâm Viên - Đà Lạt 2,2026-09-10 - Thứ 5,71,84.50%
NTB - Lâm Đồng,(LDO) Lâm Viên - Đà Lạt 2,2026-09-15 - Thứ 3,71,59.20%
NTB - Lâm Đồng,(LDO) Xuân Trường - Đà Lạt,2026-09-23 - Thứ 4,71,98.60%
NTB - Lâm Đồng,(LDO) Hiệp Thạnh,2026-09-23 - Thứ 4,71,95.80%
NTB - Lâm Đồng,(LDO) Đức Trọng 1,2026-09-20 - Chủ Nhật,71,49.30%
NTB - Lâm Đồng,(LDO) Đam Rông 3,2026-09-14 - Thứ 2,71,90.10%
NTB - Lâm Đồng,(LDO) Cát Tiên,2026-09-17 - Thứ 5,71,98.60%
NTB - Lâm Đồng,(LDO) Đức Trọng 1,2026-09-17 - Thứ 5,71,76.10%
NTB - Lâm Đồng,(LDO) Cát Tiên,2026-09-19 - Thứ 7,71,93.00%
NTB - Lâm Đồng,(LDO) Đạ Tẻh,2026-09-12 - Thứ 7,72,88.90%
NTB - Lâm Đồng,(LDO) Cát Tiên,2026-10-07 - Thứ 4,72,100.00%
NTB - Lâm Đồng,(LDO) Lang Biang - Đà Lạt 1,2026-09-16 - Thứ 4,72,84.70%
NTB - Lâm Đồng,(LDO) Lang Biang - Đà Lạt 2,2026-09-29 - Thứ 3,72,23.60%
NTB - Lâm Đồng,(LDO) Nam Ban Lâm Hà,2026-09-14 - Thứ 2,72,97.20%
NTB - Lâm Đồng,(LDO) Xuân Trường - Đà Lạt,2026-09-12 - Thứ 7,73,95.90%
NTB - Lâm Đồng,(LDO) Bảo Lâm 3,2026-09-18 - Thứ 6,73,89.00%
NTB - Lâm Đồng,(LDO) Hiệp Thạnh,2026-09-22 - Thứ 3,73,100.00%
NTB - Lâm Đồng,(LDO) Ninh Gia,2026-09-21 - Thứ 2,73,90.40%
NTB - Lâm Đồng,(LDO) Đức Trọng 1,2026-09-25 - Thứ 6,73,46.60%
NTB - Lâm Đồng,(LDO) Cát Tiên,2026-09-25 - Thứ 6,73,94.50%
NTB - Lâm Đồng,(LDO) Xuân Trường - Đà Lạt,2026-09-11 - Thứ 6,73,94.50%
NTB - Lâm Đồng,(LDO) Bảo Lâm 3,2026-09-20 - Chủ Nhật,73,93.20%
NTB - Lâm Đồng,(LDO) Xuân Hương - Đà Lạt,2026-09-28 - Thứ 2,74,85.10%
NTB - Lâm Đồng,(LDO) Đam Rông 3,2026-09-21 - Thứ 2,74,89.20%
NTB - Lâm Đồng,(LDO) Cát Tiên,2026-09-16 - Thứ 4,74,90.50%
NTB - Lâm Đồng,(LDO) Lâm Viên - Đà Lạt 2,2026-09-27 - Chủ Nhật,74,66.20%
NTB - Lâm Đồng,(LDO) Ninh Gia,2026-09-27 - Chủ Nhật,74,90.50%
NTB - Lâm Đồng,(LDO) Cát Tiên,2026-09-11 - Thứ 6,74,86.50%
NTB - Lâm Đồng,(LDO) Đức Trọng 1,2026-09-11 - Thứ 6,74,60.80%
NTB - Lâm Đồng,(LDO) Nam Ban Lâm Hà,2026-09-29 - Thứ 3,74,97.30%
NTB - Lâm Đồng,(LDO) Đạ Tẻh,2026-09-17 - Thứ 5,74,91.90%
NTB - Lâm Đồng,(LDO) Đam Rông 3,2026-09-28 - Thứ 2,75,90.70%
NTB - Lâm Đồng,(LDO) Xuân Trường - Đà Lạt,2026-09-28 - Thứ 2,75,96.00%
NTB - Lâm Đồng,(LDO) Bảo Lâm 1,2026-09-22 - Thứ 3,75,92.00%
NTB - Lâm Đồng,(LDO) Đinh Văn Lâm Hà,2026-09-22 - Thứ 3,75,97.30%
NTB - Lâm Đồng,(LDO) Hiệp Thạnh,2026-09-24 - Thứ 5,75,97.30%
NTB - Lâm Đồng,(LDO) Đinh Văn Lâm Hà,2026-09-21 - Thứ 2,75,96.00%
NTB - Lâm Đồng,(LDO) Đạ Huoai,2026-09-21 - Thứ 2,75,90.70%
NTB - Lâm Đồng,(LDO) Đạ Tẻh,2026-09-16 - Thứ 4,75,94.70%
NTB - Lâm Đồng,(LDO) Đức Trọng 1,2026-09-16 - Thứ 4,75,56.00%
NTB - Lâm Đồng,(LDO) Tân Hà Lâm Hà,2026-09-13 - Chủ Nhật,75,89.30%
NTB - Lâm Đồng,(LDO) Bảo Lâm 1,2026-09-12 - Thứ 7,76,93.40%
NTB - Lâm Đồng,(LDO) Xuân Hương - Đà Lạt,2026-09-22 - Thứ 3,76,82.90%
NTB - Lâm Đồng,(LDO) Nam Ban Lâm Hà,2026-09-26 - Thứ 7,76,97.40%
NTB - Lâm Đồng,(LDO) Lâm Viên - Đà Lạt 2,2026-09-26 - Thứ 7,76,35.50%
NTB - Lâm Đồng,(LDO) Cát Tiên,2026-09-15 - Thứ 3,76,75.00%
NTB - Lâm Đồng,(LDO) Đạ Tẻh,2026-09-13 - Chủ Nhật,76,93.40%
NTB - Lâm Đồng,(LDO) Bảo Lâm 1,2026-10-04 - Chủ Nhật,76,97.40%
NTB - Lâm Đồng,(LDO) Lang Biang - Đà Lạt 1,2026-09-19 - Thứ 7,76,63.20%
NTB - Lâm Đồng,(LDO) Đạ Tẻh,2026-09-19 - Thứ 7,76,96.10%
NTB - Lâm Đồng,(LDO) Ninh Gia,2026-09-26 - Thứ 7,77,90.90%
NTB - Lâm Đồng,(LDO) Hiệp Thạnh,2026-09-15 - Thứ 3,77,94.80%
NTB - Lâm Đồng,(LDO) Xuân Trường - Đà Lạt,2026-09-16 - Thứ 4,77,98.70%
NTB - Lâm Đồng,(LDO) Ninh Gia,2026-09-13 - Chủ Nhật,77,85.70%
NTB - Lâm Đồng,(LDO) Bảo Lâm 1,2026-09-11 - Thứ 6,77,93.50%
NTB - Lâm Đồng,(LDO) Nam Ban Lâm Hà,2026-10-02 - Thứ 6,77,97.40%
NTB - Lâm Đồng,(LDO) Xuân Hương - Đà Lạt,2026-09-19 - Thứ 7,77,76.60%
NTB - Lâm Đồng,(LDO) Cát Tiên,2026-10-01 - Thứ 5,77,93.50%
NTB - Lâm Đồng,(LDO) Tân Hà Lâm Hà,2026-09-18 - Thứ 6,78,82.10%
NTB - Lâm Đồng,(LDO) Đạ Huoai,2026-09-22 - Thứ 3,78,94.90%
NTB - Lâm Đồng,(LDO) Nam Ban Lâm Hà,2026-09-15 - Thứ 3,78,93.60%
NTB - Lâm Đồng,(LDO) Đạ Huoai,2026-09-16 - Thứ 4,78,94.90%
NTB - Lâm Đồng,(LDO) Đam Rông 3,2026-09-16 - Thứ 4,78,79.50%
NTB - Lâm Đồng,(LDO) Bảo Lâm 3,2026-09-27 - Chủ Nhật,78,89.70%
NTB - Lâm Đồng,(LDO) Xuân Trường - Đà Lạt,2026-10-06 - Thứ 3,78,96.20%
NTB - Lâm Đồng,(LDO) Bảo Lâm 3,2026-09-30 - Thứ 4,78,97.40%
NTB - Lâm Đồng,(LDO) Bảo Lâm 3,2026-09-25 - Thứ 6,78,93.60%
NTB - Lâm Đồng,(LDO) Xuân Trường - Đà Lạt,2026-09-14 - Thứ 2,78,93.60%
NTB - Lâm Đồng,(LDO) Xuân Hương - Đà Lạt,2026-09-12 - Thứ 7,79,77.20%
NTB - Lâm Đồng,(LDO) Lâm Viên - Đà Lạt 2,2026-09-18 - Thứ 6,79,78.50%
NTB - Lâm Đồng,(LDO) Tân Hà Lâm Hà,2026-09-24 - Thứ 5,79,77.20%
NTB - Lâm Đồng,(LDO) Xuân Hương - Đà Lạt,2026-09-27 - Chủ Nhật,79,94.90%
NTB - Lâm Đồng,(LDO) Đạ Huoai,2026-09-11 - Thứ 6,79,98.70%
NTB - Lâm Đồng,(LDO) Nam Ban Lâm Hà,2026-09-12 - Thứ 7,80,97.50%
NTB - Lâm Đồng,(LDO) Hiệp Thạnh,2026-09-26 - Thứ 7,80,97.50%
NTB - Lâm Đồng,(LDO) 1 Bảo Lộc,2026-09-15 - Thứ 3,80,93.80%
NTB - Lâm Đồng,(LDO) Ninh Gia,2026-09-15 - Thứ 3,80,95.00%
NTB - Lâm Đồng,(LDO) Lang Biang - Đà Lạt 1,2026-09-15 - Thứ 3,80,73.80%
NTB - Lâm Đồng,(LDO) Đức Trọng 1,2026-09-13 - Chủ Nhật,80,55.00%
NTB - Lâm Đồng,(LDO) Bảo Lâm 1,2026-09-20 - Chủ Nhật,80,88.80%
NTB - Lâm Đồng,(LDO) Bảo Lâm 1,2026-09-29 - Thứ 3,80,92.50%
NTB - Lâm Đồng,(LDO) Đạ Huoai,2026-09-23 - Thứ 4,81,93.80%
NTB - Lâm Đồng,(LDO) Bảo Lâm 1,2026-09-16 - Thứ 4,81,90.10%
NTB - Lâm Đồng,(LDO) Hòa Ninh,2026-09-19 - Thứ 7,81,85.20%
NTB - Lâm Đồng,(LDO) Hiệp Thạnh,2026-09-19 - Thứ 7,81,98.80%
NTB - Lâm Đồng,(LDO) Ninh Gia,2026-09-19 - Thứ 7,81,76.50%
NTB - Lâm Đồng,(LDO) Nam Ban Lâm Hà,2026-09-10 - Thứ 5,82,100.00%
NTB - Lâm Đồng,(LDO) Hiệp Thạnh,2026-09-10 - Thứ 5,82,97.60%
NTB - Lâm Đồng,(LDO) Đức Trọng 1,2026-09-10 - Thứ 5,82,47.60%
NTB - Lâm Đồng,(LDO) Hòa Ninh,2026-09-12 - Thứ 7,82,93.90%
NTB - Lâm Đồng,(LDO) Đạ Tẻh,2026-09-22 - Thứ 3,82,97.60%
NTB - Lâm Đồng,(LDO) Đức Trọng 2,2026-09-21 - Thứ 2,82,87.80%
NTB - Lâm Đồng,(LDO) 3 Bảo Lộc,2026-09-21 - Thứ 2,82,96.30%
NTB - Lâm Đồng,(LDO) Bảo Lâm 3,2026-09-26 - Thứ 7,82,89.00%
NTB - Lâm Đồng,(LDO) Tân Hà Lâm Hà,2026-09-23 - Thứ 4,82,82.90%
NTB - Lâm Đồng,(LDO) Ninh Gia,2026-10-04 - Chủ Nhật,82,95.10%
NTB - Lâm Đồng,(LDO) Đạ Huoai,2026-10-06 - Thứ 3,82,96.30%
NTB - Lâm Đồng,(LDO) Bảo Lâm 3,2026-09-29 - Thứ 3,82,92.70%
NTB - Lâm Đồng,(LDO) Bảo Lâm 1,2026-09-19 - Thứ 7,82,96.30%
NTB - Lâm Đồng,(LDO) Đạ Huoai,2026-09-12 - Thứ 7,83,95.20%
NTB - Lâm Đồng,(LDO) Lâm Viên - Đà Lạt 2,2026-09-25 - Thứ 6,83,28.90%
NTB - Lâm Đồng,(LDO) Tân Hà Lâm Hà,2026-09-14 - Thứ 2,83,72.30%
NTB - Lâm Đồng,(LDO) 1 Bảo Lộc,2026-09-14 - Thứ 2,83,90.40%
NTB - Lâm Đồng,(LDO) Nam Ban Lâm Hà,2026-09-17 - Thứ 5,83,96.40%
NTB - Lâm Đồng,(LDO) 1 Bảo Lộc,2026-09-12 - Thứ 7,84,92.90%
NTB - Lâm Đồng,(LDO) Nam Ban Lâm Hà,2026-10-03 - Thứ 7,84,92.90%
NTB - Lâm Đồng,(LDO) Bảo Lâm 3,2026-10-06 - Thứ 3,84,91.70%
NTB - Lâm Đồng,(LDO) Hòa Ninh,2026-10-03 - Thứ 7,85,87.10%
NTB - Lâm Đồng,(LDO) Xuân Hương - Đà Lạt,2026-09-23 - Thứ 4,85,90.60%
NTB - Lâm Đồng,(LDO) Hòa Ninh,2026-10-06 - Thứ 3,85,69.40%
NTB - Lâm Đồng,(LDO) Xuân Trường - Đà Lạt,2026-09-20 - Chủ Nhật,85,98.80%
NTB - Lâm Đồng,(LDO) Hiệp Thạnh,2026-09-14 - Thứ 2,85,96.50%
NTB - Lâm Đồng,(LDO) Bảo Lâm 1,2026-09-27 - Chủ Nhật,86,82.60%
NTB - Lâm Đồng,(LDO) Đức Trọng 1,2026-09-22 - Thứ 3,87,41.40%
NTB - Lâm Đồng,(LDO) Di Linh,2026-09-17 - Thứ 5,87,77.00%
NTB - Lâm Đồng,(LDO) Xuân Trường - Đà Lạt,2026-09-19 - Thứ 7,87,98.90%
NTB - Lâm Đồng,(LDO) Cát Tiên,2026-09-10 - Thứ 5,88,97.70%
NTB - Lâm Đồng,(LDO) Bảo Lâm 3,2026-09-10 - Thứ 5,88,93.20%
NTB - Lâm Đồng,(LDO) Đạ Tẻh,2026-09-24 - Thứ 5,88,100.00%
NTB - Lâm Đồng,(LDO) Ninh Gia,2026-09-30 - Thứ 4,88,94.30%
NTB - Lâm Đồng,(LDO) Ninh Gia,2026-09-11 - Thứ 6,88,95.50%
NTB - Lâm Đồng,(LDO) Bảo Lâm 1,2026-09-14 - Thứ 2,88,88.60%
NTB - Lâm Đồng,(LDO) Đam Rông 3,2026-09-19 - Thứ 7,88,87.50%
NTB - Lâm Đồng,(LDO) Nam Ban Lâm Hà,2026-10-01 - Thứ 5,88,98.90%
NTB - Lâm Đồng,(LDO) Xuân Trường - Đà Lạt,2026-09-24 - Thứ 5,89,93.30%
NTB - Lâm Đồng,(LDO) Đam Rông 3,2026-09-26 - Thứ 7,89,91.00%
NTB - Lâm Đồng,(LDO) Đạ Tẻh,2026-09-15 - Thứ 3,89,91.00%
NTB - Lâm Đồng,(LDO) Lâm Viên - Đà Lạt 1,2026-09-23 - Thứ 4,89,96.60%
NTB - Lâm Đồng,(LDO) Đam Rông 3,2026-10-05 - Thứ 2,89,94.40%
NTB - Lâm Đồng,(LDO) Đạ Huoai,2026-09-27 - Chủ Nhật,89,95.50%
NTB - Lâm Đồng,(LDO) Hiệp Thạnh,2026-09-20 - Chủ Nhật,89,96.60%
NTB - Lâm Đồng,(LDO) Hiệp Thạnh,2026-09-29 - Thứ 3,89,95.50%
NTB - Lâm Đồng,(LDO) Đạ Huoai,2026-09-10 - Thứ 5,90,94.40%
NTB - Lâm Đồng,(LDO) Đinh Văn Lâm Hà,2026-09-18 - Thứ 6,90,98.90%
NTB - Lâm Đồng,(LDO) Bảo Lâm 3,2026-10-05 - Thứ 2,90,96.70%
NTB - Lâm Đồng,(LDO) Đức Trọng 2,2026-09-16 - Thứ 4,90,94.40%
NTB - Lâm Đồng,(LDO) Tân Hà Lâm Hà,2026-09-20 - Chủ Nhật,90,87.80%
NTB - Lâm Đồng,(LDO) Đạ Tẻh,2026-09-14 - Thứ 2,90,93.30%
NTB - Lâm Đồng,(LDO) Xuân Hương - Đà Lạt,2026-09-10 - Thứ 5,91,86.80%
NTB - Lâm Đồng,(LDO) Xuân Hương - Đà Lạt,2026-09-15 - Thứ 3,91,57.10%
NTB - Lâm Đồng,(LDO) Đức Trọng 1,2026-09-15 - Thứ 3,91,44.00%
NTB - Lâm Đồng,(LDO) Hòa Ninh,2026-09-23 - Thứ 4,91,85.70%
NTB - Lâm Đồng,(LDO) Đơn Dương,2026-09-27 - Chủ Nhật,91,58.20%
NTB - Lâm Đồng,(LDO) Lâm Viên - Đà Lạt 2,2026-09-11 - Thứ 6,91,93.40%
NTB - Lâm Đồng,(LDO) Đạ Huoai,2026-09-14 - Thứ 2,91,96.70%
NTB - Lâm Đồng,(LDO) Đam Rông 3,2026-09-17 - Thứ 5,91,94.50%
NTB - Lâm Đồng,(LDO) Hiệp Thạnh,2026-09-12 - Thứ 7,92,97.80%
NTB - Lâm Đồng,(LDO) Đạ Huoai,2026-09-28 - Thứ 2,92,95.70%
NTB - Lâm Đồng,(LDO) Bảo Lâm 1,2026-09-18 - Thứ 6,92,89.10%
NTB - Lâm Đồng,(LDO) Nam Ban Lâm Hà,2026-09-24 - Thứ 5,92,97.80%
NTB - Lâm Đồng,(LDO) Xuân Trường - Đà Lạt,2026-10-07 - Thứ 4,92,96.70%
NTB - Lâm Đồng,(LDO) 1 Bảo Lộc,2026-09-16 - Thứ 4,92,89.10%
NTB - Lâm Đồng,(LDO) Đinh Văn Lâm Hà,2026-09-16 - Thứ 4,92,96.70%
NTB - Lâm Đồng,(LDO) Ninh Gia,2026-10-06 - Thứ 3,92,92.40%
NTB - Lâm Đồng,(LDO) Xuân Trường - Đà Lạt,2026-09-30 - Thứ 4,92,91.30%
NTB - Lâm Đồng,(LDO) Hòa Ninh,2026-09-11 - Thứ 6,92,93.50%
NTB - Lâm Đồng,(LDO) Xuân Trường - Đà Lạt,2026-09-29 - Thứ 3,92,92.40%
NTB - Lâm Đồng,(LDO) B'Lao,2026-09-22 - Thứ 3,93,98.90%
NTB - Lâm Đồng,(LDO) Đam Rông 3,2026-09-22 - Thứ 3,93,95.70%
NTB - Lâm Đồng,(LDO) Đạ Huoai,2026-09-15 - Thứ 3,93,95.70%
NTB - Lâm Đồng,(LDO) Đinh Văn Lâm Hà,2026-09-15 - Thứ 3,93,91.40%
NTB - Lâm Đồng,(LDO) Ninh Gia,2026-09-14 - Thứ 2,93,93.50%
NTB - Lâm Đồng,(LDO) Bảo Lâm 3,2026-10-02 - Thứ 6,93,95.70%
NTB - Lâm Đồng,(LDO) Lang Biang - Đà Lạt 1,2026-09-17 - Thứ 5,93,69.90%
NTB - Lâm Đồng,(LDO) Đạ Huoai,2026-09-18 - Thứ 6,94,95.70%
NTB - Lâm Đồng,(LDO) Ninh Gia,2026-09-18 - Thứ 6,94,89.40%
NTB - Lâm Đồng,(LDO) Đam Rông 3,2026-09-24 - Thứ 5,94,91.50%
NTB - Lâm Đồng,(LDO) Bảo Lâm 1,2026-09-21 - Thứ 2,94,92.60%
NTB - Lâm Đồng,(LDO) Đạ Tẻh,2026-09-30 - Thứ 4,94,100.00%
NTB - Lâm Đồng,(LDO) Đạ Tẻh,2026-09-11 - Thứ 6,94,94.70%
NTB - Lâm Đồng,(LDO) Bảo Lâm 1,2026-10-03 - Thứ 7,95,91.60%
NTB - Lâm Đồng,(LDO) Hiệp Thạnh,2026-09-18 - Thứ 6,95,98.90%
NTB - Lâm Đồng,(LDO) Đạ Huoai,2026-09-24 - Thứ 5,95,96.80%
NTB - Lâm Đồng,(LDO) Bảo Lâm 3,2026-10-07 - Thứ 4,95,89.50%
NTB - Lâm Đồng,(LDO) Xuân Trường - Đà Lạt,2026-10-05 - Thứ 2,95,94.70%
NTB - Lâm Đồng,(LDO) 3 Bảo Lộc,2026-09-16 - Thứ 4,95,87.40%
NTB - Lâm Đồng,(LDO) Xuân Trường - Đà Lạt,2026-09-27 - Chủ Nhật,95,96.80%
NTB - Lâm Đồng,(LDO) Đức Trọng 1,2026-09-27 - Chủ Nhật,95,49.50%
NTB - Lâm Đồng,(LDO) Bảo Lâm 1,2026-09-13 - Chủ Nhật,95,92.60%
NTB - Lâm Đồng,(LDO) Đạ Huoai,2026-10-04 - Chủ Nhật,95,95.80%
NTB - Lâm Đồng,(LDO) Nam Ban Lâm Hà,2026-10-06 - Thứ 3,95,98.90%
NTB - Lâm Đồng,(LDO) Tân Hà Lâm Hà,2026-09-19 - Thứ 7,95,87.40%
NTB - Lâm Đồng,(LDO) Lâm Viên - Đà Lạt 1,2026-09-12 - Thứ 7,96,96.90%
NTB - Lâm Đồng,(LDO) 1 Bảo Lộc,2026-09-21 - Thứ 2,96,91.70%
NTB - Lâm Đồng,(LDO) Xuân Trường - Đà Lạt,2026-09-26 - Thứ 7,96,89.60%
NTB - Lâm Đồng,(LDO) Đam Rông 3,2026-09-15 - Thứ 3,96,85.40%
NTB - Lâm Đồng,(LDO) Lâm Viên - Đà Lạt 1,2026-09-16 - Thứ 4,96,92.70%
NTB - Lâm Đồng,(LDO) Hiệp Thạnh,2026-10-01 - Thứ 5,96,96.90%
NTB - Lâm Đồng,(LDO) 3 Bảo Lộc,2026-09-12 - Thứ 7,97,97.90%
NTB - Lâm Đồng,(LDO) B'Lao,2026-09-12 - Thứ 7,97,96.90%
NTB - Lâm Đồng,(LDO) Đức Trọng 2,2026-09-12 - Thứ 7,97,95.90%
NTB - Lâm Đồng,(LDO) Bảo Lâm 3,2026-10-03 - Thứ 7,97,93.80%
NTB - Lâm Đồng,(LDO) Hòa Ninh,2026-09-28 - Thứ 2,97,80.40%
NTB - Lâm Đồng,(LDO) Xuân Trường - Đà Lạt,2026-09-22 - Thứ 3,97,93.80%
NTB - Lâm Đồng,(LDO) Hiệp Thạnh,2026-10-07 - Thứ 4,97,96.90%
NTB - Lâm Đồng,(LDO) Đinh Văn Lâm Hà,2026-09-23 - Thứ 4,97,97.90%
NTB - Lâm Đồng,(LDO) Đức Trọng 2,2026-09-23 - Thứ 4,97,86.60%
NTB - Lâm Đồng,(LDO) Hòa Ninh,2026-10-04 - Chủ Nhật,97,80.40%
NTB - Lâm Đồng,(LDO) Đạ Tẻh,2026-10-06 - Thứ 3,97,95.90%
NTB - Lâm Đồng,(LDO) B'Lao,2026-09-20 - Chủ Nhật,97,96.90%
NTB - Lâm Đồng,(LDO) Đạ Huoai,2026-09-20 - Chủ Nhật,97,89.70%
NTB - Lâm Đồng,(LDO) Ninh Gia,2026-09-17 - Thứ 5,97,92.80%
NTB - Lâm Đồng,(LDO) Hòa Ninh,2026-09-10 - Thứ 5,98,91.80%
NTB - Lâm Đồng,(LDO) Đức Trọng 1,2026-09-12 - Thứ 7,98,60.20%
NTB - Lâm Đồng,(LDO) Đam Rông 3,2026-09-13 - Chủ Nhật,98,86.70%
NTB - Lâm Đồng,(LDO) B'Lao,2026-10-04 - Chủ Nhật,98,98.00%
NTB - Lâm Đồng,(LDO) Đam Rông 3,2026-09-20 - Chủ Nhật,98,88.80%
NTB - Lâm Đồng,(LDO) Xuân Hương - Đà Lạt,2026-09-17 - Thứ 5,98,78.60%
NTB - Lâm Đồng,(LDO) Xuân Trường - Đà Lạt,2026-10-01 - Thứ 5,98,98.00%
NTB - Lâm Đồng,(LDO) Ninh Gia,2026-09-10 - Thứ 5,99,96.00%
NTB - Lâm Đồng,(LDO) Tân Hà Lâm Hà,2026-09-12 - Thứ 7,99,83.80%
NTB - Lâm Đồng,(LDO) Xuân Trường - Đà Lạt,2026-10-03 - Thứ 7,99,97.00%
NTB - Lâm Đồng,(LDO) Bảo Lâm 1,2026-10-07 - Thứ 4,99,89.90%
NTB - Lâm Đồng,(LDO) Lang Biang - Đà Lạt 1,2026-09-21 - Thứ 2,99,61.60%
NTB - Lâm Đồng,(LDO) Xuân Trường - Đà Lạt,2026-10-04 - Chủ Nhật,99,96.00%
NTB - Lâm Đồng,(LDO) Đam Rông 3,2026-09-11 - Thứ 6,99,91.90%
NTB - Lâm Đồng,(LDO) Đức Trọng 2,2026-09-20 - Chủ Nhật,99,92.90%
NTB - Lâm Đồng,(LDO) Lang Biang - Đà Lạt 1,2026-09-14 - Thứ 2,99,67.70%
NTB - Lâm Đồng,(LDO) Đạ Tẻh,2026-10-03 - Thứ 7,100,97.00%
NTB - Lâm Đồng,(LDO) Lang Biang - Đà Lạt 2,2026-09-28 - Thứ 2,100,58.00%
NTB - Lâm Đồng,(LDO) Hòa Ninh,2026-10-07 - Thứ 4,100,90.00%
NTB - Lâm Đồng,(LDO) 1 Bảo Lộc,2026-09-23 - Thứ 4,100,90.00%
NTB - Lâm Đồng,(LDO) Tân Hà Lâm Hà,2026-09-16 - Thứ 4,100,88.00%
NTB - Lâm Đồng,(LDO) Hòa Ninh,2026-09-20 - Chủ Nhật,100,81.00%
NTB - Lâm Đồng,(LDO) Đạ Tẻh,2026-09-29 - Thứ 3,100,97.00%
NTB - Lâm Đồng,(LDO) Lâm Viên - Đà Lạt 1,2026-09-14 - Thứ 2,100,93.00%
NTB - Lâm Đồng,(LDO) Ninh Gia,2026-09-12 - Thứ 7,101,81.20%
NTB - Lâm Đồng,(LDO) Bảo Lâm 3,2026-09-28 - Thứ 2,101,87.10%
NTB - Lâm Đồng,(LDO) Lâm Viên - Đà Lạt 1,2026-09-18 - Thứ 6,101,94.10%
NTB - Lâm Đồng,(LDO) Đam Rông 3,2026-10-07 - Thứ 4,101,95.00%
NTB - Lâm Đồng,(LDO) Đam Rông 3,2026-09-27 - Chủ Nhật,101,88.10%
NTB - Lâm Đồng,(LDO) Đạ Tẻh,2026-09-10 - Thứ 5,102,98.00%
NTB - Lâm Đồng,(LDO) 1 Bảo Lộc,2026-09-22 - Thứ 3,102,95.10%
NTB - Lâm Đồng,(LDO) B'Lao,2026-09-21 - Thứ 2,102,87.30%
NTB - Lâm Đồng,(LDO) Bảo Lâm 1,2026-09-15 - Thứ 3,102,89.20%
NTB - Lâm Đồng,(LDO) Đạ Tẻh,2026-09-20 - Chủ Nhật,102,97.10%
NTB - Lâm Đồng,(LDO) Đạ Huoai,2026-09-29 - Thứ 3,102,99.00%
NTB - Lâm Đồng,(LDO) Tân Hà Lâm Hà,2026-09-17 - Thứ 5,102,85.30%
NTB - Lâm Đồng,(LDO) Bảo Lâm 1,2026-09-10 - Thứ 5,103,97.10%
NTB - Lâm Đồng,(LDO) Ninh Gia,2026-10-03 - Thứ 7,103,87.40%
NTB - Lâm Đồng,(LDO) Hòa Ninh,2026-09-21 - Thứ 2,103,78.60%
NTB - Lâm Đồng,(LDO) Lâm Viên - Đà Lạt 1,2026-09-21 - Thứ 2,103,90.30%
NTB - Lâm Đồng,(LDO) Xuân Trường - Đà Lạt,2026-09-17 - Thứ 5,103,96.10%
NTB - Lâm Đồng,(LDO) Lang Biang - Đà Lạt 1,2026-09-18 - Thứ 6,104,75.00%
NTB - Lâm Đồng,(LDO) Ninh Gia,2026-09-25 - Thứ 6,104,89.40%
NTB - Lâm Đồng,(LDO) Ninh Gia,2026-09-24 - Thứ 5,105,92.40%
NTB - Lâm Đồng,(LDO) Xuân Hương - Đà Lạt,2026-09-21 - Thứ 2,105,76.20%
NTB - Lâm Đồng,(LDO) Đam Rông 3,2026-10-06 - Thứ 3,105,92.40%
NTB - Lâm Đồng,(LDO) Xuân Trường - Đà Lạt,2026-09-25 - Thứ 6,105,99.00%
NTB - Lâm Đồng,(LDO) Lang Biang - Đà Lạt 1,2026-09-20 - Chủ Nhật,105,58.10%
NTB - Lâm Đồng,(LDO) Hòa Ninh,2026-09-14 - Thứ 2,105,91.40%
NTB - Lâm Đồng,(LDO) Lang Biang - Đà Lạt 2,2026-09-19 - Thứ 7,105,91.40%
NTB - Lâm Đồng,(LDO) 3 Bảo Lộc,2026-09-10 - Thứ 5,106,97.20%
NTB - Lâm Đồng,(LDO) Tân Hà Lâm Hà,2026-09-15 - Thứ 3,106,78.30%
NTB - Lâm Đồng,(LDO) B'Lao,2026-09-13 - Chủ Nhật,106,95.30%
NTB - Lâm Đồng,(LDO) Đam Rông 3,2026-09-29 - Thứ 3,106,96.20%
NTB - Lâm Đồng,(LDO) Lâm Viên - Đà Lạt 1,2026-09-22 - Thứ 3,107,96.30%
NTB - Lâm Đồng,(LDO) Đức Trọng 2,2026-09-15 - Thứ 3,107,96.30%
NTB - Lâm Đồng,(LDO) Hòa Ninh,2026-09-15 - Thứ 3,107,91.60%
NTB - Lâm Đồng,(LDO) 3 Bảo Lộc,2026-09-23 - Thứ 4,107,99.10%
NTB - Lâm Đồng,(LDO) Đạ Tẻh,2026-09-27 - Chủ Nhật,107,93.50%
NTB - Lâm Đồng,(LDO) Đạ Tẻh,2026-10-04 - Chủ Nhật,107,98.10%
NTB - Lâm Đồng,(LDO) Hòa Ninh,2026-09-29 - Thứ 3,107,74.80%
NTB - Lâm Đồng,(LDO) Bảo Lâm 1,2026-09-17 - Thứ 5,107,94.40%
NTB - Lâm Đồng,(LDO) Hòa Ninh,2026-09-17 - Thứ 5,107,97.20%
NTB - Lâm Đồng,(LDO) Xuân Trường - Đà Lạt,2026-09-10 - Thứ 5,108,97.20%
NTB - Lâm Đồng,(LDO) Xuân Trường - Đà Lạt,2026-09-18 - Thứ 6,108,96.30%
NTB - Lâm Đồng,(LDO) Hiệp Thạnh,2026-10-05 - Thứ 2,108,98.10%
NTB - Lâm Đồng,(LDO) Đinh Văn Lâm Hà,2026-09-13 - Chủ Nhật,108,92.60%
NTB - Lâm Đồng,(LDO) Lâm Viên - Đà Lạt 1,2026-09-11 - Thứ 6,108,93.50%
NTB - Lâm Đồng,(LDO) Đạ Huoai,2026-10-02 - Thứ 6,108,97.20%
NTB - Lâm Đồng,(LDO) Ninh Gia,2026-10-02 - Thứ 6,108,97.20%
NTB - Lâm Đồng,(LDO) Đam Rông 3,2026-09-12 - Thứ 7,109,86.20%
NTB - Lâm Đồng,(LDO) Đam Rông 3,2026-09-18 - Thứ 6,109,93.60%
NTB - Lâm Đồng,(LDO) Đạ Huoai,2026-09-13 - Chủ Nhật,109,99.10%
NTB - Lâm Đồng,(LDO) Bảo Lâm 1,2026-10-06 - Thứ 3,109,88.10%
NTB - Lâm Đồng,(LDO) Cát Tiên,2026-09-14 - Thứ 2,109,94.50%
NTB - Lâm Đồng,(LDO) Xuân Hương - Đà Lạt,2026-09-14 - Thứ 2,109,60.60%
NTB - Lâm Đồng,(LDO) Bảo Lâm 1,2026-10-01 - Thứ 5,109,96.30%
NTB - Lâm Đồng,(LDO) Lâm Viên - Đà Lạt 1,2026-09-15 - Thứ 3,110,90.00%
NTB - Lâm Đồng,(LDO) Hòa Ninh,2026-09-30 - Thứ 4,110,90.90%
NTB - Lâm Đồng,(LDO) Đam Rông 3,2026-09-25 - Thứ 6,110,90.90%
NTB - Lâm Đồng,(LDO) 1 Bảo Lộc,2026-09-20 - Chủ Nhật,110,92.70%
NTB - Lâm Đồng,(LDO) Ninh Gia,2026-09-29 - Thứ 3,110,91.80%
NTB - Lâm Đồng,(LDO) Đạ Huoai,2026-09-17 - Thứ 5,110,97.30%
NTB - Lâm Đồng,(LDO) Đức Trọng 1,2026-09-21 - Thứ 2,111,44.10%
NTB - Lâm Đồng,(LDO) Hiệp Thạnh,2026-09-30 - Thứ 4,111,99.10%
NTB - Lâm Đồng,(LDO) 3 Bảo Lộc,2026-09-11 - Thứ 6,111,93.70%
NTB - Lâm Đồng,(LDO) Xuân Hương - Đà Lạt,2026-09-20 - Chủ Nhật,111,86.50%
NTB - Lâm Đồng,(LDO) Đức Trọng 1,2026-09-14 - Thứ 2,111,53.20%
NTB - Lâm Đồng,(LDO) Lâm Viên - Đà Lạt 1,2026-09-17 - Thứ 5,111,93.70%
NTB - Lâm Đồng,(LDO) Đạ Tẻh,2026-10-01 - Thứ 5,111,98.20%
NTB - Lâm Đồng,(LDO) Đinh Văn Lâm Hà,2026-09-12 - Thứ 7,112,91.10%
NTB - Lâm Đồng,(LDO) Đạ Huoai,2026-10-03 - Thứ 7,112,97.30%
NTB - Lâm Đồng,(LDO) Đạ Tẻh,2026-09-18 - Thứ 6,112,92.90%
NTB - Lâm Đồng,(LDO) B'Lao,2026-09-23 - Thứ 4,112,99.10%
NTB - Lâm Đồng,(LDO) Hòa Ninh,2026-10-05 - Thứ 2,112,92.00%
NTB - Lâm Đồng,(LDO) Tân Hà Lâm Hà,2026-09-27 - Chủ Nhật,112,75.90%
NTB - Lâm Đồng,(LDO) Đức Trọng 2,2026-09-13 - Chủ Nhật,112,93.80%
NTB - Lâm Đồng,(LDO) Hiệp Thạnh,2026-09-11 - Thứ 6,112,100.00%
NTB - Lâm Đồng,(LDO) Lâm Viên - Đà Lạt 1,2026-09-19 - Thứ 7,112,89.30%
NTB - Lâm Đồng,(LDO) Hòa Ninh,2026-10-01 - Thứ 5,112,92.90%
NTB - Lâm Đồng,(LDO) 1 Bảo Lộc,2026-09-28 - Thứ 2,113,94.70%
NTB - Lâm Đồng,(LDO) Xuân Hương - Đà Lạt,2026-09-18 - Thứ 6,113,80.50%
NTB - Lâm Đồng,(LDO) Nam Ban Lâm Hà,2026-10-04 - Chủ Nhật,113,92.90%
NTB - Lâm Đồng,(LDO) B'Lao,2026-09-15 - Thứ 3,114,95.60%
NTB - Lâm Đồng,(LDO) Hiệp Thạnh,2026-10-04 - Chủ Nhật,114,100.00%
NTB - Lâm Đồng,(LDO) Đạ Huoai,2026-09-30 - Thứ 4,114,97.40%
NTB - Lâm Đồng,(LDO) 3 Bảo Lộc,2026-09-20 - Chủ Nhật,114,95.60%
NTB - Lâm Đồng,(LDO) Ninh Gia,2026-10-01 - Thứ 5,114,96.50%
NTB - Lâm Đồng,(LDO) Hòa Ninh,2026-09-22 - Thứ 3,115,81.70%
NTB - Lâm Đồng,(LDO) Ninh Gia,2026-10-05 - Thứ 2,115,88.70%
NTB - Lâm Đồng,(LDO) Lang Biang - Đà Lạt 1,2026-09-13 - Chủ Nhật,115,63.50%
NTB - Lâm Đồng,(LDO) Đức Trọng 2,2026-09-11 - Thứ 6,115,94.80%
NTB - Lâm Đồng,(LDO) B'Lao,2026-09-19 - Thứ 7,115,98.30%
NTB - Lâm Đồng,(LDO) Đam Rông 3,2026-10-01 - Thứ 5,115,93.00%
NTB - Lâm Đồng,(LDO) Ninh Gia,2026-09-28 - Thứ 2,116,90.50%
NTB - Lâm Đồng,(LDO) Đức Trọng 2,2026-09-18 - Thứ 6,116,97.40%
NTB - Lâm Đồng,(LDO) Lang Biang - Đà Lạt 2,2026-09-23 - Thứ 4,116,69.80%
NTB - Lâm Đồng,(LDO) Hiệp Thạnh,2026-09-16 - Thứ 4,116,100.00%
NTB - Lâm Đồng,(LDO) Lâm Viên - Đà Lạt 2,2026-09-29 - Thứ 3,116,11.20%
NTB - Lâm Đồng,(LDO) Đạ Tẻh,2026-09-28 - Thứ 2,117,96.60%
NTB - Lâm Đồng,(LDO) 1 Bảo Lộc,2026-09-18 - Thứ 6,117,89.70%
NTB - Lâm Đồng,(LDO) Lang Biang - Đà Lạt 2,2026-09-22 - Thứ 3,117,92.30%
NTB - Lâm Đồng,(LDO) Đức Trọng 2,2026-09-22 - Thứ 3,117,95.70%
NTB - Lâm Đồng,(LDO) Đạ Huoai,2026-10-05 - Thứ 2,117,96.60%
NTB - Lâm Đồng,(LDO) B'Lao,2026-09-10 - Thứ 5,118,98.30%
NTB - Lâm Đồng,(LDO) Đạ Tẻh,2026-09-26 - Thứ 7,118,95.80%
NTB - Lâm Đồng,(LDO) Xuân Hương - Đà Lạt,2026-09-16 - Thứ 4,118,55.10%
NTB - Lâm Đồng,(LDO) Đam Rông 3,2026-10-04 - Chủ Nhật,118,93.20%
NTB - Lâm Đồng,(LDO) Ninh Gia,2026-10-07 - Thứ 4,119,92.40%
NTB - Lâm Đồng,(LDO) Lang Biang - Đà Lạt 2,2026-09-20 - Chủ Nhật,119,94.10%
NTB - Lâm Đồng,(LDO) Tân Hà Lâm Hà,2026-09-22 - Thứ 3,120,80.80%
NTB - Lâm Đồng,(LDO) Bảo Lâm 1,2026-10-02 - Thứ 6,120,95.80%
NTB - Lâm Đồng,(LDO) Đơn Dương,2026-09-19 - Thứ 7,120,68.30%
NTB - Lâm Đồng,(LDO) 3 Bảo Lộc,2026-10-04 - Chủ Nhật,121,96.70%
NTB - Lâm Đồng,(LDO) Hiệp Thạnh,2026-10-06 - Thứ 3,121,100.00%
NTB - Lâm Đồng,(LDO) Đam Rông 3,2026-09-30 - Thứ 4,121,90.10%
NTB - Lâm Đồng,(LDO) Bảo Lâm 1,2026-09-30 - Thứ 4,121,90.90%
NTB - Lâm Đồng,(LDO) Đơn Dương,2026-09-28 - Thứ 2,122,61.50%
NTB - Lâm Đồng,(LDO) Tân Hà Lâm Hà,2026-09-26 - Thứ 7,122,73.80%
NTB - Lâm Đồng,(LDO) Hiệp Thạnh,2026-09-25 - Thứ 6,122,100.00%
NTB - Lâm Đồng,(LDO) 1 Bảo Lộc,2026-09-19 - Thứ 7,122,91.80%
NTB - Lâm Đồng,(LDO) Đam Rông 3,2026-09-10 - Thứ 5,123,95.90%
NTB - Lâm Đồng,(LDO) Lâm Viên - Đà Lạt 2,2026-09-28 - Thứ 2,123,17.90%
NTB - Lâm Đồng,(LDO) 3 Bảo Lộc,2026-09-22 - Thứ 3,123,96.70%
NTB - Lâm Đồng,(LDO) Đạ Tẻh,2026-10-07 - Thứ 4,123,98.40%
NTB - Lâm Đồng,(LDO) Đạ Huoai,2026-09-26 - Thứ 7,123,94.30%
NTB - Lâm Đồng,(LDO) Đơn Dương,2026-09-12 - Thứ 7,124,76.60%
NTB - Lâm Đồng,(LDO) Đinh Văn Lâm Hà,2026-09-27 - Chủ Nhật,124,96.80%
NTB - Lâm Đồng,(LDO) 1 Bảo Lộc,2026-09-11 - Thứ 6,124,91.10%
NTB - Lâm Đồng,(LDO) Lang Biang - Đà Lạt 1,2026-09-11 - Thứ 6,124,72.60%
NTB - Lâm Đồng,(LDO) Xuân Hương - Đà Lạt,2026-09-26 - Thứ 7,125,92.80%
NTB - Lâm Đồng,(LDO) Xuân Hương - Đà Lạt,2026-09-25 - Thứ 6,125,89.60%
NTB - Lâm Đồng,(LDO) B'Lao,2026-09-11 - Thứ 6,125,95.20%
NTB - Lâm Đồng,(LDO) Hiệp Thạnh,2026-10-03 - Thứ 7,126,97.60%
NTB - Lâm Đồng,(LDO) Bảo Lâm 1,2026-10-05 - Thứ 2,126,92.90%
NTB - Lâm Đồng,(LDO) Hiệp Thạnh,2026-09-27 - Chủ Nhật,126,94.40%
NTB - Lâm Đồng,(LDO) 1 Bảo Lộc,2026-09-13 - Chủ Nhật,126,96.00%
NTB - Lâm Đồng,(LDO) Đạ Huoai,2026-10-01 - Thứ 5,126,98.40%
NTB - Lâm Đồng,(LDO) Lâm Viên - Đà Lạt 1,2026-09-10 - Thứ 5,127,95.30%
NTB - Lâm Đồng,(LDO) 1 Bảo Lộc,2026-09-24 - Thứ 5,127,92.90%
NTB - Lâm Đồng,(LDO) Đinh Văn Lâm Hà,2026-10-06 - Thứ 3,127,99.20%
NTB - Lâm Đồng,(LDO) Đinh Văn Lâm Hà,2026-09-14 - Thứ 2,127,83.50%
NTB - Lâm Đồng,(LDO) Đinh Văn Lâm Hà,2026-09-19 - Thứ 7,128,96.90%
NTB - Lâm Đồng,(LDO) Hòa Ninh,2026-09-26 - Thứ 7,129,86.80%
NTB - Lâm Đồng,(LDO) Đức Trọng 2,2026-10-05 - Thứ 2,129,95.30%
NTB - Lâm Đồng,(LDO) Đức Trọng 2,2026-10-02 - Thứ 6,129,98.40%
NTB - Lâm Đồng,(LDO) Đinh Văn Lâm Hà,2026-09-20 - Chủ Nhật,130,91.50%
NTB - Lâm Đồng,(LDO) 3 Bảo Lộc,2026-09-19 - Thứ 7,130,95.40%
NTB - Lâm Đồng,(LDO) Đinh Văn Lâm Hà,2026-09-10 - Thứ 5,131,95.40%
NTB - Lâm Đồng,(LDO) Hòa Ninh,2026-09-27 - Chủ Nhật,131,89.30%
NTB - Lâm Đồng,(LDO) Đức Trọng 2,2026-09-28 - Thứ 2,132,97.70%
NTB - Lâm Đồng,(LDO) Đinh Văn Lâm Hà,2026-09-28 - Thứ 2,132,96.20%
NTB - Lâm Đồng,(LDO) Bảo Lâm 1,2026-09-28 - Thứ 2,132,79.50%
NTB - Lâm Đồng,(LDO) Lang Biang - Đà Lạt 2,2026-09-18 - Thứ 6,132,94.70%
NTB - Lâm Đồng,(LDO) Đơn Dương,2026-09-18 - Thứ 6,132,75.00%
NTB - Lâm Đồng,(LDO) Xuân Hương - Đà Lạt,2026-09-24 - Thứ 5,132,83.30%
NTB - Lâm Đồng,(LDO) Đam Rông 3,2026-10-02 - Thứ 6,132,89.40%
NTB - Lâm Đồng,(LDO) Đinh Văn Lâm Hà,2026-10-02 - Thứ 6,132,97.00%
NTB - Lâm Đồng,(LDO) B'Lao,2026-09-17 - Thứ 5,132,97.00%
NTB - Lâm Đồng,(LDO) Đức Trọng 2,2026-09-10 - Thứ 5,133,100.00%
NTB - Lâm Đồng,(LDO) Đinh Văn Lâm Hà,2026-10-05 - Thứ 2,133,97.00%
NTB - Lâm Đồng,(LDO) Đinh Văn Lâm Hà,2026-09-25 - Thứ 6,134,94.00%
NTB - Lâm Đồng,(LDO) Hiệp Thạnh,2026-10-02 - Thứ 6,134,97.80%
NTB - Lâm Đồng,(LDO) Đơn Dương,2026-09-16 - Thứ 4,135,77.80%
NTB - Lâm Đồng,(LDO) Đạ Tẻh,2026-09-25 - Thứ 6,135,95.60%
NTB - Lâm Đồng,(LDO) Đinh Văn Lâm Hà,2026-09-29 - Thứ 3,135,95.60%
NTB - Lâm Đồng,(LDO) 3 Bảo Lộc,2026-09-14 - Thứ 2,135,94.80%
NTB - Lâm Đồng,(LDO) Lang Biang - Đà Lạt 1,2026-09-10 - Thứ 5,136,73.50%
NTB - Lâm Đồng,(LDO) Đạ Tẻh,2026-10-05 - Thứ 2,136,98.50%
NTB - Lâm Đồng,(LDO) 1 Bảo Lộc,2026-09-29 - Thứ 3,136,93.40%
NTB - Lâm Đồng,(LDO) Tân Hà Lâm Hà,2026-09-10 - Thứ 5,137,72.30%
NTB - Lâm Đồng,(LDO) Đinh Văn Lâm Hà,2026-09-26 - Thứ 7,137,94.90%
NTB - Lâm Đồng,(LDO) Đinh Văn Lâm Hà,2026-10-07 - Thứ 4,138,93.50%
NTB - Lâm Đồng,(LDO) Đơn Dương,2026-09-15 - Thứ 3,138,73.90%
NTB - Lâm Đồng,(LDO) Đinh Văn Lâm Hà,2026-10-04 - Chủ Nhật,138,97.80%
NTB - Lâm Đồng,(LDO) Đinh Văn Lâm Hà,2026-09-30 - Thứ 4,138,98.60%
NTB - Lâm Đồng,(LDO) Đinh Văn Lâm Hà,2026-09-24 - Thứ 5,139,99.30%
NTB - Lâm Đồng,(LDO) Đạ Huoai,2026-10-07 - Thứ 4,139,97.10%
NTB - Lâm Đồng,(LDO) 3 Bảo Lộc,2026-09-15 - Thứ 3,139,93.50%
NTB - Lâm Đồng,(LDO) Đức Trọng 2,2026-09-19 - Thứ 7,139,94.20%
NTB - Lâm Đồng,(LDO) Di Linh,2026-09-21 - Thứ 2,140,80.70%
NTB - Lâm Đồng,(LDO) 3 Bảo Lộc,2026-09-17 - Thứ 5,140,97.90%
NTB - Lâm Đồng,(LDO) 1 Bảo Lộc,2026-09-10 - Thứ 5,141,97.90%
NTB - Lâm Đồng,(LDO) B'Lao,2026-10-03 - Thứ 7,141,97.90%
NTB - Lâm Đồng,(LDO) Đức Trọng 2,2026-10-03 - Thứ 7,141,95.00%
NTB - Lâm Đồng,(LDO) Lang Biang - Đà Lạt 2,2026-09-13 - Chủ Nhật,141,91.50%
NTB - Lâm Đồng,(LDO) Đức Trọng 2,2026-09-25 - Thứ 6,141,92.20%
NTB - Lâm Đồng,(LDO) Đức Trọng 2,2026-09-17 - Thứ 5,141,95.00%
NTB - Lâm Đồng,(LDO) Đinh Văn Lâm Hà,2026-10-01 - Thứ 5,141,96.50%
NTB - Lâm Đồng,(LDO) Lâm Viên - Đà Lạt 1,2026-09-20 - Chủ Nhật,142,95.80%
NTB - Lâm Đồng,(LDO) Đinh Văn Lâm Hà,2026-09-17 - Thứ 5,142,97.90%
NTB - Lâm Đồng,(LDO) B'Lao,2026-09-28 - Thứ 2,143,94.40%
NTB - Lâm Đồng,(LDO) Đơn Dương,2026-09-24 - Thứ 5,143,72.00%
NTB - Lâm Đồng,(LDO) B'Lao,2026-09-14 - Thứ 2,143,94.40%
NTB - Lâm Đồng,(LDO) Đức Trọng 2,2026-10-01 - Thứ 5,143,97.90%
NTB - Lâm Đồng,(LDO) B'Lao,2026-09-18 - Thứ 6,144,98.60%
NTB - Lâm Đồng,(LDO) B'Lao,2026-09-27 - Chủ Nhật,144,95.10%
NTB - Lâm Đồng,(LDO) Đức Trọng 2,2026-09-30 - Thứ 4,144,97.90%
NTB - Lâm Đồng,(LDO) B'Lao,2026-09-25 - Thứ 6,144,95.10%
NTB - Lâm Đồng,(LDO) Đức Trọng 2,2026-09-26 - Thứ 7,145,97.20%
NTB - Lâm Đồng,(LDO) Lâm Viên - Đà Lạt 1,2026-09-25 - Thứ 6,145,95.90%
NTB - Lâm Đồng,(LDO) 3 Bảo Lộc,2026-09-24 - Thứ 5,146,97.90%
NTB - Lâm Đồng,(LDO) Di Linh,2026-09-14 - Thứ 2,146,85.60%
NTB - Lâm Đồng,(LDO) Đức Trọng 2,2026-09-27 - Chủ Nhật,147,93.90%
NTB - Lâm Đồng,(LDO) 3 Bảo Lộc,2026-09-13 - Chủ Nhật,148,94.60%
NTB - Lâm Đồng,(LDO) Xuân Trường - Đà Lạt,2026-10-02 - Thứ 6,148,94.60%
NTB - Lâm Đồng,(LDO) Đạ Huoai,2026-09-25 - Thứ 6,149,89.30%
NTB - Lâm Đồng,(LDO) B'Lao,2026-09-24 - Thứ 5,150,94.70%
NTB - Lâm Đồng,(LDO) Đơn Dương,2026-09-23 - Thứ 4,150,66.00%
NTB - Lâm Đồng,(LDO) 1 Bảo Lộc,2026-10-06 - Thứ 3,151,91.40%
NTB - Lâm Đồng,(LDO) Đơn Dương,2026-09-20 - Chủ Nhật,151,68.90%
NTB - Lâm Đồng,(LDO) Đạ Tẻh,2026-10-02 - Thứ 6,151,100.00%
NTB - Lâm Đồng,(LDO) Đức Trọng 2,2026-10-07 - Thứ 4,152,98.00%
NTB - Lâm Đồng,(LDO) Đơn Dương,2026-09-22 - Thứ 3,153,71.20%
NTB - Lâm Đồng,(LDO) Lang Biang - Đà Lạt 2,2026-09-27 - Chủ Nhật,153,75.80%
NTB - Lâm Đồng,(LDO) 1 Bảo Lộc,2026-09-30 - Thứ 4,153,92.80%
NTB - Lâm Đồng,(LDO) B'Lao,2026-09-30 - Thứ 4,153,99.30%
NTB - Lâm Đồng,(LDO) 3 Bảo Lộc,2026-09-28 - Thứ 2,154,95.50%
NTB - Lâm Đồng,(LDO) Đức Trọng 2,2026-09-14 - Thứ 2,154,96.10%
NTB - Lâm Đồng,(LDO) 1 Bảo Lộc,2026-09-17 - Thứ 5,154,93.50%
NTB - Lâm Đồng,(LDO) Lang Biang - Đà Lạt 2,2026-09-17 - Thứ 5,154,96.80%
NTB - Lâm Đồng,(LDO) 1 Bảo Lộc,2026-09-27 - Chủ Nhật,155,96.10%
NTB - Lâm Đồng,(LDO) B'Lao,2026-09-29 - Thứ 3,156,97.40%
NTB - Lâm Đồng,(LDO) Đam Rông 3,2026-10-03 - Thứ 7,157,93.00%
NTB - Lâm Đồng,(LDO) Lang Biang - Đà Lạt 2,2026-09-24 - Thứ 5,157,67.50%
NTB - Lâm Đồng,(LDO) 1 Bảo Lộc,2026-10-07 - Thứ 4,160,94.40%
NTB - Lâm Đồng,(LDO) Lang Biang - Đà Lạt 2,2026-09-25 - Thứ 6,160,87.50%
NTB - Lâm Đồng,(LDO) Lang Biang - Đà Lạt 2,2026-09-16 - Thứ 4,162,93.80%
NTB - Lâm Đồng,(LDO) Đơn Dương,2026-09-14 - Thứ 2,162,71.00%
NTB - Lâm Đồng,(LDO) Đơn Dương,2026-09-10 - Thứ 5,163,90.80%
NTB - Lâm Đồng,(LDO) 1 Bảo Lộc,2026-10-02 - Thứ 6,163,93.90%
NTB - Lâm Đồng,(LDO) 1 Bảo Lộc,2026-10-03 - Thứ 7,164,95.70%
NTB - Lâm Đồng,(LDO) 3 Bảo Lộc,2026-10-05 - Thứ 2,164,98.80%
NTB - Lâm Đồng,(LDO) 1 Bảo Lộc,2026-09-25 - Thứ 6,164,97.60%
NTB - Lâm Đồng,(LDO) Đơn Dương,2026-09-25 - Thứ 6,164,68.90%
NTB - Lâm Đồng,(LDO) Đức Trọng 2,2026-09-29 - Thứ 3,164,98.20%
NTB - Lâm Đồng,(LDO) Đinh Văn Lâm Hà,2026-10-03 - Thứ 7,165,94.50%
NTB - Lâm Đồng,(LDO) Di Linh,2026-09-23 - Thứ 4,165,58.20%
NTB - Lâm Đồng,(LDO) Đức Trọng 2,2026-10-06 - Thứ 3,165,96.40%
NTB - Lâm Đồng,(LDO) 3 Bảo Lộc,2026-09-29 - Thứ 3,165,95.20%
NTB - Lâm Đồng,(LDO) Hòa Ninh,2026-09-25 - Thứ 6,166,91.60%
NTB - Lâm Đồng,(LDO) B'Lao,2026-10-07 - Thứ 4,167,96.40%
NTB - Lâm Đồng,(LDO) 3 Bảo Lộc,2026-09-27 - Chủ Nhật,168,94.00%
NTB - Lâm Đồng,(LDO) 1 Bảo Lộc,2026-10-04 - Chủ Nhật,168,92.30%
NTB - Lâm Đồng,(LDO) 3 Bảo Lộc,2026-09-30 - Thứ 4,168,95.20%
NTB - Lâm Đồng,(LDO) 3 Bảo Lộc,2026-10-03 - Thứ 7,169,94.70%
NTB - Lâm Đồng,(LDO) Lang Biang - Đà Lạt 2,2026-09-15 - Thứ 3,169,91.70%
NTB - Lâm Đồng,(LDO) B'Lao,2026-10-06 - Thứ 3,170,97.60%
NTB - Lâm Đồng,(LDO) 3 Bảo Lộc,2026-09-25 - Thứ 6,171,93.60%
NTB - Lâm Đồng,(LDO) Di Linh,2026-09-11 - Thứ 6,171,76.60%
NTB - Lâm Đồng,(LDO) Đơn Dương,2026-09-21 - Thứ 2,172,61.60%
NTB - Lâm Đồng,(LDO) Di Linh,2026-09-22 - Thứ 3,173,81.50%
NTB - Lâm Đồng,(LDO) Lâm Viên - Đà Lạt 1,2026-09-24 - Thứ 5,173,96.50%
NTB - Lâm Đồng,(LDO) B'Lao,2026-10-02 - Thứ 6,173,98.30%
NTB - Lâm Đồng,(LDO) Lang Biang - Đà Lạt 2,2026-09-26 - Thứ 7,174,80.50%
NTB - Lâm Đồng,(LDO) Lâm Viên - Đà Lạt 1,2026-09-26 - Thứ 7,174,97.10%
NTB - Lâm Đồng,(LDO) Di Linh,2026-09-13 - Chủ Nhật,174,81.60%
NTB - Lâm Đồng,(LDO) 3 Bảo Lộc,2026-10-06 - Thứ 3,174,95.40%
NTB - Lâm Đồng,(LDO) 3 Bảo Lộc,2026-10-02 - Thứ 6,174,97.10%
NTB - Lâm Đồng,(LDO) 1 Bảo Lộc,2026-10-01 - Thứ 5,174,98.90%
NTB - Lâm Đồng,(LDO) Đức Trọng 2,2026-09-24 - Thứ 5,175,97.70%
NTB - Lâm Đồng,(LDO) 3 Bảo Lộc,2026-10-07 - Thứ 4,175,94.30%
NTB - Lâm Đồng,(LDO) 3 Bảo Lộc,2026-10-01 - Thứ 5,175,97.10%
NTB - Lâm Đồng,(LDO) Di Linh,2026-09-10 - Thứ 5,178,71.30%
NTB - Lâm Đồng,(LDO) Di Linh,2026-09-20 - Chủ Nhật,180,76.10%
NTB - Lâm Đồng,(LDO) Bảo Lâm 1,2026-09-26 - Thứ 7,181,87.30%
NTB - Lâm Đồng,(LDO) 1 Bảo Lộc,2026-09-26 - Thứ 7,181,91.20%
NTB - Lâm Đồng,(LDO) Đức Trọng 2,2026-10-04 - Chủ Nhật,181,94.50%
NTB - Lâm Đồng,(LDO) Lang Biang - Đà Lạt 2,2026-09-10 - Thứ 5,182,96.20%
NTB - Lâm Đồng,(LDO) B'Lao,2026-10-01 - Thứ 5,182,98.90%
NTB - Lâm Đồng,(LDO) 1 Bảo Lộc,2026-10-05 - Thứ 2,183,96.20%
NTB - Lâm Đồng,(LDO) 3 Bảo Lộc,2026-09-18 - Thứ 6,184,96.20%
NTB - Lâm Đồng,(LDO) Đơn Dương,2026-09-26 - Thứ 7,184,67.90%
NTB - Lâm Đồng,(LDO) 3 Bảo Lộc,2026-09-26 - Thứ 7,189,94.70%
NTB - Lâm Đồng,(LDO) Đơn Dương,2026-09-11 - Thứ 6,189,79.90%
NTB - Lâm Đồng,(LDO) Di Linh,2026-09-12 - Thứ 7,191,70.70%
NTB - Lâm Đồng,(LDO) Di Linh,2026-09-24 - Thứ 5,192,78.10%
NTB - Lâm Đồng,(LDO) Lang Biang - Đà Lạt 2,2026-09-12 - Thứ 7,193,89.10%
NTB - Lâm Đồng,(LDO) Lang Biang - Đà Lạt 2,2026-09-11 - Thứ 6,196,94.40%
NTB - Lâm Đồng,(LDO) Di Linh,2026-09-19 - Thứ 7,196,64.30%
NTB - Lâm Đồng,(LDO) Di Linh,2026-09-16 - Thứ 4,199,79.40%
NTB - Lâm Đồng,(LDO) Đơn Dương,2026-09-13 - Chủ Nhật,199,79.90%
NTB - Lâm Đồng,(LDO) Di Linh,2026-09-28 - Thứ 2,200,58.00%
NTB - Lâm Đồng,(LDO) Lang Biang - Đà Lạt 2,2026-09-14 - Thứ 2,200,88.50%
NTB - Lâm Đồng,(LDO) Di Linh,2026-09-15 - Thứ 3,201,70.10%
NTB - Lâm Đồng,(LDO) Di Linh,2026-09-25 - Thứ 6,201,83.60%
NTB - Lâm Đồng,(LDO) B'Lao,2026-10-05 - Thứ 2,202,94.60%
NTB - Lâm Đồng,(LDO) Đơn Dương,2026-09-17 - Thứ 5,215,61.40%
NTB - Lâm Đồng,(LDO) Di Linh,2026-09-27 - Chủ Nhật,221,67.90%
NTB - Lâm Đồng,(LDO) B'Lao,2026-09-26 - Thứ 7,225,99.60%
NTB - Lâm Đồng,(LDO) Di Linh,2026-09-18 - Thứ 6,251,80.90%
NTB - Lâm Đồng,(LDO) Di Linh,2026-09-26 - Thứ 7,270,81.10%
NTB - Khánh Hòa,(KHO) Nam Nha Trang 3,2026-10-03 - Thứ 7,1,100.00%
NTB - Khánh Hòa,(KHO) Bắc Cam Ranh,2026-10-05 - Thứ 2,1,100.00%
NTB - Khánh Hòa,(KHO) Nam Nha Trang 5,2026-10-07 - Thứ 4,1,100.00%
NTB - Khánh Hòa,(KHO) Tây Nha Trang,2026-10-07 - Thứ 4,1,100.00%
NTB - Khánh Hòa,(KHO) Cam Linh,2026-10-07 - Thứ 4,1,100.00%
NTB - Khánh Hòa,(KHO) Cam Linh,2026-10-02 - Thứ 6,1,100.00%
NTB - Khánh Hòa,(KHO) Nam Nha Trang 5,2026-10-01 - Thứ 5,1,0.00%
NTB - Khánh Hòa,(KHO) Nam Nha Trang 5,2026-10-05 - Thứ 2,1,100.00%
NTB - Khánh Hòa,(KHO) CK Bắc Nha Trang,2026-09-23 - Thứ 4,1,100.00%
NTB - Khánh Hòa,(KHO) Cam Linh,2026-09-29 - Thứ 3,1,100.00%
NTB - Khánh Hòa,(KHO) Bắc Cam Ranh,2026-10-03 - Thứ 7,2,0.00%
NTB - Khánh Hòa,(KHO) Nam Nha Trang 3,2026-10-04 - Chủ Nhật,2,100.00%
NTB - Khánh Hòa,(KHO) Cam Linh,2026-09-26 - Thứ 7,2,0.00%
NTB - Khánh Hòa,(KHO) Nam Nha Trang 5,2026-10-04 - Chủ Nhật,3,100.00%
NTB - Khánh Hòa,(KHO) Tây Nha Trang,2026-10-04 - Chủ Nhật,3,100.00%
NTB - Khánh Hòa,(KHO) Nam Nha Trang 3,2026-10-05 - Thứ 2,3,100.00%
NTB - Khánh Hòa,(KHO) Bắc Nha Trang,2026-10-06 - Thứ 3,4,75.00%
NTB - Khánh Hòa,(KHO) Tây Nha Trang,2026-10-06 - Thứ 3,4,75.00%
NTB - Khánh Hòa,(KHO) Nam Nha Trang 5,2026-10-02 - Thứ 6,4,100.00%
NTB - Khánh Hòa,(KHO) Nam Nha Trang 3,2026-10-01 - Thứ 5,4,100.00%
NTB - Khánh Hòa,(KHO) Cam Linh,2026-09-27 - Chủ Nhật,4,50.00%
NTB - Khánh Hòa,(KHO) Nam Nha Trang 3,2026-10-02 - Thứ 6,4,75.00%
NTB - Khánh Hòa,(KHO) Bắc Nha Trang,2026-10-02 - Thứ 6,4,100.00%
NTB - Khánh Hòa,(KHO) Bắc Nha Trang,2026-10-05 - Thứ 2,5,100.00%
NTB - Khánh Hòa,(KHO) Bắc Cam Ranh,2026-09-30 - Thứ 4,5,0.00%
NTB - Khánh Hòa,(KHO) Nam Nha Trang 5,2026-09-29 - Thứ 3,5,60.00%
NTB - Khánh Hòa,(KHO) Tây Nha Trang,2026-10-03 - Thứ 7,6,100.00%
NTB - Khánh Hòa,(KHO) Bắc Nha Trang,2026-10-04 - Chủ Nhật,6,83.30%
NTB - Khánh Hòa,(KHO) Nam Nha Trang 3,2026-10-06 - Thứ 3,6,100.00%
NTB - Khánh Hòa,(KHO) Nam Nha Trang 3,2026-09-30 - Thứ 4,6,66.70%
NTB - Khánh Hòa,(KHO) Tây Nha Trang,2026-10-02 - Thứ 6,6,66.70%
NTB - Khánh Hòa,(KHO) Bắc Nha Trang,2026-10-03 - Thứ 7,7,100.00%
NTB - Khánh Hòa,(KHO) Bắc Cam Ranh,2026-10-01 - Thứ 5,7,14.30%
NTB - Khánh Hòa,(KHO) Bắc Nha Trang,2026-10-07 - Thứ 4,8,100.00%
NTB - Khánh Hòa,(KHO) Nam Nha Trang 3,2026-10-07 - Thứ 4,10,100.00%
NTB - Khánh Hòa,(KHO) Tây Nha Trang,2026-10-05 - Thứ 2,10,70.00%
NTB - Khánh Hòa,(KHO) Nam Nha Trang 3,2026-09-29 - Thứ 3,12,50.00%
NTB - Khánh Hòa,(KHO) Bắc Cam Ranh,2026-10-02 - Thứ 6,12,16.70%
NTB - Khánh Hòa,(KHO) Tây Nha Trang,2026-10-01 - Thứ 5,12,50.00%
NTB - Khánh Hòa,(KHO) Bắc Nha Trang,2026-09-30 - Thứ 4,13,69.20%
NTB - Khánh Hòa,(KHO) Cam Linh,2026-09-25 - Thứ 6,14,21.40%
NTB - Khánh Hòa,(KHO) Nam Nha Trang 5,2026-09-28 - Thứ 2,15,86.70%
NTB - Khánh Hòa,(KHO) Tây Nha Trang,2026-09-29 - Thứ 3,15,33.30%
NTB - Khánh Hòa,(KHO) Bắc Nha Trang,2026-10-01 - Thứ 5,16,87.50%
NTB - Khánh Hòa,(KHO) Tây Nha Trang,2026-09-30 - Thứ 4,17,41.20%
NTB - Khánh Hòa,(KHO) Nam Nha Trang 3,2026-09-28 - Thứ 2,24,70.80%
NTB - Khánh Hòa,(KHO) Bắc Cam Ranh,2026-09-29 - Thứ 3,25,20.00%
NTB - Khánh Hòa,(KHO) Diên Khánh 1,2026-10-02 - Thứ 6,25,100.00%
NTB - Khánh Hòa,(KHO) Diên Khánh 1,2026-10-05 - Thứ 2,30,96.70%
NTB - Khánh Hòa,(KHO) Diên Khánh 1,2026-10-06 - Thứ 3,30,96.70%
NTB - Khánh Hòa,(KHO) Nam Nha Trang 5,2026-09-27 - Chủ Nhật,33,97.00%
NTB - Khánh Hòa,(KHO) Diên Khánh 1,2026-09-30 - Thứ 4,33,90.90%
NTB - Khánh Hòa,(KHO) Diên Khánh 1,2026-10-04 - Chủ Nhật,36,100.00%
NTB - Khánh Hòa,(KHO) Nam Nha Trang 5,2026-09-22 - Thứ 3,38,97.40%
NTB - Khánh Hòa,(KHO) Diên Khánh 1,2026-10-03 - Thứ 7,40,100.00%
NTB - Khánh Hòa,(KHO) Bắc Nha Trang,2026-09-29 - Thứ 3,40,62.50%
NTB - Khánh Hòa,(KHO) Bắc Cam Ranh,2026-09-28 - Thứ 2,41,68.30%
NTB - Khánh Hòa,(KHO) Cam Linh,2026-09-24 - Thứ 5,41,12.20%
NTB - Khánh Hòa,(KHO) Bắc Cam Ranh,2026-09-27 - Chủ Nhật,42,81.00%
NTB - Khánh Hòa,(KHO) Nam Nha Trang 5,2026-09-20 - Chủ Nhật,42,92.90%
NTB - Khánh Hòa,(KHO) Diên Khánh 1,2026-09-28 - Thứ 2,43,100.00%
NTB - Khánh Hòa,(KHO) Khánh Vĩnh,2026-09-21 - Thứ 2,43,95.30%
NTB - Khánh Hòa,(KHO) Diên Khánh 1,2026-09-29 - Thứ 3,43,93.00%
NTB - Khánh Hòa,(KHO) Cam Lâm 1,2026-09-23 - Thứ 4,44,95.50%
NTB - Khánh Hòa,(KHO) Khánh Sơn,2026-09-22 - Thứ 3,45,100.00%
NTB - Khánh Hòa,(KHO) Cam Lâm 1,2026-09-19 - Thứ 7,47,85.10%
NTB - Khánh Hòa,(KHO) Nam Nha Trang 1,2026-10-07 - Thứ 4,48,93.80%
NTB - Khánh Hòa,(KHO) Diên Khánh 1,2026-10-07 - Thứ 4,48,97.90%
NTB - Khánh Hòa,(KHO) Diên Khánh 1,2026-09-22 - Thứ 3,49,95.90%
NTB - Khánh Hòa,(KHO) Bắc Cam Ranh,2026-09-15 - Thứ 3,49,85.70%
NTB - Khánh Hòa,(KHO) Tân Định,2026-09-18 - Thứ 6,50,98.00%
NTB - Khánh Hòa,(KHO) Nam Nha Trang 1,2026-10-04 - Chủ Nhật,50,98.00%
NTB - Khánh Hòa,(KHO) Tân Định,2026-09-22 - Thứ 3,51,96.10%
NTB - Khánh Hòa,(KHO) Bắc Cam Ranh,2026-09-22 - Thứ 3,51,82.40%
NTB - Khánh Hòa,(KHO) Nam Nha Trang 1,2026-10-05 - Thứ 2,51,94.10%
NTB - Khánh Hòa,(KHO) Bắc Cam Ranh,2026-09-17 - Thứ 5,51,98.00%
NTB - Khánh Hòa,(KHO) Nam Nha Trang 1,2026-10-03 - Thứ 7,52,100.00%
NTB - Khánh Hòa,(KHO) Cam Linh,2026-09-23 - Thứ 4,52,19.20%
NTB - Khánh Hòa,(KHO) Khánh Vĩnh,2026-09-20 - Chủ Nhật,52,96.20%
NTB - Khánh Hòa,(KHO) Diên Khánh 1,2026-10-01 - Thứ 5,52,94.20%
NTB - Khánh Hòa,(KHO) Tân Định,2026-09-15 - Thứ 3,53,96.20%
NTB - Khánh Hòa,(KHO) Nam Nha Trang 1,2026-09-30 - Thứ 4,53,94.30%
NTB - Khánh Hòa,(KHO) Bắc Cam Ranh,2026-09-18 - Thứ 6,54,85.20%
NTB - Khánh Hòa,(KHO) Khánh Vĩnh,2026-09-22 - Thứ 3,54,94.40%
NTB - Khánh Hòa,(KHO) Khánh Sơn,2026-09-20 - Chủ Nhật,54,98.10%
NTB - Khánh Hòa,(KHO) Nam Nha Trang 5,2026-09-19 - Thứ 7,54,94.40%
NTB - Khánh Hòa,(KHO) Diên Khánh 1,2026-09-15 - Thứ 3,55,100.00%
NTB - Khánh Hòa,(KHO) Tu Bông,2026-09-22 - Thứ 3,56,100.00%
NTB - Khánh Hòa,(KHO) Khánh Vĩnh,2026-09-15 - Thứ 3,56,89.30%
NTB - Khánh Hòa,(KHO) Khánh Vĩnh,2026-09-11 - Thứ 6,56,91.10%
NTB - Khánh Hòa,(KHO) Khánh Sơn,2026-09-23 - Thứ 4,57,100.00%
NTB - Khánh Hòa,(KHO) Khánh Vĩnh,2026-09-16 - Thứ 4,57,100.00%
NTB - Khánh Hòa,(KHO) Nam Nha Trang 1,2026-10-01 - Thứ 5,57,94.70%
NTB - Khánh Hòa,(KHO) Khánh Sơn,2026-09-24 - Thứ 5,58,100.00%
NTB - Khánh Hòa,(KHO) Khánh Sơn,2026-09-21 - Thứ 2,58,93.10%
NTB - Khánh Hòa,(KHO) Nam Nha Trang 1,2026-10-06 - Thứ 3,58,98.30%
NTB - Khánh Hòa,(KHO) Nam Nha Trang 5,2026-09-11 - Thứ 6,58,98.30%
NTB - Khánh Hòa,(KHO) Diên Khánh 1,2026-09-20 - Chủ Nhật,58,94.80%
NTB - Khánh Hòa,(KHO) Tân Định,2026-09-20 - Chủ Nhật,59,100.00%
NTB - Khánh Hòa,(KHO) Khánh Sơn,2026-09-17 - Thứ 5,59,96.60%
NTB - Khánh Hòa,(KHO) Diên Thọ,2026-09-21 - Thứ 2,60,91.70%
NTB - Khánh Hòa,(KHO) Khánh Vĩnh,2026-09-23 - Thứ 4,60,96.70%
NTB - Khánh Hòa,(KHO) Khánh Sơn,2026-09-28 - Thứ 2,61,100.00%
NTB - Khánh Hòa,(KHO) Cam Lâm 1,2026-09-16 - Thứ 4,61,96.70%
NTB - Khánh Hòa,(KHO) Nam Nha Trang 5,2026-09-16 - Thứ 4,61,98.40%
NTB - Khánh Hòa,(KHO) Khánh Vĩnh,2026-09-12 - Thứ 7,62,90.30%
NTB - Khánh Hòa,(KHO) Nam Nha Trang 5,2026-09-13 - Chủ Nhật,62,98.40%
NTB - Khánh Hòa,(KHO) Khánh Vĩnh,2026-10-03 - Thứ 7,63,90.50%
NTB - Khánh Hòa,(KHO) Khánh Sơn,2026-09-18 - Thứ 6,63,95.20%
NTB - Khánh Hòa,(KHO) Cam Lâm 1,2026-09-21 - Thứ 2,63,84.10%
NTB - Khánh Hòa,(KHO) Khánh Sơn,2026-09-16 - Thứ 4,63,98.40%
NTB - Khánh Hòa,(KHO) Cam Lâm 1,2026-09-27 - Chủ Nhật,63,98.40%
NTB - Khánh Hòa,(KHO) Bắc Cam Ranh,2026-09-19 - Thứ 7,63,66.70%
NTB - Khánh Hòa,(KHO) Vạn Ninh,2026-09-22 - Thứ 3,64,98.40%
NTB - Khánh Hòa,(KHO) Bắc Cam Ranh,2026-09-21 - Thứ 2,64,87.50%
NTB - Khánh Hòa,(KHO) Tây Nha Trang,2026-09-28 - Thứ 2,65,90.80%
NTB - Khánh Hòa,(KHO) Diên Khánh 1,2026-09-18 - Thứ 6,65,96.90%
NTB - Khánh Hòa,(KHO) Nam Nha Trang 3,2026-09-15 - Thứ 3,65,95.40%
NTB - Khánh Hòa,(KHO) Bắc Cam Ranh,2026-09-13 - Chủ Nhật,65,98.50%
NTB - Khánh Hòa,(KHO) Diên Khánh 1,2026-09-13 - Chủ Nhật,65,100.00%
NTB - Khánh Hòa,(KHO) Khánh Sơn,2026-09-13 - Chủ Nhật,65,100.00%
NTB - Khánh Hòa,(KHO) Nam Nha Trang 5,2026-09-14 - Thứ 2,65,98.50%
NTB - Khánh Hòa,(KHO) Khánh Vĩnh,2026-09-19 - Thứ 7,65,98.50%
NTB - Khánh Hòa,(KHO) Tân Định,2026-09-12 - Thứ 7,66,95.50%
NTB - Khánh Hòa,(KHO) Cam Lâm 1,2026-09-24 - Thứ 5,66,95.50%
NTB - Khánh Hòa,(KHO) Nam Nha Trang 5,2026-09-15 - Thứ 3,66,98.50%
NTB - Khánh Hòa,(KHO) Khánh Vĩnh,2026-09-13 - Chủ Nhật,66,93.90%
NTB - Khánh Hòa,(KHO) Nam Nha Trang 5,2026-09-12 - Thứ 7,67,98.50%
NTB - Khánh Hòa,(KHO) Diên Thọ,2026-09-15 - Thứ 3,67,95.50%
NTB - Khánh Hòa,(KHO) Khánh Sơn,2026-09-15 - Thứ 3,67,98.50%
NTB - Khánh Hòa,(KHO) Nam Nha Trang 5,2026-09-10 - Thứ 5,68,100.00%
NTB - Khánh Hòa,(KHO) Khánh Sơn,2026-09-14 - Thứ 2,68,95.60%
NTB - Khánh Hòa,(KHO) Nam Nha Trang 1,2026-09-29 - Thứ 3,69,87.00%
NTB - Khánh Hòa,(KHO) Khánh Vĩnh,2026-09-17 - Thứ 5,69,98.60%
NTB - Khánh Hòa,(KHO) Tân Định,2026-09-10 - Thứ 5,70,100.00%
NTB - Khánh Hòa,(KHO) Khánh Vĩnh,2026-09-18 - Thứ 6,70,98.60%
NTB - Khánh Hòa,(KHO) Tân Định,2026-09-23 - Thứ 4,70,100.00%
NTB - Khánh Hòa,(KHO) Nam Nha Trang 5,2026-09-17 - Thứ 5,70,97.10%
NTB - Khánh Hòa,(KHO) Tân Định,2026-09-21 - Thứ 2,71,95.80%
NTB - Khánh Hòa,(KHO) Nam Nha Trang 5,2026-09-26 - Thứ 7,71,98.60%
NTB - Khánh Hòa,(KHO) Khánh Sơn,2026-09-26 - Thứ 7,71,95.80%
NTB - Khánh Hòa,(KHO) Nha Trang,2026-09-12 - Thứ 7,72,90.30%
NTB - Khánh Hòa,(KHO) Bắc Nha Trang,2026-09-28 - Thứ 2,72,80.60%
NTB - Khánh Hòa,(KHO) Diên Thọ,2026-09-22 - Thứ 3,72,90.30%
NTB - Khánh Hòa,(KHO) Tu Bông,2026-09-21 - Thứ 2,72,98.60%
NTB - Khánh Hòa,(KHO) Nam Nha Trang 5,2026-09-21 - Thứ 2,72,98.60%
NTB - Khánh Hòa,(KHO) Cam Lâm 1,2026-09-26 - Thứ 7,72,97.20%
NTB - Khánh Hòa,(KHO) Diên Khánh 1,2026-09-27 - Chủ Nhật,73,95.90%
NTB - Khánh Hòa,(KHO) Nam Nha Trang 2,2026-09-20 - Chủ Nhật,75,81.30%
NTB - Khánh Hòa,(KHO) Diên Thọ,2026-09-19 - Thứ 7,75,90.70%
NTB - Khánh Hòa,(KHO) Cam Lâm 1,2026-10-03 - Thứ 7,76,94.70%
NTB - Khánh Hòa,(KHO) Nha Trang,2026-09-22 - Thứ 3,76,92.10%
NTB - Khánh Hòa,(KHO) Nha Trang,2026-09-15 - Thứ 3,76,82.90%
NTB - Khánh Hòa,(KHO) Nam Nha Trang 5,2026-09-23 - Thứ 4,76,100.00%
NTB - Khánh Hòa,(KHO) Khánh Vĩnh,2026-09-14 - Thứ 2,76,96.10%
NTB - Khánh Hòa,(KHO) Khánh Sơn,2026-09-19 - Thứ 7,76,94.70%
NTB - Khánh Hòa,(KHO) Diên Thọ,2026-09-10 - Thứ 5,77,97.40%
NTB - Khánh Hòa,(KHO) Khánh Sơn,2026-10-03 - Thứ 7,77,100.00%
NTB - Khánh Hòa,(KHO) Nam Nha Trang 3,2026-09-22 - Thứ 3,77,98.70%
NTB - Khánh Hòa,(KHO) Bắc Cam Ranh,2026-09-23 - Thứ 4,77,63.60%
NTB - Khánh Hòa,(KHO) Cam Lâm 1,2026-10-04 - Chủ Nhật,77,89.60%
NTB - Khánh Hòa,(KHO) Diên Thọ,2026-09-14 - Thứ 2,77,92.20%
NTB - Khánh Hòa,(KHO) Diên Khánh 1,2026-09-17 - Thứ 5,77,93.50%
NTB - Khánh Hòa,(KHO) Nha Trang,2026-09-19 - Thứ 7,78,84.60%
NTB - Khánh Hòa,(KHO) Bắc Cam Ranh,2026-09-10 - Thứ 5,79,96.20%
NTB - Khánh Hòa,(KHO) Bắc Cam Ranh,2026-09-20 - Chủ Nhật,79,82.30%
NTB - Khánh Hòa,(KHO) Nam Nha Trang 3,2026-09-20 - Chủ Nhật,79,93.70%
NTB - Khánh Hòa,(KHO) Khánh Sơn,2026-09-29 - Thứ 3,79,97.50%
NTB - Khánh Hòa,(KHO) Khánh Vĩnh,2026-10-02 - Thứ 6,79,100.00%
NTB - Khánh Hòa,(KHO) Khánh Sơn,2026-09-10 - Thứ 5,80,100.00%
NTB - Khánh Hòa,(KHO) Đông Ninh Hòa,2026-09-22 - Thứ 3,80,96.30%
NTB - Khánh Hòa,(KHO) Khánh Vĩnh,2026-09-26 - Thứ 7,80,97.50%
NTB - Khánh Hòa,(KHO) Diên Thọ,2026-09-23 - Thứ 4,80,95.00%
NTB - Khánh Hòa,(KHO) Cam Lâm 1,2026-10-05 - Thứ 2,80,96.30%
NTB - Khánh Hòa,(KHO) Bắc Cam Ranh,2026-09-11 - Thứ 6,81,95.10%
NTB - Khánh Hòa,(KHO) Nha Trang,2026-09-20 - Chủ Nhật,81,90.10%
NTB - Khánh Hòa,(KHO) Cam Lâm 1,2026-10-01 - Thứ 5,81,98.80%
NTB - Khánh Hòa,(KHO) Nha Trang,2026-09-13 - Chủ Nhật,82,86.60%
NTB - Khánh Hòa,(KHO) Nam Nha Trang 5,2026-09-18 - Thứ 6,83,97.60%
NTB - Khánh Hòa,(KHO) Cam Lâm 1,2026-09-18 - Thứ 6,83,92.80%
NTB - Khánh Hòa,(KHO) Cam Lâm 1,2026-09-22 - Thứ 3,83,75.90%
NTB - Khánh Hòa,(KHO) Tân Định,2026-09-16 - Thứ 4,83,98.80%
NTB - Khánh Hòa,(KHO) Tu Bông,2026-09-11 - Thứ 6,83,98.80%
NTB - Khánh Hòa,(KHO) Nam Nha Trang 1,2026-10-02 - Thứ 6,83,91.60%
NTB - Khánh Hòa,(KHO) Diên Khánh 1,2026-09-21 - Thứ 2,84,97.60%
NTB - Khánh Hòa,(KHO) Bắc Cam Ranh,2026-09-26 - Thứ 7,84,81.00%
NTB - Khánh Hòa,(KHO) Vạn Ninh,2026-09-15 - Thứ 3,84,89.30%
NTB - Khánh Hòa,(KHO) Khánh Vĩnh,2026-10-06 - Thứ 3,84,94.00%
NTB - Khánh Hòa,(KHO) Diên Khánh 1,2026-09-11 - Thứ 6,84,95.20%
NTB - Khánh Hòa,(KHO) Khánh Sơn,2026-09-11 - Thứ 6,84,91.70%
NTB - Khánh Hòa,(KHO) Khánh Vĩnh,2026-09-10 - Thứ 5,85,97.60%
NTB - Khánh Hòa,(KHO) Đông Ninh Hòa,2026-09-12 - Thứ 7,85,95.30%
NTB - Khánh Hòa,(KHO) Diên Thọ,2026-09-12 - Thứ 7,85,92.90%
NTB - Khánh Hòa,(KHO) Vạn Ninh,2026-09-21 - Thứ 2,85,95.30%
NTB - Khánh Hòa,(KHO) Khánh Sơn,2026-09-27 - Chủ Nhật,85,98.80%
NTB - Khánh Hòa,(KHO) Nam Nha Trang 5,2026-09-25 - Thứ 6,85,98.80%
NTB - Khánh Hòa,(KHO) Diên Thọ,2026-09-20 - Chủ Nhật,85,96.50%
NTB - Khánh Hòa,(KHO) Cam Lâm 1,2026-09-29 - Thứ 3,85,97.60%
NTB - Khánh Hòa,(KHO) Bắc Cam Ranh,2026-09-12 - Thứ 7,86,93.00%
NTB - Khánh Hòa,(KHO) Diên Khánh 1,2026-09-12 - Thứ 7,86,98.80%
NTB - Khánh Hòa,(KHO) Vạn Ninh,2026-09-17 - Thứ 5,86,96.50%
NTB - Khánh Hòa,(KHO) Nam Nha Trang 3,2026-09-21 - Thứ 2,87,94.30%
NTB - Khánh Hòa,(KHO) Nam Nha Trang 2,2026-09-23 - Thứ 4,87,72.40%
NTB - Khánh Hòa,(KHO) Tân Định,2026-09-27 - Chủ Nhật,87,96.60%
NTB - Khánh Hòa,(KHO) Diên Thọ,2026-09-13 - Chủ Nhật,87,96.60%
NTB - Khánh Hòa,(KHO) Diên Thọ,2026-10-06 - Thứ 3,87,90.80%
NTB - Khánh Hòa,(KHO) Nam Nha Trang 2,2026-09-11 - Thứ 6,87,93.10%
NTB - Khánh Hòa,(KHO) Cam Lâm 2,2026-09-21 - Thứ 2,88,95.50%
NTB - Khánh Hòa,(KHO) Tân Định,2026-09-13 - Chủ Nhật,88,95.50%
NTB - Khánh Hòa,(KHO) Nam Nha Trang 3,2026-09-13 - Chủ Nhật,88,96.60%
NTB - Khánh Hòa,(KHO) Tân Định,2026-09-17 - Thứ 5,88,97.70%
NTB - Khánh Hòa,(KHO) Khánh Sơn,2026-09-12 - Thứ 7,89,97.80%
NTB - Khánh Hòa,(KHO) Cam Lâm 1,2026-09-12 - Thứ 7,89,93.30%
NTB - Khánh Hòa,(KHO) Bắc Cam Ranh,2026-09-14 - Thứ 2,89,92.10%
NTB - Khánh Hòa,(KHO) Nam Nha Trang 3,2026-09-17 - Thứ 5,89,98.90%
NTB - Khánh Hòa,(KHO) Bắc Cam Ranh,2026-09-24 - Thứ 5,90,68.90%
NTB - Khánh Hòa,(KHO) Khánh Vĩnh,2026-09-24 - Thứ 5,90,98.90%
NTB - Khánh Hòa,(KHO) Khánh Sơn,2026-10-05 - Thứ 2,90,96.70%
NTB - Khánh Hòa,(KHO) Đông Ninh Hòa,2026-09-16 - Thứ 4,90,98.90%
NTB - Khánh Hòa,(KHO) Cam Lâm 1,2026-09-13 - Chủ Nhật,90,95.60%
NTB - Khánh Hòa,(KHO) Tân Định,2026-09-11 - Thứ 6,90,96.70%
NTB - Khánh Hòa,(KHO) Nam Nha Trang 3,2026-09-11 - Thứ 6,90,97.80%
NTB - Khánh Hòa,(KHO) Nam Nha Trang 5,2026-09-24 - Thứ 5,91,98.90%
NTB - Khánh Hòa,(KHO) Nam Nha Trang 2,2026-09-21 - Thứ 2,91,74.70%
NTB - Khánh Hòa,(KHO) Cam Lâm 2,2026-09-15 - Thứ 3,91,93.40%
NTB - Khánh Hòa,(KHO) Vạn Ninh,2026-09-23 - Thứ 4,91,97.80%
NTB - Khánh Hòa,(KHO) Khánh Vĩnh,2026-09-27 - Chủ Nhật,91,96.70%
NTB - Khánh Hòa,(KHO) Nam Nha Trang 3,2026-09-27 - Chủ Nhật,91,87.90%
NTB - Khánh Hòa,(KHO) Nha Trang,2026-09-11 - Thứ 6,91,92.30%
NTB - Khánh Hòa,(KHO) Diên Thọ,2026-09-17 - Thứ 5,91,100.00%
NTB - Khánh Hòa,(KHO) Khánh Sơn,2026-10-01 - Thứ 5,91,98.90%
NTB - Khánh Hòa,(KHO) Vạn Ninh,2026-09-12 - Thứ 7,92,91.30%
NTB - Khánh Hòa,(KHO) Nam Nha Trang 3,2026-09-12 - Thứ 7,92,100.00%
NTB - Khánh Hòa,(KHO) Nam Nha Trang 2,2026-09-22 - Thứ 3,92,66.30%
NTB - Khánh Hòa,(KHO) Diên Khánh 1,2026-09-24 - Thứ 5,92,97.80%
NTB - Khánh Hòa,(KHO) Nha Trang,2026-09-23 - Thứ 4,92,90.20%
NTB - Khánh Hòa,(KHO) Khánh Vĩnh,2026-10-05 - Thứ 2,92,92.40%
NTB - Khánh Hòa,(KHO) Vạn Ninh,2026-09-11 - Thứ 6,92,92.40%
NTB - Khánh Hòa,(KHO) Nha Trang,2026-09-14 - Thứ 2,92,88.00%
NTB - Khánh Hòa,(KHO) Diên Khánh 1,2026-09-19 - Thứ 7,92,90.20%
NTB - Khánh Hòa,(KHO) Cam Lâm 1,2026-09-10 - Thứ 5,93,91.40%
NTB - Khánh Hòa,(KHO) Tân Định,2026-09-26 - Thứ 7,93,97.80%
NTB - Khánh Hòa,(KHO) Tân Định,2026-09-29 - Thứ 3,93,94.60%
NTB - Khánh Hòa,(KHO) Tân Định,2026-09-19 - Thứ 7,93,96.80%
NTB - Khánh Hòa,(KHO) Diên Khánh 1,2026-09-10 - Thứ 5,94,100.00%
NTB - Khánh Hòa,(KHO) Diên Khánh 1,2026-09-23 - Thứ 4,94,97.90%
NTB - Khánh Hòa,(KHO) Diên Khánh 1,2026-09-16 - Thứ 4,94,94.70%
NTB - Khánh Hòa,(KHO) Nam Nha Trang 1,2026-09-22 - Thứ 3,95,91.60%
NTB - Khánh Hòa,(KHO) Khánh Vĩnh,2026-09-29 - Thứ 3,95,92.60%
NTB - Khánh Hòa,(KHO) Tu Bông,2026-09-14 - Thứ 2,95,95.80%
NTB - Khánh Hòa,(KHO) Khánh Vĩnh,2026-09-28 - Thứ 2,96,100.00%
NTB - Khánh Hòa,(KHO) Tu Bông,2026-09-15 - Thứ 3,96,100.00%
NTB - Khánh Hòa,(KHO) Nam Nha Trang 2,2026-09-13 - Chủ Nhật,97,90.70%
NTB - Khánh Hòa,(KHO) Cam Lâm 2,2026-09-19 - Thứ 7,97,94.80%
NTB - Khánh Hòa,(KHO) Đông Ninh Hòa,2026-09-18 - Thứ 6,98,90.80%
NTB - Khánh Hòa,(KHO) Đông Ninh Hòa,2026-09-15 - Thứ 3,98,89.80%
NTB - Khánh Hòa,(KHO) Cam Lâm 1,2026-09-11 - Thứ 6,98,91.80%
NTB - Khánh Hòa,(KHO) Vạn Ninh,2026-09-28 - Thứ 2,99,93.90%
NTB - Khánh Hòa,(KHO) Diên Thọ,2026-09-24 - Thứ 5,99,94.90%
NTB - Khánh Hòa,(KHO) Vạn Ninh,2026-09-16 - Thứ 4,99,97.00%
NTB - Khánh Hòa,(KHO) Diên Thọ,2026-09-11 - Thứ 6,99,97.00%
NTB - Khánh Hòa,(KHO) Nha Trang,2026-09-18 - Thứ 6,100,93.00%
NTB - Khánh Hòa,(KHO) Nam Nha Trang 3,2026-09-23 - Thứ 4,100,98.00%
NTB - Khánh Hòa,(KHO) Nha Trang,2026-09-16 - Thứ 4,101,96.00%
NTB - Khánh Hòa,(KHO) Nam Nha Trang 3,2026-09-19 - Thứ 7,101,96.00%
NTB - Khánh Hòa,(KHO) Nam Nha Trang 3,2026-09-10 - Thứ 5,102,100.00%
NTB - Khánh Hòa,(KHO) Nam Nha Trang 1,2026-09-28 - Thứ 2,102,92.20%
NTB - Khánh Hòa,(KHO) Vạn Ninh,2026-09-18 - Thứ 6,102,95.10%
NTB - Khánh Hòa,(KHO) Diên Thọ,2026-09-18 - Thứ 6,102,94.10%
NTB - Khánh Hòa,(KHO) Cam Lâm 1,2026-09-15 - Thứ 3,102,86.30%
NTB - Khánh Hòa,(KHO) Diên Thọ,2026-09-29 - Thứ 3,102,99.00%
NTB - Khánh Hòa,(KHO) Nam Nha Trang 3,2026-09-18 - Thứ 6,103,98.10%
NTB - Khánh Hòa,(KHO) Cam Lâm 2,2026-09-22 - Thứ 3,103,90.30%
NTB - Khánh Hòa,(KHO) Cam Lâm 1,2026-10-07 - Thứ 4,103,86.40%
NTB - Khánh Hòa,(KHO) Nha Trang,2026-09-21 - Thứ 2,103,87.40%
NTB - Khánh Hòa,(KHO) Bắc Cam Ranh,2026-09-16 - Thứ 4,103,98.10%
NTB - Khánh Hòa,(KHO) Cam Lâm 1,2026-10-06 - Thứ 3,103,78.60%
NTB - Khánh Hòa,(KHO) Khánh Sơn,2026-10-06 - Thứ 3,103,98.10%
NTB - Khánh Hòa,(KHO) Cam Lâm 1,2026-09-20 - Chủ Nhật,103,77.70%
NTB - Khánh Hòa,(KHO) Vạn Ninh,2026-09-20 - Chủ Nhật,103,97.10%
NTB - Khánh Hòa,(KHO) Cam Lâm 2,2026-09-12 - Thứ 7,104,97.10%
NTB - Khánh Hòa,(KHO) Cam Lâm 1,2026-09-28 - Thứ 2,104,92.30%
NTB - Khánh Hòa,(KHO) Cam Lâm 1,2026-09-14 - Thứ 2,104,89.40%
NTB - Khánh Hòa,(KHO) Diên Khánh 1,2026-09-14 - Thứ 2,104,92.30%
NTB - Khánh Hòa,(KHO) Vạn Ninh,2026-09-19 - Thứ 7,104,96.20%
NTB - Khánh Hòa,(KHO) Nha Trang,2026-10-03 - Thứ 7,105,92.40%
NTB - Khánh Hòa,(KHO) Tu Bông,2026-09-26 - Thứ 7,105,95.20%
NTB - Khánh Hòa,(KHO) Vạn Ninh,2026-09-27 - Chủ Nhật,105,99.00%
NTB - Khánh Hòa,(KHO) Khánh Sơn,2026-10-04 - Chủ Nhật,105,96.20%
NTB - Khánh Hòa,(KHO) Diên Khánh 2,2026-09-21 - Thứ 2,106,93.40%
NTB - Khánh Hòa,(KHO) Tu Bông,2026-09-23 - Thứ 4,106,98.10%
NTB - Khánh Hòa,(KHO) Tu Bông,2026-09-20 - Chủ Nhật,106,97.20%
NTB - Khánh Hòa,(KHO) Nha Trang,2026-09-17 - Thứ 5,106,89.60%
NTB - Khánh Hòa,(KHO) Tu Bông,2026-09-12 - Thứ 7,107,97.20%
NTB - Khánh Hòa,(KHO) Tân Định,2026-10-03 - Thứ 7,107,96.30%
NTB - Khánh Hòa,(KHO) Tây Nha Trang,2026-09-27 - Chủ Nhật,107,94.40%
NTB - Khánh Hòa,(KHO) Khánh Vĩnh,2026-09-25 - Thứ 6,107,100.00%
NTB - Khánh Hòa,(KHO) Khánh Sơn,2026-09-25 - Thứ 6,107,100.00%
NTB - Khánh Hòa,(KHO) Đông Ninh Hòa,2026-09-11 - Thứ 6,107,91.60%
NTB - Khánh Hòa,(KHO) Đông Ninh Hòa,2026-09-19 - Thứ 7,107,96.30%
NTB - Khánh Hòa,(KHO) Nha Trang,2026-09-10 - Thứ 5,108,89.80%
NTB - Khánh Hòa,(KHO) Tân Định,2026-09-28 - Thứ 2,108,97.20%
NTB - Khánh Hòa,(KHO) Tu Bông,2026-09-18 - Thứ 6,108,99.10%
NTB - Khánh Hòa,(KHO) Tây Nha Trang,2026-09-13 - Chủ Nhật,108,69.40%
NTB - Khánh Hòa,(KHO) Cam Lâm 1,2026-09-25 - Thứ 6,108,95.40%
NTB - Khánh Hòa,(KHO) Tu Bông,2026-09-17 - Thứ 5,108,97.20%
NTB - Khánh Hòa,(KHO) Khánh Vĩnh,2026-10-01 - Thứ 5,108,98.10%
NTB - Khánh Hòa,(KHO) Nha Trang,2026-09-26 - Thứ 7,109,94.50%
NTB - Khánh Hòa,(KHO) Nha Trang,2026-09-27 - Chủ Nhật,109,90.80%
NTB - Khánh Hòa,(KHO) Đông Ninh Hòa,2026-09-21 - Thứ 2,110,92.70%
NTB - Khánh Hòa,(KHO) Diên Thọ,2026-09-26 - Thứ 7,110,93.60%
NTB - Khánh Hòa,(KHO) Diên Thọ,2026-10-04 - Chủ Nhật,110,97.30%
NTB - Khánh Hòa,(KHO) Tân Định,2026-09-14 - Thứ 2,110,97.30%
NTB - Khánh Hòa,(KHO) Diên Thọ,2026-09-16 - Thứ 4,111,94.60%
NTB - Khánh Hòa,(KHO) Nha Trang,2026-10-04 - Chủ Nhật,111,91.90%
NTB - Khánh Hòa,(KHO) Nha Trang,2026-10-01 - Thứ 5,111,90.10%
NTB - Khánh Hòa,(KHO) Diên Thọ,2026-09-28 - Thứ 2,112,95.50%
NTB - Khánh Hòa,(KHO) Bắc Cam Ranh,2026-09-25 - Thứ 6,112,90.20%
NTB - Khánh Hòa,(KHO) Vạn Ninh,2026-09-14 - Thứ 2,112,95.50%
NTB - Khánh Hòa,(KHO) Nam Nha Trang 3,2026-09-14 - Thứ 2,112,91.10%
NTB - Khánh Hòa,(KHO) Tân Định,2026-10-01 - Thứ 5,112,96.40%
NTB - Khánh Hòa,(KHO) Vạn Ninh,2026-09-13 - Chủ Nhật,113,87.60%
NTB - Khánh Hòa,(KHO) Tân Định,2026-10-04 - Chủ Nhật,113,98.20%
NTB - Khánh Hòa,(KHO) Nam Nha Trang 2,2026-09-19 - Thứ 7,113,84.10%
NTB - Khánh Hòa,(KHO) Tây Nha Trang,2026-09-12 - Thứ 7,114,83.30%
NTB - Khánh Hòa,(KHO) Tu Bông,2026-09-16 - Thứ 4,114,99.10%
NTB - Khánh Hòa,(KHO) Đông Ninh Hòa,2026-09-20 - Chủ Nhật,114,93.00%
NTB - Khánh Hòa,(KHO) Cam Lâm 2,2026-09-20 - Chủ Nhật,114,96.50%
NTB - Khánh Hòa,(KHO) Cam Lâm 1,2026-09-17 - Thứ 5,114,95.60%
NTB - Khánh Hòa,(KHO) Tu Bông,2026-09-19 - Thứ 7,114,95.60%
NTB - Khánh Hòa,(KHO) Tu Bông,2026-09-24 - Thứ 5,115,98.30%
NTB - Khánh Hòa,(KHO) Nha Trang,2026-09-24 - Thứ 5,115,89.60%
NTB - Khánh Hòa,(KHO) Nam Nha Trang 1,2026-09-15 - Thứ 3,115,89.60%
NTB - Khánh Hòa,(KHO) Cam Lâm 1,2026-09-30 - Thứ 4,115,96.50%
NTB - Khánh Hòa,(KHO) Tây Nha Trang,2026-09-10 - Thứ 5,116,83.60%
NTB - Khánh Hòa,(KHO) Tân Định,2026-10-07 - Thứ 4,116,98.30%
NTB - Khánh Hòa,(KHO) Nam Nha Trang 3,2026-09-16 - Thứ 4,116,96.60%
NTB - Khánh Hòa,(KHO) Nam Nha Trang 2,2026-09-14 - Thứ 2,116,92.20%
NTB - Khánh Hòa,(KHO) Đông Ninh Hòa,2026-09-23 - Thứ 4,117,94.00%
NTB - Khánh Hòa,(KHO) Vạn Ninh,2026-09-26 - Thứ 7,118,96.60%
NTB - Khánh Hòa,(KHO) Tây Nha Trang,2026-09-15 - Thứ 3,118,47.50%
NTB - Khánh Hòa,(KHO) Cam Lâm 2,2026-09-23 - Thứ 4,118,98.30%
NTB - Khánh Hòa,(KHO) Nam Nha Trang 2,2026-09-16 - Thứ 4,118,88.10%
NTB - Khánh Hòa,(KHO) Cam Linh,2026-09-13 - Chủ Nhật,118,70.30%
NTB - Khánh Hòa,(KHO) Tân Định,2026-10-06 - Thứ 3,118,98.30%
NTB - Khánh Hòa,(KHO) Nam Nha Trang 2,2026-09-10 - Thứ 5,120,98.30%
NTB - Khánh Hòa,(KHO) Nam Nha Trang 2,2026-10-03 - Thứ 7,120,99.20%
NTB - Khánh Hòa,(KHO) Đông Ninh Hòa,2026-09-13 - Chủ Nhật,120,97.50%
NTB - Khánh Hòa,(KHO) Tu Bông,2026-10-04 - Chủ Nhật,120,95.80%
NTB - Khánh Hòa,(KHO) Diên Khánh 1,2026-09-25 - Thứ 6,120,95.00%
NTB - Khánh Hòa,(KHO) Khánh Sơn,2026-10-07 - Thứ 4,121,97.50%
NTB - Khánh Hòa,(KHO) Nam Nha Trang 1,2026-09-21 - Thứ 2,121,94.20%
NTB - Khánh Hòa,(KHO) Khánh Vĩnh,2026-10-04 - Chủ Nhật,121,90.90%
NTB - Khánh Hòa,(KHO) Tân Định,2026-09-30 - Thứ 4,121,100.00%
NTB - Khánh Hòa,(KHO) Tân Định,2026-09-25 - Thứ 6,121,98.30%
NTB - Khánh Hòa,(KHO) Tây Nha Trang,2026-09-14 - Thứ 2,121,82.60%
NTB - Khánh Hòa,(KHO) Khánh Sơn,2026-10-02 - Thứ 6,121,99.20%
NTB - Khánh Hòa,(KHO) Tu Bông,2026-09-10 - Thứ 5,122,95.90%
NTB - Khánh Hòa,(KHO) Khánh Vĩnh,2026-09-30 - Thứ 4,122,98.40%
NTB - Khánh Hòa,(KHO) Tân Định,2026-10-05 - Thứ 2,123,96.70%
NTB - Khánh Hòa,(KHO) Nam Nha Trang 2,2026-09-30 - Thứ 4,123,97.60%
NTB - Khánh Hòa,(KHO) Diên Thọ,2026-09-25 - Thứ 6,123,99.20%
NTB - Khánh Hòa,(KHO) Nam Nha Trang 2,2026-09-15 - Thứ 3,124,82.30%
NTB - Khánh Hòa,(KHO) Khánh Vĩnh,2026-10-07 - Thứ 4,125,95.20%
NTB - Khánh Hòa,(KHO) Tu Bông,2026-10-05 - Thứ 2,125,92.80%
NTB - Khánh Hòa,(KHO) Vạn Ninh,2026-10-04 - Chủ Nhật,125,99.20%
NTB - Khánh Hòa,(KHO) Khánh Sơn,2026-09-30 - Thứ 4,125,99.20%
NTB - Khánh Hòa,(KHO) Cam Lâm 1,2026-10-02 - Thứ 6,125,94.40%
NTB - Khánh Hòa,(KHO) Nam Nha Trang 2,2026-09-28 - Thứ 2,126,85.70%
NTB - Khánh Hòa,(KHO) Cam Linh,2026-09-19 - Thứ 7,127,74.00%
NTB - Khánh Hòa,(KHO) Nam Nha Trang 3,2026-09-24 - Thứ 5,128,99.20%
NTB - Khánh Hòa,(KHO) Nam Nha Trang 2,2026-10-04 - Chủ Nhật,128,100.00%
NTB - Khánh Hòa,(KHO) Diên Khánh 2,2026-09-22 - Thứ 3,129,91.50%
NTB - Khánh Hòa,(KHO) Tân Định,2026-09-24 - Thứ 5,129,97.70%
NTB - Khánh Hòa,(KHO) Nam Nha Trang 3,2026-09-25 - Thứ 6,129,96.90%
NTB - Khánh Hòa,(KHO) Cam Lâm 2,2026-09-16 - Thứ 4,130,93.10%
NTB - Khánh Hòa,(KHO) Nha Trang,2026-10-06 - Thứ 3,130,90.00%
NTB - Khánh Hòa,(KHO) Nha Trang,2026-09-25 - Thứ 6,130,95.40%
NTB - Khánh Hòa,(KHO) Cam Linh,2026-09-11 - Thứ 6,130,87.70%
NTB - Khánh Hòa,(KHO) Diên Khánh 2,2026-09-20 - Chủ Nhật,130,94.60%
NTB - Khánh Hòa,(KHO) Nam Nha Trang 2,2026-09-17 - Thứ 5,130,85.40%
NTB - Khánh Hòa,(KHO) Diên Thọ,2026-10-03 - Thứ 7,131,95.40%
NTB - Khánh Hòa,(KHO) Vạn Ninh,2026-09-24 - Thứ 5,131,97.70%
NTB - Khánh Hòa,(KHO) Nam Nha Trang 3,2026-09-26 - Thứ 7,131,95.40%
NTB - Khánh Hòa,(KHO) Cam Lâm 2,2026-09-11 - Thứ 6,131,95.40%
NTB - Khánh Hòa,(KHO) Nha Trang,2026-09-28 - Thứ 2,132,89.40%
NTB - Khánh Hòa,(KHO) Tu Bông,2026-09-13 - Chủ Nhật,132,90.20%
NTB - Khánh Hòa,(KHO) Vạn Ninh,2026-09-10 - Thứ 5,133,97.00%
NTB - Khánh Hòa,(KHO) Tân Định,2026-10-02 - Thứ 6,133,94.70%
NTB - Khánh Hòa,(KHO) Đông Ninh Hòa,2026-09-17 - Thứ 5,133,96.20%
NTB - Khánh Hòa,(KHO) Nam Nha Trang 2,2026-09-27 - Chủ Nhật,134,90.30%
NTB - Khánh Hòa,(KHO) Nha Trang,2026-09-29 - Thứ 3,134,80.60%
NTB - Khánh Hòa,(KHO) Nam Nha Trang 2,2026-09-29 - Thứ 3,134,94.00%
NTB - Khánh Hòa,(KHO) Đông Ninh Hòa,2026-09-14 - Thứ 2,134,96.30%
NTB - Khánh Hòa,(KHO) Nam Nha Trang 2,2026-09-18 - Thứ 6,135,91.90%
NTB - Khánh Hòa,(KHO) Nam Nha Trang 1,2026-09-20 - Chủ Nhật,135,97.00%
NTB - Khánh Hòa,(KHO) Tây Nha Trang,2026-09-17 - Thứ 5,135,69.60%
NTB - Khánh Hòa,(KHO) Nam Nha Trang 1,2026-09-19 - Thứ 7,135,96.30%
NTB - Khánh Hòa,(KHO) Cam Linh,2026-09-22 - Thứ 3,136,40.40%
NTB - Khánh Hòa,(KHO) Nam Nha Trang 2,2026-10-07 - Thứ 4,136,95.60%
NTB - Khánh Hòa,(KHO) Diên Khánh 1,2026-09-26 - Thứ 7,136,96.30%
NTB - Khánh Hòa,(KHO) Cam Linh,2026-09-15 - Thứ 3,136,69.90%
NTB - Khánh Hòa,(KHO) Đông Ninh Hòa,2026-10-06 - Thứ 3,136,92.60%
NTB - Khánh Hòa,(KHO) Ninh Hòa 2,2026-09-22 - Thứ 3,137,94.90%
NTB - Khánh Hòa,(KHO) Vạn Ninh,2026-09-25 - Thứ 6,137,98.50%
NTB - Khánh Hòa,(KHO) Nam Nha Trang 2,2026-09-12 - Thứ 7,138,95.70%
NTB - Khánh Hòa,(KHO) Cam Lâm 2,2026-09-26 - Thứ 7,138,93.50%
NTB - Khánh Hòa,(KHO) Diên Thọ,2026-09-27 - Chủ Nhật,138,96.40%
NTB - Khánh Hòa,(KHO) Nam Nha Trang 2,2026-10-06 - Thứ 3,138,94.90%
NTB - Khánh Hòa,(KHO) Diên Khánh 2,2026-09-15 - Thứ 3,139,87.10%
NTB - Khánh Hòa,(KHO) Bắc Nha Trang,2026-09-27 - Chủ Nhật,139,95.00%
NTB - Khánh Hòa,(KHO) Tây Nha Trang,2026-09-18 - Thứ 6,140,75.70%
NTB - Khánh Hòa,(KHO) Ninh Hòa 2,2026-09-15 - Thứ 3,140,95.00%
NTB - Khánh Hòa,(KHO) Nha Trang,2026-10-05 - Thứ 2,140,93.60%
NTB - Khánh Hòa,(KHO) Cam Lâm 2,2026-09-10 - Thứ 5,141,97.90%
NTB - Khánh Hòa,(KHO) Diên Khánh 2,2026-09-11 - Thứ 6,141,92.90%
NTB - Khánh Hòa,(KHO) Nam Nha Trang 2,2026-10-02 - Thứ 6,141,98.60%
NTB - Khánh Hòa,(KHO) Đông Ninh Hòa,2026-09-10 - Thứ 5,142,100.00%
NTB - Khánh Hòa,(KHO) Đông Ninh Hòa,2026-09-26 - Thứ 7,142,97.20%
NTB - Khánh Hòa,(KHO) Tây Nha Trang,2026-09-16 - Thứ 4,142,60.60%
NTB - Khánh Hòa,(KHO) Tu Bông,2026-09-30 - Thứ 4,142,99.30%
NTB - Khánh Hòa,(KHO) Tây Nha Trang,2026-09-11 - Thứ 6,142,85.20%
NTB - Khánh Hòa,(KHO) Cam Linh,2026-09-17 - Thứ 5,142,76.80%
NTB - Khánh Hòa,(KHO) Tu Bông,2026-09-28 - Thứ 2,143,97.20%
NTB - Khánh Hòa,(KHO) Cam Lâm 2,2026-09-24 - Thứ 5,143,97.90%
NTB - Khánh Hòa,(KHO) Diên Khánh 2,2026-09-19 - Thứ 7,143,97.90%
NTB - Khánh Hòa,(KHO) Cam Linh,2026-09-10 - Thứ 5,144,90.30%
NTB - Khánh Hòa,(KHO) Tu Bông,2026-10-03 - Thứ 7,144,95.10%
NTB - Khánh Hòa,(KHO) Nam Nha Trang 2,2026-09-24 - Thứ 5,145,88.30%
NTB - Khánh Hòa,(KHO) Nam Nha Trang 2,2026-10-05 - Thứ 2,145,97.90%
NTB - Khánh Hòa,(KHO) Nam Nha Trang 1,2026-09-27 - Chủ Nhật,145,91.70%
NTB - Khánh Hòa,(KHO) Cam Lâm 2,2026-09-18 - Thứ 6,146,99.30%
NTB - Khánh Hòa,(KHO) Tu Bông,2026-09-27 - Chủ Nhật,146,98.60%
NTB - Khánh Hòa,(KHO) Vạn Ninh,2026-10-07 - Thứ 4,147,96.60%
NTB - Khánh Hòa,(KHO) Tây Nha Trang,2026-09-20 - Chủ Nhật,147,74.10%
NTB - Khánh Hòa,(KHO) Đông Ninh Hòa,2026-09-28 - Thứ 2,148,97.30%
NTB - Khánh Hòa,(KHO) Cam Lâm 2,2026-09-14 - Thứ 2,149,97.30%
NTB - Khánh Hòa,(KHO) Vạn Ninh,2026-10-03 - Thứ 7,150,94.70%
NTB - Khánh Hòa,(KHO) Nam Nha Trang 1,2026-09-14 - Thứ 2,151,96.00%
NTB - Khánh Hòa,(KHO) Đông Ninh Hòa,2026-09-24 - Thứ 5,152,96.70%
NTB - Khánh Hòa,(KHO) Diên Thọ,2026-09-30 - Thứ 4,152,97.40%
NTB - Khánh Hòa,(KHO) Đông Ninh Hòa,2026-10-05 - Thứ 2,153,95.40%
NTB - Khánh Hòa,(KHO) Diên Khánh 2,2026-09-13 - Chủ Nhật,154,91.60%
NTB - Khánh Hòa,(KHO) Diên Khánh 2,2026-09-14 - Thứ 2,154,92.90%
NTB - Khánh Hòa,(KHO) Vạn Ninh,2026-10-05 - Thứ 2,155,95.50%
NTB - Khánh Hòa,(KHO) Cam Lâm 2,2026-09-13 - Chủ Nhật,155,98.10%
NTB - Khánh Hòa,(KHO) Vạn Ninh,2026-10-06 - Thứ 3,155,97.40%
NTB - Khánh Hòa,(KHO) Tây Nha Trang,2026-09-19 - Thứ 7,155,70.30%
NTB - Khánh Hòa,(KHO) Nha Trang,2026-10-02 - Thứ 6,156,96.80%
NTB - Khánh Hòa,(KHO) Cam Lâm 2,2026-09-28 - Thứ 2,158,96.80%
NTB - Khánh Hòa,(KHO) Đông Ninh Hòa,2026-10-04 - Chủ Nhật,158,96.80%
NTB - Khánh Hòa,(KHO) Cam Lâm 2,2026-10-06 - Thứ 3,158,95.60%
NTB - Khánh Hòa,(KHO) Nha Trang,2026-09-30 - Thứ 4,158,93.70%
NTB - Khánh Hòa,(KHO) Diên Khánh 2,2026-09-16 - Thứ 4,159,96.20%
NTB - Khánh Hòa,(KHO) Bắc Nha Trang,2026-09-22 - Thứ 3,160,96.90%
NTB - Khánh Hòa,(KHO) Tây Nha Trang,2026-09-26 - Thứ 7,160,96.30%
NTB - Khánh Hòa,(KHO) Diên Thọ,2026-10-05 - Thứ 2,160,97.50%
NTB - Khánh Hòa,(KHO) Nam Nha Trang 1,2026-09-16 - Thứ 4,160,94.40%
NTB - Khánh Hòa,(KHO) Ninh Hòa 2,2026-09-20 - Chủ Nhật,161,93.20%
NTB - Khánh Hòa,(KHO) Ninh Hòa 2,2026-09-11 - Thứ 6,162,95.10%
NTB - Khánh Hòa,(KHO) Cam Lâm 2,2026-09-29 - Thứ 3,162,96.90%
NTB - Khánh Hòa,(KHO) Tu Bông,2026-09-29 - Thứ 3,163,98.80%
NTB - Khánh Hòa,(KHO) Diên Khánh 2,2026-09-23 - Thứ 4,165,90.30%
NTB - Khánh Hòa,(KHO) Nam Nha Trang 1,2026-09-11 - Thứ 6,165,98.20%
NTB - Khánh Hòa,(KHO) Đông Ninh Hòa,2026-09-29 - Thứ 3,165,97.00%
NTB - Khánh Hòa,(KHO) Đông Ninh Hòa,2026-09-27 - Chủ Nhật,166,90.40%
NTB - Khánh Hòa,(KHO) Tu Bông,2026-10-06 - Thứ 3,166,94.60%
NTB - Khánh Hòa,(KHO) Vạn Ninh,2026-10-01 - Thứ 5,166,98.20%
NTB - Khánh Hòa,(KHO) Diên Khánh 2,2026-09-12 - Thứ 7,167,92.20%
NTB - Khánh Hòa,(KHO) Nha Trang,2026-10-07 - Thứ 4,167,90.40%
NTB - Khánh Hòa,(KHO) Tu Bông,2026-10-02 - Thứ 6,167,95.20%
NTB - Khánh Hòa,(KHO) Tây Nha Trang,2026-09-22 - Thứ 3,168,72.00%
NTB - Khánh Hòa,(KHO) Diên Thọ,2026-10-07 - Thứ 4,168,94.60%
NTB - Khánh Hòa,(KHO) Diên Khánh 2,2026-09-17 - Thứ 5,168,98.20%
NTB - Khánh Hòa,(KHO) Ninh Hòa 2,2026-09-19 - Thứ 7,168,94.60%
NTB - Khánh Hòa,(KHO) Cam Linh,2026-09-14 - Thứ 2,169,81.10%
NTB - Khánh Hòa,(KHO) Diên Thọ,2026-10-02 - Thứ 6,169,99.40%
NTB - Khánh Hòa,(KHO) Vạn Ninh,2026-09-30 - Thứ 4,170,100.00%
NTB - Khánh Hòa,(KHO) Diên Thọ,2026-10-01 - Thứ 5,170,96.50%
NTB - Khánh Hòa,(KHO) Cam Lâm 2,2026-09-27 - Chủ Nhật,171,91.20%
NTB - Khánh Hòa,(KHO) Vạn Ninh,2026-09-29 - Thứ 3,171,98.20%
NTB - Khánh Hòa,(KHO) Nam Nha Trang 1,2026-09-23 - Thứ 4,172,94.20%
NTB - Khánh Hòa,(KHO) Cam Lâm 2,2026-10-03 - Thứ 7,173,97.10%
NTB - Khánh Hòa,(KHO) Cam Linh,2026-09-18 - Thứ 6,173,72.80%
NTB - Khánh Hòa,(KHO) Cam Linh,2026-09-12 - Thứ 7,174,79.90%
NTB - Khánh Hòa,(KHO) Đông Ninh Hòa,2026-09-25 - Thứ 6,174,96.00%
NTB - Khánh Hòa,(KHO) Nam Nha Trang 2,2026-10-01 - Thứ 5,174,98.90%
NTB - Khánh Hòa,(KHO) Nam Nha Trang 1,2026-09-18 - Thứ 6,176,97.20%
NTB - Khánh Hòa,(KHO) Ninh Hòa 2,2026-09-12 - Thứ 7,177,97.20%
NTB - Khánh Hòa,(KHO) Diên Khánh 2,2026-09-10 - Thứ 5,178,91.00%
NTB - Khánh Hòa,(KHO) Diên Khánh 2,2026-09-18 - Thứ 6,180,98.30%
NTB - Khánh Hòa,(KHO) Nam Nha Trang 1,2026-09-13 - Chủ Nhật,180,96.70%
NTB - Khánh Hòa,(KHO) Nam Nha Trang 1,2026-09-17 - Thứ 5,180,96.70%
NTB - Khánh Hòa,(KHO) Cam Linh,2026-09-20 - Chủ Nhật,181,56.40%
NTB - Khánh Hòa,(KHO) Vạn Ninh,2026-10-02 - Thứ 6,181,97.80%
NTB - Khánh Hòa,(KHO) Tu Bông,2026-10-07 - Thứ 4,182,97.30%
NTB - Khánh Hòa,(KHO) Cam Linh,2026-09-16 - Thứ 4,182,58.20%
NTB - Khánh Hòa,(KHO) Diên Khánh 2,2026-10-04 - Chủ Nhật,182,97.30%
NTB - Khánh Hòa,(KHO) Ninh Hòa 2,2026-09-18 - Thứ 6,183,96.20%
NTB - Khánh Hòa,(KHO) Cam Lâm 2,2026-09-17 - Thứ 5,183,96.70%
NTB - Khánh Hòa,(KHO) Đông Ninh Hòa,2026-09-30 - Thứ 4,184,98.90%
NTB - Khánh Hòa,(KHO) Nam Nha Trang 2,2026-09-25 - Thứ 6,184,79.90%
NTB - Khánh Hòa,(KHO) Nam Nha Trang 1,2026-09-10 - Thứ 5,185,96.80%
NTB - Khánh Hòa,(KHO) Diên Khánh 2,2026-09-24 - Thứ 5,185,89.20%
NTB - Khánh Hòa,(KHO) Cam Lâm 2,2026-10-04 - Chủ Nhật,185,95.70%
NTB - Khánh Hòa,(KHO) Cam Lâm 2,2026-09-25 - Thứ 6,186,96.80%
NTB - Khánh Hòa,(KHO) Ninh Hòa 2,2026-09-16 - Thứ 4,187,96.80%
NTB - Khánh Hòa,(KHO) Diên Khánh 2,2026-10-03 - Thứ 7,188,98.40%
NTB - Khánh Hòa,(KHO) Đông Ninh Hòa,2026-10-07 - Thứ 4,190,95.80%
NTB - Khánh Hòa,(KHO) Ninh Hòa 2,2026-09-21 - Thứ 2,190,94.20%
NTB - Khánh Hòa,(KHO) Diên Khánh 2,2026-10-06 - Thứ 3,190,94.20%
NTB - Khánh Hòa,(KHO) Tu Bông,2026-09-25 - Thứ 6,190,97.90%
NTB - Khánh Hòa,(KHO) Nam Nha Trang 1,2026-09-12 - Thứ 7,194,96.40%
NTB - Khánh Hòa,(KHO) Nam Nha Trang 1,2026-09-26 - Thứ 7,195,94.90%
NTB - Khánh Hòa,(KHO) Diên Khánh 2,2026-09-27 - Chủ Nhật,195,98.50%
NTB - Khánh Hòa,(KHO) Đông Ninh Hòa,2026-10-02 - Thứ 6,195,96.40%
NTB - Khánh Hòa,(KHO) Ninh Hòa 2,2026-09-14 - Thứ 2,196,96.90%
NTB - Khánh Hòa,(KHO) Cam Lâm 2,2026-10-01 - Thứ 5,196,98.50%
NTB - Khánh Hòa,(KHO) Tây Nha Trang,2026-09-21 - Thứ 2,197,73.10%
NTB - Khánh Hòa,(KHO) Nam Nha Trang 2,2026-09-26 - Thứ 7,197,83.80%
NTB - Khánh Hòa,(KHO) Tu Bông,2026-10-01 - Thứ 5,197,99.00%
NTB - Khánh Hòa,(KHO) Ninh Hòa 2,2026-09-23 - Thứ 4,202,97.50%
NTB - Khánh Hòa,(KHO) Diên Khánh 2,2026-09-28 - Thứ 2,203,92.10%
NTB - Khánh Hòa,(KHO) Diên Khánh 2,2026-09-26 - Thứ 7,204,96.10%
NTB - Khánh Hòa,(KHO) Cam Lâm 2,2026-09-30 - Thứ 4,207,97.10%
NTB - Khánh Hòa,(KHO) Ninh Hòa 2,2026-09-10 - Thứ 5,208,94.70%
NTB - Khánh Hòa,(KHO) Bắc Nha Trang,2026-09-21 - Thứ 2,208,95.20%
NTB - Khánh Hòa,(KHO) Ninh Hòa 2,2026-09-13 - Chủ Nhật,210,93.80%
NTB - Khánh Hòa,(KHO) Tây Nha Trang,2026-09-23 - Thứ 4,213,76.10%
NTB - Khánh Hòa,(KHO) Đông Ninh Hòa,2026-10-03 - Thứ 7,214,95.30%
NTB - Khánh Hòa,(KHO) Diên Khánh 2,2026-10-02 - Thứ 6,214,99.10%
NTB - Khánh Hòa,(KHO) Nam Nha Trang 1,2026-09-24 - Thứ 5,217,95.40%
NTB - Khánh Hòa,(KHO) Bắc Nha Trang,2026-09-11 - Thứ 6,218,98.20%
NTB - Khánh Hòa,(KHO) Cam Linh,2026-09-21 - Thứ 2,219,53.40%
NTB - Khánh Hòa,(KHO) Cam Lâm 2,2026-10-05 - Thứ 2,219,96.30%
NTB - Khánh Hòa,(KHO) Đông Ninh Hòa,2026-10-01 - Thứ 5,219,96.80%
NTB - Khánh Hòa,(KHO) Ninh Hòa 2,2026-09-17 - Thứ 5,220,95.90%
NTB - Khánh Hòa,(KHO) Cam Lâm 2,2026-10-02 - Thứ 6,222,94.60%
NTB - Khánh Hòa,(KHO) Diên Khánh 2,2026-09-29 - Thứ 3,223,91.00%
NTB - Khánh Hòa,(KHO) Ninh Hòa 2,2026-09-28 - Thứ 2,224,98.20%
NTB - Khánh Hòa,(KHO) Ninh Hòa 2,2026-09-27 - Chủ Nhật,226,97.80%
NTB - Khánh Hòa,(KHO) Nam Nha Trang 1,2026-09-25 - Thứ 6,234,98.30%
NTB - Khánh Hòa,(KHO) Cam Lâm 2,2026-10-07 - Thứ 4,237,94.50%
NTB - Khánh Hòa,(KHO) Diên Khánh 2,2026-09-25 - Thứ 6,237,94.10%
NTB - Khánh Hòa,(KHO) Ninh Hòa 2,2026-09-26 - Thứ 7,238,96.60%
NTB - Khánh Hòa,(KHO) Bắc Nha Trang,2026-09-12 - Thứ 7,240,94.60%
NTB - Khánh Hòa,(KHO) Diên Khánh 2,2026-10-05 - Thứ 2,240,96.70%
NTB - Khánh Hòa,(KHO) Diên Khánh 2,2026-10-01 - Thứ 5,244,98.80%
NTB - Khánh Hòa,(KHO) Bắc Nha Trang,2026-09-20 - Chủ Nhật,246,96.30%
NTB - Khánh Hòa,(KHO) Diên Khánh 2,2026-10-07 - Thứ 4,247,98.40%
NTB - Khánh Hòa,(KHO) Tây Nha Trang,2026-09-24 - Thứ 5,251,90.00%
NTB - Khánh Hòa,(KHO) Ninh Hòa 2,2026-09-24 - Thứ 5,252,99.20%
NTB - Khánh Hòa,(KHO) Bắc Nha Trang,2026-09-16 - Thứ 4,253,95.70%
NTB - Khánh Hòa,(KHO) Tây Nha Trang,2026-09-25 - Thứ 6,258,97.30%
NTB - Khánh Hòa,(KHO) Ninh Hòa 2,2026-09-29 - Thứ 3,259,99.20%
NTB - Khánh Hòa,(KHO) Ninh Hòa 2,2026-09-25 - Thứ 6,261,98.90%
NTB - Khánh Hòa,(KHO) Bắc Nha Trang,2026-09-10 - Thứ 5,263,97.00%
NTB - Khánh Hòa,(KHO) Ninh Hòa 2,2026-10-04 - Chủ Nhật,265,99.20%
NTB - Khánh Hòa,(KHO) Bắc Nha Trang,2026-09-14 - Thứ 2,269,92.90%
NTB - Khánh Hòa,(KHO) Bắc Nha Trang,2026-09-23 - Thứ 4,271,98.50%
NTB - Khánh Hòa,(KHO) Bắc Nha Trang,2026-09-17 - Thứ 5,271,98.90%
NTB - Khánh Hòa,(KHO) Ninh Hòa 2,2026-10-05 - Thứ 2,272,98.90%
NTB - Khánh Hòa,(KHO) Bắc Nha Trang,2026-09-15 - Thứ 3,273,90.80%
NTB - Khánh Hòa,(KHO) Bắc Nha Trang,2026-09-13 - Chủ Nhật,273,92.30%
NTB - Khánh Hòa,(KHO) Diên Khánh 2,2026-09-30 - Thứ 4,274,98.90%
NTB - Khánh Hòa,(KHO) Ninh Hòa 2,2026-10-06 - Thứ 3,287,93.00%
NTB - Khánh Hòa,(KHO) Bắc Nha Trang,2026-09-19 - Thứ 7,288,97.20%
NTB - Khánh Hòa,(KHO) Bắc Nha Trang,2026-09-18 - Thứ 6,289,93.10%
NTB - Khánh Hòa,(KHO) Ninh Hòa 2,2026-10-03 - Thứ 7,300,94.70%
NTB - Khánh Hòa,(KHO) Ninh Hòa 2,2026-10-02 - Thứ 6,307,98.70%
NTB - Khánh Hòa,(KHO) Bắc Nha Trang,2026-09-26 - Thứ 7,316,97.80%
NTB - Khánh Hòa,(KHO) Ninh Hòa 2,2026-10-07 - Thứ 4,322,95.70%
NTB - Khánh Hòa,(KHO) Ninh Hòa 2,2026-09-30 - Thứ 4,323,98.10%
NTB - Khánh Hòa,(KHO) Ninh Hòa 2,2026-10-01 - Thứ 5,324,95.40%
NTB - Khánh Hòa,(KHO) Bắc Nha Trang,2026-09-24 - Thứ 5,342,98.50%
NTB - Khánh Hòa,(KHO) Bắc Nha Trang,2026-09-25 - Thứ 6,421,98.60%
NTB - Bình Thuận,(BTH) Phú Quý,2026-09-28 - Thứ 2,2,100.00%
NTB - Bình Thuận,(BTH) Phú Quý,2026-09-21 - Thứ 2,41,97.60%
NTB - Bình Thuận,(BTH) Phú Quý,2026-09-30 - Thứ 4,41,100.00%
NTB - Bình Thuận,(BTH) Phú Quý,2026-09-13 - Chủ Nhật,43,100.00%
NTB - Bình Thuận,(BTH) Hàm Thuận Nam,2026-09-13 - Chủ Nhật,46,100.00%
NTB - Bình Thuận,(BTH) Phú Quý,2026-09-12 - Thứ 7,48,100.00%
NTB - Bình Thuận,(BTH) Hàm Thuận Nam,2026-09-22 - Thứ 3,49,93.90%
NTB - Bình Thuận,(BTH) Hàm Thuận Nam,2026-09-16 - Thứ 4,49,93.90%
NTB - Bình Thuận,(BTH) Hàm Thuận Nam,2026-09-18 - Thứ 6,50,100.00%
NTB - Bình Thuận,(BTH) Tân Hải,2026-09-21 - Thứ 2,50,100.00%
NTB - Bình Thuận,(BTH) Phú Quý,2026-09-15 - Thứ 3,50,98.00%
NTB - Bình Thuận,(BTH) Phú Quý,2026-09-16 - Thứ 4,50,100.00%
NTB - Bình Thuận,(BTH) Hàm Thuận Nam,2026-09-20 - Chủ Nhật,52,98.10%
NTB - Bình Thuận,(BTH) Phú Quý,2026-09-23 - Thứ 4,55,98.20%
NTB - Bình Thuận,(BTH) Phú Quý,2026-09-10 - Thứ 5,56,100.00%
NTB - Bình Thuận,(BTH) Hàm Thuận Nam,2026-09-21 - Thứ 2,59,96.60%
NTB - Bình Thuận,(BTH) Hàm Thuận Nam,2026-09-27 - Chủ Nhật,59,96.60%
NTB - Bình Thuận,(BTH) Phú Quý,2026-09-22 - Thứ 3,62,98.40%
NTB - Bình Thuận,(BTH) Phú Quý,2026-09-11 - Thứ 6,62,100.00%
NTB - Bình Thuận,(BTH) Phú Quý,2026-09-20 - Chủ Nhật,62,98.40%
NTB - Bình Thuận,(BTH) Phan Rí Cửa,2026-09-23 - Thứ 4,63,100.00%
NTB - Bình Thuận,(BTH) Phú Quý,2026-09-14 - Thứ 2,64,100.00%
NTB - Bình Thuận,(BTH) Hàm Thuận Nam,2026-09-24 - Thứ 5,65,95.40%
NTB - Bình Thuận,(BTH) Phú Quý,2026-09-19 - Thứ 7,65,100.00%
NTB - Bình Thuận,(BTH) Hàm Thuận Nam,2026-09-23 - Thứ 4,66,92.40%
NTB - Bình Thuận,(BTH) Hàm Thuận Nam,2026-09-17 - Thứ 5,66,93.90%
NTB - Bình Thuận,(BTH) Phú Quý,2026-09-17 - Thứ 5,66,98.50%
NTB - Bình Thuận,(BTH) Hàm Thuận Nam,2026-09-10 - Thứ 5,68,98.50%
NTB - Bình Thuận,(BTH) Hàm Thuận Nam,2026-10-07 - Thứ 4,68,100.00%
NTB - Bình Thuận,(BTH) Hàm Thuận Nam,2026-09-11 - Thứ 6,68,97.10%
NTB - Bình Thuận,(BTH) Phú Quý,2026-09-18 - Thứ 6,69,100.00%
NTB - Bình Thuận,(BTH) Phú Quý,2026-10-05 - Thứ 2,69,100.00%
NTB - Bình Thuận,(BTH) Hàm Thuận Nam,2026-09-14 - Thứ 2,69,92.80%
NTB - Bình Thuận,(BTH) Hàm Thuận Nam,2026-09-19 - Thứ 7,69,92.80%
NTB - Bình Thuận,(BTH) Hàm Thuận Nam,2026-09-12 - Thứ 7,70,95.70%
NTB - Bình Thuận,(BTH) Hàm Thuận Nam,2026-10-05 - Thứ 2,70,97.10%
NTB - Bình Thuận,(BTH) Mũi Né,2026-09-21 - Thứ 2,72,98.60%
NTB - Bình Thuận,(BTH) Lương Sơn,2026-09-23 - Thứ 4,72,97.20%
NTB - Bình Thuận,(BTH) Phú Quý,2026-10-04 - Chủ Nhật,72,98.60%
NTB - Bình Thuận,(BTH) Phú Quý,2026-09-25 - Thứ 6,72,100.00%
NTB - Bình Thuận,(BTH) Tân Hải,2026-09-17 - Thứ 5,72,100.00%
NTB - Bình Thuận,(BTH) Hàm Thuận Nam,2026-10-01 - Thứ 5,73,97.30%
NTB - Bình Thuận,(BTH) Phú Quý,2026-10-07 - Thứ 4,75,100.00%
NTB - Bình Thuận,(BTH) Lương Sơn,2026-09-19 - Thứ 7,75,98.70%
NTB - Bình Thuận,(BTH) Hàm Thuận Nam,2026-09-28 - Thứ 2,77,96.10%
NTB - Bình Thuận,(BTH) Mũi Né,2026-09-22 - Thứ 3,77,100.00%
NTB - Bình Thuận,(BTH) Phú Quý,2026-09-24 - Thứ 5,79,98.70%
NTB - Bình Thuận,(BTH) Lương Sơn,2026-09-16 - Thứ 4,79,96.20%
NTB - Bình Thuận,(BTH) Hàm Thuận Nam,2026-10-04 - Chủ Nhật,79,96.20%
NTB - Bình Thuận,(BTH) Lương Sơn,2026-09-20 - Chủ Nhật,79,100.00%
NTB - Bình Thuận,(BTH) Mũi Né,2026-09-14 - Thứ 2,79,96.20%
NTB - Bình Thuận,(BTH) Tân Hải,2026-09-14 - Thứ 2,79,98.70%
NTB - Bình Thuận,(BTH) Phan Rí Cửa,2026-09-21 - Thứ 2,81,97.50%
NTB - Bình Thuận,(BTH) Tân Hải,2026-09-13 - Chủ Nhật,81,93.80%
NTB - Bình Thuận,(BTH) Phú Quý,2026-10-06 - Thứ 3,81,100.00%
NTB - Bình Thuận,(BTH) Mũi Né,2026-09-12 - Thứ 7,83,92.80%
NTB - Bình Thuận,(BTH) Phú Quý,2026-09-27 - Chủ Nhật,83,100.00%
NTB - Bình Thuận,(BTH) Mũi Né,2026-09-10 - Thứ 5,84,94.00%
NTB - Bình Thuận,(BTH) Lương Sơn,2026-09-12 - Thứ 7,84,95.20%
NTB - Bình Thuận,(BTH) Hàm Thuận Nam,2026-09-15 - Thứ 3,84,98.80%
NTB - Bình Thuận,(BTH) Lương Sơn,2026-09-28 - Thứ 2,85,96.50%
NTB - Bình Thuận,(BTH) Tân Hải,2026-09-22 - Thứ 3,85,98.80%
NTB - Bình Thuận,(BTH) Tân Hải,2026-10-05 - Thứ 2,85,95.30%
NTB - Bình Thuận,(BTH) Hàm Thuận Nam,2026-09-29 - Thứ 3,85,97.60%
NTB - Bình Thuận,(BTH) Hàm Thuận Nam,2026-10-03 - Thứ 7,86,91.90%
NTB - Bình Thuận,(BTH) Lương Sơn,2026-09-22 - Thứ 3,86,96.50%
NTB - Bình Thuận,(BTH) Hàm Liêm,2026-09-24 - Thứ 5,86,94.20%
NTB - Bình Thuận,(BTH) Lương Sơn,2026-09-15 - Thứ 3,87,93.10%
NTB - Bình Thuận,(BTH) Lương Sơn,2026-09-21 - Thứ 2,88,90.90%
NTB - Bình Thuận,(BTH) Mũi Né,2026-09-16 - Thứ 4,88,98.90%
NTB - Bình Thuận,(BTH) Mũi Né,2026-10-05 - Thứ 2,90,96.70%
NTB - Bình Thuận,(BTH) Tân Hải,2026-09-19 - Thứ 7,91,98.90%
NTB - Bình Thuận,(BTH) Lương Sơn,2026-09-10 - Thứ 5,92,96.70%
NTB - Bình Thuận,(BTH) Phú Quý,2026-09-26 - Thứ 7,92,100.00%
NTB - Bình Thuận,(BTH) Phan Rí Cửa,2026-09-17 - Thứ 5,92,98.90%
NTB - Bình Thuận,(BTH) Lương Sơn,2026-09-17 - Thứ 5,92,93.50%
NTB - Bình Thuận,(BTH) Mũi Né,2026-09-23 - Thứ 4,93,100.00%
NTB - Bình Thuận,(BTH) Lương Sơn,2026-09-13 - Chủ Nhật,93,93.50%
NTB - Bình Thuận,(BTH) Hàm Thuận Nam,2026-09-30 - Thứ 4,93,96.80%
NTB - Bình Thuận,(BTH) Hàm Tân,2026-09-20 - Chủ Nhật,93,96.80%
NTB - Bình Thuận,(BTH) Tân Hải,2026-09-10 - Thứ 5,94,95.70%
NTB - Bình Thuận,(BTH) Tân Hải,2026-09-23 - Thứ 4,94,100.00%
NTB - Bình Thuận,(BTH) Lương Sơn,2026-10-05 - Thứ 2,94,96.80%
NTB - Bình Thuận,(BTH) Hàm Tân,2026-09-16 - Thứ 4,94,95.70%
NTB - Bình Thuận,(BTH) Hàm Liêm,2026-09-20 - Chủ Nhật,94,92.60%
NTB - Bình Thuận,(BTH) Tân Hải,2026-09-15 - Thứ 3,95,98.90%
NTB - Bình Thuận,(BTH) Phan Rí Cửa,2026-09-11 - Thứ 6,95,96.80%
NTB - Bình Thuận,(BTH) Lương Sơn,2026-09-14 - Thứ 2,95,90.50%
NTB - Bình Thuận,(BTH) Phú Quý,2026-10-01 - Thứ 5,95,98.90%
NTB - Bình Thuận,(BTH) Hàm Liêm,2026-09-23 - Thứ 4,96,96.90%
NTB - Bình Thuận,(BTH) Phan Rí Cửa,2026-09-16 - Thứ 4,96,97.90%
NTB - Bình Thuận,(BTH) Bắc Bình,2026-09-20 - Chủ Nhật,96,95.80%
NTB - Bình Thuận,(BTH) Hàm Tân,2026-09-19 - Thứ 7,96,95.80%
NTB - Bình Thuận,(BTH) Tân Hải,2026-09-18 - Thứ 6,97,99.00%
NTB - Bình Thuận,(BTH) Bắc Bình,2026-09-23 - Thứ 4,97,99.00%
NTB - Bình Thuận,(BTH) Lương Sơn,2026-09-25 - Thứ 6,97,92.80%
NTB - Bình Thuận,(BTH) Mũi Né,2026-09-19 - Thứ 7,97,94.80%
NTB - Bình Thuận,(BTH) Hàm Thuận Nam,2026-09-26 - Thứ 7,98,99.00%
NTB - Bình Thuận,(BTH) Hàm Thuận Nam,2026-09-25 - Thứ 6,98,95.90%
NTB - Bình Thuận,(BTH) Mũi Né,2026-09-20 - Chủ Nhật,98,99.00%
NTB - Bình Thuận,(BTH) Tân Hải,2026-09-20 - Chủ Nhật,98,100.00%
NTB - Bình Thuận,(BTH) Bắc Bình,2026-09-17 - Thứ 5,98,99.00%
NTB - Bình Thuận,(BTH) Mũi Né,2026-09-11 - Thứ 6,99,98.00%
NTB - Bình Thuận,(BTH) Phú Quý,2026-10-03 - Thứ 7,100,99.00%
NTB - Bình Thuận,(BTH) Hàm Liêm,2026-09-13 - Chủ Nhật,100,91.00%
NTB - Bình Thuận,(BTH) Lương Sơn,2026-09-11 - Thứ 6,100,92.00%
NTB - Bình Thuận,(BTH) Hàm Tân,2026-09-14 - Thứ 2,100,94.00%
NTB - Bình Thuận,(BTH) Bắc Bình,2026-09-12 - Thứ 7,101,97.00%
NTB - Bình Thuận,(BTH) Hàm Tân,2026-09-23 - Thứ 4,101,95.00%
NTB - Bình Thuận,(BTH) Hàm Tân,2026-09-12 - Thứ 7,102,89.20%
NTB - Bình Thuận,(BTH) Phan Rí Cửa,2026-09-12 - Thứ 7,102,97.10%
NTB - Bình Thuận,(BTH) Mũi Né,2026-09-18 - Thứ 6,102,97.10%
NTB - Bình Thuận,(BTH) Lương Sơn,2026-09-27 - Chủ Nhật,102,97.10%
NTB - Bình Thuận,(BTH) Lương Sơn,2026-09-18 - Thứ 6,103,96.10%
NTB - Bình Thuận,(BTH) Bắc Bình,2026-10-05 - Thứ 2,103,99.00%
NTB - Bình Thuận,(BTH) Tân Hải,2026-09-12 - Thứ 7,104,97.10%
NTB - Bình Thuận,(BTH) Hàm Tân,2026-10-05 - Thứ 2,104,98.10%
NTB - Bình Thuận,(BTH) Mũi Né,2026-09-15 - Thứ 3,105,97.10%
NTB - Bình Thuận,(BTH) Phan Rí Cửa,2026-10-07 - Thứ 4,106,97.20%
NTB - Bình Thuận,(BTH) Bắc Bình,2026-09-16 - Thứ 4,106,98.10%
NTB - Bình Thuận,(BTH) Hàm Thuận Nam,2026-10-06 - Thứ 3,106,98.10%
NTB - Bình Thuận,(BTH) Hàm Thuận Nam,2026-10-02 - Thứ 6,106,93.40%
NTB - Bình Thuận,(BTH) Lương Sơn,2026-10-03 - Thứ 7,107,99.10%
NTB - Bình Thuận,(BTH) Bắc Bình,2026-09-22 - Thứ 3,107,98.10%
NTB - Bình Thuận,(BTH) Hàm Tân,2026-09-11 - Thứ 6,107,96.30%
NTB - Bình Thuận,(BTH) Hàm Tân,2026-09-22 - Thứ 3,108,95.40%
NTB - Bình Thuận,(BTH) Hàm Tân,2026-09-21 - Thứ 2,108,98.10%
NTB - Bình Thuận,(BTH) Lương Sơn,2026-09-26 - Thứ 7,108,100.00%
NTB - Bình Thuận,(BTH) Hàm Liêm,2026-09-15 - Thứ 3,108,94.40%
NTB - Bình Thuận,(BTH) Tân Hải,2026-09-16 - Thứ 4,108,99.10%
NTB - Bình Thuận,(BTH) Phan Rí Cửa,2026-09-13 - Chủ Nhật,108,99.10%
NTB - Bình Thuận,(BTH) Bắc Bình,2026-09-14 - Thứ 2,108,94.40%
NTB - Bình Thuận,(BTH) Phan Rí Cửa,2026-10-05 - Thứ 2,109,96.30%
NTB - Bình Thuận,(BTH) Lương Sơn,2026-09-30 - Thứ 4,109,98.20%
NTB - Bình Thuận,(BTH) Phan Rí Cửa,2026-09-14 - Thứ 2,109,100.00%
NTB - Bình Thuận,(BTH) Hàm Tân,2026-09-17 - Thứ 5,109,94.50%
NTB - Bình Thuận,(BTH) Mũi Né,2026-09-24 - Thứ 5,110,98.20%
NTB - Bình Thuận,(BTH) Hàm Tân,2026-09-15 - Thứ 3,111,85.60%
NTB - Bình Thuận,(BTH) Mũi Né,2026-09-17 - Thứ 5,111,97.30%
NTB - Bình Thuận,(BTH) Hàm Thắng,2026-09-21 - Thứ 2,112,94.60%
NTB - Bình Thuận,(BTH) Phan Rí Cửa,2026-09-15 - Thứ 3,112,98.20%
NTB - Bình Thuận,(BTH) Mũi Né,2026-09-13 - Chủ Nhật,112,98.20%
NTB - Bình Thuận,(BTH) Phú Quý,2026-10-02 - Thứ 6,113,100.00%
NTB - Bình Thuận,(BTH) Mũi Né,2026-09-28 - Thứ 2,114,94.70%
NTB - Bình Thuận,(BTH) Tân Hải,2026-09-28 - Thứ 2,114,99.10%
NTB - Bình Thuận,(BTH) Tân Hải,2026-09-24 - Thứ 5,114,98.20%
NTB - Bình Thuận,(BTH) Phú Thủy,2026-09-21 - Thứ 2,115,98.30%
NTB - Bình Thuận,(BTH) Phú Thủy,2026-09-15 - Thứ 3,115,99.10%
NTB - Bình Thuận,(BTH) Hàm Tân,2026-09-13 - Chủ Nhật,115,95.70%
NTB - Bình Thuận,(BTH) Mũi Né,2026-09-25 - Thứ 6,115,96.50%
NTB - Bình Thuận,(BTH) Phan Rí Cửa,2026-09-10 - Thứ 5,116,97.40%
NTB - Bình Thuận,(BTH) Phú Thủy,2026-09-20 - Chủ Nhật,116,97.40%
NTB - Bình Thuận,(BTH) Bắc Bình,2026-09-19 - Thứ 7,116,97.40%
NTB - Bình Thuận,(BTH) Phan Rí Cửa,2026-09-19 - Thứ 7,116,98.30%
NTB - Bình Thuận,(BTH) Hàm Liêm,2026-09-10 - Thứ 5,117,94.90%
NTB - Bình Thuận,(BTH) Lương Sơn,2026-10-04 - Chủ Nhật,117,96.60%
NTB - Bình Thuận,(BTH) Tân Hải,2026-09-25 - Thứ 6,117,96.60%
NTB - Bình Thuận,(BTH) Lương Sơn,2026-10-07 - Thứ 4,118,97.50%
NTB - Bình Thuận,(BTH) Tân Hải,2026-10-07 - Thứ 4,118,99.20%
NTB - Bình Thuận,(BTH) Liên Hương,2026-09-16 - Thứ 4,118,97.50%
NTB - Bình Thuận,(BTH) Mũi Né,2026-09-27 - Chủ Nhật,118,100.00%
NTB - Bình Thuận,(BTH) Mũi Né,2026-10-01 - Thứ 5,118,95.80%
NTB - Bình Thuận,(BTH) Hàm Tân,2026-09-10 - Thứ 5,119,95.80%
NTB - Bình Thuận,(BTH) Bắc Bình,2026-09-13 - Chủ Nhật,119,98.30%
NTB - Bình Thuận,(BTH) Tân Hải,2026-09-11 - Thứ 6,119,100.00%
NTB - Bình Thuận,(BTH) Liên Hương,2026-09-14 - Thứ 2,119,96.60%
NTB - Bình Thuận,(BTH) Bắc Bình,2026-09-21 - Thứ 2,120,95.00%
NTB - Bình Thuận,(BTH) Tân Hải,2026-09-26 - Thứ 7,120,98.30%
NTB - Bình Thuận,(BTH) Phú Thủy,2026-09-12 - Thứ 7,121,98.30%
NTB - Bình Thuận,(BTH) Bắc Bình,2026-09-28 - Thứ 2,121,97.50%
NTB - Bình Thuận,(BTH) Lương Sơn,2026-10-02 - Thứ 6,121,99.20%
NTB - Bình Thuận,(BTH) Hàm Thắng,2026-09-17 - Thứ 5,121,95.90%
NTB - Bình Thuận,(BTH) Hàm Thắng,2026-09-12 - Thứ 7,122,97.50%
NTB - Bình Thuận,(BTH) Hàm Liêm,2026-09-22 - Thứ 3,123,97.60%
NTB - Bình Thuận,(BTH) Lương Sơn,2026-09-24 - Thứ 5,124,95.20%
NTB - Bình Thuận,(BTH) Phước Hội,2026-09-21 - Thứ 2,124,100.00%
NTB - Bình Thuận,(BTH) Hàm Liêm,2026-09-14 - Thứ 2,124,93.50%
NTB - Bình Thuận,(BTH) Tân Hải,2026-10-03 - Thứ 7,125,97.60%
NTB - Bình Thuận,(BTH) Đồng Kho,2026-09-22 - Thứ 3,125,96.00%
NTB - Bình Thuận,(BTH) Hàm Tân,2026-10-07 - Thứ 4,125,96.80%
NTB - Bình Thuận,(BTH) Bắc Bình,2026-09-15 - Thứ 3,125,99.20%
NTB - Bình Thuận,(BTH) Hàm Liêm,2026-09-16 - Thứ 4,125,99.20%
NTB - Bình Thuận,(BTH) Hàm Thắng,2026-09-13 - Chủ Nhật,125,99.20%
NTB - Bình Thuận,(BTH) Lương Sơn,2026-10-06 - Thứ 3,125,96.00%
NTB - Bình Thuận,(BTH) Tân Hải,2026-09-29 - Thứ 3,125,100.00%
NTB - Bình Thuận,(BTH) Hàm Liêm,2026-09-18 - Thứ 6,126,95.20%
NTB - Bình Thuận,(BTH) Hàm Tân,2026-09-18 - Thứ 6,126,96.80%
NTB - Bình Thuận,(BTH) Hàm Thắng,2026-09-22 - Thứ 3,126,98.40%
NTB - Bình Thuận,(BTH) Phan Rí Cửa,2026-09-22 - Thứ 3,126,99.20%
NTB - Bình Thuận,(BTH) Liên Hương,2026-09-15 - Thứ 3,126,96.00%
NTB - Bình Thuận,(BTH) Hàm Thắng,2026-09-23 - Thứ 4,126,99.20%
NTB - Bình Thuận,(BTH) Hàm Liêm,2026-09-17 - Thứ 5,126,96.80%
NTB - Bình Thuận,(BTH) Phan Rí Cửa,2026-09-18 - Thứ 6,127,98.40%
NTB - Bình Thuận,(BTH) Phú Thủy,2026-09-22 - Thứ 3,127,100.00%
NTB - Bình Thuận,(BTH) Hàm Tân,2026-09-26 - Thứ 7,127,95.30%
NTB - Bình Thuận,(BTH) Phú Quý,2026-09-29 - Thứ 3,127,96.10%
NTB - Bình Thuận,(BTH) Hàm Thắng,2026-09-14 - Thứ 2,127,95.30%
NTB - Bình Thuận,(BTH) Mũi Né,2026-10-07 - Thứ 4,129,99.20%
NTB - Bình Thuận,(BTH) Tân Hải,2026-09-27 - Chủ Nhật,129,96.10%
NTB - Bình Thuận,(BTH) Lương Sơn,2026-09-29 - Thứ 3,129,97.70%
NTB - Bình Thuận,(BTH) Bắc Bình,2026-09-10 - Thứ 5,130,97.70%
NTB - Bình Thuận,(BTH) Liên Hương,2026-09-22 - Thứ 3,130,93.10%
NTB - Bình Thuận,(BTH) Hàm Thắng,2026-09-19 - Thứ 7,130,98.50%
NTB - Bình Thuận,(BTH) Liên Hương,2026-09-13 - Chủ Nhật,131,98.50%
NTB - Bình Thuận,(BTH) Hàm Liêm,2026-09-25 - Thứ 6,131,96.20%
NTB - Bình Thuận,(BTH) Đồng Kho,2026-09-20 - Chủ Nhật,131,90.80%
NTB - Bình Thuận,(BTH) Hàm Tân,2026-10-02 - Thứ 6,131,100.00%
NTB - Bình Thuận,(BTH) Liên Hương,2026-09-19 - Thứ 7,131,93.90%
NTB - Bình Thuận,(BTH) Bắc Bình,2026-09-27 - Chủ Nhật,132,99.20%
NTB - Bình Thuận,(BTH) Tân Hải,2026-10-01 - Thứ 5,132,98.50%
NTB - Bình Thuận,(BTH) Tân Hải,2026-10-04 - Chủ Nhật,133,96.20%
NTB - Bình Thuận,(BTH) Bắc Bình,2026-09-18 - Thứ 6,134,99.30%
NTB - Bình Thuận,(BTH) Phan Rí Cửa,2026-09-24 - Thứ 5,134,99.30%
NTB - Bình Thuận,(BTH) Phan Rí Cửa,2026-09-26 - Thứ 7,134,94.80%
NTB - Bình Thuận,(BTH) Hàm Tân,2026-09-25 - Thứ 6,134,94.00%
NTB - Bình Thuận,(BTH) Bắc Bình,2026-09-11 - Thứ 6,134,97.80%
NTB - Bình Thuận,(BTH) Bắc Bình,2026-09-24 - Thứ 5,135,97.80%
NTB - Bình Thuận,(BTH) Phan Rí Cửa,2026-09-30 - Thứ 4,135,97.80%
NTB - Bình Thuận,(BTH) Phú Thủy,2026-09-14 - Thứ 2,135,97.80%
NTB - Bình Thuận,(BTH) Liên Hương,2026-09-12 - Thứ 7,136,97.10%
NTB - Bình Thuận,(BTH) Hàm Liêm,2026-10-04 - Chủ Nhật,136,97.80%
NTB - Bình Thuận,(BTH) Phan Rí Cửa,2026-10-01 - Thứ 5,136,97.80%
NTB - Bình Thuận,(BTH) Hàm Liêm,2026-09-12 - Thứ 7,137,94.20%
NTB - Bình Thuận,(BTH) Tân Hải,2026-09-30 - Thứ 4,137,97.10%
NTB - Bình Thuận,(BTH) Lương Sơn,2026-10-01 - Thứ 5,137,94.20%
NTB - Bình Thuận,(BTH) Mũi Né,2026-10-03 - Thứ 7,138,96.40%
NTB - Bình Thuận,(BTH) Hàm Thắng,2026-09-20 - Chủ Nhật,138,99.30%
NTB - Bình Thuận,(BTH) Phú Thủy,2026-09-16 - Thứ 4,139,95.00%
NTB - Bình Thuận,(BTH) Tuyên Quang,2026-09-20 - Chủ Nhật,139,92.80%
NTB - Bình Thuận,(BTH) Phan Rí Cửa,2026-09-27 - Chủ Nhật,140,97.90%
NTB - Bình Thuận,(BTH) Hàm Liêm,2026-09-11 - Thứ 6,140,96.40%
NTB - Bình Thuận,(BTH) Phan Rí Cửa,2026-09-20 - Chủ Nhật,141,97.90%
NTB - Bình Thuận,(BTH) Liên Hương,2026-09-10 - Thứ 5,143,98.60%
NTB - Bình Thuận,(BTH) Bắc Bình,2026-10-03 - Thứ 7,143,95.80%
NTB - Bình Thuận,(BTH) Hàm Thắng,2026-10-05 - Thứ 2,143,92.30%
NTB - Bình Thuận,(BTH) Bắc Bình,2026-10-04 - Chủ Nhật,143,97.90%
NTB - Bình Thuận,(BTH) Đồng Kho,2026-09-14 - Thứ 2,143,97.90%
NTB - Bình Thuận,(BTH) Mũi Né,2026-10-02 - Thứ 6,143,97.90%
NTB - Bình Thuận,(BTH) Hàm Tân,2026-09-24 - Thứ 5,144,96.50%
NTB - Bình Thuận,(BTH) Mũi Né,2026-09-26 - Thứ 7,144,96.50%
NTB - Bình Thuận,(BTH) Mũi Né,2026-10-04 - Chủ Nhật,144,100.00%
NTB - Bình Thuận,(BTH) Liên Hương,2026-10-06 - Thứ 3,144,98.60%
NTB - Bình Thuận,(BTH) Liên Hương,2026-09-20 - Chủ Nhật,144,97.20%
NTB - Bình Thuận,(BTH) Hàm Tân,2026-10-04 - Chủ Nhật,145,98.60%
NTB - Bình Thuận,(BTH) Đồng Kho,2026-09-15 - Thứ 3,146,92.50%
NTB - Bình Thuận,(BTH) Hàm Thắng,2026-09-16 - Thứ 4,146,96.60%
NTB - Bình Thuận,(BTH) Phú Thủy,2026-09-19 - Thứ 7,147,98.00%
NTB - Bình Thuận,(BTH) Hàm Liêm,2026-09-19 - Thứ 7,147,90.50%
NTB - Bình Thuận,(BTH) Hàm Tân,2026-10-01 - Thứ 5,147,99.30%
NTB - Bình Thuận,(BTH) Hàm Liêm,2026-10-05 - Thứ 2,148,97.30%
NTB - Bình Thuận,(BTH) Liên Hương,2026-09-11 - Thứ 6,148,94.60%
NTB - Bình Thuận,(BTH) Tân Hải,2026-10-06 - Thứ 3,149,96.60%
NTB - Bình Thuận,(BTH) Phú Thủy,2026-09-23 - Thứ 4,151,100.00%
NTB - Bình Thuận,(BTH) Mũi Né,2026-10-06 - Thứ 3,151,98.70%
NTB - Bình Thuận,(BTH) Tuyên Quang,2026-09-14 - Thứ 2,151,94.00%
NTB - Bình Thuận,(BTH) Phước Hội,2026-09-17 - Thứ 5,151,94.70%
NTB - Bình Thuận,(BTH) Phú Thủy,2026-09-10 - Thứ 5,152,98.70%
NTB - Bình Thuận,(BTH) Hàm Thắng,2026-09-27 - Chủ Nhật,152,94.70%
NTB - Bình Thuận,(BTH) Hàm Tân,2026-10-06 - Thứ 3,152,96.70%
NTB - Bình Thuận,(BTH) Phan Rí Cửa,2026-10-04 - Chủ Nhật,154,99.40%
NTB - Bình Thuận,(BTH) Mũi Né,2026-09-30 - Thứ 4,154,98.10%
NTB - Bình Thuận,(BTH) Bắc Bình,2026-10-01 - Thứ 5,154,96.80%
NTB - Bình Thuận,(BTH) Phước Hội,2026-09-20 - Chủ Nhật,155,98.10%
NTB - Bình Thuận,(BTH) Hàm Thắng,2026-09-18 - Thứ 6,157,97.50%
NTB - Bình Thuận,(BTH) Hàm Thắng,2026-09-15 - Thứ 3,157,97.50%
NTB - Bình Thuận,(BTH) Hàm Liêm,2026-10-03 - Thứ 7,158,97.50%
NTB - Bình Thuận,(BTH) Phan Rí Cửa,2026-09-28 - Thứ 2,158,93.70%
NTB - Bình Thuận,(BTH) Bắc Bình,2026-10-07 - Thứ 4,158,100.00%
NTB - Bình Thuận,(BTH) Hàm Thắng,2026-09-11 - Thứ 6,158,98.70%
NTB - Bình Thuận,(BTH) Tuyên Quang,2026-09-17 - Thứ 5,158,89.20%
NTB - Bình Thuận,(BTH) Hàm Thắng,2026-09-10 - Thứ 5,159,98.70%
NTB - Bình Thuận,(BTH) Hàm Thuận,2026-09-23 - Thứ 4,159,100.00%
NTB - Bình Thuận,(BTH) Hàm Tân,2026-09-27 - Chủ Nhật,159,96.20%
NTB - Bình Thuận,(BTH) Hàm Tân,2026-09-29 - Thứ 3,159,98.70%
NTB - Bình Thuận,(BTH) Hàm Liêm,2026-10-01 - Thứ 5,159,96.20%
NTB - Bình Thuận,(BTH) Tuyên Quang,2026-09-12 - Thứ 7,160,95.00%
NTB - Bình Thuận,(BTH) Bắc Bình,2026-09-26 - Thứ 7,160,96.90%
NTB - Bình Thuận,(BTH) Phước Hội,2026-09-13 - Chủ Nhật,160,99.40%
NTB - Bình Thuận,(BTH) Hàm Thắng,2026-10-03 - Thứ 7,161,99.40%
NTB - Bình Thuận,(BTH) Phan Rí Cửa,2026-10-03 - Thứ 7,161,96.30%
NTB - Bình Thuận,(BTH) Tuyên Quang,2026-09-21 - Thứ 2,161,97.50%
NTB - Bình Thuận,(BTH) Phước Hội,2026-09-16 - Thứ 4,161,99.40%
NTB - Bình Thuận,(BTH) Phước Hội,2026-09-14 - Thứ 2,161,97.50%
NTB - Bình Thuận,(BTH) Phú Thủy,2026-09-17 - Thứ 5,161,97.50%
NTB - Bình Thuận,(BTH) Phú Thủy,2026-09-18 - Thứ 6,162,98.80%
NTB - Bình Thuận,(BTH) Hàm Tân,2026-09-28 - Thứ 2,163,95.70%
NTB - Bình Thuận,(BTH) Hàm Liêm,2026-09-21 - Thứ 2,163,95.10%
NTB - Bình Thuận,(BTH) Phú Thủy,2026-09-13 - Chủ Nhật,163,97.50%
NTB - Bình Thuận,(BTH) Mũi Né,2026-09-29 - Thứ 3,163,98.80%
NTB - Bình Thuận,(BTH) Hàm Liêm,2026-10-02 - Thứ 6,163,96.90%
NTB - Bình Thuận,(BTH) Hàm Liêm,2026-09-28 - Thứ 2,164,90.20%
NTB - Bình Thuận,(BTH) Đồng Kho,2026-09-16 - Thứ 4,164,97.00%
NTB - Bình Thuận,(BTH) Hàm Tân,2026-10-03 - Thứ 7,165,92.70%
NTB - Bình Thuận,(BTH) Phước Hội,2026-09-15 - Thứ 3,165,97.60%
NTB - Bình Thuận,(BTH) Phước Hội,2026-10-05 - Thứ 2,165,98.80%
NTB - Bình Thuận,(BTH) Phú Thủy,2026-09-27 - Chủ Nhật,165,99.40%
NTB - Bình Thuận,(BTH) Hàm Liêm,2026-10-06 - Thứ 3,165,95.80%
NTB - Bình Thuận,(BTH) Tuyên Quang,2026-09-23 - Thứ 4,166,98.80%
NTB - Bình Thuận,(BTH) Đồng Kho,2026-09-11 - Thứ 6,166,97.00%
NTB - Bình Thuận,(BTH) Liên Hương,2026-09-17 - Thứ 5,166,90.40%
NTB - Bình Thuận,(BTH) Hàm Thắng,2026-09-24 - Thứ 5,167,98.80%
NTB - Bình Thuận,(BTH) Liên Hương,2026-09-21 - Thứ 2,167,95.80%
NTB - Bình Thuận,(BTH) Tuyên Quang,2026-09-15 - Thứ 3,167,94.60%
NTB - Bình Thuận,(BTH) Liên Hương,2026-09-18 - Thứ 6,168,98.20%
NTB - Bình Thuận,(BTH) Tuyên Quang,2026-09-22 - Thứ 3,168,95.80%
NTB - Bình Thuận,(BTH) Bắc Bình,2026-09-30 - Thứ 4,168,99.40%
NTB - Bình Thuận,(BTH) Phú Thủy,2026-09-11 - Thứ 6,168,97.60%
NTB - Bình Thuận,(BTH) Phước Hội,2026-09-11 - Thứ 6,169,100.00%
NTB - Bình Thuận,(BTH) Tuyên Quang,2026-09-30 - Thứ 4,170,98.80%
NTB - Bình Thuận,(BTH) Liên Hương,2026-09-23 - Thứ 4,172,98.80%
NTB - Bình Thuận,(BTH) Liên Hương,2026-10-05 - Thứ 2,172,98.30%
NTB - Bình Thuận,(BTH) Hàm Thuận,2026-09-22 - Thứ 3,174,92.50%
NTB - Bình Thuận,(BTH) Đồng Kho,2026-09-24 - Thứ 5,174,94.30%
NTB - Bình Thuận,(BTH) Đồng Kho,2026-09-21 - Thứ 2,174,93.10%
NTB - Bình Thuận,(BTH) Hàm Thuận,2026-09-15 - Thứ 3,174,92.50%
NTB - Bình Thuận,(BTH) Phước Hội,2026-09-23 - Thứ 4,174,100.00%
NTB - Bình Thuận,(BTH) Đồng Kho,2026-09-13 - Chủ Nhật,174,92.50%
NTB - Bình Thuận,(BTH) Hàm Thắng,2026-10-07 - Thứ 4,175,98.90%
NTB - Bình Thuận,(BTH) Hàm Thuận,2026-09-20 - Chủ Nhật,175,97.10%
NTB - Bình Thuận,(BTH) Bắc Bình,2026-10-02 - Thứ 6,175,100.00%
NTB - Bình Thuận,(BTH) Đồng Kho,2026-09-17 - Thứ 5,175,93.10%
NTB - Bình Thuận,(BTH) Hàm Thuận,2026-09-12 - Thứ 7,177,89.30%
NTB - Bình Thuận,(BTH) Đồng Kho,2026-09-27 - Chủ Nhật,177,93.20%
NTB - Bình Thuận,(BTH) Đồng Kho,2026-09-28 - Thứ 2,178,94.90%
NTB - Bình Thuận,(BTH) Phước Hội,2026-09-22 - Thứ 3,178,97.80%
NTB - Bình Thuận,(BTH) Đồng Kho,2026-09-19 - Thứ 7,178,92.70%
NTB - Bình Thuận,(BTH) Tuyên Quang,2026-09-10 - Thứ 5,179,95.00%
NTB - Bình Thuận,(BTH) Phú Thủy,2026-09-24 - Thứ 5,179,97.20%
NTB - Bình Thuận,(BTH) Tân Hải,2026-10-02 - Thứ 6,179,98.90%
NTB - Bình Thuận,(BTH) Phước Hội,2026-09-10 - Thứ 5,180,96.70%
NTB - Bình Thuận,(BTH) Tuyên Quang,2026-09-16 - Thứ 4,181,96.10%
NTB - Bình Thuận,(BTH) Hàm Thắng,2026-09-25 - Thứ 6,181,97.20%
NTB - Bình Thuận,(BTH) Đồng Kho,2026-09-12 - Thứ 7,182,87.90%
NTB - Bình Thuận,(BTH) Đồng Kho,2026-09-23 - Thứ 4,183,92.30%
NTB - Bình Thuận,(BTH) Đức Linh,2026-09-16 - Thứ 4,183,94.50%
NTB - Bình Thuận,(BTH) Hàm Liêm,2026-09-27 - Chủ Nhật,183,77.60%
NTB - Bình Thuận,(BTH) Liên Hương,2026-10-01 - Thứ 5,183,96.20%
NTB - Bình Thuận,(BTH) Phước Hội,2026-09-28 - Thứ 2,184,97.80%
NTB - Bình Thuận,(BTH) Hàm Thắng,2026-09-28 - Thứ 2,185,95.70%
NTB - Bình Thuận,(BTH) Hàm Thuận,2026-09-16 - Thứ 4,185,96.20%
NTB - Bình Thuận,(BTH) Phước Hội,2026-09-27 - Chủ Nhật,185,98.40%
NTB - Bình Thuận,(BTH) Bắc Bình,2026-10-06 - Thứ 3,185,98.40%
NTB - Bình Thuận,(BTH) Bắc Bình,2026-09-29 - Thứ 3,185,97.80%
NTB - Bình Thuận,(BTH) Đồng Kho,2026-09-18 - Thứ 6,186,93.00%
NTB - Bình Thuận,(BTH) Phú Thủy,2026-09-26 - Thứ 7,186,96.20%
NTB - Bình Thuận,(BTH) Hàm Liêm,2026-09-30 - Thứ 4,186,97.30%
NTB - Bình Thuận,(BTH) Phú Thủy,2026-09-25 - Thứ 6,186,100.00%
NTB - Bình Thuận,(BTH) Hàm Thuận,2026-09-10 - Thứ 5,187,94.10%
NTB - Bình Thuận,(BTH) Liên Hương,2026-09-26 - Thứ 7,188,96.80%
NTB - Bình Thuận,(BTH) Phan Rí Cửa,2026-09-29 - Thứ 3,188,97.90%
NTB - Bình Thuận,(BTH) Hàm Thuận,2026-09-14 - Thứ 2,188,94.70%
NTB - Bình Thuận,(BTH) Phước Hội,2026-09-19 - Thứ 7,188,96.30%
NTB - Bình Thuận,(BTH) Liên Hương,2026-09-28 - Thứ 2,189,95.80%
NTB - Bình Thuận,(BTH) Tuyên Quang,2026-10-07 - Thứ 4,189,97.90%
NTB - Bình Thuận,(BTH) Đồng Kho,2026-09-10 - Thứ 5,190,96.30%
NTB - Bình Thuận,(BTH) Đồng Kho,2026-09-29 - Thứ 3,190,96.80%
NTB - Bình Thuận,(BTH) Hàm Thuận,2026-09-17 - Thứ 5,190,93.20%
NTB - Bình Thuận,(BTH) Phú Thủy,2026-10-05 - Thứ 2,191,99.00%
NTB - Bình Thuận,(BTH) Hàm Thắng,2026-10-04 - Chủ Nhật,191,99.00%
NTB - Bình Thuận,(BTH) Tuyên Quang,2026-09-13 - Chủ Nhật,192,91.10%
NTB - Bình Thuận,(BTH) Phú Thủy,2026-10-01 - Thứ 5,193,99.00%
NTB - Bình Thuận,(BTH) Hàm Thuận,2026-09-13 - Chủ Nhật,194,95.40%
NTB - Bình Thuận,(BTH) Hàm Tân,2026-09-30 - Thứ 4,194,97.40%
NTB - Bình Thuận,(BTH) Đức Linh,2026-09-20 - Chủ Nhật,194,96.40%
NTB - Bình Thuận,(BTH) Tuyên Quang,2026-09-19 - Thứ 7,194,97.40%
NTB - Bình Thuận,(BTH) Liên Hương,2026-10-04 - Chủ Nhật,195,92.80%
NTB - Bình Thuận,(BTH) Tuyên Quang,2026-09-11 - Thứ 6,195,91.80%
NTB - Bình Thuận,(BTH) Phước Hội,2026-09-24 - Thứ 5,196,98.50%
NTB - Bình Thuận,(BTH) Phước Hội,2026-10-03 - Thứ 7,197,98.50%
NTB - Bình Thuận,(BTH) Hàm Thuận,2026-09-18 - Thứ 6,197,93.40%
NTB - Bình Thuận,(BTH) Hàm Liêm,2026-10-07 - Thứ 4,198,96.50%
NTB - Bình Thuận,(BTH) Hàm Thuận,2026-09-21 - Thứ 2,198,97.00%
NTB - Bình Thuận,(BTH) Hàm Thắng,2026-09-26 - Thứ 7,198,97.50%
NTB - Bình Thuận,(BTH) Liên Hương,2026-09-24 - Thứ 5,199,91.00%
NTB - Bình Thuận,(BTH) Tuyên Quang,2026-10-05 - Thứ 2,199,95.00%
NTB - Bình Thuận,(BTH) Tuyên Quang,2026-09-27 - Chủ Nhật,199,96.00%
NTB - Bình Thuận,(BTH) Phú Thủy,2026-10-03 - Thứ 7,200,99.00%
NTB - Bình Thuận,(BTH) Phú Thủy,2026-10-04 - Chủ Nhật,200,98.50%
NTB - Bình Thuận,(BTH) Đức Linh,2026-09-11 - Thứ 6,200,96.50%
NTB - Bình Thuận,(BTH) Phước Hội,2026-09-18 - Thứ 6,201,98.00%
NTB - Bình Thuận,(BTH) Liên Hương,2026-09-25 - Thứ 6,201,98.50%
NTB - Bình Thuận,(BTH) Bắc Bình,2026-09-25 - Thứ 6,201,99.00%
NTB - Bình Thuận,(BTH) Phú Thủy,2026-09-28 - Thứ 2,202,99.00%
NTB - Bình Thuận,(BTH) Đức Linh,2026-09-21 - Thứ 2,202,96.00%
NTB - Bình Thuận,(BTH) Đồng Kho,2026-10-05 - Thứ 2,202,96.00%
NTB - Bình Thuận,(BTH) Hàm Thuận,2026-10-04 - Chủ Nhật,202,92.60%
NTB - Bình Thuận,(BTH) Phan Rí Cửa,2026-10-02 - Thứ 6,202,99.00%
NTB - Bình Thuận,(BTH) Hàm Thắng,2026-10-01 - Thứ 5,202,99.50%
NTB - Bình Thuận,(BTH) Liên Hương,2026-10-03 - Thứ 7,203,97.00%
NTB - Bình Thuận,(BTH) Đức Linh,2026-09-17 - Thứ 5,203,96.60%
NTB - Bình Thuận,(BTH) Đồng Kho,2026-10-01 - Thứ 5,203,91.60%
NTB - Bình Thuận,(BTH) Phước Hội,2026-09-26 - Thứ 7,204,96.10%
NTB - Bình Thuận,(BTH) Hàm Thắng,2026-09-29 - Thứ 3,206,98.50%
NTB - Bình Thuận,(BTH) Liên Hương,2026-09-29 - Thứ 3,206,97.10%
NTB - Bình Thuận,(BTH) Đức Linh,2026-09-10 - Thứ 5,207,95.70%
NTB - Bình Thuận,(BTH) Phước Hội,2026-09-12 - Thứ 7,207,96.10%
NTB - Bình Thuận,(BTH) Đồng Kho,2026-10-06 - Thứ 3,207,94.70%
NTB - Bình Thuận,(BTH) Hàm Thuận,2026-09-11 - Thứ 6,207,94.20%
NTB - Bình Thuận,(BTH) Hàm Thắng,2026-09-30 - Thứ 4,208,99.00%
NTB - Bình Thuận,(BTH) Đức Linh,2026-09-19 - Thứ 7,208,92.30%
NTB - Bình Thuận,(BTH) Hàm Thuận,2026-09-24 - Thứ 5,209,95.70%
NTB - Bình Thuận,(BTH) Hàm Liêm,2026-09-29 - Thứ 3,209,96.20%
NTB - Bình Thuận,(BTH) Đức Linh,2026-09-13 - Chủ Nhật,210,93.80%
NTB - Bình Thuận,(BTH) Phước Hội,2026-10-04 - Chủ Nhật,210,98.10%
NTB - Bình Thuận,(BTH) Tuyên Quang,2026-09-25 - Thứ 6,210,97.10%
NTB - Bình Thuận,(BTH) Hàm Thuận,2026-10-07 - Thứ 4,211,93.80%
NTB - Bình Thuận,(BTH) Hàm Thuận,2026-10-05 - Thứ 2,211,94.80%
NTB - Bình Thuận,(BTH) Hàm Thắng,2026-10-06 - Thứ 3,211,97.20%
NTB - Bình Thuận,(BTH) Đức Linh,2026-09-24 - Thứ 5,212,96.70%
NTB - Bình Thuận,(BTH) Phú Thủy,2026-10-07 - Thứ 4,212,100.00%
NTB - Bình Thuận,(BTH) Liên Hương,2026-10-07 - Thứ 4,212,94.30%
NTB - Bình Thuận,(BTH) Phước Hội,2026-10-07 - Thứ 4,213,99.50%
NTB - Bình Thuận,(BTH) Đồng Kho,2026-09-25 - Thứ 6,213,95.30%
NTB - Bình Thuận,(BTH) Hàm Thuận,2026-09-19 - Thứ 7,213,93.40%
NTB - Bình Thuận,(BTH) Tuyên Quang,2026-10-03 - Thứ 7,214,94.90%
NTB - Bình Thuận,(BTH) Đức Linh,2026-09-22 - Thứ 3,214,94.90%
NTB - Bình Thuận,(BTH) Phước Hội,2026-09-30 - Thứ 4,214,98.60%
NTB - Bình Thuận,(BTH) Đức Linh,2026-09-12 - Thứ 7,216,94.00%
NTB - Bình Thuận,(BTH) Tuyên Quang,2026-09-18 - Thứ 6,216,97.70%
NTB - Bình Thuận,(BTH) Liên Hương,2026-10-02 - Thứ 6,216,98.60%
NTB - Bình Thuận,(BTH) Đồng Kho,2026-09-26 - Thứ 7,219,93.20%
NTB - Bình Thuận,(BTH) Hàm Thuận,2026-09-28 - Thứ 2,220,90.00%
NTB - Bình Thuận,(BTH) Đồng Kho,2026-10-03 - Thứ 7,222,94.10%
NTB - Bình Thuận,(BTH) Đức Linh,2026-09-15 - Thứ 3,222,92.30%
NTB - Bình Thuận,(BTH) Liên Hương,2026-09-30 - Thứ 4,223,96.90%
NTB - Bình Thuận,(BTH) Phan Rí Cửa,2026-09-25 - Thứ 6,223,97.80%
NTB - Bình Thuận,(BTH) Liên Hương,2026-09-27 - Chủ Nhật,224,96.00%
NTB - Bình Thuận,(BTH) Đức Linh,2026-09-18 - Thứ 6,225,97.30%
NTB - Bình Thuận,(BTH) Phan Rí Cửa,2026-10-06 - Thứ 3,225,99.10%
NTB - Bình Thuận,(BTH) Phước Hội,2026-09-25 - Thứ 6,225,98.20%
NTB - Bình Thuận,(BTH) Phước Hội,2026-10-01 - Thứ 5,225,98.20%
NTB - Bình Thuận,(BTH) Đồng Kho,2026-10-07 - Thứ 4,226,97.30%
NTB - Bình Thuận,(BTH) Tuyên Quang,2026-09-28 - Thứ 2,228,94.70%
NTB - Bình Thuận,(BTH) Tuyên Quang,2026-09-24 - Thứ 5,229,95.60%
NTB - Bình Thuận,(BTH) Hàm Liêm,2026-09-26 - Thứ 7,229,86.50%
NTB - Bình Thuận,(BTH) Hàm Thuận,2026-10-02 - Thứ 6,230,97.80%
NTB - Bình Thuận,(BTH) Phú Thủy,2026-09-30 - Thứ 4,231,99.60%
NTB - Bình Thuận,(BTH) Tuyên Quang,2026-09-26 - Thứ 7,232,94.80%
NTB - Bình Thuận,(BTH) Hàm Thuận,2026-10-06 - Thứ 3,232,95.70%
NTB - Bình Thuận,(BTH) Hàm Thuận,2026-09-25 - Thứ 6,233,95.70%
NTB - Bình Thuận,(BTH) Đồng Kho,2026-10-04 - Chủ Nhật,236,97.50%
NTB - Bình Thuận,(BTH) Hàm Thắng,2026-10-02 - Thứ 6,236,98.30%
NTB - Bình Thuận,(BTH) Tuyên Quang,2026-10-04 - Chủ Nhật,238,96.60%
NTB - Bình Thuận,(BTH) Đức Linh,2026-09-28 - Thứ 2,239,93.30%
NTB - Bình Thuận,(BTH) Đức Linh,2026-09-14 - Thứ 2,239,91.20%
NTB - Bình Thuận,(BTH) Đức Linh,2026-09-23 - Thứ 4,240,97.10%
NTB - Bình Thuận,(BTH) Đức Linh,2026-10-03 - Thứ 7,241,93.80%
NTB - Bình Thuận,(BTH) Đức Linh,2026-09-27 - Chủ Nhật,241,94.20%
NTB - Bình Thuận,(BTH) Phú Thủy,2026-10-06 - Thứ 3,241,97.90%
NTB - Bình Thuận,(BTH) Đồng Kho,2026-09-30 - Thứ 4,242,96.70%
NTB - Bình Thuận,(BTH) Tuyên Quang,2026-10-01 - Thứ 5,244,95.10%
NTB - Bình Thuận,(BTH) Phú Thủy,2026-09-29 - Thứ 3,248,98.00%
NTB - Bình Thuận,(BTH) Đức Linh,2026-10-07 - Thứ 4,250,98.40%
NTB - Bình Thuận,(BTH) Hàm Thuận,2026-09-27 - Chủ Nhật,253,95.70%
NTB - Bình Thuận,(BTH) Tuyên Quang,2026-10-06 - Thứ 3,255,96.10%
NTB - Bình Thuận,(BTH) Phước Hội,2026-09-29 - Thứ 3,255,98.40%
NTB - Bình Thuận,(BTH) Phú Thủy,2026-10-02 - Thứ 6,255,100.00%
NTB - Bình Thuận,(BTH) Hàm Thuận,2026-10-01 - Thứ 5,261,96.20%
NTB - Bình Thuận,(BTH) Hàm Thuận,2026-09-26 - Thứ 7,262,88.90%
NTB - Bình Thuận,(BTH) Đức Linh,2026-10-05 - Thứ 2,266,94.70%
NTB - Bình Thuận,(BTH) Hàm Thuận,2026-09-29 - Thứ 3,267,98.10%
NTB - Bình Thuận,(BTH) Phước Hội,2026-10-06 - Thứ 3,268,99.30%
NTB - Bình Thuận,(BTH) Tuyên Quang,2026-09-29 - Thứ 3,268,98.10%
NTB - Bình Thuận,(BTH) Đức Linh,2026-10-02 - Thứ 6,268,97.40%
NTB - Bình Thuận,(BTH) Đức Linh,2026-10-01 - Thứ 5,269,92.20%
NTB - Bình Thuận,(BTH) Tuyên Quang,2026-10-02 - Thứ 6,270,91.50%
NTB - Bình Thuận,(BTH) Đức Linh,2026-10-04 - Chủ Nhật,274,93.40%
NTB - Bình Thuận,(BTH) Hàm Thuận,2026-10-03 - Thứ 7,276,93.80%
NTB - Bình Thuận,(BTH) Phước Hội,2026-10-02 - Thứ 6,279,98.60%
NTB - Bình Thuận,(BTH) Đức Linh,2026-09-29 - Thứ 3,286,96.90%
NTB - Bình Thuận,(BTH) Đồng Kho,2026-10-02 - Thứ 6,286,95.80%
NTB - Bình Thuận,(BTH) Đức Linh,2026-09-25 - Thứ 6,288,97.60%
NTB - Bình Thuận,(BTH) Hàm Thuận,2026-09-30 - Thứ 4,292,98.60%
NTB - Bình Thuận,(BTH) Đức Linh,2026-09-26 - Thứ 7,299,93.30%
NTB - Bình Thuận,(BTH) Đức Linh,2026-10-06 - Thứ 3,299,98.00%
NTB - Bình Thuận,(BTH) Đức Linh,2026-09-30 - Thứ 4,306,98.00%