Cấp Quản Lý,Chi tiết,Loại Hàng,Time,Volume,% Gán,% GTC,% Chuyển trả,Leadtime,Sản Lượng Giao Thành Công,Sản Lượng Chuyển Trả,Sản Lượng Gán,Sản Lượng Trả,Sản Lượng Tồn,Sản Lượng Chưa Gán,% Chưa Gán,%Tồn,Hàng Mới Về Trong Ngày,Tỉnh,Vùng,AM
NTB - Đắk Nông,(DNO) Đức Lập,Hàng Mới Ca 1,2026-10-03 - Thứ 7,"1,189",99.92%,80.07%,0.93%,14.8,952,11,1188,11,226,1,0.08%,19.00%,1189,Đắk Nông,NTB,AM Nhung
NTB - Đắk Nông,(DNO) Đức Lập,Hàng Mới Ca 1,2026-09-25 - Thứ 6,"1,173",99.74%,83.38%,1.71%,15.51,978,20,1170,20,175,3,0.26%,14.91%,1173,Đắk Nông,NTB,AM Nhung
NTB - Đắk Nông,(DNO) Đức Lập,Hàng Mới Ca 1,2026-09-27 - Chủ Nhật,558,100.00%,81.72%,0.72%,17.29,456,4,558,4,98,0,0.00%,17.56%,558,Đắk Nông,NTB,AM Nhung
NTB - Đắk Nông,(DNO) Đức Lập,Hàng Mới Ca 1,2026-09-20 - Chủ Nhật,"1,121",99.91%,78.23%,1.25%,17.64,877,14,1120,14,230,1,0.09%,20.52%,1121,Đắk Nông,NTB,AM Nhung
NTB - Đắk Nông,(DNO) Đức Lập,Hàng Mới Ca 1,2026-09-13 - Chủ Nhật,831,99.88%,81.59%,1.32%,13.68,678,11,830,11,142,1,0.12%,17.09%,831,Đắk Nông,NTB,AM Nhung
NTB - Đắk Nông,(DNO) Đức Lập,Hàng Mới Ca 1,2026-10-06 - Thứ 3,964,99.48%,77.59%,1.45%,12.43,748,14,959,14,202,5,0.52%,20.96%,964,Đắk Nông,NTB,AM Nhung
NTB - Đắk Nông,(DNO) Đức Lập,Hàng Mới Ca 1,2026-10-01 - Thứ 5,793,99.62%,80.83%,0.63%,13.28,641,5,790,5,147,3,0.38%,18.54%,793,Đắk Nông,NTB,AM Nhung
NTB - Đắk Nông,(DNO) Đức Lập,Hàng Mới Ca 1,2026-10-05 - Thứ 2,781,99.87%,81.56%,0.77%,12.8,637,6,780,6,138,1,0.13%,17.67%,781,Đắk Nông,NTB,AM Nhung
NTB - Đắk Nông,(DNO) Đức Lập,Hàng Mới Ca 1,2026-09-22 - Thứ 3,"1,203",99.92%,74.31%,0.91%,15.04,894,11,1202,11,298,1,0.08%,24.78%,1203,Đắk Nông,NTB,AM Nhung
NTB - Đắk Nông,(DNO) Đức Lập,Hàng Mới Ca 1,2026-09-23 - Thứ 4,653,99.08%,79.02%,1.84%,11.95,516,12,647,12,125,6,0.92%,19.14%,653,Đắk Nông,NTB,AM Nhung
NTB - Đắk Nông,(DNO) Đức Lập,Hàng Mới Ca 1,2026-09-14 - Thứ 2,"1,017",99.80%,80.24%,1.47%,13.4,816,15,1015,15,186,2,0.20%,18.29%,1017,Đắk Nông,NTB,AM Nhung
NTB - Đắk Nông,(DNO) Đức Lập,Hàng Mới Ca 1,2026-09-15 - Thứ 3,973,99.79%,79.65%,1.03%,14.49,775,10,971,10,188,2,0.21%,19.32%,973,Đắk Nông,NTB,AM Nhung
NTB - Đắk Nông,(DNO) Đức Lập,Hàng Mới Ca 1,2026-10-02 - Thứ 6,"1,056",99.72%,81.25%,1.42%,14.59,858,15,1053,15,183,3,0.28%,17.33%,1056,Đắk Nông,NTB,AM Nhung
NTB - Đắk Nông,(DNO) Đức Lập,Hàng Mới Ca 1,2026-09-29 - Thứ 3,755,99.74%,80.40%,0.93%,12.16,607,7,753,7,141,2,0.26%,18.67%,755,Đắk Nông,NTB,AM Nhung
NTB - Đắk Nông,(DNO) Đức Lập,Hàng Mới Ca 1,2026-10-08 - Thứ 5,"1,107",99.82%,82.66%,1.72%,12.89,915,19,1105,19,173,2,0.18%,15.62%,1107,Đắk Nông,NTB,AM Nhung
NTB - Đắk Nông,(DNO) Đức Lập,Hàng Mới Ca 1,2026-09-19 - Thứ 7,782,84.78%,68.41%,1.41%,13.76,535,11,663,11,236,119,15.22%,30.18%,782,Đắk Nông,NTB,AM Nhung
NTB - Đắk Nông,(DNO) Đức Lập,Hàng Mới Ca 1,2026-10-04 - Chủ Nhật,"1,121",99.55%,77.25%,1.34%,14.51,866,15,1116,15,240,5,0.45%,21.41%,1121,Đắk Nông,NTB,AM Nhung
NTB - Đắk Nông,(DNO) Đức Lập,Hàng Mới Ca 1,2026-09-17 - Thứ 5,"1,142",99.82%,81.35%,1.14%,14.64,929,13,1140,13,200,2,0.18%,17.51%,1142,Đắk Nông,NTB,AM Nhung
NTB - Đắk Nông,(DNO) Đức Lập,Hàng Mới Ca 1,2026-10-09 - Thứ 6,"1,080",99.81%,81.48%,1.48%,12.66,880,16,1078,16,184,2,0.19%,17.04%,1080,Đắk Nông,NTB,AM Nhung
NTB - Đắk Nông,(DNO) Đức Lập,Hàng Mới Ca 1,2026-09-26 - Thứ 7,919,99.89%,80.74%,1.20%,14.29,742,11,918,11,166,1,0.11%,18.06%,919,Đắk Nông,NTB,AM Nhung
NTB - Đắk Nông,(DNO) Đức Lập,Hàng Mới Ca 1,2026-09-28 - Thứ 2,773,100.00%,80.85%,1.03%,15.18,625,8,773,8,140,0,0.00%,18.12%,773,Đắk Nông,NTB,AM Nhung
NTB - Đắk Nông,(DNO) Đức Lập,Hàng Mới Ca 1,2026-09-16 - Thứ 4,836,99.76%,77.39%,1.44%,16.33,647,12,834,12,177,2,0.24%,21.17%,836,Đắk Nông,NTB,AM Nhung
NTB - Đắk Nông,(DNO) Đức Lập,Hàng Mới Ca 1,2026-09-18 - Thứ 6,778,98.33%,79.31%,1.80%,13.87,617,14,765,14,147,13,1.67%,18.89%,778,Đắk Nông,NTB,AM Nhung
NTB - Đắk Nông,(DNO) Đức Lập,Hàng Mới Ca 1,2026-09-21 - Thứ 2,545,99.63%,75.41%,1.47%,15.25,411,8,543,8,126,2,0.37%,23.12%,545,Đắk Nông,NTB,AM Nhung
NTB - Đắk Nông,(DNO) Đức Lập,Hàng Mới Ca 1,2026-09-24 - Thứ 5,939,95.53%,75.40%,1.38%,16.75,708,13,897,13,218,42,4.47%,23.22%,939,Đắk Nông,NTB,AM Nhung
NTB - Đắk Nông,(DNO) Đức Lập,Hàng Mới Ca 1,2026-09-12 - Thứ 7,"1,379",99.85%,76.65%,1.38%,11.84,1057,19,1377,19,303,2,0.15%,21.97%,1379,Đắk Nông,NTB,AM Nhung
NTB - Đắk Nông,(DNO) Đức Lập,Hàng Mới Ca 1,2026-10-07 - Thứ 4,487,100.00%,79.67%,1.03%,14.26,388,5,487,5,94,0,0.00%,19.30%,487,Đắk Nông,NTB,AM Nhung
NTB - Đắk Nông,(DNO) Đức Lập,Hàng Mới Ca 1,2026-09-30 - Thứ 4,478,99.79%,80.96%,0.42%,13.01,387,2,477,2,89,1,0.21%,18.62%,478,Đắk Nông,NTB,AM Nhung
NTB - Đắk Nông,(DNO) Đức Lập,Hàng Mới Ca 2,2026-09-27 - Chủ Nhật,280,99.64%,81.07%,1.07%,5.17,227,3,279,3,50,1,0.36%,17.86%,280,Đắk Nông,NTB,AM Nhung
NTB - Đắk Nông,(DNO) Đức Lập,Hàng Mới Ca 2,2026-09-24 - Thứ 5,154,93.51%,79.87%,3.25%,5.2,123,5,144,5,26,10,6.49%,16.88%,154,Đắk Nông,NTB,AM Nhung
NTB - Đắk Nông,(DNO) Đức Lập,Hàng Mới Ca 2,2026-10-08 - Thứ 5,2,0.00%,0.00%,0.00%,0,0,0,0,0,2,2,100.00%,100.00%,2,Đắk Nông,NTB,AM Nhung
NTB - Đắk Nông,(DNO) Đức Lập,Hàng Mới Ca 2,2026-10-07 - Thứ 4,261,99.62%,85.06%,1.92%,4.6,222,5,260,5,34,1,0.38%,13.02%,261,Đắk Nông,NTB,AM Nhung
NTB - Đắk Nông,(DNO) Đức Lập,Hàng Mới Ca 2,2026-09-13 - Chủ Nhật,2,100.00%,0.00%,50.00%,0,0,1,2,1,1,0,0.00%,50.00%,2,Đắk Nông,NTB,AM Nhung
NTB - Đắk Nông,(DNO) Đức Lập,Hàng Mới Ca 2,2026-09-14 - Thứ 2,1,0.00%,0.00%,0.00%,0,0,0,0,0,1,1,100.00%,100.00%,1,Đắk Nông,NTB,AM Nhung
NTB - Đắk Nông,(DNO) Đức Lập,Hàng Mới Ca 2,2026-09-17 - Thứ 5,1,0.00%,0.00%,0.00%,0,0,0,0,0,1,1,100.00%,100.00%,1,Đắk Nông,NTB,AM Nhung
NTB - Đắk Nông,(DNO) Đức Lập,Hàng Mới Ca 2,2026-09-12 - Thứ 7,1,100.00%,100.00%,0.00%,6,1,0,1,0,0,0,0.00%,0.00%,1,Đắk Nông,NTB,AM Nhung
NTB - Đắk Nông,(DNO) Đức Lập,Hàng Mới Ca 2,2026-09-15 - Thứ 3,1,0.00%,0.00%,0.00%,0,0,0,0,0,1,1,100.00%,100.00%,1,Đắk Nông,NTB,AM Nhung
NTB - Đắk Nông,(DNO) Đức Lập,Hàng Tồn,2026-09-25 - Thứ 6,392,98.47%,54.85%,6.12%,53.91,215,24,386,24,153,6,1.53%,39.03%,0,Đắk Nông,NTB,AM Nhung
NTB - Đắk Nông,(DNO) Đức Lập,Hàng Tồn,2026-09-27 - Chủ Nhật,301,98.01%,48.17%,6.31%,50.43,145,19,295,19,137,6,1.99%,45.52%,0,Đắk Nông,NTB,AM Nhung
NTB - Đắk Nông,(DNO) Đức Lập,Hàng Tồn,2026-09-20 - Chủ Nhật,380,97.37%,55.79%,5.26%,51.25,212,20,370,20,148,10,2.63%,38.95%,0,Đắk Nông,NTB,AM Nhung
NTB - Đắk Nông,(DNO) Đức Lập,Hàng Tồn,2026-09-13 - Chủ Nhật,427,98.36%,47.31%,5.39%,48.36,202,23,420,23,202,7,1.64%,47.30%,0,Đắk Nông,NTB,AM Nhung
NTB - Đắk Nông,(DNO) Đức Lập,Hàng Tồn,2026-09-24 - Thứ 5,306,96.41%,32.35%,6.86%,59.29,99,21,295,21,186,11,3.59%,60.79%,0,Đắk Nông,NTB,AM Nhung
NTB - Đắk Nông,(DNO) Đức Lập,Hàng Tồn,2026-10-06 - Thứ 3,249,98.39%,38.55%,6.83%,48.41,96,17,245,17,136,4,1.61%,54.62%,0,Đắk Nông,NTB,AM Nhung
NTB - Đắk Nông,(DNO) Đức Lập,Hàng Tồn,2026-10-01 - Thứ 5,186,98.39%,40.86%,9.14%,47.44,76,17,183,17,93,3,1.61%,50.00%,0,Đắk Nông,NTB,AM Nhung
NTB - Đắk Nông,(DNO) Đức Lập,Hàng Tồn,2026-09-12 - Thứ 7,293,98.29%,38.23%,4.78%,50.15,112,14,288,14,167,5,1.71%,56.99%,0,Đắk Nông,NTB,AM Nhung
NTB - Đắk Nông,(DNO) Đức Lập,Hàng Tồn,2026-10-05 - Thứ 2,368,97.83%,52.45%,7.61%,45.98,193,28,360,28,147,8,2.17%,39.94%,0,Đắk Nông,NTB,AM Nhung
NTB - Đắk Nông,(DNO) Đức Lập,Hàng Tồn,2026-09-23 - Thứ 4,411,98.30%,47.69%,4.87%,46.01,196,20,404,20,195,7,1.70%,47.44%,0,Đắk Nông,NTB,AM Nhung
NTB - Đắk Nông,(DNO) Đức Lập,Hàng Tồn,2026-09-15 - Thứ 3,320,99.06%,38.75%,8.75%,54.74,124,28,317,28,168,3,0.94%,52.50%,0,Đắk Nông,NTB,AM Nhung
NTB - Đắk Nông,(DNO) Đức Lập,Hàng Tồn,2026-10-02 - Thứ 6,209,97.61%,43.06%,3.83%,44.11,90,8,204,8,111,5,2.39%,53.11%,0,Đắk Nông,NTB,AM Nhung
NTB - Đắk Nông,(DNO) Đức Lập,Hàng Tồn,2026-09-29 - Thứ 3,240,97.50%,47.08%,8.75%,51.21,113,21,234,21,106,6,2.50%,44.17%,0,Đắk Nông,NTB,AM Nhung
NTB - Đắk Nông,(DNO) Đức Lập,Hàng Tồn,2026-10-08 - Thứ 5,248,97.58%,37.50%,8.87%,42.92,93,22,242,22,133,6,2.42%,53.63%,0,Đắk Nông,NTB,AM Nhung
NTB - Đắk Nông,(DNO) Đức Lập,Hàng Tồn,2026-10-04 - Chủ Nhật,342,98.54%,46.49%,4.68%,46.53,159,16,337,16,167,5,1.46%,48.83%,0,Đắk Nông,NTB,AM Nhung
NTB - Đắk Nông,(DNO) Đức Lập,Hàng Tồn,2026-09-30 - Thứ 4,228,96.93%,40.35%,9.21%,46.69,92,21,221,21,115,7,3.07%,50.44%,0,Đắk Nông,NTB,AM Nhung
NTB - Đắk Nông,(DNO) Đức Lập,Hàng Tồn,2026-09-17 - Thứ 5,328,98.78%,41.46%,6.71%,55.36,136,22,324,22,170,4,1.22%,51.83%,0,Đắk Nông,NTB,AM Nhung
NTB - Đắk Nông,(DNO) Đức Lập,Hàng Tồn,2026-10-09 - Thứ 6,264,96.59%,37.88%,12.12%,43.28,100,32,255,32,132,9,3.41%,50.00%,0,Đắk Nông,NTB,AM Nhung
NTB - Đắk Nông,(DNO) Đức Lập,Hàng Tồn,2026-09-26 - Thứ 7,292,98.63%,35.62%,7.88%,47.9,104,23,288,23,165,4,1.37%,56.50%,0,Đắk Nông,NTB,AM Nhung
NTB - Đắk Nông,(DNO) Đức Lập,Hàng Tồn,2026-09-28 - Thứ 2,255,97.25%,42.75%,6.27%,46.82,109,16,248,16,130,7,2.75%,50.98%,0,Đắk Nông,NTB,AM Nhung
NTB - Đắk Nông,(DNO) Đức Lập,Hàng Tồn,2026-10-03 - Thứ 7,276,97.83%,38.77%,7.61%,43.75,107,21,270,21,148,6,2.17%,53.62%,0,Đắk Nông,NTB,AM Nhung
NTB - Đắk Nông,(DNO) Đức Lập,Hàng Tồn,2026-09-21 - Thứ 2,348,98.56%,44.83%,5.17%,53.2,156,18,343,18,174,5,1.44%,50.00%,0,Đắk Nông,NTB,AM Nhung
NTB - Đắk Nông,(DNO) Đức Lập,Hàng Tồn,2026-09-22 - Thứ 3,282,97.87%,34.75%,9.22%,53.45,98,26,276,26,158,6,2.13%,56.03%,0,Đắk Nông,NTB,AM Nhung
NTB - Đắk Nông,(DNO) Đức Lập,Hàng Tồn,2026-09-14 - Thứ 2,334,98.20%,42.51%,5.99%,55.49,142,20,328,20,172,6,1.80%,51.50%,0,Đắk Nông,NTB,AM Nhung
NTB - Đắk Nông,(DNO) Đức Lập,Hàng Tồn,2026-09-19 - Thứ 7,285,79.65%,29.12%,9.82%,45.82,83,28,227,28,174,58,20.35%,61.06%,0,Đắk Nông,NTB,AM Nhung
NTB - Đắk Nông,(DNO) Đức Lập,Hàng Tồn,2026-09-16 - Thứ 4,342,97.66%,38.01%,7.31%,52.71,130,25,334,25,187,8,2.34%,54.68%,0,Đắk Nông,NTB,AM Nhung
NTB - Đắk Nông,(DNO) Đức Lập,Hàng Tồn,2026-09-18 - Thứ 6,330,96.36%,46.06%,5.76%,54.01,152,19,318,19,159,12,3.64%,48.18%,0,Đắk Nông,NTB,AM Nhung
NTB - Đắk Nông,(DNO) Đức Lập,Hàng Tồn,2026-10-07 - Thứ 4,303,97.03%,44.55%,8.25%,43.41,135,25,294,25,143,9,2.97%,47.20%,0,Đắk Nông,NTB,AM Nhung
NTB - Đắk Nông,(DNO) Đức An,Hàng Mới Ca 1,2026-10-07 - Thứ 4,453,100.00%,82.34%,2.65%,9.53,373,12,453,12,68,0,0.00%,15.01%,453,Đắk Nông,NTB,AM Nhung
NTB - Đắk Nông,(DNO) Đức An,Hàng Mới Ca 1,2026-09-21 - Thứ 2,265,93.58%,65.28%,3.02%,12.63,173,8,248,8,84,17,6.42%,31.70%,265,Đắk Nông,NTB,AM Nhung
NTB - Đắk Nông,(DNO) Đức An,Hàng Mới Ca 1,2026-09-20 - Chủ Nhật,553,99.82%,75.05%,1.27%,15.95,415,7,552,7,131,1,0.18%,23.68%,553,Đắk Nông,NTB,AM Nhung
NTB - Đắk Nông,(DNO) Đức An,Hàng Mới Ca 1,2026-09-24 - Thứ 5,445,100.00%,80.00%,1.35%,13.91,356,6,445,6,83,0,0.00%,18.65%,445,Đắk Nông,NTB,AM Nhung
NTB - Đắk Nông,(DNO) Đức An,Hàng Mới Ca 1,2026-10-06 - Thứ 3,380,77.89%,61.05%,1.84%,11.87,232,7,296,7,141,84,22.11%,37.11%,380,Đắk Nông,NTB,AM Nhung
NTB - Đắk Nông,(DNO) Đức An,Hàng Mới Ca 1,2026-10-01 - Thứ 5,363,99.45%,77.69%,1.65%,11.16,282,6,361,6,75,2,0.55%,20.66%,363,Đắk Nông,NTB,AM Nhung
NTB - Đắk Nông,(DNO) Đức An,Hàng Mới Ca 1,2026-09-12 - Thứ 7,499,99.20%,76.35%,2.00%,10.02,381,10,495,10,108,4,0.80%,21.65%,499,Đắk Nông,NTB,AM Nhung
NTB - Đắk Nông,(DNO) Đức An,Hàng Mới Ca 1,2026-10-05 - Thứ 2,424,87.26%,70.05%,3.07%,11.4,297,13,370,13,114,54,12.74%,26.88%,424,Đắk Nông,NTB,AM Nhung
NTB - Đắk Nông,(DNO) Đức An,Hàng Mới Ca 1,2026-09-22 - Thứ 3,506,100.00%,81.42%,1.58%,13.78,412,8,506,8,86,0,0.00%,17.00%,506,Đắk Nông,NTB,AM Nhung
NTB - Đắk Nông,(DNO) Đức An,Hàng Mới Ca 1,2026-09-23 - Thứ 4,389,99.74%,71.72%,0.77%,11.85,279,3,388,3,107,1,0.26%,27.51%,389,Đắk Nông,NTB,AM Nhung
NTB - Đắk Nông,(DNO) Đức An,Hàng Mới Ca 1,2026-09-14 - Thứ 2,579,99.83%,76.68%,2.25%,11.44,444,13,578,13,122,1,0.17%,21.07%,579,Đắk Nông,NTB,AM Nhung
NTB - Đắk Nông,(DNO) Đức An,Hàng Mới Ca 1,2026-09-15 - Thứ 3,437,100.00%,82.61%,2.75%,11.87,361,12,437,12,64,0,0.00%,14.64%,437,Đắk Nông,NTB,AM Nhung
NTB - Đắk Nông,(DNO) Đức An,Hàng Mới Ca 1,2026-10-02 - Thứ 6,530,99.81%,74.72%,3.77%,13.33,396,20,529,20,114,1,0.19%,21.51%,530,Đắk Nông,NTB,AM Nhung
NTB - Đắk Nông,(DNO) Đức An,Hàng Mới Ca 1,2026-09-29 - Thứ 3,338,96.45%,78.40%,1.48%,10.36,265,5,326,5,68,12,3.55%,20.12%,338,Đắk Nông,NTB,AM Nhung
NTB - Đắk Nông,(DNO) Đức An,Hàng Mới Ca 1,2026-10-08 - Thứ 5,478,99.37%,82.85%,3.35%,12.06,396,16,475,16,66,3,0.63%,13.80%,478,Đắk Nông,NTB,AM Nhung
NTB - Đắk Nông,(DNO) Đức An,Hàng Mới Ca 1,2026-09-19 - Thứ 7,278,100.00%,78.06%,2.88%,11.6,217,8,278,8,53,0,0.00%,19.06%,278,Đắk Nông,NTB,AM Nhung
NTB - Đắk Nông,(DNO) Đức An,Hàng Mới Ca 1,2026-10-04 - Chủ Nhật,522,100.00%,81.03%,2.11%,12.63,423,11,522,11,88,0,0.00%,16.86%,522,Đắk Nông,NTB,AM Nhung
NTB - Đắk Nông,(DNO) Đức An,Hàng Mới Ca 1,2026-09-30 - Thứ 4,255,86.27%,72.94%,0.39%,10.99,186,1,220,1,68,35,13.73%,26.67%,255,Đắk Nông,NTB,AM Nhung
NTB - Đắk Nông,(DNO) Đức An,Hàng Mới Ca 1,2026-09-17 - Thứ 5,567,86.95%,68.61%,3.35%,14.63,389,19,493,19,159,74,13.05%,28.04%,567,Đắk Nông,NTB,AM Nhung
NTB - Đắk Nông,(DNO) Đức An,Hàng Mới Ca 1,2026-10-09 - Thứ 6,489,99.39%,81.39%,1.02%,11.93,398,5,486,5,86,3,0.61%,17.59%,489,Đắk Nông,NTB,AM Nhung
NTB - Đắk Nông,(DNO) Đức An,Hàng Mới Ca 1,2026-09-26 - Thứ 7,404,99.75%,78.22%,2.48%,14.54,316,10,403,10,78,1,0.25%,19.30%,404,Đắk Nông,NTB,AM Nhung
NTB - Đắk Nông,(DNO) Đức An,Hàng Mới Ca 1,2026-09-28 - Thứ 2,380,99.74%,83.42%,0.79%,14.32,317,3,379,3,60,1,0.26%,15.79%,380,Đắk Nông,NTB,AM Nhung
NTB - Đắk Nông,(DNO) Đức An,Hàng Mới Ca 1,2026-10-03 - Thứ 7,526,85.55%,62.36%,2.47%,14.11,328,13,450,13,185,76,14.45%,35.17%,526,Đắk Nông,NTB,AM Nhung
NTB - Đắk Nông,(DNO) Đức An,Hàng Mới Ca 1,2026-09-16 - Thứ 4,365,91.78%,70.96%,3.29%,12.23,259,12,335,12,94,30,8.22%,25.75%,365,Đắk Nông,NTB,AM Nhung
NTB - Đắk Nông,(DNO) Đức An,Hàng Mới Ca 1,2026-09-25 - Thứ 6,502,99.40%,78.69%,2.19%,12.98,395,11,499,11,96,3,0.60%,19.12%,502,Đắk Nông,NTB,AM Nhung
NTB - Đắk Nông,(DNO) Đức An,Hàng Mới Ca 1,2026-09-18 - Thứ 6,375,100.00%,81.60%,2.13%,10.88,306,8,375,8,61,0,0.00%,16.27%,375,Đắk Nông,NTB,AM Nhung
NTB - Đắk Nông,(DNO) Đức An,Hàng Mới Ca 1,2026-09-13 - Chủ Nhật,361,100.00%,80.06%,0.55%,12.53,289,2,361,2,70,0,0.00%,19.39%,361,Đắk Nông,NTB,AM Nhung
NTB - Đắk Nông,(DNO) Đức An,Hàng Mới Ca 1,2026-09-27 - Chủ Nhật,428,90.19%,67.99%,2.34%,14.05,291,10,386,10,127,42,9.81%,29.67%,428,Đắk Nông,NTB,AM Nhung
NTB - Đắk Nông,(DNO) Đức An,Hàng Mới Ca 2,2026-09-25 - Thứ 6,1,0.00%,0.00%,0.00%,0,0,0,0,0,1,1,100.00%,100.00%,1,Đắk Nông,NTB,AM Nhung
NTB - Đắk Nông,(DNO) Đức An,Hàng Mới Ca 2,2026-09-16 - Thứ 4,1,0.00%,0.00%,0.00%,0,0,0,0,0,1,1,100.00%,100.00%,1,Đắk Nông,NTB,AM Nhung
NTB - Đắk Nông,(DNO) Đức An,Hàng Mới Ca 2,2026-09-29 - Thứ 3,1,0.00%,0.00%,0.00%,0,0,0,0,0,1,1,100.00%,100.00%,1,Đắk Nông,NTB,AM Nhung
NTB - Đắk Nông,(DNO) Đức An,Hàng Tồn,2026-09-18 - Thứ 6,221,99.10%,50.68%,7.24%,41.27,112,16,219,16,93,2,0.90%,42.08%,0,Đắk Nông,NTB,AM Nhung
NTB - Đắk Nông,(DNO) Đức An,Hàng Tồn,2026-09-20 - Chủ Nhật,97,98.97%,34.02%,11.34%,45.82,33,11,96,11,53,1,1.03%,54.64%,0,Đắk Nông,NTB,AM Nhung
NTB - Đắk Nông,(DNO) Đức An,Hàng Tồn,2026-10-06 - Thứ 3,191,82.20%,34.03%,5.76%,42.06,65,11,157,11,115,34,17.80%,60.21%,0,Đắk Nông,NTB,AM Nhung
NTB - Đắk Nông,(DNO) Đức An,Hàng Tồn,2026-10-01 - Thứ 5,132,96.21%,37.12%,12.88%,41.29,49,17,127,17,66,5,3.79%,50.00%,0,Đắk Nông,NTB,AM Nhung
NTB - Đắk Nông,(DNO) Đức An,Hàng Tồn,2026-09-12 - Thứ 7,136,98.53%,34.56%,7.35%,55.62,47,10,134,10,79,2,1.47%,58.09%,0,Đắk Nông,NTB,AM Nhung
NTB - Đắk Nông,(DNO) Đức An,Hàng Tồn,2026-09-22 - Thứ 3,167,99.40%,46.71%,5.99%,46.47,78,10,166,10,79,1,0.60%,47.30%,0,Đắk Nông,NTB,AM Nhung
NTB - Đắk Nông,(DNO) Đức An,Hàng Tồn,2026-09-23 - Thứ 4,132,98.48%,32.58%,11.36%,42.35,43,15,130,15,74,2,1.52%,56.06%,0,Đắk Nông,NTB,AM Nhung
NTB - Đắk Nông,(DNO) Đức An,Hàng Tồn,2026-09-14 - Thứ 2,140,97.86%,39.29%,7.14%,49.45,55,10,137,10,75,3,2.14%,53.57%,0,Đắk Nông,NTB,AM Nhung
NTB - Đắk Nông,(DNO) Đức An,Hàng Tồn,2026-09-15 - Thứ 3,162,99.38%,45.06%,8.02%,39.22,73,13,161,13,76,1,0.62%,46.92%,0,Đắk Nông,NTB,AM Nhung
NTB - Đắk Nông,(DNO) Đức An,Hàng Tồn,2026-09-29 - Thứ 3,118,96.61%,22.03%,10.17%,41.13,26,12,114,12,80,4,3.39%,67.80%,0,Đắk Nông,NTB,AM Nhung
NTB - Đắk Nông,(DNO) Đức An,Hàng Tồn,2026-10-04 - Chủ Nhật,241,99.59%,51.04%,5.81%,42.52,123,14,240,14,104,1,0.41%,43.15%,0,Đắk Nông,NTB,AM Nhung
NTB - Đắk Nông,(DNO) Đức An,Hàng Tồn,2026-09-17 - Thứ 5,158,94.30%,32.91%,10.76%,39.63,52,17,149,17,89,9,5.70%,56.33%,0,Đắk Nông,NTB,AM Nhung
NTB - Đắk Nông,(DNO) Đức An,Hàng Tồn,2026-10-07 - Thứ 4,230,96.96%,60.00%,6.09%,42.07,138,14,223,14,78,7,3.04%,33.91%,0,Đắk Nông,NTB,AM Nhung
NTB - Đắk Nông,(DNO) Đức An,Hàng Tồn,2026-10-03 - Thứ 7,159,96.23%,35.85%,6.92%,42.36,57,11,153,11,91,6,3.77%,57.23%,0,Đắk Nông,NTB,AM Nhung
NTB - Đắk Nông,(DNO) Đức An,Hàng Tồn,2026-09-16 - Thứ 4,121,75.21%,23.14%,5.79%,42.86,28,7,91,7,86,30,24.79%,71.07%,0,Đắk Nông,NTB,AM Nhung
NTB - Đắk Nông,(DNO) Đức An,Hàng Tồn,2026-09-24 - Thứ 5,161,98.14%,42.86%,8.07%,48.18,69,13,158,13,79,3,1.86%,49.07%,0,Đắk Nông,NTB,AM Nhung
NTB - Đắk Nông,(DNO) Đức An,Hàng Tồn,2026-09-25 - Thứ 6,133,97.74%,39.10%,8.27%,44,52,11,130,11,70,3,2.26%,52.63%,0,Đắk Nông,NTB,AM Nhung
NTB - Đắk Nông,(DNO) Đức An,Hàng Tồn,2026-09-27 - Chủ Nhật,134,90.30%,20.90%,2.99%,43.64,28,4,121,4,102,13,9.70%,76.11%,0,Đắk Nông,NTB,AM Nhung
NTB - Đắk Nông,(DNO) Đức An,Hàng Tồn,2026-09-21 - Thứ 2,153,92.81%,36.60%,3.92%,42.83,56,6,142,6,91,11,7.19%,59.48%,0,Đắk Nông,NTB,AM Nhung
NTB - Đắk Nông,(DNO) Đức An,Hàng Tồn,2026-10-05 - Thứ 2,158,79.75%,30.38%,5.70%,45.14,48,9,126,9,101,32,20.25%,63.92%,0,Đắk Nông,NTB,AM Nhung
NTB - Đắk Nông,(DNO) Đức An,Hàng Tồn,2026-10-02 - Thứ 6,115,94.78%,33.91%,5.22%,45.24,39,6,109,6,70,6,5.22%,60.87%,0,Đắk Nông,NTB,AM Nhung
NTB - Đắk Nông,(DNO) Đức An,Hàng Tồn,2026-09-19 - Thứ 7,128,98.44%,28.13%,14.84%,47.79,36,19,126,19,73,2,1.56%,57.03%,0,Đắk Nông,NTB,AM Nhung
NTB - Đắk Nông,(DNO) Đức An,Hàng Tồn,2026-09-26 - Thứ 7,136,98.53%,36.76%,8.09%,42.14,50,11,134,11,75,2,1.47%,55.15%,0,Đắk Nông,NTB,AM Nhung
NTB - Đắk Nông,(DNO) Đức An,Hàng Tồn,2026-09-28 - Thứ 2,186,98.39%,45.16%,6.99%,40.47,84,13,183,13,89,3,1.61%,47.85%,0,Đắk Nông,NTB,AM Nhung
NTB - Đắk Nông,(DNO) Đức An,Hàng Tồn,2026-09-30 - Thứ 4,115,82.61%,29.57%,6.96%,39.55,34,8,95,8,73,20,17.39%,63.47%,0,Đắk Nông,NTB,AM Nhung
NTB - Đắk Nông,(DNO) Đức An,Hàng Tồn,2026-10-09 - Thứ 6,114,95.61%,26.32%,9.65%,44.41,30,11,109,11,73,5,4.39%,64.03%,0,Đắk Nông,NTB,AM Nhung
NTB - Đắk Nông,(DNO) Đức An,Hàng Tồn,2026-09-13 - Chủ Nhật,157,99.36%,38.85%,7.01%,39.36,61,11,156,11,85,1,0.64%,54.14%,0,Đắk Nông,NTB,AM Nhung
NTB - Đắk Nông,(DNO) Đức An,Hàng Tồn,2026-10-08 - Thứ 5,119,98.32%,36.13%,8.40%,46.88,43,10,117,10,66,2,1.68%,55.47%,0,Đắk Nông,NTB,AM Nhung
NTB - Đắk Nông,(DNO) Đông Gia Nghĩa,Hàng Mới Ca 1,2026-10-03 - Thứ 7,328,86.59%,51.52%,0.61%,20.21,169,2,284,2,157,44,13.41%,47.87%,328,Đắk Nông,NTB,AM Duân
NTB - Đắk Nông,(DNO) Đông Gia Nghĩa,Hàng Mới Ca 1,2026-09-13 - Chủ Nhật,313,94.89%,60.06%,1.28%,16.42,188,4,297,4,121,16,5.11%,38.66%,313,Đắk Nông,NTB,AM Duân
NTB - Đắk Nông,(DNO) Đông Gia Nghĩa,Hàng Mới Ca 1,2026-10-06 - Thứ 3,259,95.75%,63.71%,0.77%,18.37,165,2,248,2,92,11,4.25%,35.52%,259,Đắk Nông,NTB,AM Duân
NTB - Đắk Nông,(DNO) Đông Gia Nghĩa,Hàng Mới Ca 1,2026-10-01 - Thứ 5,273,71.79%,43.22%,0.00%,18.38,118,0,196,0,155,77,28.21%,56.78%,273,Đắk Nông,NTB,AM Duân
NTB - Đắk Nông,(DNO) Đông Gia Nghĩa,Hàng Mới Ca 1,2026-09-12 - Thứ 7,299,94.31%,68.90%,0.67%,16.98,206,2,282,2,91,17,5.69%,30.43%,299,Đắk Nông,NTB,AM Duân
NTB - Đắk Nông,(DNO) Đông Gia Nghĩa,Hàng Mới Ca 1,2026-10-05 - Thứ 2,377,50.13%,36.34%,0.53%,18.55,137,2,189,2,238,188,49.87%,63.13%,377,Đắk Nông,NTB,AM Duân
NTB - Đắk Nông,(DNO) Đông Gia Nghĩa,Hàng Mới Ca 1,2026-09-22 - Thứ 3,297,85.52%,58.59%,0.34%,18.49,174,1,254,1,122,43,14.48%,41.07%,297,Đắk Nông,NTB,AM Duân
NTB - Đắk Nông,(DNO) Đông Gia Nghĩa,Hàng Mới Ca 1,2026-09-15 - Thứ 3,281,95.02%,65.48%,0.36%,17.12,184,1,267,1,96,14,4.98%,34.16%,281,Đắk Nông,NTB,AM Duân
NTB - Đắk Nông,(DNO) Đông Gia Nghĩa,Hàng Mới Ca 1,2026-10-02 - Thứ 6,296,74.32%,50.00%,0.34%,19.94,148,1,220,1,147,76,25.68%,49.66%,296,Đắk Nông,NTB,AM Duân
NTB - Đắk Nông,(DNO) Đông Gia Nghĩa,Hàng Mới Ca 1,2026-09-29 - Thứ 3,170,76.47%,50.00%,0.00%,19.64,85,0,130,0,85,40,23.53%,50.00%,170,Đắk Nông,NTB,AM Duân
NTB - Đắk Nông,(DNO) Đông Gia Nghĩa,Hàng Mới Ca 1,2026-10-08 - Thứ 5,328,89.02%,67.68%,0.00%,19.91,222,0,292,0,106,36,10.98%,32.32%,328,Đắk Nông,NTB,AM Duân
NTB - Đắk Nông,(DNO) Đông Gia Nghĩa,Hàng Mới Ca 1,2026-10-04 - Chủ Nhật,307,75.90%,54.40%,0.33%,19.18,167,1,233,1,139,74,24.10%,45.27%,307,Đắk Nông,NTB,AM Duân
NTB - Đắk Nông,(DNO) Đông Gia Nghĩa,Hàng Mới Ca 1,2026-09-30 - Thứ 4,296,65.54%,35.47%,0.00%,17.16,105,0,194,0,191,102,34.46%,64.53%,296,Đắk Nông,NTB,AM Duân
NTB - Đắk Nông,(DNO) Đông Gia Nghĩa,Hàng Mới Ca 1,2026-09-17 - Thứ 5,282,76.95%,49.65%,0.35%,19.87,140,1,217,1,141,65,23.05%,50.00%,282,Đắk Nông,NTB,AM Duân
NTB - Đắk Nông,(DNO) Đông Gia Nghĩa,Hàng Mới Ca 1,2026-10-09 - Thứ 6,287,95.82%,65.16%,0.70%,18.53,187,2,275,2,98,12,4.18%,34.14%,287,Đắk Nông,NTB,AM Duân
NTB - Đắk Nông,(DNO) Đông Gia Nghĩa,Hàng Mới Ca 1,2026-09-26 - Thứ 7,267,73.41%,50.19%,0.00%,17.5,134,0,196,0,133,71,26.59%,49.81%,267,Đắk Nông,NTB,AM Duân
NTB - Đắk Nông,(DNO) Đông Gia Nghĩa,Hàng Mới Ca 1,2026-09-28 - Thứ 2,296,88.18%,67.91%,0.00%,18.54,201,0,261,0,95,35,11.82%,32.09%,296,Đắk Nông,NTB,AM Duân
NTB - Đắk Nông,(DNO) Đông Gia Nghĩa,Hàng Mới Ca 1,2026-10-07 - Thứ 4,254,94.88%,57.87%,0.39%,18.01,147,1,241,1,106,13,5.12%,41.74%,254,Đắk Nông,NTB,AM Duân
NTB - Đắk Nông,(DNO) Đông Gia Nghĩa,Hàng Mới Ca 1,2026-09-16 - Thứ 4,263,86.69%,46.01%,0.00%,21.11,121,0,228,0,142,35,13.31%,53.99%,263,Đắk Nông,NTB,AM Duân
NTB - Đắk Nông,(DNO) Đông Gia Nghĩa,Hàng Mới Ca 1,2026-09-25 - Thứ 6,378,73.54%,46.83%,0.00%,18.7,177,0,278,0,201,100,26.46%,53.17%,378,Đắk Nông,NTB,AM Duân
NTB - Đắk Nông,(DNO) Đông Gia Nghĩa,Hàng Mới Ca 1,2026-09-18 - Thứ 6,263,81.37%,56.65%,0.00%,18.79,149,0,214,0,114,49,18.63%,43.35%,263,Đắk Nông,NTB,AM Duân
NTB - Đắk Nông,(DNO) Đông Gia Nghĩa,Hàng Mới Ca 1,2026-09-21 - Thứ 2,152,96.05%,64.47%,0.00%,20.16,98,0,146,0,54,6,3.95%,35.53%,152,Đắk Nông,NTB,AM Duân
NTB - Đắk Nông,(DNO) Đông Gia Nghĩa,Hàng Mới Ca 1,2026-09-27 - Chủ Nhật,299,68.23%,41.47%,0.00%,18.41,124,0,204,0,175,95,31.77%,58.53%,299,Đắk Nông,NTB,AM Duân
NTB - Đắk Nông,(DNO) Đông Gia Nghĩa,Hàng Mới Ca 1,2026-09-20 - Chủ Nhật,373,75.34%,49.60%,0.80%,20.18,185,3,281,3,185,92,24.66%,49.60%,373,Đắk Nông,NTB,AM Duân
NTB - Đắk Nông,(DNO) Đông Gia Nghĩa,Hàng Mới Ca 1,2026-09-24 - Thứ 5,266,87.97%,69.17%,1.13%,18.87,184,3,234,3,79,32,12.03%,29.70%,266,Đắk Nông,NTB,AM Duân
NTB - Đắk Nông,(DNO) Đông Gia Nghĩa,Hàng Mới Ca 1,2026-09-14 - Thứ 2,321,90.65%,64.17%,0.93%,14.45,206,3,291,3,112,30,9.35%,34.90%,321,Đắk Nông,NTB,AM Duân
NTB - Đắk Nông,(DNO) Đông Gia Nghĩa,Hàng Mới Ca 1,2026-09-19 - Thứ 7,259,73.75%,48.65%,0.00%,15.97,126,0,191,0,133,68,26.25%,51.35%,259,Đắk Nông,NTB,AM Duân
NTB - Đắk Nông,(DNO) Đông Gia Nghĩa,Hàng Mới Ca 1,2026-09-23 - Thứ 4,230,92.61%,65.22%,0.43%,19.76,150,1,213,1,79,17,7.39%,34.35%,230,Đắk Nông,NTB,AM Duân
NTB - Đắk Nông,(DNO) Đông Gia Nghĩa,Hàng Tồn,2026-09-18 - Thứ 6,231,86.15%,34.20%,5.63%,53.76,79,13,199,13,139,32,13.85%,60.17%,0,Đắk Nông,NTB,AM Duân
NTB - Đắk Nông,(DNO) Đông Gia Nghĩa,Hàng Tồn,2026-09-24 - Thứ 5,176,83.52%,29.55%,6.25%,73.16,52,11,147,11,113,29,16.48%,64.20%,0,Đắk Nông,NTB,AM Duân
NTB - Đắk Nông,(DNO) Đông Gia Nghĩa,Hàng Tồn,2026-10-06 - Thứ 3,420,96.19%,52.86%,3.81%,65.18,222,16,404,16,182,16,3.81%,43.33%,0,Đắk Nông,NTB,AM Duân
NTB - Đắk Nông,(DNO) Đông Gia Nghĩa,Hàng Tồn,2026-09-12 - Thứ 7,308,92.86%,42.21%,6.82%,56.38,130,21,286,21,157,22,7.14%,50.97%,0,Đắk Nông,NTB,AM Duân
NTB - Đắk Nông,(DNO) Đông Gia Nghĩa,Hàng Tồn,2026-10-05 - Thứ 2,285,56.14%,22.46%,4.56%,56.5,64,13,160,13,208,125,43.86%,72.98%,0,Đắk Nông,NTB,AM Duân
NTB - Đắk Nông,(DNO) Đông Gia Nghĩa,Hàng Tồn,2026-09-22 - Thứ 3,185,88.11%,34.59%,10.27%,69.67,64,19,163,19,102,22,11.89%,55.14%,0,Đắk Nông,NTB,AM Duân
NTB - Đắk Nông,(DNO) Đông Gia Nghĩa,Hàng Tồn,2026-09-23 - Thứ 4,213,85.92%,35.21%,4.23%,59.35,75,9,183,9,129,30,14.08%,60.56%,0,Đắk Nông,NTB,AM Duân
NTB - Đắk Nông,(DNO) Đông Gia Nghĩa,Hàng Tồn,2026-09-14 - Thứ 2,208,88.46%,37.50%,6.25%,51.82,78,13,184,13,117,24,11.54%,56.25%,0,Đắk Nông,NTB,AM Duân
NTB - Đắk Nông,(DNO) Đông Gia Nghĩa,Hàng Tồn,2026-09-15 - Thứ 3,209,95.69%,37.32%,13.40%,50.74,78,28,200,28,103,9,4.31%,49.28%,0,Đắk Nông,NTB,AM Duân
NTB - Đắk Nông,(DNO) Đông Gia Nghĩa,Hàng Tồn,2026-10-02 - Thứ 6,318,94.65%,43.08%,5.35%,58.59,137,17,301,17,164,17,5.35%,51.57%,0,Đắk Nông,NTB,AM Duân
NTB - Đắk Nông,(DNO) Đông Gia Nghĩa,Hàng Tồn,2026-09-29 - Thứ 3,222,95.50%,34.23%,6.76%,63.03,76,15,212,15,131,10,4.50%,59.01%,0,Đắk Nông,NTB,AM Duân
NTB - Đắk Nông,(DNO) Đông Gia Nghĩa,Hàng Tồn,2026-10-08 - Thứ 5,221,92.31%,41.18%,4.52%,59.1,91,10,204,10,120,17,7.69%,54.30%,0,Đắk Nông,NTB,AM Duân
NTB - Đắk Nông,(DNO) Đông Gia Nghĩa,Hàng Tồn,2026-09-19 - Thứ 7,234,73.50%,30.34%,5.13%,55.67,71,12,172,12,151,62,26.50%,64.53%,0,Đắk Nông,NTB,AM Duân
NTB - Đắk Nông,(DNO) Đông Gia Nghĩa,Hàng Tồn,2026-09-30 - Thứ 4,194,71.65%,22.16%,4.64%,51.67,43,9,139,9,142,55,28.35%,73.20%,0,Đắk Nông,NTB,AM Duân
NTB - Đắk Nông,(DNO) Đông Gia Nghĩa,Hàng Tồn,2026-09-17 - Thứ 5,238,93.70%,39.92%,5.04%,51.43,95,12,223,12,131,15,6.30%,55.04%,0,Đắk Nông,NTB,AM Duân
NTB - Đắk Nông,(DNO) Đông Gia Nghĩa,Hàng Tồn,2026-09-26 - Thứ 7,292,76.71%,28.77%,5.14%,57.22,84,15,224,15,193,68,23.29%,66.09%,0,Đắk Nông,NTB,AM Duân
NTB - Đắk Nông,(DNO) Đông Gia Nghĩa,Hàng Tồn,2026-09-28 - Thứ 2,354,96.33%,47.46%,6.21%,58.54,168,22,341,22,164,13,3.67%,46.33%,0,Đắk Nông,NTB,AM Duân
NTB - Đắk Nông,(DNO) Đông Gia Nghĩa,Hàng Tồn,2026-10-07 - Thứ 4,255,94.12%,36.86%,4.31%,63.86,94,11,240,11,150,15,5.88%,58.83%,0,Đắk Nông,NTB,AM Duân
NTB - Đắk Nông,(DNO) Đông Gia Nghĩa,Hàng Tồn,2026-09-16 - Thứ 4,175,92.57%,26.86%,5.71%,54.62,47,10,162,10,118,13,7.43%,67.43%,0,Đắk Nông,NTB,AM Duân
NTB - Đắk Nông,(DNO) Đông Gia Nghĩa,Hàng Tồn,2026-09-25 - Thứ 6,174,82.18%,25.29%,5.75%,59.61,44,10,143,10,120,31,17.82%,68.96%,0,Đắk Nông,NTB,AM Duân
NTB - Đắk Nông,(DNO) Đông Gia Nghĩa,Hàng Tồn,2026-09-27 - Chủ Nhật,290,82.07%,24.48%,2.76%,56.44,71,8,238,8,211,52,17.93%,72.76%,0,Đắk Nông,NTB,AM Duân
NTB - Đắk Nông,(DNO) Đông Gia Nghĩa,Hàng Tồn,2026-09-21 - Thứ 2,321,96.26%,49.22%,3.12%,58.45,158,10,309,10,153,12,3.74%,47.66%,0,Đắk Nông,NTB,AM Duân
NTB - Đắk Nông,(DNO) Đông Gia Nghĩa,Hàng Tồn,2026-09-20 - Chủ Nhật,264,78.41%,33.71%,5.68%,56.68,89,15,207,15,160,57,21.59%,60.61%,0,Đắk Nông,NTB,AM Duân
NTB - Đắk Nông,(DNO) Đông Gia Nghĩa,Hàng Tồn,2026-09-13 - Chủ Nhật,224,95.98%,35.71%,7.59%,63.28,80,17,215,17,127,9,4.02%,56.70%,0,Đắk Nông,NTB,AM Duân
NTB - Đắk Nông,(DNO) Đông Gia Nghĩa,Hàng Tồn,2026-10-01 - Thứ 5,312,72.12%,35.26%,4.81%,61.13,110,15,225,15,187,87,27.88%,59.93%,0,Đắk Nông,NTB,AM Duân
NTB - Đắk Nông,(DNO) Đông Gia Nghĩa,Hàng Tồn,2026-10-04 - Chủ Nhật,262,80.15%,32.06%,2.67%,60.9,84,7,210,7,171,52,19.85%,65.27%,0,Đắk Nông,NTB,AM Duân
NTB - Đắk Nông,(DNO) Đông Gia Nghĩa,Hàng Tồn,2026-10-09 - Thứ 6,171,92.98%,39.77%,3.51%,59.46,68,6,159,6,97,12,7.02%,56.72%,0,Đắk Nông,NTB,AM Duân
NTB - Đắk Nông,(DNO) Đông Gia Nghĩa,Hàng Tồn,2026-10-03 - Thứ 7,273,97.07%,41.76%,5.86%,57.05,114,16,265,16,143,8,2.93%,52.38%,0,Đắk Nông,NTB,AM Duân
NTB - Đắk Nông,(DNO) Tuy Đức,Hàng Mới Ca 1,2026-09-21 - Thứ 2,113,93.81%,47.79%,0.00%,18.36,54,0,106,0,59,7,6.19%,52.21%,113,Đắk Nông,NTB,AM Nhung
NTB - Đắk Nông,(DNO) Tuy Đức,Hàng Mới Ca 1,2026-09-13 - Chủ Nhật,357,73.67%,37.25%,0.56%,13.49,133,2,263,2,222,94,26.33%,62.19%,357,Đắk Nông,NTB,AM Nhung
NTB - Đắk Nông,(DNO) Tuy Đức,Hàng Mới Ca 1,2026-10-06 - Thứ 3,207,100.00%,57.97%,0.97%,13.87,120,2,207,2,85,0,0.00%,41.06%,207,Đắk Nông,NTB,AM Nhung
NTB - Đắk Nông,(DNO) Tuy Đức,Hàng Mới Ca 1,2026-10-01 - Thứ 5,214,100.00%,71.03%,1.87%,10.53,152,4,214,4,58,0,0.00%,27.10%,214,Đắk Nông,NTB,AM Nhung
NTB - Đắk Nông,(DNO) Tuy Đức,Hàng Mới Ca 1,2026-09-12 - Thứ 7,306,50.33%,28.76%,1.63%,11.23,88,5,154,5,213,152,49.67%,69.61%,306,Đắk Nông,NTB,AM Nhung
NTB - Đắk Nông,(DNO) Tuy Đức,Hàng Mới Ca 1,2026-10-05 - Thứ 2,309,94.50%,58.25%,1.62%,16.28,180,5,292,5,124,17,5.50%,40.13%,309,Đắk Nông,NTB,AM Nhung
NTB - Đắk Nông,(DNO) Tuy Đức,Hàng Mới Ca 1,2026-09-22 - Thứ 3,322,63.98%,41.93%,0.62%,17.87,135,2,206,2,185,116,36.02%,57.45%,322,Đắk Nông,NTB,AM Nhung
NTB - Đắk Nông,(DNO) Tuy Đức,Hàng Mới Ca 1,2026-09-23 - Thứ 4,197,86.29%,63.96%,1.02%,18.19,126,2,170,2,69,27,13.71%,35.02%,197,Đắk Nông,NTB,AM Nhung
NTB - Đắk Nông,(DNO) Tuy Đức,Hàng Mới Ca 1,2026-09-15 - Thứ 3,285,85.26%,46.67%,2.46%,14.77,133,7,243,7,145,42,14.74%,50.87%,285,Đắk Nông,NTB,AM Nhung
NTB - Đắk Nông,(DNO) Tuy Đức,Hàng Mới Ca 1,2026-10-02 - Thứ 6,277,99.28%,62.45%,0.72%,13.55,173,2,275,2,102,2,0.72%,36.83%,277,Đắk Nông,NTB,AM Nhung
NTB - Đắk Nông,(DNO) Tuy Đức,Hàng Mới Ca 1,2026-09-29 - Thứ 3,91,87.91%,59.34%,1.10%,9.17,54,1,80,1,36,11,12.09%,39.56%,91,Đắk Nông,NTB,AM Nhung
NTB - Đắk Nông,(DNO) Tuy Đức,Hàng Mới Ca 1,2026-10-08 - Thứ 5,253,72.73%,52.96%,1.19%,12.95,134,3,184,3,116,69,27.27%,45.85%,253,Đắk Nông,NTB,AM Nhung
NTB - Đắk Nông,(DNO) Tuy Đức,Hàng Mới Ca 1,2026-09-19 - Thứ 7,263,61.22%,35.36%,0.00%,19.6,93,0,161,0,170,102,38.78%,64.64%,263,Đắk Nông,NTB,AM Nhung
NTB - Đắk Nông,(DNO) Tuy Đức,Hàng Mới Ca 1,2026-10-04 - Chủ Nhật,235,90.21%,48.09%,1.70%,16.86,113,4,212,4,118,23,9.79%,50.21%,235,Đắk Nông,NTB,AM Nhung
NTB - Đắk Nông,(DNO) Tuy Đức,Hàng Mới Ca 1,2026-09-30 - Thứ 4,191,100.00%,62.30%,1.57%,20.1,119,3,191,3,69,0,0.00%,36.13%,191,Đắk Nông,NTB,AM Nhung
NTB - Đắk Nông,(DNO) Tuy Đức,Hàng Mới Ca 1,2026-09-17 - Thứ 5,388,65.98%,44.59%,1.55%,14.51,173,6,256,6,209,132,34.02%,53.86%,388,Đắk Nông,NTB,AM Nhung
NTB - Đắk Nông,(DNO) Tuy Đức,Hàng Mới Ca 1,2026-10-09 - Thứ 6,282,88.65%,43.26%,2.13%,16.97,122,6,250,6,154,32,11.35%,54.61%,282,Đắk Nông,NTB,AM Nhung
NTB - Đắk Nông,(DNO) Tuy Đức,Hàng Mới Ca 1,2026-09-26 - Thứ 7,182,90.66%,62.09%,0.00%,14.75,113,0,165,0,69,17,9.34%,37.91%,182,Đắk Nông,NTB,AM Nhung
NTB - Đắk Nông,(DNO) Tuy Đức,Hàng Mới Ca 1,2026-09-28 - Thứ 2,199,98.99%,61.81%,2.01%,11.87,123,4,197,4,72,2,1.01%,36.18%,199,Đắk Nông,NTB,AM Nhung
NTB - Đắk Nông,(DNO) Tuy Đức,Hàng Mới Ca 1,2026-10-07 - Thứ 4,211,99.53%,64.45%,0.95%,18.82,136,2,210,2,73,1,0.47%,34.60%,211,Đắk Nông,NTB,AM Nhung
NTB - Đắk Nông,(DNO) Tuy Đức,Hàng Mới Ca 1,2026-10-03 - Thứ 7,225,95.56%,55.11%,1.78%,13.78,124,4,215,4,97,10,4.44%,43.11%,225,Đắk Nông,NTB,AM Nhung
NTB - Đắk Nông,(DNO) Tuy Đức,Hàng Mới Ca 1,2026-09-27 - Chủ Nhật,190,83.68%,51.05%,1.05%,14.27,97,2,159,2,91,31,16.32%,47.90%,190,Đắk Nông,NTB,AM Nhung
NTB - Đắk Nông,(DNO) Tuy Đức,Hàng Mới Ca 1,2026-09-24 - Thứ 5,284,73.24%,27.46%,0.70%,14.64,78,2,208,2,204,76,26.76%,71.84%,284,Đắk Nông,NTB,AM Nhung
NTB - Đắk Nông,(DNO) Tuy Đức,Hàng Mới Ca 1,2026-09-25 - Thứ 6,299,61.87%,43.14%,0.33%,14.42,129,1,185,1,169,114,38.13%,56.53%,299,Đắk Nông,NTB,AM Nhung
NTB - Đắk Nông,(DNO) Tuy Đức,Hàng Mới Ca 1,2026-09-18 - Thứ 6,104,80.77%,58.65%,0.00%,7.75,61,0,84,0,43,20,19.23%,41.35%,104,Đắk Nông,NTB,AM Nhung
NTB - Đắk Nông,(DNO) Tuy Đức,Hàng Mới Ca 1,2026-09-20 - Chủ Nhật,354,75.42%,46.33%,0.85%,14.63,164,3,267,3,187,87,24.58%,52.82%,354,Đắk Nông,NTB,AM Nhung
NTB - Đắk Nông,(DNO) Tuy Đức,Hàng Mới Ca 1,2026-09-14 - Thứ 2,301,79.73%,50.50%,0.66%,17.15,152,2,240,2,147,61,20.27%,48.84%,301,Đắk Nông,NTB,AM Nhung
NTB - Đắk Nông,(DNO) Tuy Đức,Hàng Mới Ca 1,2026-09-16 - Thứ 4,160,94.38%,53.13%,3.13%,24.87,85,5,151,5,70,9,5.62%,43.74%,160,Đắk Nông,NTB,AM Nhung
NTB - Đắk Nông,(DNO) Tuy Đức,Hàng Mới Ca 2,2026-09-17 - Thứ 5,142,0.00%,0.00%,0.00%,0,0,0,0,0,142,142,100.00%,100.00%,142,Đắk Nông,NTB,AM Nhung
NTB - Đắk Nông,(DNO) Tuy Đức,Hàng Mới Ca 2,2026-09-28 - Thứ 2,54,0.00%,0.00%,0.00%,0,0,0,0,0,54,54,100.00%,100.00%,54,Đắk Nông,NTB,AM Nhung
NTB - Đắk Nông,(DNO) Tuy Đức,Hàng Mới Ca 2,2026-09-16 - Thứ 4,56,91.07%,53.57%,0.00%,6.37,30,0,51,0,26,5,8.93%,46.43%,56,Đắk Nông,NTB,AM Nhung
NTB - Đắk Nông,(DNO) Tuy Đức,Hàng Mới Ca 2,2026-09-18 - Thứ 6,3,66.67%,33.33%,33.33%,6,1,1,2,1,1,1,33.33%,33.34%,3,Đắk Nông,NTB,AM Nhung
NTB - Đắk Nông,(DNO) Tuy Đức,Hàng Mới Ca 2,2026-09-15 - Thứ 3,1,100.00%,0.00%,0.00%,0,0,0,1,0,1,0,0.00%,100.00%,1,Đắk Nông,NTB,AM Nhung
NTB - Đắk Nông,(DNO) Tuy Đức,Hàng Tồn,2026-09-20 - Chủ Nhật,328,70.73%,30.79%,4.88%,62.35,101,16,232,16,211,96,29.27%,64.33%,0,Đắk Nông,NTB,AM Nhung
NTB - Đắk Nông,(DNO) Tuy Đức,Hàng Tồn,2026-09-24 - Thứ 5,345,76.52%,28.70%,3.48%,95.62,99,12,264,12,234,81,23.48%,67.82%,0,Đắk Nông,NTB,AM Nhung
NTB - Đắk Nông,(DNO) Tuy Đức,Hàng Tồn,2026-10-06 - Thứ 3,221,99.10%,49.77%,8.60%,54.62,110,19,219,19,92,2,0.90%,41.63%,0,Đắk Nông,NTB,AM Nhung
NTB - Đắk Nông,(DNO) Tuy Đức,Hàng Tồn,2026-09-12 - Thứ 7,358,63.13%,30.17%,4.75%,50.94,108,17,226,17,233,132,36.87%,65.08%,0,Đắk Nông,NTB,AM Nhung
NTB - Đắk Nông,(DNO) Tuy Đức,Hàng Tồn,2026-09-22 - Thứ 3,251,30.28%,10.36%,3.59%,63.42,26,9,76,9,216,175,69.72%,86.05%,0,Đắk Nông,NTB,AM Nhung
NTB - Đắk Nông,(DNO) Tuy Đức,Hàng Tồn,2026-09-23 - Thứ 4,391,46.80%,25.58%,3.07%,58.87,100,12,183,12,279,208,53.20%,71.35%,0,Đắk Nông,NTB,AM Nhung
NTB - Đắk Nông,(DNO) Tuy Đức,Hàng Tồn,2026-09-14 - Thứ 2,461,88.94%,45.77%,4.34%,60.42,211,20,410,20,230,51,11.06%,49.89%,0,Đắk Nông,NTB,AM Nhung
NTB - Đắk Nông,(DNO) Tuy Đức,Hàng Tồn,2026-09-15 - Thứ 3,361,98.06%,48.75%,4.71%,63.06,176,17,354,17,168,7,1.94%,46.54%,0,Đắk Nông,NTB,AM Nhung
NTB - Đắk Nông,(DNO) Tuy Đức,Hàng Tồn,2026-10-02 - Thứ 6,95,96.84%,24.21%,6.32%,49.57,23,6,92,6,66,3,3.16%,69.47%,0,Đắk Nông,NTB,AM Nhung
NTB - Đắk Nông,(DNO) Tuy Đức,Hàng Tồn,2026-10-08 - Thứ 5,107,72.90%,41.12%,4.67%,55.14,44,5,78,5,58,29,27.10%,54.21%,0,Đắk Nông,NTB,AM Nhung
NTB - Đắk Nông,(DNO) Tuy Đức,Hàng Tồn,2026-09-19 - Thứ 7,229,64.19%,20.96%,4.80%,52.87,48,11,147,11,170,82,35.81%,74.24%,0,Đắk Nông,NTB,AM Nhung
NTB - Đắk Nông,(DNO) Tuy Đức,Hàng Tồn,2026-09-30 - Thứ 4,119,98.32%,53.78%,5.88%,54.81,64,7,117,7,48,2,1.68%,40.34%,0,Đắk Nông,NTB,AM Nhung
NTB - Đắk Nông,(DNO) Tuy Đức,Hàng Tồn,2026-09-17 - Thứ 5,214,65.89%,27.57%,7.94%,58.2,59,17,141,17,138,73,34.11%,64.49%,0,Đắk Nông,NTB,AM Nhung
NTB - Đắk Nông,(DNO) Tuy Đức,Hàng Tồn,2026-10-09 - Thứ 6,167,87.43%,36.53%,2.40%,49.18,61,4,146,4,102,21,12.57%,61.07%,0,Đắk Nông,NTB,AM Nhung
NTB - Đắk Nông,(DNO) Tuy Đức,Hàng Tồn,2026-09-26 - Thứ 7,408,95.83%,49.26%,5.88%,67.29,201,24,391,24,183,17,4.17%,44.86%,0,Đắk Nông,NTB,AM Nhung
NTB - Đắk Nông,(DNO) Tuy Đức,Hàng Tồn,2026-09-28 - Thứ 2,190,95.79%,58.42%,6.32%,59.77,111,12,182,12,67,8,4.21%,35.26%,0,Đắk Nông,NTB,AM Nhung
NTB - Đắk Nông,(DNO) Tuy Đức,Hàng Tồn,2026-09-16 - Thứ 4,275,91.27%,45.45%,4.00%,59.09,125,11,251,11,139,24,8.73%,50.55%,0,Đắk Nông,NTB,AM Nhung
NTB - Đắk Nông,(DNO) Tuy Đức,Hàng Tồn,2026-09-25 - Thứ 6,414,67.87%,32.13%,5.80%,58.62,133,24,281,24,257,133,32.13%,62.07%,0,Đắk Nông,NTB,AM Nhung
NTB - Đắk Nông,(DNO) Tuy Đức,Hàng Tồn,2026-09-18 - Thứ 6,481,93.76%,53.01%,3.95%,43.88,255,19,451,19,207,30,6.24%,43.04%,0,Đắk Nông,NTB,AM Nhung
NTB - Đắk Nông,(DNO) Tuy Đức,Hàng Tồn,2026-09-21 - Thứ 2,367,82.56%,42.78%,2.72%,53.42,157,10,303,10,200,64,17.44%,54.50%,0,Đắk Nông,NTB,AM Nhung
NTB - Đắk Nông,(DNO) Tuy Đức,Hàng Tồn,2026-09-13 - Chủ Nhật,434,74.19%,38.48%,4.61%,56.5,167,20,322,20,247,112,25.81%,56.91%,0,Đắk Nông,NTB,AM Nhung
NTB - Đắk Nông,(DNO) Tuy Đức,Hàng Tồn,2026-10-01 - Thứ 5,111,97.30%,51.35%,3.60%,49.7,57,4,108,4,50,3,2.70%,45.05%,0,Đắk Nông,NTB,AM Nhung
NTB - Đắk Nông,(DNO) Tuy Đức,Hàng Tồn,2026-10-05 - Thứ 2,203,88.18%,41.87%,4.93%,52.18,85,10,179,10,108,24,11.82%,53.20%,0,Đắk Nông,NTB,AM Nhung
NTB - Đắk Nông,(DNO) Tuy Đức,Hàng Tồn,2026-09-27 - Chủ Nhật,226,95.13%,38.94%,7.96%,75.56,88,18,215,18,120,11,4.87%,53.10%,0,Đắk Nông,NTB,AM Nhung
NTB - Đắk Nông,(DNO) Tuy Đức,Hàng Tồn,2026-09-29 - Thứ 3,172,83.14%,39.53%,8.72%,44.56,68,15,143,15,89,29,16.86%,51.75%,0,Đắk Nông,NTB,AM Nhung
NTB - Đắk Nông,(DNO) Tuy Đức,Hàng Tồn,2026-10-04 - Chủ Nhật,167,89.82%,35.93%,7.78%,50.77,60,13,150,13,94,17,10.18%,56.29%,0,Đắk Nông,NTB,AM Nhung
NTB - Đắk Nông,(DNO) Tuy Đức,Hàng Tồn,2026-10-07 - Thứ 4,166,98.80%,55.42%,12.65%,52.45,92,21,164,21,53,2,1.20%,31.93%,0,Đắk Nông,NTB,AM Nhung
NTB - Đắk Nông,(DNO) Tuy Đức,Hàng Tồn,2026-10-03 - Thứ 7,152,95.39%,36.84%,3.95%,46.19,56,6,145,6,90,7,4.61%,59.21%,0,Đắk Nông,NTB,AM Nhung
NTB - Đắk Nông,(DNO) Trường Xuân,Hàng Mới Ca 1,2026-09-25 - Thứ 6,334,79.94%,55.09%,1.80%,6.51,184,6,267,6,144,67,20.06%,43.11%,334,Đắk Nông,NTB,AM Nhung
NTB - Đắk Nông,(DNO) Trường Xuân,Hàng Mới Ca 1,2026-09-18 - Thứ 6,221,99.55%,73.30%,1.36%,6.37,162,3,220,3,56,1,0.45%,25.34%,221,Đắk Nông,NTB,AM Nhung
NTB - Đắk Nông,(DNO) Trường Xuân,Hàng Mới Ca 1,2026-09-27 - Chủ Nhật,200,88.00%,69.00%,1.00%,6.09,138,2,176,2,60,24,12.00%,30.00%,200,Đắk Nông,NTB,AM Nhung
NTB - Đắk Nông,(DNO) Trường Xuân,Hàng Mới Ca 1,2026-09-21 - Thứ 2,156,99.36%,67.31%,1.28%,5.18,105,2,155,2,49,1,0.64%,31.41%,156,Đắk Nông,NTB,AM Nhung
NTB - Đắk Nông,(DNO) Trường Xuân,Hàng Mới Ca 1,2026-09-20 - Chủ Nhật,391,77.24%,52.43%,2.81%,6.33,205,11,302,11,175,89,22.76%,44.76%,391,Đắk Nông,NTB,AM Nhung
NTB - Đắk Nông,(DNO) Trường Xuân,Hàng Mới Ca 1,2026-09-13 - Chủ Nhật,238,99.58%,73.11%,1.26%,5.55,174,3,237,3,61,1,0.42%,25.63%,238,Đắk Nông,NTB,AM Nhung
NTB - Đắk Nông,(DNO) Trường Xuân,Hàng Mới Ca 1,2026-10-01 - Thứ 5,269,100.00%,76.21%,1.86%,6,205,5,269,5,59,0,0.00%,21.93%,269,Đắk Nông,NTB,AM Nhung
NTB - Đắk Nông,(DNO) Trường Xuân,Hàng Mới Ca 1,2026-09-12 - Thứ 7,407,99.75%,67.81%,3.93%,5.97,276,16,406,16,115,1,0.25%,28.26%,407,Đắk Nông,NTB,AM Nhung
NTB - Đắk Nông,(DNO) Trường Xuân,Hàng Mới Ca 1,2026-10-05 - Thứ 2,252,99.21%,45.24%,1.59%,5.82,114,4,250,4,134,2,0.79%,53.17%,252,Đắk Nông,NTB,AM Nhung
NTB - Đắk Nông,(DNO) Trường Xuân,Hàng Mới Ca 1,2026-09-22 - Thứ 3,371,81.13%,58.49%,0.54%,5.93,217,2,301,2,152,70,18.87%,40.97%,371,Đắk Nông,NTB,AM Nhung
NTB - Đắk Nông,(DNO) Trường Xuân,Hàng Mới Ca 1,2026-09-23 - Thứ 4,188,76.60%,52.13%,1.60%,6.27,98,3,144,3,87,44,23.40%,46.27%,188,Đắk Nông,NTB,AM Nhung
NTB - Đắk Nông,(DNO) Trường Xuân,Hàng Mới Ca 1,2026-09-14 - Thứ 2,233,100.00%,66.09%,0.43%,5.48,154,1,233,1,78,0,0.00%,33.48%,233,Đắk Nông,NTB,AM Nhung
NTB - Đắk Nông,(DNO) Trường Xuân,Hàng Mới Ca 1,2026-09-15 - Thứ 3,320,99.69%,77.81%,1.56%,7.07,249,5,319,5,66,1,0.31%,20.63%,320,Đắk Nông,NTB,AM Nhung
NTB - Đắk Nông,(DNO) Trường Xuân,Hàng Mới Ca 1,2026-10-02 - Thứ 6,365,100.00%,64.93%,1.64%,5.16,237,6,365,6,122,0,0.00%,33.43%,365,Đắk Nông,NTB,AM Nhung
NTB - Đắk Nông,(DNO) Trường Xuân,Hàng Mới Ca 1,2026-09-29 - Thứ 3,250,82.40%,58.80%,0.80%,5.48,147,2,206,2,101,44,17.60%,40.40%,250,Đắk Nông,NTB,AM Nhung
NTB - Đắk Nông,(DNO) Trường Xuân,Hàng Mới Ca 1,2026-09-19 - Thứ 7,174,100.00%,68.97%,1.15%,6.49,120,2,174,2,52,0,0.00%,29.88%,174,Đắk Nông,NTB,AM Nhung
NTB - Đắk Nông,(DNO) Trường Xuân,Hàng Mới Ca 1,2026-10-04 - Chủ Nhật,370,99.46%,62.43%,2.97%,5.98,231,11,368,11,128,2,0.54%,34.60%,370,Đắk Nông,NTB,AM Nhung
NTB - Đắk Nông,(DNO) Trường Xuân,Hàng Mới Ca 1,2026-09-17 - Thứ 5,368,100.00%,67.66%,3.53%,6.42,249,13,368,13,106,0,0.00%,28.81%,368,Đắk Nông,NTB,AM Nhung
NTB - Đắk Nông,(DNO) Trường Xuân,Hàng Mới Ca 1,2026-10-09 - Thứ 6,349,62.18%,42.69%,1.43%,6.13,149,5,217,5,195,132,37.82%,55.88%,349,Đắk Nông,NTB,AM Nhung
NTB - Đắk Nông,(DNO) Trường Xuân,Hàng Mới Ca 1,2026-09-26 - Thứ 7,292,67.12%,51.71%,2.40%,5.43,151,7,196,7,134,96,32.88%,45.89%,292,Đắk Nông,NTB,AM Nhung
NTB - Đắk Nông,(DNO) Trường Xuân,Hàng Mới Ca 1,2026-09-28 - Thứ 2,228,85.53%,56.14%,0.44%,5.98,128,1,195,1,99,33,14.47%,43.42%,228,Đắk Nông,NTB,AM Nhung
NTB - Đắk Nông,(DNO) Trường Xuân,Hàng Mới Ca 1,2026-09-16 - Thứ 4,249,99.60%,57.83%,2.01%,5.67,144,5,248,5,100,1,0.40%,40.16%,249,Đắk Nông,NTB,AM Nhung
NTB - Đắk Nông,(DNO) Trường Xuân,Hàng Mới Ca 1,2026-09-24 - Thứ 5,332,59.94%,44.88%,1.51%,5.86,149,5,199,5,178,133,40.06%,53.61%,332,Đắk Nông,NTB,AM Nhung
NTB - Đắk Nông,(DNO) Trường Xuân,Hàng Mới Ca 1,2026-10-03 - Thứ 7,347,99.14%,61.38%,1.44%,5.96,213,5,344,5,129,3,0.86%,37.18%,347,Đắk Nông,NTB,AM Nhung
NTB - Đắk Nông,(DNO) Trường Xuân,Hàng Mới Ca 1,2026-10-08 - Thứ 5,290,99.66%,76.55%,1.38%,6.38,222,4,289,4,64,1,0.34%,22.07%,290,Đắk Nông,NTB,AM Nhung
NTB - Đắk Nông,(DNO) Trường Xuân,Hàng Mới Ca 1,2026-09-30 - Thứ 4,203,85.22%,49.26%,0.49%,5.23,100,1,173,1,102,30,14.78%,50.25%,203,Đắk Nông,NTB,AM Nhung
NTB - Đắk Nông,(DNO) Trường Xuân,Hàng Mới Ca 1,2026-10-07 - Thứ 4,261,100.00%,74.33%,3.45%,5.76,194,9,261,9,58,0,0.00%,22.22%,261,Đắk Nông,NTB,AM Nhung
NTB - Đắk Nông,(DNO) Trường Xuân,Hàng Mới Ca 1,2026-10-06 - Thứ 3,248,99.60%,66.94%,2.02%,6.42,166,5,247,5,77,1,0.40%,31.04%,248,Đắk Nông,NTB,AM Nhung
NTB - Đắk Nông,(DNO) Trường Xuân,Hàng Mới Ca 2,2026-10-04 - Chủ Nhật,1,0.00%,0.00%,0.00%,0,0,0,0,0,1,1,100.00%,100.00%,1,Đắk Nông,NTB,AM Nhung
NTB - Đắk Nông,(DNO) Trường Xuân,Hàng Tồn,2026-09-27 - Chủ Nhật,470,49.15%,26.60%,2.98%,62.01,125,14,231,14,331,239,50.85%,70.42%,0,Đắk Nông,NTB,AM Nhung
NTB - Đắk Nông,(DNO) Trường Xuân,Hàng Tồn,2026-09-21 - Thứ 2,236,97.88%,46.61%,5.08%,36.2,110,12,231,12,114,5,2.12%,48.31%,0,Đắk Nông,NTB,AM Nhung
NTB - Đắk Nông,(DNO) Trường Xuân,Hàng Tồn,2026-09-13 - Chủ Nhật,165,97.58%,41.21%,8.48%,38.87,68,14,161,14,83,4,2.42%,50.31%,0,Đắk Nông,NTB,AM Nhung
NTB - Đắk Nông,(DNO) Trường Xuân,Hàng Tồn,2026-09-24 - Thứ 5,253,28.06%,12.65%,2.37%,34.87,32,6,71,6,215,182,71.94%,84.98%,0,Đắk Nông,NTB,AM Nhung
NTB - Đắk Nông,(DNO) Trường Xuân,Hàng Tồn,2026-10-06 - Thứ 3,239,79.92%,57.32%,5.44%,46.07,137,13,191,13,89,48,20.08%,37.24%,0,Đắk Nông,NTB,AM Nhung
NTB - Đắk Nông,(DNO) Trường Xuân,Hàng Tồn,2026-10-01 - Thứ 5,210,96.67%,40.48%,9.05%,46.65,85,19,203,19,106,7,3.33%,50.47%,0,Đắk Nông,NTB,AM Nhung
NTB - Đắk Nông,(DNO) Trường Xuân,Hàng Tồn,2026-09-22 - Thứ 3,165,72.73%,32.12%,8.48%,50.57,53,14,120,14,98,45,27.27%,59.40%,0,Đắk Nông,NTB,AM Nhung
NTB - Đắk Nông,(DNO) Trường Xuân,Hàng Tồn,2026-09-23 - Thứ 4,228,47.37%,20.18%,4.82%,43.2,46,11,108,11,171,120,52.63%,75.00%,0,Đắk Nông,NTB,AM Nhung
NTB - Đắk Nông,(DNO) Trường Xuân,Hàng Tồn,2026-09-15 - Thứ 3,126,94.44%,48.41%,11.90%,42.03,61,15,119,15,50,7,5.56%,39.69%,0,Đắk Nông,NTB,AM Nhung
NTB - Đắk Nông,(DNO) Trường Xuân,Hàng Tồn,2026-10-02 - Thứ 6,136,97.79%,38.97%,7.35%,48.74,53,10,133,10,73,3,2.21%,53.68%,0,Đắk Nông,NTB,AM Nhung
NTB - Đắk Nông,(DNO) Trường Xuân,Hàng Tồn,2026-09-29 - Thứ 3,274,94.53%,48.18%,8.39%,82.77,132,23,259,23,119,15,5.47%,43.43%,0,Đắk Nông,NTB,AM Nhung
NTB - Đắk Nông,(DNO) Trường Xuân,Hàng Tồn,2026-09-19 - Thứ 7,133,96.24%,31.58%,12.03%,44.38,42,16,128,16,75,5,3.76%,56.39%,0,Đắk Nông,NTB,AM Nhung
NTB - Đắk Nông,(DNO) Trường Xuân,Hàng Tồn,2026-10-04 - Chủ Nhật,202,97.52%,48.51%,8.91%,37.11,98,18,197,18,86,5,2.48%,42.58%,0,Đắk Nông,NTB,AM Nhung
NTB - Đắk Nông,(DNO) Trường Xuân,Hàng Tồn,2026-09-30 - Thứ 4,214,83.18%,33.64%,4.67%,51.97,72,10,178,10,132,36,16.82%,61.69%,0,Đắk Nông,NTB,AM Nhung
NTB - Đắk Nông,(DNO) Trường Xuân,Hàng Tồn,2026-09-17 - Thứ 5,163,93.25%,47.24%,5.52%,41.23,77,9,152,9,77,11,6.75%,47.24%,0,Đắk Nông,NTB,AM Nhung
NTB - Đắk Nông,(DNO) Trường Xuân,Hàng Tồn,2026-10-09 - Thứ 6,105,60.00%,25.71%,4.76%,35,27,5,63,5,73,42,40.00%,69.53%,0,Đắk Nông,NTB,AM Nhung
NTB - Đắk Nông,(DNO) Trường Xuân,Hàng Tồn,2026-09-26 - Thứ 7,439,38.04%,17.31%,1.82%,59.95,76,8,167,8,355,272,61.96%,80.87%,0,Đắk Nông,NTB,AM Nhung
NTB - Đắk Nông,(DNO) Trường Xuân,Hàng Tồn,2026-09-28 - Thứ 2,378,69.31%,44.18%,3.44%,92.76,167,13,262,13,198,116,30.69%,52.38%,0,Đắk Nông,NTB,AM Nhung
NTB - Đắk Nông,(DNO) Trường Xuân,Hàng Tồn,2026-10-07 - Thứ 4,195,91.28%,49.23%,8.21%,55.18,96,16,178,16,83,17,8.72%,42.56%,0,Đắk Nông,NTB,AM Nhung
NTB - Đắk Nông,(DNO) Trường Xuân,Hàng Tồn,2026-10-03 - Thứ 7,180,96.67%,39.44%,9.44%,33.77,71,17,174,17,92,6,3.33%,51.12%,0,Đắk Nông,NTB,AM Nhung
NTB - Đắk Nông,(DNO) Trường Xuân,Hàng Tồn,2026-09-16 - Thứ 4,113,96.46%,23.01%,11.50%,58.48,26,13,109,13,74,4,3.54%,65.49%,0,Đắk Nông,NTB,AM Nhung
NTB - Đắk Nông,(DNO) Trường Xuân,Hàng Tồn,2026-09-18 - Thứ 6,162,95.06%,45.06%,3.70%,35.04,73,6,154,6,83,8,4.94%,51.24%,0,Đắk Nông,NTB,AM Nhung
NTB - Đắk Nông,(DNO) Trường Xuân,Hàng Tồn,2026-09-20 - Chủ Nhật,117,60.68%,22.22%,11.11%,45.36,26,13,71,13,78,46,39.32%,66.67%,0,Đắk Nông,NTB,AM Nhung
NTB - Đắk Nông,(DNO) Trường Xuân,Hàng Tồn,2026-10-05 - Thứ 2,200,97.50%,22.50%,3.00%,39.19,45,6,195,6,149,5,2.50%,74.50%,0,Đắk Nông,NTB,AM Nhung
NTB - Đắk Nông,(DNO) Trường Xuân,Hàng Tồn,2026-09-25 - Thứ 6,389,35.48%,16.71%,3.60%,52.89,65,14,138,14,310,251,64.52%,79.69%,0,Đắk Nông,NTB,AM Nhung
NTB - Đắk Nông,(DNO) Trường Xuân,Hàng Tồn,2026-09-14 - Thứ 2,137,94.16%,39.42%,10.22%,38.08,54,14,129,14,69,8,5.84%,50.36%,0,Đắk Nông,NTB,AM Nhung
NTB - Đắk Nông,(DNO) Trường Xuân,Hàng Tồn,2026-09-12 - Thứ 7,142,93.66%,42.25%,9.15%,42.84,60,13,133,13,69,9,6.34%,48.60%,0,Đắk Nông,NTB,AM Nhung
NTB - Đắk Nông,(DNO) Trường Xuân,Hàng Tồn,2026-10-08 - Thứ 5,117,97.44%,42.74%,5.98%,47.54,50,7,114,7,60,3,2.56%,51.28%,0,Đắk Nông,NTB,AM Nhung
NTB - Đắk Nông,(DNO) Quảng Tín,Hàng Mới Ca 1,2026-09-16 - Thứ 4,201,43.28%,33.33%,0.00%,18.99,67,0,87,0,134,114,56.72%,66.67%,201,Đắk Nông,NTB,AM Linh
NTB - Đắk Nông,(DNO) Quảng Tín,Hàng Mới Ca 1,2026-09-27 - Chủ Nhật,266,55.26%,39.47%,0.00%,14.23,105,0,147,0,161,119,44.74%,60.53%,266,Đắk Nông,NTB,AM Linh
NTB - Đắk Nông,(DNO) Quảng Tín,Hàng Mới Ca 1,2026-09-20 - Chủ Nhật,328,51.52%,36.28%,0.61%,15.45,119,2,169,2,207,159,48.48%,63.11%,328,Đắk Nông,NTB,AM Linh
NTB - Đắk Nông,(DNO) Quảng Tín,Hàng Mới Ca 1,2026-09-13 - Chủ Nhật,351,59.26%,46.72%,0.28%,14.24,164,1,208,1,186,143,40.74%,53.00%,351,Đắk Nông,NTB,AM Linh
NTB - Đắk Nông,(DNO) Quảng Tín,Hàng Mới Ca 1,2026-09-24 - Thứ 5,153,50.33%,41.18%,0.65%,8.79,63,1,77,1,89,76,49.67%,58.17%,153,Đắk Nông,NTB,AM Linh
NTB - Đắk Nông,(DNO) Quảng Tín,Hàng Mới Ca 1,2026-10-06 - Thứ 3,219,94.06%,58.90%,0.91%,10.57,129,2,206,2,88,13,5.94%,40.19%,219,Đắk Nông,NTB,AM Linh
NTB - Đắk Nông,(DNO) Quảng Tín,Hàng Mới Ca 1,2026-10-05 - Thứ 2,297,96.30%,58.59%,2.36%,13.49,174,7,286,7,116,11,3.70%,39.05%,297,Đắk Nông,NTB,AM Linh
NTB - Đắk Nông,(DNO) Quảng Tín,Hàng Mới Ca 1,2026-09-23 - Thứ 4,154,55.19%,37.66%,0.65%,20.83,58,1,85,1,95,69,44.81%,61.69%,154,Đắk Nông,NTB,AM Linh
NTB - Đắk Nông,(DNO) Quảng Tín,Hàng Mới Ca 1,2026-09-14 - Thứ 2,257,61.09%,47.86%,0.39%,14.28,123,1,157,1,133,100,38.91%,51.75%,257,Đắk Nông,NTB,AM Linh
NTB - Đắk Nông,(DNO) Quảng Tín,Hàng Mới Ca 1,2026-09-15 - Thứ 3,270,62.96%,47.04%,0.74%,13.88,127,2,170,2,141,100,37.04%,52.22%,270,Đắk Nông,NTB,AM Linh
NTB - Đắk Nông,(DNO) Quảng Tín,Hàng Mới Ca 1,2026-10-08 - Thứ 5,243,94.24%,66.26%,1.65%,11.82,161,4,229,4,78,14,5.76%,32.09%,243,Đắk Nông,NTB,AM Linh
NTB - Đắk Nông,(DNO) Quảng Tín,Hàng Mới Ca 1,2026-09-19 - Thứ 7,245,57.96%,41.22%,0.00%,19.29,101,0,142,0,144,103,42.04%,58.78%,245,Đắk Nông,NTB,AM Linh
NTB - Đắk Nông,(DNO) Quảng Tín,Hàng Mới Ca 1,2026-10-04 - Chủ Nhật,230,62.61%,47.39%,1.74%,13.93,109,4,144,4,117,86,37.39%,50.87%,230,Đắk Nông,NTB,AM Linh
NTB - Đắk Nông,(DNO) Quảng Tín,Hàng Mới Ca 1,2026-09-30 - Thứ 4,169,73.37%,52.66%,1.18%,16.77,89,2,124,2,78,45,26.63%,46.16%,169,Đắk Nông,NTB,AM Linh
NTB - Đắk Nông,(DNO) Quảng Tín,Hàng Mới Ca 1,2026-09-17 - Thứ 5,194,61.34%,45.88%,2.06%,8.75,89,4,119,4,101,75,38.66%,52.06%,194,Đắk Nông,NTB,AM Linh
NTB - Đắk Nông,(DNO) Quảng Tín,Hàng Mới Ca 1,2026-10-09 - Thứ 6,284,98.94%,69.37%,2.11%,18.87,197,6,281,6,81,3,1.06%,28.52%,284,Đắk Nông,NTB,AM Linh
NTB - Đắk Nông,(DNO) Quảng Tín,Hàng Mới Ca 1,2026-09-26 - Thứ 7,298,59.40%,45.97%,0.00%,14.07,137,0,177,0,161,121,40.60%,54.03%,298,Đắk Nông,NTB,AM Linh
NTB - Đắk Nông,(DNO) Quảng Tín,Hàng Mới Ca 1,2026-09-28 - Thứ 2,193,68.39%,52.85%,2.07%,16.89,102,4,132,4,87,61,31.61%,45.08%,193,Đắk Nông,NTB,AM Linh
NTB - Đắk Nông,(DNO) Quảng Tín,Hàng Mới Ca 1,2026-10-07 - Thứ 4,240,98.33%,62.92%,2.92%,16.74,151,7,236,7,82,4,1.67%,34.16%,240,Đắk Nông,NTB,AM Linh
NTB - Đắk Nông,(DNO) Quảng Tín,Hàng Mới Ca 1,2026-10-03 - Thứ 7,238,79.83%,56.30%,0.84%,11.71,134,2,190,2,102,48,20.17%,42.86%,238,Đắk Nông,NTB,AM Linh
NTB - Đắk Nông,(DNO) Quảng Tín,Hàng Mới Ca 1,2026-09-25 - Thứ 6,368,53.53%,41.03%,0.82%,14.89,151,3,197,3,214,171,46.47%,58.15%,368,Đắk Nông,NTB,AM Linh
NTB - Đắk Nông,(DNO) Quảng Tín,Hàng Mới Ca 1,2026-09-18 - Thứ 6,179,56.42%,43.02%,0.00%,14.82,77,0,101,0,102,78,43.58%,56.98%,179,Đắk Nông,NTB,AM Linh
NTB - Đắk Nông,(DNO) Quảng Tín,Hàng Mới Ca 1,2026-09-21 - Thứ 2,167,32.34%,23.95%,0.60%,12.28,40,1,54,1,126,113,67.66%,75.45%,167,Đắk Nông,NTB,AM Linh
NTB - Đắk Nông,(DNO) Quảng Tín,Hàng Mới Ca 1,2026-10-01 - Thứ 5,118,93.22%,53.39%,0.00%,12.79,63,0,110,0,55,8,6.78%,46.61%,118,Đắk Nông,NTB,AM Linh
NTB - Đắk Nông,(DNO) Quảng Tín,Hàng Mới Ca 1,2026-09-12 - Thứ 7,233,62.66%,51.07%,0.00%,10.21,119,0,146,0,114,87,37.34%,48.93%,233,Đắk Nông,NTB,AM Linh
NTB - Đắk Nông,(DNO) Quảng Tín,Hàng Mới Ca 1,2026-09-22 - Thứ 3,307,40.39%,26.71%,0.00%,14.89,82,0,124,0,225,183,59.61%,73.29%,307,Đắk Nông,NTB,AM Linh
NTB - Đắk Nông,(DNO) Quảng Tín,Hàng Mới Ca 1,2026-10-02 - Thứ 6,222,95.05%,63.51%,1.35%,14.11,141,3,211,3,78,11,4.95%,35.14%,222,Đắk Nông,NTB,AM Linh
NTB - Đắk Nông,(DNO) Quảng Tín,Hàng Mới Ca 1,2026-09-29 - Thứ 3,165,76.36%,51.52%,0.61%,16.04,85,1,126,1,79,39,23.64%,47.87%,165,Đắk Nông,NTB,AM Linh
NTB - Đắk Nông,(DNO) Quảng Tín,Hàng Mới Ca 2,2026-09-24 - Thứ 5,47,87.23%,70.21%,0.00%,30.61,33,0,41,0,14,6,12.77%,29.79%,47,Đắk Nông,NTB,AM Linh
NTB - Đắk Nông,(DNO) Quảng Tín,Hàng Mới Ca 2,2026-09-23 - Thứ 4,146,0.68%,0.00%,0.00%,0,0,0,1,0,146,145,99.32%,100.00%,146,Đắk Nông,NTB,AM Linh
NTB - Đắk Nông,(DNO) Quảng Tín,Hàng Mới Ca 2,2026-09-16 - Thứ 4,183,5.46%,3.28%,0.00%,7,6,0,10,0,177,173,94.54%,96.72%,183,Đắk Nông,NTB,AM Linh
NTB - Đắk Nông,(DNO) Quảng Tín,Hàng Mới Ca 2,2026-10-01 - Thứ 5,1,100.00%,100.00%,0.00%,5,1,0,1,0,0,0,0.00%,0.00%,1,Đắk Nông,NTB,AM Linh
NTB - Đắk Nông,(DNO) Quảng Tín,Hàng Tồn,2026-09-21 - Thứ 2,581,62.13%,16.52%,7.06%,55.2,96,41,361,41,444,220,37.87%,76.42%,0,Đắk Nông,NTB,AM Linh
NTB - Đắk Nông,(DNO) Quảng Tín,Hàng Tồn,2026-09-24 - Thứ 5,571,69.70%,29.07%,5.25%,62.41,166,30,398,30,375,173,30.30%,65.68%,0,Đắk Nông,NTB,AM Linh
NTB - Đắk Nông,(DNO) Quảng Tín,Hàng Tồn,2026-10-06 - Thứ 3,207,99.03%,46.86%,6.76%,55.29,97,14,205,14,96,2,0.97%,46.38%,0,Đắk Nông,NTB,AM Linh
NTB - Đắk Nông,(DNO) Quảng Tín,Hàng Tồn,2026-09-12 - Thứ 7,779,13.22%,7.57%,0.90%,88.41,59,7,103,7,713,676,86.78%,91.53%,0,Đắk Nông,NTB,AM Linh
NTB - Đắk Nông,(DNO) Quảng Tín,Hàng Tồn,2026-09-22 - Thứ 3,513,61.60%,16.96%,7.99%,60.08,87,41,316,41,385,197,38.40%,75.05%,0,Đắk Nông,NTB,AM Linh
NTB - Đắk Nông,(DNO) Quảng Tín,Hàng Tồn,2026-09-14 - Thứ 2,904,11.17%,5.86%,0.77%,67.35,53,7,101,7,844,803,88.83%,93.37%,0,Đắk Nông,NTB,AM Linh
NTB - Đắk Nông,(DNO) Quảng Tín,Hàng Tồn,2026-09-15 - Thứ 3,958,68.89%,7.20%,16.91%,83.78,69,162,660,162,727,298,31.11%,75.89%,0,Đắk Nông,NTB,AM Linh
NTB - Đắk Nông,(DNO) Quảng Tín,Hàng Tồn,2026-10-02 - Thứ 6,128,95.31%,39.06%,16.41%,56.8,50,21,122,21,57,6,4.69%,44.53%,0,Đắk Nông,NTB,AM Linh
NTB - Đắk Nông,(DNO) Quảng Tín,Hàng Tồn,2026-09-29 - Thứ 3,401,84.04%,36.16%,5.49%,76.28,145,22,337,22,234,64,15.96%,58.35%,0,Đắk Nông,NTB,AM Linh
NTB - Đắk Nông,(DNO) Quảng Tín,Hàng Tồn,2026-10-08 - Thứ 5,135,93.33%,37.78%,16.30%,50.69,51,22,126,22,62,9,6.67%,45.92%,0,Đắk Nông,NTB,AM Linh
NTB - Đắk Nông,(DNO) Quảng Tín,Hàng Tồn,2026-09-19 - Thứ 7,615,68.94%,14.47%,8.46%,82.22,89,52,424,52,474,191,31.06%,77.07%,0,Đắk Nông,NTB,AM Linh
NTB - Đắk Nông,(DNO) Quảng Tín,Hàng Tồn,2026-09-30 - Thứ 4,269,94.42%,30.48%,8.92%,69.79,82,24,254,24,163,15,5.58%,60.60%,0,Đắk Nông,NTB,AM Linh
NTB - Đắk Nông,(DNO) Quảng Tín,Hàng Tồn,2026-09-17 - Thứ 5,"1,061",68.71%,14.23%,9.14%,58.45,151,97,729,97,813,332,31.29%,76.63%,0,Đắk Nông,NTB,AM Linh
NTB - Đắk Nông,(DNO) Quảng Tín,Hàng Tồn,2026-09-26 - Thứ 7,485,47.01%,12.37%,7.63%,49.08,60,37,228,37,388,257,52.99%,80.00%,0,Đắk Nông,NTB,AM Linh
NTB - Đắk Nông,(DNO) Quảng Tín,Hàng Tồn,2026-09-28 - Thứ 2,492,65.45%,23.17%,5.49%,62.89,114,27,322,27,351,170,34.55%,71.34%,0,Đắk Nông,NTB,AM Linh
NTB - Đắk Nông,(DNO) Quảng Tín,Hàng Tồn,2026-10-07 - Thứ 4,178,98.88%,47.19%,6.18%,51.79,84,11,176,11,83,2,1.12%,46.63%,0,Đắk Nông,NTB,AM Linh
NTB - Đắk Nông,(DNO) Quảng Tín,Hàng Tồn,2026-09-16 - Thứ 4,841,59.69%,4.52%,3.33%,86.33,38,28,502,28,775,339,40.31%,92.15%,0,Đắk Nông,NTB,AM Linh
NTB - Đắk Nông,(DNO) Quảng Tín,Hàng Tồn,2026-09-25 - Thứ 6,439,59.23%,20.50%,5.69%,62.76,90,25,260,25,324,179,40.77%,73.81%,0,Đắk Nông,NTB,AM Linh
NTB - Đắk Nông,(DNO) Quảng Tín,Hàng Tồn,2026-09-18 - Thứ 6,691,58.32%,11.14%,12.88%,62.01,77,89,403,89,525,288,41.68%,75.98%,0,Đắk Nông,NTB,AM Linh
NTB - Đắk Nông,(DNO) Quảng Tín,Hàng Tồn,2026-09-27 - Chủ Nhật,512,64.45%,27.73%,5.08%,64.07,142,26,330,26,344,182,35.55%,67.19%,0,Đắk Nông,NTB,AM Linh
NTB - Đắk Nông,(DNO) Quảng Tín,Hàng Tồn,2026-09-20 - Chủ Nhật,530,69.43%,12.26%,6.60%,62.35,65,35,368,35,430,162,30.57%,81.14%,0,Đắk Nông,NTB,AM Linh
NTB - Đắk Nông,(DNO) Quảng Tín,Hàng Tồn,2026-09-13 - Chủ Nhật,814,12.78%,8.35%,0.86%,86.54,68,7,104,7,739,710,87.22%,90.79%,0,Đắk Nông,NTB,AM Linh
NTB - Đắk Nông,(DNO) Quảng Tín,Hàng Tồn,2026-09-23 - Thứ 4,547,68.56%,23.03%,10.42%,64.18,126,57,375,57,364,172,31.44%,66.55%,0,Đắk Nông,NTB,AM Linh
NTB - Đắk Nông,(DNO) Quảng Tín,Hàng Tồn,2026-10-05 - Thứ 2,216,89.81%,44.44%,6.02%,52.17,96,13,194,13,107,22,10.19%,49.54%,0,Đắk Nông,NTB,AM Linh
NTB - Đắk Nông,(DNO) Quảng Tín,Hàng Tồn,2026-10-04 - Chủ Nhật,163,62.58%,20.25%,9.20%,47.36,33,15,102,15,115,61,37.42%,70.55%,0,Đắk Nông,NTB,AM Linh
NTB - Đắk Nông,(DNO) Quảng Tín,Hàng Tồn,2026-10-01 - Thứ 5,216,98.15%,39.35%,5.09%,71.15,85,11,212,11,120,4,1.85%,55.56%,0,Đắk Nông,NTB,AM Linh
NTB - Đắk Nông,(DNO) Quảng Tín,Hàng Tồn,2026-10-03 - Thứ 7,123,93.50%,23.58%,8.94%,44.61,29,11,115,11,83,8,6.50%,67.48%,0,Đắk Nông,NTB,AM Linh
NTB - Đắk Nông,(DNO) Quảng Tín,Hàng Tồn,2026-10-09 - Thứ 6,128,97.66%,43.75%,10.16%,47.14,56,13,125,13,59,3,2.34%,46.09%,0,Đắk Nông,NTB,AM Linh
NTB - Đắk Nông,(DNO) Quảng Sơn,Hàng Mới Ca 1,2026-10-07 - Thứ 4,193,99.48%,86.01%,0.52%,9.91,166,1,192,1,26,1,0.52%,13.47%,193,Đắk Nông,NTB,AM Nhung
NTB - Đắk Nông,(DNO) Quảng Sơn,Hàng Mới Ca 1,2026-09-27 - Chủ Nhật,176,99.43%,84.09%,1.70%,9.18,148,3,175,3,25,1,0.57%,14.21%,176,Đắk Nông,NTB,AM Nhung
NTB - Đắk Nông,(DNO) Quảng Sơn,Hàng Mới Ca 1,2026-09-21 - Thứ 2,86,100.00%,61.63%,4.65%,5.28,53,4,86,4,29,0,0.00%,33.72%,86,Đắk Nông,NTB,AM Nhung
NTB - Đắk Nông,(DNO) Quảng Sơn,Hàng Mới Ca 1,2026-09-13 - Chủ Nhật,170,100.00%,73.53%,1.76%,5.14,125,3,170,3,42,0,0.00%,24.71%,170,Đắk Nông,NTB,AM Nhung
NTB - Đắk Nông,(DNO) Quảng Sơn,Hàng Mới Ca 1,2026-10-06 - Thứ 3,192,100.00%,82.81%,3.13%,9.87,159,6,192,6,27,0,0.00%,14.06%,192,Đắk Nông,NTB,AM Nhung
NTB - Đắk Nông,(DNO) Quảng Sơn,Hàng Mới Ca 1,2026-10-01 - Thứ 5,86,100.00%,82.56%,1.16%,7.25,71,1,86,1,14,0,0.00%,16.28%,86,Đắk Nông,NTB,AM Nhung
NTB - Đắk Nông,(DNO) Quảng Sơn,Hàng Mới Ca 1,2026-09-12 - Thứ 7,226,100.00%,75.22%,1.33%,5.36,170,3,226,3,53,0,0.00%,23.45%,226,Đắk Nông,NTB,AM Nhung
NTB - Đắk Nông,(DNO) Quảng Sơn,Hàng Mới Ca 1,2026-10-05 - Thứ 2,179,99.44%,79.33%,2.79%,10.31,142,5,178,5,32,1,0.56%,17.88%,179,Đắk Nông,NTB,AM Nhung
NTB - Đắk Nông,(DNO) Quảng Sơn,Hàng Mới Ca 1,2026-09-22 - Thứ 3,179,93.85%,64.80%,1.68%,4.62,116,3,168,3,60,11,6.15%,33.52%,179,Đắk Nông,NTB,AM Nhung
NTB - Đắk Nông,(DNO) Quảng Sơn,Hàng Mới Ca 1,2026-09-23 - Thứ 4,177,100.00%,80.79%,2.26%,9.72,143,4,177,4,30,0,0.00%,16.95%,177,Đắk Nông,NTB,AM Nhung
NTB - Đắk Nông,(DNO) Quảng Sơn,Hàng Mới Ca 1,2026-09-14 - Thứ 2,149,99.33%,75.84%,0.67%,5.13,113,1,148,1,35,1,0.67%,23.49%,149,Đắk Nông,NTB,AM Nhung
NTB - Đắk Nông,(DNO) Quảng Sơn,Hàng Mới Ca 1,2026-09-15 - Thứ 3,204,100.00%,69.12%,1.96%,4.03,141,4,204,4,59,0,0.00%,28.92%,204,Đắk Nông,NTB,AM Nhung
NTB - Đắk Nông,(DNO) Quảng Sơn,Hàng Mới Ca 1,2026-10-02 - Thứ 6,189,100.00%,86.77%,2.12%,10.36,164,4,189,4,21,0,0.00%,11.11%,189,Đắk Nông,NTB,AM Nhung
NTB - Đắk Nông,(DNO) Quảng Sơn,Hàng Mới Ca 1,2026-09-29 - Thứ 3,170,100.00%,78.82%,1.18%,8.32,134,2,170,2,34,0,0.00%,20.00%,170,Đắk Nông,NTB,AM Nhung
NTB - Đắk Nông,(DNO) Quảng Sơn,Hàng Mới Ca 1,2026-10-08 - Thứ 5,92,98.91%,84.78%,2.17%,7.1,78,2,91,2,12,1,1.09%,13.05%,92,Đắk Nông,NTB,AM Nhung
NTB - Đắk Nông,(DNO) Quảng Sơn,Hàng Mới Ca 1,2026-09-19 - Thứ 7,79,98.73%,69.62%,0.00%,3.13,55,0,78,0,24,1,1.27%,30.38%,79,Đắk Nông,NTB,AM Nhung
NTB - Đắk Nông,(DNO) Quảng Sơn,Hàng Mới Ca 1,2026-09-30 - Thứ 4,145,100.00%,88.28%,0.69%,9.22,128,1,145,1,16,0,0.00%,11.03%,145,Đắk Nông,NTB,AM Nhung
NTB - Đắk Nông,(DNO) Quảng Sơn,Hàng Mới Ca 1,2026-09-17 - Thứ 5,192,100.00%,63.02%,3.13%,4.91,121,6,192,6,65,0,0.00%,33.85%,192,Đắk Nông,NTB,AM Nhung
NTB - Đắk Nông,(DNO) Quảng Sơn,Hàng Mới Ca 1,2026-09-26 - Thứ 7,183,99.45%,82.51%,0.00%,12.11,151,0,182,0,32,1,0.55%,17.49%,183,Đắk Nông,NTB,AM Nhung
NTB - Đắk Nông,(DNO) Quảng Sơn,Hàng Mới Ca 1,2026-09-28 - Thứ 2,142,100.00%,85.92%,0.70%,10.53,122,1,142,1,19,0,0.00%,13.38%,142,Đắk Nông,NTB,AM Nhung
NTB - Đắk Nông,(DNO) Quảng Sơn,Hàng Mới Ca 1,2026-10-03 - Thứ 7,137,99.27%,81.75%,1.46%,6.1,112,2,136,2,23,1,0.73%,16.79%,137,Đắk Nông,NTB,AM Nhung
NTB - Đắk Nông,(DNO) Quảng Sơn,Hàng Mới Ca 1,2026-09-16 - Thứ 4,114,99.12%,64.91%,0.00%,5.17,74,0,113,0,40,1,0.88%,35.09%,114,Đắk Nông,NTB,AM Nhung
NTB - Đắk Nông,(DNO) Quảng Sơn,Hàng Mới Ca 1,2026-09-25 - Thứ 6,224,100.00%,75.00%,2.68%,10.01,168,6,224,6,50,0,0.00%,22.32%,224,Đắk Nông,NTB,AM Nhung
NTB - Đắk Nông,(DNO) Quảng Sơn,Hàng Mới Ca 1,2026-09-18 - Thứ 6,145,99.31%,68.97%,1.38%,5.55,100,2,144,2,43,1,0.69%,29.65%,145,Đắk Nông,NTB,AM Nhung
NTB - Đắk Nông,(DNO) Quảng Sơn,Hàng Mới Ca 1,2026-09-24 - Thứ 5,82,100.00%,79.27%,0.00%,10.34,65,0,82,0,17,0,0.00%,20.73%,82,Đắk Nông,NTB,AM Nhung
NTB - Đắk Nông,(DNO) Quảng Sơn,Hàng Mới Ca 1,2026-09-20 - Chủ Nhật,195,81.03%,55.38%,0.00%,4.29,108,0,158,0,87,37,18.97%,44.62%,195,Đắk Nông,NTB,AM Nhung
NTB - Đắk Nông,(DNO) Quảng Sơn,Hàng Mới Ca 1,2026-10-04 - Chủ Nhật,160,98.75%,73.13%,1.25%,13.76,117,2,158,2,41,2,1.25%,25.62%,160,Đắk Nông,NTB,AM Nhung
NTB - Đắk Nông,(DNO) Quảng Sơn,Hàng Mới Ca 1,2026-10-09 - Thứ 6,180,100.00%,83.33%,1.11%,9.41,150,2,180,2,28,0,0.00%,15.56%,180,Đắk Nông,NTB,AM Nhung
NTB - Đắk Nông,(DNO) Quảng Sơn,Hàng Mới Ca 2,2026-09-25 - Thứ 6,120,97.50%,56.67%,0.83%,18.93,68,1,117,1,51,3,2.50%,42.50%,120,Đắk Nông,NTB,AM Nhung
NTB - Đắk Nông,(DNO) Quảng Sơn,Hàng Mới Ca 2,2026-09-21 - Thứ 2,190,33.68%,21.58%,0.53%,4.46,41,1,64,1,148,126,66.32%,77.89%,190,Đắk Nông,NTB,AM Nhung
NTB - Đắk Nông,(DNO) Quảng Sơn,Hàng Mới Ca 2,2026-09-20 - Chủ Nhật,61,16.39%,14.75%,0.00%,3.67,9,0,10,0,52,51,83.61%,85.25%,61,Đắk Nông,NTB,AM Nhung
NTB - Đắk Nông,(DNO) Quảng Sơn,Hàng Mới Ca 2,2026-09-13 - Chủ Nhật,145,44.83%,33.10%,0.00%,3.17,48,0,65,0,97,80,55.17%,66.90%,145,Đắk Nông,NTB,AM Nhung
NTB - Đắk Nông,(DNO) Quảng Sơn,Hàng Mới Ca 2,2026-09-24 - Thứ 5,135,94.07%,64.44%,0.74%,20.46,87,1,127,1,47,8,5.93%,34.82%,135,Đắk Nông,NTB,AM Nhung
NTB - Đắk Nông,(DNO) Quảng Sơn,Hàng Mới Ca 2,2026-10-06 - Thứ 3,94,81.91%,52.13%,2.13%,20.29,49,2,77,2,43,17,18.09%,45.74%,94,Đắk Nông,NTB,AM Nhung
NTB - Đắk Nông,(DNO) Quảng Sơn,Hàng Mới Ca 2,2026-09-12 - Thứ 7,107,38.32%,14.95%,1.87%,2.8,16,2,41,2,89,66,61.68%,83.18%,107,Đắk Nông,NTB,AM Nhung
NTB - Đắk Nông,(DNO) Quảng Sơn,Hàng Mới Ca 2,2026-10-05 - Thứ 2,143,100.00%,74.83%,4.90%,14.16,107,7,143,7,29,0,0.00%,20.27%,143,Đắk Nông,NTB,AM Nhung
NTB - Đắk Nông,(DNO) Quảng Sơn,Hàng Mới Ca 2,2026-09-14 - Thứ 2,84,33.33%,26.19%,0.00%,2.91,22,0,28,0,62,56,66.67%,73.81%,84,Đắk Nông,NTB,AM Nhung
NTB - Đắk Nông,(DNO) Quảng Sơn,Hàng Mới Ca 2,2026-09-15 - Thứ 3,175,50.86%,34.29%,0.00%,2.37,60,0,89,0,115,86,49.14%,65.71%,175,Đắk Nông,NTB,AM Nhung
NTB - Đắk Nông,(DNO) Quảng Sơn,Hàng Mới Ca 2,2026-10-02 - Thứ 6,166,100.00%,78.31%,0.60%,17.76,130,1,166,1,35,0,0.00%,21.09%,166,Đắk Nông,NTB,AM Nhung
NTB - Đắk Nông,(DNO) Quảng Sơn,Hàng Mới Ca 2,2026-09-29 - Thứ 3,45,97.78%,55.56%,0.00%,21.6,25,0,44,0,20,1,2.22%,44.44%,45,Đắk Nông,NTB,AM Nhung
NTB - Đắk Nông,(DNO) Quảng Sơn,Hàng Mới Ca 2,2026-10-08 - Thứ 5,151,90.07%,62.91%,0.00%,15.03,95,0,136,0,56,15,9.93%,37.09%,151,Đắk Nông,NTB,AM Nhung
NTB - Đắk Nông,(DNO) Quảng Sơn,Hàng Mới Ca 2,2026-10-04 - Chủ Nhật,174,99.43%,74.14%,2.87%,18.22,129,5,173,5,40,1,0.57%,22.99%,174,Đắk Nông,NTB,AM Nhung
NTB - Đắk Nông,(DNO) Quảng Sơn,Hàng Mới Ca 2,2026-09-30 - Thứ 4,155,98.71%,74.19%,1.29%,20.48,115,2,153,2,38,2,1.29%,24.52%,155,Đắk Nông,NTB,AM Nhung
NTB - Đắk Nông,(DNO) Quảng Sơn,Hàng Mới Ca 2,2026-09-17 - Thứ 5,137,28.47%,14.60%,0.73%,1.95,20,1,39,1,116,98,71.53%,84.67%,137,Đắk Nông,NTB,AM Nhung
NTB - Đắk Nông,(DNO) Quảng Sơn,Hàng Mới Ca 2,2026-09-26 - Thứ 7,128,100.00%,69.53%,0.78%,17.3,89,1,128,1,38,0,0.00%,29.69%,128,Đắk Nông,NTB,AM Nhung
NTB - Đắk Nông,(DNO) Quảng Sơn,Hàng Mới Ca 2,2026-10-07 - Thứ 4,200,98.50%,75.50%,0.50%,14.77,151,1,197,1,48,3,1.50%,24.00%,200,Đắk Nông,NTB,AM Nhung
NTB - Đắk Nông,(DNO) Quảng Sơn,Hàng Mới Ca 2,2026-10-03 - Thứ 7,181,79.56%,48.07%,1.66%,14.22,87,3,144,3,91,37,20.44%,50.27%,181,Đắk Nông,NTB,AM Nhung
NTB - Đắk Nông,(DNO) Quảng Sơn,Hàng Mới Ca 2,2026-09-16 - Thứ 4,82,14.63%,4.88%,0.00%,2,4,0,12,0,78,70,85.37%,95.12%,82,Đắk Nông,NTB,AM Nhung
NTB - Đắk Nông,(DNO) Quảng Sơn,Hàng Mới Ca 2,2026-09-18 - Thứ 6,166,43.98%,30.12%,0.00%,2.42,50,0,73,0,116,93,56.02%,69.88%,166,Đắk Nông,NTB,AM Nhung
NTB - Đắk Nông,(DNO) Quảng Sơn,Hàng Mới Ca 2,2026-09-19 - Thứ 7,187,43.85%,31.02%,0.00%,2.53,58,0,82,0,129,105,56.15%,68.98%,187,Đắk Nông,NTB,AM Nhung
NTB - Đắk Nông,(DNO) Quảng Sơn,Hàng Mới Ca 2,2026-09-28 - Thứ 2,94,93.62%,59.57%,1.06%,17.5,56,1,88,1,37,6,6.38%,39.37%,94,Đắk Nông,NTB,AM Nhung
NTB - Đắk Nông,(DNO) Quảng Sơn,Hàng Mới Ca 2,2026-10-01 - Thứ 5,46,100.00%,82.61%,2.17%,18.74,38,1,46,1,7,0,0.00%,15.22%,46,Đắk Nông,NTB,AM Nhung
NTB - Đắk Nông,(DNO) Quảng Sơn,Hàng Mới Ca 2,2026-09-22 - Thứ 3,123,39.84%,26.02%,0.81%,4.26,32,1,49,1,90,74,60.16%,73.17%,123,Đắk Nông,NTB,AM Nhung
NTB - Đắk Nông,(DNO) Quảng Sơn,Hàng Mới Ca 2,2026-09-23 - Thứ 4,116,97.41%,71.55%,1.72%,16.62,83,2,113,2,31,3,2.59%,26.73%,116,Đắk Nông,NTB,AM Nhung
NTB - Đắk Nông,(DNO) Quảng Sơn,Hàng Mới Ca 2,2026-10-09 - Thứ 6,188,83.51%,71.81%,1.06%,15.32,135,2,157,2,51,31,16.49%,27.13%,188,Đắk Nông,NTB,AM Nhung
NTB - Đắk Nông,(DNO) Quảng Sơn,Hàng Mới Ca 2,2026-09-27 - Chủ Nhật,117,95.73%,70.09%,0.00%,15.82,82,0,112,0,35,5,4.27%,29.91%,117,Đắk Nông,NTB,AM Nhung
NTB - Đắk Nông,(DNO) Quảng Sơn,Hàng Tồn,2026-09-25 - Thứ 6,96,93.75%,33.33%,9.38%,55.25,32,9,90,9,55,6,6.25%,57.29%,0,Đắk Nông,NTB,AM Nhung
NTB - Đắk Nông,(DNO) Quảng Sơn,Hàng Tồn,2026-09-21 - Thứ 2,256,98.83%,63.67%,4.69%,38.5,163,12,253,12,81,3,1.17%,31.64%,0,Đắk Nông,NTB,AM Nhung
NTB - Đắk Nông,(DNO) Quảng Sơn,Hàng Tồn,2026-09-20 - Chủ Nhật,249,78.31%,41.77%,2.41%,33.85,104,6,195,6,139,54,21.69%,55.82%,0,Đắk Nông,NTB,AM Nhung
NTB - Đắk Nông,(DNO) Quảng Sơn,Hàng Tồn,2026-09-13 - Chủ Nhật,238,98.74%,42.02%,6.72%,35.65,100,16,235,16,122,3,1.26%,51.26%,0,Đắk Nông,NTB,AM Nhung
NTB - Đắk Nông,(DNO) Quảng Sơn,Hàng Tồn,2026-09-12 - Thứ 7,237,99.58%,47.68%,6.33%,37.89,113,15,236,15,109,1,0.42%,45.99%,0,Đắk Nông,NTB,AM Nhung
NTB - Đắk Nông,(DNO) Quảng Sơn,Hàng Tồn,2026-10-05 - Thứ 2,146,97.95%,39.73%,17.12%,57.25,58,25,143,25,63,3,2.05%,43.15%,0,Đắk Nông,NTB,AM Nhung
NTB - Đắk Nông,(DNO) Quảng Sơn,Hàng Tồn,2026-09-22 - Thứ 3,249,90.76%,50.60%,3.21%,32.48,126,8,226,8,115,23,9.24%,46.19%,0,Đắk Nông,NTB,AM Nhung
NTB - Đắk Nông,(DNO) Quảng Sơn,Hàng Tồn,2026-09-23 - Thứ 4,111,96.40%,49.55%,8.11%,68.62,55,9,107,9,47,4,3.60%,42.34%,0,Đắk Nông,NTB,AM Nhung
NTB - Đắk Nông,(DNO) Quảng Sơn,Hàng Tồn,2026-09-14 - Thứ 2,231,97.40%,45.89%,6.49%,35.7,106,15,225,15,110,6,2.60%,47.62%,0,Đắk Nông,NTB,AM Nhung
NTB - Đắk Nông,(DNO) Quảng Sơn,Hàng Tồn,2026-10-02 - Thứ 6,53,100.00%,43.40%,24.53%,73.04,23,13,53,13,17,0,0.00%,32.07%,0,Đắk Nông,NTB,AM Nhung
NTB - Đắk Nông,(DNO) Quảng Sơn,Hàng Tồn,2026-09-29 - Thứ 3,82,95.12%,31.71%,6.10%,57.31,26,5,78,5,51,4,4.88%,62.19%,0,Đắk Nông,NTB,AM Nhung
NTB - Đắk Nông,(DNO) Quảng Sơn,Hàng Tồn,2026-10-08 - Thứ 5,113,86.73%,24.78%,10.62%,53,28,12,98,12,73,15,13.27%,64.60%,0,Đắk Nông,NTB,AM Nhung
NTB - Đắk Nông,(DNO) Quảng Sơn,Hàng Tồn,2026-09-19 - Thứ 7,233,98.28%,47.64%,6.44%,30.04,111,15,229,15,107,4,1.72%,45.92%,0,Đắk Nông,NTB,AM Nhung
NTB - Đắk Nông,(DNO) Quảng Sơn,Hàng Tồn,2026-10-04 - Chủ Nhật,150,98.67%,45.33%,2.67%,54.51,68,4,148,4,78,2,1.33%,52.00%,0,Đắk Nông,NTB,AM Nhung
NTB - Đắk Nông,(DNO) Quảng Sơn,Hàng Tồn,2026-09-30 - Thứ 4,98,92.86%,32.65%,12.24%,59.75,32,12,91,12,54,7,7.14%,55.11%,0,Đắk Nông,NTB,AM Nhung
NTB - Đắk Nông,(DNO) Quảng Sơn,Hàng Tồn,2026-09-17 - Thứ 5,200,97.50%,42.00%,4.50%,32.46,84,9,195,9,107,5,2.50%,53.50%,0,Đắk Nông,NTB,AM Nhung
NTB - Đắk Nông,(DNO) Quảng Sơn,Hàng Tồn,2026-10-09 - Thứ 6,119,75.63%,32.77%,9.24%,58.7,39,11,90,11,69,29,24.37%,57.99%,0,Đắk Nông,NTB,AM Nhung
NTB - Đắk Nông,(DNO) Quảng Sơn,Hàng Tồn,2026-09-26 - Thứ 7,143,98.60%,43.36%,5.59%,64.29,62,8,141,8,73,2,1.40%,51.05%,0,Đắk Nông,NTB,AM Nhung
NTB - Đắk Nông,(DNO) Quảng Sơn,Hàng Tồn,2026-10-07 - Thứ 4,122,95.90%,44.26%,11.48%,56.25,54,14,117,14,54,5,4.10%,44.26%,0,Đắk Nông,NTB,AM Nhung
NTB - Đắk Nông,(DNO) Quảng Sơn,Hàng Tồn,2026-09-18 - Thứ 6,263,99.62%,59.70%,2.66%,34.01,157,7,262,7,99,1,0.38%,37.64%,0,Đắk Nông,NTB,AM Nhung
NTB - Đắk Nông,(DNO) Quảng Sơn,Hàng Tồn,2026-10-01 - Thứ 5,90,95.56%,35.56%,11.11%,69.25,32,10,86,10,48,4,4.44%,53.33%,0,Đắk Nông,NTB,AM Nhung
NTB - Đắk Nông,(DNO) Quảng Sơn,Hàng Tồn,2026-09-16 - Thứ 4,243,99.59%,55.97%,5.76%,33.26,136,14,242,14,93,1,0.41%,38.27%,0,Đắk Nông,NTB,AM Nhung
NTB - Đắk Nông,(DNO) Quảng Sơn,Hàng Tồn,2026-09-27 - Chủ Nhật,124,91.94%,35.48%,4.84%,65.61,44,6,114,6,74,10,8.06%,59.68%,0,Đắk Nông,NTB,AM Nhung
NTB - Đắk Nông,(DNO) Quảng Sơn,Hàng Tồn,2026-10-06 - Thứ 3,110,98.18%,26.36%,10.00%,76.29,29,11,108,11,70,2,1.82%,63.64%,0,Đắk Nông,NTB,AM Nhung
NTB - Đắk Nông,(DNO) Quảng Sơn,Hàng Tồn,2026-09-15 - Thứ 3,177,97.18%,48.59%,6.78%,38.01,86,12,172,12,79,5,2.82%,44.63%,0,Đắk Nông,NTB,AM Nhung
NTB - Đắk Nông,(DNO) Quảng Sơn,Hàng Tồn,2026-09-28 - Thứ 2,121,90.91%,31.40%,23.97%,62.06,38,29,110,29,54,11,9.09%,44.63%,0,Đắk Nông,NTB,AM Nhung
NTB - Đắk Nông,(DNO) Quảng Sơn,Hàng Tồn,2026-09-24 - Thứ 5,101,94.06%,37.62%,9.90%,59.16,38,10,95,10,53,6,5.94%,52.48%,0,Đắk Nông,NTB,AM Nhung
NTB - Đắk Nông,(DNO) Quảng Sơn,Hàng Tồn,2026-10-03 - Thứ 7,67,88.06%,13.43%,14.93%,50.22,9,10,59,10,48,8,11.94%,71.64%,0,Đắk Nông,NTB,AM Nhung
NTB - Đắk Nông,(DNO) Quảng Khê,Hàng Mới Ca 1,2026-10-07 - Thứ 4,200,84.50%,62.00%,0.50%,18.92,124,1,169,1,75,31,15.50%,37.50%,200,Đắk Nông,NTB,AM Nhung
NTB - Đắk Nông,(DNO) Quảng Khê,Hàng Mới Ca 1,2026-09-25 - Thứ 6,295,72.54%,48.14%,2.37%,14.17,142,7,214,7,146,81,27.46%,49.49%,295,Đắk Nông,NTB,AM Nhung
NTB - Đắk Nông,(DNO) Quảng Khê,Hàng Mới Ca 1,2026-09-27 - Chủ Nhật,203,72.41%,50.74%,0.00%,14.64,103,0,147,0,100,56,27.59%,49.26%,203,Đắk Nông,NTB,AM Nhung
NTB - Đắk Nông,(DNO) Quảng Khê,Hàng Mới Ca 1,2026-09-13 - Chủ Nhật,200,83.00%,49.00%,1.00%,14.96,98,2,166,2,100,34,17.00%,50.00%,200,Đắk Nông,NTB,AM Nhung
NTB - Đắk Nông,(DNO) Quảng Khê,Hàng Mới Ca 1,2026-10-06 - Thứ 3,175,81.71%,58.29%,4.00%,13.48,102,7,143,7,66,32,18.29%,37.71%,175,Đắk Nông,NTB,AM Nhung
NTB - Đắk Nông,(DNO) Quảng Khê,Hàng Mới Ca 1,2026-10-01 - Thứ 5,171,57.89%,41.52%,2.34%,7.39,71,4,99,4,96,72,42.11%,56.14%,171,Đắk Nông,NTB,AM Nhung
NTB - Đắk Nông,(DNO) Quảng Khê,Hàng Mới Ca 1,2026-09-12 - Thứ 7,198,78.28%,52.02%,3.03%,12.82,103,6,155,6,89,43,21.72%,44.95%,198,Đắk Nông,NTB,AM Nhung
NTB - Đắk Nông,(DNO) Quảng Khê,Hàng Mới Ca 1,2026-09-22 - Thứ 3,231,65.37%,44.59%,2.60%,16.52,103,6,151,6,122,80,34.63%,52.81%,231,Đắk Nông,NTB,AM Nhung
NTB - Đắk Nông,(DNO) Quảng Khê,Hàng Mới Ca 1,2026-09-23 - Thứ 4,184,70.65%,36.41%,1.63%,17.18,67,3,130,3,114,54,29.35%,61.96%,184,Đắk Nông,NTB,AM Nhung
NTB - Đắk Nông,(DNO) Quảng Khê,Hàng Mới Ca 1,2026-10-02 - Thứ 6,301,78.41%,50.17%,2.33%,13.97,151,7,236,7,143,65,21.59%,47.50%,301,Đắk Nông,NTB,AM Nhung
NTB - Đắk Nông,(DNO) Quảng Khê,Hàng Mới Ca 1,2026-09-29 - Thứ 3,172,77.91%,51.16%,1.16%,12.89,88,2,134,2,82,38,22.09%,47.68%,172,Đắk Nông,NTB,AM Nhung
NTB - Đắk Nông,(DNO) Quảng Khê,Hàng Mới Ca 1,2026-10-08 - Thứ 5,303,82.18%,58.09%,2.31%,14.35,176,7,249,7,120,54,17.82%,39.60%,303,Đắk Nông,NTB,AM Nhung
NTB - Đắk Nông,(DNO) Quảng Khê,Hàng Mới Ca 1,2026-09-19 - Thứ 7,174,78.74%,51.72%,1.15%,17.07,90,2,137,2,82,37,21.26%,47.13%,174,Đắk Nông,NTB,AM Nhung
NTB - Đắk Nông,(DNO) Quảng Khê,Hàng Mới Ca 1,2026-10-04 - Chủ Nhật,268,81.34%,56.34%,1.12%,17.08,151,3,218,3,114,50,18.66%,42.54%,268,Đắk Nông,NTB,AM Nhung
NTB - Đắk Nông,(DNO) Quảng Khê,Hàng Mới Ca 1,2026-09-30 - Thứ 4,176,76.70%,53.41%,0.00%,15.84,94,0,135,0,82,41,23.30%,46.59%,176,Đắk Nông,NTB,AM Nhung
NTB - Đắk Nông,(DNO) Quảng Khê,Hàng Mới Ca 1,2026-09-17 - Thứ 5,254,97.64%,68.11%,1.57%,15.29,173,4,248,4,77,6,2.36%,30.32%,254,Đắk Nông,NTB,AM Nhung
NTB - Đắk Nông,(DNO) Quảng Khê,Hàng Mới Ca 1,2026-10-09 - Thứ 6,229,93.45%,70.31%,1.31%,16.43,161,3,214,3,65,15,6.55%,28.38%,229,Đắk Nông,NTB,AM Nhung
NTB - Đắk Nông,(DNO) Quảng Khê,Hàng Mới Ca 1,2026-09-26 - Thứ 7,256,96.09%,67.58%,1.95%,13.42,173,5,246,5,78,10,3.91%,30.47%,256,Đắk Nông,NTB,AM Nhung
NTB - Đắk Nông,(DNO) Quảng Khê,Hàng Mới Ca 1,2026-09-28 - Thứ 2,165,61.21%,39.39%,0.61%,10.87,65,1,101,1,99,64,38.79%,60.00%,165,Đắk Nông,NTB,AM Nhung
NTB - Đắk Nông,(DNO) Quảng Khê,Hàng Mới Ca 1,2026-10-03 - Thứ 7,212,82.08%,52.83%,0.94%,13.87,112,2,174,2,98,38,17.92%,46.23%,212,Đắk Nông,NTB,AM Nhung
NTB - Đắk Nông,(DNO) Quảng Khê,Hàng Mới Ca 1,2026-09-18 - Thứ 6,218,95.87%,61.47%,2.29%,15.49,134,5,209,5,79,9,4.13%,36.24%,218,Đắk Nông,NTB,AM Nhung
NTB - Đắk Nông,(DNO) Quảng Khê,Hàng Mới Ca 1,2026-09-24 - Thứ 5,265,92.08%,64.15%,1.51%,14.59,170,4,244,4,91,21,7.92%,34.34%,265,Đắk Nông,NTB,AM Nhung
NTB - Đắk Nông,(DNO) Quảng Khê,Hàng Mới Ca 1,2026-10-05 - Thứ 2,291,100.00%,61.51%,2.06%,14.53,179,6,291,6,106,0,0.00%,36.43%,291,Đắk Nông,NTB,AM Nhung
NTB - Đắk Nông,(DNO) Quảng Khê,Hàng Mới Ca 1,2026-09-14 - Thứ 2,225,84.89%,62.22%,0.00%,13.71,140,0,191,0,85,34,15.11%,37.78%,225,Đắk Nông,NTB,AM Nhung
NTB - Đắk Nông,(DNO) Quảng Khê,Hàng Mới Ca 1,2026-09-15 - Thứ 3,245,99.18%,57.96%,1.63%,13.08,142,4,243,4,99,2,0.82%,40.41%,245,Đắk Nông,NTB,AM Nhung
NTB - Đắk Nông,(DNO) Quảng Khê,Hàng Mới Ca 1,2026-09-16 - Thứ 4,167,84.43%,55.69%,0.00%,18.32,93,0,141,0,74,26,15.57%,44.31%,167,Đắk Nông,NTB,AM Nhung
NTB - Đắk Nông,(DNO) Quảng Khê,Hàng Mới Ca 1,2026-09-20 - Chủ Nhật,305,80.33%,51.48%,2.62%,15.38,157,8,245,8,140,60,19.67%,45.90%,305,Đắk Nông,NTB,AM Nhung
NTB - Đắk Nông,(DNO) Quảng Khê,Hàng Mới Ca 1,2026-09-21 - Thứ 2,101,97.03%,56.44%,1.98%,16.54,57,2,98,2,42,3,2.97%,41.58%,101,Đắk Nông,NTB,AM Nhung
NTB - Đắk Nông,(DNO) Quảng Khê,Hàng Mới Ca 2,2026-09-14 - Thứ 2,1,0.00%,0.00%,0.00%,0,0,0,0,0,1,1,100.00%,100.00%,1,Đắk Nông,NTB,AM Nhung
NTB - Đắk Nông,(DNO) Quảng Khê,Hàng Mới Ca 2,2026-10-08 - Thứ 5,2,50.00%,50.00%,0.00%,9,1,0,1,0,1,1,50.00%,50.00%,2,Đắk Nông,NTB,AM Nhung
NTB - Đắk Nông,(DNO) Quảng Khê,Hàng Mới Ca 2,2026-10-07 - Thứ 4,3,0.00%,0.00%,0.00%,0,0,0,0,0,3,3,100.00%,100.00%,3,Đắk Nông,NTB,AM Nhung
NTB - Đắk Nông,(DNO) Quảng Khê,Hàng Mới Ca 2,2026-09-27 - Chủ Nhật,5,0.00%,0.00%,0.00%,0,0,0,0,0,5,5,100.00%,100.00%,5,Đắk Nông,NTB,AM Nhung
NTB - Đắk Nông,(DNO) Quảng Khê,Hàng Mới Ca 2,2026-10-03 - Thứ 7,1,100.00%,100.00%,0.00%,8,1,0,1,0,0,0,0.00%,0.00%,1,Đắk Nông,NTB,AM Nhung
NTB - Đắk Nông,(DNO) Quảng Khê,Hàng Mới Ca 2,2026-09-21 - Thứ 2,1,0.00%,0.00%,0.00%,0,0,0,0,0,1,1,100.00%,100.00%,1,Đắk Nông,NTB,AM Nhung
NTB - Đắk Nông,(DNO) Quảng Khê,Hàng Mới Ca 2,2026-10-01 - Thứ 5,3,33.33%,33.33%,0.00%,2,1,0,1,0,2,2,66.67%,66.67%,3,Đắk Nông,NTB,AM Nhung
NTB - Đắk Nông,(DNO) Quảng Khê,Hàng Mới Ca 2,2026-09-22 - Thứ 3,1,0.00%,0.00%,0.00%,0,0,0,0,0,1,1,100.00%,100.00%,1,Đắk Nông,NTB,AM Nhung
NTB - Đắk Nông,(DNO) Quảng Khê,Hàng Mới Ca 2,2026-09-18 - Thứ 6,4,75.00%,75.00%,0.00%,4,3,0,3,0,1,1,25.00%,25.00%,4,Đắk Nông,NTB,AM Nhung
NTB - Đắk Nông,(DNO) Quảng Khê,Hàng Mới Ca 2,2026-09-26 - Thứ 7,5,0.00%,0.00%,0.00%,0,0,0,0,0,5,5,100.00%,100.00%,5,Đắk Nông,NTB,AM Nhung
NTB - Đắk Nông,(DNO) Quảng Khê,Hàng Tồn,2026-09-27 - Chủ Nhật,158,68.35%,26.58%,5.70%,50.9,42,9,108,9,107,50,31.65%,67.72%,0,Đắk Nông,NTB,AM Nhung
NTB - Đắk Nông,(DNO) Quảng Khê,Hàng Tồn,2026-09-20 - Chủ Nhật,146,86.99%,45.89%,4.79%,59.35,67,7,127,7,72,19,13.01%,49.32%,0,Đắk Nông,NTB,AM Nhung
NTB - Đắk Nông,(DNO) Quảng Khê,Hàng Tồn,2026-10-06 - Thứ 3,166,78.92%,38.55%,5.42%,46.5,64,9,131,9,93,35,21.08%,56.03%,0,Đắk Nông,NTB,AM Nhung
NTB - Đắk Nông,(DNO) Quảng Khê,Hàng Tồn,2026-10-01 - Thứ 5,151,59.60%,30.46%,4.64%,51.87,46,7,90,7,98,61,40.40%,64.90%,0,Đắk Nông,NTB,AM Nhung
NTB - Đắk Nông,(DNO) Quảng Khê,Hàng Tồn,2026-09-12 - Thứ 7,169,84.62%,31.36%,6.51%,51.43,53,11,143,11,105,26,15.38%,62.13%,0,Đắk Nông,NTB,AM Nhung
NTB - Đắk Nông,(DNO) Quảng Khê,Hàng Tồn,2026-09-23 - Thứ 4,187,81.28%,40.11%,5.35%,54.68,75,10,152,10,102,35,18.72%,54.54%,0,Đắk Nông,NTB,AM Nhung
NTB - Đắk Nông,(DNO) Quảng Khê,Hàng Tồn,2026-09-15 - Thứ 3,150,96.67%,40.67%,6.00%,48.32,61,9,145,9,80,5,3.33%,53.33%,0,Đắk Nông,NTB,AM Nhung
NTB - Đắk Nông,(DNO) Quảng Khê,Hàng Tồn,2026-10-02 - Thứ 6,189,87.83%,43.39%,5.82%,52.12,82,11,166,11,96,23,12.17%,50.79%,0,Đắk Nông,NTB,AM Nhung
NTB - Đắk Nông,(DNO) Quảng Khê,Hàng Tồn,2026-09-29 - Thứ 3,199,83.92%,35.68%,6.53%,53.81,71,13,167,13,115,32,16.08%,57.79%,0,Đắk Nông,NTB,AM Nhung
NTB - Đắk Nông,(DNO) Quảng Khê,Hàng Tồn,2026-10-04 - Chủ Nhật,184,94.57%,47.83%,3.80%,52.2,88,7,174,7,89,10,5.43%,48.37%,0,Đắk Nông,NTB,AM Nhung
NTB - Đắk Nông,(DNO) Quảng Khê,Hàng Tồn,2026-09-30 - Thứ 4,190,86.84%,47.37%,7.37%,52.67,90,14,165,14,86,25,13.16%,45.26%,0,Đắk Nông,NTB,AM Nhung
NTB - Đắk Nông,(DNO) Quảng Khê,Hàng Tồn,2026-10-09 - Thứ 6,170,88.24%,51.76%,5.29%,46.24,88,9,150,9,73,20,11.76%,42.95%,0,Đắk Nông,NTB,AM Nhung
NTB - Đắk Nông,(DNO) Quảng Khê,Hàng Tồn,2026-09-26 - Thứ 7,244,92.62%,50.82%,3.69%,51.19,124,9,226,9,111,18,7.38%,45.49%,0,Đắk Nông,NTB,AM Nhung
NTB - Đắk Nông,(DNO) Quảng Khê,Hàng Tồn,2026-10-07 - Thứ 4,156,94.23%,40.38%,9.62%,54.83,63,15,147,15,78,9,5.77%,50.00%,0,Đắk Nông,NTB,AM Nhung
NTB - Đắk Nông,(DNO) Quảng Khê,Hàng Tồn,2026-09-16 - Thứ 4,160,74.38%,35.00%,6.25%,47.78,56,10,119,10,94,41,25.62%,58.75%,0,Đắk Nông,NTB,AM Nhung
NTB - Đắk Nông,(DNO) Quảng Khê,Hàng Tồn,2026-09-25 - Thứ 6,179,69.83%,35.20%,5.03%,56.92,63,9,125,9,107,54,30.17%,59.77%,0,Đắk Nông,NTB,AM Nhung
NTB - Đắk Nông,(DNO) Quảng Khê,Hàng Tồn,2026-09-18 - Thứ 6,149,73.83%,27.52%,7.38%,46.02,41,11,110,11,97,39,26.17%,65.10%,0,Đắk Nông,NTB,AM Nhung
NTB - Đắk Nông,(DNO) Quảng Khê,Hàng Tồn,2026-09-24 - Thứ 5,209,80.86%,47.37%,4.31%,49.45,99,9,169,9,101,40,19.14%,48.32%,0,Đắk Nông,NTB,AM Nhung
NTB - Đắk Nông,(DNO) Quảng Khê,Hàng Tồn,2026-09-21 - Thứ 2,202,97.52%,50.50%,3.96%,44.91,102,8,197,8,92,5,2.48%,45.54%,0,Đắk Nông,NTB,AM Nhung
NTB - Đắk Nông,(DNO) Quảng Khê,Hàng Tồn,2026-09-22 - Thứ 3,121,69.42%,28.10%,6.61%,55.44,34,8,84,8,79,37,30.58%,65.29%,0,Đắk Nông,NTB,AM Nhung
NTB - Đắk Nông,(DNO) Quảng Khê,Hàng Tồn,2026-09-14 - Thứ 2,169,89.94%,51.48%,4.73%,48.77,87,8,152,8,74,17,10.06%,43.79%,0,Đắk Nông,NTB,AM Nhung
NTB - Đắk Nông,(DNO) Quảng Khê,Hàng Tồn,2026-10-08 - Thứ 5,130,90.00%,50.00%,5.38%,51.31,65,7,117,7,58,13,10.00%,44.62%,0,Đắk Nông,NTB,AM Nhung
NTB - Đắk Nông,(DNO) Quảng Khê,Hàng Tồn,2026-09-17 - Thứ 5,158,77.22%,41.14%,5.70%,52.91,65,9,122,9,84,36,22.78%,53.16%,0,Đắk Nông,NTB,AM Nhung
NTB - Đắk Nông,(DNO) Quảng Khê,Hàng Tồn,2026-09-28 - Thứ 2,208,69.71%,39.42%,4.33%,51.1,82,9,145,9,117,63,30.29%,56.25%,0,Đắk Nông,NTB,AM Nhung
NTB - Đắk Nông,(DNO) Quảng Khê,Hàng Tồn,2026-10-03 - Thứ 7,225,96.00%,46.67%,4.00%,48.36,105,9,216,9,111,9,4.00%,49.33%,0,Đắk Nông,NTB,AM Nhung
NTB - Đắk Nông,(DNO) Quảng Khê,Hàng Tồn,2026-09-13 - Chủ Nhật,177,88.70%,41.81%,4.52%,55.49,74,8,157,8,95,20,11.30%,53.67%,0,Đắk Nông,NTB,AM Nhung
NTB - Đắk Nông,(DNO) Quảng Khê,Hàng Tồn,2026-10-05 - Thứ 2,183,100.00%,52.46%,8.20%,58.22,96,15,183,15,72,0,0.00%,39.34%,0,Đắk Nông,NTB,AM Nhung
NTB - Đắk Nông,(DNO) Quảng Khê,Hàng Tồn,2026-09-19 - Thứ 7,165,82.42%,50.91%,3.03%,66.89,84,5,136,5,76,29,17.58%,46.06%,0,Đắk Nông,NTB,AM Nhung
NTB - Đắk Nông,(DNO) Nhân Cơ 1,Hàng Mới Ca 1,2026-10-06 - Thứ 3,126,100.00%,87.30%,2.38%,6,110,3,126,3,13,0,0.00%,10.32%,126,Đắk Nông,NTB,AM Duân
NTB - Đắk Nông,(DNO) Nhân Cơ 1,Hàng Mới Ca 1,2026-10-08 - Thứ 5,162,100.00%,87.04%,0.00%,6.68,141,0,162,0,21,0,0.00%,12.96%,162,Đắk Nông,NTB,AM Duân
NTB - Đắk Nông,(DNO) Nhân Cơ 1,Hàng Mới Ca 1,2026-10-04 - Chủ Nhật,184,98.91%,79.35%,0.54%,7.03,146,1,182,1,37,2,1.09%,20.11%,184,Đắk Nông,NTB,AM Duân
NTB - Đắk Nông,(DNO) Nhân Cơ 1,Hàng Mới Ca 1,2026-10-09 - Thứ 6,107,100.00%,83.18%,0.93%,6.3,89,1,107,1,17,0,0.00%,15.89%,107,Đắk Nông,NTB,AM Duân
NTB - Đắk Nông,(DNO) Nhân Cơ 1,Hàng Mới Ca 1,2026-10-07 - Thứ 4,63,100.00%,84.13%,0.00%,5.57,53,0,63,0,10,0,0.00%,15.87%,63,Đắk Nông,NTB,AM Duân
NTB - Đắk Nông,(DNO) Nhân Cơ 1,Hàng Mới Ca 1,2026-10-05 - Thứ 2,63,100.00%,85.71%,0.00%,6.7,54,0,63,0,9,0,0.00%,14.29%,63,Đắk Nông,NTB,AM Duân
NTB - Đắk Nông,(DNO) Nhân Cơ 1,Hàng Mới Ca 2,2026-10-06 - Thứ 3,206,43.20%,39.32%,0.49%,3.03,81,1,89,1,124,117,56.80%,60.19%,206,Đắk Nông,NTB,AM Duân
NTB - Đắk Nông,(DNO) Nhân Cơ 1,Hàng Mới Ca 2,2026-10-05 - Thứ 2,115,8.70%,6.09%,0.00%,3.29,7,0,10,0,108,105,91.30%,93.91%,115,Đắk Nông,NTB,AM Duân
NTB - Đắk Nông,(DNO) Nhân Cơ 1,Hàng Mới Ca 2,2026-10-08 - Thứ 5,223,34.98%,27.35%,0.00%,3.73,61,0,78,0,162,145,65.02%,72.65%,223,Đắk Nông,NTB,AM Duân
NTB - Đắk Nông,(DNO) Nhân Cơ 1,Hàng Mới Ca 2,2026-10-04 - Chủ Nhật,110,21.82%,17.27%,0.00%,2,19,0,24,0,91,86,78.18%,82.73%,110,Đắk Nông,NTB,AM Duân
NTB - Đắk Nông,(DNO) Nhân Cơ 1,Hàng Mới Ca 2,2026-10-09 - Thứ 6,185,49.19%,43.24%,1.08%,3.28,80,2,91,2,103,94,50.81%,55.68%,185,Đắk Nông,NTB,AM Duân
NTB - Đắk Nông,(DNO) Nhân Cơ 1,Hàng Mới Ca 2,2026-10-07 - Thứ 4,166,39.16%,29.52%,0.60%,2.65,49,1,65,1,116,101,60.84%,69.88%,166,Đắk Nông,NTB,AM Duân
NTB - Đắk Nông,(DNO) Nhân Cơ 1,Hàng Tồn,2026-10-06 - Thứ 3,157,99.36%,73.25%,0.64%,28.48,115,1,156,1,41,1,0.64%,26.11%,0,Đắk Nông,NTB,AM Duân
NTB - Đắk Nông,(DNO) Nhân Cơ 1,Hàng Tồn,2026-10-08 - Thứ 5,168,99.40%,67.26%,2.98%,28.68,113,5,167,5,50,1,0.60%,29.76%,0,Đắk Nông,NTB,AM Duân
NTB - Đắk Nông,(DNO) Nhân Cơ 1,Hàng Tồn,2026-10-09 - Thứ 6,222,99.55%,72.52%,1.35%,27.97,161,3,221,3,58,1,0.45%,26.13%,0,Đắk Nông,NTB,AM Duân
NTB - Đắk Nông,(DNO) Nhân Cơ 1,Hàng Tồn,2026-10-05 - Thứ 2,173,98.84%,76.30%,1.16%,24.87,132,2,171,2,39,2,1.16%,22.54%,0,Đắk Nông,NTB,AM Duân
NTB - Đắk Nông,(DNO) Nhân Cơ 1,Hàng Tồn,2026-10-07 - Thứ 4,172,99.42%,69.19%,1.16%,28.09,119,2,171,2,51,1,0.58%,29.65%,0,Đắk Nông,NTB,AM Duân
NTB - Đắk Nông,(DNO) Nhân Cơ,Hàng Mới Ca 1,2026-09-16 - Thứ 4,94,95.74%,76.60%,0.00%,8.36,72,0,90,0,22,4,4.26%,23.40%,94,Đắk Nông,NTB,AM Duân
NTB - Đắk Nông,(DNO) Nhân Cơ,Hàng Mới Ca 1,2026-09-27 - Chủ Nhật,266,97.74%,73.68%,0.38%,8.53,196,1,260,1,69,6,2.26%,25.94%,266,Đắk Nông,NTB,AM Duân
NTB - Đắk Nông,(DNO) Nhân Cơ,Hàng Mới Ca 1,2026-09-21 - Thứ 2,30,100.00%,86.67%,0.00%,9.73,26,0,30,0,4,0,0.00%,13.33%,30,Đắk Nông,NTB,AM Duân
NTB - Đắk Nông,(DNO) Nhân Cơ,Hàng Mới Ca 1,2026-09-20 - Chủ Nhật,132,81.06%,67.42%,0.00%,8.07,89,0,107,0,43,25,18.94%,32.58%,132,Đắk Nông,NTB,AM Duân
NTB - Đắk Nông,(DNO) Nhân Cơ,Hàng Mới Ca 1,2026-09-13 - Chủ Nhật,147,87.07%,72.79%,1.36%,8.63,107,2,128,2,38,19,12.93%,25.85%,147,Đắk Nông,NTB,AM Duân
NTB - Đắk Nông,(DNO) Nhân Cơ,Hàng Mới Ca 1,2026-09-24 - Thứ 5,180,81.67%,65.00%,1.11%,8.21,117,2,147,2,61,33,18.33%,33.89%,180,Đắk Nông,NTB,AM Duân
NTB - Đắk Nông,(DNO) Nhân Cơ,Hàng Mới Ca 1,2026-10-01 - Thứ 5,241,100.00%,79.25%,0.83%,7.3,191,2,241,2,48,0,0.00%,19.92%,241,Đắk Nông,NTB,AM Duân
NTB - Đắk Nông,(DNO) Nhân Cơ,Hàng Mới Ca 1,2026-09-22 - Thứ 3,78,100.00%,92.31%,0.00%,8.62,72,0,78,0,6,0,0.00%,7.69%,78,Đắk Nông,NTB,AM Duân
NTB - Đắk Nông,(DNO) Nhân Cơ,Hàng Mới Ca 1,2026-09-14 - Thứ 2,131,88.55%,70.99%,1.53%,8.79,93,2,116,2,36,15,11.45%,27.48%,131,Đắk Nông,NTB,AM Duân
NTB - Đắk Nông,(DNO) Nhân Cơ,Hàng Mới Ca 1,2026-10-02 - Thứ 6,183,99.45%,77.60%,2.19%,7.26,142,4,182,4,37,1,0.55%,20.21%,183,Đắk Nông,NTB,AM Duân
NTB - Đắk Nông,(DNO) Nhân Cơ,Hàng Mới Ca 1,2026-09-30 - Thứ 4,109,100.00%,76.15%,0.00%,8.22,83,0,109,0,26,0,0.00%,23.85%,109,Đắk Nông,NTB,AM Duân
NTB - Đắk Nông,(DNO) Nhân Cơ,Hàng Mới Ca 1,2026-09-17 - Thứ 5,245,96.73%,77.55%,0.00%,6.12,190,0,237,0,55,8,3.27%,22.45%,245,Đắk Nông,NTB,AM Duân
NTB - Đắk Nông,(DNO) Nhân Cơ,Hàng Mới Ca 1,2026-09-26 - Thứ 7,119,93.28%,75.63%,0.84%,8.22,90,1,111,1,28,8,6.72%,23.53%,119,Đắk Nông,NTB,AM Duân
NTB - Đắk Nông,(DNO) Nhân Cơ,Hàng Mới Ca 1,2026-09-28 - Thứ 2,141,82.27%,66.67%,0.00%,8.33,94,0,116,0,47,25,17.73%,33.33%,141,Đắk Nông,NTB,AM Duân
NTB - Đắk Nông,(DNO) Nhân Cơ,Hàng Mới Ca 1,2026-09-25 - Thứ 6,181,83.43%,67.96%,1.10%,6.85,123,2,151,2,56,30,16.57%,30.94%,181,Đắk Nông,NTB,AM Duân
NTB - Đắk Nông,(DNO) Nhân Cơ,Hàng Mới Ca 1,2026-09-18 - Thứ 6,80,100.00%,82.50%,0.00%,7.8,66,0,80,0,14,0,0.00%,17.50%,80,Đắk Nông,NTB,AM Duân
NTB - Đắk Nông,(DNO) Nhân Cơ,Hàng Mới Ca 1,2026-09-12 - Thứ 7,160,83.13%,62.50%,0.63%,8.01,100,1,133,1,59,27,16.87%,36.87%,160,Đắk Nông,NTB,AM Duân
NTB - Đắk Nông,(DNO) Nhân Cơ,Hàng Mới Ca 1,2026-09-23 - Thứ 4,93,100.00%,51.61%,0.00%,9.02,48,0,93,0,45,0,0.00%,48.39%,93,Đắk Nông,NTB,AM Duân
NTB - Đắk Nông,(DNO) Nhân Cơ,Hàng Mới Ca 1,2026-09-15 - Thứ 3,118,83.05%,76.27%,0.00%,8.63,90,0,98,0,28,20,16.95%,23.73%,118,Đắk Nông,NTB,AM Duân
NTB - Đắk Nông,(DNO) Nhân Cơ,Hàng Mới Ca 1,2026-09-29 - Thứ 3,88,92.05%,76.14%,1.14%,6.9,67,1,81,1,20,7,7.95%,22.72%,88,Đắk Nông,NTB,AM Duân
NTB - Đắk Nông,(DNO) Nhân Cơ,Hàng Mới Ca 1,2026-09-19 - Thứ 7,40,100.00%,80.00%,2.50%,8.22,32,1,40,1,7,0,0.00%,17.50%,40,Đắk Nông,NTB,AM Duân
NTB - Đắk Nông,(DNO) Nhân Cơ,Hàng Mới Ca 1,2026-10-03 - Thứ 7,9,100.00%,55.56%,0.00%,18.6,5,0,9,0,4,0,0.00%,44.44%,9,Đắk Nông,NTB,AM Duân
NTB - Đắk Nông,(DNO) Nhân Cơ,Hàng Mới Ca 1,2026-10-04 - Chủ Nhật,11,100.00%,90.91%,0.00%,19.4,10,0,11,0,1,0,0.00%,9.09%,11,Đắk Nông,NTB,AM Duân
NTB - Đắk Nông,(DNO) Nhân Cơ,Hàng Mới Ca 2,2026-09-16 - Thứ 4,6,83.33%,66.67%,0.00%,0.75,4,0,5,0,2,1,16.67%,33.33%,6,Đắk Nông,NTB,AM Duân
NTB - Đắk Nông,(DNO) Nhân Cơ,Hàng Mới Ca 2,2026-09-21 - Thứ 2,171,7.02%,6.43%,0.00%,4.55,11,0,12,0,160,159,92.98%,93.57%,171,Đắk Nông,NTB,AM Duân
NTB - Đắk Nông,(DNO) Nhân Cơ,Hàng Mới Ca 2,2026-09-12 - Thứ 7,68,4.41%,4.41%,0.00%,4,3,0,3,0,65,65,95.59%,95.59%,68,Đắk Nông,NTB,AM Duân
NTB - Đắk Nông,(DNO) Nhân Cơ,Hàng Mới Ca 2,2026-09-23 - Thứ 4,121,5.79%,4.13%,1.65%,2,5,2,7,2,114,114,94.21%,94.22%,121,Đắk Nông,NTB,AM Duân
NTB - Đắk Nông,(DNO) Nhân Cơ,Hàng Mới Ca 2,2026-09-14 - Thứ 2,59,10.17%,8.47%,0.00%,2.6,5,0,6,0,54,53,89.83%,91.53%,59,Đắk Nông,NTB,AM Duân
NTB - Đắk Nông,(DNO) Nhân Cơ,Hàng Mới Ca 2,2026-09-15 - Thứ 3,61,16.39%,6.56%,0.00%,2.5,4,0,10,0,57,51,83.61%,93.44%,61,Đắk Nông,NTB,AM Duân
NTB - Đắk Nông,(DNO) Nhân Cơ,Hàng Mới Ca 2,2026-10-02 - Thứ 6,163,0.61%,0.61%,0.00%,4,1,0,1,0,162,162,99.39%,99.39%,163,Đắk Nông,NTB,AM Duân
NTB - Đắk Nông,(DNO) Nhân Cơ,Hàng Mới Ca 2,2026-09-29 - Thứ 3,73,1.37%,1.37%,0.00%,6,1,0,1,0,72,72,98.63%,98.63%,73,Đắk Nông,NTB,AM Duân
NTB - Đắk Nông,(DNO) Nhân Cơ,Hàng Mới Ca 2,2026-09-19 - Thứ 7,142,4.93%,2.11%,0.70%,5.67,3,1,7,1,138,135,95.07%,97.19%,142,Đắk Nông,NTB,AM Duân
NTB - Đắk Nông,(DNO) Nhân Cơ,Hàng Mới Ca 2,2026-09-30 - Thứ 4,34,5.88%,0.00%,0.00%,0,0,0,2,0,34,32,94.12%,100.00%,34,Đắk Nông,NTB,AM Duân
NTB - Đắk Nông,(DNO) Nhân Cơ,Hàng Mới Ca 2,2026-09-17 - Thứ 5,66,6.06%,4.55%,0.00%,4,3,0,4,0,63,62,93.94%,95.45%,66,Đắk Nông,NTB,AM Duân
NTB - Đắk Nông,(DNO) Nhân Cơ,Hàng Mới Ca 2,2026-09-28 - Thứ 2,76,5.26%,2.63%,0.00%,2,2,0,4,0,74,72,94.74%,97.37%,76,Đắk Nông,NTB,AM Duân
NTB - Đắk Nông,(DNO) Nhân Cơ,Hàng Mới Ca 2,2026-09-27 - Chủ Nhật,80,3.75%,2.50%,0.00%,4.5,2,0,3,0,78,77,96.25%,97.50%,80,Đắk Nông,NTB,AM Duân
NTB - Đắk Nông,(DNO) Nhân Cơ,Hàng Mới Ca 2,2026-09-13 - Chủ Nhật,84,16.67%,14.29%,0.00%,4.17,12,0,14,0,72,70,83.33%,85.71%,84,Đắk Nông,NTB,AM Duân
NTB - Đắk Nông,(DNO) Nhân Cơ,Hàng Mới Ca 2,2026-09-20 - Chủ Nhật,166,6.63%,6.63%,0.00%,1.45,11,0,11,0,155,155,93.37%,93.37%,166,Đắk Nông,NTB,AM Duân
NTB - Đắk Nông,(DNO) Nhân Cơ,Hàng Mới Ca 2,2026-09-24 - Thứ 5,131,1.53%,1.53%,0.00%,4,2,0,2,0,129,129,98.47%,98.47%,131,Đắk Nông,NTB,AM Duân
NTB - Đắk Nông,(DNO) Nhân Cơ,Hàng Mới Ca 2,2026-09-25 - Thứ 6,132,5.30%,4.55%,0.00%,2.17,6,0,7,0,126,125,94.70%,95.45%,132,Đắk Nông,NTB,AM Duân
NTB - Đắk Nông,(DNO) Nhân Cơ,Hàng Mới Ca 2,2026-10-01 - Thứ 5,77,7.79%,5.19%,0.00%,5,4,0,6,0,73,71,92.21%,94.81%,77,Đắk Nông,NTB,AM Duân
NTB - Đắk Nông,(DNO) Nhân Cơ,Hàng Mới Ca 2,2026-09-22 - Thứ 3,99,3.03%,1.01%,0.00%,1,1,0,3,0,98,96,96.97%,98.99%,99,Đắk Nông,NTB,AM Duân
NTB - Đắk Nông,(DNO) Nhân Cơ,Hàng Mới Ca 2,2026-09-18 - Thứ 6,147,4.08%,4.08%,0.00%,1.67,6,0,6,0,141,141,95.92%,95.92%,147,Đắk Nông,NTB,AM Duân
NTB - Đắk Nông,(DNO) Nhân Cơ,Hàng Mới Ca 2,2026-09-26 - Thứ 7,2,100.00%,100.00%,0.00%,1,2,0,2,0,0,0,0.00%,0.00%,2,Đắk Nông,NTB,AM Duân
NTB - Đắk Nông,(DNO) Nhân Cơ,Hàng Tồn,2026-09-25 - Thứ 6,302,76.49%,51.66%,1.66%,38.05,156,5,231,5,141,71,23.51%,46.68%,0,Đắk Nông,NTB,AM Duân
NTB - Đắk Nông,(DNO) Nhân Cơ,Hàng Tồn,2026-09-21 - Thứ 2,310,97.10%,69.03%,0.97%,36.8,214,3,301,3,93,9,2.90%,30.00%,0,Đắk Nông,NTB,AM Duân
NTB - Đắk Nông,(DNO) Nhân Cơ,Hàng Tồn,2026-09-20 - Chủ Nhật,224,70.98%,48.21%,2.68%,32.77,108,6,159,6,110,65,29.02%,49.11%,0,Đắk Nông,NTB,AM Duân
NTB - Đắk Nông,(DNO) Nhân Cơ,Hàng Tồn,2026-09-13 - Chủ Nhật,243,64.61%,35.80%,3.29%,47.53,87,8,157,8,148,86,35.39%,60.91%,0,Đắk Nông,NTB,AM Duân
NTB - Đắk Nông,(DNO) Nhân Cơ,Hàng Tồn,2026-10-01 - Thứ 5,133,98.50%,48.87%,9.77%,40.55,65,13,131,13,55,2,1.50%,41.36%,0,Đắk Nông,NTB,AM Duân
NTB - Đắk Nông,(DNO) Nhân Cơ,Hàng Tồn,2026-09-22 - Thứ 3,250,98.40%,60.40%,4.80%,51.58,151,12,246,12,87,4,1.60%,34.80%,0,Đắk Nông,NTB,AM Duân
NTB - Đắk Nông,(DNO) Nhân Cơ,Hàng Tồn,2026-09-23 - Thứ 4,176,98.86%,50.00%,3.41%,35.53,88,6,174,6,82,2,1.14%,46.59%,0,Đắk Nông,NTB,AM Duân
NTB - Đắk Nông,(DNO) Nhân Cơ,Hàng Tồn,2026-09-14 - Thứ 2,249,59.04%,33.33%,4.02%,41.71,83,10,147,10,156,102,40.96%,62.65%,0,Đắk Nông,NTB,AM Duân
NTB - Đắk Nông,(DNO) Nhân Cơ,Hàng Tồn,2026-09-15 - Thứ 3,228,49.56%,28.07%,2.63%,42.69,64,6,113,6,158,115,50.44%,69.30%,0,Đắk Nông,NTB,AM Duân
NTB - Đắk Nông,(DNO) Nhân Cơ,Hàng Tồn,2026-09-29 - Thứ 3,217,91.24%,53.46%,4.61%,40.88,116,10,198,10,91,19,8.76%,41.93%,0,Đắk Nông,NTB,AM Duân
NTB - Đắk Nông,(DNO) Nhân Cơ,Hàng Tồn,2026-09-19 - Thứ 7,209,96.65%,55.02%,2.39%,31.3,115,5,202,5,89,7,3.35%,42.59%,0,Đắk Nông,NTB,AM Duân
NTB - Đắk Nông,(DNO) Nhân Cơ,Hàng Tồn,2026-09-17 - Thứ 5,138,78.26%,42.75%,6.52%,82.47,59,9,108,9,70,30,21.74%,50.73%,0,Đắk Nông,NTB,AM Duân
NTB - Đắk Nông,(DNO) Nhân Cơ,Hàng Tồn,2026-09-26 - Thứ 7,314,88.22%,57.01%,1.91%,40.77,179,6,277,6,129,37,11.78%,41.08%,0,Đắk Nông,NTB,AM Duân
NTB - Đắk Nông,(DNO) Nhân Cơ,Hàng Tồn,2026-09-28 - Thứ 2,217,80.18%,47.47%,2.30%,40.42,103,5,174,5,109,43,19.82%,50.23%,0,Đắk Nông,NTB,AM Duân
NTB - Đắk Nông,(DNO) Nhân Cơ,Hàng Tồn,2026-09-16 - Thứ 4,229,72.93%,43.67%,2.62%,64.71,100,6,167,6,123,62,27.07%,53.71%,0,Đắk Nông,NTB,AM Duân
NTB - Đắk Nông,(DNO) Nhân Cơ,Hàng Tồn,2026-09-18 - Thứ 6,188,96.81%,60.64%,3.72%,50.68,114,7,182,7,67,6,3.19%,35.64%,0,Đắk Nông,NTB,AM Duân
NTB - Đắk Nông,(DNO) Nhân Cơ,Hàng Tồn,2026-09-27 - Chủ Nhật,138,89.13%,37.68%,5.07%,62.22,52,7,123,7,79,15,10.87%,57.25%,0,Đắk Nông,NTB,AM Duân
NTB - Đắk Nông,(DNO) Nhân Cơ,Hàng Tồn,2026-09-24 - Thứ 5,234,68.80%,46.58%,0.43%,32.93,109,1,161,1,124,73,31.20%,52.99%,0,Đắk Nông,NTB,AM Duân
NTB - Đắk Nông,(DNO) Nhân Cơ,Hàng Tồn,2026-09-12 - Thứ 7,217,67.74%,33.64%,1.84%,60.96,73,4,147,4,140,70,32.26%,64.52%,0,Đắk Nông,NTB,AM Duân
NTB - Đắk Nông,(DNO) Nhân Cơ,Hàng Tồn,2026-10-02 - Thứ 6,169,98.82%,60.95%,4.14%,32.16,103,7,167,7,59,2,1.18%,34.91%,0,Đắk Nông,NTB,AM Duân
NTB - Đắk Nông,(DNO) Nhân Cơ,Hàng Tồn,2026-09-30 - Thứ 4,174,97.13%,44.83%,6.32%,37.28,78,11,169,11,85,5,2.87%,48.85%,0,Đắk Nông,NTB,AM Duân
NTB - Đắk Nông,(DNO) Krông Nô,Hàng Mới Ca 1,2026-09-16 - Thứ 4,301,100.00%,78.41%,1.00%,11.3,236,3,301,3,62,0,0.00%,20.59%,301,Đắk Nông,NTB,AM Nhung
NTB - Đắk Nông,(DNO) Krông Nô,Hàng Mới Ca 1,2026-09-27 - Chủ Nhật,308,99.68%,74.03%,0.32%,11.42,228,1,307,1,79,1,0.32%,25.65%,308,Đắk Nông,NTB,AM Nhung
NTB - Đắk Nông,(DNO) Krông Nô,Hàng Mới Ca 1,2026-09-13 - Chủ Nhật,433,100.00%,75.29%,0.69%,10.43,326,3,433,3,104,0,0.00%,24.02%,433,Đắk Nông,NTB,AM Nhung
NTB - Đắk Nông,(DNO) Krông Nô,Hàng Mới Ca 1,2026-09-24 - Thứ 5,314,100.00%,80.89%,0.64%,11.73,254,2,314,2,58,0,0.00%,18.47%,314,Đắk Nông,NTB,AM Nhung
NTB - Đắk Nông,(DNO) Krông Nô,Hàng Mới Ca 1,2026-10-01 - Thứ 5,491,99.59%,73.12%,0.41%,10.33,359,2,489,2,130,2,0.41%,26.47%,491,Đắk Nông,NTB,AM Nhung
NTB - Đắk Nông,(DNO) Krông Nô,Hàng Mới Ca 1,2026-10-05 - Thứ 2,353,99.72%,75.64%,1.42%,11.91,267,5,352,5,81,1,0.28%,22.94%,353,Đắk Nông,NTB,AM Nhung
NTB - Đắk Nông,(DNO) Krông Nô,Hàng Mới Ca 1,2026-09-23 - Thứ 4,376,98.67%,79.79%,1.33%,9.46,300,5,371,5,71,5,1.33%,18.88%,376,Đắk Nông,NTB,AM Nhung
NTB - Đắk Nông,(DNO) Krông Nô,Hàng Mới Ca 1,2026-09-14 - Thứ 2,415,99.52%,74.22%,0.72%,10.46,308,3,413,3,104,2,0.48%,25.06%,415,Đắk Nông,NTB,AM Nhung
NTB - Đắk Nông,(DNO) Krông Nô,Hàng Mới Ca 1,2026-09-15 - Thứ 3,391,99.23%,78.77%,0.51%,6.38,308,2,388,2,81,3,0.77%,20.72%,391,Đắk Nông,NTB,AM Nhung
NTB - Đắk Nông,(DNO) Krông Nô,Hàng Mới Ca 1,2026-09-29 - Thứ 3,302,100.00%,73.51%,0.99%,10.35,222,3,302,3,77,0,0.00%,25.50%,302,Đắk Nông,NTB,AM Nhung
NTB - Đắk Nông,(DNO) Krông Nô,Hàng Mới Ca 1,2026-10-08 - Thứ 5,456,100.00%,72.81%,2.19%,11.37,332,10,456,10,114,0,0.00%,25.00%,456,Đắk Nông,NTB,AM Nhung
NTB - Đắk Nông,(DNO) Krông Nô,Hàng Mới Ca 1,2026-09-19 - Thứ 7,337,100.00%,74.18%,2.08%,9.92,250,7,337,7,80,0,0.00%,23.74%,337,Đắk Nông,NTB,AM Nhung
NTB - Đắk Nông,(DNO) Krông Nô,Hàng Mới Ca 1,2026-10-04 - Chủ Nhật,437,99.08%,71.85%,1.37%,10.41,314,6,433,6,117,4,0.92%,26.78%,437,Đắk Nông,NTB,AM Nhung
NTB - Đắk Nông,(DNO) Krông Nô,Hàng Mới Ca 1,2026-09-30 - Thứ 4,208,99.04%,79.33%,0.00%,9.32,165,0,206,0,43,2,0.96%,20.67%,208,Đắk Nông,NTB,AM Nhung
NTB - Đắk Nông,(DNO) Krông Nô,Hàng Mới Ca 1,2026-10-09 - Thứ 6,389,100.00%,73.52%,1.80%,10.94,286,7,389,7,96,0,0.00%,24.68%,389,Đắk Nông,NTB,AM Nhung
NTB - Đắk Nông,(DNO) Krông Nô,Hàng Mới Ca 1,2026-09-26 - Thứ 7,299,100.00%,74.92%,1.00%,8.2,224,3,299,3,72,0,0.00%,24.08%,299,Đắk Nông,NTB,AM Nhung
NTB - Đắk Nông,(DNO) Krông Nô,Hàng Mới Ca 1,2026-09-28 - Thứ 2,262,99.62%,75.95%,1.15%,9.44,199,3,261,3,60,1,0.38%,22.90%,262,Đắk Nông,NTB,AM Nhung
NTB - Đắk Nông,(DNO) Krông Nô,Hàng Mới Ca 1,2026-10-07 - Thứ 4,445,100.00%,76.18%,2.25%,10.33,339,10,445,10,96,0,0.00%,21.57%,445,Đắk Nông,NTB,AM Nhung
NTB - Đắk Nông,(DNO) Krông Nô,Hàng Mới Ca 1,2026-10-03 - Thứ 7,246,99.19%,78.46%,0.41%,8.92,193,1,244,1,52,2,0.81%,21.13%,246,Đắk Nông,NTB,AM Nhung
NTB - Đắk Nông,(DNO) Krông Nô,Hàng Mới Ca 1,2026-09-18 - Thứ 6,463,99.35%,77.11%,1.30%,7.9,357,6,460,6,100,3,0.65%,21.59%,463,Đắk Nông,NTB,AM Nhung
NTB - Đắk Nông,(DNO) Krông Nô,Hàng Mới Ca 1,2026-09-20 - Chủ Nhật,186,100.00%,74.19%,1.08%,8.74,138,2,186,2,46,0,0.00%,24.73%,186,Đắk Nông,NTB,AM Nhung
NTB - Đắk Nông,(DNO) Krông Nô,Hàng Mới Ca 1,2026-09-25 - Thứ 6,236,99.58%,74.58%,1.27%,9.4,176,3,235,3,57,1,0.42%,24.15%,236,Đắk Nông,NTB,AM Nhung
NTB - Đắk Nông,(DNO) Krông Nô,Hàng Mới Ca 1,2026-09-21 - Thứ 2,442,99.55%,79.41%,0.90%,11.68,351,4,440,4,87,2,0.45%,19.69%,442,Đắk Nông,NTB,AM Nhung
NTB - Đắk Nông,(DNO) Krông Nô,Hàng Mới Ca 1,2026-09-22 - Thứ 3,376,99.73%,74.47%,0.53%,9.55,280,2,375,2,94,1,0.27%,25.00%,376,Đắk Nông,NTB,AM Nhung
NTB - Đắk Nông,(DNO) Krông Nô,Hàng Mới Ca 1,2026-10-02 - Thứ 6,354,99.72%,74.86%,1.41%,14.1,265,5,353,5,84,1,0.28%,23.73%,354,Đắk Nông,NTB,AM Nhung
NTB - Đắk Nông,(DNO) Krông Nô,Hàng Mới Ca 1,2026-09-17 - Thứ 5,309,100.00%,70.87%,1.29%,10.45,219,4,309,4,86,0,0.00%,27.84%,309,Đắk Nông,NTB,AM Nhung
NTB - Đắk Nông,(DNO) Krông Nô,Hàng Mới Ca 1,2026-10-06 - Thứ 3,236,99.15%,77.54%,3.81%,11.04,183,9,234,9,44,2,0.85%,18.65%,236,Đắk Nông,NTB,AM Nhung
NTB - Đắk Nông,(DNO) Krông Nô,Hàng Mới Ca 1,2026-09-12 - Thứ 7,564,99.65%,75.35%,0.53%,11.17,425,3,562,3,136,2,0.35%,24.12%,564,Đắk Nông,NTB,AM Nhung
NTB - Đắk Nông,(DNO) Krông Nô,Hàng Mới Ca 2,2026-10-03 - Thứ 7,283,35.34%,26.15%,0.71%,2.25,74,2,100,2,207,183,64.66%,73.14%,283,Đắk Nông,NTB,AM Nhung
NTB - Đắk Nông,(DNO) Krông Nô,Hàng Mới Ca 2,2026-09-25 - Thứ 6,267,38.58%,25.09%,0.37%,2.26,67,1,103,1,199,164,61.42%,74.54%,267,Đắk Nông,NTB,AM Nhung
NTB - Đắk Nông,(DNO) Krông Nô,Hàng Mới Ca 2,2026-09-27 - Chủ Nhật,237,39.24%,29.96%,0.00%,1.69,71,0,93,0,166,144,60.76%,70.04%,237,Đắk Nông,NTB,AM Nhung
NTB - Đắk Nông,(DNO) Krông Nô,Hàng Mới Ca 2,2026-09-21 - Thứ 2,75,29.33%,22.67%,0.00%,2.76,17,0,22,0,58,53,70.67%,77.33%,75,Đắk Nông,NTB,AM Nhung
NTB - Đắk Nông,(DNO) Krông Nô,Hàng Mới Ca 2,2026-09-20 - Chủ Nhật,194,42.27%,28.87%,0.00%,2.11,56,0,82,0,138,112,57.73%,71.13%,194,Đắk Nông,NTB,AM Nhung
NTB - Đắk Nông,(DNO) Krông Nô,Hàng Mới Ca 2,2026-09-13 - Chủ Nhật,161,35.40%,29.19%,0.00%,1.21,47,0,57,0,114,104,64.60%,70.81%,161,Đắk Nông,NTB,AM Nhung
NTB - Đắk Nông,(DNO) Krông Nô,Hàng Mới Ca 2,2026-10-05 - Thứ 2,225,31.56%,18.22%,1.33%,2.12,41,3,71,3,181,154,68.44%,80.45%,225,Đắk Nông,NTB,AM Nhung
NTB - Đắk Nông,(DNO) Krông Nô,Hàng Mới Ca 2,2026-09-22 - Thứ 3,174,39.66%,25.86%,1.15%,1.31,45,2,69,2,127,105,60.34%,72.99%,174,Đắk Nông,NTB,AM Nhung
NTB - Đắk Nông,(DNO) Krông Nô,Hàng Mới Ca 2,2026-09-23 - Thứ 4,175,46.29%,30.86%,1.71%,2.02,54,3,81,3,118,94,53.71%,67.43%,175,Đắk Nông,NTB,AM Nhung
NTB - Đắk Nông,(DNO) Krông Nô,Hàng Mới Ca 2,2026-10-02 - Thứ 6,442,36.88%,26.02%,0.00%,2.9,115,0,163,0,327,279,63.12%,73.98%,442,Đắk Nông,NTB,AM Nhung
NTB - Đắk Nông,(DNO) Krông Nô,Hàng Mới Ca 2,2026-09-29 - Thứ 3,150,36.00%,28.00%,0.67%,1.55,42,1,54,1,107,96,64.00%,71.33%,150,Đắk Nông,NTB,AM Nhung
NTB - Đắk Nông,(DNO) Krông Nô,Hàng Mới Ca 2,2026-10-08 - Thứ 5,259,43.24%,31.27%,0.77%,2.21,81,2,112,2,176,147,56.76%,67.96%,259,Đắk Nông,NTB,AM Nhung
NTB - Đắk Nông,(DNO) Krông Nô,Hàng Mới Ca 2,2026-09-19 - Thứ 7,356,40.45%,29.21%,0.28%,2.13,104,1,144,1,251,212,59.55%,70.51%,356,Đắk Nông,NTB,AM Nhung
NTB - Đắk Nông,(DNO) Krông Nô,Hàng Mới Ca 2,2026-10-04 - Chủ Nhật,217,34.56%,23.04%,0.00%,2.27,50,0,75,0,167,142,65.44%,76.96%,217,Đắk Nông,NTB,AM Nhung
NTB - Đắk Nông,(DNO) Krông Nô,Hàng Mới Ca 2,2026-09-30 - Thứ 4,185,50.27%,30.81%,1.08%,1.73,57,2,93,2,126,92,49.73%,68.11%,185,Đắk Nông,NTB,AM Nhung
NTB - Đắk Nông,(DNO) Krông Nô,Hàng Mới Ca 2,2026-09-26 - Thứ 7,207,45.41%,37.20%,0.48%,2.13,77,1,94,1,129,113,54.59%,62.32%,207,Đắk Nông,NTB,AM Nhung
NTB - Đắk Nông,(DNO) Krông Nô,Hàng Mới Ca 2,2026-09-28 - Thứ 2,161,40.99%,29.19%,0.00%,1.93,47,0,66,0,114,95,59.01%,70.81%,161,Đắk Nông,NTB,AM Nhung
NTB - Đắk Nông,(DNO) Krông Nô,Hàng Mới Ca 2,2026-10-07 - Thứ 4,343,39.65%,27.70%,0.58%,2.47,95,2,136,2,246,207,60.35%,71.72%,343,Đắk Nông,NTB,AM Nhung
NTB - Đắk Nông,(DNO) Krông Nô,Hàng Mới Ca 2,2026-10-06 - Thứ 3,79,32.91%,24.05%,0.00%,1.11,19,0,26,0,60,53,67.09%,75.95%,79,Đắk Nông,NTB,AM Nhung
NTB - Đắk Nông,(DNO) Krông Nô,Hàng Mới Ca 2,2026-09-24 - Thứ 5,404,45.54%,30.94%,0.50%,2.67,125,2,184,2,277,220,54.46%,68.56%,404,Đắk Nông,NTB,AM Nhung
NTB - Đắk Nông,(DNO) Krông Nô,Hàng Mới Ca 2,2026-09-15 - Thứ 3,270,41.85%,28.89%,0.00%,2.35,78,0,113,0,192,157,58.15%,71.11%,270,Đắk Nông,NTB,AM Nhung
NTB - Đắk Nông,(DNO) Krông Nô,Hàng Mới Ca 2,2026-10-09 - Thứ 6,233,42.49%,29.61%,0.86%,2.14,69,2,99,2,162,134,57.51%,69.53%,233,Đắk Nông,NTB,AM Nhung
NTB - Đắk Nông,(DNO) Krông Nô,Hàng Mới Ca 2,2026-09-16 - Thứ 4,294,36.73%,28.91%,0.68%,2.37,85,2,108,2,207,186,63.27%,70.41%,294,Đắk Nông,NTB,AM Nhung
NTB - Đắk Nông,(DNO) Krông Nô,Hàng Mới Ca 2,2026-09-18 - Thứ 6,165,40.61%,31.52%,0.00%,1.63,52,0,67,0,113,98,59.39%,68.48%,165,Đắk Nông,NTB,AM Nhung
NTB - Đắk Nông,(DNO) Krông Nô,Hàng Mới Ca 2,2026-09-14 - Thứ 2,175,24.57%,16.00%,0.00%,1.68,28,0,43,0,147,132,75.43%,84.00%,175,Đắk Nông,NTB,AM Nhung
NTB - Đắk Nông,(DNO) Krông Nô,Hàng Mới Ca 2,2026-09-17 - Thứ 5,183,44.26%,33.33%,0.55%,1.81,61,1,81,1,121,102,55.74%,66.12%,183,Đắk Nông,NTB,AM Nhung
NTB - Đắk Nông,(DNO) Krông Nô,Hàng Mới Ca 2,2026-10-01 - Thứ 5,212,40.09%,25.00%,0.47%,1.81,53,1,85,1,158,127,59.91%,74.53%,212,Đắk Nông,NTB,AM Nhung
NTB - Đắk Nông,(DNO) Krông Nô,Hàng Mới Ca 2,2026-09-12 - Thứ 7,155,38.06%,29.68%,1.29%,1.76,46,2,59,2,107,96,61.94%,69.03%,155,Đắk Nông,NTB,AM Nhung
NTB - Đắk Nông,(DNO) Krông Nô,Hàng Tồn,2026-10-03 - Thứ 7,539,99.81%,59.74%,4.45%,30.57,322,24,538,24,193,1,0.19%,35.81%,0,Đắk Nông,NTB,AM Nhung
NTB - Đắk Nông,(DNO) Krông Nô,Hàng Tồn,2026-09-27 - Chủ Nhật,340,99.71%,53.53%,2.94%,35.96,182,10,339,10,148,1,0.29%,43.53%,0,Đắk Nông,NTB,AM Nhung
NTB - Đắk Nông,(DNO) Krông Nô,Hàng Tồn,2026-09-21 - Thứ 2,339,99.71%,57.82%,6.78%,35.33,196,23,338,23,120,1,0.29%,35.40%,0,Đắk Nông,NTB,AM Nhung
NTB - Đắk Nông,(DNO) Krông Nô,Hàng Tồn,2026-09-20 - Chủ Nhật,451,99.11%,56.32%,3.77%,31.84,254,17,447,17,180,4,0.89%,39.91%,0,Đắk Nông,NTB,AM Nhung
NTB - Đắk Nông,(DNO) Krông Nô,Hàng Tồn,2026-09-13 - Chủ Nhật,350,99.14%,48.29%,5.71%,34.71,169,20,347,20,161,3,0.86%,46.00%,0,Đắk Nông,NTB,AM Nhung
NTB - Đắk Nông,(DNO) Krông Nô,Hàng Tồn,2026-09-24 - Thứ 5,306,99.02%,52.94%,6.21%,32.68,162,19,303,19,125,3,0.98%,40.85%,0,Đắk Nông,NTB,AM Nhung
NTB - Đắk Nông,(DNO) Krông Nô,Hàng Tồn,2026-10-06 - Thứ 3,397,98.74%,54.66%,6.30%,35.15,217,25,392,25,155,5,1.26%,39.04%,0,Đắk Nông,NTB,AM Nhung
NTB - Đắk Nông,(DNO) Krông Nô,Hàng Tồn,2026-09-12 - Thứ 7,388,99.48%,54.38%,5.67%,33.43,211,22,386,22,155,2,0.52%,39.95%,0,Đắk Nông,NTB,AM Nhung
NTB - Đắk Nông,(DNO) Krông Nô,Hàng Tồn,2026-10-05 - Thứ 2,444,98.65%,56.53%,9.01%,35.53,251,40,438,40,153,6,1.35%,34.46%,0,Đắk Nông,NTB,AM Nhung
NTB - Đắk Nông,(DNO) Krông Nô,Hàng Tồn,2026-09-22 - Thứ 3,242,100.00%,54.13%,7.85%,40.85,131,19,242,19,92,0,0.00%,38.02%,0,Đắk Nông,NTB,AM Nhung
NTB - Đắk Nông,(DNO) Krông Nô,Hàng Tồn,2026-09-23 - Thứ 4,294,98.98%,50.00%,4.08%,32.68,147,12,291,12,135,3,1.02%,45.92%,0,Đắk Nông,NTB,AM Nhung
NTB - Đắk Nông,(DNO) Krông Nô,Hàng Tồn,2026-09-14 - Thứ 2,363,99.45%,53.72%,8.54%,35.32,195,31,361,31,137,2,0.55%,37.74%,0,Đắk Nông,NTB,AM Nhung
NTB - Đắk Nông,(DNO) Krông Nô,Hàng Tồn,2026-09-15 - Thứ 3,355,99.15%,53.24%,6.76%,33.98,189,24,352,24,142,3,0.85%,40.00%,0,Đắk Nông,NTB,AM Nhung
NTB - Đắk Nông,(DNO) Krông Nô,Hàng Tồn,2026-10-02 - Thứ 6,375,99.20%,56.27%,7.20%,31.77,211,27,372,27,137,3,0.80%,36.53%,0,Đắk Nông,NTB,AM Nhung
NTB - Đắk Nông,(DNO) Krông Nô,Hàng Tồn,2026-09-29 - Thứ 3,309,98.38%,50.49%,7.12%,36.11,156,22,304,22,131,5,1.62%,42.39%,0,Đắk Nông,NTB,AM Nhung
NTB - Đắk Nông,(DNO) Krông Nô,Hàng Tồn,2026-10-08 - Thứ 5,414,98.55%,60.87%,3.38%,28.98,252,14,408,14,148,6,1.45%,35.75%,0,Đắk Nông,NTB,AM Nhung
NTB - Đắk Nông,(DNO) Krông Nô,Hàng Tồn,2026-09-19 - Thứ 7,325,99.38%,44.31%,9.23%,32.63,144,30,323,30,151,2,0.62%,46.46%,0,Đắk Nông,NTB,AM Nhung
NTB - Đắk Nông,(DNO) Krông Nô,Hàng Tồn,2026-10-04 - Chủ Nhật,423,99.29%,55.08%,2.84%,34.5,233,12,420,12,178,3,0.71%,42.08%,0,Đắk Nông,NTB,AM Nhung
NTB - Đắk Nông,(DNO) Krông Nô,Hàng Tồn,2026-09-30 - Thứ 4,291,99.31%,53.95%,4.81%,34.29,157,14,289,14,120,2,0.69%,41.24%,0,Đắk Nông,NTB,AM Nhung
NTB - Đắk Nông,(DNO) Krông Nô,Hàng Tồn,2026-10-09 - Thứ 6,417,99.28%,55.64%,8.15%,33.23,232,34,414,34,151,3,0.72%,36.21%,0,Đắk Nông,NTB,AM Nhung
NTB - Đắk Nông,(DNO) Krông Nô,Hàng Tồn,2026-09-26 - Thứ 7,404,99.50%,54.70%,4.95%,33.68,221,20,402,20,163,2,0.50%,40.35%,0,Đắk Nông,NTB,AM Nhung
NTB - Đắk Nông,(DNO) Krông Nô,Hàng Tồn,2026-09-28 - Thứ 2,357,98.60%,54.90%,2.80%,34.17,196,10,352,10,151,5,1.40%,42.30%,0,Đắk Nông,NTB,AM Nhung
NTB - Đắk Nông,(DNO) Krông Nô,Hàng Tồn,2026-10-07 - Thứ 4,234,99.57%,53.42%,9.83%,42.82,125,23,233,23,86,1,0.43%,36.75%,0,Đắk Nông,NTB,AM Nhung
NTB - Đắk Nông,(DNO) Krông Nô,Hàng Tồn,2026-09-25 - Thứ 6,435,98.85%,58.16%,5.52%,29.89,253,24,430,24,158,5,1.15%,36.32%,0,Đắk Nông,NTB,AM Nhung
NTB - Đắk Nông,(DNO) Krông Nô,Hàng Tồn,2026-09-18 - Thứ 6,338,98.52%,54.73%,6.51%,36.57,185,22,333,22,131,5,1.48%,38.76%,0,Đắk Nông,NTB,AM Nhung
NTB - Đắk Nông,(DNO) Krông Nô,Hàng Tồn,2026-10-01 - Thứ 5,267,98.50%,52.06%,7.87%,32.5,139,21,263,21,107,4,1.50%,40.07%,0,Đắk Nông,NTB,AM Nhung
NTB - Đắk Nông,(DNO) Krông Nô,Hàng Tồn,2026-09-16 - Thứ 4,402,99.00%,52.24%,6.47%,31.89,210,26,398,26,166,4,1.00%,41.29%,0,Đắk Nông,NTB,AM Nhung
NTB - Đắk Nông,(DNO) Krông Nô,Hàng Tồn,2026-09-17 - Thứ 5,404,99.01%,56.44%,4.21%,31.65,228,17,400,17,159,4,0.99%,39.35%,0,Đắk Nông,NTB,AM Nhung
NTB - Đắk Nông,(DNO) Kiến Đức,Hàng Mới Ca 1,2026-09-25 - Thứ 6,399,85.21%,50.88%,0.25%,14.14,203,1,340,1,195,59,14.79%,48.87%,399,Đắk Nông,NTB,AM Nga
NTB - Đắk Nông,(DNO) Kiến Đức,Hàng Mới Ca 1,2026-09-21 - Thứ 2,207,70.53%,52.66%,0.00%,14.17,109,0,146,0,98,61,29.47%,47.34%,207,Đắk Nông,NTB,AM Nga
NTB - Đắk Nông,(DNO) Kiến Đức,Hàng Mới Ca 1,2026-09-20 - Chủ Nhật,477,66.46%,36.69%,0.21%,13.42,175,1,317,1,301,160,33.54%,63.10%,477,Đắk Nông,NTB,AM Nga
NTB - Đắk Nông,(DNO) Kiến Đức,Hàng Mới Ca 1,2026-09-13 - Chủ Nhật,419,39.14%,29.12%,0.00%,14.35,122,0,164,0,297,255,60.86%,70.88%,419,Đắk Nông,NTB,AM Nga
NTB - Đắk Nông,(DNO) Kiến Đức,Hàng Mới Ca 1,2026-09-24 - Thứ 5,257,89.11%,54.47%,1.17%,10.45,140,3,229,3,114,28,10.89%,44.36%,257,Đắk Nông,NTB,AM Nga
NTB - Đắk Nông,(DNO) Kiến Đức,Hàng Mới Ca 1,2026-10-06 - Thứ 3,291,96.22%,72.16%,0.69%,14.88,210,2,280,2,79,11,3.78%,27.15%,291,Đắk Nông,NTB,AM Nga
NTB - Đắk Nông,(DNO) Kiến Đức,Hàng Mới Ca 1,2026-09-12 - Thứ 7,365,56.16%,40.00%,0.00%,10.29,146,0,205,0,219,160,43.84%,60.00%,365,Đắk Nông,NTB,AM Nga
NTB - Đắk Nông,(DNO) Kiến Đức,Hàng Mới Ca 1,2026-09-22 - Thứ 3,389,57.58%,39.07%,0.00%,16.54,152,0,224,0,237,165,42.42%,60.93%,389,Đắk Nông,NTB,AM Nga
NTB - Đắk Nông,(DNO) Kiến Đức,Hàng Mới Ca 1,2026-09-14 - Thứ 2,316,54.11%,33.23%,0.00%,13.01,105,0,171,0,211,145,45.89%,66.77%,316,Đắk Nông,NTB,AM Nga
NTB - Đắk Nông,(DNO) Kiến Đức,Hàng Mới Ca 1,2026-09-15 - Thứ 3,308,57.47%,36.36%,0.32%,9.48,112,1,177,1,195,131,42.53%,63.32%,308,Đắk Nông,NTB,AM Nga
NTB - Đắk Nông,(DNO) Kiến Đức,Hàng Mới Ca 1,2026-09-29 - Thứ 3,160,53.13%,33.13%,0.00%,12.4,53,0,85,0,107,75,46.87%,66.87%,160,Đắk Nông,NTB,AM Nga
NTB - Đắk Nông,(DNO) Kiến Đức,Hàng Mới Ca 1,2026-10-08 - Thứ 5,384,86.98%,64.32%,0.26%,13.93,247,1,334,1,136,50,13.02%,35.42%,384,Đắk Nông,NTB,AM Nga
NTB - Đắk Nông,(DNO) Kiến Đức,Hàng Mới Ca 1,2026-09-19 - Thứ 7,301,46.18%,32.89%,0.33%,15.22,99,1,139,1,201,162,53.82%,66.78%,301,Đắk Nông,NTB,AM Nga
NTB - Đắk Nông,(DNO) Kiến Đức,Hàng Mới Ca 1,2026-10-04 - Chủ Nhật,267,80.52%,57.68%,0.00%,14.61,154,0,215,0,113,52,19.48%,42.32%,267,Đắk Nông,NTB,AM Nga
NTB - Đắk Nông,(DNO) Kiến Đức,Hàng Mới Ca 1,2026-09-17 - Thứ 5,208,54.81%,35.58%,0.48%,9.56,74,1,114,1,133,94,45.19%,63.94%,208,Đắk Nông,NTB,AM Nga
NTB - Đắk Nông,(DNO) Kiến Đức,Hàng Mới Ca 1,2026-10-09 - Thứ 6,412,98.30%,54.61%,1.46%,15.93,225,6,405,6,181,7,1.70%,43.93%,412,Đắk Nông,NTB,AM Nga
NTB - Đắk Nông,(DNO) Kiến Đức,Hàng Mới Ca 1,2026-09-26 - Thứ 7,412,79.13%,54.61%,0.00%,15.15,225,0,326,0,187,86,20.87%,45.39%,412,Đắk Nông,NTB,AM Nga
NTB - Đắk Nông,(DNO) Kiến Đức,Hàng Mới Ca 1,2026-09-28 - Thứ 2,225,79.11%,54.22%,0.00%,13.08,122,0,178,0,103,47,20.89%,45.78%,225,Đắk Nông,NTB,AM Nga
NTB - Đắk Nông,(DNO) Kiến Đức,Hàng Mới Ca 1,2026-10-07 - Thứ 4,322,82.61%,65.22%,1.86%,16.84,210,6,266,6,106,56,17.39%,32.92%,322,Đắk Nông,NTB,AM Nga
NTB - Đắk Nông,(DNO) Kiến Đức,Hàng Mới Ca 1,2026-10-03 - Thứ 7,307,94.14%,66.45%,1.30%,12.71,204,4,289,4,99,18,5.86%,32.25%,307,Đắk Nông,NTB,AM Nga
NTB - Đắk Nông,(DNO) Kiến Đức,Hàng Mới Ca 1,2026-09-16 - Thứ 4,329,69.60%,44.98%,0.30%,14.29,148,1,229,1,180,100,30.40%,54.72%,329,Đắk Nông,NTB,AM Nga
NTB - Đắk Nông,(DNO) Kiến Đức,Hàng Mới Ca 1,2026-09-27 - Chủ Nhật,272,76.10%,45.96%,0.00%,14.98,125,0,207,0,147,65,23.90%,54.04%,272,Đắk Nông,NTB,AM Nga
NTB - Đắk Nông,(DNO) Kiến Đức,Hàng Mới Ca 1,2026-10-01 - Thứ 5,164,94.51%,63.41%,0.00%,11.13,104,0,155,0,60,9,5.49%,36.59%,164,Đắk Nông,NTB,AM Nga
NTB - Đắk Nông,(DNO) Kiến Đức,Hàng Mới Ca 1,2026-10-05 - Thứ 2,404,93.07%,61.63%,0.99%,15.3,249,4,376,4,151,28,6.93%,37.38%,404,Đắk Nông,NTB,AM Nga
NTB - Đắk Nông,(DNO) Kiến Đức,Hàng Mới Ca 1,2026-09-18 - Thứ 6,245,60.00%,40.00%,0.00%,14.21,98,0,147,0,147,98,40.00%,60.00%,245,Đắk Nông,NTB,AM Nga
NTB - Đắk Nông,(DNO) Kiến Đức,Hàng Mới Ca 1,2026-09-23 - Thứ 4,202,78.22%,50.50%,0.99%,20.97,102,2,158,2,98,44,21.78%,48.51%,202,Đắk Nông,NTB,AM Nga
NTB - Đắk Nông,(DNO) Kiến Đức,Hàng Mới Ca 1,2026-10-02 - Thứ 6,234,99.57%,63.25%,0.00%,13.5,148,0,233,0,86,1,0.43%,36.75%,234,Đắk Nông,NTB,AM Nga
NTB - Đắk Nông,(DNO) Kiến Đức,Hàng Mới Ca 1,2026-09-30 - Thứ 4,191,91.10%,48.69%,0.52%,18.45,93,1,174,1,97,17,8.90%,50.79%,191,Đắk Nông,NTB,AM Nga
NTB - Đắk Nông,(DNO) Kiến Đức,Hàng Mới Ca 2,2026-09-23 - Thứ 4,270,5.19%,2.96%,0.00%,7.38,8,0,14,0,262,256,94.81%,97.04%,270,Đắk Nông,NTB,AM Nga
NTB - Đắk Nông,(DNO) Kiến Đức,Hàng Mới Ca 2,2026-09-16 - Thứ 4,202,1.49%,0.00%,0.00%,0,0,0,3,0,202,199,98.51%,100.00%,202,Đắk Nông,NTB,AM Nga
NTB - Đắk Nông,(DNO) Kiến Đức,Hàng Mới Ca 2,2026-10-02 - Thứ 6,1,100.00%,0.00%,0.00%,0,0,0,1,0,1,0,0.00%,100.00%,1,Đắk Nông,NTB,AM Nga
NTB - Đắk Nông,(DNO) Kiến Đức,Hàng Tồn,2026-09-25 - Thứ 6,579,51.30%,15.03%,3.45%,90.59,87,20,297,20,472,282,48.70%,81.52%,0,Đắk Nông,NTB,AM Nga
NTB - Đắk Nông,(DNO) Kiến Đức,Hàng Tồn,2026-09-27 - Chủ Nhật,634,62.93%,22.87%,4.57%,80.41,145,29,399,29,460,235,37.07%,72.56%,0,Đắk Nông,NTB,AM Nga
NTB - Đắk Nông,(DNO) Kiến Đức,Hàng Tồn,2026-09-21 - Thứ 2,920,75.00%,23.70%,1.63%,74.99,218,15,690,15,687,230,25.00%,74.67%,0,Đắk Nông,NTB,AM Nga
NTB - Đắk Nông,(DNO) Kiến Đức,Hàng Tồn,2026-09-20 - Chủ Nhật,773,53.30%,16.04%,1.16%,105.53,124,9,412,9,640,361,46.70%,82.80%,0,Đắk Nông,NTB,AM Nga
NTB - Đắk Nông,(DNO) Kiến Đức,Hàng Tồn,2026-09-13 - Chủ Nhật,665,67.37%,23.01%,3.01%,79.65,153,20,448,20,492,217,32.63%,73.98%,0,Đắk Nông,NTB,AM Nga
NTB - Đắk Nông,(DNO) Kiến Đức,Hàng Tồn,2026-09-24 - Thứ 5,747,88.62%,32.53%,2.95%,56.16,243,22,662,22,482,85,11.38%,64.52%,0,Đắk Nông,NTB,AM Nga
NTB - Đắk Nông,(DNO) Kiến Đức,Hàng Tồn,2026-09-12 - Thứ 7,664,85.24%,24.70%,3.31%,60.77,164,22,566,22,478,98,14.76%,71.99%,0,Đắk Nông,NTB,AM Nga
NTB - Đắk Nông,(DNO) Kiến Đức,Hàng Tồn,2026-10-05 - Thứ 2,245,83.27%,33.06%,6.12%,51.99,81,15,204,15,149,41,16.73%,60.82%,0,Đắk Nông,NTB,AM Nga
NTB - Đắk Nông,(DNO) Kiến Đức,Hàng Tồn,2026-09-22 - Thứ 3,780,68.21%,21.41%,5.00%,96.62,167,39,532,39,574,248,31.79%,73.59%,0,Đắk Nông,NTB,AM Nga
NTB - Đắk Nông,(DNO) Kiến Đức,Hàng Tồn,2026-09-23 - Thứ 4,706,69.12%,36.69%,4.11%,91.73,259,29,488,29,418,218,30.88%,59.20%,0,Đắk Nông,NTB,AM Nga
NTB - Đắk Nông,(DNO) Kiến Đức,Hàng Tồn,2026-09-14 - Thứ 2,761,58.48%,18.79%,2.76%,58.89,143,21,445,21,597,316,41.52%,78.45%,0,Đắk Nông,NTB,AM Nga
NTB - Đắk Nông,(DNO) Kiến Đức,Hàng Tồn,2026-09-15 - Thứ 3,762,60.89%,21.26%,4.07%,70.8,162,31,464,31,569,298,39.11%,74.67%,0,Đắk Nông,NTB,AM Nga
NTB - Đắk Nông,(DNO) Kiến Đức,Hàng Tồn,2026-10-02 - Thứ 6,213,96.24%,33.80%,10.33%,85.97,72,22,205,22,119,8,3.76%,55.87%,0,Đắk Nông,NTB,AM Nga
NTB - Đắk Nông,(DNO) Kiến Đức,Hàng Tồn,2026-09-29 - Thứ 3,486,69.14%,29.01%,3.91%,109.72,141,19,336,19,326,150,30.86%,67.08%,0,Đắk Nông,NTB,AM Nga
NTB - Đắk Nông,(DNO) Kiến Đức,Hàng Tồn,2026-10-08 - Thứ 5,200,78.00%,22.50%,8.50%,75.71,45,17,156,17,138,44,22.00%,69.00%,0,Đắk Nông,NTB,AM Nga
NTB - Đắk Nông,(DNO) Kiến Đức,Hàng Tồn,2026-09-19 - Thứ 7,706,45.04%,14.16%,2.12%,109.37,100,15,318,15,591,388,54.96%,83.72%,0,Đắk Nông,NTB,AM Nga
NTB - Đắk Nông,(DNO) Kiến Đức,Hàng Tồn,2026-10-04 - Chủ Nhật,184,83.15%,25.54%,1.63%,65.41,47,3,153,3,134,31,16.85%,72.83%,0,Đắk Nông,NTB,AM Nga
NTB - Đắk Nông,(DNO) Kiến Đức,Hàng Tồn,2026-09-17 - Thứ 5,861,55.87%,20.79%,2.56%,55.71,179,22,481,22,660,380,44.13%,76.65%,0,Đắk Nông,NTB,AM Nga
NTB - Đắk Nông,(DNO) Kiến Đức,Hàng Tồn,2026-09-26 - Thứ 7,632,53.64%,22.47%,2.22%,83.08,142,14,339,14,476,293,46.36%,75.31%,0,Đắk Nông,NTB,AM Nga
NTB - Đắk Nông,(DNO) Kiến Đức,Hàng Tồn,2026-10-07 - Thứ 4,194,87.11%,32.47%,9.79%,58.44,63,19,169,19,112,25,12.89%,57.74%,0,Đắk Nông,NTB,AM Nga
NTB - Đắk Nông,(DNO) Kiến Đức,Hàng Tồn,2026-09-16 - Thứ 4,712,58.43%,25.14%,3.37%,72.03,179,24,416,24,509,296,41.57%,71.49%,0,Đắk Nông,NTB,AM Nga
NTB - Đắk Nông,(DNO) Kiến Đức,Hàng Tồn,2026-09-18 - Thứ 6,772,53.76%,20.08%,2.33%,82.52,155,18,415,18,599,357,46.24%,77.59%,0,Đắk Nông,NTB,AM Nga
NTB - Đắk Nông,(DNO) Kiến Đức,Hàng Tồn,2026-10-01 - Thứ 5,355,93.24%,44.23%,4.51%,93.73,157,16,331,16,182,24,6.76%,51.26%,0,Đắk Nông,NTB,AM Nga
NTB - Đắk Nông,(DNO) Kiến Đức,Hàng Tồn,2026-10-06 - Thứ 3,254,82.68%,42.52%,6.69%,62.44,108,17,210,17,129,44,17.32%,50.79%,0,Đắk Nông,NTB,AM Nga
NTB - Đắk Nông,(DNO) Kiến Đức,Hàng Tồn,2026-09-30 - Thứ 4,405,98.02%,23.95%,4.20%,74.98,97,17,397,17,291,8,1.98%,71.85%,0,Đắk Nông,NTB,AM Nga
NTB - Đắk Nông,(DNO) Kiến Đức,Hàng Tồn,2026-09-28 - Thứ 2,584,64.90%,24.32%,4.28%,80.47,142,25,379,25,417,205,35.10%,71.40%,0,Đắk Nông,NTB,AM Nga
NTB - Đắk Nông,(DNO) Kiến Đức,Hàng Tồn,2026-10-03 - Thứ 7,188,94.15%,29.79%,11.70%,63.78,56,22,177,22,110,11,5.85%,58.51%,0,Đắk Nông,NTB,AM Nga
NTB - Đắk Nông,(DNO) Kiến Đức,Hàng Tồn,2026-10-09 - Thứ 6,265,98.11%,23.77%,5.66%,61.8,63,15,260,15,187,5,1.89%,70.57%,0,Đắk Nông,NTB,AM Nga
NTB - Đắk Nông,(DNO) Cư Jút,Hàng Mới Ca 1,2026-10-03 - Thứ 7,255,100.00%,73.33%,1.57%,11.91,187,4,255,4,64,0,0.00%,25.10%,255,Đắk Nông,NTB,AM Nhung
NTB - Đắk Nông,(DNO) Cư Jút,Hàng Mới Ca 1,2026-09-27 - Chủ Nhật,289,100.00%,74.74%,0.69%,14.88,216,2,289,2,71,0,0.00%,24.57%,289,Đắk Nông,NTB,AM Nhung
NTB - Đắk Nông,(DNO) Cư Jút,Hàng Mới Ca 1,2026-09-21 - Thứ 2,537,99.63%,75.98%,1.12%,11.85,408,6,535,6,123,2,0.37%,22.90%,537,Đắk Nông,NTB,AM Nhung
NTB - Đắk Nông,(DNO) Cư Jút,Hàng Mới Ca 1,2026-09-20 - Chủ Nhật,201,99.00%,69.65%,1.00%,11.33,140,2,199,2,59,2,1.00%,29.35%,201,Đắk Nông,NTB,AM Nhung
NTB - Đắk Nông,(DNO) Cư Jút,Hàng Mới Ca 1,2026-09-13 - Chủ Nhật,459,99.78%,76.25%,1.53%,11.95,350,7,458,7,102,1,0.22%,22.22%,459,Đắk Nông,NTB,AM Nhung
NTB - Đắk Nông,(DNO) Cư Jút,Hàng Mới Ca 1,2026-09-24 - Thứ 5,374,100.00%,81.55%,1.34%,11.87,305,5,374,5,64,0,0.00%,17.11%,374,Đắk Nông,NTB,AM Nhung
NTB - Đắk Nông,(DNO) Cư Jút,Hàng Mới Ca 1,2026-10-06 - Thứ 3,291,99.66%,74.91%,0.34%,12.61,218,1,290,1,72,1,0.34%,24.75%,291,Đắk Nông,NTB,AM Nhung
NTB - Đắk Nông,(DNO) Cư Jút,Hàng Mới Ca 1,2026-10-01 - Thứ 5,448,100.00%,78.79%,1.12%,12.36,353,5,448,5,90,0,0.00%,20.09%,448,Đắk Nông,NTB,AM Nhung
NTB - Đắk Nông,(DNO) Cư Jút,Hàng Mới Ca 1,2026-09-12 - Thứ 7,474,100.00%,79.96%,1.69%,12.43,379,8,474,8,87,0,0.00%,18.35%,474,Đắk Nông,NTB,AM Nhung
NTB - Đắk Nông,(DNO) Cư Jút,Hàng Mới Ca 1,2026-10-05 - Thứ 2,351,99.15%,77.21%,0.57%,13.49,271,2,348,2,78,3,0.85%,22.22%,351,Đắk Nông,NTB,AM Nhung
NTB - Đắk Nông,(DNO) Cư Jút,Hàng Mới Ca 1,2026-09-22 - Thứ 3,394,99.75%,71.32%,1.27%,11.37,281,5,393,5,108,1,0.25%,27.41%,394,Đắk Nông,NTB,AM Nhung
NTB - Đắk Nông,(DNO) Cư Jút,Hàng Mới Ca 1,2026-09-23 - Thứ 4,416,94.71%,67.55%,0.48%,11.91,281,2,394,2,133,22,5.29%,31.97%,416,Đắk Nông,NTB,AM Nhung
NTB - Đắk Nông,(DNO) Cư Jút,Hàng Mới Ca 1,2026-09-14 - Thứ 2,474,99.58%,77.85%,1.05%,12.12,369,5,472,5,100,2,0.42%,21.10%,474,Đắk Nông,NTB,AM Nhung
NTB - Đắk Nông,(DNO) Cư Jút,Hàng Mới Ca 1,2026-09-15 - Thứ 3,376,92.82%,72.34%,1.06%,7.65,272,4,349,4,100,27,7.18%,26.60%,376,Đắk Nông,NTB,AM Nhung
NTB - Đắk Nông,(DNO) Cư Jút,Hàng Mới Ca 1,2026-10-02 - Thứ 6,391,99.74%,78.26%,1.28%,14.75,306,5,390,5,80,1,0.26%,20.46%,391,Đắk Nông,NTB,AM Nhung
NTB - Đắk Nông,(DNO) Cư Jút,Hàng Mới Ca 1,2026-10-08 - Thứ 5,385,99.74%,73.77%,1.04%,13.3,284,4,384,4,97,1,0.26%,25.19%,385,Đắk Nông,NTB,AM Nhung
NTB - Đắk Nông,(DNO) Cư Jút,Hàng Mới Ca 1,2026-09-19 - Thứ 7,390,99.23%,75.90%,0.77%,12.42,296,3,387,3,91,3,0.77%,23.33%,390,Đắk Nông,NTB,AM Nhung
NTB - Đắk Nông,(DNO) Cư Jút,Hàng Mới Ca 1,2026-09-30 - Thứ 4,189,100.00%,80.42%,0.53%,10.74,152,1,189,1,36,0,0.00%,19.05%,189,Đắk Nông,NTB,AM Nhung
NTB - Đắk Nông,(DNO) Cư Jút,Hàng Mới Ca 1,2026-09-17 - Thứ 5,363,99.72%,70.80%,2.48%,11.53,257,9,362,9,97,1,0.28%,26.72%,363,Đắk Nông,NTB,AM Nhung
NTB - Đắk Nông,(DNO) Cư Jút,Hàng Mới Ca 1,2026-09-26 - Thứ 7,313,92.97%,69.33%,0.96%,11.05,217,3,291,3,93,22,7.03%,29.71%,313,Đắk Nông,NTB,AM Nhung
NTB - Đắk Nông,(DNO) Cư Jút,Hàng Mới Ca 1,2026-09-28 - Thứ 2,240,99.58%,75.42%,0.83%,12.97,181,2,239,2,57,1,0.42%,23.75%,240,Đắk Nông,NTB,AM Nhung
NTB - Đắk Nông,(DNO) Cư Jút,Hàng Mới Ca 1,2026-09-16 - Thứ 4,329,99.70%,76.90%,0.91%,11.25,253,3,328,3,73,1,0.30%,22.19%,329,Đắk Nông,NTB,AM Nhung
NTB - Đắk Nông,(DNO) Cư Jút,Hàng Mới Ca 1,2026-09-25 - Thứ 6,285,95.09%,75.44%,0.70%,11.73,215,2,271,2,68,14,4.91%,23.86%,285,Đắk Nông,NTB,AM Nhung
NTB - Đắk Nông,(DNO) Cư Jút,Hàng Mới Ca 1,2026-10-04 - Chủ Nhật,412,99.27%,77.43%,1.46%,11.79,319,6,409,6,87,3,0.73%,21.11%,412,Đắk Nông,NTB,AM Nhung
NTB - Đắk Nông,(DNO) Cư Jút,Hàng Mới Ca 1,2026-10-09 - Thứ 6,512,98.83%,74.61%,1.17%,12.87,382,6,506,6,124,6,1.17%,24.22%,512,Đắk Nông,NTB,AM Nhung
NTB - Đắk Nông,(DNO) Cư Jút,Hàng Mới Ca 1,2026-10-07 - Thứ 4,364,98.90%,78.30%,1.65%,12.14,285,6,360,6,73,4,1.10%,20.05%,364,Đắk Nông,NTB,AM Nhung
NTB - Đắk Nông,(DNO) Cư Jút,Hàng Mới Ca 1,2026-09-18 - Thứ 6,450,98.44%,75.78%,1.33%,10.09,341,6,443,6,103,7,1.56%,22.89%,450,Đắk Nông,NTB,AM Nhung
NTB - Đắk Nông,(DNO) Cư Jút,Hàng Mới Ca 1,2026-09-29 - Thứ 3,293,99.66%,78.84%,0.00%,12.33,231,0,292,0,62,1,0.34%,21.16%,293,Đắk Nông,NTB,AM Nhung
NTB - Đắk Nông,(DNO) Cư Jút,Hàng Mới Ca 2,2026-09-25 - Thứ 6,320,20.00%,12.50%,0.00%,5.15,40,0,64,0,280,256,80.00%,87.50%,320,Đắk Nông,NTB,AM Nhung
NTB - Đắk Nông,(DNO) Cư Jút,Hàng Mới Ca 2,2026-09-21 - Thứ 2,75,12.00%,10.67%,0.00%,4.88,8,0,9,0,67,66,88.00%,89.33%,75,Đắk Nông,NTB,AM Nhung
NTB - Đắk Nông,(DNO) Cư Jút,Hàng Mới Ca 2,2026-09-13 - Chủ Nhật,196,4.08%,3.57%,0.00%,3.71,7,0,8,0,189,188,95.92%,96.43%,196,Đắk Nông,NTB,AM Nhung
NTB - Đắk Nông,(DNO) Cư Jút,Hàng Mới Ca 2,2026-09-24 - Thứ 5,433,17.78%,13.63%,0.23%,5.93,59,1,77,1,373,356,82.22%,86.14%,433,Đắk Nông,NTB,AM Nhung
NTB - Đắk Nông,(DNO) Cư Jút,Hàng Mới Ca 2,2026-10-06 - Thứ 3,115,21.74%,16.52%,0.00%,4.63,19,0,25,0,96,90,78.26%,83.48%,115,Đắk Nông,NTB,AM Nhung
NTB - Đắk Nông,(DNO) Cư Jút,Hàng Mới Ca 2,2026-09-12 - Thứ 7,189,5.29%,5.29%,0.00%,3.5,10,0,10,0,179,179,94.71%,94.71%,189,Đắk Nông,NTB,AM Nhung
NTB - Đắk Nông,(DNO) Cư Jút,Hàng Mới Ca 2,2026-09-22 - Thứ 3,210,18.57%,15.24%,0.00%,5.09,32,0,39,0,178,171,81.43%,84.76%,210,Đắk Nông,NTB,AM Nhung
NTB - Đắk Nông,(DNO) Cư Jút,Hàng Mới Ca 2,2026-09-23 - Thứ 4,172,4.07%,3.49%,0.00%,5.17,6,0,7,0,166,165,95.93%,96.51%,172,Đắk Nông,NTB,AM Nhung
NTB - Đắk Nông,(DNO) Cư Jút,Hàng Mới Ca 2,2026-09-14 - Thứ 2,195,20.51%,14.36%,0.51%,4.14,28,1,40,1,166,155,79.49%,85.13%,195,Đắk Nông,NTB,AM Nhung
NTB - Đắk Nông,(DNO) Cư Jút,Hàng Mới Ca 2,2026-09-15 - Thứ 3,192,16.67%,12.50%,0.00%,5,24,0,32,0,168,160,83.33%,87.50%,192,Đắk Nông,NTB,AM Nhung
NTB - Đắk Nông,(DNO) Cư Jút,Hàng Mới Ca 2,2026-10-02 - Thứ 6,400,19.50%,15.75%,0.00%,5.35,63,0,78,0,337,322,80.50%,84.25%,400,Đắk Nông,NTB,AM Nhung
NTB - Đắk Nông,(DNO) Cư Jút,Hàng Mới Ca 2,2026-09-29 - Thứ 3,174,27.59%,22.41%,0.00%,4.62,39,0,48,0,135,126,72.41%,77.59%,174,Đắk Nông,NTB,AM Nhung
NTB - Đắk Nông,(DNO) Cư Jút,Hàng Mới Ca 2,2026-10-08 - Thứ 5,310,20.97%,15.81%,0.32%,4.88,49,1,65,1,260,245,79.03%,83.87%,310,Đắk Nông,NTB,AM Nhung
NTB - Đắk Nông,(DNO) Cư Jút,Hàng Mới Ca 2,2026-10-04 - Chủ Nhật,220,15.91%,13.64%,0.00%,4.43,30,0,35,0,190,185,84.09%,86.36%,220,Đắk Nông,NTB,AM Nhung
NTB - Đắk Nông,(DNO) Cư Jút,Hàng Mới Ca 2,2026-09-30 - Thứ 4,245,2.45%,2.04%,0.00%,3.6,5,0,6,0,240,239,97.55%,97.96%,245,Đắk Nông,NTB,AM Nhung
NTB - Đắk Nông,(DNO) Cư Jút,Hàng Mới Ca 2,2026-09-17 - Thứ 5,174,19.54%,15.52%,0.00%,4.19,27,0,34,0,147,140,80.46%,84.48%,174,Đắk Nông,NTB,AM Nhung
NTB - Đắk Nông,(DNO) Cư Jút,Hàng Mới Ca 2,2026-10-09 - Thứ 6,250,17.20%,10.80%,0.00%,5.19,27,0,43,0,223,207,82.80%,89.20%,250,Đắk Nông,NTB,AM Nhung
NTB - Đắk Nông,(DNO) Cư Jút,Hàng Mới Ca 2,2026-09-26 - Thứ 7,169,1.78%,1.18%,0.00%,3.5,2,0,3,0,167,166,98.22%,98.82%,169,Đắk Nông,NTB,AM Nhung
NTB - Đắk Nông,(DNO) Cư Jút,Hàng Mới Ca 2,2026-10-07 - Thứ 4,331,28.40%,25.38%,0.00%,3.86,84,0,94,0,247,237,71.60%,74.62%,331,Đắk Nông,NTB,AM Nhung
NTB - Đắk Nông,(DNO) Cư Jút,Hàng Mới Ca 2,2026-10-03 - Thứ 7,355,17.18%,14.37%,0.00%,4.86,51,0,61,0,304,294,82.82%,85.63%,355,Đắk Nông,NTB,AM Nhung
NTB - Đắk Nông,(DNO) Cư Jút,Hàng Mới Ca 2,2026-09-16 - Thứ 4,357,23.25%,18.49%,2.80%,5.02,66,10,83,10,281,274,76.75%,78.71%,357,Đắk Nông,NTB,AM Nhung
NTB - Đắk Nông,(DNO) Cư Jút,Hàng Mới Ca 2,2026-09-18 - Thứ 6,171,26.32%,21.05%,0.00%,4.92,36,0,45,0,135,126,73.68%,78.95%,171,Đắk Nông,NTB,AM Nhung
NTB - Đắk Nông,(DNO) Cư Jút,Hàng Mới Ca 2,2026-09-27 - Chủ Nhật,298,21.14%,15.10%,0.00%,3.96,45,0,63,0,253,235,78.86%,84.90%,298,Đắk Nông,NTB,AM Nhung
NTB - Đắk Nông,(DNO) Cư Jút,Hàng Mới Ca 2,2026-09-20 - Chủ Nhật,197,21.83%,17.77%,0.00%,4.46,35,0,43,0,162,154,78.17%,82.23%,197,Đắk Nông,NTB,AM Nhung
NTB - Đắk Nông,(DNO) Cư Jút,Hàng Mới Ca 2,2026-10-01 - Thứ 5,277,12.64%,10.47%,0.00%,5.41,29,0,35,0,248,242,87.36%,89.53%,277,Đắk Nông,NTB,AM Nhung
NTB - Đắk Nông,(DNO) Cư Jút,Hàng Mới Ca 2,2026-10-05 - Thứ 2,225,15.11%,11.11%,0.44%,4.44,25,1,34,1,199,191,84.89%,88.45%,225,Đắk Nông,NTB,AM Nhung
NTB - Đắk Nông,(DNO) Cư Jút,Hàng Mới Ca 2,2026-09-19 - Thứ 7,330,14.24%,11.82%,0.00%,5.46,39,0,47,0,291,283,85.76%,88.18%,330,Đắk Nông,NTB,AM Nhung
NTB - Đắk Nông,(DNO) Cư Jút,Hàng Mới Ca 2,2026-09-28 - Thứ 2,178,14.04%,11.80%,0.56%,4.86,21,1,25,1,156,153,85.96%,87.64%,178,Đắk Nông,NTB,AM Nhung
NTB - Đắk Nông,(DNO) Cư Jút,Hàng Tồn,2026-10-03 - Thứ 7,548,97.81%,57.30%,5.11%,31.79,314,28,536,28,206,12,2.19%,37.59%,0,Đắk Nông,NTB,AM Nhung
NTB - Đắk Nông,(DNO) Cư Jút,Hàng Tồn,2026-09-18 - Thứ 6,430,98.37%,59.30%,6.05%,37.48,255,26,423,26,149,7,1.63%,34.65%,0,Đắk Nông,NTB,AM Nhung
NTB - Đắk Nông,(DNO) Cư Jút,Hàng Tồn,2026-09-27 - Chủ Nhật,454,98.90%,54.41%,5.29%,37.39,247,24,449,24,183,5,1.10%,40.30%,0,Đắk Nông,NTB,AM Nhung
NTB - Đắk Nông,(DNO) Cư Jút,Hàng Tồn,2026-09-21 - Thứ 2,393,99.24%,61.83%,5.09%,38.22,243,20,390,20,130,3,0.76%,33.08%,0,Đắk Nông,NTB,AM Nhung
NTB - Đắk Nông,(DNO) Cư Jút,Hàng Tồn,2026-09-20 - Chủ Nhật,499,99.00%,58.12%,3.61%,31.21,290,18,494,18,191,5,1.00%,38.27%,0,Đắk Nông,NTB,AM Nhung
NTB - Đắk Nông,(DNO) Cư Jút,Hàng Tồn,2026-09-24 - Thứ 5,457,99.12%,64.11%,5.03%,37.59,293,23,453,23,141,4,0.88%,30.86%,0,Đắk Nông,NTB,AM Nhung
NTB - Đắk Nông,(DNO) Cư Jút,Hàng Tồn,2026-10-06 - Thứ 3,393,98.47%,58.52%,5.34%,33.25,230,21,387,21,142,6,1.53%,36.14%,0,Đắk Nông,NTB,AM Nhung
NTB - Đắk Nông,(DNO) Cư Jút,Hàng Tồn,2026-09-12 - Thứ 7,508,99.21%,62.99%,5.31%,30.19,320,27,504,27,161,4,0.79%,31.70%,0,Đắk Nông,NTB,AM Nhung
NTB - Đắk Nông,(DNO) Cư Jút,Hàng Tồn,2026-09-22 - Thứ 3,302,98.34%,51.32%,5.96%,42.03,155,18,297,18,129,5,1.66%,42.72%,0,Đắk Nông,NTB,AM Nhung
NTB - Đắk Nông,(DNO) Cư Jút,Hàng Tồn,2026-09-23 - Thứ 4,391,94.12%,46.80%,5.12%,30.92,183,20,368,20,188,23,5.88%,48.08%,0,Đắk Nông,NTB,AM Nhung
NTB - Đắk Nông,(DNO) Cư Jút,Hàng Tồn,2026-09-15 - Thứ 3,378,92.59%,51.32%,6.88%,31.48,194,26,350,26,158,28,7.41%,41.80%,0,Đắk Nông,NTB,AM Nhung
NTB - Đắk Nông,(DNO) Cư Jút,Hàng Tồn,2026-10-02 - Thứ 6,438,99.32%,64.61%,2.74%,32.98,283,12,435,12,143,3,0.68%,32.65%,0,Đắk Nông,NTB,AM Nhung
NTB - Đắk Nông,(DNO) Cư Jút,Hàng Tồn,2026-09-29 - Thứ 3,383,98.43%,56.66%,6.27%,37.82,217,24,377,24,142,6,1.57%,37.07%,0,Đắk Nông,NTB,AM Nhung
NTB - Đắk Nông,(DNO) Cư Jút,Hàng Tồn,2026-10-08 - Thứ 5,413,99.03%,57.87%,4.60%,29.06,239,19,409,19,155,4,0.97%,37.53%,0,Đắk Nông,NTB,AM Nhung
NTB - Đắk Nông,(DNO) Cư Jút,Hàng Tồn,2026-09-19 - Thứ 7,367,98.37%,50.68%,7.36%,36.13,186,27,361,27,154,6,1.63%,41.96%,0,Đắk Nông,NTB,AM Nhung
NTB - Đắk Nông,(DNO) Cư Jút,Hàng Tồn,2026-10-04 - Chủ Nhật,547,99.09%,62.34%,4.20%,32.98,341,23,542,23,183,5,0.91%,33.46%,0,Đắk Nông,NTB,AM Nhung
NTB - Đắk Nông,(DNO) Cư Jút,Hàng Tồn,2026-09-17 - Thứ 5,507,98.42%,51.68%,5.52%,31.57,262,28,499,28,217,8,1.58%,42.80%,0,Đắk Nông,NTB,AM Nhung
NTB - Đắk Nông,(DNO) Cư Jút,Hàng Tồn,2026-10-09 - Thứ 6,493,99.59%,60.04%,5.48%,33.28,296,27,491,27,170,2,0.41%,34.48%,0,Đắk Nông,NTB,AM Nhung
NTB - Đắk Nông,(DNO) Cư Jút,Hàng Tồn,2026-09-26 - Thứ 7,543,92.45%,55.99%,4.42%,35.95,304,24,502,24,215,41,7.55%,39.59%,0,Đắk Nông,NTB,AM Nhung
NTB - Đắk Nông,(DNO) Cư Jút,Hàng Tồn,2026-09-28 - Thứ 2,481,98.13%,56.13%,4.16%,32.54,270,20,472,20,191,9,1.87%,39.71%,0,Đắk Nông,NTB,AM Nhung
NTB - Đắk Nông,(DNO) Cư Jút,Hàng Tồn,2026-10-07 - Thứ 4,292,97.95%,57.19%,5.82%,39.35,167,17,286,17,108,6,2.05%,36.99%,0,Đắk Nông,NTB,AM Nhung
NTB - Đắk Nông,(DNO) Cư Jút,Hàng Tồn,2026-09-16 - Thứ 4,410,99.27%,50.98%,5.85%,32.61,209,24,407,24,177,3,0.73%,43.17%,0,Đắk Nông,NTB,AM Nhung
NTB - Đắk Nông,(DNO) Cư Jút,Hàng Tồn,2026-09-25 - Thứ 6,552,92.21%,58.51%,2.54%,32.1,323,14,509,14,215,43,7.79%,38.95%,0,Đắk Nông,NTB,AM Nhung
NTB - Đắk Nông,(DNO) Cư Jút,Hàng Tồn,2026-09-13 - Chủ Nhật,396,97.47%,57.83%,6.06%,32.11,229,24,386,24,143,10,2.53%,36.11%,0,Đắk Nông,NTB,AM Nhung
NTB - Đắk Nông,(DNO) Cư Jút,Hàng Tồn,2026-10-01 - Thứ 5,397,97.98%,63.22%,5.79%,33.38,251,23,389,23,123,8,2.02%,30.99%,0,Đắk Nông,NTB,AM Nhung
NTB - Đắk Nông,(DNO) Cư Jút,Hàng Tồn,2026-10-05 - Thứ 2,426,99.53%,61.03%,6.81%,35.61,260,29,424,29,137,2,0.47%,32.16%,0,Đắk Nông,NTB,AM Nhung
NTB - Đắk Nông,(DNO) Cư Jút,Hàng Tồn,2026-09-14 - Thứ 2,428,97.43%,61.68%,5.61%,34.88,264,24,417,24,140,11,2.57%,32.71%,0,Đắk Nông,NTB,AM Nhung
NTB - Đắk Nông,(DNO) Cư Jút,Hàng Tồn,2026-09-30 - Thứ 4,324,98.15%,50.31%,5.56%,36.69,163,18,318,18,143,6,1.85%,44.13%,0,Đắk Nông,NTB,AM Nhung
NTB - Đắk Nông,(DNO) Bắc Gia Nghĩa,Hàng Mới Ca 1,2026-09-18 - Thứ 6,94,76.60%,71.28%,0.00%,7.99,67,0,72,0,27,22,23.40%,28.72%,94,Đắk Nông,NTB,AM Duân
NTB - Đắk Nông,(DNO) Bắc Gia Nghĩa,Hàng Mới Ca 1,2026-09-13 - Chủ Nhật,115,85.22%,73.91%,0.00%,7.2,85,0,98,0,30,17,14.78%,26.09%,115,Đắk Nông,NTB,AM Duân
NTB - Đắk Nông,(DNO) Bắc Gia Nghĩa,Hàng Mới Ca 1,2026-10-06 - Thứ 3,90,93.33%,82.22%,0.00%,8.08,74,0,84,0,16,6,6.67%,17.78%,90,Đắk Nông,NTB,AM Duân
NTB - Đắk Nông,(DNO) Bắc Gia Nghĩa,Hàng Mới Ca 1,2026-10-01 - Thứ 5,163,87.12%,73.62%,0.61%,8.6,120,1,142,1,42,21,12.88%,25.77%,163,Đắk Nông,NTB,AM Duân
NTB - Đắk Nông,(DNO) Bắc Gia Nghĩa,Hàng Mới Ca 1,2026-09-22 - Thứ 3,97,95.88%,67.01%,1.03%,9.22,65,1,93,1,31,4,4.12%,31.96%,97,Đắk Nông,NTB,AM Duân
NTB - Đắk Nông,(DNO) Bắc Gia Nghĩa,Hàng Mới Ca 1,2026-09-23 - Thứ 4,76,69.74%,55.26%,1.32%,7.15,42,1,53,1,33,23,30.26%,43.42%,76,Đắk Nông,NTB,AM Duân
NTB - Đắk Nông,(DNO) Bắc Gia Nghĩa,Hàng Mới Ca 1,2026-10-02 - Thứ 6,145,63.45%,53.10%,0.00%,8.2,77,0,92,0,68,53,36.55%,46.90%,145,Đắk Nông,NTB,AM Duân
NTB - Đắk Nông,(DNO) Bắc Gia Nghĩa,Hàng Mới Ca 1,2026-09-29 - Thứ 3,97,79.38%,72.16%,0.00%,6.66,70,0,77,0,27,20,20.62%,27.84%,97,Đắk Nông,NTB,AM Duân
NTB - Đắk Nông,(DNO) Bắc Gia Nghĩa,Hàng Mới Ca 1,2026-10-08 - Thứ 5,149,98.66%,79.87%,0.00%,8.42,119,0,147,0,30,2,1.34%,20.13%,149,Đắk Nông,NTB,AM Duân
NTB - Đắk Nông,(DNO) Bắc Gia Nghĩa,Hàng Mới Ca 1,2026-09-19 - Thứ 7,50,80.00%,66.00%,2.00%,8.29,33,1,40,1,16,10,20.00%,32.00%,50,Đắk Nông,NTB,AM Duân
NTB - Đắk Nông,(DNO) Bắc Gia Nghĩa,Hàng Mới Ca 1,2026-10-04 - Chủ Nhật,121,57.85%,46.28%,0.00%,8.57,56,0,70,0,65,51,42.15%,53.72%,121,Đắk Nông,NTB,AM Duân
NTB - Đắk Nông,(DNO) Bắc Gia Nghĩa,Hàng Mới Ca 1,2026-09-30 - Thứ 4,74,95.95%,83.78%,0.00%,7.75,62,0,71,0,12,3,4.05%,16.22%,74,Đắk Nông,NTB,AM Duân
NTB - Đắk Nông,(DNO) Bắc Gia Nghĩa,Hàng Mới Ca 1,2026-09-17 - Thứ 5,185,82.70%,71.35%,0.00%,7.64,132,0,153,0,53,32,17.30%,28.65%,185,Đắk Nông,NTB,AM Duân
NTB - Đắk Nông,(DNO) Bắc Gia Nghĩa,Hàng Mới Ca 1,2026-10-09 - Thứ 6,72,88.89%,69.44%,0.00%,7.58,50,0,64,0,22,8,11.11%,30.56%,72,Đắk Nông,NTB,AM Duân
NTB - Đắk Nông,(DNO) Bắc Gia Nghĩa,Hàng Mới Ca 1,2026-09-26 - Thứ 7,132,96.97%,77.27%,0.76%,8.19,102,1,128,1,29,4,3.03%,21.97%,132,Đắk Nông,NTB,AM Duân
NTB - Đắk Nông,(DNO) Bắc Gia Nghĩa,Hàng Mới Ca 1,2026-09-28 - Thứ 2,110,99.09%,81.82%,0.00%,8.86,90,0,109,0,20,1,0.91%,18.18%,110,Đắk Nông,NTB,AM Duân
NTB - Đắk Nông,(DNO) Bắc Gia Nghĩa,Hàng Mới Ca 1,2026-09-16 - Thứ 4,79,98.73%,75.95%,0.00%,7.88,60,0,78,0,19,1,1.27%,24.05%,79,Đắk Nông,NTB,AM Duân
NTB - Đắk Nông,(DNO) Bắc Gia Nghĩa,Hàng Mới Ca 1,2026-09-25 - Thứ 6,169,91.72%,76.92%,0.59%,7.78,130,1,155,1,38,14,8.28%,22.49%,169,Đắk Nông,NTB,AM Duân
NTB - Đắk Nông,(DNO) Bắc Gia Nghĩa,Hàng Mới Ca 1,2026-09-21 - Thứ 2,40,82.50%,62.50%,0.00%,7.92,25,0,33,0,15,7,17.50%,37.50%,40,Đắk Nông,NTB,AM Duân
NTB - Đắk Nông,(DNO) Bắc Gia Nghĩa,Hàng Mới Ca 1,2026-09-20 - Chủ Nhật,142,93.66%,73.24%,0.70%,5.86,104,1,133,1,37,9,6.34%,26.06%,142,Đắk Nông,NTB,AM Duân
NTB - Đắk Nông,(DNO) Bắc Gia Nghĩa,Hàng Mới Ca 1,2026-09-12 - Thứ 7,150,99.33%,77.33%,0.67%,8.58,116,1,149,1,33,1,0.67%,22.00%,150,Đắk Nông,NTB,AM Duân
NTB - Đắk Nông,(DNO) Bắc Gia Nghĩa,Hàng Mới Ca 1,2026-10-05 - Thứ 2,117,100.00%,81.20%,0.85%,8.78,95,1,117,1,21,0,0.00%,17.95%,117,Đắk Nông,NTB,AM Duân
NTB - Đắk Nông,(DNO) Bắc Gia Nghĩa,Hàng Mới Ca 1,2026-10-07 - Thứ 4,55,76.36%,70.91%,0.00%,7.2,39,0,42,0,16,13,23.64%,29.09%,55,Đắk Nông,NTB,AM Duân
NTB - Đắk Nông,(DNO) Bắc Gia Nghĩa,Hàng Mới Ca 1,2026-09-27 - Chủ Nhật,134,78.36%,62.69%,0.00%,8.89,84,0,105,0,50,29,21.64%,37.31%,134,Đắk Nông,NTB,AM Duân
NTB - Đắk Nông,(DNO) Bắc Gia Nghĩa,Hàng Mới Ca 1,2026-09-14 - Thứ 2,127,98.43%,88.19%,0.00%,9.28,112,0,125,0,15,2,1.57%,11.81%,127,Đắk Nông,NTB,AM Duân
NTB - Đắk Nông,(DNO) Bắc Gia Nghĩa,Hàng Mới Ca 1,2026-09-15 - Thứ 3,131,69.47%,56.49%,0.00%,6.2,74,0,91,0,57,40,30.53%,43.51%,131,Đắk Nông,NTB,AM Duân
NTB - Đắk Nông,(DNO) Bắc Gia Nghĩa,Hàng Mới Ca 1,2026-09-24 - Thứ 5,149,100.00%,85.23%,1.34%,7.95,127,2,149,2,20,0,0.00%,13.43%,149,Đắk Nông,NTB,AM Duân
NTB - Đắk Nông,(DNO) Bắc Gia Nghĩa,Hàng Mới Ca 1,2026-10-03 - Thứ 7,123,100.00%,82.93%,0.00%,6.92,102,0,123,0,21,0,0.00%,17.07%,123,Đắk Nông,NTB,AM Duân
NTB - Đắk Nông,(DNO) Bắc Gia Nghĩa,Hàng Mới Ca 2,2026-10-07 - Thứ 4,65,32.31%,26.15%,0.00%,5,17,0,21,0,48,44,67.69%,73.85%,65,Đắk Nông,NTB,AM Duân
NTB - Đắk Nông,(DNO) Bắc Gia Nghĩa,Hàng Mới Ca 2,2026-09-24 - Thứ 5,80,52.50%,42.50%,0.00%,5.64,34,0,42,0,46,38,47.50%,57.50%,80,Đắk Nông,NTB,AM Duân
NTB - Đắk Nông,(DNO) Bắc Gia Nghĩa,Hàng Mới Ca 2,2026-09-12 - Thứ 7,123,28.46%,24.39%,0.00%,6.76,30,0,35,0,93,88,71.54%,75.61%,123,Đắk Nông,NTB,AM Duân
NTB - Đắk Nông,(DNO) Bắc Gia Nghĩa,Hàng Mới Ca 2,2026-09-23 - Thứ 4,55,21.82%,16.36%,1.82%,4.56,9,1,12,1,45,43,78.18%,81.82%,55,Đắk Nông,NTB,AM Duân
NTB - Đắk Nông,(DNO) Bắc Gia Nghĩa,Hàng Mới Ca 2,2026-09-15 - Thứ 3,110,9.09%,8.18%,0.00%,6.67,9,0,10,0,101,100,90.91%,91.82%,110,Đắk Nông,NTB,AM Duân
NTB - Đắk Nông,(DNO) Bắc Gia Nghĩa,Hàng Mới Ca 2,2026-09-29 - Thứ 3,116,28.45%,24.14%,0.00%,4.39,28,0,33,0,88,83,71.55%,75.86%,116,Đắk Nông,NTB,AM Duân
NTB - Đắk Nông,(DNO) Bắc Gia Nghĩa,Hàng Mới Ca 2,2026-10-08 - Thứ 5,138,67.39%,55.07%,0.00%,5.17,76,0,93,0,62,45,32.61%,44.93%,138,Đắk Nông,NTB,AM Duân
NTB - Đắk Nông,(DNO) Bắc Gia Nghĩa,Hàng Mới Ca 2,2026-09-19 - Thứ 7,127,7.09%,5.51%,0.00%,4.14,7,0,9,0,120,118,92.91%,94.49%,127,Đắk Nông,NTB,AM Duân
NTB - Đắk Nông,(DNO) Bắc Gia Nghĩa,Hàng Mới Ca 2,2026-09-17 - Thứ 5,41,21.95%,17.07%,0.00%,5,7,0,9,0,34,32,78.05%,82.93%,41,Đắk Nông,NTB,AM Duân
NTB - Đắk Nông,(DNO) Bắc Gia Nghĩa,Hàng Mới Ca 2,2026-10-09 - Thứ 6,140,14.29%,13.57%,0.00%,5.53,19,0,20,0,121,120,85.71%,86.43%,140,Đắk Nông,NTB,AM Duân
NTB - Đắk Nông,(DNO) Bắc Gia Nghĩa,Hàng Mới Ca 2,2026-10-03 - Thứ 7,60,31.67%,26.67%,0.00%,5.38,16,0,19,0,44,41,68.33%,73.33%,60,Đắk Nông,NTB,AM Duân
NTB - Đắk Nông,(DNO) Bắc Gia Nghĩa,Hàng Mới Ca 2,2026-09-25 - Thứ 6,94,50.00%,34.04%,0.00%,5.56,32,0,47,0,62,47,50.00%,65.96%,94,Đắk Nông,NTB,AM Duân
NTB - Đắk Nông,(DNO) Bắc Gia Nghĩa,Hàng Mới Ca 2,2026-09-18 - Thứ 6,136,15.44%,10.29%,0.00%,4.86,14,0,21,0,122,115,84.56%,89.71%,136,Đắk Nông,NTB,AM Duân
NTB - Đắk Nông,(DNO) Bắc Gia Nghĩa,Hàng Mới Ca 2,2026-09-27 - Chủ Nhật,66,18.18%,18.18%,0.00%,5.55,12,0,12,0,54,54,81.82%,81.82%,66,Đắk Nông,NTB,AM Duân
NTB - Đắk Nông,(DNO) Bắc Gia Nghĩa,Hàng Mới Ca 2,2026-10-01 - Thứ 5,85,8.24%,5.88%,0.00%,6.2,5,0,7,0,80,78,91.76%,94.12%,85,Đắk Nông,NTB,AM Duân
NTB - Đắk Nông,(DNO) Bắc Gia Nghĩa,Hàng Mới Ca 2,2026-09-14 - Thứ 2,86,41.86%,34.88%,0.00%,6.03,30,0,36,0,56,50,58.14%,65.12%,86,Đắk Nông,NTB,AM Duân
NTB - Đắk Nông,(DNO) Bắc Gia Nghĩa,Hàng Mới Ca 2,2026-10-02 - Thứ 6,138,3.62%,3.62%,0.00%,2.4,5,0,5,0,133,133,96.38%,96.38%,138,Đắk Nông,NTB,AM Duân
NTB - Đắk Nông,(DNO) Bắc Gia Nghĩa,Hàng Mới Ca 2,2026-10-04 - Chủ Nhật,125,4.80%,4.00%,0.80%,4,5,1,6,1,119,119,95.20%,95.20%,125,Đắk Nông,NTB,AM Duân
NTB - Đắk Nông,(DNO) Bắc Gia Nghĩa,Hàng Mới Ca 2,2026-09-30 - Thứ 4,31,25.81%,19.35%,0.00%,7.5,6,0,8,0,25,23,74.19%,80.65%,31,Đắk Nông,NTB,AM Duân
NTB - Đắk Nông,(DNO) Bắc Gia Nghĩa,Hàng Mới Ca 2,2026-09-26 - Thứ 7,108,13.89%,10.19%,0.00%,6.45,11,0,15,0,97,93,86.11%,89.81%,108,Đắk Nông,NTB,AM Duân
NTB - Đắk Nông,(DNO) Bắc Gia Nghĩa,Hàng Mới Ca 2,2026-09-28 - Thứ 2,49,48.98%,40.82%,0.00%,4.32,20,0,24,0,29,25,51.02%,59.18%,49,Đắk Nông,NTB,AM Duân
NTB - Đắk Nông,(DNO) Bắc Gia Nghĩa,Hàng Mới Ca 2,2026-09-16 - Thứ 4,65,47.69%,38.46%,0.00%,4.4,25,0,31,0,40,34,52.31%,61.54%,65,Đắk Nông,NTB,AM Duân
NTB - Đắk Nông,(DNO) Bắc Gia Nghĩa,Hàng Mới Ca 2,2026-09-21 - Thứ 2,121,28.10%,24.79%,0.00%,4.8,30,0,34,0,91,87,71.90%,75.21%,121,Đắk Nông,NTB,AM Duân
NTB - Đắk Nông,(DNO) Bắc Gia Nghĩa,Hàng Mới Ca 2,2026-09-20 - Chủ Nhật,82,23.17%,19.51%,0.00%,4,16,0,19,0,66,63,76.83%,80.49%,82,Đắk Nông,NTB,AM Duân
NTB - Đắk Nông,(DNO) Bắc Gia Nghĩa,Hàng Mới Ca 2,2026-10-06 - Thứ 3,107,66.36%,51.40%,0.00%,5.8,55,0,71,0,52,36,33.64%,48.60%,107,Đắk Nông,NTB,AM Duân
NTB - Đắk Nông,(DNO) Bắc Gia Nghĩa,Hàng Mới Ca 2,2026-09-22 - Thứ 3,95,22.11%,17.89%,0.00%,7.47,17,0,21,0,78,74,77.89%,82.11%,95,Đắk Nông,NTB,AM Duân
NTB - Đắk Nông,(DNO) Bắc Gia Nghĩa,Hàng Mới Ca 2,2026-09-13 - Chủ Nhật,119,32.77%,26.89%,0.00%,4.71,32,0,39,0,87,80,67.23%,73.11%,119,Đắk Nông,NTB,AM Duân
NTB - Đắk Nông,(DNO) Bắc Gia Nghĩa,Hàng Mới Ca 2,2026-10-05 - Thứ 2,46,26.09%,17.39%,0.00%,5.63,8,0,12,0,38,34,73.91%,82.61%,46,Đắk Nông,NTB,AM Duân
NTB - Đắk Nông,(DNO) Bắc Gia Nghĩa,Hàng Tồn,2026-10-03 - Thứ 7,312,98.40%,72.12%,1.60%,42.1,225,5,307,5,82,5,1.60%,26.28%,0,Đắk Nông,NTB,AM Duân
NTB - Đắk Nông,(DNO) Bắc Gia Nghĩa,Hàng Tồn,2026-09-25 - Thứ 6,142,94.37%,58.45%,4.93%,43.59,83,7,134,7,52,8,5.63%,36.62%,0,Đắk Nông,NTB,AM Duân
NTB - Đắk Nông,(DNO) Bắc Gia Nghĩa,Hàng Tồn,2026-09-20 - Chủ Nhật,289,95.16%,68.51%,2.42%,50.42,198,7,275,7,84,14,4.84%,29.07%,0,Đắk Nông,NTB,AM Duân
NTB - Đắk Nông,(DNO) Bắc Gia Nghĩa,Hàng Tồn,2026-09-13 - Chủ Nhật,175,76.57%,46.29%,2.86%,34.71,81,5,134,5,89,41,23.43%,50.85%,0,Đắk Nông,NTB,AM Duân
NTB - Đắk Nông,(DNO) Bắc Gia Nghĩa,Hàng Tồn,2026-09-24 - Thứ 5,202,97.03%,55.45%,5.45%,48.15,112,11,196,11,79,6,2.97%,39.10%,0,Đắk Nông,NTB,AM Duân
NTB - Đắk Nông,(DNO) Bắc Gia Nghĩa,Hàng Tồn,2026-10-06 - Thứ 3,144,92.36%,45.14%,6.25%,48.8,65,9,133,9,70,11,7.64%,48.61%,0,Đắk Nông,NTB,AM Duân
NTB - Đắk Nông,(DNO) Bắc Gia Nghĩa,Hàng Tồn,2026-10-01 - Thứ 5,94,73.40%,34.04%,1.06%,37.37,32,1,69,1,61,25,26.60%,64.90%,0,Đắk Nông,NTB,AM Duân
NTB - Đắk Nông,(DNO) Bắc Gia Nghĩa,Hàng Tồn,2026-09-12 - Thứ 7,162,88.27%,56.79%,4.94%,44.29,92,8,143,8,62,19,11.73%,38.27%,0,Đắk Nông,NTB,AM Duân
NTB - Đắk Nông,(DNO) Bắc Gia Nghĩa,Hàng Tồn,2026-10-05 - Thứ 2,266,98.50%,66.54%,1.13%,37.68,177,3,262,3,86,4,1.50%,32.33%,0,Đắk Nông,NTB,AM Duân
NTB - Đắk Nông,(DNO) Bắc Gia Nghĩa,Hàng Tồn,2026-09-23 - Thứ 4,192,50.00%,30.21%,2.08%,30.98,58,4,96,4,130,96,50.00%,67.71%,0,Đắk Nông,NTB,AM Duân
NTB - Đắk Nông,(DNO) Bắc Gia Nghĩa,Hàng Tồn,2026-09-14 - Thứ 2,204,94.61%,53.43%,4.41%,38.22,109,9,193,9,86,11,5.39%,42.16%,0,Đắk Nông,NTB,AM Duân
NTB - Đắk Nông,(DNO) Bắc Gia Nghĩa,Hàng Tồn,2026-09-15 - Thứ 3,132,76.52%,43.94%,2.27%,34.14,58,3,101,3,71,31,23.48%,53.79%,0,Đắk Nông,NTB,AM Duân
NTB - Đắk Nông,(DNO) Bắc Gia Nghĩa,Hàng Tồn,2026-09-29 - Thứ 3,102,60.78%,26.47%,5.88%,34.67,27,6,62,6,69,40,39.22%,67.65%,0,Đắk Nông,NTB,AM Duân
NTB - Đắk Nông,(DNO) Bắc Gia Nghĩa,Hàng Tồn,2026-10-08 - Thứ 5,136,94.85%,50.00%,5.88%,43.56,68,8,129,8,60,7,5.15%,44.12%,0,Đắk Nông,NTB,AM Duân
NTB - Đắk Nông,(DNO) Bắc Gia Nghĩa,Hàng Tồn,2026-09-19 - Thứ 7,262,54.58%,37.02%,0.76%,38.03,97,2,143,2,163,119,45.42%,62.22%,0,Đắk Nông,NTB,AM Duân
NTB - Đắk Nông,(DNO) Bắc Gia Nghĩa,Hàng Tồn,2026-10-04 - Chủ Nhật,138,60.87%,30.43%,5.07%,38,42,7,84,7,89,54,39.13%,64.50%,0,Đắk Nông,NTB,AM Duân
NTB - Đắk Nông,(DNO) Bắc Gia Nghĩa,Hàng Tồn,2026-09-30 - Thứ 4,177,92.09%,63.84%,3.95%,37.05,113,7,163,7,57,14,7.91%,32.21%,0,Đắk Nông,NTB,AM Duân
NTB - Đắk Nông,(DNO) Bắc Gia Nghĩa,Hàng Tồn,2026-09-17 - Thứ 5,140,53.57%,35.00%,1.43%,37.67,49,2,75,2,89,65,46.43%,63.57%,0,Đắk Nông,NTB,AM Duân
NTB - Đắk Nông,(DNO) Bắc Gia Nghĩa,Hàng Tồn,2026-10-09 - Thứ 6,142,80.28%,48.59%,4.93%,33.34,69,7,114,7,66,28,19.72%,46.48%,0,Đắk Nông,NTB,AM Duân
NTB - Đắk Nông,(DNO) Bắc Gia Nghĩa,Hàng Tồn,2026-09-26 - Thứ 7,152,89.47%,50.66%,2.63%,33.09,77,4,136,4,71,16,10.53%,46.71%,0,Đắk Nông,NTB,AM Duân
NTB - Đắk Nông,(DNO) Bắc Gia Nghĩa,Hàng Tồn,2026-09-28 - Thứ 2,168,91.67%,57.74%,2.98%,35.35,97,5,154,5,66,14,8.33%,39.28%,0,Đắk Nông,NTB,AM Duân
NTB - Đắk Nông,(DNO) Bắc Gia Nghĩa,Hàng Tồn,2026-10-07 - Thứ 4,113,69.91%,37.17%,1.77%,36.82,42,2,79,2,69,34,30.09%,61.06%,0,Đắk Nông,NTB,AM Duân
NTB - Đắk Nông,(DNO) Bắc Gia Nghĩa,Hàng Tồn,2026-09-16 - Thứ 4,222,92.79%,62.61%,1.35%,37.4,139,3,206,3,80,16,7.21%,36.04%,0,Đắk Nông,NTB,AM Duân
NTB - Đắk Nông,(DNO) Bắc Gia Nghĩa,Hàng Tồn,2026-09-18 - Thứ 6,175,48.57%,28.00%,2.29%,36.64,49,4,85,4,122,90,51.43%,69.71%,0,Đắk Nông,NTB,AM Duân
NTB - Đắk Nông,(DNO) Bắc Gia Nghĩa,Hàng Tồn,2026-09-21 - Thứ 2,177,87.57%,53.11%,3.39%,39.59,94,6,155,6,77,22,12.43%,43.50%,0,Đắk Nông,NTB,AM Duân
NTB - Đắk Nông,(DNO) Bắc Gia Nghĩa,Hàng Tồn,2026-09-27 - Chủ Nhật,185,84.32%,56.22%,4.32%,32.19,104,8,156,8,73,29,15.68%,39.46%,0,Đắk Nông,NTB,AM Duân
NTB - Đắk Nông,(DNO) Bắc Gia Nghĩa,Hàng Tồn,2026-09-22 - Thứ 3,170,92.94%,41.18%,2.35%,43.35,70,4,158,4,96,12,7.06%,56.47%,0,Đắk Nông,NTB,AM Duân
NTB - Đắk Nông,(DNO) Bắc Gia Nghĩa,Hàng Tồn,2026-10-02 - Thứ 6,158,44.30%,23.42%,1.90%,32.35,37,3,70,3,118,88,55.70%,74.68%,0,Đắk Nông,NTB,AM Duân
NTB - Ninh Thuận,(NTH) Thuận Nam,Hàng Mới Ca 1,2026-09-16 - Thứ 4,368,100.00%,79.62%,1.63%,6.28,293,6,368,6,69,0,0.00%,18.75%,368,Ninh Thuận,NTB,AM D.Long
NTB - Ninh Thuận,(NTH) Thuận Nam,Hàng Mới Ca 1,2026-09-25 - Thứ 6,424,99.76%,91.27%,1.42%,12.15,387,6,423,6,31,1,0.24%,7.31%,424,Ninh Thuận,NTB,AM D.Long
NTB - Ninh Thuận,(NTH) Thuận Nam,Hàng Mới Ca 1,2026-09-27 - Chủ Nhật,388,100.00%,87.37%,1.55%,13.19,339,6,388,6,43,0,0.00%,11.08%,388,Ninh Thuận,NTB,AM D.Long
NTB - Ninh Thuận,(NTH) Thuận Nam,Hàng Mới Ca 1,2026-09-21 - Thứ 2,243,99.59%,84.36%,1.65%,4.95,205,4,242,4,34,1,0.41%,13.99%,243,Ninh Thuận,NTB,AM D.Long
NTB - Ninh Thuận,(NTH) Thuận Nam,Hàng Mới Ca 1,2026-09-20 - Chủ Nhật,277,100.00%,83.39%,1.81%,5.86,231,5,277,5,41,0,0.00%,14.80%,277,Ninh Thuận,NTB,AM D.Long
NTB - Ninh Thuận,(NTH) Thuận Nam,Hàng Mới Ca 1,2026-09-13 - Chủ Nhật,494,99.80%,79.35%,2.02%,12.95,392,10,493,10,92,1,0.20%,18.63%,494,Ninh Thuận,NTB,AM D.Long
NTB - Ninh Thuận,(NTH) Thuận Nam,Hàng Mới Ca 1,2026-09-24 - Thứ 5,483,99.59%,82.61%,2.07%,14.8,399,10,481,10,74,2,0.41%,15.32%,483,Ninh Thuận,NTB,AM D.Long
NTB - Ninh Thuận,(NTH) Thuận Nam,Hàng Mới Ca 1,2026-10-01 - Thứ 5,422,100.00%,88.15%,1.66%,11.34,372,7,422,7,43,0,0.00%,10.19%,422,Ninh Thuận,NTB,AM D.Long
NTB - Ninh Thuận,(NTH) Thuận Nam,Hàng Mới Ca 1,2026-09-12 - Thứ 7,411,99.76%,83.94%,2.19%,9.94,345,9,410,9,57,1,0.24%,13.87%,411,Ninh Thuận,NTB,AM D.Long
NTB - Ninh Thuận,(NTH) Thuận Nam,Hàng Mới Ca 1,2026-10-05 - Thứ 2,503,99.80%,83.90%,4.37%,12.59,422,22,502,22,59,1,0.20%,11.73%,503,Ninh Thuận,NTB,AM D.Long
NTB - Ninh Thuận,(NTH) Thuận Nam,Hàng Mới Ca 1,2026-09-22 - Thứ 3,328,99.09%,75.61%,2.13%,10.74,248,7,325,7,73,3,0.91%,22.26%,328,Ninh Thuận,NTB,AM D.Long
NTB - Ninh Thuận,(NTH) Thuận Nam,Hàng Mới Ca 1,2026-09-23 - Thứ 4,304,99.67%,80.59%,2.96%,11.78,245,9,303,9,50,1,0.33%,16.45%,304,Ninh Thuận,NTB,AM D.Long
NTB - Ninh Thuận,(NTH) Thuận Nam,Hàng Mới Ca 1,2026-09-14 - Thứ 2,419,99.52%,81.15%,4.53%,11.46,340,19,417,19,60,2,0.48%,14.32%,419,Ninh Thuận,NTB,AM D.Long
NTB - Ninh Thuận,(NTH) Thuận Nam,Hàng Mới Ca 1,2026-10-02 - Thứ 6,448,99.55%,86.38%,1.34%,14.35,387,6,446,6,55,2,0.45%,12.28%,448,Ninh Thuận,NTB,AM D.Long
NTB - Ninh Thuận,(NTH) Thuận Nam,Hàng Mới Ca 1,2026-09-29 - Thứ 3,311,98.71%,87.78%,1.29%,11.09,273,4,307,4,34,4,1.29%,10.93%,311,Ninh Thuận,NTB,AM D.Long
NTB - Ninh Thuận,(NTH) Thuận Nam,Hàng Mới Ca 1,2026-10-08 - Thứ 5,401,100.00%,86.28%,2.24%,11.92,346,9,401,9,46,0,0.00%,11.48%,401,Ninh Thuận,NTB,AM D.Long
NTB - Ninh Thuận,(NTH) Thuận Nam,Hàng Mới Ca 1,2026-10-04 - Chủ Nhật,466,100.00%,83.69%,1.29%,12.56,390,6,466,6,70,0,0.00%,15.02%,466,Ninh Thuận,NTB,AM D.Long
NTB - Ninh Thuận,(NTH) Thuận Nam,Hàng Mới Ca 1,2026-09-30 - Thứ 4,313,99.68%,85.30%,0.96%,11.85,267,3,312,3,43,1,0.32%,13.74%,313,Ninh Thuận,NTB,AM D.Long
NTB - Ninh Thuận,(NTH) Thuận Nam,Hàng Mới Ca 1,2026-09-17 - Thứ 5,476,99.58%,85.92%,2.31%,10.17,409,11,474,11,56,2,0.42%,11.77%,476,Ninh Thuận,NTB,AM D.Long
NTB - Ninh Thuận,(NTH) Thuận Nam,Hàng Mới Ca 1,2026-10-09 - Thứ 6,662,99.85%,87.46%,2.72%,10.67,579,18,661,18,65,1,0.15%,9.82%,662,Ninh Thuận,NTB,AM D.Long
NTB - Ninh Thuận,(NTH) Thuận Nam,Hàng Mới Ca 1,2026-09-26 - Thứ 7,564,99.82%,86.17%,2.30%,11.11,486,13,563,13,65,1,0.18%,11.53%,564,Ninh Thuận,NTB,AM D.Long
NTB - Ninh Thuận,(NTH) Thuận Nam,Hàng Mới Ca 1,2026-09-28 - Thứ 2,418,100.00%,90.19%,0.72%,12.84,377,3,418,3,38,0,0.00%,9.09%,418,Ninh Thuận,NTB,AM D.Long
NTB - Ninh Thuận,(NTH) Thuận Nam,Hàng Mới Ca 1,2026-10-07 - Thứ 4,412,99.76%,85.44%,3.64%,13.2,352,15,411,15,45,1,0.24%,10.92%,412,Ninh Thuận,NTB,AM D.Long
NTB - Ninh Thuận,(NTH) Thuận Nam,Hàng Mới Ca 1,2026-10-03 - Thứ 7,451,99.56%,86.70%,2.00%,12.46,391,9,449,9,51,2,0.44%,11.30%,451,Ninh Thuận,NTB,AM D.Long
NTB - Ninh Thuận,(NTH) Thuận Nam,Hàng Mới Ca 1,2026-09-18 - Thứ 6,384,99.74%,82.03%,2.86%,10.45,315,11,383,11,58,1,0.26%,15.11%,384,Ninh Thuận,NTB,AM D.Long
NTB - Ninh Thuận,(NTH) Thuận Nam,Hàng Mới Ca 1,2026-10-06 - Thứ 3,372,100.00%,87.37%,1.61%,13.68,325,6,372,6,41,0,0.00%,11.02%,372,Ninh Thuận,NTB,AM D.Long
NTB - Ninh Thuận,(NTH) Thuận Nam,Hàng Mới Ca 1,2026-09-15 - Thứ 3,154,99.35%,81.17%,3.25%,5.31,125,5,153,5,24,1,0.65%,15.58%,154,Ninh Thuận,NTB,AM D.Long
NTB - Ninh Thuận,(NTH) Thuận Nam,Hàng Mới Ca 1,2026-09-19 - Thứ 7,501,99.60%,79.64%,2.40%,11.45,399,12,499,12,90,2,0.40%,17.96%,501,Ninh Thuận,NTB,AM D.Long
NTB - Ninh Thuận,(NTH) Thuận Nam,Hàng Mới Ca 2,2026-09-14 - Thứ 2,158,0.00%,0.00%,0.00%,0,0,0,0,0,158,158,100.00%,100.00%,158,Ninh Thuận,NTB,AM D.Long
NTB - Ninh Thuận,(NTH) Thuận Nam,Hàng Mới Ca 2,2026-09-15 - Thứ 3,123,0.00%,0.00%,0.00%,0,0,0,0,0,123,123,100.00%,100.00%,123,Ninh Thuận,NTB,AM D.Long
NTB - Ninh Thuận,(NTH) Thuận Nam,Hàng Mới Ca 2,2026-09-19 - Thứ 7,87,0.00%,0.00%,0.00%,0,0,0,0,0,87,87,100.00%,100.00%,87,Ninh Thuận,NTB,AM D.Long
NTB - Ninh Thuận,(NTH) Thuận Nam,Hàng Mới Ca 2,2026-09-20 - Chủ Nhật,87,0.00%,0.00%,0.00%,0,0,0,0,0,87,87,100.00%,100.00%,87,Ninh Thuận,NTB,AM D.Long
NTB - Ninh Thuận,(NTH) Thuận Nam,Hàng Mới Ca 2,2026-09-28 - Thứ 2,1,100.00%,100.00%,0.00%,0,1,0,1,0,0,0,0.00%,0.00%,1,Ninh Thuận,NTB,AM D.Long
NTB - Ninh Thuận,(NTH) Thuận Nam,Hàng Tồn,2026-10-03 - Thứ 7,79,93.67%,34.18%,16.46%,52.58,27,13,74,13,39,5,6.33%,49.36%,0,Ninh Thuận,NTB,AM D.Long
NTB - Ninh Thuận,(NTH) Thuận Nam,Hàng Tồn,2026-09-16 - Thứ 4,224,98.21%,57.14%,4.02%,28.32,128,9,220,9,87,4,1.79%,38.84%,0,Ninh Thuận,NTB,AM D.Long
NTB - Ninh Thuận,(NTH) Thuận Nam,Hàng Tồn,2026-09-18 - Thứ 6,106,96.23%,33.02%,7.55%,41.06,35,8,102,8,63,4,3.77%,59.43%,0,Ninh Thuận,NTB,AM D.Long
NTB - Ninh Thuận,(NTH) Thuận Nam,Hàng Tồn,2026-09-20 - Chủ Nhật,223,98.21%,53.81%,6.28%,32.04,120,14,219,14,89,4,1.79%,39.91%,0,Ninh Thuận,NTB,AM D.Long
NTB - Ninh Thuận,(NTH) Thuận Nam,Hàng Tồn,2026-09-13 - Chủ Nhật,109,95.41%,31.19%,11.01%,46.18,34,12,104,12,63,5,4.59%,57.80%,0,Ninh Thuận,NTB,AM D.Long
NTB - Ninh Thuận,(NTH) Thuận Nam,Hàng Tồn,2026-10-01 - Thứ 5,71,92.96%,43.66%,8.45%,57.76,31,6,66,6,34,5,7.04%,47.89%,0,Ninh Thuận,NTB,AM D.Long
NTB - Ninh Thuận,(NTH) Thuận Nam,Hàng Tồn,2026-09-22 - Thứ 3,93,91.40%,36.56%,18.28%,41.91,34,17,85,17,42,8,8.60%,45.16%,0,Ninh Thuận,NTB,AM D.Long
NTB - Ninh Thuận,(NTH) Thuận Nam,Hàng Tồn,2026-09-23 - Thứ 4,63,93.65%,28.57%,15.87%,62.63,18,10,59,10,35,4,6.35%,55.56%,0,Ninh Thuận,NTB,AM D.Long
NTB - Ninh Thuận,(NTH) Thuận Nam,Hàng Tồn,2026-09-15 - Thứ 3,273,98.90%,59.34%,6.23%,27.59,162,17,270,17,94,3,1.10%,34.43%,0,Ninh Thuận,NTB,AM D.Long
NTB - Ninh Thuận,(NTH) Thuận Nam,Hàng Tồn,2026-10-08 - Thứ 5,79,91.14%,21.52%,8.86%,58.29,17,7,72,7,55,7,8.86%,69.62%,0,Ninh Thuận,NTB,AM D.Long
NTB - Ninh Thuận,(NTH) Thuận Nam,Hàng Tồn,2026-09-30 - Thứ 4,52,94.23%,25.00%,9.62%,54.5,13,5,49,5,34,3,5.77%,65.38%,0,Ninh Thuận,NTB,AM D.Long
NTB - Ninh Thuận,(NTH) Thuận Nam,Hàng Tồn,2026-09-17 - Thứ 5,141,97.16%,40.43%,13.48%,42.05,57,19,137,19,65,4,2.84%,46.09%,0,Ninh Thuận,NTB,AM D.Long
NTB - Ninh Thuận,(NTH) Thuận Nam,Hàng Tồn,2026-10-09 - Thứ 6,81,95.06%,25.93%,25.93%,53.85,21,21,77,21,39,4,4.94%,48.14%,0,Ninh Thuận,NTB,AM D.Long
NTB - Ninh Thuận,(NTH) Thuận Nam,Hàng Tồn,2026-10-07 - Thứ 4,69,94.20%,26.09%,15.94%,72.75,18,11,65,11,40,4,5.80%,57.97%,0,Ninh Thuận,NTB,AM D.Long
NTB - Ninh Thuận,(NTH) Thuận Nam,Hàng Tồn,2026-09-27 - Chủ Nhật,83,93.98%,19.28%,18.07%,58.38,16,15,78,15,52,5,6.02%,62.65%,0,Ninh Thuận,NTB,AM D.Long
NTB - Ninh Thuận,(NTH) Thuận Nam,Hàng Tồn,2026-09-12 - Thứ 7,130,97.69%,30.77%,12.31%,45.59,40,16,127,16,74,3,2.31%,56.92%,0,Ninh Thuận,NTB,AM D.Long
NTB - Ninh Thuận,(NTH) Thuận Nam,Hàng Tồn,2026-10-05 - Thứ 2,105,95.24%,37.14%,13.33%,64.53,39,14,100,14,52,5,4.76%,49.53%,0,Ninh Thuận,NTB,AM D.Long
NTB - Ninh Thuận,(NTH) Thuận Nam,Hàng Tồn,2026-10-06 - Thứ 3,98,93.88%,35.71%,16.33%,57.03,35,16,92,16,47,6,6.12%,47.96%,0,Ninh Thuận,NTB,AM D.Long
NTB - Ninh Thuận,(NTH) Thuận Nam,Hàng Tồn,2026-09-14 - Thứ 2,150,95.33%,38.00%,13.33%,41.59,57,20,143,20,73,7,4.67%,48.67%,0,Ninh Thuận,NTB,AM D.Long
NTB - Ninh Thuận,(NTH) Thuận Nam,Hàng Tồn,2026-10-02 - Thứ 6,67,94.03%,29.85%,16.42%,52,20,11,63,11,36,4,5.97%,53.73%,0,Ninh Thuận,NTB,AM D.Long
NTB - Ninh Thuận,(NTH) Thuận Nam,Hàng Tồn,2026-09-29 - Thứ 3,65,95.38%,33.85%,18.46%,56.71,22,12,62,12,31,3,4.62%,47.69%,0,Ninh Thuận,NTB,AM D.Long
NTB - Ninh Thuận,(NTH) Thuận Nam,Hàng Tồn,2026-09-19 - Thứ 7,105,94.29%,25.71%,5.71%,45.59,27,6,99,6,72,6,5.71%,68.58%,0,Ninh Thuận,NTB,AM D.Long
NTB - Ninh Thuận,(NTH) Thuận Nam,Hàng Tồn,2026-10-04 - Chủ Nhật,69,94.20%,24.64%,13.04%,56.88,17,9,65,9,43,4,5.80%,62.32%,0,Ninh Thuận,NTB,AM D.Long
NTB - Ninh Thuận,(NTH) Thuận Nam,Hàng Tồn,2026-09-26 - Thứ 7,59,88.14%,33.90%,10.17%,59.55,20,6,52,6,33,7,11.86%,55.93%,0,Ninh Thuận,NTB,AM D.Long
NTB - Ninh Thuận,(NTH) Thuận Nam,Hàng Tồn,2026-09-25 - Thứ 6,93,96.77%,41.94%,10.75%,55.71,39,10,90,10,44,3,3.23%,47.31%,0,Ninh Thuận,NTB,AM D.Long
NTB - Ninh Thuận,(NTH) Thuận Nam,Hàng Tồn,2026-09-21 - Thứ 2,212,96.70%,57.08%,4.25%,31.69,121,9,205,9,82,7,3.30%,38.67%,0,Ninh Thuận,NTB,AM D.Long
NTB - Ninh Thuận,(NTH) Thuận Nam,Hàng Tồn,2026-09-24 - Thứ 5,73,94.52%,41.10%,10.96%,53.36,30,8,69,8,35,4,5.48%,47.94%,0,Ninh Thuận,NTB,AM D.Long
NTB - Ninh Thuận,(NTH) Thuận Nam,Hàng Tồn,2026-09-28 - Thứ 2,75,92.00%,44.00%,8.00%,55.67,33,6,69,6,36,6,8.00%,48.00%,0,Ninh Thuận,NTB,AM D.Long
NTB - Ninh Thuận,(NTH) Phước Dinh,Hàng Mới Ca 1,2026-10-03 - Thứ 7,651,99.69%,76.04%,1.38%,7.97,495,9,649,9,147,2,0.31%,22.58%,651,Ninh Thuận,NTB,AM D.Long
NTB - Ninh Thuận,(NTH) Phước Dinh,Hàng Mới Ca 1,2026-09-16 - Thứ 4,853,98.94%,77.84%,1.17%,11.21,664,10,844,10,179,9,1.06%,20.99%,853,Ninh Thuận,NTB,AM D.Long
NTB - Ninh Thuận,(NTH) Phước Dinh,Hàng Mới Ca 1,2026-09-18 - Thứ 6,857,99.18%,78.06%,1.40%,11.43,669,12,850,12,176,7,0.82%,20.54%,857,Ninh Thuận,NTB,AM D.Long
NTB - Ninh Thuận,(NTH) Phước Dinh,Hàng Mới Ca 1,2026-09-27 - Chủ Nhật,665,100.00%,82.26%,1.50%,11.27,547,10,665,10,108,0,0.00%,16.24%,665,Ninh Thuận,NTB,AM D.Long
NTB - Ninh Thuận,(NTH) Phước Dinh,Hàng Mới Ca 1,2026-09-21 - Thứ 2,550,99.82%,81.27%,2.55%,10.14,447,14,549,14,89,1,0.18%,16.18%,550,Ninh Thuận,NTB,AM D.Long
NTB - Ninh Thuận,(NTH) Phước Dinh,Hàng Mới Ca 1,2026-09-20 - Chủ Nhật,710,99.44%,76.48%,1.41%,7.75,543,10,706,10,157,4,0.56%,22.11%,710,Ninh Thuận,NTB,AM D.Long
NTB - Ninh Thuận,(NTH) Phước Dinh,Hàng Mới Ca 1,2026-09-24 - Thứ 5,951,99.68%,79.60%,2.63%,11.07,757,25,948,25,169,3,0.32%,17.77%,951,Ninh Thuận,NTB,AM D.Long
NTB - Ninh Thuận,(NTH) Phước Dinh,Hàng Mới Ca 1,2026-10-06 - Thứ 3,254,99.61%,81.50%,3.94%,6.14,207,10,253,10,37,1,0.39%,14.56%,254,Ninh Thuận,NTB,AM D.Long
NTB - Ninh Thuận,(NTH) Phước Dinh,Hàng Mới Ca 1,2026-09-12 - Thứ 7,815,99.88%,81.23%,1.96%,7.42,662,16,814,16,137,1,0.12%,16.81%,815,Ninh Thuận,NTB,AM D.Long
NTB - Ninh Thuận,(NTH) Phước Dinh,Hàng Mới Ca 1,2026-10-05 - Thứ 2,664,99.40%,77.41%,1.36%,8.1,514,9,660,9,141,4,0.60%,21.23%,664,Ninh Thuận,NTB,AM D.Long
NTB - Ninh Thuận,(NTH) Phước Dinh,Hàng Mới Ca 1,2026-09-23 - Thứ 4,703,99.43%,75.39%,1.71%,10.9,530,12,699,12,161,4,0.57%,22.90%,703,Ninh Thuận,NTB,AM D.Long
NTB - Ninh Thuận,(NTH) Phước Dinh,Hàng Mới Ca 1,2026-09-14 - Thứ 2,890,98.76%,78.54%,2.92%,11.02,699,26,879,26,165,11,1.24%,18.54%,890,Ninh Thuận,NTB,AM D.Long
NTB - Ninh Thuận,(NTH) Phước Dinh,Hàng Mới Ca 1,2026-10-02 - Thứ 6,821,99.03%,75.64%,2.31%,11.28,621,19,813,19,181,8,0.97%,22.05%,821,Ninh Thuận,NTB,AM D.Long
NTB - Ninh Thuận,(NTH) Phước Dinh,Hàng Mới Ca 1,2026-09-29 - Thứ 3,423,99.29%,79.20%,1.18%,5.2,335,5,420,5,83,3,0.71%,19.62%,423,Ninh Thuận,NTB,AM D.Long
NTB - Ninh Thuận,(NTH) Phước Dinh,Hàng Mới Ca 1,2026-10-08 - Thứ 5,"1,085",99.54%,78.16%,2.30%,9.09,848,25,1080,25,212,5,0.46%,19.54%,1085,Ninh Thuận,NTB,AM D.Long
NTB - Ninh Thuận,(NTH) Phước Dinh,Hàng Mới Ca 1,2026-09-19 - Thứ 7,656,99.24%,80.49%,1.07%,9.56,528,7,651,7,121,5,0.76%,18.44%,656,Ninh Thuận,NTB,AM D.Long
NTB - Ninh Thuận,(NTH) Phước Dinh,Hàng Mới Ca 1,2026-10-04 - Chủ Nhật,989,87.56%,69.46%,2.33%,9.7,687,23,866,23,279,123,12.44%,28.21%,989,Ninh Thuận,NTB,AM D.Long
NTB - Ninh Thuận,(NTH) Phước Dinh,Hàng Mới Ca 1,2026-09-30 - Thứ 4,724,99.59%,79.28%,1.10%,8.74,574,8,721,8,142,3,0.41%,19.62%,724,Ninh Thuận,NTB,AM D.Long
NTB - Ninh Thuận,(NTH) Phước Dinh,Hàng Mới Ca 1,2026-09-17 - Thứ 5,640,99.53%,84.38%,0.94%,7.86,540,6,637,6,94,3,0.47%,14.68%,640,Ninh Thuận,NTB,AM D.Long
NTB - Ninh Thuận,(NTH) Phước Dinh,Hàng Mới Ca 1,2026-10-09 - Thứ 6,750,99.87%,78.53%,3.20%,9.61,589,24,749,24,137,1,0.13%,18.27%,750,Ninh Thuận,NTB,AM D.Long
NTB - Ninh Thuận,(NTH) Phước Dinh,Hàng Mới Ca 1,2026-09-26 - Thứ 7,606,99.01%,79.21%,1.98%,7.47,480,12,600,12,114,6,0.99%,18.81%,606,Ninh Thuận,NTB,AM D.Long
NTB - Ninh Thuận,(NTH) Phước Dinh,Hàng Mới Ca 1,2026-09-28 - Thứ 2,456,99.34%,81.58%,1.75%,6.08,372,8,453,8,76,3,0.66%,16.67%,456,Ninh Thuận,NTB,AM D.Long
NTB - Ninh Thuận,(NTH) Phước Dinh,Hàng Mới Ca 1,2026-10-07 - Thứ 4,994,99.70%,75.96%,2.62%,12.11,755,26,991,26,213,3,0.30%,21.42%,994,Ninh Thuận,NTB,AM D.Long
NTB - Ninh Thuận,(NTH) Phước Dinh,Hàng Mới Ca 1,2026-09-25 - Thứ 6,888,99.89%,79.50%,1.58%,11.33,706,14,887,14,168,1,0.11%,18.92%,888,Ninh Thuận,NTB,AM D.Long
NTB - Ninh Thuận,(NTH) Phước Dinh,Hàng Mới Ca 1,2026-09-13 - Chủ Nhật,768,99.61%,78.78%,0.91%,10.13,605,7,765,7,156,3,0.39%,20.31%,768,Ninh Thuận,NTB,AM D.Long
NTB - Ninh Thuận,(NTH) Phước Dinh,Hàng Mới Ca 1,2026-10-01 - Thứ 5,633,98.42%,79.15%,2.05%,7.34,501,13,623,13,119,10,1.58%,18.80%,633,Ninh Thuận,NTB,AM D.Long
NTB - Ninh Thuận,(NTH) Phước Dinh,Hàng Mới Ca 1,2026-09-22 - Thứ 3,430,99.30%,78.60%,2.79%,8.63,338,12,427,12,80,3,0.70%,18.61%,430,Ninh Thuận,NTB,AM D.Long
NTB - Ninh Thuận,(NTH) Phước Dinh,Hàng Mới Ca 1,2026-09-15 - Thứ 3,408,100.00%,81.86%,1.96%,6.6,334,8,408,8,66,0,0.00%,16.18%,408,Ninh Thuận,NTB,AM D.Long
NTB - Ninh Thuận,(NTH) Phước Dinh,Hàng Mới Ca 2,2026-09-16 - Thứ 4,289,12.46%,11.07%,0.00%,2.94,32,0,36,0,257,253,87.54%,88.93%,289,Ninh Thuận,NTB,AM D.Long
NTB - Ninh Thuận,(NTH) Phước Dinh,Hàng Mới Ca 2,2026-09-25 - Thứ 6,322,20.50%,16.15%,0.93%,10.52,52,3,66,3,267,256,79.50%,82.92%,322,Ninh Thuận,NTB,AM D.Long
NTB - Ninh Thuận,(NTH) Phước Dinh,Hàng Mới Ca 2,2026-09-27 - Chủ Nhật,275,25.82%,19.27%,0.73%,12.48,53,2,71,2,220,204,74.18%,80.00%,275,Ninh Thuận,NTB,AM D.Long
NTB - Ninh Thuận,(NTH) Phước Dinh,Hàng Mới Ca 2,2026-09-21 - Thứ 2,315,15.24%,11.75%,0.00%,1.94,37,0,48,0,278,267,84.76%,88.25%,315,Ninh Thuận,NTB,AM D.Long
NTB - Ninh Thuận,(NTH) Phước Dinh,Hàng Mới Ca 2,2026-09-20 - Chủ Nhật,229,13.10%,10.04%,0.00%,1.3,23,0,30,0,206,199,86.90%,89.96%,229,Ninh Thuận,NTB,AM D.Long
NTB - Ninh Thuận,(NTH) Phước Dinh,Hàng Mới Ca 2,2026-09-13 - Chủ Nhật,189,22.22%,18.52%,0.00%,2.44,35,0,42,0,154,147,77.78%,81.48%,189,Ninh Thuận,NTB,AM D.Long
NTB - Ninh Thuận,(NTH) Phước Dinh,Hàng Mới Ca 2,2026-10-06 - Thứ 3,325,19.08%,15.69%,0.31%,13.29,51,1,62,1,273,263,80.92%,84.00%,325,Ninh Thuận,NTB,AM D.Long
NTB - Ninh Thuận,(NTH) Phước Dinh,Hàng Mới Ca 2,2026-09-12 - Thứ 7,403,21.09%,14.89%,0.25%,2.81,60,1,85,1,342,318,78.91%,84.86%,403,Ninh Thuận,NTB,AM D.Long
NTB - Ninh Thuận,(NTH) Phước Dinh,Hàng Mới Ca 2,2026-09-23 - Thứ 4,75,25.33%,20.00%,2.67%,23.8,15,2,19,2,58,56,74.67%,77.33%,75,Ninh Thuận,NTB,AM D.Long
NTB - Ninh Thuận,(NTH) Phước Dinh,Hàng Mới Ca 2,2026-09-14 - Thứ 2,321,19.00%,15.89%,0.00%,2.67,51,0,61,0,270,260,81.00%,84.11%,321,Ninh Thuận,NTB,AM D.Long
NTB - Ninh Thuận,(NTH) Phước Dinh,Hàng Mới Ca 2,2026-10-02 - Thứ 6,261,22.22%,18.39%,0.77%,14,48,2,58,2,211,203,77.78%,80.84%,261,Ninh Thuận,NTB,AM D.Long
NTB - Ninh Thuận,(NTH) Phước Dinh,Hàng Mới Ca 2,2026-09-29 - Thứ 3,257,24.12%,21.40%,0.00%,9.63,55,0,62,0,202,195,75.88%,78.60%,257,Ninh Thuận,NTB,AM D.Long
NTB - Ninh Thuận,(NTH) Phước Dinh,Hàng Mới Ca 2,2026-10-08 - Thứ 5,236,14.41%,12.29%,0.85%,10.1,29,2,34,2,205,202,85.59%,86.86%,236,Ninh Thuận,NTB,AM D.Long
NTB - Ninh Thuận,(NTH) Phước Dinh,Hàng Mới Ca 2,2026-09-19 - Thứ 7,192,18.23%,15.63%,0.52%,1.57,30,1,35,1,161,157,81.77%,83.85%,192,Ninh Thuận,NTB,AM D.Long
NTB - Ninh Thuận,(NTH) Phước Dinh,Hàng Mới Ca 2,2026-10-04 - Chủ Nhật,331,20.24%,15.71%,0.00%,6.73,52,0,67,0,279,264,79.76%,84.29%,331,Ninh Thuận,NTB,AM D.Long
NTB - Ninh Thuận,(NTH) Phước Dinh,Hàng Mới Ca 2,2026-09-30 - Thứ 4,260,17.31%,14.23%,0.77%,11.72,37,2,45,2,221,215,82.69%,85.00%,260,Ninh Thuận,NTB,AM D.Long
NTB - Ninh Thuận,(NTH) Phước Dinh,Hàng Mới Ca 2,2026-09-17 - Thứ 5,206,12.14%,11.65%,0.00%,2.13,24,0,25,0,182,181,87.86%,88.35%,206,Ninh Thuận,NTB,AM D.Long
NTB - Ninh Thuận,(NTH) Phước Dinh,Hàng Mới Ca 2,2026-10-09 - Thứ 6,286,18.18%,14.69%,0.70%,14.55,42,2,52,2,242,234,81.82%,84.61%,286,Ninh Thuận,NTB,AM D.Long
NTB - Ninh Thuận,(NTH) Phước Dinh,Hàng Mới Ca 2,2026-09-26 - Thứ 7,288,24.65%,17.71%,0.00%,12.14,51,0,71,0,237,217,75.35%,82.29%,288,Ninh Thuận,NTB,AM D.Long
NTB - Ninh Thuận,(NTH) Phước Dinh,Hàng Mới Ca 2,2026-10-07 - Thứ 4,220,24.55%,21.36%,1.36%,17.51,47,3,54,3,170,166,75.45%,77.28%,220,Ninh Thuận,NTB,AM D.Long
NTB - Ninh Thuận,(NTH) Phước Dinh,Hàng Mới Ca 2,2026-09-18 - Thứ 6,304,15.46%,12.17%,0.00%,2.22,37,0,47,0,267,257,84.54%,87.83%,304,Ninh Thuận,NTB,AM D.Long
NTB - Ninh Thuận,(NTH) Phước Dinh,Hàng Mới Ca 2,2026-09-24 - Thứ 5,262,17.56%,14.12%,0.38%,5.14,37,1,46,1,224,216,82.44%,85.50%,262,Ninh Thuận,NTB,AM D.Long
NTB - Ninh Thuận,(NTH) Phước Dinh,Hàng Mới Ca 2,2026-10-01 - Thứ 5,338,21.01%,16.57%,0.59%,10.57,56,2,71,2,280,267,78.99%,82.84%,338,Ninh Thuận,NTB,AM D.Long
NTB - Ninh Thuận,(NTH) Phước Dinh,Hàng Mới Ca 2,2026-09-22 - Thứ 3,242,16.53%,15.29%,0.00%,1.81,37,0,40,0,205,202,83.47%,84.71%,242,Ninh Thuận,NTB,AM D.Long
NTB - Ninh Thuận,(NTH) Phước Dinh,Hàng Mới Ca 2,2026-09-15 - Thứ 3,262,18.32%,16.03%,0.38%,2.17,42,1,48,1,219,214,81.68%,83.59%,262,Ninh Thuận,NTB,AM D.Long
NTB - Ninh Thuận,(NTH) Phước Dinh,Hàng Mới Ca 2,2026-10-03 - Thứ 7,217,17.97%,16.59%,0.46%,12.56,36,1,39,1,180,178,82.03%,82.95%,217,Ninh Thuận,NTB,AM D.Long
NTB - Ninh Thuận,(NTH) Phước Dinh,Hàng Mới Ca 2,2026-10-05 - Thứ 2,402,19.65%,16.17%,0.25%,10.25,65,1,79,1,336,323,80.35%,83.58%,402,Ninh Thuận,NTB,AM D.Long
NTB - Ninh Thuận,(NTH) Phước Dinh,Hàng Mới Ca 2,2026-09-28 - Thứ 2,271,24.35%,17.71%,0.74%,8.44,48,2,66,2,221,205,75.65%,81.55%,271,Ninh Thuận,NTB,AM D.Long
NTB - Ninh Thuận,(NTH) Phước Dinh,Hàng Tồn,2026-09-18 - Thứ 6,453,95.81%,50.99%,10.38%,31.61,231,47,434,47,175,19,4.19%,38.63%,0,Ninh Thuận,NTB,AM D.Long
NTB - Ninh Thuận,(NTH) Phước Dinh,Hàng Tồn,2026-09-27 - Chủ Nhật,567,97.00%,52.03%,8.82%,30.67,295,50,550,50,222,17,3.00%,39.15%,0,Ninh Thuận,NTB,AM D.Long
NTB - Ninh Thuận,(NTH) Phước Dinh,Hàng Tồn,2026-09-21 - Thứ 2,568,96.48%,52.82%,8.80%,31.6,300,50,548,50,218,20,3.52%,38.38%,0,Ninh Thuận,NTB,AM D.Long
NTB - Ninh Thuận,(NTH) Phước Dinh,Hàng Tồn,2026-09-20 - Chủ Nhật,493,89.45%,43.20%,8.52%,32.03,213,42,441,42,238,52,10.55%,48.28%,0,Ninh Thuận,NTB,AM D.Long
NTB - Ninh Thuận,(NTH) Phước Dinh,Hàng Tồn,2026-09-13 - Chủ Nhật,655,98.32%,59.08%,6.41%,29.72,387,42,644,42,226,11,1.68%,34.51%,0,Ninh Thuận,NTB,AM D.Long
NTB - Ninh Thuận,(NTH) Phước Dinh,Hàng Tồn,2026-09-24 - Thứ 5,378,97.35%,43.65%,8.47%,35.93,165,32,368,32,181,10,2.65%,47.88%,0,Ninh Thuận,NTB,AM D.Long
NTB - Ninh Thuận,(NTH) Phước Dinh,Hàng Tồn,2026-10-06 - Thứ 3,813,96.68%,54.37%,6.40%,34.73,442,52,786,52,319,27,3.32%,39.23%,0,Ninh Thuận,NTB,AM D.Long
NTB - Ninh Thuận,(NTH) Phước Dinh,Hàng Tồn,2026-10-01 - Thứ 5,514,97.28%,53.31%,5.25%,31.95,274,27,500,27,213,14,2.72%,41.44%,0,Ninh Thuận,NTB,AM D.Long
NTB - Ninh Thuận,(NTH) Phước Dinh,Hàng Tồn,2026-09-12 - Thứ 7,555,98.92%,48.65%,10.81%,31.32,270,60,549,60,225,6,1.08%,40.54%,0,Ninh Thuận,NTB,AM D.Long
NTB - Ninh Thuận,(NTH) Phước Dinh,Hàng Tồn,2026-10-05 - Thứ 2,832,97.12%,47.00%,7.57%,32.83,391,63,808,63,378,24,2.88%,45.43%,0,Ninh Thuận,NTB,AM D.Long
NTB - Ninh Thuận,(NTH) Phước Dinh,Hàng Tồn,2026-09-22 - Thứ 3,550,94.18%,53.82%,8.00%,29.93,296,44,518,44,210,32,5.82%,38.18%,0,Ninh Thuận,NTB,AM D.Long
NTB - Ninh Thuận,(NTH) Phước Dinh,Hàng Tồn,2026-09-23 - Thứ 4,436,96.79%,48.17%,9.40%,30.96,210,41,422,41,185,14,3.21%,42.43%,0,Ninh Thuận,NTB,AM D.Long
NTB - Ninh Thuận,(NTH) Phước Dinh,Hàng Tồn,2026-09-14 - Thứ 2,507,97.44%,50.10%,8.88%,33.13,254,45,494,45,208,13,2.56%,41.02%,0,Ninh Thuận,NTB,AM D.Long
NTB - Ninh Thuận,(NTH) Phước Dinh,Hàng Tồn,2026-10-02 - Thứ 6,574,96.86%,52.26%,6.79%,30.1,300,39,556,39,235,18,3.14%,40.95%,0,Ninh Thuận,NTB,AM D.Long
NTB - Ninh Thuận,(NTH) Phước Dinh,Hàng Tồn,2026-09-29 - Thứ 3,479,92.48%,55.74%,6.89%,32.86,267,33,443,33,179,36,7.52%,37.37%,0,Ninh Thuận,NTB,AM D.Long
NTB - Ninh Thuận,(NTH) Phước Dinh,Hàng Tồn,2026-10-08 - Thứ 5,556,97.12%,46.04%,5.76%,37.24,256,32,540,32,268,16,2.88%,48.20%,0,Ninh Thuận,NTB,AM D.Long
NTB - Ninh Thuận,(NTH) Phước Dinh,Hàng Tồn,2026-09-19 - Thứ 7,584,98.12%,53.60%,6.34%,29.98,313,37,573,37,234,11,1.88%,40.06%,0,Ninh Thuận,NTB,AM D.Long
NTB - Ninh Thuận,(NTH) Phước Dinh,Hàng Tồn,2026-09-30 - Thứ 4,426,96.71%,49.30%,7.51%,26.6,210,32,412,32,184,14,3.29%,43.19%,0,Ninh Thuận,NTB,AM D.Long
NTB - Ninh Thuận,(NTH) Phước Dinh,Hàng Tồn,2026-09-17 - Thứ 5,595,97.82%,60.00%,6.55%,30.17,357,39,582,39,199,13,2.18%,33.45%,0,Ninh Thuận,NTB,AM D.Long
NTB - Ninh Thuận,(NTH) Phước Dinh,Hàng Tồn,2026-10-09 - Thứ 6,664,96.69%,48.04%,9.64%,32.94,319,64,642,64,281,22,3.31%,42.32%,0,Ninh Thuận,NTB,AM D.Long
NTB - Ninh Thuận,(NTH) Phước Dinh,Hàng Tồn,2026-09-26 - Thứ 7,623,93.42%,53.77%,5.46%,30.02,335,34,582,34,254,41,6.58%,40.77%,0,Ninh Thuận,NTB,AM D.Long
NTB - Ninh Thuận,(NTH) Phước Dinh,Hàng Tồn,2026-09-28 - Thứ 2,500,93.20%,50.80%,6.60%,31.09,254,33,466,33,213,34,6.80%,42.60%,0,Ninh Thuận,NTB,AM D.Long
NTB - Ninh Thuận,(NTH) Phước Dinh,Hàng Tồn,2026-10-07 - Thứ 4,581,96.90%,49.57%,10.33%,33.47,288,60,563,60,233,18,3.10%,40.10%,0,Ninh Thuận,NTB,AM D.Long
NTB - Ninh Thuận,(NTH) Phước Dinh,Hàng Tồn,2026-10-03 - Thứ 7,586,97.10%,50.68%,6.66%,33.56,297,39,569,39,250,17,2.90%,42.66%,0,Ninh Thuận,NTB,AM D.Long
NTB - Ninh Thuận,(NTH) Phước Dinh,Hàng Tồn,2026-09-16 - Thứ 4,472,97.46%,50.00%,7.20%,30.47,236,34,460,34,202,12,2.54%,42.80%,0,Ninh Thuận,NTB,AM D.Long
NTB - Ninh Thuận,(NTH) Phước Dinh,Hàng Tồn,2026-09-25 - Thứ 6,531,93.03%,51.98%,6.78%,30.77,276,36,494,36,219,37,6.97%,41.24%,0,Ninh Thuận,NTB,AM D.Long
NTB - Ninh Thuận,(NTH) Phước Dinh,Hàng Tồn,2026-09-15 - Thứ 3,598,98.49%,54.01%,8.03%,31.27,323,48,589,48,227,9,1.51%,37.96%,0,Ninh Thuận,NTB,AM D.Long
NTB - Ninh Thuận,(NTH) Phước Dinh,Hàng Tồn,2026-10-04 - Chủ Nhật,538,76.95%,38.10%,4.83%,32.99,205,26,414,26,307,124,23.05%,57.07%,0,Ninh Thuận,NTB,AM D.Long
NTB - Ninh Thuận,(NTH) Phan Rang,Hàng Mới Ca 1,2026-10-07 - Thứ 4,"1,000",99.40%,87.60%,0.90%,9.97,876,9,994,9,115,6,0.60%,11.50%,1000,Ninh Thuận,NTB,AM D.Long
NTB - Ninh Thuận,(NTH) Phan Rang,Hàng Mới Ca 1,2026-10-03 - Thứ 7,"1,105",99.64%,86.70%,1.90%,8.74,958,21,1101,21,126,4,0.36%,11.40%,1105,Ninh Thuận,NTB,AM D.Long
NTB - Ninh Thuận,(NTH) Phan Rang,Hàng Mới Ca 1,2026-09-16 - Thứ 4,"1,031",99.61%,84.87%,1.45%,9.75,875,15,1027,15,141,4,0.39%,13.68%,1031,Ninh Thuận,NTB,AM D.Long
NTB - Ninh Thuận,(NTH) Phan Rang,Hàng Mới Ca 1,2026-09-18 - Thứ 6,"1,084",99.63%,87.55%,0.92%,10.04,949,10,1080,10,125,4,0.37%,11.53%,1084,Ninh Thuận,NTB,AM D.Long
NTB - Ninh Thuận,(NTH) Phan Rang,Hàng Mới Ca 1,2026-09-27 - Chủ Nhật,922,98.92%,78.63%,2.28%,10.48,725,21,912,21,176,10,1.08%,19.09%,922,Ninh Thuận,NTB,AM D.Long
NTB - Ninh Thuận,(NTH) Phan Rang,Hàng Mới Ca 1,2026-09-20 - Chủ Nhật,"1,180",99.41%,82.37%,1.10%,8.03,972,13,1173,13,195,7,0.59%,16.53%,1180,Ninh Thuận,NTB,AM D.Long
NTB - Ninh Thuận,(NTH) Phan Rang,Hàng Mới Ca 1,2026-09-13 - Chủ Nhật,"1,130",99.12%,79.65%,1.77%,8.85,900,20,1120,20,210,10,0.88%,18.58%,1130,Ninh Thuận,NTB,AM D.Long
NTB - Ninh Thuận,(NTH) Phan Rang,Hàng Mới Ca 1,2026-09-24 - Thứ 5,"1,191",98.99%,85.47%,1.34%,9.66,1018,16,1179,16,157,12,1.01%,13.19%,1191,Ninh Thuận,NTB,AM D.Long
NTB - Ninh Thuận,(NTH) Phan Rang,Hàng Mới Ca 1,2026-10-06 - Thứ 3,678,99.85%,89.09%,1.18%,5.69,604,8,677,8,66,1,0.15%,9.73%,678,Ninh Thuận,NTB,AM D.Long
NTB - Ninh Thuận,(NTH) Phan Rang,Hàng Mới Ca 1,2026-10-01 - Thứ 5,952,99.79%,89.18%,1.05%,6.95,849,10,950,10,93,2,0.21%,9.77%,952,Ninh Thuận,NTB,AM D.Long
NTB - Ninh Thuận,(NTH) Phan Rang,Hàng Mới Ca 1,2026-09-12 - Thứ 7,"1,246",99.28%,86.44%,1.28%,9.17,1077,16,1237,16,153,9,0.72%,12.28%,1246,Ninh Thuận,NTB,AM D.Long
NTB - Ninh Thuận,(NTH) Phan Rang,Hàng Mới Ca 1,2026-10-05 - Thứ 2,850,99.18%,90.24%,1.29%,8.53,767,11,843,11,72,7,0.82%,8.47%,850,Ninh Thuận,NTB,AM D.Long
NTB - Ninh Thuận,(NTH) Phan Rang,Hàng Mới Ca 1,2026-09-23 - Thứ 4,"1,119",99.46%,83.74%,1.43%,11.25,937,16,1113,16,166,6,0.54%,14.83%,1119,Ninh Thuận,NTB,AM D.Long
NTB - Ninh Thuận,(NTH) Phan Rang,Hàng Mới Ca 1,2026-09-14 - Thứ 2,"1,164",99.57%,86.34%,1.46%,9.59,1005,17,1159,17,142,5,0.43%,12.20%,1164,Ninh Thuận,NTB,AM D.Long
NTB - Ninh Thuận,(NTH) Phan Rang,Hàng Mới Ca 1,2026-09-15 - Thứ 3,651,99.54%,86.02%,1.54%,8.3,560,10,648,10,81,3,0.46%,12.44%,651,Ninh Thuận,NTB,AM D.Long
NTB - Ninh Thuận,(NTH) Phan Rang,Hàng Mới Ca 1,2026-10-02 - Thứ 6,"1,087",100.00%,87.40%,1.20%,8.84,950,13,1087,13,124,0,0.00%,11.40%,1087,Ninh Thuận,NTB,AM D.Long
NTB - Ninh Thuận,(NTH) Phan Rang,Hàng Mới Ca 1,2026-09-29 - Thứ 3,716,99.86%,86.03%,1.40%,5.73,616,10,715,10,90,1,0.14%,12.57%,716,Ninh Thuận,NTB,AM D.Long
NTB - Ninh Thuận,(NTH) Phan Rang,Hàng Mới Ca 1,2026-10-08 - Thứ 5,"1,383",99.71%,88.29%,1.01%,9.04,1221,14,1379,14,148,4,0.29%,10.70%,1383,Ninh Thuận,NTB,AM D.Long
NTB - Ninh Thuận,(NTH) Phan Rang,Hàng Mới Ca 1,2026-09-19 - Thứ 7,"1,129",99.56%,85.65%,1.51%,8.93,967,17,1124,17,145,5,0.44%,12.84%,1129,Ninh Thuận,NTB,AM D.Long
NTB - Ninh Thuận,(NTH) Phan Rang,Hàng Mới Ca 1,2026-10-04 - Chủ Nhật,"1,250",99.60%,84.72%,1.92%,8.74,1059,24,1245,24,167,5,0.40%,13.36%,1250,Ninh Thuận,NTB,AM D.Long
NTB - Ninh Thuận,(NTH) Phan Rang,Hàng Mới Ca 1,2026-09-30 - Thứ 4,"1,021",99.90%,87.46%,1.37%,7.98,893,14,1020,14,114,1,0.10%,11.17%,1021,Ninh Thuận,NTB,AM D.Long
NTB - Ninh Thuận,(NTH) Phan Rang,Hàng Mới Ca 1,2026-09-17 - Thứ 5,978,99.49%,84.46%,0.92%,7.31,826,9,973,9,143,5,0.51%,14.62%,978,Ninh Thuận,NTB,AM D.Long
NTB - Ninh Thuận,(NTH) Phan Rang,Hàng Mới Ca 1,2026-10-09 - Thứ 6,"1,670",99.70%,89.52%,1.20%,8.81,1495,20,1665,20,155,5,0.30%,9.28%,1670,Ninh Thuận,NTB,AM D.Long
NTB - Ninh Thuận,(NTH) Phan Rang,Hàng Mới Ca 1,2026-09-26 - Thứ 7,856,100.00%,86.10%,2.22%,6.17,737,19,856,19,100,0,0.00%,11.68%,856,Ninh Thuận,NTB,AM D.Long
NTB - Ninh Thuận,(NTH) Phan Rang,Hàng Mới Ca 1,2026-09-28 - Thứ 2,619,99.84%,85.62%,1.78%,5.74,530,11,618,11,78,1,0.16%,12.60%,619,Ninh Thuận,NTB,AM D.Long
NTB - Ninh Thuận,(NTH) Phan Rang,Hàng Mới Ca 1,2026-09-25 - Thứ 6,"1,148",99.56%,85.89%,1.05%,10.06,986,12,1143,12,150,5,0.44%,13.06%,1148,Ninh Thuận,NTB,AM D.Long
NTB - Ninh Thuận,(NTH) Phan Rang,Hàng Mới Ca 1,2026-09-21 - Thứ 2,839,99.52%,85.58%,1.67%,10.33,718,14,835,14,107,4,0.48%,12.75%,839,Ninh Thuận,NTB,AM D.Long
NTB - Ninh Thuận,(NTH) Phan Rang,Hàng Mới Ca 1,2026-09-22 - Thứ 3,657,99.70%,87.06%,1.98%,8.22,572,13,655,13,72,2,0.30%,10.96%,657,Ninh Thuận,NTB,AM D.Long
NTB - Ninh Thuận,(NTH) Phan Rang,Hàng Mới Ca 2,2026-10-03 - Thứ 7,537,94.41%,80.82%,0.93%,4.35,434,5,507,5,98,30,5.59%,18.25%,537,Ninh Thuận,NTB,AM D.Long
NTB - Ninh Thuận,(NTH) Phan Rang,Hàng Mới Ca 2,2026-09-16 - Thứ 4,511,82.58%,66.14%,1.17%,2.66,338,6,422,6,167,89,17.42%,32.69%,511,Ninh Thuận,NTB,AM D.Long
NTB - Ninh Thuận,(NTH) Phan Rang,Hàng Mới Ca 2,2026-09-18 - Thứ 6,448,73.88%,64.73%,1.56%,2.23,290,7,331,7,151,117,26.12%,33.71%,448,Ninh Thuận,NTB,AM D.Long
NTB - Ninh Thuận,(NTH) Phan Rang,Hàng Mới Ca 2,2026-09-21 - Thứ 2,527,80.08%,66.79%,0.57%,2.2,352,3,422,3,172,105,19.92%,32.64%,527,Ninh Thuận,NTB,AM D.Long
NTB - Ninh Thuận,(NTH) Phan Rang,Hàng Mới Ca 2,2026-09-20 - Chủ Nhật,316,68.04%,56.96%,0.63%,1.63,180,2,215,2,134,101,31.96%,42.41%,316,Ninh Thuận,NTB,AM D.Long
NTB - Ninh Thuận,(NTH) Phan Rang,Hàng Mới Ca 2,2026-09-13 - Chủ Nhật,343,73.18%,59.18%,1.17%,1.85,203,4,251,4,136,92,26.82%,39.65%,343,Ninh Thuận,NTB,AM D.Long
NTB - Ninh Thuận,(NTH) Phan Rang,Hàng Mới Ca 2,2026-10-01 - Thứ 5,660,92.58%,78.94%,1.97%,4.47,521,13,611,13,126,49,7.42%,19.09%,660,Ninh Thuận,NTB,AM D.Long
NTB - Ninh Thuận,(NTH) Phan Rang,Hàng Mới Ca 2,2026-10-05 - Thứ 2,659,93.78%,77.85%,0.91%,4.87,513,6,618,6,140,41,6.22%,21.24%,659,Ninh Thuận,NTB,AM D.Long
NTB - Ninh Thuận,(NTH) Phan Rang,Hàng Mới Ca 2,2026-09-14 - Thứ 2,399,74.44%,61.15%,1.75%,2.32,244,7,297,7,148,102,25.56%,37.10%,399,Ninh Thuận,NTB,AM D.Long
NTB - Ninh Thuận,(NTH) Phan Rang,Hàng Mới Ca 2,2026-10-02 - Thứ 6,497,95.77%,82.29%,1.21%,6.52,409,6,476,6,82,21,4.23%,16.50%,497,Ninh Thuận,NTB,AM D.Long
NTB - Ninh Thuận,(NTH) Phan Rang,Hàng Mới Ca 2,2026-10-08 - Thứ 5,87,97.70%,81.61%,0.00%,24.73,71,0,85,0,16,2,2.30%,18.39%,87,Ninh Thuận,NTB,AM D.Long
NTB - Ninh Thuận,(NTH) Phan Rang,Hàng Mới Ca 2,2026-09-19 - Thứ 7,411,78.83%,66.91%,1.70%,1.59,275,7,324,7,129,87,21.17%,31.39%,411,Ninh Thuận,NTB,AM D.Long
NTB - Ninh Thuận,(NTH) Phan Rang,Hàng Mới Ca 2,2026-10-04 - Chủ Nhật,583,73.07%,61.75%,0.51%,5.38,360,3,426,3,220,157,26.93%,37.74%,583,Ninh Thuận,NTB,AM D.Long
NTB - Ninh Thuận,(NTH) Phan Rang,Hàng Mới Ca 2,2026-09-17 - Thứ 5,470,73.62%,62.34%,1.06%,2.15,293,5,346,5,172,124,26.38%,36.60%,470,Ninh Thuận,NTB,AM D.Long
NTB - Ninh Thuận,(NTH) Phan Rang,Hàng Mới Ca 2,2026-10-09 - Thứ 6,654,92.66%,79.05%,0.46%,2.81,517,3,606,3,134,48,7.34%,20.49%,654,Ninh Thuận,NTB,AM D.Long
NTB - Ninh Thuận,(NTH) Phan Rang,Hàng Mới Ca 2,2026-09-26 - Thứ 7,539,85.90%,71.06%,1.30%,5.65,383,7,463,7,149,76,14.10%,27.64%,539,Ninh Thuận,NTB,AM D.Long
NTB - Ninh Thuận,(NTH) Phan Rang,Hàng Mới Ca 2,2026-09-28 - Thứ 2,388,92.27%,78.87%,1.03%,5.8,306,4,358,4,78,30,7.73%,20.10%,388,Ninh Thuận,NTB,AM D.Long
NTB - Ninh Thuận,(NTH) Phan Rang,Hàng Mới Ca 2,2026-09-25 - Thứ 6,574,83.80%,71.08%,2.79%,6.58,408,16,481,16,150,93,16.20%,26.13%,574,Ninh Thuận,NTB,AM D.Long
NTB - Ninh Thuận,(NTH) Phan Rang,Hàng Mới Ca 2,2026-09-27 - Chủ Nhật,595,91.26%,69.08%,1.18%,6.14,411,7,543,7,177,52,8.74%,29.74%,595,Ninh Thuận,NTB,AM D.Long
NTB - Ninh Thuận,(NTH) Phan Rang,Hàng Mới Ca 2,2026-10-06 - Thứ 3,543,95.03%,83.61%,2.03%,5.7,454,11,516,11,78,27,4.97%,14.36%,543,Ninh Thuận,NTB,AM D.Long
NTB - Ninh Thuận,(NTH) Phan Rang,Hàng Mới Ca 2,2026-10-07 - Thứ 4,575,93.91%,76.70%,1.74%,4.83,441,10,540,10,124,35,6.09%,21.56%,575,Ninh Thuận,NTB,AM D.Long
NTB - Ninh Thuận,(NTH) Phan Rang,Hàng Mới Ca 2,2026-09-24 - Thứ 5,571,82.14%,67.95%,1.23%,5.76,388,7,469,7,176,102,17.86%,30.82%,571,Ninh Thuận,NTB,AM D.Long
NTB - Ninh Thuận,(NTH) Phan Rang,Hàng Mới Ca 2,2026-09-12 - Thứ 7,541,77.82%,66.17%,1.11%,2.51,358,6,421,6,177,120,22.18%,32.72%,541,Ninh Thuận,NTB,AM D.Long
NTB - Ninh Thuận,(NTH) Phan Rang,Hàng Mới Ca 2,2026-09-22 - Thứ 3,433,77.14%,65.59%,1.15%,2.21,284,5,334,5,144,99,22.86%,33.26%,433,Ninh Thuận,NTB,AM D.Long
NTB - Ninh Thuận,(NTH) Phan Rang,Hàng Mới Ca 2,2026-09-23 - Thứ 4,460,87.83%,71.09%,1.96%,6.83,327,9,404,9,124,56,12.17%,26.95%,460,Ninh Thuận,NTB,AM D.Long
NTB - Ninh Thuận,(NTH) Phan Rang,Hàng Mới Ca 2,2026-09-15 - Thứ 3,526,76.43%,63.50%,1.71%,2.15,334,9,402,9,183,124,23.57%,34.79%,526,Ninh Thuận,NTB,AM D.Long
NTB - Ninh Thuận,(NTH) Phan Rang,Hàng Mới Ca 2,2026-09-29 - Thứ 3,462,94.16%,81.39%,0.43%,4.7,376,2,435,2,84,27,5.84%,18.18%,462,Ninh Thuận,NTB,AM D.Long
NTB - Ninh Thuận,(NTH) Phan Rang,Hàng Mới Ca 2,2026-09-30 - Thứ 4,418,94.26%,79.90%,1.67%,5.56,334,7,394,7,77,24,5.74%,18.43%,418,Ninh Thuận,NTB,AM D.Long
NTB - Ninh Thuận,(NTH) Phan Rang,Hàng Tồn,2026-10-07 - Thứ 4,262,95.42%,37.79%,6.49%,41.27,99,17,250,17,146,12,4.58%,55.72%,0,Ninh Thuận,NTB,AM D.Long
NTB - Ninh Thuận,(NTH) Phan Rang,Hàng Tồn,2026-10-03 - Thứ 7,338,97.34%,40.24%,11.54%,36.85,136,39,329,39,163,9,2.66%,48.22%,0,Ninh Thuận,NTB,AM D.Long
NTB - Ninh Thuận,(NTH) Phan Rang,Hàng Tồn,2026-09-16 - Thứ 4,413,96.61%,44.07%,7.99%,31.11,182,33,399,33,198,14,3.39%,47.94%,0,Ninh Thuận,NTB,AM D.Long
NTB - Ninh Thuận,(NTH) Phan Rang,Hàng Tồn,2026-09-25 - Thứ 6,476,98.32%,43.70%,10.08%,33.23,208,48,468,48,220,8,1.68%,46.22%,0,Ninh Thuận,NTB,AM D.Long
NTB - Ninh Thuận,(NTH) Phan Rang,Hàng Tồn,2026-09-27 - Chủ Nhật,410,95.61%,34.88%,9.02%,35.94,143,37,392,37,230,18,4.39%,56.10%,0,Ninh Thuận,NTB,AM D.Long
NTB - Ninh Thuận,(NTH) Phan Rang,Hàng Tồn,2026-09-20 - Chủ Nhật,395,96.46%,44.81%,10.13%,35.73,177,40,381,40,178,14,3.54%,45.06%,0,Ninh Thuận,NTB,AM D.Long
NTB - Ninh Thuận,(NTH) Phan Rang,Hàng Tồn,2026-09-13 - Chủ Nhật,463,97.19%,46.65%,7.56%,33.09,216,35,450,35,212,13,2.81%,45.79%,0,Ninh Thuận,NTB,AM D.Long
NTB - Ninh Thuận,(NTH) Phan Rang,Hàng Tồn,2026-09-24 - Thứ 5,404,98.02%,47.52%,7.67%,34.5,192,31,396,31,181,8,1.98%,44.81%,0,Ninh Thuận,NTB,AM D.Long
NTB - Ninh Thuận,(NTH) Phan Rang,Hàng Tồn,2026-10-01 - Thứ 5,299,93.65%,36.79%,7.69%,33.68,110,23,280,23,166,19,6.35%,55.52%,0,Ninh Thuận,NTB,AM D.Long
NTB - Ninh Thuận,(NTH) Phan Rang,Hàng Tồn,2026-09-12 - Thứ 7,436,95.87%,45.18%,7.34%,35.59,197,32,418,32,207,18,4.13%,47.48%,0,Ninh Thuận,NTB,AM D.Long
NTB - Ninh Thuận,(NTH) Phan Rang,Hàng Tồn,2026-10-05 - Thứ 2,531,97.93%,64.03%,8.10%,32.52,340,43,520,43,148,11,2.07%,27.87%,0,Ninh Thuận,NTB,AM D.Long
NTB - Ninh Thuận,(NTH) Phan Rang,Hàng Tồn,2026-09-22 - Thứ 3,425,98.12%,51.29%,7.76%,35.73,218,33,417,33,174,8,1.88%,40.95%,0,Ninh Thuận,NTB,AM D.Long
NTB - Ninh Thuận,(NTH) Phan Rang,Hàng Tồn,2026-09-23 - Thứ 4,282,97.16%,34.75%,10.28%,39.79,98,29,274,29,155,8,2.84%,54.97%,0,Ninh Thuận,NTB,AM D.Long
NTB - Ninh Thuận,(NTH) Phan Rang,Hàng Tồn,2026-09-14 - Thứ 2,543,97.97%,56.91%,4.79%,36.67,309,26,532,26,208,11,2.03%,38.30%,0,Ninh Thuận,NTB,AM D.Long
NTB - Ninh Thuận,(NTH) Phan Rang,Hàng Tồn,2026-09-15 - Thứ 3,462,96.54%,51.73%,5.63%,35.39,239,26,446,26,197,16,3.46%,42.64%,0,Ninh Thuận,NTB,AM D.Long
NTB - Ninh Thuận,(NTH) Phan Rang,Hàng Tồn,2026-09-29 - Thứ 3,319,94.67%,38.87%,8.46%,36.99,124,27,302,27,168,17,5.33%,52.67%,0,Ninh Thuận,NTB,AM D.Long
NTB - Ninh Thuận,(NTH) Phan Rang,Hàng Tồn,2026-10-08 - Thứ 5,345,97.10%,39.71%,10.72%,35.22,137,37,335,37,171,10,2.90%,49.57%,0,Ninh Thuận,NTB,AM D.Long
NTB - Ninh Thuận,(NTH) Phan Rang,Hàng Tồn,2026-09-19 - Thứ 7,408,97.06%,46.81%,8.33%,32.62,191,34,396,34,183,12,2.94%,44.86%,0,Ninh Thuận,NTB,AM D.Long
NTB - Ninh Thuận,(NTH) Phan Rang,Hàng Tồn,2026-10-04 - Chủ Nhật,331,95.47%,39.27%,6.34%,35.75,130,21,316,21,180,15,4.53%,54.39%,0,Ninh Thuận,NTB,AM D.Long
NTB - Ninh Thuận,(NTH) Phan Rang,Hàng Tồn,2026-09-17 - Thứ 5,465,96.99%,49.46%,6.45%,35.57,230,30,451,30,205,14,3.01%,44.09%,0,Ninh Thuận,NTB,AM D.Long
NTB - Ninh Thuận,(NTH) Phan Rang,Hàng Tồn,2026-10-09 - Thứ 6,299,97.32%,33.11%,9.03%,44.84,99,27,291,27,173,8,2.68%,57.86%,0,Ninh Thuận,NTB,AM D.Long
NTB - Ninh Thuận,(NTH) Phan Rang,Hàng Tồn,2026-09-26 - Thứ 7,465,97.85%,45.81%,7.53%,35.74,213,35,455,35,217,10,2.15%,46.66%,0,Ninh Thuận,NTB,AM D.Long
NTB - Ninh Thuận,(NTH) Phan Rang,Hàng Tồn,2026-09-28 - Thứ 2,558,96.95%,58.42%,6.27%,39.59,326,35,541,35,197,17,3.05%,35.31%,0,Ninh Thuận,NTB,AM D.Long
NTB - Ninh Thuận,(NTH) Phan Rang,Hàng Tồn,2026-09-21 - Thứ 2,504,97.42%,60.32%,3.57%,35.12,304,18,491,18,182,13,2.58%,36.11%,0,Ninh Thuận,NTB,AM D.Long
NTB - Ninh Thuận,(NTH) Phan Rang,Hàng Tồn,2026-10-06 - Thứ 3,315,96.51%,44.13%,10.79%,34.79,139,34,304,34,142,11,3.49%,45.08%,0,Ninh Thuận,NTB,AM D.Long
NTB - Ninh Thuận,(NTH) Phan Rang,Hàng Tồn,2026-10-02 - Thứ 6,354,96.05%,40.96%,10.17%,33.3,145,36,340,36,173,14,3.95%,48.87%,0,Ninh Thuận,NTB,AM D.Long
NTB - Ninh Thuận,(NTH) Phan Rang,Hàng Tồn,2026-09-30 - Thứ 4,298,94.30%,39.26%,10.74%,38.55,117,32,281,32,149,17,5.70%,50.00%,0,Ninh Thuận,NTB,AM D.Long
NTB - Ninh Thuận,(NTH) Phan Rang,Hàng Tồn,2026-09-18 - Thứ 6,482,97.51%,54.56%,8.30%,33.25,263,40,470,40,179,12,2.49%,37.14%,0,Ninh Thuận,NTB,AM D.Long
NTB - Ninh Thuận,(NTH) Ninh Sơn,Hàng Mới Ca 1,2026-10-07 - Thứ 4,675,99.85%,77.04%,1.63%,13.86,520,11,674,11,144,1,0.15%,21.33%,675,Ninh Thuận,NTB,AM D.Long
NTB - Ninh Thuận,(NTH) Ninh Sơn,Hàng Mới Ca 1,2026-09-18 - Thứ 6,626,97.76%,74.76%,0.96%,12.69,468,6,612,6,152,14,2.24%,24.28%,626,Ninh Thuận,NTB,AM D.Long
NTB - Ninh Thuận,(NTH) Ninh Sơn,Hàng Mới Ca 1,2026-09-21 - Thứ 2,389,100.00%,73.52%,1.54%,8.87,286,6,389,6,97,0,0.00%,24.94%,389,Ninh Thuận,NTB,AM D.Long
NTB - Ninh Thuận,(NTH) Ninh Sơn,Hàng Mới Ca 1,2026-09-20 - Chủ Nhật,533,88.74%,65.48%,1.88%,10.87,349,10,473,10,174,60,11.26%,32.64%,533,Ninh Thuận,NTB,AM D.Long
NTB - Ninh Thuận,(NTH) Ninh Sơn,Hàng Mới Ca 1,2026-09-13 - Chủ Nhật,675,99.85%,66.22%,1.48%,13.68,447,10,674,10,218,1,0.15%,32.30%,675,Ninh Thuận,NTB,AM D.Long
NTB - Ninh Thuận,(NTH) Ninh Sơn,Hàng Mới Ca 1,2026-09-24 - Thứ 5,653,99.85%,78.56%,1.99%,10.84,513,13,652,13,127,1,0.15%,19.45%,653,Ninh Thuận,NTB,AM D.Long
NTB - Ninh Thuận,(NTH) Ninh Sơn,Hàng Mới Ca 1,2026-10-01 - Thứ 5,572,99.83%,66.61%,1.40%,12.2,381,8,571,8,183,1,0.17%,31.99%,572,Ninh Thuận,NTB,AM D.Long
NTB - Ninh Thuận,(NTH) Ninh Sơn,Hàng Mới Ca 1,2026-09-12 - Thứ 7,616,95.78%,73.05%,0.65%,11.78,450,4,590,4,162,26,4.22%,26.30%,616,Ninh Thuận,NTB,AM D.Long
NTB - Ninh Thuận,(NTH) Ninh Sơn,Hàng Mới Ca 1,2026-10-05 - Thứ 2,617,99.84%,76.99%,1.30%,14.97,475,8,616,8,134,1,0.16%,21.71%,617,Ninh Thuận,NTB,AM D.Long
NTB - Ninh Thuận,(NTH) Ninh Sơn,Hàng Mới Ca 1,2026-09-22 - Thứ 3,449,96.44%,74.61%,0.89%,10.45,335,4,433,4,110,16,3.56%,24.50%,449,Ninh Thuận,NTB,AM D.Long
NTB - Ninh Thuận,(NTH) Ninh Sơn,Hàng Mới Ca 1,2026-09-23 - Thứ 4,495,99.60%,81.41%,0.20%,11.14,403,1,493,1,91,2,0.40%,18.39%,495,Ninh Thuận,NTB,AM D.Long
NTB - Ninh Thuận,(NTH) Ninh Sơn,Hàng Mới Ca 1,2026-09-14 - Thứ 2,633,99.84%,69.98%,1.26%,11.56,443,8,632,8,182,1,0.16%,28.76%,633,Ninh Thuận,NTB,AM D.Long
NTB - Ninh Thuận,(NTH) Ninh Sơn,Hàng Mới Ca 1,2026-09-15 - Thứ 3,429,99.07%,52.45%,0.70%,12.18,225,3,425,3,201,4,0.93%,46.85%,429,Ninh Thuận,NTB,AM D.Long
NTB - Ninh Thuận,(NTH) Ninh Sơn,Hàng Mới Ca 1,2026-10-02 - Thứ 6,684,83.33%,64.91%,1.90%,14.96,444,13,570,13,227,114,16.67%,33.19%,684,Ninh Thuận,NTB,AM D.Long
NTB - Ninh Thuận,(NTH) Ninh Sơn,Hàng Mới Ca 1,2026-09-29 - Thứ 3,416,99.76%,68.27%,0.72%,10.95,284,3,415,3,129,1,0.24%,31.01%,416,Ninh Thuận,NTB,AM D.Long
NTB - Ninh Thuận,(NTH) Ninh Sơn,Hàng Mới Ca 1,2026-10-08 - Thứ 5,829,99.76%,81.30%,0.60%,12.27,674,5,827,5,150,2,0.24%,18.10%,829,Ninh Thuận,NTB,AM D.Long
NTB - Ninh Thuận,(NTH) Ninh Sơn,Hàng Mới Ca 1,2026-09-19 - Thứ 7,651,93.55%,55.91%,1.08%,12.28,364,7,609,7,280,42,6.45%,43.01%,651,Ninh Thuận,NTB,AM D.Long
NTB - Ninh Thuận,(NTH) Ninh Sơn,Hàng Mới Ca 1,2026-10-04 - Chủ Nhật,666,87.24%,66.22%,0.75%,13.25,441,5,581,5,220,85,12.76%,33.03%,666,Ninh Thuận,NTB,AM D.Long
NTB - Ninh Thuận,(NTH) Ninh Sơn,Hàng Mới Ca 1,2026-09-30 - Thứ 4,546,99.82%,74.54%,0.37%,13.95,407,2,545,2,137,1,0.18%,25.09%,546,Ninh Thuận,NTB,AM D.Long
NTB - Ninh Thuận,(NTH) Ninh Sơn,Hàng Mới Ca 1,2026-09-17 - Thứ 5,583,95.20%,63.12%,1.54%,12.27,368,9,555,9,206,28,4.80%,35.34%,583,Ninh Thuận,NTB,AM D.Long
NTB - Ninh Thuận,(NTH) Ninh Sơn,Hàng Mới Ca 1,2026-10-09 - Thứ 6,569,92.79%,65.03%,1.41%,11.56,370,8,528,8,191,41,7.21%,33.56%,569,Ninh Thuận,NTB,AM D.Long
NTB - Ninh Thuận,(NTH) Ninh Sơn,Hàng Mới Ca 1,2026-09-26 - Thứ 7,518,99.61%,76.25%,0.58%,14.56,395,3,516,3,120,2,0.39%,23.17%,518,Ninh Thuận,NTB,AM D.Long
NTB - Ninh Thuận,(NTH) Ninh Sơn,Hàng Mới Ca 1,2026-09-28 - Thứ 2,535,91.21%,69.72%,0.56%,13.87,373,3,488,3,159,47,8.79%,29.72%,535,Ninh Thuận,NTB,AM D.Long
NTB - Ninh Thuận,(NTH) Ninh Sơn,Hàng Mới Ca 1,2026-10-03 - Thứ 7,573,89.01%,69.11%,0.52%,11.5,396,3,510,3,174,63,10.99%,30.37%,573,Ninh Thuận,NTB,AM D.Long
NTB - Ninh Thuận,(NTH) Ninh Sơn,Hàng Mới Ca 1,2026-09-16 - Thứ 4,629,99.52%,70.91%,1.43%,14.14,446,9,626,9,174,3,0.48%,27.66%,629,Ninh Thuận,NTB,AM D.Long
NTB - Ninh Thuận,(NTH) Ninh Sơn,Hàng Mới Ca 1,2026-09-25 - Thứ 6,649,95.07%,79.04%,1.23%,11.61,513,8,617,8,128,32,4.93%,19.73%,649,Ninh Thuận,NTB,AM D.Long
NTB - Ninh Thuận,(NTH) Ninh Sơn,Hàng Mới Ca 1,2026-10-06 - Thứ 3,396,89.65%,69.70%,1.01%,15.24,276,4,355,4,116,41,10.35%,29.29%,396,Ninh Thuận,NTB,AM D.Long
NTB - Ninh Thuận,(NTH) Ninh Sơn,Hàng Mới Ca 1,2026-09-27 - Chủ Nhật,558,95.88%,69.00%,0.72%,14.5,385,4,535,4,169,23,4.12%,30.28%,558,Ninh Thuận,NTB,AM D.Long
NTB - Ninh Thuận,(NTH) Ninh Sơn,Hàng Mới Ca 2,2026-09-21 - Thứ 2,2,0.00%,0.00%,0.00%,0,0,0,0,0,2,2,100.00%,100.00%,2,Ninh Thuận,NTB,AM D.Long
NTB - Ninh Thuận,(NTH) Ninh Sơn,Hàng Mới Ca 2,2026-09-18 - Thứ 6,1,0.00%,0.00%,0.00%,0,0,0,0,0,1,1,100.00%,100.00%,1,Ninh Thuận,NTB,AM D.Long
NTB - Ninh Thuận,(NTH) Ninh Sơn,Hàng Mới Ca 2,2026-09-12 - Thứ 7,1,0.00%,0.00%,0.00%,0,0,0,0,0,1,1,100.00%,100.00%,1,Ninh Thuận,NTB,AM D.Long
NTB - Ninh Thuận,(NTH) Ninh Sơn,Hàng Mới Ca 2,2026-10-06 - Thứ 3,1,100.00%,100.00%,0.00%,21,1,0,1,0,0,0,0.00%,0.00%,1,Ninh Thuận,NTB,AM D.Long
NTB - Ninh Thuận,(NTH) Ninh Sơn,Hàng Mới Ca 2,2026-09-29 - Thứ 3,1,0.00%,0.00%,0.00%,0,0,0,0,0,1,1,100.00%,100.00%,1,Ninh Thuận,NTB,AM D.Long
NTB - Ninh Thuận,(NTH) Ninh Sơn,Hàng Mới Ca 2,2026-09-16 - Thứ 4,1,0.00%,0.00%,0.00%,0,0,0,0,0,1,1,100.00%,100.00%,1,Ninh Thuận,NTB,AM D.Long
NTB - Ninh Thuận,(NTH) Ninh Sơn,Hàng Tồn,2026-10-03 - Thứ 7,404,86.39%,39.60%,6.68%,48.81,160,27,349,27,217,55,13.61%,53.72%,0,Ninh Thuận,NTB,AM D.Long
NTB - Ninh Thuận,(NTH) Ninh Sơn,Hàng Tồn,2026-09-16 - Thứ 4,341,98.53%,51.91%,6.74%,51.26,177,23,336,23,141,5,1.47%,41.35%,0,Ninh Thuận,NTB,AM D.Long
NTB - Ninh Thuận,(NTH) Ninh Sơn,Hàng Tồn,2026-09-27 - Chủ Nhật,216,90.28%,33.80%,9.26%,52.7,73,20,195,20,123,21,9.72%,56.94%,0,Ninh Thuận,NTB,AM D.Long
NTB - Ninh Thuận,(NTH) Ninh Sơn,Hàng Tồn,2026-09-20 - Chủ Nhật,421,90.02%,39.67%,6.65%,46.27,167,28,379,28,226,42,9.98%,53.68%,0,Ninh Thuận,NTB,AM D.Long
NTB - Ninh Thuận,(NTH) Ninh Sơn,Hàng Tồn,2026-09-13 - Chủ Nhật,354,98.02%,35.59%,8.47%,53.23,126,30,347,30,198,7,1.98%,55.94%,0,Ninh Thuận,NTB,AM D.Long
NTB - Ninh Thuận,(NTH) Ninh Sơn,Hàng Tồn,2026-09-12 - Thứ 7,509,97.05%,52.65%,4.32%,49.16,268,22,494,22,219,15,2.95%,43.03%,0,Ninh Thuận,NTB,AM D.Long
NTB - Ninh Thuận,(NTH) Ninh Sơn,Hàng Tồn,2026-10-05 - Thứ 2,400,98.50%,44.75%,11.25%,51.79,179,45,394,45,176,6,1.50%,44.00%,0,Ninh Thuận,NTB,AM D.Long
NTB - Ninh Thuận,(NTH) Ninh Sơn,Hàng Tồn,2026-10-02 - Thứ 6,290,66.90%,23.10%,9.31%,54.83,67,27,194,27,196,96,33.10%,67.59%,0,Ninh Thuận,NTB,AM D.Long
NTB - Ninh Thuận,(NTH) Ninh Sơn,Hàng Tồn,2026-09-29 - Thứ 3,319,97.49%,31.03%,5.96%,51.47,99,19,311,19,201,8,2.51%,63.01%,0,Ninh Thuận,NTB,AM D.Long
NTB - Ninh Thuận,(NTH) Ninh Sơn,Hàng Tồn,2026-10-08 - Thứ 5,248,97.98%,43.15%,10.08%,59.22,107,25,243,25,116,5,2.02%,46.77%,0,Ninh Thuận,NTB,AM D.Long
NTB - Ninh Thuận,(NTH) Ninh Sơn,Hàng Tồn,2026-09-19 - Thứ 7,286,94.76%,34.27%,9.79%,49.65,98,28,271,28,160,15,5.24%,55.94%,0,Ninh Thuận,NTB,AM D.Long
NTB - Ninh Thuận,(NTH) Ninh Sơn,Hàng Tồn,2026-10-04 - Chủ Nhật,350,79.14%,39.71%,4.00%,51.97,139,14,277,14,197,73,20.86%,56.29%,0,Ninh Thuận,NTB,AM D.Long
NTB - Ninh Thuận,(NTH) Ninh Sơn,Hàng Tồn,2026-09-30 - Thứ 4,303,96.37%,36.96%,9.57%,64.47,112,29,292,29,162,11,3.63%,53.47%,0,Ninh Thuận,NTB,AM D.Long
NTB - Ninh Thuận,(NTH) Ninh Sơn,Hàng Tồn,2026-09-17 - Thứ 5,293,88.40%,42.32%,8.19%,47.36,124,24,259,24,145,34,11.60%,49.49%,0,Ninh Thuận,NTB,AM D.Long
NTB - Ninh Thuận,(NTH) Ninh Sơn,Hàng Tồn,2026-09-26 - Thứ 7,222,97.30%,36.49%,6.31%,51.87,81,14,216,14,127,6,2.70%,57.20%,0,Ninh Thuận,NTB,AM D.Long
NTB - Ninh Thuận,(NTH) Ninh Sơn,Hàng Tồn,2026-09-28 - Thứ 2,288,78.47%,30.56%,9.03%,54.31,88,26,226,26,174,62,21.53%,60.41%,0,Ninh Thuận,NTB,AM D.Long
NTB - Ninh Thuận,(NTH) Ninh Sơn,Hàng Tồn,2026-10-07 - Thứ 4,236,96.19%,34.32%,14.83%,49.86,81,35,227,35,120,9,3.81%,50.85%,0,Ninh Thuận,NTB,AM D.Long
NTB - Ninh Thuận,(NTH) Ninh Sơn,Hàng Tồn,2026-09-25 - Thứ 6,186,81.18%,32.26%,8.06%,45.46,60,15,151,15,111,35,18.82%,59.68%,0,Ninh Thuận,NTB,AM D.Long
NTB - Ninh Thuận,(NTH) Ninh Sơn,Hàng Tồn,2026-09-18 - Thứ 6,341,96.77%,49.27%,6.74%,45.3,168,23,330,23,150,11,3.23%,43.99%,0,Ninh Thuận,NTB,AM D.Long
NTB - Ninh Thuận,(NTH) Ninh Sơn,Hàng Tồn,2026-09-24 - Thứ 5,158,95.57%,41.14%,9.49%,47.55,65,15,151,15,78,7,4.43%,49.37%,0,Ninh Thuận,NTB,AM D.Long
NTB - Ninh Thuận,(NTH) Ninh Sơn,Hàng Tồn,2026-10-06 - Thứ 3,293,95.56%,43.00%,10.58%,55.74,126,31,280,31,136,13,4.44%,46.42%,0,Ninh Thuận,NTB,AM D.Long
NTB - Ninh Thuận,(NTH) Ninh Sơn,Hàng Tồn,2026-09-22 - Thứ 3,222,95.05%,40.09%,11.26%,53.71,89,25,211,25,108,11,4.95%,48.65%,0,Ninh Thuận,NTB,AM D.Long
NTB - Ninh Thuận,(NTH) Ninh Sơn,Hàng Tồn,2026-09-14 - Thứ 2,385,99.22%,44.68%,8.05%,50.34,172,31,382,31,182,3,0.78%,47.27%,0,Ninh Thuận,NTB,AM D.Long
NTB - Ninh Thuận,(NTH) Ninh Sơn,Hàng Tồn,2026-09-15 - Thứ 3,334,83.23%,41.32%,6.59%,44.88,138,22,278,22,174,56,16.77%,52.09%,0,Ninh Thuận,NTB,AM D.Long
NTB - Ninh Thuận,(NTH) Ninh Sơn,Hàng Tồn,2026-10-09 - Thứ 6,252,70.24%,28.57%,10.71%,43.15,72,27,177,27,153,75,29.76%,60.72%,0,Ninh Thuận,NTB,AM D.Long
NTB - Ninh Thuận,(NTH) Ninh Sơn,Hàng Tồn,2026-10-01 - Thứ 5,286,96.85%,44.41%,9.44%,56.93,127,27,277,27,132,9,3.15%,46.15%,0,Ninh Thuận,NTB,AM D.Long
NTB - Ninh Thuận,(NTH) Ninh Sơn,Hàng Tồn,2026-09-21 - Thứ 2,388,99.23%,54.38%,7.22%,50.98,211,28,385,28,149,3,0.77%,38.40%,0,Ninh Thuận,NTB,AM D.Long
NTB - Ninh Thuận,(NTH) Ninh Sơn,Hàng Tồn,2026-09-23 - Thứ 4,170,95.29%,37.65%,11.76%,55.32,64,20,162,20,86,8,4.71%,50.59%,0,Ninh Thuận,NTB,AM D.Long
NTB - Ninh Thuận,(NTH) Ninh Chử,Hàng Mới Ca 1,2026-10-07 - Thứ 4,662,99.70%,90.79%,0.45%,4.72,601,3,660,3,58,2,0.30%,8.76%,662,Ninh Thuận,NTB,AM D.Long
NTB - Ninh Thuận,(NTH) Ninh Chử,Hàng Mới Ca 1,2026-09-25 - Thứ 6,738,100.00%,89.43%,1.76%,5.3,660,13,738,13,65,0,0.00%,8.81%,738,Ninh Thuận,NTB,AM D.Long
NTB - Ninh Thuận,(NTH) Ninh Chử,Hàng Mới Ca 1,2026-09-18 - Thứ 6,556,99.64%,89.93%,1.08%,4.54,500,6,554,6,50,2,0.36%,8.99%,556,Ninh Thuận,NTB,AM D.Long
NTB - Ninh Thuận,(NTH) Ninh Chử,Hàng Mới Ca 1,2026-09-21 - Thứ 2,476,99.79%,91.39%,0.42%,5.41,435,2,475,2,39,1,0.21%,8.19%,476,Ninh Thuận,NTB,AM D.Long
NTB - Ninh Thuận,(NTH) Ninh Chử,Hàng Mới Ca 1,2026-09-20 - Chủ Nhật,580,99.31%,82.07%,0.86%,4.4,476,5,576,5,99,4,0.69%,17.07%,580,Ninh Thuận,NTB,AM D.Long
NTB - Ninh Thuận,(NTH) Ninh Chử,Hàng Mới Ca 1,2026-09-13 - Chủ Nhật,572,99.65%,87.06%,1.05%,6.27,498,6,570,6,68,2,0.35%,11.89%,572,Ninh Thuận,NTB,AM D.Long
NTB - Ninh Thuận,(NTH) Ninh Chử,Hàng Mới Ca 1,2026-09-24 - Thứ 5,580,99.83%,89.66%,0.86%,4.55,520,5,579,5,55,1,0.17%,9.48%,580,Ninh Thuận,NTB,AM D.Long
NTB - Ninh Thuận,(NTH) Ninh Chử,Hàng Mới Ca 1,2026-10-06 - Thứ 3,186,100.00%,88.71%,0.54%,4.88,165,1,186,1,20,0,0.00%,10.75%,186,Ninh Thuận,NTB,AM D.Long
NTB - Ninh Thuận,(NTH) Ninh Chử,Hàng Mới Ca 1,2026-09-12 - Thứ 7,743,99.46%,78.73%,0.94%,5.03,585,7,739,7,151,4,0.54%,20.33%,743,Ninh Thuận,NTB,AM D.Long
NTB - Ninh Thuận,(NTH) Ninh Chử,Hàng Mới Ca 1,2026-10-05 - Thứ 2,412,100.00%,89.32%,1.46%,4.31,368,6,412,6,38,0,0.00%,9.22%,412,Ninh Thuận,NTB,AM D.Long
NTB - Ninh Thuận,(NTH) Ninh Chử,Hàng Mới Ca 1,2026-09-23 - Thứ 4,668,99.85%,86.53%,0.75%,5.61,578,5,667,5,85,1,0.15%,12.72%,668,Ninh Thuận,NTB,AM D.Long
NTB - Ninh Thuận,(NTH) Ninh Chử,Hàng Mới Ca 1,2026-09-14 - Thứ 2,627,99.36%,87.08%,1.12%,4.91,546,7,623,7,74,4,0.64%,11.80%,627,Ninh Thuận,NTB,AM D.Long
NTB - Ninh Thuận,(NTH) Ninh Chử,Hàng Mới Ca 1,2026-10-02 - Thứ 6,548,99.45%,89.60%,1.64%,5.3,491,9,545,9,48,3,0.55%,8.76%,548,Ninh Thuận,NTB,AM D.Long
NTB - Ninh Thuận,(NTH) Ninh Chử,Hàng Mới Ca 1,2026-09-29 - Thứ 3,352,100.00%,92.90%,0.28%,4.85,327,1,352,1,24,0,0.00%,6.82%,352,Ninh Thuận,NTB,AM D.Long
NTB - Ninh Thuận,(NTH) Ninh Chử,Hàng Mới Ca 1,2026-10-08 - Thứ 5,785,99.62%,91.21%,0.89%,4.9,716,7,782,7,62,3,0.38%,7.90%,785,Ninh Thuận,NTB,AM D.Long
NTB - Ninh Thuận,(NTH) Ninh Chử,Hàng Mới Ca 1,2026-09-19 - Thứ 7,629,99.68%,86.80%,0.64%,5.47,546,4,627,4,79,2,0.32%,12.56%,629,Ninh Thuận,NTB,AM D.Long
NTB - Ninh Thuận,(NTH) Ninh Chử,Hàng Mới Ca 1,2026-10-04 - Chủ Nhật,624,100.00%,87.02%,1.76%,4.88,543,11,624,11,70,0,0.00%,11.22%,624,Ninh Thuận,NTB,AM D.Long
NTB - Ninh Thuận,(NTH) Ninh Chử,Hàng Mới Ca 1,2026-09-30 - Thứ 4,594,99.49%,89.90%,0.67%,4.4,534,4,591,4,56,3,0.51%,9.43%,594,Ninh Thuận,NTB,AM D.Long
NTB - Ninh Thuận,(NTH) Ninh Chử,Hàng Mới Ca 1,2026-09-17 - Thứ 5,656,99.85%,87.96%,0.76%,5.3,577,5,655,5,74,1,0.15%,11.28%,656,Ninh Thuận,NTB,AM D.Long
NTB - Ninh Thuận,(NTH) Ninh Chử,Hàng Mới Ca 1,2026-10-09 - Thứ 6,554,99.64%,89.35%,0.72%,4.4,495,4,552,4,55,2,0.36%,9.93%,554,Ninh Thuận,NTB,AM D.Long
NTB - Ninh Thuận,(NTH) Ninh Chử,Hàng Mới Ca 1,2026-09-26 - Thứ 7,419,99.76%,90.21%,0.95%,4.38,378,4,418,4,37,1,0.24%,8.84%,419,Ninh Thuận,NTB,AM D.Long
NTB - Ninh Thuận,(NTH) Ninh Chử,Hàng Mới Ca 1,2026-09-28 - Thứ 2,386,100.00%,89.12%,1.30%,5.28,344,5,386,5,37,0,0.00%,9.58%,386,Ninh Thuận,NTB,AM D.Long
NTB - Ninh Thuận,(NTH) Ninh Chử,Hàng Mới Ca 1,2026-10-03 - Thứ 7,536,99.63%,91.79%,0.75%,4.3,492,4,534,4,40,2,0.37%,7.46%,536,Ninh Thuận,NTB,AM D.Long
NTB - Ninh Thuận,(NTH) Ninh Chử,Hàng Mới Ca 1,2026-09-16 - Thứ 4,561,99.82%,90.20%,0.53%,4.25,506,3,560,3,52,1,0.18%,9.27%,561,Ninh Thuận,NTB,AM D.Long
NTB - Ninh Thuận,(NTH) Ninh Chử,Hàng Mới Ca 1,2026-09-27 - Chủ Nhật,469,99.79%,87.63%,0.85%,5.52,411,4,468,4,54,1,0.21%,11.52%,469,Ninh Thuận,NTB,AM D.Long
NTB - Ninh Thuận,(NTH) Ninh Chử,Hàng Mới Ca 1,2026-10-01 - Thứ 5,626,99.84%,80.67%,1.44%,4.93,505,9,625,9,112,1,0.16%,17.89%,626,Ninh Thuận,NTB,AM D.Long
NTB - Ninh Thuận,(NTH) Ninh Chử,Hàng Mới Ca 1,2026-09-22 - Thứ 3,438,100.00%,85.16%,1.83%,5.98,373,8,438,8,57,0,0.00%,13.01%,438,Ninh Thuận,NTB,AM D.Long
NTB - Ninh Thuận,(NTH) Ninh Chử,Hàng Mới Ca 1,2026-09-15 - Thứ 3,343,99.42%,88.92%,2.04%,3.97,305,7,341,7,31,2,0.58%,9.04%,343,Ninh Thuận,NTB,AM D.Long
NTB - Ninh Thuận,(NTH) Ninh Chử,Hàng Mới Ca 2,2026-09-25 - Thứ 6,264,36.74%,32.20%,0.00%,2.55,85,0,97,0,179,167,63.26%,67.80%,264,Ninh Thuận,NTB,AM D.Long
NTB - Ninh Thuận,(NTH) Ninh Chử,Hàng Mới Ca 2,2026-09-18 - Thứ 6,290,58.97%,52.76%,0.00%,2.22,153,0,171,0,137,119,41.03%,47.24%,290,Ninh Thuận,NTB,AM D.Long
NTB - Ninh Thuận,(NTH) Ninh Chử,Hàng Mới Ca 2,2026-09-21 - Thứ 2,203,53.69%,47.78%,0.49%,2.53,97,1,109,1,105,94,46.31%,51.73%,203,Ninh Thuận,NTB,AM D.Long
NTB - Ninh Thuận,(NTH) Ninh Chử,Hàng Mới Ca 2,2026-09-24 - Thứ 5,349,64.76%,59.60%,0.29%,2.51,208,1,226,1,140,123,35.24%,40.11%,349,Ninh Thuận,NTB,AM D.Long
NTB - Ninh Thuận,(NTH) Ninh Chử,Hàng Mới Ca 2,2026-10-01 - Thứ 5,391,52.94%,48.85%,0.26%,2.7,191,1,207,1,199,184,47.06%,50.89%,391,Ninh Thuận,NTB,AM D.Long
NTB - Ninh Thuận,(NTH) Ninh Chử,Hàng Mới Ca 2,2026-09-12 - Thứ 7,386,62.69%,54.66%,1.30%,3.03,211,5,242,5,170,144,37.31%,44.04%,386,Ninh Thuận,NTB,AM D.Long
NTB - Ninh Thuận,(NTH) Ninh Chử,Hàng Mới Ca 2,2026-10-05 - Thứ 2,373,64.08%,53.62%,0.80%,3.01,200,3,239,3,170,134,35.92%,45.58%,373,Ninh Thuận,NTB,AM D.Long
NTB - Ninh Thuận,(NTH) Ninh Chử,Hàng Mới Ca 2,2026-09-23 - Thứ 4,214,39.25%,35.51%,0.00%,2.51,76,0,84,0,138,130,60.75%,64.49%,214,Ninh Thuận,NTB,AM D.Long
NTB - Ninh Thuận,(NTH) Ninh Chử,Hàng Mới Ca 2,2026-09-14 - Thứ 2,253,60.08%,52.17%,0.79%,2.64,132,2,152,2,119,101,39.92%,47.04%,253,Ninh Thuận,NTB,AM D.Long
NTB - Ninh Thuận,(NTH) Ninh Chử,Hàng Mới Ca 2,2026-09-15 - Thứ 3,273,69.60%,62.27%,0.00%,2.25,170,0,190,0,103,83,30.40%,37.73%,273,Ninh Thuận,NTB,AM D.Long
NTB - Ninh Thuận,(NTH) Ninh Chử,Hàng Mới Ca 2,2026-10-02 - Thứ 6,262,62.60%,55.73%,0.00%,3.19,146,0,164,0,116,98,37.40%,44.27%,262,Ninh Thuận,NTB,AM D.Long
NTB - Ninh Thuận,(NTH) Ninh Chử,Hàng Mới Ca 2,2026-09-29 - Thứ 3,279,70.25%,60.22%,1.79%,2.04,168,5,196,5,106,83,29.75%,37.99%,279,Ninh Thuận,NTB,AM D.Long
NTB - Ninh Thuận,(NTH) Ninh Chử,Hàng Mới Ca 2,2026-10-08 - Thứ 5,266,66.17%,60.90%,0.00%,2.58,162,0,176,0,104,90,33.83%,39.10%,266,Ninh Thuận,NTB,AM D.Long
NTB - Ninh Thuận,(NTH) Ninh Chử,Hàng Mới Ca 2,2026-09-19 - Thứ 7,207,75.36%,67.15%,1.93%,2.28,139,4,156,4,64,51,24.64%,30.92%,207,Ninh Thuận,NTB,AM D.Long
NTB - Ninh Thuận,(NTH) Ninh Chử,Hàng Mới Ca 2,2026-10-04 - Chủ Nhật,314,50.64%,45.86%,0.32%,2.6,144,1,159,1,169,155,49.36%,53.82%,314,Ninh Thuận,NTB,AM D.Long
NTB - Ninh Thuận,(NTH) Ninh Chử,Hàng Mới Ca 2,2026-09-30 - Thứ 4,174,64.37%,53.45%,2.30%,2.19,93,4,112,4,77,62,35.63%,44.25%,174,Ninh Thuận,NTB,AM D.Long
NTB - Ninh Thuận,(NTH) Ninh Chử,Hàng Mới Ca 2,2026-09-17 - Thứ 5,213,65.73%,58.22%,0.00%,2.5,124,0,140,0,89,73,34.27%,41.78%,213,Ninh Thuận,NTB,AM D.Long
NTB - Ninh Thuận,(NTH) Ninh Chử,Hàng Mới Ca 2,2026-10-09 - Thứ 6,349,69.34%,62.75%,0.29%,2.58,219,1,242,1,129,107,30.66%,36.96%,349,Ninh Thuận,NTB,AM D.Long
NTB - Ninh Thuận,(NTH) Ninh Chử,Hàng Mới Ca 2,2026-09-28 - Thứ 2,202,79.21%,66.83%,0.50%,2.21,135,1,160,1,66,42,20.79%,32.67%,202,Ninh Thuận,NTB,AM D.Long
NTB - Ninh Thuận,(NTH) Ninh Chử,Hàng Mới Ca 2,2026-10-07 - Thứ 4,210,59.05%,51.43%,0.00%,2.77,108,0,124,0,102,86,40.95%,48.57%,210,Ninh Thuận,NTB,AM D.Long
NTB - Ninh Thuận,(NTH) Ninh Chử,Hàng Mới Ca 2,2026-10-03 - Thứ 7,344,70.35%,59.01%,1.74%,2.4,203,6,242,6,135,102,29.65%,39.25%,344,Ninh Thuận,NTB,AM D.Long
NTB - Ninh Thuận,(NTH) Ninh Chử,Hàng Mới Ca 2,2026-09-16 - Thứ 4,202,65.84%,51.98%,0.50%,2.61,105,1,133,1,96,69,34.16%,47.52%,202,Ninh Thuận,NTB,AM D.Long
NTB - Ninh Thuận,(NTH) Ninh Chử,Hàng Mới Ca 2,2026-09-27 - Chủ Nhật,251,55.38%,49.80%,0.00%,2.53,125,0,139,0,126,112,44.62%,50.20%,251,Ninh Thuận,NTB,AM D.Long
NTB - Ninh Thuận,(NTH) Ninh Chử,Hàng Mới Ca 2,2026-09-13 - Chủ Nhật,198,50.00%,42.93%,0.51%,1.54,85,1,99,1,112,99,50.00%,56.56%,198,Ninh Thuận,NTB,AM D.Long
NTB - Ninh Thuận,(NTH) Ninh Chử,Hàng Mới Ca 2,2026-09-22 - Thứ 3,196,46.43%,41.84%,0.51%,2.12,82,1,91,1,113,105,53.57%,57.65%,196,Ninh Thuận,NTB,AM D.Long
NTB - Ninh Thuận,(NTH) Ninh Chử,Hàng Mới Ca 2,2026-09-26 - Thứ 7,425,56.24%,49.88%,0.00%,2.82,212,0,239,0,213,186,43.76%,50.12%,425,Ninh Thuận,NTB,AM D.Long
NTB - Ninh Thuận,(NTH) Ninh Chử,Hàng Mới Ca 2,2026-10-06 - Thứ 3,475,62.95%,57.05%,0.63%,2.68,271,3,299,3,201,176,37.05%,42.32%,475,Ninh Thuận,NTB,AM D.Long
NTB - Ninh Thuận,(NTH) Ninh Chử,Hàng Mới Ca 2,2026-09-20 - Chủ Nhật,167,54.49%,50.90%,0.00%,2.08,85,0,91,0,82,76,45.51%,49.10%,167,Ninh Thuận,NTB,AM D.Long
NTB - Ninh Thuận,(NTH) Ninh Chử,Hàng Tồn,2026-09-16 - Thứ 4,207,98.07%,55.07%,8.70%,27.02,114,18,203,18,75,4,1.93%,36.23%,0,Ninh Thuận,NTB,AM D.Long
NTB - Ninh Thuận,(NTH) Ninh Chử,Hàng Tồn,2026-09-21 - Thứ 2,293,99.66%,66.55%,6.48%,33.24,195,19,292,19,79,1,0.34%,26.97%,0,Ninh Thuận,NTB,AM D.Long
NTB - Ninh Thuận,(NTH) Ninh Chử,Hàng Tồn,2026-09-24 - Thứ 5,294,99.66%,66.67%,4.76%,28.02,196,14,293,14,84,1,0.34%,28.57%,0,Ninh Thuận,NTB,AM D.Long
NTB - Ninh Thuận,(NTH) Ninh Chử,Hàng Tồn,2026-10-01 - Thứ 5,184,93.48%,54.35%,5.43%,32.31,100,10,172,10,74,12,6.52%,40.22%,0,Ninh Thuận,NTB,AM D.Long
NTB - Ninh Thuận,(NTH) Ninh Chử,Hàng Tồn,2026-09-12 - Thứ 7,233,94.85%,58.37%,7.30%,29.23,136,17,221,17,80,12,5.15%,34.33%,0,Ninh Thuận,NTB,AM D.Long
NTB - Ninh Thuận,(NTH) Ninh Chử,Hàng Tồn,2026-10-05 - Thứ 2,333,95.50%,62.76%,7.51%,28.52,209,25,318,25,99,15,4.50%,29.73%,0,Ninh Thuận,NTB,AM D.Long
NTB - Ninh Thuận,(NTH) Ninh Chử,Hàng Tồn,2026-09-22 - Thứ 3,201,97.01%,60.70%,7.96%,31.91,122,16,195,16,63,6,2.99%,31.34%,0,Ninh Thuận,NTB,AM D.Long
NTB - Ninh Thuận,(NTH) Ninh Chử,Hàng Tồn,2026-09-14 - Thứ 2,278,97.48%,62.95%,6.12%,30.8,175,17,271,17,86,7,2.52%,30.93%,0,Ninh Thuận,NTB,AM D.Long
NTB - Ninh Thuận,(NTH) Ninh Chử,Hàng Tồn,2026-09-15 - Thứ 3,257,96.89%,61.09%,5.84%,27.88,157,15,249,15,85,8,3.11%,33.07%,0,Ninh Thuận,NTB,AM D.Long
NTB - Ninh Thuận,(NTH) Ninh Chử,Hàng Tồn,2026-10-02 - Thứ 6,383,97.91%,72.06%,3.13%,28.52,276,12,375,12,95,8,2.09%,24.81%,0,Ninh Thuận,NTB,AM D.Long
NTB - Ninh Thuận,(NTH) Ninh Chử,Hàng Tồn,2026-09-29 - Thứ 3,163,96.93%,46.01%,4.29%,32.31,75,7,158,7,81,5,3.07%,49.70%,0,Ninh Thuận,NTB,AM D.Long
NTB - Ninh Thuận,(NTH) Ninh Chử,Hàng Tồn,2026-10-08 - Thứ 5,225,95.56%,63.11%,4.00%,32.2,142,9,215,9,74,10,4.44%,32.89%,0,Ninh Thuận,NTB,AM D.Long
NTB - Ninh Thuận,(NTH) Ninh Chử,Hàng Tồn,2026-09-19 - Thứ 7,241,98.76%,61.00%,3.73%,27.88,147,9,238,9,85,3,1.24%,35.27%,0,Ninh Thuận,NTB,AM D.Long
NTB - Ninh Thuận,(NTH) Ninh Chử,Hàng Tồn,2026-10-04 - Chủ Nhật,227,96.92%,49.78%,2.20%,28,113,5,220,5,109,7,3.08%,48.02%,0,Ninh Thuận,NTB,AM D.Long
NTB - Ninh Thuận,(NTH) Ninh Chử,Hàng Tồn,2026-09-30 - Thứ 4,198,97.47%,54.55%,5.56%,27.64,108,11,193,11,79,5,2.53%,39.89%,0,Ninh Thuận,NTB,AM D.Long
NTB - Ninh Thuận,(NTH) Ninh Chử,Hàng Tồn,2026-09-17 - Thứ 5,203,97.54%,58.13%,11.82%,28.88,118,24,198,24,61,5,2.46%,30.05%,0,Ninh Thuận,NTB,AM D.Long
NTB - Ninh Thuận,(NTH) Ninh Chử,Hàng Tồn,2026-10-09 - Thứ 6,229,96.07%,57.21%,8.73%,27.66,131,20,220,20,78,9,3.93%,34.06%,0,Ninh Thuận,NTB,AM D.Long
NTB - Ninh Thuận,(NTH) Ninh Chử,Hàng Tồn,2026-09-26 - Thứ 7,311,97.11%,69.45%,4.82%,27.39,216,15,302,15,80,9,2.89%,25.73%,0,Ninh Thuận,NTB,AM D.Long
NTB - Ninh Thuận,(NTH) Ninh Chử,Hàng Tồn,2026-09-28 - Thứ 2,266,99.25%,66.92%,5.26%,31.28,178,14,264,14,74,2,0.75%,27.82%,0,Ninh Thuận,NTB,AM D.Long
NTB - Ninh Thuận,(NTH) Ninh Chử,Hàng Tồn,2026-10-07 - Thứ 4,283,98.59%,67.84%,2.83%,25.94,192,8,279,8,83,4,1.41%,29.33%,0,Ninh Thuận,NTB,AM D.Long
NTB - Ninh Thuận,(NTH) Ninh Chử,Hàng Tồn,2026-10-03 - Thứ 7,241,97.51%,57.68%,9.13%,28.15,139,22,235,22,80,6,2.49%,33.19%,0,Ninh Thuận,NTB,AM D.Long
NTB - Ninh Thuận,(NTH) Ninh Chử,Hàng Tồn,2026-09-27 - Chủ Nhật,321,98.75%,65.42%,4.98%,29.35,210,16,317,16,95,4,1.25%,29.60%,0,Ninh Thuận,NTB,AM D.Long
NTB - Ninh Thuận,(NTH) Ninh Chử,Hàng Tồn,2026-09-20 - Chủ Nhật,194,91.75%,37.63%,8.25%,29.44,73,16,178,16,105,16,8.25%,54.12%,0,Ninh Thuận,NTB,AM D.Long
NTB - Ninh Thuận,(NTH) Ninh Chử,Hàng Tồn,2026-09-25 - Thứ 6,256,98.05%,63.67%,4.30%,30.08,163,11,251,11,82,5,1.95%,32.03%,0,Ninh Thuận,NTB,AM D.Long
NTB - Ninh Thuận,(NTH) Ninh Chử,Hàng Tồn,2026-09-18 - Thứ 6,215,99.53%,62.79%,7.44%,30.03,135,16,214,16,64,1,0.47%,29.77%,0,Ninh Thuận,NTB,AM D.Long
NTB - Ninh Thuận,(NTH) Ninh Chử,Hàng Tồn,2026-09-13 - Chủ Nhật,381,98.69%,67.98%,5.25%,28.8,259,20,376,20,102,5,1.31%,26.77%,0,Ninh Thuận,NTB,AM D.Long
NTB - Ninh Thuận,(NTH) Ninh Chử,Hàng Tồn,2026-09-23 - Thứ 4,221,95.48%,56.11%,4.07%,26.25,124,9,211,9,88,10,4.52%,39.82%,0,Ninh Thuận,NTB,AM D.Long
NTB - Ninh Thuận,(NTH) Ninh Chử,Hàng Tồn,2026-10-06 - Thứ 3,293,98.63%,63.82%,9.56%,29.33,187,28,289,28,78,4,1.37%,26.62%,0,Ninh Thuận,NTB,AM D.Long
NTB - Ninh Thuận,(NTH) Bảo An,Hàng Mới Ca 1,2026-10-03 - Thứ 7,366,99.45%,83.88%,1.37%,4.65,307,5,364,5,54,2,0.55%,14.75%,366,Ninh Thuận,NTB,AM D.Long
NTB - Ninh Thuận,(NTH) Bảo An,Hàng Mới Ca 1,2026-09-25 - Thứ 6,555,100.00%,84.86%,1.80%,5.12,471,10,555,10,74,0,0.00%,13.34%,555,Ninh Thuận,NTB,AM D.Long
NTB - Ninh Thuận,(NTH) Bảo An,Hàng Mới Ca 1,2026-09-18 - Thứ 6,454,99.56%,81.94%,1.32%,4.82,372,6,452,6,76,2,0.44%,16.74%,454,Ninh Thuận,NTB,AM D.Long
NTB - Ninh Thuận,(NTH) Bảo An,Hàng Mới Ca 1,2026-09-27 - Chủ Nhật,330,100.00%,79.70%,0.91%,4.52,263,3,330,3,64,0,0.00%,19.39%,330,Ninh Thuận,NTB,AM D.Long
NTB - Ninh Thuận,(NTH) Bảo An,Hàng Mới Ca 1,2026-09-21 - Thứ 2,308,100.00%,87.01%,0.97%,4.28,268,3,308,3,37,0,0.00%,12.02%,308,Ninh Thuận,NTB,AM D.Long
NTB - Ninh Thuận,(NTH) Bảo An,Hàng Mới Ca 1,2026-09-13 - Chủ Nhật,408,99.75%,82.60%,1.47%,4.57,337,6,407,6,65,1,0.25%,15.93%,408,Ninh Thuận,NTB,AM D.Long
NTB - Ninh Thuận,(NTH) Bảo An,Hàng Mới Ca 1,2026-09-24 - Thứ 5,459,99.56%,79.74%,1.96%,3.91,366,9,457,9,84,2,0.44%,18.30%,459,Ninh Thuận,NTB,AM D.Long
NTB - Ninh Thuận,(NTH) Bảo An,Hàng Mới Ca 1,2026-10-01 - Thứ 5,472,100.00%,82.42%,0.21%,5.01,389,1,472,1,82,0,0.00%,17.37%,472,Ninh Thuận,NTB,AM D.Long
NTB - Ninh Thuận,(NTH) Bảo An,Hàng Mới Ca 1,2026-10-05 - Thứ 2,359,100.00%,82.17%,0.56%,5,295,2,359,2,62,0,0.00%,17.27%,359,Ninh Thuận,NTB,AM D.Long
NTB - Ninh Thuận,(NTH) Bảo An,Hàng Mới Ca 1,2026-09-22 - Thứ 3,286,99.65%,79.37%,1.75%,3.37,227,5,285,5,54,1,0.35%,18.88%,286,Ninh Thuận,NTB,AM D.Long
NTB - Ninh Thuận,(NTH) Bảo An,Hàng Mới Ca 1,2026-09-23 - Thứ 4,454,100.00%,80.84%,1.54%,4.32,367,7,454,7,80,0,0.00%,17.62%,454,Ninh Thuận,NTB,AM D.Long
NTB - Ninh Thuận,(NTH) Bảo An,Hàng Mới Ca 1,2026-09-15 - Thứ 3,296,99.66%,78.72%,1.69%,4.4,233,5,295,5,58,1,0.34%,19.59%,296,Ninh Thuận,NTB,AM D.Long
NTB - Ninh Thuận,(NTH) Bảo An,Hàng Mới Ca 1,2026-10-02 - Thứ 6,490,99.80%,83.27%,0.41%,4.61,408,2,489,2,80,1,0.20%,16.32%,490,Ninh Thuận,NTB,AM D.Long
NTB - Ninh Thuận,(NTH) Bảo An,Hàng Mới Ca 1,2026-09-29 - Thứ 3,281,99.29%,82.21%,0.00%,4.88,231,0,279,0,50,2,0.71%,17.79%,281,Ninh Thuận,NTB,AM D.Long
NTB - Ninh Thuận,(NTH) Bảo An,Hàng Mới Ca 1,2026-10-08 - Thứ 5,613,100.00%,83.69%,0.82%,5.85,513,5,613,5,95,0,0.00%,15.49%,613,Ninh Thuận,NTB,AM D.Long
NTB - Ninh Thuận,(NTH) Bảo An,Hàng Mới Ca 1,2026-09-19 - Thứ 7,396,99.75%,81.57%,0.76%,4.3,323,3,395,3,70,1,0.25%,17.67%,396,Ninh Thuận,NTB,AM D.Long
NTB - Ninh Thuận,(NTH) Bảo An,Hàng Mới Ca 1,2026-09-30 - Thứ 4,427,99.53%,86.42%,0.00%,4.49,369,0,425,0,58,2,0.47%,13.58%,427,Ninh Thuận,NTB,AM D.Long
NTB - Ninh Thuận,(NTH) Bảo An,Hàng Mới Ca 1,2026-09-17 - Thứ 5,461,99.57%,76.14%,0.00%,4.56,351,0,459,0,110,2,0.43%,23.86%,461,Ninh Thuận,NTB,AM D.Long
NTB - Ninh Thuận,(NTH) Bảo An,Hàng Mới Ca 1,2026-10-09 - Thứ 6,547,99.82%,87.02%,1.28%,6.5,476,7,546,7,64,1,0.18%,11.70%,547,Ninh Thuận,NTB,AM D.Long
NTB - Ninh Thuận,(NTH) Bảo An,Hàng Mới Ca 1,2026-09-28 - Thứ 2,338,99.41%,79.88%,0.89%,4.59,270,3,336,3,65,2,0.59%,19.23%,338,Ninh Thuận,NTB,AM D.Long
NTB - Ninh Thuận,(NTH) Bảo An,Hàng Mới Ca 1,2026-10-07 - Thứ 4,364,100.00%,86.81%,1.10%,4.12,316,4,364,4,44,0,0.00%,12.09%,364,Ninh Thuận,NTB,AM D.Long
NTB - Ninh Thuận,(NTH) Bảo An,Hàng Mới Ca 1,2026-09-16 - Thứ 4,505,100.00%,83.17%,1.98%,4.19,420,10,505,10,75,0,0.00%,14.85%,505,Ninh Thuận,NTB,AM D.Long
NTB - Ninh Thuận,(NTH) Bảo An,Hàng Mới Ca 1,2026-10-06 - Thứ 3,160,100.00%,81.88%,3.13%,6.19,131,5,160,5,24,0,0.00%,14.99%,160,Ninh Thuận,NTB,AM D.Long
NTB - Ninh Thuận,(NTH) Bảo An,Hàng Mới Ca 1,2026-09-20 - Chủ Nhật,420,100.00%,82.86%,0.95%,4.03,348,4,420,4,68,0,0.00%,16.19%,420,Ninh Thuận,NTB,AM D.Long
NTB - Ninh Thuận,(NTH) Bảo An,Hàng Mới Ca 1,2026-09-12 - Thứ 7,439,99.54%,81.09%,1.37%,4.6,356,6,437,6,77,2,0.46%,17.54%,439,Ninh Thuận,NTB,AM D.Long
NTB - Ninh Thuận,(NTH) Bảo An,Hàng Mới Ca 1,2026-09-14 - Thứ 2,411,99.27%,82.48%,0.49%,5.06,339,2,408,2,70,3,0.73%,17.03%,411,Ninh Thuận,NTB,AM D.Long
NTB - Ninh Thuận,(NTH) Bảo An,Hàng Mới Ca 1,2026-10-04 - Chủ Nhật,417,99.76%,83.21%,1.20%,4.4,347,5,416,5,65,1,0.24%,15.59%,417,Ninh Thuận,NTB,AM D.Long
NTB - Ninh Thuận,(NTH) Bảo An,Hàng Mới Ca 1,2026-09-26 - Thứ 7,321,99.38%,84.74%,0.93%,5.76,272,3,319,3,46,2,0.62%,14.33%,321,Ninh Thuận,NTB,AM D.Long
NTB - Ninh Thuận,(NTH) Bảo An,Hàng Mới Ca 2,2026-09-25 - Thứ 6,199,85.43%,72.36%,0.50%,5.25,144,1,170,1,54,29,14.57%,27.14%,199,Ninh Thuận,NTB,AM D.Long
NTB - Ninh Thuận,(NTH) Bảo An,Hàng Mới Ca 2,2026-09-18 - Thứ 6,232,64.22%,55.60%,0.86%,1.59,129,2,149,2,101,83,35.78%,43.54%,232,Ninh Thuận,NTB,AM D.Long
NTB - Ninh Thuận,(NTH) Bảo An,Hàng Mới Ca 2,2026-09-27 - Chủ Nhật,204,82.84%,65.20%,0.00%,8.47,133,0,169,0,71,35,17.16%,34.80%,204,Ninh Thuận,NTB,AM D.Long
NTB - Ninh Thuận,(NTH) Bảo An,Hàng Mới Ca 2,2026-09-21 - Thứ 2,236,80.08%,62.71%,0.42%,1.4,148,1,189,1,87,47,19.92%,36.87%,236,Ninh Thuận,NTB,AM D.Long
NTB - Ninh Thuận,(NTH) Bảo An,Hàng Mới Ca 2,2026-09-20 - Chủ Nhật,126,76.98%,56.35%,1.59%,1.03,71,2,97,2,53,29,23.02%,42.06%,126,Ninh Thuận,NTB,AM D.Long
NTB - Ninh Thuận,(NTH) Bảo An,Hàng Mới Ca 2,2026-09-24 - Thứ 5,164,86.59%,70.12%,0.00%,5.87,115,0,142,0,49,22,13.41%,29.88%,164,Ninh Thuận,NTB,AM D.Long
NTB - Ninh Thuận,(NTH) Bảo An,Hàng Mới Ca 2,2026-10-01 - Thứ 5,214,87.85%,71.50%,1.87%,3.18,153,4,188,4,57,26,12.15%,26.63%,214,Ninh Thuận,NTB,AM D.Long
NTB - Ninh Thuận,(NTH) Bảo An,Hàng Mới Ca 2,2026-09-12 - Thứ 7,284,62.68%,50.00%,0.35%,2.66,142,1,178,1,141,106,37.32%,49.65%,284,Ninh Thuận,NTB,AM D.Long
NTB - Ninh Thuận,(NTH) Bảo An,Hàng Mới Ca 2,2026-10-05 - Thứ 2,262,84.73%,70.99%,0.00%,6.47,186,0,222,0,76,40,15.27%,29.01%,262,Ninh Thuận,NTB,AM D.Long
NTB - Ninh Thuận,(NTH) Bảo An,Hàng Mới Ca 2,2026-09-22 - Thứ 3,107,84.11%,63.55%,1.87%,0.91,68,2,90,2,37,17,15.89%,34.58%,107,Ninh Thuận,NTB,AM D.Long
NTB - Ninh Thuận,(NTH) Bảo An,Hàng Mới Ca 2,2026-09-14 - Thứ 2,195,72.82%,56.92%,0.00%,1.33,111,0,142,0,84,53,27.18%,43.08%,195,Ninh Thuận,NTB,AM D.Long
NTB - Ninh Thuận,(NTH) Bảo An,Hàng Mới Ca 2,2026-10-02 - Thứ 6,199,84.92%,64.32%,0.50%,6.79,128,1,169,1,70,30,15.08%,35.18%,199,Ninh Thuận,NTB,AM D.Long
NTB - Ninh Thuận,(NTH) Bảo An,Hàng Mới Ca 2,2026-09-29 - Thứ 3,205,93.66%,78.54%,0.49%,3.02,161,1,192,1,43,13,6.34%,20.97%,205,Ninh Thuận,NTB,AM D.Long
NTB - Ninh Thuận,(NTH) Bảo An,Hàng Mới Ca 2,2026-10-08 - Thứ 5,34,100.00%,82.35%,0.00%,20.37,28,0,34,0,6,0,0.00%,17.65%,34,Ninh Thuận,NTB,AM D.Long
NTB - Ninh Thuận,(NTH) Bảo An,Hàng Mới Ca 2,2026-09-19 - Thứ 7,116,75.00%,56.90%,0.00%,1.24,66,0,87,0,50,29,25.00%,43.10%,116,Ninh Thuận,NTB,AM D.Long
NTB - Ninh Thuận,(NTH) Bảo An,Hàng Mới Ca 2,2026-10-04 - Chủ Nhật,287,80.14%,67.60%,1.05%,5.15,194,3,230,3,90,57,19.86%,31.35%,287,Ninh Thuận,NTB,AM D.Long
NTB - Ninh Thuận,(NTH) Bảo An,Hàng Mới Ca 2,2026-09-17 - Thứ 5,193,56.99%,47.67%,0.52%,1.47,92,1,110,1,100,83,43.01%,51.81%,193,Ninh Thuận,NTB,AM D.Long
NTB - Ninh Thuận,(NTH) Bảo An,Hàng Mới Ca 2,2026-10-09 - Thứ 6,206,80.58%,67.96%,0.97%,1.15,140,2,166,2,64,40,19.42%,31.07%,206,Ninh Thuận,NTB,AM D.Long
NTB - Ninh Thuận,(NTH) Bảo An,Hàng Mới Ca 2,2026-09-26 - Thứ 7,314,84.39%,68.15%,0.64%,3.23,214,2,265,2,98,49,15.61%,31.21%,314,Ninh Thuận,NTB,AM D.Long
NTB - Ninh Thuận,(NTH) Bảo An,Hàng Mới Ca 2,2026-09-28 - Thứ 2,89,85.39%,65.17%,0.00%,7.29,58,0,76,0,31,13,14.61%,34.83%,89,Ninh Thuận,NTB,AM D.Long
NTB - Ninh Thuận,(NTH) Bảo An,Hàng Mới Ca 2,2026-10-07 - Thứ 4,221,85.97%,67.87%,0.90%,9.78,150,2,190,2,69,31,14.03%,31.23%,221,Ninh Thuận,NTB,AM D.Long
NTB - Ninh Thuận,(NTH) Bảo An,Hàng Mới Ca 2,2026-10-03 - Thứ 7,264,82.58%,64.39%,1.14%,3.82,170,3,218,3,91,46,17.42%,34.47%,264,Ninh Thuận,NTB,AM D.Long
NTB - Ninh Thuận,(NTH) Bảo An,Hàng Mới Ca 2,2026-09-16 - Thứ 4,124,69.35%,50.81%,1.61%,1.03,63,2,86,2,59,38,30.65%,47.58%,124,Ninh Thuận,NTB,AM D.Long
NTB - Ninh Thuận,(NTH) Bảo An,Hàng Mới Ca 2,2026-09-13 - Chủ Nhật,154,66.23%,51.30%,0.00%,2.28,79,0,102,0,75,52,33.77%,48.70%,154,Ninh Thuận,NTB,AM D.Long
NTB - Ninh Thuận,(NTH) Bảo An,Hàng Mới Ca 2,2026-10-06 - Thứ 3,386,90.16%,76.94%,0.26%,3.8,297,1,348,1,88,38,9.84%,22.80%,386,Ninh Thuận,NTB,AM D.Long
NTB - Ninh Thuận,(NTH) Bảo An,Hàng Mới Ca 2,2026-09-23 - Thứ 4,165,86.06%,69.70%,0.00%,4.25,115,0,142,0,50,23,13.94%,30.30%,165,Ninh Thuận,NTB,AM D.Long
NTB - Ninh Thuận,(NTH) Bảo An,Hàng Mới Ca 2,2026-09-15 - Thứ 3,197,68.02%,55.33%,0.51%,1.5,109,1,134,1,87,63,31.98%,44.16%,197,Ninh Thuận,NTB,AM D.Long
NTB - Ninh Thuận,(NTH) Bảo An,Hàng Mới Ca 2,2026-09-30 - Thứ 4,118,88.98%,76.27%,0.00%,4.69,90,0,105,0,28,13,11.02%,23.73%,118,Ninh Thuận,NTB,AM D.Long
NTB - Ninh Thuận,(NTH) Bảo An,Hàng Tồn,2026-09-25 - Thứ 6,217,98.16%,36.41%,7.37%,44.41,79,16,213,16,122,4,1.84%,56.22%,0,Ninh Thuận,NTB,AM D.Long
NTB - Ninh Thuận,(NTH) Bảo An,Hàng Tồn,2026-09-27 - Chủ Nhật,212,99.06%,44.81%,7.08%,37.46,95,15,210,15,102,2,0.94%,48.11%,0,Ninh Thuận,NTB,AM D.Long
NTB - Ninh Thuận,(NTH) Bảo An,Hàng Tồn,2026-09-21 - Thứ 2,217,98.62%,41.47%,8.76%,35.93,90,19,214,19,108,3,1.38%,49.77%,0,Ninh Thuận,NTB,AM D.Long
NTB - Ninh Thuận,(NTH) Bảo An,Hàng Tồn,2026-09-20 - Chủ Nhật,208,98.08%,33.17%,10.10%,38.07,69,21,204,21,118,4,1.92%,56.73%,0,Ninh Thuận,NTB,AM D.Long
NTB - Ninh Thuận,(NTH) Bảo An,Hàng Tồn,2026-09-13 - Chủ Nhật,298,97.65%,57.05%,5.70%,33.82,170,17,291,17,111,7,2.35%,37.25%,0,Ninh Thuận,NTB,AM D.Long
NTB - Ninh Thuận,(NTH) Bảo An,Hàng Tồn,2026-10-06 - Thứ 3,224,96.88%,42.86%,10.27%,39.59,96,23,217,23,105,7,3.12%,46.87%,0,Ninh Thuận,NTB,AM D.Long
NTB - Ninh Thuận,(NTH) Bảo An,Hàng Tồn,2026-10-01 - Thứ 5,163,99.39%,33.74%,11.04%,57.65,55,18,162,18,90,1,0.61%,55.22%,0,Ninh Thuận,NTB,AM D.Long
NTB - Ninh Thuận,(NTH) Bảo An,Hàng Tồn,2026-09-12 - Thứ 7,257,98.83%,50.97%,5.06%,35.31,131,13,254,13,113,3,1.17%,43.97%,0,Ninh Thuận,NTB,AM D.Long
NTB - Ninh Thuận,(NTH) Bảo An,Hàng Tồn,2026-09-22 - Thứ 3,203,99.01%,46.31%,12.81%,39.15,94,26,201,26,83,2,0.99%,40.88%,0,Ninh Thuận,NTB,AM D.Long
NTB - Ninh Thuận,(NTH) Bảo An,Hàng Tồn,2026-09-23 - Thứ 4,139,98.56%,25.90%,12.23%,41.58,36,17,137,17,86,2,1.44%,61.87%,0,Ninh Thuận,NTB,AM D.Long
NTB - Ninh Thuận,(NTH) Bảo An,Hàng Tồn,2026-09-14 - Thứ 2,249,98.39%,50.20%,12.05%,37.33,125,30,245,30,94,4,1.61%,37.75%,0,Ninh Thuận,NTB,AM D.Long
NTB - Ninh Thuận,(NTH) Bảo An,Hàng Tồn,2026-10-02 - Thứ 6,210,99.52%,38.10%,8.57%,46.51,80,18,209,18,112,1,0.48%,53.33%,0,Ninh Thuận,NTB,AM D.Long
NTB - Ninh Thuận,(NTH) Bảo An,Hàng Tồn,2026-09-29 - Thứ 3,177,98.87%,33.90%,5.08%,53.83,60,9,175,9,108,2,1.13%,61.02%,0,Ninh Thuận,NTB,AM D.Long
NTB - Ninh Thuận,(NTH) Bảo An,Hàng Tồn,2026-10-08 - Thứ 5,201,98.01%,41.79%,6.47%,45.66,84,13,197,13,104,4,1.99%,51.74%,0,Ninh Thuận,NTB,AM D.Long
NTB - Ninh Thuận,(NTH) Bảo An,Hàng Tồn,2026-09-19 - Thứ 7,266,99.62%,48.87%,7.89%,29.48,130,21,265,21,115,1,0.38%,43.24%,0,Ninh Thuận,NTB,AM D.Long
NTB - Ninh Thuận,(NTH) Bảo An,Hàng Tồn,2026-09-30 - Thứ 4,178,98.88%,31.46%,8.43%,44.91,56,15,176,15,107,2,1.12%,60.11%,0,Ninh Thuận,NTB,AM D.Long
NTB - Ninh Thuận,(NTH) Bảo An,Hàng Tồn,2026-09-17 - Thứ 5,237,98.73%,43.04%,8.44%,39.67,102,20,234,20,115,3,1.27%,48.52%,0,Ninh Thuận,NTB,AM D.Long
NTB - Ninh Thuận,(NTH) Bảo An,Hàng Tồn,2026-10-09 - Thứ 6,179,97.77%,33.52%,14.53%,53.56,60,26,175,26,93,4,2.23%,51.95%,0,Ninh Thuận,NTB,AM D.Long
NTB - Ninh Thuận,(NTH) Bảo An,Hàng Tồn,2026-09-28 - Thứ 2,215,99.53%,48.84%,5.58%,45.39,105,12,214,12,98,1,0.47%,45.58%,0,Ninh Thuận,NTB,AM D.Long
NTB - Ninh Thuận,(NTH) Bảo An,Hàng Tồn,2026-10-07 - Thứ 4,201,98.01%,40.30%,7.46%,41.13,81,15,197,15,105,4,1.99%,52.24%,0,Ninh Thuận,NTB,AM D.Long
NTB - Ninh Thuận,(NTH) Bảo An,Hàng Tồn,2026-10-03 - Thứ 7,248,97.58%,39.92%,14.11%,48.28,99,35,242,35,114,6,2.42%,45.97%,0,Ninh Thuận,NTB,AM D.Long
NTB - Ninh Thuận,(NTH) Bảo An,Hàng Tồn,2026-09-16 - Thứ 4,229,97.38%,42.79%,8.73%,36.33,98,20,223,20,111,6,2.62%,48.48%,0,Ninh Thuận,NTB,AM D.Long
NTB - Ninh Thuận,(NTH) Bảo An,Hàng Tồn,2026-09-18 - Thứ 6,313,99.04%,53.67%,8.31%,35.96,168,26,310,26,119,3,0.96%,38.02%,0,Ninh Thuận,NTB,AM D.Long
NTB - Ninh Thuận,(NTH) Bảo An,Hàng Tồn,2026-09-24 - Thứ 5,188,97.87%,37.77%,8.51%,40.32,71,16,184,16,101,4,2.13%,53.72%,0,Ninh Thuận,NTB,AM D.Long
NTB - Ninh Thuận,(NTH) Bảo An,Hàng Tồn,2026-10-05 - Thứ 2,272,98.16%,53.31%,9.56%,44.87,145,26,267,26,101,5,1.84%,37.13%,0,Ninh Thuận,NTB,AM D.Long
NTB - Ninh Thuận,(NTH) Bảo An,Hàng Tồn,2026-09-15 - Thứ 3,227,98.24%,46.26%,10.57%,32.97,105,24,223,24,98,4,1.76%,43.17%,0,Ninh Thuận,NTB,AM D.Long
NTB - Ninh Thuận,(NTH) Bảo An,Hàng Tồn,2026-09-26 - Thứ 7,216,99.07%,45.83%,9.26%,40,99,20,214,20,97,2,0.93%,44.91%,0,Ninh Thuận,NTB,AM D.Long
NTB - Ninh Thuận,(NTH) Bảo An,Hàng Tồn,2026-10-04 - Chủ Nhật,222,96.85%,44.59%,5.41%,36.42,99,12,215,12,111,7,3.15%,50.00%,0,Ninh Thuận,NTB,AM D.Long
NTB - Lâm Đồng,(LDO) Đức Trọng 2,Hàng Mới Ca 1,2026-10-07 - Thứ 4,341,99.41%,85.92%,0.88%,6.51,293,3,339,3,45,2,0.59%,13.20%,341,Lâm Đồng,NTB,AM Thơ
NTB - Lâm Đồng,(LDO) Đức Trọng 2,Hàng Mới Ca 1,2026-09-18 - Thứ 6,242,97.11%,77.27%,0.41%,7.5,187,1,235,1,54,7,2.89%,22.32%,242,Lâm Đồng,NTB,AM Thơ
NTB - Lâm Đồng,(LDO) Đức Trọng 2,Hàng Mới Ca 1,2026-09-27 - Chủ Nhật,257,94.94%,70.43%,0.39%,7.81,181,1,244,1,75,13,5.06%,29.18%,257,Lâm Đồng,NTB,AM Thơ
NTB - Lâm Đồng,(LDO) Đức Trọng 2,Hàng Mới Ca 1,2026-09-20 - Chủ Nhật,257,94.16%,61.09%,0.39%,7.31,157,1,242,1,99,15,5.84%,38.52%,257,Lâm Đồng,NTB,AM Thơ
NTB - Lâm Đồng,(LDO) Đức Trọng 2,Hàng Mới Ca 1,2026-09-13 - Chủ Nhật,180,98.33%,78.89%,0.00%,7.6,142,0,177,0,38,3,1.67%,21.11%,180,Lâm Đồng,NTB,AM Thơ
NTB - Lâm Đồng,(LDO) Đức Trọng 2,Hàng Mới Ca 1,2026-10-06 - Thứ 3,444,97.75%,80.18%,1.35%,7.45,356,6,434,6,82,10,2.25%,18.47%,444,Lâm Đồng,NTB,AM Thơ
NTB - Lâm Đồng,(LDO) Đức Trọng 2,Hàng Mới Ca 1,2026-10-01 - Thứ 5,187,98.40%,78.61%,0.00%,8.44,147,0,184,0,40,3,1.60%,21.39%,187,Lâm Đồng,NTB,AM Thơ
NTB - Lâm Đồng,(LDO) Đức Trọng 2,Hàng Mới Ca 1,2026-09-12 - Thứ 7,233,97.42%,74.25%,0.00%,7.66,173,0,227,0,60,6,2.58%,25.75%,233,Lâm Đồng,NTB,AM Thơ
NTB - Lâm Đồng,(LDO) Đức Trọng 2,Hàng Mới Ca 1,2026-10-05 - Thứ 2,359,98.61%,81.89%,0.28%,6.57,294,1,354,1,64,5,1.39%,17.83%,359,Lâm Đồng,NTB,AM Thơ
NTB - Lâm Đồng,(LDO) Đức Trọng 2,Hàng Mới Ca 1,2026-09-22 - Thứ 3,239,93.72%,71.97%,0.00%,6.96,172,0,224,0,67,15,6.28%,28.03%,239,Lâm Đồng,NTB,AM Thơ
NTB - Lâm Đồng,(LDO) Đức Trọng 2,Hàng Mới Ca 1,2026-09-23 - Thứ 4,173,99.42%,72.83%,0.00%,7.51,126,0,172,0,47,1,0.58%,27.17%,173,Lâm Đồng,NTB,AM Thơ
NTB - Lâm Đồng,(LDO) Đức Trọng 2,Hàng Mới Ca 1,2026-09-14 - Thứ 2,408,96.57%,78.43%,0.74%,7.51,320,3,394,3,85,14,3.43%,20.83%,408,Lâm Đồng,NTB,AM Thơ
NTB - Lâm Đồng,(LDO) Đức Trọng 2,Hàng Mới Ca 1,2026-09-15 - Thứ 3,317,96.53%,76.97%,0.32%,7.79,244,1,306,1,72,11,3.47%,22.71%,317,Lâm Đồng,NTB,AM Thơ
NTB - Lâm Đồng,(LDO) Đức Trọng 2,Hàng Mới Ca 1,2026-10-02 - Thứ 6,197,96.95%,75.13%,0.00%,7.47,148,0,191,0,49,6,3.05%,24.87%,197,Lâm Đồng,NTB,AM Thơ
NTB - Lâm Đồng,(LDO) Đức Trọng 2,Hàng Mới Ca 1,2026-09-29 - Thứ 3,213,100.00%,82.63%,0.00%,6.93,176,0,213,0,37,0,0.00%,17.37%,213,Lâm Đồng,NTB,AM Thơ
NTB - Lâm Đồng,(LDO) Đức Trọng 2,Hàng Mới Ca 1,2026-10-08 - Thứ 5,443,98.87%,86.46%,1.13%,6.85,383,5,438,5,55,5,1.13%,12.41%,443,Lâm Đồng,NTB,AM Thơ
NTB - Lâm Đồng,(LDO) Đức Trọng 2,Hàng Mới Ca 1,2026-09-19 - Thứ 7,158,96.84%,70.89%,0.00%,6.84,112,0,153,0,46,5,3.16%,29.11%,158,Lâm Đồng,NTB,AM Thơ
NTB - Lâm Đồng,(LDO) Đức Trọng 2,Hàng Mới Ca 1,2026-10-04 - Chủ Nhật,415,97.59%,81.93%,0.72%,7.31,340,3,405,3,72,10,2.41%,17.35%,415,Lâm Đồng,NTB,AM Thơ
NTB - Lâm Đồng,(LDO) Đức Trọng 2,Hàng Mới Ca 1,2026-09-30 - Thứ 4,86,96.51%,76.74%,0.00%,6.7,66,0,83,0,20,3,3.49%,23.26%,86,Lâm Đồng,NTB,AM Thơ
NTB - Lâm Đồng,(LDO) Đức Trọng 2,Hàng Mới Ca 1,2026-09-17 - Thứ 5,254,99.21%,75.98%,0.39%,7.64,193,1,252,1,60,2,0.79%,23.63%,254,Lâm Đồng,NTB,AM Thơ
NTB - Lâm Đồng,(LDO) Đức Trọng 2,Hàng Mới Ca 1,2026-09-26 - Thứ 7,158,100.00%,81.01%,0.00%,6.74,128,0,158,0,30,0,0.00%,18.99%,158,Lâm Đồng,NTB,AM Thơ
NTB - Lâm Đồng,(LDO) Đức Trọng 2,Hàng Mới Ca 1,2026-09-28 - Thứ 2,166,98.80%,81.33%,0.00%,6.9,135,0,164,0,31,2,1.20%,18.67%,166,Lâm Đồng,NTB,AM Thơ
NTB - Lâm Đồng,(LDO) Đức Trọng 2,Hàng Mới Ca 1,2026-10-03 - Thứ 7,392,77.30%,64.29%,0.00%,6.96,252,0,303,0,140,89,22.70%,35.71%,392,Lâm Đồng,NTB,AM Thơ
NTB - Lâm Đồng,(LDO) Đức Trọng 2,Hàng Mới Ca 1,2026-09-21 - Thứ 2,111,87.39%,71.17%,0.90%,6.83,79,1,97,1,31,14,12.61%,27.93%,111,Lâm Đồng,NTB,AM Thơ
NTB - Lâm Đồng,(LDO) Đức Trọng 2,Hàng Mới Ca 1,2026-09-24 - Thứ 5,409,98.04%,80.20%,0.24%,7.97,328,1,401,1,80,8,1.96%,19.56%,409,Lâm Đồng,NTB,AM Thơ
NTB - Lâm Đồng,(LDO) Đức Trọng 2,Hàng Mới Ca 1,2026-09-25 - Thứ 6,263,98.10%,82.89%,0.00%,7.17,218,0,258,0,45,5,1.90%,17.11%,263,Lâm Đồng,NTB,AM Thơ
NTB - Lâm Đồng,(LDO) Đức Trọng 2,Hàng Mới Ca 1,2026-10-09 - Thứ 6,300,99.00%,89.00%,0.67%,7.67,267,2,297,2,31,3,1.00%,10.33%,300,Lâm Đồng,NTB,AM Thơ
NTB - Lâm Đồng,(LDO) Đức Trọng 2,Hàng Mới Ca 1,2026-09-16 - Thứ 4,147,87.07%,74.83%,0.00%,8,110,0,128,0,37,19,12.93%,25.17%,147,Lâm Đồng,NTB,AM Thơ
NTB - Lâm Đồng,(LDO) Đức Trọng 2,Hàng Mới Ca 2,2026-09-18 - Thứ 6,258,68.22%,51.16%,0.00%,4.12,132,0,176,0,126,82,31.78%,48.84%,258,Lâm Đồng,NTB,AM Thơ
NTB - Lâm Đồng,(LDO) Đức Trọng 2,Hàng Mới Ca 2,2026-09-27 - Chủ Nhật,229,75.11%,60.26%,0.00%,3.19,138,0,172,0,91,57,24.89%,39.74%,229,Lâm Đồng,NTB,AM Thơ
NTB - Lâm Đồng,(LDO) Đức Trọng 2,Hàng Mới Ca 2,2026-09-21 - Thứ 2,201,59.20%,51.74%,0.00%,4.9,104,0,119,0,97,82,40.80%,48.26%,201,Lâm Đồng,NTB,AM Thơ
NTB - Lâm Đồng,(LDO) Đức Trọng 2,Hàng Mới Ca 2,2026-10-06 - Thứ 3,252,82.14%,72.62%,0.79%,3.68,183,2,207,2,67,45,17.86%,26.59%,252,Lâm Đồng,NTB,AM Thơ
NTB - Lâm Đồng,(LDO) Đức Trọng 2,Hàng Mới Ca 2,2026-10-01 - Thứ 5,320,66.56%,55.94%,0.31%,4,179,1,213,1,140,107,33.44%,43.75%,320,Lâm Đồng,NTB,AM Thơ
NTB - Lâm Đồng,(LDO) Đức Trọng 2,Hàng Mới Ca 2,2026-09-12 - Thứ 7,295,68.14%,54.24%,0.00%,4.38,160,0,201,0,135,94,31.86%,45.76%,295,Lâm Đồng,NTB,AM Thơ
NTB - Lâm Đồng,(LDO) Đức Trọng 2,Hàng Mới Ca 2,2026-10-05 - Thứ 2,330,64.24%,53.94%,0.30%,3.61,178,1,212,1,151,118,35.76%,45.76%,330,Lâm Đồng,NTB,AM Thơ
NTB - Lâm Đồng,(LDO) Đức Trọng 2,Hàng Mới Ca 2,2026-09-22 - Thứ 3,254,59.06%,45.67%,0.00%,4.74,116,0,150,0,138,104,40.94%,54.33%,254,Lâm Đồng,NTB,AM Thơ
NTB - Lâm Đồng,(LDO) Đức Trọng 2,Hàng Mới Ca 2,2026-09-14 - Thứ 2,308,92.53%,73.05%,0.00%,4.58,225,0,285,0,83,23,7.47%,26.95%,308,Lâm Đồng,NTB,AM Thơ
NTB - Lâm Đồng,(LDO) Đức Trọng 2,Hàng Mới Ca 2,2026-09-15 - Thứ 3,186,81.18%,69.89%,0.00%,3.7,130,0,151,0,56,35,18.82%,30.11%,186,Lâm Đồng,NTB,AM Thơ
NTB - Lâm Đồng,(LDO) Đức Trọng 2,Hàng Mới Ca 2,2026-10-02 - Thứ 6,340,62.65%,54.41%,0.00%,3.84,185,0,213,0,155,127,37.35%,45.59%,340,Lâm Đồng,NTB,AM Thơ
NTB - Lâm Đồng,(LDO) Đức Trọng 2,Hàng Mới Ca 2,2026-09-29 - Thứ 3,321,77.57%,65.42%,0.00%,3.83,210,0,249,0,111,72,22.43%,34.58%,321,Lâm Đồng,NTB,AM Thơ
NTB - Lâm Đồng,(LDO) Đức Trọng 2,Hàng Mới Ca 2,2026-10-08 - Thứ 5,511,71.62%,61.25%,0.98%,4.16,313,5,366,5,193,145,28.38%,37.77%,511,Lâm Đồng,NTB,AM Thơ
NTB - Lâm Đồng,(LDO) Đức Trọng 2,Hàng Mới Ca 2,2026-09-19 - Thứ 7,347,85.88%,59.08%,0.00%,4.47,205,0,298,0,142,49,14.12%,40.92%,347,Lâm Đồng,NTB,AM Thơ
NTB - Lâm Đồng,(LDO) Đức Trọng 2,Hàng Mới Ca 2,2026-10-04 - Chủ Nhật,265,80.75%,69.43%,0.75%,3.99,184,2,214,2,79,51,19.25%,29.82%,265,Lâm Đồng,NTB,AM Thơ
NTB - Lâm Đồng,(LDO) Đức Trọng 2,Hàng Mới Ca 2,2026-09-30 - Thứ 4,355,83.10%,69.01%,0.00%,4.02,245,0,295,0,110,60,16.90%,30.99%,355,Lâm Đồng,NTB,AM Thơ
NTB - Lâm Đồng,(LDO) Đức Trọng 2,Hàng Mới Ca 2,2026-09-17 - Thứ 5,240,84.58%,71.25%,0.00%,3.4,171,0,203,0,69,37,15.42%,28.75%,240,Lâm Đồng,NTB,AM Thơ
NTB - Lâm Đồng,(LDO) Đức Trọng 2,Hàng Mới Ca 2,2026-09-28 - Thứ 2,266,77.44%,68.42%,0.00%,3.83,182,0,206,0,84,60,22.56%,31.58%,266,Lâm Đồng,NTB,AM Thơ
NTB - Lâm Đồng,(LDO) Đức Trọng 2,Hàng Mới Ca 2,2026-10-07 - Thứ 4,324,81.17%,70.06%,0.93%,2.83,227,3,263,3,94,61,18.83%,29.01%,324,Lâm Đồng,NTB,AM Thơ
NTB - Lâm Đồng,(LDO) Đức Trọng 2,Hàng Mới Ca 2,2026-10-03 - Thứ 7,234,58.12%,49.57%,1.28%,4.46,116,3,136,3,115,98,41.88%,49.15%,234,Lâm Đồng,NTB,AM Thơ
NTB - Lâm Đồng,(LDO) Đức Trọng 2,Hàng Mới Ca 2,2026-09-16 - Thứ 4,321,73.52%,62.31%,0.00%,4.37,200,0,236,0,121,85,26.48%,37.69%,321,Lâm Đồng,NTB,AM Thơ
NTB - Lâm Đồng,(LDO) Đức Trọng 2,Hàng Mới Ca 2,2026-09-25 - Thứ 6,291,65.29%,50.52%,0.00%,3.21,147,0,190,0,144,101,34.71%,49.48%,291,Lâm Đồng,NTB,AM Thơ
NTB - Lâm Đồng,(LDO) Đức Trọng 2,Hàng Mới Ca 2,2026-09-20 - Chủ Nhật,265,47.92%,34.34%,0.38%,4.07,91,1,127,1,173,138,52.08%,65.28%,265,Lâm Đồng,NTB,AM Thơ
NTB - Lâm Đồng,(LDO) Đức Trọng 2,Hàng Mới Ca 2,2026-09-24 - Thứ 5,336,74.70%,60.12%,0.00%,4.11,202,0,251,0,134,85,25.30%,39.88%,336,Lâm Đồng,NTB,AM Thơ
NTB - Lâm Đồng,(LDO) Đức Trọng 2,Hàng Mới Ca 2,2026-09-13 - Chủ Nhật,168,76.19%,66.67%,0.60%,2.74,112,1,128,1,55,40,23.81%,32.73%,168,Lâm Đồng,NTB,AM Thơ
NTB - Lâm Đồng,(LDO) Đức Trọng 2,Hàng Mới Ca 2,2026-09-23 - Thứ 4,83,72.29%,57.83%,0.00%,4.23,48,0,60,0,35,23,27.71%,42.17%,83,Lâm Đồng,NTB,AM Thơ
NTB - Lâm Đồng,(LDO) Đức Trọng 2,Hàng Mới Ca 2,2026-10-09 - Thứ 6,469,82.94%,72.49%,0.43%,3.23,340,2,389,2,127,80,17.06%,27.08%,469,Lâm Đồng,NTB,AM Thơ
NTB - Lâm Đồng,(LDO) Đức Trọng 2,Hàng Mới Ca 2,2026-09-26 - Thứ 7,353,64.59%,49.29%,0.00%,4.04,174,0,228,0,179,125,35.41%,50.71%,353,Lâm Đồng,NTB,AM Thơ
NTB - Lâm Đồng,(LDO) Đức Trọng 2,Hàng Tồn,2026-10-03 - Thứ 7,336,81.55%,41.67%,3.87%,36.31,140,13,274,13,183,62,18.45%,54.46%,0,Lâm Đồng,NTB,AM Thơ
NTB - Lâm Đồng,(LDO) Đức Trọng 2,Hàng Tồn,2026-09-25 - Thứ 6,284,94.37%,43.66%,3.52%,35.48,124,10,268,10,150,16,5.63%,52.82%,0,Lâm Đồng,NTB,AM Thơ
NTB - Lâm Đồng,(LDO) Đức Trọng 2,Hàng Tồn,2026-09-18 - Thứ 6,206,90.78%,31.07%,3.88%,48.52,64,8,187,8,134,19,9.22%,65.05%,0,Lâm Đồng,NTB,AM Thơ
NTB - Lâm Đồng,(LDO) Đức Trọng 2,Hàng Tồn,2026-09-27 - Chủ Nhật,334,95.21%,47.60%,4.79%,35.79,159,16,318,16,159,16,4.79%,47.61%,0,Lâm Đồng,NTB,AM Thơ
NTB - Lâm Đồng,(LDO) Đức Trọng 2,Hàng Tồn,2026-09-21 - Thứ 2,431,82.83%,45.71%,1.39%,35.56,197,6,357,6,228,74,17.17%,52.90%,0,Lâm Đồng,NTB,AM Thơ
NTB - Lâm Đồng,(LDO) Đức Trọng 2,Hàng Tồn,2026-10-06 - Thứ 3,313,96.81%,47.92%,7.03%,34.89,150,22,303,22,141,10,3.19%,45.05%,0,Lâm Đồng,NTB,AM Thơ
NTB - Lâm Đồng,(LDO) Đức Trọng 2,Hàng Tồn,2026-10-05 - Thứ 2,286,98.60%,44.41%,6.29%,42.02,127,18,282,18,141,4,1.40%,49.30%,0,Lâm Đồng,NTB,AM Thơ
NTB - Lâm Đồng,(LDO) Đức Trọng 2,Hàng Tồn,2026-09-22 - Thứ 3,326,88.34%,36.20%,3.68%,42.28,118,12,288,12,196,38,11.66%,60.12%,0,Lâm Đồng,NTB,AM Thơ
NTB - Lâm Đồng,(LDO) Đức Trọng 2,Hàng Tồn,2026-09-23 - Thứ 4,356,97.19%,50.28%,5.90%,44.34,179,21,346,21,156,10,2.81%,43.82%,0,Lâm Đồng,NTB,AM Thơ
NTB - Lâm Đồng,(LDO) Đức Trọng 2,Hàng Tồn,2026-10-02 - Thứ 6,271,94.83%,36.53%,5.17%,31.81,99,14,257,14,158,14,5.17%,58.30%,0,Lâm Đồng,NTB,AM Thơ
NTB - Lâm Đồng,(LDO) Đức Trọng 2,Hàng Tồn,2026-10-08 - Thứ 5,243,94.65%,42.80%,12.76%,36.57,104,31,230,31,108,13,5.35%,44.44%,0,Lâm Đồng,NTB,AM Thơ
NTB - Lâm Đồng,(LDO) Đức Trọng 2,Hàng Tồn,2026-09-19 - Thứ 7,302,94.04%,45.70%,5.63%,36.89,138,17,284,17,147,18,5.96%,48.67%,0,Lâm Đồng,NTB,AM Thơ
NTB - Lâm Đồng,(LDO) Đức Trọng 2,Hàng Tồn,2026-10-04 - Chủ Nhật,397,94.96%,59.95%,3.02%,37.38,238,12,377,12,147,20,5.04%,37.03%,0,Lâm Đồng,NTB,AM Thơ
NTB - Lâm Đồng,(LDO) Đức Trọng 2,Hàng Tồn,2026-09-30 - Thứ 4,233,94.85%,41.63%,6.87%,39.14,97,16,221,16,120,12,5.15%,51.50%,0,Lâm Đồng,NTB,AM Thơ
NTB - Lâm Đồng,(LDO) Đức Trọng 2,Hàng Tồn,2026-09-17 - Thứ 5,264,98.48%,47.35%,3.79%,38.42,125,10,260,10,129,4,1.52%,48.86%,0,Lâm Đồng,NTB,AM Thơ
NTB - Lâm Đồng,(LDO) Đức Trọng 2,Hàng Tồn,2026-10-09 - Thứ 6,323,97.21%,55.42%,6.50%,32.52,179,21,314,21,123,9,2.79%,38.08%,0,Lâm Đồng,NTB,AM Thơ
NTB - Lâm Đồng,(LDO) Đức Trọng 2,Hàng Tồn,2026-09-26 - Thứ 7,311,97.43%,40.19%,1.93%,32.25,125,6,303,6,180,8,2.57%,57.88%,0,Lâm Đồng,NTB,AM Thơ
NTB - Lâm Đồng,(LDO) Đức Trọng 2,Hàng Tồn,2026-09-28 - Thứ 2,298,96.64%,46.98%,5.37%,41.99,140,16,288,16,142,10,3.36%,47.65%,0,Lâm Đồng,NTB,AM Thơ
NTB - Lâm Đồng,(LDO) Đức Trọng 2,Hàng Tồn,2026-10-07 - Thứ 4,261,95.02%,42.53%,6.90%,38.6,111,18,248,18,132,13,4.98%,50.57%,0,Lâm Đồng,NTB,AM Thơ
NTB - Lâm Đồng,(LDO) Đức Trọng 2,Hàng Tồn,2026-09-16 - Thứ 4,233,84.12%,31.33%,2.15%,36.78,73,5,196,5,155,37,15.88%,66.52%,0,Lâm Đồng,NTB,AM Thơ
NTB - Lâm Đồng,(LDO) Đức Trọng 2,Hàng Tồn,2026-09-20 - Chủ Nhật,281,89.32%,33.81%,4.98%,36.2,95,14,251,14,172,30,10.68%,61.21%,0,Lâm Đồng,NTB,AM Thơ
NTB - Lâm Đồng,(LDO) Đức Trọng 2,Hàng Tồn,2026-09-24 - Thứ 5,212,95.75%,43.87%,8.49%,49.18,93,18,203,18,101,9,4.25%,47.64%,0,Lâm Đồng,NTB,AM Thơ
NTB - Lâm Đồng,(LDO) Đức Trọng 2,Hàng Tồn,2026-09-12 - Thứ 7,298,97.32%,42.95%,4.03%,39.76,128,12,290,12,158,8,2.68%,53.02%,0,Lâm Đồng,NTB,AM Thơ
NTB - Lâm Đồng,(LDO) Đức Trọng 2,Hàng Tồn,2026-09-14 - Thứ 2,215,99.07%,38.60%,7.91%,45.95,83,17,213,17,115,2,0.93%,53.49%,0,Lâm Đồng,NTB,AM Thơ
NTB - Lâm Đồng,(LDO) Đức Trọng 2,Hàng Tồn,2026-09-15 - Thứ 3,241,96.27%,40.66%,5.81%,41.14,98,14,232,14,129,9,3.73%,53.53%,0,Lâm Đồng,NTB,AM Thơ
NTB - Lâm Đồng,(LDO) Đức Trọng 2,Hàng Tồn,2026-09-29 - Thứ 3,219,97.26%,36.99%,7.76%,37.4,81,17,213,17,121,6,2.74%,55.25%,0,Lâm Đồng,NTB,AM Thơ
NTB - Lâm Đồng,(LDO) Đức Trọng 2,Hàng Tồn,2026-09-13 - Chủ Nhật,299,96.32%,49.83%,3.01%,37.55,149,9,288,9,141,11,3.68%,47.16%,0,Lâm Đồng,NTB,AM Thơ
NTB - Lâm Đồng,(LDO) Đức Trọng 2,Hàng Tồn,2026-10-01 - Thứ 5,217,94.93%,35.02%,7.83%,39.18,76,17,206,17,124,11,5.07%,57.15%,0,Lâm Đồng,NTB,AM Thơ
NTB - Lâm Đồng,(LDO) Đức Trọng 1,Hàng Mới Ca 1,2026-09-16 - Thứ 4,234,50.85%,35.90%,0.43%,17.93,84,1,119,1,149,115,49.15%,63.67%,234,Lâm Đồng,NTB,AM Vũ
NTB - Lâm Đồng,(LDO) Đức Trọng 1,Hàng Mới Ca 1,2026-09-25 - Thứ 6,302,41.72%,20.53%,0.00%,13.61,62,0,126,0,240,176,58.28%,79.47%,302,Lâm Đồng,NTB,AM Vũ
NTB - Lâm Đồng,(LDO) Đức Trọng 1,Hàng Mới Ca 1,2026-09-27 - Chủ Nhật,294,41.16%,26.87%,0.68%,18.32,79,2,121,2,213,173,58.84%,72.45%,294,Lâm Đồng,NTB,AM Vũ
NTB - Lâm Đồng,(LDO) Đức Trọng 1,Hàng Mới Ca 1,2026-09-24 - Thứ 5,284,24.65%,9.86%,0.35%,17.37,28,1,70,1,255,214,75.35%,89.79%,284,Lâm Đồng,NTB,AM Vũ
NTB - Lâm Đồng,(LDO) Đức Trọng 1,Hàng Mới Ca 1,2026-10-06 - Thứ 3,318,54.72%,37.11%,1.26%,16.87,118,4,174,4,196,144,45.28%,61.63%,318,Lâm Đồng,NTB,AM Vũ
NTB - Lâm Đồng,(LDO) Đức Trọng 1,Hàng Mới Ca 1,2026-10-01 - Thứ 5,270,39.26%,24.81%,0.00%,18.82,67,0,106,0,203,164,60.74%,75.19%,270,Lâm Đồng,NTB,AM Vũ
NTB - Lâm Đồng,(LDO) Đức Trọng 1,Hàng Mới Ca 1,2026-09-12 - Thứ 7,340,42.06%,28.82%,0.29%,15.7,98,1,143,1,241,197,57.94%,70.89%,340,Lâm Đồng,NTB,AM Vũ
NTB - Lâm Đồng,(LDO) Đức Trọng 1,Hàng Mới Ca 1,2026-10-05 - Thứ 2,373,46.65%,30.56%,0.54%,18.94,114,2,174,2,257,199,53.35%,68.90%,373,Lâm Đồng,NTB,AM Vũ
NTB - Lâm Đồng,(LDO) Đức Trọng 1,Hàng Mới Ca 1,2026-09-22 - Thứ 3,247,37.25%,21.86%,0.00%,16.85,54,0,92,0,193,155,62.75%,78.14%,247,Lâm Đồng,NTB,AM Vũ
NTB - Lâm Đồng,(LDO) Đức Trọng 1,Hàng Mới Ca 1,2026-09-23 - Thứ 4,200,38.00%,21.00%,0.00%,19.95,42,0,76,0,158,124,62.00%,79.00%,200,Lâm Đồng,NTB,AM Vũ
NTB - Lâm Đồng,(LDO) Đức Trọng 1,Hàng Mới Ca 1,2026-09-14 - Thứ 2,418,43.54%,29.43%,0.24%,18.02,123,1,182,1,294,236,56.46%,70.33%,418,Lâm Đồng,NTB,AM Vũ
NTB - Lâm Đồng,(LDO) Đức Trọng 1,Hàng Mới Ca 1,2026-09-15 - Thứ 3,356,44.10%,32.87%,0.28%,16.86,117,1,157,1,238,199,55.90%,66.85%,356,Lâm Đồng,NTB,AM Vũ
NTB - Lâm Đồng,(LDO) Đức Trọng 1,Hàng Mới Ca 1,2026-10-02 - Thứ 6,255,34.12%,26.27%,0.39%,19.37,67,1,87,1,187,168,65.88%,73.34%,255,Lâm Đồng,NTB,AM Vũ
NTB - Lâm Đồng,(LDO) Đức Trọng 1,Hàng Mới Ca 1,2026-09-29 - Thứ 3,239,53.14%,25.94%,0.00%,15.4,62,0,127,0,177,112,46.86%,74.06%,239,Lâm Đồng,NTB,AM Vũ
NTB - Lâm Đồng,(LDO) Đức Trọng 1,Hàng Mới Ca 1,2026-10-08 - Thứ 5,461,48.16%,36.44%,0.22%,14.8,168,1,222,1,292,239,51.84%,63.34%,461,Lâm Đồng,NTB,AM Vũ
NTB - Lâm Đồng,(LDO) Đức Trọng 1,Hàng Mới Ca 1,2026-09-19 - Thứ 7,187,45.99%,24.06%,0.00%,15.58,45,0,86,0,142,101,54.01%,75.94%,187,Lâm Đồng,NTB,AM Vũ
NTB - Lâm Đồng,(LDO) Đức Trọng 1,Hàng Mới Ca 1,2026-10-04 - Chủ Nhật,365,9.86%,8.22%,0.00%,19.37,30,0,36,0,335,329,90.14%,91.78%,365,Lâm Đồng,NTB,AM Vũ
NTB - Lâm Đồng,(LDO) Đức Trọng 1,Hàng Mới Ca 1,2026-09-30 - Thứ 4,215,67.44%,45.58%,0.00%,19.65,98,0,145,0,117,70,32.56%,54.42%,215,Lâm Đồng,NTB,AM Vũ
NTB - Lâm Đồng,(LDO) Đức Trọng 1,Hàng Mới Ca 1,2026-10-09 - Thứ 6,461,65.51%,42.30%,0.87%,15.96,195,4,302,4,262,159,34.49%,56.83%,461,Lâm Đồng,NTB,AM Vũ
NTB - Lâm Đồng,(LDO) Đức Trọng 1,Hàng Mới Ca 1,2026-09-26 - Thứ 7,226,36.28%,22.12%,0.00%,20.31,50,0,82,0,176,144,63.72%,77.88%,226,Lâm Đồng,NTB,AM Vũ
NTB - Lâm Đồng,(LDO) Đức Trọng 1,Hàng Mới Ca 1,2026-09-28 - Thứ 2,214,64.02%,38.32%,0.47%,17.61,82,1,137,1,131,77,35.98%,61.21%,214,Lâm Đồng,NTB,AM Vũ
NTB - Lâm Đồng,(LDO) Đức Trọng 1,Hàng Mới Ca 1,2026-10-07 - Thứ 4,341,33.72%,18.48%,0.29%,18.26,63,1,115,1,277,226,66.28%,81.23%,341,Lâm Đồng,NTB,AM Vũ
NTB - Lâm Đồng,(LDO) Đức Trọng 1,Hàng Mới Ca 1,2026-10-03 - Thứ 7,272,21.69%,13.60%,0.00%,18.3,37,0,59,0,235,213,78.31%,86.40%,272,Lâm Đồng,NTB,AM Vũ
NTB - Lâm Đồng,(LDO) Đức Trọng 1,Hàng Mới Ca 1,2026-09-18 - Thứ 6,349,49.57%,25.50%,0.00%,17.52,89,0,173,0,260,176,50.43%,74.50%,349,Lâm Đồng,NTB,AM Vũ
NTB - Lâm Đồng,(LDO) Đức Trọng 1,Hàng Mới Ca 1,2026-09-20 - Chủ Nhật,351,36.75%,17.09%,0.00%,16.73,60,0,129,0,291,222,63.25%,82.91%,351,Lâm Đồng,NTB,AM Vũ
NTB - Lâm Đồng,(LDO) Đức Trọng 1,Hàng Mới Ca 1,2026-09-13 - Chủ Nhật,247,43.32%,31.98%,0.00%,20.41,79,0,107,0,168,140,56.68%,68.02%,247,Lâm Đồng,NTB,AM Vũ
NTB - Lâm Đồng,(LDO) Đức Trọng 1,Hàng Mới Ca 1,2026-09-21 - Thứ 2,234,30.34%,20.51%,0.00%,21.25,48,0,71,0,186,163,69.66%,79.49%,234,Lâm Đồng,NTB,AM Vũ
NTB - Lâm Đồng,(LDO) Đức Trọng 1,Hàng Mới Ca 1,2026-09-17 - Thứ 5,305,51.15%,40.33%,0.00%,18.04,123,0,156,0,182,149,48.85%,59.67%,305,Lâm Đồng,NTB,AM Vũ
NTB - Lâm Đồng,(LDO) Đức Trọng 1,Hàng Mới Ca 2,2026-10-08 - Thứ 5,1,0.00%,0.00%,0.00%,0,0,0,0,0,1,1,100.00%,100.00%,1,Lâm Đồng,NTB,AM Vũ
NTB - Lâm Đồng,(LDO) Đức Trọng 1,Hàng Tồn,2026-10-03 - Thứ 7,505,25.94%,11.68%,1.58%,65.49,59,8,131,8,438,374,74.06%,86.74%,0,Lâm Đồng,NTB,AM Vũ
NTB - Lâm Đồng,(LDO) Đức Trọng 1,Hàng Tồn,2026-09-18 - Thứ 6,732,41.53%,16.53%,1.91%,112.44,121,14,304,14,597,428,58.47%,81.56%,0,Lâm Đồng,NTB,AM Vũ
NTB - Lâm Đồng,(LDO) Đức Trọng 1,Hàng Tồn,2026-09-21 - Thứ 2,819,60.20%,28.45%,2.56%,89.24,233,21,493,21,565,326,39.80%,68.99%,0,Lâm Đồng,NTB,AM Vũ
NTB - Lâm Đồng,(LDO) Đức Trọng 1,Hàng Tồn,2026-09-20 - Chủ Nhật,752,55.59%,23.80%,1.46%,105.36,179,11,418,11,562,334,44.41%,74.74%,0,Lâm Đồng,NTB,AM Vũ
NTB - Lâm Đồng,(LDO) Đức Trọng 1,Hàng Tồn,2026-09-24 - Thứ 5,652,53.99%,19.33%,6.13%,105.85,126,40,352,40,486,300,46.01%,74.54%,0,Lâm Đồng,NTB,AM Vũ
NTB - Lâm Đồng,(LDO) Đức Trọng 1,Hàng Tồn,2026-10-01 - Thứ 5,363,44.08%,17.91%,2.20%,81.69,65,8,160,8,290,203,55.92%,79.89%,0,Lâm Đồng,NTB,AM Vũ
NTB - Lâm Đồng,(LDO) Đức Trọng 1,Hàng Tồn,2026-10-05 - Thứ 2,822,58.03%,24.21%,2.92%,63.92,199,24,477,24,599,345,41.97%,72.87%,0,Lâm Đồng,NTB,AM Vũ
NTB - Lâm Đồng,(LDO) Đức Trọng 1,Hàng Tồn,2026-09-22 - Thứ 3,713,58.49%,27.77%,1.68%,90.67,198,12,417,12,503,296,41.51%,70.55%,0,Lâm Đồng,NTB,AM Vũ
NTB - Lâm Đồng,(LDO) Đức Trọng 1,Hàng Tồn,2026-09-23 - Thứ 4,671,50.37%,16.99%,2.68%,80.61,114,18,338,18,539,333,49.63%,80.33%,0,Lâm Đồng,NTB,AM Vũ
NTB - Lâm Đồng,(LDO) Đức Trọng 1,Hàng Tồn,2026-09-14 - Thứ 2,901,49.61%,24.64%,3.44%,104.59,222,31,447,31,648,454,50.39%,71.92%,0,Lâm Đồng,NTB,AM Vũ
NTB - Lâm Đồng,(LDO) Đức Trọng 1,Hàng Tồn,2026-09-15 - Thứ 3,867,53.52%,22.72%,1.38%,118.52,197,12,464,12,658,403,46.48%,75.90%,0,Lâm Đồng,NTB,AM Vũ
NTB - Lâm Đồng,(LDO) Đức Trọng 1,Hàng Tồn,2026-10-02 - Thứ 6,472,41.10%,20.34%,6.36%,90.05,96,30,194,30,346,278,58.90%,73.30%,0,Lâm Đồng,NTB,AM Vũ
NTB - Lâm Đồng,(LDO) Đức Trọng 1,Hàng Tồn,2026-09-29 - Thứ 3,501,95.01%,35.33%,3.99%,83.17,177,20,476,20,304,25,4.99%,60.68%,0,Lâm Đồng,NTB,AM Vũ
NTB - Lâm Đồng,(LDO) Đức Trọng 1,Hàng Tồn,2026-10-08 - Thứ 5,817,45.65%,24.11%,2.69%,85.44,197,22,373,22,598,444,54.35%,73.20%,0,Lâm Đồng,NTB,AM Vũ
NTB - Lâm Đồng,(LDO) Đức Trọng 1,Hàng Tồn,2026-09-19 - Thứ 7,792,37.88%,18.43%,1.89%,99.04,146,15,300,15,631,492,62.12%,79.68%,0,Lâm Đồng,NTB,AM Vũ
NTB - Lâm Đồng,(LDO) Đức Trọng 1,Hàng Tồn,2026-10-04 - Chủ Nhật,670,37.01%,22.99%,0.45%,73.42,154,3,248,3,513,422,62.99%,76.56%,0,Lâm Đồng,NTB,AM Vũ
NTB - Lâm Đồng,(LDO) Đức Trọng 1,Hàng Tồn,2026-09-30 - Thứ 4,440,67.73%,29.55%,4.77%,66.93,130,21,298,21,289,142,32.27%,65.68%,0,Lâm Đồng,NTB,AM Vũ
NTB - Lâm Đồng,(LDO) Đức Trọng 1,Hàng Tồn,2026-09-17 - Thứ 5,715,48.11%,16.64%,2.94%,126.01,119,21,344,21,575,371,51.89%,80.42%,0,Lâm Đồng,NTB,AM Vũ
NTB - Lâm Đồng,(LDO) Đức Trọng 1,Hàng Tồn,2026-10-09 - Thứ 6,855,55.56%,29.36%,4.21%,70.64,251,36,475,36,568,380,44.44%,66.43%,0,Lâm Đồng,NTB,AM Vũ
NTB - Lâm Đồng,(LDO) Đức Trọng 1,Hàng Tồn,2026-09-26 - Thứ 7,691,55.86%,22.58%,2.46%,77.6,156,17,386,17,518,305,44.14%,74.96%,0,Lâm Đồng,NTB,AM Vũ
NTB - Lâm Đồng,(LDO) Đức Trọng 1,Hàng Tồn,2026-09-28 - Thứ 2,588,66.84%,26.87%,4.76%,72.88,158,28,393,28,402,195,33.16%,68.37%,0,Lâm Đồng,NTB,AM Vũ
NTB - Lâm Đồng,(LDO) Đức Trọng 1,Hàng Tồn,2026-10-07 - Thứ 4,799,57.82%,26.41%,1.88%,83.16,211,15,462,15,573,337,42.18%,71.71%,0,Lâm Đồng,NTB,AM Vũ
NTB - Lâm Đồng,(LDO) Đức Trọng 1,Hàng Tồn,2026-09-16 - Thứ 4,831,54.51%,26.35%,1.44%,90.48,219,12,453,12,600,378,45.49%,72.21%,0,Lâm Đồng,NTB,AM Vũ
NTB - Lâm Đồng,(LDO) Đức Trọng 1,Hàng Tồn,2026-09-27 - Chủ Nhật,639,64.01%,30.05%,5.32%,87.95,192,34,409,34,413,230,35.99%,64.63%,0,Lâm Đồng,NTB,AM Vũ
NTB - Lâm Đồng,(LDO) Đức Trọng 1,Hàng Tồn,2026-09-13 - Chủ Nhật,"1,006",39.46%,21.17%,1.79%,103.76,213,18,397,18,775,609,60.54%,77.04%,0,Lâm Đồng,NTB,AM Vũ
NTB - Lâm Đồng,(LDO) Đức Trọng 1,Hàng Tồn,2026-10-06 - Thứ 3,824,49.88%,22.69%,1.46%,71.01,187,12,411,12,625,413,50.12%,75.85%,0,Lâm Đồng,NTB,AM Vũ
NTB - Lâm Đồng,(LDO) Đức Trọng 1,Hàng Tồn,2026-09-12 - Thứ 7,"1,009",39.25%,17.44%,1.49%,88.01,176,15,396,15,818,613,60.75%,81.07%,0,Lâm Đồng,NTB,AM Vũ
NTB - Lâm Đồng,(LDO) Đức Trọng 1,Hàng Tồn,2026-09-25 - Thứ 6,713,68.16%,29.17%,2.52%,75.71,208,18,486,18,487,227,31.84%,68.31%,0,Lâm Đồng,NTB,AM Vũ
NTB - Lâm Đồng,(LDO) Đạ Tẻh,Hàng Mới Ca 1,2026-09-16 - Thứ 4,306,100.00%,81.37%,0.65%,11.69,249,2,306,2,55,0,0.00%,17.98%,306,Lâm Đồng,NTB,AM Nghĩa
NTB - Lâm Đồng,(LDO) Đạ Tẻh,Hàng Mới Ca 1,2026-09-25 - Thứ 6,511,99.61%,83.17%,0.98%,11.19,425,5,509,5,81,2,0.39%,15.85%,511,Lâm Đồng,NTB,AM Nghĩa
NTB - Lâm Đồng,(LDO) Đạ Tẻh,Hàng Mới Ca 1,2026-09-27 - Chủ Nhật,263,100.00%,89.73%,0.38%,5.51,236,1,263,1,26,0,0.00%,9.89%,263,Lâm Đồng,NTB,AM Nghĩa
NTB - Lâm Đồng,(LDO) Đạ Tẻh,Hàng Mới Ca 1,2026-09-21 - Thứ 2,80,100.00%,82.50%,1.25%,5.55,66,1,80,1,13,0,0.00%,16.25%,80,Lâm Đồng,NTB,AM Nghĩa
NTB - Lâm Đồng,(LDO) Đạ Tẻh,Hàng Mới Ca 1,2026-09-20 - Chủ Nhật,392,99.74%,84.18%,1.02%,13.2,330,4,391,4,58,1,0.26%,14.80%,392,Lâm Đồng,NTB,AM Nghĩa
NTB - Lâm Đồng,(LDO) Đạ Tẻh,Hàng Mới Ca 1,2026-09-24 - Thứ 5,355,99.44%,87.32%,0.85%,11.95,310,3,353,3,42,2,0.56%,11.83%,355,Lâm Đồng,NTB,AM Nghĩa
NTB - Lâm Đồng,(LDO) Đạ Tẻh,Hàng Mới Ca 1,2026-10-01 - Thứ 5,330,99.39%,85.15%,1.21%,12.63,281,4,328,4,45,2,0.61%,13.64%,330,Lâm Đồng,NTB,AM Nghĩa
NTB - Lâm Đồng,(LDO) Đạ Tẻh,Hàng Mới Ca 1,2026-09-12 - Thứ 7,158,97.47%,82.91%,2.53%,5.97,131,4,154,4,23,4,2.53%,14.56%,158,Lâm Đồng,NTB,AM Nghĩa
NTB - Lâm Đồng,(LDO) Đạ Tẻh,Hàng Mới Ca 1,2026-10-05 - Thứ 2,432,100.00%,84.72%,0.93%,6.38,366,4,432,4,62,0,0.00%,14.35%,432,Lâm Đồng,NTB,AM Nghĩa
NTB - Lâm Đồng,(LDO) Đạ Tẻh,Hàng Mới Ca 1,2026-09-22 - Thứ 3,380,94.47%,78.95%,2.37%,5.73,300,9,359,9,71,21,5.53%,18.68%,380,Lâm Đồng,NTB,AM Nghĩa
NTB - Lâm Đồng,(LDO) Đạ Tẻh,Hàng Mới Ca 1,2026-09-14 - Thứ 2,461,99.57%,83.08%,0.87%,14.33,383,4,459,4,74,2,0.43%,16.05%,461,Lâm Đồng,NTB,AM Nghĩa
NTB - Lâm Đồng,(LDO) Đạ Tẻh,Hàng Mới Ca 1,2026-09-15 - Thứ 3,436,99.77%,86.01%,0.92%,14,375,4,435,4,57,1,0.23%,13.07%,436,Lâm Đồng,NTB,AM Nghĩa
NTB - Lâm Đồng,(LDO) Đạ Tẻh,Hàng Mới Ca 1,2026-10-02 - Thứ 6,477,99.16%,85.12%,2.31%,15.37,406,11,473,11,60,4,0.84%,12.57%,477,Lâm Đồng,NTB,AM Nghĩa
NTB - Lâm Đồng,(LDO) Đạ Tẻh,Hàng Mới Ca 1,2026-09-29 - Thứ 3,190,99.47%,83.68%,1.05%,6.18,159,2,189,2,29,1,0.53%,15.27%,190,Lâm Đồng,NTB,AM Nghĩa
NTB - Lâm Đồng,(LDO) Đạ Tẻh,Hàng Mới Ca 1,2026-10-08 - Thứ 5,283,99.65%,89.05%,0.71%,6.63,252,2,282,2,29,1,0.35%,10.24%,283,Lâm Đồng,NTB,AM Nghĩa
NTB - Lâm Đồng,(LDO) Đạ Tẻh,Hàng Mới Ca 1,2026-09-19 - Thứ 7,332,99.70%,90.66%,0.90%,5.49,301,3,331,3,28,1,0.30%,8.44%,332,Lâm Đồng,NTB,AM Nghĩa
NTB - Lâm Đồng,(LDO) Đạ Tẻh,Hàng Mới Ca 1,2026-10-04 - Chủ Nhật,285,99.30%,87.72%,2.46%,6.12,250,7,283,7,28,2,0.70%,9.82%,285,Lâm Đồng,NTB,AM Nghĩa
NTB - Lâm Đồng,(LDO) Đạ Tẻh,Hàng Mới Ca 1,2026-09-30 - Thứ 4,132,100.00%,93.94%,1.52%,6.52,124,2,132,2,6,0,0.00%,4.54%,132,Lâm Đồng,NTB,AM Nghĩa
NTB - Lâm Đồng,(LDO) Đạ Tẻh,Hàng Mới Ca 1,2026-09-26 - Thứ 7,409,99.76%,87.04%,0.00%,10.55,356,0,408,0,53,1,0.24%,12.96%,409,Lâm Đồng,NTB,AM Nghĩa
NTB - Lâm Đồng,(LDO) Đạ Tẻh,Hàng Mới Ca 1,2026-09-28 - Thứ 2,333,99.70%,87.09%,0.90%,9.52,290,3,332,3,40,1,0.30%,12.01%,333,Lâm Đồng,NTB,AM Nghĩa
NTB - Lâm Đồng,(LDO) Đạ Tẻh,Hàng Mới Ca 1,2026-10-07 - Thứ 4,377,99.47%,87.00%,1.59%,5.57,328,6,375,6,43,2,0.53%,11.41%,377,Lâm Đồng,NTB,AM Nghĩa
NTB - Lâm Đồng,(LDO) Đạ Tẻh,Hàng Mới Ca 1,2026-10-03 - Thứ 7,274,100.00%,75.18%,1.09%,6.03,206,3,274,3,65,0,0.00%,23.73%,274,Lâm Đồng,NTB,AM Nghĩa
NTB - Lâm Đồng,(LDO) Đạ Tẻh,Hàng Mới Ca 1,2026-09-18 - Thứ 6,402,100.00%,85.32%,0.75%,7.6,343,3,402,3,56,0,0.00%,13.93%,402,Lâm Đồng,NTB,AM Nghĩa
NTB - Lâm Đồng,(LDO) Đạ Tẻh,Hàng Mới Ca 1,2026-10-06 - Thứ 3,255,99.61%,87.06%,0.39%,6.13,222,1,254,1,32,1,0.39%,12.55%,255,Lâm Đồng,NTB,AM Nghĩa
NTB - Lâm Đồng,(LDO) Đạ Tẻh,Hàng Mới Ca 1,2026-09-23 - Thứ 4,339,99.12%,89.09%,2.36%,8.82,302,8,336,8,29,3,0.88%,8.55%,339,Lâm Đồng,NTB,AM Nghĩa
NTB - Lâm Đồng,(LDO) Đạ Tẻh,Hàng Mới Ca 1,2026-09-17 - Thứ 5,480,99.38%,60.42%,0.83%,6.49,290,4,477,4,186,3,0.62%,38.75%,480,Lâm Đồng,NTB,AM Nghĩa
NTB - Lâm Đồng,(LDO) Đạ Tẻh,Hàng Mới Ca 1,2026-10-09 - Thứ 6,244,99.18%,83.61%,0.82%,5.78,204,2,242,2,38,2,0.82%,15.57%,244,Lâm Đồng,NTB,AM Nghĩa
NTB - Lâm Đồng,(LDO) Đạ Tẻh,Hàng Mới Ca 2,2026-09-27 - Chủ Nhật,140,54.29%,44.29%,0.71%,10.84,62,1,76,1,77,64,45.71%,55.00%,140,Lâm Đồng,NTB,AM Nghĩa
NTB - Lâm Đồng,(LDO) Đạ Tẻh,Hàng Mới Ca 2,2026-09-20 - Chủ Nhật,282,37.59%,28.01%,0.71%,2.71,79,2,106,2,201,176,62.41%,71.28%,282,Lâm Đồng,NTB,AM Nghĩa
NTB - Lâm Đồng,(LDO) Đạ Tẻh,Hàng Mới Ca 2,2026-09-24 - Thứ 5,105,37.14%,33.33%,0.95%,2.34,35,1,39,1,69,66,62.86%,65.72%,105,Lâm Đồng,NTB,AM Nghĩa
NTB - Lâm Đồng,(LDO) Đạ Tẻh,Hàng Mới Ca 2,2026-10-01 - Thứ 5,16,100.00%,93.75%,0.00%,25.07,15,0,16,0,1,0,0.00%,6.25%,16,Lâm Đồng,NTB,AM Nghĩa
NTB - Lâm Đồng,(LDO) Đạ Tẻh,Hàng Mới Ca 2,2026-09-12 - Thứ 7,349,39.54%,33.24%,0.57%,2.9,116,2,138,2,231,211,60.46%,66.19%,349,Lâm Đồng,NTB,AM Nghĩa
NTB - Lâm Đồng,(LDO) Đạ Tẻh,Hàng Mới Ca 2,2026-10-05 - Thứ 2,197,31.47%,29.44%,0.00%,8.38,58,0,62,0,139,135,68.53%,70.56%,197,Lâm Đồng,NTB,AM Nghĩa
NTB - Lâm Đồng,(LDO) Đạ Tẻh,Hàng Mới Ca 2,2026-09-15 - Thứ 3,113,33.63%,27.43%,1.77%,1.74,31,2,38,2,80,75,66.37%,70.80%,113,Lâm Đồng,NTB,AM Nghĩa
NTB - Lâm Đồng,(LDO) Đạ Tẻh,Hàng Mới Ca 2,2026-10-02 - Thứ 6,205,40.49%,36.59%,0.00%,1.96,75,0,83,0,130,122,59.51%,63.41%,205,Lâm Đồng,NTB,AM Nghĩa
NTB - Lâm Đồng,(LDO) Đạ Tẻh,Hàng Mới Ca 2,2026-09-29 - Thứ 3,187,51.34%,44.92%,0.00%,7.12,84,0,96,0,103,91,48.66%,55.08%,187,Lâm Đồng,NTB,AM Nghĩa
NTB - Lâm Đồng,(LDO) Đạ Tẻh,Hàng Mới Ca 2,2026-10-04 - Chủ Nhật,94,46.81%,38.30%,1.06%,8.83,36,1,44,1,57,50,53.19%,60.64%,94,Lâm Đồng,NTB,AM Nghĩa
NTB - Lâm Đồng,(LDO) Đạ Tẻh,Hàng Mới Ca 2,2026-10-09 - Thứ 6,74,83.78%,31.08%,0.00%,7.13,23,0,62,0,51,12,16.22%,68.92%,74,Lâm Đồng,NTB,AM Nghĩa
NTB - Lâm Đồng,(LDO) Đạ Tẻh,Hàng Mới Ca 2,2026-09-26 - Thứ 7,102,44.12%,38.24%,0.98%,2.64,39,1,45,1,62,57,55.88%,60.78%,102,Lâm Đồng,NTB,AM Nghĩa
NTB - Lâm Đồng,(LDO) Đạ Tẻh,Hàng Mới Ca 2,2026-09-28 - Thứ 2,146,50.00%,40.41%,0.00%,6.86,59,0,73,0,87,73,50.00%,59.59%,146,Lâm Đồng,NTB,AM Nghĩa
NTB - Lâm Đồng,(LDO) Đạ Tẻh,Hàng Mới Ca 2,2026-10-07 - Thứ 4,256,47.27%,38.67%,0.39%,4.84,99,1,121,1,156,135,52.73%,60.94%,256,Lâm Đồng,NTB,AM Nghĩa
NTB - Lâm Đồng,(LDO) Đạ Tẻh,Hàng Mới Ca 2,2026-10-03 - Thứ 7,130,53.85%,42.31%,0.00%,14.51,55,0,70,0,75,60,46.15%,57.69%,130,Lâm Đồng,NTB,AM Nghĩa
NTB - Lâm Đồng,(LDO) Đạ Tẻh,Hàng Mới Ca 2,2026-09-16 - Thứ 4,78,26.92%,25.64%,0.00%,2.33,20,0,21,0,58,57,73.08%,74.36%,78,Lâm Đồng,NTB,AM Nghĩa
NTB - Lâm Đồng,(LDO) Đạ Tẻh,Hàng Mới Ca 2,2026-09-21 - Thứ 2,66,33.33%,33.33%,0.00%,0.73,22,0,22,0,44,44,66.67%,66.67%,66,Lâm Đồng,NTB,AM Nghĩa
NTB - Lâm Đồng,(LDO) Đạ Tẻh,Hàng Mới Ca 2,2026-10-08 - Thứ 5,303,47.85%,44.88%,0.33%,9.16,136,1,145,1,166,158,52.15%,54.79%,303,Lâm Đồng,NTB,AM Nghĩa
NTB - Lâm Đồng,(LDO) Đạ Tẻh,Hàng Mới Ca 2,2026-09-30 - Thứ 4,132,59.85%,52.27%,0.00%,9.83,69,0,79,0,63,53,40.15%,47.73%,132,Lâm Đồng,NTB,AM Nghĩa
NTB - Lâm Đồng,(LDO) Đạ Tẻh,Hàng Mới Ca 2,2026-09-25 - Thứ 6,27,100.00%,96.30%,0.00%,23.04,26,0,27,0,1,0,0.00%,3.70%,27,Lâm Đồng,NTB,AM Nghĩa
NTB - Lâm Đồng,(LDO) Đạ Tẻh,Hàng Mới Ca 2,2026-09-13 - Chủ Nhật,313,100.00%,76.68%,0.96%,5.04,240,3,313,3,70,0,0.00%,22.36%,313,Lâm Đồng,NTB,AM Nghĩa
NTB - Lâm Đồng,(LDO) Đạ Tẻh,Hàng Mới Ca 2,2026-10-06 - Thứ 3,69,84.06%,73.91%,1.45%,15.75,51,1,58,1,17,11,15.94%,24.64%,69,Lâm Đồng,NTB,AM Nghĩa
NTB - Lâm Đồng,(LDO) Đạ Tẻh,Hàng Mới Ca 2,2026-09-18 - Thứ 6,44,38.64%,31.82%,2.27%,2.5,14,1,17,1,29,27,61.36%,65.91%,44,Lâm Đồng,NTB,AM Nghĩa
NTB - Lâm Đồng,(LDO) Đạ Tẻh,Hàng Mới Ca 2,2026-09-14 - Thứ 2,2,0.00%,0.00%,0.00%,0,0,0,0,0,2,2,100.00%,100.00%,2,Lâm Đồng,NTB,AM Nghĩa
NTB - Lâm Đồng,(LDO) Đạ Tẻh,Hàng Mới Ca 2,2026-09-19 - Thứ 7,1,0.00%,0.00%,0.00%,0,0,0,0,0,1,1,100.00%,100.00%,1,Lâm Đồng,NTB,AM Nghĩa
NTB - Lâm Đồng,(LDO) Đạ Tẻh,Hàng Tồn,2026-10-03 - Thứ 7,218,98.62%,62.39%,2.75%,28.9,136,6,215,6,76,3,1.38%,34.86%,0,Lâm Đồng,NTB,AM Nghĩa
NTB - Lâm Đồng,(LDO) Đạ Tẻh,Hàng Tồn,2026-09-25 - Thứ 6,135,98.52%,65.93%,6.67%,35.3,89,9,133,9,37,2,1.48%,27.40%,0,Lâm Đồng,NTB,AM Nghĩa
NTB - Lâm Đồng,(LDO) Đạ Tẻh,Hàng Tồn,2026-09-21 - Thứ 2,284,98.24%,67.96%,3.17%,27.85,193,9,279,9,82,5,1.76%,28.87%,0,Lâm Đồng,NTB,AM Nghĩa
NTB - Lâm Đồng,(LDO) Đạ Tẻh,Hàng Tồn,2026-10-06 - Thứ 3,238,98.32%,68.49%,3.36%,26.95,163,8,234,8,67,4,1.68%,28.15%,0,Lâm Đồng,NTB,AM Nghĩa
NTB - Lâm Đồng,(LDO) Đạ Tẻh,Hàng Tồn,2026-10-01 - Thứ 5,110,98.18%,69.09%,6.36%,31.77,76,7,108,7,27,2,1.82%,24.55%,0,Lâm Đồng,NTB,AM Nghĩa
NTB - Lâm Đồng,(LDO) Đạ Tẻh,Hàng Tồn,2026-09-12 - Thứ 7,272,99.26%,66.54%,2.21%,31.48,181,6,270,6,85,2,0.74%,31.25%,0,Lâm Đồng,NTB,AM Nghĩa
NTB - Lâm Đồng,(LDO) Đạ Tẻh,Hàng Tồn,2026-10-05 - Thứ 2,139,94.96%,56.83%,2.88%,32.87,79,4,132,4,56,7,5.04%,40.29%,0,Lâm Đồng,NTB,AM Nghĩa
NTB - Lâm Đồng,(LDO) Đạ Tẻh,Hàng Tồn,2026-09-22 - Thứ 3,136,94.85%,59.56%,5.15%,35.07,81,7,129,7,48,7,5.15%,35.29%,0,Lâm Đồng,NTB,AM Nghĩa
NTB - Lâm Đồng,(LDO) Đạ Tẻh,Hàng Tồn,2026-09-15 - Thứ 3,118,97.46%,48.31%,5.93%,44.36,57,7,115,7,54,3,2.54%,45.76%,0,Lâm Đồng,NTB,AM Nghĩa
NTB - Lâm Đồng,(LDO) Đạ Tẻh,Hàng Tồn,2026-09-29 - Thứ 3,161,98.76%,65.22%,3.11%,31.25,105,5,159,5,51,2,1.24%,31.67%,0,Lâm Đồng,NTB,AM Nghĩa
NTB - Lâm Đồng,(LDO) Đạ Tẻh,Hàng Tồn,2026-10-08 - Thứ 5,233,97.85%,68.24%,5.58%,26.15,159,13,228,13,61,5,2.15%,26.18%,0,Lâm Đồng,NTB,AM Nghĩa
NTB - Lâm Đồng,(LDO) Đạ Tẻh,Hàng Tồn,2026-09-19 - Thứ 7,131,98.47%,61.83%,3.82%,33.85,81,5,129,5,45,2,1.53%,34.35%,0,Lâm Đồng,NTB,AM Nghĩa
NTB - Lâm Đồng,(LDO) Đạ Tẻh,Hàng Tồn,2026-10-04 - Chủ Nhật,200,97.00%,62.50%,2.50%,32.22,125,5,194,5,70,6,3.00%,35.00%,0,Lâm Đồng,NTB,AM Nghĩa
NTB - Lâm Đồng,(LDO) Đạ Tẻh,Hàng Tồn,2026-09-30 - Thứ 4,169,98.82%,63.31%,2.37%,25.78,107,4,167,4,58,2,1.18%,34.32%,0,Lâm Đồng,NTB,AM Nghĩa
NTB - Lâm Đồng,(LDO) Đạ Tẻh,Hàng Tồn,2026-09-17 - Thứ 5,177,99.44%,54.80%,4.52%,38.83,97,8,176,8,72,1,0.56%,40.68%,0,Lâm Đồng,NTB,AM Nghĩa
NTB - Lâm Đồng,(LDO) Đạ Tẻh,Hàng Tồn,2026-10-09 - Thứ 6,246,98.37%,69.51%,3.25%,28.49,171,8,242,8,67,4,1.63%,27.24%,0,Lâm Đồng,NTB,AM Nghĩa
NTB - Lâm Đồng,(LDO) Đạ Tẻh,Hàng Tồn,2026-09-26 - Thứ 7,111,97.30%,46.85%,6.31%,40.54,52,7,108,7,52,3,2.70%,46.84%,0,Lâm Đồng,NTB,AM Nghĩa
NTB - Lâm Đồng,(LDO) Đạ Tẻh,Hàng Tồn,2026-09-16 - Thứ 4,169,98.82%,51.48%,3.55%,30.64,87,6,167,6,76,2,1.18%,44.97%,0,Lâm Đồng,NTB,AM Nghĩa
NTB - Lâm Đồng,(LDO) Đạ Tẻh,Hàng Tồn,2026-09-18 - Thứ 6,251,99.20%,71.71%,4.38%,35.87,180,11,249,11,60,2,0.80%,23.91%,0,Lâm Đồng,NTB,AM Nghĩa
NTB - Lâm Đồng,(LDO) Đạ Tẻh,Hàng Tồn,2026-09-27 - Chủ Nhật,157,98.73%,57.32%,5.10%,33.97,90,8,155,8,59,2,1.27%,37.58%,0,Lâm Đồng,NTB,AM Nghĩa
NTB - Lâm Đồng,(LDO) Đạ Tẻh,Hàng Tồn,2026-09-20 - Chủ Nhật,60,95.00%,25.00%,8.33%,49.53,15,5,57,5,40,3,5.00%,66.67%,0,Lâm Đồng,NTB,AM Nghĩa
NTB - Lâm Đồng,(LDO) Đạ Tẻh,Hàng Tồn,2026-09-24 - Thứ 5,73,91.78%,35.62%,5.48%,43.52,26,4,67,4,43,6,8.22%,58.90%,0,Lâm Đồng,NTB,AM Nghĩa
NTB - Lâm Đồng,(LDO) Đạ Tẻh,Hàng Tồn,2026-09-23 - Thứ 4,99,93.94%,44.44%,4.04%,42.44,44,4,93,4,51,6,6.06%,51.52%,0,Lâm Đồng,NTB,AM Nghĩa
NTB - Lâm Đồng,(LDO) Đạ Tẻh,Hàng Tồn,2026-09-14 - Thứ 2,125,98.40%,55.20%,3.20%,38.72,69,4,123,4,52,2,1.60%,41.60%,0,Lâm Đồng,NTB,AM Nghĩa
NTB - Lâm Đồng,(LDO) Đạ Tẻh,Hàng Tồn,2026-10-02 - Thứ 6,64,96.88%,32.81%,6.25%,42.9,21,4,62,4,39,2,3.12%,60.94%,0,Lâm Đồng,NTB,AM Nghĩa
NTB - Lâm Đồng,(LDO) Đạ Tẻh,Hàng Tồn,2026-09-28 - Thứ 2,137,98.54%,61.31%,5.11%,30.25,84,7,135,7,46,2,1.46%,33.58%,0,Lâm Đồng,NTB,AM Nghĩa
NTB - Lâm Đồng,(LDO) Đạ Tẻh,Hàng Tồn,2026-10-07 - Thứ 4,101,96.04%,45.54%,7.92%,38.64,46,8,97,8,47,4,3.96%,46.54%,0,Lâm Đồng,NTB,AM Nghĩa
NTB - Lâm Đồng,(LDO) Đạ Tẻh,Hàng Tồn,2026-09-13 - Chủ Nhật,318,99.06%,72.96%,3.77%,27.32,232,12,315,12,74,3,0.94%,23.27%,0,Lâm Đồng,NTB,AM Nghĩa
NTB - Lâm Đồng,(LDO) Đạ Huoai,Hàng Mới Ca 1,2026-10-03 - Thứ 7,414,99.28%,81.40%,1.45%,11.66,337,6,411,6,71,3,0.72%,17.15%,414,Lâm Đồng,NTB,AM Nghĩa
NTB - Lâm Đồng,(LDO) Đạ Huoai,Hàng Mới Ca 1,2026-09-16 - Thứ 4,347,98.56%,86.17%,1.44%,11.93,299,5,342,5,43,5,1.44%,12.39%,347,Lâm Đồng,NTB,AM Nghĩa
NTB - Lâm Đồng,(LDO) Đạ Huoai,Hàng Mới Ca 1,2026-09-25 - Thứ 6,559,99.46%,83.01%,0.89%,10.15,464,5,556,5,90,3,0.54%,16.10%,559,Lâm Đồng,NTB,AM Nghĩa
NTB - Lâm Đồng,(LDO) Đạ Huoai,Hàng Mới Ca 1,2026-09-18 - Thứ 6,454,100.00%,78.41%,1.10%,8.71,356,5,454,5,93,0,0.00%,20.49%,454,Lâm Đồng,NTB,AM Nghĩa
NTB - Lâm Đồng,(LDO) Đạ Huoai,Hàng Mới Ca 1,2026-09-27 - Chủ Nhật,242,100.00%,80.99%,0.41%,13.06,196,1,242,1,45,0,0.00%,18.60%,242,Lâm Đồng,NTB,AM Nghĩa
NTB - Lâm Đồng,(LDO) Đạ Huoai,Hàng Mới Ca 1,2026-09-12 - Thứ 7,188,97.87%,86.17%,0.53%,5.46,162,1,184,1,25,4,2.13%,13.30%,188,Lâm Đồng,NTB,AM Nghĩa
NTB - Lâm Đồng,(LDO) Đạ Huoai,Hàng Mới Ca 1,2026-10-05 - Thứ 2,403,99.26%,85.86%,0.99%,7.41,346,4,400,4,53,3,0.74%,13.15%,403,Lâm Đồng,NTB,AM Nghĩa
NTB - Lâm Đồng,(LDO) Đạ Huoai,Hàng Mới Ca 1,2026-09-23 - Thứ 4,318,99.69%,88.36%,0.31%,10.28,281,1,317,1,36,1,0.31%,11.33%,318,Lâm Đồng,NTB,AM Nghĩa
NTB - Lâm Đồng,(LDO) Đạ Huoai,Hàng Mới Ca 1,2026-09-14 - Thứ 2,337,100.00%,86.35%,1.48%,10.62,291,5,337,5,41,0,0.00%,12.17%,337,Lâm Đồng,NTB,AM Nghĩa
NTB - Lâm Đồng,(LDO) Đạ Huoai,Hàng Mới Ca 1,2026-09-15 - Thứ 3,295,99.66%,87.46%,0.00%,11.39,258,0,294,0,37,1,0.34%,12.54%,295,Lâm Đồng,NTB,AM Nghĩa
NTB - Lâm Đồng,(LDO) Đạ Huoai,Hàng Mới Ca 1,2026-10-02 - Thứ 6,434,99.54%,84.33%,1.38%,14.18,366,6,432,6,62,2,0.46%,14.29%,434,Lâm Đồng,NTB,AM Nghĩa
NTB - Lâm Đồng,(LDO) Đạ Huoai,Hàng Mới Ca 1,2026-09-29 - Thứ 3,309,99.03%,81.88%,0.32%,10.57,253,1,306,1,55,3,0.97%,17.80%,309,Lâm Đồng,NTB,AM Nghĩa
NTB - Lâm Đồng,(LDO) Đạ Huoai,Hàng Mới Ca 1,2026-10-08 - Thứ 5,367,99.46%,85.83%,1.91%,10.85,315,7,365,7,45,2,0.54%,12.26%,367,Lâm Đồng,NTB,AM Nghĩa
NTB - Lâm Đồng,(LDO) Đạ Huoai,Hàng Mới Ca 1,2026-09-19 - Thứ 7,284,100.00%,84.51%,0.70%,9.74,240,2,284,2,42,0,0.00%,14.79%,284,Lâm Đồng,NTB,AM Nghĩa
NTB - Lâm Đồng,(LDO) Đạ Huoai,Hàng Mới Ca 1,2026-10-04 - Chủ Nhật,316,100.00%,91.14%,0.00%,8.82,288,0,316,0,28,0,0.00%,8.86%,316,Lâm Đồng,NTB,AM Nghĩa
NTB - Lâm Đồng,(LDO) Đạ Huoai,Hàng Mới Ca 1,2026-09-30 - Thứ 4,254,99.21%,88.19%,0.79%,11.39,224,2,252,2,28,2,0.79%,11.02%,254,Lâm Đồng,NTB,AM Nghĩa
NTB - Lâm Đồng,(LDO) Đạ Huoai,Hàng Mới Ca 1,2026-09-17 - Thứ 5,401,99.25%,86.28%,0.75%,6.22,346,3,398,3,52,3,0.75%,12.97%,401,Lâm Đồng,NTB,AM Nghĩa
NTB - Lâm Đồng,(LDO) Đạ Huoai,Hàng Mới Ca 1,2026-10-09 - Thứ 6,440,99.32%,86.36%,0.91%,11.23,380,4,437,4,56,3,0.68%,12.73%,440,Lâm Đồng,NTB,AM Nghĩa
NTB - Lâm Đồng,(LDO) Đạ Huoai,Hàng Mới Ca 1,2026-09-28 - Thứ 2,289,100.00%,83.39%,1.38%,13.27,241,4,289,4,44,0,0.00%,15.23%,289,Lâm Đồng,NTB,AM Nghĩa
NTB - Lâm Đồng,(LDO) Đạ Huoai,Hàng Mới Ca 1,2026-10-07 - Thứ 4,444,99.55%,86.26%,1.13%,11.75,383,5,442,5,56,2,0.45%,12.61%,444,Lâm Đồng,NTB,AM Nghĩa
NTB - Lâm Đồng,(LDO) Đạ Huoai,Hàng Mới Ca 1,2026-09-21 - Thứ 2,187,100.00%,82.35%,1.07%,10.32,154,2,187,2,31,0,0.00%,16.58%,187,Lâm Đồng,NTB,AM Nghĩa
NTB - Lâm Đồng,(LDO) Đạ Huoai,Hàng Mới Ca 1,2026-09-13 - Chủ Nhật,477,99.58%,87.00%,0.63%,9.81,415,3,475,3,59,2,0.42%,12.37%,477,Lâm Đồng,NTB,AM Nghĩa
NTB - Lâm Đồng,(LDO) Đạ Huoai,Hàng Mới Ca 1,2026-09-24 - Thứ 5,310,99.68%,86.45%,2.58%,9.83,268,8,309,8,34,1,0.32%,10.97%,310,Lâm Đồng,NTB,AM Nghĩa
NTB - Lâm Đồng,(LDO) Đạ Huoai,Hàng Mới Ca 1,2026-10-06 - Thứ 3,291,99.66%,81.10%,0.34%,12.17,236,1,290,1,54,1,0.34%,18.56%,291,Lâm Đồng,NTB,AM Nghĩa
NTB - Lâm Đồng,(LDO) Đạ Huoai,Hàng Mới Ca 1,2026-10-01 - Thứ 5,318,99.69%,86.79%,1.26%,10.65,276,4,317,4,38,1,0.31%,11.95%,318,Lâm Đồng,NTB,AM Nghĩa
NTB - Lâm Đồng,(LDO) Đạ Huoai,Hàng Mới Ca 1,2026-09-20 - Chủ Nhật,305,99.02%,85.90%,0.66%,12.18,262,2,302,2,41,3,0.98%,13.44%,305,Lâm Đồng,NTB,AM Nghĩa
NTB - Lâm Đồng,(LDO) Đạ Huoai,Hàng Mới Ca 1,2026-09-26 - Thứ 7,349,99.43%,87.68%,1.15%,10.21,306,4,347,4,39,2,0.57%,11.17%,349,Lâm Đồng,NTB,AM Nghĩa
NTB - Lâm Đồng,(LDO) Đạ Huoai,Hàng Mới Ca 1,2026-09-22 - Thứ 3,372,91.13%,77.15%,0.81%,5.99,287,3,339,3,82,33,8.87%,22.04%,372,Lâm Đồng,NTB,AM Nghĩa
NTB - Lâm Đồng,(LDO) Đạ Huoai,Hàng Mới Ca 2,2026-09-27 - Chủ Nhật,118,15.25%,11.86%,0.85%,2.71,14,1,18,1,103,100,84.75%,87.29%,118,Lâm Đồng,NTB,AM Nghĩa
NTB - Lâm Đồng,(LDO) Đạ Huoai,Hàng Mới Ca 2,2026-09-21 - Thứ 2,23,4.35%,0.00%,0.00%,0,0,0,1,0,23,22,95.65%,100.00%,23,Lâm Đồng,NTB,AM Nghĩa
NTB - Lâm Đồng,(LDO) Đạ Huoai,Hàng Mới Ca 2,2026-10-06 - Thứ 3,51,29.41%,17.65%,0.00%,2.22,9,0,15,0,42,36,70.59%,82.35%,51,Lâm Đồng,NTB,AM Nghĩa
NTB - Lâm Đồng,(LDO) Đạ Huoai,Hàng Mới Ca 2,2026-09-14 - Thứ 2,80,5.00%,5.00%,0.00%,1.5,4,0,4,0,76,76,95.00%,95.00%,80,Lâm Đồng,NTB,AM Nghĩa
NTB - Lâm Đồng,(LDO) Đạ Huoai,Hàng Mới Ca 2,2026-09-29 - Thứ 3,92,7.61%,6.52%,0.00%,2.67,6,0,7,0,86,85,92.39%,93.48%,92,Lâm Đồng,NTB,AM Nghĩa
NTB - Lâm Đồng,(LDO) Đạ Huoai,Hàng Mới Ca 2,2026-10-08 - Thứ 5,58,15.52%,15.52%,0.00%,3.44,9,0,9,0,49,49,84.48%,84.48%,58,Lâm Đồng,NTB,AM Nghĩa
NTB - Lâm Đồng,(LDO) Đạ Huoai,Hàng Mới Ca 2,2026-09-19 - Thứ 7,122,7.38%,7.38%,0.00%,2.56,9,0,9,0,113,113,92.62%,92.62%,122,Lâm Đồng,NTB,AM Nghĩa
NTB - Lâm Đồng,(LDO) Đạ Huoai,Hàng Mới Ca 2,2026-09-30 - Thứ 4,92,4.35%,4.35%,0.00%,3.25,4,0,4,0,88,88,95.65%,95.65%,92,Lâm Đồng,NTB,AM Nghĩa
NTB - Lâm Đồng,(LDO) Đạ Huoai,Hàng Mới Ca 2,2026-09-17 - Thứ 5,1,100.00%,100.00%,0.00%,0,1,0,1,0,0,0,0.00%,0.00%,1,Lâm Đồng,NTB,AM Nghĩa
NTB - Lâm Đồng,(LDO) Đạ Huoai,Hàng Mới Ca 2,2026-10-09 - Thứ 6,72,9.72%,9.72%,0.00%,2,7,0,7,0,65,65,90.28%,90.28%,72,Lâm Đồng,NTB,AM Nghĩa
NTB - Lâm Đồng,(LDO) Đạ Huoai,Hàng Mới Ca 2,2026-09-26 - Thứ 7,107,7.48%,6.54%,0.00%,1,7,0,8,0,100,99,92.52%,93.46%,107,Lâm Đồng,NTB,AM Nghĩa
NTB - Lâm Đồng,(LDO) Đạ Huoai,Hàng Mới Ca 2,2026-09-28 - Thứ 2,54,9.26%,9.26%,0.00%,2,5,0,5,0,49,49,90.74%,90.74%,54,Lâm Đồng,NTB,AM Nghĩa
NTB - Lâm Đồng,(LDO) Đạ Huoai,Hàng Mới Ca 2,2026-10-07 - Thứ 4,98,12.24%,12.24%,0.00%,2.5,12,0,12,0,86,86,87.76%,87.76%,98,Lâm Đồng,NTB,AM Nghĩa
NTB - Lâm Đồng,(LDO) Đạ Huoai,Hàng Mới Ca 2,2026-10-03 - Thứ 7,26,19.23%,19.23%,0.00%,2.6,5,0,5,0,21,21,80.77%,80.77%,26,Lâm Đồng,NTB,AM Nghĩa
NTB - Lâm Đồng,(LDO) Đạ Huoai,Hàng Mới Ca 2,2026-09-18 - Thứ 6,68,2.94%,2.94%,0.00%,1,2,0,2,0,66,66,97.06%,97.06%,68,Lâm Đồng,NTB,AM Nghĩa
NTB - Lâm Đồng,(LDO) Đạ Huoai,Hàng Mới Ca 2,2026-09-20 - Chủ Nhật,105,7.62%,5.71%,0.95%,3,6,1,8,1,98,97,92.38%,93.34%,105,Lâm Đồng,NTB,AM Nghĩa
NTB - Lâm Đồng,(LDO) Đạ Huoai,Hàng Mới Ca 2,2026-09-13 - Chủ Nhật,88,21.59%,18.18%,1.14%,1.38,16,1,19,1,71,69,78.41%,80.68%,88,Lâm Đồng,NTB,AM Nghĩa
NTB - Lâm Đồng,(LDO) Đạ Huoai,Hàng Mới Ca 2,2026-09-12 - Thứ 7,78,30.77%,24.36%,1.28%,1.89,19,1,24,1,58,54,69.23%,74.36%,78,Lâm Đồng,NTB,AM Nghĩa
NTB - Lâm Đồng,(LDO) Đạ Huoai,Hàng Mới Ca 2,2026-09-22 - Thứ 3,2,0.00%,0.00%,0.00%,0,0,0,0,0,2,2,100.00%,100.00%,2,Lâm Đồng,NTB,AM Nghĩa
NTB - Lâm Đồng,(LDO) Đạ Huoai,Hàng Mới Ca 2,2026-09-15 - Thứ 3,55,18.18%,12.73%,3.64%,4,7,2,10,2,46,45,81.82%,83.63%,55,Lâm Đồng,NTB,AM Nghĩa
NTB - Lâm Đồng,(LDO) Đạ Huoai,Hàng Mới Ca 2,2026-10-04 - Chủ Nhật,99,0.00%,0.00%,0.00%,0,0,0,0,0,99,99,100.00%,100.00%,99,Lâm Đồng,NTB,AM Nghĩa
NTB - Lâm Đồng,(LDO) Đạ Huoai,Hàng Mới Ca 2,2026-09-16 - Thứ 4,35,20.00%,20.00%,0.00%,3.57,7,0,7,0,28,28,80.00%,80.00%,35,Lâm Đồng,NTB,AM Nghĩa
NTB - Lâm Đồng,(LDO) Đạ Huoai,Hàng Mới Ca 2,2026-09-25 - Thứ 6,2,0.00%,0.00%,0.00%,0,0,0,0,0,2,2,100.00%,100.00%,2,Lâm Đồng,NTB,AM Nghĩa
NTB - Lâm Đồng,(LDO) Đạ Huoai,Hàng Mới Ca 2,2026-10-05 - Thứ 2,49,2.04%,0.00%,0.00%,0,0,0,1,0,49,48,97.96%,100.00%,49,Lâm Đồng,NTB,AM Nghĩa
NTB - Lâm Đồng,(LDO) Đạ Huoai,Hàng Mới Ca 2,2026-09-23 - Thứ 4,57,3.51%,1.75%,0.00%,1,1,0,2,0,56,55,96.49%,98.25%,57,Lâm Đồng,NTB,AM Nghĩa
NTB - Lâm Đồng,(LDO) Đạ Huoai,Hàng Mới Ca 2,2026-09-24 - Thứ 5,78,14.10%,11.54%,1.28%,2.56,9,1,11,1,68,67,85.90%,87.18%,78,Lâm Đồng,NTB,AM Nghĩa
NTB - Lâm Đồng,(LDO) Đạ Huoai,Hàng Mới Ca 2,2026-10-02 - Thứ 6,59,27.12%,23.73%,0.00%,3.5,14,0,16,0,45,43,72.88%,76.27%,59,Lâm Đồng,NTB,AM Nghĩa
NTB - Lâm Đồng,(LDO) Đạ Huoai,Hàng Tồn,2026-10-07 - Thứ 4,133,96.24%,51.13%,7.52%,35.85,68,10,128,10,55,5,3.76%,41.35%,0,Lâm Đồng,NTB,AM Nghĩa
NTB - Lâm Đồng,(LDO) Đạ Huoai,Hàng Tồn,2026-09-25 - Thứ 6,159,96.86%,56.60%,2.52%,43.23,90,4,154,4,65,5,3.14%,40.88%,0,Lâm Đồng,NTB,AM Nghĩa
NTB - Lâm Đồng,(LDO) Đạ Huoai,Hàng Tồn,2026-09-27 - Chủ Nhật,199,97.49%,57.29%,5.03%,29.13,114,10,194,10,75,5,2.51%,37.68%,0,Lâm Đồng,NTB,AM Nghĩa
NTB - Lâm Đồng,(LDO) Đạ Huoai,Hàng Tồn,2026-09-20 - Chủ Nhật,226,95.13%,62.83%,3.54%,31.91,142,8,215,8,76,11,4.87%,33.63%,0,Lâm Đồng,NTB,AM Nghĩa
NTB - Lâm Đồng,(LDO) Đạ Huoai,Hàng Tồn,2026-09-13 - Chủ Nhật,122,98.36%,64.75%,2.46%,32.33,79,3,120,3,40,2,1.64%,32.79%,0,Lâm Đồng,NTB,AM Nghĩa
NTB - Lâm Đồng,(LDO) Đạ Huoai,Hàng Tồn,2026-09-24 - Thứ 5,154,77.92%,45.45%,5.84%,29.25,70,9,120,9,75,34,22.08%,48.71%,0,Lâm Đồng,NTB,AM Nghĩa
NTB - Lâm Đồng,(LDO) Đạ Huoai,Hàng Tồn,2026-10-01 - Thứ 5,164,97.56%,62.80%,3.05%,29.56,103,5,160,5,56,4,2.44%,34.15%,0,Lâm Đồng,NTB,AM Nghĩa
NTB - Lâm Đồng,(LDO) Đạ Huoai,Hàng Tồn,2026-09-22 - Thứ 3,96,95.83%,60.42%,6.25%,35.74,58,6,92,6,32,4,4.17%,33.33%,0,Lâm Đồng,NTB,AM Nghĩa
NTB - Lâm Đồng,(LDO) Đạ Huoai,Hàng Tồn,2026-09-23 - Thứ 4,107,69.16%,34.58%,4.67%,36.94,37,5,74,5,65,33,30.84%,60.75%,0,Lâm Đồng,NTB,AM Nghĩa
NTB - Lâm Đồng,(LDO) Đạ Huoai,Hàng Tồn,2026-09-14 - Thứ 2,163,97.55%,66.87%,4.91%,29.84,109,8,159,8,46,4,2.45%,28.22%,0,Lâm Đồng,NTB,AM Nghĩa
NTB - Lâm Đồng,(LDO) Đạ Huoai,Hàng Tồn,2026-10-02 - Thứ 6,83,95.18%,37.35%,13.25%,45.3,31,11,79,11,41,4,4.82%,49.40%,0,Lâm Đồng,NTB,AM Nghĩa
NTB - Lâm Đồng,(LDO) Đạ Huoai,Hàng Tồn,2026-09-29 - Thứ 3,140,96.43%,59.29%,3.57%,35.06,83,5,135,5,52,5,3.57%,37.14%,0,Lâm Đồng,NTB,AM Nghĩa
NTB - Lâm Đồng,(LDO) Đạ Huoai,Hàng Tồn,2026-10-08 - Thứ 5,189,97.88%,64.55%,4.76%,32.02,122,9,185,9,58,4,2.12%,30.69%,0,Lâm Đồng,NTB,AM Nghĩa
NTB - Lâm Đồng,(LDO) Đạ Huoai,Hàng Tồn,2026-09-19 - Thứ 7,202,97.52%,57.92%,2.97%,33.65,117,6,197,6,79,5,2.48%,39.11%,0,Lâm Đồng,NTB,AM Nghĩa
NTB - Lâm Đồng,(LDO) Đạ Huoai,Hàng Tồn,2026-09-30 - Thứ 4,179,97.77%,60.89%,2.79%,28.19,109,5,175,5,65,4,2.23%,36.32%,0,Lâm Đồng,NTB,AM Nghĩa
NTB - Lâm Đồng,(LDO) Đạ Huoai,Hàng Tồn,2026-10-09 - Thứ 6,141,96.45%,54.61%,7.09%,33.7,77,10,136,10,54,5,3.55%,38.30%,0,Lâm Đồng,NTB,AM Nghĩa
NTB - Lâm Đồng,(LDO) Đạ Huoai,Hàng Tồn,2026-09-26 - Thứ 7,149,96.64%,42.28%,7.38%,38.67,63,11,144,11,75,5,3.36%,50.34%,0,Lâm Đồng,NTB,AM Nghĩa
NTB - Lâm Đồng,(LDO) Đạ Huoai,Hàng Tồn,2026-09-28 - Thứ 2,198,97.47%,69.19%,3.03%,32.9,137,6,193,6,55,5,2.53%,27.78%,0,Lâm Đồng,NTB,AM Nghĩa
NTB - Lâm Đồng,(LDO) Đạ Huoai,Hàng Tồn,2026-10-03 - Thứ 7,144,98.61%,59.03%,11.11%,37.24,85,16,142,16,43,2,1.39%,29.86%,0,Lâm Đồng,NTB,AM Nghĩa
NTB - Lâm Đồng,(LDO) Đạ Huoai,Hàng Tồn,2026-09-16 - Thứ 4,116,98.28%,61.21%,4.31%,36.41,71,5,114,5,40,2,1.72%,34.48%,0,Lâm Đồng,NTB,AM Nghĩa
NTB - Lâm Đồng,(LDO) Đạ Huoai,Hàng Tồn,2026-09-18 - Thứ 6,92,90.22%,31.52%,5.43%,39.36,29,5,83,5,58,9,9.78%,63.05%,0,Lâm Đồng,NTB,AM Nghĩa
NTB - Lâm Đồng,(LDO) Đạ Huoai,Hàng Tồn,2026-09-21 - Thứ 2,192,96.88%,69.27%,4.17%,30.82,133,8,186,8,51,6,3.12%,26.56%,0,Lâm Đồng,NTB,AM Nghĩa
NTB - Lâm Đồng,(LDO) Đạ Huoai,Hàng Tồn,2026-10-05 - Thứ 2,175,98.29%,67.43%,8.00%,31.44,118,14,172,14,43,3,1.71%,24.57%,0,Lâm Đồng,NTB,AM Nghĩa
NTB - Lâm Đồng,(LDO) Đạ Huoai,Hàng Tồn,2026-10-06 - Thứ 3,134,94.03%,58.96%,7.46%,28.18,79,10,126,10,45,8,5.97%,33.58%,0,Lâm Đồng,NTB,AM Nghĩa
NTB - Lâm Đồng,(LDO) Đạ Huoai,Hàng Tồn,2026-09-12 - Thứ 7,221,99.55%,72.85%,2.71%,27.04,161,6,220,6,54,1,0.45%,24.44%,0,Lâm Đồng,NTB,AM Nghĩa
NTB - Lâm Đồng,(LDO) Đạ Huoai,Hàng Tồn,2026-09-15 - Thứ 3,158,98.10%,63.92%,5.06%,28.77,101,8,155,8,49,3,1.90%,31.02%,0,Lâm Đồng,NTB,AM Nghĩa
NTB - Lâm Đồng,(LDO) Đạ Huoai,Hàng Tồn,2026-10-04 - Chủ Nhật,123,95.93%,51.22%,1.63%,35.17,63,2,118,2,58,5,4.07%,47.15%,0,Lâm Đồng,NTB,AM Nghĩa
NTB - Lâm Đồng,(LDO) Đạ Huoai,Hàng Tồn,2026-09-17 - Thứ 5,102,96.08%,54.90%,4.90%,36.84,56,5,98,5,41,4,3.92%,40.20%,0,Lâm Đồng,NTB,AM Nghĩa
NTB - Lâm Đồng,(LDO) Đơn Dương,Hàng Mới Ca 1,2026-09-18 - Thứ 6,872,53.21%,38.19%,0.57%,18.05,333,5,464,5,534,408,46.79%,61.24%,872,Lâm Đồng,NTB,AM Nhi
NTB - Lâm Đồng,(LDO) Đơn Dương,Hàng Mới Ca 1,2026-09-27 - Chủ Nhật,585,47.52%,29.74%,0.17%,16.96,174,1,278,1,410,307,52.48%,70.09%,585,Lâm Đồng,NTB,AM Nhi
NTB - Lâm Đồng,(LDO) Đơn Dương,Hàng Mới Ca 1,2026-09-21 - Thứ 2,967,45.60%,32.47%,0.62%,15.31,314,6,441,6,647,526,54.40%,66.91%,967,Lâm Đồng,NTB,AM Nhi
NTB - Lâm Đồng,(LDO) Đơn Dương,Hàng Mới Ca 1,2026-09-13 - Chủ Nhật,977,73.69%,58.75%,1.54%,21.03,574,15,720,15,388,257,26.31%,39.71%,977,Lâm Đồng,NTB,AM Nhi
NTB - Lâm Đồng,(LDO) Đơn Dương,Hàng Mới Ca 1,2026-09-24 - Thứ 5,551,60.62%,45.01%,0.36%,15.11,248,2,334,2,301,217,39.38%,54.63%,551,Lâm Đồng,NTB,AM Nhi
NTB - Lâm Đồng,(LDO) Đơn Dương,Hàng Mới Ca 1,2026-10-06 - Thứ 3,401,83.54%,55.86%,0.25%,14.66,224,1,335,1,176,66,16.46%,43.89%,401,Lâm Đồng,NTB,AM Nhi
NTB - Lâm Đồng,(LDO) Đơn Dương,Hàng Mới Ca 1,2026-09-12 - Thứ 7,865,54.45%,37.80%,0.92%,20.12,327,8,471,8,530,394,45.55%,61.28%,865,Lâm Đồng,NTB,AM Nhi
NTB - Lâm Đồng,(LDO) Đơn Dương,Hàng Mới Ca 1,2026-09-22 - Thứ 3,699,56.80%,37.34%,0.86%,15.62,261,6,397,6,432,302,43.20%,61.80%,699,Lâm Đồng,NTB,AM Nhi
NTB - Lâm Đồng,(LDO) Đơn Dương,Hàng Mới Ca 1,2026-09-14 - Thứ 2,983,56.46%,45.07%,0.20%,19.82,443,2,555,2,538,428,43.54%,54.73%,983,Lâm Đồng,NTB,AM Nhi
NTB - Lâm Đồng,(LDO) Đơn Dương,Hàng Mới Ca 1,2026-09-15 - Thứ 3,847,62.46%,43.80%,0.24%,18.98,371,2,529,2,474,318,37.54%,55.96%,847,Lâm Đồng,NTB,AM Nhi
NTB - Lâm Đồng,(LDO) Đơn Dương,Hàng Mới Ca 1,2026-10-02 - Thứ 6,356,96.07%,48.03%,0.00%,16.64,171,0,342,0,185,14,3.93%,51.97%,356,Lâm Đồng,NTB,AM Nhi
NTB - Lâm Đồng,(LDO) Đơn Dương,Hàng Mới Ca 1,2026-09-29 - Thứ 3,353,48.44%,31.44%,0.28%,14.82,111,1,171,1,241,182,51.56%,68.28%,353,Lâm Đồng,NTB,AM Nhi
NTB - Lâm Đồng,(LDO) Đơn Dương,Hàng Mới Ca 1,2026-10-08 - Thứ 5,316,78.80%,59.18%,1.58%,14.52,187,5,249,5,124,67,21.20%,39.24%,316,Lâm Đồng,NTB,AM Nhi
NTB - Lâm Đồng,(LDO) Đơn Dương,Hàng Mới Ca 1,2026-09-19 - Thứ 7,898,37.75%,28.73%,0.33%,17.58,258,3,339,3,637,559,62.25%,70.94%,898,Lâm Đồng,NTB,AM Nhi
NTB - Lâm Đồng,(LDO) Đơn Dương,Hàng Mới Ca 1,2026-10-04 - Chủ Nhật,290,94.14%,56.90%,1.03%,11.51,165,3,273,3,122,17,5.86%,42.07%,290,Lâm Đồng,NTB,AM Nhi
NTB - Lâm Đồng,(LDO) Đơn Dương,Hàng Mới Ca 1,2026-09-30 - Thứ 4,262,89.69%,60.69%,0.00%,18.54,159,0,235,0,103,27,10.31%,39.31%,262,Lâm Đồng,NTB,AM Nhi
NTB - Lâm Đồng,(LDO) Đơn Dương,Hàng Mới Ca 1,2026-09-17 - Thứ 5,816,57.11%,45.71%,0.49%,16.26,373,4,466,4,439,350,42.89%,53.80%,816,Lâm Đồng,NTB,AM Nhi
NTB - Lâm Đồng,(LDO) Đơn Dương,Hàng Mới Ca 1,2026-10-09 - Thứ 6,405,83.21%,61.48%,0.74%,17.28,249,3,337,3,153,68,16.79%,37.78%,405,Lâm Đồng,NTB,AM Nhi
NTB - Lâm Đồng,(LDO) Đơn Dương,Hàng Mới Ca 1,2026-09-26 - Thứ 7,573,68.24%,47.12%,0.70%,17.57,270,4,391,4,299,182,31.76%,52.18%,573,Lâm Đồng,NTB,AM Nhi
NTB - Lâm Đồng,(LDO) Đơn Dương,Hàng Mới Ca 1,2026-09-28 - Thứ 2,367,80.38%,56.68%,0.00%,17.98,208,0,295,0,159,72,19.62%,43.32%,367,Lâm Đồng,NTB,AM Nhi
NTB - Lâm Đồng,(LDO) Đơn Dương,Hàng Mới Ca 1,2026-10-07 - Thứ 4,201,95.52%,67.66%,0.50%,12.41,136,1,192,1,64,9,4.48%,31.84%,201,Lâm Đồng,NTB,AM Nhi
NTB - Lâm Đồng,(LDO) Đơn Dương,Hàng Mới Ca 1,2026-10-03 - Thứ 7,435,97.93%,62.76%,0.69%,13.68,273,3,426,3,159,9,2.07%,36.55%,435,Lâm Đồng,NTB,AM Nhi
NTB - Lâm Đồng,(LDO) Đơn Dương,Hàng Mới Ca 1,2026-09-16 - Thứ 4,844,52.49%,40.40%,1.90%,19.69,341,16,443,16,487,401,47.51%,57.70%,844,Lâm Đồng,NTB,AM Nhi
NTB - Lâm Đồng,(LDO) Đơn Dương,Hàng Mới Ca 1,2026-09-25 - Thứ 6,656,57.47%,43.14%,0.46%,16.8,283,3,377,3,370,279,42.53%,56.40%,656,Lâm Đồng,NTB,AM Nhi
NTB - Lâm Đồng,(LDO) Đơn Dương,Hàng Mới Ca 1,2026-09-20 - Chủ Nhật,710,44.51%,32.54%,0.56%,17.16,231,4,316,4,475,394,55.49%,66.90%,710,Lâm Đồng,NTB,AM Nhi
NTB - Lâm Đồng,(LDO) Đơn Dương,Hàng Mới Ca 1,2026-09-23 - Thứ 4,497,67.20%,49.70%,0.60%,15.37,247,3,334,3,247,163,32.80%,49.70%,497,Lâm Đồng,NTB,AM Nhi
NTB - Lâm Đồng,(LDO) Đơn Dương,Hàng Mới Ca 1,2026-10-01 - Thứ 5,370,86.22%,59.19%,0.27%,15.62,219,1,319,1,150,51,13.78%,40.54%,370,Lâm Đồng,NTB,AM Nhi
NTB - Lâm Đồng,(LDO) Đơn Dương,Hàng Mới Ca 1,2026-10-05 - Thứ 2,314,92.99%,48.09%,0.00%,12.82,151,0,292,0,163,22,7.01%,51.91%,314,Lâm Đồng,NTB,AM Nhi
NTB - Lâm Đồng,(LDO) Đơn Dương,Hàng Mới Ca 2,2026-09-20 - Chủ Nhật,4,25.00%,25.00%,0.00%,2,1,0,1,0,3,3,75.00%,75.00%,4,Lâm Đồng,NTB,AM Nhi
NTB - Lâm Đồng,(LDO) Đơn Dương,Hàng Mới Ca 2,2026-09-15 - Thứ 3,4,50.00%,50.00%,0.00%,1,2,0,2,0,2,2,50.00%,50.00%,4,Lâm Đồng,NTB,AM Nhi
NTB - Lâm Đồng,(LDO) Đơn Dương,Hàng Mới Ca 2,2026-09-23 - Thứ 4,3,100.00%,33.33%,0.00%,27,1,0,3,0,2,0,0.00%,66.67%,3,Lâm Đồng,NTB,AM Nhi
NTB - Lâm Đồng,(LDO) Đơn Dương,Hàng Mới Ca 2,2026-09-24 - Thứ 5,3,33.33%,0.00%,0.00%,0,0,0,1,0,3,2,66.67%,100.00%,3,Lâm Đồng,NTB,AM Nhi
NTB - Lâm Đồng,(LDO) Đơn Dương,Hàng Mới Ca 2,2026-09-21 - Thứ 2,2,50.00%,50.00%,0.00%,3,1,0,1,0,1,1,50.00%,50.00%,2,Lâm Đồng,NTB,AM Nhi
NTB - Lâm Đồng,(LDO) Đơn Dương,Hàng Mới Ca 2,2026-09-17 - Thứ 5,4,100.00%,75.00%,0.00%,6.33,3,0,4,0,1,0,0.00%,25.00%,4,Lâm Đồng,NTB,AM Nhi
NTB - Lâm Đồng,(LDO) Đơn Dương,Hàng Mới Ca 2,2026-09-12 - Thứ 7,2,100.00%,50.00%,0.00%,1,1,0,2,0,1,0,0.00%,50.00%,2,Lâm Đồng,NTB,AM Nhi
NTB - Lâm Đồng,(LDO) Đơn Dương,Hàng Mới Ca 2,2026-09-13 - Chủ Nhật,6,100.00%,66.67%,0.00%,4,4,0,6,0,2,0,0.00%,33.33%,6,Lâm Đồng,NTB,AM Nhi
NTB - Lâm Đồng,(LDO) Đơn Dương,Hàng Mới Ca 2,2026-09-14 - Thứ 2,1,100.00%,100.00%,0.00%,5,1,0,1,0,0,0,0.00%,0.00%,1,Lâm Đồng,NTB,AM Nhi
NTB - Lâm Đồng,(LDO) Đơn Dương,Hàng Mới Ca 2,2026-09-18 - Thứ 6,1,100.00%,100.00%,0.00%,11,1,0,1,0,0,0,0.00%,0.00%,1,Lâm Đồng,NTB,AM Nhi
NTB - Lâm Đồng,(LDO) Đơn Dương,Hàng Mới Ca 2,2026-09-22 - Thứ 3,1,100.00%,0.00%,0.00%,0,0,0,1,0,1,0,0.00%,100.00%,1,Lâm Đồng,NTB,AM Nhi
NTB - Lâm Đồng,(LDO) Đơn Dương,Hàng Tồn,2026-10-03 - Thứ 7,431,98.14%,35.03%,6.50%,66.99,151,28,423,28,252,8,1.86%,58.47%,0,Lâm Đồng,NTB,AM Nhi
NTB - Lâm Đồng,(LDO) Đơn Dương,Hàng Tồn,2026-09-13 - Chủ Nhật,"1,055",59.05%,33.27%,3.60%,58.01,351,38,623,38,666,432,40.95%,63.13%,0,Lâm Đồng,NTB,AM Nhi
NTB - Lâm Đồng,(LDO) Đơn Dương,Hàng Tồn,2026-09-24 - Thứ 5,"1,056",61.55%,21.02%,7.48%,91.14,222,79,650,79,755,406,38.45%,71.50%,0,Lâm Đồng,NTB,AM Nhi
NTB - Lâm Đồng,(LDO) Đơn Dương,Hàng Tồn,2026-10-06 - Thứ 3,319,89.03%,33.54%,5.02%,52.8,107,16,284,16,196,35,10.97%,61.44%,0,Lâm Đồng,NTB,AM Nhi
NTB - Lâm Đồng,(LDO) Đơn Dương,Hàng Tồn,2026-10-01 - Thứ 5,473,88.16%,30.87%,9.94%,88.87,146,47,417,47,280,56,11.84%,59.19%,0,Lâm Đồng,NTB,AM Nhi
NTB - Lâm Đồng,(LDO) Đơn Dương,Hàng Tồn,2026-09-12 - Thứ 7,853,59.20%,33.18%,2.11%,57.89,283,18,505,18,552,348,40.80%,64.71%,0,Lâm Đồng,NTB,AM Nhi
NTB - Lâm Đồng,(LDO) Đơn Dương,Hàng Tồn,2026-10-05 - Thứ 2,277,93.14%,25.63%,7.94%,56.77,71,22,258,22,184,19,6.86%,66.43%,0,Lâm Đồng,NTB,AM Nhi
NTB - Lâm Đồng,(LDO) Đơn Dương,Hàng Tồn,2026-09-22 - Thứ 3,"1,310",60.00%,21.15%,7.10%,68.27,277,93,786,93,940,524,40.00%,71.75%,0,Lâm Đồng,NTB,AM Nhi
NTB - Lâm Đồng,(LDO) Đơn Dương,Hàng Tồn,2026-09-23 - Thứ 4,"1,169",68.43%,20.79%,5.47%,79.18,243,64,800,64,862,369,31.57%,73.74%,0,Lâm Đồng,NTB,AM Nhi
NTB - Lâm Đồng,(LDO) Đơn Dương,Hàng Tồn,2026-09-15 - Thứ 3,"1,250",50.08%,22.00%,4.88%,61.44,275,61,626,61,914,624,49.92%,73.12%,0,Lâm Đồng,NTB,AM Nhi
NTB - Lâm Đồng,(LDO) Đơn Dương,Hàng Tồn,2026-10-02 - Thứ 6,396,97.73%,16.67%,7.58%,72.71,66,30,387,30,300,9,2.27%,75.75%,0,Lâm Đồng,NTB,AM Nhi
NTB - Lâm Đồng,(LDO) Đơn Dương,Hàng Tồn,2026-09-29 - Thứ 3,703,60.88%,19.06%,6.12%,84.29,134,43,428,43,526,275,39.12%,74.82%,0,Lâm Đồng,NTB,AM Nhi
NTB - Lâm Đồng,(LDO) Đơn Dương,Hàng Tồn,2026-10-08 - Thứ 5,266,80.83%,29.32%,6.39%,69.24,78,17,215,17,171,51,19.17%,64.29%,0,Lâm Đồng,NTB,AM Nhi
NTB - Lâm Đồng,(LDO) Đơn Dương,Hàng Tồn,2026-09-19 - Thứ 7,"1,709",45.87%,15.80%,2.87%,77.73,270,49,784,49,1390,925,54.13%,81.33%,0,Lâm Đồng,NTB,AM Nhi
NTB - Lâm Đồng,(LDO) Đơn Dương,Hàng Tồn,2026-10-04 - Chủ Nhật,344,95.06%,32.56%,7.27%,66.97,112,25,327,25,207,17,4.94%,60.17%,0,Lâm Đồng,NTB,AM Nhi
NTB - Lâm Đồng,(LDO) Đơn Dương,Hàng Tồn,2026-09-30 - Thứ 4,667,78.71%,30.73%,6.45%,68.56,205,43,525,43,419,142,21.29%,62.82%,0,Lâm Đồng,NTB,AM Nhi
NTB - Lâm Đồng,(LDO) Đơn Dương,Hàng Tồn,2026-09-17 - Thứ 5,"1,535",47.56%,26.71%,2.28%,76.43,410,35,730,35,1090,805,52.44%,71.01%,0,Lâm Đồng,NTB,AM Nhi
NTB - Lâm Đồng,(LDO) Đơn Dương,Hàng Tồn,2026-10-09 - Thứ 6,251,74.90%,28.69%,10.76%,59.56,72,27,188,27,152,63,25.10%,60.55%,0,Lâm Đồng,NTB,AM Nhi
NTB - Lâm Đồng,(LDO) Đơn Dương,Hàng Tồn,2026-09-26 - Thứ 7,961,78.04%,28.72%,7.39%,76.42,276,71,750,71,614,211,21.96%,63.89%,0,Lâm Đồng,NTB,AM Nhi
NTB - Lâm Đồng,(LDO) Đơn Dương,Hàng Tồn,2026-09-28 - Thứ 2,976,75.00%,32.58%,3.38%,62.52,318,33,732,33,625,244,25.00%,64.04%,0,Lâm Đồng,NTB,AM Nhi
NTB - Lâm Đồng,(LDO) Đơn Dương,Hàng Tồn,2026-10-07 - Thứ 4,339,93.51%,30.68%,5.60%,61.14,104,19,317,19,216,22,6.49%,63.72%,0,Lâm Đồng,NTB,AM Nhi
NTB - Lâm Đồng,(LDO) Đơn Dương,Hàng Tồn,2026-09-16 - Thứ 4,"1,348",31.75%,18.03%,1.78%,63.82,243,24,428,24,1081,920,68.25%,80.19%,0,Lâm Đồng,NTB,AM Nhi
NTB - Lâm Đồng,(LDO) Đơn Dương,Hàng Tồn,2026-09-25 - Thứ 6,960,69.69%,23.54%,6.98%,81.24,226,67,669,67,667,291,30.31%,69.48%,0,Lâm Đồng,NTB,AM Nhi
NTB - Lâm Đồng,(LDO) Đơn Dương,Hàng Tồn,2026-09-18 - Thứ 6,"1,498",37.52%,16.22%,2.40%,77.88,243,36,562,36,1219,936,62.48%,81.38%,0,Lâm Đồng,NTB,AM Nhi
NTB - Lâm Đồng,(LDO) Đơn Dương,Hàng Tồn,2026-09-27 - Chủ Nhật,865,57.46%,21.16%,5.43%,81.72,183,47,497,47,635,368,42.54%,73.41%,0,Lâm Đồng,NTB,AM Nhi
NTB - Lâm Đồng,(LDO) Đơn Dương,Hàng Tồn,2026-09-21 - Thứ 2,"1,328",47.44%,23.19%,3.01%,77.74,308,40,630,40,980,698,52.56%,73.80%,0,Lâm Đồng,NTB,AM Nhi
NTB - Lâm Đồng,(LDO) Đơn Dương,Hàng Tồn,2026-09-20 - Chủ Nhật,"1,985",38.74%,15.16%,1.81%,69.27,301,36,769,36,1648,1216,61.26%,83.03%,0,Lâm Đồng,NTB,AM Nhi
NTB - Lâm Đồng,(LDO) Đơn Dương,Hàng Tồn,2026-09-14 - Thứ 2,"1,004",41.43%,25.90%,1.10%,64.45,260,11,416,11,733,588,58.57%,73.00%,0,Lâm Đồng,NTB,AM Nhi
NTB - Lâm Đồng,(LDO) Đinh Văn Lâm Hà,Hàng Mới Ca 1,2026-10-07 - Thứ 4,220,96.82%,86.82%,0.00%,7.09,191,0,213,0,29,7,3.18%,13.18%,220,Lâm Đồng,NTB,AM Chi
NTB - Lâm Đồng,(LDO) Đinh Văn Lâm Hà,Hàng Mới Ca 1,2026-09-16 - Thứ 4,217,99.08%,86.64%,0.00%,5.55,188,0,215,0,29,2,0.92%,13.36%,217,Lâm Đồng,NTB,AM Chi
NTB - Lâm Đồng,(LDO) Đinh Văn Lâm Hà,Hàng Mới Ca 1,2026-09-27 - Chủ Nhật,304,95.07%,81.58%,0.99%,7.41,248,3,289,3,53,15,4.93%,17.43%,304,Lâm Đồng,NTB,AM Chi
NTB - Lâm Đồng,(LDO) Đinh Văn Lâm Hà,Hàng Mới Ca 1,2026-09-21 - Thứ 2,96,98.96%,94.79%,0.00%,6.42,91,0,95,0,5,1,1.04%,5.21%,96,Lâm Đồng,NTB,AM Chi
NTB - Lâm Đồng,(LDO) Đinh Văn Lâm Hà,Hàng Mới Ca 1,2026-09-20 - Chủ Nhật,280,99.64%,81.43%,2.86%,6.85,228,8,279,8,44,1,0.36%,15.71%,280,Lâm Đồng,NTB,AM Chi
NTB - Lâm Đồng,(LDO) Đinh Văn Lâm Hà,Hàng Mới Ca 1,2026-09-13 - Chủ Nhật,216,92.13%,84.72%,0.46%,7.51,183,1,199,1,32,17,7.87%,14.82%,216,Lâm Đồng,NTB,AM Chi
NTB - Lâm Đồng,(LDO) Đinh Văn Lâm Hà,Hàng Mới Ca 1,2026-09-24 - Thứ 5,475,98.53%,87.79%,0.42%,7.43,417,2,468,2,56,7,1.47%,11.79%,475,Lâm Đồng,NTB,AM Chi
NTB - Lâm Đồng,(LDO) Đinh Văn Lâm Hà,Hàng Mới Ca 1,2026-10-06 - Thứ 3,240,91.25%,82.08%,0.00%,6.54,197,0,219,0,43,21,8.75%,17.92%,240,Lâm Đồng,NTB,AM Chi
NTB - Lâm Đồng,(LDO) Đinh Văn Lâm Hà,Hàng Mới Ca 1,2026-09-12 - Thứ 7,356,90.17%,75.84%,0.28%,7.54,270,1,321,1,85,35,9.83%,23.88%,356,Lâm Đồng,NTB,AM Chi
NTB - Lâm Đồng,(LDO) Đinh Văn Lâm Hà,Hàng Mới Ca 1,2026-09-22 - Thứ 3,296,98.99%,79.05%,0.68%,6.58,234,2,293,2,60,3,1.01%,20.27%,296,Lâm Đồng,NTB,AM Chi
NTB - Lâm Đồng,(LDO) Đinh Văn Lâm Hà,Hàng Mới Ca 1,2026-09-23 - Thứ 4,199,97.49%,87.44%,0.00%,8.84,174,0,194,0,25,5,2.51%,12.56%,199,Lâm Đồng,NTB,AM Chi
NTB - Lâm Đồng,(LDO) Đinh Văn Lâm Hà,Hàng Mới Ca 1,2026-09-15 - Thứ 3,282,95.39%,82.98%,0.71%,6.93,234,2,269,2,46,13,4.61%,16.31%,282,Lâm Đồng,NTB,AM Chi
NTB - Lâm Đồng,(LDO) Đinh Văn Lâm Hà,Hàng Mới Ca 1,2026-10-02 - Thứ 6,224,90.63%,79.91%,0.45%,7.71,179,1,203,1,44,21,9.37%,19.64%,224,Lâm Đồng,NTB,AM Chi
NTB - Lâm Đồng,(LDO) Đinh Văn Lâm Hà,Hàng Mới Ca 1,2026-09-29 - Thứ 3,240,99.58%,82.50%,1.25%,8.47,198,3,239,3,39,1,0.42%,16.25%,240,Lâm Đồng,NTB,AM Chi
NTB - Lâm Đồng,(LDO) Đinh Văn Lâm Hà,Hàng Mới Ca 1,2026-10-08 - Thứ 5,364,91.21%,81.87%,1.10%,7.65,298,4,332,4,62,32,8.79%,17.03%,364,Lâm Đồng,NTB,AM Chi
NTB - Lâm Đồng,(LDO) Đinh Văn Lâm Hà,Hàng Mới Ca 1,2026-09-19 - Thứ 7,195,97.95%,81.54%,1.03%,7.75,159,2,191,2,34,4,2.05%,17.43%,195,Lâm Đồng,NTB,AM Chi
NTB - Lâm Đồng,(LDO) Đinh Văn Lâm Hà,Hàng Mới Ca 1,2026-10-04 - Chủ Nhật,393,91.86%,79.90%,0.25%,7.29,314,1,361,1,78,32,8.14%,19.85%,393,Lâm Đồng,NTB,AM Chi
NTB - Lâm Đồng,(LDO) Đinh Văn Lâm Hà,Hàng Mới Ca 1,2026-09-30 - Thứ 4,149,97.32%,88.59%,1.34%,6.2,132,2,145,2,15,4,2.68%,10.07%,149,Lâm Đồng,NTB,AM Chi
NTB - Lâm Đồng,(LDO) Đinh Văn Lâm Hà,Hàng Mới Ca 1,2026-10-09 - Thứ 6,274,93.43%,83.94%,1.82%,8.16,230,5,256,5,39,18,6.57%,14.24%,274,Lâm Đồng,NTB,AM Chi
NTB - Lâm Đồng,(LDO) Đinh Văn Lâm Hà,Hàng Mới Ca 1,2026-09-26 - Thứ 7,409,93.40%,82.15%,0.73%,6.92,336,3,382,3,70,27,6.60%,17.12%,409,Lâm Đồng,NTB,AM Chi
NTB - Lâm Đồng,(LDO) Đinh Văn Lâm Hà,Hàng Mới Ca 1,2026-09-28 - Thứ 2,332,99.10%,82.23%,0.60%,6.7,273,2,329,2,57,3,0.90%,17.17%,332,Lâm Đồng,NTB,AM Chi
NTB - Lâm Đồng,(LDO) Đinh Văn Lâm Hà,Hàng Mới Ca 1,2026-10-03 - Thứ 7,228,99.12%,89.47%,0.44%,7.05,204,1,226,1,23,2,0.88%,10.09%,228,Lâm Đồng,NTB,AM Chi
NTB - Lâm Đồng,(LDO) Đinh Văn Lâm Hà,Hàng Mới Ca 1,2026-09-25 - Thứ 6,291,99.66%,90.03%,0.69%,6.87,262,2,290,2,27,1,0.34%,9.28%,291,Lâm Đồng,NTB,AM Chi
NTB - Lâm Đồng,(LDO) Đinh Văn Lâm Hà,Hàng Mới Ca 1,2026-10-05 - Thứ 2,284,98.24%,85.92%,0.70%,8.01,244,2,279,2,38,5,1.76%,13.38%,284,Lâm Đồng,NTB,AM Chi
NTB - Lâm Đồng,(LDO) Đinh Văn Lâm Hà,Hàng Mới Ca 1,2026-09-14 - Thứ 2,445,98.65%,85.17%,0.22%,7.91,379,1,439,1,65,6,1.35%,14.61%,445,Lâm Đồng,NTB,AM Chi
NTB - Lâm Đồng,(LDO) Đinh Văn Lâm Hà,Hàng Mới Ca 1,2026-09-17 - Thứ 5,314,99.68%,87.90%,0.32%,7.54,276,1,313,1,37,1,0.32%,11.78%,314,Lâm Đồng,NTB,AM Chi
NTB - Lâm Đồng,(LDO) Đinh Văn Lâm Hà,Hàng Mới Ca 1,2026-09-18 - Thứ 6,274,98.91%,79.20%,1.09%,7.06,217,3,271,3,54,3,1.09%,19.71%,274,Lâm Đồng,NTB,AM Chi
NTB - Lâm Đồng,(LDO) Đinh Văn Lâm Hà,Hàng Mới Ca 1,2026-10-01 - Thứ 5,267,89.14%,77.15%,0.00%,7.15,206,0,238,0,61,29,10.86%,22.85%,267,Lâm Đồng,NTB,AM Chi
NTB - Lâm Đồng,(LDO) Đinh Văn Lâm Hà,Hàng Mới Ca 2,2026-10-03 - Thứ 7,355,58.59%,49.58%,0.28%,10.61,176,1,208,1,178,147,41.41%,50.14%,355,Lâm Đồng,NTB,AM Chi
NTB - Lâm Đồng,(LDO) Đinh Văn Lâm Hà,Hàng Mới Ca 2,2026-09-24 - Thứ 5,430,49.07%,41.40%,0.47%,6.44,178,2,211,2,250,219,50.93%,58.13%,430,Lâm Đồng,NTB,AM Chi
NTB - Lâm Đồng,(LDO) Đinh Văn Lâm Hà,Hàng Mới Ca 2,2026-10-06 - Thứ 3,455,51.65%,44.84%,0.22%,8.57,204,1,235,1,250,220,48.35%,54.94%,455,Lâm Đồng,NTB,AM Chi
NTB - Lâm Đồng,(LDO) Đinh Văn Lâm Hà,Hàng Mới Ca 2,2026-10-01 - Thứ 5,461,44.90%,37.09%,0.22%,8.76,171,1,207,1,289,254,55.10%,62.69%,461,Lâm Đồng,NTB,AM Chi
NTB - Lâm Đồng,(LDO) Đinh Văn Lâm Hà,Hàng Mới Ca 2,2026-09-12 - Thứ 7,468,29.91%,24.36%,0.21%,3.68,114,1,140,1,353,328,70.09%,75.43%,468,Lâm Đồng,NTB,AM Chi
NTB - Lâm Đồng,(LDO) Đinh Văn Lâm Hà,Hàng Mới Ca 2,2026-09-23 - Thứ 4,191,63.87%,58.12%,1.05%,11.47,111,2,122,2,78,69,36.13%,40.83%,191,Lâm Đồng,NTB,AM Chi
NTB - Lâm Đồng,(LDO) Đinh Văn Lâm Hà,Hàng Mới Ca 2,2026-09-14 - Thứ 2,315,55.24%,50.48%,0.00%,3.55,159,0,174,0,156,141,44.76%,49.52%,315,Lâm Đồng,NTB,AM Chi
NTB - Lâm Đồng,(LDO) Đinh Văn Lâm Hà,Hàng Mới Ca 2,2026-09-15 - Thứ 3,339,51.03%,45.72%,0.29%,3.93,155,1,173,1,183,166,48.97%,53.99%,339,Lâm Đồng,NTB,AM Chi
NTB - Lâm Đồng,(LDO) Đinh Văn Lâm Hà,Hàng Mới Ca 2,2026-10-02 - Thứ 6,457,47.70%,40.26%,0.88%,11.58,184,4,218,4,269,239,52.30%,58.86%,457,Lâm Đồng,NTB,AM Chi
NTB - Lâm Đồng,(LDO) Đinh Văn Lâm Hà,Hàng Mới Ca 2,2026-09-29 - Thứ 3,362,50.83%,45.86%,0.00%,7.42,166,0,184,0,196,178,49.17%,54.14%,362,Lâm Đồng,NTB,AM Chi
NTB - Lâm Đồng,(LDO) Đinh Văn Lâm Hà,Hàng Mới Ca 2,2026-09-19 - Thứ 7,435,34.25%,31.49%,0.23%,3.81,137,1,149,1,297,286,65.75%,68.28%,435,Lâm Đồng,NTB,AM Chi
NTB - Lâm Đồng,(LDO) Đinh Văn Lâm Hà,Hàng Mới Ca 2,2026-09-30 - Thứ 4,386,58.55%,52.33%,0.00%,6.57,202,0,226,0,184,160,41.45%,47.67%,386,Lâm Đồng,NTB,AM Chi
NTB - Lâm Đồng,(LDO) Đinh Văn Lâm Hà,Hàng Mới Ca 2,2026-09-17 - Thứ 5,364,50.00%,46.15%,0.00%,3.59,168,0,182,0,196,182,50.00%,53.85%,364,Lâm Đồng,NTB,AM Chi
NTB - Lâm Đồng,(LDO) Đinh Văn Lâm Hà,Hàng Mới Ca 2,2026-10-09 - Thứ 6,470,61.06%,55.11%,0.43%,9.28,259,2,287,2,209,183,38.94%,44.46%,470,Lâm Đồng,NTB,AM Chi
NTB - Lâm Đồng,(LDO) Đinh Văn Lâm Hà,Hàng Mới Ca 2,2026-09-28 - Thứ 2,252,50.40%,43.25%,0.40%,6.61,109,1,127,1,142,125,49.60%,56.35%,252,Lâm Đồng,NTB,AM Chi
NTB - Lâm Đồng,(LDO) Đinh Văn Lâm Hà,Hàng Mới Ca 2,2026-10-07 - Thứ 4,406,54.43%,45.57%,0.74%,11.35,185,3,221,3,218,185,45.57%,53.69%,406,Lâm Đồng,NTB,AM Chi
NTB - Lâm Đồng,(LDO) Đinh Văn Lâm Hà,Hàng Mới Ca 2,2026-09-16 - Thứ 4,451,38.14%,31.26%,0.00%,3.05,141,0,172,0,310,279,61.86%,68.74%,451,Lâm Đồng,NTB,AM Chi
NTB - Lâm Đồng,(LDO) Đinh Văn Lâm Hà,Hàng Mới Ca 2,2026-09-25 - Thứ 6,236,76.27%,65.68%,0.85%,11.78,155,2,180,2,79,56,23.73%,33.47%,236,Lâm Đồng,NTB,AM Chi
NTB - Lâm Đồng,(LDO) Đinh Văn Lâm Hà,Hàng Mới Ca 2,2026-09-18 - Thứ 6,368,29.62%,24.46%,0.00%,3.7,90,0,109,0,278,259,70.38%,75.54%,368,Lâm Đồng,NTB,AM Chi
NTB - Lâm Đồng,(LDO) Đinh Văn Lâm Hà,Hàng Mới Ca 2,2026-09-27 - Chủ Nhật,220,67.27%,54.09%,0.00%,17.34,119,0,148,0,101,72,32.73%,45.91%,220,Lâm Đồng,NTB,AM Chi
NTB - Lâm Đồng,(LDO) Đinh Văn Lâm Hà,Hàng Mới Ca 2,2026-09-21 - Thứ 2,293,27.99%,23.21%,1.02%,3.51,68,3,82,3,222,211,72.01%,75.77%,293,Lâm Đồng,NTB,AM Chi
NTB - Lâm Đồng,(LDO) Đinh Văn Lâm Hà,Hàng Mới Ca 2,2026-09-20 - Chủ Nhật,327,40.37%,32.42%,0.61%,3.61,106,2,132,2,219,195,59.63%,66.97%,327,Lâm Đồng,NTB,AM Chi
NTB - Lâm Đồng,(LDO) Đinh Văn Lâm Hà,Hàng Mới Ca 2,2026-10-05 - Thứ 2,324,45.37%,41.05%,0.31%,10.48,133,1,147,1,190,177,54.63%,58.64%,324,Lâm Đồng,NTB,AM Chi
NTB - Lâm Đồng,(LDO) Đinh Văn Lâm Hà,Hàng Mới Ca 2,2026-09-22 - Thứ 3,361,19.94%,18.84%,0.28%,3.29,68,1,72,1,292,289,80.06%,80.88%,361,Lâm Đồng,NTB,AM Chi
NTB - Lâm Đồng,(LDO) Đinh Văn Lâm Hà,Hàng Mới Ca 2,2026-10-08 - Thứ 5,429,47.09%,41.72%,0.23%,9.64,179,1,202,1,249,227,52.91%,58.05%,429,Lâm Đồng,NTB,AM Chi
NTB - Lâm Đồng,(LDO) Đinh Văn Lâm Hà,Hàng Mới Ca 2,2026-10-04 - Chủ Nhật,443,35.21%,32.51%,0.23%,11.85,144,1,156,1,298,287,64.79%,67.26%,443,Lâm Đồng,NTB,AM Chi
NTB - Lâm Đồng,(LDO) Đinh Văn Lâm Hà,Hàng Mới Ca 2,2026-09-26 - Thứ 7,380,51.05%,44.47%,0.26%,7.05,169,1,194,1,210,186,48.95%,55.27%,380,Lâm Đồng,NTB,AM Chi
NTB - Lâm Đồng,(LDO) Đinh Văn Lâm Hà,Hàng Mới Ca 2,2026-09-13 - Chủ Nhật,185,41.08%,35.68%,0.54%,2.82,66,1,76,1,118,109,58.92%,63.78%,185,Lâm Đồng,NTB,AM Chi
NTB - Lâm Đồng,(LDO) Đinh Văn Lâm Hà,Hàng Tồn,2026-10-03 - Thứ 7,457,97.37%,71.33%,2.63%,32.67,326,12,445,12,119,12,2.63%,26.04%,0,Lâm Đồng,NTB,AM Chi
NTB - Lâm Đồng,(LDO) Đinh Văn Lâm Hà,Hàng Tồn,2026-09-25 - Thứ 6,361,96.12%,70.08%,2.22%,32.16,253,8,347,8,100,14,3.88%,27.70%,0,Lâm Đồng,NTB,AM Chi
NTB - Lâm Đồng,(LDO) Đinh Văn Lâm Hà,Hàng Tồn,2026-09-27 - Chủ Nhật,341,90.91%,65.69%,2.93%,29.52,224,10,310,10,107,31,9.09%,31.38%,0,Lâm Đồng,NTB,AM Chi
NTB - Lâm Đồng,(LDO) Đinh Văn Lâm Hà,Hàng Tồn,2026-09-21 - Thứ 2,374,95.19%,69.52%,3.74%,32.56,260,14,356,14,100,18,4.81%,26.74%,0,Lâm Đồng,NTB,AM Chi
NTB - Lâm Đồng,(LDO) Đinh Văn Lâm Hà,Hàng Tồn,2026-09-20 - Chủ Nhật,464,96.12%,69.83%,3.23%,30.99,324,15,446,15,125,18,3.88%,26.94%,0,Lâm Đồng,NTB,AM Chi
NTB - Lâm Đồng,(LDO) Đinh Văn Lâm Hà,Hàng Tồn,2026-09-13 - Chủ Nhật,671,84.80%,62.30%,2.24%,35.44,418,15,569,15,238,102,15.20%,35.46%,0,Lâm Đồng,NTB,AM Chi
NTB - Lâm Đồng,(LDO) Đinh Văn Lâm Hà,Hàng Tồn,2026-10-06 - Thứ 3,349,77.94%,51.00%,3.44%,33.96,178,12,272,12,159,77,22.06%,45.56%,0,Lâm Đồng,NTB,AM Chi
NTB - Lâm Đồng,(LDO) Đinh Văn Lâm Hà,Hàng Tồn,2026-09-12 - Thứ 7,599,80.30%,54.26%,2.67%,39.24,325,16,481,16,258,118,19.70%,43.07%,0,Lâm Đồng,NTB,AM Chi
NTB - Lâm Đồng,(LDO) Đinh Văn Lâm Hà,Hàng Tồn,2026-10-05 - Thứ 2,502,94.82%,68.53%,3.59%,30.78,344,18,476,18,140,26,5.18%,27.88%,0,Lâm Đồng,NTB,AM Chi
NTB - Lâm Đồng,(LDO) Đinh Văn Lâm Hà,Hàng Tồn,2026-09-22 - Thứ 3,314,96.82%,63.69%,2.55%,31.52,200,8,304,8,106,10,3.18%,33.76%,0,Lâm Đồng,NTB,AM Chi
NTB - Lâm Đồng,(LDO) Đinh Văn Lâm Hà,Hàng Tồn,2026-09-23 - Thứ 4,389,96.14%,70.69%,3.34%,29.4,275,13,374,13,101,15,3.86%,25.97%,0,Lâm Đồng,NTB,AM Chi
NTB - Lâm Đồng,(LDO) Đinh Văn Lâm Hà,Hàng Tồn,2026-09-14 - Thứ 2,373,91.69%,60.05%,4.83%,46,224,18,342,18,131,31,8.31%,35.12%,0,Lâm Đồng,NTB,AM Chi
NTB - Lâm Đồng,(LDO) Đinh Văn Lâm Hà,Hàng Tồn,2026-09-15 - Thứ 3,326,92.02%,61.04%,5.52%,37.72,199,18,300,18,109,26,7.98%,33.44%,0,Lâm Đồng,NTB,AM Chi
NTB - Lâm Đồng,(LDO) Đinh Văn Lâm Hà,Hàng Tồn,2026-10-02 - Thứ 6,445,88.76%,59.78%,4.04%,29.42,266,18,395,18,161,50,11.24%,36.18%,0,Lâm Đồng,NTB,AM Chi
NTB - Lâm Đồng,(LDO) Đinh Văn Lâm Hà,Hàng Tồn,2026-09-29 - Thứ 3,281,94.66%,58.01%,3.20%,36.46,163,9,266,9,109,15,5.34%,38.79%,0,Lâm Đồng,NTB,AM Chi
NTB - Lâm Đồng,(LDO) Đinh Văn Lâm Hà,Hàng Tồn,2026-10-08 - Thứ 5,389,87.92%,56.30%,4.63%,37.97,219,18,342,18,152,47,12.08%,39.07%,0,Lâm Đồng,NTB,AM Chi
NTB - Lâm Đồng,(LDO) Đinh Văn Lâm Hà,Hàng Tồn,2026-09-19 - Thứ 7,448,96.88%,61.61%,3.13%,30.66,276,14,434,14,158,14,3.12%,35.26%,0,Lâm Đồng,NTB,AM Chi
NTB - Lâm Đồng,(LDO) Đinh Văn Lâm Hà,Hàng Tồn,2026-10-04 - Chủ Nhật,293,86.01%,50.17%,3.75%,31.92,147,11,252,11,135,41,13.99%,46.08%,0,Lâm Đồng,NTB,AM Chi
NTB - Lâm Đồng,(LDO) Đinh Văn Lâm Hà,Hàng Tồn,2026-09-30 - Thứ 4,328,92.68%,61.28%,4.88%,30.1,201,16,304,16,111,24,7.32%,33.84%,0,Lâm Đồng,NTB,AM Chi
NTB - Lâm Đồng,(LDO) Đinh Văn Lâm Hà,Hàng Tồn,2026-09-17 - Thứ 5,433,97.00%,68.36%,3.93%,29.89,296,17,420,17,120,13,3.00%,27.71%,0,Lâm Đồng,NTB,AM Chi
NTB - Lâm Đồng,(LDO) Đinh Văn Lâm Hà,Hàng Tồn,2026-09-26 - Thứ 7,206,92.23%,52.43%,3.88%,39.54,108,8,190,8,90,16,7.77%,43.69%,0,Lâm Đồng,NTB,AM Chi
NTB - Lâm Đồng,(LDO) Đinh Văn Lâm Hà,Hàng Tồn,2026-09-28 - Thứ 2,249,94.38%,62.65%,2.81%,36.36,156,7,235,7,86,14,5.62%,34.54%,0,Lâm Đồng,NTB,AM Chi
NTB - Lâm Đồng,(LDO) Đinh Văn Lâm Hà,Hàng Tồn,2026-10-07 - Thứ 4,433,93.30%,60.74%,2.31%,37.14,263,10,404,10,160,29,6.70%,36.95%,0,Lâm Đồng,NTB,AM Chi
NTB - Lâm Đồng,(LDO) Đinh Văn Lâm Hà,Hàng Tồn,2026-09-16 - Thứ 4,330,96.97%,60.61%,5.45%,32.62,200,18,320,18,112,10,3.03%,33.94%,0,Lâm Đồng,NTB,AM Chi
NTB - Lâm Đồng,(LDO) Đinh Văn Lâm Hà,Hàng Tồn,2026-09-18 - Thứ 6,332,95.18%,56.63%,1.81%,29.42,188,6,316,6,138,16,4.82%,41.56%,0,Lâm Đồng,NTB,AM Chi
NTB - Lâm Đồng,(LDO) Đinh Văn Lâm Hà,Hàng Tồn,2026-10-01 - Thứ 5,292,88.01%,62.33%,2.05%,35.46,182,6,257,6,104,35,11.99%,35.62%,0,Lâm Đồng,NTB,AM Chi
NTB - Lâm Đồng,(LDO) Đinh Văn Lâm Hà,Hàng Tồn,2026-09-24 - Thứ 5,191,96.86%,48.17%,8.90%,36.35,92,17,185,17,82,6,3.14%,42.93%,0,Lâm Đồng,NTB,AM Chi
NTB - Lâm Đồng,(LDO) Đinh Văn Lâm Hà,Hàng Tồn,2026-10-09 - Thứ 6,459,86.27%,61.66%,6.10%,33.28,283,28,396,28,148,63,13.73%,32.24%,0,Lâm Đồng,NTB,AM Chi
NTB - Lâm Đồng,(LDO) Đam Rông 3,Hàng Mới Ca 1,2026-10-03 - Thứ 7,463,96.54%,74.30%,0.22%,14.71,344,1,447,1,118,16,3.46%,25.48%,463,Lâm Đồng,NTB,AM Chi
NTB - Lâm Đồng,(LDO) Đam Rông 3,Hàng Mới Ca 1,2026-09-16 - Thứ 4,354,98.31%,78.81%,0.00%,14.51,279,0,348,0,75,6,1.69%,21.19%,354,Lâm Đồng,NTB,AM Chi
NTB - Lâm Đồng,(LDO) Đam Rông 3,Hàng Mới Ca 1,2026-09-27 - Chủ Nhật,474,95.36%,69.83%,0.00%,17.82,331,0,452,0,143,22,4.64%,30.17%,474,Lâm Đồng,NTB,AM Chi
NTB - Lâm Đồng,(LDO) Đam Rông 3,Hàng Mới Ca 1,2026-09-21 - Thứ 2,328,96.34%,71.95%,0.61%,16.26,236,2,316,2,90,12,3.66%,27.44%,328,Lâm Đồng,NTB,AM Chi
NTB - Lâm Đồng,(LDO) Đam Rông 3,Hàng Mới Ca 1,2026-09-20 - Chủ Nhật,474,96.41%,72.57%,0.84%,15.46,344,4,457,4,126,17,3.59%,26.59%,474,Lâm Đồng,NTB,AM Chi
NTB - Lâm Đồng,(LDO) Đam Rông 3,Hàng Mới Ca 1,2026-09-24 - Thứ 5,429,95.10%,72.26%,2.10%,10.4,310,9,408,9,110,21,4.90%,25.64%,429,Lâm Đồng,NTB,AM Chi
NTB - Lâm Đồng,(LDO) Đam Rông 3,Hàng Mới Ca 1,2026-10-06 - Thứ 3,390,97.18%,75.64%,0.00%,14.09,295,0,379,0,95,11,2.82%,24.36%,390,Lâm Đồng,NTB,AM Chi
NTB - Lâm Đồng,(LDO) Đam Rông 3,Hàng Mới Ca 1,2026-10-01 - Thứ 5,143,90.21%,70.63%,2.80%,6.03,101,4,129,4,38,14,9.79%,26.57%,143,Lâm Đồng,NTB,AM Chi
NTB - Lâm Đồng,(LDO) Đam Rông 3,Hàng Mới Ca 1,2026-09-12 - Thứ 7,513,91.03%,69.79%,0.97%,12.78,358,5,467,5,150,46,8.97%,29.24%,513,Lâm Đồng,NTB,AM Chi
NTB - Lâm Đồng,(LDO) Đam Rông 3,Hàng Mới Ca 1,2026-09-22 - Thứ 3,393,98.73%,73.03%,1.53%,13.55,287,6,388,6,100,5,1.27%,25.44%,393,Lâm Đồng,NTB,AM Chi
NTB - Lâm Đồng,(LDO) Đam Rông 3,Hàng Mới Ca 1,2026-09-23 - Thứ 4,318,85.53%,65.09%,0.94%,16.54,207,3,272,3,108,46,14.47%,33.97%,318,Lâm Đồng,NTB,AM Chi
NTB - Lâm Đồng,(LDO) Đam Rông 3,Hàng Mới Ca 1,2026-09-14 - Thứ 2,385,89.09%,66.49%,0.26%,7.18,256,1,343,1,128,42,10.91%,33.25%,385,Lâm Đồng,NTB,AM Chi
NTB - Lâm Đồng,(LDO) Đam Rông 3,Hàng Mới Ca 1,2026-09-15 - Thứ 3,438,97.95%,79.91%,1.14%,16.24,350,5,429,5,83,9,2.05%,18.95%,438,Lâm Đồng,NTB,AM Chi
NTB - Lâm Đồng,(LDO) Đam Rông 3,Hàng Mới Ca 1,2026-10-02 - Thứ 6,488,98.36%,72.13%,1.23%,14.67,352,6,480,6,130,8,1.64%,26.64%,488,Lâm Đồng,NTB,AM Chi
NTB - Lâm Đồng,(LDO) Đam Rông 3,Hàng Mới Ca 1,2026-09-29 - Thứ 3,196,97.96%,75.51%,0.00%,6.7,148,0,192,0,48,4,2.04%,24.49%,196,Lâm Đồng,NTB,AM Chi
NTB - Lâm Đồng,(LDO) Đam Rông 3,Hàng Mới Ca 1,2026-10-08 - Thứ 5,468,96.58%,70.94%,2.35%,12.07,332,11,452,11,125,16,3.42%,26.71%,468,Lâm Đồng,NTB,AM Chi
NTB - Lâm Đồng,(LDO) Đam Rông 3,Hàng Mới Ca 1,2026-09-19 - Thứ 7,349,91.98%,69.63%,0.29%,13.78,243,1,321,1,105,28,8.02%,30.08%,349,Lâm Đồng,NTB,AM Chi
NTB - Lâm Đồng,(LDO) Đam Rông 3,Hàng Mới Ca 1,2026-10-04 - Chủ Nhật,461,98.48%,73.75%,1.95%,12.18,340,9,454,9,112,7,1.52%,24.30%,461,Lâm Đồng,NTB,AM Chi
NTB - Lâm Đồng,(LDO) Đam Rông 3,Hàng Mới Ca 1,2026-09-30 - Thứ 4,78,98.72%,80.77%,0.00%,6.05,63,0,77,0,15,1,1.28%,19.23%,78,Lâm Đồng,NTB,AM Chi
NTB - Lâm Đồng,(LDO) Đam Rông 3,Hàng Mới Ca 1,2026-10-09 - Thứ 6,485,97.73%,75.05%,0.00%,15.33,364,0,474,0,121,11,2.27%,24.95%,485,Lâm Đồng,NTB,AM Chi
NTB - Lâm Đồng,(LDO) Đam Rông 3,Hàng Mới Ca 1,2026-09-26 - Thứ 7,290,98.62%,69.66%,0.00%,11.52,202,0,286,0,88,4,1.38%,30.34%,290,Lâm Đồng,NTB,AM Chi
NTB - Lâm Đồng,(LDO) Đam Rông 3,Hàng Mới Ca 1,2026-09-28 - Thứ 2,275,99.27%,65.82%,0.73%,9.08,181,2,273,2,92,2,0.73%,33.45%,275,Lâm Đồng,NTB,AM Chi
NTB - Lâm Đồng,(LDO) Đam Rông 3,Hàng Mới Ca 1,2026-10-07 - Thứ 4,433,97.69%,74.36%,0.46%,15.26,322,2,423,2,109,10,2.31%,25.18%,433,Lâm Đồng,NTB,AM Chi
NTB - Lâm Đồng,(LDO) Đam Rông 3,Hàng Mới Ca 1,2026-09-25 - Thứ 6,534,94.94%,72.85%,1.12%,14.58,389,6,507,6,139,27,5.06%,26.03%,534,Lâm Đồng,NTB,AM Chi
NTB - Lâm Đồng,(LDO) Đam Rông 3,Hàng Mới Ca 1,2026-09-18 - Thứ 6,465,89.89%,70.75%,0.22%,13.9,329,1,418,1,135,47,10.11%,29.03%,465,Lâm Đồng,NTB,AM Chi
NTB - Lâm Đồng,(LDO) Đam Rông 3,Hàng Mới Ca 1,2026-09-13 - Chủ Nhật,417,99.04%,79.62%,0.48%,14.16,332,2,413,2,83,4,0.96%,19.90%,417,Lâm Đồng,NTB,AM Chi
NTB - Lâm Đồng,(LDO) Đam Rông 3,Hàng Mới Ca 1,2026-10-05 - Thứ 2,440,98.86%,75.91%,0.91%,13.75,334,4,435,4,102,5,1.14%,23.18%,440,Lâm Đồng,NTB,AM Chi
NTB - Lâm Đồng,(LDO) Đam Rông 3,Hàng Mới Ca 1,2026-09-17 - Thứ 5,495,97.78%,77.37%,0.81%,14.54,383,4,484,4,108,11,2.22%,21.82%,495,Lâm Đồng,NTB,AM Chi
NTB - Lâm Đồng,(LDO) Đam Rông 3,Hàng Mới Ca 2,2026-09-13 - Chủ Nhật,102,1.96%,1.96%,0.00%,3,2,0,2,0,100,100,98.04%,98.04%,102,Lâm Đồng,NTB,AM Chi
NTB - Lâm Đồng,(LDO) Đam Rông 3,Hàng Mới Ca 2,2026-10-01 - Thứ 5,34,94.12%,61.76%,2.94%,23.29,21,1,32,1,12,2,5.88%,35.30%,34,Lâm Đồng,NTB,AM Chi
NTB - Lâm Đồng,(LDO) Đam Rông 3,Hàng Mới Ca 2,2026-09-29 - Thứ 3,239,11.30%,7.95%,0.42%,22.76,19,1,27,1,219,212,88.70%,91.63%,239,Lâm Đồng,NTB,AM Chi
NTB - Lâm Đồng,(LDO) Đam Rông 3,Hàng Mới Ca 2,2026-09-30 - Thứ 4,266,9.77%,5.64%,0.00%,22.2,15,0,26,0,251,240,90.23%,94.36%,266,Lâm Đồng,NTB,AM Chi
NTB - Lâm Đồng,(LDO) Đam Rông 3,Hàng Mới Ca 2,2026-09-28 - Thứ 2,118,0.85%,0.00%,0.00%,0,0,0,1,0,118,117,99.15%,100.00%,118,Lâm Đồng,NTB,AM Chi
NTB - Lâm Đồng,(LDO) Đam Rông 3,Hàng Mới Ca 2,2026-10-08 - Thứ 5,1,100.00%,100.00%,0.00%,3,1,0,1,0,0,0,0.00%,0.00%,1,Lâm Đồng,NTB,AM Chi
NTB - Lâm Đồng,(LDO) Đam Rông 3,Hàng Mới Ca 2,2026-09-16 - Thứ 4,1,0.00%,0.00%,0.00%,0,0,0,0,0,1,1,100.00%,100.00%,1,Lâm Đồng,NTB,AM Chi
NTB - Lâm Đồng,(LDO) Đam Rông 3,Hàng Mới Ca 2,2026-09-23 - Thứ 4,1,100.00%,0.00%,0.00%,0,0,0,1,0,1,0,0.00%,100.00%,1,Lâm Đồng,NTB,AM Chi
NTB - Lâm Đồng,(LDO) Đam Rông 3,Hàng Mới Ca 2,2026-09-15 - Thứ 3,2,50.00%,50.00%,0.00%,0,1,0,1,0,1,1,50.00%,50.00%,2,Lâm Đồng,NTB,AM Chi
NTB - Lâm Đồng,(LDO) Đam Rông 3,Hàng Mới Ca 2,2026-09-18 - Thứ 6,1,100.00%,100.00%,0.00%,4,1,0,1,0,0,0,0.00%,0.00%,1,Lâm Đồng,NTB,AM Chi
NTB - Lâm Đồng,(LDO) Đam Rông 3,Hàng Tồn,2026-10-03 - Thứ 7,201,99.00%,49.25%,5.47%,47.63,99,11,199,11,91,2,1.00%,45.28%,0,Lâm Đồng,NTB,AM Chi
NTB - Lâm Đồng,(LDO) Đam Rông 3,Hàng Tồn,2026-09-21 - Thứ 2,210,94.29%,45.71%,5.24%,58.05,96,11,198,11,103,12,5.71%,49.05%,0,Lâm Đồng,NTB,AM Chi
NTB - Lâm Đồng,(LDO) Đam Rông 3,Hàng Tồn,2026-09-20 - Chủ Nhật,209,90.43%,46.41%,7.66%,53.46,97,16,189,16,96,20,9.57%,45.93%,0,Lâm Đồng,NTB,AM Chi
NTB - Lâm Đồng,(LDO) Đam Rông 3,Hàng Tồn,2026-09-13 - Chủ Nhật,285,97.19%,49.47%,5.96%,55.57,141,17,277,17,127,8,2.81%,44.57%,0,Lâm Đồng,NTB,AM Chi
NTB - Lâm Đồng,(LDO) Đam Rông 3,Hàng Tồn,2026-09-24 - Thứ 5,225,94.67%,49.78%,7.11%,59.72,112,16,213,16,97,12,5.33%,43.11%,0,Lâm Đồng,NTB,AM Chi
NTB - Lâm Đồng,(LDO) Đam Rông 3,Hàng Tồn,2026-10-06 - Thứ 3,181,96.13%,51.93%,8.29%,53.83,94,15,174,15,72,7,3.87%,39.78%,0,Lâm Đồng,NTB,AM Chi
NTB - Lâm Đồng,(LDO) Đam Rông 3,Hàng Tồn,2026-10-01 - Thứ 5,415,89.40%,55.42%,5.78%,33.64,230,24,371,24,161,44,10.60%,38.80%,0,Lâm Đồng,NTB,AM Chi
NTB - Lâm Đồng,(LDO) Đam Rông 3,Hàng Tồn,2026-09-12 - Thứ 7,340,96.18%,50.00%,6.76%,51.09,170,23,327,23,147,13,3.82%,43.24%,0,Lâm Đồng,NTB,AM Chi
NTB - Lâm Đồng,(LDO) Đam Rông 3,Hàng Tồn,2026-09-22 - Thứ 3,193,96.37%,39.90%,5.70%,58.03,77,11,186,11,105,7,3.63%,54.40%,0,Lâm Đồng,NTB,AM Chi
NTB - Lâm Đồng,(LDO) Đam Rông 3,Hàng Tồn,2026-09-14 - Thứ 2,281,85.77%,48.04%,5.34%,38.69,135,15,241,15,131,40,14.23%,46.62%,0,Lâm Đồng,NTB,AM Chi
NTB - Lâm Đồng,(LDO) Đam Rông 3,Hàng Tồn,2026-09-15 - Thứ 3,254,94.09%,49.21%,7.87%,48.75,125,20,239,20,109,15,5.91%,42.92%,0,Lâm Đồng,NTB,AM Chi
NTB - Lâm Đồng,(LDO) Đam Rông 3,Hàng Tồn,2026-09-29 - Thứ 3,316,96.84%,53.48%,1.90%,38.51,169,6,306,6,141,10,3.16%,44.62%,0,Lâm Đồng,NTB,AM Chi
NTB - Lâm Đồng,(LDO) Đam Rông 3,Hàng Tồn,2026-10-08 - Thứ 5,171,95.32%,45.03%,7.02%,53.51,77,12,163,12,82,8,4.68%,47.95%,0,Lâm Đồng,NTB,AM Chi
NTB - Lâm Đồng,(LDO) Đam Rông 3,Hàng Tồn,2026-10-04 - Chủ Nhật,214,92.52%,33.64%,11.21%,59.19,72,24,198,24,118,16,7.48%,55.15%,0,Lâm Đồng,NTB,AM Chi
NTB - Lâm Đồng,(LDO) Đam Rông 3,Hàng Tồn,2026-09-30 - Thứ 4,388,94.59%,59.28%,1.80%,34.17,230,7,367,7,151,21,5.41%,38.92%,0,Lâm Đồng,NTB,AM Chi
NTB - Lâm Đồng,(LDO) Đam Rông 3,Hàng Tồn,2026-09-17 - Thứ 5,183,87.98%,33.33%,11.48%,53.08,61,21,161,21,101,22,12.02%,55.19%,0,Lâm Đồng,NTB,AM Chi
NTB - Lâm Đồng,(LDO) Đam Rông 3,Hàng Tồn,2026-09-26 - Thứ 7,218,96.33%,46.33%,1.38%,48.36,101,3,210,3,114,8,3.67%,52.29%,0,Lâm Đồng,NTB,AM Chi
NTB - Lâm Đồng,(LDO) Đam Rông 3,Hàng Tồn,2026-09-28 - Thứ 2,244,86.48%,34.02%,13.11%,47.95,83,32,211,32,129,33,13.52%,52.87%,0,Lâm Đồng,NTB,AM Chi
NTB - Lâm Đồng,(LDO) Đam Rông 3,Hàng Tồn,2026-10-07 - Thứ 4,174,90.80%,36.78%,11.49%,53.77,64,20,158,20,90,16,9.20%,51.73%,0,Lâm Đồng,NTB,AM Chi
NTB - Lâm Đồng,(LDO) Đam Rông 3,Hàng Tồn,2026-09-16 - Thứ 4,174,96.55%,36.78%,6.32%,57.4,64,11,168,11,99,6,3.45%,56.90%,0,Lâm Đồng,NTB,AM Chi
NTB - Lâm Đồng,(LDO) Đam Rông 3,Hàng Tồn,2026-10-05 - Thứ 2,211,96.68%,45.50%,16.11%,50.37,96,34,204,34,81,7,3.32%,38.39%,0,Lâm Đồng,NTB,AM Chi
NTB - Lâm Đồng,(LDO) Đam Rông 3,Hàng Tồn,2026-09-23 - Thứ 4,194,76.29%,23.20%,5.15%,52.93,45,10,148,10,139,46,23.71%,71.65%,0,Lâm Đồng,NTB,AM Chi
NTB - Lâm Đồng,(LDO) Đam Rông 3,Hàng Tồn,2026-10-02 - Thứ 6,188,97.34%,45.74%,5.85%,52.56,86,11,183,11,91,5,2.66%,48.41%,0,Lâm Đồng,NTB,AM Chi
NTB - Lâm Đồng,(LDO) Đam Rông 3,Hàng Tồn,2026-09-19 - Thứ 7,248,77.82%,35.89%,11.29%,56.24,89,28,193,28,131,55,22.18%,52.82%,0,Lâm Đồng,NTB,AM Chi
NTB - Lâm Đồng,(LDO) Đam Rông 3,Hàng Tồn,2026-09-25 - Thứ 6,187,97.33%,45.45%,5.88%,54.17,85,11,182,11,91,5,2.67%,48.67%,0,Lâm Đồng,NTB,AM Chi
NTB - Lâm Đồng,(LDO) Đam Rông 3,Hàng Tồn,2026-09-18 - Thứ 6,172,88.37%,36.63%,2.33%,55.02,63,4,152,4,105,20,11.63%,61.04%,0,Lâm Đồng,NTB,AM Chi
NTB - Lâm Đồng,(LDO) Đam Rông 3,Hàng Tồn,2026-09-27 - Chủ Nhật,206,87.38%,33.98%,11.65%,53.03,70,24,180,24,112,26,12.62%,54.37%,0,Lâm Đồng,NTB,AM Chi
NTB - Lâm Đồng,(LDO) Đam Rông 3,Hàng Tồn,2026-10-09 - Thứ 6,191,97.91%,46.07%,8.38%,48.36,88,16,187,16,87,4,2.09%,45.55%,0,Lâm Đồng,NTB,AM Chi
NTB - Lâm Đồng,(LDO) Xuân Trường - Đà Lạt,Hàng Mới Ca 1,2026-09-21 - Thứ 2,78,84.62%,75.64%,0.00%,5.64,59,0,66,0,19,12,15.38%,24.36%,78,Lâm Đồng,NTB,AM Trường
NTB - Lâm Đồng,(LDO) Xuân Trường - Đà Lạt,Hàng Mới Ca 1,2026-09-13 - Chủ Nhật,105,81.90%,71.43%,0.00%,5.43,75,0,86,0,30,19,18.10%,28.57%,105,Lâm Đồng,NTB,AM Trường
NTB - Lâm Đồng,(LDO) Xuân Trường - Đà Lạt,Hàng Mới Ca 1,2026-09-24 - Thứ 5,247,97.57%,89.88%,0.40%,6.24,222,1,241,1,24,6,2.43%,9.72%,247,Lâm Đồng,NTB,AM Trường
NTB - Lâm Đồng,(LDO) Xuân Trường - Đà Lạt,Hàng Mới Ca 1,2026-10-06 - Thứ 3,384,98.96%,87.50%,0.78%,15.11,336,3,380,3,45,4,1.04%,11.72%,384,Lâm Đồng,NTB,AM Trường
NTB - Lâm Đồng,(LDO) Xuân Trường - Đà Lạt,Hàng Mới Ca 1,2026-10-01 - Thứ 5,478,93.10%,77.41%,0.42%,18.04,370,2,445,2,106,33,6.90%,22.17%,478,Lâm Đồng,NTB,AM Trường
NTB - Lâm Đồng,(LDO) Xuân Trường - Đà Lạt,Hàng Mới Ca 1,2026-09-12 - Thứ 7,169,97.04%,79.29%,0.00%,5.71,134,0,164,0,35,5,2.96%,20.71%,169,Lâm Đồng,NTB,AM Trường
NTB - Lâm Đồng,(LDO) Xuân Trường - Đà Lạt,Hàng Mới Ca 1,2026-09-23 - Thứ 4,157,98.09%,93.63%,0.64%,6.61,147,1,154,1,9,3,1.91%,5.73%,157,Lâm Đồng,NTB,AM Trường
NTB - Lâm Đồng,(LDO) Xuân Trường - Đà Lạt,Hàng Mới Ca 1,2026-09-14 - Thứ 2,223,100.00%,80.72%,0.45%,5.3,180,1,223,1,42,0,0.00%,18.83%,223,Lâm Đồng,NTB,AM Trường
NTB - Lâm Đồng,(LDO) Xuân Trường - Đà Lạt,Hàng Mới Ca 1,2026-09-15 - Thứ 3,123,100.00%,83.74%,0.00%,5.81,103,0,123,0,20,0,0.00%,16.26%,123,Lâm Đồng,NTB,AM Trường
NTB - Lâm Đồng,(LDO) Xuân Trường - Đà Lạt,Hàng Mới Ca 1,2026-10-08 - Thứ 5,474,99.58%,89.45%,0.00%,14.57,424,0,472,0,50,2,0.42%,10.55%,474,Lâm Đồng,NTB,AM Trường
NTB - Lâm Đồng,(LDO) Xuân Trường - Đà Lạt,Hàng Mới Ca 1,2026-09-19 - Thứ 7,152,98.68%,88.16%,0.00%,5.95,134,0,150,0,18,2,1.32%,11.84%,152,Lâm Đồng,NTB,AM Trường
NTB - Lâm Đồng,(LDO) Xuân Trường - Đà Lạt,Hàng Mới Ca 1,2026-10-04 - Chủ Nhật,505,100.00%,89.31%,1.39%,15.77,451,7,505,7,47,0,0.00%,9.30%,505,Lâm Đồng,NTB,AM Trường
NTB - Lâm Đồng,(LDO) Xuân Trường - Đà Lạt,Hàng Mới Ca 1,2026-09-30 - Thứ 4,354,95.76%,81.92%,1.13%,15.96,290,4,339,4,60,15,4.24%,16.95%,354,Lâm Đồng,NTB,AM Trường
NTB - Lâm Đồng,(LDO) Xuân Trường - Đà Lạt,Hàng Mới Ca 1,2026-09-17 - Thứ 5,140,100.00%,87.86%,0.00%,5.22,123,0,140,0,17,0,0.00%,12.14%,140,Lâm Đồng,NTB,AM Trường
NTB - Lâm Đồng,(LDO) Xuân Trường - Đà Lạt,Hàng Mới Ca 1,2026-10-09 - Thứ 6,559,99.46%,86.94%,1.61%,16.33,486,9,556,9,64,3,0.54%,11.45%,559,Lâm Đồng,NTB,AM Trường
NTB - Lâm Đồng,(LDO) Xuân Trường - Đà Lạt,Hàng Mới Ca 1,2026-09-26 - Thứ 7,411,89.29%,82.24%,0.24%,16.42,338,1,367,1,72,44,10.71%,17.52%,411,Lâm Đồng,NTB,AM Trường
NTB - Lâm Đồng,(LDO) Xuân Trường - Đà Lạt,Hàng Mới Ca 1,2026-09-28 - Thứ 2,350,98.57%,76.00%,1.14%,17.29,266,4,345,4,80,5,1.43%,22.86%,350,Lâm Đồng,NTB,AM Trường
NTB - Lâm Đồng,(LDO) Xuân Trường - Đà Lạt,Hàng Mới Ca 1,2026-10-07 - Thứ 4,450,98.67%,82.89%,0.67%,15.58,373,3,444,3,74,6,1.33%,16.44%,450,Lâm Đồng,NTB,AM Trường
NTB - Lâm Đồng,(LDO) Xuân Trường - Đà Lạt,Hàng Mới Ca 1,2026-10-03 - Thứ 7,491,100.00%,89.82%,1.43%,15.04,441,7,491,7,43,0,0.00%,8.75%,491,Lâm Đồng,NTB,AM Trường
NTB - Lâm Đồng,(LDO) Xuân Trường - Đà Lạt,Hàng Mới Ca 1,2026-09-16 - Thứ 4,100,100.00%,89.00%,1.00%,5.31,89,1,100,1,10,0,0.00%,10.00%,100,Lâm Đồng,NTB,AM Trường
NTB - Lâm Đồng,(LDO) Xuân Trường - Đà Lạt,Hàng Mới Ca 1,2026-09-25 - Thứ 6,289,83.39%,75.09%,0.69%,11.29,217,2,241,2,70,48,16.61%,24.22%,289,Lâm Đồng,NTB,AM Trường
NTB - Lâm Đồng,(LDO) Xuân Trường - Đà Lạt,Hàng Mới Ca 1,2026-09-20 - Chủ Nhật,165,100.00%,80.61%,0.61%,6.89,133,1,165,1,31,0,0.00%,18.78%,165,Lâm Đồng,NTB,AM Trường
NTB - Lâm Đồng,(LDO) Xuân Trường - Đà Lạt,Hàng Mới Ca 1,2026-09-22 - Thứ 3,235,100.00%,86.81%,0.00%,6.05,204,0,235,0,31,0,0.00%,13.19%,235,Lâm Đồng,NTB,AM Trường
NTB - Lâm Đồng,(LDO) Xuân Trường - Đà Lạt,Hàng Mới Ca 1,2026-10-02 - Thứ 6,427,98.59%,89.70%,0.94%,16.45,383,4,421,4,40,6,1.41%,9.36%,427,Lâm Đồng,NTB,AM Trường
NTB - Lâm Đồng,(LDO) Xuân Trường - Đà Lạt,Hàng Mới Ca 1,2026-09-29 - Thứ 3,268,98.88%,87.31%,0.75%,14.59,234,2,265,2,32,3,1.12%,11.94%,268,Lâm Đồng,NTB,AM Trường
NTB - Lâm Đồng,(LDO) Xuân Trường - Đà Lạt,Hàng Mới Ca 1,2026-09-27 - Chủ Nhật,470,88.30%,74.04%,0.64%,18.39,348,3,415,3,119,55,11.70%,25.32%,470,Lâm Đồng,NTB,AM Trường
NTB - Lâm Đồng,(LDO) Xuân Trường - Đà Lạt,Hàng Mới Ca 1,2026-10-05 - Thứ 2,489,98.98%,85.69%,1.43%,15.39,419,7,484,7,63,5,1.02%,12.88%,489,Lâm Đồng,NTB,AM Trường
NTB - Lâm Đồng,(LDO) Xuân Trường - Đà Lạt,Hàng Mới Ca 1,2026-09-18 - Thứ 6,1,100.00%,100.00%,0.00%,24,1,0,1,0,0,0,0.00%,0.00%,1,Lâm Đồng,NTB,AM Trường
NTB - Lâm Đồng,(LDO) Xuân Trường - Đà Lạt,Hàng Mới Ca 2,2026-09-21 - Thứ 2,212,1.89%,1.42%,0.00%,3.33,3,0,4,0,209,208,98.11%,98.58%,212,Lâm Đồng,NTB,AM Trường
NTB - Lâm Đồng,(LDO) Xuân Trường - Đà Lạt,Hàng Mới Ca 2,2026-09-20 - Chủ Nhật,268,1.49%,1.49%,0.00%,3.5,4,0,4,0,264,264,98.51%,98.51%,268,Lâm Đồng,NTB,AM Trường
NTB - Lâm Đồng,(LDO) Xuân Trường - Đà Lạt,Hàng Mới Ca 2,2026-09-13 - Chủ Nhật,102,1.96%,1.96%,0.00%,2,2,0,2,0,100,100,98.04%,98.04%,102,Lâm Đồng,NTB,AM Trường
NTB - Lâm Đồng,(LDO) Xuân Trường - Đà Lạt,Hàng Mới Ca 2,2026-09-24 - Thứ 5,222,15.32%,11.26%,0.00%,25.72,25,0,34,0,197,188,84.68%,88.74%,222,Lâm Đồng,NTB,AM Trường
NTB - Lâm Đồng,(LDO) Xuân Trường - Đà Lạt,Hàng Mới Ca 2,2026-09-12 - Thứ 7,225,1.78%,1.33%,0.00%,2.67,3,0,4,0,222,221,98.22%,98.67%,225,Lâm Đồng,NTB,AM Trường
NTB - Lâm Đồng,(LDO) Xuân Trường - Đà Lạt,Hàng Mới Ca 2,2026-09-14 - Thứ 2,189,7.41%,6.88%,0.00%,2.15,13,0,14,0,176,175,92.59%,93.12%,189,Lâm Đồng,NTB,AM Trường
NTB - Lâm Đồng,(LDO) Xuân Trường - Đà Lạt,Hàng Mới Ca 2,2026-09-15 - Thứ 3,179,2.79%,2.23%,0.00%,2.25,4,0,5,0,175,174,97.21%,97.77%,179,Lâm Đồng,NTB,AM Trường
NTB - Lâm Đồng,(LDO) Xuân Trường - Đà Lạt,Hàng Mới Ca 2,2026-09-19 - Thứ 7,336,3.87%,2.98%,0.00%,3.6,10,0,13,0,326,323,96.13%,97.02%,336,Lâm Đồng,NTB,AM Trường
NTB - Lâm Đồng,(LDO) Xuân Trường - Đà Lạt,Hàng Mới Ca 2,2026-09-17 - Thứ 5,227,3.08%,2.20%,0.00%,2.8,5,0,7,0,222,220,96.92%,97.80%,227,Lâm Đồng,NTB,AM Trường
NTB - Lâm Đồng,(LDO) Xuân Trường - Đà Lạt,Hàng Mới Ca 2,2026-09-16 - Thứ 4,229,2.62%,1.75%,0.00%,2.5,4,0,6,0,225,223,97.38%,98.25%,229,Lâm Đồng,NTB,AM Trường
NTB - Lâm Đồng,(LDO) Xuân Trường - Đà Lạt,Hàng Mới Ca 2,2026-09-25 - Thứ 6,136,69.85%,62.50%,0.74%,23.88,85,1,95,1,50,41,30.15%,36.76%,136,Lâm Đồng,NTB,AM Trường
NTB - Lâm Đồng,(LDO) Xuân Trường - Đà Lạt,Hàng Mới Ca 2,2026-09-18 - Thứ 6,439,44.87%,40.77%,0.23%,4.4,179,1,197,1,259,242,55.13%,59.00%,439,Lâm Đồng,NTB,AM Trường
NTB - Lâm Đồng,(LDO) Xuân Trường - Đà Lạt,Hàng Mới Ca 2,2026-09-22 - Thứ 3,239,3.77%,2.93%,0.00%,2.86,7,0,9,0,232,230,96.23%,97.07%,239,Lâm Đồng,NTB,AM Trường
NTB - Lâm Đồng,(LDO) Xuân Trường - Đà Lạt,Hàng Mới Ca 2,2026-09-23 - Thứ 4,202,47.52%,43.07%,0.00%,24.88,87,0,96,0,115,106,52.48%,56.93%,202,Lâm Đồng,NTB,AM Trường
NTB - Lâm Đồng,(LDO) Xuân Trường - Đà Lạt,Hàng Mới Ca 2,2026-10-04 - Chủ Nhật,1,0.00%,0.00%,0.00%,0,0,0,0,0,1,1,100.00%,100.00%,1,Lâm Đồng,NTB,AM Trường
NTB - Lâm Đồng,(LDO) Xuân Trường - Đà Lạt,Hàng Mới Ca 2,2026-09-29 - Thứ 3,1,100.00%,100.00%,0.00%,21,1,0,1,0,0,0,0.00%,0.00%,1,Lâm Đồng,NTB,AM Trường
NTB - Lâm Đồng,(LDO) Xuân Trường - Đà Lạt,Hàng Mới Ca 2,2026-09-27 - Chủ Nhật,1,100.00%,100.00%,0.00%,1,1,0,1,0,0,0,0.00%,0.00%,1,Lâm Đồng,NTB,AM Trường
NTB - Lâm Đồng,(LDO) Xuân Trường - Đà Lạt,Hàng Mới Ca 2,2026-09-28 - Thứ 2,1,100.00%,0.00%,0.00%,0,0,0,1,0,1,0,0.00%,100.00%,1,Lâm Đồng,NTB,AM Trường
NTB - Lâm Đồng,(LDO) Xuân Trường - Đà Lạt,Hàng Tồn,2026-09-16 - Thứ 4,259,99.23%,67.18%,3.09%,27.6,174,8,257,8,77,2,0.77%,29.73%,0,Lâm Đồng,NTB,AM Trường
NTB - Lâm Đồng,(LDO) Xuân Trường - Đà Lạt,Hàng Tồn,2026-09-18 - Thứ 6,298,99.66%,75.17%,3.36%,26.84,224,10,297,10,64,1,0.34%,21.47%,0,Lâm Đồng,NTB,AM Trường
NTB - Lâm Đồng,(LDO) Xuân Trường - Đà Lạt,Hàng Tồn,2026-09-27 - Chủ Nhật,127,92.13%,48.82%,7.87%,52.79,62,10,117,10,55,10,7.87%,43.31%,0,Lâm Đồng,NTB,AM Trường
NTB - Lâm Đồng,(LDO) Xuân Trường - Đà Lạt,Hàng Tồn,2026-09-20 - Chủ Nhật,396,98.74%,73.99%,2.02%,27.89,293,8,391,8,95,5,1.26%,23.99%,0,Lâm Đồng,NTB,AM Trường
NTB - Lâm Đồng,(LDO) Xuân Trường - Đà Lạt,Hàng Tồn,2026-09-13 - Chủ Nhật,318,81.45%,58.49%,1.57%,27.14,186,5,259,5,127,59,18.55%,39.94%,0,Lâm Đồng,NTB,AM Trường
NTB - Lâm Đồng,(LDO) Xuân Trường - Đà Lạt,Hàng Tồn,2026-10-01 - Thứ 5,80,76.25%,25.00%,10.00%,49.35,20,8,61,8,52,19,23.75%,65.00%,0,Lâm Đồng,NTB,AM Trường
NTB - Lâm Đồng,(LDO) Xuân Trường - Đà Lạt,Hàng Tồn,2026-09-12 - Thứ 7,265,98.87%,68.68%,1.51%,30.97,182,4,262,4,79,3,1.13%,29.81%,0,Lâm Đồng,NTB,AM Trường
NTB - Lâm Đồng,(LDO) Xuân Trường - Đà Lạt,Hàng Tồn,2026-09-22 - Thứ 3,356,100.00%,75.28%,1.97%,34.14,268,7,356,7,81,0,0.00%,22.75%,0,Lâm Đồng,NTB,AM Trường
NTB - Lâm Đồng,(LDO) Xuân Trường - Đà Lạt,Hàng Tồn,2026-09-23 - Thứ 4,214,98.60%,64.49%,4.21%,28.98,138,9,211,9,67,3,1.40%,31.30%,0,Lâm Đồng,NTB,AM Trường
NTB - Lâm Đồng,(LDO) Xuân Trường - Đà Lạt,Hàng Tồn,2026-09-14 - Thứ 2,243,97.53%,64.20%,3.29%,35.31,156,8,237,8,79,6,2.47%,32.51%,0,Lâm Đồng,NTB,AM Trường
NTB - Lâm Đồng,(LDO) Xuân Trường - Đà Lạt,Hàng Tồn,2026-09-15 - Thứ 3,281,100.00%,69.40%,2.85%,30.72,195,8,281,8,78,0,0.00%,27.75%,0,Lâm Đồng,NTB,AM Trường
NTB - Lâm Đồng,(LDO) Xuân Trường - Đà Lạt,Hàng Tồn,2026-09-29 - Thứ 3,153,97.39%,50.98%,5.88%,54.99,78,9,149,9,66,4,2.61%,43.14%,0,Lâm Đồng,NTB,AM Trường
NTB - Lâm Đồng,(LDO) Xuân Trường - Đà Lạt,Hàng Tồn,2026-09-19 - Thứ 7,315,99.37%,74.60%,1.27%,27.21,235,4,313,4,76,2,0.63%,24.13%,0,Lâm Đồng,NTB,AM Trường
NTB - Lâm Đồng,(LDO) Xuân Trường - Đà Lạt,Hàng Tồn,2026-09-30 - Thứ 4,79,96.20%,58.23%,6.33%,59.87,46,5,76,5,28,3,3.80%,35.44%,0,Lâm Đồng,NTB,AM Trường
NTB - Lâm Đồng,(LDO) Xuân Trường - Đà Lạt,Hàng Tồn,2026-09-17 - Thứ 5,292,98.63%,75.00%,1.03%,26.99,219,3,288,3,70,4,1.37%,23.97%,0,Lâm Đồng,NTB,AM Trường
NTB - Lâm Đồng,(LDO) Xuân Trường - Đà Lạt,Hàng Tồn,2026-10-09 - Thứ 6,83,95.18%,45.78%,13.25%,39.18,38,11,79,11,34,4,4.82%,40.97%,0,Lâm Đồng,NTB,AM Trường
NTB - Lâm Đồng,(LDO) Xuân Trường - Đà Lạt,Hàng Tồn,2026-09-26 - Thứ 7,196,98.47%,62.24%,4.08%,55.98,122,8,193,8,66,3,1.53%,33.68%,0,Lâm Đồng,NTB,AM Trường
NTB - Lâm Đồng,(LDO) Xuân Trường - Đà Lạt,Hàng Tồn,2026-10-07 - Thứ 4,72,97.22%,29.17%,8.33%,53.3,21,6,70,6,45,2,2.78%,62.50%,0,Lâm Đồng,NTB,AM Trường
NTB - Lâm Đồng,(LDO) Xuân Trường - Đà Lạt,Hàng Tồn,2026-10-03 - Thứ 7,68,98.53%,41.18%,13.24%,57.43,28,9,67,9,31,1,1.47%,45.58%,0,Lâm Đồng,NTB,AM Trường
NTB - Lâm Đồng,(LDO) Xuân Trường - Đà Lạt,Hàng Tồn,2026-09-25 - Thứ 6,264,85.23%,65.53%,3.41%,29.13,173,9,225,9,82,39,14.77%,31.06%,0,Lâm Đồng,NTB,AM Trường
NTB - Lâm Đồng,(LDO) Xuân Trường - Đà Lạt,Hàng Tồn,2026-09-24 - Thứ 5,182,87.36%,64.84%,4.40%,33.66,118,8,159,8,56,23,12.64%,30.76%,0,Lâm Đồng,NTB,AM Trường
NTB - Lâm Đồng,(LDO) Xuân Trường - Đà Lạt,Hàng Tồn,2026-09-21 - Thứ 2,383,82.51%,60.57%,2.09%,28.77,232,8,316,8,143,67,17.49%,37.34%,0,Lâm Đồng,NTB,AM Trường
NTB - Lâm Đồng,(LDO) Xuân Trường - Đà Lạt,Hàng Tồn,2026-10-05 - Thứ 2,74,100.00%,45.95%,13.51%,55.24,34,10,74,10,30,0,0.00%,40.54%,0,Lâm Đồng,NTB,AM Trường
NTB - Lâm Đồng,(LDO) Xuân Trường - Đà Lạt,Hàng Tồn,2026-10-08 - Thứ 5,107,97.20%,51.40%,10.28%,50.13,55,11,104,11,41,3,2.80%,38.32%,0,Lâm Đồng,NTB,AM Trường
NTB - Lâm Đồng,(LDO) Xuân Trường - Đà Lạt,Hàng Tồn,2026-09-28 - Thứ 2,148,97.30%,35.14%,5.41%,51.65,52,8,144,8,88,4,2.70%,59.45%,0,Lâm Đồng,NTB,AM Trường
NTB - Lâm Đồng,(LDO) Xuân Trường - Đà Lạt,Hàng Tồn,2026-10-06 - Thứ 3,84,95.24%,52.38%,5.95%,46.02,44,5,80,5,35,4,4.76%,41.67%,0,Lâm Đồng,NTB,AM Trường
NTB - Lâm Đồng,(LDO) Xuân Trường - Đà Lạt,Hàng Tồn,2026-10-02 - Thứ 6,146,97.26%,65.07%,4.79%,46.56,95,7,142,7,44,4,2.74%,30.14%,0,Lâm Đồng,NTB,AM Trường
NTB - Lâm Đồng,(LDO) Xuân Trường - Đà Lạt,Hàng Tồn,2026-10-04 - Chủ Nhật,66,93.94%,43.94%,4.55%,50.34,29,3,62,3,34,4,6.06%,51.51%,0,Lâm Đồng,NTB,AM Trường
NTB - Lâm Đồng,(LDO) Xuân Hương - Đà Lạt,Hàng Mới Ca 1,2026-09-16 - Thứ 4,586,66.21%,56.48%,0.68%,11.92,331,4,388,4,251,198,33.79%,42.84%,586,Lâm Đồng,NTB,AM Trường
NTB - Lâm Đồng,(LDO) Xuân Hương - Đà Lạt,Hàng Mới Ca 1,2026-09-25 - Thứ 6,532,92.48%,75.38%,1.32%,15.49,401,7,492,7,124,40,7.52%,23.30%,532,Lâm Đồng,NTB,AM Trường
NTB - Lâm Đồng,(LDO) Xuân Hương - Đà Lạt,Hàng Mới Ca 1,2026-09-27 - Chủ Nhật,457,61.49%,47.70%,0.44%,15,218,2,281,2,237,176,38.51%,51.86%,457,Lâm Đồng,NTB,AM Trường
NTB - Lâm Đồng,(LDO) Xuân Hương - Đà Lạt,Hàng Mới Ca 1,2026-09-21 - Thứ 2,391,77.24%,62.15%,0.77%,13.84,243,3,302,3,145,89,22.76%,37.08%,391,Lâm Đồng,NTB,AM Trường
NTB - Lâm Đồng,(LDO) Xuân Hương - Đà Lạt,Hàng Mới Ca 1,2026-09-20 - Chủ Nhật,567,71.25%,56.08%,0.88%,13.17,318,5,404,5,244,163,28.75%,43.04%,567,Lâm Đồng,NTB,AM Trường
NTB - Lâm Đồng,(LDO) Xuân Hương - Đà Lạt,Hàng Mới Ca 1,2026-09-13 - Chủ Nhật,836,31.82%,27.15%,0.24%,15.77,227,2,266,2,607,570,68.18%,72.61%,836,Lâm Đồng,NTB,AM Trường
NTB - Lâm Đồng,(LDO) Xuân Hương - Đà Lạt,Hàng Mới Ca 1,2026-09-24 - Thứ 5,468,89.53%,74.15%,0.21%,14.1,347,1,419,1,120,49,10.47%,25.64%,468,Lâm Đồng,NTB,AM Trường
NTB - Lâm Đồng,(LDO) Xuân Hương - Đà Lạt,Hàng Mới Ca 1,2026-10-06 - Thứ 3,733,81.72%,65.76%,0.82%,11.54,482,6,599,6,245,134,18.28%,33.42%,733,Lâm Đồng,NTB,AM Trường
NTB - Lâm Đồng,(LDO) Xuân Hương - Đà Lạt,Hàng Mới Ca 1,2026-09-12 - Thứ 7,840,42.50%,36.55%,0.36%,13.56,307,3,357,3,530,483,57.50%,63.09%,840,Lâm Đồng,NTB,AM Trường
NTB - Lâm Đồng,(LDO) Xuân Hương - Đà Lạt,Hàng Mới Ca 1,2026-10-05 - Thứ 2,646,93.65%,76.63%,1.39%,13.77,495,9,605,9,142,41,6.35%,21.98%,646,Lâm Đồng,NTB,AM Trường
NTB - Lâm Đồng,(LDO) Xuân Hương - Đà Lạt,Hàng Mới Ca 1,2026-09-22 - Thứ 3,447,88.81%,71.59%,0.45%,12.49,320,2,397,2,125,50,11.19%,27.96%,447,Lâm Đồng,NTB,AM Trường
NTB - Lâm Đồng,(LDO) Xuân Hương - Đà Lạt,Hàng Mới Ca 1,2026-09-23 - Thứ 4,412,76.94%,63.83%,0.00%,14.14,263,0,317,0,149,95,23.06%,36.17%,412,Lâm Đồng,NTB,AM Trường
NTB - Lâm Đồng,(LDO) Xuân Hương - Đà Lạt,Hàng Mới Ca 1,2026-09-14 - Thứ 2,680,53.38%,44.26%,0.29%,10.69,301,2,363,2,377,317,46.62%,55.45%,680,Lâm Đồng,NTB,AM Trường
NTB - Lâm Đồng,(LDO) Xuân Hương - Đà Lạt,Hàng Mới Ca 1,2026-09-15 - Thứ 3,705,58.87%,50.35%,0.57%,12.6,355,4,415,4,346,290,41.13%,49.08%,705,Lâm Đồng,NTB,AM Trường
NTB - Lâm Đồng,(LDO) Xuân Hương - Đà Lạt,Hàng Mới Ca 1,2026-10-02 - Thứ 6,359,98.61%,77.72%,1.11%,13.4,279,4,354,4,76,5,1.39%,21.17%,359,Lâm Đồng,NTB,AM Trường
NTB - Lâm Đồng,(LDO) Xuân Hương - Đà Lạt,Hàng Mới Ca 1,2026-09-29 - Thứ 3,343,95.34%,74.93%,1.17%,13.73,257,4,327,4,82,16,4.66%,23.90%,343,Lâm Đồng,NTB,AM Trường
NTB - Lâm Đồng,(LDO) Xuân Hương - Đà Lạt,Hàng Mới Ca 1,2026-10-08 - Thứ 5,786,89.95%,74.05%,1.15%,13.2,582,9,707,9,195,79,10.05%,24.80%,786,Lâm Đồng,NTB,AM Trường
NTB - Lâm Đồng,(LDO) Xuân Hương - Đà Lạt,Hàng Mới Ca 1,2026-10-04 - Chủ Nhật,611,95.74%,70.54%,0.65%,14.75,431,4,585,4,176,26,4.26%,28.81%,611,Lâm Đồng,NTB,AM Trường
NTB - Lâm Đồng,(LDO) Xuân Hương - Đà Lạt,Hàng Mới Ca 1,2026-09-30 - Thứ 4,249,91.16%,71.49%,0.00%,16.47,178,0,227,0,71,22,8.84%,28.51%,249,Lâm Đồng,NTB,AM Trường
NTB - Lâm Đồng,(LDO) Xuân Hương - Đà Lạt,Hàng Mới Ca 1,2026-09-17 - Thứ 5,423,59.57%,53.43%,0.71%,6.36,226,3,252,3,194,171,40.43%,45.86%,423,Lâm Đồng,NTB,AM Trường
NTB - Lâm Đồng,(LDO) Xuân Hương - Đà Lạt,Hàng Mới Ca 1,2026-10-09 - Thứ 6,827,73.16%,63.97%,1.21%,15.86,529,10,605,10,288,222,26.84%,34.82%,827,Lâm Đồng,NTB,AM Trường
NTB - Lâm Đồng,(LDO) Xuân Hương - Đà Lạt,Hàng Mới Ca 1,2026-09-26 - Thứ 7,441,96.15%,70.98%,0.23%,17.21,313,1,424,1,127,17,3.85%,28.79%,441,Lâm Đồng,NTB,AM Trường
NTB - Lâm Đồng,(LDO) Xuân Hương - Đà Lạt,Hàng Mới Ca 1,2026-09-28 - Thứ 2,411,97.32%,76.16%,0.24%,14.3,313,1,400,1,97,11,2.68%,23.60%,411,Lâm Đồng,NTB,AM Trường
NTB - Lâm Đồng,(LDO) Xuân Hương - Đà Lạt,Hàng Mới Ca 1,2026-10-07 - Thứ 4,571,94.40%,79.51%,0.88%,13.83,454,5,539,5,112,32,5.60%,19.61%,571,Lâm Đồng,NTB,AM Trường
NTB - Lâm Đồng,(LDO) Xuân Hương - Đà Lạt,Hàng Mới Ca 1,2026-10-03 - Thứ 7,430,92.56%,63.26%,0.23%,11.76,272,1,398,1,157,32,7.44%,36.51%,430,Lâm Đồng,NTB,AM Trường
NTB - Lâm Đồng,(LDO) Xuân Hương - Đà Lạt,Hàng Mới Ca 1,2026-09-18 - Thứ 6,780,70.51%,60.26%,0.64%,12.32,470,5,550,5,305,230,29.49%,39.10%,780,Lâm Đồng,NTB,AM Trường
NTB - Lâm Đồng,(LDO) Xuân Hương - Đà Lạt,Hàng Mới Ca 1,2026-10-01 - Thứ 5,297,95.29%,71.72%,0.34%,16.01,213,1,283,1,83,14,4.71%,27.94%,297,Lâm Đồng,NTB,AM Trường
NTB - Lâm Đồng,(LDO) Xuân Hương - Đà Lạt,Hàng Mới Ca 1,2026-09-19 - Thứ 7,527,61.29%,43.45%,0.00%,13.85,229,0,323,0,298,204,38.71%,56.55%,527,Lâm Đồng,NTB,AM Trường
NTB - Lâm Đồng,(LDO) Xuân Hương - Đà Lạt,Hàng Mới Ca 2,2026-09-16 - Thứ 4,329,4.86%,3.95%,0.00%,3.15,13,0,16,0,316,313,95.14%,96.05%,329,Lâm Đồng,NTB,AM Trường
NTB - Lâm Đồng,(LDO) Xuân Hương - Đà Lạt,Hàng Mới Ca 2,2026-09-17 - Thứ 5,3,100.00%,100.00%,0.00%,1,3,0,3,0,0,0,0.00%,0.00%,3,Lâm Đồng,NTB,AM Trường
NTB - Lâm Đồng,(LDO) Xuân Hương - Đà Lạt,Hàng Mới Ca 2,2026-09-20 - Chủ Nhật,1,100.00%,100.00%,0.00%,5,1,0,1,0,0,0,0.00%,0.00%,1,Lâm Đồng,NTB,AM Trường
NTB - Lâm Đồng,(LDO) Xuân Hương - Đà Lạt,Hàng Mới Ca 2,2026-09-13 - Chủ Nhật,6,33.33%,33.33%,0.00%,3.5,2,0,2,0,4,4,66.67%,66.67%,6,Lâm Đồng,NTB,AM Trường
NTB - Lâm Đồng,(LDO) Xuân Hương - Đà Lạt,Hàng Mới Ca 2,2026-09-12 - Thứ 7,10,20.00%,20.00%,0.00%,5,2,0,2,0,8,8,80.00%,80.00%,10,Lâm Đồng,NTB,AM Trường
NTB - Lâm Đồng,(LDO) Xuân Hương - Đà Lạt,Hàng Mới Ca 2,2026-09-28 - Thứ 2,1,100.00%,0.00%,0.00%,0,0,0,1,0,1,0,0.00%,100.00%,1,Lâm Đồng,NTB,AM Trường
NTB - Lâm Đồng,(LDO) Xuân Hương - Đà Lạt,Hàng Mới Ca 2,2026-09-18 - Thứ 6,4,100.00%,50.00%,0.00%,3,2,0,4,0,2,0,0.00%,50.00%,4,Lâm Đồng,NTB,AM Trường
NTB - Lâm Đồng,(LDO) Xuân Hương - Đà Lạt,Hàng Mới Ca 2,2026-09-23 - Thứ 4,1,100.00%,0.00%,0.00%,0,0,0,1,0,1,0,0.00%,100.00%,1,Lâm Đồng,NTB,AM Trường
NTB - Lâm Đồng,(LDO) Xuân Hương - Đà Lạt,Hàng Mới Ca 2,2026-10-09 - Thứ 6,1,100.00%,100.00%,0.00%,8,1,0,1,0,0,0,0.00%,0.00%,1,Lâm Đồng,NTB,AM Trường
NTB - Lâm Đồng,(LDO) Xuân Hương - Đà Lạt,Hàng Mới Ca 2,2026-09-14 - Thứ 2,1,100.00%,100.00%,0.00%,2,1,0,1,0,0,0,0.00%,0.00%,1,Lâm Đồng,NTB,AM Trường
NTB - Lâm Đồng,(LDO) Xuân Hương - Đà Lạt,Hàng Mới Ca 2,2026-09-15 - Thứ 3,1,100.00%,100.00%,0.00%,10,1,0,1,0,0,0,0.00%,0.00%,1,Lâm Đồng,NTB,AM Trường
NTB - Lâm Đồng,(LDO) Xuân Hương - Đà Lạt,Hàng Mới Ca 2,2026-09-26 - Thứ 7,1,100.00%,100.00%,0.00%,3,1,0,1,0,0,0,0.00%,0.00%,1,Lâm Đồng,NTB,AM Trường
NTB - Lâm Đồng,(LDO) Xuân Hương - Đà Lạt,Hàng Mới Ca 2,2026-09-19 - Thứ 7,2,100.00%,100.00%,0.00%,2.5,2,0,2,0,0,0,0.00%,0.00%,2,Lâm Đồng,NTB,AM Trường
NTB - Lâm Đồng,(LDO) Xuân Hương - Đà Lạt,Hàng Mới Ca 2,2026-10-04 - Chủ Nhật,1,100.00%,100.00%,0.00%,4,1,0,1,0,0,0,0.00%,0.00%,1,Lâm Đồng,NTB,AM Trường
NTB - Lâm Đồng,(LDO) Xuân Hương - Đà Lạt,Hàng Mới Ca 2,2026-09-29 - Thứ 3,1,0.00%,0.00%,0.00%,0,0,0,0,0,1,1,100.00%,100.00%,1,Lâm Đồng,NTB,AM Trường
NTB - Lâm Đồng,(LDO) Xuân Hương - Đà Lạt,Hàng Tồn,2026-09-16 - Thứ 4,"1,224",62.09%,37.50%,4.00%,92.34,459,49,760,49,716,464,37.91%,58.50%,0,Lâm Đồng,NTB,AM Trường
NTB - Lâm Đồng,(LDO) Xuân Hương - Đà Lạt,Hàng Tồn,2026-09-18 - Thứ 6,789,68.57%,40.94%,6.84%,67.51,323,54,541,54,412,248,31.43%,52.22%,0,Lâm Đồng,NTB,AM Trường
NTB - Lâm Đồng,(LDO) Xuân Hương - Đà Lạt,Hàng Tồn,2026-09-27 - Chủ Nhật,188,66.49%,32.98%,2.66%,56.57,62,5,125,5,121,63,33.51%,64.36%,0,Lâm Đồng,NTB,AM Trường
NTB - Lâm Đồng,(LDO) Xuân Hương - Đà Lạt,Hàng Tồn,2026-09-21 - Thứ 2,670,72.39%,46.42%,4.63%,69.21,311,31,485,31,328,185,27.61%,48.95%,0,Lâm Đồng,NTB,AM Trường
NTB - Lâm Đồng,(LDO) Xuân Hương - Đà Lạt,Hàng Tồn,2026-09-13 - Chủ Nhật,"1,556",35.48%,21.02%,1.67%,82.53,327,26,552,26,1203,1004,64.52%,77.31%,0,Lâm Đồng,NTB,AM Trường
NTB - Lâm Đồng,(LDO) Xuân Hương - Đà Lạt,Hàng Tồn,2026-09-24 - Thứ 5,343,80.76%,47.81%,6.12%,71.79,164,21,277,21,158,66,19.24%,46.07%,0,Lâm Đồng,NTB,AM Trường
NTB - Lâm Đồng,(LDO) Xuân Hương - Đà Lạt,Hàng Tồn,2026-10-06 - Thứ 3,210,79.52%,39.52%,5.71%,47.27,83,12,167,12,115,43,20.48%,54.77%,0,Lâm Đồng,NTB,AM Trường
NTB - Lâm Đồng,(LDO) Xuân Hương - Đà Lạt,Hàng Tồn,2026-10-01 - Thứ 5,157,91.08%,26.75%,11.46%,63.55,42,18,143,18,97,14,8.92%,61.79%,0,Lâm Đồng,NTB,AM Trường
NTB - Lâm Đồng,(LDO) Xuân Hương - Đà Lạt,Hàng Tồn,2026-10-05 - Thứ 2,282,92.91%,59.93%,4.96%,48.43,169,14,262,14,99,20,7.09%,35.11%,0,Lâm Đồng,NTB,AM Trường
NTB - Lâm Đồng,(LDO) Xuân Hương - Đà Lạt,Hàng Tồn,2026-09-22 - Thứ 3,461,82.21%,41.43%,6.07%,77.41,191,28,379,28,242,82,17.79%,52.50%,0,Lâm Đồng,NTB,AM Trường
NTB - Lâm Đồng,(LDO) Xuân Hương - Đà Lạt,Hàng Tồn,2026-09-23 - Thứ 4,335,76.42%,27.16%,5.97%,78.51,91,20,256,20,224,79,23.58%,66.87%,0,Lâm Đồng,NTB,AM Trường
NTB - Lâm Đồng,(LDO) Xuân Hương - Đà Lạt,Hàng Tồn,2026-09-14 - Thứ 2,"1,754",51.08%,36.89%,1.82%,79.04,647,32,896,32,1075,858,48.92%,61.29%,0,Lâm Đồng,NTB,AM Trường
NTB - Lâm Đồng,(LDO) Xuân Hương - Đà Lạt,Hàng Tồn,2026-09-15 - Thứ 3,"1,419",53.77%,31.01%,3.95%,77.13,440,56,763,56,923,656,46.23%,65.04%,0,Lâm Đồng,NTB,AM Trường
NTB - Lâm Đồng,(LDO) Xuân Hương - Đà Lạt,Hàng Tồn,2026-10-02 - Thứ 6,158,95.57%,44.30%,5.70%,51.99,70,9,151,9,79,7,4.43%,50.00%,0,Lâm Đồng,NTB,AM Trường
NTB - Lâm Đồng,(LDO) Xuân Hương - Đà Lạt,Hàng Tồn,2026-09-29 - Thứ 3,201,93.53%,33.33%,7.96%,50.92,67,16,188,16,118,13,6.47%,58.71%,0,Lâm Đồng,NTB,AM Trường
NTB - Lâm Đồng,(LDO) Xuân Hương - Đà Lạt,Hàng Tồn,2026-09-19 - Thứ 7,699,71.24%,37.20%,3.86%,60.85,260,27,498,27,412,201,28.76%,58.94%,0,Lâm Đồng,NTB,AM Trường
NTB - Lâm Đồng,(LDO) Xuân Hương - Đà Lạt,Hàng Tồn,2026-10-04 - Chủ Nhật,214,93.46%,42.06%,7.48%,42.87,90,16,200,16,108,14,6.54%,50.46%,0,Lâm Đồng,NTB,AM Trường
NTB - Lâm Đồng,(LDO) Xuân Hương - Đà Lạt,Hàng Tồn,2026-09-30 - Thứ 4,168,90.48%,26.79%,8.93%,46.02,45,15,152,15,108,16,9.52%,64.28%,0,Lâm Đồng,NTB,AM Trường
NTB - Lâm Đồng,(LDO) Xuân Hương - Đà Lạt,Hàng Tồn,2026-09-17 - Thứ 5,"1,216",66.61%,46.96%,3.21%,69.61,571,39,810,39,606,406,33.39%,49.83%,0,Lâm Đồng,NTB,AM Trường
NTB - Lâm Đồng,(LDO) Xuân Hương - Đà Lạt,Hàng Tồn,2026-10-09 - Thứ 6,300,61.67%,31.33%,7.67%,43.98,94,23,185,23,183,115,38.33%,61.00%,0,Lâm Đồng,NTB,AM Trường
NTB - Lâm Đồng,(LDO) Xuân Hương - Đà Lạt,Hàng Tồn,2026-09-26 - Thứ 7,219,95.89%,41.55%,4.11%,58.58,91,9,210,9,119,9,4.11%,54.34%,0,Lâm Đồng,NTB,AM Trường
NTB - Lâm Đồng,(LDO) Xuân Hương - Đà Lạt,Hàng Tồn,2026-09-28 - Thứ 2,369,97.56%,62.33%,3.25%,46.71,230,12,360,12,127,9,2.44%,34.42%,0,Lâm Đồng,NTB,AM Trường
NTB - Lâm Đồng,(LDO) Xuân Hương - Đà Lạt,Hàng Tồn,2026-10-07 - Thứ 4,345,88.99%,52.46%,4.93%,42.59,181,17,307,17,147,38,11.01%,42.61%,0,Lâm Đồng,NTB,AM Trường
NTB - Lâm Đồng,(LDO) Xuân Hương - Đà Lạt,Hàng Tồn,2026-10-03 - Thứ 7,139,91.37%,25.18%,4.32%,51.46,35,6,127,6,98,12,8.63%,70.50%,0,Lâm Đồng,NTB,AM Trường
NTB - Lâm Đồng,(LDO) Xuân Hương - Đà Lạt,Hàng Tồn,2026-09-20 - Chủ Nhật,671,66.62%,35.02%,5.07%,59.68,235,34,447,34,402,224,33.38%,59.91%,0,Lâm Đồng,NTB,AM Trường
NTB - Lâm Đồng,(LDO) Xuân Hương - Đà Lạt,Hàng Tồn,2026-09-12 - Thứ 7,"1,406",36.84%,20.41%,2.42%,58.76,287,34,518,34,1085,888,63.16%,77.17%,0,Lâm Đồng,NTB,AM Trường
NTB - Lâm Đồng,(LDO) Xuân Hương - Đà Lạt,Hàng Tồn,2026-09-25 - Thứ 6,251,94.42%,41.43%,9.96%,59.15,104,25,237,25,122,14,5.58%,48.61%,0,Lâm Đồng,NTB,AM Trường
NTB - Lâm Đồng,(LDO) Xuân Hương - Đà Lạt,Hàng Tồn,2026-10-08 - Thứ 5,236,85.59%,33.90%,11.44%,49.04,80,27,202,27,129,34,14.41%,54.66%,0,Lâm Đồng,NTB,AM Trường
NTB - Lâm Đồng,(LDO) Tân Hà Lâm Hà,Hàng Mới Ca 1,2026-09-16 - Thứ 4,419,71.36%,59.67%,0.72%,17.7,250,3,299,3,166,120,28.64%,39.61%,419,Lâm Đồng,NTB,AM Chi
NTB - Lâm Đồng,(LDO) Tân Hà Lâm Hà,Hàng Mới Ca 1,2026-09-18 - Thứ 6,430,73.72%,38.84%,0.00%,16.2,167,0,317,0,263,113,26.28%,61.16%,430,Lâm Đồng,NTB,AM Chi
NTB - Lâm Đồng,(LDO) Tân Hà Lâm Hà,Hàng Mới Ca 1,2026-09-27 - Chủ Nhật,477,70.65%,49.69%,0.00%,20.74,237,0,337,0,240,140,29.35%,50.31%,477,Lâm Đồng,NTB,AM Chi
NTB - Lâm Đồng,(LDO) Tân Hà Lâm Hà,Hàng Mới Ca 1,2026-10-06 - Thứ 3,165,76.36%,56.97%,1.21%,13.83,94,2,126,2,69,39,23.64%,41.82%,165,Lâm Đồng,NTB,AM Chi
NTB - Lâm Đồng,(LDO) Tân Hà Lâm Hà,Hàng Mới Ca 1,2026-10-01 - Thứ 5,242,64.05%,40.91%,0.83%,17.67,99,2,155,2,141,87,35.95%,58.26%,242,Lâm Đồng,NTB,AM Chi
NTB - Lâm Đồng,(LDO) Tân Hà Lâm Hà,Hàng Mới Ca 1,2026-09-12 - Thứ 7,448,75.67%,57.59%,0.45%,15.6,258,2,339,2,188,109,24.33%,41.96%,448,Lâm Đồng,NTB,AM Chi
NTB - Lâm Đồng,(LDO) Tân Hà Lâm Hà,Hàng Mới Ca 1,2026-10-05 - Thứ 2,419,70.17%,52.74%,1.43%,17.12,221,6,294,6,192,125,29.83%,45.83%,419,Lâm Đồng,NTB,AM Chi
NTB - Lâm Đồng,(LDO) Tân Hà Lâm Hà,Hàng Mới Ca 1,2026-09-14 - Thứ 2,482,69.50%,53.73%,0.41%,15.66,259,2,335,2,221,147,30.50%,45.86%,482,Lâm Đồng,NTB,AM Chi
NTB - Lâm Đồng,(LDO) Tân Hà Lâm Hà,Hàng Mới Ca 1,2026-09-15 - Thứ 3,355,80.00%,62.54%,0.56%,16.81,222,2,284,2,131,71,20.00%,36.90%,355,Lâm Đồng,NTB,AM Chi
NTB - Lâm Đồng,(LDO) Tân Hà Lâm Hà,Hàng Mới Ca 1,2026-10-02 - Thứ 6,263,61.60%,40.30%,0.76%,20.46,106,2,162,2,155,101,38.40%,58.94%,263,Lâm Đồng,NTB,AM Chi
NTB - Lâm Đồng,(LDO) Tân Hà Lâm Hà,Hàng Mới Ca 1,2026-09-29 - Thứ 3,89,74.16%,60.67%,1.12%,15.47,54,1,66,1,34,23,25.84%,38.21%,89,Lâm Đồng,NTB,AM Chi
NTB - Lâm Đồng,(LDO) Tân Hà Lâm Hà,Hàng Mới Ca 1,2026-10-08 - Thứ 5,372,68.01%,52.42%,0.00%,21.45,195,0,253,0,177,119,31.99%,47.58%,372,Lâm Đồng,NTB,AM Chi
NTB - Lâm Đồng,(LDO) Tân Hà Lâm Hà,Hàng Mới Ca 1,2026-09-19 - Thứ 7,309,78.96%,56.31%,0.32%,17.29,174,1,244,1,134,65,21.04%,43.37%,309,Lâm Đồng,NTB,AM Chi
NTB - Lâm Đồng,(LDO) Tân Hà Lâm Hà,Hàng Mới Ca 1,2026-10-04 - Chủ Nhật,155,87.10%,61.94%,3.87%,14.99,96,6,135,6,53,20,12.90%,34.19%,155,Lâm Đồng,NTB,AM Chi
NTB - Lâm Đồng,(LDO) Tân Hà Lâm Hà,Hàng Mới Ca 1,2026-09-30 - Thứ 4,254,75.98%,57.09%,0.39%,18.87,145,1,193,1,108,61,24.02%,42.52%,254,Lâm Đồng,NTB,AM Chi
NTB - Lâm Đồng,(LDO) Tân Hà Lâm Hà,Hàng Mới Ca 1,2026-09-17 - Thứ 5,450,73.56%,56.44%,1.11%,18.17,254,5,331,5,191,119,26.44%,42.45%,450,Lâm Đồng,NTB,AM Chi
NTB - Lâm Đồng,(LDO) Tân Hà Lâm Hà,Hàng Mới Ca 1,2026-10-09 - Thứ 6,512,74.80%,57.42%,0.98%,20,294,5,383,5,213,129,25.20%,41.60%,512,Lâm Đồng,NTB,AM Chi
NTB - Lâm Đồng,(LDO) Tân Hà Lâm Hà,Hàng Mới Ca 1,2026-09-28 - Thứ 2,310,71.29%,49.35%,0.00%,19.43,153,0,221,0,157,89,28.71%,50.65%,310,Lâm Đồng,NTB,AM Chi
NTB - Lâm Đồng,(LDO) Tân Hà Lâm Hà,Hàng Mới Ca 1,2026-10-07 - Thứ 4,419,61.34%,48.45%,0.48%,20.33,203,2,257,2,214,162,38.66%,51.07%,419,Lâm Đồng,NTB,AM Chi
NTB - Lâm Đồng,(LDO) Tân Hà Lâm Hà,Hàng Mới Ca 1,2026-10-03 - Thứ 7,289,70.24%,48.79%,1.04%,19.84,141,3,203,3,145,86,29.76%,50.17%,289,Lâm Đồng,NTB,AM Chi
NTB - Lâm Đồng,(LDO) Tân Hà Lâm Hà,Hàng Mới Ca 1,2026-09-25 - Thứ 6,501,44.71%,32.34%,0.80%,20.13,162,4,224,4,335,277,55.29%,66.86%,501,Lâm Đồng,NTB,AM Chi
NTB - Lâm Đồng,(LDO) Tân Hà Lâm Hà,Hàng Mới Ca 1,2026-09-21 - Thứ 2,75,61.33%,30.67%,0.00%,8.3,23,0,46,0,52,29,38.67%,69.33%,75,Lâm Đồng,NTB,AM Chi
NTB - Lâm Đồng,(LDO) Tân Hà Lâm Hà,Hàng Mới Ca 1,2026-09-20 - Chủ Nhật,472,67.16%,48.31%,0.21%,18.15,228,1,317,1,243,155,32.84%,51.48%,472,Lâm Đồng,NTB,AM Chi
NTB - Lâm Đồng,(LDO) Tân Hà Lâm Hà,Hàng Mới Ca 1,2026-09-13 - Chủ Nhật,154,75.97%,57.14%,0.00%,8.84,88,0,117,0,66,37,24.03%,42.86%,154,Lâm Đồng,NTB,AM Chi
NTB - Lâm Đồng,(LDO) Tân Hà Lâm Hà,Hàng Mới Ca 1,2026-09-24 - Thứ 5,360,71.94%,55.83%,0.00%,18.37,201,0,259,0,159,101,28.06%,44.17%,360,Lâm Đồng,NTB,AM Chi
NTB - Lâm Đồng,(LDO) Tân Hà Lâm Hà,Hàng Mới Ca 1,2026-09-22 - Thứ 3,478,73.01%,54.18%,0.42%,18.54,259,2,349,2,217,129,26.99%,45.40%,478,Lâm Đồng,NTB,AM Chi
NTB - Lâm Đồng,(LDO) Tân Hà Lâm Hà,Hàng Mới Ca 1,2026-09-23 - Thứ 4,156,92.31%,69.87%,0.64%,15.13,109,1,144,1,46,12,7.69%,29.49%,156,Lâm Đồng,NTB,AM Chi
NTB - Lâm Đồng,(LDO) Tân Hà Lâm Hà,Hàng Mới Ca 1,2026-09-26 - Thứ 7,407,70.02%,51.11%,0.49%,21.66,208,2,285,2,197,122,29.98%,48.40%,407,Lâm Đồng,NTB,AM Chi
NTB - Lâm Đồng,(LDO) Tân Hà Lâm Hà,Hàng Mới Ca 2,2026-10-06 - Thứ 3,192,55.21%,42.71%,0.00%,23.16,82,0,106,0,110,86,44.79%,57.29%,192,Lâm Đồng,NTB,AM Chi
NTB - Lâm Đồng,(LDO) Tân Hà Lâm Hà,Hàng Mới Ca 2,2026-09-12 - Thứ 7,264,1.14%,0.76%,0.00%,5,2,0,3,0,262,261,98.86%,99.24%,264,Lâm Đồng,NTB,AM Chi
NTB - Lâm Đồng,(LDO) Tân Hà Lâm Hà,Hàng Mới Ca 2,2026-09-22 - Thứ 3,217,0.00%,0.00%,0.00%,0,0,0,0,0,217,217,100.00%,100.00%,217,Lâm Đồng,NTB,AM Chi
NTB - Lâm Đồng,(LDO) Tân Hà Lâm Hà,Hàng Mới Ca 2,2026-09-23 - Thứ 4,170,80.00%,54.12%,0.00%,24.43,92,0,136,0,78,34,20.00%,45.88%,170,Lâm Đồng,NTB,AM Chi
NTB - Lâm Đồng,(LDO) Tân Hà Lâm Hà,Hàng Mới Ca 2,2026-10-04 - Chủ Nhật,163,76.69%,50.92%,1.84%,22.49,83,3,125,3,77,38,23.31%,47.24%,163,Lâm Đồng,NTB,AM Chi
NTB - Lâm Đồng,(LDO) Tân Hà Lâm Hà,Hàng Mới Ca 2,2026-09-20 - Chủ Nhật,220,0.00%,0.00%,0.00%,0,0,0,0,0,220,220,100.00%,100.00%,220,Lâm Đồng,NTB,AM Chi
NTB - Lâm Đồng,(LDO) Tân Hà Lâm Hà,Hàng Mới Ca 2,2026-09-29 - Thứ 3,113,65.49%,45.13%,1.77%,24.12,51,2,74,2,60,39,34.51%,53.10%,113,Lâm Đồng,NTB,AM Chi
NTB - Lâm Đồng,(LDO) Tân Hà Lâm Hà,Hàng Mới Ca 2,2026-10-05 - Thứ 2,42,0.00%,0.00%,0.00%,0,0,0,0,0,42,42,100.00%,100.00%,42,Lâm Đồng,NTB,AM Chi
NTB - Lâm Đồng,(LDO) Tân Hà Lâm Hà,Hàng Mới Ca 2,2026-10-01 - Thứ 5,1,100.00%,100.00%,0.00%,23,1,0,1,0,0,0,0.00%,0.00%,1,Lâm Đồng,NTB,AM Chi
NTB - Lâm Đồng,(LDO) Tân Hà Lâm Hà,Hàng Mới Ca 2,2026-09-28 - Thứ 2,31,0.00%,0.00%,0.00%,0,0,0,0,0,31,31,100.00%,100.00%,31,Lâm Đồng,NTB,AM Chi
NTB - Lâm Đồng,(LDO) Tân Hà Lâm Hà,Hàng Mới Ca 2,2026-10-03 - Thứ 7,44,0.00%,0.00%,0.00%,0,0,0,0,0,44,44,100.00%,100.00%,44,Lâm Đồng,NTB,AM Chi
NTB - Lâm Đồng,(LDO) Tân Hà Lâm Hà,Hàng Mới Ca 2,2026-09-24 - Thứ 5,1,100.00%,100.00%,0.00%,3,1,0,1,0,0,0,0.00%,0.00%,1,Lâm Đồng,NTB,AM Chi
NTB - Lâm Đồng,(LDO) Tân Hà Lâm Hà,Hàng Tồn,2026-09-27 - Chủ Nhật,661,57.64%,25.87%,2.72%,88.15,171,18,381,18,472,280,42.36%,71.41%,0,Lâm Đồng,NTB,AM Chi
NTB - Lâm Đồng,(LDO) Tân Hà Lâm Hà,Hàng Tồn,2026-09-21 - Thứ 2,724,75.28%,34.67%,2.21%,48.89,251,16,545,16,457,179,24.72%,63.12%,0,Lâm Đồng,NTB,AM Chi
NTB - Lâm Đồng,(LDO) Tân Hà Lâm Hà,Hàng Tồn,2026-09-20 - Chủ Nhật,398,70.10%,26.13%,2.26%,62.02,104,9,279,9,285,119,29.90%,71.61%,0,Lâm Đồng,NTB,AM Chi
NTB - Lâm Đồng,(LDO) Tân Hà Lâm Hà,Hàng Tồn,2026-09-13 - Chủ Nhật,676,67.60%,36.98%,2.07%,45.8,250,14,457,14,412,219,32.40%,60.95%,0,Lâm Đồng,NTB,AM Chi
NTB - Lâm Đồng,(LDO) Tân Hà Lâm Hà,Hàng Tồn,2026-09-24 - Thứ 5,399,65.91%,25.56%,2.26%,84.78,102,9,263,9,288,136,34.09%,72.18%,0,Lâm Đồng,NTB,AM Chi
NTB - Lâm Đồng,(LDO) Tân Hà Lâm Hà,Hàng Tồn,2026-10-01 - Thứ 5,395,77.47%,21.01%,5.06%,106.64,83,20,306,20,292,89,22.53%,73.93%,0,Lâm Đồng,NTB,AM Chi
NTB - Lâm Đồng,(LDO) Tân Hà Lâm Hà,Hàng Tồn,2026-09-12 - Thứ 7,442,74.43%,36.88%,4.07%,59.63,163,18,329,18,261,113,25.57%,59.05%,0,Lâm Đồng,NTB,AM Chi
NTB - Lâm Đồng,(LDO) Tân Hà Lâm Hà,Hàng Tồn,2026-10-05 - Thứ 2,329,72.04%,32.52%,3.04%,72.07,107,10,237,10,212,92,27.96%,64.44%,0,Lâm Đồng,NTB,AM Chi
NTB - Lâm Đồng,(LDO) Tân Hà Lâm Hà,Hàng Tồn,2026-09-22 - Thứ 3,509,73.87%,40.67%,3.73%,70.43,207,19,376,19,283,133,26.13%,55.60%,0,Lâm Đồng,NTB,AM Chi
NTB - Lâm Đồng,(LDO) Tân Hà Lâm Hà,Hàng Tồn,2026-09-23 - Thứ 4,458,77.07%,31.66%,3.49%,58.08,145,16,353,16,297,105,22.93%,64.85%,0,Lâm Đồng,NTB,AM Chi
NTB - Lâm Đồng,(LDO) Tân Hà Lâm Hà,Hàng Tồn,2026-09-14 - Thứ 2,453,75.50%,43.27%,2.87%,71.59,196,13,342,13,244,111,24.50%,53.86%,0,Lâm Đồng,NTB,AM Chi
NTB - Lâm Đồng,(LDO) Tân Hà Lâm Hà,Hàng Tồn,2026-09-15 - Thứ 3,437,81.24%,42.56%,4.12%,66.07,186,18,355,18,233,82,18.76%,53.32%,0,Lâm Đồng,NTB,AM Chi
NTB - Lâm Đồng,(LDO) Tân Hà Lâm Hà,Hàng Tồn,2026-10-02 - Thứ 6,398,85.93%,30.90%,5.28%,78.52,123,21,342,21,254,56,14.07%,63.82%,0,Lâm Đồng,NTB,AM Chi
NTB - Lâm Đồng,(LDO) Tân Hà Lâm Hà,Hàng Tồn,2026-09-29 - Thứ 3,723,57.26%,31.67%,3.32%,86,229,24,414,24,470,309,42.74%,65.01%,0,Lâm Đồng,NTB,AM Chi
NTB - Lâm Đồng,(LDO) Tân Hà Lâm Hà,Hàng Tồn,2026-10-08 - Thứ 5,458,60.70%,40.39%,0.22%,71.13,185,1,278,1,272,180,39.30%,59.39%,0,Lâm Đồng,NTB,AM Chi
NTB - Lâm Đồng,(LDO) Tân Hà Lâm Hà,Hàng Tồn,2026-09-19 - Thứ 7,476,77.94%,34.66%,3.36%,53.64,165,16,371,16,295,105,22.06%,61.98%,0,Lâm Đồng,NTB,AM Chi
NTB - Lâm Đồng,(LDO) Tân Hà Lâm Hà,Hàng Tồn,2026-10-04 - Chủ Nhật,407,82.56%,40.79%,4.42%,70.13,166,18,336,18,223,71,17.44%,54.79%,0,Lâm Đồng,NTB,AM Chi
NTB - Lâm Đồng,(LDO) Tân Hà Lâm Hà,Hàng Tồn,2026-09-30 - Thứ 4,535,80.75%,36.82%,3.74%,111.4,197,20,432,20,318,103,19.25%,59.44%,0,Lâm Đồng,NTB,AM Chi
NTB - Lâm Đồng,(LDO) Tân Hà Lâm Hà,Hàng Tồn,2026-09-17 - Thứ 5,348,81.90%,42.24%,6.03%,57.4,147,21,285,21,180,63,18.10%,51.73%,0,Lâm Đồng,NTB,AM Chi
NTB - Lâm Đồng,(LDO) Tân Hà Lâm Hà,Hàng Tồn,2026-10-09 - Thứ 6,454,69.16%,34.80%,7.49%,70.46,158,34,314,34,262,140,30.84%,57.71%,0,Lâm Đồng,NTB,AM Chi
NTB - Lâm Đồng,(LDO) Tân Hà Lâm Hà,Hàng Tồn,2026-09-26 - Thứ 7,694,56.63%,28.67%,1.01%,71.82,199,7,393,7,488,301,43.37%,70.32%,0,Lâm Đồng,NTB,AM Chi
NTB - Lâm Đồng,(LDO) Tân Hà Lâm Hà,Hàng Tồn,2026-09-28 - Thứ 2,699,56.51%,19.89%,2.43%,83.28,139,17,395,17,543,304,43.49%,77.68%,0,Lâm Đồng,NTB,AM Chi
NTB - Lâm Đồng,(LDO) Tân Hà Lâm Hà,Hàng Tồn,2026-10-07 - Thứ 4,426,59.62%,36.38%,3.76%,69.58,155,16,254,16,255,172,40.38%,59.86%,0,Lâm Đồng,NTB,AM Chi
NTB - Lâm Đồng,(LDO) Tân Hà Lâm Hà,Hàng Tồn,2026-10-03 - Thứ 7,377,77.98%,36.87%,2.65%,76.4,139,10,294,10,228,83,22.02%,60.48%,0,Lâm Đồng,NTB,AM Chi
NTB - Lâm Đồng,(LDO) Tân Hà Lâm Hà,Hàng Tồn,2026-09-16 - Thứ 4,338,85.21%,36.98%,4.14%,62.03,125,14,288,14,199,50,14.79%,58.88%,0,Lâm Đồng,NTB,AM Chi
NTB - Lâm Đồng,(LDO) Tân Hà Lâm Hà,Hàng Tồn,2026-09-25 - Thứ 6,433,31.41%,13.63%,1.62%,78.19,59,7,136,7,367,297,68.59%,84.75%,0,Lâm Đồng,NTB,AM Chi
NTB - Lâm Đồng,(LDO) Tân Hà Lâm Hà,Hàng Tồn,2026-09-18 - Thứ 6,330,74.85%,26.36%,4.24%,56.29,87,14,247,14,229,83,25.15%,69.40%,0,Lâm Đồng,NTB,AM Chi
NTB - Lâm Đồng,(LDO) Tân Hà Lâm Hà,Hàng Tồn,2026-10-06 - Thứ 3,426,63.62%,31.69%,2.82%,67.3,135,12,271,12,279,155,36.38%,65.49%,0,Lâm Đồng,NTB,AM Chi
NTB - Lâm Đồng,(LDO) Ninh Gia,Hàng Mới Ca 1,2026-09-21 - Thứ 2,269,98.51%,73.98%,1.49%,17.05,199,4,265,4,66,4,1.49%,24.53%,269,Lâm Đồng,NTB,AM Thơ
NTB - Lâm Đồng,(LDO) Ninh Gia,Hàng Mới Ca 1,2026-09-20 - Chủ Nhật,435,82.76%,62.07%,0.92%,16.52,270,4,360,4,161,75,17.24%,37.01%,435,Lâm Đồng,NTB,AM Thơ
NTB - Lâm Đồng,(LDO) Ninh Gia,Hàng Mới Ca 1,2026-09-13 - Chủ Nhật,349,99.43%,77.65%,1.43%,15.31,271,5,347,5,73,2,0.57%,20.92%,349,Lâm Đồng,NTB,AM Thơ
NTB - Lâm Đồng,(LDO) Ninh Gia,Hàng Mới Ca 1,2026-09-24 - Thứ 5,392,99.74%,86.48%,0.51%,16.88,339,2,391,2,51,1,0.26%,13.01%,392,Lâm Đồng,NTB,AM Thơ
NTB - Lâm Đồng,(LDO) Ninh Gia,Hàng Mới Ca 1,2026-10-01 - Thứ 5,333,98.20%,80.48%,1.20%,17.06,268,4,327,4,61,6,1.80%,18.32%,333,Lâm Đồng,NTB,AM Thơ
NTB - Lâm Đồng,(LDO) Ninh Gia,Hàng Mới Ca 1,2026-09-12 - Thứ 7,437,100.00%,75.51%,0.92%,13.56,330,4,437,4,103,0,0.00%,23.57%,437,Lâm Đồng,NTB,AM Thơ
NTB - Lâm Đồng,(LDO) Ninh Gia,Hàng Mới Ca 1,2026-09-22 - Thứ 3,356,100.00%,73.31%,0.28%,17.43,261,1,356,1,94,0,0.00%,26.41%,356,Lâm Đồng,NTB,AM Thơ
NTB - Lâm Đồng,(LDO) Ninh Gia,Hàng Mới Ca 1,2026-09-14 - Thứ 2,420,99.52%,81.67%,0.95%,15.5,343,4,418,4,73,2,0.48%,17.38%,420,Lâm Đồng,NTB,AM Thơ
NTB - Lâm Đồng,(LDO) Ninh Gia,Hàng Mới Ca 1,2026-09-15 - Thứ 3,405,99.75%,73.33%,0.74%,15.6,297,3,404,3,105,1,0.25%,25.93%,405,Lâm Đồng,NTB,AM Thơ
NTB - Lâm Đồng,(LDO) Ninh Gia,Hàng Mới Ca 1,2026-09-29 - Thứ 3,274,98.54%,79.93%,0.00%,15.92,219,0,270,0,55,4,1.46%,20.07%,274,Lâm Đồng,NTB,AM Thơ
NTB - Lâm Đồng,(LDO) Ninh Gia,Hàng Mới Ca 1,2026-10-08 - Thứ 5,357,98.88%,82.63%,0.56%,12.96,295,2,353,2,60,4,1.12%,16.81%,357,Lâm Đồng,NTB,AM Thơ
NTB - Lâm Đồng,(LDO) Ninh Gia,Hàng Mới Ca 1,2026-09-19 - Thứ 7,324,100.00%,76.54%,1.23%,15.81,248,4,324,4,72,0,0.00%,22.23%,324,Lâm Đồng,NTB,AM Thơ
NTB - Lâm Đồng,(LDO) Ninh Gia,Hàng Mới Ca 1,2026-10-04 - Chủ Nhật,426,88.97%,72.30%,0.70%,13.26,308,3,379,3,115,47,11.03%,27.00%,426,Lâm Đồng,NTB,AM Thơ
NTB - Lâm Đồng,(LDO) Ninh Gia,Hàng Mới Ca 1,2026-09-30 - Thứ 4,303,100.00%,80.53%,0.99%,16.3,244,3,303,3,56,0,0.00%,18.48%,303,Lâm Đồng,NTB,AM Thơ
NTB - Lâm Đồng,(LDO) Ninh Gia,Hàng Mới Ca 1,2026-09-17 - Thứ 5,438,97.49%,69.18%,0.68%,15.2,303,3,427,3,132,11,2.51%,30.14%,438,Lâm Đồng,NTB,AM Thơ
NTB - Lâm Đồng,(LDO) Ninh Gia,Hàng Mới Ca 1,2026-09-26 - Thứ 7,365,98.36%,66.85%,2.19%,15.43,244,8,359,8,113,6,1.64%,30.96%,365,Lâm Đồng,NTB,AM Thơ
NTB - Lâm Đồng,(LDO) Ninh Gia,Hàng Mới Ca 1,2026-10-03 - Thứ 7,407,85.01%,70.76%,1.23%,14.81,288,5,346,5,114,61,14.99%,28.01%,407,Lâm Đồng,NTB,AM Thơ
NTB - Lâm Đồng,(LDO) Ninh Gia,Hàng Mới Ca 1,2026-09-16 - Thứ 4,303,68.98%,50.83%,0.33%,13.9,154,1,209,1,148,94,31.02%,48.84%,303,Lâm Đồng,NTB,AM Thơ
NTB - Lâm Đồng,(LDO) Ninh Gia,Hàng Mới Ca 1,2026-09-25 - Thứ 6,452,97.79%,80.75%,1.11%,16.51,365,5,442,5,82,10,2.21%,18.14%,452,Lâm Đồng,NTB,AM Thơ
NTB - Lâm Đồng,(LDO) Ninh Gia,Hàng Mới Ca 1,2026-09-18 - Thứ 6,376,99.20%,69.41%,1.33%,13.43,261,5,373,5,110,3,0.80%,29.26%,376,Lâm Đồng,NTB,AM Thơ
NTB - Lâm Đồng,(LDO) Ninh Gia,Hàng Mới Ca 1,2026-09-23 - Thứ 4,291,99.31%,71.13%,2.41%,15.87,207,7,289,7,77,2,0.69%,26.46%,291,Lâm Đồng,NTB,AM Thơ
NTB - Lâm Đồng,(LDO) Ninh Gia,Hàng Mới Ca 1,2026-09-27 - Chủ Nhật,352,78.98%,60.23%,0.28%,18.06,212,1,278,1,139,74,21.02%,39.49%,352,Lâm Đồng,NTB,AM Thơ
NTB - Lâm Đồng,(LDO) Ninh Gia,Hàng Mới Ca 1,2026-10-05 - Thứ 2,416,100.00%,83.89%,0.72%,17.18,349,3,416,3,64,0,0.00%,15.39%,416,Lâm Đồng,NTB,AM Thơ
NTB - Lâm Đồng,(LDO) Ninh Gia,Hàng Mới Ca 1,2026-10-02 - Thứ 6,433,96.77%,79.91%,0.92%,17.46,346,4,419,4,83,14,3.23%,19.17%,433,Lâm Đồng,NTB,AM Thơ
NTB - Lâm Đồng,(LDO) Ninh Gia,Hàng Mới Ca 1,2026-10-09 - Thứ 6,526,100.00%,81.56%,0.95%,15.52,429,5,526,5,92,0,0.00%,17.49%,526,Lâm Đồng,NTB,AM Thơ
NTB - Lâm Đồng,(LDO) Ninh Gia,Hàng Mới Ca 1,2026-09-28 - Thứ 2,355,100.00%,78.31%,0.00%,19.96,278,0,355,0,77,0,0.00%,21.69%,355,Lâm Đồng,NTB,AM Thơ
NTB - Lâm Đồng,(LDO) Ninh Gia,Hàng Mới Ca 1,2026-10-07 - Thứ 4,334,99.70%,82.63%,0.30%,12.73,276,1,333,1,57,1,0.30%,17.07%,334,Lâm Đồng,NTB,AM Thơ
NTB - Lâm Đồng,(LDO) Ninh Gia,Hàng Mới Ca 1,2026-10-06 - Thứ 3,342,100.00%,76.61%,2.34%,14.26,262,8,342,8,72,0,0.00%,21.05%,342,Lâm Đồng,NTB,AM Thơ
NTB - Lâm Đồng,(LDO) Ninh Gia,Hàng Mới Ca 2,2026-09-25 - Thứ 6,1,100.00%,100.00%,0.00%,4,1,0,1,0,0,0,0.00%,0.00%,1,Lâm Đồng,NTB,AM Thơ
NTB - Lâm Đồng,(LDO) Ninh Gia,Hàng Mới Ca 2,2026-09-12 - Thứ 7,1,100.00%,0.00%,0.00%,0,0,0,1,0,1,0,0.00%,100.00%,1,Lâm Đồng,NTB,AM Thơ
NTB - Lâm Đồng,(LDO) Ninh Gia,Hàng Tồn,2026-09-21 - Thứ 2,223,98.65%,58.30%,5.38%,46.82,130,12,220,12,81,3,1.35%,36.32%,0,Lâm Đồng,NTB,AM Thơ
NTB - Lâm Đồng,(LDO) Ninh Gia,Hàng Tồn,2026-09-13 - Chủ Nhật,172,100.00%,50.58%,6.98%,49.41,87,12,172,12,73,0,0.00%,42.44%,0,Lâm Đồng,NTB,AM Thơ
NTB - Lâm Đồng,(LDO) Ninh Gia,Hàng Tồn,2026-09-24 - Thứ 5,152,97.37%,47.37%,3.95%,60.49,72,6,148,6,74,4,2.63%,48.68%,0,Lâm Đồng,NTB,AM Thơ
NTB - Lâm Đồng,(LDO) Ninh Gia,Hàng Tồn,2026-10-06 - Thứ 3,122,98.36%,40.16%,11.48%,59.91,49,14,120,14,59,2,1.64%,48.36%,0,Lâm Đồng,NTB,AM Thơ
NTB - Lâm Đồng,(LDO) Ninh Gia,Hàng Tồn,2026-09-12 - Thứ 7,201,99.00%,49.75%,5.97%,54.41,100,12,199,12,89,2,1.00%,44.28%,0,Lâm Đồng,NTB,AM Thơ
NTB - Lâm Đồng,(LDO) Ninh Gia,Hàng Tồn,2026-10-05 - Thứ 2,188,98.40%,57.45%,7.45%,53.72,108,14,185,14,66,3,1.60%,35.10%,0,Lâm Đồng,NTB,AM Thơ
NTB - Lâm Đồng,(LDO) Ninh Gia,Hàng Tồn,2026-09-23 - Thứ 4,141,97.87%,33.33%,7.09%,58.45,47,10,138,10,84,3,2.13%,59.58%,0,Lâm Đồng,NTB,AM Thơ
NTB - Lâm Đồng,(LDO) Ninh Gia,Hàng Tồn,2026-09-14 - Thứ 2,143,97.90%,41.96%,7.69%,49.13,60,11,140,11,72,3,2.10%,50.35%,0,Lâm Đồng,NTB,AM Thơ
NTB - Lâm Đồng,(LDO) Ninh Gia,Hàng Tồn,2026-09-15 - Thứ 3,127,98.43%,34.65%,14.96%,51.02,44,19,125,19,64,2,1.57%,50.39%,0,Lâm Đồng,NTB,AM Thơ
NTB - Lâm Đồng,(LDO) Ninh Gia,Hàng Tồn,2026-10-02 - Thứ 6,111,91.89%,31.53%,11.71%,51.09,35,13,102,13,63,9,8.11%,56.76%,0,Lâm Đồng,NTB,AM Thơ
NTB - Lâm Đồng,(LDO) Ninh Gia,Hàng Tồn,2026-09-29 - Thứ 3,145,99.31%,33.79%,8.97%,60.62,49,13,144,13,83,1,0.69%,57.24%,0,Lâm Đồng,NTB,AM Thơ
NTB - Lâm Đồng,(LDO) Ninh Gia,Hàng Tồn,2026-10-08 - Thứ 5,103,99.03%,40.78%,3.88%,58.07,42,4,102,4,57,1,0.97%,55.34%,0,Lâm Đồng,NTB,AM Thơ
NTB - Lâm Đồng,(LDO) Ninh Gia,Hàng Tồn,2026-09-17 - Thứ 5,238,99.16%,50.84%,2.94%,49.17,121,7,236,7,110,2,0.84%,46.22%,0,Lâm Đồng,NTB,AM Thơ
NTB - Lâm Đồng,(LDO) Ninh Gia,Hàng Tồn,2026-09-26 - Thứ 7,130,94.62%,41.54%,5.38%,56.98,54,7,123,7,69,7,5.38%,53.08%,0,Lâm Đồng,NTB,AM Thơ
NTB - Lâm Đồng,(LDO) Ninh Gia,Hàng Tồn,2026-09-28 - Thứ 2,209,99.04%,57.42%,3.83%,52.11,120,8,207,8,81,2,0.96%,38.75%,0,Lâm Đồng,NTB,AM Thơ
NTB - Lâm Đồng,(LDO) Ninh Gia,Hàng Tồn,2026-09-16 - Thứ 4,162,76.54%,28.40%,8.64%,55.18,46,14,124,14,102,38,23.46%,62.96%,0,Lâm Đồng,NTB,AM Thơ
NTB - Lâm Đồng,(LDO) Ninh Gia,Hàng Tồn,2026-09-27 - Chủ Nhật,171,88.30%,43.27%,7.60%,54.46,74,13,151,13,84,20,11.70%,49.13%,0,Lâm Đồng,NTB,AM Thơ
NTB - Lâm Đồng,(LDO) Ninh Gia,Hàng Tồn,2026-10-01 - Thứ 5,106,97.17%,26.42%,12.26%,62.69,28,13,103,13,65,3,2.83%,61.32%,0,Lâm Đồng,NTB,AM Thơ
NTB - Lâm Đồng,(LDO) Ninh Gia,Hàng Tồn,2026-09-19 - Thứ 7,200,99.00%,52.00%,6.50%,53.53,104,13,198,13,83,2,1.00%,41.50%,0,Lâm Đồng,NTB,AM Thơ
NTB - Lâm Đồng,(LDO) Ninh Gia,Hàng Tồn,2026-10-04 - Chủ Nhật,172,93.02%,52.33%,1.16%,49.14,90,2,160,2,80,12,6.98%,46.51%,0,Lâm Đồng,NTB,AM Thơ
NTB - Lâm Đồng,(LDO) Ninh Gia,Hàng Tồn,2026-09-30 - Thứ 4,118,100.00%,38.98%,11.02%,60.71,46,13,118,13,59,0,0.00%,50.00%,0,Lâm Đồng,NTB,AM Thơ
NTB - Lâm Đồng,(LDO) Ninh Gia,Hàng Tồn,2026-10-09 - Thứ 6,104,99.04%,38.46%,8.65%,60.03,40,9,103,9,55,1,0.96%,52.89%,0,Lâm Đồng,NTB,AM Thơ
NTB - Lâm Đồng,(LDO) Ninh Gia,Hàng Tồn,2026-09-25 - Thứ 6,112,98.21%,32.14%,13.39%,68.23,36,15,110,15,61,2,1.79%,54.47%,0,Lâm Đồng,NTB,AM Thơ
NTB - Lâm Đồng,(LDO) Ninh Gia,Hàng Tồn,2026-09-18 - Thứ 6,223,98.65%,49.33%,4.48%,51.64,110,10,220,10,103,3,1.35%,46.19%,0,Lâm Đồng,NTB,AM Thơ
NTB - Lâm Đồng,(LDO) Ninh Gia,Hàng Tồn,2026-09-20 - Chủ Nhật,137,87.59%,44.53%,4.38%,57.08,61,6,120,6,70,17,12.41%,51.09%,0,Lâm Đồng,NTB,AM Thơ
NTB - Lâm Đồng,(LDO) Ninh Gia,Hàng Tồn,2026-09-22 - Thứ 3,138,97.83%,34.06%,6.52%,50.59,47,9,135,9,82,3,2.17%,59.42%,0,Lâm Đồng,NTB,AM Thơ
NTB - Lâm Đồng,(LDO) Ninh Gia,Hàng Tồn,2026-10-03 - Thứ 7,138,88.41%,40.58%,11.59%,55.86,56,16,122,16,66,16,11.59%,47.83%,0,Lâm Đồng,NTB,AM Thơ
NTB - Lâm Đồng,(LDO) Ninh Gia,Hàng Tồn,2026-10-07 - Thứ 4,122,100.00%,46.72%,9.84%,64.18,57,12,122,12,53,0,0.00%,43.44%,0,Lâm Đồng,NTB,AM Thơ
NTB - Lâm Đồng,(LDO) Nam Ban Lâm Hà,Hàng Mới Ca 1,2026-09-21 - Thứ 2,90,98.89%,82.22%,0.00%,4.74,74,0,89,0,16,1,1.11%,17.78%,90,Lâm Đồng,NTB,AM Chi
NTB - Lâm Đồng,(LDO) Nam Ban Lâm Hà,Hàng Mới Ca 1,2026-09-13 - Chủ Nhật,164,100.00%,85.98%,0.61%,4.24,141,1,164,1,22,0,0.00%,13.41%,164,Lâm Đồng,NTB,AM Chi
NTB - Lâm Đồng,(LDO) Nam Ban Lâm Hà,Hàng Mới Ca 1,2026-09-24 - Thứ 5,341,99.12%,83.28%,1.17%,5.68,284,4,338,4,53,3,0.88%,15.55%,341,Lâm Đồng,NTB,AM Chi
NTB - Lâm Đồng,(LDO) Nam Ban Lâm Hà,Hàng Mới Ca 1,2026-09-12 - Thứ 7,205,99.51%,88.29%,0.49%,5.66,181,1,204,1,23,1,0.49%,11.22%,205,Lâm Đồng,NTB,AM Chi
NTB - Lâm Đồng,(LDO) Nam Ban Lâm Hà,Hàng Mới Ca 1,2026-10-05 - Thứ 2,152,98.68%,84.21%,0.66%,5.35,128,1,150,1,23,2,1.32%,15.13%,152,Lâm Đồng,NTB,AM Chi
NTB - Lâm Đồng,(LDO) Nam Ban Lâm Hà,Hàng Mới Ca 1,2026-09-14 - Thứ 2,219,100.00%,83.11%,0.91%,4.83,182,2,219,2,35,0,0.00%,15.98%,219,Lâm Đồng,NTB,AM Chi
NTB - Lâm Đồng,(LDO) Nam Ban Lâm Hà,Hàng Mới Ca 1,2026-10-02 - Thứ 6,121,99.17%,85.12%,1.65%,4.48,103,2,120,2,16,1,0.83%,13.23%,121,Lâm Đồng,NTB,AM Chi
NTB - Lâm Đồng,(LDO) Nam Ban Lâm Hà,Hàng Mới Ca 1,2026-09-29 - Thứ 3,115,99.13%,83.48%,1.74%,4.25,96,2,114,2,17,1,0.87%,14.78%,115,Lâm Đồng,NTB,AM Chi
NTB - Lâm Đồng,(LDO) Nam Ban Lâm Hà,Hàng Mới Ca 1,2026-10-08 - Thứ 5,267,99.63%,86.14%,0.37%,5.36,230,1,266,1,36,1,0.37%,13.49%,267,Lâm Đồng,NTB,AM Chi
NTB - Lâm Đồng,(LDO) Nam Ban Lâm Hà,Hàng Mới Ca 1,2026-09-19 - Thứ 7,108,100.00%,87.96%,0.93%,4.3,95,1,108,1,12,0,0.00%,11.11%,108,Lâm Đồng,NTB,AM Chi
NTB - Lâm Đồng,(LDO) Nam Ban Lâm Hà,Hàng Mới Ca 1,2026-10-04 - Chủ Nhật,169,100.00%,90.53%,1.18%,5.46,153,2,169,2,14,0,0.00%,8.29%,169,Lâm Đồng,NTB,AM Chi
NTB - Lâm Đồng,(LDO) Nam Ban Lâm Hà,Hàng Mới Ca 1,2026-09-30 - Thứ 4,42,100.00%,78.57%,4.76%,4.06,33,2,42,2,7,0,0.00%,16.67%,42,Lâm Đồng,NTB,AM Chi
NTB - Lâm Đồng,(LDO) Nam Ban Lâm Hà,Hàng Mới Ca 1,2026-09-17 - Thứ 5,201,100.00%,88.06%,1.99%,4.81,177,4,201,4,20,0,0.00%,9.95%,201,Lâm Đồng,NTB,AM Chi
NTB - Lâm Đồng,(LDO) Nam Ban Lâm Hà,Hàng Mới Ca 1,2026-10-09 - Thứ 6,184,100.00%,86.96%,0.00%,4.91,160,0,184,0,24,0,0.00%,13.04%,184,Lâm Đồng,NTB,AM Chi
NTB - Lâm Đồng,(LDO) Nam Ban Lâm Hà,Hàng Mới Ca 1,2026-09-28 - Thứ 2,183,100.00%,81.97%,0.00%,4.95,150,0,183,0,33,0,0.00%,18.03%,183,Lâm Đồng,NTB,AM Chi
NTB - Lâm Đồng,(LDO) Nam Ban Lâm Hà,Hàng Mới Ca 1,2026-10-07 - Thứ 4,131,99.24%,82.44%,0.76%,5.21,108,1,130,1,22,1,0.76%,16.80%,131,Lâm Đồng,NTB,AM Chi
NTB - Lâm Đồng,(LDO) Nam Ban Lâm Hà,Hàng Mới Ca 1,2026-10-03 - Thứ 7,197,99.49%,89.34%,1.02%,4.87,176,2,196,2,19,1,0.51%,9.64%,197,Lâm Đồng,NTB,AM Chi
NTB - Lâm Đồng,(LDO) Nam Ban Lâm Hà,Hàng Mới Ca 1,2026-09-25 - Thứ 6,230,100.00%,85.22%,1.74%,4.9,196,4,230,4,30,0,0.00%,13.04%,230,Lâm Đồng,NTB,AM Chi
NTB - Lâm Đồng,(LDO) Nam Ban Lâm Hà,Hàng Mới Ca 1,2026-09-18 - Thứ 6,190,99.47%,73.68%,0.53%,4.85,140,1,189,1,49,1,0.53%,25.79%,190,Lâm Đồng,NTB,AM Chi
NTB - Lâm Đồng,(LDO) Nam Ban Lâm Hà,Hàng Mới Ca 1,2026-09-27 - Chủ Nhật,173,98.84%,73.41%,1.16%,5.79,127,2,171,2,44,2,1.16%,25.43%,173,Lâm Đồng,NTB,AM Chi
NTB - Lâm Đồng,(LDO) Nam Ban Lâm Hà,Hàng Mới Ca 1,2026-09-20 - Chủ Nhật,167,100.00%,84.43%,0.60%,4.89,141,1,167,1,25,0,0.00%,14.97%,167,Lâm Đồng,NTB,AM Chi
NTB - Lâm Đồng,(LDO) Nam Ban Lâm Hà,Hàng Mới Ca 1,2026-10-01 - Thứ 5,129,99.22%,79.84%,0.78%,4.5,103,1,128,1,25,1,0.78%,19.38%,129,Lâm Đồng,NTB,AM Chi
NTB - Lâm Đồng,(LDO) Nam Ban Lâm Hà,Hàng Mới Ca 1,2026-09-22 - Thứ 3,175,100.00%,82.86%,0.00%,5.15,145,0,175,0,30,0,0.00%,17.14%,175,Lâm Đồng,NTB,AM Chi
NTB - Lâm Đồng,(LDO) Nam Ban Lâm Hà,Hàng Mới Ca 1,2026-09-15 - Thứ 3,157,100.00%,84.08%,1.91%,5.21,132,3,157,3,22,0,0.00%,14.01%,157,Lâm Đồng,NTB,AM Chi
NTB - Lâm Đồng,(LDO) Nam Ban Lâm Hà,Hàng Mới Ca 1,2026-09-26 - Thứ 7,212,99.53%,81.13%,0.94%,4.55,172,2,211,2,38,1,0.47%,17.93%,212,Lâm Đồng,NTB,AM Chi
NTB - Lâm Đồng,(LDO) Nam Ban Lâm Hà,Hàng Mới Ca 1,2026-09-16 - Thứ 4,84,100.00%,76.19%,1.19%,4.33,64,1,84,1,19,0,0.00%,22.62%,84,Lâm Đồng,NTB,AM Chi
NTB - Lâm Đồng,(LDO) Nam Ban Lâm Hà,Hàng Mới Ca 1,2026-10-06 - Thứ 3,210,99.05%,82.38%,0.48%,5.43,173,1,208,1,36,2,0.95%,17.14%,210,Lâm Đồng,NTB,AM Chi
NTB - Lâm Đồng,(LDO) Nam Ban Lâm Hà,Hàng Mới Ca 1,2026-09-23 - Thứ 4,72,98.61%,83.33%,1.39%,3.74,60,1,71,1,11,1,1.39%,15.28%,72,Lâm Đồng,NTB,AM Chi
NTB - Lâm Đồng,(LDO) Nam Ban Lâm Hà,Hàng Mới Ca 2,2026-09-18 - Thứ 6,177,74.01%,65.54%,0.00%,3.49,116,0,131,0,61,46,25.99%,34.46%,177,Lâm Đồng,NTB,AM Chi
NTB - Lâm Đồng,(LDO) Nam Ban Lâm Hà,Hàng Mới Ca 2,2026-09-27 - Chủ Nhật,74,52.70%,47.30%,0.00%,3.51,35,0,39,0,39,35,47.30%,52.70%,74,Lâm Đồng,NTB,AM Chi
NTB - Lâm Đồng,(LDO) Nam Ban Lâm Hà,Hàng Mới Ca 2,2026-09-21 - Thứ 2,206,40.29%,32.04%,0.49%,3.14,66,1,83,1,139,123,59.71%,67.47%,206,Lâm Đồng,NTB,AM Chi
NTB - Lâm Đồng,(LDO) Nam Ban Lâm Hà,Hàng Mới Ca 2,2026-09-13 - Chủ Nhật,135,75.56%,64.44%,0.00%,2.35,87,0,102,0,48,33,24.44%,35.56%,135,Lâm Đồng,NTB,AM Chi
NTB - Lâm Đồng,(LDO) Nam Ban Lâm Hà,Hàng Mới Ca 2,2026-09-24 - Thứ 5,233,72.53%,58.37%,0.00%,3.88,136,0,169,0,97,64,27.47%,41.63%,233,Lâm Đồng,NTB,AM Chi
NTB - Lâm Đồng,(LDO) Nam Ban Lâm Hà,Hàng Mới Ca 2,2026-10-01 - Thứ 5,228,53.95%,42.98%,0.00%,3.6,98,0,123,0,130,105,46.05%,57.02%,228,Lâm Đồng,NTB,AM Chi
NTB - Lâm Đồng,(LDO) Nam Ban Lâm Hà,Hàng Mới Ca 2,2026-10-05 - Thứ 2,178,62.92%,48.88%,1.69%,3.08,87,3,112,3,88,66,37.08%,49.43%,178,Lâm Đồng,NTB,AM Chi
NTB - Lâm Đồng,(LDO) Nam Ban Lâm Hà,Hàng Mới Ca 2,2026-09-22 - Thứ 3,171,63.74%,54.97%,0.00%,3.6,94,0,109,0,77,62,36.26%,45.03%,171,Lâm Đồng,NTB,AM Chi
NTB - Lâm Đồng,(LDO) Nam Ban Lâm Hà,Hàng Mới Ca 2,2026-09-14 - Thứ 2,223,72.20%,59.19%,0.45%,3.47,132,1,161,1,90,62,27.80%,40.36%,223,Lâm Đồng,NTB,AM Chi
NTB - Lâm Đồng,(LDO) Nam Ban Lâm Hà,Hàng Mới Ca 2,2026-10-02 - Thứ 6,168,57.14%,48.21%,0.00%,3.39,81,0,96,0,87,72,42.86%,51.79%,168,Lâm Đồng,NTB,AM Chi
NTB - Lâm Đồng,(LDO) Nam Ban Lâm Hà,Hàng Mới Ca 2,2026-09-29 - Thứ 3,197,75.13%,59.39%,0.00%,3.64,117,0,148,0,80,49,24.87%,40.61%,197,Lâm Đồng,NTB,AM Chi
NTB - Lâm Đồng,(LDO) Nam Ban Lâm Hà,Hàng Mới Ca 2,2026-10-08 - Thứ 5,252,80.56%,67.06%,1.59%,3.93,169,4,203,4,79,49,19.44%,31.35%,252,Lâm Đồng,NTB,AM Chi
NTB - Lâm Đồng,(LDO) Nam Ban Lâm Hà,Hàng Mới Ca 2,2026-10-04 - Chủ Nhật,248,76.61%,66.13%,0.81%,2.89,164,2,190,2,82,58,23.39%,33.06%,248,Lâm Đồng,NTB,AM Chi
NTB - Lâm Đồng,(LDO) Nam Ban Lâm Hà,Hàng Mới Ca 2,2026-09-30 - Thứ 4,228,55.26%,41.23%,0.88%,3.31,94,2,126,2,132,102,44.74%,57.89%,228,Lâm Đồng,NTB,AM Chi
NTB - Lâm Đồng,(LDO) Nam Ban Lâm Hà,Hàng Mới Ca 2,2026-09-17 - Thứ 5,192,76.56%,64.06%,0.00%,2.36,123,0,147,0,69,45,23.44%,35.94%,192,Lâm Đồng,NTB,AM Chi
NTB - Lâm Đồng,(LDO) Nam Ban Lâm Hà,Hàng Mới Ca 2,2026-10-09 - Thứ 6,263,76.81%,67.30%,1.14%,2.86,177,3,202,3,83,61,23.19%,31.56%,263,Lâm Đồng,NTB,AM Chi
NTB - Lâm Đồng,(LDO) Nam Ban Lâm Hà,Hàng Mới Ca 2,2026-09-26 - Thứ 7,253,81.03%,68.38%,0.40%,2.87,173,1,205,1,79,48,18.97%,31.22%,253,Lâm Đồng,NTB,AM Chi
NTB - Lâm Đồng,(LDO) Nam Ban Lâm Hà,Hàng Mới Ca 2,2026-09-28 - Thứ 2,114,74.56%,54.39%,0.00%,3.27,62,0,85,0,52,29,25.44%,45.61%,114,Lâm Đồng,NTB,AM Chi
NTB - Lâm Đồng,(LDO) Nam Ban Lâm Hà,Hàng Mới Ca 2,2026-10-07 - Thứ 4,151,76.16%,62.25%,0.66%,3.25,94,1,115,1,56,36,23.84%,37.09%,151,Lâm Đồng,NTB,AM Chi
NTB - Lâm Đồng,(LDO) Nam Ban Lâm Hà,Hàng Mới Ca 2,2026-10-03 - Thứ 7,295,50.51%,42.71%,0.34%,3.93,126,1,149,1,168,146,49.49%,56.95%,295,Lâm Đồng,NTB,AM Chi
NTB - Lâm Đồng,(LDO) Nam Ban Lâm Hà,Hàng Mới Ca 2,2026-09-16 - Thứ 4,238,59.24%,44.54%,0.00%,3.77,106,0,141,0,132,97,40.76%,55.46%,238,Lâm Đồng,NTB,AM Chi
NTB - Lâm Đồng,(LDO) Nam Ban Lâm Hà,Hàng Mới Ca 2,2026-09-25 - Thứ 6,74,81.08%,66.22%,0.00%,3.16,49,0,60,0,25,14,18.92%,33.78%,74,Lâm Đồng,NTB,AM Chi
NTB - Lâm Đồng,(LDO) Nam Ban Lâm Hà,Hàng Mới Ca 2,2026-09-20 - Chủ Nhật,135,72.59%,57.04%,0.00%,2.87,77,0,98,0,58,37,27.41%,42.96%,135,Lâm Đồng,NTB,AM Chi
NTB - Lâm Đồng,(LDO) Nam Ban Lâm Hà,Hàng Mới Ca 2,2026-10-06 - Thứ 3,175,74.86%,65.14%,0.00%,3.54,114,0,131,0,61,44,25.14%,34.86%,175,Lâm Đồng,NTB,AM Chi
NTB - Lâm Đồng,(LDO) Nam Ban Lâm Hà,Hàng Mới Ca 2,2026-09-23 - Thứ 4,88,65.91%,59.09%,1.14%,2.63,52,1,58,1,35,30,34.09%,39.77%,88,Lâm Đồng,NTB,AM Chi
NTB - Lâm Đồng,(LDO) Nam Ban Lâm Hà,Hàng Mới Ca 2,2026-09-15 - Thứ 3,225,76.44%,63.56%,2.22%,3.25,143,5,172,5,77,53,23.56%,34.22%,225,Lâm Đồng,NTB,AM Chi
NTB - Lâm Đồng,(LDO) Nam Ban Lâm Hà,Hàng Mới Ca 2,2026-09-19 - Thứ 7,237,75.53%,64.98%,0.84%,3.59,154,2,179,2,81,58,24.47%,34.18%,237,Lâm Đồng,NTB,AM Chi
NTB - Lâm Đồng,(LDO) Nam Ban Lâm Hà,Hàng Mới Ca 2,2026-09-12 - Thứ 7,218,80.73%,63.30%,0.92%,2.93,138,2,176,2,78,42,19.27%,35.78%,218,Lâm Đồng,NTB,AM Chi
NTB - Lâm Đồng,(LDO) Nam Ban Lâm Hà,Hàng Tồn,2026-09-21 - Thứ 2,125,96.80%,56.00%,3.20%,30.81,70,4,121,4,51,4,3.20%,40.80%,0,Lâm Đồng,NTB,AM Chi
NTB - Lâm Đồng,(LDO) Nam Ban Lâm Hà,Hàng Tồn,2026-09-20 - Chủ Nhật,138,96.38%,52.90%,3.62%,27.32,73,5,133,5,60,5,3.62%,43.48%,0,Lâm Đồng,NTB,AM Chi
NTB - Lâm Đồng,(LDO) Nam Ban Lâm Hà,Hàng Tồn,2026-09-13 - Chủ Nhật,149,98.66%,57.72%,0.67%,30.69,86,1,147,1,62,2,1.34%,41.61%,0,Lâm Đồng,NTB,AM Chi
NTB - Lâm Đồng,(LDO) Nam Ban Lâm Hà,Hàng Tồn,2026-10-06 - Thứ 3,152,98.68%,63.82%,3.95%,27.97,97,6,150,6,49,2,1.32%,32.23%,0,Lâm Đồng,NTB,AM Chi
NTB - Lâm Đồng,(LDO) Nam Ban Lâm Hà,Hàng Tồn,2026-10-01 - Thứ 5,183,98.36%,62.84%,3.28%,28.73,115,6,180,6,62,3,1.64%,33.88%,0,Lâm Đồng,NTB,AM Chi
NTB - Lâm Đồng,(LDO) Nam Ban Lâm Hà,Hàng Tồn,2026-09-12 - Thứ 7,159,99.37%,55.35%,3.14%,32.34,88,5,158,5,66,1,0.63%,41.51%,0,Lâm Đồng,NTB,AM Chi
NTB - Lâm Đồng,(LDO) Nam Ban Lâm Hà,Hàng Tồn,2026-10-05 - Thứ 2,143,100.00%,60.84%,5.59%,30.64,87,8,143,8,48,0,0.00%,33.57%,0,Lâm Đồng,NTB,AM Chi
NTB - Lâm Đồng,(LDO) Nam Ban Lâm Hà,Hàng Tồn,2026-09-22 - Thứ 3,196,98.98%,63.27%,6.12%,28.41,124,12,194,12,60,2,1.02%,30.61%,0,Lâm Đồng,NTB,AM Chi
NTB - Lâm Đồng,(LDO) Nam Ban Lâm Hà,Hàng Tồn,2026-09-23 - Thứ 4,152,99.34%,50.66%,4.61%,28.15,77,7,151,7,68,1,0.66%,44.73%,0,Lâm Đồng,NTB,AM Chi
NTB - Lâm Đồng,(LDO) Nam Ban Lâm Hà,Hàng Tồn,2026-09-14 - Thứ 2,117,99.15%,62.39%,8.55%,31.06,73,10,116,10,34,1,0.85%,29.06%,0,Lâm Đồng,NTB,AM Chi
NTB - Lâm Đồng,(LDO) Nam Ban Lâm Hà,Hàng Tồn,2026-09-15 - Thứ 3,151,100.00%,62.25%,3.31%,30.17,94,5,151,5,52,0,0.00%,34.44%,0,Lâm Đồng,NTB,AM Chi
NTB - Lâm Đồng,(LDO) Nam Ban Lâm Hà,Hàng Tồn,2026-10-02 - Thứ 6,204,98.53%,59.31%,2.45%,29.89,121,5,201,5,78,3,1.47%,38.24%,0,Lâm Đồng,NTB,AM Chi
NTB - Lâm Đồng,(LDO) Nam Ban Lâm Hà,Hàng Tồn,2026-09-29 - Thứ 3,135,97.78%,60.00%,5.19%,34.35,81,7,132,7,47,3,2.22%,34.81%,0,Lâm Đồng,NTB,AM Chi
NTB - Lâm Đồng,(LDO) Nam Ban Lâm Hà,Hàng Tồn,2026-10-08 - Thứ 5,115,100.00%,59.13%,4.35%,31.64,68,5,115,5,42,0,0.00%,36.52%,0,Lâm Đồng,NTB,AM Chi
NTB - Lâm Đồng,(LDO) Nam Ban Lâm Hà,Hàng Tồn,2026-09-19 - Thứ 7,135,95.56%,52.59%,2.96%,30.77,71,4,129,4,60,6,4.44%,44.45%,0,Lâm Đồng,NTB,AM Chi
NTB - Lâm Đồng,(LDO) Nam Ban Lâm Hà,Hàng Tồn,2026-10-04 - Chủ Nhật,224,100.00%,71.88%,3.13%,29.5,161,7,224,7,56,0,0.00%,24.99%,0,Lâm Đồng,NTB,AM Chi
NTB - Lâm Đồng,(LDO) Nam Ban Lâm Hà,Hàng Tồn,2026-09-30 - Thứ 4,134,98.51%,55.22%,6.72%,29.04,74,9,132,9,51,2,1.49%,38.06%,0,Lâm Đồng,NTB,AM Chi
NTB - Lâm Đồng,(LDO) Nam Ban Lâm Hà,Hàng Tồn,2026-09-17 - Thứ 5,192,98.44%,70.31%,3.13%,27.08,135,6,189,6,51,3,1.56%,26.56%,0,Lâm Đồng,NTB,AM Chi
NTB - Lâm Đồng,(LDO) Nam Ban Lâm Hà,Hàng Tồn,2026-10-09 - Thứ 6,148,99.32%,57.43%,5.41%,28.17,85,8,147,8,55,1,0.68%,37.16%,0,Lâm Đồng,NTB,AM Chi
NTB - Lâm Đồng,(LDO) Nam Ban Lâm Hà,Hàng Tồn,2026-09-26 - Thứ 7,113,99.12%,32.74%,7.96%,34.86,37,9,112,9,67,1,0.88%,59.30%,0,Lâm Đồng,NTB,AM Chi
NTB - Lâm Đồng,(LDO) Nam Ban Lâm Hà,Hàng Tồn,2026-09-28 - Thứ 2,143,98.60%,46.85%,6.99%,30.4,67,10,141,10,66,2,1.40%,46.16%,0,Lâm Đồng,NTB,AM Chi
NTB - Lâm Đồng,(LDO) Nam Ban Lâm Hà,Hàng Tồn,2026-10-03 - Thứ 7,173,98.84%,63.58%,6.36%,32,110,11,171,11,52,2,1.16%,30.06%,0,Lâm Đồng,NTB,AM Chi
NTB - Lâm Đồng,(LDO) Nam Ban Lâm Hà,Hàng Tồn,2026-09-18 - Thứ 6,128,100.00%,64.06%,8.59%,29.81,82,11,128,11,35,0,0.00%,27.35%,0,Lâm Đồng,NTB,AM Chi
NTB - Lâm Đồng,(LDO) Nam Ban Lâm Hà,Hàng Tồn,2026-09-24 - Thứ 5,105,96.19%,48.57%,8.57%,37.98,51,9,101,9,45,4,3.81%,42.86%,0,Lâm Đồng,NTB,AM Chi
NTB - Lâm Đồng,(LDO) Nam Ban Lâm Hà,Hàng Tồn,2026-09-16 - Thứ 4,142,99.30%,55.63%,4.23%,27.38,79,6,141,6,57,1,0.70%,40.14%,0,Lâm Đồng,NTB,AM Chi
NTB - Lâm Đồng,(LDO) Nam Ban Lâm Hà,Hàng Tồn,2026-09-25 - Thứ 6,178,100.00%,57.30%,6.74%,27.93,102,12,178,12,64,0,0.00%,35.96%,0,Lâm Đồng,NTB,AM Chi
NTB - Lâm Đồng,(LDO) Nam Ban Lâm Hà,Hàng Tồn,2026-10-07 - Thứ 4,125,98.40%,54.40%,5.60%,29.34,68,7,123,7,50,2,1.60%,40.00%,0,Lâm Đồng,NTB,AM Chi
NTB - Lâm Đồng,(LDO) Nam Ban Lâm Hà,Hàng Tồn,2026-09-27 - Chủ Nhật,163,99.39%,51.53%,5.52%,30.11,84,9,162,9,70,1,0.61%,42.95%,0,Lâm Đồng,NTB,AM Chi
NTB - Lâm Đồng,(LDO) Lâm Viên - Đà Lạt 2,Hàng Mới Ca 1,2026-09-27 - Chủ Nhật,575,17.57%,13.04%,0.52%,7.81,75,3,101,3,497,474,82.43%,86.44%,575,Lâm Đồng,NTB,AM Trường
NTB - Lâm Đồng,(LDO) Lâm Viên - Đà Lạt 2,Hàng Mới Ca 1,2026-09-20 - Chủ Nhật,487,17.66%,14.17%,0.21%,8.12,69,1,86,1,417,401,82.34%,85.62%,487,Lâm Đồng,NTB,AM Trường
NTB - Lâm Đồng,(LDO) Lâm Viên - Đà Lạt 2,Hàng Mới Ca 1,2026-09-24 - Thứ 5,343,26.24%,18.95%,0.58%,7.32,65,2,90,2,276,253,73.76%,80.47%,343,Lâm Đồng,NTB,AM Trường
NTB - Lâm Đồng,(LDO) Lâm Viên - Đà Lạt 2,Hàng Mới Ca 1,2026-10-06 - Thứ 3,436,98.62%,69.95%,0.46%,10.31,305,2,430,2,129,6,1.38%,29.59%,436,Lâm Đồng,NTB,AM Trường
NTB - Lâm Đồng,(LDO) Lâm Viên - Đà Lạt 2,Hàng Mới Ca 1,2026-10-01 - Thứ 5,86,100.00%,72.09%,1.16%,7.6,62,1,86,1,23,0,0.00%,26.75%,86,Lâm Đồng,NTB,AM Trường
NTB - Lâm Đồng,(LDO) Lâm Viên - Đà Lạt 2,Hàng Mới Ca 1,2026-10-05 - Thứ 2,480,98.96%,72.29%,1.04%,13.88,347,5,475,5,128,5,1.04%,26.67%,480,Lâm Đồng,NTB,AM Trường
NTB - Lâm Đồng,(LDO) Lâm Viên - Đà Lạt 2,Hàng Mới Ca 1,2026-09-22 - Thứ 3,407,12.04%,8.60%,0.00%,8.51,35,0,49,0,372,358,87.96%,91.40%,407,Lâm Đồng,NTB,AM Trường
NTB - Lâm Đồng,(LDO) Lâm Viên - Đà Lạt 2,Hàng Mới Ca 1,2026-09-23 - Thứ 4,580,46.90%,28.79%,0.86%,20.07,167,5,272,5,408,308,53.10%,70.35%,580,Lâm Đồng,NTB,AM Trường
NTB - Lâm Đồng,(LDO) Lâm Viên - Đà Lạt 2,Hàng Mới Ca 1,2026-09-14 - Thứ 2,100,56.00%,43.00%,1.00%,9.07,43,1,56,1,56,44,44.00%,56.00%,100,Lâm Đồng,NTB,AM Trường
NTB - Lâm Đồng,(LDO) Lâm Viên - Đà Lạt 2,Hàng Mới Ca 1,2026-10-02 - Thứ 6,80,98.75%,66.25%,1.25%,6.32,53,1,79,1,26,1,1.25%,32.50%,80,Lâm Đồng,NTB,AM Trường
NTB - Lâm Đồng,(LDO) Lâm Viên - Đà Lạt 2,Hàng Mới Ca 1,2026-09-29 - Thứ 3,348,20.98%,16.09%,0.00%,13.96,56,0,73,0,292,275,79.02%,83.91%,348,Lâm Đồng,NTB,AM Trường
NTB - Lâm Đồng,(LDO) Lâm Viên - Đà Lạt 2,Hàng Mới Ca 1,2026-10-08 - Thứ 5,469,98.51%,84.22%,1.28%,8.38,395,6,462,6,68,7,1.49%,14.50%,469,Lâm Đồng,NTB,AM Trường
NTB - Lâm Đồng,(LDO) Lâm Viên - Đà Lạt 2,Hàng Mới Ca 1,2026-09-19 - Thứ 7,523,58.70%,32.31%,0.38%,18.75,169,2,307,2,352,216,41.30%,67.31%,523,Lâm Đồng,NTB,AM Trường
NTB - Lâm Đồng,(LDO) Lâm Viên - Đà Lạt 2,Hàng Mới Ca 1,2026-10-04 - Chủ Nhật,330,98.18%,53.94%,1.21%,18.26,178,4,324,4,148,6,1.82%,44.85%,330,Lâm Đồng,NTB,AM Trường
NTB - Lâm Đồng,(LDO) Lâm Viên - Đà Lạt 2,Hàng Mới Ca 1,2026-09-30 - Thứ 4,268,96.27%,69.40%,2.24%,19.99,186,6,258,6,76,10,3.73%,28.36%,268,Lâm Đồng,NTB,AM Trường
NTB - Lâm Đồng,(LDO) Lâm Viên - Đà Lạt 2,Hàng Mới Ca 1,2026-09-17 - Thứ 5,305,77.38%,48.52%,0.00%,18.28,148,0,236,0,157,69,22.62%,51.48%,305,Lâm Đồng,NTB,AM Trường
NTB - Lâm Đồng,(LDO) Lâm Viên - Đà Lạt 2,Hàng Mới Ca 1,2026-09-26 - Thứ 7,552,12.68%,9.60%,0.00%,7.45,53,0,70,0,499,482,87.32%,90.40%,552,Lâm Đồng,NTB,AM Trường
NTB - Lâm Đồng,(LDO) Lâm Viên - Đà Lạt 2,Hàng Mới Ca 1,2026-09-28 - Thứ 2,75,88.00%,50.67%,2.67%,7.29,38,2,66,2,35,9,12.00%,46.66%,75,Lâm Đồng,NTB,AM Trường
NTB - Lâm Đồng,(LDO) Lâm Viên - Đà Lạt 2,Hàng Mới Ca 1,2026-10-07 - Thứ 4,321,99.69%,78.50%,0.31%,10.39,252,1,320,1,68,1,0.31%,21.19%,321,Lâm Đồng,NTB,AM Trường
NTB - Lâm Đồng,(LDO) Lâm Viên - Đà Lạt 2,Hàng Mới Ca 1,2026-10-03 - Thứ 7,381,96.33%,64.57%,2.10%,19.43,246,8,367,8,127,14,3.67%,33.33%,381,Lâm Đồng,NTB,AM Trường
NTB - Lâm Đồng,(LDO) Lâm Viên - Đà Lạt 2,Hàng Mới Ca 1,2026-09-16 - Thứ 4,321,92.21%,49.53%,0.62%,18.65,159,2,296,2,160,25,7.79%,49.85%,321,Lâm Đồng,NTB,AM Trường
NTB - Lâm Đồng,(LDO) Lâm Viên - Đà Lạt 2,Hàng Mới Ca 1,2026-09-25 - Thứ 6,899,13.90%,9.45%,0.11%,8.72,85,1,125,1,813,774,86.10%,90.44%,899,Lâm Đồng,NTB,AM Trường
NTB - Lâm Đồng,(LDO) Lâm Viên - Đà Lạt 2,Hàng Mới Ca 1,2026-09-18 - Thứ 6,472,62.29%,36.44%,0.64%,17.99,172,3,294,3,297,178,37.71%,62.92%,472,Lâm Đồng,NTB,AM Trường
NTB - Lâm Đồng,(LDO) Lâm Viên - Đà Lạt 2,Hàng Mới Ca 1,2026-09-21 - Thứ 2,612,33.01%,18.95%,1.14%,16.9,116,7,202,7,489,410,66.99%,79.91%,612,Lâm Đồng,NTB,AM Trường
NTB - Lâm Đồng,(LDO) Lâm Viên - Đà Lạt 2,Hàng Mới Ca 1,2026-09-13 - Chủ Nhật,354,42.94%,25.71%,0.28%,19.41,91,1,152,1,262,202,57.06%,74.01%,354,Lâm Đồng,NTB,AM Trường
NTB - Lâm Đồng,(LDO) Lâm Viên - Đà Lạt 2,Hàng Mới Ca 1,2026-09-12 - Thứ 7,364,98.08%,59.07%,0.82%,20.65,215,3,357,3,146,7,1.92%,40.11%,364,Lâm Đồng,NTB,AM Trường
NTB - Lâm Đồng,(LDO) Lâm Viên - Đà Lạt 2,Hàng Mới Ca 1,2026-09-15 - Thứ 3,430,71.63%,36.05%,0.47%,19.26,155,2,308,2,273,122,28.37%,63.48%,430,Lâm Đồng,NTB,AM Trường
NTB - Lâm Đồng,(LDO) Lâm Viên - Đà Lạt 2,Hàng Mới Ca 1,2026-10-09 - Thứ 6,460,97.83%,77.83%,1.96%,10.75,358,9,450,9,93,10,2.17%,20.21%,460,Lâm Đồng,NTB,AM Trường
NTB - Lâm Đồng,(LDO) Lâm Viên - Đà Lạt 2,Hàng Mới Ca 2,2026-09-27 - Chủ Nhật,270,0.00%,0.00%,0.00%,0,0,0,0,0,270,270,100.00%,100.00%,270,Lâm Đồng,NTB,AM Trường
NTB - Lâm Đồng,(LDO) Lâm Viên - Đà Lạt 2,Hàng Mới Ca 2,2026-10-01 - Thứ 5,332,0.30%,0.30%,0.00%,30,1,0,1,0,331,331,99.70%,99.70%,332,Lâm Đồng,NTB,AM Trường
NTB - Lâm Đồng,(LDO) Lâm Viên - Đà Lạt 2,Hàng Mới Ca 2,2026-09-30 - Thứ 4,296,0.00%,0.00%,0.00%,0,0,0,0,0,296,296,100.00%,100.00%,296,Lâm Đồng,NTB,AM Trường
NTB - Lâm Đồng,(LDO) Lâm Viên - Đà Lạt 2,Hàng Mới Ca 2,2026-09-17 - Thứ 5,5,100.00%,60.00%,0.00%,6.33,3,0,5,0,2,0,0.00%,40.00%,5,Lâm Đồng,NTB,AM Trường
NTB - Lâm Đồng,(LDO) Lâm Viên - Đà Lạt 2,Hàng Mới Ca 2,2026-09-13 - Chủ Nhật,123,0.00%,0.00%,0.00%,0,0,0,0,0,123,123,100.00%,100.00%,123,Lâm Đồng,NTB,AM Trường
NTB - Lâm Đồng,(LDO) Lâm Viên - Đà Lạt 2,Hàng Mới Ca 2,2026-09-14 - Thứ 2,1,0.00%,0.00%,0.00%,0,0,0,0,0,1,1,100.00%,100.00%,1,Lâm Đồng,NTB,AM Trường
NTB - Lâm Đồng,(LDO) Lâm Viên - Đà Lạt 2,Hàng Mới Ca 2,2026-09-24 - Thứ 5,1,100.00%,0.00%,0.00%,0,0,0,1,0,1,0,0.00%,100.00%,1,Lâm Đồng,NTB,AM Trường
NTB - Lâm Đồng,(LDO) Lâm Viên - Đà Lạt 2,Hàng Mới Ca 2,2026-09-25 - Thứ 6,1,100.00%,0.00%,0.00%,0,0,0,1,0,1,0,0.00%,100.00%,1,Lâm Đồng,NTB,AM Trường
NTB - Lâm Đồng,(LDO) Lâm Viên - Đà Lạt 2,Hàng Mới Ca 2,2026-09-12 - Thứ 7,1,100.00%,100.00%,0.00%,0,1,0,1,0,0,0,0.00%,0.00%,1,Lâm Đồng,NTB,AM Trường
NTB - Lâm Đồng,(LDO) Lâm Viên - Đà Lạt 2,Hàng Mới Ca 2,2026-09-21 - Thứ 2,1,100.00%,0.00%,0.00%,0,0,0,1,0,1,0,0.00%,100.00%,1,Lâm Đồng,NTB,AM Trường
NTB - Lâm Đồng,(LDO) Lâm Viên - Đà Lạt 2,Hàng Mới Ca 2,2026-09-28 - Thứ 2,1,100.00%,0.00%,0.00%,0,0,0,1,0,1,0,0.00%,100.00%,1,Lâm Đồng,NTB,AM Trường
NTB - Lâm Đồng,(LDO) Lâm Viên - Đà Lạt 2,Hàng Tồn,2026-10-03 - Thứ 7,238,94.96%,24.79%,9.66%,62.65,59,23,226,23,156,12,5.04%,65.55%,0,Lâm Đồng,NTB,AM Trường
NTB - Lâm Đồng,(LDO) Lâm Viên - Đà Lạt 2,Hàng Tồn,2026-09-25 - Thứ 6,"1,226",62.56%,25.94%,5.22%,99.44,318,64,767,64,844,459,37.44%,68.84%,0,Lâm Đồng,NTB,AM Trường
NTB - Lâm Đồng,(LDO) Lâm Viên - Đà Lạt 2,Hàng Tồn,2026-09-21 - Thứ 2,891,55.33%,20.09%,5.50%,73.21,179,49,493,49,663,398,44.67%,74.41%,0,Lâm Đồng,NTB,AM Trường
NTB - Lâm Đồng,(LDO) Lâm Viên - Đà Lạt 2,Hàng Tồn,2026-09-20 - Chủ Nhật,760,63.42%,27.24%,3.16%,61.57,207,24,482,24,529,278,36.58%,69.60%,0,Lâm Đồng,NTB,AM Trường
NTB - Lâm Đồng,(LDO) Lâm Viên - Đà Lạt 2,Hàng Tồn,2026-09-13 - Chủ Nhật,267,66.67%,28.09%,0.75%,60.11,75,2,178,2,190,89,33.33%,71.16%,0,Lâm Đồng,NTB,AM Trường
NTB - Lâm Đồng,(LDO) Lâm Viên - Đà Lạt 2,Hàng Tồn,2026-09-24 - Thứ 5,"1,333",53.71%,20.78%,5.78%,76.65,277,77,716,77,979,617,46.29%,73.44%,0,Lâm Đồng,NTB,AM Trường
NTB - Lâm Đồng,(LDO) Lâm Viên - Đà Lạt 2,Hàng Tồn,2026-10-06 - Thứ 3,211,92.89%,33.18%,5.69%,62.51,70,12,196,12,129,15,7.11%,61.13%,0,Lâm Đồng,NTB,AM Trường
NTB - Lâm Đồng,(LDO) Lâm Viên - Đà Lạt 2,Hàng Tồn,2026-10-01 - Thứ 5,657,99.24%,49.32%,3.65%,55.38,324,24,652,24,309,5,0.76%,47.03%,0,Lâm Đồng,NTB,AM Trường
NTB - Lâm Đồng,(LDO) Lâm Viên - Đà Lạt 2,Hàng Tồn,2026-09-12 - Thứ 7,250,98.80%,32.80%,4.40%,48.31,82,11,247,11,157,3,1.20%,62.80%,0,Lâm Đồng,NTB,AM Trường
NTB - Lâm Đồng,(LDO) Lâm Viên - Đà Lạt 2,Hàng Tồn,2026-09-22 - Thứ 3,"1,097",61.08%,19.87%,2.83%,62.76,218,31,670,31,848,427,38.92%,77.30%,0,Lâm Đồng,NTB,AM Trường
NTB - Lâm Đồng,(LDO) Lâm Viên - Đà Lạt 2,Hàng Tồn,2026-09-23 - Thứ 4,"1,202",47.34%,14.81%,5.32%,84.63,178,64,569,64,960,633,52.66%,79.87%,0,Lâm Đồng,NTB,AM Trường
NTB - Lâm Đồng,(LDO) Lâm Viên - Đà Lạt 2,Hàng Tồn,2026-09-14 - Thứ 2,549,46.08%,22.22%,2.00%,49.11,122,11,253,11,416,296,53.92%,75.78%,0,Lâm Đồng,NTB,AM Trường
NTB - Lâm Đồng,(LDO) Lâm Viên - Đà Lạt 2,Hàng Tồn,2026-09-15 - Thứ 3,458,84.06%,39.74%,2.62%,67.97,182,12,385,12,264,73,15.94%,57.64%,0,Lâm Đồng,NTB,AM Trường
NTB - Lâm Đồng,(LDO) Lâm Viên - Đà Lạt 2,Hàng Tồn,2026-10-02 - Thứ 6,643,98.44%,54.43%,6.84%,52.9,350,44,633,44,249,10,1.56%,38.73%,0,Lâm Đồng,NTB,AM Trường
NTB - Lâm Đồng,(LDO) Lâm Viên - Đà Lạt 2,Hàng Tồn,2026-09-29 - Thứ 3,"1,257",86.32%,51.47%,4.14%,97.45,647,52,1085,52,558,172,13.68%,44.39%,0,Lâm Đồng,NTB,AM Trường
NTB - Lâm Đồng,(LDO) Lâm Viên - Đà Lạt 2,Hàng Tồn,2026-10-08 - Thứ 5,148,91.22%,41.22%,13.51%,50.38,61,20,135,20,67,13,8.78%,45.27%,0,Lâm Đồng,NTB,AM Trường
NTB - Lâm Đồng,(LDO) Lâm Viên - Đà Lạt 2,Hàng Tồn,2026-09-19 - Thứ 7,506,68.38%,14.23%,1.58%,51.85,72,8,346,8,426,160,31.62%,84.19%,0,Lâm Đồng,NTB,AM Trường
NTB - Lâm Đồng,(LDO) Lâm Viên - Đà Lạt 2,Hàng Tồn,2026-10-04 - Chủ Nhật,256,87.50%,38.67%,11.72%,58.04,99,30,224,30,127,32,12.50%,49.61%,0,Lâm Đồng,NTB,AM Trường
NTB - Lâm Đồng,(LDO) Lâm Viên - Đà Lạt 2,Hàng Tồn,2026-09-30 - Thứ 4,812,98.77%,54.56%,5.91%,87.09,443,48,802,48,321,10,1.23%,39.53%,0,Lâm Đồng,NTB,AM Trường
NTB - Lâm Đồng,(LDO) Lâm Viên - Đà Lạt 2,Hàng Tồn,2026-09-17 - Thứ 5,439,77.22%,32.35%,2.05%,76.39,142,9,339,9,288,100,22.78%,65.60%,0,Lâm Đồng,NTB,AM Trường
NTB - Lâm Đồng,(LDO) Lâm Viên - Đà Lạt 2,Hàng Tồn,2026-10-09 - Thứ 6,122,89.34%,29.51%,7.38%,54.44,36,9,109,9,77,13,10.66%,63.11%,0,Lâm Đồng,NTB,AM Trường
NTB - Lâm Đồng,(LDO) Lâm Viên - Đà Lạt 2,Hàng Tồn,2026-09-26 - Thứ 7,"1,611",48.98%,27.06%,1.37%,83.68,436,22,789,22,1153,822,51.02%,71.57%,0,Lâm Đồng,NTB,AM Trường
NTB - Lâm Đồng,(LDO) Lâm Viên - Đà Lạt 2,Hàng Tồn,2026-09-28 - Thứ 2,"1,971",69.05%,34.40%,1.88%,91.72,678,37,1361,37,1256,610,30.95%,63.72%,0,Lâm Đồng,NTB,AM Trường
NTB - Lâm Đồng,(LDO) Lâm Viên - Đà Lạt 2,Hàng Tồn,2026-10-07 - Thứ 4,237,91.14%,48.95%,5.49%,50.01,116,13,216,13,108,21,8.86%,45.56%,0,Lâm Đồng,NTB,AM Trường
NTB - Lâm Đồng,(LDO) Lâm Viên - Đà Lạt 2,Hàng Tồn,2026-09-16 - Thứ 4,500,96.00%,35.80%,2.60%,62.41,179,13,480,13,308,20,4.00%,61.60%,0,Lâm Đồng,NTB,AM Trường
NTB - Lâm Đồng,(LDO) Lâm Viên - Đà Lạt 2,Hàng Tồn,2026-09-18 - Thứ 6,425,88.94%,33.88%,5.41%,70.18,144,23,378,23,258,47,11.06%,60.71%,0,Lâm Đồng,NTB,AM Trường
NTB - Lâm Đồng,(LDO) Lâm Viên - Đà Lạt 2,Hàng Tồn,2026-09-27 - Chủ Nhật,"1,612",43.42%,20.35%,2.79%,69.09,328,45,700,45,1239,912,56.58%,76.86%,0,Lâm Đồng,NTB,AM Trường
NTB - Lâm Đồng,(LDO) Lâm Viên - Đà Lạt 2,Hàng Tồn,2026-10-05 - Thứ 2,255,93.33%,56.86%,6.27%,60.71,145,16,238,16,94,17,6.67%,36.87%,0,Lâm Đồng,NTB,AM Trường
NTB - Lâm Đồng,(LDO) Lâm Viên - Đà Lạt 1,Hàng Mới Ca 1,2026-10-07 - Thứ 4,168,97.02%,80.36%,1.19%,8.39,135,2,163,2,31,5,2.98%,18.45%,168,Lâm Đồng,NTB,AM Trường
NTB - Lâm Đồng,(LDO) Lâm Viên - Đà Lạt 1,Hàng Mới Ca 1,2026-09-18 - Thứ 6,54,79.63%,62.96%,3.70%,6.15,34,2,43,2,18,11,20.37%,33.34%,54,Lâm Đồng,NTB,AM Trường
NTB - Lâm Đồng,(LDO) Lâm Viên - Đà Lạt 1,Hàng Mới Ca 1,2026-09-27 - Chủ Nhật,275,86.55%,68.00%,1.82%,8.17,187,5,238,5,83,37,13.45%,30.18%,275,Lâm Đồng,NTB,AM Trường
NTB - Lâm Đồng,(LDO) Lâm Viên - Đà Lạt 1,Hàng Mới Ca 1,2026-09-21 - Thứ 2,138,94.93%,74.64%,0.72%,6.88,103,1,131,1,34,7,5.07%,24.64%,138,Lâm Đồng,NTB,AM Trường
NTB - Lâm Đồng,(LDO) Lâm Viên - Đà Lạt 1,Hàng Mới Ca 1,2026-09-24 - Thứ 5,608,92.60%,75.82%,0.99%,7.93,461,6,563,6,141,45,7.40%,23.19%,608,Lâm Đồng,NTB,AM Trường
NTB - Lâm Đồng,(LDO) Lâm Viên - Đà Lạt 1,Hàng Mới Ca 1,2026-10-06 - Thứ 3,224,99.55%,72.77%,0.45%,7.84,163,1,223,1,60,1,0.45%,26.78%,224,Lâm Đồng,NTB,AM Trường
NTB - Lâm Đồng,(LDO) Lâm Viên - Đà Lạt 1,Hàng Mới Ca 1,2026-10-01 - Thứ 5,182,84.07%,61.54%,1.10%,8.63,112,2,153,2,68,29,15.93%,37.36%,182,Lâm Đồng,NTB,AM Trường
NTB - Lâm Đồng,(LDO) Lâm Viên - Đà Lạt 1,Hàng Mới Ca 1,2026-09-12 - Thứ 7,318,100.00%,74.84%,0.31%,7.59,238,1,318,1,79,0,0.00%,24.85%,318,Lâm Đồng,NTB,AM Trường
NTB - Lâm Đồng,(LDO) Lâm Viên - Đà Lạt 1,Hàng Mới Ca 1,2026-10-05 - Thứ 2,175,84.57%,69.14%,1.71%,6.49,121,3,148,3,51,27,15.43%,29.15%,175,Lâm Đồng,NTB,AM Trường
NTB - Lâm Đồng,(LDO) Lâm Viên - Đà Lạt 1,Hàng Mới Ca 1,2026-09-22 - Thứ 3,342,96.20%,71.64%,0.58%,7.67,245,2,329,2,95,13,3.80%,27.78%,342,Lâm Đồng,NTB,AM Trường
NTB - Lâm Đồng,(LDO) Lâm Viên - Đà Lạt 1,Hàng Mới Ca 1,2026-09-23 - Thứ 4,200,92.50%,73.00%,0.50%,8.1,146,1,185,1,53,15,7.50%,26.50%,200,Lâm Đồng,NTB,AM Trường
NTB - Lâm Đồng,(LDO) Lâm Viên - Đà Lạt 1,Hàng Mới Ca 1,2026-09-14 - Thứ 2,536,94.59%,72.39%,0.37%,8.17,388,2,507,2,146,29,5.41%,27.24%,536,Lâm Đồng,NTB,AM Trường
NTB - Lâm Đồng,(LDO) Lâm Viên - Đà Lạt 1,Hàng Mới Ca 1,2026-09-15 - Thứ 3,298,100.00%,77.52%,0.00%,8.13,231,0,298,0,67,0,0.00%,22.48%,298,Lâm Đồng,NTB,AM Trường
NTB - Lâm Đồng,(LDO) Lâm Viên - Đà Lạt 1,Hàng Mới Ca 1,2026-10-02 - Thứ 6,232,98.28%,88.36%,0.00%,8.49,205,0,228,0,27,4,1.72%,11.64%,232,Lâm Đồng,NTB,AM Trường
NTB - Lâm Đồng,(LDO) Lâm Viên - Đà Lạt 1,Hàng Mới Ca 1,2026-09-29 - Thứ 3,199,80.90%,66.33%,1.51%,8.31,132,3,161,3,64,38,19.10%,32.16%,199,Lâm Đồng,NTB,AM Trường
NTB - Lâm Đồng,(LDO) Lâm Viên - Đà Lạt 1,Hàng Mới Ca 1,2026-10-08 - Thứ 5,300,91.00%,75.00%,0.67%,9.02,225,2,273,2,73,27,9.00%,24.33%,300,Lâm Đồng,NTB,AM Trường
NTB - Lâm Đồng,(LDO) Lâm Viên - Đà Lạt 1,Hàng Mới Ca 1,2026-09-17 - Thứ 5,315,87.30%,67.30%,0.32%,8.94,212,1,275,1,102,40,12.70%,32.38%,315,Lâm Đồng,NTB,AM Trường
NTB - Lâm Đồng,(LDO) Lâm Viên - Đà Lạt 1,Hàng Mới Ca 1,2026-10-09 - Thứ 6,225,95.56%,81.78%,0.44%,8.43,184,1,215,1,40,10,4.44%,17.78%,225,Lâm Đồng,NTB,AM Trường
NTB - Lâm Đồng,(LDO) Lâm Viên - Đà Lạt 1,Hàng Mới Ca 1,2026-09-28 - Thứ 2,274,96.72%,75.91%,0.36%,7.27,208,1,265,1,65,9,3.28%,23.73%,274,Lâm Đồng,NTB,AM Trường
NTB - Lâm Đồng,(LDO) Lâm Viên - Đà Lạt 1,Hàng Mới Ca 1,2026-10-03 - Thứ 7,221,94.12%,80.09%,1.36%,8,177,3,208,3,41,13,5.88%,18.55%,221,Lâm Đồng,NTB,AM Trường
NTB - Lâm Đồng,(LDO) Lâm Viên - Đà Lạt 1,Hàng Mới Ca 1,2026-09-25 - Thứ 6,397,99.24%,81.11%,0.50%,8.23,322,2,394,2,73,3,0.76%,18.39%,397,Lâm Đồng,NTB,AM Trường
NTB - Lâm Đồng,(LDO) Lâm Viên - Đà Lạt 1,Hàng Mới Ca 1,2026-09-20 - Chủ Nhật,407,96.56%,70.27%,0.98%,7.76,286,4,393,4,117,14,3.44%,28.75%,407,Lâm Đồng,NTB,AM Trường
NTB - Lâm Đồng,(LDO) Lâm Viên - Đà Lạt 1,Hàng Mới Ca 1,2026-09-13 - Chủ Nhật,252,94.84%,76.98%,0.40%,7.63,194,1,239,1,57,13,5.16%,22.62%,252,Lâm Đồng,NTB,AM Trường
NTB - Lâm Đồng,(LDO) Lâm Viên - Đà Lạt 1,Hàng Mới Ca 1,2026-09-19 - Thứ 7,227,100.00%,78.85%,0.44%,7.64,179,1,227,1,47,0,0.00%,20.71%,227,Lâm Đồng,NTB,AM Trường
NTB - Lâm Đồng,(LDO) Lâm Viên - Đà Lạt 1,Hàng Mới Ca 1,2026-10-04 - Chủ Nhật,218,97.25%,70.18%,2.29%,8.18,153,5,212,5,60,6,2.75%,27.53%,218,Lâm Đồng,NTB,AM Trường
NTB - Lâm Đồng,(LDO) Lâm Viên - Đà Lạt 1,Hàng Mới Ca 1,2026-09-26 - Thứ 7,161,99.38%,84.47%,0.62%,7.49,136,1,160,1,24,1,0.62%,14.91%,161,Lâm Đồng,NTB,AM Trường
NTB - Lâm Đồng,(LDO) Lâm Viên - Đà Lạt 1,Hàng Mới Ca 1,2026-09-30 - Thứ 4,111,100.00%,90.99%,0.00%,8.86,101,0,111,0,10,0,0.00%,9.01%,111,Lâm Đồng,NTB,AM Trường
NTB - Lâm Đồng,(LDO) Lâm Viên - Đà Lạt 1,Hàng Mới Ca 1,2026-09-16 - Thứ 4,227,90.75%,79.30%,0.00%,7.22,180,0,206,0,47,21,9.25%,20.70%,227,Lâm Đồng,NTB,AM Trường
NTB - Lâm Đồng,(LDO) Lâm Viên - Đà Lạt 1,Hàng Mới Ca 2,2026-09-21 - Thứ 2,393,78.37%,58.78%,0.25%,4.05,231,1,308,1,161,85,21.63%,40.97%,393,Lâm Đồng,NTB,AM Trường
NTB - Lâm Đồng,(LDO) Lâm Viên - Đà Lạt 1,Hàng Mới Ca 2,2026-09-13 - Chủ Nhật,180,82.22%,67.22%,0.00%,2.93,121,0,148,0,59,32,17.78%,32.78%,180,Lâm Đồng,NTB,AM Trường
NTB - Lâm Đồng,(LDO) Lâm Viên - Đà Lạt 1,Hàng Mới Ca 2,2026-10-01 - Thứ 5,307,76.87%,56.03%,0.33%,3.99,172,1,236,1,134,71,23.13%,43.64%,307,Lâm Đồng,NTB,AM Trường
NTB - Lâm Đồng,(LDO) Lâm Viên - Đà Lạt 1,Hàng Mới Ca 2,2026-09-12 - Thứ 7,456,72.37%,52.19%,0.66%,4.47,238,3,330,3,215,126,27.63%,47.15%,456,Lâm Đồng,NTB,AM Trường
NTB - Lâm Đồng,(LDO) Lâm Viên - Đà Lạt 1,Hàng Mới Ca 2,2026-10-05 - Thứ 2,181,49.72%,40.88%,0.55%,3.2,74,1,90,1,106,91,50.28%,58.57%,181,Lâm Đồng,NTB,AM Trường
NTB - Lâm Đồng,(LDO) Lâm Viên - Đà Lạt 1,Hàng Mới Ca 2,2026-09-22 - Thứ 3,389,74.04%,55.53%,0.00%,4.06,216,0,288,0,173,101,25.96%,44.47%,389,Lâm Đồng,NTB,AM Trường
NTB - Lâm Đồng,(LDO) Lâm Viên - Đà Lạt 1,Hàng Mới Ca 2,2026-09-23 - Thứ 4,277,68.23%,56.68%,1.44%,3.65,157,4,189,4,116,88,31.77%,41.88%,277,Lâm Đồng,NTB,AM Trường
NTB - Lâm Đồng,(LDO) Lâm Viên - Đà Lạt 1,Hàng Mới Ca 2,2026-09-14 - Thứ 2,293,82.59%,60.75%,1.37%,3.45,178,4,242,4,111,51,17.41%,37.88%,293,Lâm Đồng,NTB,AM Trường
NTB - Lâm Đồng,(LDO) Lâm Viên - Đà Lạt 1,Hàng Mới Ca 2,2026-09-15 - Thứ 3,295,78.98%,61.36%,0.68%,3.82,181,2,233,2,112,62,21.02%,37.96%,295,Lâm Đồng,NTB,AM Trường
NTB - Lâm Đồng,(LDO) Lâm Viên - Đà Lạt 1,Hàng Mới Ca 2,2026-10-02 - Thứ 6,322,85.09%,61.49%,1.24%,3.41,198,4,274,4,120,48,14.91%,37.27%,322,Lâm Đồng,NTB,AM Trường
NTB - Lâm Đồng,(LDO) Lâm Viên - Đà Lạt 1,Hàng Mới Ca 2,2026-09-29 - Thứ 3,308,70.13%,51.30%,0.32%,3.52,158,1,216,1,149,92,29.87%,48.38%,308,Lâm Đồng,NTB,AM Trường
NTB - Lâm Đồng,(LDO) Lâm Viên - Đà Lạt 1,Hàng Mới Ca 2,2026-09-19 - Thứ 7,490,50.41%,38.98%,0.61%,4.8,191,3,247,3,296,243,49.59%,60.41%,490,Lâm Đồng,NTB,AM Trường
NTB - Lâm Đồng,(LDO) Lâm Viên - Đà Lạt 1,Hàng Mới Ca 2,2026-09-30 - Thứ 4,397,84.63%,67.25%,0.76%,3.46,267,3,336,3,127,61,15.37%,31.99%,397,Lâm Đồng,NTB,AM Trường
NTB - Lâm Đồng,(LDO) Lâm Viên - Đà Lạt 1,Hàng Mới Ca 2,2026-09-17 - Thứ 5,423,68.32%,53.66%,0.00%,3.67,227,0,289,0,196,134,31.68%,46.34%,423,Lâm Đồng,NTB,AM Trường
NTB - Lâm Đồng,(LDO) Lâm Viên - Đà Lạt 1,Hàng Mới Ca 2,2026-10-09 - Thứ 6,348,75.29%,60.34%,0.86%,3.53,210,3,262,3,135,86,24.71%,38.80%,348,Lâm Đồng,NTB,AM Trường
NTB - Lâm Đồng,(LDO) Lâm Viên - Đà Lạt 1,Hàng Mới Ca 2,2026-09-26 - Thứ 7,493,82.35%,54.97%,0.00%,3.59,271,0,406,0,222,87,17.65%,45.03%,493,Lâm Đồng,NTB,AM Trường
NTB - Lâm Đồng,(LDO) Lâm Viên - Đà Lạt 1,Hàng Mới Ca 2,2026-09-28 - Thứ 2,237,79.32%,56.54%,0.00%,3.81,134,0,188,0,103,49,20.68%,43.46%,237,Lâm Đồng,NTB,AM Trường
NTB - Lâm Đồng,(LDO) Lâm Viên - Đà Lạt 1,Hàng Mới Ca 2,2026-10-07 - Thứ 4,271,86.35%,65.31%,0.74%,4.08,177,2,234,2,92,37,13.65%,33.95%,271,Lâm Đồng,NTB,AM Trường
NTB - Lâm Đồng,(LDO) Lâm Viên - Đà Lạt 1,Hàng Mới Ca 2,2026-10-03 - Thứ 7,262,86.26%,68.32%,0.00%,3.84,179,0,226,0,83,36,13.74%,31.68%,262,Lâm Đồng,NTB,AM Trường
NTB - Lâm Đồng,(LDO) Lâm Viên - Đà Lạt 1,Hàng Mới Ca 2,2026-09-16 - Thứ 4,408,80.88%,64.71%,0.49%,3.69,264,2,330,2,142,78,19.12%,34.80%,408,Lâm Đồng,NTB,AM Trường
NTB - Lâm Đồng,(LDO) Lâm Viên - Đà Lạt 1,Hàng Mới Ca 2,2026-09-25 - Thứ 6,499,13.83%,10.42%,0.00%,3.15,52,0,69,0,447,430,86.17%,89.58%,499,Lâm Đồng,NTB,AM Trường
NTB - Lâm Đồng,(LDO) Lâm Viên - Đà Lạt 1,Hàng Mới Ca 2,2026-09-18 - Thứ 6,435,58.62%,47.59%,0.23%,3.59,207,1,255,1,227,180,41.38%,52.18%,435,Lâm Đồng,NTB,AM Trường
NTB - Lâm Đồng,(LDO) Lâm Viên - Đà Lạt 1,Hàng Mới Ca 2,2026-09-27 - Chủ Nhật,172,83.72%,68.60%,0.00%,2.67,118,0,144,0,54,28,16.28%,31.40%,172,Lâm Đồng,NTB,AM Trường
NTB - Lâm Đồng,(LDO) Lâm Viên - Đà Lạt 1,Hàng Mới Ca 2,2026-09-20 - Chủ Nhật,377,79.05%,59.15%,1.06%,3.78,223,4,298,4,150,79,20.95%,39.79%,377,Lâm Đồng,NTB,AM Trường
NTB - Lâm Đồng,(LDO) Lâm Viên - Đà Lạt 1,Hàng Mới Ca 2,2026-10-08 - Thứ 5,336,78.27%,60.42%,0.60%,3.96,203,2,263,2,131,73,21.73%,38.98%,336,Lâm Đồng,NTB,AM Trường
NTB - Lâm Đồng,(LDO) Lâm Viên - Đà Lạt 1,Hàng Mới Ca 2,2026-10-04 - Chủ Nhật,293,83.28%,66.55%,0.34%,4.35,195,1,244,1,97,49,16.72%,33.11%,293,Lâm Đồng,NTB,AM Trường
NTB - Lâm Đồng,(LDO) Lâm Viên - Đà Lạt 1,Hàng Mới Ca 2,2026-09-24 - Thứ 5,401,54.61%,45.64%,0.50%,3.55,183,2,219,2,216,182,45.39%,53.86%,401,Lâm Đồng,NTB,AM Trường
NTB - Lâm Đồng,(LDO) Lâm Viên - Đà Lạt 1,Hàng Mới Ca 2,2026-10-06 - Thứ 3,344,73.55%,61.05%,1.74%,4.23,210,6,253,6,128,91,26.45%,37.21%,344,Lâm Đồng,NTB,AM Trường
NTB - Lâm Đồng,(LDO) Lâm Viên - Đà Lạt 1,Hàng Tồn,2026-10-03 - Thứ 7,232,85.34%,35.34%,6.03%,41.73,82,14,198,14,136,34,14.66%,58.63%,0,Lâm Đồng,NTB,AM Trường
NTB - Lâm Đồng,(LDO) Lâm Viên - Đà Lạt 1,Hàng Tồn,2026-09-25 - Thứ 6,502,98.01%,60.96%,2.99%,36.6,306,15,492,15,181,10,1.99%,36.05%,0,Lâm Đồng,NTB,AM Trường
NTB - Lâm Đồng,(LDO) Lâm Viên - Đà Lạt 1,Hàng Tồn,2026-09-20 - Chủ Nhật,501,97.60%,50.30%,4.59%,34.51,252,23,489,23,226,12,2.40%,45.11%,0,Lâm Đồng,NTB,AM Trường
NTB - Lâm Đồng,(LDO) Lâm Viên - Đà Lạt 1,Hàng Tồn,2026-09-24 - Thứ 5,374,86.63%,40.64%,9.63%,41.69,152,36,324,36,186,50,13.37%,49.73%,0,Lâm Đồng,NTB,AM Trường
NTB - Lâm Đồng,(LDO) Lâm Viên - Đà Lạt 1,Hàng Tồn,2026-10-06 - Thứ 3,252,99.21%,58.73%,4.37%,37.65,148,11,250,11,93,2,0.79%,36.90%,0,Lâm Đồng,NTB,AM Trường
NTB - Lâm Đồng,(LDO) Lâm Viên - Đà Lạt 1,Hàng Tồn,2026-09-12 - Thứ 7,269,97.77%,32.34%,5.58%,36.47,87,15,263,15,167,6,2.23%,62.08%,0,Lâm Đồng,NTB,AM Trường
NTB - Lâm Đồng,(LDO) Lâm Viên - Đà Lạt 1,Hàng Tồn,2026-10-05 - Thứ 2,231,81.39%,40.26%,6.49%,31.91,93,15,188,15,123,43,18.61%,53.25%,0,Lâm Đồng,NTB,AM Trường
NTB - Lâm Đồng,(LDO) Lâm Viên - Đà Lạt 1,Hàng Tồn,2026-09-22 - Thứ 3,378,93.92%,41.01%,6.61%,35.41,155,25,355,25,198,23,6.08%,52.38%,0,Lâm Đồng,NTB,AM Trường
NTB - Lâm Đồng,(LDO) Lâm Viên - Đà Lạt 1,Hàng Tồn,2026-09-23 - Thứ 4,419,85.92%,37.47%,8.11%,32.98,157,34,360,34,228,59,14.08%,54.42%,0,Lâm Đồng,NTB,AM Trường
NTB - Lâm Đồng,(LDO) Lâm Viên - Đà Lạt 1,Hàng Tồn,2026-09-14 - Thứ 2,296,92.23%,39.86%,6.08%,44.19,118,18,273,18,160,23,7.77%,54.06%,0,Lâm Đồng,NTB,AM Trường
NTB - Lâm Đồng,(LDO) Lâm Viên - Đà Lạt 1,Hàng Tồn,2026-09-15 - Thứ 3,376,98.40%,48.14%,7.18%,36.87,181,27,370,27,168,6,1.60%,44.68%,0,Lâm Đồng,NTB,AM Trường
NTB - Lâm Đồng,(LDO) Lâm Viên - Đà Lạt 1,Hàng Tồn,2026-10-02 - Thứ 6,341,98.53%,59.24%,3.81%,39.18,202,13,336,13,126,5,1.47%,36.95%,0,Lâm Đồng,NTB,AM Trường
NTB - Lâm Đồng,(LDO) Lâm Viên - Đà Lạt 1,Hàng Tồn,2026-09-29 - Thứ 3,296,75.00%,31.08%,7.09%,42.37,92,21,222,21,183,74,25.00%,61.83%,0,Lâm Đồng,NTB,AM Trường
NTB - Lâm Đồng,(LDO) Lâm Viên - Đà Lạt 1,Hàng Tồn,2026-10-08 - Thứ 5,240,89.17%,43.33%,4.58%,44.82,104,11,214,11,125,26,10.83%,52.09%,0,Lâm Đồng,NTB,AM Trường
NTB - Lâm Đồng,(LDO) Lâm Viên - Đà Lạt 1,Hàng Tồn,2026-09-19 - Thứ 7,449,97.33%,49.44%,4.90%,39.56,222,22,437,22,205,12,2.67%,45.66%,0,Lâm Đồng,NTB,AM Trường
NTB - Lâm Đồng,(LDO) Lâm Viên - Đà Lạt 1,Hàng Tồn,2026-10-04 - Chủ Nhật,235,97.87%,47.66%,3.83%,39.68,112,9,230,9,114,5,2.13%,48.51%,0,Lâm Đồng,NTB,AM Trường
NTB - Lâm Đồng,(LDO) Lâm Viên - Đà Lạt 1,Hàng Tồn,2026-09-30 - Thứ 4,383,99.22%,46.48%,4.96%,37.72,178,19,380,19,186,3,0.78%,48.56%,0,Lâm Đồng,NTB,AM Trường
NTB - Lâm Đồng,(LDO) Lâm Viên - Đà Lạt 1,Hàng Tồn,2026-10-09 - Thứ 6,305,88.20%,50.49%,6.89%,32.25,154,21,269,21,130,36,11.80%,42.62%,0,Lâm Đồng,NTB,AM Trường
NTB - Lâm Đồng,(LDO) Lâm Viên - Đà Lạt 1,Hàng Tồn,2026-09-26 - Thứ 7,677,99.41%,61.30%,3.55%,28.12,415,24,673,24,238,4,0.59%,35.15%,0,Lâm Đồng,NTB,AM Trường
NTB - Lâm Đồng,(LDO) Lâm Viên - Đà Lạt 1,Hàng Tồn,2026-09-28 - Thứ 2,335,87.46%,40.00%,8.96%,40.95,134,30,293,30,171,42,12.54%,51.04%,0,Lâm Đồng,NTB,AM Trường
NTB - Lâm Đồng,(LDO) Lâm Viên - Đà Lạt 1,Hàng Tồn,2026-10-07 - Thứ 4,250,94.80%,48.80%,2.00%,32.6,122,5,237,5,123,13,5.20%,49.20%,0,Lâm Đồng,NTB,AM Trường
NTB - Lâm Đồng,(LDO) Lâm Viên - Đà Lạt 1,Hàng Tồn,2026-09-16 - Thứ 4,323,72.14%,25.70%,5.26%,41.27,83,17,233,17,223,90,27.86%,69.04%,0,Lâm Đồng,NTB,AM Trường
NTB - Lâm Đồng,(LDO) Lâm Viên - Đà Lạt 1,Hàng Tồn,2026-09-18 - Thứ 6,478,79.92%,50.00%,2.93%,38.79,239,14,382,14,225,96,20.08%,47.07%,0,Lâm Đồng,NTB,AM Trường
NTB - Lâm Đồng,(LDO) Lâm Viên - Đà Lạt 1,Hàng Tồn,2026-09-21 - Thứ 2,479,91.86%,50.31%,6.26%,36.81,241,30,440,30,208,39,8.14%,43.43%,0,Lâm Đồng,NTB,AM Trường
NTB - Lâm Đồng,(LDO) Lâm Viên - Đà Lạt 1,Hàng Tồn,2026-09-13 - Chủ Nhật,404,94.31%,49.26%,3.96%,32.38,199,16,381,16,189,23,5.69%,46.78%,0,Lâm Đồng,NTB,AM Trường
NTB - Lâm Đồng,(LDO) Lâm Viên - Đà Lạt 1,Hàng Tồn,2026-09-27 - Chủ Nhật,430,86.74%,43.72%,5.35%,37.53,188,23,373,23,219,57,13.26%,50.93%,0,Lâm Đồng,NTB,AM Trường
NTB - Lâm Đồng,(LDO) Lâm Viên - Đà Lạt 1,Hàng Tồn,2026-10-01 - Thứ 5,277,77.98%,35.02%,6.14%,42.32,97,17,216,17,163,61,22.02%,58.84%,0,Lâm Đồng,NTB,AM Trường
NTB - Lâm Đồng,(LDO) Lâm Viên - Đà Lạt 1,Hàng Tồn,2026-09-17 - Thứ 5,373,91.15%,40.75%,4.83%,46.83,152,18,340,18,203,33,8.85%,54.42%,0,Lâm Đồng,NTB,AM Trường
NTB - Lâm Đồng,(LDO) Lang Biang - Đà Lạt 2,Hàng Mới Ca 1,2026-09-27 - Chủ Nhật,384,46.61%,38.28%,1.04%,9.09,147,4,179,4,233,205,53.39%,60.68%,384,Lâm Đồng,NTB,AM Trường
NTB - Lâm Đồng,(LDO) Lang Biang - Đà Lạt 2,Hàng Mới Ca 1,2026-09-21 - Thứ 2,188,59.57%,52.66%,0.00%,6.59,99,0,112,0,89,76,40.43%,47.34%,188,Lâm Đồng,NTB,AM Trường
NTB - Lâm Đồng,(LDO) Lang Biang - Đà Lạt 2,Hàng Mới Ca 1,2026-09-20 - Chủ Nhật,442,75.34%,57.24%,0.23%,7.03,253,1,333,1,188,109,24.66%,42.53%,442,Lâm Đồng,NTB,AM Trường
NTB - Lâm Đồng,(LDO) Lang Biang - Đà Lạt 2,Hàng Mới Ca 1,2026-09-24 - Thứ 5,771,40.86%,34.24%,0.13%,7.42,264,1,315,1,506,456,59.14%,65.63%,771,Lâm Đồng,NTB,AM Trường
NTB - Lâm Đồng,(LDO) Lang Biang - Đà Lạt 2,Hàng Mới Ca 1,2026-10-06 - Thứ 3,364,74.18%,63.74%,1.37%,7.2,232,5,270,5,127,94,25.82%,34.89%,364,Lâm Đồng,NTB,AM Trường
NTB - Lâm Đồng,(LDO) Lang Biang - Đà Lạt 2,Hàng Mới Ca 1,2026-10-01 - Thứ 5,278,88.13%,71.94%,0.36%,7,200,1,245,1,77,33,11.87%,27.70%,278,Lâm Đồng,NTB,AM Trường
NTB - Lâm Đồng,(LDO) Lang Biang - Đà Lạt 2,Hàng Mới Ca 1,2026-09-12 - Thứ 7,667,84.41%,72.26%,0.30%,7.64,482,2,563,2,183,104,15.59%,27.44%,667,Lâm Đồng,NTB,AM Trường
NTB - Lâm Đồng,(LDO) Lang Biang - Đà Lạt 2,Hàng Mới Ca 1,2026-10-05 - Thứ 2,444,75.90%,60.81%,4.05%,7.49,270,18,337,18,156,107,24.10%,35.14%,444,Lâm Đồng,NTB,AM Trường
NTB - Lâm Đồng,(LDO) Lang Biang - Đà Lạt 2,Hàng Mới Ca 1,2026-09-22 - Thứ 3,441,70.98%,57.82%,0.68%,7.5,255,3,313,3,183,128,29.02%,41.50%,441,Lâm Đồng,NTB,AM Trường
NTB - Lâm Đồng,(LDO) Lang Biang - Đà Lạt 2,Hàng Mới Ca 1,2026-09-14 - Thứ 2,854,95.67%,79.86%,1.05%,7.89,682,9,817,9,163,37,4.33%,19.09%,854,Lâm Đồng,NTB,AM Trường
NTB - Lâm Đồng,(LDO) Lang Biang - Đà Lạt 2,Hàng Mới Ca 1,2026-09-15 - Thứ 3,568,91.37%,80.63%,1.06%,7.66,458,6,519,6,104,49,8.63%,18.31%,568,Lâm Đồng,NTB,AM Trường
NTB - Lâm Đồng,(LDO) Lang Biang - Đà Lạt 2,Hàng Mới Ca 1,2026-10-02 - Thứ 6,285,94.74%,73.68%,3.16%,8.03,210,9,270,9,66,15,5.26%,23.16%,285,Lâm Đồng,NTB,AM Trường
NTB - Lâm Đồng,(LDO) Lang Biang - Đà Lạt 2,Hàng Mới Ca 1,2026-09-29 - Thứ 3,310,58.71%,51.94%,0.32%,7.84,161,1,182,1,148,128,41.29%,47.74%,310,Lâm Đồng,NTB,AM Trường
NTB - Lâm Đồng,(LDO) Lang Biang - Đà Lạt 2,Hàng Mới Ca 1,2026-10-08 - Thứ 5,732,86.61%,72.13%,1.78%,7.5,528,13,634,13,191,98,13.39%,26.09%,732,Lâm Đồng,NTB,AM Trường
NTB - Lâm Đồng,(LDO) Lang Biang - Đà Lạt 2,Hàng Mới Ca 1,2026-09-19 - Thứ 7,361,76.45%,65.37%,1.39%,6.72,236,5,276,5,120,85,23.55%,33.24%,361,Lâm Đồng,NTB,AM Trường
NTB - Lâm Đồng,(LDO) Lang Biang - Đà Lạt 2,Hàng Mới Ca 1,2026-09-30 - Thứ 4,186,75.81%,62.37%,1.08%,7.22,116,2,141,2,68,45,24.19%,36.55%,186,Lâm Đồng,NTB,AM Trường
NTB - Lâm Đồng,(LDO) Lang Biang - Đà Lạt 2,Hàng Mới Ca 1,2026-09-17 - Thứ 5,586,87.03%,77.30%,1.88%,6.61,453,11,510,11,122,76,12.97%,20.82%,586,Lâm Đồng,NTB,AM Trường
NTB - Lâm Đồng,(LDO) Lang Biang - Đà Lạt 2,Hàng Mới Ca 1,2026-10-09 - Thứ 6,513,85.77%,75.05%,2.14%,7.29,385,11,440,11,117,73,14.23%,22.81%,513,Lâm Đồng,NTB,AM Trường
NTB - Lâm Đồng,(LDO) Lang Biang - Đà Lạt 2,Hàng Mới Ca 1,2026-09-26 - Thứ 7,374,47.86%,40.64%,0.53%,7.79,152,2,179,2,220,195,52.14%,58.83%,374,Lâm Đồng,NTB,AM Trường
NTB - Lâm Đồng,(LDO) Lang Biang - Đà Lạt 2,Hàng Mới Ca 1,2026-09-28 - Thứ 2,447,59.73%,50.56%,0.89%,9.25,226,4,267,4,217,180,40.27%,48.55%,447,Lâm Đồng,NTB,AM Trường
NTB - Lâm Đồng,(LDO) Lang Biang - Đà Lạt 2,Hàng Mới Ca 1,2026-10-07 - Thứ 4,395,76.20%,69.87%,0.76%,7.2,276,3,301,3,116,94,23.80%,29.37%,395,Lâm Đồng,NTB,AM Trường
NTB - Lâm Đồng,(LDO) Lang Biang - Đà Lạt 2,Hàng Mới Ca 1,2026-10-03 - Thứ 7,419,89.26%,73.99%,1.19%,6.95,310,5,374,5,104,45,10.74%,24.82%,419,Lâm Đồng,NTB,AM Trường
NTB - Lâm Đồng,(LDO) Lang Biang - Đà Lạt 2,Hàng Mới Ca 1,2026-09-16 - Thứ 4,413,95.88%,85.47%,0.97%,7.06,353,4,396,4,56,17,4.12%,13.56%,413,Lâm Đồng,NTB,AM Trường
NTB - Lâm Đồng,(LDO) Lang Biang - Đà Lạt 2,Hàng Mới Ca 1,2026-09-25 - Thứ 6,485,50.31%,42.06%,0.21%,9.69,204,1,244,1,280,241,49.69%,57.73%,485,Lâm Đồng,NTB,AM Trường
NTB - Lâm Đồng,(LDO) Lang Biang - Đà Lạt 2,Hàng Mới Ca 1,2026-09-18 - Thứ 6,602,77.74%,67.28%,0.83%,5.38,405,5,468,5,192,134,22.26%,31.89%,602,Lâm Đồng,NTB,AM Trường
NTB - Lâm Đồng,(LDO) Lang Biang - Đà Lạt 2,Hàng Mới Ca 1,2026-09-23 - Thứ 4,241,57.68%,51.45%,0.00%,7.57,124,0,139,0,117,102,42.32%,48.55%,241,Lâm Đồng,NTB,AM Trường
NTB - Lâm Đồng,(LDO) Lang Biang - Đà Lạt 2,Hàng Mới Ca 1,2026-10-04 - Chủ Nhật,428,73.83%,59.11%,1.87%,6.77,253,8,316,8,167,112,26.17%,39.02%,428,Lâm Đồng,NTB,AM Trường
NTB - Lâm Đồng,(LDO) Lang Biang - Đà Lạt 2,Hàng Mới Ca 1,2026-09-13 - Chủ Nhật,473,86.47%,71.04%,1.06%,7.82,336,5,409,5,132,64,13.53%,27.90%,473,Lâm Đồng,NTB,AM Trường
NTB - Lâm Đồng,(LDO) Lang Biang - Đà Lạt 2,Hàng Mới Ca 2,2026-09-18 - Thứ 6,481,39.71%,35.34%,0.62%,4.72,170,3,191,3,308,290,60.29%,64.04%,481,Lâm Đồng,NTB,AM Trường
NTB - Lâm Đồng,(LDO) Lang Biang - Đà Lạt 2,Hàng Mới Ca 2,2026-09-21 - Thứ 2,527,2.85%,2.85%,0.00%,4.8,15,0,15,0,512,512,97.15%,97.15%,527,Lâm Đồng,NTB,AM Trường
NTB - Lâm Đồng,(LDO) Lang Biang - Đà Lạt 2,Hàng Mới Ca 2,2026-09-24 - Thứ 5,685,9.64%,7.88%,0.00%,4.11,54,0,66,0,631,619,90.36%,92.12%,685,Lâm Đồng,NTB,AM Trường
NTB - Lâm Đồng,(LDO) Lang Biang - Đà Lạt 2,Hàng Mới Ca 2,2026-10-01 - Thứ 5,484,8.47%,6.40%,0.00%,10.94,31,0,41,0,453,443,91.53%,93.60%,484,Lâm Đồng,NTB,AM Trường
NTB - Lâm Đồng,(LDO) Lang Biang - Đà Lạt 2,Hàng Mới Ca 2,2026-10-05 - Thứ 2,405,15.80%,14.32%,0.00%,8.53,58,0,64,0,347,341,84.20%,85.68%,405,Lâm Đồng,NTB,AM Trường
NTB - Lâm Đồng,(LDO) Lang Biang - Đà Lạt 2,Hàng Mới Ca 2,2026-09-22 - Thứ 3,573,5.41%,5.24%,0.00%,3.97,30,0,31,0,543,542,94.59%,94.76%,573,Lâm Đồng,NTB,AM Trường
NTB - Lâm Đồng,(LDO) Lang Biang - Đà Lạt 2,Hàng Mới Ca 2,2026-09-23 - Thứ 4,315,9.52%,8.89%,0.00%,5.86,28,0,30,0,287,285,90.48%,91.11%,315,Lâm Đồng,NTB,AM Trường
NTB - Lâm Đồng,(LDO) Lang Biang - Đà Lạt 2,Hàng Mới Ca 2,2026-09-14 - Thứ 2,648,20.52%,19.14%,0.00%,4.21,124,0,133,0,524,515,79.48%,80.86%,648,Lâm Đồng,NTB,AM Trường
NTB - Lâm Đồng,(LDO) Lang Biang - Đà Lạt 2,Hàng Mới Ca 2,2026-09-15 - Thứ 3,665,29.47%,27.67%,0.30%,4.73,184,2,196,2,479,469,70.53%,72.03%,665,Lâm Đồng,NTB,AM Trường
NTB - Lâm Đồng,(LDO) Lang Biang - Đà Lạt 2,Hàng Mới Ca 2,2026-10-02 - Thứ 6,411,8.27%,6.57%,0.00%,14.56,27,0,34,0,384,377,91.73%,93.43%,411,Lâm Đồng,NTB,AM Trường
NTB - Lâm Đồng,(LDO) Lang Biang - Đà Lạt 2,Hàng Mới Ca 2,2026-09-29 - Thứ 3,344,15.41%,12.79%,0.00%,8.45,44,0,53,0,300,291,84.59%,87.21%,344,Lâm Đồng,NTB,AM Trường
NTB - Lâm Đồng,(LDO) Lang Biang - Đà Lạt 2,Hàng Mới Ca 2,2026-10-08 - Thứ 5,650,22.62%,19.69%,0.46%,7.39,128,3,147,3,519,503,77.38%,79.85%,650,Lâm Đồng,NTB,AM Trường
NTB - Lâm Đồng,(LDO) Lang Biang - Đà Lạt 2,Hàng Mới Ca 2,2026-09-19 - Thứ 7,655,14.66%,13.28%,0.00%,4.18,87,0,96,0,568,559,85.34%,86.72%,655,Lâm Đồng,NTB,AM Trường
NTB - Lâm Đồng,(LDO) Lang Biang - Đà Lạt 2,Hàng Mới Ca 2,2026-10-04 - Chủ Nhật,573,17.98%,15.01%,0.17%,8.12,86,1,103,1,486,470,82.02%,84.82%,573,Lâm Đồng,NTB,AM Trường
NTB - Lâm Đồng,(LDO) Lang Biang - Đà Lạt 2,Hàng Mới Ca 2,2026-09-30 - Thứ 4,469,8.53%,7.04%,0.21%,9.78,33,1,40,1,435,429,91.47%,92.75%,469,Lâm Đồng,NTB,AM Trường
NTB - Lâm Đồng,(LDO) Lang Biang - Đà Lạt 2,Hàng Mới Ca 2,2026-09-17 - Thứ 5,631,35.50%,31.06%,0.95%,3.73,196,6,224,6,429,407,64.50%,67.99%,631,Lâm Đồng,NTB,AM Trường
NTB - Lâm Đồng,(LDO) Lang Biang - Đà Lạt 2,Hàng Mới Ca 2,2026-09-26 - Thứ 7,574,7.14%,6.45%,0.00%,3.51,37,0,41,0,537,533,92.86%,93.55%,574,Lâm Đồng,NTB,AM Trường
NTB - Lâm Đồng,(LDO) Lang Biang - Đà Lạt 2,Hàng Mới Ca 2,2026-09-28 - Thứ 2,270,9.26%,7.04%,0.00%,9.63,19,0,25,0,251,245,90.74%,92.96%,270,Lâm Đồng,NTB,AM Trường
NTB - Lâm Đồng,(LDO) Lang Biang - Đà Lạt 2,Hàng Mới Ca 2,2026-10-07 - Thứ 4,392,31.38%,27.81%,0.26%,8.78,109,1,123,1,282,269,68.62%,71.93%,392,Lâm Đồng,NTB,AM Trường
NTB - Lâm Đồng,(LDO) Lang Biang - Đà Lạt 2,Hàng Mới Ca 2,2026-10-03 - Thứ 7,591,17.77%,14.89%,0.85%,8.49,88,5,105,5,498,486,82.23%,84.26%,591,Lâm Đồng,NTB,AM Trường
NTB - Lâm Đồng,(LDO) Lang Biang - Đà Lạt 2,Hàng Mới Ca 2,2026-09-16 - Thứ 4,721,30.51%,27.88%,0.28%,4.78,201,2,220,2,518,501,69.49%,71.84%,721,Lâm Đồng,NTB,AM Trường
NTB - Lâm Đồng,(LDO) Lang Biang - Đà Lạt 2,Hàng Mới Ca 2,2026-09-25 - Thứ 6,554,4.51%,3.79%,0.18%,9.95,21,1,25,1,532,529,95.49%,96.03%,554,Lâm Đồng,NTB,AM Trường
NTB - Lâm Đồng,(LDO) Lang Biang - Đà Lạt 2,Hàng Mới Ca 2,2026-09-27 - Chủ Nhật,266,7.14%,6.77%,0.00%,5.61,18,0,19,0,248,247,92.86%,93.23%,266,Lâm Đồng,NTB,AM Trường
NTB - Lâm Đồng,(LDO) Lang Biang - Đà Lạt 2,Hàng Mới Ca 2,2026-09-20 - Chủ Nhật,499,8.22%,7.41%,0.20%,3.19,37,1,41,1,461,458,91.78%,92.39%,499,Lâm Đồng,NTB,AM Trường
NTB - Lâm Đồng,(LDO) Lang Biang - Đà Lạt 2,Hàng Mới Ca 2,2026-09-13 - Chủ Nhật,429,20.28%,19.11%,0.00%,4.41,82,0,87,0,347,342,79.72%,80.89%,429,Lâm Đồng,NTB,AM Trường
NTB - Lâm Đồng,(LDO) Lang Biang - Đà Lạt 2,Hàng Mới Ca 2,2026-10-06 - Thứ 3,617,10.21%,8.91%,0.49%,9.53,55,3,63,3,559,554,89.79%,90.60%,617,Lâm Đồng,NTB,AM Trường
NTB - Lâm Đồng,(LDO) Lang Biang - Đà Lạt 2,Hàng Mới Ca 2,2026-09-12 - Thứ 7,906,19.43%,17.33%,0.33%,4.59,157,3,176,3,746,730,80.57%,82.34%,906,Lâm Đồng,NTB,AM Trường
NTB - Lâm Đồng,(LDO) Lang Biang - Đà Lạt 2,Hàng Mới Ca 2,2026-10-09 - Thứ 6,704,17.76%,15.63%,0.28%,8.52,110,2,125,2,592,579,82.24%,84.09%,704,Lâm Đồng,NTB,AM Trường
NTB - Lâm Đồng,(LDO) Lang Biang - Đà Lạt 2,Hàng Tồn,2026-09-18 - Thứ 6,823,68.29%,48.72%,2.92%,32.33,401,24,562,24,398,261,31.71%,48.36%,0,Lâm Đồng,NTB,AM Trường
NTB - Lâm Đồng,(LDO) Lang Biang - Đà Lạt 2,Hàng Tồn,2026-09-27 - Chủ Nhật,"1,934",44.78%,31.90%,1.45%,55.72,617,28,866,28,1289,1068,55.22%,66.65%,0,Lâm Đồng,NTB,AM Trường
NTB - Lâm Đồng,(LDO) Lang Biang - Đà Lạt 2,Hàng Tồn,2026-09-21 - Thứ 2,"1,281",51.37%,32.01%,2.26%,39.86,410,29,658,29,842,623,48.63%,65.73%,0,Lâm Đồng,NTB,AM Trường
NTB - Lâm Đồng,(LDO) Lang Biang - Đà Lạt 2,Hàng Tồn,2026-09-20 - Chủ Nhật,"1,080",63.89%,38.61%,2.69%,33.72,417,29,690,29,634,390,36.11%,58.70%,0,Lâm Đồng,NTB,AM Trường
NTB - Lâm Đồng,(LDO) Lang Biang - Đà Lạt 2,Hàng Tồn,2026-09-13 - Chủ Nhật,"1,244",86.41%,58.76%,2.73%,32.34,731,34,1075,34,479,169,13.59%,38.51%,0,Lâm Đồng,NTB,AM Trường
NTB - Lâm Đồng,(LDO) Lang Biang - Đà Lạt 2,Hàng Tồn,2026-09-24 - Thứ 5,"1,369",55.30%,36.45%,1.90%,77.18,499,26,757,26,844,612,44.70%,61.65%,0,Lâm Đồng,NTB,AM Trường
NTB - Lâm Đồng,(LDO) Lang Biang - Đà Lạt 2,Hàng Tồn,2026-10-01 - Thứ 5,"1,214",85.42%,51.24%,5.52%,62.32,622,67,1037,67,525,177,14.58%,43.24%,0,Lâm Đồng,NTB,AM Trường
NTB - Lâm Đồng,(LDO) Lang Biang - Đà Lạt 2,Hàng Tồn,2026-09-12 - Thứ 7,"1,092",92.77%,63.00%,2.56%,32.83,688,28,1013,28,376,79,7.23%,34.44%,0,Lâm Đồng,NTB,AM Trường
NTB - Lâm Đồng,(LDO) Lang Biang - Đà Lạt 2,Hàng Tồn,2026-10-05 - Thứ 2,"1,074",71.32%,46.00%,3.45%,38.74,494,37,766,37,543,308,28.68%,50.55%,0,Lâm Đồng,NTB,AM Trường
NTB - Lâm Đồng,(LDO) Lang Biang - Đà Lạt 2,Hàng Tồn,2026-09-22 - Thứ 3,"1,399",48.39%,26.59%,1.72%,42.87,372,24,677,24,1003,722,51.61%,71.69%,0,Lâm Đồng,NTB,AM Trường
NTB - Lâm Đồng,(LDO) Lang Biang - Đà Lạt 2,Hàng Tồn,2026-09-23 - Thứ 4,"1,616",59.41%,36.76%,1.79%,51.94,594,29,960,29,993,656,40.59%,61.45%,0,Lâm Đồng,NTB,AM Trường
NTB - Lâm Đồng,(LDO) Lang Biang - Đà Lạt 2,Hàng Tồn,2026-09-14 - Thứ 2,922,95.12%,68.44%,3.15%,38.9,631,29,877,29,262,45,4.88%,28.41%,0,Lâm Đồng,NTB,AM Trường
NTB - Lâm Đồng,(LDO) Lang Biang - Đà Lạt 2,Hàng Tồn,2026-09-15 - Thứ 3,890,90.00%,61.80%,4.04%,31.41,550,36,801,36,304,89,10.00%,34.16%,0,Lâm Đồng,NTB,AM Trường
NTB - Lâm Đồng,(LDO) Lang Biang - Đà Lạt 2,Hàng Tồn,2026-10-02 - Thứ 6,"1,025",95.32%,54.15%,5.37%,49.88,555,55,977,55,415,48,4.68%,40.48%,0,Lâm Đồng,NTB,AM Trường
NTB - Lâm Đồng,(LDO) Lang Biang - Đà Lạt 2,Hàng Tồn,2026-09-29 - Thứ 3,"1,651",47.12%,27.68%,2.85%,71.95,457,47,778,47,1147,873,52.88%,69.47%,0,Lâm Đồng,NTB,AM Trường
NTB - Lâm Đồng,(LDO) Lang Biang - Đà Lạt 2,Hàng Tồn,2026-10-08 - Thứ 5,928,90.19%,55.39%,3.77%,44.53,514,35,837,35,379,91,9.81%,40.84%,0,Lâm Đồng,NTB,AM Trường
NTB - Lâm Đồng,(LDO) Lang Biang - Đà Lạt 2,Hàng Tồn,2026-09-19 - Thứ 7,859,74.51%,41.44%,2.91%,40.29,356,25,640,25,478,219,25.49%,55.65%,0,Lâm Đồng,NTB,AM Trường
NTB - Lâm Đồng,(LDO) Lang Biang - Đà Lạt 2,Hàng Tồn,2026-10-04 - Chủ Nhật,899,71.52%,42.16%,4.67%,40.19,379,42,643,42,478,256,28.48%,53.17%,0,Lâm Đồng,NTB,AM Trường
NTB - Lâm Đồng,(LDO) Lang Biang - Đà Lạt 2,Hàng Tồn,2026-09-30 - Thứ 4,"1,555",74.34%,48.23%,3.02%,75.17,750,47,1156,47,758,399,25.66%,48.75%,0,Lâm Đồng,NTB,AM Trường
NTB - Lâm Đồng,(LDO) Lang Biang - Đà Lạt 2,Hàng Tồn,2026-09-17 - Thứ 5,792,81.44%,57.45%,3.66%,30.31,455,29,645,29,308,147,18.56%,38.89%,0,Lâm Đồng,NTB,AM Trường
NTB - Lâm Đồng,(LDO) Lang Biang - Đà Lạt 2,Hàng Tồn,2026-10-09 - Thứ 6,"1,028",85.02%,60.99%,4.77%,42.69,627,49,874,49,352,154,14.98%,34.24%,0,Lâm Đồng,NTB,AM Trường
NTB - Lâm Đồng,(LDO) Lang Biang - Đà Lạt 2,Hàng Tồn,2026-09-26 - Thứ 7,"1,921",51.69%,33.37%,1.93%,53.19,641,37,993,37,1243,928,48.31%,64.70%,0,Lâm Đồng,NTB,AM Trường
NTB - Lâm Đồng,(LDO) Lang Biang - Đà Lạt 2,Hàng Tồn,2026-09-28 - Thứ 2,"1,749",45.00%,27.10%,2.74%,65.04,474,48,787,48,1227,962,55.00%,70.16%,0,Lâm Đồng,NTB,AM Trường
NTB - Lâm Đồng,(LDO) Lang Biang - Đà Lạt 2,Hàng Tồn,2026-10-07 - Thứ 4,"1,226",72.02%,48.78%,3.67%,44.84,598,45,883,45,583,343,27.98%,47.55%,0,Lâm Đồng,NTB,AM Trường
NTB - Lâm Đồng,(LDO) Lang Biang - Đà Lạt 2,Hàng Tồn,2026-10-03 - Thứ 7,782,95.27%,48.21%,6.78%,39.24,377,53,745,53,352,37,4.73%,45.01%,0,Lâm Đồng,NTB,AM Trường
NTB - Lâm Đồng,(LDO) Lang Biang - Đà Lạt 2,Hàng Tồn,2026-09-16 - Thứ 4,852,94.72%,65.96%,3.05%,34.32,562,26,807,26,264,45,5.28%,30.99%,0,Lâm Đồng,NTB,AM Trường
NTB - Lâm Đồng,(LDO) Lang Biang - Đà Lạt 2,Hàng Tồn,2026-09-25 - Thứ 6,"1,937",55.19%,39.03%,1.19%,44.03,756,23,1069,23,1158,868,44.81%,59.78%,0,Lâm Đồng,NTB,AM Trường
NTB - Lâm Đồng,(LDO) Lang Biang - Đà Lạt 2,Hàng Tồn,2026-10-06 - Thứ 3,"1,027",62.03%,40.41%,2.92%,38.43,415,30,637,30,582,390,37.97%,56.67%,0,Lâm Đồng,NTB,AM Trường
NTB - Lâm Đồng,(LDO) Lang Biang - Đà Lạt 1,Hàng Mới Ca 1,2026-09-16 - Thứ 4,435,77.70%,52.87%,0.69%,19.99,230,3,338,3,202,97,22.30%,46.44%,435,Lâm Đồng,NTB,AM Lợi
NTB - Lâm Đồng,(LDO) Lang Biang - Đà Lạt 1,Hàng Mới Ca 1,2026-09-18 - Thứ 6,435,79.77%,50.11%,0.46%,19.74,218,2,347,2,215,88,20.23%,49.43%,435,Lâm Đồng,NTB,AM Lợi
NTB - Lâm Đồng,(LDO) Lang Biang - Đà Lạt 1,Hàng Mới Ca 1,2026-09-21 - Thứ 2,490,78.57%,44.69%,0.61%,21.23,219,3,385,3,268,105,21.43%,54.70%,490,Lâm Đồng,NTB,AM Lợi
NTB - Lâm Đồng,(LDO) Lang Biang - Đà Lạt 1,Hàng Mới Ca 1,2026-09-20 - Chủ Nhật,404,74.75%,40.84%,0.00%,21.81,165,0,302,0,239,102,25.25%,59.16%,404,Lâm Đồng,NTB,AM Lợi
NTB - Lâm Đồng,(LDO) Lang Biang - Đà Lạt 1,Hàng Mới Ca 1,2026-09-13 - Chủ Nhật,572,91.96%,51.92%,0.17%,21.36,297,1,526,1,274,46,8.04%,47.91%,572,Lâm Đồng,NTB,AM Lợi
NTB - Lâm Đồng,(LDO) Lang Biang - Đà Lạt 1,Hàng Mới Ca 1,2026-09-24 - Thứ 5,311,94.21%,59.16%,0.32%,19.53,184,1,293,1,126,18,5.79%,40.52%,311,Lâm Đồng,NTB,AM Lợi
NTB - Lâm Đồng,(LDO) Lang Biang - Đà Lạt 1,Hàng Mới Ca 1,2026-10-06 - Thứ 3,448,56.47%,30.80%,0.89%,20.04,138,4,253,4,306,195,43.53%,68.31%,448,Lâm Đồng,NTB,AM Lợi
NTB - Lâm Đồng,(LDO) Lang Biang - Đà Lạt 1,Hàng Mới Ca 1,2026-09-12 - Thứ 7,435,75.17%,47.59%,0.00%,20.44,207,0,327,0,228,108,24.83%,52.41%,435,Lâm Đồng,NTB,AM Lợi
NTB - Lâm Đồng,(LDO) Lang Biang - Đà Lạt 1,Hàng Mới Ca 1,2026-10-05 - Thứ 2,442,63.80%,35.52%,0.23%,20.38,157,1,282,1,284,160,36.20%,64.25%,442,Lâm Đồng,NTB,AM Lợi
NTB - Lâm Đồng,(LDO) Lang Biang - Đà Lạt 1,Hàng Mới Ca 1,2026-09-22 - Thứ 3,357,73.67%,41.46%,0.56%,19.9,148,2,263,2,207,94,26.33%,57.98%,357,Lâm Đồng,NTB,AM Lợi
NTB - Lâm Đồng,(LDO) Lang Biang - Đà Lạt 1,Hàng Mới Ca 1,2026-09-23 - Thứ 4,308,64.61%,46.10%,0.00%,20.74,142,0,199,0,166,109,35.39%,53.90%,308,Lâm Đồng,NTB,AM Lợi
NTB - Lâm Đồng,(LDO) Lang Biang - Đà Lạt 1,Hàng Mới Ca 1,2026-09-14 - Thứ 2,435,96.32%,55.86%,0.69%,20.43,243,3,419,3,189,16,3.68%,43.45%,435,Lâm Đồng,NTB,AM Lợi
NTB - Lâm Đồng,(LDO) Lang Biang - Đà Lạt 1,Hàng Mới Ca 1,2026-09-15 - Thứ 3,464,95.47%,46.98%,0.43%,19.08,218,2,443,2,244,21,4.53%,52.59%,464,Lâm Đồng,NTB,AM Lợi
NTB - Lâm Đồng,(LDO) Lang Biang - Đà Lạt 1,Hàng Mới Ca 1,2026-09-29 - Thứ 3,289,86.85%,40.48%,1.04%,19.99,117,3,251,3,169,38,13.15%,58.48%,289,Lâm Đồng,NTB,AM Lợi
NTB - Lâm Đồng,(LDO) Lang Biang - Đà Lạt 1,Hàng Mới Ca 1,2026-10-08 - Thứ 5,470,54.89%,36.38%,1.28%,20.43,171,6,258,6,293,212,45.11%,62.34%,470,Lâm Đồng,NTB,AM Lợi
NTB - Lâm Đồng,(LDO) Lang Biang - Đà Lạt 1,Hàng Mới Ca 1,2026-09-19 - Thứ 7,517,75.44%,36.17%,0.00%,20.11,187,0,390,0,330,127,24.56%,63.83%,517,Lâm Đồng,NTB,AM Lợi
NTB - Lâm Đồng,(LDO) Lang Biang - Đà Lạt 1,Hàng Mới Ca 1,2026-10-04 - Chủ Nhật,410,49.27%,24.88%,0.24%,19.87,102,1,202,1,307,208,50.73%,74.88%,410,Lâm Đồng,NTB,AM Lợi
NTB - Lâm Đồng,(LDO) Lang Biang - Đà Lạt 1,Hàng Mới Ca 1,2026-09-30 - Thứ 4,286,79.72%,58.39%,0.35%,19.72,167,1,228,1,118,58,20.28%,41.26%,286,Lâm Đồng,NTB,AM Lợi
NTB - Lâm Đồng,(LDO) Lang Biang - Đà Lạt 1,Hàng Mới Ca 1,2026-10-09 - Thứ 6,612,56.86%,36.27%,0.82%,20.83,222,5,348,5,385,264,43.14%,62.91%,612,Lâm Đồng,NTB,AM Lợi
NTB - Lâm Đồng,(LDO) Lang Biang - Đà Lạt 1,Hàng Mới Ca 1,2026-09-26 - Thứ 7,343,77.26%,45.77%,0.58%,19.36,157,2,265,2,184,78,22.74%,53.65%,343,Lâm Đồng,NTB,AM Lợi
NTB - Lâm Đồng,(LDO) Lang Biang - Đà Lạt 1,Hàng Mới Ca 1,2026-09-28 - Thứ 2,306,79.74%,53.59%,0.00%,19.82,164,0,244,0,142,62,20.26%,46.41%,306,Lâm Đồng,NTB,AM Lợi
NTB - Lâm Đồng,(LDO) Lang Biang - Đà Lạt 1,Hàng Mới Ca 1,2026-10-07 - Thứ 4,531,50.66%,31.83%,0.56%,21.08,169,3,269,3,359,262,49.34%,67.61%,531,Lâm Đồng,NTB,AM Lợi
NTB - Lâm Đồng,(LDO) Lang Biang - Đà Lạt 1,Hàng Mới Ca 1,2026-10-03 - Thứ 7,271,73.80%,44.28%,0.74%,18.99,120,2,200,2,149,71,26.20%,54.98%,271,Lâm Đồng,NTB,AM Lợi
NTB - Lâm Đồng,(LDO) Lang Biang - Đà Lạt 1,Hàng Mới Ca 1,2026-09-25 - Thứ 6,452,79.87%,42.04%,0.44%,19.94,190,2,361,2,260,91,20.13%,57.52%,452,Lâm Đồng,NTB,AM Lợi
NTB - Lâm Đồng,(LDO) Lang Biang - Đà Lạt 1,Hàng Mới Ca 1,2026-10-01 - Thứ 5,262,87.02%,50.76%,0.00%,19.04,133,0,228,0,129,34,12.98%,49.24%,262,Lâm Đồng,NTB,AM Lợi
NTB - Lâm Đồng,(LDO) Lang Biang - Đà Lạt 1,Hàng Mới Ca 1,2026-10-02 - Thứ 6,349,78.22%,49.57%,0.29%,20.46,173,1,273,1,175,76,21.78%,50.14%,349,Lâm Đồng,NTB,AM Lợi
NTB - Lâm Đồng,(LDO) Lang Biang - Đà Lạt 1,Hàng Mới Ca 1,2026-09-17 - Thứ 5,487,76.59%,43.94%,0.41%,18.37,214,2,373,2,271,114,23.41%,55.65%,487,Lâm Đồng,NTB,AM Lợi
NTB - Lâm Đồng,(LDO) Lang Biang - Đà Lạt 1,Hàng Mới Ca 1,2026-09-27 - Chủ Nhật,277,72.20%,48.01%,0.72%,19.42,133,2,200,2,142,77,27.80%,51.27%,277,Lâm Đồng,NTB,AM Lợi
NTB - Lâm Đồng,(LDO) Lang Biang - Đà Lạt 1,Hàng Mới Ca 2,2026-09-13 - Chủ Nhật,1,100.00%,0.00%,0.00%,0,0,0,1,0,1,0,0.00%,100.00%,1,Lâm Đồng,NTB,AM Lợi
NTB - Lâm Đồng,(LDO) Lang Biang - Đà Lạt 1,Hàng Mới Ca 2,2026-09-24 - Thứ 5,1,100.00%,100.00%,0.00%,6,1,0,1,0,0,0,0.00%,0.00%,1,Lâm Đồng,NTB,AM Lợi
NTB - Lâm Đồng,(LDO) Lang Biang - Đà Lạt 1,Hàng Mới Ca 2,2026-09-20 - Chủ Nhật,1,0.00%,0.00%,0.00%,0,0,0,0,0,1,1,100.00%,100.00%,1,Lâm Đồng,NTB,AM Lợi
NTB - Lâm Đồng,(LDO) Lang Biang - Đà Lạt 1,Hàng Tồn,2026-09-25 - Thứ 6,485,85.15%,21.65%,8.04%,95.37,105,39,413,39,341,72,14.85%,70.31%,0,Lâm Đồng,NTB,AM Lợi
NTB - Lâm Đồng,(LDO) Lang Biang - Đà Lạt 1,Hàng Tồn,2026-09-27 - Chủ Nhật,509,66.99%,27.70%,9.04%,75.72,141,46,341,46,322,168,33.01%,63.26%,0,Lâm Đồng,NTB,AM Lợi
NTB - Lâm Đồng,(LDO) Lang Biang - Đà Lạt 1,Hàng Tồn,2026-09-21 - Thứ 2,699,73.68%,23.61%,9.16%,67.56,165,64,515,64,470,184,26.32%,67.23%,0,Lâm Đồng,NTB,AM Lợi
NTB - Lâm Đồng,(LDO) Lang Biang - Đà Lạt 1,Hàng Tồn,2026-09-13 - Chủ Nhật,637,94.51%,29.36%,6.75%,69.45,187,43,602,43,407,35,5.49%,63.89%,0,Lâm Đồng,NTB,AM Lợi
NTB - Lâm Đồng,(LDO) Lang Biang - Đà Lạt 1,Hàng Tồn,2026-09-24 - Thứ 5,638,87.30%,20.22%,12.38%,68.48,129,79,557,79,430,81,12.70%,67.40%,0,Lâm Đồng,NTB,AM Lợi
NTB - Lâm Đồng,(LDO) Lang Biang - Đà Lạt 1,Hàng Tồn,2026-10-06 - Thứ 3,454,78.19%,26.21%,5.73%,58.33,119,26,355,26,309,99,21.81%,68.06%,0,Lâm Đồng,NTB,AM Lợi
NTB - Lâm Đồng,(LDO) Lang Biang - Đà Lạt 1,Hàng Tồn,2026-09-12 - Thứ 7,571,67.43%,17.16%,5.78%,65.67,98,33,385,33,440,186,32.57%,77.06%,0,Lâm Đồng,NTB,AM Lợi
NTB - Lâm Đồng,(LDO) Lang Biang - Đà Lạt 1,Hàng Tồn,2026-10-05 - Thứ 2,334,72.16%,23.65%,2.10%,53.04,79,7,241,7,248,93,27.84%,74.25%,0,Lâm Đồng,NTB,AM Lợi
NTB - Lâm Đồng,(LDO) Lang Biang - Đà Lạt 1,Hàng Tồn,2026-09-22 - Thứ 3,684,70.91%,15.94%,7.02%,67.81,109,48,485,48,527,199,29.09%,77.04%,0,Lâm Đồng,NTB,AM Lợi
NTB - Lâm Đồng,(LDO) Lang Biang - Đà Lạt 1,Hàng Tồn,2026-09-23 - Thứ 4,686,46.50%,15.74%,7.87%,68.44,108,54,319,54,524,367,53.50%,76.39%,0,Lâm Đồng,NTB,AM Lợi
NTB - Lâm Đồng,(LDO) Lang Biang - Đà Lạt 1,Hàng Tồn,2026-10-02 - Thứ 6,292,79.79%,29.45%,8.22%,63.29,86,24,233,24,182,59,20.21%,62.33%,0,Lâm Đồng,NTB,AM Lợi
NTB - Lâm Đồng,(LDO) Lang Biang - Đà Lạt 1,Hàng Tồn,2026-10-08 - Thứ 5,359,94.99%,38.16%,10.86%,61.2,137,39,341,39,183,18,5.01%,50.98%,0,Lâm Đồng,NTB,AM Lợi
NTB - Lâm Đồng,(LDO) Lang Biang - Đà Lạt 1,Hàng Tồn,2026-09-19 - Thứ 7,639,84.98%,21.44%,10.02%,74.71,137,64,543,64,438,96,15.02%,68.54%,0,Lâm Đồng,NTB,AM Lợi
NTB - Lâm Đồng,(LDO) Lang Biang - Đà Lạt 1,Hàng Tồn,2026-10-04 - Chủ Nhật,283,81.98%,23.32%,8.13%,54.95,66,23,232,23,194,51,18.02%,68.55%,0,Lâm Đồng,NTB,AM Lợi
NTB - Lâm Đồng,(LDO) Lang Biang - Đà Lạt 1,Hàng Tồn,2026-09-30 - Thứ 4,373,75.87%,34.32%,5.90%,63.8,128,22,283,22,223,90,24.13%,59.78%,0,Lâm Đồng,NTB,AM Lợi
NTB - Lâm Đồng,(LDO) Lang Biang - Đà Lạt 1,Hàng Tồn,2026-09-17 - Thứ 5,638,78.84%,18.34%,4.23%,69.45,117,27,503,27,494,135,21.16%,77.43%,0,Lâm Đồng,NTB,AM Lợi
NTB - Lâm Đồng,(LDO) Lang Biang - Đà Lạt 1,Hàng Tồn,2026-10-09 - Thứ 6,246,88.62%,36.59%,15.04%,62.61,90,37,218,37,119,28,11.38%,48.37%,0,Lâm Đồng,NTB,AM Lợi
NTB - Lâm Đồng,(LDO) Lang Biang - Đà Lạt 1,Hàng Tồn,2026-09-26 - Thứ 7,549,76.32%,26.78%,7.29%,62.91,147,40,419,40,362,130,23.68%,65.93%,0,Lâm Đồng,NTB,AM Lợi
NTB - Lâm Đồng,(LDO) Lang Biang - Đà Lạt 1,Hàng Tồn,2026-09-28 - Thứ 2,437,81.24%,35.01%,8.24%,72.34,153,36,355,36,248,82,18.76%,56.75%,0,Lâm Đồng,NTB,AM Lợi
NTB - Lâm Đồng,(LDO) Lang Biang - Đà Lạt 1,Hàng Tồn,2026-10-03 - Thứ 7,319,73.98%,27.59%,9.40%,52.46,88,30,236,30,201,83,26.02%,63.01%,0,Lâm Đồng,NTB,AM Lợi
NTB - Lâm Đồng,(LDO) Lang Biang - Đà Lạt 1,Hàng Tồn,2026-09-16 - Thứ 4,601,49.25%,18.47%,4.99%,65.61,111,30,296,30,460,305,50.75%,76.54%,0,Lâm Đồng,NTB,AM Lợi
NTB - Lâm Đồng,(LDO) Lang Biang - Đà Lạt 1,Hàng Tồn,2026-09-18 - Thứ 6,709,84.06%,21.02%,10.30%,66.69,149,73,596,73,487,113,15.94%,68.68%,0,Lâm Đồng,NTB,AM Lợi
NTB - Lâm Đồng,(LDO) Lang Biang - Đà Lạt 1,Hàng Tồn,2026-10-01 - Thứ 5,319,94.98%,24.45%,7.84%,62.09,78,25,303,25,216,16,5.02%,67.71%,0,Lâm Đồng,NTB,AM Lợi
NTB - Lâm Đồng,(LDO) Lang Biang - Đà Lạt 1,Hàng Tồn,2026-09-20 - Chủ Nhật,702,91.88%,25.64%,3.99%,60.9,180,28,645,28,494,57,8.12%,70.37%,0,Lâm Đồng,NTB,AM Lợi
NTB - Lâm Đồng,(LDO) Lang Biang - Đà Lạt 1,Hàng Tồn,2026-09-14 - Thứ 2,623,91.33%,27.45%,7.87%,63.89,171,49,569,49,403,54,8.67%,64.68%,0,Lâm Đồng,NTB,AM Lợi
NTB - Lâm Đồng,(LDO) Lang Biang - Đà Lạt 1,Hàng Tồn,2026-09-15 - Thứ 3,540,94.26%,19.63%,8.70%,73.09,106,47,509,47,387,31,5.74%,71.67%,0,Lâm Đồng,NTB,AM Lợi
NTB - Lâm Đồng,(LDO) Lang Biang - Đà Lạt 1,Hàng Tồn,2026-09-29 - Thứ 3,352,81.82%,24.15%,5.68%,68.85,85,20,288,20,247,64,18.18%,70.17%,0,Lâm Đồng,NTB,AM Lợi
NTB - Lâm Đồng,(LDO) Lang Biang - Đà Lạt 1,Hàng Tồn,2026-10-07 - Thứ 4,421,92.16%,37.53%,10.93%,68.97,158,46,388,46,217,33,7.84%,51.54%,0,Lâm Đồng,NTB,AM Lợi
NTB - Lâm Đồng,(LDO) Hòa Ninh,Hàng Mới Ca 1,2026-09-16 - Thứ 4,102,100.00%,79.41%,0.00%,6.62,81,0,102,0,21,0,0.00%,20.59%,102,Lâm Đồng,NTB,AM Nga
NTB - Lâm Đồng,(LDO) Hòa Ninh,Hàng Mới Ca 1,2026-09-25 - Thứ 6,280,99.64%,75.00%,0.36%,14.05,210,1,279,1,69,1,0.36%,24.64%,280,Lâm Đồng,NTB,AM Nga
NTB - Lâm Đồng,(LDO) Hòa Ninh,Hàng Mới Ca 1,2026-09-21 - Thứ 2,79,97.47%,78.48%,0.00%,4.9,62,0,77,0,17,2,2.53%,21.52%,79,Lâm Đồng,NTB,AM Nga
NTB - Lâm Đồng,(LDO) Hòa Ninh,Hàng Mới Ca 1,2026-09-20 - Chủ Nhật,132,76.52%,52.27%,0.00%,6.99,69,0,101,0,63,31,23.48%,47.73%,132,Lâm Đồng,NTB,AM Nga
NTB - Lâm Đồng,(LDO) Hòa Ninh,Hàng Mới Ca 1,2026-09-13 - Chủ Nhật,305,89.84%,64.92%,0.33%,8.03,198,1,274,1,106,31,10.16%,34.75%,305,Lâm Đồng,NTB,AM Nga
NTB - Lâm Đồng,(LDO) Hòa Ninh,Hàng Mới Ca 1,2026-09-24 - Thứ 5,198,74.75%,62.12%,1.01%,11.24,123,2,148,2,73,50,25.25%,36.87%,198,Lâm Đồng,NTB,AM Nga
NTB - Lâm Đồng,(LDO) Hòa Ninh,Hàng Mới Ca 1,2026-10-06 - Thứ 3,260,96.54%,75.77%,0.38%,12.29,197,1,251,1,62,9,3.46%,23.85%,260,Lâm Đồng,NTB,AM Nga
NTB - Lâm Đồng,(LDO) Hòa Ninh,Hàng Mới Ca 1,2026-10-01 - Thứ 5,143,98.60%,78.32%,0.70%,10.77,112,1,141,1,30,2,1.40%,20.98%,143,Lâm Đồng,NTB,AM Nga
NTB - Lâm Đồng,(LDO) Hòa Ninh,Hàng Mới Ca 1,2026-09-12 - Thứ 7,131,99.24%,80.15%,0.76%,8,105,1,130,1,25,1,0.76%,19.09%,131,Lâm Đồng,NTB,AM Nga
NTB - Lâm Đồng,(LDO) Hòa Ninh,Hàng Mới Ca 1,2026-10-05 - Thứ 2,530,90.19%,70.00%,1.32%,18.67,371,7,478,7,152,52,9.81%,28.68%,530,Lâm Đồng,NTB,AM Nga
NTB - Lâm Đồng,(LDO) Hòa Ninh,Hàng Mới Ca 1,2026-09-22 - Thứ 3,378,98.68%,77.51%,0.00%,8.45,293,0,373,0,85,5,1.32%,22.49%,378,Lâm Đồng,NTB,AM Nga
NTB - Lâm Đồng,(LDO) Hòa Ninh,Hàng Mới Ca 1,2026-09-23 - Thứ 4,269,98.14%,82.53%,0.00%,10.59,222,0,264,0,47,5,1.86%,17.47%,269,Lâm Đồng,NTB,AM Nga
NTB - Lâm Đồng,(LDO) Hòa Ninh,Hàng Mới Ca 1,2026-09-14 - Thứ 2,189,99.47%,76.72%,1.06%,8.42,145,2,188,2,42,1,0.53%,22.22%,189,Lâm Đồng,NTB,AM Nga
NTB - Lâm Đồng,(LDO) Hòa Ninh,Hàng Mới Ca 1,2026-09-15 - Thứ 3,144,98.61%,79.86%,0.00%,6.56,115,0,142,0,29,2,1.39%,20.14%,144,Lâm Đồng,NTB,AM Nga
NTB - Lâm Đồng,(LDO) Hòa Ninh,Hàng Mới Ca 1,2026-09-29 - Thứ 3,316,98.10%,74.37%,0.32%,18.22,235,1,310,1,80,6,1.90%,25.31%,316,Lâm Đồng,NTB,AM Nga
NTB - Lâm Đồng,(LDO) Hòa Ninh,Hàng Mới Ca 1,2026-10-08 - Thứ 5,218,96.33%,63.76%,0.00%,11.83,139,0,210,0,79,8,3.67%,36.24%,218,Lâm Đồng,NTB,AM Nga
NTB - Lâm Đồng,(LDO) Hòa Ninh,Hàng Mới Ca 1,2026-09-19 - Thứ 7,180,78.89%,50.00%,0.00%,5.96,90,0,142,0,90,38,21.11%,50.00%,180,Lâm Đồng,NTB,AM Nga
NTB - Lâm Đồng,(LDO) Hòa Ninh,Hàng Mới Ca 1,2026-10-04 - Chủ Nhật,277,85.92%,70.40%,0.72%,11.67,195,2,238,2,80,39,14.08%,28.88%,277,Lâm Đồng,NTB,AM Nga
NTB - Lâm Đồng,(LDO) Hòa Ninh,Hàng Mới Ca 1,2026-09-17 - Thứ 5,468,94.44%,71.58%,0.21%,8.21,335,1,442,1,132,26,5.56%,28.21%,468,Lâm Đồng,NTB,AM Nga
NTB - Lâm Đồng,(LDO) Hòa Ninh,Hàng Mới Ca 1,2026-10-09 - Thứ 6,323,91.33%,71.21%,1.86%,13.89,230,6,295,6,87,28,8.67%,26.93%,323,Lâm Đồng,NTB,AM Nga
NTB - Lâm Đồng,(LDO) Hòa Ninh,Hàng Mới Ca 1,2026-09-26 - Thứ 7,632,99.37%,68.83%,0.16%,17.41,435,1,628,1,196,4,0.63%,31.01%,632,Lâm Đồng,NTB,AM Nga
NTB - Lâm Đồng,(LDO) Hòa Ninh,Hàng Mới Ca 1,2026-09-28 - Thứ 2,172,88.37%,66.86%,2.91%,13.45,115,5,152,5,52,20,11.63%,30.23%,172,Lâm Đồng,NTB,AM Nga
NTB - Lâm Đồng,(LDO) Hòa Ninh,Hàng Mới Ca 1,2026-10-07 - Thứ 4,208,89.90%,65.87%,0.00%,14.96,137,0,187,0,71,21,10.10%,34.13%,208,Lâm Đồng,NTB,AM Nga
NTB - Lâm Đồng,(LDO) Hòa Ninh,Hàng Mới Ca 1,2026-09-18 - Thứ 6,392,85.71%,39.54%,0.77%,8.15,155,3,336,3,234,56,14.29%,59.69%,392,Lâm Đồng,NTB,AM Nga
NTB - Lâm Đồng,(LDO) Hòa Ninh,Hàng Mới Ca 1,2026-10-03 - Thứ 7,294,71.77%,52.72%,0.00%,13.86,155,0,211,0,139,83,28.23%,47.28%,294,Lâm Đồng,NTB,AM Nga
NTB - Lâm Đồng,(LDO) Hòa Ninh,Hàng Mới Ca 1,2026-09-27 - Chủ Nhật,123,85.37%,57.72%,1.63%,9.23,71,2,105,2,50,18,14.63%,40.65%,123,Lâm Đồng,NTB,AM Nga
NTB - Lâm Đồng,(LDO) Hòa Ninh,Hàng Mới Ca 1,2026-10-02 - Thứ 6,198,93.43%,74.24%,0.00%,10.14,147,0,185,0,51,13,6.57%,25.76%,198,Lâm Đồng,NTB,AM Nga
NTB - Lâm Đồng,(LDO) Hòa Ninh,Hàng Mới Ca 1,2026-09-30 - Thứ 4,107,96.26%,78.50%,0.93%,11.37,84,1,103,1,22,4,3.74%,20.57%,107,Lâm Đồng,NTB,AM Nga
NTB - Lâm Đồng,(LDO) Hòa Ninh,Hàng Mới Ca 2,2026-09-20 - Chủ Nhật,301,17.28%,11.63%,0.33%,5.71,35,1,52,1,265,249,82.72%,88.04%,301,Lâm Đồng,NTB,AM Nga
NTB - Lâm Đồng,(LDO) Hòa Ninh,Hàng Mới Ca 2,2026-09-24 - Thứ 5,220,53.18%,31.82%,0.45%,15.68,70,1,117,1,149,103,46.82%,67.73%,220,Lâm Đồng,NTB,AM Nga
NTB - Lâm Đồng,(LDO) Hòa Ninh,Hàng Mới Ca 2,2026-10-06 - Thứ 3,205,43.41%,30.24%,0.00%,26,62,0,89,0,143,116,56.59%,69.76%,205,Lâm Đồng,NTB,AM Nga
NTB - Lâm Đồng,(LDO) Hòa Ninh,Hàng Mới Ca 2,2026-10-01 - Thứ 5,273,71.06%,54.58%,1.10%,16.44,149,3,194,3,121,79,28.94%,44.32%,273,Lâm Đồng,NTB,AM Nga
NTB - Lâm Đồng,(LDO) Hòa Ninh,Hàng Mới Ca 2,2026-09-12 - Thứ 7,270,65.56%,54.07%,0.00%,3.6,146,0,177,0,124,93,34.44%,45.93%,270,Lâm Đồng,NTB,AM Nga
NTB - Lâm Đồng,(LDO) Hòa Ninh,Hàng Mới Ca 2,2026-10-05 - Thứ 2,93,2.15%,2.15%,0.00%,5,2,0,2,0,91,91,97.85%,97.85%,93,Lâm Đồng,NTB,AM Nga
NTB - Lâm Đồng,(LDO) Hòa Ninh,Hàng Mới Ca 2,2026-09-23 - Thứ 4,131,74.05%,54.20%,0.00%,15.44,71,0,97,0,60,34,25.95%,45.80%,131,Lâm Đồng,NTB,AM Nga
NTB - Lâm Đồng,(LDO) Hòa Ninh,Hàng Mới Ca 2,2026-09-14 - Thứ 2,292,46.92%,36.99%,0.68%,3.97,108,2,137,2,182,155,53.08%,62.33%,292,Lâm Đồng,NTB,AM Nga
NTB - Lâm Đồng,(LDO) Hòa Ninh,Hàng Mới Ca 2,2026-09-15 - Thứ 3,390,66.92%,55.90%,0.00%,4.32,218,0,261,0,172,129,33.08%,44.10%,390,Lâm Đồng,NTB,AM Nga
NTB - Lâm Đồng,(LDO) Hòa Ninh,Hàng Mới Ca 2,2026-10-02 - Thứ 6,221,63.35%,47.96%,0.00%,9.14,106,0,140,0,115,81,36.65%,52.04%,221,Lâm Đồng,NTB,AM Nga
NTB - Lâm Đồng,(LDO) Hòa Ninh,Hàng Mới Ca 2,2026-09-29 - Thứ 3,110,0.91%,0.91%,0.00%,5,1,0,1,0,109,109,99.09%,99.09%,110,Lâm Đồng,NTB,AM Nga
NTB - Lâm Đồng,(LDO) Hòa Ninh,Hàng Mới Ca 2,2026-10-08 - Thứ 5,168,57.14%,40.48%,1.19%,26.38,68,2,96,2,98,72,42.86%,58.33%,168,Lâm Đồng,NTB,AM Nga
NTB - Lâm Đồng,(LDO) Hòa Ninh,Hàng Mới Ca 2,2026-09-19 - Thứ 7,322,18.94%,16.15%,0.31%,3.6,52,1,61,1,269,261,81.06%,83.54%,322,Lâm Đồng,NTB,AM Nga
NTB - Lâm Đồng,(LDO) Hòa Ninh,Hàng Mới Ca 2,2026-10-04 - Chủ Nhật,74,67.57%,43.24%,0.00%,16.38,32,0,50,0,42,24,32.43%,56.76%,74,Lâm Đồng,NTB,AM Nga
NTB - Lâm Đồng,(LDO) Hòa Ninh,Hàng Mới Ca 2,2026-09-30 - Thứ 4,262,55.73%,46.95%,0.38%,18.43,123,1,146,1,138,116,44.27%,52.67%,262,Lâm Đồng,NTB,AM Nga
NTB - Lâm Đồng,(LDO) Hòa Ninh,Hàng Mới Ca 2,2026-09-17 - Thứ 5,95,63.16%,55.79%,0.00%,3.96,53,0,60,0,42,35,36.84%,44.21%,95,Lâm Đồng,NTB,AM Nga
NTB - Lâm Đồng,(LDO) Hòa Ninh,Hàng Mới Ca 2,2026-10-09 - Thứ 6,175,34.86%,24.57%,1.14%,26.64,43,2,61,2,130,114,65.14%,74.29%,175,Lâm Đồng,NTB,AM Nga
NTB - Lâm Đồng,(LDO) Hòa Ninh,Hàng Mới Ca 2,2026-09-28 - Thứ 2,108,94.44%,68.52%,0.00%,24.65,74,0,102,0,34,6,5.56%,31.48%,108,Lâm Đồng,NTB,AM Nga
NTB - Lâm Đồng,(LDO) Hòa Ninh,Hàng Mới Ca 2,2026-10-07 - Thứ 4,251,46.22%,31.47%,0.80%,26.23,79,2,116,2,170,135,53.78%,67.73%,251,Lâm Đồng,NTB,AM Nga
NTB - Lâm Đồng,(LDO) Hòa Ninh,Hàng Mới Ca 2,2026-10-03 - Thứ 7,158,63.29%,45.57%,0.00%,20.49,72,0,100,0,86,58,36.71%,54.43%,158,Lâm Đồng,NTB,AM Nga
NTB - Lâm Đồng,(LDO) Hòa Ninh,Hàng Mới Ca 2,2026-09-16 - Thứ 4,124,65.32%,60.48%,0.00%,2.76,75,0,81,0,49,43,34.68%,39.52%,124,Lâm Đồng,NTB,AM Nga
NTB - Lâm Đồng,(LDO) Hòa Ninh,Hàng Mới Ca 2,2026-09-25 - Thứ 6,164,87.80%,67.07%,0.00%,23.19,110,0,144,0,54,20,12.20%,32.93%,164,Lâm Đồng,NTB,AM Nga
NTB - Lâm Đồng,(LDO) Hòa Ninh,Hàng Mới Ca 2,2026-09-18 - Thứ 6,268,16.79%,14.93%,0.37%,3.88,40,1,45,1,227,223,83.21%,84.70%,268,Lâm Đồng,NTB,AM Nga
NTB - Lâm Đồng,(LDO) Hòa Ninh,Hàng Mới Ca 2,2026-09-13 - Chủ Nhật,231,51.95%,26.84%,0.00%,4.31,62,0,120,0,169,111,48.05%,73.16%,231,Lâm Đồng,NTB,AM Nga
NTB - Lâm Đồng,(LDO) Hòa Ninh,Hàng Mới Ca 2,2026-09-27 - Chủ Nhật,228,63.16%,40.35%,1.75%,21.08,92,4,144,4,132,84,36.84%,57.90%,228,Lâm Đồng,NTB,AM Nga
NTB - Lâm Đồng,(LDO) Hòa Ninh,Hàng Mới Ca 2,2026-09-22 - Thứ 3,117,0.85%,0.85%,0.00%,2,1,0,1,0,116,116,99.15%,99.15%,117,Lâm Đồng,NTB,AM Nga
NTB - Lâm Đồng,(LDO) Hòa Ninh,Hàng Mới Ca 2,2026-09-21 - Thứ 2,57,52.63%,40.35%,0.00%,2.87,23,0,30,0,34,27,47.37%,59.65%,57,Lâm Đồng,NTB,AM Nga
NTB - Lâm Đồng,(LDO) Hòa Ninh,Hàng Mới Ca 2,2026-09-26 - Thứ 7,120,9.17%,8.33%,0.00%,4,10,0,11,0,110,109,90.83%,91.67%,120,Lâm Đồng,NTB,AM Nga
NTB - Lâm Đồng,(LDO) Hòa Ninh,Hàng Tồn,2026-09-25 - Thứ 6,339,95.87%,56.05%,5.31%,41.72,190,18,325,18,131,14,4.13%,38.64%,0,Lâm Đồng,NTB,AM Nga
NTB - Lâm Đồng,(LDO) Hòa Ninh,Hàng Tồn,2026-09-27 - Chủ Nhật,426,85.45%,43.90%,4.46%,45.3,187,19,364,19,220,62,14.55%,51.64%,0,Lâm Đồng,NTB,AM Nga
NTB - Lâm Đồng,(LDO) Hòa Ninh,Hàng Tồn,2026-09-21 - Thứ 2,654,82.42%,50.31%,2.75%,40.71,329,18,539,18,307,115,17.58%,46.94%,0,Lâm Đồng,NTB,AM Nga
NTB - Lâm Đồng,(LDO) Hòa Ninh,Hàng Tồn,2026-09-20 - Chủ Nhật,707,85.86%,48.09%,2.69%,41.04,340,19,607,19,348,100,14.14%,49.22%,0,Lâm Đồng,NTB,AM Nga
NTB - Lâm Đồng,(LDO) Hòa Ninh,Hàng Tồn,2026-09-13 - Chủ Nhật,241,89.63%,45.23%,4.56%,34.19,109,11,216,11,121,25,10.37%,50.21%,0,Lâm Đồng,NTB,AM Nga
NTB - Lâm Đồng,(LDO) Hòa Ninh,Hàng Tồn,2026-09-24 - Thứ 5,204,65.20%,23.04%,10.78%,45.38,47,22,133,22,135,71,34.80%,66.18%,0,Lâm Đồng,NTB,AM Nga
NTB - Lâm Đồng,(LDO) Hòa Ninh,Hàng Tồn,2026-10-06 - Thứ 3,438,92.69%,48.17%,4.34%,61.63,211,19,406,19,208,32,7.31%,47.49%,0,Lâm Đồng,NTB,AM Nga
NTB - Lâm Đồng,(LDO) Hòa Ninh,Hàng Tồn,2026-10-01 - Thứ 5,280,97.14%,43.21%,5.36%,38.01,121,15,272,15,144,8,2.86%,51.43%,0,Lâm Đồng,NTB,AM Nga
NTB - Lâm Đồng,(LDO) Hòa Ninh,Hàng Tồn,2026-10-05 - Thứ 2,349,63.61%,30.95%,8.60%,57.09,108,30,222,30,211,127,36.39%,60.45%,0,Lâm Đồng,NTB,AM Nga
NTB - Lâm Đồng,(LDO) Hòa Ninh,Hàng Tồn,2026-09-22 - Thứ 3,345,98.55%,42.61%,6.96%,64.64,147,24,340,24,174,5,1.45%,50.43%,0,Lâm Đồng,NTB,AM Nga
NTB - Lâm Đồng,(LDO) Hòa Ninh,Hàng Tồn,2026-09-14 - Thứ 2,379,97.89%,64.91%,2.64%,36.57,246,10,371,10,123,8,2.11%,32.45%,0,Lâm Đồng,NTB,AM Nga
NTB - Lâm Đồng,(LDO) Hòa Ninh,Hàng Tồn,2026-09-15 - Thứ 3,333,93.09%,54.35%,4.20%,36.1,181,14,310,14,138,23,6.91%,41.45%,0,Lâm Đồng,NTB,AM Nga
NTB - Lâm Đồng,(LDO) Hòa Ninh,Hàng Tồn,2026-10-02 - Thứ 6,279,82.80%,40.86%,3.23%,41.62,114,9,231,9,156,48,17.20%,55.91%,0,Lâm Đồng,NTB,AM Nga
NTB - Lâm Đồng,(LDO) Hòa Ninh,Hàng Tồn,2026-10-08 - Thứ 5,434,87.79%,39.17%,2.76%,50.85,170,12,381,12,252,53,12.21%,58.07%,0,Lâm Đồng,NTB,AM Nga
NTB - Lâm Đồng,(LDO) Hòa Ninh,Hàng Tồn,2026-09-19 - Thứ 7,629,75.68%,40.70%,2.54%,36.85,256,16,476,16,357,153,24.32%,56.76%,0,Lâm Đồng,NTB,AM Nga
NTB - Lâm Đồng,(LDO) Hòa Ninh,Hàng Tồn,2026-10-04 - Chủ Nhật,409,66.75%,40.10%,1.96%,47.37,164,8,273,8,237,136,33.25%,57.94%,0,Lâm Đồng,NTB,AM Nga
NTB - Lâm Đồng,(LDO) Hòa Ninh,Hàng Tồn,2026-09-30 - Thứ 4,284,93.31%,47.18%,4.93%,43.61,134,14,265,14,136,19,6.69%,47.89%,0,Lâm Đồng,NTB,AM Nga
NTB - Lâm Đồng,(LDO) Hòa Ninh,Hàng Tồn,2026-09-17 - Thứ 5,172,84.88%,36.05%,11.63%,41.41,62,20,146,20,90,26,15.12%,52.32%,0,Lâm Đồng,NTB,AM Nga
NTB - Lâm Đồng,(LDO) Hòa Ninh,Hàng Tồn,2026-10-09 - Thứ 6,408,81.37%,53.92%,3.19%,57.95,220,13,332,13,175,76,18.63%,42.89%,0,Lâm Đồng,NTB,AM Nga
NTB - Lâm Đồng,(LDO) Hòa Ninh,Hàng Tồn,2026-09-26 - Thứ 7,241,98.34%,32.78%,7.05%,63.06,79,17,237,17,145,4,1.66%,60.17%,0,Lâm Đồng,NTB,AM Nga
NTB - Lâm Đồng,(LDO) Hòa Ninh,Hàng Tồn,2026-09-28 - Thứ 2,388,73.97%,40.98%,4.90%,50.16,159,19,287,19,210,101,26.03%,54.12%,0,Lâm Đồng,NTB,AM Nga
NTB - Lâm Đồng,(LDO) Hòa Ninh,Hàng Tồn,2026-10-07 - Thứ 4,397,77.58%,40.05%,4.53%,48.05,159,18,308,18,220,89,22.42%,55.42%,0,Lâm Đồng,NTB,AM Nga
NTB - Lâm Đồng,(LDO) Hòa Ninh,Hàng Tồn,2026-10-03 - Thứ 7,305,68.20%,30.49%,5.25%,53.09,93,16,208,16,196,97,31.80%,64.26%,0,Lâm Đồng,NTB,AM Nga
NTB - Lâm Đồng,(LDO) Hòa Ninh,Hàng Tồn,2026-09-16 - Thứ 4,321,96.88%,58.26%,3.43%,34.2,187,11,311,11,123,10,3.12%,38.31%,0,Lâm Đồng,NTB,AM Nga
NTB - Lâm Đồng,(LDO) Hòa Ninh,Hàng Tồn,2026-09-18 - Thứ 6,245,69.39%,25.71%,2.86%,37.85,63,7,170,7,175,75,30.61%,71.43%,0,Lâm Đồng,NTB,AM Nga
NTB - Lâm Đồng,(LDO) Hòa Ninh,Hàng Tồn,2026-09-12 - Thứ 7,273,96.34%,49.82%,7.33%,34.61,136,20,263,20,117,10,3.66%,42.85%,0,Lâm Đồng,NTB,AM Nga
NTB - Lâm Đồng,(LDO) Hòa Ninh,Hàng Tồn,2026-09-23 - Thứ 4,230,91.30%,42.61%,7.83%,57.09,98,18,210,18,114,20,8.70%,49.56%,0,Lâm Đồng,NTB,AM Nga
NTB - Lâm Đồng,(LDO) Hòa Ninh,Hàng Tồn,2026-09-29 - Thứ 3,276,92.75%,50.72%,6.52%,72.38,140,18,256,18,118,20,7.25%,42.76%,0,Lâm Đồng,NTB,AM Nga
NTB - Lâm Đồng,(LDO) Hiệp Thạnh,Hàng Mới Ca 1,2026-09-18 - Thứ 6,506,84.78%,76.09%,1.19%,11.93,385,6,429,6,115,77,15.22%,22.72%,506,Lâm Đồng,NTB,AM Thơ
NTB - Lâm Đồng,(LDO) Hiệp Thạnh,Hàng Mới Ca 1,2026-09-20 - Chủ Nhật,551,99.64%,88.57%,1.63%,11.51,488,9,549,9,54,2,0.36%,9.80%,551,Lâm Đồng,NTB,AM Thơ
NTB - Lâm Đồng,(LDO) Hiệp Thạnh,Hàng Mới Ca 1,2026-09-13 - Chủ Nhật,423,99.05%,88.89%,0.47%,14.21,376,2,419,2,45,4,0.95%,10.64%,423,Lâm Đồng,NTB,AM Thơ
NTB - Lâm Đồng,(LDO) Hiệp Thạnh,Hàng Mới Ca 1,2026-09-24 - Thứ 5,417,95.20%,82.01%,0.72%,14.16,342,3,397,3,72,20,4.80%,17.27%,417,Lâm Đồng,NTB,AM Thơ
NTB - Lâm Đồng,(LDO) Hiệp Thạnh,Hàng Mới Ca 1,2026-10-06 - Thứ 3,457,99.34%,90.59%,0.66%,13.4,414,3,454,3,40,3,0.66%,8.75%,457,Lâm Đồng,NTB,AM Thơ
NTB - Lâm Đồng,(LDO) Hiệp Thạnh,Hàng Mới Ca 1,2026-10-01 - Thứ 5,416,90.38%,80.53%,0.48%,17.63,335,2,376,2,79,40,9.62%,18.99%,416,Lâm Đồng,NTB,AM Thơ
NTB - Lâm Đồng,(LDO) Hiệp Thạnh,Hàng Mới Ca 1,2026-09-12 - Thứ 7,531,99.25%,88.51%,1.88%,14.3,470,10,527,10,51,4,0.75%,9.61%,531,Lâm Đồng,NTB,AM Thơ
NTB - Lâm Đồng,(LDO) Hiệp Thạnh,Hàng Mới Ca 1,2026-10-05 - Thứ 2,483,99.38%,89.86%,1.04%,16.38,434,5,480,5,44,3,0.62%,9.10%,483,Lâm Đồng,NTB,AM Thơ
NTB - Lâm Đồng,(LDO) Hiệp Thạnh,Hàng Mới Ca 1,2026-09-22 - Thứ 3,394,98.73%,90.61%,0.76%,15.15,357,3,389,3,34,5,1.27%,8.63%,394,Lâm Đồng,NTB,AM Thơ
NTB - Lâm Đồng,(LDO) Hiệp Thạnh,Hàng Mới Ca 1,2026-09-23 - Thứ 4,382,98.69%,90.58%,0.52%,14.95,346,2,377,2,34,5,1.31%,8.90%,382,Lâm Đồng,NTB,AM Thơ
NTB - Lâm Đồng,(LDO) Hiệp Thạnh,Hàng Mới Ca 1,2026-09-14 - Thứ 2,462,99.78%,89.83%,0.43%,11.94,415,2,461,2,45,1,0.22%,9.74%,462,Lâm Đồng,NTB,AM Thơ
NTB - Lâm Đồng,(LDO) Hiệp Thạnh,Hàng Mới Ca 1,2026-09-15 - Thứ 3,507,99.61%,89.15%,0.59%,12.44,452,3,505,3,52,2,0.39%,10.26%,507,Lâm Đồng,NTB,AM Thơ
NTB - Lâm Đồng,(LDO) Hiệp Thạnh,Hàng Mới Ca 1,2026-10-02 - Thứ 6,452,99.78%,91.37%,1.55%,17.09,413,7,451,7,32,1,0.22%,7.08%,452,Lâm Đồng,NTB,AM Thơ
NTB - Lâm Đồng,(LDO) Hiệp Thạnh,Hàng Mới Ca 1,2026-09-29 - Thứ 3,304,99.34%,86.51%,0.99%,14.22,263,3,302,3,38,2,0.66%,12.50%,304,Lâm Đồng,NTB,AM Thơ
NTB - Lâm Đồng,(LDO) Hiệp Thạnh,Hàng Mới Ca 1,2026-10-08 - Thứ 5,534,99.44%,92.32%,0.94%,16.1,493,5,531,5,36,3,0.56%,6.74%,534,Lâm Đồng,NTB,AM Thơ
NTB - Lâm Đồng,(LDO) Hiệp Thạnh,Hàng Mới Ca 1,2026-09-19 - Thứ 7,381,99.48%,88.45%,0.26%,12.32,337,1,379,1,43,2,0.52%,11.29%,381,Lâm Đồng,NTB,AM Thơ
NTB - Lâm Đồng,(LDO) Hiệp Thạnh,Hàng Mới Ca 1,2026-10-04 - Chủ Nhật,507,99.61%,89.35%,2.37%,15.38,453,12,505,12,42,2,0.39%,8.28%,507,Lâm Đồng,NTB,AM Thơ
NTB - Lâm Đồng,(LDO) Hiệp Thạnh,Hàng Mới Ca 1,2026-09-17 - Thứ 5,295,100.00%,91.19%,1.02%,5.49,269,3,295,3,23,0,0.00%,7.79%,295,Lâm Đồng,NTB,AM Thơ
NTB - Lâm Đồng,(LDO) Hiệp Thạnh,Hàng Mới Ca 1,2026-10-09 - Thứ 6,560,99.46%,89.64%,0.54%,16.72,502,3,557,3,55,3,0.54%,9.82%,560,Lâm Đồng,NTB,AM Thơ
NTB - Lâm Đồng,(LDO) Hiệp Thạnh,Hàng Mới Ca 1,2026-09-28 - Thứ 2,379,100.00%,90.50%,0.00%,15.65,343,0,379,0,36,0,0.00%,9.50%,379,Lâm Đồng,NTB,AM Thơ
NTB - Lâm Đồng,(LDO) Hiệp Thạnh,Hàng Mới Ca 1,2026-10-07 - Thứ 4,446,100.00%,94.39%,1.57%,13.8,421,7,446,7,18,0,0.00%,4.04%,446,Lâm Đồng,NTB,AM Thơ
NTB - Lâm Đồng,(LDO) Hiệp Thạnh,Hàng Mới Ca 1,2026-10-03 - Thứ 7,554,99.82%,90.79%,0.54%,14.59,503,3,553,3,48,1,0.18%,8.67%,554,Lâm Đồng,NTB,AM Thơ
NTB - Lâm Đồng,(LDO) Hiệp Thạnh,Hàng Mới Ca 1,2026-09-16 - Thứ 4,553,99.82%,89.15%,0.90%,9.42,493,5,552,5,55,1,0.18%,9.95%,553,Lâm Đồng,NTB,AM Thơ
NTB - Lâm Đồng,(LDO) Hiệp Thạnh,Hàng Mới Ca 1,2026-09-25 - Thứ 6,567,99.82%,91.71%,1.41%,16.84,520,8,566,8,39,1,0.18%,6.88%,567,Lâm Đồng,NTB,AM Thơ
NTB - Lâm Đồng,(LDO) Hiệp Thạnh,Hàng Mới Ca 1,2026-09-27 - Chủ Nhật,446,99.33%,84.30%,0.67%,18.05,376,3,443,3,67,3,0.67%,15.03%,446,Lâm Đồng,NTB,AM Thơ
NTB - Lâm Đồng,(LDO) Hiệp Thạnh,Hàng Mới Ca 1,2026-09-30 - Thứ 4,372,99.19%,87.10%,0.00%,15.96,324,0,369,0,48,3,0.81%,12.90%,372,Lâm Đồng,NTB,AM Thơ
NTB - Lâm Đồng,(LDO) Hiệp Thạnh,Hàng Mới Ca 1,2026-09-26 - Thứ 7,447,99.78%,87.25%,0.67%,15.8,390,3,446,3,54,1,0.22%,12.08%,447,Lâm Đồng,NTB,AM Thơ
NTB - Lâm Đồng,(LDO) Hiệp Thạnh,Hàng Mới Ca 1,2026-09-21 - Thứ 2,328,99.09%,86.89%,0.30%,13.42,285,1,325,1,42,3,0.91%,12.81%,328,Lâm Đồng,NTB,AM Thơ
NTB - Lâm Đồng,(LDO) Hiệp Thạnh,Hàng Mới Ca 2,2026-09-13 - Chủ Nhật,2,100.00%,100.00%,0.00%,5,2,0,2,0,0,0,0.00%,0.00%,2,Lâm Đồng,NTB,AM Thơ
NTB - Lâm Đồng,(LDO) Hiệp Thạnh,Hàng Mới Ca 2,2026-09-30 - Thứ 4,8,100.00%,62.50%,0.00%,6.2,5,0,8,0,3,0,0.00%,37.50%,8,Lâm Đồng,NTB,AM Thơ
NTB - Lâm Đồng,(LDO) Hiệp Thạnh,Hàng Mới Ca 2,2026-10-05 - Thứ 2,8,50.00%,50.00%,0.00%,5.25,4,0,4,0,4,4,50.00%,50.00%,8,Lâm Đồng,NTB,AM Thơ
NTB - Lâm Đồng,(LDO) Hiệp Thạnh,Hàng Mới Ca 2,2026-09-23 - Thứ 4,7,85.71%,71.43%,0.00%,4.2,5,0,6,0,2,1,14.29%,28.57%,7,Lâm Đồng,NTB,AM Thơ
NTB - Lâm Đồng,(LDO) Hiệp Thạnh,Hàng Mới Ca 2,2026-10-03 - Thứ 7,6,100.00%,83.33%,0.00%,9.4,5,0,6,0,1,0,0.00%,16.67%,6,Lâm Đồng,NTB,AM Thơ
NTB - Lâm Đồng,(LDO) Hiệp Thạnh,Hàng Mới Ca 2,2026-10-06 - Thứ 3,4,100.00%,100.00%,0.00%,11.75,4,0,4,0,0,0,0.00%,0.00%,4,Lâm Đồng,NTB,AM Thơ
NTB - Lâm Đồng,(LDO) Hiệp Thạnh,Hàng Mới Ca 2,2026-09-21 - Thứ 2,3,100.00%,100.00%,0.00%,6.67,3,0,3,0,0,0,0.00%,0.00%,3,Lâm Đồng,NTB,AM Thơ
NTB - Lâm Đồng,(LDO) Hiệp Thạnh,Hàng Mới Ca 2,2026-10-02 - Thứ 6,1,100.00%,100.00%,0.00%,2,1,0,1,0,0,0,0.00%,0.00%,1,Lâm Đồng,NTB,AM Thơ
NTB - Lâm Đồng,(LDO) Hiệp Thạnh,Hàng Mới Ca 2,2026-10-04 - Chủ Nhật,5,100.00%,100.00%,0.00%,4.4,5,0,5,0,0,0,0.00%,0.00%,5,Lâm Đồng,NTB,AM Thơ
NTB - Lâm Đồng,(LDO) Hiệp Thạnh,Hàng Mới Ca 2,2026-10-01 - Thứ 5,2,100.00%,100.00%,0.00%,7.5,2,0,2,0,0,0,0.00%,0.00%,2,Lâm Đồng,NTB,AM Thơ
NTB - Lâm Đồng,(LDO) Hiệp Thạnh,Hàng Mới Ca 2,2026-09-19 - Thứ 7,3,100.00%,100.00%,0.00%,6,3,0,3,0,0,0,0.00%,0.00%,3,Lâm Đồng,NTB,AM Thơ
NTB - Lâm Đồng,(LDO) Hiệp Thạnh,Hàng Mới Ca 2,2026-09-29 - Thứ 3,2,100.00%,100.00%,0.00%,2,2,0,2,0,0,0,0.00%,0.00%,2,Lâm Đồng,NTB,AM Thơ
NTB - Lâm Đồng,(LDO) Hiệp Thạnh,Hàng Mới Ca 2,2026-09-17 - Thứ 5,3,100.00%,100.00%,0.00%,5.33,3,0,3,0,0,0,0.00%,0.00%,3,Lâm Đồng,NTB,AM Thơ
NTB - Lâm Đồng,(LDO) Hiệp Thạnh,Hàng Mới Ca 2,2026-10-07 - Thứ 4,4,100.00%,75.00%,25.00%,5.33,3,1,4,1,0,0,0.00%,0.00%,4,Lâm Đồng,NTB,AM Thơ
NTB - Lâm Đồng,(LDO) Hiệp Thạnh,Hàng Mới Ca 2,2026-09-24 - Thứ 5,3,100.00%,100.00%,0.00%,6.67,3,0,3,0,0,0,0.00%,0.00%,3,Lâm Đồng,NTB,AM Thơ
NTB - Lâm Đồng,(LDO) Hiệp Thạnh,Hàng Mới Ca 2,2026-10-09 - Thứ 6,1,100.00%,100.00%,0.00%,6,1,0,1,0,0,0,0.00%,0.00%,1,Lâm Đồng,NTB,AM Thơ
NTB - Lâm Đồng,(LDO) Hiệp Thạnh,Hàng Mới Ca 2,2026-09-26 - Thứ 7,2,100.00%,100.00%,0.00%,4,2,0,2,0,0,0,0.00%,0.00%,2,Lâm Đồng,NTB,AM Thơ
NTB - Lâm Đồng,(LDO) Hiệp Thạnh,Hàng Mới Ca 2,2026-10-08 - Thứ 5,4,100.00%,50.00%,0.00%,5.5,2,0,4,0,2,0,0.00%,50.00%,4,Lâm Đồng,NTB,AM Thơ
NTB - Lâm Đồng,(LDO) Hiệp Thạnh,Hàng Mới Ca 2,2026-09-22 - Thứ 3,1,100.00%,100.00%,0.00%,4,1,0,1,0,0,0,0.00%,0.00%,1,Lâm Đồng,NTB,AM Thơ
NTB - Lâm Đồng,(LDO) Hiệp Thạnh,Hàng Mới Ca 2,2026-09-27 - Chủ Nhật,1,100.00%,100.00%,0.00%,4,1,0,1,0,0,0,0.00%,0.00%,1,Lâm Đồng,NTB,AM Thơ
NTB - Lâm Đồng,(LDO) Hiệp Thạnh,Hàng Tồn,2026-09-27 - Chủ Nhật,88,95.45%,30.68%,5.68%,47.81,27,5,84,5,56,4,4.55%,63.64%,0,Lâm Đồng,NTB,AM Thơ
NTB - Lâm Đồng,(LDO) Hiệp Thạnh,Hàng Tồn,2026-10-01 - Thứ 5,81,87.65%,27.16%,9.88%,40.86,22,8,71,8,51,10,12.35%,62.96%,0,Lâm Đồng,NTB,AM Thơ
NTB - Lâm Đồng,(LDO) Hiệp Thạnh,Hàng Tồn,2026-09-22 - Thứ 3,86,98.84%,31.40%,12.79%,39.39,27,11,85,11,48,1,1.16%,55.81%,0,Lâm Đồng,NTB,AM Thơ
NTB - Lâm Đồng,(LDO) Hiệp Thạnh,Hàng Tồn,2026-09-14 - Thứ 2,102,94.12%,37.25%,6.86%,36.84,38,7,96,7,57,6,5.88%,55.89%,0,Lâm Đồng,NTB,AM Thơ
NTB - Lâm Đồng,(LDO) Hiệp Thạnh,Hàng Tồn,2026-09-15 - Thứ 3,99,97.98%,50.51%,6.06%,40.63,50,6,97,6,43,2,2.02%,43.43%,0,Lâm Đồng,NTB,AM Thơ
NTB - Lâm Đồng,(LDO) Hiệp Thạnh,Hàng Tồn,2026-10-02 - Thứ 6,118,95.76%,58.47%,1.69%,45.91,69,2,113,2,47,5,4.24%,39.84%,0,Lâm Đồng,NTB,AM Thơ
NTB - Lâm Đồng,(LDO) Hiệp Thạnh,Hàng Tồn,2026-09-29 - Thứ 3,92,93.48%,34.78%,8.70%,54.61,32,8,86,8,52,6,6.52%,56.52%,0,Lâm Đồng,NTB,AM Thơ
NTB - Lâm Đồng,(LDO) Hiệp Thạnh,Hàng Tồn,2026-10-08 - Thứ 5,52,92.31%,36.54%,7.69%,39.89,19,4,48,4,29,4,7.69%,55.77%,0,Lâm Đồng,NTB,AM Thơ
NTB - Lâm Đồng,(LDO) Hiệp Thạnh,Hàng Tồn,2026-09-19 - Thứ 7,143,98.60%,63.64%,3.50%,36.21,91,5,141,5,47,2,1.40%,32.86%,0,Lâm Đồng,NTB,AM Thơ
NTB - Lâm Đồng,(LDO) Hiệp Thạnh,Hàng Tồn,2026-10-04 - Chủ Nhật,84,96.43%,41.67%,7.14%,38.66,35,6,81,6,43,3,3.57%,51.19%,0,Lâm Đồng,NTB,AM Thơ
NTB - Lâm Đồng,(LDO) Hiệp Thạnh,Hàng Tồn,2026-09-30 - Thứ 4,75,94.67%,32.00%,17.33%,33.42,24,13,71,13,38,4,5.33%,50.67%,0,Lâm Đồng,NTB,AM Thơ
NTB - Lâm Đồng,(LDO) Hiệp Thạnh,Hàng Tồn,2026-09-17 - Thứ 5,101,98.02%,38.61%,11.88%,32.34,39,12,99,12,50,2,1.98%,49.51%,0,Lâm Đồng,NTB,AM Thơ
NTB - Lâm Đồng,(LDO) Hiệp Thạnh,Hàng Tồn,2026-09-26 - Thứ 7,81,98.77%,35.80%,6.17%,44.93,29,5,80,5,47,1,1.23%,58.03%,0,Lâm Đồng,NTB,AM Thơ
NTB - Lâm Đồng,(LDO) Hiệp Thạnh,Hàng Tồn,2026-09-28 - Thứ 2,113,94.69%,35.40%,7.96%,46.82,40,9,107,9,64,6,5.31%,56.64%,0,Lâm Đồng,NTB,AM Thơ
NTB - Lâm Đồng,(LDO) Hiệp Thạnh,Hàng Tồn,2026-09-25 - Thứ 6,102,99.02%,45.10%,6.86%,44.09,46,7,101,7,49,1,0.98%,48.04%,0,Lâm Đồng,NTB,AM Thơ
NTB - Lâm Đồng,(LDO) Hiệp Thạnh,Hàng Tồn,2026-09-18 - Thứ 6,62,88.71%,33.87%,9.68%,45.47,21,6,55,6,35,7,11.29%,56.45%,0,Lâm Đồng,NTB,AM Thơ
NTB - Lâm Đồng,(LDO) Hiệp Thạnh,Hàng Tồn,2026-09-21 - Thứ 2,106,98.11%,50.94%,1.89%,42.4,54,2,104,2,50,2,1.89%,47.17%,0,Lâm Đồng,NTB,AM Thơ
NTB - Lâm Đồng,(LDO) Hiệp Thạnh,Hàng Tồn,2026-09-20 - Chủ Nhật,91,82.42%,37.36%,4.40%,46.82,34,4,75,4,53,16,17.58%,58.24%,0,Lâm Đồng,NTB,AM Thơ
NTB - Lâm Đồng,(LDO) Hiệp Thạnh,Hàng Tồn,2026-09-13 - Chủ Nhật,104,97.12%,37.50%,13.46%,36,39,14,101,14,51,3,2.88%,49.04%,0,Lâm Đồng,NTB,AM Thơ
NTB - Lâm Đồng,(LDO) Hiệp Thạnh,Hàng Tồn,2026-09-16 - Thứ 4,89,96.63%,34.83%,8.99%,32.54,31,8,86,8,50,3,3.37%,56.18%,0,Lâm Đồng,NTB,AM Thơ
NTB - Lâm Đồng,(LDO) Hiệp Thạnh,Hàng Tồn,2026-09-24 - Thứ 5,71,84.51%,39.44%,9.86%,39.36,28,7,60,7,36,11,15.49%,50.70%,0,Lâm Đồng,NTB,AM Thơ
NTB - Lâm Đồng,(LDO) Hiệp Thạnh,Hàng Tồn,2026-10-06 - Thứ 3,67,94.03%,28.36%,5.97%,47.28,19,4,63,4,44,4,5.97%,65.67%,0,Lâm Đồng,NTB,AM Thơ
NTB - Lâm Đồng,(LDO) Hiệp Thạnh,Hàng Tồn,2026-09-12 - Thứ 7,119,95.80%,40.34%,10.08%,38.69,48,12,114,12,59,5,4.20%,49.58%,0,Lâm Đồng,NTB,AM Thơ
NTB - Lâm Đồng,(LDO) Hiệp Thạnh,Hàng Tồn,2026-10-05 - Thứ 2,88,96.59%,46.59%,11.36%,40.03,41,10,85,10,37,3,3.41%,42.05%,0,Lâm Đồng,NTB,AM Thơ
NTB - Lâm Đồng,(LDO) Hiệp Thạnh,Hàng Tồn,2026-09-23 - Thứ 4,60,98.33%,25.00%,10.00%,42.8,15,6,59,6,39,1,1.67%,65.00%,0,Lâm Đồng,NTB,AM Thơ
NTB - Lâm Đồng,(LDO) Hiệp Thạnh,Hàng Tồn,2026-10-03 - Thứ 7,66,93.94%,37.88%,7.58%,49.04,25,5,62,5,36,4,6.06%,54.54%,0,Lâm Đồng,NTB,AM Thơ
NTB - Lâm Đồng,(LDO) Hiệp Thạnh,Hàng Tồn,2026-10-09 - Thứ 6,71,94.37%,39.44%,7.04%,36.86,28,5,67,5,38,4,5.63%,53.52%,0,Lâm Đồng,NTB,AM Thơ
NTB - Lâm Đồng,(LDO) Hiệp Thạnh,Hàng Tồn,2026-10-07 - Thứ 4,74,95.95%,33.78%,12.16%,45.96,25,9,71,9,40,3,4.05%,54.06%,0,Lâm Đồng,NTB,AM Thơ
NTB - Lâm Đồng,(LDO) Di Linh,Hàng Mới Ca 1,2026-09-18 - Thứ 6,892,63.00%,44.39%,0.78%,10.39,396,7,562,7,489,330,37.00%,54.83%,892,Lâm Đồng,NTB,AM Vũ
NTB - Lâm Đồng,(LDO) Di Linh,Hàng Mới Ca 1,2026-09-27 - Chủ Nhật,310,48.71%,36.45%,0.32%,7.12,113,1,151,1,196,159,51.29%,63.23%,310,Lâm Đồng,NTB,AM Vũ
NTB - Lâm Đồng,(LDO) Di Linh,Hàng Mới Ca 1,2026-09-13 - Chủ Nhật,617,78.28%,47.49%,0.49%,6.66,293,3,483,3,321,134,21.72%,52.02%,617,Lâm Đồng,NTB,AM Vũ
NTB - Lâm Đồng,(LDO) Di Linh,Hàng Mới Ca 1,2026-09-24 - Thứ 5,425,66.59%,52.94%,0.47%,7.48,225,2,283,2,198,142,33.41%,46.59%,425,Lâm Đồng,NTB,AM Vũ
NTB - Lâm Đồng,(LDO) Di Linh,Hàng Mới Ca 1,2026-09-12 - Thứ 7,193,99.48%,63.21%,1.04%,5.6,122,2,192,2,69,1,0.52%,35.75%,193,Lâm Đồng,NTB,AM Vũ
NTB - Lâm Đồng,(LDO) Di Linh,Hàng Mới Ca 1,2026-10-05 - Thứ 2,824,96.00%,74.51%,1.46%,12.4,614,12,791,12,198,33,4.00%,24.03%,824,Lâm Đồng,NTB,AM Vũ
NTB - Lâm Đồng,(LDO) Di Linh,Hàng Mới Ca 1,2026-09-22 - Thứ 3,859,69.03%,52.85%,0.81%,7.45,454,7,593,7,398,266,30.97%,46.34%,859,Lâm Đồng,NTB,AM Vũ
NTB - Lâm Đồng,(LDO) Di Linh,Hàng Mới Ca 1,2026-09-14 - Thứ 2,510,72.16%,41.37%,1.37%,6.7,211,7,368,7,292,142,27.84%,57.26%,510,Lâm Đồng,NTB,AM Vũ
NTB - Lâm Đồng,(LDO) Di Linh,Hàng Mới Ca 1,2026-10-02 - Thứ 6,247,95.95%,79.76%,0.81%,6.43,197,2,237,2,48,10,4.05%,19.43%,247,Lâm Đồng,NTB,AM Vũ
NTB - Lâm Đồng,(LDO) Di Linh,Hàng Mới Ca 1,2026-09-29 - Thứ 3,455,76.04%,58.24%,0.22%,13.71,265,1,346,1,189,109,23.96%,41.54%,455,Lâm Đồng,NTB,AM Vũ
NTB - Lâm Đồng,(LDO) Di Linh,Hàng Mới Ca 1,2026-10-08 - Thứ 5,403,98.26%,75.68%,2.48%,5.66,305,10,396,10,88,7,1.74%,21.84%,403,Lâm Đồng,NTB,AM Vũ
NTB - Lâm Đồng,(LDO) Di Linh,Hàng Mới Ca 1,2026-09-19 - Thứ 7,329,62.92%,49.54%,0.91%,5.98,163,3,207,3,163,122,37.08%,49.55%,329,Lâm Đồng,NTB,AM Vũ
NTB - Lâm Đồng,(LDO) Di Linh,Hàng Mới Ca 1,2026-10-04 - Chủ Nhật,440,89.09%,75.45%,1.36%,5.2,332,6,392,6,102,48,10.91%,23.19%,440,Lâm Đồng,NTB,AM Vũ
NTB - Lâm Đồng,(LDO) Di Linh,Hàng Mới Ca 1,2026-09-30 - Thứ 4,144,98.61%,76.39%,0.69%,8.16,110,1,142,1,33,2,1.39%,22.92%,144,Lâm Đồng,NTB,AM Vũ
NTB - Lâm Đồng,(LDO) Di Linh,Hàng Mới Ca 1,2026-09-17 - Thứ 5,814,62.41%,25.43%,0.37%,6.91,207,3,508,3,604,306,37.59%,74.20%,814,Lâm Đồng,NTB,AM Vũ
NTB - Lâm Đồng,(LDO) Di Linh,Hàng Mới Ca 1,2026-10-09 - Thứ 6,632,86.08%,69.94%,0.63%,6.5,442,4,544,4,186,88,13.92%,29.43%,632,Lâm Đồng,NTB,AM Vũ
NTB - Lâm Đồng,(LDO) Di Linh,Hàng Mới Ca 1,2026-09-26 - Thứ 7,832,67.91%,53.61%,0.48%,17.98,446,4,565,4,382,267,32.09%,45.91%,832,Lâm Đồng,NTB,AM Vũ
NTB - Lâm Đồng,(LDO) Di Linh,Hàng Mới Ca 1,2026-09-28 - Thứ 2,281,86.83%,72.24%,0.36%,7.15,203,1,244,1,77,37,13.17%,27.40%,281,Lâm Đồng,NTB,AM Vũ
NTB - Lâm Đồng,(LDO) Di Linh,Hàng Mới Ca 1,2026-10-07 - Thứ 4,325,97.23%,77.85%,1.23%,5.37,253,4,316,4,68,9,2.77%,20.92%,325,Lâm Đồng,NTB,AM Vũ
NTB - Lâm Đồng,(LDO) Di Linh,Hàng Mới Ca 1,2026-10-03 - Thứ 7,387,96.64%,76.23%,0.52%,5.83,295,2,374,2,90,13,3.36%,23.25%,387,Lâm Đồng,NTB,AM Vũ
NTB - Lâm Đồng,(LDO) Di Linh,Hàng Mới Ca 1,2026-09-25 - Thứ 6,705,53.76%,45.11%,0.57%,6.85,318,4,379,4,383,326,46.24%,54.32%,705,Lâm Đồng,NTB,AM Vũ
NTB - Lâm Đồng,(LDO) Di Linh,Hàng Mới Ca 1,2026-09-21 - Thứ 2,249,41.77%,30.12%,0.00%,14.28,75,0,104,0,174,145,58.23%,69.88%,249,Lâm Đồng,NTB,AM Vũ
NTB - Lâm Đồng,(LDO) Di Linh,Hàng Mới Ca 1,2026-09-20 - Chủ Nhật,159,49.06%,42.14%,0.00%,6.76,67,0,78,0,92,81,50.94%,57.86%,159,Lâm Đồng,NTB,AM Vũ
NTB - Lâm Đồng,(LDO) Di Linh,Hàng Mới Ca 1,2026-09-16 - Thứ 4,308,94.81%,56.49%,1.62%,6.02,174,5,292,5,129,16,5.19%,41.89%,308,Lâm Đồng,NTB,AM Vũ
NTB - Lâm Đồng,(LDO) Di Linh,Hàng Mới Ca 1,2026-10-06 - Thứ 3,325,98.46%,83.38%,1.54%,5.6,271,5,320,5,49,5,1.54%,15.08%,325,Lâm Đồng,NTB,AM Vũ
NTB - Lâm Đồng,(LDO) Di Linh,Hàng Mới Ca 1,2026-09-23 - Thứ 4,678,59.14%,43.81%,0.74%,13.8,297,5,401,5,376,277,40.86%,55.45%,678,Lâm Đồng,NTB,AM Vũ
NTB - Lâm Đồng,(LDO) Di Linh,Hàng Mới Ca 1,2026-09-15 - Thứ 3,344,98.84%,56.69%,0.87%,6.34,195,3,340,3,146,4,1.16%,42.44%,344,Lâm Đồng,NTB,AM Vũ
NTB - Lâm Đồng,(LDO) Di Linh,Hàng Mới Ca 1,2026-10-01 - Thứ 5,246,89.43%,69.92%,0.81%,6.76,172,2,220,2,72,26,10.57%,29.27%,246,Lâm Đồng,NTB,AM Vũ
NTB - Lâm Đồng,(LDO) Di Linh,Hàng Mới Ca 2,2026-09-27 - Chủ Nhật,315,15.24%,10.79%,0.00%,24.94,34,0,48,0,281,267,84.76%,89.21%,315,Lâm Đồng,NTB,AM Vũ
NTB - Lâm Đồng,(LDO) Di Linh,Hàng Mới Ca 2,2026-09-21 - Thứ 2,56,0.00%,0.00%,0.00%,0,0,0,0,0,56,56,100.00%,100.00%,56,Lâm Đồng,NTB,AM Vũ
NTB - Lâm Đồng,(LDO) Di Linh,Hàng Mới Ca 2,2026-09-13 - Chủ Nhật,461,2.17%,0.65%,0.00%,6,3,0,10,0,458,451,97.83%,99.35%,461,Lâm Đồng,NTB,AM Vũ
NTB - Lâm Đồng,(LDO) Di Linh,Hàng Mới Ca 2,2026-09-24 - Thứ 5,483,2.48%,2.07%,0.00%,23.9,10,0,12,0,473,471,97.52%,97.93%,483,Lâm Đồng,NTB,AM Vũ
NTB - Lâm Đồng,(LDO) Di Linh,Hàng Mới Ca 2,2026-10-06 - Thứ 3,356,9.27%,8.43%,0.00%,19,30,0,33,0,326,323,90.73%,91.57%,356,Lâm Đồng,NTB,AM Vũ
NTB - Lâm Đồng,(LDO) Di Linh,Hàng Mới Ca 2,2026-10-01 - Thứ 5,356,11.52%,9.27%,0.00%,26.27,33,0,41,0,323,315,88.48%,90.73%,356,Lâm Đồng,NTB,AM Vũ
NTB - Lâm Đồng,(LDO) Di Linh,Hàng Mới Ca 2,2026-09-12 - Thứ 7,508,0.20%,0.00%,0.00%,0,0,0,1,0,508,507,99.80%,100.00%,508,Lâm Đồng,NTB,AM Vũ
NTB - Lâm Đồng,(LDO) Di Linh,Hàng Mới Ca 2,2026-10-05 - Thứ 2,255,8.24%,5.10%,0.00%,3.31,13,0,21,0,242,234,91.76%,94.90%,255,Lâm Đồng,NTB,AM Vũ
NTB - Lâm Đồng,(LDO) Di Linh,Hàng Mới Ca 2,2026-09-23 - Thứ 4,238,6.30%,5.04%,0.42%,4.67,12,1,15,1,225,223,93.70%,94.54%,238,Lâm Đồng,NTB,AM Vũ
NTB - Lâm Đồng,(LDO) Di Linh,Hàng Mới Ca 2,2026-09-14 - Thứ 2,473,0.85%,0.85%,0.00%,1.5,4,0,4,0,469,469,99.15%,99.15%,473,Lâm Đồng,NTB,AM Vũ
NTB - Lâm Đồng,(LDO) Di Linh,Hàng Mới Ca 2,2026-10-02 - Thứ 6,399,9.27%,8.02%,0.00%,16.77,32,0,37,0,367,362,90.73%,91.98%,399,Lâm Đồng,NTB,AM Vũ
NTB - Lâm Đồng,(LDO) Di Linh,Hàng Mới Ca 2,2026-09-29 - Thứ 3,236,3.39%,2.54%,0.00%,3.33,6,0,8,0,230,228,96.61%,97.46%,236,Lâm Đồng,NTB,AM Vũ
NTB - Lâm Đồng,(LDO) Di Linh,Hàng Mới Ca 2,2026-10-08 - Thứ 5,225,40.44%,33.33%,0.44%,17.39,75,1,91,1,149,134,59.56%,66.23%,225,Lâm Đồng,NTB,AM Vũ
NTB - Lâm Đồng,(LDO) Di Linh,Hàng Mới Ca 2,2026-09-19 - Thứ 7,489,0.00%,0.00%,0.00%,0,0,0,0,0,489,489,100.00%,100.00%,489,Lâm Đồng,NTB,AM Vũ
NTB - Lâm Đồng,(LDO) Di Linh,Hàng Mới Ca 2,2026-10-04 - Chủ Nhật,26,50.00%,38.46%,0.00%,23.5,10,0,13,0,16,13,50.00%,61.54%,26,Lâm Đồng,NTB,AM Vũ
NTB - Lâm Đồng,(LDO) Di Linh,Hàng Mới Ca 2,2026-09-30 - Thứ 4,303,12.54%,9.24%,0.00%,24.04,28,0,38,0,275,265,87.46%,90.76%,303,Lâm Đồng,NTB,AM Vũ
NTB - Lâm Đồng,(LDO) Di Linh,Hàng Mới Ca 2,2026-10-09 - Thứ 6,303,10.89%,8.58%,0.33%,14.19,26,1,33,1,276,270,89.11%,91.09%,303,Lâm Đồng,NTB,AM Vũ
NTB - Lâm Đồng,(LDO) Di Linh,Hàng Mới Ca 2,2026-09-26 - Thứ 7,438,0.23%,0.00%,0.00%,0,0,0,1,0,438,437,99.77%,100.00%,438,Lâm Đồng,NTB,AM Vũ
NTB - Lâm Đồng,(LDO) Di Linh,Hàng Mới Ca 2,2026-10-07 - Thứ 4,422,24.17%,18.25%,0.95%,12.08,77,4,102,4,341,320,75.83%,80.80%,422,Lâm Đồng,NTB,AM Vũ
NTB - Lâm Đồng,(LDO) Di Linh,Hàng Mới Ca 2,2026-09-25 - Thứ 6,78,26.92%,20.51%,2.56%,25.38,16,2,21,2,60,57,73.08%,76.93%,78,Lâm Đồng,NTB,AM Vũ
NTB - Lâm Đồng,(LDO) Di Linh,Hàng Mới Ca 2,2026-09-18 - Thứ 6,410,0.00%,0.00%,0.00%,0,0,0,0,0,410,410,100.00%,100.00%,410,Lâm Đồng,NTB,AM Vũ
NTB - Lâm Đồng,(LDO) Di Linh,Hàng Mới Ca 2,2026-09-22 - Thứ 3,2,100.00%,50.00%,0.00%,3,1,0,2,0,1,0,0.00%,50.00%,2,Lâm Đồng,NTB,AM Vũ
NTB - Lâm Đồng,(LDO) Di Linh,Hàng Mới Ca 2,2026-09-15 - Thứ 3,550,0.73%,0.18%,0.00%,3,1,0,4,0,549,546,99.27%,99.82%,550,Lâm Đồng,NTB,AM Vũ
NTB - Lâm Đồng,(LDO) Di Linh,Hàng Mới Ca 2,2026-09-17 - Thứ 5,186,25.81%,5.91%,0.00%,5.18,11,0,48,0,175,138,74.19%,94.09%,186,Lâm Đồng,NTB,AM Vũ
NTB - Lâm Đồng,(LDO) Di Linh,Hàng Mới Ca 2,2026-09-16 - Thứ 4,91,9.89%,6.59%,0.00%,3.83,6,0,9,0,85,82,90.11%,93.41%,91,Lâm Đồng,NTB,AM Vũ
NTB - Lâm Đồng,(LDO) Di Linh,Hàng Mới Ca 2,2026-09-20 - Chủ Nhật,565,1.59%,1.24%,0.00%,4.57,7,0,9,0,558,556,98.41%,98.76%,565,Lâm Đồng,NTB,AM Vũ
NTB - Lâm Đồng,(LDO) Di Linh,Hàng Mới Ca 2,2026-10-03 - Thứ 7,165,17.58%,13.33%,0.00%,22.95,22,0,29,0,143,136,82.42%,86.67%,165,Lâm Đồng,NTB,AM Vũ
NTB - Lâm Đồng,(LDO) Di Linh,Hàng Mới Ca 2,2026-09-28 - Thứ 2,36,66.67%,50.00%,0.00%,22.17,18,0,24,0,18,12,33.33%,50.00%,36,Lâm Đồng,NTB,AM Vũ
NTB - Lâm Đồng,(LDO) Di Linh,Hàng Tồn,2026-09-27 - Chủ Nhật,"1,498",66.49%,39.72%,4.14%,54.21,595,62,996,62,841,502,33.51%,56.14%,0,Lâm Đồng,NTB,AM Vũ
NTB - Lâm Đồng,(LDO) Di Linh,Hàng Tồn,2026-09-21 - Thứ 2,"1,520",75.59%,38.82%,4.28%,42.06,590,65,1149,65,865,371,24.41%,56.90%,0,Lâm Đồng,NTB,AM Vũ
NTB - Lâm Đồng,(LDO) Di Linh,Hàng Tồn,2026-09-20 - Chủ Nhật,"1,527",73.74%,37.33%,3.60%,43.57,570,55,1126,55,902,401,26.26%,59.07%,0,Lâm Đồng,NTB,AM Vũ
NTB - Lâm Đồng,(LDO) Di Linh,Hàng Tồn,2026-09-13 - Chủ Nhật,"1,416",77.12%,42.87%,2.82%,50.85,607,40,1092,40,769,324,22.88%,54.31%,0,Lâm Đồng,NTB,AM Vũ
NTB - Lâm Đồng,(LDO) Di Linh,Hàng Tồn,2026-09-24 - Thứ 5,"1,117",70.19%,42.17%,2.33%,55.36,471,26,784,26,620,333,29.81%,55.50%,0,Lâm Đồng,NTB,AM Vũ
NTB - Lâm Đồng,(LDO) Di Linh,Hàng Tồn,2026-10-06 - Thứ 3,536,94.40%,65.67%,5.41%,32.67,352,29,506,29,155,30,5.60%,28.92%,0,Lâm Đồng,NTB,AM Vũ
NTB - Lâm Đồng,(LDO) Di Linh,Hàng Tồn,2026-10-01 - Thứ 5,583,90.05%,51.80%,3.95%,40.51,302,23,525,23,258,58,9.95%,44.25%,0,Lâm Đồng,NTB,AM Vũ
NTB - Lâm Đồng,(LDO) Di Linh,Hàng Tồn,2026-09-12 - Thứ 7,"1,669",98.38%,43.80%,2.58%,51.27,731,43,1642,43,895,27,1.62%,53.62%,0,Lâm Đồng,NTB,AM Vũ
NTB - Lâm Đồng,(LDO) Di Linh,Hàng Tồn,2026-10-05 - Thứ 2,321,94.70%,49.53%,7.79%,52.87,159,25,304,25,137,17,5.30%,42.68%,0,Lâm Đồng,NTB,AM Vũ
NTB - Lâm Đồng,(LDO) Di Linh,Hàng Tồn,2026-09-22 - Thứ 3,"1,064",78.01%,33.18%,2.16%,62.91,353,23,830,23,688,234,21.99%,64.66%,0,Lâm Đồng,NTB,AM Vũ
NTB - Lâm Đồng,(LDO) Di Linh,Hàng Tồn,2026-09-23 - Thứ 4,951,75.71%,37.33%,5.05%,65.63,355,48,720,48,548,231,24.29%,57.62%,0,Lâm Đồng,NTB,AM Vũ
NTB - Lâm Đồng,(LDO) Di Linh,Hàng Tồn,2026-09-14 - Thứ 2,"1,523",76.95%,35.98%,1.58%,44.79,548,24,1172,24,951,351,23.05%,62.44%,0,Lâm Đồng,NTB,AM Vũ
NTB - Lâm Đồng,(LDO) Di Linh,Hàng Tồn,2026-09-15 - Thứ 3,"1,689",97.75%,40.56%,5.03%,48.88,685,85,1651,85,919,38,2.25%,54.41%,0,Lâm Đồng,NTB,AM Vũ
NTB - Lâm Đồng,(LDO) Di Linh,Hàng Tồn,2026-10-02 - Thứ 6,604,93.21%,54.80%,6.46%,32.8,331,39,563,39,234,41,6.79%,38.74%,0,Lâm Đồng,NTB,AM Vũ
NTB - Lâm Đồng,(LDO) Di Linh,Hàng Tồn,2026-09-29 - Thứ 3,619,73.99%,30.37%,6.14%,75.76,188,38,458,38,393,161,26.01%,63.49%,0,Lâm Đồng,NTB,AM Vũ
NTB - Lâm Đồng,(LDO) Di Linh,Hàng Tồn,2026-09-19 - Thứ 7,"1,669",71.06%,40.08%,3.83%,52.8,669,64,1186,64,936,483,28.94%,56.09%,0,Lâm Đồng,NTB,AM Vũ
NTB - Lâm Đồng,(LDO) Di Linh,Hàng Tồn,2026-10-04 - Chủ Nhật,418,84.45%,48.56%,3.59%,35.79,203,15,353,15,200,65,15.55%,47.85%,0,Lâm Đồng,NTB,AM Vũ
NTB - Lâm Đồng,(LDO) Di Linh,Hàng Tồn,2026-09-30 - Thứ 4,771,95.98%,52.92%,5.45%,54.87,408,42,740,42,321,31,4.02%,41.63%,0,Lâm Đồng,NTB,AM Vũ
NTB - Lâm Đồng,(LDO) Di Linh,Hàng Tồn,2026-09-17 - Thứ 5,"1,088",62.41%,13.79%,9.65%,64.44,150,105,679,105,833,409,37.59%,76.56%,0,Lâm Đồng,NTB,AM Vũ
NTB - Lâm Đồng,(LDO) Di Linh,Hàng Tồn,2026-09-26 - Thứ 7,"1,190",58.57%,38.24%,1.68%,45.63,455,20,697,20,715,493,41.43%,60.08%,0,Lâm Đồng,NTB,AM Vũ
NTB - Lâm Đồng,(LDO) Di Linh,Hàng Tồn,2026-09-28 - Thứ 2,"1,293",83.22%,51.59%,3.09%,54.96,667,40,1076,40,586,217,16.78%,45.32%,0,Lâm Đồng,NTB,AM Vũ
NTB - Lâm Đồng,(LDO) Di Linh,Hàng Tồn,2026-10-07 - Thứ 4,511,92.37%,56.16%,4.31%,31.14,287,22,472,22,202,39,7.63%,39.53%,0,Lâm Đồng,NTB,AM Vũ
NTB - Lâm Đồng,(LDO) Di Linh,Hàng Tồn,2026-10-03 - Thứ 7,600,93.67%,57.17%,3.67%,31.81,343,22,562,22,235,38,6.33%,39.16%,0,Lâm Đồng,NTB,AM Vũ
NTB - Lâm Đồng,(LDO) Di Linh,Hàng Tồn,2026-09-16 - Thứ 4,"1,543",97.86%,40.76%,1.30%,47.04,629,20,1510,20,894,33,2.14%,57.94%,0,Lâm Đồng,NTB,AM Vũ
NTB - Lâm Đồng,(LDO) Di Linh,Hàng Tồn,2026-09-25 - Thứ 6,"1,282",50.78%,31.28%,4.29%,45.09,401,55,651,55,826,631,49.22%,64.43%,0,Lâm Đồng,NTB,AM Vũ
NTB - Lâm Đồng,(LDO) Di Linh,Hàng Tồn,2026-09-18 - Thứ 6,"1,505",86.51%,42.06%,4.72%,49.12,633,71,1302,71,801,203,13.49%,53.22%,0,Lâm Đồng,NTB,AM Vũ
NTB - Lâm Đồng,(LDO) Di Linh,Hàng Tồn,2026-10-08 - Thứ 5,590,93.90%,61.86%,3.22%,31.99,365,19,554,19,206,36,6.10%,34.92%,0,Lâm Đồng,NTB,AM Vũ
NTB - Lâm Đồng,(LDO) Di Linh,Hàng Tồn,2026-10-09 - Thứ 6,422,86.02%,49.76%,3.79%,39.03,210,16,363,16,196,59,13.98%,46.45%,0,Lâm Đồng,NTB,AM Vũ
NTB - Lâm Đồng,(LDO) D'Ran,Hàng Mới Ca 1,2026-10-01 - Thứ 5,80,90.00%,58.75%,0.00%,10.64,47,0,72,0,33,8,10.00%,41.25%,80,Lâm Đồng,NTB,AM Trường
NTB - Lâm Đồng,(LDO) D'Ran,Hàng Mới Ca 1,2026-09-22 - Thứ 3,134,47.01%,35.07%,1.49%,5.96,47,2,63,2,85,71,52.99%,63.44%,134,Lâm Đồng,NTB,AM Trường
NTB - Lâm Đồng,(LDO) D'Ran,Hàng Mới Ca 1,2026-09-23 - Thứ 4,103,50.49%,44.66%,0.97%,11.65,46,1,52,1,56,51,49.51%,54.37%,103,Lâm Đồng,NTB,AM Trường
NTB - Lâm Đồng,(LDO) D'Ran,Hàng Mới Ca 1,2026-10-02 - Thứ 6,105,71.43%,41.90%,0.00%,21.19,44,0,75,0,61,30,28.57%,58.10%,105,Lâm Đồng,NTB,AM Trường
NTB - Lâm Đồng,(LDO) D'Ran,Hàng Mới Ca 1,2026-09-29 - Thứ 3,123,72.36%,54.47%,0.00%,18.3,67,0,89,0,56,34,27.64%,45.53%,123,Lâm Đồng,NTB,AM Trường
NTB - Lâm Đồng,(LDO) D'Ran,Hàng Mới Ca 1,2026-10-08 - Thứ 5,195,60.00%,48.21%,3.08%,21.43,94,6,117,6,95,78,40.00%,48.71%,195,Lâm Đồng,NTB,AM Trường
NTB - Lâm Đồng,(LDO) D'Ran,Hàng Mới Ca 1,2026-10-04 - Chủ Nhật,174,99.43%,76.44%,0.00%,16.04,133,0,173,0,41,1,0.57%,23.56%,174,Lâm Đồng,NTB,AM Trường
NTB - Lâm Đồng,(LDO) D'Ran,Hàng Mới Ca 1,2026-10-09 - Thứ 6,257,75.88%,60.31%,3.11%,12.72,155,8,195,8,94,62,24.12%,36.58%,257,Lâm Đồng,NTB,AM Trường
NTB - Lâm Đồng,(LDO) D'Ran,Hàng Mới Ca 1,2026-09-26 - Thứ 7,159,79.25%,49.06%,0.63%,16.43,78,1,126,1,80,33,20.75%,50.31%,159,Lâm Đồng,NTB,AM Trường
NTB - Lâm Đồng,(LDO) D'Ran,Hàng Mới Ca 1,2026-09-28 - Thứ 2,144,96.53%,68.75%,0.69%,14.28,99,1,139,1,44,5,3.47%,30.56%,144,Lâm Đồng,NTB,AM Trường
NTB - Lâm Đồng,(LDO) D'Ran,Hàng Mới Ca 1,2026-10-07 - Thứ 4,212,86.32%,62.74%,2.36%,14.2,133,5,183,5,74,29,13.68%,34.90%,212,Lâm Đồng,NTB,AM Trường
NTB - Lâm Đồng,(LDO) D'Ran,Hàng Mới Ca 1,2026-10-03 - Thứ 7,113,98.23%,53.98%,0.88%,10.16,61,1,111,1,51,2,1.77%,45.14%,113,Lâm Đồng,NTB,AM Trường
NTB - Lâm Đồng,(LDO) D'Ran,Hàng Mới Ca 1,2026-09-27 - Chủ Nhật,161,45.96%,37.89%,0.62%,23.14,61,1,74,1,99,87,54.04%,61.49%,161,Lâm Đồng,NTB,AM Trường
NTB - Lâm Đồng,(LDO) D'Ran,Hàng Mới Ca 1,2026-10-05 - Thứ 2,211,99.53%,66.82%,1.90%,12.84,141,4,210,4,66,1,0.47%,31.28%,211,Lâm Đồng,NTB,AM Trường
NTB - Lâm Đồng,(LDO) D'Ran,Hàng Mới Ca 1,2026-09-24 - Thứ 5,130,10.77%,10.77%,0.00%,17.29,14,0,14,0,116,116,89.23%,89.23%,130,Lâm Đồng,NTB,AM Trường
NTB - Lâm Đồng,(LDO) D'Ran,Hàng Mới Ca 1,2026-09-30 - Thứ 4,134,100.00%,76.12%,0.75%,20,102,1,134,1,31,0,0.00%,23.13%,134,Lâm Đồng,NTB,AM Trường
NTB - Lâm Đồng,(LDO) D'Ran,Hàng Mới Ca 1,2026-10-06 - Thứ 3,176,99.43%,72.16%,3.41%,17.58,127,6,175,6,43,1,0.57%,24.43%,176,Lâm Đồng,NTB,AM Trường
NTB - Lâm Đồng,(LDO) D'Ran,Hàng Mới Ca 1,2026-09-25 - Thứ 6,142,19.72%,13.38%,0.70%,17.32,19,1,28,1,122,114,80.28%,85.92%,142,Lâm Đồng,NTB,AM Trường
NTB - Lâm Đồng,(LDO) D'Ran,Hàng Mới Ca 2,2026-09-24 - Thứ 5,1,100.00%,0.00%,100.00%,0,0,1,1,1,0,0,0.00%,0.00%,1,Lâm Đồng,NTB,AM Trường
NTB - Lâm Đồng,(LDO) D'Ran,Hàng Mới Ca 2,2026-09-26 - Thứ 7,2,100.00%,100.00%,0.00%,4.5,2,0,2,0,0,0,0.00%,0.00%,2,Lâm Đồng,NTB,AM Trường
NTB - Lâm Đồng,(LDO) D'Ran,Hàng Mới Ca 2,2026-09-22 - Thứ 3,3,100.00%,66.67%,0.00%,6,2,0,3,0,1,0,0.00%,33.33%,3,Lâm Đồng,NTB,AM Trường
NTB - Lâm Đồng,(LDO) D'Ran,Hàng Mới Ca 2,2026-09-27 - Chủ Nhật,1,100.00%,100.00%,0.00%,2,1,0,1,0,0,0,0.00%,0.00%,1,Lâm Đồng,NTB,AM Trường
NTB - Lâm Đồng,(LDO) D'Ran,Hàng Mới Ca 2,2026-09-23 - Thứ 4,2,100.00%,100.00%,0.00%,6,2,0,2,0,0,0,0.00%,0.00%,2,Lâm Đồng,NTB,AM Trường
NTB - Lâm Đồng,(LDO) D'Ran,Hàng Mới Ca 2,2026-10-05 - Thứ 2,1,100.00%,0.00%,0.00%,0,0,0,1,0,1,0,0.00%,100.00%,1,Lâm Đồng,NTB,AM Trường
NTB - Lâm Đồng,(LDO) D'Ran,Hàng Tồn,2026-09-25 - Thứ 6,186,51.08%,36.56%,1.61%,66.41,68,3,95,3,115,91,48.92%,61.83%,0,Lâm Đồng,NTB,AM Trường
NTB - Lâm Đồng,(LDO) D'Ran,Hàng Tồn,2026-09-27 - Chủ Nhật,206,92.72%,61.65%,0.00%,68.74,127,0,191,0,79,15,7.28%,38.35%,0,Lâm Đồng,NTB,AM Trường
NTB - Lâm Đồng,(LDO) D'Ran,Hàng Tồn,2026-09-24 - Thứ 5,107,42.99%,26.17%,0.00%,53.07,28,0,46,0,79,61,57.01%,73.83%,0,Lâm Đồng,NTB,AM Trường
NTB - Lâm Đồng,(LDO) D'Ran,Hàng Tồn,2026-10-06 - Thứ 3,103,97.09%,48.54%,3.88%,51.88,50,4,100,4,49,3,2.91%,47.58%,0,Lâm Đồng,NTB,AM Trường
NTB - Lâm Đồng,(LDO) D'Ran,Hàng Tồn,2026-10-02 - Thứ 6,76,85.53%,32.89%,6.58%,68.5,25,5,65,5,46,11,14.47%,60.53%,0,Lâm Đồng,NTB,AM Trường
NTB - Lâm Đồng,(LDO) D'Ran,Hàng Tồn,2026-09-29 - Thứ 3,118,90.68%,35.59%,6.78%,68.61,42,8,107,8,68,11,9.32%,57.63%,0,Lâm Đồng,NTB,AM Trường
NTB - Lâm Đồng,(LDO) D'Ran,Hàng Tồn,2026-10-08 - Thứ 5,143,59.44%,46.15%,5.59%,62.05,66,8,85,8,69,58,40.56%,48.26%,0,Lâm Đồng,NTB,AM Trường
NTB - Lâm Đồng,(LDO) D'Ran,Hàng Tồn,2026-10-04 - Chủ Nhật,103,99.03%,55.34%,1.94%,67.44,57,2,102,2,44,1,0.97%,42.72%,0,Lâm Đồng,NTB,AM Trường
NTB - Lâm Đồng,(LDO) D'Ran,Hàng Tồn,2026-10-09 - Thứ 6,159,78.62%,46.54%,1.89%,41.94,74,3,125,3,82,34,21.38%,51.57%,0,Lâm Đồng,NTB,AM Trường
NTB - Lâm Đồng,(LDO) D'Ran,Hàng Tồn,2026-09-26 - Thứ 7,233,85.41%,43.35%,0.43%,55.27,101,1,199,1,131,34,14.59%,56.22%,0,Lâm Đồng,NTB,AM Trường
NTB - Lâm Đồng,(LDO) D'Ran,Hàng Tồn,2026-09-28 - Thứ 2,177,98.87%,43.50%,5.08%,58.58,77,9,175,9,91,2,1.13%,51.42%,0,Lâm Đồng,NTB,AM Trường
NTB - Lâm Đồng,(LDO) D'Ran,Hàng Tồn,2026-10-07 - Thứ 4,88,63.64%,19.32%,1.14%,97.35,17,1,56,1,70,32,36.36%,79.54%,0,Lâm Đồng,NTB,AM Trường
NTB - Lâm Đồng,(LDO) D'Ran,Hàng Tồn,2026-10-03 - Thứ 7,104,74.04%,47.12%,0.96%,73.43,49,1,77,1,54,27,25.96%,51.92%,0,Lâm Đồng,NTB,AM Trường
NTB - Lâm Đồng,(LDO) D'Ran,Hàng Tồn,2026-10-05 - Thứ 2,76,98.68%,40.79%,2.63%,62.83,31,2,75,2,43,1,1.32%,56.58%,0,Lâm Đồng,NTB,AM Trường
NTB - Lâm Đồng,(LDO) D'Ran,Hàng Tồn,2026-09-23 - Thứ 4,56,57.14%,12.50%,1.79%,29.4,7,1,32,1,48,24,42.86%,85.71%,0,Lâm Đồng,NTB,AM Trường
NTB - Lâm Đồng,(LDO) D'Ran,Hàng Tồn,2026-09-30 - Thứ 4,117,99.15%,54.70%,5.98%,59.95,64,7,116,7,46,1,0.85%,39.32%,0,Lâm Đồng,NTB,AM Trường
NTB - Lâm Đồng,(LDO) D'Ran,Hàng Tồn,2026-10-01 - Thứ 5,55,98.18%,21.82%,1.82%,65.83,12,1,54,1,42,1,1.82%,76.36%,0,Lâm Đồng,NTB,AM Trường
NTB - Lâm Đồng,(LDO) Cát Tiên,Hàng Mới Ca 1,2026-10-07 - Thứ 4,367,98.37%,84.74%,2.72%,9.7,311,10,361,10,46,6,1.63%,12.54%,367,Lâm Đồng,NTB,AM Nghĩa
NTB - Lâm Đồng,(LDO) Cát Tiên,Hàng Mới Ca 1,2026-09-27 - Chủ Nhật,270,99.26%,80.37%,4.07%,18.3,217,11,268,11,42,2,0.74%,15.56%,270,Lâm Đồng,NTB,AM Nghĩa
NTB - Lâm Đồng,(LDO) Cát Tiên,Hàng Mới Ca 1,2026-09-21 - Thứ 2,311,99.68%,82.32%,4.82%,15.65,256,15,310,15,40,1,0.32%,12.86%,311,Lâm Đồng,NTB,AM Nghĩa
NTB - Lâm Đồng,(LDO) Cát Tiên,Hàng Mới Ca 1,2026-09-13 - Chủ Nhật,248,97.18%,85.89%,2.82%,21.2,213,7,241,7,28,7,2.82%,11.29%,248,Lâm Đồng,NTB,AM Nghĩa
NTB - Lâm Đồng,(LDO) Cát Tiên,Hàng Mới Ca 1,2026-10-06 - Thứ 3,284,100.00%,82.04%,4.93%,16.69,233,14,284,14,37,0,0.00%,13.03%,284,Lâm Đồng,NTB,AM Nghĩa
NTB - Lâm Đồng,(LDO) Cát Tiên,Hàng Mới Ca 1,2026-10-01 - Thứ 5,304,99.67%,81.91%,2.96%,16.5,249,9,303,9,46,1,0.33%,15.13%,304,Lâm Đồng,NTB,AM Nghĩa
NTB - Lâm Đồng,(LDO) Cát Tiên,Hàng Mới Ca 1,2026-09-12 - Thứ 7,273,97.80%,85.35%,4.40%,11.37,233,12,267,12,28,6,2.20%,10.25%,273,Lâm Đồng,NTB,AM Nghĩa
NTB - Lâm Đồng,(LDO) Cát Tiên,Hàng Mới Ca 1,2026-10-05 - Thứ 2,343,100.00%,82.51%,3.21%,9.67,283,11,343,11,49,0,0.00%,14.28%,343,Lâm Đồng,NTB,AM Nghĩa
NTB - Lâm Đồng,(LDO) Cát Tiên,Hàng Mới Ca 1,2026-09-22 - Thứ 3,336,99.11%,73.21%,7.14%,7.88,246,24,333,24,66,3,0.89%,19.65%,336,Lâm Đồng,NTB,AM Nghĩa
NTB - Lâm Đồng,(LDO) Cát Tiên,Hàng Mới Ca 1,2026-09-23 - Thứ 4,210,98.57%,78.10%,7.62%,10.25,164,16,207,16,30,3,1.43%,14.28%,210,Lâm Đồng,NTB,AM Nghĩa
NTB - Lâm Đồng,(LDO) Cát Tiên,Hàng Mới Ca 1,2026-09-14 - Thứ 2,377,99.73%,81.70%,3.71%,13.73,308,14,376,14,55,1,0.27%,14.59%,377,Lâm Đồng,NTB,AM Nghĩa
NTB - Lâm Đồng,(LDO) Cát Tiên,Hàng Mới Ca 1,2026-09-15 - Thứ 3,379,98.15%,82.32%,5.80%,14.23,312,22,372,22,45,7,1.85%,11.88%,379,Lâm Đồng,NTB,AM Nghĩa
NTB - Lâm Đồng,(LDO) Cát Tiên,Hàng Mới Ca 1,2026-10-02 - Thứ 6,330,99.70%,81.21%,2.73%,16.27,268,9,329,9,53,1,0.30%,16.06%,330,Lâm Đồng,NTB,AM Nghĩa
NTB - Lâm Đồng,(LDO) Cát Tiên,Hàng Mới Ca 1,2026-09-29 - Thứ 3,247,99.60%,82.19%,2.43%,13.48,203,6,246,6,38,1,0.40%,15.38%,247,Lâm Đồng,NTB,AM Nghĩa
NTB - Lâm Đồng,(LDO) Cát Tiên,Hàng Mới Ca 1,2026-10-08 - Thứ 5,373,99.20%,84.18%,2.41%,12.54,314,9,370,9,50,3,0.80%,13.41%,373,Lâm Đồng,NTB,AM Nghĩa
NTB - Lâm Đồng,(LDO) Cát Tiên,Hàng Mới Ca 1,2026-10-04 - Chủ Nhật,306,99.67%,83.99%,4.25%,11.51,257,13,305,13,36,1,0.33%,11.76%,306,Lâm Đồng,NTB,AM Nghĩa
NTB - Lâm Đồng,(LDO) Cát Tiên,Hàng Mới Ca 1,2026-09-30 - Thứ 4,227,99.12%,84.14%,2.64%,15.17,191,6,225,6,30,2,0.88%,13.22%,227,Lâm Đồng,NTB,AM Nghĩa
NTB - Lâm Đồng,(LDO) Cát Tiên,Hàng Mới Ca 1,2026-10-09 - Thứ 6,398,100.00%,80.40%,4.02%,14.86,320,16,398,16,62,0,0.00%,15.58%,398,Lâm Đồng,NTB,AM Nghĩa
NTB - Lâm Đồng,(LDO) Cát Tiên,Hàng Mới Ca 1,2026-09-26 - Thứ 7,349,99.14%,80.80%,6.02%,13.36,282,21,346,21,46,3,0.86%,13.18%,349,Lâm Đồng,NTB,AM Nghĩa
NTB - Lâm Đồng,(LDO) Cát Tiên,Hàng Mới Ca 1,2026-09-28 - Thứ 2,348,99.43%,81.61%,3.45%,17.2,284,12,346,12,52,2,0.57%,14.94%,348,Lâm Đồng,NTB,AM Nghĩa
NTB - Lâm Đồng,(LDO) Cát Tiên,Hàng Mới Ca 1,2026-09-16 - Thứ 4,340,98.24%,84.12%,2.35%,16.27,286,8,334,8,46,6,1.76%,13.53%,340,Lâm Đồng,NTB,AM Nghĩa
NTB - Lâm Đồng,(LDO) Cát Tiên,Hàng Mới Ca 1,2026-09-25 - Thứ 6,442,99.55%,81.22%,4.07%,13.23,359,18,440,18,65,2,0.45%,14.71%,442,Lâm Đồng,NTB,AM Nghĩa
NTB - Lâm Đồng,(LDO) Cát Tiên,Hàng Mới Ca 1,2026-09-18 - Thứ 6,364,98.90%,83.52%,4.95%,7.5,304,18,360,18,42,4,1.10%,11.53%,364,Lâm Đồng,NTB,AM Nghĩa
NTB - Lâm Đồng,(LDO) Cát Tiên,Hàng Mới Ca 1,2026-09-20 - Chủ Nhật,278,98.56%,74.46%,1.80%,15.48,207,5,274,5,66,4,1.44%,23.74%,278,Lâm Đồng,NTB,AM Nghĩa
NTB - Lâm Đồng,(LDO) Cát Tiên,Hàng Mới Ca 1,2026-09-24 - Thứ 5,268,98.88%,84.33%,4.10%,13.73,226,11,265,11,31,3,1.12%,11.57%,268,Lâm Đồng,NTB,AM Nghĩa
NTB - Lâm Đồng,(LDO) Cát Tiên,Hàng Mới Ca 1,2026-10-03 - Thứ 7,377,99.73%,81.17%,4.24%,13.35,306,16,376,16,55,1,0.27%,14.59%,377,Lâm Đồng,NTB,AM Nghĩa
NTB - Lâm Đồng,(LDO) Cát Tiên,Hàng Mới Ca 1,2026-09-19 - Thứ 7,378,99.47%,86.51%,3.17%,11.55,327,12,376,12,39,2,0.53%,10.32%,378,Lâm Đồng,NTB,AM Nghĩa
NTB - Lâm Đồng,(LDO) Cát Tiên,Hàng Mới Ca 1,2026-09-17 - Thứ 5,410,99.51%,89.02%,1.95%,7.92,365,8,408,8,37,2,0.49%,9.03%,410,Lâm Đồng,NTB,AM Nghĩa
NTB - Lâm Đồng,(LDO) Cát Tiên,Hàng Mới Ca 2,2026-09-13 - Chủ Nhật,274,9.49%,8.03%,0.73%,4,22,2,26,2,250,248,90.51%,91.24%,274,Lâm Đồng,NTB,AM Nghĩa
NTB - Lâm Đồng,(LDO) Cát Tiên,Hàng Mới Ca 2,2026-09-18 - Thứ 6,1,100.00%,100.00%,0.00%,7,1,0,1,0,0,0,0.00%,0.00%,1,Lâm Đồng,NTB,AM Nghĩa
NTB - Lâm Đồng,(LDO) Cát Tiên,Hàng Mới Ca 2,2026-09-19 - Thứ 7,1,0.00%,0.00%,0.00%,0,0,0,0,0,1,1,100.00%,100.00%,1,Lâm Đồng,NTB,AM Nghĩa
NTB - Lâm Đồng,(LDO) Cát Tiên,Hàng Mới Ca 2,2026-10-03 - Thứ 7,1,100.00%,100.00%,0.00%,3,1,0,1,0,0,0,0.00%,0.00%,1,Lâm Đồng,NTB,AM Nghĩa
NTB - Lâm Đồng,(LDO) Cát Tiên,Hàng Tồn,2026-09-20 - Chủ Nhật,59,86.44%,30.51%,5.08%,51.06,18,3,51,3,38,8,13.56%,64.41%,0,Lâm Đồng,NTB,AM Nghĩa
NTB - Lâm Đồng,(LDO) Cát Tiên,Hàng Tồn,2026-09-12 - Thứ 7,78,97.44%,51.28%,3.85%,45.13,40,3,76,3,35,2,2.56%,44.87%,0,Lâm Đồng,NTB,AM Nghĩa
NTB - Lâm Đồng,(LDO) Cát Tiên,Hàng Tồn,2026-10-05 - Thứ 2,67,98.51%,38.81%,13.43%,52.38,26,9,66,9,32,1,1.49%,47.76%,0,Lâm Đồng,NTB,AM Nghĩa
NTB - Lâm Đồng,(LDO) Cát Tiên,Hàng Tồn,2026-09-23 - Thứ 4,105,94.29%,46.67%,11.43%,47.4,49,12,99,12,44,6,5.71%,41.90%,0,Lâm Đồng,NTB,AM Nghĩa
NTB - Lâm Đồng,(LDO) Cát Tiên,Hàng Tồn,2026-09-14 - Thứ 2,289,98.62%,74.05%,2.08%,30.44,214,6,285,6,69,4,1.38%,23.87%,0,Lâm Đồng,NTB,AM Nghĩa
NTB - Lâm Đồng,(LDO) Cát Tiên,Hàng Tồn,2026-09-15 - Thứ 3,111,96.40%,55.86%,4.50%,46.33,62,5,107,5,44,4,3.60%,39.64%,0,Lâm Đồng,NTB,AM Nghĩa
NTB - Lâm Đồng,(LDO) Cát Tiên,Hàng Tồn,2026-10-02 - Thứ 6,59,98.31%,25.42%,10.17%,35.93,15,6,58,6,38,1,1.69%,64.41%,0,Lâm Đồng,NTB,AM Nghĩa
NTB - Lâm Đồng,(LDO) Cát Tiên,Hàng Tồn,2026-10-08 - Thứ 5,62,98.39%,43.55%,9.68%,43.85,27,6,61,6,29,1,1.61%,46.77%,0,Lâm Đồng,NTB,AM Nghĩa
NTB - Lâm Đồng,(LDO) Cát Tiên,Hàng Tồn,2026-09-30 - Thứ 4,67,98.51%,25.37%,8.96%,48.06,17,6,66,6,44,1,1.49%,65.67%,0,Lâm Đồng,NTB,AM Nghĩa
NTB - Lâm Đồng,(LDO) Cát Tiên,Hàng Tồn,2026-09-17 - Thứ 5,72,88.89%,25.00%,9.72%,47.78,18,7,64,7,47,8,11.11%,65.28%,0,Lâm Đồng,NTB,AM Nghĩa
NTB - Lâm Đồng,(LDO) Cát Tiên,Hàng Tồn,2026-10-09 - Thứ 6,70,100.00%,44.29%,4.29%,43.65,31,3,70,3,36,0,0.00%,51.42%,0,Lâm Đồng,NTB,AM Nghĩa
NTB - Lâm Đồng,(LDO) Cát Tiên,Hàng Tồn,2026-09-26 - Thứ 7,80,95.00%,57.50%,3.75%,40.36,46,3,76,3,31,4,5.00%,38.75%,0,Lâm Đồng,NTB,AM Nghĩa
NTB - Lâm Đồng,(LDO) Cát Tiên,Hàng Tồn,2026-09-25 - Thứ 6,45,91.11%,46.67%,11.11%,46.8,21,5,41,5,19,4,8.89%,42.22%,0,Lâm Đồng,NTB,AM Nghĩa
NTB - Lâm Đồng,(LDO) Cát Tiên,Hàng Tồn,2026-09-18 - Thứ 6,72,86.11%,25.00%,6.94%,37.5,18,5,62,5,49,10,13.89%,68.06%,0,Lâm Đồng,NTB,AM Nghĩa
NTB - Lâm Đồng,(LDO) Cát Tiên,Hàng Tồn,2026-09-27 - Chủ Nhật,70,98.57%,41.43%,12.86%,48.52,29,9,69,9,32,1,1.43%,45.71%,0,Lâm Đồng,NTB,AM Nghĩa
NTB - Lâm Đồng,(LDO) Cát Tiên,Hàng Tồn,2026-09-21 - Thứ 2,94,94.68%,41.49%,7.45%,44.08,39,7,89,7,48,5,5.32%,51.06%,0,Lâm Đồng,NTB,AM Nghĩa
NTB - Lâm Đồng,(LDO) Cát Tiên,Hàng Tồn,2026-10-01 - Thứ 5,64,100.00%,45.31%,14.06%,57.28,29,9,64,9,26,0,0.00%,40.63%,0,Lâm Đồng,NTB,AM Nghĩa
NTB - Lâm Đồng,(LDO) Cát Tiên,Hàng Tồn,2026-09-29 - Thứ 3,69,97.10%,34.78%,4.35%,42.46,24,3,67,3,42,2,2.90%,60.87%,0,Lâm Đồng,NTB,AM Nghĩa
NTB - Lâm Đồng,(LDO) Cát Tiên,Hàng Tồn,2026-10-07 - Thứ 4,62,100.00%,32.26%,11.29%,48.1,20,7,62,7,35,0,0.00%,56.45%,0,Lâm Đồng,NTB,AM Nghĩa
NTB - Lâm Đồng,(LDO) Cát Tiên,Hàng Tồn,2026-10-03 - Thứ 7,86,98.84%,34.88%,4.65%,46.14,30,4,85,4,52,1,1.16%,60.47%,0,Lâm Đồng,NTB,AM Nghĩa
NTB - Lâm Đồng,(LDO) Cát Tiên,Hàng Tồn,2026-09-16 - Thứ 4,77,92.21%,20.78%,5.19%,40.13,16,4,71,4,57,6,7.79%,74.03%,0,Lâm Đồng,NTB,AM Nghĩa
NTB - Lâm Đồng,(LDO) Cát Tiên,Hàng Tồn,2026-09-13 - Chủ Nhật,44,84.09%,22.73%,9.09%,41.2,10,4,37,4,30,7,15.91%,68.18%,0,Lâm Đồng,NTB,AM Nghĩa
NTB - Lâm Đồng,(LDO) Cát Tiên,Hàng Tồn,2026-09-24 - Thứ 5,69,88.41%,46.38%,11.59%,43.84,32,8,61,8,29,8,11.59%,42.03%,0,Lâm Đồng,NTB,AM Nghĩa
NTB - Lâm Đồng,(LDO) Cát Tiên,Hàng Tồn,2026-10-06 - Thứ 3,72,100.00%,37.50%,8.33%,40.3,27,6,72,6,39,0,0.00%,54.17%,0,Lâm Đồng,NTB,AM Nghĩa
NTB - Lâm Đồng,(LDO) Cát Tiên,Hàng Tồn,2026-09-19 - Thứ 7,71,88.73%,39.44%,11.27%,42.08,28,8,63,8,35,8,11.27%,49.29%,0,Lâm Đồng,NTB,AM Nghĩa
NTB - Lâm Đồng,(LDO) Cát Tiên,Hàng Tồn,2026-10-04 - Chủ Nhật,89,97.75%,48.31%,5.62%,43.33,43,5,87,5,41,2,2.25%,46.07%,0,Lâm Đồng,NTB,AM Nghĩa
NTB - Lâm Đồng,(LDO) Cát Tiên,Hàng Tồn,2026-09-28 - Thứ 2,63,98.41%,36.51%,14.29%,46.39,23,9,62,9,31,1,1.59%,49.20%,0,Lâm Đồng,NTB,AM Nghĩa
NTB - Lâm Đồng,(LDO) Cát Tiên,Hàng Tồn,2026-09-22 - Thứ 3,81,90.12%,29.63%,6.17%,50.5,24,5,73,5,52,8,9.88%,64.20%,0,Lâm Đồng,NTB,AM Nghĩa
NTB - Lâm Đồng,(LDO) Bảo Lâm 3,Hàng Mới Ca 1,2026-10-07 - Thứ 4,178,100.00%,90.45%,0.56%,9.66,161,1,178,1,16,0,0.00%,8.99%,178,Lâm Đồng,NTB,AM Nga
NTB - Lâm Đồng,(LDO) Bảo Lâm 3,Hàng Mới Ca 1,2026-10-03 - Thứ 7,312,92.31%,75.00%,0.32%,16.83,234,1,288,1,77,24,7.69%,24.68%,312,Lâm Đồng,NTB,AM Nga
NTB - Lâm Đồng,(LDO) Bảo Lâm 3,Hàng Mới Ca 1,2026-10-06 - Thứ 3,224,100.00%,84.38%,0.45%,11.99,189,1,224,1,34,0,0.00%,15.17%,224,Lâm Đồng,NTB,AM Nga
NTB - Lâm Đồng,(LDO) Bảo Lâm 3,Hàng Mới Ca 1,2026-10-01 - Thứ 5,78,96.15%,83.33%,1.28%,6.37,65,1,75,1,12,3,3.85%,15.39%,78,Lâm Đồng,NTB,AM Nga
NTB - Lâm Đồng,(LDO) Bảo Lâm 3,Hàng Mới Ca 1,2026-09-12 - Thứ 7,67,100.00%,89.55%,0.00%,4.34,60,0,67,0,7,0,0.00%,10.45%,67,Lâm Đồng,NTB,AM Nga
NTB - Lâm Đồng,(LDO) Bảo Lâm 3,Hàng Mới Ca 1,2026-10-05 - Thứ 2,350,97.14%,77.14%,1.71%,16.19,270,6,340,6,74,10,2.86%,21.15%,350,Lâm Đồng,NTB,AM Nga
NTB - Lâm Đồng,(LDO) Bảo Lâm 3,Hàng Mới Ca 1,2026-09-22 - Thứ 3,289,100.00%,75.43%,0.35%,5.36,218,1,289,1,70,0,0.00%,24.22%,289,Lâm Đồng,NTB,AM Nga
NTB - Lâm Đồng,(LDO) Bảo Lâm 3,Hàng Mới Ca 1,2026-09-23 - Thứ 4,359,98.61%,83.01%,0.84%,10.52,298,3,354,3,58,5,1.39%,16.15%,359,Lâm Đồng,NTB,AM Nga
NTB - Lâm Đồng,(LDO) Bảo Lâm 3,Hàng Mới Ca 1,2026-09-14 - Thứ 2,177,100.00%,74.58%,1.13%,5.85,132,2,177,2,43,0,0.00%,24.29%,177,Lâm Đồng,NTB,AM Nga
NTB - Lâm Đồng,(LDO) Bảo Lâm 3,Hàng Mới Ca 1,2026-09-15 - Thứ 3,93,96.77%,87.10%,0.00%,5.16,81,0,90,0,12,3,3.23%,12.90%,93,Lâm Đồng,NTB,AM Nga
NTB - Lâm Đồng,(LDO) Bảo Lâm 3,Hàng Mới Ca 1,2026-10-02 - Thứ 6,146,100.00%,80.82%,3.42%,14.19,118,5,146,5,23,0,0.00%,15.76%,146,Lâm Đồng,NTB,AM Nga
NTB - Lâm Đồng,(LDO) Bảo Lâm 3,Hàng Mới Ca 1,2026-10-08 - Thứ 5,175,100.00%,90.29%,0.57%,9.91,158,1,175,1,16,0,0.00%,9.14%,175,Lâm Đồng,NTB,AM Nga
NTB - Lâm Đồng,(LDO) Bảo Lâm 3,Hàng Mới Ca 1,2026-09-19 - Thứ 7,256,94.92%,77.73%,0.78%,14.3,199,2,243,2,55,13,5.08%,21.49%,256,Lâm Đồng,NTB,AM Nga
NTB - Lâm Đồng,(LDO) Bảo Lâm 3,Hàng Mới Ca 1,2026-10-04 - Chủ Nhật,166,98.80%,90.96%,1.20%,10.73,151,2,164,2,13,2,1.20%,7.84%,166,Lâm Đồng,NTB,AM Nga
NTB - Lâm Đồng,(LDO) Bảo Lâm 3,Hàng Mới Ca 1,2026-10-09 - Thứ 6,166,99.40%,86.75%,2.41%,9.96,144,4,165,4,18,1,0.60%,10.84%,166,Lâm Đồng,NTB,AM Nga
NTB - Lâm Đồng,(LDO) Bảo Lâm 3,Hàng Mới Ca 1,2026-09-26 - Thứ 7,521,98.46%,78.69%,1.34%,14.21,410,7,513,7,104,8,1.54%,19.97%,521,Lâm Đồng,NTB,AM Nga
NTB - Lâm Đồng,(LDO) Bảo Lâm 3,Hàng Mới Ca 1,2026-09-28 - Thứ 2,245,97.55%,81.22%,0.82%,18.26,199,2,239,2,44,6,2.45%,17.96%,245,Lâm Đồng,NTB,AM Nga
NTB - Lâm Đồng,(LDO) Bảo Lâm 3,Hàng Mới Ca 1,2026-09-16 - Thứ 4,105,99.05%,80.95%,0.95%,5.33,85,1,104,1,19,1,0.95%,18.10%,105,Lâm Đồng,NTB,AM Nga
NTB - Lâm Đồng,(LDO) Bảo Lâm 3,Hàng Mới Ca 1,2026-09-25 - Thứ 6,145,100.00%,85.52%,5.52%,7.33,124,8,145,8,13,0,0.00%,8.96%,145,Lâm Đồng,NTB,AM Nga
NTB - Lâm Đồng,(LDO) Bảo Lâm 3,Hàng Mới Ca 1,2026-09-18 - Thứ 6,240,98.33%,68.33%,0.42%,5.18,164,1,236,1,75,4,1.67%,31.25%,240,Lâm Đồng,NTB,AM Nga
NTB - Lâm Đồng,(LDO) Bảo Lâm 3,Hàng Mới Ca 1,2026-09-27 - Chủ Nhật,86,100.00%,89.53%,0.00%,8.12,77,0,86,0,9,0,0.00%,10.47%,86,Lâm Đồng,NTB,AM Nga
NTB - Lâm Đồng,(LDO) Bảo Lâm 3,Hàng Mới Ca 1,2026-09-13 - Chủ Nhật,171,95.91%,75.44%,0.58%,4.84,129,1,164,1,41,7,4.09%,23.98%,171,Lâm Đồng,NTB,AM Nga
NTB - Lâm Đồng,(LDO) Bảo Lâm 3,Hàng Mới Ca 1,2026-09-24 - Thứ 5,180,100.00%,88.89%,3.33%,8.86,160,6,180,6,14,0,0.00%,7.78%,180,Lâm Đồng,NTB,AM Nga
NTB - Lâm Đồng,(LDO) Bảo Lâm 3,Hàng Mới Ca 1,2026-09-29 - Thứ 3,115,100.00%,85.22%,1.74%,8,98,2,115,2,15,0,0.00%,13.04%,115,Lâm Đồng,NTB,AM Nga
NTB - Lâm Đồng,(LDO) Bảo Lâm 3,Hàng Mới Ca 1,2026-09-20 - Chủ Nhật,128,100.00%,78.13%,0.78%,9.16,100,1,128,1,27,0,0.00%,21.09%,128,Lâm Đồng,NTB,AM Nga
NTB - Lâm Đồng,(LDO) Bảo Lâm 3,Hàng Mới Ca 1,2026-09-30 - Thứ 4,149,100.00%,93.29%,0.00%,6.29,139,0,149,0,10,0,0.00%,6.71%,149,Lâm Đồng,NTB,AM Nga
NTB - Lâm Đồng,(LDO) Bảo Lâm 3,Hàng Mới Ca 1,2026-09-17 - Thứ 5,62,90.32%,77.42%,0.00%,5.06,48,0,56,0,14,6,9.68%,22.58%,62,Lâm Đồng,NTB,AM Nga
NTB - Lâm Đồng,(LDO) Bảo Lâm 3,Hàng Mới Ca 1,2026-09-21 - Thứ 2,144,94.44%,78.47%,1.39%,13.42,113,2,136,2,29,8,5.56%,20.14%,144,Lâm Đồng,NTB,AM Nga
NTB - Lâm Đồng,(LDO) Bảo Lâm 3,Hàng Mới Ca 2,2026-09-20 - Chủ Nhật,94,4.26%,4.26%,0.00%,1.75,4,0,4,0,90,90,95.74%,95.74%,94,Lâm Đồng,NTB,AM Nga
NTB - Lâm Đồng,(LDO) Bảo Lâm 3,Hàng Mới Ca 2,2026-09-13 - Chủ Nhật,137,3.65%,2.92%,0.00%,1.5,4,0,5,0,133,132,96.35%,97.08%,137,Lâm Đồng,NTB,AM Nga
NTB - Lâm Đồng,(LDO) Bảo Lâm 3,Hàng Mới Ca 2,2026-10-06 - Thứ 3,122,96.72%,79.51%,0.82%,23.41,97,1,118,1,24,4,3.28%,19.67%,122,Lâm Đồng,NTB,AM Nga
NTB - Lâm Đồng,(LDO) Bảo Lâm 3,Hàng Mới Ca 2,2026-09-12 - Thứ 7,203,4.43%,4.43%,0.00%,1.11,9,0,9,0,194,194,95.57%,95.57%,203,Lâm Đồng,NTB,AM Nga
NTB - Lâm Đồng,(LDO) Bảo Lâm 3,Hàng Mới Ca 2,2026-09-14 - Thứ 2,137,4.38%,2.92%,0.00%,3,4,0,6,0,133,131,95.62%,97.08%,137,Lâm Đồng,NTB,AM Nga
NTB - Lâm Đồng,(LDO) Bảo Lâm 3,Hàng Mới Ca 2,2026-09-15 - Thứ 3,194,2.06%,2.06%,0.00%,1,4,0,4,0,190,190,97.94%,97.94%,194,Lâm Đồng,NTB,AM Nga
NTB - Lâm Đồng,(LDO) Bảo Lâm 3,Hàng Mới Ca 2,2026-10-02 - Thứ 6,213,95.31%,70.89%,0.00%,24.15,151,0,203,0,62,10,4.69%,29.11%,213,Lâm Đồng,NTB,AM Nga
NTB - Lâm Đồng,(LDO) Bảo Lâm 3,Hàng Mới Ca 2,2026-10-08 - Thứ 5,175,94.86%,78.86%,1.14%,22.64,138,2,166,2,35,9,5.14%,20.00%,175,Lâm Đồng,NTB,AM Nga
NTB - Lâm Đồng,(LDO) Bảo Lâm 3,Hàng Mới Ca 2,2026-09-19 - Thứ 7,157,3.82%,3.18%,0.00%,2,5,0,6,0,152,151,96.18%,96.82%,157,Lâm Đồng,NTB,AM Nga
NTB - Lâm Đồng,(LDO) Bảo Lâm 3,Hàng Mới Ca 2,2026-10-04 - Chủ Nhật,89,61.80%,51.69%,1.12%,21.72,46,1,55,1,42,34,38.20%,47.19%,89,Lâm Đồng,NTB,AM Nga
NTB - Lâm Đồng,(LDO) Bảo Lâm 3,Hàng Mới Ca 2,2026-09-17 - Thứ 5,317,82.65%,68.14%,0.63%,4.55,216,2,262,2,99,55,17.35%,31.23%,317,Lâm Đồng,NTB,AM Nga
NTB - Lâm Đồng,(LDO) Bảo Lâm 3,Hàng Mới Ca 2,2026-10-09 - Thứ 6,88,92.05%,76.14%,1.14%,21.99,67,1,81,1,20,7,7.95%,22.72%,88,Lâm Đồng,NTB,AM Nga
NTB - Lâm Đồng,(LDO) Bảo Lâm 3,Hàng Mới Ca 2,2026-09-28 - Thứ 2,28,96.43%,85.71%,0.00%,14.67,24,0,27,0,4,1,3.57%,14.29%,28,Lâm Đồng,NTB,AM Nga
NTB - Lâm Đồng,(LDO) Bảo Lâm 3,Hàng Mới Ca 2,2026-10-07 - Thứ 4,179,88.83%,69.27%,0.56%,25.23,124,1,159,1,54,20,11.17%,30.17%,179,Lâm Đồng,NTB,AM Nga
NTB - Lâm Đồng,(LDO) Bảo Lâm 3,Hàng Mới Ca 2,2026-09-16 - Thứ 4,37,8.11%,2.70%,0.00%,5,1,0,3,0,36,34,91.89%,97.30%,37,Lâm Đồng,NTB,AM Nga
NTB - Lâm Đồng,(LDO) Bảo Lâm 3,Hàng Mới Ca 2,2026-09-21 - Thứ 2,42,2.38%,2.38%,0.00%,1,1,0,1,0,41,41,97.62%,97.62%,42,Lâm Đồng,NTB,AM Nga
NTB - Lâm Đồng,(LDO) Bảo Lâm 3,Hàng Mới Ca 2,2026-09-27 - Chủ Nhật,187,85.56%,73.26%,0.00%,21.9,137,0,160,0,50,27,14.44%,26.74%,187,Lâm Đồng,NTB,AM Nga
NTB - Lâm Đồng,(LDO) Bảo Lâm 3,Hàng Mới Ca 2,2026-09-24 - Thứ 5,86,93.02%,84.88%,0.00%,21.73,73,0,80,0,13,6,6.98%,15.12%,86,Lâm Đồng,NTB,AM Nga
NTB - Lâm Đồng,(LDO) Bảo Lâm 3,Hàng Mới Ca 2,2026-09-29 - Thứ 3,80,91.25%,72.50%,1.25%,22.61,58,1,73,1,21,7,8.75%,26.25%,80,Lâm Đồng,NTB,AM Nga
NTB - Lâm Đồng,(LDO) Bảo Lâm 3,Hàng Mới Ca 2,2026-09-30 - Thứ 4,135,95.56%,84.44%,0.74%,21.72,114,1,129,1,20,6,4.44%,14.82%,135,Lâm Đồng,NTB,AM Nga
NTB - Lâm Đồng,(LDO) Bảo Lâm 3,Hàng Mới Ca 2,2026-09-25 - Thứ 6,196,95.92%,70.41%,0.51%,22.77,138,1,188,1,57,8,4.08%,29.08%,196,Lâm Đồng,NTB,AM Nga
NTB - Lâm Đồng,(LDO) Bảo Lâm 3,Hàng Mới Ca 2,2026-10-01 - Thứ 5,165,66.67%,56.36%,1.21%,19.11,93,2,110,2,70,55,33.33%,42.43%,165,Lâm Đồng,NTB,AM Nga
NTB - Lâm Đồng,(LDO) Bảo Lâm 3,Hàng Mới Ca 2,2026-10-03 - Thứ 7,5,40.00%,20.00%,20.00%,1,1,1,2,1,3,3,60.00%,60.00%,5,Lâm Đồng,NTB,AM Nga
NTB - Lâm Đồng,(LDO) Bảo Lâm 3,Hàng Mới Ca 2,2026-09-23 - Thứ 4,1,0.00%,0.00%,0.00%,0,0,0,0,0,1,1,100.00%,100.00%,1,Lâm Đồng,NTB,AM Nga
NTB - Lâm Đồng,(LDO) Bảo Lâm 3,Hàng Mới Ca 2,2026-09-26 - Thứ 7,5,0.00%,0.00%,0.00%,0,0,0,0,0,5,5,100.00%,100.00%,5,Lâm Đồng,NTB,AM Nga
NTB - Lâm Đồng,(LDO) Bảo Lâm 3,Hàng Mới Ca 2,2026-10-05 - Thứ 2,3,0.00%,0.00%,0.00%,0,0,0,0,0,3,3,100.00%,100.00%,3,Lâm Đồng,NTB,AM Nga
NTB - Lâm Đồng,(LDO) Bảo Lâm 3,Hàng Tồn,2026-09-18 - Thứ 6,162,99.38%,51.23%,6.17%,32.19,83,10,161,10,69,1,0.62%,42.60%,0,Lâm Đồng,NTB,AM Nga
NTB - Lâm Đồng,(LDO) Bảo Lâm 3,Hàng Tồn,2026-09-21 - Thứ 2,195,91.28%,55.38%,5.13%,33.14,108,10,178,10,77,17,8.72%,39.49%,0,Lâm Đồng,NTB,AM Nga
NTB - Lâm Đồng,(LDO) Bảo Lâm 3,Hàng Tồn,2026-09-20 - Chủ Nhật,272,97.79%,59.93%,6.99%,30.03,163,19,266,19,90,6,2.21%,33.08%,0,Lâm Đồng,NTB,AM Nga
NTB - Lâm Đồng,(LDO) Bảo Lâm 3,Hàng Tồn,2026-09-13 - Chủ Nhật,259,94.59%,64.48%,2.32%,26.34,167,6,245,6,86,14,5.41%,33.20%,0,Lâm Đồng,NTB,AM Nga
NTB - Lâm Đồng,(LDO) Bảo Lâm 3,Hàng Tồn,2026-10-01 - Thứ 5,46,67.39%,21.74%,6.52%,51.3,10,3,31,3,33,15,32.61%,71.74%,0,Lâm Đồng,NTB,AM Nga
NTB - Lâm Đồng,(LDO) Bảo Lâm 3,Hàng Tồn,2026-09-12 - Thứ 7,230,98.70%,60.00%,7.83%,27.82,138,18,227,18,74,3,1.30%,32.17%,0,Lâm Đồng,NTB,AM Nga
NTB - Lâm Đồng,(LDO) Bảo Lâm 3,Hàng Tồn,2026-09-22 - Thứ 3,139,92.81%,43.88%,10.07%,35.5,61,14,129,14,64,10,7.19%,46.05%,0,Lâm Đồng,NTB,AM Nga
NTB - Lâm Đồng,(LDO) Bảo Lâm 3,Hàng Tồn,2026-09-23 - Thứ 4,51,80.39%,17.65%,17.65%,79.67,9,9,41,9,33,10,19.61%,64.70%,0,Lâm Đồng,NTB,AM Nga
NTB - Lâm Đồng,(LDO) Bảo Lâm 3,Hàng Tồn,2026-09-14 - Thứ 2,251,99.20%,54.58%,7.17%,29.05,137,18,249,18,96,2,0.80%,38.25%,0,Lâm Đồng,NTB,AM Nga
NTB - Lâm Đồng,(LDO) Bảo Lâm 3,Hàng Tồn,2026-09-15 - Thứ 3,253,94.86%,63.24%,4.74%,27.94,160,12,240,12,81,13,5.14%,32.02%,0,Lâm Đồng,NTB,AM Nga
NTB - Lâm Đồng,(LDO) Bảo Lâm 3,Hàng Tồn,2026-09-29 - Thứ 3,95,91.58%,40.00%,15.79%,67.76,38,15,87,15,42,8,8.42%,44.21%,0,Lâm Đồng,NTB,AM Nga
NTB - Lâm Đồng,(LDO) Bảo Lâm 3,Hàng Tồn,2026-10-08 - Thứ 5,102,91.18%,34.31%,15.69%,60.6,35,16,93,16,51,9,8.82%,50.00%,0,Lâm Đồng,NTB,AM Nga
NTB - Lâm Đồng,(LDO) Bảo Lâm 3,Hàng Tồn,2026-09-17 - Thứ 5,133,91.73%,48.87%,9.77%,37.11,65,13,122,13,55,11,8.27%,41.36%,0,Lâm Đồng,NTB,AM Nga
NTB - Lâm Đồng,(LDO) Bảo Lâm 3,Hàng Tồn,2026-10-09 - Thứ 6,95,92.63%,28.42%,24.21%,66.56,27,23,88,23,45,7,7.37%,47.37%,0,Lâm Đồng,NTB,AM Nga
NTB - Lâm Đồng,(LDO) Bảo Lâm 3,Hàng Tồn,2026-09-28 - Thứ 2,132,92.42%,37.88%,12.88%,63.69,50,17,122,17,65,10,7.58%,49.24%,0,Lâm Đồng,NTB,AM Nga
NTB - Lâm Đồng,(LDO) Bảo Lâm 3,Hàng Tồn,2026-10-07 - Thứ 4,95,89.47%,31.58%,10.53%,60.17,30,10,85,10,55,10,10.53%,57.89%,0,Lâm Đồng,NTB,AM Nga
NTB - Lâm Đồng,(LDO) Bảo Lâm 3,Hàng Tồn,2026-10-03 - Thứ 7,106,95.28%,45.28%,8.49%,55.71,48,9,101,9,49,5,4.72%,46.23%,0,Lâm Đồng,NTB,AM Nga
NTB - Lâm Đồng,(LDO) Bảo Lâm 3,Hàng Tồn,2026-09-16 - Thứ 4,269,98.51%,62.08%,3.35%,29.42,167,9,265,9,93,4,1.49%,34.57%,0,Lâm Đồng,NTB,AM Nga
NTB - Lâm Đồng,(LDO) Bảo Lâm 3,Hàng Tồn,2026-09-27 - Chủ Nhật,144,68.75%,36.81%,6.25%,56.02,53,9,99,9,82,45,31.25%,56.94%,0,Lâm Đồng,NTB,AM Nga
NTB - Lâm Đồng,(LDO) Bảo Lâm 3,Hàng Tồn,2026-09-24 - Thứ 5,89,93.26%,33.71%,15.73%,62.83,30,14,83,14,45,6,6.74%,50.56%,0,Lâm Đồng,NTB,AM Nga
NTB - Lâm Đồng,(LDO) Bảo Lâm 3,Hàng Tồn,2026-10-05 - Thứ 2,115,93.04%,33.04%,14.78%,56.37,38,17,107,17,60,8,6.96%,52.18%,0,Lâm Đồng,NTB,AM Nga
NTB - Lâm Đồng,(LDO) Bảo Lâm 3,Hàng Tồn,2026-10-02 - Thứ 6,109,95.41%,51.38%,8.26%,54.63,56,9,104,9,44,5,4.59%,40.36%,0,Lâm Đồng,NTB,AM Nga
NTB - Lâm Đồng,(LDO) Bảo Lâm 3,Hàng Tồn,2026-09-26 - Thứ 7,93,93.55%,35.48%,5.38%,56.7,33,5,87,5,55,6,6.45%,59.14%,0,Lâm Đồng,NTB,AM Nga
NTB - Lâm Đồng,(LDO) Bảo Lâm 3,Hàng Tồn,2026-09-25 - Thứ 6,53,86.79%,18.87%,15.09%,52.56,10,8,46,8,35,7,13.21%,66.04%,0,Lâm Đồng,NTB,AM Nga
NTB - Lâm Đồng,(LDO) Bảo Lâm 3,Hàng Tồn,2026-10-06 - Thứ 3,119,97.48%,40.34%,12.61%,57.74,48,15,116,15,56,3,2.52%,47.05%,0,Lâm Đồng,NTB,AM Nga
NTB - Lâm Đồng,(LDO) Bảo Lâm 3,Hàng Tồn,2026-09-19 - Thứ 7,126,90.48%,36.51%,3.97%,38.07,46,5,114,5,75,12,9.52%,59.52%,0,Lâm Đồng,NTB,AM Nga
NTB - Lâm Đồng,(LDO) Bảo Lâm 3,Hàng Tồn,2026-10-04 - Chủ Nhật,110,76.36%,34.55%,4.55%,49.32,38,5,84,5,67,26,23.64%,60.90%,0,Lâm Đồng,NTB,AM Nga
NTB - Lâm Đồng,(LDO) Bảo Lâm 3,Hàng Tồn,2026-09-30 - Thứ 4,66,95.45%,25.76%,19.70%,88.53,17,13,63,13,36,3,4.55%,54.54%,0,Lâm Đồng,NTB,AM Nga
NTB - Lâm Đồng,(LDO) Bảo Lâm 1,Hàng Mới Ca 1,2026-10-03 - Thứ 7,174,98.28%,88.51%,1.72%,9.14,154,3,171,3,17,3,1.72%,9.77%,174,Lâm Đồng,NTB,AM Nga
NTB - Lâm Đồng,(LDO) Bảo Lâm 1,Hàng Mới Ca 1,2026-09-21 - Thứ 2,108,87.04%,78.70%,0.93%,12.52,85,1,94,1,22,14,12.96%,20.37%,108,Lâm Đồng,NTB,AM Nga
NTB - Lâm Đồng,(LDO) Bảo Lâm 1,Hàng Mới Ca 1,2026-09-20 - Chủ Nhật,139,68.35%,59.71%,0.00%,10.28,83,0,95,0,56,44,31.65%,40.29%,139,Lâm Đồng,NTB,AM Nga
NTB - Lâm Đồng,(LDO) Bảo Lâm 1,Hàng Mới Ca 1,2026-09-13 - Chủ Nhật,357,87.96%,71.71%,0.00%,6.93,256,0,314,0,101,43,12.04%,28.29%,357,Lâm Đồng,NTB,AM Nga
NTB - Lâm Đồng,(LDO) Bảo Lâm 1,Hàng Mới Ca 1,2026-09-24 - Thứ 5,196,82.14%,73.47%,0.51%,10.88,144,1,161,1,51,35,17.86%,26.02%,196,Lâm Đồng,NTB,AM Nga
NTB - Lâm Đồng,(LDO) Bảo Lâm 1,Hàng Mới Ca 1,2026-10-01 - Thứ 5,101,97.03%,88.12%,0.99%,7.82,89,1,98,1,11,3,2.97%,10.89%,101,Lâm Đồng,NTB,AM Nga
NTB - Lâm Đồng,(LDO) Bảo Lâm 1,Hàng Mới Ca 1,2026-09-12 - Thứ 7,117,84.62%,78.63%,0.00%,6.23,92,0,99,0,25,18,15.38%,21.37%,117,Lâm Đồng,NTB,AM Nga
NTB - Lâm Đồng,(LDO) Bảo Lâm 1,Hàng Mới Ca 1,2026-09-22 - Thứ 3,340,81.18%,69.41%,0.00%,5.68,236,0,276,0,104,64,18.82%,30.59%,340,Lâm Đồng,NTB,AM Nga
NTB - Lâm Đồng,(LDO) Bảo Lâm 1,Hàng Mới Ca 1,2026-09-23 - Thứ 4,421,80.52%,71.50%,1.43%,9.82,301,6,339,6,114,82,19.48%,27.07%,421,Lâm Đồng,NTB,AM Nga
NTB - Lâm Đồng,(LDO) Bảo Lâm 1,Hàng Mới Ca 1,2026-09-14 - Thứ 2,199,72.86%,58.79%,0.00%,6.05,117,0,145,0,82,54,27.14%,41.21%,199,Lâm Đồng,NTB,AM Nga
NTB - Lâm Đồng,(LDO) Bảo Lâm 1,Hàng Mới Ca 1,2026-09-15 - Thứ 3,131,79.39%,66.41%,2.29%,6.21,87,3,104,3,41,27,20.61%,31.30%,131,Lâm Đồng,NTB,AM Nga
NTB - Lâm Đồng,(LDO) Bảo Lâm 1,Hàng Mới Ca 1,2026-10-02 - Thứ 6,180,98.33%,92.78%,1.67%,10.93,167,3,177,3,10,3,1.67%,5.55%,180,Lâm Đồng,NTB,AM Nga
NTB - Lâm Đồng,(LDO) Bảo Lâm 1,Hàng Mới Ca 1,2026-09-29 - Thứ 3,142,96.48%,83.10%,1.41%,9.65,118,2,137,2,22,5,3.52%,15.49%,142,Lâm Đồng,NTB,AM Nga
NTB - Lâm Đồng,(LDO) Bảo Lâm 1,Hàng Mới Ca 1,2026-10-08 - Thứ 5,203,93.60%,87.68%,0.99%,9.16,178,2,190,2,23,13,6.40%,11.33%,203,Lâm Đồng,NTB,AM Nga
NTB - Lâm Đồng,(LDO) Bảo Lâm 1,Hàng Mới Ca 1,2026-09-19 - Thứ 7,220,75.00%,65.91%,0.91%,9.81,145,2,165,2,73,55,25.00%,33.18%,220,Lâm Đồng,NTB,AM Nga
NTB - Lâm Đồng,(LDO) Bảo Lâm 1,Hàng Mới Ca 1,2026-10-04 - Chủ Nhật,264,98.11%,90.15%,0.76%,12.48,238,2,259,2,24,5,1.89%,9.09%,264,Lâm Đồng,NTB,AM Nga
NTB - Lâm Đồng,(LDO) Bảo Lâm 1,Hàng Mới Ca 1,2026-09-30 - Thứ 4,168,98.81%,91.67%,1.19%,10.94,154,2,166,2,12,2,1.19%,7.14%,168,Lâm Đồng,NTB,AM Nga
NTB - Lâm Đồng,(LDO) Bảo Lâm 1,Hàng Mới Ca 1,2026-09-17 - Thứ 5,397,85.39%,74.06%,0.25%,6.47,294,1,339,1,102,58,14.61%,25.69%,397,Lâm Đồng,NTB,AM Nga
NTB - Lâm Đồng,(LDO) Bảo Lâm 1,Hàng Mới Ca 1,2026-10-09 - Thứ 6,285,93.33%,87.02%,1.75%,11.09,248,5,266,5,32,19,6.67%,11.23%,285,Lâm Đồng,NTB,AM Nga
NTB - Lâm Đồng,(LDO) Bảo Lâm 1,Hàng Mới Ca 1,2026-09-26 - Thứ 7,605,95.70%,73.39%,0.83%,23.13,444,5,579,5,156,26,4.30%,25.78%,605,Lâm Đồng,NTB,AM Nga
NTB - Lâm Đồng,(LDO) Bảo Lâm 1,Hàng Mới Ca 1,2026-09-28 - Thứ 2,126,97.62%,87.30%,0.00%,15.02,110,0,123,0,16,3,2.38%,12.70%,126,Lâm Đồng,NTB,AM Nga
NTB - Lâm Đồng,(LDO) Bảo Lâm 1,Hàng Mới Ca 1,2026-10-07 - Thứ 4,169,92.90%,86.98%,2.37%,8.4,147,4,157,4,18,12,7.10%,10.65%,169,Lâm Đồng,NTB,AM Nga
NTB - Lâm Đồng,(LDO) Bảo Lâm 1,Hàng Mới Ca 1,2026-09-16 - Thứ 4,106,89.62%,78.30%,0.00%,8.02,83,0,95,0,23,11,10.38%,21.70%,106,Lâm Đồng,NTB,AM Nga
NTB - Lâm Đồng,(LDO) Bảo Lâm 1,Hàng Mới Ca 1,2026-09-25 - Thứ 6,251,85.26%,77.69%,0.40%,11.36,195,1,214,1,55,37,14.74%,21.91%,251,Lâm Đồng,NTB,AM Nga
NTB - Lâm Đồng,(LDO) Bảo Lâm 1,Hàng Mới Ca 1,2026-09-18 - Thứ 6,329,81.76%,63.22%,0.30%,6.09,208,1,269,1,120,60,18.24%,36.48%,329,Lâm Đồng,NTB,AM Nga
NTB - Lâm Đồng,(LDO) Bảo Lâm 1,Hàng Mới Ca 1,2026-09-27 - Chủ Nhật,97,98.97%,85.57%,2.06%,12.24,83,2,96,2,12,1,1.03%,12.37%,97,Lâm Đồng,NTB,AM Nga
NTB - Lâm Đồng,(LDO) Bảo Lâm 1,Hàng Mới Ca 1,2026-10-05 - Thứ 2,468,88.03%,78.21%,1.07%,17.76,366,5,412,5,97,56,11.97%,20.72%,468,Lâm Đồng,NTB,AM Nga
NTB - Lâm Đồng,(LDO) Bảo Lâm 1,Hàng Mới Ca 1,2026-10-06 - Thứ 3,276,98.55%,89.86%,0.36%,11.32,248,1,272,1,27,4,1.45%,9.78%,276,Lâm Đồng,NTB,AM Nga
NTB - Lâm Đồng,(LDO) Bảo Lâm 1,Hàng Mới Ca 2,2026-09-25 - Thứ 6,260,29.62%,26.15%,0.38%,22.85,68,1,77,1,191,183,70.38%,73.47%,260,Lâm Đồng,NTB,AM Nga
NTB - Lâm Đồng,(LDO) Bảo Lâm 1,Hàng Mới Ca 2,2026-09-27 - Chủ Nhật,274,63.50%,55.84%,0.73%,23.97,153,2,174,2,119,100,36.50%,43.43%,274,Lâm Đồng,NTB,AM Nga
NTB - Lâm Đồng,(LDO) Bảo Lâm 1,Hàng Mới Ca 2,2026-09-21 - Thứ 2,57,8.77%,8.77%,0.00%,2.4,5,0,5,0,52,52,91.23%,91.23%,57,Lâm Đồng,NTB,AM Nga
NTB - Lâm Đồng,(LDO) Bảo Lâm 1,Hàng Mới Ca 2,2026-09-20 - Chủ Nhật,261,24.14%,21.46%,0.00%,5.38,56,0,63,0,205,198,75.86%,78.54%,261,Lâm Đồng,NTB,AM Nga
NTB - Lâm Đồng,(LDO) Bảo Lâm 1,Hàng Mới Ca 2,2026-09-13 - Chủ Nhật,206,8.25%,8.25%,0.00%,4.41,17,0,17,0,189,189,91.75%,91.75%,206,Lâm Đồng,NTB,AM Nga
NTB - Lâm Đồng,(LDO) Bảo Lâm 1,Hàng Mới Ca 2,2026-09-24 - Thứ 5,112,64.29%,58.04%,0.89%,24.52,65,1,72,1,46,40,35.71%,41.07%,112,Lâm Đồng,NTB,AM Nga
NTB - Lâm Đồng,(LDO) Bảo Lâm 1,Hàng Mới Ca 2,2026-10-01 - Thứ 5,262,79.39%,69.08%,0.00%,19.89,181,0,208,0,81,54,20.61%,30.92%,262,Lâm Đồng,NTB,AM Nga
NTB - Lâm Đồng,(LDO) Bảo Lâm 1,Hàng Mới Ca 2,2026-09-12 - Thứ 7,235,0.43%,0.43%,0.00%,5,1,0,1,0,234,234,99.57%,99.57%,235,Lâm Đồng,NTB,AM Nga
NTB - Lâm Đồng,(LDO) Bảo Lâm 1,Hàng Mới Ca 2,2026-09-14 - Thứ 2,202,11.39%,11.39%,0.00%,4.41,23,0,23,0,179,179,88.61%,88.61%,202,Lâm Đồng,NTB,AM Nga
NTB - Lâm Đồng,(LDO) Bảo Lâm 1,Hàng Mới Ca 2,2026-09-15 - Thứ 3,319,20.06%,18.18%,0.00%,5.42,58,0,64,0,261,255,79.94%,81.82%,319,Lâm Đồng,NTB,AM Nga
NTB - Lâm Đồng,(LDO) Bảo Lâm 1,Hàng Mới Ca 2,2026-09-29 - Thứ 3,144,78.47%,63.19%,0.69%,23.63,91,1,113,1,52,31,21.53%,36.12%,144,Lâm Đồng,NTB,AM Nga
NTB - Lâm Đồng,(LDO) Bảo Lâm 1,Hàng Mới Ca 2,2026-10-08 - Thứ 5,248,79.84%,71.77%,0.40%,22.13,178,1,198,1,69,50,20.16%,27.83%,248,Lâm Đồng,NTB,AM Nga
NTB - Lâm Đồng,(LDO) Bảo Lâm 1,Hàng Mới Ca 2,2026-09-19 - Thứ 7,253,12.65%,11.46%,0.40%,4.52,29,1,32,1,223,221,87.35%,88.14%,253,Lâm Đồng,NTB,AM Nga
NTB - Lâm Đồng,(LDO) Bảo Lâm 1,Hàng Mới Ca 2,2026-10-04 - Chủ Nhật,152,62.50%,53.29%,0.66%,23.26,81,1,95,1,70,57,37.50%,46.05%,152,Lâm Đồng,NTB,AM Nga
NTB - Lâm Đồng,(LDO) Bảo Lâm 1,Hàng Mới Ca 2,2026-09-17 - Thứ 5,92,27.17%,25.00%,0.00%,2.17,23,0,25,0,69,67,72.83%,75.00%,92,Lâm Đồng,NTB,AM Nga
NTB - Lâm Đồng,(LDO) Bảo Lâm 1,Hàng Mới Ca 2,2026-10-07 - Thứ 4,228,78.07%,70.61%,0.00%,22.11,161,0,178,0,67,50,21.93%,29.39%,228,Lâm Đồng,NTB,AM Nga
NTB - Lâm Đồng,(LDO) Bảo Lâm 1,Hàng Mới Ca 2,2026-10-03 - Thứ 7,225,82.22%,68.44%,0.44%,20.45,154,1,185,1,70,40,17.78%,31.12%,225,Lâm Đồng,NTB,AM Nga
NTB - Lâm Đồng,(LDO) Bảo Lâm 1,Hàng Mới Ca 2,2026-09-18 - Thứ 6,218,10.55%,10.55%,0.00%,5,23,0,23,0,195,195,89.45%,89.45%,218,Lâm Đồng,NTB,AM Nga
NTB - Lâm Đồng,(LDO) Bảo Lâm 1,Hàng Mới Ca 2,2026-10-02 - Thứ 6,244,90.98%,79.51%,2.05%,20.69,194,5,222,5,45,22,9.02%,18.44%,244,Lâm Đồng,NTB,AM Nga
NTB - Lâm Đồng,(LDO) Bảo Lâm 1,Hàng Mới Ca 2,2026-09-30 - Thứ 4,173,91.91%,80.35%,0.58%,22.98,139,1,159,1,33,14,8.09%,19.07%,173,Lâm Đồng,NTB,AM Nga
NTB - Lâm Đồng,(LDO) Bảo Lâm 1,Hàng Mới Ca 2,2026-09-28 - Thứ 2,212,84.91%,76.42%,0.94%,25.25,162,2,180,2,48,32,15.09%,22.64%,212,Lâm Đồng,NTB,AM Nga
NTB - Lâm Đồng,(LDO) Bảo Lâm 1,Hàng Mới Ca 2,2026-09-16 - Thứ 4,133,51.13%,48.12%,0.75%,3.81,64,1,68,1,68,65,48.87%,51.13%,133,Lâm Đồng,NTB,AM Nga
NTB - Lâm Đồng,(LDO) Bảo Lâm 1,Hàng Mới Ca 2,2026-10-09 - Thứ 6,63,84.13%,82.54%,1.59%,20.27,52,1,53,1,10,10,15.87%,15.87%,63,Lâm Đồng,NTB,AM Nga
NTB - Lâm Đồng,(LDO) Bảo Lâm 1,Hàng Mới Ca 2,2026-10-06 - Thứ 3,230,81.30%,71.30%,0.43%,23.99,164,1,187,1,65,43,18.70%,28.27%,230,Lâm Đồng,NTB,AM Nga
NTB - Lâm Đồng,(LDO) Bảo Lâm 1,Hàng Tồn,2026-10-07 - Thứ 4,155,71.61%,42.58%,6.45%,57.59,66,10,111,10,79,44,28.39%,50.97%,0,Lâm Đồng,NTB,AM Nga
NTB - Lâm Đồng,(LDO) Bảo Lâm 1,Hàng Tồn,2026-09-21 - Thứ 2,501,81.04%,62.08%,2.20%,40.53,311,11,406,11,179,95,18.96%,35.72%,0,Lâm Đồng,NTB,AM Nga
NTB - Lâm Đồng,(LDO) Bảo Lâm 1,Hàng Tồn,2026-09-13 - Chủ Nhật,403,80.15%,51.12%,2.48%,40.58,206,10,323,10,187,80,19.85%,46.40%,0,Lâm Đồng,NTB,AM Nga
NTB - Lâm Đồng,(LDO) Bảo Lâm 1,Hàng Tồn,2026-09-24 - Thứ 5,220,31.82%,11.82%,4.09%,79.16,26,9,70,9,185,150,68.18%,84.09%,0,Lâm Đồng,NTB,AM Nga
NTB - Lâm Đồng,(LDO) Bảo Lâm 1,Hàng Tồn,2026-09-12 - Thứ 7,465,86.24%,63.44%,2.15%,37.93,295,10,401,10,160,64,13.76%,34.41%,0,Lâm Đồng,NTB,AM Nga
NTB - Lâm Đồng,(LDO) Bảo Lâm 1,Hàng Tồn,2026-10-05 - Thứ 2,144,88.19%,58.33%,5.56%,54.25,84,8,127,8,52,17,11.81%,36.11%,0,Lâm Đồng,NTB,AM Nga
NTB - Lâm Đồng,(LDO) Bảo Lâm 1,Hàng Tồn,2026-09-23 - Thứ 4,137,32.85%,8.76%,5.11%,82.25,12,7,45,7,118,92,67.15%,86.13%,0,Lâm Đồng,NTB,AM Nga
NTB - Lâm Đồng,(LDO) Bảo Lâm 1,Hàng Tồn,2026-09-14 - Thứ 2,465,72.69%,53.33%,1.29%,39.23,248,6,338,6,211,127,27.31%,45.38%,0,Lâm Đồng,NTB,AM Nga
NTB - Lâm Đồng,(LDO) Bảo Lâm 1,Hàng Tồn,2026-09-15 - Thứ 3,465,79.14%,55.48%,2.58%,40.65,258,12,368,12,195,97,20.86%,41.94%,0,Lâm Đồng,NTB,AM Nga
NTB - Lâm Đồng,(LDO) Bảo Lâm 1,Hàng Tồn,2026-10-02 - Thứ 6,150,80.67%,49.33%,4.67%,51.21,74,7,121,7,69,29,19.33%,46.00%,0,Lâm Đồng,NTB,AM Nga
NTB - Lâm Đồng,(LDO) Bảo Lâm 1,Hàng Tồn,2026-09-29 - Thứ 3,165,82.42%,33.94%,8.48%,88.28,56,14,136,14,95,29,17.58%,57.58%,0,Lâm Đồng,NTB,AM Nga
NTB - Lâm Đồng,(LDO) Bảo Lâm 1,Hàng Tồn,2026-10-08 - Thứ 5,150,54.00%,30.00%,2.00%,55.59,45,3,81,3,102,69,46.00%,68.00%,0,Lâm Đồng,NTB,AM Nga
NTB - Lâm Đồng,(LDO) Bảo Lâm 1,Hàng Tồn,2026-09-19 - Thứ 7,444,76.35%,51.13%,0.90%,34.46,227,4,339,4,213,105,23.65%,47.97%,0,Lâm Đồng,NTB,AM Nga
NTB - Lâm Đồng,(LDO) Bảo Lâm 1,Hàng Tồn,2026-09-30 - Thứ 4,164,89.02%,43.29%,12.80%,70.35,71,21,146,21,72,18,10.98%,43.91%,0,Lâm Đồng,NTB,AM Nga
NTB - Lâm Đồng,(LDO) Bảo Lâm 1,Hàng Tồn,2026-09-17 - Thứ 5,265,86.42%,54.34%,2.64%,51.04,144,7,229,7,114,36,13.58%,43.02%,0,Lâm Đồng,NTB,AM Nga
NTB - Lâm Đồng,(LDO) Bảo Lâm 1,Hàng Tồn,2026-09-26 - Thứ 7,389,96.66%,57.07%,2.06%,59.39,222,8,376,8,159,13,3.34%,40.87%,0,Lâm Đồng,NTB,AM Nga
NTB - Lâm Đồng,(LDO) Bảo Lâm 1,Hàng Tồn,2026-09-28 - Thứ 2,312,90.71%,50.96%,6.73%,65.97,159,21,283,21,132,29,9.29%,42.31%,0,Lâm Đồng,NTB,AM Nga
NTB - Lâm Đồng,(LDO) Bảo Lâm 1,Hàng Tồn,2026-10-03 - Thứ 7,109,88.07%,44.95%,8.26%,61.86,49,9,96,9,51,13,11.93%,46.79%,0,Lâm Đồng,NTB,AM Nga
NTB - Lâm Đồng,(LDO) Bảo Lâm 1,Hàng Tồn,2026-09-16 - Thứ 4,483,86.96%,59.21%,1.66%,35.09,286,8,420,8,189,63,13.04%,39.13%,0,Lâm Đồng,NTB,AM Nga
NTB - Lâm Đồng,(LDO) Bảo Lâm 1,Hàng Tồn,2026-09-25 - Thứ 6,263,64.26%,43.35%,1.52%,76.54,114,4,169,4,145,94,35.74%,55.13%,0,Lâm Đồng,NTB,AM Nga
NTB - Lâm Đồng,(LDO) Bảo Lâm 1,Hàng Tồn,2026-09-18 - Thứ 6,285,81.05%,45.96%,3.51%,44.3,131,10,231,10,144,54,18.95%,50.53%,0,Lâm Đồng,NTB,AM Nga
NTB - Lâm Đồng,(LDO) Bảo Lâm 1,Hàng Tồn,2026-09-27 - Chủ Nhật,283,73.85%,37.46%,3.53%,59.72,106,10,209,10,167,74,26.15%,59.01%,0,Lâm Đồng,NTB,AM Nga
NTB - Lâm Đồng,(LDO) Bảo Lâm 1,Hàng Tồn,2026-09-20 - Chủ Nhật,490,60.00%,45.31%,2.86%,36.45,222,14,294,14,254,196,40.00%,51.83%,0,Lâm Đồng,NTB,AM Nga
NTB - Lâm Đồng,(LDO) Bảo Lâm 1,Hàng Tồn,2026-10-06 - Thứ 3,138,75.36%,43.48%,3.62%,51.5,60,5,104,5,73,34,24.64%,52.90%,0,Lâm Đồng,NTB,AM Nga
NTB - Lâm Đồng,(LDO) Bảo Lâm 1,Hàng Tồn,2026-10-01 - Thứ 5,92,77.17%,30.43%,7.61%,70.33,28,7,71,7,57,21,22.83%,61.96%,0,Lâm Đồng,NTB,AM Nga
NTB - Lâm Đồng,(LDO) Bảo Lâm 1,Hàng Tồn,2026-10-04 - Chủ Nhật,126,76.98%,50.00%,9.52%,54.89,63,12,97,12,51,29,23.02%,40.48%,0,Lâm Đồng,NTB,AM Nga
NTB - Lâm Đồng,(LDO) Bảo Lâm 1,Hàng Tồn,2026-10-09 - Thứ 6,186,49.46%,25.81%,5.91%,61.85,48,11,92,11,127,94,50.54%,68.28%,0,Lâm Đồng,NTB,AM Nga
NTB - Lâm Đồng,(LDO) Bảo Lâm 1,Hàng Tồn,2026-09-22 - Thứ 3,242,64.88%,40.91%,2.07%,46.42,99,5,157,5,138,85,35.12%,57.02%,0,Lâm Đồng,NTB,AM Nga
NTB - Lâm Đồng,(LDO) B'Lao,Hàng Mới Ca 1,2026-09-16 - Thứ 4,229,99.13%,87.34%,1.75%,5.24,200,4,227,4,25,2,0.87%,10.91%,229,Lâm Đồng,NTB,AM Nga
NTB - Lâm Đồng,(LDO) B'Lao,Hàng Mới Ca 1,2026-09-27 - Chủ Nhật,240,99.17%,85.83%,0.42%,5.89,206,1,238,1,33,2,0.83%,13.75%,240,Lâm Đồng,NTB,AM Nga
NTB - Lâm Đồng,(LDO) B'Lao,Hàng Mới Ca 1,2026-09-20 - Chủ Nhật,287,100.00%,86.41%,0.35%,4.28,248,1,287,1,38,0,0.00%,13.24%,287,Lâm Đồng,NTB,AM Nga
NTB - Lâm Đồng,(LDO) B'Lao,Hàng Mới Ca 1,2026-10-06 - Thứ 3,449,99.55%,84.63%,1.11%,5.88,380,5,447,5,64,2,0.45%,14.26%,449,Lâm Đồng,NTB,AM Nga
NTB - Lâm Đồng,(LDO) B'Lao,Hàng Mới Ca 1,2026-10-01 - Thứ 5,326,99.08%,85.58%,0.61%,5.53,279,2,323,2,45,3,0.92%,13.81%,326,Lâm Đồng,NTB,AM Nga
NTB - Lâm Đồng,(LDO) B'Lao,Hàng Mới Ca 1,2026-10-05 - Thứ 2,917,96.29%,81.13%,1.64%,11.98,744,15,883,15,158,34,3.71%,17.23%,917,Lâm Đồng,NTB,AM Nga
NTB - Lâm Đồng,(LDO) B'Lao,Hàng Mới Ca 1,2026-09-22 - Thứ 3,702,93.30%,81.05%,1.71%,10.79,569,12,655,12,121,47,6.70%,17.24%,702,Lâm Đồng,NTB,AM Nga
NTB - Lâm Đồng,(LDO) B'Lao,Hàng Mới Ca 1,2026-09-23 - Thứ 4,410,99.02%,90.73%,0.98%,5.92,372,4,406,4,34,4,0.98%,8.29%,410,Lâm Đồng,NTB,AM Nga
NTB - Lâm Đồng,(LDO) B'Lao,Hàng Mới Ca 1,2026-09-14 - Thứ 2,364,98.90%,83.24%,2.47%,6.17,303,9,360,9,52,4,1.10%,14.29%,364,Lâm Đồng,NTB,AM Nga
NTB - Lâm Đồng,(LDO) B'Lao,Hàng Mới Ca 1,2026-09-15 - Thứ 3,240,99.58%,88.33%,1.25%,5.35,212,3,239,3,25,1,0.42%,10.42%,240,Lâm Đồng,NTB,AM Nga
NTB - Lâm Đồng,(LDO) B'Lao,Hàng Mới Ca 1,2026-10-02 - Thứ 6,441,99.77%,90.02%,0.45%,5.83,397,2,440,2,42,1,0.23%,9.53%,441,Lâm Đồng,NTB,AM Nga
NTB - Lâm Đồng,(LDO) B'Lao,Hàng Mới Ca 1,2026-10-08 - Thứ 5,510,99.02%,90.00%,1.18%,6.12,459,6,505,6,45,5,0.98%,8.82%,510,Lâm Đồng,NTB,AM Nga
NTB - Lâm Đồng,(LDO) B'Lao,Hàng Mới Ca 1,2026-09-19 - Thứ 7,310,100.00%,88.71%,0.00%,5.2,275,0,310,0,35,0,0.00%,11.29%,310,Lâm Đồng,NTB,AM Nga
NTB - Lâm Đồng,(LDO) B'Lao,Hàng Mới Ca 1,2026-10-04 - Chủ Nhật,542,85.24%,71.03%,0.74%,5.39,385,4,462,4,153,80,14.76%,28.23%,542,Lâm Đồng,NTB,AM Nga
NTB - Lâm Đồng,(LDO) B'Lao,Hàng Mới Ca 1,2026-09-30 - Thứ 4,276,99.64%,88.41%,3.62%,5.47,244,10,275,10,22,1,0.36%,7.97%,276,Lâm Đồng,NTB,AM Nga
NTB - Lâm Đồng,(LDO) B'Lao,Hàng Mới Ca 1,2026-09-17 - Thứ 5,698,99.57%,85.96%,1.58%,4.18,600,11,695,11,87,3,0.43%,12.46%,698,Lâm Đồng,NTB,AM Nga
NTB - Lâm Đồng,(LDO) B'Lao,Hàng Mới Ca 1,2026-09-26 - Thứ 7,827,93.83%,83.31%,1.09%,17.07,689,9,776,9,129,51,6.17%,15.60%,827,Lâm Đồng,NTB,AM Nga
NTB - Lâm Đồng,(LDO) B'Lao,Hàng Mới Ca 1,2026-09-28 - Thứ 2,307,100.00%,88.93%,0.65%,6.16,273,2,307,2,32,0,0.00%,10.42%,307,Lâm Đồng,NTB,AM Nga
NTB - Lâm Đồng,(LDO) B'Lao,Hàng Mới Ca 1,2026-10-07 - Thứ 4,385,99.48%,88.57%,0.78%,5.61,341,3,383,3,41,2,0.52%,10.65%,385,Lâm Đồng,NTB,AM Nga
NTB - Lâm Đồng,(LDO) B'Lao,Hàng Mới Ca 1,2026-10-03 - Thứ 7,543,96.87%,85.08%,0.74%,5.76,462,4,526,4,77,17,3.13%,14.18%,543,Lâm Đồng,NTB,AM Nga
NTB - Lâm Đồng,(LDO) B'Lao,Hàng Mới Ca 1,2026-09-25 - Thứ 6,679,98.38%,87.63%,2.65%,6.71,595,18,668,18,66,11,1.62%,9.72%,679,Lâm Đồng,NTB,AM Nga
NTB - Lâm Đồng,(LDO) B'Lao,Hàng Mới Ca 1,2026-09-18 - Thứ 6,676,98.52%,81.66%,0.59%,4.69,552,4,666,4,120,10,1.48%,17.75%,676,Lâm Đồng,NTB,AM Nga
NTB - Lâm Đồng,(LDO) B'Lao,Hàng Mới Ca 1,2026-09-12 - Thứ 7,364,98.90%,89.01%,0.55%,6.01,324,2,360,2,38,4,1.10%,10.44%,364,Lâm Đồng,NTB,AM Nga
NTB - Lâm Đồng,(LDO) B'Lao,Hàng Mới Ca 1,2026-09-13 - Chủ Nhật,555,99.82%,82.88%,0.54%,5.73,460,3,554,3,92,1,0.18%,16.58%,555,Lâm Đồng,NTB,AM Nga
NTB - Lâm Đồng,(LDO) B'Lao,Hàng Mới Ca 1,2026-09-29 - Thứ 3,380,98.42%,86.58%,0.53%,5.47,329,2,374,2,49,6,1.58%,12.89%,380,Lâm Đồng,NTB,AM Nga
NTB - Lâm Đồng,(LDO) B'Lao,Hàng Mới Ca 1,2026-10-09 - Thứ 6,776,97.68%,85.31%,1.55%,7,662,12,758,12,102,18,2.32%,13.14%,776,Lâm Đồng,NTB,AM Nga
NTB - Lâm Đồng,(LDO) B'Lao,Hàng Mới Ca 1,2026-09-21 - Thứ 2,157,99.36%,92.99%,0.64%,5.24,146,1,156,1,10,1,0.64%,6.37%,157,Lâm Đồng,NTB,AM Nga
NTB - Lâm Đồng,(LDO) B'Lao,Hàng Mới Ca 1,2026-09-24 - Thứ 5,397,99.50%,90.43%,0.50%,6.04,359,2,395,2,36,2,0.50%,9.07%,397,Lâm Đồng,NTB,AM Nga
NTB - Lâm Đồng,(LDO) B'Lao,Hàng Mới Ca 2,2026-09-27 - Chủ Nhật,423,56.26%,47.99%,0.24%,2.84,203,1,238,1,219,185,43.74%,51.77%,423,Lâm Đồng,NTB,AM Nga
NTB - Lâm Đồng,(LDO) B'Lao,Hàng Mới Ca 2,2026-09-20 - Chủ Nhật,519,36.80%,32.37%,0.00%,3.18,168,0,191,0,351,328,63.20%,67.63%,519,Lâm Đồng,NTB,AM Nga
NTB - Lâm Đồng,(LDO) B'Lao,Hàng Mới Ca 2,2026-09-13 - Chủ Nhật,468,38.25%,33.55%,0.64%,2.21,157,3,179,3,308,289,61.75%,65.81%,468,Lâm Đồng,NTB,AM Nga
NTB - Lâm Đồng,(LDO) B'Lao,Hàng Mới Ca 2,2026-09-24 - Thứ 5,551,66.97%,58.80%,1.45%,2.94,324,8,369,8,219,182,33.03%,39.75%,551,Lâm Đồng,NTB,AM Nga
NTB - Lâm Đồng,(LDO) B'Lao,Hàng Mới Ca 2,2026-10-06 - Thứ 3,415,53.73%,46.99%,1.20%,2.98,195,5,223,5,215,192,46.27%,51.81%,415,Lâm Đồng,NTB,AM Nga
NTB - Lâm Đồng,(LDO) B'Lao,Hàng Mới Ca 2,2026-10-01 - Thứ 5,478,66.53%,45.19%,0.84%,2.93,216,4,318,4,258,160,33.47%,53.97%,478,Lâm Đồng,NTB,AM Nga
NTB - Lâm Đồng,(LDO) B'Lao,Hàng Mới Ca 2,2026-09-12 - Thứ 7,394,58.12%,52.03%,0.76%,3.15,205,3,229,3,186,165,41.88%,47.21%,394,Lâm Đồng,NTB,AM Nga
NTB - Lâm Đồng,(LDO) B'Lao,Hàng Mới Ca 2,2026-10-05 - Thứ 2,349,49.28%,42.69%,0.29%,3.04,149,1,172,1,199,177,50.72%,57.02%,349,Lâm Đồng,NTB,AM Nga
NTB - Lâm Đồng,(LDO) B'Lao,Hàng Mới Ca 2,2026-09-14 - Thứ 2,440,61.14%,53.41%,0.68%,2.89,235,3,269,3,202,171,38.86%,45.91%,440,Lâm Đồng,NTB,AM Nga
NTB - Lâm Đồng,(LDO) B'Lao,Hàng Mới Ca 2,2026-09-15 - Thứ 3,505,65.54%,55.25%,0.99%,3.12,279,5,331,5,221,174,34.46%,43.76%,505,Lâm Đồng,NTB,AM Nga
NTB - Lâm Đồng,(LDO) B'Lao,Hàng Mới Ca 2,2026-10-02 - Thứ 6,445,53.03%,48.99%,0.45%,3.33,218,2,236,2,225,209,46.97%,50.56%,445,Lâm Đồng,NTB,AM Nga
NTB - Lâm Đồng,(LDO) B'Lao,Hàng Mới Ca 2,2026-09-29 - Thứ 3,334,59.28%,52.10%,0.60%,2.51,174,2,198,2,158,136,40.72%,47.30%,334,Lâm Đồng,NTB,AM Nga
NTB - Lâm Đồng,(LDO) B'Lao,Hàng Mới Ca 2,2026-10-08 - Thứ 5,211,67.30%,62.09%,0.00%,2.58,131,0,142,0,80,69,32.70%,37.91%,211,Lâm Đồng,NTB,AM Nga
NTB - Lâm Đồng,(LDO) B'Lao,Hàng Mới Ca 2,2026-09-30 - Thứ 4,492,64.84%,54.88%,0.61%,3.54,270,3,319,3,219,173,35.16%,44.51%,492,Lâm Đồng,NTB,AM Nga
NTB - Lâm Đồng,(LDO) B'Lao,Hàng Mới Ca 2,2026-09-17 - Thứ 5,201,67.16%,60.70%,1.00%,2.57,122,2,135,2,77,66,32.84%,38.30%,201,Lâm Đồng,NTB,AM Nga
NTB - Lâm Đồng,(LDO) B'Lao,Hàng Mới Ca 2,2026-10-09 - Thứ 6,453,44.37%,37.75%,1.10%,3.49,171,5,201,5,277,252,55.63%,61.15%,453,Lâm Đồng,NTB,AM Nga
NTB - Lâm Đồng,(LDO) B'Lao,Hàng Mới Ca 2,2026-09-26 - Thứ 7,510,59.22%,54.51%,0.39%,3.05,278,2,302,2,230,208,40.78%,45.10%,510,Lâm Đồng,NTB,AM Nga
NTB - Lâm Đồng,(LDO) B'Lao,Hàng Mới Ca 2,2026-09-28 - Thứ 2,251,60.56%,51.39%,0.00%,2.69,129,0,152,0,122,99,39.44%,48.61%,251,Lâm Đồng,NTB,AM Nga
NTB - Lâm Đồng,(LDO) B'Lao,Hàng Mới Ca 2,2026-10-07 - Thứ 4,473,53.28%,48.20%,0.85%,2.98,228,4,252,4,241,221,46.72%,50.95%,473,Lâm Đồng,NTB,AM Nga
NTB - Lâm Đồng,(LDO) B'Lao,Hàng Mới Ca 2,2026-10-03 - Thứ 7,199,48.24%,42.71%,0.00%,1.85,85,0,96,0,114,103,51.76%,57.29%,199,Lâm Đồng,NTB,AM Nga
NTB - Lâm Đồng,(LDO) B'Lao,Hàng Mới Ca 2,2026-09-18 - Thứ 6,496,57.06%,49.60%,0.81%,2.94,246,4,283,4,246,213,42.94%,49.59%,496,Lâm Đồng,NTB,AM Nga
NTB - Lâm Đồng,(LDO) B'Lao,Hàng Mới Ca 2,2026-09-22 - Thứ 3,221,1.81%,1.81%,0.00%,1,4,0,4,0,217,217,98.19%,98.19%,221,Lâm Đồng,NTB,AM Nga
NTB - Lâm Đồng,(LDO) B'Lao,Hàng Mới Ca 2,2026-09-23 - Thứ 4,212,71.70%,62.74%,0.94%,1.95,133,2,152,2,77,60,28.30%,36.32%,212,Lâm Đồng,NTB,AM Nga
NTB - Lâm Đồng,(LDO) B'Lao,Hàng Mới Ca 2,2026-09-19 - Thứ 7,489,48.06%,41.31%,1.23%,2.2,202,6,235,6,281,254,51.94%,57.46%,489,Lâm Đồng,NTB,AM Nga
NTB - Lâm Đồng,(LDO) B'Lao,Hàng Mới Ca 2,2026-09-16 - Thứ 4,169,72.78%,66.86%,0.59%,2.02,113,1,123,1,55,46,27.22%,32.55%,169,Lâm Đồng,NTB,AM Nga
NTB - Lâm Đồng,(LDO) B'Lao,Hàng Mới Ca 2,2026-09-21 - Thứ 2,110,40.91%,30.91%,7.27%,2.62,34,8,45,8,68,65,59.09%,61.82%,110,Lâm Đồng,NTB,AM Nga
NTB - Lâm Đồng,(LDO) B'Lao,Hàng Mới Ca 2,2026-09-25 - Thứ 6,2,100.00%,100.00%,0.00%,3,2,0,2,0,0,0,0.00%,0.00%,2,Lâm Đồng,NTB,AM Nga
NTB - Lâm Đồng,(LDO) B'Lao,Hàng Tồn,2026-09-25 - Thứ 6,312,94.23%,63.46%,2.88%,26.05,198,9,294,9,105,18,5.77%,33.66%,0,Lâm Đồng,NTB,AM Nga
NTB - Lâm Đồng,(LDO) B'Lao,Hàng Tồn,2026-09-27 - Chủ Nhật,362,96.13%,51.66%,2.21%,28.44,187,8,348,8,167,14,3.87%,46.13%,0,Lâm Đồng,NTB,AM Nga
NTB - Lâm Đồng,(LDO) B'Lao,Hàng Tồn,2026-09-21 - Thứ 2,537,97.21%,73.37%,4.47%,30.84,394,24,522,24,119,15,2.79%,22.16%,0,Lâm Đồng,NTB,AM Nga
NTB - Lâm Đồng,(LDO) B'Lao,Hàng Tồn,2026-09-13 - Chủ Nhật,340,97.35%,53.24%,6.76%,29.73,181,23,331,23,136,9,2.65%,40.00%,0,Lâm Đồng,NTB,AM Nga
NTB - Lâm Đồng,(LDO) B'Lao,Hàng Tồn,2026-10-06 - Thứ 3,386,97.67%,55.18%,6.74%,30.38,213,26,377,26,147,9,2.33%,38.08%,0,Lâm Đồng,NTB,AM Nga
NTB - Lâm Đồng,(LDO) B'Lao,Hàng Tồn,2026-10-01 - Thứ 5,345,96.52%,56.23%,2.90%,27.3,194,10,333,10,141,12,3.48%,40.87%,0,Lâm Đồng,NTB,AM Nga
NTB - Lâm Đồng,(LDO) B'Lao,Hàng Tồn,2026-09-12 - Thứ 7,388,97.16%,54.38%,5.67%,31,211,22,377,22,155,11,2.84%,39.95%,0,Lâm Đồng,NTB,AM Nga
NTB - Lâm Đồng,(LDO) B'Lao,Hàng Tồn,2026-10-05 - Thứ 2,319,97.49%,60.82%,7.84%,45.68,194,25,311,25,100,8,2.51%,31.34%,0,Lâm Đồng,NTB,AM Nga
NTB - Lâm Đồng,(LDO) B'Lao,Hàng Tồn,2026-09-22 - Thứ 3,179,92.18%,47.49%,11.17%,35.15,85,20,165,20,74,14,7.82%,41.34%,0,Lâm Đồng,NTB,AM Nga
NTB - Lâm Đồng,(LDO) B'Lao,Hàng Tồn,2026-09-14 - Thứ 2,509,97.84%,67.19%,6.29%,28.37,342,32,498,32,135,11,2.16%,26.52%,0,Lâm Đồng,NTB,AM Nga
NTB - Lâm Đồng,(LDO) B'Lao,Hàng Tồn,2026-09-15 - Thứ 3,364,98.08%,56.04%,5.22%,28.47,204,19,357,19,141,7,1.92%,38.74%,0,Lâm Đồng,NTB,AM Nga
NTB - Lâm Đồng,(LDO) B'Lao,Hàng Tồn,2026-10-02 - Thứ 6,418,96.65%,59.09%,4.31%,27.55,247,18,404,18,153,14,3.35%,36.60%,0,Lâm Đồng,NTB,AM Nga
NTB - Lâm Đồng,(LDO) B'Lao,Hàng Tồn,2026-10-08 - Thứ 5,384,97.92%,62.76%,7.29%,29.5,241,28,376,28,115,8,2.08%,29.95%,0,Lâm Đồng,NTB,AM Nga
NTB - Lâm Đồng,(LDO) B'Lao,Hàng Tồn,2026-09-19 - Thứ 7,447,95.08%,56.82%,4.03%,26.99,254,18,425,18,175,22,4.92%,39.15%,0,Lâm Đồng,NTB,AM Nga
NTB - Lâm Đồng,(LDO) B'Lao,Hàng Tồn,2026-10-04 - Chủ Nhật,308,76.95%,37.01%,5.52%,29.32,114,17,237,17,177,71,23.05%,57.47%,0,Lâm Đồng,NTB,AM Nga
NTB - Lâm Đồng,(LDO) B'Lao,Hàng Tồn,2026-09-30 - Thứ 4,284,95.42%,52.82%,3.87%,27.46,150,11,271,11,123,13,4.58%,43.31%,0,Lâm Đồng,NTB,AM Nga
NTB - Lâm Đồng,(LDO) B'Lao,Hàng Tồn,2026-09-17 - Thứ 5,179,92.18%,38.55%,12.29%,33.72,69,22,165,22,88,14,7.82%,49.16%,0,Lâm Đồng,NTB,AM Nga
NTB - Lâm Đồng,(LDO) B'Lao,Hàng Tồn,2026-10-09 - Thứ 6,217,94.93%,52.07%,8.29%,32.86,113,18,206,18,86,11,5.07%,39.64%,0,Lâm Đồng,NTB,AM Nga
NTB - Lâm Đồng,(LDO) B'Lao,Hàng Tồn,2026-09-28 - Thứ 2,399,97.49%,62.91%,5.01%,31.84,251,20,389,20,128,10,2.51%,32.08%,0,Lâm Đồng,NTB,AM Nga
NTB - Lâm Đồng,(LDO) B'Lao,Hàng Tồn,2026-10-07 - Thứ 4,408,98.53%,59.56%,5.39%,31.08,243,22,402,22,143,6,1.47%,35.05%,0,Lâm Đồng,NTB,AM Nga
NTB - Lâm Đồng,(LDO) B'Lao,Hàng Tồn,2026-10-03 - Thứ 7,393,96.95%,56.23%,6.62%,29.53,221,26,381,26,146,12,3.05%,37.15%,0,Lâm Đồng,NTB,AM Nga
NTB - Lâm Đồng,(LDO) B'Lao,Hàng Tồn,2026-09-16 - Thứ 4,356,96.07%,56.46%,5.06%,26.86,201,18,342,18,137,14,3.93%,38.48%,0,Lâm Đồng,NTB,AM Nga
NTB - Lâm Đồng,(LDO) B'Lao,Hàng Tồn,2026-09-18 - Thứ 6,233,93.99%,48.93%,7.30%,31.61,114,17,219,17,102,14,6.01%,43.77%,0,Lâm Đồng,NTB,AM Nga
NTB - Lâm Đồng,(LDO) B'Lao,Hàng Tồn,2026-09-20 - Chủ Nhật,449,95.55%,56.35%,5.35%,26.82,253,24,429,24,172,20,4.45%,38.30%,0,Lâm Đồng,NTB,AM Nga
NTB - Lâm Đồng,(LDO) B'Lao,Hàng Tồn,2026-09-24 - Thứ 5,191,95.29%,50.79%,6.81%,28.77,97,13,182,13,81,9,4.71%,42.40%,0,Lâm Đồng,NTB,AM Nga
NTB - Lâm Đồng,(LDO) B'Lao,Hàng Tồn,2026-09-23 - Thứ 4,338,95.86%,66.27%,5.03%,26.38,224,17,324,17,97,14,4.14%,28.70%,0,Lâm Đồng,NTB,AM Nga
NTB - Lâm Đồng,(LDO) B'Lao,Hàng Tồn,2026-09-29 - Thứ 3,249,96.39%,48.19%,7.63%,31.57,120,19,240,19,110,9,3.61%,44.18%,0,Lâm Đồng,NTB,AM Nga
NTB - Lâm Đồng,(LDO) B'Lao,Hàng Tồn,2026-09-26 - Thứ 7,149,94.63%,30.20%,12.75%,43.04,45,19,141,19,85,8,5.37%,57.05%,0,Lâm Đồng,NTB,AM Nga
NTB - Lâm Đồng,(LDO) 3 Bảo Lộc,Hàng Mới Ca 1,2026-09-18 - Thứ 6,635,99.37%,85.20%,0.16%,7.02,541,1,631,1,93,4,0.63%,14.64%,635,Lâm Đồng,NTB,AM Vũ
NTB - Lâm Đồng,(LDO) 3 Bảo Lộc,Hàng Mới Ca 1,2026-09-27 - Chủ Nhật,214,99.53%,90.19%,0.47%,6.53,193,1,213,1,20,1,0.47%,9.34%,214,Lâm Đồng,NTB,AM Vũ
NTB - Lâm Đồng,(LDO) 3 Bảo Lộc,Hàng Mới Ca 1,2026-09-21 - Thứ 2,133,100.00%,78.95%,1.50%,5.72,105,2,133,2,26,0,0.00%,19.55%,133,Lâm Đồng,NTB,AM Vũ
NTB - Lâm Đồng,(LDO) 3 Bảo Lộc,Hàng Mới Ca 1,2026-09-20 - Chủ Nhật,209,99.52%,84.69%,1.44%,8.26,177,3,208,3,29,1,0.48%,13.87%,209,Lâm Đồng,NTB,AM Vũ
NTB - Lâm Đồng,(LDO) 3 Bảo Lộc,Hàng Mới Ca 1,2026-09-13 - Chủ Nhật,610,94.26%,79.67%,0.66%,10.94,486,4,575,4,120,35,5.74%,19.67%,610,Lâm Đồng,NTB,AM Vũ
NTB - Lâm Đồng,(LDO) 3 Bảo Lộc,Hàng Mới Ca 1,2026-09-24 - Thứ 5,394,100.00%,89.85%,1.27%,7.1,354,5,394,5,35,0,0.00%,8.88%,394,Lâm Đồng,NTB,AM Vũ
NTB - Lâm Đồng,(LDO) 3 Bảo Lộc,Hàng Mới Ca 1,2026-10-01 - Thứ 5,304,99.34%,86.18%,0.33%,6.89,262,1,302,1,41,2,0.66%,13.49%,304,Lâm Đồng,NTB,AM Vũ
NTB - Lâm Đồng,(LDO) 3 Bảo Lộc,Hàng Mới Ca 1,2026-09-12 - Thứ 7,297,100.00%,89.23%,0.00%,8.3,265,0,297,0,32,0,0.00%,10.77%,297,Lâm Đồng,NTB,AM Vũ
NTB - Lâm Đồng,(LDO) 3 Bảo Lộc,Hàng Mới Ca 1,2026-10-05 - Thứ 2,883,86.30%,76.22%,0.68%,17.02,673,6,762,6,204,121,13.70%,23.10%,883,Lâm Đồng,NTB,AM Vũ
NTB - Lâm Đồng,(LDO) 3 Bảo Lộc,Hàng Mới Ca 1,2026-09-22 - Thứ 3,607,94.89%,82.70%,0.82%,11.57,502,5,576,5,100,31,5.11%,16.48%,607,Lâm Đồng,NTB,AM Vũ
NTB - Lâm Đồng,(LDO) 3 Bảo Lộc,Hàng Mới Ca 1,2026-09-23 - Thứ 4,430,99.53%,89.77%,2.09%,7,386,9,428,9,35,2,0.47%,8.14%,430,Lâm Đồng,NTB,AM Vũ
NTB - Lâm Đồng,(LDO) 3 Bảo Lộc,Hàng Mới Ca 1,2026-09-14 - Thứ 2,403,100.00%,81.89%,0.74%,6.7,330,3,403,3,70,0,0.00%,17.37%,403,Lâm Đồng,NTB,AM Vũ
NTB - Lâm Đồng,(LDO) 3 Bảo Lộc,Hàng Mới Ca 1,2026-09-15 - Thứ 3,230,100.00%,85.65%,1.30%,5.7,197,3,230,3,30,0,0.00%,13.05%,230,Lâm Đồng,NTB,AM Vũ
NTB - Lâm Đồng,(LDO) 3 Bảo Lộc,Hàng Mới Ca 1,2026-10-02 - Thứ 6,329,99.39%,88.75%,0.30%,6.62,292,1,327,1,36,2,0.61%,10.95%,329,Lâm Đồng,NTB,AM Vũ
NTB - Lâm Đồng,(LDO) 3 Bảo Lộc,Hàng Mới Ca 1,2026-09-19 - Thứ 7,317,99.37%,82.97%,0.63%,8.32,263,2,315,2,52,2,0.63%,16.40%,317,Lâm Đồng,NTB,AM Vũ
NTB - Lâm Đồng,(LDO) 3 Bảo Lộc,Hàng Mới Ca 1,2026-10-04 - Chủ Nhật,484,98.76%,81.61%,2.89%,11.4,395,14,478,14,75,6,1.24%,15.50%,484,Lâm Đồng,NTB,AM Vũ
NTB - Lâm Đồng,(LDO) 3 Bảo Lộc,Hàng Mới Ca 1,2026-09-17 - Thứ 5,682,92.08%,77.27%,1.32%,7.35,527,9,628,9,146,54,7.92%,21.41%,682,Lâm Đồng,NTB,AM Vũ
NTB - Lâm Đồng,(LDO) 3 Bảo Lộc,Hàng Mới Ca 1,2026-10-09 - Thứ 6,755,98.28%,86.75%,1.06%,14.29,655,8,742,8,92,13,1.72%,12.19%,755,Lâm Đồng,NTB,AM Vũ
NTB - Lâm Đồng,(LDO) 3 Bảo Lộc,Hàng Mới Ca 1,2026-09-28 - Thứ 2,279,98.57%,89.25%,1.08%,8.1,249,3,275,3,27,4,1.43%,9.67%,279,Lâm Đồng,NTB,AM Vũ
NTB - Lâm Đồng,(LDO) 3 Bảo Lộc,Hàng Mới Ca 1,2026-09-25 - Thứ 6,564,99.29%,86.70%,1.95%,7.46,489,11,560,11,64,4,0.71%,11.35%,564,Lâm Đồng,NTB,AM Vũ
NTB - Lâm Đồng,(LDO) 3 Bảo Lộc,Hàng Mới Ca 1,2026-10-06 - Thứ 3,357,98.88%,87.96%,0.84%,10.16,314,3,353,3,40,4,1.12%,11.20%,357,Lâm Đồng,NTB,AM Vũ
NTB - Lâm Đồng,(LDO) 3 Bảo Lộc,Hàng Mới Ca 1,2026-09-29 - Thứ 3,320,100.00%,87.50%,0.94%,7.06,280,3,320,3,37,0,0.00%,11.56%,320,Lâm Đồng,NTB,AM Vũ
NTB - Lâm Đồng,(LDO) 3 Bảo Lộc,Hàng Mới Ca 1,2026-09-30 - Thứ 4,265,100.00%,88.30%,0.75%,8.15,234,2,265,2,29,0,0.00%,10.95%,265,Lâm Đồng,NTB,AM Vũ
NTB - Lâm Đồng,(LDO) 3 Bảo Lộc,Hàng Mới Ca 1,2026-09-26 - Thứ 7,759,97.89%,86.69%,1.32%,15.52,658,10,743,10,91,16,2.11%,11.99%,759,Lâm Đồng,NTB,AM Vũ
NTB - Lâm Đồng,(LDO) 3 Bảo Lộc,Hàng Mới Ca 1,2026-10-07 - Thứ 4,392,98.72%,89.03%,1.02%,8.93,349,4,387,4,39,5,1.28%,9.95%,392,Lâm Đồng,NTB,AM Vũ
NTB - Lâm Đồng,(LDO) 3 Bảo Lộc,Hàng Mới Ca 1,2026-10-03 - Thứ 7,408,99.02%,90.20%,0.74%,7.4,368,3,404,3,37,4,0.98%,9.06%,408,Lâm Đồng,NTB,AM Vũ
NTB - Lâm Đồng,(LDO) 3 Bảo Lộc,Hàng Mới Ca 1,2026-09-16 - Thứ 4,203,98.52%,81.28%,0.99%,4.65,165,2,200,2,36,3,1.48%,17.73%,203,Lâm Đồng,NTB,AM Vũ
NTB - Lâm Đồng,(LDO) 3 Bảo Lộc,Hàng Mới Ca 1,2026-10-08 - Thứ 5,371,99.73%,86.52%,1.08%,7.35,321,4,370,4,46,1,0.27%,12.40%,371,Lâm Đồng,NTB,AM Vũ
NTB - Lâm Đồng,(LDO) 3 Bảo Lộc,Hàng Mới Ca 2,2026-09-16 - Thứ 4,145,45.52%,40.69%,0.69%,1.76,59,1,66,1,85,79,54.48%,58.62%,145,Lâm Đồng,NTB,AM Vũ
NTB - Lâm Đồng,(LDO) 3 Bảo Lộc,Hàng Mới Ca 2,2026-09-25 - Thứ 6,127,96.85%,77.95%,2.36%,24.27,99,3,123,3,25,4,3.15%,19.69%,127,Lâm Đồng,NTB,AM Vũ
NTB - Lâm Đồng,(LDO) 3 Bảo Lộc,Hàng Mới Ca 2,2026-09-27 - Chủ Nhật,391,72.63%,60.10%,0.51%,12.02,235,2,284,2,154,107,27.37%,39.39%,391,Lâm Đồng,NTB,AM Vũ
NTB - Lâm Đồng,(LDO) 3 Bảo Lộc,Hàng Mới Ca 2,2026-09-20 - Chủ Nhật,491,41.34%,31.36%,0.81%,3.65,154,4,203,4,333,288,58.66%,67.83%,491,Lâm Đồng,NTB,AM Vũ
NTB - Lâm Đồng,(LDO) 3 Bảo Lộc,Hàng Mới Ca 2,2026-09-24 - Thứ 5,392,63.01%,54.08%,1.28%,8.33,212,5,247,5,175,145,36.99%,44.64%,392,Lâm Đồng,NTB,AM Vũ
NTB - Lâm Đồng,(LDO) 3 Bảo Lộc,Hàng Mới Ca 2,2026-10-06 - Thứ 3,350,63.14%,56.29%,0.57%,12.02,197,2,221,2,151,129,36.86%,43.14%,350,Lâm Đồng,NTB,AM Vũ
NTB - Lâm Đồng,(LDO) 3 Bảo Lộc,Hàng Mới Ca 2,2026-10-05 - Thứ 2,226,40.71%,38.50%,0.00%,3.83,87,0,92,0,139,134,59.29%,61.50%,226,Lâm Đồng,NTB,AM Vũ
NTB - Lâm Đồng,(LDO) 3 Bảo Lộc,Hàng Mới Ca 2,2026-09-22 - Thứ 3,120,25.83%,22.50%,0.00%,2.62,27,0,31,0,93,89,74.17%,77.50%,120,Lâm Đồng,NTB,AM Vũ
NTB - Lâm Đồng,(LDO) 3 Bảo Lộc,Hàng Mới Ca 2,2026-09-23 - Thứ 4,162,77.16%,65.43%,0.62%,6.27,106,1,125,1,55,37,22.84%,33.95%,162,Lâm Đồng,NTB,AM Vũ
NTB - Lâm Đồng,(LDO) 3 Bảo Lộc,Hàng Mới Ca 2,2026-09-14 - Thứ 2,458,48.91%,41.92%,0.66%,3.84,192,3,224,3,263,234,51.09%,57.42%,458,Lâm Đồng,NTB,AM Vũ
NTB - Lâm Đồng,(LDO) 3 Bảo Lộc,Hàng Mới Ca 2,2026-09-15 - Thứ 3,450,50.44%,45.11%,0.00%,3.34,203,0,227,0,247,223,49.56%,54.89%,450,Lâm Đồng,NTB,AM Vũ
NTB - Lâm Đồng,(LDO) 3 Bảo Lộc,Hàng Mới Ca 2,2026-10-02 - Thứ 6,457,72.21%,63.02%,1.09%,10.85,288,5,330,5,164,127,27.79%,35.89%,457,Lâm Đồng,NTB,AM Vũ
NTB - Lâm Đồng,(LDO) 3 Bảo Lộc,Hàng Mới Ca 2,2026-09-29 - Thứ 3,277,80.87%,69.31%,0.72%,8.02,192,2,224,2,83,53,19.13%,29.97%,277,Lâm Đồng,NTB,AM Vũ
NTB - Lâm Đồng,(LDO) 3 Bảo Lộc,Hàng Mới Ca 2,2026-09-19 - Thứ 7,392,42.09%,34.69%,1.02%,3.63,136,4,165,4,252,227,57.91%,64.29%,392,Lâm Đồng,NTB,AM Vũ
NTB - Lâm Đồng,(LDO) 3 Bảo Lộc,Hàng Mới Ca 2,2026-09-30 - Thứ 4,375,77.33%,64.53%,0.27%,8.99,242,1,290,1,132,85,22.67%,35.20%,375,Lâm Đồng,NTB,AM Vũ
NTB - Lâm Đồng,(LDO) 3 Bảo Lộc,Hàng Mới Ca 2,2026-09-17 - Thứ 5,170,44.71%,41.76%,0.00%,3.57,71,0,76,0,99,94,55.29%,58.24%,170,Lâm Đồng,NTB,AM Vũ
NTB - Lâm Đồng,(LDO) 3 Bảo Lộc,Hàng Mới Ca 2,2026-10-09 - Thứ 6,313,55.59%,46.33%,0.64%,9.83,145,2,174,2,166,139,44.41%,53.03%,313,Lâm Đồng,NTB,AM Vũ
NTB - Lâm Đồng,(LDO) 3 Bảo Lộc,Hàng Mới Ca 2,2026-09-26 - Thứ 7,328,53.96%,48.78%,0.00%,4.97,160,0,177,0,168,151,46.04%,51.22%,328,Lâm Đồng,NTB,AM Vũ
NTB - Lâm Đồng,(LDO) 3 Bảo Lộc,Hàng Mới Ca 2,2026-10-07 - Thứ 4,359,67.69%,58.50%,0.56%,13.65,210,2,243,2,147,116,32.31%,40.94%,359,Lâm Đồng,NTB,AM Vũ
NTB - Lâm Đồng,(LDO) 3 Bảo Lộc,Hàng Mới Ca 2,2026-09-18 - Thứ 6,395,42.28%,35.95%,0.76%,4.3,142,3,167,3,250,228,57.72%,63.29%,395,Lâm Đồng,NTB,AM Vũ
NTB - Lâm Đồng,(LDO) 3 Bảo Lộc,Hàng Mới Ca 2,2026-09-21 - Thứ 2,70,41.43%,40.00%,0.00%,2,28,0,29,0,42,41,58.57%,60.00%,70,Lâm Đồng,NTB,AM Vũ
NTB - Lâm Đồng,(LDO) 3 Bảo Lộc,Hàng Mới Ca 2,2026-09-13 - Chủ Nhật,291,32.65%,28.52%,0.34%,4.22,83,1,95,1,207,196,67.35%,71.14%,291,Lâm Đồng,NTB,AM Vũ
NTB - Lâm Đồng,(LDO) 3 Bảo Lộc,Hàng Mới Ca 2,2026-10-01 - Thứ 5,449,80.85%,64.37%,0.45%,10.18,289,2,363,2,158,86,19.15%,35.18%,449,Lâm Đồng,NTB,AM Vũ
NTB - Lâm Đồng,(LDO) 3 Bảo Lộc,Hàng Mới Ca 2,2026-09-12 - Thứ 7,397,51.89%,45.34%,0.25%,3.62,180,1,206,1,216,191,48.11%,54.41%,397,Lâm Đồng,NTB,AM Vũ
NTB - Lâm Đồng,(LDO) 3 Bảo Lộc,Hàng Mới Ca 2,2026-10-08 - Thứ 5,251,82.07%,70.92%,1.20%,14.26,178,3,206,3,70,45,17.93%,27.88%,251,Lâm Đồng,NTB,AM Vũ
NTB - Lâm Đồng,(LDO) 3 Bảo Lộc,Hàng Mới Ca 2,2026-10-04 - Chủ Nhật,76,100.00%,93.42%,0.00%,20.28,71,0,76,0,5,0,0.00%,6.58%,76,Lâm Đồng,NTB,AM Vũ
NTB - Lâm Đồng,(LDO) 3 Bảo Lộc,Hàng Mới Ca 2,2026-10-03 - Thứ 7,337,83.09%,72.70%,0.89%,12.98,245,3,280,3,89,57,16.91%,26.41%,337,Lâm Đồng,NTB,AM Vũ
NTB - Lâm Đồng,(LDO) 3 Bảo Lộc,Hàng Mới Ca 2,2026-09-28 - Thứ 2,262,80.53%,69.47%,0.76%,14.36,182,2,211,2,78,51,19.47%,29.77%,262,Lâm Đồng,NTB,AM Vũ
NTB - Lâm Đồng,(LDO) 3 Bảo Lộc,Hàng Tồn,2026-10-07 - Thứ 4,287,98.61%,56.45%,5.23%,34.53,162,15,283,15,110,4,1.39%,38.32%,0,Lâm Đồng,NTB,AM Vũ
NTB - Lâm Đồng,(LDO) 3 Bảo Lộc,Hàng Tồn,2026-09-18 - Thứ 6,305,95.41%,60.00%,3.28%,33.48,183,10,291,10,112,14,4.59%,36.72%,0,Lâm Đồng,NTB,AM Vũ
NTB - Lâm Đồng,(LDO) 3 Bảo Lộc,Hàng Tồn,2026-09-21 - Thứ 2,495,97.37%,70.71%,3.03%,29.98,350,15,482,15,130,13,2.63%,26.26%,0,Lâm Đồng,NTB,AM Vũ
NTB - Lâm Đồng,(LDO) 3 Bảo Lộc,Hàng Tồn,2026-09-20 - Chủ Nhật,407,94.84%,59.71%,3.69%,30.46,243,15,386,15,149,21,5.16%,36.60%,0,Lâm Đồng,NTB,AM Vũ
NTB - Lâm Đồng,(LDO) 3 Bảo Lộc,Hàng Tồn,2026-10-06 - Thứ 3,381,97.11%,63.52%,4.46%,36.83,242,17,370,17,122,11,2.89%,32.02%,0,Lâm Đồng,NTB,AM Vũ
NTB - Lâm Đồng,(LDO) 3 Bảo Lộc,Hàng Tồn,2026-10-01 - Thứ 5,214,96.26%,53.74%,7.48%,30.83,115,16,206,16,83,8,3.74%,38.78%,0,Lâm Đồng,NTB,AM Vũ
NTB - Lâm Đồng,(LDO) 3 Bảo Lộc,Hàng Tồn,2026-09-12 - Thứ 7,345,98.84%,68.12%,2.90%,29.36,235,10,341,10,100,4,1.16%,28.98%,0,Lâm Đồng,NTB,AM Vũ
NTB - Lâm Đồng,(LDO) 3 Bảo Lộc,Hàng Tồn,2026-09-22 - Thứ 3,179,94.41%,54.19%,11.17%,40.76,97,20,169,20,62,10,5.59%,34.64%,0,Lâm Đồng,NTB,AM Vũ
NTB - Lâm Đồng,(LDO) 3 Bảo Lộc,Hàng Tồn,2026-09-23 - Thứ 4,168,95.83%,55.95%,2.98%,36.26,94,5,161,5,69,7,4.17%,41.07%,0,Lâm Đồng,NTB,AM Vũ
NTB - Lâm Đồng,(LDO) 3 Bảo Lộc,Hàng Tồn,2026-09-14 - Thứ 2,411,99.03%,69.83%,4.38%,32.1,287,18,407,18,106,4,0.97%,25.79%,0,Lâm Đồng,NTB,AM Vũ
NTB - Lâm Đồng,(LDO) 3 Bảo Lộc,Hàng Tồn,2026-09-15 - Thứ 3,422,98.34%,69.91%,1.42%,30.22,295,6,415,6,121,7,1.66%,28.67%,0,Lâm Đồng,NTB,AM Vũ
NTB - Lâm Đồng,(LDO) 3 Bảo Lộc,Hàng Tồn,2026-10-02 - Thứ 6,261,97.32%,58.62%,3.83%,31.93,153,10,254,10,98,7,2.68%,37.55%,0,Lâm Đồng,NTB,AM Vũ
NTB - Lâm Đồng,(LDO) 3 Bảo Lộc,Hàng Tồn,2026-09-29 - Thứ 3,183,95.63%,46.99%,7.65%,46.75,86,14,175,14,83,8,4.37%,45.36%,0,Lâm Đồng,NTB,AM Vũ
NTB - Lâm Đồng,(LDO) 3 Bảo Lộc,Hàng Tồn,2026-10-08 - Thứ 5,282,96.45%,57.09%,7.09%,36.08,161,20,272,20,101,10,3.55%,35.82%,0,Lâm Đồng,NTB,AM Vũ
NTB - Lâm Đồng,(LDO) 3 Bảo Lộc,Hàng Tồn,2026-09-19 - Thứ 7,435,96.32%,65.98%,2.99%,31.37,287,13,419,13,135,16,3.68%,31.03%,0,Lâm Đồng,NTB,AM Vũ
NTB - Lâm Đồng,(LDO) 3 Bảo Lộc,Hàng Tồn,2026-10-04 - Chủ Nhật,190,97.89%,48.95%,4.21%,33.99,93,8,186,8,89,4,2.11%,46.84%,0,Lâm Đồng,NTB,AM Vũ
NTB - Lâm Đồng,(LDO) 3 Bảo Lộc,Hàng Tồn,2026-09-30 - Thứ 4,181,96.13%,46.41%,10.50%,32.49,84,19,174,19,78,7,3.87%,43.09%,0,Lâm Đồng,NTB,AM Vũ
NTB - Lâm Đồng,(LDO) 3 Bảo Lộc,Hàng Tồn,2026-09-17 - Thứ 5,216,91.20%,54.63%,6.02%,34.43,118,13,197,13,85,19,8.80%,39.35%,0,Lâm Đồng,NTB,AM Vũ
NTB - Lâm Đồng,(LDO) 3 Bảo Lộc,Hàng Tồn,2026-10-09 - Thứ 6,191,95.81%,49.21%,9.95%,36.83,94,19,183,19,78,8,4.19%,40.84%,0,Lâm Đồng,NTB,AM Vũ
NTB - Lâm Đồng,(LDO) 3 Bảo Lộc,Hàng Tồn,2026-09-26 - Thứ 7,154,94.16%,28.57%,7.79%,45.77,44,12,145,12,98,9,5.84%,63.64%,0,Lâm Đồng,NTB,AM Vũ
NTB - Lâm Đồng,(LDO) 3 Bảo Lộc,Hàng Tồn,2026-09-28 - Thứ 2,271,96.31%,57.56%,4.43%,33.02,156,12,261,12,103,10,3.69%,38.01%,0,Lâm Đồng,NTB,AM Vũ
NTB - Lâm Đồng,(LDO) 3 Bảo Lộc,Hàng Tồn,2026-10-03 - Thứ 7,282,98.58%,57.09%,7.80%,31.15,161,22,278,22,99,4,1.42%,35.11%,0,Lâm Đồng,NTB,AM Vũ
NTB - Lâm Đồng,(LDO) 3 Bảo Lộc,Hàng Tồn,2026-09-16 - Thứ 4,374,98.93%,62.83%,2.67%,28.7,235,10,370,10,129,4,1.07%,34.50%,0,Lâm Đồng,NTB,AM Vũ
NTB - Lâm Đồng,(LDO) 3 Bảo Lộc,Hàng Tồn,2026-09-25 - Thứ 6,250,96.00%,60.00%,3.60%,30.57,150,9,240,9,91,10,4.00%,36.40%,0,Lâm Đồng,NTB,AM Vũ
NTB - Lâm Đồng,(LDO) 3 Bảo Lộc,Hàng Tồn,2026-09-27 - Chủ Nhật,321,97.51%,56.70%,6.54%,33.57,182,21,313,21,118,8,2.49%,36.76%,0,Lâm Đồng,NTB,AM Vũ
NTB - Lâm Đồng,(LDO) 3 Bảo Lộc,Hàng Tồn,2026-09-13 - Chủ Nhật,320,95.94%,63.75%,3.13%,31.4,204,10,307,10,106,13,4.06%,33.12%,0,Lâm Đồng,NTB,AM Vũ
NTB - Lâm Đồng,(LDO) 3 Bảo Lộc,Hàng Tồn,2026-10-05 - Thứ 2,146,80.82%,34.25%,12.33%,44.96,50,18,118,18,78,28,19.18%,53.42%,0,Lâm Đồng,NTB,AM Vũ
NTB - Lâm Đồng,(LDO) 3 Bảo Lộc,Hàng Tồn,2026-09-24 - Thứ 5,140,94.29%,43.57%,3.57%,31.58,61,5,132,5,74,8,5.71%,52.86%,0,Lâm Đồng,NTB,AM Vũ
NTB - Lâm Đồng,(LDO) 1 Bảo Lộc,Hàng Mới Ca 1,2026-10-07 - Thứ 4,393,99.75%,84.73%,1.27%,9.1,333,5,392,5,55,1,0.25%,14.00%,393,Lâm Đồng,NTB,AM Nga
NTB - Lâm Đồng,(LDO) 1 Bảo Lộc,Hàng Mới Ca 1,2026-09-27 - Chủ Nhật,274,99.27%,83.58%,0.36%,8.68,229,1,272,1,44,2,0.73%,16.06%,274,Lâm Đồng,NTB,AM Nga
NTB - Lâm Đồng,(LDO) 1 Bảo Lộc,Hàng Mới Ca 1,2026-09-24 - Thứ 5,310,99.35%,89.68%,0.65%,7.93,278,2,308,2,30,2,0.65%,9.67%,310,Lâm Đồng,NTB,AM Nga
NTB - Lâm Đồng,(LDO) 1 Bảo Lộc,Hàng Mới Ca 1,2026-10-06 - Thứ 3,432,100.00%,87.96%,0.69%,11.4,380,3,432,3,49,0,0.00%,11.35%,432,Lâm Đồng,NTB,AM Nga
NTB - Lâm Đồng,(LDO) 1 Bảo Lộc,Hàng Mới Ca 1,2026-10-01 - Thứ 5,301,100.00%,81.73%,0.00%,8.16,246,0,301,0,55,0,0.00%,18.27%,301,Lâm Đồng,NTB,AM Nga
NTB - Lâm Đồng,(LDO) 1 Bảo Lộc,Hàng Mới Ca 1,2026-09-12 - Thứ 7,388,99.23%,88.40%,0.77%,6.22,343,3,385,3,42,3,0.77%,10.83%,388,Lâm Đồng,NTB,AM Nga
NTB - Lâm Đồng,(LDO) 1 Bảo Lộc,Hàng Mới Ca 1,2026-10-05 - Thứ 2,848,99.29%,80.07%,0.83%,15.64,679,7,842,7,162,6,0.71%,19.10%,848,Lâm Đồng,NTB,AM Nga
NTB - Lâm Đồng,(LDO) 1 Bảo Lộc,Hàng Mới Ca 1,2026-09-22 - Thứ 3,606,99.50%,76.57%,0.99%,7.6,464,6,603,6,136,3,0.50%,22.44%,606,Lâm Đồng,NTB,AM Nga
NTB - Lâm Đồng,(LDO) 1 Bảo Lộc,Hàng Mới Ca 1,2026-09-23 - Thứ 4,464,99.14%,85.13%,1.08%,10.7,395,5,460,5,64,4,0.86%,13.79%,464,Lâm Đồng,NTB,AM Nga
NTB - Lâm Đồng,(LDO) 1 Bảo Lộc,Hàng Mới Ca 1,2026-09-15 - Thứ 3,244,99.59%,70.08%,0.41%,6.84,171,1,243,1,72,1,0.41%,29.51%,244,Lâm Đồng,NTB,AM Nga
NTB - Lâm Đồng,(LDO) 1 Bảo Lộc,Hàng Mới Ca 1,2026-10-02 - Thứ 6,353,99.43%,88.95%,0.57%,8.57,314,2,351,2,37,2,0.57%,10.48%,353,Lâm Đồng,NTB,AM Nga
NTB - Lâm Đồng,(LDO) 1 Bảo Lộc,Hàng Mới Ca 1,2026-09-29 - Thứ 3,272,100.00%,81.25%,0.00%,8.38,221,0,272,0,51,0,0.00%,18.75%,272,Lâm Đồng,NTB,AM Nga
NTB - Lâm Đồng,(LDO) 1 Bảo Lộc,Hàng Mới Ca 1,2026-10-08 - Thứ 5,396,99.49%,76.26%,0.25%,9.3,302,1,394,1,93,2,0.51%,23.49%,396,Lâm Đồng,NTB,AM Nga
NTB - Lâm Đồng,(LDO) 1 Bảo Lộc,Hàng Mới Ca 1,2026-09-19 - Thứ 7,332,99.70%,79.52%,0.30%,7.16,264,1,331,1,67,1,0.30%,20.18%,332,Lâm Đồng,NTB,AM Nga
NTB - Lâm Đồng,(LDO) 1 Bảo Lộc,Hàng Mới Ca 1,2026-10-04 - Chủ Nhật,472,100.00%,86.65%,0.85%,9.97,409,4,472,4,59,0,0.00%,12.50%,472,Lâm Đồng,NTB,AM Nga
NTB - Lâm Đồng,(LDO) 1 Bảo Lộc,Hàng Mới Ca 1,2026-09-30 - Thứ 4,261,99.62%,88.51%,0.38%,8.64,231,1,260,1,29,1,0.38%,11.11%,261,Lâm Đồng,NTB,AM Nga
NTB - Lâm Đồng,(LDO) 1 Bảo Lộc,Hàng Mới Ca 1,2026-10-09 - Thứ 6,673,95.25%,77.12%,0.15%,9.79,519,1,641,1,153,32,4.75%,22.73%,673,Lâm Đồng,NTB,AM Nga
NTB - Lâm Đồng,(LDO) 1 Bảo Lộc,Hàng Mới Ca 1,2026-09-26 - Thứ 7,801,98.63%,78.03%,0.75%,17.49,625,6,790,6,170,11,1.37%,21.22%,801,Lâm Đồng,NTB,AM Nga
NTB - Lâm Đồng,(LDO) 1 Bảo Lộc,Hàng Mới Ca 1,2026-09-28 - Thứ 2,267,99.63%,82.02%,0.75%,7.75,219,2,266,2,46,1,0.37%,17.23%,267,Lâm Đồng,NTB,AM Nga
NTB - Lâm Đồng,(LDO) 1 Bảo Lộc,Hàng Mới Ca 1,2026-10-03 - Thứ 7,388,99.48%,83.25%,0.52%,9.41,323,2,386,2,63,2,0.52%,16.23%,388,Lâm Đồng,NTB,AM Nga
NTB - Lâm Đồng,(LDO) 1 Bảo Lộc,Hàng Mới Ca 1,2026-09-16 - Thứ 4,241,91.29%,79.25%,1.24%,9.69,191,3,220,3,47,21,8.71%,19.51%,241,Lâm Đồng,NTB,AM Nga
NTB - Lâm Đồng,(LDO) 1 Bảo Lộc,Hàng Mới Ca 1,2026-09-25 - Thứ 6,552,99.28%,85.69%,0.72%,7.86,473,4,548,4,75,4,0.72%,13.59%,552,Lâm Đồng,NTB,AM Nga
NTB - Lâm Đồng,(LDO) 1 Bảo Lộc,Hàng Mới Ca 1,2026-09-18 - Thứ 6,507,100.00%,77.51%,0.20%,8.55,393,1,507,1,113,0,0.00%,22.29%,507,Lâm Đồng,NTB,AM Nga
NTB - Lâm Đồng,(LDO) 1 Bảo Lộc,Hàng Mới Ca 1,2026-09-21 - Thứ 2,256,98.83%,86.72%,1.17%,11.29,222,3,253,3,31,3,1.17%,12.11%,256,Lâm Đồng,NTB,AM Nga
NTB - Lâm Đồng,(LDO) 1 Bảo Lộc,Hàng Mới Ca 1,2026-09-13 - Chủ Nhật,526,96.39%,78.52%,0.57%,6.86,413,3,507,3,110,19,3.61%,20.91%,526,Lâm Đồng,NTB,AM Nga
NTB - Lâm Đồng,(LDO) 1 Bảo Lộc,Hàng Mới Ca 1,2026-09-14 - Thứ 2,292,100.00%,76.71%,1.37%,7.96,224,4,292,4,64,0,0.00%,21.92%,292,Lâm Đồng,NTB,AM Nga
NTB - Lâm Đồng,(LDO) 1 Bảo Lộc,Hàng Mới Ca 1,2026-09-17 - Thứ 5,714,99.72%,82.07%,0.56%,9.1,586,4,712,4,124,2,0.28%,17.37%,714,Lâm Đồng,NTB,AM Nga
NTB - Lâm Đồng,(LDO) 1 Bảo Lộc,Hàng Mới Ca 1,2026-09-20 - Chủ Nhật,263,100.00%,87.07%,0.76%,11.12,229,2,263,2,32,0,0.00%,12.17%,263,Lâm Đồng,NTB,AM Nga
NTB - Lâm Đồng,(LDO) 1 Bảo Lộc,Hàng Mới Ca 2,2026-10-03 - Thứ 7,251,57.77%,46.22%,0.80%,26.01,116,2,145,2,133,106,42.23%,52.98%,251,Lâm Đồng,NTB,AM Nga
NTB - Lâm Đồng,(LDO) 1 Bảo Lộc,Hàng Mới Ca 2,2026-09-13 - Chủ Nhật,364,29.12%,27.75%,0.27%,3.55,101,1,106,1,262,258,70.88%,71.98%,364,Lâm Đồng,NTB,AM Nga
NTB - Lâm Đồng,(LDO) 1 Bảo Lộc,Hàng Mới Ca 2,2026-09-12 - Thứ 7,352,36.08%,31.53%,0.85%,2.32,111,3,127,3,238,225,63.92%,67.62%,352,Lâm Đồng,NTB,AM Nga
NTB - Lâm Đồng,(LDO) 1 Bảo Lộc,Hàng Mới Ca 2,2026-10-05 - Thứ 2,132,1.52%,1.52%,0.00%,5,2,0,2,0,130,130,98.48%,98.48%,132,Lâm Đồng,NTB,AM Nga
NTB - Lâm Đồng,(LDO) 1 Bảo Lộc,Hàng Mới Ca 2,2026-09-14 - Thứ 2,349,23.78%,21.20%,0.00%,5.89,74,0,83,0,275,266,76.22%,78.80%,349,Lâm Đồng,NTB,AM Nga
NTB - Lâm Đồng,(LDO) 1 Bảo Lộc,Hàng Mới Ca 2,2026-09-15 - Thứ 3,340,4.71%,4.12%,0.00%,2.79,14,0,16,0,326,324,95.29%,95.88%,340,Lâm Đồng,NTB,AM Nga
NTB - Lâm Đồng,(LDO) 1 Bảo Lộc,Hàng Mới Ca 2,2026-09-29 - Thứ 3,232,41.38%,31.03%,0.86%,21.59,72,2,96,2,158,136,58.62%,68.11%,232,Lâm Đồng,NTB,AM Nga
NTB - Lâm Đồng,(LDO) 1 Bảo Lộc,Hàng Mới Ca 2,2026-10-08 - Thứ 5,147,98.64%,72.79%,0.00%,27.6,107,0,145,0,40,2,1.36%,27.21%,147,Lâm Đồng,NTB,AM Nga
NTB - Lâm Đồng,(LDO) 1 Bảo Lộc,Hàng Mới Ca 2,2026-09-17 - Thứ 5,137,19.71%,17.52%,0.73%,4,24,1,27,1,112,110,80.29%,81.75%,137,Lâm Đồng,NTB,AM Nga
NTB - Lâm Đồng,(LDO) 1 Bảo Lộc,Hàng Mới Ca 2,2026-09-26 - Thứ 7,271,11.44%,10.33%,0.00%,3.18,28,0,31,0,243,240,88.56%,89.67%,271,Lâm Đồng,NTB,AM Nga
NTB - Lâm Đồng,(LDO) 1 Bảo Lộc,Hàng Mới Ca 2,2026-09-28 - Thứ 2,234,42.31%,30.77%,0.43%,22.36,72,1,99,1,161,135,57.69%,68.80%,234,Lâm Đồng,NTB,AM Nga
NTB - Lâm Đồng,(LDO) 1 Bảo Lộc,Hàng Mới Ca 2,2026-10-07 - Thứ 4,322,42.55%,34.16%,0.93%,26.08,110,3,137,3,209,185,57.45%,64.91%,322,Lâm Đồng,NTB,AM Nga
NTB - Lâm Đồng,(LDO) 1 Bảo Lộc,Hàng Mới Ca 2,2026-09-16 - Thứ 4,64,4.69%,4.69%,0.00%,5.33,3,0,3,0,61,61,95.31%,95.31%,64,Lâm Đồng,NTB,AM Nga
NTB - Lâm Đồng,(LDO) 1 Bảo Lộc,Hàng Mới Ca 2,2026-09-25 - Thứ 6,143,98.60%,67.83%,1.40%,26.07,97,2,141,2,44,2,1.40%,30.77%,143,Lâm Đồng,NTB,AM Nga
NTB - Lâm Đồng,(LDO) 1 Bảo Lộc,Hàng Mới Ca 2,2026-09-27 - Chủ Nhật,271,52.40%,38.38%,0.74%,23.01,104,2,142,2,165,129,47.60%,60.88%,271,Lâm Đồng,NTB,AM Nga
NTB - Lâm Đồng,(LDO) 1 Bảo Lộc,Hàng Mới Ca 2,2026-09-21 - Thứ 2,99,41.41%,36.36%,0.00%,4.06,36,0,41,0,63,58,58.59%,63.64%,99,Lâm Đồng,NTB,AM Nga
NTB - Lâm Đồng,(LDO) 1 Bảo Lộc,Hàng Mới Ca 2,2026-09-20 - Chủ Nhật,320,13.13%,10.31%,0.00%,4.3,33,0,42,0,287,278,86.87%,89.69%,320,Lâm Đồng,NTB,AM Nga
NTB - Lâm Đồng,(LDO) 1 Bảo Lộc,Hàng Mới Ca 2,2026-10-01 - Thứ 5,371,50.13%,40.97%,0.00%,21.2,152,0,186,0,219,185,49.87%,59.03%,371,Lâm Đồng,NTB,AM Nga
NTB - Lâm Đồng,(LDO) 1 Bảo Lộc,Hàng Mới Ca 2,2026-09-24 - Thứ 5,328,64.33%,56.40%,0.61%,11.4,185,2,211,2,141,117,35.67%,42.99%,328,Lâm Đồng,NTB,AM Nga
NTB - Lâm Đồng,(LDO) 1 Bảo Lộc,Hàng Mới Ca 2,2026-10-06 - Thứ 3,311,28.62%,23.47%,0.00%,25.73,73,0,89,0,238,222,71.38%,76.53%,311,Lâm Đồng,NTB,AM Nga
NTB - Lâm Đồng,(LDO) 1 Bảo Lộc,Hàng Mới Ca 2,2026-09-22 - Thứ 3,146,0.68%,0.68%,0.00%,3,1,0,1,0,145,145,99.32%,99.32%,146,Lâm Đồng,NTB,AM Nga
NTB - Lâm Đồng,(LDO) 1 Bảo Lộc,Hàng Mới Ca 2,2026-10-02 - Thứ 6,371,33.69%,26.15%,0.54%,25.23,97,2,125,2,272,246,66.31%,73.31%,371,Lâm Đồng,NTB,AM Nga
NTB - Lâm Đồng,(LDO) 1 Bảo Lộc,Hàng Mới Ca 2,2026-09-19 - Thứ 7,345,13.04%,12.17%,0.00%,4.62,42,0,45,0,303,300,86.96%,87.83%,345,Lâm Đồng,NTB,AM Nga
NTB - Lâm Đồng,(LDO) 1 Bảo Lộc,Hàng Mới Ca 2,2026-09-30 - Thứ 4,357,47.34%,41.18%,0.56%,19.27,147,2,169,2,208,188,52.66%,58.26%,357,Lâm Đồng,NTB,AM Nga
NTB - Lâm Đồng,(LDO) 1 Bảo Lộc,Hàng Mới Ca 2,2026-10-09 - Thứ 6,238,5.04%,4.62%,0.00%,5.91,11,0,12,0,227,226,94.96%,95.38%,238,Lâm Đồng,NTB,AM Nga
NTB - Lâm Đồng,(LDO) 1 Bảo Lộc,Hàng Mới Ca 2,2026-09-18 - Thứ 6,288,9.03%,7.64%,0.00%,6.09,22,0,26,0,266,262,90.97%,92.36%,288,Lâm Đồng,NTB,AM Nga
NTB - Lâm Đồng,(LDO) 1 Bảo Lộc,Hàng Mới Ca 2,2026-10-04 - Chủ Nhật,62,100.00%,66.13%,0.00%,26.73,41,0,62,0,21,0,0.00%,33.87%,62,Lâm Đồng,NTB,AM Nga
NTB - Lâm Đồng,(LDO) 1 Bảo Lộc,Hàng Mới Ca 2,2026-09-23 - Thứ 4,194,51.03%,37.63%,0.52%,15.04,73,1,99,1,120,95,48.97%,61.85%,194,Lâm Đồng,NTB,AM Nga
NTB - Lâm Đồng,(LDO) 1 Bảo Lộc,Hàng Tồn,2026-09-18 - Thứ 6,294,95.92%,60.20%,3.40%,33.39,177,10,282,10,107,12,4.08%,36.40%,0,Lâm Đồng,NTB,AM Nga
NTB - Lâm Đồng,(LDO) 1 Bảo Lộc,Hàng Tồn,2026-09-27 - Chủ Nhật,474,97.26%,60.97%,3.59%,33.84,289,17,461,17,168,13,2.74%,35.44%,0,Lâm Đồng,NTB,AM Nga
NTB - Lâm Đồng,(LDO) 1 Bảo Lộc,Hàng Tồn,2026-09-21 - Thứ 2,440,97.95%,73.18%,3.86%,31.83,322,17,431,17,101,9,2.05%,22.96%,0,Lâm Đồng,NTB,AM Nga
NTB - Lâm Đồng,(LDO) 1 Bảo Lộc,Hàng Tồn,2026-09-20 - Chủ Nhật,475,95.58%,67.79%,2.32%,30.12,322,11,454,11,142,21,4.42%,29.89%,0,Lâm Đồng,NTB,AM Nga
NTB - Lâm Đồng,(LDO) 1 Bảo Lộc,Hàng Tồn,2026-09-13 - Chủ Nhật,396,98.23%,64.14%,4.04%,31.65,254,16,389,16,126,7,1.77%,31.82%,0,Lâm Đồng,NTB,AM Nga
NTB - Lâm Đồng,(LDO) 1 Bảo Lộc,Hàng Tồn,2026-09-24 - Thứ 5,243,95.88%,59.26%,3.70%,35.36,144,9,233,9,90,10,4.12%,37.04%,0,Lâm Đồng,NTB,AM Nga
NTB - Lâm Đồng,(LDO) 1 Bảo Lộc,Hàng Tồn,2026-10-06 - Thứ 3,350,98.57%,69.43%,6.29%,40.44,243,22,345,22,85,5,1.43%,24.28%,0,Lâm Đồng,NTB,AM Nga
NTB - Lâm Đồng,(LDO) 1 Bảo Lộc,Hàng Tồn,2026-09-12 - Thứ 7,369,98.10%,59.62%,2.98%,31.87,220,11,362,11,138,7,1.90%,37.40%,0,Lâm Đồng,NTB,AM Nga
NTB - Lâm Đồng,(LDO) 1 Bảo Lộc,Hàng Tồn,2026-10-05 - Thứ 2,168,97.62%,41.67%,10.71%,55.07,70,18,164,18,80,4,2.38%,47.62%,0,Lâm Đồng,NTB,AM Nga
NTB - Lâm Đồng,(LDO) 1 Bảo Lộc,Hàng Tồn,2026-09-22 - Thứ 3,180,96.11%,42.78%,8.33%,39.04,77,15,173,15,88,7,3.89%,48.89%,0,Lâm Đồng,NTB,AM Nga
NTB - Lâm Đồng,(LDO) 1 Bảo Lộc,Hàng Tồn,2026-09-14 - Thứ 2,455,94.07%,58.02%,4.40%,33.6,264,20,428,20,171,27,5.93%,37.58%,0,Lâm Đồng,NTB,AM Nga
NTB - Lâm Đồng,(LDO) 1 Bảo Lộc,Hàng Tồn,2026-09-15 - Thứ 3,495,98.59%,61.01%,2.83%,35.6,302,14,488,14,179,7,1.41%,36.16%,0,Lâm Đồng,NTB,AM Nga
NTB - Lâm Đồng,(LDO) 1 Bảo Lộc,Hàng Tồn,2026-10-02 - Thứ 6,365,97.53%,67.12%,4.66%,33.02,245,17,356,17,103,9,2.47%,28.22%,0,Lâm Đồng,NTB,AM Nga
NTB - Lâm Đồng,(LDO) 1 Bảo Lộc,Hàng Tồn,2026-09-29 - Thứ 3,318,95.28%,58.49%,4.72%,38.55,186,15,303,15,117,15,4.72%,36.79%,0,Lâm Đồng,NTB,AM Nga
NTB - Lâm Đồng,(LDO) 1 Bảo Lộc,Hàng Tồn,2026-10-08 - Thứ 5,361,97.78%,57.06%,4.16%,34.6,206,15,353,15,140,8,2.22%,38.78%,0,Lâm Đồng,NTB,AM Nga
NTB - Lâm Đồng,(LDO) 1 Bảo Lộc,Hàng Tồn,2026-09-19 - Thứ 7,447,98.21%,69.57%,2.68%,34.13,311,12,439,12,124,8,1.79%,27.75%,0,Lâm Đồng,NTB,AM Nga
NTB - Lâm Đồng,(LDO) 1 Bảo Lộc,Hàng Tồn,2026-10-04 - Chủ Nhật,301,96.68%,62.13%,4.98%,38.83,187,15,291,15,99,10,3.32%,32.89%,0,Lâm Đồng,NTB,AM Nga
NTB - Lâm Đồng,(LDO) 1 Bảo Lộc,Hàng Tồn,2026-09-30 - Thứ 4,295,97.29%,69.49%,4.41%,37.08,205,13,287,13,77,8,2.71%,26.10%,0,Lâm Đồng,NTB,AM Nga
NTB - Lâm Đồng,(LDO) 1 Bảo Lộc,Hàng Tồn,2026-09-17 - Thứ 5,213,97.65%,61.97%,3.76%,45.26,132,8,208,8,73,5,2.35%,34.27%,0,Lâm Đồng,NTB,AM Nga
NTB - Lâm Đồng,(LDO) 1 Bảo Lộc,Hàng Tồn,2026-10-09 - Thứ 6,257,97.67%,50.19%,7.00%,47.19,129,18,251,18,110,6,2.33%,42.81%,0,Lâm Đồng,NTB,AM Nga
NTB - Lâm Đồng,(LDO) 1 Bảo Lộc,Hàng Tồn,2026-09-26 - Thứ 7,197,94.92%,44.16%,6.09%,52.47,87,12,187,12,98,10,5.08%,49.75%,0,Lâm Đồng,NTB,AM Nga
NTB - Lâm Đồng,(LDO) 1 Bảo Lộc,Hàng Tồn,2026-09-28 - Thứ 2,360,96.94%,60.28%,4.72%,40.74,217,17,349,17,126,11,3.06%,35.00%,0,Lâm Đồng,NTB,AM Nga
NTB - Lâm Đồng,(LDO) 1 Bảo Lộc,Hàng Tồn,2026-10-07 - Thứ 4,351,98.58%,63.53%,3.70%,31.26,223,13,346,13,115,5,1.42%,32.77%,0,Lâm Đồng,NTB,AM Nga
NTB - Lâm Đồng,(LDO) 1 Bảo Lộc,Hàng Tồn,2026-09-16 - Thứ 4,525,98.86%,68.19%,3.05%,33.96,358,16,519,16,151,6,1.14%,28.76%,0,Lâm Đồng,NTB,AM Nga
NTB - Lâm Đồng,(LDO) 1 Bảo Lộc,Hàng Tồn,2026-09-25 - Thứ 6,242,97.93%,55.79%,4.96%,36.92,135,12,237,12,95,5,2.07%,39.25%,0,Lâm Đồng,NTB,AM Nga
NTB - Lâm Đồng,(LDO) 1 Bảo Lộc,Hàng Tồn,2026-10-01 - Thứ 5,300,95.67%,60.67%,6.00%,28.85,182,18,287,18,100,13,4.33%,33.33%,0,Lâm Đồng,NTB,AM Nga
NTB - Lâm Đồng,(LDO) 1 Bảo Lộc,Hàng Tồn,2026-10-03 - Thứ 7,398,98.99%,64.57%,4.77%,32.67,257,19,394,19,122,4,1.01%,30.66%,0,Lâm Đồng,NTB,AM Nga
NTB - Lâm Đồng,(LDO) 1 Bảo Lộc,Hàng Tồn,2026-09-23 - Thứ 4,203,98.03%,59.61%,4.93%,36.32,121,10,199,10,72,4,1.97%,35.46%,0,Lâm Đồng,NTB,AM Nga
NTB - Khánh Hòa,(KHO) Đông Ninh Hòa,Hàng Mới Ca 1,2026-09-25 - Thứ 6,448,98.66%,75.45%,0.89%,7.42,338,4,442,4,106,6,1.34%,23.66%,448,Khánh Hòa,NTB,AM Duy
NTB - Khánh Hòa,(KHO) Đông Ninh Hòa,Hàng Mới Ca 1,2026-09-27 - Chủ Nhật,306,98.04%,76.14%,0.65%,7.54,233,2,300,2,71,6,1.96%,23.21%,306,Khánh Hòa,NTB,AM Duy
NTB - Khánh Hòa,(KHO) Đông Ninh Hòa,Hàng Mới Ca 1,2026-09-21 - Thứ 2,342,97.37%,72.51%,0.88%,6.64,248,3,333,3,91,9,2.63%,26.61%,342,Khánh Hòa,NTB,AM Duy
NTB - Khánh Hòa,(KHO) Đông Ninh Hòa,Hàng Mới Ca 1,2026-09-20 - Chủ Nhật,476,97.69%,71.01%,1.68%,7.45,338,8,465,8,130,11,2.31%,27.31%,476,Khánh Hòa,NTB,AM Duy
NTB - Khánh Hòa,(KHO) Đông Ninh Hòa,Hàng Mới Ca 1,2026-09-13 - Chủ Nhật,421,92.40%,74.82%,0.48%,11.3,315,2,389,2,104,32,7.60%,24.70%,421,Khánh Hòa,NTB,AM Duy
NTB - Khánh Hòa,(KHO) Đông Ninh Hòa,Hàng Mới Ca 1,2026-10-01 - Thứ 5,447,97.09%,72.26%,0.22%,8.53,323,1,434,1,123,13,2.91%,27.52%,447,Khánh Hòa,NTB,AM Duy
NTB - Khánh Hòa,(KHO) Đông Ninh Hòa,Hàng Mới Ca 1,2026-09-12 - Thứ 7,474,95.36%,64.77%,0.63%,11.65,307,3,452,3,164,22,4.64%,34.60%,474,Khánh Hòa,NTB,AM Duy
NTB - Khánh Hòa,(KHO) Đông Ninh Hòa,Hàng Mới Ca 1,2026-09-22 - Thứ 3,264,99.24%,64.39%,0.00%,7.86,170,0,262,0,94,2,0.76%,35.61%,264,Khánh Hòa,NTB,AM Duy
NTB - Khánh Hòa,(KHO) Đông Ninh Hòa,Hàng Mới Ca 1,2026-09-14 - Thứ 2,504,99.01%,74.01%,1.79%,6.59,373,9,499,9,122,5,0.99%,24.20%,504,Khánh Hòa,NTB,AM Duy
NTB - Khánh Hòa,(KHO) Đông Ninh Hòa,Hàng Mới Ca 1,2026-09-15 - Thứ 3,244,96.31%,72.13%,0.82%,6.66,176,2,235,2,66,9,3.69%,27.05%,244,Khánh Hòa,NTB,AM Duy
NTB - Khánh Hòa,(KHO) Đông Ninh Hòa,Hàng Mới Ca 1,2026-10-02 - Thứ 6,452,98.45%,75.00%,1.11%,7.41,339,5,445,5,108,7,1.55%,23.89%,452,Khánh Hòa,NTB,AM Duy
NTB - Khánh Hòa,(KHO) Đông Ninh Hòa,Hàng Mới Ca 1,2026-09-29 - Thứ 3,277,99.28%,71.12%,0.00%,6.74,197,0,275,0,80,2,0.72%,28.88%,277,Khánh Hòa,NTB,AM Duy
NTB - Khánh Hòa,(KHO) Đông Ninh Hòa,Hàng Mới Ca 1,2026-10-08 - Thứ 5,549,99.82%,71.04%,0.36%,7.61,390,2,548,2,157,1,0.18%,28.60%,549,Khánh Hòa,NTB,AM Duy
NTB - Khánh Hòa,(KHO) Đông Ninh Hòa,Hàng Mới Ca 1,2026-09-19 - Thứ 7,412,95.39%,72.82%,0.73%,7.09,300,3,393,3,109,19,4.61%,26.45%,412,Khánh Hòa,NTB,AM Duy
NTB - Khánh Hòa,(KHO) Đông Ninh Hòa,Hàng Mới Ca 1,2026-10-04 - Chủ Nhật,412,97.82%,75.97%,1.21%,8.13,313,5,403,5,94,9,2.18%,22.82%,412,Khánh Hòa,NTB,AM Duy
NTB - Khánh Hòa,(KHO) Đông Ninh Hòa,Hàng Mới Ca 1,2026-09-17 - Thứ 5,391,93.86%,68.03%,0.77%,7.79,266,3,367,3,122,24,6.14%,31.20%,391,Khánh Hòa,NTB,AM Duy
NTB - Khánh Hòa,(KHO) Đông Ninh Hòa,Hàng Mới Ca 1,2026-10-09 - Thứ 6,485,98.97%,73.61%,0.41%,7.22,357,2,480,2,126,5,1.03%,25.98%,485,Khánh Hòa,NTB,AM Duy
NTB - Khánh Hòa,(KHO) Đông Ninh Hòa,Hàng Mới Ca 1,2026-09-26 - Thứ 7,277,99.64%,74.73%,1.81%,6.72,207,5,276,5,65,1,0.36%,23.46%,277,Khánh Hòa,NTB,AM Duy
NTB - Khánh Hòa,(KHO) Đông Ninh Hòa,Hàng Mới Ca 1,2026-09-28 - Thứ 2,305,99.02%,75.41%,0.00%,7.28,230,0,302,0,75,3,0.98%,24.59%,305,Khánh Hòa,NTB,AM Duy
NTB - Khánh Hòa,(KHO) Đông Ninh Hòa,Hàng Mới Ca 1,2026-10-03 - Thứ 7,458,95.85%,77.07%,1.09%,7,353,5,439,5,100,19,4.15%,21.84%,458,Khánh Hòa,NTB,AM Duy
NTB - Khánh Hòa,(KHO) Đông Ninh Hòa,Hàng Mới Ca 1,2026-09-16 - Thứ 4,393,91.86%,63.36%,2.04%,6.76,249,8,361,8,136,32,8.14%,34.60%,393,Khánh Hòa,NTB,AM Duy
NTB - Khánh Hòa,(KHO) Đông Ninh Hòa,Hàng Mới Ca 1,2026-10-05 - Thứ 2,369,99.19%,77.51%,0.27%,7.3,286,1,366,1,82,3,0.81%,22.22%,369,Khánh Hòa,NTB,AM Duy
NTB - Khánh Hòa,(KHO) Đông Ninh Hòa,Hàng Mới Ca 1,2026-09-24 - Thứ 5,472,96.82%,73.52%,0.85%,5.65,347,4,457,4,121,15,3.18%,25.63%,472,Khánh Hòa,NTB,AM Duy
NTB - Khánh Hòa,(KHO) Đông Ninh Hòa,Hàng Mới Ca 1,2026-10-06 - Thứ 3,300,99.00%,62.33%,0.33%,6.63,187,1,297,1,112,3,1.00%,37.34%,300,Khánh Hòa,NTB,AM Duy
NTB - Khánh Hòa,(KHO) Đông Ninh Hòa,Hàng Mới Ca 1,2026-09-23 - Thứ 4,403,100.00%,78.91%,1.99%,7.43,318,8,403,8,77,0,0.00%,19.10%,403,Khánh Hòa,NTB,AM Duy
NTB - Khánh Hòa,(KHO) Đông Ninh Hòa,Hàng Mới Ca 1,2026-09-30 - Thứ 4,382,98.95%,74.08%,1.05%,6.4,283,4,378,4,95,4,1.05%,24.87%,382,Khánh Hòa,NTB,AM Duy
NTB - Khánh Hòa,(KHO) Đông Ninh Hòa,Hàng Mới Ca 1,2026-10-07 - Thứ 4,343,98.54%,72.30%,2.62%,7.27,248,9,338,9,86,5,1.46%,25.08%,343,Khánh Hòa,NTB,AM Duy
NTB - Khánh Hòa,(KHO) Đông Ninh Hòa,Hàng Mới Ca 1,2026-09-18 - Thứ 6,388,93.81%,64.95%,1.03%,6.85,252,4,364,4,132,24,6.19%,34.02%,388,Khánh Hòa,NTB,AM Duy
NTB - Khánh Hòa,(KHO) Đông Ninh Hòa,Hàng Mới Ca 2,2026-10-03 - Thứ 7,238,68.91%,52.52%,0.84%,2.81,125,2,164,2,111,74,31.09%,46.64%,238,Khánh Hòa,NTB,AM Duy
NTB - Khánh Hòa,(KHO) Đông Ninh Hòa,Hàng Mới Ca 2,2026-09-25 - Thứ 6,186,68.28%,56.45%,1.61%,4.21,105,3,127,3,78,59,31.72%,41.94%,186,Khánh Hòa,NTB,AM Duy
NTB - Khánh Hòa,(KHO) Đông Ninh Hòa,Hàng Mới Ca 2,2026-09-13 - Chủ Nhật,123,41.46%,33.33%,0.00%,3.15,41,0,51,0,82,72,58.54%,66.67%,123,Khánh Hòa,NTB,AM Duy
NTB - Khánh Hòa,(KHO) Đông Ninh Hòa,Hàng Mới Ca 2,2026-09-24 - Thứ 5,202,73.27%,63.37%,1.49%,3.18,128,3,148,3,71,54,26.73%,35.14%,202,Khánh Hòa,NTB,AM Duy
NTB - Khánh Hòa,(KHO) Đông Ninh Hòa,Hàng Mới Ca 2,2026-09-12 - Thứ 7,236,48.73%,25.00%,0.00%,3,59,0,115,0,177,121,51.27%,75.00%,236,Khánh Hòa,NTB,AM Duy
NTB - Khánh Hòa,(KHO) Đông Ninh Hòa,Hàng Mới Ca 2,2026-10-05 - Thứ 2,218,54.13%,39.91%,1.83%,3.06,87,4,118,4,127,100,45.87%,58.26%,218,Khánh Hòa,NTB,AM Duy
NTB - Khánh Hòa,(KHO) Đông Ninh Hòa,Hàng Mới Ca 2,2026-09-22 - Thứ 3,170,64.71%,52.35%,0.00%,3.88,89,0,110,0,81,60,35.29%,47.65%,170,Khánh Hòa,NTB,AM Duy
NTB - Khánh Hòa,(KHO) Đông Ninh Hòa,Hàng Mới Ca 2,2026-09-23 - Thứ 4,161,66.46%,57.76%,0.00%,3.2,93,0,107,0,68,54,33.54%,42.24%,161,Khánh Hòa,NTB,AM Duy
NTB - Khánh Hòa,(KHO) Đông Ninh Hòa,Hàng Mới Ca 2,2026-09-14 - Thứ 2,177,41.81%,34.46%,0.00%,3.89,61,0,74,0,116,103,58.19%,65.54%,177,Khánh Hòa,NTB,AM Duy
NTB - Khánh Hòa,(KHO) Đông Ninh Hòa,Hàng Mới Ca 2,2026-09-15 - Thứ 3,219,47.49%,34.25%,0.46%,4.17,75,1,104,1,143,115,52.51%,65.29%,219,Khánh Hòa,NTB,AM Duy
NTB - Khánh Hòa,(KHO) Đông Ninh Hòa,Hàng Mới Ca 2,2026-10-02 - Thứ 6,202,62.38%,50.99%,1.49%,3.02,103,3,126,3,96,76,37.62%,47.52%,202,Khánh Hòa,NTB,AM Duy
NTB - Khánh Hòa,(KHO) Đông Ninh Hòa,Hàng Mới Ca 2,2026-10-08 - Thứ 5,151,47.68%,40.40%,0.00%,3.2,61,0,72,0,90,79,52.32%,59.60%,151,Khánh Hòa,NTB,AM Duy
NTB - Khánh Hòa,(KHO) Đông Ninh Hòa,Hàng Mới Ca 2,2026-10-04 - Chủ Nhật,220,44.09%,32.73%,0.45%,3.03,72,1,97,1,147,123,55.91%,66.82%,220,Khánh Hòa,NTB,AM Duy
NTB - Khánh Hòa,(KHO) Đông Ninh Hòa,Hàng Mới Ca 2,2026-09-30 - Thứ 4,147,61.90%,42.18%,0.00%,4.1,62,0,91,0,85,56,38.10%,57.82%,147,Khánh Hòa,NTB,AM Duy
NTB - Khánh Hòa,(KHO) Đông Ninh Hòa,Hàng Mới Ca 2,2026-09-17 - Thứ 5,179,39.66%,32.96%,0.56%,3.68,59,1,71,1,119,108,60.34%,66.48%,179,Khánh Hòa,NTB,AM Duy
NTB - Khánh Hòa,(KHO) Đông Ninh Hòa,Hàng Mới Ca 2,2026-10-09 - Thứ 6,231,68.40%,56.28%,0.43%,3.2,130,1,158,1,100,73,31.60%,43.29%,231,Khánh Hòa,NTB,AM Duy
NTB - Khánh Hòa,(KHO) Đông Ninh Hòa,Hàng Mới Ca 2,2026-09-26 - Thứ 7,310,62.58%,49.35%,0.65%,2.95,153,2,194,2,155,116,37.42%,50.00%,310,Khánh Hòa,NTB,AM Duy
NTB - Khánh Hòa,(KHO) Đông Ninh Hòa,Hàng Mới Ca 2,2026-10-07 - Thứ 4,164,61.59%,48.17%,0.00%,2.7,79,0,101,0,85,63,38.41%,51.83%,164,Khánh Hòa,NTB,AM Duy
NTB - Khánh Hòa,(KHO) Đông Ninh Hòa,Hàng Mới Ca 2,2026-09-16 - Thứ 4,156,7.69%,5.13%,0.00%,5.13,8,0,12,0,148,144,92.31%,94.87%,156,Khánh Hòa,NTB,AM Duy
NTB - Khánh Hòa,(KHO) Đông Ninh Hòa,Hàng Mới Ca 2,2026-09-18 - Thứ 6,132,33.33%,25.76%,0.00%,3.85,34,0,44,0,98,88,66.67%,74.24%,132,Khánh Hòa,NTB,AM Duy
NTB - Khánh Hòa,(KHO) Đông Ninh Hòa,Hàng Mới Ca 2,2026-09-20 - Chủ Nhật,104,40.38%,33.65%,0.00%,3.03,35,0,42,0,69,62,59.62%,66.35%,104,Khánh Hòa,NTB,AM Duy
NTB - Khánh Hòa,(KHO) Đông Ninh Hòa,Hàng Mới Ca 2,2026-10-01 - Thứ 5,244,76.64%,59.84%,0.82%,3.79,146,2,187,2,96,57,23.36%,39.34%,244,Khánh Hòa,NTB,AM Duy
NTB - Khánh Hòa,(KHO) Đông Ninh Hòa,Hàng Mới Ca 2,2026-10-06 - Thứ 3,242,59.92%,45.87%,1.24%,3.65,111,3,145,3,128,97,40.08%,52.89%,242,Khánh Hòa,NTB,AM Duy
NTB - Khánh Hòa,(KHO) Đông Ninh Hòa,Hàng Mới Ca 2,2026-09-19 - Thứ 7,141,56.03%,44.68%,0.71%,2.56,63,1,79,1,77,62,43.97%,54.61%,141,Khánh Hòa,NTB,AM Duy
NTB - Khánh Hòa,(KHO) Đông Ninh Hòa,Hàng Mới Ca 2,2026-09-28 - Thứ 2,159,71.70%,51.57%,1.26%,3.1,82,2,114,2,75,45,28.30%,47.17%,159,Khánh Hòa,NTB,AM Duy
NTB - Khánh Hòa,(KHO) Đông Ninh Hòa,Hàng Mới Ca 2,2026-09-27 - Chủ Nhật,229,66.38%,53.71%,0.00%,2.97,123,0,152,0,106,77,33.62%,46.29%,229,Khánh Hòa,NTB,AM Duy
NTB - Khánh Hòa,(KHO) Đông Ninh Hòa,Hàng Mới Ca 2,2026-09-21 - Thứ 2,151,60.93%,44.37%,0.00%,3.58,67,0,92,0,84,59,39.07%,55.63%,151,Khánh Hòa,NTB,AM Duy
NTB - Khánh Hòa,(KHO) Đông Ninh Hòa,Hàng Mới Ca 2,2026-09-29 - Thứ 3,171,79.53%,56.73%,1.17%,3.03,97,2,136,2,72,35,20.47%,42.10%,171,Khánh Hòa,NTB,AM Duy
NTB - Khánh Hòa,(KHO) Đông Ninh Hòa,Hàng Tồn,2026-10-07 - Thứ 4,400,98.25%,52.50%,5.25%,37.12,210,21,393,21,169,7,1.75%,42.25%,0,Khánh Hòa,NTB,AM Duy
NTB - Khánh Hòa,(KHO) Đông Ninh Hòa,Hàng Tồn,2026-10-03 - Thứ 7,342,95.61%,44.74%,13.16%,36.66,153,45,327,45,144,15,4.39%,42.10%,0,Khánh Hòa,NTB,AM Duy
NTB - Khánh Hòa,(KHO) Đông Ninh Hòa,Hàng Tồn,2026-09-27 - Chủ Nhật,347,94.52%,57.93%,3.75%,36.65,201,13,328,13,133,19,5.48%,38.32%,0,Khánh Hòa,NTB,AM Duy
NTB - Khánh Hòa,(KHO) Đông Ninh Hòa,Hàng Tồn,2026-09-21 - Thứ 2,379,96.57%,45.65%,7.65%,43.19,173,29,366,29,177,13,3.43%,46.70%,0,Khánh Hòa,NTB,AM Duy
NTB - Khánh Hòa,(KHO) Đông Ninh Hòa,Hàng Tồn,2026-09-20 - Chủ Nhật,361,88.37%,32.69%,9.14%,40.26,118,33,319,33,210,42,11.63%,58.17%,0,Khánh Hòa,NTB,AM Duy
NTB - Khánh Hòa,(KHO) Đông Ninh Hòa,Hàng Tồn,2026-09-13 - Chủ Nhật,440,95.00%,53.86%,2.73%,33.68,237,12,418,12,191,22,5.00%,43.41%,0,Khánh Hòa,NTB,AM Duy
NTB - Khánh Hòa,(KHO) Đông Ninh Hòa,Hàng Tồn,2026-09-24 - Thứ 5,258,91.47%,40.70%,5.43%,39.15,105,14,236,14,139,22,8.53%,53.87%,0,Khánh Hòa,NTB,AM Duy
NTB - Khánh Hòa,(KHO) Đông Ninh Hòa,Hàng Tồn,2026-10-06 - Thứ 3,344,96.51%,36.92%,10.17%,36.99,127,35,332,35,182,12,3.49%,52.91%,0,Khánh Hòa,NTB,AM Duy
NTB - Khánh Hòa,(KHO) Đông Ninh Hòa,Hàng Tồn,2026-10-01 - Thứ 5,302,96.36%,45.36%,4.30%,37.9,137,13,291,13,152,11,3.64%,50.34%,0,Khánh Hòa,NTB,AM Duy
NTB - Khánh Hòa,(KHO) Đông Ninh Hòa,Hàng Tồn,2026-09-12 - Thứ 7,279,94.98%,46.95%,5.02%,38.2,131,14,265,14,134,14,5.02%,48.03%,0,Khánh Hòa,NTB,AM Duy
NTB - Khánh Hòa,(KHO) Đông Ninh Hòa,Hàng Tồn,2026-10-05 - Thứ 2,398,97.74%,54.77%,7.04%,38.18,218,28,389,28,152,9,2.26%,38.19%,0,Khánh Hòa,NTB,AM Duy
NTB - Khánh Hòa,(KHO) Đông Ninh Hòa,Hàng Tồn,2026-09-22 - Thứ 3,314,96.82%,29.94%,8.28%,47.34,94,26,304,26,194,10,3.18%,61.78%,0,Khánh Hòa,NTB,AM Duy
NTB - Khánh Hòa,(KHO) Đông Ninh Hòa,Hàng Tồn,2026-09-23 - Thứ 4,334,99.10%,46.41%,9.28%,38.65,155,31,331,31,148,3,0.90%,44.31%,0,Khánh Hòa,NTB,AM Duy
NTB - Khánh Hòa,(KHO) Đông Ninh Hòa,Hàng Tồn,2026-09-14 - Thứ 2,352,97.16%,43.75%,6.25%,40.88,154,22,342,22,176,10,2.84%,50.00%,0,Khánh Hòa,NTB,AM Duy
NTB - Khánh Hòa,(KHO) Đông Ninh Hòa,Hàng Tồn,2026-09-15 - Thứ 3,386,97.41%,50.52%,5.96%,38.56,195,23,376,23,168,10,2.59%,43.52%,0,Khánh Hòa,NTB,AM Duy
NTB - Khánh Hòa,(KHO) Đông Ninh Hòa,Hàng Tồn,2026-09-29 - Thứ 3,259,98.07%,41.31%,5.41%,35.6,107,14,254,14,138,5,1.93%,53.28%,0,Khánh Hòa,NTB,AM Duy
NTB - Khánh Hòa,(KHO) Đông Ninh Hòa,Hàng Tồn,2026-10-08 - Thứ 5,311,96.46%,39.23%,4.18%,38.1,122,13,300,13,176,11,3.54%,56.59%,0,Khánh Hòa,NTB,AM Duy
NTB - Khánh Hòa,(KHO) Đông Ninh Hòa,Hàng Tồn,2026-09-19 - Thứ 7,408,89.46%,44.36%,3.92%,37.37,181,16,365,16,211,43,10.54%,51.72%,0,Khánh Hòa,NTB,AM Duy
NTB - Khánh Hòa,(KHO) Đông Ninh Hòa,Hàng Tồn,2026-10-04 - Chủ Nhật,319,87.46%,40.75%,3.76%,35.51,130,12,279,12,177,40,12.54%,55.49%,0,Khánh Hòa,NTB,AM Duy
NTB - Khánh Hòa,(KHO) Đông Ninh Hòa,Hàng Tồn,2026-09-30 - Thứ 4,267,98.88%,35.96%,5.62%,39.63,96,15,264,15,156,3,1.12%,58.42%,0,Khánh Hòa,NTB,AM Duy
NTB - Khánh Hòa,(KHO) Đông Ninh Hòa,Hàng Tồn,2026-09-17 - Thứ 5,430,92.09%,52.79%,4.65%,35.86,227,20,396,20,183,34,7.91%,42.56%,0,Khánh Hòa,NTB,AM Duy
NTB - Khánh Hòa,(KHO) Đông Ninh Hòa,Hàng Tồn,2026-10-09 - Thứ 6,397,96.73%,50.13%,8.06%,37.88,199,32,384,32,166,13,3.27%,41.81%,0,Khánh Hòa,NTB,AM Duy
NTB - Khánh Hòa,(KHO) Đông Ninh Hòa,Hàng Tồn,2026-09-28 - Thứ 2,290,95.86%,46.21%,5.17%,34.2,134,15,278,15,141,12,4.14%,48.62%,0,Khánh Hòa,NTB,AM Duy
NTB - Khánh Hòa,(KHO) Đông Ninh Hòa,Hàng Tồn,2026-09-16 - Thứ 4,342,95.32%,39.18%,6.73%,35.84,134,23,326,23,185,16,4.68%,54.09%,0,Khánh Hòa,NTB,AM Duy
NTB - Khánh Hòa,(KHO) Đông Ninh Hòa,Hàng Tồn,2026-09-25 - Thứ 6,310,97.74%,39.35%,7.74%,37.78,122,24,303,24,164,7,2.26%,52.91%,0,Khánh Hòa,NTB,AM Duy
NTB - Khánh Hòa,(KHO) Đông Ninh Hòa,Hàng Tồn,2026-09-18 - Thứ 6,403,95.53%,43.18%,4.47%,38.76,174,18,385,18,211,18,4.47%,52.35%,0,Khánh Hòa,NTB,AM Duy
NTB - Khánh Hòa,(KHO) Đông Ninh Hòa,Hàng Tồn,2026-09-26 - Thứ 7,314,98.09%,38.54%,9.55%,35.02,121,30,308,30,163,6,1.91%,51.91%,0,Khánh Hòa,NTB,AM Duy
NTB - Khánh Hòa,(KHO) Đông Ninh Hòa,Hàng Tồn,2026-10-02 - Thứ 6,345,98.26%,44.35%,8.70%,36.95,153,30,339,30,162,6,1.74%,46.95%,0,Khánh Hòa,NTB,AM Duy
NTB - Khánh Hòa,(KHO) Vạn Ninh,Hàng Mới Ca 1,2026-09-18 - Thứ 6,332,100.00%,76.51%,0.60%,5.97,254,2,332,2,76,0,0.00%,22.89%,332,Khánh Hòa,NTB,AM Duy
NTB - Khánh Hòa,(KHO) Vạn Ninh,Hàng Mới Ca 1,2026-09-21 - Thứ 2,309,99.68%,81.88%,2.27%,5.45,253,7,308,7,49,1,0.32%,15.85%,309,Khánh Hòa,NTB,AM Duy
NTB - Khánh Hòa,(KHO) Vạn Ninh,Hàng Mới Ca 1,2026-09-13 - Chủ Nhật,379,97.89%,76.78%,1.06%,6.3,291,4,371,4,84,8,2.11%,22.16%,379,Khánh Hòa,NTB,AM Duy
NTB - Khánh Hòa,(KHO) Vạn Ninh,Hàng Mới Ca 1,2026-10-01 - Thứ 5,423,99.53%,78.01%,1.18%,6.19,330,5,421,5,88,2,0.47%,20.81%,423,Khánh Hòa,NTB,AM Duy
NTB - Khánh Hòa,(KHO) Vạn Ninh,Hàng Mới Ca 1,2026-09-12 - Thứ 7,469,98.51%,64.18%,0.85%,9.62,301,4,462,4,164,7,1.49%,34.97%,469,Khánh Hòa,NTB,AM Duy
NTB - Khánh Hòa,(KHO) Vạn Ninh,Hàng Mới Ca 1,2026-10-05 - Thứ 2,435,98.85%,80.46%,1.15%,5.99,350,5,430,5,80,5,1.15%,18.39%,435,Khánh Hòa,NTB,AM Duy
NTB - Khánh Hòa,(KHO) Vạn Ninh,Hàng Mới Ca 1,2026-09-22 - Thứ 3,207,99.52%,81.16%,0.48%,6.17,168,1,206,1,38,1,0.48%,18.36%,207,Khánh Hòa,NTB,AM Duy
NTB - Khánh Hòa,(KHO) Vạn Ninh,Hàng Mới Ca 1,2026-09-23 - Thứ 4,432,99.31%,81.48%,0.69%,6.61,352,3,429,3,77,3,0.69%,17.83%,432,Khánh Hòa,NTB,AM Duy
NTB - Khánh Hòa,(KHO) Vạn Ninh,Hàng Mới Ca 1,2026-09-14 - Thứ 2,355,99.15%,75.21%,1.41%,6.23,267,5,352,5,83,3,0.85%,23.38%,355,Khánh Hòa,NTB,AM Duy
NTB - Khánh Hòa,(KHO) Vạn Ninh,Hàng Mới Ca 1,2026-10-02 - Thứ 6,425,97.65%,78.82%,0.94%,6.31,335,4,415,4,86,10,2.35%,20.24%,425,Khánh Hòa,NTB,AM Duy
NTB - Khánh Hòa,(KHO) Vạn Ninh,Hàng Mới Ca 1,2026-09-29 - Thứ 3,315,96.83%,73.97%,1.27%,4.81,233,4,305,4,78,10,3.17%,24.76%,315,Khánh Hòa,NTB,AM Duy
NTB - Khánh Hòa,(KHO) Vạn Ninh,Hàng Mới Ca 1,2026-10-08 - Thứ 5,572,99.65%,78.67%,0.52%,6.82,450,3,570,3,119,2,0.35%,20.81%,572,Khánh Hòa,NTB,AM Duy
NTB - Khánh Hòa,(KHO) Vạn Ninh,Hàng Mới Ca 1,2026-09-30 - Thứ 4,344,99.42%,79.36%,1.16%,5.52,273,4,342,4,67,2,0.58%,19.48%,344,Khánh Hòa,NTB,AM Duy
NTB - Khánh Hòa,(KHO) Vạn Ninh,Hàng Mới Ca 1,2026-10-09 - Thứ 6,302,99.67%,77.81%,1.99%,7.26,235,6,301,6,61,1,0.33%,20.20%,302,Khánh Hòa,NTB,AM Duy
NTB - Khánh Hòa,(KHO) Vạn Ninh,Hàng Mới Ca 1,2026-09-28 - Thứ 2,219,95.43%,80.82%,1.37%,5.7,177,3,209,3,39,10,4.57%,17.81%,219,Khánh Hòa,NTB,AM Duy
NTB - Khánh Hòa,(KHO) Vạn Ninh,Hàng Mới Ca 1,2026-10-07 - Thứ 4,317,100.00%,83.28%,0.95%,6.47,264,3,317,3,50,0,0.00%,15.77%,317,Khánh Hòa,NTB,AM Duy
NTB - Khánh Hòa,(KHO) Vạn Ninh,Hàng Mới Ca 1,2026-10-03 - Thứ 7,364,99.18%,80.49%,1.65%,5.84,293,6,361,6,65,3,0.82%,17.86%,364,Khánh Hòa,NTB,AM Duy
NTB - Khánh Hòa,(KHO) Vạn Ninh,Hàng Mới Ca 1,2026-09-16 - Thứ 4,368,100.00%,77.99%,1.09%,5.9,287,4,368,4,77,0,0.00%,20.92%,368,Khánh Hòa,NTB,AM Duy
NTB - Khánh Hòa,(KHO) Vạn Ninh,Hàng Mới Ca 1,2026-09-27 - Chủ Nhật,243,100.00%,82.30%,1.23%,5.88,200,3,243,3,40,0,0.00%,16.47%,243,Khánh Hòa,NTB,AM Duy
NTB - Khánh Hòa,(KHO) Vạn Ninh,Hàng Mới Ca 1,2026-09-20 - Chủ Nhật,391,99.49%,77.75%,1.02%,5.88,304,4,389,4,83,2,0.51%,21.23%,391,Khánh Hòa,NTB,AM Duy
NTB - Khánh Hòa,(KHO) Vạn Ninh,Hàng Mới Ca 1,2026-09-24 - Thứ 5,345,99.13%,82.03%,1.74%,5.33,283,6,342,6,56,3,0.87%,16.23%,345,Khánh Hòa,NTB,AM Duy
NTB - Khánh Hòa,(KHO) Vạn Ninh,Hàng Mới Ca 1,2026-10-06 - Thứ 3,271,100.00%,77.49%,0.74%,5.18,210,2,271,2,59,0,0.00%,21.77%,271,Khánh Hòa,NTB,AM Duy
NTB - Khánh Hòa,(KHO) Vạn Ninh,Hàng Mới Ca 1,2026-09-15 - Thứ 3,219,94.98%,69.86%,0.46%,5.35,153,1,208,1,65,11,5.02%,29.68%,219,Khánh Hòa,NTB,AM Duy
NTB - Khánh Hòa,(KHO) Vạn Ninh,Hàng Mới Ca 1,2026-09-19 - Thứ 7,375,99.73%,81.87%,1.33%,5.99,307,5,374,5,63,1,0.27%,16.80%,375,Khánh Hòa,NTB,AM Duy
NTB - Khánh Hòa,(KHO) Vạn Ninh,Hàng Mới Ca 1,2026-10-04 - Chủ Nhật,391,98.98%,79.80%,1.02%,4.99,312,4,387,4,75,4,1.02%,19.18%,391,Khánh Hòa,NTB,AM Duy
NTB - Khánh Hòa,(KHO) Vạn Ninh,Hàng Mới Ca 1,2026-09-17 - Thứ 5,329,99.39%,78.12%,0.61%,5.95,257,2,327,2,70,2,0.61%,21.27%,329,Khánh Hòa,NTB,AM Duy
NTB - Khánh Hòa,(KHO) Vạn Ninh,Hàng Mới Ca 1,2026-09-26 - Thứ 7,259,96.91%,77.61%,1.16%,5.68,201,3,251,3,55,8,3.09%,21.23%,259,Khánh Hòa,NTB,AM Duy
NTB - Khánh Hòa,(KHO) Vạn Ninh,Hàng Mới Ca 1,2026-09-25 - Thứ 6,451,99.78%,76.94%,1.55%,6.45,347,7,450,7,97,1,0.22%,21.51%,451,Khánh Hòa,NTB,AM Duy
NTB - Khánh Hòa,(KHO) Vạn Ninh,Hàng Mới Ca 2,2026-09-21 - Thứ 2,152,92.11%,65.79%,1.97%,2.3,100,3,140,3,49,12,7.89%,32.24%,152,Khánh Hòa,NTB,AM Duy
NTB - Khánh Hòa,(KHO) Vạn Ninh,Hàng Mới Ca 2,2026-09-20 - Chủ Nhật,82,87.80%,71.95%,1.22%,2,59,1,72,1,22,10,12.20%,26.83%,82,Khánh Hòa,NTB,AM Duy
NTB - Khánh Hòa,(KHO) Vạn Ninh,Hàng Mới Ca 2,2026-09-24 - Thứ 5,168,97.02%,73.21%,1.19%,1.64,123,2,163,2,43,5,2.98%,25.60%,168,Khánh Hòa,NTB,AM Duy
NTB - Khánh Hòa,(KHO) Vạn Ninh,Hàng Mới Ca 2,2026-10-06 - Thứ 3,219,84.47%,64.84%,1.37%,2.32,142,3,185,3,74,34,15.53%,33.79%,219,Khánh Hòa,NTB,AM Duy
NTB - Khánh Hòa,(KHO) Vạn Ninh,Hàng Mới Ca 2,2026-09-12 - Thứ 7,243,75.31%,44.44%,0.41%,2.41,108,1,183,1,134,60,24.69%,55.15%,243,Khánh Hòa,NTB,AM Duy
NTB - Khánh Hòa,(KHO) Vạn Ninh,Hàng Mới Ca 2,2026-09-22 - Thứ 3,150,90.00%,64.00%,0.67%,1.84,96,1,135,1,53,15,10.00%,35.33%,150,Khánh Hòa,NTB,AM Duy
NTB - Khánh Hòa,(KHO) Vạn Ninh,Hàng Mới Ca 2,2026-09-23 - Thứ 4,137,92.70%,75.18%,1.46%,1.8,103,2,127,2,32,10,7.30%,23.36%,137,Khánh Hòa,NTB,AM Duy
NTB - Khánh Hòa,(KHO) Vạn Ninh,Hàng Mới Ca 2,2026-09-14 - Thứ 2,206,63.11%,45.15%,0.97%,2.43,93,2,130,2,111,76,36.89%,53.88%,206,Khánh Hòa,NTB,AM Duy
NTB - Khánh Hòa,(KHO) Vạn Ninh,Hàng Mới Ca 2,2026-09-15 - Thứ 3,149,85.91%,59.73%,0.00%,3.26,89,0,128,0,60,21,14.09%,40.27%,149,Khánh Hòa,NTB,AM Duy
NTB - Khánh Hòa,(KHO) Vạn Ninh,Hàng Mới Ca 2,2026-09-29 - Thứ 3,196,80.61%,63.78%,2.04%,2.64,125,4,158,4,67,38,19.39%,34.18%,196,Khánh Hòa,NTB,AM Duy
NTB - Khánh Hòa,(KHO) Vạn Ninh,Hàng Mới Ca 2,2026-10-08 - Thứ 5,143,83.92%,66.43%,1.40%,3.02,95,2,120,2,46,23,16.08%,32.17%,143,Khánh Hòa,NTB,AM Duy
NTB - Khánh Hòa,(KHO) Vạn Ninh,Hàng Mới Ca 2,2026-09-19 - Thứ 7,103,86.41%,66.99%,0.97%,2.24,69,1,89,1,33,14,13.59%,32.04%,103,Khánh Hòa,NTB,AM Duy
NTB - Khánh Hòa,(KHO) Vạn Ninh,Hàng Mới Ca 2,2026-10-09 - Thứ 6,265,59.25%,46.04%,0.38%,2.93,122,1,157,1,142,108,40.75%,53.58%,265,Khánh Hòa,NTB,AM Duy
NTB - Khánh Hòa,(KHO) Vạn Ninh,Hàng Mới Ca 2,2026-09-26 - Thứ 7,228,87.28%,57.02%,0.88%,1.71,130,2,199,2,96,29,12.72%,42.10%,228,Khánh Hòa,NTB,AM Duy
NTB - Khánh Hòa,(KHO) Vạn Ninh,Hàng Mới Ca 2,2026-09-28 - Thứ 2,87,85.06%,55.17%,1.15%,1.98,48,1,74,1,38,13,14.94%,43.68%,87,Khánh Hòa,NTB,AM Duy
NTB - Khánh Hòa,(KHO) Vạn Ninh,Hàng Mới Ca 2,2026-10-03 - Thứ 7,149,88.59%,67.79%,2.01%,1.81,101,3,132,3,45,17,11.41%,30.20%,149,Khánh Hòa,NTB,AM Duy
NTB - Khánh Hòa,(KHO) Vạn Ninh,Hàng Mới Ca 2,2026-09-25 - Thứ 6,210,83.33%,63.33%,2.38%,2.48,133,5,175,5,72,35,16.67%,34.29%,210,Khánh Hòa,NTB,AM Duy
NTB - Khánh Hòa,(KHO) Vạn Ninh,Hàng Mới Ca 2,2026-09-27 - Chủ Nhật,195,97.44%,69.23%,1.03%,1.9,135,2,190,2,58,5,2.56%,29.74%,195,Khánh Hòa,NTB,AM Duy
NTB - Khánh Hòa,(KHO) Vạn Ninh,Hàng Mới Ca 2,2026-10-01 - Thứ 5,202,79.21%,58.42%,2.48%,1.78,118,5,160,5,79,42,20.79%,39.10%,202,Khánh Hòa,NTB,AM Duy
NTB - Khánh Hòa,(KHO) Vạn Ninh,Hàng Mới Ca 2,2026-09-16 - Thứ 4,137,59.85%,47.45%,1.46%,1.22,65,2,82,2,70,55,40.15%,51.09%,137,Khánh Hòa,NTB,AM Duy
NTB - Khánh Hòa,(KHO) Vạn Ninh,Hàng Mới Ca 2,2026-10-02 - Thứ 6,134,91.79%,68.66%,0.75%,1.63,92,1,123,1,41,11,8.21%,30.59%,134,Khánh Hòa,NTB,AM Duy
NTB - Khánh Hòa,(KHO) Vạn Ninh,Hàng Mới Ca 2,2026-09-30 - Thứ 4,113,79.65%,66.37%,0.00%,2.32,75,0,90,0,38,23,20.35%,33.63%,113,Khánh Hòa,NTB,AM Duy
NTB - Khánh Hòa,(KHO) Vạn Ninh,Hàng Mới Ca 2,2026-10-07 - Thứ 4,156,89.74%,67.31%,1.28%,2.19,105,2,140,2,49,16,10.26%,31.41%,156,Khánh Hòa,NTB,AM Duy
NTB - Khánh Hòa,(KHO) Vạn Ninh,Hàng Mới Ca 2,2026-09-18 - Thứ 6,173,76.88%,57.80%,4.05%,2.46,100,7,133,7,66,40,23.12%,38.15%,173,Khánh Hòa,NTB,AM Duy
NTB - Khánh Hòa,(KHO) Vạn Ninh,Hàng Mới Ca 2,2026-09-13 - Chủ Nhật,143,72.03%,40.56%,0.00%,1.82,58,0,103,0,85,40,27.97%,59.44%,143,Khánh Hòa,NTB,AM Duy
NTB - Khánh Hòa,(KHO) Vạn Ninh,Hàng Mới Ca 2,2026-10-05 - Thứ 2,195,90.26%,68.72%,0.00%,2.18,134,0,176,0,61,19,9.74%,31.28%,195,Khánh Hòa,NTB,AM Duy
NTB - Khánh Hòa,(KHO) Vạn Ninh,Hàng Mới Ca 2,2026-10-04 - Chủ Nhật,141,82.27%,63.83%,0.71%,1.69,90,1,116,1,50,25,17.73%,35.46%,141,Khánh Hòa,NTB,AM Duy
NTB - Khánh Hòa,(KHO) Vạn Ninh,Hàng Mới Ca 2,2026-09-17 - Thứ 5,174,72.41%,53.45%,1.15%,3.29,93,2,126,2,79,48,27.59%,45.40%,174,Khánh Hòa,NTB,AM Duy
NTB - Khánh Hòa,(KHO) Vạn Ninh,Hàng Tồn,2026-09-25 - Thứ 6,159,97.48%,36.48%,10.69%,32.6,58,17,155,17,84,4,2.52%,52.83%,0,Khánh Hòa,NTB,AM Duy
NTB - Khánh Hòa,(KHO) Vạn Ninh,Hàng Tồn,2026-09-18 - Thứ 6,235,98.30%,51.06%,9.79%,35.98,120,23,231,23,92,4,1.70%,39.15%,0,Khánh Hòa,NTB,AM Duy
NTB - Khánh Hòa,(KHO) Vạn Ninh,Hàng Tồn,2026-09-27 - Chủ Nhật,249,94.38%,46.99%,8.43%,29.22,117,21,235,21,111,14,5.62%,44.58%,0,Khánh Hòa,NTB,AM Duy
NTB - Khánh Hòa,(KHO) Vạn Ninh,Hàng Tồn,2026-09-21 - Thứ 2,169,98.22%,49.70%,8.88%,37.2,84,15,166,15,70,3,1.78%,41.42%,0,Khánh Hòa,NTB,AM Duy
NTB - Khánh Hòa,(KHO) Vạn Ninh,Hàng Tồn,2026-09-20 - Chủ Nhật,167,97.01%,42.51%,8.98%,37.65,71,15,162,15,81,5,2.99%,48.51%,0,Khánh Hòa,NTB,AM Duy
NTB - Khánh Hòa,(KHO) Vạn Ninh,Hàng Tồn,2026-09-13 - Chủ Nhật,434,95.39%,55.30%,5.76%,36.6,240,25,414,25,169,20,4.61%,38.94%,0,Khánh Hòa,NTB,AM Duy
NTB - Khánh Hòa,(KHO) Vạn Ninh,Hàng Tồn,2026-10-01 - Thứ 5,174,95.98%,32.18%,8.62%,34.34,56,15,167,15,103,7,4.02%,59.20%,0,Khánh Hòa,NTB,AM Duy
NTB - Khánh Hòa,(KHO) Vạn Ninh,Hàng Tồn,2026-09-12 - Thứ 7,333,99.10%,40.54%,6.01%,38.56,135,20,330,20,178,3,0.90%,53.45%,0,Khánh Hòa,NTB,AM Duy
NTB - Khánh Hòa,(KHO) Vạn Ninh,Hàng Tồn,2026-09-22 - Thứ 3,154,96.75%,37.66%,7.14%,35.98,58,11,149,11,85,5,3.25%,55.20%,0,Khánh Hòa,NTB,AM Duy
NTB - Khánh Hòa,(KHO) Vạn Ninh,Hàng Tồn,2026-09-23 - Thứ 4,150,96.00%,42.67%,5.33%,28.67,64,8,144,8,78,6,4.00%,52.00%,0,Khánh Hòa,NTB,AM Duy
NTB - Khánh Hòa,(KHO) Vạn Ninh,Hàng Tồn,2026-09-14 - Thứ 2,316,97.78%,40.82%,10.44%,40.65,129,33,309,33,154,7,2.22%,48.74%,0,Khánh Hòa,NTB,AM Duy
NTB - Khánh Hòa,(KHO) Vạn Ninh,Hàng Tồn,2026-09-15 - Thứ 3,318,97.17%,48.11%,7.86%,35.89,153,25,309,25,140,9,2.83%,44.03%,0,Khánh Hòa,NTB,AM Duy
NTB - Khánh Hòa,(KHO) Vạn Ninh,Hàng Tồn,2026-10-02 - Thứ 6,254,95.67%,46.46%,5.12%,33.45,118,13,243,13,123,11,4.33%,48.42%,0,Khánh Hòa,NTB,AM Duy
NTB - Khánh Hòa,(KHO) Vạn Ninh,Hàng Tồn,2026-09-29 - Thứ 3,158,89.24%,33.54%,12.03%,32.87,53,19,141,19,86,17,10.76%,54.43%,0,Khánh Hòa,NTB,AM Duy
NTB - Khánh Hòa,(KHO) Vạn Ninh,Hàng Tồn,2026-10-08 - Thứ 5,183,98.36%,36.07%,8.20%,34.46,66,15,180,15,102,3,1.64%,55.73%,0,Khánh Hòa,NTB,AM Duy
NTB - Khánh Hòa,(KHO) Vạn Ninh,Hàng Tồn,2026-09-19 - Thứ 7,218,97.25%,52.29%,5.96%,33.33,114,13,212,13,91,6,2.75%,41.75%,0,Khánh Hòa,NTB,AM Duy
NTB - Khánh Hòa,(KHO) Vạn Ninh,Hàng Tồn,2026-10-04 - Chủ Nhật,185,95.68%,39.46%,8.11%,32.74,73,15,177,15,97,8,4.32%,52.43%,0,Khánh Hòa,NTB,AM Duy
NTB - Khánh Hòa,(KHO) Vạn Ninh,Hàng Tồn,2026-09-17 - Thứ 5,227,96.48%,46.26%,4.85%,31.52,105,11,219,11,111,8,3.52%,48.89%,0,Khánh Hòa,NTB,AM Duy
NTB - Khánh Hòa,(KHO) Vạn Ninh,Hàng Tồn,2026-10-09 - Thứ 6,243,97.94%,47.74%,7.82%,35.33,116,19,238,19,108,5,2.06%,44.44%,0,Khánh Hòa,NTB,AM Duy
NTB - Khánh Hòa,(KHO) Vạn Ninh,Hàng Tồn,2026-09-26 - Thứ 7,239,97.91%,48.12%,3.35%,30.04,115,8,234,8,116,5,2.09%,48.53%,0,Khánh Hòa,NTB,AM Duy
NTB - Khánh Hòa,(KHO) Vạn Ninh,Hàng Tồn,2026-09-28 - Thứ 2,185,96.22%,40.54%,9.73%,34.39,75,18,178,18,92,7,3.78%,49.73%,0,Khánh Hòa,NTB,AM Duy
NTB - Khánh Hòa,(KHO) Vạn Ninh,Hàng Tồn,2026-10-07 - Thứ 4,216,98.61%,42.13%,6.94%,31.87,91,15,213,15,110,3,1.39%,50.93%,0,Khánh Hòa,NTB,AM Duy
NTB - Khánh Hòa,(KHO) Vạn Ninh,Hàng Tồn,2026-09-16 - Thứ 4,230,96.52%,46.96%,10.43%,34.56,108,24,222,24,98,8,3.48%,42.61%,0,Khánh Hòa,NTB,AM Duy
NTB - Khánh Hòa,(KHO) Vạn Ninh,Hàng Tồn,2026-09-24 - Thứ 5,164,97.56%,48.17%,5.49%,32.84,79,9,160,9,76,4,2.44%,46.34%,0,Khánh Hòa,NTB,AM Duy
NTB - Khánh Hòa,(KHO) Vạn Ninh,Hàng Tồn,2026-10-06 - Thứ 3,209,97.61%,44.50%,10.05%,34.64,93,21,204,21,95,5,2.39%,45.45%,0,Khánh Hòa,NTB,AM Duy
NTB - Khánh Hòa,(KHO) Vạn Ninh,Hàng Tồn,2026-10-05 - Thứ 2,199,95.48%,46.73%,9.55%,34.28,93,19,190,19,87,9,4.52%,43.72%,0,Khánh Hòa,NTB,AM Duy
NTB - Khánh Hòa,(KHO) Vạn Ninh,Hàng Tồn,2026-09-30 - Thứ 4,178,97.19%,47.75%,7.30%,31.55,85,13,173,13,80,5,2.81%,44.95%,0,Khánh Hòa,NTB,AM Duy
NTB - Khánh Hòa,(KHO) Vạn Ninh,Hàng Tồn,2026-10-03 - Thứ 7,225,97.33%,44.44%,11.11%,37,100,25,219,25,100,6,2.67%,44.45%,0,Khánh Hòa,NTB,AM Duy
NTB - Khánh Hòa,(KHO) Tây Nha Trang,Hàng Mới Ca 1,2026-09-16 - Thứ 4,913,10.51%,7.56%,0.11%,13.39,69,1,96,1,843,817,89.49%,92.33%,913,Khánh Hòa,NTB,AM Duy
NTB - Khánh Hòa,(KHO) Tây Nha Trang,Hàng Mới Ca 1,2026-09-18 - Thứ 6,852,15.85%,12.91%,0.00%,12.22,110,0,135,0,742,717,84.15%,87.09%,852,Khánh Hòa,NTB,AM Duy
NTB - Khánh Hòa,(KHO) Tây Nha Trang,Hàng Mới Ca 1,2026-09-27 - Chủ Nhật,376,88.83%,62.23%,0.80%,11.38,234,3,334,3,139,42,11.17%,36.97%,376,Khánh Hòa,NTB,AM Duy
NTB - Khánh Hòa,(KHO) Tây Nha Trang,Hàng Mới Ca 1,2026-09-21 - Thứ 2,403,15.63%,10.92%,0.25%,15.59,44,1,63,1,358,340,84.37%,88.83%,403,Khánh Hòa,NTB,AM Duy
NTB - Khánh Hòa,(KHO) Tây Nha Trang,Hàng Mới Ca 1,2026-09-13 - Chủ Nhật,730,23.56%,16.99%,0.82%,15.65,124,6,172,6,600,558,76.44%,82.19%,730,Khánh Hòa,NTB,AM Duy
NTB - Khánh Hòa,(KHO) Tây Nha Trang,Hàng Mới Ca 1,2026-09-24 - Thứ 5,492,88.62%,67.28%,0.81%,13.68,331,4,436,4,157,56,11.38%,31.91%,492,Khánh Hòa,NTB,AM Duy
NTB - Khánh Hòa,(KHO) Tây Nha Trang,Hàng Mới Ca 1,2026-10-06 - Thứ 3,454,88.77%,64.32%,0.44%,8.38,292,2,403,2,160,51,11.23%,35.24%,454,Khánh Hòa,NTB,AM Duy
NTB - Khánh Hòa,(KHO) Tây Nha Trang,Hàng Mới Ca 1,2026-10-01 - Thứ 5,381,99.48%,65.09%,1.05%,11.87,248,4,379,4,129,2,0.52%,33.86%,381,Khánh Hòa,NTB,AM Duy
NTB - Khánh Hòa,(KHO) Tây Nha Trang,Hàng Mới Ca 1,2026-10-05 - Thứ 2,528,85.42%,64.02%,1.89%,10.15,338,10,451,10,180,77,14.58%,34.09%,528,Khánh Hòa,NTB,AM Duy
NTB - Khánh Hòa,(KHO) Tây Nha Trang,Hàng Mới Ca 1,2026-09-22 - Thứ 3,371,68.46%,49.06%,0.27%,14.4,182,1,254,1,188,117,31.54%,50.67%,371,Khánh Hòa,NTB,AM Duy
NTB - Khánh Hòa,(KHO) Tây Nha Trang,Hàng Mới Ca 1,2026-09-14 - Thứ 2,810,11.11%,8.02%,0.00%,11.85,65,0,90,0,745,720,88.89%,91.98%,810,Khánh Hòa,NTB,AM Duy
NTB - Khánh Hòa,(KHO) Tây Nha Trang,Hàng Mới Ca 1,2026-09-15 - Thứ 3,459,9.37%,7.41%,0.00%,7.62,34,0,43,0,425,416,90.63%,92.59%,459,Khánh Hòa,NTB,AM Duy
NTB - Khánh Hòa,(KHO) Tây Nha Trang,Hàng Mới Ca 1,2026-10-08 - Thứ 5,814,53.69%,40.17%,1.47%,10.1,327,12,437,12,475,377,46.31%,58.36%,814,Khánh Hòa,NTB,AM Duy
NTB - Khánh Hòa,(KHO) Tây Nha Trang,Hàng Mới Ca 1,2026-09-19 - Thứ 7,592,18.24%,13.85%,0.17%,14.42,82,1,108,1,509,484,81.76%,85.98%,592,Khánh Hòa,NTB,AM Duy
NTB - Khánh Hòa,(KHO) Tây Nha Trang,Hàng Mới Ca 1,2026-10-04 - Chủ Nhật,633,79.30%,57.66%,1.58%,12.9,365,10,502,10,258,131,20.70%,40.76%,633,Khánh Hòa,NTB,AM Duy
NTB - Khánh Hòa,(KHO) Tây Nha Trang,Hàng Mới Ca 1,2026-09-30 - Thứ 4,318,97.17%,63.84%,0.31%,10.01,203,1,309,1,114,9,2.83%,35.85%,318,Khánh Hòa,NTB,AM Duy
NTB - Khánh Hòa,(KHO) Tây Nha Trang,Hàng Mới Ca 1,2026-09-17 - Thứ 5,839,14.06%,10.25%,0.00%,13.84,86,0,118,0,753,721,85.94%,89.75%,839,Khánh Hòa,NTB,AM Duy
NTB - Khánh Hòa,(KHO) Tây Nha Trang,Hàng Mới Ca 1,2026-10-09 - Thứ 6,710,38.45%,29.30%,0.42%,13.89,208,3,273,3,499,437,61.55%,70.28%,710,Khánh Hòa,NTB,AM Duy
NTB - Khánh Hòa,(KHO) Tây Nha Trang,Hàng Mới Ca 1,2026-09-26 - Thứ 7,374,92.78%,68.18%,1.87%,11.41,255,7,347,7,112,27,7.22%,29.95%,374,Khánh Hòa,NTB,AM Duy
NTB - Khánh Hòa,(KHO) Tây Nha Trang,Hàng Mới Ca 1,2026-09-28 - Thứ 2,272,93.38%,66.18%,0.37%,12.31,180,1,254,1,91,18,6.62%,33.45%,272,Khánh Hòa,NTB,AM Duy
NTB - Khánh Hòa,(KHO) Tây Nha Trang,Hàng Mới Ca 1,2026-10-03 - Thứ 7,404,94.31%,71.53%,0.74%,10.92,289,3,381,3,112,23,5.69%,27.73%,404,Khánh Hòa,NTB,AM Duy
NTB - Khánh Hòa,(KHO) Tây Nha Trang,Hàng Mới Ca 1,2026-09-25 - Thứ 6,627,90.91%,66.67%,0.32%,11.65,418,2,570,2,207,57,9.09%,33.01%,627,Khánh Hòa,NTB,AM Duy
NTB - Khánh Hòa,(KHO) Tây Nha Trang,Hàng Mới Ca 1,2026-09-20 - Chủ Nhật,490,12.24%,8.78%,0.20%,11.49,43,1,60,1,446,430,87.76%,91.02%,490,Khánh Hòa,NTB,AM Duy
NTB - Khánh Hòa,(KHO) Tây Nha Trang,Hàng Mới Ca 1,2026-09-12 - Thứ 7,735,27.48%,19.86%,0.27%,15.33,146,2,202,2,587,533,72.52%,79.87%,735,Khánh Hòa,NTB,AM Duy
NTB - Khánh Hòa,(KHO) Tây Nha Trang,Hàng Mới Ca 1,2026-09-23 - Thứ 4,492,82.93%,60.57%,0.41%,12.76,298,2,408,2,192,84,17.07%,39.02%,492,Khánh Hòa,NTB,AM Duy
NTB - Khánh Hòa,(KHO) Tây Nha Trang,Hàng Mới Ca 1,2026-09-29 - Thứ 3,262,90.08%,55.73%,0.38%,7.74,146,1,236,1,115,26,9.92%,43.89%,262,Khánh Hòa,NTB,AM Duy
NTB - Khánh Hòa,(KHO) Tây Nha Trang,Hàng Mới Ca 1,2026-10-07 - Thứ 4,633,66.82%,49.29%,0.47%,11.63,312,3,423,3,318,210,33.18%,50.24%,633,Khánh Hòa,NTB,AM Duy
NTB - Khánh Hòa,(KHO) Tây Nha Trang,Hàng Mới Ca 1,2026-10-02 - Thứ 6,357,93.56%,65.55%,0.84%,10.91,234,3,334,3,120,23,6.44%,33.61%,357,Khánh Hòa,NTB,AM Duy
NTB - Khánh Hòa,(KHO) Tây Nha Trang,Hàng Mới Ca 2,2026-09-18 - Thứ 6,323,4.95%,2.79%,0.00%,5,9,0,16,0,314,307,95.05%,97.21%,323,Khánh Hòa,NTB,AM Duy
NTB - Khánh Hòa,(KHO) Tây Nha Trang,Hàng Mới Ca 2,2026-09-27 - Chủ Nhật,192,42.19%,26.56%,0.00%,5.16,51,0,81,0,141,111,57.81%,73.44%,192,Khánh Hòa,NTB,AM Duy
NTB - Khánh Hòa,(KHO) Tây Nha Trang,Hàng Mới Ca 2,2026-09-13 - Chủ Nhật,246,5.28%,5.28%,0.00%,4.69,13,0,13,0,233,233,94.72%,94.72%,246,Khánh Hòa,NTB,AM Duy
NTB - Khánh Hòa,(KHO) Tây Nha Trang,Hàng Mới Ca 2,2026-09-24 - Thứ 5,233,67.38%,53.65%,0.43%,4.48,125,1,157,1,107,76,32.62%,45.92%,233,Khánh Hòa,NTB,AM Duy
NTB - Khánh Hòa,(KHO) Tây Nha Trang,Hàng Mới Ca 2,2026-09-12 - Thứ 7,448,2.01%,2.01%,0.00%,4.78,9,0,9,0,439,439,97.99%,97.99%,448,Khánh Hòa,NTB,AM Duy
NTB - Khánh Hòa,(KHO) Tây Nha Trang,Hàng Mới Ca 2,2026-10-05 - Thứ 2,371,7.82%,4.31%,0.27%,5.38,16,1,29,1,354,342,92.18%,95.42%,371,Khánh Hòa,NTB,AM Duy
NTB - Khánh Hòa,(KHO) Tây Nha Trang,Hàng Mới Ca 2,2026-09-22 - Thứ 3,138,8.70%,8.70%,0.00%,3.92,12,0,12,0,126,126,91.30%,91.30%,138,Khánh Hòa,NTB,AM Duy
NTB - Khánh Hòa,(KHO) Tây Nha Trang,Hàng Mới Ca 2,2026-09-23 - Thứ 4,170,18.24%,14.71%,0.00%,4.36,25,0,31,0,145,139,81.76%,85.29%,170,Khánh Hòa,NTB,AM Duy
NTB - Khánh Hòa,(KHO) Tây Nha Trang,Hàng Mới Ca 2,2026-09-14 - Thứ 2,321,4.05%,3.74%,0.00%,4.83,12,0,13,0,309,308,95.95%,96.26%,321,Khánh Hòa,NTB,AM Duy
NTB - Khánh Hòa,(KHO) Tây Nha Trang,Hàng Mới Ca 2,2026-09-15 - Thứ 3,353,4.25%,3.68%,0.00%,3.46,13,0,15,0,340,338,95.75%,96.32%,353,Khánh Hòa,NTB,AM Duy
NTB - Khánh Hòa,(KHO) Tây Nha Trang,Hàng Mới Ca 2,2026-10-02 - Thứ 6,129,79.84%,51.16%,1.55%,4.18,66,2,103,2,61,26,20.16%,47.29%,129,Khánh Hòa,NTB,AM Duy
NTB - Khánh Hòa,(KHO) Tây Nha Trang,Hàng Mới Ca 2,2026-09-29 - Thứ 3,146,46.58%,28.77%,0.00%,3.31,42,0,68,0,104,78,53.42%,71.23%,146,Khánh Hòa,NTB,AM Duy
NTB - Khánh Hòa,(KHO) Tây Nha Trang,Hàng Mới Ca 2,2026-10-08 - Thứ 5,305,4.26%,2.95%,0.00%,2.78,9,0,13,0,296,292,95.74%,97.05%,305,Khánh Hòa,NTB,AM Duy
NTB - Khánh Hòa,(KHO) Tây Nha Trang,Hàng Mới Ca 2,2026-09-30 - Thứ 4,60,60.00%,45.00%,0.00%,4.59,27,0,36,0,33,24,40.00%,55.00%,60,Khánh Hòa,NTB,AM Duy
NTB - Khánh Hòa,(KHO) Tây Nha Trang,Hàng Mới Ca 2,2026-10-09 - Thứ 6,246,10.57%,9.76%,0.00%,4.71,24,0,26,0,222,220,89.43%,90.24%,246,Khánh Hòa,NTB,AM Duy
NTB - Khánh Hòa,(KHO) Tây Nha Trang,Hàng Mới Ca 2,2026-09-28 - Thứ 2,132,44.70%,32.58%,0.00%,3.79,43,0,59,0,89,73,55.30%,67.42%,132,Khánh Hòa,NTB,AM Duy
NTB - Khánh Hòa,(KHO) Tây Nha Trang,Hàng Mới Ca 2,2026-10-07 - Thứ 4,389,4.37%,2.31%,0.00%,4.33,9,0,17,0,380,372,95.63%,97.69%,389,Khánh Hòa,NTB,AM Duy
NTB - Khánh Hòa,(KHO) Tây Nha Trang,Hàng Mới Ca 2,2026-10-03 - Thứ 7,292,57.19%,41.10%,0.68%,4.32,120,2,167,2,170,125,42.81%,58.22%,292,Khánh Hòa,NTB,AM Duy
NTB - Khánh Hòa,(KHO) Tây Nha Trang,Hàng Mới Ca 2,2026-09-16 - Thứ 4,260,3.85%,1.92%,0.00%,5.6,5,0,10,0,255,250,96.15%,98.08%,260,Khánh Hòa,NTB,AM Duy
NTB - Khánh Hòa,(KHO) Tây Nha Trang,Hàng Mới Ca 2,2026-09-21 - Thứ 2,192,8.85%,8.33%,0.00%,5.31,16,0,17,0,176,175,91.15%,91.67%,192,Khánh Hòa,NTB,AM Duy
NTB - Khánh Hòa,(KHO) Tây Nha Trang,Hàng Mới Ca 2,2026-10-06 - Thứ 3,335,13.73%,10.75%,0.60%,4.33,36,2,46,2,297,289,86.27%,88.65%,335,Khánh Hòa,NTB,AM Duy
NTB - Khánh Hòa,(KHO) Tây Nha Trang,Hàng Mới Ca 2,2026-09-19 - Thứ 7,181,6.63%,6.08%,0.00%,3.91,11,0,12,0,170,169,93.37%,93.92%,181,Khánh Hòa,NTB,AM Duy
NTB - Khánh Hòa,(KHO) Tây Nha Trang,Hàng Mới Ca 2,2026-10-04 - Chủ Nhật,311,9.32%,7.40%,0.00%,5.09,23,0,29,0,288,282,90.68%,92.60%,311,Khánh Hòa,NTB,AM Duy
NTB - Khánh Hòa,(KHO) Tây Nha Trang,Hàng Mới Ca 2,2026-09-17 - Thứ 5,305,6.23%,5.25%,0.33%,4.75,16,1,19,1,288,286,93.77%,94.42%,305,Khánh Hòa,NTB,AM Duy
NTB - Khánh Hòa,(KHO) Tây Nha Trang,Hàng Mới Ca 2,2026-09-25 - Thứ 6,174,60.34%,33.33%,0.00%,4.62,58,0,105,0,116,69,39.66%,66.67%,174,Khánh Hòa,NTB,AM Duy
NTB - Khánh Hòa,(KHO) Tây Nha Trang,Hàng Mới Ca 2,2026-09-20 - Chủ Nhật,160,11.88%,8.75%,0.63%,5.86,14,1,19,1,145,141,88.12%,90.62%,160,Khánh Hòa,NTB,AM Duy
NTB - Khánh Hòa,(KHO) Tây Nha Trang,Hàng Mới Ca 2,2026-10-01 - Thứ 5,173,79.19%,50.87%,0.58%,4.36,88,1,137,1,84,36,20.81%,48.55%,173,Khánh Hòa,NTB,AM Duy
NTB - Khánh Hòa,(KHO) Tây Nha Trang,Hàng Mới Ca 2,2026-09-26 - Thứ 7,247,45.75%,28.74%,0.00%,5.11,71,0,113,0,176,134,54.25%,71.26%,247,Khánh Hòa,NTB,AM Duy
NTB - Khánh Hòa,(KHO) Tây Nha Trang,Hàng Tồn,2026-09-18 - Thứ 6,"1,868",58.35%,36.94%,2.09%,56.07,690,39,1090,39,1139,778,41.65%,60.97%,0,Khánh Hòa,NTB,AM Duy
NTB - Khánh Hòa,(KHO) Tây Nha Trang,Hàng Tồn,2026-09-27 - Chủ Nhật,459,89.76%,33.12%,1.74%,38.2,152,8,412,8,299,47,10.24%,65.14%,0,Khánh Hòa,NTB,AM Duy
NTB - Khánh Hòa,(KHO) Tây Nha Trang,Hàng Tồn,2026-09-21 - Thứ 2,"1,385",71.99%,50.32%,2.53%,59.5,697,35,997,35,653,388,28.01%,47.15%,0,Khánh Hòa,NTB,AM Duy
NTB - Khánh Hòa,(KHO) Tây Nha Trang,Hàng Tồn,2026-09-20 - Chủ Nhật,"1,628",62.90%,36.12%,2.33%,60.1,588,38,1024,38,1002,604,37.10%,61.55%,0,Khánh Hòa,NTB,AM Duy
NTB - Khánh Hòa,(KHO) Tây Nha Trang,Hàng Tồn,2026-09-13 - Chủ Nhật,"1,279",51.76%,28.38%,1.95%,46.15,363,25,662,25,891,617,48.24%,69.67%,0,Khánh Hòa,NTB,AM Duy
NTB - Khánh Hòa,(KHO) Tây Nha Trang,Hàng Tồn,2026-09-24 - Thứ 5,587,98.64%,50.26%,4.60%,48.98,295,27,579,27,265,8,1.36%,45.14%,0,Khánh Hòa,NTB,AM Duy
NTB - Khánh Hòa,(KHO) Tây Nha Trang,Hàng Tồn,2026-10-06 - Thứ 3,783,92.98%,47.51%,3.07%,35.98,372,24,728,24,387,55,7.02%,49.42%,0,Khánh Hòa,NTB,AM Duy
NTB - Khánh Hòa,(KHO) Tây Nha Trang,Hàng Tồn,2026-09-12 - Thứ 7,821,82.10%,37.64%,4.99%,42.49,309,41,674,41,471,147,17.90%,57.37%,0,Khánh Hòa,NTB,AM Duy
NTB - Khánh Hòa,(KHO) Tây Nha Trang,Hàng Tồn,2026-10-05 - Thứ 2,736,90.90%,58.29%,3.94%,35.91,429,29,669,29,278,67,9.10%,37.77%,0,Khánh Hòa,NTB,AM Duy
NTB - Khánh Hòa,(KHO) Tây Nha Trang,Hàng Tồn,2026-09-22 - Thứ 3,"1,019",81.26%,44.16%,2.94%,59.6,450,30,828,30,539,191,18.74%,52.90%,0,Khánh Hòa,NTB,AM Duy
NTB - Khánh Hòa,(KHO) Tây Nha Trang,Hàng Tồn,2026-09-23 - Thứ 4,764,91.49%,49.74%,3.53%,57.99,380,27,699,27,357,65,8.51%,46.73%,0,Khánh Hòa,NTB,AM Duy
NTB - Khánh Hòa,(KHO) Tây Nha Trang,Hàng Tồn,2026-09-14 - Thứ 2,"1,455",69.14%,42.06%,2.13%,47.37,612,31,1006,31,812,449,30.86%,55.81%,0,Khánh Hòa,NTB,AM Duy
NTB - Khánh Hòa,(KHO) Tây Nha Trang,Hàng Tồn,2026-09-15 - Thứ 3,"1,672",56.04%,34.99%,2.45%,60.66,585,41,937,41,1046,735,43.96%,62.56%,0,Khánh Hòa,NTB,AM Duy
NTB - Khánh Hòa,(KHO) Tây Nha Trang,Hàng Tồn,2026-10-02 - Thứ 6,316,93.99%,41.14%,6.01%,39.53,130,19,297,19,167,19,6.01%,52.85%,0,Khánh Hòa,NTB,AM Duy
NTB - Khánh Hòa,(KHO) Tây Nha Trang,Hàng Tồn,2026-09-29 - Thứ 3,357,87.68%,29.41%,9.24%,48.21,105,33,313,33,219,44,12.32%,61.35%,0,Khánh Hòa,NTB,AM Duy
NTB - Khánh Hòa,(KHO) Tây Nha Trang,Hàng Tồn,2026-10-08 - Thứ 5,"1,073",74.00%,41.38%,4.66%,41.07,444,50,794,50,579,279,26.00%,53.96%,0,Khánh Hòa,NTB,AM Duy
NTB - Khánh Hòa,(KHO) Tây Nha Trang,Hàng Tồn,2026-09-19 - Thứ 7,"1,967",57.40%,38.89%,2.80%,56.57,765,55,1129,55,1147,838,42.60%,58.31%,0,Khánh Hòa,NTB,AM Duy
NTB - Khánh Hòa,(KHO) Tây Nha Trang,Hàng Tồn,2026-10-04 - Chủ Nhật,391,84.65%,37.34%,3.58%,36.09,146,14,331,14,231,60,15.35%,59.08%,0,Khánh Hòa,NTB,AM Duy
NTB - Khánh Hòa,(KHO) Tây Nha Trang,Hàng Tồn,2026-09-30 - Thứ 4,397,97.73%,45.09%,5.04%,45.72,179,20,388,20,198,9,2.27%,49.87%,0,Khánh Hòa,NTB,AM Duy
NTB - Khánh Hòa,(KHO) Tây Nha Trang,Hàng Tồn,2026-09-17 - Thứ 5,"1,776",62.27%,39.36%,2.93%,53.67,699,52,1106,52,1025,670,37.73%,57.71%,0,Khánh Hòa,NTB,AM Duy
NTB - Khánh Hòa,(KHO) Tây Nha Trang,Hàng Tồn,2026-10-09 - Thứ 6,"1,292",75.23%,47.52%,4.41%,44.44,614,57,972,57,621,320,24.77%,48.07%,0,Khánh Hòa,NTB,AM Duy
NTB - Khánh Hòa,(KHO) Tây Nha Trang,Hàng Tồn,2026-09-26 - Thứ 7,437,96.57%,40.96%,4.12%,39.27,179,18,422,18,240,15,3.43%,54.92%,0,Khánh Hòa,NTB,AM Duy
NTB - Khánh Hòa,(KHO) Tây Nha Trang,Hàng Tồn,2026-09-28 - Thứ 2,508,98.03%,48.23%,7.68%,43.96,245,39,498,39,224,10,1.97%,44.09%,0,Khánh Hòa,NTB,AM Duy
NTB - Khánh Hòa,(KHO) Tây Nha Trang,Hàng Tồn,2026-10-07 - Thứ 4,795,84.03%,42.64%,4.40%,41.1,339,35,668,35,421,127,15.97%,52.96%,0,Khánh Hòa,NTB,AM Duy
NTB - Khánh Hòa,(KHO) Tây Nha Trang,Hàng Tồn,2026-10-03 - Thứ 7,317,94.32%,40.69%,4.10%,38.95,129,13,299,13,175,18,5.68%,55.21%,0,Khánh Hòa,NTB,AM Duy
NTB - Khánh Hòa,(KHO) Tây Nha Trang,Hàng Tồn,2026-09-16 - Thứ 4,"1,616",65.78%,42.76%,2.97%,52.68,691,48,1063,48,877,553,34.22%,54.27%,0,Khánh Hòa,NTB,AM Duy
NTB - Khánh Hòa,(KHO) Tây Nha Trang,Hàng Tồn,2026-09-25 - Thứ 6,419,98.81%,48.45%,6.92%,47.19,203,29,414,29,187,5,1.19%,44.63%,0,Khánh Hòa,NTB,AM Duy
NTB - Khánh Hòa,(KHO) Tây Nha Trang,Hàng Tồn,2026-10-01 - Thứ 5,310,98.06%,45.81%,6.45%,45.88,142,20,304,20,148,6,1.94%,47.74%,0,Khánh Hòa,NTB,AM Duy
NTB - Khánh Hòa,(KHO) Tân Định,Hàng Mới Ca 1,2026-10-03 - Thứ 7,224,94.20%,79.02%,2.68%,7.8,177,6,211,6,41,13,5.80%,18.30%,224,Khánh Hòa,NTB,AM Phi
NTB - Khánh Hòa,(KHO) Tân Định,Hàng Mới Ca 1,2026-09-21 - Thứ 2,226,96.02%,85.84%,0.00%,5.08,194,0,217,0,32,9,3.98%,14.16%,226,Khánh Hòa,NTB,AM Phi
NTB - Khánh Hòa,(KHO) Tân Định,Hàng Mới Ca 1,2026-09-13 - Chủ Nhật,254,100.00%,79.13%,0.39%,7.48,201,1,254,1,52,0,0.00%,20.48%,254,Khánh Hòa,NTB,AM Phi
NTB - Khánh Hòa,(KHO) Tân Định,Hàng Mới Ca 1,2026-09-24 - Thứ 5,288,99.65%,86.81%,1.04%,6.03,250,3,287,3,35,1,0.35%,12.15%,288,Khánh Hòa,NTB,AM Phi
NTB - Khánh Hòa,(KHO) Tân Định,Hàng Mới Ca 1,2026-09-12 - Thứ 7,217,91.71%,76.50%,1.38%,6.36,166,3,199,3,48,18,8.29%,22.12%,217,Khánh Hòa,NTB,AM Phi
NTB - Khánh Hòa,(KHO) Tân Định,Hàng Mới Ca 1,2026-10-05 - Thứ 2,277,100.00%,82.67%,1.08%,6.58,229,3,277,3,45,0,0.00%,16.25%,277,Khánh Hòa,NTB,AM Phi
NTB - Khánh Hòa,(KHO) Tân Định,Hàng Mới Ca 1,2026-09-22 - Thứ 3,175,93.14%,80.00%,0.00%,5.83,140,0,163,0,35,12,6.86%,20.00%,175,Khánh Hòa,NTB,AM Phi
NTB - Khánh Hòa,(KHO) Tân Định,Hàng Mới Ca 1,2026-09-14 - Thứ 2,254,98.43%,85.43%,0.00%,6.54,217,0,250,0,37,4,1.57%,14.57%,254,Khánh Hòa,NTB,AM Phi
NTB - Khánh Hòa,(KHO) Tân Định,Hàng Mới Ca 1,2026-09-15 - Thứ 3,175,95.43%,82.86%,0.57%,5.71,145,1,167,1,29,8,4.57%,16.57%,175,Khánh Hòa,NTB,AM Phi
NTB - Khánh Hòa,(KHO) Tân Định,Hàng Mới Ca 1,2026-09-29 - Thứ 3,190,99.47%,80.53%,3.68%,5.65,153,7,189,7,30,1,0.53%,15.79%,190,Khánh Hòa,NTB,AM Phi
NTB - Khánh Hòa,(KHO) Tân Định,Hàng Mới Ca 1,2026-10-08 - Thứ 5,323,99.69%,82.66%,0.93%,7.59,267,3,322,3,53,1,0.31%,16.41%,323,Khánh Hòa,NTB,AM Phi
NTB - Khánh Hòa,(KHO) Tân Định,Hàng Mới Ca 1,2026-09-19 - Thứ 7,242,99.17%,88.02%,0.00%,6.05,213,0,240,0,29,2,0.83%,11.98%,242,Khánh Hòa,NTB,AM Phi
NTB - Khánh Hòa,(KHO) Tân Định,Hàng Mới Ca 1,2026-10-04 - Chủ Nhật,283,92.93%,82.33%,0.71%,7.05,233,2,263,2,48,20,7.07%,16.96%,283,Khánh Hòa,NTB,AM Phi
NTB - Khánh Hòa,(KHO) Tân Định,Hàng Mới Ca 1,2026-09-30 - Thứ 4,273,93.41%,80.22%,1.10%,5.82,219,3,255,3,51,18,6.59%,18.68%,273,Khánh Hòa,NTB,AM Phi
NTB - Khánh Hòa,(KHO) Tân Định,Hàng Mới Ca 1,2026-09-17 - Thứ 5,260,98.08%,83.85%,1.15%,6.93,218,3,255,3,39,5,1.92%,15.00%,260,Khánh Hòa,NTB,AM Phi
NTB - Khánh Hòa,(KHO) Tân Định,Hàng Mới Ca 1,2026-10-09 - Thứ 6,173,100.00%,88.44%,0.58%,5.94,153,1,173,1,19,0,0.00%,10.98%,173,Khánh Hòa,NTB,AM Phi
NTB - Khánh Hòa,(KHO) Tân Định,Hàng Mới Ca 1,2026-09-26 - Thứ 7,182,100.00%,84.07%,2.75%,5.79,153,5,182,5,24,0,0.00%,13.18%,182,Khánh Hòa,NTB,AM Phi
NTB - Khánh Hòa,(KHO) Tân Định,Hàng Mới Ca 1,2026-10-07 - Thứ 4,280,100.00%,87.86%,0.00%,6.97,246,0,280,0,34,0,0.00%,12.14%,280,Khánh Hòa,NTB,AM Phi
NTB - Khánh Hòa,(KHO) Tân Định,Hàng Mới Ca 1,2026-09-16 - Thứ 4,342,99.12%,81.29%,2.63%,7.48,278,9,339,9,55,3,0.88%,16.08%,342,Khánh Hòa,NTB,AM Phi
NTB - Khánh Hòa,(KHO) Tân Định,Hàng Mới Ca 1,2026-09-25 - Thứ 6,320,99.38%,85.00%,0.63%,7.49,272,2,318,2,46,2,0.62%,14.37%,320,Khánh Hòa,NTB,AM Phi
NTB - Khánh Hòa,(KHO) Tân Định,Hàng Mới Ca 1,2026-09-18 - Thứ 6,249,90.36%,62.65%,2.81%,8.07,156,7,225,7,86,24,9.64%,34.54%,249,Khánh Hòa,NTB,AM Phi
NTB - Khánh Hòa,(KHO) Tân Định,Hàng Mới Ca 1,2026-09-27 - Chủ Nhật,185,95.14%,79.46%,3.24%,6.14,147,6,176,6,32,9,4.86%,17.30%,185,Khánh Hòa,NTB,AM Phi
NTB - Khánh Hòa,(KHO) Tân Định,Hàng Mới Ca 1,2026-10-06 - Thứ 3,228,98.68%,82.02%,0.44%,6.13,187,1,225,1,40,3,1.32%,17.54%,228,Khánh Hòa,NTB,AM Phi
NTB - Khánh Hòa,(KHO) Tân Định,Hàng Mới Ca 1,2026-09-20 - Chủ Nhật,237,92.41%,77.64%,0.00%,6.39,184,0,219,0,53,18,7.59%,22.36%,237,Khánh Hòa,NTB,AM Phi
NTB - Khánh Hòa,(KHO) Tân Định,Hàng Mới Ca 1,2026-09-23 - Thứ 4,263,90.87%,82.51%,0.38%,5.78,217,1,239,1,45,24,9.13%,17.11%,263,Khánh Hòa,NTB,AM Phi
NTB - Khánh Hòa,(KHO) Tân Định,Hàng Mới Ca 1,2026-10-02 - Thứ 6,282,94.68%,81.56%,2.13%,6.58,230,6,267,6,46,15,5.32%,16.31%,282,Khánh Hòa,NTB,AM Phi
NTB - Khánh Hòa,(KHO) Tân Định,Hàng Mới Ca 1,2026-09-28 - Thứ 2,223,98.21%,86.55%,1.35%,5.69,193,3,219,3,27,4,1.79%,12.10%,223,Khánh Hòa,NTB,AM Phi
NTB - Khánh Hòa,(KHO) Tân Định,Hàng Mới Ca 1,2026-10-01 - Thứ 5,252,98.41%,80.16%,0.79%,6.17,202,2,248,2,48,4,1.59%,19.05%,252,Khánh Hòa,NTB,AM Phi
NTB - Khánh Hòa,(KHO) Tân Định,Hàng Mới Ca 2,2026-09-27 - Chủ Nhật,80,82.50%,73.75%,0.00%,2.83,59,0,66,0,21,14,17.50%,26.25%,80,Khánh Hòa,NTB,AM Phi
NTB - Khánh Hòa,(KHO) Tân Định,Hàng Mới Ca 2,2026-09-21 - Thứ 2,110,86.36%,67.27%,0.00%,2.99,74,0,95,0,36,15,13.64%,32.73%,110,Khánh Hòa,NTB,AM Phi
NTB - Khánh Hòa,(KHO) Tân Định,Hàng Mới Ca 2,2026-09-20 - Chủ Nhật,69,72.46%,49.28%,0.00%,2.62,34,0,50,0,35,19,27.54%,50.72%,69,Khánh Hòa,NTB,AM Phi
NTB - Khánh Hòa,(KHO) Tân Định,Hàng Mới Ca 2,2026-09-13 - Chủ Nhật,131,74.81%,58.02%,0.00%,3.5,76,0,98,0,55,33,25.19%,41.98%,131,Khánh Hòa,NTB,AM Phi
NTB - Khánh Hòa,(KHO) Tân Định,Hàng Mới Ca 2,2026-09-24 - Thứ 5,114,75.44%,69.30%,0.00%,3.42,79,0,86,0,35,28,24.56%,30.70%,114,Khánh Hòa,NTB,AM Phi
NTB - Khánh Hòa,(KHO) Tân Định,Hàng Mới Ca 2,2026-10-06 - Thứ 3,138,88.41%,70.29%,1.45%,3.22,97,2,122,2,39,16,11.59%,28.26%,138,Khánh Hòa,NTB,AM Phi
NTB - Khánh Hòa,(KHO) Tân Định,Hàng Mới Ca 2,2026-09-12 - Thứ 7,196,66.84%,48.47%,0.00%,4.34,95,0,131,0,101,65,33.16%,51.53%,196,Khánh Hòa,NTB,AM Phi
NTB - Khánh Hòa,(KHO) Tân Định,Hàng Mới Ca 2,2026-09-22 - Thứ 3,89,77.53%,65.17%,1.12%,3.4,58,1,69,1,30,20,22.47%,33.71%,89,Khánh Hòa,NTB,AM Phi
NTB - Khánh Hòa,(KHO) Tân Định,Hàng Mới Ca 2,2026-09-14 - Thứ 2,114,85.09%,67.54%,0.88%,3.45,77,1,97,1,36,17,14.91%,31.58%,114,Khánh Hòa,NTB,AM Phi
NTB - Khánh Hòa,(KHO) Tân Định,Hàng Mới Ca 2,2026-10-02 - Thứ 6,134,88.06%,71.64%,0.00%,3.36,96,0,118,0,38,16,11.94%,28.36%,134,Khánh Hòa,NTB,AM Phi
NTB - Khánh Hòa,(KHO) Tân Định,Hàng Mới Ca 2,2026-09-29 - Thứ 3,92,89.13%,66.30%,1.09%,2.79,61,1,82,1,30,10,10.87%,32.61%,92,Khánh Hòa,NTB,AM Phi
NTB - Khánh Hòa,(KHO) Tân Định,Hàng Mới Ca 2,2026-10-08 - Thứ 5,111,60.36%,53.15%,0.00%,2.85,59,0,67,0,52,44,39.64%,46.85%,111,Khánh Hòa,NTB,AM Phi
NTB - Khánh Hòa,(KHO) Tân Định,Hàng Mới Ca 2,2026-09-19 - Thứ 7,72,90.28%,68.06%,0.00%,3.18,49,0,65,0,23,7,9.72%,31.94%,72,Khánh Hòa,NTB,AM Phi
NTB - Khánh Hòa,(KHO) Tân Định,Hàng Mới Ca 2,2026-09-30 - Thứ 4,95,90.53%,71.58%,1.05%,3.19,68,1,86,1,26,9,9.47%,27.37%,95,Khánh Hòa,NTB,AM Phi
NTB - Khánh Hòa,(KHO) Tân Định,Hàng Mới Ca 2,2026-09-17 - Thứ 5,90,88.89%,63.33%,1.11%,3.33,57,1,80,1,32,10,11.11%,35.56%,90,Khánh Hòa,NTB,AM Phi
NTB - Khánh Hòa,(KHO) Tân Định,Hàng Mới Ca 2,2026-10-09 - Thứ 6,177,87.01%,68.93%,0.00%,3.45,122,0,154,0,55,23,12.99%,31.07%,177,Khánh Hòa,NTB,AM Phi
NTB - Khánh Hòa,(KHO) Tân Định,Hàng Mới Ca 2,2026-09-28 - Thứ 2,100,82.00%,58.00%,0.00%,2.38,58,0,82,0,42,18,18.00%,42.00%,100,Khánh Hòa,NTB,AM Phi
NTB - Khánh Hòa,(KHO) Tân Định,Hàng Mới Ca 2,2026-10-07 - Thứ 4,140,86.43%,68.57%,0.71%,3.22,96,1,121,1,43,19,13.57%,30.72%,140,Khánh Hòa,NTB,AM Phi
NTB - Khánh Hòa,(KHO) Tân Định,Hàng Mới Ca 2,2026-10-03 - Thứ 7,157,74.52%,64.97%,0.00%,3.2,102,0,117,0,55,40,25.48%,35.03%,157,Khánh Hòa,NTB,AM Phi
NTB - Khánh Hòa,(KHO) Tân Định,Hàng Mới Ca 2,2026-09-25 - Thứ 6,101,79.21%,61.39%,0.00%,3.55,62,0,80,0,39,21,20.79%,38.61%,101,Khánh Hòa,NTB,AM Phi
NTB - Khánh Hòa,(KHO) Tân Định,Hàng Mới Ca 2,2026-09-18 - Thứ 6,106,66.04%,50.94%,0.94%,3.28,54,1,70,1,51,36,33.96%,48.12%,106,Khánh Hòa,NTB,AM Phi
NTB - Khánh Hòa,(KHO) Tân Định,Hàng Mới Ca 2,2026-09-23 - Thứ 4,91,89.01%,71.43%,1.10%,3.11,65,1,81,1,25,10,10.99%,27.47%,91,Khánh Hòa,NTB,AM Phi
NTB - Khánh Hòa,(KHO) Tân Định,Hàng Mới Ca 2,2026-10-05 - Thứ 2,136,92.65%,75.00%,1.47%,3.19,102,2,126,2,32,10,7.35%,23.53%,136,Khánh Hòa,NTB,AM Phi
NTB - Khánh Hòa,(KHO) Tân Định,Hàng Mới Ca 2,2026-09-15 - Thứ 3,77,88.31%,68.83%,0.00%,2.43,53,0,68,0,24,9,11.69%,31.17%,77,Khánh Hòa,NTB,AM Phi
NTB - Khánh Hòa,(KHO) Tân Định,Hàng Mới Ca 2,2026-10-04 - Chủ Nhật,126,87.30%,70.63%,0.79%,3.19,89,1,110,1,36,16,12.70%,28.58%,126,Khánh Hòa,NTB,AM Phi
NTB - Khánh Hòa,(KHO) Tân Định,Hàng Mới Ca 2,2026-09-26 - Thứ 7,161,82.61%,62.11%,2.48%,3.06,100,4,133,4,57,28,17.39%,35.41%,161,Khánh Hòa,NTB,AM Phi
NTB - Khánh Hòa,(KHO) Tân Định,Hàng Mới Ca 2,2026-10-01 - Thứ 5,164,86.59%,68.90%,0.61%,3.23,113,1,142,1,50,22,13.41%,30.49%,164,Khánh Hòa,NTB,AM Phi
NTB - Khánh Hòa,(KHO) Tân Định,Hàng Mới Ca 2,2026-09-16 - Thứ 4,110,88.18%,71.82%,0.00%,3.66,79,0,97,0,31,13,11.82%,28.18%,110,Khánh Hòa,NTB,AM Phi
NTB - Khánh Hòa,(KHO) Tân Định,Hàng Tồn,2026-09-18 - Thứ 6,99,74.75%,33.33%,5.05%,35.56,33,5,74,5,61,25,25.25%,61.62%,0,Khánh Hòa,NTB,AM Phi
NTB - Khánh Hòa,(KHO) Tân Định,Hàng Tồn,2026-09-27 - Chủ Nhật,129,93.80%,41.86%,8.53%,36.92,54,11,121,11,64,8,6.20%,49.61%,0,Khánh Hòa,NTB,AM Phi
NTB - Khánh Hòa,(KHO) Tân Định,Hàng Tồn,2026-09-21 - Thứ 2,136,91.18%,55.15%,7.35%,41.23,75,10,124,10,51,12,8.82%,37.50%,0,Khánh Hòa,NTB,AM Phi
NTB - Khánh Hòa,(KHO) Tân Định,Hàng Tồn,2026-09-13 - Chủ Nhật,190,98.95%,57.89%,4.74%,32.31,110,9,188,9,71,2,1.05%,37.37%,0,Khánh Hòa,NTB,AM Phi
NTB - Khánh Hòa,(KHO) Tân Định,Hàng Tồn,2026-09-24 - Thứ 5,120,99.17%,53.33%,10.83%,41.57,64,13,119,13,43,1,0.83%,35.84%,0,Khánh Hòa,NTB,AM Phi
NTB - Khánh Hòa,(KHO) Tân Định,Hàng Tồn,2026-10-06 - Thứ 3,113,100.00%,44.25%,7.96%,37.19,50,9,113,9,54,0,0.00%,47.79%,0,Khánh Hòa,NTB,AM Phi
NTB - Khánh Hòa,(KHO) Tân Định,Hàng Tồn,2026-10-01 - Thứ 5,117,95.73%,48.72%,5.98%,35.98,57,7,112,7,53,5,4.27%,45.30%,0,Khánh Hòa,NTB,AM Phi
NTB - Khánh Hòa,(KHO) Tân Định,Hàng Tồn,2026-10-05 - Thứ 2,150,100.00%,54.00%,6.67%,40.91,81,10,150,10,59,0,0.00%,39.33%,0,Khánh Hòa,NTB,AM Phi
NTB - Khánh Hòa,(KHO) Tân Định,Hàng Tồn,2026-09-23 - Thứ 4,113,85.84%,41.59%,5.31%,33.8,47,6,97,6,60,16,14.16%,53.10%,0,Khánh Hòa,NTB,AM Phi
NTB - Khánh Hòa,(KHO) Tân Định,Hàng Tồn,2026-09-14 - Thứ 2,157,99.36%,54.78%,4.46%,34.36,86,7,156,7,64,1,0.64%,40.76%,0,Khánh Hòa,NTB,AM Phi
NTB - Khánh Hòa,(KHO) Tân Định,Hàng Tồn,2026-09-15 - Thứ 3,129,98.45%,39.53%,9.30%,30.94,51,12,127,12,66,2,1.55%,51.17%,0,Khánh Hòa,NTB,AM Phi
NTB - Khánh Hòa,(KHO) Tân Định,Hàng Tồn,2026-09-29 - Thứ 3,105,99.05%,56.19%,5.71%,38.72,59,6,104,6,40,1,0.95%,38.10%,0,Khánh Hòa,NTB,AM Phi
NTB - Khánh Hòa,(KHO) Tân Định,Hàng Tồn,2026-10-08 - Thứ 5,123,100.00%,42.28%,8.94%,37.19,52,11,123,11,60,0,0.00%,48.78%,0,Khánh Hòa,NTB,AM Phi
NTB - Khánh Hòa,(KHO) Tân Định,Hàng Tồn,2026-09-19 - Thứ 7,196,99.49%,65.31%,5.61%,35.16,128,11,195,11,57,1,0.51%,29.08%,0,Khánh Hòa,NTB,AM Phi
NTB - Khánh Hòa,(KHO) Tân Định,Hàng Tồn,2026-10-04 - Chủ Nhật,139,82.73%,46.04%,0.72%,29.6,64,1,115,1,74,24,17.27%,53.24%,0,Khánh Hòa,NTB,AM Phi
NTB - Khánh Hòa,(KHO) Tân Định,Hàng Tồn,2026-09-30 - Thứ 4,94,96.81%,38.30%,7.45%,29,36,7,91,7,51,3,3.19%,54.25%,0,Khánh Hòa,NTB,AM Phi
NTB - Khánh Hòa,(KHO) Tân Định,Hàng Tồn,2026-10-09 - Thứ 6,150,100.00%,56.67%,6.00%,32.53,85,9,150,9,56,0,0.00%,37.33%,0,Khánh Hòa,NTB,AM Phi
NTB - Khánh Hòa,(KHO) Tân Định,Hàng Tồn,2026-09-28 - Thứ 2,114,89.47%,42.98%,7.89%,40.94,49,9,102,9,56,12,10.53%,49.13%,0,Khánh Hòa,NTB,AM Phi
NTB - Khánh Hòa,(KHO) Tân Định,Hàng Tồn,2026-10-07 - Thứ 4,134,99.25%,43.28%,2.99%,34.09,58,4,133,4,72,1,0.75%,53.73%,0,Khánh Hòa,NTB,AM Phi
NTB - Khánh Hòa,(KHO) Tân Định,Hàng Tồn,2026-09-25 - Thứ 6,96,95.83%,47.92%,2.08%,32.39,46,2,92,2,48,4,4.17%,50.00%,0,Khánh Hòa,NTB,AM Phi
NTB - Khánh Hòa,(KHO) Tân Định,Hàng Tồn,2026-09-20 - Chủ Nhật,97,80.41%,40.21%,7.22%,31.72,39,7,78,7,51,19,19.59%,52.57%,0,Khánh Hòa,NTB,AM Phi
NTB - Khánh Hòa,(KHO) Tân Định,Hàng Tồn,2026-09-12 - Thứ 7,110,97.27%,46.36%,7.27%,36.76,51,8,107,8,51,3,2.73%,46.37%,0,Khánh Hòa,NTB,AM Phi
NTB - Khánh Hòa,(KHO) Tân Định,Hàng Tồn,2026-09-22 - Thứ 3,101,97.03%,44.55%,4.95%,40.93,45,5,98,5,51,3,2.97%,50.50%,0,Khánh Hòa,NTB,AM Phi
NTB - Khánh Hòa,(KHO) Tân Định,Hàng Tồn,2026-10-03 - Thứ 7,124,85.48%,47.58%,5.65%,36.05,59,7,106,7,58,18,14.52%,46.77%,0,Khánh Hòa,NTB,AM Phi
NTB - Khánh Hòa,(KHO) Tân Định,Hàng Tồn,2026-09-16 - Thứ 4,95,97.89%,41.05%,5.26%,38.94,39,5,93,5,51,2,2.11%,53.69%,0,Khánh Hòa,NTB,AM Phi
NTB - Khánh Hòa,(KHO) Tân Định,Hàng Tồn,2026-10-02 - Thứ 6,138,97.10%,52.90%,7.25%,32.01,73,10,134,10,55,4,2.90%,39.85%,0,Khánh Hòa,NTB,AM Phi
NTB - Khánh Hòa,(KHO) Tân Định,Hàng Tồn,2026-09-17 - Thứ 5,113,100.00%,46.90%,10.62%,33.84,53,12,113,12,48,0,0.00%,42.48%,0,Khánh Hòa,NTB,AM Phi
NTB - Khánh Hòa,(KHO) Tân Định,Hàng Tồn,2026-09-26 - Thứ 7,122,98.36%,42.62%,1.64%,32.35,52,2,120,2,68,2,1.64%,55.74%,0,Khánh Hòa,NTB,AM Phi
NTB - Khánh Hòa,(KHO) Tu Bông,Hàng Mới Ca 1,2026-09-21 - Thứ 2,305,100.00%,89.51%,0.98%,4.53,273,3,305,3,29,0,0.00%,9.51%,305,Khánh Hòa,NTB,AM Duy
NTB - Khánh Hòa,(KHO) Tu Bông,Hàng Mới Ca 1,2026-09-20 - Chủ Nhật,354,100.00%,80.79%,1.13%,4.89,286,4,354,4,64,0,0.00%,18.08%,354,Khánh Hòa,NTB,AM Duy
NTB - Khánh Hòa,(KHO) Tu Bông,Hàng Mới Ca 1,2026-09-13 - Chủ Nhật,562,99.47%,83.27%,0.71%,10.66,468,4,559,4,90,3,0.53%,16.02%,562,Khánh Hòa,NTB,AM Duy
NTB - Khánh Hòa,(KHO) Tu Bông,Hàng Mới Ca 1,2026-09-24 - Thứ 5,424,99.76%,78.30%,1.89%,5.28,332,8,423,8,84,1,0.24%,19.81%,424,Khánh Hòa,NTB,AM Duy
NTB - Khánh Hòa,(KHO) Tu Bông,Hàng Mới Ca 1,2026-09-12 - Thứ 7,545,99.63%,80.73%,1.10%,8.39,440,6,543,6,99,2,0.37%,18.17%,545,Khánh Hòa,NTB,AM Duy
NTB - Khánh Hòa,(KHO) Tu Bông,Hàng Mới Ca 1,2026-10-05 - Thứ 2,322,99.07%,64.91%,1.24%,5.01,209,4,319,4,109,3,0.93%,33.85%,322,Khánh Hòa,NTB,AM Duy
NTB - Khánh Hòa,(KHO) Tu Bông,Hàng Mới Ca 1,2026-09-22 - Thứ 3,244,100.00%,82.79%,2.05%,5.85,202,5,244,5,37,0,0.00%,15.16%,244,Khánh Hòa,NTB,AM Duy
NTB - Khánh Hòa,(KHO) Tu Bông,Hàng Mới Ca 1,2026-09-14 - Thứ 2,327,100.00%,82.26%,0.31%,5.64,269,1,327,1,57,0,0.00%,17.43%,327,Khánh Hòa,NTB,AM Duy
NTB - Khánh Hòa,(KHO) Tu Bông,Hàng Mới Ca 1,2026-09-15 - Thứ 3,285,100.00%,81.75%,0.70%,5.05,233,2,285,2,50,0,0.00%,17.55%,285,Khánh Hòa,NTB,AM Duy
NTB - Khánh Hòa,(KHO) Tu Bông,Hàng Mới Ca 1,2026-10-02 - Thứ 6,338,99.41%,79.88%,1.18%,5.91,270,4,336,4,64,2,0.59%,18.94%,338,Khánh Hòa,NTB,AM Duy
NTB - Khánh Hòa,(KHO) Tu Bông,Hàng Mới Ca 1,2026-09-29 - Thứ 3,258,99.22%,87.60%,0.00%,4.99,226,0,256,0,32,2,0.78%,12.40%,258,Khánh Hòa,NTB,AM Duy
NTB - Khánh Hòa,(KHO) Tu Bông,Hàng Mới Ca 1,2026-09-19 - Thứ 7,364,100.00%,81.32%,1.10%,6.06,296,4,364,4,64,0,0.00%,17.58%,364,Khánh Hòa,NTB,AM Duy
NTB - Khánh Hòa,(KHO) Tu Bông,Hàng Mới Ca 1,2026-09-30 - Thứ 4,282,100.00%,86.17%,2.13%,5.08,243,6,282,6,33,0,0.00%,11.70%,282,Khánh Hòa,NTB,AM Duy
NTB - Khánh Hòa,(KHO) Tu Bông,Hàng Mới Ca 1,2026-09-17 - Thứ 5,367,99.18%,79.56%,1.36%,5.17,292,5,364,5,70,3,0.82%,19.08%,367,Khánh Hòa,NTB,AM Duy
NTB - Khánh Hòa,(KHO) Tu Bông,Hàng Mới Ca 1,2026-10-09 - Thứ 6,364,99.45%,62.36%,0.27%,5.29,227,1,362,1,136,2,0.55%,37.37%,364,Khánh Hòa,NTB,AM Duy
NTB - Khánh Hòa,(KHO) Tu Bông,Hàng Mới Ca 1,2026-09-26 - Thứ 7,228,100.00%,84.21%,0.88%,4.7,192,2,228,2,34,0,0.00%,14.91%,228,Khánh Hòa,NTB,AM Duy
NTB - Khánh Hòa,(KHO) Tu Bông,Hàng Mới Ca 1,2026-09-28 - Thứ 2,231,99.57%,92.64%,0.00%,5.5,214,0,230,0,17,1,0.43%,7.36%,231,Khánh Hòa,NTB,AM Duy
NTB - Khánh Hòa,(KHO) Tu Bông,Hàng Mới Ca 1,2026-10-07 - Thứ 4,362,99.45%,82.60%,0.83%,5.44,299,3,360,3,60,2,0.55%,16.57%,362,Khánh Hòa,NTB,AM Duy
NTB - Khánh Hòa,(KHO) Tu Bông,Hàng Mới Ca 1,2026-10-03 - Thứ 7,357,100.00%,83.19%,0.00%,6.25,297,0,357,0,60,0,0.00%,16.81%,357,Khánh Hòa,NTB,AM Duy
NTB - Khánh Hòa,(KHO) Tu Bông,Hàng Mới Ca 1,2026-09-16 - Thứ 4,412,99.76%,83.74%,0.97%,6.45,345,4,411,4,63,1,0.24%,15.29%,412,Khánh Hòa,NTB,AM Duy
NTB - Khánh Hòa,(KHO) Tu Bông,Hàng Mới Ca 1,2026-09-25 - Thứ 6,437,99.77%,86.50%,2.06%,5.91,378,9,436,9,50,1,0.23%,11.44%,437,Khánh Hòa,NTB,AM Duy
NTB - Khánh Hòa,(KHO) Tu Bông,Hàng Mới Ca 1,2026-09-18 - Thứ 6,415,99.52%,78.80%,1.20%,5.83,327,5,413,5,83,2,0.48%,20.00%,415,Khánh Hòa,NTB,AM Duy
NTB - Khánh Hòa,(KHO) Tu Bông,Hàng Mới Ca 1,2026-10-01 - Thứ 5,535,99.81%,72.15%,2.06%,6.81,386,11,534,11,138,1,0.19%,25.79%,535,Khánh Hòa,NTB,AM Duy
NTB - Khánh Hòa,(KHO) Tu Bông,Hàng Mới Ca 1,2026-10-06 - Thứ 3,458,99.34%,79.91%,0.44%,13.2,366,2,455,2,90,3,0.66%,19.65%,458,Khánh Hòa,NTB,AM Duy
NTB - Khánh Hòa,(KHO) Tu Bông,Hàng Mới Ca 1,2026-09-23 - Thứ 4,376,100.00%,83.51%,1.86%,6.04,314,7,376,7,55,0,0.00%,14.63%,376,Khánh Hòa,NTB,AM Duy
NTB - Khánh Hòa,(KHO) Tu Bông,Hàng Mới Ca 1,2026-10-08 - Thứ 5,476,99.79%,77.52%,2.31%,5.77,369,11,475,11,96,1,0.21%,20.17%,476,Khánh Hòa,NTB,AM Duy
NTB - Khánh Hòa,(KHO) Tu Bông,Hàng Mới Ca 1,2026-09-27 - Chủ Nhật,320,99.69%,87.50%,0.63%,4.96,280,2,319,2,38,1,0.31%,11.87%,320,Khánh Hòa,NTB,AM Duy
NTB - Khánh Hòa,(KHO) Tu Bông,Hàng Mới Ca 1,2026-10-04 - Chủ Nhật,1,100.00%,100.00%,0.00%,8,1,0,1,0,0,0,0.00%,0.00%,1,Khánh Hòa,NTB,AM Duy
NTB - Khánh Hòa,(KHO) Tu Bông,Hàng Mới Ca 2,2026-10-03 - Thứ 7,182,77.47%,55.49%,1.10%,2.31,101,2,141,2,79,41,22.53%,43.41%,182,Khánh Hòa,NTB,AM Duy
NTB - Khánh Hòa,(KHO) Tu Bông,Hàng Mới Ca 2,2026-09-21 - Thứ 2,86,94.19%,66.28%,3.49%,1.29,57,3,81,3,26,5,5.81%,30.23%,86,Khánh Hòa,NTB,AM Duy
NTB - Khánh Hòa,(KHO) Tu Bông,Hàng Mới Ca 2,2026-10-06 - Thứ 3,189,84.66%,55.56%,1.06%,2.34,105,2,160,2,82,29,15.34%,43.38%,189,Khánh Hòa,NTB,AM Duy
NTB - Khánh Hòa,(KHO) Tu Bông,Hàng Mới Ca 2,2026-09-22 - Thứ 3,151,92.05%,63.58%,1.99%,1.94,96,3,139,3,52,12,7.95%,34.43%,151,Khánh Hòa,NTB,AM Duy
NTB - Khánh Hòa,(KHO) Tu Bông,Hàng Mới Ca 2,2026-09-23 - Thứ 4,121,91.74%,64.46%,0.83%,2.36,78,1,111,1,42,10,8.26%,34.71%,121,Khánh Hòa,NTB,AM Duy
NTB - Khánh Hòa,(KHO) Tu Bông,Hàng Mới Ca 2,2026-09-14 - Thứ 2,116,94.83%,59.48%,0.00%,2.15,69,0,110,0,47,6,5.17%,40.52%,116,Khánh Hòa,NTB,AM Duy
NTB - Khánh Hòa,(KHO) Tu Bông,Hàng Mới Ca 2,2026-09-15 - Thứ 3,213,93.43%,61.50%,0.47%,2.65,131,1,199,1,81,14,6.57%,38.03%,213,Khánh Hòa,NTB,AM Duy
NTB - Khánh Hòa,(KHO) Tu Bông,Hàng Mới Ca 2,2026-10-02 - Thứ 6,138,85.51%,60.87%,0.00%,2.32,84,0,118,0,54,20,14.49%,39.13%,138,Khánh Hòa,NTB,AM Duy
NTB - Khánh Hòa,(KHO) Tu Bông,Hàng Mới Ca 2,2026-10-08 - Thứ 5,118,83.05%,66.95%,0.85%,2.17,79,1,98,1,38,20,16.95%,32.20%,118,Khánh Hòa,NTB,AM Duy
NTB - Khánh Hòa,(KHO) Tu Bông,Hàng Mới Ca 2,2026-09-19 - Thứ 7,117,95.73%,63.25%,0.85%,2.62,74,1,112,1,42,5,4.27%,35.90%,117,Khánh Hòa,NTB,AM Duy
NTB - Khánh Hòa,(KHO) Tu Bông,Hàng Mới Ca 2,2026-10-04 - Chủ Nhật,617,95.30%,54.46%,0.32%,4.48,336,2,588,2,279,29,4.70%,45.22%,617,Khánh Hòa,NTB,AM Duy
NTB - Khánh Hòa,(KHO) Tu Bông,Hàng Mới Ca 2,2026-09-30 - Thứ 4,146,94.52%,70.55%,2.05%,1.88,103,3,138,3,40,8,5.48%,27.40%,146,Khánh Hòa,NTB,AM Duy
NTB - Khánh Hòa,(KHO) Tu Bông,Hàng Mới Ca 2,2026-09-17 - Thứ 5,155,94.19%,78.06%,0.00%,2.27,121,0,146,0,34,9,5.81%,21.94%,155,Khánh Hòa,NTB,AM Duy
NTB - Khánh Hòa,(KHO) Tu Bông,Hàng Mới Ca 2,2026-10-09 - Thứ 6,230,8.70%,7.39%,0.00%,1.82,17,0,20,0,213,210,91.30%,92.61%,230,Khánh Hòa,NTB,AM Duy
NTB - Khánh Hòa,(KHO) Tu Bông,Hàng Mới Ca 2,2026-09-28 - Thứ 2,149,92.62%,75.17%,0.67%,2.13,112,1,138,1,36,11,7.38%,24.16%,149,Khánh Hòa,NTB,AM Duy
NTB - Khánh Hòa,(KHO) Tu Bông,Hàng Mới Ca 2,2026-10-07 - Thứ 4,165,88.48%,70.91%,0.61%,2.44,117,1,146,1,47,19,11.52%,28.48%,165,Khánh Hòa,NTB,AM Duy
NTB - Khánh Hòa,(KHO) Tu Bông,Hàng Mới Ca 2,2026-09-25 - Thứ 6,179,93.85%,59.22%,1.12%,2.24,106,2,168,2,71,11,6.15%,39.66%,179,Khánh Hòa,NTB,AM Duy
NTB - Khánh Hòa,(KHO) Tu Bông,Hàng Mới Ca 2,2026-10-01 - Thứ 5,249,75.90%,57.03%,0.00%,2.69,142,0,189,0,107,60,24.10%,42.97%,249,Khánh Hòa,NTB,AM Duy
NTB - Khánh Hòa,(KHO) Tu Bông,Hàng Mới Ca 2,2026-09-20 - Chủ Nhật,83,95.18%,78.31%,1.20%,1.52,65,1,79,1,17,4,4.82%,20.49%,83,Khánh Hòa,NTB,AM Duy
NTB - Khánh Hòa,(KHO) Tu Bông,Hàng Mới Ca 2,2026-09-24 - Thứ 5,169,87.57%,50.89%,1.18%,2.87,86,2,148,2,81,21,12.43%,47.93%,169,Khánh Hòa,NTB,AM Duy
NTB - Khánh Hòa,(KHO) Tu Bông,Hàng Mới Ca 2,2026-09-29 - Thứ 3,158,100.00%,84.81%,1.27%,1.64,134,2,158,2,22,0,0.00%,13.92%,158,Khánh Hòa,NTB,AM Duy
NTB - Khánh Hòa,(KHO) Tu Bông,Hàng Mới Ca 2,2026-09-26 - Thứ 7,229,93.01%,63.76%,0.44%,2.17,146,1,213,1,82,16,6.99%,35.80%,229,Khánh Hòa,NTB,AM Duy
NTB - Khánh Hòa,(KHO) Tu Bông,Hàng Mới Ca 2,2026-09-18 - Thứ 6,192,91.15%,48.96%,0.52%,2.48,94,1,175,1,97,17,8.85%,50.52%,192,Khánh Hòa,NTB,AM Duy
NTB - Khánh Hòa,(KHO) Tu Bông,Hàng Mới Ca 2,2026-09-27 - Chủ Nhật,180,93.89%,74.44%,0.00%,2.15,134,0,169,0,46,11,6.11%,25.56%,180,Khánh Hòa,NTB,AM Duy
NTB - Khánh Hòa,(KHO) Tu Bông,Hàng Mới Ca 2,2026-09-13 - Chủ Nhật,179,89.94%,61.45%,0.56%,2.79,110,1,161,1,68,18,10.06%,37.99%,179,Khánh Hòa,NTB,AM Duy
NTB - Khánh Hòa,(KHO) Tu Bông,Hàng Mới Ca 2,2026-09-16 - Thứ 4,94,92.55%,65.96%,1.06%,2.9,62,1,87,1,31,7,7.45%,32.98%,94,Khánh Hòa,NTB,AM Duy
NTB - Khánh Hòa,(KHO) Tu Bông,Hàng Mới Ca 2,2026-10-05 - Thứ 2,2,0.00%,0.00%,0.00%,0,0,0,0,0,2,2,100.00%,100.00%,2,Khánh Hòa,NTB,AM Duy
NTB - Khánh Hòa,(KHO) Tu Bông,Hàng Tồn,2026-09-18 - Thứ 6,164,96.34%,43.90%,9.76%,32.97,72,16,158,16,76,6,3.66%,46.34%,0,Khánh Hòa,NTB,AM Duy
NTB - Khánh Hòa,(KHO) Tu Bông,Hàng Tồn,2026-09-27 - Chủ Nhật,175,97.71%,52.57%,4.57%,27.8,92,8,171,8,75,4,2.29%,42.86%,0,Khánh Hòa,NTB,AM Duy
NTB - Khánh Hòa,(KHO) Tu Bông,Hàng Tồn,2026-09-13 - Chủ Nhật,156,96.15%,52.56%,3.21%,42.08,82,5,150,5,69,6,3.85%,44.23%,0,Khánh Hòa,NTB,AM Duy
NTB - Khánh Hòa,(KHO) Tu Bông,Hàng Tồn,2026-09-24 - Thứ 5,142,96.48%,45.77%,9.86%,32,65,14,137,14,63,5,3.52%,44.37%,0,Khánh Hòa,NTB,AM Duy
NTB - Khánh Hòa,(KHO) Tu Bông,Hàng Tồn,2026-10-05 - Thứ 2,385,98.44%,52.47%,9.61%,32.19,202,37,379,37,146,6,1.56%,37.92%,0,Khánh Hòa,NTB,AM Duy
NTB - Khánh Hòa,(KHO) Tu Bông,Hàng Tồn,2026-09-22 - Thứ 3,111,93.69%,27.93%,17.12%,44.42,31,19,104,19,61,7,6.31%,54.95%,0,Khánh Hòa,NTB,AM Duy
NTB - Khánh Hòa,(KHO) Tu Bông,Hàng Tồn,2026-09-14 - Thứ 2,199,98.49%,54.27%,4.02%,31.22,108,8,196,8,83,3,1.51%,41.71%,0,Khánh Hòa,NTB,AM Duy
NTB - Khánh Hòa,(KHO) Tu Bông,Hàng Tồn,2026-09-15 - Thứ 3,168,97.62%,49.40%,5.36%,32.56,83,9,164,9,76,4,2.38%,45.24%,0,Khánh Hòa,NTB,AM Duy
NTB - Khánh Hòa,(KHO) Tu Bông,Hàng Tồn,2026-10-02 - Thứ 6,289,98.62%,53.98%,3.11%,29.83,156,9,285,9,124,4,1.38%,42.91%,0,Khánh Hòa,NTB,AM Duy
NTB - Khánh Hòa,(KHO) Tu Bông,Hàng Tồn,2026-09-29 - Thứ 3,105,97.14%,36.19%,11.43%,29.08,38,12,102,12,55,3,2.86%,52.38%,0,Khánh Hòa,NTB,AM Duy
NTB - Khánh Hòa,(KHO) Tu Bông,Hàng Tồn,2026-10-08 - Thứ 5,182,97.80%,40.66%,8.79%,32.73,74,16,178,16,92,4,2.20%,50.55%,0,Khánh Hòa,NTB,AM Duy
NTB - Khánh Hòa,(KHO) Tu Bông,Hàng Tồn,2026-09-26 - Thứ 7,172,97.67%,48.26%,1.74%,30.22,83,3,168,3,86,4,2.33%,50.00%,0,Khánh Hòa,NTB,AM Duy
NTB - Khánh Hòa,(KHO) Tu Bông,Hàng Tồn,2026-09-28 - Thứ 2,139,97.12%,50.36%,5.04%,32.06,70,7,135,7,62,4,2.88%,44.60%,0,Khánh Hòa,NTB,AM Duy
NTB - Khánh Hòa,(KHO) Tu Bông,Hàng Tồn,2026-10-07 - Thứ 4,235,97.45%,56.17%,5.11%,34.76,132,12,229,12,91,6,2.55%,38.72%,0,Khánh Hòa,NTB,AM Duy
NTB - Khánh Hòa,(KHO) Tu Bông,Hàng Tồn,2026-10-03 - Thứ 7,231,98.27%,40.69%,6.93%,35.7,94,16,227,16,121,4,1.73%,52.38%,0,Khánh Hòa,NTB,AM Duy
NTB - Khánh Hòa,(KHO) Tu Bông,Hàng Tồn,2026-09-16 - Thứ 4,181,97.24%,41.44%,3.87%,32.67,75,7,176,7,99,5,2.76%,54.69%,0,Khánh Hòa,NTB,AM Duy
NTB - Khánh Hòa,(KHO) Tu Bông,Hàng Tồn,2026-09-25 - Thứ 6,215,98.60%,64.19%,5.58%,29.41,138,12,212,12,65,3,1.40%,30.23%,0,Khánh Hòa,NTB,AM Duy
NTB - Khánh Hòa,(KHO) Tu Bông,Hàng Tồn,2026-09-23 - Thứ 4,134,96.27%,47.76%,6.72%,29.83,64,9,129,9,61,5,3.73%,45.52%,0,Khánh Hòa,NTB,AM Duy
NTB - Khánh Hòa,(KHO) Tu Bông,Hàng Tồn,2026-10-06 - Thứ 3,236,97.03%,58.90%,7.63%,41.76,139,18,229,18,79,7,2.97%,33.47%,0,Khánh Hòa,NTB,AM Duy
NTB - Khánh Hòa,(KHO) Tu Bông,Hàng Tồn,2026-10-01 - Thứ 5,107,98.13%,45.79%,3.74%,31.13,49,4,105,4,54,2,1.87%,50.47%,0,Khánh Hòa,NTB,AM Duy
NTB - Khánh Hòa,(KHO) Tu Bông,Hàng Tồn,2026-09-12 - Thứ 7,123,95.93%,30.89%,13.01%,46.34,38,16,118,16,69,5,4.07%,56.10%,0,Khánh Hòa,NTB,AM Duy
NTB - Khánh Hòa,(KHO) Tu Bông,Hàng Tồn,2026-09-19 - Thứ 7,237,98.31%,49.79%,5.91%,28.23,118,14,233,14,105,4,1.69%,44.30%,0,Khánh Hòa,NTB,AM Duy
NTB - Khánh Hòa,(KHO) Tu Bông,Hàng Tồn,2026-10-04 - Chủ Nhật,230,98.26%,43.04%,3.91%,37.42,99,9,226,9,122,4,1.74%,53.05%,0,Khánh Hòa,NTB,AM Duy
NTB - Khánh Hòa,(KHO) Tu Bông,Hàng Tồn,2026-09-30 - Thứ 4,90,95.56%,38.89%,12.22%,30.19,35,11,86,11,44,4,4.44%,48.89%,0,Khánh Hòa,NTB,AM Duy
NTB - Khánh Hòa,(KHO) Tu Bông,Hàng Tồn,2026-10-09 - Thứ 6,197,98.98%,44.67%,6.09%,33.07,88,12,195,12,97,2,1.02%,49.24%,0,Khánh Hòa,NTB,AM Duy
NTB - Khánh Hòa,(KHO) Tu Bông,Hàng Tồn,2026-09-21 - Thứ 2,143,95.10%,43.36%,6.29%,33.39,62,9,136,9,72,7,4.90%,50.35%,0,Khánh Hòa,NTB,AM Duy
NTB - Khánh Hòa,(KHO) Tu Bông,Hàng Tồn,2026-09-20 - Chủ Nhật,186,97.85%,42.47%,7.53%,31.99,79,14,182,14,93,4,2.15%,50.00%,0,Khánh Hòa,NTB,AM Duy
NTB - Khánh Hòa,(KHO) Tu Bông,Hàng Tồn,2026-09-17 - Thứ 5,178,96.63%,43.26%,5.06%,37.64,77,9,172,9,92,6,3.37%,51.68%,0,Khánh Hòa,NTB,AM Duy
NTB - Khánh Hòa,(KHO) Ninh Hòa 2,Hàng Mới Ca 1,2026-09-25 - Thứ 6,804,99.75%,78.48%,0.62%,6.06,631,5,802,5,168,2,0.25%,20.90%,804,Khánh Hòa,NTB,AM Phi
NTB - Khánh Hòa,(KHO) Ninh Hòa 2,Hàng Mới Ca 1,2026-09-27 - Chủ Nhật,447,96.87%,77.63%,0.45%,6.22,347,2,433,2,98,14,3.13%,21.92%,447,Khánh Hòa,NTB,AM Phi
NTB - Khánh Hòa,(KHO) Ninh Hòa 2,Hàng Mới Ca 1,2026-09-21 - Thứ 2,550,99.64%,85.27%,1.27%,5.73,469,7,548,7,74,2,0.36%,13.46%,550,Khánh Hòa,NTB,AM Phi
NTB - Khánh Hòa,(KHO) Ninh Hòa 2,Hàng Mới Ca 1,2026-09-20 - Chủ Nhật,684,99.71%,76.61%,1.02%,6.28,524,7,682,7,153,2,0.29%,22.37%,684,Khánh Hòa,NTB,AM Phi
NTB - Khánh Hòa,(KHO) Ninh Hòa 2,Hàng Mới Ca 1,2026-09-24 - Thứ 5,705,99.72%,81.84%,0.57%,5.95,577,4,703,4,124,2,0.28%,17.59%,705,Khánh Hòa,NTB,AM Phi
NTB - Khánh Hòa,(KHO) Ninh Hòa 2,Hàng Mới Ca 1,2026-10-06 - Thứ 3,499,99.60%,80.56%,1.00%,6.91,402,5,497,5,92,2,0.40%,18.44%,499,Khánh Hòa,NTB,AM Phi
NTB - Khánh Hòa,(KHO) Ninh Hòa 2,Hàng Mới Ca 1,2026-10-01 - Thứ 5,664,95.78%,78.31%,0.60%,7.71,520,4,636,4,140,28,4.22%,21.09%,664,Khánh Hòa,NTB,AM Phi
NTB - Khánh Hòa,(KHO) Ninh Hòa 2,Hàng Mới Ca 1,2026-09-12 - Thứ 7,828,98.91%,71.26%,1.09%,6.44,590,9,819,9,229,9,1.09%,27.65%,828,Khánh Hòa,NTB,AM Phi
NTB - Khánh Hòa,(KHO) Ninh Hòa 2,Hàng Mới Ca 1,2026-10-05 - Thứ 2,697,90.67%,77.04%,0.86%,6.46,537,6,632,6,154,65,9.33%,22.10%,697,Khánh Hòa,NTB,AM Phi
NTB - Khánh Hòa,(KHO) Ninh Hòa 2,Hàng Mới Ca 1,2026-09-22 - Thứ 3,450,94.89%,76.89%,0.67%,7.74,346,3,427,3,101,23,5.11%,22.44%,450,Khánh Hòa,NTB,AM Phi
NTB - Khánh Hòa,(KHO) Ninh Hòa 2,Hàng Mới Ca 1,2026-09-23 - Thứ 4,722,99.58%,84.07%,1.11%,6.08,607,8,719,8,107,3,0.42%,14.82%,722,Khánh Hòa,NTB,AM Phi
NTB - Khánh Hòa,(KHO) Ninh Hòa 2,Hàng Mới Ca 1,2026-09-14 - Thứ 2,646,97.99%,80.96%,0.46%,7.2,523,3,633,3,120,13,2.01%,18.58%,646,Khánh Hòa,NTB,AM Phi
NTB - Khánh Hòa,(KHO) Ninh Hòa 2,Hàng Mới Ca 1,2026-09-15 - Thứ 3,435,93.56%,78.39%,0.69%,6.49,341,3,407,3,91,28,6.44%,20.92%,435,Khánh Hòa,NTB,AM Phi
NTB - Khánh Hòa,(KHO) Ninh Hòa 2,Hàng Mới Ca 1,2026-10-02 - Thứ 6,765,96.60%,77.91%,1.18%,7.41,596,9,739,9,160,26,3.40%,20.91%,765,Khánh Hòa,NTB,AM Phi
NTB - Khánh Hòa,(KHO) Ninh Hòa 2,Hàng Mới Ca 1,2026-10-08 - Thứ 5,945,94.50%,79.47%,0.74%,6.4,751,7,893,7,187,52,5.50%,19.79%,945,Khánh Hòa,NTB,AM Phi
NTB - Khánh Hòa,(KHO) Ninh Hòa 2,Hàng Mới Ca 1,2026-10-04 - Chủ Nhật,731,97.26%,78.93%,0.68%,6.22,577,5,711,5,149,20,2.74%,20.39%,731,Khánh Hòa,NTB,AM Phi
NTB - Khánh Hòa,(KHO) Ninh Hòa 2,Hàng Mới Ca 1,2026-09-30 - Thứ 4,719,99.72%,82.89%,0.56%,6.18,596,4,717,4,119,2,0.28%,16.55%,719,Khánh Hòa,NTB,AM Phi
NTB - Khánh Hòa,(KHO) Ninh Hòa 2,Hàng Mới Ca 1,2026-09-17 - Thứ 5,722,96.81%,83.52%,1.66%,6.14,603,12,699,12,107,23,3.19%,14.82%,722,Khánh Hòa,NTB,AM Phi
NTB - Khánh Hòa,(KHO) Ninh Hòa 2,Hàng Mới Ca 1,2026-09-28 - Thứ 2,502,93.23%,76.89%,1.20%,6.06,386,6,468,6,110,34,6.77%,21.91%,502,Khánh Hòa,NTB,AM Phi
NTB - Khánh Hòa,(KHO) Ninh Hòa 2,Hàng Mới Ca 1,2026-10-07 - Thứ 4,604,96.03%,79.64%,0.99%,7.36,481,6,580,6,117,24,3.97%,19.37%,604,Khánh Hòa,NTB,AM Phi
NTB - Khánh Hòa,(KHO) Ninh Hòa 2,Hàng Mới Ca 1,2026-09-16 - Thứ 4,742,98.65%,81.94%,1.08%,6.11,608,8,732,8,126,10,1.35%,16.98%,742,Khánh Hòa,NTB,AM Phi
NTB - Khánh Hòa,(KHO) Ninh Hòa 2,Hàng Mới Ca 1,2026-09-18 - Thứ 6,615,99.84%,81.95%,0.49%,6.54,504,3,614,3,108,1,0.16%,17.56%,615,Khánh Hòa,NTB,AM Phi
NTB - Khánh Hòa,(KHO) Ninh Hòa 2,Hàng Mới Ca 1,2026-09-13 - Chủ Nhật,624,98.40%,76.92%,0.16%,9.71,480,1,614,1,143,10,1.60%,22.92%,624,Khánh Hòa,NTB,AM Phi
NTB - Khánh Hòa,(KHO) Ninh Hòa 2,Hàng Mới Ca 1,2026-10-03 - Thứ 7,629,99.84%,80.13%,0.79%,6.5,504,5,628,5,120,1,0.16%,19.08%,629,Khánh Hòa,NTB,AM Phi
NTB - Khánh Hòa,(KHO) Ninh Hòa 2,Hàng Mới Ca 1,2026-09-29 - Thứ 3,447,96.87%,74.05%,1.34%,6.98,331,6,433,6,110,14,3.13%,24.61%,447,Khánh Hòa,NTB,AM Phi
NTB - Khánh Hòa,(KHO) Ninh Hòa 2,Hàng Mới Ca 1,2026-09-19 - Thứ 7,620,99.35%,82.10%,0.81%,6.24,509,5,616,5,106,4,0.65%,17.09%,620,Khánh Hòa,NTB,AM Phi
NTB - Khánh Hòa,(KHO) Ninh Hòa 2,Hàng Mới Ca 1,2026-10-09 - Thứ 6,849,99.88%,83.98%,1.06%,6.26,713,9,848,9,127,1,0.12%,14.96%,849,Khánh Hòa,NTB,AM Phi
NTB - Khánh Hòa,(KHO) Ninh Hòa 2,Hàng Mới Ca 1,2026-09-26 - Thứ 7,445,96.63%,78.43%,0.67%,5.94,349,3,430,3,93,15,3.37%,20.90%,445,Khánh Hòa,NTB,AM Phi
NTB - Khánh Hòa,(KHO) Ninh Hòa 2,Hàng Mới Ca 2,2026-09-27 - Chủ Nhật,397,87.15%,67.00%,1.01%,3.19,266,4,346,4,127,51,12.85%,31.99%,397,Khánh Hòa,NTB,AM Phi
NTB - Khánh Hòa,(KHO) Ninh Hòa 2,Hàng Mới Ca 2,2026-09-21 - Thứ 2,344,93.31%,69.48%,0.87%,3.07,239,3,321,3,102,23,6.69%,29.65%,344,Khánh Hòa,NTB,AM Phi
NTB - Khánh Hòa,(KHO) Ninh Hòa 2,Hàng Mới Ca 2,2026-09-13 - Chủ Nhật,258,75.58%,59.30%,0.00%,3.38,153,0,195,0,105,63,24.42%,40.70%,258,Khánh Hòa,NTB,AM Phi
NTB - Khánh Hòa,(KHO) Ninh Hòa 2,Hàng Mới Ca 2,2026-10-06 - Thứ 3,378,83.07%,67.20%,0.53%,4.38,254,2,314,2,122,64,16.93%,32.27%,378,Khánh Hòa,NTB,AM Phi
NTB - Khánh Hòa,(KHO) Ninh Hòa 2,Hàng Mới Ca 2,2026-10-01 - Thứ 5,533,86.68%,67.17%,0.56%,4.68,358,3,462,3,172,71,13.32%,32.27%,533,Khánh Hòa,NTB,AM Phi
NTB - Khánh Hòa,(KHO) Ninh Hòa 2,Hàng Mới Ca 2,2026-09-12 - Thứ 7,438,87.21%,62.10%,0.46%,4.01,272,2,382,2,164,56,12.79%,37.44%,438,Khánh Hòa,NTB,AM Phi
NTB - Khánh Hòa,(KHO) Ninh Hòa 2,Hàng Mới Ca 2,2026-10-05 - Thứ 2,396,82.32%,67.68%,0.25%,3.33,268,1,326,1,127,70,17.68%,32.07%,396,Khánh Hòa,NTB,AM Phi
NTB - Khánh Hòa,(KHO) Ninh Hòa 2,Hàng Mới Ca 2,2026-09-22 - Thứ 3,220,92.27%,73.64%,0.91%,2.86,162,2,203,2,56,17,7.73%,25.45%,220,Khánh Hòa,NTB,AM Phi
NTB - Khánh Hòa,(KHO) Ninh Hòa 2,Hàng Mới Ca 2,2026-09-23 - Thứ 4,279,84.95%,72.04%,1.79%,3,201,5,237,5,73,42,15.05%,26.17%,279,Khánh Hòa,NTB,AM Phi
NTB - Khánh Hòa,(KHO) Ninh Hòa 2,Hàng Mới Ca 2,2026-09-14 - Thứ 2,333,89.79%,74.17%,1.20%,3.05,247,4,299,4,82,34,10.21%,24.63%,333,Khánh Hòa,NTB,AM Phi
NTB - Khánh Hòa,(KHO) Ninh Hòa 2,Hàng Mới Ca 2,2026-09-15 - Thứ 3,253,84.19%,71.54%,0.40%,3.72,181,1,213,1,71,40,15.81%,28.06%,253,Khánh Hòa,NTB,AM Phi
NTB - Khánh Hòa,(KHO) Ninh Hòa 2,Hàng Mới Ca 2,2026-10-02 - Thứ 6,306,84.64%,70.26%,0.00%,3.36,215,0,259,0,91,47,15.36%,29.74%,306,Khánh Hòa,NTB,AM Phi
NTB - Khánh Hòa,(KHO) Ninh Hòa 2,Hàng Mới Ca 2,2026-10-08 - Thứ 5,253,81.82%,71.15%,0.40%,3.37,180,1,207,1,72,46,18.18%,28.45%,253,Khánh Hòa,NTB,AM Phi
NTB - Khánh Hòa,(KHO) Ninh Hòa 2,Hàng Mới Ca 2,2026-09-19 - Thứ 7,206,87.86%,72.82%,1.46%,2.81,150,3,181,3,53,25,12.14%,25.72%,206,Khánh Hòa,NTB,AM Phi
NTB - Khánh Hòa,(KHO) Ninh Hòa 2,Hàng Mới Ca 2,2026-10-04 - Chủ Nhật,288,88.54%,67.71%,0.00%,3.35,195,0,255,0,93,33,11.46%,32.29%,288,Khánh Hòa,NTB,AM Phi
NTB - Khánh Hòa,(KHO) Ninh Hòa 2,Hàng Mới Ca 2,2026-09-30 - Thứ 4,238,84.03%,67.65%,0.84%,4.17,161,2,200,2,75,38,15.97%,31.51%,238,Khánh Hòa,NTB,AM Phi
NTB - Khánh Hòa,(KHO) Ninh Hòa 2,Hàng Mới Ca 2,2026-09-17 - Thứ 5,307,80.13%,66.78%,0.65%,3.49,205,2,246,2,100,61,19.87%,32.57%,307,Khánh Hòa,NTB,AM Phi
NTB - Khánh Hòa,(KHO) Ninh Hòa 2,Hàng Mới Ca 2,2026-10-09 - Thứ 6,221,85.07%,71.95%,0.00%,2.89,159,0,188,0,62,33,14.93%,28.05%,221,Khánh Hòa,NTB,AM Phi
NTB - Khánh Hòa,(KHO) Ninh Hòa 2,Hàng Mới Ca 2,2026-09-26 - Thứ 7,536,83.02%,66.79%,0.37%,4.41,358,2,445,2,176,91,16.98%,32.84%,536,Khánh Hòa,NTB,AM Phi
NTB - Khánh Hòa,(KHO) Ninh Hòa 2,Hàng Mới Ca 2,2026-09-28 - Thứ 2,249,85.94%,63.86%,0.80%,3.01,159,2,214,2,88,35,14.06%,35.34%,249,Khánh Hòa,NTB,AM Phi
NTB - Khánh Hòa,(KHO) Ninh Hòa 2,Hàng Mới Ca 2,2026-10-03 - Thứ 7,398,81.16%,65.58%,0.50%,3.64,261,2,323,2,135,75,18.84%,33.92%,398,Khánh Hòa,NTB,AM Phi
NTB - Khánh Hòa,(KHO) Ninh Hòa 2,Hàng Mới Ca 2,2026-09-16 - Thứ 4,237,83.54%,69.62%,0.00%,2.96,165,0,198,0,72,39,16.46%,30.38%,237,Khánh Hòa,NTB,AM Phi
NTB - Khánh Hòa,(KHO) Ninh Hòa 2,Hàng Mới Ca 2,2026-09-25 - Thứ 6,243,88.07%,73.66%,1.23%,3.8,179,3,214,3,61,29,11.93%,25.11%,243,Khánh Hòa,NTB,AM Phi
NTB - Khánh Hòa,(KHO) Ninh Hòa 2,Hàng Mới Ca 2,2026-09-18 - Thứ 6,320,89.69%,72.81%,0.31%,4.24,233,1,287,1,86,33,10.31%,26.88%,320,Khánh Hòa,NTB,AM Phi
NTB - Khánh Hòa,(KHO) Ninh Hòa 2,Hàng Mới Ca 2,2026-09-24 - Thứ 5,359,89.42%,75.21%,0.28%,3.31,270,1,321,1,88,38,10.58%,24.51%,359,Khánh Hòa,NTB,AM Phi
NTB - Khánh Hòa,(KHO) Ninh Hòa 2,Hàng Mới Ca 2,2026-10-07 - Thứ 4,429,83.68%,67.83%,1.40%,3.57,291,6,359,6,132,70,16.32%,30.77%,429,Khánh Hòa,NTB,AM Phi
NTB - Khánh Hòa,(KHO) Ninh Hòa 2,Hàng Mới Ca 2,2026-09-29 - Thứ 3,240,94.17%,74.17%,0.00%,3.2,178,0,226,0,62,14,5.83%,25.83%,240,Khánh Hòa,NTB,AM Phi
NTB - Khánh Hòa,(KHO) Ninh Hòa 2,Hàng Mới Ca 2,2026-09-20 - Chủ Nhật,172,90.70%,60.47%,1.74%,3.1,104,3,156,3,65,16,9.30%,37.79%,172,Khánh Hòa,NTB,AM Phi
NTB - Khánh Hòa,(KHO) Ninh Hòa 2,Hàng Tồn,2026-09-25 - Thứ 6,333,97.90%,42.64%,6.61%,34.85,142,22,326,22,169,7,2.10%,50.75%,0,Khánh Hòa,NTB,AM Phi
NTB - Khánh Hòa,(KHO) Ninh Hòa 2,Hàng Tồn,2026-09-27 - Chủ Nhật,374,93.58%,50.00%,7.22%,30.97,187,27,350,27,160,24,6.42%,42.78%,0,Khánh Hòa,NTB,AM Phi
NTB - Khánh Hòa,(KHO) Ninh Hòa 2,Hàng Tồn,2026-09-21 - Thứ 2,349,98.57%,51.58%,7.74%,37.01,180,27,344,27,142,5,1.43%,40.68%,0,Khánh Hòa,NTB,AM Phi
NTB - Khánh Hòa,(KHO) Ninh Hòa 2,Hàng Tồn,2026-09-20 - Chủ Nhật,305,99.02%,39.34%,7.54%,41.1,120,23,302,23,162,3,0.98%,53.12%,0,Khánh Hòa,NTB,AM Phi
NTB - Khánh Hòa,(KHO) Ninh Hòa 2,Hàng Tồn,2026-09-13 - Chủ Nhật,596,95.81%,52.18%,4.53%,40.34,311,27,571,27,258,25,4.19%,43.29%,0,Khánh Hòa,NTB,AM Phi
NTB - Khánh Hòa,(KHO) Ninh Hòa 2,Hàng Tồn,2026-09-24 - Thứ 5,287,98.61%,40.77%,9.41%,34.99,117,27,283,27,143,4,1.39%,49.82%,0,Khánh Hòa,NTB,AM Phi
NTB - Khánh Hòa,(KHO) Ninh Hòa 2,Hàng Tồn,2026-10-06 - Thứ 3,487,98.77%,58.32%,6.37%,44.7,284,31,481,31,172,6,1.23%,35.31%,0,Khánh Hòa,NTB,AM Phi
NTB - Khánh Hòa,(KHO) Ninh Hòa 2,Hàng Tồn,2026-10-01 - Thứ 5,356,98.60%,44.66%,4.21%,42.12,159,15,351,15,182,5,1.40%,51.13%,0,Khánh Hòa,NTB,AM Phi
NTB - Khánh Hòa,(KHO) Ninh Hòa 2,Hàng Tồn,2026-09-12 - Thứ 7,417,93.29%,30.94%,9.35%,39.79,129,39,389,39,249,28,6.71%,59.71%,0,Khánh Hòa,NTB,AM Phi
NTB - Khánh Hòa,(KHO) Ninh Hòa 2,Hàng Tồn,2026-10-05 - Thứ 2,451,74.28%,37.47%,10.64%,33.99,169,48,335,48,234,116,25.72%,51.89%,0,Khánh Hòa,NTB,AM Phi
NTB - Khánh Hòa,(KHO) Ninh Hòa 2,Hàng Tồn,2026-09-22 - Thứ 3,290,83.10%,34.14%,7.93%,33.35,99,23,241,23,168,49,16.90%,57.93%,0,Khánh Hòa,NTB,AM Phi
NTB - Khánh Hòa,(KHO) Ninh Hòa 2,Hàng Tồn,2026-09-23 - Thứ 4,296,97.64%,46.62%,8.11%,38.69,138,24,289,24,134,7,2.36%,45.27%,0,Khánh Hòa,NTB,AM Phi
NTB - Khánh Hòa,(KHO) Ninh Hòa 2,Hàng Tồn,2026-09-14 - Thứ 2,477,93.92%,48.22%,5.87%,41.22,230,28,448,28,219,29,6.08%,45.91%,0,Khánh Hòa,NTB,AM Phi
NTB - Khánh Hòa,(KHO) Ninh Hòa 2,Hàng Tồn,2026-09-15 - Thứ 3,381,86.88%,42.78%,8.66%,43.13,163,33,331,33,185,50,13.12%,48.56%,0,Khánh Hòa,NTB,AM Phi
NTB - Khánh Hòa,(KHO) Ninh Hòa 2,Hàng Tồn,2026-09-29 - Thứ 3,373,88.47%,38.07%,6.70%,37.17,142,25,330,25,206,43,11.53%,55.23%,0,Khánh Hòa,NTB,AM Phi
NTB - Khánh Hòa,(KHO) Ninh Hòa 2,Hàng Tồn,2026-10-08 - Thứ 5,386,90.93%,48.19%,6.74%,36.97,186,26,351,26,174,35,9.07%,45.07%,0,Khánh Hòa,NTB,AM Phi
NTB - Khánh Hòa,(KHO) Ninh Hòa 2,Hàng Tồn,2026-09-19 - Thứ 7,321,98.13%,37.38%,4.98%,39.17,120,16,315,16,185,6,1.87%,57.64%,0,Khánh Hòa,NTB,AM Phi
NTB - Khánh Hòa,(KHO) Ninh Hòa 2,Hàng Tồn,2026-09-30 - Thứ 4,342,98.25%,38.01%,6.43%,40.01,130,22,336,22,190,6,1.75%,55.56%,0,Khánh Hòa,NTB,AM Phi
NTB - Khánh Hòa,(KHO) Ninh Hòa 2,Hàng Tồn,2026-10-09 - Thứ 6,412,99.27%,51.46%,5.34%,36.41,212,22,409,22,178,3,0.73%,43.20%,0,Khánh Hòa,NTB,AM Phi
NTB - Khánh Hòa,(KHO) Ninh Hòa 2,Hàng Tồn,2026-09-28 - Thứ 2,365,80.00%,38.36%,5.48%,35.89,140,20,292,20,205,73,20.00%,56.16%,0,Khánh Hòa,NTB,AM Phi
NTB - Khánh Hòa,(KHO) Ninh Hòa 2,Hàng Tồn,2026-10-07 - Thứ 4,352,89.49%,51.42%,3.98%,39.01,181,14,315,14,157,37,10.51%,44.60%,0,Khánh Hòa,NTB,AM Phi
NTB - Khánh Hòa,(KHO) Ninh Hòa 2,Hàng Tồn,2026-10-03 - Thứ 7,483,98.34%,48.24%,7.25%,40.99,233,35,475,35,215,8,1.66%,44.51%,0,Khánh Hòa,NTB,AM Phi
NTB - Khánh Hòa,(KHO) Ninh Hòa 2,Hàng Tồn,2026-09-18 - Thứ 6,356,98.31%,48.88%,9.27%,39.23,174,33,350,33,149,6,1.69%,41.85%,0,Khánh Hòa,NTB,AM Phi
NTB - Khánh Hòa,(KHO) Ninh Hòa 2,Hàng Tồn,2026-09-16 - Thứ 4,314,93.31%,42.99%,7.32%,43.61,135,23,293,23,156,21,6.69%,49.69%,0,Khánh Hòa,NTB,AM Phi
NTB - Khánh Hòa,(KHO) Ninh Hòa 2,Hàng Tồn,2026-10-02 - Thứ 6,461,85.68%,39.70%,4.99%,34.28,183,23,395,23,255,66,14.32%,55.31%,0,Khánh Hòa,NTB,AM Phi
NTB - Khánh Hòa,(KHO) Ninh Hòa 2,Hàng Tồn,2026-10-04 - Chủ Nhật,433,88.22%,39.26%,7.16%,33.95,170,31,382,31,232,51,11.78%,53.58%,0,Khánh Hòa,NTB,AM Phi
NTB - Khánh Hòa,(KHO) Ninh Hòa 2,Hàng Tồn,2026-09-26 - Thứ 7,368,97.83%,51.90%,6.25%,35.98,191,23,360,23,154,8,2.17%,41.85%,0,Khánh Hòa,NTB,AM Phi
NTB - Khánh Hòa,(KHO) Ninh Hòa 2,Hàng Tồn,2026-09-17 - Thứ 5,336,89.58%,41.37%,7.14%,40.32,139,24,301,24,173,35,10.42%,51.49%,0,Khánh Hòa,NTB,AM Phi
NTB - Khánh Hòa,(KHO) Nha Trang,Hàng Mới Ca 1,2026-09-16 - Thứ 4,584,96.92%,73.46%,1.88%,11.4,429,11,566,11,144,18,3.08%,24.66%,584,Khánh Hòa,NTB,AM Duy
NTB - Khánh Hòa,(KHO) Nha Trang,Hàng Mới Ca 1,2026-09-27 - Chủ Nhật,466,93.56%,55.58%,0.43%,12.92,259,2,436,2,205,30,6.44%,43.99%,466,Khánh Hòa,NTB,AM Duy
NTB - Khánh Hòa,(KHO) Nha Trang,Hàng Mới Ca 1,2026-09-21 - Thứ 2,491,95.93%,80.65%,1.22%,12.32,396,6,471,6,89,20,4.07%,18.13%,491,Khánh Hòa,NTB,AM Duy
NTB - Khánh Hòa,(KHO) Nha Trang,Hàng Mới Ca 1,2026-09-20 - Chủ Nhật,571,97.20%,66.90%,2.45%,10.11,382,14,555,14,175,16,2.80%,30.65%,571,Khánh Hòa,NTB,AM Duy
NTB - Khánh Hòa,(KHO) Nha Trang,Hàng Mới Ca 1,2026-09-13 - Chủ Nhật,518,97.49%,62.36%,1.93%,10.47,323,10,505,10,185,13,2.51%,35.71%,518,Khánh Hòa,NTB,AM Duy
NTB - Khánh Hòa,(KHO) Nha Trang,Hàng Mới Ca 1,2026-10-06 - Thứ 3,358,90.22%,63.97%,2.79%,7.69,229,10,323,10,119,35,9.78%,33.24%,358,Khánh Hòa,NTB,AM Duy
NTB - Khánh Hòa,(KHO) Nha Trang,Hàng Mới Ca 1,2026-10-01 - Thứ 5,473,92.39%,69.13%,1.69%,9.23,327,8,437,8,138,36,7.61%,29.18%,473,Khánh Hòa,NTB,AM Duy
NTB - Khánh Hòa,(KHO) Nha Trang,Hàng Mới Ca 1,2026-09-12 - Thứ 7,536,97.95%,68.28%,0.75%,9.88,366,4,525,4,166,11,2.05%,30.97%,536,Khánh Hòa,NTB,AM Duy
NTB - Khánh Hòa,(KHO) Nha Trang,Hàng Mới Ca 1,2026-10-05 - Thứ 2,499,84.17%,58.92%,0.60%,11.41,294,3,420,3,202,79,15.83%,40.48%,499,Khánh Hòa,NTB,AM Duy
NTB - Khánh Hòa,(KHO) Nha Trang,Hàng Mới Ca 1,2026-09-23 - Thứ 4,611,96.56%,71.69%,1.96%,12.38,438,12,590,12,161,21,3.44%,26.35%,611,Khánh Hòa,NTB,AM Duy
NTB - Khánh Hòa,(KHO) Nha Trang,Hàng Mới Ca 1,2026-09-14 - Thứ 2,442,96.38%,69.91%,1.13%,10.94,309,5,426,5,128,16,3.62%,28.96%,442,Khánh Hòa,NTB,AM Duy
NTB - Khánh Hòa,(KHO) Nha Trang,Hàng Mới Ca 1,2026-09-15 - Thứ 3,373,99.46%,74.26%,0.80%,6.27,277,3,371,3,93,2,0.54%,24.94%,373,Khánh Hòa,NTB,AM Duy
NTB - Khánh Hòa,(KHO) Nha Trang,Hàng Mới Ca 1,2026-10-02 - Thứ 6,443,97.74%,73.81%,1.81%,10.74,327,8,433,8,108,10,2.26%,24.38%,443,Khánh Hòa,NTB,AM Duy
NTB - Khánh Hòa,(KHO) Nha Trang,Hàng Mới Ca 1,2026-09-29 - Thứ 3,430,90.23%,60.70%,2.09%,7.73,261,9,388,9,160,42,9.77%,37.21%,430,Khánh Hòa,NTB,AM Duy
NTB - Khánh Hòa,(KHO) Nha Trang,Hàng Mới Ca 1,2026-10-08 - Thứ 5,675,95.70%,63.56%,1.63%,11.12,429,11,646,11,235,29,4.30%,34.81%,675,Khánh Hòa,NTB,AM Duy
NTB - Khánh Hòa,(KHO) Nha Trang,Hàng Mới Ca 1,2026-09-19 - Thứ 7,491,95.72%,68.64%,2.04%,10.13,337,10,470,10,144,21,4.28%,29.32%,491,Khánh Hòa,NTB,AM Duy
NTB - Khánh Hòa,(KHO) Nha Trang,Hàng Mới Ca 1,2026-10-04 - Chủ Nhật,586,82.42%,50.68%,0.85%,12.46,297,5,483,5,284,103,17.58%,48.47%,586,Khánh Hòa,NTB,AM Duy
NTB - Khánh Hòa,(KHO) Nha Trang,Hàng Mới Ca 1,2026-09-30 - Thứ 4,521,86.76%,63.53%,0.77%,10.67,331,4,452,4,186,69,13.24%,35.70%,521,Khánh Hòa,NTB,AM Duy
NTB - Khánh Hòa,(KHO) Nha Trang,Hàng Mới Ca 1,2026-09-17 - Thứ 5,535,98.32%,74.21%,1.87%,10.03,397,10,526,10,128,9,1.68%,23.92%,535,Khánh Hòa,NTB,AM Duy
NTB - Khánh Hòa,(KHO) Nha Trang,Hàng Mới Ca 1,2026-09-26 - Thứ 7,634,97.48%,53.94%,0.47%,11.29,342,3,618,3,289,16,2.52%,45.59%,634,Khánh Hòa,NTB,AM Duy
NTB - Khánh Hòa,(KHO) Nha Trang,Hàng Mới Ca 1,2026-09-28 - Thứ 2,429,95.57%,62.94%,1.17%,13.58,270,5,410,5,154,19,4.43%,35.89%,429,Khánh Hòa,NTB,AM Duy
NTB - Khánh Hòa,(KHO) Nha Trang,Hàng Mới Ca 1,2026-10-07 - Thứ 4,508,96.46%,66.93%,0.20%,10.94,340,1,490,1,167,18,3.54%,32.87%,508,Khánh Hòa,NTB,AM Duy
NTB - Khánh Hòa,(KHO) Nha Trang,Hàng Mới Ca 1,2026-10-03 - Thứ 7,556,97.48%,66.91%,0.72%,10.13,372,4,542,4,180,14,2.52%,32.37%,556,Khánh Hòa,NTB,AM Duy
NTB - Khánh Hòa,(KHO) Nha Trang,Hàng Mới Ca 1,2026-09-25 - Thứ 6,911,96.82%,62.90%,0.99%,10.78,573,9,882,9,329,29,3.18%,36.11%,911,Khánh Hòa,NTB,AM Duy
NTB - Khánh Hòa,(KHO) Nha Trang,Hàng Mới Ca 1,2026-09-18 - Thứ 6,619,97.42%,73.18%,2.58%,13.31,453,16,603,16,150,16,2.58%,24.24%,619,Khánh Hòa,NTB,AM Duy
NTB - Khánh Hòa,(KHO) Nha Trang,Hàng Mới Ca 1,2026-09-22 - Thứ 3,420,97.62%,63.81%,1.19%,11.22,268,5,410,5,147,10,2.38%,35.00%,420,Khánh Hòa,NTB,AM Duy
NTB - Khánh Hòa,(KHO) Nha Trang,Hàng Mới Ca 1,2026-10-09 - Thứ 6,568,91.02%,61.27%,2.11%,11.16,348,12,517,12,208,51,8.98%,36.62%,568,Khánh Hòa,NTB,AM Duy
NTB - Khánh Hòa,(KHO) Nha Trang,Hàng Mới Ca 1,2026-09-24 - Thứ 5,572,98.08%,75.00%,2.62%,12.13,429,15,561,15,128,11,1.92%,22.38%,572,Khánh Hòa,NTB,AM Duy
NTB - Khánh Hòa,(KHO) Nha Trang,Hàng Mới Ca 2,2026-09-27 - Chủ Nhật,256,14.84%,12.50%,0.39%,2.91,32,1,38,1,223,218,85.16%,87.11%,256,Khánh Hòa,NTB,AM Duy
NTB - Khánh Hòa,(KHO) Nha Trang,Hàng Mới Ca 2,2026-09-21 - Thứ 2,218,99.08%,74.31%,0.46%,3.88,162,1,216,1,55,2,0.92%,25.23%,218,Khánh Hòa,NTB,AM Duy
NTB - Khánh Hòa,(KHO) Nha Trang,Hàng Mới Ca 2,2026-09-20 - Chủ Nhật,173,99.42%,60.69%,1.73%,3.49,105,3,172,3,65,1,0.58%,37.58%,173,Khánh Hòa,NTB,AM Duy
NTB - Khánh Hòa,(KHO) Nha Trang,Hàng Mới Ca 2,2026-09-13 - Chủ Nhật,141,98.58%,57.45%,1.42%,3.11,81,2,139,2,58,2,1.42%,41.13%,141,Khánh Hòa,NTB,AM Duy
NTB - Khánh Hòa,(KHO) Nha Trang,Hàng Mới Ca 2,2026-09-24 - Thứ 5,228,99.56%,71.05%,0.88%,4.43,162,2,227,2,64,1,0.44%,28.07%,228,Khánh Hòa,NTB,AM Duy
NTB - Khánh Hòa,(KHO) Nha Trang,Hàng Mới Ca 2,2026-10-06 - Thứ 3,358,10.61%,9.50%,0.00%,4.21,34,0,38,0,324,320,89.39%,90.50%,358,Khánh Hòa,NTB,AM Duy
NTB - Khánh Hòa,(KHO) Nha Trang,Hàng Mới Ca 2,2026-10-01 - Thứ 5,413,12.35%,9.69%,0.24%,5.55,40,1,51,1,372,362,87.65%,90.07%,413,Khánh Hòa,NTB,AM Duy
NTB - Khánh Hòa,(KHO) Nha Trang,Hàng Mới Ca 2,2026-09-12 - Thứ 7,284,98.94%,55.28%,0.35%,4.5,157,1,281,1,126,3,1.06%,44.37%,284,Khánh Hòa,NTB,AM Duy
NTB - Khánh Hòa,(KHO) Nha Trang,Hàng Mới Ca 2,2026-10-05 - Thứ 2,361,8.59%,7.76%,0.00%,3.11,28,0,31,0,333,330,91.41%,92.24%,361,Khánh Hòa,NTB,AM Duy
NTB - Khánh Hòa,(KHO) Nha Trang,Hàng Mới Ca 2,2026-09-22 - Thứ 3,238,91.60%,66.39%,0.84%,2.61,158,2,218,2,78,20,8.40%,32.77%,238,Khánh Hòa,NTB,AM Duy
NTB - Khánh Hòa,(KHO) Nha Trang,Hàng Mới Ca 2,2026-09-23 - Thứ 4,203,99.51%,62.07%,3.45%,4.27,126,7,202,7,70,1,0.49%,34.48%,203,Khánh Hòa,NTB,AM Duy
NTB - Khánh Hòa,(KHO) Nha Trang,Hàng Mới Ca 2,2026-09-14 - Thứ 2,234,95.73%,67.52%,2.56%,3.06,158,6,224,6,70,10,4.27%,29.92%,234,Khánh Hòa,NTB,AM Duy
NTB - Khánh Hòa,(KHO) Nha Trang,Hàng Mới Ca 2,2026-09-15 - Thứ 3,230,99.57%,70.87%,0.87%,2.8,163,2,229,2,65,1,0.43%,28.26%,230,Khánh Hòa,NTB,AM Duy
NTB - Khánh Hòa,(KHO) Nha Trang,Hàng Mới Ca 2,2026-10-02 - Thứ 6,287,26.83%,19.86%,0.00%,4.63,57,0,77,0,230,210,73.17%,80.14%,287,Khánh Hòa,NTB,AM Duy
NTB - Khánh Hòa,(KHO) Nha Trang,Hàng Mới Ca 2,2026-10-08 - Thứ 5,392,9.44%,8.93%,0.00%,4.23,35,0,37,0,357,355,90.56%,91.07%,392,Khánh Hòa,NTB,AM Duy
NTB - Khánh Hòa,(KHO) Nha Trang,Hàng Mới Ca 2,2026-09-19 - Thứ 7,202,96.53%,63.86%,2.97%,2.4,129,6,195,6,67,7,3.47%,33.17%,202,Khánh Hòa,NTB,AM Duy
NTB - Khánh Hòa,(KHO) Nha Trang,Hàng Mới Ca 2,2026-09-30 - Thứ 4,205,87.80%,59.51%,0.49%,3.81,122,1,180,1,82,25,12.20%,40.00%,205,Khánh Hòa,NTB,AM Duy
NTB - Khánh Hòa,(KHO) Nha Trang,Hàng Mới Ca 2,2026-09-17 - Thứ 5,234,99.15%,77.78%,0.85%,2.81,182,2,232,2,50,2,0.85%,21.37%,234,Khánh Hòa,NTB,AM Duy
NTB - Khánh Hòa,(KHO) Nha Trang,Hàng Mới Ca 2,2026-10-09 - Thứ 6,225,15.56%,14.22%,0.00%,3.84,32,0,35,0,193,190,84.44%,85.78%,225,Khánh Hòa,NTB,AM Duy
NTB - Khánh Hòa,(KHO) Nha Trang,Hàng Mới Ca 2,2026-09-26 - Thứ 7,247,8.91%,4.86%,0.00%,2.08,12,0,22,0,235,225,91.09%,95.14%,247,Khánh Hòa,NTB,AM Duy
NTB - Khánh Hòa,(KHO) Nha Trang,Hàng Mới Ca 2,2026-09-28 - Thứ 2,248,32.66%,19.76%,2.02%,4.44,49,5,81,5,194,167,67.34%,78.22%,248,Khánh Hòa,NTB,AM Duy
NTB - Khánh Hòa,(KHO) Nha Trang,Hàng Mới Ca 2,2026-10-07 - Thứ 4,365,7.40%,5.21%,0.55%,2.16,19,2,27,2,344,338,92.60%,94.24%,365,Khánh Hòa,NTB,AM Duy
NTB - Khánh Hòa,(KHO) Nha Trang,Hàng Mới Ca 2,2026-09-16 - Thứ 4,211,99.05%,59.72%,2.84%,3.84,126,6,209,6,79,2,0.95%,37.44%,211,Khánh Hòa,NTB,AM Duy
NTB - Khánh Hòa,(KHO) Nha Trang,Hàng Mới Ca 2,2026-09-25 - Thứ 6,239,15.48%,10.46%,0.42%,4.8,25,1,37,1,213,202,84.52%,89.12%,239,Khánh Hòa,NTB,AM Duy
NTB - Khánh Hòa,(KHO) Nha Trang,Hàng Mới Ca 2,2026-09-18 - Thứ 6,307,98.70%,70.68%,1.63%,3.23,217,5,303,5,85,4,1.30%,27.69%,307,Khánh Hòa,NTB,AM Duy
NTB - Khánh Hòa,(KHO) Nha Trang,Hàng Mới Ca 2,2026-09-29 - Thứ 3,160,75.00%,41.88%,3.13%,4.13,67,5,120,5,88,40,25.00%,54.99%,160,Khánh Hòa,NTB,AM Duy
NTB - Khánh Hòa,(KHO) Nha Trang,Hàng Mới Ca 2,2026-10-04 - Chủ Nhật,321,15.26%,8.41%,0.00%,4.48,27,0,49,0,294,272,84.74%,91.59%,321,Khánh Hòa,NTB,AM Duy
NTB - Khánh Hòa,(KHO) Nha Trang,Hàng Mới Ca 2,2026-10-03 - Thứ 7,327,24.16%,18.35%,0.00%,3.9,60,0,79,0,267,248,75.84%,81.65%,327,Khánh Hòa,NTB,AM Duy
NTB - Khánh Hòa,(KHO) Nha Trang,Hàng Tồn,2026-09-25 - Thứ 6,332,95.78%,33.13%,9.64%,41.95,110,32,318,32,190,14,4.22%,57.23%,0,Khánh Hòa,NTB,AM Duy
NTB - Khánh Hòa,(KHO) Nha Trang,Hàng Tồn,2026-09-18 - Thứ 6,299,97.32%,40.13%,10.03%,41.2,120,30,291,30,149,8,2.68%,49.84%,0,Khánh Hòa,NTB,AM Duy
NTB - Khánh Hòa,(KHO) Nha Trang,Hàng Tồn,2026-09-20 - Chủ Nhật,275,97.45%,29.45%,8.73%,39.76,81,24,268,24,170,7,2.55%,61.82%,0,Khánh Hòa,NTB,AM Duy
NTB - Khánh Hòa,(KHO) Nha Trang,Hàng Tồn,2026-09-13 - Chủ Nhật,385,96.36%,35.32%,6.49%,42.76,136,25,371,25,224,14,3.64%,58.19%,0,Khánh Hòa,NTB,AM Duy
NTB - Khánh Hòa,(KHO) Nha Trang,Hàng Tồn,2026-10-06 - Thứ 3,832,82.57%,49.40%,5.89%,37.18,411,49,687,49,372,145,17.43%,44.71%,0,Khánh Hòa,NTB,AM Duy
NTB - Khánh Hòa,(KHO) Nha Trang,Hàng Tồn,2026-10-05 - Thứ 2,874,91.76%,53.09%,4.81%,40.27,464,42,802,42,368,72,8.24%,42.10%,0,Khánh Hòa,NTB,AM Duy
NTB - Khánh Hòa,(KHO) Nha Trang,Hàng Tồn,2026-09-22 - Thứ 3,252,96.43%,35.71%,8.73%,45.28,90,22,243,22,140,9,3.57%,55.56%,0,Khánh Hòa,NTB,AM Duy
NTB - Khánh Hòa,(KHO) Nha Trang,Hàng Tồn,2026-09-23 - Thứ 4,329,97.26%,43.16%,8.51%,42.05,142,28,320,28,159,9,2.74%,48.33%,0,Khánh Hòa,NTB,AM Duy
NTB - Khánh Hòa,(KHO) Nha Trang,Hàng Tồn,2026-09-14 - Thứ 2,449,97.77%,54.34%,4.90%,44.16,244,22,439,22,183,10,2.23%,40.76%,0,Khánh Hòa,NTB,AM Duy
NTB - Khánh Hòa,(KHO) Nha Trang,Hàng Tồn,2026-09-15 - Thứ 3,335,95.82%,39.10%,8.96%,39.91,131,30,321,30,174,14,4.18%,51.94%,0,Khánh Hòa,NTB,AM Duy
NTB - Khánh Hòa,(KHO) Nha Trang,Hàng Tồn,2026-10-02 - Thứ 6,671,97.47%,58.57%,6.41%,33.71,393,43,654,43,235,17,2.53%,35.02%,0,Khánh Hòa,NTB,AM Duy
NTB - Khánh Hòa,(KHO) Nha Trang,Hàng Tồn,2026-09-29 - Thứ 3,655,82.90%,41.68%,7.48%,43.22,273,49,543,49,333,112,17.10%,50.84%,0,Khánh Hòa,NTB,AM Duy
NTB - Khánh Hòa,(KHO) Nha Trang,Hàng Tồn,2026-10-08 - Thứ 5,840,97.14%,47.74%,7.86%,37.04,401,66,816,66,373,24,2.86%,44.40%,0,Khánh Hòa,NTB,AM Duy
NTB - Khánh Hòa,(KHO) Nha Trang,Hàng Tồn,2026-09-19 - Thứ 7,335,97.91%,45.67%,11.64%,39.01,153,39,328,39,143,7,2.09%,42.69%,0,Khánh Hòa,NTB,AM Duy
NTB - Khánh Hòa,(KHO) Nha Trang,Hàng Tồn,2026-10-04 - Chủ Nhật,644,88.66%,36.80%,8.85%,35.98,237,57,571,57,350,73,11.34%,54.35%,0,Khánh Hòa,NTB,AM Duy
NTB - Khánh Hòa,(KHO) Nha Trang,Hàng Tồn,2026-09-30 - Thứ 4,536,93.47%,37.69%,5.78%,47.72,202,31,501,31,303,35,6.53%,56.53%,0,Khánh Hòa,NTB,AM Duy
NTB - Khánh Hòa,(KHO) Nha Trang,Hàng Tồn,2026-09-17 - Thứ 5,362,96.41%,41.16%,11.33%,39.11,149,41,349,41,172,13,3.59%,47.51%,0,Khánh Hòa,NTB,AM Duy
NTB - Khánh Hòa,(KHO) Nha Trang,Hàng Tồn,2026-10-09 - Thứ 6,887,97.97%,52.54%,9.24%,37.69,466,82,869,82,339,18,2.03%,38.22%,0,Khánh Hòa,NTB,AM Duy
NTB - Khánh Hòa,(KHO) Nha Trang,Hàng Tồn,2026-09-26 - Thứ 7,677,98.23%,38.26%,7.09%,34.61,259,48,665,48,370,12,1.77%,54.65%,0,Khánh Hòa,NTB,AM Duy
NTB - Khánh Hòa,(KHO) Nha Trang,Hàng Tồn,2026-09-28 - Thứ 2,869,93.79%,48.91%,6.21%,42.57,425,54,815,54,390,54,6.21%,44.88%,0,Khánh Hòa,NTB,AM Duy
NTB - Khánh Hòa,(KHO) Nha Trang,Hàng Tồn,2026-10-07 - Thứ 4,778,98.20%,46.92%,5.40%,38.95,365,42,764,42,371,14,1.80%,47.68%,0,Khánh Hòa,NTB,AM Duy
NTB - Khánh Hòa,(KHO) Nha Trang,Hàng Tồn,2026-10-03 - Thứ 7,543,96.69%,43.83%,7.73%,35.74,238,42,525,42,263,18,3.31%,48.44%,0,Khánh Hòa,NTB,AM Duy
NTB - Khánh Hòa,(KHO) Nha Trang,Hàng Tồn,2026-09-16 - Thứ 4,297,96.30%,25.25%,14.14%,37.58,75,42,286,42,180,11,3.70%,60.61%,0,Khánh Hòa,NTB,AM Duy
NTB - Khánh Hòa,(KHO) Nha Trang,Hàng Tồn,2026-09-21 - Thứ 2,394,97.46%,53.30%,7.61%,41.25,210,30,384,30,154,10,2.54%,39.09%,0,Khánh Hòa,NTB,AM Duy
NTB - Khánh Hòa,(KHO) Nha Trang,Hàng Tồn,2026-10-01 - Thứ 5,519,94.99%,39.69%,11.18%,39.75,206,58,493,58,255,26,5.01%,49.13%,0,Khánh Hòa,NTB,AM Duy
NTB - Khánh Hòa,(KHO) Nha Trang,Hàng Tồn,2026-09-27 - Chủ Nhật,799,98.25%,36.42%,4.01%,36.93,291,32,785,32,476,14,1.75%,59.57%,0,Khánh Hòa,NTB,AM Duy
NTB - Khánh Hòa,(KHO) Nha Trang,Hàng Tồn,2026-09-24 - Thứ 5,354,97.74%,39.83%,8.76%,39.79,141,31,346,31,182,8,2.26%,51.41%,0,Khánh Hòa,NTB,AM Duy
NTB - Khánh Hòa,(KHO) Nha Trang,Hàng Tồn,2026-09-12 - Thứ 7,271,92.62%,28.41%,4.80%,48.16,77,13,251,13,181,20,7.38%,66.79%,0,Khánh Hòa,NTB,AM Duy
NTB - Khánh Hòa,(KHO) Nam Nha Trang 5,Hàng Mới Ca 1,2026-09-16 - Thứ 4,300,99.00%,84.00%,1.67%,5.88,252,5,297,5,43,3,1.00%,14.33%,300,Khánh Hòa,NTB,AM Thư
NTB - Khánh Hòa,(KHO) Nam Nha Trang 5,Hàng Mới Ca 1,2026-09-18 - Thứ 6,350,100.00%,90.29%,0.29%,6.41,316,1,350,1,33,0,0.00%,9.42%,350,Khánh Hòa,NTB,AM Thư
NTB - Khánh Hòa,(KHO) Nam Nha Trang 5,Hàng Mới Ca 1,2026-09-27 - Chủ Nhật,128,100.00%,85.94%,2.34%,5,110,3,128,3,15,0,0.00%,11.72%,128,Khánh Hòa,NTB,AM Thư
NTB - Khánh Hòa,(KHO) Nam Nha Trang 5,Hàng Mới Ca 1,2026-09-13 - Chủ Nhật,281,100.00%,87.90%,0.36%,6.31,247,1,281,1,33,0,0.00%,11.74%,281,Khánh Hòa,NTB,AM Thư
NTB - Khánh Hòa,(KHO) Nam Nha Trang 5,Hàng Mới Ca 1,2026-09-12 - Thứ 7,218,100.00%,86.70%,0.00%,10.39,189,0,218,0,29,0,0.00%,13.30%,218,Khánh Hòa,NTB,AM Thư
NTB - Khánh Hòa,(KHO) Nam Nha Trang 5,Hàng Mới Ca 1,2026-09-22 - Thứ 3,200,99.00%,85.50%,0.50%,11.01,171,1,198,1,28,2,1.00%,14.00%,200,Khánh Hòa,NTB,AM Thư
NTB - Khánh Hòa,(KHO) Nam Nha Trang 5,Hàng Mới Ca 1,2026-09-23 - Thứ 4,375,98.93%,76.00%,2.40%,12.29,285,9,371,9,81,4,1.07%,21.60%,375,Khánh Hòa,NTB,AM Thư
NTB - Khánh Hòa,(KHO) Nam Nha Trang 5,Hàng Mới Ca 1,2026-09-14 - Thứ 2,240,100.00%,89.58%,0.42%,5.98,215,1,240,1,24,0,0.00%,10.00%,240,Khánh Hòa,NTB,AM Thư
NTB - Khánh Hòa,(KHO) Nam Nha Trang 5,Hàng Mới Ca 1,2026-10-02 - Thứ 6,215,98.60%,86.98%,1.86%,9.24,187,4,212,4,24,3,1.40%,11.16%,215,Khánh Hòa,NTB,AM Thư
NTB - Khánh Hòa,(KHO) Nam Nha Trang 5,Hàng Mới Ca 1,2026-10-08 - Thứ 5,241,100.00%,90.46%,2.07%,5.84,218,5,241,5,18,0,0.00%,7.47%,241,Khánh Hòa,NTB,AM Thư
NTB - Khánh Hòa,(KHO) Nam Nha Trang 5,Hàng Mới Ca 1,2026-09-19 - Thứ 7,258,98.84%,87.60%,0.78%,5.36,226,2,255,2,30,3,1.16%,11.62%,258,Khánh Hòa,NTB,AM Thư
NTB - Khánh Hòa,(KHO) Nam Nha Trang 5,Hàng Mới Ca 1,2026-10-04 - Chủ Nhật,251,100.00%,88.05%,2.79%,5.93,221,7,251,7,23,0,0.00%,9.16%,251,Khánh Hòa,NTB,AM Thư
NTB - Khánh Hòa,(KHO) Nam Nha Trang 5,Hàng Mới Ca 1,2026-09-30 - Thứ 4,196,100.00%,80.61%,2.55%,5.41,158,5,196,5,33,0,0.00%,16.84%,196,Khánh Hòa,NTB,AM Thư
NTB - Khánh Hòa,(KHO) Nam Nha Trang 5,Hàng Mới Ca 1,2026-09-17 - Thứ 5,248,99.60%,88.31%,0.81%,6.67,219,2,247,2,27,1,0.40%,10.88%,248,Khánh Hòa,NTB,AM Thư
NTB - Khánh Hòa,(KHO) Nam Nha Trang 5,Hàng Mới Ca 1,2026-10-03 - Thứ 7,206,100.00%,92.23%,1.46%,5.62,190,3,206,3,13,0,0.00%,6.31%,206,Khánh Hòa,NTB,AM Thư
NTB - Khánh Hòa,(KHO) Nam Nha Trang 5,Hàng Mới Ca 1,2026-09-25 - Thứ 6,361,99.45%,81.99%,0.83%,11.46,296,3,359,3,62,2,0.55%,17.18%,361,Khánh Hòa,NTB,AM Thư
NTB - Khánh Hòa,(KHO) Nam Nha Trang 5,Hàng Mới Ca 1,2026-09-20 - Chủ Nhật,244,100.00%,87.70%,1.23%,5.83,214,3,244,3,27,0,0.00%,11.07%,244,Khánh Hòa,NTB,AM Thư
NTB - Khánh Hòa,(KHO) Nam Nha Trang 5,Hàng Mới Ca 1,2026-10-05 - Thứ 2,156,98.08%,89.10%,3.21%,7.73,139,5,153,5,12,3,1.92%,7.69%,156,Khánh Hòa,NTB,AM Thư
NTB - Khánh Hòa,(KHO) Nam Nha Trang 5,Hàng Mới Ca 1,2026-09-15 - Thứ 3,193,100.00%,87.56%,0.00%,5.74,169,0,193,0,24,0,0.00%,12.44%,193,Khánh Hòa,NTB,AM Thư
NTB - Khánh Hòa,(KHO) Nam Nha Trang 5,Hàng Mới Ca 1,2026-09-26 - Thứ 7,181,98.34%,84.53%,2.76%,8.7,153,5,178,5,23,3,1.66%,12.71%,181,Khánh Hòa,NTB,AM Thư
NTB - Khánh Hòa,(KHO) Nam Nha Trang 5,Hàng Mới Ca 1,2026-10-07 - Thứ 4,171,100.00%,88.89%,2.34%,5.85,152,4,171,4,15,0,0.00%,8.77%,171,Khánh Hòa,NTB,AM Thư
NTB - Khánh Hòa,(KHO) Nam Nha Trang 5,Hàng Mới Ca 1,2026-09-21 - Thứ 2,228,100.00%,90.79%,0.00%,6.69,207,0,228,0,21,0,0.00%,9.21%,228,Khánh Hòa,NTB,AM Thư
NTB - Khánh Hòa,(KHO) Nam Nha Trang 5,Hàng Mới Ca 1,2026-09-24 - Thứ 5,274,98.54%,85.40%,1.09%,12.3,234,3,270,3,37,4,1.46%,13.51%,274,Khánh Hòa,NTB,AM Thư
NTB - Khánh Hòa,(KHO) Nam Nha Trang 5,Hàng Mới Ca 1,2026-10-06 - Thứ 3,135,99.26%,91.11%,3.70%,4.98,123,5,134,5,7,1,0.74%,5.19%,135,Khánh Hòa,NTB,AM Thư
NTB - Khánh Hòa,(KHO) Nam Nha Trang 5,Hàng Mới Ca 1,2026-10-01 - Thứ 5,191,100.00%,85.86%,2.62%,6.61,164,5,191,5,22,0,0.00%,11.52%,191,Khánh Hòa,NTB,AM Thư
NTB - Khánh Hòa,(KHO) Nam Nha Trang 5,Hàng Mới Ca 1,2026-09-29 - Thứ 3,177,100.00%,85.88%,0.56%,5.33,152,1,177,1,24,0,0.00%,13.56%,177,Khánh Hòa,NTB,AM Thư
NTB - Khánh Hòa,(KHO) Nam Nha Trang 5,Hàng Mới Ca 1,2026-09-28 - Thứ 2,131,100.00%,91.60%,2.29%,5.84,120,3,131,3,8,0,0.00%,6.11%,131,Khánh Hòa,NTB,AM Thư
NTB - Khánh Hòa,(KHO) Nam Nha Trang 5,Hàng Mới Ca 1,2026-10-09 - Thứ 6,226,99.56%,90.27%,1.33%,5.39,204,3,225,3,19,1,0.44%,8.40%,226,Khánh Hòa,NTB,AM Thư
NTB - Khánh Hòa,(KHO) Nam Nha Trang 5,Hàng Mới Ca 2,2026-09-21 - Thứ 2,141,100.00%,85.82%,2.13%,3.69,121,3,141,3,17,0,0.00%,12.05%,141,Khánh Hòa,NTB,AM Thư
NTB - Khánh Hòa,(KHO) Nam Nha Trang 5,Hàng Mới Ca 2,2026-09-20 - Chủ Nhật,89,100.00%,74.16%,2.25%,3.26,66,2,89,2,21,0,0.00%,23.59%,89,Khánh Hòa,NTB,AM Thư
NTB - Khánh Hòa,(KHO) Nam Nha Trang 5,Hàng Mới Ca 2,2026-10-06 - Thứ 3,117,99.15%,88.03%,1.71%,2.46,103,2,116,2,12,1,0.85%,10.26%,117,Khánh Hòa,NTB,AM Thư
NTB - Khánh Hòa,(KHO) Nam Nha Trang 5,Hàng Mới Ca 2,2026-10-01 - Thứ 5,112,99.11%,83.93%,2.68%,3.41,94,3,111,3,15,1,0.89%,13.39%,112,Khánh Hòa,NTB,AM Thư
NTB - Khánh Hòa,(KHO) Nam Nha Trang 5,Hàng Mới Ca 2,2026-09-12 - Thứ 7,132,100.00%,88.64%,0.00%,3.43,117,0,132,0,15,0,0.00%,11.36%,132,Khánh Hòa,NTB,AM Thư
NTB - Khánh Hòa,(KHO) Nam Nha Trang 5,Hàng Mới Ca 2,2026-09-22 - Thứ 3,72,100.00%,88.89%,2.78%,3.63,64,2,72,2,6,0,0.00%,8.33%,72,Khánh Hòa,NTB,AM Thư
NTB - Khánh Hòa,(KHO) Nam Nha Trang 5,Hàng Mới Ca 2,2026-09-14 - Thứ 2,80,100.00%,85.00%,2.50%,2.87,68,2,80,2,10,0,0.00%,12.50%,80,Khánh Hòa,NTB,AM Thư
NTB - Khánh Hòa,(KHO) Nam Nha Trang 5,Hàng Mới Ca 2,2026-09-15 - Thứ 3,147,99.32%,76.87%,1.36%,3.57,113,2,146,2,32,1,0.68%,21.77%,147,Khánh Hòa,NTB,AM Thư
NTB - Khánh Hòa,(KHO) Nam Nha Trang 5,Hàng Mới Ca 2,2026-09-29 - Thứ 3,79,100.00%,87.34%,0.00%,2.43,69,0,79,0,10,0,0.00%,12.66%,79,Khánh Hòa,NTB,AM Thư
NTB - Khánh Hòa,(KHO) Nam Nha Trang 5,Hàng Mới Ca 2,2026-10-08 - Thứ 5,109,99.08%,88.99%,1.83%,3.27,97,2,108,2,10,1,0.92%,9.18%,109,Khánh Hòa,NTB,AM Thư
NTB - Khánh Hòa,(KHO) Nam Nha Trang 5,Hàng Mới Ca 2,2026-09-19 - Thứ 7,105,99.05%,86.67%,0.00%,3.93,91,0,104,0,14,1,0.95%,13.33%,105,Khánh Hòa,NTB,AM Thư
NTB - Khánh Hòa,(KHO) Nam Nha Trang 5,Hàng Mới Ca 2,2026-10-04 - Chủ Nhật,144,98.61%,85.42%,2.08%,3.43,123,3,142,3,18,2,1.39%,12.50%,144,Khánh Hòa,NTB,AM Thư
NTB - Khánh Hòa,(KHO) Nam Nha Trang 5,Hàng Mới Ca 2,2026-09-17 - Thứ 5,78,100.00%,87.18%,0.00%,3.54,68,0,78,0,10,0,0.00%,12.82%,78,Khánh Hòa,NTB,AM Thư
NTB - Khánh Hòa,(KHO) Nam Nha Trang 5,Hàng Mới Ca 2,2026-10-09 - Thứ 6,57,100.00%,85.96%,1.75%,2.85,49,1,57,1,7,0,0.00%,12.29%,57,Khánh Hòa,NTB,AM Thư
NTB - Khánh Hòa,(KHO) Nam Nha Trang 5,Hàng Mới Ca 2,2026-09-26 - Thứ 7,182,100.00%,80.22%,2.75%,3.47,146,5,182,5,31,0,0.00%,17.03%,182,Khánh Hòa,NTB,AM Thư
NTB - Khánh Hòa,(KHO) Nam Nha Trang 5,Hàng Mới Ca 2,2026-10-07 - Thứ 4,165,100.00%,89.70%,2.42%,3.47,148,4,165,4,13,0,0.00%,7.88%,165,Khánh Hòa,NTB,AM Thư
NTB - Khánh Hòa,(KHO) Nam Nha Trang 5,Hàng Mới Ca 2,2026-10-03 - Thứ 7,90,100.00%,83.33%,0.00%,2.89,75,0,90,0,15,0,0.00%,16.67%,90,Khánh Hòa,NTB,AM Thư
NTB - Khánh Hòa,(KHO) Nam Nha Trang 5,Hàng Mới Ca 2,2026-09-16 - Thứ 4,106,100.00%,84.91%,1.89%,3.72,90,2,106,2,14,0,0.00%,13.20%,106,Khánh Hòa,NTB,AM Thư
NTB - Khánh Hòa,(KHO) Nam Nha Trang 5,Hàng Mới Ca 2,2026-09-13 - Chủ Nhật,94,98.94%,86.17%,3.19%,3.63,81,3,93,3,10,1,1.06%,10.64%,94,Khánh Hòa,NTB,AM Thư
NTB - Khánh Hòa,(KHO) Nam Nha Trang 5,Hàng Mới Ca 2,2026-09-24 - Thứ 5,130,99.23%,83.85%,1.54%,3.06,109,2,129,2,19,1,0.77%,14.61%,130,Khánh Hòa,NTB,AM Thư
NTB - Khánh Hòa,(KHO) Nam Nha Trang 5,Hàng Mới Ca 2,2026-09-23 - Thứ 4,97,100.00%,81.44%,0.00%,4.85,79,0,97,0,18,0,0.00%,18.56%,97,Khánh Hòa,NTB,AM Thư
NTB - Khánh Hòa,(KHO) Nam Nha Trang 5,Hàng Mới Ca 2,2026-10-02 - Thứ 6,104,98.08%,86.54%,1.92%,3.22,90,2,102,2,12,2,1.92%,11.54%,104,Khánh Hòa,NTB,AM Thư
NTB - Khánh Hòa,(KHO) Nam Nha Trang 5,Hàng Mới Ca 2,2026-09-18 - Thứ 6,96,100.00%,88.54%,1.04%,3.6,85,1,96,1,10,0,0.00%,10.42%,96,Khánh Hòa,NTB,AM Thư
NTB - Khánh Hòa,(KHO) Nam Nha Trang 5,Hàng Mới Ca 2,2026-09-25 - Thứ 6,121,99.17%,85.12%,1.65%,4.33,103,2,120,2,16,1,0.83%,13.23%,121,Khánh Hòa,NTB,AM Thư
NTB - Khánh Hòa,(KHO) Nam Nha Trang 5,Hàng Mới Ca 2,2026-10-05 - Thứ 2,92,100.00%,82.61%,5.43%,3.11,76,5,92,5,11,0,0.00%,11.96%,92,Khánh Hòa,NTB,AM Thư
NTB - Khánh Hòa,(KHO) Nam Nha Trang 5,Hàng Mới Ca 2,2026-09-28 - Thứ 2,69,100.00%,84.06%,2.90%,2.33,58,2,69,2,9,0,0.00%,13.04%,69,Khánh Hòa,NTB,AM Thư
NTB - Khánh Hòa,(KHO) Nam Nha Trang 5,Hàng Mới Ca 2,2026-09-27 - Chủ Nhật,147,100.00%,84.35%,2.04%,3.12,124,3,147,3,20,0,0.00%,13.61%,147,Khánh Hòa,NTB,AM Thư
NTB - Khánh Hòa,(KHO) Nam Nha Trang 5,Hàng Mới Ca 2,2026-09-30 - Thứ 4,35,100.00%,77.14%,5.71%,3.15,27,2,35,2,6,0,0.00%,17.15%,35,Khánh Hòa,NTB,AM Thư
NTB - Khánh Hòa,(KHO) Nam Nha Trang 5,Hàng Tồn,2026-09-24 - Thứ 5,112,100.00%,64.29%,1.79%,34.53,72,2,112,2,38,0,0.00%,33.92%,0,Khánh Hòa,NTB,AM Thư
NTB - Khánh Hòa,(KHO) Nam Nha Trang 5,Hàng Tồn,2026-09-22 - Thứ 3,74,98.65%,36.49%,8.11%,37.16,27,6,73,6,41,1,1.35%,55.40%,0,Khánh Hòa,NTB,AM Thư
NTB - Khánh Hòa,(KHO) Nam Nha Trang 5,Hàng Tồn,2026-09-14 - Thứ 2,73,100.00%,41.10%,5.48%,32.92,30,4,73,4,39,0,0.00%,53.42%,0,Khánh Hòa,NTB,AM Thư
NTB - Khánh Hòa,(KHO) Nam Nha Trang 5,Hàng Tồn,2026-10-08 - Thứ 5,38,94.74%,42.11%,5.26%,28.81,16,2,36,2,20,2,5.26%,52.63%,0,Khánh Hòa,NTB,AM Thư
NTB - Khánh Hòa,(KHO) Nam Nha Trang 5,Hàng Tồn,2026-09-19 - Thứ 7,66,98.48%,24.24%,6.06%,39.19,16,4,65,4,46,1,1.52%,69.70%,0,Khánh Hòa,NTB,AM Thư
NTB - Khánh Hòa,(KHO) Nam Nha Trang 5,Hàng Tồn,2026-10-04 - Chủ Nhật,45,95.56%,31.11%,4.44%,33.69,14,2,43,2,29,2,4.44%,64.45%,0,Khánh Hòa,NTB,AM Thư
NTB - Khánh Hòa,(KHO) Nam Nha Trang 5,Hàng Tồn,2026-09-30 - Thứ 4,44,100.00%,22.73%,6.82%,29.88,10,3,44,3,31,0,0.00%,70.45%,0,Khánh Hòa,NTB,AM Thư
NTB - Khánh Hòa,(KHO) Nam Nha Trang 5,Hàng Tồn,2026-09-17 - Thứ 5,83,100.00%,43.37%,3.61%,34.14,36,3,83,3,44,0,0.00%,53.02%,0,Khánh Hòa,NTB,AM Thư
NTB - Khánh Hòa,(KHO) Nam Nha Trang 5,Hàng Tồn,2026-10-09 - Thứ 6,43,93.02%,39.53%,9.30%,32.63,17,4,40,4,22,3,6.98%,51.17%,0,Khánh Hòa,NTB,AM Thư
NTB - Khánh Hòa,(KHO) Nam Nha Trang 5,Hàng Tồn,2026-09-26 - Thứ 7,102,100.00%,49.02%,11.76%,32.48,50,12,102,12,40,0,0.00%,39.22%,0,Khánh Hòa,NTB,AM Thư
NTB - Khánh Hòa,(KHO) Nam Nha Trang 5,Hàng Tồn,2026-10-07 - Thứ 4,37,91.89%,43.24%,10.81%,35.5,16,4,34,4,17,3,8.11%,45.95%,0,Khánh Hòa,NTB,AM Thư
NTB - Khánh Hòa,(KHO) Nam Nha Trang 5,Hàng Tồn,2026-10-03 - Thứ 7,52,94.23%,48.08%,1.92%,34.57,25,1,49,1,26,3,5.77%,50.00%,0,Khánh Hòa,NTB,AM Thư
NTB - Khánh Hòa,(KHO) Nam Nha Trang 5,Hàng Tồn,2026-09-16 - Thứ 4,70,100.00%,50.00%,2.86%,31.18,35,2,70,2,33,0,0.00%,47.14%,0,Khánh Hòa,NTB,AM Thư
NTB - Khánh Hòa,(KHO) Nam Nha Trang 5,Hàng Tồn,2026-09-18 - Thứ 6,72,100.00%,33.33%,8.33%,37.48,24,6,72,6,42,0,0.00%,58.34%,0,Khánh Hòa,NTB,AM Thư
NTB - Khánh Hòa,(KHO) Nam Nha Trang 5,Hàng Tồn,2026-09-27 - Chủ Nhật,79,98.73%,40.51%,3.80%,30.19,32,3,78,3,44,1,1.27%,55.69%,0,Khánh Hòa,NTB,AM Thư
NTB - Khánh Hòa,(KHO) Nam Nha Trang 5,Hàng Tồn,2026-09-21 - Thứ 2,77,100.00%,32.47%,7.79%,36.54,25,6,77,6,46,0,0.00%,59.74%,0,Khánh Hòa,NTB,AM Thư
NTB - Khánh Hòa,(KHO) Nam Nha Trang 5,Hàng Tồn,2026-09-12 - Thứ 7,64,100.00%,28.13%,7.81%,42,18,5,64,5,41,0,0.00%,64.06%,0,Khánh Hòa,NTB,AM Thư
NTB - Khánh Hòa,(KHO) Nam Nha Trang 5,Hàng Tồn,2026-10-05 - Thứ 2,61,98.36%,44.26%,4.92%,33.59,27,3,60,3,31,1,1.64%,50.82%,0,Khánh Hòa,NTB,AM Thư
NTB - Khánh Hòa,(KHO) Nam Nha Trang 5,Hàng Tồn,2026-10-02 - Thứ 6,54,98.15%,44.44%,7.41%,37.17,24,4,53,4,26,1,1.85%,48.15%,0,Khánh Hòa,NTB,AM Thư
NTB - Khánh Hòa,(KHO) Nam Nha Trang 5,Hàng Tồn,2026-09-20 - Chủ Nhật,79,96.20%,30.38%,6.33%,33.68,24,5,76,5,50,3,3.80%,63.29%,0,Khánh Hòa,NTB,AM Thư
NTB - Khánh Hòa,(KHO) Nam Nha Trang 5,Hàng Tồn,2026-10-06 - Thứ 3,43,95.35%,34.88%,6.98%,32.71,15,3,41,3,25,2,4.65%,58.14%,0,Khánh Hòa,NTB,AM Thư
NTB - Khánh Hòa,(KHO) Nam Nha Trang 5,Hàng Tồn,2026-09-15 - Thứ 3,56,100.00%,46.43%,10.71%,35.21,26,6,56,6,24,0,0.00%,42.86%,0,Khánh Hòa,NTB,AM Thư
NTB - Khánh Hòa,(KHO) Nam Nha Trang 5,Hàng Tồn,2026-09-29 - Thứ 3,34,100.00%,41.18%,11.76%,34.07,14,4,34,4,16,0,0.00%,47.06%,0,Khánh Hòa,NTB,AM Thư
NTB - Khánh Hòa,(KHO) Nam Nha Trang 5,Hàng Tồn,2026-09-25 - Thứ 6,78,100.00%,39.74%,3.85%,38,31,3,78,3,44,0,0.00%,56.41%,0,Khánh Hòa,NTB,AM Thư
NTB - Khánh Hòa,(KHO) Nam Nha Trang 5,Hàng Tồn,2026-09-13 - Chủ Nhật,63,98.41%,31.75%,3.17%,34.39,20,2,62,2,41,1,1.59%,65.08%,0,Khánh Hòa,NTB,AM Thư
NTB - Khánh Hòa,(KHO) Nam Nha Trang 5,Hàng Tồn,2026-09-23 - Thứ 4,57,100.00%,29.82%,12.28%,38.41,17,7,57,7,33,0,0.00%,57.90%,0,Khánh Hòa,NTB,AM Thư
NTB - Khánh Hòa,(KHO) Nam Nha Trang 5,Hàng Tồn,2026-09-28 - Thứ 2,63,98.41%,52.38%,6.35%,33.74,33,4,62,4,26,1,1.59%,41.27%,0,Khánh Hòa,NTB,AM Thư
NTB - Khánh Hòa,(KHO) Nam Nha Trang 5,Hàng Tồn,2026-10-01 - Thứ 5,68,100.00%,45.59%,7.35%,36.64,31,5,68,5,32,0,0.00%,47.06%,0,Khánh Hòa,NTB,AM Thư
NTB - Khánh Hòa,(KHO) Nam Nha Trang 3,Hàng Mới Ca 1,2026-09-25 - Thứ 6,638,99.37%,73.35%,1.72%,9.82,468,11,634,11,159,4,0.63%,24.93%,638,Khánh Hòa,NTB,AM Thư
NTB - Khánh Hòa,(KHO) Nam Nha Trang 3,Hàng Mới Ca 1,2026-09-18 - Thứ 6,603,99.17%,78.61%,1.00%,11.08,474,6,598,6,123,5,0.83%,20.39%,603,Khánh Hòa,NTB,AM Thư
NTB - Khánh Hòa,(KHO) Nam Nha Trang 3,Hàng Mới Ca 1,2026-09-27 - Chủ Nhật,396,98.74%,74.24%,1.01%,10.18,294,4,391,4,98,5,1.26%,24.75%,396,Khánh Hòa,NTB,AM Thư
NTB - Khánh Hòa,(KHO) Nam Nha Trang 3,Hàng Mới Ca 1,2026-09-20 - Chủ Nhật,503,99.60%,74.75%,0.40%,9.34,376,2,501,2,125,2,0.40%,24.85%,503,Khánh Hòa,NTB,AM Thư
NTB - Khánh Hòa,(KHO) Nam Nha Trang 3,Hàng Mới Ca 1,2026-09-13 - Chủ Nhật,471,98.94%,73.04%,0.64%,11.23,344,3,466,3,124,5,1.06%,26.32%,471,Khánh Hòa,NTB,AM Thư
NTB - Khánh Hòa,(KHO) Nam Nha Trang 3,Hàng Mới Ca 1,2026-09-24 - Thứ 5,730,99.04%,78.22%,0.68%,12.85,571,5,723,5,154,7,0.96%,21.10%,730,Khánh Hòa,NTB,AM Thư
NTB - Khánh Hòa,(KHO) Nam Nha Trang 3,Hàng Mới Ca 1,2026-10-06 - Thứ 3,274,100.00%,84.31%,1.82%,4.79,231,5,274,5,38,0,0.00%,13.87%,274,Khánh Hòa,NTB,AM Thư
NTB - Khánh Hòa,(KHO) Nam Nha Trang 3,Hàng Mới Ca 1,2026-10-01 - Thứ 5,427,100.00%,85.01%,0.47%,7.73,363,2,427,2,62,0,0.00%,14.52%,427,Khánh Hòa,NTB,AM Thư
NTB - Khánh Hòa,(KHO) Nam Nha Trang 3,Hàng Mới Ca 1,2026-09-12 - Thứ 7,559,99.11%,74.06%,0.89%,11.95,414,5,554,5,140,5,0.89%,25.05%,559,Khánh Hòa,NTB,AM Thư
NTB - Khánh Hòa,(KHO) Nam Nha Trang 3,Hàng Mới Ca 1,2026-10-05 - Thứ 2,417,97.36%,87.29%,0.24%,10.19,364,1,406,1,52,11,2.64%,12.47%,417,Khánh Hòa,NTB,AM Thư
NTB - Khánh Hòa,(KHO) Nam Nha Trang 3,Hàng Mới Ca 1,2026-09-22 - Thứ 3,393,97.71%,70.74%,0.76%,11.62,278,3,384,3,112,9,2.29%,28.50%,393,Khánh Hòa,NTB,AM Thư
NTB - Khánh Hòa,(KHO) Nam Nha Trang 3,Hàng Mới Ca 1,2026-09-23 - Thứ 4,687,98.84%,78.89%,1.02%,11.08,542,7,679,7,138,8,1.16%,20.09%,687,Khánh Hòa,NTB,AM Thư
NTB - Khánh Hòa,(KHO) Nam Nha Trang 3,Hàng Mới Ca 1,2026-09-14 - Thứ 2,507,98.62%,81.07%,1.58%,11.6,411,8,500,8,88,7,1.38%,17.35%,507,Khánh Hòa,NTB,AM Thư
NTB - Khánh Hòa,(KHO) Nam Nha Trang 3,Hàng Mới Ca 1,2026-09-15 - Thứ 3,235,99.15%,82.98%,1.28%,4.72,195,3,233,3,37,2,0.85%,15.74%,235,Khánh Hòa,NTB,AM Thư
NTB - Khánh Hòa,(KHO) Nam Nha Trang 3,Hàng Mới Ca 1,2026-10-02 - Thứ 6,439,98.18%,85.19%,0.91%,8.49,374,4,431,4,61,8,1.82%,13.90%,439,Khánh Hòa,NTB,AM Thư
NTB - Khánh Hòa,(KHO) Nam Nha Trang 3,Hàng Mới Ca 1,2026-09-29 - Thứ 3,266,99.25%,82.33%,0.38%,4.88,219,1,264,1,46,2,0.75%,17.29%,266,Khánh Hòa,NTB,AM Thư
NTB - Khánh Hòa,(KHO) Nam Nha Trang 3,Hàng Mới Ca 1,2026-10-08 - Thứ 5,532,99.25%,84.40%,0.94%,7.57,449,5,528,5,78,4,0.75%,14.66%,532,Khánh Hòa,NTB,AM Thư
NTB - Khánh Hòa,(KHO) Nam Nha Trang 3,Hàng Mới Ca 1,2026-09-19 - Thứ 7,509,99.21%,81.73%,0.79%,11.9,416,4,505,4,89,4,0.79%,17.48%,509,Khánh Hòa,NTB,AM Thư
NTB - Khánh Hòa,(KHO) Nam Nha Trang 3,Hàng Mới Ca 1,2026-10-04 - Chủ Nhật,545,99.45%,81.83%,1.47%,9.55,446,8,542,8,91,3,0.55%,16.70%,545,Khánh Hòa,NTB,AM Thư
NTB - Khánh Hòa,(KHO) Nam Nha Trang 3,Hàng Mới Ca 1,2026-09-30 - Thứ 4,347,99.42%,88.76%,0.29%,7.15,308,1,345,1,38,2,0.58%,10.95%,347,Khánh Hòa,NTB,AM Thư
NTB - Khánh Hòa,(KHO) Nam Nha Trang 3,Hàng Mới Ca 1,2026-10-09 - Thứ 6,556,98.92%,84.17%,0.90%,8.45,468,5,550,5,83,6,1.08%,14.93%,556,Khánh Hòa,NTB,AM Thư
NTB - Khánh Hòa,(KHO) Nam Nha Trang 3,Hàng Mới Ca 1,2026-09-26 - Thứ 7,391,98.72%,81.07%,1.02%,9.82,317,4,386,4,70,5,1.28%,17.91%,391,Khánh Hòa,NTB,AM Thư
NTB - Khánh Hòa,(KHO) Nam Nha Trang 3,Hàng Mới Ca 1,2026-09-28 - Thứ 2,267,97.75%,83.15%,1.12%,8.41,222,3,261,3,42,6,2.25%,15.73%,267,Khánh Hòa,NTB,AM Thư
NTB - Khánh Hòa,(KHO) Nam Nha Trang 3,Hàng Mới Ca 1,2026-10-07 - Thứ 4,539,99.44%,87.20%,1.48%,10.79,470,8,536,8,61,3,0.56%,11.32%,539,Khánh Hòa,NTB,AM Thư
NTB - Khánh Hòa,(KHO) Nam Nha Trang 3,Hàng Mới Ca 1,2026-10-03 - Thứ 7,462,100.00%,86.80%,0.65%,9.68,401,3,462,3,58,0,0.00%,12.55%,462,Khánh Hòa,NTB,AM Thư
NTB - Khánh Hòa,(KHO) Nam Nha Trang 3,Hàng Mới Ca 1,2026-09-16 - Thứ 4,481,98.96%,85.03%,0.62%,10.96,409,3,476,3,69,5,1.04%,14.35%,481,Khánh Hòa,NTB,AM Thư
NTB - Khánh Hòa,(KHO) Nam Nha Trang 3,Hàng Mới Ca 1,2026-09-21 - Thứ 2,471,98.94%,87.05%,0.21%,12.12,410,1,466,1,60,5,1.06%,12.74%,471,Khánh Hòa,NTB,AM Thư
NTB - Khánh Hòa,(KHO) Nam Nha Trang 3,Hàng Mới Ca 1,2026-09-17 - Thứ 5,563,99.47%,79.75%,0.36%,8.32,449,2,560,2,112,3,0.53%,19.89%,563,Khánh Hòa,NTB,AM Thư
NTB - Khánh Hòa,(KHO) Nam Nha Trang 3,Hàng Mới Ca 2,2026-09-21 - Thứ 2,233,80.69%,64.81%,1.29%,2.95,151,3,188,3,79,45,19.31%,33.90%,233,Khánh Hòa,NTB,AM Thư
NTB - Khánh Hòa,(KHO) Nam Nha Trang 3,Hàng Mới Ca 2,2026-09-20 - Chủ Nhật,157,85.99%,68.15%,1.91%,2.55,107,3,135,3,47,22,14.01%,29.94%,157,Khánh Hòa,NTB,AM Thư
NTB - Khánh Hòa,(KHO) Nam Nha Trang 3,Hàng Mới Ca 2,2026-10-06 - Thứ 3,236,92.80%,80.93%,0.00%,3.24,191,0,219,0,45,17,7.20%,19.07%,236,Khánh Hòa,NTB,AM Thư
NTB - Khánh Hòa,(KHO) Nam Nha Trang 3,Hàng Mới Ca 2,2026-10-01 - Thứ 5,272,94.85%,75.00%,1.10%,3.67,204,3,258,3,65,14,5.15%,23.90%,272,Khánh Hòa,NTB,AM Thư
NTB - Khánh Hòa,(KHO) Nam Nha Trang 3,Hàng Mới Ca 2,2026-09-12 - Thứ 7,349,68.77%,51.58%,0.86%,3.47,180,3,240,3,166,109,31.23%,47.56%,349,Khánh Hòa,NTB,AM Thư
NTB - Khánh Hòa,(KHO) Nam Nha Trang 3,Hàng Mới Ca 2,2026-10-05 - Thứ 2,223,88.79%,76.23%,0.45%,3.3,170,1,198,1,52,25,11.21%,23.32%,223,Khánh Hòa,NTB,AM Thư
NTB - Khánh Hòa,(KHO) Nam Nha Trang 3,Hàng Mới Ca 2,2026-09-22 - Thứ 3,219,66.67%,57.99%,0.46%,2.97,127,1,146,1,91,73,33.33%,41.55%,219,Khánh Hòa,NTB,AM Thư
NTB - Khánh Hòa,(KHO) Nam Nha Trang 3,Hàng Mới Ca 2,2026-09-23 - Thứ 4,114,64.91%,54.39%,0.00%,3.05,62,0,74,0,52,40,35.09%,45.61%,114,Khánh Hòa,NTB,AM Thư
NTB - Khánh Hòa,(KHO) Nam Nha Trang 3,Hàng Mới Ca 2,2026-09-14 - Thứ 2,205,69.27%,57.56%,0.49%,3.88,118,1,142,1,86,63,30.73%,41.95%,205,Khánh Hòa,NTB,AM Thư
NTB - Khánh Hòa,(KHO) Nam Nha Trang 3,Hàng Mới Ca 2,2026-10-02 - Thứ 6,217,91.24%,80.65%,1.38%,3.47,175,3,198,3,39,19,8.76%,17.97%,217,Khánh Hòa,NTB,AM Thư
NTB - Khánh Hòa,(KHO) Nam Nha Trang 3,Hàng Mới Ca 2,2026-09-29 - Thứ 3,202,96.53%,78.71%,1.49%,2.62,159,3,195,3,40,7,3.47%,19.80%,202,Khánh Hòa,NTB,AM Thư
NTB - Khánh Hòa,(KHO) Nam Nha Trang 3,Hàng Mới Ca 2,2026-09-19 - Thứ 7,216,77.31%,62.04%,0.93%,2.84,134,2,167,2,80,49,22.69%,37.03%,216,Khánh Hòa,NTB,AM Thư
NTB - Khánh Hòa,(KHO) Nam Nha Trang 3,Hàng Mới Ca 2,2026-10-04 - Chủ Nhật,169,84.02%,58.58%,2.37%,2.38,99,4,142,4,66,27,15.98%,39.05%,169,Khánh Hòa,NTB,AM Thư
NTB - Khánh Hòa,(KHO) Nam Nha Trang 3,Hàng Mới Ca 2,2026-09-30 - Thứ 4,163,97.55%,79.14%,1.84%,2.97,129,3,159,3,31,4,2.45%,19.02%,163,Khánh Hòa,NTB,AM Thư
NTB - Khánh Hòa,(KHO) Nam Nha Trang 3,Hàng Mới Ca 2,2026-09-17 - Thứ 5,242,73.55%,57.44%,0.83%,2.94,139,2,178,2,101,64,26.45%,41.73%,242,Khánh Hòa,NTB,AM Thư
NTB - Khánh Hòa,(KHO) Nam Nha Trang 3,Hàng Mới Ca 2,2026-10-09 - Thứ 6,184,82.07%,64.13%,4.35%,2.5,118,8,151,8,58,33,17.93%,31.52%,184,Khánh Hòa,NTB,AM Thư
NTB - Khánh Hòa,(KHO) Nam Nha Trang 3,Hàng Mới Ca 2,2026-09-26 - Thứ 7,365,69.32%,52.05%,0.82%,4.48,190,3,253,3,172,112,30.68%,47.13%,365,Khánh Hòa,NTB,AM Thư
NTB - Khánh Hòa,(KHO) Nam Nha Trang 3,Hàng Mới Ca 2,2026-09-28 - Thứ 2,136,79.41%,61.03%,0.74%,3.63,83,1,108,1,52,28,20.59%,38.23%,136,Khánh Hòa,NTB,AM Thư
NTB - Khánh Hòa,(KHO) Nam Nha Trang 3,Hàng Mới Ca 2,2026-10-07 - Thứ 4,283,71.02%,51.94%,1.41%,2.62,147,4,201,4,132,82,28.98%,46.65%,283,Khánh Hòa,NTB,AM Thư
NTB - Khánh Hòa,(KHO) Nam Nha Trang 3,Hàng Mới Ca 2,2026-10-03 - Thứ 7,280,89.64%,72.50%,1.43%,3.08,203,4,251,4,73,29,10.36%,26.07%,280,Khánh Hòa,NTB,AM Thư
NTB - Khánh Hòa,(KHO) Nam Nha Trang 3,Hàng Mới Ca 2,2026-09-16 - Thứ 4,247,81.38%,64.37%,1.21%,3.04,159,3,201,3,85,46,18.62%,34.42%,247,Khánh Hòa,NTB,AM Thư
NTB - Khánh Hòa,(KHO) Nam Nha Trang 3,Hàng Mới Ca 2,2026-09-25 - Thứ 6,364,53.02%,43.41%,1.37%,3.73,158,5,193,5,201,171,46.98%,55.22%,364,Khánh Hòa,NTB,AM Thư
NTB - Khánh Hòa,(KHO) Nam Nha Trang 3,Hàng Mới Ca 2,2026-09-24 - Thứ 5,382,65.97%,51.57%,0.52%,3.86,197,2,252,2,183,130,34.03%,47.91%,382,Khánh Hòa,NTB,AM Thư
NTB - Khánh Hòa,(KHO) Nam Nha Trang 3,Hàng Mới Ca 2,2026-09-27 - Chủ Nhật,220,73.18%,50.91%,0.45%,3.13,112,1,161,1,107,59,26.82%,48.64%,220,Khánh Hòa,NTB,AM Thư
NTB - Khánh Hòa,(KHO) Nam Nha Trang 3,Hàng Mới Ca 2,2026-09-13 - Chủ Nhật,224,77.23%,53.57%,0.00%,2.8,120,0,173,0,104,51,22.77%,46.43%,224,Khánh Hòa,NTB,AM Thư
NTB - Khánh Hòa,(KHO) Nam Nha Trang 3,Hàng Mới Ca 2,2026-09-15 - Thứ 3,211,84.83%,59.72%,0.47%,3.04,126,1,179,1,84,32,15.17%,39.81%,211,Khánh Hòa,NTB,AM Thư
NTB - Khánh Hòa,(KHO) Nam Nha Trang 3,Hàng Mới Ca 2,2026-09-18 - Thứ 6,241,68.46%,43.57%,0.00%,2.8,105,0,165,0,136,76,31.54%,56.43%,241,Khánh Hòa,NTB,AM Thư
NTB - Khánh Hòa,(KHO) Nam Nha Trang 3,Hàng Mới Ca 2,2026-10-08 - Thứ 5,270,81.48%,71.11%,1.11%,2.95,192,3,220,3,75,50,18.52%,27.78%,270,Khánh Hòa,NTB,AM Thư
NTB - Khánh Hòa,(KHO) Nam Nha Trang 3,Hàng Tồn,2026-10-07 - Thứ 4,127,96.06%,46.46%,5.51%,31.84,59,7,122,7,61,5,3.94%,48.03%,0,Khánh Hòa,NTB,AM Thư
NTB - Khánh Hòa,(KHO) Nam Nha Trang 3,Hàng Tồn,2026-09-27 - Chủ Nhật,376,98.14%,53.46%,6.65%,35.95,201,25,369,25,150,7,1.86%,39.89%,0,Khánh Hòa,NTB,AM Thư
NTB - Khánh Hòa,(KHO) Nam Nha Trang 3,Hàng Tồn,2026-09-21 - Thứ 2,266,98.50%,57.89%,10.15%,38.01,154,27,262,27,85,4,1.50%,31.96%,0,Khánh Hòa,NTB,AM Thư
NTB - Khánh Hòa,(KHO) Nam Nha Trang 3,Hàng Tồn,2026-09-20 - Chủ Nhật,264,96.97%,50.00%,10.23%,34.31,132,27,256,27,105,8,3.03%,39.77%,0,Khánh Hòa,NTB,AM Thư
NTB - Khánh Hòa,(KHO) Nam Nha Trang 3,Hàng Tồn,2026-09-13 - Chủ Nhật,366,98.91%,58.47%,2.46%,32.73,214,9,362,9,143,4,1.09%,39.07%,0,Khánh Hòa,NTB,AM Thư
NTB - Khánh Hòa,(KHO) Nam Nha Trang 3,Hàng Tồn,2026-09-24 - Thứ 5,285,96.14%,40.00%,4.91%,39,114,14,274,14,157,11,3.86%,55.09%,0,Khánh Hòa,NTB,AM Thư
NTB - Khánh Hòa,(KHO) Nam Nha Trang 3,Hàng Tồn,2026-09-12 - Thứ 7,181,98.34%,39.78%,6.08%,35.03,72,11,178,11,98,3,1.66%,54.14%,0,Khánh Hòa,NTB,AM Thư
NTB - Khánh Hòa,(KHO) Nam Nha Trang 3,Hàng Tồn,2026-10-05 - Thứ 2,211,97.16%,57.82%,6.64%,31.91,122,14,205,14,75,6,2.84%,35.54%,0,Khánh Hòa,NTB,AM Thư
NTB - Khánh Hòa,(KHO) Nam Nha Trang 3,Hàng Tồn,2026-09-22 - Thứ 3,205,98.05%,40.98%,13.17%,34.11,84,27,201,27,94,4,1.95%,45.85%,0,Khánh Hòa,NTB,AM Thư
NTB - Khánh Hòa,(KHO) Nam Nha Trang 3,Hàng Tồn,2026-09-23 - Thứ 4,275,98.18%,52.36%,5.09%,34.35,144,14,270,14,117,5,1.82%,42.55%,0,Khánh Hòa,NTB,AM Thư
NTB - Khánh Hòa,(KHO) Nam Nha Trang 3,Hàng Tồn,2026-09-14 - Thứ 2,355,97.75%,58.59%,3.38%,35.56,208,12,347,12,135,8,2.25%,38.03%,0,Khánh Hòa,NTB,AM Thư
NTB - Khánh Hòa,(KHO) Nam Nha Trang 3,Hàng Tồn,2026-09-15 - Thứ 3,273,97.80%,52.75%,8.79%,35.65,144,24,267,24,105,6,2.20%,38.46%,0,Khánh Hòa,NTB,AM Thư
NTB - Khánh Hòa,(KHO) Nam Nha Trang 3,Hàng Tồn,2026-10-02 - Thứ 6,162,95.68%,48.15%,8.64%,30.06,78,14,155,14,70,7,4.32%,43.21%,0,Khánh Hòa,NTB,AM Thư
NTB - Khánh Hòa,(KHO) Nam Nha Trang 3,Hàng Tồn,2026-09-29 - Thứ 3,189,97.88%,48.15%,10.58%,41.56,91,20,185,20,78,4,2.12%,41.27%,0,Khánh Hòa,NTB,AM Thư
NTB - Khánh Hòa,(KHO) Nam Nha Trang 3,Hàng Tồn,2026-10-08 - Thứ 5,233,98.28%,57.51%,6.01%,28.77,134,14,229,14,85,4,1.72%,36.48%,0,Khánh Hòa,NTB,AM Thư
NTB - Khánh Hòa,(KHO) Nam Nha Trang 3,Hàng Tồn,2026-09-19 - Thứ 7,374,98.13%,58.02%,4.81%,33.98,217,18,367,18,139,7,1.87%,37.17%,0,Khánh Hòa,NTB,AM Thư
NTB - Khánh Hòa,(KHO) Nam Nha Trang 3,Hàng Tồn,2026-10-04 - Chủ Nhật,162,98.15%,57.41%,6.79%,30.62,93,11,159,11,58,3,1.85%,35.80%,0,Khánh Hòa,NTB,AM Thư
NTB - Khánh Hòa,(KHO) Nam Nha Trang 3,Hàng Tồn,2026-09-30 - Thứ 4,138,99.28%,42.75%,10.14%,37.24,59,14,137,14,65,1,0.72%,47.11%,0,Khánh Hòa,NTB,AM Thư
NTB - Khánh Hòa,(KHO) Nam Nha Trang 3,Hàng Tồn,2026-09-17 - Thứ 5,210,97.14%,49.52%,8.10%,30.15,104,17,204,17,89,6,2.86%,42.38%,0,Khánh Hòa,NTB,AM Thư
NTB - Khánh Hòa,(KHO) Nam Nha Trang 3,Hàng Tồn,2026-09-26 - Thứ 7,505,98.61%,60.00%,4.16%,34.72,303,21,498,21,181,7,1.39%,35.84%,0,Khánh Hòa,NTB,AM Thư
NTB - Khánh Hòa,(KHO) Nam Nha Trang 3,Hàng Tồn,2026-09-28 - Thứ 2,342,96.49%,54.68%,8.48%,37.3,187,29,330,29,126,12,3.51%,36.84%,0,Khánh Hòa,NTB,AM Thư
NTB - Khánh Hòa,(KHO) Nam Nha Trang 3,Hàng Tồn,2026-10-03 - Thứ 7,153,97.39%,59.48%,5.23%,37.07,91,8,149,8,54,4,2.61%,35.29%,0,Khánh Hòa,NTB,AM Thư
NTB - Khánh Hòa,(KHO) Nam Nha Trang 3,Hàng Tồn,2026-09-16 - Thứ 4,209,98.09%,53.11%,8.13%,36.33,111,17,205,17,81,4,1.91%,38.76%,0,Khánh Hòa,NTB,AM Thư
NTB - Khánh Hòa,(KHO) Nam Nha Trang 3,Hàng Tồn,2026-09-25 - Thứ 6,466,98.50%,49.57%,9.23%,33.91,231,43,459,43,192,7,1.50%,41.20%,0,Khánh Hòa,NTB,AM Thư
NTB - Khánh Hòa,(KHO) Nam Nha Trang 3,Hàng Tồn,2026-09-18 - Thứ 6,283,97.88%,48.41%,5.65%,30.85,137,16,277,16,130,6,2.12%,45.94%,0,Khánh Hòa,NTB,AM Thư
NTB - Khánh Hòa,(KHO) Nam Nha Trang 3,Hàng Tồn,2026-10-09 - Thứ 6,231,97.84%,52.81%,8.23%,34.24,122,19,226,19,90,5,2.16%,38.96%,0,Khánh Hòa,NTB,AM Thư
NTB - Khánh Hòa,(KHO) Nam Nha Trang 3,Hàng Tồn,2026-10-06 - Thứ 3,158,97.47%,55.70%,5.70%,32.16,88,9,154,9,61,4,2.53%,38.60%,0,Khánh Hòa,NTB,AM Thư
NTB - Khánh Hòa,(KHO) Nam Nha Trang 3,Hàng Tồn,2026-10-01 - Thứ 5,123,99.19%,45.53%,8.94%,38.32,56,11,122,11,56,1,0.81%,45.53%,0,Khánh Hòa,NTB,AM Thư
NTB - Khánh Hòa,(KHO) Nam Nha Trang 2,Hàng Mới Ca 1,2026-10-07 - Thứ 4,540,98.52%,77.59%,0.93%,11.35,419,5,532,5,116,8,1.48%,21.48%,540,Khánh Hòa,NTB,AM Thư
NTB - Khánh Hòa,(KHO) Nam Nha Trang 2,Hàng Mới Ca 1,2026-09-16 - Thứ 4,670,98.96%,82.84%,0.75%,12.83,555,5,663,5,110,7,1.04%,16.41%,670,Khánh Hòa,NTB,AM Thư
NTB - Khánh Hòa,(KHO) Nam Nha Trang 2,Hàng Mới Ca 1,2026-09-18 - Thứ 6,708,98.31%,80.23%,0.85%,13.25,568,6,696,6,134,12,1.69%,18.92%,708,Khánh Hòa,NTB,AM Thư
NTB - Khánh Hòa,(KHO) Nam Nha Trang 2,Hàng Mới Ca 1,2026-09-27 - Chủ Nhật,414,98.31%,78.26%,0.00%,11.78,324,0,407,0,90,7,1.69%,21.74%,414,Khánh Hòa,NTB,AM Thư
NTB - Khánh Hòa,(KHO) Nam Nha Trang 2,Hàng Mới Ca 1,2026-09-21 - Thứ 2,608,94.08%,66.12%,0.33%,15.47,402,2,572,2,204,36,5.92%,33.55%,608,Khánh Hòa,NTB,AM Thư
NTB - Khánh Hòa,(KHO) Nam Nha Trang 2,Hàng Mới Ca 1,2026-09-20 - Chủ Nhật,723,94.33%,68.05%,0.14%,13.29,492,1,682,1,230,41,5.67%,31.81%,723,Khánh Hòa,NTB,AM Thư
NTB - Khánh Hòa,(KHO) Nam Nha Trang 2,Hàng Mới Ca 1,2026-09-13 - Chủ Nhật,600,99.50%,76.33%,0.83%,11.33,458,5,597,5,137,3,0.50%,22.84%,600,Khánh Hòa,NTB,AM Thư
NTB - Khánh Hòa,(KHO) Nam Nha Trang 2,Hàng Mới Ca 1,2026-10-06 - Thứ 3,372,99.19%,83.87%,1.08%,7.45,312,4,369,4,56,3,0.81%,15.05%,372,Khánh Hòa,NTB,AM Thư
NTB - Khánh Hòa,(KHO) Nam Nha Trang 2,Hàng Mới Ca 1,2026-10-01 - Thứ 5,469,99.15%,82.30%,1.07%,10.13,386,5,465,5,78,4,0.85%,16.63%,469,Khánh Hòa,NTB,AM Thư
NTB - Khánh Hòa,(KHO) Nam Nha Trang 2,Hàng Mới Ca 1,2026-09-12 - Thứ 7,525,99.43%,85.71%,0.76%,10.27,450,4,522,4,71,3,0.57%,13.53%,525,Khánh Hòa,NTB,AM Thư
NTB - Khánh Hòa,(KHO) Nam Nha Trang 2,Hàng Mới Ca 1,2026-09-22 - Thứ 3,540,97.78%,56.67%,0.74%,19.42,306,4,528,4,230,12,2.22%,42.59%,540,Khánh Hòa,NTB,AM Thư
NTB - Khánh Hòa,(KHO) Nam Nha Trang 2,Hàng Mới Ca 1,2026-09-23 - Thứ 4,"1,077",98.05%,38.72%,0.09%,16.53,417,1,1056,1,659,21,1.95%,61.19%,1077,Khánh Hòa,NTB,AM Thư
NTB - Khánh Hòa,(KHO) Nam Nha Trang 2,Hàng Mới Ca 1,2026-09-15 - Thứ 3,567,99.82%,86.42%,1.23%,7.46,490,7,566,7,70,1,0.18%,12.35%,567,Khánh Hòa,NTB,AM Thư
NTB - Khánh Hòa,(KHO) Nam Nha Trang 2,Hàng Mới Ca 1,2026-10-02 - Thứ 6,488,97.54%,85.45%,1.43%,9.84,417,7,476,7,64,12,2.46%,13.12%,488,Khánh Hòa,NTB,AM Thư
NTB - Khánh Hòa,(KHO) Nam Nha Trang 2,Hàng Mới Ca 1,2026-09-29 - Thứ 3,319,99.69%,83.39%,1.57%,6.64,266,5,318,5,48,1,0.31%,15.04%,319,Khánh Hòa,NTB,AM Thư
NTB - Khánh Hòa,(KHO) Nam Nha Trang 2,Hàng Mới Ca 1,2026-10-08 - Thứ 5,578,98.79%,76.47%,1.38%,11.88,442,8,571,8,128,7,1.21%,22.15%,578,Khánh Hòa,NTB,AM Thư
NTB - Khánh Hòa,(KHO) Nam Nha Trang 2,Hàng Mới Ca 1,2026-09-19 - Thứ 7,666,95.05%,73.57%,0.75%,12.58,490,5,633,5,171,33,4.95%,25.68%,666,Khánh Hòa,NTB,AM Thư
NTB - Khánh Hòa,(KHO) Nam Nha Trang 2,Hàng Mới Ca 1,2026-10-04 - Chủ Nhật,648,97.38%,77.93%,1.08%,13.23,505,7,631,7,136,17,2.62%,20.99%,648,Khánh Hòa,NTB,AM Thư
NTB - Khánh Hòa,(KHO) Nam Nha Trang 2,Hàng Mới Ca 1,2026-09-30 - Thứ 4,453,99.12%,81.46%,0.44%,8.51,369,2,449,2,82,4,0.88%,18.10%,453,Khánh Hòa,NTB,AM Thư
NTB - Khánh Hòa,(KHO) Nam Nha Trang 2,Hàng Mới Ca 1,2026-10-09 - Thứ 6,585,97.44%,74.19%,0.34%,11.61,434,2,570,2,149,15,2.56%,25.47%,585,Khánh Hòa,NTB,AM Thư
NTB - Khánh Hòa,(KHO) Nam Nha Trang 2,Hàng Mới Ca 1,2026-09-26 - Thứ 7,666,96.70%,73.42%,0.60%,13.96,489,4,644,4,173,22,3.30%,25.98%,666,Khánh Hòa,NTB,AM Thư
NTB - Khánh Hòa,(KHO) Nam Nha Trang 2,Hàng Mới Ca 1,2026-09-28 - Thứ 2,361,97.78%,82.83%,1.11%,10.62,299,4,353,4,58,8,2.22%,16.06%,361,Khánh Hòa,NTB,AM Thư
NTB - Khánh Hòa,(KHO) Nam Nha Trang 2,Hàng Mới Ca 1,2026-10-03 - Thứ 7,521,98.27%,81.19%,0.58%,10.92,423,3,512,3,95,9,1.73%,18.23%,521,Khánh Hòa,NTB,AM Thư
NTB - Khánh Hòa,(KHO) Nam Nha Trang 2,Hàng Mới Ca 1,2026-09-25 - Thứ 6,958,96.56%,63.15%,0.84%,13.97,605,8,925,8,345,33,3.44%,36.01%,958,Khánh Hòa,NTB,AM Thư
NTB - Khánh Hòa,(KHO) Nam Nha Trang 2,Hàng Mới Ca 1,2026-09-24 - Thứ 5,876,97.83%,58.79%,0.80%,16.68,515,7,857,7,354,19,2.17%,40.41%,876,Khánh Hòa,NTB,AM Thư
NTB - Khánh Hòa,(KHO) Nam Nha Trang 2,Hàng Mới Ca 1,2026-10-05 - Thứ 2,549,95.99%,76.14%,0.36%,11.36,418,2,527,2,129,22,4.01%,23.50%,549,Khánh Hòa,NTB,AM Thư
NTB - Khánh Hòa,(KHO) Nam Nha Trang 2,Hàng Mới Ca 1,2026-09-14 - Thứ 2,634,99.05%,84.70%,0.95%,10.3,537,6,628,6,91,6,0.95%,14.35%,634,Khánh Hòa,NTB,AM Thư
NTB - Khánh Hòa,(KHO) Nam Nha Trang 2,Hàng Mới Ca 1,2026-09-17 - Thứ 5,746,99.33%,82.44%,0.27%,9.91,615,2,741,2,129,5,0.67%,17.29%,746,Khánh Hòa,NTB,AM Thư
NTB - Khánh Hòa,(KHO) Nam Nha Trang 2,Hàng Mới Ca 2,2026-10-07 - Thứ 4,366,100.00%,63.11%,0.82%,4.93,231,3,366,3,132,0,0.00%,36.07%,366,Khánh Hòa,NTB,AM Thư
NTB - Khánh Hòa,(KHO) Nam Nha Trang 2,Hàng Mới Ca 2,2026-09-27 - Chủ Nhật,229,99.13%,72.05%,1.31%,4.63,165,3,227,3,61,2,0.87%,26.64%,229,Khánh Hòa,NTB,AM Thư
NTB - Khánh Hòa,(KHO) Nam Nha Trang 2,Hàng Mới Ca 2,2026-09-20 - Chủ Nhật,44,100.00%,61.36%,0.00%,5.41,27,0,44,0,17,0,0.00%,38.64%,44,Khánh Hòa,NTB,AM Thư
NTB - Khánh Hòa,(KHO) Nam Nha Trang 2,Hàng Mới Ca 2,2026-09-13 - Chủ Nhật,197,100.00%,74.11%,0.51%,4.48,146,1,197,1,50,0,0.00%,25.38%,197,Khánh Hòa,NTB,AM Thư
NTB - Khánh Hòa,(KHO) Nam Nha Trang 2,Hàng Mới Ca 2,2026-09-24 - Thứ 5,44,97.73%,63.64%,0.00%,5.39,28,0,43,0,16,1,2.27%,36.36%,44,Khánh Hòa,NTB,AM Thư
NTB - Khánh Hòa,(KHO) Nam Nha Trang 2,Hàng Mới Ca 2,2026-10-06 - Thứ 3,337,99.11%,74.48%,1.19%,4.42,251,4,334,4,82,3,0.89%,24.33%,337,Khánh Hòa,NTB,AM Thư
NTB - Khánh Hòa,(KHO) Nam Nha Trang 2,Hàng Mới Ca 2,2026-10-01 - Thứ 5,408,99.26%,78.92%,0.74%,4.23,322,3,405,3,83,3,0.74%,20.34%,408,Khánh Hòa,NTB,AM Thư
NTB - Khánh Hòa,(KHO) Nam Nha Trang 2,Hàng Mới Ca 2,2026-09-12 - Thứ 7,400,100.00%,76.50%,0.25%,4.74,306,1,400,1,93,0,0.00%,23.25%,400,Khánh Hòa,NTB,AM Thư
NTB - Khánh Hòa,(KHO) Nam Nha Trang 2,Hàng Mới Ca 2,2026-10-05 - Thứ 2,285,100.00%,71.58%,0.35%,4.78,204,1,285,1,80,0,0.00%,28.07%,285,Khánh Hòa,NTB,AM Thư
NTB - Khánh Hòa,(KHO) Nam Nha Trang 2,Hàng Mới Ca 2,2026-09-23 - Thứ 4,84,98.81%,15.48%,1.19%,5.46,13,1,83,1,70,1,1.19%,83.33%,84,Khánh Hòa,NTB,AM Thư
NTB - Khánh Hòa,(KHO) Nam Nha Trang 2,Hàng Mới Ca 2,2026-09-14 - Thứ 2,214,99.53%,78.97%,1.40%,4.62,169,3,213,3,42,1,0.47%,19.63%,214,Khánh Hòa,NTB,AM Thư
NTB - Khánh Hòa,(KHO) Nam Nha Trang 2,Hàng Mới Ca 2,2026-10-02 - Thứ 6,276,98.19%,88.77%,0.72%,4.01,245,2,271,2,29,5,1.81%,10.51%,276,Khánh Hòa,NTB,AM Thư
NTB - Khánh Hòa,(KHO) Nam Nha Trang 2,Hàng Mới Ca 2,2026-09-29 - Thứ 3,258,99.61%,81.40%,0.39%,4.27,210,1,257,1,47,1,0.39%,18.21%,258,Khánh Hòa,NTB,AM Thư
NTB - Khánh Hòa,(KHO) Nam Nha Trang 2,Hàng Mới Ca 2,2026-10-08 - Thứ 5,300,99.00%,61.33%,0.67%,5.27,184,2,297,2,114,3,1.00%,38.00%,300,Khánh Hòa,NTB,AM Thư
NTB - Khánh Hòa,(KHO) Nam Nha Trang 2,Hàng Mới Ca 2,2026-10-04 - Chủ Nhật,183,99.45%,68.85%,2.73%,4.44,126,5,182,5,52,1,0.55%,28.42%,183,Khánh Hòa,NTB,AM Thư
NTB - Khánh Hòa,(KHO) Nam Nha Trang 2,Hàng Mới Ca 2,2026-09-30 - Thứ 4,132,97.73%,79.55%,1.52%,3.96,105,2,129,2,25,3,2.27%,18.93%,132,Khánh Hòa,NTB,AM Thư
NTB - Khánh Hòa,(KHO) Nam Nha Trang 2,Hàng Mới Ca 2,2026-09-17 - Thứ 5,236,98.73%,80.51%,0.85%,4.37,190,2,233,2,44,3,1.27%,18.64%,236,Khánh Hòa,NTB,AM Thư
NTB - Khánh Hòa,(KHO) Nam Nha Trang 2,Hàng Mới Ca 2,2026-10-09 - Thứ 6,241,97.93%,68.46%,0.41%,4.51,165,1,236,1,75,5,2.07%,31.13%,241,Khánh Hòa,NTB,AM Thư
NTB - Khánh Hòa,(KHO) Nam Nha Trang 2,Hàng Mới Ca 2,2026-09-26 - Thứ 7,380,99.47%,63.68%,1.58%,5.16,242,6,378,6,132,2,0.53%,34.74%,380,Khánh Hòa,NTB,AM Thư
NTB - Khánh Hòa,(KHO) Nam Nha Trang 2,Hàng Mới Ca 2,2026-10-03 - Thứ 7,277,99.64%,75.09%,0.36%,4.32,208,1,276,1,68,1,0.36%,24.55%,277,Khánh Hòa,NTB,AM Thư
NTB - Khánh Hòa,(KHO) Nam Nha Trang 2,Hàng Mới Ca 2,2026-09-16 - Thứ 4,152,99.34%,79.61%,0.66%,4.44,121,1,151,1,30,1,0.66%,19.73%,152,Khánh Hòa,NTB,AM Thư
NTB - Khánh Hòa,(KHO) Nam Nha Trang 2,Hàng Mới Ca 2,2026-09-25 - Thứ 6,48,100.00%,39.58%,0.00%,6.16,19,0,48,0,29,0,0.00%,60.42%,48,Khánh Hòa,NTB,AM Thư
NTB - Khánh Hòa,(KHO) Nam Nha Trang 2,Hàng Mới Ca 2,2026-09-21 - Thứ 2,196,18.37%,15.82%,0.00%,5.16,31,0,36,0,165,160,81.63%,84.18%,196,Khánh Hòa,NTB,AM Thư
NTB - Khánh Hòa,(KHO) Nam Nha Trang 2,Hàng Mới Ca 2,2026-09-22 - Thứ 3,56,92.86%,46.43%,0.00%,5.88,26,0,52,0,30,4,7.14%,53.57%,56,Khánh Hòa,NTB,AM Thư
NTB - Khánh Hòa,(KHO) Nam Nha Trang 2,Hàng Mới Ca 2,2026-09-19 - Thứ 7,168,97.62%,76.79%,0.00%,4.75,129,0,164,0,39,4,2.38%,23.21%,168,Khánh Hòa,NTB,AM Thư
NTB - Khánh Hòa,(KHO) Nam Nha Trang 2,Hàng Mới Ca 2,2026-09-18 - Thứ 6,244,100.00%,79.10%,0.82%,4.31,193,2,244,2,49,0,0.00%,20.08%,244,Khánh Hòa,NTB,AM Thư
NTB - Khánh Hòa,(KHO) Nam Nha Trang 2,Hàng Mới Ca 2,2026-09-15 - Thứ 3,238,99.58%,75.63%,0.00%,4.14,180,0,237,0,58,1,0.42%,24.37%,238,Khánh Hòa,NTB,AM Thư
NTB - Khánh Hòa,(KHO) Nam Nha Trang 2,Hàng Mới Ca 2,2026-09-28 - Thứ 2,160,99.38%,73.13%,1.25%,4.44,117,2,159,2,41,1,0.62%,25.62%,160,Khánh Hòa,NTB,AM Thư
NTB - Khánh Hòa,(KHO) Nam Nha Trang 2,Hàng Tồn,2026-09-18 - Thứ 6,249,98.80%,44.98%,9.24%,37.9,112,23,246,23,114,3,1.20%,45.78%,0,Khánh Hòa,NTB,AM Thư
NTB - Khánh Hòa,(KHO) Nam Nha Trang 2,Hàng Tồn,2026-09-27 - Chủ Nhật,582,96.91%,50.17%,8.25%,49.85,292,48,564,48,242,18,3.09%,41.58%,0,Khánh Hòa,NTB,AM Thư
NTB - Khánh Hòa,(KHO) Nam Nha Trang 2,Hàng Tồn,2026-09-13 - Chủ Nhật,205,98.05%,50.73%,3.41%,33.43,104,7,201,7,94,4,1.95%,45.86%,0,Khánh Hòa,NTB,AM Thư
NTB - Khánh Hòa,(KHO) Nam Nha Trang 2,Hàng Tồn,2026-09-24 - Thứ 5,"1,012",99.21%,48.91%,4.05%,44,495,41,1004,41,476,8,0.79%,47.04%,0,Khánh Hòa,NTB,AM Thư
NTB - Khánh Hòa,(KHO) Nam Nha Trang 2,Hàng Tồn,2026-10-06 - Thứ 3,284,94.72%,57.75%,6.34%,39.85,164,18,269,18,102,15,5.28%,35.91%,0,Khánh Hòa,NTB,AM Thư
NTB - Khánh Hòa,(KHO) Nam Nha Trang 2,Hàng Tồn,2026-10-01 - Thứ 5,153,96.73%,37.91%,6.54%,38.75,58,10,148,10,85,5,3.27%,55.55%,0,Khánh Hòa,NTB,AM Thư
NTB - Khánh Hòa,(KHO) Nam Nha Trang 2,Hàng Tồn,2026-09-12 - Thứ 7,131,96.95%,40.46%,3.82%,48.27,53,5,127,5,73,4,3.05%,55.72%,0,Khánh Hòa,NTB,AM Thư
NTB - Khánh Hòa,(KHO) Nam Nha Trang 2,Hàng Tồn,2026-10-05 - Thứ 2,258,95.35%,52.71%,9.30%,39.56,136,24,246,24,98,12,4.65%,37.99%,0,Khánh Hòa,NTB,AM Thư
NTB - Khánh Hòa,(KHO) Nam Nha Trang 2,Hàng Tồn,2026-09-22 - Thứ 3,585,93.85%,47.35%,6.15%,44.72,277,36,549,36,272,36,6.15%,46.50%,0,Khánh Hòa,NTB,AM Thư
NTB - Khánh Hòa,(KHO) Nam Nha Trang 2,Hàng Tồn,2026-09-23 - Thứ 4,493,98.58%,36.31%,1.62%,55.92,179,8,486,8,306,7,1.42%,62.07%,0,Khánh Hòa,NTB,AM Thư
NTB - Khánh Hòa,(KHO) Nam Nha Trang 2,Hàng Tồn,2026-09-14 - Thứ 2,276,98.55%,53.26%,5.80%,40.73,147,16,272,16,113,4,1.45%,40.94%,0,Khánh Hòa,NTB,AM Thư
NTB - Khánh Hòa,(KHO) Nam Nha Trang 2,Hàng Tồn,2026-09-15 - Thứ 3,219,97.26%,47.95%,6.85%,42.18,105,15,213,15,99,6,2.74%,45.20%,0,Khánh Hòa,NTB,AM Thư
NTB - Khánh Hòa,(KHO) Nam Nha Trang 2,Hàng Tồn,2026-10-02 - Thứ 6,228,96.49%,56.14%,8.33%,35.7,128,19,220,19,81,8,3.51%,35.53%,0,Khánh Hòa,NTB,AM Thư
NTB - Khánh Hòa,(KHO) Nam Nha Trang 2,Hàng Tồn,2026-09-29 - Thứ 3,198,95.96%,44.44%,11.11%,51.46,88,22,190,22,88,8,4.04%,44.45%,0,Khánh Hòa,NTB,AM Thư
NTB - Khánh Hòa,(KHO) Nam Nha Trang 2,Hàng Tồn,2026-10-08 - Thứ 5,329,97.26%,55.32%,6.38%,34.3,182,21,320,21,126,9,2.74%,38.30%,0,Khánh Hòa,NTB,AM Thư
NTB - Khánh Hòa,(KHO) Nam Nha Trang 2,Hàng Tồn,2026-09-19 - Thứ 7,269,97.03%,36.06%,7.06%,39.99,97,19,261,19,153,8,2.97%,56.88%,0,Khánh Hòa,NTB,AM Thư
NTB - Khánh Hòa,(KHO) Nam Nha Trang 2,Hàng Tồn,2026-10-04 - Chủ Nhật,206,97.57%,51.46%,3.40%,32.75,106,7,201,7,93,5,2.43%,45.14%,0,Khánh Hòa,NTB,AM Thư
NTB - Khánh Hòa,(KHO) Nam Nha Trang 2,Hàng Tồn,2026-09-30 - Thứ 4,168,95.24%,44.64%,16.67%,41.39,75,28,160,28,65,8,4.76%,38.69%,0,Khánh Hòa,NTB,AM Thư
NTB - Khánh Hòa,(KHO) Nam Nha Trang 2,Hàng Tồn,2026-09-17 - Thứ 5,216,95.37%,41.20%,10.65%,40.6,89,23,206,23,104,10,4.63%,48.15%,0,Khánh Hòa,NTB,AM Thư
NTB - Khánh Hòa,(KHO) Nam Nha Trang 2,Hàng Tồn,2026-10-09 - Thứ 6,349,97.99%,53.01%,7.74%,35.08,185,27,342,27,137,7,2.01%,39.25%,0,Khánh Hòa,NTB,AM Thư
NTB - Khánh Hòa,(KHO) Nam Nha Trang 2,Hàng Tồn,2026-09-26 - Thứ 7,700,98.71%,49.14%,2.86%,56.98,344,20,691,20,336,9,1.29%,48.00%,0,Khánh Hòa,NTB,AM Thư
NTB - Khánh Hòa,(KHO) Nam Nha Trang 2,Hàng Tồn,2026-09-28 - Thứ 2,352,99.15%,56.82%,7.10%,57.8,200,25,349,25,127,3,0.85%,36.08%,0,Khánh Hòa,NTB,AM Thư
NTB - Khánh Hòa,(KHO) Nam Nha Trang 2,Hàng Tồn,2026-10-07 - Thứ 4,221,97.29%,43.44%,10.86%,38.09,96,24,215,24,101,6,2.71%,45.70%,0,Khánh Hòa,NTB,AM Thư
NTB - Khánh Hòa,(KHO) Nam Nha Trang 2,Hàng Tồn,2026-10-03 - Thứ 7,155,91.61%,38.06%,11.61%,42.41,59,18,142,18,78,13,8.39%,50.33%,0,Khánh Hòa,NTB,AM Thư
NTB - Khánh Hòa,(KHO) Nam Nha Trang 2,Hàng Tồn,2026-09-25 - Thứ 6,806,99.26%,50.00%,3.35%,58.91,403,27,800,27,376,6,0.74%,46.65%,0,Khánh Hòa,NTB,AM Thư
NTB - Khánh Hòa,(KHO) Nam Nha Trang 2,Hàng Tồn,2026-09-21 - Thứ 2,455,86.15%,39.56%,3.74%,49.84,180,17,392,17,258,63,13.85%,56.70%,0,Khánh Hòa,NTB,AM Thư
NTB - Khánh Hòa,(KHO) Nam Nha Trang 2,Hàng Tồn,2026-09-20 - Chủ Nhật,328,86.28%,23.17%,6.40%,42.8,76,21,283,21,231,45,13.72%,70.43%,0,Khánh Hòa,NTB,AM Thư
NTB - Khánh Hòa,(KHO) Nam Nha Trang 2,Hàng Tồn,2026-09-16 - Thứ 4,209,94.74%,45.45%,10.05%,37.75,95,21,198,21,93,11,5.26%,44.50%,0,Khánh Hòa,NTB,AM Thư
NTB - Khánh Hòa,(KHO) Nam Nha Trang 1,Hàng Mới Ca 1,2026-09-18 - Thứ 6,863,98.49%,83.31%,1.62%,10.9,719,14,850,14,130,13,1.51%,15.07%,863,Khánh Hòa,NTB,AM Thư
NTB - Khánh Hòa,(KHO) Nam Nha Trang 1,Hàng Mới Ca 1,2026-09-27 - Chủ Nhật,509,99.21%,76.62%,1.18%,11.13,390,6,505,6,113,4,0.79%,22.20%,509,Khánh Hòa,NTB,AM Thư
NTB - Khánh Hòa,(KHO) Nam Nha Trang 1,Hàng Mới Ca 1,2026-09-21 - Thứ 2,657,99.54%,79.15%,1.83%,11.43,520,12,654,12,125,3,0.46%,19.02%,657,Khánh Hòa,NTB,AM Thư
NTB - Khánh Hòa,(KHO) Nam Nha Trang 1,Hàng Mới Ca 1,2026-09-20 - Chủ Nhật,710,99.30%,79.44%,1.13%,9.41,564,8,705,8,138,5,0.70%,19.43%,710,Khánh Hòa,NTB,AM Thư
NTB - Khánh Hòa,(KHO) Nam Nha Trang 1,Hàng Mới Ca 1,2026-09-13 - Chủ Nhật,637,98.12%,78.49%,1.41%,11.01,500,9,625,9,128,12,1.88%,20.10%,637,Khánh Hòa,NTB,AM Thư
NTB - Khánh Hòa,(KHO) Nam Nha Trang 1,Hàng Mới Ca 1,2026-09-24 - Thứ 5,781,97.82%,75.80%,0.90%,12.99,592,7,764,7,182,17,2.18%,23.30%,781,Khánh Hòa,NTB,AM Thư
NTB - Khánh Hòa,(KHO) Nam Nha Trang 1,Hàng Mới Ca 1,2026-10-06 - Thứ 3,401,99.50%,83.54%,0.75%,6.62,335,3,399,3,63,2,0.50%,15.71%,401,Khánh Hòa,NTB,AM Thư
NTB - Khánh Hòa,(KHO) Nam Nha Trang 1,Hàng Mới Ca 1,2026-09-12 - Thứ 7,814,99.14%,79.73%,0.98%,8.4,649,8,807,8,157,7,0.86%,19.29%,814,Khánh Hòa,NTB,AM Thư
NTB - Khánh Hòa,(KHO) Nam Nha Trang 1,Hàng Mới Ca 1,2026-10-05 - Thứ 2,476,98.11%,83.40%,2.10%,9.07,397,10,467,10,69,9,1.89%,14.50%,476,Khánh Hòa,NTB,AM Thư
NTB - Khánh Hòa,(KHO) Nam Nha Trang 1,Hàng Mới Ca 1,2026-09-22 - Thứ 3,603,99.34%,73.47%,0.66%,11.31,443,4,599,4,156,4,0.66%,25.87%,603,Khánh Hòa,NTB,AM Thư
NTB - Khánh Hòa,(KHO) Nam Nha Trang 1,Hàng Mới Ca 1,2026-09-23 - Thứ 4,930,98.28%,74.19%,0.32%,11.52,690,3,914,3,237,16,1.72%,25.49%,930,Khánh Hòa,NTB,AM Thư
NTB - Khánh Hòa,(KHO) Nam Nha Trang 1,Hàng Mới Ca 1,2026-09-14 - Thứ 2,762,98.82%,79.27%,0.79%,10.28,604,6,753,6,152,9,1.18%,19.94%,762,Khánh Hòa,NTB,AM Thư
NTB - Khánh Hòa,(KHO) Nam Nha Trang 1,Hàng Mới Ca 1,2026-09-15 - Thứ 3,375,94.40%,81.60%,0.00%,5.58,306,0,354,0,69,21,5.60%,18.40%,375,Khánh Hòa,NTB,AM Thư
NTB - Khánh Hòa,(KHO) Nam Nha Trang 1,Hàng Mới Ca 1,2026-10-02 - Thứ 6,591,99.32%,84.26%,1.52%,8.37,498,9,587,9,84,4,0.68%,14.22%,591,Khánh Hòa,NTB,AM Thư
NTB - Khánh Hòa,(KHO) Nam Nha Trang 1,Hàng Mới Ca 1,2026-09-29 - Thứ 3,360,100.00%,79.44%,0.83%,6.05,286,3,360,3,71,0,0.00%,19.73%,360,Khánh Hòa,NTB,AM Thư
NTB - Khánh Hòa,(KHO) Nam Nha Trang 1,Hàng Mới Ca 1,2026-10-08 - Thứ 5,681,99.56%,84.43%,1.32%,8.98,575,9,678,9,97,3,0.44%,14.25%,681,Khánh Hòa,NTB,AM Thư
NTB - Khánh Hòa,(KHO) Nam Nha Trang 1,Hàng Mới Ca 1,2026-09-19 - Thứ 7,758,93.14%,77.84%,0.53%,10.36,590,4,706,4,164,52,6.86%,21.63%,758,Khánh Hòa,NTB,AM Thư
NTB - Khánh Hòa,(KHO) Nam Nha Trang 1,Hàng Mới Ca 1,2026-09-30 - Thứ 4,619,99.52%,81.42%,0.97%,8.33,504,6,616,6,109,3,0.48%,17.61%,619,Khánh Hòa,NTB,AM Thư
NTB - Khánh Hòa,(KHO) Nam Nha Trang 1,Hàng Mới Ca 1,2026-09-17 - Thứ 5,760,99.74%,83.03%,1.32%,8.35,631,10,758,10,119,2,0.26%,15.65%,760,Khánh Hòa,NTB,AM Thư
NTB - Khánh Hòa,(KHO) Nam Nha Trang 1,Hàng Mới Ca 1,2026-10-09 - Thứ 6,690,99.86%,81.88%,1.45%,9.46,565,10,689,10,115,1,0.14%,16.67%,690,Khánh Hòa,NTB,AM Thư
NTB - Khánh Hòa,(KHO) Nam Nha Trang 1,Hàng Mới Ca 1,2026-09-26 - Thứ 7,584,96.23%,77.74%,1.20%,10.24,454,7,562,7,123,22,3.77%,21.06%,584,Khánh Hòa,NTB,AM Thư
NTB - Khánh Hòa,(KHO) Nam Nha Trang 1,Hàng Mới Ca 1,2026-09-28 - Thứ 2,448,99.11%,80.36%,0.89%,9.26,360,4,444,4,84,4,0.89%,18.75%,448,Khánh Hòa,NTB,AM Thư
NTB - Khánh Hòa,(KHO) Nam Nha Trang 1,Hàng Mới Ca 1,2026-10-07 - Thứ 4,641,99.53%,84.87%,0.78%,10.14,544,5,638,5,92,3,0.47%,14.35%,641,Khánh Hòa,NTB,AM Thư
NTB - Khánh Hòa,(KHO) Nam Nha Trang 1,Hàng Mới Ca 1,2026-10-03 - Thứ 7,629,98.89%,85.06%,1.11%,9.56,535,7,622,7,87,7,1.11%,13.83%,629,Khánh Hòa,NTB,AM Thư
NTB - Khánh Hòa,(KHO) Nam Nha Trang 1,Hàng Mới Ca 1,2026-09-16 - Thứ 4,731,99.18%,84.82%,1.09%,11.53,620,8,725,8,103,6,0.82%,14.09%,731,Khánh Hòa,NTB,AM Thư
NTB - Khánh Hòa,(KHO) Nam Nha Trang 1,Hàng Mới Ca 1,2026-09-25 - Thứ 6,937,99.15%,71.50%,1.39%,11.37,670,13,929,13,254,8,0.85%,27.11%,937,Khánh Hòa,NTB,AM Thư
NTB - Khánh Hòa,(KHO) Nam Nha Trang 1,Hàng Mới Ca 1,2026-10-01 - Thứ 5,553,99.46%,82.28%,1.45%,8.98,455,8,550,8,90,3,0.54%,16.27%,553,Khánh Hòa,NTB,AM Thư
NTB - Khánh Hòa,(KHO) Nam Nha Trang 1,Hàng Mới Ca 1,2026-10-04 - Chủ Nhật,622,99.36%,81.51%,1.45%,10.89,507,9,618,9,106,4,0.64%,17.04%,622,Khánh Hòa,NTB,AM Thư
NTB - Khánh Hòa,(KHO) Nam Nha Trang 1,Hàng Mới Ca 2,2026-10-07 - Thứ 4,433,93.53%,67.44%,0.92%,3.28,292,4,405,4,137,28,6.47%,31.64%,433,Khánh Hòa,NTB,AM Thư
NTB - Khánh Hòa,(KHO) Nam Nha Trang 1,Hàng Mới Ca 2,2026-09-27 - Chủ Nhật,383,75.72%,51.17%,1.04%,3.21,196,4,290,4,183,93,24.28%,47.79%,383,Khánh Hòa,NTB,AM Thư
NTB - Khánh Hòa,(KHO) Nam Nha Trang 1,Hàng Mới Ca 2,2026-09-20 - Chủ Nhật,203,95.07%,71.92%,1.48%,3.17,146,3,193,3,54,10,4.93%,26.60%,203,Khánh Hòa,NTB,AM Thư
NTB - Khánh Hòa,(KHO) Nam Nha Trang 1,Hàng Mới Ca 2,2026-09-13 - Chủ Nhật,325,96.00%,74.46%,0.62%,3.22,242,2,312,2,81,13,4.00%,24.92%,325,Khánh Hòa,NTB,AM Thư
NTB - Khánh Hòa,(KHO) Nam Nha Trang 1,Hàng Mới Ca 2,2026-09-24 - Thứ 5,370,90.27%,68.92%,0.81%,3.68,255,3,334,3,112,36,9.73%,30.27%,370,Khánh Hòa,NTB,AM Thư
NTB - Khánh Hòa,(KHO) Nam Nha Trang 1,Hàng Mới Ca 2,2026-10-06 - Thứ 3,312,90.71%,70.19%,3.53%,3.05,219,11,283,11,82,29,9.29%,26.28%,312,Khánh Hòa,NTB,AM Thư
NTB - Khánh Hòa,(KHO) Nam Nha Trang 1,Hàng Mới Ca 2,2026-09-12 - Thứ 7,458,91.48%,65.94%,0.22%,3.41,302,1,419,1,155,39,8.52%,33.84%,458,Khánh Hòa,NTB,AM Thư
NTB - Khánh Hòa,(KHO) Nam Nha Trang 1,Hàng Mới Ca 2,2026-09-22 - Thứ 3,252,93.25%,55.95%,1.19%,3.36,141,3,235,3,108,17,6.75%,42.86%,252,Khánh Hòa,NTB,AM Thư
NTB - Khánh Hòa,(KHO) Nam Nha Trang 1,Hàng Mới Ca 2,2026-09-23 - Thứ 4,319,60.50%,45.14%,1.25%,3.69,144,4,193,4,171,126,39.50%,53.61%,319,Khánh Hòa,NTB,AM Thư
NTB - Khánh Hòa,(KHO) Nam Nha Trang 1,Hàng Mới Ca 2,2026-09-14 - Thứ 2,334,98.50%,73.65%,0.60%,2.82,246,2,329,2,86,5,1.50%,25.75%,334,Khánh Hòa,NTB,AM Thư
NTB - Khánh Hòa,(KHO) Nam Nha Trang 1,Hàng Mới Ca 2,2026-09-15 - Thứ 3,336,90.77%,67.26%,1.19%,2.59,226,4,305,4,106,31,9.23%,31.55%,336,Khánh Hòa,NTB,AM Thư
NTB - Khánh Hòa,(KHO) Nam Nha Trang 1,Hàng Mới Ca 2,2026-10-02 - Thứ 6,326,91.41%,73.01%,0.61%,3.41,238,2,298,2,86,28,8.59%,26.38%,326,Khánh Hòa,NTB,AM Thư
NTB - Khánh Hòa,(KHO) Nam Nha Trang 1,Hàng Mới Ca 2,2026-09-29 - Thứ 3,260,89.62%,74.23%,1.92%,3.03,193,5,233,5,62,27,10.38%,23.85%,260,Khánh Hòa,NTB,AM Thư
NTB - Khánh Hòa,(KHO) Nam Nha Trang 1,Hàng Mới Ca 2,2026-10-08 - Thứ 5,451,84.48%,62.08%,0.67%,3.42,280,3,381,3,168,70,15.52%,37.25%,451,Khánh Hòa,NTB,AM Thư
NTB - Khánh Hòa,(KHO) Nam Nha Trang 1,Hàng Mới Ca 2,2026-10-04 - Chủ Nhật,463,84.45%,60.69%,0.86%,3,281,4,391,4,178,72,15.55%,38.45%,463,Khánh Hòa,NTB,AM Thư
NTB - Khánh Hòa,(KHO) Nam Nha Trang 1,Hàng Mới Ca 2,2026-09-30 - Thứ 4,225,93.78%,75.11%,1.78%,2.89,169,4,211,4,52,14,6.22%,23.11%,225,Khánh Hòa,NTB,AM Thư
NTB - Khánh Hòa,(KHO) Nam Nha Trang 1,Hàng Mới Ca 2,2026-09-17 - Thứ 5,351,97.72%,70.37%,1.99%,2.93,247,7,343,7,97,8,2.28%,27.64%,351,Khánh Hòa,NTB,AM Thư
NTB - Khánh Hòa,(KHO) Nam Nha Trang 1,Hàng Mới Ca 2,2026-09-26 - Thứ 7,569,74.69%,55.71%,0.88%,3.75,317,5,425,5,247,144,25.31%,43.41%,569,Khánh Hòa,NTB,AM Thư
NTB - Khánh Hòa,(KHO) Nam Nha Trang 1,Hàng Mới Ca 2,2026-10-03 - Thứ 7,401,92.27%,69.08%,0.25%,3.45,277,1,370,1,123,31,7.73%,30.67%,401,Khánh Hòa,NTB,AM Thư
NTB - Khánh Hòa,(KHO) Nam Nha Trang 1,Hàng Mới Ca 2,2026-09-16 - Thứ 4,291,96.56%,77.66%,1.37%,2.28,226,4,281,4,61,10,3.44%,20.97%,291,Khánh Hòa,NTB,AM Thư
NTB - Khánh Hòa,(KHO) Nam Nha Trang 1,Hàng Mới Ca 2,2026-09-25 - Thứ 6,478,81.38%,59.83%,0.63%,3.63,286,3,389,3,189,89,18.62%,39.54%,478,Khánh Hòa,NTB,AM Thư
NTB - Khánh Hòa,(KHO) Nam Nha Trang 1,Hàng Mới Ca 2,2026-09-21 - Thứ 2,336,87.50%,65.77%,0.30%,3.41,221,1,294,1,114,42,12.50%,33.93%,336,Khánh Hòa,NTB,AM Thư
NTB - Khánh Hòa,(KHO) Nam Nha Trang 1,Hàng Mới Ca 2,2026-10-01 - Thứ 5,459,81.70%,64.27%,0.87%,3.54,295,4,375,4,160,84,18.30%,34.86%,459,Khánh Hòa,NTB,AM Thư
NTB - Khánh Hòa,(KHO) Nam Nha Trang 1,Hàng Mới Ca 2,2026-10-05 - Thứ 2,411,86.37%,63.99%,0.49%,3.53,263,2,355,2,146,56,13.63%,35.52%,411,Khánh Hòa,NTB,AM Thư
NTB - Khánh Hòa,(KHO) Nam Nha Trang 1,Hàng Mới Ca 2,2026-09-19 - Thứ 7,251,92.03%,70.52%,0.80%,3.29,177,2,231,2,72,20,7.97%,28.68%,251,Khánh Hòa,NTB,AM Thư
NTB - Khánh Hòa,(KHO) Nam Nha Trang 1,Hàng Mới Ca 2,2026-10-09 - Thứ 6,244,97.54%,73.36%,2.46%,3.31,179,6,238,6,59,6,2.46%,24.18%,244,Khánh Hòa,NTB,AM Thư
NTB - Khánh Hòa,(KHO) Nam Nha Trang 1,Hàng Mới Ca 2,2026-09-28 - Thứ 2,195,95.90%,66.67%,0.00%,3.35,130,0,187,0,65,8,4.10%,33.33%,195,Khánh Hòa,NTB,AM Thư
NTB - Khánh Hòa,(KHO) Nam Nha Trang 1,Hàng Mới Ca 2,2026-09-18 - Thứ 6,331,90.63%,64.05%,0.00%,3.25,212,0,300,0,119,31,9.37%,35.95%,331,Khánh Hòa,NTB,AM Thư
NTB - Khánh Hòa,(KHO) Nam Nha Trang 1,Hàng Tồn,2026-09-25 - Thứ 6,464,97.84%,42.46%,5.39%,39.53,197,25,454,25,242,10,2.16%,52.15%,0,Khánh Hòa,NTB,AM Thư
NTB - Khánh Hòa,(KHO) Nam Nha Trang 1,Hàng Tồn,2026-09-27 - Chủ Nhật,598,97.32%,50.17%,6.02%,37.58,300,36,582,36,262,16,2.68%,43.81%,0,Khánh Hòa,NTB,AM Thư
NTB - Khánh Hòa,(KHO) Nam Nha Trang 1,Hàng Tồn,2026-09-21 - Thứ 2,367,98.09%,46.59%,9.81%,48.91,171,36,360,36,160,7,1.91%,43.60%,0,Khánh Hòa,NTB,AM Thư
NTB - Khánh Hòa,(KHO) Nam Nha Trang 1,Hàng Tồn,2026-09-20 - Chủ Nhật,380,98.42%,35.79%,9.21%,38.83,136,35,374,35,209,6,1.58%,55.00%,0,Khánh Hòa,NTB,AM Thư
NTB - Khánh Hòa,(KHO) Nam Nha Trang 1,Hàng Tồn,2026-09-24 - Thứ 5,589,97.96%,54.84%,8.15%,39.87,323,48,577,48,218,12,2.04%,37.01%,0,Khánh Hòa,NTB,AM Thư
NTB - Khánh Hòa,(KHO) Nam Nha Trang 1,Hàng Tồn,2026-10-06 - Thứ 3,327,97.86%,60.55%,7.34%,35.74,198,24,320,24,105,7,2.14%,32.11%,0,Khánh Hòa,NTB,AM Thư
NTB - Khánh Hòa,(KHO) Nam Nha Trang 1,Hàng Tồn,2026-10-01 - Thứ 5,279,94.98%,35.13%,11.11%,36.18,98,31,265,31,150,14,5.02%,53.76%,0,Khánh Hòa,NTB,AM Thư
NTB - Khánh Hòa,(KHO) Nam Nha Trang 1,Hàng Tồn,2026-09-12 - Thứ 7,248,95.16%,33.47%,6.45%,40.51,83,16,236,16,149,12,4.84%,60.08%,0,Khánh Hòa,NTB,AM Thư
NTB - Khánh Hòa,(KHO) Nam Nha Trang 1,Hàng Tồn,2026-09-22 - Thứ 3,365,98.63%,42.74%,7.40%,43.49,156,27,360,27,182,5,1.37%,49.86%,0,Khánh Hòa,NTB,AM Thư
NTB - Khánh Hòa,(KHO) Nam Nha Trang 1,Hàng Tồn,2026-09-23 - Thứ 4,425,97.65%,38.35%,8.47%,41.48,163,36,415,36,226,10,2.35%,53.18%,0,Khánh Hòa,NTB,AM Thư
NTB - Khánh Hòa,(KHO) Nam Nha Trang 1,Hàng Tồn,2026-09-14 - Thứ 2,373,94.10%,41.55%,8.04%,38.26,155,30,351,30,188,22,5.90%,50.41%,0,Khánh Hòa,NTB,AM Thư
NTB - Khánh Hòa,(KHO) Nam Nha Trang 1,Hàng Tồn,2026-09-15 - Thứ 3,375,93.87%,39.73%,9.07%,36.45,149,34,352,34,192,23,6.13%,51.20%,0,Khánh Hòa,NTB,AM Thư
NTB - Khánh Hòa,(KHO) Nam Nha Trang 1,Hàng Tồn,2026-10-02 - Thứ 6,355,98.03%,54.65%,5.35%,37.47,194,19,348,19,142,7,1.97%,40.00%,0,Khánh Hòa,NTB,AM Thư
NTB - Khánh Hòa,(KHO) Nam Nha Trang 1,Hàng Tồn,2026-09-29 - Thứ 3,318,95.28%,40.25%,9.12%,50.26,128,29,303,29,161,15,4.72%,50.63%,0,Khánh Hòa,NTB,AM Thư
NTB - Khánh Hòa,(KHO) Nam Nha Trang 1,Hàng Tồn,2026-10-08 - Thứ 5,303,96.70%,54.46%,6.60%,34.59,165,20,293,20,118,10,3.30%,38.94%,0,Khánh Hòa,NTB,AM Thư
NTB - Khánh Hòa,(KHO) Nam Nha Trang 1,Hàng Tồn,2026-09-19 - Thứ 7,338,88.46%,41.12%,3.25%,37.12,139,11,299,11,188,39,11.54%,55.63%,0,Khánh Hòa,NTB,AM Thư
NTB - Khánh Hòa,(KHO) Nam Nha Trang 1,Hàng Tồn,2026-10-04 - Chủ Nhật,312,96.79%,49.68%,7.05%,34.95,155,22,302,22,135,10,3.21%,43.27%,0,Khánh Hòa,NTB,AM Thư
NTB - Khánh Hòa,(KHO) Nam Nha Trang 1,Hàng Tồn,2026-09-30 - Thứ 4,264,96.21%,31.82%,7.58%,43.18,84,20,254,20,160,10,3.79%,60.60%,0,Khánh Hòa,NTB,AM Thư
NTB - Khánh Hòa,(KHO) Nam Nha Trang 1,Hàng Tồn,2026-09-17 - Thứ 5,272,91.91%,41.91%,10.66%,41.22,114,29,250,29,129,22,8.09%,47.43%,0,Khánh Hòa,NTB,AM Thư
NTB - Khánh Hòa,(KHO) Nam Nha Trang 1,Hàng Tồn,2026-09-26 - Thứ 7,653,94.95%,48.24%,7.04%,37.54,315,46,620,46,292,33,5.05%,44.72%,0,Khánh Hòa,NTB,AM Thư
NTB - Khánh Hòa,(KHO) Nam Nha Trang 1,Hàng Tồn,2026-09-28 - Thứ 2,519,95.38%,51.45%,9.83%,37.34,267,51,495,51,201,24,4.62%,38.72%,0,Khánh Hòa,NTB,AM Thư
NTB - Khánh Hòa,(KHO) Nam Nha Trang 1,Hàng Tồn,2026-10-07 - Thứ 4,223,95.52%,50.22%,8.07%,35.09,112,18,213,18,93,10,4.48%,41.71%,0,Khánh Hòa,NTB,AM Thư
NTB - Khánh Hòa,(KHO) Nam Nha Trang 1,Hàng Tồn,2026-10-03 - Thứ 7,288,97.22%,43.75%,8.33%,36.82,126,24,280,24,138,8,2.78%,47.92%,0,Khánh Hòa,NTB,AM Thư
NTB - Khánh Hòa,(KHO) Nam Nha Trang 1,Hàng Tồn,2026-09-16 - Thứ 4,337,96.14%,43.92%,8.90%,36.78,148,30,324,30,159,13,3.86%,47.18%,0,Khánh Hòa,NTB,AM Thư
NTB - Khánh Hòa,(KHO) Nam Nha Trang 1,Hàng Tồn,2026-09-18 - Thứ 6,323,97.83%,49.85%,11.15%,37.68,161,36,316,36,126,7,2.17%,39.00%,0,Khánh Hòa,NTB,AM Thư
NTB - Khánh Hòa,(KHO) Nam Nha Trang 1,Hàng Tồn,2026-09-13 - Chủ Nhật,408,98.04%,49.75%,5.39%,32.82,203,22,400,22,183,8,1.96%,44.86%,0,Khánh Hòa,NTB,AM Thư
NTB - Khánh Hòa,(KHO) Nam Nha Trang 1,Hàng Tồn,2026-10-05 - Thứ 2,380,97.37%,57.63%,6.32%,33.67,219,24,370,24,137,10,2.63%,36.05%,0,Khánh Hòa,NTB,AM Thư
NTB - Khánh Hòa,(KHO) Nam Nha Trang 1,Hàng Tồn,2026-10-09 - Thứ 6,358,97.49%,55.59%,5.03%,32.18,199,18,349,18,141,9,2.51%,39.38%,0,Khánh Hòa,NTB,AM Thư
NTB - Khánh Hòa,(KHO) Khánh Vĩnh,Hàng Mới Ca 1,2026-10-07 - Thứ 4,333,100.00%,81.98%,2.40%,10.8,273,8,333,8,52,0,0.00%,15.62%,333,Khánh Hòa,NTB,AM Phi
NTB - Khánh Hòa,(KHO) Khánh Vĩnh,Hàng Mới Ca 1,2026-09-20 - Chủ Nhật,252,99.60%,71.03%,1.19%,9.98,179,3,251,3,70,1,0.40%,27.78%,252,Khánh Hòa,NTB,AM Phi
NTB - Khánh Hòa,(KHO) Khánh Vĩnh,Hàng Mới Ca 1,2026-10-06 - Thứ 3,228,100.00%,77.63%,3.95%,12.84,177,9,228,9,42,0,0.00%,18.42%,228,Khánh Hòa,NTB,AM Phi
NTB - Khánh Hòa,(KHO) Khánh Vĩnh,Hàng Mới Ca 1,2026-10-01 - Thứ 5,252,100.00%,86.51%,3.17%,8.98,218,8,252,8,26,0,0.00%,10.32%,252,Khánh Hòa,NTB,AM Phi
NTB - Khánh Hòa,(KHO) Khánh Vĩnh,Hàng Mới Ca 1,2026-09-12 - Thứ 7,280,98.57%,70.00%,3.57%,9.68,196,10,276,10,74,4,1.43%,26.43%,280,Khánh Hòa,NTB,AM Phi
NTB - Khánh Hòa,(KHO) Khánh Vĩnh,Hàng Mới Ca 1,2026-09-22 - Thứ 3,201,100.00%,74.63%,2.99%,13.32,150,6,201,6,45,0,0.00%,22.38%,201,Khánh Hòa,NTB,AM Phi
NTB - Khánh Hòa,(KHO) Khánh Vĩnh,Hàng Mới Ca 1,2026-09-14 - Thứ 2,217,100.00%,78.80%,2.30%,9.99,171,5,217,5,41,0,0.00%,18.90%,217,Khánh Hòa,NTB,AM Phi
NTB - Khánh Hòa,(KHO) Khánh Vĩnh,Hàng Mới Ca 1,2026-10-02 - Thứ 6,300,86.67%,66.00%,1.00%,11.23,198,3,260,3,99,40,13.33%,33.00%,300,Khánh Hòa,NTB,AM Phi
NTB - Khánh Hòa,(KHO) Khánh Vĩnh,Hàng Mới Ca 1,2026-09-29 - Thứ 3,226,99.56%,80.53%,0.00%,11.4,182,0,225,0,44,1,0.44%,19.47%,226,Khánh Hòa,NTB,AM Phi
NTB - Khánh Hòa,(KHO) Khánh Vĩnh,Hàng Mới Ca 1,2026-10-08 - Thứ 5,284,100.00%,79.58%,3.87%,11.09,226,11,284,11,47,0,0.00%,16.55%,284,Khánh Hòa,NTB,AM Phi
NTB - Khánh Hòa,(KHO) Khánh Vĩnh,Hàng Mới Ca 1,2026-09-19 - Thứ 7,208,100.00%,73.08%,3.37%,11.48,152,7,208,7,49,0,0.00%,23.55%,208,Khánh Hòa,NTB,AM Phi
NTB - Khánh Hòa,(KHO) Khánh Vĩnh,Hàng Mới Ca 1,2026-10-04 - Chủ Nhật,280,100.00%,72.86%,3.93%,12.25,204,11,280,11,65,0,0.00%,23.21%,280,Khánh Hòa,NTB,AM Phi
NTB - Khánh Hòa,(KHO) Khánh Vĩnh,Hàng Mới Ca 1,2026-09-30 - Thứ 4,256,100.00%,81.25%,1.56%,9.21,208,4,256,4,44,0,0.00%,17.19%,256,Khánh Hòa,NTB,AM Phi
NTB - Khánh Hòa,(KHO) Khánh Vĩnh,Hàng Mới Ca 1,2026-09-17 - Thứ 5,255,99.22%,76.47%,2.35%,10.12,195,6,253,6,54,2,0.78%,21.18%,255,Khánh Hòa,NTB,AM Phi
NTB - Khánh Hòa,(KHO) Khánh Vĩnh,Hàng Mới Ca 1,2026-09-26 - Thứ 7,184,100.00%,76.09%,1.09%,13.89,140,2,184,2,42,0,0.00%,22.82%,184,Khánh Hòa,NTB,AM Phi
NTB - Khánh Hòa,(KHO) Khánh Vĩnh,Hàng Mới Ca 1,2026-09-28 - Thứ 2,180,100.00%,81.11%,1.11%,6.79,146,2,180,2,32,0,0.00%,17.78%,180,Khánh Hòa,NTB,AM Phi
NTB - Khánh Hòa,(KHO) Khánh Vĩnh,Hàng Mới Ca 1,2026-10-03 - Thứ 7,231,80.09%,55.84%,1.30%,10.2,129,3,185,3,99,46,19.91%,42.86%,231,Khánh Hòa,NTB,AM Phi
NTB - Khánh Hòa,(KHO) Khánh Vĩnh,Hàng Mới Ca 1,2026-09-16 - Thứ 4,267,99.25%,71.54%,4.87%,10.69,191,13,265,13,63,2,0.75%,23.59%,267,Khánh Hòa,NTB,AM Phi
NTB - Khánh Hòa,(KHO) Khánh Vĩnh,Hàng Mới Ca 1,2026-09-25 - Thứ 6,271,100.00%,82.29%,1.48%,10.93,223,4,271,4,44,0,0.00%,16.23%,271,Khánh Hòa,NTB,AM Phi
NTB - Khánh Hòa,(KHO) Khánh Vĩnh,Hàng Mới Ca 1,2026-09-27 - Chủ Nhật,177,99.44%,71.75%,1.69%,5.81,127,3,176,3,47,1,0.56%,26.56%,177,Khánh Hòa,NTB,AM Phi
NTB - Khánh Hòa,(KHO) Khánh Vĩnh,Hàng Mới Ca 1,2026-09-24 - Thứ 5,286,100.00%,81.12%,1.05%,8.36,232,3,286,3,51,0,0.00%,17.83%,286,Khánh Hòa,NTB,AM Phi
NTB - Khánh Hòa,(KHO) Khánh Vĩnh,Hàng Mới Ca 1,2026-09-18 - Thứ 6,242,100.00%,77.27%,0.83%,9.26,187,2,242,2,53,0,0.00%,21.90%,242,Khánh Hòa,NTB,AM Phi
NTB - Khánh Hòa,(KHO) Khánh Vĩnh,Hàng Mới Ca 1,2026-09-21 - Thứ 2,168,99.40%,76.19%,1.19%,10.17,128,2,167,2,38,1,0.60%,22.62%,168,Khánh Hòa,NTB,AM Phi
NTB - Khánh Hòa,(KHO) Khánh Vĩnh,Hàng Mới Ca 1,2026-09-13 - Chủ Nhật,254,100.00%,73.62%,1.18%,10.69,187,3,254,3,64,0,0.00%,25.20%,254,Khánh Hòa,NTB,AM Phi
NTB - Khánh Hòa,(KHO) Khánh Vĩnh,Hàng Mới Ca 1,2026-10-05 - Thứ 2,264,100.00%,75.38%,3.03%,10.93,199,8,264,8,57,0,0.00%,21.59%,264,Khánh Hòa,NTB,AM Phi
NTB - Khánh Hòa,(KHO) Khánh Vĩnh,Hàng Mới Ca 1,2026-10-09 - Thứ 6,297,100.00%,77.44%,2.36%,11.09,230,7,297,7,60,0,0.00%,20.20%,297,Khánh Hòa,NTB,AM Phi
NTB - Khánh Hòa,(KHO) Khánh Vĩnh,Hàng Mới Ca 1,2026-09-23 - Thứ 4,223,100.00%,82.96%,2.24%,8.41,185,5,223,5,33,0,0.00%,14.80%,223,Khánh Hòa,NTB,AM Phi
NTB - Khánh Hòa,(KHO) Khánh Vĩnh,Hàng Mới Ca 1,2026-09-15 - Thứ 3,165,98.79%,74.55%,0.61%,13.97,123,1,163,1,41,2,1.21%,24.84%,165,Khánh Hòa,NTB,AM Phi
NTB - Khánh Hòa,(KHO) Khánh Vĩnh,Hàng Mới Ca 2,2026-10-09 - Thứ 6,21,9.52%,9.52%,0.00%,4,2,0,2,0,19,19,90.48%,90.48%,21,Khánh Hòa,NTB,AM Phi
NTB - Khánh Hòa,(KHO) Khánh Vĩnh,Hàng Mới Ca 2,2026-09-26 - Thứ 7,112,0.00%,0.00%,0.00%,0,0,0,0,0,112,112,100.00%,100.00%,112,Khánh Hòa,NTB,AM Phi
NTB - Khánh Hòa,(KHO) Khánh Vĩnh,Hàng Mới Ca 2,2026-09-14 - Thứ 2,2,0.00%,0.00%,0.00%,0,0,0,0,0,2,2,100.00%,100.00%,2,Khánh Hòa,NTB,AM Phi
NTB - Khánh Hòa,(KHO) Khánh Vĩnh,Hàng Tồn,2026-09-24 - Thứ 5,62,91.94%,25.81%,9.68%,44.19,16,6,57,6,40,5,8.06%,64.51%,0,Khánh Hòa,NTB,AM Phi
NTB - Khánh Hòa,(KHO) Khánh Vĩnh,Hàng Tồn,2026-10-06 - Thứ 3,103,98.06%,41.75%,9.71%,45.5,43,10,101,10,50,2,1.94%,48.54%,0,Khánh Hòa,NTB,AM Phi
NTB - Khánh Hòa,(KHO) Khánh Vĩnh,Hàng Tồn,2026-10-01 - Thứ 5,87,95.40%,31.03%,4.60%,41.81,27,4,83,4,56,4,4.60%,64.37%,0,Khánh Hòa,NTB,AM Phi
NTB - Khánh Hòa,(KHO) Khánh Vĩnh,Hàng Tồn,2026-09-22 - Thứ 3,78,98.72%,52.56%,8.97%,50.46,41,7,77,7,30,1,1.28%,38.47%,0,Khánh Hòa,NTB,AM Phi
NTB - Khánh Hòa,(KHO) Khánh Vĩnh,Hàng Tồn,2026-09-14 - Thứ 2,111,99.10%,50.45%,7.21%,45.31,56,8,110,8,47,1,0.90%,42.34%,0,Khánh Hòa,NTB,AM Phi
NTB - Khánh Hòa,(KHO) Khánh Vĩnh,Hàng Tồn,2026-09-15 - Thứ 3,74,98.65%,37.84%,6.76%,43.64,28,5,73,5,41,1,1.35%,55.40%,0,Khánh Hòa,NTB,AM Phi
NTB - Khánh Hòa,(KHO) Khánh Vĩnh,Hàng Tồn,2026-09-29 - Thứ 3,77,98.70%,41.56%,6.49%,48.52,32,5,76,5,40,1,1.30%,51.95%,0,Khánh Hòa,NTB,AM Phi
NTB - Khánh Hòa,(KHO) Khánh Vĩnh,Hàng Tồn,2026-10-08 - Thứ 5,75,98.67%,46.67%,4.00%,41.09,35,3,74,3,37,1,1.33%,49.33%,0,Khánh Hòa,NTB,AM Phi
NTB - Khánh Hòa,(KHO) Khánh Vĩnh,Hàng Tồn,2026-09-17 - Thứ 5,93,97.85%,35.48%,4.30%,37.15,33,4,91,4,56,2,2.15%,60.22%,0,Khánh Hòa,NTB,AM Phi
NTB - Khánh Hòa,(KHO) Khánh Vĩnh,Hàng Tồn,2026-10-09 - Thứ 6,72,97.22%,40.28%,5.56%,41.83,29,4,70,4,39,2,2.78%,54.16%,0,Khánh Hòa,NTB,AM Phi
NTB - Khánh Hòa,(KHO) Khánh Vĩnh,Hàng Tồn,2026-09-28 - Thứ 2,115,96.52%,48.70%,4.35%,41.3,56,5,111,5,54,4,3.48%,46.95%,0,Khánh Hòa,NTB,AM Phi
NTB - Khánh Hòa,(KHO) Khánh Vĩnh,Hàng Tồn,2026-10-07 - Thứ 4,70,98.57%,42.86%,10.00%,46.9,30,7,69,7,33,1,1.43%,47.14%,0,Khánh Hòa,NTB,AM Phi
NTB - Khánh Hòa,(KHO) Khánh Vĩnh,Hàng Tồn,2026-10-03 - Thứ 7,136,91.91%,27.21%,5.88%,40.41,37,8,125,8,91,11,8.09%,66.91%,0,Khánh Hòa,NTB,AM Phi
NTB - Khánh Hòa,(KHO) Khánh Vĩnh,Hàng Tồn,2026-09-16 - Thứ 4,72,100.00%,34.72%,4.17%,47.38,25,3,72,3,44,0,0.00%,61.11%,0,Khánh Hòa,NTB,AM Phi
NTB - Khánh Hòa,(KHO) Khánh Vĩnh,Hàng Tồn,2026-09-18 - Thứ 6,92,98.91%,45.65%,6.52%,36.59,42,6,91,6,44,1,1.09%,47.83%,0,Khánh Hòa,NTB,AM Phi
NTB - Khánh Hòa,(KHO) Khánh Vĩnh,Hàng Tồn,2026-09-27 - Chủ Nhật,180,97.78%,56.11%,3.89%,27.63,101,7,176,7,72,4,2.22%,40.00%,0,Khánh Hòa,NTB,AM Phi
NTB - Khánh Hòa,(KHO) Khánh Vĩnh,Hàng Tồn,2026-09-20 - Chủ Nhật,73,97.26%,43.84%,6.85%,43.03,32,5,71,5,36,2,2.74%,49.31%,0,Khánh Hòa,NTB,AM Phi
NTB - Khánh Hòa,(KHO) Khánh Vĩnh,Hàng Tồn,2026-09-13 - Chủ Nhật,115,98.26%,45.22%,6.96%,44.81,52,8,113,8,55,2,1.74%,47.82%,0,Khánh Hòa,NTB,AM Phi
NTB - Khánh Hòa,(KHO) Khánh Vĩnh,Hàng Tồn,2026-09-12 - Thứ 7,109,98.17%,42.20%,5.50%,47.83,46,6,107,6,57,2,1.83%,52.30%,0,Khánh Hòa,NTB,AM Phi
NTB - Khánh Hòa,(KHO) Khánh Vĩnh,Hàng Tồn,2026-09-19 - Thứ 7,82,98.78%,52.44%,3.66%,44.54,43,3,81,3,36,1,1.22%,43.90%,0,Khánh Hòa,NTB,AM Phi
NTB - Khánh Hòa,(KHO) Khánh Vĩnh,Hàng Tồn,2026-10-04 - Chủ Nhật,176,99.43%,56.82%,4.55%,46.83,100,8,175,8,68,1,0.57%,38.63%,0,Khánh Hòa,NTB,AM Phi
NTB - Khánh Hòa,(KHO) Khánh Vĩnh,Hàng Tồn,2026-09-21 - Thứ 2,102,98.04%,47.06%,3.92%,41.89,48,4,100,4,50,2,1.96%,49.02%,0,Khánh Hòa,NTB,AM Phi
NTB - Khánh Hòa,(KHO) Khánh Vĩnh,Hàng Tồn,2026-10-02 - Thứ 6,58,91.38%,13.79%,10.34%,38.25,8,6,53,6,44,5,8.62%,75.87%,0,Khánh Hòa,NTB,AM Phi
NTB - Khánh Hòa,(KHO) Khánh Vĩnh,Hàng Tồn,2026-09-30 - Thứ 4,67,94.03%,20.90%,5.97%,44.29,14,4,63,4,49,4,5.97%,73.13%,0,Khánh Hòa,NTB,AM Phi
NTB - Khánh Hòa,(KHO) Khánh Vĩnh,Hàng Tồn,2026-09-23 - Thứ 4,67,97.01%,40.30%,5.97%,35.74,27,4,65,4,36,2,2.99%,53.73%,0,Khánh Hòa,NTB,AM Phi
NTB - Khánh Hòa,(KHO) Khánh Vĩnh,Hàng Tồn,2026-09-26 - Thứ 7,75,97.33%,40.00%,6.67%,40.43,30,5,73,5,40,2,2.67%,53.33%,0,Khánh Hòa,NTB,AM Phi
NTB - Khánh Hòa,(KHO) Khánh Vĩnh,Hàng Tồn,2026-09-25 - Thứ 6,82,97.56%,32.93%,13.41%,36.62,27,11,80,11,44,2,2.44%,53.66%,0,Khánh Hòa,NTB,AM Phi
NTB - Khánh Hòa,(KHO) Khánh Vĩnh,Hàng Tồn,2026-10-05 - Thứ 2,129,99.22%,48.06%,6.98%,49.6,62,9,128,9,58,1,0.78%,44.96%,0,Khánh Hòa,NTB,AM Phi
NTB - Khánh Hòa,(KHO) Khánh Sơn,Hàng Mới Ca 1,2026-10-07 - Thứ 4,253,100.00%,91.30%,0.40%,7.04,231,1,253,1,21,0,0.00%,8.30%,253,Khánh Hòa,NTB,AM Duy
NTB - Khánh Hòa,(KHO) Khánh Sơn,Hàng Mới Ca 1,2026-10-03 - Thứ 7,203,100.00%,85.71%,1.97%,5.78,174,4,203,4,25,0,0.00%,12.32%,203,Khánh Hòa,NTB,AM Duy
NTB - Khánh Hòa,(KHO) Khánh Sơn,Hàng Mới Ca 1,2026-09-16 - Thứ 4,245,100.00%,83.27%,0.82%,8.05,204,2,245,2,39,0,0.00%,15.91%,245,Khánh Hòa,NTB,AM Duy
NTB - Khánh Hòa,(KHO) Khánh Sơn,Hàng Mới Ca 1,2026-09-27 - Chủ Nhật,231,100.00%,87.45%,0.87%,5.71,202,2,231,2,27,0,0.00%,11.68%,231,Khánh Hòa,NTB,AM Duy
NTB - Khánh Hòa,(KHO) Khánh Sơn,Hàng Mới Ca 1,2026-09-20 - Chủ Nhật,221,95.48%,70.14%,0.45%,6.85,155,1,211,1,65,10,4.52%,29.41%,221,Khánh Hòa,NTB,AM Duy
NTB - Khánh Hòa,(KHO) Khánh Sơn,Hàng Mới Ca 1,2026-09-13 - Chủ Nhật,258,100.00%,86.43%,0.78%,7.5,223,2,258,2,33,0,0.00%,12.79%,258,Khánh Hòa,NTB,AM Duy
NTB - Khánh Hòa,(KHO) Khánh Sơn,Hàng Mới Ca 1,2026-09-24 - Thứ 5,268,100.00%,82.46%,3.73%,5.9,221,10,268,10,37,0,0.00%,13.81%,268,Khánh Hòa,NTB,AM Duy
NTB - Khánh Hòa,(KHO) Khánh Sơn,Hàng Mới Ca 1,2026-10-06 - Thứ 3,304,100.00%,73.68%,1.32%,6.6,224,4,304,4,76,0,0.00%,25.00%,304,Khánh Hòa,NTB,AM Duy
NTB - Khánh Hòa,(KHO) Khánh Sơn,Hàng Mới Ca 1,2026-09-12 - Thứ 7,277,99.28%,85.56%,1.81%,6.55,237,5,275,5,35,2,0.72%,12.63%,277,Khánh Hòa,NTB,AM Duy
NTB - Khánh Hòa,(KHO) Khánh Sơn,Hàng Mới Ca 1,2026-09-22 - Thứ 3,200,99.50%,86.50%,2.00%,6.84,173,4,199,4,23,1,0.50%,11.50%,200,Khánh Hòa,NTB,AM Duy
NTB - Khánh Hòa,(KHO) Khánh Sơn,Hàng Mới Ca 1,2026-09-23 - Thứ 4,229,100.00%,86.46%,0.87%,6.37,198,2,229,2,29,0,0.00%,12.67%,229,Khánh Hòa,NTB,AM Duy
NTB - Khánh Hòa,(KHO) Khánh Sơn,Hàng Mới Ca 1,2026-09-14 - Thứ 2,247,99.60%,84.62%,1.62%,7.27,209,4,246,4,34,1,0.40%,13.76%,247,Khánh Hòa,NTB,AM Duy
NTB - Khánh Hòa,(KHO) Khánh Sơn,Hàng Mới Ca 1,2026-09-15 - Thứ 3,195,100.00%,89.74%,1.03%,5.98,175,2,195,2,18,0,0.00%,9.23%,195,Khánh Hòa,NTB,AM Duy
NTB - Khánh Hòa,(KHO) Khánh Sơn,Hàng Mới Ca 1,2026-10-02 - Thứ 6,310,99.68%,85.48%,1.94%,6.56,265,6,309,6,39,1,0.32%,12.58%,310,Khánh Hòa,NTB,AM Duy
NTB - Khánh Hòa,(KHO) Khánh Sơn,Hàng Mới Ca 1,2026-09-29 - Thứ 3,205,99.02%,83.41%,0.49%,7.11,171,1,203,1,33,2,0.98%,16.10%,205,Khánh Hòa,NTB,AM Duy
NTB - Khánh Hòa,(KHO) Khánh Sơn,Hàng Mới Ca 1,2026-10-08 - Thứ 5,313,99.68%,89.14%,1.60%,6.85,279,5,312,5,29,1,0.32%,9.26%,313,Khánh Hòa,NTB,AM Duy
NTB - Khánh Hòa,(KHO) Khánh Sơn,Hàng Mới Ca 1,2026-09-19 - Thứ 7,264,100.00%,82.20%,1.14%,7.1,217,3,264,3,44,0,0.00%,16.66%,264,Khánh Hòa,NTB,AM Duy
NTB - Khánh Hòa,(KHO) Khánh Sơn,Hàng Mới Ca 1,2026-09-30 - Thứ 4,251,100.00%,86.85%,0.40%,6.68,218,1,251,1,32,0,0.00%,12.75%,251,Khánh Hòa,NTB,AM Duy
NTB - Khánh Hòa,(KHO) Khánh Sơn,Hàng Mới Ca 1,2026-09-17 - Thứ 5,249,100.00%,79.92%,2.01%,6.73,199,5,249,5,45,0,0.00%,18.07%,249,Khánh Hòa,NTB,AM Duy
NTB - Khánh Hòa,(KHO) Khánh Sơn,Hàng Mới Ca 1,2026-10-09 - Thứ 6,298,99.66%,89.60%,0.67%,5.97,267,2,297,2,29,1,0.34%,9.73%,298,Khánh Hòa,NTB,AM Duy
NTB - Khánh Hòa,(KHO) Khánh Sơn,Hàng Mới Ca 1,2026-09-28 - Thứ 2,186,99.46%,87.63%,0.54%,6.14,163,1,185,1,22,1,0.54%,11.83%,186,Khánh Hòa,NTB,AM Duy
NTB - Khánh Hòa,(KHO) Khánh Sơn,Hàng Mới Ca 1,2026-09-25 - Thứ 6,288,100.00%,88.19%,2.78%,5.66,254,8,288,8,26,0,0.00%,9.03%,288,Khánh Hòa,NTB,AM Duy
NTB - Khánh Hòa,(KHO) Khánh Sơn,Hàng Mới Ca 1,2026-10-05 - Thứ 2,220,100.00%,87.73%,1.82%,6.34,193,4,220,4,23,0,0.00%,10.45%,220,Khánh Hòa,NTB,AM Duy
NTB - Khánh Hòa,(KHO) Khánh Sơn,Hàng Mới Ca 1,2026-09-18 - Thứ 6,216,100.00%,75.00%,0.46%,7.27,162,1,216,1,53,0,0.00%,24.54%,216,Khánh Hòa,NTB,AM Duy
NTB - Khánh Hòa,(KHO) Khánh Sơn,Hàng Mới Ca 1,2026-10-04 - Chủ Nhật,297,100.00%,82.83%,2.69%,7.18,246,8,297,8,43,0,0.00%,14.48%,297,Khánh Hòa,NTB,AM Duy
NTB - Khánh Hòa,(KHO) Khánh Sơn,Hàng Mới Ca 1,2026-09-26 - Thứ 7,188,99.47%,79.79%,2.13%,5.93,150,4,187,4,34,1,0.53%,18.08%,188,Khánh Hòa,NTB,AM Duy
NTB - Khánh Hòa,(KHO) Khánh Sơn,Hàng Mới Ca 1,2026-09-21 - Thứ 2,179,100.00%,86.03%,0.56%,5.27,154,1,179,1,24,0,0.00%,13.41%,179,Khánh Hòa,NTB,AM Duy
NTB - Khánh Hòa,(KHO) Khánh Sơn,Hàng Mới Ca 1,2026-10-01 - Thứ 5,234,100.00%,88.46%,0.00%,6.58,207,0,234,0,27,0,0.00%,11.54%,234,Khánh Hòa,NTB,AM Duy
NTB - Khánh Hòa,(KHO) Khánh Sơn,Hàng Tồn,2026-10-03 - Thứ 7,51,94.12%,52.94%,5.88%,37.72,27,3,48,3,21,3,5.88%,41.18%,0,Khánh Hòa,NTB,AM Duy
NTB - Khánh Hòa,(KHO) Khánh Sơn,Hàng Tồn,2026-09-21 - Thứ 2,107,99.07%,72.90%,2.80%,46.13,78,3,106,3,26,1,0.93%,24.30%,0,Khánh Hòa,NTB,AM Duy
NTB - Khánh Hòa,(KHO) Khánh Sơn,Hàng Tồn,2026-10-06 - Thứ 3,33,90.91%,39.39%,6.06%,35.17,13,2,30,2,18,3,9.09%,54.55%,0,Khánh Hòa,NTB,AM Duy
NTB - Khánh Hòa,(KHO) Khánh Sơn,Hàng Tồn,2026-09-12 - Thứ 7,47,95.74%,70.21%,6.38%,38.88,33,3,45,3,11,2,4.26%,23.41%,0,Khánh Hòa,NTB,AM Duy
NTB - Khánh Hòa,(KHO) Khánh Sơn,Hàng Tồn,2026-10-05 - Thứ 2,62,96.77%,66.13%,6.45%,35.21,41,4,60,4,17,2,3.23%,27.42%,0,Khánh Hòa,NTB,AM Duy
NTB - Khánh Hòa,(KHO) Khánh Sơn,Hàng Tồn,2026-09-23 - Thứ 4,38,94.74%,36.84%,7.89%,36.92,14,3,36,3,21,2,5.26%,55.27%,0,Khánh Hòa,NTB,AM Duy
NTB - Khánh Hòa,(KHO) Khánh Sơn,Hàng Tồn,2026-09-14 - Thứ 2,53,100.00%,43.40%,5.66%,39,23,3,53,3,27,0,0.00%,50.94%,0,Khánh Hòa,NTB,AM Duy
NTB - Khánh Hòa,(KHO) Khánh Sơn,Hàng Tồn,2026-10-02 - Thứ 6,45,93.33%,42.22%,8.89%,35.78,19,4,42,4,22,3,6.67%,48.89%,0,Khánh Hòa,NTB,AM Duy
NTB - Khánh Hòa,(KHO) Khánh Sơn,Hàng Tồn,2026-09-29 - Thứ 3,39,97.44%,38.46%,10.26%,37.47,15,4,38,4,20,1,2.56%,51.28%,0,Khánh Hòa,NTB,AM Duy
NTB - Khánh Hòa,(KHO) Khánh Sơn,Hàng Tồn,2026-10-08 - Thứ 5,43,95.35%,55.81%,4.65%,39.08,24,2,41,2,17,2,4.65%,39.54%,0,Khánh Hòa,NTB,AM Duy
NTB - Khánh Hòa,(KHO) Khánh Sơn,Hàng Tồn,2026-09-19 - Thứ 7,72,98.61%,54.17%,4.17%,38.73,39,3,71,3,30,1,1.39%,41.66%,0,Khánh Hòa,NTB,AM Duy
NTB - Khánh Hòa,(KHO) Khánh Sơn,Hàng Tồn,2026-10-04 - Chủ Nhật,42,92.86%,50.00%,0.00%,39.86,21,0,39,0,21,3,7.14%,50.00%,0,Khánh Hòa,NTB,AM Duy
NTB - Khánh Hòa,(KHO) Khánh Sơn,Hàng Tồn,2026-09-17 - Thứ 5,54,66.67%,37.04%,5.56%,36.15,20,3,36,3,31,18,33.33%,57.40%,0,Khánh Hòa,NTB,AM Duy
NTB - Khánh Hòa,(KHO) Khánh Sơn,Hàng Tồn,2026-09-18 - Thứ 6,69,100.00%,57.97%,1.45%,39.92,40,1,69,1,28,0,0.00%,40.58%,0,Khánh Hòa,NTB,AM Duy
NTB - Khánh Hòa,(KHO) Khánh Sơn,Hàng Tồn,2026-09-20 - Chủ Nhật,73,76.71%,30.14%,2.74%,39.86,22,2,56,2,49,17,23.29%,67.12%,0,Khánh Hòa,NTB,AM Duy
NTB - Khánh Hòa,(KHO) Khánh Sơn,Hàng Tồn,2026-10-09 - Thứ 6,38,94.74%,63.16%,5.26%,35.26,24,2,36,2,12,2,5.26%,31.58%,0,Khánh Hòa,NTB,AM Duy
NTB - Khánh Hòa,(KHO) Khánh Sơn,Hàng Tồn,2026-09-26 - Thứ 7,37,97.30%,43.24%,2.70%,28.8,16,1,36,1,20,1,2.70%,54.06%,0,Khánh Hòa,NTB,AM Duy
NTB - Khánh Hòa,(KHO) Khánh Sơn,Hàng Tồn,2026-09-24 - Thứ 5,42,100.00%,45.24%,7.14%,39.89,19,3,42,3,20,0,0.00%,47.62%,0,Khánh Hòa,NTB,AM Duy
NTB - Khánh Hòa,(KHO) Khánh Sơn,Hàng Tồn,2026-09-13 - Chủ Nhật,43,93.02%,48.84%,4.65%,38.38,21,2,40,2,20,3,6.98%,46.51%,0,Khánh Hòa,NTB,AM Duy
NTB - Khánh Hòa,(KHO) Khánh Sơn,Hàng Tồn,2026-09-28 - Thứ 2,39,94.87%,46.15%,5.13%,34.56,18,2,37,2,19,2,5.13%,48.72%,0,Khánh Hòa,NTB,AM Duy
NTB - Khánh Hòa,(KHO) Khánh Sơn,Hàng Tồn,2026-10-07 - Thứ 4,92,97.83%,70.65%,2.17%,34.05,65,2,90,2,25,2,2.17%,27.18%,0,Khánh Hòa,NTB,AM Duy
NTB - Khánh Hòa,(KHO) Khánh Sơn,Hàng Tồn,2026-09-25 - Thứ 6,52,98.08%,57.69%,1.92%,35.1,30,1,51,1,21,1,1.92%,40.39%,0,Khánh Hòa,NTB,AM Duy
NTB - Khánh Hòa,(KHO) Khánh Sơn,Hàng Tồn,2026-09-27 - Chủ Nhật,48,95.83%,70.83%,6.25%,35.56,34,3,46,3,11,2,4.17%,22.92%,0,Khánh Hòa,NTB,AM Duy
NTB - Khánh Hòa,(KHO) Khánh Sơn,Hàng Tồn,2026-09-22 - Thứ 3,44,97.73%,52.27%,4.55%,44.33,23,2,43,2,19,1,2.27%,43.18%,0,Khánh Hòa,NTB,AM Duy
NTB - Khánh Hòa,(KHO) Khánh Sơn,Hàng Tồn,2026-09-15 - Thứ 3,50,98.00%,42.00%,6.00%,34.7,21,3,49,3,26,1,2.00%,52.00%,0,Khánh Hòa,NTB,AM Duy
NTB - Khánh Hòa,(KHO) Khánh Sơn,Hàng Tồn,2026-09-30 - Thứ 4,44,97.73%,70.45%,2.27%,34.5,31,1,43,1,12,1,2.27%,27.28%,0,Khánh Hòa,NTB,AM Duy
NTB - Khánh Hòa,(KHO) Khánh Sơn,Hàng Tồn,2026-09-16 - Thứ 4,37,97.30%,32.43%,0.00%,41.09,12,0,36,0,25,1,2.70%,67.57%,0,Khánh Hòa,NTB,AM Duy
NTB - Khánh Hòa,(KHO) Khánh Sơn,Hàng Tồn,2026-10-01 - Thứ 5,43,95.35%,51.16%,2.33%,34.55,22,1,41,1,20,2,4.65%,46.51%,0,Khánh Hòa,NTB,AM Duy
NTB - Khánh Hòa,(KHO) Diên Thọ,Hàng Mới Ca 1,2026-09-18 - Thứ 6,463,100.00%,79.48%,3.02%,6.83,368,14,463,14,81,0,0.00%,17.50%,463,Khánh Hòa,NTB,AM Phi
NTB - Khánh Hòa,(KHO) Diên Thọ,Hàng Mới Ca 1,2026-09-20 - Chủ Nhật,426,88.73%,68.08%,2.58%,6.19,290,11,378,11,125,48,11.27%,29.34%,426,Khánh Hòa,NTB,AM Phi
NTB - Khánh Hòa,(KHO) Diên Thọ,Hàng Mới Ca 1,2026-09-13 - Chủ Nhật,539,99.81%,79.04%,2.97%,6.56,426,16,538,16,97,1,0.19%,17.99%,539,Khánh Hòa,NTB,AM Phi
NTB - Khánh Hòa,(KHO) Diên Thọ,Hàng Mới Ca 1,2026-10-06 - Thứ 3,405,83.95%,60.74%,1.98%,5.87,246,8,340,8,151,65,16.05%,37.28%,405,Khánh Hòa,NTB,AM Phi
NTB - Khánh Hòa,(KHO) Diên Thọ,Hàng Mới Ca 1,2026-09-12 - Thứ 7,425,100.00%,77.41%,4.94%,6.09,329,21,425,21,75,0,0.00%,17.65%,425,Khánh Hòa,NTB,AM Phi
NTB - Khánh Hòa,(KHO) Diên Thọ,Hàng Mới Ca 1,2026-10-05 - Thứ 2,462,98.48%,82.47%,1.95%,6.73,381,9,455,9,72,7,1.52%,15.58%,462,Khánh Hòa,NTB,AM Phi
NTB - Khánh Hòa,(KHO) Diên Thọ,Hàng Mới Ca 1,2026-09-22 - Thứ 3,323,92.88%,73.37%,2.79%,7.4,237,9,300,9,77,23,7.12%,23.84%,323,Khánh Hòa,NTB,AM Phi
NTB - Khánh Hòa,(KHO) Diên Thọ,Hàng Mới Ca 1,2026-09-14 - Thứ 2,382,99.74%,74.35%,3.93%,6.76,284,15,381,15,83,1,0.26%,21.72%,382,Khánh Hòa,NTB,AM Phi
NTB - Khánh Hòa,(KHO) Diên Thọ,Hàng Mới Ca 1,2026-09-15 - Thứ 3,356,99.16%,75.00%,0.00%,6.95,267,0,353,0,89,3,0.84%,25.00%,356,Khánh Hòa,NTB,AM Phi
NTB - Khánh Hòa,(KHO) Diên Thọ,Hàng Mới Ca 1,2026-10-02 - Thứ 6,517,100.00%,79.50%,2.71%,6.79,411,14,517,14,92,0,0.00%,17.79%,517,Khánh Hòa,NTB,AM Phi
NTB - Khánh Hòa,(KHO) Diên Thọ,Hàng Mới Ca 1,2026-09-29 - Thứ 3,334,88.32%,59.28%,1.20%,5.81,198,4,295,4,132,39,11.68%,39.52%,334,Khánh Hòa,NTB,AM Phi
NTB - Khánh Hòa,(KHO) Diên Thọ,Hàng Mới Ca 1,2026-09-19 - Thứ 7,427,100.00%,80.80%,2.58%,6.57,345,11,427,11,71,0,0.00%,16.62%,427,Khánh Hòa,NTB,AM Phi
NTB - Khánh Hòa,(KHO) Diên Thọ,Hàng Mới Ca 1,2026-10-04 - Chủ Nhật,491,87.98%,65.38%,2.65%,6.06,321,13,432,13,157,59,12.02%,31.97%,491,Khánh Hòa,NTB,AM Phi
NTB - Khánh Hòa,(KHO) Diên Thọ,Hàng Mới Ca 1,2026-09-30 - Thứ 4,443,95.03%,71.11%,2.71%,7.13,315,12,421,12,116,22,4.97%,26.18%,443,Khánh Hòa,NTB,AM Phi
NTB - Khánh Hòa,(KHO) Diên Thọ,Hàng Mới Ca 1,2026-09-17 - Thứ 5,404,100.00%,82.92%,2.97%,6.43,335,12,404,12,57,0,0.00%,14.11%,404,Khánh Hòa,NTB,AM Phi
NTB - Khánh Hòa,(KHO) Diên Thọ,Hàng Mới Ca 1,2026-10-09 - Thứ 6,364,100.00%,75.82%,2.47%,7.11,276,9,364,9,79,0,0.00%,21.71%,364,Khánh Hòa,NTB,AM Phi
NTB - Khánh Hòa,(KHO) Diên Thọ,Hàng Mới Ca 1,2026-09-28 - Thứ 2,316,100.00%,79.75%,1.90%,6.17,252,6,316,6,58,0,0.00%,18.35%,316,Khánh Hòa,NTB,AM Phi
NTB - Khánh Hòa,(KHO) Diên Thọ,Hàng Mới Ca 1,2026-10-07 - Thứ 4,503,99.40%,68.79%,2.39%,6.82,346,12,500,12,145,3,0.60%,28.82%,503,Khánh Hòa,NTB,AM Phi
NTB - Khánh Hòa,(KHO) Diên Thọ,Hàng Mới Ca 1,2026-10-03 - Thứ 7,426,99.53%,80.99%,3.76%,6.31,345,16,424,16,65,2,0.47%,15.25%,426,Khánh Hòa,NTB,AM Phi
NTB - Khánh Hòa,(KHO) Diên Thọ,Hàng Mới Ca 1,2026-09-16 - Thứ 4,475,99.37%,81.68%,2.95%,6.82,388,14,472,14,73,3,0.63%,15.37%,475,Khánh Hòa,NTB,AM Phi
NTB - Khánh Hòa,(KHO) Diên Thọ,Hàng Mới Ca 1,2026-09-25 - Thứ 6,515,99.81%,75.92%,2.91%,7,391,15,514,15,109,1,0.19%,21.17%,515,Khánh Hòa,NTB,AM Phi
NTB - Khánh Hòa,(KHO) Diên Thọ,Hàng Mới Ca 1,2026-09-24 - Thứ 5,466,100.00%,81.33%,2.36%,6.95,379,11,466,11,76,0,0.00%,16.31%,466,Khánh Hòa,NTB,AM Phi
NTB - Khánh Hòa,(KHO) Diên Thọ,Hàng Mới Ca 1,2026-10-01 - Thứ 5,403,100.00%,81.64%,2.23%,6.19,329,9,403,9,65,0,0.00%,16.13%,403,Khánh Hòa,NTB,AM Phi
NTB - Khánh Hòa,(KHO) Diên Thọ,Hàng Mới Ca 1,2026-09-21 - Thứ 2,345,89.86%,64.35%,2.03%,6.12,222,7,310,7,116,35,10.14%,33.62%,345,Khánh Hòa,NTB,AM Phi
NTB - Khánh Hòa,(KHO) Diên Thọ,Hàng Mới Ca 1,2026-10-08 - Thứ 5,233,91.85%,76.82%,1.29%,6.47,179,3,214,3,51,19,8.15%,21.89%,233,Khánh Hòa,NTB,AM Phi
NTB - Khánh Hòa,(KHO) Diên Thọ,Hàng Mới Ca 1,2026-09-26 - Thứ 7,333,99.40%,76.28%,4.20%,7,254,14,331,14,65,2,0.60%,19.52%,333,Khánh Hòa,NTB,AM Phi
NTB - Khánh Hòa,(KHO) Diên Thọ,Hàng Mới Ca 1,2026-09-27 - Chủ Nhật,518,94.21%,76.45%,2.32%,6.87,396,12,488,12,110,30,5.79%,21.23%,518,Khánh Hòa,NTB,AM Phi
NTB - Khánh Hòa,(KHO) Diên Thọ,Hàng Mới Ca 1,2026-09-23 - Thứ 4,457,99.78%,78.56%,5.03%,7.01,359,23,456,23,75,1,0.22%,16.41%,457,Khánh Hòa,NTB,AM Phi
NTB - Khánh Hòa,(KHO) Diên Thọ,Hàng Mới Ca 2,2026-10-07 - Thứ 4,269,31.23%,20.82%,0.37%,2.93,56,1,84,1,212,185,68.77%,78.81%,269,Khánh Hòa,NTB,AM Phi
NTB - Khánh Hòa,(KHO) Diên Thọ,Hàng Mới Ca 2,2026-10-08 - Thứ 5,210,39.05%,30.95%,1.43%,2.92,65,3,82,3,142,128,60.95%,67.62%,210,Khánh Hòa,NTB,AM Phi
NTB - Khánh Hòa,(KHO) Diên Thọ,Hàng Mới Ca 2,2026-10-09 - Thứ 6,77,42.86%,37.66%,0.00%,1.93,29,0,33,0,48,44,57.14%,62.34%,77,Khánh Hòa,NTB,AM Phi
NTB - Khánh Hòa,(KHO) Diên Thọ,Hàng Mới Ca 2,2026-09-13 - Chủ Nhật,1,100.00%,100.00%,0.00%,6,1,0,1,0,0,0,0.00%,0.00%,1,Khánh Hòa,NTB,AM Phi
NTB - Khánh Hòa,(KHO) Diên Thọ,Hàng Mới Ca 2,2026-09-24 - Thứ 5,1,100.00%,100.00%,0.00%,2,1,0,1,0,0,0,0.00%,0.00%,1,Khánh Hòa,NTB,AM Phi
NTB - Khánh Hòa,(KHO) Diên Thọ,Hàng Mới Ca 2,2026-09-20 - Chủ Nhật,1,100.00%,100.00%,0.00%,0,1,0,1,0,0,0,0.00%,0.00%,1,Khánh Hòa,NTB,AM Phi
NTB - Khánh Hòa,(KHO) Diên Thọ,Hàng Tồn,2026-10-03 - Thứ 7,142,97.89%,38.03%,7.04%,36.3,54,10,139,10,78,3,2.11%,54.93%,0,Khánh Hòa,NTB,AM Phi
NTB - Khánh Hòa,(KHO) Diên Thọ,Hàng Tồn,2026-09-25 - Thứ 6,132,98.48%,28.79%,6.82%,39.26,38,9,130,9,85,2,1.52%,64.39%,0,Khánh Hòa,NTB,AM Phi
NTB - Khánh Hòa,(KHO) Diên Thọ,Hàng Tồn,2026-09-18 - Thứ 6,118,90.68%,35.59%,7.63%,36.29,42,9,107,9,67,11,9.32%,56.78%,0,Khánh Hòa,NTB,AM Phi
NTB - Khánh Hòa,(KHO) Diên Thọ,Hàng Tồn,2026-09-20 - Chủ Nhật,110,86.36%,35.45%,2.73%,36.72,39,3,95,3,68,15,13.64%,61.82%,0,Khánh Hòa,NTB,AM Phi
NTB - Khánh Hòa,(KHO) Diên Thọ,Hàng Tồn,2026-09-13 - Chủ Nhật,129,97.67%,48.06%,3.88%,39.32,62,5,126,5,62,3,2.33%,48.06%,0,Khánh Hòa,NTB,AM Phi
NTB - Khánh Hòa,(KHO) Diên Thọ,Hàng Tồn,2026-09-24 - Thứ 5,124,99.19%,37.10%,3.23%,38.57,46,4,123,4,74,1,0.81%,59.67%,0,Khánh Hòa,NTB,AM Phi
NTB - Khánh Hòa,(KHO) Diên Thọ,Hàng Tồn,2026-10-06 - Thứ 3,127,89.76%,30.71%,7.87%,44.31,39,10,114,10,78,13,10.24%,61.42%,0,Khánh Hòa,NTB,AM Phi
NTB - Khánh Hòa,(KHO) Diên Thọ,Hàng Tồn,2026-10-01 - Thứ 5,197,97.97%,49.24%,5.58%,37.64,97,11,193,11,89,4,2.03%,45.18%,0,Khánh Hòa,NTB,AM Phi
NTB - Khánh Hòa,(KHO) Diên Thọ,Hàng Tồn,2026-09-12 - Thứ 7,147,97.96%,37.41%,4.08%,46.42,55,6,144,6,86,3,2.04%,58.51%,0,Khánh Hòa,NTB,AM Phi
NTB - Khánh Hòa,(KHO) Diên Thọ,Hàng Tồn,2026-09-22 - Thứ 3,182,90.11%,51.65%,4.95%,38.16,94,9,164,9,79,18,9.89%,43.40%,0,Khánh Hòa,NTB,AM Phi
NTB - Khánh Hòa,(KHO) Diên Thọ,Hàng Tồn,2026-09-14 - Thứ 2,136,97.79%,47.06%,6.62%,35.94,64,9,133,9,63,3,2.21%,46.32%,0,Khánh Hòa,NTB,AM Phi
NTB - Khánh Hòa,(KHO) Diên Thọ,Hàng Tồn,2026-09-15 - Thứ 3,135,96.30%,31.11%,2.96%,34.51,42,4,130,4,89,5,3.70%,65.93%,0,Khánh Hòa,NTB,AM Phi
NTB - Khánh Hòa,(KHO) Diên Thọ,Hàng Tồn,2026-10-08 - Thứ 5,429,94.87%,60.84%,4.20%,28.19,261,18,407,18,150,22,5.13%,34.96%,0,Khánh Hòa,NTB,AM Phi
NTB - Khánh Hòa,(KHO) Diên Thọ,Hàng Tồn,2026-09-19 - Thứ 7,123,98.37%,39.02%,16.26%,38.31,48,20,121,20,55,2,1.63%,44.72%,0,Khánh Hòa,NTB,AM Phi
NTB - Khánh Hòa,(KHO) Diên Thọ,Hàng Tồn,2026-09-30 - Thứ 4,185,91.35%,41.62%,3.78%,35.08,77,7,169,7,101,16,8.65%,54.60%,0,Khánh Hòa,NTB,AM Phi
NTB - Khánh Hòa,(KHO) Diên Thọ,Hàng Tồn,2026-10-09 - Thứ 6,318,98.74%,50.63%,5.97%,32.31,161,19,314,19,138,4,1.26%,43.40%,0,Khánh Hòa,NTB,AM Phi
NTB - Khánh Hòa,(KHO) Diên Thọ,Hàng Tồn,2026-10-07 - Thứ 4,214,98.13%,51.40%,4.21%,36.71,110,9,210,9,95,4,1.87%,44.39%,0,Khánh Hòa,NTB,AM Phi
NTB - Khánh Hòa,(KHO) Diên Thọ,Hàng Tồn,2026-09-23 - Thứ 4,148,97.97%,41.22%,8.11%,40.38,61,12,145,12,75,3,2.03%,50.67%,0,Khánh Hòa,NTB,AM Phi
NTB - Khánh Hòa,(KHO) Diên Thọ,Hàng Tồn,2026-10-05 - Thứ 2,203,98.03%,61.58%,4.93%,35.32,125,10,199,10,68,4,1.97%,33.49%,0,Khánh Hòa,NTB,AM Phi
NTB - Khánh Hòa,(KHO) Diên Thọ,Hàng Tồn,2026-10-02 - Thứ 6,127,98.43%,31.50%,9.45%,43.83,40,12,125,12,75,2,1.57%,59.05%,0,Khánh Hòa,NTB,AM Phi
NTB - Khánh Hòa,(KHO) Diên Thọ,Hàng Tồn,2026-09-29 - Thứ 3,120,91.67%,26.67%,5.83%,39.53,32,7,110,7,81,10,8.33%,67.50%,0,Khánh Hòa,NTB,AM Phi
NTB - Khánh Hòa,(KHO) Diên Thọ,Hàng Tồn,2026-10-04 - Chủ Nhật,117,83.76%,31.62%,5.13%,39.41,37,6,98,6,74,19,16.24%,63.25%,0,Khánh Hòa,NTB,AM Phi
NTB - Khánh Hòa,(KHO) Diên Thọ,Hàng Tồn,2026-09-17 - Thứ 5,132,95.45%,34.09%,7.58%,36.52,45,10,126,10,77,6,4.55%,58.33%,0,Khánh Hòa,NTB,AM Phi
NTB - Khánh Hòa,(KHO) Diên Thọ,Hàng Tồn,2026-09-26 - Thứ 7,159,98.11%,43.40%,4.40%,38.22,69,7,156,7,83,3,1.89%,52.20%,0,Khánh Hòa,NTB,AM Phi
NTB - Khánh Hòa,(KHO) Diên Thọ,Hàng Tồn,2026-09-28 - Thứ 2,169,98.82%,44.38%,8.28%,39.47,75,14,167,14,80,2,1.18%,47.34%,0,Khánh Hòa,NTB,AM Phi
NTB - Khánh Hòa,(KHO) Diên Thọ,Hàng Tồn,2026-09-16 - Thứ 4,173,89.02%,27.17%,10.40%,40.64,47,18,154,18,108,19,10.98%,62.43%,0,Khánh Hòa,NTB,AM Phi
NTB - Khánh Hòa,(KHO) Diên Thọ,Hàng Tồn,2026-09-27 - Chủ Nhật,116,97.41%,35.34%,6.03%,46.28,41,7,113,7,68,3,2.59%,58.63%,0,Khánh Hòa,NTB,AM Phi
NTB - Khánh Hòa,(KHO) Diên Thọ,Hàng Tồn,2026-09-21 - Thứ 2,175,93.14%,49.71%,4.57%,37.15,87,8,163,8,80,12,6.86%,45.72%,0,Khánh Hòa,NTB,AM Phi
NTB - Khánh Hòa,(KHO) Diên Khánh 2,Hàng Mới Ca 1,2026-10-03 - Thứ 7,488,88.32%,74.39%,1.02%,9.19,363,5,431,5,120,57,11.68%,24.59%,488,Khánh Hòa,NTB,AM Phi
NTB - Khánh Hòa,(KHO) Diên Khánh 2,Hàng Mới Ca 1,2026-09-25 - Thứ 6,579,93.61%,70.12%,0.00%,8.94,406,0,542,0,173,37,6.39%,29.88%,579,Khánh Hòa,NTB,AM Phi
NTB - Khánh Hòa,(KHO) Diên Khánh 2,Hàng Mới Ca 1,2026-09-27 - Chủ Nhật,399,90.23%,70.68%,0.75%,8.17,282,3,360,3,114,39,9.77%,28.57%,399,Khánh Hòa,NTB,AM Phi
NTB - Khánh Hòa,(KHO) Diên Khánh 2,Hàng Mới Ca 1,2026-09-21 - Thứ 2,414,77.29%,64.01%,1.69%,7.96,265,7,320,7,142,94,22.71%,34.30%,414,Khánh Hòa,NTB,AM Phi
NTB - Khánh Hòa,(KHO) Diên Khánh 2,Hàng Mới Ca 1,2026-09-20 - Chủ Nhật,474,90.30%,72.78%,1.05%,7.47,345,5,428,5,124,46,9.70%,26.17%,474,Khánh Hòa,NTB,AM Phi
NTB - Khánh Hòa,(KHO) Diên Khánh 2,Hàng Mới Ca 1,2026-09-24 - Thứ 5,553,81.37%,65.10%,0.54%,8.83,360,3,450,3,190,103,18.63%,34.36%,553,Khánh Hòa,NTB,AM Phi
NTB - Khánh Hòa,(KHO) Diên Khánh 2,Hàng Mới Ca 1,2026-10-01 - Thứ 5,486,99.59%,84.77%,1.23%,8.65,412,6,484,6,68,2,0.41%,14.00%,486,Khánh Hòa,NTB,AM Phi
NTB - Khánh Hòa,(KHO) Diên Khánh 2,Hàng Mới Ca 1,2026-09-12 - Thứ 7,581,77.62%,62.99%,1.03%,8.68,366,6,451,6,209,130,22.38%,35.98%,581,Khánh Hòa,NTB,AM Phi
NTB - Khánh Hòa,(KHO) Diên Khánh 2,Hàng Mới Ca 1,2026-10-05 - Thứ 2,478,97.91%,82.85%,1.67%,8.36,396,8,468,8,74,10,2.09%,15.48%,478,Khánh Hòa,NTB,AM Phi
NTB - Khánh Hòa,(KHO) Diên Khánh 2,Hàng Mới Ca 1,2026-09-22 - Thứ 3,339,81.71%,69.32%,0.88%,8.85,235,3,277,3,101,62,18.29%,29.80%,339,Khánh Hòa,NTB,AM Phi
NTB - Khánh Hòa,(KHO) Diên Khánh 2,Hàng Mới Ca 1,2026-09-23 - Thứ 4,589,91.85%,72.84%,2.38%,8.93,429,14,541,14,146,48,8.15%,24.78%,589,Khánh Hòa,NTB,AM Phi
NTB - Khánh Hòa,(KHO) Diên Khánh 2,Hàng Mới Ca 1,2026-09-14 - Thứ 2,502,93.63%,71.51%,0.40%,7.4,359,2,470,2,141,32,6.37%,28.09%,502,Khánh Hòa,NTB,AM Phi
NTB - Khánh Hòa,(KHO) Diên Khánh 2,Hàng Mới Ca 1,2026-09-15 - Thứ 3,382,100.00%,81.94%,0.79%,8.2,313,3,382,3,66,0,0.00%,17.27%,382,Khánh Hòa,NTB,AM Phi
NTB - Khánh Hòa,(KHO) Diên Khánh 2,Hàng Mới Ca 1,2026-10-02 - Thứ 6,505,99.80%,80.20%,0.99%,8.08,405,5,504,5,95,1,0.20%,18.81%,505,Khánh Hòa,NTB,AM Phi
NTB - Khánh Hòa,(KHO) Diên Khánh 2,Hàng Mới Ca 1,2026-10-08 - Thứ 5,647,92.89%,74.65%,1.85%,8.15,483,12,601,12,152,46,7.11%,23.50%,647,Khánh Hòa,NTB,AM Phi
NTB - Khánh Hòa,(KHO) Diên Khánh 2,Hàng Mới Ca 1,2026-09-19 - Thứ 7,482,99.79%,80.71%,1.66%,7.23,389,8,481,8,85,1,0.21%,17.63%,482,Khánh Hòa,NTB,AM Phi
NTB - Khánh Hòa,(KHO) Diên Khánh 2,Hàng Mới Ca 1,2026-10-04 - Chủ Nhật,486,83.33%,60.70%,1.03%,8.33,295,5,405,5,186,81,16.67%,38.27%,486,Khánh Hòa,NTB,AM Phi
NTB - Khánh Hòa,(KHO) Diên Khánh 2,Hàng Mới Ca 1,2026-09-30 - Thứ 4,613,100.00%,84.34%,1.14%,8.07,517,7,613,7,89,0,0.00%,14.52%,613,Khánh Hòa,NTB,AM Phi
NTB - Khánh Hòa,(KHO) Diên Khánh 2,Hàng Mới Ca 1,2026-09-17 - Thứ 5,595,100.00%,84.37%,1.85%,7.69,502,11,595,11,82,0,0.00%,13.78%,595,Khánh Hòa,NTB,AM Phi
NTB - Khánh Hòa,(KHO) Diên Khánh 2,Hàng Mới Ca 1,2026-09-26 - Thứ 7,379,95.25%,76.78%,0.79%,8.78,291,3,361,3,85,18,4.75%,22.43%,379,Khánh Hòa,NTB,AM Phi
NTB - Khánh Hòa,(KHO) Diên Khánh 2,Hàng Mới Ca 1,2026-10-07 - Thứ 4,650,99.69%,79.23%,1.08%,8.79,515,7,648,7,128,2,0.31%,19.69%,650,Khánh Hòa,NTB,AM Phi
NTB - Khánh Hòa,(KHO) Diên Khánh 2,Hàng Mới Ca 1,2026-09-18 - Thứ 6,612,100.00%,84.15%,0.82%,6.6,515,5,612,5,92,0,0.00%,15.03%,612,Khánh Hòa,NTB,AM Phi
NTB - Khánh Hòa,(KHO) Diên Khánh 2,Hàng Mới Ca 1,2026-09-13 - Chủ Nhật,530,76.23%,62.64%,0.75%,8.6,332,4,404,4,194,126,23.77%,36.61%,530,Khánh Hòa,NTB,AM Phi
NTB - Khánh Hòa,(KHO) Diên Khánh 2,Hàng Mới Ca 1,2026-09-29 - Thứ 3,365,99.73%,83.84%,0.27%,8.29,306,1,364,1,58,1,0.27%,15.89%,365,Khánh Hòa,NTB,AM Phi
NTB - Khánh Hòa,(KHO) Diên Khánh 2,Hàng Mới Ca 1,2026-10-09 - Thứ 6,597,87.94%,71.69%,1.17%,8.87,428,7,525,7,162,72,12.06%,27.14%,597,Khánh Hòa,NTB,AM Phi
NTB - Khánh Hòa,(KHO) Diên Khánh 2,Hàng Mới Ca 1,2026-10-06 - Thứ 3,383,99.74%,79.37%,1.04%,7.75,304,4,382,4,75,1,0.26%,19.59%,383,Khánh Hòa,NTB,AM Phi
NTB - Khánh Hòa,(KHO) Diên Khánh 2,Hàng Mới Ca 1,2026-09-28 - Thứ 2,321,99.38%,81.93%,0.62%,8.67,263,2,319,2,56,2,0.62%,17.45%,321,Khánh Hòa,NTB,AM Phi
NTB - Khánh Hòa,(KHO) Diên Khánh 2,Hàng Mới Ca 1,2026-09-16 - Thứ 4,523,99.81%,84.51%,1.15%,8.54,442,6,522,6,75,1,0.19%,14.34%,523,Khánh Hòa,NTB,AM Phi
NTB - Khánh Hòa,(KHO) Diên Khánh 2,Hàng Mới Ca 2,2026-09-16 - Thứ 4,222,59.01%,48.65%,0.00%,4.55,108,0,131,0,114,91,40.99%,51.35%,222,Khánh Hòa,NTB,AM Phi
NTB - Khánh Hòa,(KHO) Diên Khánh 2,Hàng Mới Ca 2,2026-09-27 - Chủ Nhật,308,50.32%,40.58%,0.32%,4.8,125,1,155,1,182,153,49.68%,59.10%,308,Khánh Hòa,NTB,AM Phi
NTB - Khánh Hòa,(KHO) Diên Khánh 2,Hàng Mới Ca 2,2026-09-20 - Chủ Nhật,220,62.27%,54.09%,0.00%,3.81,119,0,137,0,101,83,37.73%,45.91%,220,Khánh Hòa,NTB,AM Phi
NTB - Khánh Hòa,(KHO) Diên Khánh 2,Hàng Mới Ca 2,2026-09-13 - Chủ Nhật,206,54.37%,39.81%,0.00%,4.26,82,0,112,0,124,94,45.63%,60.19%,206,Khánh Hòa,NTB,AM Phi
NTB - Khánh Hòa,(KHO) Diên Khánh 2,Hàng Mới Ca 2,2026-09-24 - Thứ 5,289,51.90%,43.60%,0.35%,5.02,126,1,150,1,162,139,48.10%,56.05%,289,Khánh Hòa,NTB,AM Phi
NTB - Khánh Hòa,(KHO) Diên Khánh 2,Hàng Mới Ca 2,2026-10-01 - Thứ 5,367,66.21%,53.41%,0.27%,4.77,196,1,243,1,170,124,33.79%,46.32%,367,Khánh Hòa,NTB,AM Phi
NTB - Khánh Hòa,(KHO) Diên Khánh 2,Hàng Mới Ca 2,2026-09-12 - Thứ 7,301,46.18%,39.87%,0.33%,4.13,120,1,139,1,180,162,53.82%,59.80%,301,Khánh Hòa,NTB,AM Phi
NTB - Khánh Hòa,(KHO) Diên Khánh 2,Hàng Mới Ca 2,2026-10-05 - Thứ 2,326,48.16%,38.65%,0.31%,4.19,126,1,157,1,199,169,51.84%,61.04%,326,Khánh Hòa,NTB,AM Phi
NTB - Khánh Hòa,(KHO) Diên Khánh 2,Hàng Mới Ca 2,2026-09-22 - Thứ 3,209,48.80%,44.50%,0.00%,3.88,93,0,102,0,116,107,51.20%,55.50%,209,Khánh Hòa,NTB,AM Phi
NTB - Khánh Hòa,(KHO) Diên Khánh 2,Hàng Mới Ca 2,2026-09-14 - Thứ 2,202,51.98%,42.57%,0.00%,3.93,86,0,105,0,116,97,48.02%,57.43%,202,Khánh Hòa,NTB,AM Phi
NTB - Khánh Hòa,(KHO) Diên Khánh 2,Hàng Mới Ca 2,2026-09-29 - Thứ 3,144,83.33%,68.06%,0.69%,3.75,98,1,120,1,45,24,16.67%,31.25%,144,Khánh Hòa,NTB,AM Phi
NTB - Khánh Hòa,(KHO) Diên Khánh 2,Hàng Mới Ca 2,2026-10-08 - Thứ 5,301,30.23%,26.58%,0.00%,4.21,80,0,91,0,221,210,69.77%,73.42%,301,Khánh Hòa,NTB,AM Phi
NTB - Khánh Hòa,(KHO) Diên Khánh 2,Hàng Mới Ca 2,2026-09-19 - Thứ 7,252,73.41%,63.49%,0.40%,4.39,160,1,185,1,91,67,26.59%,36.11%,252,Khánh Hòa,NTB,AM Phi
NTB - Khánh Hòa,(KHO) Diên Khánh 2,Hàng Mới Ca 2,2026-09-30 - Thứ 4,200,77.50%,67.00%,0.00%,5.07,134,0,155,0,66,45,22.50%,33.00%,200,Khánh Hòa,NTB,AM Phi
NTB - Khánh Hòa,(KHO) Diên Khánh 2,Hàng Mới Ca 2,2026-09-17 - Thứ 5,231,69.70%,54.55%,1.30%,4.42,126,3,161,3,102,70,30.30%,44.15%,231,Khánh Hòa,NTB,AM Phi
NTB - Khánh Hòa,(KHO) Diên Khánh 2,Hàng Mới Ca 2,2026-10-09 - Thứ 6,214,37.38%,27.10%,0.93%,4.84,58,2,80,2,154,134,62.62%,71.97%,214,Khánh Hòa,NTB,AM Phi
NTB - Khánh Hòa,(KHO) Diên Khánh 2,Hàng Mới Ca 2,2026-09-26 - Thứ 7,381,37.53%,26.77%,0.79%,6.29,102,3,143,3,276,238,62.47%,72.44%,381,Khánh Hòa,NTB,AM Phi
NTB - Khánh Hòa,(KHO) Diên Khánh 2,Hàng Mới Ca 2,2026-09-28 - Thứ 2,207,69.57%,57.00%,0.00%,4.42,118,0,144,0,89,63,30.43%,43.00%,207,Khánh Hòa,NTB,AM Phi
NTB - Khánh Hòa,(KHO) Diên Khánh 2,Hàng Mới Ca 2,2026-10-07 - Thứ 4,344,34.59%,29.94%,0.29%,4.13,103,1,119,1,240,225,65.41%,69.77%,344,Khánh Hòa,NTB,AM Phi
NTB - Khánh Hòa,(KHO) Diên Khánh 2,Hàng Mới Ca 2,2026-10-03 - Thứ 7,343,56.85%,44.61%,0.29%,4.42,153,1,195,1,189,148,43.15%,55.10%,343,Khánh Hòa,NTB,AM Phi
NTB - Khánh Hòa,(KHO) Diên Khánh 2,Hàng Mới Ca 2,2026-09-25 - Thứ 6,323,33.44%,26.63%,0.62%,4.73,86,2,108,2,235,215,66.56%,72.75%,323,Khánh Hòa,NTB,AM Phi
NTB - Khánh Hòa,(KHO) Diên Khánh 2,Hàng Mới Ca 2,2026-10-06 - Thứ 3,267,45.32%,32.21%,1.12%,4.4,86,3,121,3,178,146,54.68%,66.67%,267,Khánh Hòa,NTB,AM Phi
NTB - Khánh Hòa,(KHO) Diên Khánh 2,Hàng Mới Ca 2,2026-09-15 - Thứ 3,255,56.86%,48.24%,0.00%,3.23,123,0,145,0,132,110,43.14%,51.76%,255,Khánh Hòa,NTB,AM Phi
NTB - Khánh Hòa,(KHO) Diên Khánh 2,Hàng Mới Ca 2,2026-09-18 - Thứ 6,293,66.89%,53.24%,0.68%,4.42,156,2,196,2,135,97,33.11%,46.08%,293,Khánh Hòa,NTB,AM Phi
NTB - Khánh Hòa,(KHO) Diên Khánh 2,Hàng Mới Ca 2,2026-09-21 - Thứ 2,315,58.10%,48.25%,0.00%,4.31,152,0,183,0,163,132,41.90%,51.75%,315,Khánh Hòa,NTB,AM Phi
NTB - Khánh Hòa,(KHO) Diên Khánh 2,Hàng Mới Ca 2,2026-09-23 - Thứ 4,224,57.14%,52.68%,0.45%,4.32,118,1,128,1,105,96,42.86%,46.87%,224,Khánh Hòa,NTB,AM Phi
NTB - Khánh Hòa,(KHO) Diên Khánh 2,Hàng Mới Ca 2,2026-10-02 - Thứ 6,216,70.83%,57.87%,1.85%,4.21,125,4,153,4,87,63,29.17%,40.28%,216,Khánh Hòa,NTB,AM Phi
NTB - Khánh Hòa,(KHO) Diên Khánh 2,Hàng Mới Ca 2,2026-10-04 - Chủ Nhật,314,45.86%,39.17%,0.00%,4.1,123,0,144,0,191,170,54.14%,60.83%,314,Khánh Hòa,NTB,AM Phi
NTB - Khánh Hòa,(KHO) Diên Khánh 2,Hàng Tồn,2026-10-03 - Thứ 7,270,81.48%,35.93%,7.78%,33.78,97,21,220,21,152,50,18.52%,56.29%,0,Khánh Hòa,NTB,AM Phi
NTB - Khánh Hòa,(KHO) Diên Khánh 2,Hàng Tồn,2026-09-25 - Thứ 6,524,85.88%,54.01%,3.82%,38.97,283,20,450,20,221,74,14.12%,42.17%,0,Khánh Hòa,NTB,AM Phi
NTB - Khánh Hòa,(KHO) Diên Khánh 2,Hàng Tồn,2026-09-27 - Chủ Nhật,537,82.50%,50.47%,4.28%,33.66,271,23,443,23,243,94,17.50%,45.25%,0,Khánh Hòa,NTB,AM Phi
NTB - Khánh Hòa,(KHO) Diên Khánh 2,Hàng Tồn,2026-09-21 - Thứ 2,399,55.64%,25.31%,4.51%,41.03,101,18,222,18,280,177,44.36%,70.18%,0,Khánh Hòa,NTB,AM Phi
NTB - Khánh Hòa,(KHO) Diên Khánh 2,Hàng Tồn,2026-09-13 - Chủ Nhật,635,74.96%,45.35%,3.15%,42.75,288,20,476,20,327,159,25.04%,51.50%,0,Khánh Hòa,NTB,AM Phi
NTB - Khánh Hòa,(KHO) Diên Khánh 2,Hàng Tồn,2026-09-24 - Thứ 5,447,79.64%,51.68%,4.03%,48.42,231,18,356,18,198,91,20.36%,44.29%,0,Khánh Hòa,NTB,AM Phi
NTB - Khánh Hòa,(KHO) Diên Khánh 2,Hàng Tồn,2026-10-01 - Thứ 5,246,96.75%,43.90%,8.94%,33.36,108,22,238,22,116,8,3.25%,47.16%,0,Khánh Hòa,NTB,AM Phi
NTB - Khánh Hòa,(KHO) Diên Khánh 2,Hàng Tồn,2026-09-12 - Thứ 7,627,87.24%,48.17%,5.10%,40.04,302,32,547,32,293,80,12.76%,46.73%,0,Khánh Hòa,NTB,AM Phi
NTB - Khánh Hòa,(KHO) Diên Khánh 2,Hàng Tồn,2026-10-05 - Thứ 2,572,92.13%,56.29%,6.29%,36.97,322,36,527,36,214,45,7.87%,37.42%,0,Khánh Hòa,NTB,AM Phi
NTB - Khánh Hòa,(KHO) Diên Khánh 2,Hàng Tồn,2026-09-22 - Thứ 3,562,80.96%,49.47%,3.74%,40.84,278,21,455,21,263,107,19.04%,46.79%,0,Khánh Hòa,NTB,AM Phi
NTB - Khánh Hòa,(KHO) Diên Khánh 2,Hàng Tồn,2026-09-23 - Thứ 4,453,94.48%,47.68%,3.97%,43.86,216,18,428,18,219,25,5.52%,48.35%,0,Khánh Hòa,NTB,AM Phi
NTB - Khánh Hòa,(KHO) Diên Khánh 2,Hàng Tồn,2026-09-14 - Thứ 2,610,98.20%,51.48%,3.77%,42.28,314,23,599,23,273,11,1.80%,44.75%,0,Khánh Hòa,NTB,AM Phi
NTB - Khánh Hòa,(KHO) Diên Khánh 2,Hàng Tồn,2026-09-15 - Thứ 3,475,98.32%,52.63%,4.84%,42.17,250,23,467,23,202,8,1.68%,42.53%,0,Khánh Hòa,NTB,AM Phi
NTB - Khánh Hòa,(KHO) Diên Khánh 2,Hàng Tồn,2026-10-02 - Thứ 6,322,98.14%,56.21%,6.83%,30.4,181,22,316,22,119,6,1.86%,36.96%,0,Khánh Hòa,NTB,AM Phi
NTB - Khánh Hòa,(KHO) Diên Khánh 2,Hàng Tồn,2026-09-29 - Thứ 3,315,96.51%,49.52%,6.35%,43.5,156,20,304,20,139,11,3.49%,44.13%,0,Khánh Hòa,NTB,AM Phi
NTB - Khánh Hòa,(KHO) Diên Khánh 2,Hàng Tồn,2026-10-08 - Thứ 5,500,87.80%,47.20%,5.60%,31.72,236,28,439,28,236,61,12.20%,47.20%,0,Khánh Hòa,NTB,AM Phi
NTB - Khánh Hòa,(KHO) Diên Khánh 2,Hàng Tồn,2026-09-19 - Thứ 7,317,96.85%,47.00%,6.62%,32.69,149,21,307,21,147,10,3.15%,46.38%,0,Khánh Hòa,NTB,AM Phi
NTB - Khánh Hòa,(KHO) Diên Khánh 2,Hàng Tồn,2026-10-04 - Chủ Nhật,439,83.60%,44.19%,4.33%,32.13,194,19,367,19,226,72,16.40%,51.48%,0,Khánh Hòa,NTB,AM Phi
NTB - Khánh Hòa,(KHO) Diên Khánh 2,Hàng Tồn,2026-09-30 - Thứ 4,201,95.02%,36.32%,5.47%,39.12,73,11,191,11,117,10,4.98%,58.21%,0,Khánh Hòa,NTB,AM Phi
NTB - Khánh Hòa,(KHO) Diên Khánh 2,Hàng Tồn,2026-09-17 - Thứ 5,306,97.06%,50.00%,6.86%,38.07,153,21,297,21,132,9,2.94%,43.14%,0,Khánh Hòa,NTB,AM Phi
NTB - Khánh Hòa,(KHO) Diên Khánh 2,Hàng Tồn,2026-10-09 - Thứ 6,565,78.94%,41.59%,7.26%,35.07,235,41,446,41,289,119,21.06%,51.15%,0,Khánh Hòa,NTB,AM Phi
NTB - Khánh Hòa,(KHO) Diên Khánh 2,Hàng Tồn,2026-09-26 - Thứ 7,602,97.67%,58.64%,4.98%,35.78,353,30,588,30,219,14,2.33%,36.38%,0,Khánh Hòa,NTB,AM Phi
NTB - Khánh Hòa,(KHO) Diên Khánh 2,Hàng Tồn,2026-09-28 - Thứ 2,513,99.03%,54.19%,4.87%,38.86,278,25,508,25,210,5,0.97%,40.94%,0,Khánh Hòa,NTB,AM Phi
NTB - Khánh Hòa,(KHO) Diên Khánh 2,Hàng Tồn,2026-09-16 - Thứ 4,352,97.73%,50.28%,5.97%,37.03,177,21,344,21,154,8,2.27%,43.75%,0,Khánh Hòa,NTB,AM Phi
NTB - Khánh Hòa,(KHO) Diên Khánh 2,Hàng Tồn,2026-09-18 - Thứ 6,279,96.77%,51.61%,6.09%,33.92,144,17,270,17,118,9,3.23%,42.30%,0,Khánh Hòa,NTB,AM Phi
NTB - Khánh Hòa,(KHO) Diên Khánh 2,Hàng Tồn,2026-09-20 - Chủ Nhật,292,77.74%,28.08%,6.16%,35.59,82,18,227,18,192,65,22.26%,65.76%,0,Khánh Hòa,NTB,AM Phi
NTB - Khánh Hòa,(KHO) Diên Khánh 2,Hàng Tồn,2026-10-07 - Thứ 4,402,98.51%,49.50%,7.96%,33.06,199,32,396,32,171,6,1.49%,42.54%,0,Khánh Hòa,NTB,AM Phi
NTB - Khánh Hòa,(KHO) Diên Khánh 2,Hàng Tồn,2026-10-06 - Thứ 3,462,97.19%,54.33%,6.28%,36.03,251,29,449,29,182,13,2.81%,39.39%,0,Khánh Hòa,NTB,AM Phi
NTB - Khánh Hòa,(KHO) Diên Khánh 1,Hàng Mới Ca 1,2026-10-03 - Thứ 7,240,99.58%,75.83%,2.08%,10.35,182,5,239,5,53,1,0.42%,22.09%,240,Khánh Hòa,NTB,AM Phi
NTB - Khánh Hòa,(KHO) Diên Khánh 1,Hàng Mới Ca 1,2026-09-25 - Thứ 6,383,99.74%,79.63%,0.78%,11.8,305,3,382,3,75,1,0.26%,19.59%,383,Khánh Hòa,NTB,AM Phi
NTB - Khánh Hòa,(KHO) Diên Khánh 1,Hàng Mới Ca 1,2026-09-13 - Chủ Nhật,318,99.06%,79.56%,0.00%,12.16,253,0,315,0,65,3,0.94%,20.44%,318,Khánh Hòa,NTB,AM Phi
NTB - Khánh Hòa,(KHO) Diên Khánh 1,Hàng Mới Ca 1,2026-09-24 - Thứ 5,311,98.71%,76.85%,0.32%,11.12,239,1,307,1,71,4,1.29%,22.83%,311,Khánh Hòa,NTB,AM Phi
NTB - Khánh Hòa,(KHO) Diên Khánh 1,Hàng Mới Ca 1,2026-10-01 - Thứ 5,206,100.00%,80.58%,0.00%,6.56,166,0,206,0,40,0,0.00%,19.42%,206,Khánh Hòa,NTB,AM Phi
NTB - Khánh Hòa,(KHO) Diên Khánh 1,Hàng Mới Ca 1,2026-09-12 - Thứ 7,297,99.66%,79.46%,0.67%,9.57,236,2,296,2,59,1,0.34%,19.87%,297,Khánh Hòa,NTB,AM Phi
NTB - Khánh Hòa,(KHO) Diên Khánh 1,Hàng Mới Ca 1,2026-10-05 - Thứ 2,248,99.19%,76.61%,0.00%,8.45,190,0,246,0,58,2,0.81%,23.39%,248,Khánh Hòa,NTB,AM Phi
NTB - Khánh Hòa,(KHO) Diên Khánh 1,Hàng Mới Ca 1,2026-09-15 - Thứ 3,205,100.00%,85.37%,0.49%,5.9,175,1,205,1,29,0,0.00%,14.14%,205,Khánh Hòa,NTB,AM Phi
NTB - Khánh Hòa,(KHO) Diên Khánh 1,Hàng Mới Ca 1,2026-10-02 - Thứ 6,164,100.00%,79.27%,0.00%,10.26,130,0,164,0,34,0,0.00%,20.73%,164,Khánh Hòa,NTB,AM Phi
NTB - Khánh Hòa,(KHO) Diên Khánh 1,Hàng Mới Ca 1,2026-09-29 - Thứ 3,140,100.00%,79.29%,0.00%,5.92,111,0,140,0,29,0,0.00%,20.71%,140,Khánh Hòa,NTB,AM Phi
NTB - Khánh Hòa,(KHO) Diên Khánh 1,Hàng Mới Ca 1,2026-10-08 - Thứ 5,270,99.26%,83.70%,1.11%,7.81,226,3,268,3,41,2,0.74%,15.19%,270,Khánh Hòa,NTB,AM Phi
NTB - Khánh Hòa,(KHO) Diên Khánh 1,Hàng Mới Ca 1,2026-09-19 - Thứ 7,334,98.80%,78.14%,0.60%,11.98,261,2,330,2,71,4,1.20%,21.26%,334,Khánh Hòa,NTB,AM Phi
NTB - Khánh Hòa,(KHO) Diên Khánh 1,Hàng Mới Ca 1,2026-10-04 - Chủ Nhật,320,99.69%,76.56%,0.31%,10.36,245,1,319,1,74,1,0.31%,23.13%,320,Khánh Hòa,NTB,AM Phi
NTB - Khánh Hòa,(KHO) Diên Khánh 1,Hàng Mới Ca 1,2026-09-30 - Thứ 4,212,98.58%,76.42%,0.47%,8.43,162,1,209,1,49,3,1.42%,23.11%,212,Khánh Hòa,NTB,AM Phi
NTB - Khánh Hòa,(KHO) Diên Khánh 1,Hàng Mới Ca 1,2026-09-17 - Thứ 5,271,99.26%,85.61%,1.11%,8.84,232,3,269,3,36,2,0.74%,13.28%,271,Khánh Hòa,NTB,AM Phi
NTB - Khánh Hòa,(KHO) Diên Khánh 1,Hàng Mới Ca 1,2026-10-09 - Thứ 6,289,99.65%,78.55%,0.69%,10.34,227,2,288,2,60,1,0.35%,20.76%,289,Khánh Hòa,NTB,AM Phi
NTB - Khánh Hòa,(KHO) Diên Khánh 1,Hàng Mới Ca 1,2026-09-26 - Thứ 7,290,97.93%,83.10%,0.00%,12.68,241,0,284,0,49,6,2.07%,16.90%,290,Khánh Hòa,NTB,AM Phi
NTB - Khánh Hòa,(KHO) Diên Khánh 1,Hàng Mới Ca 1,2026-09-28 - Thứ 2,193,97.93%,76.17%,1.55%,10.85,147,3,189,3,43,4,2.07%,22.28%,193,Khánh Hòa,NTB,AM Phi
NTB - Khánh Hòa,(KHO) Diên Khánh 1,Hàng Mới Ca 1,2026-09-16 - Thứ 4,377,98.94%,75.86%,1.59%,11.02,286,6,373,6,85,4,1.06%,22.55%,377,Khánh Hòa,NTB,AM Phi
NTB - Khánh Hòa,(KHO) Diên Khánh 1,Hàng Mới Ca 1,2026-09-27 - Chủ Nhật,219,100.00%,76.71%,1.37%,6.04,168,3,219,3,48,0,0.00%,21.92%,219,Khánh Hòa,NTB,AM Phi
NTB - Khánh Hòa,(KHO) Diên Khánh 1,Hàng Mới Ca 1,2026-09-21 - Thứ 2,214,99.07%,81.78%,0.47%,10.31,175,1,212,1,38,2,0.93%,17.75%,214,Khánh Hòa,NTB,AM Phi
NTB - Khánh Hòa,(KHO) Diên Khánh 1,Hàng Mới Ca 1,2026-09-18 - Thứ 6,324,99.07%,75.62%,1.54%,12.44,245,5,321,5,74,3,0.93%,22.84%,324,Khánh Hòa,NTB,AM Phi
NTB - Khánh Hòa,(KHO) Diên Khánh 1,Hàng Mới Ca 1,2026-09-20 - Chủ Nhật,294,98.98%,77.21%,0.68%,8.41,227,2,291,2,65,3,1.02%,22.11%,294,Khánh Hòa,NTB,AM Phi
NTB - Khánh Hòa,(KHO) Diên Khánh 1,Hàng Mới Ca 1,2026-10-06 - Thứ 3,222,100.00%,81.53%,1.80%,7.53,181,4,222,4,37,0,0.00%,16.67%,222,Khánh Hòa,NTB,AM Phi
NTB - Khánh Hòa,(KHO) Diên Khánh 1,Hàng Mới Ca 1,2026-09-22 - Thứ 3,180,100.00%,77.22%,1.11%,12.62,139,2,180,2,39,0,0.00%,21.67%,180,Khánh Hòa,NTB,AM Phi
NTB - Khánh Hòa,(KHO) Diên Khánh 1,Hàng Mới Ca 1,2026-09-23 - Thứ 4,342,99.71%,76.61%,0.29%,9.89,262,1,341,1,79,1,0.29%,23.10%,342,Khánh Hòa,NTB,AM Phi
NTB - Khánh Hòa,(KHO) Diên Khánh 1,Hàng Mới Ca 1,2026-09-14 - Thứ 2,385,98.44%,79.22%,0.52%,12.64,305,2,379,2,78,6,1.56%,20.26%,385,Khánh Hòa,NTB,AM Phi
NTB - Khánh Hòa,(KHO) Diên Khánh 1,Hàng Mới Ca 1,2026-10-07 - Thứ 4,271,99.26%,86.72%,1.85%,7.21,235,5,269,5,31,2,0.74%,11.43%,271,Khánh Hòa,NTB,AM Phi
NTB - Khánh Hòa,(KHO) Diên Khánh 1,Hàng Mới Ca 2,2026-09-27 - Chủ Nhật,100,99.00%,69.00%,1.00%,2.42,69,1,99,1,30,1,1.00%,30.00%,100,Khánh Hòa,NTB,AM Phi
NTB - Khánh Hòa,(KHO) Diên Khánh 1,Hàng Mới Ca 2,2026-09-13 - Chủ Nhật,41,87.80%,63.41%,0.00%,2.77,26,0,36,0,15,5,12.20%,36.59%,41,Khánh Hòa,NTB,AM Phi
NTB - Khánh Hòa,(KHO) Diên Khánh 1,Hàng Mới Ca 2,2026-09-24 - Thứ 5,50,98.00%,92.00%,0.00%,3.17,46,0,49,0,4,1,2.00%,8.00%,50,Khánh Hòa,NTB,AM Phi
NTB - Khánh Hòa,(KHO) Diên Khánh 1,Hàng Mới Ca 2,2026-10-06 - Thứ 3,117,100.00%,73.50%,2.56%,4.02,86,3,117,3,28,0,0.00%,23.94%,117,Khánh Hòa,NTB,AM Phi
NTB - Khánh Hòa,(KHO) Diên Khánh 1,Hàng Mới Ca 2,2026-10-05 - Thứ 2,145,100.00%,61.38%,0.69%,4.12,89,1,145,1,55,0,0.00%,37.93%,145,Khánh Hòa,NTB,AM Phi
NTB - Khánh Hòa,(KHO) Diên Khánh 1,Hàng Mới Ca 2,2026-09-23 - Thứ 4,83,100.00%,77.11%,1.20%,3.66,64,1,83,1,18,0,0.00%,21.69%,83,Khánh Hòa,NTB,AM Phi
NTB - Khánh Hòa,(KHO) Diên Khánh 1,Hàng Mới Ca 2,2026-09-14 - Thứ 2,144,99.31%,75.69%,0.69%,3.8,109,1,143,1,34,1,0.69%,23.62%,144,Khánh Hòa,NTB,AM Phi
NTB - Khánh Hòa,(KHO) Diên Khánh 1,Hàng Mới Ca 2,2026-10-02 - Thứ 6,72,100.00%,87.50%,0.00%,3.87,63,0,72,0,9,0,0.00%,12.50%,72,Khánh Hòa,NTB,AM Phi
NTB - Khánh Hòa,(KHO) Diên Khánh 1,Hàng Mới Ca 2,2026-10-08 - Thứ 5,156,100.00%,80.77%,0.64%,3.25,126,1,156,1,29,0,0.00%,18.59%,156,Khánh Hòa,NTB,AM Phi
NTB - Khánh Hòa,(KHO) Diên Khánh 1,Hàng Mới Ca 2,2026-09-19 - Thứ 7,73,100.00%,68.49%,0.00%,3.9,50,0,73,0,23,0,0.00%,31.51%,73,Khánh Hòa,NTB,AM Phi
NTB - Khánh Hòa,(KHO) Diên Khánh 1,Hàng Mới Ca 2,2026-10-04 - Chủ Nhật,113,100.00%,72.57%,2.65%,3.29,82,3,113,3,28,0,0.00%,24.78%,113,Khánh Hòa,NTB,AM Phi
NTB - Khánh Hòa,(KHO) Diên Khánh 1,Hàng Mới Ca 2,2026-09-26 - Thứ 7,134,100.00%,77.61%,0.75%,3.38,104,1,134,1,29,0,0.00%,21.64%,134,Khánh Hòa,NTB,AM Phi
NTB - Khánh Hòa,(KHO) Diên Khánh 1,Hàng Mới Ca 2,2026-09-28 - Thứ 2,59,100.00%,81.36%,0.00%,3.17,48,0,59,0,11,0,0.00%,18.64%,59,Khánh Hòa,NTB,AM Phi
NTB - Khánh Hòa,(KHO) Diên Khánh 1,Hàng Mới Ca 2,2026-09-25 - Thứ 6,34,79.41%,64.71%,0.00%,3.82,22,0,27,0,12,7,20.59%,35.29%,34,Khánh Hòa,NTB,AM Phi
NTB - Khánh Hòa,(KHO) Diên Khánh 1,Hàng Mới Ca 2,2026-09-18 - Thứ 6,110,100.00%,72.73%,0.91%,3.66,80,1,110,1,29,0,0.00%,26.36%,110,Khánh Hòa,NTB,AM Phi
NTB - Khánh Hòa,(KHO) Diên Khánh 1,Hàng Mới Ca 2,2026-09-21 - Thứ 2,122,99.18%,78.69%,0.82%,3.39,96,1,121,1,25,1,0.82%,20.49%,122,Khánh Hòa,NTB,AM Phi
NTB - Khánh Hòa,(KHO) Diên Khánh 1,Hàng Mới Ca 2,2026-10-01 - Thứ 5,90,100.00%,75.56%,0.00%,3.1,68,0,90,0,22,0,0.00%,24.44%,90,Khánh Hòa,NTB,AM Phi
NTB - Khánh Hòa,(KHO) Diên Khánh 1,Hàng Mới Ca 2,2026-10-07 - Thứ 4,176,100.00%,80.68%,0.00%,3.62,142,0,176,0,34,0,0.00%,19.32%,176,Khánh Hòa,NTB,AM Phi
NTB - Khánh Hòa,(KHO) Diên Khánh 1,Hàng Mới Ca 2,2026-09-20 - Chủ Nhật,84,100.00%,60.71%,1.19%,3.61,51,1,84,1,32,0,0.00%,38.10%,84,Khánh Hòa,NTB,AM Phi
NTB - Khánh Hòa,(KHO) Diên Khánh 1,Hàng Mới Ca 2,2026-09-12 - Thứ 7,204,99.51%,76.96%,1.47%,3.94,157,3,203,3,44,1,0.49%,21.57%,204,Khánh Hòa,NTB,AM Phi
NTB - Khánh Hòa,(KHO) Diên Khánh 1,Hàng Mới Ca 2,2026-09-22 - Thứ 3,13,100.00%,92.31%,0.00%,3.33,12,0,13,0,1,0,0.00%,7.69%,13,Khánh Hòa,NTB,AM Phi
NTB - Khánh Hòa,(KHO) Diên Khánh 1,Hàng Mới Ca 2,2026-09-15 - Thứ 3,142,100.00%,82.39%,0.70%,3.37,117,1,142,1,24,0,0.00%,16.91%,142,Khánh Hòa,NTB,AM Phi
NTB - Khánh Hòa,(KHO) Diên Khánh 1,Hàng Mới Ca 2,2026-09-29 - Thứ 3,77,100.00%,67.53%,0.00%,4.29,52,0,77,0,25,0,0.00%,32.47%,77,Khánh Hòa,NTB,AM Phi
NTB - Khánh Hòa,(KHO) Diên Khánh 1,Hàng Mới Ca 2,2026-09-30 - Thứ 4,39,97.44%,76.92%,0.00%,3.6,30,0,38,0,9,1,2.56%,23.08%,39,Khánh Hòa,NTB,AM Phi
NTB - Khánh Hòa,(KHO) Diên Khánh 1,Hàng Mới Ca 2,2026-10-03 - Thứ 7,136,100.00%,80.15%,0.74%,2.99,109,1,136,1,26,0,0.00%,19.11%,136,Khánh Hòa,NTB,AM Phi
NTB - Khánh Hòa,(KHO) Diên Khánh 1,Hàng Mới Ca 2,2026-09-16 - Thứ 4,166,98.80%,75.30%,0.60%,4.13,125,1,164,1,40,2,1.20%,24.10%,166,Khánh Hòa,NTB,AM Phi
NTB - Khánh Hòa,(KHO) Diên Khánh 1,Hàng Mới Ca 2,2026-09-17 - Thứ 5,141,100.00%,73.76%,2.84%,4.1,104,4,141,4,33,0,0.00%,23.40%,141,Khánh Hòa,NTB,AM Phi
NTB - Khánh Hòa,(KHO) Diên Khánh 1,Hàng Mới Ca 2,2026-10-09 - Thứ 6,68,100.00%,85.29%,0.00%,4.26,58,0,68,0,10,0,0.00%,14.71%,68,Khánh Hòa,NTB,AM Phi
NTB - Khánh Hòa,(KHO) Diên Khánh 1,Hàng Tồn,2026-09-18 - Thứ 6,131,95.42%,36.64%,8.40%,43.48,48,11,125,11,72,6,4.58%,54.96%,0,Khánh Hòa,NTB,AM Phi
NTB - Khánh Hòa,(KHO) Diên Khánh 1,Hàng Tồn,2026-09-21 - Thứ 2,163,97.55%,52.76%,8.59%,39.41,86,14,159,14,63,4,2.45%,38.65%,0,Khánh Hòa,NTB,AM Phi
NTB - Khánh Hòa,(KHO) Diên Khánh 1,Hàng Tồn,2026-09-20 - Chủ Nhật,158,96.84%,29.75%,11.39%,38.51,47,18,153,18,93,5,3.16%,58.86%,0,Khánh Hòa,NTB,AM Phi
NTB - Khánh Hòa,(KHO) Diên Khánh 1,Hàng Tồn,2026-09-13 - Chủ Nhật,166,51.20%,22.29%,4.22%,34.41,37,7,85,7,122,81,48.80%,73.49%,0,Khánh Hòa,NTB,AM Phi
NTB - Khánh Hòa,(KHO) Diên Khánh 1,Hàng Tồn,2026-09-24 - Thứ 5,141,78.72%,26.95%,4.26%,39.21,38,6,111,6,97,30,21.28%,68.79%,0,Khánh Hòa,NTB,AM Phi
NTB - Khánh Hòa,(KHO) Diên Khánh 1,Hàng Tồn,2026-10-01 - Thứ 5,91,95.60%,26.37%,9.89%,36.13,24,9,87,9,58,4,4.40%,63.74%,0,Khánh Hòa,NTB,AM Phi
NTB - Khánh Hòa,(KHO) Diên Khánh 1,Hàng Tồn,2026-09-12 - Thứ 7,126,95.24%,30.95%,2.38%,37.72,39,3,120,3,84,6,4.76%,66.67%,0,Khánh Hòa,NTB,AM Phi
NTB - Khánh Hòa,(KHO) Diên Khánh 1,Hàng Tồn,2026-10-05 - Thứ 2,151,73.51%,30.46%,5.30%,34.5,46,8,111,8,97,40,26.49%,64.24%,0,Khánh Hòa,NTB,AM Phi
NTB - Khánh Hòa,(KHO) Diên Khánh 1,Hàng Tồn,2026-09-22 - Thứ 3,108,94.44%,38.89%,10.19%,39.9,42,11,102,11,55,6,5.56%,50.92%,0,Khánh Hòa,NTB,AM Phi
NTB - Khánh Hòa,(KHO) Diên Khánh 1,Hàng Tồn,2026-09-14 - Thứ 2,193,97.41%,47.15%,6.22%,47.58,91,12,188,12,90,5,2.59%,46.63%,0,Khánh Hòa,NTB,AM Phi
NTB - Khánh Hòa,(KHO) Diên Khánh 1,Hàng Tồn,2026-09-15 - Thứ 3,175,97.14%,37.71%,6.86%,38.91,66,12,170,12,97,5,2.86%,55.43%,0,Khánh Hòa,NTB,AM Phi
NTB - Khánh Hòa,(KHO) Diên Khánh 1,Hàng Tồn,2026-09-29 - Thứ 3,123,95.12%,30.08%,13.01%,47.08,37,16,117,16,70,6,4.88%,56.91%,0,Khánh Hòa,NTB,AM Phi
NTB - Khánh Hòa,(KHO) Diên Khánh 1,Hàng Tồn,2026-10-08 - Thứ 5,105,95.24%,42.86%,9.52%,32.09,45,10,100,10,50,5,4.76%,47.62%,0,Khánh Hòa,NTB,AM Phi
NTB - Khánh Hòa,(KHO) Diên Khánh 1,Hàng Tồn,2026-09-19 - Thứ 7,158,97.47%,39.24%,6.96%,38.13,62,11,154,11,85,4,2.53%,53.80%,0,Khánh Hòa,NTB,AM Phi
NTB - Khánh Hòa,(KHO) Diên Khánh 1,Hàng Tồn,2026-09-17 - Thứ 5,174,97.13%,45.98%,9.20%,36.3,80,16,169,16,78,5,2.87%,44.82%,0,Khánh Hòa,NTB,AM Phi
NTB - Khánh Hòa,(KHO) Diên Khánh 1,Hàng Tồn,2026-10-09 - Thứ 6,112,78.57%,30.36%,10.71%,36.41,34,12,88,12,66,24,21.43%,58.93%,0,Khánh Hòa,NTB,AM Phi
NTB - Khánh Hòa,(KHO) Diên Khánh 1,Hàng Tồn,2026-09-26 - Thứ 7,157,94.27%,35.67%,6.37%,44.42,56,10,148,10,91,9,5.73%,57.96%,0,Khánh Hòa,NTB,AM Phi
NTB - Khánh Hòa,(KHO) Diên Khánh 1,Hàng Tồn,2026-10-03 - Thứ 7,90,95.56%,23.33%,10.00%,42.95,21,9,86,9,60,4,4.44%,66.67%,0,Khánh Hòa,NTB,AM Phi
NTB - Khánh Hòa,(KHO) Diên Khánh 1,Hàng Tồn,2026-09-16 - Thứ 4,129,95.35%,28.68%,10.85%,47.3,37,14,123,14,78,6,4.65%,60.47%,0,Khánh Hòa,NTB,AM Phi
NTB - Khánh Hòa,(KHO) Diên Khánh 1,Hàng Tồn,2026-09-27 - Chủ Nhật,147,95.92%,34.01%,10.20%,41.82,50,15,141,15,82,6,4.08%,55.79%,0,Khánh Hòa,NTB,AM Phi
NTB - Khánh Hòa,(KHO) Diên Khánh 1,Hàng Tồn,2026-10-06 - Thứ 3,194,97.94%,43.81%,6.19%,36.93,85,12,190,12,97,4,2.06%,50.00%,0,Khánh Hòa,NTB,AM Phi
NTB - Khánh Hòa,(KHO) Diên Khánh 1,Hàng Tồn,2026-09-23 - Thứ 4,88,93.18%,25.00%,11.36%,56.27,22,10,82,10,56,6,6.82%,63.64%,0,Khánh Hòa,NTB,AM Phi
NTB - Khánh Hòa,(KHO) Diên Khánh 1,Hàng Tồn,2026-10-04 - Chủ Nhật,115,94.78%,36.52%,10.43%,35.05,42,12,109,12,61,6,5.22%,53.05%,0,Khánh Hòa,NTB,AM Phi
NTB - Khánh Hòa,(KHO) Diên Khánh 1,Hàng Tồn,2026-09-30 - Thứ 4,106,94.34%,29.25%,10.38%,35.9,31,11,100,11,64,6,5.66%,60.37%,0,Khánh Hòa,NTB,AM Phi
NTB - Khánh Hòa,(KHO) Diên Khánh 1,Hàng Tồn,2026-09-28 - Thứ 2,140,80.71%,28.57%,6.43%,32.18,40,9,113,9,91,27,19.29%,65.00%,0,Khánh Hòa,NTB,AM Phi
NTB - Khánh Hòa,(KHO) Diên Khánh 1,Hàng Tồn,2026-10-07 - Thứ 4,143,95.80%,49.65%,11.19%,43.55,71,16,137,16,56,6,4.20%,39.16%,0,Khánh Hòa,NTB,AM Phi
NTB - Khánh Hòa,(KHO) Diên Khánh 1,Hàng Tồn,2026-09-25 - Thứ 6,161,96.27%,32.92%,5.59%,46.75,53,9,155,9,99,6,3.73%,61.49%,0,Khánh Hòa,NTB,AM Phi
NTB - Khánh Hòa,(KHO) Diên Khánh 1,Hàng Tồn,2026-10-02 - Thứ 6,102,96.08%,34.31%,3.92%,36.79,35,4,98,4,63,4,3.92%,61.77%,0,Khánh Hòa,NTB,AM Phi
NTB - Khánh Hòa,(KHO) Cam Lâm 2,Hàng Mới Ca 1,2026-10-03 - Thứ 7,411,100.00%,86.37%,0.73%,5.86,355,3,411,3,53,0,0.00%,12.90%,411,Khánh Hòa,NTB,AM Long
NTB - Khánh Hòa,(KHO) Cam Lâm 2,Hàng Mới Ca 1,2026-09-25 - Thứ 6,629,99.84%,80.29%,1.11%,6.42,505,7,628,7,117,1,0.16%,18.60%,629,Khánh Hòa,NTB,AM Long
NTB - Khánh Hòa,(KHO) Cam Lâm 2,Hàng Mới Ca 1,2026-09-20 - Chủ Nhật,489,99.80%,85.89%,0.61%,5.6,420,3,488,3,66,1,0.20%,13.50%,489,Khánh Hòa,NTB,AM Long
NTB - Khánh Hòa,(KHO) Cam Lâm 2,Hàng Mới Ca 1,2026-10-01 - Thứ 5,516,99.22%,79.07%,0.97%,6.56,408,5,512,5,103,4,0.78%,19.96%,516,Khánh Hòa,NTB,AM Long
NTB - Khánh Hòa,(KHO) Cam Lâm 2,Hàng Mới Ca 1,2026-09-12 - Thứ 7,635,99.53%,71.02%,0.31%,6.82,451,2,632,2,182,3,0.47%,28.67%,635,Khánh Hòa,NTB,AM Long
NTB - Khánh Hòa,(KHO) Cam Lâm 2,Hàng Mới Ca 1,2026-10-05 - Thứ 2,452,99.12%,86.50%,0.88%,6.08,391,4,448,4,57,4,0.88%,12.62%,452,Khánh Hòa,NTB,AM Long
NTB - Khánh Hòa,(KHO) Cam Lâm 2,Hàng Mới Ca 1,2026-09-23 - Thứ 4,580,99.48%,81.03%,0.69%,6.35,470,4,577,4,106,3,0.52%,18.28%,580,Khánh Hòa,NTB,AM Long
NTB - Khánh Hòa,(KHO) Cam Lâm 2,Hàng Mới Ca 1,2026-09-14 - Thứ 2,571,99.30%,84.41%,0.88%,6.59,482,5,567,5,84,4,0.70%,14.71%,571,Khánh Hòa,NTB,AM Long
NTB - Khánh Hòa,(KHO) Cam Lâm 2,Hàng Mới Ca 1,2026-09-15 - Thứ 3,363,100.00%,82.09%,2.20%,5.99,298,8,363,8,57,0,0.00%,15.71%,363,Khánh Hòa,NTB,AM Long
NTB - Khánh Hòa,(KHO) Cam Lâm 2,Hàng Mới Ca 1,2026-10-02 - Thứ 6,513,99.42%,85.58%,0.78%,6.54,439,4,510,4,70,3,0.58%,13.64%,513,Khánh Hòa,NTB,AM Long
NTB - Khánh Hòa,(KHO) Cam Lâm 2,Hàng Mới Ca 1,2026-09-29 - Thứ 3,352,100.00%,80.68%,0.00%,5.5,284,0,352,0,68,0,0.00%,19.32%,352,Khánh Hòa,NTB,AM Long
NTB - Khánh Hòa,(KHO) Cam Lâm 2,Hàng Mới Ca 1,2026-10-08 - Thứ 5,676,97.93%,82.10%,0.59%,6.96,555,4,662,4,117,14,2.07%,17.31%,676,Khánh Hòa,NTB,AM Long
NTB - Khánh Hòa,(KHO) Cam Lâm 2,Hàng Mới Ca 1,2026-09-19 - Thứ 7,467,98.93%,82.01%,1.71%,6.19,383,8,462,8,76,5,1.07%,16.28%,467,Khánh Hòa,NTB,AM Long
NTB - Khánh Hòa,(KHO) Cam Lâm 2,Hàng Mới Ca 1,2026-10-04 - Chủ Nhật,558,99.46%,82.80%,0.54%,6.23,462,3,555,3,93,3,0.54%,16.66%,558,Khánh Hòa,NTB,AM Long
NTB - Khánh Hòa,(KHO) Cam Lâm 2,Hàng Mới Ca 1,2026-09-30 - Thứ 4,560,98.93%,80.18%,0.18%,6.29,449,1,554,1,110,6,1.07%,19.64%,560,Khánh Hòa,NTB,AM Long
NTB - Khánh Hòa,(KHO) Cam Lâm 2,Hàng Mới Ca 1,2026-09-17 - Thứ 5,620,99.84%,86.29%,0.65%,6.27,535,4,619,4,81,1,0.16%,13.06%,620,Khánh Hòa,NTB,AM Long
NTB - Khánh Hòa,(KHO) Cam Lâm 2,Hàng Mới Ca 1,2026-09-26 - Thứ 7,311,100.00%,85.21%,0.64%,5.25,265,2,311,2,44,0,0.00%,14.15%,311,Khánh Hòa,NTB,AM Long
NTB - Khánh Hòa,(KHO) Cam Lâm 2,Hàng Mới Ca 1,2026-10-07 - Thứ 4,555,99.64%,87.21%,1.62%,6.32,484,9,553,9,62,2,0.36%,11.17%,555,Khánh Hòa,NTB,AM Long
NTB - Khánh Hòa,(KHO) Cam Lâm 2,Hàng Mới Ca 1,2026-09-16 - Thứ 4,529,99.62%,80.72%,0.95%,6.91,427,5,527,5,97,2,0.38%,18.33%,529,Khánh Hòa,NTB,AM Long
NTB - Khánh Hòa,(KHO) Cam Lâm 2,Hàng Mới Ca 1,2026-09-18 - Thứ 6,554,99.28%,86.46%,0.90%,6.09,479,5,550,5,70,4,0.72%,12.64%,554,Khánh Hòa,NTB,AM Long
NTB - Khánh Hòa,(KHO) Cam Lâm 2,Hàng Mới Ca 1,2026-09-27 - Chủ Nhật,416,100.00%,82.93%,0.96%,6.29,345,4,416,4,67,0,0.00%,16.11%,416,Khánh Hòa,NTB,AM Long
NTB - Khánh Hòa,(KHO) Cam Lâm 2,Hàng Mới Ca 1,2026-09-21 - Thứ 2,405,100.00%,82.22%,1.98%,5.76,333,8,405,8,64,0,0.00%,15.80%,405,Khánh Hòa,NTB,AM Long
NTB - Khánh Hòa,(KHO) Cam Lâm 2,Hàng Mới Ca 1,2026-09-13 - Chủ Nhật,495,99.80%,79.80%,0.20%,7.05,395,1,494,1,99,1,0.20%,20.00%,495,Khánh Hòa,NTB,AM Long
NTB - Khánh Hòa,(KHO) Cam Lâm 2,Hàng Mới Ca 1,2026-09-24 - Thứ 5,523,99.62%,77.25%,2.49%,6.17,404,13,521,13,106,2,0.38%,20.26%,523,Khánh Hòa,NTB,AM Long
NTB - Khánh Hòa,(KHO) Cam Lâm 2,Hàng Mới Ca 1,2026-10-06 - Thứ 3,336,99.70%,82.44%,0.60%,5.8,277,2,335,2,57,1,0.30%,16.96%,336,Khánh Hòa,NTB,AM Long
NTB - Khánh Hòa,(KHO) Cam Lâm 2,Hàng Mới Ca 1,2026-09-22 - Thứ 3,295,100.00%,87.80%,1.36%,5.52,259,4,295,4,32,0,0.00%,10.84%,295,Khánh Hòa,NTB,AM Long
NTB - Khánh Hòa,(KHO) Cam Lâm 2,Hàng Mới Ca 1,2026-10-09 - Thứ 6,643,99.84%,82.89%,0.93%,6.52,533,6,642,6,104,1,0.16%,16.18%,643,Khánh Hòa,NTB,AM Long
NTB - Khánh Hòa,(KHO) Cam Lâm 2,Hàng Mới Ca 1,2026-09-28 - Thứ 2,352,94.60%,75.85%,1.42%,5.33,267,5,333,5,80,19,5.40%,22.73%,352,Khánh Hòa,NTB,AM Long
NTB - Khánh Hòa,(KHO) Cam Lâm 2,Hàng Mới Ca 2,2026-10-07 - Thứ 4,394,63.20%,56.85%,0.25%,3.43,224,1,249,1,169,145,36.80%,42.90%,394,Khánh Hòa,NTB,AM Long
NTB - Khánh Hòa,(KHO) Cam Lâm 2,Hàng Mới Ca 2,2026-10-03 - Thứ 7,317,51.10%,45.43%,0.95%,1.97,144,3,162,3,170,155,48.90%,53.62%,317,Khánh Hòa,NTB,AM Long
NTB - Khánh Hòa,(KHO) Cam Lâm 2,Hàng Mới Ca 2,2026-09-27 - Chủ Nhật,273,50.55%,41.03%,0.73%,2.86,112,2,138,2,159,135,49.45%,58.24%,273,Khánh Hòa,NTB,AM Long
NTB - Khánh Hòa,(KHO) Cam Lâm 2,Hàng Mới Ca 2,2026-09-21 - Thứ 2,217,70.51%,57.60%,0.00%,2.53,125,0,153,0,92,64,29.49%,42.40%,217,Khánh Hòa,NTB,AM Long
NTB - Khánh Hòa,(KHO) Cam Lâm 2,Hàng Mới Ca 2,2026-09-20 - Chủ Nhật,179,63.13%,55.31%,1.12%,2.59,99,2,113,2,78,66,36.87%,43.57%,179,Khánh Hòa,NTB,AM Long
NTB - Khánh Hòa,(KHO) Cam Lâm 2,Hàng Mới Ca 2,2026-10-06 - Thứ 3,221,60.63%,54.75%,0.90%,2.83,121,2,134,2,98,87,39.37%,44.35%,221,Khánh Hòa,NTB,AM Long
NTB - Khánh Hòa,(KHO) Cam Lâm 2,Hàng Mới Ca 2,2026-10-01 - Thứ 5,346,41.62%,35.55%,0.58%,3.41,123,2,144,2,221,202,58.38%,63.87%,346,Khánh Hòa,NTB,AM Long
NTB - Khánh Hòa,(KHO) Cam Lâm 2,Hàng Mới Ca 2,2026-09-12 - Thứ 7,364,56.32%,39.56%,0.00%,3.55,144,0,205,0,220,159,43.68%,60.44%,364,Khánh Hòa,NTB,AM Long
NTB - Khánh Hòa,(KHO) Cam Lâm 2,Hàng Mới Ca 2,2026-10-05 - Thứ 2,330,54.55%,49.09%,0.30%,2.96,162,1,180,1,167,150,45.45%,50.61%,330,Khánh Hòa,NTB,AM Long
NTB - Khánh Hòa,(KHO) Cam Lâm 2,Hàng Mới Ca 2,2026-09-23 - Thứ 4,196,60.20%,43.37%,1.02%,2.81,85,2,118,2,109,78,39.80%,55.61%,196,Khánh Hòa,NTB,AM Long
NTB - Khánh Hòa,(KHO) Cam Lâm 2,Hàng Mới Ca 2,2026-09-14 - Thứ 2,223,71.30%,60.09%,0.45%,3.2,134,1,159,1,88,64,28.70%,39.46%,223,Khánh Hòa,NTB,AM Long
NTB - Khánh Hòa,(KHO) Cam Lâm 2,Hàng Mới Ca 2,2026-09-15 - Thứ 3,284,48.24%,43.66%,0.00%,3.28,124,0,137,0,160,147,51.76%,56.34%,284,Khánh Hòa,NTB,AM Long
NTB - Khánh Hòa,(KHO) Cam Lâm 2,Hàng Mới Ca 2,2026-09-29 - Thứ 3,166,50.60%,45.18%,0.00%,2.48,75,0,84,0,91,82,49.40%,54.82%,166,Khánh Hòa,NTB,AM Long
NTB - Khánh Hòa,(KHO) Cam Lâm 2,Hàng Mới Ca 2,2026-10-08 - Thứ 5,233,31.33%,30.47%,0.00%,2.37,71,0,73,0,162,160,68.67%,69.53%,233,Khánh Hòa,NTB,AM Long
NTB - Khánh Hòa,(KHO) Cam Lâm 2,Hàng Mới Ca 2,2026-09-19 - Thứ 7,167,60.48%,52.69%,0.60%,2.7,88,1,101,1,78,66,39.52%,46.71%,167,Khánh Hòa,NTB,AM Long
NTB - Khánh Hòa,(KHO) Cam Lâm 2,Hàng Mới Ca 2,2026-10-04 - Chủ Nhật,247,48.58%,43.32%,0.40%,3.57,107,1,120,1,139,127,51.42%,56.28%,247,Khánh Hòa,NTB,AM Long
NTB - Khánh Hòa,(KHO) Cam Lâm 2,Hàng Mới Ca 2,2026-09-30 - Thứ 4,154,38.31%,35.06%,0.00%,2.6,54,0,59,0,100,95,61.69%,64.94%,154,Khánh Hòa,NTB,AM Long
NTB - Khánh Hòa,(KHO) Cam Lâm 2,Hàng Mới Ca 2,2026-09-17 - Thứ 5,206,53.88%,46.12%,0.97%,3.08,95,2,111,2,109,95,46.12%,52.91%,206,Khánh Hòa,NTB,AM Long
NTB - Khánh Hòa,(KHO) Cam Lâm 2,Hàng Mới Ca 2,2026-10-09 - Thứ 6,197,52.28%,46.70%,0.51%,3.95,92,1,103,1,104,94,47.72%,52.79%,197,Khánh Hòa,NTB,AM Long
NTB - Khánh Hòa,(KHO) Cam Lâm 2,Hàng Mới Ca 2,2026-09-26 - Thứ 7,336,56.55%,50.60%,0.00%,2.67,170,0,190,0,166,146,43.45%,49.40%,336,Khánh Hòa,NTB,AM Long
NTB - Khánh Hòa,(KHO) Cam Lâm 2,Hàng Mới Ca 2,2026-09-28 - Thứ 2,199,46.73%,42.21%,0.50%,2.49,84,1,93,1,114,106,53.27%,57.29%,199,Khánh Hòa,NTB,AM Long
NTB - Khánh Hòa,(KHO) Cam Lâm 2,Hàng Mới Ca 2,2026-09-25 - Thứ 6,287,69.69%,56.45%,0.70%,3.27,162,2,200,2,123,87,30.31%,42.85%,287,Khánh Hòa,NTB,AM Long
NTB - Khánh Hòa,(KHO) Cam Lâm 2,Hàng Mới Ca 2,2026-09-18 - Thứ 6,267,63.67%,54.31%,0.00%,2.76,145,0,170,0,122,97,36.33%,45.69%,267,Khánh Hòa,NTB,AM Long
NTB - Khánh Hòa,(KHO) Cam Lâm 2,Hàng Mới Ca 2,2026-09-24 - Thứ 5,252,65.08%,55.56%,0.79%,2.73,140,2,164,2,110,88,34.92%,43.65%,252,Khánh Hòa,NTB,AM Long
NTB - Khánh Hòa,(KHO) Cam Lâm 2,Hàng Mới Ca 2,2026-09-13 - Chủ Nhật,158,51.27%,38.61%,0.63%,2.66,61,1,81,1,96,77,48.73%,60.76%,158,Khánh Hòa,NTB,AM Long
NTB - Khánh Hòa,(KHO) Cam Lâm 2,Hàng Mới Ca 2,2026-09-22 - Thứ 3,208,62.02%,56.73%,0.00%,2.42,118,0,129,0,90,79,37.98%,43.27%,208,Khánh Hòa,NTB,AM Long
NTB - Khánh Hòa,(KHO) Cam Lâm 2,Hàng Mới Ca 2,2026-10-02 - Thứ 6,206,54.85%,49.03%,0.97%,2.73,101,2,113,2,103,93,45.15%,50.00%,206,Khánh Hòa,NTB,AM Long
NTB - Khánh Hòa,(KHO) Cam Lâm 2,Hàng Mới Ca 2,2026-09-16 - Thứ 4,124,63.71%,56.45%,1.61%,3.26,70,2,79,2,52,45,36.29%,41.94%,124,Khánh Hòa,NTB,AM Long
NTB - Khánh Hòa,(KHO) Cam Lâm 2,Hàng Tồn,2026-09-16 - Thứ 4,312,99.04%,53.85%,7.69%,32.73,168,24,309,24,120,3,0.96%,38.46%,0,Khánh Hòa,NTB,AM Long
NTB - Khánh Hòa,(KHO) Cam Lâm 2,Hàng Tồn,2026-09-25 - Thứ 6,304,98.68%,42.43%,3.62%,31.28,129,11,300,11,164,4,1.32%,53.95%,0,Khánh Hòa,NTB,AM Long
NTB - Khánh Hòa,(KHO) Cam Lâm 2,Hàng Tồn,2026-09-21 - Thứ 2,228,98.68%,53.07%,8.77%,31.82,121,20,225,20,87,3,1.32%,38.16%,0,Khánh Hòa,NTB,AM Long
NTB - Khánh Hòa,(KHO) Cam Lâm 2,Hàng Tồn,2026-09-20 - Chủ Nhật,239,97.91%,54.81%,2.51%,32.77,131,6,234,6,102,5,2.09%,42.68%,0,Khánh Hòa,NTB,AM Long
NTB - Khánh Hòa,(KHO) Cam Lâm 2,Hàng Tồn,2026-09-13 - Chủ Nhật,470,98.72%,66.81%,4.04%,30.25,314,19,464,19,137,6,1.28%,29.15%,0,Khánh Hòa,NTB,AM Long
NTB - Khánh Hòa,(KHO) Cam Lâm 2,Hàng Tồn,2026-09-24 - Thứ 5,273,98.90%,58.61%,3.66%,28.88,160,10,270,10,103,3,1.10%,37.73%,0,Khánh Hòa,NTB,AM Long
NTB - Khánh Hòa,(KHO) Cam Lâm 2,Hàng Tồn,2026-10-06 - Thứ 3,309,97.09%,65.37%,3.56%,30.27,202,11,300,11,96,9,2.91%,31.07%,0,Khánh Hòa,NTB,AM Long
NTB - Khánh Hòa,(KHO) Cam Lâm 2,Hàng Tồn,2026-09-12 - Thứ 7,219,98.63%,43.38%,10.05%,31.27,95,22,216,22,102,3,1.37%,46.57%,0,Khánh Hòa,NTB,AM Long
NTB - Khánh Hòa,(KHO) Cam Lâm 2,Hàng Tồn,2026-10-05 - Thứ 2,332,96.69%,63.25%,6.33%,30.27,210,21,321,21,101,11,3.31%,30.42%,0,Khánh Hòa,NTB,AM Long
NTB - Khánh Hòa,(KHO) Cam Lâm 2,Hàng Tồn,2026-09-22 - Thứ 3,227,97.36%,55.95%,6.17%,34.38,127,14,221,14,86,6,2.64%,37.88%,0,Khánh Hòa,NTB,AM Long
NTB - Khánh Hòa,(KHO) Cam Lâm 2,Hàng Tồn,2026-09-23 - Thứ 4,191,98.95%,48.69%,6.28%,30.66,93,12,189,12,86,2,1.05%,45.03%,0,Khánh Hòa,NTB,AM Long
NTB - Khánh Hòa,(KHO) Cam Lâm 2,Hàng Tồn,2026-09-14 - Thứ 2,323,99.07%,62.23%,5.26%,35.66,201,17,320,17,105,3,0.93%,32.51%,0,Khánh Hòa,NTB,AM Long
NTB - Khánh Hòa,(KHO) Cam Lâm 2,Hàng Tồn,2026-09-15 - Thứ 3,256,98.44%,48.83%,5.86%,35.7,125,15,252,15,116,4,1.56%,45.31%,0,Khánh Hòa,NTB,AM Long
NTB - Khánh Hòa,(KHO) Cam Lâm 2,Hàng Tồn,2026-10-02 - Thứ 6,423,99.05%,62.41%,4.02%,30.16,264,17,419,17,142,4,0.95%,33.57%,0,Khánh Hòa,NTB,AM Long
NTB - Khánh Hòa,(KHO) Cam Lâm 2,Hàng Tồn,2026-09-29 - Thứ 3,324,97.22%,54.94%,7.10%,33.96,178,23,315,23,123,9,2.78%,37.96%,0,Khánh Hòa,NTB,AM Long
NTB - Khánh Hòa,(KHO) Cam Lâm 2,Hàng Tồn,2026-10-04 - Chủ Nhật,301,97.01%,57.81%,3.32%,30.63,174,10,292,10,117,9,2.99%,38.87%,0,Khánh Hòa,NTB,AM Long
NTB - Khánh Hòa,(KHO) Cam Lâm 2,Hàng Tồn,2026-09-17 - Thứ 5,249,97.99%,62.25%,3.61%,35.99,155,9,244,9,85,5,2.01%,34.14%,0,Khánh Hòa,NTB,AM Long
NTB - Khánh Hòa,(KHO) Cam Lâm 2,Hàng Tồn,2026-10-09 - Thứ 6,381,97.64%,63.78%,3.41%,31.39,243,13,372,13,125,9,2.36%,32.81%,0,Khánh Hòa,NTB,AM Long
NTB - Khánh Hòa,(KHO) Cam Lâm 2,Hàng Tồn,2026-09-26 - Thứ 7,384,97.92%,40.36%,7.29%,33.27,155,28,376,28,201,8,2.08%,52.35%,0,Khánh Hòa,NTB,AM Long
NTB - Khánh Hòa,(KHO) Cam Lâm 2,Hàng Tồn,2026-09-28 - Thứ 2,342,88.60%,54.09%,3.80%,33.52,185,13,303,13,144,39,11.40%,42.11%,0,Khánh Hòa,NTB,AM Long
NTB - Khánh Hòa,(KHO) Cam Lâm 2,Hàng Tồn,2026-10-07 - Thứ 4,236,97.88%,62.71%,5.08%,34.95,148,12,231,12,76,5,2.12%,32.21%,0,Khánh Hòa,NTB,AM Long
NTB - Khánh Hòa,(KHO) Cam Lâm 2,Hàng Tồn,2026-09-18 - Thứ 6,252,99.21%,58.33%,7.54%,29.86,147,19,250,19,86,2,0.79%,34.13%,0,Khánh Hòa,NTB,AM Long
NTB - Khánh Hòa,(KHO) Cam Lâm 2,Hàng Tồn,2026-09-27 - Chủ Nhật,382,98.95%,50.00%,8.90%,34.84,191,34,378,34,157,4,1.05%,41.10%,0,Khánh Hòa,NTB,AM Long
NTB - Khánh Hòa,(KHO) Cam Lâm 2,Hàng Tồn,2026-10-01 - Thứ 5,304,98.68%,53.95%,4.28%,33.18,164,13,300,13,127,4,1.32%,41.77%,0,Khánh Hòa,NTB,AM Long
NTB - Khánh Hòa,(KHO) Cam Lâm 2,Hàng Tồn,2026-10-08 - Thứ 5,288,98.26%,58.33%,2.78%,31.55,168,8,283,8,112,5,1.74%,38.89%,0,Khánh Hòa,NTB,AM Long
NTB - Khánh Hòa,(KHO) Cam Lâm 2,Hàng Tồn,2026-09-19 - Thứ 7,262,98.85%,51.15%,6.49%,29.38,134,17,259,17,111,3,1.15%,42.36%,0,Khánh Hòa,NTB,AM Long
NTB - Khánh Hòa,(KHO) Cam Lâm 2,Hàng Tồn,2026-10-03 - Thứ 7,292,96.92%,58.22%,5.14%,33.66,170,15,283,15,107,9,3.08%,36.64%,0,Khánh Hòa,NTB,AM Long
NTB - Khánh Hòa,(KHO) Cam Lâm 2,Hàng Tồn,2026-09-30 - Thứ 4,260,98.85%,45.77%,6.92%,37.34,119,18,257,18,123,3,1.15%,47.31%,0,Khánh Hòa,NTB,AM Long
NTB - Khánh Hòa,(KHO) Cam Lâm 1,Hàng Mới Ca 1,2026-09-25 - Thứ 6,471,98.94%,74.31%,1.49%,8.66,350,7,466,7,114,5,1.06%,24.20%,471,Khánh Hòa,NTB,AM Phi
NTB - Khánh Hòa,(KHO) Cam Lâm 1,Hàng Mới Ca 1,2026-09-18 - Thứ 6,463,80.35%,66.09%,1.51%,15.02,306,7,372,7,150,91,19.65%,32.40%,463,Khánh Hòa,NTB,AM Phi
NTB - Khánh Hòa,(KHO) Cam Lâm 1,Hàng Mới Ca 1,2026-09-21 - Thứ 2,321,69.16%,56.70%,0.62%,6.61,182,2,222,2,137,99,30.84%,42.68%,321,Khánh Hòa,NTB,AM Phi
NTB - Khánh Hòa,(KHO) Cam Lâm 1,Hàng Mới Ca 1,2026-09-20 - Chủ Nhật,404,79.95%,64.85%,0.74%,13.42,262,3,323,3,139,81,20.05%,34.41%,404,Khánh Hòa,NTB,AM Phi
NTB - Khánh Hòa,(KHO) Cam Lâm 1,Hàng Mới Ca 1,2026-09-24 - Thứ 5,430,98.84%,76.28%,0.47%,8.49,328,2,425,2,100,5,1.16%,23.25%,430,Khánh Hòa,NTB,AM Phi
NTB - Khánh Hòa,(KHO) Cam Lâm 1,Hàng Mới Ca 1,2026-10-06 - Thứ 3,327,93.58%,67.89%,1.22%,7.96,222,4,306,4,101,21,6.42%,30.89%,327,Khánh Hòa,NTB,AM Phi
NTB - Khánh Hòa,(KHO) Cam Lâm 1,Hàng Mới Ca 1,2026-10-01 - Thứ 5,363,86.23%,58.68%,1.10%,7.8,213,4,313,4,146,50,13.77%,40.22%,363,Khánh Hòa,NTB,AM Phi
NTB - Khánh Hòa,(KHO) Cam Lâm 1,Hàng Mới Ca 1,2026-09-12 - Thứ 7,459,86.27%,68.63%,0.87%,15.38,315,4,396,4,140,63,13.73%,30.50%,459,Khánh Hòa,NTB,AM Phi
NTB - Khánh Hòa,(KHO) Cam Lâm 1,Hàng Mới Ca 1,2026-10-05 - Thứ 2,395,75.44%,61.77%,1.01%,8.56,244,4,298,4,147,97,24.56%,37.22%,395,Khánh Hòa,NTB,AM Phi
NTB - Khánh Hòa,(KHO) Cam Lâm 1,Hàng Mới Ca 1,2026-09-22 - Thứ 3,326,99.39%,76.07%,0.92%,9.05,248,3,324,3,75,2,0.61%,23.01%,326,Khánh Hòa,NTB,AM Phi
NTB - Khánh Hòa,(KHO) Cam Lâm 1,Hàng Mới Ca 1,2026-09-23 - Thứ 4,362,98.90%,70.99%,0.55%,8.29,257,2,358,2,103,4,1.10%,28.46%,362,Khánh Hòa,NTB,AM Phi
NTB - Khánh Hòa,(KHO) Cam Lâm 1,Hàng Mới Ca 1,2026-09-14 - Thứ 2,460,71.52%,62.39%,0.22%,15.44,287,1,329,1,172,131,28.48%,37.39%,460,Khánh Hòa,NTB,AM Phi
NTB - Khánh Hòa,(KHO) Cam Lâm 1,Hàng Mới Ca 1,2026-09-15 - Thứ 3,349,95.42%,79.37%,1.15%,7.67,277,4,333,4,68,16,4.58%,19.48%,349,Khánh Hòa,NTB,AM Phi
NTB - Khánh Hòa,(KHO) Cam Lâm 1,Hàng Mới Ca 1,2026-10-02 - Thứ 6,488,98.16%,80.12%,1.02%,8.64,391,5,479,5,92,9,1.84%,18.86%,488,Khánh Hòa,NTB,AM Phi
NTB - Khánh Hòa,(KHO) Cam Lâm 1,Hàng Mới Ca 1,2026-10-08 - Thứ 5,566,97.17%,72.44%,0.88%,14.7,410,5,550,5,151,16,2.83%,26.68%,566,Khánh Hòa,NTB,AM Phi
NTB - Khánh Hòa,(KHO) Cam Lâm 1,Hàng Mới Ca 1,2026-09-19 - Thứ 7,413,74.58%,48.18%,0.97%,8.24,199,4,308,4,210,105,25.42%,50.85%,413,Khánh Hòa,NTB,AM Phi
NTB - Khánh Hòa,(KHO) Cam Lâm 1,Hàng Mới Ca 1,2026-10-04 - Chủ Nhật,511,71.04%,58.90%,0.39%,7.88,301,2,363,2,208,148,28.96%,40.71%,511,Khánh Hòa,NTB,AM Phi
NTB - Khánh Hòa,(KHO) Cam Lâm 1,Hàng Mới Ca 1,2026-09-30 - Thứ 4,365,98.63%,82.74%,0.82%,7.69,302,3,360,3,60,5,1.37%,16.44%,365,Khánh Hòa,NTB,AM Phi
NTB - Khánh Hòa,(KHO) Cam Lâm 1,Hàng Mới Ca 1,2026-09-17 - Thứ 5,380,95.00%,75.26%,0.53%,8.39,286,2,361,2,92,19,5.00%,24.21%,380,Khánh Hòa,NTB,AM Phi
NTB - Khánh Hòa,(KHO) Cam Lâm 1,Hàng Mới Ca 1,2026-10-09 - Thứ 6,330,84.55%,64.24%,1.21%,8.67,212,4,279,4,114,51,15.45%,34.55%,330,Khánh Hòa,NTB,AM Phi
NTB - Khánh Hòa,(KHO) Cam Lâm 1,Hàng Mới Ca 1,2026-09-26 - Thứ 7,280,97.50%,75.00%,0.71%,6.95,210,2,273,2,68,7,2.50%,24.29%,280,Khánh Hòa,NTB,AM Phi
NTB - Khánh Hòa,(KHO) Cam Lâm 1,Hàng Mới Ca 1,2026-09-28 - Thứ 2,323,96.90%,77.71%,0.62%,8.84,251,2,313,2,70,10,3.10%,21.67%,323,Khánh Hòa,NTB,AM Phi
NTB - Khánh Hòa,(KHO) Cam Lâm 1,Hàng Mới Ca 1,2026-10-03 - Thứ 7,326,87.73%,61.66%,0.31%,6.78,201,1,286,1,124,40,12.27%,38.03%,326,Khánh Hòa,NTB,AM Phi
NTB - Khánh Hòa,(KHO) Cam Lâm 1,Hàng Mới Ca 1,2026-09-27 - Chủ Nhật,408,66.91%,53.19%,0.25%,7.56,217,1,273,1,190,135,33.09%,46.56%,408,Khánh Hòa,NTB,AM Phi
NTB - Khánh Hòa,(KHO) Cam Lâm 1,Hàng Mới Ca 1,2026-09-13 - Chủ Nhật,473,77.38%,61.31%,1.27%,15.48,290,6,366,6,177,107,22.62%,37.42%,473,Khánh Hòa,NTB,AM Phi
NTB - Khánh Hòa,(KHO) Cam Lâm 1,Hàng Mới Ca 1,2026-09-29 - Thứ 3,292,99.66%,81.16%,1.03%,7.69,237,3,291,3,52,1,0.34%,17.81%,292,Khánh Hòa,NTB,AM Phi
NTB - Khánh Hòa,(KHO) Cam Lâm 1,Hàng Mới Ca 1,2026-10-07 - Thứ 4,373,77.75%,62.47%,0.80%,15.16,233,3,290,3,137,83,22.25%,36.73%,373,Khánh Hòa,NTB,AM Phi
NTB - Khánh Hòa,(KHO) Cam Lâm 1,Hàng Mới Ca 1,2026-09-16 - Thứ 4,421,66.51%,48.46%,0.48%,15.34,204,2,280,2,215,141,33.49%,51.06%,421,Khánh Hòa,NTB,AM Phi
NTB - Khánh Hòa,(KHO) Cam Lâm 1,Hàng Mới Ca 2,2026-10-08 - Thứ 5,140,0.00%,0.00%,0.00%,0,0,0,0,0,140,140,100.00%,100.00%,140,Khánh Hòa,NTB,AM Phi
NTB - Khánh Hòa,(KHO) Cam Lâm 1,Hàng Tồn,2026-09-21 - Thứ 2,275,71.27%,32.36%,5.09%,47.13,89,14,196,14,172,79,28.73%,62.55%,0,Khánh Hòa,NTB,AM Phi
NTB - Khánh Hòa,(KHO) Cam Lâm 1,Hàng Tồn,2026-09-24 - Thứ 5,186,96.24%,42.47%,7.53%,50.56,79,14,179,14,93,7,3.76%,50.00%,0,Khánh Hòa,NTB,AM Phi
NTB - Khánh Hòa,(KHO) Cam Lâm 1,Hàng Tồn,2026-10-06 - Thứ 3,298,82.21%,42.95%,6.38%,48.25,128,19,245,19,151,53,17.79%,50.67%,0,Khánh Hòa,NTB,AM Phi
NTB - Khánh Hòa,(KHO) Cam Lâm 1,Hàng Tồn,2026-10-05 - Thứ 2,300,68.67%,44.00%,3.00%,40.61,132,9,206,9,159,94,31.33%,53.00%,0,Khánh Hòa,NTB,AM Phi
NTB - Khánh Hòa,(KHO) Cam Lâm 1,Hàng Tồn,2026-09-22 - Thứ 3,298,98.32%,63.09%,5.37%,57.82,188,16,293,16,94,5,1.68%,31.54%,0,Khánh Hòa,NTB,AM Phi
NTB - Khánh Hòa,(KHO) Cam Lâm 1,Hàng Tồn,2026-09-23 - Thứ 4,150,96.67%,31.33%,8.67%,59.5,47,13,145,13,90,5,3.33%,60.00%,0,Khánh Hòa,NTB,AM Phi
NTB - Khánh Hòa,(KHO) Cam Lâm 1,Hàng Tồn,2026-09-14 - Thứ 2,295,82.37%,52.20%,5.42%,55.1,154,16,243,16,125,52,17.63%,42.38%,0,Khánh Hòa,NTB,AM Phi
NTB - Khánh Hòa,(KHO) Cam Lâm 1,Hàng Tồn,2026-09-15 - Thứ 3,280,94.29%,59.64%,3.57%,49.54,167,10,264,10,103,16,5.71%,36.79%,0,Khánh Hòa,NTB,AM Phi
NTB - Khánh Hòa,(KHO) Cam Lâm 1,Hàng Tồn,2026-10-02 - Thứ 6,188,95.21%,54.26%,4.26%,35.58,102,8,179,8,78,9,4.79%,41.48%,0,Khánh Hòa,NTB,AM Phi
NTB - Khánh Hòa,(KHO) Cam Lâm 1,Hàng Tồn,2026-10-08 - Thứ 5,240,92.50%,47.08%,5.00%,48,113,12,222,12,115,18,7.50%,47.92%,0,Khánh Hòa,NTB,AM Phi
NTB - Khánh Hòa,(KHO) Cam Lâm 1,Hàng Tồn,2026-09-19 - Thứ 7,252,89.29%,23.41%,3.97%,56.71,59,10,225,10,183,27,10.71%,72.62%,0,Khánh Hòa,NTB,AM Phi
NTB - Khánh Hòa,(KHO) Cam Lâm 1,Hàng Tồn,2026-10-04 - Chủ Nhật,201,79.60%,45.77%,4.48%,43.75,92,9,160,9,100,41,20.40%,49.75%,0,Khánh Hòa,NTB,AM Phi
NTB - Khánh Hòa,(KHO) Cam Lâm 1,Hàng Tồn,2026-09-30 - Thứ 4,117,96.58%,37.61%,5.13%,51.34,44,6,113,6,67,4,3.42%,57.26%,0,Khánh Hòa,NTB,AM Phi
NTB - Khánh Hòa,(KHO) Cam Lâm 1,Hàng Tồn,2026-09-17 - Thứ 5,328,88.11%,51.52%,4.57%,56.61,169,15,289,15,144,39,11.89%,43.91%,0,Khánh Hòa,NTB,AM Phi
NTB - Khánh Hòa,(KHO) Cam Lâm 1,Hàng Tồn,2026-10-09 - Thứ 6,367,91.83%,47.96%,5.45%,37.41,176,20,337,20,171,30,8.17%,46.59%,0,Khánh Hòa,NTB,AM Phi
NTB - Khánh Hòa,(KHO) Cam Lâm 1,Hàng Tồn,2026-09-26 - Thứ 7,170,97.06%,44.12%,8.24%,42.82,75,14,165,14,81,5,2.94%,47.64%,0,Khánh Hòa,NTB,AM Phi
NTB - Khánh Hòa,(KHO) Cam Lâm 1,Hàng Tồn,2026-10-07 - Thứ 4,231,92.64%,41.56%,6.49%,53.79,96,15,214,15,120,17,7.36%,51.95%,0,Khánh Hòa,NTB,AM Phi
NTB - Khánh Hòa,(KHO) Cam Lâm 1,Hàng Tồn,2026-10-03 - Thứ 7,154,88.96%,27.27%,3.25%,43.71,42,5,137,5,107,17,11.04%,69.48%,0,Khánh Hòa,NTB,AM Phi
NTB - Khánh Hòa,(KHO) Cam Lâm 1,Hàng Tồn,2026-09-16 - Thứ 4,158,65.82%,20.25%,5.70%,44.68,32,9,104,9,117,54,34.18%,74.05%,0,Khánh Hòa,NTB,AM Phi
NTB - Khánh Hòa,(KHO) Cam Lâm 1,Hàng Tồn,2026-09-18 - Thứ 6,208,89.90%,37.02%,7.21%,51.61,77,15,187,15,116,21,10.10%,55.77%,0,Khánh Hòa,NTB,AM Phi
NTB - Khánh Hòa,(KHO) Cam Lâm 1,Hàng Tồn,2026-09-27 - Chủ Nhật,88,82.95%,25.00%,7.95%,39,22,7,73,7,59,15,17.05%,67.05%,0,Khánh Hòa,NTB,AM Phi
NTB - Khánh Hòa,(KHO) Cam Lâm 1,Hàng Tồn,2026-09-20 - Chủ Nhật,354,88.42%,57.63%,3.39%,45.09,204,12,313,12,138,41,11.58%,38.98%,0,Khánh Hòa,NTB,AM Phi
NTB - Khánh Hòa,(KHO) Cam Lâm 1,Hàng Tồn,2026-09-13 - Chủ Nhật,211,77.25%,36.02%,3.79%,45.68,76,8,163,8,127,48,22.75%,60.19%,0,Khánh Hòa,NTB,AM Phi
NTB - Khánh Hòa,(KHO) Cam Lâm 1,Hàng Tồn,2026-10-01 - Thứ 5,106,95.28%,32.08%,11.32%,48.21,34,12,101,12,60,5,4.72%,56.60%,0,Khánh Hòa,NTB,AM Phi
NTB - Khánh Hòa,(KHO) Cam Lâm 1,Hàng Tồn,2026-09-25 - Thứ 6,168,92.86%,41.07%,6.55%,45.63,69,11,156,11,88,12,7.14%,52.38%,0,Khánh Hòa,NTB,AM Phi
NTB - Khánh Hòa,(KHO) Cam Lâm 1,Hàng Tồn,2026-09-12 - Thứ 7,222,88.29%,51.80%,6.31%,46,115,14,196,14,93,26,11.71%,41.89%,0,Khánh Hòa,NTB,AM Phi
NTB - Khánh Hòa,(KHO) Cam Lâm 1,Hàng Tồn,2026-09-29 - Thứ 3,139,99.28%,41.01%,5.04%,56.46,57,7,138,7,75,1,0.72%,53.95%,0,Khánh Hòa,NTB,AM Phi
NTB - Khánh Hòa,(KHO) Cam Lâm 1,Hàng Tồn,2026-09-28 - Thứ 2,277,96.39%,63.90%,6.14%,41.65,177,17,267,17,83,10,3.61%,29.96%,0,Khánh Hòa,NTB,AM Phi
NTB - Khánh Hòa,(KHO) Cam Linh,Hàng Mới Ca 1,2026-10-07 - Thứ 4,664,91.87%,64.46%,0.75%,13.04,428,5,610,5,231,54,8.13%,34.79%,664,Khánh Hòa,NTB,AM Long
NTB - Khánh Hòa,(KHO) Cam Linh,Hàng Mới Ca 1,2026-09-27 - Chủ Nhật,694,100.00%,74.06%,0.86%,14.51,514,6,694,6,174,0,0.00%,25.08%,694,Khánh Hòa,NTB,AM Long
NTB - Khánh Hòa,(KHO) Cam Linh,Hàng Mới Ca 1,2026-09-13 - Chủ Nhật,"1,018",33.20%,21.61%,0.10%,18.58,220,1,338,1,797,680,66.80%,78.29%,1018,Khánh Hòa,NTB,AM Long
NTB - Khánh Hòa,(KHO) Cam Linh,Hàng Mới Ca 1,2026-09-24 - Thứ 5,688,99.71%,77.47%,0.58%,13.79,533,4,686,4,151,2,0.29%,21.95%,688,Khánh Hòa,NTB,AM Long
NTB - Khánh Hòa,(KHO) Cam Linh,Hàng Mới Ca 1,2026-10-06 - Thứ 3,637,92.78%,59.34%,1.88%,15.83,378,12,591,12,247,46,7.22%,38.78%,637,Khánh Hòa,NTB,AM Long
NTB - Khánh Hòa,(KHO) Cam Linh,Hàng Mới Ca 1,2026-10-01 - Thứ 5,545,95.78%,69.36%,0.18%,11.12,378,1,522,1,166,23,4.22%,30.46%,545,Khánh Hòa,NTB,AM Long
NTB - Khánh Hòa,(KHO) Cam Linh,Hàng Mới Ca 1,2026-09-12 - Thứ 7,"1,028",61.19%,42.70%,0.19%,14.41,439,2,629,2,587,399,38.81%,57.11%,1028,Khánh Hòa,NTB,AM Long
NTB - Khánh Hòa,(KHO) Cam Linh,Hàng Mới Ca 1,2026-09-22 - Thứ 3,692,76.59%,50.43%,0.87%,13.29,349,6,530,6,337,162,23.41%,48.70%,692,Khánh Hòa,NTB,AM Long
NTB - Khánh Hòa,(KHO) Cam Linh,Hàng Mới Ca 1,2026-09-23 - Thứ 4,809,89.25%,55.87%,1.73%,13.93,452,14,722,14,343,87,10.75%,42.40%,809,Khánh Hòa,NTB,AM Long
NTB - Khánh Hòa,(KHO) Cam Linh,Hàng Mới Ca 1,2026-09-14 - Thứ 2,893,28.22%,19.60%,0.67%,20.43,175,6,252,6,712,641,71.78%,79.73%,893,Khánh Hòa,NTB,AM Long
NTB - Khánh Hòa,(KHO) Cam Linh,Hàng Mới Ca 1,2026-09-15 - Thứ 3,673,37.59%,22.14%,0.45%,20.96,149,3,253,3,521,420,62.41%,77.41%,673,Khánh Hòa,NTB,AM Long
NTB - Khánh Hòa,(KHO) Cam Linh,Hàng Mới Ca 1,2026-10-02 - Thứ 6,630,99.68%,69.68%,0.16%,13.68,439,1,628,1,190,2,0.32%,30.16%,630,Khánh Hòa,NTB,AM Long
NTB - Khánh Hòa,(KHO) Cam Linh,Hàng Mới Ca 1,2026-09-29 - Thứ 3,532,99.25%,71.05%,0.38%,13.6,378,2,528,2,152,4,0.75%,28.57%,532,Khánh Hòa,NTB,AM Long
NTB - Khánh Hòa,(KHO) Cam Linh,Hàng Mới Ca 1,2026-10-08 - Thứ 5,849,86.69%,60.78%,0.82%,14.21,516,7,736,7,326,113,13.31%,38.40%,849,Khánh Hòa,NTB,AM Long
NTB - Khánh Hòa,(KHO) Cam Linh,Hàng Mới Ca 1,2026-09-30 - Thứ 4,479,99.58%,69.10%,0.42%,13.48,331,2,477,2,146,2,0.42%,30.48%,479,Khánh Hòa,NTB,AM Long
NTB - Khánh Hòa,(KHO) Cam Linh,Hàng Mới Ca 1,2026-09-17 - Thứ 5,890,24.38%,17.87%,0.34%,18.44,159,3,217,3,728,673,75.62%,81.79%,890,Khánh Hòa,NTB,AM Long
NTB - Khánh Hòa,(KHO) Cam Linh,Hàng Mới Ca 1,2026-10-09 - Thứ 6,834,82.97%,56.00%,0.96%,15.63,467,8,692,8,359,142,17.03%,43.04%,834,Khánh Hòa,NTB,AM Long
NTB - Khánh Hòa,(KHO) Cam Linh,Hàng Mới Ca 1,2026-09-26 - Thứ 7,583,99.14%,71.87%,1.54%,12.07,419,9,578,9,155,5,0.86%,26.59%,583,Khánh Hòa,NTB,AM Long
NTB - Khánh Hòa,(KHO) Cam Linh,Hàng Mới Ca 1,2026-09-28 - Thứ 2,543,99.63%,73.85%,0.37%,14.22,401,2,541,2,140,2,0.37%,25.78%,543,Khánh Hòa,NTB,AM Long
NTB - Khánh Hòa,(KHO) Cam Linh,Hàng Mới Ca 1,2026-10-03 - Thứ 7,507,95.86%,67.26%,1.78%,12.72,341,9,486,9,157,21,4.14%,30.96%,507,Khánh Hòa,NTB,AM Long
NTB - Khánh Hòa,(KHO) Cam Linh,Hàng Mới Ca 1,2026-09-16 - Thứ 4,943,30.12%,19.72%,0.32%,18.46,186,3,284,3,754,659,69.88%,79.96%,943,Khánh Hòa,NTB,AM Long
NTB - Khánh Hòa,(KHO) Cam Linh,Hàng Mới Ca 1,2026-09-25 - Thứ 6,834,99.88%,76.86%,1.80%,13.33,641,15,833,15,178,1,0.12%,21.34%,834,Khánh Hòa,NTB,AM Long
NTB - Khánh Hòa,(KHO) Cam Linh,Hàng Mới Ca 1,2026-09-18 - Thứ 6,"1,060",27.26%,20.94%,0.28%,18.99,222,3,289,3,835,771,72.74%,78.78%,1060,Khánh Hòa,NTB,AM Long
NTB - Khánh Hòa,(KHO) Cam Linh,Hàng Mới Ca 1,2026-09-21 - Thứ 2,641,30.73%,18.25%,0.31%,18.52,117,2,197,2,522,444,69.27%,81.44%,641,Khánh Hòa,NTB,AM Long
NTB - Khánh Hòa,(KHO) Cam Linh,Hàng Mới Ca 1,2026-09-20 - Chủ Nhật,954,18.97%,13.94%,0.00%,19.89,133,0,181,0,821,773,81.03%,86.06%,954,Khánh Hòa,NTB,AM Long
NTB - Khánh Hòa,(KHO) Cam Linh,Hàng Mới Ca 1,2026-10-05 - Thứ 2,598,97.16%,68.39%,1.67%,14.49,409,10,581,10,179,17,2.84%,29.94%,598,Khánh Hòa,NTB,AM Long
NTB - Khánh Hòa,(KHO) Cam Linh,Hàng Mới Ca 1,2026-09-19 - Thứ 7,"1,019",23.06%,16.29%,0.20%,19.12,166,2,235,2,851,784,76.94%,83.51%,1019,Khánh Hòa,NTB,AM Long
NTB - Khánh Hòa,(KHO) Cam Linh,Hàng Mới Ca 1,2026-10-04 - Chủ Nhật,670,74.93%,55.82%,0.00%,12.98,374,0,502,0,296,168,25.07%,44.18%,670,Khánh Hòa,NTB,AM Long
NTB - Khánh Hòa,(KHO) Cam Linh,Hàng Mới Ca 2,2026-09-13 - Chủ Nhật,1,100.00%,0.00%,0.00%,0,0,0,1,0,1,0,0.00%,100.00%,1,Khánh Hòa,NTB,AM Long
NTB - Khánh Hòa,(KHO) Cam Linh,Hàng Mới Ca 2,2026-09-14 - Thứ 2,2,50.00%,50.00%,0.00%,1,1,0,1,0,1,1,50.00%,50.00%,2,Khánh Hòa,NTB,AM Long
NTB - Khánh Hòa,(KHO) Cam Linh,Hàng Mới Ca 2,2026-09-24 - Thứ 5,1,100.00%,0.00%,0.00%,0,0,0,1,0,1,0,0.00%,100.00%,1,Khánh Hòa,NTB,AM Long
NTB - Khánh Hòa,(KHO) Cam Linh,Hàng Mới Ca 2,2026-09-22 - Thứ 3,3,100.00%,100.00%,0.00%,4.67,3,0,3,0,0,0,0.00%,0.00%,3,Khánh Hòa,NTB,AM Long
NTB - Khánh Hòa,(KHO) Cam Linh,Hàng Mới Ca 2,2026-09-21 - Thứ 2,2,100.00%,50.00%,0.00%,3,1,0,2,0,1,0,0.00%,50.00%,2,Khánh Hòa,NTB,AM Long
NTB - Khánh Hòa,(KHO) Cam Linh,Hàng Mới Ca 2,2026-09-19 - Thứ 7,1,0.00%,0.00%,0.00%,0,0,0,0,0,1,1,100.00%,100.00%,1,Khánh Hòa,NTB,AM Long
NTB - Khánh Hòa,(KHO) Cam Linh,Hàng Tồn,2026-10-07 - Thứ 4,384,93.49%,36.98%,14.06%,50.11,142,54,359,54,188,25,6.51%,48.96%,0,Khánh Hòa,NTB,AM Long
NTB - Khánh Hòa,(KHO) Cam Linh,Hàng Tồn,2026-09-16 - Thứ 4,"1,729",70.16%,33.60%,4.05%,68.39,581,70,1213,70,1078,516,29.84%,62.35%,0,Khánh Hòa,NTB,AM Long
NTB - Khánh Hòa,(KHO) Cam Linh,Hàng Tồn,2026-09-27 - Chủ Nhật,291,97.25%,29.55%,12.03%,49.92,86,35,283,35,170,8,2.75%,58.42%,0,Khánh Hòa,NTB,AM Long
NTB - Khánh Hòa,(KHO) Cam Linh,Hàng Tồn,2026-09-21 - Thứ 2,"2,329",85.53%,38.26%,4.55%,67.6,891,106,1992,106,1332,337,14.47%,57.19%,0,Khánh Hòa,NTB,AM Long
NTB - Khánh Hòa,(KHO) Cam Linh,Hàng Tồn,2026-09-20 - Chủ Nhật,"2,347",68.47%,30.51%,2.90%,71.29,716,68,1607,68,1563,740,31.53%,66.59%,0,Khánh Hòa,NTB,AM Long
NTB - Khánh Hòa,(KHO) Cam Linh,Hàng Tồn,2026-09-24 - Thứ 5,"1,012",99.01%,46.64%,11.36%,77.36,472,115,1002,115,425,10,0.99%,42.00%,0,Khánh Hòa,NTB,AM Long
NTB - Khánh Hòa,(KHO) Cam Linh,Hàng Tồn,2026-09-12 - Thứ 7,"1,279",68.10%,23.69%,5.08%,55.12,303,65,871,65,911,408,31.90%,71.23%,0,Khánh Hòa,NTB,AM Long
NTB - Khánh Hòa,(KHO) Cam Linh,Hàng Tồn,2026-09-22 - Thứ 3,"1,793",78.75%,37.42%,4.96%,69.34,671,89,1412,89,1033,381,21.25%,57.62%,0,Khánh Hòa,NTB,AM Long
NTB - Khánh Hòa,(KHO) Cam Linh,Hàng Tồn,2026-09-23 - Thứ 4,"1,202",87.52%,25.29%,11.65%,79.23,304,140,1052,140,758,150,12.48%,63.06%,0,Khánh Hòa,NTB,AM Long
NTB - Khánh Hòa,(KHO) Cam Linh,Hàng Tồn,2026-09-15 - Thứ 3,"1,796",61.02%,25.17%,5.29%,52.36,452,95,1096,95,1249,700,38.98%,69.54%,0,Khánh Hòa,NTB,AM Long
NTB - Khánh Hòa,(KHO) Cam Linh,Hàng Tồn,2026-10-02 - Thứ 6,280,99.29%,26.79%,9.64%,45.2,75,27,278,27,178,2,0.71%,63.57%,0,Khánh Hòa,NTB,AM Long
NTB - Khánh Hòa,(KHO) Cam Linh,Hàng Tồn,2026-09-29 - Thứ 3,262,96.18%,31.30%,11.45%,48.88,82,30,252,30,150,10,3.82%,57.25%,0,Khánh Hòa,NTB,AM Long
NTB - Khánh Hòa,(KHO) Cam Linh,Hàng Tồn,2026-10-08 - Thứ 5,354,94.35%,25.71%,12.99%,48.45,91,46,334,46,217,20,5.65%,61.30%,0,Khánh Hòa,NTB,AM Long
NTB - Khánh Hòa,(KHO) Cam Linh,Hàng Tồn,2026-09-19 - Thứ 7,"2,041",44.68%,19.70%,3.53%,52.98,402,72,912,72,1567,1129,55.32%,76.77%,0,Khánh Hòa,NTB,AM Long
NTB - Khánh Hòa,(KHO) Cam Linh,Hàng Tồn,2026-09-17 - Thứ 5,"1,781",69.57%,27.18%,3.99%,56.91,484,71,1239,71,1226,542,30.43%,68.83%,0,Khánh Hòa,NTB,AM Long
NTB - Khánh Hòa,(KHO) Cam Linh,Hàng Tồn,2026-10-09 - Thứ 6,469,82.30%,25.59%,7.68%,46.47,120,36,386,36,313,83,17.70%,66.73%,0,Khánh Hòa,NTB,AM Long
NTB - Khánh Hòa,(KHO) Cam Linh,Hàng Tồn,2026-09-28 - Thứ 2,286,97.20%,26.22%,13.29%,48.2,75,38,278,38,173,8,2.80%,60.49%,0,Khánh Hòa,NTB,AM Long
NTB - Khánh Hòa,(KHO) Cam Linh,Hàng Tồn,2026-10-03 - Thứ 7,307,92.51%,22.80%,5.54%,48.91,70,17,284,17,220,23,7.49%,71.66%,0,Khánh Hòa,NTB,AM Long
NTB - Khánh Hòa,(KHO) Cam Linh,Hàng Tồn,2026-09-18 - Thứ 6,"1,907",62.24%,26.64%,6.29%,70.72,508,120,1187,120,1279,720,37.76%,67.07%,0,Khánh Hòa,NTB,AM Long
NTB - Khánh Hòa,(KHO) Cam Linh,Hàng Tồn,2026-09-13 - Chủ Nhật,"1,408",60.23%,21.88%,6.96%,58.36,308,98,848,98,1002,560,39.77%,71.16%,0,Khánh Hòa,NTB,AM Long
NTB - Khánh Hòa,(KHO) Cam Linh,Hàng Tồn,2026-10-06 - Thứ 3,333,96.70%,28.53%,11.11%,52,95,37,322,37,201,11,3.30%,60.36%,0,Khánh Hòa,NTB,AM Long
NTB - Khánh Hòa,(KHO) Cam Linh,Hàng Tồn,2026-10-05 - Thứ 2,445,95.73%,40.22%,12.36%,46.51,179,55,426,55,211,19,4.27%,47.42%,0,Khánh Hòa,NTB,AM Long
NTB - Khánh Hòa,(KHO) Cam Linh,Hàng Tồn,2026-09-25 - Thứ 6,498,96.18%,36.35%,13.45%,71.68,181,67,479,67,250,19,3.82%,50.20%,0,Khánh Hòa,NTB,AM Long
NTB - Khánh Hòa,(KHO) Cam Linh,Hàng Tồn,2026-09-14 - Thứ 2,"1,719",65.33%,28.91%,4.83%,51.95,497,83,1123,83,1139,596,34.67%,66.26%,0,Khánh Hòa,NTB,AM Long
NTB - Khánh Hòa,(KHO) Cam Linh,Hàng Tồn,2026-10-04 - Chủ Nhật,306,79.74%,19.61%,8.82%,54.2,60,27,244,27,219,62,20.26%,71.57%,0,Khánh Hòa,NTB,AM Long
NTB - Khánh Hòa,(KHO) Cam Linh,Hàng Tồn,2026-09-30 - Thứ 4,275,91.27%,28.36%,9.45%,59.28,78,26,251,26,171,24,8.73%,62.19%,0,Khánh Hòa,NTB,AM Long
NTB - Khánh Hòa,(KHO) Cam Linh,Hàng Tồn,2026-10-01 - Thứ 5,279,87.46%,30.82%,8.60%,43.6,86,24,244,24,169,35,12.54%,60.58%,0,Khánh Hòa,NTB,AM Long
NTB - Khánh Hòa,(KHO) Cam Linh,Hàng Tồn,2026-09-26 - Thứ 7,349,97.42%,29.23%,14.33%,59.62,102,50,340,50,197,9,2.58%,56.44%,0,Khánh Hòa,NTB,AM Long
NTB - Khánh Hòa,(KHO) CK Diên Điền,Hàng Mới Ca 1,2026-10-02 - Thứ 6,81,41.98%,32.10%,0.00%,5.31,26,0,34,0,55,47,58.02%,67.90%,81,Khánh Hòa,NTB,AM Duy
NTB - Khánh Hòa,(KHO) CK Diên Điền,Hàng Mới Ca 1,2026-09-19 - Thứ 7,81,76.54%,60.49%,1.23%,5.22,49,1,62,1,31,19,23.46%,38.28%,81,Khánh Hòa,NTB,AM Duy
NTB - Khánh Hòa,(KHO) CK Diên Điền,Hàng Mới Ca 1,2026-09-24 - Thứ 5,57,10.53%,5.26%,0.00%,5.67,3,0,6,0,54,51,89.47%,94.74%,57,Khánh Hòa,NTB,AM Duy
NTB - Khánh Hòa,(KHO) CK Diên Điền,Hàng Mới Ca 1,2026-10-06 - Thứ 3,34,94.12%,70.59%,0.00%,12.92,24,0,32,0,10,2,5.88%,29.41%,34,Khánh Hòa,NTB,AM Duy
NTB - Khánh Hòa,(KHO) CK Diên Điền,Hàng Mới Ca 1,2026-09-14 - Thứ 2,70,94.29%,88.57%,1.43%,5.74,62,1,66,1,7,4,5.71%,10.00%,70,Khánh Hòa,NTB,AM Duy
NTB - Khánh Hòa,(KHO) CK Diên Điền,Hàng Mới Ca 1,2026-10-04 - Chủ Nhật,71,30.99%,21.13%,0.00%,19.87,15,0,22,0,56,49,69.01%,78.87%,71,Khánh Hòa,NTB,AM Duy
NTB - Khánh Hòa,(KHO) CK Diên Điền,Hàng Mới Ca 1,2026-10-09 - Thứ 6,61,98.36%,77.05%,1.64%,13.74,47,1,60,1,13,1,1.64%,21.31%,61,Khánh Hòa,NTB,AM Duy
NTB - Khánh Hòa,(KHO) CK Diên Điền,Hàng Mới Ca 1,2026-09-28 - Thứ 2,34,0.00%,0.00%,0.00%,0,0,0,0,0,34,34,100.00%,100.00%,34,Khánh Hòa,NTB,AM Duy
NTB - Khánh Hòa,(KHO) CK Diên Điền,Hàng Mới Ca 1,2026-09-16 - Thứ 4,60,95.00%,71.67%,1.67%,6.67,43,1,57,1,16,3,5.00%,26.66%,60,Khánh Hòa,NTB,AM Duy
NTB - Khánh Hòa,(KHO) CK Diên Điền,Hàng Mới Ca 1,2026-09-20 - Chủ Nhật,38,86.84%,68.42%,0.00%,5.42,26,0,33,0,12,5,13.16%,31.58%,38,Khánh Hòa,NTB,AM Duy
NTB - Khánh Hòa,(KHO) CK Diên Điền,Hàng Mới Ca 1,2026-09-13 - Chủ Nhật,69,95.65%,89.86%,0.00%,6.11,62,0,66,0,7,3,4.35%,10.14%,69,Khánh Hòa,NTB,AM Duy
NTB - Khánh Hòa,(KHO) CK Diên Điền,Hàng Mới Ca 1,2026-10-01 - Thứ 5,61,40.98%,34.43%,3.28%,18.86,21,2,25,2,38,36,59.02%,62.29%,61,Khánh Hòa,NTB,AM Duy
NTB - Khánh Hòa,(KHO) CK Diên Điền,Hàng Mới Ca 1,2026-10-05 - Thứ 2,28,78.57%,57.14%,0.00%,19.13,16,0,22,0,12,6,21.43%,42.86%,28,Khánh Hòa,NTB,AM Duy
NTB - Khánh Hòa,(KHO) CK Diên Điền,Hàng Mới Ca 1,2026-09-23 - Thứ 4,22,22.73%,18.18%,0.00%,20.75,4,0,5,0,18,17,77.27%,81.82%,22,Khánh Hòa,NTB,AM Duy
NTB - Khánh Hòa,(KHO) CK Diên Điền,Hàng Mới Ca 1,2026-09-15 - Thứ 3,46,89.13%,80.43%,2.17%,4.73,37,1,41,1,8,5,10.87%,17.40%,46,Khánh Hòa,NTB,AM Duy
NTB - Khánh Hòa,(KHO) CK Diên Điền,Hàng Mới Ca 1,2026-09-29 - Thứ 3,31,0.00%,0.00%,0.00%,0,0,0,0,0,31,31,100.00%,100.00%,31,Khánh Hòa,NTB,AM Duy
NTB - Khánh Hòa,(KHO) CK Diên Điền,Hàng Mới Ca 1,2026-10-07 - Thứ 4,78,92.31%,78.21%,0.00%,13.56,61,0,72,0,17,6,7.69%,21.79%,78,Khánh Hòa,NTB,AM Duy
NTB - Khánh Hòa,(KHO) CK Diên Điền,Hàng Mới Ca 1,2026-09-25 - Thứ 6,82,1.22%,1.22%,0.00%,5,1,0,1,0,81,81,98.78%,98.78%,82,Khánh Hòa,NTB,AM Duy
NTB - Khánh Hòa,(KHO) CK Diên Điền,Hàng Mới Ca 1,2026-09-18 - Thứ 6,49,100.00%,77.55%,0.00%,5.45,38,0,49,0,11,0,0.00%,22.45%,49,Khánh Hòa,NTB,AM Duy
NTB - Khánh Hòa,(KHO) CK Diên Điền,Hàng Mới Ca 1,2026-09-12 - Thứ 7,71,97.18%,88.73%,0.00%,5.67,63,0,69,0,8,2,2.82%,11.27%,71,Khánh Hòa,NTB,AM Duy
NTB - Khánh Hòa,(KHO) CK Diên Điền,Hàng Mới Ca 1,2026-09-21 - Thứ 2,99,74.75%,49.49%,0.00%,21.49,49,0,74,0,50,25,25.25%,50.51%,99,Khánh Hòa,NTB,AM Duy
NTB - Khánh Hòa,(KHO) CK Diên Điền,Hàng Mới Ca 1,2026-09-30 - Thứ 4,9,88.89%,66.67%,0.00%,4.5,6,0,8,0,3,1,11.11%,33.33%,9,Khánh Hòa,NTB,AM Duy
NTB - Khánh Hòa,(KHO) CK Diên Điền,Hàng Mới Ca 1,2026-09-17 - Thứ 5,62,88.71%,75.81%,6.45%,6.51,47,4,55,4,11,7,11.29%,17.74%,62,Khánh Hòa,NTB,AM Duy
NTB - Khánh Hòa,(KHO) CK Diên Điền,Hàng Mới Ca 1,2026-10-03 - Thứ 7,52,42.31%,40.38%,0.00%,14.33,21,0,22,0,31,30,57.69%,59.62%,52,Khánh Hòa,NTB,AM Duy
NTB - Khánh Hòa,(KHO) CK Diên Điền,Hàng Mới Ca 1,2026-09-27 - Chủ Nhật,62,1.61%,1.61%,0.00%,3,1,0,1,0,61,61,98.39%,98.39%,62,Khánh Hòa,NTB,AM Duy
NTB - Khánh Hòa,(KHO) CK Diên Điền,Hàng Mới Ca 1,2026-10-08 - Thứ 5,59,94.92%,84.75%,0.00%,11.94,50,0,56,0,9,3,5.08%,15.25%,59,Khánh Hòa,NTB,AM Duy
NTB - Khánh Hòa,(KHO) CK Diên Điền,Hàng Mới Ca 1,2026-09-26 - Thứ 7,17,11.76%,11.76%,0.00%,13.5,2,0,2,0,15,15,88.24%,88.24%,17,Khánh Hòa,NTB,AM Duy
NTB - Khánh Hòa,(KHO) CK Diên Điền,Hàng Mới Ca 2,2026-10-03 - Thứ 7,23,0.00%,0.00%,0.00%,0,0,0,0,0,23,23,100.00%,100.00%,23,Khánh Hòa,NTB,AM Duy
NTB - Khánh Hòa,(KHO) CK Diên Điền,Hàng Mới Ca 2,2026-09-21 - Thứ 2,85,0.00%,0.00%,0.00%,0,0,0,0,0,85,85,100.00%,100.00%,85,Khánh Hòa,NTB,AM Duy
NTB - Khánh Hòa,(KHO) CK Diên Điền,Hàng Mới Ca 2,2026-10-05 - Thứ 2,29,0.00%,0.00%,0.00%,0,0,0,0,0,29,29,100.00%,100.00%,29,Khánh Hòa,NTB,AM Duy
NTB - Khánh Hòa,(KHO) CK Diên Điền,Hàng Mới Ca 2,2026-09-18 - Thứ 6,11,90.91%,63.64%,0.00%,4.43,7,0,10,0,4,1,9.09%,36.36%,11,Khánh Hòa,NTB,AM Duy
NTB - Khánh Hòa,(KHO) CK Diên Điền,Hàng Mới Ca 2,2026-09-27 - Chủ Nhật,34,0.00%,0.00%,0.00%,0,0,0,0,0,34,34,100.00%,100.00%,34,Khánh Hòa,NTB,AM Duy
NTB - Khánh Hòa,(KHO) CK Diên Điền,Hàng Mới Ca 2,2026-10-04 - Chủ Nhật,5,0.00%,0.00%,0.00%,0,0,0,0,0,5,5,100.00%,100.00%,5,Khánh Hòa,NTB,AM Duy
NTB - Khánh Hòa,(KHO) CK Diên Điền,Hàng Mới Ca 2,2026-09-28 - Thứ 2,27,0.00%,0.00%,0.00%,0,0,0,0,0,27,27,100.00%,100.00%,27,Khánh Hòa,NTB,AM Duy
NTB - Khánh Hòa,(KHO) CK Diên Điền,Hàng Mới Ca 2,2026-09-24 - Thứ 5,32,3.13%,3.13%,0.00%,7,1,0,1,0,31,31,96.87%,96.87%,32,Khánh Hòa,NTB,AM Duy
NTB - Khánh Hòa,(KHO) CK Diên Điền,Hàng Mới Ca 2,2026-09-22 - Thứ 3,49,0.00%,0.00%,0.00%,0,0,0,0,0,49,49,100.00%,100.00%,49,Khánh Hòa,NTB,AM Duy
NTB - Khánh Hòa,(KHO) CK Diên Điền,Hàng Mới Ca 2,2026-09-15 - Thứ 3,8,100.00%,87.50%,0.00%,3.57,7,0,8,0,1,0,0.00%,12.50%,8,Khánh Hòa,NTB,AM Duy
NTB - Khánh Hòa,(KHO) CK Diên Điền,Hàng Mới Ca 2,2026-09-23 - Thứ 4,60,3.33%,1.67%,0.00%,9,1,0,2,0,59,58,96.67%,98.33%,60,Khánh Hòa,NTB,AM Duy
NTB - Khánh Hòa,(KHO) CK Diên Điền,Hàng Mới Ca 2,2026-09-30 - Thứ 4,42,28.57%,21.43%,0.00%,4.89,9,0,12,0,33,30,71.43%,78.57%,42,Khánh Hòa,NTB,AM Duy
NTB - Khánh Hòa,(KHO) CK Diên Điền,Hàng Mới Ca 2,2026-09-26 - Thứ 7,29,0.00%,0.00%,0.00%,0,0,0,0,0,29,29,100.00%,100.00%,29,Khánh Hòa,NTB,AM Duy
NTB - Khánh Hòa,(KHO) CK Diên Điền,Hàng Mới Ca 2,2026-09-20 - Chủ Nhật,1,100.00%,100.00%,0.00%,1,1,0,1,0,0,0,0.00%,0.00%,1,Khánh Hòa,NTB,AM Duy
NTB - Khánh Hòa,(KHO) CK Diên Điền,Hàng Mới Ca 2,2026-09-17 - Thứ 5,1,0.00%,0.00%,0.00%,0,0,0,0,0,1,1,100.00%,100.00%,1,Khánh Hòa,NTB,AM Duy
NTB - Khánh Hòa,(KHO) CK Diên Điền,Hàng Tồn,2026-10-06 - Thứ 3,59,96.61%,61.02%,6.78%,43.14,36,4,57,4,19,2,3.39%,32.20%,0,Khánh Hòa,NTB,AM Duy
NTB - Khánh Hòa,(KHO) CK Diên Điền,Hàng Tồn,2026-10-05 - Thứ 2,74,97.30%,64.86%,5.41%,35.56,48,4,72,4,22,2,2.70%,29.73%,0,Khánh Hòa,NTB,AM Duy
NTB - Khánh Hòa,(KHO) CK Diên Điền,Hàng Tồn,2026-09-23 - Thứ 4,87,77.01%,60.92%,2.30%,36.43,53,2,67,2,32,20,22.99%,36.78%,0,Khánh Hòa,NTB,AM Duy
NTB - Khánh Hòa,(KHO) CK Diên Điền,Hàng Tồn,2026-09-26 - Thứ 7,158,46.84%,35.44%,1.90%,57.95,56,3,74,3,99,84,53.16%,62.66%,0,Khánh Hòa,NTB,AM Duy
NTB - Khánh Hòa,(KHO) CK Diên Điền,Hàng Tồn,2026-09-28 - Thứ 2,139,61.87%,51.08%,2.88%,59.45,71,4,86,4,64,53,38.13%,46.04%,0,Khánh Hòa,NTB,AM Duy
NTB - Khánh Hòa,(KHO) CK Diên Điền,Hàng Tồn,2026-09-16 - Thứ 4,12,83.33%,58.33%,8.33%,45.57,7,1,10,1,4,2,16.67%,33.34%,0,Khánh Hòa,NTB,AM Duy
NTB - Khánh Hòa,(KHO) CK Diên Điền,Hàng Tồn,2026-09-22 - Thứ 3,89,77.53%,52.81%,4.49%,37.26,47,4,69,4,38,20,22.47%,42.70%,0,Khánh Hòa,NTB,AM Duy
NTB - Khánh Hòa,(KHO) CK Diên Điền,Hàng Tồn,2026-10-08 - Thứ 5,24,91.67%,41.67%,16.67%,37,10,4,22,4,10,2,8.33%,41.66%,0,Khánh Hòa,NTB,AM Duy
NTB - Khánh Hòa,(KHO) CK Diên Điền,Hàng Tồn,2026-09-19 - Thứ 7,22,81.82%,50.00%,4.55%,37.36,11,1,18,1,10,4,18.18%,45.45%,0,Khánh Hòa,NTB,AM Duy
NTB - Khánh Hòa,(KHO) CK Diên Điền,Hàng Tồn,2026-10-04 - Chủ Nhật,66,95.45%,66.67%,7.58%,32.05,44,5,63,5,17,3,4.55%,25.75%,0,Khánh Hòa,NTB,AM Duy
NTB - Khánh Hòa,(KHO) CK Diên Điền,Hàng Tồn,2026-09-30 - Thứ 4,59,88.14%,57.63%,8.47%,46.21,34,5,52,5,20,7,11.86%,33.90%,0,Khánh Hòa,NTB,AM Duy
NTB - Khánh Hòa,(KHO) CK Diên Điền,Hàng Tồn,2026-09-25 - Thứ 6,130,67.69%,33.08%,6.92%,48.56,43,9,88,9,78,42,32.31%,60.00%,0,Khánh Hòa,NTB,AM Duy
NTB - Khánh Hòa,(KHO) CK Diên Điền,Hàng Tồn,2026-09-18 - Thứ 6,17,94.12%,52.94%,5.88%,36.11,9,1,16,1,7,1,5.88%,41.18%,0,Khánh Hòa,NTB,AM Duy
NTB - Khánh Hòa,(KHO) CK Diên Điền,Hàng Tồn,2026-09-24 - Thứ 5,108,73.15%,55.56%,3.70%,38.48,60,4,79,4,44,29,26.85%,40.74%,0,Khánh Hòa,NTB,AM Duy
NTB - Khánh Hòa,(KHO) CK Diên Điền,Hàng Tồn,2026-09-14 - Thứ 2,5,80.00%,40.00%,0.00%,26,2,0,4,0,3,1,20.00%,60.00%,0,Khánh Hòa,NTB,AM Duy
NTB - Khánh Hòa,(KHO) CK Diên Điền,Hàng Tồn,2026-09-27 - Chủ Nhật,138,60.14%,42.75%,3.62%,61.8,59,5,83,5,74,55,39.86%,53.63%,0,Khánh Hòa,NTB,AM Duy
NTB - Khánh Hòa,(KHO) CK Diên Điền,Hàng Tồn,2026-10-01 - Thứ 5,50,92.00%,58.00%,14.00%,36.52,29,7,46,7,14,4,8.00%,28.00%,0,Khánh Hòa,NTB,AM Duy
NTB - Khánh Hòa,(KHO) CK Diên Điền,Hàng Tồn,2026-10-03 - Thứ 7,64,95.31%,62.50%,7.81%,37.23,40,5,61,5,19,3,4.69%,29.69%,0,Khánh Hòa,NTB,AM Duy
NTB - Khánh Hòa,(KHO) CK Diên Điền,Hàng Tồn,2026-09-21 - Thứ 2,22,95.45%,40.91%,36.36%,35.56,9,8,21,8,5,1,4.55%,22.73%,0,Khánh Hòa,NTB,AM Duy
NTB - Khánh Hòa,(KHO) CK Diên Điền,Hàng Tồn,2026-10-02 - Thứ 6,45,95.56%,68.89%,4.44%,36.06,31,2,43,2,12,2,4.44%,26.67%,0,Khánh Hòa,NTB,AM Duy
NTB - Khánh Hòa,(KHO) CK Diên Điền,Hàng Tồn,2026-10-07 - Thứ 4,26,92.31%,38.46%,26.92%,46.1,10,7,24,7,9,2,7.69%,34.62%,0,Khánh Hòa,NTB,AM Duy
NTB - Khánh Hòa,(KHO) CK Diên Điền,Hàng Tồn,2026-09-20 - Chủ Nhật,39,94.87%,56.41%,12.82%,32.64,22,5,37,5,12,2,5.13%,30.77%,0,Khánh Hòa,NTB,AM Duy
NTB - Khánh Hòa,(KHO) CK Diên Điền,Hàng Tồn,2026-09-15 - Thứ 3,10,70.00%,60.00%,10.00%,31.17,6,1,7,1,3,3,30.00%,30.00%,0,Khánh Hòa,NTB,AM Duy
NTB - Khánh Hòa,(KHO) CK Diên Điền,Hàng Tồn,2026-09-17 - Thứ 5,19,78.95%,63.16%,5.26%,30.83,12,1,15,1,6,4,21.05%,31.58%,0,Khánh Hòa,NTB,AM Duy
NTB - Khánh Hòa,(KHO) CK Diên Điền,Hàng Tồn,2026-10-09 - Thứ 6,14,92.86%,28.57%,28.57%,58.5,4,4,13,4,6,1,7.14%,42.86%,0,Khánh Hòa,NTB,AM Duy
NTB - Khánh Hòa,(KHO) CK Diên Điền,Hàng Tồn,2026-09-29 - Thứ 3,117,87.18%,65.81%,4.27%,52.51,77,5,102,5,35,15,12.82%,29.92%,0,Khánh Hòa,NTB,AM Duy
NTB - Khánh Hòa,(KHO) CK Diên Điền,Hàng Tồn,2026-09-13 - Chủ Nhật,10,70.00%,60.00%,10.00%,34,6,1,7,1,3,3,30.00%,30.00%,0,Khánh Hòa,NTB,AM Duy
NTB - Khánh Hòa,(KHO) CK Diên Điền,Hàng Tồn,2026-09-12 - Thứ 7,5,80.00%,80.00%,0.00%,47.5,4,0,4,0,1,1,20.00%,20.00%,0,Khánh Hòa,NTB,AM Duy
NTB - Khánh Hòa,(KHO) CK Bắc Nha Trang,Hàng Mới Ca 1,2026-09-21 - Thứ 2,90,100.00%,83.33%,0.00%,14.35,75,0,90,0,15,0,0.00%,16.67%,90,Khánh Hòa,NTB,AM Thư
NTB - Khánh Hòa,(KHO) CK Bắc Nha Trang,Hàng Mới Ca 1,2026-09-12 - Thứ 7,112,86.61%,63.39%,2.68%,17.45,71,3,97,3,38,15,13.39%,33.93%,112,Khánh Hòa,NTB,AM Thư
NTB - Khánh Hòa,(KHO) CK Bắc Nha Trang,Hàng Mới Ca 1,2026-09-14 - Thứ 2,85,90.59%,81.18%,1.18%,17.14,69,1,77,1,15,8,9.41%,17.64%,85,Khánh Hòa,NTB,AM Thư
NTB - Khánh Hòa,(KHO) CK Bắc Nha Trang,Hàng Mới Ca 1,2026-09-15 - Thứ 3,50,100.00%,76.00%,2.00%,10.84,38,1,50,1,11,0,0.00%,22.00%,50,Khánh Hòa,NTB,AM Thư
NTB - Khánh Hòa,(KHO) CK Bắc Nha Trang,Hàng Mới Ca 1,2026-10-02 - Thứ 6,72,100.00%,90.28%,1.39%,14.28,65,1,72,1,6,0,0.00%,8.33%,72,Khánh Hòa,NTB,AM Thư
NTB - Khánh Hòa,(KHO) CK Bắc Nha Trang,Hàng Mới Ca 1,2026-09-28 - Thứ 2,98,100.00%,89.80%,0.00%,10.8,88,0,98,0,10,0,0.00%,10.20%,98,Khánh Hòa,NTB,AM Thư
NTB - Khánh Hòa,(KHO) CK Bắc Nha Trang,Hàng Mới Ca 1,2026-10-07 - Thứ 4,95,100.00%,86.32%,3.16%,11.73,82,3,95,3,10,0,0.00%,10.52%,95,Khánh Hòa,NTB,AM Thư
NTB - Khánh Hòa,(KHO) CK Bắc Nha Trang,Hàng Mới Ca 1,2026-10-03 - Thứ 7,73,100.00%,86.30%,0.00%,13.71,63,0,73,0,10,0,0.00%,13.70%,73,Khánh Hòa,NTB,AM Thư
NTB - Khánh Hòa,(KHO) CK Bắc Nha Trang,Hàng Mới Ca 1,2026-09-24 - Thứ 5,84,100.00%,80.95%,0.00%,14.01,68,0,84,0,16,0,0.00%,19.05%,84,Khánh Hòa,NTB,AM Thư
NTB - Khánh Hòa,(KHO) CK Bắc Nha Trang,Hàng Mới Ca 1,2026-09-27 - Chủ Nhật,124,99.19%,83.06%,0.81%,13.47,103,1,123,1,20,1,0.81%,16.13%,124,Khánh Hòa,NTB,AM Thư
NTB - Khánh Hòa,(KHO) CK Bắc Nha Trang,Hàng Mới Ca 1,2026-09-22 - Thứ 3,91,100.00%,84.62%,0.00%,13.53,77,0,91,0,14,0,0.00%,15.38%,91,Khánh Hòa,NTB,AM Thư
NTB - Khánh Hòa,(KHO) CK Bắc Nha Trang,Hàng Mới Ca 1,2026-09-29 - Thứ 3,99,95.96%,85.86%,4.04%,15.92,85,4,95,4,10,4,4.04%,10.10%,99,Khánh Hòa,NTB,AM Thư
NTB - Khánh Hòa,(KHO) CK Bắc Nha Trang,Hàng Mới Ca 1,2026-10-08 - Thứ 5,89,100.00%,84.27%,0.00%,13.07,75,0,89,0,14,0,0.00%,15.73%,89,Khánh Hòa,NTB,AM Thư
NTB - Khánh Hòa,(KHO) CK Bắc Nha Trang,Hàng Mới Ca 1,2026-10-04 - Chủ Nhật,89,100.00%,86.52%,1.12%,12.81,77,1,89,1,11,0,0.00%,12.36%,89,Khánh Hòa,NTB,AM Thư
NTB - Khánh Hòa,(KHO) CK Bắc Nha Trang,Hàng Mới Ca 1,2026-09-30 - Thứ 4,86,100.00%,88.37%,1.16%,11.99,76,1,86,1,9,0,0.00%,10.47%,86,Khánh Hòa,NTB,AM Thư
NTB - Khánh Hòa,(KHO) CK Bắc Nha Trang,Hàng Mới Ca 1,2026-09-16 - Thứ 4,81,100.00%,81.48%,0.00%,9.97,66,0,81,0,15,0,0.00%,18.52%,81,Khánh Hòa,NTB,AM Thư
NTB - Khánh Hòa,(KHO) CK Bắc Nha Trang,Hàng Mới Ca 1,2026-09-13 - Chủ Nhật,134,100.00%,66.42%,6.72%,16.09,89,9,134,9,36,0,0.00%,26.86%,134,Khánh Hòa,NTB,AM Thư
NTB - Khánh Hòa,(KHO) CK Bắc Nha Trang,Hàng Mới Ca 1,2026-09-26 - Thứ 7,114,100.00%,85.09%,1.75%,11.35,97,2,114,2,15,0,0.00%,13.16%,114,Khánh Hòa,NTB,AM Thư
NTB - Khánh Hòa,(KHO) CK Bắc Nha Trang,Hàng Mới Ca 1,2026-09-18 - Thứ 6,95,100.00%,89.47%,0.00%,14.85,85,0,95,0,10,0,0.00%,10.53%,95,Khánh Hòa,NTB,AM Thư
NTB - Khánh Hòa,(KHO) CK Bắc Nha Trang,Hàng Mới Ca 1,2026-10-06 - Thứ 3,36,100.00%,91.67%,0.00%,8.7,33,0,36,0,3,0,0.00%,8.33%,36,Khánh Hòa,NTB,AM Thư
NTB - Khánh Hòa,(KHO) CK Bắc Nha Trang,Hàng Mới Ca 1,2026-09-23 - Thứ 4,117,99.15%,80.34%,0.00%,9.85,94,0,116,0,23,1,0.85%,19.66%,117,Khánh Hòa,NTB,AM Thư
NTB - Khánh Hòa,(KHO) CK Bắc Nha Trang,Hàng Mới Ca 1,2026-10-05 - Thứ 2,95,100.00%,86.32%,3.16%,14.5,82,3,95,3,10,0,0.00%,10.52%,95,Khánh Hòa,NTB,AM Thư
NTB - Khánh Hòa,(KHO) CK Bắc Nha Trang,Hàng Mới Ca 1,2026-09-19 - Thứ 7,77,100.00%,92.21%,0.00%,11.93,71,0,77,0,6,0,0.00%,7.79%,77,Khánh Hòa,NTB,AM Thư
NTB - Khánh Hòa,(KHO) CK Bắc Nha Trang,Hàng Mới Ca 1,2026-09-25 - Thứ 6,97,100.00%,82.47%,0.00%,12.3,80,0,97,0,17,0,0.00%,17.53%,97,Khánh Hòa,NTB,AM Thư
NTB - Khánh Hòa,(KHO) CK Bắc Nha Trang,Hàng Mới Ca 1,2026-10-01 - Thứ 5,87,100.00%,78.16%,8.05%,14.74,68,7,87,7,12,0,0.00%,13.79%,87,Khánh Hòa,NTB,AM Thư
NTB - Khánh Hòa,(KHO) CK Bắc Nha Trang,Hàng Mới Ca 1,2026-10-09 - Thứ 6,86,100.00%,81.40%,3.49%,12.27,70,3,86,3,13,0,0.00%,15.11%,86,Khánh Hòa,NTB,AM Thư
NTB - Khánh Hòa,(KHO) CK Bắc Nha Trang,Hàng Mới Ca 1,2026-09-20 - Chủ Nhật,77,100.00%,77.92%,2.60%,15.93,60,2,77,2,15,0,0.00%,19.48%,77,Khánh Hòa,NTB,AM Thư
NTB - Khánh Hòa,(KHO) CK Bắc Nha Trang,Hàng Mới Ca 1,2026-09-17 - Thứ 5,119,100.00%,78.15%,2.52%,16.48,93,3,119,3,23,0,0.00%,19.33%,119,Khánh Hòa,NTB,AM Thư
NTB - Khánh Hòa,(KHO) CK Bắc Nha Trang,Hàng Mới Ca 2,2026-09-23 - Thứ 4,1,100.00%,100.00%,0.00%,0,1,0,1,0,0,0,0.00%,0.00%,1,Khánh Hòa,NTB,AM Thư
NTB - Khánh Hòa,(KHO) CK Bắc Nha Trang,Hàng Tồn,2026-10-05 - Thứ 2,16,100.00%,62.50%,6.25%,43.6,10,1,16,1,5,0,0.00%,31.25%,0,Khánh Hòa,NTB,AM Thư
NTB - Khánh Hòa,(KHO) CK Bắc Nha Trang,Hàng Tồn,2026-09-22 - Thứ 3,22,100.00%,59.09%,13.64%,45.62,13,3,22,3,6,0,0.00%,27.27%,0,Khánh Hòa,NTB,AM Thư
NTB - Khánh Hòa,(KHO) CK Bắc Nha Trang,Hàng Tồn,2026-09-23 - Thứ 4,20,100.00%,60.00%,20.00%,42.33,12,4,20,4,4,0,0.00%,20.00%,0,Khánh Hòa,NTB,AM Thư
NTB - Khánh Hòa,(KHO) CK Bắc Nha Trang,Hàng Tồn,2026-10-07 - Thứ 4,9,100.00%,55.56%,44.44%,40.8,5,4,9,4,0,0,0.00%,0.00%,0,Khánh Hòa,NTB,AM Thư
NTB - Khánh Hòa,(KHO) CK Bắc Nha Trang,Hàng Tồn,2026-09-16 - Thứ 4,13,100.00%,69.23%,7.69%,70,9,1,13,1,3,0,0.00%,23.08%,0,Khánh Hòa,NTB,AM Thư
NTB - Khánh Hòa,(KHO) CK Bắc Nha Trang,Hàng Tồn,2026-09-27 - Chủ Nhật,23,100.00%,43.48%,13.04%,45.2,10,3,23,3,10,0,0.00%,43.48%,0,Khánh Hòa,NTB,AM Thư
NTB - Khánh Hòa,(KHO) CK Bắc Nha Trang,Hàng Tồn,2026-09-13 - Chủ Nhật,35,97.14%,54.29%,25.71%,44.11,19,9,34,9,7,1,2.86%,20.00%,0,Khánh Hòa,NTB,AM Thư
NTB - Khánh Hòa,(KHO) CK Bắc Nha Trang,Hàng Tồn,2026-09-24 - Thứ 5,23,100.00%,69.57%,4.35%,36.44,16,1,23,1,6,0,0.00%,26.08%,0,Khánh Hòa,NTB,AM Thư
NTB - Khánh Hòa,(KHO) CK Bắc Nha Trang,Hàng Tồn,2026-10-01 - Thứ 5,11,100.00%,36.36%,0.00%,36.5,4,0,11,0,7,0,0.00%,63.64%,0,Khánh Hòa,NTB,AM Thư
NTB - Khánh Hòa,(KHO) CK Bắc Nha Trang,Hàng Tồn,2026-09-18 - Thứ 6,28,100.00%,64.29%,10.71%,42.22,18,3,28,3,7,0,0.00%,25.00%,0,Khánh Hòa,NTB,AM Thư
NTB - Khánh Hòa,(KHO) CK Bắc Nha Trang,Hàng Tồn,2026-10-04 - Chủ Nhật,12,100.00%,50.00%,8.33%,38.83,6,1,12,1,5,0,0.00%,41.67%,0,Khánh Hòa,NTB,AM Thư
NTB - Khánh Hòa,(KHO) CK Bắc Nha Trang,Hàng Tồn,2026-09-30 - Thứ 4,6,100.00%,83.33%,0.00%,39,5,0,6,0,1,0,0.00%,16.67%,0,Khánh Hòa,NTB,AM Thư
NTB - Khánh Hòa,(KHO) CK Bắc Nha Trang,Hàng Tồn,2026-09-26 - Thứ 7,23,95.65%,30.43%,39.13%,41,7,9,22,9,7,1,4.35%,30.44%,0,Khánh Hòa,NTB,AM Thư
NTB - Khánh Hòa,(KHO) CK Bắc Nha Trang,Hàng Tồn,2026-09-25 - Thứ 6,22,100.00%,45.45%,22.73%,36.3,10,5,22,5,7,0,0.00%,31.82%,0,Khánh Hòa,NTB,AM Thư
NTB - Khánh Hòa,(KHO) CK Bắc Nha Trang,Hàng Tồn,2026-09-20 - Chủ Nhật,11,100.00%,63.64%,36.36%,47,7,4,11,4,0,0,0.00%,0.00%,0,Khánh Hòa,NTB,AM Thư
NTB - Khánh Hòa,(KHO) CK Bắc Nha Trang,Hàng Tồn,2026-09-14 - Thứ 2,38,97.37%,71.05%,7.89%,45.04,27,3,37,3,8,1,2.63%,21.06%,0,Khánh Hòa,NTB,AM Thư
NTB - Khánh Hòa,(KHO) CK Bắc Nha Trang,Hàng Tồn,2026-09-29 - Thứ 3,17,100.00%,41.18%,23.53%,41.14,7,4,17,4,6,0,0.00%,35.29%,0,Khánh Hòa,NTB,AM Thư
NTB - Khánh Hòa,(KHO) CK Bắc Nha Trang,Hàng Tồn,2026-09-12 - Thứ 7,32,96.88%,56.25%,3.13%,38.28,18,1,31,1,13,1,3.12%,40.62%,0,Khánh Hòa,NTB,AM Thư
NTB - Khánh Hòa,(KHO) CK Bắc Nha Trang,Hàng Tồn,2026-09-21 - Thứ 2,15,100.00%,53.33%,0.00%,38.63,8,0,15,0,7,0,0.00%,46.67%,0,Khánh Hòa,NTB,AM Thư
NTB - Khánh Hòa,(KHO) CK Bắc Nha Trang,Hàng Tồn,2026-10-02 - Thứ 6,18,100.00%,55.56%,22.22%,46.9,10,4,18,4,4,0,0.00%,22.22%,0,Khánh Hòa,NTB,AM Thư
NTB - Khánh Hòa,(KHO) CK Bắc Nha Trang,Hàng Tồn,2026-09-17 - Thứ 5,18,100.00%,61.11%,0.00%,46.73,11,0,18,0,7,0,0.00%,38.89%,0,Khánh Hòa,NTB,AM Thư
NTB - Khánh Hòa,(KHO) CK Bắc Nha Trang,Hàng Tồn,2026-10-09 - Thứ 6,13,100.00%,53.85%,38.46%,38.14,7,5,13,5,1,0,0.00%,7.69%,0,Khánh Hòa,NTB,AM Thư
NTB - Khánh Hòa,(KHO) CK Bắc Nha Trang,Hàng Tồn,2026-09-28 - Thứ 2,27,100.00%,40.74%,33.33%,37.18,11,9,27,9,7,0,0.00%,25.93%,0,Khánh Hòa,NTB,AM Thư
NTB - Khánh Hòa,(KHO) CK Bắc Nha Trang,Hàng Tồn,2026-10-03 - Thứ 7,9,100.00%,77.78%,0.00%,47.14,7,0,9,0,2,0,0.00%,22.22%,0,Khánh Hòa,NTB,AM Thư
NTB - Khánh Hòa,(KHO) CK Bắc Nha Trang,Hàng Tồn,2026-09-15 - Thứ 3,22,95.45%,63.64%,18.18%,39.93,14,4,21,4,4,1,4.55%,18.18%,0,Khánh Hòa,NTB,AM Thư
NTB - Khánh Hòa,(KHO) CK Bắc Nha Trang,Hàng Tồn,2026-10-06 - Thứ 3,15,100.00%,46.67%,6.67%,44.43,7,1,15,1,7,0,0.00%,46.66%,0,Khánh Hòa,NTB,AM Thư
NTB - Khánh Hòa,(KHO) CK Bắc Nha Trang,Hàng Tồn,2026-10-08 - Thứ 5,9,100.00%,88.89%,0.00%,39.13,8,0,9,0,1,0,0.00%,11.11%,0,Khánh Hòa,NTB,AM Thư
NTB - Khánh Hòa,(KHO) CK Bắc Nha Trang,Hàng Tồn,2026-09-19 - Thứ 7,19,100.00%,47.37%,26.32%,57.89,9,5,19,5,5,0,0.00%,26.31%,0,Khánh Hòa,NTB,AM Thư
NTB - Khánh Hòa,(KHO) Bắc Nha Trang,Hàng Mới Ca 1,2026-09-16 - Thứ 4,"1,206",99.25%,82.59%,2.07%,8.2,996,25,1197,25,185,9,0.75%,15.34%,1206,Khánh Hòa,NTB,AM Thư
NTB - Khánh Hòa,(KHO) Bắc Nha Trang,Hàng Mới Ca 1,2026-09-25 - Thứ 6,"1,531",99.54%,80.34%,1.50%,9.89,1230,23,1524,23,278,7,0.46%,18.16%,1531,Khánh Hòa,NTB,AM Thư
NTB - Khánh Hòa,(KHO) Bắc Nha Trang,Hàng Mới Ca 1,2026-09-18 - Thứ 6,"1,182",99.41%,77.07%,2.12%,11.44,911,25,1175,25,246,7,0.59%,20.81%,1182,Khánh Hòa,NTB,AM Thư
NTB - Khánh Hòa,(KHO) Bắc Nha Trang,Hàng Mới Ca 1,2026-09-20 - Chủ Nhật,"1,096",98.08%,79.20%,1.00%,9.1,868,11,1075,11,217,21,1.92%,19.80%,1096,Khánh Hòa,NTB,AM Thư
NTB - Khánh Hòa,(KHO) Bắc Nha Trang,Hàng Mới Ca 1,2026-09-13 - Chủ Nhật,"1,128",99.47%,72.16%,2.22%,11.1,814,25,1122,25,289,6,0.53%,25.62%,1128,Khánh Hòa,NTB,AM Thư
NTB - Khánh Hòa,(KHO) Bắc Nha Trang,Hàng Mới Ca 1,2026-09-24 - Thứ 5,"1,331",99.10%,80.32%,1.20%,11.66,1069,16,1319,16,246,12,0.90%,18.48%,1331,Khánh Hòa,NTB,AM Thư
NTB - Khánh Hòa,(KHO) Bắc Nha Trang,Hàng Mới Ca 1,2026-10-06 - Thứ 3,720,100.00%,84.44%,2.22%,6.32,608,16,720,16,96,0,0.00%,13.34%,720,Khánh Hòa,NTB,AM Thư
NTB - Khánh Hòa,(KHO) Bắc Nha Trang,Hàng Mới Ca 1,2026-10-01 - Thứ 5,972,100.00%,87.24%,1.75%,8.42,848,17,972,17,107,0,0.00%,11.01%,972,Khánh Hòa,NTB,AM Thư
NTB - Khánh Hòa,(KHO) Bắc Nha Trang,Hàng Mới Ca 1,2026-09-12 - Thứ 7,"1,441",99.17%,76.61%,1.39%,12.67,1104,20,1429,20,317,12,0.83%,22.00%,1441,Khánh Hòa,NTB,AM Thư
NTB - Khánh Hòa,(KHO) Bắc Nha Trang,Hàng Mới Ca 1,2026-10-05 - Thứ 2,729,97.94%,83.81%,1.78%,7.89,611,13,714,13,105,15,2.06%,14.41%,729,Khánh Hòa,NTB,AM Thư
NTB - Khánh Hòa,(KHO) Bắc Nha Trang,Hàng Mới Ca 1,2026-09-22 - Thứ 3,808,99.26%,69.93%,1.98%,11.76,565,16,802,16,227,6,0.74%,28.09%,808,Khánh Hòa,NTB,AM Thư
NTB - Khánh Hòa,(KHO) Bắc Nha Trang,Hàng Mới Ca 1,2026-09-14 - Thứ 2,"1,149",97.65%,77.63%,1.74%,11.51,892,20,1122,20,237,27,2.35%,20.63%,1149,Khánh Hòa,NTB,AM Thư
NTB - Khánh Hòa,(KHO) Bắc Nha Trang,Hàng Mới Ca 1,2026-09-15 - Thứ 3,715,99.44%,80.70%,1.40%,6.79,577,10,711,10,128,4,0.56%,17.90%,715,Khánh Hòa,NTB,AM Thư
NTB - Khánh Hòa,(KHO) Bắc Nha Trang,Hàng Mới Ca 1,2026-10-02 - Thứ 6,892,99.78%,84.87%,2.02%,8.41,757,18,890,18,117,2,0.22%,13.11%,892,Khánh Hòa,NTB,AM Thư
NTB - Khánh Hòa,(KHO) Bắc Nha Trang,Hàng Mới Ca 1,2026-09-29 - Thứ 3,520,99.23%,81.35%,2.50%,6.41,423,13,516,13,84,4,0.77%,16.15%,520,Khánh Hòa,NTB,AM Thư
NTB - Khánh Hòa,(KHO) Bắc Nha Trang,Hàng Mới Ca 1,2026-10-08 - Thứ 5,997,99.70%,82.15%,2.81%,8.96,819,28,994,28,150,3,0.30%,15.04%,997,Khánh Hòa,NTB,AM Thư
NTB - Khánh Hòa,(KHO) Bắc Nha Trang,Hàng Mới Ca 1,2026-09-19 - Thứ 7,"1,273",99.53%,81.54%,1.96%,10.66,1038,25,1267,25,210,6,0.47%,16.50%,1273,Khánh Hòa,NTB,AM Thư
NTB - Khánh Hòa,(KHO) Bắc Nha Trang,Hàng Mới Ca 1,2026-10-04 - Chủ Nhật,"1,024",99.22%,82.81%,2.34%,9.74,848,24,1016,24,152,8,0.78%,14.85%,1024,Khánh Hòa,NTB,AM Thư
NTB - Khánh Hòa,(KHO) Bắc Nha Trang,Hàng Mới Ca 1,2026-09-30 - Thứ 4,810,99.63%,81.23%,1.85%,8.16,658,15,807,15,137,3,0.37%,16.92%,810,Khánh Hòa,NTB,AM Thư
NTB - Khánh Hòa,(KHO) Bắc Nha Trang,Hàng Mới Ca 1,2026-09-17 - Thứ 5,"1,227",99.51%,81.17%,0.73%,9.08,996,9,1221,9,222,6,0.49%,18.10%,1227,Khánh Hòa,NTB,AM Thư
NTB - Khánh Hòa,(KHO) Bắc Nha Trang,Hàng Mới Ca 1,2026-10-09 - Thứ 6,"1,073",99.72%,86.49%,1.86%,8.39,928,20,1070,20,125,3,0.28%,11.65%,1073,Khánh Hòa,NTB,AM Thư
NTB - Khánh Hòa,(KHO) Bắc Nha Trang,Hàng Mới Ca 1,2026-09-26 - Thứ 7,809,99.88%,82.45%,1.85%,9.2,667,15,808,15,127,1,0.12%,15.70%,809,Khánh Hòa,NTB,AM Thư
NTB - Khánh Hòa,(KHO) Bắc Nha Trang,Hàng Mới Ca 1,2026-09-28 - Thứ 2,676,99.56%,73.52%,1.78%,9.2,497,12,673,12,167,3,0.44%,24.70%,676,Khánh Hòa,NTB,AM Thư
NTB - Khánh Hòa,(KHO) Bắc Nha Trang,Hàng Mới Ca 1,2026-10-07 - Thứ 4,924,99.35%,86.36%,2.16%,9.47,798,20,918,20,106,6,0.65%,11.48%,924,Khánh Hòa,NTB,AM Thư
NTB - Khánh Hòa,(KHO) Bắc Nha Trang,Hàng Mới Ca 1,2026-10-03 - Thứ 7,957,99.37%,82.76%,3.03%,9.58,792,29,951,29,136,6,0.63%,14.21%,957,Khánh Hòa,NTB,AM Thư
NTB - Khánh Hòa,(KHO) Bắc Nha Trang,Hàng Mới Ca 1,2026-09-21 - Thứ 2,971,99.90%,84.24%,1.34%,12.24,818,13,970,13,140,1,0.10%,14.42%,971,Khánh Hòa,NTB,AM Thư
NTB - Khánh Hòa,(KHO) Bắc Nha Trang,Hàng Mới Ca 1,2026-09-27 - Chủ Nhật,887,98.65%,65.61%,1.58%,10.74,582,14,875,14,291,12,1.35%,32.81%,887,Khánh Hòa,NTB,AM Thư
NTB - Khánh Hòa,(KHO) Bắc Nha Trang,Hàng Mới Ca 1,2026-09-23 - Thứ 4,"1,417",98.94%,78.33%,2.05%,11.08,1110,29,1402,29,278,15,1.06%,19.62%,1417,Khánh Hòa,NTB,AM Thư
NTB - Khánh Hòa,(KHO) Bắc Nha Trang,Hàng Mới Ca 2,2026-09-27 - Chủ Nhật,536,70.52%,46.27%,1.49%,4.4,248,8,378,8,280,158,29.48%,52.24%,536,Khánh Hòa,NTB,AM Thư
NTB - Khánh Hòa,(KHO) Bắc Nha Trang,Hàng Mới Ca 2,2026-09-21 - Thứ 2,480,98.96%,70.83%,1.67%,4.59,340,8,475,8,132,5,1.04%,27.50%,480,Khánh Hòa,NTB,AM Thư
NTB - Khánh Hòa,(KHO) Bắc Nha Trang,Hàng Mới Ca 2,2026-09-20 - Chủ Nhật,345,99.71%,77.39%,0.87%,4.55,267,3,344,3,75,1,0.29%,21.74%,345,Khánh Hòa,NTB,AM Thư
NTB - Khánh Hòa,(KHO) Bắc Nha Trang,Hàng Mới Ca 2,2026-10-06 - Thứ 3,513,96.49%,82.46%,1.95%,3.87,423,10,495,10,80,18,3.51%,15.59%,513,Khánh Hòa,NTB,AM Thư
NTB - Khánh Hòa,(KHO) Bắc Nha Trang,Hàng Mới Ca 2,2026-10-01 - Thứ 5,606,99.67%,82.84%,1.98%,4.24,502,12,604,12,92,2,0.33%,15.18%,606,Khánh Hòa,NTB,AM Thư
NTB - Khánh Hòa,(KHO) Bắc Nha Trang,Hàng Mới Ca 2,2026-09-12 - Thứ 7,683,33.53%,24.16%,0.73%,5.5,165,5,229,5,513,454,66.47%,75.11%,683,Khánh Hòa,NTB,AM Thư
NTB - Khánh Hòa,(KHO) Bắc Nha Trang,Hàng Mới Ca 2,2026-10-05 - Thứ 2,497,99.20%,73.84%,0.80%,4.2,367,4,493,4,126,4,0.80%,25.36%,497,Khánh Hòa,NTB,AM Thư
NTB - Khánh Hòa,(KHO) Bắc Nha Trang,Hàng Mới Ca 2,2026-09-22 - Thứ 3,494,88.26%,56.07%,0.81%,4.86,277,4,436,4,213,58,11.74%,43.12%,494,Khánh Hòa,NTB,AM Thư
NTB - Khánh Hòa,(KHO) Bắc Nha Trang,Hàng Mới Ca 2,2026-09-23 - Thứ 4,458,92.79%,59.17%,2.62%,4.79,271,12,425,12,175,33,7.21%,38.21%,458,Khánh Hòa,NTB,AM Thư
NTB - Khánh Hòa,(KHO) Bắc Nha Trang,Hàng Mới Ca 2,2026-09-14 - Thứ 2,483,45.13%,32.51%,0.83%,5.15,157,4,218,4,322,265,54.87%,66.66%,483,Khánh Hòa,NTB,AM Thư
NTB - Khánh Hòa,(KHO) Bắc Nha Trang,Hàng Mới Ca 2,2026-09-15 - Thứ 3,570,84.39%,66.14%,1.58%,4.38,377,9,481,9,184,89,15.61%,32.28%,570,Khánh Hòa,NTB,AM Thư
NTB - Khánh Hòa,(KHO) Bắc Nha Trang,Hàng Mới Ca 2,2026-10-02 - Thứ 6,456,93.64%,78.73%,1.54%,3.96,359,7,427,7,90,29,6.36%,19.73%,456,Khánh Hòa,NTB,AM Thư
NTB - Khánh Hòa,(KHO) Bắc Nha Trang,Hàng Mới Ca 2,2026-10-08 - Thứ 5,615,93.50%,75.61%,2.93%,4.28,465,18,575,18,132,40,6.50%,21.46%,615,Khánh Hòa,NTB,AM Thư
NTB - Khánh Hòa,(KHO) Bắc Nha Trang,Hàng Mới Ca 2,2026-09-19 - Thứ 7,614,92.35%,65.47%,1.63%,5.31,402,10,567,10,202,47,7.65%,32.90%,614,Khánh Hòa,NTB,AM Thư
NTB - Khánh Hòa,(KHO) Bắc Nha Trang,Hàng Mới Ca 2,2026-09-17 - Thứ 5,597,86.10%,68.84%,0.84%,5,411,5,514,5,181,83,13.90%,30.32%,597,Khánh Hòa,NTB,AM Thư
NTB - Khánh Hòa,(KHO) Bắc Nha Trang,Hàng Mới Ca 2,2026-10-09 - Thứ 6,403,95.53%,77.17%,2.73%,4.32,311,11,385,11,81,18,4.47%,20.10%,403,Khánh Hòa,NTB,AM Thư
NTB - Khánh Hòa,(KHO) Bắc Nha Trang,Hàng Mới Ca 2,2026-09-26 - Thứ 7,787,93.01%,58.70%,1.14%,4.88,462,9,732,9,316,55,6.99%,40.16%,787,Khánh Hòa,NTB,AM Thư
NTB - Khánh Hòa,(KHO) Bắc Nha Trang,Hàng Mới Ca 2,2026-09-28 - Thứ 2,328,87.80%,51.83%,0.30%,4.38,170,1,288,1,157,40,12.20%,47.87%,328,Khánh Hòa,NTB,AM Thư
NTB - Khánh Hòa,(KHO) Bắc Nha Trang,Hàng Mới Ca 2,2026-10-07 - Thứ 4,709,98.03%,75.74%,2.40%,4.63,537,17,695,17,155,14,1.97%,21.86%,709,Khánh Hòa,NTB,AM Thư
NTB - Khánh Hòa,(KHO) Bắc Nha Trang,Hàng Mới Ca 2,2026-10-03 - Thứ 7,632,99.53%,77.85%,4.27%,4.49,492,27,629,27,113,3,0.47%,17.88%,632,Khánh Hòa,NTB,AM Thư
NTB - Khánh Hòa,(KHO) Bắc Nha Trang,Hàng Mới Ca 2,2026-09-16 - Thứ 4,442,84.16%,61.31%,1.13%,4.99,271,5,372,5,166,70,15.84%,37.56%,442,Khánh Hòa,NTB,AM Thư
NTB - Khánh Hòa,(KHO) Bắc Nha Trang,Hàng Mới Ca 2,2026-09-18 - Thứ 6,535,95.51%,58.13%,1.87%,4.7,311,10,511,10,214,24,4.49%,40.00%,535,Khánh Hòa,NTB,AM Thư
NTB - Khánh Hòa,(KHO) Bắc Nha Trang,Hàng Mới Ca 2,2026-09-13 - Chủ Nhật,550,20.00%,16.00%,0.36%,5.02,88,2,110,2,460,440,80.00%,83.64%,550,Khánh Hòa,NTB,AM Thư
NTB - Khánh Hòa,(KHO) Bắc Nha Trang,Hàng Mới Ca 2,2026-09-24 - Thứ 5,746,88.20%,63.14%,1.47%,5.31,471,11,658,11,264,88,11.80%,35.39%,746,Khánh Hòa,NTB,AM Thư
NTB - Khánh Hòa,(KHO) Bắc Nha Trang,Hàng Mới Ca 2,2026-09-29 - Thứ 3,422,100.00%,78.91%,1.90%,4.37,333,8,422,8,81,0,0.00%,19.19%,422,Khánh Hòa,NTB,AM Thư
NTB - Khánh Hòa,(KHO) Bắc Nha Trang,Hàng Mới Ca 2,2026-10-04 - Chủ Nhật,661,99.24%,75.79%,2.57%,4.51,501,17,656,17,143,5,0.76%,21.64%,661,Khánh Hòa,NTB,AM Thư
NTB - Khánh Hòa,(KHO) Bắc Nha Trang,Hàng Mới Ca 2,2026-09-30 - Thứ 4,309,99.68%,68.93%,1.62%,3.92,213,5,308,5,91,1,0.32%,29.45%,309,Khánh Hòa,NTB,AM Thư
NTB - Khánh Hòa,(KHO) Bắc Nha Trang,Hàng Mới Ca 2,2026-09-25 - Thứ 6,668,87.43%,59.73%,1.20%,5.33,399,8,584,8,261,84,12.57%,39.07%,668,Khánh Hòa,NTB,AM Thư
NTB - Khánh Hòa,(KHO) Bắc Nha Trang,Hàng Tồn,2026-09-25 - Thứ 6,736,97.96%,48.64%,9.24%,36.31,358,68,721,68,310,15,2.04%,42.12%,0,Khánh Hòa,NTB,AM Thư
NTB - Khánh Hòa,(KHO) Bắc Nha Trang,Hàng Tồn,2026-09-27 - Chủ Nhật,714,97.20%,42.16%,7.84%,32.87,301,56,694,56,357,20,2.80%,50.00%,0,Khánh Hòa,NTB,AM Thư
NTB - Khánh Hòa,(KHO) Bắc Nha Trang,Hàng Tồn,2026-09-21 - Thứ 2,548,97.63%,47.26%,9.49%,41.79,259,52,535,52,237,13,2.37%,43.25%,0,Khánh Hòa,NTB,AM Thư
NTB - Khánh Hòa,(KHO) Bắc Nha Trang,Hàng Tồn,2026-09-20 - Chủ Nhật,627,98.09%,40.51%,10.05%,36.83,254,63,615,63,310,12,1.91%,49.44%,0,Khánh Hòa,NTB,AM Thư
NTB - Khánh Hòa,(KHO) Bắc Nha Trang,Hàng Tồn,2026-09-13 - Chủ Nhật,"1,114",98.11%,56.73%,6.01%,34.74,632,67,1093,67,415,21,1.89%,37.26%,0,Khánh Hòa,NTB,AM Thư
NTB - Khánh Hòa,(KHO) Bắc Nha Trang,Hàng Tồn,2026-09-24 - Thứ 5,679,97.05%,49.04%,10.01%,36.06,333,68,659,68,278,20,2.95%,40.95%,0,Khánh Hòa,NTB,AM Thư
NTB - Khánh Hòa,(KHO) Bắc Nha Trang,Hàng Tồn,2026-10-06 - Thứ 3,370,95.41%,47.03%,12.16%,35.13,174,45,353,45,151,17,4.59%,40.81%,0,Khánh Hòa,NTB,AM Thư
NTB - Khánh Hòa,(KHO) Bắc Nha Trang,Hàng Tồn,2026-10-01 - Thứ 5,341,96.19%,47.80%,9.38%,33.4,163,32,328,32,146,13,3.81%,42.82%,0,Khánh Hòa,NTB,AM Thư
NTB - Khánh Hòa,(KHO) Bắc Nha Trang,Hàng Tồn,2026-09-12 - Thứ 7,963,98.23%,56.18%,5.92%,34.32,541,57,946,57,365,17,1.77%,37.90%,0,Khánh Hòa,NTB,AM Thư
NTB - Khánh Hòa,(KHO) Bắc Nha Trang,Hàng Tồn,2026-09-22 - Thứ 3,454,97.58%,31.06%,11.89%,39.76,141,54,443,54,259,11,2.42%,57.05%,0,Khánh Hòa,NTB,AM Thư
NTB - Khánh Hòa,(KHO) Bắc Nha Trang,Hàng Tồn,2026-09-23 - Thứ 4,655,98.02%,45.34%,11.15%,34.67,297,73,642,73,285,13,1.98%,43.51%,0,Khánh Hòa,NTB,AM Thư
NTB - Khánh Hòa,(KHO) Bắc Nha Trang,Hàng Tồn,2026-09-14 - Thứ 2,"1,124",97.33%,52.94%,6.32%,35.26,595,71,1094,71,458,30,2.67%,40.74%,0,Khánh Hòa,NTB,AM Thư
NTB - Khánh Hòa,(KHO) Bắc Nha Trang,Hàng Tồn,2026-09-15 - Thứ 3,950,98.53%,54.11%,8.42%,39.05,514,80,936,80,356,14,1.47%,37.47%,0,Khánh Hòa,NTB,AM Thư
NTB - Khánh Hòa,(KHO) Bắc Nha Trang,Hàng Tồn,2026-10-02 - Thứ 6,312,95.83%,34.94%,10.58%,34.42,109,33,299,33,170,13,4.17%,54.48%,0,Khánh Hòa,NTB,AM Thư
NTB - Khánh Hòa,(KHO) Bắc Nha Trang,Hàng Tồn,2026-09-29 - Thứ 3,661,96.82%,57.49%,9.83%,42.87,380,65,640,65,216,21,3.18%,32.68%,0,Khánh Hòa,NTB,AM Thư
NTB - Khánh Hòa,(KHO) Bắc Nha Trang,Hàng Tồn,2026-10-08 - Thứ 5,362,96.96%,48.62%,9.12%,32.01,176,33,351,33,153,11,3.04%,42.26%,0,Khánh Hòa,NTB,AM Thư
NTB - Khánh Hòa,(KHO) Bắc Nha Trang,Hàng Tồn,2026-09-19 - Thứ 7,673,97.47%,51.71%,7.28%,36.43,348,49,656,49,276,17,2.53%,41.01%,0,Khánh Hòa,NTB,AM Thư
NTB - Khánh Hòa,(KHO) Bắc Nha Trang,Hàng Tồn,2026-10-04 - Chủ Nhật,353,96.03%,44.19%,6.80%,35.7,156,24,339,24,173,14,3.97%,49.01%,0,Khánh Hòa,NTB,AM Thư
NTB - Khánh Hòa,(KHO) Bắc Nha Trang,Hàng Tồn,2026-09-30 - Thứ 4,328,95.73%,40.24%,11.59%,41.98,132,38,314,38,158,14,4.27%,48.17%,0,Khánh Hòa,NTB,AM Thư
NTB - Khánh Hòa,(KHO) Bắc Nha Trang,Hàng Tồn,2026-09-17 - Thứ 5,599,96.99%,40.90%,11.35%,34.63,245,68,581,68,286,18,3.01%,47.75%,0,Khánh Hòa,NTB,AM Thư
NTB - Khánh Hòa,(KHO) Bắc Nha Trang,Hàng Tồn,2026-10-09 - Thứ 6,407,96.56%,48.65%,10.32%,33.45,198,42,393,42,167,14,3.44%,41.03%,0,Khánh Hòa,NTB,AM Thư
NTB - Khánh Hòa,(KHO) Bắc Nha Trang,Hàng Tồn,2026-09-26 - Thứ 7,804,98.13%,50.87%,7.46%,34.76,409,60,789,60,335,15,1.87%,41.67%,0,Khánh Hòa,NTB,AM Thư
NTB - Khánh Hòa,(KHO) Bắc Nha Trang,Hàng Tồn,2026-09-28 - Thứ 2,868,97.70%,45.74%,8.76%,36.54,397,76,848,76,395,20,2.30%,45.50%,0,Khánh Hòa,NTB,AM Thư
NTB - Khánh Hòa,(KHO) Bắc Nha Trang,Hàng Tồn,2026-10-07 - Thứ 4,296,94.26%,42.57%,8.78%,34.85,126,26,279,26,144,17,5.74%,48.65%,0,Khánh Hòa,NTB,AM Thư
NTB - Khánh Hòa,(KHO) Bắc Nha Trang,Hàng Tồn,2026-10-03 - Thứ 7,337,96.44%,40.06%,12.76%,36.09,135,43,325,43,159,12,3.56%,47.18%,0,Khánh Hòa,NTB,AM Thư
NTB - Khánh Hòa,(KHO) Bắc Nha Trang,Hàng Tồn,2026-09-16 - Thứ 4,596,97.82%,40.94%,5.87%,38.06,244,35,583,35,317,13,2.18%,53.19%,0,Khánh Hòa,NTB,AM Thư
NTB - Khánh Hòa,(KHO) Bắc Nha Trang,Hàng Tồn,2026-09-18 - Thứ 6,646,97.37%,48.92%,8.36%,40.8,316,54,629,54,276,17,2.63%,42.72%,0,Khánh Hòa,NTB,AM Thư
NTB - Khánh Hòa,(KHO) Bắc Nha Trang,Hàng Tồn,2026-10-05 - Thứ 2,439,96.13%,51.94%,10.02%,34.19,228,44,422,44,167,17,3.87%,38.04%,0,Khánh Hòa,NTB,AM Thư
NTB - Khánh Hòa,(KHO) Bắc Cam Ranh,Hàng Mới Ca 1,2026-09-18 - Thứ 6,335,49.55%,40.00%,0.30%,7.58,134,1,166,1,200,169,50.45%,59.70%,335,Khánh Hòa,NTB,AM Long
NTB - Khánh Hòa,(KHO) Bắc Cam Ranh,Hàng Mới Ca 1,2026-09-27 - Chủ Nhật,281,64.41%,50.89%,0.36%,7.73,143,1,181,1,137,100,35.59%,48.75%,281,Khánh Hòa,NTB,AM Long
NTB - Khánh Hòa,(KHO) Bắc Cam Ranh,Hàng Mới Ca 1,2026-09-21 - Thứ 2,317,69.72%,56.47%,0.00%,5.94,179,0,221,0,138,96,30.28%,43.53%,317,Khánh Hòa,NTB,AM Long
NTB - Khánh Hòa,(KHO) Bắc Cam Ranh,Hàng Mới Ca 1,2026-09-20 - Chủ Nhật,349,54.73%,46.99%,0.29%,6.26,164,1,191,1,184,158,45.27%,52.72%,349,Khánh Hòa,NTB,AM Long
NTB - Khánh Hòa,(KHO) Bắc Cam Ranh,Hàng Mới Ca 1,2026-09-13 - Chủ Nhật,290,93.79%,60.69%,0.34%,6.4,176,1,272,1,113,18,6.21%,38.97%,290,Khánh Hòa,NTB,AM Long
NTB - Khánh Hòa,(KHO) Bắc Cam Ranh,Hàng Mới Ca 1,2026-09-24 - Thứ 5,380,63.16%,52.37%,0.79%,6,199,3,240,3,178,140,36.84%,46.84%,380,Khánh Hòa,NTB,AM Long
NTB - Khánh Hòa,(KHO) Bắc Cam Ranh,Hàng Mới Ca 1,2026-10-06 - Thứ 3,188,55.85%,44.68%,0.53%,6.64,84,1,105,1,103,83,44.15%,54.79%,188,Khánh Hòa,NTB,AM Long
NTB - Khánh Hòa,(KHO) Bắc Cam Ranh,Hàng Mới Ca 1,2026-09-12 - Thứ 7,235,96.60%,67.23%,0.43%,6.97,158,1,227,1,76,8,3.40%,32.34%,235,Khánh Hòa,NTB,AM Long
NTB - Khánh Hòa,(KHO) Bắc Cam Ranh,Hàng Mới Ca 1,2026-10-05 - Thứ 2,308,52.27%,44.16%,0.97%,6.62,136,3,161,3,169,147,47.73%,54.87%,308,Khánh Hòa,NTB,AM Long
NTB - Khánh Hòa,(KHO) Bắc Cam Ranh,Hàng Mới Ca 1,2026-09-22 - Thứ 3,277,66.43%,51.99%,0.00%,7.7,144,0,184,0,133,93,33.57%,48.01%,277,Khánh Hòa,NTB,AM Long
NTB - Khánh Hòa,(KHO) Bắc Cam Ranh,Hàng Mới Ca 1,2026-09-23 - Thứ 4,381,66.93%,53.28%,1.05%,7.89,203,4,255,4,174,126,33.07%,45.67%,381,Khánh Hòa,NTB,AM Long
NTB - Khánh Hòa,(KHO) Bắc Cam Ranh,Hàng Mới Ca 1,2026-09-14 - Thứ 2,263,99.24%,69.58%,0.38%,7.77,183,1,261,1,79,2,0.76%,30.04%,263,Khánh Hòa,NTB,AM Long
NTB - Khánh Hòa,(KHO) Bắc Cam Ranh,Hàng Mới Ca 1,2026-09-15 - Thứ 3,130,81.54%,52.31%,0.00%,6.7,68,0,106,0,62,24,18.46%,47.69%,130,Khánh Hòa,NTB,AM Long
NTB - Khánh Hòa,(KHO) Bắc Cam Ranh,Hàng Mới Ca 1,2026-10-02 - Thứ 6,238,60.50%,51.68%,0.00%,6.3,123,0,144,0,115,94,39.50%,48.32%,238,Khánh Hòa,NTB,AM Long
NTB - Khánh Hòa,(KHO) Bắc Cam Ranh,Hàng Mới Ca 1,2026-10-08 - Thứ 5,346,66.76%,56.94%,1.16%,6.89,197,4,231,4,145,115,33.24%,41.90%,346,Khánh Hòa,NTB,AM Long
NTB - Khánh Hòa,(KHO) Bắc Cam Ranh,Hàng Mới Ca 1,2026-09-19 - Thứ 7,316,34.49%,28.16%,0.00%,6.62,89,0,109,0,227,207,65.51%,71.84%,316,Khánh Hòa,NTB,AM Long
NTB - Khánh Hòa,(KHO) Bắc Cam Ranh,Hàng Mới Ca 1,2026-10-04 - Chủ Nhật,341,75.66%,53.37%,1.47%,6.91,182,5,258,5,154,83,24.34%,45.16%,341,Khánh Hòa,NTB,AM Long
NTB - Khánh Hòa,(KHO) Bắc Cam Ranh,Hàng Mới Ca 1,2026-09-17 - Thứ 5,278,61.87%,48.56%,0.36%,7.26,135,1,172,1,142,106,38.13%,51.08%,278,Khánh Hòa,NTB,AM Long
NTB - Khánh Hòa,(KHO) Bắc Cam Ranh,Hàng Mới Ca 1,2026-09-26 - Thứ 7,285,82.11%,59.30%,1.05%,7.33,169,3,234,3,113,51,17.89%,39.65%,285,Khánh Hòa,NTB,AM Long
NTB - Khánh Hòa,(KHO) Bắc Cam Ranh,Hàng Mới Ca 1,2026-10-07 - Thứ 4,274,64.96%,56.93%,1.09%,5.95,156,3,178,3,115,96,35.04%,41.98%,274,Khánh Hòa,NTB,AM Long
NTB - Khánh Hòa,(KHO) Bắc Cam Ranh,Hàng Mới Ca 1,2026-10-03 - Thứ 7,293,70.65%,56.66%,0.34%,7,166,1,207,1,126,86,29.35%,43.00%,293,Khánh Hòa,NTB,AM Long
NTB - Khánh Hòa,(KHO) Bắc Cam Ranh,Hàng Mới Ca 1,2026-09-16 - Thứ 4,267,100.00%,68.54%,0.00%,6.84,183,0,267,0,84,0,0.00%,31.46%,267,Khánh Hòa,NTB,AM Long
NTB - Khánh Hòa,(KHO) Bắc Cam Ranh,Hàng Mới Ca 1,2026-09-25 - Thứ 6,414,83.82%,64.98%,0.48%,7.84,269,2,347,2,143,67,16.18%,34.54%,414,Khánh Hòa,NTB,AM Long
NTB - Khánh Hòa,(KHO) Bắc Cam Ranh,Hàng Mới Ca 1,2026-10-01 - Thứ 5,255,69.80%,54.51%,0.00%,6.96,139,0,178,0,116,77,30.20%,45.49%,255,Khánh Hòa,NTB,AM Long
NTB - Khánh Hòa,(KHO) Bắc Cam Ranh,Hàng Mới Ca 1,2026-09-29 - Thứ 3,171,46.78%,38.60%,0.58%,7.23,66,1,80,1,104,91,53.22%,60.82%,171,Khánh Hòa,NTB,AM Long
NTB - Khánh Hòa,(KHO) Bắc Cam Ranh,Hàng Mới Ca 1,2026-09-30 - Thứ 4,228,71.49%,55.26%,0.00%,6.58,126,0,163,0,102,65,28.51%,44.74%,228,Khánh Hòa,NTB,AM Long
NTB - Khánh Hòa,(KHO) Bắc Cam Ranh,Hàng Mới Ca 1,2026-10-09 - Thứ 6,293,61.43%,47.44%,0.34%,8.58,139,1,180,1,153,113,38.57%,52.22%,293,Khánh Hòa,NTB,AM Long
NTB - Khánh Hòa,(KHO) Bắc Cam Ranh,Hàng Mới Ca 1,2026-09-28 - Thứ 2,148,68.24%,43.92%,0.00%,7.59,65,0,101,0,83,47,31.76%,56.08%,148,Khánh Hòa,NTB,AM Long
NTB - Khánh Hòa,(KHO) Bắc Cam Ranh,Hàng Mới Ca 2,2026-10-03 - Thứ 7,120,3.33%,2.50%,0.00%,4,3,0,4,0,117,116,96.67%,97.50%,120,Khánh Hòa,NTB,AM Long
NTB - Khánh Hòa,(KHO) Bắc Cam Ranh,Hàng Mới Ca 2,2026-09-21 - Thứ 2,88,18.18%,14.77%,1.14%,2.69,13,1,16,1,74,72,81.82%,84.09%,88,Khánh Hòa,NTB,AM Long
NTB - Khánh Hòa,(KHO) Bắc Cam Ranh,Hàng Mới Ca 2,2026-09-20 - Chủ Nhật,120,21.67%,20.00%,0.00%,2.33,24,0,26,0,96,94,78.33%,80.00%,120,Khánh Hòa,NTB,AM Long
NTB - Khánh Hòa,(KHO) Bắc Cam Ranh,Hàng Mới Ca 2,2026-09-24 - Thứ 5,176,5.68%,3.41%,0.00%,3.33,6,0,10,0,170,166,94.32%,96.59%,176,Khánh Hòa,NTB,AM Long
NTB - Khánh Hòa,(KHO) Bắc Cam Ranh,Hàng Mới Ca 2,2026-10-05 - Thứ 2,209,25.84%,3.83%,0.00%,6.13,8,0,54,0,201,155,74.16%,96.17%,209,Khánh Hòa,NTB,AM Long
NTB - Khánh Hòa,(KHO) Bắc Cam Ranh,Hàng Mới Ca 2,2026-09-22 - Thứ 3,131,22.90%,21.37%,0.00%,3.86,28,0,30,0,103,101,77.10%,78.63%,131,Khánh Hòa,NTB,AM Long
NTB - Khánh Hòa,(KHO) Bắc Cam Ranh,Hàng Mới Ca 2,2026-09-23 - Thứ 4,124,4.84%,2.42%,0.00%,2.67,3,0,6,0,121,118,95.16%,97.58%,124,Khánh Hòa,NTB,AM Long
NTB - Khánh Hòa,(KHO) Bắc Cam Ranh,Hàng Mới Ca 2,2026-09-14 - Thứ 2,106,19.81%,16.98%,0.94%,3.39,18,1,21,1,87,85,80.19%,82.08%,106,Khánh Hòa,NTB,AM Long
NTB - Khánh Hòa,(KHO) Bắc Cam Ranh,Hàng Mới Ca 2,2026-09-15 - Thứ 3,133,28.57%,20.30%,0.00%,3.07,27,0,38,0,106,95,71.43%,79.70%,133,Khánh Hòa,NTB,AM Long
NTB - Khánh Hòa,(KHO) Bắc Cam Ranh,Hàng Mới Ca 2,2026-10-02 - Thứ 6,114,5.26%,5.26%,0.00%,5,6,0,6,0,108,108,94.74%,94.74%,114,Khánh Hòa,NTB,AM Long
NTB - Khánh Hòa,(KHO) Bắc Cam Ranh,Hàng Mới Ca 2,2026-09-19 - Thứ 7,102,15.69%,14.71%,0.00%,3.47,15,0,16,0,87,86,84.31%,85.29%,102,Khánh Hòa,NTB,AM Long
NTB - Khánh Hòa,(KHO) Bắc Cam Ranh,Hàng Mới Ca 2,2026-09-17 - Thứ 5,82,26.83%,21.95%,1.22%,2.44,18,1,22,1,63,60,73.17%,76.83%,82,Khánh Hòa,NTB,AM Long
NTB - Khánh Hòa,(KHO) Bắc Cam Ranh,Hàng Mới Ca 2,2026-10-09 - Thứ 6,46,2.17%,0.00%,2.17%,0,0,1,1,1,45,45,97.83%,97.83%,46,Khánh Hòa,NTB,AM Long
NTB - Khánh Hòa,(KHO) Bắc Cam Ranh,Hàng Mới Ca 2,2026-09-26 - Thứ 7,165,4.85%,4.85%,0.00%,3.57,8,0,8,0,157,157,95.15%,95.15%,165,Khánh Hòa,NTB,AM Long
NTB - Khánh Hòa,(KHO) Bắc Cam Ranh,Hàng Mới Ca 2,2026-09-28 - Thứ 2,112,4.46%,4.46%,0.00%,1.4,5,0,5,0,107,107,95.54%,95.54%,112,Khánh Hòa,NTB,AM Long
NTB - Khánh Hòa,(KHO) Bắc Cam Ranh,Hàng Mới Ca 2,2026-10-07 - Thứ 4,200,39.00%,18.50%,2.00%,6.27,37,4,78,4,159,122,61.00%,79.50%,200,Khánh Hòa,NTB,AM Long
NTB - Khánh Hòa,(KHO) Bắc Cam Ranh,Hàng Mới Ca 2,2026-09-16 - Thứ 4,29,58.62%,55.17%,0.00%,3.44,16,0,17,0,13,12,41.38%,44.83%,29,Khánh Hòa,NTB,AM Long
NTB - Khánh Hòa,(KHO) Bắc Cam Ranh,Hàng Mới Ca 2,2026-09-25 - Thứ 6,167,10.78%,8.98%,0.00%,4.07,15,0,18,0,152,149,89.22%,91.02%,167,Khánh Hòa,NTB,AM Long
NTB - Khánh Hòa,(KHO) Bắc Cam Ranh,Hàng Mới Ca 2,2026-09-27 - Chủ Nhật,133,12.78%,12.03%,0.00%,4.56,16,0,17,0,117,116,87.22%,87.97%,133,Khánh Hòa,NTB,AM Long
NTB - Khánh Hòa,(KHO) Bắc Cam Ranh,Hàng Mới Ca 2,2026-09-13 - Chủ Nhật,69,10.14%,7.25%,0.00%,3.2,5,0,7,0,64,62,89.86%,92.75%,69,Khánh Hòa,NTB,AM Long
NTB - Khánh Hòa,(KHO) Bắc Cam Ranh,Hàng Mới Ca 2,2026-10-06 - Thứ 3,127,11.81%,11.81%,0.00%,2.93,15,0,15,0,112,112,88.19%,88.19%,127,Khánh Hòa,NTB,AM Long
NTB - Khánh Hòa,(KHO) Bắc Cam Ranh,Hàng Mới Ca 2,2026-09-29 - Thứ 3,71,2.82%,2.82%,0.00%,1.5,2,0,2,0,69,69,97.18%,97.18%,71,Khánh Hòa,NTB,AM Long
NTB - Khánh Hòa,(KHO) Bắc Cam Ranh,Hàng Mới Ca 2,2026-10-01 - Thứ 5,158,4.43%,3.16%,0.00%,2.4,5,0,7,0,153,151,95.57%,96.84%,158,Khánh Hòa,NTB,AM Long
NTB - Khánh Hòa,(KHO) Bắc Cam Ranh,Hàng Mới Ca 2,2026-09-12 - Thứ 7,153,28.10%,22.88%,0.00%,3.54,35,0,43,0,118,110,71.90%,77.12%,153,Khánh Hòa,NTB,AM Long
NTB - Khánh Hòa,(KHO) Bắc Cam Ranh,Hàng Mới Ca 2,2026-09-30 - Thứ 4,67,2.99%,2.99%,0.00%,5.5,2,0,2,0,65,65,97.01%,97.01%,67,Khánh Hòa,NTB,AM Long
NTB - Khánh Hòa,(KHO) Bắc Cam Ranh,Hàng Mới Ca 2,2026-09-18 - Thứ 6,139,18.71%,17.27%,0.00%,3.58,24,0,26,0,115,113,81.29%,82.73%,139,Khánh Hòa,NTB,AM Long
NTB - Khánh Hòa,(KHO) Bắc Cam Ranh,Hàng Mới Ca 2,2026-10-08 - Thứ 5,107,3.74%,3.74%,0.00%,3,4,0,4,0,103,103,96.26%,96.26%,107,Khánh Hòa,NTB,AM Long
NTB - Khánh Hòa,(KHO) Bắc Cam Ranh,Hàng Mới Ca 2,2026-10-04 - Chủ Nhật,101,53.47%,30.69%,0.00%,4.71,31,0,54,0,70,47,46.53%,69.31%,101,Khánh Hòa,NTB,AM Long
NTB - Khánh Hòa,(KHO) Bắc Cam Ranh,Hàng Tồn,2026-09-18 - Thứ 6,380,73.16%,31.58%,4.21%,45.81,120,16,278,16,244,102,26.84%,64.21%,0,Khánh Hòa,NTB,AM Long
NTB - Khánh Hòa,(KHO) Bắc Cam Ranh,Hàng Tồn,2026-09-27 - Chủ Nhật,551,51.18%,31.94%,2.72%,44.76,176,15,282,15,360,269,48.82%,65.34%,0,Khánh Hòa,NTB,AM Long
NTB - Khánh Hòa,(KHO) Bắc Cam Ranh,Hàng Tồn,2026-09-21 - Thứ 2,626,57.99%,32.75%,2.88%,43.43,205,18,363,18,403,263,42.01%,64.37%,0,Khánh Hòa,NTB,AM Long
NTB - Khánh Hòa,(KHO) Bắc Cam Ranh,Hàng Tồn,2026-09-20 - Chủ Nhật,602,65.45%,37.38%,2.49%,43.94,225,15,394,15,362,208,34.55%,60.13%,0,Khánh Hòa,NTB,AM Long
NTB - Khánh Hòa,(KHO) Bắc Cam Ranh,Hàng Tồn,2026-09-13 - Chủ Nhật,281,93.59%,40.57%,1.78%,34.39,114,5,263,5,162,18,6.41%,57.65%,0,Khánh Hòa,NTB,AM Long
NTB - Khánh Hòa,(KHO) Bắc Cam Ranh,Hàng Tồn,2026-09-24 - Thứ 5,701,77.89%,54.64%,3.99%,64.44,383,28,546,28,290,155,22.11%,41.37%,0,Khánh Hòa,NTB,AM Long
NTB - Khánh Hòa,(KHO) Bắc Cam Ranh,Hàng Tồn,2026-10-01 - Thứ 5,541,66.91%,27.73%,3.88%,63.07,150,21,362,21,370,179,33.09%,68.39%,0,Khánh Hòa,NTB,AM Long
NTB - Khánh Hòa,(KHO) Bắc Cam Ranh,Hàng Tồn,2026-09-12 - Thứ 7,260,97.31%,49.23%,5.38%,35.72,128,14,253,14,118,7,2.69%,45.39%,0,Khánh Hòa,NTB,AM Long
NTB - Khánh Hòa,(KHO) Bắc Cam Ranh,Hàng Tồn,2026-10-05 - Thứ 2,541,76.16%,31.61%,7.58%,59.41,171,41,412,41,329,129,23.84%,60.81%,0,Khánh Hòa,NTB,AM Long
NTB - Khánh Hòa,(KHO) Bắc Cam Ranh,Hàng Tồn,2026-09-22 - Thứ 3,607,50.74%,17.63%,3.79%,46.32,107,23,308,23,477,299,49.26%,78.58%,0,Khánh Hòa,NTB,AM Long
NTB - Khánh Hòa,(KHO) Bắc Cam Ranh,Hàng Tồn,2026-09-23 - Thứ 4,696,68.68%,35.49%,3.16%,67.89,247,22,478,22,427,218,31.32%,61.35%,0,Khánh Hòa,NTB,AM Long
NTB - Khánh Hòa,(KHO) Bắc Cam Ranh,Hàng Tồn,2026-09-14 - Thứ 2,316,97.47%,42.72%,5.38%,38.19,135,17,308,17,164,8,2.53%,51.90%,0,Khánh Hòa,NTB,AM Long
NTB - Khánh Hòa,(KHO) Bắc Cam Ranh,Hàng Tồn,2026-09-15 - Thứ 3,312,82.69%,38.14%,4.81%,38.22,119,15,258,15,178,54,17.31%,57.05%,0,Khánh Hòa,NTB,AM Long
NTB - Khánh Hòa,(KHO) Bắc Cam Ranh,Hàng Tồn,2026-10-02 - Thứ 6,628,71.02%,36.62%,2.23%,66.57,230,14,446,14,384,182,28.98%,61.15%,0,Khánh Hòa,NTB,AM Long
NTB - Khánh Hòa,(KHO) Bắc Cam Ranh,Hàng Tồn,2026-09-29 - Thứ 3,578,56.92%,32.35%,2.77%,63.28,187,16,329,16,375,249,43.08%,64.88%,0,Khánh Hòa,NTB,AM Long
NTB - Khánh Hòa,(KHO) Bắc Cam Ranh,Hàng Tồn,2026-10-08 - Thứ 5,612,81.86%,35.62%,3.10%,50.17,218,19,501,19,375,111,18.14%,61.28%,0,Khánh Hòa,NTB,AM Long
NTB - Khánh Hòa,(KHO) Bắc Cam Ranh,Hàng Tồn,2026-09-19 - Thứ 7,527,63.57%,38.71%,1.90%,46.01,204,10,335,10,313,192,36.43%,59.39%,0,Khánh Hòa,NTB,AM Long
NTB - Khánh Hòa,(KHO) Bắc Cam Ranh,Hàng Tồn,2026-10-04 - Chủ Nhật,550,89.64%,36.00%,3.27%,51.06,198,18,493,18,334,57,10.36%,60.73%,0,Khánh Hòa,NTB,AM Long
NTB - Khánh Hòa,(KHO) Bắc Cam Ranh,Hàng Tồn,2026-09-30 - Thứ 4,539,46.20%,22.63%,4.27%,50.38,122,23,249,23,394,290,53.80%,73.10%,0,Khánh Hòa,NTB,AM Long
NTB - Khánh Hòa,(KHO) Bắc Cam Ranh,Hàng Tồn,2026-10-09 - Thứ 6,611,66.78%,31.26%,3.76%,58.95,191,23,408,23,397,203,33.22%,64.98%,0,Khánh Hòa,NTB,AM Long
NTB - Khánh Hòa,(KHO) Bắc Cam Ranh,Hàng Tồn,2026-09-26 - Thứ 7,565,79.65%,45.13%,1.77%,47.11,255,10,450,10,300,115,20.35%,53.10%,0,Khánh Hòa,NTB,AM Long
NTB - Khánh Hòa,(KHO) Bắc Cam Ranh,Hàng Tồn,2026-09-28 - Thứ 2,600,55.67%,31.17%,1.83%,45.3,187,11,334,11,402,266,44.33%,67.00%,0,Khánh Hòa,NTB,AM Long
NTB - Khánh Hòa,(KHO) Bắc Cam Ranh,Hàng Tồn,2026-10-07 - Thứ 4,606,62.87%,35.97%,4.79%,48.93,218,29,381,29,359,225,37.13%,59.24%,0,Khánh Hòa,NTB,AM Long
NTB - Khánh Hòa,(KHO) Bắc Cam Ranh,Hàng Tồn,2026-10-03 - Thứ 7,584,71.58%,36.64%,4.11%,52.81,214,24,418,24,346,166,28.42%,59.25%,0,Khánh Hòa,NTB,AM Long
NTB - Khánh Hòa,(KHO) Bắc Cam Ranh,Hàng Tồn,2026-09-16 - Thứ 4,329,98.48%,41.95%,4.26%,41.57,138,14,324,14,177,5,1.52%,53.79%,0,Khánh Hòa,NTB,AM Long
NTB - Khánh Hòa,(KHO) Bắc Cam Ranh,Hàng Tồn,2026-09-25 - Thứ 6,620,77.10%,50.81%,3.06%,41.71,315,19,478,19,286,142,22.90%,46.13%,0,Khánh Hòa,NTB,AM Long
NTB - Khánh Hòa,(KHO) Bắc Cam Ranh,Hàng Tồn,2026-10-06 - Thứ 3,680,68.09%,34.71%,3.97%,49.44,236,27,463,27,417,217,31.91%,61.32%,0,Khánh Hòa,NTB,AM Long
NTB - Khánh Hòa,(KHO) Bắc Cam Ranh,Hàng Tồn,2026-09-17 - Thứ 5,243,48.56%,17.70%,5.76%,46.07,43,14,118,14,186,125,51.44%,76.54%,0,Khánh Hòa,NTB,AM Long
NTB - Bình Thuận,(BTH) Đức Linh,Hàng Mới Ca 1,2026-09-16 - Thứ 4,459,99.78%,81.48%,1.31%,5.51,374,6,458,6,79,1,0.22%,17.21%,459,Bình Thuận,NTB,AM Nhựt
NTB - Bình Thuận,(BTH) Đức Linh,Hàng Mới Ca 1,2026-09-25 - Thứ 6,867,99.88%,82.47%,0.46%,5.69,715,4,866,4,148,1,0.12%,17.07%,867,Bình Thuận,NTB,AM Nhựt
NTB - Bình Thuận,(BTH) Đức Linh,Hàng Mới Ca 1,2026-09-18 - Thứ 6,877,99.43%,82.21%,1.60%,6.56,721,14,872,14,142,5,0.57%,16.19%,877,Bình Thuận,NTB,AM Nhựt
NTB - Bình Thuận,(BTH) Đức Linh,Hàng Mới Ca 1,2026-09-13 - Chủ Nhật,"1,175",99.74%,76.51%,0.94%,14.34,899,11,1172,11,265,3,0.26%,22.55%,1175,Bình Thuận,NTB,AM Nhựt
NTB - Bình Thuận,(BTH) Đức Linh,Hàng Mới Ca 1,2026-09-24 - Thứ 5,514,100.00%,88.33%,1.36%,5.43,454,7,514,7,53,0,0.00%,10.31%,514,Bình Thuận,NTB,AM Nhựt
NTB - Bình Thuận,(BTH) Đức Linh,Hàng Mới Ca 1,2026-10-06 - Thứ 3,672,100.00%,84.38%,1.04%,5.07,567,7,672,7,98,0,0.00%,14.58%,672,Bình Thuận,NTB,AM Nhựt
NTB - Bình Thuận,(BTH) Đức Linh,Hàng Mới Ca 1,2026-10-01 - Thứ 5,432,100.00%,91.20%,0.46%,4.22,394,2,432,2,36,0,0.00%,8.34%,432,Bình Thuận,NTB,AM Nhựt
NTB - Bình Thuận,(BTH) Đức Linh,Hàng Mới Ca 1,2026-09-12 - Thứ 7,954,99.48%,77.57%,0.94%,11.7,740,9,949,9,205,5,0.52%,21.49%,954,Bình Thuận,NTB,AM Nhựt
NTB - Bình Thuận,(BTH) Đức Linh,Hàng Mới Ca 1,2026-10-05 - Thứ 2,560,99.46%,86.25%,1.25%,6.35,483,7,557,7,70,3,0.54%,12.50%,560,Bình Thuận,NTB,AM Nhựt
NTB - Bình Thuận,(BTH) Đức Linh,Hàng Mới Ca 1,2026-09-22 - Thứ 3,534,99.81%,85.39%,0.94%,5.85,456,5,533,5,73,1,0.19%,13.67%,534,Bình Thuận,NTB,AM Nhựt
NTB - Bình Thuận,(BTH) Đức Linh,Hàng Mới Ca 1,2026-09-23 - Thứ 4,559,100.00%,87.12%,1.07%,5.28,487,6,559,6,66,0,0.00%,11.81%,559,Bình Thuận,NTB,AM Nhựt
NTB - Bình Thuận,(BTH) Đức Linh,Hàng Mới Ca 1,2026-09-14 - Thứ 2,807,99.63%,80.67%,0.62%,7.62,651,5,804,5,151,3,0.37%,18.71%,807,Bình Thuận,NTB,AM Nhựt
NTB - Bình Thuận,(BTH) Đức Linh,Hàng Mới Ca 1,2026-09-15 - Thứ 3,936,99.79%,81.62%,0.96%,7.14,764,9,934,9,163,2,0.21%,17.42%,936,Bình Thuận,NTB,AM Nhựt
NTB - Bình Thuận,(BTH) Đức Linh,Hàng Mới Ca 1,2026-10-02 - Thứ 6,571,100.00%,86.87%,0.18%,5.26,496,1,571,1,74,0,0.00%,12.95%,571,Bình Thuận,NTB,AM Nhựt
NTB - Bình Thuận,(BTH) Đức Linh,Hàng Mới Ca 1,2026-10-08 - Thứ 5,668,99.70%,80.99%,0.90%,5.47,541,6,666,6,121,2,0.30%,18.11%,668,Bình Thuận,NTB,AM Nhựt
NTB - Bình Thuận,(BTH) Đức Linh,Hàng Mới Ca 1,2026-09-19 - Thứ 7,573,99.83%,80.45%,2.27%,5.26,461,13,572,13,99,1,0.17%,17.28%,573,Bình Thuận,NTB,AM Nhựt
NTB - Bình Thuận,(BTH) Đức Linh,Hàng Mới Ca 1,2026-10-04 - Chủ Nhật,659,100.00%,85.13%,0.91%,6.02,561,6,659,6,92,0,0.00%,13.96%,659,Bình Thuận,NTB,AM Nhựt
NTB - Bình Thuận,(BTH) Đức Linh,Hàng Mới Ca 1,2026-09-30 - Thứ 4,507,99.80%,87.18%,1.58%,4.33,442,8,506,8,57,1,0.20%,11.24%,507,Bình Thuận,NTB,AM Nhựt
NTB - Bình Thuận,(BTH) Đức Linh,Hàng Mới Ca 1,2026-09-17 - Thứ 5,499,100.00%,84.57%,1.40%,5.27,422,7,499,7,70,0,0.00%,14.03%,499,Bình Thuận,NTB,AM Nhựt
NTB - Bình Thuận,(BTH) Đức Linh,Hàng Mới Ca 1,2026-10-09 - Thứ 6,620,99.84%,79.19%,0.65%,6.14,491,4,619,4,125,1,0.16%,20.16%,620,Bình Thuận,NTB,AM Nhựt
NTB - Bình Thuận,(BTH) Đức Linh,Hàng Mới Ca 1,2026-09-26 - Thứ 7,598,99.83%,86.79%,0.50%,6.44,519,3,597,3,76,1,0.17%,12.71%,598,Bình Thuận,NTB,AM Nhựt
NTB - Bình Thuận,(BTH) Đức Linh,Hàng Mới Ca 1,2026-09-28 - Thứ 2,426,100.00%,84.74%,0.47%,4.14,361,2,426,2,63,0,0.00%,14.79%,426,Bình Thuận,NTB,AM Nhựt
NTB - Bình Thuận,(BTH) Đức Linh,Hàng Mới Ca 1,2026-10-07 - Thứ 4,352,100.00%,88.07%,2.27%,5.92,310,8,352,8,34,0,0.00%,9.66%,352,Bình Thuận,NTB,AM Nhựt
NTB - Bình Thuận,(BTH) Đức Linh,Hàng Mới Ca 1,2026-09-21 - Thứ 2,618,99.68%,80.91%,1.29%,5.5,500,8,616,8,110,2,0.32%,17.80%,618,Bình Thuận,NTB,AM Nhựt
NTB - Bình Thuận,(BTH) Đức Linh,Hàng Mới Ca 1,2026-09-20 - Chủ Nhật,368,100.00%,87.77%,0.82%,5.03,323,3,368,3,42,0,0.00%,11.41%,368,Bình Thuận,NTB,AM Nhựt
NTB - Bình Thuận,(BTH) Đức Linh,Hàng Mới Ca 1,2026-09-29 - Thứ 3,487,100.00%,86.65%,0.62%,4.17,422,3,487,3,62,0,0.00%,12.73%,487,Bình Thuận,NTB,AM Nhựt
NTB - Bình Thuận,(BTH) Đức Linh,Hàng Mới Ca 1,2026-10-03 - Thứ 7,532,100.00%,83.83%,1.13%,5.51,446,6,532,6,80,0,0.00%,15.04%,532,Bình Thuận,NTB,AM Nhựt
NTB - Bình Thuận,(BTH) Đức Linh,Hàng Mới Ca 1,2026-09-27 - Chủ Nhật,523,99.62%,84.70%,1.34%,5.1,443,7,521,7,73,2,0.38%,13.96%,523,Bình Thuận,NTB,AM Nhựt
NTB - Bình Thuận,(BTH) Đức Linh,Hàng Mới Ca 2,2026-10-07 - Thứ 4,632,37.03%,33.07%,0.16%,2.36,209,1,234,1,422,398,62.97%,66.77%,632,Bình Thuận,NTB,AM Nhựt
NTB - Bình Thuận,(BTH) Đức Linh,Hàng Mới Ca 2,2026-09-21 - Thứ 2,277,18.05%,15.88%,0.00%,2.64,44,0,50,0,233,227,81.95%,84.12%,277,Bình Thuận,NTB,AM Nhựt
NTB - Bình Thuận,(BTH) Đức Linh,Hàng Mới Ca 2,2026-09-20 - Chủ Nhật,446,31.84%,27.13%,0.22%,2.38,121,1,142,1,324,304,68.16%,72.65%,446,Bình Thuận,NTB,AM Nhựt
NTB - Bình Thuận,(BTH) Đức Linh,Hàng Mới Ca 2,2026-09-24 - Thứ 5,439,35.31%,29.84%,0.46%,2.33,131,2,155,2,306,284,64.69%,69.70%,439,Bình Thuận,NTB,AM Nhựt
NTB - Bình Thuận,(BTH) Đức Linh,Hàng Mới Ca 2,2026-10-06 - Thứ 3,632,26.90%,21.68%,0.63%,2.58,137,4,170,4,491,462,73.10%,77.69%,632,Bình Thuận,NTB,AM Nhựt
NTB - Bình Thuận,(BTH) Đức Linh,Hàng Mới Ca 2,2026-09-12 - Thứ 7,172,5.81%,5.23%,0.00%,2.78,9,0,10,0,163,162,94.19%,94.77%,172,Bình Thuận,NTB,AM Nhựt
NTB - Bình Thuận,(BTH) Đức Linh,Hàng Mới Ca 2,2026-09-22 - Thứ 3,551,40.11%,35.21%,0.36%,2.34,194,2,221,2,355,330,59.89%,64.43%,551,Bình Thuận,NTB,AM Nhựt
NTB - Bình Thuận,(BTH) Đức Linh,Hàng Mới Ca 2,2026-09-23 - Thứ 4,528,35.98%,29.17%,0.00%,2.38,154,0,190,0,374,338,64.02%,70.83%,528,Bình Thuận,NTB,AM Nhựt
NTB - Bình Thuận,(BTH) Đức Linh,Hàng Mới Ca 2,2026-09-14 - Thứ 2,128,29.69%,26.56%,0.00%,2.56,34,0,38,0,94,90,70.31%,73.44%,128,Bình Thuận,NTB,AM Nhựt
NTB - Bình Thuận,(BTH) Đức Linh,Hàng Mới Ca 2,2026-09-15 - Thứ 3,585,14.87%,13.50%,0.00%,2.44,79,0,87,0,506,498,85.13%,86.50%,585,Bình Thuận,NTB,AM Nhựt
NTB - Bình Thuận,(BTH) Đức Linh,Hàng Mới Ca 2,2026-10-02 - Thứ 6,668,34.43%,29.04%,0.60%,2.22,194,4,230,4,470,438,65.57%,70.36%,668,Bình Thuận,NTB,AM Nhựt
NTB - Bình Thuận,(BTH) Đức Linh,Hàng Mới Ca 2,2026-09-29 - Thứ 3,519,39.50%,35.45%,0.00%,2.05,184,0,205,0,335,314,60.50%,64.55%,519,Bình Thuận,NTB,AM Nhựt
NTB - Bình Thuận,(BTH) Đức Linh,Hàng Mới Ca 2,2026-10-08 - Thứ 5,591,32.83%,29.10%,0.17%,2.44,172,1,194,1,418,397,67.17%,70.73%,591,Bình Thuận,NTB,AM Nhựt
NTB - Bình Thuận,(BTH) Đức Linh,Hàng Mới Ca 2,2026-10-04 - Chủ Nhật,585,4.96%,4.79%,0.00%,2.04,28,0,29,0,557,556,95.04%,95.21%,585,Bình Thuận,NTB,AM Nhựt
NTB - Bình Thuận,(BTH) Đức Linh,Hàng Mới Ca 2,2026-09-30 - Thứ 4,558,36.92%,32.62%,0.36%,2.34,182,2,206,2,374,352,63.08%,67.02%,558,Bình Thuận,NTB,AM Nhựt
NTB - Bình Thuận,(BTH) Đức Linh,Hàng Mới Ca 2,2026-09-17 - Thứ 5,289,34.60%,30.45%,0.35%,2.11,88,1,100,1,200,189,65.40%,69.20%,289,Bình Thuận,NTB,AM Nhựt
NTB - Bình Thuận,(BTH) Đức Linh,Hàng Mới Ca 2,2026-09-26 - Thứ 7,452,34.07%,28.76%,0.00%,2.53,130,0,154,0,322,298,65.93%,71.24%,452,Bình Thuận,NTB,AM Nhựt
NTB - Bình Thuận,(BTH) Đức Linh,Hàng Mới Ca 2,2026-09-28 - Thứ 2,383,36.81%,32.38%,1.04%,1.6,124,4,141,4,255,242,63.19%,66.58%,383,Bình Thuận,NTB,AM Nhựt
NTB - Bình Thuận,(BTH) Đức Linh,Hàng Mới Ca 2,2026-10-03 - Thứ 7,642,22.27%,19.00%,1.25%,2.6,122,8,143,8,512,499,77.73%,79.75%,642,Bình Thuận,NTB,AM Nhựt
NTB - Bình Thuận,(BTH) Đức Linh,Hàng Mới Ca 2,2026-09-16 - Thứ 4,662,18.73%,16.47%,0.00%,2.22,109,0,124,0,553,538,81.27%,83.53%,662,Bình Thuận,NTB,AM Nhựt
NTB - Bình Thuận,(BTH) Đức Linh,Hàng Mới Ca 2,2026-09-18 - Thứ 6,500,24.40%,20.60%,0.00%,2.14,103,0,122,0,397,378,75.60%,79.40%,500,Bình Thuận,NTB,AM Nhựt
NTB - Bình Thuận,(BTH) Đức Linh,Hàng Mới Ca 2,2026-09-27 - Chủ Nhật,358,36.31%,31.01%,0.28%,1.53,111,1,130,1,246,228,63.69%,68.71%,358,Bình Thuận,NTB,AM Nhựt
NTB - Bình Thuận,(BTH) Đức Linh,Hàng Mới Ca 2,2026-10-01 - Thứ 5,661,27.84%,22.84%,0.00%,2.84,151,0,184,0,510,477,72.16%,77.16%,661,Bình Thuận,NTB,AM Nhựt
NTB - Bình Thuận,(BTH) Đức Linh,Hàng Mới Ca 2,2026-09-13 - Chủ Nhật,405,3.21%,2.47%,0.00%,3.6,10,0,13,0,395,392,96.79%,97.53%,405,Bình Thuận,NTB,AM Nhựt
NTB - Bình Thuận,(BTH) Đức Linh,Hàng Mới Ca 2,2026-10-05 - Thứ 2,379,20.32%,19.00%,0.26%,1.85,72,1,77,1,306,302,79.68%,80.74%,379,Bình Thuận,NTB,AM Nhựt
NTB - Bình Thuận,(BTH) Đức Linh,Hàng Mới Ca 2,2026-09-19 - Thứ 7,651,21.97%,18.89%,0.46%,2.86,123,3,143,3,525,508,78.03%,80.65%,651,Bình Thuận,NTB,AM Nhựt
NTB - Bình Thuận,(BTH) Đức Linh,Hàng Mới Ca 2,2026-10-09 - Thứ 6,594,24.92%,22.39%,0.00%,2.25,133,0,148,0,461,446,75.08%,77.61%,594,Bình Thuận,NTB,AM Nhựt
NTB - Bình Thuận,(BTH) Đức Linh,Hàng Mới Ca 2,2026-09-25 - Thứ 6,437,24.03%,20.82%,0.00%,2.08,91,0,105,0,346,332,75.97%,79.18%,437,Bình Thuận,NTB,AM Nhựt
NTB - Bình Thuận,(BTH) Đức Linh,Hàng Tồn,2026-10-07 - Thứ 4,722,99.03%,71.75%,2.77%,27.85,518,20,715,20,184,7,0.97%,25.48%,0,Bình Thuận,NTB,AM Nhựt
NTB - Bình Thuận,(BTH) Đức Linh,Hàng Tồn,2026-10-03 - Thứ 7,717,98.19%,64.44%,4.18%,29.48,462,30,704,30,225,13,1.81%,31.38%,0,Bình Thuận,NTB,AM Nhựt
NTB - Bình Thuận,(BTH) Đức Linh,Hàng Tồn,2026-09-25 - Thứ 6,522,98.85%,60.15%,4.41%,30.61,314,23,516,23,185,6,1.15%,35.44%,0,Bình Thuận,NTB,AM Nhựt
NTB - Bình Thuận,(BTH) Đức Linh,Hàng Tồn,2026-09-27 - Chủ Nhật,606,99.34%,64.52%,3.96%,31.43,391,24,602,24,191,4,0.66%,31.52%,0,Bình Thuận,NTB,AM Nhựt
NTB - Bình Thuận,(BTH) Đức Linh,Hàng Tồn,2026-09-21 - Thứ 2,564,96.10%,61.88%,4.61%,30.21,349,26,542,26,189,22,3.90%,33.51%,0,Bình Thuận,NTB,AM Nhựt
NTB - Bình Thuận,(BTH) Đức Linh,Hàng Tồn,2026-09-20 - Chủ Nhật,780,98.85%,67.95%,4.36%,28.11,530,34,771,34,216,9,1.15%,27.69%,0,Bình Thuận,NTB,AM Nhựt
NTB - Bình Thuận,(BTH) Đức Linh,Hàng Tồn,2026-09-13 - Chủ Nhật,648,99.23%,59.26%,4.01%,39.34,384,26,643,26,238,5,0.77%,36.73%,0,Bình Thuận,NTB,AM Nhựt
NTB - Bình Thuận,(BTH) Đức Linh,Hàng Tồn,2026-09-24 - Thứ 5,578,98.10%,63.49%,3.11%,28.29,367,18,567,18,193,11,1.90%,33.40%,0,Bình Thuận,NTB,AM Nhựt
NTB - Bình Thuận,(BTH) Đức Linh,Hàng Tồn,2026-10-06 - Thứ 3,553,99.10%,66.00%,5.61%,30.8,365,31,548,31,157,5,0.90%,28.39%,0,Bình Thuận,NTB,AM Nhựt
NTB - Bình Thuận,(BTH) Đức Linh,Hàng Tồn,2026-10-01 - Thứ 5,556,98.20%,67.81%,3.78%,26.08,377,21,546,21,158,10,1.80%,28.41%,0,Bình Thuận,NTB,AM Nhựt
NTB - Bình Thuận,(BTH) Đức Linh,Hàng Tồn,2026-09-12 - Thứ 7,905,99.34%,63.09%,3.31%,33.61,571,30,899,30,304,6,0.66%,33.60%,0,Bình Thuận,NTB,AM Nhựt
NTB - Bình Thuận,(BTH) Đức Linh,Hàng Tồn,2026-10-05 - Thứ 2,842,98.69%,71.14%,4.75%,27.87,599,40,831,40,203,11,1.31%,24.11%,0,Bình Thuận,NTB,AM Nhựt
NTB - Bình Thuận,(BTH) Đức Linh,Hàng Tồn,2026-09-22 - Thứ 3,503,99.01%,66.80%,5.17%,32.15,336,26,498,26,141,5,0.99%,28.03%,0,Bình Thuận,NTB,AM Nhựt
NTB - Bình Thuận,(BTH) Đức Linh,Hàng Tồn,2026-09-23 - Thứ 4,551,98.91%,66.42%,4.36%,29.64,366,24,545,24,161,6,1.09%,29.22%,0,Bình Thuận,NTB,AM Nhựt
NTB - Bình Thuận,(BTH) Đức Linh,Hàng Tồn,2026-09-14 - Thứ 2,875,99.54%,65.37%,3.31%,34.63,572,29,871,29,274,4,0.46%,31.32%,0,Bình Thuận,NTB,AM Nhựt
NTB - Bình Thuận,(BTH) Đức Linh,Hàng Tồn,2026-09-15 - Thứ 3,486,98.56%,53.70%,6.79%,39.5,261,33,479,33,192,7,1.44%,39.51%,0,Bình Thuận,NTB,AM Nhựt
NTB - Bình Thuận,(BTH) Đức Linh,Hàng Tồn,2026-10-02 - Thứ 6,678,99.41%,67.85%,3.10%,26.31,460,21,674,21,197,4,0.59%,29.05%,0,Bình Thuận,NTB,AM Nhựt
NTB - Bình Thuận,(BTH) Đức Linh,Hàng Tồn,2026-09-29 - Thứ 3,448,99.33%,62.95%,4.91%,28.19,282,22,445,22,144,3,0.67%,32.14%,0,Bình Thuận,NTB,AM Nhựt
NTB - Bình Thuận,(BTH) Đức Linh,Hàng Tồn,2026-10-08 - Thứ 5,616,98.86%,68.18%,3.90%,27.87,420,24,609,24,172,7,1.14%,27.92%,0,Bình Thuận,NTB,AM Nhựt
NTB - Bình Thuận,(BTH) Đức Linh,Hàng Tồn,2026-09-19 - Thứ 7,669,98.95%,67.86%,3.74%,29.54,454,25,662,25,190,7,1.05%,28.40%,0,Bình Thuận,NTB,AM Nhựt
NTB - Bình Thuận,(BTH) Đức Linh,Hàng Tồn,2026-10-04 - Chủ Nhật,788,97.97%,71.95%,2.54%,30.2,567,20,772,20,201,16,2.03%,25.51%,0,Bình Thuận,NTB,AM Nhựt
NTB - Bình Thuận,(BTH) Đức Linh,Hàng Tồn,2026-09-30 - Thứ 4,513,99.22%,67.64%,3.12%,26.91,347,16,509,16,150,4,0.78%,29.24%,0,Bình Thuận,NTB,AM Nhựt
NTB - Bình Thuận,(BTH) Đức Linh,Hàng Tồn,2026-09-17 - Thứ 5,858,98.37%,71.10%,4.43%,29.31,610,38,844,38,210,14,1.63%,24.47%,0,Bình Thuận,NTB,AM Nhựt
NTB - Bình Thuận,(BTH) Đức Linh,Hàng Tồn,2026-09-26 - Thứ 7,655,97.56%,59.85%,3.51%,28.62,392,23,639,23,240,16,2.44%,36.64%,0,Bình Thuận,NTB,AM Nhựt
NTB - Bình Thuận,(BTH) Đức Linh,Hàng Tồn,2026-09-28 - Thứ 2,476,98.95%,60.71%,5.67%,30.02,289,27,471,27,160,5,1.05%,33.62%,0,Bình Thuận,NTB,AM Nhựt
NTB - Bình Thuận,(BTH) Đức Linh,Hàng Tồn,2026-09-16 - Thứ 4,819,99.02%,63.86%,3.42%,28.46,523,28,811,28,268,8,0.98%,32.72%,0,Bình Thuận,NTB,AM Nhựt
NTB - Bình Thuận,(BTH) Đức Linh,Hàng Tồn,2026-09-18 - Thứ 6,447,98.88%,59.73%,6.94%,32.36,267,31,442,31,149,5,1.12%,33.33%,0,Bình Thuận,NTB,AM Nhựt
NTB - Bình Thuận,(BTH) Đức Linh,Hàng Tồn,2026-10-09 - Thứ 6,676,99.11%,60.36%,3.40%,28.3,408,23,670,23,245,6,0.89%,36.24%,0,Bình Thuận,NTB,AM Nhựt
NTB - Bình Thuận,(BTH) Đồng Kho,Hàng Mới Ca 1,2026-10-03 - Thứ 7,663,99.85%,79.94%,1.21%,12.26,530,8,662,8,125,1,0.15%,18.85%,663,Bình Thuận,NTB,AM Nhựt
NTB - Bình Thuận,(BTH) Đồng Kho,Hàng Mới Ca 1,2026-09-27 - Chủ Nhật,632,97.63%,78.48%,0.47%,11.24,496,3,617,3,133,15,2.37%,21.05%,632,Bình Thuận,NTB,AM Nhựt
NTB - Bình Thuận,(BTH) Đồng Kho,Hàng Mới Ca 1,2026-09-21 - Thứ 2,651,98.62%,80.80%,0.61%,13.36,526,4,642,4,121,9,1.38%,18.59%,651,Bình Thuận,NTB,AM Nhựt
NTB - Bình Thuận,(BTH) Đồng Kho,Hàng Mới Ca 1,2026-09-20 - Chủ Nhật,509,98.62%,78.00%,0.59%,12.79,397,3,502,3,109,7,1.38%,21.41%,509,Bình Thuận,NTB,AM Nhựt
NTB - Bình Thuận,(BTH) Đồng Kho,Hàng Mới Ca 1,2026-09-13 - Chủ Nhật,772,98.58%,80.57%,1.04%,13.01,622,8,761,8,142,11,1.42%,18.39%,772,Bình Thuận,NTB,AM Nhựt
NTB - Bình Thuận,(BTH) Đồng Kho,Hàng Mới Ca 1,2026-09-24 - Thứ 5,643,98.44%,80.72%,0.62%,10.7,519,4,633,4,120,10,1.56%,18.66%,643,Bình Thuận,NTB,AM Nhựt
NTB - Bình Thuận,(BTH) Đồng Kho,Hàng Mới Ca 1,2026-10-06 - Thứ 3,652,98.31%,78.37%,0.77%,9.17,511,5,641,5,136,11,1.69%,20.86%,652,Bình Thuận,NTB,AM Nhựt
NTB - Bình Thuận,(BTH) Đồng Kho,Hàng Mới Ca 1,2026-10-01 - Thứ 5,556,99.64%,82.91%,0.00%,11.77,461,0,554,0,95,2,0.36%,17.09%,556,Bình Thuận,NTB,AM Nhựt
NTB - Bình Thuận,(BTH) Đồng Kho,Hàng Mới Ca 1,2026-09-12 - Thứ 7,881,99.66%,83.77%,1.59%,12.13,738,14,878,14,129,3,0.34%,14.64%,881,Bình Thuận,NTB,AM Nhựt
NTB - Bình Thuận,(BTH) Đồng Kho,Hàng Mới Ca 1,2026-10-05 - Thứ 2,666,98.05%,81.53%,0.45%,11.29,543,3,653,3,120,13,1.95%,18.02%,666,Bình Thuận,NTB,AM Nhựt
NTB - Bình Thuận,(BTH) Đồng Kho,Hàng Mới Ca 1,2026-09-22 - Thứ 3,549,99.64%,77.96%,0.91%,8.36,428,5,547,5,116,2,0.36%,21.13%,549,Bình Thuận,NTB,AM Nhựt
NTB - Bình Thuận,(BTH) Đồng Kho,Hàng Mới Ca 1,2026-09-23 - Thứ 4,623,99.20%,79.94%,0.16%,10.89,498,1,618,1,124,5,0.80%,19.90%,623,Bình Thuận,NTB,AM Nhựt
NTB - Bình Thuận,(BTH) Đồng Kho,Hàng Mới Ca 1,2026-09-14 - Thứ 2,731,99.59%,75.79%,1.37%,9.13,554,10,728,10,167,3,0.41%,22.84%,731,Bình Thuận,NTB,AM Nhựt
NTB - Bình Thuận,(BTH) Đồng Kho,Hàng Mới Ca 1,2026-09-15 - Thứ 3,638,99.37%,79.78%,0.31%,9.72,509,2,634,2,127,4,0.63%,19.91%,638,Bình Thuận,NTB,AM Nhựt
NTB - Bình Thuận,(BTH) Đồng Kho,Hàng Mới Ca 1,2026-10-02 - Thứ 6,841,98.34%,78.24%,0.83%,11.91,658,7,827,7,176,14,1.66%,20.93%,841,Bình Thuận,NTB,AM Nhựt
NTB - Bình Thuận,(BTH) Đồng Kho,Hàng Mới Ca 1,2026-09-29 - Thứ 3,492,98.78%,76.22%,0.61%,10.39,375,3,486,3,114,6,1.22%,23.17%,492,Bình Thuận,NTB,AM Nhựt
NTB - Bình Thuận,(BTH) Đồng Kho,Hàng Mới Ca 1,2026-10-08 - Thứ 5,839,98.81%,78.78%,1.07%,12.35,661,9,829,9,169,10,1.19%,20.15%,839,Bình Thuận,NTB,AM Nhựt
NTB - Bình Thuận,(BTH) Đồng Kho,Hàng Mới Ca 1,2026-10-04 - Chủ Nhật,738,99.46%,79.95%,1.08%,12.22,590,8,734,8,140,4,0.54%,18.97%,738,Bình Thuận,NTB,AM Nhựt
NTB - Bình Thuận,(BTH) Đồng Kho,Hàng Mới Ca 1,2026-09-30 - Thứ 4,675,99.70%,80.89%,0.00%,11.76,546,0,673,0,129,2,0.30%,19.11%,675,Bình Thuận,NTB,AM Nhựt
NTB - Bình Thuận,(BTH) Đồng Kho,Hàng Mới Ca 1,2026-09-17 - Thứ 5,675,99.85%,82.37%,1.19%,11.83,556,8,674,8,111,1,0.15%,16.44%,675,Bình Thuận,NTB,AM Nhựt
NTB - Bình Thuận,(BTH) Đồng Kho,Hàng Mới Ca 1,2026-10-09 - Thứ 6,795,98.87%,79.75%,0.75%,11.94,634,6,786,6,155,9,1.13%,19.50%,795,Bình Thuận,NTB,AM Nhựt
NTB - Bình Thuận,(BTH) Đồng Kho,Hàng Mới Ca 1,2026-09-26 - Thứ 7,618,98.71%,82.04%,0.32%,11.34,507,2,610,2,109,8,1.29%,17.64%,618,Bình Thuận,NTB,AM Nhựt
NTB - Bình Thuận,(BTH) Đồng Kho,Hàng Mới Ca 1,2026-09-28 - Thứ 2,516,99.61%,80.43%,0.19%,9.36,415,1,514,1,100,2,0.39%,19.38%,516,Bình Thuận,NTB,AM Nhựt
NTB - Bình Thuận,(BTH) Đồng Kho,Hàng Mới Ca 1,2026-09-16 - Thứ 4,626,98.08%,79.55%,0.64%,12.24,498,4,614,4,124,12,1.92%,19.81%,626,Bình Thuận,NTB,AM Nhựt
NTB - Bình Thuận,(BTH) Đồng Kho,Hàng Mới Ca 1,2026-09-25 - Thứ 6,790,99.11%,72.78%,0.38%,11.3,575,3,783,3,212,7,0.89%,26.84%,790,Bình Thuận,NTB,AM Nhựt
NTB - Bình Thuận,(BTH) Đồng Kho,Hàng Mới Ca 1,2026-10-07 - Thứ 4,628,99.84%,83.60%,0.64%,12.87,525,4,627,4,99,1,0.16%,15.76%,628,Bình Thuận,NTB,AM Nhựt
NTB - Bình Thuận,(BTH) Đồng Kho,Hàng Mới Ca 1,2026-09-19 - Thứ 7,610,98.69%,80.00%,0.16%,11.73,488,1,602,1,121,8,1.31%,19.84%,610,Bình Thuận,NTB,AM Nhựt
NTB - Bình Thuận,(BTH) Đồng Kho,Hàng Mới Ca 1,2026-09-18 - Thứ 6,722,99.86%,83.66%,0.42%,8.16,604,3,721,3,115,1,0.14%,15.92%,722,Bình Thuận,NTB,AM Nhựt
NTB - Bình Thuận,(BTH) Đồng Kho,Hàng Mới Ca 2,2026-10-03 - Thứ 7,123,47.15%,41.46%,0.00%,1.86,51,0,58,0,72,65,52.85%,58.54%,123,Bình Thuận,NTB,AM Nhựt
NTB - Bình Thuận,(BTH) Đồng Kho,Hàng Mới Ca 2,2026-09-25 - Thứ 6,125,36.00%,28.00%,0.00%,1.86,35,0,45,0,90,80,64.00%,72.00%,125,Bình Thuận,NTB,AM Nhựt
NTB - Bình Thuận,(BTH) Đồng Kho,Hàng Mới Ca 2,2026-09-18 - Thứ 6,182,40.66%,36.26%,0.00%,2.15,66,0,74,0,116,108,59.34%,63.74%,182,Bình Thuận,NTB,AM Nhựt
NTB - Bình Thuận,(BTH) Đồng Kho,Hàng Mới Ca 2,2026-09-21 - Thứ 2,85,48.24%,37.65%,0.00%,3.22,32,0,41,0,53,44,51.76%,62.35%,85,Bình Thuận,NTB,AM Nhựt
NTB - Bình Thuận,(BTH) Đồng Kho,Hàng Mới Ca 2,2026-09-20 - Chủ Nhật,165,29.09%,21.82%,0.61%,1.58,36,1,48,1,128,117,70.91%,77.57%,165,Bình Thuận,NTB,AM Nhựt
NTB - Bình Thuận,(BTH) Đồng Kho,Hàng Mới Ca 2,2026-09-24 - Thứ 5,163,33.74%,28.22%,0.61%,2.52,46,1,55,1,116,108,66.26%,71.17%,163,Bình Thuận,NTB,AM Nhựt
NTB - Bình Thuận,(BTH) Đồng Kho,Hàng Mới Ca 2,2026-10-06 - Thứ 3,196,41.33%,28.06%,0.00%,3,55,0,81,0,141,115,58.67%,71.94%,196,Bình Thuận,NTB,AM Nhựt
NTB - Bình Thuận,(BTH) Đồng Kho,Hàng Mới Ca 2,2026-10-01 - Thứ 5,214,30.84%,27.57%,0.00%,2.03,59,0,66,0,155,148,69.16%,72.43%,214,Bình Thuận,NTB,AM Nhựt
NTB - Bình Thuận,(BTH) Đồng Kho,Hàng Mới Ca 2,2026-09-12 - Thứ 7,130,56.92%,47.69%,1.54%,2.13,62,2,74,2,66,56,43.08%,50.77%,130,Bình Thuận,NTB,AM Nhựt
NTB - Bình Thuận,(BTH) Đồng Kho,Hàng Mới Ca 2,2026-10-05 - Thứ 2,123,54.47%,45.53%,0.00%,2.29,56,0,67,0,67,56,45.53%,54.47%,123,Bình Thuận,NTB,AM Nhựt
NTB - Bình Thuận,(BTH) Đồng Kho,Hàng Mới Ca 2,2026-09-22 - Thứ 3,137,40.15%,33.58%,0.00%,2.2,46,0,55,0,91,82,59.85%,66.42%,137,Bình Thuận,NTB,AM Nhựt
NTB - Bình Thuận,(BTH) Đồng Kho,Hàng Mới Ca 2,2026-09-23 - Thứ 4,127,18.90%,17.32%,0.00%,2.73,22,0,24,0,105,103,81.10%,82.68%,127,Bình Thuận,NTB,AM Nhựt
NTB - Bình Thuận,(BTH) Đồng Kho,Hàng Mới Ca 2,2026-09-15 - Thứ 3,213,35.21%,30.05%,0.00%,1.72,64,0,75,0,149,138,64.79%,69.95%,213,Bình Thuận,NTB,AM Nhựt
NTB - Bình Thuận,(BTH) Đồng Kho,Hàng Mới Ca 2,2026-10-02 - Thứ 6,161,50.93%,40.99%,0.62%,2.08,66,1,82,1,94,79,49.07%,58.39%,161,Bình Thuận,NTB,AM Nhựt
NTB - Bình Thuận,(BTH) Đồng Kho,Hàng Mới Ca 2,2026-09-29 - Thứ 3,120,46.67%,35.00%,0.00%,2,42,0,56,0,78,64,53.33%,65.00%,120,Bình Thuận,NTB,AM Nhựt
NTB - Bình Thuận,(BTH) Đồng Kho,Hàng Mới Ca 2,2026-10-08 - Thứ 5,167,37.72%,32.34%,0.00%,1.94,54,0,63,0,113,104,62.28%,67.66%,167,Bình Thuận,NTB,AM Nhựt
NTB - Bình Thuận,(BTH) Đồng Kho,Hàng Mới Ca 2,2026-09-19 - Thứ 7,186,53.76%,34.41%,1.08%,2.23,64,2,100,2,120,86,46.24%,64.51%,186,Bình Thuận,NTB,AM Nhựt
NTB - Bình Thuận,(BTH) Đồng Kho,Hàng Mới Ca 2,2026-10-04 - Chủ Nhật,183,38.80%,32.24%,0.55%,1.48,59,1,71,1,123,112,61.20%,67.21%,183,Bình Thuận,NTB,AM Nhựt
NTB - Bình Thuận,(BTH) Đồng Kho,Hàng Mới Ca 2,2026-09-30 - Thứ 4,134,45.52%,36.57%,0.75%,2,49,1,61,1,84,73,54.48%,62.68%,134,Bình Thuận,NTB,AM Nhựt
NTB - Bình Thuận,(BTH) Đồng Kho,Hàng Mới Ca 2,2026-10-09 - Thứ 6,191,48.69%,39.27%,1.05%,2.03,75,2,93,2,114,98,51.31%,59.68%,191,Bình Thuận,NTB,AM Nhựt
NTB - Bình Thuận,(BTH) Đồng Kho,Hàng Mới Ca 2,2026-09-26 - Thứ 7,128,39.84%,32.03%,0.78%,1.55,41,1,51,1,86,77,60.16%,67.19%,128,Bình Thuận,NTB,AM Nhựt
NTB - Bình Thuận,(BTH) Đồng Kho,Hàng Mới Ca 2,2026-09-28 - Thứ 2,128,17.97%,14.06%,0.00%,2.78,18,0,23,0,110,105,82.03%,85.94%,128,Bình Thuận,NTB,AM Nhựt
NTB - Bình Thuận,(BTH) Đồng Kho,Hàng Mới Ca 2,2026-10-07 - Thứ 4,158,56.33%,50.63%,0.63%,2.18,80,1,89,1,77,69,43.67%,48.74%,158,Bình Thuận,NTB,AM Nhựt
NTB - Bình Thuận,(BTH) Đồng Kho,Hàng Mới Ca 2,2026-09-16 - Thứ 4,166,43.98%,39.16%,0.00%,1.8,65,0,73,0,101,93,56.02%,60.84%,166,Bình Thuận,NTB,AM Nhựt
NTB - Bình Thuận,(BTH) Đồng Kho,Hàng Mới Ca 2,2026-09-27 - Chủ Nhật,66,30.30%,16.67%,0.00%,1.27,11,0,20,0,55,46,69.70%,83.33%,66,Bình Thuận,NTB,AM Nhựt
NTB - Bình Thuận,(BTH) Đồng Kho,Hàng Mới Ca 2,2026-09-13 - Chủ Nhật,170,34.12%,28.24%,0.00%,1.96,48,0,58,0,122,112,65.88%,71.76%,170,Bình Thuận,NTB,AM Nhựt
NTB - Bình Thuận,(BTH) Đồng Kho,Hàng Mới Ca 2,2026-09-14 - Thứ 2,131,43.51%,38.93%,0.00%,2.76,51,0,57,0,80,74,56.49%,61.07%,131,Bình Thuận,NTB,AM Nhựt
NTB - Bình Thuận,(BTH) Đồng Kho,Hàng Mới Ca 2,2026-09-17 - Thứ 5,123,35.77%,32.52%,0.81%,1.65,40,1,44,1,82,79,64.23%,66.67%,123,Bình Thuận,NTB,AM Nhựt
NTB - Bình Thuận,(BTH) Đồng Kho,Hàng Tồn,2026-10-07 - Thứ 4,390,99.23%,57.95%,4.62%,35.38,226,18,387,18,146,3,0.77%,37.43%,0,Bình Thuận,NTB,AM Nhựt
NTB - Bình Thuận,(BTH) Đồng Kho,Hàng Tồn,2026-10-03 - Thứ 7,382,97.38%,55.76%,7.07%,37.58,213,27,372,27,142,10,2.62%,37.17%,0,Bình Thuận,NTB,AM Nhựt
NTB - Bình Thuận,(BTH) Đồng Kho,Hàng Tồn,2026-09-25 - Thứ 6,362,98.34%,47.24%,4.97%,36.86,171,18,356,18,173,6,1.66%,47.79%,0,Bình Thuận,NTB,AM Nhựt
NTB - Bình Thuận,(BTH) Đồng Kho,Hàng Tồn,2026-09-27 - Chủ Nhật,327,93.58%,42.81%,6.73%,38.12,140,22,306,22,165,21,6.42%,50.46%,0,Bình Thuận,NTB,AM Nhựt
NTB - Bình Thuận,(BTH) Đồng Kho,Hàng Tồn,2026-09-21 - Thứ 2,409,98.04%,53.55%,5.13%,44.31,219,21,401,21,169,8,1.96%,41.32%,0,Bình Thuận,NTB,AM Nhựt
NTB - Bình Thuận,(BTH) Đồng Kho,Hàng Tồn,2026-09-20 - Chủ Nhật,361,97.51%,48.48%,3.88%,35.19,175,14,352,14,172,9,2.49%,47.64%,0,Bình Thuận,NTB,AM Nhựt
NTB - Bình Thuận,(BTH) Đồng Kho,Hàng Tồn,2026-09-24 - Thứ 5,344,95.93%,50.58%,4.94%,36.68,174,17,330,17,153,14,4.07%,44.48%,0,Bình Thuận,NTB,AM Nhựt
NTB - Bình Thuận,(BTH) Đồng Kho,Hàng Tồn,2026-10-06 - Thứ 3,318,94.97%,45.60%,10.06%,38.5,145,32,302,32,141,16,5.03%,44.34%,0,Bình Thuận,NTB,AM Nhựt
NTB - Bình Thuận,(BTH) Đồng Kho,Hàng Tồn,2026-10-01 - Thứ 5,343,97.67%,49.56%,7.29%,40.42,170,25,335,25,148,8,2.33%,43.15%,0,Bình Thuận,NTB,AM Nhựt
NTB - Bình Thuận,(BTH) Đồng Kho,Hàng Tồn,2026-09-12 - Thứ 7,427,99.06%,57.85%,3.51%,38.98,247,15,423,15,165,4,0.94%,38.64%,0,Bình Thuận,NTB,AM Nhựt
NTB - Bình Thuận,(BTH) Đồng Kho,Hàng Tồn,2026-10-05 - Thứ 2,396,96.72%,53.79%,5.30%,33.45,213,21,383,21,162,13,3.28%,40.91%,0,Bình Thuận,NTB,AM Nhựt
NTB - Bình Thuận,(BTH) Đồng Kho,Hàng Tồn,2026-09-23 - Thứ 4,351,96.30%,51.28%,7.41%,39.57,180,26,338,26,145,13,3.70%,41.31%,0,Bình Thuận,NTB,AM Nhựt
NTB - Bình Thuận,(BTH) Đồng Kho,Hàng Tồn,2026-09-14 - Thứ 2,369,98.92%,55.56%,6.23%,35.25,205,23,365,23,141,4,1.08%,38.21%,0,Bình Thuận,NTB,AM Nhựt
NTB - Bình Thuận,(BTH) Đồng Kho,Hàng Tồn,2026-09-15 - Thứ 3,369,97.29%,50.68%,4.88%,35.1,187,18,359,18,164,10,2.71%,44.44%,0,Bình Thuận,NTB,AM Nhựt
NTB - Bình Thuận,(BTH) Đồng Kho,Hàng Tồn,2026-10-02 - Thứ 6,375,98.13%,58.67%,5.07%,35.84,220,19,368,19,136,7,1.87%,36.26%,0,Bình Thuận,NTB,AM Nhựt
NTB - Bình Thuận,(BTH) Đồng Kho,Hàng Tồn,2026-09-29 - Thứ 3,328,95.73%,49.09%,6.10%,36.47,161,20,314,20,147,14,4.27%,44.81%,0,Bình Thuận,NTB,AM Nhựt
NTB - Bình Thuận,(BTH) Đồng Kho,Hàng Tồn,2026-10-08 - Thứ 5,301,97.34%,42.52%,7.64%,38.18,128,23,293,23,150,8,2.66%,49.84%,0,Bình Thuận,NTB,AM Nhựt
NTB - Bình Thuận,(BTH) Đồng Kho,Hàng Tồn,2026-09-19 - Thứ 7,345,98.26%,51.59%,5.22%,35.36,178,18,339,18,149,6,1.74%,43.19%,0,Bình Thuận,NTB,AM Nhựt
NTB - Bình Thuận,(BTH) Đồng Kho,Hàng Tồn,2026-10-04 - Chủ Nhật,313,99.04%,43.77%,4.47%,40.7,137,14,310,14,162,3,0.96%,51.76%,0,Bình Thuận,NTB,AM Nhựt
NTB - Bình Thuận,(BTH) Đồng Kho,Hàng Tồn,2026-09-30 - Thứ 4,313,96.81%,47.28%,3.51%,39.39,148,11,303,11,154,10,3.19%,49.21%,0,Bình Thuận,NTB,AM Nhựt
NTB - Bình Thuận,(BTH) Đồng Kho,Hàng Tồn,2026-09-17 - Thứ 5,358,94.41%,53.35%,5.59%,34.85,191,20,338,20,147,20,5.59%,41.06%,0,Bình Thuận,NTB,AM Nhựt
NTB - Bình Thuận,(BTH) Đồng Kho,Hàng Tồn,2026-09-26 - Thứ 7,463,96.11%,57.02%,6.26%,37.7,264,29,445,29,170,18,3.89%,36.72%,0,Bình Thuận,NTB,AM Nhựt
NTB - Bình Thuận,(BTH) Đồng Kho,Hàng Tồn,2026-09-28 - Thứ 2,336,92.56%,47.92%,5.06%,42.2,161,17,311,17,158,25,7.44%,47.02%,0,Bình Thuận,NTB,AM Nhựt
NTB - Bình Thuận,(BTH) Đồng Kho,Hàng Tồn,2026-09-13 - Chủ Nhật,313,97.76%,52.72%,6.07%,40.05,165,19,306,19,129,7,2.24%,41.21%,0,Bình Thuận,NTB,AM Nhựt
NTB - Bình Thuận,(BTH) Đồng Kho,Hàng Tồn,2026-09-18 - Thứ 6,316,99.05%,47.47%,6.01%,37.65,150,19,313,19,147,3,0.95%,46.52%,0,Bình Thuận,NTB,AM Nhựt
NTB - Bình Thuận,(BTH) Đồng Kho,Hàng Tồn,2026-09-22 - Thứ 3,317,98.11%,40.06%,10.41%,43.49,127,33,311,33,157,6,1.89%,49.53%,0,Bình Thuận,NTB,AM Nhựt
NTB - Bình Thuận,(BTH) Đồng Kho,Hàng Tồn,2026-10-09 - Thứ 6,403,94.04%,50.62%,5.96%,34.62,204,24,379,24,175,24,5.96%,43.42%,0,Bình Thuận,NTB,AM Nhựt
NTB - Bình Thuận,(BTH) Đồng Kho,Hàng Tồn,2026-09-16 - Thứ 4,408,92.65%,51.72%,7.35%,33.36,211,30,378,30,167,30,7.35%,40.93%,0,Bình Thuận,NTB,AM Nhựt
NTB - Bình Thuận,(BTH) Tân Hải,Hàng Mới Ca 1,2026-10-03 - Thứ 7,264,100.00%,88.26%,1.14%,6.29,233,3,264,3,28,0,0.00%,10.60%,264,Bình Thuận,NTB,AM Thủy
NTB - Bình Thuận,(BTH) Tân Hải,Hàng Mới Ca 1,2026-09-27 - Chủ Nhật,252,100.00%,91.27%,1.59%,5.51,230,4,252,4,18,0,0.00%,7.14%,252,Bình Thuận,NTB,AM Thủy
NTB - Bình Thuận,(BTH) Tân Hải,Hàng Mới Ca 1,2026-09-13 - Chủ Nhật,292,100.00%,88.36%,1.03%,5.9,258,3,292,3,31,0,0.00%,10.61%,292,Bình Thuận,NTB,AM Thủy
NTB - Bình Thuận,(BTH) Tân Hải,Hàng Mới Ca 1,2026-10-06 - Thứ 3,316,99.68%,82.28%,2.22%,5.43,260,7,315,7,49,1,0.32%,15.50%,316,Bình Thuận,NTB,AM Thủy
NTB - Bình Thuận,(BTH) Tân Hải,Hàng Mới Ca 1,2026-09-12 - Thứ 7,341,100.00%,92.96%,0.88%,6.48,317,3,341,3,21,0,0.00%,6.16%,341,Bình Thuận,NTB,AM Thủy
NTB - Bình Thuận,(BTH) Tân Hải,Hàng Mới Ca 1,2026-10-05 - Thứ 2,203,100.00%,90.15%,0.99%,5.56,183,2,203,2,18,0,0.00%,8.86%,203,Bình Thuận,NTB,AM Thủy
NTB - Bình Thuận,(BTH) Tân Hải,Hàng Mới Ca 1,2026-09-22 - Thứ 3,265,100.00%,89.06%,1.89%,4.93,236,5,265,5,24,0,0.00%,9.05%,265,Bình Thuận,NTB,AM Thủy
NTB - Bình Thuận,(BTH) Tân Hải,Hàng Mới Ca 1,2026-09-23 - Thứ 4,236,100.00%,89.41%,1.69%,5.42,211,4,236,4,21,0,0.00%,8.90%,236,Bình Thuận,NTB,AM Thủy
NTB - Bình Thuận,(BTH) Tân Hải,Hàng Mới Ca 1,2026-09-15 - Thứ 3,257,100.00%,91.44%,1.56%,5.7,235,4,257,4,18,0,0.00%,7.00%,257,Bình Thuận,NTB,AM Thủy
NTB - Bình Thuận,(BTH) Tân Hải,Hàng Mới Ca 1,2026-10-02 - Thứ 6,317,99.68%,91.48%,1.26%,5.41,290,4,316,4,23,1,0.32%,7.26%,317,Bình Thuận,NTB,AM Thủy
NTB - Bình Thuận,(BTH) Tân Hải,Hàng Mới Ca 1,2026-09-29 - Thứ 3,218,99.54%,88.99%,1.83%,5.24,194,4,217,4,20,1,0.46%,9.18%,218,Bình Thuận,NTB,AM Thủy
NTB - Bình Thuận,(BTH) Tân Hải,Hàng Mới Ca 1,2026-10-08 - Thứ 5,333,100.00%,85.59%,0.60%,6.53,285,2,333,2,46,0,0.00%,13.81%,333,Bình Thuận,NTB,AM Thủy
NTB - Bình Thuận,(BTH) Tân Hải,Hàng Mới Ca 1,2026-09-19 - Thứ 7,216,100.00%,90.28%,2.31%,5.63,195,5,216,5,16,0,0.00%,7.41%,216,Bình Thuận,NTB,AM Thủy
NTB - Bình Thuận,(BTH) Tân Hải,Hàng Mới Ca 1,2026-10-04 - Chủ Nhật,263,99.24%,90.49%,0.00%,5.46,238,0,261,0,25,2,0.76%,9.51%,263,Bình Thuận,NTB,AM Thủy
NTB - Bình Thuận,(BTH) Tân Hải,Hàng Mới Ca 1,2026-09-30 - Thứ 4,223,98.65%,88.34%,1.79%,5,197,4,220,4,22,3,1.35%,9.87%,223,Bình Thuận,NTB,AM Thủy
NTB - Bình Thuận,(BTH) Tân Hải,Hàng Mới Ca 1,2026-10-09 - Thứ 6,277,100.00%,90.61%,1.08%,5.67,251,3,277,3,23,0,0.00%,8.31%,277,Bình Thuận,NTB,AM Thủy
NTB - Bình Thuận,(BTH) Tân Hải,Hàng Mới Ca 1,2026-09-26 - Thứ 7,211,100.00%,84.83%,1.90%,5.5,179,4,211,4,28,0,0.00%,13.27%,211,Bình Thuận,NTB,AM Thủy
NTB - Bình Thuận,(BTH) Tân Hải,Hàng Mới Ca 1,2026-09-28 - Thứ 2,195,100.00%,90.26%,1.03%,5.1,176,2,195,2,17,0,0.00%,8.71%,195,Bình Thuận,NTB,AM Thủy
NTB - Bình Thuận,(BTH) Tân Hải,Hàng Mới Ca 1,2026-09-25 - Thứ 6,322,100.00%,87.89%,1.86%,5.61,283,6,322,6,33,0,0.00%,10.25%,322,Bình Thuận,NTB,AM Thủy
NTB - Bình Thuận,(BTH) Tân Hải,Hàng Mới Ca 1,2026-09-18 - Thứ 6,319,100.00%,89.34%,1.57%,5.61,285,5,319,5,29,0,0.00%,9.09%,319,Bình Thuận,NTB,AM Thủy
NTB - Bình Thuận,(BTH) Tân Hải,Hàng Mới Ca 1,2026-09-21 - Thứ 2,170,100.00%,87.06%,1.18%,4.86,148,2,170,2,20,0,0.00%,11.76%,170,Bình Thuận,NTB,AM Thủy
NTB - Bình Thuận,(BTH) Tân Hải,Hàng Mới Ca 1,2026-09-24 - Thứ 5,262,99.62%,86.26%,2.29%,5.24,226,6,261,6,30,1,0.38%,11.45%,262,Bình Thuận,NTB,AM Thủy
NTB - Bình Thuận,(BTH) Tân Hải,Hàng Mới Ca 1,2026-10-01 - Thứ 5,215,100.00%,93.95%,0.00%,6.54,202,0,215,0,13,0,0.00%,6.05%,215,Bình Thuận,NTB,AM Thủy
NTB - Bình Thuận,(BTH) Tân Hải,Hàng Mới Ca 1,2026-09-14 - Thứ 2,328,100.00%,89.94%,0.61%,5.94,295,2,328,2,31,0,0.00%,9.45%,328,Bình Thuận,NTB,AM Thủy
NTB - Bình Thuận,(BTH) Tân Hải,Hàng Mới Ca 1,2026-09-17 - Thứ 5,199,100.00%,91.96%,1.51%,5.51,183,3,199,3,13,0,0.00%,6.53%,199,Bình Thuận,NTB,AM Thủy
NTB - Bình Thuận,(BTH) Tân Hải,Hàng Mới Ca 1,2026-10-07 - Thứ 4,201,99.50%,86.07%,0.00%,6.17,173,0,200,0,28,1,0.50%,13.93%,201,Bình Thuận,NTB,AM Thủy
NTB - Bình Thuận,(BTH) Tân Hải,Hàng Mới Ca 1,2026-09-16 - Thứ 4,148,100.00%,91.22%,1.35%,4.98,135,2,148,2,11,0,0.00%,7.43%,148,Bình Thuận,NTB,AM Thủy
NTB - Bình Thuận,(BTH) Tân Hải,Hàng Mới Ca 1,2026-09-20 - Chủ Nhật,158,99.37%,94.94%,0.00%,5.25,150,0,157,0,8,1,0.63%,5.06%,158,Bình Thuận,NTB,AM Thủy
NTB - Bình Thuận,(BTH) Tân Hải,Hàng Mới Ca 2,2026-10-03 - Thứ 7,247,90.28%,76.92%,0.40%,2.88,190,1,223,1,56,24,9.72%,22.68%,247,Bình Thuận,NTB,AM Thủy
NTB - Bình Thuận,(BTH) Tân Hải,Hàng Mới Ca 2,2026-09-25 - Thứ 6,185,98.92%,77.84%,2.16%,3.22,144,4,183,4,37,2,1.08%,20.00%,185,Bình Thuận,NTB,AM Thủy
NTB - Bình Thuận,(BTH) Tân Hải,Hàng Mới Ca 2,2026-09-27 - Chủ Nhật,173,92.49%,75.14%,1.16%,2.81,130,2,160,2,41,13,7.51%,23.70%,173,Bình Thuận,NTB,AM Thủy
NTB - Bình Thuận,(BTH) Tân Hải,Hàng Mới Ca 2,2026-09-20 - Chủ Nhật,306,94.44%,79.08%,0.33%,3.39,242,1,289,1,63,17,5.56%,20.59%,306,Bình Thuận,NTB,AM Thủy
NTB - Bình Thuận,(BTH) Tân Hải,Hàng Mới Ca 2,2026-10-06 - Thứ 3,264,83.33%,69.70%,0.76%,3.18,184,2,220,2,78,44,16.67%,29.54%,264,Bình Thuận,NTB,AM Thủy
NTB - Bình Thuận,(BTH) Tân Hải,Hàng Mới Ca 2,2026-10-01 - Thứ 5,294,96.60%,78.23%,1.36%,3.09,230,4,284,4,60,10,3.40%,20.41%,294,Bình Thuận,NTB,AM Thủy
NTB - Bình Thuận,(BTH) Tân Hải,Hàng Mới Ca 2,2026-09-12 - Thứ 7,250,80.40%,66.40%,0.80%,3.97,166,2,201,2,82,49,19.60%,32.80%,250,Bình Thuận,NTB,AM Thủy
NTB - Bình Thuận,(BTH) Tân Hải,Hàng Mới Ca 2,2026-10-05 - Thứ 2,123,86.99%,72.36%,0.81%,1.78,89,1,107,1,33,16,13.01%,26.83%,123,Bình Thuận,NTB,AM Thủy
NTB - Bình Thuận,(BTH) Tân Hải,Hàng Mới Ca 2,2026-09-23 - Thứ 4,224,95.98%,79.91%,1.34%,3.22,179,3,215,3,42,9,4.02%,18.75%,224,Bình Thuận,NTB,AM Thủy
NTB - Bình Thuận,(BTH) Tân Hải,Hàng Mới Ca 2,2026-09-14 - Thứ 2,211,78.67%,65.40%,0.95%,3.08,138,2,166,2,71,45,21.33%,33.65%,211,Bình Thuận,NTB,AM Thủy
NTB - Bình Thuận,(BTH) Tân Hải,Hàng Mới Ca 2,2026-09-15 - Thứ 3,262,83.59%,69.08%,0.76%,3.62,181,2,219,2,79,43,16.41%,30.16%,262,Bình Thuận,NTB,AM Thủy
NTB - Bình Thuận,(BTH) Tân Hải,Hàng Mới Ca 2,2026-10-02 - Thứ 6,311,93.25%,79.74%,0.96%,3.2,248,3,290,3,60,21,6.75%,19.30%,311,Bình Thuận,NTB,AM Thủy
NTB - Bình Thuận,(BTH) Tân Hải,Hàng Mới Ca 2,2026-09-29 - Thứ 3,205,95.61%,79.51%,0.98%,2.62,163,2,196,2,40,9,4.39%,19.51%,205,Bình Thuận,NTB,AM Thủy
NTB - Bình Thuận,(BTH) Tân Hải,Hàng Mới Ca 2,2026-09-19 - Thứ 7,296,95.95%,83.11%,0.68%,3.21,246,2,284,2,48,12,4.05%,16.21%,296,Bình Thuận,NTB,AM Thủy
NTB - Bình Thuận,(BTH) Tân Hải,Hàng Mới Ca 2,2026-10-04 - Chủ Nhật,263,89.35%,72.62%,0.38%,3.31,191,1,235,1,71,28,10.65%,27.00%,263,Bình Thuận,NTB,AM Thủy
NTB - Bình Thuận,(BTH) Tân Hải,Hàng Mới Ca 2,2026-09-30 - Thứ 4,213,95.31%,80.28%,0.00%,2.53,171,0,203,0,42,10,4.69%,19.72%,213,Bình Thuận,NTB,AM Thủy
NTB - Bình Thuận,(BTH) Tân Hải,Hàng Mới Ca 2,2026-09-17 - Thứ 5,149,97.32%,85.23%,0.67%,2.6,127,1,145,1,21,4,2.68%,14.10%,149,Bình Thuận,NTB,AM Thủy
NTB - Bình Thuận,(BTH) Tân Hải,Hàng Mới Ca 2,2026-10-09 - Thứ 6,268,87.69%,75.75%,0.37%,3.61,203,1,235,1,64,33,12.31%,23.88%,268,Bình Thuận,NTB,AM Thủy
NTB - Bình Thuận,(BTH) Tân Hải,Hàng Mới Ca 2,2026-10-07 - Thứ 4,253,82.21%,72.73%,0.00%,2.78,184,0,208,0,69,45,17.79%,27.27%,253,Bình Thuận,NTB,AM Thủy
NTB - Bình Thuận,(BTH) Tân Hải,Hàng Mới Ca 2,2026-09-16 - Thứ 4,330,95.15%,79.09%,0.00%,3.49,261,0,314,0,69,16,4.85%,20.91%,330,Bình Thuận,NTB,AM Thủy
NTB - Bình Thuận,(BTH) Tân Hải,Hàng Mới Ca 2,2026-09-18 - Thứ 6,189,95.77%,84.13%,2.12%,2.86,159,4,181,4,26,8,4.23%,13.75%,189,Bình Thuận,NTB,AM Thủy
NTB - Bình Thuận,(BTH) Tân Hải,Hàng Mới Ca 2,2026-09-13 - Chủ Nhật,195,81.54%,71.79%,0.51%,3.49,140,1,159,1,54,36,18.46%,27.70%,195,Bình Thuận,NTB,AM Thủy
NTB - Bình Thuận,(BTH) Tân Hải,Hàng Mới Ca 2,2026-09-21 - Thứ 2,117,89.74%,70.09%,1.71%,2.25,82,2,105,2,33,12,10.26%,28.20%,117,Bình Thuận,NTB,AM Thủy
NTB - Bình Thuận,(BTH) Tân Hải,Hàng Mới Ca 2,2026-09-22 - Thứ 3,203,96.06%,80.79%,0.49%,2.52,164,1,195,1,38,8,3.94%,18.72%,203,Bình Thuận,NTB,AM Thủy
NTB - Bình Thuận,(BTH) Tân Hải,Hàng Mới Ca 2,2026-10-08 - Thứ 5,270,84.44%,67.41%,0.37%,3.16,182,1,228,1,87,42,15.56%,32.22%,270,Bình Thuận,NTB,AM Thủy
NTB - Bình Thuận,(BTH) Tân Hải,Hàng Mới Ca 2,2026-09-26 - Thứ 7,217,91.24%,70.51%,0.92%,2.75,153,2,198,2,62,19,8.76%,28.57%,217,Bình Thuận,NTB,AM Thủy
NTB - Bình Thuận,(BTH) Tân Hải,Hàng Mới Ca 2,2026-09-28 - Thứ 2,172,96.51%,77.33%,0.58%,2.68,133,1,166,1,38,6,3.49%,22.09%,172,Bình Thuận,NTB,AM Thủy
NTB - Bình Thuận,(BTH) Tân Hải,Hàng Mới Ca 2,2026-09-24 - Thứ 5,269,95.54%,80.67%,1.12%,3.12,217,3,257,3,49,12,4.46%,18.21%,269,Bình Thuận,NTB,AM Thủy
NTB - Bình Thuận,(BTH) Tân Hải,Hàng Tồn,2026-10-07 - Thứ 4,159,99.37%,60.38%,7.55%,31.84,96,12,158,12,51,1,0.63%,32.07%,0,Bình Thuận,NTB,AM Thủy
NTB - Bình Thuận,(BTH) Tân Hải,Hàng Tồn,2026-10-06 - Thứ 3,79,97.47%,49.37%,3.80%,35.16,39,3,77,3,37,2,2.53%,46.83%,0,Bình Thuận,NTB,AM Thủy
NTB - Bình Thuận,(BTH) Tân Hải,Hàng Tồn,2026-10-05 - Thứ 2,140,99.29%,64.29%,9.29%,30.75,90,13,139,13,37,1,0.71%,26.42%,0,Bình Thuận,NTB,AM Thủy
NTB - Bình Thuận,(BTH) Tân Hải,Hàng Tồn,2026-09-23 - Thứ 4,89,97.75%,55.06%,6.74%,28.87,49,6,87,6,34,2,2.25%,38.20%,0,Bình Thuận,NTB,AM Thủy
NTB - Bình Thuận,(BTH) Tân Hải,Hàng Tồn,2026-09-14 - Thứ 2,121,98.35%,65.29%,5.79%,31.72,79,7,119,7,35,2,1.65%,28.92%,0,Bình Thuận,NTB,AM Thủy
NTB - Bình Thuận,(BTH) Tân Hải,Hàng Tồn,2026-10-02 - Thứ 6,108,99.07%,48.15%,10.19%,26.41,52,11,107,11,45,1,0.93%,41.66%,0,Bình Thuận,NTB,AM Thủy
NTB - Bình Thuận,(BTH) Tân Hải,Hàng Tồn,2026-10-08 - Thứ 5,138,98.55%,46.38%,6.52%,31.66,64,9,136,9,65,2,1.45%,47.10%,0,Bình Thuận,NTB,AM Thủy
NTB - Bình Thuận,(BTH) Tân Hải,Hàng Tồn,2026-09-19 - Thứ 7,73,98.63%,53.42%,4.11%,30.1,39,3,72,3,31,1,1.37%,42.47%,0,Bình Thuận,NTB,AM Thủy
NTB - Bình Thuận,(BTH) Tân Hải,Hàng Tồn,2026-10-04 - Chủ Nhật,118,99.15%,47.46%,5.08%,30.95,56,6,117,6,56,1,0.85%,47.46%,0,Bình Thuận,NTB,AM Thủy
NTB - Bình Thuận,(BTH) Tân Hải,Hàng Tồn,2026-09-17 - Thứ 5,110,95.45%,59.09%,6.36%,27.02,65,7,105,7,38,5,4.55%,34.55%,0,Bình Thuận,NTB,AM Thủy
NTB - Bình Thuận,(BTH) Tân Hải,Hàng Tồn,2026-09-26 - Thứ 7,109,99.08%,54.13%,4.59%,33.15,59,5,108,5,45,1,0.92%,41.28%,0,Bình Thuận,NTB,AM Thủy
NTB - Bình Thuận,(BTH) Tân Hải,Hàng Tồn,2026-09-28 - Thứ 2,102,98.04%,52.94%,10.78%,31.79,54,11,100,11,37,2,1.96%,36.28%,0,Bình Thuận,NTB,AM Thủy
NTB - Bình Thuận,(BTH) Tân Hải,Hàng Tồn,2026-10-03 - Thứ 7,117,99.15%,57.26%,11.11%,31.38,67,13,116,13,37,1,0.85%,31.63%,0,Bình Thuận,NTB,AM Thủy
NTB - Bình Thuận,(BTH) Tân Hải,Hàng Tồn,2026-09-16 - Thứ 4,135,98.52%,62.96%,2.22%,28.65,85,3,133,3,47,2,1.48%,34.82%,0,Bình Thuận,NTB,AM Thủy
NTB - Bình Thuận,(BTH) Tân Hải,Hàng Tồn,2026-09-25 - Thứ 6,109,98.17%,39.45%,10.09%,27.68,43,11,107,11,55,2,1.83%,50.46%,0,Bình Thuận,NTB,AM Thủy
NTB - Bình Thuận,(BTH) Tân Hải,Hàng Tồn,2026-09-18 - Thứ 6,64,96.88%,45.31%,12.50%,33.5,29,8,62,8,27,2,3.12%,42.19%,0,Bình Thuận,NTB,AM Thủy
NTB - Bình Thuận,(BTH) Tân Hải,Hàng Tồn,2026-09-27 - Chủ Nhật,125,97.60%,54.40%,6.40%,31.29,68,8,122,8,49,3,2.40%,39.20%,0,Bình Thuận,NTB,AM Thủy
NTB - Bình Thuận,(BTH) Tân Hải,Hàng Tồn,2026-09-21 - Thứ 2,100,98.00%,55.00%,5.00%,29.25,55,5,98,5,40,2,2.00%,40.00%,0,Bình Thuận,NTB,AM Thủy
NTB - Bình Thuận,(BTH) Tân Hải,Hàng Tồn,2026-09-20 - Chủ Nhật,84,97.62%,53.57%,2.38%,29.12,45,2,82,2,37,2,2.38%,44.05%,0,Bình Thuận,NTB,AM Thủy
NTB - Bình Thuận,(BTH) Tân Hải,Hàng Tồn,2026-09-13 - Chủ Nhật,142,97.89%,69.01%,2.11%,30.62,98,3,139,3,41,3,2.11%,28.88%,0,Bình Thuận,NTB,AM Thủy
NTB - Bình Thuận,(BTH) Tân Hải,Hàng Tồn,2026-09-24 - Thứ 5,92,98.91%,46.74%,7.61%,27.77,43,7,91,7,42,1,1.09%,45.65%,0,Bình Thuận,NTB,AM Thủy
NTB - Bình Thuận,(BTH) Tân Hải,Hàng Tồn,2026-09-12 - Thứ 7,157,98.73%,57.32%,2.55%,28.69,90,4,155,4,63,2,1.27%,40.13%,0,Bình Thuận,NTB,AM Thủy
NTB - Bình Thuận,(BTH) Tân Hải,Hàng Tồn,2026-09-29 - Thứ 3,82,98.78%,46.34%,3.66%,34.65,38,3,81,3,41,1,1.22%,50.00%,0,Bình Thuận,NTB,AM Thủy
NTB - Bình Thuận,(BTH) Tân Hải,Hàng Tồn,2026-09-30 - Thứ 4,93,97.85%,47.31%,4.30%,26.05,44,4,91,4,45,2,2.15%,48.39%,0,Bình Thuận,NTB,AM Thủy
NTB - Bình Thuận,(BTH) Tân Hải,Hàng Tồn,2026-10-09 - Thứ 6,184,99.46%,64.13%,4.89%,32.7,118,9,183,9,57,1,0.54%,30.98%,0,Bình Thuận,NTB,AM Thủy
NTB - Bình Thuận,(BTH) Tân Hải,Hàng Tồn,2026-09-15 - Thứ 3,127,99.21%,58.27%,4.72%,26.8,74,6,126,6,47,1,0.79%,37.01%,0,Bình Thuận,NTB,AM Thủy
NTB - Bình Thuận,(BTH) Tân Hải,Hàng Tồn,2026-10-01 - Thứ 5,93,97.85%,49.46%,7.53%,30.36,46,7,91,7,40,2,2.15%,43.01%,0,Bình Thuận,NTB,AM Thủy
NTB - Bình Thuận,(BTH) Tân Hải,Hàng Tồn,2026-09-22 - Thứ 3,83,96.39%,42.17%,8.43%,28.94,35,7,80,7,41,3,3.61%,49.40%,0,Bình Thuận,NTB,AM Thủy
NTB - Bình Thuận,(BTH) Tuyên Quang,Hàng Mới Ca 1,2026-10-07 - Thứ 4,352,99.43%,85.80%,1.42%,7.14,302,5,350,5,45,2,0.57%,12.78%,352,Bình Thuận,NTB,AM Nhựt
NTB - Bình Thuận,(BTH) Tuyên Quang,Hàng Mới Ca 1,2026-10-03 - Thứ 7,459,98.26%,86.27%,0.87%,6.78,396,4,451,4,59,8,1.74%,12.86%,459,Bình Thuận,NTB,AM Nhựt
NTB - Bình Thuận,(BTH) Tuyên Quang,Hàng Mới Ca 1,2026-09-25 - Thứ 6,470,99.79%,78.72%,1.06%,6.82,370,5,469,5,95,1,0.21%,20.22%,470,Bình Thuận,NTB,AM Nhựt
NTB - Bình Thuận,(BTH) Tuyên Quang,Hàng Mới Ca 1,2026-09-18 - Thứ 6,699,98.43%,82.40%,1.43%,7.72,576,10,688,10,113,11,1.57%,16.17%,699,Bình Thuận,NTB,AM Nhựt
NTB - Bình Thuận,(BTH) Tuyên Quang,Hàng Mới Ca 1,2026-09-21 - Thứ 2,324,99.07%,81.79%,3.09%,6.71,265,10,321,10,49,3,0.93%,15.12%,324,Bình Thuận,NTB,AM Nhựt
NTB - Bình Thuận,(BTH) Tuyên Quang,Hàng Mới Ca 1,2026-09-13 - Chủ Nhật,750,99.87%,82.13%,0.53%,9.22,616,4,749,4,130,1,0.13%,17.34%,750,Bình Thuận,NTB,AM Nhựt
NTB - Bình Thuận,(BTH) Tuyên Quang,Hàng Mới Ca 1,2026-09-24 - Thứ 5,522,98.85%,83.52%,1.15%,7.8,436,6,516,6,80,6,1.15%,15.33%,522,Bình Thuận,NTB,AM Nhựt
NTB - Bình Thuận,(BTH) Tuyên Quang,Hàng Mới Ca 1,2026-10-05 - Thứ 2,325,100.00%,81.23%,1.23%,8,264,4,325,4,57,0,0.00%,17.54%,325,Bình Thuận,NTB,AM Nhựt
NTB - Bình Thuận,(BTH) Tuyên Quang,Hàng Mới Ca 1,2026-09-22 - Thứ 3,472,98.31%,86.44%,1.06%,6.65,408,5,464,5,59,8,1.69%,12.50%,472,Bình Thuận,NTB,AM Nhựt
NTB - Bình Thuận,(BTH) Tuyên Quang,Hàng Mới Ca 1,2026-09-23 - Thứ 4,479,99.16%,82.46%,0.84%,7.04,395,4,475,4,80,4,0.84%,16.70%,479,Bình Thuận,NTB,AM Nhựt
NTB - Bình Thuận,(BTH) Tuyên Quang,Hàng Mới Ca 1,2026-09-14 - Thứ 2,590,98.64%,77.46%,0.34%,6.98,457,2,582,2,131,8,1.36%,22.20%,590,Bình Thuận,NTB,AM Nhựt
NTB - Bình Thuận,(BTH) Tuyên Quang,Hàng Mới Ca 1,2026-09-15 - Thứ 3,470,98.72%,83.40%,0.21%,7.11,392,1,464,1,77,6,1.28%,16.39%,470,Bình Thuận,NTB,AM Nhựt
NTB - Bình Thuận,(BTH) Tuyên Quang,Hàng Mới Ca 1,2026-10-02 - Thứ 6,578,99.65%,87.37%,0.69%,6.74,505,4,576,4,69,2,0.35%,11.94%,578,Bình Thuận,NTB,AM Nhựt
NTB - Bình Thuận,(BTH) Tuyên Quang,Hàng Mới Ca 1,2026-10-08 - Thứ 5,665,99.25%,79.85%,1.20%,7.79,531,8,660,8,126,5,0.75%,18.95%,665,Bình Thuận,NTB,AM Nhựt
NTB - Bình Thuận,(BTH) Tuyên Quang,Hàng Mới Ca 1,2026-09-19 - Thứ 7,419,99.52%,84.25%,1.67%,7.12,353,7,417,7,59,2,0.48%,14.08%,419,Bình Thuận,NTB,AM Nhựt
NTB - Bình Thuận,(BTH) Tuyên Quang,Hàng Mới Ca 1,2026-10-04 - Chủ Nhật,526,99.24%,83.84%,1.14%,7.97,441,6,522,6,79,4,0.76%,15.02%,526,Bình Thuận,NTB,AM Nhựt
NTB - Bình Thuận,(BTH) Tuyên Quang,Hàng Mới Ca 1,2026-09-30 - Thứ 4,396,99.49%,77.53%,1.26%,6.65,307,5,394,5,84,2,0.51%,21.21%,396,Bình Thuận,NTB,AM Nhựt
NTB - Bình Thuận,(BTH) Tuyên Quang,Hàng Mới Ca 1,2026-09-17 - Thứ 5,410,98.29%,84.39%,1.46%,7.32,346,6,403,6,58,7,1.71%,14.15%,410,Bình Thuận,NTB,AM Nhựt
NTB - Bình Thuận,(BTH) Tuyên Quang,Hàng Mới Ca 1,2026-09-26 - Thứ 7,434,98.62%,84.10%,0.23%,6.89,365,1,428,1,68,6,1.38%,15.67%,434,Bình Thuận,NTB,AM Nhựt
NTB - Bình Thuận,(BTH) Tuyên Quang,Hàng Mới Ca 1,2026-09-28 - Thứ 2,465,100.00%,84.95%,1.08%,6.87,395,5,465,5,65,0,0.00%,13.97%,465,Bình Thuận,NTB,AM Nhựt
NTB - Bình Thuận,(BTH) Tuyên Quang,Hàng Mới Ca 1,2026-09-16 - Thứ 4,442,99.55%,81.22%,2.94%,7.03,359,13,440,13,70,2,0.45%,15.84%,442,Bình Thuận,NTB,AM Nhựt
NTB - Bình Thuận,(BTH) Tuyên Quang,Hàng Mới Ca 1,2026-09-27 - Chủ Nhật,419,97.14%,79.95%,1.67%,7.52,335,7,407,7,77,12,2.86%,18.38%,419,Bình Thuận,NTB,AM Nhựt
NTB - Bình Thuận,(BTH) Tuyên Quang,Hàng Mới Ca 1,2026-10-01 - Thứ 5,373,99.20%,81.50%,1.88%,6.59,304,7,370,7,62,3,0.80%,16.62%,373,Bình Thuận,NTB,AM Nhựt
NTB - Bình Thuận,(BTH) Tuyên Quang,Hàng Mới Ca 1,2026-09-20 - Chủ Nhật,322,99.07%,86.02%,0.31%,6.65,277,1,319,1,44,3,0.93%,13.67%,322,Bình Thuận,NTB,AM Nhựt
NTB - Bình Thuận,(BTH) Tuyên Quang,Hàng Mới Ca 1,2026-10-06 - Thứ 3,491,98.57%,82.08%,0.41%,7,403,2,484,2,86,7,1.43%,17.51%,491,Bình Thuận,NTB,AM Nhựt
NTB - Bình Thuận,(BTH) Tuyên Quang,Hàng Mới Ca 1,2026-09-12 - Thứ 7,998,98.40%,77.35%,1.00%,8.93,772,10,982,10,216,16,1.60%,21.65%,998,Bình Thuận,NTB,AM Nhựt
NTB - Bình Thuận,(BTH) Tuyên Quang,Hàng Mới Ca 1,2026-09-29 - Thứ 3,431,98.14%,82.83%,0.70%,6.08,357,3,423,3,71,8,1.86%,16.47%,431,Bình Thuận,NTB,AM Nhựt
NTB - Bình Thuận,(BTH) Tuyên Quang,Hàng Mới Ca 1,2026-10-09 - Thứ 6,579,100.00%,84.80%,2.42%,9.35,491,14,579,14,74,0,0.00%,12.78%,579,Bình Thuận,NTB,AM Nhựt
NTB - Bình Thuận,(BTH) Tuyên Quang,Hàng Mới Ca 2,2026-09-16 - Thứ 4,467,60.17%,49.89%,1.71%,5.01,233,8,281,8,226,186,39.83%,48.40%,467,Bình Thuận,NTB,AM Nhựt
NTB - Bình Thuận,(BTH) Tuyên Quang,Hàng Mới Ca 2,2026-09-25 - Thứ 6,438,44.52%,36.99%,0.23%,5.7,162,1,195,1,275,243,55.48%,62.78%,438,Bình Thuận,NTB,AM Nhựt
NTB - Bình Thuận,(BTH) Tuyên Quang,Hàng Mới Ca 2,2026-09-27 - Chủ Nhật,193,22.28%,16.06%,1.04%,5.29,31,2,43,2,160,150,77.72%,82.90%,193,Bình Thuận,NTB,AM Nhựt
NTB - Bình Thuận,(BTH) Tuyên Quang,Hàng Mới Ca 2,2026-09-21 - Thứ 2,175,64.57%,49.14%,3.43%,5.87,86,6,113,6,83,62,35.43%,47.43%,175,Bình Thuận,NTB,AM Nhựt
NTB - Bình Thuận,(BTH) Tuyên Quang,Hàng Mới Ca 2,2026-09-20 - Chủ Nhật,535,40.37%,33.08%,0.56%,4.34,177,3,216,3,355,319,59.63%,66.36%,535,Bình Thuận,NTB,AM Nhựt
NTB - Bình Thuận,(BTH) Tuyên Quang,Hàng Mới Ca 2,2026-09-13 - Chủ Nhật,296,43.58%,38.51%,0.68%,6.27,114,2,129,2,180,167,56.42%,60.81%,296,Bình Thuận,NTB,AM Nhựt
NTB - Bình Thuận,(BTH) Tuyên Quang,Hàng Mới Ca 2,2026-09-24 - Thứ 5,469,50.11%,39.66%,0.21%,6.84,186,1,235,1,282,234,49.89%,60.13%,469,Bình Thuận,NTB,AM Nhựt
NTB - Bình Thuận,(BTH) Tuyên Quang,Hàng Mới Ca 2,2026-10-06 - Thứ 3,487,49.69%,38.40%,0.21%,6.02,187,1,242,1,299,245,50.31%,61.39%,487,Bình Thuận,NTB,AM Nhựt
NTB - Bình Thuận,(BTH) Tuyên Quang,Hàng Mới Ca 2,2026-10-01 - Thứ 5,443,43.12%,37.25%,0.23%,5.03,165,1,191,1,277,252,56.88%,62.52%,443,Bình Thuận,NTB,AM Nhựt
NTB - Bình Thuận,(BTH) Tuyên Quang,Hàng Mới Ca 2,2026-10-05 - Thứ 2,335,44.18%,34.03%,0.00%,5.44,114,0,148,0,221,187,55.82%,65.97%,335,Bình Thuận,NTB,AM Nhựt
NTB - Bình Thuận,(BTH) Tuyên Quang,Hàng Mới Ca 2,2026-09-22 - Thứ 3,405,67.65%,57.78%,0.25%,5.69,234,1,274,1,170,131,32.35%,41.97%,405,Bình Thuận,NTB,AM Nhựt
NTB - Bình Thuận,(BTH) Tuyên Quang,Hàng Mới Ca 2,2026-09-23 - Thứ 4,343,37.61%,27.11%,0.00%,5.52,93,0,129,0,250,214,62.39%,72.89%,343,Bình Thuận,NTB,AM Nhựt
NTB - Bình Thuận,(BTH) Tuyên Quang,Hàng Mới Ca 2,2026-09-14 - Thứ 2,224,48.21%,37.95%,0.00%,4.31,85,0,108,0,139,116,51.79%,62.05%,224,Bình Thuận,NTB,AM Nhựt
NTB - Bình Thuận,(BTH) Tuyên Quang,Hàng Mới Ca 2,2026-10-02 - Thứ 6,446,32.96%,24.89%,0.45%,5.73,111,2,147,2,333,299,67.04%,74.66%,446,Bình Thuận,NTB,AM Nhựt
NTB - Bình Thuận,(BTH) Tuyên Quang,Hàng Mới Ca 2,2026-09-29 - Thứ 3,346,58.96%,50.00%,0.00%,4.56,173,0,204,0,173,142,41.04%,50.00%,346,Bình Thuận,NTB,AM Nhựt
NTB - Bình Thuận,(BTH) Tuyên Quang,Hàng Mới Ca 2,2026-09-19 - Thứ 7,458,65.28%,53.49%,0.87%,5.95,245,4,299,4,209,159,34.72%,45.64%,458,Bình Thuận,NTB,AM Nhựt
NTB - Bình Thuận,(BTH) Tuyên Quang,Hàng Mới Ca 2,2026-10-04 - Chủ Nhật,555,42.34%,30.45%,0.54%,6.75,169,3,235,3,383,320,57.66%,69.01%,555,Bình Thuận,NTB,AM Nhựt
NTB - Bình Thuận,(BTH) Tuyên Quang,Hàng Mới Ca 2,2026-09-30 - Thứ 4,360,34.72%,27.78%,0.00%,4.8,100,0,125,0,260,235,65.28%,72.22%,360,Bình Thuận,NTB,AM Nhựt
NTB - Bình Thuận,(BTH) Tuyên Quang,Hàng Mới Ca 2,2026-09-17 - Thứ 5,226,42.48%,33.63%,0.00%,6.47,76,0,96,0,150,130,57.52%,66.37%,226,Bình Thuận,NTB,AM Nhựt
NTB - Bình Thuận,(BTH) Tuyên Quang,Hàng Mới Ca 2,2026-09-26 - Thứ 7,421,29.93%,25.89%,0.71%,6.39,109,3,126,3,309,295,70.07%,73.40%,421,Bình Thuận,NTB,AM Nhựt
NTB - Bình Thuận,(BTH) Tuyên Quang,Hàng Mới Ca 2,2026-09-28 - Thứ 2,275,40.00%,34.18%,0.73%,4.74,94,2,110,2,179,165,60.00%,65.09%,275,Bình Thuận,NTB,AM Nhựt
NTB - Bình Thuận,(BTH) Tuyên Quang,Hàng Mới Ca 2,2026-10-07 - Thứ 4,448,30.13%,24.11%,0.00%,4.1,108,0,135,0,340,313,69.87%,75.89%,448,Bình Thuận,NTB,AM Nhựt
NTB - Bình Thuận,(BTH) Tuyên Quang,Hàng Mới Ca 2,2026-09-18 - Thứ 6,408,59.56%,47.55%,0.49%,6.56,194,2,243,2,212,165,40.44%,51.96%,408,Bình Thuận,NTB,AM Nhựt
NTB - Bình Thuận,(BTH) Tuyên Quang,Hàng Mới Ca 2,2026-09-15 - Thứ 3,450,46.89%,38.22%,0.44%,5.95,172,2,211,2,276,239,53.11%,61.34%,450,Bình Thuận,NTB,AM Nhựt
NTB - Bình Thuận,(BTH) Tuyên Quang,Hàng Mới Ca 2,2026-10-09 - Thứ 6,616,46.10%,38.31%,0.32%,6,236,2,284,2,378,332,53.90%,61.37%,616,Bình Thuận,NTB,AM Nhựt
NTB - Bình Thuận,(BTH) Tuyên Quang,Hàng Mới Ca 2,2026-10-03 - Thứ 7,415,40.24%,33.73%,0.24%,5.91,140,1,167,1,274,248,59.76%,66.03%,415,Bình Thuận,NTB,AM Nhựt
NTB - Bình Thuận,(BTH) Tuyên Quang,Hàng Mới Ca 2,2026-09-12 - Thứ 7,63,31.75%,28.57%,0.00%,6.56,18,0,20,0,45,43,68.25%,71.43%,63,Bình Thuận,NTB,AM Nhựt
NTB - Bình Thuận,(BTH) Tuyên Quang,Hàng Mới Ca 2,2026-10-08 - Thứ 5,443,34.99%,28.67%,0.00%,5.77,127,0,155,0,316,288,65.01%,71.33%,443,Bình Thuận,NTB,AM Nhựt
NTB - Bình Thuận,(BTH) Tuyên Quang,Hàng Tồn,2026-10-07 - Thứ 4,528,97.92%,59.66%,4.55%,32.17,315,24,517,24,189,11,2.08%,35.79%,0,Bình Thuận,NTB,AM Nhựt
NTB - Bình Thuận,(BTH) Tuyên Quang,Hàng Tồn,2026-10-03 - Thứ 7,552,98.37%,58.70%,5.62%,31.23,324,31,543,31,197,9,1.63%,35.68%,0,Bình Thuận,NTB,AM Nhựt
NTB - Bình Thuận,(BTH) Tuyên Quang,Hàng Tồn,2026-09-25 - Thứ 6,485,99.18%,56.49%,4.95%,30.72,274,24,481,24,187,4,0.82%,38.56%,0,Bình Thuận,NTB,AM Nhựt
NTB - Bình Thuận,(BTH) Tuyên Quang,Hàng Tồn,2026-09-18 - Thứ 6,356,95.51%,54.78%,9.27%,37.45,195,33,340,33,128,16,4.49%,35.95%,0,Bình Thuận,NTB,AM Nhựt
NTB - Bình Thuận,(BTH) Tuyên Quang,Hàng Tồn,2026-09-21 - Thứ 2,549,99.82%,66.48%,5.28%,31.17,365,29,548,29,155,1,0.18%,28.24%,0,Bình Thuận,NTB,AM Nhựt
NTB - Bình Thuận,(BTH) Tuyên Quang,Hàng Tồn,2026-09-13 - Chủ Nhật,417,99.52%,58.51%,5.28%,42.66,244,22,415,22,151,2,0.48%,36.21%,0,Bình Thuận,NTB,AM Nhựt
NTB - Bình Thuận,(BTH) Tuyên Quang,Hàng Tồn,2026-09-24 - Thứ 5,432,98.38%,59.49%,7.41%,32.67,257,32,425,32,143,7,1.62%,33.10%,0,Bình Thuận,NTB,AM Nhựt
NTB - Bình Thuận,(BTH) Tuyên Quang,Hàng Tồn,2026-10-06 - Thứ 3,461,98.48%,58.79%,3.47%,34.2,271,16,454,16,174,7,1.52%,37.74%,0,Bình Thuận,NTB,AM Nhựt
NTB - Bình Thuận,(BTH) Tuyên Quang,Hàng Tồn,2026-10-01 - Thứ 5,515,98.45%,61.36%,5.44%,33.36,316,28,507,28,171,8,1.55%,33.20%,0,Bình Thuận,NTB,AM Nhựt
NTB - Bình Thuận,(BTH) Tuyên Quang,Hàng Tồn,2026-09-12 - Thứ 7,392,98.72%,46.17%,5.87%,34.1,181,23,387,23,188,5,1.28%,47.96%,0,Bình Thuận,NTB,AM Nhựt
NTB - Bình Thuận,(BTH) Tuyên Quang,Hàng Tồn,2026-10-05 - Thứ 2,622,99.20%,61.09%,5.63%,33.54,380,35,617,35,207,5,0.80%,33.28%,0,Bình Thuận,NTB,AM Nhựt
NTB - Bình Thuận,(BTH) Tuyên Quang,Hàng Tồn,2026-09-22 - Thứ 3,261,98.08%,47.51%,8.05%,40.88,124,21,256,21,116,5,1.92%,44.44%,0,Bình Thuận,NTB,AM Nhựt
NTB - Bình Thuận,(BTH) Tuyên Quang,Hàng Tồn,2026-09-23 - Thứ 4,329,99.70%,51.67%,7.60%,30.45,170,25,328,25,134,1,0.30%,40.73%,0,Bình Thuận,NTB,AM Nhựt
NTB - Bình Thuận,(BTH) Tuyên Quang,Hàng Tồn,2026-09-14 - Thứ 2,428,97.43%,54.91%,6.54%,34.01,235,28,417,28,165,11,2.57%,38.55%,0,Bình Thuận,NTB,AM Nhựt
NTB - Bình Thuận,(BTH) Tuyên Quang,Hàng Tồn,2026-09-15 - Thứ 3,410,97.80%,53.17%,7.32%,35.67,218,30,401,30,162,9,2.20%,39.51%,0,Bình Thuận,NTB,AM Nhựt
NTB - Bình Thuận,(BTH) Tuyên Quang,Hàng Tồn,2026-10-02 - Thứ 6,483,98.76%,60.04%,3.52%,32.57,290,17,477,17,176,6,1.24%,36.44%,0,Bình Thuận,NTB,AM Nhựt
NTB - Bình Thuận,(BTH) Tuyên Quang,Hàng Tồn,2026-09-29 - Thứ 3,349,97.99%,54.73%,5.16%,30.4,191,18,342,18,140,7,2.01%,40.11%,0,Bình Thuận,NTB,AM Nhựt
NTB - Bình Thuận,(BTH) Tuyên Quang,Hàng Tồn,2026-10-08 - Thứ 5,532,97.74%,58.83%,7.33%,32.52,313,39,520,39,180,12,2.26%,33.84%,0,Bình Thuận,NTB,AM Nhựt
NTB - Bình Thuận,(BTH) Tuyên Quang,Hàng Tồn,2026-09-19 - Thứ 7,436,97.71%,59.40%,6.88%,32.64,259,30,426,30,147,10,2.29%,33.72%,0,Bình Thuận,NTB,AM Nhựt
NTB - Bình Thuận,(BTH) Tuyên Quang,Hàng Tồn,2026-10-04 - Chủ Nhật,501,96.01%,58.08%,4.39%,32.15,291,22,481,22,188,20,3.99%,37.53%,0,Bình Thuận,NTB,AM Nhựt
NTB - Bình Thuận,(BTH) Tuyên Quang,Hàng Tồn,2026-09-30 - Thứ 4,356,99.44%,40.17%,5.06%,29.89,143,18,354,18,195,2,0.56%,54.77%,0,Bình Thuận,NTB,AM Nhựt
NTB - Bình Thuận,(BTH) Tuyên Quang,Hàng Tồn,2026-09-17 - Thứ 5,467,97.64%,56.32%,4.93%,36.35,263,23,456,23,181,11,2.36%,38.75%,0,Bình Thuận,NTB,AM Nhựt
NTB - Bình Thuận,(BTH) Tuyên Quang,Hàng Tồn,2026-10-09 - Thứ 6,585,99.15%,66.50%,4.79%,33.09,389,28,580,28,168,5,0.85%,28.71%,0,Bình Thuận,NTB,AM Nhựt
NTB - Bình Thuận,(BTH) Tuyên Quang,Hàng Tồn,2026-09-26 - Thứ 7,535,98.32%,60.19%,4.67%,35.01,322,25,526,25,188,9,1.68%,35.14%,0,Bình Thuận,NTB,AM Nhựt
NTB - Bình Thuận,(BTH) Tuyên Quang,Hàng Tồn,2026-09-28 - Thứ 2,412,99.51%,60.44%,7.28%,38.19,249,30,410,30,133,2,0.49%,32.28%,0,Bình Thuận,NTB,AM Nhựt
NTB - Bình Thuận,(BTH) Tuyên Quang,Hàng Tồn,2026-09-16 - Thứ 4,489,99.18%,56.24%,2.86%,33.64,275,14,485,14,200,4,0.82%,40.90%,0,Bình Thuận,NTB,AM Nhựt
NTB - Bình Thuận,(BTH) Tuyên Quang,Hàng Tồn,2026-09-27 - Chủ Nhật,538,96.65%,57.99%,5.39%,32.91,312,29,520,29,197,18,3.35%,36.62%,0,Bình Thuận,NTB,AM Nhựt
NTB - Bình Thuận,(BTH) Tuyên Quang,Hàng Tồn,2026-09-20 - Chủ Nhật,383,98.17%,49.09%,4.96%,34.95,188,19,376,19,176,7,1.83%,45.95%,0,Bình Thuận,NTB,AM Nhựt
NTB - Bình Thuận,(BTH) Phước Hội,Hàng Mới Ca 1,2026-09-21 - Thứ 2,388,97.42%,85.57%,0.77%,4.97,332,3,378,3,53,10,2.58%,13.66%,388,Bình Thuận,NTB,AM Thủy
NTB - Bình Thuận,(BTH) Phước Hội,Hàng Mới Ca 1,2026-09-20 - Chủ Nhật,332,97.29%,88.86%,0.60%,5.49,295,2,323,2,35,9,2.71%,10.54%,332,Bình Thuận,NTB,AM Thủy
NTB - Bình Thuận,(BTH) Phước Hội,Hàng Mới Ca 1,2026-09-13 - Chủ Nhật,663,97.13%,86.88%,0.45%,5.41,576,3,644,3,84,19,2.87%,12.67%,663,Bình Thuận,NTB,AM Thủy
NTB - Bình Thuận,(BTH) Phước Hội,Hàng Mới Ca 1,2026-09-24 - Thứ 5,503,96.42%,85.49%,0.99%,5.49,430,5,485,5,68,18,3.58%,13.52%,503,Bình Thuận,NTB,AM Thủy
NTB - Bình Thuận,(BTH) Phước Hội,Hàng Mới Ca 1,2026-10-01 - Thứ 5,479,98.33%,88.94%,1.25%,5.54,426,6,471,6,47,8,1.67%,9.81%,479,Bình Thuận,NTB,AM Thủy
NTB - Bình Thuận,(BTH) Phước Hội,Hàng Mới Ca 1,2026-09-12 - Thứ 7,848,99.88%,91.27%,1.30%,8.85,774,11,847,11,63,1,0.12%,7.43%,848,Bình Thuận,NTB,AM Thủy
NTB - Bình Thuận,(BTH) Phước Hội,Hàng Mới Ca 1,2026-09-22 - Thứ 3,542,99.63%,87.27%,1.29%,5.72,473,7,540,7,62,2,0.37%,11.44%,542,Bình Thuận,NTB,AM Thủy
NTB - Bình Thuận,(BTH) Phước Hội,Hàng Mới Ca 1,2026-09-23 - Thứ 4,561,97.15%,87.70%,0.89%,5.87,492,5,545,5,64,16,2.85%,11.41%,561,Bình Thuận,NTB,AM Thủy
NTB - Bình Thuận,(BTH) Phước Hội,Hàng Mới Ca 1,2026-09-14 - Thứ 2,704,100.00%,90.20%,0.57%,5.77,635,4,704,4,65,0,0.00%,9.23%,704,Bình Thuận,NTB,AM Thủy
NTB - Bình Thuận,(BTH) Phước Hội,Hàng Mới Ca 1,2026-09-15 - Thứ 3,574,99.13%,89.90%,0.52%,4.99,516,3,569,3,55,5,0.87%,9.58%,574,Bình Thuận,NTB,AM Thủy
NTB - Bình Thuận,(BTH) Phước Hội,Hàng Mới Ca 1,2026-09-29 - Thứ 3,477,100.00%,87.84%,1.05%,6.3,419,5,477,5,53,0,0.00%,11.11%,477,Bình Thuận,NTB,AM Thủy
NTB - Bình Thuận,(BTH) Phước Hội,Hàng Mới Ca 1,2026-10-08 - Thứ 5,712,99.72%,88.76%,1.12%,5.68,632,8,710,8,72,2,0.28%,10.12%,712,Bình Thuận,NTB,AM Thủy
NTB - Bình Thuận,(BTH) Phước Hội,Hàng Mới Ca 1,2026-09-19 - Thứ 7,470,100.00%,87.66%,1.06%,5.77,412,5,470,5,53,0,0.00%,11.28%,470,Bình Thuận,NTB,AM Thủy
NTB - Bình Thuận,(BTH) Phước Hội,Hàng Mới Ca 1,2026-10-04 - Chủ Nhật,580,98.28%,87.93%,1.03%,4.97,510,6,570,6,64,10,1.72%,11.04%,580,Bình Thuận,NTB,AM Thủy
NTB - Bình Thuận,(BTH) Phước Hội,Hàng Mới Ca 1,2026-09-17 - Thứ 5,462,99.57%,87.01%,0.65%,5.02,402,3,460,3,57,2,0.43%,12.34%,462,Bình Thuận,NTB,AM Thủy
NTB - Bình Thuận,(BTH) Phước Hội,Hàng Mới Ca 1,2026-10-09 - Thứ 6,625,98.72%,88.48%,1.28%,5.58,553,8,617,8,64,8,1.28%,10.24%,625,Bình Thuận,NTB,AM Thủy
NTB - Bình Thuận,(BTH) Phước Hội,Hàng Mới Ca 1,2026-09-26 - Thứ 7,478,99.58%,90.17%,1.05%,5.38,431,5,476,5,42,2,0.42%,8.78%,478,Bình Thuận,NTB,AM Thủy
NTB - Bình Thuận,(BTH) Phước Hội,Hàng Mới Ca 1,2026-09-28 - Thứ 2,416,99.04%,86.78%,0.72%,5.45,361,3,412,3,52,4,0.96%,12.50%,416,Bình Thuận,NTB,AM Thủy
NTB - Bình Thuận,(BTH) Phước Hội,Hàng Mới Ca 1,2026-10-07 - Thứ 4,367,98.37%,90.74%,0.82%,4.99,333,3,361,3,31,6,1.63%,8.44%,367,Bình Thuận,NTB,AM Thủy
NTB - Bình Thuận,(BTH) Phước Hội,Hàng Mới Ca 1,2026-10-03 - Thứ 7,453,98.45%,91.61%,0.66%,4.94,415,3,446,3,35,7,1.55%,7.73%,453,Bình Thuận,NTB,AM Thủy
NTB - Bình Thuận,(BTH) Phước Hội,Hàng Mới Ca 1,2026-09-25 - Thứ 6,603,100.00%,89.05%,1.00%,6,537,6,603,6,60,0,0.00%,9.95%,603,Bình Thuận,NTB,AM Thủy
NTB - Bình Thuận,(BTH) Phước Hội,Hàng Mới Ca 1,2026-09-18 - Thứ 6,813,98.03%,87.33%,1.60%,6.27,710,13,797,13,90,16,1.97%,11.07%,813,Bình Thuận,NTB,AM Thủy
NTB - Bình Thuận,(BTH) Phước Hội,Hàng Mới Ca 1,2026-10-06 - Thứ 3,611,98.20%,87.40%,0.82%,5.06,534,5,600,5,72,11,1.80%,11.78%,611,Bình Thuận,NTB,AM Thủy
NTB - Bình Thuận,(BTH) Phước Hội,Hàng Mới Ca 1,2026-10-05 - Thứ 2,350,99.43%,86.57%,0.57%,4.76,303,2,348,2,45,2,0.57%,12.86%,350,Bình Thuận,NTB,AM Thủy
NTB - Bình Thuận,(BTH) Phước Hội,Hàng Mới Ca 1,2026-09-30 - Thứ 4,452,98.45%,89.60%,0.66%,5.01,405,3,445,3,44,7,1.55%,9.74%,452,Bình Thuận,NTB,AM Thủy
NTB - Bình Thuận,(BTH) Phước Hội,Hàng Mới Ca 1,2026-09-16 - Thứ 4,394,96.70%,89.09%,1.52%,5.09,351,6,381,6,37,13,3.30%,9.39%,394,Bình Thuận,NTB,AM Thủy
NTB - Bình Thuận,(BTH) Phước Hội,Hàng Mới Ca 1,2026-09-27 - Chủ Nhật,505,98.61%,87.13%,0.59%,5.73,440,3,498,3,62,7,1.39%,12.28%,505,Bình Thuận,NTB,AM Thủy
NTB - Bình Thuận,(BTH) Phước Hội,Hàng Mới Ca 1,2026-10-02 - Thứ 6,648,100.00%,89.81%,1.23%,5.9,582,8,648,8,58,0,0.00%,8.96%,648,Bình Thuận,NTB,AM Thủy
NTB - Bình Thuận,(BTH) Phước Hội,Hàng Mới Ca 2,2026-09-16 - Thứ 4,589,82.34%,70.46%,0.51%,3.25,415,3,485,3,171,104,17.66%,29.03%,589,Bình Thuận,NTB,AM Thủy
NTB - Bình Thuận,(BTH) Phước Hội,Hàng Mới Ca 2,2026-09-21 - Thứ 2,301,80.07%,63.46%,1.00%,2.48,191,3,241,3,107,60,19.93%,35.54%,301,Bình Thuận,NTB,AM Thủy
NTB - Bình Thuận,(BTH) Phước Hội,Hàng Mới Ca 2,2026-09-13 - Chủ Nhật,381,77.17%,65.62%,0.26%,2.74,250,1,294,1,130,87,22.83%,34.12%,381,Bình Thuận,NTB,AM Thủy
NTB - Bình Thuận,(BTH) Phước Hội,Hàng Mới Ca 2,2026-10-06 - Thứ 3,596,85.91%,69.97%,0.84%,2.99,417,5,512,5,174,84,14.09%,29.19%,596,Bình Thuận,NTB,AM Thủy
NTB - Bình Thuận,(BTH) Phước Hội,Hàng Mới Ca 2,2026-10-01 - Thứ 5,482,88.17%,75.93%,0.41%,2.95,366,2,425,2,114,57,11.83%,23.66%,482,Bình Thuận,NTB,AM Thủy
NTB - Bình Thuận,(BTH) Phước Hội,Hàng Mới Ca 2,2026-09-12 - Thứ 7,451,79.16%,67.18%,0.22%,2.98,303,1,357,1,147,94,20.84%,32.60%,451,Bình Thuận,NTB,AM Thủy
NTB - Bình Thuận,(BTH) Phước Hội,Hàng Mới Ca 2,2026-10-05 - Thứ 2,301,87.71%,74.75%,1.00%,3.06,225,3,264,3,73,37,12.29%,24.25%,301,Bình Thuận,NTB,AM Thủy
NTB - Bình Thuận,(BTH) Phước Hội,Hàng Mới Ca 2,2026-09-22 - Thứ 3,492,80.89%,66.46%,1.63%,3.1,327,8,398,8,157,94,19.11%,31.91%,492,Bình Thuận,NTB,AM Thủy
NTB - Bình Thuận,(BTH) Phước Hội,Hàng Mới Ca 2,2026-09-23 - Thứ 4,497,80.68%,67.00%,0.00%,3.21,333,0,401,0,164,96,19.32%,33.00%,497,Bình Thuận,NTB,AM Thủy
NTB - Bình Thuận,(BTH) Phước Hội,Hàng Mới Ca 2,2026-09-14 - Thứ 2,415,83.86%,71.33%,0.48%,2.82,296,2,348,2,117,67,16.14%,28.19%,415,Bình Thuận,NTB,AM Thủy
NTB - Bình Thuận,(BTH) Phước Hội,Hàng Mới Ca 2,2026-09-15 - Thứ 3,612,81.05%,65.03%,0.82%,3.1,398,5,496,5,209,116,18.95%,34.15%,612,Bình Thuận,NTB,AM Thủy
NTB - Bình Thuận,(BTH) Phước Hội,Hàng Mới Ca 2,2026-10-02 - Thứ 6,670,85.52%,68.21%,1.49%,3.38,457,10,573,10,203,97,14.48%,30.30%,670,Bình Thuận,NTB,AM Thủy
NTB - Bình Thuận,(BTH) Phước Hội,Hàng Mới Ca 2,2026-09-29 - Thứ 3,402,86.32%,72.64%,0.00%,2.83,292,0,347,0,110,55,13.68%,27.36%,402,Bình Thuận,NTB,AM Thủy
NTB - Bình Thuận,(BTH) Phước Hội,Hàng Mới Ca 2,2026-10-08 - Thứ 5,516,82.36%,69.57%,1.16%,3.98,359,6,425,6,151,91,17.64%,29.27%,516,Bình Thuận,NTB,AM Thủy
NTB - Bình Thuận,(BTH) Phước Hội,Hàng Mới Ca 2,2026-09-19 - Thứ 7,652,79.45%,66.41%,0.15%,3.21,433,1,518,1,218,134,20.55%,33.44%,652,Bình Thuận,NTB,AM Thủy
NTB - Bình Thuận,(BTH) Phước Hội,Hàng Mới Ca 2,2026-10-04 - Chủ Nhật,597,81.57%,65.49%,1.17%,2.96,391,7,487,7,199,110,18.43%,33.34%,597,Bình Thuận,NTB,AM Thủy
NTB - Bình Thuận,(BTH) Phước Hội,Hàng Mới Ca 2,2026-09-30 - Thứ 4,475,81.89%,65.89%,0.84%,2.89,313,4,389,4,158,86,18.11%,33.27%,475,Bình Thuận,NTB,AM Thủy
NTB - Bình Thuận,(BTH) Phước Hội,Hàng Mới Ca 2,2026-09-26 - Thứ 7,382,80.63%,68.85%,0.52%,3.06,263,2,308,2,117,74,19.37%,30.63%,382,Bình Thuận,NTB,AM Thủy
NTB - Bình Thuận,(BTH) Phước Hội,Hàng Mới Ca 2,2026-10-03 - Thứ 7,499,85.17%,69.14%,0.80%,2.85,345,4,425,4,150,74,14.83%,30.06%,499,Bình Thuận,NTB,AM Thủy
NTB - Bình Thuận,(BTH) Phước Hội,Hàng Mới Ca 2,2026-09-25 - Thứ 6,467,84.37%,67.02%,1.28%,3.31,313,6,394,6,148,73,15.63%,31.70%,467,Bình Thuận,NTB,AM Thủy
NTB - Bình Thuận,(BTH) Phước Hội,Hàng Mới Ca 2,2026-09-18 - Thứ 6,480,79.58%,64.79%,1.46%,3.26,311,7,382,7,162,98,20.42%,33.75%,480,Bình Thuận,NTB,AM Thủy
NTB - Bình Thuận,(BTH) Phước Hội,Hàng Mới Ca 2,2026-09-27 - Chủ Nhật,371,79.25%,60.92%,0.81%,2.79,226,3,294,3,142,77,20.75%,38.27%,371,Bình Thuận,NTB,AM Thủy
NTB - Bình Thuận,(BTH) Phước Hội,Hàng Mới Ca 2,2026-09-20 - Chủ Nhật,612,81.05%,67.32%,0.65%,2.95,412,4,496,4,196,116,18.95%,32.03%,612,Bình Thuận,NTB,AM Thủy
NTB - Bình Thuận,(BTH) Phước Hội,Hàng Mới Ca 2,2026-09-24 - Thứ 5,530,76.60%,61.32%,0.19%,3.3,325,1,406,1,204,124,23.40%,38.49%,530,Bình Thuận,NTB,AM Thủy
NTB - Bình Thuận,(BTH) Phước Hội,Hàng Mới Ca 2,2026-09-17 - Thứ 5,252,81.75%,72.62%,0.40%,2.39,183,1,206,1,68,46,18.25%,26.98%,252,Bình Thuận,NTB,AM Thủy
NTB - Bình Thuận,(BTH) Phước Hội,Hàng Mới Ca 2,2026-10-09 - Thứ 6,635,85.98%,69.13%,0.63%,4.42,439,4,546,4,192,89,14.02%,30.24%,635,Bình Thuận,NTB,AM Thủy
NTB - Bình Thuận,(BTH) Phước Hội,Hàng Mới Ca 2,2026-09-28 - Thứ 2,320,76.88%,61.88%,0.00%,2.64,198,0,246,0,122,74,23.12%,38.12%,320,Bình Thuận,NTB,AM Thủy
NTB - Bình Thuận,(BTH) Phước Hội,Hàng Mới Ca 2,2026-10-07 - Thứ 4,543,85.82%,72.01%,0.37%,3.97,391,2,466,2,150,77,14.18%,27.62%,543,Bình Thuận,NTB,AM Thủy
NTB - Bình Thuận,(BTH) Phước Hội,Hàng Tồn,2026-10-03 - Thứ 7,346,99.42%,50.58%,7.51%,27.87,175,26,344,26,145,2,0.58%,41.91%,0,Bình Thuận,NTB,AM Thủy
NTB - Bình Thuận,(BTH) Phước Hội,Hàng Tồn,2026-09-27 - Chủ Nhật,255,98.43%,48.24%,7.45%,32.52,123,19,251,19,113,4,1.57%,44.31%,0,Bình Thuận,NTB,AM Thủy
NTB - Bình Thuận,(BTH) Phước Hội,Hàng Tồn,2026-09-20 - Chủ Nhật,360,97.50%,58.06%,4.44%,27.87,209,16,351,16,135,9,2.50%,37.50%,0,Bình Thuận,NTB,AM Thủy
NTB - Bình Thuận,(BTH) Phước Hội,Hàng Tồn,2026-10-06 - Thứ 3,196,98.47%,40.82%,10.20%,31.81,80,20,193,20,96,3,1.53%,48.98%,0,Bình Thuận,NTB,AM Thủy
NTB - Bình Thuận,(BTH) Phước Hội,Hàng Tồn,2026-10-01 - Thứ 5,287,96.17%,51.22%,4.18%,31.45,147,12,276,12,128,11,3.83%,44.60%,0,Bình Thuận,NTB,AM Thủy
NTB - Bình Thuận,(BTH) Phước Hội,Hàng Tồn,2026-09-12 - Thứ 7,350,98.57%,60.57%,2.57%,31.53,212,9,345,9,129,5,1.43%,36.86%,0,Bình Thuận,NTB,AM Thủy
NTB - Bình Thuận,(BTH) Phước Hội,Hàng Tồn,2026-09-22 - Thứ 3,283,99.65%,53.36%,8.48%,35.93,151,24,282,24,108,1,0.35%,38.16%,0,Bình Thuận,NTB,AM Thủy
NTB - Bình Thuận,(BTH) Phước Hội,Hàng Tồn,2026-09-15 - Thứ 3,259,96.53%,47.49%,8.49%,29.71,123,22,250,22,114,9,3.47%,44.02%,0,Bình Thuận,NTB,AM Thủy
NTB - Bình Thuận,(BTH) Phước Hội,Hàng Tồn,2026-10-02 - Thứ 6,252,99.60%,50.00%,1.98%,32.52,126,5,251,5,121,1,0.40%,48.02%,0,Bình Thuận,NTB,AM Thủy
NTB - Bình Thuận,(BTH) Phước Hội,Hàng Tồn,2026-09-29 - Thứ 3,264,100.00%,47.73%,6.82%,32.29,126,18,264,18,120,0,0.00%,45.45%,0,Bình Thuận,NTB,AM Thủy
NTB - Bình Thuận,(BTH) Phước Hội,Hàng Tồn,2026-10-08 - Thứ 5,312,99.04%,53.53%,7.69%,35.63,167,24,309,24,121,3,0.96%,38.78%,0,Bình Thuận,NTB,AM Thủy
NTB - Bình Thuận,(BTH) Phước Hội,Hàng Tồn,2026-09-19 - Thứ 7,326,99.08%,57.67%,5.52%,30.49,188,18,323,18,120,3,0.92%,36.81%,0,Bình Thuận,NTB,AM Thủy
NTB - Bình Thuận,(BTH) Phước Hội,Hàng Tồn,2026-10-04 - Chủ Nhật,301,93.69%,42.86%,5.65%,29.67,129,17,282,17,155,19,6.31%,51.49%,0,Bình Thuận,NTB,AM Thủy
NTB - Bình Thuận,(BTH) Phước Hội,Hàng Tồn,2026-09-17 - Thứ 5,347,98.27%,55.04%,5.19%,34.48,191,18,341,18,138,6,1.73%,39.77%,0,Bình Thuận,NTB,AM Thủy
NTB - Bình Thuận,(BTH) Phước Hội,Hàng Tồn,2026-10-09 - Thứ 6,299,93.98%,51.51%,6.35%,29.9,154,19,281,19,126,18,6.02%,42.14%,0,Bình Thuận,NTB,AM Thủy
NTB - Bình Thuận,(BTH) Phước Hội,Hàng Tồn,2026-09-26 - Thứ 7,321,97.82%,55.76%,4.36%,32.87,179,14,314,14,128,7,2.18%,39.88%,0,Bình Thuận,NTB,AM Thủy
NTB - Bình Thuận,(BTH) Phước Hội,Hàng Tồn,2026-10-07 - Thứ 4,314,91.08%,50.32%,5.41%,30.67,158,17,286,17,139,28,8.92%,44.27%,0,Bình Thuận,NTB,AM Thủy
NTB - Bình Thuận,(BTH) Phước Hội,Hàng Tồn,2026-09-16 - Thứ 4,357,93.56%,47.34%,5.32%,28.18,169,19,334,19,169,23,6.44%,47.34%,0,Bình Thuận,NTB,AM Thủy
NTB - Bình Thuận,(BTH) Phước Hội,Hàng Tồn,2026-09-25 - Thứ 6,393,99.24%,60.05%,3.82%,33.38,236,15,390,15,142,3,0.76%,36.13%,0,Bình Thuận,NTB,AM Thủy
NTB - Bình Thuận,(BTH) Phước Hội,Hàng Tồn,2026-09-18 - Thứ 6,216,98.15%,44.91%,11.11%,34.15,97,24,212,24,95,4,1.85%,43.98%,0,Bình Thuận,NTB,AM Thủy
NTB - Bình Thuận,(BTH) Phước Hội,Hàng Tồn,2026-09-21 - Thứ 2,344,93.02%,46.51%,6.69%,28.68,160,23,320,23,161,24,6.98%,46.80%,0,Bình Thuận,NTB,AM Thủy
NTB - Bình Thuận,(BTH) Phước Hội,Hàng Tồn,2026-09-13 - Chủ Nhật,294,96.60%,48.64%,6.46%,29.64,143,19,284,19,132,10,3.40%,44.90%,0,Bình Thuận,NTB,AM Thủy
NTB - Bình Thuận,(BTH) Phước Hội,Hàng Tồn,2026-10-05 - Thứ 2,365,99.45%,60.55%,5.48%,29.67,221,20,363,20,124,2,0.55%,33.97%,0,Bình Thuận,NTB,AM Thủy
NTB - Bình Thuận,(BTH) Phước Hội,Hàng Tồn,2026-09-24 - Thứ 5,323,87.00%,49.23%,5.57%,30.15,159,18,281,18,146,42,13.00%,45.20%,0,Bình Thuận,NTB,AM Thủy
NTB - Bình Thuận,(BTH) Phước Hội,Hàng Tồn,2026-09-23 - Thứ 4,292,99.66%,54.45%,6.16%,28.12,159,18,291,18,115,1,0.34%,39.39%,0,Bình Thuận,NTB,AM Thủy
NTB - Bình Thuận,(BTH) Phước Hội,Hàng Tồn,2026-09-14 - Thứ 2,328,97.56%,60.37%,4.88%,32.13,198,16,320,16,114,8,2.44%,34.75%,0,Bình Thuận,NTB,AM Thủy
NTB - Bình Thuận,(BTH) Phước Hội,Hàng Tồn,2026-09-30 - Thứ 4,253,97.63%,46.25%,4.74%,30.46,117,12,247,12,124,6,2.37%,49.01%,0,Bình Thuận,NTB,AM Thủy
NTB - Bình Thuận,(BTH) Phước Hội,Hàng Tồn,2026-09-28 - Thứ 2,289,96.19%,53.29%,5.54%,28.65,154,16,278,16,119,11,3.81%,41.17%,0,Bình Thuận,NTB,AM Thủy
NTB - Bình Thuận,(BTH) Phú Thủy,Hàng Mới Ca 1,2026-09-25 - Thứ 6,786,99.75%,91.22%,1.65%,5.53,717,13,784,13,56,2,0.25%,7.13%,786,Bình Thuận,NTB,AM Khánh
NTB - Bình Thuận,(BTH) Phú Thủy,Hàng Mới Ca 1,2026-09-27 - Chủ Nhật,518,99.23%,85.52%,1.16%,5.75,443,6,514,6,69,4,0.77%,13.32%,518,Bình Thuận,NTB,AM Khánh
NTB - Bình Thuận,(BTH) Phú Thủy,Hàng Mới Ca 1,2026-09-21 - Thứ 2,495,99.60%,90.51%,1.21%,6.15,448,6,493,6,41,2,0.40%,8.28%,495,Bình Thuận,NTB,AM Khánh
NTB - Bình Thuận,(BTH) Phú Thủy,Hàng Mới Ca 1,2026-09-20 - Chủ Nhật,511,99.22%,86.89%,0.78%,5.19,444,4,507,4,63,4,0.78%,12.33%,511,Bình Thuận,NTB,AM Khánh
NTB - Bình Thuận,(BTH) Phú Thủy,Hàng Mới Ca 1,2026-09-13 - Chủ Nhật,802,100.00%,85.29%,1.50%,5.58,684,12,802,12,106,0,0.00%,13.21%,802,Bình Thuận,NTB,AM Khánh
NTB - Bình Thuận,(BTH) Phú Thủy,Hàng Mới Ca 1,2026-10-06 - Thứ 3,620,99.84%,93.06%,0.81%,5.01,577,5,619,5,38,1,0.16%,6.13%,620,Bình Thuận,NTB,AM Khánh
NTB - Bình Thuận,(BTH) Phú Thủy,Hàng Mới Ca 1,2026-10-01 - Thứ 5,575,99.30%,88.52%,1.74%,5.95,509,10,571,10,56,4,0.70%,9.74%,575,Bình Thuận,NTB,AM Khánh
NTB - Bình Thuận,(BTH) Phú Thủy,Hàng Mới Ca 1,2026-09-12 - Thứ 7,988,99.70%,89.68%,1.62%,7.95,886,16,985,16,86,3,0.30%,8.70%,988,Bình Thuận,NTB,AM Khánh
NTB - Bình Thuận,(BTH) Phú Thủy,Hàng Mới Ca 1,2026-09-23 - Thứ 4,619,99.84%,86.75%,1.62%,6.55,537,10,618,10,72,1,0.16%,11.63%,619,Bình Thuận,NTB,AM Khánh
NTB - Bình Thuận,(BTH) Phú Thủy,Hàng Mới Ca 1,2026-09-14 - Thứ 2,734,99.59%,87.19%,1.36%,8.42,640,10,731,10,84,3,0.41%,11.45%,734,Bình Thuận,NTB,AM Khánh
NTB - Bình Thuận,(BTH) Phú Thủy,Hàng Mới Ca 1,2026-09-15 - Thứ 3,531,99.62%,87.76%,1.88%,4.88,466,10,529,10,55,2,0.38%,10.36%,531,Bình Thuận,NTB,AM Khánh
NTB - Bình Thuận,(BTH) Phú Thủy,Hàng Mới Ca 1,2026-10-02 - Thứ 6,797,99.87%,88.71%,2.38%,5.53,707,19,796,19,71,1,0.13%,8.91%,797,Bình Thuận,NTB,AM Khánh
NTB - Bình Thuận,(BTH) Phú Thủy,Hàng Mới Ca 1,2026-09-29 - Thứ 3,452,99.78%,90.93%,0.88%,4.84,411,4,451,4,37,1,0.22%,8.19%,452,Bình Thuận,NTB,AM Khánh
NTB - Bình Thuận,(BTH) Phú Thủy,Hàng Mới Ca 1,2026-10-08 - Thứ 5,816,99.75%,91.91%,1.10%,5.48,750,9,814,9,57,2,0.25%,6.99%,816,Bình Thuận,NTB,AM Khánh
NTB - Bình Thuận,(BTH) Phú Thủy,Hàng Mới Ca 1,2026-09-19 - Thứ 7,571,99.82%,91.42%,1.05%,6.46,522,6,570,6,43,1,0.18%,7.53%,571,Bình Thuận,NTB,AM Khánh
NTB - Bình Thuận,(BTH) Phú Thủy,Hàng Mới Ca 1,2026-10-04 - Chủ Nhật,772,99.48%,85.49%,1.30%,5.42,660,10,768,10,102,4,0.52%,13.21%,772,Bình Thuận,NTB,AM Khánh
NTB - Bình Thuận,(BTH) Phú Thủy,Hàng Mới Ca 1,2026-09-30 - Thứ 4,579,99.83%,90.33%,1.38%,4.75,523,8,578,8,48,1,0.17%,8.29%,579,Bình Thuận,NTB,AM Khánh
NTB - Bình Thuận,(BTH) Phú Thủy,Hàng Mới Ca 1,2026-09-17 - Thứ 5,633,99.21%,90.05%,0.95%,5.39,570,6,628,6,57,5,0.79%,9.00%,633,Bình Thuận,NTB,AM Khánh
NTB - Bình Thuận,(BTH) Phú Thủy,Hàng Mới Ca 1,2026-09-26 - Thứ 7,532,100.00%,88.16%,0.94%,5.9,469,5,532,5,58,0,0.00%,10.90%,532,Bình Thuận,NTB,AM Khánh
NTB - Bình Thuận,(BTH) Phú Thủy,Hàng Mới Ca 1,2026-09-28 - Thứ 2,494,100.00%,84.21%,1.62%,5.21,416,8,494,8,70,0,0.00%,14.17%,494,Bình Thuận,NTB,AM Khánh
NTB - Bình Thuận,(BTH) Phú Thủy,Hàng Mới Ca 1,2026-10-07 - Thứ 4,609,99.84%,90.64%,1.48%,4.98,552,9,608,9,48,1,0.16%,7.88%,609,Bình Thuận,NTB,AM Khánh
NTB - Bình Thuận,(BTH) Phú Thủy,Hàng Mới Ca 1,2026-10-03 - Thứ 7,604,99.83%,89.40%,1.99%,5.5,540,12,603,12,52,1,0.17%,8.61%,604,Bình Thuận,NTB,AM Khánh
NTB - Bình Thuận,(BTH) Phú Thủy,Hàng Mới Ca 1,2026-09-16 - Thứ 4,536,100.00%,85.82%,1.12%,4.93,460,6,536,6,70,0,0.00%,13.06%,536,Bình Thuận,NTB,AM Khánh
NTB - Bình Thuận,(BTH) Phú Thủy,Hàng Mới Ca 1,2026-09-18 - Thứ 6,677,99.85%,91.29%,1.03%,5.77,618,7,676,7,52,1,0.15%,7.68%,677,Bình Thuận,NTB,AM Khánh
NTB - Bình Thuận,(BTH) Phú Thủy,Hàng Mới Ca 1,2026-09-24 - Thứ 5,639,99.84%,89.36%,1.41%,5.61,571,9,638,9,59,1,0.16%,9.23%,639,Bình Thuận,NTB,AM Khánh
NTB - Bình Thuận,(BTH) Phú Thủy,Hàng Mới Ca 1,2026-10-05 - Thứ 2,445,99.78%,90.79%,2.02%,6.42,404,9,444,9,32,1,0.22%,7.19%,445,Bình Thuận,NTB,AM Khánh
NTB - Bình Thuận,(BTH) Phú Thủy,Hàng Mới Ca 1,2026-09-22 - Thứ 3,602,99.83%,89.87%,1.33%,4.89,541,8,601,8,53,1,0.17%,8.80%,602,Bình Thuận,NTB,AM Khánh
NTB - Bình Thuận,(BTH) Phú Thủy,Hàng Mới Ca 1,2026-10-09 - Thứ 6,760,99.74%,88.03%,2.50%,5.41,669,19,758,19,72,2,0.26%,9.47%,760,Bình Thuận,NTB,AM Khánh
NTB - Bình Thuận,(BTH) Phú Thủy,Hàng Mới Ca 2,2026-09-18 - Thứ 6,532,86.28%,75.56%,0.38%,4.33,402,2,459,2,128,73,13.72%,24.06%,532,Bình Thuận,NTB,AM Khánh
NTB - Bình Thuận,(BTH) Phú Thủy,Hàng Mới Ca 2,2026-09-27 - Chủ Nhật,331,79.46%,68.28%,0.60%,3.87,226,2,263,2,103,68,20.54%,31.12%,331,Bình Thuận,NTB,AM Khánh
NTB - Bình Thuận,(BTH) Phú Thủy,Hàng Mới Ca 2,2026-09-20 - Chủ Nhật,388,76.03%,63.92%,1.03%,4.02,248,4,295,4,136,93,23.97%,35.05%,388,Bình Thuận,NTB,AM Khánh
NTB - Bình Thuận,(BTH) Phú Thủy,Hàng Mới Ca 2,2026-09-13 - Chủ Nhật,468,77.14%,69.02%,1.50%,4.09,323,7,361,7,138,107,22.86%,29.48%,468,Bình Thuận,NTB,AM Khánh
NTB - Bình Thuận,(BTH) Phú Thủy,Hàng Mới Ca 2,2026-09-24 - Thứ 5,588,84.01%,73.13%,0.68%,4.5,430,4,494,4,154,94,15.99%,26.19%,588,Bình Thuận,NTB,AM Khánh
NTB - Bình Thuận,(BTH) Phú Thủy,Hàng Mới Ca 2,2026-10-05 - Thứ 2,420,93.57%,82.38%,0.95%,4.54,346,4,393,4,70,27,6.43%,16.67%,420,Bình Thuận,NTB,AM Khánh
NTB - Bình Thuận,(BTH) Phú Thủy,Hàng Mới Ca 2,2026-09-22 - Thứ 3,496,87.50%,77.62%,2.02%,4.14,385,10,434,10,101,62,12.50%,20.36%,496,Bình Thuận,NTB,AM Khánh
NTB - Bình Thuận,(BTH) Phú Thủy,Hàng Mới Ca 2,2026-09-23 - Thứ 4,519,72.83%,68.79%,0.19%,4.47,357,1,378,1,161,141,27.17%,31.02%,519,Bình Thuận,NTB,AM Khánh
NTB - Bình Thuận,(BTH) Phú Thủy,Hàng Mới Ca 2,2026-09-14 - Thứ 2,351,94.30%,83.19%,1.42%,4.54,292,5,331,5,54,20,5.70%,15.39%,351,Bình Thuận,NTB,AM Khánh
NTB - Bình Thuận,(BTH) Phú Thủy,Hàng Mới Ca 2,2026-09-15 - Thứ 3,629,85.21%,72.18%,1.27%,4.05,454,8,536,8,167,93,14.79%,26.55%,629,Bình Thuận,NTB,AM Khánh
NTB - Bình Thuận,(BTH) Phú Thủy,Hàng Mới Ca 2,2026-09-29 - Thứ 3,484,93.18%,82.02%,0.62%,3.93,397,3,451,3,84,33,6.82%,17.36%,484,Bình Thuận,NTB,AM Khánh
NTB - Bình Thuận,(BTH) Phú Thủy,Hàng Mới Ca 2,2026-09-19 - Thứ 7,608,89.14%,75.16%,0.82%,4.32,457,5,542,5,146,66,10.86%,24.02%,608,Bình Thuận,NTB,AM Khánh
NTB - Bình Thuận,(BTH) Phú Thủy,Hàng Mới Ca 2,2026-09-30 - Thứ 4,509,91.36%,79.96%,1.38%,3.83,407,7,465,7,95,44,8.64%,18.66%,509,Bình Thuận,NTB,AM Khánh
NTB - Bình Thuận,(BTH) Phú Thủy,Hàng Mới Ca 2,2026-09-17 - Thứ 5,502,89.24%,79.48%,0.80%,4.05,399,4,448,4,99,54,10.76%,19.72%,502,Bình Thuận,NTB,AM Khánh
NTB - Bình Thuận,(BTH) Phú Thủy,Hàng Mới Ca 2,2026-10-09 - Thứ 6,710,84.51%,73.24%,1.13%,4.15,520,8,600,8,182,110,15.49%,25.63%,710,Bình Thuận,NTB,AM Khánh
NTB - Bình Thuận,(BTH) Phú Thủy,Hàng Mới Ca 2,2026-09-26 - Thứ 7,513,92.98%,78.75%,0.78%,4.16,404,4,477,4,105,36,7.02%,20.47%,513,Bình Thuận,NTB,AM Khánh
NTB - Bình Thuận,(BTH) Phú Thủy,Hàng Mới Ca 2,2026-10-07 - Thứ 4,459,93.03%,82.14%,1.31%,4.05,377,6,427,6,76,32,6.97%,16.55%,459,Bình Thuận,NTB,AM Khánh
NTB - Bình Thuận,(BTH) Phú Thủy,Hàng Mới Ca 2,2026-10-03 - Thứ 7,485,91.75%,80.00%,1.44%,4.13,388,7,445,7,90,40,8.25%,18.56%,485,Bình Thuận,NTB,AM Khánh
NTB - Bình Thuận,(BTH) Phú Thủy,Hàng Mới Ca 2,2026-09-25 - Thứ 6,469,85.50%,73.56%,1.28%,4.14,345,6,401,6,118,68,14.50%,25.16%,469,Bình Thuận,NTB,AM Khánh
NTB - Bình Thuận,(BTH) Phú Thủy,Hàng Mới Ca 2,2026-09-21 - Thứ 2,296,94.59%,82.77%,0.68%,3.49,245,2,280,2,49,16,5.41%,16.55%,296,Bình Thuận,NTB,AM Khánh
NTB - Bình Thuận,(BTH) Phú Thủy,Hàng Mới Ca 2,2026-10-01 - Thứ 5,428,78.04%,67.99%,0.47%,4.03,291,2,334,2,135,94,21.96%,31.54%,428,Bình Thuận,NTB,AM Khánh
NTB - Bình Thuận,(BTH) Phú Thủy,Hàng Mới Ca 2,2026-09-16 - Thứ 4,552,86.59%,76.81%,1.45%,3.9,424,8,478,8,120,74,13.41%,21.74%,552,Bình Thuận,NTB,AM Khánh
NTB - Bình Thuận,(BTH) Phú Thủy,Hàng Mới Ca 2,2026-10-06 - Thứ 3,685,90.80%,78.25%,0.88%,4.03,536,6,622,6,143,63,9.20%,20.87%,685,Bình Thuận,NTB,AM Khánh
NTB - Bình Thuận,(BTH) Phú Thủy,Hàng Mới Ca 2,2026-09-12 - Thứ 7,492,84.76%,75.00%,1.22%,3.9,369,6,417,6,117,75,15.24%,23.78%,492,Bình Thuận,NTB,AM Khánh
NTB - Bình Thuận,(BTH) Phú Thủy,Hàng Mới Ca 2,2026-10-02 - Thứ 6,543,87.29%,74.40%,1.10%,4.52,404,6,474,6,133,69,12.71%,24.50%,543,Bình Thuận,NTB,AM Khánh
NTB - Bình Thuận,(BTH) Phú Thủy,Hàng Mới Ca 2,2026-10-08 - Thứ 5,544,85.29%,77.02%,1.29%,4.03,419,7,464,7,118,80,14.71%,21.69%,544,Bình Thuận,NTB,AM Khánh
NTB - Bình Thuận,(BTH) Phú Thủy,Hàng Mới Ca 2,2026-10-04 - Chủ Nhật,632,60.13%,53.96%,1.42%,3.96,341,9,380,9,282,252,39.87%,44.62%,632,Bình Thuận,NTB,AM Khánh
NTB - Bình Thuận,(BTH) Phú Thủy,Hàng Mới Ca 2,2026-09-28 - Thứ 2,331,96.68%,81.27%,0.91%,3.76,269,3,320,3,59,11,3.32%,17.82%,331,Bình Thuận,NTB,AM Khánh
NTB - Bình Thuận,(BTH) Phú Thủy,Hàng Tồn,2026-09-21 - Thứ 2,310,98.06%,64.19%,5.16%,34.4,199,16,304,16,95,6,1.94%,30.65%,0,Bình Thuận,NTB,AM Khánh
NTB - Bình Thuận,(BTH) Phú Thủy,Hàng Tồn,2026-09-20 - Chủ Nhật,256,96.48%,48.83%,6.64%,33.26,125,17,247,17,114,9,3.52%,44.53%,0,Bình Thuận,NTB,AM Khánh
NTB - Bình Thuận,(BTH) Phú Thủy,Hàng Tồn,2026-09-13 - Chủ Nhật,283,97.53%,44.17%,6.36%,38.59,125,18,276,18,140,7,2.47%,49.47%,0,Bình Thuận,NTB,AM Khánh
NTB - Bình Thuận,(BTH) Phú Thủy,Hàng Tồn,2026-09-24 - Thứ 5,324,96.30%,56.79%,5.86%,31.82,184,19,312,19,121,12,3.70%,37.35%,0,Bình Thuận,NTB,AM Khánh
NTB - Bình Thuận,(BTH) Phú Thủy,Hàng Tồn,2026-10-01 - Thứ 5,208,97.12%,52.40%,3.85%,34.82,109,8,202,8,91,6,2.88%,43.75%,0,Bình Thuận,NTB,AM Khánh
NTB - Bình Thuận,(BTH) Phú Thủy,Hàng Tồn,2026-09-12 - Thứ 7,315,98.10%,46.67%,7.94%,37.5,147,25,309,25,143,6,1.90%,45.39%,0,Bình Thuận,NTB,AM Khánh
NTB - Bình Thuận,(BTH) Phú Thủy,Hàng Tồn,2026-10-05 - Thứ 2,488,98.16%,67.62%,5.74%,30.19,330,28,479,28,130,9,1.84%,26.64%,0,Bình Thuận,NTB,AM Khánh
NTB - Bình Thuận,(BTH) Phú Thủy,Hàng Tồn,2026-09-22 - Thứ 3,146,95.89%,31.51%,9.59%,39.2,46,14,140,14,86,6,4.11%,58.90%,0,Bình Thuận,NTB,AM Khánh
NTB - Bình Thuận,(BTH) Phú Thủy,Hàng Tồn,2026-09-23 - Thứ 4,209,96.17%,45.45%,5.26%,35.2,95,11,201,11,103,8,3.83%,49.29%,0,Bình Thuận,NTB,AM Khánh
NTB - Bình Thuận,(BTH) Phú Thủy,Hàng Tồn,2026-09-14 - Thứ 2,393,96.95%,58.52%,3.82%,36.61,230,15,381,15,148,12,3.05%,37.66%,0,Bình Thuận,NTB,AM Khánh
NTB - Bình Thuận,(BTH) Phú Thủy,Hàng Tồn,2026-09-15 - Thứ 3,243,96.71%,44.03%,11.52%,52.97,107,28,235,28,108,8,3.29%,44.45%,0,Bình Thuận,NTB,AM Khánh
NTB - Bình Thuận,(BTH) Phú Thủy,Hàng Tồn,2026-10-02 - Thứ 6,267,97.00%,55.81%,4.87%,32.54,149,13,259,13,105,8,3.00%,39.32%,0,Bình Thuận,NTB,AM Khánh
NTB - Bình Thuận,(BTH) Phú Thủy,Hàng Tồn,2026-09-29 - Thứ 3,215,97.21%,41.86%,5.12%,38.06,90,11,209,11,114,6,2.79%,53.02%,0,Bình Thuận,NTB,AM Khánh
NTB - Bình Thuận,(BTH) Phú Thủy,Hàng Tồn,2026-10-08 - Thứ 5,213,98.12%,49.77%,7.04%,35.22,106,15,209,15,92,4,1.88%,43.19%,0,Bình Thuận,NTB,AM Khánh
NTB - Bình Thuận,(BTH) Phú Thủy,Hàng Tồn,2026-09-19 - Thứ 7,261,95.79%,51.72%,9.20%,32.76,135,24,250,24,102,11,4.21%,39.08%,0,Bình Thuận,NTB,AM Khánh
NTB - Bình Thuận,(BTH) Phú Thủy,Hàng Tồn,2026-10-04 - Chủ Nhật,222,97.30%,40.54%,4.50%,38.22,90,10,216,10,122,6,2.70%,54.96%,0,Bình Thuận,NTB,AM Khánh
NTB - Bình Thuận,(BTH) Phú Thủy,Hàng Tồn,2026-09-30 - Thứ 4,213,99.06%,42.72%,7.51%,35.76,91,16,211,16,106,2,0.94%,49.77%,0,Bình Thuận,NTB,AM Khánh
NTB - Bình Thuận,(BTH) Phú Thủy,Hàng Tồn,2026-09-17 - Thứ 5,300,97.00%,47.33%,3.33%,36.39,142,10,291,10,148,9,3.00%,49.34%,0,Bình Thuận,NTB,AM Khánh
NTB - Bình Thuận,(BTH) Phú Thủy,Hàng Tồn,2026-10-09 - Thứ 6,241,97.51%,56.85%,4.56%,34.89,137,11,235,11,93,6,2.49%,38.59%,0,Bình Thuận,NTB,AM Khánh
NTB - Bình Thuận,(BTH) Phú Thủy,Hàng Tồn,2026-09-26 - Thứ 7,291,97.25%,54.30%,3.44%,36.68,158,10,283,10,123,8,2.75%,42.26%,0,Bình Thuận,NTB,AM Khánh
NTB - Bình Thuận,(BTH) Phú Thủy,Hàng Tồn,2026-09-28 - Thứ 2,292,96.92%,53.08%,6.85%,36.2,155,20,283,20,117,9,3.08%,40.07%,0,Bình Thuận,NTB,AM Khánh
NTB - Bình Thuận,(BTH) Phú Thủy,Hàng Tồn,2026-10-07 - Thứ 4,256,97.66%,49.22%,3.52%,31.4,126,9,250,9,121,6,2.34%,47.26%,0,Bình Thuận,NTB,AM Khánh
NTB - Bình Thuận,(BTH) Phú Thủy,Hàng Tồn,2026-09-18 - Thứ 6,275,97.45%,53.82%,5.82%,39.96,148,16,268,16,111,7,2.55%,40.36%,0,Bình Thuận,NTB,AM Khánh
NTB - Bình Thuận,(BTH) Phú Thủy,Hàng Tồn,2026-09-27 - Chủ Nhật,241,95.85%,36.51%,4.98%,39.19,88,12,231,12,141,10,4.15%,58.51%,0,Bình Thuận,NTB,AM Khánh
NTB - Bình Thuận,(BTH) Phú Thủy,Hàng Tồn,2026-09-16 - Thứ 4,299,97.99%,51.17%,1.67%,42.43,153,5,293,5,141,6,2.01%,47.16%,0,Bình Thuận,NTB,AM Khánh
NTB - Bình Thuận,(BTH) Phú Thủy,Hàng Tồn,2026-09-25 - Thứ 6,310,97.42%,53.87%,4.19%,38.58,167,13,302,13,130,8,2.58%,41.94%,0,Bình Thuận,NTB,AM Khánh
NTB - Bình Thuận,(BTH) Phú Thủy,Hàng Tồn,2026-10-06 - Thứ 3,198,97.98%,48.99%,9.60%,39.13,97,19,194,19,82,4,2.02%,41.41%,0,Bình Thuận,NTB,AM Khánh
NTB - Bình Thuận,(BTH) Phú Thủy,Hàng Tồn,2026-10-03 - Thứ 7,289,97.23%,51.90%,5.54%,34.84,150,16,281,16,123,8,2.77%,42.56%,0,Bình Thuận,NTB,AM Khánh
NTB - Bình Thuận,(BTH) Phú Quý,Hàng Mới Ca 1,2026-09-20 - Chủ Nhật,212,100.00%,95.28%,2.83%,1.64,202,6,212,6,4,0,0.00%,1.89%,212,Bình Thuận,NTB,AM Khánh
NTB - Bình Thuận,(BTH) Phú Quý,Hàng Mới Ca 1,2026-09-13 - Chủ Nhật,97,100.00%,96.91%,1.03%,2.54,94,1,97,1,2,0,0.00%,2.06%,97,Bình Thuận,NTB,AM Khánh
NTB - Bình Thuận,(BTH) Phú Quý,Hàng Mới Ca 1,2026-09-14 - Thứ 2,498,100.00%,96.59%,2.01%,3.74,481,10,498,10,7,0,0.00%,1.40%,498,Bình Thuận,NTB,AM Khánh
NTB - Bình Thuận,(BTH) Phú Quý,Hàng Mới Ca 1,2026-09-29 - Thứ 3,279,100.00%,94.62%,2.15%,3.07,264,6,279,6,9,0,0.00%,3.23%,279,Bình Thuận,NTB,AM Khánh
NTB - Bình Thuận,(BTH) Phú Quý,Hàng Mới Ca 1,2026-09-30 - Thứ 4,188,99.47%,95.74%,2.13%,2.75,180,4,187,4,4,1,0.53%,2.13%,188,Bình Thuận,NTB,AM Khánh
NTB - Bình Thuận,(BTH) Phú Quý,Hàng Mới Ca 1,2026-09-27 - Chủ Nhật,1,100.00%,0.00%,100.00%,0,0,1,1,1,0,0,0.00%,0.00%,1,Bình Thuận,NTB,AM Khánh
NTB - Bình Thuận,(BTH) Phú Quý,Hàng Mới Ca 2,2026-10-07 - Thứ 4,387,100.00%,93.02%,2.33%,3.32,360,9,387,9,18,0,0.00%,4.65%,387,Bình Thuận,NTB,AM Khánh
NTB - Bình Thuận,(BTH) Phú Quý,Hàng Mới Ca 2,2026-09-25 - Thứ 6,373,99.46%,96.25%,0.54%,2.76,359,2,371,2,12,2,0.54%,3.21%,373,Bình Thuận,NTB,AM Khánh
NTB - Bình Thuận,(BTH) Phú Quý,Hàng Mới Ca 2,2026-09-21 - Thứ 2,301,100.00%,98.01%,1.00%,2.59,295,3,301,3,3,0,0.00%,0.99%,301,Bình Thuận,NTB,AM Khánh
NTB - Bình Thuận,(BTH) Phú Quý,Hàng Mới Ca 2,2026-09-20 - Chủ Nhật,389,99.74%,95.89%,1.54%,3.41,373,6,388,6,10,1,0.26%,2.57%,389,Bình Thuận,NTB,AM Khánh
NTB - Bình Thuận,(BTH) Phú Quý,Hàng Mới Ca 2,2026-09-13 - Chủ Nhật,383,99.48%,94.52%,1.57%,3.77,362,6,381,6,15,2,0.52%,3.91%,383,Bình Thuận,NTB,AM Khánh
NTB - Bình Thuận,(BTH) Phú Quý,Hàng Mới Ca 2,2026-10-01 - Thứ 5,500,100.00%,95.40%,2.60%,3.57,477,13,500,13,10,0,0.00%,2.00%,500,Bình Thuận,NTB,AM Khánh
NTB - Bình Thuận,(BTH) Phú Quý,Hàng Mới Ca 2,2026-09-12 - Thứ 7,488,99.39%,95.70%,1.84%,3.66,467,9,485,9,12,3,0.61%,2.46%,488,Bình Thuận,NTB,AM Khánh
NTB - Bình Thuận,(BTH) Phú Quý,Hàng Mới Ca 2,2026-10-05 - Thứ 2,396,99.49%,95.20%,1.01%,3.28,377,4,394,4,15,2,0.51%,3.79%,396,Bình Thuận,NTB,AM Khánh
NTB - Bình Thuận,(BTH) Phú Quý,Hàng Mới Ca 2,2026-09-22 - Thứ 3,385,100.00%,94.81%,1.82%,2.94,365,7,385,7,13,0,0.00%,3.37%,385,Bình Thuận,NTB,AM Khánh
NTB - Bình Thuận,(BTH) Phú Quý,Hàng Mới Ca 2,2026-09-15 - Thứ 3,438,99.77%,94.98%,1.83%,3.32,416,8,437,8,14,1,0.23%,3.19%,438,Bình Thuận,NTB,AM Khánh
NTB - Bình Thuận,(BTH) Phú Quý,Hàng Mới Ca 2,2026-10-02 - Thứ 6,627,100.00%,95.53%,1.12%,4.16,599,7,627,7,21,0,0.00%,3.35%,627,Bình Thuận,NTB,AM Khánh
NTB - Bình Thuận,(BTH) Phú Quý,Hàng Mới Ca 2,2026-09-29 - Thứ 3,303,100.00%,92.74%,1.32%,2.57,281,4,303,4,18,0,0.00%,5.94%,303,Bình Thuận,NTB,AM Khánh
NTB - Bình Thuận,(BTH) Phú Quý,Hàng Mới Ca 2,2026-09-19 - Thứ 7,215,100.00%,94.88%,1.86%,2.61,204,4,215,4,7,0,0.00%,3.26%,215,Bình Thuận,NTB,AM Khánh
NTB - Bình Thuận,(BTH) Phú Quý,Hàng Mới Ca 2,2026-09-17 - Thứ 5,463,100.00%,93.30%,2.16%,3.83,432,10,463,10,21,0,0.00%,4.54%,463,Bình Thuận,NTB,AM Khánh
NTB - Bình Thuận,(BTH) Phú Quý,Hàng Mới Ca 2,2026-10-09 - Thứ 6,"1,027",99.81%,93.48%,2.04%,5.57,960,21,1025,21,46,2,0.19%,4.48%,1027,Bình Thuận,NTB,AM Khánh
NTB - Bình Thuận,(BTH) Phú Quý,Hàng Mới Ca 2,2026-10-03 - Thứ 7,517,99.81%,95.16%,1.93%,3.73,492,10,516,10,15,1,0.19%,2.91%,517,Bình Thuận,NTB,AM Khánh
NTB - Bình Thuận,(BTH) Phú Quý,Hàng Mới Ca 2,2026-09-16 - Thứ 4,376,99.73%,96.81%,1.60%,2.51,364,6,375,6,6,1,0.27%,1.59%,376,Bình Thuận,NTB,AM Khánh
NTB - Bình Thuận,(BTH) Phú Quý,Hàng Mới Ca 2,2026-09-27 - Chủ Nhật,395,100.00%,96.20%,1.52%,2.76,380,6,395,6,9,0,0.00%,2.28%,395,Bình Thuận,NTB,AM Khánh
NTB - Bình Thuận,(BTH) Phú Quý,Hàng Mới Ca 2,2026-09-24 - Thứ 5,408,99.51%,96.08%,1.72%,3.33,392,7,406,7,9,2,0.49%,2.20%,408,Bình Thuận,NTB,AM Khánh
NTB - Bình Thuận,(BTH) Phú Quý,Hàng Mới Ca 2,2026-10-06 - Thứ 3,433,100.00%,94.23%,3.23%,3.43,408,14,433,14,11,0,0.00%,2.54%,433,Bình Thuận,NTB,AM Khánh
NTB - Bình Thuận,(BTH) Phú Quý,Hàng Mới Ca 2,2026-09-23 - Thứ 4,384,100.00%,97.40%,1.30%,3.18,374,5,384,5,5,0,0.00%,1.30%,384,Bình Thuận,NTB,AM Khánh
NTB - Bình Thuận,(BTH) Phú Quý,Hàng Mới Ca 2,2026-09-26 - Thứ 7,412,100.00%,93.93%,2.43%,3.42,387,10,412,10,15,0,0.00%,3.64%,412,Bình Thuận,NTB,AM Khánh
NTB - Bình Thuận,(BTH) Phú Quý,Hàng Mới Ca 2,2026-10-04 - Chủ Nhật,453,100.00%,93.82%,3.53%,3.38,425,16,453,16,12,0,0.00%,2.65%,453,Bình Thuận,NTB,AM Khánh
NTB - Bình Thuận,(BTH) Phú Quý,Hàng Mới Ca 2,2026-09-18 - Thứ 6,414,100.00%,98.55%,0.48%,3.49,408,2,414,2,4,0,0.00%,0.97%,414,Bình Thuận,NTB,AM Khánh
NTB - Bình Thuận,(BTH) Phú Quý,Hàng Mới Ca 2,2026-09-30 - Thứ 4,1,100.00%,100.00%,0.00%,7,1,0,1,0,0,0,0.00%,0.00%,1,Bình Thuận,NTB,AM Khánh
NTB - Bình Thuận,(BTH) Phú Quý,Hàng Tồn,2026-10-06 - Thứ 3,25,96.00%,24.00%,24.00%,27.83,6,6,24,6,13,1,4.00%,52.00%,0,Bình Thuận,NTB,AM Khánh
NTB - Bình Thuận,(BTH) Phú Quý,Hàng Tồn,2026-10-01 - Thứ 5,19,94.74%,26.32%,5.26%,46,5,1,18,1,13,1,5.26%,68.42%,0,Bình Thuận,NTB,AM Khánh
NTB - Bình Thuận,(BTH) Phú Quý,Hàng Tồn,2026-10-08 - Thứ 5,25,96.00%,28.00%,4.00%,28.14,7,1,24,1,17,1,4.00%,68.00%,0,Bình Thuận,NTB,AM Khánh
NTB - Bình Thuận,(BTH) Phú Quý,Hàng Tồn,2026-09-19 - Thứ 7,17,88.24%,5.88%,0.00%,49,1,0,15,0,16,2,11.76%,94.12%,0,Bình Thuận,NTB,AM Khánh
NTB - Bình Thuận,(BTH) Phú Quý,Hàng Tồn,2026-09-30 - Thứ 4,30,93.33%,36.67%,10.00%,22.45,11,3,28,3,16,2,6.67%,53.33%,0,Bình Thuận,NTB,AM Khánh
NTB - Bình Thuận,(BTH) Phú Quý,Hàng Tồn,2026-10-09 - Thứ 6,11,90.91%,9.09%,9.09%,47,1,1,10,1,9,1,9.09%,81.82%,0,Bình Thuận,NTB,AM Khánh
NTB - Bình Thuận,(BTH) Phú Quý,Hàng Tồn,2026-09-26 - Thứ 7,20,85.00%,40.00%,5.00%,27.88,8,1,17,1,11,3,15.00%,55.00%,0,Bình Thuận,NTB,AM Khánh
NTB - Bình Thuận,(BTH) Phú Quý,Hàng Tồn,2026-10-07 - Thứ 4,21,95.24%,28.57%,19.05%,31.5,6,4,20,4,11,1,4.76%,52.38%,0,Bình Thuận,NTB,AM Khánh
NTB - Bình Thuận,(BTH) Phú Quý,Hàng Tồn,2026-09-18 - Thứ 6,25,92.00%,48.00%,0.00%,28,12,0,23,0,13,2,8.00%,52.00%,0,Bình Thuận,NTB,AM Khánh
NTB - Bình Thuận,(BTH) Phú Quý,Hàng Tồn,2026-09-24 - Thứ 5,15,86.67%,20.00%,13.33%,58,3,2,13,2,10,2,13.33%,66.67%,0,Bình Thuận,NTB,AM Khánh
NTB - Bình Thuận,(BTH) Phú Quý,Hàng Tồn,2026-09-20 - Chủ Nhật,14,85.71%,35.71%,21.43%,36.6,5,3,12,3,6,2,14.29%,42.86%,0,Bình Thuận,NTB,AM Khánh
NTB - Bình Thuận,(BTH) Phú Quý,Hàng Tồn,2026-09-12 - Thứ 7,12,91.67%,41.67%,0.00%,32.75,5,0,11,0,7,1,8.33%,58.33%,0,Bình Thuận,NTB,AM Khánh
NTB - Bình Thuận,(BTH) Phú Quý,Hàng Tồn,2026-10-05 - Thứ 2,20,95.00%,25.00%,0.00%,31.2,5,0,19,0,15,1,5.00%,75.00%,0,Bình Thuận,NTB,AM Khánh
NTB - Bình Thuận,(BTH) Phú Quý,Hàng Tồn,2026-09-14 - Thứ 2,25,96.00%,52.00%,12.00%,31.09,13,3,24,3,9,1,4.00%,36.00%,0,Bình Thuận,NTB,AM Khánh
NTB - Bình Thuận,(BTH) Phú Quý,Hàng Tồn,2026-09-15 - Thứ 3,13,92.31%,30.77%,0.00%,37.67,4,0,12,0,9,1,7.69%,69.23%,0,Bình Thuận,NTB,AM Khánh
NTB - Bình Thuận,(BTH) Phú Quý,Hàng Tồn,2026-09-28 - Thứ 2,23,82.61%,47.83%,8.70%,37.4,11,2,19,2,10,4,17.39%,43.47%,0,Bình Thuận,NTB,AM Khánh
NTB - Bình Thuận,(BTH) Phú Quý,Hàng Tồn,2026-10-03 - Thứ 7,31,96.77%,58.06%,12.90%,34.24,18,4,30,4,9,1,3.23%,29.04%,0,Bình Thuận,NTB,AM Khánh
NTB - Bình Thuận,(BTH) Phú Quý,Hàng Tồn,2026-09-21 - Thứ 2,17,82.35%,29.41%,0.00%,28,5,0,14,0,12,3,17.65%,70.59%,0,Bình Thuận,NTB,AM Khánh
NTB - Bình Thuận,(BTH) Phú Quý,Hàng Tồn,2026-10-04 - Chủ Nhật,24,95.83%,41.67%,16.67%,25.44,10,4,23,4,10,1,4.17%,41.66%,0,Bình Thuận,NTB,AM Khánh
NTB - Bình Thuận,(BTH) Phú Quý,Hàng Tồn,2026-09-27 - Chủ Nhật,23,86.96%,21.74%,4.35%,26.25,5,1,20,1,17,3,13.04%,73.91%,0,Bình Thuận,NTB,AM Khánh
NTB - Bình Thuận,(BTH) Phú Quý,Hàng Tồn,2026-09-23 - Thứ 4,19,84.21%,47.37%,0.00%,34.75,9,0,16,0,10,3,15.79%,52.63%,0,Bình Thuận,NTB,AM Khánh
NTB - Bình Thuận,(BTH) Phú Quý,Hàng Tồn,2026-10-02 - Thứ 6,14,85.71%,28.57%,0.00%,42.5,4,0,12,0,10,2,14.29%,71.43%,0,Bình Thuận,NTB,AM Khánh
NTB - Bình Thuận,(BTH) Phú Quý,Hàng Tồn,2026-09-16 - Thứ 4,20,95.00%,35.00%,5.00%,25.83,7,1,19,1,12,1,5.00%,60.00%,0,Bình Thuận,NTB,AM Khánh
NTB - Bình Thuận,(BTH) Phú Quý,Hàng Tồn,2026-09-22 - Thứ 3,69,95.65%,84.06%,2.90%,27.77,58,2,66,2,9,3,4.35%,13.04%,0,Bình Thuận,NTB,AM Khánh
NTB - Bình Thuận,(BTH) Phú Quý,Hàng Tồn,2026-09-25 - Thứ 6,15,80.00%,20.00%,6.67%,28,3,1,12,1,11,3,20.00%,73.33%,0,Bình Thuận,NTB,AM Khánh
NTB - Bình Thuận,(BTH) Phú Quý,Hàng Tồn,2026-09-17 - Thứ 5,15,86.67%,33.33%,13.33%,34,5,2,13,2,8,2,13.33%,53.34%,0,Bình Thuận,NTB,AM Khánh
NTB - Bình Thuận,(BTH) Phú Quý,Hàng Tồn,2026-09-13 - Chủ Nhật,17,88.24%,47.06%,0.00%,33,8,0,15,0,9,2,11.76%,52.94%,0,Bình Thuận,NTB,AM Khánh
NTB - Bình Thuận,(BTH) Phú Quý,Hàng Tồn,2026-09-29 - Thứ 3,7,71.43%,14.29%,28.57%,49,1,2,5,2,4,2,28.57%,57.14%,0,Bình Thuận,NTB,AM Khánh
NTB - Bình Thuận,(BTH) Phan Rí Cửa,Hàng Mới Ca 1,2026-10-03 - Thứ 7,265,99.62%,91.70%,1.13%,4.55,243,3,264,3,19,1,0.38%,7.17%,265,Bình Thuận,NTB,AM D.Long
NTB - Bình Thuận,(BTH) Phan Rí Cửa,Hàng Mới Ca 1,2026-09-21 - Thứ 2,224,100.00%,89.29%,1.79%,3.95,200,4,224,4,20,0,0.00%,8.92%,224,Bình Thuận,NTB,AM D.Long
NTB - Bình Thuận,(BTH) Phan Rí Cửa,Hàng Mới Ca 1,2026-10-06 - Thứ 3,302,99.67%,87.42%,1.32%,3.84,264,4,301,4,34,1,0.33%,11.26%,302,Bình Thuận,NTB,AM D.Long
NTB - Bình Thuận,(BTH) Phan Rí Cửa,Hàng Mới Ca 1,2026-09-12 - Thứ 7,381,99.74%,91.08%,1.84%,4.22,347,7,380,7,27,1,0.26%,7.08%,381,Bình Thuận,NTB,AM D.Long
NTB - Bình Thuận,(BTH) Phan Rí Cửa,Hàng Mới Ca 1,2026-10-05 - Thứ 2,195,100.00%,88.72%,1.03%,3.99,173,2,195,2,20,0,0.00%,10.25%,195,Bình Thuận,NTB,AM D.Long
NTB - Bình Thuận,(BTH) Phan Rí Cửa,Hàng Mới Ca 1,2026-09-22 - Thứ 3,323,100.00%,92.88%,1.24%,4.3,300,4,323,4,19,0,0.00%,5.88%,323,Bình Thuận,NTB,AM D.Long
NTB - Bình Thuận,(BTH) Phan Rí Cửa,Hàng Mới Ca 1,2026-09-23 - Thứ 4,304,100.00%,81.58%,1.97%,5.42,248,6,304,6,50,0,0.00%,16.45%,304,Bình Thuận,NTB,AM D.Long
NTB - Bình Thuận,(BTH) Phan Rí Cửa,Hàng Mới Ca 1,2026-09-15 - Thứ 3,258,100.00%,89.15%,1.16%,4.08,230,3,258,3,25,0,0.00%,9.69%,258,Bình Thuận,NTB,AM D.Long
NTB - Bình Thuận,(BTH) Phan Rí Cửa,Hàng Mới Ca 1,2026-10-02 - Thứ 6,382,100.00%,92.15%,0.26%,4.25,352,1,382,1,29,0,0.00%,7.59%,382,Bình Thuận,NTB,AM D.Long
NTB - Bình Thuận,(BTH) Phan Rí Cửa,Hàng Mới Ca 1,2026-09-29 - Thứ 3,275,100.00%,88.00%,0.73%,4,242,2,275,2,31,0,0.00%,11.27%,275,Bình Thuận,NTB,AM D.Long
NTB - Bình Thuận,(BTH) Phan Rí Cửa,Hàng Mới Ca 1,2026-09-19 - Thứ 7,228,100.00%,90.79%,0.88%,3.96,207,2,228,2,19,0,0.00%,8.33%,228,Bình Thuận,NTB,AM D.Long
NTB - Bình Thuận,(BTH) Phan Rí Cửa,Hàng Mới Ca 1,2026-10-04 - Chủ Nhật,295,100.00%,94.24%,0.34%,4.06,278,1,295,1,16,0,0.00%,5.42%,295,Bình Thuận,NTB,AM D.Long
NTB - Bình Thuận,(BTH) Phan Rí Cửa,Hàng Mới Ca 1,2026-09-30 - Thứ 4,294,99.66%,92.18%,0.68%,3.74,271,2,293,2,21,1,0.34%,7.14%,294,Bình Thuận,NTB,AM D.Long
NTB - Bình Thuận,(BTH) Phan Rí Cửa,Hàng Mới Ca 1,2026-09-17 - Thứ 5,265,99.62%,90.57%,0.75%,4.27,240,2,264,2,23,1,0.38%,8.68%,265,Bình Thuận,NTB,AM D.Long
NTB - Bình Thuận,(BTH) Phan Rí Cửa,Hàng Mới Ca 1,2026-10-09 - Thứ 6,380,99.74%,87.11%,1.32%,4.56,331,5,379,5,44,1,0.26%,11.57%,380,Bình Thuận,NTB,AM D.Long
NTB - Bình Thuận,(BTH) Phan Rí Cửa,Hàng Mới Ca 1,2026-09-26 - Thứ 7,279,99.64%,88.89%,0.72%,4.35,248,2,278,2,29,1,0.36%,10.39%,279,Bình Thuận,NTB,AM D.Long
NTB - Bình Thuận,(BTH) Phan Rí Cửa,Hàng Mới Ca 1,2026-09-28 - Thứ 2,263,100.00%,85.55%,0.38%,4.3,225,1,263,1,37,0,0.00%,14.07%,263,Bình Thuận,NTB,AM D.Long
NTB - Bình Thuận,(BTH) Phan Rí Cửa,Hàng Mới Ca 1,2026-10-07 - Thứ 4,221,100.00%,92.76%,1.36%,3.81,205,3,221,3,13,0,0.00%,5.88%,221,Bình Thuận,NTB,AM D.Long
NTB - Bình Thuận,(BTH) Phan Rí Cửa,Hàng Mới Ca 1,2026-09-18 - Thứ 6,361,100.00%,90.03%,1.94%,4.44,325,7,361,7,29,0,0.00%,8.03%,361,Bình Thuận,NTB,AM D.Long
NTB - Bình Thuận,(BTH) Phan Rí Cửa,Hàng Mới Ca 1,2026-09-27 - Chủ Nhật,366,99.73%,84.15%,0.55%,4.58,308,2,365,2,56,1,0.27%,15.30%,366,Bình Thuận,NTB,AM D.Long
NTB - Bình Thuận,(BTH) Phan Rí Cửa,Hàng Mới Ca 1,2026-09-20 - Chủ Nhật,222,100.00%,95.50%,0.00%,3.58,212,0,222,0,10,0,0.00%,4.50%,222,Bình Thuận,NTB,AM D.Long
NTB - Bình Thuận,(BTH) Phan Rí Cửa,Hàng Mới Ca 1,2026-09-13 - Chủ Nhật,310,99.68%,90.65%,0.65%,4.42,281,2,309,2,27,1,0.32%,8.70%,310,Bình Thuận,NTB,AM D.Long
NTB - Bình Thuận,(BTH) Phan Rí Cửa,Hàng Mới Ca 1,2026-09-24 - Thứ 5,265,99.25%,92.45%,1.13%,4.63,245,3,263,3,17,2,0.75%,6.42%,265,Bình Thuận,NTB,AM D.Long
NTB - Bình Thuận,(BTH) Phan Rí Cửa,Hàng Mới Ca 1,2026-10-01 - Thứ 5,231,100.00%,87.88%,2.16%,4.33,203,5,231,5,23,0,0.00%,9.96%,231,Bình Thuận,NTB,AM D.Long
NTB - Bình Thuận,(BTH) Phan Rí Cửa,Hàng Mới Ca 1,2026-09-14 - Thứ 2,389,100.00%,88.69%,0.77%,4.4,345,3,389,3,41,0,0.00%,10.54%,389,Bình Thuận,NTB,AM D.Long
NTB - Bình Thuận,(BTH) Phan Rí Cửa,Hàng Mới Ca 1,2026-10-08 - Thứ 5,409,99.27%,91.20%,1.22%,4.82,373,5,406,5,31,3,0.73%,7.58%,409,Bình Thuận,NTB,AM D.Long
NTB - Bình Thuận,(BTH) Phan Rí Cửa,Hàng Mới Ca 1,2026-09-16 - Thứ 4,272,99.63%,93.38%,1.84%,4.06,254,5,271,5,13,1,0.37%,4.78%,272,Bình Thuận,NTB,AM D.Long
NTB - Bình Thuận,(BTH) Phan Rí Cửa,Hàng Mới Ca 1,2026-09-25 - Thứ 6,340,99.41%,91.18%,0.29%,5.03,310,1,338,1,29,2,0.59%,8.53%,340,Bình Thuận,NTB,AM D.Long
NTB - Bình Thuận,(BTH) Phan Rí Cửa,Hàng Mới Ca 2,2026-09-18 - Thứ 6,260,71.92%,60.77%,1.92%,2.16,158,5,187,5,97,73,28.08%,37.31%,260,Bình Thuận,NTB,AM D.Long
NTB - Bình Thuận,(BTH) Phan Rí Cửa,Hàng Mới Ca 2,2026-09-20 - Chủ Nhật,347,73.78%,61.38%,0.58%,3.37,213,2,256,2,132,91,26.22%,38.04%,347,Bình Thuận,NTB,AM D.Long
NTB - Bình Thuận,(BTH) Phan Rí Cửa,Hàng Mới Ca 2,2026-09-13 - Chủ Nhật,242,68.60%,57.44%,1.24%,1.99,139,3,166,3,100,76,31.40%,41.32%,242,Bình Thuận,NTB,AM D.Long
NTB - Bình Thuận,(BTH) Phan Rí Cửa,Hàng Mới Ca 2,2026-09-24 - Thứ 5,409,14.18%,12.71%,0.24%,2,52,1,58,1,356,351,85.82%,87.05%,409,Bình Thuận,NTB,AM D.Long
NTB - Bình Thuận,(BTH) Phan Rí Cửa,Hàng Mới Ca 2,2026-10-06 - Thứ 3,422,99.53%,80.09%,0.47%,2.59,338,2,420,2,82,2,0.47%,19.44%,422,Bình Thuận,NTB,AM D.Long
NTB - Bình Thuận,(BTH) Phan Rí Cửa,Hàng Mới Ca 2,2026-09-12 - Thứ 7,362,71.82%,62.71%,0.55%,2.4,227,2,260,2,133,102,28.18%,36.74%,362,Bình Thuận,NTB,AM D.Long
NTB - Bình Thuận,(BTH) Phan Rí Cửa,Hàng Mới Ca 2,2026-09-22 - Thứ 3,282,99.65%,82.27%,1.42%,3.11,232,4,281,4,46,1,0.35%,16.31%,282,Bình Thuận,NTB,AM D.Long
NTB - Bình Thuận,(BTH) Phan Rí Cửa,Hàng Mới Ca 2,2026-09-23 - Thứ 4,274,22.26%,12.41%,0.00%,2.79,34,0,61,0,240,213,77.74%,87.59%,274,Bình Thuận,NTB,AM D.Long
NTB - Bình Thuận,(BTH) Phan Rí Cửa,Hàng Mới Ca 2,2026-09-15 - Thứ 3,260,99.23%,84.23%,0.38%,2.18,219,1,258,1,40,2,0.77%,15.39%,260,Bình Thuận,NTB,AM D.Long
NTB - Bình Thuận,(BTH) Phan Rí Cửa,Hàng Mới Ca 2,2026-10-02 - Thứ 6,338,65.98%,55.62%,0.59%,2.33,188,2,223,2,148,115,34.02%,43.79%,338,Bình Thuận,NTB,AM D.Long
NTB - Bình Thuận,(BTH) Phan Rí Cửa,Hàng Mới Ca 2,2026-09-19 - Thứ 7,411,68.13%,57.91%,1.70%,3.16,238,7,280,7,166,131,31.87%,40.39%,411,Bình Thuận,NTB,AM D.Long
NTB - Bình Thuận,(BTH) Phan Rí Cửa,Hàng Mới Ca 2,2026-10-04 - Chủ Nhật,408,66.18%,58.58%,0.25%,2.44,239,1,270,1,168,138,33.82%,41.17%,408,Bình Thuận,NTB,AM D.Long
NTB - Bình Thuận,(BTH) Phan Rí Cửa,Hàng Mới Ca 2,2026-10-09 - Thứ 6,363,72.18%,57.58%,1.10%,2.55,209,4,262,4,150,101,27.82%,41.32%,363,Bình Thuận,NTB,AM D.Long
NTB - Bình Thuận,(BTH) Phan Rí Cửa,Hàng Mới Ca 2,2026-09-26 - Thứ 7,196,47.45%,43.88%,0.00%,1.49,86,0,93,0,110,103,52.55%,56.12%,196,Bình Thuận,NTB,AM D.Long
NTB - Bình Thuận,(BTH) Phan Rí Cửa,Hàng Mới Ca 2,2026-09-28 - Thứ 2,186,60.22%,52.15%,0.54%,1.76,97,1,112,1,88,74,39.78%,47.31%,186,Bình Thuận,NTB,AM D.Long
NTB - Bình Thuận,(BTH) Phan Rí Cửa,Hàng Mới Ca 2,2026-10-07 - Thứ 4,295,64.07%,54.92%,0.68%,2.4,162,2,189,2,131,106,35.93%,44.40%,295,Bình Thuận,NTB,AM D.Long
NTB - Bình Thuận,(BTH) Phan Rí Cửa,Hàng Mới Ca 2,2026-10-03 - Thứ 7,317,63.09%,55.52%,0.95%,3.19,176,3,200,3,138,117,36.91%,43.53%,317,Bình Thuận,NTB,AM D.Long
NTB - Bình Thuận,(BTH) Phan Rí Cửa,Hàng Mới Ca 2,2026-09-16 - Thứ 4,334,66.17%,58.68%,0.90%,2.12,196,3,221,3,135,113,33.83%,40.42%,334,Bình Thuận,NTB,AM D.Long
NTB - Bình Thuận,(BTH) Phan Rí Cửa,Hàng Mới Ca 2,2026-09-25 - Thứ 6,266,69.17%,56.77%,0.75%,2.35,151,2,184,2,113,82,30.83%,42.48%,266,Bình Thuận,NTB,AM D.Long
NTB - Bình Thuận,(BTH) Phan Rí Cửa,Hàng Mới Ca 2,2026-10-01 - Thứ 5,331,72.21%,62.54%,0.91%,3.58,207,3,239,3,121,92,27.79%,36.55%,331,Bình Thuận,NTB,AM D.Long
NTB - Bình Thuận,(BTH) Phan Rí Cửa,Hàng Mới Ca 2,2026-09-21 - Thứ 2,141,48.23%,42.55%,0.71%,2.17,60,1,68,1,80,73,51.77%,56.74%,141,Bình Thuận,NTB,AM D.Long
NTB - Bình Thuận,(BTH) Phan Rí Cửa,Hàng Mới Ca 2,2026-10-05 - Thứ 2,226,56.19%,49.12%,0.00%,2.33,111,0,127,0,115,99,43.81%,50.88%,226,Bình Thuận,NTB,AM D.Long
NTB - Bình Thuận,(BTH) Phan Rí Cửa,Hàng Mới Ca 2,2026-10-08 - Thứ 5,304,67.43%,55.92%,0.99%,2.13,170,3,205,3,131,99,32.57%,43.09%,304,Bình Thuận,NTB,AM D.Long
NTB - Bình Thuận,(BTH) Phan Rí Cửa,Hàng Mới Ca 2,2026-09-30 - Thứ 4,229,68.56%,60.26%,0.87%,2.69,138,2,157,2,89,72,31.44%,38.87%,229,Bình Thuận,NTB,AM D.Long
NTB - Bình Thuận,(BTH) Phan Rí Cửa,Hàng Mới Ca 2,2026-09-17 - Thứ 5,144,65.28%,59.72%,0.69%,2.23,86,1,94,1,57,50,34.72%,39.59%,144,Bình Thuận,NTB,AM D.Long
NTB - Bình Thuận,(BTH) Phan Rí Cửa,Hàng Mới Ca 2,2026-09-27 - Chủ Nhật,183,53.01%,44.26%,1.09%,2.41,81,2,97,2,100,86,46.99%,54.65%,183,Bình Thuận,NTB,AM D.Long
NTB - Bình Thuận,(BTH) Phan Rí Cửa,Hàng Mới Ca 2,2026-09-14 - Thứ 2,182,67.03%,59.89%,0.00%,1.79,109,0,122,0,73,60,32.97%,40.11%,182,Bình Thuận,NTB,AM D.Long
NTB - Bình Thuận,(BTH) Phan Rí Cửa,Hàng Mới Ca 2,2026-09-29 - Thứ 3,236,100.00%,80.08%,0.85%,2.19,189,2,236,2,45,0,0.00%,19.07%,236,Bình Thuận,NTB,AM D.Long
NTB - Bình Thuận,(BTH) Phan Rí Cửa,Hàng Tồn,2026-10-07 - Thứ 4,173,98.84%,62.43%,4.62%,33.57,108,8,171,8,57,2,1.16%,32.95%,0,Bình Thuận,NTB,AM D.Long
NTB - Bình Thuận,(BTH) Phan Rí Cửa,Hàng Tồn,2026-10-03 - Thứ 7,230,100.00%,66.52%,3.91%,29.07,153,9,230,9,68,0,0.00%,29.57%,0,Bình Thuận,NTB,AM D.Long
NTB - Bình Thuận,(BTH) Phan Rí Cửa,Hàng Tồn,2026-09-25 - Thứ 6,438,100.00%,84.47%,2.05%,27.39,370,9,438,9,59,0,0.00%,13.48%,0,Bình Thuận,NTB,AM D.Long
NTB - Bình Thuận,(BTH) Phan Rí Cửa,Hàng Tồn,2026-09-27 - Chủ Nhật,201,100.00%,58.71%,4.48%,29.64,118,9,201,9,74,0,0.00%,36.81%,0,Bình Thuận,NTB,AM D.Long
NTB - Bình Thuận,(BTH) Phan Rí Cửa,Hàng Tồn,2026-09-20 - Chủ Nhật,228,99.56%,71.93%,3.95%,26.73,164,9,227,9,55,1,0.44%,24.12%,0,Bình Thuận,NTB,AM D.Long
NTB - Bình Thuận,(BTH) Phan Rí Cửa,Hàng Tồn,2026-09-13 - Chủ Nhật,197,98.98%,57.36%,4.06%,25.8,113,8,195,8,76,2,1.02%,38.58%,0,Bình Thuận,NTB,AM D.Long
NTB - Bình Thuận,(BTH) Phan Rí Cửa,Hàng Tồn,2026-09-24 - Thứ 5,335,99.70%,69.55%,4.78%,24.74,233,16,334,16,86,1,0.30%,25.67%,0,Bình Thuận,NTB,AM D.Long
NTB - Bình Thuận,(BTH) Phan Rí Cửa,Hàng Tồn,2026-10-06 - Thứ 3,187,100.00%,58.82%,5.35%,26.21,110,10,187,10,67,0,0.00%,35.83%,0,Bình Thuận,NTB,AM D.Long
NTB - Bình Thuận,(BTH) Phan Rí Cửa,Hàng Tồn,2026-09-12 - Thứ 7,175,98.86%,58.86%,8.00%,28.39,103,14,173,14,58,2,1.14%,33.14%,0,Bình Thuận,NTB,AM D.Long
NTB - Bình Thuận,(BTH) Phan Rí Cửa,Hàng Tồn,2026-10-05 - Thứ 2,228,99.56%,67.98%,4.82%,26.07,155,11,227,11,62,1,0.44%,27.20%,0,Bình Thuận,NTB,AM D.Long
NTB - Bình Thuận,(BTH) Phan Rí Cửa,Hàng Tồn,2026-09-15 - Thứ 3,165,100.00%,56.36%,8.48%,28.05,93,14,165,14,58,0,0.00%,35.16%,0,Bình Thuận,NTB,AM D.Long
NTB - Bình Thuận,(BTH) Phan Rí Cửa,Hàng Tồn,2026-10-02 - Thứ 6,184,98.37%,59.78%,8.15%,27.29,110,15,181,15,59,3,1.63%,32.07%,0,Bình Thuận,NTB,AM D.Long
NTB - Bình Thuận,(BTH) Phan Rí Cửa,Hàng Tồn,2026-09-29 - Thứ 3,177,99.44%,59.89%,3.39%,29.85,106,6,176,6,65,1,0.56%,36.72%,0,Bình Thuận,NTB,AM D.Long
NTB - Bình Thuận,(BTH) Phan Rí Cửa,Hàng Tồn,2026-09-19 - Thứ 7,164,99.39%,61.59%,3.05%,26.38,101,5,163,5,58,1,0.61%,35.36%,0,Bình Thuận,NTB,AM D.Long
NTB - Bình Thuận,(BTH) Phan Rí Cửa,Hàng Tồn,2026-10-04 - Chủ Nhật,212,98.58%,67.45%,1.89%,26.71,143,4,209,4,65,3,1.42%,30.66%,0,Bình Thuận,NTB,AM D.Long
NTB - Bình Thuận,(BTH) Phan Rí Cửa,Hàng Tồn,2026-09-30 - Thứ 4,139,100.00%,37.41%,9.35%,34.76,52,13,139,13,74,0,0.00%,53.24%,0,Bình Thuận,NTB,AM D.Long
NTB - Bình Thuận,(BTH) Phan Rí Cửa,Hàng Tồn,2026-09-17 - Thứ 5,186,98.92%,72.04%,5.91%,25.27,134,11,184,11,41,2,1.08%,22.05%,0,Bình Thuận,NTB,AM D.Long
NTB - Bình Thuận,(BTH) Phan Rí Cửa,Hàng Tồn,2026-09-26 - Thứ 7,200,99.00%,61.00%,2.50%,28.04,122,5,198,5,73,2,1.00%,36.50%,0,Bình Thuận,NTB,AM D.Long
NTB - Bình Thuận,(BTH) Phan Rí Cửa,Hàng Tồn,2026-09-28 - Thứ 2,218,100.00%,66.97%,3.21%,30.53,146,7,218,7,65,0,0.00%,29.82%,0,Bình Thuận,NTB,AM D.Long
NTB - Bình Thuận,(BTH) Phan Rí Cửa,Hàng Tồn,2026-09-16 - Thứ 4,107,98.13%,42.99%,6.54%,32.39,46,7,105,7,54,2,1.87%,50.47%,0,Bình Thuận,NTB,AM D.Long
NTB - Bình Thuận,(BTH) Phan Rí Cửa,Hàng Tồn,2026-09-18 - Thứ 6,112,97.32%,55.36%,3.57%,29.63,62,4,109,4,46,3,2.68%,41.07%,0,Bình Thuận,NTB,AM D.Long
NTB - Bình Thuận,(BTH) Phan Rí Cửa,Hàng Tồn,2026-09-23 - Thứ 4,100,100.00%,37.00%,8.00%,31.14,37,8,100,8,55,0,0.00%,55.00%,0,Bình Thuận,NTB,AM D.Long
NTB - Bình Thuận,(BTH) Phan Rí Cửa,Hàng Tồn,2026-10-01 - Thứ 5,171,99.42%,52.63%,12.28%,28,90,21,170,21,60,1,0.58%,35.09%,0,Bình Thuận,NTB,AM D.Long
NTB - Bình Thuận,(BTH) Phan Rí Cửa,Hàng Tồn,2026-09-22 - Thứ 3,146,99.32%,63.01%,2.74%,29.63,92,4,145,4,50,1,0.68%,34.25%,0,Bình Thuận,NTB,AM D.Long
NTB - Bình Thuận,(BTH) Phan Rí Cửa,Hàng Tồn,2026-09-14 - Thứ 2,191,100.00%,63.87%,4.71%,29.91,122,9,191,9,60,0,0.00%,31.42%,0,Bình Thuận,NTB,AM D.Long
NTB - Bình Thuận,(BTH) Phan Rí Cửa,Hàng Tồn,2026-10-08 - Thứ 5,195,99.49%,65.13%,6.67%,26.44,127,13,194,13,55,1,0.51%,28.20%,0,Bình Thuận,NTB,AM D.Long
NTB - Bình Thuận,(BTH) Phan Rí Cửa,Hàng Tồn,2026-10-09 - Thứ 6,201,97.51%,66.67%,3.98%,26.44,134,8,196,8,59,5,2.49%,29.35%,0,Bình Thuận,NTB,AM D.Long
NTB - Bình Thuận,(BTH) Phan Rí Cửa,Hàng Tồn,2026-09-21 - Thứ 2,184,100.00%,65.76%,3.80%,28.18,121,7,184,7,56,0,0.00%,30.44%,0,Bình Thuận,NTB,AM D.Long
NTB - Bình Thuận,(BTH) Mũi Né,Hàng Mới Ca 1,2026-09-27 - Chủ Nhật,251,94.82%,80.08%,0.80%,7.21,201,2,238,2,48,13,5.18%,19.12%,251,Bình Thuận,NTB,AM Khánh
NTB - Bình Thuận,(BTH) Mũi Né,Hàng Mới Ca 1,2026-09-20 - Chủ Nhật,257,99.22%,85.99%,0.78%,7.45,221,2,255,2,34,2,0.78%,13.23%,257,Bình Thuận,NTB,AM Khánh
NTB - Bình Thuận,(BTH) Mũi Né,Hàng Mới Ca 1,2026-09-24 - Thứ 5,355,99.15%,86.48%,1.69%,7.22,307,6,352,6,42,3,0.85%,11.83%,355,Bình Thuận,NTB,AM Khánh
NTB - Bình Thuận,(BTH) Mũi Né,Hàng Mới Ca 1,2026-10-06 - Thứ 3,420,99.76%,86.43%,0.95%,7.53,363,4,419,4,53,1,0.24%,12.62%,420,Bình Thuận,NTB,AM Khánh
NTB - Bình Thuận,(BTH) Mũi Né,Hàng Mới Ca 1,2026-10-01 - Thứ 5,181,98.90%,88.40%,0.55%,5.42,160,1,179,1,20,2,1.10%,11.05%,181,Bình Thuận,NTB,AM Khánh
NTB - Bình Thuận,(BTH) Mũi Né,Hàng Mới Ca 1,2026-09-12 - Thứ 7,419,100.00%,88.31%,0.48%,8.28,370,2,419,2,47,0,0.00%,11.21%,419,Bình Thuận,NTB,AM Khánh
NTB - Bình Thuận,(BTH) Mũi Né,Hàng Mới Ca 1,2026-09-23 - Thứ 4,287,98.26%,86.41%,0.35%,6.96,248,1,282,1,38,5,1.74%,13.24%,287,Bình Thuận,NTB,AM Khánh
NTB - Bình Thuận,(BTH) Mũi Né,Hàng Mới Ca 1,2026-09-14 - Thứ 2,277,99.28%,83.75%,1.44%,6.9,232,4,275,4,41,2,0.72%,14.81%,277,Bình Thuận,NTB,AM Khánh
NTB - Bình Thuận,(BTH) Mũi Né,Hàng Mới Ca 1,2026-10-02 - Thứ 6,361,99.72%,83.93%,0.83%,7.28,303,3,360,3,55,1,0.28%,15.24%,361,Bình Thuận,NTB,AM Khánh
NTB - Bình Thuận,(BTH) Mũi Né,Hàng Mới Ca 1,2026-09-29 - Thứ 3,286,97.55%,85.66%,0.70%,5.95,245,2,279,2,39,7,2.45%,13.64%,286,Bình Thuận,NTB,AM Khánh
NTB - Bình Thuận,(BTH) Mũi Né,Hàng Mới Ca 1,2026-10-08 - Thứ 5,408,100.00%,86.52%,1.23%,7.78,353,5,408,5,50,0,0.00%,12.25%,408,Bình Thuận,NTB,AM Khánh
NTB - Bình Thuận,(BTH) Mũi Né,Hàng Mới Ca 1,2026-10-04 - Chủ Nhật,297,99.33%,90.57%,1.35%,7.59,269,4,295,4,24,2,0.67%,8.08%,297,Bình Thuận,NTB,AM Khánh
NTB - Bình Thuận,(BTH) Mũi Né,Hàng Mới Ca 1,2026-09-30 - Thứ 4,268,100.00%,89.93%,0.00%,7.21,241,0,268,0,27,0,0.00%,10.07%,268,Bình Thuận,NTB,AM Khánh
NTB - Bình Thuận,(BTH) Mũi Né,Hàng Mới Ca 1,2026-09-17 - Thứ 5,229,99.56%,86.90%,0.44%,6.04,199,1,228,1,29,1,0.44%,12.66%,229,Bình Thuận,NTB,AM Khánh
NTB - Bình Thuận,(BTH) Mũi Né,Hàng Mới Ca 1,2026-10-09 - Thứ 6,415,96.87%,76.63%,2.17%,7.24,318,9,402,9,88,13,3.13%,21.20%,415,Bình Thuận,NTB,AM Khánh
NTB - Bình Thuận,(BTH) Mũi Né,Hàng Mới Ca 1,2026-09-28 - Thứ 2,243,99.18%,87.24%,0.82%,6.68,212,2,241,2,29,2,0.82%,11.94%,243,Bình Thuận,NTB,AM Khánh
NTB - Bình Thuận,(BTH) Mũi Né,Hàng Mới Ca 1,2026-10-07 - Thứ 4,267,99.25%,85.77%,1.50%,6.84,229,4,265,4,34,2,0.75%,12.73%,267,Bình Thuận,NTB,AM Khánh
NTB - Bình Thuận,(BTH) Mũi Né,Hàng Mới Ca 1,2026-10-03 - Thứ 7,317,100.00%,88.64%,0.32%,8.22,281,1,317,1,35,0,0.00%,11.04%,317,Bình Thuận,NTB,AM Khánh
NTB - Bình Thuận,(BTH) Mũi Né,Hàng Mới Ca 1,2026-09-16 - Thứ 4,252,100.00%,84.92%,1.98%,6.04,214,5,252,5,33,0,0.00%,13.10%,252,Bình Thuận,NTB,AM Khánh
NTB - Bình Thuận,(BTH) Mũi Né,Hàng Mới Ca 1,2026-09-21 - Thứ 2,174,98.28%,89.66%,0.57%,5.41,156,1,171,1,17,3,1.72%,9.77%,174,Bình Thuận,NTB,AM Khánh
NTB - Bình Thuận,(BTH) Mũi Né,Hàng Mới Ca 1,2026-09-13 - Chủ Nhật,348,98.85%,85.92%,1.44%,7.55,299,5,344,5,44,4,1.15%,12.64%,348,Bình Thuận,NTB,AM Khánh
NTB - Bình Thuận,(BTH) Mũi Né,Hàng Mới Ca 1,2026-10-05 - Thứ 2,247,95.95%,77.33%,0.40%,5.88,191,1,237,1,55,10,4.05%,22.27%,247,Bình Thuận,NTB,AM Khánh
NTB - Bình Thuận,(BTH) Mũi Né,Hàng Mới Ca 1,2026-09-22 - Thứ 3,271,99.26%,86.35%,1.85%,6.04,234,5,269,5,32,2,0.74%,11.80%,271,Bình Thuận,NTB,AM Khánh
NTB - Bình Thuận,(BTH) Mũi Né,Hàng Mới Ca 1,2026-09-15 - Thứ 3,309,97.73%,83.50%,1.62%,7.05,258,5,302,5,46,7,2.27%,14.88%,309,Bình Thuận,NTB,AM Khánh
NTB - Bình Thuận,(BTH) Mũi Né,Hàng Mới Ca 1,2026-09-19 - Thứ 7,199,98.99%,90.95%,0.50%,6.15,181,1,197,1,17,2,1.01%,8.55%,199,Bình Thuận,NTB,AM Khánh
NTB - Bình Thuận,(BTH) Mũi Né,Hàng Mới Ca 1,2026-09-26 - Thứ 7,233,99.57%,83.26%,0.00%,7.38,194,0,232,0,39,1,0.43%,16.74%,233,Bình Thuận,NTB,AM Khánh
NTB - Bình Thuận,(BTH) Mũi Né,Hàng Mới Ca 1,2026-09-25 - Thứ 6,305,96.72%,84.59%,1.31%,7.55,258,4,295,4,43,10,3.28%,14.10%,305,Bình Thuận,NTB,AM Khánh
NTB - Bình Thuận,(BTH) Mũi Né,Hàng Mới Ca 1,2026-09-18 - Thứ 6,303,99.34%,88.45%,0.33%,7.5,268,1,301,1,34,2,0.66%,11.22%,303,Bình Thuận,NTB,AM Khánh
NTB - Bình Thuận,(BTH) Mũi Né,Hàng Mới Ca 2,2026-10-03 - Thứ 7,318,82.08%,68.55%,0.63%,4.4,218,2,261,2,98,57,17.92%,30.82%,318,Bình Thuận,NTB,AM Khánh
NTB - Bình Thuận,(BTH) Mũi Né,Hàng Mới Ca 2,2026-09-18 - Thứ 6,298,81.88%,65.44%,1.01%,4.4,195,3,244,3,100,54,18.12%,33.55%,298,Bình Thuận,NTB,AM Khánh
NTB - Bình Thuận,(BTH) Mũi Né,Hàng Mới Ca 2,2026-09-27 - Chủ Nhật,144,61.11%,45.83%,1.39%,3.76,66,2,88,2,76,56,38.89%,52.78%,144,Bình Thuận,NTB,AM Khánh
NTB - Bình Thuận,(BTH) Mũi Né,Hàng Mới Ca 2,2026-09-20 - Chủ Nhật,339,70.50%,60.18%,1.18%,3.5,204,4,239,4,131,100,29.50%,38.64%,339,Bình Thuận,NTB,AM Khánh
NTB - Bình Thuận,(BTH) Mũi Né,Hàng Mới Ca 2,2026-10-01 - Thứ 5,336,83.33%,72.92%,0.30%,3.2,245,1,280,1,90,56,16.67%,26.78%,336,Bình Thuận,NTB,AM Khánh
NTB - Bình Thuận,(BTH) Mũi Né,Hàng Mới Ca 2,2026-09-12 - Thứ 7,257,46.69%,36.96%,1.56%,2.89,95,4,120,4,158,137,53.31%,61.48%,257,Bình Thuận,NTB,AM Khánh
NTB - Bình Thuận,(BTH) Mũi Né,Hàng Mới Ca 2,2026-10-05 - Thứ 2,188,64.89%,55.32%,0.53%,2.03,104,1,122,1,83,66,35.11%,44.15%,188,Bình Thuận,NTB,AM Khánh
NTB - Bình Thuận,(BTH) Mũi Né,Hàng Mới Ca 2,2026-09-22 - Thứ 3,244,90.16%,76.23%,1.64%,3.96,186,4,220,4,54,24,9.84%,22.13%,244,Bình Thuận,NTB,AM Khánh
NTB - Bình Thuận,(BTH) Mũi Né,Hàng Mới Ca 2,2026-09-23 - Thứ 4,161,68.32%,49.07%,0.00%,3.78,79,0,110,0,82,51,31.68%,50.93%,161,Bình Thuận,NTB,AM Khánh
NTB - Bình Thuận,(BTH) Mũi Né,Hàng Mới Ca 2,2026-09-15 - Thứ 3,290,90.69%,74.14%,1.03%,4.08,215,3,263,3,72,27,9.31%,24.83%,290,Bình Thuận,NTB,AM Khánh
NTB - Bình Thuận,(BTH) Mũi Né,Hàng Mới Ca 2,2026-10-02 - Thứ 6,308,81.49%,64.61%,0.32%,3.09,199,1,251,1,108,57,18.51%,35.07%,308,Bình Thuận,NTB,AM Khánh
NTB - Bình Thuận,(BTH) Mũi Né,Hàng Mới Ca 2,2026-09-29 - Thứ 3,230,76.96%,67.39%,0.00%,3.69,155,0,177,0,75,53,23.04%,32.61%,230,Bình Thuận,NTB,AM Khánh
NTB - Bình Thuận,(BTH) Mũi Né,Hàng Mới Ca 2,2026-10-08 - Thứ 5,274,66.06%,54.38%,0.36%,2.95,149,1,181,1,124,93,33.94%,45.26%,274,Bình Thuận,NTB,AM Khánh
NTB - Bình Thuận,(BTH) Mũi Né,Hàng Mới Ca 2,2026-10-04 - Chủ Nhật,367,72.75%,61.04%,0.54%,3.35,224,2,267,2,141,100,27.25%,38.42%,367,Bình Thuận,NTB,AM Khánh
NTB - Bình Thuận,(BTH) Mũi Né,Hàng Mới Ca 2,2026-09-30 - Thứ 4,245,83.67%,70.20%,0.00%,3.04,172,0,205,0,73,40,16.33%,29.80%,245,Bình Thuận,NTB,AM Khánh
NTB - Bình Thuận,(BTH) Mũi Né,Hàng Mới Ca 2,2026-09-17 - Thứ 5,269,79.18%,63.57%,1.49%,2.92,171,4,213,4,94,56,20.82%,34.94%,269,Bình Thuận,NTB,AM Khánh
NTB - Bình Thuận,(BTH) Mũi Né,Hàng Mới Ca 2,2026-10-09 - Thứ 6,393,52.16%,45.29%,1.02%,4.63,178,4,205,4,211,188,47.84%,53.69%,393,Bình Thuận,NTB,AM Khánh
NTB - Bình Thuận,(BTH) Mũi Né,Hàng Mới Ca 2,2026-09-26 - Thứ 7,276,61.96%,50.72%,1.09%,3.78,140,3,171,3,133,105,38.04%,48.19%,276,Bình Thuận,NTB,AM Khánh
NTB - Bình Thuận,(BTH) Mũi Né,Hàng Mới Ca 2,2026-09-28 - Thứ 2,133,62.41%,51.13%,0.00%,3.54,68,0,83,0,65,50,37.59%,48.87%,133,Bình Thuận,NTB,AM Khánh
NTB - Bình Thuận,(BTH) Mũi Né,Hàng Mới Ca 2,2026-10-07 - Thứ 4,297,69.70%,55.89%,0.34%,3.75,166,1,207,1,130,90,30.30%,43.77%,297,Bình Thuận,NTB,AM Khánh
NTB - Bình Thuận,(BTH) Mũi Né,Hàng Mới Ca 2,2026-09-16 - Thứ 4,338,76.33%,61.24%,0.30%,3.53,207,1,258,1,130,80,23.67%,38.46%,338,Bình Thuận,NTB,AM Khánh
NTB - Bình Thuận,(BTH) Mũi Né,Hàng Mới Ca 2,2026-09-25 - Thứ 6,262,51.91%,40.84%,0.38%,4.01,107,1,136,1,154,126,48.09%,58.78%,262,Bình Thuận,NTB,AM Khánh
NTB - Bình Thuận,(BTH) Mũi Né,Hàng Mới Ca 2,2026-09-13 - Chủ Nhật,319,59.25%,52.35%,0.00%,3.28,167,0,189,0,152,130,40.75%,47.65%,319,Bình Thuận,NTB,AM Khánh
NTB - Bình Thuận,(BTH) Mũi Né,Hàng Mới Ca 2,2026-09-24 - Thứ 5,324,51.85%,42.28%,0.31%,3.61,137,1,168,1,186,156,48.15%,57.41%,324,Bình Thuận,NTB,AM Khánh
NTB - Bình Thuận,(BTH) Mũi Né,Hàng Mới Ca 2,2026-10-06 - Thứ 3,360,67.78%,57.50%,0.56%,2.74,207,2,244,2,151,116,32.22%,41.94%,360,Bình Thuận,NTB,AM Khánh
NTB - Bình Thuận,(BTH) Mũi Né,Hàng Mới Ca 2,2026-09-14 - Thứ 2,194,69.59%,56.70%,1.55%,3.19,110,3,135,3,81,59,30.41%,41.75%,194,Bình Thuận,NTB,AM Khánh
NTB - Bình Thuận,(BTH) Mũi Né,Hàng Mới Ca 2,2026-09-19 - Thứ 7,389,81.75%,68.64%,0.26%,3.35,267,1,318,1,121,71,18.25%,31.10%,389,Bình Thuận,NTB,AM Khánh
NTB - Bình Thuận,(BTH) Mũi Né,Hàng Mới Ca 2,2026-09-21 - Thứ 2,190,80.00%,69.47%,0.53%,2.86,132,1,152,1,57,38,20.00%,30.00%,190,Bình Thuận,NTB,AM Khánh
NTB - Bình Thuận,(BTH) Mũi Né,Hàng Tồn,2026-09-16 - Thứ 4,179,98.32%,46.93%,7.26%,32.19,84,13,176,13,82,3,1.68%,45.81%,0,Bình Thuận,NTB,AM Khánh
NTB - Bình Thuận,(BTH) Mũi Né,Hàng Tồn,2026-09-20 - Chủ Nhật,213,97.65%,55.87%,6.10%,32.36,119,13,208,13,81,5,2.35%,38.03%,0,Bình Thuận,NTB,AM Khánh
NTB - Bình Thuận,(BTH) Mũi Né,Hàng Tồn,2026-09-24 - Thứ 5,168,98.81%,55.95%,7.74%,29.02,94,13,166,13,61,2,1.19%,36.31%,0,Bình Thuận,NTB,AM Khánh
NTB - Bình Thuận,(BTH) Mũi Né,Hàng Tồn,2026-10-06 - Thứ 3,213,99.53%,59.15%,6.10%,34.92,126,13,212,13,74,1,0.47%,34.75%,0,Bình Thuận,NTB,AM Khánh
NTB - Bình Thuận,(BTH) Mũi Né,Hàng Tồn,2026-09-12 - Thứ 7,236,99.15%,64.41%,6.78%,33.38,152,16,234,16,68,2,0.85%,28.81%,0,Bình Thuận,NTB,AM Khánh
NTB - Bình Thuận,(BTH) Mũi Né,Hàng Tồn,2026-10-05 - Thứ 2,245,97.96%,51.84%,12.24%,28.45,127,30,240,30,88,5,2.04%,35.92%,0,Bình Thuận,NTB,AM Khánh
NTB - Bình Thuận,(BTH) Mũi Né,Hàng Tồn,2026-09-22 - Thứ 3,144,98.61%,49.31%,6.94%,36.72,71,10,142,10,63,2,1.39%,43.75%,0,Bình Thuận,NTB,AM Khánh
NTB - Bình Thuận,(BTH) Mũi Né,Hàng Tồn,2026-09-23 - Thứ 4,137,97.81%,45.26%,8.03%,29.79,62,11,134,11,64,3,2.19%,46.71%,0,Bình Thuận,NTB,AM Khánh
NTB - Bình Thuận,(BTH) Mũi Né,Hàng Tồn,2026-09-14 - Thứ 2,261,98.47%,65.90%,6.13%,30.01,172,16,257,16,73,4,1.53%,27.97%,0,Bình Thuận,NTB,AM Khánh
NTB - Bình Thuận,(BTH) Mũi Né,Hàng Tồn,2026-09-15 - Thứ 3,190,96.32%,56.84%,5.79%,35.42,108,11,183,11,71,7,3.68%,37.37%,0,Bình Thuận,NTB,AM Khánh
NTB - Bình Thuận,(BTH) Mũi Né,Hàng Tồn,2026-10-02 - Thứ 6,177,98.31%,46.33%,10.73%,32.1,82,19,174,19,76,3,1.69%,42.94%,0,Bình Thuận,NTB,AM Khánh
NTB - Bình Thuận,(BTH) Mũi Né,Hàng Tồn,2026-09-29 - Thứ 3,173,93.06%,36.99%,6.36%,32.61,64,11,161,11,98,12,6.94%,56.65%,0,Bình Thuận,NTB,AM Khánh
NTB - Bình Thuận,(BTH) Mũi Né,Hàng Tồn,2026-10-08 - Thứ 5,250,98.00%,64.00%,5.60%,34.16,160,14,245,14,76,5,2.00%,30.40%,0,Bình Thuận,NTB,AM Khánh
NTB - Bình Thuận,(BTH) Mũi Né,Hàng Tồn,2026-09-19 - Thứ 7,199,92.46%,48.24%,7.04%,31.01,96,14,184,14,89,15,7.54%,44.72%,0,Bình Thuận,NTB,AM Khánh
NTB - Bình Thuận,(BTH) Mũi Né,Hàng Tồn,2026-10-04 - Chủ Nhật,208,99.52%,50.96%,5.29%,32.29,106,11,207,11,91,1,0.48%,43.75%,0,Bình Thuận,NTB,AM Khánh
NTB - Bình Thuận,(BTH) Mũi Né,Hàng Tồn,2026-09-30 - Thứ 4,188,98.40%,50.00%,5.85%,35.64,94,11,185,11,83,3,1.60%,44.15%,0,Bình Thuận,NTB,AM Khánh
NTB - Bình Thuận,(BTH) Mũi Né,Hàng Tồn,2026-09-17 - Thứ 5,231,99.13%,58.01%,9.09%,29.81,134,21,229,21,76,2,0.87%,32.90%,0,Bình Thuận,NTB,AM Khánh
NTB - Bình Thuận,(BTH) Mũi Né,Hàng Tồn,2026-10-09 - Thứ 6,238,97.06%,45.38%,7.56%,27.35,108,18,231,18,112,7,2.94%,47.06%,0,Bình Thuận,NTB,AM Khánh
NTB - Bình Thuận,(BTH) Mũi Né,Hàng Tồn,2026-09-26 - Thứ 7,282,98.94%,59.22%,4.96%,30.7,167,14,279,14,101,3,1.06%,35.82%,0,Bình Thuận,NTB,AM Khánh
NTB - Bình Thuận,(BTH) Mũi Né,Hàng Tồn,2026-09-28 - Thứ 2,225,97.33%,52.44%,5.33%,35.9,118,12,219,12,95,6,2.67%,42.23%,0,Bình Thuận,NTB,AM Khánh
NTB - Bình Thuận,(BTH) Mũi Né,Hàng Tồn,2026-10-07 - Thứ 4,267,98.13%,59.55%,2.25%,30.96,159,6,262,6,102,5,1.87%,38.20%,0,Bình Thuận,NTB,AM Khánh
NTB - Bình Thuận,(BTH) Mũi Né,Hàng Tồn,2026-10-03 - Thứ 7,230,98.70%,54.78%,9.13%,32,126,21,227,21,83,3,1.30%,36.09%,0,Bình Thuận,NTB,AM Khánh
NTB - Bình Thuận,(BTH) Mũi Né,Hàng Tồn,2026-09-25 - Thứ 6,288,97.92%,62.85%,5.90%,28.92,181,17,282,17,90,6,2.08%,31.25%,0,Bình Thuận,NTB,AM Khánh
NTB - Bình Thuận,(BTH) Mũi Né,Hàng Tồn,2026-09-18 - Thứ 6,179,96.09%,50.28%,6.15%,30.17,90,11,172,11,78,7,3.91%,43.57%,0,Bình Thuận,NTB,AM Khánh
NTB - Bình Thuận,(BTH) Mũi Né,Hàng Tồn,2026-09-21 - Thứ 2,230,96.96%,53.91%,6.96%,28.08,124,16,223,16,90,7,3.04%,39.13%,0,Bình Thuận,NTB,AM Khánh
NTB - Bình Thuận,(BTH) Mũi Né,Hàng Tồn,2026-09-13 - Chủ Nhật,261,98.47%,64.75%,4.98%,29.23,169,13,257,13,79,4,1.53%,30.27%,0,Bình Thuận,NTB,AM Khánh
NTB - Bình Thuận,(BTH) Mũi Né,Hàng Tồn,2026-09-27 - Chủ Nhật,259,96.53%,46.72%,5.41%,31.42,121,14,250,14,124,9,3.47%,47.87%,0,Bình Thuận,NTB,AM Khánh
NTB - Bình Thuận,(BTH) Mũi Né,Hàng Tồn,2026-10-01 - Thứ 5,174,95.98%,47.70%,7.47%,30.52,83,13,167,13,78,7,4.02%,44.83%,0,Bình Thuận,NTB,AM Khánh
NTB - Bình Thuận,(BTH) Lương Sơn,Hàng Mới Ca 1,2026-09-27 - Chủ Nhật,301,100.00%,86.71%,1.99%,5.1,261,6,301,6,34,0,0.00%,11.30%,301,Bình Thuận,NTB,AM Khánh
NTB - Bình Thuận,(BTH) Lương Sơn,Hàng Mới Ca 1,2026-09-21 - Thứ 2,308,100.00%,87.34%,0.65%,5.01,269,2,308,2,37,0,0.00%,12.01%,308,Bình Thuận,NTB,AM Khánh
NTB - Bình Thuận,(BTH) Lương Sơn,Hàng Mới Ca 1,2026-09-20 - Chủ Nhật,318,100.00%,87.11%,0.31%,6.81,277,1,318,1,40,0,0.00%,12.58%,318,Bình Thuận,NTB,AM Khánh
NTB - Bình Thuận,(BTH) Lương Sơn,Hàng Mới Ca 1,2026-09-24 - Thứ 5,393,99.75%,89.57%,0.51%,5.82,352,2,392,2,39,1,0.25%,9.92%,393,Bình Thuận,NTB,AM Khánh
NTB - Bình Thuận,(BTH) Lương Sơn,Hàng Mới Ca 1,2026-10-06 - Thứ 3,363,100.00%,77.69%,0.28%,5.81,282,1,363,1,80,0,0.00%,22.03%,363,Bình Thuận,NTB,AM Khánh
NTB - Bình Thuận,(BTH) Lương Sơn,Hàng Mới Ca 1,2026-10-05 - Thứ 2,356,99.72%,74.44%,0.00%,5.25,265,0,355,0,91,1,0.28%,25.56%,356,Bình Thuận,NTB,AM Khánh
NTB - Bình Thuận,(BTH) Lương Sơn,Hàng Mới Ca 1,2026-09-23 - Thứ 4,343,99.13%,83.97%,0.87%,6.12,288,3,340,3,52,3,0.87%,15.16%,343,Bình Thuận,NTB,AM Khánh
NTB - Bình Thuận,(BTH) Lương Sơn,Hàng Mới Ca 1,2026-09-14 - Thứ 2,346,100.00%,87.28%,1.16%,6.7,302,4,346,4,40,0,0.00%,11.56%,346,Bình Thuận,NTB,AM Khánh
NTB - Bình Thuận,(BTH) Lương Sơn,Hàng Mới Ca 1,2026-09-15 - Thứ 3,345,100.00%,86.38%,0.29%,6.41,298,1,345,1,46,0,0.00%,13.33%,345,Bình Thuận,NTB,AM Khánh
NTB - Bình Thuận,(BTH) Lương Sơn,Hàng Mới Ca 1,2026-10-08 - Thứ 5,390,100.00%,84.87%,0.77%,6.24,331,3,390,3,56,0,0.00%,14.36%,390,Bình Thuận,NTB,AM Khánh
NTB - Bình Thuận,(BTH) Lương Sơn,Hàng Mới Ca 1,2026-09-30 - Thứ 4,341,99.41%,72.43%,0.59%,4.41,247,2,339,2,92,2,0.59%,26.98%,341,Bình Thuận,NTB,AM Khánh
NTB - Bình Thuận,(BTH) Lương Sơn,Hàng Mới Ca 1,2026-10-09 - Thứ 6,465,100.00%,86.02%,0.86%,6.64,400,4,465,4,61,0,0.00%,13.12%,465,Bình Thuận,NTB,AM Khánh
NTB - Bình Thuận,(BTH) Lương Sơn,Hàng Mới Ca 1,2026-09-28 - Thứ 2,250,100.00%,80.40%,1.60%,5.2,201,4,250,4,45,0,0.00%,18.00%,250,Bình Thuận,NTB,AM Khánh
NTB - Bình Thuận,(BTH) Lương Sơn,Hàng Mới Ca 1,2026-10-03 - Thứ 7,364,100.00%,83.52%,0.82%,6.03,304,3,364,3,57,0,0.00%,15.66%,364,Bình Thuận,NTB,AM Khánh
NTB - Bình Thuận,(BTH) Lương Sơn,Hàng Mới Ca 1,2026-09-16 - Thứ 4,347,99.71%,79.83%,0.29%,5.99,277,1,346,1,69,1,0.29%,19.88%,347,Bình Thuận,NTB,AM Khánh
NTB - Bình Thuận,(BTH) Lương Sơn,Hàng Mới Ca 1,2026-09-25 - Thứ 6,339,100.00%,89.38%,0.59%,5.74,303,2,339,2,34,0,0.00%,10.03%,339,Bình Thuận,NTB,AM Khánh
NTB - Bình Thuận,(BTH) Lương Sơn,Hàng Mới Ca 1,2026-09-18 - Thứ 6,400,100.00%,84.75%,1.00%,6.44,339,4,400,4,57,0,0.00%,14.25%,400,Bình Thuận,NTB,AM Khánh
NTB - Bình Thuận,(BTH) Lương Sơn,Hàng Mới Ca 1,2026-10-01 - Thứ 5,137,99.27%,79.56%,0.00%,5.75,109,0,136,0,28,1,0.73%,20.44%,137,Bình Thuận,NTB,AM Khánh
NTB - Bình Thuận,(BTH) Lương Sơn,Hàng Mới Ca 1,2026-10-07 - Thứ 4,328,99.70%,84.45%,1.52%,5.99,277,5,327,5,46,1,0.30%,14.03%,328,Bình Thuận,NTB,AM Khánh
NTB - Bình Thuận,(BTH) Lương Sơn,Hàng Mới Ca 1,2026-09-13 - Chủ Nhật,368,100.00%,82.07%,0.54%,6.87,302,2,368,2,64,0,0.00%,17.39%,368,Bình Thuận,NTB,AM Khánh
NTB - Bình Thuận,(BTH) Lương Sơn,Hàng Mới Ca 1,2026-09-22 - Thứ 3,278,100.00%,91.37%,0.36%,5.2,254,1,278,1,23,0,0.00%,8.27%,278,Bình Thuận,NTB,AM Khánh
NTB - Bình Thuận,(BTH) Lương Sơn,Hàng Mới Ca 1,2026-10-02 - Thứ 6,378,99.74%,85.71%,2.12%,5.72,324,8,377,8,46,1,0.26%,12.17%,378,Bình Thuận,NTB,AM Khánh
NTB - Bình Thuận,(BTH) Lương Sơn,Hàng Mới Ca 1,2026-09-29 - Thứ 3,264,99.62%,88.64%,0.38%,4.94,234,1,263,1,29,1,0.38%,10.98%,264,Bình Thuận,NTB,AM Khánh
NTB - Bình Thuận,(BTH) Lương Sơn,Hàng Mới Ca 1,2026-09-19 - Thứ 7,270,100.00%,85.19%,0.74%,5.15,230,2,270,2,38,0,0.00%,14.07%,270,Bình Thuận,NTB,AM Khánh
NTB - Bình Thuận,(BTH) Lương Sơn,Hàng Mới Ca 1,2026-10-04 - Chủ Nhật,421,100.00%,84.09%,0.48%,6.23,354,2,421,2,65,0,0.00%,15.43%,421,Bình Thuận,NTB,AM Khánh
NTB - Bình Thuận,(BTH) Lương Sơn,Hàng Mới Ca 1,2026-09-17 - Thứ 5,319,100.00%,84.64%,0.31%,6.84,270,1,319,1,48,0,0.00%,15.05%,319,Bình Thuận,NTB,AM Khánh
NTB - Bình Thuận,(BTH) Lương Sơn,Hàng Mới Ca 1,2026-09-26 - Thứ 7,333,100.00%,86.79%,1.50%,5.77,289,5,333,5,39,0,0.00%,11.71%,333,Bình Thuận,NTB,AM Khánh
NTB - Bình Thuận,(BTH) Lương Sơn,Hàng Mới Ca 1,2026-09-12 - Thứ 7,366,99.45%,81.69%,0.82%,6.51,299,3,364,3,64,2,0.55%,17.49%,366,Bình Thuận,NTB,AM Khánh
NTB - Bình Thuận,(BTH) Lương Sơn,Hàng Mới Ca 2,2026-09-18 - Thứ 6,53,7.55%,5.66%,0.00%,1,3,0,4,0,50,49,92.45%,94.34%,53,Bình Thuận,NTB,AM Khánh
NTB - Bình Thuận,(BTH) Lương Sơn,Hàng Mới Ca 2,2026-09-13 - Chủ Nhật,72,16.67%,16.67%,0.00%,3.75,12,0,12,0,60,60,83.33%,83.33%,72,Bình Thuận,NTB,AM Khánh
NTB - Bình Thuận,(BTH) Lương Sơn,Hàng Mới Ca 2,2026-10-06 - Thứ 3,47,17.02%,17.02%,0.00%,4.38,8,0,8,0,39,39,82.98%,82.98%,47,Bình Thuận,NTB,AM Khánh
NTB - Bình Thuận,(BTH) Lương Sơn,Hàng Mới Ca 2,2026-10-01 - Thứ 5,43,0.00%,0.00%,0.00%,0,0,0,0,0,43,43,100.00%,100.00%,43,Bình Thuận,NTB,AM Khánh
NTB - Bình Thuận,(BTH) Lương Sơn,Hàng Mới Ca 2,2026-09-22 - Thứ 3,32,6.25%,6.25%,0.00%,2.5,2,0,2,0,30,30,93.75%,93.75%,32,Bình Thuận,NTB,AM Khánh
NTB - Bình Thuận,(BTH) Lương Sơn,Hàng Mới Ca 2,2026-10-08 - Thứ 5,48,6.25%,2.08%,0.00%,1,1,0,3,0,47,45,93.75%,97.92%,48,Bình Thuận,NTB,AM Khánh
NTB - Bình Thuận,(BTH) Lương Sơn,Hàng Mới Ca 2,2026-09-19 - Thứ 7,42,0.00%,0.00%,0.00%,0,0,0,0,0,42,42,100.00%,100.00%,42,Bình Thuận,NTB,AM Khánh
NTB - Bình Thuận,(BTH) Lương Sơn,Hàng Mới Ca 2,2026-10-04 - Chủ Nhật,69,14.49%,14.49%,0.00%,3.5,10,0,10,0,59,59,85.51%,85.51%,69,Bình Thuận,NTB,AM Khánh
NTB - Bình Thuận,(BTH) Lương Sơn,Hàng Mới Ca 2,2026-09-17 - Thứ 5,39,20.51%,17.95%,2.56%,3.29,7,1,8,1,31,31,79.49%,79.49%,39,Bình Thuận,NTB,AM Khánh
NTB - Bình Thuận,(BTH) Lương Sơn,Hàng Mới Ca 2,2026-10-07 - Thứ 4,42,4.76%,4.76%,0.00%,3.5,2,0,2,0,40,40,95.24%,95.24%,42,Bình Thuận,NTB,AM Khánh
NTB - Bình Thuận,(BTH) Lương Sơn,Hàng Mới Ca 2,2026-09-16 - Thứ 4,35,11.43%,8.57%,2.86%,1,3,1,4,1,31,31,88.57%,88.57%,35,Bình Thuận,NTB,AM Khánh
NTB - Bình Thuận,(BTH) Lương Sơn,Hàng Mới Ca 2,2026-09-25 - Thứ 6,41,14.63%,14.63%,0.00%,3.67,6,0,6,0,35,35,85.37%,85.37%,41,Bình Thuận,NTB,AM Khánh
NTB - Bình Thuận,(BTH) Lương Sơn,Hàng Mới Ca 2,2026-09-27 - Chủ Nhật,31,16.13%,16.13%,0.00%,1.8,5,0,5,0,26,26,83.87%,83.87%,31,Bình Thuận,NTB,AM Khánh
NTB - Bình Thuận,(BTH) Lương Sơn,Hàng Mới Ca 2,2026-09-20 - Chủ Nhật,39,15.38%,12.82%,0.00%,2.6,5,0,6,0,34,33,84.62%,87.18%,39,Bình Thuận,NTB,AM Khánh
NTB - Bình Thuận,(BTH) Lương Sơn,Hàng Mới Ca 2,2026-09-24 - Thứ 5,37,10.81%,8.11%,0.00%,4.67,3,0,4,0,34,33,89.19%,91.89%,37,Bình Thuận,NTB,AM Khánh
NTB - Bình Thuận,(BTH) Lương Sơn,Hàng Mới Ca 2,2026-10-05 - Thứ 2,29,10.34%,10.34%,0.00%,1.67,3,0,3,0,26,26,89.66%,89.66%,29,Bình Thuận,NTB,AM Khánh
NTB - Bình Thuận,(BTH) Lương Sơn,Hàng Mới Ca 2,2026-09-14 - Thứ 2,36,0.00%,0.00%,0.00%,0,0,0,0,0,36,36,100.00%,100.00%,36,Bình Thuận,NTB,AM Khánh
NTB - Bình Thuận,(BTH) Lương Sơn,Hàng Mới Ca 2,2026-09-15 - Thứ 3,37,40.54%,29.73%,5.41%,3.45,11,2,15,2,24,22,59.46%,64.86%,37,Bình Thuận,NTB,AM Khánh
NTB - Bình Thuận,(BTH) Lương Sơn,Hàng Mới Ca 2,2026-09-29 - Thứ 3,34,11.76%,11.76%,0.00%,0.25,4,0,4,0,30,30,88.24%,88.24%,34,Bình Thuận,NTB,AM Khánh
NTB - Bình Thuận,(BTH) Lương Sơn,Hàng Mới Ca 2,2026-09-30 - Thứ 4,194,1.55%,1.55%,0.00%,1.33,3,0,3,0,191,191,98.45%,98.45%,194,Bình Thuận,NTB,AM Khánh
NTB - Bình Thuận,(BTH) Lương Sơn,Hàng Mới Ca 2,2026-10-09 - Thứ 6,85,65.88%,64.71%,0.00%,1.98,55,0,56,0,30,29,34.12%,35.29%,85,Bình Thuận,NTB,AM Khánh
NTB - Bình Thuận,(BTH) Lương Sơn,Hàng Mới Ca 2,2026-09-26 - Thứ 7,44,11.36%,6.82%,0.00%,0,3,0,5,0,41,39,88.64%,93.18%,44,Bình Thuận,NTB,AM Khánh
NTB - Bình Thuận,(BTH) Lương Sơn,Hàng Mới Ca 2,2026-09-28 - Thứ 2,37,2.70%,2.70%,0.00%,3,1,0,1,0,36,36,97.30%,97.30%,37,Bình Thuận,NTB,AM Khánh
NTB - Bình Thuận,(BTH) Lương Sơn,Hàng Mới Ca 2,2026-10-03 - Thứ 7,25,4.00%,0.00%,0.00%,0,0,0,1,0,25,24,96.00%,100.00%,25,Bình Thuận,NTB,AM Khánh
NTB - Bình Thuận,(BTH) Lương Sơn,Hàng Mới Ca 2,2026-09-21 - Thứ 2,14,7.14%,7.14%,0.00%,1,1,0,1,0,13,13,92.86%,92.86%,14,Bình Thuận,NTB,AM Khánh
NTB - Bình Thuận,(BTH) Lương Sơn,Hàng Mới Ca 2,2026-09-12 - Thứ 7,41,4.88%,2.44%,0.00%,1,1,0,2,0,40,39,95.12%,97.56%,41,Bình Thuận,NTB,AM Khánh
NTB - Bình Thuận,(BTH) Lương Sơn,Hàng Mới Ca 2,2026-10-02 - Thứ 6,37,16.22%,16.22%,0.00%,0.67,6,0,6,0,31,31,83.78%,83.78%,37,Bình Thuận,NTB,AM Khánh
NTB - Bình Thuận,(BTH) Lương Sơn,Hàng Mới Ca 2,2026-09-23 - Thứ 4,33,9.09%,9.09%,0.00%,1.33,3,0,3,0,30,30,90.91%,90.91%,33,Bình Thuận,NTB,AM Khánh
NTB - Bình Thuận,(BTH) Lương Sơn,Hàng Tồn,2026-10-03 - Thứ 7,111,98.20%,58.56%,9.91%,33.11,65,11,109,11,35,2,1.80%,31.53%,0,Bình Thuận,NTB,AM Khánh
NTB - Bình Thuận,(BTH) Lương Sơn,Hàng Tồn,2026-09-21 - Thứ 2,113,96.46%,66.37%,3.54%,32.7,75,4,109,4,34,4,3.54%,30.09%,0,Bình Thuận,NTB,AM Khánh
NTB - Bình Thuận,(BTH) Lương Sơn,Hàng Tồn,2026-10-06 - Thứ 3,145,99.31%,66.21%,4.14%,34.09,96,6,144,6,43,1,0.69%,29.65%,0,Bình Thuận,NTB,AM Khánh
NTB - Bình Thuận,(BTH) Lương Sơn,Hàng Tồn,2026-10-01 - Thứ 5,304,99.01%,78.62%,1.64%,26.85,239,5,301,5,60,3,0.99%,19.74%,0,Bình Thuận,NTB,AM Khánh
NTB - Bình Thuận,(BTH) Lương Sơn,Hàng Tồn,2026-09-12 - Thứ 7,168,98.21%,54.76%,5.95%,37.22,92,10,165,10,66,3,1.79%,39.29%,0,Bình Thuận,NTB,AM Khánh
NTB - Bình Thuận,(BTH) Lương Sơn,Hàng Tồn,2026-10-05 - Thứ 2,155,100.00%,69.03%,7.74%,29.5,107,12,155,12,36,0,0.00%,23.23%,0,Bình Thuận,NTB,AM Khánh
NTB - Bình Thuận,(BTH) Lương Sơn,Hàng Tồn,2026-09-22 - Thứ 3,79,96.20%,49.37%,6.33%,38.61,39,5,76,5,35,3,3.80%,44.30%,0,Bình Thuận,NTB,AM Khánh
NTB - Bình Thuận,(BTH) Lương Sơn,Hàng Tồn,2026-09-23 - Thứ 4,81,96.30%,53.09%,6.17%,33.21,43,5,78,5,33,3,3.70%,40.74%,0,Bình Thuận,NTB,AM Khánh
NTB - Bình Thuận,(BTH) Lương Sơn,Hàng Tồn,2026-09-14 - Thứ 2,171,97.66%,67.25%,2.34%,35.08,115,4,167,4,52,4,2.34%,30.41%,0,Bình Thuận,NTB,AM Khánh
NTB - Bình Thuận,(BTH) Lương Sơn,Hàng Tồn,2026-09-15 - Thứ 3,115,97.39%,65.22%,6.96%,35.26,75,8,112,8,32,3,2.61%,27.82%,0,Bình Thuận,NTB,AM Khánh
NTB - Bình Thuận,(BTH) Lương Sơn,Hàng Tồn,2026-10-02 - Thứ 6,117,99.15%,61.54%,4.27%,32.07,72,5,116,5,40,1,0.85%,34.19%,0,Bình Thuận,NTB,AM Khánh
NTB - Bình Thuận,(BTH) Lương Sơn,Hàng Tồn,2026-09-29 - Thứ 3,113,97.35%,57.52%,12.39%,32.08,65,14,110,14,34,3,2.65%,30.09%,0,Bình Thuận,NTB,AM Khánh
NTB - Bình Thuận,(BTH) Lương Sơn,Hàng Tồn,2026-10-08 - Thứ 5,129,97.67%,57.36%,8.53%,30.13,74,11,126,11,44,3,2.33%,34.11%,0,Bình Thuận,NTB,AM Khánh
NTB - Bình Thuận,(BTH) Lương Sơn,Hàng Tồn,2026-09-19 - Thứ 7,135,97.78%,68.15%,3.70%,32.32,92,5,132,5,38,3,2.22%,28.15%,0,Bình Thuận,NTB,AM Khánh
NTB - Bình Thuận,(BTH) Lương Sơn,Hàng Tồn,2026-10-04 - Chủ Nhật,113,98.23%,56.64%,6.19%,33.59,64,7,111,7,42,2,1.77%,37.17%,0,Bình Thuận,NTB,AM Khánh
NTB - Bình Thuận,(BTH) Lương Sơn,Hàng Tồn,2026-09-17 - Thứ 5,138,97.83%,53.62%,4.35%,37.86,74,6,135,6,58,3,2.17%,42.03%,0,Bình Thuận,NTB,AM Khánh
NTB - Bình Thuận,(BTH) Lương Sơn,Hàng Tồn,2026-10-09 - Thứ 6,131,99.24%,64.12%,8.40%,29.7,84,11,130,11,36,1,0.76%,27.48%,0,Bình Thuận,NTB,AM Khánh
NTB - Bình Thuận,(BTH) Lương Sơn,Hàng Tồn,2026-09-26 - Thứ 7,108,96.30%,53.70%,5.56%,31.5,58,6,104,6,44,4,3.70%,40.74%,0,Bình Thuận,NTB,AM Khánh
NTB - Bình Thuận,(BTH) Lương Sơn,Hàng Tồn,2026-10-07 - Thứ 4,158,98.10%,65.19%,3.16%,33.36,103,5,155,5,50,3,1.90%,31.65%,0,Bình Thuận,NTB,AM Khánh
NTB - Bình Thuận,(BTH) Lương Sơn,Hàng Tồn,2026-09-16 - Thứ 4,97,97.94%,47.42%,8.25%,31.09,46,8,95,8,43,2,2.06%,44.33%,0,Bình Thuận,NTB,AM Khánh
NTB - Bình Thuận,(BTH) Lương Sơn,Hàng Tồn,2026-09-25 - Thứ 6,106,95.28%,54.72%,6.60%,33.61,58,7,101,7,41,5,4.72%,38.68%,0,Bình Thuận,NTB,AM Khánh
NTB - Bình Thuận,(BTH) Lương Sơn,Hàng Tồn,2026-09-18 - Thứ 6,128,96.88%,64.06%,7.81%,36.47,82,10,124,10,36,4,3.12%,28.13%,0,Bình Thuận,NTB,AM Khánh
NTB - Bình Thuận,(BTH) Lương Sơn,Hàng Tồn,2026-09-20 - Chủ Nhật,107,96.26%,53.27%,4.67%,28.7,57,5,103,5,45,4,3.74%,42.06%,0,Bình Thuận,NTB,AM Khánh
NTB - Bình Thuận,(BTH) Lương Sơn,Hàng Tồn,2026-09-27 - Chủ Nhật,115,97.39%,50.43%,10.43%,32.12,58,12,112,12,45,3,2.61%,39.14%,0,Bình Thuận,NTB,AM Khánh
NTB - Bình Thuận,(BTH) Lương Sơn,Hàng Tồn,2026-09-13 - Chủ Nhật,157,97.45%,61.78%,4.46%,39.73,97,7,153,7,53,4,2.55%,33.76%,0,Bình Thuận,NTB,AM Khánh
NTB - Bình Thuận,(BTH) Lương Sơn,Hàng Tồn,2026-09-30 - Thứ 4,83,100.00%,49.40%,15.66%,31.35,41,13,83,13,29,0,0.00%,34.94%,0,Bình Thuận,NTB,AM Khánh
NTB - Bình Thuận,(BTH) Lương Sơn,Hàng Tồn,2026-09-28 - Thứ 2,100,97.00%,50.00%,11.00%,34.7,50,11,97,11,39,3,3.00%,39.00%,0,Bình Thuận,NTB,AM Khánh
NTB - Bình Thuận,(BTH) Lương Sơn,Hàng Tồn,2026-09-24 - Thứ 5,109,95.41%,60.55%,3.67%,31.8,66,4,104,4,39,5,4.59%,35.78%,0,Bình Thuận,NTB,AM Khánh
NTB - Bình Thuận,(BTH) Liên Hương,Hàng Mới Ca 1,2026-09-16 - Thứ 4,743,99.46%,86.41%,1.48%,13.69,642,11,739,11,90,4,0.54%,12.11%,743,Bình Thuận,NTB,AM D.Long
NTB - Bình Thuận,(BTH) Liên Hương,Hàng Mới Ca 1,2026-09-18 - Thứ 6,785,98.09%,88.66%,1.78%,9.36,696,14,770,14,75,15,1.91%,9.56%,785,Bình Thuận,NTB,AM D.Long
NTB - Bình Thuận,(BTH) Liên Hương,Hàng Mới Ca 1,2026-09-27 - Chủ Nhật,755,98.01%,83.71%,0.26%,13.24,632,2,740,2,121,15,1.99%,16.03%,755,Bình Thuận,NTB,AM D.Long
NTB - Bình Thuận,(BTH) Liên Hương,Hàng Mới Ca 1,2026-09-21 - Thứ 2,750,99.73%,88.53%,1.07%,14.9,664,8,748,8,78,2,0.27%,10.40%,750,Bình Thuận,NTB,AM D.Long
NTB - Bình Thuận,(BTH) Liên Hương,Hàng Mới Ca 1,2026-09-20 - Chủ Nhật,696,97.99%,84.91%,0.86%,14.45,591,6,682,6,99,14,2.01%,14.23%,696,Bình Thuận,NTB,AM D.Long
NTB - Bình Thuận,(BTH) Liên Hương,Hàng Mới Ca 1,2026-09-13 - Chủ Nhật,828,98.31%,82.37%,1.93%,10.62,682,16,814,16,130,14,1.69%,15.70%,828,Bình Thuận,NTB,AM D.Long
NTB - Bình Thuận,(BTH) Liên Hương,Hàng Mới Ca 1,2026-09-24 - Thứ 5,783,99.62%,87.61%,1.53%,12.91,686,12,780,12,85,3,0.38%,10.86%,783,Bình Thuận,NTB,AM D.Long
NTB - Bình Thuận,(BTH) Liên Hương,Hàng Mới Ca 1,2026-10-06 - Thứ 3,681,98.97%,77.09%,1.76%,10.04,525,12,674,12,144,7,1.03%,21.15%,681,Bình Thuận,NTB,AM D.Long
NTB - Bình Thuận,(BTH) Liên Hương,Hàng Mới Ca 1,2026-10-05 - Thứ 2,737,98.91%,83.72%,1.22%,14.2,617,9,729,9,111,8,1.09%,15.06%,737,Bình Thuận,NTB,AM D.Long
NTB - Bình Thuận,(BTH) Liên Hương,Hàng Mới Ca 1,2026-09-22 - Thứ 3,583,99.31%,86.96%,0.86%,10.29,507,5,579,5,71,4,0.69%,12.18%,583,Bình Thuận,NTB,AM D.Long
NTB - Bình Thuận,(BTH) Liên Hương,Hàng Mới Ca 1,2026-09-23 - Thứ 4,838,97.61%,87.11%,0.72%,13.02,730,6,818,6,102,20,2.39%,12.17%,838,Bình Thuận,NTB,AM D.Long
NTB - Bình Thuận,(BTH) Liên Hương,Hàng Mới Ca 1,2026-09-14 - Thứ 2,741,97.30%,86.50%,1.62%,10.53,641,12,721,12,88,20,2.70%,11.88%,741,Bình Thuận,NTB,AM D.Long
NTB - Bình Thuận,(BTH) Liên Hương,Hàng Mới Ca 1,2026-09-15 - Thứ 3,630,99.68%,90.00%,2.06%,10.53,567,13,628,13,50,2,0.32%,7.94%,630,Bình Thuận,NTB,AM D.Long
NTB - Bình Thuận,(BTH) Liên Hương,Hàng Mới Ca 1,2026-10-02 - Thứ 6,845,98.70%,84.50%,2.13%,12.35,714,18,834,18,113,11,1.30%,13.37%,845,Bình Thuận,NTB,AM D.Long
NTB - Bình Thuận,(BTH) Liên Hương,Hàng Mới Ca 1,2026-09-29 - Thứ 3,563,98.76%,83.48%,0.89%,11.6,470,5,556,5,88,7,1.24%,15.63%,563,Bình Thuận,NTB,AM D.Long
NTB - Bình Thuận,(BTH) Liên Hương,Hàng Mới Ca 1,2026-10-08 - Thứ 5,924,98.05%,87.23%,1.62%,13.18,806,15,906,15,103,18,1.95%,11.15%,924,Bình Thuận,NTB,AM D.Long
NTB - Bình Thuận,(BTH) Liên Hương,Hàng Mới Ca 1,2026-09-19 - Thứ 7,652,99.54%,88.04%,1.38%,12.44,574,9,649,9,69,3,0.46%,10.58%,652,Bình Thuận,NTB,AM D.Long
NTB - Bình Thuận,(BTH) Liên Hương,Hàng Mới Ca 1,2026-10-04 - Chủ Nhật,780,98.97%,86.03%,1.92%,12.37,671,15,772,15,94,8,1.03%,12.05%,780,Bình Thuận,NTB,AM D.Long
NTB - Bình Thuận,(BTH) Liên Hương,Hàng Mới Ca 1,2026-09-30 - Thứ 4,705,99.43%,86.24%,0.85%,12.16,608,6,701,6,91,4,0.57%,12.91%,705,Bình Thuận,NTB,AM D.Long
NTB - Bình Thuận,(BTH) Liên Hương,Hàng Mới Ca 1,2026-09-17 - Thứ 5,791,99.24%,88.50%,1.90%,14.62,700,15,785,15,76,6,0.76%,9.60%,791,Bình Thuận,NTB,AM D.Long
NTB - Bình Thuận,(BTH) Liên Hương,Hàng Mới Ca 1,2026-10-09 - Thứ 6,805,99.25%,88.07%,1.61%,12.23,709,13,799,13,83,6,0.75%,10.32%,805,Bình Thuận,NTB,AM D.Long
NTB - Bình Thuận,(BTH) Liên Hương,Hàng Mới Ca 1,2026-09-26 - Thứ 7,786,98.35%,81.55%,1.65%,14.22,641,13,773,13,132,13,1.65%,16.80%,786,Bình Thuận,NTB,AM D.Long
NTB - Bình Thuận,(BTH) Liên Hương,Hàng Mới Ca 1,2026-09-28 - Thứ 2,607,97.69%,85.01%,0.49%,8.42,516,3,593,3,88,14,2.31%,14.50%,607,Bình Thuận,NTB,AM D.Long
NTB - Bình Thuận,(BTH) Liên Hương,Hàng Mới Ca 1,2026-10-03 - Thứ 7,824,97.57%,84.71%,2.31%,12.82,698,19,804,19,107,20,2.43%,12.98%,824,Bình Thuận,NTB,AM D.Long
NTB - Bình Thuận,(BTH) Liên Hương,Hàng Mới Ca 1,2026-09-25 - Thứ 6,825,98.91%,84.36%,0.85%,12.57,696,7,816,7,122,9,1.09%,14.79%,825,Bình Thuận,NTB,AM D.Long
NTB - Bình Thuận,(BTH) Liên Hương,Hàng Mới Ca 1,2026-10-01 - Thứ 5,648,99.07%,84.88%,2.31%,12.63,550,15,642,15,83,6,0.93%,12.81%,648,Bình Thuận,NTB,AM D.Long
NTB - Bình Thuận,(BTH) Liên Hương,Hàng Mới Ca 1,2026-10-07 - Thứ 4,664,99.85%,85.84%,1.96%,14.16,570,13,663,13,81,1,0.15%,12.20%,664,Bình Thuận,NTB,AM D.Long
NTB - Bình Thuận,(BTH) Liên Hương,Hàng Mới Ca 1,2026-09-12 - Thứ 7,935,98.29%,86.52%,1.82%,12.69,809,17,919,17,109,16,1.71%,11.66%,935,Bình Thuận,NTB,AM D.Long
NTB - Bình Thuận,(BTH) Liên Hương,Hàng Mới Ca 2,2026-10-07 - Thứ 4,9,100.00%,100.00%,0.00%,2.44,9,0,9,0,0,0,0.00%,0.00%,9,Bình Thuận,NTB,AM D.Long
NTB - Bình Thuận,(BTH) Liên Hương,Hàng Mới Ca 2,2026-09-25 - Thứ 6,15,86.67%,73.33%,0.00%,1.73,11,0,13,0,4,2,13.33%,26.67%,15,Bình Thuận,NTB,AM D.Long
NTB - Bình Thuận,(BTH) Liên Hương,Hàng Mới Ca 2,2026-09-21 - Thứ 2,11,100.00%,81.82%,18.18%,1,9,2,11,2,0,0,0.00%,0.00%,11,Bình Thuận,NTB,AM D.Long
NTB - Bình Thuận,(BTH) Liên Hương,Hàng Mới Ca 2,2026-09-13 - Chủ Nhật,30,83.33%,80.00%,0.00%,2.13,24,0,25,0,6,5,16.67%,20.00%,30,Bình Thuận,NTB,AM D.Long
NTB - Bình Thuận,(BTH) Liên Hương,Hàng Mới Ca 2,2026-10-06 - Thứ 3,16,93.75%,87.50%,0.00%,1.57,14,0,15,0,2,1,6.25%,12.50%,16,Bình Thuận,NTB,AM D.Long
NTB - Bình Thuận,(BTH) Liên Hương,Hàng Mới Ca 2,2026-09-12 - Thứ 7,16,81.25%,75.00%,0.00%,1.75,12,0,13,0,4,3,18.75%,25.00%,16,Bình Thuận,NTB,AM D.Long
NTB - Bình Thuận,(BTH) Liên Hương,Hàng Mới Ca 2,2026-10-05 - Thứ 2,18,83.33%,77.78%,0.00%,2.21,14,0,15,0,4,3,16.67%,22.22%,18,Bình Thuận,NTB,AM D.Long
NTB - Bình Thuận,(BTH) Liên Hương,Hàng Mới Ca 2,2026-09-14 - Thứ 2,21,95.24%,95.24%,0.00%,1.3,20,0,20,0,1,1,4.76%,4.76%,21,Bình Thuận,NTB,AM D.Long
NTB - Bình Thuận,(BTH) Liên Hương,Hàng Mới Ca 2,2026-10-02 - Thứ 6,11,100.00%,100.00%,0.00%,1.55,11,0,11,0,0,0,0.00%,0.00%,11,Bình Thuận,NTB,AM D.Long
NTB - Bình Thuận,(BTH) Liên Hương,Hàng Mới Ca 2,2026-09-19 - Thứ 7,14,92.86%,78.57%,0.00%,0.55,11,0,13,0,3,1,7.14%,21.43%,14,Bình Thuận,NTB,AM D.Long
NTB - Bình Thuận,(BTH) Liên Hương,Hàng Mới Ca 2,2026-10-04 - Chủ Nhật,23,95.65%,91.30%,0.00%,1.95,21,0,22,0,2,1,4.35%,8.70%,23,Bình Thuận,NTB,AM D.Long
NTB - Bình Thuận,(BTH) Liên Hương,Hàng Mới Ca 2,2026-10-03 - Thứ 7,11,81.82%,72.73%,0.00%,1.5,8,0,9,0,3,2,18.18%,27.27%,11,Bình Thuận,NTB,AM D.Long
NTB - Bình Thuận,(BTH) Liên Hương,Hàng Mới Ca 2,2026-09-16 - Thứ 4,24,66.67%,62.50%,0.00%,1.2,15,0,16,0,9,8,33.33%,37.50%,24,Bình Thuận,NTB,AM D.Long
NTB - Bình Thuận,(BTH) Liên Hương,Hàng Mới Ca 2,2026-09-20 - Chủ Nhật,24,83.33%,83.33%,0.00%,1.26,20,0,20,0,4,4,16.67%,16.67%,24,Bình Thuận,NTB,AM D.Long
NTB - Bình Thuận,(BTH) Liên Hương,Hàng Mới Ca 2,2026-10-01 - Thứ 5,24,100.00%,100.00%,0.00%,1.29,24,0,24,0,0,0,0.00%,0.00%,24,Bình Thuận,NTB,AM D.Long
NTB - Bình Thuận,(BTH) Liên Hương,Hàng Mới Ca 2,2026-09-27 - Chủ Nhật,13,100.00%,92.31%,7.69%,1.58,12,1,13,1,0,0,0.00%,0.00%,13,Bình Thuận,NTB,AM D.Long
NTB - Bình Thuận,(BTH) Liên Hương,Hàng Mới Ca 2,2026-09-15 - Thứ 3,10,90.00%,90.00%,0.00%,1.33,9,0,9,0,1,1,10.00%,10.00%,10,Bình Thuận,NTB,AM D.Long
NTB - Bình Thuận,(BTH) Liên Hương,Hàng Mới Ca 2,2026-10-08 - Thứ 5,13,92.31%,84.62%,7.69%,1.55,11,1,12,1,1,1,7.69%,7.69%,13,Bình Thuận,NTB,AM D.Long
NTB - Bình Thuận,(BTH) Liên Hương,Hàng Mới Ca 2,2026-09-30 - Thứ 4,14,71.43%,71.43%,0.00%,0.9,10,0,10,0,4,4,28.57%,28.57%,14,Bình Thuận,NTB,AM D.Long
NTB - Bình Thuận,(BTH) Liên Hương,Hàng Mới Ca 2,2026-09-23 - Thứ 4,16,100.00%,93.75%,0.00%,2.2,15,0,16,0,1,0,0.00%,6.25%,16,Bình Thuận,NTB,AM D.Long
NTB - Bình Thuận,(BTH) Liên Hương,Hàng Mới Ca 2,2026-10-09 - Thứ 6,11,100.00%,100.00%,0.00%,2.09,11,0,11,0,0,0,0.00%,0.00%,11,Bình Thuận,NTB,AM D.Long
NTB - Bình Thuận,(BTH) Liên Hương,Hàng Mới Ca 2,2026-09-18 - Thứ 6,17,82.35%,76.47%,0.00%,2.67,13,0,14,0,4,3,17.65%,23.53%,17,Bình Thuận,NTB,AM D.Long
NTB - Bình Thuận,(BTH) Liên Hương,Hàng Mới Ca 2,2026-09-24 - Thứ 5,16,81.25%,75.00%,0.00%,3,12,0,13,0,4,3,18.75%,25.00%,16,Bình Thuận,NTB,AM D.Long
NTB - Bình Thuận,(BTH) Liên Hương,Hàng Mới Ca 2,2026-09-29 - Thứ 3,6,100.00%,83.33%,0.00%,0.4,5,0,6,0,1,0,0.00%,16.67%,6,Bình Thuận,NTB,AM D.Long
NTB - Bình Thuận,(BTH) Liên Hương,Hàng Mới Ca 2,2026-09-17 - Thứ 5,19,89.47%,89.47%,0.00%,1.35,17,0,17,0,2,2,10.53%,10.53%,19,Bình Thuận,NTB,AM D.Long
NTB - Bình Thuận,(BTH) Liên Hương,Hàng Mới Ca 2,2026-09-22 - Thứ 3,13,100.00%,100.00%,0.00%,1,13,0,13,0,0,0,0.00%,0.00%,13,Bình Thuận,NTB,AM D.Long
NTB - Bình Thuận,(BTH) Liên Hương,Hàng Mới Ca 2,2026-09-26 - Thứ 7,8,100.00%,87.50%,0.00%,2,7,0,8,0,1,0,0.00%,12.50%,8,Bình Thuận,NTB,AM D.Long
NTB - Bình Thuận,(BTH) Liên Hương,Hàng Mới Ca 2,2026-09-28 - Thứ 2,24,91.67%,87.50%,0.00%,1.62,21,0,22,0,3,2,8.33%,12.50%,24,Bình Thuận,NTB,AM D.Long
NTB - Bình Thuận,(BTH) Liên Hương,Hàng Tồn,2026-09-25 - Thứ 6,135,97.78%,40.00%,5.19%,41.69,54,7,132,7,74,3,2.22%,54.81%,0,Bình Thuận,NTB,AM D.Long
NTB - Bình Thuận,(BTH) Liên Hương,Hàng Tồn,2026-09-13 - Chủ Nhật,139,95.68%,41.01%,10.79%,38.54,57,15,133,15,67,6,4.32%,48.20%,0,Bình Thuận,NTB,AM D.Long
NTB - Bình Thuận,(BTH) Liên Hương,Hàng Tồn,2026-09-24 - Thứ 5,184,97.83%,55.43%,5.98%,54.39,102,11,180,11,71,4,2.17%,38.59%,0,Bình Thuận,NTB,AM D.Long
NTB - Bình Thuận,(BTH) Liên Hương,Hàng Tồn,2026-10-06 - Thứ 3,147,93.20%,21.09%,10.88%,48.27,31,16,137,16,100,10,6.80%,68.03%,0,Bình Thuận,NTB,AM D.Long
NTB - Bình Thuận,(BTH) Liên Hương,Hàng Tồn,2026-09-12 - Thứ 7,140,97.86%,49.29%,6.43%,45,69,9,137,9,62,3,2.14%,44.28%,0,Bình Thuận,NTB,AM D.Long
NTB - Bình Thuận,(BTH) Liên Hương,Hàng Tồn,2026-09-14 - Thứ 2,172,97.09%,41.28%,6.98%,40.99,71,12,167,12,89,5,2.91%,51.74%,0,Bình Thuận,NTB,AM D.Long
NTB - Bình Thuận,(BTH) Liên Hương,Hàng Tồn,2026-09-15 - Thứ 3,177,98.31%,51.41%,7.34%,49.39,91,13,174,13,73,3,1.69%,41.25%,0,Bình Thuận,NTB,AM D.Long
NTB - Bình Thuận,(BTH) Liên Hương,Hàng Tồn,2026-09-29 - Thứ 3,160,98.13%,48.13%,3.75%,54.65,77,6,157,6,77,3,1.87%,48.12%,0,Bình Thuận,NTB,AM D.Long
NTB - Bình Thuận,(BTH) Liên Hương,Hàng Tồn,2026-10-08 - Thứ 5,129,99.22%,45.74%,10.85%,51.61,59,14,128,14,56,1,0.78%,43.41%,0,Bình Thuận,NTB,AM D.Long
NTB - Bình Thuận,(BTH) Liên Hương,Hàng Tồn,2026-09-19 - Thứ 7,142,95.77%,50.70%,5.63%,49.43,72,8,136,8,62,6,4.23%,43.67%,0,Bình Thuận,NTB,AM D.Long
NTB - Bình Thuận,(BTH) Liên Hương,Hàng Tồn,2026-09-30 - Thứ 4,139,99.28%,41.01%,5.76%,50.13,57,8,138,8,74,1,0.72%,53.23%,0,Bình Thuận,NTB,AM D.Long
NTB - Bình Thuận,(BTH) Liên Hương,Hàng Tồn,2026-09-17 - Thứ 5,119,97.48%,37.82%,10.08%,42.98,45,12,116,12,62,3,2.52%,52.10%,0,Bình Thuận,NTB,AM D.Long
NTB - Bình Thuận,(BTH) Liên Hương,Hàng Tồn,2026-09-26 - Thứ 7,151,98.01%,31.79%,9.27%,42.35,48,14,148,14,89,3,1.99%,58.94%,0,Bình Thuận,NTB,AM D.Long
NTB - Bình Thuận,(BTH) Liên Hương,Hàng Tồn,2026-09-28 - Thứ 2,173,98.27%,46.24%,5.78%,47.23,80,10,170,10,83,3,1.73%,47.98%,0,Bình Thuận,NTB,AM D.Long
NTB - Bình Thuận,(BTH) Liên Hương,Hàng Tồn,2026-10-07 - Thứ 4,229,99.13%,62.88%,4.80%,45.05,144,11,227,11,74,2,0.87%,32.32%,0,Bình Thuận,NTB,AM D.Long
NTB - Bình Thuận,(BTH) Liên Hương,Hàng Tồn,2026-10-03 - Thứ 7,146,96.58%,22.60%,6.16%,44.88,33,9,141,9,104,5,3.42%,71.24%,0,Bình Thuận,NTB,AM D.Long
NTB - Bình Thuận,(BTH) Liên Hương,Hàng Tồn,2026-09-16 - Thứ 4,100,96.00%,32.00%,9.00%,43.16,32,9,96,9,59,4,4.00%,59.00%,0,Bình Thuận,NTB,AM D.Long
NTB - Bình Thuận,(BTH) Liên Hương,Hàng Tồn,2026-09-20 - Chủ Nhật,105,95.24%,30.48%,6.67%,40.84,32,7,100,7,66,5,4.76%,62.85%,0,Bình Thuận,NTB,AM D.Long
NTB - Bình Thuận,(BTH) Liên Hương,Hàng Tồn,2026-10-01 - Thứ 5,127,99.21%,35.43%,7.09%,44.07,45,9,126,9,73,1,0.79%,57.48%,0,Bình Thuận,NTB,AM D.Long
NTB - Bình Thuận,(BTH) Liên Hương,Hàng Tồn,2026-09-21 - Thứ 2,149,96.64%,51.01%,6.71%,50.34,76,10,144,10,63,5,3.36%,42.28%,0,Bình Thuận,NTB,AM D.Long
NTB - Bình Thuận,(BTH) Liên Hương,Hàng Tồn,2026-10-05 - Thứ 2,154,95.45%,46.75%,5.19%,43.54,72,8,147,8,74,7,4.55%,48.06%,0,Bình Thuận,NTB,AM D.Long
NTB - Bình Thuận,(BTH) Liên Hương,Hàng Tồn,2026-09-23 - Thứ 4,106,94.34%,20.75%,2.83%,50.36,22,3,100,3,81,6,5.66%,76.42%,0,Bình Thuận,NTB,AM D.Long
NTB - Bình Thuận,(BTH) Liên Hương,Hàng Tồn,2026-10-02 - Thứ 6,123,98.37%,34.15%,8.13%,47.34,42,10,121,10,71,2,1.63%,57.72%,0,Bình Thuận,NTB,AM D.Long
NTB - Bình Thuận,(BTH) Liên Hương,Hàng Tồn,2026-10-04 - Chủ Nhật,207,97.58%,52.66%,5.80%,59.11,109,12,202,12,86,5,2.42%,41.54%,0,Bình Thuận,NTB,AM D.Long
NTB - Bình Thuận,(BTH) Liên Hương,Hàng Tồn,2026-10-09 - Thứ 6,147,98.64%,48.98%,4.76%,52.38,72,7,145,7,68,2,1.36%,46.26%,0,Bình Thuận,NTB,AM D.Long
NTB - Bình Thuận,(BTH) Liên Hương,Hàng Tồn,2026-09-18 - Thứ 6,125,97.60%,36.80%,3.20%,49.89,46,4,122,4,75,3,2.40%,60.00%,0,Bình Thuận,NTB,AM D.Long
NTB - Bình Thuận,(BTH) Liên Hương,Hàng Tồn,2026-09-22 - Thứ 3,132,96.97%,37.12%,10.61%,50.38,49,14,128,14,69,4,3.03%,52.27%,0,Bình Thuận,NTB,AM D.Long
NTB - Bình Thuận,(BTH) Liên Hương,Hàng Tồn,2026-09-27 - Chủ Nhật,184,98.91%,42.39%,6.52%,45.26,78,12,182,12,94,2,1.09%,51.09%,0,Bình Thuận,NTB,AM D.Long
NTB - Bình Thuận,(BTH) Hàm Tân,Hàng Mới Ca 1,2026-09-16 - Thứ 4,542,99.63%,81.55%,1.11%,6.65,442,6,540,6,94,2,0.37%,17.34%,542,Bình Thuận,NTB,AM Thủy
NTB - Bình Thuận,(BTH) Hàm Tân,Hàng Mới Ca 1,2026-09-25 - Thứ 6,361,100.00%,80.61%,0.83%,6.57,291,3,361,3,67,0,0.00%,18.56%,361,Bình Thuận,NTB,AM Thủy
NTB - Bình Thuận,(BTH) Hàm Tân,Hàng Mới Ca 1,2026-09-27 - Chủ Nhật,337,99.70%,75.96%,1.19%,6.85,256,4,336,4,77,1,0.30%,22.85%,337,Bình Thuận,NTB,AM Thủy
NTB - Bình Thuận,(BTH) Hàm Tân,Hàng Mới Ca 1,2026-09-21 - Thứ 2,489,100.00%,76.48%,1.02%,7.55,374,5,489,5,110,0,0.00%,22.50%,489,Bình Thuận,NTB,AM Thủy
NTB - Bình Thuận,(BTH) Hàm Tân,Hàng Mới Ca 1,2026-09-20 - Chủ Nhật,471,99.79%,78.77%,0.42%,7.38,371,2,470,2,98,1,0.21%,20.81%,471,Bình Thuận,NTB,AM Thủy
NTB - Bình Thuận,(BTH) Hàm Tân,Hàng Mới Ca 1,2026-09-24 - Thứ 5,366,100.00%,81.15%,1.09%,6.22,297,4,366,4,65,0,0.00%,17.76%,366,Bình Thuận,NTB,AM Thủy
NTB - Bình Thuận,(BTH) Hàm Tân,Hàng Mới Ca 1,2026-10-01 - Thứ 5,207,99.52%,85.99%,0.00%,6.05,178,0,206,0,29,1,0.48%,14.01%,207,Bình Thuận,NTB,AM Thủy
NTB - Bình Thuận,(BTH) Hàm Tân,Hàng Mới Ca 1,2026-09-12 - Thứ 7,650,79.23%,66.62%,0.92%,6.83,433,6,515,6,211,135,20.77%,32.46%,650,Bình Thuận,NTB,AM Thủy
NTB - Bình Thuận,(BTH) Hàm Tân,Hàng Mới Ca 1,2026-10-05 - Thứ 2,245,100.00%,84.90%,1.63%,5.87,208,4,245,4,33,0,0.00%,13.47%,245,Bình Thuận,NTB,AM Thủy
NTB - Bình Thuận,(BTH) Hàm Tân,Hàng Mới Ca 1,2026-09-22 - Thứ 3,314,99.68%,77.07%,0.32%,6.45,242,1,313,1,71,1,0.32%,22.61%,314,Bình Thuận,NTB,AM Thủy
NTB - Bình Thuận,(BTH) Hàm Tân,Hàng Mới Ca 1,2026-09-23 - Thứ 4,331,100.00%,81.27%,1.21%,6.67,269,4,331,4,58,0,0.00%,17.52%,331,Bình Thuận,NTB,AM Thủy
NTB - Bình Thuận,(BTH) Hàm Tân,Hàng Mới Ca 1,2026-09-15 - Thứ 3,497,99.80%,77.87%,1.01%,7.45,387,5,496,5,105,1,0.20%,21.12%,497,Bình Thuận,NTB,AM Thủy
NTB - Bình Thuận,(BTH) Hàm Tân,Hàng Mới Ca 1,2026-10-02 - Thứ 6,319,100.00%,84.01%,0.00%,6.24,268,0,319,0,51,0,0.00%,15.99%,319,Bình Thuận,NTB,AM Thủy
NTB - Bình Thuận,(BTH) Hàm Tân,Hàng Mới Ca 1,2026-10-08 - Thứ 5,468,99.36%,74.36%,1.50%,7.04,348,7,465,7,113,3,0.64%,24.14%,468,Bình Thuận,NTB,AM Thủy
NTB - Bình Thuận,(BTH) Hàm Tân,Hàng Mới Ca 1,2026-09-19 - Thứ 7,523,99.81%,75.91%,1.15%,7.97,397,6,522,6,120,1,0.19%,22.94%,523,Bình Thuận,NTB,AM Thủy
NTB - Bình Thuận,(BTH) Hàm Tân,Hàng Mới Ca 1,2026-10-04 - Chủ Nhật,283,96.47%,81.27%,0.35%,6.72,230,1,273,1,52,10,3.53%,18.38%,283,Bình Thuận,NTB,AM Thủy
NTB - Bình Thuận,(BTH) Hàm Tân,Hàng Mới Ca 1,2026-09-17 - Thứ 5,564,99.82%,81.91%,1.60%,7.54,462,9,563,9,93,1,0.18%,16.49%,564,Bình Thuận,NTB,AM Thủy
NTB - Bình Thuận,(BTH) Hàm Tân,Hàng Mới Ca 1,2026-10-09 - Thứ 6,406,100.00%,77.59%,1.23%,7.07,315,5,406,5,86,0,0.00%,21.18%,406,Bình Thuận,NTB,AM Thủy
NTB - Bình Thuận,(BTH) Hàm Tân,Hàng Mới Ca 1,2026-09-26 - Thứ 7,280,100.00%,76.79%,1.79%,6.54,215,5,280,5,60,0,0.00%,21.42%,280,Bình Thuận,NTB,AM Thủy
NTB - Bình Thuận,(BTH) Hàm Tân,Hàng Mới Ca 1,2026-09-28 - Thứ 2,278,100.00%,78.42%,1.44%,6.64,218,4,278,4,56,0,0.00%,20.14%,278,Bình Thuận,NTB,AM Thủy
NTB - Bình Thuận,(BTH) Hàm Tân,Hàng Mới Ca 1,2026-10-03 - Thứ 7,253,99.60%,86.17%,0.79%,6.33,218,2,252,2,33,1,0.40%,13.04%,253,Bình Thuận,NTB,AM Thủy
NTB - Bình Thuận,(BTH) Hàm Tân,Hàng Mới Ca 1,2026-09-18 - Thứ 6,632,99.84%,79.11%,1.74%,8.02,500,11,631,11,121,1,0.16%,19.15%,632,Bình Thuận,NTB,AM Thủy
NTB - Bình Thuận,(BTH) Hàm Tân,Hàng Mới Ca 1,2026-09-13 - Chủ Nhật,579,94.13%,78.41%,1.21%,7.3,454,7,545,7,118,34,5.87%,20.38%,579,Bình Thuận,NTB,AM Thủy
NTB - Bình Thuận,(BTH) Hàm Tân,Hàng Mới Ca 1,2026-10-06 - Thứ 3,424,99.53%,80.19%,0.24%,6.8,340,1,422,1,83,2,0.47%,19.57%,424,Bình Thuận,NTB,AM Thủy
NTB - Bình Thuận,(BTH) Hàm Tân,Hàng Mới Ca 1,2026-09-29 - Thứ 3,250,99.60%,86.40%,0.00%,5.5,216,0,249,0,34,1,0.40%,13.60%,250,Bình Thuận,NTB,AM Thủy
NTB - Bình Thuận,(BTH) Hàm Tân,Hàng Mới Ca 1,2026-09-30 - Thứ 4,254,99.61%,86.22%,2.76%,5.84,219,7,253,7,28,1,0.39%,11.02%,254,Bình Thuận,NTB,AM Thủy
NTB - Bình Thuận,(BTH) Hàm Tân,Hàng Mới Ca 1,2026-10-07 - Thứ 4,229,100.00%,79.91%,0.87%,6.34,183,2,229,2,44,0,0.00%,19.22%,229,Bình Thuận,NTB,AM Thủy
NTB - Bình Thuận,(BTH) Hàm Tân,Hàng Mới Ca 1,2026-09-14 - Thứ 2,571,86.16%,67.25%,0.88%,6.81,384,5,492,5,182,79,13.84%,31.87%,571,Bình Thuận,NTB,AM Thủy
NTB - Bình Thuận,(BTH) Hàm Tân,Hàng Mới Ca 2,2026-10-03 - Thứ 7,369,60.98%,39.02%,0.54%,4,144,2,225,2,223,144,39.02%,60.44%,369,Bình Thuận,NTB,AM Thủy
NTB - Bình Thuận,(BTH) Hàm Tân,Hàng Mới Ca 2,2026-09-27 - Chủ Nhật,172,41.86%,23.26%,1.16%,3.3,40,2,72,2,130,100,58.14%,75.58%,172,Bình Thuận,NTB,AM Thủy
NTB - Bình Thuận,(BTH) Hàm Tân,Hàng Mới Ca 2,2026-09-21 - Thứ 2,181,29.28%,14.92%,0.00%,3.04,27,0,53,0,154,128,70.72%,85.08%,181,Bình Thuận,NTB,AM Thủy
NTB - Bình Thuận,(BTH) Hàm Tân,Hàng Mới Ca 2,2026-09-24 - Thứ 5,339,49.85%,36.87%,0.29%,3.98,125,1,169,1,213,170,50.15%,62.84%,339,Bình Thuận,NTB,AM Thủy
NTB - Bình Thuận,(BTH) Hàm Tân,Hàng Mới Ca 2,2026-10-06 - Thứ 3,293,44.03%,27.99%,1.02%,3.55,82,3,129,3,208,164,55.97%,70.99%,293,Bình Thuận,NTB,AM Thủy
NTB - Bình Thuận,(BTH) Hàm Tân,Hàng Mới Ca 2,2026-09-12 - Thứ 7,66,13.64%,12.12%,0.00%,2.5,8,0,9,0,58,57,86.36%,87.88%,66,Bình Thuận,NTB,AM Thủy
NTB - Bình Thuận,(BTH) Hàm Tân,Hàng Mới Ca 2,2026-10-05 - Thứ 2,151,37.09%,24.50%,0.00%,2.72,37,0,56,0,114,95,62.91%,75.50%,151,Bình Thuận,NTB,AM Thủy
NTB - Bình Thuận,(BTH) Hàm Tân,Hàng Mới Ca 2,2026-09-14 - Thứ 2,52,44.23%,30.77%,0.00%,3.63,16,0,23,0,36,29,55.77%,69.23%,52,Bình Thuận,NTB,AM Thủy
NTB - Bình Thuận,(BTH) Hàm Tân,Hàng Mới Ca 2,2026-09-15 - Thứ 3,43,46.51%,32.56%,0.00%,5.07,14,0,20,0,29,23,53.49%,67.44%,43,Bình Thuận,NTB,AM Thủy
NTB - Bình Thuận,(BTH) Hàm Tân,Hàng Mới Ca 2,2026-10-02 - Thứ 6,347,52.45%,27.95%,0.29%,3.3,97,1,182,1,249,165,47.55%,71.76%,347,Bình Thuận,NTB,AM Thủy
NTB - Bình Thuận,(BTH) Hàm Tân,Hàng Mới Ca 2,2026-09-29 - Thứ 3,249,60.64%,31.73%,0.00%,2.94,79,0,151,0,170,98,39.36%,68.27%,249,Bình Thuận,NTB,AM Thủy
NTB - Bình Thuận,(BTH) Hàm Tân,Hàng Mới Ca 2,2026-10-08 - Thứ 5,254,25.98%,16.93%,0.00%,3.53,43,0,66,0,211,188,74.02%,83.07%,254,Bình Thuận,NTB,AM Thủy
NTB - Bình Thuận,(BTH) Hàm Tân,Hàng Mới Ca 2,2026-10-04 - Chủ Nhật,335,37.01%,23.88%,0.30%,3.16,80,1,124,1,254,211,62.99%,75.82%,335,Bình Thuận,NTB,AM Thủy
NTB - Bình Thuận,(BTH) Hàm Tân,Hàng Mới Ca 2,2026-09-30 - Thứ 4,322,59.94%,39.75%,0.00%,3.55,128,0,193,0,194,129,40.06%,60.25%,322,Bình Thuận,NTB,AM Thủy
NTB - Bình Thuận,(BTH) Hàm Tân,Hàng Mới Ca 2,2026-09-17 - Thứ 5,47,59.57%,34.04%,0.00%,4.81,16,0,28,0,31,19,40.43%,65.96%,47,Bình Thuận,NTB,AM Thủy
NTB - Bình Thuận,(BTH) Hàm Tân,Hàng Mới Ca 2,2026-09-26 - Thứ 7,292,23.29%,13.01%,0.00%,3.82,38,0,68,0,254,224,76.71%,86.99%,292,Bình Thuận,NTB,AM Thủy
NTB - Bình Thuận,(BTH) Hàm Tân,Hàng Mới Ca 2,2026-10-07 - Thứ 4,312,45.51%,19.87%,0.64%,2.66,62,2,142,2,248,170,54.49%,79.49%,312,Bình Thuận,NTB,AM Thủy
NTB - Bình Thuận,(BTH) Hàm Tân,Hàng Mới Ca 2,2026-09-16 - Thứ 4,65,44.62%,35.38%,1.54%,4.39,23,1,29,1,41,36,55.38%,63.08%,65,Bình Thuận,NTB,AM Thủy
NTB - Bình Thuận,(BTH) Hàm Tân,Hàng Mới Ca 2,2026-09-25 - Thứ 6,258,43.41%,19.38%,0.39%,3.98,50,1,112,1,207,146,56.59%,80.23%,258,Bình Thuận,NTB,AM Thủy
NTB - Bình Thuận,(BTH) Hàm Tân,Hàng Mới Ca 2,2026-09-20 - Chủ Nhật,74,36.49%,20.27%,0.00%,4,15,0,27,0,59,47,63.51%,79.73%,74,Bình Thuận,NTB,AM Thủy
NTB - Bình Thuận,(BTH) Hàm Tân,Hàng Mới Ca 2,2026-09-13 - Chủ Nhật,84,32.14%,22.62%,0.00%,4.95,19,0,27,0,65,57,67.86%,77.38%,84,Bình Thuận,NTB,AM Thủy
NTB - Bình Thuận,(BTH) Hàm Tân,Hàng Mới Ca 2,2026-09-23 - Thứ 4,245,46.53%,25.71%,0.00%,3.84,63,0,114,0,182,131,53.47%,74.29%,245,Bình Thuận,NTB,AM Thủy
NTB - Bình Thuận,(BTH) Hàm Tân,Hàng Mới Ca 2,2026-10-01 - Thứ 5,325,62.46%,45.23%,0.31%,3.45,147,1,203,1,177,122,37.54%,54.46%,325,Bình Thuận,NTB,AM Thủy
NTB - Bình Thuận,(BTH) Hàm Tân,Hàng Mới Ca 2,2026-09-19 - Thứ 7,80,41.25%,28.75%,0.00%,3.22,23,0,33,0,57,47,58.75%,71.25%,80,Bình Thuận,NTB,AM Thủy
NTB - Bình Thuận,(BTH) Hàm Tân,Hàng Mới Ca 2,2026-09-28 - Thứ 2,227,63.00%,41.41%,0.00%,3.05,94,0,143,0,133,84,37.00%,58.59%,227,Bình Thuận,NTB,AM Thủy
NTB - Bình Thuận,(BTH) Hàm Tân,Hàng Mới Ca 2,2026-09-18 - Thứ 6,90,46.67%,28.89%,1.11%,4.62,26,1,42,1,63,48,53.33%,70.00%,90,Bình Thuận,NTB,AM Thủy
NTB - Bình Thuận,(BTH) Hàm Tân,Hàng Mới Ca 2,2026-09-22 - Thứ 3,283,47.70%,37.10%,0.00%,3.91,105,0,135,0,178,148,52.30%,62.90%,283,Bình Thuận,NTB,AM Thủy
NTB - Bình Thuận,(BTH) Hàm Tân,Hàng Mới Ca 2,2026-10-09 - Thứ 6,382,44.50%,24.61%,0.52%,3.96,94,2,170,2,286,212,55.50%,74.87%,382,Bình Thuận,NTB,AM Thủy
NTB - Bình Thuận,(BTH) Hàm Tân,Hàng Tồn,2026-09-27 - Chủ Nhật,482,99.79%,59.54%,5.19%,31.45,287,25,481,25,170,1,0.21%,35.27%,0,Bình Thuận,NTB,AM Thủy
NTB - Bình Thuận,(BTH) Hàm Tân,Hàng Tồn,2026-09-13 - Chủ Nhật,434,98.16%,46.08%,6.22%,36.75,200,27,426,27,207,8,1.84%,47.70%,0,Bình Thuận,NTB,AM Thủy
NTB - Bình Thuận,(BTH) Hàm Tân,Hàng Tồn,2026-09-24 - Thứ 5,360,98.61%,53.89%,5.56%,33.82,194,20,355,20,146,5,1.39%,40.55%,0,Bình Thuận,NTB,AM Thủy
NTB - Bình Thuận,(BTH) Hàm Tân,Hàng Tồn,2026-10-06 - Thứ 3,296,98.99%,48.65%,8.45%,37.01,144,25,293,25,127,3,1.01%,42.90%,0,Bình Thuận,NTB,AM Thủy
NTB - Bình Thuận,(BTH) Hàm Tân,Hàng Tồn,2026-10-01 - Thứ 5,331,97.28%,56.50%,6.95%,29.23,187,23,322,23,121,9,2.72%,36.55%,0,Bình Thuận,NTB,AM Thủy
NTB - Bình Thuận,(BTH) Hàm Tân,Hàng Tồn,2026-09-12 - Thứ 7,484,98.76%,50.00%,8.26%,44.87,242,40,478,40,202,6,1.24%,41.74%,0,Bình Thuận,NTB,AM Thủy
NTB - Bình Thuận,(BTH) Hàm Tân,Hàng Tồn,2026-10-05 - Thứ 2,455,99.56%,57.14%,5.93%,30.2,260,27,453,27,168,2,0.44%,36.93%,0,Bình Thuận,NTB,AM Thủy
NTB - Bình Thuận,(BTH) Hàm Tân,Hàng Tồn,2026-09-23 - Thứ 4,359,98.89%,55.15%,5.85%,32.46,198,21,355,21,140,4,1.11%,39.00%,0,Bình Thuận,NTB,AM Thủy
NTB - Bình Thuận,(BTH) Hàm Tân,Hàng Tồn,2026-09-14 - Thứ 2,363,89.26%,42.98%,7.71%,38.28,156,28,324,28,179,39,10.74%,49.31%,0,Bình Thuận,NTB,AM Thủy
NTB - Bình Thuận,(BTH) Hàm Tân,Hàng Tồn,2026-09-15 - Thứ 3,377,99.20%,53.32%,10.08%,42.25,201,38,374,38,138,3,0.80%,36.60%,0,Bình Thuận,NTB,AM Thủy
NTB - Bình Thuận,(BTH) Hàm Tân,Hàng Tồn,2026-10-02 - Thứ 6,296,98.31%,53.38%,6.76%,30.09,158,20,291,20,118,5,1.69%,39.86%,0,Bình Thuận,NTB,AM Thủy
NTB - Bình Thuận,(BTH) Hàm Tân,Hàng Tồn,2026-09-29 - Thứ 3,306,99.02%,48.04%,6.86%,34.04,147,21,303,21,138,3,0.98%,45.10%,0,Bình Thuận,NTB,AM Thủy
NTB - Bình Thuận,(BTH) Hàm Tân,Hàng Tồn,2026-10-08 - Thứ 5,414,99.76%,57.49%,5.56%,29.97,238,23,413,23,153,1,0.24%,36.95%,0,Bình Thuận,NTB,AM Thủy
NTB - Bình Thuận,(BTH) Hàm Tân,Hàng Tồn,2026-09-19 - Thứ 7,263,99.24%,52.09%,9.89%,35.39,137,26,261,26,100,2,0.76%,38.02%,0,Bình Thuận,NTB,AM Thủy
NTB - Bình Thuận,(BTH) Hàm Tân,Hàng Tồn,2026-10-04 - Chủ Nhật,360,86.94%,53.89%,2.50%,29.64,194,9,313,9,157,47,13.06%,43.61%,0,Bình Thuận,NTB,AM Thủy
NTB - Bình Thuận,(BTH) Hàm Tân,Hàng Tồn,2026-09-30 - Thứ 4,314,98.09%,55.10%,5.10%,31.48,173,16,308,16,125,6,1.91%,39.80%,0,Bình Thuận,NTB,AM Thủy
NTB - Bình Thuận,(BTH) Hàm Tân,Hàng Tồn,2026-09-17 - Thứ 5,244,97.95%,44.26%,11.48%,36.95,108,28,239,28,108,5,2.05%,44.26%,0,Bình Thuận,NTB,AM Thủy
NTB - Bình Thuận,(BTH) Hàm Tân,Hàng Tồn,2026-10-09 - Thứ 6,450,99.33%,53.56%,6.22%,31.74,241,28,447,28,181,3,0.67%,40.22%,0,Bình Thuận,NTB,AM Thủy
NTB - Bình Thuận,(BTH) Hàm Tân,Hàng Tồn,2026-09-26 - Thứ 7,409,98.53%,50.61%,3.18%,31.29,207,13,403,13,189,6,1.47%,46.21%,0,Bình Thuận,NTB,AM Thủy
NTB - Bình Thuận,(BTH) Hàm Tân,Hàng Tồn,2026-10-07 - Thứ 4,396,98.74%,57.32%,6.06%,32.87,227,24,391,24,145,5,1.26%,36.62%,0,Bình Thuận,NTB,AM Thủy
NTB - Bình Thuận,(BTH) Hàm Tân,Hàng Tồn,2026-10-03 - Thứ 7,404,99.50%,59.41%,7.67%,31.19,240,31,402,31,133,2,0.50%,32.92%,0,Bình Thuận,NTB,AM Thủy
NTB - Bình Thuận,(BTH) Hàm Tân,Hàng Tồn,2026-09-16 - Thứ 4,241,98.76%,35.27%,12.03%,42.99,85,29,238,29,127,3,1.24%,52.70%,0,Bình Thuận,NTB,AM Thủy
NTB - Bình Thuận,(BTH) Hàm Tân,Hàng Tồn,2026-09-25 - Thứ 6,407,98.53%,53.56%,6.63%,34.94,218,27,401,27,162,6,1.47%,39.81%,0,Bình Thuận,NTB,AM Thủy
NTB - Bình Thuận,(BTH) Hàm Tân,Hàng Tồn,2026-09-18 - Thứ 6,198,98.99%,40.40%,9.09%,36.91,80,18,196,18,100,2,1.01%,50.51%,0,Bình Thuận,NTB,AM Thủy
NTB - Bình Thuận,(BTH) Hàm Tân,Hàng Tồn,2026-09-21 - Thứ 2,251,98.01%,48.61%,4.78%,34.26,122,12,246,12,117,5,1.99%,46.61%,0,Bình Thuận,NTB,AM Thủy
NTB - Bình Thuận,(BTH) Hàm Tân,Hàng Tồn,2026-09-20 - Chủ Nhật,254,98.03%,50.39%,6.30%,35.73,128,16,249,16,110,5,1.97%,43.31%,0,Bình Thuận,NTB,AM Thủy
NTB - Bình Thuận,(BTH) Hàm Tân,Hàng Tồn,2026-09-22 - Thứ 3,350,98.57%,57.71%,6.29%,32.99,202,22,345,22,126,5,1.43%,36.00%,0,Bình Thuận,NTB,AM Thủy
NTB - Bình Thuận,(BTH) Hàm Tân,Hàng Tồn,2026-09-28 - Thứ 2,351,98.58%,52.14%,8.26%,36.36,183,29,346,29,139,5,1.42%,39.60%,0,Bình Thuận,NTB,AM Thủy
NTB - Bình Thuận,(BTH) Hàm Thắng,Hàng Mới Ca 1,2026-10-03 - Thứ 7,451,99.33%,87.58%,1.11%,7.26,395,5,448,5,51,3,0.67%,11.31%,451,Bình Thuận,NTB,AM Khánh
NTB - Bình Thuận,(BTH) Hàm Thắng,Hàng Mới Ca 1,2026-09-27 - Chủ Nhật,389,100.00%,86.63%,0.26%,7.14,337,1,389,1,51,0,0.00%,13.11%,389,Bình Thuận,NTB,AM Khánh
NTB - Bình Thuận,(BTH) Hàm Thắng,Hàng Mới Ca 1,2026-09-20 - Chủ Nhật,345,98.84%,85.22%,0.87%,6.89,294,3,341,3,48,4,1.16%,13.91%,345,Bình Thuận,NTB,AM Khánh
NTB - Bình Thuận,(BTH) Hàm Thắng,Hàng Mới Ca 1,2026-09-13 - Chủ Nhật,600,98.50%,83.83%,0.67%,7.83,503,4,591,4,93,9,1.50%,15.50%,600,Bình Thuận,NTB,AM Khánh
NTB - Bình Thuận,(BTH) Hàm Thắng,Hàng Mới Ca 1,2026-09-24 - Thứ 5,510,100.00%,87.06%,0.78%,7.51,444,4,510,4,62,0,0.00%,12.16%,510,Bình Thuận,NTB,AM Khánh
NTB - Bình Thuận,(BTH) Hàm Thắng,Hàng Mới Ca 1,2026-10-06 - Thứ 3,612,99.67%,87.09%,1.14%,7.49,533,7,610,7,72,2,0.33%,11.77%,612,Bình Thuận,NTB,AM Khánh
NTB - Bình Thuận,(BTH) Hàm Thắng,Hàng Mới Ca 1,2026-10-01 - Thứ 5,284,100.00%,91.55%,0.35%,6.36,260,1,284,1,23,0,0.00%,8.10%,284,Bình Thuận,NTB,AM Khánh
NTB - Bình Thuận,(BTH) Hàm Thắng,Hàng Mới Ca 1,2026-09-12 - Thứ 7,852,98.83%,86.85%,1.29%,10.39,740,11,842,11,101,10,1.17%,11.86%,852,Bình Thuận,NTB,AM Khánh
NTB - Bình Thuận,(BTH) Hàm Thắng,Hàng Mới Ca 1,2026-09-22 - Thứ 3,501,99.40%,87.82%,0.80%,6.82,440,4,498,4,57,3,0.60%,11.38%,501,Bình Thuận,NTB,AM Khánh
NTB - Bình Thuận,(BTH) Hàm Thắng,Hàng Mới Ca 1,2026-09-23 - Thứ 4,511,99.80%,88.65%,0.98%,7.89,453,5,510,5,53,1,0.20%,10.37%,511,Bình Thuận,NTB,AM Khánh
NTB - Bình Thuận,(BTH) Hàm Thắng,Hàng Mới Ca 1,2026-09-14 - Thứ 2,590,98.98%,84.24%,1.19%,7.68,497,7,584,7,86,6,1.02%,14.57%,590,Bình Thuận,NTB,AM Khánh
NTB - Bình Thuận,(BTH) Hàm Thắng,Hàng Mới Ca 1,2026-09-15 - Thứ 3,525,100.00%,87.43%,1.14%,7.36,459,6,525,6,60,0,0.00%,11.43%,525,Bình Thuận,NTB,AM Khánh
NTB - Bình Thuận,(BTH) Hàm Thắng,Hàng Mới Ca 1,2026-10-02 - Thứ 6,625,99.84%,89.44%,1.76%,7.19,559,11,624,11,55,1,0.16%,8.80%,625,Bình Thuận,NTB,AM Khánh
NTB - Bình Thuận,(BTH) Hàm Thắng,Hàng Mới Ca 1,2026-09-29 - Thứ 3,439,99.54%,87.24%,1.14%,7.11,383,5,437,5,51,2,0.46%,11.62%,439,Bình Thuận,NTB,AM Khánh
NTB - Bình Thuận,(BTH) Hàm Thắng,Hàng Mới Ca 1,2026-10-08 - Thứ 5,703,100.00%,89.33%,1.14%,7.77,628,8,703,8,67,0,0.00%,9.53%,703,Bình Thuận,NTB,AM Khánh
NTB - Bình Thuận,(BTH) Hàm Thắng,Hàng Mới Ca 1,2026-09-19 - Thứ 7,421,99.29%,87.41%,0.95%,8,368,4,418,4,49,3,0.71%,11.64%,421,Bình Thuận,NTB,AM Khánh
NTB - Bình Thuận,(BTH) Hàm Thắng,Hàng Mới Ca 1,2026-10-04 - Chủ Nhật,544,98.53%,87.87%,0.00%,7.35,478,0,536,0,66,8,1.47%,12.13%,544,Bình Thuận,NTB,AM Khánh
NTB - Bình Thuận,(BTH) Hàm Thắng,Hàng Mới Ca 1,2026-09-17 - Thứ 5,437,99.77%,85.58%,1.37%,6.75,374,6,436,6,57,1,0.23%,13.05%,437,Bình Thuận,NTB,AM Khánh
NTB - Bình Thuận,(BTH) Hàm Thắng,Hàng Mới Ca 1,2026-10-09 - Thứ 6,662,99.40%,87.16%,1.06%,7.97,577,7,658,7,78,4,0.60%,11.78%,662,Bình Thuận,NTB,AM Khánh
NTB - Bình Thuận,(BTH) Hàm Thắng,Hàng Mới Ca 1,2026-09-26 - Thứ 7,428,100.00%,86.45%,1.64%,7.07,370,7,428,7,51,0,0.00%,11.91%,428,Bình Thuận,NTB,AM Khánh
NTB - Bình Thuận,(BTH) Hàm Thắng,Hàng Mới Ca 1,2026-09-28 - Thứ 2,387,99.74%,89.41%,0.26%,7.55,346,1,386,1,40,1,0.26%,10.33%,387,Bình Thuận,NTB,AM Khánh
NTB - Bình Thuận,(BTH) Hàm Thắng,Hàng Mới Ca 1,2026-10-07 - Thứ 4,319,100.00%,88.40%,1.57%,6.36,282,5,319,5,32,0,0.00%,10.03%,319,Bình Thuận,NTB,AM Khánh
NTB - Bình Thuận,(BTH) Hàm Thắng,Hàng Mới Ca 1,2026-09-16 - Thứ 4,402,99.50%,89.80%,0.50%,7.38,361,2,400,2,39,2,0.50%,9.70%,402,Bình Thuận,NTB,AM Khánh
NTB - Bình Thuận,(BTH) Hàm Thắng,Hàng Mới Ca 1,2026-09-25 - Thứ 6,605,93.55%,84.96%,0.66%,7.32,514,4,566,4,87,39,6.45%,14.38%,605,Bình Thuận,NTB,AM Khánh
NTB - Bình Thuận,(BTH) Hàm Thắng,Hàng Mới Ca 1,2026-09-21 - Thứ 2,257,99.22%,89.11%,0.39%,7.77,229,1,255,1,27,2,0.78%,10.50%,257,Bình Thuận,NTB,AM Khánh
NTB - Bình Thuận,(BTH) Hàm Thắng,Hàng Mới Ca 1,2026-10-05 - Thứ 2,357,99.16%,89.64%,0.84%,7.89,320,3,354,3,34,3,0.84%,9.52%,357,Bình Thuận,NTB,AM Khánh
NTB - Bình Thuận,(BTH) Hàm Thắng,Hàng Mới Ca 1,2026-09-18 - Thứ 6,693,98.99%,85.71%,0.29%,7.8,594,2,686,2,97,7,1.01%,14.00%,693,Bình Thuận,NTB,AM Khánh
NTB - Bình Thuận,(BTH) Hàm Thắng,Hàng Mới Ca 1,2026-09-30 - Thứ 4,442,100.00%,89.59%,1.13%,7.03,396,5,442,5,41,0,0.00%,9.28%,442,Bình Thuận,NTB,AM Khánh
NTB - Bình Thuận,(BTH) Hàm Thắng,Hàng Mới Ca 2,2026-09-18 - Thứ 6,471,80.89%,68.79%,0.85%,5.41,324,4,381,4,143,90,19.11%,30.36%,471,Bình Thuận,NTB,AM Khánh
NTB - Bình Thuận,(BTH) Hàm Thắng,Hàng Mới Ca 2,2026-09-27 - Chủ Nhật,306,85.29%,70.59%,0.33%,4.19,216,1,261,1,89,45,14.71%,29.08%,306,Bình Thuận,NTB,AM Khánh
NTB - Bình Thuận,(BTH) Hàm Thắng,Hàng Mới Ca 2,2026-09-21 - Thứ 2,394,91.37%,81.73%,0.25%,4.24,322,1,360,1,71,34,8.63%,18.02%,394,Bình Thuận,NTB,AM Khánh
NTB - Bình Thuận,(BTH) Hàm Thắng,Hàng Mới Ca 2,2026-09-20 - Chủ Nhật,643,84.14%,70.45%,0.93%,3.86,453,6,541,6,184,102,15.86%,28.62%,643,Bình Thuận,NTB,AM Khánh
NTB - Bình Thuận,(BTH) Hàm Thắng,Hàng Mới Ca 2,2026-09-24 - Thứ 5,524,81.87%,67.56%,0.38%,4.45,354,2,429,2,168,95,18.13%,32.06%,524,Bình Thuận,NTB,AM Khánh
NTB - Bình Thuận,(BTH) Hàm Thắng,Hàng Mới Ca 2,2026-10-06 - Thứ 3,555,83.06%,70.81%,0.54%,5.02,393,3,461,3,159,94,16.94%,28.65%,555,Bình Thuận,NTB,AM Khánh
NTB - Bình Thuận,(BTH) Hàm Thắng,Hàng Mới Ca 2,2026-10-01 - Thứ 5,573,88.31%,76.79%,0.35%,3.95,440,2,506,2,131,67,11.69%,22.86%,573,Bình Thuận,NTB,AM Khánh
NTB - Bình Thuận,(BTH) Hàm Thắng,Hàng Mới Ca 2,2026-09-12 - Thứ 7,431,82.13%,72.85%,1.39%,5.12,314,6,354,6,111,77,17.87%,25.76%,431,Bình Thuận,NTB,AM Khánh
NTB - Bình Thuận,(BTH) Hàm Thắng,Hàng Mới Ca 2,2026-10-05 - Thứ 2,244,81.15%,71.31%,0.82%,3.73,174,2,198,2,68,46,18.85%,27.87%,244,Bình Thuận,NTB,AM Khánh
NTB - Bình Thuận,(BTH) Hàm Thắng,Hàng Mới Ca 2,2026-09-23 - Thứ 4,521,72.55%,62.76%,0.77%,4.53,327,4,378,4,190,143,27.45%,36.47%,521,Bình Thuận,NTB,AM Khánh
NTB - Bình Thuận,(BTH) Hàm Thắng,Hàng Mới Ca 2,2026-09-14 - Thứ 2,310,84.19%,73.23%,0.97%,4.54,227,3,261,3,80,49,15.81%,25.80%,310,Bình Thuận,NTB,AM Khánh
NTB - Bình Thuận,(BTH) Hàm Thắng,Hàng Mới Ca 2,2026-09-15 - Thứ 3,526,88.97%,72.81%,0.95%,4.92,383,5,468,5,138,58,11.03%,26.24%,526,Bình Thuận,NTB,AM Khánh
NTB - Bình Thuận,(BTH) Hàm Thắng,Hàng Mới Ca 2,2026-10-02 - Thứ 6,551,88.93%,75.86%,0.36%,4.14,418,2,490,2,131,61,11.07%,23.78%,551,Bình Thuận,NTB,AM Khánh
NTB - Bình Thuận,(BTH) Hàm Thắng,Hàng Mới Ca 2,2026-09-29 - Thứ 3,441,87.53%,72.56%,0.45%,5.13,320,2,386,2,119,55,12.47%,26.99%,441,Bình Thuận,NTB,AM Khánh
NTB - Bình Thuận,(BTH) Hàm Thắng,Hàng Mới Ca 2,2026-10-08 - Thứ 5,517,85.30%,73.31%,0.58%,4.14,379,3,441,3,135,76,14.70%,26.11%,517,Bình Thuận,NTB,AM Khánh
NTB - Bình Thuận,(BTH) Hàm Thắng,Hàng Mới Ca 2,2026-09-19 - Thứ 7,561,90.37%,77.90%,1.25%,5.18,437,7,507,7,117,54,9.63%,20.85%,561,Bình Thuận,NTB,AM Khánh
NTB - Bình Thuận,(BTH) Hàm Thắng,Hàng Mới Ca 2,2026-10-04 - Chủ Nhật,664,73.49%,63.55%,0.75%,4.3,422,5,488,5,237,176,26.51%,35.70%,664,Bình Thuận,NTB,AM Khánh
NTB - Bình Thuận,(BTH) Hàm Thắng,Hàng Mới Ca 2,2026-09-30 - Thứ 4,430,86.28%,76.51%,0.47%,3.9,329,2,371,2,99,59,13.72%,23.02%,430,Bình Thuận,NTB,AM Khánh
NTB - Bình Thuận,(BTH) Hàm Thắng,Hàng Mới Ca 2,2026-09-17 - Thứ 5,400,89.50%,78.25%,0.50%,4.22,313,2,358,2,85,42,10.50%,21.25%,400,Bình Thuận,NTB,AM Khánh
NTB - Bình Thuận,(BTH) Hàm Thắng,Hàng Mới Ca 2,2026-10-09 - Thứ 6,598,87.29%,75.59%,0.67%,5.4,452,4,522,4,142,76,12.71%,23.74%,598,Bình Thuận,NTB,AM Khánh
NTB - Bình Thuận,(BTH) Hàm Thắng,Hàng Mới Ca 2,2026-09-26 - Thứ 7,458,88.65%,75.98%,0.22%,4.69,348,1,406,1,109,52,11.35%,23.80%,458,Bình Thuận,NTB,AM Khánh
NTB - Bình Thuận,(BTH) Hàm Thắng,Hàng Mới Ca 2,2026-09-28 - Thứ 2,284,87.68%,75.35%,0.35%,4.65,214,1,249,1,69,35,12.32%,24.30%,284,Bình Thuận,NTB,AM Khánh
NTB - Bình Thuận,(BTH) Hàm Thắng,Hàng Mới Ca 2,2026-10-07 - Thứ 4,549,90.35%,76.50%,0.91%,4.27,420,5,496,5,124,53,9.65%,22.59%,549,Bình Thuận,NTB,AM Khánh
NTB - Bình Thuận,(BTH) Hàm Thắng,Hàng Mới Ca 2,2026-10-03 - Thứ 7,498,86.95%,76.51%,0.00%,4.07,381,0,433,0,117,65,13.05%,23.49%,498,Bình Thuận,NTB,AM Khánh
NTB - Bình Thuận,(BTH) Hàm Thắng,Hàng Mới Ca 2,2026-09-16 - Thứ 4,613,89.40%,77.49%,1.14%,3.74,475,7,548,7,131,65,10.60%,21.37%,613,Bình Thuận,NTB,AM Khánh
NTB - Bình Thuận,(BTH) Hàm Thắng,Hàng Mới Ca 2,2026-09-13 - Chủ Nhật,345,80.87%,70.14%,0.29%,4.75,242,1,279,1,102,66,19.13%,29.57%,345,Bình Thuận,NTB,AM Khánh
NTB - Bình Thuận,(BTH) Hàm Thắng,Hàng Mới Ca 2,2026-09-22 - Thứ 3,528,89.39%,77.46%,0.38%,4.69,409,2,472,2,117,56,10.61%,22.16%,528,Bình Thuận,NTB,AM Khánh
NTB - Bình Thuận,(BTH) Hàm Thắng,Hàng Mới Ca 2,2026-09-25 - Thứ 6,490,88.37%,76.12%,1.84%,4.81,373,9,433,9,108,57,11.63%,22.04%,490,Bình Thuận,NTB,AM Khánh
NTB - Bình Thuận,(BTH) Hàm Thắng,Hàng Tồn,2026-10-07 - Thứ 4,307,97.72%,52.12%,6.84%,32.38,160,21,300,21,126,7,2.28%,41.04%,0,Bình Thuận,NTB,AM Khánh
NTB - Bình Thuận,(BTH) Hàm Thắng,Hàng Tồn,2026-09-25 - Thứ 6,336,96.73%,52.98%,6.25%,32.79,178,21,325,21,137,11,3.27%,40.77%,0,Bình Thuận,NTB,AM Khánh
NTB - Bình Thuận,(BTH) Hàm Thắng,Hàng Tồn,2026-09-27 - Chủ Nhật,289,97.23%,49.13%,5.54%,39.65,142,16,281,16,131,8,2.77%,45.33%,0,Bình Thuận,NTB,AM Khánh
NTB - Bình Thuận,(BTH) Hàm Thắng,Hàng Tồn,2026-09-21 - Thứ 2,352,97.44%,60.23%,5.68%,35.84,212,20,343,20,120,9,2.56%,34.09%,0,Bình Thuận,NTB,AM Khánh
NTB - Bình Thuận,(BTH) Hàm Thắng,Hàng Tồn,2026-09-20 - Chủ Nhật,274,92.70%,37.96%,6.20%,35.65,104,17,254,17,153,20,7.30%,55.84%,0,Bình Thuận,NTB,AM Khánh
NTB - Bình Thuận,(BTH) Hàm Thắng,Hàng Tồn,2026-09-13 - Chủ Nhật,286,96.50%,49.30%,7.34%,36.75,141,21,276,21,124,10,3.50%,43.36%,0,Bình Thuận,NTB,AM Khánh
NTB - Bình Thuận,(BTH) Hàm Thắng,Hàng Tồn,2026-09-24 - Thứ 5,338,96.15%,50.59%,2.66%,31.27,171,9,325,9,158,13,3.85%,46.75%,0,Bình Thuận,NTB,AM Khánh
NTB - Bình Thuận,(BTH) Hàm Thắng,Hàng Tồn,2026-10-06 - Thứ 3,219,98.63%,47.95%,7.76%,41.07,105,17,216,17,97,3,1.37%,44.29%,0,Bình Thuận,NTB,AM Khánh
NTB - Bình Thuận,(BTH) Hàm Thắng,Hàng Tồn,2026-10-01 - Thứ 5,229,99.56%,45.41%,6.55%,31.96,104,15,228,15,110,1,0.44%,48.04%,0,Bình Thuận,NTB,AM Khánh
NTB - Bình Thuận,(BTH) Hàm Thắng,Hàng Tồn,2026-09-12 - Thứ 7,302,97.35%,47.35%,8.61%,38.57,143,26,294,26,133,8,2.65%,44.04%,0,Bình Thuận,NTB,AM Khánh
NTB - Bình Thuận,(BTH) Hàm Thắng,Hàng Tồn,2026-10-05 - Thứ 2,408,97.79%,61.03%,5.88%,32.41,249,24,399,24,135,9,2.21%,33.09%,0,Bình Thuận,NTB,AM Khánh
NTB - Bình Thuận,(BTH) Hàm Thắng,Hàng Tồn,2026-09-23 - Thứ 4,248,96.37%,41.94%,7.26%,32.73,104,18,239,18,126,9,3.63%,50.80%,0,Bình Thuận,NTB,AM Khánh
NTB - Bình Thuận,(BTH) Hàm Thắng,Hàng Tồn,2026-09-14 - Thứ 2,301,97.67%,55.48%,8.97%,35.89,167,27,294,27,107,7,2.33%,35.55%,0,Bình Thuận,NTB,AM Khánh
NTB - Bình Thuận,(BTH) Hàm Thắng,Hàng Tồn,2026-09-15 - Thứ 3,244,98.36%,46.72%,6.97%,35.57,114,17,240,17,113,4,1.64%,46.31%,0,Bình Thuận,NTB,AM Khánh
NTB - Bình Thuận,(BTH) Hàm Thắng,Hàng Tồn,2026-10-02 - Thứ 6,226,98.67%,54.87%,7.52%,30.99,124,17,223,17,85,3,1.33%,37.61%,0,Bình Thuận,NTB,AM Khánh
NTB - Bình Thuận,(BTH) Hàm Thắng,Hàng Tồn,2026-09-29 - Thứ 3,175,97.14%,42.86%,7.43%,31.69,75,13,170,13,87,5,2.86%,49.71%,0,Bình Thuận,NTB,AM Khánh
NTB - Bình Thuận,(BTH) Hàm Thắng,Hàng Tồn,2026-10-08 - Thứ 5,256,97.66%,48.44%,7.42%,35.78,124,19,250,19,113,6,2.34%,44.14%,0,Bình Thuận,NTB,AM Khánh
NTB - Bình Thuận,(BTH) Hàm Thắng,Hàng Tồn,2026-09-19 - Thứ 7,310,97.10%,48.71%,5.16%,30.49,151,16,301,16,143,9,2.90%,46.13%,0,Bình Thuận,NTB,AM Khánh
NTB - Bình Thuận,(BTH) Hàm Thắng,Hàng Tồn,2026-09-30 - Thứ 4,233,99.14%,46.35%,7.30%,30.83,108,17,231,17,108,2,0.86%,46.35%,0,Bình Thuận,NTB,AM Khánh
NTB - Bình Thuận,(BTH) Hàm Thắng,Hàng Tồn,2026-09-17 - Thứ 5,268,97.01%,53.36%,5.60%,31.42,143,15,260,15,110,8,2.99%,41.04%,0,Bình Thuận,NTB,AM Khánh
NTB - Bình Thuận,(BTH) Hàm Thắng,Hàng Tồn,2026-10-09 - Thứ 6,292,99.32%,46.92%,7.19%,35.13,137,21,290,21,134,2,0.68%,45.89%,0,Bình Thuận,NTB,AM Khánh
NTB - Bình Thuận,(BTH) Hàm Thắng,Hàng Tồn,2026-09-26 - Thứ 7,319,87.77%,40.44%,6.58%,39.96,129,21,280,21,169,39,12.23%,52.98%,0,Bình Thuận,NTB,AM Khánh
NTB - Bình Thuận,(BTH) Hàm Thắng,Hàng Tồn,2026-09-28 - Thứ 2,242,97.93%,47.93%,5.79%,36.97,116,14,237,14,112,5,2.07%,46.28%,0,Bình Thuận,NTB,AM Khánh
NTB - Bình Thuận,(BTH) Hàm Thắng,Hàng Tồn,2026-10-03 - Thứ 7,245,99.59%,46.94%,6.53%,32.66,115,16,244,16,114,1,0.41%,46.53%,0,Bình Thuận,NTB,AM Khánh
NTB - Bình Thuận,(BTH) Hàm Thắng,Hàng Tồn,2026-09-16 - Thứ 4,284,96.83%,48.24%,3.52%,33.21,137,10,275,10,137,9,3.17%,48.24%,0,Bình Thuận,NTB,AM Khánh
NTB - Bình Thuận,(BTH) Hàm Thắng,Hàng Tồn,2026-09-22 - Thứ 3,193,95.85%,35.23%,13.99%,36.36,68,27,185,27,98,8,4.15%,50.78%,0,Bình Thuận,NTB,AM Khánh
NTB - Bình Thuận,(BTH) Hàm Thắng,Hàng Tồn,2026-10-04 - Chủ Nhật,255,89.41%,44.71%,4.31%,35.26,114,11,228,11,130,27,10.59%,50.98%,0,Bình Thuận,NTB,AM Khánh
NTB - Bình Thuận,(BTH) Hàm Thắng,Hàng Tồn,2026-09-18 - Thứ 6,226,96.90%,50.88%,7.96%,38.72,115,18,219,18,93,7,3.10%,41.16%,0,Bình Thuận,NTB,AM Khánh
NTB - Bình Thuận,(BTH) Hàm Thuận Nam,Hàng Mới Ca 1,2026-10-07 - Thứ 4,125,100.00%,85.60%,0.80%,5.49,107,1,125,1,17,0,0.00%,13.60%,125,Bình Thuận,NTB,AM Thủy
NTB - Bình Thuận,(BTH) Hàm Thuận Nam,Hàng Mới Ca 1,2026-09-13 - Chủ Nhật,241,80.91%,66.39%,0.83%,5.31,160,2,195,2,79,46,19.09%,32.78%,241,Bình Thuận,NTB,AM Thủy
NTB - Bình Thuận,(BTH) Hàm Thuận Nam,Hàng Mới Ca 1,2026-09-24 - Thứ 5,194,99.48%,78.87%,1.03%,5.2,153,2,193,2,39,1,0.52%,20.10%,194,Bình Thuận,NTB,AM Thủy
NTB - Bình Thuận,(BTH) Hàm Thuận Nam,Hàng Mới Ca 1,2026-10-06 - Thứ 3,187,100.00%,86.63%,0.53%,6.22,162,1,187,1,24,0,0.00%,12.84%,187,Bình Thuận,NTB,AM Thủy
NTB - Bình Thuận,(BTH) Hàm Thuận Nam,Hàng Mới Ca 1,2026-10-01 - Thứ 5,131,77.86%,66.41%,0.00%,6.49,87,0,102,0,44,29,22.14%,33.59%,131,Bình Thuận,NTB,AM Thủy
NTB - Bình Thuận,(BTH) Hàm Thuận Nam,Hàng Mới Ca 1,2026-09-12 - Thứ 7,289,100.00%,83.04%,2.08%,5.78,240,6,289,6,43,0,0.00%,14.88%,289,Bình Thuận,NTB,AM Thủy
NTB - Bình Thuận,(BTH) Hàm Thuận Nam,Hàng Mới Ca 1,2026-10-05 - Thứ 2,178,100.00%,83.15%,1.12%,6.53,148,2,178,2,28,0,0.00%,15.73%,178,Bình Thuận,NTB,AM Thủy
NTB - Bình Thuận,(BTH) Hàm Thuận Nam,Hàng Mới Ca 1,2026-09-22 - Thứ 3,135,100.00%,84.44%,0.74%,4.71,114,1,135,1,20,0,0.00%,14.82%,135,Bình Thuận,NTB,AM Thủy
NTB - Bình Thuận,(BTH) Hàm Thuận Nam,Hàng Mới Ca 1,2026-09-23 - Thứ 4,220,100.00%,81.82%,0.91%,5.09,180,2,220,2,38,0,0.00%,17.27%,220,Bình Thuận,NTB,AM Thủy
NTB - Bình Thuận,(BTH) Hàm Thuận Nam,Hàng Mới Ca 1,2026-09-14 - Thứ 2,243,100.00%,86.83%,0.82%,6.03,211,2,243,2,30,0,0.00%,12.35%,243,Bình Thuận,NTB,AM Thủy
NTB - Bình Thuận,(BTH) Hàm Thuận Nam,Hàng Mới Ca 1,2026-09-15 - Thứ 3,238,99.58%,86.55%,0.42%,4.91,206,1,237,1,31,1,0.42%,13.03%,238,Bình Thuận,NTB,AM Thủy
NTB - Bình Thuận,(BTH) Hàm Thuận Nam,Hàng Mới Ca 1,2026-10-02 - Thứ 6,176,100.00%,90.91%,1.14%,7.11,160,2,176,2,14,0,0.00%,7.95%,176,Bình Thuận,NTB,AM Thủy
NTB - Bình Thuận,(BTH) Hàm Thuận Nam,Hàng Mới Ca 1,2026-10-08 - Thứ 5,222,99.55%,90.99%,0.90%,6.15,202,2,221,2,18,1,0.45%,8.11%,222,Bình Thuận,NTB,AM Thủy
NTB - Bình Thuận,(BTH) Hàm Thuận Nam,Hàng Mới Ca 1,2026-09-19 - Thứ 7,162,99.38%,82.10%,1.23%,5.05,133,2,161,2,27,1,0.62%,16.67%,162,Bình Thuận,NTB,AM Thủy
NTB - Bình Thuận,(BTH) Hàm Thuận Nam,Hàng Mới Ca 1,2026-10-04 - Chủ Nhật,168,99.40%,88.69%,0.00%,5.71,149,0,167,0,19,1,0.60%,11.31%,168,Bình Thuận,NTB,AM Thủy
NTB - Bình Thuận,(BTH) Hàm Thuận Nam,Hàng Mới Ca 1,2026-09-30 - Thứ 4,177,100.00%,81.92%,1.69%,4.74,145,3,177,3,29,0,0.00%,16.39%,177,Bình Thuận,NTB,AM Thủy
NTB - Bình Thuận,(BTH) Hàm Thuận Nam,Hàng Mới Ca 1,2026-09-17 - Thứ 5,173,98.84%,85.55%,0.58%,4.88,148,1,171,1,24,2,1.16%,13.87%,173,Bình Thuận,NTB,AM Thủy
NTB - Bình Thuận,(BTH) Hàm Thuận Nam,Hàng Mới Ca 1,2026-10-09 - Thứ 6,208,99.52%,85.58%,0.48%,6.29,178,1,207,1,29,1,0.48%,13.94%,208,Bình Thuận,NTB,AM Thủy
NTB - Bình Thuận,(BTH) Hàm Thuận Nam,Hàng Mới Ca 1,2026-09-26 - Thứ 7,185,100.00%,80.54%,2.16%,6.2,149,4,185,4,32,0,0.00%,17.30%,185,Bình Thuận,NTB,AM Thủy
NTB - Bình Thuận,(BTH) Hàm Thuận Nam,Hàng Mới Ca 1,2026-09-28 - Thứ 2,170,99.41%,85.29%,0.59%,4.71,145,1,169,1,24,1,0.59%,14.12%,170,Bình Thuận,NTB,AM Thủy
NTB - Bình Thuận,(BTH) Hàm Thuận Nam,Hàng Mới Ca 1,2026-10-03 - Thứ 7,225,98.22%,83.56%,1.78%,6.14,188,4,221,4,33,4,1.78%,14.66%,225,Bình Thuận,NTB,AM Thủy
NTB - Bình Thuận,(BTH) Hàm Thuận Nam,Hàng Mới Ca 1,2026-09-16 - Thứ 4,124,100.00%,87.90%,0.81%,4.82,109,1,124,1,14,0,0.00%,11.29%,124,Bình Thuận,NTB,AM Thủy
NTB - Bình Thuận,(BTH) Hàm Thuận Nam,Hàng Mới Ca 1,2026-09-18 - Thứ 6,202,100.00%,86.14%,0.00%,5.13,174,0,202,0,28,0,0.00%,13.86%,202,Bình Thuận,NTB,AM Thủy
NTB - Bình Thuận,(BTH) Hàm Thuận Nam,Hàng Mới Ca 1,2026-09-27 - Chủ Nhật,148,100.00%,78.38%,0.68%,5.3,116,1,148,1,31,0,0.00%,20.94%,148,Bình Thuận,NTB,AM Thủy
NTB - Bình Thuận,(BTH) Hàm Thuận Nam,Hàng Mới Ca 1,2026-09-21 - Thứ 2,128,100.00%,88.28%,1.56%,4.09,113,2,128,2,13,0,0.00%,10.16%,128,Bình Thuận,NTB,AM Thủy
NTB - Bình Thuận,(BTH) Hàm Thuận Nam,Hàng Mới Ca 1,2026-09-25 - Thứ 6,221,99.55%,84.62%,0.90%,5.22,187,2,220,2,32,1,0.45%,14.48%,221,Bình Thuận,NTB,AM Thủy
NTB - Bình Thuận,(BTH) Hàm Thuận Nam,Hàng Mới Ca 1,2026-09-20 - Chủ Nhật,120,99.17%,81.67%,0.83%,4.45,98,1,119,1,21,1,0.83%,17.50%,120,Bình Thuận,NTB,AM Thủy
NTB - Bình Thuận,(BTH) Hàm Thuận Nam,Hàng Mới Ca 1,2026-09-29 - Thứ 3,146,100.00%,79.45%,0.68%,4.5,116,1,146,1,29,0,0.00%,19.87%,146,Bình Thuận,NTB,AM Thủy
NTB - Bình Thuận,(BTH) Hàm Thuận Nam,Hàng Mới Ca 2,2026-09-16 - Thứ 4,205,85.85%,61.95%,0.00%,2.56,127,0,176,0,78,29,14.15%,38.05%,205,Bình Thuận,NTB,AM Thủy
NTB - Bình Thuận,(BTH) Hàm Thuận Nam,Hàng Mới Ca 2,2026-09-25 - Thứ 6,160,83.13%,67.50%,0.00%,2.93,108,0,133,0,52,27,16.87%,32.50%,160,Bình Thuận,NTB,AM Thủy
NTB - Bình Thuận,(BTH) Hàm Thuận Nam,Hàng Mới Ca 2,2026-09-20 - Chủ Nhật,207,80.19%,62.32%,0.00%,3.28,129,0,166,0,78,41,19.81%,37.68%,207,Bình Thuận,NTB,AM Thủy
NTB - Bình Thuận,(BTH) Hàm Thuận Nam,Hàng Mới Ca 2,2026-09-13 - Chủ Nhật,128,74.22%,62.50%,0.00%,2.74,80,0,95,0,48,33,25.78%,37.50%,128,Bình Thuận,NTB,AM Thủy
NTB - Bình Thuận,(BTH) Hàm Thuận Nam,Hàng Mới Ca 2,2026-09-24 - Thứ 5,170,84.71%,58.82%,0.00%,3.02,100,0,144,0,70,26,15.29%,41.18%,170,Bình Thuận,NTB,AM Thủy
NTB - Bình Thuận,(BTH) Hàm Thuận Nam,Hàng Mới Ca 2,2026-09-12 - Thứ 7,133,79.70%,66.17%,0.00%,3.31,88,0,106,0,45,27,20.30%,33.83%,133,Bình Thuận,NTB,AM Thủy
NTB - Bình Thuận,(BTH) Hàm Thuận Nam,Hàng Mới Ca 2,2026-10-05 - Thứ 2,119,85.71%,65.55%,2.52%,3.4,78,3,102,3,38,17,14.29%,31.93%,119,Bình Thuận,NTB,AM Thủy
NTB - Bình Thuận,(BTH) Hàm Thuận Nam,Hàng Mới Ca 2,2026-09-23 - Thứ 4,180,63.33%,48.89%,1.67%,3.16,88,3,114,3,89,66,36.67%,49.44%,180,Bình Thuận,NTB,AM Thủy
NTB - Bình Thuận,(BTH) Hàm Thuận Nam,Hàng Mới Ca 2,2026-09-14 - Thứ 2,118,83.05%,73.73%,0.00%,3.54,87,0,98,0,31,20,16.95%,26.27%,118,Bình Thuận,NTB,AM Thủy
NTB - Bình Thuận,(BTH) Hàm Thuận Nam,Hàng Mới Ca 2,2026-09-15 - Thứ 3,192,80.73%,57.29%,1.04%,2.85,110,2,155,2,80,37,19.27%,41.67%,192,Bình Thuận,NTB,AM Thủy
NTB - Bình Thuận,(BTH) Hàm Thuận Nam,Hàng Mới Ca 2,2026-10-02 - Thứ 6,223,88.79%,69.06%,1.79%,2.68,154,4,198,4,65,25,11.21%,29.15%,223,Bình Thuận,NTB,AM Thủy
NTB - Bình Thuận,(BTH) Hàm Thuận Nam,Hàng Mới Ca 2,2026-09-29 - Thứ 3,128,82.81%,59.38%,0.00%,2.4,76,0,106,0,52,22,17.19%,40.62%,128,Bình Thuận,NTB,AM Thủy
NTB - Bình Thuận,(BTH) Hàm Thuận Nam,Hàng Mới Ca 2,2026-10-04 - Chủ Nhật,175,65.71%,50.86%,1.14%,2.23,89,2,115,2,84,60,34.29%,48.00%,175,Bình Thuận,NTB,AM Thủy
NTB - Bình Thuận,(BTH) Hàm Thuận Nam,Hàng Mới Ca 2,2026-09-30 - Thứ 4,163,87.73%,67.48%,0.00%,3.06,110,0,143,0,53,20,12.27%,32.52%,163,Bình Thuận,NTB,AM Thủy
NTB - Bình Thuận,(BTH) Hàm Thuận Nam,Hàng Mới Ca 2,2026-09-17 - Thứ 5,146,83.56%,71.92%,1.37%,3.09,105,2,122,2,39,24,16.44%,26.71%,146,Bình Thuận,NTB,AM Thủy
NTB - Bình Thuận,(BTH) Hàm Thuận Nam,Hàng Mới Ca 2,2026-10-09 - Thứ 6,233,83.69%,64.81%,0.00%,3.81,151,0,195,0,82,38,16.31%,35.19%,233,Bình Thuận,NTB,AM Thủy
NTB - Bình Thuận,(BTH) Hàm Thuận Nam,Hàng Mới Ca 2,2026-09-26 - Thứ 7,178,87.08%,61.80%,1.69%,2.95,110,3,155,3,65,23,12.92%,36.51%,178,Bình Thuận,NTB,AM Thủy
NTB - Bình Thuận,(BTH) Hàm Thuận Nam,Hàng Mới Ca 2,2026-09-28 - Thứ 2,104,77.88%,52.88%,0.96%,1.98,55,1,81,1,48,23,22.12%,46.16%,104,Bình Thuận,NTB,AM Thủy
NTB - Bình Thuận,(BTH) Hàm Thuận Nam,Hàng Mới Ca 2,2026-09-18 - Thứ 6,150,60.00%,47.33%,0.00%,2.8,71,0,90,0,79,60,40.00%,52.67%,150,Bình Thuận,NTB,AM Thủy
NTB - Bình Thuận,(BTH) Hàm Thuận Nam,Hàng Mới Ca 2,2026-09-21 - Thứ 2,106,79.25%,58.49%,0.00%,2.18,62,0,84,0,44,22,20.75%,41.51%,106,Bình Thuận,NTB,AM Thủy
NTB - Bình Thuận,(BTH) Hàm Thuận Nam,Hàng Mới Ca 2,2026-10-06 - Thứ 3,206,82.04%,68.93%,0.00%,3.12,142,0,169,0,64,37,17.96%,31.07%,206,Bình Thuận,NTB,AM Thủy
NTB - Bình Thuận,(BTH) Hàm Thuận Nam,Hàng Mới Ca 2,2026-09-22 - Thứ 3,174,83.33%,68.97%,2.30%,2.91,120,4,145,4,50,29,16.67%,28.73%,174,Bình Thuận,NTB,AM Thủy
NTB - Bình Thuận,(BTH) Hàm Thuận Nam,Hàng Mới Ca 2,2026-09-19 - Thứ 7,204,82.84%,57.84%,0.98%,3.35,118,2,169,2,84,35,17.16%,41.18%,204,Bình Thuận,NTB,AM Thủy
NTB - Bình Thuận,(BTH) Hàm Thuận Nam,Hàng Mới Ca 2,2026-10-03 - Thứ 7,206,78.16%,58.25%,0.97%,2.24,120,2,161,2,84,45,21.84%,40.78%,206,Bình Thuận,NTB,AM Thủy
NTB - Bình Thuận,(BTH) Hàm Thuận Nam,Hàng Mới Ca 2,2026-09-27 - Chủ Nhật,68,79.41%,58.82%,0.00%,1.77,40,0,54,0,28,14,20.59%,41.18%,68,Bình Thuận,NTB,AM Thủy
NTB - Bình Thuận,(BTH) Hàm Thuận Nam,Hàng Mới Ca 2,2026-10-01 - Thứ 5,226,83.63%,66.81%,1.33%,3.85,151,3,189,3,72,37,16.37%,31.86%,226,Bình Thuận,NTB,AM Thủy
NTB - Bình Thuận,(BTH) Hàm Thuận Nam,Hàng Mới Ca 2,2026-10-07 - Thứ 4,188,74.47%,49.47%,0.00%,2.95,93,0,140,0,95,48,25.53%,50.53%,188,Bình Thuận,NTB,AM Thủy
NTB - Bình Thuận,(BTH) Hàm Thuận Nam,Hàng Mới Ca 2,2026-10-08 - Thứ 5,188,71.28%,56.38%,1.06%,3.1,106,2,134,2,80,54,28.72%,42.56%,188,Bình Thuận,NTB,AM Thủy
NTB - Bình Thuận,(BTH) Hàm Thuận Nam,Hàng Tồn,2026-09-18 - Thứ 6,103,94.17%,49.51%,6.80%,30.53,51,7,97,7,45,6,5.83%,43.69%,0,Bình Thuận,NTB,AM Thủy
NTB - Bình Thuận,(BTH) Hàm Thuận Nam,Hàng Tồn,2026-09-21 - Thứ 2,152,98.03%,57.24%,6.58%,29.81,87,10,149,10,55,3,1.97%,36.18%,0,Bình Thuận,NTB,AM Thủy
NTB - Bình Thuận,(BTH) Hàm Thuận Nam,Hàng Tồn,2026-09-13 - Chủ Nhật,124,70.16%,33.06%,7.26%,37.73,41,9,87,9,74,37,29.84%,59.68%,0,Bình Thuận,NTB,AM Thủy
NTB - Bình Thuận,(BTH) Hàm Thuận Nam,Hàng Tồn,2026-10-06 - Thứ 3,99,96.97%,47.47%,5.05%,34.89,47,5,96,5,47,3,3.03%,47.48%,0,Bình Thuận,NTB,AM Thủy
NTB - Bình Thuận,(BTH) Hàm Thuận Nam,Hàng Tồn,2026-10-01 - Thứ 5,120,73.33%,35.83%,6.67%,35.33,43,8,88,8,69,32,26.67%,57.50%,0,Bình Thuận,NTB,AM Thủy
NTB - Bình Thuận,(BTH) Hàm Thuận Nam,Hàng Tồn,2026-09-12 - Thứ 7,156,97.44%,62.82%,5.13%,30.07,98,8,152,8,50,4,2.56%,32.05%,0,Bình Thuận,NTB,AM Thủy
NTB - Bình Thuận,(BTH) Hàm Thuận Nam,Hàng Tồn,2026-09-22 - Thứ 3,93,95.70%,54.84%,7.53%,32.5,51,7,89,7,35,4,4.30%,37.63%,0,Bình Thuận,NTB,AM Thủy
NTB - Bình Thuận,(BTH) Hàm Thuận Nam,Hàng Tồn,2026-09-23 - Thứ 4,97,95.88%,61.86%,6.19%,32.24,60,6,93,6,31,4,4.12%,31.95%,0,Bình Thuận,NTB,AM Thủy
NTB - Bình Thuận,(BTH) Hàm Thuận Nam,Hàng Tồn,2026-09-14 - Thứ 2,200,97.00%,69.50%,6.50%,38.04,139,13,194,13,48,6,3.00%,24.00%,0,Bình Thuận,NTB,AM Thủy
NTB - Bình Thuận,(BTH) Hàm Thuận Nam,Hàng Tồn,2026-09-15 - Thứ 3,106,95.28%,47.17%,5.66%,34.17,50,6,101,6,50,5,4.72%,47.17%,0,Bình Thuận,NTB,AM Thủy
NTB - Bình Thuận,(BTH) Hàm Thuận Nam,Hàng Tồn,2026-10-02 - Thứ 6,177,98.31%,68.36%,4.52%,34.9,121,8,174,8,48,3,1.69%,27.12%,0,Bình Thuận,NTB,AM Thủy
NTB - Bình Thuận,(BTH) Hàm Thuận Nam,Hàng Tồn,2026-09-29 - Thứ 3,109,95.41%,49.54%,4.59%,27.85,54,5,104,5,50,5,4.59%,45.87%,0,Bình Thuận,NTB,AM Thủy
NTB - Bình Thuận,(BTH) Hàm Thuận Nam,Hàng Tồn,2026-10-08 - Thứ 5,151,97.35%,69.54%,3.31%,28.43,105,5,147,5,41,4,2.65%,27.15%,0,Bình Thuận,NTB,AM Thủy
NTB - Bình Thuận,(BTH) Hàm Thuận Nam,Hàng Tồn,2026-10-04 - Chủ Nhật,141,98.58%,50.35%,3.55%,26.14,71,5,139,5,65,2,1.42%,46.10%,0,Bình Thuận,NTB,AM Thủy
NTB - Bình Thuận,(BTH) Hàm Thuận Nam,Hàng Tồn,2026-09-17 - Thứ 5,142,95.77%,57.04%,7.04%,29,81,10,136,10,51,6,4.23%,35.92%,0,Bình Thuận,NTB,AM Thủy
NTB - Bình Thuận,(BTH) Hàm Thuận Nam,Hàng Tồn,2026-10-09 - Thứ 6,124,98.39%,66.94%,4.03%,28.09,83,5,122,5,36,2,1.61%,29.03%,0,Bình Thuận,NTB,AM Thủy
NTB - Bình Thuận,(BTH) Hàm Thuận Nam,Hàng Tồn,2026-09-26 - Thứ 7,125,88.00%,54.40%,4.00%,32.46,68,5,110,5,52,15,12.00%,41.60%,0,Bình Thuận,NTB,AM Thủy
NTB - Bình Thuận,(BTH) Hàm Thuận Nam,Hàng Tồn,2026-09-28 - Thứ 2,119,97.48%,45.38%,10.92%,35.06,54,13,116,13,52,3,2.52%,43.70%,0,Bình Thuận,NTB,AM Thủy
NTB - Bình Thuận,(BTH) Hàm Thuận Nam,Hàng Tồn,2026-10-03 - Thứ 7,119,97.48%,56.30%,10.92%,31.92,67,13,116,13,39,3,2.52%,32.78%,0,Bình Thuận,NTB,AM Thủy
NTB - Bình Thuận,(BTH) Hàm Thuận Nam,Hàng Tồn,2026-09-16 - Thứ 4,147,96.60%,53.06%,5.44%,29.57,78,8,142,8,61,5,3.40%,41.50%,0,Bình Thuận,NTB,AM Thủy
NTB - Bình Thuận,(BTH) Hàm Thuận Nam,Hàng Tồn,2026-09-25 - Thứ 6,155,97.42%,64.52%,4.52%,31.51,100,7,151,7,48,4,2.58%,30.96%,0,Bình Thuận,NTB,AM Thủy
NTB - Bình Thuận,(BTH) Hàm Thuận Nam,Hàng Tồn,2026-09-27 - Chủ Nhật,142,97.89%,47.18%,2.82%,30.19,67,4,139,4,71,3,2.11%,50.00%,0,Bình Thuận,NTB,AM Thủy
NTB - Bình Thuận,(BTH) Hàm Thuận Nam,Hàng Tồn,2026-09-20 - Chủ Nhật,140,97.14%,51.43%,5.71%,25.6,72,8,136,8,60,4,2.86%,42.86%,0,Bình Thuận,NTB,AM Thủy
NTB - Bình Thuận,(BTH) Hàm Thuận Nam,Hàng Tồn,2026-09-24 - Thứ 5,156,97.44%,61.54%,3.85%,28.15,96,6,152,6,54,4,2.56%,34.61%,0,Bình Thuận,NTB,AM Thủy
NTB - Bình Thuận,(BTH) Hàm Thuận Nam,Hàng Tồn,2026-10-05 - Thứ 2,165,98.79%,63.64%,7.88%,31.38,105,13,163,13,47,2,1.21%,28.48%,0,Bình Thuận,NTB,AM Thủy
NTB - Bình Thuận,(BTH) Hàm Thuận Nam,Hàng Tồn,2026-09-19 - Thứ 7,142,97.89%,66.90%,6.34%,31.38,95,9,139,9,38,3,2.11%,26.76%,0,Bình Thuận,NTB,AM Thủy
NTB - Bình Thuận,(BTH) Hàm Thuận Nam,Hàng Tồn,2026-09-30 - Thứ 4,118,97.46%,55.08%,5.93%,31.79,65,7,115,7,46,3,2.54%,38.99%,0,Bình Thuận,NTB,AM Thủy
NTB - Bình Thuận,(BTH) Hàm Thuận Nam,Hàng Tồn,2026-10-07 - Thứ 4,115,99.13%,53.91%,6.96%,30.54,62,8,114,8,45,1,0.87%,39.13%,0,Bình Thuận,NTB,AM Thủy
NTB - Bình Thuận,(BTH) Hàm Thuận,Hàng Mới Ca 1,2026-09-27 - Chủ Nhật,422,98.82%,80.33%,0.95%,8.48,339,4,417,4,79,5,1.18%,18.72%,422,Bình Thuận,NTB,AM Nhựt
NTB - Bình Thuận,(BTH) Hàm Thuận,Hàng Mới Ca 1,2026-09-21 - Thứ 2,456,99.34%,81.36%,0.66%,10.81,371,3,453,3,82,3,0.66%,17.98%,456,Bình Thuận,NTB,AM Nhựt
NTB - Bình Thuận,(BTH) Hàm Thuận,Hàng Mới Ca 1,2026-09-20 - Chủ Nhật,379,98.94%,78.10%,0.79%,7.55,296,3,375,3,80,4,1.06%,21.11%,379,Bình Thuận,NTB,AM Nhựt
NTB - Bình Thuận,(BTH) Hàm Thuận,Hàng Mới Ca 1,2026-09-13 - Chủ Nhật,595,98.82%,78.82%,0.50%,7.71,469,3,588,3,123,7,1.18%,20.68%,595,Bình Thuận,NTB,AM Nhựt
NTB - Bình Thuận,(BTH) Hàm Thuận,Hàng Mới Ca 1,2026-09-24 - Thứ 5,552,99.09%,79.35%,0.72%,8.9,438,4,547,4,110,5,0.91%,19.93%,552,Bình Thuận,NTB,AM Nhựt
NTB - Bình Thuận,(BTH) Hàm Thuận,Hàng Mới Ca 1,2026-10-06 - Thứ 3,666,99.70%,76.13%,0.30%,8.21,507,2,664,2,157,2,0.30%,23.57%,666,Bình Thuận,NTB,AM Nhựt
NTB - Bình Thuận,(BTH) Hàm Thuận,Hàng Mới Ca 1,2026-10-01 - Thứ 5,359,99.72%,82.73%,0.28%,8.32,297,1,358,1,61,1,0.28%,16.99%,359,Bình Thuận,NTB,AM Nhựt
NTB - Bình Thuận,(BTH) Hàm Thuận,Hàng Mới Ca 1,2026-09-12 - Thứ 7,630,99.52%,81.43%,1.11%,10.4,513,7,627,7,110,3,0.48%,17.46%,630,Bình Thuận,NTB,AM Nhựt
NTB - Bình Thuận,(BTH) Hàm Thuận,Hàng Mới Ca 1,2026-09-22 - Thứ 3,368,99.73%,80.71%,0.27%,7.22,297,1,367,1,70,1,0.27%,19.02%,368,Bình Thuận,NTB,AM Nhựt
NTB - Bình Thuận,(BTH) Hàm Thuận,Hàng Mới Ca 1,2026-09-23 - Thứ 4,438,99.54%,70.78%,0.91%,8.48,310,4,436,4,124,2,0.46%,28.31%,438,Bình Thuận,NTB,AM Nhựt
NTB - Bình Thuận,(BTH) Hàm Thuận,Hàng Mới Ca 1,2026-09-14 - Thứ 2,612,99.35%,82.52%,1.47%,12.29,505,9,608,9,98,4,0.65%,16.01%,612,Bình Thuận,NTB,AM Nhựt
NTB - Bình Thuận,(BTH) Hàm Thuận,Hàng Mới Ca 1,2026-09-15 - Thứ 3,478,98.33%,72.59%,0.63%,7.47,347,3,470,3,128,8,1.67%,26.78%,478,Bình Thuận,NTB,AM Nhựt
NTB - Bình Thuận,(BTH) Hàm Thuận,Hàng Mới Ca 1,2026-09-29 - Thứ 3,451,99.11%,85.14%,0.44%,8.91,384,2,447,2,65,4,0.89%,14.42%,451,Bình Thuận,NTB,AM Nhựt
NTB - Bình Thuận,(BTH) Hàm Thuận,Hàng Mới Ca 1,2026-09-19 - Thứ 7,463,99.78%,80.56%,0.22%,7.72,373,1,462,1,89,1,0.22%,19.22%,463,Bình Thuận,NTB,AM Nhựt
NTB - Bình Thuận,(BTH) Hàm Thuận,Hàng Mới Ca 1,2026-10-04 - Chủ Nhật,505,98.42%,86.34%,0.40%,8.82,436,2,497,2,67,8,1.58%,13.26%,505,Bình Thuận,NTB,AM Nhựt
NTB - Bình Thuận,(BTH) Hàm Thuận,Hàng Mới Ca 1,2026-09-30 - Thứ 4,456,99.78%,84.87%,0.88%,8.71,387,4,455,4,65,1,0.22%,14.25%,456,Bình Thuận,NTB,AM Nhựt
NTB - Bình Thuận,(BTH) Hàm Thuận,Hàng Mới Ca 1,2026-09-17 - Thứ 5,450,99.78%,78.44%,0.89%,10.32,353,4,449,4,93,1,0.22%,20.67%,450,Bình Thuận,NTB,AM Nhựt
NTB - Bình Thuận,(BTH) Hàm Thuận,Hàng Mới Ca 1,2026-10-09 - Thứ 6,849,90.58%,70.91%,0.35%,9.49,602,3,769,3,244,80,9.42%,28.74%,849,Bình Thuận,NTB,AM Nhựt
NTB - Bình Thuận,(BTH) Hàm Thuận,Hàng Mới Ca 1,2026-09-26 - Thứ 7,811,99.75%,81.26%,0.37%,8.76,659,3,809,3,149,2,0.25%,18.37%,811,Bình Thuận,NTB,AM Nhựt
NTB - Bình Thuận,(BTH) Hàm Thuận,Hàng Mới Ca 1,2026-09-28 - Thứ 2,463,100.00%,82.29%,0.86%,8.4,381,4,463,4,78,0,0.00%,16.85%,463,Bình Thuận,NTB,AM Nhựt
NTB - Bình Thuận,(BTH) Hàm Thuận,Hàng Mới Ca 1,2026-10-03 - Thứ 7,505,100.00%,83.96%,0.59%,9.2,424,3,505,3,78,0,0.00%,15.45%,505,Bình Thuận,NTB,AM Nhựt
NTB - Bình Thuận,(BTH) Hàm Thuận,Hàng Mới Ca 1,2026-09-16 - Thứ 4,406,99.75%,81.28%,0.74%,8.05,330,3,405,3,73,1,0.25%,17.98%,406,Bình Thuận,NTB,AM Nhựt
NTB - Bình Thuận,(BTH) Hàm Thuận,Hàng Mới Ca 1,2026-09-25 - Thứ 6,"1,048",99.62%,74.05%,0.38%,15.73,776,4,1044,4,268,4,0.38%,25.57%,1048,Bình Thuận,NTB,AM Nhựt
NTB - Bình Thuận,(BTH) Hàm Thuận,Hàng Mới Ca 1,2026-09-18 - Thứ 6,592,99.66%,76.52%,0.84%,8.06,453,5,590,5,134,2,0.34%,22.64%,592,Bình Thuận,NTB,AM Nhựt
NTB - Bình Thuận,(BTH) Hàm Thuận,Hàng Mới Ca 1,2026-10-05 - Thứ 2,568,99.82%,79.75%,1.23%,8.82,453,7,567,7,108,1,0.18%,19.02%,568,Bình Thuận,NTB,AM Nhựt
NTB - Bình Thuận,(BTH) Hàm Thuận,Hàng Mới Ca 1,2026-10-02 - Thứ 6,560,99.29%,74.11%,0.71%,9.01,415,4,556,4,141,4,0.71%,25.18%,560,Bình Thuận,NTB,AM Nhựt
NTB - Bình Thuận,(BTH) Hàm Thuận,Hàng Mới Ca 1,2026-10-08 - Thứ 5,743,99.33%,62.18%,0.27%,9.33,462,2,738,2,279,5,0.67%,37.55%,743,Bình Thuận,NTB,AM Nhựt
NTB - Bình Thuận,(BTH) Hàm Thuận,Hàng Mới Ca 1,2026-10-07 - Thứ 4,363,98.90%,78.51%,0.28%,8.68,285,1,359,1,77,4,1.10%,21.21%,363,Bình Thuận,NTB,AM Nhựt
NTB - Bình Thuận,(BTH) Hàm Thuận,Hàng Mới Ca 2,2026-09-25 - Thứ 6,97,31.96%,19.59%,0.00%,3.79,19,0,31,0,78,66,68.04%,80.41%,97,Bình Thuận,NTB,AM Nhựt
NTB - Bình Thuận,(BTH) Hàm Thuận,Hàng Mới Ca 2,2026-09-27 - Chủ Nhật,313,22.36%,19.81%,0.00%,4.21,62,0,70,0,251,243,77.64%,80.19%,313,Bình Thuận,NTB,AM Nhựt
NTB - Bình Thuận,(BTH) Hàm Thuận,Hàng Mới Ca 2,2026-09-21 - Thứ 2,293,37.88%,33.11%,0.34%,4.64,97,1,111,1,195,182,62.12%,66.55%,293,Bình Thuận,NTB,AM Nhựt
NTB - Bình Thuận,(BTH) Hàm Thuận,Hàng Mới Ca 2,2026-09-20 - Chủ Nhật,350,38.57%,31.14%,0.29%,4.61,109,1,135,1,240,215,61.43%,68.57%,350,Bình Thuận,NTB,AM Nhựt
NTB - Bình Thuận,(BTH) Hàm Thuận,Hàng Mới Ca 2,2026-10-01 - Thứ 5,549,36.98%,29.87%,0.73%,4.99,164,4,203,4,381,346,63.02%,69.40%,549,Bình Thuận,NTB,AM Nhựt
NTB - Bình Thuận,(BTH) Hàm Thuận,Hàng Mới Ca 2,2026-09-12 - Thứ 7,312,43.27%,32.69%,0.32%,4.69,102,1,135,1,209,177,56.73%,66.99%,312,Bình Thuận,NTB,AM Nhựt
NTB - Bình Thuận,(BTH) Hàm Thuận,Hàng Mới Ca 2,2026-10-05 - Thứ 2,264,32.58%,23.86%,0.00%,4.44,63,0,86,0,201,178,67.42%,76.14%,264,Bình Thuận,NTB,AM Nhựt
NTB - Bình Thuận,(BTH) Hàm Thuận,Hàng Mới Ca 2,2026-09-22 - Thứ 3,432,42.36%,34.03%,0.23%,4.49,147,1,183,1,284,249,57.64%,65.74%,432,Bình Thuận,NTB,AM Nhựt
NTB - Bình Thuận,(BTH) Hàm Thuận,Hàng Mới Ca 2,2026-09-23 - Thứ 4,381,36.22%,29.40%,0.52%,5.31,112,2,138,2,267,243,63.78%,70.08%,381,Bình Thuận,NTB,AM Nhựt
NTB - Bình Thuận,(BTH) Hàm Thuận,Hàng Mới Ca 2,2026-09-14 - Thứ 2,327,51.99%,43.43%,0.61%,4.52,142,2,170,2,183,157,48.01%,55.96%,327,Bình Thuận,NTB,AM Nhựt
NTB - Bình Thuận,(BTH) Hàm Thuận,Hàng Mới Ca 2,2026-10-08 - Thứ 5,314,21.02%,17.20%,0.00%,5.31,54,0,66,0,260,248,78.98%,82.80%,314,Bình Thuận,NTB,AM Nhựt
NTB - Bình Thuận,(BTH) Hàm Thuận,Hàng Mới Ca 2,2026-09-19 - Thứ 7,438,43.38%,35.84%,0.46%,4.5,157,2,190,2,279,248,56.62%,63.70%,438,Bình Thuận,NTB,AM Nhựt
NTB - Bình Thuận,(BTH) Hàm Thuận,Hàng Mới Ca 2,2026-10-04 - Chủ Nhật,383,24.54%,17.49%,0.00%,4.63,67,0,94,0,316,289,75.46%,82.51%,383,Bình Thuận,NTB,AM Nhựt
NTB - Bình Thuận,(BTH) Hàm Thuận,Hàng Mới Ca 2,2026-09-17 - Thứ 5,223,46.19%,35.87%,0.00%,4.83,80,0,103,0,143,120,53.81%,64.13%,223,Bình Thuận,NTB,AM Nhựt
NTB - Bình Thuận,(BTH) Hàm Thuận,Hàng Mới Ca 2,2026-10-09 - Thứ 6,615,9.59%,8.62%,0.00%,5.75,53,0,59,0,562,556,90.41%,91.38%,615,Bình Thuận,NTB,AM Nhựt
NTB - Bình Thuận,(BTH) Hàm Thuận,Hàng Mới Ca 2,2026-09-26 - Thứ 7,550,23.09%,17.27%,0.18%,5.13,95,1,127,1,454,423,76.91%,82.55%,550,Bình Thuận,NTB,AM Nhựt
NTB - Bình Thuận,(BTH) Hàm Thuận,Hàng Mới Ca 2,2026-09-28 - Thứ 2,330,25.76%,20.30%,0.00%,4.45,67,0,85,0,263,245,74.24%,79.70%,330,Bình Thuận,NTB,AM Nhựt
NTB - Bình Thuận,(BTH) Hàm Thuận,Hàng Mới Ca 2,2026-10-07 - Thứ 4,468,18.59%,15.38%,0.43%,5.28,72,2,87,2,394,381,81.41%,84.19%,468,Bình Thuận,NTB,AM Nhựt
NTB - Bình Thuận,(BTH) Hàm Thuận,Hàng Mới Ca 2,2026-10-03 - Thứ 7,482,27.80%,22.20%,0.21%,4.8,107,1,134,1,374,348,72.20%,77.59%,482,Bình Thuận,NTB,AM Nhựt
NTB - Bình Thuận,(BTH) Hàm Thuận,Hàng Mới Ca 2,2026-09-16 - Thứ 4,458,33.84%,28.60%,0.44%,5.26,131,2,155,2,325,303,66.16%,70.96%,458,Bình Thuận,NTB,AM Nhựt
NTB - Bình Thuận,(BTH) Hàm Thuận,Hàng Mới Ca 2,2026-09-18 - Thứ 6,397,47.36%,39.55%,0.00%,4.73,157,0,188,0,240,209,52.64%,60.45%,397,Bình Thuận,NTB,AM Nhựt
NTB - Bình Thuận,(BTH) Hàm Thuận,Hàng Mới Ca 2,2026-09-24 - Thứ 5,117,29.91%,28.21%,0.00%,4.27,33,0,35,0,84,82,70.09%,71.79%,117,Bình Thuận,NTB,AM Nhựt
NTB - Bình Thuận,(BTH) Hàm Thuận,Hàng Mới Ca 2,2026-09-13 - Chủ Nhật,290,45.17%,37.93%,0.00%,4.27,110,0,131,0,180,159,54.83%,62.07%,290,Bình Thuận,NTB,AM Nhựt
NTB - Bình Thuận,(BTH) Hàm Thuận,Hàng Mới Ca 2,2026-10-06 - Thứ 3,631,20.44%,17.59%,0.16%,4.58,111,1,129,1,519,502,79.56%,82.25%,631,Bình Thuận,NTB,AM Nhựt
NTB - Bình Thuận,(BTH) Hàm Thuận,Hàng Mới Ca 2,2026-09-15 - Thứ 3,507,39.45%,27.61%,0.39%,4.55,140,2,200,2,365,307,60.55%,72.00%,507,Bình Thuận,NTB,AM Nhựt
NTB - Bình Thuận,(BTH) Hàm Thuận,Hàng Mới Ca 2,2026-10-02 - Thứ 6,593,22.77%,18.72%,0.00%,4.38,111,0,135,0,482,458,77.23%,81.28%,593,Bình Thuận,NTB,AM Nhựt
NTB - Bình Thuận,(BTH) Hàm Thuận,Hàng Mới Ca 2,2026-09-29 - Thứ 3,478,34.73%,27.41%,0.00%,4.77,131,0,166,0,347,312,65.27%,72.59%,478,Bình Thuận,NTB,AM Nhựt
NTB - Bình Thuận,(BTH) Hàm Thuận,Hàng Mới Ca 2,2026-09-30 - Thứ 4,505,35.84%,28.71%,0.20%,4.54,145,1,181,1,359,324,64.16%,71.09%,505,Bình Thuận,NTB,AM Nhựt
NTB - Bình Thuận,(BTH) Hàm Thuận,Hàng Tồn,2026-09-16 - Thứ 4,640,99.38%,66.72%,2.66%,33.5,427,17,636,17,196,4,0.62%,30.62%,0,Bình Thuận,NTB,AM Nhựt
NTB - Bình Thuận,(BTH) Hàm Thuận,Hàng Tồn,2026-09-25 - Thứ 6,341,99.12%,49.27%,3.52%,41.17,168,12,338,12,161,3,0.88%,47.21%,0,Bình Thuận,NTB,AM Nhựt
NTB - Bình Thuận,(BTH) Hàm Thuận,Hàng Tồn,2026-09-27 - Chủ Nhật,780,99.87%,65.26%,3.21%,35.84,509,25,779,25,246,1,0.13%,31.53%,0,Bình Thuận,NTB,AM Nhựt
NTB - Bình Thuận,(BTH) Hàm Thuận,Hàng Tồn,2026-09-21 - Thứ 2,503,99.01%,59.05%,5.37%,36.74,297,27,498,27,179,5,0.99%,35.58%,0,Bình Thuận,NTB,AM Nhựt
NTB - Bình Thuận,(BTH) Hàm Thuận,Hàng Tồn,2026-09-20 - Chủ Nhật,496,98.99%,58.47%,1.81%,31.16,290,9,491,9,197,5,1.01%,39.72%,0,Bình Thuận,NTB,AM Nhựt
NTB - Bình Thuận,(BTH) Hàm Thuận,Hàng Tồn,2026-09-13 - Chủ Nhật,460,98.70%,65.22%,4.35%,36.02,300,20,454,20,140,6,1.30%,30.43%,0,Bình Thuận,NTB,AM Nhựt
NTB - Bình Thuận,(BTH) Hàm Thuận,Hàng Tồn,2026-10-06 - Thứ 3,454,98.24%,55.07%,5.73%,36.41,250,26,446,26,178,8,1.76%,39.20%,0,Bình Thuận,NTB,AM Nhựt
NTB - Bình Thuận,(BTH) Hàm Thuận,Hàng Tồn,2026-10-01 - Thứ 5,566,99.47%,67.31%,3.71%,32.94,381,21,563,21,164,3,0.53%,28.98%,0,Bình Thuận,NTB,AM Nhựt
NTB - Bình Thuận,(BTH) Hàm Thuận,Hàng Tồn,2026-09-12 - Thứ 7,518,98.07%,63.51%,4.05%,36.11,329,21,508,21,168,10,1.93%,32.44%,0,Bình Thuận,NTB,AM Nhựt
NTB - Bình Thuận,(BTH) Hàm Thuận,Hàng Tồn,2026-10-05 - Thứ 2,580,98.97%,64.83%,6.55%,35.94,376,38,574,38,166,6,1.03%,28.62%,0,Bình Thuận,NTB,AM Nhựt
NTB - Bình Thuận,(BTH) Hàm Thuận,Hàng Tồn,2026-09-22 - Thứ 3,425,99.06%,64.94%,3.76%,39.13,276,16,421,16,133,4,0.94%,31.30%,0,Bình Thuận,NTB,AM Nhựt
NTB - Bình Thuận,(BTH) Hàm Thuận,Hàng Tồn,2026-09-23 - Thứ 4,472,99.15%,58.05%,2.33%,33.35,274,11,468,11,187,4,0.85%,39.62%,0,Bình Thuận,NTB,AM Nhựt
NTB - Bình Thuận,(BTH) Hàm Thuận,Hàng Tồn,2026-09-14 - Thứ 2,437,97.48%,62.93%,4.58%,37.24,275,20,426,20,142,11,2.52%,32.49%,0,Bình Thuận,NTB,AM Nhựt
NTB - Bình Thuận,(BTH) Hàm Thuận,Hàng Tồn,2026-09-15 - Thứ 3,391,98.98%,55.50%,5.12%,37.61,217,20,387,20,154,4,1.02%,39.38%,0,Bình Thuận,NTB,AM Nhựt
NTB - Bình Thuận,(BTH) Hàm Thuận,Hàng Tồn,2026-10-02 - Thứ 6,585,99.49%,59.49%,3.08%,32.18,348,18,582,18,219,3,0.51%,37.43%,0,Bình Thuận,NTB,AM Nhựt
NTB - Bình Thuận,(BTH) Hàm Thuận,Hàng Tồn,2026-09-29 - Thứ 3,446,99.55%,65.02%,4.48%,32.65,290,20,444,20,136,2,0.45%,30.50%,0,Bình Thuận,NTB,AM Nhựt
NTB - Bình Thuận,(BTH) Hàm Thuận,Hàng Tồn,2026-10-08 - Thứ 5,754,98.94%,48.81%,1.86%,35.64,368,14,746,14,372,8,1.06%,49.33%,0,Bình Thuận,NTB,AM Nhựt
NTB - Bình Thuận,(BTH) Hàm Thuận,Hàng Tồn,2026-09-19 - Thứ 7,495,98.99%,68.89%,3.23%,35.99,341,16,490,16,138,5,1.01%,27.88%,0,Bình Thuận,NTB,AM Nhựt
NTB - Bình Thuận,(BTH) Hàm Thuận,Hàng Tồn,2026-10-04 - Chủ Nhật,694,99.28%,66.71%,3.03%,37.26,463,21,689,21,210,5,0.72%,30.26%,0,Bình Thuận,NTB,AM Nhựt
NTB - Bình Thuận,(BTH) Hàm Thuận,Hàng Tồn,2026-09-30 - Thứ 4,525,99.05%,65.52%,4.00%,30.2,344,21,520,21,160,5,0.95%,30.48%,0,Bình Thuận,NTB,AM Nhựt
NTB - Bình Thuận,(BTH) Hàm Thuận,Hàng Tồn,2026-09-17 - Thứ 5,550,99.09%,65.09%,2.18%,35.99,358,12,545,12,180,5,0.91%,32.73%,0,Bình Thuận,NTB,AM Nhựt
NTB - Bình Thuận,(BTH) Hàm Thuận,Hàng Tồn,2026-10-09 - Thứ 6,881,99.43%,48.69%,3.63%,38.26,429,32,876,32,420,5,0.57%,47.68%,0,Bình Thuận,NTB,AM Nhựt
NTB - Bình Thuận,(BTH) Hàm Thuận,Hàng Tồn,2026-09-26 - Thứ 7,489,99.18%,56.65%,3.27%,46.9,277,16,485,16,196,4,0.82%,40.08%,0,Bình Thuận,NTB,AM Nhựt
NTB - Bình Thuận,(BTH) Hàm Thuận,Hàng Tồn,2026-10-07 - Thứ 4,842,98.93%,60.45%,3.92%,32.6,509,33,833,33,300,9,1.07%,35.63%,0,Bình Thuận,NTB,AM Nhựt
NTB - Bình Thuận,(BTH) Hàm Thuận,Hàng Tồn,2026-10-03 - Thứ 7,818,99.51%,62.84%,3.30%,33.71,514,27,814,27,277,4,0.49%,33.86%,0,Bình Thuận,NTB,AM Nhựt
NTB - Bình Thuận,(BTH) Hàm Thuận,Hàng Tồn,2026-09-18 - Thứ 6,413,98.79%,61.26%,3.63%,39.1,253,15,408,15,145,5,1.21%,35.11%,0,Bình Thuận,NTB,AM Nhựt
NTB - Bình Thuận,(BTH) Hàm Thuận,Hàng Tồn,2026-09-24 - Thứ 5,559,99.64%,64.76%,3.76%,35.4,362,21,557,21,176,2,0.36%,31.48%,0,Bình Thuận,NTB,AM Nhựt
NTB - Bình Thuận,(BTH) Hàm Thuận,Hàng Tồn,2026-09-28 - Thứ 2,563,98.93%,71.40%,4.26%,38.53,402,24,557,24,137,6,1.07%,24.34%,0,Bình Thuận,NTB,AM Nhựt
NTB - Bình Thuận,(BTH) Hàm Liêm,Hàng Mới Ca 1,2026-10-07 - Thứ 4,337,99.70%,86.65%,1.19%,7.86,292,4,336,4,41,1,0.30%,12.16%,337,Bình Thuận,NTB,AM Nhựt
NTB - Bình Thuận,(BTH) Hàm Liêm,Hàng Mới Ca 1,2026-10-03 - Thứ 7,397,100.00%,82.87%,1.26%,5.97,329,5,397,5,63,0,0.00%,15.87%,397,Bình Thuận,NTB,AM Nhựt
NTB - Bình Thuận,(BTH) Hàm Liêm,Hàng Mới Ca 1,2026-09-18 - Thứ 6,409,99.76%,83.86%,0.73%,7.76,343,3,408,3,63,1,0.24%,15.41%,409,Bình Thuận,NTB,AM Nhựt
NTB - Bình Thuận,(BTH) Hàm Liêm,Hàng Mới Ca 1,2026-09-27 - Chủ Nhật,271,94.83%,78.23%,0.74%,7.91,212,2,257,2,57,14,5.17%,21.03%,271,Bình Thuận,NTB,AM Nhựt
NTB - Bình Thuận,(BTH) Hàm Liêm,Hàng Mới Ca 1,2026-09-21 - Thứ 2,469,100.00%,81.66%,2.13%,12.57,383,10,469,10,76,0,0.00%,16.21%,469,Bình Thuận,NTB,AM Nhựt
NTB - Bình Thuận,(BTH) Hàm Liêm,Hàng Mới Ca 1,2026-09-20 - Chủ Nhật,264,95.08%,80.30%,0.38%,7.33,212,1,251,1,51,13,4.92%,19.32%,264,Bình Thuận,NTB,AM Nhựt
NTB - Bình Thuận,(BTH) Hàm Liêm,Hàng Mới Ca 1,2026-09-13 - Chủ Nhật,375,91.20%,78.40%,0.27%,7.5,294,1,342,1,80,33,8.80%,21.33%,375,Bình Thuận,NTB,AM Nhựt
NTB - Bình Thuận,(BTH) Hàm Liêm,Hàng Mới Ca 1,2026-10-01 - Thứ 5,268,99.63%,85.82%,0.75%,6.99,230,2,267,2,36,1,0.37%,13.43%,268,Bình Thuận,NTB,AM Nhựt
NTB - Bình Thuận,(BTH) Hàm Liêm,Hàng Mới Ca 1,2026-10-05 - Thứ 2,416,99.76%,80.05%,1.92%,8.28,333,8,415,8,75,1,0.24%,18.03%,416,Bình Thuận,NTB,AM Nhựt
NTB - Bình Thuận,(BTH) Hàm Liêm,Hàng Mới Ca 1,2026-09-22 - Thứ 3,357,99.72%,83.47%,1.96%,7.66,298,7,356,7,52,1,0.28%,14.57%,357,Bình Thuận,NTB,AM Nhựt
NTB - Bình Thuận,(BTH) Hàm Liêm,Hàng Mới Ca 1,2026-09-23 - Thứ 4,323,100.00%,79.88%,1.55%,8.35,258,5,323,5,60,0,0.00%,18.57%,323,Bình Thuận,NTB,AM Nhựt
NTB - Bình Thuận,(BTH) Hàm Liêm,Hàng Mới Ca 1,2026-09-14 - Thứ 2,542,99.45%,86.90%,1.11%,13.16,471,6,539,6,65,3,0.55%,11.99%,542,Bình Thuận,NTB,AM Nhựt
NTB - Bình Thuận,(BTH) Hàm Liêm,Hàng Mới Ca 1,2026-10-02 - Thứ 6,418,100.00%,85.41%,2.15%,6.73,357,9,418,9,52,0,0.00%,12.44%,418,Bình Thuận,NTB,AM Nhựt
NTB - Bình Thuận,(BTH) Hàm Liêm,Hàng Mới Ca 1,2026-09-29 - Thứ 3,298,100.00%,84.23%,1.68%,7.11,251,5,298,5,42,0,0.00%,14.09%,298,Bình Thuận,NTB,AM Nhựt
NTB - Bình Thuận,(BTH) Hàm Liêm,Hàng Mới Ca 1,2026-10-08 - Thứ 5,514,99.81%,89.11%,0.97%,7.17,458,5,513,5,51,1,0.19%,9.92%,514,Bình Thuận,NTB,AM Nhựt
NTB - Bình Thuận,(BTH) Hàm Liêm,Hàng Mới Ca 1,2026-09-19 - Thứ 7,366,100.00%,82.51%,1.37%,6.91,302,5,366,5,59,0,0.00%,16.12%,366,Bình Thuận,NTB,AM Nhựt
NTB - Bình Thuận,(BTH) Hàm Liêm,Hàng Mới Ca 1,2026-09-30 - Thứ 4,325,99.08%,83.38%,1.85%,7.43,271,6,322,6,48,3,0.92%,14.77%,325,Bình Thuận,NTB,AM Nhựt
NTB - Bình Thuận,(BTH) Hàm Liêm,Hàng Mới Ca 1,2026-09-17 - Thứ 5,397,99.24%,81.11%,1.76%,9.89,322,7,394,7,68,3,0.76%,17.13%,397,Bình Thuận,NTB,AM Nhựt
NTB - Bình Thuận,(BTH) Hàm Liêm,Hàng Mới Ca 1,2026-10-09 - Thứ 6,582,100.00%,84.54%,1.72%,8.16,492,10,582,10,80,0,0.00%,13.74%,582,Bình Thuận,NTB,AM Nhựt
NTB - Bình Thuận,(BTH) Hàm Liêm,Hàng Mới Ca 1,2026-09-26 - Thứ 7,532,99.62%,73.87%,2.26%,8.4,393,12,530,12,127,2,0.38%,23.87%,532,Bình Thuận,NTB,AM Nhựt
NTB - Bình Thuận,(BTH) Hàm Liêm,Hàng Mới Ca 1,2026-09-28 - Thứ 2,282,100.00%,80.50%,0.71%,7.46,227,2,282,2,53,0,0.00%,18.79%,282,Bình Thuận,NTB,AM Nhựt
NTB - Bình Thuận,(BTH) Hàm Liêm,Hàng Mới Ca 1,2026-09-16 - Thứ 4,364,99.73%,82.97%,0.55%,7.34,302,2,363,2,60,1,0.27%,16.48%,364,Bình Thuận,NTB,AM Nhựt
NTB - Bình Thuận,(BTH) Hàm Liêm,Hàng Mới Ca 1,2026-09-24 - Thứ 5,359,99.44%,57.38%,1.67%,7.17,206,6,357,6,147,2,0.56%,40.95%,359,Bình Thuận,NTB,AM Nhựt
NTB - Bình Thuận,(BTH) Hàm Liêm,Hàng Mới Ca 1,2026-10-06 - Thứ 3,393,99.75%,86.26%,0.51%,7.32,339,2,392,2,52,1,0.25%,13.23%,393,Bình Thuận,NTB,AM Nhựt
NTB - Bình Thuận,(BTH) Hàm Liêm,Hàng Mới Ca 1,2026-09-12 - Thứ 7,579,99.65%,87.05%,0.69%,11.29,504,4,577,4,71,2,0.35%,12.26%,579,Bình Thuận,NTB,AM Nhựt
NTB - Bình Thuận,(BTH) Hàm Liêm,Hàng Mới Ca 1,2026-10-04 - Chủ Nhật,370,92.97%,78.38%,2.16%,7.56,290,8,344,8,72,26,7.03%,19.46%,370,Bình Thuận,NTB,AM Nhựt
NTB - Bình Thuận,(BTH) Hàm Liêm,Hàng Mới Ca 1,2026-09-25 - Thứ 6,712,64.47%,52.39%,0.98%,15.03,373,7,459,7,332,253,35.53%,46.63%,712,Bình Thuận,NTB,AM Nhựt
NTB - Bình Thuận,(BTH) Hàm Liêm,Hàng Mới Ca 1,2026-09-15 - Thứ 3,378,100.00%,87.04%,0.79%,7.59,329,3,378,3,46,0,0.00%,12.17%,378,Bình Thuận,NTB,AM Nhựt
NTB - Bình Thuận,(BTH) Hàm Liêm,Hàng Mới Ca 2,2026-09-27 - Chủ Nhật,170,39.41%,34.12%,0.00%,4.91,58,0,67,0,112,103,60.59%,65.88%,170,Bình Thuận,NTB,AM Nhựt
NTB - Bình Thuận,(BTH) Hàm Liêm,Hàng Mới Ca 2,2026-09-21 - Thứ 2,222,44.59%,36.04%,0.45%,3.99,80,1,99,1,141,123,55.41%,63.51%,222,Bình Thuận,NTB,AM Nhựt
NTB - Bình Thuận,(BTH) Hàm Liêm,Hàng Mới Ca 2,2026-09-20 - Chủ Nhật,274,31.02%,25.18%,0.73%,4.57,69,2,85,2,203,189,68.98%,74.09%,274,Bình Thuận,NTB,AM Nhựt
NTB - Bình Thuận,(BTH) Hàm Liêm,Hàng Mới Ca 2,2026-09-13 - Chủ Nhật,224,32.59%,28.13%,0.00%,5.17,63,0,73,0,161,151,67.41%,71.87%,224,Bình Thuận,NTB,AM Nhựt
NTB - Bình Thuận,(BTH) Hàm Liêm,Hàng Mới Ca 2,2026-09-24 - Thứ 5,102,33.33%,26.47%,0.98%,3.96,27,1,34,1,74,68,66.67%,72.55%,102,Bình Thuận,NTB,AM Nhựt
NTB - Bình Thuận,(BTH) Hàm Liêm,Hàng Mới Ca 2,2026-10-06 - Thứ 3,423,45.86%,36.88%,0.71%,4.2,156,3,194,3,264,229,54.14%,62.41%,423,Bình Thuận,NTB,AM Nhựt
NTB - Bình Thuận,(BTH) Hàm Liêm,Hàng Mới Ca 2,2026-09-12 - Thứ 7,330,57.27%,51.21%,0.61%,3.74,169,2,189,2,159,141,42.73%,48.18%,330,Bình Thuận,NTB,AM Nhựt
NTB - Bình Thuận,(BTH) Hàm Liêm,Hàng Mới Ca 2,2026-10-05 - Thứ 2,204,55.39%,45.59%,1.47%,3.99,93,3,113,3,108,91,44.61%,52.94%,204,Bình Thuận,NTB,AM Nhựt
NTB - Bình Thuận,(BTH) Hàm Liêm,Hàng Mới Ca 2,2026-09-22 - Thứ 3,304,47.37%,39.14%,1.32%,3.68,119,4,144,4,181,160,52.63%,59.54%,304,Bình Thuận,NTB,AM Nhựt
NTB - Bình Thuận,(BTH) Hàm Liêm,Hàng Mới Ca 2,2026-09-23 - Thứ 4,387,29.97%,23.77%,0.00%,3.85,92,0,116,0,295,271,70.03%,76.23%,387,Bình Thuận,NTB,AM Nhựt
NTB - Bình Thuận,(BTH) Hàm Liêm,Hàng Mới Ca 2,2026-09-14 - Thứ 2,174,54.02%,45.40%,1.72%,3.48,79,3,94,3,92,80,45.98%,52.88%,174,Bình Thuận,NTB,AM Nhựt
NTB - Bình Thuận,(BTH) Hàm Liêm,Hàng Mới Ca 2,2026-10-02 - Thứ 6,328,51.52%,42.68%,0.30%,4.14,140,1,169,1,187,159,48.48%,57.02%,328,Bình Thuận,NTB,AM Nhựt
NTB - Bình Thuận,(BTH) Hàm Liêm,Hàng Mới Ca 2,2026-09-29 - Thứ 3,279,57.71%,50.54%,0.72%,3.71,141,2,161,2,136,118,42.29%,48.74%,279,Bình Thuận,NTB,AM Nhựt
NTB - Bình Thuận,(BTH) Hàm Liêm,Hàng Mới Ca 2,2026-10-08 - Thứ 5,238,49.58%,45.38%,0.00%,4.19,108,0,118,0,130,120,50.42%,54.62%,238,Bình Thuận,NTB,AM Nhựt
NTB - Bình Thuận,(BTH) Hàm Liêm,Hàng Mới Ca 2,2026-10-04 - Chủ Nhật,299,34.11%,27.42%,0.33%,4.69,82,1,102,1,216,197,65.89%,72.25%,299,Bình Thuận,NTB,AM Nhựt
NTB - Bình Thuận,(BTH) Hàm Liêm,Hàng Mới Ca 2,2026-09-30 - Thứ 4,329,65.05%,56.53%,0.00%,4.4,186,0,214,0,143,115,34.95%,43.47%,329,Bình Thuận,NTB,AM Nhựt
NTB - Bình Thuận,(BTH) Hàm Liêm,Hàng Mới Ca 2,2026-09-17 - Thứ 5,210,43.33%,37.62%,0.00%,4.84,79,0,91,0,131,119,56.67%,62.38%,210,Bình Thuận,NTB,AM Nhựt
NTB - Bình Thuận,(BTH) Hàm Liêm,Hàng Mới Ca 2,2026-10-09 - Thứ 6,457,52.08%,43.33%,0.44%,3.87,198,2,238,2,257,219,47.92%,56.23%,457,Bình Thuận,NTB,AM Nhựt
NTB - Bình Thuận,(BTH) Hàm Liêm,Hàng Mới Ca 2,2026-09-26 - Thứ 7,347,29.97%,23.63%,0.00%,4.69,82,0,104,0,265,243,70.03%,76.37%,347,Bình Thuận,NTB,AM Nhựt
NTB - Bình Thuận,(BTH) Hàm Liêm,Hàng Mới Ca 2,2026-09-28 - Thứ 2,219,43.38%,35.62%,1.37%,4.03,78,3,95,3,138,124,56.62%,63.01%,219,Bình Thuận,NTB,AM Nhựt
NTB - Bình Thuận,(BTH) Hàm Liêm,Hàng Mới Ca 2,2026-10-07 - Thứ 4,300,51.67%,43.33%,2.33%,4.14,130,7,155,7,163,145,48.33%,54.34%,300,Bình Thuận,NTB,AM Nhựt
NTB - Bình Thuận,(BTH) Hàm Liêm,Hàng Mới Ca 2,2026-10-03 - Thứ 7,310,57.10%,46.13%,0.65%,3.48,143,2,177,2,165,133,42.90%,53.22%,310,Bình Thuận,NTB,AM Nhựt
NTB - Bình Thuận,(BTH) Hàm Liêm,Hàng Mới Ca 2,2026-09-18 - Thứ 6,360,50.83%,41.94%,0.83%,3.72,151,3,183,3,206,177,49.17%,57.23%,360,Bình Thuận,NTB,AM Nhựt
NTB - Bình Thuận,(BTH) Hàm Liêm,Hàng Mới Ca 2,2026-09-25 - Thứ 6,81,32.10%,27.16%,0.00%,3.82,22,0,26,0,59,55,67.90%,72.84%,81,Bình Thuận,NTB,AM Nhựt
NTB - Bình Thuận,(BTH) Hàm Liêm,Hàng Mới Ca 2,2026-09-15 - Thứ 3,342,62.57%,52.63%,0.29%,4.69,180,1,214,1,161,128,37.43%,47.08%,342,Bình Thuận,NTB,AM Nhựt
NTB - Bình Thuận,(BTH) Hàm Liêm,Hàng Mới Ca 2,2026-09-19 - Thứ 7,441,57.14%,46.71%,2.04%,4.61,206,9,252,9,226,189,42.86%,51.25%,441,Bình Thuận,NTB,AM Nhựt
NTB - Bình Thuận,(BTH) Hàm Liêm,Hàng Mới Ca 2,2026-09-16 - Thứ 4,422,53.32%,44.31%,0.95%,3.57,187,4,225,4,231,197,46.68%,54.74%,422,Bình Thuận,NTB,AM Nhựt
NTB - Bình Thuận,(BTH) Hàm Liêm,Hàng Mới Ca 2,2026-10-01 - Thứ 5,403,59.06%,48.14%,1.24%,4.34,194,5,238,5,204,165,40.94%,50.62%,403,Bình Thuận,NTB,AM Nhựt
NTB - Bình Thuận,(BTH) Hàm Liêm,Hàng Tồn,2026-09-27 - Chủ Nhật,608,99.01%,68.42%,4.61%,42.11,416,28,602,28,164,6,0.99%,26.97%,0,Bình Thuận,NTB,AM Nhựt
NTB - Bình Thuận,(BTH) Hàm Liêm,Hàng Tồn,2026-09-13 - Chủ Nhật,314,99.68%,62.42%,4.78%,33.56,196,15,313,15,103,1,0.32%,32.80%,0,Bình Thuận,NTB,AM Nhựt
NTB - Bình Thuận,(BTH) Hàm Liêm,Hàng Tồn,2026-10-06 - Thứ 3,263,97.72%,57.03%,6.84%,34.93,150,18,257,18,95,6,2.28%,36.13%,0,Bình Thuận,NTB,AM Nhựt
NTB - Bình Thuận,(BTH) Hàm Liêm,Hàng Tồn,2026-09-12 - Thứ 7,336,98.81%,61.61%,3.87%,31.72,207,13,332,13,116,4,1.19%,34.52%,0,Bình Thuận,NTB,AM Nhựt
NTB - Bình Thuận,(BTH) Hàm Liêm,Hàng Tồn,2026-10-05 - Thứ 2,387,98.97%,70.54%,4.91%,32.53,273,19,383,19,95,4,1.03%,24.55%,0,Bình Thuận,NTB,AM Nhựt
NTB - Bình Thuận,(BTH) Hàm Liêm,Hàng Tồn,2026-09-22 - Thứ 3,298,99.33%,54.36%,6.04%,32.1,162,18,296,18,118,2,0.67%,39.60%,0,Bình Thuận,NTB,AM Nhựt
NTB - Bình Thuận,(BTH) Hàm Liêm,Hàng Tồn,2026-09-23 - Thứ 4,340,99.12%,57.35%,6.18%,32.55,195,21,337,21,124,3,0.88%,36.47%,0,Bình Thuận,NTB,AM Nhựt
NTB - Bình Thuận,(BTH) Hàm Liêm,Hàng Tồn,2026-09-14 - Thứ 2,328,99.39%,73.48%,3.35%,33.43,241,11,326,11,76,2,0.61%,23.17%,0,Bình Thuận,NTB,AM Nhựt
NTB - Bình Thuận,(BTH) Hàm Liêm,Hàng Tồn,2026-09-15 - Thứ 3,215,98.60%,50.70%,9.30%,33.74,109,20,212,20,86,3,1.40%,40.00%,0,Bình Thuận,NTB,AM Nhựt
NTB - Bình Thuận,(BTH) Hàm Liêm,Hàng Tồn,2026-10-02 - Thứ 6,321,97.51%,67.60%,2.80%,30.22,217,9,313,9,95,8,2.49%,29.60%,0,Bình Thuận,NTB,AM Nhựt
NTB - Bình Thuận,(BTH) Hàm Liêm,Hàng Tồn,2026-10-08 - Thứ 5,281,98.93%,63.70%,5.34%,30.64,179,15,278,15,87,3,1.07%,30.96%,0,Bình Thuận,NTB,AM Nhựt
NTB - Bình Thuận,(BTH) Hàm Liêm,Hàng Tồn,2026-09-19 - Thứ 7,340,98.82%,67.65%,4.71%,31.28,230,16,336,16,94,4,1.18%,27.64%,0,Bình Thuận,NTB,AM Nhựt
NTB - Bình Thuận,(BTH) Hàm Liêm,Hàng Tồn,2026-09-17 - Thứ 5,369,99.73%,64.77%,4.07%,30.18,239,15,368,15,115,1,0.27%,31.16%,0,Bình Thuận,NTB,AM Nhựt
NTB - Bình Thuận,(BTH) Hàm Liêm,Hàng Tồn,2026-10-09 - Thứ 6,255,99.22%,61.57%,6.27%,31.27,157,16,253,16,82,2,0.78%,32.16%,0,Bình Thuận,NTB,AM Nhựt
NTB - Bình Thuận,(BTH) Hàm Liêm,Hàng Tồn,2026-09-26 - Thứ 7,589,99.32%,55.18%,2.72%,45.84,325,16,585,16,248,4,0.68%,42.10%,0,Bình Thuận,NTB,AM Nhựt
NTB - Bình Thuận,(BTH) Hàm Liêm,Hàng Tồn,2026-09-28 - Thứ 2,335,98.51%,64.18%,4.48%,41.79,215,15,330,15,105,5,1.49%,31.34%,0,Bình Thuận,NTB,AM Nhựt
NTB - Bình Thuận,(BTH) Hàm Liêm,Hàng Tồn,2026-10-07 - Thứ 4,395,98.48%,73.42%,2.78%,29.12,290,11,389,11,94,6,1.52%,23.80%,0,Bình Thuận,NTB,AM Nhựt
NTB - Bình Thuận,(BTH) Hàm Liêm,Hàng Tồn,2026-10-03 - Thứ 7,309,98.71%,53.40%,7.77%,27.64,165,24,305,24,120,4,1.29%,38.83%,0,Bình Thuận,NTB,AM Nhựt
NTB - Bình Thuận,(BTH) Hàm Liêm,Hàng Tồn,2026-09-16 - Thứ 4,274,100.00%,59.12%,5.11%,29.57,162,14,274,14,98,0,0.00%,35.77%,0,Bình Thuận,NTB,AM Nhựt
NTB - Bình Thuận,(BTH) Hàm Liêm,Hàng Tồn,2026-09-25 - Thứ 6,441,94.33%,44.67%,4.31%,39.76,197,19,416,19,225,25,5.67%,51.02%,0,Bình Thuận,NTB,AM Nhựt
NTB - Bình Thuận,(BTH) Hàm Liêm,Hàng Tồn,2026-09-18 - Thứ 6,289,98.96%,61.94%,7.96%,35.29,179,23,286,23,87,3,1.04%,30.10%,0,Bình Thuận,NTB,AM Nhựt
NTB - Bình Thuận,(BTH) Hàm Liêm,Hàng Tồn,2026-09-21 - Thứ 2,393,99.49%,70.99%,3.56%,36.25,279,14,391,14,100,2,0.51%,25.45%,0,Bình Thuận,NTB,AM Nhựt
NTB - Bình Thuận,(BTH) Hàm Liêm,Hàng Tồn,2026-09-20 - Chủ Nhật,355,98.31%,56.90%,3.66%,30.56,202,13,349,13,140,6,1.69%,39.44%,0,Bình Thuận,NTB,AM Nhựt
NTB - Bình Thuận,(BTH) Hàm Liêm,Hàng Tồn,2026-09-24 - Thứ 5,446,99.33%,42.15%,4.93%,29.95,188,22,443,22,236,3,0.67%,52.92%,0,Bình Thuận,NTB,AM Nhựt
NTB - Bình Thuận,(BTH) Hàm Liêm,Hàng Tồn,2026-10-01 - Thứ 5,281,97.86%,60.14%,7.47%,33.75,169,21,275,21,91,6,2.14%,32.39%,0,Bình Thuận,NTB,AM Nhựt
NTB - Bình Thuận,(BTH) Hàm Liêm,Hàng Tồn,2026-09-29 - Thứ 3,268,98.51%,56.72%,4.85%,33.53,152,13,264,13,103,4,1.49%,38.43%,0,Bình Thuận,NTB,AM Nhựt
NTB - Bình Thuận,(BTH) Hàm Liêm,Hàng Tồn,2026-10-04 - Chủ Nhật,327,98.78%,62.39%,3.06%,31.68,204,10,323,10,113,4,1.22%,34.55%,0,Bình Thuận,NTB,AM Nhựt
NTB - Bình Thuận,(BTH) Hàm Liêm,Hàng Tồn,2026-09-30 - Thứ 4,269,97.40%,55.02%,4.46%,32.67,148,12,262,12,109,7,2.60%,40.52%,0,Bình Thuận,NTB,AM Nhựt
NTB - Bình Thuận,(BTH) Bắc Bình,Hàng Mới Ca 1,2026-10-03 - Thứ 7,254,100.00%,88.19%,0.39%,4.39,224,1,254,1,29,0,0.00%,11.42%,254,Bình Thuận,NTB,AM Khánh
NTB - Bình Thuận,(BTH) Bắc Bình,Hàng Mới Ca 1,2026-09-27 - Chủ Nhật,288,99.65%,90.63%,0.00%,4.31,261,0,287,0,27,1,0.35%,9.37%,288,Bình Thuận,NTB,AM Khánh
NTB - Bình Thuận,(BTH) Bắc Bình,Hàng Mới Ca 1,2026-10-06 - Thứ 3,364,99.73%,87.36%,1.10%,4.36,318,4,363,4,42,1,0.27%,11.54%,364,Bình Thuận,NTB,AM Khánh
NTB - Bình Thuận,(BTH) Bắc Bình,Hàng Mới Ca 1,2026-10-01 - Thứ 5,199,99.50%,87.44%,2.01%,4.46,174,4,198,4,21,1,0.50%,10.55%,199,Bình Thuận,NTB,AM Khánh
NTB - Bình Thuận,(BTH) Bắc Bình,Hàng Mới Ca 1,2026-09-12 - Thứ 7,305,100.00%,88.85%,0.00%,4.44,271,0,305,0,34,0,0.00%,11.15%,305,Bình Thuận,NTB,AM Khánh
NTB - Bình Thuận,(BTH) Bắc Bình,Hàng Mới Ca 1,2026-10-05 - Thứ 2,189,100.00%,89.95%,0.53%,4.31,170,1,189,1,18,0,0.00%,9.52%,189,Bình Thuận,NTB,AM Khánh
NTB - Bình Thuận,(BTH) Bắc Bình,Hàng Mới Ca 1,2026-09-22 - Thứ 3,341,100.00%,87.98%,0.59%,4.43,300,2,341,2,39,0,0.00%,11.43%,341,Bình Thuận,NTB,AM Khánh
NTB - Bình Thuận,(BTH) Bắc Bình,Hàng Mới Ca 1,2026-09-14 - Thứ 2,406,100.00%,84.98%,1.72%,4.57,345,7,406,7,54,0,0.00%,13.30%,406,Bình Thuận,NTB,AM Khánh
NTB - Bình Thuận,(BTH) Bắc Bình,Hàng Mới Ca 1,2026-09-15 - Thứ 3,273,99.63%,89.74%,1.47%,4.34,245,4,272,4,24,1,0.37%,8.79%,273,Bình Thuận,NTB,AM Khánh
NTB - Bình Thuận,(BTH) Bắc Bình,Hàng Mới Ca 1,2026-10-02 - Thứ 6,361,100.00%,90.03%,0.55%,4.65,325,2,361,2,34,0,0.00%,9.42%,361,Bình Thuận,NTB,AM Khánh
NTB - Bình Thuận,(BTH) Bắc Bình,Hàng Mới Ca 1,2026-09-29 - Thứ 3,270,100.00%,90.00%,0.74%,4.32,243,2,270,2,25,0,0.00%,9.26%,270,Bình Thuận,NTB,AM Khánh
NTB - Bình Thuận,(BTH) Bắc Bình,Hàng Mới Ca 1,2026-10-08 - Thứ 5,362,100.00%,89.23%,0.00%,4.34,323,0,362,0,39,0,0.00%,10.77%,362,Bình Thuận,NTB,AM Khánh
NTB - Bình Thuận,(BTH) Bắc Bình,Hàng Mới Ca 1,2026-09-19 - Thứ 7,238,100.00%,90.34%,0.00%,4.14,215,0,238,0,23,0,0.00%,9.66%,238,Bình Thuận,NTB,AM Khánh
NTB - Bình Thuận,(BTH) Bắc Bình,Hàng Mới Ca 1,2026-10-04 - Chủ Nhật,259,98.84%,82.63%,1.93%,5.13,214,5,256,5,40,3,1.16%,15.44%,259,Bình Thuận,NTB,AM Khánh
NTB - Bình Thuận,(BTH) Bắc Bình,Hàng Mới Ca 1,2026-09-30 - Thứ 4,240,100.00%,88.75%,0.00%,5.87,213,0,240,0,27,0,0.00%,11.25%,240,Bình Thuận,NTB,AM Khánh
NTB - Bình Thuận,(BTH) Bắc Bình,Hàng Mới Ca 1,2026-09-17 - Thứ 5,243,100.00%,89.30%,0.41%,3.84,217,1,243,1,25,0,0.00%,10.29%,243,Bình Thuận,NTB,AM Khánh
NTB - Bình Thuận,(BTH) Bắc Bình,Hàng Mới Ca 1,2026-10-07 - Thứ 4,214,100.00%,92.06%,0.93%,4.01,197,2,214,2,15,0,0.00%,7.01%,214,Bình Thuận,NTB,AM Khánh
NTB - Bình Thuận,(BTH) Bắc Bình,Hàng Mới Ca 1,2026-09-18 - Thứ 6,392,100.00%,88.27%,0.51%,4.12,346,2,392,2,44,0,0.00%,11.22%,392,Bình Thuận,NTB,AM Khánh
NTB - Bình Thuận,(BTH) Bắc Bình,Hàng Mới Ca 1,2026-09-13 - Chủ Nhật,387,99.74%,87.60%,1.03%,4.39,339,4,386,4,44,1,0.26%,11.37%,387,Bình Thuận,NTB,AM Khánh
NTB - Bình Thuận,(BTH) Bắc Bình,Hàng Mới Ca 1,2026-09-21 - Thứ 2,198,100.00%,93.43%,1.01%,4,185,2,198,2,11,0,0.00%,5.56%,198,Bình Thuận,NTB,AM Khánh
NTB - Bình Thuận,(BTH) Bắc Bình,Hàng Mới Ca 1,2026-09-20 - Chủ Nhật,175,99.43%,88.57%,0.00%,3.97,155,0,174,0,20,1,0.57%,11.43%,175,Bình Thuận,NTB,AM Khánh
NTB - Bình Thuận,(BTH) Bắc Bình,Hàng Mới Ca 1,2026-09-24 - Thứ 5,477,99.79%,87.21%,1.47%,4.73,416,7,476,7,54,1,0.21%,11.32%,477,Bình Thuận,NTB,AM Khánh
NTB - Bình Thuận,(BTH) Bắc Bình,Hàng Mới Ca 1,2026-09-26 - Thứ 7,210,100.00%,94.29%,0.00%,4.31,198,0,210,0,12,0,0.00%,5.71%,210,Bình Thuận,NTB,AM Khánh
NTB - Bình Thuận,(BTH) Bắc Bình,Hàng Mới Ca 1,2026-09-28 - Thứ 2,209,100.00%,86.12%,0.00%,4.41,180,0,209,0,29,0,0.00%,13.88%,209,Bình Thuận,NTB,AM Khánh
NTB - Bình Thuận,(BTH) Bắc Bình,Hàng Mới Ca 1,2026-09-16 - Thứ 4,267,99.63%,88.01%,1.50%,4.21,235,4,266,4,28,1,0.37%,10.49%,267,Bình Thuận,NTB,AM Khánh
NTB - Bình Thuận,(BTH) Bắc Bình,Hàng Mới Ca 1,2026-09-25 - Thứ 6,590,100.00%,87.63%,1.36%,5.38,517,8,590,8,65,0,0.00%,11.01%,590,Bình Thuận,NTB,AM Khánh
NTB - Bình Thuận,(BTH) Bắc Bình,Hàng Mới Ca 1,2026-09-23 - Thứ 4,310,99.68%,74.84%,0.97%,5.78,232,3,309,3,75,1,0.32%,24.19%,310,Bình Thuận,NTB,AM Khánh
NTB - Bình Thuận,(BTH) Bắc Bình,Hàng Mới Ca 1,2026-10-09 - Thứ 6,254,100.00%,90.55%,0.79%,4.34,230,2,254,2,22,0,0.00%,8.66%,254,Bình Thuận,NTB,AM Khánh
NTB - Bình Thuận,(BTH) Bắc Bình,Hàng Mới Ca 2,2026-10-07 - Thứ 4,329,85.41%,72.34%,0.91%,3.39,238,3,281,3,88,48,14.59%,26.75%,329,Bình Thuận,NTB,AM Khánh
NTB - Bình Thuận,(BTH) Bắc Bình,Hàng Mới Ca 2,2026-09-27 - Chủ Nhật,188,82.45%,65.43%,0.00%,3.15,123,0,155,0,65,33,17.55%,34.57%,188,Bình Thuận,NTB,AM Khánh
NTB - Bình Thuận,(BTH) Bắc Bình,Hàng Mới Ca 2,2026-09-13 - Chủ Nhật,211,81.99%,69.67%,0.95%,3.09,147,2,173,2,62,38,18.01%,29.38%,211,Bình Thuận,NTB,AM Khánh
NTB - Bình Thuận,(BTH) Bắc Bình,Hàng Mới Ca 2,2026-10-06 - Thứ 3,352,82.10%,64.77%,0.85%,3.17,228,3,289,3,121,63,17.90%,34.38%,352,Bình Thuận,NTB,AM Khánh
NTB - Bình Thuận,(BTH) Bắc Bình,Hàng Mới Ca 2,2026-10-01 - Thứ 5,278,78.42%,63.67%,0.00%,3.44,177,0,218,0,101,60,21.58%,36.33%,278,Bình Thuận,NTB,AM Khánh
NTB - Bình Thuận,(BTH) Bắc Bình,Hàng Mới Ca 2,2026-09-12 - Thứ 7,274,85.04%,68.98%,0.36%,3.19,189,1,233,1,84,41,14.96%,30.66%,274,Bình Thuận,NTB,AM Khánh
NTB - Bình Thuận,(BTH) Bắc Bình,Hàng Mới Ca 2,2026-09-22 - Thứ 3,286,82.17%,73.43%,0.35%,3.09,210,1,235,1,75,51,17.83%,26.22%,286,Bình Thuận,NTB,AM Khánh
NTB - Bình Thuận,(BTH) Bắc Bình,Hàng Mới Ca 2,2026-09-23 - Thứ 4,51,84.31%,54.90%,0.00%,2.82,28,0,43,0,23,8,15.69%,45.10%,51,Bình Thuận,NTB,AM Khánh
NTB - Bình Thuận,(BTH) Bắc Bình,Hàng Mới Ca 2,2026-09-14 - Thứ 2,224,77.68%,59.82%,1.34%,3.25,134,3,174,3,87,50,22.32%,38.84%,224,Bình Thuận,NTB,AM Khánh
NTB - Bình Thuận,(BTH) Bắc Bình,Hàng Mới Ca 2,2026-09-15 - Thứ 3,350,81.14%,66.29%,0.29%,3.46,232,1,284,1,117,66,18.86%,33.42%,350,Bình Thuận,NTB,AM Khánh
NTB - Bình Thuận,(BTH) Bắc Bình,Hàng Mới Ca 2,2026-10-02 - Thứ 6,338,80.77%,63.61%,0.59%,3.74,215,2,273,2,121,65,19.23%,35.80%,338,Bình Thuận,NTB,AM Khánh
NTB - Bình Thuận,(BTH) Bắc Bình,Hàng Mới Ca 2,2026-09-29 - Thứ 3,257,78.99%,66.93%,0.39%,3.13,172,1,203,1,84,54,21.01%,32.68%,257,Bình Thuận,NTB,AM Khánh
NTB - Bình Thuận,(BTH) Bắc Bình,Hàng Mới Ca 2,2026-09-19 - Thứ 7,312,84.94%,71.15%,1.60%,3.01,222,5,265,5,85,47,15.06%,27.25%,312,Bình Thuận,NTB,AM Khánh
NTB - Bình Thuận,(BTH) Bắc Bình,Hàng Mới Ca 2,2026-10-04 - Chủ Nhật,313,79.55%,66.13%,0.00%,3.78,207,0,249,0,106,64,20.45%,33.87%,313,Bình Thuận,NTB,AM Khánh
NTB - Bình Thuận,(BTH) Bắc Bình,Hàng Mới Ca 2,2026-09-17 - Thứ 5,182,71.43%,60.99%,0.00%,2.52,111,0,130,0,71,52,28.57%,39.01%,182,Bình Thuận,NTB,AM Khánh
NTB - Bình Thuận,(BTH) Bắc Bình,Hàng Mới Ca 2,2026-10-09 - Thứ 6,399,80.45%,66.67%,0.75%,3.34,266,3,321,3,130,78,19.55%,32.58%,399,Bình Thuận,NTB,AM Khánh
NTB - Bình Thuận,(BTH) Bắc Bình,Hàng Mới Ca 2,2026-09-26 - Thứ 7,242,79.34%,65.70%,0.00%,2.83,159,0,192,0,83,50,20.66%,34.30%,242,Bình Thuận,NTB,AM Khánh
NTB - Bình Thuận,(BTH) Bắc Bình,Hàng Mới Ca 2,2026-09-28 - Thứ 2,135,78.52%,62.96%,0.74%,3.15,85,1,106,1,49,29,21.48%,36.30%,135,Bình Thuận,NTB,AM Khánh
NTB - Bình Thuận,(BTH) Bắc Bình,Hàng Mới Ca 2,2026-09-16 - Thứ 4,317,76.97%,56.78%,0.63%,3.3,180,2,244,2,135,73,23.03%,42.59%,317,Bình Thuận,NTB,AM Khánh
NTB - Bình Thuận,(BTH) Bắc Bình,Hàng Mới Ca 2,2026-09-25 - Thứ 6,335,82.39%,61.49%,0.00%,3.97,206,0,276,0,129,59,17.61%,38.51%,335,Bình Thuận,NTB,AM Khánh
NTB - Bình Thuận,(BTH) Bắc Bình,Hàng Mới Ca 2,2026-09-18 - Thứ 6,306,81.37%,68.95%,0.98%,3.28,211,3,249,3,92,57,18.63%,30.07%,306,Bình Thuận,NTB,AM Khánh
NTB - Bình Thuận,(BTH) Bắc Bình,Hàng Mới Ca 2,2026-09-24 - Thứ 5,64,81.25%,64.06%,0.00%,2.73,41,0,52,0,23,12,18.75%,35.94%,64,Bình Thuận,NTB,AM Khánh
NTB - Bình Thuận,(BTH) Bắc Bình,Hàng Mới Ca 2,2026-09-21 - Thứ 2,174,83.91%,71.26%,0.00%,2.87,124,0,146,0,50,28,16.09%,28.74%,174,Bình Thuận,NTB,AM Khánh
NTB - Bình Thuận,(BTH) Bắc Bình,Hàng Mới Ca 2,2026-10-05 - Thứ 2,179,77.09%,60.34%,0.56%,2.01,108,1,138,1,70,41,22.91%,39.10%,179,Bình Thuận,NTB,AM Khánh
NTB - Bình Thuận,(BTH) Bắc Bình,Hàng Mới Ca 2,2026-10-08 - Thứ 5,347,80.98%,68.88%,1.44%,3.76,239,5,281,5,103,66,19.02%,29.68%,347,Bình Thuận,NTB,AM Khánh
NTB - Bình Thuận,(BTH) Bắc Bình,Hàng Mới Ca 2,2026-09-30 - Thứ 4,279,79.21%,60.57%,0.36%,4.13,169,1,221,1,109,58,20.79%,39.07%,279,Bình Thuận,NTB,AM Khánh
NTB - Bình Thuận,(BTH) Bắc Bình,Hàng Mới Ca 2,2026-10-03 - Thứ 7,337,77.45%,62.91%,2.08%,2.92,212,7,261,7,118,76,22.55%,35.01%,337,Bình Thuận,NTB,AM Khánh
NTB - Bình Thuận,(BTH) Bắc Bình,Hàng Mới Ca 2,2026-09-20 - Chủ Nhật,374,83.16%,54.55%,0.80%,3.22,204,3,311,3,167,63,16.84%,44.65%,374,Bình Thuận,NTB,AM Khánh
NTB - Bình Thuận,(BTH) Bắc Bình,Hàng Tồn,2026-09-20 - Chủ Nhật,139,98.56%,59.71%,5.04%,28.96,83,7,137,7,49,2,1.44%,35.25%,0,Bình Thuận,NTB,AM Khánh
NTB - Bình Thuận,(BTH) Bắc Bình,Hàng Tồn,2026-09-13 - Chủ Nhật,166,98.80%,57.83%,6.02%,31.87,96,10,164,10,60,2,1.20%,36.15%,0,Bình Thuận,NTB,AM Khánh
NTB - Bình Thuận,(BTH) Bắc Bình,Hàng Tồn,2026-10-06 - Thứ 3,133,99.25%,57.89%,11.28%,31.22,77,15,132,15,41,1,0.75%,30.83%,0,Bình Thuận,NTB,AM Khánh
NTB - Bình Thuận,(BTH) Bắc Bình,Hàng Tồn,2026-10-01 - Thứ 5,173,98.84%,62.43%,4.62%,28.78,108,8,171,8,57,2,1.16%,32.95%,0,Bình Thuận,NTB,AM Khánh
NTB - Bình Thuận,(BTH) Bắc Bình,Hàng Tồn,2026-10-05 - Thứ 2,200,98.50%,67.50%,6.50%,28.56,135,13,197,13,52,3,1.50%,26.00%,0,Bình Thuận,NTB,AM Khánh
NTB - Bình Thuận,(BTH) Bắc Bình,Hàng Tồn,2026-09-22 - Thứ 3,100,99.00%,61.00%,6.00%,33.55,61,6,99,6,33,1,1.00%,33.00%,0,Bình Thuận,NTB,AM Khánh
NTB - Bình Thuận,(BTH) Bắc Bình,Hàng Tồn,2026-09-14 - Thứ 2,152,98.68%,63.16%,9.21%,34.25,96,14,150,14,42,2,1.32%,27.63%,0,Bình Thuận,NTB,AM Khánh
NTB - Bình Thuận,(BTH) Bắc Bình,Hàng Tồn,2026-09-15 - Thứ 3,184,98.37%,57.61%,2.17%,31.53,106,4,181,4,74,3,1.63%,40.22%,0,Bình Thuận,NTB,AM Khánh
NTB - Bình Thuận,(BTH) Bắc Bình,Hàng Tồn,2026-10-02 - Thứ 6,174,97.70%,63.22%,5.75%,29.82,110,10,170,10,54,4,2.30%,31.03%,0,Bình Thuận,NTB,AM Khánh
NTB - Bình Thuận,(BTH) Bắc Bình,Hàng Tồn,2026-09-29 - Thứ 3,113,98.23%,57.52%,7.96%,33.68,65,9,111,9,39,2,1.77%,34.52%,0,Bình Thuận,NTB,AM Khánh
NTB - Bình Thuận,(BTH) Bắc Bình,Hàng Tồn,2026-10-08 - Thứ 5,156,98.72%,59.62%,6.41%,32.37,93,10,154,10,53,2,1.28%,33.97%,0,Bình Thuận,NTB,AM Khánh
NTB - Bình Thuận,(BTH) Bắc Bình,Hàng Tồn,2026-09-19 - Thứ 7,159,98.74%,68.55%,4.40%,27.48,109,7,157,7,43,2,1.26%,27.05%,0,Bình Thuận,NTB,AM Khánh
NTB - Bình Thuận,(BTH) Bắc Bình,Hàng Tồn,2026-10-04 - Chủ Nhật,202,99.01%,68.32%,1.98%,30.48,138,4,200,4,60,2,0.99%,29.70%,0,Bình Thuận,NTB,AM Khánh
NTB - Bình Thuận,(BTH) Bắc Bình,Hàng Tồn,2026-09-17 - Thứ 5,220,100.00%,70.91%,5.91%,28.46,156,13,220,13,51,0,0.00%,23.18%,0,Bình Thuận,NTB,AM Khánh
NTB - Bình Thuận,(BTH) Bắc Bình,Hàng Tồn,2026-10-09 - Thứ 6,186,99.46%,60.22%,6.45%,26.17,112,12,185,12,62,1,0.54%,33.33%,0,Bình Thuận,NTB,AM Khánh
NTB - Bình Thuận,(BTH) Bắc Bình,Hàng Tồn,2026-09-26 - Thứ 7,230,99.13%,61.30%,1.30%,27.57,141,3,228,3,86,2,0.87%,37.40%,0,Bình Thuận,NTB,AM Khánh
NTB - Bình Thuận,(BTH) Bắc Bình,Hàng Tồn,2026-10-03 - Thứ 7,199,98.99%,60.30%,6.03%,30.23,120,12,197,12,67,2,1.01%,33.67%,0,Bình Thuận,NTB,AM Khánh
NTB - Bình Thuận,(BTH) Bắc Bình,Hàng Tồn,2026-09-16 - Thứ 4,202,100.00%,61.39%,3.47%,29.48,124,7,202,7,71,0,0.00%,35.14%,0,Bình Thuận,NTB,AM Khánh
NTB - Bình Thuận,(BTH) Bắc Bình,Hàng Tồn,2026-09-25 - Thứ 6,111,100.00%,57.66%,6.31%,35.48,64,7,111,7,40,0,0.00%,36.03%,0,Bình Thuận,NTB,AM Khánh
NTB - Bình Thuận,(BTH) Bắc Bình,Hàng Tồn,2026-09-18 - Thứ 6,138,98.55%,69.57%,5.80%,30.92,96,8,136,8,34,2,1.45%,24.63%,0,Bình Thuận,NTB,AM Khánh
NTB - Bình Thuận,(BTH) Bắc Bình,Hàng Tồn,2026-09-21 - Thứ 2,236,99.58%,75.42%,1.27%,29.45,178,3,235,3,55,1,0.42%,23.31%,0,Bình Thuận,NTB,AM Khánh
NTB - Bình Thuận,(BTH) Bắc Bình,Hàng Tồn,2026-09-24 - Thứ 5,150,100.00%,64.67%,6.00%,33.22,97,9,150,9,44,0,0.00%,29.33%,0,Bình Thuận,NTB,AM Khánh
NTB - Bình Thuận,(BTH) Bắc Bình,Hàng Tồn,2026-09-23 - Thứ 4,141,97.87%,53.90%,4.26%,30.22,76,6,138,6,59,3,2.13%,41.84%,0,Bình Thuận,NTB,AM Khánh
NTB - Bình Thuận,(BTH) Bắc Bình,Hàng Tồn,2026-09-12 - Thứ 7,181,100.00%,55.25%,6.08%,31.79,100,11,181,11,70,0,0.00%,38.67%,0,Bình Thuận,NTB,AM Khánh
NTB - Bình Thuận,(BTH) Bắc Bình,Hàng Tồn,2026-09-30 - Thứ 4,144,98.61%,63.89%,4.86%,27.33,92,7,142,7,45,2,1.39%,31.25%,0,Bình Thuận,NTB,AM Khánh
NTB - Bình Thuận,(BTH) Bắc Bình,Hàng Tồn,2026-09-28 - Thứ 2,137,97.08%,58.39%,9.49%,29.72,80,13,133,13,44,4,2.92%,32.12%,0,Bình Thuận,NTB,AM Khánh
NTB - Bình Thuận,(BTH) Bắc Bình,Hàng Tồn,2026-10-07 - Thứ 4,196,98.98%,68.37%,3.06%,26.36,134,6,194,6,56,2,1.02%,28.57%,0,Bình Thuận,NTB,AM Khánh
NTB - Bình Thuận,(BTH) Bắc Bình,Hàng Tồn,2026-09-27 - Chủ Nhật,155,98.06%,54.84%,5.81%,29.24,85,9,152,9,61,3,1.94%,39.35%,0,Bình Thuận,NTB,AM Khánh