Cấp Quản Lý,Chi tiết,Loại Hàng,Time,Volume,% Gán,% GTC,% Chuyển trả,Leadtime,Sản Lượng Giao Thành Công,Sản Lượng Chuyển Trả,Sản Lượng Gán,Sản Lượng Trả,Sản Lượng Tồn,Sản Lượng Chưa Gán,% Chưa Gán,%Tồn,Hàng Mới Về Trong Ngày,Tỉnh,Vùng,AM
NTB - Đắk Nông,(DNO) Đức Lập,Hàng Mới Ca 1,2026-07-15 - Thứ 4,67,1,0.806,0.0149,16.41,54.002,0.9983,67,0.9983,11.9997,0,0,0.1791,67,Đắk Nông,NTB,AM Nhung
NTB - Đắk Nông,(DNO) Đức Lập,Hàng Mới Ca 1,2026-07-03 - Thứ 6,94,1,0.7447,0.0213,18.03,70.0018,2.0022,94,2.0022,21.996,0,0,0.234,94,Đắk Nông,NTB,AM Nhung
NTB - Đắk Nông,(DNO) Đức Lập,Hàng Mới Ca 1,2026-07-05 - Chủ Nhật,60,0.9833,0.7333,0.05,12.95,43.998,3,58.998,3,13.002,1.002,0.0167,0.2167,60,Đắk Nông,NTB,AM Nhung
NTB - Đắk Nông,(DNO) Đức Lập,Hàng Mới Ca 1,2026-06-26 - Thứ 6,136,0.9412,0.6691,0.0515,15.74,90.9976,7.004,128.0032,7.004,37.9984,7.9968,0.0588,0.2794,136,Đắk Nông,NTB,AM Nhung
NTB - Đắk Nông,(DNO) Đức Lập,Hàng Mới Ca 1,2026-06-21 - Chủ Nhật,94,1,0.8191,0.0106,21.61,76.9954,0.9964,94,0.9964,16.0082,0,0,0.1703,94,Đắk Nông,NTB,AM Nhung
NTB - Đắk Nông,(DNO) Đức Lập,Hàng Mới Ca 1,2026-06-24 - Thứ 4,98,0.9898,0.8367,0.0102,17.99,81.9966,0.9996,97.0004,0.9996,15.0038,0.9996,0.0102,0.1531,98,Đắk Nông,NTB,AM Nhung
NTB - Đắk Nông,(DNO) Đức Lập,Hàng Mới Ca 1,2026-07-17 - Thứ 6,104,1,0.7596,0,17.96,78.9984,0,104,0,25.0016,0,0,0.2404,104,Đắk Nông,NTB,AM Nhung
NTB - Đắk Nông,(DNO) Đức Lập,Hàng Mới Ca 1,2026-07-11 - Thứ 7,116,1,0.8621,0.0086,21.19,100.0036,0.9976,116,0.9976,14.9988,0,0,0.1293,116,Đắk Nông,NTB,AM Nhung
NTB - Đắk Nông,(DNO) Đức Lập,Hàng Mới Ca 1,2026-07-01 - Thứ 4,86,1,0.8256,0,14.65,71.0016,0,86,0,14.9984,0,0,0.1744,86,Đắk Nông,NTB,AM Nhung
NTB - Đắk Nông,(DNO) Đức Lập,Hàng Mới Ca 1,2026-07-14 - Thứ 3,66,1,0.8182,0.0606,15.35,54.0012,3.9996,66,3.9996,7.9992,0,0,0.1212,66,Đắk Nông,NTB,AM Nhung
NTB - Đắk Nông,(DNO) Đức Lập,Hàng Mới Ca 1,2026-07-16 - Thứ 5,107,1,0.8224,0.0093,15.52,87.9968,0.9951,107,0.9951,18.0081,0,0,0.1683,107,Đắk Nông,NTB,AM Nhung
NTB - Đắk Nông,(DNO) Đức Lập,Hàng Mới Ca 1,2026-06-28 - Chủ Nhật,114,1,0.7018,0.0263,16.45,80.0052,2.9982,114,2.9982,30.9966,0,0,0.2719,114,Đắk Nông,NTB,AM Nhung
NTB - Đắk Nông,(DNO) Đức Lập,Hàng Mới Ca 1,2026-07-12 - Chủ Nhật,124,1,0.7984,0.0242,17.99,99.0016,3.0008,124,3.0008,21.9976,0,0,0.1774,124,Đắk Nông,NTB,AM Nhung
NTB - Đắk Nông,(DNO) Đức Lập,Hàng Mới Ca 1,2026-07-02 - Thứ 5,85,1,0.8706,0.0118,16.77,74.001,1.003,85,1.003,9.996,0,0,0.1176,85,Đắk Nông,NTB,AM Nhung
NTB - Đắk Nông,(DNO) Đức Lập,Hàng Mới Ca 1,2026-07-13 - Thứ 2,88,1,0.8182,0.0114,18.69,72.0016,1.0032,88,1.0032,14.9952,0,0,0.1704,88,Đắk Nông,NTB,AM Nhung
NTB - Đắk Nông,(DNO) Đức Lập,Hàng Mới Ca 1,2026-06-23 - Thứ 3,66,0.9545,0.7727,0.0152,20.35,50.9982,1.0032,62.997,1.0032,13.9986,3.003,0.0455,0.2121,66,Đắk Nông,NTB,AM Nhung
NTB - Đắk Nông,(DNO) Đức Lập,Hàng Mới Ca 1,2026-07-10 - Thứ 6,159,1,0.8176,0.0126,19.08,129.9984,2.0034,159,2.0034,26.9982,0,0,0.1698,159,Đắk Nông,NTB,AM Nhung
NTB - Đắk Nông,(DNO) Đức Lập,Hàng Mới Ca 1,2026-07-08 - Thứ 4,83,1,0.8795,0.0241,17.42,72.9985,2.0003,83,2.0003,8.0012,0,0,0.0964,83,Đắk Nông,NTB,AM Nhung
NTB - Đắk Nông,(DNO) Đức Lập,Hàng Mới Ca 1,2026-06-22 - Thứ 2,173,0.9769,0.7514,0.0347,18.89,129.9922,6.0031,169.0037,6.0031,37.0047,3.9963,0.0231,0.2139,173,Đắk Nông,NTB,AM Nhung
NTB - Đắk Nông,(DNO) Đức Lập,Hàng Mới Ca 1,2026-06-20 - Thứ 7,79,1,0.8354,0,19.91,65.9966,0,79,0,13.0034,0,0,0.1646,79,Đắk Nông,NTB,AM Nhung
NTB - Đắk Nông,(DNO) Đức Lập,Hàng Mới Ca 1,2026-06-30 - Thứ 3,62,1,0.8548,0.0161,16.47,52.9976,0.9982,62,0.9982,8.0042,0,0,0.1291,62,Đắk Nông,NTB,AM Nhung
NTB - Đắk Nông,(DNO) Đức Lập,Hàng Mới Ca 1,2026-07-06 - Thứ 2,58,1,0.8793,0.0172,17.28,50.9994,0.9976,58,0.9976,6.003,0,0,0.1035,58,Đắk Nông,NTB,AM Nhung
NTB - Đắk Nông,(DNO) Đức Lập,Hàng Mới Ca 1,2026-06-27 - Thứ 7,104,0.9904,0.8173,0.0385,16.74,84.9992,4.004,103.0016,4.004,14.9968,0.9984,0.0096,0.1442,104,Đắk Nông,NTB,AM Nhung
NTB - Đắk Nông,(DNO) Đức Lập,Hàng Mới Ca 1,2026-07-09 - Thứ 5,123,1,0.8455,0.0163,16.69,103.9965,2.0049,123,2.0049,16.9986,0,0,0.1382,123,Đắk Nông,NTB,AM Nhung
NTB - Đắk Nông,(DNO) Đức Lập,Hàng Mới Ca 1,2026-06-25 - Thứ 5,100,1,0.78,0.02,19.23,78,2,100,2,20,0,0,0.2,100,Đắk Nông,NTB,AM Nhung
NTB - Đắk Nông,(DNO) Đức Lập,Hàng Mới Ca 1,2026-07-04 - Thứ 7,124,0.8871,0.7419,0.0242,17.48,91.9956,3.0008,110.0004,3.0008,29.0036,13.9996,0.1129,0.2339,124,Đắk Nông,NTB,AM Nhung
NTB - Đắk Nông,(DNO) Đức Lập,Hàng Mới Ca 1,2026-06-29 - Thứ 2,76,1,0.75,0.0395,16.65,57,3.002,76,3.002,15.998,0,0,0.2105,76,Đắk Nông,NTB,AM Nhung
NTB - Đắk Nông,(DNO) Đức Lập,Hàng Mới Ca 1,2026-07-07 - Thứ 3,53,1,0.6981,0,15.7,36.9993,0,53,0,16.0007,0,0,0.3019,53,Đắk Nông,NTB,AM Nhung
NTB - Đắk Nông,(DNO) Đức Lập,Hàng Tồn,2026-06-29 - Thứ 2,52,1,0.6154,0.0192,67.78,32.0008,0.9984,52,0.9984,19.0008,0,0,0.3654,0,Đắk Nông,NTB,AM Nhung
NTB - Đắk Nông,(DNO) Đức Lập,Hàng Tồn,2026-07-16 - Thứ 5,18,1,0.3333,0.0556,74.5,5.9994,1.0008,18,1.0008,10.9998,0,0,0.6111,0,Đắk Nông,NTB,AM Nhung
NTB - Đắk Nông,(DNO) Đức Lập,Hàng Tồn,2026-07-01 - Thứ 4,21,1,0.2857,0.0476,61,5.9997,0.9996,21,0.9996,14.0007,0,0,0.6667,0,Đắk Nông,NTB,AM Nhung
NTB - Đắk Nông,(DNO) Đức Lập,Hàng Tồn,2026-07-09 - Thứ 5,21,1,0.3333,0,76,6.9993,0,21,0,14.0007,0,0,0.6667,0,Đắk Nông,NTB,AM Nhung
NTB - Đắk Nông,(DNO) Đức Lập,Hàng Tồn,2026-07-15 - Thứ 4,21,0.9524,0.4762,0.0476,65.9,10.0002,0.9996,20.0004,0.9996,10.0002,0.9996,0.0476,0.4762,0,Đắk Nông,NTB,AM Nhung
NTB - Đắk Nông,(DNO) Đức Lập,Hàng Tồn,2026-07-07 - Thứ 3,24,1,0.5,0,70,12,0,24,0,12,0,0,0.5,0,Đắk Nông,NTB,AM Nhung
NTB - Đắk Nông,(DNO) Đức Lập,Hàng Tồn,2026-07-02 - Thứ 5,27,1,0.1852,0.037,93,5.0004,0.999,27,0.999,21.0006,0,0,0.7778,0,Đắk Nông,NTB,AM Nhung
NTB - Đắk Nông,(DNO) Đức Lập,Hàng Tồn,2026-07-10 - Thứ 6,29,1,0.5172,0.0345,74.87,14.9988,1.0005,29,1.0005,13.0007,0,0,0.4483,0,Đắk Nông,NTB,AM Nhung
NTB - Đắk Nông,(DNO) Đức Lập,Hàng Tồn,2026-07-17 - Thứ 6,29,1,0.4138,0.1379,58.58,12.0002,3.9991,29,3.9991,13.0007,0,0,0.4483,0,Đắk Nông,NTB,AM Nhung
NTB - Đắk Nông,(DNO) Đức Lập,Hàng Tồn,2026-07-03 - Thứ 6,30,1,0.4667,0.0667,73.36,14.001,2.001,30,2.001,13.998,0,0,0.4666,0,Đắk Nông,NTB,AM Nhung
NTB - Đắk Nông,(DNO) Đức Lập,Hàng Tồn,2026-06-22 - Thứ 2,30,0.9667,0.4333,0.1333,65.38,12.999,3.999,29.001,3.999,13.002,0.999,0.0333,0.4334,0,Đắk Nông,NTB,AM Nhung
NTB - Đắk Nông,(DNO) Đức Lập,Hàng Tồn,2026-07-06 - Thứ 2,31,1,0.2903,0.0323,62.11,8.9993,1.0013,31,1.0013,20.9994,0,0,0.6774,0,Đắk Nông,NTB,AM Nhung
NTB - Đắk Nông,(DNO) Đức Lập,Hàng Tồn,2026-07-14 - Thứ 3,31,1,0.6129,0.0323,61.63,18.9999,1.0013,31,1.0013,10.9988,0,0,0.3548,0,Đắk Nông,NTB,AM Nhung
NTB - Đắk Nông,(DNO) Đức Lập,Hàng Tồn,2026-07-08 - Thứ 4,31,1,0.4194,0.0968,71.92,13.0014,3.0008,31,3.0008,14.9978,0,0,0.4838,0,Đắk Nông,NTB,AM Nhung
NTB - Đắk Nông,(DNO) Đức Lập,Hàng Tồn,2026-06-25 - Thứ 5,32,1,0.375,0.0938,62,12,3.0016,32,3.0016,16.9984,0,0,0.5312,0,Đắk Nông,NTB,AM Nhung
NTB - Đắk Nông,(DNO) Đức Lập,Hàng Tồn,2026-06-21 - Chủ Nhật,32,0.9688,0.5,0.0313,71,16,1.0016,31.0016,1.0016,14.9984,0.9984,0.0312,0.4687,0,Đắk Nông,NTB,AM Nhung
NTB - Đắk Nông,(DNO) Đức Lập,Hàng Tồn,2026-06-30 - Thứ 3,33,1,0.4848,0.0606,72.25,15.9984,1.9998,33,1.9998,15.0018,0,0,0.4546,0,Đắk Nông,NTB,AM Nhung
NTB - Đắk Nông,(DNO) Đức Lập,Hàng Tồn,2026-07-13 - Thứ 2,33,1,0.5152,0.0303,62.82,17.0016,0.9999,33,0.9999,14.9985,0,0,0.4545,0,Đắk Nông,NTB,AM Nhung
NTB - Đắk Nông,(DNO) Đức Lập,Hàng Tồn,2026-07-04 - Thứ 7,34,1,0.5294,0.0294,55.06,17.9996,0.9996,34,0.9996,15.0008,0,0,0.4412,0,Đắk Nông,NTB,AM Nhung
NTB - Đắk Nông,(DNO) Đức Lập,Hàng Tồn,2026-06-20 - Thứ 7,36,0.9722,0.4444,0.0833,57.25,15.9984,2.9988,34.9992,2.9988,17.0028,1.0008,0.0278,0.4723,0,Đắk Nông,NTB,AM Nhung
NTB - Đắk Nông,(DNO) Đức Lập,Hàng Tồn,2026-06-26 - Thứ 6,37,0.8108,0.3514,0.0811,61.08,13.0018,3.0007,29.9996,3.0007,20.9975,7.0004,0.1892,0.5675,0,Đắk Nông,NTB,AM Nhung
NTB - Đắk Nông,(DNO) Đức Lập,Hàng Tồn,2026-06-24 - Thứ 4,37,0.973,0.4054,0,62.8,14.9998,0,36.001,0,22.0002,0.999,0.027,0.5946,0,Đắk Nông,NTB,AM Nhung
NTB - Đắk Nông,(DNO) Đức Lập,Hàng Tồn,2026-06-28 - Chủ Nhật,37,1,0.4054,0.0541,80.6,14.9998,2.0017,37,2.0017,19.9985,0,0,0.5405,0,Đắk Nông,NTB,AM Nhung
NTB - Đắk Nông,(DNO) Đức Lập,Hàng Tồn,2026-07-12 - Chủ Nhật,37,1,0.4595,0.0811,65.24,17.0015,3.0007,37,3.0007,16.9978,0,0,0.4594,0,Đắk Nông,NTB,AM Nhung
NTB - Đắk Nông,(DNO) Đức Lập,Hàng Tồn,2026-07-11 - Thứ 7,40,1,0.375,0.05,62.4,15,2,40,2,23,0,0,0.575,0,Đắk Nông,NTB,AM Nhung
NTB - Đắk Nông,(DNO) Đức Lập,Hàng Tồn,2026-07-05 - Chủ Nhật,45,1,0.5778,0,48.31,26.001,0,45,0,18.999,0,0,0.4222,0,Đắk Nông,NTB,AM Nhung
NTB - Đắk Nông,(DNO) Đức Lập,Hàng Tồn,2026-06-23 - Thứ 3,49,0.898,0.4694,0.0408,51.96,23.0006,1.9992,44.002,1.9992,24.0002,4.998,0.102,0.4898,0,Đắk Nông,NTB,AM Nhung
NTB - Đắk Nông,(DNO) Đức Lập,Hàng Tồn,2026-06-27 - Thứ 7,57,0.9298,0.5263,0.0351,50.17,29.9991,2.0007,52.9986,2.0007,25.0002,4.0014,0.0702,0.4386,0,Đắk Nông,NTB,AM Nhung
NTB - Đắk Nông,(DNO) Đức An,Hàng Mới Ca 1,2026-07-09 - Thứ 5,52,0.9615,0.7115,0,15.7,36.998,0,49.998,0,15.002,2.002,0.0385,0.2885,52,Đắk Nông,NTB,AM Nhung
NTB - Đắk Nông,(DNO) Đức An,Hàng Mới Ca 1,2026-07-02 - Thứ 5,52,1,0.7885,0.0192,15.54,41.002,0.9984,52,0.9984,9.9996,0,0,0.1923,52,Đắk Nông,NTB,AM Nhung
NTB - Đắk Nông,(DNO) Đức An,Hàng Mới Ca 1,2026-07-10 - Thứ 6,62,1,0.7742,0.0645,17.6,48.0004,3.999,62,3.999,10.0006,0,0,0.1613,62,Đắk Nông,NTB,AM Nhung
NTB - Đắk Nông,(DNO) Đức An,Hàng Mới Ca 1,2026-07-08 - Thứ 4,59,1,0.8136,0,14.46,48.0024,0,59,0,10.9976,0,0,0.1864,59,Đắk Nông,NTB,AM Nhung
NTB - Đắk Nông,(DNO) Đức An,Hàng Mới Ca 1,2026-06-27 - Thứ 7,60,1,0.7833,0.0167,14.43,46.998,1.002,60,1.002,12,0,0,0.2,60,Đắk Nông,NTB,AM Nhung
NTB - Đắk Nông,(DNO) Đức An,Hàng Mới Ca 1,2026-06-25 - Thứ 5,28,1,0.9643,0,13,27.0004,0,28,0,0.9996,0,0,0.0357,28,Đắk Nông,NTB,AM Nhung
NTB - Đắk Nông,(DNO) Đức An,Hàng Mới Ca 1,2026-06-30 - Thứ 3,28,1,0.7857,0,11.68,21.9996,0,28,0,6.0004,0,0,0.2143,28,Đắk Nông,NTB,AM Nhung
NTB - Đắk Nông,(DNO) Đức An,Hàng Mới Ca 1,2026-06-28 - Chủ Nhật,29,1,0.7586,0,15.18,21.9994,0,29,0,7.0006,0,0,0.2414,29,Đắk Nông,NTB,AM Nhung
NTB - Đắk Nông,(DNO) Đức An,Hàng Mới Ca 1,2026-06-22 - Thứ 2,29,1,0.5862,0,16.94,16.9998,0,29,0,12.0002,0,0,0.4138,29,Đắk Nông,NTB,AM Nhung
NTB - Đắk Nông,(DNO) Đức An,Hàng Mới Ca 1,2026-07-06 - Thứ 2,29,1,0.7241,0.0345,14.71,20.9989,1.0005,29,1.0005,7.0006,0,0,0.2414,29,Đắk Nông,NTB,AM Nhung
NTB - Đắk Nông,(DNO) Đức An,Hàng Mới Ca 1,2026-07-01 - Thứ 4,30,0.7667,0.7,0,13.9,21,0,23.001,0,9,6.999,0.2333,0.3,30,Đắk Nông,NTB,AM Nhung
NTB - Đắk Nông,(DNO) Đức An,Hàng Mới Ca 1,2026-07-14 - Thứ 3,30,0.9667,0.8333,0,16.12,24.999,0,29.001,0,5.001,0.999,0.0333,0.1667,30,Đắk Nông,NTB,AM Nhung
NTB - Đắk Nông,(DNO) Đức An,Hàng Mới Ca 1,2026-07-05 - Chủ Nhật,31,0.9677,0.7742,0,14.46,24.0002,0,29.9987,0,6.9998,1.0013,0.0323,0.2258,31,Đắk Nông,NTB,AM Nhung
NTB - Đắk Nông,(DNO) Đức An,Hàng Mới Ca 1,2026-07-07 - Thứ 3,37,1,0.4865,0,13,18.0005,0,37,0,18.9995,0,0,0.5135,37,Đắk Nông,NTB,AM Nhung
NTB - Đắk Nông,(DNO) Đức An,Hàng Mới Ca 1,2026-07-13 - Thứ 2,37,1,0.7838,0,15.03,29.0006,0,37,0,7.9994,0,0,0.2162,37,Đắk Nông,NTB,AM Nhung
NTB - Đắk Nông,(DNO) Đức An,Hàng Mới Ca 1,2026-07-12 - Chủ Nhật,41,1,0.7561,0,16.55,31.0001,0,41,0,9.9999,0,0,0.2439,41,Đắk Nông,NTB,AM Nhung
NTB - Đắk Nông,(DNO) Đức An,Hàng Mới Ca 1,2026-06-26 - Thứ 6,42,1,0.881,0,14.41,37.002,0,42,0,4.998,0,0,0.119,42,Đắk Nông,NTB,AM Nhung
NTB - Đắk Nông,(DNO) Đức An,Hàng Mới Ca 1,2026-07-16 - Thứ 5,42,1,0.7381,0,16.84,31.0002,0,42,0,10.9998,0,0,0.2619,42,Đắk Nông,NTB,AM Nhung
NTB - Đắk Nông,(DNO) Đức An,Hàng Mới Ca 1,2026-07-15 - Thứ 4,43,1,0.8605,0.0233,12.41,37.0015,1.0019,43,1.0019,4.9966,0,0,0.1162,43,Đắk Nông,NTB,AM Nhung
NTB - Đắk Nông,(DNO) Đức An,Hàng Mới Ca 1,2026-07-03 - Thứ 6,44,1,0.7955,0,14.09,35.002,0,44,0,8.998,0,0,0.2045,44,Đắk Nông,NTB,AM Nhung
NTB - Đắk Nông,(DNO) Đức An,Hàng Mới Ca 1,2026-06-20 - Thứ 7,45,1,0.7778,0.0222,12.83,35.001,0.999,45,0.999,9,0,0,0.2,45,Đắk Nông,NTB,AM Nhung
NTB - Đắk Nông,(DNO) Đức An,Hàng Mới Ca 1,2026-07-11 - Thứ 7,47,1,0.8085,0.0213,13.34,37.9995,1.0011,47,1.0011,7.9994,0,0,0.1702,47,Đắk Nông,NTB,AM Nhung
NTB - Đắk Nông,(DNO) Đức An,Hàng Mới Ca 1,2026-06-23 - Thứ 3,48,1,0.75,0.0208,15.42,36,0.9984,48,0.9984,11.0016,0,0,0.2292,48,Đắk Nông,NTB,AM Nhung
NTB - Đắk Nông,(DNO) Đức An,Hàng Mới Ca 1,2026-06-29 - Thứ 2,50,1,0.66,0.04,14.12,33,2,50,2,15,0,0,0.3,50,Đắk Nông,NTB,AM Nhung
NTB - Đắk Nông,(DNO) Đức An,Hàng Mới Ca 1,2026-07-17 - Thứ 6,51,1,0.7843,0.0196,15.78,39.9993,0.9996,51,0.9996,10.0011,0,0,0.1961,51,Đắk Nông,NTB,AM Nhung
NTB - Đắk Nông,(DNO) Đức An,Hàng Mới Ca 1,2026-06-21 - Chủ Nhật,54,1,0.6296,0,16.15,33.9984,0,54,0,20.0016,0,0,0.3704,54,Đắk Nông,NTB,AM Nhung
NTB - Đắk Nông,(DNO) Đức An,Hàng Mới Ca 1,2026-07-04 - Thứ 7,55,0.7818,0.5818,0.0182,15.28,31.999,1.001,42.999,1.001,22,12.001,0.2182,0.4,55,Đắk Nông,NTB,AM Nhung
NTB - Đắk Nông,(DNO) Đức An,Hàng Mới Ca 1,2026-06-24 - Thứ 4,57,1,0.8246,0,13.23,47.0022,0,57,0,9.9978,0,0,0.1754,57,Đắk Nông,NTB,AM Nhung
NTB - Đắk Nông,(DNO) Đức An,Hàng Tồn,2026-06-27 - Thứ 7,6,1,0.3333,0,39.5,1.9998,0,6,0,4.0002,0,0,0.6667,0,Đắk Nông,NTB,AM Nhung
NTB - Đắk Nông,(DNO) Đức An,Hàng Tồn,2026-07-16 - Thứ 5,7,1,0.5714,0,50.5,3.9998,0,7,0,3.0002,0,0,0.4286,0,Đắk Nông,NTB,AM Nhung
NTB - Đắk Nông,(DNO) Đức An,Hàng Tồn,2026-07-15 - Thứ 4,9,1,0.5556,0.1111,54.8,5.0004,0.9999,9,0.9999,2.9997,0,0,0.3333,0,Đắk Nông,NTB,AM Nhung
NTB - Đắk Nông,(DNO) Đức An,Hàng Tồn,2026-06-26 - Thứ 6,9,1,0.2222,0.3333,50,1.9998,2.9997,9,2.9997,4.0005,0,0,0.4445,0,Đắk Nông,NTB,AM Nhung
NTB - Đắk Nông,(DNO) Đức An,Hàng Tồn,2026-07-14 - Thứ 3,10,1,0.5,0.1,36.6,5,1,10,1,4,0,0,0.4,0,Đắk Nông,NTB,AM Nhung
NTB - Đắk Nông,(DNO) Đức An,Hàng Tồn,2026-07-01 - Thứ 4,11,0.9091,0.5455,0.1818,48.33,6.0005,1.9998,10.0001,1.9998,2.9997,0.9999,0.0909,0.2727,0,Đắk Nông,NTB,AM Nhung
NTB - Đắk Nông,(DNO) Đức An,Hàng Tồn,2026-07-13 - Thứ 2,11,1,0.7273,0.0909,46.25,8.0003,0.9999,11,0.9999,1.9998,0,0,0.1818,0,Đắk Nông,NTB,AM Nhung
NTB - Đắk Nông,(DNO) Đức An,Hàng Tồn,2026-07-12 - Chủ Nhật,12,1,0.5833,0.1667,47.71,6.9996,2.0004,12,2.0004,3,0,0,0.25,0,Đắk Nông,NTB,AM Nhung
NTB - Đắk Nông,(DNO) Đức An,Hàng Tồn,2026-07-04 - Thứ 7,12,0.9167,0.4167,0.0833,55.4,5.0004,0.9996,11.0004,0.9996,6,0.9996,0.0833,0.5,0,Đắk Nông,NTB,AM Nhung
NTB - Đắk Nông,(DNO) Đức An,Hàng Tồn,2026-06-29 - Thứ 2,12,1,0.25,0,52.67,3,0,12,0,9,0,0,0.75,0,Đắk Nông,NTB,AM Nhung
NTB - Đắk Nông,(DNO) Đức An,Hàng Tồn,2026-07-02 - Thứ 5,12,1,0.5833,0.0833,40,6.9996,0.9996,12,0.9996,4.0008,0,0,0.3334,0,Đắk Nông,NTB,AM Nhung
NTB - Đắk Nông,(DNO) Đức An,Hàng Tồn,2026-07-03 - Thứ 6,14,1,0.6429,0,41.89,9.0006,0,14,0,4.9994,0,0,0.3571,0,Đắk Nông,NTB,AM Nhung
NTB - Đắk Nông,(DNO) Đức An,Hàng Tồn,2026-06-21 - Chủ Nhật,14,1,0.6429,0.0714,47.78,9.0006,0.9996,14,0.9996,3.9998,0,0,0.2857,0,Đắk Nông,NTB,AM Nhung
NTB - Đắk Nông,(DNO) Đức An,Hàng Tồn,2026-07-17 - Thứ 6,14,1,0.5714,0.0714,36.63,7.9996,0.9996,14,0.9996,5.0008,0,0,0.3572,0,Đắk Nông,NTB,AM Nhung
NTB - Đắk Nông,(DNO) Đức An,Hàng Tồn,2026-07-07 - Thứ 3,14,1,0.2857,0.2143,43,3.9998,3.0002,14,3.0002,7,0,0,0.5,0,Đắk Nông,NTB,AM Nhung
NTB - Đắk Nông,(DNO) Đức An,Hàng Tồn,2026-06-28 - Chủ Nhật,15,1,0.4667,0.1333,42.29,7.0005,1.9995,15,1.9995,6,0,0,0.4,0,Đắk Nông,NTB,AM Nhung
NTB - Đắk Nông,(DNO) Đức An,Hàng Tồn,2026-06-25 - Thứ 5,15,1,0.4,0,42.67,6,0,15,0,9,0,0,0.6,0,Đắk Nông,NTB,AM Nhung
NTB - Đắk Nông,(DNO) Đức An,Hàng Tồn,2026-07-11 - Thứ 7,15,1,0.5333,0,50.63,7.9995,0,15,0,7.0005,0,0,0.4667,0,Đắk Nông,NTB,AM Nhung
NTB - Đắk Nông,(DNO) Đức An,Hàng Tồn,2026-07-06 - Thứ 2,16,1,0.4375,0,43.43,7,0,16,0,9,0,0,0.5625,0,Đắk Nông,NTB,AM Nhung
NTB - Đắk Nông,(DNO) Đức An,Hàng Tồn,2026-07-09 - Thứ 5,18,0.9444,0.7778,0,50.86,14.0004,0,16.9992,0,3.9996,1.0008,0.0556,0.2222,0,Đắk Nông,NTB,AM Nhung
NTB - Đắk Nông,(DNO) Đức An,Hàng Tồn,2026-07-10 - Thứ 6,19,0.9474,0.6842,0.0526,41.85,12.9998,0.9994,18.0006,0.9994,5.0008,0.9994,0.0526,0.2632,0,Đắk Nông,NTB,AM Nhung
NTB - Đắk Nông,(DNO) Đức An,Hàng Tồn,2026-06-30 - Thứ 3,20,1,0.65,0.05,46.77,13,1,20,1,6,0,0,0.3,0,Đắk Nông,NTB,AM Nhung
NTB - Đắk Nông,(DNO) Đức An,Hàng Tồn,2026-06-24 - Thứ 4,21,1,0.6667,0.0476,54.71,14.0007,0.9996,21,0.9996,5.9997,0,0,0.2857,0,Đắk Nông,NTB,AM Nhung
NTB - Đắk Nông,(DNO) Đức An,Hàng Tồn,2026-06-20 - Thứ 7,21,1,0.7143,0,53.13,15.0003,0,21,0,5.9997,0,0,0.2857,0,Đắk Nông,NTB,AM Nhung
NTB - Đắk Nông,(DNO) Đức An,Hàng Tồn,2026-06-22 - Thứ 2,22,1,0.5,0,42.82,11,0,22,0,11,0,0,0.5,0,Đắk Nông,NTB,AM Nhung
NTB - Đắk Nông,(DNO) Đức An,Hàng Tồn,2026-06-23 - Thứ 3,23,1,0.3478,0.087,45.5,7.9994,2.001,23,2.001,12.9996,0,0,0.5652,0,Đắk Nông,NTB,AM Nhung
NTB - Đắk Nông,(DNO) Đức An,Hàng Tồn,2026-07-08 - Thứ 4,25,1,0.52,0.12,53.15,13,3,25,3,9,0,0,0.36,0,Đắk Nông,NTB,AM Nhung
NTB - Đắk Nông,(DNO) Đức An,Hàng Tồn,2026-07-05 - Chủ Nhật,28,0.9643,0.6071,0.0357,42.94,16.9988,0.9996,27.0004,0.9996,10.0016,0.9996,0.0357,0.3572,0,Đắk Nông,NTB,AM Nhung
NTB - Đắk Nông,(DNO) Đông Gia Nghĩa,Hàng Mới Ca 1,2026-07-01 - Thứ 4,15,1,0.6,0,19.67,9,0,15,0,6,0,0,0.4,15,Đắk Nông,NTB,AM Phước
NTB - Đắk Nông,(DNO) Đông Gia Nghĩa,Hàng Mới Ca 1,2026-07-13 - Thứ 2,15,0.9333,0.6667,0,23.3,10.0005,0,13.9995,0,4.9995,1.0005,0.0667,0.3333,15,Đắk Nông,NTB,AM Phước
NTB - Đắk Nông,(DNO) Đông Gia Nghĩa,Hàng Mới Ca 1,2026-06-30 - Thứ 3,16,1,0.5625,0,14.78,9,0,16,0,7,0,0,0.4375,16,Đắk Nông,NTB,AM Phước
NTB - Đắk Nông,(DNO) Đông Gia Nghĩa,Hàng Mới Ca 1,2026-07-04 - Thứ 7,18,0.8889,0.5,0.0556,18,9,1.0008,16.0002,1.0008,7.9992,1.9998,0.1111,0.4444,18,Đắk Nông,NTB,AM Phước
NTB - Đắk Nông,(DNO) Đông Gia Nghĩa,Hàng Mới Ca 1,2026-07-05 - Chủ Nhật,20,0.95,0.9,0,18.89,18,0,19,0,2,1,0.05,0.1,20,Đắk Nông,NTB,AM Phước
NTB - Đắk Nông,(DNO) Đông Gia Nghĩa,Hàng Mới Ca 1,2026-07-06 - Thứ 2,21,0.4762,0.2857,0,18.17,5.9997,0,10.0002,0,15.0003,10.9998,0.5238,0.7143,21,Đắk Nông,NTB,AM Phước
NTB - Đắk Nông,(DNO) Đông Gia Nghĩa,Hàng Mới Ca 1,2026-06-27 - Thứ 7,22,1,0.6818,0,21.2,14.9996,0,22,0,7.0004,0,0,0.3182,22,Đắk Nông,NTB,AM Phước
NTB - Đắk Nông,(DNO) Đông Gia Nghĩa,Hàng Mới Ca 1,2026-07-07 - Thứ 3,23,1,0.4348,0,16.4,10.0004,0,23,0,12.9996,0,0,0.5652,23,Đắk Nông,NTB,AM Phước
NTB - Đắk Nông,(DNO) Đông Gia Nghĩa,Hàng Mới Ca 1,2026-07-15 - Thứ 4,23,1,0.5217,0.0435,15.17,11.9991,1.0005,23,1.0005,10.0004,0,0,0.4348,23,Đắk Nông,NTB,AM Phước
NTB - Đắk Nông,(DNO) Đông Gia Nghĩa,Hàng Mới Ca 1,2026-06-25 - Thứ 5,25,0.88,0.68,0,15.18,17,0,22,0,8,3,0.12,0.32,25,Đắk Nông,NTB,AM Phước
NTB - Đắk Nông,(DNO) Đông Gia Nghĩa,Hàng Mới Ca 1,2026-07-08 - Thứ 4,27,0.9259,0.4444,0.0741,17.75,11.9988,2.0007,24.9993,2.0007,13.0005,2.0007,0.0741,0.4815,27,Đắk Nông,NTB,AM Phước
NTB - Đắk Nông,(DNO) Đông Gia Nghĩa,Hàng Mới Ca 1,2026-06-21 - Chủ Nhật,28,1,0.7143,0,19.55,20.0004,0,28,0,7.9996,0,0,0.2857,28,Đắk Nông,NTB,AM Phước
NTB - Đắk Nông,(DNO) Đông Gia Nghĩa,Hàng Mới Ca 1,2026-07-16 - Thứ 5,28,1,0.3929,0,15.18,11.0012,0,28,0,16.9988,0,0,0.6071,28,Đắk Nông,NTB,AM Phước
NTB - Đắk Nông,(DNO) Đông Gia Nghĩa,Hàng Mới Ca 1,2026-07-14 - Thứ 3,29,0.7586,0.3793,0,17.09,10.9997,0,21.9994,0,18.0003,7.0006,0.2414,0.6207,29,Đắk Nông,NTB,AM Phước
NTB - Đắk Nông,(DNO) Đông Gia Nghĩa,Hàng Mới Ca 1,2026-07-02 - Thứ 5,31,0.9355,0.2581,0.0323,20.63,8.0011,1.0013,29.0005,1.0013,21.9976,1.9995,0.0645,0.7096,31,Đắk Nông,NTB,AM Phước
NTB - Đắk Nông,(DNO) Đông Gia Nghĩa,Hàng Mới Ca 1,2026-07-11 - Thứ 7,32,1,0.7813,0,19.24,25.0016,0,32,0,6.9984,0,0,0.2187,32,Đắk Nông,NTB,AM Phước
NTB - Đắk Nông,(DNO) Đông Gia Nghĩa,Hàng Mới Ca 1,2026-06-28 - Chủ Nhật,32,0.9688,0.6875,0,19.09,22,0,31.0016,0,10,0.9984,0.0312,0.3125,32,Đắk Nông,NTB,AM Phước
NTB - Đắk Nông,(DNO) Đông Gia Nghĩa,Hàng Mới Ca 1,2026-06-20 - Thứ 7,32,1,0.625,0,17.15,20,0,32,0,12,0,0,0.375,32,Đắk Nông,NTB,AM Phước
NTB - Đắk Nông,(DNO) Đông Gia Nghĩa,Hàng Mới Ca 1,2026-07-17 - Thứ 6,33,0.9394,0.5758,0,20.05,19.0014,0,31.0002,0,13.9986,1.9998,0.0606,0.4242,33,Đắk Nông,NTB,AM Phước
NTB - Đắk Nông,(DNO) Đông Gia Nghĩa,Hàng Mới Ca 1,2026-06-23 - Thứ 3,33,1,0.6667,0,19.45,22.0011,0,33,0,10.9989,0,0,0.3333,33,Đắk Nông,NTB,AM Phước
NTB - Đắk Nông,(DNO) Đông Gia Nghĩa,Hàng Mới Ca 1,2026-06-22 - Thứ 2,33,0.9394,0.4242,0,18.14,13.9986,0,31.0002,0,19.0014,1.9998,0.0606,0.5758,33,Đắk Nông,NTB,AM Phước
NTB - Đắk Nông,(DNO) Đông Gia Nghĩa,Hàng Mới Ca 1,2026-07-03 - Thứ 6,34,1,0.3824,0,18,13.0016,0,34,0,20.9984,0,0,0.6176,34,Đắk Nông,NTB,AM Phước
NTB - Đắk Nông,(DNO) Đông Gia Nghĩa,Hàng Mới Ca 1,2026-06-26 - Thứ 6,34,0.8529,0.3824,0,19.08,13.0016,0,28.9986,0,20.9984,5.0014,0.1471,0.6176,34,Đắk Nông,NTB,AM Phước
NTB - Đắk Nông,(DNO) Đông Gia Nghĩa,Hàng Mới Ca 1,2026-06-29 - Thứ 2,35,1,0.6571,0.0857,16.35,22.9985,2.9995,35,2.9995,9.002,0,0,0.2572,35,Đắk Nông,NTB,AM Phước
NTB - Đắk Nông,(DNO) Đông Gia Nghĩa,Hàng Mới Ca 1,2026-07-09 - Thứ 5,36,1,0.7222,0,16.46,25.9992,0,36,0,10.0008,0,0,0.2778,36,Đắk Nông,NTB,AM Phước
NTB - Đắk Nông,(DNO) Đông Gia Nghĩa,Hàng Mới Ca 1,2026-07-12 - Chủ Nhật,36,0.9722,0.3056,0,19.64,11.0016,0,34.9992,0,24.9984,1.0008,0.0278,0.6944,36,Đắk Nông,NTB,AM Phước
NTB - Đắk Nông,(DNO) Đông Gia Nghĩa,Hàng Mới Ca 1,2026-06-24 - Thứ 4,43,1,0.7442,0,15.56,32.0006,0,43,0,10.9994,0,0,0.2558,43,Đắk Nông,NTB,AM Phước
NTB - Đắk Nông,(DNO) Đông Gia Nghĩa,Hàng Mới Ca 1,2026-07-10 - Thứ 6,45,0.9556,0.6444,0,17.9,28.998,0,43.002,0,16.002,1.998,0.0444,0.3556,45,Đắk Nông,NTB,AM Phước
NTB - Đắk Nông,(DNO) Đông Gia Nghĩa,Hàng Tồn,2026-07-06 - Thứ 2,11,0.9091,0.6364,0,72.29,7.0004,0,10.0001,0,3.9996,0.9999,0.0909,0.3636,0,Đắk Nông,NTB,AM Phước
NTB - Đắk Nông,(DNO) Đông Gia Nghĩa,Hàng Tồn,2026-07-14 - Thứ 3,12,0.75,0.3333,0.0833,76,3.9996,0.9996,9,0.9996,7.0008,3,0.25,0.5834,0,Đắk Nông,NTB,AM Phước
NTB - Đắk Nông,(DNO) Đông Gia Nghĩa,Hàng Tồn,2026-07-01 - Thứ 4,13,1,0.4615,0,67.33,5.9995,0,13,0,7.0005,0,0,0.5385,0,Đắk Nông,NTB,AM Phước
NTB - Đắk Nông,(DNO) Đông Gia Nghĩa,Hàng Tồn,2026-07-02 - Thứ 5,15,1,0.4667,0.0667,69.29,7.0005,1.0005,15,1.0005,6.999,0,0,0.4666,0,Đắk Nông,NTB,AM Phước
NTB - Đắk Nông,(DNO) Đông Gia Nghĩa,Hàng Tồn,2026-06-28 - Chủ Nhật,15,1,0.5333,0.0667,57,7.9995,1.0005,15,1.0005,6,0,0,0.4,0,Đắk Nông,NTB,AM Phước
NTB - Đắk Nông,(DNO) Đông Gia Nghĩa,Hàng Tồn,2026-06-29 - Thứ 2,15,0.7333,0.4,0,55.5,6,0,10.9995,0,9,4.0005,0.2667,0.6,0,Đắk Nông,NTB,AM Phước
NTB - Đắk Nông,(DNO) Đông Gia Nghĩa,Hàng Tồn,2026-06-30 - Thứ 3,16,1,0.5625,0,63.11,9,0,16,0,7,0,0,0.4375,0,Đắk Nông,NTB,AM Phước
NTB - Đắk Nông,(DNO) Đông Gia Nghĩa,Hàng Tồn,2026-06-26 - Thứ 6,18,0.9444,0.5,0.0556,84.22,9,1.0008,16.9992,1.0008,7.9992,1.0008,0.0556,0.4444,0,Đắk Nông,NTB,AM Phước
NTB - Đắk Nông,(DNO) Đông Gia Nghĩa,Hàng Tồn,2026-07-12 - Chủ Nhật,18,0.7778,0.1111,0.3333,56.5,1.9998,5.9994,14.0004,5.9994,10.0008,3.9996,0.2222,0.5556,0,Đắk Nông,NTB,AM Phước
NTB - Đắk Nông,(DNO) Đông Gia Nghĩa,Hàng Tồn,2026-07-08 - Thứ 4,18,1,0.5556,0,50.9,10.0008,0,18,0,7.9992,0,0,0.4444,0,Đắk Nông,NTB,AM Phước
NTB - Đắk Nông,(DNO) Đông Gia Nghĩa,Hàng Tồn,2026-07-07 - Thứ 3,19,0.9474,0.6842,0.0526,56.08,12.9998,0.9994,18.0006,0.9994,5.0008,0.9994,0.0526,0.2632,0,Đắk Nông,NTB,AM Phước
NTB - Đắk Nông,(DNO) Đông Gia Nghĩa,Hàng Tồn,2026-06-22 - Thứ 2,19,0.8421,0.5263,0.0526,65.9,9.9997,0.9994,15.9999,0.9994,8.0009,3.0001,0.1579,0.4211,0,Đắk Nông,NTB,AM Phước
NTB - Đắk Nông,(DNO) Đông Gia Nghĩa,Hàng Tồn,2026-07-15 - Thứ 4,20,1,0.55,0,86,11,0,20,0,9,0,0,0.45,0,Đắk Nông,NTB,AM Phước
NTB - Đắk Nông,(DNO) Đông Gia Nghĩa,Hàng Tồn,2026-07-05 - Chủ Nhật,21,0.8571,0.4762,0.0476,65.1,10.0002,0.9996,17.9991,0.9996,10.0002,3.0009,0.1429,0.4762,0,Đắk Nông,NTB,AM Phước
NTB - Đắk Nông,(DNO) Đông Gia Nghĩa,Hàng Tồn,2026-07-09 - Thứ 5,21,1,0.4286,0,56.44,9.0006,0,21,0,11.9994,0,0,0.5714,0,Đắk Nông,NTB,AM Phước
NTB - Đắk Nông,(DNO) Đông Gia Nghĩa,Hàng Tồn,2026-07-10 - Thứ 6,21,0.7619,0.4286,0.0952,66.33,9.0006,1.9992,15.9999,1.9992,10.0002,5.0001,0.2381,0.4762,0,Đắk Nông,NTB,AM Phước
NTB - Đắk Nông,(DNO) Đông Gia Nghĩa,Hàng Tồn,2026-06-20 - Thứ 7,21,0.8095,0.4286,0.0476,50.78,9.0006,0.9996,16.9995,0.9996,10.9998,4.0005,0.1905,0.5238,0,Đắk Nông,NTB,AM Phước
NTB - Đắk Nông,(DNO) Đông Gia Nghĩa,Hàng Tồn,2026-06-21 - Chủ Nhật,22,0.9091,0.4091,0.0455,48.78,9.0002,1.001,20.0002,1.001,11.9988,1.9998,0.0909,0.5454,0,Đắk Nông,NTB,AM Phước
NTB - Đắk Nông,(DNO) Đông Gia Nghĩa,Hàng Tồn,2026-07-11 - Thứ 7,22,0.8182,0.5,0,48.64,11,0,18.0004,0,11,3.9996,0.1818,0.5,0,Đắk Nông,NTB,AM Phước
NTB - Đắk Nông,(DNO) Đông Gia Nghĩa,Hàng Tồn,2026-06-25 - Thứ 5,22,0.9545,0.5,0,58,11,0,20.999,0,11,1.001,0.0455,0.5,0,Đắk Nông,NTB,AM Phước
NTB - Đắk Nông,(DNO) Đông Gia Nghĩa,Hàng Tồn,2026-06-24 - Thứ 4,22,0.9545,0.4545,0.0909,58.6,9.999,1.9998,20.999,1.9998,10.0012,1.001,0.0455,0.4546,0,Đắk Nông,NTB,AM Phước
NTB - Đắk Nông,(DNO) Đông Gia Nghĩa,Hàng Tồn,2026-07-16 - Thứ 5,23,1,0.3043,0,54.29,6.9989,0,23,0,16.0011,0,0,0.6957,0,Đắk Nông,NTB,AM Phước
NTB - Đắk Nông,(DNO) Đông Gia Nghĩa,Hàng Tồn,2026-06-27 - Thứ 7,24,1,0.6667,0,56.25,16.0008,0,24,0,7.9992,0,0,0.3333,0,Đắk Nông,NTB,AM Phước
NTB - Đắk Nông,(DNO) Đông Gia Nghĩa,Hàng Tồn,2026-06-23 - Thứ 3,25,0.96,0.52,0.04,77.77,13,1,24,1,11,1,0.04,0.44,0,Đắk Nông,NTB,AM Phước
NTB - Đắk Nông,(DNO) Đông Gia Nghĩa,Hàng Tồn,2026-07-03 - Thứ 6,29,1,0.3793,0.069,52.18,10.9997,2.001,29,2.001,15.9993,0,0,0.5517,0,Đắk Nông,NTB,AM Phước
NTB - Đắk Nông,(DNO) Đông Gia Nghĩa,Hàng Tồn,2026-07-17 - Thứ 6,33,1,0.8485,0.0303,66.89,28.0005,0.9999,33,0.9999,3.9996,0,0,0.1212,0,Đắk Nông,NTB,AM Phước
NTB - Đắk Nông,(DNO) Đông Gia Nghĩa,Hàng Tồn,2026-07-13 - Thứ 2,36,0.8889,0.75,0.0278,50.78,27,1.0008,32.0004,1.0008,7.9992,3.9996,0.1111,0.2222,0,Đắk Nông,NTB,AM Phước
NTB - Đắk Nông,(DNO) Đông Gia Nghĩa,Hàng Tồn,2026-07-04 - Thứ 7,37,1,0.5676,0.027,54.76,21.0012,0.999,37,0.999,14.9998,0,0,0.4054,0,Đắk Nông,NTB,AM Phước
NTB - Đắk Nông,(DNO) Tuy Đức,Hàng Mới Ca 1,2026-06-24 - Thứ 4,16,1,0.8125,0.0625,13.54,13,1,16,1,2,0,0,0.125,16,Đắk Nông,NTB,AM Nhung
NTB - Đắk Nông,(DNO) Tuy Đức,Hàng Mới Ca 1,2026-06-30 - Thứ 3,17,1,0.7059,0,11.75,12.0003,0,17,0,4.9997,0,0,0.2941,17,Đắk Nông,NTB,AM Nhung
NTB - Đắk Nông,(DNO) Tuy Đức,Hàng Mới Ca 1,2026-07-07 - Thứ 3,20,0.95,0.65,0.05,11.85,13,1,19,1,6,1,0.05,0.3,20,Đắk Nông,NTB,AM Nhung
NTB - Đắk Nông,(DNO) Tuy Đức,Hàng Mới Ca 1,2026-06-25 - Thứ 5,21,0.9048,0.9048,0,12.21,19.0008,0,19.0008,0,1.9992,1.9992,0.0952,0.0952,21,Đắk Nông,NTB,AM Nhung
NTB - Đắk Nông,(DNO) Tuy Đức,Hàng Mới Ca 1,2026-07-01 - Thứ 4,23,0.9565,0.913,0,9.19,20.999,0,21.9995,0,2.001,1.0005,0.0435,0.087,23,Đắk Nông,NTB,AM Nhung
NTB - Đắk Nông,(DNO) Tuy Đức,Hàng Mới Ca 1,2026-07-12 - Chủ Nhật,25,1,0.68,0.04,16.35,17,1,25,1,7,0,0,0.28,25,Đắk Nông,NTB,AM Nhung
NTB - Đắk Nông,(DNO) Tuy Đức,Hàng Mới Ca 1,2026-06-22 - Thứ 2,25,1,0.64,0,6.63,16,0,25,0,9,0,0,0.36,25,Đắk Nông,NTB,AM Nhung
NTB - Đắk Nông,(DNO) Tuy Đức,Hàng Mới Ca 1,2026-07-15 - Thứ 4,26,0.9615,0.7308,0,11.74,19.0008,0,24.999,0,6.9992,1.001,0.0385,0.2692,26,Đắk Nông,NTB,AM Nhung
NTB - Đắk Nông,(DNO) Tuy Đức,Hàng Mới Ca 1,2026-06-26 - Thứ 6,26,1,0.7692,0,8.8,19.9992,0,26,0,6.0008,0,0,0.2308,26,Đắk Nông,NTB,AM Nhung
NTB - Đắk Nông,(DNO) Tuy Đức,Hàng Mới Ca 1,2026-07-14 - Thứ 3,26,0.9231,0.5385,0.0385,15.21,14.001,1.001,24.0006,1.001,10.998,1.9994,0.0769,0.423,26,Đắk Nông,NTB,AM Nhung
NTB - Đắk Nông,(DNO) Tuy Đức,Hàng Mới Ca 1,2026-07-06 - Thứ 2,26,1,0.7692,0,14.15,19.9992,0,26,0,6.0008,0,0,0.2308,26,Đắk Nông,NTB,AM Nhung
NTB - Đắk Nông,(DNO) Tuy Đức,Hàng Mới Ca 1,2026-07-17 - Thứ 6,27,0.9259,0.5926,0.037,13.31,16.0002,0.999,24.9993,0.999,10.0008,2.0007,0.0741,0.3704,27,Đắk Nông,NTB,AM Nhung
NTB - Đắk Nông,(DNO) Tuy Đức,Hàng Mới Ca 1,2026-07-04 - Thứ 7,29,1,0.6552,0.0345,8.32,19.0008,1.0005,29,1.0005,8.9987,0,0,0.3103,29,Đắk Nông,NTB,AM Nhung
NTB - Đắk Nông,(DNO) Tuy Đức,Hàng Mới Ca 1,2026-06-23 - Thứ 3,30,1,0.8667,0,12.73,26.001,0,30,0,3.999,0,0,0.1333,30,Đắk Nông,NTB,AM Nhung
NTB - Đắk Nông,(DNO) Tuy Đức,Hàng Mới Ca 1,2026-06-21 - Chủ Nhật,30,1,0.8667,0.0333,8.54,26.001,0.999,30,0.999,3,0,0,0.1,30,Đắk Nông,NTB,AM Nhung
NTB - Đắk Nông,(DNO) Tuy Đức,Hàng Mới Ca 1,2026-07-03 - Thứ 6,31,1,0.8065,0,10.24,25.0015,0,31,0,5.9985,0,0,0.1935,31,Đắk Nông,NTB,AM Nhung
NTB - Đắk Nông,(DNO) Tuy Đức,Hàng Mới Ca 1,2026-07-16 - Thứ 5,31,1,0.6129,0,15.63,18.9999,0,31,0,12.0001,0,0,0.3871,31,Đắk Nông,NTB,AM Nhung
NTB - Đắk Nông,(DNO) Tuy Đức,Hàng Mới Ca 1,2026-07-11 - Thứ 7,33,1,0.7879,0.0303,11,26.0007,0.9999,33,0.9999,5.9994,0,0,0.1818,33,Đắk Nông,NTB,AM Nhung
NTB - Đắk Nông,(DNO) Tuy Đức,Hàng Mới Ca 1,2026-07-08 - Thứ 4,34,0.9706,0.7647,0.0588,12.96,25.9998,1.9992,33.0004,1.9992,6.001,0.9996,0.0294,0.1765,34,Đắk Nông,NTB,AM Nhung
NTB - Đắk Nông,(DNO) Tuy Đức,Hàng Mới Ca 1,2026-06-20 - Thứ 7,35,1,0.6857,0.0286,11.92,23.9995,1.001,35,1.001,9.9995,0,0,0.2857,35,Đắk Nông,NTB,AM Nhung
NTB - Đắk Nông,(DNO) Tuy Đức,Hàng Mới Ca 1,2026-07-02 - Thứ 5,37,0.9459,0.7297,0.027,11.44,26.9989,0.999,34.9983,0.999,9.0021,2.0017,0.0541,0.2433,37,Đắk Nông,NTB,AM Nhung
NTB - Đắk Nông,(DNO) Tuy Đức,Hàng Mới Ca 1,2026-07-13 - Thứ 2,39,1,0.7436,0,12.41,29.0004,0,39,0,9.9996,0,0,0.2564,39,Đắk Nông,NTB,AM Nhung
NTB - Đắk Nông,(DNO) Tuy Đức,Hàng Mới Ca 1,2026-06-29 - Thứ 2,39,1,0.8205,0,8.97,31.9995,0,39,0,7.0005,0,0,0.1795,39,Đắk Nông,NTB,AM Nhung
NTB - Đắk Nông,(DNO) Tuy Đức,Hàng Mới Ca 1,2026-06-28 - Chủ Nhật,40,1,0.875,0,11.69,35,0,40,0,5,0,0,0.125,40,Đắk Nông,NTB,AM Nhung
NTB - Đắk Nông,(DNO) Tuy Đức,Hàng Mới Ca 1,2026-07-09 - Thứ 5,40,1,0.75,0.025,12.33,30,1,40,1,9,0,0,0.225,40,Đắk Nông,NTB,AM Nhung
NTB - Đắk Nông,(DNO) Tuy Đức,Hàng Mới Ca 1,2026-07-05 - Chủ Nhật,41,1,0.7317,0.0244,10.17,29.9997,1.0004,41,1.0004,9.9999,0,0,0.2439,41,Đắk Nông,NTB,AM Nhung
NTB - Đắk Nông,(DNO) Tuy Đức,Hàng Mới Ca 1,2026-06-27 - Thứ 7,41,0.9756,0.8537,0.0244,8,35.0017,1.0004,39.9996,1.0004,4.9979,1.0004,0.0244,0.1219,41,Đắk Nông,NTB,AM Nhung
NTB - Đắk Nông,(DNO) Tuy Đức,Hàng Mới Ca 1,2026-07-10 - Thứ 6,44,0.9545,0.8636,0.0227,13.16,37.9984,0.9988,41.998,0.9988,5.0028,2.002,0.0455,0.1137,44,Đắk Nông,NTB,AM Nhung
NTB - Đắk Nông,(DNO) Tuy Đức,Hàng Tồn,2026-06-25 - Thứ 5,2,1,0,0,0,0,0,2,0,2,0,0,1,0,Đắk Nông,NTB,AM Nhung
NTB - Đắk Nông,(DNO) Tuy Đức,Hàng Tồn,2026-06-20 - Thứ 7,3,1,0.3333,0.3333,58,0.9999,0.9999,3,0.9999,1.0002,0,0,0.3334,0,Đắk Nông,NTB,AM Nhung
NTB - Đắk Nông,(DNO) Tuy Đức,Hàng Tồn,2026-06-26 - Thứ 6,4,1,0,0,0,0,0,4,0,4,0,0,1,0,Đắk Nông,NTB,AM Nhung
NTB - Đắk Nông,(DNO) Tuy Đức,Hàng Tồn,2026-06-22 - Thứ 2,6,1,0.6667,0,61.75,4.0002,0,6,0,1.9998,0,0,0.3333,0,Đắk Nông,NTB,AM Nhung
NTB - Đắk Nông,(DNO) Tuy Đức,Hàng Tồn,2026-06-24 - Thứ 4,6,1,0.8333,0,39.8,4.9998,0,6,0,1.0002,0,0,0.1667,0,Đắk Nông,NTB,AM Nhung
NTB - Đắk Nông,(DNO) Tuy Đức,Hàng Tồn,2026-07-01 - Thứ 4,7,0.5714,0.1429,0,58,1.0003,0,3.9998,0,5.9997,3.0002,0.4286,0.8571,0,Đắk Nông,NTB,AM Nhung
NTB - Đắk Nông,(DNO) Tuy Đức,Hàng Tồn,2026-07-02 - Thứ 5,7,1,0.8571,0,53.17,5.9997,0,7,0,1.0003,0,0,0.1429,0,Đắk Nông,NTB,AM Nhung
NTB - Đắk Nông,(DNO) Tuy Đức,Hàng Tồn,2026-06-29 - Thứ 2,8,0.875,0.625,0.125,47.8,5,1,7,1,2,1,0.125,0.25,0,Đắk Nông,NTB,AM Nhung
NTB - Đắk Nông,(DNO) Tuy Đức,Hàng Tồn,2026-07-09 - Thứ 5,9,1,0.6667,0.1111,41.17,6.0003,0.9999,9,0.9999,1.9998,0,0,0.2222,0,Đắk Nông,NTB,AM Nhung
NTB - Đắk Nông,(DNO) Tuy Đức,Hàng Tồn,2026-07-08 - Thứ 4,9,0.7778,0.5556,0.1111,37.6,5.0004,0.9999,7.0002,0.9999,2.9997,1.9998,0.2222,0.3333,0,Đắk Nông,NTB,AM Nhung
NTB - Đắk Nông,(DNO) Tuy Đức,Hàng Tồn,2026-07-04 - Thứ 7,9,1,0.5556,0,38,5.0004,0,9,0,3.9996,0,0,0.4444,0,Đắk Nông,NTB,AM Nhung
NTB - Đắk Nông,(DNO) Tuy Đức,Hàng Tồn,2026-07-03 - Thứ 6,10,1,0.7,0,46.43,7,0,10,0,3,0,0,0.3,0,Đắk Nông,NTB,AM Nhung
NTB - Đắk Nông,(DNO) Tuy Đức,Hàng Tồn,2026-06-23 - Thứ 3,10,1,0.9,0,42.33,9,0,10,0,1,0,0,0.1,0,Đắk Nông,NTB,AM Nhung
NTB - Đắk Nông,(DNO) Tuy Đức,Hàng Tồn,2026-07-10 - Thứ 6,10,1,0.3,0,36,3,0,10,0,7,0,0,0.7,0,Đắk Nông,NTB,AM Nhung
NTB - Đắk Nông,(DNO) Tuy Đức,Hàng Tồn,2026-06-28 - Chủ Nhật,10,1,0.4,0.2,42.25,4,2,10,2,4,0,0,0.4,0,Đắk Nông,NTB,AM Nhung
NTB - Đắk Nông,(DNO) Tuy Đức,Hàng Tồn,2026-06-30 - Thứ 3,10,1,0.7,0,59.43,7,0,10,0,3,0,0,0.3,0,Đắk Nông,NTB,AM Nhung
NTB - Đắk Nông,(DNO) Tuy Đức,Hàng Tồn,2026-06-27 - Thứ 7,10,0.9,0.5,0,33.2,5,0,9,0,5,1,0.1,0.5,0,Đắk Nông,NTB,AM Nhung
NTB - Đắk Nông,(DNO) Tuy Đức,Hàng Tồn,2026-07-11 - Thứ 7,10,1,0.5,0,49.2,5,0,10,0,5,0,0,0.5,0,Đắk Nông,NTB,AM Nhung
NTB - Đắk Nông,(DNO) Tuy Đức,Hàng Tồn,2026-07-13 - Thứ 2,10,1,0.4,0.1,47.75,4,1,10,1,5,0,0,0.5,0,Đắk Nông,NTB,AM Nhung
NTB - Đắk Nông,(DNO) Tuy Đức,Hàng Tồn,2026-07-12 - Chủ Nhật,10,1,0.6,0,45.67,6,0,10,0,4,0,0,0.4,0,Đắk Nông,NTB,AM Nhung
NTB - Đắk Nông,(DNO) Tuy Đức,Hàng Tồn,2026-06-21 - Chủ Nhật,11,0.9091,0.7273,0,42.25,8.0003,0,10.0001,0,2.9997,0.9999,0.0909,0.2727,0,Đắk Nông,NTB,AM Nhung
NTB - Đắk Nông,(DNO) Tuy Đức,Hàng Tồn,2026-07-05 - Chủ Nhật,12,1,0.5833,0,43.71,6.9996,0,12,0,5.0004,0,0,0.4167,0,Đắk Nông,NTB,AM Nhung
NTB - Đắk Nông,(DNO) Tuy Đức,Hàng Tồn,2026-07-07 - Thứ 3,12,1,0.75,0.0833,47.89,9,0.9996,12,0.9996,2.0004,0,0,0.1667,0,Đắk Nông,NTB,AM Nhung
NTB - Đắk Nông,(DNO) Tuy Đức,Hàng Tồn,2026-07-14 - Thứ 3,13,0.7692,0.6923,0,51.78,8.9999,0,9.9996,0,4.0001,3.0004,0.2308,0.3077,0,Đắk Nông,NTB,AM Nhung
NTB - Đắk Nông,(DNO) Tuy Đức,Hàng Tồn,2026-07-16 - Thứ 5,13,1,0.5385,0.0769,66.57,7.0005,0.9997,13,0.9997,4.9998,0,0,0.3846,0,Đắk Nông,NTB,AM Nhung
NTB - Đắk Nông,(DNO) Tuy Đức,Hàng Tồn,2026-07-06 - Thứ 2,15,1,0.4667,0,42.86,7.0005,0,15,0,7.9995,0,0,0.5333,0,Đắk Nông,NTB,AM Nhung
NTB - Đắk Nông,(DNO) Tuy Đức,Hàng Tồn,2026-07-15 - Thứ 4,16,0.9375,0.5625,0,47.44,9,0,15,0,7,1,0.0625,0.4375,0,Đắk Nông,NTB,AM Nhung
NTB - Đắk Nông,(DNO) Tuy Đức,Hàng Tồn,2026-07-17 - Thứ 6,16,0.875,0.5625,0.1875,40.33,9,3,14,3,4,2,0.125,0.25,0,Đắk Nông,NTB,AM Nhung
NTB - Đắk Nông,(DNO) Trường Xuân,Hàng Mới Ca 1,2026-07-06 - Thứ 2,18,1,0.7222,0.1111,6.62,12.9996,1.9998,18,1.9998,3.0006,0,0,0.1667,18,Đắk Nông,NTB,AM Nhung
NTB - Đắk Nông,(DNO) Trường Xuân,Hàng Mới Ca 1,2026-06-30 - Thứ 3,18,1,0.2778,0,6.4,5.0004,0,18,0,12.9996,0,0,0.7222,18,Đắk Nông,NTB,AM Nhung
NTB - Đắk Nông,(DNO) Trường Xuân,Hàng Mới Ca 1,2026-07-16 - Thứ 5,20,0.9,0.7,0.05,8.21,14,1,18,1,5,2,0.1,0.25,20,Đắk Nông,NTB,AM Nhung
NTB - Đắk Nông,(DNO) Trường Xuân,Hàng Mới Ca 1,2026-07-14 - Thứ 3,21,1,0.4286,0.0952,8.89,9.0006,1.9992,21,1.9992,10.0002,0,0,0.4762,21,Đắk Nông,NTB,AM Nhung
NTB - Đắk Nông,(DNO) Trường Xuân,Hàng Mới Ca 1,2026-07-01 - Thứ 4,24,1,0.4167,0,9.3,10.0008,0,24,0,13.9992,0,0,0.5833,24,Đắk Nông,NTB,AM Nhung
NTB - Đắk Nông,(DNO) Trường Xuân,Hàng Mới Ca 1,2026-06-22 - Thứ 2,24,0.9583,0.625,0.0417,7.4,15,1.0008,22.9992,1.0008,7.9992,1.0008,0.0417,0.3333,24,Đắk Nông,NTB,AM Nhung
NTB - Đắk Nông,(DNO) Trường Xuân,Hàng Mới Ca 1,2026-06-25 - Thứ 5,26,1,0.6538,0,8.76,16.9988,0,26,0,9.0012,0,0,0.3462,26,Đắk Nông,NTB,AM Nhung
NTB - Đắk Nông,(DNO) Trường Xuân,Hàng Mới Ca 1,2026-06-24 - Thứ 4,26,1,0.6538,0,9.47,16.9988,0,26,0,9.0012,0,0,0.3462,26,Đắk Nông,NTB,AM Nhung
NTB - Đắk Nông,(DNO) Trường Xuân,Hàng Mới Ca 1,2026-07-13 - Thứ 2,26,1,0.6538,0.0385,8.65,16.9988,1.001,26,1.001,8.0002,0,0,0.3077,26,Đắk Nông,NTB,AM Nhung
NTB - Đắk Nông,(DNO) Trường Xuân,Hàng Mới Ca 1,2026-07-10 - Thứ 6,26,1,0.7308,0.0385,7.58,19.0008,1.001,26,1.001,5.9982,0,0,0.2307,26,Đắk Nông,NTB,AM Nhung
NTB - Đắk Nông,(DNO) Trường Xuân,Hàng Mới Ca 1,2026-07-07 - Thứ 3,27,1,0.3333,0,7.56,8.9991,0,27,0,18.0009,0,0,0.6667,27,Đắk Nông,NTB,AM Nhung
NTB - Đắk Nông,(DNO) Trường Xuân,Hàng Mới Ca 1,2026-07-12 - Chủ Nhật,28,1,0.7143,0,8.1,20.0004,0,28,0,7.9996,0,0,0.2857,28,Đắk Nông,NTB,AM Nhung
NTB - Đắk Nông,(DNO) Trường Xuân,Hàng Mới Ca 1,2026-07-03 - Thứ 6,28,1,0.5357,0.0714,6.4,14.9996,1.9992,28,1.9992,11.0012,0,0,0.3929,28,Đắk Nông,NTB,AM Nhung
NTB - Đắk Nông,(DNO) Trường Xuân,Hàng Mới Ca 1,2026-06-29 - Thứ 2,29,1,0.6207,0,7.06,18.0003,0,29,0,10.9997,0,0,0.3793,29,Đắk Nông,NTB,AM Nhung
NTB - Đắk Nông,(DNO) Trường Xuân,Hàng Mới Ca 1,2026-07-15 - Thứ 4,31,0.8065,0.5484,0,6.41,17.0004,0,25.0015,0,13.9996,5.9985,0.1935,0.4516,31,Đắk Nông,NTB,AM Nhung
NTB - Đắk Nông,(DNO) Trường Xuân,Hàng Mới Ca 1,2026-07-09 - Thứ 5,31,1,0.5484,0,6.53,17.0004,0,31,0,13.9996,0,0,0.4516,31,Đắk Nông,NTB,AM Nhung
NTB - Đắk Nông,(DNO) Trường Xuân,Hàng Mới Ca 1,2026-06-23 - Thứ 3,31,0.9355,0.5806,0.0323,6.94,17.9986,1.0013,29.0005,1.0013,12.0001,1.9995,0.0645,0.3871,31,Đắk Nông,NTB,AM Nhung
NTB - Đắk Nông,(DNO) Trường Xuân,Hàng Mới Ca 1,2026-07-17 - Thứ 6,33,1,0.6667,0.0303,7.68,22.0011,0.9999,33,0.9999,9.999,0,0,0.303,33,Đắk Nông,NTB,AM Nhung
NTB - Đắk Nông,(DNO) Trường Xuân,Hàng Mới Ca 1,2026-06-26 - Thứ 6,33,1,0.6364,0.0909,8.62,21.0012,2.9997,33,2.9997,8.9991,0,0,0.2727,33,Đắk Nông,NTB,AM Nhung
NTB - Đắk Nông,(DNO) Trường Xuân,Hàng Mới Ca 1,2026-07-04 - Thứ 7,34,0.8235,0.5,0,7.18,17,0,27.999,0,17,6.001,0.1765,0.5,34,Đắk Nông,NTB,AM Nhung
NTB - Đắk Nông,(DNO) Trường Xuân,Hàng Mới Ca 1,2026-06-21 - Chủ Nhật,35,0.8,0.5429,0.0286,9.42,19.0015,1.001,28,1.001,14.9975,7,0.2,0.4285,35,Đắk Nông,NTB,AM Nhung
NTB - Đắk Nông,(DNO) Trường Xuân,Hàng Mới Ca 1,2026-07-08 - Thứ 4,35,1,0.8286,0.0286,6.38,29.001,1.001,35,1.001,4.998,0,0,0.1428,35,Đắk Nông,NTB,AM Nhung
NTB - Đắk Nông,(DNO) Trường Xuân,Hàng Mới Ca 1,2026-07-05 - Chủ Nhật,35,0.7714,0.5143,0,6.44,18.0005,0,26.999,0,16.9995,8.001,0.2286,0.4857,35,Đắk Nông,NTB,AM Nhung
NTB - Đắk Nông,(DNO) Trường Xuân,Hàng Mới Ca 1,2026-07-02 - Thứ 5,38,1,0.4211,0.0526,7.38,16.0018,1.9988,38,1.9988,19.9994,0,0,0.5263,38,Đắk Nông,NTB,AM Nhung
NTB - Đắk Nông,(DNO) Trường Xuân,Hàng Mới Ca 1,2026-06-27 - Thứ 7,39,1,0.5128,0.0256,6.8,19.9992,0.9984,39,0.9984,18.0024,0,0,0.4616,39,Đắk Nông,NTB,AM Nhung
NTB - Đắk Nông,(DNO) Trường Xuân,Hàng Mới Ca 1,2026-06-28 - Chủ Nhật,40,0.825,0.475,0.025,8.89,19,1,33,1,20,7,0.175,0.5,40,Đắk Nông,NTB,AM Nhung
NTB - Đắk Nông,(DNO) Trường Xuân,Hàng Mới Ca 1,2026-06-20 - Thứ 7,41,0.8293,0.6341,0.0244,7.38,25.9981,1.0004,34.0013,1.0004,14.0015,6.9987,0.1707,0.3415,41,Đắk Nông,NTB,AM Nhung
NTB - Đắk Nông,(DNO) Trường Xuân,Hàng Mới Ca 1,2026-07-11 - Thứ 7,44,1,0.5455,0,9.17,24.002,0,44,0,19.998,0,0,0.4545,44,Đắk Nông,NTB,AM Nhung
NTB - Đắk Nông,(DNO) Trường Xuân,Hàng Mới Ca 2,2026-07-03 - Thứ 6,1,1,0,0,0,0,0,1,0,1,0,0,1,1,Đắk Nông,NTB,AM Nhung
NTB - Đắk Nông,(DNO) Trường Xuân,Hàng Tồn,2026-07-11 - Thứ 7,10,1,0.3,0,40,3,0,10,0,7,0,0,0.7,0,Đắk Nông,NTB,AM Nhung
NTB - Đắk Nông,(DNO) Trường Xuân,Hàng Tồn,2026-07-07 - Thứ 3,10,1,0.3,0,45.67,3,0,10,0,7,0,0,0.7,0,Đắk Nông,NTB,AM Nhung
NTB - Đắk Nông,(DNO) Trường Xuân,Hàng Tồn,2026-06-25 - Thứ 5,11,1,0.5455,0,38.17,6.0005,0,11,0,4.9995,0,0,0.4545,0,Đắk Nông,NTB,AM Nhung
NTB - Đắk Nông,(DNO) Trường Xuân,Hàng Tồn,2026-07-09 - Thứ 5,11,1,0.2727,0.2727,50.67,2.9997,2.9997,11,2.9997,5.0006,0,0,0.4546,0,Đắk Nông,NTB,AM Nhung
NTB - Đắk Nông,(DNO) Trường Xuân,Hàng Tồn,2026-06-20 - Thứ 7,12,0.75,0.3333,0,39.25,3.9996,0,9,0,8.0004,3,0.25,0.6667,0,Đắk Nông,NTB,AM Nhung
NTB - Đắk Nông,(DNO) Trường Xuân,Hàng Tồn,2026-06-27 - Thứ 7,12,1,0.75,0.0833,41.89,9,0.9996,12,0.9996,2.0004,0,0,0.1667,0,Đắk Nông,NTB,AM Nhung
NTB - Đắk Nông,(DNO) Trường Xuân,Hàng Tồn,2026-07-14 - Thứ 3,13,1,0.2308,0.1538,37.67,3.0004,1.9994,13,1.9994,8.0002,0,0,0.6154,0,Đắk Nông,NTB,AM Nhung
NTB - Đắk Nông,(DNO) Trường Xuân,Hàng Tồn,2026-06-26 - Thứ 6,15,1,0.5333,0.0667,49.25,7.9995,1.0005,15,1.0005,6,0,0,0.4,0,Đắk Nông,NTB,AM Nhung
NTB - Đắk Nông,(DNO) Trường Xuân,Hàng Tồn,2026-07-15 - Thứ 4,18,0.7222,0.1667,0,46.67,3.0006,0,12.9996,0,14.9994,5.0004,0.2778,0.8333,0,Đắk Nông,NTB,AM Nhung
NTB - Đắk Nông,(DNO) Trường Xuân,Hàng Tồn,2026-07-13 - Thứ 2,19,1,0.5789,0.0526,63.55,10.9991,0.9994,19,0.9994,7.0015,0,0,0.3685,0,Đắk Nông,NTB,AM Nhung
NTB - Đắk Nông,(DNO) Trường Xuân,Hàng Tồn,2026-07-10 - Thứ 6,19,1,0.6842,0.0526,39.46,12.9998,0.9994,19,0.9994,5.0008,0,0,0.2632,0,Đắk Nông,NTB,AM Nhung
NTB - Đắk Nông,(DNO) Trường Xuân,Hàng Tồn,2026-06-30 - Thứ 3,19,1,0.3684,0.1053,51.71,6.9996,2.0007,19,2.0007,9.9997,0,0,0.5263,0,Đắk Nông,NTB,AM Nhung
NTB - Đắk Nông,(DNO) Trường Xuân,Hàng Tồn,2026-06-28 - Chủ Nhật,20,0.9,0.65,0,31.77,13,0,18,0,7,2,0.1,0.35,0,Đắk Nông,NTB,AM Nhung
NTB - Đắk Nông,(DNO) Trường Xuân,Hàng Tồn,2026-06-21 - Chủ Nhật,21,0.7619,0.3333,0.0476,39.43,6.9993,0.9996,15.9999,0.9996,13.0011,5.0001,0.2381,0.6191,0,Đắk Nông,NTB,AM Nhung
NTB - Đắk Nông,(DNO) Trường Xuân,Hàng Tồn,2026-07-17 - Thứ 6,22,0.9545,0.5455,0.0455,66,12.001,1.001,20.999,1.001,8.998,1.001,0.0455,0.409,0,Đắk Nông,NTB,AM Nhung
NTB - Đắk Nông,(DNO) Trường Xuân,Hàng Tồn,2026-07-01 - Thứ 4,22,1,0.4545,0.0455,44.1,9.999,1.001,22,1.001,11,0,0,0.5,0,Đắk Nông,NTB,AM Nhung
NTB - Đắk Nông,(DNO) Trường Xuân,Hàng Tồn,2026-06-23 - Thứ 3,22,0.8182,0.2273,0.1364,45.4,5.0006,3.0008,18.0004,3.0008,13.9986,3.9996,0.1818,0.6363,0,Đắk Nông,NTB,AM Nhung
NTB - Đắk Nông,(DNO) Trường Xuân,Hàng Tồn,2026-07-08 - Thứ 4,23,1,0.7391,0,42.29,16.9993,0,23,0,6.0007,0,0,0.2609,0,Đắk Nông,NTB,AM Nhung
NTB - Đắk Nông,(DNO) Trường Xuân,Hàng Tồn,2026-07-04 - Thứ 7,23,1,0.6087,0,46.79,14.0001,0,23,0,8.9999,0,0,0.3913,0,Đắk Nông,NTB,AM Nhung
NTB - Đắk Nông,(DNO) Trường Xuân,Hàng Tồn,2026-06-24 - Thứ 4,25,1,0.88,0.04,57.36,22,1,25,1,2,0,0,0.08,0,Đắk Nông,NTB,AM Nhung
NTB - Đắk Nông,(DNO) Trường Xuân,Hàng Tồn,2026-07-02 - Thứ 5,25,0.96,0.56,0.08,45.93,14,2,24,2,9,1,0.04,0.36,0,Đắk Nông,NTB,AM Nhung
NTB - Đắk Nông,(DNO) Trường Xuân,Hàng Tồn,2026-07-05 - Chủ Nhật,26,0.9231,0.4615,0.0385,39.58,11.999,1.001,24.0006,1.001,13,1.9994,0.0769,0.5,0,Đắk Nông,NTB,AM Nhung
NTB - Đắk Nông,(DNO) Trường Xuân,Hàng Tồn,2026-07-12 - Chủ Nhật,26,1,0.5,0.1154,34.62,13,3.0004,26,3.0004,9.9996,0,0,0.3846,0,Đắk Nông,NTB,AM Nhung
NTB - Đắk Nông,(DNO) Trường Xuân,Hàng Tồn,2026-06-29 - Thứ 2,26,1,0.6154,0.0769,42.75,16.0004,1.9994,26,1.9994,8.0002,0,0,0.3077,0,Đắk Nông,NTB,AM Nhung
NTB - Đắk Nông,(DNO) Trường Xuân,Hàng Tồn,2026-07-03 - Thứ 6,27,1,0.4444,0.1111,36.42,11.9988,2.9997,27,2.9997,12.0015,0,0,0.4445,0,Đắk Nông,NTB,AM Nhung
NTB - Đắk Nông,(DNO) Trường Xuân,Hàng Tồn,2026-06-22 - Thứ 2,27,0.8519,0.4444,0.037,50,11.9988,0.999,23.0013,0.999,14.0022,3.9987,0.1481,0.5186,0,Đắk Nông,NTB,AM Nhung
NTB - Đắk Nông,(DNO) Trường Xuân,Hàng Tồn,2026-07-16 - Thứ 5,30,0.8,0.3667,0,64.36,11.001,0,24,0,18.999,6,0.2,0.6333,0,Đắk Nông,NTB,AM Nhung
NTB - Đắk Nông,(DNO) Trường Xuân,Hàng Tồn,2026-07-06 - Thứ 2,30,1,0.7,0.0667,46.25,21,2.001,30,2.001,6.999,0,0,0.2333,0,Đắk Nông,NTB,AM Nhung
NTB - Đắk Nông,(DNO) Quảng Tín,Hàng Mới Ca 1,2026-06-29 - Thứ 2,18,0.6111,0.5,0,13.44,9,0,10.9998,0,9,7.0002,0.3889,0.5,18,Đắk Nông,NTB,AM Phước
NTB - Đắk Nông,(DNO) Quảng Tín,Hàng Mới Ca 1,2026-06-23 - Thứ 3,18,0.7778,0.6667,0,11.83,12.0006,0,14.0004,0,5.9994,3.9996,0.2222,0.3333,18,Đắk Nông,NTB,AM Phước
NTB - Đắk Nông,(DNO) Quảng Tín,Hàng Mới Ca 1,2026-07-05 - Chủ Nhật,19,0.4211,0.3158,0,7.67,6.0002,0,8.0009,0,12.9998,10.9991,0.5789,0.6842,19,Đắk Nông,NTB,AM Phước
NTB - Đắk Nông,(DNO) Quảng Tín,Hàng Mới Ca 1,2026-07-04 - Thứ 7,19,0.5263,0.5263,0,10.2,9.9997,0,9.9997,0,9.0003,9.0003,0.4737,0.4737,19,Đắk Nông,NTB,AM Phước
NTB - Đắk Nông,(DNO) Quảng Tín,Hàng Mới Ca 1,2026-06-30 - Thứ 3,19,0.8421,0.6842,0.0526,8.62,12.9998,0.9994,15.9999,0.9994,5.0008,3.0001,0.1579,0.2632,19,Đắk Nông,NTB,AM Phước
NTB - Đắk Nông,(DNO) Quảng Tín,Hàng Mới Ca 1,2026-07-06 - Thứ 2,20,0.75,0.55,0,7.45,11,0,15,0,9,5,0.25,0.45,20,Đắk Nông,NTB,AM Phước
NTB - Đắk Nông,(DNO) Quảng Tín,Hàng Mới Ca 1,2026-07-12 - Chủ Nhật,20,0.5,0.4,0,5.75,8,0,10,0,12,10,0.5,0.6,20,Đắk Nông,NTB,AM Phước
NTB - Đắk Nông,(DNO) Quảng Tín,Hàng Mới Ca 1,2026-06-28 - Chủ Nhật,21,0.9048,0.7619,0,11.31,15.9999,0,19.0008,0,5.0001,1.9992,0.0952,0.2381,21,Đắk Nông,NTB,AM Phước
NTB - Đắk Nông,(DNO) Quảng Tín,Hàng Mới Ca 1,2026-06-24 - Thứ 4,22,0.3636,0.3182,0,12,7.0004,0,7.9992,0,14.9996,14.0008,0.6364,0.6818,22,Đắk Nông,NTB,AM Phước
NTB - Đắk Nông,(DNO) Quảng Tín,Hàng Mới Ca 1,2026-07-07 - Thứ 3,26,0.9615,0.1154,0,18.33,3.0004,0,24.999,0,22.9996,1.001,0.0385,0.8846,26,Đắk Nông,NTB,AM Phước
NTB - Đắk Nông,(DNO) Quảng Tín,Hàng Mới Ca 1,2026-06-20 - Thứ 7,26,0.7308,0.5385,0,7.36,14.001,0,19.0008,0,11.999,6.9992,0.2692,0.4615,26,Đắk Nông,NTB,AM Phước
NTB - Đắk Nông,(DNO) Quảng Tín,Hàng Mới Ca 1,2026-07-15 - Thứ 4,27,0.8148,0.5926,0.0741,12.44,16.0002,2.0007,21.9996,2.0007,8.9991,5.0004,0.1852,0.3333,27,Đắk Nông,NTB,AM Phước
NTB - Đắk Nông,(DNO) Quảng Tín,Hàng Mới Ca 1,2026-06-22 - Thứ 2,27,0.8148,0.5926,0.037,8.25,16.0002,0.999,21.9996,0.999,10.0008,5.0004,0.1852,0.3704,27,Đắk Nông,NTB,AM Phước
NTB - Đắk Nông,(DNO) Quảng Tín,Hàng Mới Ca 1,2026-07-13 - Thứ 2,28,0.6071,0.2857,0,11,7.9996,0,16.9988,0,20.0004,11.0012,0.3929,0.7143,28,Đắk Nông,NTB,AM Phước
NTB - Đắk Nông,(DNO) Quảng Tín,Hàng Mới Ca 1,2026-07-03 - Thứ 6,30,0.6667,0.3,0.0333,15.22,9,0.999,20.001,0.999,20.001,9.999,0.3333,0.6667,30,Đắk Nông,NTB,AM Phước
NTB - Đắk Nông,(DNO) Quảng Tín,Hàng Mới Ca 1,2026-07-17 - Thứ 6,31,0.5161,0.4194,0.0968,14.62,13.0014,3.0008,15.9991,3.0008,14.9978,15.0009,0.4839,0.4838,31,Đắk Nông,NTB,AM Phước
NTB - Đắk Nông,(DNO) Quảng Tín,Hàng Mới Ca 1,2026-06-26 - Thứ 6,32,0.625,0.5313,0,8.12,17.0016,0,20,0,14.9984,12,0.375,0.4687,32,Đắk Nông,NTB,AM Phước
NTB - Đắk Nông,(DNO) Quảng Tín,Hàng Mới Ca 1,2026-07-02 - Thứ 5,32,0.7813,0.4688,0,9.13,15.0016,0,25.0016,0,16.9984,6.9984,0.2187,0.5312,32,Đắk Nông,NTB,AM Phước
NTB - Đắk Nông,(DNO) Quảng Tín,Hàng Mới Ca 1,2026-07-14 - Thứ 3,33,0.4545,0.3636,0.0303,10.58,11.9988,0.9999,14.9985,0.9999,20.0013,18.0015,0.5455,0.6061,33,Đắk Nông,NTB,AM Phước
NTB - Đắk Nông,(DNO) Quảng Tín,Hàng Mới Ca 1,2026-07-16 - Thứ 5,33,0.5758,0.4848,0,9.44,15.9984,0,19.0014,0,17.0016,13.9986,0.4242,0.5152,33,Đắk Nông,NTB,AM Phước
NTB - Đắk Nông,(DNO) Quảng Tín,Hàng Mới Ca 1,2026-06-21 - Chủ Nhật,36,0.6944,0.4722,0.0278,15.29,16.9992,1.0008,24.9984,1.0008,18,11.0016,0.3056,0.5,36,Đắk Nông,NTB,AM Phước
NTB - Đắk Nông,(DNO) Quảng Tín,Hàng Mới Ca 1,2026-07-01 - Thứ 4,36,0.6667,0.5,0,15.33,18,0,24.0012,0,18,11.9988,0.3333,0.5,36,Đắk Nông,NTB,AM Phước
NTB - Đắk Nông,(DNO) Quảng Tín,Hàng Mới Ca 1,2026-07-11 - Thứ 7,37,0.5676,0.5135,0,17.68,18.9995,0,21.0012,0,18.0005,15.9988,0.4324,0.4865,37,Đắk Nông,NTB,AM Phước
NTB - Đắk Nông,(DNO) Quảng Tín,Hàng Mới Ca 1,2026-07-10 - Thứ 6,37,0.8649,0.7297,0,7.96,26.9989,0,32.0013,0,10.0011,4.9987,0.1351,0.2703,37,Đắk Nông,NTB,AM Phước
NTB - Đắk Nông,(DNO) Quảng Tín,Hàng Mới Ca 1,2026-06-25 - Thứ 5,41,0.561,0.3902,0,16,15.9982,0,23.001,0,25.0018,17.999,0.439,0.6098,41,Đắk Nông,NTB,AM Phước
NTB - Đắk Nông,(DNO) Quảng Tín,Hàng Mới Ca 1,2026-06-27 - Thứ 7,41,0.561,0.4634,0,9.89,18.9994,0,23.001,0,22.0006,17.999,0.439,0.5366,41,Đắk Nông,NTB,AM Phước
NTB - Đắk Nông,(DNO) Quảng Tín,Hàng Mới Ca 1,2026-07-09 - Thứ 5,45,0.6889,0.4444,0,7.95,19.998,0,31.0005,0,25.002,13.9995,0.3111,0.5556,45,Đắk Nông,NTB,AM Phước
NTB - Đắk Nông,(DNO) Quảng Tín,Hàng Mới Ca 1,2026-07-08 - Thứ 4,47,0.6809,0.4468,0,7.48,20.9996,0,32.0023,0,26.0004,14.9977,0.3191,0.5532,47,Đắk Nông,NTB,AM Phước
NTB - Đắk Nông,(DNO) Quảng Tín,Hàng Mới Ca 2,2026-06-26 - Thứ 6,1,0,0,0,0,0,0,0,0,1,1,1,1,1,Đắk Nông,NTB,AM Phước
NTB - Đắk Nông,(DNO) Quảng Tín,Hàng Mới Ca 2,2026-07-06 - Thứ 2,1,0,0,0,0,0,0,0,0,1,1,1,1,1,Đắk Nông,NTB,AM Phước
NTB - Đắk Nông,(DNO) Quảng Tín,Hàng Mới Ca 2,2026-06-23 - Thứ 3,3,0,0,0,0,0,0,0,0,3,3,1,1,3,Đắk Nông,NTB,AM Phước
NTB - Đắk Nông,(DNO) Quảng Tín,Hàng Mới Ca 2,2026-07-14 - Thứ 3,5,0.8,0.4,0,2.5,2,0,4,0,3,1,0.2,0.6,5,Đắk Nông,NTB,AM Phước
NTB - Đắk Nông,(DNO) Quảng Tín,Hàng Mới Ca 2,2026-07-01 - Thứ 4,6,0.1667,0.1667,0,4,1.0002,0,1.0002,0,4.9998,4.9998,0.8333,0.8333,6,Đắk Nông,NTB,AM Phước
NTB - Đắk Nông,(DNO) Quảng Tín,Hàng Mới Ca 2,2026-07-08 - Thứ 4,6,0.1667,0,0,0,0,0,1.0002,0,6,4.9998,0.8333,1,6,Đắk Nông,NTB,AM Phước
NTB - Đắk Nông,(DNO) Quảng Tín,Hàng Mới Ca 2,2026-07-12 - Chủ Nhật,7,0,0,0,0,0,0,0,0,7,7,1,1,7,Đắk Nông,NTB,AM Phước
NTB - Đắk Nông,(DNO) Quảng Tín,Hàng Mới Ca 2,2026-06-27 - Thứ 7,7,0,0,0,0,0,0,0,0,7,7,1,1,7,Đắk Nông,NTB,AM Phước
NTB - Đắk Nông,(DNO) Quảng Tín,Hàng Mới Ca 2,2026-06-29 - Thứ 2,8,0,0,0,0,0,0,0,0,8,8,1,1,8,Đắk Nông,NTB,AM Phước
NTB - Đắk Nông,(DNO) Quảng Tín,Hàng Mới Ca 2,2026-07-04 - Thứ 7,8,0.125,0.125,0,2,1,0,1,0,7,7,0.875,0.875,8,Đắk Nông,NTB,AM Phước
NTB - Đắk Nông,(DNO) Quảng Tín,Hàng Mới Ca 2,2026-07-16 - Thứ 5,9,0.1111,0.1111,0,2,0.9999,0,0.9999,0,8.0001,8.0001,0.8889,0.8889,9,Đắk Nông,NTB,AM Phước
NTB - Đắk Nông,(DNO) Quảng Tín,Hàng Mới Ca 2,2026-06-22 - Thứ 2,9,0.1111,0.1111,0,2,0.9999,0,0.9999,0,8.0001,8.0001,0.8889,0.8889,9,Đắk Nông,NTB,AM Phước
NTB - Đắk Nông,(DNO) Quảng Tín,Hàng Mới Ca 2,2026-06-28 - Chủ Nhật,10,0,0,0,0,0,0,0,0,10,10,1,1,10,Đắk Nông,NTB,AM Phước
NTB - Đắk Nông,(DNO) Quảng Tín,Hàng Mới Ca 2,2026-07-05 - Chủ Nhật,11,0.6364,0.6364,0,1.57,7.0004,0,7.0004,0,3.9996,3.9996,0.3636,0.3636,11,Đắk Nông,NTB,AM Phước
NTB - Đắk Nông,(DNO) Quảng Tín,Hàng Mới Ca 2,2026-07-17 - Thứ 6,11,0,0,0,0,0,0,0,0,11,11,1,1,11,Đắk Nông,NTB,AM Phước
NTB - Đắk Nông,(DNO) Quảng Tín,Hàng Mới Ca 2,2026-07-11 - Thứ 7,11,0.0909,0.0909,0,3,0.9999,0,0.9999,0,10.0001,10.0001,0.9091,0.9091,11,Đắk Nông,NTB,AM Phước
NTB - Đắk Nông,(DNO) Quảng Tín,Hàng Mới Ca 2,2026-07-13 - Thứ 2,11,0.3636,0.1818,0,3.5,1.9998,0,3.9996,0,9.0002,7.0004,0.6364,0.8182,11,Đắk Nông,NTB,AM Phước
NTB - Đắk Nông,(DNO) Quảng Tín,Hàng Mới Ca 2,2026-07-02 - Thứ 5,11,0.0909,0.0909,0,3,0.9999,0,0.9999,0,10.0001,10.0001,0.9091,0.9091,11,Đắk Nông,NTB,AM Phước
NTB - Đắk Nông,(DNO) Quảng Tín,Hàng Mới Ca 2,2026-06-21 - Chủ Nhật,13,0.0769,0.0769,0,4,0.9997,0,0.9997,0,12.0003,12.0003,0.9231,0.9231,13,Đắk Nông,NTB,AM Phước
NTB - Đắk Nông,(DNO) Quảng Tín,Hàng Mới Ca 2,2026-07-15 - Thứ 4,13,0,0,0,0,0,0,0,0,13,13,1,1,13,Đắk Nông,NTB,AM Phước
NTB - Đắk Nông,(DNO) Quảng Tín,Hàng Mới Ca 2,2026-07-09 - Thứ 5,13,0.3846,0.3077,0,1.25,4.0001,0,4.9998,0,8.9999,8.0002,0.6154,0.6923,13,Đắk Nông,NTB,AM Phước
NTB - Đắk Nông,(DNO) Quảng Tín,Hàng Mới Ca 2,2026-07-03 - Thứ 6,15,0,0,0,0,0,0,0,0,15,15,1,1,15,Đắk Nông,NTB,AM Phước
NTB - Đắk Nông,(DNO) Quảng Tín,Hàng Mới Ca 2,2026-06-25 - Thứ 5,18,0.2222,0.2222,0,3.5,3.9996,0,3.9996,0,14.0004,14.0004,0.7778,0.7778,18,Đắk Nông,NTB,AM Phước
NTB - Đắk Nông,(DNO) Quảng Tín,Hàng Mới Ca 2,2026-07-10 - Thứ 6,29,0.069,0,0,0,0,0,2.001,0,29,26.999,0.931,1,29,Đắk Nông,NTB,AM Phước
NTB - Đắk Nông,(DNO) Quảng Tín,Hàng Tồn,2026-07-15 - Thứ 4,102,0.3725,0.2549,0.0392,103.54,25.9998,3.9984,37.995,3.9984,72.0018,64.005,0.6275,0.7059,0,Đắk Nông,NTB,AM Phước
NTB - Đắk Nông,(DNO) Quảng Tín,Hàng Tồn,2026-07-03 - Thứ 6,58,0.5,0.4483,0,65.12,26.0014,0,29,0,31.9986,29,0.5,0.5517,0,Đắk Nông,NTB,AM Phước
NTB - Đắk Nông,(DNO) Quảng Tín,Hàng Tồn,2026-07-05 - Chủ Nhật,63,0.746,0.3651,0,45.96,23.0013,0,46.998,0,39.9987,16.002,0.254,0.6349,0,Đắk Nông,NTB,AM Phước
NTB - Đắk Nông,(DNO) Quảng Tín,Hàng Tồn,2026-06-26 - Thứ 6,56,0.5179,0.2321,0.0536,36.23,12.9976,3.0016,29.0024,3.0016,40.0008,26.9976,0.4821,0.7143,0,Đắk Nông,NTB,AM Phước
NTB - Đắk Nông,(DNO) Quảng Tín,Hàng Tồn,2026-07-17 - Thứ 6,106,0.2075,0.1509,0.0189,77.63,15.9954,2.0034,21.995,2.0034,88.0012,84.005,0.7925,0.8302,0,Đắk Nông,NTB,AM Phước
NTB - Đắk Nông,(DNO) Quảng Tín,Hàng Tồn,2026-07-11 - Thứ 7,88,0.4886,0.2159,0.0114,51.11,18.9992,1.0032,42.9968,1.0032,67.9976,45.0032,0.5114,0.7727,0,Đắk Nông,NTB,AM Phước
NTB - Đắk Nông,(DNO) Quảng Tín,Hàng Tồn,2026-07-09 - Thứ 5,83,0.2771,0.1928,0,63.63,16.0024,0,22.9993,0,66.9976,60.0007,0.7229,0.8072,0,Đắk Nông,NTB,AM Phước
NTB - Đắk Nông,(DNO) Quảng Tín,Hàng Tồn,2026-07-14 - Thứ 3,107,0.4206,0.2991,0,77.63,32.0037,0,45.0042,0,74.9963,61.9958,0.5794,0.7009,0,Đắk Nông,NTB,AM Phước
NTB - Đắk Nông,(DNO) Quảng Tín,Hàng Tồn,2026-07-16 - Thứ 5,91,0.2198,0.1099,0.011,55.2,10.0009,1.001,20.0018,1.001,79.9981,70.9982,0.7802,0.8791,0,Đắk Nông,NTB,AM Phước
NTB - Đắk Nông,(DNO) Quảng Tín,Hàng Tồn,2026-06-28 - Chủ Nhật,72,0.6806,0.5139,0.0278,51.86,37.0008,2.0016,49.0032,2.0016,32.9976,22.9968,0.3194,0.4583,0,Đắk Nông,NTB,AM Phước
NTB - Đắk Nông,(DNO) Quảng Tín,Hàng Tồn,2026-07-12 - Chủ Nhật,93,0.3978,0.1613,0.043,59.13,15.0009,3.999,36.9954,3.999,74.0001,56.0046,0.6022,0.7957,0,Đắk Nông,NTB,AM Phước
NTB - Đắk Nông,(DNO) Quảng Tín,Hàng Tồn,2026-07-13 - Thứ 2,91,0.2418,0.1099,0.011,101.3,10.0009,1.001,22.0038,1.001,79.9981,68.9962,0.7582,0.8791,0,Đắk Nông,NTB,AM Phước
NTB - Đắk Nông,(DNO) Quảng Tín,Hàng Tồn,2026-07-04 - Thứ 7,69,0.5507,0.3188,0.029,47.45,21.9972,2.001,37.9983,2.001,45.0018,31.0017,0.4493,0.6522,0,Đắk Nông,NTB,AM Phước
NTB - Đắk Nông,(DNO) Quảng Tín,Hàng Tồn,2026-07-10 - Thứ 6,99,0.6263,0.4545,0.0101,90.2,44.9955,0.9999,62.0037,0.9999,53.0046,36.9963,0.3737,0.5354,0,Đắk Nông,NTB,AM Phước
NTB - Đắk Nông,(DNO) Quảng Tín,Hàng Tồn,2026-07-08 - Thứ 4,67,0.7313,0.2687,0.0149,67.78,18.0029,0.9983,48.9971,0.9983,47.9988,18.0029,0.2687,0.7164,0,Đắk Nông,NTB,AM Phước
NTB - Đắk Nông,(DNO) Quảng Tín,Hàng Tồn,2026-07-06 - Thứ 2,58,0.5,0.2069,0.069,54,12.0002,4.002,29,4.002,41.9978,29,0.5,0.7241,0,Đắk Nông,NTB,AM Phước
NTB - Đắk Nông,(DNO) Quảng Tín,Hàng Tồn,2026-06-21 - Chủ Nhật,33,0.3636,0.2121,0.0303,65.71,6.9993,0.9999,11.9988,0.9999,25.0008,21.0012,0.6364,0.7576,0,Đắk Nông,NTB,AM Phước
NTB - Đắk Nông,(DNO) Quảng Tín,Hàng Tồn,2026-07-01 - Thứ 4,35,0.5143,0.3714,0,88.31,12.999,0,18.0005,0,22.001,16.9995,0.4857,0.6286,0,Đắk Nông,NTB,AM Phước
NTB - Đắk Nông,(DNO) Quảng Tín,Hàng Tồn,2026-06-24 - Thứ 4,37,0.4865,0.3243,0.027,103.25,11.9991,0.999,18.0005,0.999,24.0019,18.9995,0.5135,0.6487,0,Đắk Nông,NTB,AM Phước
NTB - Đắk Nông,(DNO) Quảng Tín,Hàng Tồn,2026-06-25 - Thứ 5,38,0.7632,0.3947,0.0263,48.33,14.9986,0.9994,29.0016,0.9994,22.002,8.9984,0.2368,0.579,0,Đắk Nông,NTB,AM Phước
NTB - Đắk Nông,(DNO) Quảng Tín,Hàng Tồn,2026-06-20 - Thứ 7,38,0.5263,0.4211,0,53.56,16.0018,0,19.9994,0,21.9982,18.0006,0.4737,0.5789,0,Đắk Nông,NTB,AM Phước
NTB - Đắk Nông,(DNO) Quảng Tín,Hàng Tồn,2026-06-23 - Thứ 3,42,0.6429,0.381,0,66.88,16.002,0,27.0018,0,25.998,14.9982,0.3571,0.619,0,Đắk Nông,NTB,AM Phước
NTB - Đắk Nông,(DNO) Quảng Tín,Hàng Tồn,2026-07-02 - Thứ 5,44,0.3864,0.25,0,68.82,11,0,17.0016,0,33,26.9984,0.6136,0.75,0,Đắk Nông,NTB,AM Phước
NTB - Đắk Nông,(DNO) Quảng Tín,Hàng Tồn,2026-07-07 - Thứ 3,44,1,0.0682,0,38.33,3.0008,0,44,0,40.9992,0,0,0.9318,0,Đắk Nông,NTB,AM Phước
NTB - Đắk Nông,(DNO) Quảng Tín,Hàng Tồn,2026-06-29 - Thứ 2,47,0.3191,0.1915,0.0638,71.67,9.0005,2.9986,14.9977,2.9986,35.0009,32.0023,0.6809,0.7447,0,Đắk Nông,NTB,AM Phước
NTB - Đắk Nông,(DNO) Quảng Tín,Hàng Tồn,2026-06-30 - Thứ 3,54,0.5,0.3333,0.0556,111.28,17.9982,3.0024,27,3.0024,32.9994,27,0.5,0.6111,0,Đắk Nông,NTB,AM Phước
NTB - Đắk Nông,(DNO) Quảng Tín,Hàng Tồn,2026-06-27 - Thứ 7,54,0.2963,0.1481,0.0556,48.5,7.9974,3.0024,16.0002,3.0024,43.0002,37.9998,0.7037,0.7963,0,Đắk Nông,NTB,AM Phước
NTB - Đắk Nông,(DNO) Quảng Tín,Hàng Tồn,2026-06-22 - Thứ 2,55,0.7091,0.4909,0.0182,45.85,26.9995,1.001,39.0005,1.001,26.9995,15.9995,0.2909,0.4909,0,Đắk Nông,NTB,AM Phước
NTB - Đắk Nông,(DNO) Quảng Sơn,Hàng Mới Ca 1,2026-06-21 - Chủ Nhật,59,1,0.7966,0,12.55,46.9994,0,59,0,12.0006,0,0,0.2034,59,Đắk Nông,NTB,AM Nhung
NTB - Đắk Nông,(DNO) Quảng Sơn,Hàng Mới Ca 1,2026-06-28 - Chủ Nhật,65,0.9846,0.8,0.1538,9.17,52,9.997,63.999,9.997,3.003,1.001,0.0154,0.0462,65,Đắk Nông,NTB,AM Nhung
NTB - Đắk Nông,(DNO) Quảng Sơn,Hàng Mới Ca 1,2026-07-10 - Thứ 6,65,1,0.9231,0,11.82,60.0015,0,65,0,4.9985,0,0,0.0769,65,Đắk Nông,NTB,AM Nhung
NTB - Đắk Nông,(DNO) Quảng Sơn,Hàng Mới Ca 1,2026-07-16 - Thứ 5,12,1,0.9167,0.0833,8.73,11.0004,0.9996,12,0.9996,0,0,0,0,12,Đắk Nông,NTB,AM Nhung
NTB - Đắk Nông,(DNO) Quảng Sơn,Hàng Mới Ca 1,2026-07-08 - Thứ 4,18,1,0.8889,0.1111,13.25,16.0002,1.9998,18,1.9998,0,0,0,0,18,Đắk Nông,NTB,AM Nhung
NTB - Đắk Nông,(DNO) Quảng Sơn,Hàng Mới Ca 1,2026-07-07 - Thứ 3,22,1,0.9091,0,10.55,20.0002,0,22,0,1.9998,0,0,0.0909,22,Đắk Nông,NTB,AM Nhung
NTB - Đắk Nông,(DNO) Quảng Sơn,Hàng Mới Ca 1,2026-07-15 - Thứ 4,24,1,0.875,0,12.29,21,0,24,0,3,0,0,0.125,24,Đắk Nông,NTB,AM Nhung
NTB - Đắk Nông,(DNO) Quảng Sơn,Hàng Mới Ca 1,2026-07-14 - Thứ 3,24,1,0.8333,0.0833,10.15,19.9992,1.9992,24,1.9992,2.0016,0,0,0.0834,24,Đắk Nông,NTB,AM Nhung
NTB - Đắk Nông,(DNO) Quảng Sơn,Hàng Mới Ca 1,2026-07-12 - Chủ Nhật,25,1,0.84,0.04,10.14,21,1,25,1,3,0,0,0.12,25,Đắk Nông,NTB,AM Nhung
NTB - Đắk Nông,(DNO) Quảng Sơn,Hàng Mới Ca 1,2026-07-13 - Thứ 2,25,1,0.88,0.08,7,22,2,25,2,1,0,0,0.04,25,Đắk Nông,NTB,AM Nhung
NTB - Đắk Nông,(DNO) Quảng Sơn,Hàng Mới Ca 1,2026-06-30 - Thứ 3,28,1,0.9286,0.0357,11.69,26.0008,0.9996,28,0.9996,0.9996,0,0,0.0357,28,Đắk Nông,NTB,AM Nhung
NTB - Đắk Nông,(DNO) Quảng Sơn,Hàng Mới Ca 1,2026-06-26 - Thứ 6,32,1,0.9375,0,10.7,30,0,32,0,2,0,0,0.0625,32,Đắk Nông,NTB,AM Nhung
NTB - Đắk Nông,(DNO) Quảng Sơn,Hàng Mới Ca 1,2026-07-01 - Thứ 4,33,1,0.8485,0.0606,12.86,28.0005,1.9998,33,1.9998,2.9997,0,0,0.0909,33,Đắk Nông,NTB,AM Nhung
NTB - Đắk Nông,(DNO) Quảng Sơn,Hàng Mới Ca 1,2026-06-25 - Thứ 5,33,1,0.8485,0,13.04,28.0005,0,33,0,4.9995,0,0,0.1515,33,Đắk Nông,NTB,AM Nhung
NTB - Đắk Nông,(DNO) Quảng Sơn,Hàng Mới Ca 1,2026-06-20 - Thứ 7,33,1,0.9394,0,9.1,31.0002,0,33,0,1.9998,0,0,0.0606,33,Đắk Nông,NTB,AM Nhung
NTB - Đắk Nông,(DNO) Quảng Sơn,Hàng Mới Ca 1,2026-07-05 - Chủ Nhật,33,0.9697,0.6061,0.0303,11.2,20.0013,0.9999,32.0001,0.9999,11.9988,0.9999,0.0303,0.3636,33,Đắk Nông,NTB,AM Nhung
NTB - Đắk Nông,(DNO) Quảng Sơn,Hàng Mới Ca 1,2026-07-04 - Thứ 7,35,0.9429,0.8,0.0571,10.64,28,1.9985,33.0015,1.9985,5.0015,1.9985,0.0571,0.1429,35,Đắk Nông,NTB,AM Nhung
NTB - Đắk Nông,(DNO) Quảng Sơn,Hàng Mới Ca 1,2026-07-02 - Thứ 5,36,1,0.8333,0.0278,9.2,29.9988,1.0008,36,1.0008,5.0004,0,0,0.1389,36,Đắk Nông,NTB,AM Nhung
NTB - Đắk Nông,(DNO) Quảng Sơn,Hàng Mới Ca 1,2026-07-17 - Thứ 6,37,1,0.8108,0.0811,9.77,29.9996,3.0007,37,3.0007,3.9997,0,0,0.1081,37,Đắk Nông,NTB,AM Nhung
NTB - Đắk Nông,(DNO) Quảng Sơn,Hàng Mới Ca 1,2026-07-06 - Thứ 2,37,1,0.7297,0,17.89,26.9989,0,37,0,10.0011,0,0,0.2703,37,Đắk Nông,NTB,AM Nhung
NTB - Đắk Nông,(DNO) Quảng Sơn,Hàng Mới Ca 1,2026-06-29 - Thứ 2,37,1,0.8108,0.027,15.07,29.9996,0.999,37,0.999,6.0014,0,0,0.1622,37,Đắk Nông,NTB,AM Nhung
NTB - Đắk Nông,(DNO) Quảng Sơn,Hàng Mới Ca 1,2026-06-22 - Thứ 2,39,1,0.9231,0.0513,6.81,36.0009,2.0007,39,2.0007,0.9984,0,0,0.0256,39,Đắk Nông,NTB,AM Nhung
NTB - Đắk Nông,(DNO) Quảng Sơn,Hàng Mới Ca 1,2026-06-24 - Thứ 4,40,1,0.825,0.05,6.55,33,2,40,2,5,0,0,0.125,40,Đắk Nông,NTB,AM Nhung
NTB - Đắk Nông,(DNO) Quảng Sơn,Hàng Mới Ca 1,2026-07-03 - Thứ 6,41,1,0.878,0.0488,12.39,35.998,2.0008,41,2.0008,3.0012,0,0,0.0732,41,Đắk Nông,NTB,AM Nhung
NTB - Đắk Nông,(DNO) Quảng Sơn,Hàng Mới Ca 1,2026-07-09 - Thứ 5,43,1,0.9535,0.0233,10.88,41.0005,1.0019,43,1.0019,0.9976,0,0,0.0232,43,Đắk Nông,NTB,AM Nhung
NTB - Đắk Nông,(DNO) Quảng Sơn,Hàng Mới Ca 1,2026-06-23 - Thứ 3,48,1,0.9583,0.0208,11.8,45.9984,0.9984,48,0.9984,1.0032,0,0,0.0209,48,Đắk Nông,NTB,AM Nhung
NTB - Đắk Nông,(DNO) Quảng Sơn,Hàng Mới Ca 1,2026-06-27 - Thứ 7,54,1,0.8889,0,12.35,48.0006,0,54,0,5.9994,0,0,0.1111,54,Đắk Nông,NTB,AM Nhung
NTB - Đắk Nông,(DNO) Quảng Sơn,Hàng Mới Ca 1,2026-07-11 - Thứ 7,54,1,0.9074,0.0185,9.39,48.9996,0.999,54,0.999,4.0014,0,0,0.0741,54,Đắk Nông,NTB,AM Nhung
NTB - Đắk Nông,(DNO) Quảng Sơn,Hàng Mới Ca 2,2026-06-22 - Thứ 2,1,0,0,0,0,0,0,0,0,1,1,1,1,1,Đắk Nông,NTB,AM Nhung
NTB - Đắk Nông,(DNO) Quảng Sơn,Hàng Tồn,2026-07-14 - Thứ 3,1,1,1,0,47,1,0,1,0,0,0,0,0,0,Đắk Nông,NTB,AM Nhung
NTB - Đắk Nông,(DNO) Quảng Sơn,Hàng Tồn,2026-07-10 - Thứ 6,1,1,1,0,48,1,0,1,0,0,0,0,0,0,Đắk Nông,NTB,AM Nhung
NTB - Đắk Nông,(DNO) Quảng Sơn,Hàng Tồn,2026-06-24 - Thứ 4,1,0,0,0,0,0,0,0,0,1,1,1,1,0,Đắk Nông,NTB,AM Nhung
NTB - Đắk Nông,(DNO) Quảng Sơn,Hàng Tồn,2026-06-21 - Chủ Nhật,1,1,1,0,71,1,0,1,0,0,0,0,0,0,Đắk Nông,NTB,AM Nhung
NTB - Đắk Nông,(DNO) Quảng Sơn,Hàng Tồn,2026-07-15 - Thứ 4,2,1,0,0.5,0,0,1,2,1,1,0,0,0.5,0,Đắk Nông,NTB,AM Nhung
NTB - Đắk Nông,(DNO) Quảng Sơn,Hàng Tồn,2026-07-17 - Thứ 6,2,0,0,0,0,0,0,0,0,2,2,1,1,0,Đắk Nông,NTB,AM Nhung
NTB - Đắk Nông,(DNO) Quảng Sơn,Hàng Tồn,2026-07-13 - Thứ 2,3,1,0.3333,0.3333,52,0.9999,0.9999,3,0.9999,1.0002,0,0,0.3334,0,Đắk Nông,NTB,AM Nhung
NTB - Đắk Nông,(DNO) Quảng Sơn,Hàng Tồn,2026-07-08 - Thứ 4,3,1,0.6667,0,45.5,2.0001,0,3,0,0.9999,0,0,0.3333,0,Đắk Nông,NTB,AM Nhung
NTB - Đắk Nông,(DNO) Quảng Sơn,Hàng Tồn,2026-06-23 - Thứ 3,3,1,0.3333,0,56,0.9999,0,3,0,2.0001,0,0,0.6667,0,Đắk Nông,NTB,AM Nhung
NTB - Đắk Nông,(DNO) Quảng Sơn,Hàng Tồn,2026-07-16 - Thứ 5,3,1,0.3333,0.3333,54,0.9999,0.9999,3,0.9999,1.0002,0,0,0.3334,0,Đắk Nông,NTB,AM Nhung
NTB - Đắk Nông,(DNO) Quảng Sơn,Hàng Tồn,2026-07-12 - Chủ Nhật,4,1,0.75,0,47,3,0,4,0,1,0,0,0.25,0,Đắk Nông,NTB,AM Nhung
NTB - Đắk Nông,(DNO) Quảng Sơn,Hàng Tồn,2026-07-11 - Thứ 7,4,1,0.25,0,58,1,0,4,0,3,0,0,0.75,0,Đắk Nông,NTB,AM Nhung
NTB - Đắk Nông,(DNO) Quảng Sơn,Hàng Tồn,2026-06-27 - Thứ 7,5,1,0.4,0.4,69,2,2,5,2,1,0,0,0.2,0,Đắk Nông,NTB,AM Nhung
NTB - Đắk Nông,(DNO) Quảng Sơn,Hàng Tồn,2026-06-25 - Thứ 5,6,1,0.1667,0,51,1.0002,0,6,0,4.9998,0,0,0.8333,0,Đắk Nông,NTB,AM Nhung
NTB - Đắk Nông,(DNO) Quảng Sơn,Hàng Tồn,2026-06-29 - Thứ 2,6,0.8333,0.3333,0.1667,50.5,1.9998,1.0002,4.9998,1.0002,3,1.0002,0.1667,0.5,0,Đắk Nông,NTB,AM Nhung
NTB - Đắk Nông,(DNO) Quảng Sơn,Hàng Tồn,2026-07-01 - Thứ 4,6,0.8333,0,0.1667,0,0,1.0002,4.9998,1.0002,4.9998,1.0002,0.1667,0.8333,0,Đắk Nông,NTB,AM Nhung
NTB - Đắk Nông,(DNO) Quảng Sơn,Hàng Tồn,2026-06-20 - Thứ 7,6,1,0.6667,0,73.75,4.0002,0,6,0,1.9998,0,0,0.3333,0,Đắk Nông,NTB,AM Nhung
NTB - Đắk Nông,(DNO) Quảng Sơn,Hàng Tồn,2026-07-05 - Chủ Nhật,7,0.8571,0.1429,0,81,1.0003,0,5.9997,0,5.9997,1.0003,0.1429,0.8571,0,Đắk Nông,NTB,AM Nhung
NTB - Đắk Nông,(DNO) Quảng Sơn,Hàng Tồn,2026-06-26 - Thứ 6,7,1,0.2857,0.1429,49,1.9999,1.0003,7,1.0003,3.9998,0,0,0.5714,0,Đắk Nông,NTB,AM Nhung
NTB - Đắk Nông,(DNO) Quảng Sơn,Hàng Tồn,2026-06-28 - Chủ Nhật,7,0.8571,0.1429,0.4286,45,1.0003,3.0002,5.9997,3.0002,2.9995,1.0003,0.1429,0.4285,0,Đắk Nông,NTB,AM Nhung
NTB - Đắk Nông,(DNO) Quảng Sơn,Hàng Tồn,2026-07-04 - Thứ 7,7,0.8571,0.1429,0.2857,58,1.0003,1.9999,5.9997,1.9999,3.9998,1.0003,0.1429,0.5714,0,Đắk Nông,NTB,AM Nhung
NTB - Đắk Nông,(DNO) Quảng Sơn,Hàng Tồn,2026-07-02 - Thứ 5,7,0.8571,0.5714,0.1429,71.5,3.9998,1.0003,5.9997,1.0003,1.9999,1.0003,0.1429,0.2857,0,Đắk Nông,NTB,AM Nhung
NTB - Đắk Nông,(DNO) Quảng Sơn,Hàng Tồn,2026-07-03 - Thứ 6,7,0.8571,0.2857,0,45,1.9999,0,5.9997,0,5.0001,1.0003,0.1429,0.7143,0,Đắk Nông,NTB,AM Nhung
NTB - Đắk Nông,(DNO) Quảng Sơn,Hàng Tồn,2026-06-30 - Thứ 3,9,0.8889,0.3333,0,68.33,2.9997,0,8.0001,0,6.0003,0.9999,0.1111,0.6667,0,Đắk Nông,NTB,AM Nhung
NTB - Đắk Nông,(DNO) Quảng Sơn,Hàng Tồn,2026-07-07 - Thứ 3,11,1,0.7273,0.0909,50.25,8.0003,0.9999,11,0.9999,1.9998,0,0,0.1818,0,Đắk Nông,NTB,AM Nhung
NTB - Đắk Nông,(DNO) Quảng Sơn,Hàng Tồn,2026-06-22 - Thứ 2,12,1,0.75,0.0833,49.56,9,0.9996,12,0.9996,2.0004,0,0,0.1667,0,Đắk Nông,NTB,AM Nhung
NTB - Đắk Nông,(DNO) Quảng Sơn,Hàng Tồn,2026-07-06 - Thứ 2,15,1,0.7333,0.1333,77.2,10.9995,1.9995,15,1.9995,2.001,0,0,0.1334,0,Đắk Nông,NTB,AM Nhung
NTB - Đắk Nông,(DNO) Quảng Khê,Hàng Mới Ca 1,2026-07-15 - Thứ 4,4,0.75,0.75,0,7,3,0,3,0,1,1,0.25,0.25,4,Đắk Nông,NTB,AM Nhung
NTB - Đắk Nông,(DNO) Quảng Khê,Hàng Mới Ca 1,2026-07-11 - Thứ 7,11,0.7273,0.2727,0,8.33,2.9997,0,8.0003,0,8.0003,2.9997,0.2727,0.7273,11,Đắk Nông,NTB,AM Nhung
NTB - Đắk Nông,(DNO) Quảng Khê,Hàng Mới Ca 1,2026-06-30 - Thứ 3,12,0.3333,0.25,0,7,3,0,3.9996,0,9,8.0004,0.6667,0.75,12,Đắk Nông,NTB,AM Nhung
NTB - Đắk Nông,(DNO) Quảng Khê,Hàng Mới Ca 1,2026-06-22 - Thứ 2,13,1,0.7692,0,9.1,9.9996,0,13,0,3.0004,0,0,0.2308,13,Đắk Nông,NTB,AM Nhung
NTB - Đắk Nông,(DNO) Quảng Khê,Hàng Mới Ca 1,2026-07-12 - Chủ Nhật,13,0.6154,0.5385,0,7,7.0005,0,8.0002,0,5.9995,4.9998,0.3846,0.4615,13,Đắk Nông,NTB,AM Nhung
NTB - Đắk Nông,(DNO) Quảng Khê,Hàng Mới Ca 1,2026-07-07 - Thứ 3,14,0.8571,0.5714,0,9.38,7.9996,0,11.9994,0,6.0004,2.0006,0.1429,0.4286,14,Đắk Nông,NTB,AM Nhung
NTB - Đắk Nông,(DNO) Quảng Khê,Hàng Mới Ca 1,2026-07-17 - Thứ 6,17,0.8235,0.5882,0.1176,7.4,9.9994,1.9992,13.9995,1.9992,5.0014,3.0005,0.1765,0.2942,17,Đắk Nông,NTB,AM Nhung
NTB - Đắk Nông,(DNO) Quảng Khê,Hàng Mới Ca 1,2026-07-01 - Thứ 4,17,0.8235,0.6471,0.0588,8.18,11.0007,0.9996,13.9995,0.9996,4.9997,3.0005,0.1765,0.2941,17,Đắk Nông,NTB,AM Nhung
NTB - Đắk Nông,(DNO) Quảng Khê,Hàng Mới Ca 1,2026-07-13 - Thứ 2,17,0.8235,0.5294,0.0588,8,8.9998,0.9996,13.9995,0.9996,7.0006,3.0005,0.1765,0.4118,17,Đắk Nông,NTB,AM Nhung
NTB - Đắk Nông,(DNO) Quảng Khê,Hàng Mới Ca 1,2026-07-06 - Thứ 2,17,0.7059,0.5882,0,8.8,9.9994,0,12.0003,0,7.0006,4.9997,0.2941,0.4118,17,Đắk Nông,NTB,AM Nhung
NTB - Đắk Nông,(DNO) Quảng Khê,Hàng Mới Ca 1,2026-07-10 - Thứ 6,18,0.9444,0.8333,0.0556,8.67,14.9994,1.0008,16.9992,1.0008,1.9998,1.0008,0.0556,0.1111,18,Đắk Nông,NTB,AM Nhung
NTB - Đắk Nông,(DNO) Quảng Khê,Hàng Mới Ca 1,2026-06-27 - Thứ 7,19,0.8421,0.6316,0,7,12.0004,0,15.9999,0,6.9996,3.0001,0.1579,0.3684,19,Đắk Nông,NTB,AM Nhung
NTB - Đắk Nông,(DNO) Quảng Khê,Hàng Mới Ca 1,2026-07-03 - Thứ 6,20,1,0.7,0,8.14,14,0,20,0,6,0,0,0.3,20,Đắk Nông,NTB,AM Nhung
NTB - Đắk Nông,(DNO) Quảng Khê,Hàng Mới Ca 1,2026-07-05 - Chủ Nhật,21,0.9524,0.8095,0.0952,6.88,16.9995,1.9992,20.0004,1.9992,2.0013,0.9996,0.0476,0.0953,21,Đắk Nông,NTB,AM Nhung
NTB - Đắk Nông,(DNO) Quảng Khê,Hàng Mới Ca 1,2026-07-16 - Thứ 5,23,1,0.5217,0,7.42,11.9991,0,23,0,11.0009,0,0,0.4783,23,Đắk Nông,NTB,AM Nhung
NTB - Đắk Nông,(DNO) Quảng Khê,Hàng Mới Ca 1,2026-06-28 - Chủ Nhật,23,0.8261,0.6957,0,7.88,16.0011,0,19.0003,0,6.9989,3.9997,0.1739,0.3043,23,Đắk Nông,NTB,AM Nhung
NTB - Đắk Nông,(DNO) Quảng Khê,Hàng Mới Ca 1,2026-07-02 - Thứ 5,23,0.8261,0.6957,0,8.38,16.0011,0,19.0003,0,6.9989,3.9997,0.1739,0.3043,23,Đắk Nông,NTB,AM Nhung
NTB - Đắk Nông,(DNO) Quảng Khê,Hàng Mới Ca 1,2026-06-23 - Thứ 3,24,0.7917,0.5833,0.125,5.14,13.9992,3,19.0008,3,7.0008,4.9992,0.2083,0.2917,24,Đắk Nông,NTB,AM Nhung
NTB - Đắk Nông,(DNO) Quảng Khê,Hàng Mới Ca 1,2026-07-14 - Thứ 3,25,0.44,0.28,0.04,8,7,1,11,1,17,14,0.56,0.68,25,Đắk Nông,NTB,AM Nhung
NTB - Đắk Nông,(DNO) Quảng Khê,Hàng Mới Ca 1,2026-06-21 - Chủ Nhật,26,0.9231,0.5385,0,9.71,14.001,0,24.0006,0,11.999,1.9994,0.0769,0.4615,26,Đắk Nông,NTB,AM Nhung
NTB - Đắk Nông,(DNO) Quảng Khê,Hàng Mới Ca 1,2026-06-24 - Thứ 4,26,1,0.7692,0,8.15,19.9992,0,26,0,6.0008,0,0,0.2308,26,Đắk Nông,NTB,AM Nhung
NTB - Đắk Nông,(DNO) Quảng Khê,Hàng Mới Ca 1,2026-07-04 - Thứ 7,26,0.9231,0.5385,0.0385,9.07,14.001,1.001,24.0006,1.001,10.998,1.9994,0.0769,0.423,26,Đắk Nông,NTB,AM Nhung
NTB - Đắk Nông,(DNO) Quảng Khê,Hàng Mới Ca 1,2026-07-09 - Thứ 5,27,0.8148,0.4815,0.037,5.15,13.0005,0.999,21.9996,0.999,13.0005,5.0004,0.1852,0.4815,27,Đắk Nông,NTB,AM Nhung
NTB - Đắk Nông,(DNO) Quảng Khê,Hàng Mới Ca 1,2026-06-29 - Thứ 2,28,0.6786,0.5,0,8,14,0,19.0008,0,14,8.9992,0.3214,0.5,28,Đắk Nông,NTB,AM Nhung
NTB - Đắk Nông,(DNO) Quảng Khê,Hàng Mới Ca 1,2026-07-08 - Thứ 4,30,0.7333,0.4667,0,6.79,14.001,0,21.999,0,15.999,8.001,0.2667,0.5333,30,Đắk Nông,NTB,AM Nhung
NTB - Đắk Nông,(DNO) Quảng Khê,Hàng Mới Ca 1,2026-06-20 - Thứ 7,32,0.6875,0.5625,0,8.06,18,0,22,0,14,10,0.3125,0.4375,32,Đắk Nông,NTB,AM Nhung
NTB - Đắk Nông,(DNO) Quảng Khê,Hàng Mới Ca 1,2026-06-26 - Thứ 6,32,0.9063,0.5625,0,6.56,18,0,29.0016,0,14,2.9984,0.0937,0.4375,32,Đắk Nông,NTB,AM Nhung
NTB - Đắk Nông,(DNO) Quảng Khê,Hàng Mới Ca 1,2026-06-25 - Thứ 5,49,0.9592,0.8571,0.0204,7.57,41.9979,0.9996,47.0008,0.9996,6.0025,1.9992,0.0408,0.1225,49,Đắk Nông,NTB,AM Nhung
NTB - Đắk Nông,(DNO) Quảng Khê,Hàng Mới Ca 2,2026-06-21 - Chủ Nhật,1,1,0,0,0,0,0,1,0,1,0,0,1,1,Đắk Nông,NTB,AM Nhung
NTB - Đắk Nông,(DNO) Quảng Khê,Hàng Mới Ca 2,2026-07-13 - Thứ 2,3,0,0,0,0,0,0,0,0,3,3,1,1,3,Đắk Nông,NTB,AM Nhung
NTB - Đắk Nông,(DNO) Quảng Khê,Hàng Mới Ca 2,2026-07-12 - Chủ Nhật,4,0,0,0,0,0,0,0,0,4,4,1,1,4,Đắk Nông,NTB,AM Nhung
NTB - Đắk Nông,(DNO) Quảng Khê,Hàng Mới Ca 2,2026-07-14 - Thứ 3,5,0.2,0.2,0,4,1,0,1,0,4,4,0.8,0.8,5,Đắk Nông,NTB,AM Nhung
NTB - Đắk Nông,(DNO) Quảng Khê,Hàng Mới Ca 2,2026-07-16 - Thứ 5,5,0.2,0.2,0,1,1,0,1,0,4,4,0.8,0.8,5,Đắk Nông,NTB,AM Nhung
NTB - Đắk Nông,(DNO) Quảng Khê,Hàng Mới Ca 2,2026-07-17 - Thứ 6,6,0,0,0,0,0,0,0,0,6,6,1,1,6,Đắk Nông,NTB,AM Nhung
NTB - Đắk Nông,(DNO) Quảng Khê,Hàng Mới Ca 2,2026-07-11 - Thứ 7,6,0.1667,0.1667,0,4,1.0002,0,1.0002,0,4.9998,4.9998,0.8333,0.8333,6,Đắk Nông,NTB,AM Nhung
NTB - Đắk Nông,(DNO) Quảng Khê,Hàng Mới Ca 2,2026-07-15 - Thứ 4,8,0,0,0,0,0,0,0,0,8,8,1,1,8,Đắk Nông,NTB,AM Nhung
NTB - Đắk Nông,(DNO) Quảng Khê,Hàng Mới Ca 2,2026-07-09 - Thứ 5,11,0.4545,0.1818,0.1818,3,1.9998,1.9998,4.9995,1.9998,7.0004,6.0005,0.5455,0.6364,11,Đắk Nông,NTB,AM Nhung
NTB - Đắk Nông,(DNO) Quảng Khê,Hàng Mới Ca 2,2026-07-10 - Thứ 6,13,0.4615,0.4615,0,4.5,5.9995,0,5.9995,0,7.0005,7.0005,0.5385,0.5385,13,Đắk Nông,NTB,AM Nhung
NTB - Đắk Nông,(DNO) Quảng Khê,Hàng Tồn,2026-07-02 - Thứ 5,7,0.8571,0.5714,0.1429,35,3.9998,1.0003,5.9997,1.0003,1.9999,1.0003,0.1429,0.2857,0,Đắk Nông,NTB,AM Nhung
NTB - Đắk Nông,(DNO) Quảng Khê,Hàng Tồn,2026-07-03 - Thứ 6,10,0.7,0.2,0,31.5,2,0,7,0,8,3,0.3,0.8,0,Đắk Nông,NTB,AM Nhung
NTB - Đắk Nông,(DNO) Quảng Khê,Hàng Tồn,2026-06-26 - Thứ 6,10,0.9,0.7,0,51,7,0,9,0,3,1,0.1,0.3,0,Đắk Nông,NTB,AM Nhung
NTB - Đắk Nông,(DNO) Quảng Khê,Hàng Tồn,2026-07-08 - Thứ 4,10,0.6,0.3,0,73,3,0,6,0,7,4,0.4,0.7,0,Đắk Nông,NTB,AM Nhung
NTB - Đắk Nông,(DNO) Quảng Khê,Hàng Tồn,2026-07-14 - Thứ 3,12,0.5,0.1667,0,42.5,2.0004,0,6,0,9.9996,6,0.5,0.8333,0,Đắk Nông,NTB,AM Nhung
NTB - Đắk Nông,(DNO) Quảng Khê,Hàng Tồn,2026-07-06 - Thứ 2,12,0.8333,0.25,0,73.67,3,0,9.9996,0,9,2.0004,0.1667,0.75,0,Đắk Nông,NTB,AM Nhung
NTB - Đắk Nông,(DNO) Quảng Khê,Hàng Tồn,2026-06-28 - Chủ Nhật,13,0.6923,0.3846,0,37.6,4.9998,0,8.9999,0,8.0002,4.0001,0.3077,0.6154,0,Đắk Nông,NTB,AM Nhung
NTB - Đắk Nông,(DNO) Quảng Khê,Hàng Tồn,2026-07-07 - Thứ 3,13,0.7692,0.4615,0.2308,50,5.9995,3.0004,9.9996,3.0004,4.0001,3.0004,0.2308,0.3077,0,Đắk Nông,NTB,AM Nhung
NTB - Đắk Nông,(DNO) Quảng Khê,Hàng Tồn,2026-07-04 - Thứ 7,13,0.6923,0.5385,0,35.71,7.0005,0,8.9999,0,5.9995,4.0001,0.3077,0.4615,0,Đắk Nông,NTB,AM Nhung
NTB - Đắk Nông,(DNO) Quảng Khê,Hàng Tồn,2026-06-23 - Thứ 3,13,0.8462,0.3077,0,61.5,4.0001,0,11.0006,0,8.9999,1.9994,0.1538,0.6923,0,Đắk Nông,NTB,AM Nhung
NTB - Đắk Nông,(DNO) Quảng Khê,Hàng Tồn,2026-07-05 - Chủ Nhật,14,0.7143,0.3571,0,40.4,4.9994,0,10.0002,0,9.0006,3.9998,0.2857,0.6429,0,Đắk Nông,NTB,AM Nhung
NTB - Đắk Nông,(DNO) Quảng Khê,Hàng Tồn,2026-06-25 - Thứ 5,14,0.7857,0.5,0.1429,60.57,7,2.0006,10.9998,2.0006,4.9994,3.0002,0.2143,0.3571,0,Đắk Nông,NTB,AM Nhung
NTB - Đắk Nông,(DNO) Quảng Khê,Hàng Tồn,2026-06-29 - Thứ 2,14,0.3571,0.1429,0.0714,67,2.0006,0.9996,4.9994,0.9996,10.9998,9.0006,0.6429,0.7857,0,Đắk Nông,NTB,AM Nhung
NTB - Đắk Nông,(DNO) Quảng Khê,Hàng Tồn,2026-06-20 - Thứ 7,15,0.4,0.3333,0,52.2,4.9995,0,6,0,10.0005,9,0.6,0.6667,0,Đắk Nông,NTB,AM Nhung
NTB - Đắk Nông,(DNO) Quảng Khê,Hàng Tồn,2026-07-01 - Thứ 4,15,0.8667,0.8,0,44.83,12,0,13.0005,0,3,1.9995,0.1333,0.2,0,Đắk Nông,NTB,AM Nhung
NTB - Đắk Nông,(DNO) Quảng Khê,Hàng Tồn,2026-06-24 - Thứ 4,16,1,0.4375,0,43.29,7,0,16,0,9,0,0,0.5625,0,Đắk Nông,NTB,AM Nhung
NTB - Đắk Nông,(DNO) Quảng Khê,Hàng Tồn,2026-07-13 - Thứ 2,16,1,0.75,0.0625,42.33,12,1,16,1,3,0,0,0.1875,0,Đắk Nông,NTB,AM Nhung
NTB - Đắk Nông,(DNO) Quảng Khê,Hàng Tồn,2026-06-27 - Thứ 7,16,0.75,0.5625,0,31.89,9,0,12,0,7,4,0.25,0.4375,0,Đắk Nông,NTB,AM Nhung
NTB - Đắk Nông,(DNO) Quảng Khê,Hàng Tồn,2026-06-22 - Thứ 2,18,0.9444,0.5556,0,58.2,10.0008,0,16.9992,0,7.9992,1.0008,0.0556,0.4444,0,Đắk Nông,NTB,AM Nhung
NTB - Đắk Nông,(DNO) Quảng Khê,Hàng Tồn,2026-07-12 - Chủ Nhật,20,0.8,0.65,0.05,49.69,13,1,16,1,6,4,0.2,0.3,0,Đắk Nông,NTB,AM Nhung
NTB - Đắk Nông,(DNO) Quảng Khê,Hàng Tồn,2026-07-11 - Thứ 7,22,0.7727,0.5455,0,47.25,12.001,0,16.9994,0,9.999,5.0006,0.2273,0.4545,0,Đắk Nông,NTB,AM Nhung
NTB - Đắk Nông,(DNO) Quảng Khê,Hàng Tồn,2026-07-09 - Thứ 5,22,0.8636,0.5,0.0455,49.18,11,1.001,18.9992,1.001,9.999,3.0008,0.1364,0.4545,0,Đắk Nông,NTB,AM Nhung
NTB - Đắk Nông,(DNO) Quảng Khê,Hàng Tồn,2026-06-21 - Chủ Nhật,23,0.9565,0.6957,0,52.63,16.0011,0,21.9995,0,6.9989,1.0005,0.0435,0.3043,0,Đắk Nông,NTB,AM Nhung
NTB - Đắk Nông,(DNO) Quảng Khê,Hàng Tồn,2026-06-30 - Thứ 3,24,0.875,0.6667,0.0417,52.38,16.0008,1.0008,21,1.0008,6.9984,3,0.125,0.2916,0,Đắk Nông,NTB,AM Nhung
NTB - Đắk Nông,(DNO) Quảng Khê,Hàng Tồn,2026-07-17 - Thứ 6,27,0.8889,0.5185,0,44.5,13.9995,0,24.0003,0,13.0005,2.9997,0.1111,0.4815,0,Đắk Nông,NTB,AM Nhung
NTB - Đắk Nông,(DNO) Quảng Khê,Hàng Tồn,2026-07-10 - Thứ 6,29,0.8276,0.5517,0,40.94,15.9993,0,24.0004,0,13.0007,4.9996,0.1724,0.4483,0,Đắk Nông,NTB,AM Nhung
NTB - Đắk Nông,(DNO) Quảng Khê,Hàng Tồn,2026-07-16 - Thứ 5,30,0.8333,0.5,0.0667,48.73,15,2.001,24.999,2.001,12.999,5.001,0.1667,0.4333,0,Đắk Nông,NTB,AM Nhung
NTB - Đắk Nông,(DNO) Quảng Khê,Hàng Tồn,2026-07-15 - Thứ 4,31,0.4839,0.3226,0,35.4,10.0006,0,15.0009,0,20.9994,15.9991,0.5161,0.6774,0,Đắk Nông,NTB,AM Nhung
NTB - Đắk Nông,(DNO) Nhân Cơ,Hàng Mới Ca 1,2026-07-06 - Thứ 2,5,1,0.8,0,5.25,4,0,5,0,1,0,0,0.2,5,Đắk Nông,NTB,AM Phước
NTB - Đắk Nông,(DNO) Nhân Cơ,Hàng Mới Ca 1,2026-07-05 - Chủ Nhật,6,1,0.6667,0.1667,9.5,4.0002,1.0002,6,1.0002,0.9996,0,0,0.1666,6,Đắk Nông,NTB,AM Phước
NTB - Đắk Nông,(DNO) Nhân Cơ,Hàng Mới Ca 1,2026-06-30 - Thứ 3,6,1,0.6667,0,8.75,4.0002,0,6,0,1.9998,0,0,0.3333,6,Đắk Nông,NTB,AM Phước
NTB - Đắk Nông,(DNO) Nhân Cơ,Hàng Mới Ca 1,2026-06-29 - Thứ 2,7,1,1,0,6,7,0,7,0,0,0,0,0,7,Đắk Nông,NTB,AM Phước
NTB - Đắk Nông,(DNO) Nhân Cơ,Hàng Mới Ca 1,2026-06-21 - Chủ Nhật,8,1,0.75,0.125,4.83,6,1,8,1,1,0,0,0.125,8,Đắk Nông,NTB,AM Phước
NTB - Đắk Nông,(DNO) Nhân Cơ,Hàng Mới Ca 1,2026-06-28 - Chủ Nhật,8,1,0.75,0,8.5,6,0,8,0,2,0,0,0.25,8,Đắk Nông,NTB,AM Phước
NTB - Đắk Nông,(DNO) Nhân Cơ,Hàng Mới Ca 1,2026-07-14 - Thứ 3,9,1,1,0,5.67,9,0,9,0,0,0,0,0,9,Đắk Nông,NTB,AM Phước
NTB - Đắk Nông,(DNO) Nhân Cơ,Hàng Mới Ca 1,2026-07-07 - Thứ 3,9,1,0.7778,0,6.57,7.0002,0,9,0,1.9998,0,0,0.2222,9,Đắk Nông,NTB,AM Phước
NTB - Đắk Nông,(DNO) Nhân Cơ,Hàng Mới Ca 1,2026-06-22 - Thứ 2,9,0.8889,0.8889,0,6.63,8.0001,0,8.0001,0,0.9999,0.9999,0.1111,0.1111,9,Đắk Nông,NTB,AM Phước
NTB - Đắk Nông,(DNO) Nhân Cơ,Hàng Mới Ca 1,2026-07-15 - Thứ 4,9,1,0.7778,0.1111,7.29,7.0002,0.9999,9,0.9999,0.9999,0,0,0.1111,9,Đắk Nông,NTB,AM Phước
NTB - Đắk Nông,(DNO) Nhân Cơ,Hàng Mới Ca 1,2026-06-20 - Thứ 7,9,0.8889,0.8889,0,6.5,8.0001,0,8.0001,0,0.9999,0.9999,0.1111,0.1111,9,Đắk Nông,NTB,AM Phước
NTB - Đắk Nông,(DNO) Nhân Cơ,Hàng Mới Ca 1,2026-07-11 - Thứ 7,10,0.7,0.7,0,5,7,0,7,0,3,3,0.3,0.3,10,Đắk Nông,NTB,AM Phước
NTB - Đắk Nông,(DNO) Nhân Cơ,Hàng Mới Ca 1,2026-06-23 - Thứ 3,11,1,1,0,5.36,11,0,11,0,0,0,0,0,11,Đắk Nông,NTB,AM Phước
NTB - Đắk Nông,(DNO) Nhân Cơ,Hàng Mới Ca 1,2026-07-12 - Chủ Nhật,11,0.5455,0.4545,0,7.6,4.9995,0,6.0005,0,6.0005,4.9995,0.4545,0.5455,11,Đắk Nông,NTB,AM Phước
NTB - Đắk Nông,(DNO) Nhân Cơ,Hàng Mới Ca 1,2026-07-08 - Thứ 4,11,1,0.6364,0,8.86,7.0004,0,11,0,3.9996,0,0,0.3636,11,Đắk Nông,NTB,AM Phước
NTB - Đắk Nông,(DNO) Nhân Cơ,Hàng Mới Ca 1,2026-06-27 - Thứ 7,11,1,0.9091,0,6,10.0001,0,11,0,0.9999,0,0,0.0909,11,Đắk Nông,NTB,AM Phước
NTB - Đắk Nông,(DNO) Nhân Cơ,Hàng Mới Ca 1,2026-07-01 - Thứ 4,12,0.3333,0.3333,0,6.25,3.9996,0,3.9996,0,8.0004,8.0004,0.6667,0.6667,12,Đắk Nông,NTB,AM Phước
NTB - Đắk Nông,(DNO) Nhân Cơ,Hàng Mới Ca 1,2026-07-10 - Thứ 6,12,1,1,0,10,12,0,12,0,0,0,0,0,12,Đắk Nông,NTB,AM Phước
NTB - Đắk Nông,(DNO) Nhân Cơ,Hàng Mới Ca 1,2026-06-25 - Thứ 5,13,1,0.7692,0,7.2,9.9996,0,13,0,3.0004,0,0,0.2308,13,Đắk Nông,NTB,AM Phước
NTB - Đắk Nông,(DNO) Nhân Cơ,Hàng Mới Ca 1,2026-07-04 - Thứ 7,14,1,1,0,6.29,14,0,14,0,0,0,0,0,14,Đắk Nông,NTB,AM Phước
NTB - Đắk Nông,(DNO) Nhân Cơ,Hàng Mới Ca 1,2026-07-09 - Thứ 5,14,0.2857,0.2857,0,8.5,3.9998,0,3.9998,0,10.0002,10.0002,0.7143,0.7143,14,Đắk Nông,NTB,AM Phước
NTB - Đắk Nông,(DNO) Nhân Cơ,Hàng Mới Ca 1,2026-07-13 - Thứ 2,15,0.8667,0.8,0,7,12,0,13.0005,0,3,1.9995,0.1333,0.2,15,Đắk Nông,NTB,AM Phước
NTB - Đắk Nông,(DNO) Nhân Cơ,Hàng Mới Ca 1,2026-07-03 - Thứ 6,15,1,0.8667,0,8,13.0005,0,15,0,1.9995,0,0,0.1333,15,Đắk Nông,NTB,AM Phước
NTB - Đắk Nông,(DNO) Nhân Cơ,Hàng Mới Ca 1,2026-06-24 - Thứ 4,16,1,0.875,0,6.21,14,0,16,0,2,0,0,0.125,16,Đắk Nông,NTB,AM Phước
NTB - Đắk Nông,(DNO) Nhân Cơ,Hàng Mới Ca 1,2026-07-16 - Thứ 5,16,1,0.9375,0,6.8,15,0,16,0,1,0,0,0.0625,16,Đắk Nông,NTB,AM Phước
NTB - Đắk Nông,(DNO) Nhân Cơ,Hàng Mới Ca 1,2026-07-17 - Thứ 6,17,1,0.7647,0,8,12.9999,0,17,0,4.0001,0,0,0.2353,17,Đắk Nông,NTB,AM Phước
NTB - Đắk Nông,(DNO) Nhân Cơ,Hàng Mới Ca 1,2026-07-02 - Thứ 5,18,1,0.6667,0,10.25,12.0006,0,18,0,5.9994,0,0,0.3333,18,Đắk Nông,NTB,AM Phước
NTB - Đắk Nông,(DNO) Nhân Cơ,Hàng Mới Ca 1,2026-06-26 - Thứ 6,18,1,0.8333,0,7.53,14.9994,0,18,0,3.0006,0,0,0.1667,18,Đắk Nông,NTB,AM Phước
NTB - Đắk Nông,(DNO) Nhân Cơ,Hàng Mới Ca 2,2026-07-09 - Thứ 5,68,0.8382,0.8088,0,3.04,54.9984,0,56.9976,0,13.0016,11.0024,0.1618,0.1912,68,Đắk Nông,NTB,AM Phước
NTB - Đắk Nông,(DNO) Nhân Cơ,Hàng Mới Ca 2,2026-07-14 - Thứ 3,2,0,0,0,0,0,0,0,0,2,2,1,1,2,Đắk Nông,NTB,AM Phước
NTB - Đắk Nông,(DNO) Nhân Cơ,Hàng Mới Ca 2,2026-07-06 - Thứ 2,3,0,0,0,0,0,0,0,0,3,3,1,1,3,Đắk Nông,NTB,AM Phước
NTB - Đắk Nông,(DNO) Nhân Cơ,Hàng Mới Ca 2,2026-06-23 - Thứ 3,3,0,0,0,0,0,0,0,0,3,3,1,1,3,Đắk Nông,NTB,AM Phước
NTB - Đắk Nông,(DNO) Nhân Cơ,Hàng Mới Ca 2,2026-06-29 - Thứ 2,3,0.6667,0.6667,0,4,2.0001,0,2.0001,0,0.9999,0.9999,0.3333,0.3333,3,Đắk Nông,NTB,AM Phước
NTB - Đắk Nông,(DNO) Nhân Cơ,Hàng Mới Ca 2,2026-07-12 - Chủ Nhật,3,0,0,0,0,0,0,0,0,3,3,1,1,3,Đắk Nông,NTB,AM Phước
NTB - Đắk Nông,(DNO) Nhân Cơ,Hàng Mới Ca 2,2026-07-07 - Thứ 3,3,0,0,0,0,0,0,0,0,3,3,1,1,3,Đắk Nông,NTB,AM Phước
NTB - Đắk Nông,(DNO) Nhân Cơ,Hàng Mới Ca 2,2026-07-05 - Chủ Nhật,3,0.6667,0.6667,0,3.5,2.0001,0,2.0001,0,0.9999,0.9999,0.3333,0.3333,3,Đắk Nông,NTB,AM Phước
NTB - Đắk Nông,(DNO) Nhân Cơ,Hàng Mới Ca 2,2026-06-21 - Chủ Nhật,4,0.25,0.25,0,4,1,0,1,0,3,3,0.75,0.75,4,Đắk Nông,NTB,AM Phước
NTB - Đắk Nông,(DNO) Nhân Cơ,Hàng Mới Ca 2,2026-06-24 - Thứ 4,4,0.5,0.5,0,7,2,0,2,0,2,2,0.5,0.5,4,Đắk Nông,NTB,AM Phước
NTB - Đắk Nông,(DNO) Nhân Cơ,Hàng Mới Ca 2,2026-06-30 - Thứ 3,6,0,0,0,0,0,0,0,0,6,6,1,1,6,Đắk Nông,NTB,AM Phước
NTB - Đắk Nông,(DNO) Nhân Cơ,Hàng Mới Ca 2,2026-07-16 - Thứ 5,6,0.6667,0.5,0,5,3,0,4.0002,0,3,1.9998,0.3333,0.5,6,Đắk Nông,NTB,AM Phước
NTB - Đắk Nông,(DNO) Nhân Cơ,Hàng Mới Ca 2,2026-07-13 - Thứ 2,6,0.3333,0.3333,0,4.5,1.9998,0,1.9998,0,4.0002,4.0002,0.6667,0.6667,6,Đắk Nông,NTB,AM Phước
NTB - Đắk Nông,(DNO) Nhân Cơ,Hàng Mới Ca 2,2026-07-04 - Thứ 7,7,0,0,0,0,0,0,0,0,7,7,1,1,7,Đắk Nông,NTB,AM Phước
NTB - Đắk Nông,(DNO) Nhân Cơ,Hàng Mới Ca 2,2026-06-25 - Thứ 5,7,0.2857,0.2857,0,4.5,1.9999,0,1.9999,0,5.0001,5.0001,0.7143,0.7143,7,Đắk Nông,NTB,AM Phước
NTB - Đắk Nông,(DNO) Nhân Cơ,Hàng Mới Ca 2,2026-06-20 - Thứ 7,7,0.2857,0.1429,0,6,1.0003,0,1.9999,0,5.9997,5.0001,0.7143,0.8571,7,Đắk Nông,NTB,AM Phước
NTB - Đắk Nông,(DNO) Nhân Cơ,Hàng Mới Ca 2,2026-07-03 - Thứ 6,7,0.2857,0.2857,0,5,1.9999,0,1.9999,0,5.0001,5.0001,0.7143,0.7143,7,Đắk Nông,NTB,AM Phước
NTB - Đắk Nông,(DNO) Nhân Cơ,Hàng Mới Ca 2,2026-07-15 - Thứ 4,8,0.375,0.375,0,2.33,3,0,3,0,5,5,0.625,0.625,8,Đắk Nông,NTB,AM Phước
NTB - Đắk Nông,(DNO) Nhân Cơ,Hàng Mới Ca 2,2026-07-17 - Thứ 6,8,0.125,0.125,0,6,1,0,1,0,7,7,0.875,0.875,8,Đắk Nông,NTB,AM Phước
NTB - Đắk Nông,(DNO) Nhân Cơ,Hàng Mới Ca 2,2026-07-10 - Thứ 6,10,0.3,0.3,0,5.67,3,0,3,0,7,7,0.7,0.7,10,Đắk Nông,NTB,AM Phước
NTB - Đắk Nông,(DNO) Nhân Cơ,Hàng Mới Ca 2,2026-06-22 - Thứ 2,10,0.4,0.3,0,2.33,3,0,4,0,7,6,0.6,0.7,10,Đắk Nông,NTB,AM Phước
NTB - Đắk Nông,(DNO) Nhân Cơ,Hàng Mới Ca 2,2026-07-11 - Thứ 7,10,0.1,0.1,0,2,1,0,1,0,9,9,0.9,0.9,10,Đắk Nông,NTB,AM Phước
NTB - Đắk Nông,(DNO) Nhân Cơ,Hàng Mới Ca 2,2026-07-02 - Thứ 5,11,0,0,0,0,0,0,0,0,11,11,1,1,11,Đắk Nông,NTB,AM Phước
NTB - Đắk Nông,(DNO) Nhân Cơ,Hàng Mới Ca 2,2026-07-08 - Thứ 4,11,0.2727,0.2727,0,3.33,2.9997,0,2.9997,0,8.0003,8.0003,0.7273,0.7273,11,Đắk Nông,NTB,AM Phước
NTB - Đắk Nông,(DNO) Nhân Cơ,Hàng Mới Ca 2,2026-06-28 - Chủ Nhật,12,0.6667,0.6667,0,4.25,8.0004,0,8.0004,0,3.9996,3.9996,0.3333,0.3333,12,Đắk Nông,NTB,AM Phước
NTB - Đắk Nông,(DNO) Nhân Cơ,Hàng Mới Ca 2,2026-06-27 - Thứ 7,13,0.4615,0.3846,0.0769,3.8,4.9998,0.9997,5.9995,0.9997,7.0005,7.0005,0.5385,0.5385,13,Đắk Nông,NTB,AM Phước
NTB - Đắk Nông,(DNO) Nhân Cơ,Hàng Mới Ca 2,2026-07-01 - Thứ 4,30,0.7333,0.7,0,5.05,21,0,21.999,0,9,8.001,0.2667,0.3,30,Đắk Nông,NTB,AM Phước
NTB - Đắk Nông,(DNO) Nhân Cơ,Hàng Tồn,2026-06-30 - Thứ 3,2,1,1,0,66.5,2,0,2,0,0,0,0,0,0,Đắk Nông,NTB,AM Phước
NTB - Đắk Nông,(DNO) Nhân Cơ,Hàng Tồn,2026-06-24 - Thứ 4,4,1,0.5,0,24.5,2,0,4,0,2,0,0,0.5,0,Đắk Nông,NTB,AM Phước
NTB - Đắk Nông,(DNO) Nhân Cơ,Hàng Tồn,2026-07-06 - Thứ 2,4,0.75,0.5,0.25,30,2,1,3,1,1,1,0.25,0.25,0,Đắk Nông,NTB,AM Phước
NTB - Đắk Nông,(DNO) Nhân Cơ,Hàng Tồn,2026-06-27 - Thứ 7,5,1,0.4,0,35.5,2,0,5,0,3,0,0,0.6,0,Đắk Nông,NTB,AM Phước
NTB - Đắk Nông,(DNO) Nhân Cơ,Hàng Tồn,2026-06-25 - Thứ 5,5,1,0.8,0,33.5,4,0,5,0,1,0,0,0.2,0,Đắk Nông,NTB,AM Phước
NTB - Đắk Nông,(DNO) Nhân Cơ,Hàng Tồn,2026-07-08 - Thứ 4,6,0.8333,0.6667,0,27.25,4.0002,0,4.9998,0,1.9998,1.0002,0.1667,0.3333,0,Đắk Nông,NTB,AM Phước
NTB - Đắk Nông,(DNO) Nhân Cơ,Hàng Tồn,2026-07-15 - Thứ 4,7,0.7143,0.2857,0,34.5,1.9999,0,5.0001,0,5.0001,1.9999,0.2857,0.7143,0,Đắk Nông,NTB,AM Phước
NTB - Đắk Nông,(DNO) Nhân Cơ,Hàng Tồn,2026-07-17 - Thứ 6,7,0.8571,0.5714,0.1429,27.25,3.9998,1.0003,5.9997,1.0003,1.9999,1.0003,0.1429,0.2857,0,Đắk Nông,NTB,AM Phước
NTB - Đắk Nông,(DNO) Nhân Cơ,Hàng Tồn,2026-06-22 - Thứ 2,7,1,0.8571,0,36.83,5.9997,0,7,0,1.0003,0,0,0.1429,0,Đắk Nông,NTB,AM Phước
NTB - Đắk Nông,(DNO) Nhân Cơ,Hàng Tồn,2026-07-01 - Thứ 4,8,0.125,0,0,0,0,0,1,0,8,7,0.875,1,0,Đắk Nông,NTB,AM Phước
NTB - Đắk Nông,(DNO) Nhân Cơ,Hàng Tồn,2026-07-07 - Thứ 3,8,0.875,0.875,0,47.57,7,0,7,0,1,1,0.125,0.125,0,Đắk Nông,NTB,AM Phước
NTB - Đắk Nông,(DNO) Nhân Cơ,Hàng Tồn,2026-06-23 - Thứ 3,8,1,0.875,0,24.86,7,0,8,0,1,0,0,0.125,0,Đắk Nông,NTB,AM Phước
NTB - Đắk Nông,(DNO) Nhân Cơ,Hàng Tồn,2026-06-29 - Thứ 2,8,0.875,0.875,0,30.71,7,0,7,0,1,1,0.125,0.125,0,Đắk Nông,NTB,AM Phước
NTB - Đắk Nông,(DNO) Nhân Cơ,Hàng Tồn,2026-06-26 - Thứ 6,9,1,0.5556,0.1111,27.4,5.0004,0.9999,9,0.9999,2.9997,0,0,0.3333,0,Đắk Nông,NTB,AM Phước
NTB - Đắk Nông,(DNO) Nhân Cơ,Hàng Tồn,2026-07-16 - Thứ 5,10,0.8,0.4,0,33.75,4,0,8,0,6,2,0.2,0.6,0,Đắk Nông,NTB,AM Phước
NTB - Đắk Nông,(DNO) Nhân Cơ,Hàng Tồn,2026-06-28 - Chủ Nhật,10,1,0.8,0,28.13,8,0,10,0,2,0,0,0.2,0,Đắk Nông,NTB,AM Phước
NTB - Đắk Nông,(DNO) Nhân Cơ,Hàng Tồn,2026-06-21 - Chủ Nhật,12,0.9167,0.6667,0,32.25,8.0004,0,11.0004,0,3.9996,0.9996,0.0833,0.3333,0,Đắk Nông,NTB,AM Phước
NTB - Đắk Nông,(DNO) Nhân Cơ,Hàng Tồn,2026-07-05 - Chủ Nhật,12,0.9167,0.5,0.0833,45.33,6,0.9996,11.0004,0.9996,5.0004,0.9996,0.0833,0.4167,0,Đắk Nông,NTB,AM Phước
NTB - Đắk Nông,(DNO) Nhân Cơ,Hàng Tồn,2026-07-09 - Thứ 5,14,0.9286,0.8571,0,32.92,11.9994,0,13.0004,0,2.0006,0.9996,0.0714,0.1429,0,Đắk Nông,NTB,AM Phước
NTB - Đắk Nông,(DNO) Nhân Cơ,Hàng Tồn,2026-07-14 - Thứ 3,14,0.8571,0.6429,0,48.67,9.0006,0,11.9994,0,4.9994,2.0006,0.1429,0.3571,0,Đắk Nông,NTB,AM Phước
NTB - Đắk Nông,(DNO) Nhân Cơ,Hàng Tồn,2026-06-20 - Thứ 7,18,0.9444,0.7222,0,45.62,12.9996,0,16.9992,0,5.0004,1.0008,0.0556,0.2778,0,Đắk Nông,NTB,AM Phước
NTB - Đắk Nông,(DNO) Nhân Cơ,Hàng Tồn,2026-07-13 - Thứ 2,19,0.8421,0.6316,0,45.75,12.0004,0,15.9999,0,6.9996,3.0001,0.1579,0.3684,0,Đắk Nông,NTB,AM Phước
NTB - Đắk Nông,(DNO) Nhân Cơ,Hàng Tồn,2026-07-04 - Thứ 7,20,0.9,0.75,0,57.87,15,0,18,0,5,2,0.1,0.25,0,Đắk Nông,NTB,AM Phước
NTB - Đắk Nông,(DNO) Nhân Cơ,Hàng Tồn,2026-07-11 - Thứ 7,22,0.3182,0.2273,0,34.8,5.0006,0,7.0004,0,16.9994,14.9996,0.6818,0.7727,0,Đắk Nông,NTB,AM Phước
NTB - Đắk Nông,(DNO) Nhân Cơ,Hàng Tồn,2026-07-02 - Thứ 5,23,0.8261,0.3478,0,30.88,7.9994,0,19.0003,0,15.0006,3.9997,0.1739,0.6522,0,Đắk Nông,NTB,AM Phước
NTB - Đắk Nông,(DNO) Nhân Cơ,Hàng Tồn,2026-07-03 - Thứ 6,25,0.8,0.64,0,36.69,16,0,20,0,9,5,0.2,0.36,0,Đắk Nông,NTB,AM Phước
NTB - Đắk Nông,(DNO) Nhân Cơ,Hàng Tồn,2026-07-10 - Thứ 6,25,0.52,0.4,0,30,10,0,13,0,15,12,0.48,0.6,0,Đắk Nông,NTB,AM Phước
NTB - Đắk Nông,(DNO) Nhân Cơ,Hàng Tồn,2026-07-12 - Chủ Nhật,28,0.7143,0.6429,0,54.89,18.0012,0,20.0004,0,9.9988,7.9996,0.2857,0.3571,0,Đắk Nông,NTB,AM Phước
NTB - Đắk Nông,(DNO) Krông Nô,Hàng Mới Ca 1,2026-07-09 - Thứ 5,68,1,0.8824,0.0147,9.15,60.0032,0.9996,68,0.9996,6.9972,0,0,0.1029,68,Đắk Nông,NTB,AM Nhung
NTB - Đắk Nông,(DNO) Krông Nô,Hàng Mới Ca 1,2026-07-10 - Thứ 6,58,1,0.8966,0,9.02,52.0028,0,58,0,5.9972,0,0,0.1034,58,Đắk Nông,NTB,AM Nhung
NTB - Đắk Nông,(DNO) Krông Nô,Hàng Mới Ca 1,2026-06-24 - Thứ 4,52,1,0.8846,0,9.78,45.9992,0,52,0,6.0008,0,0,0.1154,52,Đắk Nông,NTB,AM Nhung
NTB - Đắk Nông,(DNO) Krông Nô,Hàng Mới Ca 1,2026-07-07 - Thứ 3,9,1,1,0,11.22,9,0,9,0,0,0,0,0,9,Đắk Nông,NTB,AM Nhung
NTB - Đắk Nông,(DNO) Krông Nô,Hàng Mới Ca 1,2026-06-30 - Thứ 3,16,1,0.8125,0,9,13,0,16,0,3,0,0,0.1875,16,Đắk Nông,NTB,AM Nhung
NTB - Đắk Nông,(DNO) Krông Nô,Hàng Mới Ca 1,2026-06-29 - Thứ 2,20,1,0.95,0,12.05,19,0,20,0,1,0,0,0.05,20,Đắk Nông,NTB,AM Nhung
NTB - Đắk Nông,(DNO) Krông Nô,Hàng Mới Ca 1,2026-06-23 - Thứ 3,21,1,0.8095,0,8.82,16.9995,0,21,0,4.0005,0,0,0.1905,21,Đắk Nông,NTB,AM Nhung
NTB - Đắk Nông,(DNO) Krông Nô,Hàng Mới Ca 1,2026-07-14 - Thứ 3,23,1,0.8261,0,11.26,19.0003,0,23,0,3.9997,0,0,0.1739,23,Đắk Nông,NTB,AM Nhung
NTB - Đắk Nông,(DNO) Krông Nô,Hàng Mới Ca 1,2026-07-16 - Thứ 5,25,1,0.68,0,11.65,17,0,25,0,8,0,0,0.32,25,Đắk Nông,NTB,AM Nhung
NTB - Đắk Nông,(DNO) Krông Nô,Hàng Mới Ca 1,2026-07-02 - Thứ 5,26,1,0.8462,0,7.82,22.0012,0,26,0,3.9988,0,0,0.1538,26,Đắk Nông,NTB,AM Nhung
NTB - Đắk Nông,(DNO) Krông Nô,Hàng Mới Ca 1,2026-07-15 - Thứ 4,27,1,0.8519,0,10.22,23.0013,0,27,0,3.9987,0,0,0.1481,27,Đắk Nông,NTB,AM Nhung
NTB - Đắk Nông,(DNO) Krông Nô,Hàng Mới Ca 1,2026-07-05 - Chủ Nhật,28,1,0.8571,0.0714,10.58,23.9988,1.9992,28,1.9992,2.002,0,0,0.0715,28,Đắk Nông,NTB,AM Nhung
NTB - Đắk Nông,(DNO) Krông Nô,Hàng Mới Ca 1,2026-07-04 - Thứ 7,28,1,0.8929,0.0357,10.08,25.0012,0.9996,28,0.9996,1.9992,0,0,0.0714,28,Đắk Nông,NTB,AM Nhung
NTB - Đắk Nông,(DNO) Krông Nô,Hàng Mới Ca 1,2026-07-06 - Thứ 2,29,1,0.7241,0,9.33,20.9989,0,29,0,8.0011,0,0,0.2759,29,Đắk Nông,NTB,AM Nhung
NTB - Đắk Nông,(DNO) Krông Nô,Hàng Mới Ca 1,2026-07-03 - Thứ 6,30,1,0.8,0,10.38,24,0,30,0,6,0,0,0.2,30,Đắk Nông,NTB,AM Nhung
NTB - Đắk Nông,(DNO) Krông Nô,Hàng Mới Ca 1,2026-06-26 - Thứ 6,31,1,0.8065,0.0323,12.08,25.0015,1.0013,31,1.0013,4.9972,0,0,0.1612,31,Đắk Nông,NTB,AM Nhung
NTB - Đắk Nông,(DNO) Krông Nô,Hàng Mới Ca 1,2026-07-13 - Thứ 2,33,1,0.8182,0.0303,10.7,27.0006,0.9999,33,0.9999,4.9995,0,0,0.1515,33,Đắk Nông,NTB,AM Nhung
NTB - Đắk Nông,(DNO) Krông Nô,Hàng Mới Ca 1,2026-06-20 - Thứ 7,33,1,0.9091,0,9.47,30.0003,0,33,0,2.9997,0,0,0.0909,33,Đắk Nông,NTB,AM Nhung
NTB - Đắk Nông,(DNO) Krông Nô,Hàng Mới Ca 1,2026-07-12 - Chủ Nhật,34,1,0.8529,0.0294,10.93,28.9986,0.9996,34,0.9996,4.0018,0,0,0.1177,34,Đắk Nông,NTB,AM Nhung
NTB - Đắk Nông,(DNO) Krông Nô,Hàng Mới Ca 1,2026-06-25 - Thứ 5,34,1,0.7941,0.0588,11.89,26.9994,1.9992,34,1.9992,5.0014,0,0,0.1471,34,Đắk Nông,NTB,AM Nhung
NTB - Đắk Nông,(DNO) Krông Nô,Hàng Mới Ca 1,2026-06-22 - Thứ 2,34,1,0.6765,0,12.22,23.001,0,34,0,10.999,0,0,0.3235,34,Đắk Nông,NTB,AM Nhung
NTB - Đắk Nông,(DNO) Krông Nô,Hàng Mới Ca 1,2026-07-01 - Thứ 4,36,1,0.8611,0.0278,10.39,30.9996,1.0008,36,1.0008,3.9996,0,0,0.1111,36,Đắk Nông,NTB,AM Nhung
NTB - Đắk Nông,(DNO) Krông Nô,Hàng Mới Ca 1,2026-06-21 - Chủ Nhật,40,1,0.65,0,11.69,26,0,40,0,14,0,0,0.35,40,Đắk Nông,NTB,AM Nhung
NTB - Đắk Nông,(DNO) Krông Nô,Hàng Mới Ca 1,2026-07-17 - Thứ 6,40,1,0.875,0.025,12.54,35,1,40,1,4,0,0,0.1,40,Đắk Nông,NTB,AM Nhung
NTB - Đắk Nông,(DNO) Krông Nô,Hàng Mới Ca 1,2026-07-11 - Thứ 7,41,1,0.7561,0.0488,8.35,31.0001,2.0008,41,2.0008,7.9991,0,0,0.1951,41,Đắk Nông,NTB,AM Nhung
NTB - Đắk Nông,(DNO) Krông Nô,Hàng Mới Ca 1,2026-06-27 - Thứ 7,47,1,0.8298,0,9.41,39.0006,0,47,0,7.9994,0,0,0.1702,47,Đắk Nông,NTB,AM Nhung
NTB - Đắk Nông,(DNO) Krông Nô,Hàng Mới Ca 1,2026-06-28 - Chủ Nhật,49,1,0.7551,0.0408,12.22,36.9999,1.9992,49,1.9992,10.0009,0,0,0.2041,49,Đắk Nông,NTB,AM Nhung
NTB - Đắk Nông,(DNO) Krông Nô,Hàng Mới Ca 1,2026-07-08 - Thứ 4,50,1,0.96,0,10.33,48,0,50,0,2,0,0,0.04,50,Đắk Nông,NTB,AM Nhung
NTB - Đắk Nông,(DNO) Krông Nô,Hàng Mới Ca 2,2026-07-13 - Thứ 2,10,0.5,0.3,0,2,3,0,5,0,7,5,0.5,0.7,10,Đắk Nông,NTB,AM Nhung
NTB - Đắk Nông,(DNO) Krông Nô,Hàng Mới Ca 2,2026-06-22 - Thứ 2,12,0.5833,0.5833,0,2.29,6.9996,0,6.9996,0,5.0004,5.0004,0.4167,0.4167,12,Đắk Nông,NTB,AM Nhung
NTB - Đắk Nông,(DNO) Krông Nô,Hàng Mới Ca 2,2026-07-06 - Thứ 2,13,0.3846,0.3077,0,3,4.0001,0,4.9998,0,8.9999,8.0002,0.6154,0.6923,13,Đắk Nông,NTB,AM Nhung
NTB - Đắk Nông,(DNO) Krông Nô,Hàng Mới Ca 2,2026-07-12 - Chủ Nhật,16,0.4375,0.25,0,3.25,4,0,7,0,12,9,0.5625,0.75,16,Đắk Nông,NTB,AM Nhung
NTB - Đắk Nông,(DNO) Krông Nô,Hàng Mới Ca 2,2026-07-16 - Thứ 5,17,0.4118,0.2941,0.0588,3.4,4.9997,0.9996,7.0006,0.9996,11.0007,9.9994,0.5882,0.6471,17,Đắk Nông,NTB,AM Nhung
NTB - Đắk Nông,(DNO) Krông Nô,Hàng Mới Ca 2,2026-06-20 - Thứ 7,18,0.4444,0.3333,0,2.17,5.9994,0,7.9992,0,12.0006,10.0008,0.5556,0.6667,18,Đắk Nông,NTB,AM Nhung
NTB - Đắk Nông,(DNO) Krông Nô,Hàng Mới Ca 2,2026-07-14 - Thứ 3,18,0.6667,0.6667,0,1.83,12.0006,0,12.0006,0,5.9994,5.9994,0.3333,0.3333,18,Đắk Nông,NTB,AM Nhung
NTB - Đắk Nông,(DNO) Krông Nô,Hàng Mới Ca 2,2026-06-27 - Thứ 7,18,0.2222,0.1111,0.1111,1,1.9998,1.9998,3.9996,1.9998,14.0004,14.0004,0.7778,0.7778,18,Đắk Nông,NTB,AM Nhung
NTB - Đắk Nông,(DNO) Krông Nô,Hàng Mới Ca 2,2026-07-03 - Thứ 6,19,0.1579,0.1579,0,1.33,3.0001,0,3.0001,0,15.9999,15.9999,0.8421,0.8421,19,Đắk Nông,NTB,AM Nhung
NTB - Đắk Nông,(DNO) Krông Nô,Hàng Mới Ca 2,2026-07-17 - Thứ 6,20,0.5,0.35,0,2,7,0,10,0,13,10,0.5,0.65,20,Đắk Nông,NTB,AM Nhung
NTB - Đắk Nông,(DNO) Krông Nô,Hàng Mới Ca 2,2026-07-07 - Thứ 3,22,0.1364,0.0909,0,2.5,1.9998,0,3.0008,0,20.0002,18.9992,0.8636,0.9091,22,Đắk Nông,NTB,AM Nhung
NTB - Đắk Nông,(DNO) Krông Nô,Hàng Mới Ca 2,2026-06-29 - Thứ 2,22,0.2727,0.1364,0,2.33,3.0008,0,5.9994,0,18.9992,16.0006,0.7273,0.8636,22,Đắk Nông,NTB,AM Nhung
NTB - Đắk Nông,(DNO) Krông Nô,Hàng Mới Ca 2,2026-06-21 - Chủ Nhật,23,0.3478,0.3043,0,2.14,6.9989,0,7.9994,0,16.0011,15.0006,0.6522,0.6957,23,Đắk Nông,NTB,AM Nhung
NTB - Đắk Nông,(DNO) Krông Nô,Hàng Mới Ca 2,2026-06-24 - Thứ 4,24,0.375,0.2917,0.0833,4,7.0008,1.9992,9,1.9992,15,15,0.625,0.625,24,Đắk Nông,NTB,AM Nhung
NTB - Đắk Nông,(DNO) Krông Nô,Hàng Mới Ca 2,2026-06-25 - Thứ 5,25,0.48,0.44,0,2.91,11,0,12,0,14,13,0.52,0.56,25,Đắk Nông,NTB,AM Nhung
NTB - Đắk Nông,(DNO) Krông Nô,Hàng Mới Ca 2,2026-07-11 - Thứ 7,25,0.6,0.6,0,2.2,15,0,15,0,10,10,0.4,0.4,25,Đắk Nông,NTB,AM Nhung
NTB - Đắk Nông,(DNO) Krông Nô,Hàng Mới Ca 2,2026-07-02 - Thứ 5,26,0.3077,0.2692,0,3.43,6.9992,0,8.0002,0,19.0008,17.9998,0.6923,0.7308,26,Đắk Nông,NTB,AM Nhung
NTB - Đắk Nông,(DNO) Krông Nô,Hàng Mới Ca 2,2026-07-10 - Thứ 6,26,0.3462,0.3077,0,3.25,8.0002,0,9.0012,0,17.9998,16.9988,0.6538,0.6923,26,Đắk Nông,NTB,AM Nhung
NTB - Đắk Nông,(DNO) Krông Nô,Hàng Mới Ca 2,2026-07-05 - Chủ Nhật,27,0.3704,0.2963,0,2.75,8.0001,0,10.0008,0,18.9999,16.9992,0.6296,0.7037,27,Đắk Nông,NTB,AM Nhung
NTB - Đắk Nông,(DNO) Krông Nô,Hàng Mới Ca 2,2026-07-01 - Thứ 4,27,0.6296,0.6296,0,2,16.9992,0,16.9992,0,10.0008,10.0008,0.3704,0.3704,27,Đắk Nông,NTB,AM Nhung
NTB - Đắk Nông,(DNO) Krông Nô,Hàng Mới Ca 2,2026-06-26 - Thứ 6,28,0.3214,0.2857,0,3,7.9996,0,8.9992,0,20.0004,19.0008,0.6786,0.7143,28,Đắk Nông,NTB,AM Nhung
NTB - Đắk Nông,(DNO) Krông Nô,Hàng Mới Ca 2,2026-06-30 - Thứ 3,28,0.5,0.5,0,2.14,14,0,14,0,14,14,0.5,0.5,28,Đắk Nông,NTB,AM Nhung
NTB - Đắk Nông,(DNO) Krông Nô,Hàng Mới Ca 2,2026-07-08 - Thứ 4,29,0.4138,0.4138,0,1.75,12.0002,0,12.0002,0,16.9998,16.9998,0.5862,0.5862,29,Đắk Nông,NTB,AM Nhung
NTB - Đắk Nông,(DNO) Krông Nô,Hàng Mới Ca 2,2026-07-04 - Thứ 7,30,0.3,0.3,0,2.33,9,0,9,0,21,21,0.7,0.7,30,Đắk Nông,NTB,AM Nhung
NTB - Đắk Nông,(DNO) Krông Nô,Hàng Mới Ca 2,2026-06-23 - Thứ 3,30,0.4,0.2667,0,2,8.001,0,12,0,21.999,18,0.6,0.7333,30,Đắk Nông,NTB,AM Nhung
NTB - Đắk Nông,(DNO) Krông Nô,Hàng Mới Ca 2,2026-07-15 - Thứ 4,31,0.4194,0.3548,0,1.64,10.9988,0,13.0014,0,20.0012,17.9986,0.5806,0.6452,31,Đắk Nông,NTB,AM Nhung
NTB - Đắk Nông,(DNO) Krông Nô,Hàng Mới Ca 2,2026-06-28 - Chủ Nhật,32,0.375,0.375,0,4.33,12,0,12,0,20,20,0.625,0.625,32,Đắk Nông,NTB,AM Nhung
NTB - Đắk Nông,(DNO) Krông Nô,Hàng Mới Ca 2,2026-07-09 - Thứ 5,38,0.5,0.5,0,2.16,19,0,19,0,19,19,0.5,0.5,38,Đắk Nông,NTB,AM Nhung
NTB - Đắk Nông,(DNO) Krông Nô,Hàng Tồn,2026-07-02 - Thứ 5,16,1,0.5,0.1875,28.13,8,3,16,3,5,0,0,0.3125,0,Đắk Nông,NTB,AM Nhung
NTB - Đắk Nông,(DNO) Krông Nô,Hàng Tồn,2026-07-14 - Thứ 3,18,0.9444,0.3889,0,28.14,7.0002,0,16.9992,0,10.9998,1.0008,0.0556,0.6111,0,Đắk Nông,NTB,AM Nhung
NTB - Đắk Nông,(DNO) Krông Nô,Hàng Tồn,2026-07-15 - Thứ 4,19,1,0.5789,0.1053,41,10.9991,2.0007,19,2.0007,6.0002,0,0,0.3158,0,Đắk Nông,NTB,AM Nhung
NTB - Đắk Nông,(DNO) Krông Nô,Hàng Tồn,2026-07-01 - Thứ 4,20,1,0.8,0.1,26.19,16,2,20,2,2,0,0,0.1,0,Đắk Nông,NTB,AM Nhung
NTB - Đắk Nông,(DNO) Krông Nô,Hàng Tồn,2026-07-09 - Thứ 5,21,1,0.8571,0,27.06,17.9991,0,21,0,3.0009,0,0,0.1429,0,Đắk Nông,NTB,AM Nhung
NTB - Đắk Nông,(DNO) Krông Nô,Hàng Tồn,2026-06-21 - Chủ Nhật,22,1,0.6364,0,34.64,14.0008,0,22,0,7.9992,0,0,0.3636,0,Đắk Nông,NTB,AM Nhung
NTB - Đắk Nông,(DNO) Krông Nô,Hàng Tồn,2026-07-07 - Thứ 3,22,1,0.5909,0.0909,38.31,12.9998,1.9998,22,1.9998,7.0004,0,0,0.3182,0,Đắk Nông,NTB,AM Nhung
NTB - Đắk Nông,(DNO) Krông Nô,Hàng Tồn,2026-07-13 - Thứ 2,22,1,0.6364,0.0455,34.57,14.0008,1.001,22,1.001,6.9982,0,0,0.3181,0,Đắk Nông,NTB,AM Nhung
NTB - Đắk Nông,(DNO) Krông Nô,Hàng Tồn,2026-07-12 - Chủ Nhật,23,1,0.6087,0.087,28.86,14.0001,2.001,23,2.001,6.9989,0,0,0.3043,0,Đắk Nông,NTB,AM Nhung
NTB - Đắk Nông,(DNO) Krông Nô,Hàng Tồn,2026-06-26 - Thứ 6,26,1,0.6154,0.0769,31.81,16.0004,1.9994,26,1.9994,8.0002,0,0,0.3077,0,Đắk Nông,NTB,AM Nhung
NTB - Đắk Nông,(DNO) Krông Nô,Hàng Tồn,2026-06-23 - Thứ 3,26,1,0.5385,0.0769,33.71,14.001,1.9994,26,1.9994,9.9996,0,0,0.3846,0,Đắk Nông,NTB,AM Nhung
NTB - Đắk Nông,(DNO) Krông Nô,Hàng Tồn,2026-07-08 - Thứ 4,26,1,0.7692,0.0769,28,19.9992,1.9994,26,1.9994,4.0014,0,0,0.1539,0,Đắk Nông,NTB,AM Nhung
NTB - Đắk Nông,(DNO) Krông Nô,Hàng Tồn,2026-07-06 - Thứ 2,26,1,0.7692,0.0385,31.25,19.9992,1.001,26,1.001,4.9998,0,0,0.1923,0,Đắk Nông,NTB,AM Nhung
NTB - Đắk Nông,(DNO) Krông Nô,Hàng Tồn,2026-07-03 - Thứ 6,28,1,0.6786,0,28.21,19.0008,0,28,0,8.9992,0,0,0.3214,0,Đắk Nông,NTB,AM Nhung
NTB - Đắk Nông,(DNO) Krông Nô,Hàng Tồn,2026-07-16 - Thứ 5,29,1,0.5172,0.0345,28.6,14.9988,1.0005,29,1.0005,13.0007,0,0,0.4483,0,Đắk Nông,NTB,AM Nhung
NTB - Đắk Nông,(DNO) Krông Nô,Hàng Tồn,2026-07-10 - Thứ 6,29,1,0.6552,0.0345,26.42,19.0008,1.0005,29,1.0005,8.9987,0,0,0.3103,0,Đắk Nông,NTB,AM Nhung
NTB - Đắk Nông,(DNO) Krông Nô,Hàng Tồn,2026-06-28 - Chủ Nhật,30,1,0.4667,0.1,30.21,14.001,3,30,3,12.999,0,0,0.4333,0,Đắk Nông,NTB,AM Nhung
NTB - Đắk Nông,(DNO) Krông Nô,Hàng Tồn,2026-07-04 - Thứ 7,30,1,0.5667,0.0667,31.59,17.001,2.001,30,2.001,10.998,0,0,0.3666,0,Đắk Nông,NTB,AM Nhung
NTB - Đắk Nông,(DNO) Krông Nô,Hàng Tồn,2026-06-30 - Thứ 3,30,1,0.8667,0.0333,29.92,26.001,0.999,30,0.999,3,0,0,0.1,0,Đắk Nông,NTB,AM Nhung
NTB - Đắk Nông,(DNO) Krông Nô,Hàng Tồn,2026-06-25 - Thứ 5,30,1,0.7667,0,41.87,23.001,0,30,0,6.999,0,0,0.2333,0,Đắk Nông,NTB,AM Nhung
NTB - Đắk Nông,(DNO) Krông Nô,Hàng Tồn,2026-07-17 - Thứ 6,31,1,0.6774,0.0968,34.95,20.9994,3.0008,31,3.0008,6.9998,0,0,0.2258,0,Đắk Nông,NTB,AM Nhung
NTB - Đắk Nông,(DNO) Krông Nô,Hàng Tồn,2026-06-22 - Thứ 2,31,1,0.5806,0.0968,26.83,17.9986,3.0008,31,3.0008,10.0006,0,0,0.3226,0,Đắk Nông,NTB,AM Nhung
NTB - Đắk Nông,(DNO) Krông Nô,Hàng Tồn,2026-07-11 - Thứ 7,32,1,0.7813,0,31.92,25.0016,0,32,0,6.9984,0,0,0.2187,0,Đắk Nông,NTB,AM Nhung
NTB - Đắk Nông,(DNO) Krông Nô,Hàng Tồn,2026-06-27 - Thứ 7,32,1,0.75,0,32.33,24,0,32,0,8,0,0,0.25,0,Đắk Nông,NTB,AM Nhung
NTB - Đắk Nông,(DNO) Krông Nô,Hàng Tồn,2026-07-05 - Chủ Nhật,33,1,0.7576,0.0303,32.88,25.0008,0.9999,33,0.9999,6.9993,0,0,0.2121,0,Đắk Nông,NTB,AM Nhung
NTB - Đắk Nông,(DNO) Krông Nô,Hàng Tồn,2026-06-24 - Thứ 4,35,0.9429,0.6857,0.0571,33.08,23.9995,1.9985,33.0015,1.9985,9.002,1.9985,0.0571,0.2572,0,Đắk Nông,NTB,AM Nhung
NTB - Đắk Nông,(DNO) Krông Nô,Hàng Tồn,2026-06-20 - Thứ 7,37,1,0.7568,0.0811,30.46,28.0016,3.0007,37,3.0007,5.9977,0,0,0.1621,0,Đắk Nông,NTB,AM Nhung
NTB - Đắk Nông,(DNO) Krông Nô,Hàng Tồn,2026-06-29 - Thứ 2,41,0.9756,0.6341,0.0732,35.77,25.9981,3.0012,39.9996,3.0012,12.0007,1.0004,0.0244,0.2927,0,Đắk Nông,NTB,AM Nhung
NTB - Đắk Nông,(DNO) Kiến Đức,Hàng Mới Ca 1,2026-07-09 - Thứ 5,56,0.7857,0.6429,0,9.11,36.0024,0,43.9992,0,19.9976,12.0008,0.2143,0.3571,56,Đắk Nông,NTB,AM Phước
NTB - Đắk Nông,(DNO) Kiến Đức,Hàng Mới Ca 1,2026-07-15 - Thứ 4,21,0.4762,0.381,0,6.88,8.001,0,10.0002,0,12.999,10.9998,0.5238,0.619,21,Đắk Nông,NTB,AM Phước
NTB - Đắk Nông,(DNO) Kiến Đức,Hàng Mới Ca 1,2026-07-12 - Chủ Nhật,23,0.5652,0.5217,0,9.92,11.9991,0,12.9996,0,11.0009,10.0004,0.4348,0.4783,23,Đắk Nông,NTB,AM Phước
NTB - Đắk Nông,(DNO) Kiến Đức,Hàng Mới Ca 1,2026-06-30 - Thứ 3,24,0.75,0.625,0,12.73,15,0,18,0,9,6,0.25,0.375,24,Đắk Nông,NTB,AM Phước
NTB - Đắk Nông,(DNO) Kiến Đức,Hàng Mới Ca 1,2026-07-11 - Thứ 7,27,0.6296,0.5185,0,8.36,13.9995,0,16.9992,0,13.0005,10.0008,0.3704,0.4815,27,Đắk Nông,NTB,AM Phước
NTB - Đắk Nông,(DNO) Kiến Đức,Hàng Mới Ca 1,2026-07-13 - Thứ 2,27,0.6667,0.5556,0.037,6.67,15.0012,0.999,18.0009,0.999,10.9998,8.9991,0.3333,0.4074,27,Đắk Nông,NTB,AM Phước
NTB - Đắk Nông,(DNO) Kiến Đức,Hàng Mới Ca 1,2026-07-14 - Thứ 3,28,0.5714,0.4286,0,8.08,12.0008,0,15.9992,0,15.9992,12.0008,0.4286,0.5714,28,Đắk Nông,NTB,AM Phước
NTB - Đắk Nông,(DNO) Kiến Đức,Hàng Mới Ca 1,2026-07-17 - Thứ 6,29,0.3103,0.2069,0,9.17,6.0001,0,8.9987,0,22.9999,20.0013,0.6897,0.7931,29,Đắk Nông,NTB,AM Phước
NTB - Đắk Nông,(DNO) Kiến Đức,Hàng Mới Ca 1,2026-06-21 - Chủ Nhật,29,0.931,0.7586,0.0345,11.77,21.9994,1.0005,26.999,1.0005,6.0001,2.001,0.069,0.2069,29,Đắk Nông,NTB,AM Phước
NTB - Đắk Nông,(DNO) Kiến Đức,Hàng Mới Ca 1,2026-07-05 - Chủ Nhật,31,0.2903,0.2903,0,9.89,8.9993,0,8.9993,0,22.0007,22.0007,0.7097,0.7097,31,Đắk Nông,NTB,AM Phước
NTB - Đắk Nông,(DNO) Kiến Đức,Hàng Mới Ca 1,2026-07-01 - Thứ 4,31,0.9355,0.7742,0,9.42,24.0002,0,29.0005,0,6.9998,1.9995,0.0645,0.2258,31,Đắk Nông,NTB,AM Phước
NTB - Đắk Nông,(DNO) Kiến Đức,Hàng Mới Ca 1,2026-07-07 - Thứ 3,33,0.5758,0.3333,0.0303,11.27,10.9989,0.9999,19.0014,0.9999,21.0012,13.9986,0.4242,0.6364,33,Đắk Nông,NTB,AM Phước
NTB - Đắk Nông,(DNO) Kiến Đức,Hàng Mới Ca 1,2026-06-25 - Thứ 5,35,0.8,0.7429,0,13.42,26.0015,0,28,0,8.9985,7,0.2,0.2571,35,Đắk Nông,NTB,AM Phước
NTB - Đắk Nông,(DNO) Kiến Đức,Hàng Mới Ca 1,2026-07-06 - Thứ 2,35,0.6286,0.6,0,11.76,21,0,22.001,0,14,12.999,0.3714,0.4,35,Đắk Nông,NTB,AM Phước
NTB - Đắk Nông,(DNO) Kiến Đức,Hàng Mới Ca 1,2026-06-23 - Thứ 3,37,0.8919,0.6757,0.0811,12.56,25.0009,3.0007,33.0003,3.0007,8.9984,3.9997,0.1081,0.2432,37,Đắk Nông,NTB,AM Phước
NTB - Đắk Nông,(DNO) Kiến Đức,Hàng Mới Ca 1,2026-06-26 - Thứ 6,37,0.973,0.8378,0,12.61,30.9986,0,36.001,0,6.0014,0.999,0.027,0.1622,37,Đắk Nông,NTB,AM Phước
NTB - Đắk Nông,(DNO) Kiến Đức,Hàng Mới Ca 1,2026-07-04 - Thứ 7,38,0.5526,0.4474,0.0263,9.12,17.0012,0.9994,20.9988,0.9994,19.9994,17.0012,0.4474,0.5263,38,Đắk Nông,NTB,AM Phước
NTB - Đắk Nông,(DNO) Kiến Đức,Hàng Mới Ca 1,2026-06-22 - Thứ 2,40,0.875,0.8,0,10.06,32,0,35,0,8,5,0.125,0.2,40,Đắk Nông,NTB,AM Phước
NTB - Đắk Nông,(DNO) Kiến Đức,Hàng Mới Ca 1,2026-06-28 - Chủ Nhật,41,0.4878,0.439,0.0244,12.78,17.999,1.0004,19.9998,1.0004,22.0006,21.0002,0.5122,0.5366,41,Đắk Nông,NTB,AM Phước
NTB - Đắk Nông,(DNO) Kiến Đức,Hàng Mới Ca 1,2026-06-24 - Thứ 4,41,0.8293,0.561,0,9.39,23.001,0,34.0013,0,17.999,6.9987,0.1707,0.439,41,Đắk Nông,NTB,AM Phước
NTB - Đắk Nông,(DNO) Kiến Đức,Hàng Mới Ca 1,2026-07-10 - Thứ 6,42,0.7143,0.619,0,9.73,25.998,0,30.0006,0,16.002,11.9994,0.2857,0.381,42,Đắk Nông,NTB,AM Phước
NTB - Đắk Nông,(DNO) Kiến Đức,Hàng Mới Ca 1,2026-06-20 - Thứ 7,42,0.7857,0.7381,0,9.32,31.0002,0,32.9994,0,10.9998,9.0006,0.2143,0.2619,42,Đắk Nông,NTB,AM Phước
NTB - Đắk Nông,(DNO) Kiến Đức,Hàng Mới Ca 1,2026-07-03 - Thứ 6,43,0.6512,0.4419,0.0233,12.05,19.0017,1.0019,28.0016,1.0019,22.9964,14.9984,0.3488,0.5348,43,Đắk Nông,NTB,AM Phước
NTB - Đắk Nông,(DNO) Kiến Đức,Hàng Mới Ca 1,2026-07-08 - Thứ 4,45,0.6667,0.5333,0,7.58,23.9985,0,30.0015,0,21.0015,14.9985,0.3333,0.4667,45,Đắk Nông,NTB,AM Phước
NTB - Đắk Nông,(DNO) Kiến Đức,Hàng Mới Ca 1,2026-07-16 - Thứ 5,45,0.5111,0.3111,0,7.79,13.9995,0,22.9995,0,31.0005,22.0005,0.4889,0.6889,45,Đắk Nông,NTB,AM Phước
NTB - Đắk Nông,(DNO) Kiến Đức,Hàng Mới Ca 1,2026-06-29 - Thứ 2,47,0.6383,0.4894,0.0213,14.43,23.0018,1.0011,30.0001,1.0011,22.9971,16.9999,0.3617,0.4893,47,Đắk Nông,NTB,AM Phước
NTB - Đắk Nông,(DNO) Kiến Đức,Hàng Mới Ca 1,2026-07-02 - Thứ 5,51,0.6863,0.5098,0,9.88,25.9998,0,35.0013,0,25.0002,15.9987,0.3137,0.4902,51,Đắk Nông,NTB,AM Phước
NTB - Đắk Nông,(DNO) Kiến Đức,Hàng Mới Ca 1,2026-06-27 - Thứ 7,54,0.6296,0.5556,0.037,12,30.0024,1.998,33.9984,1.998,21.9996,20.0016,0.3704,0.4074,54,Đắk Nông,NTB,AM Phước
NTB - Đắk Nông,(DNO) Kiến Đức,Hàng Mới Ca 2,2026-06-25 - Thứ 5,1,1,1,0,7,1,0,1,0,0,0,0,0,1,Đắk Nông,NTB,AM Phước
NTB - Đắk Nông,(DNO) Kiến Đức,Hàng Mới Ca 2,2026-06-23 - Thứ 3,1,1,0,0,0,0,0,1,0,1,0,0,1,1,Đắk Nông,NTB,AM Phước
NTB - Đắk Nông,(DNO) Kiến Đức,Hàng Mới Ca 2,2026-06-26 - Thứ 6,1,1,1,0,1,1,0,1,0,0,0,0,0,1,Đắk Nông,NTB,AM Phước
NTB - Đắk Nông,(DNO) Kiến Đức,Hàng Mới Ca 2,2026-06-30 - Thứ 3,1,1,1,0,12,1,0,1,0,0,0,0,0,1,Đắk Nông,NTB,AM Phước
NTB - Đắk Nông,(DNO) Kiến Đức,Hàng Mới Ca 2,2026-06-27 - Thứ 7,2,1,1,0,4,2,0,2,0,0,0,0,0,2,Đắk Nông,NTB,AM Phước
NTB - Đắk Nông,(DNO) Kiến Đức,Hàng Mới Ca 2,2026-06-20 - Thứ 7,3,1,1,0,0.33,3,0,3,0,0,0,0,0,3,Đắk Nông,NTB,AM Phước
NTB - Đắk Nông,(DNO) Kiến Đức,Hàng Mới Ca 2,2026-06-29 - Thứ 2,3,1,1,0,3.33,3,0,3,0,0,0,0,0,3,Đắk Nông,NTB,AM Phước
NTB - Đắk Nông,(DNO) Kiến Đức,Hàng Mới Ca 2,2026-07-01 - Thứ 4,6,1,1,0,1.5,6,0,6,0,0,0,0,0,6,Đắk Nông,NTB,AM Phước
NTB - Đắk Nông,(DNO) Kiến Đức,Hàng Mới Ca 2,2026-07-08 - Thứ 4,6,0,0,0,0,0,0,0,0,6,6,1,1,6,Đắk Nông,NTB,AM Phước
NTB - Đắk Nông,(DNO) Kiến Đức,Hàng Mới Ca 2,2026-07-11 - Thứ 7,8,0,0,0,0,0,0,0,0,8,8,1,1,8,Đắk Nông,NTB,AM Phước
NTB - Đắk Nông,(DNO) Kiến Đức,Hàng Mới Ca 2,2026-07-13 - Thứ 2,8,0.25,0.25,0,8.5,2,0,2,0,6,6,0.75,0.75,8,Đắk Nông,NTB,AM Phước
NTB - Đắk Nông,(DNO) Kiến Đức,Hàng Mới Ca 2,2026-07-16 - Thứ 5,11,0,0,0,0,0,0,0,0,11,11,1,1,11,Đắk Nông,NTB,AM Phước
NTB - Đắk Nông,(DNO) Kiến Đức,Hàng Mới Ca 2,2026-07-12 - Chủ Nhật,12,0,0,0,0,0,0,0,0,12,12,1,1,12,Đắk Nông,NTB,AM Phước
NTB - Đắk Nông,(DNO) Kiến Đức,Hàng Mới Ca 2,2026-07-14 - Thứ 3,15,0.4,0,0,0,0,0,6,0,15,9,0.6,1,15,Đắk Nông,NTB,AM Phước
NTB - Đắk Nông,(DNO) Kiến Đức,Hàng Mới Ca 2,2026-07-04 - Thứ 7,17,0.0588,0,0.0588,0,0,0.9996,0.9996,0.9996,16.0004,16.0004,0.9412,0.9412,17,Đắk Nông,NTB,AM Phước
NTB - Đắk Nông,(DNO) Kiến Đức,Hàng Mới Ca 2,2026-07-17 - Thứ 6,18,0,0,0,0,0,0,0,0,18,18,1,1,18,Đắk Nông,NTB,AM Phước
NTB - Đắk Nông,(DNO) Kiến Đức,Hàng Mới Ca 2,2026-07-09 - Thứ 5,26,0.3077,0.2308,0.0385,4.67,6.0008,1.001,8.0002,1.001,18.9982,17.9998,0.6923,0.7307,26,Đắk Nông,NTB,AM Phước
NTB - Đắk Nông,(DNO) Kiến Đức,Hàng Mới Ca 2,2026-07-10 - Thứ 6,29,0.0345,0.0345,0,6,1.0005,0,1.0005,0,27.9995,27.9995,0.9655,0.9655,29,Đắk Nông,NTB,AM Phước
NTB - Đắk Nông,(DNO) Kiến Đức,Hàng Tồn,2026-07-15 - Thứ 4,83,0.4337,0.2651,0.0361,60.91,22.0033,2.9963,35.9971,2.9963,58.0004,47.0029,0.5663,0.6988,0,Đắk Nông,NTB,AM Phước
NTB - Đắk Nông,(DNO) Kiến Đức,Hàng Tồn,2026-07-05 - Chủ Nhật,60,0.2,0.2,0,35,12,0,12,0,48,48,0.8,0.8,0,Đắk Nông,NTB,AM Phước
NTB - Đắk Nông,(DNO) Kiến Đức,Hàng Tồn,2026-07-17 - Thứ 6,100,0.16,0.1,0.02,69,10,2,16,2,88,84,0.84,0.88,0,Đắk Nông,NTB,AM Phước
NTB - Đắk Nông,(DNO) Kiến Đức,Hàng Tồn,2026-07-11 - Thứ 7,81,0.5679,0.4198,0,51.65,34.0038,0,45.9999,0,46.9962,35.0001,0.4321,0.5802,0,Đắk Nông,NTB,AM Phước
NTB - Đắk Nông,(DNO) Kiến Đức,Hàng Tồn,2026-07-14 - Thứ 3,60,0.2333,0.1333,0,67.13,7.998,0,13.998,0,52.002,46.002,0.7667,0.8667,0,Đắk Nông,NTB,AM Phước
NTB - Đắk Nông,(DNO) Kiến Đức,Hàng Tồn,2026-07-16 - Thứ 5,64,0.2031,0.1094,0,85.86,7.0016,0,12.9984,0,56.9984,51.0016,0.7969,0.8906,0,Đắk Nông,NTB,AM Phước
NTB - Đắk Nông,(DNO) Kiến Đức,Hàng Tồn,2026-07-12 - Chủ Nhật,66,0.3485,0.2727,0.0303,50,17.9982,1.9998,23.001,1.9998,46.002,42.999,0.6515,0.697,0,Đắk Nông,NTB,AM Phước
NTB - Đắk Nông,(DNO) Kiến Đức,Hàng Tồn,2026-07-07 - Thứ 3,72,0.3056,0.1944,0,55.71,13.9968,0,22.0032,0,58.0032,49.9968,0.6944,0.8056,0,Đắk Nông,NTB,AM Phước
NTB - Đắk Nông,(DNO) Kiến Đức,Hàng Tồn,2026-07-10 - Thứ 6,68,0.5294,0.4706,0.0294,57.22,32.0008,1.9992,35.9992,1.9992,34,32.0008,0.4706,0.5,0,Đắk Nông,NTB,AM Phước
NTB - Đắk Nông,(DNO) Kiến Đức,Hàng Tồn,2026-07-08 - Thứ 4,78,0.1795,0.1538,0,102.55,11.9964,0,14.001,0,66.0036,63.999,0.8205,0.8462,0,Đắk Nông,NTB,AM Phước
NTB - Đắk Nông,(DNO) Kiến Đức,Hàng Tồn,2026-06-30 - Thứ 3,56,0.25,0.1429,0,57.38,8.0024,0,14,0,47.9976,42,0.75,0.8571,0,Đắk Nông,NTB,AM Phước
NTB - Đắk Nông,(DNO) Kiến Đức,Hàng Tồn,2026-07-06 - Thứ 2,75,0.3467,0.28,0,80.33,21,0,26.0025,0,54,48.9975,0.6533,0.72,0,Đắk Nông,NTB,AM Phước
NTB - Đắk Nông,(DNO) Kiến Đức,Hàng Tồn,2026-07-13 - Thứ 2,59,0.2373,0.1695,0.0339,34.2,10.0005,2.0001,14.0007,2.0001,46.9994,44.9993,0.7627,0.7966,0,Đắk Nông,NTB,AM Phước
NTB - Đắk Nông,(DNO) Kiến Đức,Hàng Tồn,2026-06-22 - Thứ 2,9,0.8889,0.5556,0,76,5.0004,0,8.0001,0,3.9996,0.9999,0.1111,0.4444,0,Đắk Nông,NTB,AM Phước
NTB - Đắk Nông,(DNO) Kiến Đức,Hàng Tồn,2026-06-20 - Thứ 7,9,0.7778,0.6667,0,54,6.0003,0,7.0002,0,2.9997,1.9998,0.2222,0.3333,0,Đắk Nông,NTB,AM Phước
NTB - Đắk Nông,(DNO) Kiến Đức,Hàng Tồn,2026-06-24 - Thứ 4,10,0.7,0.3,0,49.33,3,0,7,0,7,3,0.3,0.7,0,Đắk Nông,NTB,AM Phước
NTB - Đắk Nông,(DNO) Kiến Đức,Hàng Tồn,2026-06-23 - Thứ 3,10,0.8,0.5,0.1,53.8,5,1,8,1,4,2,0.2,0.4,0,Đắk Nông,NTB,AM Phước
NTB - Đắk Nông,(DNO) Kiến Đức,Hàng Tồn,2026-06-27 - Thứ 7,12,0.75,0.0833,0.1667,111,0.9996,2.0004,9,2.0004,9,3,0.25,0.75,0,Đắk Nông,NTB,AM Phước
NTB - Đắk Nông,(DNO) Kiến Đức,Hàng Tồn,2026-06-21 - Chủ Nhật,15,0.8,0.6667,0.0667,53.2,10.0005,1.0005,12,1.0005,3.999,3,0.2,0.2666,0,Đắk Nông,NTB,AM Phước
NTB - Đắk Nông,(DNO) Kiến Đức,Hàng Tồn,2026-06-26 - Thứ 6,20,0.95,0.6,0,56.5,12,0,19,0,8,1,0.05,0.4,0,Đắk Nông,NTB,AM Phước
NTB - Đắk Nông,(DNO) Kiến Đức,Hàng Tồn,2026-06-25 - Thứ 5,26,0.9615,0.6154,0,45.07,16.0004,0,24.999,0,9.9996,1.001,0.0385,0.3846,0,Đắk Nông,NTB,AM Phước
NTB - Đắk Nông,(DNO) Kiến Đức,Hàng Tồn,2026-06-28 - Chủ Nhật,32,0.4063,0.1875,0.0938,38.17,6,3.0016,13.0016,3.0016,22.9984,18.9984,0.5937,0.7187,0,Đắk Nông,NTB,AM Phước
NTB - Đắk Nông,(DNO) Kiến Đức,Hàng Tồn,2026-07-01 - Thứ 4,33,0.2727,0.1515,0,60.2,4.9995,0,8.9991,0,28.0005,24.0009,0.7273,0.8485,0,Đắk Nông,NTB,AM Phước
NTB - Đắk Nông,(DNO) Kiến Đức,Hàng Tồn,2026-07-02 - Thứ 5,37,0.7568,0.3784,0.027,89.64,14.0008,0.999,28.0016,0.999,22.0002,8.9984,0.2432,0.5946,0,Đắk Nông,NTB,AM Phước
NTB - Đắk Nông,(DNO) Kiến Đức,Hàng Tồn,2026-06-29 - Thứ 2,43,0.2791,0.1628,0,67.29,7.0004,0,12.0013,0,35.9996,30.9987,0.7209,0.8372,0,Đắk Nông,NTB,AM Phước
NTB - Đắk Nông,(DNO) Kiến Đức,Hàng Tồn,2026-07-03 - Thứ 6,49,0.4286,0.2041,0.0612,62.4,10.0009,2.9988,21.0014,2.9988,36.0003,27.9986,0.5714,0.7347,0,Đắk Nông,NTB,AM Phước
NTB - Đắk Nông,(DNO) Kiến Đức,Hàng Tồn,2026-07-09 - Thứ 5,50,0.56,0.32,0,43.44,16,0,28,0,34,22,0.44,0.68,0,Đắk Nông,NTB,AM Phước
NTB - Đắk Nông,(DNO) Kiến Đức,Hàng Tồn,2026-07-04 - Thứ 7,57,0.4386,0.3158,0.0175,66.72,18.0006,0.9975,25.0002,0.9975,38.0019,31.9998,0.5614,0.6667,0,Đắk Nông,NTB,AM Phước
NTB - Đắk Nông,(DNO) Cư Jút,Hàng Mới Ca 1,2026-07-17 - Thứ 6,69,1,0.7971,0.0145,13.02,54.9999,1.0005,69,1.0005,12.9996,0,0,0.1884,69,Đắk Nông,NTB,AM Nhung
NTB - Đắk Nông,(DNO) Cư Jút,Hàng Mới Ca 1,2026-07-10 - Thứ 6,60,0.9833,0.8333,0,13.98,49.998,0,58.998,0,10.002,1.002,0.0167,0.1667,60,Đắk Nông,NTB,AM Nhung
NTB - Đắk Nông,(DNO) Cư Jút,Hàng Mới Ca 1,2026-06-23 - Thứ 3,12,1,1,0,10.08,12,0,12,0,0,0,0,0,12,Đắk Nông,NTB,AM Nhung
NTB - Đắk Nông,(DNO) Cư Jút,Hàng Mới Ca 1,2026-06-29 - Thứ 2,15,1,0.6667,0,12.2,10.0005,0,15,0,4.9995,0,0,0.3333,15,Đắk Nông,NTB,AM Nhung
NTB - Đắk Nông,(DNO) Cư Jút,Hàng Mới Ca 1,2026-06-30 - Thứ 3,16,1,0.8125,0,11.85,13,0,16,0,3,0,0,0.1875,16,Đắk Nông,NTB,AM Nhung
NTB - Đắk Nông,(DNO) Cư Jút,Hàng Mới Ca 1,2026-07-07 - Thứ 3,17,0.8824,0.8235,0,9.14,13.9995,0,15.0008,0,3.0005,1.9992,0.1176,0.1765,17,Đắk Nông,NTB,AM Nhung
NTB - Đắk Nông,(DNO) Cư Jút,Hàng Mới Ca 1,2026-07-14 - Thứ 3,23,1,0.7826,0,12,17.9998,0,23,0,5.0002,0,0,0.2174,23,Đắk Nông,NTB,AM Nhung
NTB - Đắk Nông,(DNO) Cư Jút,Hàng Mới Ca 1,2026-07-04 - Thứ 7,26,1,0.9231,0,10.92,24.0006,0,26,0,1.9994,0,0,0.0769,26,Đắk Nông,NTB,AM Nhung
NTB - Đắk Nông,(DNO) Cư Jút,Hàng Mới Ca 1,2026-07-06 - Thứ 2,26,1,0.8077,0,12.33,21.0002,0,26,0,4.9998,0,0,0.1923,26,Đắk Nông,NTB,AM Nhung
NTB - Đắk Nông,(DNO) Cư Jút,Hàng Mới Ca 1,2026-07-13 - Thứ 2,27,1,0.8519,0.037,12.61,23.0013,0.999,27,0.999,2.9997,0,0,0.1111,27,Đắk Nông,NTB,AM Nhung
NTB - Đắk Nông,(DNO) Cư Jút,Hàng Mới Ca 1,2026-06-26 - Thứ 6,29,1,0.8621,0.0345,10.96,25.0009,1.0005,29,1.0005,2.9986,0,0,0.1034,29,Đắk Nông,NTB,AM Nhung
NTB - Đắk Nông,(DNO) Cư Jút,Hàng Mới Ca 1,2026-06-22 - Thứ 2,29,1,0.9655,0,15.25,27.9995,0,29,0,1.0005,0,0,0.0345,29,Đắk Nông,NTB,AM Nhung
NTB - Đắk Nông,(DNO) Cư Jút,Hàng Mới Ca 1,2026-07-11 - Thứ 7,29,1,0.8966,0.0345,13.73,26.0014,1.0005,29,1.0005,1.9981,0,0,0.0689,29,Đắk Nông,NTB,AM Nhung
NTB - Đắk Nông,(DNO) Cư Jút,Hàng Mới Ca 1,2026-06-25 - Thứ 5,30,1,0.8,0,15,24,0,30,0,6,0,0,0.2,30,Đắk Nông,NTB,AM Nhung
NTB - Đắk Nông,(DNO) Cư Jút,Hàng Mới Ca 1,2026-07-15 - Thứ 4,32,1,0.875,0.0938,11.29,28,3.0016,32,3.0016,0.9984,0,0,0.0312,32,Đắk Nông,NTB,AM Nhung
NTB - Đắk Nông,(DNO) Cư Jút,Hàng Mới Ca 1,2026-06-27 - Thứ 7,32,1,0.9375,0.0313,13.67,30,1.0016,32,1.0016,0.9984,0,0,0.0312,32,Đắk Nông,NTB,AM Nhung
NTB - Đắk Nông,(DNO) Cư Jút,Hàng Mới Ca 1,2026-07-16 - Thứ 5,34,0.9706,0.8235,0,14.11,27.999,0,33.0004,0,6.001,0.9996,0.0294,0.1765,34,Đắk Nông,NTB,AM Nhung
NTB - Đắk Nông,(DNO) Cư Jút,Hàng Mới Ca 1,2026-07-02 - Thứ 5,35,1,0.9429,0,11.97,33.0015,0,35,0,1.9985,0,0,0.0571,35,Đắk Nông,NTB,AM Nhung
NTB - Đắk Nông,(DNO) Cư Jút,Hàng Mới Ca 1,2026-07-01 - Thứ 4,36,1,0.8889,0.0278,10.88,32.0004,1.0008,36,1.0008,2.9988,0,0,0.0833,36,Đắk Nông,NTB,AM Nhung
NTB - Đắk Nông,(DNO) Cư Jút,Hàng Mới Ca 1,2026-06-20 - Thứ 7,36,1,0.8333,0.0278,12.47,29.9988,1.0008,36,1.0008,5.0004,0,0,0.1389,36,Đắk Nông,NTB,AM Nhung
NTB - Đắk Nông,(DNO) Cư Jút,Hàng Mới Ca 1,2026-07-05 - Chủ Nhật,36,1,0.8333,0,16.83,29.9988,0,36,0,6.0012,0,0,0.1667,36,Đắk Nông,NTB,AM Nhung
NTB - Đắk Nông,(DNO) Cư Jút,Hàng Mới Ca 1,2026-06-21 - Chủ Nhật,37,1,0.8108,0,10.4,29.9996,0,37,0,7.0004,0,0,0.1892,37,Đắk Nông,NTB,AM Nhung
NTB - Đắk Nông,(DNO) Cư Jút,Hàng Mới Ca 1,2026-07-03 - Thứ 6,37,1,0.8378,0.0541,11.48,30.9986,2.0017,37,2.0017,3.9997,0,0,0.1081,37,Đắk Nông,NTB,AM Nhung
NTB - Đắk Nông,(DNO) Cư Jút,Hàng Mới Ca 1,2026-07-12 - Chủ Nhật,38,1,0.9211,0,14.09,35.0018,0,38,0,2.9982,0,0,0.0789,38,Đắk Nông,NTB,AM Nhung
NTB - Đắk Nông,(DNO) Cư Jút,Hàng Mới Ca 1,2026-06-24 - Thứ 4,45,1,0.9333,0,12.14,41.9985,0,45,0,3.0015,0,0,0.0667,45,Đắk Nông,NTB,AM Nhung
NTB - Đắk Nông,(DNO) Cư Jút,Hàng Mới Ca 1,2026-07-08 - Thứ 4,50,1,0.94,0.04,11.47,47,2,50,2,1,0,0,0.02,50,Đắk Nông,NTB,AM Nhung
NTB - Đắk Nông,(DNO) Cư Jút,Hàng Mới Ca 1,2026-07-09 - Thứ 5,55,0.9818,0.8727,0,12.23,47.9985,0,53.999,0,7.0015,1.001,0.0182,0.1273,55,Đắk Nông,NTB,AM Nhung
NTB - Đắk Nông,(DNO) Cư Jút,Hàng Mới Ca 1,2026-06-28 - Chủ Nhật,55,1,0.7818,0,11.98,42.999,0,55,0,12.001,0,0,0.2182,55,Đắk Nông,NTB,AM Nhung
NTB - Đắk Nông,(DNO) Cư Jút,Hàng Mới Ca 2,2026-07-06 - Thứ 2,9,0.1111,0.1111,0,7,0.9999,0,0.9999,0,8.0001,8.0001,0.8889,0.8889,9,Đắk Nông,NTB,AM Nhung
NTB - Đắk Nông,(DNO) Cư Jút,Hàng Mới Ca 2,2026-07-13 - Thứ 2,14,0.2143,0,0,0,0,0,3.0002,0,14,10.9998,0.7857,1,14,Đắk Nông,NTB,AM Nhung
NTB - Đắk Nông,(DNO) Cư Jút,Hàng Mới Ca 2,2026-07-02 - Thứ 5,14,0,0,0,0,0,0,0,0,14,14,1,1,14,Đắk Nông,NTB,AM Nhung
NTB - Đắk Nông,(DNO) Cư Jút,Hàng Mới Ca 2,2026-07-16 - Thứ 5,19,0.2632,0.2632,0,6.4,5.0008,0,5.0008,0,13.9992,13.9992,0.7368,0.7368,19,Đắk Nông,NTB,AM Nhung
NTB - Đắk Nông,(DNO) Cư Jút,Hàng Mới Ca 2,2026-06-25 - Thứ 5,20,0.2,0.15,0,5,3,0,4,0,17,16,0.8,0.85,20,Đắk Nông,NTB,AM Nhung
NTB - Đắk Nông,(DNO) Cư Jút,Hàng Mới Ca 2,2026-07-14 - Thứ 3,21,0.2381,0.2381,0,3,5.0001,0,5.0001,0,15.9999,15.9999,0.7619,0.7619,21,Đắk Nông,NTB,AM Nhung
NTB - Đắk Nông,(DNO) Cư Jút,Hàng Mới Ca 2,2026-07-03 - Thứ 6,21,0.1905,0.1905,0,4.25,4.0005,0,4.0005,0,16.9995,16.9995,0.8095,0.8095,21,Đắk Nông,NTB,AM Nhung
NTB - Đắk Nông,(DNO) Cư Jút,Hàng Mới Ca 2,2026-06-28 - Chủ Nhật,22,0.0909,0,0,0,0,0,1.9998,0,22,20.0002,0.9091,1,22,Đắk Nông,NTB,AM Nhung
NTB - Đắk Nông,(DNO) Cư Jút,Hàng Mới Ca 2,2026-06-20 - Thứ 7,22,0.3636,0.3636,0,5,7.9992,0,7.9992,0,14.0008,14.0008,0.6364,0.6364,22,Đắk Nông,NTB,AM Nhung
NTB - Đắk Nông,(DNO) Cư Jút,Hàng Mới Ca 2,2026-07-04 - Thứ 7,23,0.1739,0.1304,0,6.33,2.9992,0,3.9997,0,20.0008,19.0003,0.8261,0.8696,23,Đắk Nông,NTB,AM Nhung
NTB - Đắk Nông,(DNO) Cư Jút,Hàng Mới Ca 2,2026-06-30 - Thứ 3,23,0.3043,0.3043,0,3.14,6.9989,0,6.9989,0,16.0011,16.0011,0.6957,0.6957,23,Đắk Nông,NTB,AM Nhung
NTB - Đắk Nông,(DNO) Cư Jút,Hàng Mới Ca 2,2026-07-12 - Chủ Nhật,23,0.2174,0.1739,0,4,3.9997,0,5.0002,0,19.0003,17.9998,0.7826,0.8261,23,Đắk Nông,NTB,AM Nhung
NTB - Đắk Nông,(DNO) Cư Jút,Hàng Mới Ca 2,2026-06-27 - Thứ 7,24,0.4167,0.375,0,4.56,9,0,10.0008,0,15,13.9992,0.5833,0.625,24,Đắk Nông,NTB,AM Nhung
NTB - Đắk Nông,(DNO) Cư Jút,Hàng Mới Ca 2,2026-06-29 - Thứ 2,25,0.24,0.2,0,3.4,5,0,6,0,20,19,0.76,0.8,25,Đắk Nông,NTB,AM Nhung
NTB - Đắk Nông,(DNO) Cư Jút,Hàng Mới Ca 2,2026-06-24 - Thứ 4,25,0.32,0.32,0,5.25,8,0,8,0,17,17,0.68,0.68,25,Đắk Nông,NTB,AM Nhung
NTB - Đắk Nông,(DNO) Cư Jút,Hàng Mới Ca 2,2026-07-07 - Thứ 3,25,0.08,0.08,0,3.5,2,0,2,0,23,23,0.92,0.92,25,Đắk Nông,NTB,AM Nhung
NTB - Đắk Nông,(DNO) Cư Jút,Hàng Mới Ca 2,2026-06-23 - Thứ 3,26,0.1923,0.1538,0.0385,5.25,3.9988,1.001,4.9998,1.001,21.0002,21.0002,0.8077,0.8077,26,Đắk Nông,NTB,AM Nhung
NTB - Đắk Nông,(DNO) Cư Jút,Hàng Mới Ca 2,2026-07-10 - Thứ 6,27,0,0,0,0,0,0,0,0,27,27,1,1,27,Đắk Nông,NTB,AM Nhung
NTB - Đắk Nông,(DNO) Cư Jút,Hàng Mới Ca 2,2026-06-26 - Thứ 6,28,0.3929,0.3214,0.0357,6,8.9992,0.9996,11.0012,0.9996,18.0012,16.9988,0.6071,0.6429,28,Đắk Nông,NTB,AM Nhung
NTB - Đắk Nông,(DNO) Cư Jút,Hàng Mới Ca 2,2026-07-05 - Chủ Nhật,29,0.3103,0.2759,0,4.38,8.0011,0,8.9987,0,20.9989,20.0013,0.6897,0.7241,29,Đắk Nông,NTB,AM Nhung
NTB - Đắk Nông,(DNO) Cư Jút,Hàng Mới Ca 2,2026-06-21 - Chủ Nhật,29,0.1379,0.1034,0.0345,3.67,2.9986,1.0005,3.9991,1.0005,25.0009,25.0009,0.8621,0.8621,29,Đắk Nông,NTB,AM Nhung
NTB - Đắk Nông,(DNO) Cư Jút,Hàng Mới Ca 2,2026-06-22 - Thứ 2,29,0.3103,0.3103,0,5,8.9987,0,8.9987,0,20.0013,20.0013,0.6897,0.6897,29,Đắk Nông,NTB,AM Nhung
NTB - Đắk Nông,(DNO) Cư Jút,Hàng Mới Ca 2,2026-07-11 - Thứ 7,30,0.0667,0.0667,0,4,2.001,0,2.001,0,27.999,27.999,0.9333,0.9333,30,Đắk Nông,NTB,AM Nhung
NTB - Đắk Nông,(DNO) Cư Jút,Hàng Mới Ca 2,2026-07-09 - Thứ 5,30,0.0667,0.0667,0,4,2.001,0,2.001,0,27.999,27.999,0.9333,0.9333,30,Đắk Nông,NTB,AM Nhung
NTB - Đắk Nông,(DNO) Cư Jút,Hàng Mới Ca 2,2026-07-15 - Thứ 4,33,0.1515,0.1515,0,5,4.9995,0,4.9995,0,28.0005,28.0005,0.8485,0.8485,33,Đắk Nông,NTB,AM Nhung
NTB - Đắk Nông,(DNO) Cư Jút,Hàng Mới Ca 2,2026-07-08 - Thứ 4,34,0.5294,0.5,0,4,17,0,17.9996,0,17,16.0004,0.4706,0.5,34,Đắk Nông,NTB,AM Nhung
NTB - Đắk Nông,(DNO) Cư Jút,Hàng Mới Ca 2,2026-07-17 - Thứ 6,35,0.2857,0.2571,0,4.89,8.9985,0,9.9995,0,26.0015,25.0005,0.7143,0.7429,35,Đắk Nông,NTB,AM Nhung
NTB - Đắk Nông,(DNO) Cư Jút,Hàng Mới Ca 2,2026-07-01 - Thứ 4,35,0.0857,0.0857,0,3.33,2.9995,0,2.9995,0,32.0005,32.0005,0.9143,0.9143,35,Đắk Nông,NTB,AM Nhung
NTB - Đắk Nông,(DNO) Cư Jút,Hàng Tồn,2026-07-07 - Thứ 3,19,0.9474,0.6842,0,50,12.9998,0,18.0006,0,6.0002,0.9994,0.0526,0.3158,0,Đắk Nông,NTB,AM Nhung
NTB - Đắk Nông,(DNO) Cư Jút,Hàng Tồn,2026-07-14 - Thứ 3,19,1,0.6316,0.0526,26.75,12.0004,0.9994,19,0.9994,6.0002,0,0,0.3158,0,Đắk Nông,NTB,AM Nhung
NTB - Đắk Nông,(DNO) Cư Jút,Hàng Tồn,2026-07-17 - Thứ 6,20,1,0.9,0,28.39,18,0,20,0,2,0,0,0.1,0,Đắk Nông,NTB,AM Nhung
NTB - Đắk Nông,(DNO) Cư Jút,Hàng Tồn,2026-06-28 - Chủ Nhật,20,1,0.8,0.1,28.31,16,2,20,2,2,0,0,0.1,0,Đắk Nông,NTB,AM Nhung
NTB - Đắk Nông,(DNO) Cư Jút,Hàng Tồn,2026-06-20 - Thứ 7,20,1,0.6,0.05,30.5,12,1,20,1,7,0,0,0.35,0,Đắk Nông,NTB,AM Nhung
NTB - Đắk Nông,(DNO) Cư Jút,Hàng Tồn,2026-07-03 - Thứ 6,21,1,0.5714,0.0476,36.75,11.9994,0.9996,21,0.9996,8.001,0,0,0.381,0,Đắk Nông,NTB,AM Nhung
NTB - Đắk Nông,(DNO) Cư Jút,Hàng Tồn,2026-06-25 - Thứ 5,22,1,0.9091,0,29.55,20.0002,0,22,0,1.9998,0,0,0.0909,0,Đắk Nông,NTB,AM Nhung
NTB - Đắk Nông,(DNO) Cư Jút,Hàng Tồn,2026-06-21 - Chủ Nhật,23,1,0.8261,0.0435,30.26,19.0003,1.0005,23,1.0005,2.9992,0,0,0.1304,0,Đắk Nông,NTB,AM Nhung
NTB - Đắk Nông,(DNO) Cư Jút,Hàng Tồn,2026-07-09 - Thứ 5,25,0.92,0.64,0.04,31.56,16,1,23,1,8,2,0.08,0.32,0,Đắk Nông,NTB,AM Nhung
NTB - Đắk Nông,(DNO) Cư Jút,Hàng Tồn,2026-06-27 - Thứ 7,25,1,0.88,0,29,22,0,25,0,3,0,0,0.12,0,Đắk Nông,NTB,AM Nhung
NTB - Đắk Nông,(DNO) Cư Jút,Hàng Tồn,2026-06-26 - Thứ 6,25,1,0.84,0,34.48,21,0,25,0,4,0,0,0.16,0,Đắk Nông,NTB,AM Nhung
NTB - Đắk Nông,(DNO) Cư Jút,Hàng Tồn,2026-07-01 - Thứ 4,25,1,0.64,0,32.75,16,0,25,0,9,0,0,0.36,0,Đắk Nông,NTB,AM Nhung
NTB - Đắk Nông,(DNO) Cư Jút,Hàng Tồn,2026-07-15 - Thứ 4,26,1,0.6923,0.0769,29.6,17.9998,1.9994,26,1.9994,6.0008,0,0,0.2308,0,Đắk Nông,NTB,AM Nhung
NTB - Đắk Nông,(DNO) Cư Jút,Hàng Tồn,2026-06-24 - Thứ 4,26,1,0.8846,0,28.35,22.9996,0,26,0,3.0004,0,0,0.1154,0,Đắk Nông,NTB,AM Nhung
NTB - Đắk Nông,(DNO) Cư Jút,Hàng Tồn,2026-06-23 - Thứ 3,27,1,0.8148,0,30.32,21.9996,0,27,0,5.0004,0,0,0.1852,0,Đắk Nông,NTB,AM Nhung
NTB - Đắk Nông,(DNO) Cư Jút,Hàng Tồn,2026-07-13 - Thứ 2,28,1,0.8929,0,33.76,25.0012,0,28,0,2.9988,0,0,0.1071,0,Đắk Nông,NTB,AM Nhung
NTB - Đắk Nông,(DNO) Cư Jút,Hàng Tồn,2026-07-04 - Thứ 7,29,1,0.6552,0.0345,34.05,19.0008,1.0005,29,1.0005,8.9987,0,0,0.3103,0,Đắk Nông,NTB,AM Nhung
NTB - Đắk Nông,(DNO) Cư Jút,Hàng Tồn,2026-07-05 - Chủ Nhật,30,1,0.6667,0,32.85,20.001,0,30,0,9.999,0,0,0.3333,0,Đắk Nông,NTB,AM Nhung
NTB - Đắk Nông,(DNO) Cư Jút,Hàng Tồn,2026-06-30 - Thứ 3,30,1,0.8,0,33.38,24,0,30,0,6,0,0,0.2,0,Đắk Nông,NTB,AM Nhung
NTB - Đắk Nông,(DNO) Cư Jút,Hàng Tồn,2026-07-08 - Thứ 4,31,1,0.7097,0.0968,32.18,22.0007,3.0008,31,3.0008,5.9985,0,0,0.1935,0,Đắk Nông,NTB,AM Nhung
NTB - Đắk Nông,(DNO) Cư Jút,Hàng Tồn,2026-07-16 - Thứ 5,34,1,0.8235,0.0588,31.11,27.999,1.9992,34,1.9992,4.0018,0,0,0.1177,0,Đắk Nông,NTB,AM Nhung
NTB - Đắk Nông,(DNO) Cư Jút,Hàng Tồn,2026-06-22 - Thứ 2,34,1,0.6765,0.1176,30.39,23.001,3.9984,34,3.9984,7.0006,0,0,0.2059,0,Đắk Nông,NTB,AM Nhung
NTB - Đắk Nông,(DNO) Cư Jút,Hàng Tồn,2026-07-06 - Thứ 2,34,1,0.8235,0.0588,34.43,27.999,1.9992,34,1.9992,4.0018,0,0,0.1177,0,Đắk Nông,NTB,AM Nhung
NTB - Đắk Nông,(DNO) Cư Jút,Hàng Tồn,2026-06-29 - Thứ 2,35,1,0.8,0.0571,28.54,28,1.9985,35,1.9985,5.0015,0,0,0.1429,0,Đắk Nông,NTB,AM Nhung
NTB - Đắk Nông,(DNO) Cư Jút,Hàng Tồn,2026-07-12 - Chủ Nhật,36,1,0.75,0.0556,30.93,27,2.0016,36,2.0016,6.9984,0,0,0.1944,0,Đắk Nông,NTB,AM Nhung
NTB - Đắk Nông,(DNO) Cư Jút,Hàng Tồn,2026-07-10 - Thứ 6,41,0.9512,0.7805,0.0244,30.09,32.0005,1.0004,38.9992,1.0004,7.9991,2.0008,0.0488,0.1951,0,Đắk Nông,NTB,AM Nhung
NTB - Đắk Nông,(DNO) Cư Jút,Hàng Tồn,2026-07-02 - Thứ 5,43,0.9767,0.8372,0,30.03,35.9996,0,41.9981,0,7.0004,1.0019,0.0233,0.1628,0,Đắk Nông,NTB,AM Nhung
NTB - Đắk Nông,(DNO) Cư Jút,Hàng Tồn,2026-07-11 - Thứ 7,44,1,0.7955,0.0227,31.37,35.002,0.9988,44,0.9988,7.9992,0,0,0.1818,0,Đắk Nông,NTB,AM Nhung
NTB - Đắk Nông,(DNO) Bắc Gia Nghĩa,Hàng Mới Ca 1,2026-07-05 - Chủ Nhật,9,1,0.6667,0.1111,10.17,6.0003,0.9999,9,0.9999,1.9998,0,0,0.2222,9,Đắk Nông,NTB,AM Phước
NTB - Đắk Nông,(DNO) Bắc Gia Nghĩa,Hàng Mới Ca 1,2026-06-28 - Chủ Nhật,9,1,1,0,8,9,0,9,0,0,0,0,0,9,Đắk Nông,NTB,AM Phước
NTB - Đắk Nông,(DNO) Bắc Gia Nghĩa,Hàng Mới Ca 1,2026-06-21 - Chủ Nhật,9,1,1,0,5.33,9,0,9,0,0,0,0,0,9,Đắk Nông,NTB,AM Phước
NTB - Đắk Nông,(DNO) Bắc Gia Nghĩa,Hàng Mới Ca 1,2026-06-25 - Thứ 5,10,0.8,0.8,0,10.75,8,0,8,0,2,2,0.2,0.2,10,Đắk Nông,NTB,AM Phước
NTB - Đắk Nông,(DNO) Bắc Gia Nghĩa,Hàng Mới Ca 1,2026-07-13 - Thứ 2,10,1,1,0,6.8,10,0,10,0,0,0,0,0,10,Đắk Nông,NTB,AM Phước
NTB - Đắk Nông,(DNO) Bắc Gia Nghĩa,Hàng Mới Ca 1,2026-06-22 - Thứ 2,10,1,0.9,0,6.33,9,0,10,0,1,0,0,0.1,10,Đắk Nông,NTB,AM Phước
NTB - Đắk Nông,(DNO) Bắc Gia Nghĩa,Hàng Mới Ca 1,2026-07-11 - Thứ 7,12,0.8333,0.75,0,8,9,0,9.9996,0,3,2.0004,0.1667,0.25,12,Đắk Nông,NTB,AM Phước
NTB - Đắk Nông,(DNO) Bắc Gia Nghĩa,Hàng Mới Ca 1,2026-07-02 - Thứ 5,13,1,0.7692,0,11.6,9.9996,0,13,0,3.0004,0,0,0.2308,13,Đắk Nông,NTB,AM Phước
NTB - Đắk Nông,(DNO) Bắc Gia Nghĩa,Hàng Mới Ca 1,2026-06-23 - Thứ 3,13,1,0.8462,0,10.36,11.0006,0,13,0,1.9994,0,0,0.1538,13,Đắk Nông,NTB,AM Phước
NTB - Đắk Nông,(DNO) Bắc Gia Nghĩa,Hàng Mới Ca 1,2026-07-07 - Thứ 3,13,1,1,0,7.08,13,0,13,0,0,0,0,0,13,Đắk Nông,NTB,AM Phước
NTB - Đắk Nông,(DNO) Bắc Gia Nghĩa,Hàng Mới Ca 1,2026-07-17 - Thứ 6,14,0.9286,0.8571,0.0714,8.75,11.9994,0.9996,13.0004,0.9996,1.001,0.9996,0.0714,0.0715,14,Đắk Nông,NTB,AM Phước
NTB - Đắk Nông,(DNO) Bắc Gia Nghĩa,Hàng Mới Ca 1,2026-06-30 - Thứ 3,14,1,0.9286,0,9.69,13.0004,0,14,0,0.9996,0,0,0.0714,14,Đắk Nông,NTB,AM Phước
NTB - Đắk Nông,(DNO) Bắc Gia Nghĩa,Hàng Mới Ca 1,2026-07-06 - Thứ 2,14,1,1,0,9.14,14,0,14,0,0,0,0,0,14,Đắk Nông,NTB,AM Phước
NTB - Đắk Nông,(DNO) Bắc Gia Nghĩa,Hàng Mới Ca 1,2026-07-08 - Thứ 4,14,1,0.7857,0.0714,9.82,10.9998,0.9996,14,0.9996,2.0006,0,0,0.1429,14,Đắk Nông,NTB,AM Phước
NTB - Đắk Nông,(DNO) Bắc Gia Nghĩa,Hàng Mới Ca 1,2026-07-03 - Thứ 6,15,1,1,0,9.33,15,0,15,0,0,0,0,0,15,Đắk Nông,NTB,AM Phước
NTB - Đắk Nông,(DNO) Bắc Gia Nghĩa,Hàng Mới Ca 1,2026-07-04 - Thứ 7,15,1,0.8667,0.0667,10.08,13.0005,1.0005,15,1.0005,0.999,0,0,0.0666,15,Đắk Nông,NTB,AM Phước
NTB - Đắk Nông,(DNO) Bắc Gia Nghĩa,Hàng Mới Ca 1,2026-06-26 - Thứ 6,15,0.9333,0.8667,0,7.31,13.0005,0,13.9995,0,1.9995,1.0005,0.0667,0.1333,15,Đắk Nông,NTB,AM Phước
NTB - Đắk Nông,(DNO) Bắc Gia Nghĩa,Hàng Mới Ca 1,2026-07-01 - Thứ 4,16,1,0.8125,0,6.46,13,0,16,0,3,0,0,0.1875,16,Đắk Nông,NTB,AM Phước
NTB - Đắk Nông,(DNO) Bắc Gia Nghĩa,Hàng Mới Ca 1,2026-07-12 - Chủ Nhật,16,1,1,0,7.69,16,0,16,0,0,0,0,0,16,Đắk Nông,NTB,AM Phước
NTB - Đắk Nông,(DNO) Bắc Gia Nghĩa,Hàng Mới Ca 1,2026-07-16 - Thứ 5,17,1,0.8824,0,7.47,15.0008,0,17,0,1.9992,0,0,0.1176,17,Đắk Nông,NTB,AM Phước
NTB - Đắk Nông,(DNO) Bắc Gia Nghĩa,Hàng Mới Ca 1,2026-07-15 - Thứ 4,18,0.9444,0.8333,0,8.07,14.9994,0,16.9992,0,3.0006,1.0008,0.0556,0.1667,18,Đắk Nông,NTB,AM Phước
NTB - Đắk Nông,(DNO) Bắc Gia Nghĩa,Hàng Mới Ca 1,2026-06-20 - Thứ 7,19,0.9474,0.7368,0,8,13.9992,0,18.0006,0,5.0008,0.9994,0.0526,0.2632,19,Đắk Nông,NTB,AM Phước
NTB - Đắk Nông,(DNO) Bắc Gia Nghĩa,Hàng Mới Ca 1,2026-07-09 - Thứ 5,20,1,0.95,0,6.95,19,0,20,0,1,0,0,0.05,20,Đắk Nông,NTB,AM Phước
NTB - Đắk Nông,(DNO) Bắc Gia Nghĩa,Hàng Mới Ca 1,2026-06-29 - Thứ 2,20,1,0.95,0,9.21,19,0,20,0,1,0,0,0.05,20,Đắk Nông,NTB,AM Phước
NTB - Đắk Nông,(DNO) Bắc Gia Nghĩa,Hàng Mới Ca 1,2026-07-14 - Thứ 3,21,1,0.9524,0,7.65,20.0004,0,21,0,0.9996,0,0,0.0476,21,Đắk Nông,NTB,AM Phước
NTB - Đắk Nông,(DNO) Bắc Gia Nghĩa,Hàng Mới Ca 1,2026-06-24 - Thứ 4,23,1,0.8696,0,7.3,20.0008,0,23,0,2.9992,0,0,0.1304,23,Đắk Nông,NTB,AM Phước
NTB - Đắk Nông,(DNO) Bắc Gia Nghĩa,Hàng Mới Ca 1,2026-06-27 - Thứ 7,24,0.9583,0.875,0,7.33,21,0,22.9992,0,3,1.0008,0.0417,0.125,24,Đắk Nông,NTB,AM Phước
NTB - Đắk Nông,(DNO) Bắc Gia Nghĩa,Hàng Mới Ca 1,2026-07-10 - Thứ 6,25,1,0.92,0,7.61,23,0,25,0,2,0,0,0.08,25,Đắk Nông,NTB,AM Phước
NTB - Đắk Nông,(DNO) Bắc Gia Nghĩa,Hàng Mới Ca 2,2026-06-23 - Thứ 3,1,1,1,0,10,1,0,1,0,0,0,0,0,1,Đắk Nông,NTB,AM Phước
NTB - Đắk Nông,(DNO) Bắc Gia Nghĩa,Hàng Mới Ca 2,2026-07-15 - Thứ 4,3,0.6667,0.6667,0,4,2.0001,0,2.0001,0,0.9999,0.9999,0.3333,0.3333,3,Đắk Nông,NTB,AM Phước
NTB - Đắk Nông,(DNO) Bắc Gia Nghĩa,Hàng Mới Ca 2,2026-06-26 - Thứ 6,3,0.3333,0.3333,0,7,0.9999,0,0.9999,0,2.0001,2.0001,0.6667,0.6667,3,Đắk Nông,NTB,AM Phước
NTB - Đắk Nông,(DNO) Bắc Gia Nghĩa,Hàng Mới Ca 2,2026-07-12 - Chủ Nhật,3,1,0.6667,0,5.5,2.0001,0,3,0,0.9999,0,0,0.3333,3,Đắk Nông,NTB,AM Phước
NTB - Đắk Nông,(DNO) Bắc Gia Nghĩa,Hàng Mới Ca 2,2026-06-24 - Thứ 4,3,0.6667,0.6667,0,4.5,2.0001,0,2.0001,0,0.9999,0.9999,0.3333,0.3333,3,Đắk Nông,NTB,AM Phước
NTB - Đắk Nông,(DNO) Bắc Gia Nghĩa,Hàng Mới Ca 2,2026-07-07 - Thứ 3,3,0.6667,0.6667,0,5,2.0001,0,2.0001,0,0.9999,0.9999,0.3333,0.3333,3,Đắk Nông,NTB,AM Phước
NTB - Đắk Nông,(DNO) Bắc Gia Nghĩa,Hàng Mới Ca 2,2026-06-30 - Thứ 3,3,1,1,0,5.67,3,0,3,0,0,0,0,0,3,Đắk Nông,NTB,AM Phước
NTB - Đắk Nông,(DNO) Bắc Gia Nghĩa,Hàng Mới Ca 2,2026-06-22 - Thứ 2,4,0.25,0.25,0,8,1,0,1,0,3,3,0.75,0.75,4,Đắk Nông,NTB,AM Phước
NTB - Đắk Nông,(DNO) Bắc Gia Nghĩa,Hàng Mới Ca 2,2026-06-27 - Thứ 7,4,0.5,0.5,0,6.5,2,0,2,0,2,2,0.5,0.5,4,Đắk Nông,NTB,AM Phước
NTB - Đắk Nông,(DNO) Bắc Gia Nghĩa,Hàng Mới Ca 2,2026-06-25 - Thứ 5,4,0,0,0,0,0,0,0,0,4,4,1,1,4,Đắk Nông,NTB,AM Phước
NTB - Đắk Nông,(DNO) Bắc Gia Nghĩa,Hàng Mới Ca 2,2026-07-16 - Thứ 5,5,0.6,0.2,0,5,1,0,3,0,4,2,0.4,0.8,5,Đắk Nông,NTB,AM Phước
NTB - Đắk Nông,(DNO) Bắc Gia Nghĩa,Hàng Mới Ca 2,2026-07-04 - Thứ 7,5,0.6,0.6,0,3.67,3,0,3,0,2,2,0.4,0.4,5,Đắk Nông,NTB,AM Phước
NTB - Đắk Nông,(DNO) Bắc Gia Nghĩa,Hàng Mới Ca 2,2026-06-29 - Thứ 2,5,0.4,0.4,0,7,2,0,2,0,3,3,0.6,0.6,5,Đắk Nông,NTB,AM Phước
NTB - Đắk Nông,(DNO) Bắc Gia Nghĩa,Hàng Mới Ca 2,2026-07-03 - Thứ 6,5,0.2,0.2,0,11,1,0,1,0,4,4,0.8,0.8,5,Đắk Nông,NTB,AM Phước
NTB - Đắk Nông,(DNO) Bắc Gia Nghĩa,Hàng Mới Ca 2,2026-07-17 - Thứ 6,5,0.6,0.6,0,6,3,0,3,0,2,2,0.4,0.4,5,Đắk Nông,NTB,AM Phước
NTB - Đắk Nông,(DNO) Bắc Gia Nghĩa,Hàng Mới Ca 2,2026-06-20 - Thứ 7,5,0.8,0.8,0,5.5,4,0,4,0,1,1,0.2,0.2,5,Đắk Nông,NTB,AM Phước
NTB - Đắk Nông,(DNO) Bắc Gia Nghĩa,Hàng Mới Ca 2,2026-06-21 - Chủ Nhật,5,0.2,0.2,0,5,1,0,1,0,4,4,0.8,0.8,5,Đắk Nông,NTB,AM Phước
NTB - Đắk Nông,(DNO) Bắc Gia Nghĩa,Hàng Mới Ca 2,2026-07-13 - Thứ 2,5,0.8,0.8,0,7.5,4,0,4,0,1,1,0.2,0.2,5,Đắk Nông,NTB,AM Phước
NTB - Đắk Nông,(DNO) Bắc Gia Nghĩa,Hàng Mới Ca 2,2026-07-05 - Chủ Nhật,6,0.6667,0.5,0,5,3,0,4.0002,0,3,1.9998,0.3333,0.5,6,Đắk Nông,NTB,AM Phước
NTB - Đắk Nông,(DNO) Bắc Gia Nghĩa,Hàng Mới Ca 2,2026-07-14 - Thứ 3,6,0.5,0.5,0,7.67,3,0,3,0,3,3,0.5,0.5,6,Đắk Nông,NTB,AM Phước
NTB - Đắk Nông,(DNO) Bắc Gia Nghĩa,Hàng Mới Ca 2,2026-06-28 - Chủ Nhật,7,0.1429,0,0,0,0,0,1.0003,0,7,5.9997,0.8571,1,7,Đắk Nông,NTB,AM Phước
NTB - Đắk Nông,(DNO) Bắc Gia Nghĩa,Hàng Mới Ca 2,2026-07-08 - Thứ 4,8,0.75,0.75,0,4.17,6,0,6,0,2,2,0.25,0.25,8,Đắk Nông,NTB,AM Phước
NTB - Đắk Nông,(DNO) Bắc Gia Nghĩa,Hàng Mới Ca 2,2026-07-02 - Thứ 5,9,0.4444,0.4444,0,6.75,3.9996,0,3.9996,0,5.0004,5.0004,0.5556,0.5556,9,Đắk Nông,NTB,AM Phước
NTB - Đắk Nông,(DNO) Bắc Gia Nghĩa,Hàng Mới Ca 2,2026-07-01 - Thứ 4,11,0.7273,0.5455,0,3.83,6.0005,0,8.0003,0,4.9995,2.9997,0.2727,0.4545,11,Đắk Nông,NTB,AM Phước
NTB - Đắk Nông,(DNO) Bắc Gia Nghĩa,Hàng Mới Ca 2,2026-07-09 - Thứ 5,12,0.8333,0.75,0,3.22,9,0,9.9996,0,3,2.0004,0.1667,0.25,12,Đắk Nông,NTB,AM Phước
NTB - Đắk Nông,(DNO) Bắc Gia Nghĩa,Hàng Mới Ca 2,2026-07-10 - Thứ 6,13,0.6923,0.6154,0,4.25,8.0002,0,8.9999,0,4.9998,4.0001,0.3077,0.3846,13,Đắk Nông,NTB,AM Phước
NTB - Đắk Nông,(DNO) Bắc Gia Nghĩa,Hàng Mới Ca 2,2026-07-11 - Thứ 7,14,0.5714,0.4286,0,5.67,6.0004,0,7.9996,0,7.9996,6.0004,0.4286,0.5714,14,Đắk Nông,NTB,AM Phước
NTB - Đắk Nông,(DNO) Bắc Gia Nghĩa,Hàng Tồn,2026-07-01 - Thứ 4,1,1,1,0,33,1,0,1,0,0,0,0,0,0,Đắk Nông,NTB,AM Phước
NTB - Đắk Nông,(DNO) Bắc Gia Nghĩa,Hàng Tồn,2026-07-08 - Thứ 4,1,1,1,0,29,1,0,1,0,0,0,0,0,0,Đắk Nông,NTB,AM Phước
NTB - Đắk Nông,(DNO) Bắc Gia Nghĩa,Hàng Tồn,2026-07-14 - Thứ 3,2,0.5,0.5,0,29,1,0,1,0,1,1,0.5,0.5,0,Đắk Nông,NTB,AM Phước
NTB - Đắk Nông,(DNO) Bắc Gia Nghĩa,Hàng Tồn,2026-07-07 - Thứ 3,2,1,1,0,54.5,2,0,2,0,0,0,0,0,0,Đắk Nông,NTB,AM Phước
NTB - Đắk Nông,(DNO) Bắc Gia Nghĩa,Hàng Tồn,2026-07-09 - Thứ 5,3,1,1,0,28.67,3,0,3,0,0,0,0,0,0,Đắk Nông,NTB,AM Phước
NTB - Đắk Nông,(DNO) Bắc Gia Nghĩa,Hàng Tồn,2026-07-13 - Thứ 2,3,1,0.3333,0.3333,28,0.9999,0.9999,3,0.9999,1.0002,0,0,0.3334,0,Đắk Nông,NTB,AM Phước
NTB - Đắk Nông,(DNO) Bắc Gia Nghĩa,Hàng Tồn,2026-06-24 - Thứ 4,3,0.6667,0.6667,0,36,2.0001,0,2.0001,0,0.9999,0.9999,0.3333,0.3333,0,Đắk Nông,NTB,AM Phước
NTB - Đắk Nông,(DNO) Bắc Gia Nghĩa,Hàng Tồn,2026-06-23 - Thứ 3,4,1,0.75,0.25,26,3,1,4,1,0,0,0,0,0,Đắk Nông,NTB,AM Phước
NTB - Đắk Nông,(DNO) Bắc Gia Nghĩa,Hàng Tồn,2026-06-25 - Thứ 5,4,0.75,0.25,0,36,1,0,3,0,3,1,0.25,0.75,0,Đắk Nông,NTB,AM Phước
NTB - Đắk Nông,(DNO) Bắc Gia Nghĩa,Hàng Tồn,2026-07-15 - Thứ 4,5,0.6,0.4,0,28,2,0,3,0,3,2,0.4,0.6,0,Đắk Nông,NTB,AM Phước
NTB - Đắk Nông,(DNO) Bắc Gia Nghĩa,Hàng Tồn,2026-07-05 - Chủ Nhật,5,1,0.4,0.2,32,2,1,5,1,2,0,0,0.4,0,Đắk Nông,NTB,AM Phước
NTB - Đắk Nông,(DNO) Bắc Gia Nghĩa,Hàng Tồn,2026-06-22 - Thứ 2,5,1,0.8,0,29.25,4,0,5,0,1,0,0,0.2,0,Đắk Nông,NTB,AM Phước
NTB - Đắk Nông,(DNO) Bắc Gia Nghĩa,Hàng Tồn,2026-07-10 - Thứ 6,5,1,0.6,0.4,26,3,2,5,2,0,0,0,0,0,Đắk Nông,NTB,AM Phước
NTB - Đắk Nông,(DNO) Bắc Gia Nghĩa,Hàng Tồn,2026-07-16 - Thứ 5,6,1,0.6667,0,41.25,4.0002,0,6,0,1.9998,0,0,0.3333,0,Đắk Nông,NTB,AM Phước
NTB - Đắk Nông,(DNO) Bắc Gia Nghĩa,Hàng Tồn,2026-06-30 - Thứ 3,6,1,1,0,38.33,6,0,6,0,0,0,0,0,0,Đắk Nông,NTB,AM Phước
NTB - Đắk Nông,(DNO) Bắc Gia Nghĩa,Hàng Tồn,2026-06-27 - Thứ 7,6,0.6667,0.3333,0,31,1.9998,0,4.0002,0,4.0002,1.9998,0.3333,0.6667,0,Đắk Nông,NTB,AM Phước
NTB - Đắk Nông,(DNO) Bắc Gia Nghĩa,Hàng Tồn,2026-07-04 - Thứ 7,6,1,0.5,0,35.33,3,0,6,0,3,0,0,0.5,0,Đắk Nông,NTB,AM Phước
NTB - Đắk Nông,(DNO) Bắc Gia Nghĩa,Hàng Tồn,2026-07-02 - Thứ 5,7,1,0.7143,0.1429,30.2,5.0001,1.0003,7,1.0003,0.9996,0,0,0.1428,0,Đắk Nông,NTB,AM Phước
NTB - Đắk Nông,(DNO) Bắc Gia Nghĩa,Hàng Tồn,2026-07-11 - Thứ 7,7,0.8571,0.8571,0,25.83,5.9997,0,5.9997,0,1.0003,1.0003,0.1429,0.1429,0,Đắk Nông,NTB,AM Phước
NTB - Đắk Nông,(DNO) Bắc Gia Nghĩa,Hàng Tồn,2026-07-06 - Thứ 2,7,1,0.5714,0,31.5,3.9998,0,7,0,3.0002,0,0,0.4286,0,Đắk Nông,NTB,AM Phước
NTB - Đắk Nông,(DNO) Bắc Gia Nghĩa,Hàng Tồn,2026-06-26 - Thứ 6,8,1,0.875,0,34.14,7,0,8,0,1,0,0,0.125,0,Đắk Nông,NTB,AM Phước
NTB - Đắk Nông,(DNO) Bắc Gia Nghĩa,Hàng Tồn,2026-06-21 - Chủ Nhật,8,1,0.875,0,35.14,7,0,8,0,1,0,0,0.125,0,Đắk Nông,NTB,AM Phước
NTB - Đắk Nông,(DNO) Bắc Gia Nghĩa,Hàng Tồn,2026-07-17 - Thứ 6,8,1,0.5,0.25,38.75,4,2,8,2,2,0,0,0.25,0,Đắk Nông,NTB,AM Phước
NTB - Đắk Nông,(DNO) Bắc Gia Nghĩa,Hàng Tồn,2026-06-28 - Chủ Nhật,9,1,0.6667,0,46.17,6.0003,0,9,0,2.9997,0,0,0.3333,0,Đắk Nông,NTB,AM Phước
NTB - Đắk Nông,(DNO) Bắc Gia Nghĩa,Hàng Tồn,2026-07-03 - Thứ 6,9,1,0.7778,0,32.14,7.0002,0,9,0,1.9998,0,0,0.2222,0,Đắk Nông,NTB,AM Phước
NTB - Đắk Nông,(DNO) Bắc Gia Nghĩa,Hàng Tồn,2026-06-29 - Thứ 2,10,0.9,0.6,0.1,41.33,6,1,9,1,3,1,0.1,0.3,0,Đắk Nông,NTB,AM Phước
NTB - Đắk Nông,(DNO) Bắc Gia Nghĩa,Hàng Tồn,2026-07-12 - Chủ Nhật,11,1,0.8182,0,33.78,9.0002,0,11,0,1.9998,0,0,0.1818,0,Đắk Nông,NTB,AM Phước
NTB - Đắk Nông,(DNO) Bắc Gia Nghĩa,Hàng Tồn,2026-06-20 - Thứ 7,25,1,0.92,0,49.13,23,0,25,0,2,0,0,0.08,0,Đắk Nông,NTB,AM Phước
NTB - Ninh Thuận,(NTH) Thuận Nam,Hàng Mới Ca 1,2026-07-09 - Thứ 5,67,1,0.8955,0.0299,16.97,59.9985,2.0033,67,2.0033,4.9982,0,0,0.0746,67,Ninh Thuận,NTB,AM D.Long
NTB - Ninh Thuận,(NTH) Thuận Nam,Hàng Mới Ca 1,2026-07-10 - Thứ 6,70,1,0.8429,0.0571,12.93,59.003,3.997,70,3.997,7,0,0,0.1,70,Ninh Thuận,NTB,AM D.Long
NTB - Ninh Thuận,(NTH) Thuận Nam,Hàng Mới Ca 1,2026-07-07 - Thứ 3,8,1,0.75,0,25.5,6,0,8,0,2,0,0,0.25,8,Ninh Thuận,NTB,AM D.Long
NTB - Ninh Thuận,(NTH) Thuận Nam,Hàng Mới Ca 1,2026-07-08 - Thứ 4,17,1,0.9412,0,17.63,16.0004,0,17,0,0.9996,0,0,0.0588,17,Ninh Thuận,NTB,AM D.Long
NTB - Ninh Thuận,(NTH) Thuận Nam,Hàng Mới Ca 1,2026-07-14 - Thứ 3,21,1,0.8571,0.0476,13.28,17.9991,0.9996,21,0.9996,2.0013,0,0,0.0953,21,Ninh Thuận,NTB,AM D.Long
NTB - Ninh Thuận,(NTH) Thuận Nam,Hàng Mới Ca 1,2026-07-15 - Thứ 4,21,1,0.9048,0,10.47,19.0008,0,21,0,1.9992,0,0,0.0952,21,Ninh Thuận,NTB,AM D.Long
NTB - Ninh Thuận,(NTH) Thuận Nam,Hàng Mới Ca 1,2026-07-01 - Thứ 4,21,1,0.8571,0.0476,13.22,17.9991,0.9996,21,0.9996,2.0013,0,0,0.0953,21,Ninh Thuận,NTB,AM D.Long
NTB - Ninh Thuận,(NTH) Thuận Nam,Hàng Mới Ca 1,2026-06-30 - Thứ 3,24,1,0.9583,0,13.26,22.9992,0,24,0,1.0008,0,0,0.0417,24,Ninh Thuận,NTB,AM D.Long
NTB - Ninh Thuận,(NTH) Thuận Nam,Hàng Mới Ca 1,2026-07-13 - Thứ 2,25,1,0.88,0,14.45,22,0,25,0,3,0,0,0.12,25,Ninh Thuận,NTB,AM D.Long
NTB - Ninh Thuận,(NTH) Thuận Nam,Hàng Mới Ca 1,2026-07-16 - Thứ 5,26,1,0.8846,0,14.87,22.9996,0,26,0,3.0004,0,0,0.1154,26,Ninh Thuận,NTB,AM D.Long
NTB - Ninh Thuận,(NTH) Thuận Nam,Hàng Mới Ca 1,2026-07-04 - Thứ 7,27,0.963,0.8148,0,15.91,21.9996,0,26.001,0,5.0004,0.999,0.037,0.1852,27,Ninh Thuận,NTB,AM D.Long
NTB - Ninh Thuận,(NTH) Thuận Nam,Hàng Mới Ca 1,2026-06-24 - Thứ 4,30,1,0.9667,0,10.83,29.001,0,30,0,0.999,0,0,0.0333,30,Ninh Thuận,NTB,AM D.Long
NTB - Ninh Thuận,(NTH) Thuận Nam,Hàng Mới Ca 1,2026-07-03 - Thứ 6,31,0.9677,0.6452,0.0323,15.95,20.0012,1.0013,29.9987,1.0013,9.9975,1.0013,0.0323,0.3225,31,Ninh Thuận,NTB,AM D.Long
NTB - Ninh Thuận,(NTH) Thuận Nam,Hàng Mới Ca 1,2026-06-27 - Thứ 7,31,1,0.8387,0,11.15,25.9997,0,31,0,5.0003,0,0,0.1613,31,Ninh Thuận,NTB,AM D.Long
NTB - Ninh Thuận,(NTH) Thuận Nam,Hàng Mới Ca 1,2026-07-05 - Chủ Nhật,32,0.9688,0.9063,0.0313,12.55,29.0016,1.0016,31.0016,1.0016,1.9968,0.9984,0.0312,0.0624,32,Ninh Thuận,NTB,AM D.Long
NTB - Ninh Thuận,(NTH) Thuận Nam,Hàng Mới Ca 1,2026-06-22 - Thứ 2,34,1,0.9412,0,13.09,32.0008,0,34,0,1.9992,0,0,0.0588,34,Ninh Thuận,NTB,AM D.Long
NTB - Ninh Thuận,(NTH) Thuận Nam,Hàng Mới Ca 1,2026-07-06 - Thứ 2,34,0.9706,0.7941,0.0294,16,26.9994,0.9996,33.0004,0.9996,6.001,0.9996,0.0294,0.1765,34,Ninh Thuận,NTB,AM D.Long
NTB - Ninh Thuận,(NTH) Thuận Nam,Hàng Mới Ca 1,2026-06-26 - Thứ 6,34,0.9706,0.8824,0,10.3,30.0016,0,33.0004,0,3.9984,0.9996,0.0294,0.1176,34,Ninh Thuận,NTB,AM D.Long
NTB - Ninh Thuận,(NTH) Thuận Nam,Hàng Mới Ca 1,2026-06-21 - Chủ Nhật,34,1,0.9118,0.0294,15.45,31.0012,0.9996,34,0.9996,1.9992,0,0,0.0588,34,Ninh Thuận,NTB,AM D.Long
NTB - Ninh Thuận,(NTH) Thuận Nam,Hàng Mới Ca 1,2026-06-25 - Thứ 5,35,1,0.8857,0.0571,13.68,30.9995,1.9985,35,1.9985,2.002,0,0,0.0572,35,Ninh Thuận,NTB,AM D.Long
NTB - Ninh Thuận,(NTH) Thuận Nam,Hàng Mới Ca 1,2026-06-23 - Thứ 3,39,0.9744,0.8974,0.0256,11.06,34.9986,0.9984,38.0016,0.9984,3.003,0.9984,0.0256,0.077,39,Ninh Thuận,NTB,AM D.Long
NTB - Ninh Thuận,(NTH) Thuận Nam,Hàng Mới Ca 1,2026-07-17 - Thứ 6,41,1,0.7317,0.0244,15.07,29.9997,1.0004,41,1.0004,9.9999,0,0,0.2439,41,Ninh Thuận,NTB,AM D.Long
NTB - Ninh Thuận,(NTH) Thuận Nam,Hàng Mới Ca 1,2026-07-02 - Thứ 5,43,1,0.7209,0.0233,14.68,30.9987,1.0019,43,1.0019,10.9994,0,0,0.2558,43,Ninh Thuận,NTB,AM D.Long
NTB - Ninh Thuận,(NTH) Thuận Nam,Hàng Mới Ca 1,2026-06-28 - Chủ Nhật,43,1,0.814,0.0233,8.69,35.002,1.0019,43,1.0019,6.9961,0,0,0.1627,43,Ninh Thuận,NTB,AM D.Long
NTB - Ninh Thuận,(NTH) Thuận Nam,Hàng Mới Ca 1,2026-07-12 - Chủ Nhật,45,1,0.7556,0.0444,13.88,34.002,1.998,45,1.998,9,0,0,0.2,45,Ninh Thuận,NTB,AM D.Long
NTB - Ninh Thuận,(NTH) Thuận Nam,Hàng Mới Ca 1,2026-07-11 - Thứ 7,46,1,0.913,0.0217,13.45,41.998,0.9982,46,0.9982,3.0038,0,0,0.0653,46,Ninh Thuận,NTB,AM D.Long
NTB - Ninh Thuận,(NTH) Thuận Nam,Hàng Mới Ca 1,2026-06-20 - Thứ 7,53,1,0.9057,0,13.75,48.0021,0,53,0,4.9979,0,0,0.0943,53,Ninh Thuận,NTB,AM D.Long
NTB - Ninh Thuận,(NTH) Thuận Nam,Hàng Mới Ca 1,2026-06-29 - Thứ 2,54,1,0.8889,0.037,17.58,48.0006,1.998,54,1.998,4.0014,0,0,0.0741,54,Ninh Thuận,NTB,AM D.Long
NTB - Ninh Thuận,(NTH) Thuận Nam,Hàng Mới Ca 2,2026-07-02 - Thứ 5,1,0,0,0,0,0,0,0,0,1,1,1,1,1,Ninh Thuận,NTB,AM D.Long
NTB - Ninh Thuận,(NTH) Thuận Nam,Hàng Tồn,2026-06-26 - Thứ 6,2,0.5,0,0,0,0,0,1,0,2,1,0.5,1,0,Ninh Thuận,NTB,AM D.Long
NTB - Ninh Thuận,(NTH) Thuận Nam,Hàng Tồn,2026-06-25 - Thứ 5,2,0.5,0.5,0,56,1,0,1,0,1,1,0.5,0.5,0,Ninh Thuận,NTB,AM D.Long
NTB - Ninh Thuận,(NTH) Thuận Nam,Hàng Tồn,2026-06-23 - Thứ 3,2,1,0.5,0.5,42,1,1,2,1,0,0,0,0,0,Ninh Thuận,NTB,AM D.Long
NTB - Ninh Thuận,(NTH) Thuận Nam,Hàng Tồn,2026-07-02 - Thứ 5,3,1,0,0.3333,0,0,0.9999,3,0.9999,2.0001,0,0,0.6667,0,Ninh Thuận,NTB,AM D.Long
NTB - Ninh Thuận,(NTH) Thuận Nam,Hàng Tồn,2026-07-01 - Thứ 4,3,1,0.3333,0,76,0.9999,0,3,0,2.0001,0,0,0.6667,0,Ninh Thuận,NTB,AM D.Long
NTB - Ninh Thuận,(NTH) Thuận Nam,Hàng Tồn,2026-07-05 - Chủ Nhật,3,1,0.6667,0,36.5,2.0001,0,3,0,0.9999,0,0,0.3333,0,Ninh Thuận,NTB,AM D.Long
NTB - Ninh Thuận,(NTH) Thuận Nam,Hàng Tồn,2026-06-24 - Thứ 4,4,1,0.5,0,49.5,2,0,4,0,2,0,0,0.5,0,Ninh Thuận,NTB,AM D.Long
NTB - Ninh Thuận,(NTH) Thuận Nam,Hàng Tồn,2026-07-15 - Thứ 4,4,0.75,0.25,0,59,1,0,3,0,3,1,0.25,0.75,0,Ninh Thuận,NTB,AM D.Long
NTB - Ninh Thuận,(NTH) Thuận Nam,Hàng Tồn,2026-07-14 - Thứ 3,4,0.75,0.5,0,60.5,2,0,3,0,2,1,0.25,0.5,0,Ninh Thuận,NTB,AM D.Long
NTB - Ninh Thuận,(NTH) Thuận Nam,Hàng Tồn,2026-07-08 - Thứ 4,4,0.75,0,0.25,0,0,1,3,1,3,1,0.25,0.75,0,Ninh Thuận,NTB,AM D.Long
NTB - Ninh Thuận,(NTH) Thuận Nam,Hàng Tồn,2026-07-09 - Thứ 5,5,0.6,0.2,0,78,1,0,3,0,4,2,0.4,0.8,0,Ninh Thuận,NTB,AM D.Long
NTB - Ninh Thuận,(NTH) Thuận Nam,Hàng Tồn,2026-07-16 - Thứ 5,5,0.8,0.4,0,61.5,2,0,4,0,3,1,0.2,0.6,0,Ninh Thuận,NTB,AM D.Long
NTB - Ninh Thuận,(NTH) Thuận Nam,Hàng Tồn,2026-07-17 - Thứ 6,5,1,0.4,0.4,54.5,2,2,5,2,1,0,0,0.2,0,Ninh Thuận,NTB,AM D.Long
NTB - Ninh Thuận,(NTH) Thuận Nam,Hàng Tồn,2026-06-21 - Chủ Nhật,5,0.8,0.4,0.2,72,2,1,4,1,2,1,0.2,0.4,0,Ninh Thuận,NTB,AM D.Long
NTB - Ninh Thuận,(NTH) Thuận Nam,Hàng Tồn,2026-07-06 - Thứ 2,6,0.8333,0.8333,0,67.8,4.9998,0,4.9998,0,1.0002,1.0002,0.1667,0.1667,0,Ninh Thuận,NTB,AM D.Long
NTB - Ninh Thuận,(NTH) Thuận Nam,Hàng Tồn,2026-07-12 - Chủ Nhật,7,0.8571,0.4286,0.1429,51,3.0002,1.0003,5.9997,1.0003,2.9995,1.0003,0.1429,0.4285,0,Ninh Thuận,NTB,AM D.Long
NTB - Ninh Thuận,(NTH) Thuận Nam,Hàng Tồn,2026-07-07 - Thứ 3,7,0.8571,0.5714,0,50,3.9998,0,5.9997,0,3.0002,1.0003,0.1429,0.4286,0,Ninh Thuận,NTB,AM D.Long
NTB - Ninh Thuận,(NTH) Thuận Nam,Hàng Tồn,2026-06-27 - Thứ 7,7,0.8571,0.4286,0,58.67,3.0002,0,5.9997,0,3.9998,1.0003,0.1429,0.5714,0,Ninh Thuận,NTB,AM D.Long
NTB - Ninh Thuận,(NTH) Thuận Nam,Hàng Tồn,2026-06-30 - Thứ 3,7,1,0.5714,0.2857,69,3.9998,1.9999,7,1.9999,1.0003,0,0,0.1429,0,Ninh Thuận,NTB,AM D.Long
NTB - Ninh Thuận,(NTH) Thuận Nam,Hàng Tồn,2026-06-20 - Thứ 7,7,0.8571,0.2857,0.2857,48,1.9999,1.9999,5.9997,1.9999,3.0002,1.0003,0.1429,0.4286,0,Ninh Thuận,NTB,AM D.Long
NTB - Ninh Thuận,(NTH) Thuận Nam,Hàng Tồn,2026-06-22 - Thứ 2,8,0.875,0.75,0,73.67,6,0,7,0,2,1,0.125,0.25,0,Ninh Thuận,NTB,AM D.Long
NTB - Ninh Thuận,(NTH) Thuận Nam,Hàng Tồn,2026-07-11 - Thứ 7,9,0.8889,0.4444,0.2222,42,3.9996,1.9998,8.0001,1.9998,3.0006,0.9999,0.1111,0.3334,0,Ninh Thuận,NTB,AM D.Long
NTB - Ninh Thuận,(NTH) Thuận Nam,Hàng Tồn,2026-07-10 - Thứ 6,9,0.7778,0.4444,0.2222,47,3.9996,1.9998,7.0002,1.9998,3.0006,1.9998,0.2222,0.3334,0,Ninh Thuận,NTB,AM D.Long
NTB - Ninh Thuận,(NTH) Thuận Nam,Hàng Tồn,2026-06-28 - Chủ Nhật,9,0.7778,0.2222,0.1111,66,1.9998,0.9999,7.0002,0.9999,6.0003,1.9998,0.2222,0.6667,0,Ninh Thuận,NTB,AM D.Long
NTB - Ninh Thuận,(NTH) Thuận Nam,Hàng Tồn,2026-07-13 - Thứ 2,10,1,0.6,0.1,48.83,6,1,10,1,3,0,0,0.3,0,Ninh Thuận,NTB,AM D.Long
NTB - Ninh Thuận,(NTH) Thuận Nam,Hàng Tồn,2026-06-29 - Thứ 2,10,0.8,0.8,0,52.38,8,0,8,0,2,2,0.2,0.2,0,Ninh Thuận,NTB,AM D.Long
NTB - Ninh Thuận,(NTH) Thuận Nam,Hàng Tồn,2026-07-04 - Thứ 7,11,1,0.8182,0,51.22,9.0002,0,11,0,1.9998,0,0,0.1818,0,Ninh Thuận,NTB,AM D.Long
NTB - Ninh Thuận,(NTH) Thuận Nam,Hàng Tồn,2026-07-03 - Thứ 6,11,1,0.9091,0.0909,49.6,10.0001,0.9999,11,0.9999,0,0,0,0,0,Ninh Thuận,NTB,AM D.Long
NTB - Ninh Thuận,(NTH) Phước Dinh,Hàng Mới Ca 1,2026-07-11 - Thứ 7,97,1,0.701,0.0206,8.16,67.997,1.9982,97,1.9982,27.0048,0,0,0.2784,97,Ninh Thuận,NTB,AM D.Long
NTB - Ninh Thuận,(NTH) Phước Dinh,Hàng Mới Ca 1,2026-07-12 - Chủ Nhật,60,0.95,0.8667,0,14.1,52.002,0,57,0,7.998,3,0.05,0.1333,60,Ninh Thuận,NTB,AM D.Long
NTB - Ninh Thuận,(NTH) Phước Dinh,Hàng Mới Ca 1,2026-06-25 - Thứ 5,73,0.8219,0.6164,0.0137,11.96,44.9972,1.0001,59.9987,1.0001,27.0027,13.0013,0.1781,0.3699,73,Ninh Thuận,NTB,AM D.Long
NTB - Ninh Thuận,(NTH) Phước Dinh,Hàng Mới Ca 1,2026-06-22 - Thứ 2,68,0.9853,0.7059,0.0441,11.83,48.0012,2.9988,67.0004,2.9988,17,0.9996,0.0147,0.25,68,Ninh Thuận,NTB,AM D.Long
NTB - Ninh Thuận,(NTH) Phước Dinh,Hàng Mới Ca 1,2026-06-29 - Thứ 2,60,0.9167,0.5833,0,12.46,34.998,0,55.002,0,25.002,4.998,0.0833,0.4167,60,Ninh Thuận,NTB,AM D.Long
NTB - Ninh Thuận,(NTH) Phước Dinh,Hàng Mới Ca 1,2026-06-21 - Chủ Nhật,59,0.9492,0.6441,0,11.45,38.0019,0,56.0028,0,20.9981,2.9972,0.0508,0.3559,59,Ninh Thuận,NTB,AM D.Long
NTB - Ninh Thuận,(NTH) Phước Dinh,Hàng Mới Ca 1,2026-07-09 - Thứ 5,109,0.9358,0.7248,0.0367,13.42,79.0032,4.0003,102.0022,4.0003,25.9965,6.9978,0.0642,0.2385,109,Ninh Thuận,NTB,AM D.Long
NTB - Ninh Thuận,(NTH) Phước Dinh,Hàng Mới Ca 1,2026-07-06 - Thứ 2,18,0.9444,0.7778,0,6.57,14.0004,0,16.9992,0,3.9996,1.0008,0.0556,0.2222,18,Ninh Thuận,NTB,AM D.Long
NTB - Ninh Thuận,(NTH) Phước Dinh,Hàng Mới Ca 1,2026-07-07 - Thứ 3,23,1,0.7391,0,9.06,16.9993,0,23,0,6.0007,0,0,0.2609,23,Ninh Thuận,NTB,AM D.Long
NTB - Ninh Thuận,(NTH) Phước Dinh,Hàng Mới Ca 1,2026-07-14 - Thứ 3,27,0.963,0.8148,0,6.59,21.9996,0,26.001,0,5.0004,0.999,0.037,0.1852,27,Ninh Thuận,NTB,AM D.Long
NTB - Ninh Thuận,(NTH) Phước Dinh,Hàng Mới Ca 1,2026-06-23 - Thứ 3,33,0.9697,0.6061,0,8.2,20.0013,0,32.0001,0,12.9987,0.9999,0.0303,0.3939,33,Ninh Thuận,NTB,AM D.Long
NTB - Ninh Thuận,(NTH) Phước Dinh,Hàng Mới Ca 1,2026-06-20 - Thứ 7,34,1,0.6471,0.0588,8.45,22.0014,1.9992,34,1.9992,9.9994,0,0,0.2941,34,Ninh Thuận,NTB,AM D.Long
NTB - Ninh Thuận,(NTH) Phước Dinh,Hàng Mới Ca 1,2026-07-01 - Thứ 4,35,0.9714,0.6286,0,8.05,22.001,0,33.999,0,12.999,1.001,0.0286,0.3714,35,Ninh Thuận,NTB,AM D.Long
NTB - Ninh Thuận,(NTH) Phước Dinh,Hàng Mới Ca 1,2026-07-08 - Thứ 4,35,0.9429,0.7143,0,11.4,25.0005,0,33.0015,0,9.9995,1.9985,0.0571,0.2857,35,Ninh Thuận,NTB,AM D.Long
NTB - Ninh Thuận,(NTH) Phước Dinh,Hàng Mới Ca 1,2026-07-04 - Thứ 7,36,0.9722,0.7222,0.0278,7.35,25.9992,1.0008,34.9992,1.0008,9,1.0008,0.0278,0.25,36,Ninh Thuận,NTB,AM D.Long
NTB - Ninh Thuận,(NTH) Phước Dinh,Hàng Mới Ca 1,2026-07-02 - Thứ 5,38,1,0.6842,0.0263,6.88,25.9996,0.9994,38,0.9994,11.001,0,0,0.2895,38,Ninh Thuận,NTB,AM D.Long
NTB - Ninh Thuận,(NTH) Phước Dinh,Hàng Mới Ca 1,2026-06-30 - Thứ 3,40,0.95,0.875,0.025,13.74,35,1,38,1,4,2,0.05,0.1,40,Ninh Thuận,NTB,AM D.Long
NTB - Ninh Thuận,(NTH) Phước Dinh,Hàng Mới Ca 1,2026-07-17 - Thứ 6,42,0.9762,0.6429,0.0238,8.11,27.0018,0.9996,41.0004,0.9996,13.9986,0.9996,0.0238,0.3333,42,Ninh Thuận,NTB,AM D.Long
NTB - Ninh Thuận,(NTH) Phước Dinh,Hàng Mới Ca 1,2026-07-15 - Thứ 4,43,0.9767,0.7674,0.0233,12.88,32.9982,1.0019,41.9981,1.0019,8.9999,1.0019,0.0233,0.2093,43,Ninh Thuận,NTB,AM D.Long
NTB - Ninh Thuận,(NTH) Phước Dinh,Hàng Mới Ca 1,2026-06-28 - Chủ Nhật,44,0.8864,0.6364,0,10.29,28.0016,0,39.0016,0,15.9984,4.9984,0.1136,0.3636,44,Ninh Thuận,NTB,AM D.Long
NTB - Ninh Thuận,(NTH) Phước Dinh,Hàng Mới Ca 1,2026-07-10 - Thứ 6,44,1,0.75,0,8.24,33,0,44,0,11,0,0,0.25,44,Ninh Thuận,NTB,AM D.Long
NTB - Ninh Thuận,(NTH) Phước Dinh,Hàng Mới Ca 1,2026-07-16 - Thứ 5,46,0.9783,0.6957,0.0652,12.28,32.0022,2.9992,45.0018,2.9992,10.9986,0.9982,0.0217,0.2391,46,Ninh Thuận,NTB,AM D.Long
NTB - Ninh Thuận,(NTH) Phước Dinh,Hàng Mới Ca 1,2026-07-05 - Chủ Nhật,47,0.9574,0.4894,0.0638,7.87,23.0018,2.9986,44.9978,2.9986,20.9996,2.0022,0.0426,0.4468,47,Ninh Thuận,NTB,AM D.Long
NTB - Ninh Thuận,(NTH) Phước Dinh,Hàng Mới Ca 1,2026-07-03 - Thứ 6,48,0.9792,0.7708,0,9.16,36.9984,0,47.0016,0,11.0016,0.9984,0.0208,0.2292,48,Ninh Thuận,NTB,AM D.Long
NTB - Ninh Thuận,(NTH) Phước Dinh,Hàng Mới Ca 1,2026-07-13 - Thứ 2,50,0.88,0.6,0.04,11.97,30,2,44,2,18,6,0.12,0.36,50,Ninh Thuận,NTB,AM D.Long
NTB - Ninh Thuận,(NTH) Phước Dinh,Hàng Mới Ca 1,2026-06-26 - Thứ 6,53,0.8868,0.7736,0,12.76,41.0008,0,47.0004,0,11.9992,5.9996,0.1132,0.2264,53,Ninh Thuận,NTB,AM D.Long
NTB - Ninh Thuận,(NTH) Phước Dinh,Hàng Mới Ca 1,2026-06-24 - Thứ 4,53,1,0.6415,0.0377,8.79,33.9995,1.9981,53,1.9981,17.0024,0,0,0.3208,53,Ninh Thuận,NTB,AM D.Long
NTB - Ninh Thuận,(NTH) Phước Dinh,Hàng Mới Ca 1,2026-06-27 - Thứ 7,53,0.8679,0.6792,0.0189,12.58,35.9976,1.0017,45.9987,1.0017,16.0007,7.0013,0.1321,0.3019,53,Ninh Thuận,NTB,AM D.Long
NTB - Ninh Thuận,(NTH) Phước Dinh,Hàng Mới Ca 2,2026-07-11 - Thứ 7,1,0,0,0,0,0,0,0,0,1,1,1,1,1,Ninh Thuận,NTB,AM D.Long
NTB - Ninh Thuận,(NTH) Phước Dinh,Hàng Mới Ca 2,2026-07-13 - Thứ 2,11,0.0909,0.0909,0,3,0.9999,0,0.9999,0,10.0001,10.0001,0.9091,0.9091,11,Ninh Thuận,NTB,AM D.Long
NTB - Ninh Thuận,(NTH) Phước Dinh,Hàng Mới Ca 2,2026-07-12 - Chủ Nhật,12,0.3333,0.3333,0,3,3.9996,0,3.9996,0,8.0004,8.0004,0.6667,0.6667,12,Ninh Thuận,NTB,AM D.Long
NTB - Ninh Thuận,(NTH) Phước Dinh,Hàng Mới Ca 2,2026-06-22 - Thứ 2,12,0.25,0.25,0,2.67,3,0,3,0,9,9,0.75,0.75,12,Ninh Thuận,NTB,AM D.Long
NTB - Ninh Thuận,(NTH) Phước Dinh,Hàng Mới Ca 2,2026-07-14 - Thứ 3,13,0.3077,0.3077,0,2.25,4.0001,0,4.0001,0,8.9999,8.9999,0.6923,0.6923,13,Ninh Thuận,NTB,AM D.Long
NTB - Ninh Thuận,(NTH) Phước Dinh,Hàng Mới Ca 2,2026-06-28 - Chủ Nhật,14,0.5,0.4286,0,4,6.0004,0,7,0,7.9996,7,0.5,0.5714,14,Ninh Thuận,NTB,AM D.Long
NTB - Ninh Thuận,(NTH) Phước Dinh,Hàng Mới Ca 2,2026-06-20 - Thứ 7,15,0.2667,0.2667,0,1.25,4.0005,0,4.0005,0,10.9995,10.9995,0.7333,0.7333,15,Ninh Thuận,NTB,AM D.Long
NTB - Ninh Thuận,(NTH) Phước Dinh,Hàng Mới Ca 2,2026-07-09 - Thứ 5,15,0.3333,0.3333,0,3.6,4.9995,0,4.9995,0,10.0005,10.0005,0.6667,0.6667,15,Ninh Thuận,NTB,AM D.Long
NTB - Ninh Thuận,(NTH) Phước Dinh,Hàng Mới Ca 2,2026-07-15 - Thứ 4,16,0.5,0.4375,0,3.14,7,0,8,0,9,8,0.5,0.5625,16,Ninh Thuận,NTB,AM D.Long
NTB - Ninh Thuận,(NTH) Phước Dinh,Hàng Mới Ca 2,2026-07-04 - Thứ 7,18,0.2778,0.2778,0,3,5.0004,0,5.0004,0,12.9996,12.9996,0.7222,0.7222,18,Ninh Thuận,NTB,AM D.Long
NTB - Ninh Thuận,(NTH) Phước Dinh,Hàng Mới Ca 2,2026-06-21 - Chủ Nhật,18,0.2778,0.2222,0,2.5,3.9996,0,5.0004,0,14.0004,12.9996,0.7222,0.7778,18,Ninh Thuận,NTB,AM D.Long
NTB - Ninh Thuận,(NTH) Phước Dinh,Hàng Mới Ca 2,2026-07-08 - Thứ 4,19,0.3158,0.2632,0,3,5.0008,0,6.0002,0,13.9992,12.9998,0.6842,0.7368,19,Ninh Thuận,NTB,AM D.Long
NTB - Ninh Thuận,(NTH) Phước Dinh,Hàng Mới Ca 2,2026-07-03 - Thứ 6,20,0.45,0.45,0,2.67,9,0,9,0,11,11,0.55,0.55,20,Ninh Thuận,NTB,AM D.Long
NTB - Ninh Thuận,(NTH) Phước Dinh,Hàng Mới Ca 2,2026-07-05 - Chủ Nhật,20,0.4,0.4,0,4.63,8,0,8,0,12,12,0.6,0.6,20,Ninh Thuận,NTB,AM D.Long
NTB - Ninh Thuận,(NTH) Phước Dinh,Hàng Mới Ca 2,2026-06-29 - Thứ 2,20,0.55,0.55,0,3.18,11,0,11,0,9,9,0.45,0.45,20,Ninh Thuận,NTB,AM D.Long
NTB - Ninh Thuận,(NTH) Phước Dinh,Hàng Mới Ca 2,2026-06-24 - Thứ 4,20,0.35,0.3,0,2.17,6,0,7,0,14,13,0.65,0.7,20,Ninh Thuận,NTB,AM D.Long
NTB - Ninh Thuận,(NTH) Phước Dinh,Hàng Mới Ca 2,2026-07-17 - Thứ 6,22,0.5,0.2727,0.0455,3.5,5.9994,1.001,11,1.001,14.9996,11,0.5,0.6818,22,Ninh Thuận,NTB,AM D.Long
NTB - Ninh Thuận,(NTH) Phước Dinh,Hàng Mới Ca 2,2026-06-25 - Thứ 5,24,0.1667,0.1667,0,2,4.0008,0,4.0008,0,19.9992,19.9992,0.8333,0.8333,24,Ninh Thuận,NTB,AM D.Long
NTB - Ninh Thuận,(NTH) Phước Dinh,Hàng Mới Ca 2,2026-06-27 - Thứ 7,24,0.1667,0.1667,0,2.25,4.0008,0,4.0008,0,19.9992,19.9992,0.8333,0.8333,24,Ninh Thuận,NTB,AM D.Long
NTB - Ninh Thuận,(NTH) Phước Dinh,Hàng Mới Ca 2,2026-07-07 - Thứ 3,25,0.56,0.44,0,3.18,11,0,14,0,14,11,0.44,0.56,25,Ninh Thuận,NTB,AM D.Long
NTB - Ninh Thuận,(NTH) Phước Dinh,Hàng Mới Ca 2,2026-06-26 - Thứ 6,25,0.36,0.32,0,2.5,8,0,9,0,17,16,0.64,0.68,25,Ninh Thuận,NTB,AM D.Long
NTB - Ninh Thuận,(NTH) Phước Dinh,Hàng Mới Ca 2,2026-06-23 - Thứ 3,26,0.2692,0.2692,0,2.14,6.9992,0,6.9992,0,19.0008,19.0008,0.7308,0.7308,26,Ninh Thuận,NTB,AM D.Long
NTB - Ninh Thuận,(NTH) Phước Dinh,Hàng Mới Ca 2,2026-07-06 - Thứ 2,26,0.1923,0.1538,0.0385,2,3.9988,1.001,4.9998,1.001,21.0002,21.0002,0.8077,0.8077,26,Ninh Thuận,NTB,AM D.Long
NTB - Ninh Thuận,(NTH) Phước Dinh,Hàng Mới Ca 2,2026-06-30 - Thứ 3,27,0.4074,0.3704,0.037,3.4,10.0008,0.999,10.9998,0.999,16.0002,16.0002,0.5926,0.5926,27,Ninh Thuận,NTB,AM D.Long
NTB - Ninh Thuận,(NTH) Phước Dinh,Hàng Mới Ca 2,2026-07-16 - Thứ 5,29,0.2759,0.2759,0,2.75,8.0011,0,8.0011,0,20.9989,20.9989,0.7241,0.7241,29,Ninh Thuận,NTB,AM D.Long
NTB - Ninh Thuận,(NTH) Phước Dinh,Hàng Mới Ca 2,2026-07-02 - Thứ 5,30,0.2667,0.2333,0.0333,2.43,6.999,0.999,8.001,0.999,22.002,21.999,0.7333,0.7334,30,Ninh Thuận,NTB,AM D.Long
NTB - Ninh Thuận,(NTH) Phước Dinh,Hàng Mới Ca 2,2026-07-10 - Thứ 6,31,0.2903,0.2903,0,2.89,8.9993,0,8.9993,0,22.0007,22.0007,0.7097,0.7097,31,Ninh Thuận,NTB,AM D.Long
NTB - Ninh Thuận,(NTH) Phước Dinh,Hàng Mới Ca 2,2026-07-01 - Thứ 4,33,0.2424,0.2121,0,4,6.9993,0,7.9992,0,26.0007,25.0008,0.7576,0.7879,33,Ninh Thuận,NTB,AM D.Long
NTB - Ninh Thuận,(NTH) Phước Dinh,Hàng Tồn,2026-06-26 - Thứ 6,83,1,0.4578,0.0361,54.05,37.9974,2.9963,83,2.9963,42.0063,0,0,0.5061,0,Ninh Thuận,NTB,AM D.Long
NTB - Ninh Thuận,(NTH) Phước Dinh,Hàng Tồn,2026-06-27 - Thứ 7,66,0.8788,0.4697,0.0606,54.58,31.0002,3.9996,58.0008,3.9996,31.0002,7.9992,0.1212,0.4697,0,Ninh Thuận,NTB,AM D.Long
NTB - Ninh Thuận,(NTH) Phước Dinh,Hàng Tồn,2026-06-28 - Chủ Nhật,67,0.6866,0.4627,0.0299,63.32,31.0009,2.0033,46.0022,2.0033,33.9958,20.9978,0.3134,0.5074,0,Ninh Thuận,NTB,AM D.Long
NTB - Ninh Thuận,(NTH) Phước Dinh,Hàng Tồn,2026-06-25 - Thứ 5,52,0.9231,0.3462,0.0385,45,18.0024,2.002,48.0012,2.002,31.9956,3.9988,0.0769,0.6153,0,Ninh Thuận,NTB,AM D.Long
NTB - Ninh Thuận,(NTH) Phước Dinh,Hàng Tồn,2026-07-16 - Thứ 5,26,1,0.6923,0.0385,57.11,17.9998,1.001,26,1.001,6.9992,0,0,0.2692,0,Ninh Thuận,NTB,AM D.Long
NTB - Ninh Thuận,(NTH) Phước Dinh,Hàng Tồn,2026-07-14 - Thứ 3,30,1,0.5,0.0333,72.6,15,0.999,30,0.999,14.001,0,0,0.4667,0,Ninh Thuận,NTB,AM D.Long
NTB - Ninh Thuận,(NTH) Phước Dinh,Hàng Tồn,2026-07-08 - Thứ 4,30,1,0.5667,0,51.47,17.001,0,30,0,12.999,0,0,0.4333,0,Ninh Thuận,NTB,AM D.Long
NTB - Ninh Thuận,(NTH) Phước Dinh,Hàng Tồn,2026-07-04 - Thứ 7,32,1,0.4688,0.0625,46.87,15.0016,2,32,2,14.9984,0,0,0.4687,0,Ninh Thuận,NTB,AM D.Long
NTB - Ninh Thuận,(NTH) Phước Dinh,Hàng Tồn,2026-07-15 - Thứ 4,36,0.9722,0.6667,0.0556,67.38,24.0012,2.0016,34.9992,2.0016,9.9972,1.0008,0.0278,0.2777,0,Ninh Thuận,NTB,AM D.Long
NTB - Ninh Thuận,(NTH) Phước Dinh,Hàng Tồn,2026-07-10 - Thứ 6,37,1,0.5135,0,56.84,18.9995,0,37,0,18.0005,0,0,0.4865,0,Ninh Thuận,NTB,AM D.Long
NTB - Ninh Thuận,(NTH) Phước Dinh,Hàng Tồn,2026-07-05 - Chủ Nhật,39,1,0.4359,0.0513,51.65,17.0001,2.0007,39,2.0007,19.9992,0,0,0.5128,0,Ninh Thuận,NTB,AM D.Long
NTB - Ninh Thuận,(NTH) Phước Dinh,Hàng Tồn,2026-07-12 - Chủ Nhật,40,1,0.45,0.025,51.5,18,1,40,1,21,0,0,0.525,0,Ninh Thuận,NTB,AM D.Long
NTB - Ninh Thuận,(NTH) Phước Dinh,Hàng Tồn,2026-07-07 - Thứ 3,40,1,0.575,0.05,50.96,23,2,40,2,15,0,0,0.375,0,Ninh Thuận,NTB,AM D.Long
NTB - Ninh Thuận,(NTH) Phước Dinh,Hàng Tồn,2026-07-06 - Thứ 2,40,1,0.75,0,46.6,30,0,40,0,10,0,0,0.25,0,Ninh Thuận,NTB,AM D.Long
NTB - Ninh Thuận,(NTH) Phước Dinh,Hàng Tồn,2026-07-13 - Thứ 2,41,0.9268,0.561,0.0732,57.65,23.001,3.0012,37.9988,3.0012,14.9978,3.0012,0.0732,0.3658,0,Ninh Thuận,NTB,AM D.Long
NTB - Ninh Thuận,(NTH) Phước Dinh,Hàng Tồn,2026-06-29 - Thứ 2,41,1,0.5122,0.0244,54.67,21.0002,1.0004,41,1.0004,18.9994,0,0,0.4634,0,Ninh Thuận,NTB,AM D.Long
NTB - Ninh Thuận,(NTH) Phước Dinh,Hàng Tồn,2026-07-17 - Thứ 6,42,0.9524,0.4762,0.0476,39.15,20.0004,1.9992,40.0008,1.9992,20.0004,1.9992,0.0476,0.4762,0,Ninh Thuận,NTB,AM D.Long
NTB - Ninh Thuận,(NTH) Phước Dinh,Hàng Tồn,2026-07-01 - Thứ 4,42,0.9762,0.6667,0.0238,45.64,28.0014,0.9996,41.0004,0.9996,12.999,0.9996,0.0238,0.3095,0,Ninh Thuận,NTB,AM D.Long
NTB - Ninh Thuận,(NTH) Phước Dinh,Hàng Tồn,2026-07-09 - Thứ 5,42,1,0.6667,0.0476,59.86,28.0014,1.9992,42,1.9992,11.9994,0,0,0.2857,0,Ninh Thuận,NTB,AM D.Long
NTB - Ninh Thuận,(NTH) Phước Dinh,Hàng Tồn,2026-06-22 - Thứ 2,45,0.9778,0.5111,0.0889,38,22.9995,4.0005,44.001,4.0005,18,0.999,0.0222,0.4,0,Ninh Thuận,NTB,AM D.Long
NTB - Ninh Thuận,(NTH) Phước Dinh,Hàng Tồn,2026-06-30 - Thứ 3,48,0.8958,0.375,0.1667,48.33,18,8.0016,42.9984,8.0016,21.9984,5.0016,0.1042,0.4583,0,Ninh Thuận,NTB,AM D.Long
NTB - Ninh Thuận,(NTH) Phước Dinh,Hàng Tồn,2026-06-24 - Thứ 4,50,1,0.5,0.04,53.92,25,2,50,2,23,0,0,0.46,0,Ninh Thuận,NTB,AM D.Long
NTB - Ninh Thuận,(NTH) Phước Dinh,Hàng Tồn,2026-07-02 - Thứ 5,50,1,0.64,0.06,45.34,32,3,50,3,15,0,0,0.3,0,Ninh Thuận,NTB,AM D.Long
NTB - Ninh Thuận,(NTH) Phước Dinh,Hàng Tồn,2026-06-23 - Thứ 3,50,0.96,0.62,0.02,63.9,31,1,48,1,18,2,0.04,0.36,0,Ninh Thuận,NTB,AM D.Long
NTB - Ninh Thuận,(NTH) Phước Dinh,Hàng Tồn,2026-07-11 - Thứ 7,50,1,0.6,0.04,50.93,30,2,50,2,18,0,0,0.36,0,Ninh Thuận,NTB,AM D.Long
NTB - Ninh Thuận,(NTH) Phước Dinh,Hàng Tồn,2026-06-20 - Thứ 7,51,0.9608,0.5098,0.0392,43.27,25.9998,1.9992,49.0008,1.9992,23.001,1.9992,0.0392,0.451,0,Ninh Thuận,NTB,AM D.Long
NTB - Ninh Thuận,(NTH) Phước Dinh,Hàng Tồn,2026-07-03 - Thứ 6,54,1,0.6852,0.0185,60.95,37.0008,0.999,54,0.999,16.0002,0,0,0.2963,0,Ninh Thuận,NTB,AM D.Long
NTB - Ninh Thuận,(NTH) Phước Dinh,Hàng Tồn,2026-06-21 - Chủ Nhật,55,0.8909,0.4727,0.0909,60.73,25.9985,4.9995,48.9995,4.9995,24.002,6.0005,0.1091,0.4364,0,Ninh Thuận,NTB,AM D.Long
NTB - Ninh Thuận,(NTH) Phan Rang,Hàng Mới Ca 1,2026-07-05 - Chủ Nhật,64,0.9844,0.9219,0,10.66,59.0016,0,63.0016,0,4.9984,0.9984,0.0156,0.0781,64,Ninh Thuận,NTB,AM D.Long
NTB - Ninh Thuận,(NTH) Phan Rang,Hàng Mới Ca 1,2026-06-24 - Thứ 4,56,1,0.9286,0.0179,7.52,52.0016,1.0024,56,1.0024,2.996,0,0,0.0535,56,Ninh Thuận,NTB,AM D.Long
NTB - Ninh Thuận,(NTH) Phan Rang,Hàng Mới Ca 1,2026-07-17 - Thứ 6,63,1,0.9524,0.0159,10.55,60.0012,1.0017,63,1.0017,1.9971,0,0,0.0317,63,Ninh Thuận,NTB,AM D.Long
NTB - Ninh Thuận,(NTH) Phan Rang,Hàng Mới Ca 1,2026-07-11 - Thứ 7,91,1,0.9011,0,10.98,82.0001,0,91,0,8.9999,0,0,0.0989,91,Ninh Thuận,NTB,AM D.Long
NTB - Ninh Thuận,(NTH) Phan Rang,Hàng Mới Ca 1,2026-07-09 - Thứ 5,85,1,0.9294,0.0118,11.18,78.999,1.003,85,1.003,4.998,0,0,0.0588,85,Ninh Thuận,NTB,AM D.Long
NTB - Ninh Thuận,(NTH) Phan Rang,Hàng Mới Ca 1,2026-06-28 - Chủ Nhật,70,1,0.9429,0.0143,10.5,66.003,1.001,70,1.001,2.996,0,0,0.0428,70,Ninh Thuận,NTB,AM D.Long
NTB - Ninh Thuận,(NTH) Phan Rang,Hàng Mới Ca 1,2026-07-12 - Chủ Nhật,59,1,0.9153,0,11.8,54.0027,0,59,0,4.9973,0,0,0.0847,59,Ninh Thuận,NTB,AM D.Long
NTB - Ninh Thuận,(NTH) Phan Rang,Hàng Mới Ca 1,2026-06-25 - Thứ 5,78,1,0.9231,0.0128,11.76,72.0018,0.9984,78,0.9984,4.9998,0,0,0.0641,78,Ninh Thuận,NTB,AM D.Long
NTB - Ninh Thuận,(NTH) Phan Rang,Hàng Mới Ca 1,2026-07-02 - Thứ 5,65,1,0.9077,0,12.75,59.0005,0,65,0,5.9995,0,0,0.0923,65,Ninh Thuận,NTB,AM D.Long
NTB - Ninh Thuận,(NTH) Phan Rang,Hàng Mới Ca 1,2026-07-04 - Thứ 7,58,1,0.9655,0.0172,9.34,55.999,0.9976,58,0.9976,1.0034,0,0,0.0173,58,Ninh Thuận,NTB,AM D.Long
NTB - Ninh Thuận,(NTH) Phan Rang,Hàng Mới Ca 1,2026-07-10 - Thứ 6,110,1,0.9727,0.0182,12.71,106.997,2.002,110,2.002,1.001,0,0,0.0091,110,Ninh Thuận,NTB,AM D.Long
NTB - Ninh Thuận,(NTH) Phan Rang,Hàng Mới Ca 1,2026-07-08 - Thứ 4,62,1,0.9516,0.0161,11.36,58.9992,0.9982,62,0.9982,2.0026,0,0,0.0323,62,Ninh Thuận,NTB,AM D.Long
NTB - Ninh Thuận,(NTH) Phan Rang,Hàng Mới Ca 1,2026-06-27 - Thứ 7,75,1,0.92,0.0133,11.64,69,0.9975,75,0.9975,5.0025,0,0,0.0667,75,Ninh Thuận,NTB,AM D.Long
NTB - Ninh Thuận,(NTH) Phan Rang,Hàng Mới Ca 1,2026-06-22 - Thứ 2,58,1,0.9138,0.0172,11.81,53.0004,0.9976,58,0.9976,4.002,0,0,0.069,58,Ninh Thuận,NTB,AM D.Long
NTB - Ninh Thuận,(NTH) Phan Rang,Hàng Mới Ca 1,2026-07-06 - Thứ 2,13,1,0.7692,0.0769,14.9,9.9996,0.9997,13,0.9997,2.0007,0,0,0.1539,13,Ninh Thuận,NTB,AM D.Long
NTB - Ninh Thuận,(NTH) Phan Rang,Hàng Mới Ca 1,2026-06-20 - Thứ 7,28,1,0.8929,0,5.56,25.0012,0,28,0,2.9988,0,0,0.1071,28,Ninh Thuận,NTB,AM D.Long
NTB - Ninh Thuận,(NTH) Phan Rang,Hàng Mới Ca 1,2026-06-30 - Thứ 3,28,1,0.75,0,8.29,21,0,28,0,7,0,0,0.25,28,Ninh Thuận,NTB,AM D.Long
NTB - Ninh Thuận,(NTH) Phan Rang,Hàng Mới Ca 1,2026-07-07 - Thứ 3,30,1,0.8333,0,10.76,24.999,0,30,0,5.001,0,0,0.1667,30,Ninh Thuận,NTB,AM D.Long
NTB - Ninh Thuận,(NTH) Phan Rang,Hàng Mới Ca 1,2026-07-14 - Thứ 3,36,1,0.9167,0,7,33.0012,0,36,0,2.9988,0,0,0.0833,36,Ninh Thuận,NTB,AM D.Long
NTB - Ninh Thuận,(NTH) Phan Rang,Hàng Mới Ca 1,2026-06-23 - Thứ 3,38,1,0.9211,0,7.06,35.0018,0,38,0,2.9982,0,0,0.0789,38,Ninh Thuận,NTB,AM D.Long
NTB - Ninh Thuận,(NTH) Phan Rang,Hàng Mới Ca 1,2026-07-01 - Thứ 4,39,1,0.9231,0.0256,6.22,36.0009,0.9984,39,0.9984,2.0007,0,0,0.0513,39,Ninh Thuận,NTB,AM D.Long
NTB - Ninh Thuận,(NTH) Phan Rang,Hàng Mới Ca 1,2026-07-03 - Thứ 6,40,1,0.925,0,12.51,37,0,40,0,3,0,0,0.075,40,Ninh Thuận,NTB,AM D.Long
NTB - Ninh Thuận,(NTH) Phan Rang,Hàng Mới Ca 1,2026-06-29 - Thứ 2,44,1,0.9545,0,11.36,41.998,0,44,0,2.002,0,0,0.0455,44,Ninh Thuận,NTB,AM D.Long
NTB - Ninh Thuận,(NTH) Phan Rang,Hàng Mới Ca 1,2026-07-15 - Thứ 4,45,1,0.9333,0,12.5,41.9985,0,45,0,3.0015,0,0,0.0667,45,Ninh Thuận,NTB,AM D.Long
NTB - Ninh Thuận,(NTH) Phan Rang,Hàng Mới Ca 1,2026-07-16 - Thứ 5,51,1,0.8824,0.0196,10.42,45.0024,0.9996,51,0.9996,4.998,0,0,0.098,51,Ninh Thuận,NTB,AM D.Long
NTB - Ninh Thuận,(NTH) Phan Rang,Hàng Mới Ca 1,2026-06-26 - Thứ 6,54,1,0.9444,0,10.65,50.9976,0,54,0,3.0024,0,0,0.0556,54,Ninh Thuận,NTB,AM D.Long
NTB - Ninh Thuận,(NTH) Phan Rang,Hàng Mới Ca 1,2026-06-21 - Chủ Nhật,54,1,0.8704,0,10.4,47.0016,0,54,0,6.9984,0,0,0.1296,54,Ninh Thuận,NTB,AM D.Long
NTB - Ninh Thuận,(NTH) Phan Rang,Hàng Mới Ca 1,2026-07-13 - Thứ 2,57,1,0.8772,0,8.7,50.0004,0,57,0,6.9996,0,0,0.1228,57,Ninh Thuận,NTB,AM D.Long
NTB - Ninh Thuận,(NTH) Phan Rang,Hàng Mới Ca 2,2026-07-08 - Thứ 4,68,0.9559,0.8529,0,2.35,57.9972,0,65.0012,0,10.0028,2.9988,0.0441,0.1471,68,Ninh Thuận,NTB,AM D.Long
NTB - Ninh Thuận,(NTH) Phan Rang,Hàng Mới Ca 2,2026-06-24 - Thứ 4,1,1,1,0,2,1,0,1,0,0,0,0,0,1,Ninh Thuận,NTB,AM D.Long
NTB - Ninh Thuận,(NTH) Phan Rang,Hàng Mới Ca 2,2026-07-15 - Thứ 4,4,1,0.75,0,1,3,0,4,0,1,0,0,0.25,4,Ninh Thuận,NTB,AM D.Long
NTB - Ninh Thuận,(NTH) Phan Rang,Hàng Mới Ca 2,2026-07-10 - Thứ 6,4,1,0.75,0,1.67,3,0,4,0,1,0,0,0.25,4,Ninh Thuận,NTB,AM D.Long
NTB - Ninh Thuận,(NTH) Phan Rang,Hàng Mới Ca 2,2026-07-11 - Thứ 7,5,0.8,0.6,0,1.33,3,0,4,0,2,1,0.2,0.4,5,Ninh Thuận,NTB,AM D.Long
NTB - Ninh Thuận,(NTH) Phan Rang,Hàng Mới Ca 2,2026-07-09 - Thứ 5,5,1,0.8,0,2.5,4,0,5,0,1,0,0,0.2,5,Ninh Thuận,NTB,AM D.Long
NTB - Ninh Thuận,(NTH) Phan Rang,Hàng Mới Ca 2,2026-07-04 - Thứ 7,9,0.3333,0.3333,0,1.33,2.9997,0,2.9997,0,6.0003,6.0003,0.6667,0.6667,9,Ninh Thuận,NTB,AM D.Long
NTB - Ninh Thuận,(NTH) Phan Rang,Hàng Mới Ca 2,2026-07-07 - Thứ 3,10,1,0.9,0,1.67,9,0,10,0,1,0,0,0.1,10,Ninh Thuận,NTB,AM D.Long
NTB - Ninh Thuận,(NTH) Phan Rang,Hàng Mới Ca 2,2026-06-22 - Thứ 2,13,0.9231,0.9231,0,2.67,12.0003,0,12.0003,0,0.9997,0.9997,0.0769,0.0769,13,Ninh Thuận,NTB,AM D.Long
NTB - Ninh Thuận,(NTH) Phan Rang,Hàng Mới Ca 2,2026-06-29 - Thứ 2,13,1,1,0,1.92,13,0,13,0,0,0,0,0,13,Ninh Thuận,NTB,AM D.Long
NTB - Ninh Thuận,(NTH) Phan Rang,Hàng Mới Ca 2,2026-07-05 - Chủ Nhật,13,0.8462,0.8462,0,1.55,11.0006,0,11.0006,0,1.9994,1.9994,0.1538,0.1538,13,Ninh Thuận,NTB,AM D.Long
NTB - Ninh Thuận,(NTH) Phan Rang,Hàng Mới Ca 2,2026-06-25 - Thứ 5,14,1,0.9286,0,2.31,13.0004,0,14,0,0.9996,0,0,0.0714,14,Ninh Thuận,NTB,AM D.Long
NTB - Ninh Thuận,(NTH) Phan Rang,Hàng Mới Ca 2,2026-07-03 - Thứ 6,14,1,0.9286,0,1.46,13.0004,0,14,0,0.9996,0,0,0.0714,14,Ninh Thuận,NTB,AM D.Long
NTB - Ninh Thuận,(NTH) Phan Rang,Hàng Mới Ca 2,2026-06-26 - Thứ 6,14,1,1,0,2.5,14,0,14,0,0,0,0,0,14,Ninh Thuận,NTB,AM D.Long
NTB - Ninh Thuận,(NTH) Phan Rang,Hàng Mới Ca 2,2026-07-13 - Thứ 2,14,1,1,0,2,14,0,14,0,0,0,0,0,14,Ninh Thuận,NTB,AM D.Long
NTB - Ninh Thuận,(NTH) Phan Rang,Hàng Mới Ca 2,2026-06-20 - Thứ 7,15,0.9333,0.7333,0,2.64,10.9995,0,13.9995,0,4.0005,1.0005,0.0667,0.2667,15,Ninh Thuận,NTB,AM D.Long
NTB - Ninh Thuận,(NTH) Phan Rang,Hàng Mới Ca 2,2026-07-02 - Thứ 5,17,0.8235,0.7647,0,2.77,12.9999,0,13.9995,0,4.0001,3.0005,0.1765,0.2353,17,Ninh Thuận,NTB,AM D.Long
NTB - Ninh Thuận,(NTH) Phan Rang,Hàng Mới Ca 2,2026-07-17 - Thứ 6,18,0.8889,0.8333,0,2.8,14.9994,0,16.0002,0,3.0006,1.9998,0.1111,0.1667,18,Ninh Thuận,NTB,AM D.Long
NTB - Ninh Thuận,(NTH) Phan Rang,Hàng Mới Ca 2,2026-07-14 - Thứ 3,18,0.8889,0.7778,0,2.36,14.0004,0,16.0002,0,3.9996,1.9998,0.1111,0.2222,18,Ninh Thuận,NTB,AM D.Long
NTB - Ninh Thuận,(NTH) Phan Rang,Hàng Mới Ca 2,2026-06-21 - Chủ Nhật,19,0.8421,0.7895,0,1.53,15.0005,0,15.9999,0,3.9995,3.0001,0.1579,0.2105,19,Ninh Thuận,NTB,AM D.Long
NTB - Ninh Thuận,(NTH) Phan Rang,Hàng Mới Ca 2,2026-06-27 - Thứ 7,21,1,0.8571,0.0952,2.22,17.9991,1.9992,21,1.9992,1.0017,0,0,0.0477,21,Ninh Thuận,NTB,AM D.Long
NTB - Ninh Thuận,(NTH) Phan Rang,Hàng Mới Ca 2,2026-06-30 - Thứ 3,23,1,0.9565,0,1.86,21.9995,0,23,0,1.0005,0,0,0.0435,23,Ninh Thuận,NTB,AM D.Long
NTB - Ninh Thuận,(NTH) Phan Rang,Hàng Mới Ca 2,2026-07-12 - Chủ Nhật,23,0.913,0.7826,0.0435,1.94,17.9998,1.0005,20.999,1.0005,3.9997,2.001,0.087,0.1739,23,Ninh Thuận,NTB,AM D.Long
NTB - Ninh Thuận,(NTH) Phan Rang,Hàng Mới Ca 2,2026-06-23 - Thứ 3,24,0.9583,0.75,0.0417,1.89,18,1.0008,22.9992,1.0008,4.9992,1.0008,0.0417,0.2083,24,Ninh Thuận,NTB,AM D.Long
NTB - Ninh Thuận,(NTH) Phan Rang,Hàng Mới Ca 2,2026-06-28 - Chủ Nhật,26,1,0.9231,0,2,24.0006,0,26,0,1.9994,0,0,0.0769,26,Ninh Thuận,NTB,AM D.Long
NTB - Ninh Thuận,(NTH) Phan Rang,Hàng Mới Ca 2,2026-07-06 - Thứ 2,26,1,0.8462,0,3,22.0012,0,26,0,3.9988,0,0,0.1538,26,Ninh Thuận,NTB,AM D.Long
NTB - Ninh Thuận,(NTH) Phan Rang,Hàng Mới Ca 2,2026-07-01 - Thứ 4,29,0.8621,0.7931,0,2.18,22.9999,0,25.0009,0,6.0001,3.9991,0.1379,0.2069,29,Ninh Thuận,NTB,AM D.Long
NTB - Ninh Thuận,(NTH) Phan Rang,Hàng Mới Ca 2,2026-07-16 - Thứ 5,32,0.9063,0.8438,0.0313,2.59,27.0016,1.0016,29.0016,1.0016,3.9968,2.9984,0.0937,0.1249,32,Ninh Thuận,NTB,AM D.Long
NTB - Ninh Thuận,(NTH) Phan Rang,Hàng Tồn,2026-07-11 - Thứ 7,4,1,0.75,0,38.33,3,0,4,0,1,0,0,0.25,0,Ninh Thuận,NTB,AM D.Long
NTB - Ninh Thuận,(NTH) Phan Rang,Hàng Tồn,2026-06-30 - Thứ 3,4,1,0.5,0.25,29,2,1,4,1,1,0,0,0.25,0,Ninh Thuận,NTB,AM D.Long
NTB - Ninh Thuận,(NTH) Phan Rang,Hàng Tồn,2026-07-10 - Thứ 6,6,1,0.8333,0,37,4.9998,0,6,0,1.0002,0,0,0.1667,0,Ninh Thuận,NTB,AM D.Long
NTB - Ninh Thuận,(NTH) Phan Rang,Hàng Tồn,2026-07-16 - Thứ 5,7,1,0.4286,0.1429,32.33,3.0002,1.0003,7,1.0003,2.9995,0,0,0.4285,0,Ninh Thuận,NTB,AM D.Long
NTB - Ninh Thuận,(NTH) Phan Rang,Hàng Tồn,2026-06-23 - Thứ 3,7,1,0.2857,0,25.5,1.9999,0,7,0,5.0001,0,0,0.7143,0,Ninh Thuận,NTB,AM D.Long
NTB - Ninh Thuận,(NTH) Phan Rang,Hàng Tồn,2026-06-25 - Thứ 5,7,1,0.5714,0.2857,46.5,3.9998,1.9999,7,1.9999,1.0003,0,0,0.1429,0,Ninh Thuận,NTB,AM D.Long
NTB - Ninh Thuận,(NTH) Phan Rang,Hàng Tồn,2026-06-27 - Thứ 7,7,1,0.1429,0.2857,38,1.0003,1.9999,7,1.9999,3.9998,0,0,0.5714,0,Ninh Thuận,NTB,AM D.Long
NTB - Ninh Thuận,(NTH) Phan Rang,Hàng Tồn,2026-07-01 - Thứ 4,8,1,0.625,0,29.2,5,0,8,0,3,0,0,0.375,0,Ninh Thuận,NTB,AM D.Long
NTB - Ninh Thuận,(NTH) Phan Rang,Hàng Tồn,2026-06-28 - Chủ Nhật,8,1,0.625,0,27.8,5,0,8,0,3,0,0,0.375,0,Ninh Thuận,NTB,AM D.Long
NTB - Ninh Thuận,(NTH) Phan Rang,Hàng Tồn,2026-06-26 - Thứ 6,9,0.7778,0.4444,0,40.25,3.9996,0,7.0002,0,5.0004,1.9998,0.2222,0.5556,0,Ninh Thuận,NTB,AM D.Long
NTB - Ninh Thuận,(NTH) Phan Rang,Hàng Tồn,2026-07-14 - Thứ 3,9,1,0.3333,0,47,2.9997,0,9,0,6.0003,0,0,0.6667,0,Ninh Thuận,NTB,AM D.Long
NTB - Ninh Thuận,(NTH) Phan Rang,Hàng Tồn,2026-06-29 - Thứ 2,9,1,0.6667,0.1111,46.17,6.0003,0.9999,9,0.9999,1.9998,0,0,0.2222,0,Ninh Thuận,NTB,AM D.Long
NTB - Ninh Thuận,(NTH) Phan Rang,Hàng Tồn,2026-07-02 - Thứ 5,9,1,0.7778,0,24.14,7.0002,0,9,0,1.9998,0,0,0.2222,0,Ninh Thuận,NTB,AM D.Long
NTB - Ninh Thuận,(NTH) Phan Rang,Hàng Tồn,2026-07-04 - Thứ 7,9,1,0.2222,0,35,1.9998,0,9,0,7.0002,0,0,0.7778,0,Ninh Thuận,NTB,AM D.Long
NTB - Ninh Thuận,(NTH) Phan Rang,Hàng Tồn,2026-07-06 - Thứ 2,9,1,0.4444,0.1111,34,3.9996,0.9999,9,0.9999,4.0005,0,0,0.4445,0,Ninh Thuận,NTB,AM D.Long
NTB - Ninh Thuận,(NTH) Phan Rang,Hàng Tồn,2026-07-07 - Thứ 3,10,1,0.4,0.1,43.25,4,1,10,1,5,0,0,0.5,0,Ninh Thuận,NTB,AM D.Long
NTB - Ninh Thuận,(NTH) Phan Rang,Hàng Tồn,2026-07-12 - Chủ Nhật,10,1,0.6,0.1,34.67,6,1,10,1,3,0,0,0.3,0,Ninh Thuận,NTB,AM D.Long
NTB - Ninh Thuận,(NTH) Phan Rang,Hàng Tồn,2026-07-03 - Thứ 6,11,1,0.4545,0.0909,32.6,4.9995,0.9999,11,0.9999,5.0006,0,0,0.4546,0,Ninh Thuận,NTB,AM D.Long
NTB - Ninh Thuận,(NTH) Phan Rang,Hàng Tồn,2026-07-08 - Thứ 4,11,0.9091,0.8182,0,45.67,9.0002,0,10.0001,0,1.9998,0.9999,0.0909,0.1818,0,Ninh Thuận,NTB,AM D.Long
NTB - Ninh Thuận,(NTH) Phan Rang,Hàng Tồn,2026-06-24 - Thứ 4,12,1,0.4167,0,28.4,5.0004,0,12,0,6.9996,0,0,0.5833,0,Ninh Thuận,NTB,AM D.Long
NTB - Ninh Thuận,(NTH) Phan Rang,Hàng Tồn,2026-07-17 - Thứ 6,12,1,0.75,0.1667,34.44,9,2.0004,12,2.0004,0.9996,0,0,0.0833,0,Ninh Thuận,NTB,AM D.Long
NTB - Ninh Thuận,(NTH) Phan Rang,Hàng Tồn,2026-07-05 - Chủ Nhật,12,1,0.6667,0,32.13,8.0004,0,12,0,3.9996,0,0,0.3333,0,Ninh Thuận,NTB,AM D.Long
NTB - Ninh Thuận,(NTH) Phan Rang,Hàng Tồn,2026-07-15 - Thứ 4,13,1,0.6154,0.1538,35.38,8.0002,1.9994,13,1.9994,3.0004,0,0,0.2308,0,Ninh Thuận,NTB,AM D.Long
NTB - Ninh Thuận,(NTH) Phan Rang,Hàng Tồn,2026-07-13 - Thứ 2,13,1,0.7692,0.0769,36.7,9.9996,0.9997,13,0.9997,2.0007,0,0,0.1539,0,Ninh Thuận,NTB,AM D.Long
NTB - Ninh Thuận,(NTH) Phan Rang,Hàng Tồn,2026-06-20 - Thứ 7,14,1,0.3571,0.2143,50.8,4.9994,3.0002,14,3.0002,6.0004,0,0,0.4286,0,Ninh Thuận,NTB,AM D.Long
NTB - Ninh Thuận,(NTH) Phan Rang,Hàng Tồn,2026-06-21 - Chủ Nhật,14,1,0.7143,0.0714,38.9,10.0002,0.9996,14,0.9996,3.0002,0,0,0.2143,0,Ninh Thuận,NTB,AM D.Long
NTB - Ninh Thuận,(NTH) Phan Rang,Hàng Tồn,2026-07-09 - Thứ 5,14,1,0.7143,0.0714,25,10.0002,0.9996,14,0.9996,3.0002,0,0,0.2143,0,Ninh Thuận,NTB,AM D.Long
NTB - Ninh Thuận,(NTH) Phan Rang,Hàng Tồn,2026-06-22 - Thứ 2,15,1,0.7333,0.0667,35.91,10.9995,1.0005,15,1.0005,3,0,0,0.2,0,Ninh Thuận,NTB,AM D.Long
NTB - Ninh Thuận,(NTH) Ninh Sơn,Hàng Mới Ca 1,2026-06-21 - Chủ Nhật,66,1,0.9091,0.0303,8.72,60.0006,1.9998,66,1.9998,3.9996,0,0,0.0606,66,Ninh Thuận,NTB,AM D.Long
NTB - Ninh Thuận,(NTH) Ninh Sơn,Hàng Mới Ca 1,2026-06-24 - Thứ 4,60,1,0.75,0.0167,13.82,45,1.002,60,1.002,13.998,0,0,0.2333,60,Ninh Thuận,NTB,AM D.Long
NTB - Ninh Thuận,(NTH) Ninh Sơn,Hàng Mới Ca 1,2026-07-17 - Thứ 6,72,1,0.9167,0,8.74,66.0024,0,72,0,5.9976,0,0,0.0833,72,Ninh Thuận,NTB,AM D.Long
NTB - Ninh Thuận,(NTH) Ninh Sơn,Hàng Mới Ca 1,2026-07-09 - Thứ 5,106,1,0.9057,0,10.5,96.0042,0,106,0,9.9958,0,0,0.0943,106,Ninh Thuận,NTB,AM D.Long
NTB - Ninh Thuận,(NTH) Ninh Sơn,Hàng Mới Ca 1,2026-06-28 - Chủ Nhật,56,1,0.7321,0.0179,9.76,40.9976,1.0024,56,1.0024,14,0,0,0.25,56,Ninh Thuận,NTB,AM D.Long
NTB - Ninh Thuận,(NTH) Ninh Sơn,Hàng Mới Ca 1,2026-07-10 - Thứ 6,95,1,0.8947,0.0105,11.52,84.9965,0.9975,95,0.9975,9.006,0,0,0.0948,95,Ninh Thuận,NTB,AM D.Long
NTB - Ninh Thuận,(NTH) Ninh Sơn,Hàng Mới Ca 1,2026-07-08 - Thứ 4,61,1,0.9016,0.0164,9.95,54.9976,1.0004,61,1.0004,5.002,0,0,0.082,61,Ninh Thuận,NTB,AM D.Long
NTB - Ninh Thuận,(NTH) Ninh Sơn,Hàng Mới Ca 1,2026-06-27 - Thứ 7,80,1,0.8375,0,8.75,67,0,80,0,13,0,0,0.1625,80,Ninh Thuận,NTB,AM D.Long
NTB - Ninh Thuận,(NTH) Ninh Sơn,Hàng Mới Ca 1,2026-07-12 - Chủ Nhật,64,1,0.8594,0.0313,9.13,55.0016,2.0032,64,2.0032,6.9952,0,0,0.1093,64,Ninh Thuận,NTB,AM D.Long
NTB - Ninh Thuận,(NTH) Ninh Sơn,Hàng Mới Ca 1,2026-07-03 - Thứ 6,56,1,0.8571,0.0179,8.56,47.9976,1.0024,56,1.0024,7,0,0,0.125,56,Ninh Thuận,NTB,AM D.Long
NTB - Ninh Thuận,(NTH) Ninh Sơn,Hàng Mới Ca 1,2026-06-30 - Thứ 3,25,1,0.84,0.04,14.86,21,1,25,1,3,0,0,0.12,25,Ninh Thuận,NTB,AM D.Long
NTB - Ninh Thuận,(NTH) Ninh Sơn,Hàng Mới Ca 1,2026-07-07 - Thứ 3,30,1,0.8333,0,8.52,24.999,0,30,0,5.001,0,0,0.1667,30,Ninh Thuận,NTB,AM D.Long
NTB - Ninh Thuận,(NTH) Ninh Sơn,Hàng Mới Ca 1,2026-06-23 - Thứ 3,35,1,0.9143,0,8.53,32.0005,0,35,0,2.9995,0,0,0.0857,35,Ninh Thuận,NTB,AM D.Long
NTB - Ninh Thuận,(NTH) Ninh Sơn,Hàng Mới Ca 1,2026-07-02 - Thứ 5,39,1,0.7692,0.0256,15.37,29.9988,0.9984,39,0.9984,8.0028,0,0,0.2052,39,Ninh Thuận,NTB,AM D.Long
NTB - Ninh Thuận,(NTH) Ninh Sơn,Hàng Mới Ca 1,2026-07-14 - Thứ 3,41,1,0.8537,0,14.91,35.0017,0,41,0,5.9983,0,0,0.1463,41,Ninh Thuận,NTB,AM D.Long
NTB - Ninh Thuận,(NTH) Ninh Sơn,Hàng Mới Ca 1,2026-07-04 - Thứ 7,41,1,0.878,0.0244,13.67,35.998,1.0004,41,1.0004,4.0016,0,0,0.0976,41,Ninh Thuận,NTB,AM D.Long
NTB - Ninh Thuận,(NTH) Ninh Sơn,Hàng Mới Ca 1,2026-06-20 - Thứ 7,41,1,0.8537,0.0244,11.03,35.0017,1.0004,41,1.0004,4.9979,0,0,0.1219,41,Ninh Thuận,NTB,AM D.Long
NTB - Ninh Thuận,(NTH) Ninh Sơn,Hàng Mới Ca 1,2026-06-29 - Thứ 2,45,1,0.8444,0.0222,15.26,37.998,0.999,45,0.999,6.003,0,0,0.1334,45,Ninh Thuận,NTB,AM D.Long
NTB - Ninh Thuận,(NTH) Ninh Sơn,Hàng Mới Ca 1,2026-07-06 - Thứ 2,46,1,0.8261,0,11,38.0006,0,46,0,7.9994,0,0,0.1739,46,Ninh Thuận,NTB,AM D.Long
NTB - Ninh Thuận,(NTH) Ninh Sơn,Hàng Mới Ca 1,2026-07-16 - Thứ 5,48,1,0.8542,0.0417,9.2,41.0016,2.0016,48,2.0016,4.9968,0,0,0.1041,48,Ninh Thuận,NTB,AM D.Long
NTB - Ninh Thuận,(NTH) Ninh Sơn,Hàng Mới Ca 1,2026-07-01 - Thứ 4,51,1,0.8627,0,11.86,43.9977,0,51,0,7.0023,0,0,0.1373,51,Ninh Thuận,NTB,AM D.Long
NTB - Ninh Thuận,(NTH) Ninh Sơn,Hàng Mới Ca 1,2026-07-13 - Thứ 2,51,1,0.902,0.0196,9.5,46.002,0.9996,51,0.9996,3.9984,0,0,0.0784,51,Ninh Thuận,NTB,AM D.Long
NTB - Ninh Thuận,(NTH) Ninh Sơn,Hàng Mới Ca 1,2026-06-26 - Thứ 6,53,1,0.7358,0.0189,10.69,38.9974,1.0017,53,1.0017,13.0009,0,0,0.2453,53,Ninh Thuận,NTB,AM D.Long
NTB - Ninh Thuận,(NTH) Ninh Sơn,Hàng Mới Ca 1,2026-07-11 - Thứ 7,53,1,0.8302,0.0566,12.68,44.0006,2.9998,53,2.9998,5.9996,0,0,0.1132,53,Ninh Thuận,NTB,AM D.Long
NTB - Ninh Thuận,(NTH) Ninh Sơn,Hàng Mới Ca 1,2026-07-15 - Thứ 4,54,1,0.7222,0.0741,9.32,38.9988,4.0014,54,4.0014,10.9998,0,0,0.2037,54,Ninh Thuận,NTB,AM D.Long
NTB - Ninh Thuận,(NTH) Ninh Sơn,Hàng Mới Ca 1,2026-07-05 - Chủ Nhật,57,1,0.807,0.0526,11.13,45.999,2.9982,57,2.9982,8.0028,0,0,0.1404,57,Ninh Thuận,NTB,AM D.Long
NTB - Ninh Thuận,(NTH) Ninh Sơn,Hàng Mới Ca 1,2026-06-25 - Thứ 5,57,1,0.807,0.0175,12.04,45.999,0.9975,57,0.9975,10.0035,0,0,0.1755,57,Ninh Thuận,NTB,AM D.Long
NTB - Ninh Thuận,(NTH) Ninh Sơn,Hàng Mới Ca 1,2026-06-22 - Thứ 2,57,1,0.8772,0.0175,10.08,50.0004,0.9975,57,0.9975,6.0021,0,0,0.1053,57,Ninh Thuận,NTB,AM D.Long
NTB - Ninh Thuận,(NTH) Ninh Sơn,Hàng Mới Ca 2,2026-07-17 - Thứ 6,1,1,1,0,5,1,0,1,0,0,0,0,0,1,Ninh Thuận,NTB,AM D.Long
NTB - Ninh Thuận,(NTH) Ninh Sơn,Hàng Mới Ca 2,2026-07-15 - Thứ 4,1,1,1,0,5,1,0,1,0,0,0,0,0,1,Ninh Thuận,NTB,AM D.Long
NTB - Ninh Thuận,(NTH) Ninh Sơn,Hàng Tồn,2026-07-08 - Thứ 4,4,1,0.75,0,47.33,3,0,4,0,1,0,0,0.25,0,Ninh Thuận,NTB,AM D.Long
NTB - Ninh Thuận,(NTH) Ninh Sơn,Hàng Tồn,2026-07-14 - Thứ 3,4,1,0.75,0,38.33,3,0,4,0,1,0,0,0.25,0,Ninh Thuận,NTB,AM D.Long
NTB - Ninh Thuận,(NTH) Ninh Sơn,Hàng Tồn,2026-07-05 - Chủ Nhật,5,1,0.6,0.2,33.67,3,1,5,1,1,0,0,0.2,0,Ninh Thuận,NTB,AM D.Long
NTB - Ninh Thuận,(NTH) Ninh Sơn,Hàng Tồn,2026-06-22 - Thứ 2,5,1,0.8,0.2,38.75,4,1,5,1,0,0,0,0,0,Ninh Thuận,NTB,AM D.Long
NTB - Ninh Thuận,(NTH) Ninh Sơn,Hàng Tồn,2026-06-23 - Thứ 3,6,1,0.5,0,35.67,3,0,6,0,3,0,0,0.5,0,Ninh Thuận,NTB,AM D.Long
NTB - Ninh Thuận,(NTH) Ninh Sơn,Hàng Tồn,2026-06-24 - Thứ 4,6,1,0.1667,0.1667,32,1.0002,1.0002,6,1.0002,3.9996,0,0,0.6666,0,Ninh Thuận,NTB,AM D.Long
NTB - Ninh Thuận,(NTH) Ninh Sơn,Hàng Tồn,2026-07-09 - Thứ 5,6,1,0.3333,0.1667,36,1.9998,1.0002,6,1.0002,3,0,0,0.5,0,Ninh Thuận,NTB,AM D.Long
NTB - Ninh Thuận,(NTH) Ninh Sơn,Hàng Tồn,2026-07-04 - Thứ 7,6,1,0.8333,0,47,4.9998,0,6,0,1.0002,0,0,0.1667,0,Ninh Thuận,NTB,AM D.Long
NTB - Ninh Thuận,(NTH) Ninh Sơn,Hàng Tồn,2026-06-21 - Chủ Nhật,6,1,0.8333,0,44.4,4.9998,0,6,0,1.0002,0,0,0.1667,0,Ninh Thuận,NTB,AM D.Long
NTB - Ninh Thuận,(NTH) Ninh Sơn,Hàng Tồn,2026-07-15 - Thứ 4,7,1,0.4286,0,43,3.0002,0,7,0,3.9998,0,0,0.5714,0,Ninh Thuận,NTB,AM D.Long
NTB - Ninh Thuận,(NTH) Ninh Sơn,Hàng Tồn,2026-07-01 - Thứ 4,7,1,0.1429,0.1429,28,1.0003,1.0003,7,1.0003,4.9994,0,0,0.7142,0,Ninh Thuận,NTB,AM D.Long
NTB - Ninh Thuận,(NTH) Ninh Sơn,Hàng Tồn,2026-07-12 - Chủ Nhật,7,1,0.7143,0,51.6,5.0001,0,7,0,1.9999,0,0,0.2857,0,Ninh Thuận,NTB,AM D.Long
NTB - Ninh Thuận,(NTH) Ninh Sơn,Hàng Tồn,2026-07-07 - Thứ 3,9,1,0.7778,0,42.71,7.0002,0,9,0,1.9998,0,0,0.2222,0,Ninh Thuận,NTB,AM D.Long
NTB - Ninh Thuận,(NTH) Ninh Sơn,Hàng Tồn,2026-06-20 - Thứ 7,9,1,0.7778,0.1111,41.43,7.0002,0.9999,9,0.9999,0.9999,0,0,0.1111,0,Ninh Thuận,NTB,AM D.Long
NTB - Ninh Thuận,(NTH) Ninh Sơn,Hàng Tồn,2026-07-17 - Thứ 6,10,1,0.4,0.1,48.25,4,1,10,1,5,0,0,0.5,0,Ninh Thuận,NTB,AM D.Long
NTB - Ninh Thuận,(NTH) Ninh Sơn,Hàng Tồn,2026-07-02 - Thứ 5,10,1,0.6,0.2,53.5,6,2,10,2,2,0,0,0.2,0,Ninh Thuận,NTB,AM D.Long
NTB - Ninh Thuận,(NTH) Ninh Sơn,Hàng Tồn,2026-07-03 - Thứ 6,10,1,0.8,0.1,44.63,8,1,10,1,1,0,0,0.1,0,Ninh Thuận,NTB,AM D.Long
NTB - Ninh Thuận,(NTH) Ninh Sơn,Hàng Tồn,2026-07-13 - Thứ 2,11,1,0.9091,0,52.4,10.0001,0,11,0,0.9999,0,0,0.0909,0,Ninh Thuận,NTB,AM D.Long
NTB - Ninh Thuận,(NTH) Ninh Sơn,Hàng Tồn,2026-07-06 - Thứ 2,11,1,0.8182,0,54.56,9.0002,0,11,0,1.9998,0,0,0.1818,0,Ninh Thuận,NTB,AM D.Long
NTB - Ninh Thuận,(NTH) Ninh Sơn,Hàng Tồn,2026-07-10 - Thứ 6,11,1,0.7273,0,42.75,8.0003,0,11,0,2.9997,0,0,0.2727,0,Ninh Thuận,NTB,AM D.Long
NTB - Ninh Thuận,(NTH) Ninh Sơn,Hàng Tồn,2026-07-11 - Thứ 7,12,1,0.6667,0.0833,36.13,8.0004,0.9996,12,0.9996,3,0,0,0.25,0,Ninh Thuận,NTB,AM D.Long
NTB - Ninh Thuận,(NTH) Ninh Sơn,Hàng Tồn,2026-06-26 - Thứ 6,14,1,0.7857,0,49.27,10.9998,0,14,0,3.0002,0,0,0.2143,0,Ninh Thuận,NTB,AM D.Long
NTB - Ninh Thuận,(NTH) Ninh Sơn,Hàng Tồn,2026-06-30 - Thứ 3,15,1,0.6667,0.0667,79.2,10.0005,1.0005,15,1.0005,3.999,0,0,0.2666,0,Ninh Thuận,NTB,AM D.Long
NTB - Ninh Thuận,(NTH) Ninh Sơn,Hàng Tồn,2026-07-16 - Thứ 5,15,1,0.6667,0,42.5,10.0005,0,15,0,4.9995,0,0,0.3333,0,Ninh Thuận,NTB,AM D.Long
NTB - Ninh Thuận,(NTH) Ninh Sơn,Hàng Tồn,2026-06-25 - Thứ 5,16,1,0.8125,0,43.69,13,0,16,0,3,0,0,0.1875,0,Ninh Thuận,NTB,AM D.Long
NTB - Ninh Thuận,(NTH) Ninh Sơn,Hàng Tồn,2026-06-27 - Thứ 7,16,1,0.5,0,36,8,0,16,0,8,0,0,0.5,0,Ninh Thuận,NTB,AM D.Long
NTB - Ninh Thuận,(NTH) Ninh Sơn,Hàng Tồn,2026-06-28 - Chủ Nhật,20,1,0.4,0.2,45.63,8,4,20,4,8,0,0,0.4,0,Ninh Thuận,NTB,AM D.Long
NTB - Ninh Thuận,(NTH) Ninh Sơn,Hàng Tồn,2026-06-29 - Thứ 2,21,1,0.5238,0.0476,49.82,10.9998,0.9996,21,0.9996,9.0006,0,0,0.4286,0,Ninh Thuận,NTB,AM D.Long
NTB - Ninh Thuận,(NTH) Ninh Chử,Hàng Mới Ca 1,2026-06-24 - Thứ 4,58,1,0.8103,0.0172,4.74,46.9974,0.9976,58,0.9976,10.005,0,0,0.1725,58,Ninh Thuận,NTB,AM D.Long
NTB - Ninh Thuận,(NTH) Ninh Chử,Hàng Mới Ca 1,2026-07-17 - Thứ 6,58,1,0.9655,0,4.88,55.999,0,58,0,2.001,0,0,0.0345,58,Ninh Thuận,NTB,AM D.Long
NTB - Ninh Thuận,(NTH) Ninh Chử,Hàng Mới Ca 1,2026-07-11 - Thứ 7,65,1,0.9231,0.0154,6.23,60.0015,1.001,65,1.001,3.9975,0,0,0.0615,65,Ninh Thuận,NTB,AM D.Long
NTB - Ninh Thuận,(NTH) Ninh Chử,Hàng Mới Ca 1,2026-07-09 - Thứ 5,68,1,0.9265,0.0294,5.25,63.002,1.9992,68,1.9992,2.9988,0,0,0.0441,68,Ninh Thuận,NTB,AM D.Long
NTB - Ninh Thuận,(NTH) Ninh Chử,Hàng Mới Ca 1,2026-06-25 - Thứ 5,59,1,0.8814,0.0169,3.75,52.0026,0.9971,59,0.9971,6.0003,0,0,0.1017,59,Ninh Thuận,NTB,AM D.Long
NTB - Ninh Thuận,(NTH) Ninh Chử,Hàng Mới Ca 1,2026-06-27 - Thứ 7,56,1,0.8393,0.0179,5.34,47.0008,1.0024,56,1.0024,7.9968,0,0,0.1428,56,Ninh Thuận,NTB,AM D.Long
NTB - Ninh Thuận,(NTH) Ninh Chử,Hàng Mới Ca 1,2026-06-22 - Thứ 2,60,1,0.7667,0,6.8,46.002,0,60,0,13.998,0,0,0.2333,60,Ninh Thuận,NTB,AM D.Long
NTB - Ninh Thuận,(NTH) Ninh Chử,Hàng Mới Ca 1,2026-07-07 - Thứ 3,18,1,0.7778,0,5.14,14.0004,0,18,0,3.9996,0,0,0.2222,18,Ninh Thuận,NTB,AM D.Long
NTB - Ninh Thuận,(NTH) Ninh Chử,Hàng Mới Ca 1,2026-07-14 - Thứ 3,22,1,0.9545,0,5.86,20.999,0,22,0,1.001,0,0,0.0455,22,Ninh Thuận,NTB,AM D.Long
NTB - Ninh Thuận,(NTH) Ninh Chử,Hàng Mới Ca 1,2026-07-06 - Thứ 2,24,1,0.7917,0,5.47,19.0008,0,24,0,4.9992,0,0,0.2083,24,Ninh Thuận,NTB,AM D.Long
NTB - Ninh Thuận,(NTH) Ninh Chử,Hàng Mới Ca 1,2026-06-30 - Thứ 3,27,1,0.8148,0.037,5.64,21.9996,0.999,27,0.999,4.0014,0,0,0.1482,27,Ninh Thuận,NTB,AM D.Long
NTB - Ninh Thuận,(NTH) Ninh Chử,Hàng Mới Ca 1,2026-07-05 - Chủ Nhật,31,1,0.9032,0.0323,3.86,27.9992,1.0013,31,1.0013,1.9995,0,0,0.0645,31,Ninh Thuận,NTB,AM D.Long
NTB - Ninh Thuận,(NTH) Ninh Chử,Hàng Mới Ca 1,2026-07-15 - Thứ 4,32,1,0.875,0,5.46,28,0,32,0,4,0,0,0.125,32,Ninh Thuận,NTB,AM D.Long
NTB - Ninh Thuận,(NTH) Ninh Chử,Hàng Mới Ca 1,2026-06-29 - Thứ 2,33,1,0.8485,0.0303,5.21,28.0005,0.9999,33,0.9999,3.9996,0,0,0.1212,33,Ninh Thuận,NTB,AM D.Long
NTB - Ninh Thuận,(NTH) Ninh Chử,Hàng Mới Ca 1,2026-07-03 - Thứ 6,37,1,0.8378,0.0541,4.71,30.9986,2.0017,37,2.0017,3.9997,0,0,0.1081,37,Ninh Thuận,NTB,AM D.Long
NTB - Ninh Thuận,(NTH) Ninh Chử,Hàng Mới Ca 1,2026-06-20 - Thứ 7,38,1,0.8158,0.0526,4.65,31.0004,1.9988,38,1.9988,5.0008,0,0,0.1316,38,Ninh Thuận,NTB,AM D.Long
NTB - Ninh Thuận,(NTH) Ninh Chử,Hàng Mới Ca 1,2026-07-04 - Thứ 7,39,0.9744,0.9231,0,4.31,36.0009,0,38.0016,0,2.9991,0.9984,0.0256,0.0769,39,Ninh Thuận,NTB,AM D.Long
NTB - Ninh Thuận,(NTH) Ninh Chử,Hàng Mới Ca 1,2026-06-21 - Chủ Nhật,41,1,0.8049,0,5.94,33.0009,0,41,0,7.9991,0,0,0.1951,41,Ninh Thuận,NTB,AM D.Long
NTB - Ninh Thuận,(NTH) Ninh Chử,Hàng Mới Ca 1,2026-07-12 - Chủ Nhật,42,1,0.9286,0.0238,6.38,39.0012,0.9996,42,0.9996,1.9992,0,0,0.0476,42,Ninh Thuận,NTB,AM D.Long
NTB - Ninh Thuận,(NTH) Ninh Chử,Hàng Mới Ca 1,2026-06-23 - Thứ 3,44,1,0.9545,0,5.36,41.998,0,44,0,2.002,0,0,0.0455,44,Ninh Thuận,NTB,AM D.Long
NTB - Ninh Thuận,(NTH) Ninh Chử,Hàng Mới Ca 1,2026-07-02 - Thứ 5,47,1,0.9574,0,6.84,44.9978,0,47,0,2.0022,0,0,0.0426,47,Ninh Thuận,NTB,AM D.Long
NTB - Ninh Thuận,(NTH) Ninh Chử,Hàng Mới Ca 1,2026-07-13 - Thứ 2,48,1,0.9583,0,4.76,45.9984,0,48,0,2.0016,0,0,0.0417,48,Ninh Thuận,NTB,AM D.Long
NTB - Ninh Thuận,(NTH) Ninh Chử,Hàng Mới Ca 1,2026-07-01 - Thứ 4,50,1,0.92,0.04,7.3,46,2,50,2,2,0,0,0.04,50,Ninh Thuận,NTB,AM D.Long
NTB - Ninh Thuận,(NTH) Ninh Chử,Hàng Mới Ca 1,2026-07-08 - Thứ 4,53,1,0.8302,0.0189,4.7,44.0006,1.0017,53,1.0017,7.9977,0,0,0.1509,53,Ninh Thuận,NTB,AM D.Long
NTB - Ninh Thuận,(NTH) Ninh Chử,Hàng Mới Ca 1,2026-07-10 - Thứ 6,53,1,0.8868,0.0189,4.34,47.0004,1.0017,53,1.0017,4.9979,0,0,0.0943,53,Ninh Thuận,NTB,AM D.Long
NTB - Ninh Thuận,(NTH) Ninh Chử,Hàng Mới Ca 1,2026-06-26 - Thứ 6,55,1,0.9091,0,7.12,50.0005,0,55,0,4.9995,0,0,0.0909,55,Ninh Thuận,NTB,AM D.Long
NTB - Ninh Thuận,(NTH) Ninh Chử,Hàng Mới Ca 1,2026-07-16 - Thứ 5,55,1,0.9273,0,6.14,51.0015,0,55,0,3.9985,0,0,0.0727,55,Ninh Thuận,NTB,AM D.Long
NTB - Ninh Thuận,(NTH) Ninh Chử,Hàng Mới Ca 1,2026-06-28 - Chủ Nhật,55,1,0.9455,0,4.75,52.0025,0,55,0,2.9975,0,0,0.0545,55,Ninh Thuận,NTB,AM D.Long
NTB - Ninh Thuận,(NTH) Ninh Chử,Hàng Mới Ca 2,2026-07-09 - Thứ 5,67,0.8358,0.806,0,3.22,54.002,0,55.9986,0,12.998,11.0014,0.1642,0.194,67,Ninh Thuận,NTB,AM D.Long
NTB - Ninh Thuận,(NTH) Ninh Chử,Hàng Mới Ca 2,2026-07-08 - Thứ 4,63,0.7143,0.6667,0.0159,2.69,42.0021,1.0017,45.0009,1.0017,19.9962,17.9991,0.2857,0.3174,63,Ninh Thuận,NTB,AM D.Long
NTB - Ninh Thuận,(NTH) Ninh Chử,Hàng Mới Ca 2,2026-06-22 - Thứ 2,14,0.6429,0.5714,0,2,7.9996,0,9.0006,0,6.0004,4.9994,0.3571,0.4286,14,Ninh Thuận,NTB,AM D.Long
NTB - Ninh Thuận,(NTH) Ninh Chử,Hàng Mới Ca 2,2026-07-14 - Thứ 3,15,0.8,0.7333,0,2.18,10.9995,0,12,0,4.0005,3,0.2,0.2667,15,Ninh Thuận,NTB,AM D.Long
NTB - Ninh Thuận,(NTH) Ninh Chử,Hàng Mới Ca 2,2026-07-13 - Thứ 2,15,0.9333,0.9333,0,4.07,13.9995,0,13.9995,0,1.0005,1.0005,0.0667,0.0667,15,Ninh Thuận,NTB,AM D.Long
NTB - Ninh Thuận,(NTH) Ninh Chử,Hàng Mới Ca 2,2026-07-15 - Thứ 4,16,0.5625,0.5625,0,2,9,0,9,0,7,7,0.4375,0.4375,16,Ninh Thuận,NTB,AM D.Long
NTB - Ninh Thuận,(NTH) Ninh Chử,Hàng Mới Ca 2,2026-06-25 - Thứ 5,18,0.5556,0.5,0,2.22,9,0,10.0008,0,9,7.9992,0.4444,0.5,18,Ninh Thuận,NTB,AM D.Long
NTB - Ninh Thuận,(NTH) Ninh Chử,Hàng Mới Ca 2,2026-06-27 - Thứ 7,20,0.95,0.95,0,2.53,19,0,19,0,1,1,0.05,0.05,20,Ninh Thuận,NTB,AM D.Long
NTB - Ninh Thuận,(NTH) Ninh Chử,Hàng Mới Ca 2,2026-06-29 - Thứ 2,20,0.6,0.45,0.05,2.33,9,1,12,1,10,8,0.4,0.5,20,Ninh Thuận,NTB,AM D.Long
NTB - Ninh Thuận,(NTH) Ninh Chử,Hàng Mới Ca 2,2026-07-05 - Chủ Nhật,22,0.7727,0.7727,0,2.88,16.9994,0,16.9994,0,5.0006,5.0006,0.2273,0.2273,22,Ninh Thuận,NTB,AM D.Long
NTB - Ninh Thuận,(NTH) Ninh Chử,Hàng Mới Ca 2,2026-07-06 - Thứ 2,24,0.5417,0.4167,0,2,10.0008,0,13.0008,0,13.9992,10.9992,0.4583,0.5833,24,Ninh Thuận,NTB,AM D.Long
NTB - Ninh Thuận,(NTH) Ninh Chử,Hàng Mới Ca 2,2026-06-20 - Thứ 7,25,0.64,0.48,0,2.5,12,0,16,0,13,9,0.36,0.52,25,Ninh Thuận,NTB,AM D.Long
NTB - Ninh Thuận,(NTH) Ninh Chử,Hàng Mới Ca 2,2026-06-26 - Thứ 6,25,0.48,0.44,0,2.09,11,0,12,0,14,13,0.52,0.56,25,Ninh Thuận,NTB,AM D.Long
NTB - Ninh Thuận,(NTH) Ninh Chử,Hàng Mới Ca 2,2026-06-30 - Thứ 3,26,0.7692,0.6538,0.0769,3.12,16.9988,1.9994,19.9992,1.9994,7.0018,6.0008,0.2308,0.2693,26,Ninh Thuận,NTB,AM D.Long
NTB - Ninh Thuận,(NTH) Ninh Chử,Hàng Mới Ca 2,2026-06-28 - Chủ Nhật,27,0.5926,0.5556,0,2.8,15.0012,0,16.0002,0,11.9988,10.9998,0.4074,0.4444,27,Ninh Thuận,NTB,AM D.Long
NTB - Ninh Thuận,(NTH) Ninh Chử,Hàng Mới Ca 2,2026-07-03 - Thứ 6,28,0.8214,0.75,0,2.86,21,0,22.9992,0,7,5.0008,0.1786,0.25,28,Ninh Thuận,NTB,AM D.Long
NTB - Ninh Thuận,(NTH) Ninh Chử,Hàng Mới Ca 2,2026-07-17 - Thứ 6,30,0.6,0.5667,0,2.53,17.001,0,18,0,12.999,12,0.4,0.4333,30,Ninh Thuận,NTB,AM D.Long
NTB - Ninh Thuận,(NTH) Ninh Chử,Hàng Mới Ca 2,2026-06-21 - Chủ Nhật,32,0.5938,0.5,0.0313,2,16,1.0016,19.0016,1.0016,14.9984,12.9984,0.4062,0.4687,32,Ninh Thuận,NTB,AM D.Long
NTB - Ninh Thuận,(NTH) Ninh Chử,Hàng Mới Ca 2,2026-06-23 - Thứ 3,32,0.4688,0.4375,0,2.5,14,0,15.0016,0,18,16.9984,0.5312,0.5625,32,Ninh Thuận,NTB,AM D.Long
NTB - Ninh Thuận,(NTH) Ninh Chử,Hàng Mới Ca 2,2026-07-02 - Thứ 5,35,0.6,0.5429,0.0571,3,19.0015,1.9985,21,1.9985,14,14,0.4,0.4,35,Ninh Thuận,NTB,AM D.Long
NTB - Ninh Thuận,(NTH) Ninh Chử,Hàng Mới Ca 2,2026-07-10 - Thứ 6,36,0.7222,0.6944,0,2.48,24.9984,0,25.9992,0,11.0016,10.0008,0.2778,0.3056,36,Ninh Thuận,NTB,AM D.Long
NTB - Ninh Thuận,(NTH) Ninh Chử,Hàng Mới Ca 2,2026-07-12 - Chủ Nhật,37,0.5946,0.5946,0,2.23,22.0002,0,22.0002,0,14.9998,14.9998,0.4054,0.4054,37,Ninh Thuận,NTB,AM D.Long
NTB - Ninh Thuận,(NTH) Ninh Chử,Hàng Mới Ca 2,2026-07-01 - Thứ 4,38,0.5263,0.4474,0.0526,2,17.0012,1.9988,19.9994,1.9988,19,18.0006,0.4737,0.5,38,Ninh Thuận,NTB,AM D.Long
NTB - Ninh Thuận,(NTH) Ninh Chử,Hàng Mới Ca 2,2026-07-16 - Thứ 5,38,0.6053,0.5,0.0263,2.68,19,0.9994,23.0014,0.9994,18.0006,14.9986,0.3947,0.4737,38,Ninh Thuận,NTB,AM D.Long
NTB - Ninh Thuận,(NTH) Ninh Chử,Hàng Mới Ca 2,2026-07-07 - Thứ 3,38,0.6316,0.5789,0.0263,2.55,21.9982,0.9994,24.0008,0.9994,15.0024,13.9992,0.3684,0.3948,38,Ninh Thuận,NTB,AM D.Long
NTB - Ninh Thuận,(NTH) Ninh Chử,Hàng Mới Ca 2,2026-06-24 - Thứ 4,38,0.5526,0.5,0,2.95,19,0,20.9988,0,19,17.0012,0.4474,0.5,38,Ninh Thuận,NTB,AM D.Long
NTB - Ninh Thuận,(NTH) Ninh Chử,Hàng Mới Ca 2,2026-07-04 - Thứ 7,40,0.55,0.525,0,3.1,21,0,22,0,19,18,0.45,0.475,40,Ninh Thuận,NTB,AM D.Long
NTB - Ninh Thuận,(NTH) Ninh Chử,Hàng Mới Ca 2,2026-07-11 - Thứ 7,45,0.7556,0.6,0,2.33,27,0,34.002,0,18,10.998,0.2444,0.4,45,Ninh Thuận,NTB,AM D.Long
NTB - Ninh Thuận,(NTH) Ninh Chử,Hàng Tồn,2026-07-14 - Thứ 3,5,1,0.4,0,39.5,2,0,5,0,3,0,0,0.6,0,Ninh Thuận,NTB,AM D.Long
NTB - Ninh Thuận,(NTH) Ninh Chử,Hàng Tồn,2026-07-15 - Thứ 4,8,1,0.875,0,38.14,7,0,8,0,1,0,0,0.125,0,Ninh Thuận,NTB,AM D.Long
NTB - Ninh Thuận,(NTH) Ninh Chử,Hàng Tồn,2026-07-06 - Thứ 2,9,0.8889,0.5556,0,26,5.0004,0,8.0001,0,3.9996,0.9999,0.1111,0.4444,0,Ninh Thuận,NTB,AM D.Long
NTB - Ninh Thuận,(NTH) Ninh Chử,Hàng Tồn,2026-06-28 - Chủ Nhật,11,1,0.3636,0.0909,33.75,3.9996,0.9999,11,0.9999,6.0005,0,0,0.5455,0,Ninh Thuận,NTB,AM D.Long
NTB - Ninh Thuận,(NTH) Ninh Chử,Hàng Tồn,2026-07-16 - Thứ 5,12,1,0.8333,0,25.3,9.9996,0,12,0,2.0004,0,0,0.1667,0,Ninh Thuận,NTB,AM D.Long
NTB - Ninh Thuận,(NTH) Ninh Chử,Hàng Tồn,2026-07-01 - Thứ 4,13,0.9231,0.8462,0,27.73,11.0006,0,12.0003,0,1.9994,0.9997,0.0769,0.1538,0,Ninh Thuận,NTB,AM D.Long
NTB - Ninh Thuận,(NTH) Ninh Chử,Hàng Tồn,2026-07-04 - Thứ 7,17,0.9412,0.7059,0.0588,30.33,12.0003,0.9996,16.0004,0.9996,4.0001,0.9996,0.0588,0.2353,0,Ninh Thuận,NTB,AM D.Long
NTB - Ninh Thuận,(NTH) Ninh Chử,Hàng Tồn,2026-07-11 - Thứ 7,17,1,0.8235,0,28.86,13.9995,0,17,0,3.0005,0,0,0.1765,0,Ninh Thuận,NTB,AM D.Long
NTB - Ninh Thuận,(NTH) Ninh Chử,Hàng Tồn,2026-07-03 - Thứ 6,19,1,0.6316,0,26.83,12.0004,0,19,0,6.9996,0,0,0.3684,0,Ninh Thuận,NTB,AM D.Long
NTB - Ninh Thuận,(NTH) Ninh Chử,Hàng Tồn,2026-06-26 - Thứ 6,20,1,0.85,0,33.47,17,0,20,0,3,0,0,0.15,0,Ninh Thuận,NTB,AM D.Long
NTB - Ninh Thuận,(NTH) Ninh Chử,Hàng Tồn,2026-07-07 - Thứ 3,20,0.75,0.45,0,24.44,9,0,15,0,11,5,0.25,0.55,0,Ninh Thuận,NTB,AM D.Long
NTB - Ninh Thuận,(NTH) Ninh Chử,Hàng Tồn,2026-06-21 - Chủ Nhật,22,1,0.5455,0.0455,27.67,12.001,1.001,22,1.001,8.998,0,0,0.409,0,Ninh Thuận,NTB,AM D.Long
NTB - Ninh Thuận,(NTH) Ninh Chử,Hàng Tồn,2026-07-17 - Thứ 6,22,1,0.8182,0,30.5,18.0004,0,22,0,3.9996,0,0,0.1818,0,Ninh Thuận,NTB,AM D.Long
NTB - Ninh Thuận,(NTH) Ninh Chử,Hàng Tồn,2026-06-30 - Thứ 3,22,1,0.7727,0.0455,33.71,16.9994,1.001,22,1.001,3.9996,0,0,0.1818,0,Ninh Thuận,NTB,AM D.Long
NTB - Ninh Thuận,(NTH) Ninh Chử,Hàng Tồn,2026-06-27 - Thứ 7,22,1,0.7727,0.0455,27.29,16.9994,1.001,22,1.001,3.9996,0,0,0.1818,0,Ninh Thuận,NTB,AM D.Long
NTB - Ninh Thuận,(NTH) Ninh Chử,Hàng Tồn,2026-07-10 - Thứ 6,22,1,0.8636,0.0455,36.63,18.9992,1.001,22,1.001,1.9998,0,0,0.0909,0,Ninh Thuận,NTB,AM D.Long
NTB - Ninh Thuận,(NTH) Ninh Chử,Hàng Tồn,2026-07-13 - Thứ 2,22,1,0.8182,0.0909,31.67,18.0004,1.9998,22,1.9998,1.9998,0,0,0.0909,0,Ninh Thuận,NTB,AM D.Long
NTB - Ninh Thuận,(NTH) Ninh Chử,Hàng Tồn,2026-07-02 - Thứ 5,23,1,0.6522,0.1739,23.8,15.0006,3.9997,23,3.9997,3.9997,0,0,0.1739,0,Ninh Thuận,NTB,AM D.Long
NTB - Ninh Thuận,(NTH) Ninh Chử,Hàng Tồn,2026-06-29 - Thứ 2,23,1,0.6522,0.0435,35.8,15.0006,1.0005,23,1.0005,6.9989,0,0,0.3043,0,Ninh Thuận,NTB,AM D.Long
NTB - Ninh Thuận,(NTH) Ninh Chử,Hàng Tồn,2026-07-12 - Chủ Nhật,24,1,0.8333,0.0417,28.5,19.9992,1.0008,24,1.0008,3,0,0,0.125,0,Ninh Thuận,NTB,AM D.Long
NTB - Ninh Thuận,(NTH) Ninh Chử,Hàng Tồn,2026-06-24 - Thứ 4,25,1,0.84,0.04,28.1,21,1,25,1,3,0,0,0.12,0,Ninh Thuận,NTB,AM D.Long
NTB - Ninh Thuận,(NTH) Ninh Chử,Hàng Tồn,2026-06-20 - Thứ 7,25,1,0.64,0.16,30.56,16,4,25,4,5,0,0,0.2,0,Ninh Thuận,NTB,AM D.Long
NTB - Ninh Thuận,(NTH) Ninh Chử,Hàng Tồn,2026-07-05 - Chủ Nhật,26,1,0.7692,0.0385,24.7,19.9992,1.001,26,1.001,4.9998,0,0,0.1923,0,Ninh Thuận,NTB,AM D.Long
NTB - Ninh Thuận,(NTH) Ninh Chử,Hàng Tồn,2026-06-23 - Thứ 3,27,1,0.7778,0,32,21.0006,0,27,0,5.9994,0,0,0.2222,0,Ninh Thuận,NTB,AM D.Long
NTB - Ninh Thuận,(NTH) Ninh Chử,Hàng Tồn,2026-06-25 - Thứ 5,30,1,0.7667,0.0333,26.57,23.001,0.999,30,0.999,6,0,0,0.2,0,Ninh Thuận,NTB,AM D.Long
NTB - Ninh Thuận,(NTH) Ninh Chử,Hàng Tồn,2026-06-22 - Thứ 2,32,0.9688,0.75,0.0313,30.96,24,1.0016,31.0016,1.0016,6.9984,0.9984,0.0312,0.2187,0,Ninh Thuận,NTB,AM D.Long
NTB - Ninh Thuận,(NTH) Ninh Chử,Hàng Tồn,2026-07-08 - Thứ 4,34,0.9706,0.3235,0.0294,40.91,10.999,0.9996,33.0004,0.9996,22.0014,0.9996,0.0294,0.6471,0,Ninh Thuận,NTB,AM D.Long
NTB - Ninh Thuận,(NTH) Ninh Chử,Hàng Tồn,2026-07-09 - Thứ 5,47,1,0.8298,0.0426,44.36,39.0006,2.0022,47,2.0022,5.9972,0,0,0.1276,0,Ninh Thuận,NTB,AM D.Long
NTB - Ninh Thuận,(NTH) Bảo An,Hàng Mới Ca 1,2026-07-09 - Thứ 5,67,1,0.7463,0,6.14,50.0021,0,67,0,16.9979,0,0,0.2537,67,Ninh Thuận,NTB,AM D.Long
NTB - Ninh Thuận,(NTH) Bảo An,Hàng Mới Ca 1,2026-06-28 - Chủ Nhật,58,1,0.6379,0.0172,5.92,36.9982,0.9976,58,0.9976,20.0042,0,0,0.3449,58,Ninh Thuận,NTB,AM D.Long
NTB - Ninh Thuận,(NTH) Bảo An,Hàng Mới Ca 1,2026-07-10 - Thứ 6,61,1,0.7705,0.0164,5.77,47.0005,1.0004,61,1.0004,12.9991,0,0,0.2131,61,Ninh Thuận,NTB,AM D.Long
NTB - Ninh Thuận,(NTH) Bảo An,Hàng Mới Ca 1,2026-06-22 - Thứ 2,52,1,0.8269,0,6.14,42.9988,0,52,0,9.0012,0,0,0.1731,52,Ninh Thuận,NTB,AM D.Long
NTB - Ninh Thuận,(NTH) Bảo An,Hàng Mới Ca 1,2026-07-11 - Thứ 7,69,1,0.7681,0.029,5.53,52.9989,2.001,69,2.001,14.0001,0,0,0.2029,69,Ninh Thuận,NTB,AM D.Long
NTB - Ninh Thuận,(NTH) Bảo An,Hàng Mới Ca 1,2026-07-06 - Thứ 2,21,1,0.7619,0,5.69,15.9999,0,21,0,5.0001,0,0,0.2381,21,Ninh Thuận,NTB,AM D.Long
NTB - Ninh Thuận,(NTH) Bảo An,Hàng Mới Ca 1,2026-07-07 - Thứ 3,23,1,0.913,0,5.81,20.999,0,23,0,2.001,0,0,0.087,23,Ninh Thuận,NTB,AM D.Long
NTB - Ninh Thuận,(NTH) Bảo An,Hàng Mới Ca 1,2026-07-03 - Thứ 6,26,1,0.8846,0,5.7,22.9996,0,26,0,3.0004,0,0,0.1154,26,Ninh Thuận,NTB,AM D.Long
NTB - Ninh Thuận,(NTH) Bảo An,Hàng Mới Ca 1,2026-07-14 - Thứ 3,29,1,0.6552,0,11.84,19.0008,0,29,0,9.9992,0,0,0.3448,29,Ninh Thuận,NTB,AM D.Long
NTB - Ninh Thuận,(NTH) Bảo An,Hàng Mới Ca 1,2026-06-29 - Thứ 2,29,1,0.7586,0,5.27,21.9994,0,29,0,7.0006,0,0,0.2414,29,Ninh Thuận,NTB,AM D.Long
NTB - Ninh Thuận,(NTH) Bảo An,Hàng Mới Ca 1,2026-06-21 - Chủ Nhật,31,1,0.7097,0,4.73,22.0007,0,31,0,8.9993,0,0,0.2903,31,Ninh Thuận,NTB,AM D.Long
NTB - Ninh Thuận,(NTH) Bảo An,Hàng Mới Ca 1,2026-06-23 - Thứ 3,31,1,0.8387,0,6.42,25.9997,0,31,0,5.0003,0,0,0.1613,31,Ninh Thuận,NTB,AM D.Long
NTB - Ninh Thuận,(NTH) Bảo An,Hàng Mới Ca 1,2026-06-20 - Thứ 7,31,1,0.871,0,5.44,27.001,0,31,0,3.999,0,0,0.129,31,Ninh Thuận,NTB,AM D.Long
NTB - Ninh Thuận,(NTH) Bảo An,Hàng Mới Ca 1,2026-07-01 - Thứ 4,32,1,0.6875,0,4.64,22,0,32,0,10,0,0,0.3125,32,Ninh Thuận,NTB,AM D.Long
NTB - Ninh Thuận,(NTH) Bảo An,Hàng Mới Ca 1,2026-07-16 - Thứ 5,34,1,0.7353,0,6.36,25.0002,0,34,0,8.9998,0,0,0.2647,34,Ninh Thuận,NTB,AM D.Long
NTB - Ninh Thuận,(NTH) Bảo An,Hàng Mới Ca 1,2026-06-30 - Thứ 3,34,1,0.8529,0,6.41,28.9986,0,34,0,5.0014,0,0,0.1471,34,Ninh Thuận,NTB,AM D.Long
NTB - Ninh Thuận,(NTH) Bảo An,Hàng Mới Ca 1,2026-07-02 - Thứ 5,34,1,0.6765,0,8.17,23.001,0,34,0,10.999,0,0,0.3235,34,Ninh Thuận,NTB,AM D.Long
NTB - Ninh Thuận,(NTH) Bảo An,Hàng Mới Ca 1,2026-07-15 - Thứ 4,35,1,0.8286,0,9.38,29.001,0,35,0,5.999,0,0,0.1714,35,Ninh Thuận,NTB,AM D.Long
NTB - Ninh Thuận,(NTH) Bảo An,Hàng Mới Ca 1,2026-06-26 - Thứ 6,36,1,0.8333,0.0278,9.9,29.9988,1.0008,36,1.0008,5.0004,0,0,0.1389,36,Ninh Thuận,NTB,AM D.Long
NTB - Ninh Thuận,(NTH) Bảo An,Hàng Mới Ca 1,2026-07-05 - Chủ Nhật,38,0.9737,0.7105,0,5.59,26.999,0,37.0006,0,11.001,0.9994,0.0263,0.2895,38,Ninh Thuận,NTB,AM D.Long
NTB - Ninh Thuận,(NTH) Bảo An,Hàng Mới Ca 1,2026-07-04 - Thứ 7,38,1,0.7632,0.0263,7.48,29.0016,0.9994,38,0.9994,7.999,0,0,0.2105,38,Ninh Thuận,NTB,AM D.Long
NTB - Ninh Thuận,(NTH) Bảo An,Hàng Mới Ca 1,2026-06-24 - Thứ 4,41,1,0.6341,0.0732,7.85,25.9981,3.0012,41,3.0012,12.0007,0,0,0.2927,41,Ninh Thuận,NTB,AM D.Long
NTB - Ninh Thuận,(NTH) Bảo An,Hàng Mới Ca 1,2026-07-17 - Thứ 6,43,1,0.5581,0.0465,8.38,23.9983,1.9995,43,1.9995,17.0022,0,0,0.3954,43,Ninh Thuận,NTB,AM D.Long
NTB - Ninh Thuận,(NTH) Bảo An,Hàng Mới Ca 1,2026-07-12 - Chủ Nhật,44,1,0.7727,0,6.24,33.9988,0,44,0,10.0012,0,0,0.2273,44,Ninh Thuận,NTB,AM D.Long
NTB - Ninh Thuận,(NTH) Bảo An,Hàng Mới Ca 1,2026-07-13 - Thứ 2,50,1,0.56,0,7.36,28,0,50,0,22,0,0,0.44,50,Ninh Thuận,NTB,AM D.Long
NTB - Ninh Thuận,(NTH) Bảo An,Hàng Mới Ca 1,2026-07-08 - Thứ 4,50,1,0.74,0.02,6.54,37,1,50,1,12,0,0,0.24,50,Ninh Thuận,NTB,AM D.Long
NTB - Ninh Thuận,(NTH) Bảo An,Hàng Mới Ca 1,2026-06-25 - Thứ 5,53,1,0.7925,0,4.33,42.0025,0,53,0,10.9975,0,0,0.2075,53,Ninh Thuận,NTB,AM D.Long
NTB - Ninh Thuận,(NTH) Bảo An,Hàng Mới Ca 1,2026-06-27 - Thứ 7,55,1,0.6909,0,6.21,37.9995,0,55,0,17.0005,0,0,0.3091,55,Ninh Thuận,NTB,AM D.Long
NTB - Ninh Thuận,(NTH) Bảo An,Hàng Mới Ca 2,2026-07-15 - Thứ 4,8,0.875,0.75,0,1.33,6,0,7,0,2,1,0.125,0.25,8,Ninh Thuận,NTB,AM D.Long
NTB - Ninh Thuận,(NTH) Bảo An,Hàng Mới Ca 2,2026-07-13 - Thứ 2,8,0.625,0.5,0,2.75,4,0,5,0,4,3,0.375,0.5,8,Ninh Thuận,NTB,AM D.Long
NTB - Ninh Thuận,(NTH) Bảo An,Hàng Mới Ca 2,2026-07-14 - Thứ 3,9,0.8889,0.8889,0,1.5,8.0001,0,8.0001,0,0.9999,0.9999,0.1111,0.1111,9,Ninh Thuận,NTB,AM D.Long
NTB - Ninh Thuận,(NTH) Bảo An,Hàng Mới Ca 2,2026-06-30 - Thứ 3,9,1,0.7778,0,2,7.0002,0,9,0,1.9998,0,0,0.2222,9,Ninh Thuận,NTB,AM D.Long
NTB - Ninh Thuận,(NTH) Bảo An,Hàng Mới Ca 2,2026-07-02 - Thứ 5,14,0.9286,0.3571,0,1.6,4.9994,0,13.0004,0,9.0006,0.9996,0.0714,0.6429,14,Ninh Thuận,NTB,AM D.Long
NTB - Ninh Thuận,(NTH) Bảo An,Hàng Mới Ca 2,2026-07-03 - Thứ 6,15,0.6667,0.4,0,1.67,6,0,10.0005,0,9,4.9995,0.3333,0.6,15,Ninh Thuận,NTB,AM D.Long
NTB - Ninh Thuận,(NTH) Bảo An,Hàng Mới Ca 2,2026-06-28 - Chủ Nhật,15,0.7333,0.6,0,1.56,9,0,10.9995,0,6,4.0005,0.2667,0.4,15,Ninh Thuận,NTB,AM D.Long
NTB - Ninh Thuận,(NTH) Bảo An,Hàng Mới Ca 2,2026-06-21 - Chủ Nhật,15,0.8,0.6667,0,1.4,10.0005,0,12,0,4.9995,3,0.2,0.3333,15,Ninh Thuận,NTB,AM D.Long
NTB - Ninh Thuận,(NTH) Bảo An,Hàng Mới Ca 2,2026-07-07 - Thứ 3,17,0.9412,0.7647,0,1.31,12.9999,0,16.0004,0,4.0001,0.9996,0.0588,0.2353,17,Ninh Thuận,NTB,AM D.Long
NTB - Ninh Thuận,(NTH) Bảo An,Hàng Mới Ca 2,2026-06-22 - Thứ 2,17,0.7647,0.6471,0,1.18,11.0007,0,12.9999,0,5.9993,4.0001,0.2353,0.3529,17,Ninh Thuận,NTB,AM D.Long
NTB - Ninh Thuận,(NTH) Bảo An,Hàng Mới Ca 2,2026-06-29 - Thứ 2,19,0.7895,0.7368,0,1.14,13.9992,0,15.0005,0,5.0008,3.9995,0.2105,0.2632,19,Ninh Thuận,NTB,AM D.Long
NTB - Ninh Thuận,(NTH) Bảo An,Hàng Mới Ca 2,2026-07-06 - Thứ 2,20,0.95,0.75,0,1.4,15,0,19,0,5,1,0.05,0.25,20,Ninh Thuận,NTB,AM D.Long
NTB - Ninh Thuận,(NTH) Bảo An,Hàng Mới Ca 2,2026-07-05 - Chủ Nhật,22,0.7727,0.6364,0.0455,1.36,14.0008,1.001,16.9994,1.001,6.9982,5.0006,0.2273,0.3181,22,Ninh Thuận,NTB,AM D.Long
NTB - Ninh Thuận,(NTH) Bảo An,Hàng Mới Ca 2,2026-07-17 - Thứ 6,22,0.6818,0.3636,0,1,7.9992,0,14.9996,0,14.0008,7.0004,0.3182,0.6364,22,Ninh Thuận,NTB,AM D.Long
NTB - Ninh Thuận,(NTH) Bảo An,Hàng Mới Ca 2,2026-06-20 - Thứ 7,22,0.6364,0.4091,0,2.33,9.0002,0,14.0008,0,12.9998,7.9992,0.3636,0.5909,22,Ninh Thuận,NTB,AM D.Long
NTB - Ninh Thuận,(NTH) Bảo An,Hàng Mới Ca 2,2026-06-25 - Thứ 5,22,0.9091,0.6364,0,1.86,14.0008,0,20.0002,0,7.9992,1.9998,0.0909,0.3636,22,Ninh Thuận,NTB,AM D.Long
NTB - Ninh Thuận,(NTH) Bảo An,Hàng Mới Ca 2,2026-07-04 - Thứ 7,24,0.8333,0.625,0,1.93,15,0,19.9992,0,9,4.0008,0.1667,0.375,24,Ninh Thuận,NTB,AM D.Long
NTB - Ninh Thuận,(NTH) Bảo An,Hàng Mới Ca 2,2026-07-01 - Thứ 4,24,0.875,0.5,0.0417,1.42,12,1.0008,21,1.0008,10.9992,3,0.125,0.4583,24,Ninh Thuận,NTB,AM D.Long
NTB - Ninh Thuận,(NTH) Bảo An,Hàng Mới Ca 2,2026-07-10 - Thứ 6,27,0.9259,0.7778,0.037,2.05,21.0006,0.999,24.9993,0.999,5.0004,2.0007,0.0741,0.1852,27,Ninh Thuận,NTB,AM D.Long
NTB - Ninh Thuận,(NTH) Bảo An,Hàng Mới Ca 2,2026-07-16 - Thứ 5,28,0.5714,0.5357,0,2.07,14.9996,0,15.9992,0,13.0004,12.0008,0.4286,0.4643,28,Ninh Thuận,NTB,AM D.Long
NTB - Ninh Thuận,(NTH) Bảo An,Hàng Mới Ca 2,2026-06-23 - Thứ 3,28,1,0.75,0,1.71,21,0,28,0,7,0,0,0.25,28,Ninh Thuận,NTB,AM D.Long
NTB - Ninh Thuận,(NTH) Bảo An,Hàng Mới Ca 2,2026-06-24 - Thứ 4,29,0.6207,0.3103,0,1.67,8.9987,0,18.0003,0,20.0013,10.9997,0.3793,0.6897,29,Ninh Thuận,NTB,AM D.Long
NTB - Ninh Thuận,(NTH) Bảo An,Hàng Mới Ca 2,2026-06-27 - Thứ 7,30,0.8,0.6,0,1.39,18,0,24,0,12,6,0.2,0.4,30,Ninh Thuận,NTB,AM D.Long
NTB - Ninh Thuận,(NTH) Bảo An,Hàng Mới Ca 2,2026-07-09 - Thứ 5,30,0.9,0.6667,0.0333,2.75,20.001,0.999,27,0.999,9,3,0.1,0.3,30,Ninh Thuận,NTB,AM D.Long
NTB - Ninh Thuận,(NTH) Bảo An,Hàng Mới Ca 2,2026-07-11 - Thứ 7,33,0.9091,0.5455,0,2.44,18.0015,0,30.0003,0,14.9985,2.9997,0.0909,0.4545,33,Ninh Thuận,NTB,AM D.Long
NTB - Ninh Thuận,(NTH) Bảo An,Hàng Mới Ca 2,2026-07-12 - Chủ Nhật,35,0.8286,0.7143,0,1.44,25.0005,0,29.001,0,9.9995,5.999,0.1714,0.2857,35,Ninh Thuận,NTB,AM D.Long
NTB - Ninh Thuận,(NTH) Bảo An,Hàng Mới Ca 2,2026-06-26 - Thứ 6,44,0.6136,0.5,0.0227,1.64,22,0.9988,26.9984,0.9988,21.0012,17.0016,0.3864,0.4773,44,Ninh Thuận,NTB,AM D.Long
NTB - Ninh Thuận,(NTH) Bảo An,Hàng Mới Ca 2,2026-07-08 - Thứ 4,50,0.82,0.64,0.04,3.03,32,2,41,2,16,9,0.18,0.32,50,Ninh Thuận,NTB,AM D.Long
NTB - Ninh Thuận,(NTH) Bảo An,Hàng Tồn,2026-07-08 - Thứ 4,11,0.9091,0.4545,0,88.4,4.9995,0,10.0001,0,6.0005,0.9999,0.0909,0.5455,0,Ninh Thuận,NTB,AM D.Long
NTB - Ninh Thuận,(NTH) Bảo An,Hàng Tồn,2026-06-24 - Thứ 4,16,0.875,0.3125,0.1875,57,5,3,14,3,8,2,0.125,0.5,0,Ninh Thuận,NTB,AM D.Long
NTB - Ninh Thuận,(NTH) Bảo An,Hàng Tồn,2026-07-05 - Chủ Nhật,18,1,0.7778,0.0556,49.93,14.0004,1.0008,18,1.0008,2.9988,0,0,0.1666,0,Ninh Thuận,NTB,AM D.Long
NTB - Ninh Thuận,(NTH) Bảo An,Hàng Tồn,2026-07-03 - Thứ 6,19,1,0.2632,0.0526,76.4,5.0008,0.9994,19,0.9994,12.9998,0,0,0.6842,0,Ninh Thuận,NTB,AM D.Long
NTB - Ninh Thuận,(NTH) Bảo An,Hàng Tồn,2026-07-01 - Thứ 4,20,1,0.4,0,53.13,8,0,20,0,12,0,0,0.6,0,Ninh Thuận,NTB,AM D.Long
NTB - Ninh Thuận,(NTH) Bảo An,Hàng Tồn,2026-07-07 - Thứ 3,23,0.9565,0.3043,0.1304,67,6.9989,2.9992,21.9995,2.9992,13.0019,1.0005,0.0435,0.5653,0,Ninh Thuận,NTB,AM D.Long
NTB - Ninh Thuận,(NTH) Bảo An,Hàng Tồn,2026-07-16 - Thứ 5,23,0.9565,0.4348,0.0435,68.8,10.0004,1.0005,21.9995,1.0005,11.9991,1.0005,0.0435,0.5217,0,Ninh Thuận,NTB,AM D.Long
NTB - Ninh Thuận,(NTH) Bảo An,Hàng Tồn,2026-07-11 - Thứ 7,25,1,0.8,0,66.75,20,0,25,0,5,0,0,0.2,0,Ninh Thuận,NTB,AM D.Long
NTB - Ninh Thuận,(NTH) Bảo An,Hàng Tồn,2026-07-10 - Thứ 6,26,0.9615,0.6154,0.0385,64.56,16.0004,1.001,24.999,1.001,8.9986,1.001,0.0385,0.3461,0,Ninh Thuận,NTB,AM D.Long
NTB - Ninh Thuận,(NTH) Bảo An,Hàng Tồn,2026-06-26 - Thứ 6,27,1,0.6296,0.037,49.82,16.9992,0.999,27,0.999,9.0018,0,0,0.3334,0,Ninh Thuận,NTB,AM D.Long
NTB - Ninh Thuận,(NTH) Bảo An,Hàng Tồn,2026-06-20 - Thứ 7,27,1,0.4074,0.037,43.73,10.9998,0.999,27,0.999,15.0012,0,0,0.5556,0,Ninh Thuận,NTB,AM D.Long
NTB - Ninh Thuận,(NTH) Bảo An,Hàng Tồn,2026-07-02 - Thứ 5,27,1,0.7037,0.0741,64,18.9999,2.0007,27,2.0007,5.9994,0,0,0.2222,0,Ninh Thuận,NTB,AM D.Long
NTB - Ninh Thuận,(NTH) Bảo An,Hàng Tồn,2026-07-15 - Thứ 4,29,1,0.7241,0,66.38,20.9989,0,29,0,8.0011,0,0,0.2759,0,Ninh Thuận,NTB,AM D.Long
NTB - Ninh Thuận,(NTH) Bảo An,Hàng Tồn,2026-07-04 - Thứ 7,29,1,0.6552,0.069,64.11,19.0008,2.001,29,2.001,7.9982,0,0,0.2758,0,Ninh Thuận,NTB,AM D.Long
NTB - Ninh Thuận,(NTH) Bảo An,Hàng Tồn,2026-06-30 - Thứ 3,29,1,0.4138,0.069,59,12.0002,2.001,29,2.001,14.9988,0,0,0.5172,0,Ninh Thuận,NTB,AM D.Long
NTB - Ninh Thuận,(NTH) Bảo An,Hàng Tồn,2026-07-14 - Thứ 3,30,1,0.5667,0.0667,59.65,17.001,2.001,30,2.001,10.998,0,0,0.3666,0,Ninh Thuận,NTB,AM D.Long
NTB - Ninh Thuận,(NTH) Bảo An,Hàng Tồn,2026-06-28 - Chủ Nhật,30,1,0.5667,0.0667,41.06,17.001,2.001,30,2.001,10.998,0,0,0.3666,0,Ninh Thuận,NTB,AM D.Long
NTB - Ninh Thuận,(NTH) Bảo An,Hàng Tồn,2026-07-17 - Thứ 6,31,1,0.5161,0.0645,61.31,15.9991,1.9995,31,1.9995,13.0014,0,0,0.4194,0,Ninh Thuận,NTB,AM D.Long
NTB - Ninh Thuận,(NTH) Bảo An,Hàng Tồn,2026-07-12 - Chủ Nhật,31,1,0.7419,0.0323,65.3,22.9989,1.0013,31,1.0013,6.9998,0,0,0.2258,0,Ninh Thuận,NTB,AM D.Long
NTB - Ninh Thuận,(NTH) Bảo An,Hàng Tồn,2026-07-09 - Thứ 5,32,0.9688,0.625,0,39.7,20,0,31.0016,0,12,0.9984,0.0312,0.375,0,Ninh Thuận,NTB,AM D.Long
NTB - Ninh Thuận,(NTH) Bảo An,Hàng Tồn,2026-06-22 - Thứ 2,32,1,0.6563,0,64.38,21.0016,0,32,0,10.9984,0,0,0.3437,0,Ninh Thuận,NTB,AM D.Long
NTB - Ninh Thuận,(NTH) Bảo An,Hàng Tồn,2026-06-25 - Thứ 5,32,0.9688,0.4688,0,49.73,15.0016,0,31.0016,0,16.9984,0.9984,0.0312,0.5312,0,Ninh Thuận,NTB,AM D.Long
NTB - Ninh Thuận,(NTH) Bảo An,Hàng Tồn,2026-07-06 - Thứ 2,33,0.9394,0.6667,0,48.95,22.0011,0,31.0002,0,10.9989,1.9998,0.0606,0.3333,0,Ninh Thuận,NTB,AM D.Long
NTB - Ninh Thuận,(NTH) Bảo An,Hàng Tồn,2026-06-23 - Thứ 3,34,0.9412,0.7059,0.0294,55.71,24.0006,0.9996,32.0008,0.9996,8.9998,1.9992,0.0588,0.2647,0,Ninh Thuận,NTB,AM D.Long
NTB - Ninh Thuận,(NTH) Bảo An,Hàng Tồn,2026-06-21 - Chủ Nhật,39,0.8718,0.4615,0.0769,55.78,17.9985,2.9991,34.0002,2.9991,18.0024,4.9998,0.1282,0.4616,0,Ninh Thuận,NTB,AM D.Long
NTB - Ninh Thuận,(NTH) Bảo An,Hàng Tồn,2026-07-13 - Thứ 2,40,1,0.775,0.025,55.68,31,1,40,1,8,0,0,0.2,0,Ninh Thuận,NTB,AM D.Long
NTB - Ninh Thuận,(NTH) Bảo An,Hàng Tồn,2026-06-27 - Thứ 7,44,1,0.5909,0.0455,49.81,25.9996,2.002,44,2.002,15.9984,0,0,0.3636,0,Ninh Thuận,NTB,AM D.Long
NTB - Ninh Thuận,(NTH) Bảo An,Hàng Tồn,2026-06-29 - Thứ 2,49,1,0.7551,0,64.89,36.9999,0,49,0,12.0001,0,0,0.2449,0,Ninh Thuận,NTB,AM D.Long
NTB - Lâm Đồng,(LDO) Đức Trọng 2,Hàng Mới Ca 1,2026-06-28 - Chủ Nhật,63,0.9683,0.7302,0.0159,5.57,46.0026,1.0017,61.0029,1.0017,15.9957,1.9971,0.0317,0.2539,63,Lâm Đồng,NTB,AM Tiến
NTB - Lâm Đồng,(LDO) Đức Trọng 2,Hàng Mới Ca 1,2026-06-23 - Thứ 3,19,1,0.8421,0,7,15.9999,0,19,0,3.0001,0,0,0.1579,19,Lâm Đồng,NTB,AM Tiến
NTB - Lâm Đồng,(LDO) Đức Trọng 2,Hàng Mới Ca 1,2026-07-03 - Thứ 6,19,1,0.7368,0.0526,7.43,13.9992,0.9994,19,0.9994,4.0014,0,0,0.2106,19,Lâm Đồng,NTB,AM Tiến
NTB - Lâm Đồng,(LDO) Đức Trọng 2,Hàng Mới Ca 1,2026-06-30 - Thứ 3,21,1,0.9048,0,6.74,19.0008,0,21,0,1.9992,0,0,0.0952,21,Lâm Đồng,NTB,AM Tiến
NTB - Lâm Đồng,(LDO) Đức Trọng 2,Hàng Mới Ca 1,2026-07-14 - Thứ 3,22,0.9545,0.8182,0.0455,8.33,18.0004,1.001,20.999,1.001,2.9986,1.001,0.0455,0.1363,22,Lâm Đồng,NTB,AM Tiến
NTB - Lâm Đồng,(LDO) Đức Trọng 2,Hàng Mới Ca 1,2026-06-27 - Thứ 7,22,1,0.9091,0,7.55,20.0002,0,22,0,1.9998,0,0,0.0909,22,Lâm Đồng,NTB,AM Tiến
NTB - Lâm Đồng,(LDO) Đức Trọng 2,Hàng Mới Ca 1,2026-07-16 - Thứ 5,26,0.8077,0.6923,0.0385,7.5,17.9998,1.001,21.0002,1.001,6.9992,4.9998,0.1923,0.2692,26,Lâm Đồng,NTB,AM Tiến
NTB - Lâm Đồng,(LDO) Đức Trọng 2,Hàng Mới Ca 1,2026-07-17 - Thứ 6,27,0.963,0.8148,0.037,6.86,21.9996,0.999,26.001,0.999,4.0014,0.999,0.037,0.1482,27,Lâm Đồng,NTB,AM Tiến
NTB - Lâm Đồng,(LDO) Đức Trọng 2,Hàng Mới Ca 1,2026-07-08 - Thứ 4,29,1,0.9655,0,7.36,27.9995,0,29,0,1.0005,0,0,0.0345,29,Lâm Đồng,NTB,AM Tiến
NTB - Lâm Đồng,(LDO) Đức Trọng 2,Hàng Mới Ca 1,2026-07-07 - Thứ 3,30,0.9667,0.8333,0.0333,6.76,24.999,0.999,29.001,0.999,4.002,0.999,0.0333,0.1334,30,Lâm Đồng,NTB,AM Tiến
NTB - Lâm Đồng,(LDO) Đức Trọng 2,Hàng Mới Ca 1,2026-07-10 - Thứ 6,30,1,0.9333,0,8.36,27.999,0,30,0,2.001,0,0,0.0667,30,Lâm Đồng,NTB,AM Tiến
NTB - Lâm Đồng,(LDO) Đức Trọng 2,Hàng Mới Ca 1,2026-07-04 - Thứ 7,30,0.9667,0.6333,0.0333,6.84,18.999,0.999,29.001,0.999,10.002,0.999,0.0333,0.3334,30,Lâm Đồng,NTB,AM Tiến
NTB - Lâm Đồng,(LDO) Đức Trọng 2,Hàng Mới Ca 1,2026-07-11 - Thứ 7,31,0.9677,0.8065,0,6.08,25.0015,0,29.9987,0,5.9985,1.0013,0.0323,0.1935,31,Lâm Đồng,NTB,AM Tiến
NTB - Lâm Đồng,(LDO) Đức Trọng 2,Hàng Mới Ca 1,2026-07-13 - Thứ 2,31,0.871,0.5806,0,8.78,17.9986,0,27.001,0,13.0014,3.999,0.129,0.4194,31,Lâm Đồng,NTB,AM Tiến
NTB - Lâm Đồng,(LDO) Đức Trọng 2,Hàng Mới Ca 1,2026-06-24 - Thứ 4,32,1,0.9375,0,7.23,30,0,32,0,2,0,0,0.0625,32,Lâm Đồng,NTB,AM Tiến
NTB - Lâm Đồng,(LDO) Đức Trọng 2,Hàng Mới Ca 1,2026-07-12 - Chủ Nhật,32,1,0.8125,0,8.38,26,0,32,0,6,0,0,0.1875,32,Lâm Đồng,NTB,AM Tiến
NTB - Lâm Đồng,(LDO) Đức Trọng 2,Hàng Mới Ca 1,2026-07-05 - Chủ Nhật,32,1,0.875,0,7.64,28,0,32,0,4,0,0,0.125,32,Lâm Đồng,NTB,AM Tiến
NTB - Lâm Đồng,(LDO) Đức Trọng 2,Hàng Mới Ca 1,2026-06-25 - Thứ 5,34,0.9118,0.7941,0,8.44,26.9994,0,31.0012,0,7.0006,2.9988,0.0882,0.2059,34,Lâm Đồng,NTB,AM Tiến
NTB - Lâm Đồng,(LDO) Đức Trọng 2,Hàng Mới Ca 1,2026-07-15 - Thứ 4,35,0.7714,0.5429,0,6.89,19.0015,0,26.999,0,15.9985,8.001,0.2286,0.4571,35,Lâm Đồng,NTB,AM Tiến
NTB - Lâm Đồng,(LDO) Đức Trọng 2,Hàng Mới Ca 1,2026-07-06 - Thứ 2,35,0.9429,0.7143,0,7.76,25.0005,0,33.0015,0,9.9995,1.9985,0.0571,0.2857,35,Lâm Đồng,NTB,AM Tiến
NTB - Lâm Đồng,(LDO) Đức Trọng 2,Hàng Mới Ca 1,2026-06-29 - Thứ 2,35,0.9429,0.6857,0,6.21,23.9995,0,33.0015,0,11.0005,1.9985,0.0571,0.3143,35,Lâm Đồng,NTB,AM Tiến
NTB - Lâm Đồng,(LDO) Đức Trọng 2,Hàng Mới Ca 1,2026-06-21 - Chủ Nhật,36,0.9167,0.8056,0,8.97,29.0016,0,33.0012,0,6.9984,2.9988,0.0833,0.1944,36,Lâm Đồng,NTB,AM Tiến
NTB - Lâm Đồng,(LDO) Đức Trọng 2,Hàng Mới Ca 1,2026-06-22 - Thứ 2,39,0.8718,0.7949,0,6.94,31.0011,0,34.0002,0,7.9989,4.9998,0.1282,0.2051,39,Lâm Đồng,NTB,AM Tiến
NTB - Lâm Đồng,(LDO) Đức Trọng 2,Hàng Mới Ca 1,2026-06-20 - Thứ 7,45,0.9778,0.9778,0,8.64,44.001,0,44.001,0,0.999,0.999,0.0222,0.0222,45,Lâm Đồng,NTB,AM Tiến
NTB - Lâm Đồng,(LDO) Đức Trọng 2,Hàng Mới Ca 1,2026-06-26 - Thứ 6,48,1,0.8958,0.0208,7.42,42.9984,0.9984,48,0.9984,4.0032,0,0,0.0834,48,Lâm Đồng,NTB,AM Tiến
NTB - Lâm Đồng,(LDO) Đức Trọng 2,Hàng Mới Ca 1,2026-07-09 - Thứ 5,50,1,0.88,0,6.55,44,0,50,0,6,0,0,0.12,50,Lâm Đồng,NTB,AM Tiến
NTB - Lâm Đồng,(LDO) Đức Trọng 2,Hàng Mới Ca 1,2026-07-01 - Thứ 4,50,1,0.86,0.02,6.6,43,1,50,1,6,0,0,0.12,50,Lâm Đồng,NTB,AM Tiến
NTB - Lâm Đồng,(LDO) Đức Trọng 2,Hàng Mới Ca 1,2026-07-02 - Thứ 5,53,1,0.7925,0,8.12,42.0025,0,53,0,10.9975,0,0,0.2075,53,Lâm Đồng,NTB,AM Tiến
NTB - Lâm Đồng,(LDO) Đức Trọng 2,Hàng Mới Ca 2,2026-07-12 - Chủ Nhật,7,0.8571,0.8571,0,4,5.9997,0,5.9997,0,1.0003,1.0003,0.1429,0.1429,7,Lâm Đồng,NTB,AM Tiến
NTB - Lâm Đồng,(LDO) Đức Trọng 2,Hàng Mới Ca 2,2026-06-21 - Chủ Nhật,7,0.4286,0.4286,0,4,3.0002,0,3.0002,0,3.9998,3.9998,0.5714,0.5714,7,Lâm Đồng,NTB,AM Tiến
NTB - Lâm Đồng,(LDO) Đức Trọng 2,Hàng Mới Ca 2,2026-07-01 - Thứ 4,8,1,0.875,0,4.14,7,0,8,0,1,0,0,0.125,8,Lâm Đồng,NTB,AM Tiến
NTB - Lâm Đồng,(LDO) Đức Trọng 2,Hàng Mới Ca 2,2026-07-04 - Thứ 7,10,0.5,0.5,0,3.2,5,0,5,0,5,5,0.5,0.5,10,Lâm Đồng,NTB,AM Tiến
NTB - Lâm Đồng,(LDO) Đức Trọng 2,Hàng Mới Ca 2,2026-07-06 - Thứ 2,12,0.5833,0.5833,0,5.57,6.9996,0,6.9996,0,5.0004,5.0004,0.4167,0.4167,12,Lâm Đồng,NTB,AM Tiến
NTB - Lâm Đồng,(LDO) Đức Trọng 2,Hàng Mới Ca 2,2026-06-25 - Thứ 5,13,0.8462,0.6923,0,4.78,8.9999,0,11.0006,0,4.0001,1.9994,0.1538,0.3077,13,Lâm Đồng,NTB,AM Tiến
NTB - Lâm Đồng,(LDO) Đức Trọng 2,Hàng Mới Ca 2,2026-07-17 - Thứ 6,14,0.5,0.4286,0,4,6.0004,0,7,0,7.9996,7,0.5,0.5714,14,Lâm Đồng,NTB,AM Tiến
NTB - Lâm Đồng,(LDO) Đức Trọng 2,Hàng Mới Ca 2,2026-07-03 - Thứ 6,15,0.7333,0.6,0,5.33,9,0,10.9995,0,6,4.0005,0.2667,0.4,15,Lâm Đồng,NTB,AM Tiến
NTB - Lâm Đồng,(LDO) Đức Trọng 2,Hàng Mới Ca 2,2026-07-07 - Thứ 3,15,0.5333,0.4667,0,2.57,7.0005,0,7.9995,0,7.9995,7.0005,0.4667,0.5333,15,Lâm Đồng,NTB,AM Tiến
NTB - Lâm Đồng,(LDO) Đức Trọng 2,Hàng Mới Ca 2,2026-07-16 - Thứ 5,15,0.7333,0.7333,0,5,10.9995,0,10.9995,0,4.0005,4.0005,0.2667,0.2667,15,Lâm Đồng,NTB,AM Tiến
NTB - Lâm Đồng,(LDO) Đức Trọng 2,Hàng Mới Ca 2,2026-06-30 - Thứ 3,18,0.7778,0.5,0.0556,4.44,9,1.0008,14.0004,1.0008,7.9992,3.9996,0.2222,0.4444,18,Lâm Đồng,NTB,AM Tiến
NTB - Lâm Đồng,(LDO) Đức Trọng 2,Hàng Mới Ca 2,2026-06-22 - Thứ 2,18,0.5556,0.5556,0,4.9,10.0008,0,10.0008,0,7.9992,7.9992,0.4444,0.4444,18,Lâm Đồng,NTB,AM Tiến
NTB - Lâm Đồng,(LDO) Đức Trọng 2,Hàng Mới Ca 2,2026-07-02 - Thứ 5,19,0.5263,0.4737,0,6.78,9.0003,0,9.9997,0,9.9997,9.0003,0.4737,0.5263,19,Lâm Đồng,NTB,AM Tiến
NTB - Lâm Đồng,(LDO) Đức Trọng 2,Hàng Mới Ca 2,2026-07-13 - Thứ 2,21,0.9048,0.6667,0,4.93,14.0007,0,19.0008,0,6.9993,1.9992,0.0952,0.3333,21,Lâm Đồng,NTB,AM Tiến
NTB - Lâm Đồng,(LDO) Đức Trọng 2,Hàng Mới Ca 2,2026-06-23 - Thứ 3,22,0.7727,0.6818,0,4.13,14.9996,0,16.9994,0,7.0004,5.0006,0.2273,0.3182,22,Lâm Đồng,NTB,AM Tiến
NTB - Lâm Đồng,(LDO) Đức Trọng 2,Hàng Mới Ca 2,2026-07-10 - Thứ 6,22,0.8636,0.7273,0,3.69,16.0006,0,18.9992,0,5.9994,3.0008,0.1364,0.2727,22,Lâm Đồng,NTB,AM Tiến
NTB - Lâm Đồng,(LDO) Đức Trọng 2,Hàng Mới Ca 2,2026-07-14 - Thứ 3,24,0.7917,0.6667,0,5.31,16.0008,0,19.0008,0,7.9992,4.9992,0.2083,0.3333,24,Lâm Đồng,NTB,AM Tiến
NTB - Lâm Đồng,(LDO) Đức Trọng 2,Hàng Mới Ca 2,2026-06-29 - Thứ 2,25,0.64,0.6,0,6.13,15,0,16,0,10,9,0.36,0.4,25,Lâm Đồng,NTB,AM Tiến
NTB - Lâm Đồng,(LDO) Đức Trọng 2,Hàng Mới Ca 2,2026-07-11 - Thứ 7,26,0.6923,0.6154,0,2.06,16.0004,0,17.9998,0,9.9996,8.0002,0.3077,0.3846,26,Lâm Đồng,NTB,AM Tiến
NTB - Lâm Đồng,(LDO) Đức Trọng 2,Hàng Mới Ca 2,2026-07-15 - Thứ 4,27,0.7778,0.7037,0,4.63,18.9999,0,21.0006,0,8.0001,5.9994,0.2222,0.2963,27,Lâm Đồng,NTB,AM Tiến
NTB - Lâm Đồng,(LDO) Đức Trọng 2,Hàng Mới Ca 2,2026-06-26 - Thứ 6,28,0.8214,0.8214,0,4.57,22.9992,0,22.9992,0,5.0008,5.0008,0.1786,0.1786,28,Lâm Đồng,NTB,AM Tiến
NTB - Lâm Đồng,(LDO) Đức Trọng 2,Hàng Mới Ca 2,2026-07-05 - Chủ Nhật,30,0.5667,0.5,0,3.13,15,0,17.001,0,15,12.999,0.4333,0.5,30,Lâm Đồng,NTB,AM Tiến
NTB - Lâm Đồng,(LDO) Đức Trọng 2,Hàng Mới Ca 2,2026-06-28 - Chủ Nhật,31,0.5161,0.4194,0,3.46,13.0014,0,15.9991,0,17.9986,15.0009,0.4839,0.5806,31,Lâm Đồng,NTB,AM Tiến
NTB - Lâm Đồng,(LDO) Đức Trọng 2,Hàng Mới Ca 2,2026-06-20 - Thứ 7,32,0.4688,0.4063,0.0313,5.85,13.0016,1.0016,15.0016,1.0016,17.9968,16.9984,0.5312,0.5624,32,Lâm Đồng,NTB,AM Tiến
NTB - Lâm Đồng,(LDO) Đức Trọng 2,Hàng Mới Ca 2,2026-06-27 - Thứ 7,34,0.7647,0.7059,0,3.5,24.0006,0,25.9998,0,9.9994,8.0002,0.2353,0.2941,34,Lâm Đồng,NTB,AM Tiến
NTB - Lâm Đồng,(LDO) Đức Trọng 2,Hàng Mới Ca 2,2026-07-09 - Thứ 5,35,1,0.9429,0,3.58,33.0015,0,35,0,1.9985,0,0,0.0571,35,Lâm Đồng,NTB,AM Tiến
NTB - Lâm Đồng,(LDO) Đức Trọng 2,Hàng Mới Ca 2,2026-06-24 - Thứ 4,36,0.8889,0.7778,0,5.04,28.0008,0,32.0004,0,7.9992,3.9996,0.1111,0.2222,36,Lâm Đồng,NTB,AM Tiến
NTB - Lâm Đồng,(LDO) Đức Trọng 2,Hàng Mới Ca 2,2026-07-08 - Thứ 4,50,0.78,0.7,0,4.54,35,0,39,0,15,11,0.22,0.3,50,Lâm Đồng,NTB,AM Tiến
NTB - Lâm Đồng,(LDO) Đức Trọng 2,Hàng Tồn,2026-06-20 - Thứ 7,10,0.9,0.5,0,54,5,0,9,0,5,1,0.1,0.5,0,Lâm Đồng,NTB,AM Tiến
NTB - Lâm Đồng,(LDO) Đức Trọng 2,Hàng Tồn,2026-07-10 - Thứ 6,11,1,0.5455,0,93,6.0005,0,11,0,4.9995,0,0,0.4545,0,Lâm Đồng,NTB,AM Tiến
NTB - Lâm Đồng,(LDO) Đức Trọng 2,Hàng Tồn,2026-06-27 - Thứ 7,12,1,0.5,0,29.6,6,0,12,0,6,0,0,0.5,0,Lâm Đồng,NTB,AM Tiến
NTB - Lâm Đồng,(LDO) Đức Trọng 2,Hàng Tồn,2026-06-25 - Thứ 5,12,0.8333,0.75,0,31.33,9,0,9.9996,0,3,2.0004,0.1667,0.25,0,Lâm Đồng,NTB,AM Tiến
NTB - Lâm Đồng,(LDO) Đức Trọng 2,Hàng Tồn,2026-06-26 - Thứ 6,13,1,0.7692,0,45.6,9.9996,0,13,0,3.0004,0,0,0.2308,0,Lâm Đồng,NTB,AM Tiến
NTB - Lâm Đồng,(LDO) Đức Trọng 2,Hàng Tồn,2026-06-24 - Thứ 4,14,1,0.7857,0,35.91,10.9998,0,14,0,3.0002,0,0,0.2143,0,Lâm Đồng,NTB,AM Tiến
NTB - Lâm Đồng,(LDO) Đức Trọng 2,Hàng Tồn,2026-07-17 - Thứ 6,15,0.8667,0.6,0,35.78,9,0,13.0005,0,6,1.9995,0.1333,0.4,0,Lâm Đồng,NTB,AM Tiến
NTB - Lâm Đồng,(LDO) Đức Trọng 2,Hàng Tồn,2026-07-11 - Thứ 7,15,1,0.5333,0.2,39.88,7.9995,3,15,3,4.0005,0,0,0.2667,0,Lâm Đồng,NTB,AM Tiến
NTB - Lâm Đồng,(LDO) Đức Trọng 2,Hàng Tồn,2026-06-22 - Thứ 2,16,0.625,0.3125,0.125,45,5,2,10,2,9,6,0.375,0.5625,0,Lâm Đồng,NTB,AM Tiến
NTB - Lâm Đồng,(LDO) Đức Trọng 2,Hàng Tồn,2026-07-02 - Thứ 5,16,1,0.375,0.3125,59.67,6,5,16,5,5,0,0,0.3125,0,Lâm Đồng,NTB,AM Tiến
NTB - Lâm Đồng,(LDO) Đức Trọng 2,Hàng Tồn,2026-07-07 - Thứ 3,17,1,0.5294,0.0588,41.56,8.9998,0.9996,17,0.9996,7.0006,0,0,0.4118,0,Lâm Đồng,NTB,AM Tiến
NTB - Lâm Đồng,(LDO) Đức Trọng 2,Hàng Tồn,2026-06-28 - Chủ Nhật,17,0.8824,0.5882,0,37.7,9.9994,0,15.0008,0,7.0006,1.9992,0.1176,0.4118,0,Lâm Đồng,NTB,AM Tiến
NTB - Lâm Đồng,(LDO) Đức Trọng 2,Hàng Tồn,2026-07-13 - Thứ 2,18,0.9444,0.3889,0.0556,80.43,7.0002,1.0008,16.9992,1.0008,9.999,1.0008,0.0556,0.5555,0,Lâm Đồng,NTB,AM Tiến
NTB - Lâm Đồng,(LDO) Đức Trọng 2,Hàng Tồn,2026-07-04 - Thứ 7,18,0.8889,0.4444,0.1111,42.38,7.9992,1.9998,16.0002,1.9998,8.001,1.9998,0.1111,0.4445,0,Lâm Đồng,NTB,AM Tiến
NTB - Lâm Đồng,(LDO) Đức Trọng 2,Hàng Tồn,2026-07-08 - Thứ 4,20,1,0.65,0,37.85,13,0,20,0,7,0,0,0.35,0,Lâm Đồng,NTB,AM Tiến
NTB - Lâm Đồng,(LDO) Đức Trọng 2,Hàng Tồn,2026-07-09 - Thứ 5,21,1,0.5714,0.0952,33.5,11.9994,1.9992,21,1.9992,7.0014,0,0,0.3334,0,Lâm Đồng,NTB,AM Tiến
NTB - Lâm Đồng,(LDO) Đức Trọng 2,Hàng Tồn,2026-07-12 - Chủ Nhật,22,0.9545,0.5909,0,41.77,12.9998,0,20.999,0,9.0002,1.001,0.0455,0.4091,0,Lâm Đồng,NTB,AM Tiến
NTB - Lâm Đồng,(LDO) Đức Trọng 2,Hàng Tồn,2026-07-05 - Chủ Nhật,23,1,0.3478,0.1304,47.25,7.9994,2.9992,23,2.9992,12.0014,0,0,0.5218,0,Lâm Đồng,NTB,AM Tiến
NTB - Lâm Đồng,(LDO) Đức Trọng 2,Hàng Tồn,2026-07-01 - Thứ 4,23,1,0.4783,0,38.82,11.0009,0,23,0,11.9991,0,0,0.5217,0,Lâm Đồng,NTB,AM Tiến
NTB - Lâm Đồng,(LDO) Đức Trọng 2,Hàng Tồn,2026-07-15 - Thứ 4,24,0.7083,0.3333,0.0417,48.38,7.9992,1.0008,16.9992,1.0008,15,7.0008,0.2917,0.625,0,Lâm Đồng,NTB,AM Tiến
NTB - Lâm Đồng,(LDO) Đức Trọng 2,Hàng Tồn,2026-06-21 - Chủ Nhật,26,0.9615,0.7308,0.0385,37.79,19.0008,1.001,24.999,1.001,5.9982,1.001,0.0385,0.2307,0,Lâm Đồng,NTB,AM Tiến
NTB - Lâm Đồng,(LDO) Đức Trọng 2,Hàng Tồn,2026-07-14 - Thứ 3,26,0.7692,0.4615,0.0385,44.67,11.999,1.001,19.9992,1.001,13,6.0008,0.2308,0.5,0,Lâm Đồng,NTB,AM Tiến
NTB - Lâm Đồng,(LDO) Đức Trọng 2,Hàng Tồn,2026-06-23 - Thứ 3,26,1,0.6538,0,38.94,16.9988,0,26,0,9.0012,0,0,0.3462,0,Lâm Đồng,NTB,AM Tiến
NTB - Lâm Đồng,(LDO) Đức Trọng 2,Hàng Tồn,2026-07-03 - Thứ 6,29,0.931,0.4828,0.1034,27.57,14.0012,2.9986,26.999,2.9986,12.0002,2.001,0.069,0.4138,0,Lâm Đồng,NTB,AM Tiến
NTB - Lâm Đồng,(LDO) Đức Trọng 2,Hàng Tồn,2026-07-16 - Thứ 5,31,0.9355,0.7742,0.0645,50.5,24.0002,1.9995,29.0005,1.9995,5.0003,1.9995,0.0645,0.1613,0,Lâm Đồng,NTB,AM Tiến
NTB - Lâm Đồng,(LDO) Đức Trọng 2,Hàng Tồn,2026-06-30 - Thứ 3,33,0.9697,0.5455,0,43.44,18.0015,0,32.0001,0,14.9985,0.9999,0.0303,0.4545,0,Lâm Đồng,NTB,AM Tiến
NTB - Lâm Đồng,(LDO) Đức Trọng 2,Hàng Tồn,2026-07-06 - Thứ 2,33,0.9697,0.7576,0.0303,46.8,25.0008,0.9999,32.0001,0.9999,6.9993,0.9999,0.0303,0.2121,0,Lâm Đồng,NTB,AM Tiến
NTB - Lâm Đồng,(LDO) Đức Trọng 2,Hàng Tồn,2026-06-29 - Thứ 2,37,1,0.5676,0.0811,35.1,21.0012,3.0007,37,3.0007,12.9981,0,0,0.3513,0,Lâm Đồng,NTB,AM Tiến
NTB - Lâm Đồng,(LDO) Đức Trọng 1,Hàng Mới Ca 1,2026-07-06 - Thứ 2,71,0.9718,0.8732,0,6.4,61.9972,0,68.9978,0,9.0028,2.0022,0.0282,0.1268,71,Lâm Đồng,NTB,AM Tiến
NTB - Lâm Đồng,(LDO) Đức Trọng 1,Hàng Mới Ca 1,2026-07-14 - Thứ 3,14,0.3571,0.2857,0.0714,12.25,3.9998,0.9996,4.9994,0.9996,9.0006,9.0006,0.6429,0.6429,14,Lâm Đồng,NTB,AM Tiến
NTB - Lâm Đồng,(LDO) Đức Trọng 1,Hàng Mới Ca 1,2026-06-23 - Thứ 3,14,0.8571,0.6429,0,18.56,9.0006,0,11.9994,0,4.9994,2.0006,0.1429,0.3571,14,Lâm Đồng,NTB,AM Tiến
NTB - Lâm Đồng,(LDO) Đức Trọng 1,Hàng Mới Ca 1,2026-06-22 - Thứ 2,16,0.9375,0.5625,0,16.11,9,0,15,0,7,1,0.0625,0.4375,16,Lâm Đồng,NTB,AM Tiến
NTB - Lâm Đồng,(LDO) Đức Trọng 1,Hàng Mới Ca 1,2026-07-05 - Chủ Nhật,17,0.7059,0.4706,0,11.5,8.0002,0,12.0003,0,8.9998,4.9997,0.2941,0.5294,17,Lâm Đồng,NTB,AM Tiến
NTB - Lâm Đồng,(LDO) Đức Trọng 1,Hàng Mới Ca 1,2026-06-30 - Thứ 3,18,0.7222,0.4444,0,11.88,7.9992,0,12.9996,0,10.0008,5.0004,0.2778,0.5556,18,Lâm Đồng,NTB,AM Tiến
NTB - Lâm Đồng,(LDO) Đức Trọng 1,Hàng Mới Ca 1,2026-07-13 - Thứ 2,22,0.5,0.1818,0,21,3.9996,0,11,0,18.0004,11,0.5,0.8182,22,Lâm Đồng,NTB,AM Tiến
NTB - Lâm Đồng,(LDO) Đức Trọng 1,Hàng Mới Ca 1,2026-07-08 - Thứ 4,23,0.6957,0.4348,0,22.8,10.0004,0,16.0011,0,12.9996,6.9989,0.3043,0.5652,23,Lâm Đồng,NTB,AM Tiến
NTB - Lâm Đồng,(LDO) Đức Trọng 1,Hàng Mới Ca 1,2026-06-29 - Thứ 2,23,0.5652,0.3478,0,13.25,7.9994,0,12.9996,0,15.0006,10.0004,0.4348,0.6522,23,Lâm Đồng,NTB,AM Tiến
NTB - Lâm Đồng,(LDO) Đức Trọng 1,Hàng Mới Ca 1,2026-06-24 - Thứ 4,25,0.88,0.56,0,18,14,0,22,0,11,3,0.12,0.44,25,Lâm Đồng,NTB,AM Tiến
NTB - Lâm Đồng,(LDO) Đức Trọng 1,Hàng Mới Ca 1,2026-07-07 - Thứ 3,26,0.6923,0.3846,0,14.1,9.9996,0,17.9998,0,16.0004,8.0002,0.3077,0.6154,26,Lâm Đồng,NTB,AM Tiến
NTB - Lâm Đồng,(LDO) Đức Trọng 1,Hàng Mới Ca 1,2026-06-20 - Thứ 7,26,0.8077,0.6154,0,13.44,16.0004,0,21.0002,0,9.9996,4.9998,0.1923,0.3846,26,Lâm Đồng,NTB,AM Tiến
NTB - Lâm Đồng,(LDO) Đức Trọng 1,Hàng Mới Ca 1,2026-07-15 - Thứ 4,27,0.1852,0.1111,0,19,2.9997,0,5.0004,0,24.0003,21.9996,0.8148,0.8889,27,Lâm Đồng,NTB,AM Tiến
NTB - Lâm Đồng,(LDO) Đức Trọng 1,Hàng Mới Ca 1,2026-06-21 - Chủ Nhật,28,0.6786,0.2857,0,10.38,7.9996,0,19.0008,0,20.0004,8.9992,0.3214,0.7143,28,Lâm Đồng,NTB,AM Tiến
NTB - Lâm Đồng,(LDO) Đức Trọng 1,Hàng Mới Ca 1,2026-07-17 - Thứ 6,28,0.5714,0.3214,0,17.67,8.9992,0,15.9992,0,19.0008,12.0008,0.4286,0.6786,28,Lâm Đồng,NTB,AM Tiến
NTB - Lâm Đồng,(LDO) Đức Trọng 1,Hàng Mới Ca 1,2026-07-16 - Thứ 5,28,0.25,0.1429,0,13,4.0012,0,7,0,23.9988,21,0.75,0.8571,28,Lâm Đồng,NTB,AM Tiến
NTB - Lâm Đồng,(LDO) Đức Trọng 1,Hàng Mới Ca 1,2026-06-28 - Chủ Nhật,29,0.7931,0.4483,0,17.54,13.0007,0,22.9999,0,15.9993,6.0001,0.2069,0.5517,29,Lâm Đồng,NTB,AM Tiến
NTB - Lâm Đồng,(LDO) Đức Trọng 1,Hàng Mới Ca 1,2026-06-27 - Thứ 7,29,0.8276,0.5862,0,14.29,16.9998,0,24.0004,0,12.0002,4.9996,0.1724,0.4138,29,Lâm Đồng,NTB,AM Tiến
NTB - Lâm Đồng,(LDO) Đức Trọng 1,Hàng Mới Ca 1,2026-07-01 - Thứ 4,31,0.4516,0.4194,0.0323,14,13.0014,1.0013,13.9996,1.0013,16.9973,17.0004,0.5484,0.5483,31,Lâm Đồng,NTB,AM Tiến
NTB - Lâm Đồng,(LDO) Đức Trọng 1,Hàng Mới Ca 1,2026-06-25 - Thứ 5,32,0.9375,0.6563,0,13.9,21.0016,0,30,0,10.9984,2,0.0625,0.3437,32,Lâm Đồng,NTB,AM Tiến
NTB - Lâm Đồng,(LDO) Đức Trọng 1,Hàng Mới Ca 1,2026-06-26 - Thứ 6,33,0.9697,0.4848,0.0303,16.63,15.9984,0.9999,32.0001,0.9999,16.0017,0.9999,0.0303,0.4849,33,Lâm Đồng,NTB,AM Tiến
NTB - Lâm Đồng,(LDO) Đức Trọng 1,Hàng Mới Ca 1,2026-07-11 - Thứ 7,34,0.7353,0.5294,0,19.78,17.9996,0,25.0002,0,16.0004,8.9998,0.2647,0.4706,34,Lâm Đồng,NTB,AM Tiến
NTB - Lâm Đồng,(LDO) Đức Trọng 1,Hàng Mới Ca 1,2026-07-04 - Thứ 7,34,0.7941,0.5882,0,17.45,19.9988,0,26.9994,0,14.0012,7.0006,0.2059,0.4118,34,Lâm Đồng,NTB,AM Tiến
NTB - Lâm Đồng,(LDO) Đức Trọng 1,Hàng Mới Ca 1,2026-07-03 - Thứ 6,36,0.8056,0.5278,0,15.79,19.0008,0,29.0016,0,16.9992,6.9984,0.1944,0.4722,36,Lâm Đồng,NTB,AM Tiến
NTB - Lâm Đồng,(LDO) Đức Trọng 1,Hàng Mới Ca 1,2026-07-02 - Thứ 5,36,0.6389,0.4444,0,15.44,15.9984,0,23.0004,0,20.0016,12.9996,0.3611,0.5556,36,Lâm Đồng,NTB,AM Tiến
NTB - Lâm Đồng,(LDO) Đức Trọng 1,Hàng Mới Ca 1,2026-07-12 - Chủ Nhật,36,0.5,0.2778,0,19.3,10.0008,0,18,0,25.9992,18,0.5,0.7222,36,Lâm Đồng,NTB,AM Tiến
NTB - Lâm Đồng,(LDO) Đức Trọng 1,Hàng Mới Ca 1,2026-07-10 - Thứ 6,37,0.6216,0.4324,0.0541,19.88,15.9988,2.0017,22.9992,2.0017,18.9995,14.0008,0.3784,0.5135,37,Lâm Đồng,NTB,AM Tiến
NTB - Lâm Đồng,(LDO) Đức Trọng 1,Hàng Mới Ca 1,2026-07-09 - Thứ 5,43,0.5581,0.4186,0,17.72,17.9998,0,23.9983,0,25.0002,19.0017,0.4419,0.5814,43,Lâm Đồng,NTB,AM Tiến
NTB - Lâm Đồng,(LDO) Đức Trọng 1,Hàng Mới Ca 2,2026-07-15 - Thứ 4,1,1,1,0,0,1,0,1,0,0,0,0,0,1,Lâm Đồng,NTB,AM Tiến
NTB - Lâm Đồng,(LDO) Đức Trọng 1,Hàng Mới Ca 2,2026-06-23 - Thứ 3,1,1,1,0,1,1,0,1,0,0,0,0,0,1,Lâm Đồng,NTB,AM Tiến
NTB - Lâm Đồng,(LDO) Đức Trọng 1,Hàng Mới Ca 2,2026-07-13 - Thứ 2,2,1,1,0,7.5,2,0,2,0,0,0,0,0,2,Lâm Đồng,NTB,AM Tiến
NTB - Lâm Đồng,(LDO) Đức Trọng 1,Hàng Tồn,2026-07-15 - Thứ 4,76,0.3421,0.1842,0,143.5,13.9992,0,25.9996,0,62.0008,50.0004,0.6579,0.8158,0,Lâm Đồng,NTB,AM Tiến
NTB - Lâm Đồng,(LDO) Đức Trọng 1,Hàng Tồn,2026-07-17 - Thứ 6,97,0.8351,0.6495,0.0206,114.54,63.0015,1.9982,81.0047,1.9982,32.0003,15.9953,0.1649,0.3299,0,Lâm Đồng,NTB,AM Tiến
NTB - Lâm Đồng,(LDO) Đức Trọng 1,Hàng Tồn,2026-07-14 - Thứ 3,78,0.3205,0.141,0.0385,86.91,10.998,3.003,24.999,3.003,63.999,53.001,0.6795,0.8205,0,Lâm Đồng,NTB,AM Tiến
NTB - Lâm Đồng,(LDO) Đức Trọng 1,Hàng Tồn,2026-07-16 - Thứ 5,90,0.5,0.1444,0.0111,170.54,12.996,0.999,45,0.999,76.005,45,0.5,0.8445,0,Lâm Đồng,NTB,AM Tiến
NTB - Lâm Đồng,(LDO) Đức Trọng 1,Hàng Tồn,2026-07-13 - Thứ 2,76,0.3947,0.0921,0.0526,72.14,6.9996,3.9976,29.9972,3.9976,65.0028,46.0028,0.6053,0.8553,0,Lâm Đồng,NTB,AM Tiến
NTB - Lâm Đồng,(LDO) Đức Trọng 1,Hàng Tồn,2026-06-24 - Thứ 4,12,1,0.5833,0,89,6.9996,0,12,0,5.0004,0,0,0.4167,0,Lâm Đồng,NTB,AM Tiến
NTB - Lâm Đồng,(LDO) Đức Trọng 1,Hàng Tồn,2026-06-27 - Thứ 7,15,1,0.6667,0,101.3,10.0005,0,15,0,4.9995,0,0,0.3333,0,Lâm Đồng,NTB,AM Tiến
NTB - Lâm Đồng,(LDO) Đức Trọng 1,Hàng Tồn,2026-06-26 - Thứ 6,18,0.9444,0.6667,0.0556,101.67,12.0006,1.0008,16.9992,1.0008,4.9986,1.0008,0.0556,0.2777,0,Lâm Đồng,NTB,AM Tiến
NTB - Lâm Đồng,(LDO) Đức Trọng 1,Hàng Tồn,2026-06-29 - Thứ 2,21,0.8095,0.4286,0,97.67,9.0006,0,16.9995,0,11.9994,4.0005,0.1905,0.5714,0,Lâm Đồng,NTB,AM Tiến
NTB - Lâm Đồng,(LDO) Đức Trọng 1,Hàng Tồn,2026-06-28 - Chủ Nhật,22,0.7727,0.2727,0.0455,72.5,5.9994,1.001,16.9994,1.001,14.9996,5.0006,0.2273,0.6818,0,Lâm Đồng,NTB,AM Tiến
NTB - Lâm Đồng,(LDO) Đức Trọng 1,Hàng Tồn,2026-07-07 - Thứ 3,22,0.9091,0.2273,0,112.8,5.0006,0,20.0002,0,16.9994,1.9998,0.0909,0.7727,0,Lâm Đồng,NTB,AM Tiến
NTB - Lâm Đồng,(LDO) Đức Trọng 1,Hàng Tồn,2026-07-04 - Thứ 7,23,0.8261,0.3913,0.0435,73.44,8.9999,1.0005,19.0003,1.0005,12.9996,3.9997,0.1739,0.5652,0,Lâm Đồng,NTB,AM Tiến
NTB - Lâm Đồng,(LDO) Đức Trọng 1,Hàng Tồn,2026-06-25 - Thứ 5,23,0.9565,0.6522,0,75.8,15.0006,0,21.9995,0,7.9994,1.0005,0.0435,0.3478,0,Lâm Đồng,NTB,AM Tiến
NTB - Lâm Đồng,(LDO) Đức Trọng 1,Hàng Tồn,2026-06-23 - Thứ 3,25,0.96,0.44,0,105.73,11,0,24,0,14,1,0.04,0.56,0,Lâm Đồng,NTB,AM Tiến
NTB - Lâm Đồng,(LDO) Đức Trọng 1,Hàng Tồn,2026-07-08 - Thứ 4,27,0.7778,0.2593,0.1111,62.57,7.0011,2.9997,21.0006,2.9997,16.9992,5.9994,0.2222,0.6296,0,Lâm Đồng,NTB,AM Tiến
NTB - Lâm Đồng,(LDO) Đức Trọng 1,Hàng Tồn,2026-07-05 - Chủ Nhật,27,0.5185,0.2593,0,87.43,7.0011,0,13.9995,0,19.9989,13.0005,0.4815,0.7407,0,Lâm Đồng,NTB,AM Tiến
NTB - Lâm Đồng,(LDO) Đức Trọng 1,Hàng Tồn,2026-07-03 - Thứ 6,29,0.8966,0.5517,0.1034,57.13,15.9993,2.9986,26.0014,2.9986,10.0021,2.9986,0.1034,0.3449,0,Lâm Đồng,NTB,AM Tiến
NTB - Lâm Đồng,(LDO) Đức Trọng 1,Hàng Tồn,2026-06-30 - Thứ 3,30,0.5667,0.2333,0,75.86,6.999,0,17.001,0,23.001,12.999,0.4333,0.7667,0,Lâm Đồng,NTB,AM Tiến
NTB - Lâm Đồng,(LDO) Đức Trọng 1,Hàng Tồn,2026-07-09 - Thứ 5,31,0.5161,0.129,0,56.25,3.999,0,15.9991,0,27.001,15.0009,0.4839,0.871,0,Lâm Đồng,NTB,AM Tiến
NTB - Lâm Đồng,(LDO) Đức Trọng 1,Hàng Tồn,2026-07-06 - Thứ 2,33,0.8485,0.5455,0,110.61,18.0015,0,28.0005,0,14.9985,4.9995,0.1515,0.4545,0,Lâm Đồng,NTB,AM Tiến
NTB - Lâm Đồng,(LDO) Đức Trọng 1,Hàng Tồn,2026-06-22 - Thứ 2,35,0.9143,0.5429,0.0286,71.84,19.0015,1.001,32.0005,1.001,14.9975,2.9995,0.0857,0.4285,0,Lâm Đồng,NTB,AM Tiến
NTB - Lâm Đồng,(LDO) Đức Trọng 1,Hàng Tồn,2026-06-21 - Chủ Nhật,36,0.6667,0.3611,0,119.31,12.9996,0,24.0012,0,23.0004,11.9988,0.3333,0.6389,0,Lâm Đồng,NTB,AM Tiến
NTB - Lâm Đồng,(LDO) Đức Trọng 1,Hàng Tồn,2026-07-01 - Thứ 4,36,0.8056,0.3333,0.0278,73.5,11.9988,1.0008,29.0016,1.0008,23.0004,6.9984,0.1944,0.6389,0,Lâm Đồng,NTB,AM Tiến
NTB - Lâm Đồng,(LDO) Đức Trọng 1,Hàng Tồn,2026-07-02 - Thứ 5,36,0.8611,0.5833,0.0278,73.57,20.9988,1.0008,30.9996,1.0008,14.0004,5.0004,0.1389,0.3889,0,Lâm Đồng,NTB,AM Tiến
NTB - Lâm Đồng,(LDO) Đức Trọng 1,Hàng Tồn,2026-06-20 - Thứ 7,46,0.6304,0.4783,0.0217,60.91,22.0018,0.9982,28.9984,0.9982,23,17.0016,0.3696,0.5,0,Lâm Đồng,NTB,AM Tiến
NTB - Lâm Đồng,(LDO) Đức Trọng 1,Hàng Tồn,2026-07-10 - Thứ 6,49,0.6327,0.3673,0,63.61,17.9977,0,31.0023,0,31.0023,17.9977,0.3673,0.6327,0,Lâm Đồng,NTB,AM Tiến
NTB - Lâm Đồng,(LDO) Đức Trọng 1,Hàng Tồn,2026-07-11 - Thứ 7,54,0.3333,0.1667,0.0185,69.33,9.0018,0.999,17.9982,0.999,43.9992,36.0018,0.6667,0.8148,0,Lâm Đồng,NTB,AM Tiến
NTB - Lâm Đồng,(LDO) Đức Trọng 1,Hàng Tồn,2026-07-12 - Chủ Nhật,55,0.3636,0.0909,0,111.4,4.9995,0,19.998,0,50.0005,35.002,0.6364,0.9091,0,Lâm Đồng,NTB,AM Tiến
NTB - Lâm Đồng,(LDO) Đạ Tẻh,Hàng Mới Ca 1,2026-07-13 - Thứ 2,2,1,0,0,0,0,0,2,0,2,0,0,1,2,Lâm Đồng,NTB,AM Vũ
NTB - Lâm Đồng,(LDO) Đạ Tẻh,Hàng Mới Ca 1,2026-06-21 - Chủ Nhật,8,1,0.625,0,15.4,5,0,8,0,3,0,0,0.375,8,Lâm Đồng,NTB,AM Vũ
NTB - Lâm Đồng,(LDO) Đạ Tẻh,Hàng Mới Ca 1,2026-06-30 - Thứ 3,18,1,0.8889,0,11.94,16.0002,0,18,0,1.9998,0,0,0.1111,18,Lâm Đồng,NTB,AM Vũ
NTB - Lâm Đồng,(LDO) Đạ Tẻh,Hàng Mới Ca 1,2026-06-20 - Thứ 7,19,1,0.8421,0.0526,10.63,15.9999,0.9994,19,0.9994,2.0007,0,0,0.1053,19,Lâm Đồng,NTB,AM Vũ
NTB - Lâm Đồng,(LDO) Đạ Tẻh,Hàng Mới Ca 1,2026-06-29 - Thứ 2,20,1,1,0,13.25,20,0,20,0,0,0,0,0,20,Lâm Đồng,NTB,AM Vũ
NTB - Lâm Đồng,(LDO) Đạ Tẻh,Hàng Mới Ca 1,2026-06-23 - Thứ 3,22,1,0.9091,0,7.3,20.0002,0,22,0,1.9998,0,0,0.0909,22,Lâm Đồng,NTB,AM Vũ
NTB - Lâm Đồng,(LDO) Đạ Tẻh,Hàng Mới Ca 1,2026-07-08 - Thứ 4,22,1,0.7273,0,9.56,16.0006,0,22,0,5.9994,0,0,0.2727,22,Lâm Đồng,NTB,AM Vũ
NTB - Lâm Đồng,(LDO) Đạ Tẻh,Hàng Mới Ca 1,2026-07-12 - Chủ Nhật,26,1,0.9231,0,7,24.0006,0,26,0,1.9994,0,0,0.0769,26,Lâm Đồng,NTB,AM Vũ
NTB - Lâm Đồng,(LDO) Đạ Tẻh,Hàng Mới Ca 1,2026-07-15 - Thứ 4,27,1,0.8519,0.037,7.7,23.0013,0.999,27,0.999,2.9997,0,0,0.1111,27,Lâm Đồng,NTB,AM Vũ
NTB - Lâm Đồng,(LDO) Đạ Tẻh,Hàng Mới Ca 1,2026-07-05 - Chủ Nhật,27,1,0.8889,0,10.21,24.0003,0,27,0,2.9997,0,0,0.1111,27,Lâm Đồng,NTB,AM Vũ
NTB - Lâm Đồng,(LDO) Đạ Tẻh,Hàng Mới Ca 1,2026-06-28 - Chủ Nhật,29,1,0.8621,0.069,6.68,25.0009,2.001,29,2.001,1.9981,0,0,0.0689,29,Lâm Đồng,NTB,AM Vũ
NTB - Lâm Đồng,(LDO) Đạ Tẻh,Hàng Mới Ca 1,2026-07-17 - Thứ 6,31,1,0.9355,0,8.9,29.0005,0,31,0,1.9995,0,0,0.0645,31,Lâm Đồng,NTB,AM Vũ
NTB - Lâm Đồng,(LDO) Đạ Tẻh,Hàng Mới Ca 1,2026-07-04 - Thứ 7,32,1,0.9688,0,7.58,31.0016,0,32,0,0.9984,0,0,0.0312,32,Lâm Đồng,NTB,AM Vũ
NTB - Lâm Đồng,(LDO) Đạ Tẻh,Hàng Mới Ca 1,2026-07-01 - Thứ 4,33,1,0.8485,0,10.21,28.0005,0,33,0,4.9995,0,0,0.1515,33,Lâm Đồng,NTB,AM Vũ
NTB - Lâm Đồng,(LDO) Đạ Tẻh,Hàng Mới Ca 1,2026-06-22 - Thứ 2,33,1,0.8485,0,8.71,28.0005,0,33,0,4.9995,0,0,0.1515,33,Lâm Đồng,NTB,AM Vũ
NTB - Lâm Đồng,(LDO) Đạ Tẻh,Hàng Mới Ca 1,2026-07-10 - Thứ 6,33,1,0.8788,0,5.83,29.0004,0,33,0,3.9996,0,0,0.1212,33,Lâm Đồng,NTB,AM Vũ
NTB - Lâm Đồng,(LDO) Đạ Tẻh,Hàng Mới Ca 1,2026-07-03 - Thứ 6,34,1,0.9118,0,9.23,31.0012,0,34,0,2.9988,0,0,0.0882,34,Lâm Đồng,NTB,AM Vũ
NTB - Lâm Đồng,(LDO) Đạ Tẻh,Hàng Mới Ca 1,2026-06-26 - Thứ 6,34,1,0.8529,0,4.59,28.9986,0,34,0,5.0014,0,0,0.1471,34,Lâm Đồng,NTB,AM Vũ
NTB - Lâm Đồng,(LDO) Đạ Tẻh,Hàng Mới Ca 1,2026-07-16 - Thứ 5,34,1,0.8824,0,7.57,30.0016,0,34,0,3.9984,0,0,0.1176,34,Lâm Đồng,NTB,AM Vũ
NTB - Lâm Đồng,(LDO) Đạ Tẻh,Hàng Mới Ca 1,2026-06-24 - Thứ 4,35,1,1,0,7.46,35,0,35,0,0,0,0,0,35,Lâm Đồng,NTB,AM Vũ
NTB - Lâm Đồng,(LDO) Đạ Tẻh,Hàng Mới Ca 1,2026-07-02 - Thứ 5,36,1,0.75,0.0278,9.81,27,1.0008,36,1.0008,7.9992,0,0,0.2222,36,Lâm Đồng,NTB,AM Vũ
NTB - Lâm Đồng,(LDO) Đạ Tẻh,Hàng Mới Ca 1,2026-06-27 - Thứ 7,39,1,0.9231,0,5.42,36.0009,0,39,0,2.9991,0,0,0.0769,39,Lâm Đồng,NTB,AM Vũ
NTB - Lâm Đồng,(LDO) Đạ Tẻh,Hàng Mới Ca 1,2026-07-11 - Thứ 7,39,1,0.9231,0.0256,6.78,36.0009,0.9984,39,0.9984,2.0007,0,0,0.0513,39,Lâm Đồng,NTB,AM Vũ
NTB - Lâm Đồng,(LDO) Đạ Tẻh,Hàng Mới Ca 1,2026-06-25 - Thứ 5,42,1,0.8333,0,7.46,34.9986,0,42,0,7.0014,0,0,0.1667,42,Lâm Đồng,NTB,AM Vũ
NTB - Lâm Đồng,(LDO) Đạ Tẻh,Hàng Mới Ca 1,2026-07-07 - Thứ 3,47,1,0.5319,0.0426,14.16,24.9993,2.0022,47,2.0022,19.9985,0,0,0.4255,47,Lâm Đồng,NTB,AM Vũ
NTB - Lâm Đồng,(LDO) Đạ Tẻh,Hàng Mới Ca 1,2026-07-09 - Thứ 5,49,1,0.9184,0.0204,8.13,45.0016,0.9996,49,0.9996,2.9988,0,0,0.0612,49,Lâm Đồng,NTB,AM Vũ
NTB - Lâm Đồng,(LDO) Đạ Tẻh,Hàng Mới Ca 1,2026-07-06 - Thứ 2,50,1,0.68,0,13.15,34,0,50,0,16,0,0,0.32,50,Lâm Đồng,NTB,AM Vũ
NTB - Lâm Đồng,(LDO) Đạ Tẻh,Hàng Mới Ca 1,2026-07-14 - Thứ 3,57,1,0.9123,0.0351,6.04,52.0011,2.0007,57,2.0007,2.9982,0,0,0.0526,57,Lâm Đồng,NTB,AM Vũ
NTB - Lâm Đồng,(LDO) Đạ Tẻh,Hàng Mới Ca 2,2026-06-29 - Thứ 2,10,0.8,0.6,0,2.5,6,0,8,0,4,2,0.2,0.4,10,Lâm Đồng,NTB,AM Vũ
NTB - Lâm Đồng,(LDO) Đạ Tẻh,Hàng Mới Ca 2,2026-06-30 - Thứ 3,13,1,0.8462,0,3.55,11.0006,0,13,0,1.9994,0,0,0.1538,13,Lâm Đồng,NTB,AM Vũ
NTB - Lâm Đồng,(LDO) Đạ Tẻh,Hàng Mới Ca 2,2026-06-21 - Chủ Nhật,14,1,0.9286,0,4.08,13.0004,0,14,0,0.9996,0,0,0.0714,14,Lâm Đồng,NTB,AM Vũ
NTB - Lâm Đồng,(LDO) Đạ Tẻh,Hàng Mới Ca 2,2026-06-24 - Thứ 4,14,0.9286,0.6429,0.0714,3.44,9.0006,0.9996,13.0004,0.9996,3.9998,0.9996,0.0714,0.2857,14,Lâm Đồng,NTB,AM Vũ
NTB - Lâm Đồng,(LDO) Đạ Tẻh,Hàng Mới Ca 2,2026-07-14 - Thứ 3,15,1,0.8667,0,3.77,13.0005,0,15,0,1.9995,0,0,0.1333,15,Lâm Đồng,NTB,AM Vũ
NTB - Lâm Đồng,(LDO) Đạ Tẻh,Hàng Mới Ca 2,2026-06-25 - Thứ 5,16,0.75,0.625,0,2.7,10,0,12,0,6,4,0.25,0.375,16,Lâm Đồng,NTB,AM Vũ
NTB - Lâm Đồng,(LDO) Đạ Tẻh,Hàng Mới Ca 2,2026-07-04 - Thứ 7,17,0.8824,0.5882,0,3,9.9994,0,15.0008,0,7.0006,1.9992,0.1176,0.4118,17,Lâm Đồng,NTB,AM Vũ
NTB - Lâm Đồng,(LDO) Đạ Tẻh,Hàng Mới Ca 2,2026-07-02 - Thứ 5,18,0.6667,0.3889,0,3,7.0002,0,12.0006,0,10.9998,5.9994,0.3333,0.6111,18,Lâm Đồng,NTB,AM Vũ
NTB - Lâm Đồng,(LDO) Đạ Tẻh,Hàng Mới Ca 2,2026-07-09 - Thứ 5,18,0.9444,0.8333,0,3.33,14.9994,0,16.9992,0,3.0006,1.0008,0.0556,0.1667,18,Lâm Đồng,NTB,AM Vũ
NTB - Lâm Đồng,(LDO) Đạ Tẻh,Hàng Mới Ca 2,2026-07-03 - Thứ 6,19,0.7368,0.5789,0,3.73,10.9991,0,13.9992,0,8.0009,5.0008,0.2632,0.4211,19,Lâm Đồng,NTB,AM Vũ
NTB - Lâm Đồng,(LDO) Đạ Tẻh,Hàng Mới Ca 2,2026-06-22 - Thứ 2,19,0.8421,0.6316,0,2.75,12.0004,0,15.9999,0,6.9996,3.0001,0.1579,0.3684,19,Lâm Đồng,NTB,AM Vũ
NTB - Lâm Đồng,(LDO) Đạ Tẻh,Hàng Mới Ca 2,2026-06-28 - Chủ Nhật,20,0.9,0.6,0,3.33,12,0,18,0,8,2,0.1,0.4,20,Lâm Đồng,NTB,AM Vũ
NTB - Lâm Đồng,(LDO) Đạ Tẻh,Hàng Mới Ca 2,2026-07-17 - Thứ 6,21,0.7619,0.5714,0,3.25,11.9994,0,15.9999,0,9.0006,5.0001,0.2381,0.4286,21,Lâm Đồng,NTB,AM Vũ
NTB - Lâm Đồng,(LDO) Đạ Tẻh,Hàng Mới Ca 2,2026-06-23 - Thứ 3,21,0.9048,0.8571,0,3,17.9991,0,19.0008,0,3.0009,1.9992,0.0952,0.1429,21,Lâm Đồng,NTB,AM Vũ
NTB - Lâm Đồng,(LDO) Đạ Tẻh,Hàng Mới Ca 2,2026-06-26 - Thứ 6,22,0.9545,0.7273,0,3.5,16.0006,0,20.999,0,5.9994,1.001,0.0455,0.2727,22,Lâm Đồng,NTB,AM Vũ
NTB - Lâm Đồng,(LDO) Đạ Tẻh,Hàng Mới Ca 2,2026-07-07 - Thứ 3,23,0.8696,0.087,0,3.5,2.001,0,20.0008,0,20.999,2.9992,0.1304,0.913,23,Lâm Đồng,NTB,AM Vũ
NTB - Lâm Đồng,(LDO) Đạ Tẻh,Hàng Mới Ca 2,2026-06-20 - Thứ 7,23,0.6087,0.4348,0,2,10.0004,0,14.0001,0,12.9996,8.9999,0.3913,0.5652,23,Lâm Đồng,NTB,AM Vũ
NTB - Lâm Đồng,(LDO) Đạ Tẻh,Hàng Mới Ca 2,2026-07-15 - Thứ 4,24,0.9583,0.6667,0,4,16.0008,0,22.9992,0,7.9992,1.0008,0.0417,0.3333,24,Lâm Đồng,NTB,AM Vũ
NTB - Lâm Đồng,(LDO) Đạ Tẻh,Hàng Mới Ca 2,2026-07-01 - Thứ 4,24,0.9583,0.75,0,2.94,18,0,22.9992,0,6,1.0008,0.0417,0.25,24,Lâm Đồng,NTB,AM Vũ
NTB - Lâm Đồng,(LDO) Đạ Tẻh,Hàng Mới Ca 2,2026-07-10 - Thứ 6,24,0.9583,0.7917,0.0417,3.42,19.0008,1.0008,22.9992,1.0008,3.9984,1.0008,0.0417,0.1666,24,Lâm Đồng,NTB,AM Vũ
NTB - Lâm Đồng,(LDO) Đạ Tẻh,Hàng Mới Ca 2,2026-07-16 - Thứ 5,30,0.9667,0.6667,0,3.2,20.001,0,29.001,0,9.999,0.999,0.0333,0.3333,30,Lâm Đồng,NTB,AM Vũ
NTB - Lâm Đồng,(LDO) Đạ Tẻh,Hàng Mới Ca 2,2026-07-11 - Thứ 7,34,0.9706,0.7059,0,2.58,24.0006,0,33.0004,0,9.9994,0.9996,0.0294,0.2941,34,Lâm Đồng,NTB,AM Vũ
NTB - Lâm Đồng,(LDO) Đạ Tẻh,Hàng Mới Ca 2,2026-07-12 - Chủ Nhật,35,1,0.7714,0.0286,3.19,26.999,1.001,35,1.001,7,0,0,0.2,35,Lâm Đồng,NTB,AM Vũ
NTB - Lâm Đồng,(LDO) Đạ Tẻh,Hàng Mới Ca 2,2026-06-27 - Thứ 7,35,0.9143,0.8,0,2.61,28,0,32.0005,0,7,2.9995,0.0857,0.2,35,Lâm Đồng,NTB,AM Vũ
NTB - Lâm Đồng,(LDO) Đạ Tẻh,Hàng Mới Ca 2,2026-07-08 - Thứ 4,37,0.7027,0.4595,0,4.76,17.0015,0,25.9999,0,19.9985,11.0001,0.2973,0.5405,37,Lâm Đồng,NTB,AM Vũ
NTB - Lâm Đồng,(LDO) Đạ Tẻh,Hàng Tồn,2026-07-14 - Thứ 3,3,1,1,0,46.67,3,0,3,0,0,0,0,0,0,Lâm Đồng,NTB,AM Vũ
NTB - Lâm Đồng,(LDO) Đạ Tẻh,Hàng Tồn,2026-07-06 - Thứ 2,4,1,0.5,0,51,2,0,4,0,2,0,0,0.5,0,Lâm Đồng,NTB,AM Vũ
NTB - Lâm Đồng,(LDO) Đạ Tẻh,Hàng Tồn,2026-07-15 - Thứ 4,5,1,0.8,0,24.75,4,0,5,0,1,0,0,0.2,0,Lâm Đồng,NTB,AM Vũ
NTB - Lâm Đồng,(LDO) Đạ Tẻh,Hàng Tồn,2026-07-01 - Thứ 4,6,1,0.6667,0,57,4.0002,0,6,0,1.9998,0,0,0.3333,0,Lâm Đồng,NTB,AM Vũ
NTB - Lâm Đồng,(LDO) Đạ Tẻh,Hàng Tồn,2026-06-25 - Thứ 5,7,1,1,0,46,7,0,7,0,0,0,0,0,0,Lâm Đồng,NTB,AM Vũ
NTB - Lâm Đồng,(LDO) Đạ Tẻh,Hàng Tồn,2026-06-22 - Thứ 2,7,1,0.4286,0,74,3.0002,0,7,0,3.9998,0,0,0.5714,0,Lâm Đồng,NTB,AM Vũ
NTB - Lâm Đồng,(LDO) Đạ Tẻh,Hàng Tồn,2026-06-24 - Thứ 4,8,1,0.625,0,43.6,5,0,8,0,3,0,0,0.375,0,Lâm Đồng,NTB,AM Vũ
NTB - Lâm Đồng,(LDO) Đạ Tẻh,Hàng Tồn,2026-06-30 - Thứ 3,8,1,0.75,0,36,6,0,8,0,2,0,0,0.25,0,Lâm Đồng,NTB,AM Vũ
NTB - Lâm Đồng,(LDO) Đạ Tẻh,Hàng Tồn,2026-07-05 - Chủ Nhật,9,1,1,0,28,9,0,9,0,0,0,0,0,0,Lâm Đồng,NTB,AM Vũ
NTB - Lâm Đồng,(LDO) Đạ Tẻh,Hàng Tồn,2026-07-13 - Thứ 2,11,1,0.7273,0.0909,22.25,8.0003,0.9999,11,0.9999,1.9998,0,0,0.1818,0,Lâm Đồng,NTB,AM Vũ
NTB - Lâm Đồng,(LDO) Đạ Tẻh,Hàng Tồn,2026-07-11 - Thứ 7,11,1,0.7273,0,32.13,8.0003,0,11,0,2.9997,0,0,0.2727,0,Lâm Đồng,NTB,AM Vũ
NTB - Lâm Đồng,(LDO) Đạ Tẻh,Hàng Tồn,2026-07-10 - Thứ 6,12,1,0.5833,0,36.14,6.9996,0,12,0,5.0004,0,0,0.4167,0,Lâm Đồng,NTB,AM Vũ
NTB - Lâm Đồng,(LDO) Đạ Tẻh,Hàng Tồn,2026-06-20 - Thứ 7,12,0.9167,0.5833,0,32.29,6.9996,0,11.0004,0,5.0004,0.9996,0.0833,0.4167,0,Lâm Đồng,NTB,AM Vũ
NTB - Lâm Đồng,(LDO) Đạ Tẻh,Hàng Tồn,2026-07-16 - Thứ 5,12,1,0.9167,0,27.64,11.0004,0,12,0,0.9996,0,0,0.0833,0,Lâm Đồng,NTB,AM Vũ
NTB - Lâm Đồng,(LDO) Đạ Tẻh,Hàng Tồn,2026-07-04 - Thứ 7,12,1,0.8333,0,25,9.9996,0,12,0,2.0004,0,0,0.1667,0,Lâm Đồng,NTB,AM Vũ
NTB - Lâm Đồng,(LDO) Đạ Tẻh,Hàng Tồn,2026-06-26 - Thứ 6,13,1,0.6154,0,25.38,8.0002,0,13,0,4.9998,0,0,0.3846,0,Lâm Đồng,NTB,AM Vũ
NTB - Lâm Đồng,(LDO) Đạ Tẻh,Hàng Tồn,2026-07-02 - Thứ 5,13,1,0.6154,0.0769,24.75,8.0002,0.9997,13,0.9997,4.0001,0,0,0.3077,0,Lâm Đồng,NTB,AM Vũ
NTB - Lâm Đồng,(LDO) Đạ Tẻh,Hàng Tồn,2026-07-12 - Chủ Nhật,14,1,0.7143,0.0714,25.5,10.0002,0.9996,14,0.9996,3.0002,0,0,0.2143,0,Lâm Đồng,NTB,AM Vũ
NTB - Lâm Đồng,(LDO) Đạ Tẻh,Hàng Tồn,2026-06-29 - Thứ 2,14,1,0.6429,0.0714,28.89,9.0006,0.9996,14,0.9996,3.9998,0,0,0.2857,0,Lâm Đồng,NTB,AM Vũ
NTB - Lâm Đồng,(LDO) Đạ Tẻh,Hàng Tồn,2026-07-17 - Thứ 6,15,1,0.7333,0.0667,26.82,10.9995,1.0005,15,1.0005,3,0,0,0.2,0,Lâm Đồng,NTB,AM Vũ
NTB - Lâm Đồng,(LDO) Đạ Tẻh,Hàng Tồn,2026-06-28 - Chủ Nhật,15,1,0.6,0.0667,31.22,9,1.0005,15,1.0005,4.9995,0,0,0.3333,0,Lâm Đồng,NTB,AM Vũ
NTB - Lâm Đồng,(LDO) Đạ Tẻh,Hàng Tồn,2026-06-23 - Thứ 3,16,1,0.625,0.0625,27.3,10,1,16,1,5,0,0,0.3125,0,Lâm Đồng,NTB,AM Vũ
NTB - Lâm Đồng,(LDO) Đạ Tẻh,Hàng Tồn,2026-06-27 - Thứ 7,16,1,0.5,0.0625,30.88,8,1,16,1,7,0,0,0.4375,0,Lâm Đồng,NTB,AM Vũ
NTB - Lâm Đồng,(LDO) Đạ Tẻh,Hàng Tồn,2026-07-07 - Thứ 3,18,1,0.6111,0,45.27,10.9998,0,18,0,7.0002,0,0,0.3889,0,Lâm Đồng,NTB,AM Vũ
NTB - Lâm Đồng,(LDO) Đạ Tẻh,Hàng Tồn,2026-06-21 - Chủ Nhật,20,1,0.65,0.05,37.23,13,1,20,1,6,0,0,0.3,0,Lâm Đồng,NTB,AM Vũ
NTB - Lâm Đồng,(LDO) Đạ Tẻh,Hàng Tồn,2026-07-03 - Thứ 6,20,1,1,0,29.65,20,0,20,0,0,0,0,0,0,Lâm Đồng,NTB,AM Vũ
NTB - Lâm Đồng,(LDO) Đạ Tẻh,Hàng Tồn,2026-07-09 - Thứ 5,47,1,0.766,0.0426,46.81,36.002,2.0022,47,2.0022,8.9958,0,0,0.1914,0,Lâm Đồng,NTB,AM Vũ
NTB - Lâm Đồng,(LDO) Đạ Tẻh,Hàng Tồn,2026-07-08 - Thứ 4,47,1,0.5532,0,30.65,26.0004,0,47,0,20.9996,0,0,0.4468,0,Lâm Đồng,NTB,AM Vũ
NTB - Lâm Đồng,(LDO) Đạ Huoai,Hàng Mới Ca 1,2026-06-21 - Chủ Nhật,1,1,1,0,2,1,0,1,0,0,0,0,0,1,Lâm Đồng,NTB,AM Tâm
NTB - Lâm Đồng,(LDO) Đạ Huoai,Hàng Mới Ca 1,2026-07-13 - Thứ 2,1,1,1,0,5,1,0,1,0,0,0,0,0,1,Lâm Đồng,NTB,AM Tâm
NTB - Lâm Đồng,(LDO) Đạ Huoai,Hàng Mới Ca 1,2026-07-07 - Thứ 3,9,1,1,0,5.78,9,0,9,0,0,0,0,0,9,Lâm Đồng,NTB,AM Tâm
NTB - Lâm Đồng,(LDO) Đạ Huoai,Hàng Mới Ca 1,2026-07-05 - Chủ Nhật,12,1,0.8333,0,4.6,9.9996,0,12,0,2.0004,0,0,0.1667,12,Lâm Đồng,NTB,AM Tâm
NTB - Lâm Đồng,(LDO) Đạ Huoai,Hàng Mới Ca 1,2026-07-06 - Thứ 2,14,1,1,0,7.79,14,0,14,0,0,0,0,0,14,Lâm Đồng,NTB,AM Tâm
NTB - Lâm Đồng,(LDO) Đạ Huoai,Hàng Mới Ca 1,2026-06-25 - Thứ 5,18,1,0.8889,0,6.38,16.0002,0,18,0,1.9998,0,0,0.1111,18,Lâm Đồng,NTB,AM Tâm
NTB - Lâm Đồng,(LDO) Đạ Huoai,Hàng Mới Ca 1,2026-07-12 - Chủ Nhật,19,1,0.5789,0.0526,9.45,10.9991,0.9994,19,0.9994,7.0015,0,0,0.3685,19,Lâm Đồng,NTB,AM Tâm
NTB - Lâm Đồng,(LDO) Đạ Huoai,Hàng Mới Ca 1,2026-06-23 - Thứ 3,19,1,0.9474,0,7.44,18.0006,0,19,0,0.9994,0,0,0.0526,19,Lâm Đồng,NTB,AM Tâm
NTB - Lâm Đồng,(LDO) Đạ Huoai,Hàng Mới Ca 1,2026-06-26 - Thứ 6,20,1,0.85,0,7.24,17,0,20,0,3,0,0,0.15,20,Lâm Đồng,NTB,AM Tâm
NTB - Lâm Đồng,(LDO) Đạ Huoai,Hàng Mới Ca 1,2026-06-30 - Thứ 3,20,1,0.95,0,6.11,19,0,20,0,1,0,0,0.05,20,Lâm Đồng,NTB,AM Tâm
NTB - Lâm Đồng,(LDO) Đạ Huoai,Hàng Mới Ca 1,2026-07-04 - Thứ 7,20,1,0.9,0,5.44,18,0,20,0,2,0,0,0.1,20,Lâm Đồng,NTB,AM Tâm
NTB - Lâm Đồng,(LDO) Đạ Huoai,Hàng Mới Ca 1,2026-06-29 - Thứ 2,20,1,0.9,0,10.06,18,0,20,0,2,0,0,0.1,20,Lâm Đồng,NTB,AM Tâm
NTB - Lâm Đồng,(LDO) Đạ Huoai,Hàng Mới Ca 1,2026-07-17 - Thứ 6,22,1,0.8636,0.0455,7.83,18.9992,1.001,22,1.001,1.9998,0,0,0.0909,22,Lâm Đồng,NTB,AM Tâm
NTB - Lâm Đồng,(LDO) Đạ Huoai,Hàng Mới Ca 1,2026-07-15 - Thứ 4,22,1,0.8636,0.0909,6.84,18.9992,1.9998,22,1.9998,1.001,0,0,0.0455,22,Lâm Đồng,NTB,AM Tâm
NTB - Lâm Đồng,(LDO) Đạ Huoai,Hàng Mới Ca 1,2026-06-20 - Thứ 7,22,1,0.9091,0,7.85,20.0002,0,22,0,1.9998,0,0,0.0909,22,Lâm Đồng,NTB,AM Tâm
NTB - Lâm Đồng,(LDO) Đạ Huoai,Hàng Mới Ca 1,2026-07-01 - Thứ 4,23,1,0.913,0.0435,5.86,20.999,1.0005,23,1.0005,1.0005,0,0,0.0435,23,Lâm Đồng,NTB,AM Tâm
NTB - Lâm Đồng,(LDO) Đạ Huoai,Hàng Mới Ca 1,2026-07-14 - Thứ 3,23,1,0.913,0,6.76,20.999,0,23,0,2.001,0,0,0.087,23,Lâm Đồng,NTB,AM Tâm
NTB - Lâm Đồng,(LDO) Đạ Huoai,Hàng Mới Ca 1,2026-07-02 - Thứ 5,26,1,0.8077,0.0385,6.29,21.0002,1.001,26,1.001,3.9988,0,0,0.1538,26,Lâm Đồng,NTB,AM Tâm
NTB - Lâm Đồng,(LDO) Đạ Huoai,Hàng Mới Ca 1,2026-07-11 - Thứ 7,27,1,0.9259,0,6.52,24.9993,0,27,0,2.0007,0,0,0.0741,27,Lâm Đồng,NTB,AM Tâm
NTB - Lâm Đồng,(LDO) Đạ Huoai,Hàng Mới Ca 1,2026-06-24 - Thứ 4,29,1,0.8966,0.0345,6.35,26.0014,1.0005,29,1.0005,1.9981,0,0,0.0689,29,Lâm Đồng,NTB,AM Tâm
NTB - Lâm Đồng,(LDO) Đạ Huoai,Hàng Mới Ca 1,2026-06-22 - Thứ 2,29,1,0.8276,0.0345,5.58,24.0004,1.0005,29,1.0005,3.9991,0,0,0.1379,29,Lâm Đồng,NTB,AM Tâm
NTB - Lâm Đồng,(LDO) Đạ Huoai,Hàng Mới Ca 1,2026-07-09 - Thứ 5,30,1,0.9,0.0333,5.7,27,0.999,30,0.999,2.001,0,0,0.0667,30,Lâm Đồng,NTB,AM Tâm
NTB - Lâm Đồng,(LDO) Đạ Huoai,Hàng Mới Ca 1,2026-07-03 - Thứ 6,31,1,0.8387,0,6.73,25.9997,0,31,0,5.0003,0,0,0.1613,31,Lâm Đồng,NTB,AM Tâm
NTB - Lâm Đồng,(LDO) Đạ Huoai,Hàng Mới Ca 1,2026-07-10 - Thứ 6,31,1,0.8065,0,7.42,25.0015,0,31,0,5.9985,0,0,0.1935,31,Lâm Đồng,NTB,AM Tâm
NTB - Lâm Đồng,(LDO) Đạ Huoai,Hàng Mới Ca 1,2026-06-28 - Chủ Nhật,34,1,0.7647,0.0294,9.27,25.9998,0.9996,34,0.9996,7.0006,0,0,0.2059,34,Lâm Đồng,NTB,AM Tâm
NTB - Lâm Đồng,(LDO) Đạ Huoai,Hàng Mới Ca 1,2026-06-27 - Thứ 7,35,0.9429,0.8571,0,6.03,29.9985,0,33.0015,0,5.0015,1.9985,0.0571,0.1429,35,Lâm Đồng,NTB,AM Tâm
NTB - Lâm Đồng,(LDO) Đạ Huoai,Hàng Mới Ca 1,2026-07-08 - Thứ 4,36,1,0.8333,0.0278,5.37,29.9988,1.0008,36,1.0008,5.0004,0,0,0.1389,36,Lâm Đồng,NTB,AM Tâm
NTB - Lâm Đồng,(LDO) Đạ Huoai,Hàng Mới Ca 1,2026-07-16 - Thứ 5,42,1,0.7619,0,8.13,31.9998,0,42,0,10.0002,0,0,0.2381,42,Lâm Đồng,NTB,AM Tâm
NTB - Lâm Đồng,(LDO) Đạ Huoai,Hàng Mới Ca 2,2026-06-24 - Thứ 4,15,0.2667,0.1333,0.0667,4.5,1.9995,1.0005,4.0005,1.0005,12,10.9995,0.7333,0.8,15,Lâm Đồng,NTB,AM Tâm
NTB - Lâm Đồng,(LDO) Đạ Huoai,Hàng Mới Ca 2,2026-06-26 - Thứ 6,16,0.25,0.25,0,3.25,4,0,4,0,12,12,0.75,0.75,16,Lâm Đồng,NTB,AM Tâm
NTB - Lâm Đồng,(LDO) Đạ Huoai,Hàng Mới Ca 2,2026-07-14 - Thứ 3,16,0.125,0.125,0,3,2,0,2,0,14,14,0.875,0.875,16,Lâm Đồng,NTB,AM Tâm
NTB - Lâm Đồng,(LDO) Đạ Huoai,Hàng Mới Ca 2,2026-06-20 - Thứ 7,16,0.3125,0.3125,0,4.4,5,0,5,0,11,11,0.6875,0.6875,16,Lâm Đồng,NTB,AM Tâm
NTB - Lâm Đồng,(LDO) Đạ Huoai,Hàng Mới Ca 2,2026-06-22 - Thứ 2,18,0.3889,0.3333,0,3.67,5.9994,0,7.0002,0,12.0006,10.9998,0.6111,0.6667,18,Lâm Đồng,NTB,AM Tâm
NTB - Lâm Đồng,(LDO) Đạ Huoai,Hàng Mới Ca 2,2026-07-03 - Thứ 6,18,0.1667,0.1667,0,3,3.0006,0,3.0006,0,14.9994,14.9994,0.8333,0.8333,18,Lâm Đồng,NTB,AM Tâm
NTB - Lâm Đồng,(LDO) Đạ Huoai,Hàng Mới Ca 2,2026-06-23 - Thứ 3,19,0.3158,0.3158,0,3.5,6.0002,0,6.0002,0,12.9998,12.9998,0.6842,0.6842,19,Lâm Đồng,NTB,AM Tâm
NTB - Lâm Đồng,(LDO) Đạ Huoai,Hàng Mới Ca 2,2026-06-30 - Thứ 3,20,0.5,0.35,0,4.29,7,0,10,0,13,10,0.5,0.65,20,Lâm Đồng,NTB,AM Tâm
NTB - Lâm Đồng,(LDO) Đạ Huoai,Hàng Mới Ca 2,2026-06-28 - Chủ Nhật,20,0.2,0.15,0,3.67,3,0,4,0,17,16,0.8,0.85,20,Lâm Đồng,NTB,AM Tâm
NTB - Lâm Đồng,(LDO) Đạ Huoai,Hàng Mới Ca 2,2026-07-05 - Chủ Nhật,22,0.0909,0.0909,0,3,1.9998,0,1.9998,0,20.0002,20.0002,0.9091,0.9091,22,Lâm Đồng,NTB,AM Tâm
NTB - Lâm Đồng,(LDO) Đạ Huoai,Hàng Mới Ca 2,2026-07-10 - Thứ 6,23,0.087,0.087,0,6,2.001,0,2.001,0,20.999,20.999,0.913,0.913,23,Lâm Đồng,NTB,AM Tâm
NTB - Lâm Đồng,(LDO) Đạ Huoai,Hàng Mới Ca 2,2026-07-08 - Thứ 4,24,0.1667,0.1667,0,4.25,4.0008,0,4.0008,0,19.9992,19.9992,0.8333,0.8333,24,Lâm Đồng,NTB,AM Tâm
NTB - Lâm Đồng,(LDO) Đạ Huoai,Hàng Mới Ca 2,2026-06-29 - Thứ 2,24,0.625,0.625,0,3.33,15,0,15,0,9,9,0.375,0.375,24,Lâm Đồng,NTB,AM Tâm
NTB - Lâm Đồng,(LDO) Đạ Huoai,Hàng Mới Ca 2,2026-07-02 - Thứ 5,24,0.0417,0.0417,0,2,1.0008,0,1.0008,0,22.9992,22.9992,0.9583,0.9583,24,Lâm Đồng,NTB,AM Tâm
NTB - Lâm Đồng,(LDO) Đạ Huoai,Hàng Mới Ca 2,2026-06-27 - Thứ 7,26,0.0769,0.0769,0,4.5,1.9994,0,1.9994,0,24.0006,24.0006,0.9231,0.9231,26,Lâm Đồng,NTB,AM Tâm
NTB - Lâm Đồng,(LDO) Đạ Huoai,Hàng Mới Ca 2,2026-06-21 - Chủ Nhật,26,0.2692,0.2692,0,5.57,6.9992,0,6.9992,0,19.0008,19.0008,0.7308,0.7308,26,Lâm Đồng,NTB,AM Tâm
NTB - Lâm Đồng,(LDO) Đạ Huoai,Hàng Mới Ca 2,2026-06-25 - Thứ 5,26,0.3077,0.1923,0.0769,3.8,4.9998,1.9994,8.0002,1.9994,19.0008,17.9998,0.6923,0.7308,26,Lâm Đồng,NTB,AM Tâm
NTB - Lâm Đồng,(LDO) Đạ Huoai,Hàng Mới Ca 2,2026-07-01 - Thứ 4,27,0.1852,0.1481,0.037,4.5,3.9987,0.999,5.0004,0.999,22.0023,21.9996,0.8148,0.8149,27,Lâm Đồng,NTB,AM Tâm
NTB - Lâm Đồng,(LDO) Đạ Huoai,Hàng Mới Ca 2,2026-07-04 - Thứ 7,27,0.4074,0.3704,0,3.4,10.0008,0,10.9998,0,16.9992,16.0002,0.5926,0.6296,27,Lâm Đồng,NTB,AM Tâm
NTB - Lâm Đồng,(LDO) Đạ Huoai,Hàng Mới Ca 2,2026-07-12 - Chủ Nhật,27,0.0741,0.037,0.037,4,0.999,0.999,2.0007,0.999,25.002,24.9993,0.9259,0.926,27,Lâm Đồng,NTB,AM Tâm
NTB - Lâm Đồng,(LDO) Đạ Huoai,Hàng Mới Ca 2,2026-07-15 - Thứ 4,29,0.1034,0.069,0.0345,5,2.001,1.0005,2.9986,1.0005,25.9985,26.0014,0.8966,0.8965,29,Lâm Đồng,NTB,AM Tâm
NTB - Lâm Đồng,(LDO) Đạ Huoai,Hàng Mới Ca 2,2026-07-11 - Thứ 7,30,0.0333,0.0333,0,3,0.999,0,0.999,0,29.001,29.001,0.9667,0.9667,30,Lâm Đồng,NTB,AM Tâm
NTB - Lâm Đồng,(LDO) Đạ Huoai,Hàng Mới Ca 2,2026-07-06 - Thứ 2,30,0.5333,0.5333,0,3.13,15.999,0,15.999,0,14.001,14.001,0.4667,0.4667,30,Lâm Đồng,NTB,AM Tâm
NTB - Lâm Đồng,(LDO) Đạ Huoai,Hàng Mới Ca 2,2026-07-16 - Thứ 5,30,0.2,0.2,0,4.83,6,0,6,0,24,24,0.8,0.8,30,Lâm Đồng,NTB,AM Tâm
NTB - Lâm Đồng,(LDO) Đạ Huoai,Hàng Mới Ca 2,2026-07-07 - Thứ 3,33,0.303,0.303,0,3.7,9.999,0,9.999,0,23.001,23.001,0.697,0.697,33,Lâm Đồng,NTB,AM Tâm
NTB - Lâm Đồng,(LDO) Đạ Huoai,Hàng Mới Ca 2,2026-07-13 - Thứ 2,33,0.4545,0.4242,0,2.14,13.9986,0,14.9985,0,19.0014,18.0015,0.5455,0.5758,33,Lâm Đồng,NTB,AM Tâm
NTB - Lâm Đồng,(LDO) Đạ Huoai,Hàng Mới Ca 2,2026-07-09 - Thứ 5,35,0.4857,0.4,0.0286,2.93,14,1.001,16.9995,1.001,19.999,18.0005,0.5143,0.5714,35,Lâm Đồng,NTB,AM Tâm
NTB - Lâm Đồng,(LDO) Đạ Huoai,Hàng Mới Ca 2,2026-07-17 - Thứ 6,45,0.3111,0.2889,0,4.77,13.0005,0,13.9995,0,31.9995,31.0005,0.6889,0.7111,45,Lâm Đồng,NTB,AM Tâm
NTB - Lâm Đồng,(LDO) Đạ Huoai,Hàng Tồn,2026-06-30 - Thứ 3,15,1,0.6,0.1333,29.78,9,1.9995,15,1.9995,4.0005,0,0,0.2667,0,Lâm Đồng,NTB,AM Tâm
NTB - Lâm Đồng,(LDO) Đạ Huoai,Hàng Tồn,2026-07-01 - Thứ 4,16,1,0.6875,0,25.91,11,0,16,0,5,0,0,0.3125,0,Lâm Đồng,NTB,AM Tâm
NTB - Lâm Đồng,(LDO) Đạ Huoai,Hàng Tồn,2026-07-15 - Thứ 4,17,1,0.8824,0,26.29,15.0008,0,17,0,1.9992,0,0,0.1176,0,Lâm Đồng,NTB,AM Tâm
NTB - Lâm Đồng,(LDO) Đạ Huoai,Hàng Tồn,2026-06-24 - Thứ 4,17,1,0.6471,0,24.82,11.0007,0,17,0,5.9993,0,0,0.3529,0,Lâm Đồng,NTB,AM Tâm
NTB - Lâm Đồng,(LDO) Đạ Huoai,Hàng Tồn,2026-06-23 - Thứ 3,17,1,0.8235,0,26.21,13.9995,0,17,0,3.0005,0,0,0.1765,0,Lâm Đồng,NTB,AM Tâm
NTB - Lâm Đồng,(LDO) Đạ Huoai,Hàng Tồn,2026-06-27 - Thứ 7,17,1,0.8235,0.0588,25.21,13.9995,0.9996,17,0.9996,2.0009,0,0,0.1177,0,Lâm Đồng,NTB,AM Tâm
NTB - Lâm Đồng,(LDO) Đạ Huoai,Hàng Tồn,2026-06-25 - Thứ 5,18,1,0.7222,0.0556,27.08,12.9996,1.0008,18,1.0008,3.9996,0,0,0.2222,0,Lâm Đồng,NTB,AM Tâm
NTB - Lâm Đồng,(LDO) Đạ Huoai,Hàng Tồn,2026-07-07 - Thứ 3,18,1,1,0,36.67,18,0,18,0,0,0,0,0,0,Lâm Đồng,NTB,AM Tâm
NTB - Lâm Đồng,(LDO) Đạ Huoai,Hàng Tồn,2026-07-14 - Thứ 3,19,1,0.9474,0,25.22,18.0006,0,19,0,0.9994,0,0,0.0526,0,Lâm Đồng,NTB,AM Tâm
NTB - Lâm Đồng,(LDO) Đạ Huoai,Hàng Tồn,2026-06-21 - Chủ Nhật,20,1,0.75,0.05,32.27,15,1,20,1,4,0,0,0.2,0,Lâm Đồng,NTB,AM Tâm
NTB - Lâm Đồng,(LDO) Đạ Huoai,Hàng Tồn,2026-07-08 - Thứ 4,23,1,0.8261,0.0435,24,19.0003,1.0005,23,1.0005,2.9992,0,0,0.1304,0,Lâm Đồng,NTB,AM Tâm
NTB - Lâm Đồng,(LDO) Đạ Huoai,Hàng Tồn,2026-06-22 - Thứ 2,23,1,0.8696,0,31.7,20.0008,0,23,0,2.9992,0,0,0.1304,0,Lâm Đồng,NTB,AM Tâm
NTB - Lâm Đồng,(LDO) Đạ Huoai,Hàng Tồn,2026-07-04 - Thứ 7,24,1,0.7083,0.0417,23.29,16.9992,1.0008,24,1.0008,6,0,0,0.25,0,Lâm Đồng,NTB,AM Tâm
NTB - Lâm Đồng,(LDO) Đạ Huoai,Hàng Tồn,2026-07-10 - Thứ 6,24,1,0.875,0,28.24,21,0,24,0,3,0,0,0.125,0,Lâm Đồng,NTB,AM Tâm
NTB - Lâm Đồng,(LDO) Đạ Huoai,Hàng Tồn,2026-06-26 - Thứ 6,24,1,0.8333,0.0417,26.8,19.9992,1.0008,24,1.0008,3,0,0,0.125,0,Lâm Đồng,NTB,AM Tâm
NTB - Lâm Đồng,(LDO) Đạ Huoai,Hàng Tồn,2026-07-06 - Thứ 2,25,0.96,0.88,0,22.86,22,0,24,0,3,1,0.04,0.12,0,Lâm Đồng,NTB,AM Tâm
NTB - Lâm Đồng,(LDO) Đạ Huoai,Hàng Tồn,2026-07-05 - Chủ Nhật,25,0.96,0.72,0.12,26.5,18,3,24,3,4,1,0.04,0.16,0,Lâm Đồng,NTB,AM Tâm
NTB - Lâm Đồng,(LDO) Đạ Huoai,Hàng Tồn,2026-07-02 - Thứ 5,27,1,0.7407,0.037,23.65,19.9989,0.999,27,0.999,6.0021,0,0,0.2223,0,Lâm Đồng,NTB,AM Tâm
NTB - Lâm Đồng,(LDO) Đạ Huoai,Hàng Tồn,2026-07-09 - Thứ 5,28,1,0.8571,0.0714,27.29,23.9988,1.9992,28,1.9992,2.002,0,0,0.0715,0,Lâm Đồng,NTB,AM Tâm
NTB - Lâm Đồng,(LDO) Đạ Huoai,Hàng Tồn,2026-07-16 - Thứ 5,29,1,0.7931,0.069,24.09,22.9999,2.001,29,2.001,3.9991,0,0,0.1379,0,Lâm Đồng,NTB,AM Tâm
NTB - Lâm Đồng,(LDO) Đạ Huoai,Hàng Tồn,2026-07-11 - Thứ 7,30,1,0.8,0,24.42,24,0,30,0,6,0,0,0.2,0,Lâm Đồng,NTB,AM Tâm
NTB - Lâm Đồng,(LDO) Đạ Huoai,Hàng Tồn,2026-06-28 - Chủ Nhật,31,1,0.7097,0,28.09,22.0007,0,31,0,8.9993,0,0,0.2903,0,Lâm Đồng,NTB,AM Tâm
NTB - Lâm Đồng,(LDO) Đạ Huoai,Hàng Tồn,2026-07-03 - Thứ 6,32,1,0.875,0,29.39,28,0,32,0,4,0,0,0.125,0,Lâm Đồng,NTB,AM Tâm
NTB - Lâm Đồng,(LDO) Đạ Huoai,Hàng Tồn,2026-06-29 - Thứ 2,32,1,0.875,0,32.57,28,0,32,0,4,0,0,0.125,0,Lâm Đồng,NTB,AM Tâm
NTB - Lâm Đồng,(LDO) Đạ Huoai,Hàng Tồn,2026-06-20 - Thứ 7,34,1,0.8235,0.0294,27.61,27.999,0.9996,34,0.9996,5.0014,0,0,0.1471,0,Lâm Đồng,NTB,AM Tâm
NTB - Lâm Đồng,(LDO) Đạ Huoai,Hàng Tồn,2026-07-12 - Chủ Nhật,36,1,0.7222,0,30.38,25.9992,0,36,0,10.0008,0,0,0.2778,0,Lâm Đồng,NTB,AM Tâm
NTB - Lâm Đồng,(LDO) Đạ Huoai,Hàng Tồn,2026-07-17 - Thứ 6,37,1,0.8108,0,26.73,29.9996,0,37,0,7.0004,0,0,0.1892,0,Lâm Đồng,NTB,AM Tâm
NTB - Lâm Đồng,(LDO) Đạ Huoai,Hàng Tồn,2026-07-13 - Thứ 2,42,1,0.9048,0,30.03,38.0016,0,42,0,3.9984,0,0,0.0952,0,Lâm Đồng,NTB,AM Tâm
NTB - Lâm Đồng,(LDO) Đơn Dương,Hàng Mới Ca 1,2026-07-03 - Thứ 6,70,0.9429,0.7,0.0286,12.57,49,2.002,66.003,2.002,18.998,3.997,0.0571,0.2714,70,Lâm Đồng,NTB,AM Đại
NTB - Lâm Đồng,(LDO) Đơn Dương,Hàng Mới Ca 1,2026-07-05 - Chủ Nhật,69,0.9275,0.8551,0.029,7.95,59.0019,2.001,63.9975,2.001,7.9971,5.0025,0.0725,0.1159,69,Lâm Đồng,NTB,AM Đại
NTB - Lâm Đồng,(LDO) Đơn Dương,Hàng Mới Ca 1,2026-06-21 - Chủ Nhật,86,0.9767,0.593,0.0349,9.62,50.998,3.0014,83.9962,3.0014,32.0006,2.0038,0.0233,0.3721,86,Lâm Đồng,NTB,AM Đại
NTB - Lâm Đồng,(LDO) Đơn Dương,Hàng Mới Ca 1,2026-06-24 - Thứ 4,67,0.9851,0.791,0,9.11,52.997,0,66.0017,0,14.003,0.9983,0.0149,0.209,67,Lâm Đồng,NTB,AM Đại
NTB - Lâm Đồng,(LDO) Đơn Dương,Hàng Mới Ca 1,2026-07-17 - Thứ 6,81,0.9753,0.716,0,15.91,57.996,0,78.9993,0,23.004,2.0007,0.0247,0.284,81,Lâm Đồng,NTB,AM Đại
NTB - Lâm Đồng,(LDO) Đơn Dương,Hàng Mới Ca 1,2026-07-09 - Thứ 5,152,0.9605,0.8289,0.0132,11.19,125.9928,2.0064,145.996,2.0064,24.0008,6.004,0.0395,0.1579,152,Lâm Đồng,NTB,AM Đại
NTB - Lâm Đồng,(LDO) Đơn Dương,Hàng Mới Ca 1,2026-07-16 - Thứ 5,64,1,0.6406,0.0469,9.54,40.9984,3.0016,64,3.0016,20,0,0,0.3125,64,Lâm Đồng,NTB,AM Đại
NTB - Lâm Đồng,(LDO) Đơn Dương,Hàng Mới Ca 1,2026-06-28 - Chủ Nhật,65,0.9231,0.7538,0,6.67,48.997,0,60.0015,0,16.003,4.9985,0.0769,0.2462,65,Lâm Đồng,NTB,AM Đại
NTB - Lâm Đồng,(LDO) Đơn Dương,Hàng Mới Ca 1,2026-07-12 - Chủ Nhật,66,0.9242,0.7879,0.0152,6.87,52.0014,1.0032,60.9972,1.0032,12.9954,5.0028,0.0758,0.1969,66,Lâm Đồng,NTB,AM Đại
NTB - Lâm Đồng,(LDO) Đơn Dương,Hàng Mới Ca 1,2026-07-02 - Thứ 5,56,0.9464,0.7679,0,11.4,43.0024,0,52.9984,0,12.9976,3.0016,0.0536,0.2321,56,Lâm Đồng,NTB,AM Đại
NTB - Lâm Đồng,(LDO) Đơn Dương,Hàng Mới Ca 1,2026-07-07 - Thứ 3,59,0.8983,0.7797,0.0169,8.52,46.0023,0.9971,52.9997,0.9971,12.0006,6.0003,0.1017,0.2034,59,Lâm Đồng,NTB,AM Đại
NTB - Lâm Đồng,(LDO) Đơn Dương,Hàng Mới Ca 1,2026-07-13 - Thứ 2,83,0.9639,0.7711,0.012,8.76,64.0013,0.996,80.0037,0.996,18.0027,2.9963,0.0361,0.2169,83,Lâm Đồng,NTB,AM Đại
NTB - Lâm Đồng,(LDO) Đơn Dương,Hàng Mới Ca 1,2026-06-23 - Thứ 3,59,0.9322,0.7288,0,12.23,42.9992,0,54.9998,0,16.0008,4.0002,0.0678,0.2712,59,Lâm Đồng,NTB,AM Đại
NTB - Lâm Đồng,(LDO) Đơn Dương,Hàng Mới Ca 1,2026-07-10 - Thứ 6,100,0.95,0.85,0.03,11.16,85,3,95,3,12,5,0.05,0.12,100,Lâm Đồng,NTB,AM Đại
NTB - Lâm Đồng,(LDO) Đơn Dương,Hàng Mới Ca 1,2026-07-08 - Thứ 4,73,0.9589,0.7123,0.0137,8.96,51.9979,1.0001,69.9997,1.0001,20.002,3.0003,0.0411,0.274,73,Lâm Đồng,NTB,AM Đại
NTB - Lâm Đồng,(LDO) Đơn Dương,Hàng Mới Ca 1,2026-06-20 - Thứ 7,73,0.9452,0.7808,0.0137,11.04,56.9984,1.0001,68.9996,1.0001,15.0015,4.0004,0.0548,0.2055,73,Lâm Đồng,NTB,AM Đại
NTB - Lâm Đồng,(LDO) Đơn Dương,Hàng Mới Ca 1,2026-07-06 - Thứ 2,59,0.9831,0.6441,0,12.79,38.0019,0,58.0029,0,20.9981,0.9971,0.0169,0.3559,59,Lâm Đồng,NTB,AM Đại
NTB - Lâm Đồng,(LDO) Đơn Dương,Hàng Mới Ca 1,2026-06-27 - Thứ 7,61,0.918,0.7377,0,9.73,44.9997,0,55.998,0,16.0003,5.002,0.082,0.2623,61,Lâm Đồng,NTB,AM Đại
NTB - Lâm Đồng,(LDO) Đơn Dương,Hàng Mới Ca 1,2026-06-29 - Thứ 2,70,0.9714,0.7714,0.0143,14.69,53.998,1.001,67.998,1.001,15.001,2.002,0.0286,0.2143,70,Lâm Đồng,NTB,AM Đại
NTB - Lâm Đồng,(LDO) Đơn Dương,Hàng Mới Ca 1,2026-06-26 - Thứ 6,83,0.9518,0.7952,0.0361,8.11,66.0016,2.9963,78.9994,2.9963,14.0021,4.0006,0.0482,0.1687,83,Lâm Đồng,NTB,AM Đại
NTB - Lâm Đồng,(LDO) Đơn Dương,Hàng Mới Ca 1,2026-07-11 - Thứ 7,117,0.9829,0.8205,0,12.69,95.9985,0,114.9993,0,21.0015,2.0007,0.0171,0.1795,117,Lâm Đồng,NTB,AM Đại
NTB - Lâm Đồng,(LDO) Đơn Dương,Hàng Mới Ca 1,2026-07-01 - Thứ 4,70,0.8429,0.7143,0,10.66,50.001,0,59.003,0,19.999,10.997,0.1571,0.2857,70,Lâm Đồng,NTB,AM Đại
NTB - Lâm Đồng,(LDO) Đơn Dương,Hàng Mới Ca 1,2026-06-25 - Thứ 5,72,0.9028,0.7083,0,11.43,50.9976,0,65.0016,0,21.0024,6.9984,0.0972,0.2917,72,Lâm Đồng,NTB,AM Đại
NTB - Lâm Đồng,(LDO) Đơn Dương,Hàng Mới Ca 1,2026-07-04 - Thứ 7,73,0.9041,0.7671,0.0137,11.79,55.9983,1.0001,65.9993,1.0001,16.0016,7.0007,0.0959,0.2192,73,Lâm Đồng,NTB,AM Đại
NTB - Lâm Đồng,(LDO) Đơn Dương,Hàng Mới Ca 1,2026-06-22 - Thứ 2,96,0.9375,0.7396,0.0208,13.49,71.0016,1.9968,90,1.9968,23.0016,6,0.0625,0.2396,96,Lâm Đồng,NTB,AM Đại
NTB - Lâm Đồng,(LDO) Đơn Dương,Hàng Mới Ca 1,2026-07-14 - Thứ 3,43,0.814,0.6977,0.0233,8.83,30.0011,1.0019,35.002,1.0019,11.997,7.998,0.186,0.279,43,Lâm Đồng,NTB,AM Đại
NTB - Lâm Đồng,(LDO) Đơn Dương,Hàng Mới Ca 1,2026-07-15 - Thứ 4,57,1,0.7719,0.0702,17.34,43.9983,4.0014,57,4.0014,9.0003,0,0,0.1579,57,Lâm Đồng,NTB,AM Đại
NTB - Lâm Đồng,(LDO) Đơn Dương,Hàng Mới Ca 1,2026-06-30 - Thứ 3,57,0.9123,0.7368,0,12.31,41.9976,0,52.0011,0,15.0024,4.9989,0.0877,0.2632,57,Lâm Đồng,NTB,AM Đại
NTB - Lâm Đồng,(LDO) Đơn Dương,Hàng Mới Ca 2,2026-07-10 - Thứ 6,72,0.4722,0.4306,0,3.74,31.0032,0,33.9984,0,40.9968,38.0016,0.5278,0.5694,72,Lâm Đồng,NTB,AM Đại
NTB - Lâm Đồng,(LDO) Đơn Dương,Hàng Mới Ca 2,2026-07-09 - Thứ 5,74,0.5541,0.4865,0.0405,4.44,36.001,2.997,41.0034,2.997,35.002,32.9966,0.4459,0.473,74,Lâm Đồng,NTB,AM Đại
NTB - Lâm Đồng,(LDO) Đơn Dương,Hàng Mới Ca 2,2026-07-06 - Thứ 2,14,0.4286,0.3571,0,5.6,4.9994,0,6.0004,0,9.0006,7.9996,0.5714,0.6429,14,Lâm Đồng,NTB,AM Đại
NTB - Lâm Đồng,(LDO) Đơn Dương,Hàng Mới Ca 2,2026-06-22 - Thứ 2,17,0.5882,0.5294,0,5.33,8.9998,0,9.9994,0,8.0002,7.0006,0.4118,0.4706,17,Lâm Đồng,NTB,AM Đại
NTB - Lâm Đồng,(LDO) Đơn Dương,Hàng Mới Ca 2,2026-06-21 - Chủ Nhật,21,0.4762,0.4762,0,4.2,10.0002,0,10.0002,0,10.9998,10.9998,0.5238,0.5238,21,Lâm Đồng,NTB,AM Đại
NTB - Lâm Đồng,(LDO) Đơn Dương,Hàng Mới Ca 2,2026-07-12 - Chủ Nhật,23,0.2609,0.1739,0,5.25,3.9997,0,6.0007,0,19.0003,16.9993,0.7391,0.8261,23,Lâm Đồng,NTB,AM Đại
NTB - Lâm Đồng,(LDO) Đơn Dương,Hàng Mới Ca 2,2026-06-29 - Thứ 2,24,0.4583,0.4167,0.0417,4,10.0008,1.0008,10.9992,1.0008,12.9984,13.0008,0.5417,0.5416,24,Lâm Đồng,NTB,AM Đại
NTB - Lâm Đồng,(LDO) Đơn Dương,Hàng Mới Ca 2,2026-06-20 - Thứ 7,27,0.6296,0.5556,0,4.6,15.0012,0,16.9992,0,11.9988,10.0008,0.3704,0.4444,27,Lâm Đồng,NTB,AM Đại
NTB - Lâm Đồng,(LDO) Đơn Dương,Hàng Mới Ca 2,2026-07-14 - Thứ 3,28,0.3929,0.3929,0,3.91,11.0012,0,11.0012,0,16.9988,16.9988,0.6071,0.6071,28,Lâm Đồng,NTB,AM Đại
NTB - Lâm Đồng,(LDO) Đơn Dương,Hàng Mới Ca 2,2026-07-01 - Thứ 4,31,0.4516,0.4194,0,4.23,13.0014,0,13.9996,0,17.9986,17.0004,0.5484,0.5806,31,Lâm Đồng,NTB,AM Đại
NTB - Lâm Đồng,(LDO) Đơn Dương,Hàng Mới Ca 2,2026-07-04 - Thứ 7,31,0.6452,0.5161,0,5.25,15.9991,0,20.0012,0,15.0009,10.9988,0.3548,0.4839,31,Lâm Đồng,NTB,AM Đại
NTB - Lâm Đồng,(LDO) Đơn Dương,Hàng Mới Ca 2,2026-07-17 - Thứ 6,35,0.4571,0.4,0,4.86,14,0,15.9985,0,21,19.0015,0.5429,0.6,35,Lâm Đồng,NTB,AM Đại
NTB - Lâm Đồng,(LDO) Đơn Dương,Hàng Mới Ca 2,2026-07-15 - Thứ 4,36,0.3333,0.1944,0,5.57,6.9984,0,11.9988,0,29.0016,24.0012,0.6667,0.8056,36,Lâm Đồng,NTB,AM Đại
NTB - Lâm Đồng,(LDO) Đơn Dương,Hàng Mới Ca 2,2026-06-27 - Thứ 7,36,0.5556,0.3333,0.0556,3.67,11.9988,2.0016,20.0016,2.0016,21.9996,15.9984,0.4444,0.6111,36,Lâm Đồng,NTB,AM Đại
NTB - Lâm Đồng,(LDO) Đơn Dương,Hàng Mới Ca 2,2026-07-05 - Chủ Nhật,38,0.6316,0.5,0,3.95,19,0,24.0008,0,19,13.9992,0.3684,0.5,38,Lâm Đồng,NTB,AM Đại
NTB - Lâm Đồng,(LDO) Đơn Dương,Hàng Mới Ca 2,2026-07-16 - Thứ 5,39,0.3846,0.2564,0,3.8,9.9996,0,14.9994,0,29.0004,24.0006,0.6154,0.7436,39,Lâm Đồng,NTB,AM Đại
NTB - Lâm Đồng,(LDO) Đơn Dương,Hàng Mới Ca 2,2026-06-23 - Thứ 3,39,0.4872,0.4872,0,3.84,19.0008,0,19.0008,0,19.9992,19.9992,0.5128,0.5128,39,Lâm Đồng,NTB,AM Đại
NTB - Lâm Đồng,(LDO) Đơn Dương,Hàng Mới Ca 2,2026-07-07 - Thứ 3,40,0.55,0.4,0.025,4,16,1,22,1,23,18,0.45,0.575,40,Lâm Đồng,NTB,AM Đại
NTB - Lâm Đồng,(LDO) Đơn Dương,Hàng Mới Ca 2,2026-07-13 - Thứ 2,44,0.4318,0.3636,0,4.13,15.9984,0,18.9992,0,28.0016,25.0008,0.5682,0.6364,44,Lâm Đồng,NTB,AM Đại
NTB - Lâm Đồng,(LDO) Đơn Dương,Hàng Mới Ca 2,2026-07-11 - Thứ 7,45,0.6444,0.6,0.0222,4.19,27,0.999,28.998,0.999,17.001,16.002,0.3556,0.3778,45,Lâm Đồng,NTB,AM Đại
NTB - Lâm Đồng,(LDO) Đơn Dương,Hàng Mới Ca 2,2026-07-03 - Thứ 6,48,0.4792,0.4583,0,4.82,21.9984,0,23.0016,0,26.0016,24.9984,0.5208,0.5417,48,Lâm Đồng,NTB,AM Đại
NTB - Lâm Đồng,(LDO) Đơn Dương,Hàng Mới Ca 2,2026-06-25 - Thứ 5,48,0.2917,0.2917,0,4.29,14.0016,0,14.0016,0,33.9984,33.9984,0.7083,0.7083,48,Lâm Đồng,NTB,AM Đại
NTB - Lâm Đồng,(LDO) Đơn Dương,Hàng Mới Ca 2,2026-07-02 - Thứ 5,48,0.3333,0.3333,0,3.13,15.9984,0,15.9984,0,32.0016,32.0016,0.6667,0.6667,48,Lâm Đồng,NTB,AM Đại
NTB - Lâm Đồng,(LDO) Đơn Dương,Hàng Mới Ca 2,2026-06-30 - Thứ 3,50,0.44,0.42,0,4.67,21,0,22,0,29,28,0.56,0.58,50,Lâm Đồng,NTB,AM Đại
NTB - Lâm Đồng,(LDO) Đơn Dương,Hàng Mới Ca 2,2026-06-28 - Chủ Nhật,53,0.566,0.4528,0,3.83,23.9984,0,29.998,0,29.0016,23.002,0.434,0.5472,53,Lâm Đồng,NTB,AM Đại
NTB - Lâm Đồng,(LDO) Đơn Dương,Hàng Mới Ca 2,2026-06-26 - Thứ 6,55,0.4909,0.4364,0,2.08,24.002,0,26.9995,0,30.998,28.0005,0.5091,0.5636,55,Lâm Đồng,NTB,AM Đại
NTB - Lâm Đồng,(LDO) Đơn Dương,Hàng Mới Ca 2,2026-06-24 - Thứ 4,57,0.6316,0.4737,0,3.96,27.0009,0,36.0012,0,29.9991,20.9988,0.3684,0.5263,57,Lâm Đồng,NTB,AM Đại
NTB - Lâm Đồng,(LDO) Đơn Dương,Hàng Tồn,2026-07-03 - Thứ 6,88,0.7955,0.5,0,50.25,44,0,70.004,0,44,17.996,0.2045,0.5,0,Lâm Đồng,NTB,AM Đại
NTB - Lâm Đồng,(LDO) Đơn Dương,Hàng Tồn,2026-07-05 - Chủ Nhật,80,0.725,0.3625,0.05,50.03,29,4,58,4,47,22,0.275,0.5875,0,Lâm Đồng,NTB,AM Đại
NTB - Lâm Đồng,(LDO) Đơn Dương,Hàng Tồn,2026-06-26 - Thứ 6,109,0.8991,0.4587,0.0183,45.48,49.9983,1.9947,98.0019,1.9947,57.007,10.9981,0.1009,0.523,0,Lâm Đồng,NTB,AM Đại
NTB - Lâm Đồng,(LDO) Đơn Dương,Hàng Tồn,2026-06-21 - Chủ Nhật,69,0.7681,0.3913,0,62.74,26.9997,0,52.9989,0,42.0003,16.0011,0.2319,0.6087,0,Lâm Đồng,NTB,AM Đại
NTB - Lâm Đồng,(LDO) Đơn Dương,Hàng Tồn,2026-06-24 - Thứ 4,60,0.7667,0.35,0.0167,34.67,21,1.002,46.002,1.002,37.998,13.998,0.2333,0.6333,0,Lâm Đồng,NTB,AM Đại
NTB - Lâm Đồng,(LDO) Đơn Dương,Hàng Tồn,2026-07-17 - Thứ 6,76,0.8289,0.4605,0.0263,47.8,34.998,1.9988,62.9964,1.9988,39.0032,13.0036,0.1711,0.5132,0,Lâm Đồng,NTB,AM Đại
NTB - Lâm Đồng,(LDO) Đơn Dương,Hàng Tồn,2026-07-01 - Thứ 4,84,0.8333,0.4881,0.0119,45.85,41.0004,0.9996,69.9972,0.9996,42,14.0028,0.1667,0.5,0,Lâm Đồng,NTB,AM Đại
NTB - Lâm Đồng,(LDO) Đơn Dương,Hàng Tồn,2026-07-14 - Thứ 3,64,0.8281,0.5469,0.0469,41,35.0016,3.0016,52.9984,3.0016,25.9968,11.0016,0.1719,0.4062,0,Lâm Đồng,NTB,AM Đại
NTB - Lâm Đồng,(LDO) Đơn Dương,Hàng Tồn,2026-07-16 - Thứ 5,63,0.9048,0.5873,0.0317,42.81,36.9999,1.9971,57.0024,1.9971,24.003,5.9976,0.0952,0.381,0,Lâm Đồng,NTB,AM Đại
NTB - Lâm Đồng,(LDO) Đơn Dương,Hàng Tồn,2026-06-28 - Chủ Nhật,79,0.8861,0.5063,0.0253,55.53,39.9977,1.9987,70.0019,1.9987,37.0036,8.9981,0.1139,0.4684,0,Lâm Đồng,NTB,AM Đại
NTB - Lâm Đồng,(LDO) Đơn Dương,Hàng Tồn,2026-07-12 - Chủ Nhật,63,0.8413,0.5079,0.0476,43.34,31.9977,2.9988,53.0019,2.9988,28.0035,9.9981,0.1587,0.4445,0,Lâm Đồng,NTB,AM Đại
NTB - Lâm Đồng,(LDO) Đơn Dương,Hàng Tồn,2026-06-25 - Thứ 5,81,0.6914,0.2469,0.1235,58.5,19.9989,10.0035,56.0034,10.0035,50.9976,24.9966,0.3086,0.6296,0,Lâm Đồng,NTB,AM Đại
NTB - Lâm Đồng,(LDO) Đơn Dương,Hàng Tồn,2026-07-02 - Thứ 5,79,0.8228,0.4177,0,49.7,32.9983,0,65.0012,0,46.0017,13.9988,0.1772,0.5823,0,Lâm Đồng,NTB,AM Đại
NTB - Lâm Đồng,(LDO) Đơn Dương,Hàng Tồn,2026-07-07 - Thứ 3,56,0.8929,0.625,0.0536,59.4,35,3.0016,50.0024,3.0016,17.9984,5.9976,0.1071,0.3214,0,Lâm Đồng,NTB,AM Đại
NTB - Lâm Đồng,(LDO) Đơn Dương,Hàng Tồn,2026-07-13 - Thứ 2,61,0.918,0.6393,0.0328,50.36,38.9973,2.0008,55.998,2.0008,20.0019,5.002,0.082,0.3279,0,Lâm Đồng,NTB,AM Đại
NTB - Lâm Đồng,(LDO) Đơn Dương,Hàng Tồn,2026-06-23 - Thứ 3,69,0.7681,0.5652,0.087,52.82,38.9988,6.003,52.9989,6.003,23.9982,16.0011,0.2319,0.3478,0,Lâm Đồng,NTB,AM Đại
NTB - Lâm Đồng,(LDO) Đơn Dương,Hàng Tồn,2026-07-04 - Thứ 7,89,0.7978,0.3933,0.0562,47.09,35.0037,5.0018,71.0042,5.0018,48.9945,17.9958,0.2022,0.5505,0,Lâm Đồng,NTB,AM Đại
NTB - Lâm Đồng,(LDO) Đơn Dương,Hàng Tồn,2026-07-10 - Thứ 6,69,0.8261,0.5797,0,39.43,39.9993,0,57.0009,0,29.0007,11.9991,0.1739,0.4203,0,Lâm Đồng,NTB,AM Đại
NTB - Lâm Đồng,(LDO) Đơn Dương,Hàng Tồn,2026-06-22 - Thứ 2,88,0.8409,0.5114,0.0341,73.84,45.0032,3.0008,73.9992,3.0008,39.996,14.0008,0.1591,0.4545,0,Lâm Đồng,NTB,AM Đại
NTB - Lâm Đồng,(LDO) Đơn Dương,Hàng Tồn,2026-06-20 - Thứ 7,82,0.7927,0.5,0.0122,43.15,41,1.0004,65.0014,1.0004,39.9996,16.9986,0.2073,0.4878,0,Lâm Đồng,NTB,AM Đại
NTB - Lâm Đồng,(LDO) Đơn Dương,Hàng Tồn,2026-06-30 - Thứ 3,62,0.9032,0.3226,0.0161,81.85,20.0012,0.9982,55.9984,0.9982,41.0006,6.0016,0.0968,0.6613,0,Lâm Đồng,NTB,AM Đại
NTB - Lâm Đồng,(LDO) Đơn Dương,Hàng Tồn,2026-07-06 - Thứ 2,72,0.9028,0.5972,0.0139,69.23,42.9984,1.0008,65.0016,1.0008,28.0008,6.9984,0.0972,0.3889,0,Lâm Đồng,NTB,AM Đại
NTB - Lâm Đồng,(LDO) Đơn Dương,Hàng Tồn,2026-06-27 - Thứ 7,98,0.8367,0.551,0.0306,50.09,53.998,2.9988,81.9966,2.9988,41.0032,16.0034,0.1633,0.4184,0,Lâm Đồng,NTB,AM Đại
NTB - Lâm Đồng,(LDO) Đơn Dương,Hàng Tồn,2026-06-29 - Thứ 2,85,0.9412,0.5647,0.0235,51.75,47.9995,1.9975,80.002,1.9975,35.003,4.998,0.0588,0.4118,0,Lâm Đồng,NTB,AM Đại
NTB - Lâm Đồng,(LDO) Đơn Dương,Hàng Tồn,2026-07-11 - Thứ 7,78,0.859,0.6795,0,37.38,53.001,0,67.002,0,24.999,10.998,0.141,0.3205,0,Lâm Đồng,NTB,AM Đại
NTB - Lâm Đồng,(LDO) Đơn Dương,Hàng Tồn,2026-07-09 - Thứ 5,38,0.8684,0.5789,0.1316,57.77,21.9982,5.0008,32.9992,5.0008,11.001,5.0008,0.1316,0.2895,0,Lâm Đồng,NTB,AM Đại
NTB - Lâm Đồng,(LDO) Đơn Dương,Hàng Tồn,2026-07-08 - Thứ 4,51,0.8824,0.6471,0,48.15,33.0021,0,45.0024,0,17.9979,5.9976,0.1176,0.3529,0,Lâm Đồng,NTB,AM Đại
NTB - Lâm Đồng,(LDO) Đơn Dương,Hàng Tồn,2026-07-15 - Thứ 4,54,0.8519,0.463,0.0185,44.2,25.002,0.999,46.0026,0.999,27.999,7.9974,0.1481,0.5185,0,Lâm Đồng,NTB,AM Đại
NTB - Lâm Đồng,(LDO) Đinh Văn Lâm Hà,Hàng Mới Ca 1,2026-07-16 - Thứ 5,70,0.9857,0.9,0.0286,9.52,63,2.002,68.999,2.002,4.998,1.001,0.0143,0.0714,70,Lâm Đồng,NTB,AM Chi
NTB - Lâm Đồng,(LDO) Đinh Văn Lâm Hà,Hàng Mới Ca 1,2026-06-28 - Chủ Nhật,52,0.9808,0.8846,0.0192,7.76,45.9992,0.9984,51.0016,0.9984,5.0024,0.9984,0.0192,0.0962,52,Lâm Đồng,NTB,AM Chi
NTB - Lâm Đồng,(LDO) Đinh Văn Lâm Hà,Hàng Mới Ca 1,2026-06-25 - Thứ 5,58,1,0.9655,0.0172,9.7,55.999,0.9976,58,0.9976,1.0034,0,0,0.0173,58,Lâm Đồng,NTB,AM Chi
NTB - Lâm Đồng,(LDO) Đinh Văn Lâm Hà,Hàng Mới Ca 1,2026-07-04 - Thứ 7,70,1,0.9571,0,16.82,66.997,0,70,0,3.003,0,0,0.0429,70,Lâm Đồng,NTB,AM Chi
NTB - Lâm Đồng,(LDO) Đinh Văn Lâm Hà,Hàng Mới Ca 1,2026-07-08 - Thứ 4,58,0.8448,0.7759,0.0172,6.02,45.0022,0.9976,48.9984,0.9976,12.0002,9.0016,0.1552,0.2069,58,Lâm Đồng,NTB,AM Chi
NTB - Lâm Đồng,(LDO) Đinh Văn Lâm Hà,Hàng Mới Ca 1,2026-06-22 - Thứ 2,74,1,0.9459,0.0135,11,69.9966,0.999,74,0.999,3.0044,0,0,0.0406,74,Lâm Đồng,NTB,AM Chi
NTB - Lâm Đồng,(LDO) Đinh Văn Lâm Hà,Hàng Mới Ca 1,2026-07-17 - Thứ 6,52,1,0.7885,0.0192,8.88,41.002,0.9984,52,0.9984,9.9996,0,0,0.1923,52,Lâm Đồng,NTB,AM Chi
NTB - Lâm Đồng,(LDO) Đinh Văn Lâm Hà,Hàng Mới Ca 1,2026-07-01 - Thứ 4,56,0.9464,0.875,0.0179,9.04,49,1.0024,52.9984,1.0024,5.9976,3.0016,0.0536,0.1071,56,Lâm Đồng,NTB,AM Chi
NTB - Lâm Đồng,(LDO) Đinh Văn Lâm Hà,Hàng Mới Ca 1,2026-06-23 - Thứ 3,26,0.9615,0.8462,0,10.18,22.0012,0,24.999,0,3.9988,1.001,0.0385,0.1538,26,Lâm Đồng,NTB,AM Chi
NTB - Lâm Đồng,(LDO) Đinh Văn Lâm Hà,Hàng Mới Ca 1,2026-06-30 - Thứ 3,30,0.9667,0.9333,0,6.54,27.999,0,29.001,0,2.001,0.999,0.0333,0.0667,30,Lâm Đồng,NTB,AM Chi
NTB - Lâm Đồng,(LDO) Đinh Văn Lâm Hà,Hàng Mới Ca 1,2026-07-10 - Thứ 6,32,0.9688,0.875,0.0313,14.46,28,1.0016,31.0016,1.0016,2.9984,0.9984,0.0312,0.0937,32,Lâm Đồng,NTB,AM Chi
NTB - Lâm Đồng,(LDO) Đinh Văn Lâm Hà,Hàng Mới Ca 1,2026-07-07 - Thứ 3,34,1,1,0,9.59,34,0,34,0,0,0,0,0,34,Lâm Đồng,NTB,AM Chi
NTB - Lâm Đồng,(LDO) Đinh Văn Lâm Hà,Hàng Mới Ca 1,2026-06-20 - Thứ 7,34,1,0.6176,0.0294,9.71,20.9984,0.9996,34,0.9996,12.002,0,0,0.353,34,Lâm Đồng,NTB,AM Chi
NTB - Lâm Đồng,(LDO) Đinh Văn Lâm Hà,Hàng Mới Ca 1,2026-07-05 - Chủ Nhật,39,1,0.7949,0.0256,11.13,31.0011,0.9984,39,0.9984,7.0005,0,0,0.1795,39,Lâm Đồng,NTB,AM Chi
NTB - Lâm Đồng,(LDO) Đinh Văn Lâm Hà,Hàng Mới Ca 1,2026-07-14 - Thứ 3,40,1,0.825,0.05,9.91,33,2,40,2,5,0,0,0.125,40,Lâm Đồng,NTB,AM Chi
NTB - Lâm Đồng,(LDO) Đinh Văn Lâm Hà,Hàng Mới Ca 1,2026-07-02 - Thứ 5,40,0.975,0.95,0,7.61,38,0,39,0,2,1,0.025,0.05,40,Lâm Đồng,NTB,AM Chi
NTB - Lâm Đồng,(LDO) Đinh Văn Lâm Hà,Hàng Mới Ca 1,2026-06-27 - Thứ 7,40,0.975,0.75,0.05,11.37,30,2,39,2,8,1,0.025,0.2,40,Lâm Đồng,NTB,AM Chi
NTB - Lâm Đồng,(LDO) Đinh Văn Lâm Hà,Hàng Mới Ca 1,2026-06-21 - Chủ Nhật,41,0.9756,0.7073,0.0244,10.45,28.9993,1.0004,39.9996,1.0004,11.0003,1.0004,0.0244,0.2683,41,Lâm Đồng,NTB,AM Chi
NTB - Lâm Đồng,(LDO) Đinh Văn Lâm Hà,Hàng Mới Ca 1,2026-06-24 - Thứ 4,41,1,0.9024,0,7.95,36.9984,0,41,0,4.0016,0,0,0.0976,41,Lâm Đồng,NTB,AM Chi
NTB - Lâm Đồng,(LDO) Đinh Văn Lâm Hà,Hàng Mới Ca 1,2026-07-06 - Thứ 2,44,1,0.9091,0,7.85,40.0004,0,44,0,3.9996,0,0,0.0909,44,Lâm Đồng,NTB,AM Chi
NTB - Lâm Đồng,(LDO) Đinh Văn Lâm Hà,Hàng Mới Ca 1,2026-07-13 - Thứ 2,45,1,0.9111,0,8.73,40.9995,0,45,0,4.0005,0,0,0.0889,45,Lâm Đồng,NTB,AM Chi
NTB - Lâm Đồng,(LDO) Đinh Văn Lâm Hà,Hàng Mới Ca 1,2026-07-03 - Thứ 6,46,0.9565,0.8696,0.0217,12.33,40.0016,0.9982,43.999,0.9982,5.0002,2.001,0.0435,0.1087,46,Lâm Đồng,NTB,AM Chi
NTB - Lâm Đồng,(LDO) Đinh Văn Lâm Hà,Hàng Mới Ca 1,2026-07-15 - Thứ 4,48,1,0.875,0.0208,7.88,42,0.9984,48,0.9984,5.0016,0,0,0.1042,48,Lâm Đồng,NTB,AM Chi
NTB - Lâm Đồng,(LDO) Đinh Văn Lâm Hà,Hàng Mới Ca 1,2026-07-12 - Chủ Nhật,50,1,0.84,0.02,8.67,42,1,50,1,7,0,0,0.14,50,Lâm Đồng,NTB,AM Chi
NTB - Lâm Đồng,(LDO) Đinh Văn Lâm Hà,Hàng Mới Ca 1,2026-06-26 - Thứ 6,53,0.9434,0.8302,0,11.52,44.0006,0,50.0002,0,8.9994,2.9998,0.0566,0.1698,53,Lâm Đồng,NTB,AM Chi
NTB - Lâm Đồng,(LDO) Đinh Văn Lâm Hà,Hàng Mới Ca 1,2026-07-09 - Thứ 5,54,0.9815,0.8519,0,7.78,46.0026,0,53.001,0,7.9974,0.999,0.0185,0.1481,54,Lâm Đồng,NTB,AM Chi
NTB - Lâm Đồng,(LDO) Đinh Văn Lâm Hà,Hàng Mới Ca 1,2026-06-29 - Thứ 2,54,0.8704,0.8148,0.0185,10.32,43.9992,0.999,47.0016,0.999,9.0018,6.9984,0.1296,0.1667,54,Lâm Đồng,NTB,AM Chi
NTB - Lâm Đồng,(LDO) Đinh Văn Lâm Hà,Hàng Mới Ca 1,2026-07-11 - Thứ 7,55,1,0.8364,0.0182,8.54,46.002,1.001,55,1.001,7.997,0,0,0.1454,55,Lâm Đồng,NTB,AM Chi
NTB - Lâm Đồng,(LDO) Đinh Văn Lâm Hà,Hàng Mới Ca 2,2026-07-10 - Thứ 6,64,0.7031,0.6719,0,3.42,43.0016,0,44.9984,0,20.9984,19.0016,0.2969,0.3281,64,Lâm Đồng,NTB,AM Chi
NTB - Lâm Đồng,(LDO) Đinh Văn Lâm Hà,Hàng Mới Ca 2,2026-06-21 - Chủ Nhật,14,0.5,0.5,0,3,7,0,7,0,7,7,0.5,0.5,14,Lâm Đồng,NTB,AM Chi
NTB - Lâm Đồng,(LDO) Đinh Văn Lâm Hà,Hàng Mới Ca 2,2026-06-29 - Thứ 2,14,0.5,0.4286,0,3,6.0004,0,7,0,7.9996,7,0.5,0.5714,14,Lâm Đồng,NTB,AM Chi
NTB - Lâm Đồng,(LDO) Đinh Văn Lâm Hà,Hàng Mới Ca 2,2026-06-22 - Thứ 2,15,0.6667,0.6,0,4.11,9,0,10.0005,0,6,4.9995,0.3333,0.4,15,Lâm Đồng,NTB,AM Chi
NTB - Lâm Đồng,(LDO) Đinh Văn Lâm Hà,Hàng Mới Ca 2,2026-07-05 - Chủ Nhật,16,0.375,0.1875,0,3,3,0,6,0,13,10,0.625,0.8125,16,Lâm Đồng,NTB,AM Chi
NTB - Lâm Đồng,(LDO) Đinh Văn Lâm Hà,Hàng Mới Ca 2,2026-06-23 - Thứ 3,16,0.6875,0.6875,0,3.36,11,0,11,0,5,5,0.3125,0.3125,16,Lâm Đồng,NTB,AM Chi
NTB - Lâm Đồng,(LDO) Đinh Văn Lâm Hà,Hàng Mới Ca 2,2026-07-12 - Chủ Nhật,19,0.3684,0.3158,0,4.33,6.0002,0,6.9996,0,12.9998,12.0004,0.6316,0.6842,19,Lâm Đồng,NTB,AM Chi
NTB - Lâm Đồng,(LDO) Đinh Văn Lâm Hà,Hàng Mới Ca 2,2026-07-13 - Thứ 2,20,0.7,0.65,0,4,13,0,14,0,7,6,0.3,0.35,20,Lâm Đồng,NTB,AM Chi
NTB - Lâm Đồng,(LDO) Đinh Văn Lâm Hà,Hàng Mới Ca 2,2026-06-20 - Thứ 7,21,0.4762,0.4762,0,3.4,10.0002,0,10.0002,0,10.9998,10.9998,0.5238,0.5238,21,Lâm Đồng,NTB,AM Chi
NTB - Lâm Đồng,(LDO) Đinh Văn Lâm Hà,Hàng Mới Ca 2,2026-06-28 - Chủ Nhật,24,0.4583,0.375,0,3,9,0,10.9992,0,15,13.0008,0.5417,0.625,24,Lâm Đồng,NTB,AM Chi
NTB - Lâm Đồng,(LDO) Đinh Văn Lâm Hà,Hàng Mới Ca 2,2026-06-30 - Thứ 3,24,0.4583,0.4583,0,2.45,10.9992,0,10.9992,0,13.0008,13.0008,0.5417,0.5417,24,Lâm Đồng,NTB,AM Chi
NTB - Lâm Đồng,(LDO) Đinh Văn Lâm Hà,Hàng Mới Ca 2,2026-07-06 - Thứ 2,24,0.75,0.75,0,6.22,18,0,18,0,6,6,0.25,0.25,24,Lâm Đồng,NTB,AM Chi
NTB - Lâm Đồng,(LDO) Đinh Văn Lâm Hà,Hàng Mới Ca 2,2026-07-03 - Thứ 6,25,0.76,0.68,0,3.41,17,0,19,0,8,6,0.24,0.32,25,Lâm Đồng,NTB,AM Chi
NTB - Lâm Đồng,(LDO) Đinh Văn Lâm Hà,Hàng Mới Ca 2,2026-06-26 - Thứ 6,25,0.48,0.48,0,3.33,12,0,12,0,13,13,0.52,0.52,25,Lâm Đồng,NTB,AM Chi
NTB - Lâm Đồng,(LDO) Đinh Văn Lâm Hà,Hàng Mới Ca 2,2026-07-17 - Thứ 6,28,0.4286,0.3571,0,3.4,9.9988,0,12.0008,0,18.0012,15.9992,0.5714,0.6429,28,Lâm Đồng,NTB,AM Chi
NTB - Lâm Đồng,(LDO) Đinh Văn Lâm Hà,Hàng Mới Ca 2,2026-07-07 - Thứ 3,28,0.6071,0.5714,0,3.75,15.9992,0,16.9988,0,12.0008,11.0012,0.3929,0.4286,28,Lâm Đồng,NTB,AM Chi
NTB - Lâm Đồng,(LDO) Đinh Văn Lâm Hà,Hàng Mới Ca 2,2026-07-11 - Thứ 7,29,0.6897,0.5862,0,2.71,16.9998,0,20.0013,0,12.0002,8.9987,0.3103,0.4138,29,Lâm Đồng,NTB,AM Chi
NTB - Lâm Đồng,(LDO) Đinh Văn Lâm Hà,Hàng Mới Ca 2,2026-06-25 - Thứ 5,32,0.7188,0.6563,0.0313,3.1,21.0016,1.0016,23.0016,1.0016,9.9968,8.9984,0.2812,0.3124,32,Lâm Đồng,NTB,AM Chi
NTB - Lâm Đồng,(LDO) Đinh Văn Lâm Hà,Hàng Mới Ca 2,2026-07-04 - Thứ 7,33,0.5152,0.4848,0,4.06,15.9984,0,17.0016,0,17.0016,15.9984,0.4848,0.5152,33,Lâm Đồng,NTB,AM Chi
NTB - Lâm Đồng,(LDO) Đinh Văn Lâm Hà,Hàng Mới Ca 2,2026-06-24 - Thứ 4,34,0.5294,0.4118,0,3.07,14.0012,0,17.9996,0,19.9988,16.0004,0.4706,0.5882,34,Lâm Đồng,NTB,AM Chi
NTB - Lâm Đồng,(LDO) Đinh Văn Lâm Hà,Hàng Mới Ca 2,2026-07-01 - Thứ 4,35,0.7143,0.6857,0,3.83,23.9995,0,25.0005,0,11.0005,9.9995,0.2857,0.3143,35,Lâm Đồng,NTB,AM Chi
NTB - Lâm Đồng,(LDO) Đinh Văn Lâm Hà,Hàng Mới Ca 2,2026-07-16 - Thứ 5,35,0.8,0.7429,0,2.65,26.0015,0,28,0,8.9985,7,0.2,0.2571,35,Lâm Đồng,NTB,AM Chi
NTB - Lâm Đồng,(LDO) Đinh Văn Lâm Hà,Hàng Mới Ca 2,2026-06-27 - Thứ 7,36,0.6667,0.6667,0,3.63,24.0012,0,24.0012,0,11.9988,11.9988,0.3333,0.3333,36,Lâm Đồng,NTB,AM Chi
NTB - Lâm Đồng,(LDO) Đinh Văn Lâm Hà,Hàng Mới Ca 2,2026-07-15 - Thứ 4,39,0.5641,0.4103,0,3.63,16.0017,0,21.9999,0,22.9983,17.0001,0.4359,0.5897,39,Lâm Đồng,NTB,AM Chi
NTB - Lâm Đồng,(LDO) Đinh Văn Lâm Hà,Hàng Mới Ca 2,2026-07-09 - Thứ 5,40,0.675,0.625,0,3.64,25,0,27,0,15,13,0.325,0.375,40,Lâm Đồng,NTB,AM Chi
NTB - Lâm Đồng,(LDO) Đinh Văn Lâm Hà,Hàng Mới Ca 2,2026-07-08 - Thứ 4,44,0.7273,0.6364,0.0227,3.93,28.0016,0.9988,32.0012,0.9988,14.9996,11.9988,0.2727,0.3409,44,Lâm Đồng,NTB,AM Chi
NTB - Lâm Đồng,(LDO) Đinh Văn Lâm Hà,Hàng Mới Ca 2,2026-07-14 - Thứ 3,46,0.6957,0.6304,0,3.41,28.9984,0,32.0022,0,17.0016,13.9978,0.3043,0.3696,46,Lâm Đồng,NTB,AM Chi
NTB - Lâm Đồng,(LDO) Đinh Văn Lâm Hà,Hàng Mới Ca 2,2026-07-02 - Thứ 5,50,0.8,0.78,0,3.92,39,0,40,0,11,10,0.2,0.22,50,Lâm Đồng,NTB,AM Chi
NTB - Lâm Đồng,(LDO) Đinh Văn Lâm Hà,Hàng Tồn,2026-06-23 - Thứ 3,13,0.8462,0.3077,0.0769,41.75,4.0001,0.9997,11.0006,0.9997,8.0002,1.9994,0.1538,0.6154,0,Lâm Đồng,NTB,AM Chi
NTB - Lâm Đồng,(LDO) Đinh Văn Lâm Hà,Hàng Tồn,2026-07-07 - Thứ 3,14,1,0.8571,0,34.75,11.9994,0,14,0,2.0006,0,0,0.1429,0,Lâm Đồng,NTB,AM Chi
NTB - Lâm Đồng,(LDO) Đinh Văn Lâm Hà,Hàng Tồn,2026-07-03 - Thứ 6,15,0.7333,0.5333,0.0667,30.5,7.9995,1.0005,10.9995,1.0005,6,4.0005,0.2667,0.4,0,Lâm Đồng,NTB,AM Chi
NTB - Lâm Đồng,(LDO) Đinh Văn Lâm Hà,Hàng Tồn,2026-07-08 - Thứ 4,15,0.8667,0.7333,0,28.36,10.9995,0,13.0005,0,4.0005,1.9995,0.1333,0.2667,0,Lâm Đồng,NTB,AM Chi
NTB - Lâm Đồng,(LDO) Đinh Văn Lâm Hà,Hàng Tồn,2026-06-24 - Thứ 4,16,0.9375,0.6875,0,43.45,11,0,15,0,5,1,0.0625,0.3125,0,Lâm Đồng,NTB,AM Chi
NTB - Lâm Đồng,(LDO) Đinh Văn Lâm Hà,Hàng Tồn,2026-07-04 - Thứ 7,19,1,0.6842,0,40.92,12.9998,0,19,0,6.0002,0,0,0.3158,0,Lâm Đồng,NTB,AM Chi
NTB - Lâm Đồng,(LDO) Đinh Văn Lâm Hà,Hàng Tồn,2026-06-26 - Thứ 6,22,1,0.6364,0,36.64,14.0008,0,22,0,7.9992,0,0,0.3636,0,Lâm Đồng,NTB,AM Chi
NTB - Lâm Đồng,(LDO) Đinh Văn Lâm Hà,Hàng Tồn,2026-06-20 - Thứ 7,22,0.9545,0.6818,0,34,14.9996,0,20.999,0,7.0004,1.001,0.0455,0.3182,0,Lâm Đồng,NTB,AM Chi
NTB - Lâm Đồng,(LDO) Đinh Văn Lâm Hà,Hàng Tồn,2026-07-14 - Thứ 3,23,1,0.8261,0,45.58,19.0003,0,23,0,3.9997,0,0,0.1739,0,Lâm Đồng,NTB,AM Chi
NTB - Lâm Đồng,(LDO) Đinh Văn Lâm Hà,Hàng Tồn,2026-07-12 - Chủ Nhật,23,0.8261,0.6087,0.0435,36.43,14.0001,1.0005,19.0003,1.0005,7.9994,3.9997,0.1739,0.3478,0,Lâm Đồng,NTB,AM Chi
NTB - Lâm Đồng,(LDO) Đinh Văn Lâm Hà,Hàng Tồn,2026-07-06 - Thứ 2,23,0.8696,0.6957,0.087,37.63,16.0011,2.001,20.0008,2.001,4.9979,2.9992,0.1304,0.2173,0,Lâm Đồng,NTB,AM Chi
NTB - Lâm Đồng,(LDO) Đinh Văn Lâm Hà,Hàng Tồn,2026-07-01 - Thứ 4,24,0.875,0.6667,0,33.4,16.0008,0,21,0,7.9992,3,0.125,0.3333,0,Lâm Đồng,NTB,AM Chi
NTB - Lâm Đồng,(LDO) Đinh Văn Lâm Hà,Hàng Tồn,2026-06-30 - Thứ 3,24,1,0.5417,0.0417,40.38,13.0008,1.0008,24,1.0008,9.9984,0,0,0.4166,0,Lâm Đồng,NTB,AM Chi
NTB - Lâm Đồng,(LDO) Đinh Văn Lâm Hà,Hàng Tồn,2026-07-05 - Chủ Nhật,25,1,0.8,0.08,31.95,20,2,25,2,3,0,0,0.12,0,Lâm Đồng,NTB,AM Chi
NTB - Lâm Đồng,(LDO) Đinh Văn Lâm Hà,Hàng Tồn,2026-07-10 - Thứ 6,25,0.96,0.76,0.04,31.95,19,1,24,1,5,1,0.04,0.2,0,Lâm Đồng,NTB,AM Chi
NTB - Lâm Đồng,(LDO) Đinh Văn Lâm Hà,Hàng Tồn,2026-07-15 - Thứ 4,26,1,0.5769,0.0769,25.27,14.9994,1.9994,26,1.9994,9.0012,0,0,0.3462,0,Lâm Đồng,NTB,AM Chi
NTB - Lâm Đồng,(LDO) Đinh Văn Lâm Hà,Hàng Tồn,2026-07-02 - Thứ 5,26,0.9615,0.8462,0.0769,44.73,22.0012,1.9994,24.999,1.9994,1.9994,1.001,0.0385,0.0769,0,Lâm Đồng,NTB,AM Chi
NTB - Lâm Đồng,(LDO) Đinh Văn Lâm Hà,Hàng Tồn,2026-06-22 - Thứ 2,26,1,0.8846,0,40.3,22.9996,0,26,0,3.0004,0,0,0.1154,0,Lâm Đồng,NTB,AM Chi
NTB - Lâm Đồng,(LDO) Đinh Văn Lâm Hà,Hàng Tồn,2026-07-17 - Thứ 6,27,1,0.8148,0.037,43.5,21.9996,0.999,27,0.999,4.0014,0,0,0.1482,0,Lâm Đồng,NTB,AM Chi
NTB - Lâm Đồng,(LDO) Đinh Văn Lâm Hà,Hàng Tồn,2026-06-25 - Thứ 5,27,1,0.5926,0,27.5,16.0002,0,27,0,10.9998,0,0,0.4074,0,Lâm Đồng,NTB,AM Chi
NTB - Lâm Đồng,(LDO) Đinh Văn Lâm Hà,Hàng Tồn,2026-07-13 - Thứ 2,27,1,0.4815,0.0741,39.69,13.0005,2.0007,27,2.0007,11.9988,0,0,0.4444,0,Lâm Đồng,NTB,AM Chi
NTB - Lâm Đồng,(LDO) Đinh Văn Lâm Hà,Hàng Tồn,2026-06-27 - Thứ 7,28,1,0.6429,0.0357,30.83,18.0012,0.9996,28,0.9996,8.9992,0,0,0.3214,0,Lâm Đồng,NTB,AM Chi
NTB - Lâm Đồng,(LDO) Đinh Văn Lâm Hà,Hàng Tồn,2026-07-11 - Thứ 7,29,1,0.8276,0.0345,30.96,24.0004,1.0005,29,1.0005,3.9991,0,0,0.1379,0,Lâm Đồng,NTB,AM Chi
NTB - Lâm Đồng,(LDO) Đinh Văn Lâm Hà,Hàng Tồn,2026-06-21 - Chủ Nhật,30,1,0.6333,0.0667,32,18.999,2.001,30,2.001,9,0,0,0.3,0,Lâm Đồng,NTB,AM Chi
NTB - Lâm Đồng,(LDO) Đinh Văn Lâm Hà,Hàng Tồn,2026-06-28 - Chủ Nhật,30,0.7333,0.5333,0.0333,36,15.999,0.999,21.999,0.999,13.002,8.001,0.2667,0.4334,0,Lâm Đồng,NTB,AM Chi
NTB - Lâm Đồng,(LDO) Đinh Văn Lâm Hà,Hàng Tồn,2026-06-29 - Thứ 2,30,0.9,0.7,0.0667,40.95,21,2.001,27,2.001,6.999,3,0.1,0.2333,0,Lâm Đồng,NTB,AM Chi
NTB - Lâm Đồng,(LDO) Đinh Văn Lâm Hà,Hàng Tồn,2026-07-09 - Thứ 5,31,1,0.8387,0.0968,28.5,25.9997,3.0008,31,3.0008,1.9995,0,0,0.0645,0,Lâm Đồng,NTB,AM Chi
NTB - Lâm Đồng,(LDO) Đinh Văn Lâm Hà,Hàng Tồn,2026-07-16 - Thứ 5,35,0.8857,0.5714,0.0286,36.9,19.999,1.001,30.9995,1.001,14,4.0005,0.1143,0.4,0,Lâm Đồng,NTB,AM Chi
NTB - Lâm Đồng,(LDO) Đam Rông 3,Hàng Mới Ca 1,2026-06-24 - Thứ 4,66,1,0.8182,0,14.98,54.0012,0,66,0,11.9988,0,0,0.1818,66,Lâm Đồng,NTB,AM Chi
NTB - Lâm Đồng,(LDO) Đam Rông 3,Hàng Mới Ca 1,2026-07-11 - Thứ 7,59,0.9492,0.7797,0,14.07,46.0023,0,56.0028,0,12.9977,2.9972,0.0508,0.2203,59,Lâm Đồng,NTB,AM Chi
NTB - Lâm Đồng,(LDO) Đam Rông 3,Hàng Mới Ca 1,2026-07-01 - Thứ 4,66,0.9697,0.7273,0,15.31,48.0018,0,64.0002,0,17.9982,1.9998,0.0303,0.2727,66,Lâm Đồng,NTB,AM Chi
NTB - Lâm Đồng,(LDO) Đam Rông 3,Hàng Mới Ca 1,2026-07-09 - Thứ 5,75,0.9467,0.76,0,15.82,57,0,71.0025,0,18,3.9975,0.0533,0.24,75,Lâm Đồng,NTB,AM Chi
NTB - Lâm Đồng,(LDO) Đam Rông 3,Hàng Mới Ca 1,2026-07-04 - Thứ 7,69,0.971,0.6232,0.029,16.93,43.0008,2.001,66.999,2.001,23.9982,2.001,0.029,0.3478,69,Lâm Đồng,NTB,AM Chi
NTB - Lâm Đồng,(LDO) Đam Rông 3,Hàng Mới Ca 1,2026-07-10 - Thứ 6,107,1,0.8037,0.0187,18,85.9959,2.0009,107,2.0009,19.0032,0,0,0.1776,107,Lâm Đồng,NTB,AM Chi
NTB - Lâm Đồng,(LDO) Đam Rông 3,Hàng Mới Ca 1,2026-06-20 - Thứ 7,52,1,0.6923,0.0385,11.57,35.9996,2.002,52,2.002,13.9984,0,0,0.2692,52,Lâm Đồng,NTB,AM Chi
NTB - Lâm Đồng,(LDO) Đam Rông 3,Hàng Mới Ca 1,2026-06-30 - Thứ 3,19,1,0.7895,0,5.6,15.0005,0,19,0,3.9995,0,0,0.2105,19,Lâm Đồng,NTB,AM Chi
NTB - Lâm Đồng,(LDO) Đam Rông 3,Hàng Mới Ca 1,2026-07-14 - Thứ 3,24,1,0.7917,0,8.79,19.0008,0,24,0,4.9992,0,0,0.2083,24,Lâm Đồng,NTB,AM Chi
NTB - Lâm Đồng,(LDO) Đam Rông 3,Hàng Mới Ca 1,2026-07-08 - Thứ 4,26,1,0.8846,0.0385,6.78,22.9996,1.001,26,1.001,1.9994,0,0,0.0769,26,Lâm Đồng,NTB,AM Chi
NTB - Lâm Đồng,(LDO) Đam Rông 3,Hàng Mới Ca 1,2026-07-06 - Thứ 2,35,1,0.6571,0.0286,5,22.9985,1.001,35,1.001,11.0005,0,0,0.3143,35,Lâm Đồng,NTB,AM Chi
NTB - Lâm Đồng,(LDO) Đam Rông 3,Hàng Mới Ca 1,2026-07-03 - Thứ 6,37,0.973,0.6757,0.027,17.48,25.0009,0.999,36.001,0.999,11.0001,0.999,0.027,0.2973,37,Lâm Đồng,NTB,AM Chi
NTB - Lâm Đồng,(LDO) Đam Rông 3,Hàng Mới Ca 1,2026-07-17 - Thứ 6,37,1,0.5946,0.027,12.45,22.0002,0.999,37,0.999,14.0008,0,0,0.3784,37,Lâm Đồng,NTB,AM Chi
NTB - Lâm Đồng,(LDO) Đam Rông 3,Hàng Mới Ca 1,2026-07-13 - Thứ 2,37,0.9189,0.6757,0,8.08,25.0009,0,33.9993,0,11.9991,3.0007,0.0811,0.3243,37,Lâm Đồng,NTB,AM Chi
NTB - Lâm Đồng,(LDO) Đam Rông 3,Hàng Mới Ca 1,2026-07-07 - Thứ 3,38,0.9737,0.7105,0.0789,13.19,26.999,2.9982,37.0006,2.9982,8.0028,0.9994,0.0263,0.2106,38,Lâm Đồng,NTB,AM Chi
NTB - Lâm Đồng,(LDO) Đam Rông 3,Hàng Mới Ca 1,2026-07-15 - Thứ 4,42,1,0.8095,0.0476,11.35,33.999,1.9992,42,1.9992,6.0018,0,0,0.1429,42,Lâm Đồng,NTB,AM Chi
NTB - Lâm Đồng,(LDO) Đam Rông 3,Hàng Mới Ca 1,2026-06-21 - Chủ Nhật,42,1,0.7381,0.0238,15.77,31.0002,0.9996,42,0.9996,10.0002,0,0,0.2381,42,Lâm Đồng,NTB,AM Chi
NTB - Lâm Đồng,(LDO) Đam Rông 3,Hàng Mới Ca 1,2026-07-02 - Thứ 5,45,1,0.7111,0.0667,9.28,31.9995,3.0015,45,3.0015,9.999,0,0,0.2222,45,Lâm Đồng,NTB,AM Chi
NTB - Lâm Đồng,(LDO) Đam Rông 3,Hàng Mới Ca 1,2026-07-05 - Chủ Nhật,46,1,0.8043,0.0652,13.35,36.9978,2.9992,46,2.9992,6.003,0,0,0.1305,46,Lâm Đồng,NTB,AM Chi
NTB - Lâm Đồng,(LDO) Đam Rông 3,Hàng Mới Ca 1,2026-06-26 - Thứ 6,46,1,0.7391,0.0435,15.12,33.9986,2.001,46,2.001,10.0004,0,0,0.2174,46,Lâm Đồng,NTB,AM Chi
NTB - Lâm Đồng,(LDO) Đam Rông 3,Hàng Mới Ca 1,2026-07-12 - Chủ Nhật,48,0.9583,0.7292,0,16.2,35.0016,0,45.9984,0,12.9984,2.0016,0.0417,0.2708,48,Lâm Đồng,NTB,AM Chi
NTB - Lâm Đồng,(LDO) Đam Rông 3,Hàng Mới Ca 1,2026-06-28 - Chủ Nhật,49,1,0.7551,0.0204,10.78,36.9999,0.9996,49,0.9996,11.0005,0,0,0.2245,49,Lâm Đồng,NTB,AM Chi
NTB - Lâm Đồng,(LDO) Đam Rông 3,Hàng Mới Ca 1,2026-07-16 - Thứ 5,50,0.98,0.68,0.02,13.29,34,1,49,1,15,1,0.02,0.3,50,Lâm Đồng,NTB,AM Chi
NTB - Lâm Đồng,(LDO) Đam Rông 3,Hàng Mới Ca 1,2026-06-23 - Thứ 3,50,0.98,0.72,0.02,12.69,36,1,49,1,13,1,0.02,0.26,50,Lâm Đồng,NTB,AM Chi
NTB - Lâm Đồng,(LDO) Đam Rông 3,Hàng Mới Ca 1,2026-06-29 - Thứ 2,53,1,0.717,0.0189,13,38.001,1.0017,53,1.0017,13.9973,0,0,0.2641,53,Lâm Đồng,NTB,AM Chi
NTB - Lâm Đồng,(LDO) Đam Rông 3,Hàng Mới Ca 1,2026-06-27 - Thứ 7,55,0.8727,0.6909,0.0182,8.16,37.9995,1.001,47.9985,1.001,15.9995,7.0015,0.1273,0.2909,55,Lâm Đồng,NTB,AM Chi
NTB - Lâm Đồng,(LDO) Đam Rông 3,Hàng Mới Ca 1,2026-06-22 - Thứ 2,55,1,0.7636,0,7.14,41.998,0,55,0,13.002,0,0,0.2364,55,Lâm Đồng,NTB,AM Chi
NTB - Lâm Đồng,(LDO) Đam Rông 3,Hàng Mới Ca 1,2026-06-25 - Thứ 5,57,0.7193,0.4035,0.0702,13.91,22.9995,4.0014,41.0001,4.0014,29.9991,15.9999,0.2807,0.5263,57,Lâm Đồng,NTB,AM Chi
NTB - Lâm Đồng,(LDO) Đam Rông 3,Hàng Mới Ca 2,2026-07-02 - Thứ 5,1,1,0,0,0,0,0,1,0,1,0,0,1,1,Lâm Đồng,NTB,AM Chi
NTB - Lâm Đồng,(LDO) Đam Rông 3,Hàng Mới Ca 2,2026-07-10 - Thứ 6,1,1,1,0,1,1,0,1,0,0,0,0,0,1,Lâm Đồng,NTB,AM Chi
NTB - Lâm Đồng,(LDO) Đam Rông 3,Hàng Mới Ca 2,2026-07-08 - Thứ 4,1,1,1,0,1,1,0,1,0,0,0,0,0,1,Lâm Đồng,NTB,AM Chi
NTB - Lâm Đồng,(LDO) Đam Rông 3,Hàng Mới Ca 2,2026-06-29 - Thứ 2,10,0.1,0.1,0,2,1,0,1,0,9,9,0.9,0.9,10,Lâm Đồng,NTB,AM Chi
NTB - Lâm Đồng,(LDO) Đam Rông 3,Hàng Mới Ca 2,2026-07-13 - Thứ 2,12,0,0,0,0,0,0,0,0,12,12,1,1,12,Lâm Đồng,NTB,AM Chi
NTB - Lâm Đồng,(LDO) Đam Rông 3,Hàng Mới Ca 2,2026-07-05 - Chủ Nhật,18,0,0,0,0,0,0,0,0,18,18,1,1,18,Lâm Đồng,NTB,AM Chi
NTB - Lâm Đồng,(LDO) Đam Rông 3,Hàng Mới Ca 2,2026-07-12 - Chủ Nhật,18,0.1667,0,0,0,0,0,3.0006,0,18,14.9994,0.8333,1,18,Lâm Đồng,NTB,AM Chi
NTB - Lâm Đồng,(LDO) Đam Rông 3,Hàng Mới Ca 2,2026-07-07 - Thứ 3,19,0.1579,0.1579,0,2.33,3.0001,0,3.0001,0,15.9999,15.9999,0.8421,0.8421,19,Lâm Đồng,NTB,AM Chi
NTB - Lâm Đồng,(LDO) Đam Rông 3,Hàng Mới Ca 2,2026-07-17 - Thứ 6,35,0.1143,0.1143,0,1.5,4.0005,0,4.0005,0,30.9995,30.9995,0.8857,0.8857,35,Lâm Đồng,NTB,AM Chi
NTB - Lâm Đồng,(LDO) Đam Rông 3,Hàng Tồn,2026-07-09 - Thứ 5,17,0.8235,0.6471,0,86.09,11.0007,0,13.9995,0,5.9993,3.0005,0.1765,0.3529,0,Lâm Đồng,NTB,AM Chi
NTB - Lâm Đồng,(LDO) Đam Rông 3,Hàng Tồn,2026-07-16 - Thứ 5,20,1,0.4,0,79.75,8,0,20,0,12,0,0,0.6,0,Lâm Đồng,NTB,AM Chi
NTB - Lâm Đồng,(LDO) Đam Rông 3,Hàng Tồn,2026-07-11 - Thứ 7,21,1,0.381,0.0952,78.13,8.001,1.9992,21,1.9992,10.9998,0,0,0.5238,0,Lâm Đồng,NTB,AM Chi
NTB - Lâm Đồng,(LDO) Đam Rông 3,Hàng Tồn,2026-07-15 - Thứ 4,22,1,0.6818,0,90.6,14.9996,0,22,0,7.0004,0,0,0.3182,0,Lâm Đồng,NTB,AM Chi
NTB - Lâm Đồng,(LDO) Đam Rông 3,Hàng Tồn,2026-07-12 - Chủ Nhật,24,0.9583,0.5,0.0417,57.75,12,1.0008,22.9992,1.0008,10.9992,1.0008,0.0417,0.4583,0,Lâm Đồng,NTB,AM Chi
NTB - Lâm Đồng,(LDO) Đam Rông 3,Hàng Tồn,2026-07-10 - Thứ 6,24,1,0.5833,0.0417,56.57,13.9992,1.0008,24,1.0008,9,0,0,0.375,0,Lâm Đồng,NTB,AM Chi
NTB - Lâm Đồng,(LDO) Đam Rông 3,Hàng Tồn,2026-07-01 - Thứ 4,26,1,0.2308,0,67.5,6.0008,0,26,0,19.9992,0,0,0.7692,0,Lâm Đồng,NTB,AM Chi
NTB - Lâm Đồng,(LDO) Đam Rông 3,Hàng Tồn,2026-07-07 - Thứ 3,26,1,0.7308,0,106.79,19.0008,0,26,0,6.9992,0,0,0.2692,0,Lâm Đồng,NTB,AM Chi
NTB - Lâm Đồng,(LDO) Đam Rông 3,Hàng Tồn,2026-06-21 - Chủ Nhật,27,1,0.2593,0,90.29,7.0011,0,27,0,19.9989,0,0,0.7407,0,Lâm Đồng,NTB,AM Chi
NTB - Lâm Đồng,(LDO) Đam Rông 3,Hàng Tồn,2026-06-29 - Thứ 2,27,0.8519,0.4444,0,84.58,11.9988,0,23.0013,0,15.0012,3.9987,0.1481,0.5556,0,Lâm Đồng,NTB,AM Chi
NTB - Lâm Đồng,(LDO) Đam Rông 3,Hàng Tồn,2026-06-23 - Thứ 3,28,1,0.3929,0.0357,98.45,11.0012,0.9996,28,0.9996,15.9992,0,0,0.5714,0,Lâm Đồng,NTB,AM Chi
NTB - Lâm Đồng,(LDO) Đam Rông 3,Hàng Tồn,2026-07-17 - Thứ 6,29,1,0.3103,0.069,57.89,8.9987,2.001,29,2.001,18.0003,0,0,0.6207,0,Lâm Đồng,NTB,AM Chi
NTB - Lâm Đồng,(LDO) Đam Rông 3,Hàng Tồn,2026-07-08 - Thứ 4,29,0.9655,0.5172,0.0345,39,14.9988,1.0005,27.9995,1.0005,13.0007,1.0005,0.0345,0.4483,0,Lâm Đồng,NTB,AM Chi
NTB - Lâm Đồng,(LDO) Đam Rông 3,Hàng Tồn,2026-06-25 - Thứ 5,30,0.8667,0.2333,0.0333,54.43,6.999,0.999,26.001,0.999,22.002,3.999,0.1333,0.7334,0,Lâm Đồng,NTB,AM Chi
NTB - Lâm Đồng,(LDO) Đam Rông 3,Hàng Tồn,2026-07-04 - Thứ 7,30,0.9667,0.2333,0.0333,101,6.999,0.999,29.001,0.999,22.002,0.999,0.0333,0.7334,0,Lâm Đồng,NTB,AM Chi
NTB - Lâm Đồng,(LDO) Đam Rông 3,Hàng Tồn,2026-06-20 - Thứ 7,31,1,0.3871,0.0323,106.5,12.0001,1.0013,31,1.0013,17.9986,0,0,0.5806,0,Lâm Đồng,NTB,AM Chi
NTB - Lâm Đồng,(LDO) Đam Rông 3,Hàng Tồn,2026-06-27 - Thứ 7,31,0.5484,0.2581,0.0323,107.75,8.0011,1.0013,17.0004,1.0013,21.9976,13.9996,0.4516,0.7096,0,Lâm Đồng,NTB,AM Chi
NTB - Lâm Đồng,(LDO) Đam Rông 3,Hàng Tồn,2026-06-24 - Thứ 4,33,0.9697,0.3939,0.0606,75.69,12.9987,1.9998,32.0001,1.9998,18.0015,0.9999,0.0303,0.5455,0,Lâm Đồng,NTB,AM Chi
NTB - Lâm Đồng,(LDO) Đam Rông 3,Hàng Tồn,2026-06-22 - Thứ 2,34,0.9706,0.3824,0.0294,100.85,13.0016,0.9996,33.0004,0.9996,19.9988,0.9996,0.0294,0.5882,0,Lâm Đồng,NTB,AM Chi
NTB - Lâm Đồng,(LDO) Đam Rông 3,Hàng Tồn,2026-06-28 - Chủ Nhật,35,1,0.4571,0.0286,93.75,15.9985,1.001,35,1.001,18.0005,0,0,0.5143,0,Lâm Đồng,NTB,AM Chi
NTB - Lâm Đồng,(LDO) Đam Rông 3,Hàng Tồn,2026-07-03 - Thứ 6,36,0.9167,0.5,0,80.78,18,0,33.0012,0,18,2.9988,0.0833,0.5,0,Lâm Đồng,NTB,AM Chi
NTB - Lâm Đồng,(LDO) Đam Rông 3,Hàng Tồn,2026-06-30 - Thứ 3,37,1,0.4595,0.027,59.82,17.0015,0.999,37,0.999,18.9995,0,0,0.5135,0,Lâm Đồng,NTB,AM Chi
NTB - Lâm Đồng,(LDO) Đam Rông 3,Hàng Tồn,2026-07-02 - Thứ 5,39,0.9487,0.2821,0.0256,71.45,11.0019,0.9984,36.9993,0.9984,26.9997,2.0007,0.0513,0.6923,0,Lâm Đồng,NTB,AM Chi
NTB - Lâm Đồng,(LDO) Đam Rông 3,Hàng Tồn,2026-07-14 - Thứ 3,40,0.875,0.5,0.025,69.3,20,1,35,1,19,5,0.125,0.475,0,Lâm Đồng,NTB,AM Chi
NTB - Lâm Đồng,(LDO) Đam Rông 3,Hàng Tồn,2026-07-13 - Thứ 2,41,0.9756,0.5854,0,40.42,24.0014,0,39.9996,0,16.9986,1.0004,0.0244,0.4146,0,Lâm Đồng,NTB,AM Chi
NTB - Lâm Đồng,(LDO) Đam Rông 3,Hàng Tồn,2026-07-06 - Thứ 2,42,1,0.6429,0.0238,66.26,27.0018,0.9996,42,0.9996,13.9986,0,0,0.3333,0,Lâm Đồng,NTB,AM Chi
NTB - Lâm Đồng,(LDO) Đam Rông 3,Hàng Tồn,2026-07-05 - Chủ Nhật,44,1,0.5227,0,52.91,22.9988,0,44,0,21.0012,0,0,0.4773,0,Lâm Đồng,NTB,AM Chi
NTB - Lâm Đồng,(LDO) Đam Rông 3,Hàng Tồn,2026-06-26 - Thứ 6,50,0.98,0.56,0.02,55.82,28,1,49,1,21,1,0.02,0.42,0,Lâm Đồng,NTB,AM Chi
NTB - Lâm Đồng,(LDO) Xuân Trường - Đà Lạt,Hàng Mới Ca 1,2026-07-11 - Thứ 7,52,0.8654,0.7885,0,12.24,41.002,0,45.0008,0,10.998,6.9992,0.1346,0.2115,52,Lâm Đồng,NTB,AM Diễm
NTB - Lâm Đồng,(LDO) Xuân Trường - Đà Lạt,Hàng Mới Ca 1,2026-07-07 - Thứ 3,16,1,0.875,0,4.14,14,0,16,0,2,0,0,0.125,16,Lâm Đồng,NTB,AM Diễm
NTB - Lâm Đồng,(LDO) Xuân Trường - Đà Lạt,Hàng Mới Ca 1,2026-07-15 - Thứ 4,26,0.9615,0.9231,0,14.75,24.0006,0,24.999,0,1.9994,1.001,0.0385,0.0769,26,Lâm Đồng,NTB,AM Diễm
NTB - Lâm Đồng,(LDO) Xuân Trường - Đà Lạt,Hàng Mới Ca 1,2026-07-06 - Thứ 2,27,1,0.7778,0.037,8.24,21.0006,0.999,27,0.999,5.0004,0,0,0.1852,27,Lâm Đồng,NTB,AM Diễm
NTB - Lâm Đồng,(LDO) Xuân Trường - Đà Lạt,Hàng Mới Ca 1,2026-06-21 - Chủ Nhật,27,1,0.8889,0,10.5,24.0003,0,27,0,2.9997,0,0,0.1111,27,Lâm Đồng,NTB,AM Diễm
NTB - Lâm Đồng,(LDO) Xuân Trường - Đà Lạt,Hàng Mới Ca 1,2026-07-14 - Thứ 3,29,0.931,0.8966,0,6.04,26.0014,0,26.999,0,2.9986,2.001,0.069,0.1034,29,Lâm Đồng,NTB,AM Diễm
NTB - Lâm Đồng,(LDO) Xuân Trường - Đà Lạt,Hàng Mới Ca 1,2026-07-17 - Thứ 6,29,1,0.9655,0,9,27.9995,0,29,0,1.0005,0,0,0.0345,29,Lâm Đồng,NTB,AM Diễm
NTB - Lâm Đồng,(LDO) Xuân Trường - Đà Lạt,Hàng Mới Ca 1,2026-07-13 - Thứ 2,30,1,0.9333,0,6.86,27.999,0,30,0,2.001,0,0,0.0667,30,Lâm Đồng,NTB,AM Diễm
NTB - Lâm Đồng,(LDO) Xuân Trường - Đà Lạt,Hàng Mới Ca 1,2026-06-23 - Thứ 3,30,0.9667,0.8,0,6.21,24,0,29.001,0,6,0.999,0.0333,0.2,30,Lâm Đồng,NTB,AM Diễm
NTB - Lâm Đồng,(LDO) Xuân Trường - Đà Lạt,Hàng Mới Ca 1,2026-07-16 - Thứ 5,31,1,0.9355,0,12.31,29.0005,0,31,0,1.9995,0,0,0.0645,31,Lâm Đồng,NTB,AM Diễm
NTB - Lâm Đồng,(LDO) Xuân Trường - Đà Lạt,Hàng Mới Ca 1,2026-07-08 - Thứ 4,31,1,1,0,10.23,31,0,31,0,0,0,0,0,31,Lâm Đồng,NTB,AM Diễm
NTB - Lâm Đồng,(LDO) Xuân Trường - Đà Lạt,Hàng Mới Ca 1,2026-06-30 - Thứ 3,31,0.8387,0.8065,0,11.52,25.0015,0,25.9997,0,5.9985,5.0003,0.1613,0.1935,31,Lâm Đồng,NTB,AM Diễm
NTB - Lâm Đồng,(LDO) Xuân Trường - Đà Lạt,Hàng Mới Ca 1,2026-07-03 - Thứ 6,32,0.8438,0.7813,0,14.72,25.0016,0,27.0016,0,6.9984,4.9984,0.1562,0.2187,32,Lâm Đồng,NTB,AM Diễm
NTB - Lâm Đồng,(LDO) Xuân Trường - Đà Lạt,Hàng Mới Ca 1,2026-06-20 - Thứ 7,34,0.8824,0.6765,0.0294,12.04,23.001,0.9996,30.0016,0.9996,9.9994,3.9984,0.1176,0.2941,34,Lâm Đồng,NTB,AM Diễm
NTB - Lâm Đồng,(LDO) Xuân Trường - Đà Lạt,Hàng Mới Ca 1,2026-07-04 - Thứ 7,34,0.9706,0.8824,0.0294,12.33,30.0016,0.9996,33.0004,0.9996,2.9988,0.9996,0.0294,0.0882,34,Lâm Đồng,NTB,AM Diễm
NTB - Lâm Đồng,(LDO) Xuân Trường - Đà Lạt,Hàng Mới Ca 1,2026-06-29 - Thứ 2,35,1,0.9143,0,9.75,32.0005,0,35,0,2.9995,0,0,0.0857,35,Lâm Đồng,NTB,AM Diễm
NTB - Lâm Đồng,(LDO) Xuân Trường - Đà Lạt,Hàng Mới Ca 1,2026-06-25 - Thứ 5,36,1,0.8889,0.0278,11.97,32.0004,1.0008,36,1.0008,2.9988,0,0,0.0833,36,Lâm Đồng,NTB,AM Diễm
NTB - Lâm Đồng,(LDO) Xuân Trường - Đà Lạt,Hàng Mới Ca 1,2026-07-01 - Thứ 4,38,0.8158,0.7368,0.0263,7.25,27.9984,0.9994,31.0004,0.9994,9.0022,6.9996,0.1842,0.2369,38,Lâm Đồng,NTB,AM Diễm
NTB - Lâm Đồng,(LDO) Xuân Trường - Đà Lạt,Hàng Mới Ca 1,2026-06-22 - Thứ 2,39,1,0.8974,0.0256,7.09,34.9986,0.9984,39,0.9984,3.003,0,0,0.077,39,Lâm Đồng,NTB,AM Diễm
NTB - Lâm Đồng,(LDO) Xuân Trường - Đà Lạt,Hàng Mới Ca 1,2026-07-05 - Chủ Nhật,40,1,0.9,0,10.08,36,0,40,0,4,0,0,0.1,40,Lâm Đồng,NTB,AM Diễm
NTB - Lâm Đồng,(LDO) Xuân Trường - Đà Lạt,Hàng Mới Ca 1,2026-06-26 - Thứ 6,41,0.878,0.8293,0.0244,13.38,34.0013,1.0004,35.998,1.0004,5.9983,5.002,0.122,0.1463,41,Lâm Đồng,NTB,AM Diễm
NTB - Lâm Đồng,(LDO) Xuân Trường - Đà Lạt,Hàng Mới Ca 1,2026-07-02 - Thứ 5,42,0.8571,0.8571,0,12.5,35.9982,0,35.9982,0,6.0018,6.0018,0.1429,0.1429,42,Lâm Đồng,NTB,AM Diễm
NTB - Lâm Đồng,(LDO) Xuân Trường - Đà Lạt,Hàng Mới Ca 1,2026-07-10 - Thứ 6,42,1,0.881,0.0238,9.89,37.002,0.9996,42,0.9996,3.9984,0,0,0.0952,42,Lâm Đồng,NTB,AM Diễm
NTB - Lâm Đồng,(LDO) Xuân Trường - Đà Lạt,Hàng Mới Ca 1,2026-06-28 - Chủ Nhật,44,1,0.9318,0.0227,9.93,40.9992,0.9988,44,0.9988,2.002,0,0,0.0455,44,Lâm Đồng,NTB,AM Diễm
NTB - Lâm Đồng,(LDO) Xuân Trường - Đà Lạt,Hàng Mới Ca 1,2026-07-12 - Chủ Nhật,45,1,0.8889,0.0222,10.45,40.0005,0.999,45,0.999,4.0005,0,0,0.0889,45,Lâm Đồng,NTB,AM Diễm
NTB - Lâm Đồng,(LDO) Xuân Trường - Đà Lạt,Hàng Mới Ca 1,2026-06-24 - Thứ 4,47,1,0.8085,0,10.71,37.9995,0,47,0,9.0005,0,0,0.1915,47,Lâm Đồng,NTB,AM Diễm
NTB - Lâm Đồng,(LDO) Xuân Trường - Đà Lạt,Hàng Mới Ca 1,2026-06-27 - Thứ 7,50,1,0.94,0,11.09,47,0,50,0,3,0,0,0.06,50,Lâm Đồng,NTB,AM Diễm
NTB - Lâm Đồng,(LDO) Xuân Trường - Đà Lạt,Hàng Mới Ca 1,2026-07-09 - Thứ 5,57,1,0.9649,0,11.85,54.9993,0,57,0,2.0007,0,0,0.0351,57,Lâm Đồng,NTB,AM Diễm
NTB - Lâm Đồng,(LDO) Xuân Trường - Đà Lạt,Hàng Mới Ca 2,2026-07-13 - Thứ 2,2,0,0,0,0,0,0,0,0,2,2,1,1,2,Lâm Đồng,NTB,AM Diễm
NTB - Lâm Đồng,(LDO) Xuân Trường - Đà Lạt,Hàng Mới Ca 2,2026-06-29 - Thứ 2,3,0.6667,0.3333,0,0,0.9999,0,2.0001,0,2.0001,0.9999,0.3333,0.6667,3,Lâm Đồng,NTB,AM Diễm
NTB - Lâm Đồng,(LDO) Xuân Trường - Đà Lạt,Hàng Mới Ca 2,2026-07-03 - Thứ 6,4,0.25,0.25,0,5,1,0,1,0,3,3,0.75,0.75,4,Lâm Đồng,NTB,AM Diễm
NTB - Lâm Đồng,(LDO) Xuân Trường - Đà Lạt,Hàng Mới Ca 2,2026-06-22 - Thứ 2,4,0,0,0,0,0,0,0,0,4,4,1,1,4,Lâm Đồng,NTB,AM Diễm
NTB - Lâm Đồng,(LDO) Xuân Trường - Đà Lạt,Hàng Mới Ca 2,2026-07-05 - Chủ Nhật,8,0.125,0.125,0,1,1,0,1,0,7,7,0.875,0.875,8,Lâm Đồng,NTB,AM Diễm
NTB - Lâm Đồng,(LDO) Xuân Trường - Đà Lạt,Hàng Mới Ca 2,2026-06-21 - Chủ Nhật,8,0,0,0,0,0,0,0,0,8,8,1,1,8,Lâm Đồng,NTB,AM Diễm
NTB - Lâm Đồng,(LDO) Xuân Trường - Đà Lạt,Hàng Mới Ca 2,2026-07-17 - Thứ 6,10,0.1,0.1,0,3,1,0,1,0,9,9,0.9,0.9,10,Lâm Đồng,NTB,AM Diễm
NTB - Lâm Đồng,(LDO) Xuân Trường - Đà Lạt,Hàng Mới Ca 2,2026-07-12 - Chủ Nhật,10,0,0,0,0,0,0,0,0,10,10,1,1,10,Lâm Đồng,NTB,AM Diễm
NTB - Lâm Đồng,(LDO) Xuân Trường - Đà Lạt,Hàng Mới Ca 2,2026-07-06 - Thứ 2,10,0,0,0,0,0,0,0,0,10,10,1,1,10,Lâm Đồng,NTB,AM Diễm
NTB - Lâm Đồng,(LDO) Xuân Trường - Đà Lạt,Hàng Mới Ca 2,2026-06-25 - Thứ 5,10,0.7,0.7,0,2.86,7,0,7,0,3,3,0.3,0.3,10,Lâm Đồng,NTB,AM Diễm
NTB - Lâm Đồng,(LDO) Xuân Trường - Đà Lạt,Hàng Mới Ca 2,2026-07-11 - Thứ 7,11,0.7273,0.6364,0,2.43,7.0004,0,8.0003,0,3.9996,2.9997,0.2727,0.3636,11,Lâm Đồng,NTB,AM Diễm
NTB - Lâm Đồng,(LDO) Xuân Trường - Đà Lạt,Hàng Mới Ca 2,2026-07-02 - Thứ 5,12,0.6667,0.6667,0,2.63,8.0004,0,8.0004,0,3.9996,3.9996,0.3333,0.3333,12,Lâm Đồng,NTB,AM Diễm
NTB - Lâm Đồng,(LDO) Xuân Trường - Đà Lạt,Hàng Mới Ca 2,2026-07-10 - Thứ 6,12,0.3333,0.3333,0,1.75,3.9996,0,3.9996,0,8.0004,8.0004,0.6667,0.6667,12,Lâm Đồng,NTB,AM Diễm
NTB - Lâm Đồng,(LDO) Xuân Trường - Đà Lạt,Hàng Mới Ca 2,2026-07-04 - Thứ 7,13,0,0,0,0,0,0,0,0,13,13,1,1,13,Lâm Đồng,NTB,AM Diễm
NTB - Lâm Đồng,(LDO) Xuân Trường - Đà Lạt,Hàng Mới Ca 2,2026-06-20 - Thứ 7,13,0.3846,0.1538,0,3,1.9994,0,4.9998,0,11.0006,8.0002,0.6154,0.8462,13,Lâm Đồng,NTB,AM Diễm
NTB - Lâm Đồng,(LDO) Xuân Trường - Đà Lạt,Hàng Mới Ca 2,2026-07-01 - Thứ 4,15,0.5333,0.4,0,2.5,6,0,7.9995,0,9,7.0005,0.4667,0.6,15,Lâm Đồng,NTB,AM Diễm
NTB - Lâm Đồng,(LDO) Xuân Trường - Đà Lạt,Hàng Mới Ca 2,2026-07-14 - Thứ 3,15,0.4,0.3333,0,2.6,4.9995,0,6,0,10.0005,9,0.6,0.6667,15,Lâm Đồng,NTB,AM Diễm
NTB - Lâm Đồng,(LDO) Xuân Trường - Đà Lạt,Hàng Mới Ca 2,2026-06-27 - Thứ 7,15,0.2667,0.1333,0,1.5,1.9995,0,4.0005,0,13.0005,10.9995,0.7333,0.8667,15,Lâm Đồng,NTB,AM Diễm
NTB - Lâm Đồng,(LDO) Xuân Trường - Đà Lạt,Hàng Mới Ca 2,2026-07-09 - Thứ 5,16,0.25,0.1875,0,1,3,0,4,0,13,12,0.75,0.8125,16,Lâm Đồng,NTB,AM Diễm
NTB - Lâm Đồng,(LDO) Xuân Trường - Đà Lạt,Hàng Mới Ca 2,2026-06-26 - Thứ 6,17,0.2941,0.2941,0,2.8,4.9997,0,4.9997,0,12.0003,12.0003,0.7059,0.7059,17,Lâm Đồng,NTB,AM Diễm
NTB - Lâm Đồng,(LDO) Xuân Trường - Đà Lạt,Hàng Mới Ca 2,2026-06-23 - Thứ 3,18,0,0,0,0,0,0,0,0,18,18,1,1,18,Lâm Đồng,NTB,AM Diễm
NTB - Lâm Đồng,(LDO) Xuân Trường - Đà Lạt,Hàng Mới Ca 2,2026-07-16 - Thứ 5,18,0.4444,0.4444,0,1.38,7.9992,0,7.9992,0,10.0008,10.0008,0.5556,0.5556,18,Lâm Đồng,NTB,AM Diễm
NTB - Lâm Đồng,(LDO) Xuân Trường - Đà Lạt,Hàng Mới Ca 2,2026-07-15 - Thứ 4,19,0.3158,0.2632,0,3.2,5.0008,0,6.0002,0,13.9992,12.9998,0.6842,0.7368,19,Lâm Đồng,NTB,AM Diễm
NTB - Lâm Đồng,(LDO) Xuân Trường - Đà Lạt,Hàng Mới Ca 2,2026-06-28 - Chủ Nhật,19,0.8421,0.8421,0,2.19,15.9999,0,15.9999,0,3.0001,3.0001,0.1579,0.1579,19,Lâm Đồng,NTB,AM Diễm
NTB - Lâm Đồng,(LDO) Xuân Trường - Đà Lạt,Hàng Mới Ca 2,2026-06-30 - Thứ 3,21,0.5714,0.5238,0,1.18,10.9998,0,11.9994,0,10.0002,9.0006,0.4286,0.4762,21,Lâm Đồng,NTB,AM Diễm
NTB - Lâm Đồng,(LDO) Xuân Trường - Đà Lạt,Hàng Mới Ca 2,2026-07-07 - Thứ 3,21,0.1429,0.1429,0,1.67,3.0009,0,3.0009,0,17.9991,17.9991,0.8571,0.8571,21,Lâm Đồng,NTB,AM Diễm
NTB - Lâm Đồng,(LDO) Xuân Trường - Đà Lạt,Hàng Mới Ca 2,2026-06-24 - Thứ 4,22,0.3182,0.2727,0,2.33,5.9994,0,7.0004,0,16.0006,14.9996,0.6818,0.7273,22,Lâm Đồng,NTB,AM Diễm
NTB - Lâm Đồng,(LDO) Xuân Trường - Đà Lạt,Hàng Mới Ca 2,2026-07-08 - Thứ 4,31,0.7419,0.7097,0,2.36,22.0007,0,22.9989,0,8.9993,8.0011,0.2581,0.2903,31,Lâm Đồng,NTB,AM Diễm
NTB - Lâm Đồng,(LDO) Xuân Trường - Đà Lạt,Hàng Tồn,2026-06-30 - Thứ 3,5,1,1,0,26.4,5,0,5,0,0,0,0,0,0,Lâm Đồng,NTB,AM Diễm
NTB - Lâm Đồng,(LDO) Xuân Trường - Đà Lạt,Hàng Tồn,2026-07-14 - Thứ 3,6,1,0.1667,0.1667,20,1.0002,1.0002,6,1.0002,3.9996,0,0,0.6666,0,Lâm Đồng,NTB,AM Diễm
NTB - Lâm Đồng,(LDO) Xuân Trường - Đà Lạt,Hàng Tồn,2026-06-29 - Thứ 2,8,1,1,0,40.75,8,0,8,0,0,0,0,0,0,Lâm Đồng,NTB,AM Diễm
NTB - Lâm Đồng,(LDO) Xuân Trường - Đà Lạt,Hàng Tồn,2026-06-23 - Thứ 3,8,0.875,0.5,0,24,4,0,7,0,4,1,0.125,0.5,0,Lâm Đồng,NTB,AM Diễm
NTB - Lâm Đồng,(LDO) Xuân Trường - Đà Lạt,Hàng Tồn,2026-06-26 - Thứ 6,11,1,0.6364,0.1818,39.86,7.0004,1.9998,11,1.9998,1.9998,0,0,0.1818,0,Lâm Đồng,NTB,AM Diễm
NTB - Lâm Đồng,(LDO) Xuân Trường - Đà Lạt,Hàng Tồn,2026-07-09 - Thứ 5,11,1,0.6364,0,27,7.0004,0,11,0,3.9996,0,0,0.3636,0,Lâm Đồng,NTB,AM Diễm
NTB - Lâm Đồng,(LDO) Xuân Trường - Đà Lạt,Hàng Tồn,2026-07-03 - Thứ 6,12,0.3333,0.25,0,24.67,3,0,3.9996,0,9,8.0004,0.6667,0.75,0,Lâm Đồng,NTB,AM Diễm
NTB - Lâm Đồng,(LDO) Xuân Trường - Đà Lạt,Hàng Tồn,2026-07-11 - Thứ 7,14,0.9286,0.7857,0,34.09,10.9998,0,13.0004,0,3.0002,0.9996,0.0714,0.2143,0,Lâm Đồng,NTB,AM Diễm
NTB - Lâm Đồng,(LDO) Xuân Trường - Đà Lạt,Hàng Tồn,2026-07-17 - Thứ 6,15,1,0.8667,0,27.23,13.0005,0,15,0,1.9995,0,0,0.1333,0,Lâm Đồng,NTB,AM Diễm
NTB - Lâm Đồng,(LDO) Xuân Trường - Đà Lạt,Hàng Tồn,2026-07-06 - Thứ 2,15,1,0.8,0.0667,36.83,12,1.0005,15,1.0005,1.9995,0,0,0.1333,0,Lâm Đồng,NTB,AM Diễm
NTB - Lâm Đồng,(LDO) Xuân Trường - Đà Lạt,Hàng Tồn,2026-07-15 - Thứ 4,16,1,0.9375,0,35.07,15,0,16,0,1,0,0,0.0625,0,Lâm Đồng,NTB,AM Diễm
NTB - Lâm Đồng,(LDO) Xuân Trường - Đà Lạt,Hàng Tồn,2026-07-01 - Thứ 4,16,1,1,0,26.31,16,0,16,0,0,0,0,0,0,Lâm Đồng,NTB,AM Diễm
NTB - Lâm Đồng,(LDO) Xuân Trường - Đà Lạt,Hàng Tồn,2026-07-16 - Thứ 5,16,1,0.8125,0,27.23,13,0,16,0,3,0,0,0.1875,0,Lâm Đồng,NTB,AM Diễm
NTB - Lâm Đồng,(LDO) Xuân Trường - Đà Lạt,Hàng Tồn,2026-06-20 - Thứ 7,16,1,0.75,0,34,12,0,16,0,4,0,0,0.25,0,Lâm Đồng,NTB,AM Diễm
NTB - Lâm Đồng,(LDO) Xuân Trường - Đà Lạt,Hàng Tồn,2026-07-12 - Chủ Nhật,17,1,0.8235,0,32.43,13.9995,0,17,0,3.0005,0,0,0.1765,0,Lâm Đồng,NTB,AM Diễm
NTB - Lâm Đồng,(LDO) Xuân Trường - Đà Lạt,Hàng Tồn,2026-07-07 - Thứ 3,17,1,0.5882,0.0588,25.6,9.9994,0.9996,17,0.9996,6.001,0,0,0.353,0,Lâm Đồng,NTB,AM Diễm
NTB - Lâm Đồng,(LDO) Xuân Trường - Đà Lạt,Hàng Tồn,2026-06-28 - Chủ Nhật,18,1,0.8333,0,32.87,14.9994,0,18,0,3.0006,0,0,0.1667,0,Lâm Đồng,NTB,AM Diễm
NTB - Lâm Đồng,(LDO) Xuân Trường - Đà Lạt,Hàng Tồn,2026-07-02 - Thứ 5,18,0.9444,0.8889,0,34.25,16.0002,0,16.9992,0,1.9998,1.0008,0.0556,0.1111,0,Lâm Đồng,NTB,AM Diễm
NTB - Lâm Đồng,(LDO) Xuân Trường - Đà Lạt,Hàng Tồn,2026-07-13 - Thứ 2,18,1,0.8333,0,30.6,14.9994,0,18,0,3.0006,0,0,0.1667,0,Lâm Đồng,NTB,AM Diễm
NTB - Lâm Đồng,(LDO) Xuân Trường - Đà Lạt,Hàng Tồn,2026-06-22 - Thứ 2,18,1,0.8333,0.0556,35.87,14.9994,1.0008,18,1.0008,1.9998,0,0,0.1111,0,Lâm Đồng,NTB,AM Diễm
NTB - Lâm Đồng,(LDO) Xuân Trường - Đà Lạt,Hàng Tồn,2026-07-10 - Thứ 6,19,1,0.7368,0.2105,23.93,13.9992,3.9995,19,3.9995,1.0013,0,0,0.0527,0,Lâm Đồng,NTB,AM Diễm
NTB - Lâm Đồng,(LDO) Xuân Trường - Đà Lạt,Hàng Tồn,2026-06-27 - Thứ 7,19,1,0.8947,0.0526,27.76,16.9993,0.9994,19,0.9994,1.0013,0,0,0.0527,0,Lâm Đồng,NTB,AM Diễm
NTB - Lâm Đồng,(LDO) Xuân Trường - Đà Lạt,Hàng Tồn,2026-07-04 - Thứ 7,19,0.7368,0.4737,0,39,9.0003,0,13.9992,0,9.9997,5.0008,0.2632,0.5263,0,Lâm Đồng,NTB,AM Diễm
NTB - Lâm Đồng,(LDO) Xuân Trường - Đà Lạt,Hàng Tồn,2026-06-21 - Chủ Nhật,24,0.9583,0.6667,0.0417,28.69,16.0008,1.0008,22.9992,1.0008,6.9984,1.0008,0.0417,0.2916,0,Lâm Đồng,NTB,AM Diễm
NTB - Lâm Đồng,(LDO) Xuân Trường - Đà Lạt,Hàng Tồn,2026-07-08 - Thứ 4,25,1,0.68,0.2,25.59,17,5,25,5,3,0,0,0.12,0,Lâm Đồng,NTB,AM Diễm
NTB - Lâm Đồng,(LDO) Xuân Trường - Đà Lạt,Hàng Tồn,2026-07-05 - Chủ Nhật,26,1,0.8462,0,41.73,22.0012,0,26,0,3.9988,0,0,0.1538,0,Lâm Đồng,NTB,AM Diễm
NTB - Lâm Đồng,(LDO) Xuân Trường - Đà Lạt,Hàng Tồn,2026-06-24 - Thứ 4,28,1,0.7143,0,24.05,20.0004,0,28,0,7.9996,0,0,0.2857,0,Lâm Đồng,NTB,AM Diễm
NTB - Lâm Đồng,(LDO) Xuân Trường - Đà Lạt,Hàng Tồn,2026-06-25 - Thứ 5,32,1,0.75,0.0313,33.25,24,1.0016,32,1.0016,6.9984,0,0,0.2187,0,Lâm Đồng,NTB,AM Diễm
NTB - Lâm Đồng,(LDO) Xuân Hương - Đà Lạt,Hàng Mới Ca 1,2026-06-28 - Chủ Nhật,59,0.8136,0.7627,0,6.09,44.9993,0,48.0024,0,14.0007,10.9976,0.1864,0.2373,59,Lâm Đồng,NTB,AM Trường
NTB - Lâm Đồng,(LDO) Xuân Hương - Đà Lạt,Hàng Mới Ca 1,2026-07-10 - Thứ 6,71,0.9155,0.8028,0.0423,6.65,56.9988,3.0033,65.0005,3.0033,10.9979,5.9995,0.0845,0.1549,71,Lâm Đồng,NTB,AM Trường
NTB - Lâm Đồng,(LDO) Xuân Hương - Đà Lạt,Hàng Mới Ca 1,2026-07-09 - Thứ 5,89,1,0.9438,0.0112,6.5,83.9982,0.9968,89,0.9968,4.005,0,0,0.045,89,Lâm Đồng,NTB,AM Trường
NTB - Lâm Đồng,(LDO) Xuân Hương - Đà Lạt,Hàng Mới Ca 1,2026-06-22 - Thứ 2,62,0.9032,0.8226,0.0323,6.39,51.0012,2.0026,55.9984,2.0026,8.9962,6.0016,0.0968,0.1451,62,Lâm Đồng,NTB,AM Trường
NTB - Lâm Đồng,(LDO) Xuân Hương - Đà Lạt,Hàng Mới Ca 1,2026-07-07 - Thứ 3,20,0.85,0.8,0,2.31,16,0,17,0,4,3,0.15,0.2,20,Lâm Đồng,NTB,AM Trường
NTB - Lâm Đồng,(LDO) Xuân Hương - Đà Lạt,Hàng Mới Ca 1,2026-06-29 - Thứ 2,20,0.85,0.75,0,5.4,15,0,17,0,5,3,0.15,0.25,20,Lâm Đồng,NTB,AM Trường
NTB - Lâm Đồng,(LDO) Xuân Hương - Đà Lạt,Hàng Mới Ca 1,2026-06-23 - Thứ 3,24,0.9583,0.8333,0,7.5,19.9992,0,22.9992,0,4.0008,1.0008,0.0417,0.1667,24,Lâm Đồng,NTB,AM Trường
NTB - Lâm Đồng,(LDO) Xuân Hương - Đà Lạt,Hàng Mới Ca 1,2026-07-02 - Thứ 5,28,0.8929,0.6429,0,5.06,18.0012,0,25.0012,0,9.9988,2.9988,0.1071,0.3571,28,Lâm Đồng,NTB,AM Trường
NTB - Lâm Đồng,(LDO) Xuân Hương - Đà Lạt,Hàng Mới Ca 1,2026-07-15 - Thứ 4,29,0.6897,0.5862,0,7.71,16.9998,0,20.0013,0,12.0002,8.9987,0.3103,0.4138,29,Lâm Đồng,NTB,AM Trường
NTB - Lâm Đồng,(LDO) Xuân Hương - Đà Lạt,Hàng Mới Ca 1,2026-07-06 - Thứ 2,29,0.7931,0.6897,0.0345,6.1,20.0013,1.0005,22.9999,1.0005,7.9982,6.0001,0.2069,0.2758,29,Lâm Đồng,NTB,AM Trường
NTB - Lâm Đồng,(LDO) Xuân Hương - Đà Lạt,Hàng Mới Ca 1,2026-06-25 - Thứ 5,31,0.9032,0.8387,0,6.96,25.9997,0,27.9992,0,5.0003,3.0008,0.0968,0.1613,31,Lâm Đồng,NTB,AM Trường
NTB - Lâm Đồng,(LDO) Xuân Hương - Đà Lạt,Hàng Mới Ca 1,2026-06-30 - Thứ 3,31,0.9355,0.8387,0,5.15,25.9997,0,29.0005,0,5.0003,1.9995,0.0645,0.1613,31,Lâm Đồng,NTB,AM Trường
NTB - Lâm Đồng,(LDO) Xuân Hương - Đà Lạt,Hàng Mới Ca 1,2026-07-03 - Thứ 6,37,0.6486,0.5676,0,5.95,21.0012,0,23.9982,0,15.9988,13.0018,0.3514,0.4324,37,Lâm Đồng,NTB,AM Trường
NTB - Lâm Đồng,(LDO) Xuân Hương - Đà Lạt,Hàng Mới Ca 1,2026-07-14 - Thứ 3,38,0.7632,0.7632,0,7.21,29.0016,0,29.0016,0,8.9984,8.9984,0.2368,0.2368,38,Lâm Đồng,NTB,AM Trường
NTB - Lâm Đồng,(LDO) Xuân Hương - Đà Lạt,Hàng Mới Ca 1,2026-07-16 - Thứ 5,39,0.8718,0.7949,0.0256,5.32,31.0011,0.9984,34.0002,0.9984,7.0005,4.9998,0.1282,0.1795,39,Lâm Đồng,NTB,AM Trường
NTB - Lâm Đồng,(LDO) Xuân Hương - Đà Lạt,Hàng Mới Ca 1,2026-07-13 - Thứ 2,39,0.9231,0.8462,0,7.82,33.0018,0,36.0009,0,5.9982,2.9991,0.0769,0.1538,39,Lâm Đồng,NTB,AM Trường
NTB - Lâm Đồng,(LDO) Xuân Hương - Đà Lạt,Hàng Mới Ca 1,2026-07-08 - Thứ 4,41,0.9024,0.7805,0,6.72,32.0005,0,36.9984,0,8.9995,4.0016,0.0976,0.2195,41,Lâm Đồng,NTB,AM Trường
NTB - Lâm Đồng,(LDO) Xuân Hương - Đà Lạt,Hàng Mới Ca 1,2026-06-21 - Chủ Nhật,42,0.9524,0.7143,0,6.77,30.0006,0,40.0008,0,11.9994,1.9992,0.0476,0.2857,42,Lâm Đồng,NTB,AM Trường
NTB - Lâm Đồng,(LDO) Xuân Hương - Đà Lạt,Hàng Mới Ca 1,2026-06-24 - Thứ 4,43,0.907,0.8605,0,5.54,37.0015,0,39.001,0,5.9985,3.999,0.093,0.1395,43,Lâm Đồng,NTB,AM Trường
NTB - Lâm Đồng,(LDO) Xuân Hương - Đà Lạt,Hàng Mới Ca 1,2026-06-27 - Thứ 7,43,0.7209,0.6977,0,5.93,30.0011,0,30.9987,0,12.9989,12.0013,0.2791,0.3023,43,Lâm Đồng,NTB,AM Trường
NTB - Lâm Đồng,(LDO) Xuân Hương - Đà Lạt,Hàng Mới Ca 1,2026-07-01 - Thứ 4,46,1,0.913,0,5.5,41.998,0,46,0,4.002,0,0,0.087,46,Lâm Đồng,NTB,AM Trường
NTB - Lâm Đồng,(LDO) Xuân Hương - Đà Lạt,Hàng Mới Ca 1,2026-07-12 - Chủ Nhật,47,0.8298,0.7234,0,5.56,33.9998,0,39.0006,0,13.0002,7.9994,0.1702,0.2766,47,Lâm Đồng,NTB,AM Trường
NTB - Lâm Đồng,(LDO) Xuân Hương - Đà Lạt,Hàng Mới Ca 1,2026-06-26 - Thứ 6,48,0.7083,0.6042,0.0208,4.97,29.0016,0.9984,33.9984,0.9984,18,14.0016,0.2917,0.375,48,Lâm Đồng,NTB,AM Trường
NTB - Lâm Đồng,(LDO) Xuân Hương - Đà Lạt,Hàng Mới Ca 1,2026-06-20 - Thứ 7,48,0.875,0.75,0,5.86,36,0,42,0,12,6,0.125,0.25,48,Lâm Đồng,NTB,AM Trường
NTB - Lâm Đồng,(LDO) Xuân Hương - Đà Lạt,Hàng Mới Ca 1,2026-07-17 - Thứ 6,51,0.902,0.8039,0.0196,5.76,40.9989,0.9996,46.002,0.9996,9.0015,4.998,0.098,0.1765,51,Lâm Đồng,NTB,AM Trường
NTB - Lâm Đồng,(LDO) Xuân Hương - Đà Lạt,Hàng Mới Ca 1,2026-07-11 - Thứ 7,54,0.7593,0.7222,0,6.74,38.9988,0,41.0022,0,15.0012,12.9978,0.2407,0.2778,54,Lâm Đồng,NTB,AM Trường
NTB - Lâm Đồng,(LDO) Xuân Hương - Đà Lạt,Hàng Mới Ca 1,2026-07-04 - Thứ 7,55,0.8909,0.8,0.0182,6.52,44,1.001,48.9995,1.001,9.999,6.0005,0.1091,0.1818,55,Lâm Đồng,NTB,AM Trường
NTB - Lâm Đồng,(LDO) Xuân Hương - Đà Lạt,Hàng Mới Ca 2,2026-07-06 - Thứ 2,14,0.7143,0.7143,0,2.3,10.0002,0,10.0002,0,3.9998,3.9998,0.2857,0.2857,14,Lâm Đồng,NTB,AM Trường
NTB - Lâm Đồng,(LDO) Xuân Hương - Đà Lạt,Hàng Mới Ca 2,2026-06-29 - Thứ 2,14,0.5714,0.5,0.0714,5.71,7,0.9996,7.9996,0.9996,6.0004,6.0004,0.4286,0.4286,14,Lâm Đồng,NTB,AM Trường
NTB - Lâm Đồng,(LDO) Xuân Hương - Đà Lạt,Hàng Mới Ca 2,2026-06-21 - Chủ Nhật,16,0.625,0.5,0,4,8,0,10,0,8,6,0.375,0.5,16,Lâm Đồng,NTB,AM Trường
NTB - Lâm Đồng,(LDO) Xuân Hương - Đà Lạt,Hàng Mới Ca 2,2026-07-01 - Thứ 4,16,0.5625,0.5625,0,3.22,9,0,9,0,7,7,0.4375,0.4375,16,Lâm Đồng,NTB,AM Trường
NTB - Lâm Đồng,(LDO) Xuân Hương - Đà Lạt,Hàng Mới Ca 2,2026-07-13 - Thứ 2,20,0.7,0.55,0,3.18,11,0,14,0,9,6,0.3,0.45,20,Lâm Đồng,NTB,AM Trường
NTB - Lâm Đồng,(LDO) Xuân Hương - Đà Lạt,Hàng Mới Ca 2,2026-06-25 - Thứ 5,22,0.9091,0.9091,0,3.75,20.0002,0,20.0002,0,1.9998,1.9998,0.0909,0.0909,22,Lâm Đồng,NTB,AM Trường
NTB - Lâm Đồng,(LDO) Xuân Hương - Đà Lạt,Hàng Mới Ca 2,2026-06-22 - Thứ 2,23,0.6087,0.5652,0,3.08,12.9996,0,14.0001,0,10.0004,8.9999,0.3913,0.4348,23,Lâm Đồng,NTB,AM Trường
NTB - Lâm Đồng,(LDO) Xuân Hương - Đà Lạt,Hàng Mới Ca 2,2026-07-14 - Thứ 3,24,0.5833,0.5,0,3.83,12,0,13.9992,0,12,10.0008,0.4167,0.5,24,Lâm Đồng,NTB,AM Trường
NTB - Lâm Đồng,(LDO) Xuân Hương - Đà Lạt,Hàng Mới Ca 2,2026-07-12 - Chủ Nhật,24,0.5833,0.5833,0,1.29,13.9992,0,13.9992,0,10.0008,10.0008,0.4167,0.4167,24,Lâm Đồng,NTB,AM Trường
NTB - Lâm Đồng,(LDO) Xuân Hương - Đà Lạt,Hàng Mới Ca 2,2026-07-04 - Thứ 7,24,0.6667,0.5833,0,3.93,13.9992,0,16.0008,0,10.0008,7.9992,0.3333,0.4167,24,Lâm Đồng,NTB,AM Trường
NTB - Lâm Đồng,(LDO) Xuân Hương - Đà Lạt,Hàng Mới Ca 2,2026-07-02 - Thứ 5,24,0.375,0.375,0,4.44,9,0,9,0,15,15,0.625,0.625,24,Lâm Đồng,NTB,AM Trường
NTB - Lâm Đồng,(LDO) Xuân Hương - Đà Lạt,Hàng Mới Ca 2,2026-07-17 - Thứ 6,26,0.8846,0.7692,0.0385,4.2,19.9992,1.001,22.9996,1.001,4.9998,3.0004,0.1154,0.1923,26,Lâm Đồng,NTB,AM Trường
NTB - Lâm Đồng,(LDO) Xuân Hương - Đà Lạt,Hàng Mới Ca 2,2026-06-28 - Chủ Nhật,27,0.5926,0.5926,0,4.38,16.0002,0,16.0002,0,10.9998,10.9998,0.4074,0.4074,27,Lâm Đồng,NTB,AM Trường
NTB - Lâm Đồng,(LDO) Xuân Hương - Đà Lạt,Hàng Mới Ca 2,2026-07-16 - Thứ 5,29,1,0.8621,0,2.12,25.0009,0,29,0,3.9991,0,0,0.1379,29,Lâm Đồng,NTB,AM Trường
NTB - Lâm Đồng,(LDO) Xuân Hương - Đà Lạt,Hàng Mới Ca 2,2026-06-30 - Thứ 3,30,0.7667,0.6667,0,2.75,20.001,0,23.001,0,9.999,6.999,0.2333,0.3333,30,Lâm Đồng,NTB,AM Trường
NTB - Lâm Đồng,(LDO) Xuân Hương - Đà Lạt,Hàng Mới Ca 2,2026-07-03 - Thứ 6,31,0.4516,0.4194,0,3.23,13.0014,0,13.9996,0,17.9986,17.0004,0.5484,0.5806,31,Lâm Đồng,NTB,AM Trường
NTB - Lâm Đồng,(LDO) Xuân Hương - Đà Lạt,Hàng Mới Ca 2,2026-06-27 - Thứ 7,32,0.75,0.6563,0,3.71,21.0016,0,24,0,10.9984,8,0.25,0.3437,32,Lâm Đồng,NTB,AM Trường
NTB - Lâm Đồng,(LDO) Xuân Hương - Đà Lạt,Hàng Mới Ca 2,2026-06-23 - Thứ 3,33,0.7576,0.6061,0,3.35,20.0013,0,25.0008,0,12.9987,7.9992,0.2424,0.3939,33,Lâm Đồng,NTB,AM Trường
NTB - Lâm Đồng,(LDO) Xuân Hương - Đà Lạt,Hàng Mới Ca 2,2026-06-20 - Thứ 7,33,0.5455,0.5455,0,4.22,18.0015,0,18.0015,0,14.9985,14.9985,0.4545,0.4545,33,Lâm Đồng,NTB,AM Trường
NTB - Lâm Đồng,(LDO) Xuân Hương - Đà Lạt,Hàng Mới Ca 2,2026-07-11 - Thứ 7,34,0.6471,0.5588,0,3.63,18.9992,0,22.0014,0,15.0008,11.9986,0.3529,0.4412,34,Lâm Đồng,NTB,AM Trường
NTB - Lâm Đồng,(LDO) Xuân Hương - Đà Lạt,Hàng Mới Ca 2,2026-07-15 - Thứ 4,35,0.6571,0.6571,0,3.96,22.9985,0,22.9985,0,12.0015,12.0015,0.3429,0.3429,35,Lâm Đồng,NTB,AM Trường
NTB - Lâm Đồng,(LDO) Xuân Hương - Đà Lạt,Hàng Mới Ca 2,2026-07-05 - Chủ Nhật,39,0.641,0.5128,0.0256,4.15,19.9992,0.9984,24.999,0.9984,18.0024,14.001,0.359,0.4616,39,Lâm Đồng,NTB,AM Trường
NTB - Lâm Đồng,(LDO) Xuân Hương - Đà Lạt,Hàng Mới Ca 2,2026-06-24 - Thứ 4,42,0.6667,0.6429,0,4.52,27.0018,0,28.0014,0,14.9982,13.9986,0.3333,0.3571,42,Lâm Đồng,NTB,AM Trường
NTB - Lâm Đồng,(LDO) Xuân Hương - Đà Lạt,Hàng Mới Ca 2,2026-07-10 - Thứ 6,47,0.5532,0.5319,0,3.12,24.9993,0,26.0004,0,22.0007,20.9996,0.4468,0.4681,47,Lâm Đồng,NTB,AM Trường
NTB - Lâm Đồng,(LDO) Xuân Hương - Đà Lạt,Hàng Mới Ca 2,2026-07-08 - Thứ 4,50,0.7,0.64,0,4.13,32,0,35,0,18,15,0.3,0.36,50,Lâm Đồng,NTB,AM Trường
NTB - Lâm Đồng,(LDO) Xuân Hương - Đà Lạt,Hàng Mới Ca 2,2026-06-26 - Thứ 6,51,0.6863,0.6471,0,4.39,33.0021,0,35.0013,0,17.9979,15.9987,0.3137,0.3529,51,Lâm Đồng,NTB,AM Trường
NTB - Lâm Đồng,(LDO) Xuân Hương - Đà Lạt,Hàng Mới Ca 2,2026-07-07 - Thứ 3,51,0.7059,0.5882,0,4.03,29.9982,0,36.0009,0,21.0018,14.9991,0.2941,0.4118,51,Lâm Đồng,NTB,AM Trường
NTB - Lâm Đồng,(LDO) Xuân Hương - Đà Lạt,Hàng Mới Ca 2,2026-07-09 - Thứ 5,55,0.8727,0.8,0,4.02,44,0,47.9985,0,11,7.0015,0.1273,0.2,55,Lâm Đồng,NTB,AM Trường
NTB - Lâm Đồng,(LDO) Xuân Hương - Đà Lạt,Hàng Tồn,2026-07-17 - Thứ 6,17,0.7647,0.3529,0,49.17,5.9993,0,12.9999,0,11.0007,4.0001,0.2353,0.6471,0,Lâm Đồng,NTB,AM Trường
NTB - Lâm Đồng,(LDO) Xuân Hương - Đà Lạt,Hàng Tồn,2026-07-02 - Thứ 5,18,0.7778,0.7222,0,42.38,12.9996,0,14.0004,0,5.0004,3.9996,0.2222,0.2778,0,Lâm Đồng,NTB,AM Trường
NTB - Lâm Đồng,(LDO) Xuân Hương - Đà Lạt,Hàng Tồn,2026-07-10 - Thứ 6,19,0.7368,0.6842,0,55.92,12.9998,0,13.9992,0,6.0002,5.0008,0.2632,0.3158,0,Lâm Đồng,NTB,AM Trường
NTB - Lâm Đồng,(LDO) Xuân Hương - Đà Lạt,Hàng Tồn,2026-07-07 - Thứ 3,22,0.7273,0.5909,0,46.08,12.9998,0,16.0006,0,9.0002,5.9994,0.2727,0.4091,0,Lâm Đồng,NTB,AM Trường
NTB - Lâm Đồng,(LDO) Xuân Hương - Đà Lạt,Hàng Tồn,2026-07-14 - Thứ 3,25,0.52,0.32,0.04,35.75,8,1,13,1,16,12,0.48,0.64,0,Lâm Đồng,NTB,AM Trường
NTB - Lâm Đồng,(LDO) Xuân Hương - Đà Lạt,Hàng Tồn,2026-06-26 - Thứ 6,27,0.5926,0.3704,0.037,67.2,10.0008,0.999,16.0002,0.999,16.0002,10.9998,0.4074,0.5926,0,Lâm Đồng,NTB,AM Trường
NTB - Lâm Đồng,(LDO) Xuân Hương - Đà Lạt,Hàng Tồn,2026-06-24 - Thứ 4,28,0.6071,0.3929,0,29.91,11.0012,0,16.9988,0,16.9988,11.0012,0.3929,0.6071,0,Lâm Đồng,NTB,AM Trường
NTB - Lâm Đồng,(LDO) Xuân Hương - Đà Lạt,Hàng Tồn,2026-07-06 - Thứ 2,28,0.6429,0.5714,0,32.75,15.9992,0,18.0012,0,12.0008,9.9988,0.3571,0.4286,0,Lâm Đồng,NTB,AM Trường
NTB - Lâm Đồng,(LDO) Xuân Hương - Đà Lạt,Hàng Tồn,2026-07-01 - Thứ 4,28,0.8571,0.6786,0.0357,48.16,19.0008,0.9996,23.9988,0.9996,7.9996,4.0012,0.1429,0.2857,0,Lâm Đồng,NTB,AM Trường
NTB - Lâm Đồng,(LDO) Xuân Hương - Đà Lạt,Hàng Tồn,2026-07-03 - Thứ 6,29,0.8621,0.5172,0.0345,38,14.9988,1.0005,25.0009,1.0005,13.0007,3.9991,0.1379,0.4483,0,Lâm Đồng,NTB,AM Trường
NTB - Lâm Đồng,(LDO) Xuân Hương - Đà Lạt,Hàng Tồn,2026-07-05 - Chủ Nhật,31,0.9032,0.6129,0.0968,36.89,18.9999,3.0008,27.9992,3.0008,8.9993,3.0008,0.0968,0.2903,0,Lâm Đồng,NTB,AM Trường
NTB - Lâm Đồng,(LDO) Xuân Hương - Đà Lạt,Hàng Tồn,2026-06-20 - Thứ 7,32,0.4063,0.3125,0,38.9,10,0,13.0016,0,22,18.9984,0.5937,0.6875,0,Lâm Đồng,NTB,AM Trường
NTB - Lâm Đồng,(LDO) Xuân Hương - Đà Lạt,Hàng Tồn,2026-07-08 - Thứ 4,33,0.697,0.6061,0,40.6,20.0013,0,23.001,0,12.9987,9.999,0.303,0.3939,0,Lâm Đồng,NTB,AM Trường
NTB - Lâm Đồng,(LDO) Xuân Hương - Đà Lạt,Hàng Tồn,2026-07-15 - Thứ 4,36,0.6111,0.4722,0.0556,43.94,16.9992,2.0016,21.9996,2.0016,16.9992,14.0004,0.3889,0.4722,0,Lâm Đồng,NTB,AM Trường
NTB - Lâm Đồng,(LDO) Xuân Hương - Đà Lạt,Hàng Tồn,2026-06-30 - Thứ 3,36,0.7222,0.5278,0.1111,54.05,19.0008,3.9996,25.9992,3.9996,12.9996,10.0008,0.2778,0.3611,0,Lâm Đồng,NTB,AM Trường
NTB - Lâm Đồng,(LDO) Xuân Hương - Đà Lạt,Hàng Tồn,2026-07-16 - Thứ 5,37,0.8378,0.6757,0.0541,49.72,25.0009,2.0017,30.9986,2.0017,9.9974,6.0014,0.1622,0.2702,0,Lâm Đồng,NTB,AM Trường
NTB - Lâm Đồng,(LDO) Xuân Hương - Đà Lạt,Hàng Tồn,2026-07-09 - Thứ 5,38,0.9474,0.8684,0,37.85,32.9992,0,36.0012,0,5.0008,1.9988,0.0526,0.1316,0,Lâm Đồng,NTB,AM Trường
NTB - Lâm Đồng,(LDO) Xuân Hương - Đà Lạt,Hàng Tồn,2026-06-23 - Thứ 3,38,0.8684,0.6053,0.0789,46.22,23.0014,2.9982,32.9992,2.9982,12.0004,5.0008,0.1316,0.3158,0,Lâm Đồng,NTB,AM Trường
NTB - Lâm Đồng,(LDO) Xuân Hương - Đà Lạt,Hàng Tồn,2026-06-25 - Thứ 5,39,0.641,0.359,0.0769,52.79,14.001,2.9991,24.999,2.9991,21.9999,14.001,0.359,0.5641,0,Lâm Đồng,NTB,AM Trường
NTB - Lâm Đồng,(LDO) Xuân Hương - Đà Lạt,Hàng Tồn,2026-07-11 - Thứ 7,39,0.7179,0.5385,0.0513,32.9,21.0015,2.0007,27.9981,2.0007,15.9978,11.0019,0.2821,0.4102,0,Lâm Đồng,NTB,AM Trường
NTB - Lâm Đồng,(LDO) Xuân Hương - Đà Lạt,Hàng Tồn,2026-06-22 - Thứ 2,41,0.6098,0.439,0.0488,32.83,17.999,2.0008,25.0018,2.0008,21.0002,15.9982,0.3902,0.5122,0,Lâm Đồng,NTB,AM Trường
NTB - Lâm Đồng,(LDO) Xuân Hương - Đà Lạt,Hàng Tồn,2026-06-28 - Chủ Nhật,44,0.5682,0.4545,0.0227,42.95,19.998,0.9988,25.0008,0.9988,23.0032,18.9992,0.4318,0.5228,0,Lâm Đồng,NTB,AM Trường
NTB - Lâm Đồng,(LDO) Xuân Hương - Đà Lạt,Hàng Tồn,2026-07-12 - Chủ Nhật,45,0.6,0.4444,0.0222,36.5,19.998,0.999,27,0.999,24.003,18,0.4,0.5334,0,Lâm Đồng,NTB,AM Trường
NTB - Lâm Đồng,(LDO) Xuân Hương - Đà Lạt,Hàng Tồn,2026-07-04 - Thứ 7,47,0.8085,0.7234,0,32.59,33.9998,0,37.9995,0,13.0002,9.0005,0.1915,0.2766,0,Lâm Đồng,NTB,AM Trường
NTB - Lâm Đồng,(LDO) Xuân Hương - Đà Lạt,Hàng Tồn,2026-06-21 - Chủ Nhật,49,0.7347,0.5306,0,32.23,25.9994,0,36.0003,0,23.0006,12.9997,0.2653,0.4694,0,Lâm Đồng,NTB,AM Trường
NTB - Lâm Đồng,(LDO) Xuân Hương - Đà Lạt,Hàng Tồn,2026-07-13 - Thứ 2,50,0.9,0.76,0,47.92,38,0,45,0,12,5,0.1,0.24,0,Lâm Đồng,NTB,AM Trường
NTB - Lâm Đồng,(LDO) Xuân Hương - Đà Lạt,Hàng Tồn,2026-06-29 - Thứ 2,51,0.6471,0.4902,0,42.8,25.0002,0,33.0021,0,25.9998,17.9979,0.3529,0.5098,0,Lâm Đồng,NTB,AM Trường
NTB - Lâm Đồng,(LDO) Xuân Hương - Đà Lạt,Hàng Tồn,2026-06-27 - Thứ 7,53,0.6981,0.5094,0.0377,33.26,26.9982,1.9981,36.9993,1.9981,24.0037,16.0007,0.3019,0.4529,0,Lâm Đồng,NTB,AM Trường
NTB - Lâm Đồng,(LDO) Tân Hà Lâm Hà,Hàng Mới Ca 1,2026-07-05 - Chủ Nhật,63,0.5397,0.4286,0.0159,14.93,27.0018,1.0017,34.0011,1.0017,34.9965,28.9989,0.4603,0.5555,63,Lâm Đồng,NTB,AM Chi
NTB - Lâm Đồng,(LDO) Tân Hà Lâm Hà,Hàng Mới Ca 1,2026-06-26 - Thứ 6,59,0.8475,0.5932,0,16.09,34.9988,0,50.0025,0,24.0012,8.9975,0.1525,0.4068,59,Lâm Đồng,NTB,AM Chi
NTB - Lâm Đồng,(LDO) Tân Hà Lâm Hà,Hàng Mới Ca 1,2026-07-11 - Thứ 7,92,0.7174,0.5652,0,10.69,51.9984,0,66.0008,0,40.0016,25.9992,0.2826,0.4348,92,Lâm Đồng,NTB,AM Chi
NTB - Lâm Đồng,(LDO) Tân Hà Lâm Hà,Hàng Mới Ca 1,2026-06-28 - Chủ Nhật,59,0.9322,0.661,0,12.64,38.999,0,54.9998,0,20.001,4.0002,0.0678,0.339,59,Lâm Đồng,NTB,AM Chi
NTB - Lâm Đồng,(LDO) Tân Hà Lâm Hà,Hàng Mới Ca 1,2026-07-02 - Thứ 5,60,0.75,0.5167,0.0167,10.35,31.002,1.002,45,1.002,27.996,15,0.25,0.4666,60,Lâm Đồng,NTB,AM Chi
NTB - Lâm Đồng,(LDO) Tân Hà Lâm Hà,Hàng Mới Ca 1,2026-07-04 - Thứ 7,66,0.7576,0.6212,0,16.76,40.9992,0,50.0016,0,25.0008,15.9984,0.2424,0.3788,66,Lâm Đồng,NTB,AM Chi
NTB - Lâm Đồng,(LDO) Tân Hà Lâm Hà,Hàng Mới Ca 1,2026-07-10 - Thứ 6,70,0.7571,0.5571,0.0286,12.77,38.997,2.002,52.997,2.002,29.001,17.003,0.2429,0.4143,70,Lâm Đồng,NTB,AM Chi
NTB - Lâm Đồng,(LDO) Tân Hà Lâm Hà,Hàng Mới Ca 1,2026-07-13 - Thứ 2,61,0.7377,0.623,0.0164,16.87,38.003,1.0004,44.9997,1.0004,21.9966,16.0003,0.2623,0.3606,61,Lâm Đồng,NTB,AM Chi
NTB - Lâm Đồng,(LDO) Tân Hà Lâm Hà,Hàng Mới Ca 1,2026-07-07 - Thứ 3,24,0.5833,0.4167,0,24.5,10.0008,0,13.9992,0,13.9992,10.0008,0.4167,0.5833,24,Lâm Đồng,NTB,AM Chi
NTB - Lâm Đồng,(LDO) Tân Hà Lâm Hà,Hàng Mới Ca 1,2026-07-15 - Thứ 4,31,0.7742,0.5806,0.0323,10.39,17.9986,1.0013,24.0002,1.0013,12.0001,6.9998,0.2258,0.3871,31,Lâm Đồng,NTB,AM Chi
NTB - Lâm Đồng,(LDO) Tân Hà Lâm Hà,Hàng Mới Ca 1,2026-06-30 - Thứ 3,31,0.7742,0.6774,0,9.67,20.9994,0,24.0002,0,10.0006,6.9998,0.2258,0.3226,31,Lâm Đồng,NTB,AM Chi
NTB - Lâm Đồng,(LDO) Tân Hà Lâm Hà,Hàng Mới Ca 1,2026-06-24 - Thứ 4,39,0.5897,0.3846,0,18.4,14.9994,0,22.9983,0,24.0006,16.0017,0.4103,0.6154,39,Lâm Đồng,NTB,AM Chi
NTB - Lâm Đồng,(LDO) Tân Hà Lâm Hà,Hàng Mới Ca 1,2026-06-27 - Thứ 7,40,0.875,0.725,0,12.41,29,0,35,0,11,5,0.125,0.275,40,Lâm Đồng,NTB,AM Chi
NTB - Lâm Đồng,(LDO) Tân Hà Lâm Hà,Hàng Mới Ca 1,2026-07-09 - Thứ 5,44,0.8864,0.7727,0,15.18,33.9988,0,39.0016,0,10.0012,4.9984,0.1136,0.2273,44,Lâm Đồng,NTB,AM Chi
NTB - Lâm Đồng,(LDO) Tân Hà Lâm Hà,Hàng Mới Ca 1,2026-06-29 - Thứ 2,45,0.8667,0.6444,0,13.9,28.998,0,39.0015,0,16.002,5.9985,0.1333,0.3556,45,Lâm Đồng,NTB,AM Chi
NTB - Lâm Đồng,(LDO) Tân Hà Lâm Hà,Hàng Mới Ca 1,2026-06-20 - Thứ 7,46,0.7174,0.5652,0,16.62,25.9992,0,33.0004,0,20.0008,12.9996,0.2826,0.4348,46,Lâm Đồng,NTB,AM Chi
NTB - Lâm Đồng,(LDO) Tân Hà Lâm Hà,Hàng Mới Ca 1,2026-07-14 - Thứ 3,47,0.8085,0.4468,0.0426,22.9,20.9996,2.0022,37.9995,2.0022,23.9982,9.0005,0.1915,0.5106,47,Lâm Đồng,NTB,AM Chi
NTB - Lâm Đồng,(LDO) Tân Hà Lâm Hà,Hàng Mới Ca 1,2026-07-16 - Thứ 5,48,0.5208,0.3333,0.0208,14.38,15.9984,0.9984,24.9984,0.9984,31.0032,23.0016,0.4792,0.6459,48,Lâm Đồng,NTB,AM Chi
NTB - Lâm Đồng,(LDO) Tân Hà Lâm Hà,Hàng Mới Ca 1,2026-07-06 - Thứ 2,49,0.6327,0.449,0,18.73,22.001,0,31.0023,0,26.999,17.9977,0.3673,0.551,49,Lâm Đồng,NTB,AM Chi
NTB - Lâm Đồng,(LDO) Tân Hà Lâm Hà,Hàng Mới Ca 1,2026-07-12 - Chủ Nhật,50,0.44,0.36,0,17.5,18,0,22,0,32,28,0.56,0.64,50,Lâm Đồng,NTB,AM Chi
NTB - Lâm Đồng,(LDO) Tân Hà Lâm Hà,Hàng Mới Ca 1,2026-07-08 - Thứ 4,50,0.66,0.58,0,16.83,29,0,33,0,21,17,0.34,0.42,50,Lâm Đồng,NTB,AM Chi
NTB - Lâm Đồng,(LDO) Tân Hà Lâm Hà,Hàng Mới Ca 1,2026-06-23 - Thứ 3,50,0.9,0.62,0.04,15.65,31,2,45,2,17,5,0.1,0.34,50,Lâm Đồng,NTB,AM Chi
NTB - Lâm Đồng,(LDO) Tân Hà Lâm Hà,Hàng Mới Ca 1,2026-07-03 - Thứ 6,51,0.6275,0.5294,0.0196,18.52,26.9994,0.9996,32.0025,0.9996,23.001,18.9975,0.3725,0.451,51,Lâm Đồng,NTB,AM Chi
NTB - Lâm Đồng,(LDO) Tân Hà Lâm Hà,Hàng Mới Ca 1,2026-07-01 - Thứ 4,53,0.7358,0.566,0,19.27,29.998,0,38.9974,0,23.002,14.0026,0.2642,0.434,53,Lâm Đồng,NTB,AM Chi
NTB - Lâm Đồng,(LDO) Tân Hà Lâm Hà,Hàng Mới Ca 1,2026-07-17 - Thứ 6,54,0.5926,0.4259,0,17.78,22.9986,0,32.0004,0,31.0014,21.9996,0.4074,0.5741,54,Lâm Đồng,NTB,AM Chi
NTB - Lâm Đồng,(LDO) Tân Hà Lâm Hà,Hàng Mới Ca 1,2026-06-22 - Thứ 2,55,0.6182,0.5273,0.0182,18.28,29.0015,1.001,34.001,1.001,24.9975,20.999,0.3818,0.4545,55,Lâm Đồng,NTB,AM Chi
NTB - Lâm Đồng,(LDO) Tân Hà Lâm Hà,Hàng Mới Ca 1,2026-06-21 - Chủ Nhật,57,0.6316,0.4912,0.0175,14.07,27.9984,0.9975,36.0012,0.9975,28.0041,20.9988,0.3684,0.4913,57,Lâm Đồng,NTB,AM Chi
NTB - Lâm Đồng,(LDO) Tân Hà Lâm Hà,Hàng Mới Ca 1,2026-06-25 - Thứ 5,57,0.7719,0.4737,0.0351,15.41,27.0009,2.0007,43.9983,2.0007,27.9984,13.0017,0.2281,0.4912,57,Lâm Đồng,NTB,AM Chi
NTB - Lâm Đồng,(LDO) Tân Hà Lâm Hà,Hàng Tồn,2026-07-15 - Thứ 4,100,0.5,0.18,0.03,133.06,18,3,50,3,79,50,0.5,0.79,0,Lâm Đồng,NTB,AM Chi
NTB - Lâm Đồng,(LDO) Tân Hà Lâm Hà,Hàng Tồn,2026-07-03 - Thứ 6,102,0.5,0.2745,0.0294,119.89,27.999,2.9988,51,2.9988,71.0022,51,0.5,0.6961,0,Lâm Đồng,NTB,AM Chi
NTB - Lâm Đồng,(LDO) Tân Hà Lâm Hà,Hàng Tồn,2026-07-05 - Chủ Nhật,94,0.5851,0.3085,0.0106,119.41,28.999,0.9964,54.9994,0.9964,64.0046,39.0006,0.4149,0.6809,0,Lâm Đồng,NTB,AM Chi
NTB - Lâm Đồng,(LDO) Tân Hà Lâm Hà,Hàng Tồn,2026-06-26 - Thứ 6,86,0.5465,0.2093,0.0233,129.89,17.9998,2.0038,46.999,2.0038,65.9964,39.001,0.4535,0.7674,0,Lâm Đồng,NTB,AM Chi
NTB - Lâm Đồng,(LDO) Tân Hà Lâm Hà,Hàng Tồn,2026-06-21 - Chủ Nhật,78,0.4744,0.141,0,161.09,10.998,0,37.0032,0,67.002,40.9968,0.5256,0.859,0,Lâm Đồng,NTB,AM Chi
NTB - Lâm Đồng,(LDO) Tân Hà Lâm Hà,Hàng Tồn,2026-06-24 - Thứ 4,79,0.7342,0.2911,0.0127,158.22,22.9969,1.0033,58.0018,1.0033,54.9998,20.9982,0.2658,0.6962,0,Lâm Đồng,NTB,AM Chi
NTB - Lâm Đồng,(LDO) Tân Hà Lâm Hà,Hàng Tồn,2026-07-17 - Thứ 6,97,0.299,0.1856,0.0103,121.78,18.0032,0.9991,29.003,0.9991,77.9977,67.997,0.701,0.8041,0,Lâm Đồng,NTB,AM Chi
NTB - Lâm Đồng,(LDO) Tân Hà Lâm Hà,Hàng Tồn,2026-07-01 - Thứ 4,73,0.3699,0.1507,0,96.91,11.0011,0,27.0027,0,61.9989,45.9973,0.6301,0.8493,0,Lâm Đồng,NTB,AM Chi
NTB - Lâm Đồng,(LDO) Tân Hà Lâm Hà,Hàng Tồn,2026-07-09 - Thứ 5,79,0.3924,0.2405,0.038,89.72,18.9995,3.002,30.9996,3.002,56.9985,48.0004,0.6076,0.7215,0,Lâm Đồng,NTB,AM Chi
NTB - Lâm Đồng,(LDO) Tân Hà Lâm Hà,Hàng Tồn,2026-07-14 - Thứ 3,112,0.5982,0.2857,0.0179,100.25,31.9984,2.0048,66.9984,2.0048,77.9968,45.0016,0.4018,0.6964,0,Lâm Đồng,NTB,AM Chi
NTB - Lâm Đồng,(LDO) Tân Hà Lâm Hà,Hàng Tồn,2026-07-16 - Thứ 5,78,0.2564,0.0897,0.0128,119.57,6.9966,0.9984,19.9992,0.9984,70.005,58.0008,0.7436,0.8975,0,Lâm Đồng,NTB,AM Chi
NTB - Lâm Đồng,(LDO) Tân Hà Lâm Hà,Hàng Tồn,2026-06-28 - Chủ Nhật,71,0.3803,0.1549,0.0141,144.73,10.9979,1.0011,27.0013,1.0011,59.001,43.9987,0.6197,0.831,0,Lâm Đồng,NTB,AM Chi
NTB - Lâm Đồng,(LDO) Tân Hà Lâm Hà,Hàng Tồn,2026-07-12 - Chủ Nhật,117,0.4188,0.094,0.0256,98.36,10.998,2.9952,48.9996,2.9952,103.0068,68.0004,0.5812,0.8804,0,Lâm Đồng,NTB,AM Chi
NTB - Lâm Đồng,(LDO) Tân Hà Lâm Hà,Hàng Tồn,2026-06-25 - Thứ 5,79,0.6203,0.1899,0.038,126,15.0021,3.002,49.0037,3.002,60.9959,29.9963,0.3797,0.7721,0,Lâm Đồng,NTB,AM Chi
NTB - Lâm Đồng,(LDO) Tân Hà Lâm Hà,Hàng Tồn,2026-07-02 - Thứ 5,82,0.2073,0.0854,0.0244,76.43,7.0028,2.0008,16.9986,2.0008,72.9964,65.0014,0.7927,0.8902,0,Lâm Đồng,NTB,AM Chi
NTB - Lâm Đồng,(LDO) Tân Hà Lâm Hà,Hàng Tồn,2026-07-07 - Thứ 3,101,0.495,0.3168,0.0495,123,31.9968,4.9995,49.995,4.9995,64.0037,51.005,0.505,0.6337,0,Lâm Đồng,NTB,AM Chi
NTB - Lâm Đồng,(LDO) Tân Hà Lâm Hà,Hàng Tồn,2026-07-13 - Thứ 2,134,0.5672,0.291,0.0299,76.87,38.994,4.0066,76.0048,4.0066,90.9994,57.9952,0.4328,0.6791,0,Lâm Đồng,NTB,AM Chi
NTB - Lâm Đồng,(LDO) Tân Hà Lâm Hà,Hàng Tồn,2026-07-04 - Thứ 7,91,0.4835,0.2418,0.011,158,22.0038,1.001,43.9985,1.001,67.9952,47.0015,0.5165,0.7472,0,Lâm Đồng,NTB,AM Chi
NTB - Lâm Đồng,(LDO) Tân Hà Lâm Hà,Hàng Tồn,2026-07-10 - Thứ 6,67,0.2836,0.0746,0.0299,116.6,4.9982,2.0033,19.0012,2.0033,59.9985,47.9988,0.7164,0.8955,0,Lâm Đồng,NTB,AM Chi
NTB - Lâm Đồng,(LDO) Tân Hà Lâm Hà,Hàng Tồn,2026-07-08 - Thứ 4,78,0.4872,0.2308,0.0128,113.83,18.0024,0.9984,38.0016,0.9984,58.9992,39.9984,0.5128,0.7564,0,Lâm Đồng,NTB,AM Chi
NTB - Lâm Đồng,(LDO) Tân Hà Lâm Hà,Hàng Tồn,2026-06-22 - Thứ 2,97,0.5979,0.2268,0,119.09,21.9996,0,57.9963,0,75.0004,39.0037,0.4021,0.7732,0,Lâm Đồng,NTB,AM Chi
NTB - Lâm Đồng,(LDO) Tân Hà Lâm Hà,Hàng Tồn,2026-06-20 - Thứ 7,101,0.604,0.3366,0.0495,121.44,33.9966,4.9995,61.004,4.9995,62.0039,39.996,0.396,0.6139,0,Lâm Đồng,NTB,AM Chi
NTB - Lâm Đồng,(LDO) Tân Hà Lâm Hà,Hàng Tồn,2026-06-30 - Thứ 3,79,0.3544,0.1899,0,135.27,15.0021,0,27.9976,0,63.9979,51.0024,0.6456,0.8101,0,Lâm Đồng,NTB,AM Chi
NTB - Lâm Đồng,(LDO) Tân Hà Lâm Hà,Hàng Tồn,2026-07-06 - Thứ 2,99,0.4242,0.2424,0,107.79,23.9976,0,41.9958,0,75.0024,57.0042,0.5758,0.7576,0,Lâm Đồng,NTB,AM Chi
NTB - Lâm Đồng,(LDO) Tân Hà Lâm Hà,Hàng Tồn,2026-06-27 - Thứ 7,89,0.6067,0.3146,0,99.07,27.9994,0,53.9963,0,61.0006,35.0037,0.3933,0.6854,0,Lâm Đồng,NTB,AM Chi
NTB - Lâm Đồng,(LDO) Tân Hà Lâm Hà,Hàng Tồn,2026-06-29 - Thứ 2,78,0.3333,0.1667,0.0256,139.23,13.0026,1.9968,25.9974,1.9968,63.0006,52.0026,0.6667,0.8077,0,Lâm Đồng,NTB,AM Chi
NTB - Lâm Đồng,(LDO) Tân Hà Lâm Hà,Hàng Tồn,2026-07-11 - Thứ 7,90,0.2111,0.1222,0,74.18,10.998,0,18.999,0,79.002,71.001,0.7889,0.8778,0,Lâm Đồng,NTB,AM Chi
NTB - Lâm Đồng,(LDO) Tân Hà Lâm Hà,Hàng Tồn,2026-06-23 - Thứ 3,99,0.697,0.3131,0.0707,105.68,30.9969,6.9993,69.003,6.9993,61.0038,29.997,0.303,0.6162,0,Lâm Đồng,NTB,AM Chi
NTB - Lâm Đồng,(LDO) Ninh Gia,Hàng Mới Ca 1,2026-07-09 - Thứ 5,66,1,0.8636,0,16.19,56.9976,0,66,0,9.0024,0,0,0.1364,66,Lâm Đồng,NTB,AM Trường
NTB - Lâm Đồng,(LDO) Ninh Gia,Hàng Mới Ca 1,2026-07-10 - Thứ 6,64,1,0.9688,0.0313,14.95,62.0032,2.0032,64,2.0032,-0.0064,0,0,-0.0001,64,Lâm Đồng,NTB,AM Trường
NTB - Lâm Đồng,(LDO) Ninh Gia,Hàng Mới Ca 1,2026-06-30 - Thứ 3,23,1,0.8696,0,12.55,20.0008,0,23,0,2.9992,0,0,0.1304,23,Lâm Đồng,NTB,AM Trường
NTB - Lâm Đồng,(LDO) Ninh Gia,Hàng Mới Ca 1,2026-07-05 - Chủ Nhật,31,1,0.9032,0.0323,12.5,27.9992,1.0013,31,1.0013,1.9995,0,0,0.0645,31,Lâm Đồng,NTB,AM Trường
NTB - Lâm Đồng,(LDO) Ninh Gia,Hàng Mới Ca 1,2026-07-14 - Thứ 3,31,0.9032,0.871,0,11,27.001,0,27.9992,0,3.999,3.0008,0.0968,0.129,31,Lâm Đồng,NTB,AM Trường
NTB - Lâm Đồng,(LDO) Ninh Gia,Hàng Mới Ca 1,2026-07-16 - Thứ 5,31,1,0.9032,0.0645,13.39,27.9992,1.9995,31,1.9995,1.0013,0,0,0.0323,31,Lâm Đồng,NTB,AM Trường
NTB - Lâm Đồng,(LDO) Ninh Gia,Hàng Mới Ca 1,2026-06-26 - Thứ 6,32,0.9688,0.6875,0.0313,13.95,22,1.0016,31.0016,1.0016,8.9984,0.9984,0.0312,0.2812,32,Lâm Đồng,NTB,AM Trường
NTB - Lâm Đồng,(LDO) Ninh Gia,Hàng Mới Ca 1,2026-07-08 - Thứ 4,32,1,0.8438,0.0625,13.52,27.0016,2,32,2,2.9984,0,0,0.0937,32,Lâm Đồng,NTB,AM Trường
NTB - Lâm Đồng,(LDO) Ninh Gia,Hàng Mới Ca 1,2026-06-28 - Chủ Nhật,33,0.9697,0.8182,0.0606,13.19,27.0006,1.9998,32.0001,1.9998,3.9996,0.9999,0.0303,0.1212,33,Lâm Đồng,NTB,AM Trường
NTB - Lâm Đồng,(LDO) Ninh Gia,Hàng Mới Ca 1,2026-07-07 - Thứ 3,33,1,0.8788,0,13.03,29.0004,0,33,0,3.9996,0,0,0.1212,33,Lâm Đồng,NTB,AM Trường
NTB - Lâm Đồng,(LDO) Ninh Gia,Hàng Mới Ca 1,2026-06-23 - Thứ 3,34,1,0.9412,0.0294,15.84,32.0008,0.9996,34,0.9996,0.9996,0,0,0.0294,34,Lâm Đồng,NTB,AM Trường
NTB - Lâm Đồng,(LDO) Ninh Gia,Hàng Mới Ca 1,2026-06-27 - Thứ 7,36,1,0.8333,0.0278,17.53,29.9988,1.0008,36,1.0008,5.0004,0,0,0.1389,36,Lâm Đồng,NTB,AM Trường
NTB - Lâm Đồng,(LDO) Ninh Gia,Hàng Mới Ca 1,2026-07-17 - Thứ 6,36,1,0.8611,0.0278,11.35,30.9996,1.0008,36,1.0008,3.9996,0,0,0.1111,36,Lâm Đồng,NTB,AM Trường
NTB - Lâm Đồng,(LDO) Ninh Gia,Hàng Mới Ca 1,2026-06-22 - Thứ 2,37,1,0.9459,0,14.8,34.9983,0,37,0,2.0017,0,0,0.0541,37,Lâm Đồng,NTB,AM Trường
NTB - Lâm Đồng,(LDO) Ninh Gia,Hàng Mới Ca 1,2026-06-20 - Thứ 7,37,1,0.8108,0.027,13.07,29.9996,0.999,37,0.999,6.0014,0,0,0.1622,37,Lâm Đồng,NTB,AM Trường
NTB - Lâm Đồng,(LDO) Ninh Gia,Hàng Mới Ca 1,2026-06-24 - Thứ 4,38,1,0.8684,0,12.42,32.9992,0,38,0,5.0008,0,0,0.1316,38,Lâm Đồng,NTB,AM Trường
NTB - Lâm Đồng,(LDO) Ninh Gia,Hàng Mới Ca 1,2026-07-13 - Thứ 2,40,1,0.8,0.025,16.44,32,1,40,1,7,0,0,0.175,40,Lâm Đồng,NTB,AM Trường
NTB - Lâm Đồng,(LDO) Ninh Gia,Hàng Mới Ca 1,2026-06-29 - Thứ 2,42,1,0.9048,0.0476,14.37,38.0016,1.9992,42,1.9992,1.9992,0,0,0.0476,42,Lâm Đồng,NTB,AM Trường
NTB - Lâm Đồng,(LDO) Ninh Gia,Hàng Mới Ca 1,2026-07-15 - Thứ 4,43,0.9302,0.8372,0,15.75,35.9996,0,39.9986,0,7.0004,3.0014,0.0698,0.1628,43,Lâm Đồng,NTB,AM Trường
NTB - Lâm Đồng,(LDO) Ninh Gia,Hàng Mới Ca 1,2026-07-01 - Thứ 4,43,1,0.8837,0.0233,12.03,37.9991,1.0019,43,1.0019,3.999,0,0,0.093,43,Lâm Đồng,NTB,AM Trường
NTB - Lâm Đồng,(LDO) Ninh Gia,Hàng Mới Ca 1,2026-07-11 - Thứ 7,44,1,0.8636,0,15.16,37.9984,0,44,0,6.0016,0,0,0.1364,44,Lâm Đồng,NTB,AM Trường
NTB - Lâm Đồng,(LDO) Ninh Gia,Hàng Mới Ca 1,2026-07-03 - Thứ 6,47,1,0.8936,0,14.93,41.9992,0,47,0,5.0008,0,0,0.1064,47,Lâm Đồng,NTB,AM Trường
NTB - Lâm Đồng,(LDO) Ninh Gia,Hàng Mới Ca 1,2026-07-12 - Chủ Nhật,48,0.9167,0.7917,0,11.11,38.0016,0,44.0016,0,9.9984,3.9984,0.0833,0.2083,48,Lâm Đồng,NTB,AM Trường
NTB - Lâm Đồng,(LDO) Ninh Gia,Hàng Mới Ca 1,2026-07-06 - Thứ 2,48,0.8958,0.75,0.0417,12.61,36,2.0016,42.9984,2.0016,9.9984,5.0016,0.1042,0.2083,48,Lâm Đồng,NTB,AM Trường
NTB - Lâm Đồng,(LDO) Ninh Gia,Hàng Mới Ca 1,2026-06-21 - Chủ Nhật,49,1,0.8367,0,16.98,40.9983,0,49,0,8.0017,0,0,0.1633,49,Lâm Đồng,NTB,AM Trường
NTB - Lâm Đồng,(LDO) Ninh Gia,Hàng Mới Ca 1,2026-07-02 - Thứ 5,51,1,0.8627,0.0392,13.59,43.9977,1.9992,51,1.9992,5.0031,0,0,0.0981,51,Lâm Đồng,NTB,AM Trường
NTB - Lâm Đồng,(LDO) Ninh Gia,Hàng Mới Ca 1,2026-06-25 - Thứ 5,55,0.9818,0.9091,0.0182,15.26,50.0005,1.001,53.999,1.001,3.9985,1.001,0.0182,0.0727,55,Lâm Đồng,NTB,AM Trường
NTB - Lâm Đồng,(LDO) Ninh Gia,Hàng Mới Ca 1,2026-07-04 - Thứ 7,57,1,0.8772,0.0175,14.92,50.0004,0.9975,57,0.9975,6.0021,0,0,0.1053,57,Lâm Đồng,NTB,AM Trường
NTB - Lâm Đồng,(LDO) Ninh Gia,Hàng Mới Ca 2,2026-06-24 - Thứ 4,1,1,1,0,0,1,0,1,0,0,0,0,0,1,Lâm Đồng,NTB,AM Trường
NTB - Lâm Đồng,(LDO) Ninh Gia,Hàng Tồn,2026-07-17 - Thứ 6,1,1,1,0,35,1,0,1,0,0,0,0,0,0,Lâm Đồng,NTB,AM Trường
NTB - Lâm Đồng,(LDO) Ninh Gia,Hàng Tồn,2026-07-11 - Thứ 7,2,1,1,0,71.5,2,0,2,0,0,0,0,0,0,Lâm Đồng,NTB,AM Trường
NTB - Lâm Đồng,(LDO) Ninh Gia,Hàng Tồn,2026-06-24 - Thứ 4,2,1,0.5,0,66,1,0,2,0,1,0,0,0.5,0,Lâm Đồng,NTB,AM Trường
NTB - Lâm Đồng,(LDO) Ninh Gia,Hàng Tồn,2026-07-09 - Thứ 5,3,1,1,0,45.67,3,0,3,0,0,0,0,0,0,Lâm Đồng,NTB,AM Trường
NTB - Lâm Đồng,(LDO) Ninh Gia,Hàng Tồn,2026-06-23 - Thứ 3,4,1,0.5,0.25,61,2,1,4,1,1,0,0,0.25,0,Lâm Đồng,NTB,AM Trường
NTB - Lâm Đồng,(LDO) Ninh Gia,Hàng Tồn,2026-07-15 - Thứ 4,5,1,0.8,0,54.5,4,0,5,0,1,0,0,0.2,0,Lâm Đồng,NTB,AM Trường
NTB - Lâm Đồng,(LDO) Ninh Gia,Hàng Tồn,2026-06-30 - Thứ 3,5,1,0.4,0.2,57.5,2,1,5,1,2,0,0,0.4,0,Lâm Đồng,NTB,AM Trường
NTB - Lâm Đồng,(LDO) Ninh Gia,Hàng Tồn,2026-07-06 - Thứ 2,5,1,0.2,0.4,52,1,2,5,2,2,0,0,0.4,0,Lâm Đồng,NTB,AM Trường
NTB - Lâm Đồng,(LDO) Ninh Gia,Hàng Tồn,2026-07-02 - Thứ 5,5,1,0.4,0,44,2,0,5,0,3,0,0,0.6,0,Lâm Đồng,NTB,AM Trường
NTB - Lâm Đồng,(LDO) Ninh Gia,Hàng Tồn,2026-07-01 - Thứ 4,5,1,0.6,0,65.33,3,0,5,0,2,0,0,0.4,0,Lâm Đồng,NTB,AM Trường
NTB - Lâm Đồng,(LDO) Ninh Gia,Hàng Tồn,2026-06-25 - Thứ 5,6,1,0.3333,0.1667,39.5,1.9998,1.0002,6,1.0002,3,0,0,0.5,0,Lâm Đồng,NTB,AM Trường
NTB - Lâm Đồng,(LDO) Ninh Gia,Hàng Tồn,2026-07-12 - Chủ Nhật,6,0.6667,0.3333,0.1667,29,1.9998,1.0002,4.0002,1.0002,3,1.9998,0.3333,0.5,0,Lâm Đồng,NTB,AM Trường
NTB - Lâm Đồng,(LDO) Ninh Gia,Hàng Tồn,2026-06-26 - Thứ 6,7,1,0.1429,0.1429,50,1.0003,1.0003,7,1.0003,4.9994,0,0,0.7142,0,Lâm Đồng,NTB,AM Trường
NTB - Lâm Đồng,(LDO) Ninh Gia,Hàng Tồn,2026-06-21 - Chủ Nhật,7,1,0.4286,0.2857,51.33,3.0002,1.9999,7,1.9999,1.9999,0,0,0.2857,0,Lâm Đồng,NTB,AM Trường
NTB - Lâm Đồng,(LDO) Ninh Gia,Hàng Tồn,2026-07-08 - Thứ 4,7,1,0.8571,0.1429,56.17,5.9997,1.0003,7,1.0003,0,0,0,0,0,Lâm Đồng,NTB,AM Trường
NTB - Lâm Đồng,(LDO) Ninh Gia,Hàng Tồn,2026-06-20 - Thứ 7,7,1,0.7143,0,53.2,5.0001,0,7,0,1.9999,0,0,0.2857,0,Lâm Đồng,NTB,AM Trường
NTB - Lâm Đồng,(LDO) Ninh Gia,Hàng Tồn,2026-07-16 - Thứ 5,8,1,0.875,0.125,41.43,7,1,8,1,0,0,0,0,0,Lâm Đồng,NTB,AM Trường
NTB - Lâm Đồng,(LDO) Ninh Gia,Hàng Tồn,2026-06-29 - Thứ 2,8,0.875,0.375,0.25,48.33,3,2,7,2,3,1,0.125,0.375,0,Lâm Đồng,NTB,AM Trường
NTB - Lâm Đồng,(LDO) Ninh Gia,Hàng Tồn,2026-07-05 - Chủ Nhật,9,0.8889,0.5556,0,58.2,5.0004,0,8.0001,0,3.9996,0.9999,0.1111,0.4444,0,Lâm Đồng,NTB,AM Trường
NTB - Lâm Đồng,(LDO) Ninh Gia,Hàng Tồn,2026-06-28 - Chủ Nhật,9,1,0.4444,0.1111,60,3.9996,0.9999,9,0.9999,4.0005,0,0,0.4445,0,Lâm Đồng,NTB,AM Trường
NTB - Lâm Đồng,(LDO) Ninh Gia,Hàng Tồn,2026-07-10 - Thứ 6,9,1,0.7778,0,44.57,7.0002,0,9,0,1.9998,0,0,0.2222,0,Lâm Đồng,NTB,AM Trường
NTB - Lâm Đồng,(LDO) Ninh Gia,Hàng Tồn,2026-07-03 - Thứ 6,9,0.8889,0.4444,0,65,3.9996,0,8.0001,0,5.0004,0.9999,0.1111,0.5556,0,Lâm Đồng,NTB,AM Trường
NTB - Lâm Đồng,(LDO) Ninh Gia,Hàng Tồn,2026-07-04 - Thứ 7,9,1,0.7778,0,63.43,7.0002,0,9,0,1.9998,0,0,0.2222,0,Lâm Đồng,NTB,AM Trường
NTB - Lâm Đồng,(LDO) Ninh Gia,Hàng Tồn,2026-07-14 - Thứ 3,10,1,0.9,0,59.44,9,0,10,0,1,0,0,0.1,0,Lâm Đồng,NTB,AM Trường
NTB - Lâm Đồng,(LDO) Ninh Gia,Hàng Tồn,2026-06-22 - Thứ 2,11,1,0.7273,0.0909,45.88,8.0003,0.9999,11,0.9999,1.9998,0,0,0.1818,0,Lâm Đồng,NTB,AM Trường
NTB - Lâm Đồng,(LDO) Ninh Gia,Hàng Tồn,2026-06-27 - Thứ 7,12,1,0.5833,0,53.71,6.9996,0,12,0,5.0004,0,0,0.4167,0,Lâm Đồng,NTB,AM Trường
NTB - Lâm Đồng,(LDO) Ninh Gia,Hàng Tồn,2026-07-07 - Thứ 3,13,1,0.6923,0.0769,52.67,8.9999,0.9997,13,0.9997,3.0004,0,0,0.2308,0,Lâm Đồng,NTB,AM Trường
NTB - Lâm Đồng,(LDO) Ninh Gia,Hàng Tồn,2026-07-13 - Thứ 2,13,0.9231,0.6923,0.0769,45.78,8.9999,0.9997,12.0003,0.9997,3.0004,0.9997,0.0769,0.2308,0,Lâm Đồng,NTB,AM Trường
NTB - Lâm Đồng,(LDO) Nam Ban Lâm Hà,Hàng Mới Ca 1,2026-06-29 - Thứ 2,9,1,0.8889,0,5.13,8.0001,0,9,0,0.9999,0,0,0.1111,9,Lâm Đồng,NTB,AM Chi
NTB - Lâm Đồng,(LDO) Nam Ban Lâm Hà,Hàng Mới Ca 1,2026-07-07 - Thứ 3,10,1,1,0,4.6,10,0,10,0,0,0,0,0,10,Lâm Đồng,NTB,AM Chi
NTB - Lâm Đồng,(LDO) Nam Ban Lâm Hà,Hàng Mới Ca 1,2026-07-08 - Thứ 4,13,1,0.7692,0,4.7,9.9996,0,13,0,3.0004,0,0,0.2308,13,Lâm Đồng,NTB,AM Chi
NTB - Lâm Đồng,(LDO) Nam Ban Lâm Hà,Hàng Mới Ca 1,2026-07-14 - Thứ 3,14,1,0.8571,0,5.42,11.9994,0,14,0,2.0006,0,0,0.1429,14,Lâm Đồng,NTB,AM Chi
NTB - Lâm Đồng,(LDO) Nam Ban Lâm Hà,Hàng Mới Ca 1,2026-07-15 - Thứ 4,14,1,0.8571,0,3.67,11.9994,0,14,0,2.0006,0,0,0.1429,14,Lâm Đồng,NTB,AM Chi
NTB - Lâm Đồng,(LDO) Nam Ban Lâm Hà,Hàng Mới Ca 1,2026-06-30 - Thứ 3,14,1,0.8571,0.0714,5.75,11.9994,0.9996,14,0.9996,1.001,0,0,0.0715,14,Lâm Đồng,NTB,AM Chi
NTB - Lâm Đồng,(LDO) Nam Ban Lâm Hà,Hàng Mới Ca 1,2026-06-26 - Thứ 6,17,1,0.8824,0.0588,5.4,15.0008,0.9996,17,0.9996,0.9996,0,0,0.0588,17,Lâm Đồng,NTB,AM Chi
NTB - Lâm Đồng,(LDO) Nam Ban Lâm Hà,Hàng Mới Ca 1,2026-07-04 - Thứ 7,17,1,1,0,6.18,17,0,17,0,0,0,0,0,17,Lâm Đồng,NTB,AM Chi
NTB - Lâm Đồng,(LDO) Nam Ban Lâm Hà,Hàng Mới Ca 1,2026-07-03 - Thứ 6,17,1,0.9412,0,8.13,16.0004,0,17,0,0.9996,0,0,0.0588,17,Lâm Đồng,NTB,AM Chi
NTB - Lâm Đồng,(LDO) Nam Ban Lâm Hà,Hàng Mới Ca 1,2026-07-16 - Thứ 5,17,1,0.8235,0.0588,4.64,13.9995,0.9996,17,0.9996,2.0009,0,0,0.1177,17,Lâm Đồng,NTB,AM Chi
NTB - Lâm Đồng,(LDO) Nam Ban Lâm Hà,Hàng Mới Ca 1,2026-07-13 - Thứ 2,19,1,0.8947,0.0526,6.59,16.9993,0.9994,19,0.9994,1.0013,0,0,0.0527,19,Lâm Đồng,NTB,AM Chi
NTB - Lâm Đồng,(LDO) Nam Ban Lâm Hà,Hàng Mới Ca 1,2026-06-21 - Chủ Nhật,20,1,0.8,0,4.19,16,0,20,0,4,0,0,0.2,20,Lâm Đồng,NTB,AM Chi
NTB - Lâm Đồng,(LDO) Nam Ban Lâm Hà,Hàng Mới Ca 1,2026-07-12 - Chủ Nhật,20,1,1,0,3.95,20,0,20,0,0,0,0,0,20,Lâm Đồng,NTB,AM Chi
NTB - Lâm Đồng,(LDO) Nam Ban Lâm Hà,Hàng Mới Ca 1,2026-06-25 - Thứ 5,20,1,0.95,0,4.32,19,0,20,0,1,0,0,0.05,20,Lâm Đồng,NTB,AM Chi
NTB - Lâm Đồng,(LDO) Nam Ban Lâm Hà,Hàng Mới Ca 1,2026-06-23 - Thứ 3,20,1,0.9,0.05,5.5,18,1,20,1,1,0,0,0.05,20,Lâm Đồng,NTB,AM Chi
NTB - Lâm Đồng,(LDO) Nam Ban Lâm Hà,Hàng Mới Ca 1,2026-07-06 - Thứ 2,21,1,0.9048,0,3.74,19.0008,0,21,0,1.9992,0,0,0.0952,21,Lâm Đồng,NTB,AM Chi
NTB - Lâm Đồng,(LDO) Nam Ban Lâm Hà,Hàng Mới Ca 1,2026-07-01 - Thứ 4,22,1,0.8182,0,5.28,18.0004,0,22,0,3.9996,0,0,0.1818,22,Lâm Đồng,NTB,AM Chi
NTB - Lâm Đồng,(LDO) Nam Ban Lâm Hà,Hàng Mới Ca 1,2026-06-28 - Chủ Nhật,22,1,0.9091,0,3,20.0002,0,22,0,1.9998,0,0,0.0909,22,Lâm Đồng,NTB,AM Chi
NTB - Lâm Đồng,(LDO) Nam Ban Lâm Hà,Hàng Mới Ca 1,2026-06-27 - Thứ 7,22,1,0.9091,0.0455,5.7,20.0002,1.001,22,1.001,0.9988,0,0,0.0454,22,Lâm Đồng,NTB,AM Chi
NTB - Lâm Đồng,(LDO) Nam Ban Lâm Hà,Hàng Mới Ca 1,2026-07-05 - Chủ Nhật,25,1,0.88,0.04,3.18,22,1,25,1,2,0,0,0.08,25,Lâm Đồng,NTB,AM Chi
NTB - Lâm Đồng,(LDO) Nam Ban Lâm Hà,Hàng Mới Ca 1,2026-07-02 - Thứ 5,25,1,0.92,0,5.35,23,0,25,0,2,0,0,0.08,25,Lâm Đồng,NTB,AM Chi
NTB - Lâm Đồng,(LDO) Nam Ban Lâm Hà,Hàng Mới Ca 1,2026-06-20 - Thứ 7,25,1,0.8,0.04,6.1,20,1,25,1,4,0,0,0.16,25,Lâm Đồng,NTB,AM Chi
NTB - Lâm Đồng,(LDO) Nam Ban Lâm Hà,Hàng Mới Ca 1,2026-07-17 - Thứ 6,26,1,0.6538,0,4.94,16.9988,0,26,0,9.0012,0,0,0.3462,26,Lâm Đồng,NTB,AM Chi
NTB - Lâm Đồng,(LDO) Nam Ban Lâm Hà,Hàng Mới Ca 1,2026-06-22 - Thứ 2,29,1,0.931,0.0345,6.15,26.999,1.0005,29,1.0005,1.0005,0,0,0.0345,29,Lâm Đồng,NTB,AM Chi
NTB - Lâm Đồng,(LDO) Nam Ban Lâm Hà,Hàng Mới Ca 1,2026-06-24 - Thứ 4,30,1,0.9667,0,4.86,29.001,0,30,0,0.999,0,0,0.0333,30,Lâm Đồng,NTB,AM Chi
NTB - Lâm Đồng,(LDO) Nam Ban Lâm Hà,Hàng Mới Ca 1,2026-07-10 - Thứ 6,31,1,1,0,5.55,31,0,31,0,0,0,0,0,31,Lâm Đồng,NTB,AM Chi
NTB - Lâm Đồng,(LDO) Nam Ban Lâm Hà,Hàng Mới Ca 1,2026-07-09 - Thứ 5,33,1,0.9091,0,6.27,30.0003,0,33,0,2.9997,0,0,0.0909,33,Lâm Đồng,NTB,AM Chi
NTB - Lâm Đồng,(LDO) Nam Ban Lâm Hà,Hàng Mới Ca 1,2026-07-11 - Thứ 7,37,1,0.9189,0.027,5.88,33.9993,0.999,37,0.999,2.0017,0,0,0.0541,37,Lâm Đồng,NTB,AM Chi
NTB - Lâm Đồng,(LDO) Nam Ban Lâm Hà,Hàng Mới Ca 2,2026-07-10 - Thứ 6,2,0.5,0.5,0,3,1,0,1,0,1,1,0.5,0.5,2,Lâm Đồng,NTB,AM Chi
NTB - Lâm Đồng,(LDO) Nam Ban Lâm Hà,Hàng Mới Ca 2,2026-06-21 - Chủ Nhật,4,1,1,0,3.5,4,0,4,0,0,0,0,0,4,Lâm Đồng,NTB,AM Chi
NTB - Lâm Đồng,(LDO) Nam Ban Lâm Hà,Hàng Mới Ca 2,2026-07-06 - Thứ 2,4,1,0.5,0,3,2,0,4,0,2,0,0,0.5,4,Lâm Đồng,NTB,AM Chi
NTB - Lâm Đồng,(LDO) Nam Ban Lâm Hà,Hàng Mới Ca 2,2026-06-29 - Thứ 2,8,0.75,0.625,0,2.8,5,0,6,0,3,2,0.25,0.375,8,Lâm Đồng,NTB,AM Chi
NTB - Lâm Đồng,(LDO) Nam Ban Lâm Hà,Hàng Mới Ca 2,2026-07-07 - Thứ 3,8,0.5,0.5,0,3.75,4,0,4,0,4,4,0.5,0.5,8,Lâm Đồng,NTB,AM Chi
NTB - Lâm Đồng,(LDO) Nam Ban Lâm Hà,Hàng Mới Ca 2,2026-07-12 - Chủ Nhật,9,1,1,0,3.44,9,0,9,0,0,0,0,0,9,Lâm Đồng,NTB,AM Chi
NTB - Lâm Đồng,(LDO) Nam Ban Lâm Hà,Hàng Mới Ca 2,2026-07-13 - Thứ 2,9,1,0.7778,0,3,7.0002,0,9,0,1.9998,0,0,0.2222,9,Lâm Đồng,NTB,AM Chi
NTB - Lâm Đồng,(LDO) Nam Ban Lâm Hà,Hàng Mới Ca 2,2026-07-17 - Thứ 6,11,0.7273,0.6364,0,3.43,7.0004,0,8.0003,0,3.9996,2.9997,0.2727,0.3636,11,Lâm Đồng,NTB,AM Chi
NTB - Lâm Đồng,(LDO) Nam Ban Lâm Hà,Hàng Mới Ca 2,2026-07-01 - Thứ 4,12,0.9167,0.8333,0,2.7,9.9996,0,11.0004,0,2.0004,0.9996,0.0833,0.1667,12,Lâm Đồng,NTB,AM Chi
NTB - Lâm Đồng,(LDO) Nam Ban Lâm Hà,Hàng Mới Ca 2,2026-06-25 - Thứ 5,13,0.6154,0.5385,0,4,7.0005,0,8.0002,0,5.9995,4.9998,0.3846,0.4615,13,Lâm Đồng,NTB,AM Chi
NTB - Lâm Đồng,(LDO) Nam Ban Lâm Hà,Hàng Mới Ca 2,2026-07-02 - Thứ 5,13,0.6154,0.5385,0,2.14,7.0005,0,8.0002,0,5.9995,4.9998,0.3846,0.4615,13,Lâm Đồng,NTB,AM Chi
NTB - Lâm Đồng,(LDO) Nam Ban Lâm Hà,Hàng Mới Ca 2,2026-06-30 - Thứ 3,13,0.8462,0.6154,0,4.25,8.0002,0,11.0006,0,4.9998,1.9994,0.1538,0.3846,13,Lâm Đồng,NTB,AM Chi
NTB - Lâm Đồng,(LDO) Nam Ban Lâm Hà,Hàng Mới Ca 2,2026-07-14 - Thứ 3,14,0.7143,0.5714,0.0714,5,7.9996,0.9996,10.0002,0.9996,5.0008,3.9998,0.2857,0.3572,14,Lâm Đồng,NTB,AM Chi
NTB - Lâm Đồng,(LDO) Nam Ban Lâm Hà,Hàng Mới Ca 2,2026-06-22 - Thứ 2,15,0.6667,0.6667,0,3.8,10.0005,0,10.0005,0,4.9995,4.9995,0.3333,0.3333,15,Lâm Đồng,NTB,AM Chi
NTB - Lâm Đồng,(LDO) Nam Ban Lâm Hà,Hàng Mới Ca 2,2026-07-15 - Thứ 4,16,0.5625,0.5625,0,4.67,9,0,9,0,7,7,0.4375,0.4375,16,Lâm Đồng,NTB,AM Chi
NTB - Lâm Đồng,(LDO) Nam Ban Lâm Hà,Hàng Mới Ca 2,2026-07-05 - Chủ Nhật,17,0.7059,0.6471,0,3,11.0007,0,12.0003,0,5.9993,4.9997,0.2941,0.3529,17,Lâm Đồng,NTB,AM Chi
NTB - Lâm Đồng,(LDO) Nam Ban Lâm Hà,Hàng Mới Ca 2,2026-06-27 - Thứ 7,17,0.4118,0.2941,0,4.2,4.9997,0,7.0006,0,12.0003,9.9994,0.5882,0.7059,17,Lâm Đồng,NTB,AM Chi
NTB - Lâm Đồng,(LDO) Nam Ban Lâm Hà,Hàng Mới Ca 2,2026-07-04 - Thứ 7,17,0.7647,0.6471,0,3.36,11.0007,0,12.9999,0,5.9993,4.0001,0.2353,0.3529,17,Lâm Đồng,NTB,AM Chi
NTB - Lâm Đồng,(LDO) Nam Ban Lâm Hà,Hàng Mới Ca 2,2026-06-26 - Thứ 6,18,0.7222,0.6667,0,4.1,12.0006,0,12.9996,0,5.9994,5.0004,0.2778,0.3333,18,Lâm Đồng,NTB,AM Chi
NTB - Lâm Đồng,(LDO) Nam Ban Lâm Hà,Hàng Mới Ca 2,2026-07-16 - Thứ 5,18,0.5,0.5,0,3,9,0,9,0,9,9,0.5,0.5,18,Lâm Đồng,NTB,AM Chi
NTB - Lâm Đồng,(LDO) Nam Ban Lâm Hà,Hàng Mới Ca 2,2026-06-28 - Chủ Nhật,18,0.6111,0.5556,0,3.3,10.0008,0,10.9998,0,7.9992,7.0002,0.3889,0.4444,18,Lâm Đồng,NTB,AM Chi
NTB - Lâm Đồng,(LDO) Nam Ban Lâm Hà,Hàng Mới Ca 2,2026-07-09 - Thứ 5,19,0.7368,0.5789,0,3,10.9991,0,13.9992,0,8.0009,5.0008,0.2632,0.4211,19,Lâm Đồng,NTB,AM Chi
NTB - Lâm Đồng,(LDO) Nam Ban Lâm Hà,Hàng Mới Ca 2,2026-07-03 - Thứ 6,20,0.75,0.75,0,4.8,15,0,15,0,5,5,0.25,0.25,20,Lâm Đồng,NTB,AM Chi
NTB - Lâm Đồng,(LDO) Nam Ban Lâm Hà,Hàng Mới Ca 2,2026-06-24 - Thứ 4,21,0.6667,0.619,0.0476,3.46,12.999,0.9996,14.0007,0.9996,7.0014,6.9993,0.3333,0.3334,21,Lâm Đồng,NTB,AM Chi
NTB - Lâm Đồng,(LDO) Nam Ban Lâm Hà,Hàng Mới Ca 2,2026-06-23 - Thứ 3,21,0.8095,0.7619,0,2.06,15.9999,0,16.9995,0,5.0001,4.0005,0.1905,0.2381,21,Lâm Đồng,NTB,AM Chi
NTB - Lâm Đồng,(LDO) Nam Ban Lâm Hà,Hàng Mới Ca 2,2026-07-11 - Thứ 7,26,0.6538,0.5769,0.0385,2.73,14.9994,1.001,16.9988,1.001,9.9996,9.0012,0.3462,0.3846,26,Lâm Đồng,NTB,AM Chi
NTB - Lâm Đồng,(LDO) Nam Ban Lâm Hà,Hàng Mới Ca 2,2026-07-08 - Thứ 4,27,0.9259,0.8148,0,3.82,21.9996,0,24.9993,0,5.0004,2.0007,0.0741,0.1852,27,Lâm Đồng,NTB,AM Chi
NTB - Lâm Đồng,(LDO) Nam Ban Lâm Hà,Hàng Mới Ca 2,2026-06-20 - Thứ 7,29,0.7586,0.7586,0,3.64,21.9994,0,21.9994,0,7.0006,7.0006,0.2414,0.2414,29,Lâm Đồng,NTB,AM Chi
NTB - Lâm Đồng,(LDO) Nam Ban Lâm Hà,Hàng Tồn,2026-07-13 - Thứ 2,1,1,1,0,48,1,0,1,0,0,0,0,0,0,Lâm Đồng,NTB,AM Chi
NTB - Lâm Đồng,(LDO) Nam Ban Lâm Hà,Hàng Tồn,2026-07-11 - Thứ 7,3,1,0.3333,0,23,0.9999,0,3,0,2.0001,0,0,0.6667,0,Lâm Đồng,NTB,AM Chi
NTB - Lâm Đồng,(LDO) Nam Ban Lâm Hà,Hàng Tồn,2026-07-14 - Thứ 3,3,1,0.6667,0,27,2.0001,0,3,0,0.9999,0,0,0.3333,0,Lâm Đồng,NTB,AM Chi
NTB - Lâm Đồng,(LDO) Nam Ban Lâm Hà,Hàng Tồn,2026-07-07 - Thứ 3,5,1,0.6,0,29.67,3,0,5,0,2,0,0,0.4,0,Lâm Đồng,NTB,AM Chi
NTB - Lâm Đồng,(LDO) Nam Ban Lâm Hà,Hàng Tồn,2026-07-08 - Thứ 4,6,1,0.6667,0,24.75,4.0002,0,6,0,1.9998,0,0,0.3333,0,Lâm Đồng,NTB,AM Chi
NTB - Lâm Đồng,(LDO) Nam Ban Lâm Hà,Hàng Tồn,2026-06-24 - Thứ 4,6,1,0.8333,0,23.6,4.9998,0,6,0,1.0002,0,0,0.1667,0,Lâm Đồng,NTB,AM Chi
NTB - Lâm Đồng,(LDO) Nam Ban Lâm Hà,Hàng Tồn,2026-07-09 - Thứ 5,7,1,0.7143,0.1429,27.2,5.0001,1.0003,7,1.0003,0.9996,0,0,0.1428,0,Lâm Đồng,NTB,AM Chi
NTB - Lâm Đồng,(LDO) Nam Ban Lâm Hà,Hàng Tồn,2026-06-27 - Thứ 7,7,1,1,0,24.29,7,0,7,0,0,0,0,0,0,Lâm Đồng,NTB,AM Chi
NTB - Lâm Đồng,(LDO) Nam Ban Lâm Hà,Hàng Tồn,2026-06-30 - Thứ 3,7,1,0.7143,0,33.2,5.0001,0,7,0,1.9999,0,0,0.2857,0,Lâm Đồng,NTB,AM Chi
NTB - Lâm Đồng,(LDO) Nam Ban Lâm Hà,Hàng Tồn,2026-07-15 - Thứ 4,8,1,0.75,0,27.33,6,0,8,0,2,0,0,0.25,0,Lâm Đồng,NTB,AM Chi
NTB - Lâm Đồng,(LDO) Nam Ban Lâm Hà,Hàng Tồn,2026-07-16 - Thứ 5,8,1,0.5,0.125,24.5,4,1,8,1,3,0,0,0.375,0,Lâm Đồng,NTB,AM Chi
NTB - Lâm Đồng,(LDO) Nam Ban Lâm Hà,Hàng Tồn,2026-07-01 - Thứ 4,8,1,0.375,0,43,3,0,8,0,5,0,0,0.625,0,Lâm Đồng,NTB,AM Chi
NTB - Lâm Đồng,(LDO) Nam Ban Lâm Hà,Hàng Tồn,2026-06-26 - Thứ 6,8,1,0.875,0.125,29.14,7,1,8,1,0,0,0,0,0,Lâm Đồng,NTB,AM Chi
NTB - Lâm Đồng,(LDO) Nam Ban Lâm Hà,Hàng Tồn,2026-06-25 - Thứ 5,9,1,0.7778,0.1111,30.29,7.0002,0.9999,9,0.9999,0.9999,0,0,0.1111,0,Lâm Đồng,NTB,AM Chi
NTB - Lâm Đồng,(LDO) Nam Ban Lâm Hà,Hàng Tồn,2026-07-05 - Chủ Nhật,10,1,0.6,0.1,34,6,1,10,1,3,0,0,0.3,0,Lâm Đồng,NTB,AM Chi
NTB - Lâm Đồng,(LDO) Nam Ban Lâm Hà,Hàng Tồn,2026-07-02 - Thứ 5,10,1,0.5,0,27.8,5,0,10,0,5,0,0,0.5,0,Lâm Đồng,NTB,AM Chi
NTB - Lâm Đồng,(LDO) Nam Ban Lâm Hà,Hàng Tồn,2026-07-04 - Thứ 7,10,0.9,0.6,0,40,6,0,9,0,4,1,0.1,0.4,0,Lâm Đồng,NTB,AM Chi
NTB - Lâm Đồng,(LDO) Nam Ban Lâm Hà,Hàng Tồn,2026-06-22 - Thứ 2,10,0.9,0.5,0,46.4,5,0,9,0,5,1,0.1,0.5,0,Lâm Đồng,NTB,AM Chi
NTB - Lâm Đồng,(LDO) Nam Ban Lâm Hà,Hàng Tồn,2026-06-29 - Thứ 2,11,1,0.6364,0,23.86,7.0004,0,11,0,3.9996,0,0,0.3636,0,Lâm Đồng,NTB,AM Chi
NTB - Lâm Đồng,(LDO) Nam Ban Lâm Hà,Hàng Tồn,2026-07-03 - Thứ 6,12,1,0.5,0,25,6,0,12,0,6,0,0,0.5,0,Lâm Đồng,NTB,AM Chi
NTB - Lâm Đồng,(LDO) Nam Ban Lâm Hà,Hàng Tồn,2026-06-23 - Thứ 3,12,0.9167,0.5833,0.0833,40.86,6.9996,0.9996,11.0004,0.9996,4.0008,0.9996,0.0833,0.3334,0,Lâm Đồng,NTB,AM Chi
NTB - Lâm Đồng,(LDO) Nam Ban Lâm Hà,Hàng Tồn,2026-06-28 - Chủ Nhật,13,1,0.9231,0,23.92,12.0003,0,13,0,0.9997,0,0,0.0769,0,Lâm Đồng,NTB,AM Chi
NTB - Lâm Đồng,(LDO) Nam Ban Lâm Hà,Hàng Tồn,2026-07-10 - Thứ 6,13,1,0.6923,0.1538,24.44,8.9999,1.9994,13,1.9994,2.0007,0,0,0.1539,0,Lâm Đồng,NTB,AM Chi
NTB - Lâm Đồng,(LDO) Nam Ban Lâm Hà,Hàng Tồn,2026-07-06 - Thứ 2,13,1,0.8462,0.0769,62.45,11.0006,0.9997,13,0.9997,0.9997,0,0,0.0769,0,Lâm Đồng,NTB,AM Chi
NTB - Lâm Đồng,(LDO) Nam Ban Lâm Hà,Hàng Tồn,2026-07-17 - Thứ 6,14,1,0.8571,0,31.33,11.9994,0,14,0,2.0006,0,0,0.1429,0,Lâm Đồng,NTB,AM Chi
NTB - Lâm Đồng,(LDO) Nam Ban Lâm Hà,Hàng Tồn,2026-07-12 - Chủ Nhật,14,1,0.9286,0,34.62,13.0004,0,14,0,0.9996,0,0,0.0714,0,Lâm Đồng,NTB,AM Chi
NTB - Lâm Đồng,(LDO) Nam Ban Lâm Hà,Hàng Tồn,2026-06-20 - Thứ 7,14,1,0.6429,0.0714,28.33,9.0006,0.9996,14,0.9996,3.9998,0,0,0.2857,0,Lâm Đồng,NTB,AM Chi
NTB - Lâm Đồng,(LDO) Nam Ban Lâm Hà,Hàng Tồn,2026-06-21 - Chủ Nhật,16,1,0.4375,0.0625,24.71,7,1,16,1,8,0,0,0.5,0,Lâm Đồng,NTB,AM Chi
NTB - Lâm Đồng,(LDO) Lâm Viên - Đà Lạt 2,Hàng Mới Ca 1,2026-07-09 - Thứ 5,62,0.6613,0.5161,0.0484,8.91,31.9982,3.0008,41.0006,3.0008,27.001,20.9994,0.3387,0.4355,62,Lâm Đồng,NTB,AM Trường
NTB - Lâm Đồng,(LDO) Lâm Viên - Đà Lạt 2,Hàng Mới Ca 1,2026-06-28 - Chủ Nhật,52,0.7115,0.5577,0,14.1,29.0004,0,36.998,0,22.9996,15.002,0.2885,0.4423,52,Lâm Đồng,NTB,AM Trường
NTB - Lâm Đồng,(LDO) Lâm Viên - Đà Lạt 2,Hàng Mới Ca 1,2026-07-10 - Thứ 6,60,0.4167,0.35,0,8.1,21,0,25.002,0,39,34.998,0.5833,0.65,60,Lâm Đồng,NTB,AM Trường
NTB - Lâm Đồng,(LDO) Lâm Viên - Đà Lạt 2,Hàng Mới Ca 1,2026-06-27 - Thứ 7,59,0.8644,0.7966,0,16.85,46.9994,0,50.9996,0,12.0006,8.0004,0.1356,0.2034,59,Lâm Đồng,NTB,AM Trường
NTB - Lâm Đồng,(LDO) Lâm Viên - Đà Lạt 2,Hàng Mới Ca 1,2026-06-23 - Thứ 3,9,0.7778,0.6667,0.1111,7.67,6.0003,0.9999,7.0002,0.9999,1.9998,1.9998,0.2222,0.2222,9,Lâm Đồng,NTB,AM Trường
NTB - Lâm Đồng,(LDO) Lâm Viên - Đà Lạt 2,Hàng Mới Ca 1,2026-07-06 - Thứ 2,19,0.8421,0.6842,0.0526,7.23,12.9998,0.9994,15.9999,0.9994,5.0008,3.0001,0.1579,0.2632,19,Lâm Đồng,NTB,AM Trường
NTB - Lâm Đồng,(LDO) Lâm Viên - Đà Lạt 2,Hàng Mới Ca 1,2026-06-21 - Chủ Nhật,20,0.85,0.5,0.05,6.2,10,1,17,1,9,3,0.15,0.45,20,Lâm Đồng,NTB,AM Trường
NTB - Lâm Đồng,(LDO) Lâm Viên - Đà Lạt 2,Hàng Mới Ca 1,2026-07-07 - Thứ 3,21,0.6667,0.2857,0,11.33,5.9997,0,14.0007,0,15.0003,6.9993,0.3333,0.7143,21,Lâm Đồng,NTB,AM Trường
NTB - Lâm Đồng,(LDO) Lâm Viên - Đà Lạt 2,Hàng Mới Ca 1,2026-07-14 - Thứ 3,22,0.6364,0.4091,0,9.67,9.0002,0,14.0008,0,12.9998,7.9992,0.3636,0.5909,22,Lâm Đồng,NTB,AM Trường
NTB - Lâm Đồng,(LDO) Lâm Viên - Đà Lạt 2,Hàng Mới Ca 1,2026-06-22 - Thứ 2,24,0.9583,0.6667,0,7.06,16.0008,0,22.9992,0,7.9992,1.0008,0.0417,0.3333,24,Lâm Đồng,NTB,AM Trường
NTB - Lâm Đồng,(LDO) Lâm Viên - Đà Lạt 2,Hàng Mới Ca 1,2026-07-05 - Chủ Nhật,24,0.375,0.375,0,7.78,9,0,9,0,15,15,0.625,0.625,24,Lâm Đồng,NTB,AM Trường
NTB - Lâm Đồng,(LDO) Lâm Viên - Đà Lạt 2,Hàng Mới Ca 1,2026-06-29 - Thứ 2,26,0.6923,0.4615,0,18.58,11.999,0,17.9998,0,14.001,8.0002,0.3077,0.5385,26,Lâm Đồng,NTB,AM Trường
NTB - Lâm Đồng,(LDO) Lâm Viên - Đà Lạt 2,Hàng Mới Ca 1,2026-07-15 - Thứ 4,27,0.5556,0.5185,0,10.43,13.9995,0,15.0012,0,13.0005,11.9988,0.4444,0.4815,27,Lâm Đồng,NTB,AM Trường
NTB - Lâm Đồng,(LDO) Lâm Viên - Đà Lạt 2,Hàng Mới Ca 1,2026-06-30 - Thứ 3,28,0.3929,0.25,0.0714,13.71,7,1.9992,11.0012,1.9992,19.0008,16.9988,0.6071,0.6786,28,Lâm Đồng,NTB,AM Trường
NTB - Lâm Đồng,(LDO) Lâm Viên - Đà Lạt 2,Hàng Mới Ca 1,2026-07-01 - Thứ 4,29,0.6552,0.4483,0.069,7.08,13.0007,2.001,19.0008,2.001,13.9983,9.9992,0.3448,0.4827,29,Lâm Đồng,NTB,AM Trường
NTB - Lâm Đồng,(LDO) Lâm Viên - Đà Lạt 2,Hàng Mới Ca 1,2026-07-13 - Thứ 2,30,0.3667,0.2667,0,9.88,8.001,0,11.001,0,21.999,18.999,0.6333,0.7333,30,Lâm Đồng,NTB,AM Trường
NTB - Lâm Đồng,(LDO) Lâm Viên - Đà Lạt 2,Hàng Mới Ca 1,2026-07-08 - Thứ 4,31,0.3871,0.3871,0,6.92,12.0001,0,12.0001,0,18.9999,18.9999,0.6129,0.6129,31,Lâm Đồng,NTB,AM Trường
NTB - Lâm Đồng,(LDO) Lâm Viên - Đà Lạt 2,Hàng Mới Ca 1,2026-06-25 - Thứ 5,31,0.871,0.7742,0.0323,11.79,24.0002,1.0013,27.001,1.0013,5.9985,3.999,0.129,0.1935,31,Lâm Đồng,NTB,AM Trường
NTB - Lâm Đồng,(LDO) Lâm Viên - Đà Lạt 2,Hàng Mới Ca 1,2026-06-20 - Thứ 7,31,0.9677,0.8387,0,7.12,25.9997,0,29.9987,0,5.0003,1.0013,0.0323,0.1613,31,Lâm Đồng,NTB,AM Trường
NTB - Lâm Đồng,(LDO) Lâm Viên - Đà Lạt 2,Hàng Mới Ca 1,2026-07-11 - Thứ 7,33,0.5152,0.303,0.0303,7.5,9.999,0.9999,17.0016,0.9999,22.0011,15.9984,0.4848,0.6667,33,Lâm Đồng,NTB,AM Trường
NTB - Lâm Đồng,(LDO) Lâm Viên - Đà Lạt 2,Hàng Mới Ca 1,2026-07-04 - Thứ 7,33,0.697,0.4848,0.0303,6.88,15.9984,0.9999,23.001,0.9999,16.0017,9.999,0.303,0.4849,33,Lâm Đồng,NTB,AM Trường
NTB - Lâm Đồng,(LDO) Lâm Viên - Đà Lạt 2,Hàng Mới Ca 1,2026-07-03 - Thứ 6,34,0.7353,0.5882,0,8.65,19.9988,0,25.0002,0,14.0012,8.9998,0.2647,0.4118,34,Lâm Đồng,NTB,AM Trường
NTB - Lâm Đồng,(LDO) Lâm Viên - Đà Lạt 2,Hàng Mới Ca 1,2026-07-12 - Chủ Nhật,35,0.5429,0.4571,0,7.25,15.9985,0,19.0015,0,19.0015,15.9985,0.4571,0.5429,35,Lâm Đồng,NTB,AM Trường
NTB - Lâm Đồng,(LDO) Lâm Viên - Đà Lạt 2,Hàng Mới Ca 1,2026-06-26 - Thứ 6,36,0.2222,0.2222,0,13,7.9992,0,7.9992,0,28.0008,28.0008,0.7778,0.7778,36,Lâm Đồng,NTB,AM Trường
NTB - Lâm Đồng,(LDO) Lâm Viên - Đà Lạt 2,Hàng Mới Ca 1,2026-07-02 - Thứ 5,43,0.6744,0.4419,0,12.11,19.0017,0,28.9992,0,23.9983,14.0008,0.3256,0.5581,43,Lâm Đồng,NTB,AM Trường
NTB - Lâm Đồng,(LDO) Lâm Viên - Đà Lạt 2,Hàng Mới Ca 1,2026-06-24 - Thứ 4,46,0.6957,0.5,0,11.91,23,0,32.0022,0,23,13.9978,0.3043,0.5,46,Lâm Đồng,NTB,AM Trường
NTB - Lâm Đồng,(LDO) Lâm Viên - Đà Lạt 2,Hàng Mới Ca 1,2026-07-17 - Thứ 6,46,0.7609,0.7609,0,6.94,35.0014,0,35.0014,0,10.9986,10.9986,0.2391,0.2391,46,Lâm Đồng,NTB,AM Trường
NTB - Lâm Đồng,(LDO) Lâm Viên - Đà Lạt 2,Hàng Mới Ca 1,2026-07-16 - Thứ 5,48,1,0.8542,0.0208,8.29,41.0016,0.9984,48,0.9984,6,0,0,0.125,48,Lâm Đồng,NTB,AM Trường
NTB - Lâm Đồng,(LDO) Lâm Viên - Đà Lạt 2,Hàng Mới Ca 2,2026-07-11 - Thứ 7,1,1,1,0,2,1,0,1,0,0,0,0,0,1,Lâm Đồng,NTB,AM Trường
NTB - Lâm Đồng,(LDO) Lâm Viên - Đà Lạt 2,Hàng Mới Ca 2,2026-07-09 - Thứ 5,1,0,0,0,0,0,0,0,0,1,1,1,1,1,Lâm Đồng,NTB,AM Trường
NTB - Lâm Đồng,(LDO) Lâm Viên - Đà Lạt 2,Hàng Mới Ca 2,2026-07-07 - Thứ 3,1,1,1,0,1,1,0,1,0,0,0,0,0,1,Lâm Đồng,NTB,AM Trường
NTB - Lâm Đồng,(LDO) Lâm Viên - Đà Lạt 2,Hàng Mới Ca 2,2026-06-27 - Thứ 7,2,1,0.5,0,0,1,0,2,0,1,0,0,0.5,2,Lâm Đồng,NTB,AM Trường
NTB - Lâm Đồng,(LDO) Lâm Viên - Đà Lạt 2,Hàng Mới Ca 2,2026-06-22 - Thứ 2,8,0.5,0.5,0,4.5,4,0,4,0,4,4,0.5,0.5,8,Lâm Đồng,NTB,AM Trường
NTB - Lâm Đồng,(LDO) Lâm Viên - Đà Lạt 2,Hàng Mới Ca 2,2026-06-21 - Chủ Nhật,13,0.4615,0.4615,0,3.67,5.9995,0,5.9995,0,7.0005,7.0005,0.5385,0.5385,13,Lâm Đồng,NTB,AM Trường
NTB - Lâm Đồng,(LDO) Lâm Viên - Đà Lạt 2,Hàng Mới Ca 2,2026-06-30 - Thứ 3,18,0,0,0,0,0,0,0,0,18,18,1,1,18,Lâm Đồng,NTB,AM Trường
NTB - Lâm Đồng,(LDO) Lâm Viên - Đà Lạt 2,Hàng Mới Ca 2,2026-06-20 - Thứ 7,23,0.3913,0.3478,0,3.75,7.9994,0,8.9999,0,15.0006,14.0001,0.6087,0.6522,23,Lâm Đồng,NTB,AM Trường
NTB - Lâm Đồng,(LDO) Lâm Viên - Đà Lạt 2,Hàng Tồn,2026-07-11 - Thứ 7,82,0.5244,0.3537,0,57.55,29.0034,0,43.0008,0,52.9966,38.9992,0.4756,0.6463,0,Lâm Đồng,NTB,AM Trường
NTB - Lâm Đồng,(LDO) Lâm Viên - Đà Lạt 2,Hàng Tồn,2026-07-14 - Thứ 3,63,0.7619,0.619,0,107.97,38.997,0,47.9997,0,24.003,15.0003,0.2381,0.381,0,Lâm Đồng,NTB,AM Trường
NTB - Lâm Đồng,(LDO) Lâm Viên - Đà Lạt 2,Hàng Tồn,2026-07-12 - Chủ Nhật,72,0.5,0.2778,0.0278,59.5,20.0016,2.0016,36,2.0016,49.9968,36,0.5,0.6944,0,Lâm Đồng,NTB,AM Trường
NTB - Lâm Đồng,(LDO) Lâm Viên - Đà Lạt 2,Hàng Tồn,2026-07-13 - Thứ 2,69,0.6957,0.3913,0.0145,69.7,26.9997,1.0005,48.0033,1.0005,40.9998,20.9967,0.3043,0.5942,0,Lâm Đồng,NTB,AM Trường
NTB - Lâm Đồng,(LDO) Lâm Viên - Đà Lạt 2,Hàng Tồn,2026-06-24 - Thứ 4,12,0.5,0.1667,0,72,2.0004,0,6,0,9.9996,6,0.5,0.8333,0,Lâm Đồng,NTB,AM Trường
NTB - Lâm Đồng,(LDO) Lâm Viên - Đà Lạt 2,Hàng Tồn,2026-06-20 - Thứ 7,14,0.9286,0.5,0.2143,34.14,7,3.0002,13.0004,3.0002,3.9998,0.9996,0.0714,0.2857,0,Lâm Đồng,NTB,AM Trường
NTB - Lâm Đồng,(LDO) Lâm Viên - Đà Lạt 2,Hàng Tồn,2026-07-17 - Thứ 6,18,0.7778,0.4444,0,70.88,7.9992,0,14.0004,0,10.0008,3.9996,0.2222,0.5556,0,Lâm Đồng,NTB,AM Trường
NTB - Lâm Đồng,(LDO) Lâm Viên - Đà Lạt 2,Hàng Tồn,2026-06-21 - Chủ Nhật,22,0.7273,0.5,0,38.45,11,0,16.0006,0,11,5.9994,0.2727,0.5,0,Lâm Đồng,NTB,AM Trường
NTB - Lâm Đồng,(LDO) Lâm Viên - Đà Lạt 2,Hàng Tồn,2026-06-26 - Thứ 6,23,0.5652,0.5217,0.0435,61.58,11.9991,1.0005,12.9996,1.0005,10.0004,10.0004,0.4348,0.4348,0,Lâm Đồng,NTB,AM Trường
NTB - Lâm Đồng,(LDO) Lâm Viên - Đà Lạt 2,Hàng Tồn,2026-06-23 - Thứ 3,24,0.75,0.4583,0.0417,41.64,10.9992,1.0008,18,1.0008,12,6,0.25,0.5,0,Lâm Đồng,NTB,AM Trường
NTB - Lâm Đồng,(LDO) Lâm Viên - Đà Lạt 2,Hàng Tồn,2026-06-30 - Thứ 3,27,0.4444,0.0741,0,84,2.0007,0,11.9988,0,24.9993,15.0012,0.5556,0.9259,0,Lâm Đồng,NTB,AM Trường
NTB - Lâm Đồng,(LDO) Lâm Viên - Đà Lạt 2,Hàng Tồn,2026-06-28 - Chủ Nhật,28,0.5357,0.4643,0.0714,68.62,13.0004,1.9992,14.9996,1.9992,13.0004,13.0004,0.4643,0.4643,0,Lâm Đồng,NTB,AM Trường
NTB - Lâm Đồng,(LDO) Lâm Viên - Đà Lạt 2,Hàng Tồn,2026-07-16 - Thứ 5,31,0.7419,0.5484,0.0323,63.59,17.0004,1.0013,22.9989,1.0013,12.9983,8.0011,0.2581,0.4193,0,Lâm Đồng,NTB,AM Trường
NTB - Lâm Đồng,(LDO) Lâm Viên - Đà Lạt 2,Hàng Tồn,2026-07-07 - Thứ 3,31,0.5806,0.2581,0,70.13,8.0011,0,17.9986,0,22.9989,13.0014,0.4194,0.7419,0,Lâm Đồng,NTB,AM Trường
NTB - Lâm Đồng,(LDO) Lâm Viên - Đà Lạt 2,Hàng Tồn,2026-06-22 - Thứ 2,31,1,0.5161,0.0323,50.13,15.9991,1.0013,31,1.0013,13.9996,0,0,0.4516,0,Lâm Đồng,NTB,AM Trường
NTB - Lâm Đồng,(LDO) Lâm Viên - Đà Lạt 2,Hàng Tồn,2026-07-05 - Chủ Nhật,32,0.6563,0.2813,0,55.44,9.0016,0,21.0016,0,22.9984,10.9984,0.3437,0.7187,0,Lâm Đồng,NTB,AM Trường
NTB - Lâm Đồng,(LDO) Lâm Viên - Đà Lạt 2,Hàng Tồn,2026-06-25 - Thứ 5,33,0.7273,0.3636,0.0606,49.58,11.9988,1.9998,24.0009,1.9998,19.0014,8.9991,0.2727,0.5758,0,Lâm Đồng,NTB,AM Trường
NTB - Lâm Đồng,(LDO) Lâm Viên - Đà Lạt 2,Hàng Tồn,2026-07-08 - Thứ 4,34,0.3235,0.2647,0.0294,54.67,8.9998,0.9996,10.999,0.9996,24.0006,23.001,0.6765,0.7059,0,Lâm Đồng,NTB,AM Trường
NTB - Lâm Đồng,(LDO) Lâm Viên - Đà Lạt 2,Hàng Tồn,2026-06-29 - Thứ 2,34,0.7353,0.5,0.0294,57.65,17,0.9996,25.0002,0.9996,16.0004,8.9998,0.2647,0.4706,0,Lâm Đồng,NTB,AM Trường
NTB - Lâm Đồng,(LDO) Lâm Viên - Đà Lạt 2,Hàng Tồn,2026-07-15 - Thứ 4,35,0.7714,0.2857,0.2,61.9,9.9995,7,26.999,7,18.0005,8.001,0.2286,0.5143,0,Lâm Đồng,NTB,AM Trường
NTB - Lâm Đồng,(LDO) Lâm Viên - Đà Lạt 2,Hàng Tồn,2026-07-06 - Thứ 2,38,0.5789,0.2368,0.0526,80.11,8.9984,1.9988,21.9982,1.9988,27.0028,16.0018,0.4211,0.7106,0,Lâm Đồng,NTB,AM Trường
NTB - Lâm Đồng,(LDO) Lâm Viên - Đà Lạt 2,Hàng Tồn,2026-06-27 - Thứ 7,38,0.7632,0.5526,0,58.81,20.9988,0,29.0016,0,17.0012,8.9984,0.2368,0.4474,0,Lâm Đồng,NTB,AM Trường
NTB - Lâm Đồng,(LDO) Lâm Viên - Đà Lạt 2,Hàng Tồn,2026-07-04 - Thứ 7,43,0.7209,0.4884,0.0465,79.95,21.0012,1.9995,30.9987,1.9995,19.9993,12.0013,0.2791,0.4651,0,Lâm Đồng,NTB,AM Trường
NTB - Lâm Đồng,(LDO) Lâm Viên - Đà Lạt 2,Hàng Tồn,2026-07-09 - Thứ 5,44,0.5455,0.2727,0,85.33,11.9988,0,24.002,0,32.0012,19.998,0.4545,0.7273,0,Lâm Đồng,NTB,AM Trường
NTB - Lâm Đồng,(LDO) Lâm Viên - Đà Lạt 2,Hàng Tồn,2026-07-02 - Thứ 5,50,0.7,0.3,0.02,69.07,15,1,35,1,34,15,0.3,0.68,0,Lâm Đồng,NTB,AM Trường
NTB - Lâm Đồng,(LDO) Lâm Viên - Đà Lạt 2,Hàng Tồn,2026-07-03 - Thứ 6,53,0.6981,0.3962,0.0377,61.38,20.9986,1.9981,36.9993,1.9981,30.0033,16.0007,0.3019,0.5661,0,Lâm Đồng,NTB,AM Trường
NTB - Lâm Đồng,(LDO) Lâm Viên - Đà Lạt 2,Hàng Tồn,2026-07-01 - Thứ 4,55,0.4545,0.3636,0.0182,65.4,19.998,1.001,24.9975,1.001,34.001,30.0025,0.5455,0.6182,0,Lâm Đồng,NTB,AM Trường
NTB - Lâm Đồng,(LDO) Lâm Viên - Đà Lạt 2,Hàng Tồn,2026-07-10 - Thứ 6,55,0.2,0.1818,0,57.9,9.999,0,11,0,45.001,44,0.8,0.8182,0,Lâm Đồng,NTB,AM Trường
NTB - Lâm Đồng,(LDO) Lâm Viên - Đà Lạt 1,Hàng Mới Ca 1,2026-07-03 - Thứ 6,82,0.878,0.7439,0.0122,16.82,60.9998,1.0004,71.996,1.0004,19.9998,10.004,0.122,0.2439,82,Lâm Đồng,NTB,AM Diễm
NTB - Lâm Đồng,(LDO) Lâm Viên - Đà Lạt 1,Hàng Mới Ca 1,2026-06-26 - Thứ 6,74,0.9865,0.8649,0,6.92,64.0026,0,73.001,0,9.9974,0.999,0.0135,0.1351,74,Lâm Đồng,NTB,AM Diễm
NTB - Lâm Đồng,(LDO) Lâm Viên - Đà Lạt 1,Hàng Mới Ca 1,2026-06-21 - Chủ Nhật,64,0.9688,0.875,0,8.61,56,0,62.0032,0,8,1.9968,0.0312,0.125,64,Lâm Đồng,NTB,AM Diễm
NTB - Lâm Đồng,(LDO) Lâm Viên - Đà Lạt 1,Hàng Mới Ca 1,2026-06-24 - Thứ 4,74,0.9595,0.8649,0.0135,7.08,64.0026,0.999,71.003,0.999,8.9984,2.997,0.0405,0.1216,74,Lâm Đồng,NTB,AM Diễm
NTB - Lâm Đồng,(LDO) Lâm Viên - Đà Lạt 1,Hàng Mới Ca 1,2026-07-17 - Thứ 6,74,1,0.9324,0,14.9,68.9976,0,74,0,5.0024,0,0,0.0676,74,Lâm Đồng,NTB,AM Diễm
NTB - Lâm Đồng,(LDO) Lâm Viên - Đà Lạt 1,Hàng Mới Ca 1,2026-07-11 - Thứ 7,92,0.9891,0.9022,0.0217,16.04,83.0024,1.9964,90.9972,1.9964,7.0012,1.0028,0.0109,0.0761,92,Lâm Đồng,NTB,AM Diễm
NTB - Lâm Đồng,(LDO) Lâm Viên - Đà Lạt 1,Hàng Mới Ca 1,2026-07-01 - Thứ 4,73,0.9863,0.9041,0.0137,7.08,65.9993,1.0001,71.9999,1.0001,6.0006,1.0001,0.0137,0.0822,73,Lâm Đồng,NTB,AM Diễm
NTB - Lâm Đồng,(LDO) Lâm Viên - Đà Lạt 1,Hàng Mới Ca 1,2026-07-09 - Thứ 5,118,0.6864,0.6356,0,14.92,75.0008,0,80.9952,0,42.9992,37.0048,0.3136,0.3644,118,Lâm Đồng,NTB,AM Diễm
NTB - Lâm Đồng,(LDO) Lâm Viên - Đà Lạt 1,Hàng Mới Ca 1,2026-07-16 - Thứ 5,62,0.8065,0.7419,0.0161,13.35,45.9978,0.9982,50.003,0.9982,15.004,11.997,0.1935,0.242,62,Lâm Đồng,NTB,AM Diễm
NTB - Lâm Đồng,(LDO) Lâm Viên - Đà Lạt 1,Hàng Mới Ca 1,2026-06-28 - Chủ Nhật,67,0.9552,0.7612,0,7.12,51.0004,0,63.9984,0,15.9996,3.0016,0.0448,0.2388,67,Lâm Đồng,NTB,AM Diễm
NTB - Lâm Đồng,(LDO) Lâm Viên - Đà Lạt 1,Hàng Mới Ca 1,2026-07-12 - Chủ Nhật,74,0.6757,0.4459,0.0135,15.33,32.9966,0.999,50.0018,0.999,40.0044,23.9982,0.3243,0.5406,74,Lâm Đồng,NTB,AM Diễm
NTB - Lâm Đồng,(LDO) Lâm Viên - Đà Lạt 1,Hàng Mới Ca 1,2026-07-02 - Thứ 5,65,0.9692,0.7692,0.0154,8.48,49.998,1.001,62.998,1.001,14.001,2.002,0.0308,0.2154,65,Lâm Đồng,NTB,AM Diễm
NTB - Lâm Đồng,(LDO) Lâm Viên - Đà Lạt 1,Hàng Mới Ca 1,2026-07-10 - Thứ 6,102,0.9216,0.7941,0.0098,14.79,80.9982,0.9996,94.0032,0.9996,20.0022,7.9968,0.0784,0.1961,102,Lâm Đồng,NTB,AM Diễm
NTB - Lâm Đồng,(LDO) Lâm Viên - Đà Lạt 1,Hàng Mới Ca 1,2026-06-22 - Thứ 2,60,0.7833,0.7,0,8.38,42,0,46.998,0,18,13.002,0.2167,0.3,60,Lâm Đồng,NTB,AM Diễm
NTB - Lâm Đồng,(LDO) Lâm Viên - Đà Lạt 1,Hàng Mới Ca 1,2026-06-27 - Thứ 7,92,0.9783,0.8043,0.0435,7.34,73.9956,4.002,90.0036,4.002,14.0024,1.9964,0.0217,0.1522,92,Lâm Đồng,NTB,AM Diễm
NTB - Lâm Đồng,(LDO) Lâm Viên - Đà Lạt 1,Hàng Mới Ca 1,2026-06-25 - Thứ 5,64,0.9844,0.8906,0,7.61,56.9984,0,63.0016,0,7.0016,0.9984,0.0156,0.1094,64,Lâm Đồng,NTB,AM Diễm
NTB - Lâm Đồng,(LDO) Lâm Viên - Đà Lạt 1,Hàng Mới Ca 1,2026-07-08 - Thứ 4,64,0.9219,0.8594,0.0313,13.76,55.0016,2.0032,59.0016,2.0032,6.9952,4.9984,0.0781,0.1093,64,Lâm Đồng,NTB,AM Diễm
NTB - Lâm Đồng,(LDO) Lâm Viên - Đà Lạt 1,Hàng Mới Ca 1,2026-06-20 - Thứ 7,65,0.6462,0.5692,0,12.89,36.998,0,42.003,0,28.002,22.997,0.3538,0.4308,65,Lâm Đồng,NTB,AM Diễm
NTB - Lâm Đồng,(LDO) Lâm Viên - Đà Lạt 1,Hàng Mới Ca 1,2026-06-29 - Thứ 2,68,0.9706,0.8088,0.0147,6.09,54.9984,0.9996,66.0008,0.9996,12.002,1.9992,0.0294,0.1765,68,Lâm Đồng,NTB,AM Diễm
NTB - Lâm Đồng,(LDO) Lâm Viên - Đà Lạt 1,Hàng Mới Ca 1,2026-06-23 - Thứ 3,32,1,0.7813,0.0313,7.24,25.0016,1.0016,32,1.0016,5.9968,0,0,0.1874,32,Lâm Đồng,NTB,AM Diễm
NTB - Lâm Đồng,(LDO) Lâm Viên - Đà Lạt 1,Hàng Mới Ca 1,2026-07-07 - Thứ 3,39,0.7949,0.7436,0,14.07,29.0004,0,31.0011,0,9.9996,7.9989,0.2051,0.2564,39,Lâm Đồng,NTB,AM Diễm
NTB - Lâm Đồng,(LDO) Lâm Viên - Đà Lạt 1,Hàng Mới Ca 1,2026-06-30 - Thứ 3,45,0.9556,0.8,0,7.61,36,0,43.002,0,9,1.998,0.0444,0.2,45,Lâm Đồng,NTB,AM Diễm
NTB - Lâm Đồng,(LDO) Lâm Viên - Đà Lạt 1,Hàng Mới Ca 1,2026-07-05 - Chủ Nhật,45,0.9556,0.8667,0.0222,12.9,39.0015,0.999,43.002,0.999,4.9995,1.998,0.0444,0.1111,45,Lâm Đồng,NTB,AM Diễm
NTB - Lâm Đồng,(LDO) Lâm Viên - Đà Lạt 1,Hàng Mới Ca 1,2026-07-06 - Thứ 2,48,0.8125,0.6875,0,16.94,33,0,39,0,15,9,0.1875,0.3125,48,Lâm Đồng,NTB,AM Diễm
NTB - Lâm Đồng,(LDO) Lâm Viên - Đà Lạt 1,Hàng Mới Ca 1,2026-07-15 - Thứ 4,49,0.8367,0.7755,0,17.16,37.9995,0,40.9983,0,11.0005,8.0017,0.1633,0.2245,49,Lâm Đồng,NTB,AM Diễm
NTB - Lâm Đồng,(LDO) Lâm Viên - Đà Lạt 1,Hàng Mới Ca 1,2026-07-14 - Thứ 3,50,0.92,0.78,0.02,10.05,39,1,46,1,10,4,0.08,0.2,50,Lâm Đồng,NTB,AM Diễm
NTB - Lâm Đồng,(LDO) Lâm Viên - Đà Lạt 1,Hàng Mới Ca 1,2026-07-13 - Thứ 2,54,0.7407,0.6296,0,15.71,33.9984,0,39.9978,0,20.0016,14.0022,0.2593,0.3704,54,Lâm Đồng,NTB,AM Diễm
NTB - Lâm Đồng,(LDO) Lâm Viên - Đà Lạt 1,Hàng Mới Ca 1,2026-07-04 - Thứ 7,57,0.8596,0.7193,0,13.88,41.0001,0,48.9972,0,15.9999,8.0028,0.1404,0.2807,57,Lâm Đồng,NTB,AM Diễm
NTB - Lâm Đồng,(LDO) Lâm Viên - Đà Lạt 1,Hàng Mới Ca 2,2026-07-09 - Thứ 5,1,1,1,0,8,1,0,1,0,0,0,0,0,1,Lâm Đồng,NTB,AM Diễm
NTB - Lâm Đồng,(LDO) Lâm Viên - Đà Lạt 1,Hàng Mới Ca 2,2026-06-29 - Thứ 2,1,1,1,0,1,1,0,1,0,0,0,0,0,1,Lâm Đồng,NTB,AM Diễm
NTB - Lâm Đồng,(LDO) Lâm Viên - Đà Lạt 1,Hàng Mới Ca 2,2026-06-24 - Thứ 4,1,1,1,0,3,1,0,1,0,0,0,0,0,1,Lâm Đồng,NTB,AM Diễm
NTB - Lâm Đồng,(LDO) Lâm Viên - Đà Lạt 1,Hàng Mới Ca 2,2026-07-03 - Thứ 6,1,1,1,0,9,1,0,1,0,0,0,0,0,1,Lâm Đồng,NTB,AM Diễm
NTB - Lâm Đồng,(LDO) Lâm Viên - Đà Lạt 1,Hàng Mới Ca 2,2026-07-01 - Thứ 4,1,1,1,0,4,1,0,1,0,0,0,0,0,1,Lâm Đồng,NTB,AM Diễm
NTB - Lâm Đồng,(LDO) Lâm Viên - Đà Lạt 1,Hàng Mới Ca 2,2026-06-28 - Chủ Nhật,1,1,1,0,8,1,0,1,0,0,0,0,0,1,Lâm Đồng,NTB,AM Diễm
NTB - Lâm Đồng,(LDO) Lâm Viên - Đà Lạt 1,Hàng Tồn,2026-06-26 - Thứ 6,11,1,0.5455,0,44.17,6.0005,0,11,0,4.9995,0,0,0.4545,0,Lâm Đồng,NTB,AM Diễm
NTB - Lâm Đồng,(LDO) Lâm Viên - Đà Lạt 1,Hàng Tồn,2026-07-02 - Thứ 5,12,1,0.5,0,51,6,0,12,0,6,0,0,0.5,0,Lâm Đồng,NTB,AM Diễm
NTB - Lâm Đồng,(LDO) Lâm Viên - Đà Lạt 1,Hàng Tồn,2026-07-06 - Thứ 2,12,0.5833,0.25,0,67.67,3,0,6.9996,0,9,5.0004,0.4167,0.75,0,Lâm Đồng,NTB,AM Diễm
NTB - Lâm Đồng,(LDO) Lâm Viên - Đà Lạt 1,Hàng Tồn,2026-06-25 - Thứ 5,13,1,0.5385,0.1538,37.86,7.0005,1.9994,13,1.9994,4.0001,0,0,0.3077,0,Lâm Đồng,NTB,AM Diễm
NTB - Lâm Đồng,(LDO) Lâm Viên - Đà Lạt 1,Hàng Tồn,2026-06-27 - Thứ 7,14,1,0.2857,0.0714,39,3.9998,0.9996,14,0.9996,9.0006,0,0,0.6429,0,Lâm Đồng,NTB,AM Diễm
NTB - Lâm Đồng,(LDO) Lâm Viên - Đà Lạt 1,Hàng Tồn,2026-06-30 - Thứ 3,15,1,0.3333,0,53.2,4.9995,0,15,0,10.0005,0,0,0.6667,0,Lâm Đồng,NTB,AM Diễm
NTB - Lâm Đồng,(LDO) Lâm Viên - Đà Lạt 1,Hàng Tồn,2026-06-24 - Thứ 4,15,1,0.6667,0,44.6,10.0005,0,15,0,4.9995,0,0,0.3333,0,Lâm Đồng,NTB,AM Diễm
NTB - Lâm Đồng,(LDO) Lâm Viên - Đà Lạt 1,Hàng Tồn,2026-07-09 - Thứ 5,17,0.4118,0.2941,0,45.6,4.9997,0,7.0006,0,12.0003,9.9994,0.5882,0.7059,0,Lâm Đồng,NTB,AM Diễm
NTB - Lâm Đồng,(LDO) Lâm Viên - Đà Lạt 1,Hàng Tồn,2026-07-12 - Chủ Nhật,17,0.7647,0.3529,0,57.5,5.9993,0,12.9999,0,11.0007,4.0001,0.2353,0.6471,0,Lâm Đồng,NTB,AM Diễm
NTB - Lâm Đồng,(LDO) Lâm Viên - Đà Lạt 1,Hàng Tồn,2026-06-22 - Thứ 2,17,0.8824,0.5882,0.1176,57.3,9.9994,1.9992,15.0008,1.9992,5.0014,1.9992,0.1176,0.2942,0,Lâm Đồng,NTB,AM Diễm
NTB - Lâm Đồng,(LDO) Lâm Viên - Đà Lạt 1,Hàng Tồn,2026-07-01 - Thứ 4,18,1,0.4444,0.2222,42.86,7.9992,3.9996,18,3.9996,6.0012,0,0,0.3334,0,Lâm Đồng,NTB,AM Diễm
NTB - Lâm Đồng,(LDO) Lâm Viên - Đà Lạt 1,Hàng Tồn,2026-06-28 - Chủ Nhật,18,0.9444,0.3333,0,35.5,5.9994,0,16.9992,0,12.0006,1.0008,0.0556,0.6667,0,Lâm Đồng,NTB,AM Diễm
NTB - Lâm Đồng,(LDO) Lâm Viên - Đà Lạt 1,Hàng Tồn,2026-07-03 - Thứ 6,20,0.9,0.7,0.1,44.5,14,2,18,2,4,2,0.1,0.2,0,Lâm Đồng,NTB,AM Diễm
NTB - Lâm Đồng,(LDO) Lâm Viên - Đà Lạt 1,Hàng Tồn,2026-07-08 - Thứ 4,22,0.5909,0.4545,0.0455,57.2,9.999,1.001,12.9998,1.001,11,9.0002,0.4091,0.5,0,Lâm Đồng,NTB,AM Diễm
NTB - Lâm Đồng,(LDO) Lâm Viên - Đà Lạt 1,Hàng Tồn,2026-06-23 - Thứ 3,22,1,0.5455,0.0455,44.25,12.001,1.001,22,1.001,8.998,0,0,0.409,0,Lâm Đồng,NTB,AM Diễm
NTB - Lâm Đồng,(LDO) Lâm Viên - Đà Lạt 1,Hàng Tồn,2026-07-04 - Thứ 7,24,0.5417,0.3333,0.0833,45.13,7.9992,1.9992,13.0008,1.9992,14.0016,10.9992,0.4583,0.5834,0,Lâm Đồng,NTB,AM Diễm
NTB - Lâm Đồng,(LDO) Lâm Viên - Đà Lạt 1,Hàng Tồn,2026-07-07 - Thứ 3,24,0.7083,0.4167,0.0833,54.6,10.0008,1.9992,16.9992,1.9992,12,7.0008,0.2917,0.5,0,Lâm Đồng,NTB,AM Diễm
NTB - Lâm Đồng,(LDO) Lâm Viên - Đà Lạt 1,Hàng Tồn,2026-06-20 - Thứ 7,28,0.7143,0.3929,0,44.36,11.0012,0,20.0004,0,16.9988,7.9996,0.2857,0.6071,0,Lâm Đồng,NTB,AM Diễm
NTB - Lâm Đồng,(LDO) Lâm Viên - Đà Lạt 1,Hàng Tồn,2026-07-16 - Thứ 5,28,0.3214,0.1071,0.0714,85.67,2.9988,1.9992,8.9992,1.9992,23.002,19.0008,0.6786,0.8215,0,Lâm Đồng,NTB,AM Diễm
NTB - Lâm Đồng,(LDO) Lâm Viên - Đà Lạt 1,Hàng Tồn,2026-07-05 - Chủ Nhật,29,0.9655,0.8276,0,55.58,24.0004,0,27.9995,0,4.9996,1.0005,0.0345,0.1724,0,Lâm Đồng,NTB,AM Diễm
NTB - Lâm Đồng,(LDO) Lâm Viên - Đà Lạt 1,Hàng Tồn,2026-06-29 - Thứ 2,30,1,0.8667,0.0333,48.96,26.001,0.999,30,0.999,3,0,0,0.1,0,Lâm Đồng,NTB,AM Diễm
NTB - Lâm Đồng,(LDO) Lâm Viên - Đà Lạt 1,Hàng Tồn,2026-07-15 - Thứ 4,34,0.7059,0.3529,0.0588,60.5,11.9986,1.9992,24.0006,1.9992,20.0022,9.9994,0.2941,0.5883,0,Lâm Đồng,NTB,AM Diễm
NTB - Lâm Đồng,(LDO) Lâm Viên - Đà Lạt 1,Hàng Tồn,2026-07-17 - Thứ 6,36,1,0.8333,0,68.07,29.9988,0,36,0,6.0012,0,0,0.1667,0,Lâm Đồng,NTB,AM Diễm
NTB - Lâm Đồng,(LDO) Lâm Viên - Đà Lạt 1,Hàng Tồn,2026-06-21 - Chủ Nhật,42,0.9524,0.7619,0,50.59,31.9998,0,40.0008,0,10.0002,1.9992,0.0476,0.2381,0,Lâm Đồng,NTB,AM Diễm
NTB - Lâm Đồng,(LDO) Lâm Viên - Đà Lạt 1,Hàng Tồn,2026-07-14 - Thứ 3,44,0.6591,0.3636,0.0909,58.13,15.9984,3.9996,29.0004,3.9996,24.002,14.9996,0.3409,0.5455,0,Lâm Đồng,NTB,AM Diễm
NTB - Lâm Đồng,(LDO) Lâm Viên - Đà Lạt 1,Hàng Tồn,2026-07-11 - Thứ 7,47,1,0.7234,0.0426,53.74,33.9998,2.0022,47,2.0022,10.998,0,0,0.234,0,Lâm Đồng,NTB,AM Diễm
NTB - Lâm Đồng,(LDO) Lâm Viên - Đà Lạt 1,Hàng Tồn,2026-07-13 - Thứ 2,51,0.7059,0.549,0,44.18,27.999,0,36.0009,0,23.001,14.9991,0.2941,0.451,0,Lâm Đồng,NTB,AM Diễm
NTB - Lâm Đồng,(LDO) Lâm Viên - Đà Lạt 1,Hàng Tồn,2026-07-10 - Thứ 6,55,0.6545,0.5091,0,58.11,28.0005,0,35.9975,0,26.9995,19.0025,0.3455,0.4909,0,Lâm Đồng,NTB,AM Diễm
NTB - Lâm Đồng,(LDO) Lang Biang - Đà Lạt 2,Hàng Mới Ca 1,2026-06-21 - Chủ Nhật,56,0.9643,0.8571,0.0179,9.02,47.9976,1.0024,54.0008,1.0024,7,1.9992,0.0357,0.125,56,Lâm Đồng,NTB,AM Trường
NTB - Lâm Đồng,(LDO) Lang Biang - Đà Lạt 2,Hàng Mới Ca 1,2026-06-28 - Chủ Nhật,77,0.9481,0.7662,0.013,6.61,58.9974,1.001,73.0037,1.001,17.0016,3.9963,0.0519,0.2208,77,Lâm Đồng,NTB,AM Trường
NTB - Lâm Đồng,(LDO) Lang Biang - Đà Lạt 2,Hàng Mới Ca 1,2026-07-12 - Chủ Nhật,78,0.9487,0.7821,0.0128,7.77,61.0038,0.9984,73.9986,0.9984,15.9978,4.0014,0.0513,0.2051,78,Lâm Đồng,NTB,AM Trường
NTB - Lâm Đồng,(LDO) Lang Biang - Đà Lạt 2,Hàng Mới Ca 1,2026-07-07 - Thứ 3,56,0.9821,0.8929,0.0179,7.3,50.0024,1.0024,54.9976,1.0024,4.9952,1.0024,0.0179,0.0892,56,Lâm Đồng,NTB,AM Trường
NTB - Lâm Đồng,(LDO) Lang Biang - Đà Lạt 2,Hàng Mới Ca 1,2026-07-04 - Thứ 7,52,0.7885,0.6923,0,8.25,35.9996,0,41.002,0,16.0004,10.998,0.2115,0.3077,52,Lâm Đồng,NTB,AM Trường
NTB - Lâm Đồng,(LDO) Lang Biang - Đà Lạt 2,Hàng Mới Ca 1,2026-07-10 - Thứ 6,56,0.8929,0.7679,0,7.63,43.0024,0,50.0024,0,12.9976,5.9976,0.1071,0.2321,56,Lâm Đồng,NTB,AM Trường
NTB - Lâm Đồng,(LDO) Lang Biang - Đà Lạt 2,Hàng Mới Ca 1,2026-07-08 - Thứ 4,59,0.8983,0.8475,0,7.14,50.0025,0,52.9997,0,8.9975,6.0003,0.1017,0.1525,59,Lâm Đồng,NTB,AM Trường
NTB - Lâm Đồng,(LDO) Lang Biang - Đà Lạt 2,Hàng Mới Ca 1,2026-06-22 - Thứ 2,95,1,0.9263,0,11.2,87.9985,0,95,0,7.0015,0,0,0.0737,95,Lâm Đồng,NTB,AM Trường
NTB - Lâm Đồng,(LDO) Lang Biang - Đà Lạt 2,Hàng Mới Ca 1,2026-06-29 - Thứ 2,56,0.9464,0.875,0,7.67,49,0,52.9984,0,7,3.0016,0.0536,0.125,56,Lâm Đồng,NTB,AM Trường
NTB - Lâm Đồng,(LDO) Lang Biang - Đà Lạt 2,Hàng Mới Ca 1,2026-07-16 - Thứ 5,68,0.9706,0.8824,0.0147,7.42,60.0032,0.9996,66.0008,0.9996,6.9972,1.9992,0.0294,0.1029,68,Lâm Đồng,NTB,AM Trường
NTB - Lâm Đồng,(LDO) Lang Biang - Đà Lạt 2,Hàng Mới Ca 1,2026-07-02 - Thứ 5,60,0.95,0.7333,0,7.84,43.998,0,57,0,16.002,3,0.05,0.2667,60,Lâm Đồng,NTB,AM Trường
NTB - Lâm Đồng,(LDO) Lang Biang - Đà Lạt 2,Hàng Mới Ca 1,2026-07-11 - Thứ 7,79,0.9747,0.8861,0,8.07,70.0019,0,77.0013,0,8.9981,1.9987,0.0253,0.1139,79,Lâm Đồng,NTB,AM Trường
NTB - Lâm Đồng,(LDO) Lang Biang - Đà Lạt 2,Hàng Mới Ca 1,2026-07-01 - Thứ 4,70,0.9571,0.8714,0,6.77,60.998,0,66.997,0,9.002,3.003,0.0429,0.1286,70,Lâm Đồng,NTB,AM Trường
NTB - Lâm Đồng,(LDO) Lang Biang - Đà Lạt 2,Hàng Mới Ca 1,2026-07-09 - Thứ 5,68,0.8382,0.7647,0.0147,7.37,51.9996,0.9996,56.9976,0.9996,15.0008,11.0024,0.1618,0.2206,68,Lâm Đồng,NTB,AM Trường
NTB - Lâm Đồng,(LDO) Lang Biang - Đà Lạt 2,Hàng Mới Ca 1,2026-07-13 - Thứ 2,11,1,1,0,14.91,11,0,11,0,0,0,0,0,11,Lâm Đồng,NTB,AM Trường
NTB - Lâm Đồng,(LDO) Lang Biang - Đà Lạt 2,Hàng Mới Ca 1,2026-06-30 - Thứ 3,30,0.8667,0.7667,0.0333,8.26,23.001,0.999,26.001,0.999,6,3.999,0.1333,0.2,30,Lâm Đồng,NTB,AM Trường
NTB - Lâm Đồng,(LDO) Lang Biang - Đà Lạt 2,Hàng Mới Ca 1,2026-07-14 - Thứ 3,40,0.925,0.825,0,7.15,33,0,37,0,7,3,0.075,0.175,40,Lâm Đồng,NTB,AM Trường
NTB - Lâm Đồng,(LDO) Lang Biang - Đà Lạt 2,Hàng Mới Ca 1,2026-06-23 - Thứ 3,42,1,0.9762,0,6.63,41.0004,0,42,0,0.9996,0,0,0.0238,42,Lâm Đồng,NTB,AM Trường
NTB - Lâm Đồng,(LDO) Lang Biang - Đà Lạt 2,Hàng Mới Ca 1,2026-06-25 - Thứ 5,45,0.9556,0.9556,0,11.28,43.002,0,43.002,0,1.998,1.998,0.0444,0.0444,45,Lâm Đồng,NTB,AM Trường
NTB - Lâm Đồng,(LDO) Lang Biang - Đà Lạt 2,Hàng Mới Ca 1,2026-07-05 - Chủ Nhật,46,0.9783,0.913,0,11.4,41.998,0,45.0018,0,4.002,0.9982,0.0217,0.087,46,Lâm Đồng,NTB,AM Trường
NTB - Lâm Đồng,(LDO) Lang Biang - Đà Lạt 2,Hàng Mới Ca 1,2026-06-24 - Thứ 4,49,0.9592,0.8163,0,8.2,39.9987,0,47.0008,0,9.0013,1.9992,0.0408,0.1837,49,Lâm Đồng,NTB,AM Trường
NTB - Lâm Đồng,(LDO) Lang Biang - Đà Lạt 2,Hàng Mới Ca 1,2026-07-17 - Thứ 6,49,0.9592,0.9184,0.0204,7.49,45.0016,0.9996,47.0008,0.9996,2.9988,1.9992,0.0408,0.0612,49,Lâm Đồng,NTB,AM Trường
NTB - Lâm Đồng,(LDO) Lang Biang - Đà Lạt 2,Hàng Mới Ca 1,2026-07-06 - Thứ 2,50,1,0.92,0,8.61,46,0,50,0,4,0,0,0.08,50,Lâm Đồng,NTB,AM Trường
NTB - Lâm Đồng,(LDO) Lang Biang - Đà Lạt 2,Hàng Mới Ca 1,2026-07-03 - Thứ 6,51,0.8431,0.8431,0,7.26,42.9981,0,42.9981,0,8.0019,8.0019,0.1569,0.1569,51,Lâm Đồng,NTB,AM Trường
NTB - Lâm Đồng,(LDO) Lang Biang - Đà Lạt 2,Hàng Mới Ca 1,2026-06-20 - Thứ 7,53,0.9623,0.7547,0,7.65,39.9991,0,51.0019,0,13.0009,1.9981,0.0377,0.2453,53,Lâm Đồng,NTB,AM Trường
NTB - Lâm Đồng,(LDO) Lang Biang - Đà Lạt 2,Hàng Mới Ca 1,2026-06-27 - Thứ 7,54,1,0.9259,0,8.9,49.9986,0,54,0,4.0014,0,0,0.0741,54,Lâm Đồng,NTB,AM Trường
NTB - Lâm Đồng,(LDO) Lang Biang - Đà Lạt 2,Hàng Mới Ca 1,2026-07-15 - Thứ 4,54,0.9259,0.8333,0,10.44,44.9982,0,49.9986,0,9.0018,4.0014,0.0741,0.1667,54,Lâm Đồng,NTB,AM Trường
NTB - Lâm Đồng,(LDO) Lang Biang - Đà Lạt 2,Hàng Mới Ca 1,2026-06-26 - Thứ 6,55,0.6909,0.6182,0,9,34.001,0,37.9995,0,20.999,17.0005,0.3091,0.3818,55,Lâm Đồng,NTB,AM Trường
NTB - Lâm Đồng,(LDO) Lang Biang - Đà Lạt 2,Hàng Mới Ca 2,2026-07-11 - Thứ 7,61,0.6885,0.623,0.0164,2.95,38.003,1.0004,41.9985,1.0004,21.9966,19.0015,0.3115,0.3606,61,Lâm Đồng,NTB,AM Trường
NTB - Lâm Đồng,(LDO) Lang Biang - Đà Lạt 2,Hàng Mới Ca 2,2026-07-09 - Thứ 5,92,0.4783,0.4457,0,2.83,41.0044,0,44.0036,0,50.9956,47.9964,0.5217,0.5543,92,Lâm Đồng,NTB,AM Trường
NTB - Lâm Đồng,(LDO) Lang Biang - Đà Lạt 2,Hàng Mới Ca 2,2026-07-13 - Thứ 2,66,0.6061,0.5909,0,4.59,38.9994,0,40.0026,0,27.0006,25.9974,0.3939,0.4091,66,Lâm Đồng,NTB,AM Trường
NTB - Lâm Đồng,(LDO) Lang Biang - Đà Lạt 2,Hàng Mới Ca 2,2026-07-10 - Thứ 6,71,0.5211,0.493,0,4.71,35.003,0,36.9981,0,35.997,34.0019,0.4789,0.507,71,Lâm Đồng,NTB,AM Trường
NTB - Lâm Đồng,(LDO) Lang Biang - Đà Lạt 2,Hàng Mới Ca 2,2026-07-08 - Thứ 4,86,0.7558,0.7442,0,3.19,64.0012,0,64.9988,0,21.9988,21.0012,0.2442,0.2558,86,Lâm Đồng,NTB,AM Trường
NTB - Lâm Đồng,(LDO) Lang Biang - Đà Lạt 2,Hàng Mới Ca 2,2026-06-24 - Thứ 4,66,0.7727,0.7424,0,4.88,48.9984,0,50.9982,0,17.0016,15.0018,0.2273,0.2576,66,Lâm Đồng,NTB,AM Trường
NTB - Lâm Đồng,(LDO) Lang Biang - Đà Lạt 2,Hàng Mới Ca 2,2026-06-21 - Chủ Nhật,21,0.3333,0.2381,0,3.6,5.0001,0,6.9993,0,15.9999,14.0007,0.6667,0.7619,21,Lâm Đồng,NTB,AM Trường
NTB - Lâm Đồng,(LDO) Lang Biang - Đà Lạt 2,Hàng Mới Ca 2,2026-07-12 - Chủ Nhật,23,0.6522,0.6087,0,4.21,14.0001,0,15.0006,0,8.9999,7.9994,0.3478,0.3913,23,Lâm Đồng,NTB,AM Trường
NTB - Lâm Đồng,(LDO) Lang Biang - Đà Lạt 2,Hàng Mới Ca 2,2026-07-06 - Thứ 2,28,0.7143,0.5714,0,4.81,15.9992,0,20.0004,0,12.0008,7.9996,0.2857,0.4286,28,Lâm Đồng,NTB,AM Trường
NTB - Lâm Đồng,(LDO) Lang Biang - Đà Lạt 2,Hàng Mới Ca 2,2026-06-29 - Thứ 2,32,0.5625,0.5625,0,4.17,18,0,18,0,14,14,0.4375,0.4375,32,Lâm Đồng,NTB,AM Trường
NTB - Lâm Đồng,(LDO) Lang Biang - Đà Lạt 2,Hàng Mới Ca 2,2026-06-23 - Thứ 3,33,0.7273,0.7273,0,4.25,24.0009,0,24.0009,0,8.9991,8.9991,0.2727,0.2727,33,Lâm Đồng,NTB,AM Trường
NTB - Lâm Đồng,(LDO) Lang Biang - Đà Lạt 2,Hàng Mới Ca 2,2026-07-04 - Thứ 7,33,0.5758,0.5455,0,6.06,18.0015,0,19.0014,0,14.9985,13.9986,0.4242,0.4545,33,Lâm Đồng,NTB,AM Trường
NTB - Lâm Đồng,(LDO) Lang Biang - Đà Lạt 2,Hàng Mới Ca 2,2026-06-28 - Chủ Nhật,34,0.5882,0.5294,0,4.22,17.9996,0,19.9988,0,16.0004,14.0012,0.4118,0.4706,34,Lâm Đồng,NTB,AM Trường
NTB - Lâm Đồng,(LDO) Lang Biang - Đà Lạt 2,Hàng Mới Ca 2,2026-07-05 - Chủ Nhật,35,0.5429,0.4857,0.0286,5.59,16.9995,1.001,19.0015,1.001,16.9995,15.9985,0.4571,0.4857,35,Lâm Đồng,NTB,AM Trường
NTB - Lâm Đồng,(LDO) Lang Biang - Đà Lạt 2,Hàng Mới Ca 2,2026-06-22 - Thứ 2,35,0.7429,0.6857,0,3.54,23.9995,0,26.0015,0,11.0005,8.9985,0.2571,0.3143,35,Lâm Đồng,NTB,AM Trường
NTB - Lâm Đồng,(LDO) Lang Biang - Đà Lạt 2,Hàng Mới Ca 2,2026-07-03 - Thứ 6,40,0.525,0.4,0,4.38,16,0,21,0,24,19,0.475,0.6,40,Lâm Đồng,NTB,AM Trường
NTB - Lâm Đồng,(LDO) Lang Biang - Đà Lạt 2,Hàng Mới Ca 2,2026-06-20 - Thứ 7,40,0.575,0.45,0.05,4.33,18,2,23,2,20,17,0.425,0.5,40,Lâm Đồng,NTB,AM Trường
NTB - Lâm Đồng,(LDO) Lang Biang - Đà Lạt 2,Hàng Mới Ca 2,2026-07-01 - Thứ 4,43,0.6279,0.5814,0,3.12,25.0002,0,26.9997,0,17.9998,16.0003,0.3721,0.4186,43,Lâm Đồng,NTB,AM Trường
NTB - Lâm Đồng,(LDO) Lang Biang - Đà Lạt 2,Hàng Mới Ca 2,2026-06-27 - Thứ 7,43,0.6512,0.6047,0,4.23,26.0021,0,28.0016,0,16.9979,14.9984,0.3488,0.3953,43,Lâm Đồng,NTB,AM Trường
NTB - Lâm Đồng,(LDO) Lang Biang - Đà Lạt 2,Hàng Mới Ca 2,2026-06-25 - Thứ 5,43,0.3953,0.3488,0,3.8,14.9984,0,16.9979,0,28.0016,26.0021,0.6047,0.6512,43,Lâm Đồng,NTB,AM Trường
NTB - Lâm Đồng,(LDO) Lang Biang - Đà Lạt 2,Hàng Mới Ca 2,2026-07-02 - Thứ 5,45,0.4667,0.4444,0,4.85,19.998,0,21.0015,0,25.002,23.9985,0.5333,0.5556,45,Lâm Đồng,NTB,AM Trường
NTB - Lâm Đồng,(LDO) Lang Biang - Đà Lạt 2,Hàng Mới Ca 2,2026-06-30 - Thứ 3,46,0.6739,0.6522,0,4.67,30.0012,0,30.9994,0,15.9988,15.0006,0.3261,0.3478,46,Lâm Đồng,NTB,AM Trường
NTB - Lâm Đồng,(LDO) Lang Biang - Đà Lạt 2,Hàng Mới Ca 2,2026-07-17 - Thứ 6,47,0.7447,0.7234,0,4.18,33.9998,0,35.0009,0,13.0002,11.9991,0.2553,0.2766,47,Lâm Đồng,NTB,AM Trường
NTB - Lâm Đồng,(LDO) Lang Biang - Đà Lạt 2,Hàng Mới Ca 2,2026-06-26 - Thứ 6,49,0.449,0.4286,0,5.19,21.0014,0,22.001,0,27.9986,26.999,0.551,0.5714,49,Lâm Đồng,NTB,AM Trường
NTB - Lâm Đồng,(LDO) Lang Biang - Đà Lạt 2,Hàng Mới Ca 2,2026-07-16 - Thứ 5,51,0.6275,0.6078,0.0196,3.1,30.9978,0.9996,32.0025,0.9996,19.0026,18.9975,0.3725,0.3726,51,Lâm Đồng,NTB,AM Trường
NTB - Lâm Đồng,(LDO) Lang Biang - Đà Lạt 2,Hàng Mới Ca 2,2026-07-07 - Thứ 3,53,0.434,0.4151,0,2.82,22.0003,0,23.002,0,30.9997,29.998,0.566,0.5849,53,Lâm Đồng,NTB,AM Trường
NTB - Lâm Đồng,(LDO) Lang Biang - Đà Lạt 2,Hàng Mới Ca 2,2026-07-14 - Thứ 3,54,0.7222,0.6296,0,4.74,33.9984,0,38.9988,0,20.0016,15.0012,0.2778,0.3704,54,Lâm Đồng,NTB,AM Trường
NTB - Lâm Đồng,(LDO) Lang Biang - Đà Lạt 2,Hàng Mới Ca 2,2026-07-15 - Thứ 4,55,0.6182,0.5455,0.0182,3.63,30.0025,1.001,34.001,1.001,23.9965,20.999,0.3818,0.4363,55,Lâm Đồng,NTB,AM Trường
NTB - Lâm Đồng,(LDO) Lang Biang - Đà Lạt 2,Hàng Tồn,2026-07-11 - Thứ 7,80,0.9625,0.7625,0.025,40.25,61,2,77,2,17,3,0.0375,0.2125,0,Lâm Đồng,NTB,AM Trường
NTB - Lâm Đồng,(LDO) Lang Biang - Đà Lạt 2,Hàng Tồn,2026-07-10 - Thứ 6,85,0.7765,0.5765,0.0353,30.8,49.0025,3.0005,66.0025,3.0005,32.997,18.9975,0.2235,0.3882,0,Lâm Đồng,NTB,AM Trường
NTB - Lâm Đồng,(LDO) Lang Biang - Đà Lạt 2,Hàng Tồn,2026-06-27 - Thứ 7,64,0.8906,0.75,0.0156,33.85,48,0.9984,56.9984,0.9984,15.0016,7.0016,0.1094,0.2344,0,Lâm Đồng,NTB,AM Trường
NTB - Lâm Đồng,(LDO) Lang Biang - Đà Lạt 2,Hàng Tồn,2026-07-04 - Thứ 7,52,0.9038,0.5962,0.0385,43.55,31.0024,2.002,46.9976,2.002,18.9956,5.0024,0.0962,0.3653,0,Lâm Đồng,NTB,AM Trường
NTB - Lâm Đồng,(LDO) Lang Biang - Đà Lạt 2,Hàng Tồn,2026-06-24 - Thứ 4,19,1,0.6316,0.0526,57,12.0004,0.9994,19,0.9994,6.0002,0,0,0.3158,0,Lâm Đồng,NTB,AM Trường
NTB - Lâm Đồng,(LDO) Lang Biang - Đà Lạt 2,Hàng Tồn,2026-07-07 - Thứ 3,21,0.9048,0.381,0,36.13,8.001,0,19.0008,0,12.999,1.9992,0.0952,0.619,0,Lâm Đồng,NTB,AM Trường
NTB - Lâm Đồng,(LDO) Lang Biang - Đà Lạt 2,Hàng Tồn,2026-06-20 - Thứ 7,28,0.8214,0.5357,0,44.27,14.9996,0,22.9992,0,13.0004,5.0008,0.1786,0.4643,0,Lâm Đồng,NTB,AM Trường
NTB - Lâm Đồng,(LDO) Lang Biang - Đà Lạt 2,Hàng Tồn,2026-06-25 - Thứ 5,30,0.9,0.6667,0.0333,30,20.001,0.999,27,0.999,9,3,0.1,0.3,0,Lâm Đồng,NTB,AM Trường
NTB - Lâm Đồng,(LDO) Lang Biang - Đà Lạt 2,Hàng Tồn,2026-06-23 - Thứ 3,33,1,0.4848,0.1212,40.88,15.9984,3.9996,33,3.9996,13.002,0,0,0.394,0,Lâm Đồng,NTB,AM Trường
NTB - Lâm Đồng,(LDO) Lang Biang - Đà Lạt 2,Hàng Tồn,2026-06-28 - Chủ Nhật,34,0.8824,0.7353,0.0294,36.6,25.0002,0.9996,30.0016,0.9996,8.0002,3.9984,0.1176,0.2353,0,Lâm Đồng,NTB,AM Trường
NTB - Lâm Đồng,(LDO) Lang Biang - Đà Lạt 2,Hàng Tồn,2026-07-06 - Thứ 2,34,0.9706,0.8529,0,42,28.9986,0,33.0004,0,5.0014,0.9996,0.0294,0.1471,0,Lâm Đồng,NTB,AM Trường
NTB - Lâm Đồng,(LDO) Lang Biang - Đà Lạt 2,Hàng Tồn,2026-07-01 - Thứ 4,37,0.7568,0.5135,0.0811,35.47,18.9995,3.0007,28.0016,3.0007,14.9998,8.9984,0.2432,0.4054,0,Lâm Đồng,NTB,AM Trường
NTB - Lâm Đồng,(LDO) Lang Biang - Đà Lạt 2,Hàng Tồn,2026-06-30 - Thứ 3,37,0.8108,0.5405,0.0541,41.75,19.9985,2.0017,29.9996,2.0017,14.9998,7.0004,0.1892,0.4054,0,Lâm Đồng,NTB,AM Trường
NTB - Lâm Đồng,(LDO) Lang Biang - Đà Lạt 2,Hàng Tồn,2026-07-09 - Thứ 5,38,0.5789,0.5,0,33.74,19,0,21.9982,0,19,16.0018,0.4211,0.5,0,Lâm Đồng,NTB,AM Trường
NTB - Lâm Đồng,(LDO) Lang Biang - Đà Lạt 2,Hàng Tồn,2026-06-26 - Thứ 6,39,0.6923,0.5641,0,33.14,21.9999,0,26.9997,0,17.0001,12.0003,0.3077,0.4359,0,Lâm Đồng,NTB,AM Trường
NTB - Lâm Đồng,(LDO) Lang Biang - Đà Lạt 2,Hàng Tồn,2026-07-14 - Thứ 3,40,0.925,0.575,0.05,40.61,23,2,37,2,15,3,0.075,0.375,0,Lâm Đồng,NTB,AM Trường
NTB - Lâm Đồng,(LDO) Lang Biang - Đà Lạt 2,Hàng Tồn,2026-06-29 - Thứ 2,41,0.8049,0.5366,0.0244,31.91,22.0006,1.0004,33.0009,1.0004,17.999,7.9991,0.1951,0.439,0,Lâm Đồng,NTB,AM Trường
NTB - Lâm Đồng,(LDO) Lang Biang - Đà Lạt 2,Hàng Tồn,2026-07-02 - Thứ 5,42,0.8095,0.5714,0.0476,40.75,23.9988,1.9992,33.999,1.9992,16.002,8.001,0.1905,0.381,0,Lâm Đồng,NTB,AM Trường
NTB - Lâm Đồng,(LDO) Lang Biang - Đà Lạt 2,Hàng Tồn,2026-06-22 - Thứ 2,42,1,0.619,0.0238,43.85,25.998,0.9996,42,0.9996,15.0024,0,0,0.3572,0,Lâm Đồng,NTB,AM Trường
NTB - Lâm Đồng,(LDO) Lang Biang - Đà Lạt 2,Hàng Tồn,2026-07-15 - Thứ 4,42,0.7143,0.619,0,41.27,25.998,0,30.0006,0,16.002,11.9994,0.2857,0.381,0,Lâm Đồng,NTB,AM Trường
NTB - Lâm Đồng,(LDO) Lang Biang - Đà Lạt 2,Hàng Tồn,2026-06-21 - Chủ Nhật,44,0.8864,0.6364,0.0227,36.43,28.0016,0.9988,39.0016,0.9988,14.9996,4.9984,0.1136,0.3409,0,Lâm Đồng,NTB,AM Trường
NTB - Lâm Đồng,(LDO) Lang Biang - Đà Lạt 2,Hàng Tồn,2026-07-12 - Chủ Nhật,44,0.7955,0.4545,0.0227,34.9,19.998,0.9988,35.002,0.9988,23.0032,8.998,0.2045,0.5228,0,Lâm Đồng,NTB,AM Trường
NTB - Lâm Đồng,(LDO) Lang Biang - Đà Lạt 2,Hàng Tồn,2026-07-17 - Thứ 6,47,0.7234,0.5745,0.0213,38.93,27.0015,1.0011,33.9998,1.0011,18.9974,13.0002,0.2766,0.4042,0,Lâm Đồng,NTB,AM Trường
NTB - Lâm Đồng,(LDO) Lang Biang - Đà Lạt 2,Hàng Tồn,2026-07-05 - Chủ Nhật,48,0.9167,0.625,0.0625,41.03,30,3,44.0016,3,15,3.9984,0.0833,0.3125,0,Lâm Đồng,NTB,AM Trường
NTB - Lâm Đồng,(LDO) Lang Biang - Đà Lạt 2,Hàng Tồn,2026-07-16 - Thứ 5,48,0.6042,0.5417,0,41.46,26.0016,0,29.0016,0,21.9984,18.9984,0.3958,0.4583,0,Lâm Đồng,NTB,AM Trường
NTB - Lâm Đồng,(LDO) Lang Biang - Đà Lạt 2,Hàng Tồn,2026-07-08 - Thứ 4,48,0.9167,0.7708,0.0417,30.24,36.9984,2.0016,44.0016,2.0016,9,3.9984,0.0833,0.1875,0,Lâm Đồng,NTB,AM Trường
NTB - Lâm Đồng,(LDO) Lang Biang - Đà Lạt 2,Hàng Tồn,2026-07-13 - Thứ 2,49,0.9592,0.6735,0,46.12,33.0015,0,47.0008,0,15.9985,1.9992,0.0408,0.3265,0,Lâm Đồng,NTB,AM Trường
NTB - Lâm Đồng,(LDO) Lang Biang - Đà Lạt 2,Hàng Tồn,2026-07-03 - Thứ 6,57,0.9298,0.6491,0.0175,42.27,36.9987,0.9975,52.9986,0.9975,19.0038,4.0014,0.0702,0.3334,0,Lâm Đồng,NTB,AM Trường
NTB - Lâm Đồng,(LDO) Lang Biang - Đà Lạt 1,Hàng Mới Ca 1,2026-06-26 - Thứ 6,64,0.75,0.6563,0.0156,20.83,42.0032,0.9984,48,0.9984,20.9984,16,0.25,0.3281,64,Lâm Đồng,NTB,AM Đại
NTB - Lâm Đồng,(LDO) Lang Biang - Đà Lạt 1,Hàng Mới Ca 1,2026-07-09 - Thứ 5,84,0.5119,0.4762,0.0119,21.58,40.0008,0.9996,42.9996,0.9996,42.9996,41.0004,0.4881,0.5119,84,Lâm Đồng,NTB,AM Đại
NTB - Lâm Đồng,(LDO) Lang Biang - Đà Lạt 1,Hàng Mới Ca 1,2026-06-28 - Chủ Nhật,68,0.7059,0.6176,0.0294,18.45,41.9968,1.9992,48.0012,1.9992,24.004,19.9988,0.2941,0.353,68,Lâm Đồng,NTB,AM Đại
NTB - Lâm Đồng,(LDO) Lang Biang - Đà Lạt 1,Hàng Mới Ca 1,2026-07-02 - Thứ 5,67,0.8657,0.7761,0.0149,18.25,51.9987,0.9983,58.0019,0.9983,14.003,8.9981,0.1343,0.209,67,Lâm Đồng,NTB,AM Đại
NTB - Lâm Đồng,(LDO) Lang Biang - Đà Lạt 1,Hàng Mới Ca 1,2026-07-13 - Thứ 2,61,0.623,0.5574,0.0164,19.74,34.0014,1.0004,38.003,1.0004,25.9982,22.997,0.377,0.4262,61,Lâm Đồng,NTB,AM Đại
NTB - Lâm Đồng,(LDO) Lang Biang - Đà Lạt 1,Hàng Mới Ca 1,2026-06-23 - Thứ 3,52,0.7885,0.6538,0,18.91,33.9976,0,41.002,0,18.0024,10.998,0.2115,0.3462,52,Lâm Đồng,NTB,AM Đại
NTB - Lâm Đồng,(LDO) Lang Biang - Đà Lạt 1,Hàng Mới Ca 1,2026-07-10 - Thứ 6,68,0.8382,0.6912,0,19.7,47.0016,0,56.9976,0,20.9984,11.0024,0.1618,0.3088,68,Lâm Đồng,NTB,AM Đại
NTB - Lâm Đồng,(LDO) Lang Biang - Đà Lạt 1,Hàng Mới Ca 1,2026-06-27 - Thứ 7,61,0.7049,0.6557,0,20.55,39.9977,0,42.9989,0,21.0023,18.0011,0.2951,0.3443,61,Lâm Đồng,NTB,AM Đại
NTB - Lâm Đồng,(LDO) Lang Biang - Đà Lạt 1,Hàng Mới Ca 1,2026-07-11 - Thứ 7,69,0.7246,0.5652,0.029,18.72,38.9988,2.001,49.9974,2.001,28.0002,19.0026,0.2754,0.4058,69,Lâm Đồng,NTB,AM Đại
NTB - Lâm Đồng,(LDO) Lang Biang - Đà Lạt 1,Hàng Mới Ca 1,2026-06-20 - Thứ 7,56,0.75,0.625,0,19.06,35,0,42,0,21,14,0.25,0.375,56,Lâm Đồng,NTB,AM Đại
NTB - Lâm Đồng,(LDO) Lang Biang - Đà Lạt 1,Hàng Mới Ca 1,2026-07-14 - Thứ 3,30,0.3333,0.3333,0,20.7,9.999,0,9.999,0,20.001,20.001,0.6667,0.6667,30,Lâm Đồng,NTB,AM Đại
NTB - Lâm Đồng,(LDO) Lang Biang - Đà Lạt 1,Hàng Mới Ca 1,2026-07-17 - Thứ 6,34,0.6765,0.5882,0.0294,20.1,19.9988,0.9996,23.001,0.9996,13.0016,10.999,0.3235,0.3824,34,Lâm Đồng,NTB,AM Đại
NTB - Lâm Đồng,(LDO) Lang Biang - Đà Lạt 1,Hàng Mới Ca 1,2026-06-30 - Thứ 3,40,0.9,0.675,0.05,18.3,27,2,36,2,11,4,0.1,0.275,40,Lâm Đồng,NTB,AM Đại
NTB - Lâm Đồng,(LDO) Lang Biang - Đà Lạt 1,Hàng Mới Ca 1,2026-07-15 - Thứ 4,41,0.7317,0.7073,0,18.45,28.9993,0,29.9997,0,12.0007,11.0003,0.2683,0.2927,41,Lâm Đồng,NTB,AM Đại
NTB - Lâm Đồng,(LDO) Lang Biang - Đà Lạt 1,Hàng Mới Ca 1,2026-07-05 - Chủ Nhật,41,0.6098,0.561,0,18.7,23.001,0,25.0018,0,17.999,15.9982,0.3902,0.439,41,Lâm Đồng,NTB,AM Đại
NTB - Lâm Đồng,(LDO) Lang Biang - Đà Lạt 1,Hàng Mới Ca 1,2026-06-24 - Thứ 4,42,0.5476,0.4048,0,18.24,17.0016,0,22.9992,0,24.9984,19.0008,0.4524,0.5952,42,Lâm Đồng,NTB,AM Đại
NTB - Lâm Đồng,(LDO) Lang Biang - Đà Lạt 1,Hàng Mới Ca 1,2026-07-03 - Thứ 6,44,0.6818,0.5682,0,21.32,25.0008,0,29.9992,0,18.9992,14.0008,0.3182,0.4318,44,Lâm Đồng,NTB,AM Đại
NTB - Lâm Đồng,(LDO) Lang Biang - Đà Lạt 1,Hàng Mới Ca 1,2026-07-08 - Thứ 4,44,0.5909,0.5682,0,23.12,25.0008,0,25.9996,0,18.9992,18.0004,0.4091,0.4318,44,Lâm Đồng,NTB,AM Đại
NTB - Lâm Đồng,(LDO) Lang Biang - Đà Lạt 1,Hàng Mới Ca 1,2026-06-25 - Thứ 5,45,0.7111,0.6444,0,22.55,28.998,0,31.9995,0,16.002,13.0005,0.2889,0.3556,45,Lâm Đồng,NTB,AM Đại
NTB - Lâm Đồng,(LDO) Lang Biang - Đà Lạt 1,Hàng Mới Ca 1,2026-07-07 - Thứ 3,45,0.7778,0.6,0.0222,20.56,27,0.999,35.001,0.999,17.001,9.999,0.2222,0.3778,45,Lâm Đồng,NTB,AM Đại
NTB - Lâm Đồng,(LDO) Lang Biang - Đà Lạt 1,Hàng Mới Ca 1,2026-07-04 - Thứ 7,46,0.8913,0.7826,0.0652,19.19,35.9996,2.9992,40.9998,2.9992,7.0012,5.0002,0.1087,0.1522,46,Lâm Đồng,NTB,AM Đại
NTB - Lâm Đồng,(LDO) Lang Biang - Đà Lạt 1,Hàng Mới Ca 1,2026-06-22 - Thứ 2,48,0.7708,0.6667,0.0208,17.03,32.0016,0.9984,36.9984,0.9984,15,11.0016,0.2292,0.3125,48,Lâm Đồng,NTB,AM Đại
NTB - Lâm Đồng,(LDO) Lang Biang - Đà Lạt 1,Hàng Mới Ca 1,2026-06-29 - Thứ 2,48,0.75,0.6875,0,22.18,33,0,36,0,15,12,0.25,0.3125,48,Lâm Đồng,NTB,AM Đại
NTB - Lâm Đồng,(LDO) Lang Biang - Đà Lạt 1,Hàng Mới Ca 1,2026-07-01 - Thứ 4,49,0.6939,0.4694,0,19.96,23.0006,0,34.0011,0,25.9994,14.9989,0.3061,0.5306,49,Lâm Đồng,NTB,AM Đại
NTB - Lâm Đồng,(LDO) Lang Biang - Đà Lạt 1,Hàng Mới Ca 1,2026-07-16 - Thứ 5,50,0.56,0.42,0.02,20.57,21,1,28,1,28,22,0.44,0.56,50,Lâm Đồng,NTB,AM Đại
NTB - Lâm Đồng,(LDO) Lang Biang - Đà Lạt 1,Hàng Mới Ca 1,2026-07-06 - Thứ 2,53,0.7358,0.6604,0.0189,21.69,35.0012,1.0017,38.9974,1.0017,16.9971,14.0026,0.2642,0.3207,53,Lâm Đồng,NTB,AM Đại
NTB - Lâm Đồng,(LDO) Lang Biang - Đà Lạt 1,Hàng Mới Ca 1,2026-07-12 - Chủ Nhật,54,0.5741,0.4815,0,20.31,26.001,0,31.0014,0,27.999,22.9986,0.4259,0.5185,54,Lâm Đồng,NTB,AM Đại
NTB - Lâm Đồng,(LDO) Lang Biang - Đà Lạt 1,Hàng Mới Ca 1,2026-06-21 - Chủ Nhật,57,0.807,0.6491,0.0175,18.32,36.9987,0.9975,45.999,0.9975,19.0038,11.001,0.193,0.3334,57,Lâm Đồng,NTB,AM Đại
NTB - Lâm Đồng,(LDO) Lang Biang - Đà Lạt 1,Hàng Mới Ca 2,2026-06-22 - Thứ 2,1,0,0,0,0,0,0,0,0,1,1,1,1,1,Lâm Đồng,NTB,AM Đại
NTB - Lâm Đồng,(LDO) Lang Biang - Đà Lạt 1,Hàng Tồn,2026-07-15 - Thứ 4,63,0.8254,0.5397,0.0794,67.18,34.0011,5.0022,52.0002,5.0022,23.9967,10.9998,0.1746,0.3809,0,Lâm Đồng,NTB,AM Đại
NTB - Lâm Đồng,(LDO) Lang Biang - Đà Lạt 1,Hàng Tồn,2026-07-14 - Thứ 3,75,0.4933,0.36,0.04,68.96,27,3,36.9975,3,45,38.0025,0.5067,0.6,0,Lâm Đồng,NTB,AM Đại
NTB - Lâm Đồng,(LDO) Lang Biang - Đà Lạt 1,Hàng Tồn,2026-07-13 - Thứ 2,68,0.3529,0.2206,0.0294,52.93,15.0008,1.9992,23.9972,1.9992,51,44.0028,0.6471,0.75,0,Lâm Đồng,NTB,AM Đại
NTB - Lâm Đồng,(LDO) Lang Biang - Đà Lạt 1,Hàng Tồn,2026-07-10 - Thứ 6,70,0.7143,0.6,0,59.86,42,0,50.001,0,28,19.999,0.2857,0.4,0,Lâm Đồng,NTB,AM Đại
NTB - Lâm Đồng,(LDO) Lang Biang - Đà Lạt 1,Hàng Tồn,2026-07-05 - Chủ Nhật,16,0.25,0.1875,0,51,3,0,4,0,13,12,0.75,0.8125,0,Lâm Đồng,NTB,AM Đại
NTB - Lâm Đồng,(LDO) Lang Biang - Đà Lạt 1,Hàng Tồn,2026-07-01 - Thứ 4,19,0.7368,0.4211,0.1053,88.75,8.0009,2.0007,13.9992,2.0007,8.9984,5.0008,0.2632,0.4736,0,Lâm Đồng,NTB,AM Đại
NTB - Lâm Đồng,(LDO) Lang Biang - Đà Lạt 1,Hàng Tồn,2026-07-03 - Thứ 6,27,0.7407,0.4815,0,55.77,13.0005,0,19.9989,0,13.9995,7.0011,0.2593,0.5185,0,Lâm Đồng,NTB,AM Đại
NTB - Lâm Đồng,(LDO) Lang Biang - Đà Lạt 1,Hàng Tồn,2026-07-08 - Thứ 4,28,0.2857,0.1786,0.0357,80,5.0008,0.9996,7.9996,0.9996,21.9996,20.0004,0.7143,0.7857,0,Lâm Đồng,NTB,AM Đại
NTB - Lâm Đồng,(LDO) Lang Biang - Đà Lạt 1,Hàng Tồn,2026-06-30 - Thứ 3,29,0.8621,0.7241,0,65.05,20.9989,0,25.0009,0,8.0011,3.9991,0.1379,0.2759,0,Lâm Đồng,NTB,AM Đại
NTB - Lâm Đồng,(LDO) Lang Biang - Đà Lạt 1,Hàng Tồn,2026-07-06 - Thứ 2,31,0.3548,0.1613,0.0323,58,5.0003,1.0013,10.9988,1.0013,24.9984,20.0012,0.6452,0.8064,0,Lâm Đồng,NTB,AM Đại
NTB - Lâm Đồng,(LDO) Lang Biang - Đà Lạt 1,Hàng Tồn,2026-06-26 - Thứ 6,33,0.697,0.3939,0.0303,62.85,12.9987,0.9999,23.001,0.9999,19.0014,9.999,0.303,0.5758,0,Lâm Đồng,NTB,AM Đại
NTB - Lâm Đồng,(LDO) Lang Biang - Đà Lạt 1,Hàng Tồn,2026-07-16 - Thứ 5,33,0.6061,0.303,0.0909,91.4,9.999,2.9997,20.0013,2.9997,20.0013,12.9987,0.3939,0.6061,0,Lâm Đồng,NTB,AM Đại
NTB - Lâm Đồng,(LDO) Lang Biang - Đà Lạt 1,Hàng Tồn,2026-06-20 - Thứ 7,33,0.8485,0.3939,0.0909,66.46,12.9987,2.9997,28.0005,2.9997,17.0016,4.9995,0.1515,0.5152,0,Lâm Đồng,NTB,AM Đại
NTB - Lâm Đồng,(LDO) Lang Biang - Đà Lạt 1,Hàng Tồn,2026-07-04 - Thứ 7,33,0.8485,0.6364,0.0303,61.1,21.0012,0.9999,28.0005,0.9999,10.9989,4.9995,0.1515,0.3333,0,Lâm Đồng,NTB,AM Đại
NTB - Lâm Đồng,(LDO) Lang Biang - Đà Lạt 1,Hàng Tồn,2026-07-02 - Thứ 5,35,0.6857,0.5714,0.0571,59.9,19.999,1.9985,23.9995,1.9985,13.0025,11.0005,0.3143,0.3715,0,Lâm Đồng,NTB,AM Đại
NTB - Lâm Đồng,(LDO) Lang Biang - Đà Lạt 1,Hàng Tồn,2026-06-27 - Thứ 7,36,0.75,0.4722,0.0833,59.35,16.9992,2.9988,27,2.9988,16.002,9,0.25,0.4445,0,Lâm Đồng,NTB,AM Đại
NTB - Lâm Đồng,(LDO) Lang Biang - Đà Lạt 1,Hàng Tồn,2026-06-28 - Chủ Nhật,37,0.6216,0.3514,0.027,59.69,13.0018,0.999,22.9992,0.999,22.9992,14.0008,0.3784,0.6216,0,Lâm Đồng,NTB,AM Đại
NTB - Lâm Đồng,(LDO) Lang Biang - Đà Lạt 1,Hàng Tồn,2026-06-24 - Thứ 4,37,0.5405,0.2432,0.0541,55,8.9984,2.0017,19.9985,2.0017,25.9999,17.0015,0.4595,0.7027,0,Lâm Đồng,NTB,AM Đại
NTB - Lâm Đồng,(LDO) Lang Biang - Đà Lạt 1,Hàng Tồn,2026-07-09 - Thứ 5,41,0.4146,0.3171,0.0244,59.54,13.0011,1.0004,16.9986,1.0004,26.9985,24.0014,0.5854,0.6585,0,Lâm Đồng,NTB,AM Đại
NTB - Lâm Đồng,(LDO) Lang Biang - Đà Lạt 1,Hàng Tồn,2026-07-07 - Thứ 3,41,0.7805,0.6585,0.0244,69.48,26.9985,1.0004,32.0005,1.0004,13.0011,8.9995,0.2195,0.3171,0,Lâm Đồng,NTB,AM Đại
NTB - Lâm Đồng,(LDO) Lang Biang - Đà Lạt 1,Hàng Tồn,2026-06-23 - Thứ 3,42,0.7143,0.5238,0.0238,76.27,21.9996,0.9996,30.0006,0.9996,19.0008,11.9994,0.2857,0.4524,0,Lâm Đồng,NTB,AM Đại
NTB - Lâm Đồng,(LDO) Lang Biang - Đà Lạt 1,Hàng Tồn,2026-06-22 - Thứ 2,42,0.5952,0.3571,0.0238,56.87,14.9982,0.9996,24.9984,0.9996,26.0022,17.0016,0.4048,0.6191,0,Lâm Đồng,NTB,AM Đại
NTB - Lâm Đồng,(LDO) Lang Biang - Đà Lạt 1,Hàng Tồn,2026-06-21 - Chủ Nhật,45,0.6889,0.4222,0.0444,63.05,18.999,1.998,31.0005,1.998,24.003,13.9995,0.3111,0.5334,0,Lâm Đồng,NTB,AM Đại
NTB - Lâm Đồng,(LDO) Lang Biang - Đà Lạt 1,Hàng Tồn,2026-06-29 - Thứ 2,47,0.7021,0.5745,0.0851,65.48,27.0015,3.9997,32.9987,3.9997,15.9988,14.0013,0.2979,0.3404,0,Lâm Đồng,NTB,AM Đại
NTB - Lâm Đồng,(LDO) Lang Biang - Đà Lạt 1,Hàng Tồn,2026-07-17 - Thứ 6,49,0.4898,0.3878,0,50.11,19.0022,0,24.0002,0,29.9978,24.9998,0.5102,0.6122,0,Lâm Đồng,NTB,AM Đại
NTB - Lâm Đồng,(LDO) Lang Biang - Đà Lạt 1,Hàng Tồn,2026-07-11 - Thứ 7,49,0.6531,0.4694,0.0204,72.61,23.0006,0.9996,32.0019,0.9996,24.9998,16.9981,0.3469,0.5102,0,Lâm Đồng,NTB,AM Đại
NTB - Lâm Đồng,(LDO) Lang Biang - Đà Lạt 1,Hàng Tồn,2026-07-12 - Chủ Nhật,50,0.3,0.16,0,65,8,0,15,0,42,35,0.7,0.84,0,Lâm Đồng,NTB,AM Đại
NTB - Lâm Đồng,(LDO) Lang Biang - Đà Lạt 1,Hàng Tồn,2026-06-25 - Thứ 5,51,0.7451,0.5098,0.098,56.31,25.9998,4.998,38.0001,4.998,20.0022,12.9999,0.2549,0.3922,0,Lâm Đồng,NTB,AM Đại
NTB - Lâm Đồng,(LDO) Hòa Ninh,Hàng Mới Ca 1,2026-07-10 - Thứ 6,52,0.7885,0.6154,0,14.19,32.0008,0,41.002,0,19.9992,10.998,0.2115,0.3846,52,Lâm Đồng,NTB,AM Tâm
NTB - Lâm Đồng,(LDO) Hòa Ninh,Hàng Mới Ca 1,2026-07-15 - Thứ 4,12,0.75,0.5833,0,9.43,6.9996,0,9,0,5.0004,3,0.25,0.4167,12,Lâm Đồng,NTB,AM Tâm
NTB - Lâm Đồng,(LDO) Hòa Ninh,Hàng Mới Ca 1,2026-06-22 - Thứ 2,14,1,0.4286,0,9,6.0004,0,14,0,7.9996,0,0,0.5714,14,Lâm Đồng,NTB,AM Tâm
NTB - Lâm Đồng,(LDO) Hòa Ninh,Hàng Mới Ca 1,2026-06-30 - Thứ 3,15,1,0.8667,0,16.85,13.0005,0,15,0,1.9995,0,0,0.1333,15,Lâm Đồng,NTB,AM Tâm
NTB - Lâm Đồng,(LDO) Hòa Ninh,Hàng Mới Ca 1,2026-07-01 - Thứ 4,17,0.6471,0.4706,0,8.38,8.0002,0,11.0007,0,8.9998,5.9993,0.3529,0.5294,17,Lâm Đồng,NTB,AM Tâm
NTB - Lâm Đồng,(LDO) Hòa Ninh,Hàng Mới Ca 1,2026-07-16 - Thứ 5,18,0.5556,0.3889,0.0556,5.43,7.0002,1.0008,10.0008,1.0008,9.999,7.9992,0.4444,0.5555,18,Lâm Đồng,NTB,AM Tâm
NTB - Lâm Đồng,(LDO) Hòa Ninh,Hàng Mới Ca 1,2026-07-07 - Thứ 3,18,1,0.8889,0,15.63,16.0002,0,18,0,1.9998,0,0,0.1111,18,Lâm Đồng,NTB,AM Tâm
NTB - Lâm Đồng,(LDO) Hòa Ninh,Hàng Mới Ca 1,2026-07-14 - Thứ 3,19,0.8947,0.5789,0,23.55,10.9991,0,16.9993,0,8.0009,2.0007,0.1053,0.4211,19,Lâm Đồng,NTB,AM Tâm
NTB - Lâm Đồng,(LDO) Hòa Ninh,Hàng Mới Ca 1,2026-07-08 - Thứ 4,19,0.9474,0.7368,0,18.64,13.9992,0,18.0006,0,5.0008,0.9994,0.0526,0.2632,19,Lâm Đồng,NTB,AM Tâm
NTB - Lâm Đồng,(LDO) Hòa Ninh,Hàng Mới Ca 1,2026-06-20 - Thứ 7,19,1,0.5263,0,10.6,9.9997,0,19,0,9.0003,0,0,0.4737,19,Lâm Đồng,NTB,AM Tâm
NTB - Lâm Đồng,(LDO) Hòa Ninh,Hàng Mới Ca 1,2026-07-06 - Thứ 2,22,1,0.5455,0,17.67,12.001,0,22,0,9.999,0,0,0.4545,22,Lâm Đồng,NTB,AM Tâm
NTB - Lâm Đồng,(LDO) Hòa Ninh,Hàng Mới Ca 1,2026-06-29 - Thứ 2,24,0.8333,0.5833,0.0417,13,13.9992,1.0008,19.9992,1.0008,9,4.0008,0.1667,0.375,24,Lâm Đồng,NTB,AM Tâm
NTB - Lâm Đồng,(LDO) Hòa Ninh,Hàng Mới Ca 1,2026-06-21 - Chủ Nhật,26,0.6923,0.2308,0,15.33,6.0008,0,17.9998,0,19.9992,8.0002,0.3077,0.7692,26,Lâm Đồng,NTB,AM Tâm
NTB - Lâm Đồng,(LDO) Hòa Ninh,Hàng Mới Ca 1,2026-07-05 - Chủ Nhật,27,1,0.6667,0,13.67,18.0009,0,27,0,8.9991,0,0,0.3333,27,Lâm Đồng,NTB,AM Tâm
NTB - Lâm Đồng,(LDO) Hòa Ninh,Hàng Mới Ca 1,2026-07-13 - Thứ 2,27,0.6296,0.2593,0,15.86,7.0011,0,16.9992,0,19.9989,10.0008,0.3704,0.7407,27,Lâm Đồng,NTB,AM Tâm
NTB - Lâm Đồng,(LDO) Hòa Ninh,Hàng Mới Ca 1,2026-07-04 - Thứ 7,28,1,0.7857,0,15.68,21.9996,0,28,0,6.0004,0,0,0.2143,28,Lâm Đồng,NTB,AM Tâm
NTB - Lâm Đồng,(LDO) Hòa Ninh,Hàng Mới Ca 1,2026-06-23 - Thứ 3,30,0.8667,0.4667,0,16.43,14.001,0,26.001,0,15.999,3.999,0.1333,0.5333,30,Lâm Đồng,NTB,AM Tâm
NTB - Lâm Đồng,(LDO) Hòa Ninh,Hàng Mới Ca 1,2026-06-27 - Thứ 7,32,0.7813,0.375,0,17.42,12,0,25.0016,0,20,6.9984,0.2187,0.625,32,Lâm Đồng,NTB,AM Tâm
NTB - Lâm Đồng,(LDO) Hòa Ninh,Hàng Mới Ca 1,2026-07-02 - Thứ 5,33,0.8485,0.5152,0,10.12,17.0016,0,28.0005,0,15.9984,4.9995,0.1515,0.4848,33,Lâm Đồng,NTB,AM Tâm
NTB - Lâm Đồng,(LDO) Hòa Ninh,Hàng Mới Ca 1,2026-07-03 - Thứ 6,35,0.7714,0.4857,0.0286,17.53,16.9995,1.001,26.999,1.001,16.9995,8.001,0.2286,0.4857,35,Lâm Đồng,NTB,AM Tâm
NTB - Lâm Đồng,(LDO) Hòa Ninh,Hàng Mới Ca 1,2026-07-17 - Thứ 6,36,0.6667,0.3889,0.0278,19.36,14.0004,1.0008,24.0012,1.0008,20.9988,11.9988,0.3333,0.5833,36,Lâm Đồng,NTB,AM Tâm
NTB - Lâm Đồng,(LDO) Hòa Ninh,Hàng Mới Ca 1,2026-07-09 - Thứ 5,36,0.9722,0.8611,0,13.23,30.9996,0,34.9992,0,5.0004,1.0008,0.0278,0.1389,36,Lâm Đồng,NTB,AM Tâm
NTB - Lâm Đồng,(LDO) Hòa Ninh,Hàng Mới Ca 1,2026-06-24 - Thứ 4,38,0.7105,0.4737,0,17.44,18.0006,0,26.999,0,19.9994,11.001,0.2895,0.5263,38,Lâm Đồng,NTB,AM Tâm
NTB - Lâm Đồng,(LDO) Hòa Ninh,Hàng Mới Ca 1,2026-06-28 - Chủ Nhật,38,0.8947,0.5263,0,14.35,19.9994,0,33.9986,0,18.0006,4.0014,0.1053,0.4737,38,Lâm Đồng,NTB,AM Tâm
NTB - Lâm Đồng,(LDO) Hòa Ninh,Hàng Mới Ca 1,2026-06-26 - Thứ 6,38,0.7895,0.5,0,12.53,19,0,30.001,0,19,7.999,0.2105,0.5,38,Lâm Đồng,NTB,AM Tâm
NTB - Lâm Đồng,(LDO) Hòa Ninh,Hàng Mới Ca 1,2026-06-25 - Thứ 5,39,1,0.6154,0.0256,9.75,24.0006,0.9984,39,0.9984,14.001,0,0,0.359,39,Lâm Đồng,NTB,AM Tâm
NTB - Lâm Đồng,(LDO) Hòa Ninh,Hàng Mới Ca 1,2026-07-12 - Chủ Nhật,42,0.881,0.6905,0,14.69,29.001,0,37.002,0,12.999,4.998,0.119,0.3095,42,Lâm Đồng,NTB,AM Tâm
NTB - Lâm Đồng,(LDO) Hòa Ninh,Hàng Mới Ca 1,2026-07-11 - Thứ 7,47,0.7234,0.6596,0.0213,19.94,31.0012,1.0011,33.9998,1.0011,14.9977,13.0002,0.2766,0.3191,47,Lâm Đồng,NTB,AM Tâm
NTB - Lâm Đồng,(LDO) Hòa Ninh,Hàng Mới Ca 2,2026-06-21 - Chủ Nhật,1,0,0,0,0,0,0,0,0,1,1,1,1,1,Lâm Đồng,NTB,AM Tâm
NTB - Lâm Đồng,(LDO) Hòa Ninh,Hàng Mới Ca 2,2026-06-26 - Thứ 6,1,0,0,0,0,0,0,0,0,1,1,1,1,1,Lâm Đồng,NTB,AM Tâm
NTB - Lâm Đồng,(LDO) Hòa Ninh,Hàng Mới Ca 2,2026-07-04 - Thứ 7,2,0,0,0,0,0,0,0,0,2,2,1,1,2,Lâm Đồng,NTB,AM Tâm
NTB - Lâm Đồng,(LDO) Hòa Ninh,Hàng Mới Ca 2,2026-07-05 - Chủ Nhật,2,0,0,0,0,0,0,0,0,2,2,1,1,2,Lâm Đồng,NTB,AM Tâm
NTB - Lâm Đồng,(LDO) Hòa Ninh,Hàng Mới Ca 2,2026-06-23 - Thứ 3,2,1,1,0,3.5,2,0,2,0,0,0,0,0,2,Lâm Đồng,NTB,AM Tâm
NTB - Lâm Đồng,(LDO) Hòa Ninh,Hàng Mới Ca 2,2026-07-16 - Thứ 5,3,0.3333,0.3333,0,8,0.9999,0,0.9999,0,2.0001,2.0001,0.6667,0.6667,3,Lâm Đồng,NTB,AM Tâm
NTB - Lâm Đồng,(LDO) Hòa Ninh,Hàng Mới Ca 2,2026-07-03 - Thứ 6,3,0.6667,0,0,0,0,0,2.0001,0,3,0.9999,0.3333,1,3,Lâm Đồng,NTB,AM Tâm
NTB - Lâm Đồng,(LDO) Hòa Ninh,Hàng Mới Ca 2,2026-06-27 - Thứ 7,3,0.6667,0.6667,0,2,2.0001,0,2.0001,0,0.9999,0.9999,0.3333,0.3333,3,Lâm Đồng,NTB,AM Tâm
NTB - Lâm Đồng,(LDO) Hòa Ninh,Hàng Mới Ca 2,2026-07-06 - Thứ 2,4,0.25,0.25,0,3,1,0,1,0,3,3,0.75,0.75,4,Lâm Đồng,NTB,AM Tâm
NTB - Lâm Đồng,(LDO) Hòa Ninh,Hàng Mới Ca 2,2026-06-22 - Thứ 2,4,0.25,0.25,0,4,1,0,1,0,3,3,0.75,0.75,4,Lâm Đồng,NTB,AM Tâm
NTB - Lâm Đồng,(LDO) Hòa Ninh,Hàng Mới Ca 2,2026-06-24 - Thứ 4,5,0,0,0,0,0,0,0,0,5,5,1,1,5,Lâm Đồng,NTB,AM Tâm
NTB - Lâm Đồng,(LDO) Hòa Ninh,Hàng Mới Ca 2,2026-07-12 - Chủ Nhật,5,1,0.8,0,4.5,4,0,5,0,1,0,0,0.2,5,Lâm Đồng,NTB,AM Tâm
NTB - Lâm Đồng,(LDO) Hòa Ninh,Hàng Mới Ca 2,2026-06-28 - Chủ Nhật,5,0,0,0,0,0,0,0,0,5,5,1,1,5,Lâm Đồng,NTB,AM Tâm
NTB - Lâm Đồng,(LDO) Hòa Ninh,Hàng Mới Ca 2,2026-07-02 - Thứ 5,5,0,0,0,0,0,0,0,0,5,5,1,1,5,Lâm Đồng,NTB,AM Tâm
NTB - Lâm Đồng,(LDO) Hòa Ninh,Hàng Mới Ca 2,2026-06-20 - Thứ 7,5,0,0,0,0,0,0,0,0,5,5,1,1,5,Lâm Đồng,NTB,AM Tâm
NTB - Lâm Đồng,(LDO) Hòa Ninh,Hàng Mới Ca 2,2026-07-09 - Thứ 5,5,0.2,0.2,0,5,1,0,1,0,4,4,0.8,0.8,5,Lâm Đồng,NTB,AM Tâm
NTB - Lâm Đồng,(LDO) Hòa Ninh,Hàng Mới Ca 2,2026-06-29 - Thứ 2,6,0,0,0,0,0,0,0,0,6,6,1,1,6,Lâm Đồng,NTB,AM Tâm
NTB - Lâm Đồng,(LDO) Hòa Ninh,Hàng Mới Ca 2,2026-06-25 - Thứ 5,6,0,0,0,0,0,0,0,0,6,6,1,1,6,Lâm Đồng,NTB,AM Tâm
NTB - Lâm Đồng,(LDO) Hòa Ninh,Hàng Mới Ca 2,2026-06-30 - Thứ 3,6,0,0,0,0,0,0,0,0,6,6,1,1,6,Lâm Đồng,NTB,AM Tâm
NTB - Lâm Đồng,(LDO) Hòa Ninh,Hàng Mới Ca 2,2026-07-07 - Thứ 3,7,0,0,0,0,0,0,0,0,7,7,1,1,7,Lâm Đồng,NTB,AM Tâm
NTB - Lâm Đồng,(LDO) Hòa Ninh,Hàng Mới Ca 2,2026-07-14 - Thứ 3,7,0.2857,0.2857,0,3,1.9999,0,1.9999,0,5.0001,5.0001,0.7143,0.7143,7,Lâm Đồng,NTB,AM Tâm
NTB - Lâm Đồng,(LDO) Hòa Ninh,Hàng Mới Ca 2,2026-07-15 - Thứ 4,8,0.375,0.25,0,4.5,2,0,3,0,6,5,0.625,0.75,8,Lâm Đồng,NTB,AM Tâm
NTB - Lâm Đồng,(LDO) Hòa Ninh,Hàng Mới Ca 2,2026-07-13 - Thứ 2,8,0.125,0.125,0,8,1,0,1,0,7,7,0.875,0.875,8,Lâm Đồng,NTB,AM Tâm
NTB - Lâm Đồng,(LDO) Hòa Ninh,Hàng Mới Ca 2,2026-07-10 - Thứ 6,8,0.125,0.125,0,3,1,0,1,0,7,7,0.875,0.875,8,Lâm Đồng,NTB,AM Tâm
NTB - Lâm Đồng,(LDO) Hòa Ninh,Hàng Mới Ca 2,2026-07-17 - Thứ 6,9,0,0,0,0,0,0,0,0,9,9,1,1,9,Lâm Đồng,NTB,AM Tâm
NTB - Lâm Đồng,(LDO) Hòa Ninh,Hàng Mới Ca 2,2026-07-08 - Thứ 4,9,0.5556,0.5556,0,5.2,5.0004,0,5.0004,0,3.9996,3.9996,0.4444,0.4444,9,Lâm Đồng,NTB,AM Tâm
NTB - Lâm Đồng,(LDO) Hòa Ninh,Hàng Mới Ca 2,2026-07-11 - Thứ 7,10,0.5,0.5,0,4.8,5,0,5,0,5,5,0.5,0.5,10,Lâm Đồng,NTB,AM Tâm
NTB - Lâm Đồng,(LDO) Hòa Ninh,Hàng Mới Ca 2,2026-07-01 - Thứ 4,10,0.1,0,0,0,0,0,1,0,10,9,0.9,1,10,Lâm Đồng,NTB,AM Tâm
NTB - Lâm Đồng,(LDO) Hòa Ninh,Hàng Tồn,2026-06-23 - Thứ 3,59,0.5763,0.2373,0.1017,106.57,14.0007,6.0003,34.0017,6.0003,38.999,24.9983,0.4237,0.661,0,Lâm Đồng,NTB,AM Tâm
NTB - Lâm Đồng,(LDO) Hòa Ninh,Hàng Tồn,2026-06-22 - Thứ 2,71,1,0.2394,0.0423,94.41,16.9974,3.0033,71,3.0033,50.9993,0,0,0.7183,0,Lâm Đồng,NTB,AM Tâm
NTB - Lâm Đồng,(LDO) Hòa Ninh,Hàng Tồn,2026-06-29 - Thứ 2,58,0.931,0.4655,0.0517,85.22,26.999,2.9986,53.998,2.9986,28.0024,4.002,0.069,0.4828,0,Lâm Đồng,NTB,AM Tâm
NTB - Lâm Đồng,(LDO) Hòa Ninh,Hàng Tồn,2026-07-08 - Thứ 4,17,0.5294,0.3529,0,53.5,5.9993,0,8.9998,0,11.0007,8.0002,0.4706,0.6471,0,Lâm Đồng,NTB,AM Tâm
NTB - Lâm Đồng,(LDO) Hòa Ninh,Hàng Tồn,2026-07-09 - Thứ 5,19,0.6316,0.3158,0.0526,44.33,6.0002,0.9994,12.0004,0.9994,12.0004,6.9996,0.3684,0.6316,0,Lâm Đồng,NTB,AM Tâm
NTB - Lâm Đồng,(LDO) Hòa Ninh,Hàng Tồn,2026-07-10 - Thứ 6,21,0.5714,0.2857,0,72.67,5.9997,0,11.9994,0,15.0003,9.0006,0.4286,0.7143,0,Lâm Đồng,NTB,AM Tâm
NTB - Lâm Đồng,(LDO) Hòa Ninh,Hàng Tồn,2026-07-05 - Chủ Nhật,22,0.6818,0.2273,0.0909,99,5.0006,1.9998,14.9996,1.9998,14.9996,7.0004,0.3182,0.6818,0,Lâm Đồng,NTB,AM Tâm
NTB - Lâm Đồng,(LDO) Hòa Ninh,Hàng Tồn,2026-07-07 - Thứ 3,22,0.8182,0.4545,0.1364,72.4,9.999,3.0008,18.0004,3.0008,9.0002,3.9996,0.1818,0.4091,0,Lâm Đồng,NTB,AM Tâm
NTB - Lâm Đồng,(LDO) Hòa Ninh,Hàng Tồn,2026-07-06 - Thứ 2,24,0.6667,0.5833,0,94.79,13.9992,0,16.0008,0,10.0008,7.9992,0.3333,0.4167,0,Lâm Đồng,NTB,AM Tâm
NTB - Lâm Đồng,(LDO) Hòa Ninh,Hàng Tồn,2026-07-01 - Thứ 4,30,0.6333,0.4333,0,87.69,12.999,0,18.999,0,17.001,11.001,0.3667,0.5667,0,Lâm Đồng,NTB,AM Tâm
NTB - Lâm Đồng,(LDO) Hòa Ninh,Hàng Tồn,2026-07-17 - Thứ 6,30,0.8,0.4,0.1,72.83,12,3,24,3,15,6,0.2,0.5,0,Lâm Đồng,NTB,AM Tâm
NTB - Lâm Đồng,(LDO) Hòa Ninh,Hàng Tồn,2026-07-16 - Thứ 5,35,0.7143,0.4,0.0857,73.5,14,2.9995,25.0005,2.9995,18.0005,9.9995,0.2857,0.5143,0,Lâm Đồng,NTB,AM Tâm
NTB - Lâm Đồng,(LDO) Hòa Ninh,Hàng Tồn,2026-07-02 - Thứ 5,36,0.8889,0.3611,0.0278,60.15,12.9996,1.0008,32.0004,1.0008,21.9996,3.9996,0.1111,0.6111,0,Lâm Đồng,NTB,AM Tâm
NTB - Lâm Đồng,(LDO) Hòa Ninh,Hàng Tồn,2026-07-13 - Thứ 2,37,0.7297,0.3784,0.027,78,14.0008,0.999,26.9989,0.999,22.0002,10.0011,0.2703,0.5946,0,Lâm Đồng,NTB,AM Tâm
NTB - Lâm Đồng,(LDO) Hòa Ninh,Hàng Tồn,2026-06-26 - Thứ 6,41,0.8293,0.1707,0.0732,65.43,6.9987,3.0012,34.0013,3.0012,31.0001,6.9987,0.1707,0.7561,0,Lâm Đồng,NTB,AM Tâm
NTB - Lâm Đồng,(LDO) Hòa Ninh,Hàng Tồn,2026-07-11 - Thứ 7,42,0.619,0.4048,0,43.53,17.0016,0,25.998,0,24.9984,16.002,0.381,0.5952,0,Lâm Đồng,NTB,AM Tâm
NTB - Lâm Đồng,(LDO) Hòa Ninh,Hàng Tồn,2026-06-30 - Thứ 3,42,0.9524,0.4524,0.0238,153.47,19.0008,0.9996,40.0008,0.9996,21.9996,1.9992,0.0476,0.5238,0,Lâm Đồng,NTB,AM Tâm
NTB - Lâm Đồng,(LDO) Hòa Ninh,Hàng Tồn,2026-06-25 - Thứ 5,43,0.9535,0.3488,0,107.47,14.9984,0,41.0005,0,28.0016,1.9995,0.0465,0.6512,0,Lâm Đồng,NTB,AM Tâm
NTB - Lâm Đồng,(LDO) Hòa Ninh,Hàng Tồn,2026-07-12 - Chủ Nhật,44,0.5909,0.3864,0.0227,60.06,17.0016,0.9988,25.9996,0.9988,25.9996,18.0004,0.4091,0.5909,0,Lâm Đồng,NTB,AM Tâm
NTB - Lâm Đồng,(LDO) Hòa Ninh,Hàng Tồn,2026-07-15 - Thứ 4,44,0.6364,0.4318,0.0227,83.05,18.9992,0.9988,28.0016,0.9988,24.002,15.9984,0.3636,0.5455,0,Lâm Đồng,NTB,AM Tâm
NTB - Lâm Đồng,(LDO) Hòa Ninh,Hàng Tồn,2026-07-03 - Thứ 6,45,0.4667,0.3111,0.0222,98,13.9995,0.999,21.0015,0.999,30.0015,23.9985,0.5333,0.6667,0,Lâm Đồng,NTB,AM Tâm
NTB - Lâm Đồng,(LDO) Hòa Ninh,Hàng Tồn,2026-06-24 - Thứ 4,46,0.3261,0.3043,0.0217,81.07,13.9978,0.9982,15.0006,0.9982,31.004,30.9994,0.6739,0.674,0,Lâm Đồng,NTB,AM Tâm
NTB - Lâm Đồng,(LDO) Hòa Ninh,Hàng Tồn,2026-06-21 - Chủ Nhật,47,0.766,0.2979,0.0213,81.21,14.0013,1.0011,36.002,1.0011,31.9976,10.998,0.234,0.6808,0,Lâm Đồng,NTB,AM Tâm
NTB - Lâm Đồng,(LDO) Hòa Ninh,Hàng Tồn,2026-06-27 - Thứ 7,47,0.8298,0.234,0,59.91,10.998,0,39.0006,0,36.002,7.9994,0.1702,0.766,0,Lâm Đồng,NTB,AM Tâm
NTB - Lâm Đồng,(LDO) Hòa Ninh,Hàng Tồn,2026-07-04 - Thứ 7,49,0.9796,0.6327,0.0612,77.77,31.0023,2.9988,48.0004,2.9988,14.9989,0.9996,0.0204,0.3061,0,Lâm Đồng,NTB,AM Tâm
NTB - Lâm Đồng,(LDO) Hòa Ninh,Hàng Tồn,2026-06-20 - Thứ 7,50,0.84,0.3,0.02,94.8,15,1,42,1,34,8,0.16,0.68,0,Lâm Đồng,NTB,AM Tâm
NTB - Lâm Đồng,(LDO) Hòa Ninh,Hàng Tồn,2026-07-14 - Thứ 3,50,0.7,0.34,0.02,64.59,17,1,35,1,32,15,0.3,0.64,0,Lâm Đồng,NTB,AM Tâm
NTB - Lâm Đồng,(LDO) Hòa Ninh,Hàng Tồn,2026-06-28 - Chủ Nhật,53,0.8491,0.283,0.0377,84.93,14.999,1.9981,45.0023,1.9981,36.0029,7.9977,0.1509,0.6793,0,Lâm Đồng,NTB,AM Tâm
NTB - Lâm Đồng,(LDO) Hiệp Thạnh,Hàng Mới Ca 1,2026-07-14 - Thứ 3,18,1,0.9444,0,11.47,16.9992,0,18,0,1.0008,0,0,0.0556,18,Lâm Đồng,NTB,AM Trường
NTB - Lâm Đồng,(LDO) Hiệp Thạnh,Hàng Mới Ca 1,2026-07-08 - Thứ 4,19,0.8947,0.7895,0,13.53,15.0005,0,16.9993,0,3.9995,2.0007,0.1053,0.2105,19,Lâm Đồng,NTB,AM Trường
NTB - Lâm Đồng,(LDO) Hiệp Thạnh,Hàng Mới Ca 1,2026-07-04 - Thứ 7,21,1,1,0,12.76,21,0,21,0,0,0,0,0,21,Lâm Đồng,NTB,AM Trường
NTB - Lâm Đồng,(LDO) Hiệp Thạnh,Hàng Mới Ca 1,2026-06-30 - Thứ 3,21,1,0.9048,0,9.63,19.0008,0,21,0,1.9992,0,0,0.0952,21,Lâm Đồng,NTB,AM Trường
NTB - Lâm Đồng,(LDO) Hiệp Thạnh,Hàng Mới Ca 1,2026-06-20 - Thứ 7,22,1,1,0,13,22,0,22,0,0,0,0,0,22,Lâm Đồng,NTB,AM Trường
NTB - Lâm Đồng,(LDO) Hiệp Thạnh,Hàng Mới Ca 1,2026-07-07 - Thứ 3,23,1,1,0,6.91,23,0,23,0,0,0,0,0,23,Lâm Đồng,NTB,AM Trường
NTB - Lâm Đồng,(LDO) Hiệp Thạnh,Hàng Mới Ca 1,2026-07-05 - Chủ Nhật,23,0.9565,0.8696,0,9.65,20.0008,0,21.9995,0,2.9992,1.0005,0.0435,0.1304,23,Lâm Đồng,NTB,AM Trường
NTB - Lâm Đồng,(LDO) Hiệp Thạnh,Hàng Mới Ca 1,2026-07-16 - Thứ 5,24,0.9583,0.8333,0,12.05,19.9992,0,22.9992,0,4.0008,1.0008,0.0417,0.1667,24,Lâm Đồng,NTB,AM Trường
NTB - Lâm Đồng,(LDO) Hiệp Thạnh,Hàng Mới Ca 1,2026-06-21 - Chủ Nhật,24,1,0.9167,0,11.95,22.0008,0,24,0,1.9992,0,0,0.0833,24,Lâm Đồng,NTB,AM Trường
NTB - Lâm Đồng,(LDO) Hiệp Thạnh,Hàng Mới Ca 1,2026-06-23 - Thứ 3,24,1,1,0,11.21,24,0,24,0,0,0,0,0,24,Lâm Đồng,NTB,AM Trường
NTB - Lâm Đồng,(LDO) Hiệp Thạnh,Hàng Mới Ca 1,2026-07-12 - Chủ Nhật,26,1,0.9615,0,13,24.999,0,26,0,1.001,0,0,0.0385,26,Lâm Đồng,NTB,AM Trường
NTB - Lâm Đồng,(LDO) Hiệp Thạnh,Hàng Mới Ca 1,2026-07-01 - Thứ 4,28,1,0.9286,0,10.85,26.0008,0,28,0,1.9992,0,0,0.0714,28,Lâm Đồng,NTB,AM Trường
NTB - Lâm Đồng,(LDO) Hiệp Thạnh,Hàng Mới Ca 1,2026-07-15 - Thứ 4,29,1,0.931,0.0345,11.56,26.999,1.0005,29,1.0005,1.0005,0,0,0.0345,29,Lâm Đồng,NTB,AM Trường
NTB - Lâm Đồng,(LDO) Hiệp Thạnh,Hàng Mới Ca 1,2026-06-28 - Chủ Nhật,29,1,0.9655,0,10.36,27.9995,0,29,0,1.0005,0,0,0.0345,29,Lâm Đồng,NTB,AM Trường
NTB - Lâm Đồng,(LDO) Hiệp Thạnh,Hàng Mới Ca 1,2026-06-22 - Thứ 2,29,1,1,0,10.76,29,0,29,0,0,0,0,0,29,Lâm Đồng,NTB,AM Trường
NTB - Lâm Đồng,(LDO) Hiệp Thạnh,Hàng Mới Ca 1,2026-06-27 - Thứ 7,30,0.9667,0.9667,0,14.45,29.001,0,29.001,0,0.999,0.999,0.0333,0.0333,30,Lâm Đồng,NTB,AM Trường
NTB - Lâm Đồng,(LDO) Hiệp Thạnh,Hàng Mới Ca 1,2026-07-02 - Thứ 5,31,1,0.8387,0,10.73,25.9997,0,31,0,5.0003,0,0,0.1613,31,Lâm Đồng,NTB,AM Trường
NTB - Lâm Đồng,(LDO) Hiệp Thạnh,Hàng Mới Ca 1,2026-06-25 - Thứ 5,33,0.9697,0.9394,0,15.97,31.0002,0,32.0001,0,1.9998,0.9999,0.0303,0.0606,33,Lâm Đồng,NTB,AM Trường
NTB - Lâm Đồng,(LDO) Hiệp Thạnh,Hàng Mới Ca 1,2026-07-03 - Thứ 6,34,1,0.8529,0,12.86,28.9986,0,34,0,5.0014,0,0,0.1471,34,Lâm Đồng,NTB,AM Trường
NTB - Lâm Đồng,(LDO) Hiệp Thạnh,Hàng Mới Ca 1,2026-07-13 - Thứ 2,34,1,0.9706,0,11.15,33.0004,0,34,0,0.9996,0,0,0.0294,34,Lâm Đồng,NTB,AM Trường
NTB - Lâm Đồng,(LDO) Hiệp Thạnh,Hàng Mới Ca 1,2026-06-29 - Thứ 2,34,1,0.9706,0,13.18,33.0004,0,34,0,0.9996,0,0,0.0294,34,Lâm Đồng,NTB,AM Trường
NTB - Lâm Đồng,(LDO) Hiệp Thạnh,Hàng Mới Ca 1,2026-07-11 - Thứ 7,34,1,0.9706,0,13.55,33.0004,0,34,0,0.9996,0,0,0.0294,34,Lâm Đồng,NTB,AM Trường
NTB - Lâm Đồng,(LDO) Hiệp Thạnh,Hàng Mới Ca 1,2026-07-06 - Thứ 2,35,1,0.9143,0,12.13,32.0005,0,35,0,2.9995,0,0,0.0857,35,Lâm Đồng,NTB,AM Trường
NTB - Lâm Đồng,(LDO) Hiệp Thạnh,Hàng Mới Ca 1,2026-07-17 - Thứ 6,37,1,0.973,0,13.92,36.001,0,37,0,0.999,0,0,0.027,37,Lâm Đồng,NTB,AM Trường
NTB - Lâm Đồng,(LDO) Hiệp Thạnh,Hàng Mới Ca 1,2026-07-09 - Thứ 5,38,0.9211,0.8158,0.0263,15.45,31.0004,0.9994,35.0018,0.9994,6.0002,2.9982,0.0789,0.1579,38,Lâm Đồng,NTB,AM Trường
NTB - Lâm Đồng,(LDO) Hiệp Thạnh,Hàng Mới Ca 1,2026-06-24 - Thứ 4,39,0.9231,0.8205,0,14.63,31.9995,0,36.0009,0,7.0005,2.9991,0.0769,0.1795,39,Lâm Đồng,NTB,AM Trường
NTB - Lâm Đồng,(LDO) Hiệp Thạnh,Hàng Mới Ca 1,2026-07-10 - Thứ 6,43,0.9767,0.8837,0.0465,13.61,37.9991,1.9995,41.9981,1.9995,3.0014,1.0019,0.0233,0.0698,43,Lâm Đồng,NTB,AM Trường
NTB - Lâm Đồng,(LDO) Hiệp Thạnh,Hàng Mới Ca 1,2026-06-26 - Thứ 6,50,0.98,0.9,0,10.91,45,0,49,0,5,1,0.02,0.1,50,Lâm Đồng,NTB,AM Trường
NTB - Lâm Đồng,(LDO) Hiệp Thạnh,Hàng Mới Ca 2,2026-06-26 - Thứ 6,1,1,1,0,0,1,0,1,0,0,0,0,0,1,Lâm Đồng,NTB,AM Trường
NTB - Lâm Đồng,(LDO) Hiệp Thạnh,Hàng Mới Ca 2,2026-07-15 - Thứ 4,1,1,1,0,4,1,0,1,0,0,0,0,0,1,Lâm Đồng,NTB,AM Trường
NTB - Lâm Đồng,(LDO) Hiệp Thạnh,Hàng Mới Ca 2,2026-07-09 - Thứ 5,1,1,1,0,5,1,0,1,0,0,0,0,0,1,Lâm Đồng,NTB,AM Trường
NTB - Lâm Đồng,(LDO) Hiệp Thạnh,Hàng Mới Ca 2,2026-07-10 - Thứ 6,1,1,1,0,3,1,0,1,0,0,0,0,0,1,Lâm Đồng,NTB,AM Trường
NTB - Lâm Đồng,(LDO) Hiệp Thạnh,Hàng Mới Ca 2,2026-06-25 - Thứ 5,2,1,1,0,1.5,2,0,2,0,0,0,0,0,2,Lâm Đồng,NTB,AM Trường
NTB - Lâm Đồng,(LDO) Hiệp Thạnh,Hàng Mới Ca 2,2026-07-07 - Thứ 3,2,1,1,0,2,2,0,2,0,0,0,0,0,2,Lâm Đồng,NTB,AM Trường
NTB - Lâm Đồng,(LDO) Hiệp Thạnh,Hàng Mới Ca 2,2026-07-01 - Thứ 4,3,1,1,0,3.67,3,0,3,0,0,0,0,0,3,Lâm Đồng,NTB,AM Trường
NTB - Lâm Đồng,(LDO) Hiệp Thạnh,Hàng Mới Ca 2,2026-06-30 - Thứ 3,3,1,0.6667,0,5.5,2.0001,0,3,0,0.9999,0,0,0.3333,3,Lâm Đồng,NTB,AM Trường
NTB - Lâm Đồng,(LDO) Hiệp Thạnh,Hàng Mới Ca 2,2026-07-11 - Thứ 7,4,1,1,0,7.5,4,0,4,0,0,0,0,0,4,Lâm Đồng,NTB,AM Trường
NTB - Lâm Đồng,(LDO) Hiệp Thạnh,Hàng Mới Ca 2,2026-07-06 - Thứ 2,4,1,1,0,9,4,0,4,0,0,0,0,0,4,Lâm Đồng,NTB,AM Trường
NTB - Lâm Đồng,(LDO) Hiệp Thạnh,Hàng Mới Ca 2,2026-07-14 - Thứ 3,4,1,1,0,4,4,0,4,0,0,0,0,0,4,Lâm Đồng,NTB,AM Trường
NTB - Lâm Đồng,(LDO) Hiệp Thạnh,Hàng Mới Ca 2,2026-06-23 - Thứ 3,5,1,1,0,4.8,5,0,5,0,0,0,0,0,5,Lâm Đồng,NTB,AM Trường
NTB - Lâm Đồng,(LDO) Hiệp Thạnh,Hàng Mới Ca 2,2026-07-08 - Thứ 4,5,1,1,0,2.8,5,0,5,0,0,0,0,0,5,Lâm Đồng,NTB,AM Trường
NTB - Lâm Đồng,(LDO) Hiệp Thạnh,Hàng Mới Ca 2,2026-07-04 - Thứ 7,5,1,1,0,7.6,5,0,5,0,0,0,0,0,5,Lâm Đồng,NTB,AM Trường
NTB - Lâm Đồng,(LDO) Hiệp Thạnh,Hàng Mới Ca 2,2026-06-27 - Thứ 7,6,1,1,0,7.33,6,0,6,0,0,0,0,0,6,Lâm Đồng,NTB,AM Trường
NTB - Lâm Đồng,(LDO) Hiệp Thạnh,Hàng Mới Ca 2,2026-07-13 - Thứ 2,7,1,1,0,4.43,7,0,7,0,0,0,0,0,7,Lâm Đồng,NTB,AM Trường
NTB - Lâm Đồng,(LDO) Hiệp Thạnh,Hàng Mới Ca 2,2026-07-05 - Chủ Nhật,8,1,1,0,4.5,8,0,8,0,0,0,0,0,8,Lâm Đồng,NTB,AM Trường
NTB - Lâm Đồng,(LDO) Hiệp Thạnh,Hàng Mới Ca 2,2026-06-24 - Thứ 4,9,1,1,0,5.78,9,0,9,0,0,0,0,0,9,Lâm Đồng,NTB,AM Trường
NTB - Lâm Đồng,(LDO) Hiệp Thạnh,Hàng Mới Ca 2,2026-07-16 - Thứ 5,9,1,1,0,7.44,9,0,9,0,0,0,0,0,9,Lâm Đồng,NTB,AM Trường
NTB - Lâm Đồng,(LDO) Hiệp Thạnh,Hàng Mới Ca 2,2026-07-02 - Thứ 5,10,0.6,0.4,0,7,4,0,6,0,6,4,0.4,0.6,10,Lâm Đồng,NTB,AM Trường
NTB - Lâm Đồng,(LDO) Hiệp Thạnh,Hàng Tồn,2026-06-22 - Thứ 2,1,1,1,0,39,1,0,1,0,0,0,0,0,0,Lâm Đồng,NTB,AM Trường
NTB - Lâm Đồng,(LDO) Hiệp Thạnh,Hàng Tồn,2026-06-29 - Thứ 2,1,1,0,0,0,0,0,1,0,1,0,0,1,0,Lâm Đồng,NTB,AM Trường
NTB - Lâm Đồng,(LDO) Hiệp Thạnh,Hàng Tồn,2026-07-16 - Thứ 5,2,1,0,0.5,0,0,1,2,1,1,0,0,0.5,0,Lâm Đồng,NTB,AM Trường
NTB - Lâm Đồng,(LDO) Hiệp Thạnh,Hàng Tồn,2026-07-08 - Thứ 4,2,1,0,0,0,0,0,2,0,2,0,0,1,0,Lâm Đồng,NTB,AM Trường
NTB - Lâm Đồng,(LDO) Hiệp Thạnh,Hàng Tồn,2026-07-14 - Thứ 3,2,1,0,0,0,0,0,2,0,2,0,0,1,0,Lâm Đồng,NTB,AM Trường
NTB - Lâm Đồng,(LDO) Hiệp Thạnh,Hàng Tồn,2026-07-12 - Chủ Nhật,2,1,0,0.5,0,0,1,2,1,1,0,0,0.5,0,Lâm Đồng,NTB,AM Trường
NTB - Lâm Đồng,(LDO) Hiệp Thạnh,Hàng Tồn,2026-07-13 - Thứ 2,2,1,0,0,0,0,0,2,0,2,0,0,1,0,Lâm Đồng,NTB,AM Trường
NTB - Lâm Đồng,(LDO) Hiệp Thạnh,Hàng Tồn,2026-06-21 - Chủ Nhật,3,1,0,0,0,0,0,3,0,3,0,0,1,0,Lâm Đồng,NTB,AM Trường
NTB - Lâm Đồng,(LDO) Hiệp Thạnh,Hàng Tồn,2026-07-15 - Thứ 4,3,1,0.3333,0,40,0.9999,0,3,0,2.0001,0,0,0.6667,0,Lâm Đồng,NTB,AM Trường
NTB - Lâm Đồng,(LDO) Hiệp Thạnh,Hàng Tồn,2026-07-17 - Thứ 6,3,0.6667,0.3333,0.3333,36,0.9999,0.9999,2.0001,0.9999,1.0002,0.9999,0.3333,0.3334,0,Lâm Đồng,NTB,AM Trường
NTB - Lâm Đồng,(LDO) Hiệp Thạnh,Hàng Tồn,2026-07-09 - Thứ 5,3,0.3333,0,0.3333,0,0,0.9999,0.9999,0.9999,2.0001,2.0001,0.6667,0.6667,0,Lâm Đồng,NTB,AM Trường
NTB - Lâm Đồng,(LDO) Hiệp Thạnh,Hàng Tồn,2026-06-30 - Thứ 3,3,1,0.3333,0.3333,32,0.9999,0.9999,3,0.9999,1.0002,0,0,0.3334,0,Lâm Đồng,NTB,AM Trường
NTB - Lâm Đồng,(LDO) Hiệp Thạnh,Hàng Tồn,2026-07-01 - Thứ 4,3,1,0.6667,0,36.5,2.0001,0,3,0,0.9999,0,0,0.3333,0,Lâm Đồng,NTB,AM Trường
NTB - Lâm Đồng,(LDO) Hiệp Thạnh,Hàng Tồn,2026-07-11 - Thứ 7,4,1,0.5,0,33.5,2,0,4,0,2,0,0,0.5,0,Lâm Đồng,NTB,AM Trường
NTB - Lâm Đồng,(LDO) Hiệp Thạnh,Hàng Tồn,2026-07-02 - Thứ 5,4,1,0.75,0.25,44,3,1,4,1,0,0,0,0,0,Lâm Đồng,NTB,AM Trường
NTB - Lâm Đồng,(LDO) Hiệp Thạnh,Hàng Tồn,2026-06-26 - Thứ 6,4,1,0.75,0,50.67,3,0,4,0,1,0,0,0.25,0,Lâm Đồng,NTB,AM Trường
NTB - Lâm Đồng,(LDO) Hiệp Thạnh,Hàng Tồn,2026-07-07 - Thứ 3,4,0.75,0.5,0,46,2,0,3,0,2,1,0.25,0.5,0,Lâm Đồng,NTB,AM Trường
NTB - Lâm Đồng,(LDO) Hiệp Thạnh,Hàng Tồn,2026-06-27 - Thứ 7,5,1,0.6,0.2,35.33,3,1,5,1,1,0,0,0.2,0,Lâm Đồng,NTB,AM Trường
NTB - Lâm Đồng,(LDO) Hiệp Thạnh,Hàng Tồn,2026-06-20 - Thứ 7,6,1,0.3333,0.1667,52,1.9998,1.0002,6,1.0002,3,0,0,0.5,0,Lâm Đồng,NTB,AM Trường
NTB - Lâm Đồng,(LDO) Hiệp Thạnh,Hàng Tồn,2026-07-06 - Thứ 2,6,1,0.6667,0.3333,57.5,4.0002,1.9998,6,1.9998,0,0,0,0,0,Lâm Đồng,NTB,AM Trường
NTB - Lâm Đồng,(LDO) Hiệp Thạnh,Hàng Tồn,2026-06-25 - Thứ 5,7,1,0.7143,0,42.6,5.0001,0,7,0,1.9999,0,0,0.2857,0,Lâm Đồng,NTB,AM Trường
NTB - Lâm Đồng,(LDO) Hiệp Thạnh,Hàng Tồn,2026-07-05 - Chủ Nhật,7,0.8571,0.2857,0.1429,87,1.9999,1.0003,5.9997,1.0003,3.9998,1.0003,0.1429,0.5714,0,Lâm Đồng,NTB,AM Trường
NTB - Lâm Đồng,(LDO) Hiệp Thạnh,Hàng Tồn,2026-07-10 - Thứ 6,8,1,0.875,0,47.57,7,0,8,0,1,0,0,0.125,0,Lâm Đồng,NTB,AM Trường
NTB - Lâm Đồng,(LDO) Hiệp Thạnh,Hàng Tồn,2026-07-04 - Thứ 7,8,1,0.375,0,53.33,3,0,8,0,5,0,0,0.625,0,Lâm Đồng,NTB,AM Trường
NTB - Lâm Đồng,(LDO) Hiệp Thạnh,Hàng Tồn,2026-07-03 - Thứ 6,9,1,0.6667,0,34.33,6.0003,0,9,0,2.9997,0,0,0.3333,0,Lâm Đồng,NTB,AM Trường
NTB - Lâm Đồng,(LDO) Di Linh,Hàng Mới Ca 1,2026-07-15 - Thứ 4,80,0.9875,0.6625,0.0125,16.57,53,1,79,1,26,1,0.0125,0.325,80,Lâm Đồng,NTB,AM Tiến
NTB - Lâm Đồng,(LDO) Di Linh,Hàng Mới Ca 1,2026-07-03 - Thứ 6,69,0.5217,0.3478,0.0145,20.63,23.9982,1.0005,35.9973,1.0005,44.0013,33.0027,0.4783,0.6377,69,Lâm Đồng,NTB,AM Tiến
NTB - Lâm Đồng,(LDO) Di Linh,Hàng Mới Ca 1,2026-07-05 - Chủ Nhật,95,0.8737,0.6737,0.0105,19.8,64.0015,0.9975,83.0015,0.9975,30.001,11.9985,0.1263,0.3158,95,Lâm Đồng,NTB,AM Tiến
NTB - Lâm Đồng,(LDO) Di Linh,Hàng Mới Ca 1,2026-06-26 - Thứ 6,84,0.7976,0.3095,0,20.27,25.998,0,66.9984,0,58.002,17.0016,0.2024,0.6905,84,Lâm Đồng,NTB,AM Tiến
NTB - Lâm Đồng,(LDO) Di Linh,Hàng Mới Ca 1,2026-06-21 - Chủ Nhật,97,0.1237,0.1237,0,11.25,11.9989,0,11.9989,0,85.0011,85.0011,0.8763,0.8763,97,Lâm Đồng,NTB,AM Tiến
NTB - Lâm Đồng,(LDO) Di Linh,Hàng Mới Ca 1,2026-06-24 - Thứ 4,74,0.3784,0.3243,0,21.29,23.9982,0,28.0016,0,50.0018,45.9984,0.6216,0.6757,74,Lâm Đồng,NTB,AM Tiến
NTB - Lâm Đồng,(LDO) Di Linh,Hàng Mới Ca 1,2026-07-17 - Thứ 6,99,0.8081,0.5556,0.0202,14.75,55.0044,1.9998,80.0019,1.9998,41.9958,18.9981,0.1919,0.4242,99,Lâm Đồng,NTB,AM Tiến
NTB - Lâm Đồng,(LDO) Di Linh,Hàng Mới Ca 1,2026-07-11 - Thứ 7,132,0.7576,0.5,0,14.23,66,0,100.0032,0,66,31.9968,0.2424,0.5,132,Lâm Đồng,NTB,AM Tiến
NTB - Lâm Đồng,(LDO) Di Linh,Hàng Mới Ca 1,2026-07-01 - Thứ 4,82,0.3902,0.378,0,18.13,30.996,0,31.9964,0,51.004,50.0036,0.6098,0.622,82,Lâm Đồng,NTB,AM Tiến
NTB - Lâm Đồng,(LDO) Di Linh,Hàng Mới Ca 1,2026-07-09 - Thứ 5,105,0.9333,0.4952,0.019,17.17,51.996,1.995,97.9965,1.995,51.009,7.0035,0.0667,0.4858,105,Lâm Đồng,NTB,AM Tiến
NTB - Lâm Đồng,(LDO) Di Linh,Hàng Mới Ca 1,2026-07-14 - Thứ 3,64,0.8438,0.6875,0.0313,11.27,44,2.0032,54.0032,2.0032,17.9968,9.9968,0.1562,0.2812,64,Lâm Đồng,NTB,AM Tiến
NTB - Lâm Đồng,(LDO) Di Linh,Hàng Mới Ca 1,2026-07-16 - Thứ 5,82,0.9512,0.7683,0,11.37,63.0006,0,77.9984,0,18.9994,4.0016,0.0488,0.2317,82,Lâm Đồng,NTB,AM Tiến
NTB - Lâm Đồng,(LDO) Di Linh,Hàng Mới Ca 1,2026-07-13 - Thứ 2,83,0.7711,0.6627,0,18.76,55.0041,0,64.0013,0,27.9959,18.9987,0.2289,0.3373,83,Lâm Đồng,NTB,AM Tiến
NTB - Lâm Đồng,(LDO) Di Linh,Hàng Mới Ca 1,2026-06-23 - Thứ 3,73,0.5068,0.2192,0.0137,19,16.0016,1.0001,36.9964,1.0001,55.9983,36.0036,0.4932,0.7671,73,Lâm Đồng,NTB,AM Tiến
NTB - Lâm Đồng,(LDO) Di Linh,Hàng Mới Ca 1,2026-07-04 - Thứ 7,91,0.6923,0.5275,0,19.35,48.0025,0,62.9993,0,42.9975,28.0007,0.3077,0.4725,91,Lâm Đồng,NTB,AM Tiến
NTB - Lâm Đồng,(LDO) Di Linh,Hàng Mới Ca 1,2026-07-10 - Thứ 6,97,0.8247,0.7423,0.0206,19.54,72.0031,1.9982,79.9959,1.9982,22.9987,17.0041,0.1753,0.2371,97,Lâm Đồng,NTB,AM Tiến
NTB - Lâm Đồng,(LDO) Di Linh,Hàng Mới Ca 1,2026-06-22 - Thứ 2,71,0.507,0.2394,0,20.29,16.9974,0,35.997,0,54.0026,35.003,0.493,0.7606,71,Lâm Đồng,NTB,AM Tiến
NTB - Lâm Đồng,(LDO) Di Linh,Hàng Mới Ca 1,2026-06-20 - Thứ 7,65,0.7846,0.5692,0.0308,18.35,36.998,2.002,50.999,2.002,26,14.001,0.2154,0.4,65,Lâm Đồng,NTB,AM Tiến
NTB - Lâm Đồng,(LDO) Di Linh,Hàng Mới Ca 1,2026-07-06 - Thứ 2,87,0.8621,0.5747,0.0345,19.5,49.9989,3.0015,75.0027,3.0015,33.9996,11.9973,0.1379,0.3908,87,Lâm Đồng,NTB,AM Tiến
NTB - Lâm Đồng,(LDO) Di Linh,Hàng Mới Ca 1,2026-06-27 - Thứ 7,95,0.5158,0.4421,0.0105,19.19,41.9995,0.9975,49.001,0.9975,52.003,45.999,0.4842,0.5474,95,Lâm Đồng,NTB,AM Tiến
NTB - Lâm Đồng,(LDO) Di Linh,Hàng Mới Ca 1,2026-06-29 - Thứ 2,122,0.4426,0.3361,0.0082,19.66,41.0042,1.0004,53.9972,1.0004,79.9954,68.0028,0.5574,0.6557,122,Lâm Đồng,NTB,AM Tiến
NTB - Lâm Đồng,(LDO) Di Linh,Hàng Mới Ca 1,2026-06-28 - Chủ Nhật,90,0.6222,0.3667,0.0111,18.85,33.003,0.999,55.998,0.999,55.998,34.002,0.3778,0.6222,90,Lâm Đồng,NTB,AM Tiến
NTB - Lâm Đồng,(LDO) Di Linh,Hàng Mới Ca 1,2026-06-25 - Thứ 5,91,0.6374,0.5055,0.022,19.15,46.0005,2.002,58.0034,2.002,42.9975,32.9966,0.3626,0.4725,91,Lâm Đồng,NTB,AM Tiến
NTB - Lâm Đồng,(LDO) Di Linh,Hàng Mới Ca 1,2026-07-02 - Thứ 5,89,0.4382,0.3146,0.0225,22.54,27.9994,2.0025,38.9998,2.0025,58.9981,50.0002,0.5618,0.6629,89,Lâm Đồng,NTB,AM Tiến
NTB - Lâm Đồng,(LDO) Di Linh,Hàng Mới Ca 1,2026-07-12 - Chủ Nhật,63,0.6984,0.5079,0,15.5,31.9977,0,43.9992,0,31.0023,19.0008,0.3016,0.4921,63,Lâm Đồng,NTB,AM Tiến
NTB - Lâm Đồng,(LDO) Di Linh,Hàng Mới Ca 1,2026-06-30 - Thứ 3,56,0.6964,0.5357,0,20.07,29.9992,0,38.9984,0,26.0008,17.0016,0.3036,0.4643,56,Lâm Đồng,NTB,AM Tiến
NTB - Lâm Đồng,(LDO) Di Linh,Hàng Mới Ca 1,2026-07-08 - Thứ 4,12,0.4167,0.4167,0,21.4,5.0004,0,5.0004,0,6.9996,6.9996,0.5833,0.5833,12,Lâm Đồng,NTB,AM Tiến
NTB - Lâm Đồng,(LDO) Di Linh,Hàng Mới Ca 1,2026-07-07 - Thứ 3,15,1,0.4667,0,15.14,7.0005,0,15,0,7.9995,0,0,0.5333,15,Lâm Đồng,NTB,AM Tiến
NTB - Lâm Đồng,(LDO) Di Linh,Hàng Mới Ca 2,2026-07-11 - Thứ 7,52,0.0192,0.0192,0,0,0.9984,0,0.9984,0,51.0016,51.0016,0.9808,0.9808,52,Lâm Đồng,NTB,AM Tiến
NTB - Lâm Đồng,(LDO) Di Linh,Hàng Mới Ca 2,2026-07-08 - Thứ 4,61,0.0492,0.0492,0,4,3.0012,0,3.0012,0,57.9988,57.9988,0.9508,0.9508,61,Lâm Đồng,NTB,AM Tiến
NTB - Lâm Đồng,(LDO) Di Linh,Hàng Mới Ca 2,2026-07-14 - Thứ 3,1,1,1,0,8,1,0,1,0,0,0,0,0,1,Lâm Đồng,NTB,AM Tiến
NTB - Lâm Đồng,(LDO) Di Linh,Hàng Mới Ca 2,2026-06-27 - Thứ 7,1,1,1,0,9,1,0,1,0,0,0,0,0,1,Lâm Đồng,NTB,AM Tiến
NTB - Lâm Đồng,(LDO) Di Linh,Hàng Mới Ca 2,2026-07-01 - Thứ 4,1,0,0,0,0,0,0,0,0,1,1,1,1,1,Lâm Đồng,NTB,AM Tiến
NTB - Lâm Đồng,(LDO) Di Linh,Hàng Mới Ca 2,2026-06-26 - Thứ 6,1,1,1,0,0,1,0,1,0,0,0,0,0,1,Lâm Đồng,NTB,AM Tiến
NTB - Lâm Đồng,(LDO) Di Linh,Hàng Mới Ca 2,2026-06-28 - Chủ Nhật,1,0,0,0,0,0,0,0,0,1,1,1,1,1,Lâm Đồng,NTB,AM Tiến
NTB - Lâm Đồng,(LDO) Di Linh,Hàng Mới Ca 2,2026-07-10 - Thứ 6,22,0.1364,0.0909,0,5,1.9998,0,3.0008,0,20.0002,18.9992,0.8636,0.9091,22,Lâm Đồng,NTB,AM Tiến
NTB - Lâm Đồng,(LDO) Di Linh,Hàng Mới Ca 2,2026-07-07 - Thứ 3,36,0.1389,0.0278,0,5,1.0008,0,5.0004,0,34.9992,30.9996,0.8611,0.9722,36,Lâm Đồng,NTB,AM Tiến
NTB - Lâm Đồng,(LDO) Di Linh,Hàng Mới Ca 2,2026-07-09 - Thứ 5,38,0,0,0,0,0,0,0,0,38,38,1,1,38,Lâm Đồng,NTB,AM Tiến
NTB - Lâm Đồng,(LDO) Di Linh,Hàng Mới Ca 2,2026-07-06 - Thứ 2,41,0.0976,0.0732,0,4,3.0012,0,4.0016,0,37.9988,36.9984,0.9024,0.9268,41,Lâm Đồng,NTB,AM Tiến
NTB - Lâm Đồng,(LDO) Di Linh,Hàng Tồn,2026-07-05 - Chủ Nhật,123,0.9512,0.7154,0.0894,80.64,87.9942,10.9962,116.9976,10.9962,24.0096,6.0024,0.0488,0.1952,0,Lâm Đồng,NTB,AM Tiến
NTB - Lâm Đồng,(LDO) Di Linh,Hàng Tồn,2026-06-26 - Thứ 6,115,0.8087,0.3652,0.0696,92.93,41.998,8.004,93.0005,8.004,64.998,21.9995,0.1913,0.5652,0,Lâm Đồng,NTB,AM Tiến
NTB - Lâm Đồng,(LDO) Di Linh,Hàng Tồn,2026-06-21 - Chủ Nhật,115,0.3391,0.1913,0.087,76.45,21.9995,10.005,38.9965,10.005,82.9955,76.0035,0.6609,0.7217,0,Lâm Đồng,NTB,AM Tiến
NTB - Lâm Đồng,(LDO) Di Linh,Hàng Tồn,2026-06-24 - Thứ 4,203,0.6404,0.3103,0.0887,91.79,62.9909,18.0061,130.0012,18.0061,122.003,72.9988,0.3596,0.601,0,Lâm Đồng,NTB,AM Tiến
NTB - Lâm Đồng,(LDO) Di Linh,Hàng Tồn,2026-07-01 - Thứ 4,75,0.4533,0.3733,0.0267,68.46,27.9975,2.0025,33.9975,2.0025,45,41.0025,0.5467,0.6,0,Lâm Đồng,NTB,AM Tiến
NTB - Lâm Đồng,(LDO) Di Linh,Hàng Tồn,2026-07-09 - Thứ 5,113,0.8938,0.4867,0.0177,36.91,54.9971,2.0001,100.9994,2.0001,56.0028,12.0006,0.1062,0.4956,0,Lâm Đồng,NTB,AM Tiến
NTB - Lâm Đồng,(LDO) Di Linh,Hàng Tồn,2026-07-14 - Thứ 3,86,0.9186,0.6628,0.0698,66.16,57.0008,6.0028,78.9996,6.0028,22.9964,7.0004,0.0814,0.2674,0,Lâm Đồng,NTB,AM Tiến
NTB - Lâm Đồng,(LDO) Di Linh,Hàng Tồn,2026-06-28 - Chủ Nhật,117,0.6325,0.4188,0.0171,60.33,48.9996,2.0007,74.0025,2.0007,65.9997,42.9975,0.3675,0.5641,0,Lâm Đồng,NTB,AM Tiến
NTB - Lâm Đồng,(LDO) Di Linh,Hàng Tồn,2026-07-12 - Chủ Nhật,150,0.7867,0.4333,0.02,38,64.995,3,118.005,3,82.005,31.995,0.2133,0.5467,0,Lâm Đồng,NTB,AM Tiến
NTB - Lâm Đồng,(LDO) Di Linh,Hàng Tồn,2026-06-25 - Thứ 5,168,0.8988,0.4762,0.0536,79.28,80.0016,9.0048,150.9984,9.0048,78.9936,17.0016,0.1012,0.4702,0,Lâm Đồng,NTB,AM Tiến
NTB - Lâm Đồng,(LDO) Di Linh,Hàng Tồn,2026-07-02 - Thứ 5,95,0.5474,0.3053,0.0105,61.34,29.0035,0.9975,52.003,0.9975,64.999,42.997,0.4526,0.6842,0,Lâm Đồng,NTB,AM Tiến
NTB - Lâm Đồng,(LDO) Di Linh,Hàng Tồn,2026-07-07 - Thứ 3,93,0.7849,0.4731,0.0108,42.57,43.9983,1.0044,72.9957,1.0044,47.9973,20.0043,0.2151,0.5161,0,Lâm Đồng,NTB,AM Tiến
NTB - Lâm Đồng,(LDO) Di Linh,Hàng Tồn,2026-07-13 - Thứ 2,115,0.6609,0.4783,0.0087,61.47,55.0045,1.0005,76.0035,1.0005,58.995,38.9965,0.3391,0.513,0,Lâm Đồng,NTB,AM Tiến
NTB - Lâm Đồng,(LDO) Di Linh,Hàng Tồn,2026-06-23 - Thứ 3,180,0.6222,0.1222,0.05,78.95,21.996,9,111.996,9,149.004,68.004,0.3778,0.8278,0,Lâm Đồng,NTB,AM Tiến
NTB - Lâm Đồng,(LDO) Di Linh,Hàng Tồn,2026-07-04 - Thứ 7,136,0.5588,0.3603,0.0588,77.14,49.0008,7.9968,75.9968,7.9968,79.0024,60.0032,0.4412,0.5809,0,Lâm Đồng,NTB,AM Tiến
NTB - Lâm Đồng,(LDO) Di Linh,Hàng Tồn,2026-07-10 - Thứ 6,145,0.931,0.8,0.0345,53.92,116,5.0025,134.995,5.0025,23.9975,10.005,0.069,0.1655,0,Lâm Đồng,NTB,AM Tiến
NTB - Lâm Đồng,(LDO) Di Linh,Hàng Tồn,2026-07-08 - Thứ 4,89,0.5169,0.4494,0.0112,44.2,39.9966,0.9968,46.0041,0.9968,48.0066,42.9959,0.4831,0.5394,0,Lâm Đồng,NTB,AM Tiến
NTB - Lâm Đồng,(LDO) Di Linh,Hàng Tồn,2026-06-20 - Thứ 7,195,0.7026,0.4564,0.0821,66.91,88.998,16.0095,137.007,16.0095,89.9925,57.993,0.2974,0.4615,0,Lâm Đồng,NTB,AM Tiến
NTB - Lâm Đồng,(LDO) Di Linh,Hàng Tồn,2026-06-30 - Thứ 3,151,0.8808,0.596,0.0728,63.76,89.996,10.9928,133.0008,10.9928,50.0112,17.9992,0.1192,0.3312,0,Lâm Đồng,NTB,AM Tiến
NTB - Lâm Đồng,(LDO) Di Linh,Hàng Tồn,2026-06-27 - Thứ 7,125,0.592,0.352,0.112,63.86,44,14,74,14,67,51,0.408,0.536,0,Lâm Đồng,NTB,AM Tiến
NTB - Lâm Đồng,(LDO) Di Linh,Hàng Tồn,2026-06-29 - Thứ 2,123,0.6667,0.3089,0.0976,65.84,37.9947,12.0048,82.0041,12.0048,73.0005,40.9959,0.3333,0.5935,0,Lâm Đồng,NTB,AM Tiến
NTB - Lâm Đồng,(LDO) Di Linh,Hàng Tồn,2026-07-03 - Thứ 6,123,0.3902,0.2358,0.0163,64.66,29.0034,2.0049,47.9946,2.0049,91.9917,75.0054,0.6098,0.7479,0,Lâm Đồng,NTB,AM Tiến
NTB - Lâm Đồng,(LDO) Di Linh,Hàng Tồn,2026-07-11 - Thứ 7,64,0.75,0.3906,0.0313,53.32,24.9984,2.0032,48,2.0032,36.9984,16,0.25,0.5781,0,Lâm Đồng,NTB,AM Tiến
NTB - Lâm Đồng,(LDO) Di Linh,Hàng Tồn,2026-06-22 - Thứ 2,169,0.5444,0.2249,0.0118,60.89,38.0081,1.9942,92.0036,1.9942,128.9977,76.9964,0.4556,0.7633,0,Lâm Đồng,NTB,AM Tiến
NTB - Lâm Đồng,(LDO) Di Linh,Hàng Tồn,2026-07-17 - Thứ 6,30,0.8333,0.5333,0.0333,66.07,15.999,0.999,24.999,0.999,13.002,5.001,0.1667,0.4334,0,Lâm Đồng,NTB,AM Tiến
NTB - Lâm Đồng,(LDO) Di Linh,Hàng Tồn,2026-07-15 - Thứ 4,39,0.9487,0.4872,0.0769,59.42,19.0008,2.9991,36.9993,2.9991,17.0001,2.0007,0.0513,0.4359,0,Lâm Đồng,NTB,AM Tiến
NTB - Lâm Đồng,(LDO) Di Linh,Hàng Tồn,2026-07-16 - Thứ 5,40,0.975,0.6,0.125,45.88,24,5,39,5,11,1,0.025,0.275,0,Lâm Đồng,NTB,AM Tiến
NTB - Lâm Đồng,(LDO) Di Linh,Hàng Tồn,2026-07-06 - Thứ 2,51,0.8235,0.5098,0.0392,57.58,25.9998,1.9992,41.9985,1.9992,23.001,9.0015,0.1765,0.451,0,Lâm Đồng,NTB,AM Tiến
NTB - Lâm Đồng,(LDO) Cát Tiên,Hàng Mới Ca 1,2026-06-21 - Chủ Nhật,11,1,1,0,17.82,11,0,11,0,0,0,0,0,11,Lâm Đồng,NTB,AM Vũ
NTB - Lâm Đồng,(LDO) Cát Tiên,Hàng Mới Ca 1,2026-07-13 - Thứ 2,14,1,0.8571,0.0714,18.17,11.9994,0.9996,14,0.9996,1.001,0,0,0.0715,14,Lâm Đồng,NTB,AM Vũ
NTB - Lâm Đồng,(LDO) Cát Tiên,Hàng Mới Ca 1,2026-06-30 - Thứ 3,15,1,0.8,0,4.67,12,0,15,0,3,0,0,0.2,15,Lâm Đồng,NTB,AM Vũ
NTB - Lâm Đồng,(LDO) Cát Tiên,Hàng Mới Ca 1,2026-06-29 - Thứ 2,17,1,0.9412,0,8.19,16.0004,0,17,0,0.9996,0,0,0.0588,17,Lâm Đồng,NTB,AM Vũ
NTB - Lâm Đồng,(LDO) Cát Tiên,Hàng Mới Ca 1,2026-06-22 - Thứ 2,17,1,0.9412,0,3.75,16.0004,0,17,0,0.9996,0,0,0.0588,17,Lâm Đồng,NTB,AM Vũ
NTB - Lâm Đồng,(LDO) Cát Tiên,Hàng Mới Ca 1,2026-07-08 - Thứ 4,18,1,0.9444,0,13.35,16.9992,0,18,0,1.0008,0,0,0.0556,18,Lâm Đồng,NTB,AM Vũ
NTB - Lâm Đồng,(LDO) Cát Tiên,Hàng Mới Ca 1,2026-07-01 - Thứ 4,19,0.9474,0.8947,0,6.35,16.9993,0,18.0006,0,2.0007,0.9994,0.0526,0.1053,19,Lâm Đồng,NTB,AM Vũ
NTB - Lâm Đồng,(LDO) Cát Tiên,Hàng Mới Ca 1,2026-07-06 - Thứ 2,20,1,0.95,0,14.63,19,0,20,0,1,0,0,0.05,20,Lâm Đồng,NTB,AM Vũ
NTB - Lâm Đồng,(LDO) Cát Tiên,Hàng Mới Ca 1,2026-06-23 - Thứ 3,23,1,0.8696,0,11.4,20.0008,0,23,0,2.9992,0,0,0.1304,23,Lâm Đồng,NTB,AM Vũ
NTB - Lâm Đồng,(LDO) Cát Tiên,Hàng Mới Ca 1,2026-07-04 - Thứ 7,23,0.9565,0.8696,0.0435,12.45,20.0008,1.0005,21.9995,1.0005,1.9987,1.0005,0.0435,0.0869,23,Lâm Đồng,NTB,AM Vũ
NTB - Lâm Đồng,(LDO) Cát Tiên,Hàng Mới Ca 1,2026-07-05 - Chủ Nhật,24,0.9583,0.875,0,14.52,21,0,22.9992,0,3,1.0008,0.0417,0.125,24,Lâm Đồng,NTB,AM Vũ
NTB - Lâm Đồng,(LDO) Cát Tiên,Hàng Mới Ca 1,2026-07-14 - Thứ 3,25,1,1,0,13.76,25,0,25,0,0,0,0,0,25,Lâm Đồng,NTB,AM Vũ
NTB - Lâm Đồng,(LDO) Cát Tiên,Hàng Mới Ca 1,2026-06-27 - Thứ 7,25,1,0.8,0.08,6.9,20,2,25,2,3,0,0,0.12,25,Lâm Đồng,NTB,AM Vũ
NTB - Lâm Đồng,(LDO) Cát Tiên,Hàng Mới Ca 1,2026-07-17 - Thứ 6,26,1,0.7692,0.1154,14.1,19.9992,3.0004,26,3.0004,3.0004,0,0,0.1154,26,Lâm Đồng,NTB,AM Vũ
NTB - Lâm Đồng,(LDO) Cát Tiên,Hàng Mới Ca 1,2026-06-28 - Chủ Nhật,27,1,0.8148,0.0741,8.68,21.9996,2.0007,27,2.0007,2.9997,0,0,0.1111,27,Lâm Đồng,NTB,AM Vũ
NTB - Lâm Đồng,(LDO) Cát Tiên,Hàng Mới Ca 1,2026-07-03 - Thứ 6,28,1,0.9643,0,12.59,27.0004,0,28,0,0.9996,0,0,0.0357,28,Lâm Đồng,NTB,AM Vũ
NTB - Lâm Đồng,(LDO) Cát Tiên,Hàng Mới Ca 1,2026-07-16 - Thứ 5,30,1,0.8667,0.0333,13.54,26.001,0.999,30,0.999,3,0,0,0.1,30,Lâm Đồng,NTB,AM Vũ
NTB - Lâm Đồng,(LDO) Cát Tiên,Hàng Mới Ca 1,2026-06-20 - Thứ 7,30,1,0.9667,0,13.21,29.001,0,30,0,0.999,0,0,0.0333,30,Lâm Đồng,NTB,AM Vũ
NTB - Lâm Đồng,(LDO) Cát Tiên,Hàng Mới Ca 1,2026-07-02 - Thứ 5,31,1,0.7742,0.0323,11.58,24.0002,1.0013,31,1.0013,5.9985,0,0,0.1935,31,Lâm Đồng,NTB,AM Vũ
NTB - Lâm Đồng,(LDO) Cát Tiên,Hàng Mới Ca 1,2026-07-15 - Thứ 4,32,1,0.9375,0,15.07,30,0,32,0,2,0,0,0.0625,32,Lâm Đồng,NTB,AM Vũ
NTB - Lâm Đồng,(LDO) Cát Tiên,Hàng Mới Ca 1,2026-06-26 - Thứ 6,32,0.9375,0.8438,0,12.15,27.0016,0,30,0,4.9984,2,0.0625,0.1562,32,Lâm Đồng,NTB,AM Vũ
NTB - Lâm Đồng,(LDO) Cát Tiên,Hàng Mới Ca 1,2026-07-12 - Chủ Nhật,36,0.9444,0.8611,0.0556,13.19,30.9996,2.0016,33.9984,2.0016,2.9988,2.0016,0.0556,0.0833,36,Lâm Đồng,NTB,AM Vũ
NTB - Lâm Đồng,(LDO) Cát Tiên,Hàng Mới Ca 1,2026-07-07 - Thứ 3,36,1,0.8611,0,8.77,30.9996,0,36,0,5.0004,0,0,0.1389,36,Lâm Đồng,NTB,AM Vũ
NTB - Lâm Đồng,(LDO) Cát Tiên,Hàng Mới Ca 1,2026-07-11 - Thứ 7,36,0.9722,0.8611,0,11.45,30.9996,0,34.9992,0,5.0004,1.0008,0.0278,0.1389,36,Lâm Đồng,NTB,AM Vũ
NTB - Lâm Đồng,(LDO) Cát Tiên,Hàng Mới Ca 1,2026-06-24 - Thứ 4,37,0.973,0.8378,0.027,10.71,30.9986,0.999,36.001,0.999,5.0024,0.999,0.027,0.1352,37,Lâm Đồng,NTB,AM Vũ
NTB - Lâm Đồng,(LDO) Cát Tiên,Hàng Mới Ca 1,2026-07-10 - Thứ 6,37,1,0.9459,0,9.14,34.9983,0,37,0,2.0017,0,0,0.0541,37,Lâm Đồng,NTB,AM Vũ
NTB - Lâm Đồng,(LDO) Cát Tiên,Hàng Mới Ca 1,2026-07-09 - Thứ 5,44,0.9773,0.8636,0.0227,10.29,37.9984,0.9988,43.0012,0.9988,5.0028,0.9988,0.0227,0.1137,44,Lâm Đồng,NTB,AM Vũ
NTB - Lâm Đồng,(LDO) Cát Tiên,Hàng Mới Ca 1,2026-06-25 - Thứ 5,48,0.9792,0.8333,0,11.18,39.9984,0,47.0016,0,8.0016,0.9984,0.0208,0.1667,48,Lâm Đồng,NTB,AM Vũ
NTB - Lâm Đồng,(LDO) Cát Tiên,Hàng Mới Ca 2,2026-06-29 - Thứ 2,6,0,0,0,0,0,0,0,0,6,6,1,1,6,Lâm Đồng,NTB,AM Vũ
NTB - Lâm Đồng,(LDO) Cát Tiên,Hàng Mới Ca 2,2026-06-21 - Chủ Nhật,17,0,0,0,0,0,0,0,0,17,17,1,1,17,Lâm Đồng,NTB,AM Vũ
NTB - Lâm Đồng,(LDO) Cát Tiên,Hàng Tồn,2026-07-04 - Thứ 7,1,1,0,0,0,0,0,1,0,1,0,0,1,0,Lâm Đồng,NTB,AM Vũ
NTB - Lâm Đồng,(LDO) Cát Tiên,Hàng Tồn,2026-07-14 - Thứ 3,1,1,1,0,48,1,0,1,0,0,0,0,0,0,Lâm Đồng,NTB,AM Vũ
NTB - Lâm Đồng,(LDO) Cát Tiên,Hàng Tồn,2026-06-23 - Thứ 3,1,1,0,0,0,0,0,1,0,1,0,0,1,0,Lâm Đồng,NTB,AM Vũ
NTB - Lâm Đồng,(LDO) Cát Tiên,Hàng Tồn,2026-07-02 - Thứ 5,2,1,0.5,0,52,1,0,2,0,1,0,0,0.5,0,Lâm Đồng,NTB,AM Vũ
NTB - Lâm Đồng,(LDO) Cát Tiên,Hàng Tồn,2026-07-05 - Chủ Nhật,2,1,0,0,0,0,0,2,0,2,0,0,1,0,Lâm Đồng,NTB,AM Vũ
NTB - Lâm Đồng,(LDO) Cát Tiên,Hàng Tồn,2026-07-16 - Thứ 5,2,1,0.5,0,45,1,0,2,0,1,0,0,0.5,0,Lâm Đồng,NTB,AM Vũ
NTB - Lâm Đồng,(LDO) Cát Tiên,Hàng Tồn,2026-06-21 - Chủ Nhật,3,1,0.6667,0.3333,41,2.0001,0.9999,3,0.9999,0,0,0,0,0,Lâm Đồng,NTB,AM Vũ
NTB - Lâm Đồng,(LDO) Cát Tiên,Hàng Tồn,2026-07-11 - Thứ 7,3,1,0.6667,0,46.5,2.0001,0,3,0,0.9999,0,0,0.3333,0,Lâm Đồng,NTB,AM Vũ
NTB - Lâm Đồng,(LDO) Cát Tiên,Hàng Tồn,2026-07-09 - Thứ 5,3,1,0.6667,0.3333,43.5,2.0001,0.9999,3,0.9999,0,0,0,0,0,Lâm Đồng,NTB,AM Vũ
NTB - Lâm Đồng,(LDO) Cát Tiên,Hàng Tồn,2026-06-29 - Thứ 2,3,1,0.6667,0,35,2.0001,0,3,0,0.9999,0,0,0.3333,0,Lâm Đồng,NTB,AM Vũ
NTB - Lâm Đồng,(LDO) Cát Tiên,Hàng Tồn,2026-07-06 - Thứ 2,3,1,0.3333,0,30,0.9999,0,3,0,2.0001,0,0,0.6667,0,Lâm Đồng,NTB,AM Vũ
NTB - Lâm Đồng,(LDO) Cát Tiên,Hàng Tồn,2026-06-24 - Thứ 4,3,1,0.6667,0,38,2.0001,0,3,0,0.9999,0,0,0.3333,0,Lâm Đồng,NTB,AM Vũ
NTB - Lâm Đồng,(LDO) Cát Tiên,Hàng Tồn,2026-07-13 - Thứ 2,3,1,0.3333,0.3333,49,0.9999,0.9999,3,0.9999,1.0002,0,0,0.3334,0,Lâm Đồng,NTB,AM Vũ
NTB - Lâm Đồng,(LDO) Cát Tiên,Hàng Tồn,2026-06-25 - Thứ 5,4,1,0.75,0,57.33,3,0,4,0,1,0,0,0.25,0,Lâm Đồng,NTB,AM Vũ
NTB - Lâm Đồng,(LDO) Cát Tiên,Hàng Tồn,2026-07-07 - Thứ 3,4,1,0.5,0.25,54.5,2,1,4,1,1,0,0,0.25,0,Lâm Đồng,NTB,AM Vũ
NTB - Lâm Đồng,(LDO) Cát Tiên,Hàng Tồn,2026-07-10 - Thứ 6,4,1,0.75,0,41.33,3,0,4,0,1,0,0,0.25,0,Lâm Đồng,NTB,AM Vũ
NTB - Lâm Đồng,(LDO) Cát Tiên,Hàng Tồn,2026-07-17 - Thứ 6,4,1,0.75,0,39.67,3,0,4,0,1,0,0,0.25,0,Lâm Đồng,NTB,AM Vũ
NTB - Lâm Đồng,(LDO) Cát Tiên,Hàng Tồn,2026-07-08 - Thứ 4,5,0.6,0.4,0,31.5,2,0,3,0,3,2,0.4,0.6,0,Lâm Đồng,NTB,AM Vũ
NTB - Lâm Đồng,(LDO) Cát Tiên,Hàng Tồn,2026-06-28 - Chủ Nhật,5,1,0.8,0.2,55.25,4,1,5,1,0,0,0,0,0,Lâm Đồng,NTB,AM Vũ
NTB - Lâm Đồng,(LDO) Cát Tiên,Hàng Tồn,2026-07-01 - Thứ 4,5,1,0.8,0,33.25,4,0,5,0,1,0,0,0.2,0,Lâm Đồng,NTB,AM Vũ
NTB - Lâm Đồng,(LDO) Cát Tiên,Hàng Tồn,2026-07-12 - Chủ Nhật,5,1,0.4,0.2,39.5,2,1,5,1,2,0,0,0.4,0,Lâm Đồng,NTB,AM Vũ
NTB - Lâm Đồng,(LDO) Cát Tiên,Hàng Tồn,2026-07-03 - Thứ 6,6,1,1,0,39,6,0,6,0,0,0,0,0,0,Lâm Đồng,NTB,AM Vũ
NTB - Lâm Đồng,(LDO) Cát Tiên,Hàng Tồn,2026-06-20 - Thứ 7,7,1,0.5714,0,43.25,3.9998,0,7,0,3.0002,0,0,0.4286,0,Lâm Đồng,NTB,AM Vũ
NTB - Lâm Đồng,(LDO) Cát Tiên,Hàng Tồn,2026-06-27 - Thứ 7,7,1,0.2857,0.2857,60,1.9999,1.9999,7,1.9999,3.0002,0,0,0.4286,0,Lâm Đồng,NTB,AM Vũ
NTB - Lâm Đồng,(LDO) Cát Tiên,Hàng Tồn,2026-06-26 - Thứ 6,8,1,0.375,0,40,3,0,8,0,5,0,0,0.625,0,Lâm Đồng,NTB,AM Vũ
NTB - Lâm Đồng,(LDO) Cát Tiên,Hàng Tồn,2026-06-30 - Thứ 3,8,1,0.75,0,32.83,6,0,8,0,2,0,0,0.25,0,Lâm Đồng,NTB,AM Vũ
NTB - Lâm Đồng,(LDO) Cát Tiên,Hàng Tồn,2026-06-22 - Thứ 2,17,1,0.8824,0.0588,21.87,15.0008,0.9996,17,0.9996,0.9996,0,0,0.0588,0,Lâm Đồng,NTB,AM Vũ
NTB - Lâm Đồng,(LDO) Bảo Lâm 3,Hàng Mới Ca 1,2026-06-30 - Thứ 3,14,1,0.8571,0.1429,15.75,11.9994,2.0006,14,2.0006,0,0,0,0,14,Lâm Đồng,NTB,AM Nga
NTB - Lâm Đồng,(LDO) Bảo Lâm 3,Hàng Mới Ca 1,2026-06-20 - Thứ 7,14,1,0.8571,0,10.92,11.9994,0,14,0,2.0006,0,0,0.1429,14,Lâm Đồng,NTB,AM Nga
NTB - Lâm Đồng,(LDO) Bảo Lâm 3,Hàng Mới Ca 1,2026-07-14 - Thứ 3,17,1,1,0,8.59,17,0,17,0,0,0,0,0,17,Lâm Đồng,NTB,AM Nga
NTB - Lâm Đồng,(LDO) Bảo Lâm 3,Hàng Mới Ca 1,2026-07-01 - Thứ 4,18,1,0.9444,0,14.06,16.9992,0,18,0,1.0008,0,0,0.0556,18,Lâm Đồng,NTB,AM Nga
NTB - Lâm Đồng,(LDO) Bảo Lâm 3,Hàng Mới Ca 1,2026-06-22 - Thứ 2,18,0.9444,0.8889,0,11.13,16.0002,0,16.9992,0,1.9998,1.0008,0.0556,0.1111,18,Lâm Đồng,NTB,AM Nga
NTB - Lâm Đồng,(LDO) Bảo Lâm 3,Hàng Mới Ca 1,2026-07-16 - Thứ 5,19,1,0.8421,0,14.44,15.9999,0,19,0,3.0001,0,0,0.1579,19,Lâm Đồng,NTB,AM Nga
NTB - Lâm Đồng,(LDO) Bảo Lâm 3,Hàng Mới Ca 1,2026-07-06 - Thứ 2,19,1,0.9474,0,13.28,18.0006,0,19,0,0.9994,0,0,0.0526,19,Lâm Đồng,NTB,AM Nga
NTB - Lâm Đồng,(LDO) Bảo Lâm 3,Hàng Mới Ca 1,2026-06-24 - Thứ 4,20,1,0.9,0,16,18,0,20,0,2,0,0,0.1,20,Lâm Đồng,NTB,AM Nga
NTB - Lâm Đồng,(LDO) Bảo Lâm 3,Hàng Mới Ca 1,2026-07-07 - Thứ 3,23,1,0.8261,0.0435,10.53,19.0003,1.0005,23,1.0005,2.9992,0,0,0.1304,23,Lâm Đồng,NTB,AM Nga
NTB - Lâm Đồng,(LDO) Bảo Lâm 3,Hàng Mới Ca 1,2026-06-29 - Thứ 2,24,0.9583,0.8333,0,8.4,19.9992,0,22.9992,0,4.0008,1.0008,0.0417,0.1667,24,Lâm Đồng,NTB,AM Nga
NTB - Lâm Đồng,(LDO) Bảo Lâm 3,Hàng Mới Ca 1,2026-06-27 - Thứ 7,28,1,0.8571,0,10.54,23.9988,0,28,0,4.0012,0,0,0.1429,28,Lâm Đồng,NTB,AM Nga
NTB - Lâm Đồng,(LDO) Bảo Lâm 3,Hàng Mới Ca 1,2026-07-13 - Thứ 2,30,0.9333,0.9,0,12.44,27,0,27.999,0,3,2.001,0.0667,0.1,30,Lâm Đồng,NTB,AM Nga
NTB - Lâm Đồng,(LDO) Bảo Lâm 3,Hàng Mới Ca 1,2026-07-09 - Thứ 5,31,1,0.7742,0,5.13,24.0002,0,31,0,6.9998,0,0,0.2258,31,Lâm Đồng,NTB,AM Nga
NTB - Lâm Đồng,(LDO) Bảo Lâm 3,Hàng Mới Ca 1,2026-07-15 - Thứ 4,33,1,0.8182,0.0606,11.41,27.0006,1.9998,33,1.9998,3.9996,0,0,0.1212,33,Lâm Đồng,NTB,AM Nga
NTB - Lâm Đồng,(LDO) Bảo Lâm 3,Hàng Mới Ca 1,2026-07-04 - Thứ 7,33,1,0.8485,0.0606,17.46,28.0005,1.9998,33,1.9998,2.9997,0,0,0.0909,33,Lâm Đồng,NTB,AM Nga
NTB - Lâm Đồng,(LDO) Bảo Lâm 3,Hàng Mới Ca 1,2026-07-05 - Chủ Nhật,33,1,0.8485,0.0303,10.54,28.0005,0.9999,33,0.9999,3.9996,0,0,0.1212,33,Lâm Đồng,NTB,AM Nga
NTB - Lâm Đồng,(LDO) Bảo Lâm 3,Hàng Mới Ca 1,2026-06-26 - Thứ 6,34,1,0.9118,0.0294,16.29,31.0012,0.9996,34,0.9996,1.9992,0,0,0.0588,34,Lâm Đồng,NTB,AM Nga
NTB - Lâm Đồng,(LDO) Bảo Lâm 3,Hàng Mới Ca 1,2026-06-28 - Chủ Nhật,34,1,0.7941,0.0294,12.63,26.9994,0.9996,34,0.9996,6.001,0,0,0.1765,34,Lâm Đồng,NTB,AM Nga
NTB - Lâm Đồng,(LDO) Bảo Lâm 3,Hàng Mới Ca 1,2026-06-25 - Thứ 5,35,0.9714,0.8857,0,7.37,30.9995,0,33.999,0,4.0005,1.001,0.0286,0.1143,35,Lâm Đồng,NTB,AM Nga
NTB - Lâm Đồng,(LDO) Bảo Lâm 3,Hàng Mới Ca 1,2026-06-23 - Thứ 3,36,1,0.9722,0,6.51,34.9992,0,36,0,1.0008,0,0,0.0278,36,Lâm Đồng,NTB,AM Nga
NTB - Lâm Đồng,(LDO) Bảo Lâm 3,Hàng Mới Ca 1,2026-07-08 - Thứ 4,36,1,0.9167,0.0556,11.67,33.0012,2.0016,36,2.0016,0.9972,0,0,0.0277,36,Lâm Đồng,NTB,AM Nga
NTB - Lâm Đồng,(LDO) Bảo Lâm 3,Hàng Mới Ca 1,2026-07-03 - Thứ 6,39,1,0.8462,0,7.03,33.0018,0,39,0,5.9982,0,0,0.1538,39,Lâm Đồng,NTB,AM Nga
NTB - Lâm Đồng,(LDO) Bảo Lâm 3,Hàng Mới Ca 1,2026-07-02 - Thứ 5,39,1,0.8205,0.0256,9.28,31.9995,0.9984,39,0.9984,6.0021,0,0,0.1539,39,Lâm Đồng,NTB,AM Nga
NTB - Lâm Đồng,(LDO) Bảo Lâm 3,Hàng Mới Ca 1,2026-07-10 - Thứ 6,40,1,0.875,0,9.74,35,0,40,0,5,0,0,0.125,40,Lâm Đồng,NTB,AM Nga
NTB - Lâm Đồng,(LDO) Bảo Lâm 3,Hàng Mới Ca 1,2026-07-11 - Thứ 7,43,1,0.9767,0.0233,9.62,41.9981,1.0019,43,1.0019,0,0,0,0,43,Lâm Đồng,NTB,AM Nga
NTB - Lâm Đồng,(LDO) Bảo Lâm 3,Hàng Mới Ca 1,2026-06-21 - Chủ Nhật,44,1,0.8409,0,11.68,36.9996,0,44,0,7.0004,0,0,0.1591,44,Lâm Đồng,NTB,AM Nga
NTB - Lâm Đồng,(LDO) Bảo Lâm 3,Hàng Mới Ca 1,2026-07-17 - Thứ 6,46,1,0.9783,0,11.11,45.0018,0,46,0,0.9982,0,0,0.0217,46,Lâm Đồng,NTB,AM Nga
NTB - Lâm Đồng,(LDO) Bảo Lâm 3,Hàng Mới Ca 1,2026-07-12 - Chủ Nhật,50,1,0.92,0.02,6.43,46,1,50,1,3,0,0,0.06,50,Lâm Đồng,NTB,AM Nga
NTB - Lâm Đồng,(LDO) Bảo Lâm 3,Hàng Mới Ca 2,2026-06-20 - Thứ 7,1,1,0,0,0,0,0,1,0,1,0,0,1,1,Lâm Đồng,NTB,AM Nga
NTB - Lâm Đồng,(LDO) Bảo Lâm 3,Hàng Mới Ca 2,2026-07-03 - Thứ 6,1,0,0,0,0,0,0,0,0,1,1,1,1,1,Lâm Đồng,NTB,AM Nga
NTB - Lâm Đồng,(LDO) Bảo Lâm 3,Hàng Tồn,2026-07-09 - Thứ 5,1,1,0,0,0,0,0,1,0,1,0,0,1,0,Lâm Đồng,NTB,AM Nga
NTB - Lâm Đồng,(LDO) Bảo Lâm 3,Hàng Tồn,2026-07-15 - Thứ 4,1,1,1,0,56,1,0,1,0,0,0,0,0,0,Lâm Đồng,NTB,AM Nga
NTB - Lâm Đồng,(LDO) Bảo Lâm 3,Hàng Tồn,2026-07-02 - Thứ 5,1,1,1,0,50,1,0,1,0,0,0,0,0,0,Lâm Đồng,NTB,AM Nga
NTB - Lâm Đồng,(LDO) Bảo Lâm 3,Hàng Tồn,2026-07-12 - Chủ Nhật,2,1,1,0,85,2,0,2,0,0,0,0,0,0,Lâm Đồng,NTB,AM Nga
NTB - Lâm Đồng,(LDO) Bảo Lâm 3,Hàng Tồn,2026-07-17 - Thứ 6,2,1,0.5,0.5,44,1,1,2,1,0,0,0,0,0,Lâm Đồng,NTB,AM Nga
NTB - Lâm Đồng,(LDO) Bảo Lâm 3,Hàng Tồn,2026-07-14 - Thứ 3,3,1,0.6667,0,45.5,2.0001,0,3,0,0.9999,0,0,0.3333,0,Lâm Đồng,NTB,AM Nga
NTB - Lâm Đồng,(LDO) Bảo Lâm 3,Hàng Tồn,2026-07-01 - Thứ 4,3,1,1,0,97.33,3,0,3,0,0,0,0,0,0,Lâm Đồng,NTB,AM Nga
NTB - Lâm Đồng,(LDO) Bảo Lâm 3,Hàng Tồn,2026-07-13 - Thứ 2,3,1,1,0,44,3,0,3,0,0,0,0,0,0,Lâm Đồng,NTB,AM Nga
NTB - Lâm Đồng,(LDO) Bảo Lâm 3,Hàng Tồn,2026-07-16 - Thứ 5,4,1,1,0,49.5,4,0,4,0,0,0,0,0,0,Lâm Đồng,NTB,AM Nga
NTB - Lâm Đồng,(LDO) Bảo Lâm 3,Hàng Tồn,2026-06-25 - Thứ 5,4,1,0.25,0.25,47,1,1,4,1,2,0,0,0.5,0,Lâm Đồng,NTB,AM Nga
NTB - Lâm Đồng,(LDO) Bảo Lâm 3,Hàng Tồn,2026-07-07 - Thứ 3,4,1,0.5,0.25,82,2,1,4,1,1,0,0,0.25,0,Lâm Đồng,NTB,AM Nga
NTB - Lâm Đồng,(LDO) Bảo Lâm 3,Hàng Tồn,2026-07-08 - Thứ 4,4,1,1,0,61.5,4,0,4,0,0,0,0,0,0,Lâm Đồng,NTB,AM Nga
NTB - Lâm Đồng,(LDO) Bảo Lâm 3,Hàng Tồn,2026-06-26 - Thứ 6,5,1,0.2,0.2,50,1,1,5,1,3,0,0,0.6,0,Lâm Đồng,NTB,AM Nga
NTB - Lâm Đồng,(LDO) Bảo Lâm 3,Hàng Tồn,2026-07-11 - Thứ 7,5,1,0.6,0,51,3,0,5,0,2,0,0,0.4,0,Lâm Đồng,NTB,AM Nga
NTB - Lâm Đồng,(LDO) Bảo Lâm 3,Hàng Tồn,2026-07-06 - Thứ 2,5,1,0.2,0.2,51,1,1,5,1,3,0,0,0.6,0,Lâm Đồng,NTB,AM Nga
NTB - Lâm Đồng,(LDO) Bảo Lâm 3,Hàng Tồn,2026-06-27 - Thứ 7,5,1,0,0,0,0,0,5,0,5,0,0,1,0,Lâm Đồng,NTB,AM Nga
NTB - Lâm Đồng,(LDO) Bảo Lâm 3,Hàng Tồn,2026-06-24 - Thứ 4,5,1,0.2,0.4,98,1,2,5,2,2,0,0,0.4,0,Lâm Đồng,NTB,AM Nga
NTB - Lâm Đồng,(LDO) Bảo Lâm 3,Hàng Tồn,2026-06-20 - Thứ 7,6,1,0.5,0.1667,50,3,1.0002,6,1.0002,1.9998,0,0,0.3333,0,Lâm Đồng,NTB,AM Nga
NTB - Lâm Đồng,(LDO) Bảo Lâm 3,Hàng Tồn,2026-07-05 - Chủ Nhật,6,1,0.3333,0,61.5,1.9998,0,6,0,4.0002,0,0,0.6667,0,Lâm Đồng,NTB,AM Nga
NTB - Lâm Đồng,(LDO) Bảo Lâm 3,Hàng Tồn,2026-07-03 - Thứ 6,6,1,0.6667,0.1667,52.5,4.0002,1.0002,6,1.0002,0.9996,0,0,0.1666,0,Lâm Đồng,NTB,AM Nga
NTB - Lâm Đồng,(LDO) Bảo Lâm 3,Hàng Tồn,2026-06-29 - Thứ 2,7,0.7143,0.4286,0.1429,74,3.0002,1.0003,5.0001,1.0003,2.9995,1.9999,0.2857,0.4285,0,Lâm Đồng,NTB,AM Nga
NTB - Lâm Đồng,(LDO) Bảo Lâm 3,Hàng Tồn,2026-06-23 - Thứ 3,7,1,0.2857,0.1429,64.5,1.9999,1.0003,7,1.0003,3.9998,0,0,0.5714,0,Lâm Đồng,NTB,AM Nga
NTB - Lâm Đồng,(LDO) Bảo Lâm 3,Hàng Tồn,2026-07-10 - Thứ 6,7,1,0.8571,0.1429,49.5,5.9997,1.0003,7,1.0003,0,0,0,0,0,Lâm Đồng,NTB,AM Nga
NTB - Lâm Đồng,(LDO) Bảo Lâm 3,Hàng Tồn,2026-07-04 - Thứ 7,8,1,0.625,0,48.6,5,0,8,0,3,0,0,0.375,0,Lâm Đồng,NTB,AM Nga
NTB - Lâm Đồng,(LDO) Bảo Lâm 3,Hàng Tồn,2026-06-30 - Thứ 3,8,1,0.75,0,67.17,6,0,8,0,2,0,0,0.25,0,Lâm Đồng,NTB,AM Nga
NTB - Lâm Đồng,(LDO) Bảo Lâm 3,Hàng Tồn,2026-06-21 - Chủ Nhật,9,0.6667,0.4444,0,57.75,3.9996,0,6.0003,0,5.0004,2.9997,0.3333,0.5556,0,Lâm Đồng,NTB,AM Nga
NTB - Lâm Đồng,(LDO) Bảo Lâm 3,Hàng Tồn,2026-06-28 - Chủ Nhật,10,0.9,0.5,0.1,87.6,5,1,9,1,4,1,0.1,0.4,0,Lâm Đồng,NTB,AM Nga
NTB - Lâm Đồng,(LDO) Bảo Lâm 3,Hàng Tồn,2026-06-22 - Thứ 2,12,1,0.5,0,65.83,6,0,12,0,6,0,0,0.5,0,Lâm Đồng,NTB,AM Nga
NTB - Lâm Đồng,(LDO) Bảo Lâm 1,Hàng Mới Ca 1,2026-07-10 - Thứ 6,62,1,0.9194,0,18.73,57.0028,0,62,0,4.9972,0,0,0.0806,62,Lâm Đồng,NTB,AM Nga
NTB - Lâm Đồng,(LDO) Bảo Lâm 1,Hàng Mới Ca 1,2026-07-07 - Thứ 3,15,1,0.9333,0,17.5,13.9995,0,15,0,1.0005,0,0,0.0667,15,Lâm Đồng,NTB,AM Nga
NTB - Lâm Đồng,(LDO) Bảo Lâm 1,Hàng Mới Ca 1,2026-07-14 - Thứ 3,18,0.8889,0.7778,0,17.21,14.0004,0,16.0002,0,3.9996,1.9998,0.1111,0.2222,18,Lâm Đồng,NTB,AM Nga
NTB - Lâm Đồng,(LDO) Bảo Lâm 1,Hàng Mới Ca 1,2026-06-22 - Thứ 2,20,0.8,0.7,0,11.36,14,0,16,0,6,4,0.2,0.3,20,Lâm Đồng,NTB,AM Nga
NTB - Lâm Đồng,(LDO) Bảo Lâm 1,Hàng Mới Ca 1,2026-06-24 - Thứ 4,21,0.7619,0.4762,0,20.5,10.0002,0,15.9999,0,10.9998,5.0001,0.2381,0.5238,21,Lâm Đồng,NTB,AM Nga
NTB - Lâm Đồng,(LDO) Bảo Lâm 1,Hàng Mới Ca 1,2026-06-30 - Thứ 3,21,0.7619,0.5714,0,13.92,11.9994,0,15.9999,0,9.0006,5.0001,0.2381,0.4286,21,Lâm Đồng,NTB,AM Nga
NTB - Lâm Đồng,(LDO) Bảo Lâm 1,Hàng Mới Ca 1,2026-07-15 - Thứ 4,22,0.9091,0.8636,0,22,18.9992,0,20.0002,0,3.0008,1.9998,0.0909,0.1364,22,Lâm Đồng,NTB,AM Nga
NTB - Lâm Đồng,(LDO) Bảo Lâm 1,Hàng Mới Ca 1,2026-07-08 - Thứ 4,27,0.9259,0.9259,0,15.16,24.9993,0,24.9993,0,2.0007,2.0007,0.0741,0.0741,27,Lâm Đồng,NTB,AM Nga
NTB - Lâm Đồng,(LDO) Bảo Lâm 1,Hàng Mới Ca 1,2026-06-27 - Thứ 7,27,1,0.8519,0,10,23.0013,0,27,0,3.9987,0,0,0.1481,27,Lâm Đồng,NTB,AM Nga
NTB - Lâm Đồng,(LDO) Bảo Lâm 1,Hàng Mới Ca 1,2026-06-21 - Chủ Nhật,28,0.8214,0.75,0,18.05,21,0,22.9992,0,7,5.0008,0.1786,0.25,28,Lâm Đồng,NTB,AM Nga
NTB - Lâm Đồng,(LDO) Bảo Lâm 1,Hàng Mới Ca 1,2026-07-16 - Thứ 5,29,0.931,0.8966,0,17.31,26.0014,0,26.999,0,2.9986,2.001,0.069,0.1034,29,Lâm Đồng,NTB,AM Nga
NTB - Lâm Đồng,(LDO) Bảo Lâm 1,Hàng Mới Ca 1,2026-07-17 - Thứ 6,30,1,0.9333,0.0333,12.71,27.999,0.999,30,0.999,1.002,0,0,0.0334,30,Lâm Đồng,NTB,AM Nga
NTB - Lâm Đồng,(LDO) Bảo Lâm 1,Hàng Mới Ca 1,2026-07-06 - Thứ 2,30,0.8333,0.7667,0,14.61,23.001,0,24.999,0,6.999,5.001,0.1667,0.2333,30,Lâm Đồng,NTB,AM Nga
NTB - Lâm Đồng,(LDO) Bảo Lâm 1,Hàng Mới Ca 1,2026-06-20 - Thứ 7,31,0.8065,0.7097,0,19.45,22.0007,0,25.0015,0,8.9993,5.9985,0.1935,0.2903,31,Lâm Đồng,NTB,AM Nga
NTB - Lâm Đồng,(LDO) Bảo Lâm 1,Hàng Mới Ca 1,2026-07-04 - Thứ 7,32,0.9375,0.8438,0,13.59,27.0016,0,30,0,4.9984,2,0.0625,0.1562,32,Lâm Đồng,NTB,AM Nga
NTB - Lâm Đồng,(LDO) Bảo Lâm 1,Hàng Mới Ca 1,2026-06-29 - Thứ 2,32,1,0.875,0.0313,14.86,28,1.0016,32,1.0016,2.9984,0,0,0.0937,32,Lâm Đồng,NTB,AM Nga
NTB - Lâm Đồng,(LDO) Bảo Lâm 1,Hàng Mới Ca 1,2026-07-03 - Thứ 6,32,1,0.9375,0,16,30,0,32,0,2,0,0,0.0625,32,Lâm Đồng,NTB,AM Nga
NTB - Lâm Đồng,(LDO) Bảo Lâm 1,Hàng Mới Ca 1,2026-07-13 - Thứ 2,35,0.7429,0.6857,0,15.13,23.9995,0,26.0015,0,11.0005,8.9985,0.2571,0.3143,35,Lâm Đồng,NTB,AM Nga
NTB - Lâm Đồng,(LDO) Bảo Lâm 1,Hàng Mới Ca 1,2026-07-02 - Thứ 5,36,0.8889,0.8611,0,13.84,30.9996,0,32.0004,0,5.0004,3.9996,0.1111,0.1389,36,Lâm Đồng,NTB,AM Nga
NTB - Lâm Đồng,(LDO) Bảo Lâm 1,Hàng Mới Ca 1,2026-06-25 - Thứ 5,36,0.8333,0.5833,0,16.95,20.9988,0,29.9988,0,15.0012,6.0012,0.1667,0.4167,36,Lâm Đồng,NTB,AM Nga
NTB - Lâm Đồng,(LDO) Bảo Lâm 1,Hàng Mới Ca 1,2026-07-01 - Thứ 4,37,0.8378,0.7838,0.027,14.72,29.0006,0.999,30.9986,0.999,7.0004,6.0014,0.1622,0.1892,37,Lâm Đồng,NTB,AM Nga
NTB - Lâm Đồng,(LDO) Bảo Lâm 1,Hàng Mới Ca 1,2026-07-05 - Chủ Nhật,39,1,0.8974,0,12.6,34.9986,0,39,0,4.0014,0,0,0.1026,39,Lâm Đồng,NTB,AM Nga
NTB - Lâm Đồng,(LDO) Bảo Lâm 1,Hàng Mới Ca 1,2026-06-28 - Chủ Nhật,39,0.9231,0.8718,0,11.24,34.0002,0,36.0009,0,4.9998,2.9991,0.0769,0.1282,39,Lâm Đồng,NTB,AM Nga
NTB - Lâm Đồng,(LDO) Bảo Lâm 1,Hàng Mới Ca 1,2026-06-26 - Thứ 6,40,0.95,0.775,0.025,17.87,31,1,38,1,8,2,0.05,0.2,40,Lâm Đồng,NTB,AM Nga
NTB - Lâm Đồng,(LDO) Bảo Lâm 1,Hàng Mới Ca 1,2026-06-23 - Thứ 3,42,0.7619,0.619,0,12.23,25.998,0,31.9998,0,16.002,10.0002,0.2381,0.381,42,Lâm Đồng,NTB,AM Nga
NTB - Lâm Đồng,(LDO) Bảo Lâm 1,Hàng Mới Ca 1,2026-07-09 - Thứ 5,44,0.8409,0.8182,0,13.44,36.0008,0,36.9996,0,7.9992,7.0004,0.1591,0.1818,44,Lâm Đồng,NTB,AM Nga
NTB - Lâm Đồng,(LDO) Bảo Lâm 1,Hàng Mới Ca 1,2026-07-11 - Thứ 7,45,0.9556,0.8889,0.0222,14.55,40.0005,0.999,43.002,0.999,4.0005,1.998,0.0444,0.0889,45,Lâm Đồng,NTB,AM Nga
NTB - Lâm Đồng,(LDO) Bảo Lâm 1,Hàng Mới Ca 1,2026-07-12 - Chủ Nhật,54,0.8889,0.7778,0.0185,13.43,42.0012,0.999,48.0006,0.999,10.9998,5.9994,0.1111,0.2037,54,Lâm Đồng,NTB,AM Nga
NTB - Lâm Đồng,(LDO) Bảo Lâm 1,Hàng Mới Ca 2,2026-06-20 - Thứ 7,1,1,1,0,4,1,0,1,0,0,0,0,0,1,Lâm Đồng,NTB,AM Nga
NTB - Lâm Đồng,(LDO) Bảo Lâm 1,Hàng Tồn,2026-07-08 - Thứ 4,3,0.6667,0.3333,0,54,0.9999,0,2.0001,0,2.0001,0.9999,0.3333,0.6667,0,Lâm Đồng,NTB,AM Nga
NTB - Lâm Đồng,(LDO) Bảo Lâm 1,Hàng Tồn,2026-07-09 - Thứ 5,4,0.5,0.25,0.25,48,1,1,2,1,2,2,0.5,0.5,0,Lâm Đồng,NTB,AM Nga
NTB - Lâm Đồng,(LDO) Bảo Lâm 1,Hàng Tồn,2026-07-06 - Thứ 2,6,0.5,0.3333,0,46.5,1.9998,0,3,0,4.0002,3,0.5,0.6667,0,Lâm Đồng,NTB,AM Nga
NTB - Lâm Đồng,(LDO) Bảo Lâm 1,Hàng Tồn,2026-07-11 - Thứ 7,6,0.8333,0.3333,0,63,1.9998,0,4.9998,0,4.0002,1.0002,0.1667,0.6667,0,Lâm Đồng,NTB,AM Nga
NTB - Lâm Đồng,(LDO) Bảo Lâm 1,Hàng Tồn,2026-07-04 - Thứ 7,6,0.5,0.3333,0,71,1.9998,0,3,0,4.0002,3,0.5,0.6667,0,Lâm Đồng,NTB,AM Nga
NTB - Lâm Đồng,(LDO) Bảo Lâm 1,Hàng Tồn,2026-07-17 - Thứ 6,7,0.8571,0.4286,0.2857,79.67,3.0002,1.9999,5.9997,1.9999,1.9999,1.0003,0.1429,0.2857,0,Lâm Đồng,NTB,AM Nga
NTB - Lâm Đồng,(LDO) Bảo Lâm 1,Hàng Tồn,2026-07-05 - Chủ Nhật,8,0.875,0.75,0.125,58.17,6,1,7,1,1,1,0.125,0.125,0,Lâm Đồng,NTB,AM Nga
NTB - Lâm Đồng,(LDO) Bảo Lâm 1,Hàng Tồn,2026-07-16 - Thứ 5,8,0.875,0.5,0.125,75.25,4,1,7,1,3,1,0.125,0.375,0,Lâm Đồng,NTB,AM Nga
NTB - Lâm Đồng,(LDO) Bảo Lâm 1,Hàng Tồn,2026-07-12 - Chủ Nhật,8,0.75,0.125,0,42,1,0,6,0,7,2,0.25,0.875,0,Lâm Đồng,NTB,AM Nga
NTB - Lâm Đồng,(LDO) Bảo Lâm 1,Hàng Tồn,2026-07-07 - Thứ 3,10,0.9,0.9,0,59.22,9,0,9,0,1,1,0.1,0.1,0,Lâm Đồng,NTB,AM Nga
NTB - Lâm Đồng,(LDO) Bảo Lâm 1,Hàng Tồn,2026-07-03 - Thứ 6,10,0.7,0.4,0.2,56,4,2,7,2,4,3,0.3,0.4,0,Lâm Đồng,NTB,AM Nga
NTB - Lâm Đồng,(LDO) Bảo Lâm 1,Hàng Tồn,2026-07-10 - Thứ 6,10,0.9,0.6,0.1,51.33,6,1,9,1,3,1,0.1,0.3,0,Lâm Đồng,NTB,AM Nga
NTB - Lâm Đồng,(LDO) Bảo Lâm 1,Hàng Tồn,2026-06-28 - Chủ Nhật,14,0.5,0.2143,0,107,3.0002,0,7,0,10.9998,7,0.5,0.7857,0,Lâm Đồng,NTB,AM Nga
NTB - Lâm Đồng,(LDO) Bảo Lâm 1,Hàng Tồn,2026-07-15 - Thứ 4,15,1,0.7333,0,86.73,10.9995,0,15,0,4.0005,0,0,0.2667,0,Lâm Đồng,NTB,AM Nga
NTB - Lâm Đồng,(LDO) Bảo Lâm 1,Hàng Tồn,2026-06-30 - Thứ 3,16,0.5,0.25,0,88.25,4,0,8,0,12,8,0.5,0.75,0,Lâm Đồng,NTB,AM Nga
NTB - Lâm Đồng,(LDO) Bảo Lâm 1,Hàng Tồn,2026-06-29 - Thứ 2,16,0.875,0.1875,0,92.33,3,0,14,0,13,2,0.125,0.8125,0,Lâm Đồng,NTB,AM Nga
NTB - Lâm Đồng,(LDO) Bảo Lâm 1,Hàng Tồn,2026-07-02 - Thứ 5,17,0.9412,0.7647,0,100.31,12.9999,0,16.0004,0,4.0001,0.9996,0.0588,0.2353,0,Lâm Đồng,NTB,AM Nga
NTB - Lâm Đồng,(LDO) Bảo Lâm 1,Hàng Tồn,2026-06-27 - Thứ 7,17,0.8824,0.3529,0,91.83,5.9993,0,15.0008,0,11.0007,1.9992,0.1176,0.6471,0,Lâm Đồng,NTB,AM Nga
NTB - Lâm Đồng,(LDO) Bảo Lâm 1,Hàng Tồn,2026-07-13 - Thứ 2,18,0.2778,0.2222,0,74,3.9996,0,5.0004,0,14.0004,12.9996,0.7222,0.7778,0,Lâm Đồng,NTB,AM Nga
NTB - Lâm Đồng,(LDO) Bảo Lâm 1,Hàng Tồn,2026-07-01 - Thứ 4,21,0.7619,0.381,0.1429,60.13,8.001,3.0009,15.9999,3.0009,9.9981,5.0001,0.2381,0.4761,0,Lâm Đồng,NTB,AM Nga
NTB - Lâm Đồng,(LDO) Bảo Lâm 1,Hàng Tồn,2026-07-14 - Thứ 3,23,0.7391,0.5217,0,70.67,11.9991,0,16.9993,0,11.0009,6.0007,0.2609,0.4783,0,Lâm Đồng,NTB,AM Nga
NTB - Lâm Đồng,(LDO) Bảo Lâm 1,Hàng Tồn,2026-06-23 - Thứ 3,24,0.1667,0.0833,0,105,1.9992,0,4.0008,0,22.0008,19.9992,0.8333,0.9167,0,Lâm Đồng,NTB,AM Nga
NTB - Lâm Đồng,(LDO) Bảo Lâm 1,Hàng Tồn,2026-06-25 - Thứ 5,33,0.697,0.3333,0,73.09,10.9989,0,23.001,0,22.0011,9.999,0.303,0.6667,0,Lâm Đồng,NTB,AM Nga
NTB - Lâm Đồng,(LDO) Bảo Lâm 1,Hàng Tồn,2026-06-20 - Thứ 7,36,0.3056,0.2222,0,58.13,7.9992,0,11.0016,0,28.0008,24.9984,0.6944,0.7778,0,Lâm Đồng,NTB,AM Nga
NTB - Lâm Đồng,(LDO) Bảo Lâm 1,Hàng Tồn,2026-06-26 - Thứ 6,37,0.9189,0.6486,0.0541,91.3,23.9982,2.0017,33.9993,2.0017,11.0001,3.0007,0.0811,0.2973,0,Lâm Đồng,NTB,AM Nga
NTB - Lâm Đồng,(LDO) Bảo Lâm 1,Hàng Tồn,2026-06-21 - Chủ Nhật,37,0.2432,0.1081,0,72.75,3.9997,0,8.9984,0,33.0003,28.0016,0.7568,0.8919,0,Lâm Đồng,NTB,AM Nga
NTB - Lâm Đồng,(LDO) Bảo Lâm 1,Hàng Tồn,2026-06-24 - Thứ 4,38,0.4474,0.3684,0.0263,98,13.9992,0.9994,17.0012,0.9994,23.0014,20.9988,0.5526,0.6053,0,Lâm Đồng,NTB,AM Nga
NTB - Lâm Đồng,(LDO) Bảo Lâm 1,Hàng Tồn,2026-06-22 - Thứ 2,40,0.65,0.45,0,90.72,18,0,26,0,22,14,0.35,0.55,0,Lâm Đồng,NTB,AM Nga
NTB - Lâm Đồng,(LDO) B'Lao,Hàng Mới Ca 1,2026-07-09 - Thứ 5,64,1,0.9844,0.0156,5.89,63.0016,0.9984,64,0.9984,0,0,0,0,64,Lâm Đồng,NTB,AM Nga
NTB - Lâm Đồng,(LDO) B'Lao,Hàng Mới Ca 1,2026-07-05 - Chủ Nhật,13,0.9231,0.9231,0,6.75,12.0003,0,12.0003,0,0.9997,0.9997,0.0769,0.0769,13,Lâm Đồng,NTB,AM Nga
NTB - Lâm Đồng,(LDO) B'Lao,Hàng Mới Ca 1,2026-07-07 - Thứ 3,15,1,1,0,5,15,0,15,0,0,0,0,0,15,Lâm Đồng,NTB,AM Nga
NTB - Lâm Đồng,(LDO) B'Lao,Hàng Mới Ca 1,2026-06-23 - Thứ 3,19,1,0.8947,0.0526,5.94,16.9993,0.9994,19,0.9994,1.0013,0,0,0.0527,19,Lâm Đồng,NTB,AM Nga
NTB - Lâm Đồng,(LDO) B'Lao,Hàng Mới Ca 1,2026-07-04 - Thứ 7,19,0.9474,0.9474,0,6.67,18.0006,0,18.0006,0,0.9994,0.9994,0.0526,0.0526,19,Lâm Đồng,NTB,AM Nga
NTB - Lâm Đồng,(LDO) B'Lao,Hàng Mới Ca 1,2026-06-30 - Thứ 3,20,1,0.85,0,9,17,0,20,0,3,0,0,0.15,20,Lâm Đồng,NTB,AM Nga
NTB - Lâm Đồng,(LDO) B'Lao,Hàng Mới Ca 1,2026-07-13 - Thứ 2,20,1,0.95,0,6.84,19,0,20,0,1,0,0,0.05,20,Lâm Đồng,NTB,AM Nga
NTB - Lâm Đồng,(LDO) B'Lao,Hàng Mới Ca 1,2026-06-29 - Thứ 2,21,1,0.9524,0,8.2,20.0004,0,21,0,0.9996,0,0,0.0476,21,Lâm Đồng,NTB,AM Nga
NTB - Lâm Đồng,(LDO) B'Lao,Hàng Mới Ca 1,2026-07-14 - Thứ 3,22,1,0.9545,0,6.24,20.999,0,22,0,1.001,0,0,0.0455,22,Lâm Đồng,NTB,AM Nga
NTB - Lâm Đồng,(LDO) B'Lao,Hàng Mới Ca 1,2026-07-17 - Thứ 6,23,1,0.9565,0,7.64,21.9995,0,23,0,1.0005,0,0,0.0435,23,Lâm Đồng,NTB,AM Nga
NTB - Lâm Đồng,(LDO) B'Lao,Hàng Mới Ca 1,2026-07-03 - Thứ 6,24,1,0.9167,0,9.32,22.0008,0,24,0,1.9992,0,0,0.0833,24,Lâm Đồng,NTB,AM Nga
NTB - Lâm Đồng,(LDO) B'Lao,Hàng Mới Ca 1,2026-07-06 - Thứ 2,25,1,0.92,0,7.96,23,0,25,0,2,0,0,0.08,25,Lâm Đồng,NTB,AM Nga
NTB - Lâm Đồng,(LDO) B'Lao,Hàng Mới Ca 1,2026-07-02 - Thứ 5,25,1,0.88,0.04,7.09,22,1,25,1,2,0,0,0.08,25,Lâm Đồng,NTB,AM Nga
NTB - Lâm Đồng,(LDO) B'Lao,Hàng Mới Ca 1,2026-07-08 - Thứ 4,26,1,1,0,5.31,26,0,26,0,0,0,0,0,26,Lâm Đồng,NTB,AM Nga
NTB - Lâm Đồng,(LDO) B'Lao,Hàng Mới Ca 1,2026-07-15 - Thứ 4,28,1,0.9286,0,4.65,26.0008,0,28,0,1.9992,0,0,0.0714,28,Lâm Đồng,NTB,AM Nga
NTB - Lâm Đồng,(LDO) B'Lao,Hàng Mới Ca 1,2026-07-12 - Chủ Nhật,29,1,0.8621,0.0345,4.76,25.0009,1.0005,29,1.0005,2.9986,0,0,0.1034,29,Lâm Đồng,NTB,AM Nga
NTB - Lâm Đồng,(LDO) B'Lao,Hàng Mới Ca 1,2026-06-24 - Thứ 4,30,1,0.8667,0,6.38,26.001,0,30,0,3.999,0,0,0.1333,30,Lâm Đồng,NTB,AM Nga
NTB - Lâm Đồng,(LDO) B'Lao,Hàng Mới Ca 1,2026-06-26 - Thứ 6,32,0.9375,0.9063,0.0313,5.38,29.0016,1.0016,30,1.0016,1.9968,2,0.0625,0.0624,32,Lâm Đồng,NTB,AM Nga
NTB - Lâm Đồng,(LDO) B'Lao,Hàng Mới Ca 1,2026-07-16 - Thứ 5,33,1,0.9697,0,7,32.0001,0,33,0,0.9999,0,0,0.0303,33,Lâm Đồng,NTB,AM Nga
NTB - Lâm Đồng,(LDO) B'Lao,Hàng Mới Ca 1,2026-06-22 - Thứ 2,34,1,0.9706,0,5.58,33.0004,0,34,0,0.9996,0,0,0.0294,34,Lâm Đồng,NTB,AM Nga
NTB - Lâm Đồng,(LDO) B'Lao,Hàng Mới Ca 1,2026-06-28 - Chủ Nhật,35,0.9714,0.7429,0.1714,8.35,26.0015,5.999,33.999,5.999,2.9995,1.001,0.0286,0.0857,35,Lâm Đồng,NTB,AM Nga
NTB - Lâm Đồng,(LDO) B'Lao,Hàng Mới Ca 1,2026-06-25 - Thứ 5,37,1,0.9189,0,5.35,33.9993,0,37,0,3.0007,0,0,0.0811,37,Lâm Đồng,NTB,AM Nga
NTB - Lâm Đồng,(LDO) B'Lao,Hàng Mới Ca 1,2026-06-20 - Thứ 7,37,1,0.8649,0.0541,6.78,32.0013,2.0017,37,2.0017,2.997,0,0,0.081,37,Lâm Đồng,NTB,AM Nga
NTB - Lâm Đồng,(LDO) B'Lao,Hàng Mới Ca 1,2026-07-11 - Thứ 7,38,0.9737,0.8684,0,5,32.9992,0,37.0006,0,5.0008,0.9994,0.0263,0.1316,38,Lâm Đồng,NTB,AM Nga
NTB - Lâm Đồng,(LDO) B'Lao,Hàng Mới Ca 1,2026-06-21 - Chủ Nhật,42,1,0.8571,0,7.14,35.9982,0,42,0,6.0018,0,0,0.1429,42,Lâm Đồng,NTB,AM Nga
NTB - Lâm Đồng,(LDO) B'Lao,Hàng Mới Ca 1,2026-07-01 - Thứ 4,47,0.9574,0.8298,0,8.26,39.0006,0,44.9978,0,7.9994,2.0022,0.0426,0.1702,47,Lâm Đồng,NTB,AM Nga
NTB - Lâm Đồng,(LDO) B'Lao,Hàng Mới Ca 1,2026-07-10 - Thứ 6,54,1,0.963,0.0185,6.1,52.002,0.999,54,0.999,0.999,0,0,0.0185,54,Lâm Đồng,NTB,AM Nga
NTB - Lâm Đồng,(LDO) B'Lao,Hàng Mới Ca 1,2026-06-27 - Thứ 7,55,0.9091,0.8182,0,7.13,45.001,0,50.0005,0,9.999,4.9995,0.0909,0.1818,55,Lâm Đồng,NTB,AM Nga
NTB - Lâm Đồng,(LDO) B'Lao,Hàng Mới Ca 2,2026-06-21 - Chủ Nhật,10,0.9,0.6,0.1,1.17,6,1,9,1,3,1,0.1,0.3,10,Lâm Đồng,NTB,AM Nga
NTB - Lâm Đồng,(LDO) B'Lao,Hàng Mới Ca 2,2026-07-01 - Thứ 4,10,0.8,0.8,0,4.25,8,0,8,0,2,2,0.2,0.2,10,Lâm Đồng,NTB,AM Nga
NTB - Lâm Đồng,(LDO) B'Lao,Hàng Mới Ca 2,2026-06-29 - Thứ 2,13,0.8462,0.8462,0,3.73,11.0006,0,11.0006,0,1.9994,1.9994,0.1538,0.1538,13,Lâm Đồng,NTB,AM Nga
NTB - Lâm Đồng,(LDO) B'Lao,Hàng Mới Ca 2,2026-06-26 - Thứ 6,16,0.9375,0.875,0,2.71,14,0,15,0,2,1,0.0625,0.125,16,Lâm Đồng,NTB,AM Nga
NTB - Lâm Đồng,(LDO) B'Lao,Hàng Mới Ca 2,2026-06-23 - Thứ 3,18,0.7778,0.7778,0,3.29,14.0004,0,14.0004,0,3.9996,3.9996,0.2222,0.2222,18,Lâm Đồng,NTB,AM Nga
NTB - Lâm Đồng,(LDO) B'Lao,Hàng Mới Ca 2,2026-06-20 - Thứ 7,19,0.9474,0.7895,0,2.73,15.0005,0,18.0006,0,3.9995,0.9994,0.0526,0.2105,19,Lâm Đồng,NTB,AM Nga
NTB - Lâm Đồng,(LDO) B'Lao,Hàng Mới Ca 2,2026-07-05 - Chủ Nhật,20,0.85,0.8,0,2.56,16,0,17,0,4,3,0.15,0.2,20,Lâm Đồng,NTB,AM Nga
NTB - Lâm Đồng,(LDO) B'Lao,Hàng Mới Ca 2,2026-06-30 - Thứ 3,20,0.75,0.65,0,3.23,13,0,15,0,7,5,0.25,0.35,20,Lâm Đồng,NTB,AM Nga
NTB - Lâm Đồng,(LDO) B'Lao,Hàng Mới Ca 2,2026-07-06 - Thứ 2,20,0.85,0.8,0,3,16,0,17,0,4,3,0.15,0.2,20,Lâm Đồng,NTB,AM Nga
NTB - Lâm Đồng,(LDO) B'Lao,Hàng Mới Ca 2,2026-06-25 - Thứ 5,20,0.9,0.75,0,3.2,15,0,18,0,5,2,0.1,0.25,20,Lâm Đồng,NTB,AM Nga
NTB - Lâm Đồng,(LDO) B'Lao,Hàng Mới Ca 2,2026-07-14 - Thứ 3,22,0.9545,0.8636,0,3.68,18.9992,0,20.999,0,3.0008,1.001,0.0455,0.1364,22,Lâm Đồng,NTB,AM Nga
NTB - Lâm Đồng,(LDO) B'Lao,Hàng Mới Ca 2,2026-07-07 - Thứ 3,23,0.8696,0.8261,0,3.26,19.0003,0,20.0008,0,3.9997,2.9992,0.1304,0.1739,23,Lâm Đồng,NTB,AM Nga
NTB - Lâm Đồng,(LDO) B'Lao,Hàng Mới Ca 2,2026-07-12 - Chủ Nhật,23,0.6957,0.6522,0,2.8,15.0006,0,16.0011,0,7.9994,6.9989,0.3043,0.3478,23,Lâm Đồng,NTB,AM Nga
NTB - Lâm Đồng,(LDO) B'Lao,Hàng Mới Ca 2,2026-07-02 - Thứ 5,23,0.4783,0.4348,0,1.8,10.0004,0,11.0009,0,12.9996,11.9991,0.5217,0.5652,23,Lâm Đồng,NTB,AM Nga
NTB - Lâm Đồng,(LDO) B'Lao,Hàng Mới Ca 2,2026-07-03 - Thứ 6,24,0.5833,0.5833,0,3.07,13.9992,0,13.9992,0,10.0008,10.0008,0.4167,0.4167,24,Lâm Đồng,NTB,AM Nga
NTB - Lâm Đồng,(LDO) B'Lao,Hàng Mới Ca 2,2026-07-13 - Thứ 2,24,0.875,0.7917,0,3.11,19.0008,0,21,0,4.9992,3,0.125,0.2083,24,Lâm Đồng,NTB,AM Nga
NTB - Lâm Đồng,(LDO) B'Lao,Hàng Mới Ca 2,2026-06-22 - Thứ 2,26,0.8846,0.7308,0,2.58,19.0008,0,22.9996,0,6.9992,3.0004,0.1154,0.2692,26,Lâm Đồng,NTB,AM Nga
NTB - Lâm Đồng,(LDO) B'Lao,Hàng Mới Ca 2,2026-07-15 - Thứ 4,28,0.8571,0.8571,0,1.88,23.9988,0,23.9988,0,4.0012,4.0012,0.1429,0.1429,28,Lâm Đồng,NTB,AM Nga
NTB - Lâm Đồng,(LDO) B'Lao,Hàng Mới Ca 2,2026-07-04 - Thứ 7,29,0.6552,0.5862,0.0345,4.24,16.9998,1.0005,19.0008,1.0005,10.9997,9.9992,0.3448,0.3793,29,Lâm Đồng,NTB,AM Nga
NTB - Lâm Đồng,(LDO) B'Lao,Hàng Mới Ca 2,2026-06-27 - Thứ 7,29,0.7241,0.7241,0,3.48,20.9989,0,20.9989,0,8.0011,8.0011,0.2759,0.2759,29,Lâm Đồng,NTB,AM Nga
NTB - Lâm Đồng,(LDO) B'Lao,Hàng Mới Ca 2,2026-06-28 - Chủ Nhật,30,0.6667,0.5333,0,4.06,15.999,0,20.001,0,14.001,9.999,0.3333,0.4667,30,Lâm Đồng,NTB,AM Nga
NTB - Lâm Đồng,(LDO) B'Lao,Hàng Mới Ca 2,2026-07-16 - Thứ 5,30,0.8,0.7333,0,3.55,21.999,0,24,0,8.001,6,0.2,0.2667,30,Lâm Đồng,NTB,AM Nga
NTB - Lâm Đồng,(LDO) B'Lao,Hàng Mới Ca 2,2026-06-24 - Thứ 4,32,0.9063,0.8438,0,3.81,27.0016,0,29.0016,0,4.9984,2.9984,0.0937,0.1562,32,Lâm Đồng,NTB,AM Nga
NTB - Lâm Đồng,(LDO) B'Lao,Hàng Mới Ca 2,2026-07-11 - Thứ 7,34,0.9412,0.8824,0,3.7,30.0016,0,32.0008,0,3.9984,1.9992,0.0588,0.1176,34,Lâm Đồng,NTB,AM Nga
NTB - Lâm Đồng,(LDO) B'Lao,Hàng Mới Ca 2,2026-07-08 - Thứ 4,34,0.9412,0.8235,0,2.71,27.999,0,32.0008,0,6.001,1.9992,0.0588,0.1765,34,Lâm Đồng,NTB,AM Nga
NTB - Lâm Đồng,(LDO) B'Lao,Hàng Mới Ca 2,2026-07-17 - Thứ 6,36,0.8333,0.7222,0,3.38,25.9992,0,29.9988,0,10.0008,6.0012,0.1667,0.2778,36,Lâm Đồng,NTB,AM Nga
NTB - Lâm Đồng,(LDO) B'Lao,Hàng Mới Ca 2,2026-07-10 - Thứ 6,44,0.9773,0.7273,0.0455,3.44,32.0012,2.002,43.0012,2.002,9.9968,0.9988,0.0227,0.2272,44,Lâm Đồng,NTB,AM Nga
NTB - Lâm Đồng,(LDO) B'Lao,Hàng Mới Ca 2,2026-07-09 - Thứ 5,48,0.9167,0.8333,0.0208,3.5,39.9984,0.9984,44.0016,0.9984,7.0032,3.9984,0.0833,0.1459,48,Lâm Đồng,NTB,AM Nga
NTB - Lâm Đồng,(LDO) B'Lao,Hàng Tồn,2026-07-15 - Thứ 4,3,1,0.6667,0,26.5,2.0001,0,3,0,0.9999,0,0,0.3333,0,Lâm Đồng,NTB,AM Nga
NTB - Lâm Đồng,(LDO) B'Lao,Hàng Tồn,2026-07-14 - Thứ 3,6,1,0.6667,0.1667,35.75,4.0002,1.0002,6,1.0002,0.9996,0,0,0.1666,0,Lâm Đồng,NTB,AM Nga
NTB - Lâm Đồng,(LDO) B'Lao,Hàng Tồn,2026-07-12 - Chủ Nhật,7,1,0.4286,0.1429,24.67,3.0002,1.0003,7,1.0003,2.9995,0,0,0.4285,0,Lâm Đồng,NTB,AM Nga
NTB - Lâm Đồng,(LDO) B'Lao,Hàng Tồn,2026-07-10 - Thứ 6,7,1,0.7143,0,23.2,5.0001,0,7,0,1.9999,0,0,0.2857,0,Lâm Đồng,NTB,AM Nga
NTB - Lâm Đồng,(LDO) B'Lao,Hàng Tồn,2026-06-27 - Thứ 7,7,0.8571,0.5714,0,43.25,3.9998,0,5.9997,0,3.0002,1.0003,0.1429,0.4286,0,Lâm Đồng,NTB,AM Nga
NTB - Lâm Đồng,(LDO) B'Lao,Hàng Tồn,2026-07-08 - Thứ 4,7,1,0.7143,0,30.8,5.0001,0,7,0,1.9999,0,0,0.2857,0,Lâm Đồng,NTB,AM Nga
NTB - Lâm Đồng,(LDO) B'Lao,Hàng Tồn,2026-06-30 - Thứ 3,7,1,0.5714,0,39.75,3.9998,0,7,0,3.0002,0,0,0.4286,0,Lâm Đồng,NTB,AM Nga
NTB - Lâm Đồng,(LDO) B'Lao,Hàng Tồn,2026-07-16 - Thứ 5,8,1,0.875,0,31,7,0,8,0,1,0,0,0.125,0,Lâm Đồng,NTB,AM Nga
NTB - Lâm Đồng,(LDO) B'Lao,Hàng Tồn,2026-07-07 - Thứ 3,8,1,0.5,0,21,4,0,8,0,4,0,0,0.5,0,Lâm Đồng,NTB,AM Nga
NTB - Lâm Đồng,(LDO) B'Lao,Hàng Tồn,2026-06-20 - Thứ 7,8,1,0.625,0,27.2,5,0,8,0,3,0,0,0.375,0,Lâm Đồng,NTB,AM Nga
NTB - Lâm Đồng,(LDO) B'Lao,Hàng Tồn,2026-07-09 - Thứ 5,8,1,0.875,0.125,30.86,7,1,8,1,0,0,0,0,0,Lâm Đồng,NTB,AM Nga
NTB - Lâm Đồng,(LDO) B'Lao,Hàng Tồn,2026-06-24 - Thứ 4,10,0.9,0.6,0,30.17,6,0,9,0,4,1,0.1,0.4,0,Lâm Đồng,NTB,AM Nga
NTB - Lâm Đồng,(LDO) B'Lao,Hàng Tồn,2026-07-01 - Thứ 4,10,1,0.8,0,35.38,8,0,10,0,2,0,0,0.2,0,Lâm Đồng,NTB,AM Nga
NTB - Lâm Đồng,(LDO) B'Lao,Hàng Tồn,2026-07-02 - Thứ 5,10,1,0.6,0,34,6,0,10,0,4,0,0,0.4,0,Lâm Đồng,NTB,AM Nga
NTB - Lâm Đồng,(LDO) B'Lao,Hàng Tồn,2026-06-26 - Thứ 6,10,1,0.7,0,33,7,0,10,0,3,0,0,0.3,0,Lâm Đồng,NTB,AM Nga
NTB - Lâm Đồng,(LDO) B'Lao,Hàng Tồn,2026-07-17 - Thứ 6,10,1,0.8,0,26.88,8,0,10,0,2,0,0,0.2,0,Lâm Đồng,NTB,AM Nga
NTB - Lâm Đồng,(LDO) B'Lao,Hàng Tồn,2026-06-23 - Thứ 3,10,1,0.5,0.1,34,5,1,10,1,4,0,0,0.4,0,Lâm Đồng,NTB,AM Nga
NTB - Lâm Đồng,(LDO) B'Lao,Hàng Tồn,2026-06-21 - Chủ Nhật,11,0.9091,0.7273,0,32.63,8.0003,0,10.0001,0,2.9997,0.9999,0.0909,0.2727,0,Lâm Đồng,NTB,AM Nga
NTB - Lâm Đồng,(LDO) B'Lao,Hàng Tồn,2026-07-06 - Thứ 2,12,1,0.6667,0.1667,58.25,8.0004,2.0004,12,2.0004,1.9992,0,0,0.1666,0,Lâm Đồng,NTB,AM Nga
NTB - Lâm Đồng,(LDO) B'Lao,Hàng Tồn,2026-06-25 - Thứ 5,12,0.8333,0.5833,0.0833,65,6.9996,0.9996,9.9996,0.9996,4.0008,2.0004,0.1667,0.3334,0,Lâm Đồng,NTB,AM Nga
NTB - Lâm Đồng,(LDO) B'Lao,Hàng Tồn,2026-07-11 - Thứ 7,13,1,0.8462,0.0769,27.64,11.0006,0.9997,13,0.9997,0.9997,0,0,0.0769,0,Lâm Đồng,NTB,AM Nga
NTB - Lâm Đồng,(LDO) B'Lao,Hàng Tồn,2026-06-22 - Thứ 2,13,1,0.6154,0.0769,28.38,8.0002,0.9997,13,0.9997,4.0001,0,0,0.3077,0,Lâm Đồng,NTB,AM Nga
NTB - Lâm Đồng,(LDO) B'Lao,Hàng Tồn,2026-07-13 - Thứ 2,16,1,0.75,0.1875,31.17,12,3,16,3,1,0,0,0.0625,0,Lâm Đồng,NTB,AM Nga
NTB - Lâm Đồng,(LDO) B'Lao,Hàng Tồn,2026-07-04 - Thứ 7,16,1,0.6875,0,27.82,11,0,16,0,5,0,0,0.3125,0,Lâm Đồng,NTB,AM Nga
NTB - Lâm Đồng,(LDO) B'Lao,Hàng Tồn,2026-07-05 - Chủ Nhật,17,0.8235,0.5294,0.0588,32.44,8.9998,0.9996,13.9995,0.9996,7.0006,3.0005,0.1765,0.4118,0,Lâm Đồng,NTB,AM Nga
NTB - Lâm Đồng,(LDO) B'Lao,Hàng Tồn,2026-07-03 - Thứ 6,18,1,0.6111,0.0556,31.64,10.9998,1.0008,18,1.0008,5.9994,0,0,0.3333,0,Lâm Đồng,NTB,AM Nga
NTB - Lâm Đồng,(LDO) B'Lao,Hàng Tồn,2026-06-29 - Thứ 2,20,1,0.7,0.1,29.36,14,2,20,2,4,0,0,0.2,0,Lâm Đồng,NTB,AM Nga
NTB - Lâm Đồng,(LDO) B'Lao,Hàng Tồn,2026-06-28 - Chủ Nhật,21,1,0.8095,0.0476,34.29,16.9995,0.9996,21,0.9996,3.0009,0,0,0.1429,0,Lâm Đồng,NTB,AM Nga
NTB - Lâm Đồng,(LDO) 3 Bảo Lộc,Hàng Mới Ca 1,2026-07-10 - Thứ 6,58,0.9828,0.9655,0,9,55.999,0,57.0024,0,2.001,0.9976,0.0172,0.0345,58,Lâm Đồng,NTB,AM Vũ
NTB - Lâm Đồng,(LDO) 3 Bảo Lộc,Hàng Mới Ca 1,2026-07-09 - Thứ 5,64,1,0.9219,0.0469,12.39,59.0016,3.0016,64,3.0016,1.9968,0,0,0.0312,64,Lâm Đồng,NTB,AM Vũ
NTB - Lâm Đồng,(LDO) 3 Bảo Lộc,Hàng Mới Ca 1,2026-06-30 - Thứ 3,14,1,0.9286,0.0714,10.62,13.0004,0.9996,14,0.9996,0,0,0,0,14,Lâm Đồng,NTB,AM Vũ
NTB - Lâm Đồng,(LDO) 3 Bảo Lộc,Hàng Mới Ca 1,2026-07-07 - Thứ 3,15,1,0.9333,0,11.07,13.9995,0,15,0,1.0005,0,0,0.0667,15,Lâm Đồng,NTB,AM Vũ
NTB - Lâm Đồng,(LDO) 3 Bảo Lộc,Hàng Mới Ca 1,2026-07-14 - Thứ 3,21,1,0.9048,0,11.53,19.0008,0,21,0,1.9992,0,0,0.0952,21,Lâm Đồng,NTB,AM Vũ
NTB - Lâm Đồng,(LDO) 3 Bảo Lộc,Hàng Mới Ca 1,2026-07-05 - Chủ Nhật,24,1,0.7917,0.0833,8.63,19.0008,1.9992,24,1.9992,3,0,0,0.125,24,Lâm Đồng,NTB,AM Vũ
NTB - Lâm Đồng,(LDO) 3 Bảo Lộc,Hàng Mới Ca 1,2026-07-13 - Thứ 2,25,1,0.8,0.04,9.1,20,1,25,1,4,0,0,0.16,25,Lâm Đồng,NTB,AM Vũ
NTB - Lâm Đồng,(LDO) 3 Bảo Lộc,Hàng Mới Ca 1,2026-07-06 - Thứ 2,26,1,0.7692,0.1154,8.85,19.9992,3.0004,26,3.0004,3.0004,0,0,0.1154,26,Lâm Đồng,NTB,AM Vũ
NTB - Lâm Đồng,(LDO) 3 Bảo Lộc,Hàng Mới Ca 1,2026-06-26 - Thứ 6,29,1,0.8966,0.0345,7.54,26.0014,1.0005,29,1.0005,1.9981,0,0,0.0689,29,Lâm Đồng,NTB,AM Vũ
NTB - Lâm Đồng,(LDO) 3 Bảo Lộc,Hàng Mới Ca 1,2026-07-16 - Thứ 5,29,1,0.8276,0.0345,8.83,24.0004,1.0005,29,1.0005,3.9991,0,0,0.1379,29,Lâm Đồng,NTB,AM Vũ
NTB - Lâm Đồng,(LDO) 3 Bảo Lộc,Hàng Mới Ca 1,2026-06-23 - Thứ 3,29,1,0.8621,0.0345,6.68,25.0009,1.0005,29,1.0005,2.9986,0,0,0.1034,29,Lâm Đồng,NTB,AM Vũ
NTB - Lâm Đồng,(LDO) 3 Bảo Lộc,Hàng Mới Ca 1,2026-07-08 - Thứ 4,29,1,0.8966,0,9.46,26.0014,0,29,0,2.9986,0,0,0.1034,29,Lâm Đồng,NTB,AM Vũ
NTB - Lâm Đồng,(LDO) 3 Bảo Lộc,Hàng Mới Ca 1,2026-06-27 - Thứ 7,29,1,0.9655,0.0345,9.04,27.9995,1.0005,29,1.0005,0,0,0,0,29,Lâm Đồng,NTB,AM Vũ
NTB - Lâm Đồng,(LDO) 3 Bảo Lộc,Hàng Mới Ca 1,2026-06-29 - Thứ 2,30,1,0.8333,0,8.92,24.999,0,30,0,5.001,0,0,0.1667,30,Lâm Đồng,NTB,AM Vũ
NTB - Lâm Đồng,(LDO) 3 Bảo Lộc,Hàng Mới Ca 1,2026-07-15 - Thứ 4,31,1,0.9355,0.0323,13.03,29.0005,1.0013,31,1.0013,0.9982,0,0,0.0322,31,Lâm Đồng,NTB,AM Vũ
NTB - Lâm Đồng,(LDO) 3 Bảo Lộc,Hàng Mới Ca 1,2026-06-28 - Chủ Nhật,32,1,0.875,0.0313,8.57,28,1.0016,32,1.0016,2.9984,0,0,0.0937,32,Lâm Đồng,NTB,AM Vũ
NTB - Lâm Đồng,(LDO) 3 Bảo Lộc,Hàng Mới Ca 1,2026-07-12 - Chủ Nhật,33,1,0.8485,0,8.79,28.0005,0,33,0,4.9995,0,0,0.1515,33,Lâm Đồng,NTB,AM Vũ
NTB - Lâm Đồng,(LDO) 3 Bảo Lộc,Hàng Mới Ca 1,2026-06-24 - Thứ 4,34,1,0.9412,0,9.75,32.0008,0,34,0,1.9992,0,0,0.0588,34,Lâm Đồng,NTB,AM Vũ
NTB - Lâm Đồng,(LDO) 3 Bảo Lộc,Hàng Mới Ca 1,2026-06-25 - Thứ 5,34,1,1,0,8.09,34,0,34,0,0,0,0,0,34,Lâm Đồng,NTB,AM Vũ
NTB - Lâm Đồng,(LDO) 3 Bảo Lộc,Hàng Mới Ca 1,2026-07-02 - Thứ 5,34,1,0.9412,0,8.47,32.0008,0,34,0,1.9992,0,0,0.0588,34,Lâm Đồng,NTB,AM Vũ
NTB - Lâm Đồng,(LDO) 3 Bảo Lộc,Hàng Mới Ca 1,2026-06-22 - Thứ 2,35,1,0.9143,0,6.44,32.0005,0,35,0,2.9995,0,0,0.0857,35,Lâm Đồng,NTB,AM Vũ
NTB - Lâm Đồng,(LDO) 3 Bảo Lộc,Hàng Mới Ca 1,2026-07-03 - Thứ 6,35,1,0.9429,0,10.42,33.0015,0,35,0,1.9985,0,0,0.0571,35,Lâm Đồng,NTB,AM Vũ
NTB - Lâm Đồng,(LDO) 3 Bảo Lộc,Hàng Mới Ca 1,2026-06-21 - Chủ Nhật,36,1,0.7222,0,9,25.9992,0,36,0,10.0008,0,0,0.2778,36,Lâm Đồng,NTB,AM Vũ
NTB - Lâm Đồng,(LDO) 3 Bảo Lộc,Hàng Mới Ca 1,2026-07-01 - Thứ 4,38,1,1,0,10.29,38,0,38,0,0,0,0,0,38,Lâm Đồng,NTB,AM Vũ
NTB - Lâm Đồng,(LDO) 3 Bảo Lộc,Hàng Mới Ca 1,2026-07-04 - Thứ 7,38,0.9737,0.8947,0,9.91,33.9986,0,37.0006,0,4.0014,0.9994,0.0263,0.1053,38,Lâm Đồng,NTB,AM Vũ
NTB - Lâm Đồng,(LDO) 3 Bảo Lộc,Hàng Mới Ca 1,2026-07-17 - Thứ 6,39,1,0.7436,0.0513,10.93,29.0004,2.0007,39,2.0007,7.9989,0,0,0.2051,39,Lâm Đồng,NTB,AM Vũ
NTB - Lâm Đồng,(LDO) 3 Bảo Lộc,Hàng Mới Ca 1,2026-06-20 - Thứ 7,41,1,0.8293,0.0244,10.15,34.0013,1.0004,41,1.0004,5.9983,0,0,0.1463,41,Lâm Đồng,NTB,AM Vũ
NTB - Lâm Đồng,(LDO) 3 Bảo Lộc,Hàng Mới Ca 1,2026-07-11 - Thứ 7,45,1,0.9333,0,7.33,41.9985,0,45,0,3.0015,0,0,0.0667,45,Lâm Đồng,NTB,AM Vũ
NTB - Lâm Đồng,(LDO) 3 Bảo Lộc,Hàng Mới Ca 2,2026-06-21 - Chủ Nhật,3,1,0.6667,0,3.5,2.0001,0,3,0,0.9999,0,0,0.3333,3,Lâm Đồng,NTB,AM Vũ
NTB - Lâm Đồng,(LDO) 3 Bảo Lộc,Hàng Mới Ca 2,2026-07-06 - Thứ 2,8,0.875,0.875,0,3,7,0,7,0,1,1,0.125,0.125,8,Lâm Đồng,NTB,AM Vũ
NTB - Lâm Đồng,(LDO) 3 Bảo Lộc,Hàng Mới Ca 2,2026-07-02 - Thứ 5,9,0.7778,0.6667,0,5,6.0003,0,7.0002,0,2.9997,1.9998,0.2222,0.3333,9,Lâm Đồng,NTB,AM Vũ
NTB - Lâm Đồng,(LDO) 3 Bảo Lộc,Hàng Mới Ca 2,2026-06-22 - Thứ 2,9,0.8889,0.7778,0,5.14,7.0002,0,8.0001,0,1.9998,0.9999,0.1111,0.2222,9,Lâm Đồng,NTB,AM Vũ
NTB - Lâm Đồng,(LDO) 3 Bảo Lộc,Hàng Mới Ca 2,2026-07-15 - Thứ 4,10,0.8,0.7,0,3.71,7,0,8,0,3,2,0.2,0.3,10,Lâm Đồng,NTB,AM Vũ
NTB - Lâm Đồng,(LDO) 3 Bảo Lộc,Hàng Mới Ca 2,2026-06-23 - Thứ 3,12,0.8333,0.75,0.0833,4.44,9,0.9996,9.9996,0.9996,2.0004,2.0004,0.1667,0.1667,12,Lâm Đồng,NTB,AM Vũ
NTB - Lâm Đồng,(LDO) 3 Bảo Lộc,Hàng Mới Ca 2,2026-07-05 - Chủ Nhật,13,0.8462,0.6154,0.0769,5,8.0002,0.9997,11.0006,0.9997,4.0001,1.9994,0.1538,0.3077,13,Lâm Đồng,NTB,AM Vũ
NTB - Lâm Đồng,(LDO) 3 Bảo Lộc,Hàng Mới Ca 2,2026-07-01 - Thứ 4,13,0.6154,0.6154,0,3.13,8.0002,0,8.0002,0,4.9998,4.9998,0.3846,0.3846,13,Lâm Đồng,NTB,AM Vũ
NTB - Lâm Đồng,(LDO) 3 Bảo Lộc,Hàng Mới Ca 2,2026-07-12 - Chủ Nhật,13,0.9231,0.8462,0,4.82,11.0006,0,12.0003,0,1.9994,0.9997,0.0769,0.1538,13,Lâm Đồng,NTB,AM Vũ
NTB - Lâm Đồng,(LDO) 3 Bảo Lộc,Hàng Mới Ca 2,2026-06-28 - Chủ Nhật,14,0.8571,0.7143,0,3.1,10.0002,0,11.9994,0,3.9998,2.0006,0.1429,0.2857,14,Lâm Đồng,NTB,AM Vũ
NTB - Lâm Đồng,(LDO) 3 Bảo Lộc,Hàng Mới Ca 2,2026-06-29 - Thứ 2,14,0.7857,0.7857,0,2.36,10.9998,0,10.9998,0,3.0002,3.0002,0.2143,0.2143,14,Lâm Đồng,NTB,AM Vũ
NTB - Lâm Đồng,(LDO) 3 Bảo Lộc,Hàng Mới Ca 2,2026-06-25 - Thứ 5,15,0.8,0.8,0,4.33,12,0,12,0,3,3,0.2,0.2,15,Lâm Đồng,NTB,AM Vũ
NTB - Lâm Đồng,(LDO) 3 Bảo Lộc,Hàng Mới Ca 2,2026-07-13 - Thứ 2,15,0.8,0.8,0,4.25,12,0,12,0,3,3,0.2,0.2,15,Lâm Đồng,NTB,AM Vũ
NTB - Lâm Đồng,(LDO) 3 Bảo Lộc,Hàng Mới Ca 2,2026-06-30 - Thứ 3,16,0.875,0.8125,0,4.85,13,0,14,0,3,2,0.125,0.1875,16,Lâm Đồng,NTB,AM Vũ
NTB - Lâm Đồng,(LDO) 3 Bảo Lộc,Hàng Mới Ca 2,2026-07-03 - Thứ 6,16,0.6875,0.5625,0,4.78,9,0,11,0,7,5,0.3125,0.4375,16,Lâm Đồng,NTB,AM Vũ
NTB - Lâm Đồng,(LDO) 3 Bảo Lộc,Hàng Mới Ca 2,2026-07-16 - Thứ 5,16,0.9375,0.8125,0,5,13,0,15,0,3,1,0.0625,0.1875,16,Lâm Đồng,NTB,AM Vũ
NTB - Lâm Đồng,(LDO) 3 Bảo Lộc,Hàng Mới Ca 2,2026-06-27 - Thứ 7,17,0.9412,0.8824,0,4.33,15.0008,0,16.0004,0,1.9992,0.9996,0.0588,0.1176,17,Lâm Đồng,NTB,AM Vũ
NTB - Lâm Đồng,(LDO) 3 Bảo Lộc,Hàng Mới Ca 2,2026-07-17 - Thứ 6,18,0.9444,0.7778,0,4.14,14.0004,0,16.9992,0,3.9996,1.0008,0.0556,0.2222,18,Lâm Đồng,NTB,AM Vũ
NTB - Lâm Đồng,(LDO) 3 Bảo Lộc,Hàng Mới Ca 2,2026-07-07 - Thứ 3,19,0.8947,0.8947,0,4.41,16.9993,0,16.9993,0,2.0007,2.0007,0.1053,0.1053,19,Lâm Đồng,NTB,AM Vũ
NTB - Lâm Đồng,(LDO) 3 Bảo Lộc,Hàng Mới Ca 2,2026-06-26 - Thứ 6,20,0.95,0.8,0.05,2.56,16,1,19,1,3,1,0.05,0.15,20,Lâm Đồng,NTB,AM Vũ
NTB - Lâm Đồng,(LDO) 3 Bảo Lộc,Hàng Mới Ca 2,2026-07-14 - Thứ 3,20,0.9,0.85,0,5.24,17,0,18,0,3,2,0.1,0.15,20,Lâm Đồng,NTB,AM Vũ
NTB - Lâm Đồng,(LDO) 3 Bảo Lộc,Hàng Mới Ca 2,2026-07-04 - Thứ 7,21,0.8095,0.619,0.0476,3.38,12.999,0.9996,16.9995,0.9996,7.0014,4.0005,0.1905,0.3334,21,Lâm Đồng,NTB,AM Vũ
NTB - Lâm Đồng,(LDO) 3 Bảo Lộc,Hàng Mới Ca 2,2026-06-24 - Thứ 4,22,0.8182,0.8182,0,5.06,18.0004,0,18.0004,0,3.9996,3.9996,0.1818,0.1818,22,Lâm Đồng,NTB,AM Vũ
NTB - Lâm Đồng,(LDO) 3 Bảo Lộc,Hàng Mới Ca 2,2026-07-10 - Thứ 6,22,0.7727,0.7727,0,3.88,16.9994,0,16.9994,0,5.0006,5.0006,0.2273,0.2273,22,Lâm Đồng,NTB,AM Vũ
NTB - Lâm Đồng,(LDO) 3 Bảo Lộc,Hàng Mới Ca 2,2026-07-11 - Thứ 7,26,0.8462,0.6923,0,2.61,17.9998,0,22.0012,0,8.0002,3.9988,0.1538,0.3077,26,Lâm Đồng,NTB,AM Vũ
NTB - Lâm Đồng,(LDO) 3 Bảo Lộc,Hàng Mới Ca 2,2026-07-08 - Thứ 4,27,0.963,0.8519,0.037,4.96,23.0013,0.999,26.001,0.999,2.9997,0.999,0.037,0.1111,27,Lâm Đồng,NTB,AM Vũ
NTB - Lâm Đồng,(LDO) 3 Bảo Lộc,Hàng Mới Ca 2,2026-07-09 - Thứ 5,28,0.7857,0.6429,0,6.22,18.0012,0,21.9996,0,9.9988,6.0004,0.2143,0.3571,28,Lâm Đồng,NTB,AM Vũ
NTB - Lâm Đồng,(LDO) 3 Bảo Lộc,Hàng Mới Ca 2,2026-06-20 - Thứ 7,29,0.8966,0.6207,0.0345,5.83,18.0003,1.0005,26.0014,1.0005,9.9992,2.9986,0.1034,0.3448,29,Lâm Đồng,NTB,AM Vũ
NTB - Lâm Đồng,(LDO) 3 Bảo Lộc,Hàng Tồn,2026-06-28 - Chủ Nhật,2,1,0.5,0,25,1,0,2,0,1,0,0,0.5,0,Lâm Đồng,NTB,AM Vũ
NTB - Lâm Đồng,(LDO) 3 Bảo Lộc,Hàng Tồn,2026-07-01 - Thứ 4,4,1,0.5,0,27,2,0,4,0,2,0,0,0.5,0,Lâm Đồng,NTB,AM Vũ
NTB - Lâm Đồng,(LDO) 3 Bảo Lộc,Hàng Tồn,2026-06-26 - Thứ 6,5,1,1,0,44.6,5,0,5,0,0,0,0,0,0,Lâm Đồng,NTB,AM Vũ
NTB - Lâm Đồng,(LDO) 3 Bảo Lộc,Hàng Tồn,2026-06-27 - Thứ 7,5,1,1,0,30.6,5,0,5,0,0,0,0,0,0,Lâm Đồng,NTB,AM Vũ
NTB - Lâm Đồng,(LDO) 3 Bảo Lộc,Hàng Tồn,2026-07-02 - Thứ 5,6,0.8333,0.8333,0,38.4,4.9998,0,4.9998,0,1.0002,1.0002,0.1667,0.1667,0,Lâm Đồng,NTB,AM Vũ
NTB - Lâm Đồng,(LDO) 3 Bảo Lộc,Hàng Tồn,2026-07-07 - Thứ 3,6,1,0.5,0,36.33,3,0,6,0,3,0,0,0.5,0,Lâm Đồng,NTB,AM Vũ
NTB - Lâm Đồng,(LDO) 3 Bảo Lộc,Hàng Tồn,2026-06-23 - Thứ 3,6,0.8333,0.1667,0,28,1.0002,0,4.9998,0,4.9998,1.0002,0.1667,0.8333,0,Lâm Đồng,NTB,AM Vũ
NTB - Lâm Đồng,(LDO) 3 Bảo Lộc,Hàng Tồn,2026-07-08 - Thứ 4,6,0.8333,0.3333,0,31,1.9998,0,4.9998,0,4.0002,1.0002,0.1667,0.6667,0,Lâm Đồng,NTB,AM Vũ
NTB - Lâm Đồng,(LDO) 3 Bảo Lộc,Hàng Tồn,2026-07-03 - Thứ 6,7,0.8571,0.5714,0,53.5,3.9998,0,5.9997,0,3.0002,1.0003,0.1429,0.4286,0,Lâm Đồng,NTB,AM Vũ
NTB - Lâm Đồng,(LDO) 3 Bảo Lộc,Hàng Tồn,2026-07-16 - Thứ 5,8,1,0.5,0,42.75,4,0,8,0,4,0,0,0.5,0,Lâm Đồng,NTB,AM Vũ
NTB - Lâm Đồng,(LDO) 3 Bảo Lộc,Hàng Tồn,2026-07-15 - Thứ 4,8,1,0.375,0,38,3,0,8,0,5,0,0,0.625,0,Lâm Đồng,NTB,AM Vũ
NTB - Lâm Đồng,(LDO) 3 Bảo Lộc,Hàng Tồn,2026-06-25 - Thứ 5,8,1,0.75,0,31.83,6,0,8,0,2,0,0,0.25,0,Lâm Đồng,NTB,AM Vũ
NTB - Lâm Đồng,(LDO) 3 Bảo Lộc,Hàng Tồn,2026-06-29 - Thứ 2,8,1,0.5,0,29.75,4,0,8,0,4,0,0,0.5,0,Lâm Đồng,NTB,AM Vũ
NTB - Lâm Đồng,(LDO) 3 Bảo Lộc,Hàng Tồn,2026-07-09 - Thứ 5,9,1,0.6667,0.1111,42.83,6.0003,0.9999,9,0.9999,1.9998,0,0,0.2222,0,Lâm Đồng,NTB,AM Vũ
NTB - Lâm Đồng,(LDO) 3 Bảo Lộc,Hàng Tồn,2026-06-24 - Thứ 4,9,1,0.3333,0.1111,47.33,2.9997,0.9999,9,0.9999,5.0004,0,0,0.5556,0,Lâm Đồng,NTB,AM Vũ
NTB - Lâm Đồng,(LDO) 3 Bảo Lộc,Hàng Tồn,2026-07-13 - Thứ 2,11,1,0.5455,0,52.83,6.0005,0,11,0,4.9995,0,0,0.4545,0,Lâm Đồng,NTB,AM Vũ
NTB - Lâm Đồng,(LDO) 3 Bảo Lộc,Hàng Tồn,2026-06-30 - Thứ 3,11,1,0.4545,0.0909,32.2,4.9995,0.9999,11,0.9999,5.0006,0,0,0.4546,0,Lâm Đồng,NTB,AM Vũ
NTB - Lâm Đồng,(LDO) 3 Bảo Lộc,Hàng Tồn,2026-07-17 - Thứ 6,11,1,0.5455,0.0909,42.17,6.0005,0.9999,11,0.9999,3.9996,0,0,0.3636,0,Lâm Đồng,NTB,AM Vũ
NTB - Lâm Đồng,(LDO) 3 Bảo Lộc,Hàng Tồn,2026-07-06 - Thứ 2,11,0.9091,0.6364,0,38.86,7.0004,0,10.0001,0,3.9996,0.9999,0.0909,0.3636,0,Lâm Đồng,NTB,AM Vũ
NTB - Lâm Đồng,(LDO) 3 Bảo Lộc,Hàng Tồn,2026-07-14 - Thứ 3,12,0.9167,0.6667,0,58.29,8.0004,0,11.0004,0,3.9996,0.9996,0.0833,0.3333,0,Lâm Đồng,NTB,AM Vũ
NTB - Lâm Đồng,(LDO) 3 Bảo Lộc,Hàng Tồn,2026-07-11 - Thứ 7,12,1,0.5833,0.0833,42.43,6.9996,0.9996,12,0.9996,4.0008,0,0,0.3334,0,Lâm Đồng,NTB,AM Vũ
NTB - Lâm Đồng,(LDO) 3 Bảo Lộc,Hàng Tồn,2026-07-05 - Chủ Nhật,14,1,0.6429,0,37.89,9.0006,0,14,0,4.9994,0,0,0.3571,0,Lâm Đồng,NTB,AM Vũ
NTB - Lâm Đồng,(LDO) 3 Bảo Lộc,Hàng Tồn,2026-07-04 - Thứ 7,14,0.8571,0.5714,0.0714,37.88,7.9996,0.9996,11.9994,0.9996,5.0008,2.0006,0.1429,0.3572,0,Lâm Đồng,NTB,AM Vũ
NTB - Lâm Đồng,(LDO) 3 Bảo Lộc,Hàng Tồn,2026-07-12 - Chủ Nhật,15,0.9333,0.6,0.1333,30.78,9,1.9995,13.9995,1.9995,4.0005,1.0005,0.0667,0.2667,0,Lâm Đồng,NTB,AM Vũ
NTB - Lâm Đồng,(LDO) 3 Bảo Lộc,Hàng Tồn,2026-06-20 - Thứ 7,15,1,0.4667,0.0667,47.57,7.0005,1.0005,15,1.0005,6.999,0,0,0.4666,0,Lâm Đồng,NTB,AM Vũ
NTB - Lâm Đồng,(LDO) 3 Bảo Lộc,Hàng Tồn,2026-07-10 - Thứ 6,16,1,0.625,0,34.6,10,0,16,0,6,0,0,0.375,0,Lâm Đồng,NTB,AM Vũ
NTB - Lâm Đồng,(LDO) 3 Bảo Lộc,Hàng Tồn,2026-06-22 - Thứ 2,19,1,0.7368,0.2105,58.14,13.9992,3.9995,19,3.9995,1.0013,0,0,0.0527,0,Lâm Đồng,NTB,AM Vũ
NTB - Lâm Đồng,(LDO) 3 Bảo Lộc,Hàng Tồn,2026-06-21 - Chủ Nhật,22,1,0.5909,0.0909,37.46,12.9998,1.9998,22,1.9998,7.0004,0,0,0.3182,0,Lâm Đồng,NTB,AM Vũ
NTB - Lâm Đồng,(LDO) 1 Bảo Lộc,Hàng Mới Ca 1,2026-07-10 - Thứ 6,58,1,0.7586,0.0517,7.36,43.9988,2.9986,58,2.9986,11.0026,0,0,0.1897,58,Lâm Đồng,NTB,AM Nga
NTB - Lâm Đồng,(LDO) 1 Bảo Lộc,Hàng Mới Ca 1,2026-07-07 - Thứ 3,10,1,1,0,9.6,10,0,10,0,0,0,0,0,10,Lâm Đồng,NTB,AM Nga
NTB - Lâm Đồng,(LDO) 1 Bảo Lộc,Hàng Mới Ca 1,2026-07-06 - Thứ 2,15,1,1,0,9.73,15,0,15,0,0,0,0,0,15,Lâm Đồng,NTB,AM Nga
NTB - Lâm Đồng,(LDO) 1 Bảo Lộc,Hàng Mới Ca 1,2026-07-05 - Chủ Nhật,20,1,0.9,0.05,10.5,18,1,20,1,1,0,0,0.05,20,Lâm Đồng,NTB,AM Nga
NTB - Lâm Đồng,(LDO) 1 Bảo Lộc,Hàng Mới Ca 1,2026-07-15 - Thứ 4,21,1,0.9524,0,12.55,20.0004,0,21,0,0.9996,0,0,0.0476,21,Lâm Đồng,NTB,AM Nga
NTB - Lâm Đồng,(LDO) 1 Bảo Lộc,Hàng Mới Ca 1,2026-07-14 - Thứ 3,25,1,0.88,0,5.36,22,0,25,0,3,0,0,0.12,25,Lâm Đồng,NTB,AM Nga
NTB - Lâm Đồng,(LDO) 1 Bảo Lộc,Hàng Mới Ca 1,2026-07-12 - Chủ Nhật,25,1,0.8,0.08,11.1,20,2,25,2,3,0,0,0.12,25,Lâm Đồng,NTB,AM Nga
NTB - Lâm Đồng,(LDO) 1 Bảo Lộc,Hàng Mới Ca 1,2026-06-30 - Thứ 3,25,1,0.88,0,11.59,22,0,25,0,3,0,0,0.12,25,Lâm Đồng,NTB,AM Nga
NTB - Lâm Đồng,(LDO) 1 Bảo Lộc,Hàng Mới Ca 1,2026-06-23 - Thứ 3,26,1,0.8846,0,6.5,22.9996,0,26,0,3.0004,0,0,0.1154,26,Lâm Đồng,NTB,AM Nga
NTB - Lâm Đồng,(LDO) 1 Bảo Lộc,Hàng Mới Ca 1,2026-07-16 - Thứ 5,27,1,1,0,8.04,27,0,27,0,0,0,0,0,27,Lâm Đồng,NTB,AM Nga
NTB - Lâm Đồng,(LDO) 1 Bảo Lộc,Hàng Mới Ca 1,2026-07-13 - Thứ 2,28,1,1,0,10.5,28,0,28,0,0,0,0,0,28,Lâm Đồng,NTB,AM Nga
NTB - Lâm Đồng,(LDO) 1 Bảo Lộc,Hàng Mới Ca 1,2026-07-08 - Thứ 4,31,1,0.9677,0.0323,7.8,29.9987,1.0013,31,1.0013,0,0,0,0,31,Lâm Đồng,NTB,AM Nga
NTB - Lâm Đồng,(LDO) 1 Bảo Lộc,Hàng Mới Ca 1,2026-06-24 - Thứ 4,32,1,0.9375,0,8.67,30,0,32,0,2,0,0,0.0625,32,Lâm Đồng,NTB,AM Nga
NTB - Lâm Đồng,(LDO) 1 Bảo Lộc,Hàng Mới Ca 1,2026-06-26 - Thứ 6,33,1,0.8485,0,16.18,28.0005,0,33,0,4.9995,0,0,0.1515,33,Lâm Đồng,NTB,AM Nga
NTB - Lâm Đồng,(LDO) 1 Bảo Lộc,Hàng Mới Ca 1,2026-06-21 - Chủ Nhật,34,1,0.9118,0.0294,7.55,31.0012,0.9996,34,0.9996,1.9992,0,0,0.0588,34,Lâm Đồng,NTB,AM Nga
NTB - Lâm Đồng,(LDO) 1 Bảo Lộc,Hàng Mới Ca 1,2026-06-25 - Thứ 5,34,0.9706,0.8235,0.0294,14.5,27.999,0.9996,33.0004,0.9996,5.0014,0.9996,0.0294,0.1471,34,Lâm Đồng,NTB,AM Nga
NTB - Lâm Đồng,(LDO) 1 Bảo Lộc,Hàng Mới Ca 1,2026-07-04 - Thứ 7,34,1,0.9706,0.0294,8,33.0004,0.9996,34,0.9996,0,0,0,0,34,Lâm Đồng,NTB,AM Nga
NTB - Lâm Đồng,(LDO) 1 Bảo Lộc,Hàng Mới Ca 1,2026-07-17 - Thứ 6,34,1,0.9118,0.0294,9.48,31.0012,0.9996,34,0.9996,1.9992,0,0,0.0588,34,Lâm Đồng,NTB,AM Nga
NTB - Lâm Đồng,(LDO) 1 Bảo Lộc,Hàng Mới Ca 1,2026-07-02 - Thứ 5,37,1,0.9189,0,8.35,33.9993,0,37,0,3.0007,0,0,0.0811,37,Lâm Đồng,NTB,AM Nga
NTB - Lâm Đồng,(LDO) 1 Bảo Lộc,Hàng Mới Ca 1,2026-06-29 - Thứ 2,37,1,0.973,0,11.08,36.001,0,37,0,0.999,0,0,0.027,37,Lâm Đồng,NTB,AM Nga
NTB - Lâm Đồng,(LDO) 1 Bảo Lộc,Hàng Mới Ca 1,2026-06-20 - Thứ 7,37,1,0.8919,0,13.58,33.0003,0,37,0,3.9997,0,0,0.1081,37,Lâm Đồng,NTB,AM Nga
NTB - Lâm Đồng,(LDO) 1 Bảo Lộc,Hàng Mới Ca 1,2026-07-01 - Thứ 4,38,1,0.9474,0,10.11,36.0012,0,38,0,1.9988,0,0,0.0526,38,Lâm Đồng,NTB,AM Nga
NTB - Lâm Đồng,(LDO) 1 Bảo Lộc,Hàng Mới Ca 1,2026-07-11 - Thứ 7,40,1,0.95,0.05,9.34,38,2,40,2,0,0,0,0,40,Lâm Đồng,NTB,AM Nga
NTB - Lâm Đồng,(LDO) 1 Bảo Lộc,Hàng Mới Ca 1,2026-06-22 - Thứ 2,40,1,0.975,0,9.46,39,0,40,0,1,0,0,0.025,40,Lâm Đồng,NTB,AM Nga
NTB - Lâm Đồng,(LDO) 1 Bảo Lộc,Hàng Mới Ca 1,2026-06-27 - Thứ 7,42,1,0.9048,0.0238,11.55,38.0016,0.9996,42,0.9996,2.9988,0,0,0.0714,42,Lâm Đồng,NTB,AM Nga
NTB - Lâm Đồng,(LDO) 1 Bảo Lộc,Hàng Mới Ca 1,2026-07-09 - Thứ 5,47,1,0.8511,0.0213,7.65,40.0017,1.0011,47,1.0011,5.9972,0,0,0.1276,47,Lâm Đồng,NTB,AM Nga
NTB - Lâm Đồng,(LDO) 1 Bảo Lộc,Hàng Mới Ca 1,2026-07-03 - Thứ 6,49,1,0.9592,0.0204,9.68,47.0008,0.9996,49,0.9996,0.9996,0,0,0.0204,49,Lâm Đồng,NTB,AM Nga
NTB - Lâm Đồng,(LDO) 1 Bảo Lộc,Hàng Mới Ca 1,2026-06-28 - Chủ Nhật,50,1,0.84,0,12.79,42,0,50,0,8,0,0,0.16,50,Lâm Đồng,NTB,AM Nga
NTB - Lâm Đồng,(LDO) 1 Bảo Lộc,Hàng Mới Ca 2,2026-06-21 - Chủ Nhật,3,1,0.6667,0,3,2.0001,0,3,0,0.9999,0,0,0.3333,3,Lâm Đồng,NTB,AM Nga
NTB - Lâm Đồng,(LDO) 1 Bảo Lộc,Hàng Mới Ca 2,2026-06-23 - Thứ 3,3,1,1,0,2,3,0,3,0,0,0,0,0,3,Lâm Đồng,NTB,AM Nga
NTB - Lâm Đồng,(LDO) 1 Bảo Lộc,Hàng Mới Ca 2,2026-07-15 - Thứ 4,5,1,1,0,2.4,5,0,5,0,0,0,0,0,5,Lâm Đồng,NTB,AM Nga
NTB - Lâm Đồng,(LDO) 1 Bảo Lộc,Hàng Mới Ca 2,2026-06-30 - Thứ 3,6,1,1,0,1.83,6,0,6,0,0,0,0,0,6,Lâm Đồng,NTB,AM Nga
NTB - Lâm Đồng,(LDO) 1 Bảo Lộc,Hàng Mới Ca 2,2026-06-29 - Thứ 2,8,0.875,0.875,0,3.67,7,0,7,0,1,1,0.125,0.125,8,Lâm Đồng,NTB,AM Nga
NTB - Lâm Đồng,(LDO) 1 Bảo Lộc,Hàng Mới Ca 2,2026-07-01 - Thứ 4,8,0.625,0.625,0,3.4,5,0,5,0,3,3,0.375,0.375,8,Lâm Đồng,NTB,AM Nga
NTB - Lâm Đồng,(LDO) 1 Bảo Lộc,Hàng Mới Ca 2,2026-07-13 - Thứ 2,8,0.875,0.625,0.125,2.8,5,1,7,1,2,1,0.125,0.25,8,Lâm Đồng,NTB,AM Nga
NTB - Lâm Đồng,(LDO) 1 Bảo Lộc,Hàng Mới Ca 2,2026-07-17 - Thứ 6,10,1,0.9,0,3.89,9,0,10,0,1,0,0,0.1,10,Lâm Đồng,NTB,AM Nga
NTB - Lâm Đồng,(LDO) 1 Bảo Lộc,Hàng Mới Ca 2,2026-07-02 - Thứ 5,10,0.8,0.6,0.2,3.33,6,2,8,2,2,2,0.2,0.2,10,Lâm Đồng,NTB,AM Nga
NTB - Lâm Đồng,(LDO) 1 Bảo Lộc,Hàng Mới Ca 2,2026-06-26 - Thứ 6,11,0.8182,0.8182,0,3.11,9.0002,0,9.0002,0,1.9998,1.9998,0.1818,0.1818,11,Lâm Đồng,NTB,AM Nga
NTB - Lâm Đồng,(LDO) 1 Bảo Lộc,Hàng Mới Ca 2,2026-07-06 - Thứ 2,11,0.7273,0.7273,0,3.38,8.0003,0,8.0003,0,2.9997,2.9997,0.2727,0.2727,11,Lâm Đồng,NTB,AM Nga
NTB - Lâm Đồng,(LDO) 1 Bảo Lộc,Hàng Mới Ca 2,2026-07-07 - Thứ 3,11,0.8182,0.6364,0,2.29,7.0004,0,9.0002,0,3.9996,1.9998,0.1818,0.3636,11,Lâm Đồng,NTB,AM Nga
NTB - Lâm Đồng,(LDO) 1 Bảo Lộc,Hàng Mới Ca 2,2026-06-22 - Thứ 2,12,0.8333,0.6667,0,3,8.0004,0,9.9996,0,3.9996,2.0004,0.1667,0.3333,12,Lâm Đồng,NTB,AM Nga
NTB - Lâm Đồng,(LDO) 1 Bảo Lộc,Hàng Mới Ca 2,2026-07-12 - Chủ Nhật,12,0.8333,0.75,0,3.44,9,0,9.9996,0,3,2.0004,0.1667,0.25,12,Lâm Đồng,NTB,AM Nga
NTB - Lâm Đồng,(LDO) 1 Bảo Lộc,Hàng Mới Ca 2,2026-07-16 - Thứ 5,12,0.6667,0.6667,0,3.88,8.0004,0,8.0004,0,3.9996,3.9996,0.3333,0.3333,12,Lâm Đồng,NTB,AM Nga
NTB - Lâm Đồng,(LDO) 1 Bảo Lộc,Hàng Mới Ca 2,2026-07-05 - Chủ Nhật,13,0.9231,0.8462,0,3.91,11.0006,0,12.0003,0,1.9994,0.9997,0.0769,0.1538,13,Lâm Đồng,NTB,AM Nga
NTB - Lâm Đồng,(LDO) 1 Bảo Lộc,Hàng Mới Ca 2,2026-07-14 - Thứ 3,14,1,0.9286,0,3.15,13.0004,0,14,0,0.9996,0,0,0.0714,14,Lâm Đồng,NTB,AM Nga
NTB - Lâm Đồng,(LDO) 1 Bảo Lộc,Hàng Mới Ca 2,2026-07-03 - Thứ 6,15,0.7333,0.7333,0,4.36,10.9995,0,10.9995,0,4.0005,4.0005,0.2667,0.2667,15,Lâm Đồng,NTB,AM Nga
NTB - Lâm Đồng,(LDO) 1 Bảo Lộc,Hàng Mới Ca 2,2026-07-10 - Thứ 6,16,0.9375,0.9375,0,3.6,15,0,15,0,1,1,0.0625,0.0625,16,Lâm Đồng,NTB,AM Nga
NTB - Lâm Đồng,(LDO) 1 Bảo Lộc,Hàng Mới Ca 2,2026-06-27 - Thứ 7,16,0.875,0.6875,0,2.55,11,0,14,0,5,2,0.125,0.3125,16,Lâm Đồng,NTB,AM Nga
NTB - Lâm Đồng,(LDO) 1 Bảo Lộc,Hàng Mới Ca 2,2026-06-24 - Thứ 4,17,0.7059,0.5882,0,3.4,9.9994,0,12.0003,0,7.0006,4.9997,0.2941,0.4118,17,Lâm Đồng,NTB,AM Nga
NTB - Lâm Đồng,(LDO) 1 Bảo Lộc,Hàng Mới Ca 2,2026-06-28 - Chủ Nhật,19,0.7895,0.6842,0.0526,3.54,12.9998,0.9994,15.0005,0.9994,5.0008,3.9995,0.2105,0.2632,19,Lâm Đồng,NTB,AM Nga
NTB - Lâm Đồng,(LDO) 1 Bảo Lộc,Hàng Mới Ca 2,2026-06-25 - Thứ 5,19,0.9474,0.9474,0,4.17,18.0006,0,18.0006,0,0.9994,0.9994,0.0526,0.0526,19,Lâm Đồng,NTB,AM Nga
NTB - Lâm Đồng,(LDO) 1 Bảo Lộc,Hàng Mới Ca 2,2026-06-20 - Thứ 7,19,0.7895,0.6842,0.0526,3.46,12.9998,0.9994,15.0005,0.9994,5.0008,3.9995,0.2105,0.2632,19,Lâm Đồng,NTB,AM Nga
NTB - Lâm Đồng,(LDO) 1 Bảo Lộc,Hàng Mới Ca 2,2026-07-04 - Thứ 7,20,0.85,0.8,0,4.19,16,0,17,0,4,3,0.15,0.2,20,Lâm Đồng,NTB,AM Nga
NTB - Lâm Đồng,(LDO) 1 Bảo Lộc,Hàng Mới Ca 2,2026-07-09 - Thứ 5,22,0.8182,0.8182,0,3.22,18.0004,0,18.0004,0,3.9996,3.9996,0.1818,0.1818,22,Lâm Đồng,NTB,AM Nga
NTB - Lâm Đồng,(LDO) 1 Bảo Lộc,Hàng Mới Ca 2,2026-07-11 - Thứ 7,25,0.8,0.76,0,3.21,19,0,20,0,6,5,0.2,0.24,25,Lâm Đồng,NTB,AM Nga
NTB - Lâm Đồng,(LDO) 1 Bảo Lộc,Hàng Mới Ca 2,2026-07-08 - Thứ 4,25,1,0.72,0.2,3.11,18,5,25,5,2,0,0,0.08,25,Lâm Đồng,NTB,AM Nga
NTB - Lâm Đồng,(LDO) 1 Bảo Lộc,Hàng Tồn,2026-07-16 - Thứ 5,1,1,1,0,51,1,0,1,0,0,0,0,0,0,Lâm Đồng,NTB,AM Nga
NTB - Lâm Đồng,(LDO) 1 Bảo Lộc,Hàng Tồn,2026-07-06 - Thứ 2,2,1,0.5,0,23,1,0,2,0,1,0,0,0.5,0,Lâm Đồng,NTB,AM Nga
NTB - Lâm Đồng,(LDO) 1 Bảo Lộc,Hàng Tồn,2026-07-09 - Thứ 5,2,1,0.5,0,23,1,0,2,0,1,0,0,0.5,0,Lâm Đồng,NTB,AM Nga
NTB - Lâm Đồng,(LDO) 1 Bảo Lộc,Hàng Tồn,2026-07-14 - Thứ 3,3,0.6667,0.3333,0,21,0.9999,0,2.0001,0,2.0001,0.9999,0.3333,0.6667,0,Lâm Đồng,NTB,AM Nga
NTB - Lâm Đồng,(LDO) 1 Bảo Lộc,Hàng Tồn,2026-06-24 - Thứ 4,4,1,0.5,0,50.5,2,0,4,0,2,0,0,0.5,0,Lâm Đồng,NTB,AM Nga
NTB - Lâm Đồng,(LDO) 1 Bảo Lộc,Hàng Tồn,2026-07-17 - Thứ 6,4,1,1,0,24.5,4,0,4,0,0,0,0,0,0,Lâm Đồng,NTB,AM Nga
NTB - Lâm Đồng,(LDO) 1 Bảo Lộc,Hàng Tồn,2026-07-07 - Thứ 3,4,1,0.75,0,27,3,0,4,0,1,0,0,0.25,0,Lâm Đồng,NTB,AM Nga
NTB - Lâm Đồng,(LDO) 1 Bảo Lộc,Hàng Tồn,2026-07-04 - Thứ 7,5,1,0.6,0,23.33,3,0,5,0,2,0,0,0.4,0,Lâm Đồng,NTB,AM Nga
NTB - Lâm Đồng,(LDO) 1 Bảo Lộc,Hàng Tồn,2026-07-01 - Thứ 4,5,1,0.4,0.2,49.5,2,1,5,1,2,0,0,0.4,0,Lâm Đồng,NTB,AM Nga
NTB - Lâm Đồng,(LDO) 1 Bảo Lộc,Hàng Tồn,2026-06-30 - Thứ 3,5,1,0.6,0,51.33,3,0,5,0,2,0,0,0.4,0,Lâm Đồng,NTB,AM Nga
NTB - Lâm Đồng,(LDO) 1 Bảo Lộc,Hàng Tồn,2026-07-08 - Thứ 4,5,1,1,0,37.6,5,0,5,0,0,0,0,0,0,Lâm Đồng,NTB,AM Nga
NTB - Lâm Đồng,(LDO) 1 Bảo Lộc,Hàng Tồn,2026-07-15 - Thứ 4,6,1,0.8333,0.1667,58,4.9998,1.0002,6,1.0002,0,0,0,0,0,Lâm Đồng,NTB,AM Nga
NTB - Lâm Đồng,(LDO) 1 Bảo Lộc,Hàng Tồn,2026-07-13 - Thứ 2,6,1,1,0,36.67,6,0,6,0,0,0,0,0,0,Lâm Đồng,NTB,AM Nga
NTB - Lâm Đồng,(LDO) 1 Bảo Lộc,Hàng Tồn,2026-07-05 - Chủ Nhật,6,1,1,0,36,6,0,6,0,0,0,0,0,0,Lâm Đồng,NTB,AM Nga
NTB - Lâm Đồng,(LDO) 1 Bảo Lộc,Hàng Tồn,2026-07-03 - Thứ 6,7,1,0.8571,0,54.83,5.9997,0,7,0,1.0003,0,0,0.1429,0,Lâm Đồng,NTB,AM Nga
NTB - Lâm Đồng,(LDO) 1 Bảo Lộc,Hàng Tồn,2026-06-28 - Chủ Nhật,7,1,0.7143,0,30.2,5.0001,0,7,0,1.9999,0,0,0.2857,0,Lâm Đồng,NTB,AM Nga
NTB - Lâm Đồng,(LDO) 1 Bảo Lộc,Hàng Tồn,2026-07-02 - Thứ 5,7,1,0.7143,0,39.2,5.0001,0,7,0,1.9999,0,0,0.2857,0,Lâm Đồng,NTB,AM Nga
NTB - Lâm Đồng,(LDO) 1 Bảo Lộc,Hàng Tồn,2026-06-22 - Thứ 2,7,1,0.4286,0,81.33,3.0002,0,7,0,3.9998,0,0,0.5714,0,Lâm Đồng,NTB,AM Nga
NTB - Lâm Đồng,(LDO) 1 Bảo Lộc,Hàng Tồn,2026-06-26 - Thứ 6,8,1,0.375,0,52.33,3,0,8,0,5,0,0,0.625,0,Lâm Đồng,NTB,AM Nga
NTB - Lâm Đồng,(LDO) 1 Bảo Lộc,Hàng Tồn,2026-06-23 - Thứ 3,8,1,0.625,0.125,41.8,5,1,8,1,2,0,0,0.25,0,Lâm Đồng,NTB,AM Nga
NTB - Lâm Đồng,(LDO) 1 Bảo Lộc,Hàng Tồn,2026-07-12 - Chủ Nhật,10,1,0.7,0.2,30.43,7,2,10,2,1,0,0,0.1,0,Lâm Đồng,NTB,AM Nga
NTB - Lâm Đồng,(LDO) 1 Bảo Lộc,Hàng Tồn,2026-07-10 - Thứ 6,11,0.9091,0.7273,0,28,8.0003,0,10.0001,0,2.9997,0.9999,0.0909,0.2727,0,Lâm Đồng,NTB,AM Nga
NTB - Lâm Đồng,(LDO) 1 Bảo Lộc,Hàng Tồn,2026-06-25 - Thứ 5,11,1,0.6364,0.0909,22.14,7.0004,0.9999,11,0.9999,2.9997,0,0,0.2727,0,Lâm Đồng,NTB,AM Nga
NTB - Lâm Đồng,(LDO) 1 Bảo Lộc,Hàng Tồn,2026-06-27 - Thứ 7,11,1,0.7273,0.0909,51.88,8.0003,0.9999,11,0.9999,1.9998,0,0,0.1818,0,Lâm Đồng,NTB,AM Nga
NTB - Lâm Đồng,(LDO) 1 Bảo Lộc,Hàng Tồn,2026-06-21 - Chủ Nhật,12,1,0.6667,0.0833,43.75,8.0004,0.9996,12,0.9996,3,0,0,0.25,0,Lâm Đồng,NTB,AM Nga
NTB - Lâm Đồng,(LDO) 1 Bảo Lộc,Hàng Tồn,2026-06-20 - Thứ 7,13,1,0.7692,0,44.7,9.9996,0,13,0,3.0004,0,0,0.2308,0,Lâm Đồng,NTB,AM Nga
NTB - Lâm Đồng,(LDO) 1 Bảo Lộc,Hàng Tồn,2026-07-11 - Thứ 7,14,1,0.7143,0,50.1,10.0002,0,14,0,3.9998,0,0,0.2857,0,Lâm Đồng,NTB,AM Nga
NTB - Lâm Đồng,(LDO) 1 Bảo Lộc,Hàng Tồn,2026-06-29 - Thứ 2,15,1,0.6667,0.0667,43.7,10.0005,1.0005,15,1.0005,3.999,0,0,0.2666,0,Lâm Đồng,NTB,AM Nga
NTB - Khánh Hòa,(KHO) Đông Ninh Hòa,Hàng Mới Ca 1,2026-07-09 - Thứ 5,72,1,0.875,0,10.13,63,0,72,0,9,0,0,0.125,72,Khánh Hòa,NTB,AM Công
NTB - Khánh Hòa,(KHO) Đông Ninh Hòa,Hàng Mới Ca 1,2026-07-02 - Thứ 5,62,1,0.8548,0.0323,13.06,52.9976,2.0026,62,2.0026,6.9998,0,0,0.1129,62,Khánh Hòa,NTB,AM Công
NTB - Khánh Hòa,(KHO) Đông Ninh Hòa,Hàng Mới Ca 1,2026-06-27 - Thứ 7,52,1,0.75,0.0577,6.82,39,3.0004,52,3.0004,9.9996,0,0,0.1923,52,Khánh Hòa,NTB,AM Công
NTB - Khánh Hòa,(KHO) Đông Ninh Hòa,Hàng Mới Ca 1,2026-07-10 - Thứ 6,69,1,0.8696,0.029,8.12,60.0024,2.001,69,2.001,6.9966,0,0,0.1014,69,Khánh Hòa,NTB,AM Công
NTB - Khánh Hòa,(KHO) Đông Ninh Hòa,Hàng Mới Ca 1,2026-07-07 - Thứ 3,12,0.9167,0.8333,0,5.7,9.9996,0,11.0004,0,2.0004,0.9996,0.0833,0.1667,12,Khánh Hòa,NTB,AM Công
NTB - Khánh Hòa,(KHO) Đông Ninh Hòa,Hàng Mới Ca 1,2026-06-29 - Thứ 2,14,0.9286,0.9286,0,6.92,13.0004,0,13.0004,0,0.9996,0.9996,0.0714,0.0714,14,Khánh Hòa,NTB,AM Công
NTB - Khánh Hòa,(KHO) Đông Ninh Hòa,Hàng Mới Ca 1,2026-07-06 - Thứ 2,15,1,0.7333,0,7.27,10.9995,0,15,0,4.0005,0,0,0.2667,15,Khánh Hòa,NTB,AM Công
NTB - Khánh Hòa,(KHO) Đông Ninh Hòa,Hàng Mới Ca 1,2026-07-14 - Thứ 3,18,1,0.8333,0.1667,6.8,14.9994,3.0006,18,3.0006,0,0,0,0,18,Khánh Hòa,NTB,AM Công
NTB - Khánh Hòa,(KHO) Đông Ninh Hòa,Hàng Mới Ca 1,2026-06-24 - Thứ 4,20,1,0.8,0.05,6.13,16,1,20,1,3,0,0,0.15,20,Khánh Hòa,NTB,AM Công
NTB - Khánh Hòa,(KHO) Đông Ninh Hòa,Hàng Mới Ca 1,2026-07-16 - Thứ 5,20,1,0.8,0,8.56,16,0,20,0,4,0,0,0.2,20,Khánh Hòa,NTB,AM Công
NTB - Khánh Hòa,(KHO) Đông Ninh Hòa,Hàng Mới Ca 1,2026-07-04 - Thứ 7,25,1,0.92,0,7.39,23,0,25,0,2,0,0,0.08,25,Khánh Hòa,NTB,AM Công
NTB - Khánh Hòa,(KHO) Đông Ninh Hòa,Hàng Mới Ca 1,2026-06-23 - Thứ 3,28,1,0.7857,0.0357,6.14,21.9996,0.9996,28,0.9996,5.0008,0,0,0.1786,28,Khánh Hòa,NTB,AM Công
NTB - Khánh Hòa,(KHO) Đông Ninh Hòa,Hàng Mới Ca 1,2026-06-30 - Thứ 3,28,1,0.9286,0.0357,9.73,26.0008,0.9996,28,0.9996,0.9996,0,0,0.0357,28,Khánh Hòa,NTB,AM Công
NTB - Khánh Hòa,(KHO) Đông Ninh Hòa,Hàng Mới Ca 1,2026-06-26 - Thứ 6,28,0.9643,0.7857,0,5.23,21.9996,0,27.0004,0,6.0004,0.9996,0.0357,0.2143,28,Khánh Hòa,NTB,AM Công
NTB - Khánh Hòa,(KHO) Đông Ninh Hòa,Hàng Mới Ca 1,2026-07-12 - Chủ Nhật,29,1,0.6207,0,4.28,18.0003,0,29,0,10.9997,0,0,0.3793,29,Khánh Hòa,NTB,AM Công
NTB - Khánh Hòa,(KHO) Đông Ninh Hòa,Hàng Mới Ca 1,2026-07-08 - Thứ 4,31,1,0.8065,0.0323,7.8,25.0015,1.0013,31,1.0013,4.9972,0,0,0.1612,31,Khánh Hòa,NTB,AM Công
NTB - Khánh Hòa,(KHO) Đông Ninh Hòa,Hàng Mới Ca 1,2026-07-11 - Thứ 7,35,1,0.8286,0.0857,4.07,29.001,2.9995,35,2.9995,2.9995,0,0,0.0857,35,Khánh Hòa,NTB,AM Công
NTB - Khánh Hòa,(KHO) Đông Ninh Hòa,Hàng Mới Ca 1,2026-07-01 - Thứ 4,36,1,0.8889,0.0278,5.66,32.0004,1.0008,36,1.0008,2.9988,0,0,0.0833,36,Khánh Hòa,NTB,AM Công
NTB - Khánh Hòa,(KHO) Đông Ninh Hòa,Hàng Mới Ca 1,2026-06-28 - Chủ Nhật,37,1,0.8378,0,5.06,30.9986,0,37,0,6.0014,0,0,0.1622,37,Khánh Hòa,NTB,AM Công
NTB - Khánh Hòa,(KHO) Đông Ninh Hòa,Hàng Mới Ca 1,2026-07-13 - Thứ 2,37,1,0.8649,0,5.84,32.0013,0,37,0,4.9987,0,0,0.1351,37,Khánh Hòa,NTB,AM Công
NTB - Khánh Hòa,(KHO) Đông Ninh Hòa,Hàng Mới Ca 1,2026-06-25 - Thứ 5,37,1,0.9189,0,5.56,33.9993,0,37,0,3.0007,0,0,0.0811,37,Khánh Hòa,NTB,AM Công
NTB - Khánh Hòa,(KHO) Đông Ninh Hòa,Hàng Mới Ca 1,2026-07-15 - Thứ 4,39,0.9744,0.8462,0.0256,7.03,33.0018,0.9984,38.0016,0.9984,4.9998,0.9984,0.0256,0.1282,39,Khánh Hòa,NTB,AM Công
NTB - Khánh Hòa,(KHO) Đông Ninh Hòa,Hàng Mới Ca 1,2026-07-05 - Chủ Nhật,39,1,0.6923,0,5.46,26.9997,0,39,0,12.0003,0,0,0.3077,39,Khánh Hòa,NTB,AM Công
NTB - Khánh Hòa,(KHO) Đông Ninh Hòa,Hàng Mới Ca 1,2026-07-17 - Thứ 6,41,1,0.7561,0,5.42,31.0001,0,41,0,9.9999,0,0,0.2439,41,Khánh Hòa,NTB,AM Công
NTB - Khánh Hòa,(KHO) Đông Ninh Hòa,Hàng Mới Ca 1,2026-06-21 - Chủ Nhật,42,1,0.6905,0,5.17,29.001,0,42,0,12.999,0,0,0.3095,42,Khánh Hòa,NTB,AM Công
NTB - Khánh Hòa,(KHO) Đông Ninh Hòa,Hàng Mới Ca 1,2026-07-03 - Thứ 6,44,1,0.8409,0.0455,5.65,36.9996,2.002,44,2.002,4.9984,0,0,0.1136,44,Khánh Hòa,NTB,AM Công
NTB - Khánh Hòa,(KHO) Đông Ninh Hòa,Hàng Mới Ca 1,2026-06-20 - Thứ 7,47,0.9787,0.766,0,11.97,36.002,0,45.9989,0,10.998,1.0011,0.0213,0.234,47,Khánh Hòa,NTB,AM Công
NTB - Khánh Hòa,(KHO) Đông Ninh Hòa,Hàng Mới Ca 1,2026-06-22 - Thứ 2,48,1,0.8542,0.0417,7.93,41.0016,2.0016,48,2.0016,4.9968,0,0,0.1041,48,Khánh Hòa,NTB,AM Công
NTB - Khánh Hòa,(KHO) Đông Ninh Hòa,Hàng Mới Ca 2,2026-07-08 - Thứ 4,1,1,1,0,1,1,0,1,0,0,0,0,0,1,Khánh Hòa,NTB,AM Công
NTB - Khánh Hòa,(KHO) Đông Ninh Hòa,Hàng Mới Ca 2,2026-07-09 - Thứ 5,3,0.3333,0,0,0,0,0,0.9999,0,3,2.0001,0.6667,1,3,Khánh Hòa,NTB,AM Công
NTB - Khánh Hòa,(KHO) Đông Ninh Hòa,Hàng Mới Ca 2,2026-07-13 - Thứ 2,5,0.6,0.6,0,5.67,3,0,3,0,2,2,0.4,0.4,5,Khánh Hòa,NTB,AM Công
NTB - Khánh Hòa,(KHO) Đông Ninh Hòa,Hàng Mới Ca 2,2026-07-01 - Thứ 4,6,0.5,0.3333,0,3,1.9998,0,3,0,4.0002,3,0.5,0.6667,6,Khánh Hòa,NTB,AM Công
NTB - Khánh Hòa,(KHO) Đông Ninh Hòa,Hàng Mới Ca 2,2026-07-06 - Thứ 2,10,0.8,0.5,0,2.8,5,0,8,0,5,2,0.2,0.5,10,Khánh Hòa,NTB,AM Công
NTB - Khánh Hòa,(KHO) Đông Ninh Hòa,Hàng Mới Ca 2,2026-07-15 - Thứ 4,13,1,0.7692,0.0769,4.7,9.9996,0.9997,13,0.9997,2.0007,0,0,0.1539,13,Khánh Hòa,NTB,AM Công
NTB - Khánh Hòa,(KHO) Đông Ninh Hòa,Hàng Mới Ca 2,2026-07-03 - Thứ 6,15,0.8667,0.5333,0.0667,3.75,7.9995,1.0005,13.0005,1.0005,6,1.9995,0.1333,0.4,15,Khánh Hòa,NTB,AM Công
NTB - Khánh Hòa,(KHO) Đông Ninh Hòa,Hàng Mới Ca 2,2026-06-22 - Thứ 2,15,0.5333,0.4,0,2.5,6,0,7.9995,0,9,7.0005,0.4667,0.6,15,Khánh Hòa,NTB,AM Công
NTB - Khánh Hòa,(KHO) Đông Ninh Hòa,Hàng Mới Ca 2,2026-07-10 - Thứ 6,16,0.8125,0.6875,0,2.55,11,0,13,0,5,3,0.1875,0.3125,16,Khánh Hòa,NTB,AM Công
NTB - Khánh Hòa,(KHO) Đông Ninh Hòa,Hàng Mới Ca 2,2026-06-27 - Thứ 7,17,0.9412,0.8824,0,3.27,15.0008,0,16.0004,0,1.9992,0.9996,0.0588,0.1176,17,Khánh Hòa,NTB,AM Công
NTB - Khánh Hòa,(KHO) Đông Ninh Hòa,Hàng Mới Ca 2,2026-06-28 - Chủ Nhật,17,0.7647,0.6471,0,2.18,11.0007,0,12.9999,0,5.9993,4.0001,0.2353,0.3529,17,Khánh Hòa,NTB,AM Công
NTB - Khánh Hòa,(KHO) Đông Ninh Hòa,Hàng Mới Ca 2,2026-06-20 - Thứ 7,18,0.3889,0.2778,0,3.8,5.0004,0,7.0002,0,12.9996,10.9998,0.6111,0.7222,18,Khánh Hòa,NTB,AM Công
NTB - Khánh Hòa,(KHO) Đông Ninh Hòa,Hàng Mới Ca 2,2026-07-16 - Thứ 5,18,0.7778,0.7778,0,2.21,14.0004,0,14.0004,0,3.9996,3.9996,0.2222,0.2222,18,Khánh Hòa,NTB,AM Công
NTB - Khánh Hòa,(KHO) Đông Ninh Hòa,Hàng Mới Ca 2,2026-07-07 - Thứ 3,19,0.8947,0.6316,0,1.92,12.0004,0,16.9993,0,6.9996,2.0007,0.1053,0.3684,19,Khánh Hòa,NTB,AM Công
NTB - Khánh Hòa,(KHO) Đông Ninh Hòa,Hàng Mới Ca 2,2026-06-29 - Thứ 2,21,0.6667,0.4762,0,3.1,10.0002,0,14.0007,0,10.9998,6.9993,0.3333,0.5238,21,Khánh Hòa,NTB,AM Công
NTB - Khánh Hòa,(KHO) Đông Ninh Hòa,Hàng Mới Ca 2,2026-06-21 - Chủ Nhật,24,0.625,0.5833,0,3.79,13.9992,0,15,0,10.0008,9,0.375,0.4167,24,Khánh Hòa,NTB,AM Công
NTB - Khánh Hòa,(KHO) Đông Ninh Hòa,Hàng Mới Ca 2,2026-07-14 - Thứ 3,24,0.9167,0.75,0,3.06,18,0,22.0008,0,6,1.9992,0.0833,0.25,24,Khánh Hòa,NTB,AM Công
NTB - Khánh Hòa,(KHO) Đông Ninh Hòa,Hàng Mới Ca 2,2026-07-05 - Chủ Nhật,26,0.8077,0.6154,0.0385,2.38,16.0004,1.001,21.0002,1.001,8.9986,4.9998,0.1923,0.3461,26,Khánh Hòa,NTB,AM Công
NTB - Khánh Hòa,(KHO) Đông Ninh Hòa,Hàng Mới Ca 2,2026-06-25 - Thứ 5,26,0.5,0.4615,0,4.5,11.999,0,13,0,14.001,13,0.5,0.5385,26,Khánh Hòa,NTB,AM Công
NTB - Khánh Hòa,(KHO) Đông Ninh Hòa,Hàng Mới Ca 2,2026-07-02 - Thứ 5,26,0.8077,0.7308,0.0385,3.42,19.0008,1.001,21.0002,1.001,5.9982,4.9998,0.1923,0.2307,26,Khánh Hòa,NTB,AM Công
NTB - Khánh Hòa,(KHO) Đông Ninh Hòa,Hàng Mới Ca 2,2026-07-12 - Chủ Nhật,26,1,0.6154,0,2.25,16.0004,0,26,0,9.9996,0,0,0.3846,26,Khánh Hòa,NTB,AM Công
NTB - Khánh Hòa,(KHO) Đông Ninh Hòa,Hàng Mới Ca 2,2026-07-17 - Thứ 6,27,0.9259,0.7407,0,2.5,19.9989,0,24.9993,0,7.0011,2.0007,0.0741,0.2593,27,Khánh Hòa,NTB,AM Công
NTB - Khánh Hòa,(KHO) Đông Ninh Hòa,Hàng Mới Ca 2,2026-07-04 - Thứ 7,27,0.7407,0.5926,0,3.25,16.0002,0,19.9989,0,10.9998,7.0011,0.2593,0.4074,27,Khánh Hòa,NTB,AM Công
NTB - Khánh Hòa,(KHO) Đông Ninh Hòa,Hàng Mới Ca 2,2026-06-23 - Thứ 3,27,0.6296,0.5926,0,4.06,16.0002,0,16.9992,0,10.9998,10.0008,0.3704,0.4074,27,Khánh Hòa,NTB,AM Công
NTB - Khánh Hòa,(KHO) Đông Ninh Hòa,Hàng Mới Ca 2,2026-06-26 - Thứ 6,32,0.6563,0.5,0.0625,2.88,16,2,21.0016,2,14,10.9984,0.3437,0.4375,32,Khánh Hòa,NTB,AM Công
NTB - Khánh Hòa,(KHO) Đông Ninh Hòa,Hàng Mới Ca 2,2026-06-30 - Thứ 3,33,0.9697,0.8485,0,4,28.0005,0,32.0001,0,4.9995,0.9999,0.0303,0.1515,33,Khánh Hòa,NTB,AM Công
NTB - Khánh Hòa,(KHO) Đông Ninh Hòa,Hàng Mới Ca 2,2026-06-24 - Thứ 4,34,0.7059,0.5882,0,3.45,19.9988,0,24.0006,0,14.0012,9.9994,0.2941,0.4118,34,Khánh Hòa,NTB,AM Công
NTB - Khánh Hòa,(KHO) Đông Ninh Hòa,Hàng Mới Ca 2,2026-07-11 - Thứ 7,35,0.7429,0.6,0,2.62,21,0,26.0015,0,14,8.9985,0.2571,0.4,35,Khánh Hòa,NTB,AM Công
NTB - Khánh Hòa,(KHO) Đông Ninh Hòa,Hàng Tồn,2026-07-09 - Thứ 5,6,1,0.6667,0,45.5,4.0002,0,6,0,1.9998,0,0,0.3333,0,Khánh Hòa,NTB,AM Công
NTB - Khánh Hòa,(KHO) Đông Ninh Hòa,Hàng Tồn,2026-07-02 - Thứ 5,7,1,0.5714,0.1429,29.5,3.9998,1.0003,7,1.0003,1.9999,0,0,0.2857,0,Khánh Hòa,NTB,AM Công
NTB - Khánh Hòa,(KHO) Đông Ninh Hòa,Hàng Tồn,2026-07-15 - Thứ 4,9,1,0.7778,0,35.71,7.0002,0,9,0,1.9998,0,0,0.2222,0,Khánh Hòa,NTB,AM Công
NTB - Khánh Hòa,(KHO) Đông Ninh Hòa,Hàng Tồn,2026-07-14 - Thứ 3,9,1,0.5556,0,34.2,5.0004,0,9,0,3.9996,0,0,0.4444,0,Khánh Hòa,NTB,AM Công
NTB - Khánh Hòa,(KHO) Đông Ninh Hòa,Hàng Tồn,2026-07-16 - Thứ 5,10,0.9,0.7,0,37,7,0,9,0,3,1,0.1,0.3,0,Khánh Hòa,NTB,AM Công
NTB - Khánh Hòa,(KHO) Đông Ninh Hòa,Hàng Tồn,2026-07-17 - Thứ 6,11,0.9091,0.5455,0,27.17,6.0005,0,10.0001,0,4.9995,0.9999,0.0909,0.4545,0,Khánh Hòa,NTB,AM Công
NTB - Khánh Hòa,(KHO) Đông Ninh Hòa,Hàng Tồn,2026-07-08 - Thứ 4,11,1,0.6364,0.0909,49.71,7.0004,0.9999,11,0.9999,2.9997,0,0,0.2727,0,Khánh Hòa,NTB,AM Công
NTB - Khánh Hòa,(KHO) Đông Ninh Hòa,Hàng Tồn,2026-06-20 - Thứ 7,11,0.8182,0.3636,0,42.5,3.9996,0,9.0002,0,7.0004,1.9998,0.1818,0.6364,0,Khánh Hòa,NTB,AM Công
NTB - Khánh Hòa,(KHO) Đông Ninh Hòa,Hàng Tồn,2026-07-01 - Thứ 4,12,1,0.8333,0.0833,48.1,9.9996,0.9996,12,0.9996,1.0008,0,0,0.0834,0,Khánh Hòa,NTB,AM Công
NTB - Khánh Hòa,(KHO) Đông Ninh Hòa,Hàng Tồn,2026-07-07 - Thứ 3,12,1,0.75,0.0833,32.78,9,0.9996,12,0.9996,2.0004,0,0,0.1667,0,Khánh Hòa,NTB,AM Công
NTB - Khánh Hòa,(KHO) Đông Ninh Hòa,Hàng Tồn,2026-07-03 - Thứ 6,14,1,0.5714,0,33.75,7.9996,0,14,0,6.0004,0,0,0.4286,0,Khánh Hòa,NTB,AM Công
NTB - Khánh Hòa,(KHO) Đông Ninh Hòa,Hàng Tồn,2026-07-11 - Thứ 7,14,1,0.2143,0.2143,26.33,3.0002,3.0002,14,3.0002,7.9996,0,0,0.5714,0,Khánh Hòa,NTB,AM Công
NTB - Khánh Hòa,(KHO) Đông Ninh Hòa,Hàng Tồn,2026-07-10 - Thứ 6,15,1,0.8,0.0667,37.42,12,1.0005,15,1.0005,1.9995,0,0,0.1333,0,Khánh Hòa,NTB,AM Công
NTB - Khánh Hòa,(KHO) Đông Ninh Hòa,Hàng Tồn,2026-06-23 - Thứ 3,16,1,0.6875,0,33.82,11,0,16,0,5,0,0,0.3125,0,Khánh Hòa,NTB,AM Công
NTB - Khánh Hòa,(KHO) Đông Ninh Hòa,Hàng Tồn,2026-07-04 - Thứ 7,16,1,0.75,0,35,12,0,16,0,4,0,0,0.25,0,Khánh Hòa,NTB,AM Công
NTB - Khánh Hòa,(KHO) Đông Ninh Hòa,Hàng Tồn,2026-07-05 - Chủ Nhật,17,1,0.4706,0.0588,29.75,8.0002,0.9996,17,0.9996,8.0002,0,0,0.4706,0,Khánh Hòa,NTB,AM Công
NTB - Khánh Hòa,(KHO) Đông Ninh Hòa,Hàng Tồn,2026-06-28 - Chủ Nhật,18,1,0.4444,0.0556,34.63,7.9992,1.0008,18,1.0008,9,0,0,0.5,0,Khánh Hòa,NTB,AM Công
NTB - Khánh Hòa,(KHO) Đông Ninh Hòa,Hàng Tồn,2026-06-24 - Thứ 4,19,1,0.7368,0,27.71,13.9992,0,19,0,5.0008,0,0,0.2632,0,Khánh Hòa,NTB,AM Công
NTB - Khánh Hòa,(KHO) Đông Ninh Hòa,Hàng Tồn,2026-06-30 - Thứ 3,19,1,0.6316,0,39.08,12.0004,0,19,0,6.9996,0,0,0.3684,0,Khánh Hòa,NTB,AM Công
NTB - Khánh Hòa,(KHO) Đông Ninh Hòa,Hàng Tồn,2026-06-29 - Thứ 2,19,1,0.6316,0,43.58,12.0004,0,19,0,6.9996,0,0,0.3684,0,Khánh Hòa,NTB,AM Công
NTB - Khánh Hòa,(KHO) Đông Ninh Hòa,Hàng Tồn,2026-06-26 - Thứ 6,19,1,0.7368,0,25.29,13.9992,0,19,0,5.0008,0,0,0.2632,0,Khánh Hòa,NTB,AM Công
NTB - Khánh Hòa,(KHO) Đông Ninh Hòa,Hàng Tồn,2026-06-25 - Thứ 5,21,1,0.8095,0.0952,29,16.9995,1.9992,21,1.9992,2.0013,0,0,0.0953,0,Khánh Hòa,NTB,AM Công
NTB - Khánh Hòa,(KHO) Đông Ninh Hòa,Hàng Tồn,2026-07-12 - Chủ Nhật,21,1,0.8571,0,33.94,17.9991,0,21,0,3.0009,0,0,0.1429,0,Khánh Hòa,NTB,AM Công
NTB - Khánh Hòa,(KHO) Đông Ninh Hòa,Hàng Tồn,2026-06-27 - Thứ 7,25,1,0.6,0.04,28.53,15,1,25,1,9,0,0,0.36,0,Khánh Hòa,NTB,AM Công
NTB - Khánh Hòa,(KHO) Đông Ninh Hòa,Hàng Tồn,2026-06-22 - Thứ 2,26,1,0.7692,0.0385,31.15,19.9992,1.001,26,1.001,4.9998,0,0,0.1923,0,Khánh Hòa,NTB,AM Công
NTB - Khánh Hòa,(KHO) Đông Ninh Hòa,Hàng Tồn,2026-07-13 - Thứ 2,27,1,0.9259,0.037,37.72,24.9993,0.999,27,0.999,1.0017,0,0,0.0371,0,Khánh Hòa,NTB,AM Công
NTB - Khánh Hòa,(KHO) Đông Ninh Hòa,Hàng Tồn,2026-07-06 - Thứ 2,29,1,0.7586,0.1379,31.86,21.9994,3.9991,29,3.9991,3.0015,0,0,0.1035,0,Khánh Hòa,NTB,AM Công
NTB - Khánh Hòa,(KHO) Đông Ninh Hòa,Hàng Tồn,2026-06-21 - Chủ Nhật,31,0.9677,0.8065,0.0323,35.48,25.0015,1.0013,29.9987,1.0013,4.9972,1.0013,0.0323,0.1612,0,Khánh Hòa,NTB,AM Công
NTB - Khánh Hòa,(KHO) Vạn Ninh,Hàng Mới Ca 1,2026-07-09 - Thứ 5,52,1,0.8846,0,5.33,45.9992,0,52,0,6.0008,0,0,0.1154,52,Khánh Hòa,NTB,AM Công
NTB - Khánh Hòa,(KHO) Vạn Ninh,Hàng Mới Ca 1,2026-06-27 - Thứ 7,66,1,0.9091,0.0152,11.6,60.0006,1.0032,66,1.0032,4.9962,0,0,0.0757,66,Khánh Hòa,NTB,AM Công
NTB - Khánh Hòa,(KHO) Vạn Ninh,Hàng Mới Ca 1,2026-06-26 - Thứ 6,2,1,1,0,2,2,0,2,0,0,0,0,0,2,Khánh Hòa,NTB,AM Công
NTB - Khánh Hòa,(KHO) Vạn Ninh,Hàng Mới Ca 1,2026-07-06 - Thứ 2,14,1,0.6429,0.0714,6,9.0006,0.9996,14,0.9996,3.9998,0,0,0.2857,14,Khánh Hòa,NTB,AM Công
NTB - Khánh Hòa,(KHO) Vạn Ninh,Hàng Mới Ca 1,2026-07-05 - Chủ Nhật,16,1,0.875,0.0625,4.07,14,1,16,1,1,0,0,0.0625,16,Khánh Hòa,NTB,AM Công
NTB - Khánh Hòa,(KHO) Vạn Ninh,Hàng Mới Ca 1,2026-07-07 - Thứ 3,17,1,1,0,4.53,17,0,17,0,0,0,0,0,17,Khánh Hòa,NTB,AM Công
NTB - Khánh Hòa,(KHO) Vạn Ninh,Hàng Mới Ca 1,2026-07-04 - Thứ 7,19,1,0.7895,0.1053,4.6,15.0005,2.0007,19,2.0007,1.9988,0,0,0.1052,19,Khánh Hòa,NTB,AM Công
NTB - Khánh Hòa,(KHO) Vạn Ninh,Hàng Mới Ca 1,2026-06-20 - Thứ 7,22,1,0.9091,0,6.8,20.0002,0,22,0,1.9998,0,0,0.0909,22,Khánh Hòa,NTB,AM Công
NTB - Khánh Hòa,(KHO) Vạn Ninh,Hàng Mới Ca 1,2026-07-12 - Chủ Nhật,24,1,0.8333,0.0833,4.9,19.9992,1.9992,24,1.9992,2.0016,0,0,0.0834,24,Khánh Hòa,NTB,AM Công
NTB - Khánh Hòa,(KHO) Vạn Ninh,Hàng Mới Ca 1,2026-07-08 - Thứ 4,24,1,0.875,0.0417,5.71,21,1.0008,24,1.0008,1.9992,0,0,0.0833,24,Khánh Hòa,NTB,AM Công
NTB - Khánh Hòa,(KHO) Vạn Ninh,Hàng Mới Ca 1,2026-07-14 - Thứ 3,24,1,0.9167,0.0417,4.45,22.0008,1.0008,24,1.0008,0.9984,0,0,0.0416,24,Khánh Hòa,NTB,AM Công
NTB - Khánh Hòa,(KHO) Vạn Ninh,Hàng Mới Ca 1,2026-06-30 - Thứ 3,24,1,0.8333,0.0417,4.05,19.9992,1.0008,24,1.0008,3,0,0,0.125,24,Khánh Hòa,NTB,AM Công
NTB - Khánh Hòa,(KHO) Vạn Ninh,Hàng Mới Ca 1,2026-07-01 - Thứ 4,25,1,1,0,5,25,0,25,0,0,0,0,0,25,Khánh Hòa,NTB,AM Công
NTB - Khánh Hòa,(KHO) Vạn Ninh,Hàng Mới Ca 1,2026-06-23 - Thứ 3,27,1,0.8519,0,4.91,23.0013,0,27,0,3.9987,0,0,0.1481,27,Khánh Hòa,NTB,AM Công
NTB - Khánh Hòa,(KHO) Vạn Ninh,Hàng Mới Ca 1,2026-07-02 - Thứ 5,28,1,0.9286,0,5.12,26.0008,0,28,0,1.9992,0,0,0.0714,28,Khánh Hòa,NTB,AM Công
NTB - Khánh Hòa,(KHO) Vạn Ninh,Hàng Mới Ca 1,2026-07-03 - Thứ 6,31,1,0.9032,0,5.96,27.9992,0,31,0,3.0008,0,0,0.0968,31,Khánh Hòa,NTB,AM Công
NTB - Khánh Hòa,(KHO) Vạn Ninh,Hàng Mới Ca 1,2026-07-16 - Thứ 5,31,1,0.7419,0.0323,5,22.9989,1.0013,31,1.0013,6.9998,0,0,0.2258,31,Khánh Hòa,NTB,AM Công
NTB - Khánh Hòa,(KHO) Vạn Ninh,Hàng Mới Ca 1,2026-06-28 - Chủ Nhật,32,1,0.8438,0,6.07,27.0016,0,32,0,4.9984,0,0,0.1562,32,Khánh Hòa,NTB,AM Công
NTB - Khánh Hòa,(KHO) Vạn Ninh,Hàng Mới Ca 1,2026-07-13 - Thứ 2,32,1,0.9375,0.0313,4.47,30,1.0016,32,1.0016,0.9984,0,0,0.0312,32,Khánh Hòa,NTB,AM Công
NTB - Khánh Hòa,(KHO) Vạn Ninh,Hàng Mới Ca 1,2026-06-24 - Thứ 4,33,1,0.7576,0,3.88,25.0008,0,33,0,7.9992,0,0,0.2424,33,Khánh Hòa,NTB,AM Công
NTB - Khánh Hòa,(KHO) Vạn Ninh,Hàng Mới Ca 1,2026-07-10 - Thứ 6,36,1,0.8889,0,3.53,32.0004,0,36,0,3.9996,0,0,0.1111,36,Khánh Hòa,NTB,AM Công
NTB - Khánh Hòa,(KHO) Vạn Ninh,Hàng Mới Ca 1,2026-07-11 - Thứ 7,36,1,0.8611,0,5.03,30.9996,0,36,0,5.0004,0,0,0.1389,36,Khánh Hòa,NTB,AM Công
NTB - Khánh Hòa,(KHO) Vạn Ninh,Hàng Mới Ca 1,2026-06-22 - Thứ 2,38,1,0.8684,0.0263,5.69,32.9992,0.9994,38,0.9994,4.0014,0,0,0.1053,38,Khánh Hòa,NTB,AM Công
NTB - Khánh Hòa,(KHO) Vạn Ninh,Hàng Mới Ca 1,2026-07-15 - Thứ 4,40,1,0.85,0,4.91,34,0,40,0,6,0,0,0.15,40,Khánh Hòa,NTB,AM Công
NTB - Khánh Hòa,(KHO) Vạn Ninh,Hàng Mới Ca 1,2026-06-29 - Thứ 2,40,1,0.975,0,4.97,39,0,40,0,1,0,0,0.025,40,Khánh Hòa,NTB,AM Công
NTB - Khánh Hòa,(KHO) Vạn Ninh,Hàng Mới Ca 1,2026-07-17 - Thứ 6,42,1,0.9524,0,5.78,40.0008,0,42,0,1.9992,0,0,0.0476,42,Khánh Hòa,NTB,AM Công
NTB - Khánh Hòa,(KHO) Vạn Ninh,Hàng Mới Ca 1,2026-06-25 - Thứ 5,49,1,0.8367,0.0204,5.15,40.9983,0.9996,49,0.9996,7.0021,0,0,0.1429,49,Khánh Hòa,NTB,AM Công
NTB - Khánh Hòa,(KHO) Vạn Ninh,Hàng Mới Ca 2,2026-06-29 - Thứ 2,8,0.75,0.625,0,1.6,5,0,6,0,3,2,0.25,0.375,8,Khánh Hòa,NTB,AM Công
NTB - Khánh Hòa,(KHO) Vạn Ninh,Hàng Mới Ca 2,2026-06-25 - Thứ 5,11,0.7273,0.6364,0,2.43,7.0004,0,8.0003,0,3.9996,2.9997,0.2727,0.3636,11,Khánh Hòa,NTB,AM Công
NTB - Khánh Hòa,(KHO) Vạn Ninh,Hàng Mới Ca 2,2026-07-03 - Thứ 6,13,1,0.7692,0,2.6,9.9996,0,13,0,3.0004,0,0,0.2308,13,Khánh Hòa,NTB,AM Công
NTB - Khánh Hòa,(KHO) Vạn Ninh,Hàng Mới Ca 2,2026-07-14 - Thứ 3,13,0.9231,0.6923,0.0769,1.22,8.9999,0.9997,12.0003,0.9997,3.0004,0.9997,0.0769,0.2308,13,Khánh Hòa,NTB,AM Công
NTB - Khánh Hòa,(KHO) Vạn Ninh,Hàng Mới Ca 2,2026-07-07 - Thứ 3,14,1,0.8571,0,2.17,11.9994,0,14,0,2.0006,0,0,0.1429,14,Khánh Hòa,NTB,AM Công
NTB - Khánh Hòa,(KHO) Vạn Ninh,Hàng Mới Ca 2,2026-06-30 - Thứ 3,14,0.8571,0.7143,0,2.1,10.0002,0,11.9994,0,3.9998,2.0006,0.1429,0.2857,14,Khánh Hòa,NTB,AM Công
NTB - Khánh Hòa,(KHO) Vạn Ninh,Hàng Mới Ca 2,2026-07-13 - Thứ 2,15,1,0.6,0,2.33,9,0,15,0,6,0,0,0.4,15,Khánh Hòa,NTB,AM Công
NTB - Khánh Hòa,(KHO) Vạn Ninh,Hàng Mới Ca 2,2026-07-17 - Thứ 6,15,1,0.8,0,2.17,12,0,15,0,3,0,0,0.2,15,Khánh Hòa,NTB,AM Công
NTB - Khánh Hòa,(KHO) Vạn Ninh,Hàng Mới Ca 2,2026-06-22 - Thứ 2,16,1,0.8125,0,2.46,13,0,16,0,3,0,0,0.1875,16,Khánh Hòa,NTB,AM Công
NTB - Khánh Hòa,(KHO) Vạn Ninh,Hàng Mới Ca 2,2026-06-24 - Thứ 4,18,0.8333,0.6667,0,2.25,12.0006,0,14.9994,0,5.9994,3.0006,0.1667,0.3333,18,Khánh Hòa,NTB,AM Công
NTB - Khánh Hòa,(KHO) Vạn Ninh,Hàng Mới Ca 2,2026-07-06 - Thứ 2,18,0.8889,0.7222,0,2.69,12.9996,0,16.0002,0,5.0004,1.9998,0.1111,0.2778,18,Khánh Hòa,NTB,AM Công
NTB - Khánh Hòa,(KHO) Vạn Ninh,Hàng Mới Ca 2,2026-06-23 - Thứ 3,18,1,0.8889,0.0556,2,16.0002,1.0008,18,1.0008,0.999,0,0,0.0555,18,Khánh Hòa,NTB,AM Công
NTB - Khánh Hòa,(KHO) Vạn Ninh,Hàng Mới Ca 2,2026-07-15 - Thứ 4,19,0.9474,0.7368,0,2.21,13.9992,0,18.0006,0,5.0008,0.9994,0.0526,0.2632,19,Khánh Hòa,NTB,AM Công
NTB - Khánh Hòa,(KHO) Vạn Ninh,Hàng Mới Ca 2,2026-06-26 - Thứ 6,21,1,0.8571,0,1.61,17.9991,0,21,0,3.0009,0,0,0.1429,21,Khánh Hòa,NTB,AM Công
NTB - Khánh Hòa,(KHO) Vạn Ninh,Hàng Mới Ca 2,2026-07-12 - Chủ Nhật,21,1,0.8571,0.0952,2.94,17.9991,1.9992,21,1.9992,1.0017,0,0,0.0477,21,Khánh Hòa,NTB,AM Công
NTB - Khánh Hòa,(KHO) Vạn Ninh,Hàng Mới Ca 2,2026-06-20 - Thứ 7,21,0.9048,0.7143,0,2.93,15.0003,0,19.0008,0,5.9997,1.9992,0.0952,0.2857,21,Khánh Hòa,NTB,AM Công
NTB - Khánh Hòa,(KHO) Vạn Ninh,Hàng Mới Ca 2,2026-07-10 - Thứ 6,21,1,0.7619,0.0476,2.69,15.9999,0.9996,21,0.9996,4.0005,0,0,0.1905,21,Khánh Hòa,NTB,AM Công
NTB - Khánh Hòa,(KHO) Vạn Ninh,Hàng Mới Ca 2,2026-06-27 - Thứ 7,21,0.8571,0.619,0,1.85,12.999,0,17.9991,0,8.001,3.0009,0.1429,0.381,21,Khánh Hòa,NTB,AM Công
NTB - Khánh Hòa,(KHO) Vạn Ninh,Hàng Mới Ca 2,2026-06-28 - Chủ Nhật,22,1,0.8636,0,1.84,18.9992,0,22,0,3.0008,0,0,0.1364,22,Khánh Hòa,NTB,AM Công
NTB - Khánh Hòa,(KHO) Vạn Ninh,Hàng Mới Ca 2,2026-07-05 - Chủ Nhật,23,0.913,0.7826,0,2.67,17.9998,0,20.999,0,5.0002,2.001,0.087,0.2174,23,Khánh Hòa,NTB,AM Công
NTB - Khánh Hòa,(KHO) Vạn Ninh,Hàng Mới Ca 2,2026-07-02 - Thứ 5,24,0.875,0.7083,0,3.18,16.9992,0,21,0,7.0008,3,0.125,0.2917,24,Khánh Hòa,NTB,AM Công
NTB - Khánh Hòa,(KHO) Vạn Ninh,Hàng Mới Ca 2,2026-07-16 - Thứ 5,25,0.68,0.64,0,3.56,16,0,17,0,9,8,0.32,0.36,25,Khánh Hòa,NTB,AM Công
NTB - Khánh Hòa,(KHO) Vạn Ninh,Hàng Mới Ca 2,2026-07-11 - Thứ 7,25,0.96,0.6,0,1.47,15,0,24,0,10,1,0.04,0.4,25,Khánh Hòa,NTB,AM Công
NTB - Khánh Hòa,(KHO) Vạn Ninh,Hàng Mới Ca 2,2026-07-09 - Thứ 5,28,0.6786,0.5357,0,3.13,14.9996,0,19.0008,0,13.0004,8.9992,0.3214,0.4643,28,Khánh Hòa,NTB,AM Công
NTB - Khánh Hòa,(KHO) Vạn Ninh,Hàng Mới Ca 2,2026-07-04 - Thứ 7,30,0.9,0.7667,0,3.09,23.001,0,27,0,6.999,3,0.1,0.2333,30,Khánh Hòa,NTB,AM Công
NTB - Khánh Hòa,(KHO) Vạn Ninh,Hàng Mới Ca 2,2026-07-01 - Thứ 4,35,0.4857,0.4286,0,2.8,15.001,0,16.9995,0,19.999,18.0005,0.5143,0.5714,35,Khánh Hòa,NTB,AM Công
NTB - Khánh Hòa,(KHO) Vạn Ninh,Hàng Mới Ca 2,2026-07-08 - Thứ 4,53,0.8491,0.7736,0,3.15,41.0008,0,45.0023,0,11.9992,7.9977,0.1509,0.2264,53,Khánh Hòa,NTB,AM Công
NTB - Khánh Hòa,(KHO) Vạn Ninh,Hàng Mới Ca 2,2026-06-21 - Chủ Nhật,53,0.8302,0.6226,0,3,32.9978,0,44.0006,0,20.0022,8.9994,0.1698,0.3774,53,Khánh Hòa,NTB,AM Công
NTB - Khánh Hòa,(KHO) Vạn Ninh,Hàng Tồn,2026-06-20 - Thứ 7,58,0.9828,0.6379,0.0172,32.14,36.9982,0.9976,57.0024,0.9976,20.0042,0.9976,0.0172,0.3449,0,Khánh Hòa,NTB,AM Công
NTB - Khánh Hòa,(KHO) Vạn Ninh,Hàng Tồn,2026-07-15 - Thứ 4,4,1,0.5,0,18,2,0,4,0,2,0,0,0.5,0,Khánh Hòa,NTB,AM Công
NTB - Khánh Hòa,(KHO) Vạn Ninh,Hàng Tồn,2026-06-30 - Thứ 3,6,1,0.5,0,35,3,0,6,0,3,0,0,0.5,0,Khánh Hòa,NTB,AM Công
NTB - Khánh Hòa,(KHO) Vạn Ninh,Hàng Tồn,2026-06-27 - Thứ 7,6,1,0.6667,0,32.5,4.0002,0,6,0,1.9998,0,0,0.3333,0,Khánh Hòa,NTB,AM Công
NTB - Khánh Hòa,(KHO) Vạn Ninh,Hàng Tồn,2026-07-08 - Thứ 4,7,1,0.7143,0,49.6,5.0001,0,7,0,1.9999,0,0,0.2857,0,Khánh Hòa,NTB,AM Công
NTB - Khánh Hòa,(KHO) Vạn Ninh,Hàng Tồn,2026-07-14 - Thứ 3,7,1,0.8571,0,20.5,5.9997,0,7,0,1.0003,0,0,0.1429,0,Khánh Hòa,NTB,AM Công
NTB - Khánh Hòa,(KHO) Vạn Ninh,Hàng Tồn,2026-07-01 - Thứ 4,9,1,0.4444,0,24.25,3.9996,0,9,0,5.0004,0,0,0.5556,0,Khánh Hòa,NTB,AM Công
NTB - Khánh Hòa,(KHO) Vạn Ninh,Hàng Tồn,2026-07-06 - Thứ 2,9,1,0.5556,0.2222,30,5.0004,1.9998,9,1.9998,1.9998,0,0,0.2222,0,Khánh Hòa,NTB,AM Công
NTB - Khánh Hòa,(KHO) Vạn Ninh,Hàng Tồn,2026-07-04 - Thứ 7,9,1,0.6667,0.1111,28.17,6.0003,0.9999,9,0.9999,1.9998,0,0,0.2222,0,Khánh Hòa,NTB,AM Công
NTB - Khánh Hòa,(KHO) Vạn Ninh,Hàng Tồn,2026-07-05 - Chủ Nhật,11,1,0.6364,0,21.71,7.0004,0,11,0,3.9996,0,0,0.3636,0,Khánh Hòa,NTB,AM Công
NTB - Khánh Hòa,(KHO) Vạn Ninh,Hàng Tồn,2026-07-13 - Thứ 2,11,1,0.9091,0,45.3,10.0001,0,11,0,0.9999,0,0,0.0909,0,Khánh Hòa,NTB,AM Công
NTB - Khánh Hòa,(KHO) Vạn Ninh,Hàng Tồn,2026-06-24 - Thứ 4,12,1,0.5,0.0833,42.17,6,0.9996,12,0.9996,5.0004,0,0,0.4167,0,Khánh Hòa,NTB,AM Công
NTB - Khánh Hòa,(KHO) Vạn Ninh,Hàng Tồn,2026-07-03 - Thứ 6,12,1,0.6667,0.0833,32,8.0004,0.9996,12,0.9996,3,0,0,0.25,0,Khánh Hòa,NTB,AM Công
NTB - Khánh Hòa,(KHO) Vạn Ninh,Hàng Tồn,2026-07-16 - Thứ 5,12,1,0.4167,0,24.6,5.0004,0,12,0,6.9996,0,0,0.5833,0,Khánh Hòa,NTB,AM Công
NTB - Khánh Hòa,(KHO) Vạn Ninh,Hàng Tồn,2026-07-07 - Thứ 3,12,1,0.5833,0.0833,28.57,6.9996,0.9996,12,0.9996,4.0008,0,0,0.3334,0,Khánh Hòa,NTB,AM Công
NTB - Khánh Hòa,(KHO) Vạn Ninh,Hàng Tồn,2026-07-11 - Thứ 7,13,1,0.6154,0,35,8.0002,0,13,0,4.9998,0,0,0.3846,0,Khánh Hòa,NTB,AM Công
NTB - Khánh Hòa,(KHO) Vạn Ninh,Hàng Tồn,2026-07-09 - Thứ 5,16,1,0.8125,0,28.31,13,0,16,0,3,0,0,0.1875,0,Khánh Hòa,NTB,AM Công
NTB - Khánh Hòa,(KHO) Vạn Ninh,Hàng Tồn,2026-06-23 - Thứ 3,16,1,0.375,0.1875,44,6,3,16,3,7,0,0,0.4375,0,Khánh Hòa,NTB,AM Công
NTB - Khánh Hòa,(KHO) Vạn Ninh,Hàng Tồn,2026-06-29 - Thứ 2,16,0.9375,0.5625,0.25,36.67,9,4,15,4,3,1,0.0625,0.1875,0,Khánh Hòa,NTB,AM Công
NTB - Khánh Hòa,(KHO) Vạn Ninh,Hàng Tồn,2026-06-28 - Chủ Nhật,17,0.9412,0.4706,0.0588,50.38,8.0002,0.9996,16.0004,0.9996,8.0002,0.9996,0.0588,0.4706,0,Khánh Hòa,NTB,AM Công
NTB - Khánh Hòa,(KHO) Vạn Ninh,Hàng Tồn,2026-06-26 - Thứ 6,18,1,0.6111,0.1667,39,10.9998,3.0006,18,3.0006,3.9996,0,0,0.2222,0,Khánh Hòa,NTB,AM Công
NTB - Khánh Hòa,(KHO) Vạn Ninh,Hàng Tồn,2026-07-12 - Chủ Nhật,19,1,0.4211,0.1579,27.75,8.0009,3.0001,19,3.0001,7.999,0,0,0.421,0,Khánh Hòa,NTB,AM Công
NTB - Khánh Hòa,(KHO) Vạn Ninh,Hàng Tồn,2026-06-25 - Thứ 5,19,1,0.4737,0.1579,27.33,9.0003,3.0001,19,3.0001,6.9996,0,0,0.3684,0,Khánh Hòa,NTB,AM Công
NTB - Khánh Hòa,(KHO) Vạn Ninh,Hàng Tồn,2026-07-10 - Thứ 6,22,1,0.6818,0.0455,28.47,14.9996,1.001,22,1.001,5.9994,0,0,0.2727,0,Khánh Hòa,NTB,AM Công
NTB - Khánh Hòa,(KHO) Vạn Ninh,Hàng Tồn,2026-07-17 - Thứ 6,23,1,0.6522,0.0435,31.47,15.0006,1.0005,23,1.0005,6.9989,0,0,0.3043,0,Khánh Hòa,NTB,AM Công
NTB - Khánh Hòa,(KHO) Vạn Ninh,Hàng Tồn,2026-07-02 - Thứ 5,24,1,0.8333,0,27.05,19.9992,0,24,0,4.0008,0,0,0.1667,0,Khánh Hòa,NTB,AM Công
NTB - Khánh Hòa,(KHO) Vạn Ninh,Hàng Tồn,2026-06-22 - Thứ 2,27,1,0.6296,0.037,33.41,16.9992,0.999,27,0.999,9.0018,0,0,0.3334,0,Khánh Hòa,NTB,AM Công
NTB - Khánh Hòa,(KHO) Vạn Ninh,Hàng Tồn,2026-06-21 - Chủ Nhật,28,0.9643,0.5714,0.0714,46.06,15.9992,1.9992,27.0004,1.9992,10.0016,0.9996,0.0357,0.3572,0,Khánh Hòa,NTB,AM Công
NTB - Khánh Hòa,(KHO) Tây Nha Trang,Hàng Mới Ca 1,2026-07-16 - Thứ 5,52,1,0.7885,0,9.27,41.002,0,52,0,10.998,0,0,0.2115,52,Khánh Hòa,NTB,AM Duy
NTB - Khánh Hòa,(KHO) Tây Nha Trang,Hàng Mới Ca 1,2026-07-10 - Thứ 6,69,1,0.913,0.0145,13.79,62.997,1.0005,69,1.0005,5.0025,0,0,0.0725,69,Khánh Hòa,NTB,AM Duy
NTB - Khánh Hòa,(KHO) Tây Nha Trang,Hàng Mới Ca 1,2026-06-22 - Thứ 2,65,1,0.9385,0.0154,9.36,61.0025,1.001,65,1.001,2.9965,0,0,0.0461,65,Khánh Hòa,NTB,AM Duy
NTB - Khánh Hòa,(KHO) Tây Nha Trang,Hàng Mới Ca 1,2026-07-07 - Thứ 3,7,1,0.8571,0,6.83,5.9997,0,7,0,1.0003,0,0,0.1429,7,Khánh Hòa,NTB,AM Duy
NTB - Khánh Hòa,(KHO) Tây Nha Trang,Hàng Mới Ca 1,2026-06-20 - Thứ 7,15,1,0.8,0,5,12,0,15,0,3,0,0,0.2,15,Khánh Hòa,NTB,AM Duy
NTB - Khánh Hòa,(KHO) Tây Nha Trang,Hàng Mới Ca 1,2026-07-03 - Thứ 6,16,1,1,0,9.5,16,0,16,0,0,0,0,0,16,Khánh Hòa,NTB,AM Duy
NTB - Khánh Hòa,(KHO) Tây Nha Trang,Hàng Mới Ca 1,2026-07-04 - Thứ 7,19,1,0.8947,0,13.06,16.9993,0,19,0,2.0007,0,0,0.1053,19,Khánh Hòa,NTB,AM Duy
NTB - Khánh Hòa,(KHO) Tây Nha Trang,Hàng Mới Ca 1,2026-07-06 - Thứ 2,20,1,0.9,0,10.06,18,0,20,0,2,0,0,0.1,20,Khánh Hòa,NTB,AM Duy
NTB - Khánh Hòa,(KHO) Tây Nha Trang,Hàng Mới Ca 1,2026-07-12 - Chủ Nhật,21,1,0.8571,0,9.28,17.9991,0,21,0,3.0009,0,0,0.1429,21,Khánh Hòa,NTB,AM Duy
NTB - Khánh Hòa,(KHO) Tây Nha Trang,Hàng Mới Ca 1,2026-06-30 - Thứ 3,21,1,0.7619,0,9.13,15.9999,0,21,0,5.0001,0,0,0.2381,21,Khánh Hòa,NTB,AM Duy
NTB - Khánh Hòa,(KHO) Tây Nha Trang,Hàng Mới Ca 1,2026-07-14 - Thứ 3,21,1,0.9048,0,5.95,19.0008,0,21,0,1.9992,0,0,0.0952,21,Khánh Hòa,NTB,AM Duy
NTB - Khánh Hòa,(KHO) Tây Nha Trang,Hàng Mới Ca 1,2026-07-02 - Thứ 5,23,0.9565,0.8261,0,11.68,19.0003,0,21.9995,0,3.9997,1.0005,0.0435,0.1739,23,Khánh Hòa,NTB,AM Duy
NTB - Khánh Hòa,(KHO) Tây Nha Trang,Hàng Mới Ca 1,2026-07-01 - Thứ 4,24,1,0.75,0,11.39,18,0,24,0,6,0,0,0.25,24,Khánh Hòa,NTB,AM Duy
NTB - Khánh Hòa,(KHO) Tây Nha Trang,Hàng Mới Ca 1,2026-07-05 - Chủ Nhật,24,1,0.6667,0,9.63,16.0008,0,24,0,7.9992,0,0,0.3333,24,Khánh Hòa,NTB,AM Duy
NTB - Khánh Hòa,(KHO) Tây Nha Trang,Hàng Mới Ca 1,2026-06-25 - Thứ 5,26,1,0.8077,0,10.33,21.0002,0,26,0,4.9998,0,0,0.1923,26,Khánh Hòa,NTB,AM Duy
NTB - Khánh Hòa,(KHO) Tây Nha Trang,Hàng Mới Ca 1,2026-06-29 - Thứ 2,29,1,0.931,0,8.44,26.999,0,29,0,2.001,0,0,0.069,29,Khánh Hòa,NTB,AM Duy
NTB - Khánh Hòa,(KHO) Tây Nha Trang,Hàng Mới Ca 1,2026-06-23 - Thứ 3,30,1,0.8333,0,7.72,24.999,0,30,0,5.001,0,0,0.1667,30,Khánh Hòa,NTB,AM Duy
NTB - Khánh Hòa,(KHO) Tây Nha Trang,Hàng Mới Ca 1,2026-07-08 - Thứ 4,32,1,0.9688,0,10.16,31.0016,0,32,0,0.9984,0,0,0.0312,32,Khánh Hòa,NTB,AM Duy
NTB - Khánh Hòa,(KHO) Tây Nha Trang,Hàng Mới Ca 1,2026-06-21 - Chủ Nhật,33,1,1,0,7.88,33,0,33,0,0,0,0,0,33,Khánh Hòa,NTB,AM Duy
NTB - Khánh Hòa,(KHO) Tây Nha Trang,Hàng Mới Ca 1,2026-06-28 - Chủ Nhật,35,1,0.8857,0,10.94,30.9995,0,35,0,4.0005,0,0,0.1143,35,Khánh Hòa,NTB,AM Duy
NTB - Khánh Hòa,(KHO) Tây Nha Trang,Hàng Mới Ca 1,2026-07-13 - Thứ 2,35,1,0.8,0,8.43,28,0,35,0,7,0,0,0.2,35,Khánh Hòa,NTB,AM Duy
NTB - Khánh Hòa,(KHO) Tây Nha Trang,Hàng Mới Ca 1,2026-07-11 - Thứ 7,40,1,0.95,0,12.21,38,0,40,0,2,0,0,0.05,40,Khánh Hòa,NTB,AM Duy
NTB - Khánh Hòa,(KHO) Tây Nha Trang,Hàng Mới Ca 1,2026-06-26 - Thứ 6,40,1,0.85,0,9.35,34,0,40,0,6,0,0,0.15,40,Khánh Hòa,NTB,AM Duy
NTB - Khánh Hòa,(KHO) Tây Nha Trang,Hàng Mới Ca 1,2026-06-27 - Thứ 7,43,1,0.8837,0.0233,11.55,37.9991,1.0019,43,1.0019,3.999,0,0,0.093,43,Khánh Hòa,NTB,AM Duy
NTB - Khánh Hòa,(KHO) Tây Nha Trang,Hàng Mới Ca 1,2026-06-24 - Thứ 4,47,1,0.8511,0,8.85,40.0017,0,47,0,6.9983,0,0,0.1489,47,Khánh Hòa,NTB,AM Duy
NTB - Khánh Hòa,(KHO) Tây Nha Trang,Hàng Mới Ca 1,2026-07-17 - Thứ 6,48,1,0.8125,0.0417,11.67,39,2.0016,48,2.0016,6.9984,0,0,0.1458,48,Khánh Hòa,NTB,AM Duy
NTB - Khánh Hòa,(KHO) Tây Nha Trang,Hàng Mới Ca 1,2026-07-15 - Thứ 4,54,1,0.8519,0.0185,7.8,46.0026,0.999,54,0.999,6.9984,0,0,0.1296,54,Khánh Hòa,NTB,AM Duy
NTB - Khánh Hòa,(KHO) Tây Nha Trang,Hàng Mới Ca 1,2026-07-09 - Thứ 5,54,0.9815,0.9444,0,11.84,50.9976,0,53.001,0,3.0024,0.999,0.0185,0.0556,54,Khánh Hòa,NTB,AM Duy
NTB - Khánh Hòa,(KHO) Tây Nha Trang,Hàng Mới Ca 2,2026-07-04 - Thứ 7,8,1,0.75,0,4.33,6,0,8,0,2,0,0,0.25,8,Khánh Hòa,NTB,AM Duy
NTB - Khánh Hòa,(KHO) Tây Nha Trang,Hàng Mới Ca 2,2026-07-06 - Thứ 2,9,1,0.6667,0,3.83,6.0003,0,9,0,2.9997,0,0,0.3333,9,Khánh Hòa,NTB,AM Duy
NTB - Khánh Hòa,(KHO) Tây Nha Trang,Hàng Mới Ca 2,2026-07-03 - Thứ 6,10,1,1,0,4.6,10,0,10,0,0,0,0,0,10,Khánh Hòa,NTB,AM Duy
NTB - Khánh Hòa,(KHO) Tây Nha Trang,Hàng Mới Ca 2,2026-07-09 - Thứ 5,11,1,0.7273,0,3.25,8.0003,0,11,0,2.9997,0,0,0.2727,11,Khánh Hòa,NTB,AM Duy
NTB - Khánh Hòa,(KHO) Tây Nha Trang,Hàng Mới Ca 2,2026-06-29 - Thứ 2,12,1,0.9167,0,3.73,11.0004,0,12,0,0.9996,0,0,0.0833,12,Khánh Hòa,NTB,AM Duy
NTB - Khánh Hòa,(KHO) Tây Nha Trang,Hàng Mới Ca 2,2026-06-27 - Thứ 7,12,1,0.9167,0,3.82,11.0004,0,12,0,0.9996,0,0,0.0833,12,Khánh Hòa,NTB,AM Duy
NTB - Khánh Hòa,(KHO) Tây Nha Trang,Hàng Mới Ca 2,2026-07-16 - Thứ 5,13,1,1,0,4.08,13,0,13,0,0,0,0,0,13,Khánh Hòa,NTB,AM Duy
NTB - Khánh Hòa,(KHO) Tây Nha Trang,Hàng Mới Ca 2,2026-07-05 - Chủ Nhật,15,1,0.8667,0.0667,4.92,13.0005,1.0005,15,1.0005,0.999,0,0,0.0666,15,Khánh Hòa,NTB,AM Duy
NTB - Khánh Hòa,(KHO) Tây Nha Trang,Hàng Mới Ca 2,2026-07-14 - Thứ 3,16,1,0.6875,0,3.91,11,0,16,0,5,0,0,0.3125,16,Khánh Hòa,NTB,AM Duy
NTB - Khánh Hòa,(KHO) Tây Nha Trang,Hàng Mới Ca 2,2026-07-15 - Thứ 4,17,1,0.7059,0.1176,3,12.0003,1.9992,17,1.9992,3.0005,0,0,0.1765,17,Khánh Hòa,NTB,AM Duy
NTB - Khánh Hòa,(KHO) Tây Nha Trang,Hàng Mới Ca 2,2026-07-17 - Thứ 6,17,1,0.9412,0,4.38,16.0004,0,17,0,0.9996,0,0,0.0588,17,Khánh Hòa,NTB,AM Duy
NTB - Khánh Hòa,(KHO) Tây Nha Trang,Hàng Mới Ca 2,2026-06-22 - Thứ 2,17,1,0.9412,0,3.5,16.0004,0,17,0,0.9996,0,0,0.0588,17,Khánh Hòa,NTB,AM Duy
NTB - Khánh Hòa,(KHO) Tây Nha Trang,Hàng Mới Ca 2,2026-06-28 - Chủ Nhật,18,1,0.8889,0,3.88,16.0002,0,18,0,1.9998,0,0,0.1111,18,Khánh Hòa,NTB,AM Duy
NTB - Khánh Hòa,(KHO) Tây Nha Trang,Hàng Mới Ca 2,2026-07-13 - Thứ 2,18,1,1,0,3.5,18,0,18,0,0,0,0,0,18,Khánh Hòa,NTB,AM Duy
NTB - Khánh Hòa,(KHO) Tây Nha Trang,Hàng Mới Ca 2,2026-06-30 - Thứ 3,19,1,0.5263,0.0526,4.8,9.9997,0.9994,19,0.9994,8.0009,0,0,0.4211,19,Khánh Hòa,NTB,AM Duy
NTB - Khánh Hòa,(KHO) Tây Nha Trang,Hàng Mới Ca 2,2026-07-01 - Thứ 4,19,0.9474,0.5789,0.0526,4.27,10.9991,0.9994,18.0006,0.9994,7.0015,0.9994,0.0526,0.3685,19,Khánh Hòa,NTB,AM Duy
NTB - Khánh Hòa,(KHO) Tây Nha Trang,Hàng Mới Ca 2,2026-07-02 - Thứ 5,20,1,0.9,0.05,4.39,18,1,20,1,1,0,0,0.05,20,Khánh Hòa,NTB,AM Duy
NTB - Khánh Hòa,(KHO) Tây Nha Trang,Hàng Mới Ca 2,2026-06-26 - Thứ 6,21,1,0.7619,0,2.88,15.9999,0,21,0,5.0001,0,0,0.2381,21,Khánh Hòa,NTB,AM Duy
NTB - Khánh Hòa,(KHO) Tây Nha Trang,Hàng Mới Ca 2,2026-06-20 - Thứ 7,22,1,0.6818,0,4.13,14.9996,0,22,0,7.0004,0,0,0.3182,22,Khánh Hòa,NTB,AM Duy
NTB - Khánh Hòa,(KHO) Tây Nha Trang,Hàng Mới Ca 2,2026-07-07 - Thứ 3,24,1,0.7917,0,3.16,19.0008,0,24,0,4.9992,0,0,0.2083,24,Khánh Hòa,NTB,AM Duy
NTB - Khánh Hòa,(KHO) Tây Nha Trang,Hàng Mới Ca 2,2026-07-10 - Thứ 6,25,1,0.88,0.04,3.95,22,1,25,1,2,0,0,0.08,25,Khánh Hòa,NTB,AM Duy
NTB - Khánh Hòa,(KHO) Tây Nha Trang,Hàng Mới Ca 2,2026-07-12 - Chủ Nhật,26,1,0.9231,0,3,24.0006,0,26,0,1.9994,0,0,0.0769,26,Khánh Hòa,NTB,AM Duy
NTB - Khánh Hòa,(KHO) Tây Nha Trang,Hàng Mới Ca 2,2026-06-21 - Chủ Nhật,26,1,0.8846,0,2.61,22.9996,0,26,0,3.0004,0,0,0.1154,26,Khánh Hòa,NTB,AM Duy
NTB - Khánh Hòa,(KHO) Tây Nha Trang,Hàng Mới Ca 2,2026-06-25 - Thứ 5,27,1,0.9259,0,3.68,24.9993,0,27,0,2.0007,0,0,0.0741,27,Khánh Hòa,NTB,AM Duy
NTB - Khánh Hòa,(KHO) Tây Nha Trang,Hàng Mới Ca 2,2026-06-23 - Thứ 3,28,1,0.8929,0.0357,4.24,25.0012,0.9996,28,0.9996,1.9992,0,0,0.0714,28,Khánh Hòa,NTB,AM Duy
NTB - Khánh Hòa,(KHO) Tây Nha Trang,Hàng Mới Ca 2,2026-06-24 - Thứ 4,30,1,0.8,0,3.58,24,0,30,0,6,0,0,0.2,30,Khánh Hòa,NTB,AM Duy
NTB - Khánh Hòa,(KHO) Tây Nha Trang,Hàng Mới Ca 2,2026-07-11 - Thứ 7,36,1,0.9167,0,2.94,33.0012,0,36,0,2.9988,0,0,0.0833,36,Khánh Hòa,NTB,AM Duy
NTB - Khánh Hòa,(KHO) Tây Nha Trang,Hàng Mới Ca 2,2026-07-08 - Thứ 4,41,1,0.878,0,3.58,35.998,0,41,0,5.002,0,0,0.122,41,Khánh Hòa,NTB,AM Duy
NTB - Khánh Hòa,(KHO) Tây Nha Trang,Hàng Tồn,2026-07-04 - Thứ 7,2,1,0.5,0,52,1,0,2,0,1,0,0,0.5,0,Khánh Hòa,NTB,AM Duy
NTB - Khánh Hòa,(KHO) Tây Nha Trang,Hàng Tồn,2026-07-05 - Chủ Nhật,5,1,0.6,0.2,31.33,3,1,5,1,1,0,0,0.2,0,Khánh Hòa,NTB,AM Duy
NTB - Khánh Hòa,(KHO) Tây Nha Trang,Hàng Tồn,2026-06-30 - Thứ 3,5,1,0.8,0,35.75,4,0,5,0,1,0,0,0.2,0,Khánh Hòa,NTB,AM Duy
NTB - Khánh Hòa,(KHO) Tây Nha Trang,Hàng Tồn,2026-06-23 - Thứ 3,5,1,0.6,0,29,3,0,5,0,2,0,0,0.4,0,Khánh Hòa,NTB,AM Duy
NTB - Khánh Hòa,(KHO) Tây Nha Trang,Hàng Tồn,2026-07-03 - Thứ 6,6,1,0.6667,0,59.75,4.0002,0,6,0,1.9998,0,0,0.3333,0,Khánh Hòa,NTB,AM Duy
NTB - Khánh Hòa,(KHO) Tây Nha Trang,Hàng Tồn,2026-07-13 - Thứ 2,6,1,0.6667,0,39.75,4.0002,0,6,0,1.9998,0,0,0.3333,0,Khánh Hòa,NTB,AM Duy
NTB - Khánh Hòa,(KHO) Tây Nha Trang,Hàng Tồn,2026-07-07 - Thứ 3,6,1,0.5,0,38.67,3,0,6,0,3,0,0,0.5,0,Khánh Hòa,NTB,AM Duy
NTB - Khánh Hòa,(KHO) Tây Nha Trang,Hàng Tồn,2026-07-15 - Thứ 4,7,1,0.8571,0,28.67,5.9997,0,7,0,1.0003,0,0,0.1429,0,Khánh Hòa,NTB,AM Duy
NTB - Khánh Hòa,(KHO) Tây Nha Trang,Hàng Tồn,2026-07-12 - Chủ Nhật,7,1,0.5714,0.2857,24,3.9998,1.9999,7,1.9999,1.0003,0,0,0.1429,0,Khánh Hòa,NTB,AM Duy
NTB - Khánh Hòa,(KHO) Tây Nha Trang,Hàng Tồn,2026-07-09 - Thứ 5,8,1,0.5,0,26.25,4,0,8,0,4,0,0,0.5,0,Khánh Hòa,NTB,AM Duy
NTB - Khánh Hòa,(KHO) Tây Nha Trang,Hàng Tồn,2026-06-29 - Thứ 2,8,1,0.75,0,46.17,6,0,8,0,2,0,0,0.25,0,Khánh Hòa,NTB,AM Duy
NTB - Khánh Hòa,(KHO) Tây Nha Trang,Hàng Tồn,2026-07-08 - Thứ 4,9,1,0.6667,0,28,6.0003,0,9,0,2.9997,0,0,0.3333,0,Khánh Hòa,NTB,AM Duy
NTB - Khánh Hòa,(KHO) Tây Nha Trang,Hàng Tồn,2026-07-14 - Thứ 3,9,1,0.7778,0.2222,30.29,7.0002,1.9998,9,1.9998,0,0,0,0,0,Khánh Hòa,NTB,AM Duy
NTB - Khánh Hòa,(KHO) Tây Nha Trang,Hàng Tồn,2026-06-24 - Thứ 4,9,1,0.4444,0.1111,49.5,3.9996,0.9999,9,0.9999,4.0005,0,0,0.4445,0,Khánh Hòa,NTB,AM Duy
NTB - Khánh Hòa,(KHO) Tây Nha Trang,Hàng Tồn,2026-07-10 - Thứ 6,9,0.8889,0.6667,0,51.17,6.0003,0,8.0001,0,2.9997,0.9999,0.1111,0.3333,0,Khánh Hòa,NTB,AM Duy
NTB - Khánh Hòa,(KHO) Tây Nha Trang,Hàng Tồn,2026-06-26 - Thứ 6,10,1,0.4,0.1,42,4,1,10,1,5,0,0,0.5,0,Khánh Hòa,NTB,AM Duy
NTB - Khánh Hòa,(KHO) Tây Nha Trang,Hàng Tồn,2026-06-22 - Thứ 2,10,1,0.3,0.4,24,3,4,10,4,3,0,0,0.3,0,Khánh Hòa,NTB,AM Duy
NTB - Khánh Hòa,(KHO) Tây Nha Trang,Hàng Tồn,2026-07-06 - Thứ 2,10,1,0.8,0.1,31.88,8,1,10,1,1,0,0,0.1,0,Khánh Hòa,NTB,AM Duy
NTB - Khánh Hòa,(KHO) Tây Nha Trang,Hàng Tồn,2026-07-11 - Thứ 7,10,1,0.7,0.1,32.57,7,1,10,1,2,0,0,0.2,0,Khánh Hòa,NTB,AM Duy
NTB - Khánh Hòa,(KHO) Tây Nha Trang,Hàng Tồn,2026-06-28 - Chủ Nhật,10,1,0.6,0.2,41.17,6,2,10,2,2,0,0,0.2,0,Khánh Hòa,NTB,AM Duy
NTB - Khánh Hòa,(KHO) Tây Nha Trang,Hàng Tồn,2026-07-16 - Thứ 5,11,1,0.8182,0.0909,31.56,9.0002,0.9999,11,0.9999,0.9999,0,0,0.0909,0,Khánh Hòa,NTB,AM Duy
NTB - Khánh Hòa,(KHO) Tây Nha Trang,Hàng Tồn,2026-07-17 - Thứ 6,12,1,0.6667,0,39.5,8.0004,0,12,0,3.9996,0,0,0.3333,0,Khánh Hòa,NTB,AM Duy
NTB - Khánh Hòa,(KHO) Tây Nha Trang,Hàng Tồn,2026-07-01 - Thứ 4,14,1,0.5,0,29.86,7,0,14,0,7,0,0,0.5,0,Khánh Hòa,NTB,AM Duy
NTB - Khánh Hòa,(KHO) Tây Nha Trang,Hàng Tồn,2026-06-27 - Thứ 7,16,1,0.625,0.0625,47.5,10,1,16,1,5,0,0,0.3125,0,Khánh Hòa,NTB,AM Duy
NTB - Khánh Hòa,(KHO) Tây Nha Trang,Hàng Tồn,2026-06-25 - Thứ 5,17,1,0.7647,0,38.38,12.9999,0,17,0,4.0001,0,0,0.2353,0,Khánh Hòa,NTB,AM Duy
NTB - Khánh Hòa,(KHO) Tây Nha Trang,Hàng Tồn,2026-07-02 - Thứ 5,19,1,0.9474,0,38.5,18.0006,0,19,0,0.9994,0,0,0.0526,0,Khánh Hòa,NTB,AM Duy
NTB - Khánh Hòa,(KHO) Tây Nha Trang,Hàng Tồn,2026-06-21 - Chủ Nhật,22,0.9091,0.5909,0.0455,41.69,12.9998,1.001,20.0002,1.001,7.9992,1.9998,0.0909,0.3636,0,Khánh Hòa,NTB,AM Duy
NTB - Khánh Hòa,(KHO) Tây Nha Trang,Hàng Tồn,2026-06-20 - Thứ 7,25,1,0.56,0,43.71,14,0,25,0,11,0,0,0.44,0,Khánh Hòa,NTB,AM Duy
NTB - Khánh Hòa,(KHO) Tu Bông,Hàng Mới Ca 1,2026-06-30 - Thứ 3,10,1,0.6,0,7.33,6,0,10,0,4,0,0,0.4,10,Khánh Hòa,NTB,AM Công
NTB - Khánh Hòa,(KHO) Tu Bông,Hàng Mới Ca 1,2026-07-14 - Thứ 3,10,1,1,0,5,10,0,10,0,0,0,0,0,10,Khánh Hòa,NTB,AM Công
NTB - Khánh Hòa,(KHO) Tu Bông,Hàng Mới Ca 1,2026-06-29 - Thứ 2,16,1,0.8125,0.0625,4,13,1,16,1,2,0,0,0.125,16,Khánh Hòa,NTB,AM Công
NTB - Khánh Hòa,(KHO) Tu Bông,Hàng Mới Ca 1,2026-07-03 - Thứ 6,16,1,1,0,5.63,16,0,16,0,0,0,0,0,16,Khánh Hòa,NTB,AM Công
NTB - Khánh Hòa,(KHO) Tu Bông,Hàng Mới Ca 1,2026-07-13 - Thứ 2,17,1,0.7647,0,5.38,12.9999,0,17,0,4.0001,0,0,0.2353,17,Khánh Hòa,NTB,AM Công
NTB - Khánh Hòa,(KHO) Tu Bông,Hàng Mới Ca 1,2026-06-25 - Thứ 5,17,1,1,0,4.76,17,0,17,0,0,0,0,0,17,Khánh Hòa,NTB,AM Công
NTB - Khánh Hòa,(KHO) Tu Bông,Hàng Mới Ca 1,2026-07-02 - Thứ 5,18,1,1,0,3.83,18,0,18,0,0,0,0,0,18,Khánh Hòa,NTB,AM Công
NTB - Khánh Hòa,(KHO) Tu Bông,Hàng Mới Ca 1,2026-07-16 - Thứ 5,19,1,0.8947,0,5.47,16.9993,0,19,0,2.0007,0,0,0.1053,19,Khánh Hòa,NTB,AM Công
NTB - Khánh Hòa,(KHO) Tu Bông,Hàng Mới Ca 1,2026-07-11 - Thứ 7,20,1,0.95,0,5.68,19,0,20,0,1,0,0,0.05,20,Khánh Hòa,NTB,AM Công
NTB - Khánh Hòa,(KHO) Tu Bông,Hàng Mới Ca 1,2026-07-12 - Chủ Nhật,20,1,0.9,0,4,18,0,20,0,2,0,0,0.1,20,Khánh Hòa,NTB,AM Công
NTB - Khánh Hòa,(KHO) Tu Bông,Hàng Mới Ca 1,2026-06-23 - Thứ 3,20,1,0.95,0.05,4.95,19,1,20,1,0,0,0,0,20,Khánh Hòa,NTB,AM Công
NTB - Khánh Hòa,(KHO) Tu Bông,Hàng Mới Ca 1,2026-07-06 - Thứ 2,22,1,0.9091,0,7.05,20.0002,0,22,0,1.9998,0,0,0.0909,22,Khánh Hòa,NTB,AM Công
NTB - Khánh Hòa,(KHO) Tu Bông,Hàng Mới Ca 1,2026-07-05 - Chủ Nhật,25,1,0.64,0.04,6.13,16,1,25,1,8,0,0,0.32,25,Khánh Hòa,NTB,AM Công
NTB - Khánh Hòa,(KHO) Tu Bông,Hàng Mới Ca 1,2026-06-24 - Thứ 4,26,1,1,0,6.19,26,0,26,0,0,0,0,0,26,Khánh Hòa,NTB,AM Công
NTB - Khánh Hòa,(KHO) Tu Bông,Hàng Mới Ca 1,2026-07-04 - Thứ 7,26,1,0.9231,0,5.25,24.0006,0,26,0,1.9994,0,0,0.0769,26,Khánh Hòa,NTB,AM Công
NTB - Khánh Hòa,(KHO) Tu Bông,Hàng Mới Ca 1,2026-06-28 - Chủ Nhật,26,1,0.8077,0,7.71,21.0002,0,26,0,4.9998,0,0,0.1923,26,Khánh Hòa,NTB,AM Công
NTB - Khánh Hòa,(KHO) Tu Bông,Hàng Mới Ca 1,2026-07-17 - Thứ 6,27,1,0.8148,0,5.45,21.9996,0,27,0,5.0004,0,0,0.1852,27,Khánh Hòa,NTB,AM Công
NTB - Khánh Hòa,(KHO) Tu Bông,Hàng Mới Ca 1,2026-07-07 - Thứ 3,27,1,1,0,6.63,27,0,27,0,0,0,0,0,27,Khánh Hòa,NTB,AM Công
NTB - Khánh Hòa,(KHO) Tu Bông,Hàng Mới Ca 1,2026-07-10 - Thứ 6,27,1,0.8148,0,5.45,21.9996,0,27,0,5.0004,0,0,0.1852,27,Khánh Hòa,NTB,AM Công
NTB - Khánh Hòa,(KHO) Tu Bông,Hàng Mới Ca 1,2026-06-20 - Thứ 7,28,1,0.5714,0,5.06,15.9992,0,28,0,12.0008,0,0,0.4286,28,Khánh Hòa,NTB,AM Công
NTB - Khánh Hòa,(KHO) Tu Bông,Hàng Mới Ca 1,2026-07-01 - Thứ 4,29,1,0.7586,0.069,6.18,21.9994,2.001,29,2.001,4.9996,0,0,0.1724,29,Khánh Hòa,NTB,AM Công
NTB - Khánh Hòa,(KHO) Tu Bông,Hàng Mới Ca 1,2026-07-08 - Thứ 4,30,1,0.8667,0,4.88,26.001,0,30,0,3.999,0,0,0.1333,30,Khánh Hòa,NTB,AM Công
NTB - Khánh Hòa,(KHO) Tu Bông,Hàng Mới Ca 1,2026-06-22 - Thứ 2,31,1,0.7419,0,7.22,22.9989,0,31,0,8.0011,0,0,0.2581,31,Khánh Hòa,NTB,AM Công
NTB - Khánh Hòa,(KHO) Tu Bông,Hàng Mới Ca 1,2026-07-15 - Thứ 4,32,1,0.8125,0.0625,5.19,26,2,32,2,4,0,0,0.125,32,Khánh Hòa,NTB,AM Công
NTB - Khánh Hòa,(KHO) Tu Bông,Hàng Mới Ca 1,2026-07-09 - Thứ 5,33,1,0.7576,0,6.16,25.0008,0,33,0,7.9992,0,0,0.2424,33,Khánh Hòa,NTB,AM Công
NTB - Khánh Hòa,(KHO) Tu Bông,Hàng Mới Ca 1,2026-06-27 - Thứ 7,37,0.973,0.7027,0.027,7.38,25.9999,0.999,36.001,0.999,10.0011,0.999,0.027,0.2703,37,Khánh Hòa,NTB,AM Công
NTB - Khánh Hòa,(KHO) Tu Bông,Hàng Mới Ca 2,2026-07-03 - Thứ 6,8,0.75,0.75,0,1.5,6,0,6,0,2,2,0.25,0.25,8,Khánh Hòa,NTB,AM Công
NTB - Khánh Hòa,(KHO) Tu Bông,Hàng Mới Ca 2,2026-07-13 - Thứ 2,8,0.875,0.375,0,2.33,3,0,7,0,5,1,0.125,0.625,8,Khánh Hòa,NTB,AM Công
NTB - Khánh Hòa,(KHO) Tu Bông,Hàng Mới Ca 2,2026-06-22 - Thứ 2,8,1,0.75,0,2.17,6,0,8,0,2,0,0,0.25,8,Khánh Hòa,NTB,AM Công
NTB - Khánh Hòa,(KHO) Tu Bông,Hàng Mới Ca 2,2026-07-15 - Thứ 4,8,0.875,0.875,0,0.71,7,0,7,0,1,1,0.125,0.125,8,Khánh Hòa,NTB,AM Công
NTB - Khánh Hòa,(KHO) Tu Bông,Hàng Mới Ca 2,2026-07-11 - Thứ 7,9,1,0.6667,0,2.5,6.0003,0,9,0,2.9997,0,0,0.3333,9,Khánh Hòa,NTB,AM Công
NTB - Khánh Hòa,(KHO) Tu Bông,Hàng Mới Ca 2,2026-06-29 - Thứ 2,10,0.9,0.8,0,1.5,8,0,9,0,2,1,0.1,0.2,10,Khánh Hòa,NTB,AM Công
NTB - Khánh Hòa,(KHO) Tu Bông,Hàng Mới Ca 2,2026-07-17 - Thứ 6,11,0.7273,0.5455,0,1.83,6.0005,0,8.0003,0,4.9995,2.9997,0.2727,0.4545,11,Khánh Hòa,NTB,AM Công
NTB - Khánh Hòa,(KHO) Tu Bông,Hàng Mới Ca 2,2026-06-25 - Thứ 5,11,0.9091,0.5455,0.0909,2.67,6.0005,0.9999,10.0001,0.9999,3.9996,0.9999,0.0909,0.3636,11,Khánh Hòa,NTB,AM Công
NTB - Khánh Hòa,(KHO) Tu Bông,Hàng Mới Ca 2,2026-07-05 - Chủ Nhật,13,0.8462,0.6154,0,2.38,8.0002,0,11.0006,0,4.9998,1.9994,0.1538,0.3846,13,Khánh Hòa,NTB,AM Công
NTB - Khánh Hòa,(KHO) Tu Bông,Hàng Mới Ca 2,2026-06-28 - Chủ Nhật,14,0.8571,0.8571,0,2.33,11.9994,0,11.9994,0,2.0006,2.0006,0.1429,0.1429,14,Khánh Hòa,NTB,AM Công
NTB - Khánh Hòa,(KHO) Tu Bông,Hàng Mới Ca 2,2026-07-02 - Thứ 5,16,0.875,0.5625,0,2.67,9,0,14,0,7,2,0.125,0.4375,16,Khánh Hòa,NTB,AM Công
NTB - Khánh Hòa,(KHO) Tu Bông,Hàng Mới Ca 2,2026-06-30 - Thứ 3,16,1,0.8125,0,1.69,13,0,16,0,3,0,0,0.1875,16,Khánh Hòa,NTB,AM Công
NTB - Khánh Hòa,(KHO) Tu Bông,Hàng Mới Ca 2,2026-06-20 - Thứ 7,17,0.8824,0.5294,0,3.67,8.9998,0,15.0008,0,8.0002,1.9992,0.1176,0.4706,17,Khánh Hòa,NTB,AM Công
NTB - Khánh Hòa,(KHO) Tu Bông,Hàng Mới Ca 2,2026-06-27 - Thứ 7,17,0.9412,0.6471,0,2.64,11.0007,0,16.0004,0,5.9993,0.9996,0.0588,0.3529,17,Khánh Hòa,NTB,AM Công
NTB - Khánh Hòa,(KHO) Tu Bông,Hàng Mới Ca 2,2026-07-14 - Thứ 3,17,0.8824,0.7647,0,2.08,12.9999,0,15.0008,0,4.0001,1.9992,0.1176,0.2353,17,Khánh Hòa,NTB,AM Công
NTB - Khánh Hòa,(KHO) Tu Bông,Hàng Mới Ca 2,2026-07-01 - Thứ 4,17,0.8824,0.2353,0,3.75,4.0001,0,15.0008,0,12.9999,1.9992,0.1176,0.7647,17,Khánh Hòa,NTB,AM Công
NTB - Khánh Hòa,(KHO) Tu Bông,Hàng Mới Ca 2,2026-06-26 - Thứ 6,18,1,0.8333,0,2.27,14.9994,0,18,0,3.0006,0,0,0.1667,18,Khánh Hòa,NTB,AM Công
NTB - Khánh Hòa,(KHO) Tu Bông,Hàng Mới Ca 2,2026-07-10 - Thứ 6,18,1,0.6667,0,2.67,12.0006,0,18,0,5.9994,0,0,0.3333,18,Khánh Hòa,NTB,AM Công
NTB - Khánh Hòa,(KHO) Tu Bông,Hàng Mới Ca 2,2026-06-24 - Thứ 4,19,0.9474,0.8421,0,3.19,15.9999,0,18.0006,0,3.0001,0.9994,0.0526,0.1579,19,Khánh Hòa,NTB,AM Công
NTB - Khánh Hòa,(KHO) Tu Bông,Hàng Mới Ca 2,2026-07-16 - Thứ 5,21,1,0.7619,0,2.5,15.9999,0,21,0,5.0001,0,0,0.2381,21,Khánh Hòa,NTB,AM Công
NTB - Khánh Hòa,(KHO) Tu Bông,Hàng Mới Ca 2,2026-07-04 - Thứ 7,22,0.9091,0.6364,0,2.86,14.0008,0,20.0002,0,7.9992,1.9998,0.0909,0.3636,22,Khánh Hòa,NTB,AM Công
NTB - Khánh Hòa,(KHO) Tu Bông,Hàng Mới Ca 2,2026-07-07 - Thứ 3,22,0.8636,0.7273,0,1.5,16.0006,0,18.9992,0,5.9994,3.0008,0.1364,0.2727,22,Khánh Hòa,NTB,AM Công
NTB - Khánh Hòa,(KHO) Tu Bông,Hàng Mới Ca 2,2026-06-23 - Thứ 3,24,0.9583,0.875,0,3.05,21,0,22.9992,0,3,1.0008,0.0417,0.125,24,Khánh Hòa,NTB,AM Công
NTB - Khánh Hòa,(KHO) Tu Bông,Hàng Mới Ca 2,2026-07-12 - Chủ Nhật,25,0.92,0.76,0,1.89,19,0,23,0,6,2,0.08,0.24,25,Khánh Hòa,NTB,AM Công
NTB - Khánh Hòa,(KHO) Tu Bông,Hàng Mới Ca 2,2026-07-09 - Thứ 5,29,0.8966,0.6207,0,3.39,18.0003,0,26.0014,0,10.9997,2.9986,0.1034,0.3793,29,Khánh Hòa,NTB,AM Công
NTB - Khánh Hòa,(KHO) Tu Bông,Hàng Mới Ca 2,2026-07-08 - Thứ 4,30,0.9667,0.6,0,3.56,18,0,29.001,0,12,0.999,0.0333,0.4,30,Khánh Hòa,NTB,AM Công
NTB - Khánh Hòa,(KHO) Tu Bông,Hàng Mới Ca 2,2026-06-21 - Chủ Nhật,37,0.973,0.5135,0,3.47,18.9995,0,36.001,0,18.0005,0.999,0.027,0.4865,37,Khánh Hòa,NTB,AM Công
NTB - Khánh Hòa,(KHO) Tu Bông,Hàng Tồn,2026-07-07 - Thứ 3,2,1,1,0,29,2,0,2,0,0,0,0,0,0,Khánh Hòa,NTB,AM Công
NTB - Khánh Hòa,(KHO) Tu Bông,Hàng Tồn,2026-06-24 - Thứ 4,3,1,1,0,20.67,3,0,3,0,0,0,0,0,0,Khánh Hòa,NTB,AM Công
NTB - Khánh Hòa,(KHO) Tu Bông,Hàng Tồn,2026-06-25 - Thứ 5,3,1,0.6667,0,21.5,2.0001,0,3,0,0.9999,0,0,0.3333,0,Khánh Hòa,NTB,AM Công
NTB - Khánh Hòa,(KHO) Tu Bông,Hàng Tồn,2026-07-04 - Thứ 7,3,1,0.6667,0,20,2.0001,0,3,0,0.9999,0,0,0.3333,0,Khánh Hòa,NTB,AM Công
NTB - Khánh Hòa,(KHO) Tu Bông,Hàng Tồn,2026-06-26 - Thứ 6,5,1,0.4,0,27,2,0,5,0,3,0,0,0.6,0,Khánh Hòa,NTB,AM Công
NTB - Khánh Hòa,(KHO) Tu Bông,Hàng Tồn,2026-06-27 - Thứ 7,5,1,0.4,0,37,2,0,5,0,3,0,0,0.6,0,Khánh Hòa,NTB,AM Công
NTB - Khánh Hòa,(KHO) Tu Bông,Hàng Tồn,2026-07-15 - Thứ 4,6,1,0.6667,0,30.5,4.0002,0,6,0,1.9998,0,0,0.3333,0,Khánh Hòa,NTB,AM Công
NTB - Khánh Hòa,(KHO) Tu Bông,Hàng Tồn,2026-07-12 - Chủ Nhật,6,1,0.6667,0,24.25,4.0002,0,6,0,1.9998,0,0,0.3333,0,Khánh Hòa,NTB,AM Công
NTB - Khánh Hòa,(KHO) Tu Bông,Hàng Tồn,2026-07-08 - Thứ 4,6,1,1,0,24.67,6,0,6,0,0,0,0,0,0,Khánh Hòa,NTB,AM Công
NTB - Khánh Hòa,(KHO) Tu Bông,Hàng Tồn,2026-07-01 - Thứ 4,7,1,0.5714,0,27.5,3.9998,0,7,0,3.0002,0,0,0.4286,0,Khánh Hòa,NTB,AM Công
NTB - Khánh Hòa,(KHO) Tu Bông,Hàng Tồn,2026-07-16 - Thứ 5,7,1,0.5714,0.1429,25.75,3.9998,1.0003,7,1.0003,1.9999,0,0,0.2857,0,Khánh Hòa,NTB,AM Công
NTB - Khánh Hòa,(KHO) Tu Bông,Hàng Tồn,2026-06-30 - Thứ 3,7,1,1,0,40.29,7,0,7,0,0,0,0,0,0,Khánh Hòa,NTB,AM Công
NTB - Khánh Hòa,(KHO) Tu Bông,Hàng Tồn,2026-07-03 - Thứ 6,8,1,0.75,0.125,23.5,6,1,8,1,1,0,0,0.125,0,Khánh Hòa,NTB,AM Công
NTB - Khánh Hòa,(KHO) Tu Bông,Hàng Tồn,2026-07-17 - Thứ 6,8,1,0.75,0.125,26.17,6,1,8,1,1,0,0,0.125,0,Khánh Hòa,NTB,AM Công
NTB - Khánh Hòa,(KHO) Tu Bông,Hàng Tồn,2026-07-13 - Thứ 2,9,1,0.6667,0,23.33,6.0003,0,9,0,2.9997,0,0,0.3333,0,Khánh Hòa,NTB,AM Công
NTB - Khánh Hòa,(KHO) Tu Bông,Hàng Tồn,2026-07-05 - Chủ Nhật,10,1,0.7,0.1,23.29,7,1,10,1,2,0,0,0.2,0,Khánh Hòa,NTB,AM Công
NTB - Khánh Hòa,(KHO) Tu Bông,Hàng Tồn,2026-06-29 - Thứ 2,11,1,0.7273,0,36.88,8.0003,0,11,0,2.9997,0,0,0.2727,0,Khánh Hòa,NTB,AM Công
NTB - Khánh Hòa,(KHO) Tu Bông,Hàng Tồn,2026-07-14 - Thứ 3,12,1,0.75,0,27,9,0,12,0,3,0,0,0.25,0,Khánh Hòa,NTB,AM Công
NTB - Khánh Hòa,(KHO) Tu Bông,Hàng Tồn,2026-06-20 - Thứ 7,12,1,0.75,0.0833,38.89,9,0.9996,12,0.9996,2.0004,0,0,0.1667,0,Khánh Hòa,NTB,AM Công
NTB - Khánh Hòa,(KHO) Tu Bông,Hàng Tồn,2026-07-11 - Thứ 7,13,1,0.8462,0,32.18,11.0006,0,13,0,1.9994,0,0,0.1538,0,Khánh Hòa,NTB,AM Công
NTB - Khánh Hòa,(KHO) Tu Bông,Hàng Tồn,2026-07-06 - Thứ 2,15,1,1,0,28.8,15,0,15,0,0,0,0,0,0,Khánh Hòa,NTB,AM Công
NTB - Khánh Hòa,(KHO) Tu Bông,Hàng Tồn,2026-07-09 - Thứ 5,16,1,0.75,0,24.91,12,0,16,0,4,0,0,0.25,0,Khánh Hòa,NTB,AM Công
NTB - Khánh Hòa,(KHO) Tu Bông,Hàng Tồn,2026-06-23 - Thứ 3,16,1,0.875,0.0625,35,14,1,16,1,1,0,0,0.0625,0,Khánh Hòa,NTB,AM Công
NTB - Khánh Hòa,(KHO) Tu Bông,Hàng Tồn,2026-06-28 - Chủ Nhật,17,1,0.7647,0,32.23,12.9999,0,17,0,4.0001,0,0,0.2353,0,Khánh Hòa,NTB,AM Công
NTB - Khánh Hòa,(KHO) Tu Bông,Hàng Tồn,2026-07-02 - Thứ 5,20,1,0.95,0.05,26.37,19,1,20,1,0,0,0,0,0,Khánh Hòa,NTB,AM Công
NTB - Khánh Hòa,(KHO) Tu Bông,Hàng Tồn,2026-06-22 - Thứ 2,20,1,0.65,0.05,30.62,13,1,20,1,6,0,0,0.3,0,Khánh Hòa,NTB,AM Công
NTB - Khánh Hòa,(KHO) Tu Bông,Hàng Tồn,2026-06-21 - Chủ Nhật,21,1,0.8095,0.0952,30.41,16.9995,1.9992,21,1.9992,2.0013,0,0,0.0953,0,Khánh Hòa,NTB,AM Công
NTB - Khánh Hòa,(KHO) Tu Bông,Hàng Tồn,2026-07-10 - Thứ 6,23,1,0.7826,0.087,26.06,17.9998,2.001,23,2.001,2.9992,0,0,0.1304,0,Khánh Hòa,NTB,AM Công
NTB - Khánh Hòa,(KHO) Ninh Hòa 2,Hàng Mới Ca 1,2026-06-21 - Chủ Nhật,58,1,0.8793,0,7.35,50.9994,0,58,0,7.0006,0,0,0.1207,58,Khánh Hòa,NTB,AM Công
NTB - Khánh Hòa,(KHO) Ninh Hòa 2,Hàng Mới Ca 1,2026-07-11 - Thứ 7,112,0.9821,0.6429,0.0179,9.96,72.0048,2.0048,109.9952,2.0048,37.9904,2.0048,0.0179,0.3392,112,Khánh Hòa,NTB,AM Công
NTB - Khánh Hòa,(KHO) Ninh Hòa 2,Hàng Mới Ca 1,2026-07-09 - Thứ 5,127,1,0.811,0.0157,12.09,102.997,1.9939,127,1.9939,22.0091,0,0,0.1733,127,Khánh Hòa,NTB,AM Công
NTB - Khánh Hòa,(KHO) Ninh Hòa 2,Hàng Mới Ca 1,2026-06-25 - Thứ 5,104,1,0.6827,0.0192,14.63,71.0008,1.9968,104,1.9968,31.0024,0,0,0.2981,104,Khánh Hòa,NTB,AM Công
NTB - Khánh Hòa,(KHO) Ninh Hòa 2,Hàng Mới Ca 1,2026-07-02 - Thứ 5,69,1,0.7826,0,12.02,53.9994,0,69,0,15.0006,0,0,0.2174,69,Khánh Hòa,NTB,AM Công
NTB - Khánh Hòa,(KHO) Ninh Hòa 2,Hàng Mới Ca 1,2026-06-23 - Thứ 3,77,1,0.7792,0.039,7.88,59.9984,3.003,77,3.003,13.9986,0,0,0.1818,77,Khánh Hòa,NTB,AM Công
NTB - Khánh Hòa,(KHO) Ninh Hòa 2,Hàng Mới Ca 1,2026-07-10 - Thứ 6,97,1,0.8144,0.0206,14.96,78.9968,1.9982,97,1.9982,16.005,0,0,0.165,97,Khánh Hòa,NTB,AM Công
NTB - Khánh Hòa,(KHO) Ninh Hòa 2,Hàng Mới Ca 1,2026-06-20 - Thứ 7,81,1,0.8395,0.0123,14.9,67.9995,0.9963,81,0.9963,12.0042,0,0,0.1482,81,Khánh Hòa,NTB,AM Công
NTB - Khánh Hòa,(KHO) Ninh Hòa 2,Hàng Mới Ca 1,2026-06-27 - Thứ 7,80,1,0.7875,0.025,9.08,63,2,80,2,15,0,0,0.1875,80,Khánh Hòa,NTB,AM Công
NTB - Khánh Hòa,(KHO) Ninh Hòa 2,Hàng Mới Ca 1,2026-07-05 - Chủ Nhật,87,1,0.7471,0,7.82,64.9977,0,87,0,22.0023,0,0,0.2529,87,Khánh Hòa,NTB,AM Công
NTB - Khánh Hòa,(KHO) Ninh Hòa 2,Hàng Mới Ca 1,2026-06-26 - Thứ 6,79,1,0.7722,0.0127,9.49,61.0038,1.0033,79,1.0033,16.9929,0,0,0.2151,79,Khánh Hòa,NTB,AM Công
NTB - Khánh Hòa,(KHO) Ninh Hòa 2,Hàng Mới Ca 1,2026-06-24 - Thứ 4,79,1,0.8228,0.0253,9.05,65.0012,1.9987,79,1.9987,12.0001,0,0,0.1519,79,Khánh Hòa,NTB,AM Công
NTB - Khánh Hòa,(KHO) Ninh Hòa 2,Hàng Mới Ca 1,2026-07-01 - Thứ 4,86,1,0.9419,0.0116,10.28,81.0034,0.9976,86,0.9976,3.999,0,0,0.0465,86,Khánh Hòa,NTB,AM Công
NTB - Khánh Hòa,(KHO) Ninh Hòa 2,Hàng Mới Ca 1,2026-06-28 - Chủ Nhật,56,1,0.7143,0,9.38,40.0008,0,56,0,15.9992,0,0,0.2857,56,Khánh Hòa,NTB,AM Công
NTB - Khánh Hòa,(KHO) Ninh Hòa 2,Hàng Mới Ca 1,2026-07-08 - Thứ 4,59,1,0.7966,0,9,46.9994,0,59,0,12.0006,0,0,0.2034,59,Khánh Hòa,NTB,AM Công
NTB - Khánh Hòa,(KHO) Ninh Hòa 2,Hàng Mới Ca 1,2026-06-29 - Thứ 2,16,1,0.6875,0,5.36,11,0,16,0,5,0,0,0.3125,16,Khánh Hòa,NTB,AM Công
NTB - Khánh Hòa,(KHO) Ninh Hòa 2,Hàng Mới Ca 1,2026-07-07 - Thứ 3,25,1,0.88,0.08,5.14,22,2,25,2,1,0,0,0.04,25,Khánh Hòa,NTB,AM Công
NTB - Khánh Hòa,(KHO) Ninh Hòa 2,Hàng Mới Ca 1,2026-07-04 - Thứ 7,27,1,0.9259,0,6.68,24.9993,0,27,0,2.0007,0,0,0.0741,27,Khánh Hòa,NTB,AM Công
NTB - Khánh Hòa,(KHO) Ninh Hòa 2,Hàng Mới Ca 1,2026-07-14 - Thứ 3,31,1,0.9032,0,5.32,27.9992,0,31,0,3.0008,0,0,0.0968,31,Khánh Hòa,NTB,AM Công
NTB - Khánh Hòa,(KHO) Ninh Hòa 2,Hàng Mới Ca 1,2026-07-06 - Thứ 2,34,1,0.6471,0.0294,9,22.0014,0.9996,34,0.9996,10.999,0,0,0.3235,34,Khánh Hòa,NTB,AM Công
NTB - Khánh Hòa,(KHO) Ninh Hòa 2,Hàng Mới Ca 1,2026-07-13 - Thứ 2,43,1,0.7907,0.0233,9.32,34.0001,1.0019,43,1.0019,7.998,0,0,0.186,43,Khánh Hòa,NTB,AM Công
NTB - Khánh Hòa,(KHO) Ninh Hòa 2,Hàng Mới Ca 1,2026-07-17 - Thứ 6,48,1,0.8958,0.0417,7.65,42.9984,2.0016,48,2.0016,3,0,0,0.0625,48,Khánh Hòa,NTB,AM Công
NTB - Khánh Hòa,(KHO) Ninh Hòa 2,Hàng Mới Ca 1,2026-07-03 - Thứ 6,49,1,0.898,0,8.11,44.002,0,49,0,4.998,0,0,0.102,49,Khánh Hòa,NTB,AM Công
NTB - Khánh Hòa,(KHO) Ninh Hòa 2,Hàng Mới Ca 1,2026-06-22 - Thứ 2,49,1,0.7551,0.0204,7.86,36.9999,0.9996,49,0.9996,11.0005,0,0,0.2245,49,Khánh Hòa,NTB,AM Công
NTB - Khánh Hòa,(KHO) Ninh Hòa 2,Hàng Mới Ca 1,2026-07-15 - Thứ 4,51,1,0.8431,0,7.81,42.9981,0,51,0,8.0019,0,0,0.1569,51,Khánh Hòa,NTB,AM Công
NTB - Khánh Hòa,(KHO) Ninh Hòa 2,Hàng Mới Ca 1,2026-07-16 - Thứ 5,55,1,0.6909,0,7.11,37.9995,0,55,0,17.0005,0,0,0.3091,55,Khánh Hòa,NTB,AM Công
NTB - Khánh Hòa,(KHO) Ninh Hòa 2,Hàng Mới Ca 1,2026-07-12 - Chủ Nhật,55,1,0.8364,0.0182,7.28,46.002,1.001,55,1.001,7.997,0,0,0.1454,55,Khánh Hòa,NTB,AM Công
NTB - Khánh Hòa,(KHO) Ninh Hòa 2,Hàng Mới Ca 1,2026-06-30 - Thứ 3,57,1,0.8772,0,14.68,50.0004,0,57,0,6.9996,0,0,0.1228,57,Khánh Hòa,NTB,AM Công
NTB - Khánh Hòa,(KHO) Ninh Hòa 2,Hàng Mới Ca 2,2026-07-01 - Thứ 4,1,1,1,0,4,1,0,1,0,0,0,0,0,1,Khánh Hòa,NTB,AM Công
NTB - Khánh Hòa,(KHO) Ninh Hòa 2,Hàng Mới Ca 2,2026-07-04 - Thứ 7,2,1,1,0,2.5,2,0,2,0,0,0,0,0,2,Khánh Hòa,NTB,AM Công
NTB - Khánh Hòa,(KHO) Ninh Hòa 2,Hàng Mới Ca 2,2026-06-24 - Thứ 4,5,1,0.6,0,5,3,0,5,0,2,0,0,0.4,5,Khánh Hòa,NTB,AM Công
NTB - Khánh Hòa,(KHO) Ninh Hòa 2,Hàng Mới Ca 2,2026-07-08 - Thứ 4,7,1,1,0,4.57,7,0,7,0,0,0,0,0,7,Khánh Hòa,NTB,AM Công
NTB - Khánh Hòa,(KHO) Ninh Hòa 2,Hàng Mới Ca 2,2026-07-13 - Thứ 2,12,0.9167,0.6667,0,5.38,8.0004,0,11.0004,0,3.9996,0.9996,0.0833,0.3333,12,Khánh Hòa,NTB,AM Công
NTB - Khánh Hòa,(KHO) Ninh Hòa 2,Hàng Mới Ca 2,2026-07-05 - Chủ Nhật,13,1,0.7692,0,3.8,9.9996,0,13,0,3.0004,0,0,0.2308,13,Khánh Hòa,NTB,AM Công
NTB - Khánh Hòa,(KHO) Ninh Hòa 2,Hàng Mới Ca 2,2026-07-15 - Thứ 4,14,0.7857,0.6429,0.0714,3,9.0006,0.9996,10.9998,0.9996,3.9998,3.0002,0.2143,0.2857,14,Khánh Hòa,NTB,AM Công
NTB - Khánh Hòa,(KHO) Ninh Hòa 2,Hàng Mới Ca 2,2026-06-30 - Thứ 3,17,0.8235,0.6471,0,5.45,11.0007,0,13.9995,0,5.9993,3.0005,0.1765,0.3529,17,Khánh Hòa,NTB,AM Công
NTB - Khánh Hòa,(KHO) Ninh Hòa 2,Hàng Mới Ca 2,2026-07-09 - Thứ 5,18,0.8333,0.6667,0,3.58,12.0006,0,14.9994,0,5.9994,3.0006,0.1667,0.3333,18,Khánh Hòa,NTB,AM Công
NTB - Khánh Hòa,(KHO) Ninh Hòa 2,Hàng Mới Ca 2,2026-06-28 - Chủ Nhật,21,0.9048,0.7619,0.0952,3.88,15.9999,1.9992,19.0008,1.9992,3.0009,1.9992,0.0952,0.1429,21,Khánh Hòa,NTB,AM Công
NTB - Khánh Hòa,(KHO) Ninh Hòa 2,Hàng Mới Ca 2,2026-07-14 - Thứ 3,23,0.8696,0.7391,0,3.12,16.9993,0,20.0008,0,6.0007,2.9992,0.1304,0.2609,23,Khánh Hòa,NTB,AM Công
NTB - Khánh Hòa,(KHO) Ninh Hòa 2,Hàng Mới Ca 2,2026-07-02 - Thứ 5,24,0.9167,0.75,0.0417,4.44,18,1.0008,22.0008,1.0008,4.9992,1.9992,0.0833,0.2083,24,Khánh Hòa,NTB,AM Công
NTB - Khánh Hòa,(KHO) Ninh Hòa 2,Hàng Mới Ca 2,2026-07-07 - Thứ 3,25,0.8,0.6,0,3.33,15,0,20,0,10,5,0.2,0.4,25,Khánh Hòa,NTB,AM Công
NTB - Khánh Hòa,(KHO) Ninh Hòa 2,Hàng Mới Ca 2,2026-06-20 - Thứ 7,25,0.84,0.6,0.04,4.93,15,1,21,1,9,4,0.16,0.36,25,Khánh Hòa,NTB,AM Công
NTB - Khánh Hòa,(KHO) Ninh Hòa 2,Hàng Mới Ca 2,2026-06-27 - Thứ 7,25,0.96,0.84,0,4,21,0,24,0,4,1,0.04,0.16,25,Khánh Hòa,NTB,AM Công
NTB - Khánh Hòa,(KHO) Ninh Hòa 2,Hàng Mới Ca 2,2026-07-16 - Thứ 5,25,0.64,0.44,0,3.18,11,0,16,0,14,9,0.36,0.56,25,Khánh Hòa,NTB,AM Công
NTB - Khánh Hòa,(KHO) Ninh Hòa 2,Hàng Mới Ca 2,2026-06-26 - Thứ 6,26,0.8846,0.7308,0.0385,4.21,19.0008,1.001,22.9996,1.001,5.9982,3.0004,0.1154,0.2307,26,Khánh Hòa,NTB,AM Công
NTB - Khánh Hòa,(KHO) Ninh Hòa 2,Hàng Mới Ca 2,2026-06-22 - Thứ 2,27,0.8889,0.7037,0.037,3.84,18.9999,0.999,24.0003,0.999,7.0011,2.9997,0.1111,0.2593,27,Khánh Hòa,NTB,AM Công
NTB - Khánh Hòa,(KHO) Ninh Hòa 2,Hàng Mới Ca 2,2026-07-03 - Thứ 6,29,0.931,0.7241,0.069,4,20.9989,2.001,26.999,2.001,6.0001,2.001,0.069,0.2069,29,Khánh Hòa,NTB,AM Công
NTB - Khánh Hòa,(KHO) Ninh Hòa 2,Hàng Mới Ca 2,2026-07-06 - Thứ 2,30,0.9,0.7,0.0333,4.14,21,0.999,27,0.999,8.001,3,0.1,0.2667,30,Khánh Hòa,NTB,AM Công
NTB - Khánh Hòa,(KHO) Ninh Hòa 2,Hàng Mới Ca 2,2026-06-29 - Thứ 2,30,0.6667,0.6,0,3.39,18,0,20.001,0,12,9.999,0.3333,0.4,30,Khánh Hòa,NTB,AM Công
NTB - Khánh Hòa,(KHO) Ninh Hòa 2,Hàng Mới Ca 2,2026-06-25 - Thứ 5,31,0.9677,0.6774,0.0323,5.67,20.9994,1.0013,29.9987,1.0013,8.9993,1.0013,0.0323,0.2903,31,Khánh Hòa,NTB,AM Công
NTB - Khánh Hòa,(KHO) Ninh Hòa 2,Hàng Mới Ca 2,2026-07-17 - Thứ 6,32,0.7188,0.625,0,3.6,20,0,23.0016,0,12,8.9984,0.2812,0.375,32,Khánh Hòa,NTB,AM Công
NTB - Khánh Hòa,(KHO) Ninh Hòa 2,Hàng Mới Ca 2,2026-06-23 - Thứ 3,32,0.9375,0.7188,0,2.7,23.0016,0,30,0,8.9984,2,0.0625,0.2812,32,Khánh Hòa,NTB,AM Công
NTB - Khánh Hòa,(KHO) Ninh Hòa 2,Hàng Mới Ca 2,2026-07-11 - Thứ 7,33,0.9091,0.8788,0,4.21,29.0004,0,30.0003,0,3.9996,2.9997,0.0909,0.1212,33,Khánh Hòa,NTB,AM Công
NTB - Khánh Hòa,(KHO) Ninh Hòa 2,Hàng Mới Ca 2,2026-07-12 - Chủ Nhật,33,0.697,0.5455,0.0606,3.22,18.0015,1.9998,23.001,1.9998,12.9987,9.999,0.303,0.3939,33,Khánh Hòa,NTB,AM Công
NTB - Khánh Hòa,(KHO) Ninh Hòa 2,Hàng Mới Ca 2,2026-06-21 - Chủ Nhật,45,0.9111,0.7778,0.0222,3.71,35.001,0.999,40.9995,0.999,9,4.0005,0.0889,0.2,45,Khánh Hòa,NTB,AM Công
NTB - Khánh Hòa,(KHO) Ninh Hòa 2,Hàng Tồn,2026-06-26 - Thứ 6,56,0.9643,0.6607,0,44.24,36.9992,0,54.0008,0,19.0008,1.9992,0.0357,0.3393,0,Khánh Hòa,NTB,AM Công
NTB - Khánh Hòa,(KHO) Ninh Hòa 2,Hàng Tồn,2026-07-05 - Chủ Nhật,7,1,0.4286,0.1429,44,3.0002,1.0003,7,1.0003,2.9995,0,0,0.4285,0,Khánh Hòa,NTB,AM Công
NTB - Khánh Hòa,(KHO) Ninh Hòa 2,Hàng Tồn,2026-07-02 - Thứ 5,10,0.9,0.7,0.1,45.14,7,1,9,1,2,1,0.1,0.2,0,Khánh Hòa,NTB,AM Công
NTB - Khánh Hòa,(KHO) Ninh Hòa 2,Hàng Tồn,2026-07-09 - Thứ 5,13,1,0.6923,0,30.22,8.9999,0,13,0,4.0001,0,0,0.3077,0,Khánh Hòa,NTB,AM Công
NTB - Khánh Hòa,(KHO) Ninh Hòa 2,Hàng Tồn,2026-07-15 - Thứ 4,14,1,0.7857,0,34.73,10.9998,0,14,0,3.0002,0,0,0.2143,0,Khánh Hòa,NTB,AM Công
NTB - Khánh Hòa,(KHO) Ninh Hòa 2,Hàng Tồn,2026-07-08 - Thứ 4,15,1,0.6667,0.1333,28.4,10.0005,1.9995,15,1.9995,3,0,0,0.2,0,Khánh Hòa,NTB,AM Công
NTB - Khánh Hòa,(KHO) Ninh Hòa 2,Hàng Tồn,2026-07-16 - Thứ 5,17,0.9412,0.4706,0.1176,38.63,8.0002,1.9992,16.0004,1.9992,7.0006,0.9996,0.0588,0.4118,0,Khánh Hòa,NTB,AM Công
NTB - Khánh Hòa,(KHO) Ninh Hòa 2,Hàng Tồn,2026-07-14 - Thứ 3,18,1,0.5,0.1111,33,9,1.9998,18,1.9998,7.0002,0,0,0.3889,0,Khánh Hòa,NTB,AM Công
NTB - Khánh Hòa,(KHO) Ninh Hòa 2,Hàng Tồn,2026-07-04 - Thứ 7,19,1,0.6316,0,40.83,12.0004,0,19,0,6.9996,0,0,0.3684,0,Khánh Hòa,NTB,AM Công
NTB - Khánh Hòa,(KHO) Ninh Hòa 2,Hàng Tồn,2026-06-22 - Thứ 2,21,1,0.6667,0,39.14,14.0007,0,21,0,6.9993,0,0,0.3333,0,Khánh Hòa,NTB,AM Công
NTB - Khánh Hòa,(KHO) Ninh Hòa 2,Hàng Tồn,2026-07-11 - Thứ 7,21,1,0.5238,0.0476,38.27,10.9998,0.9996,21,0.9996,9.0006,0,0,0.4286,0,Khánh Hòa,NTB,AM Công
NTB - Khánh Hòa,(KHO) Ninh Hòa 2,Hàng Tồn,2026-07-03 - Thứ 6,22,1,0.5909,0.0455,40.31,12.9998,1.001,22,1.001,7.9992,0,0,0.3636,0,Khánh Hòa,NTB,AM Công
NTB - Khánh Hòa,(KHO) Ninh Hòa 2,Hàng Tồn,2026-07-07 - Thứ 3,23,1,0.7826,0.0435,31.94,17.9998,1.0005,23,1.0005,3.9997,0,0,0.1739,0,Khánh Hòa,NTB,AM Công
NTB - Khánh Hòa,(KHO) Ninh Hòa 2,Hàng Tồn,2026-06-23 - Thứ 3,23,1,0.5217,0.0435,28.5,11.9991,1.0005,23,1.0005,10.0004,0,0,0.4348,0,Khánh Hòa,NTB,AM Công
NTB - Khánh Hòa,(KHO) Ninh Hòa 2,Hàng Tồn,2026-06-29 - Thứ 2,24,1,0.5833,0.0417,34.5,13.9992,1.0008,24,1.0008,9,0,0,0.375,0,Khánh Hòa,NTB,AM Công
NTB - Khánh Hòa,(KHO) Ninh Hòa 2,Hàng Tồn,2026-07-01 - Thứ 4,25,1,0.64,0.08,38.81,16,2,25,2,7,0,0,0.28,0,Khánh Hòa,NTB,AM Công
NTB - Khánh Hòa,(KHO) Ninh Hòa 2,Hàng Tồn,2026-06-30 - Thứ 3,26,1,0.3846,0.0769,35.3,9.9996,1.9994,26,1.9994,14.001,0,0,0.5385,0,Khánh Hòa,NTB,AM Công
NTB - Khánh Hòa,(KHO) Ninh Hòa 2,Hàng Tồn,2026-07-06 - Thứ 2,28,1,0.8214,0.0357,30.78,22.9992,0.9996,28,0.9996,4.0012,0,0,0.1429,0,Khánh Hòa,NTB,AM Công
NTB - Khánh Hòa,(KHO) Ninh Hòa 2,Hàng Tồn,2026-06-28 - Chủ Nhật,29,1,0.6897,0.1034,33.7,20.0013,2.9986,29,2.9986,6.0001,0,0,0.2069,0,Khánh Hòa,NTB,AM Công
NTB - Khánh Hòa,(KHO) Ninh Hòa 2,Hàng Tồn,2026-06-25 - Thứ 5,29,1,0.3793,0.0345,52.73,10.9997,1.0005,29,1.0005,16.9998,0,0,0.5862,0,Khánh Hòa,NTB,AM Công
NTB - Khánh Hòa,(KHO) Ninh Hòa 2,Hàng Tồn,2026-07-13 - Thứ 2,30,1,0.7667,0.0333,38.78,23.001,0.999,30,0.999,6,0,0,0.2,0,Khánh Hòa,NTB,AM Công
NTB - Khánh Hòa,(KHO) Ninh Hòa 2,Hàng Tồn,2026-07-10 - Thứ 6,31,1,0.8065,0,31.72,25.0015,0,31,0,5.9985,0,0,0.1935,0,Khánh Hòa,NTB,AM Công
NTB - Khánh Hòa,(KHO) Ninh Hòa 2,Hàng Tồn,2026-06-24 - Thứ 4,32,1,0.5,0,45.5,16,0,32,0,16,0,0,0.5,0,Khánh Hòa,NTB,AM Công
NTB - Khánh Hòa,(KHO) Ninh Hòa 2,Hàng Tồn,2026-06-21 - Chủ Nhật,33,0.9697,0.8485,0.0303,44.61,28.0005,0.9999,32.0001,0.9999,3.9996,0.9999,0.0303,0.1212,0,Khánh Hòa,NTB,AM Công
NTB - Khánh Hòa,(KHO) Ninh Hòa 2,Hàng Tồn,2026-07-17 - Thứ 6,38,1,0.8158,0,34.55,31.0004,0,38,0,6.9996,0,0,0.1842,0,Khánh Hòa,NTB,AM Công
NTB - Khánh Hòa,(KHO) Ninh Hòa 2,Hàng Tồn,2026-07-12 - Chủ Nhật,38,0.9737,0.7105,0.0526,36.44,26.999,1.9988,37.0006,1.9988,9.0022,0.9994,0.0263,0.2369,0,Khánh Hòa,NTB,AM Công
NTB - Khánh Hòa,(KHO) Ninh Hòa 2,Hàng Tồn,2026-06-20 - Thứ 7,42,1,0.6429,0.0238,44.07,27.0018,0.9996,42,0.9996,13.9986,0,0,0.3333,0,Khánh Hòa,NTB,AM Công
NTB - Khánh Hòa,(KHO) Ninh Hòa 2,Hàng Tồn,2026-06-27 - Thứ 7,42,1,0.6429,0.0476,48.07,27.0018,1.9992,42,1.9992,12.999,0,0,0.3095,0,Khánh Hòa,NTB,AM Công
NTB - Khánh Hòa,(KHO) Ninh Hòa 1,Hàng Mới Ca 1,2026-07-07 - Thứ 3,10,1,0.8,0,4.5,8,0,10,0,2,0,0,0.2,10,Khánh Hòa,NTB,AM Công
NTB - Khánh Hòa,(KHO) Ninh Hòa 1,Hàng Mới Ca 1,2026-07-12 - Chủ Nhật,12,1,1,0,5.25,12,0,12,0,0,0,0,0,12,Khánh Hòa,NTB,AM Công
NTB - Khánh Hòa,(KHO) Ninh Hòa 1,Hàng Mới Ca 1,2026-06-30 - Thứ 3,12,1,1,0,4.83,12,0,12,0,0,0,0,0,12,Khánh Hòa,NTB,AM Công
NTB - Khánh Hòa,(KHO) Ninh Hòa 1,Hàng Mới Ca 1,2026-07-06 - Thứ 2,12,1,0.8333,0,6.1,9.9996,0,12,0,2.0004,0,0,0.1667,12,Khánh Hòa,NTB,AM Công
NTB - Khánh Hòa,(KHO) Ninh Hòa 1,Hàng Mới Ca 1,2026-06-20 - Thứ 7,13,1,0.8462,0.0769,6.45,11.0006,0.9997,13,0.9997,0.9997,0,0,0.0769,13,Khánh Hòa,NTB,AM Công
NTB - Khánh Hòa,(KHO) Ninh Hòa 1,Hàng Mới Ca 1,2026-07-14 - Thứ 3,13,1,0.9231,0.0769,6.5,12.0003,0.9997,13,0.9997,0,0,0,0,13,Khánh Hòa,NTB,AM Công
NTB - Khánh Hòa,(KHO) Ninh Hòa 1,Hàng Mới Ca 1,2026-07-03 - Thứ 6,15,1,0.8667,0,7.31,13.0005,0,15,0,1.9995,0,0,0.1333,15,Khánh Hòa,NTB,AM Công
NTB - Khánh Hòa,(KHO) Ninh Hòa 1,Hàng Mới Ca 1,2026-06-25 - Thứ 5,15,1,0.8,0.2,6.92,12,3,15,3,0,0,0,0,15,Khánh Hòa,NTB,AM Công
NTB - Khánh Hòa,(KHO) Ninh Hòa 1,Hàng Mới Ca 1,2026-07-05 - Chủ Nhật,16,1,0.875,0.0625,6.29,14,1,16,1,1,0,0,0.0625,16,Khánh Hòa,NTB,AM Công
NTB - Khánh Hòa,(KHO) Ninh Hòa 1,Hàng Mới Ca 1,2026-07-02 - Thứ 5,16,1,0.9375,0,8.27,15,0,16,0,1,0,0,0.0625,16,Khánh Hòa,NTB,AM Công
NTB - Khánh Hòa,(KHO) Ninh Hòa 1,Hàng Mới Ca 1,2026-07-01 - Thứ 4,18,1,0.8889,0,6.75,16.0002,0,18,0,1.9998,0,0,0.1111,18,Khánh Hòa,NTB,AM Công
NTB - Khánh Hòa,(KHO) Ninh Hòa 1,Hàng Mới Ca 1,2026-06-28 - Chủ Nhật,18,1,0.9444,0,6.94,16.9992,0,18,0,1.0008,0,0,0.0556,18,Khánh Hòa,NTB,AM Công
NTB - Khánh Hòa,(KHO) Ninh Hòa 1,Hàng Mới Ca 1,2026-07-15 - Thứ 4,19,1,0.7368,0,5.86,13.9992,0,19,0,5.0008,0,0,0.2632,19,Khánh Hòa,NTB,AM Công
NTB - Khánh Hòa,(KHO) Ninh Hòa 1,Hàng Mới Ca 1,2026-06-26 - Thứ 6,19,1,0.8421,0.0526,6.06,15.9999,0.9994,19,0.9994,2.0007,0,0,0.1053,19,Khánh Hòa,NTB,AM Công
NTB - Khánh Hòa,(KHO) Ninh Hòa 1,Hàng Mới Ca 1,2026-07-17 - Thứ 6,19,1,0.7895,0.0526,8.53,15.0005,0.9994,19,0.9994,3.0001,0,0,0.1579,19,Khánh Hòa,NTB,AM Công
NTB - Khánh Hòa,(KHO) Ninh Hòa 1,Hàng Mới Ca 1,2026-06-22 - Thứ 2,19,1,0.8947,0.0526,6.76,16.9993,0.9994,19,0.9994,1.0013,0,0,0.0527,19,Khánh Hòa,NTB,AM Công
NTB - Khánh Hòa,(KHO) Ninh Hòa 1,Hàng Mới Ca 1,2026-06-27 - Thứ 7,19,1,0.7368,0,6.5,13.9992,0,19,0,5.0008,0,0,0.2632,19,Khánh Hòa,NTB,AM Công
NTB - Khánh Hòa,(KHO) Ninh Hòa 1,Hàng Mới Ca 1,2026-06-29 - Thứ 2,19,1,0.9474,0,7.44,18.0006,0,19,0,0.9994,0,0,0.0526,19,Khánh Hòa,NTB,AM Công
NTB - Khánh Hòa,(KHO) Ninh Hòa 1,Hàng Mới Ca 1,2026-07-10 - Thứ 6,20,1,0.95,0,6.58,19,0,20,0,1,0,0,0.05,20,Khánh Hòa,NTB,AM Công
NTB - Khánh Hòa,(KHO) Ninh Hòa 1,Hàng Mới Ca 1,2026-06-24 - Thứ 4,21,1,0.9524,0,4.6,20.0004,0,21,0,0.9996,0,0,0.0476,21,Khánh Hòa,NTB,AM Công
NTB - Khánh Hòa,(KHO) Ninh Hòa 1,Hàng Mới Ca 1,2026-07-16 - Thứ 5,21,1,0.9524,0.0476,7.65,20.0004,0.9996,21,0.9996,0,0,0,0,21,Khánh Hòa,NTB,AM Công
NTB - Khánh Hòa,(KHO) Ninh Hòa 1,Hàng Mới Ca 1,2026-06-23 - Thứ 3,22,1,0.7727,0,4.35,16.9994,0,22,0,5.0006,0,0,0.2273,22,Khánh Hòa,NTB,AM Công
NTB - Khánh Hòa,(KHO) Ninh Hòa 1,Hàng Mới Ca 1,2026-07-13 - Thứ 2,24,1,0.75,0.125,7.44,18,3,24,3,3,0,0,0.125,24,Khánh Hòa,NTB,AM Công
NTB - Khánh Hòa,(KHO) Ninh Hòa 1,Hàng Mới Ca 1,2026-07-04 - Thứ 7,25,1,0.88,0,6.18,22,0,25,0,3,0,0,0.12,25,Khánh Hòa,NTB,AM Công
NTB - Khánh Hòa,(KHO) Ninh Hòa 1,Hàng Mới Ca 1,2026-06-21 - Chủ Nhật,27,1,0.6667,0,7.39,18.0009,0,27,0,8.9991,0,0,0.3333,27,Khánh Hòa,NTB,AM Công
NTB - Khánh Hòa,(KHO) Ninh Hòa 1,Hàng Mới Ca 1,2026-07-11 - Thứ 7,28,1,0.7857,0.0714,5.27,21.9996,1.9992,28,1.9992,4.0012,0,0,0.1429,28,Khánh Hòa,NTB,AM Công
NTB - Khánh Hòa,(KHO) Ninh Hòa 1,Hàng Mới Ca 1,2026-07-08 - Thứ 4,28,1,0.9643,0,6.26,27.0004,0,28,0,0.9996,0,0,0.0357,28,Khánh Hòa,NTB,AM Công
NTB - Khánh Hòa,(KHO) Ninh Hòa 1,Hàng Mới Ca 1,2026-07-09 - Thứ 5,34,1,0.9412,0,6.28,32.0008,0,34,0,1.9992,0,0,0.0588,34,Khánh Hòa,NTB,AM Công
NTB - Khánh Hòa,(KHO) Ninh Hòa 1,Hàng Mới Ca 2,2026-07-13 - Thứ 2,3,0.3333,0.3333,0,5,0.9999,0,0.9999,0,2.0001,2.0001,0.6667,0.6667,3,Khánh Hòa,NTB,AM Công
NTB - Khánh Hòa,(KHO) Ninh Hòa 1,Hàng Mới Ca 2,2026-07-05 - Chủ Nhật,4,1,0.75,0,3.33,3,0,4,0,1,0,0,0.25,4,Khánh Hòa,NTB,AM Công
NTB - Khánh Hòa,(KHO) Ninh Hòa 1,Hàng Mới Ca 2,2026-06-30 - Thứ 3,5,0.8,0.8,0,2.25,4,0,4,0,1,1,0.2,0.2,5,Khánh Hòa,NTB,AM Công
NTB - Khánh Hòa,(KHO) Ninh Hòa 1,Hàng Mới Ca 2,2026-07-12 - Chủ Nhật,6,1,0.8333,0,3,4.9998,0,6,0,1.0002,0,0,0.1667,6,Khánh Hòa,NTB,AM Công
NTB - Khánh Hòa,(KHO) Ninh Hòa 1,Hàng Mới Ca 2,2026-07-02 - Thứ 5,7,1,0.5714,0,2.75,3.9998,0,7,0,3.0002,0,0,0.4286,7,Khánh Hòa,NTB,AM Công
NTB - Khánh Hòa,(KHO) Ninh Hòa 1,Hàng Mới Ca 2,2026-06-25 - Thứ 5,7,0.8571,0.5714,0,2,3.9998,0,5.9997,0,3.0002,1.0003,0.1429,0.4286,7,Khánh Hòa,NTB,AM Công
NTB - Khánh Hòa,(KHO) Ninh Hòa 1,Hàng Mới Ca 2,2026-07-14 - Thứ 3,8,1,0.75,0,3.67,6,0,8,0,2,0,0,0.25,8,Khánh Hòa,NTB,AM Công
NTB - Khánh Hòa,(KHO) Ninh Hòa 1,Hàng Mới Ca 2,2026-06-29 - Thứ 2,8,1,0.75,0,2.67,6,0,8,0,2,0,0,0.25,8,Khánh Hòa,NTB,AM Công
NTB - Khánh Hòa,(KHO) Ninh Hòa 1,Hàng Mới Ca 2,2026-07-07 - Thứ 3,8,1,0.25,0,3,2,0,8,0,6,0,0,0.75,8,Khánh Hòa,NTB,AM Công
NTB - Khánh Hòa,(KHO) Ninh Hòa 1,Hàng Mới Ca 2,2026-07-06 - Thứ 2,8,1,0.5,0.125,2.75,4,1,8,1,3,0,0,0.375,8,Khánh Hòa,NTB,AM Công
NTB - Khánh Hòa,(KHO) Ninh Hòa 1,Hàng Mới Ca 2,2026-07-15 - Thứ 4,9,0.8889,0.5556,0,2,5.0004,0,8.0001,0,3.9996,0.9999,0.1111,0.4444,9,Khánh Hòa,NTB,AM Công
NTB - Khánh Hòa,(KHO) Ninh Hòa 1,Hàng Mới Ca 2,2026-06-24 - Thứ 4,9,1,0.6667,0,3.17,6.0003,0,9,0,2.9997,0,0,0.3333,9,Khánh Hòa,NTB,AM Công
NTB - Khánh Hòa,(KHO) Ninh Hòa 1,Hàng Mới Ca 2,2026-07-04 - Thứ 7,10,1,0.9,0,3.22,9,0,10,0,1,0,0,0.1,10,Khánh Hòa,NTB,AM Công
NTB - Khánh Hòa,(KHO) Ninh Hòa 1,Hàng Mới Ca 2,2026-07-11 - Thứ 7,10,1,0.5,0,2.8,5,0,10,0,5,0,0,0.5,10,Khánh Hòa,NTB,AM Công
NTB - Khánh Hòa,(KHO) Ninh Hòa 1,Hàng Mới Ca 2,2026-07-17 - Thứ 6,11,0.8182,0.4545,0.0909,3.2,4.9995,0.9999,9.0002,0.9999,5.0006,1.9998,0.1818,0.4546,11,Khánh Hòa,NTB,AM Công
NTB - Khánh Hòa,(KHO) Ninh Hòa 1,Hàng Mới Ca 2,2026-06-20 - Thứ 7,11,0.9091,0.3636,0,4,3.9996,0,10.0001,0,7.0004,0.9999,0.0909,0.6364,11,Khánh Hòa,NTB,AM Công
NTB - Khánh Hòa,(KHO) Ninh Hòa 1,Hàng Mới Ca 2,2026-06-27 - Thứ 7,11,0.8182,0.6364,0,3.29,7.0004,0,9.0002,0,3.9996,1.9998,0.1818,0.3636,11,Khánh Hòa,NTB,AM Công
NTB - Khánh Hòa,(KHO) Ninh Hòa 1,Hàng Mới Ca 2,2026-06-22 - Thứ 2,12,1,1,0,3,12,0,12,0,0,0,0,0,12,Khánh Hòa,NTB,AM Công
NTB - Khánh Hòa,(KHO) Ninh Hòa 1,Hàng Mới Ca 2,2026-07-10 - Thứ 6,14,0.8571,0.6429,0,3.22,9.0006,0,11.9994,0,4.9994,2.0006,0.1429,0.3571,14,Khánh Hòa,NTB,AM Công
NTB - Khánh Hòa,(KHO) Ninh Hòa 1,Hàng Mới Ca 2,2026-07-03 - Thứ 6,15,0.7333,0.4,0,2.83,6,0,10.9995,0,9,4.0005,0.2667,0.6,15,Khánh Hòa,NTB,AM Công
NTB - Khánh Hòa,(KHO) Ninh Hòa 1,Hàng Mới Ca 2,2026-06-28 - Chủ Nhật,16,0.8125,0.625,0.0625,2.9,10,1,13,1,5,3,0.1875,0.3125,16,Khánh Hòa,NTB,AM Công
NTB - Khánh Hòa,(KHO) Ninh Hòa 1,Hàng Mới Ca 2,2026-07-16 - Thứ 5,18,0.8333,0.5556,0.0556,3.3,10.0008,1.0008,14.9994,1.0008,6.9984,3.0006,0.1667,0.3888,18,Khánh Hòa,NTB,AM Công
NTB - Khánh Hòa,(KHO) Ninh Hòa 1,Hàng Mới Ca 2,2026-06-26 - Thứ 6,19,0.9474,0.6842,0,3.08,12.9998,0,18.0006,0,6.0002,0.9994,0.0526,0.3158,19,Khánh Hòa,NTB,AM Công
NTB - Khánh Hòa,(KHO) Ninh Hòa 1,Hàng Mới Ca 2,2026-07-08 - Thứ 4,21,0.9524,0.619,0.0952,3.46,12.999,1.9992,20.0004,1.9992,6.0018,0.9996,0.0476,0.2858,21,Khánh Hòa,NTB,AM Công
NTB - Khánh Hòa,(KHO) Ninh Hòa 1,Hàng Mới Ca 2,2026-06-21 - Chủ Nhật,23,0.8261,0.6522,0.087,3.8,15.0006,2.001,19.0003,2.001,5.9984,3.9997,0.1739,0.2608,23,Khánh Hòa,NTB,AM Công
NTB - Khánh Hòa,(KHO) Ninh Hòa 1,Hàng Mới Ca 2,2026-06-23 - Thứ 3,24,1,0.6667,0,3.38,16.0008,0,24,0,7.9992,0,0,0.3333,24,Khánh Hòa,NTB,AM Công
NTB - Khánh Hòa,(KHO) Ninh Hòa 1,Hàng Mới Ca 2,2026-07-01 - Thứ 4,24,0.9167,0.5833,0,4.14,13.9992,0,22.0008,0,10.0008,1.9992,0.0833,0.4167,24,Khánh Hòa,NTB,AM Công
NTB - Khánh Hòa,(KHO) Ninh Hòa 1,Hàng Mới Ca 2,2026-07-09 - Thứ 5,30,1,0.7667,0.1,2.52,23.001,3,30,3,3.999,0,0,0.1333,30,Khánh Hòa,NTB,AM Công
NTB - Khánh Hòa,(KHO) Ninh Hòa 1,Hàng Tồn,2026-07-01 - Thứ 4,2,1,0,0.5,0,0,1,2,1,1,0,0,0.5,0,Khánh Hòa,NTB,AM Công
NTB - Khánh Hòa,(KHO) Ninh Hòa 1,Hàng Tồn,2026-07-15 - Thứ 4,3,1,1,0,35.33,3,0,3,0,0,0,0,0,0,Khánh Hòa,NTB,AM Công
NTB - Khánh Hòa,(KHO) Ninh Hòa 1,Hàng Tồn,2026-07-06 - Thứ 2,3,1,0.6667,0,24,2.0001,0,3,0,0.9999,0,0,0.3333,0,Khánh Hòa,NTB,AM Công
NTB - Khánh Hòa,(KHO) Ninh Hòa 1,Hàng Tồn,2026-07-05 - Chủ Nhật,4,1,0.5,0.25,26.5,2,1,4,1,1,0,0,0.25,0,Khánh Hòa,NTB,AM Công
NTB - Khánh Hòa,(KHO) Ninh Hòa 1,Hàng Tồn,2026-06-26 - Thứ 6,4,1,0.5,0,27.5,2,0,4,0,2,0,0,0.5,0,Khánh Hòa,NTB,AM Công
NTB - Khánh Hòa,(KHO) Ninh Hòa 1,Hàng Tồn,2026-07-07 - Thứ 3,5,1,0.8,0,24.75,4,0,5,0,1,0,0,0.2,0,Khánh Hòa,NTB,AM Công
NTB - Khánh Hòa,(KHO) Ninh Hòa 1,Hàng Tồn,2026-07-03 - Thứ 6,5,1,1,0,29.2,5,0,5,0,0,0,0,0,0,Khánh Hòa,NTB,AM Công
NTB - Khánh Hòa,(KHO) Ninh Hòa 1,Hàng Tồn,2026-06-23 - Thứ 3,5,1,0.6,0.2,56.33,3,1,5,1,1,0,0,0.2,0,Khánh Hòa,NTB,AM Công
NTB - Khánh Hòa,(KHO) Ninh Hòa 1,Hàng Tồn,2026-07-14 - Thứ 3,5,1,0.6,0,25.33,3,0,5,0,2,0,0,0.4,0,Khánh Hòa,NTB,AM Công
NTB - Khánh Hòa,(KHO) Ninh Hòa 1,Hàng Tồn,2026-06-25 - Thứ 5,6,1,0.8333,0,47,4.9998,0,6,0,1.0002,0,0,0.1667,0,Khánh Hòa,NTB,AM Công
NTB - Khánh Hòa,(KHO) Ninh Hòa 1,Hàng Tồn,2026-06-30 - Thứ 3,6,1,0.6667,0.1667,37.25,4.0002,1.0002,6,1.0002,0.9996,0,0,0.1666,0,Khánh Hòa,NTB,AM Công
NTB - Khánh Hòa,(KHO) Ninh Hòa 1,Hàng Tồn,2026-07-13 - Thứ 2,7,1,0.8571,0,56.17,5.9997,0,7,0,1.0003,0,0,0.1429,0,Khánh Hòa,NTB,AM Công
NTB - Khánh Hòa,(KHO) Ninh Hòa 1,Hàng Tồn,2026-07-10 - Thứ 6,8,1,0.5,0,33.25,4,0,8,0,4,0,0,0.5,0,Khánh Hòa,NTB,AM Công
NTB - Khánh Hòa,(KHO) Ninh Hòa 1,Hàng Tồn,2026-07-09 - Thứ 5,8,1,0.625,0.125,27.2,5,1,8,1,2,0,0,0.25,0,Khánh Hòa,NTB,AM Công
NTB - Khánh Hòa,(KHO) Ninh Hòa 1,Hàng Tồn,2026-06-28 - Chủ Nhật,8,1,0.875,0,26.14,7,0,8,0,1,0,0,0.125,0,Khánh Hòa,NTB,AM Công
NTB - Khánh Hòa,(KHO) Ninh Hòa 1,Hàng Tồn,2026-06-20 - Thứ 7,8,1,0.625,0.125,32.2,5,1,8,1,2,0,0,0.25,0,Khánh Hòa,NTB,AM Công
NTB - Khánh Hòa,(KHO) Ninh Hòa 1,Hàng Tồn,2026-06-29 - Thứ 2,8,1,0.625,0,27.8,5,0,8,0,3,0,0,0.375,0,Khánh Hòa,NTB,AM Công
NTB - Khánh Hòa,(KHO) Ninh Hòa 1,Hàng Tồn,2026-07-16 - Thứ 5,9,1,0.6667,0,28.67,6.0003,0,9,0,2.9997,0,0,0.3333,0,Khánh Hòa,NTB,AM Công
NTB - Khánh Hòa,(KHO) Ninh Hòa 1,Hàng Tồn,2026-06-21 - Chủ Nhật,9,1,0.6667,0,23.5,6.0003,0,9,0,2.9997,0,0,0.3333,0,Khánh Hòa,NTB,AM Công
NTB - Khánh Hòa,(KHO) Ninh Hòa 1,Hàng Tồn,2026-07-08 - Thứ 4,9,1,0.7778,0,28.14,7.0002,0,9,0,1.9998,0,0,0.2222,0,Khánh Hòa,NTB,AM Công
NTB - Khánh Hòa,(KHO) Ninh Hòa 1,Hàng Tồn,2026-07-17 - Thứ 6,9,1,0.7778,0,29.71,7.0002,0,9,0,1.9998,0,0,0.2222,0,Khánh Hòa,NTB,AM Công
NTB - Khánh Hòa,(KHO) Ninh Hòa 1,Hàng Tồn,2026-06-27 - Thứ 7,10,1,0.8,0.1,26.13,8,1,10,1,1,0,0,0.1,0,Khánh Hòa,NTB,AM Công
NTB - Khánh Hòa,(KHO) Ninh Hòa 1,Hàng Tồn,2026-07-11 - Thứ 7,10,1,0.3,0.3,23,3,3,10,3,4,0,0,0.4,0,Khánh Hòa,NTB,AM Công
NTB - Khánh Hòa,(KHO) Ninh Hòa 1,Hàng Tồn,2026-07-04 - Thứ 7,11,1,1,0,25.91,11,0,11,0,0,0,0,0,0,Khánh Hòa,NTB,AM Công
NTB - Khánh Hòa,(KHO) Ninh Hòa 1,Hàng Tồn,2026-07-12 - Chủ Nhật,12,1,0.5,0,28.33,6,0,12,0,6,0,0,0.5,0,Khánh Hòa,NTB,AM Công
NTB - Khánh Hòa,(KHO) Ninh Hòa 1,Hàng Tồn,2026-07-02 - Thứ 5,13,1,0.9231,0,29.17,12.0003,0,13,0,0.9997,0,0,0.0769,0,Khánh Hòa,NTB,AM Công
NTB - Khánh Hòa,(KHO) Ninh Hòa 1,Hàng Tồn,2026-06-24 - Thứ 4,14,1,0.8571,0,29,11.9994,0,14,0,2.0006,0,0,0.1429,0,Khánh Hòa,NTB,AM Công
NTB - Khánh Hòa,(KHO) Ninh Hòa 1,Hàng Tồn,2026-06-22 - Thứ 2,18,1,0.7778,0,27.14,14.0004,0,18,0,3.9996,0,0,0.2222,0,Khánh Hòa,NTB,AM Công
NTB - Khánh Hòa,(KHO) Nha Trang,Hàng Mới Ca 1,2026-07-09 - Thứ 5,64,1,0.9688,0,12.69,62.0032,0,64,0,1.9968,0,0,0.0312,64,Khánh Hòa,NTB,AM Duy
NTB - Khánh Hòa,(KHO) Nha Trang,Hàng Mới Ca 1,2026-07-07 - Thứ 3,18,1,0.6111,0.0556,7.27,10.9998,1.0008,18,1.0008,5.9994,0,0,0.3333,18,Khánh Hòa,NTB,AM Duy
NTB - Khánh Hòa,(KHO) Nha Trang,Hàng Mới Ca 1,2026-06-20 - Thứ 7,19,1,0.7895,0.0526,6.27,15.0005,0.9994,19,0.9994,3.0001,0,0,0.1579,19,Khánh Hòa,NTB,AM Duy
NTB - Khánh Hòa,(KHO) Nha Trang,Hàng Mới Ca 1,2026-07-06 - Thứ 2,19,1,0.8947,0,6.88,16.9993,0,19,0,2.0007,0,0,0.1053,19,Khánh Hòa,NTB,AM Duy
NTB - Khánh Hòa,(KHO) Nha Trang,Hàng Mới Ca 1,2026-07-03 - Thứ 6,23,1,0.9565,0,8.41,21.9995,0,23,0,1.0005,0,0,0.0435,23,Khánh Hòa,NTB,AM Duy
NTB - Khánh Hòa,(KHO) Nha Trang,Hàng Mới Ca 1,2026-07-12 - Chủ Nhật,25,1,0.8,0.04,11.2,20,1,25,1,4,0,0,0.16,25,Khánh Hòa,NTB,AM Duy
NTB - Khánh Hòa,(KHO) Nha Trang,Hàng Mới Ca 1,2026-07-02 - Thứ 5,25,1,0.84,0,6.14,21,0,25,0,4,0,0,0.16,25,Khánh Hòa,NTB,AM Duy
NTB - Khánh Hòa,(KHO) Nha Trang,Hàng Mới Ca 1,2026-06-25 - Thứ 5,27,1,0.9259,0,8.24,24.9993,0,27,0,2.0007,0,0,0.0741,27,Khánh Hòa,NTB,AM Duy
NTB - Khánh Hòa,(KHO) Nha Trang,Hàng Mới Ca 1,2026-07-04 - Thứ 7,28,1,0.9643,0,9.44,27.0004,0,28,0,0.9996,0,0,0.0357,28,Khánh Hòa,NTB,AM Duy
NTB - Khánh Hòa,(KHO) Nha Trang,Hàng Mới Ca 1,2026-07-08 - Thứ 4,28,0.9643,0.8929,0,8.48,25.0012,0,27.0004,0,2.9988,0.9996,0.0357,0.1071,28,Khánh Hòa,NTB,AM Duy
NTB - Khánh Hòa,(KHO) Nha Trang,Hàng Mới Ca 1,2026-06-23 - Thứ 3,31,1,0.871,0,7.19,27.001,0,31,0,3.999,0,0,0.129,31,Khánh Hòa,NTB,AM Duy
NTB - Khánh Hòa,(KHO) Nha Trang,Hàng Mới Ca 1,2026-07-05 - Chủ Nhật,34,1,0.7647,0,6.92,25.9998,0,34,0,8.0002,0,0,0.2353,34,Khánh Hòa,NTB,AM Duy
NTB - Khánh Hòa,(KHO) Nha Trang,Hàng Mới Ca 1,2026-07-01 - Thứ 4,35,1,0.8,0,9.29,28,0,35,0,7,0,0,0.2,35,Khánh Hòa,NTB,AM Duy
NTB - Khánh Hòa,(KHO) Nha Trang,Hàng Mới Ca 1,2026-06-28 - Chủ Nhật,35,1,0.8857,0.0286,8.32,30.9995,1.001,35,1.001,2.9995,0,0,0.0857,35,Khánh Hòa,NTB,AM Duy
NTB - Khánh Hòa,(KHO) Nha Trang,Hàng Mới Ca 1,2026-06-29 - Thứ 2,35,1,0.8857,0.0571,10.35,30.9995,1.9985,35,1.9985,2.002,0,0,0.0572,35,Khánh Hòa,NTB,AM Duy
NTB - Khánh Hòa,(KHO) Nha Trang,Hàng Mới Ca 1,2026-07-17 - Thứ 6,36,1,0.8333,0,10.93,29.9988,0,36,0,6.0012,0,0,0.1667,36,Khánh Hòa,NTB,AM Duy
NTB - Khánh Hòa,(KHO) Nha Trang,Hàng Mới Ca 1,2026-06-30 - Thứ 3,37,1,0.8919,0.027,8.58,33.0003,0.999,37,0.999,3.0007,0,0,0.0811,37,Khánh Hòa,NTB,AM Duy
NTB - Khánh Hòa,(KHO) Nha Trang,Hàng Mới Ca 1,2026-07-15 - Thứ 4,39,0.9744,0.7179,0,12.68,27.9981,0,38.0016,0,11.0019,0.9984,0.0256,0.2821,39,Khánh Hòa,NTB,AM Duy
NTB - Khánh Hòa,(KHO) Nha Trang,Hàng Mới Ca 1,2026-07-14 - Thứ 3,39,1,0.7949,0,6.58,31.0011,0,39,0,7.9989,0,0,0.2051,39,Khánh Hòa,NTB,AM Duy
NTB - Khánh Hòa,(KHO) Nha Trang,Hàng Mới Ca 1,2026-06-27 - Thứ 7,40,1,0.775,0.025,9.32,31,1,40,1,8,0,0,0.2,40,Khánh Hòa,NTB,AM Duy
NTB - Khánh Hòa,(KHO) Nha Trang,Hàng Mới Ca 1,2026-06-21 - Chủ Nhật,42,0.9524,0.8333,0,8.54,34.9986,0,40.0008,0,7.0014,1.9992,0.0476,0.1667,42,Khánh Hòa,NTB,AM Duy
NTB - Khánh Hòa,(KHO) Nha Trang,Hàng Mới Ca 1,2026-07-13 - Thứ 2,43,0.9767,0.8605,0,7.51,37.0015,0,41.9981,0,5.9985,1.0019,0.0233,0.1395,43,Khánh Hòa,NTB,AM Duy
NTB - Khánh Hòa,(KHO) Nha Trang,Hàng Mới Ca 1,2026-07-10 - Thứ 6,44,1,0.9318,0,10.85,40.9992,0,44,0,3.0008,0,0,0.0682,44,Khánh Hòa,NTB,AM Duy
NTB - Khánh Hòa,(KHO) Nha Trang,Hàng Mới Ca 1,2026-06-22 - Thứ 2,45,1,0.8889,0.0444,9.1,40.0005,1.998,45,1.998,3.0015,0,0,0.0667,45,Khánh Hòa,NTB,AM Duy
NTB - Khánh Hòa,(KHO) Nha Trang,Hàng Mới Ca 1,2026-06-24 - Thứ 4,45,1,0.7556,0,7.21,34.002,0,45,0,10.998,0,0,0.2444,45,Khánh Hòa,NTB,AM Duy
NTB - Khánh Hòa,(KHO) Nha Trang,Hàng Mới Ca 1,2026-07-11 - Thứ 7,46,1,0.8478,0,8.85,38.9988,0,46,0,7.0012,0,0,0.1522,46,Khánh Hòa,NTB,AM Duy
NTB - Khánh Hòa,(KHO) Nha Trang,Hàng Mới Ca 1,2026-07-16 - Thứ 5,46,1,0.8043,0.0217,6.59,36.9978,0.9982,46,0.9982,8.004,0,0,0.174,46,Khánh Hòa,NTB,AM Duy
NTB - Khánh Hòa,(KHO) Nha Trang,Hàng Mới Ca 1,2026-06-26 - Thứ 6,51,0.9804,0.7843,0.0392,10.13,39.9993,1.9992,50.0004,1.9992,9.0015,0.9996,0.0196,0.1765,51,Khánh Hòa,NTB,AM Duy
NTB - Khánh Hòa,(KHO) Nha Trang,Hàng Mới Ca 2,2026-07-03 - Thứ 6,5,1,0.8,0,3.25,4,0,5,0,1,0,0,0.2,5,Khánh Hòa,NTB,AM Duy
NTB - Khánh Hòa,(KHO) Nha Trang,Hàng Mới Ca 2,2026-07-07 - Thứ 3,14,1,0.7857,0,2.64,10.9998,0,14,0,3.0002,0,0,0.2143,14,Khánh Hòa,NTB,AM Duy
NTB - Khánh Hòa,(KHO) Nha Trang,Hàng Mới Ca 2,2026-06-29 - Thứ 2,14,1,0.9286,0.0714,2.77,13.0004,0.9996,14,0.9996,0,0,0,0,14,Khánh Hòa,NTB,AM Duy
NTB - Khánh Hòa,(KHO) Nha Trang,Hàng Mới Ca 2,2026-06-21 - Chủ Nhật,15,1,0.8667,0.0667,2.92,13.0005,1.0005,15,1.0005,0.999,0,0,0.0666,15,Khánh Hòa,NTB,AM Duy
NTB - Khánh Hòa,(KHO) Nha Trang,Hàng Mới Ca 2,2026-07-06 - Thứ 2,15,1,0.8,0.0667,2.33,12,1.0005,15,1.0005,1.9995,0,0,0.1333,15,Khánh Hòa,NTB,AM Duy
NTB - Khánh Hòa,(KHO) Nha Trang,Hàng Mới Ca 2,2026-06-26 - Thứ 6,15,1,0.9333,0,3.29,13.9995,0,15,0,1.0005,0,0,0.0667,15,Khánh Hòa,NTB,AM Duy
NTB - Khánh Hòa,(KHO) Nha Trang,Hàng Mới Ca 2,2026-06-22 - Thứ 2,16,1,0.875,0,3.29,14,0,16,0,2,0,0,0.125,16,Khánh Hòa,NTB,AM Duy
NTB - Khánh Hòa,(KHO) Nha Trang,Hàng Mới Ca 2,2026-07-15 - Thứ 4,16,0.5,0.5,0,4,8,0,8,0,8,8,0.5,0.5,16,Khánh Hòa,NTB,AM Duy
NTB - Khánh Hòa,(KHO) Nha Trang,Hàng Mới Ca 2,2026-07-13 - Thứ 2,20,1,0.75,0.05,3,15,1,20,1,4,0,0,0.2,20,Khánh Hòa,NTB,AM Duy
NTB - Khánh Hòa,(KHO) Nha Trang,Hàng Mới Ca 2,2026-07-11 - Thứ 7,20,1,0.6,0,2.17,12,0,20,0,8,0,0,0.4,20,Khánh Hòa,NTB,AM Duy
NTB - Khánh Hòa,(KHO) Nha Trang,Hàng Mới Ca 2,2026-06-20 - Thứ 7,21,1,0.7143,0,3.2,15.0003,0,21,0,5.9997,0,0,0.2857,21,Khánh Hòa,NTB,AM Duy
NTB - Khánh Hòa,(KHO) Nha Trang,Hàng Mới Ca 2,2026-06-25 - Thứ 5,22,1,0.8636,0.0455,2.68,18.9992,1.001,22,1.001,1.9998,0,0,0.0909,22,Khánh Hòa,NTB,AM Duy
NTB - Khánh Hòa,(KHO) Nha Trang,Hàng Mới Ca 2,2026-07-10 - Thứ 6,23,1,0.913,0,4,20.999,0,23,0,2.001,0,0,0.087,23,Khánh Hòa,NTB,AM Duy
NTB - Khánh Hòa,(KHO) Nha Trang,Hàng Mới Ca 2,2026-06-30 - Thứ 3,24,1,0.8333,0.0833,1.7,19.9992,1.9992,24,1.9992,2.0016,0,0,0.0834,24,Khánh Hòa,NTB,AM Duy
NTB - Khánh Hòa,(KHO) Nha Trang,Hàng Mới Ca 2,2026-07-08 - Thứ 4,24,1,0.875,0,3.38,21,0,24,0,3,0,0,0.125,24,Khánh Hòa,NTB,AM Duy
NTB - Khánh Hòa,(KHO) Nha Trang,Hàng Mới Ca 2,2026-06-28 - Chủ Nhật,25,1,0.72,0,4.06,18,0,25,0,7,0,0,0.28,25,Khánh Hòa,NTB,AM Duy
NTB - Khánh Hòa,(KHO) Nha Trang,Hàng Mới Ca 2,2026-06-27 - Thứ 7,25,1,0.72,0.04,1.83,18,1,25,1,6,0,0,0.24,25,Khánh Hòa,NTB,AM Duy
NTB - Khánh Hòa,(KHO) Nha Trang,Hàng Mới Ca 2,2026-07-05 - Chủ Nhật,25,0.96,0.8,0,2.65,20,0,24,0,5,1,0.04,0.2,25,Khánh Hòa,NTB,AM Duy
NTB - Khánh Hòa,(KHO) Nha Trang,Hàng Mới Ca 2,2026-07-02 - Thứ 5,27,1,0.963,0,2.65,26.001,0,27,0,0.999,0,0,0.037,27,Khánh Hòa,NTB,AM Duy
NTB - Khánh Hòa,(KHO) Nha Trang,Hàng Mới Ca 2,2026-06-23 - Thứ 3,27,1,0.8889,0,2,24.0003,0,27,0,2.9997,0,0,0.1111,27,Khánh Hòa,NTB,AM Duy
NTB - Khánh Hòa,(KHO) Nha Trang,Hàng Mới Ca 2,2026-07-04 - Thứ 7,27,1,0.4074,0,2.36,10.9998,0,27,0,16.0002,0,0,0.5926,27,Khánh Hòa,NTB,AM Duy
NTB - Khánh Hòa,(KHO) Nha Trang,Hàng Mới Ca 2,2026-07-12 - Chủ Nhật,28,1,0.6786,0.1071,3,19.0008,2.9988,28,2.9988,6.0004,0,0,0.2143,28,Khánh Hòa,NTB,AM Duy
NTB - Khánh Hòa,(KHO) Nha Trang,Hàng Mới Ca 2,2026-07-01 - Thứ 4,29,1,0.7931,0.069,3.52,22.9999,2.001,29,2.001,3.9991,0,0,0.1379,29,Khánh Hòa,NTB,AM Duy
NTB - Khánh Hòa,(KHO) Nha Trang,Hàng Mới Ca 2,2026-07-16 - Thứ 5,30,0.6667,0.6,0,2.72,18,0,20.001,0,12,9.999,0.3333,0.4,30,Khánh Hòa,NTB,AM Duy
NTB - Khánh Hòa,(KHO) Nha Trang,Hàng Mới Ca 2,2026-06-24 - Thứ 4,32,1,0.9688,0,2.9,31.0016,0,32,0,0.9984,0,0,0.0312,32,Khánh Hòa,NTB,AM Duy
NTB - Khánh Hòa,(KHO) Nha Trang,Hàng Mới Ca 2,2026-07-17 - Thứ 6,32,1,0.75,0,3.04,24,0,32,0,8,0,0,0.25,32,Khánh Hòa,NTB,AM Duy
NTB - Khánh Hòa,(KHO) Nha Trang,Hàng Mới Ca 2,2026-07-14 - Thứ 3,34,1,0.6471,0,3.32,22.0014,0,34,0,11.9986,0,0,0.3529,34,Khánh Hòa,NTB,AM Duy
NTB - Khánh Hòa,(KHO) Nha Trang,Hàng Mới Ca 2,2026-07-09 - Thứ 5,49,1,0.898,0.0204,3.73,44.002,0.9996,49,0.9996,3.9984,0,0,0.0816,49,Khánh Hòa,NTB,AM Duy
NTB - Khánh Hòa,(KHO) Nha Trang,Hàng Tồn,2026-06-30 - Thứ 3,4,1,1,0,56,4,0,4,0,0,0,0,0,0,Khánh Hòa,NTB,AM Duy
NTB - Khánh Hòa,(KHO) Nha Trang,Hàng Tồn,2026-07-04 - Thứ 7,4,1,0.75,0.25,42,3,1,4,1,0,0,0,0,0,Khánh Hòa,NTB,AM Duy
NTB - Khánh Hòa,(KHO) Nha Trang,Hàng Tồn,2026-07-01 - Thứ 4,5,1,1,0,33.4,5,0,5,0,0,0,0,0,0,Khánh Hòa,NTB,AM Duy
NTB - Khánh Hòa,(KHO) Nha Trang,Hàng Tồn,2026-06-20 - Thứ 7,7,0.8571,0.5714,0,25,3.9998,0,5.9997,0,3.0002,1.0003,0.1429,0.4286,0,Khánh Hòa,NTB,AM Duy
NTB - Khánh Hòa,(KHO) Nha Trang,Hàng Tồn,2026-07-03 - Thứ 6,9,1,0.4444,0.2222,38,3.9996,1.9998,9,1.9998,3.0006,0,0,0.3334,0,Khánh Hòa,NTB,AM Duy
NTB - Khánh Hòa,(KHO) Nha Trang,Hàng Tồn,2026-07-11 - Thứ 7,9,0.8889,0.5556,0.1111,47.2,5.0004,0.9999,8.0001,0.9999,2.9997,0.9999,0.1111,0.3333,0,Khánh Hòa,NTB,AM Duy
NTB - Khánh Hòa,(KHO) Nha Trang,Hàng Tồn,2026-06-27 - Thứ 7,10,1,0.2,0.1,32,2,1,10,1,7,0,0,0.7,0,Khánh Hòa,NTB,AM Duy
NTB - Khánh Hòa,(KHO) Nha Trang,Hàng Tồn,2026-07-02 - Thứ 5,11,1,0.6364,0,29,7.0004,0,11,0,3.9996,0,0,0.3636,0,Khánh Hòa,NTB,AM Duy
NTB - Khánh Hòa,(KHO) Nha Trang,Hàng Tồn,2026-06-23 - Thứ 3,11,0.8182,0.3636,0.0909,29,3.9996,0.9999,9.0002,0.9999,6.0005,1.9998,0.1818,0.5455,0,Khánh Hòa,NTB,AM Duy
NTB - Khánh Hòa,(KHO) Nha Trang,Hàng Tồn,2026-06-26 - Thứ 6,12,1,0.8333,0,51.6,9.9996,0,12,0,2.0004,0,0,0.1667,0,Khánh Hòa,NTB,AM Duy
NTB - Khánh Hòa,(KHO) Nha Trang,Hàng Tồn,2026-07-10 - Thứ 6,12,0.8333,0.6667,0.0833,46.63,8.0004,0.9996,9.9996,0.9996,3,2.0004,0.1667,0.25,0,Khánh Hòa,NTB,AM Duy
NTB - Khánh Hòa,(KHO) Nha Trang,Hàng Tồn,2026-07-07 - Thứ 3,12,1,0.5833,0.0833,65,6.9996,0.9996,12,0.9996,4.0008,0,0,0.3334,0,Khánh Hòa,NTB,AM Duy
NTB - Khánh Hòa,(KHO) Nha Trang,Hàng Tồn,2026-06-21 - Chủ Nhật,13,0.9231,0.3846,0,32.8,4.9998,0,12.0003,0,8.0002,0.9997,0.0769,0.6154,0,Khánh Hòa,NTB,AM Duy
NTB - Khánh Hòa,(KHO) Nha Trang,Hàng Tồn,2026-06-24 - Thứ 4,13,0.9231,0.6154,0,86,8.0002,0,12.0003,0,4.9998,0.9997,0.0769,0.3846,0,Khánh Hòa,NTB,AM Duy
NTB - Khánh Hòa,(KHO) Nha Trang,Hàng Tồn,2026-06-22 - Thứ 2,13,0.9231,0.6154,0,39.13,8.0002,0,12.0003,0,4.9998,0.9997,0.0769,0.3846,0,Khánh Hòa,NTB,AM Duy
NTB - Khánh Hòa,(KHO) Nha Trang,Hàng Tồn,2026-07-08 - Thứ 4,14,1,0.2143,0,38.67,3.0002,0,14,0,10.9998,0,0,0.7857,0,Khánh Hòa,NTB,AM Duy
NTB - Khánh Hòa,(KHO) Nha Trang,Hàng Tồn,2026-07-09 - Thứ 5,16,1,0.4375,0.125,64.57,7,2,16,2,7,0,0,0.4375,0,Khánh Hòa,NTB,AM Duy
NTB - Khánh Hòa,(KHO) Nha Trang,Hàng Tồn,2026-07-05 - Chủ Nhật,17,1,0.4118,0,23,7.0006,0,17,0,9.9994,0,0,0.5882,0,Khánh Hòa,NTB,AM Duy
NTB - Khánh Hòa,(KHO) Nha Trang,Hàng Tồn,2026-07-14 - Thứ 3,17,1,0.4118,0.1176,41.43,7.0006,1.9992,17,1.9992,8.0002,0,0,0.4706,0,Khánh Hòa,NTB,AM Duy
NTB - Khánh Hòa,(KHO) Nha Trang,Hàng Tồn,2026-07-12 - Chủ Nhật,17,0.9412,0.4118,0.0588,35.14,7.0006,0.9996,16.0004,0.9996,8.9998,0.9996,0.0588,0.5294,0,Khánh Hòa,NTB,AM Duy
NTB - Khánh Hòa,(KHO) Nha Trang,Hàng Tồn,2026-06-25 - Thứ 5,17,0.9412,0.3529,0.0588,38.83,5.9993,0.9996,16.0004,0.9996,10.0011,0.9996,0.0588,0.5883,0,Khánh Hòa,NTB,AM Duy
NTB - Khánh Hòa,(KHO) Nha Trang,Hàng Tồn,2026-07-13 - Thứ 2,19,0.9474,0.5263,0.0526,42.9,9.9997,0.9994,18.0006,0.9994,8.0009,0.9994,0.0526,0.4211,0,Khánh Hòa,NTB,AM Duy
NTB - Khánh Hòa,(KHO) Nha Trang,Hàng Tồn,2026-06-29 - Thứ 2,19,1,0.8421,0.0526,36.69,15.9999,0.9994,19,0.9994,2.0007,0,0,0.1053,0,Khánh Hòa,NTB,AM Duy
NTB - Khánh Hòa,(KHO) Nha Trang,Hàng Tồn,2026-06-28 - Chủ Nhật,21,0.9524,0.4286,0.0952,41.89,9.0006,1.9992,20.0004,1.9992,10.0002,0.9996,0.0476,0.4762,0,Khánh Hòa,NTB,AM Duy
NTB - Khánh Hòa,(KHO) Nha Trang,Hàng Tồn,2026-07-06 - Thứ 2,22,1,0.4545,0.0455,35.4,9.999,1.001,22,1.001,11,0,0,0.5,0,Khánh Hòa,NTB,AM Duy
NTB - Khánh Hòa,(KHO) Nha Trang,Hàng Tồn,2026-07-15 - Thứ 4,28,1,0.3214,0.0714,34.56,8.9992,1.9992,28,1.9992,17.0016,0,0,0.6072,0,Khánh Hòa,NTB,AM Duy
NTB - Khánh Hòa,(KHO) Nha Trang,Hàng Tồn,2026-07-17 - Thứ 6,35,0.9714,0.7429,0.0571,42.58,26.0015,1.9985,33.999,1.9985,7,1.001,0.0286,0.2,0,Khánh Hòa,NTB,AM Duy
NTB - Khánh Hòa,(KHO) Nha Trang,Hàng Tồn,2026-07-16 - Thứ 5,35,0.9714,0.3714,0.1714,45.92,12.999,5.999,33.999,5.999,16.002,1.001,0.0286,0.4572,0,Khánh Hòa,NTB,AM Duy
NTB - Khánh Hòa,(KHO) Nam Nha Trang 5,Hàng Mới Ca 1,2026-07-07 - Thứ 3,5,1,1,0,7.2,5,0,5,0,0,0,0,0,5,Khánh Hòa,NTB,AM Thư
NTB - Khánh Hòa,(KHO) Nam Nha Trang 5,Hàng Mới Ca 1,2026-07-04 - Thứ 7,6,0.8333,0.8333,0,9.2,4.9998,0,4.9998,0,1.0002,1.0002,0.1667,0.1667,6,Khánh Hòa,NTB,AM Thư
NTB - Khánh Hòa,(KHO) Nam Nha Trang 5,Hàng Mới Ca 1,2026-07-05 - Chủ Nhật,7,1,1,0,5.29,7,0,7,0,0,0,0,0,7,Khánh Hòa,NTB,AM Thư
NTB - Khánh Hòa,(KHO) Nam Nha Trang 5,Hàng Mới Ca 1,2026-07-16 - Thứ 5,8,1,1,0,2.5,8,0,8,0,0,0,0,0,8,Khánh Hòa,NTB,AM Thư
NTB - Khánh Hòa,(KHO) Nam Nha Trang 5,Hàng Mới Ca 1,2026-07-12 - Chủ Nhật,8,1,1,0,6.13,8,0,8,0,0,0,0,0,8,Khánh Hòa,NTB,AM Thư
NTB - Khánh Hòa,(KHO) Nam Nha Trang 5,Hàng Mới Ca 1,2026-07-06 - Thứ 2,8,1,0.875,0,3.29,7,0,8,0,1,0,0,0.125,8,Khánh Hòa,NTB,AM Thư
NTB - Khánh Hòa,(KHO) Nam Nha Trang 5,Hàng Mới Ca 1,2026-07-14 - Thứ 3,10,1,0.9,0,6.67,9,0,10,0,1,0,0,0.1,10,Khánh Hòa,NTB,AM Thư
NTB - Khánh Hòa,(KHO) Nam Nha Trang 5,Hàng Mới Ca 1,2026-06-28 - Chủ Nhật,10,1,0.9,0.1,7.33,9,1,10,1,0,0,0,0,10,Khánh Hòa,NTB,AM Thư
NTB - Khánh Hòa,(KHO) Nam Nha Trang 5,Hàng Mới Ca 1,2026-07-08 - Thứ 4,10,0.9,0.9,0,6.67,9,0,9,0,1,1,0.1,0.1,10,Khánh Hòa,NTB,AM Thư
NTB - Khánh Hòa,(KHO) Nam Nha Trang 5,Hàng Mới Ca 1,2026-06-23 - Thứ 3,10,1,0.9,0,10.78,9,0,10,0,1,0,0,0.1,10,Khánh Hòa,NTB,AM Thư
NTB - Khánh Hòa,(KHO) Nam Nha Trang 5,Hàng Mới Ca 1,2026-07-03 - Thứ 6,13,1,1,0,5,13,0,13,0,0,0,0,0,13,Khánh Hòa,NTB,AM Thư
NTB - Khánh Hòa,(KHO) Nam Nha Trang 5,Hàng Mới Ca 1,2026-06-25 - Thứ 5,13,1,0.8462,0,9.73,11.0006,0,13,0,1.9994,0,0,0.1538,13,Khánh Hòa,NTB,AM Thư
NTB - Khánh Hòa,(KHO) Nam Nha Trang 5,Hàng Mới Ca 1,2026-07-02 - Thứ 5,13,1,1,0,6.31,13,0,13,0,0,0,0,0,13,Khánh Hòa,NTB,AM Thư
NTB - Khánh Hòa,(KHO) Nam Nha Trang 5,Hàng Mới Ca 1,2026-06-30 - Thứ 3,13,1,1,0,9.31,13,0,13,0,0,0,0,0,13,Khánh Hòa,NTB,AM Thư
NTB - Khánh Hòa,(KHO) Nam Nha Trang 5,Hàng Mới Ca 1,2026-07-15 - Thứ 4,14,1,0.9286,0,9.31,13.0004,0,14,0,0.9996,0,0,0.0714,14,Khánh Hòa,NTB,AM Thư
NTB - Khánh Hòa,(KHO) Nam Nha Trang 5,Hàng Mới Ca 1,2026-07-13 - Thứ 2,15,1,0.9333,0,10.5,13.9995,0,15,0,1.0005,0,0,0.0667,15,Khánh Hòa,NTB,AM Thư
NTB - Khánh Hòa,(KHO) Nam Nha Trang 5,Hàng Mới Ca 1,2026-07-10 - Thứ 6,17,1,1,0,5.41,17,0,17,0,0,0,0,0,17,Khánh Hòa,NTB,AM Thư
NTB - Khánh Hòa,(KHO) Nam Nha Trang 5,Hàng Mới Ca 1,2026-06-29 - Thứ 2,17,1,0.8824,0.0588,9.4,15.0008,0.9996,17,0.9996,0.9996,0,0,0.0588,17,Khánh Hòa,NTB,AM Thư
NTB - Khánh Hòa,(KHO) Nam Nha Trang 5,Hàng Mới Ca 1,2026-06-22 - Thứ 2,18,1,1,0,9.22,18,0,18,0,0,0,0,0,18,Khánh Hòa,NTB,AM Thư
NTB - Khánh Hòa,(KHO) Nam Nha Trang 5,Hàng Mới Ca 1,2026-06-27 - Thứ 7,18,1,0.9444,0.0556,10.12,16.9992,1.0008,18,1.0008,0,0,0,0,18,Khánh Hòa,NTB,AM Thư
NTB - Khánh Hòa,(KHO) Nam Nha Trang 5,Hàng Mới Ca 1,2026-06-26 - Thứ 6,19,1,0.8947,0,13.29,16.9993,0,19,0,2.0007,0,0,0.1053,19,Khánh Hòa,NTB,AM Thư
NTB - Khánh Hòa,(KHO) Nam Nha Trang 5,Hàng Mới Ca 1,2026-07-11 - Thứ 7,19,1,1,0,8.83,19,0,19,0,0,0,0,0,19,Khánh Hòa,NTB,AM Thư
NTB - Khánh Hòa,(KHO) Nam Nha Trang 5,Hàng Mới Ca 1,2026-06-21 - Chủ Nhật,19,1,0.8421,0,8.44,15.9999,0,19,0,3.0001,0,0,0.1579,19,Khánh Hòa,NTB,AM Thư
NTB - Khánh Hòa,(KHO) Nam Nha Trang 5,Hàng Mới Ca 1,2026-06-24 - Thứ 4,19,1,0.9474,0.0526,8.83,18.0006,0.9994,19,0.9994,0,0,0,0,19,Khánh Hòa,NTB,AM Thư
NTB - Khánh Hòa,(KHO) Nam Nha Trang 5,Hàng Mới Ca 1,2026-07-01 - Thứ 4,19,1,0.9474,0.0526,8.39,18.0006,0.9994,19,0.9994,0,0,0,0,19,Khánh Hòa,NTB,AM Thư
NTB - Khánh Hòa,(KHO) Nam Nha Trang 5,Hàng Mới Ca 1,2026-07-09 - Thứ 5,21,1,0.9048,0,7.21,19.0008,0,21,0,1.9992,0,0,0.0952,21,Khánh Hòa,NTB,AM Thư
NTB - Khánh Hòa,(KHO) Nam Nha Trang 5,Hàng Mới Ca 1,2026-07-17 - Thứ 6,25,1,0.92,0,9.35,23,0,25,0,2,0,0,0.08,25,Khánh Hòa,NTB,AM Thư
NTB - Khánh Hòa,(KHO) Nam Nha Trang 5,Hàng Mới Ca 2,2026-07-06 - Thứ 2,2,1,1,0,2,2,0,2,0,0,0,0,0,2,Khánh Hòa,NTB,AM Thư
NTB - Khánh Hòa,(KHO) Nam Nha Trang 5,Hàng Mới Ca 2,2026-07-05 - Chủ Nhật,4,1,0.75,0,2.33,3,0,4,0,1,0,0,0.25,4,Khánh Hòa,NTB,AM Thư
NTB - Khánh Hòa,(KHO) Nam Nha Trang 5,Hàng Mới Ca 2,2026-07-15 - Thứ 4,5,1,0.8,0,1.5,4,0,5,0,1,0,0,0.2,5,Khánh Hòa,NTB,AM Thư
NTB - Khánh Hòa,(KHO) Nam Nha Trang 5,Hàng Mới Ca 2,2026-06-22 - Thứ 2,5,1,1,0,4,5,0,5,0,0,0,0,0,5,Khánh Hòa,NTB,AM Thư
NTB - Khánh Hòa,(KHO) Nam Nha Trang 5,Hàng Mới Ca 2,2026-07-04 - Thứ 7,6,1,0.6667,0,3.75,4.0002,0,6,0,1.9998,0,0,0.3333,6,Khánh Hòa,NTB,AM Thư
NTB - Khánh Hòa,(KHO) Nam Nha Trang 5,Hàng Mới Ca 2,2026-06-30 - Thứ 3,6,1,0.8333,0,3.6,4.9998,0,6,0,1.0002,0,0,0.1667,6,Khánh Hòa,NTB,AM Thư
NTB - Khánh Hòa,(KHO) Nam Nha Trang 5,Hàng Mới Ca 2,2026-07-14 - Thứ 3,6,1,1,0,2.67,6,0,6,0,0,0,0,0,6,Khánh Hòa,NTB,AM Thư
NTB - Khánh Hòa,(KHO) Nam Nha Trang 5,Hàng Mới Ca 2,2026-06-29 - Thứ 2,6,1,1,0,1.83,6,0,6,0,0,0,0,0,6,Khánh Hòa,NTB,AM Thư
NTB - Khánh Hòa,(KHO) Nam Nha Trang 5,Hàng Mới Ca 2,2026-07-03 - Thứ 6,7,1,0.8571,0,3,5.9997,0,7,0,1.0003,0,0,0.1429,7,Khánh Hòa,NTB,AM Thư
NTB - Khánh Hòa,(KHO) Nam Nha Trang 5,Hàng Mới Ca 2,2026-06-21 - Chủ Nhật,9,1,1,0,3.89,9,0,9,0,0,0,0,0,9,Khánh Hòa,NTB,AM Thư
NTB - Khánh Hòa,(KHO) Nam Nha Trang 5,Hàng Mới Ca 2,2026-07-02 - Thứ 5,9,1,0.7778,0,3.71,7.0002,0,9,0,1.9998,0,0,0.2222,9,Khánh Hòa,NTB,AM Thư
NTB - Khánh Hòa,(KHO) Nam Nha Trang 5,Hàng Mới Ca 2,2026-07-13 - Thứ 2,9,1,1,0,3.22,9,0,9,0,0,0,0,0,9,Khánh Hòa,NTB,AM Thư
NTB - Khánh Hòa,(KHO) Nam Nha Trang 5,Hàng Mới Ca 2,2026-07-01 - Thứ 4,9,1,1,0,4,9,0,9,0,0,0,0,0,9,Khánh Hòa,NTB,AM Thư
NTB - Khánh Hòa,(KHO) Nam Nha Trang 5,Hàng Mới Ca 2,2026-07-07 - Thứ 3,10,1,0.9,0,2.22,9,0,10,0,1,0,0,0.1,10,Khánh Hòa,NTB,AM Thư
NTB - Khánh Hòa,(KHO) Nam Nha Trang 5,Hàng Mới Ca 2,2026-06-25 - Thứ 5,10,1,0.7,0,3.71,7,0,10,0,3,0,0,0.3,10,Khánh Hòa,NTB,AM Thư
NTB - Khánh Hòa,(KHO) Nam Nha Trang 5,Hàng Mới Ca 2,2026-06-23 - Thứ 3,10,1,1,0,3.8,10,0,10,0,0,0,0,0,10,Khánh Hòa,NTB,AM Thư
NTB - Khánh Hòa,(KHO) Nam Nha Trang 5,Hàng Mới Ca 2,2026-07-17 - Thứ 6,12,1,0.75,0,2.67,9,0,12,0,3,0,0,0.25,12,Khánh Hòa,NTB,AM Thư
NTB - Khánh Hòa,(KHO) Nam Nha Trang 5,Hàng Mới Ca 2,2026-06-27 - Thứ 7,14,1,0.9286,0,4.15,13.0004,0,14,0,0.9996,0,0,0.0714,14,Khánh Hòa,NTB,AM Thư
NTB - Khánh Hòa,(KHO) Nam Nha Trang 5,Hàng Mới Ca 2,2026-07-12 - Chủ Nhật,14,1,0.7857,0.0714,3.09,10.9998,0.9996,14,0.9996,2.0006,0,0,0.1429,14,Khánh Hòa,NTB,AM Thư
NTB - Khánh Hòa,(KHO) Nam Nha Trang 5,Hàng Mới Ca 2,2026-07-16 - Thứ 5,14,1,0.7857,0,3.64,10.9998,0,14,0,3.0002,0,0,0.2143,14,Khánh Hòa,NTB,AM Thư
NTB - Khánh Hòa,(KHO) Nam Nha Trang 5,Hàng Mới Ca 2,2026-06-28 - Chủ Nhật,15,1,0.9333,0,3.71,13.9995,0,15,0,1.0005,0,0,0.0667,15,Khánh Hòa,NTB,AM Thư
NTB - Khánh Hòa,(KHO) Nam Nha Trang 5,Hàng Mới Ca 2,2026-06-26 - Thứ 6,16,1,0.9375,0,3.47,15,0,16,0,1,0,0,0.0625,16,Khánh Hòa,NTB,AM Thư
NTB - Khánh Hòa,(KHO) Nam Nha Trang 5,Hàng Mới Ca 2,2026-07-09 - Thứ 5,16,1,1,0,2.38,16,0,16,0,0,0,0,0,16,Khánh Hòa,NTB,AM Thư
NTB - Khánh Hòa,(KHO) Nam Nha Trang 5,Hàng Mới Ca 2,2026-06-24 - Thứ 4,16,1,0.9375,0,3.67,15,0,16,0,1,0,0,0.0625,16,Khánh Hòa,NTB,AM Thư
NTB - Khánh Hòa,(KHO) Nam Nha Trang 5,Hàng Mới Ca 2,2026-07-10 - Thứ 6,16,1,1,0,3.69,16,0,16,0,0,0,0,0,16,Khánh Hòa,NTB,AM Thư
NTB - Khánh Hòa,(KHO) Nam Nha Trang 5,Hàng Mới Ca 2,2026-06-20 - Thứ 7,18,1,0.8889,0.0556,4,16.0002,1.0008,18,1.0008,0.999,0,0,0.0555,18,Khánh Hòa,NTB,AM Thư
NTB - Khánh Hòa,(KHO) Nam Nha Trang 5,Hàng Mới Ca 2,2026-07-11 - Thứ 7,21,1,0.9048,0,1.63,19.0008,0,21,0,1.9992,0,0,0.0952,21,Khánh Hòa,NTB,AM Thư
NTB - Khánh Hòa,(KHO) Nam Nha Trang 5,Hàng Mới Ca 2,2026-07-08 - Thứ 4,22,1,1,0,3.32,22,0,22,0,0,0,0,0,22,Khánh Hòa,NTB,AM Thư
NTB - Khánh Hòa,(KHO) Nam Nha Trang 5,Hàng Tồn,2026-07-14 - Thứ 3,1,1,0,1,0,0,1,1,1,0,0,0,0,0,Khánh Hòa,NTB,AM Thư
NTB - Khánh Hòa,(KHO) Nam Nha Trang 5,Hàng Tồn,2026-07-15 - Thứ 4,1,1,1,0,30,1,0,1,0,0,0,0,0,0,Khánh Hòa,NTB,AM Thư
NTB - Khánh Hòa,(KHO) Nam Nha Trang 5,Hàng Tồn,2026-06-21 - Chủ Nhật,1,1,0,0,0,0,0,1,0,1,0,0,1,0,Khánh Hòa,NTB,AM Thư
NTB - Khánh Hòa,(KHO) Nam Nha Trang 5,Hàng Tồn,2026-06-28 - Chủ Nhật,1,1,1,0,20,1,0,1,0,0,0,0,0,0,Khánh Hòa,NTB,AM Thư
NTB - Khánh Hòa,(KHO) Nam Nha Trang 5,Hàng Tồn,2026-06-23 - Thứ 3,1,1,0,0,0,0,0,1,0,1,0,0,1,0,Khánh Hòa,NTB,AM Thư
NTB - Khánh Hòa,(KHO) Nam Nha Trang 5,Hàng Tồn,2026-06-24 - Thứ 4,1,1,0,0,0,0,0,1,0,1,0,0,1,0,Khánh Hòa,NTB,AM Thư
NTB - Khánh Hòa,(KHO) Nam Nha Trang 5,Hàng Tồn,2026-07-11 - Thứ 7,1,1,0,0,0,0,0,1,0,1,0,0,1,0,Khánh Hòa,NTB,AM Thư
NTB - Khánh Hòa,(KHO) Nam Nha Trang 5,Hàng Tồn,2026-06-29 - Thứ 2,1,1,1,0,21,1,0,1,0,0,0,0,0,0,Khánh Hòa,NTB,AM Thư
NTB - Khánh Hòa,(KHO) Nam Nha Trang 5,Hàng Tồn,2026-07-07 - Thứ 3,1,1,0,0,0,0,0,1,0,1,0,0,1,0,Khánh Hòa,NTB,AM Thư
NTB - Khánh Hòa,(KHO) Nam Nha Trang 5,Hàng Tồn,2026-06-30 - Thứ 3,1,1,1,0,28,1,0,1,0,0,0,0,0,0,Khánh Hòa,NTB,AM Thư
NTB - Khánh Hòa,(KHO) Nam Nha Trang 5,Hàng Tồn,2026-07-01 - Thứ 4,1,1,1,0,30,1,0,1,0,0,0,0,0,0,Khánh Hòa,NTB,AM Thư
NTB - Khánh Hòa,(KHO) Nam Nha Trang 5,Hàng Tồn,2026-07-04 - Thứ 7,1,1,1,0,21,1,0,1,0,0,0,0,0,0,Khánh Hòa,NTB,AM Thư
NTB - Khánh Hòa,(KHO) Nam Nha Trang 5,Hàng Tồn,2026-06-20 - Thứ 7,1,1,1,0,29,1,0,1,0,0,0,0,0,0,Khánh Hòa,NTB,AM Thư
NTB - Khánh Hòa,(KHO) Nam Nha Trang 5,Hàng Tồn,2026-07-05 - Chủ Nhật,2,1,0.5,0,28,1,0,2,0,1,0,0,0.5,0,Khánh Hòa,NTB,AM Thư
NTB - Khánh Hòa,(KHO) Nam Nha Trang 5,Hàng Tồn,2026-07-08 - Thứ 4,2,1,0.5,0,24,1,0,2,0,1,0,0,0.5,0,Khánh Hòa,NTB,AM Thư
NTB - Khánh Hòa,(KHO) Nam Nha Trang 5,Hàng Tồn,2026-07-03 - Thứ 6,2,1,1,0,24,2,0,2,0,0,0,0,0,0,Khánh Hòa,NTB,AM Thư
NTB - Khánh Hòa,(KHO) Nam Nha Trang 5,Hàng Tồn,2026-07-16 - Thứ 5,2,1,0,0.5,0,0,1,2,1,1,0,0,0.5,0,Khánh Hòa,NTB,AM Thư
NTB - Khánh Hòa,(KHO) Nam Nha Trang 5,Hàng Tồn,2026-07-12 - Chủ Nhật,2,1,1,0,19,2,0,2,0,0,0,0,0,0,Khánh Hòa,NTB,AM Thư
NTB - Khánh Hòa,(KHO) Nam Nha Trang 5,Hàng Tồn,2026-07-10 - Thứ 6,2,1,0.5,0,36,1,0,2,0,1,0,0,0.5,0,Khánh Hòa,NTB,AM Thư
NTB - Khánh Hòa,(KHO) Nam Nha Trang 5,Hàng Tồn,2026-07-06 - Thứ 2,2,1,0.5,0,26,1,0,2,0,1,0,0,0.5,0,Khánh Hòa,NTB,AM Thư
NTB - Khánh Hòa,(KHO) Nam Nha Trang 5,Hàng Tồn,2026-07-13 - Thứ 2,2,1,1,0,23.5,2,0,2,0,0,0,0,0,0,Khánh Hòa,NTB,AM Thư
NTB - Khánh Hòa,(KHO) Nam Nha Trang 5,Hàng Tồn,2026-06-25 - Thứ 5,3,0.6667,0.3333,0,29,0.9999,0,2.0001,0,2.0001,0.9999,0.3333,0.6667,0,Khánh Hòa,NTB,AM Thư
NTB - Khánh Hòa,(KHO) Nam Nha Trang 5,Hàng Tồn,2026-06-22 - Thứ 2,4,1,0.5,0,32,2,0,4,0,2,0,0,0.5,0,Khánh Hòa,NTB,AM Thư
NTB - Khánh Hòa,(KHO) Nam Nha Trang 5,Hàng Tồn,2026-07-17 - Thứ 6,4,1,0.5,0,25.5,2,0,4,0,2,0,0,0.5,0,Khánh Hòa,NTB,AM Thư
NTB - Khánh Hòa,(KHO) Nam Nha Trang 5,Hàng Tồn,2026-06-27 - Thứ 7,5,1,1,0,44,5,0,5,0,0,0,0,0,0,Khánh Hòa,NTB,AM Thư
NTB - Khánh Hòa,(KHO) Nam Nha Trang 5,Hàng Tồn,2026-06-26 - Thứ 6,6,0.8333,0.6667,0,33,4.0002,0,4.9998,0,1.9998,1.0002,0.1667,0.3333,0,Khánh Hòa,NTB,AM Thư
NTB - Khánh Hòa,(KHO) Nam Nha Trang 3,Hàng Mới Ca 1,2026-07-07 - Thứ 3,6,1,0.8333,0,9.8,4.9998,0,6,0,1.0002,0,0,0.1667,6,Khánh Hòa,NTB,AM Thư
NTB - Khánh Hòa,(KHO) Nam Nha Trang 3,Hàng Mới Ca 1,2026-07-03 - Thứ 6,11,1,0.9091,0.0909,4.9,10.0001,0.9999,11,0.9999,0,0,0,0,11,Khánh Hòa,NTB,AM Thư
NTB - Khánh Hòa,(KHO) Nam Nha Trang 3,Hàng Mới Ca 1,2026-07-06 - Thứ 2,12,1,0.9167,0,9,11.0004,0,12,0,0.9996,0,0,0.0833,12,Khánh Hòa,NTB,AM Thư
NTB - Khánh Hòa,(KHO) Nam Nha Trang 3,Hàng Mới Ca 1,2026-07-05 - Chủ Nhật,12,0.9167,0.9167,0,11.09,11.0004,0,11.0004,0,0.9996,0.9996,0.0833,0.0833,12,Khánh Hòa,NTB,AM Thư
NTB - Khánh Hòa,(KHO) Nam Nha Trang 3,Hàng Mới Ca 1,2026-07-04 - Thứ 7,17,1,0.9412,0,10.19,16.0004,0,17,0,0.9996,0,0,0.0588,17,Khánh Hòa,NTB,AM Thư
NTB - Khánh Hòa,(KHO) Nam Nha Trang 3,Hàng Mới Ca 1,2026-06-20 - Thứ 7,17,1,0.8235,0,5.07,13.9995,0,17,0,3.0005,0,0,0.1765,17,Khánh Hòa,NTB,AM Thư
NTB - Khánh Hòa,(KHO) Nam Nha Trang 3,Hàng Mới Ca 1,2026-07-12 - Chủ Nhật,18,1,0.6111,0,11.36,10.9998,0,18,0,7.0002,0,0,0.3889,18,Khánh Hòa,NTB,AM Thư
NTB - Khánh Hòa,(KHO) Nam Nha Trang 3,Hàng Mới Ca 1,2026-07-01 - Thứ 4,20,1,0.9,0,6.22,18,0,20,0,2,0,0,0.1,20,Khánh Hòa,NTB,AM Thư
NTB - Khánh Hòa,(KHO) Nam Nha Trang 3,Hàng Mới Ca 1,2026-06-30 - Thứ 3,21,1,0.7619,0.0952,9.63,15.9999,1.9992,21,1.9992,3.0009,0,0,0.1429,21,Khánh Hòa,NTB,AM Thư
NTB - Khánh Hòa,(KHO) Nam Nha Trang 3,Hàng Mới Ca 1,2026-07-08 - Thứ 4,23,0.9565,0.7826,0,7.5,17.9998,0,21.9995,0,5.0002,1.0005,0.0435,0.2174,23,Khánh Hòa,NTB,AM Thư
NTB - Khánh Hòa,(KHO) Nam Nha Trang 3,Hàng Mới Ca 1,2026-06-29 - Thứ 2,23,1,0.8696,0,10.7,20.0008,0,23,0,2.9992,0,0,0.1304,23,Khánh Hòa,NTB,AM Thư
NTB - Khánh Hòa,(KHO) Nam Nha Trang 3,Hàng Mới Ca 1,2026-06-23 - Thứ 3,25,1,0.84,0,9.33,21,0,25,0,4,0,0,0.16,25,Khánh Hòa,NTB,AM Thư
NTB - Khánh Hòa,(KHO) Nam Nha Trang 3,Hàng Mới Ca 1,2026-07-02 - Thứ 5,26,1,0.9231,0,4.79,24.0006,0,26,0,1.9994,0,0,0.0769,26,Khánh Hòa,NTB,AM Thư
NTB - Khánh Hòa,(KHO) Nam Nha Trang 3,Hàng Mới Ca 1,2026-06-25 - Thứ 5,29,1,0.8621,0,8.4,25.0009,0,29,0,3.9991,0,0,0.1379,29,Khánh Hòa,NTB,AM Thư
NTB - Khánh Hòa,(KHO) Nam Nha Trang 3,Hàng Mới Ca 1,2026-06-21 - Chủ Nhật,31,1,0.8065,0,11.96,25.0015,0,31,0,5.9985,0,0,0.1935,31,Khánh Hòa,NTB,AM Thư
NTB - Khánh Hòa,(KHO) Nam Nha Trang 3,Hàng Mới Ca 1,2026-07-10 - Thứ 6,35,1,0.8286,0.0286,8.31,29.001,1.001,35,1.001,4.998,0,0,0.1428,35,Khánh Hòa,NTB,AM Thư
NTB - Khánh Hòa,(KHO) Nam Nha Trang 3,Hàng Mới Ca 1,2026-06-24 - Thứ 4,36,1,0.9722,0,7.46,34.9992,0,36,0,1.0008,0,0,0.0278,36,Khánh Hòa,NTB,AM Thư
NTB - Khánh Hòa,(KHO) Nam Nha Trang 3,Hàng Mới Ca 1,2026-06-27 - Thứ 7,36,1,0.8056,0,9.79,29.0016,0,36,0,6.9984,0,0,0.1944,36,Khánh Hòa,NTB,AM Thư
NTB - Khánh Hòa,(KHO) Nam Nha Trang 3,Hàng Mới Ca 1,2026-07-17 - Thứ 6,37,1,0.8919,0.0541,8.18,33.0003,2.0017,37,2.0017,1.998,0,0,0.054,37,Khánh Hòa,NTB,AM Thư
NTB - Khánh Hòa,(KHO) Nam Nha Trang 3,Hàng Mới Ca 1,2026-07-15 - Thứ 4,38,1,0.9211,0.0263,9.09,35.0018,0.9994,38,0.9994,1.9988,0,0,0.0526,38,Khánh Hòa,NTB,AM Thư
NTB - Khánh Hòa,(KHO) Nam Nha Trang 3,Hàng Mới Ca 1,2026-06-26 - Thứ 6,39,0.9744,0.6923,0,7.85,26.9997,0,38.0016,0,12.0003,0.9984,0.0256,0.3077,39,Khánh Hòa,NTB,AM Thư
NTB - Khánh Hòa,(KHO) Nam Nha Trang 3,Hàng Mới Ca 1,2026-07-11 - Thứ 7,40,1,0.8,0,9.06,32,0,40,0,8,0,0,0.2,40,Khánh Hòa,NTB,AM Thư
NTB - Khánh Hòa,(KHO) Nam Nha Trang 3,Hàng Mới Ca 1,2026-07-16 - Thứ 5,40,1,0.875,0,4.17,35,0,40,0,5,0,0,0.125,40,Khánh Hòa,NTB,AM Thư
NTB - Khánh Hòa,(KHO) Nam Nha Trang 3,Hàng Mới Ca 1,2026-07-13 - Thứ 2,41,1,0.9512,0,7.23,38.9992,0,41,0,2.0008,0,0,0.0488,41,Khánh Hòa,NTB,AM Thư
NTB - Khánh Hòa,(KHO) Nam Nha Trang 3,Hàng Mới Ca 1,2026-06-22 - Thứ 2,43,1,0.7674,0,12.3,32.9982,0,43,0,10.0018,0,0,0.2326,43,Khánh Hòa,NTB,AM Thư
NTB - Khánh Hòa,(KHO) Nam Nha Trang 3,Hàng Mới Ca 1,2026-07-09 - Thứ 5,44,1,0.8636,0.0227,7.05,37.9984,0.9988,44,0.9988,5.0028,0,0,0.1137,44,Khánh Hòa,NTB,AM Thư
NTB - Khánh Hòa,(KHO) Nam Nha Trang 3,Hàng Mới Ca 1,2026-07-14 - Thứ 3,44,1,0.9091,0.0227,4.3,40.0004,0.9988,44,0.9988,3.0008,0,0,0.0682,44,Khánh Hòa,NTB,AM Thư
NTB - Khánh Hòa,(KHO) Nam Nha Trang 3,Hàng Mới Ca 1,2026-06-28 - Chủ Nhật,46,0.9783,0.7174,0,6.79,33.0004,0,45.0018,0,12.9996,0.9982,0.0217,0.2826,46,Khánh Hòa,NTB,AM Thư
NTB - Khánh Hòa,(KHO) Nam Nha Trang 3,Hàng Mới Ca 2,2026-07-13 - Thứ 2,4,0.75,0.75,0,2.67,3,0,3,0,1,1,0.25,0.25,4,Khánh Hòa,NTB,AM Thư
NTB - Khánh Hòa,(KHO) Nam Nha Trang 3,Hàng Mới Ca 2,2026-07-06 - Thứ 2,5,1,0.8,0,2,4,0,5,0,1,0,0,0.2,5,Khánh Hòa,NTB,AM Thư
NTB - Khánh Hòa,(KHO) Nam Nha Trang 3,Hàng Mới Ca 2,2026-07-07 - Thứ 3,8,1,1,0,1.25,8,0,8,0,0,0,0,0,8,Khánh Hòa,NTB,AM Thư
NTB - Khánh Hòa,(KHO) Nam Nha Trang 3,Hàng Mới Ca 2,2026-07-15 - Thứ 4,10,0.8,0.6,0,2.5,6,0,8,0,4,2,0.2,0.4,10,Khánh Hòa,NTB,AM Thư
NTB - Khánh Hòa,(KHO) Nam Nha Trang 3,Hàng Mới Ca 2,2026-06-22 - Thứ 2,10,0.8,0.5,0,3,5,0,8,0,5,2,0.2,0.5,10,Khánh Hòa,NTB,AM Thư
NTB - Khánh Hòa,(KHO) Nam Nha Trang 3,Hàng Mới Ca 2,2026-07-03 - Thứ 6,11,0.8182,0.6364,0,1,7.0004,0,9.0002,0,3.9996,1.9998,0.1818,0.3636,11,Khánh Hòa,NTB,AM Thư
NTB - Khánh Hòa,(KHO) Nam Nha Trang 3,Hàng Mới Ca 2,2026-06-20 - Thứ 7,11,1,0.9091,0,2.3,10.0001,0,11,0,0.9999,0,0,0.0909,11,Khánh Hòa,NTB,AM Thư
NTB - Khánh Hòa,(KHO) Nam Nha Trang 3,Hàng Mới Ca 2,2026-06-29 - Thứ 2,11,1,1,0,2.27,11,0,11,0,0,0,0,0,11,Khánh Hòa,NTB,AM Thư
NTB - Khánh Hòa,(KHO) Nam Nha Trang 3,Hàng Mới Ca 2,2026-07-02 - Thứ 5,12,0.8333,0.75,0,1.89,9,0,9.9996,0,3,2.0004,0.1667,0.25,12,Khánh Hòa,NTB,AM Thư
NTB - Khánh Hòa,(KHO) Nam Nha Trang 3,Hàng Mới Ca 2,2026-06-21 - Chủ Nhật,14,0.9286,0.7143,0,2.4,10.0002,0,13.0004,0,3.9998,0.9996,0.0714,0.2857,14,Khánh Hòa,NTB,AM Thư
NTB - Khánh Hòa,(KHO) Nam Nha Trang 3,Hàng Mới Ca 2,2026-07-01 - Thứ 4,16,0.9375,0.875,0.0625,2.57,14,1,15,1,1,1,0.0625,0.0625,16,Khánh Hòa,NTB,AM Thư
NTB - Khánh Hòa,(KHO) Nam Nha Trang 3,Hàng Mới Ca 2,2026-07-14 - Thứ 3,16,0.9375,0.75,0,2.25,12,0,15,0,4,1,0.0625,0.25,16,Khánh Hòa,NTB,AM Thư
NTB - Khánh Hòa,(KHO) Nam Nha Trang 3,Hàng Mới Ca 2,2026-06-25 - Thứ 5,16,0.875,0.875,0,2.14,14,0,14,0,2,2,0.125,0.125,16,Khánh Hòa,NTB,AM Thư
NTB - Khánh Hòa,(KHO) Nam Nha Trang 3,Hàng Mới Ca 2,2026-06-30 - Thứ 3,17,1,0.7059,0.0588,3.58,12.0003,0.9996,17,0.9996,4.0001,0,0,0.2353,17,Khánh Hòa,NTB,AM Thư
NTB - Khánh Hòa,(KHO) Nam Nha Trang 3,Hàng Mới Ca 2,2026-07-05 - Chủ Nhật,18,0.8333,0.6111,0,1.91,10.9998,0,14.9994,0,7.0002,3.0006,0.1667,0.3889,18,Khánh Hòa,NTB,AM Thư
NTB - Khánh Hòa,(KHO) Nam Nha Trang 3,Hàng Mới Ca 2,2026-07-04 - Thứ 7,19,0.7895,0.6316,0,2.83,12.0004,0,15.0005,0,6.9996,3.9995,0.2105,0.3684,19,Khánh Hòa,NTB,AM Thư
NTB - Khánh Hòa,(KHO) Nam Nha Trang 3,Hàng Mới Ca 2,2026-06-27 - Thứ 7,19,0.6842,0.5263,0,2.5,9.9997,0,12.9998,0,9.0003,6.0002,0.3158,0.4737,19,Khánh Hòa,NTB,AM Thư
NTB - Khánh Hòa,(KHO) Nam Nha Trang 3,Hàng Mới Ca 2,2026-07-16 - Thứ 5,20,1,0.65,0,3.15,13,0,20,0,7,0,0,0.35,20,Khánh Hòa,NTB,AM Thư
NTB - Khánh Hòa,(KHO) Nam Nha Trang 3,Hàng Mới Ca 2,2026-06-28 - Chủ Nhật,20,0.85,0.8,0,2.81,16,0,17,0,4,3,0.15,0.2,20,Khánh Hòa,NTB,AM Thư
NTB - Khánh Hòa,(KHO) Nam Nha Trang 3,Hàng Mới Ca 2,2026-06-23 - Thứ 3,20,0.95,0.65,0,2.54,13,0,19,0,7,1,0.05,0.35,20,Khánh Hòa,NTB,AM Thư
NTB - Khánh Hòa,(KHO) Nam Nha Trang 3,Hàng Mới Ca 2,2026-06-26 - Thứ 6,22,0.7727,0.5909,0.0909,2.08,12.9998,1.9998,16.9994,1.9998,7.0004,5.0006,0.2273,0.3182,22,Khánh Hòa,NTB,AM Thư
NTB - Khánh Hòa,(KHO) Nam Nha Trang 3,Hàng Mới Ca 2,2026-06-24 - Thứ 4,26,0.8462,0.6154,0.0385,1.88,16.0004,1.001,22.0012,1.001,8.9986,3.9988,0.1538,0.3461,26,Khánh Hòa,NTB,AM Thư
NTB - Khánh Hòa,(KHO) Nam Nha Trang 3,Hàng Mới Ca 2,2026-07-11 - Thứ 7,30,0.9333,0.7,0,2.14,21,0,27.999,0,9,2.001,0.0667,0.3,30,Khánh Hòa,NTB,AM Thư
NTB - Khánh Hòa,(KHO) Nam Nha Trang 3,Hàng Mới Ca 2,2026-07-12 - Chủ Nhật,31,0.8065,0.5161,0,1.94,15.9991,0,25.0015,0,15.0009,5.9985,0.1935,0.4839,31,Khánh Hòa,NTB,AM Thư
NTB - Khánh Hòa,(KHO) Nam Nha Trang 3,Hàng Mới Ca 2,2026-07-17 - Thứ 6,33,0.9697,0.8485,0,2.25,28.0005,0,32.0001,0,4.9995,0.9999,0.0303,0.1515,33,Khánh Hòa,NTB,AM Thư
NTB - Khánh Hòa,(KHO) Nam Nha Trang 3,Hàng Mới Ca 2,2026-07-10 - Thứ 6,41,0.878,0.878,0,2.5,35.998,0,35.998,0,5.002,5.002,0.122,0.122,41,Khánh Hòa,NTB,AM Thư
NTB - Khánh Hòa,(KHO) Nam Nha Trang 3,Hàng Mới Ca 2,2026-07-08 - Thứ 4,45,0.8889,0.8222,0,2.03,36.999,0,40.0005,0,8.001,4.9995,0.1111,0.1778,45,Khánh Hòa,NTB,AM Thư
NTB - Khánh Hòa,(KHO) Nam Nha Trang 3,Hàng Mới Ca 2,2026-07-09 - Thứ 5,57,0.8947,0.7193,0,2.34,41.0001,0,50.9979,0,15.9999,6.0021,0.1053,0.2807,57,Khánh Hòa,NTB,AM Thư
NTB - Khánh Hòa,(KHO) Nam Nha Trang 3,Hàng Tồn,2026-07-02 - Thứ 5,4,1,0.75,0.25,26.33,3,1,4,1,0,0,0,0,0,Khánh Hòa,NTB,AM Thư
NTB - Khánh Hòa,(KHO) Nam Nha Trang 3,Hàng Tồn,2026-07-04 - Thứ 7,4,1,1,0,23.75,4,0,4,0,0,0,0,0,0,Khánh Hòa,NTB,AM Thư
NTB - Khánh Hòa,(KHO) Nam Nha Trang 3,Hàng Tồn,2026-07-03 - Thứ 6,5,1,1,0,26,5,0,5,0,0,0,0,0,0,Khánh Hòa,NTB,AM Thư
NTB - Khánh Hòa,(KHO) Nam Nha Trang 3,Hàng Tồn,2026-07-08 - Thứ 4,5,1,0.6,0.2,69.67,3,1,5,1,1,0,0,0.2,0,Khánh Hòa,NTB,AM Thư
NTB - Khánh Hòa,(KHO) Nam Nha Trang 3,Hàng Tồn,2026-07-07 - Thứ 3,7,1,0.4286,0,53.67,3.0002,0,7,0,3.9998,0,0,0.5714,0,Khánh Hòa,NTB,AM Thư
NTB - Khánh Hòa,(KHO) Nam Nha Trang 3,Hàng Tồn,2026-07-05 - Chủ Nhật,8,1,0.75,0,25.5,6,0,8,0,2,0,0,0.25,0,Khánh Hòa,NTB,AM Thư
NTB - Khánh Hòa,(KHO) Nam Nha Trang 3,Hàng Tồn,2026-07-01 - Thứ 4,9,1,0.8889,0,41.25,8.0001,0,9,0,0.9999,0,0,0.1111,0,Khánh Hòa,NTB,AM Thư
NTB - Khánh Hòa,(KHO) Nam Nha Trang 3,Hàng Tồn,2026-07-06 - Thứ 2,9,1,0.4444,0,26,3.9996,0,9,0,5.0004,0,0,0.5556,0,Khánh Hòa,NTB,AM Thư
NTB - Khánh Hòa,(KHO) Nam Nha Trang 3,Hàng Tồn,2026-07-16 - Thứ 5,9,1,0.4444,0.2222,32.25,3.9996,1.9998,9,1.9998,3.0006,0,0,0.3334,0,Khánh Hòa,NTB,AM Thư
NTB - Khánh Hòa,(KHO) Nam Nha Trang 3,Hàng Tồn,2026-07-15 - Thứ 4,10,0.9,0.6,0.1,29.5,6,1,9,1,3,1,0.1,0.3,0,Khánh Hòa,NTB,AM Thư
NTB - Khánh Hòa,(KHO) Nam Nha Trang 3,Hàng Tồn,2026-06-21 - Chủ Nhật,12,0.9167,0.5,0.1667,40,6,2.0004,11.0004,2.0004,3.9996,0.9996,0.0833,0.3333,0,Khánh Hòa,NTB,AM Thư
NTB - Khánh Hòa,(KHO) Nam Nha Trang 3,Hàng Tồn,2026-06-26 - Thứ 6,12,1,0.5833,0.0833,54.43,6.9996,0.9996,12,0.9996,4.0008,0,0,0.3334,0,Khánh Hòa,NTB,AM Thư
NTB - Khánh Hòa,(KHO) Nam Nha Trang 3,Hàng Tồn,2026-06-24 - Thứ 4,13,1,0.5385,0.0769,25,7.0005,0.9997,13,0.9997,4.9998,0,0,0.3846,0,Khánh Hòa,NTB,AM Thư
NTB - Khánh Hòa,(KHO) Nam Nha Trang 3,Hàng Tồn,2026-07-14 - Thứ 3,13,0.9231,0.6923,0.0769,54.11,8.9999,0.9997,12.0003,0.9997,3.0004,0.9997,0.0769,0.2308,0,Khánh Hòa,NTB,AM Thư
NTB - Khánh Hòa,(KHO) Nam Nha Trang 3,Hàng Tồn,2026-06-22 - Thứ 2,13,1,0.6923,0.1538,31.56,8.9999,1.9994,13,1.9994,2.0007,0,0,0.1539,0,Khánh Hòa,NTB,AM Thư
NTB - Khánh Hòa,(KHO) Nam Nha Trang 3,Hàng Tồn,2026-07-09 - Thứ 5,13,1,0.6923,0.0769,27.11,8.9999,0.9997,13,0.9997,3.0004,0,0,0.2308,0,Khánh Hòa,NTB,AM Thư
NTB - Khánh Hòa,(KHO) Nam Nha Trang 3,Hàng Tồn,2026-06-25 - Thứ 5,14,0.9286,0.6429,0,30.56,9.0006,0,13.0004,0,4.9994,0.9996,0.0714,0.3571,0,Khánh Hòa,NTB,AM Thư
NTB - Khánh Hòa,(KHO) Nam Nha Trang 3,Hàng Tồn,2026-07-11 - Thứ 7,14,1,0.5,0.1429,32.71,7,2.0006,14,2.0006,4.9994,0,0,0.3571,0,Khánh Hòa,NTB,AM Thư
NTB - Khánh Hòa,(KHO) Nam Nha Trang 3,Hàng Tồn,2026-07-17 - Thứ 6,15,1,0.6667,0.0667,29.8,10.0005,1.0005,15,1.0005,3.999,0,0,0.2666,0,Khánh Hòa,NTB,AM Thư
NTB - Khánh Hòa,(KHO) Nam Nha Trang 3,Hàng Tồn,2026-06-23 - Thứ 3,17,1,0.7647,0.1176,37.23,12.9999,1.9992,17,1.9992,2.0009,0,0,0.1177,0,Khánh Hòa,NTB,AM Thư
NTB - Khánh Hòa,(KHO) Nam Nha Trang 3,Hàng Tồn,2026-07-12 - Chủ Nhật,18,1,0.5556,0.1111,37,10.0008,1.9998,18,1.9998,5.9994,0,0,0.3333,0,Khánh Hòa,NTB,AM Thư
NTB - Khánh Hòa,(KHO) Nam Nha Trang 3,Hàng Tồn,2026-06-30 - Thứ 3,18,0.9444,0.7222,0,56.46,12.9996,0,16.9992,0,5.0004,1.0008,0.0556,0.2778,0,Khánh Hòa,NTB,AM Thư
NTB - Khánh Hòa,(KHO) Nam Nha Trang 3,Hàng Tồn,2026-06-28 - Chủ Nhật,20,1,0.7,0.05,29.64,14,1,20,1,5,0,0,0.25,0,Khánh Hòa,NTB,AM Thư
NTB - Khánh Hòa,(KHO) Nam Nha Trang 3,Hàng Tồn,2026-06-29 - Thứ 2,21,0.7143,0.2381,0.0476,28.4,5.0001,0.9996,15.0003,0.9996,15.0003,5.9997,0.2857,0.7143,0,Khánh Hòa,NTB,AM Thư
NTB - Khánh Hòa,(KHO) Nam Nha Trang 3,Hàng Tồn,2026-06-20 - Thứ 7,22,1,0.5909,0.0455,31.15,12.9998,1.001,22,1.001,7.9992,0,0,0.3636,0,Khánh Hòa,NTB,AM Thư
NTB - Khánh Hòa,(KHO) Nam Nha Trang 3,Hàng Tồn,2026-06-27 - Thứ 7,22,1,0.7727,0.0455,33.47,16.9994,1.001,22,1.001,3.9996,0,0,0.1818,0,Khánh Hòa,NTB,AM Thư
NTB - Khánh Hòa,(KHO) Nam Nha Trang 3,Hàng Tồn,2026-07-10 - Thứ 6,23,1,0.7826,0.0435,31.56,17.9998,1.0005,23,1.0005,3.9997,0,0,0.1739,0,Khánh Hòa,NTB,AM Thư
NTB - Khánh Hòa,(KHO) Nam Nha Trang 3,Hàng Tồn,2026-07-13 - Thứ 2,31,1,0.6774,0,31.86,20.9994,0,31,0,10.0006,0,0,0.3226,0,Khánh Hòa,NTB,AM Thư
NTB - Khánh Hòa,(KHO) Nam Nha Trang 2,Hàng Mới Ca 1,2026-06-26 - Thứ 6,92,0.9783,0.7717,0.0435,11.58,70.9964,4.002,90.0036,4.002,17.0016,1.9964,0.0217,0.1848,92,Khánh Hòa,NTB,AM Thư
NTB - Khánh Hòa,(KHO) Nam Nha Trang 2,Hàng Mới Ca 1,2026-07-17 - Thứ 6,90,1,0.7222,0.0222,13.29,64.998,1.998,90,1.998,23.004,0,0,0.2556,90,Khánh Hòa,NTB,AM Thư
NTB - Khánh Hòa,(KHO) Nam Nha Trang 2,Hàng Mới Ca 1,2026-07-09 - Thứ 5,124,0.9919,0.8145,0.0161,13.32,100.998,1.9964,122.9956,1.9964,21.0056,1.0044,0.0081,0.1694,124,Khánh Hòa,NTB,AM Thư
NTB - Khánh Hòa,(KHO) Nam Nha Trang 2,Hàng Mới Ca 1,2026-07-16 - Thứ 5,72,0.9861,0.75,0,9.93,54,0,70.9992,0,18,1.0008,0.0139,0.25,72,Khánh Hòa,NTB,AM Thư
NTB - Khánh Hòa,(KHO) Nam Nha Trang 2,Hàng Mới Ca 1,2026-06-28 - Chủ Nhật,80,1,0.7875,0.0125,10.6,63,1,80,1,16,0,0,0.2,80,Khánh Hòa,NTB,AM Thư
NTB - Khánh Hòa,(KHO) Nam Nha Trang 2,Hàng Mới Ca 1,2026-06-25 - Thứ 5,94,1,0.9468,0.0106,13.31,88.9992,0.9964,94,0.9964,4.0044,0,0,0.0426,94,Khánh Hòa,NTB,AM Thư
NTB - Khánh Hòa,(KHO) Nam Nha Trang 2,Hàng Mới Ca 1,2026-06-22 - Thứ 2,82,0.9756,0.8049,0.0122,11.71,66.0018,1.0004,79.9992,1.0004,14.9978,2.0008,0.0244,0.1829,82,Khánh Hòa,NTB,AM Thư
NTB - Khánh Hòa,(KHO) Nam Nha Trang 2,Hàng Mới Ca 1,2026-07-15 - Thứ 4,91,0.967,0.8242,0,11.44,75.0022,0,87.997,0,15.9978,3.003,0.033,0.1758,91,Khánh Hòa,NTB,AM Thư
NTB - Khánh Hòa,(KHO) Nam Nha Trang 2,Hàng Mới Ca 1,2026-07-11 - Thứ 7,91,0.989,0.8791,0.011,10.85,79.9981,1.001,89.999,1.001,10.0009,1.001,0.011,0.1099,91,Khánh Hòa,NTB,AM Thư
NTB - Khánh Hòa,(KHO) Nam Nha Trang 2,Hàng Mới Ca 1,2026-07-12 - Chủ Nhật,60,0.9833,0.8333,0,15.06,49.998,0,58.998,0,10.002,1.002,0.0167,0.1667,60,Khánh Hòa,NTB,AM Thư
NTB - Khánh Hòa,(KHO) Nam Nha Trang 2,Hàng Mới Ca 1,2026-07-13 - Thứ 2,60,1,0.8667,0.0333,13.63,52.002,1.998,60,1.998,6,0,0,0.1,60,Khánh Hòa,NTB,AM Thư
NTB - Khánh Hòa,(KHO) Nam Nha Trang 2,Hàng Mới Ca 1,2026-06-27 - Thứ 7,67,1,0.9254,0,11.29,62.0018,0,67,0,4.9982,0,0,0.0746,67,Khánh Hòa,NTB,AM Thư
NTB - Khánh Hòa,(KHO) Nam Nha Trang 2,Hàng Mới Ca 1,2026-06-29 - Thứ 2,62,1,0.9355,0.0161,11.29,58.001,0.9982,62,0.9982,3.0008,0,0,0.0484,62,Khánh Hòa,NTB,AM Thư
NTB - Khánh Hòa,(KHO) Nam Nha Trang 2,Hàng Mới Ca 1,2026-07-10 - Thứ 6,99,1,0.8384,0.0101,14.72,83.0016,0.9999,99,0.9999,14.9985,0,0,0.1515,99,Khánh Hòa,NTB,AM Thư
NTB - Khánh Hòa,(KHO) Nam Nha Trang 2,Hàng Mới Ca 1,2026-07-07 - Thứ 3,9,1,1,0,8.67,9,0,9,0,0,0,0,0,9,Khánh Hòa,NTB,AM Thư
NTB - Khánh Hòa,(KHO) Nam Nha Trang 2,Hàng Mới Ca 1,2026-07-06 - Thứ 2,18,1,0.9444,0,12.65,16.9992,0,18,0,1.0008,0,0,0.0556,18,Khánh Hòa,NTB,AM Thư
NTB - Khánh Hòa,(KHO) Nam Nha Trang 2,Hàng Mới Ca 1,2026-07-04 - Thứ 7,20,1,0.7,0,15.71,14,0,20,0,6,0,0,0.3,20,Khánh Hòa,NTB,AM Thư
NTB - Khánh Hòa,(KHO) Nam Nha Trang 2,Hàng Mới Ca 1,2026-06-20 - Thứ 7,30,1,0.9333,0,8.89,27.999,0,30,0,2.001,0,0,0.0667,30,Khánh Hòa,NTB,AM Thư
NTB - Khánh Hòa,(KHO) Nam Nha Trang 2,Hàng Mới Ca 1,2026-07-03 - Thứ 6,31,1,0.9355,0,8.28,29.0005,0,31,0,1.9995,0,0,0.0645,31,Khánh Hòa,NTB,AM Thư
NTB - Khánh Hòa,(KHO) Nam Nha Trang 2,Hàng Mới Ca 1,2026-07-01 - Thứ 4,37,1,0.973,0,11.03,36.001,0,37,0,0.999,0,0,0.027,37,Khánh Hòa,NTB,AM Thư
NTB - Khánh Hòa,(KHO) Nam Nha Trang 2,Hàng Mới Ca 1,2026-07-08 - Thứ 4,38,1,0.8947,0,11.76,33.9986,0,38,0,4.0014,0,0,0.1053,38,Khánh Hòa,NTB,AM Thư
NTB - Khánh Hòa,(KHO) Nam Nha Trang 2,Hàng Mới Ca 1,2026-07-02 - Thứ 5,42,0.9762,0.8095,0,9.74,33.999,0,41.0004,0,8.001,0.9996,0.0238,0.1905,42,Khánh Hòa,NTB,AM Thư
NTB - Khánh Hòa,(KHO) Nam Nha Trang 2,Hàng Mới Ca 1,2026-07-14 - Thứ 3,44,1,0.75,0,7.82,33,0,44,0,11,0,0,0.25,44,Khánh Hòa,NTB,AM Thư
NTB - Khánh Hòa,(KHO) Nam Nha Trang 2,Hàng Mới Ca 1,2026-06-23 - Thứ 3,44,0.9773,0.8864,0,7.44,39.0016,0,43.0012,0,4.9984,0.9988,0.0227,0.1136,44,Khánh Hòa,NTB,AM Thư
NTB - Khánh Hòa,(KHO) Nam Nha Trang 2,Hàng Mới Ca 1,2026-06-30 - Thứ 3,46,1,0.9565,0.0217,7.75,43.999,0.9982,46,0.9982,1.0028,0,0,0.0218,46,Khánh Hòa,NTB,AM Thư
NTB - Khánh Hòa,(KHO) Nam Nha Trang 2,Hàng Mới Ca 1,2026-07-05 - Chủ Nhật,49,0.9796,0.8367,0,14.83,40.9983,0,48.0004,0,8.0017,0.9996,0.0204,0.1633,49,Khánh Hòa,NTB,AM Thư
NTB - Khánh Hòa,(KHO) Nam Nha Trang 2,Hàng Mới Ca 1,2026-06-24 - Thứ 4,55,1,0.8909,0.0182,10.67,48.9995,1.001,55,1.001,4.9995,0,0,0.0909,55,Khánh Hòa,NTB,AM Thư
NTB - Khánh Hòa,(KHO) Nam Nha Trang 2,Hàng Mới Ca 1,2026-06-21 - Chủ Nhật,57,1,0.807,0.0175,10.61,45.999,0.9975,57,0.9975,10.0035,0,0,0.1755,57,Khánh Hòa,NTB,AM Thư
NTB - Khánh Hòa,(KHO) Nam Nha Trang 2,Hàng Mới Ca 2,2026-07-04 - Thứ 7,2,1,0.5,0,6,1,0,2,0,1,0,0,0.5,2,Khánh Hòa,NTB,AM Thư
NTB - Khánh Hòa,(KHO) Nam Nha Trang 2,Hàng Mới Ca 2,2026-07-03 - Thứ 6,10,1,0.8,0,2.38,8,0,10,0,2,0,0,0.2,10,Khánh Hòa,NTB,AM Thư
NTB - Khánh Hòa,(KHO) Nam Nha Trang 2,Hàng Mới Ca 2,2026-07-06 - Thứ 2,13,1,0.9231,0,3.5,12.0003,0,13,0,0.9997,0,0,0.0769,13,Khánh Hòa,NTB,AM Thư
NTB - Khánh Hòa,(KHO) Nam Nha Trang 2,Hàng Mới Ca 2,2026-07-13 - Thứ 2,16,1,0.8125,0,3.77,13,0,16,0,3,0,0,0.1875,16,Khánh Hòa,NTB,AM Thư
NTB - Khánh Hòa,(KHO) Nam Nha Trang 2,Hàng Mới Ca 2,2026-07-05 - Chủ Nhật,17,1,0.8235,0,4.71,13.9995,0,17,0,3.0005,0,0,0.1765,17,Khánh Hòa,NTB,AM Thư
NTB - Khánh Hòa,(KHO) Nam Nha Trang 2,Hàng Mới Ca 2,2026-06-29 - Thứ 2,17,1,0.8235,0,3.86,13.9995,0,17,0,3.0005,0,0,0.1765,17,Khánh Hòa,NTB,AM Thư
NTB - Khánh Hòa,(KHO) Nam Nha Trang 2,Hàng Mới Ca 2,2026-07-15 - Thứ 4,19,1,0.7895,0.0526,4.6,15.0005,0.9994,19,0.9994,3.0001,0,0,0.1579,19,Khánh Hòa,NTB,AM Thư
NTB - Khánh Hòa,(KHO) Nam Nha Trang 2,Hàng Mới Ca 2,2026-07-08 - Thứ 4,19,1,0.9474,0,3.39,18.0006,0,19,0,0.9994,0,0,0.0526,19,Khánh Hòa,NTB,AM Thư
NTB - Khánh Hòa,(KHO) Nam Nha Trang 2,Hàng Mới Ca 2,2026-06-22 - Thứ 2,21,1,0.8571,0.0952,5.17,17.9991,1.9992,21,1.9992,1.0017,0,0,0.0477,21,Khánh Hòa,NTB,AM Thư
NTB - Khánh Hòa,(KHO) Nam Nha Trang 2,Hàng Mới Ca 2,2026-07-01 - Thứ 4,21,1,0.8095,0,4.94,16.9995,0,21,0,4.0005,0,0,0.1905,21,Khánh Hòa,NTB,AM Thư
NTB - Khánh Hòa,(KHO) Nam Nha Trang 2,Hàng Mới Ca 2,2026-07-02 - Thứ 5,23,1,0.6087,0,3.71,14.0001,0,23,0,8.9999,0,0,0.3913,23,Khánh Hòa,NTB,AM Thư
NTB - Khánh Hòa,(KHO) Nam Nha Trang 2,Hàng Mới Ca 2,2026-07-07 - Thứ 3,23,1,0.9565,0,1.68,21.9995,0,23,0,1.0005,0,0,0.0435,23,Khánh Hòa,NTB,AM Thư
NTB - Khánh Hòa,(KHO) Nam Nha Trang 2,Hàng Mới Ca 2,2026-07-09 - Thứ 5,29,1,0.7586,0,5.14,21.9994,0,29,0,7.0006,0,0,0.2414,29,Khánh Hòa,NTB,AM Thư
NTB - Khánh Hòa,(KHO) Nam Nha Trang 2,Hàng Mới Ca 2,2026-06-30 - Thứ 3,32,1,0.7813,0.0313,2.88,25.0016,1.0016,32,1.0016,5.9968,0,0,0.1874,32,Khánh Hòa,NTB,AM Thư
NTB - Khánh Hòa,(KHO) Nam Nha Trang 2,Hàng Mới Ca 2,2026-06-25 - Thứ 5,32,1,0.9375,0,4.03,30,0,32,0,2,0,0,0.0625,32,Khánh Hòa,NTB,AM Thư
NTB - Khánh Hòa,(KHO) Nam Nha Trang 2,Hàng Mới Ca 2,2026-06-28 - Chủ Nhật,33,1,0.697,0.0303,4.09,23.001,0.9999,33,0.9999,8.9991,0,0,0.2727,33,Khánh Hòa,NTB,AM Thư
NTB - Khánh Hòa,(KHO) Nam Nha Trang 2,Hàng Mới Ca 2,2026-06-24 - Thứ 4,34,1,0.8824,0,3.93,30.0016,0,34,0,3.9984,0,0,0.1176,34,Khánh Hòa,NTB,AM Thư
NTB - Khánh Hòa,(KHO) Nam Nha Trang 2,Hàng Mới Ca 2,2026-06-21 - Chủ Nhật,34,1,0.7059,0,5.17,24.0006,0,34,0,9.9994,0,0,0.2941,34,Khánh Hòa,NTB,AM Thư
NTB - Khánh Hòa,(KHO) Nam Nha Trang 2,Hàng Mới Ca 2,2026-06-20 - Thứ 7,35,1,0.7429,0,4.58,26.0015,0,35,0,8.9985,0,0,0.2571,35,Khánh Hòa,NTB,AM Thư
NTB - Khánh Hòa,(KHO) Nam Nha Trang 2,Hàng Mới Ca 2,2026-07-17 - Thứ 6,36,1,0.8333,0,5.7,29.9988,0,36,0,6.0012,0,0,0.1667,36,Khánh Hòa,NTB,AM Thư
NTB - Khánh Hòa,(KHO) Nam Nha Trang 2,Hàng Mới Ca 2,2026-06-27 - Thứ 7,36,1,0.8889,0,4.09,32.0004,0,36,0,3.9996,0,0,0.1111,36,Khánh Hòa,NTB,AM Thư
NTB - Khánh Hòa,(KHO) Nam Nha Trang 2,Hàng Mới Ca 2,2026-06-26 - Thứ 6,38,1,0.7895,0.0526,3.53,30.001,1.9988,38,1.9988,6.0002,0,0,0.1579,38,Khánh Hòa,NTB,AM Thư
NTB - Khánh Hòa,(KHO) Nam Nha Trang 2,Hàng Mới Ca 2,2026-07-14 - Thứ 3,40,1,0.7,0.025,4.5,28,1,40,1,11,0,0,0.275,40,Khánh Hòa,NTB,AM Thư
NTB - Khánh Hòa,(KHO) Nam Nha Trang 2,Hàng Mới Ca 2,2026-06-23 - Thứ 3,40,1,0.925,0,3.76,37,0,40,0,3,0,0,0.075,40,Khánh Hòa,NTB,AM Thư
NTB - Khánh Hòa,(KHO) Nam Nha Trang 2,Hàng Mới Ca 2,2026-07-11 - Thứ 7,41,1,0.8293,0,4.21,34.0013,0,41,0,6.9987,0,0,0.1707,41,Khánh Hòa,NTB,AM Thư
NTB - Khánh Hòa,(KHO) Nam Nha Trang 2,Hàng Mới Ca 2,2026-07-16 - Thứ 5,43,1,0.7907,0,5.97,34.0001,0,43,0,8.9999,0,0,0.2093,43,Khánh Hòa,NTB,AM Thư
NTB - Khánh Hòa,(KHO) Nam Nha Trang 2,Hàng Mới Ca 2,2026-07-10 - Thứ 6,45,1,0.7333,0.0444,5.82,32.9985,1.998,45,1.998,10.0035,0,0,0.2223,45,Khánh Hòa,NTB,AM Thư
NTB - Khánh Hòa,(KHO) Nam Nha Trang 2,Hàng Mới Ca 2,2026-07-12 - Chủ Nhật,47,1,0.6809,0.0213,5.13,32.0023,1.0011,47,1.0011,13.9966,0,0,0.2978,47,Khánh Hòa,NTB,AM Thư
NTB - Khánh Hòa,(KHO) Nam Nha Trang 2,Hàng Tồn,2026-07-08 - Thứ 4,2,1,0,0,0,0,0,2,0,2,0,0,1,0,Khánh Hòa,NTB,AM Thư
NTB - Khánh Hòa,(KHO) Nam Nha Trang 2,Hàng Tồn,2026-07-07 - Thứ 3,5,1,0.4,0.4,31,2,2,5,2,1,0,0,0.2,0,Khánh Hòa,NTB,AM Thư
NTB - Khánh Hòa,(KHO) Nam Nha Trang 2,Hàng Tồn,2026-07-09 - Thứ 5,6,1,0.3333,0.1667,24.5,1.9998,1.0002,6,1.0002,3,0,0,0.5,0,Khánh Hòa,NTB,AM Thư
NTB - Khánh Hòa,(KHO) Nam Nha Trang 2,Hàng Tồn,2026-07-02 - Thứ 5,8,1,0.5,0.25,31.5,4,2,8,2,2,0,0,0.25,0,Khánh Hòa,NTB,AM Thư
NTB - Khánh Hòa,(KHO) Nam Nha Trang 2,Hàng Tồn,2026-07-01 - Thứ 4,9,1,0.5556,0.1111,41,5.0004,0.9999,9,0.9999,2.9997,0,0,0.3333,0,Khánh Hòa,NTB,AM Thư
NTB - Khánh Hòa,(KHO) Nam Nha Trang 2,Hàng Tồn,2026-07-05 - Chủ Nhật,11,1,0.4545,0.0909,48.6,4.9995,0.9999,11,0.9999,5.0006,0,0,0.4546,0,Khánh Hòa,NTB,AM Thư
NTB - Khánh Hòa,(KHO) Nam Nha Trang 2,Hàng Tồn,2026-06-26 - Thứ 6,11,1,0.6364,0.1818,39.14,7.0004,1.9998,11,1.9998,1.9998,0,0,0.1818,0,Khánh Hòa,NTB,AM Thư
NTB - Khánh Hòa,(KHO) Nam Nha Trang 2,Hàng Tồn,2026-06-30 - Thứ 3,11,1,0.6364,0.1818,42.86,7.0004,1.9998,11,1.9998,1.9998,0,0,0.1818,0,Khánh Hòa,NTB,AM Thư
NTB - Khánh Hòa,(KHO) Nam Nha Trang 2,Hàng Tồn,2026-06-25 - Thứ 5,12,1,0.5,0.0833,40.83,6,0.9996,12,0.9996,5.0004,0,0,0.4167,0,Khánh Hòa,NTB,AM Thư
NTB - Khánh Hòa,(KHO) Nam Nha Trang 2,Hàng Tồn,2026-06-28 - Chủ Nhật,13,1,0.3846,0.2308,35.2,4.9998,3.0004,13,3.0004,4.9998,0,0,0.3846,0,Khánh Hòa,NTB,AM Thư
NTB - Khánh Hòa,(KHO) Nam Nha Trang 2,Hàng Tồn,2026-06-24 - Thứ 4,13,1,0.6154,0.1538,35.5,8.0002,1.9994,13,1.9994,3.0004,0,0,0.2308,0,Khánh Hòa,NTB,AM Thư
NTB - Khánh Hòa,(KHO) Nam Nha Trang 2,Hàng Tồn,2026-07-14 - Thứ 3,13,1,0.6154,0,36.38,8.0002,0,13,0,4.9998,0,0,0.3846,0,Khánh Hòa,NTB,AM Thư
NTB - Khánh Hòa,(KHO) Nam Nha Trang 2,Hàng Tồn,2026-07-04 - Thứ 7,15,1,0.4667,0.2,47.43,7.0005,3,15,3,4.9995,0,0,0.3333,0,Khánh Hòa,NTB,AM Thư
NTB - Khánh Hòa,(KHO) Nam Nha Trang 2,Hàng Tồn,2026-07-06 - Thứ 2,15,1,0.6667,0.1333,38.6,10.0005,1.9995,15,1.9995,3,0,0,0.2,0,Khánh Hòa,NTB,AM Thư
NTB - Khánh Hòa,(KHO) Nam Nha Trang 2,Hàng Tồn,2026-07-03 - Thứ 6,16,1,0.3125,0.125,30.4,5,2,16,2,9,0,0,0.5625,0,Khánh Hòa,NTB,AM Thư
NTB - Khánh Hòa,(KHO) Nam Nha Trang 2,Hàng Tồn,2026-06-23 - Thứ 3,20,1,0.55,0.15,46.55,11,3,20,3,6,0,0,0.3,0,Khánh Hòa,NTB,AM Thư
NTB - Khánh Hòa,(KHO) Nam Nha Trang 2,Hàng Tồn,2026-07-16 - Thứ 5,21,1,0.5238,0.0952,45.45,10.9998,1.9992,21,1.9992,8.001,0,0,0.381,0,Khánh Hòa,NTB,AM Thư
NTB - Khánh Hòa,(KHO) Nam Nha Trang 2,Hàng Tồn,2026-06-20 - Thứ 7,21,1,0.5238,0.0476,46.18,10.9998,0.9996,21,0.9996,9.0006,0,0,0.4286,0,Khánh Hòa,NTB,AM Thư
NTB - Khánh Hòa,(KHO) Nam Nha Trang 2,Hàng Tồn,2026-06-27 - Thứ 7,22,1,0.5909,0.0909,32.31,12.9998,1.9998,22,1.9998,7.0004,0,0,0.3182,0,Khánh Hòa,NTB,AM Thư
NTB - Khánh Hòa,(KHO) Nam Nha Trang 2,Hàng Tồn,2026-07-12 - Chủ Nhật,23,1,0.4783,0.1304,46.09,11.0009,2.9992,23,2.9992,8.9999,0,0,0.3913,0,Khánh Hòa,NTB,AM Thư
NTB - Khánh Hòa,(KHO) Nam Nha Trang 2,Hàng Tồn,2026-06-21 - Chủ Nhật,24,1,0.4583,0.1667,36,10.9992,4.0008,24,4.0008,9,0,0,0.375,0,Khánh Hòa,NTB,AM Thư
NTB - Khánh Hòa,(KHO) Nam Nha Trang 2,Hàng Tồn,2026-07-15 - Thứ 4,26,1,0.7308,0.0385,30.89,19.0008,1.001,26,1.001,5.9982,0,0,0.2307,0,Khánh Hòa,NTB,AM Thư
NTB - Khánh Hòa,(KHO) Nam Nha Trang 2,Hàng Tồn,2026-07-10 - Thứ 6,29,1,0.6207,0,35.5,18.0003,0,29,0,10.9997,0,0,0.3793,0,Khánh Hòa,NTB,AM Thư
NTB - Khánh Hòa,(KHO) Nam Nha Trang 2,Hàng Tồn,2026-06-22 - Thứ 2,30,1,0.7333,0.0667,40,21.999,2.001,30,2.001,6,0,0,0.2,0,Khánh Hòa,NTB,AM Thư
NTB - Khánh Hòa,(KHO) Nam Nha Trang 2,Hàng Tồn,2026-07-13 - Thứ 2,32,1,0.8125,0.0625,40.31,26,2,32,2,4,0,0,0.125,0,Khánh Hòa,NTB,AM Thư
NTB - Khánh Hòa,(KHO) Nam Nha Trang 2,Hàng Tồn,2026-06-29 - Thứ 2,32,1,0.7188,0.0625,36.96,23.0016,2,32,2,6.9984,0,0,0.2187,0,Khánh Hòa,NTB,AM Thư
NTB - Khánh Hòa,(KHO) Nam Nha Trang 2,Hàng Tồn,2026-07-17 - Thứ 6,34,1,0.7647,0.0882,35.85,25.9998,2.9988,34,2.9988,5.0014,0,0,0.1471,0,Khánh Hòa,NTB,AM Thư
NTB - Khánh Hòa,(KHO) Nam Nha Trang 2,Hàng Tồn,2026-07-11 - Thứ 7,36,1,0.6667,0.1111,38.46,24.0012,3.9996,36,3.9996,7.9992,0,0,0.2222,0,Khánh Hòa,NTB,AM Thư
NTB - Khánh Hòa,(KHO) Nam Nha Trang 1,Hàng Mới Ca 1,2026-06-24 - Thứ 4,74,0.9865,0.8649,0.0135,11.83,64.0026,0.999,73.001,0.999,8.9984,0.999,0.0135,0.1216,74,Khánh Hòa,NTB,AM Thư
NTB - Khánh Hòa,(KHO) Nam Nha Trang 1,Hàng Mới Ca 1,2026-07-17 - Thứ 6,62,1,0.7742,0.0161,10.31,48.0004,0.9982,62,0.9982,13.0014,0,0,0.2097,62,Khánh Hòa,NTB,AM Thư
NTB - Khánh Hòa,(KHO) Nam Nha Trang 1,Hàng Mới Ca 1,2026-07-01 - Thứ 4,75,1,0.7467,0.0133,8,56.0025,0.9975,75,0.9975,18,0,0,0.24,75,Khánh Hòa,NTB,AM Thư
NTB - Khánh Hòa,(KHO) Nam Nha Trang 1,Hàng Mới Ca 1,2026-07-09 - Thứ 5,80,0.9875,0.875,0,9.2,70,0,79,0,10,1,0.0125,0.125,80,Khánh Hòa,NTB,AM Thư
NTB - Khánh Hòa,(KHO) Nam Nha Trang 1,Hàng Mới Ca 1,2026-07-16 - Thứ 5,64,1,0.75,0,9.42,48,0,64,0,16,0,0,0.25,64,Khánh Hòa,NTB,AM Thư
NTB - Khánh Hòa,(KHO) Nam Nha Trang 1,Hàng Mới Ca 1,2026-07-13 - Thứ 2,67,1,0.7761,0.0149,9.73,51.9987,0.9983,67,0.9983,14.003,0,0,0.209,67,Khánh Hòa,NTB,AM Thư
NTB - Khánh Hòa,(KHO) Nam Nha Trang 1,Hàng Mới Ca 1,2026-07-10 - Thứ 6,65,1,0.8154,0.0308,8.91,53.001,2.002,65,2.002,9.997,0,0,0.1538,65,Khánh Hòa,NTB,AM Thư
NTB - Khánh Hòa,(KHO) Nam Nha Trang 1,Hàng Mới Ca 1,2026-06-22 - Thứ 2,58,1,0.931,0,8.56,53.998,0,58,0,4.002,0,0,0.069,58,Khánh Hòa,NTB,AM Thư
NTB - Khánh Hòa,(KHO) Nam Nha Trang 1,Hàng Mới Ca 1,2026-06-27 - Thứ 7,68,1,0.75,0.0294,10.61,51,1.9992,68,1.9992,15.0008,0,0,0.2206,68,Khánh Hòa,NTB,AM Thư
NTB - Khánh Hòa,(KHO) Nam Nha Trang 1,Hàng Mới Ca 1,2026-07-15 - Thứ 4,60,1,0.8333,0,8.68,49.998,0,60,0,10.002,0,0,0.1667,60,Khánh Hòa,NTB,AM Thư
NTB - Khánh Hòa,(KHO) Nam Nha Trang 1,Hàng Mới Ca 1,2026-06-26 - Thứ 6,60,1,0.8167,0.05,8.37,49.002,3,60,3,7.998,0,0,0.1333,60,Khánh Hòa,NTB,AM Thư
NTB - Khánh Hòa,(KHO) Nam Nha Trang 1,Hàng Mới Ca 1,2026-07-07 - Thứ 3,13,1,0.6923,0.0769,9.11,8.9999,0.9997,13,0.9997,3.0004,0,0,0.2308,13,Khánh Hòa,NTB,AM Thư
NTB - Khánh Hòa,(KHO) Nam Nha Trang 1,Hàng Mới Ca 1,2026-07-05 - Chủ Nhật,23,1,0.7826,0,6,17.9998,0,23,0,5.0002,0,0,0.2174,23,Khánh Hòa,NTB,AM Thư
NTB - Khánh Hòa,(KHO) Nam Nha Trang 1,Hàng Mới Ca 1,2026-07-06 - Thứ 2,24,1,0.6667,0,7.06,16.0008,0,24,0,7.9992,0,0,0.3333,24,Khánh Hòa,NTB,AM Thư
NTB - Khánh Hòa,(KHO) Nam Nha Trang 1,Hàng Mới Ca 1,2026-06-20 - Thứ 7,27,1,0.8148,0,6.18,21.9996,0,27,0,5.0004,0,0,0.1852,27,Khánh Hòa,NTB,AM Thư
NTB - Khánh Hòa,(KHO) Nam Nha Trang 1,Hàng Mới Ca 1,2026-07-04 - Thứ 7,27,1,0.9259,0,8.8,24.9993,0,27,0,2.0007,0,0,0.0741,27,Khánh Hòa,NTB,AM Thư
NTB - Khánh Hòa,(KHO) Nam Nha Trang 1,Hàng Mới Ca 1,2026-07-03 - Thứ 6,32,1,0.875,0,7.79,28,0,32,0,4,0,0,0.125,32,Khánh Hòa,NTB,AM Thư
NTB - Khánh Hòa,(KHO) Nam Nha Trang 1,Hàng Mới Ca 1,2026-06-29 - Thứ 2,35,1,0.9143,0.0286,7.78,32.0005,1.001,35,1.001,1.9985,0,0,0.0571,35,Khánh Hòa,NTB,AM Thư
NTB - Khánh Hòa,(KHO) Nam Nha Trang 1,Hàng Mới Ca 1,2026-06-30 - Thứ 3,40,1,0.975,0,9.67,39,0,40,0,1,0,0,0.025,40,Khánh Hòa,NTB,AM Thư
NTB - Khánh Hòa,(KHO) Nam Nha Trang 1,Hàng Mới Ca 1,2026-06-23 - Thứ 3,41,1,0.8293,0,7,34.0013,0,41,0,6.9987,0,0,0.1707,41,Khánh Hòa,NTB,AM Thư
NTB - Khánh Hòa,(KHO) Nam Nha Trang 1,Hàng Mới Ca 1,2026-07-08 - Thứ 4,43,1,0.9302,0,7.38,39.9986,0,43,0,3.0014,0,0,0.0698,43,Khánh Hòa,NTB,AM Thư
NTB - Khánh Hòa,(KHO) Nam Nha Trang 1,Hàng Mới Ca 1,2026-07-14 - Thứ 3,45,1,0.7778,0.0444,6.17,35.001,1.998,45,1.998,8.001,0,0,0.1778,45,Khánh Hòa,NTB,AM Thư
NTB - Khánh Hòa,(KHO) Nam Nha Trang 1,Hàng Mới Ca 1,2026-07-12 - Chủ Nhật,48,1,0.5833,0.0417,9,27.9984,2.0016,48,2.0016,18,0,0,0.375,48,Khánh Hòa,NTB,AM Thư
NTB - Khánh Hòa,(KHO) Nam Nha Trang 1,Hàng Mới Ca 1,2026-07-02 - Thứ 5,49,1,0.8163,0,8.4,39.9987,0,49,0,9.0013,0,0,0.1837,49,Khánh Hòa,NTB,AM Thư
NTB - Khánh Hòa,(KHO) Nam Nha Trang 1,Hàng Mới Ca 1,2026-06-21 - Chủ Nhật,53,1,0.8868,0,7.85,47.0004,0,53,0,5.9996,0,0,0.1132,53,Khánh Hòa,NTB,AM Thư
NTB - Khánh Hòa,(KHO) Nam Nha Trang 1,Hàng Mới Ca 1,2026-07-11 - Thứ 7,55,1,0.8727,0.0364,8.5,47.9985,2.002,55,2.002,4.9995,0,0,0.0909,55,Khánh Hòa,NTB,AM Thư
NTB - Khánh Hòa,(KHO) Nam Nha Trang 1,Hàng Mới Ca 1,2026-06-25 - Thứ 5,55,0.9818,0.7636,0.0182,7.57,41.998,1.001,53.999,1.001,12.001,1.001,0.0182,0.2182,55,Khánh Hòa,NTB,AM Thư
NTB - Khánh Hòa,(KHO) Nam Nha Trang 1,Hàng Mới Ca 1,2026-06-28 - Chủ Nhật,57,1,0.8772,0,7.4,50.0004,0,57,0,6.9996,0,0,0.1228,57,Khánh Hòa,NTB,AM Thư
NTB - Khánh Hòa,(KHO) Nam Nha Trang 1,Hàng Mới Ca 2,2026-07-09 - Thứ 5,78,0.859,0.7308,0.0385,2.84,57.0024,3.003,67.002,3.003,17.9946,10.998,0.141,0.2307,78,Khánh Hòa,NTB,AM Thư
NTB - Khánh Hòa,(KHO) Nam Nha Trang 1,Hàng Mới Ca 2,2026-07-08 - Thứ 4,80,0.9875,0.7625,0,3.3,61,0,79,0,19,1,0.0125,0.2375,80,Khánh Hòa,NTB,AM Thư
NTB - Khánh Hòa,(KHO) Nam Nha Trang 1,Hàng Mới Ca 2,2026-07-06 - Thứ 2,10,0.9,0.6,0.1,3.17,6,1,9,1,3,1,0.1,0.3,10,Khánh Hòa,NTB,AM Thư
NTB - Khánh Hòa,(KHO) Nam Nha Trang 1,Hàng Mới Ca 2,2026-07-03 - Thứ 6,11,1,0.8182,0,2.56,9.0002,0,11,0,1.9998,0,0,0.1818,11,Khánh Hòa,NTB,AM Thư
NTB - Khánh Hòa,(KHO) Nam Nha Trang 1,Hàng Mới Ca 2,2026-06-29 - Thứ 2,16,1,0.75,0.0625,1.83,12,1,16,1,3,0,0,0.1875,16,Khánh Hòa,NTB,AM Thư
NTB - Khánh Hòa,(KHO) Nam Nha Trang 1,Hàng Mới Ca 2,2026-07-13 - Thứ 2,16,1,0.9375,0,2,15,0,16,0,1,0,0,0.0625,16,Khánh Hòa,NTB,AM Thư
NTB - Khánh Hòa,(KHO) Nam Nha Trang 1,Hàng Mới Ca 2,2026-07-15 - Thứ 4,17,1,0.8235,0.0588,2.36,13.9995,0.9996,17,0.9996,2.0009,0,0,0.1177,17,Khánh Hòa,NTB,AM Thư
NTB - Khánh Hòa,(KHO) Nam Nha Trang 1,Hàng Mới Ca 2,2026-07-04 - Thứ 7,19,1,0.9474,0,3.33,18.0006,0,19,0,0.9994,0,0,0.0526,19,Khánh Hòa,NTB,AM Thư
NTB - Khánh Hòa,(KHO) Nam Nha Trang 1,Hàng Mới Ca 2,2026-07-05 - Chủ Nhật,19,1,0.7895,0,4.13,15.0005,0,19,0,3.9995,0,0,0.2105,19,Khánh Hòa,NTB,AM Thư
NTB - Khánh Hòa,(KHO) Nam Nha Trang 1,Hàng Mới Ca 2,2026-07-17 - Thứ 6,20,1,0.8,0,1.81,16,0,20,0,4,0,0,0.2,20,Khánh Hòa,NTB,AM Thư
NTB - Khánh Hòa,(KHO) Nam Nha Trang 1,Hàng Mới Ca 2,2026-06-22 - Thứ 2,20,1,0.8,0,2.19,16,0,20,0,4,0,0,0.2,20,Khánh Hòa,NTB,AM Thư
NTB - Khánh Hòa,(KHO) Nam Nha Trang 1,Hàng Mới Ca 2,2026-06-21 - Chủ Nhật,23,0.9565,0.913,0,2.62,20.999,0,21.9995,0,2.001,1.0005,0.0435,0.087,23,Khánh Hòa,NTB,AM Thư
NTB - Khánh Hòa,(KHO) Nam Nha Trang 1,Hàng Mới Ca 2,2026-07-07 - Thứ 3,25,1,0.76,0.04,2.95,19,1,25,1,5,0,0,0.2,25,Khánh Hòa,NTB,AM Thư
NTB - Khánh Hòa,(KHO) Nam Nha Trang 1,Hàng Mới Ca 2,2026-06-30 - Thứ 3,26,1,0.7692,0.0385,2.95,19.9992,1.001,26,1.001,4.9998,0,0,0.1923,26,Khánh Hòa,NTB,AM Thư
NTB - Khánh Hòa,(KHO) Nam Nha Trang 1,Hàng Mới Ca 2,2026-06-28 - Chủ Nhật,29,1,0.8276,0,2.63,24.0004,0,29,0,4.9996,0,0,0.1724,29,Khánh Hòa,NTB,AM Thư
NTB - Khánh Hòa,(KHO) Nam Nha Trang 1,Hàng Mới Ca 2,2026-06-23 - Thứ 3,31,1,0.8065,0,3.28,25.0015,0,31,0,5.9985,0,0,0.1935,31,Khánh Hòa,NTB,AM Thư
NTB - Khánh Hòa,(KHO) Nam Nha Trang 1,Hàng Mới Ca 2,2026-07-02 - Thứ 5,33,0.9697,0.9091,0,2.63,30.0003,0,32.0001,0,2.9997,0.9999,0.0303,0.0909,33,Khánh Hòa,NTB,AM Thư
NTB - Khánh Hòa,(KHO) Nam Nha Trang 1,Hàng Mới Ca 2,2026-07-12 - Chủ Nhật,38,0.8947,0.6053,0.0263,2.87,23.0014,0.9994,33.9986,0.9994,13.9992,4.0014,0.1053,0.3684,38,Khánh Hòa,NTB,AM Thư
NTB - Khánh Hòa,(KHO) Nam Nha Trang 1,Hàng Mới Ca 2,2026-06-25 - Thứ 5,38,0.9737,0.7368,0.0526,3,27.9984,1.9988,37.0006,1.9988,8.0028,0.9994,0.0263,0.2106,38,Khánh Hòa,NTB,AM Thư
NTB - Khánh Hòa,(KHO) Nam Nha Trang 1,Hàng Mới Ca 2,2026-07-14 - Thứ 3,39,1,0.7949,0.0256,2.81,31.0011,0.9984,39,0.9984,7.0005,0,0,0.1795,39,Khánh Hòa,NTB,AM Thư
NTB - Khánh Hòa,(KHO) Nam Nha Trang 1,Hàng Mới Ca 2,2026-07-01 - Thứ 4,42,1,0.7619,0,3.69,31.9998,0,42,0,10.0002,0,0,0.2381,42,Khánh Hòa,NTB,AM Thư
NTB - Khánh Hòa,(KHO) Nam Nha Trang 1,Hàng Mới Ca 2,2026-06-26 - Thứ 6,42,1,0.8571,0,2.25,35.9982,0,42,0,6.0018,0,0,0.1429,42,Khánh Hòa,NTB,AM Thư
NTB - Khánh Hòa,(KHO) Nam Nha Trang 1,Hàng Mới Ca 2,2026-06-24 - Thứ 4,43,0.9767,0.6279,0.093,2.96,26.9997,3.999,41.9981,3.999,12.0013,1.0019,0.0233,0.2791,43,Khánh Hòa,NTB,AM Thư
NTB - Khánh Hòa,(KHO) Nam Nha Trang 1,Hàng Mới Ca 2,2026-07-11 - Thứ 7,43,0.9302,0.7907,0.0233,2.32,34.0001,1.0019,39.9986,1.0019,7.998,3.0014,0.0698,0.186,43,Khánh Hòa,NTB,AM Thư
NTB - Khánh Hòa,(KHO) Nam Nha Trang 1,Hàng Mới Ca 2,2026-06-27 - Thứ 7,46,1,0.6304,0,2.62,28.9984,0,46,0,17.0016,0,0,0.3696,46,Khánh Hòa,NTB,AM Thư
NTB - Khánh Hòa,(KHO) Nam Nha Trang 1,Hàng Mới Ca 2,2026-06-20 - Thứ 7,47,1,0.8511,0,2.63,40.0017,0,47,0,6.9983,0,0,0.1489,47,Khánh Hòa,NTB,AM Thư
NTB - Khánh Hòa,(KHO) Nam Nha Trang 1,Hàng Mới Ca 2,2026-07-16 - Thứ 5,51,1,0.6863,0,3.29,35.0013,0,51,0,15.9987,0,0,0.3137,51,Khánh Hòa,NTB,AM Thư
NTB - Khánh Hòa,(KHO) Nam Nha Trang 1,Hàng Mới Ca 2,2026-07-10 - Thứ 6,51,0.9608,0.7255,0.0196,2.89,37.0005,0.9996,49.0008,0.9996,12.9999,1.9992,0.0392,0.2549,51,Khánh Hòa,NTB,AM Thư
NTB - Khánh Hòa,(KHO) Nam Nha Trang 1,Hàng Tồn,2026-07-05 - Chủ Nhật,5,1,0.2,0.2,41,1,1,5,1,3,0,0,0.6,0,Khánh Hòa,NTB,AM Thư
NTB - Khánh Hòa,(KHO) Nam Nha Trang 1,Hàng Tồn,2026-07-01 - Thứ 4,9,1,0.5556,0.1111,24.2,5.0004,0.9999,9,0.9999,2.9997,0,0,0.3333,0,Khánh Hòa,NTB,AM Thư
NTB - Khánh Hòa,(KHO) Nam Nha Trang 1,Hàng Tồn,2026-07-06 - Thứ 2,12,1,0.6667,0.0833,33.13,8.0004,0.9996,12,0.9996,3,0,0,0.25,0,Khánh Hòa,NTB,AM Thư
NTB - Khánh Hòa,(KHO) Nam Nha Trang 1,Hàng Tồn,2026-07-07 - Thứ 3,13,1,0.6923,0,35.11,8.9999,0,13,0,4.0001,0,0,0.3077,0,Khánh Hòa,NTB,AM Thư
NTB - Khánh Hòa,(KHO) Nam Nha Trang 1,Hàng Tồn,2026-07-04 - Thứ 7,13,1,0.7692,0,54.1,9.9996,0,13,0,3.0004,0,0,0.2308,0,Khánh Hòa,NTB,AM Thư
NTB - Khánh Hòa,(KHO) Nam Nha Trang 1,Hàng Tồn,2026-07-08 - Thứ 4,13,1,0.6154,0,39.88,8.0002,0,13,0,4.9998,0,0,0.3846,0,Khánh Hòa,NTB,AM Thư
NTB - Khánh Hòa,(KHO) Nam Nha Trang 1,Hàng Tồn,2026-06-23 - Thứ 3,15,1,0.6,0,53.89,9,0,15,0,6,0,0,0.4,0,Khánh Hòa,NTB,AM Thư
NTB - Khánh Hòa,(KHO) Nam Nha Trang 1,Hàng Tồn,2026-06-30 - Thứ 3,15,1,0.5333,0.1333,54.25,7.9995,1.9995,15,1.9995,5.001,0,0,0.3334,0,Khánh Hòa,NTB,AM Thư
NTB - Khánh Hòa,(KHO) Nam Nha Trang 1,Hàng Tồn,2026-06-21 - Chủ Nhật,16,1,0.375,0.125,25.17,6,2,16,2,8,0,0,0.5,0,Khánh Hòa,NTB,AM Thư
NTB - Khánh Hòa,(KHO) Nam Nha Trang 1,Hàng Tồn,2026-07-16 - Thứ 5,16,1,0.75,0.0625,43.25,12,1,16,1,3,0,0,0.1875,0,Khánh Hòa,NTB,AM Thư
NTB - Khánh Hòa,(KHO) Nam Nha Trang 1,Hàng Tồn,2026-06-22 - Thứ 2,16,1,0.625,0.0625,49.8,10,1,16,1,5,0,0,0.3125,0,Khánh Hòa,NTB,AM Thư
NTB - Khánh Hòa,(KHO) Nam Nha Trang 1,Hàng Tồn,2026-06-20 - Thứ 7,19,1,0.7368,0,38.36,13.9992,0,19,0,5.0008,0,0,0.2632,0,Khánh Hòa,NTB,AM Thư
NTB - Khánh Hòa,(KHO) Nam Nha Trang 1,Hàng Tồn,2026-06-24 - Thứ 4,20,1,0.45,0.05,38.22,9,1,20,1,10,0,0,0.5,0,Khánh Hòa,NTB,AM Thư
NTB - Khánh Hòa,(KHO) Nam Nha Trang 1,Hàng Tồn,2026-07-03 - Thứ 6,21,0.9524,0.7619,0,58.06,15.9999,0,20.0004,0,5.0001,0.9996,0.0476,0.2381,0,Khánh Hòa,NTB,AM Thư
NTB - Khánh Hòa,(KHO) Nam Nha Trang 1,Hàng Tồn,2026-07-15 - Thứ 4,22,1,0.7273,0,37.88,16.0006,0,22,0,5.9994,0,0,0.2727,0,Khánh Hòa,NTB,AM Thư
NTB - Khánh Hòa,(KHO) Nam Nha Trang 1,Hàng Tồn,2026-06-27 - Thứ 7,22,0.9545,0.6364,0,44.36,14.0008,0,20.999,0,7.9992,1.001,0.0455,0.3636,0,Khánh Hòa,NTB,AM Thư
NTB - Khánh Hòa,(KHO) Nam Nha Trang 1,Hàng Tồn,2026-06-29 - Thứ 2,23,1,0.4783,0.2174,44.45,11.0009,5.0002,23,5.0002,6.9989,0,0,0.3043,0,Khánh Hòa,NTB,AM Thư
NTB - Khánh Hòa,(KHO) Nam Nha Trang 1,Hàng Tồn,2026-07-12 - Chủ Nhật,24,1,0.7917,0,55.79,19.0008,0,24,0,4.9992,0,0,0.2083,0,Khánh Hòa,NTB,AM Thư
NTB - Khánh Hòa,(KHO) Nam Nha Trang 1,Hàng Tồn,2026-07-14 - Thứ 3,24,1,0.625,0.0833,46.47,15,1.9992,24,1.9992,7.0008,0,0,0.2917,0,Khánh Hòa,NTB,AM Thư
NTB - Khánh Hòa,(KHO) Nam Nha Trang 1,Hàng Tồn,2026-06-25 - Thứ 5,25,1,0.44,0.12,49.64,11,3,25,3,11,0,0,0.44,0,Khánh Hòa,NTB,AM Thư
NTB - Khánh Hòa,(KHO) Nam Nha Trang 1,Hàng Tồn,2026-07-09 - Thứ 5,25,1,0.6,0,27.53,15,0,25,0,10,0,0,0.4,0,Khánh Hòa,NTB,AM Thư
NTB - Khánh Hòa,(KHO) Nam Nha Trang 1,Hàng Tồn,2026-07-02 - Thứ 5,28,1,0.6429,0.1071,26.61,18.0012,2.9988,28,2.9988,7,0,0,0.25,0,Khánh Hòa,NTB,AM Thư
NTB - Khánh Hòa,(KHO) Nam Nha Trang 1,Hàng Tồn,2026-06-26 - Thứ 6,32,1,0.625,0.0313,34.85,20,1.0016,32,1.0016,10.9984,0,0,0.3437,0,Khánh Hòa,NTB,AM Thư
NTB - Khánh Hòa,(KHO) Nam Nha Trang 1,Hàng Tồn,2026-07-11 - Thứ 7,33,0.9697,0.697,0.0303,40.13,23.001,0.9999,32.0001,0.9999,8.9991,0.9999,0.0303,0.2727,0,Khánh Hòa,NTB,AM Thư
NTB - Khánh Hòa,(KHO) Nam Nha Trang 1,Hàng Tồn,2026-07-13 - Thứ 2,33,1,0.6667,0.0606,39.27,22.0011,1.9998,33,1.9998,8.9991,0,0,0.2727,0,Khánh Hòa,NTB,AM Thư
NTB - Khánh Hòa,(KHO) Nam Nha Trang 1,Hàng Tồn,2026-07-10 - Thứ 6,36,0.9722,0.6389,0.0278,30.91,23.0004,1.0008,34.9992,1.0008,11.9988,1.0008,0.0278,0.3333,0,Khánh Hòa,NTB,AM Thư
NTB - Khánh Hòa,(KHO) Nam Nha Trang 1,Hàng Tồn,2026-07-17 - Thứ 6,39,1,0.6667,0.0256,42.62,26.0013,0.9984,39,0.9984,12.0003,0,0,0.3077,0,Khánh Hòa,NTB,AM Thư
NTB - Khánh Hòa,(KHO) Nam Nha Trang 1,Hàng Tồn,2026-06-28 - Chủ Nhật,40,1,0.7,0.025,45.68,28,1,40,1,11,0,0,0.275,0,Khánh Hòa,NTB,AM Thư
NTB - Khánh Hòa,(KHO) Khánh Vĩnh,Hàng Mới Ca 1,2026-07-05 - Chủ Nhật,5,0.6,0.4,0,3,2,0,3,0,3,2,0.4,0.6,5,Khánh Hòa,NTB,AM Phi
NTB - Khánh Hòa,(KHO) Khánh Vĩnh,Hàng Mới Ca 1,2026-07-07 - Thứ 3,9,1,0.6667,0,5.67,6.0003,0,9,0,2.9997,0,0,0.3333,9,Khánh Hòa,NTB,AM Phi
NTB - Khánh Hòa,(KHO) Khánh Vĩnh,Hàng Mới Ca 1,2026-06-29 - Thứ 2,10,1,0.9,0,9.89,9,0,10,0,1,0,0,0.1,10,Khánh Hòa,NTB,AM Phi
NTB - Khánh Hòa,(KHO) Khánh Vĩnh,Hàng Mới Ca 1,2026-06-30 - Thứ 3,11,1,0.6364,0,9.29,7.0004,0,11,0,3.9996,0,0,0.3636,11,Khánh Hòa,NTB,AM Phi
NTB - Khánh Hòa,(KHO) Khánh Vĩnh,Hàng Mới Ca 1,2026-06-27 - Thứ 7,11,1,0.9091,0,7.1,10.0001,0,11,0,0.9999,0,0,0.0909,11,Khánh Hòa,NTB,AM Phi
NTB - Khánh Hòa,(KHO) Khánh Vĩnh,Hàng Mới Ca 1,2026-06-22 - Thứ 2,14,1,0.7857,0,8.18,10.9998,0,14,0,3.0002,0,0,0.2143,14,Khánh Hòa,NTB,AM Phi
NTB - Khánh Hòa,(KHO) Khánh Vĩnh,Hàng Mới Ca 1,2026-07-04 - Thứ 7,15,1,0.7333,0,9.64,10.9995,0,15,0,4.0005,0,0,0.2667,15,Khánh Hòa,NTB,AM Phi
NTB - Khánh Hòa,(KHO) Khánh Vĩnh,Hàng Mới Ca 1,2026-06-26 - Thứ 6,17,1,0.8824,0,9.27,15.0008,0,17,0,1.9992,0,0,0.1176,17,Khánh Hòa,NTB,AM Phi
NTB - Khánh Hòa,(KHO) Khánh Vĩnh,Hàng Mới Ca 1,2026-07-14 - Thứ 3,17,1,0.8235,0.1176,11.79,13.9995,1.9992,17,1.9992,1.0013,0,0,0.0589,17,Khánh Hòa,NTB,AM Phi
NTB - Khánh Hòa,(KHO) Khánh Vĩnh,Hàng Mới Ca 1,2026-07-08 - Thứ 4,17,1,0.6471,0.1176,12,11.0007,1.9992,17,1.9992,4.0001,0,0,0.2353,17,Khánh Hòa,NTB,AM Phi
NTB - Khánh Hòa,(KHO) Khánh Vĩnh,Hàng Mới Ca 1,2026-07-16 - Thứ 5,18,1,0.7222,0.1111,8.69,12.9996,1.9998,18,1.9998,3.0006,0,0,0.1667,18,Khánh Hòa,NTB,AM Phi
NTB - Khánh Hòa,(KHO) Khánh Vĩnh,Hàng Mới Ca 1,2026-06-21 - Chủ Nhật,18,1,0.8333,0,9.67,14.9994,0,18,0,3.0006,0,0,0.1667,18,Khánh Hòa,NTB,AM Phi
NTB - Khánh Hòa,(KHO) Khánh Vĩnh,Hàng Mới Ca 1,2026-07-01 - Thứ 4,18,1,0.7778,0.1111,6.43,14.0004,1.9998,18,1.9998,1.9998,0,0,0.1111,18,Khánh Hòa,NTB,AM Phi
NTB - Khánh Hòa,(KHO) Khánh Vĩnh,Hàng Mới Ca 1,2026-06-20 - Thứ 7,20,1,1,0,8.4,20,0,20,0,0,0,0,0,20,Khánh Hòa,NTB,AM Phi
NTB - Khánh Hòa,(KHO) Khánh Vĩnh,Hàng Mới Ca 1,2026-07-15 - Thứ 4,20,1,0.75,0.05,9.47,15,1,20,1,4,0,0,0.2,20,Khánh Hòa,NTB,AM Phi
NTB - Khánh Hòa,(KHO) Khánh Vĩnh,Hàng Mới Ca 1,2026-07-12 - Chủ Nhật,20,1,0.8,0,5.94,16,0,20,0,4,0,0,0.2,20,Khánh Hòa,NTB,AM Phi
NTB - Khánh Hòa,(KHO) Khánh Vĩnh,Hàng Mới Ca 1,2026-07-17 - Thứ 6,21,1,1,0,11.86,21,0,21,0,0,0,0,0,21,Khánh Hòa,NTB,AM Phi
NTB - Khánh Hòa,(KHO) Khánh Vĩnh,Hàng Mới Ca 1,2026-06-25 - Thứ 5,21,1,0.7619,0,10.38,15.9999,0,21,0,5.0001,0,0,0.2381,21,Khánh Hòa,NTB,AM Phi
NTB - Khánh Hòa,(KHO) Khánh Vĩnh,Hàng Mới Ca 1,2026-07-03 - Thứ 6,22,1,0.8636,0.0455,11.63,18.9992,1.001,22,1.001,1.9998,0,0,0.0909,22,Khánh Hòa,NTB,AM Phi
NTB - Khánh Hòa,(KHO) Khánh Vĩnh,Hàng Mới Ca 1,2026-06-28 - Chủ Nhật,24,1,0.9167,0,11.14,22.0008,0,24,0,1.9992,0,0,0.0833,24,Khánh Hòa,NTB,AM Phi
NTB - Khánh Hòa,(KHO) Khánh Vĩnh,Hàng Mới Ca 1,2026-07-10 - Thứ 6,26,1,0.7692,0,17.05,19.9992,0,26,0,6.0008,0,0,0.2308,26,Khánh Hòa,NTB,AM Phi
NTB - Khánh Hòa,(KHO) Khánh Vĩnh,Hàng Mới Ca 1,2026-07-13 - Thứ 2,27,1,0.7778,0.037,10.86,21.0006,0.999,27,0.999,5.0004,0,0,0.1852,27,Khánh Hòa,NTB,AM Phi
NTB - Khánh Hòa,(KHO) Khánh Vĩnh,Hàng Mới Ca 1,2026-06-23 - Thứ 3,27,1,0.7407,0.037,8.8,19.9989,0.999,27,0.999,6.0021,0,0,0.2223,27,Khánh Hòa,NTB,AM Phi
NTB - Khánh Hòa,(KHO) Khánh Vĩnh,Hàng Mới Ca 1,2026-07-06 - Thứ 2,28,1,0.8214,0,13.78,22.9992,0,28,0,5.0008,0,0,0.1786,28,Khánh Hòa,NTB,AM Phi
NTB - Khánh Hòa,(KHO) Khánh Vĩnh,Hàng Mới Ca 1,2026-07-11 - Thứ 7,30,1,0.8,0.1,10.67,24,3,30,3,3,0,0,0.1,30,Khánh Hòa,NTB,AM Phi
NTB - Khánh Hòa,(KHO) Khánh Vĩnh,Hàng Mới Ca 1,2026-06-24 - Thứ 4,30,1,0.8333,0.0333,8.76,24.999,0.999,30,0.999,4.002,0,0,0.1334,30,Khánh Hòa,NTB,AM Phi
NTB - Khánh Hòa,(KHO) Khánh Vĩnh,Hàng Mới Ca 1,2026-07-09 - Thứ 5,33,1,0.7273,0.0606,8.83,24.0009,1.9998,33,1.9998,6.9993,0,0,0.2121,33,Khánh Hòa,NTB,AM Phi
NTB - Khánh Hòa,(KHO) Khánh Vĩnh,Hàng Mới Ca 1,2026-07-02 - Thứ 5,34,1,0.7941,0.0294,12.59,26.9994,0.9996,34,0.9996,6.001,0,0,0.1765,34,Khánh Hòa,NTB,AM Phi
NTB - Khánh Hòa,(KHO) Khánh Vĩnh,Hàng Mới Ca 2,2026-07-07 - Thứ 3,1,1,1,0,7,1,0,1,0,0,0,0,0,1,Khánh Hòa,NTB,AM Phi
NTB - Khánh Hòa,(KHO) Khánh Vĩnh,Hàng Mới Ca 2,2026-06-26 - Thứ 6,6,0.5,0.3333,0,3.5,1.9998,0,3,0,4.0002,3,0.5,0.6667,6,Khánh Hòa,NTB,AM Phi
NTB - Khánh Hòa,(KHO) Khánh Vĩnh,Hàng Mới Ca 2,2026-07-04 - Thứ 7,9,0.1111,0,0,0,0,0,0.9999,0,9,8.0001,0.8889,1,9,Khánh Hòa,NTB,AM Phi
NTB - Khánh Hòa,(KHO) Khánh Vĩnh,Hàng Tồn,2026-06-30 - Thứ 3,2,1,0.5,0,53,1,0,2,0,1,0,0,0.5,0,Khánh Hòa,NTB,AM Phi
NTB - Khánh Hòa,(KHO) Khánh Vĩnh,Hàng Tồn,2026-07-17 - Thứ 6,3,1,0.6667,0,41.5,2.0001,0,3,0,0.9999,0,0,0.3333,0,Khánh Hòa,NTB,AM Phi
NTB - Khánh Hòa,(KHO) Khánh Vĩnh,Hàng Tồn,2026-06-22 - Thứ 2,3,1,0.3333,0.3333,26,0.9999,0.9999,3,0.9999,1.0002,0,0,0.3334,0,Khánh Hòa,NTB,AM Phi
NTB - Khánh Hòa,(KHO) Khánh Vĩnh,Hàng Tồn,2026-07-15 - Thứ 4,3,1,1,0,54.67,3,0,3,0,0,0,0,0,0,Khánh Hòa,NTB,AM Phi
NTB - Khánh Hòa,(KHO) Khánh Vĩnh,Hàng Tồn,2026-06-21 - Chủ Nhật,4,1,0.5,0,79.5,2,0,4,0,2,0,0,0.5,0,Khánh Hòa,NTB,AM Phi
NTB - Khánh Hòa,(KHO) Khánh Vĩnh,Hàng Tồn,2026-07-13 - Thứ 2,4,1,0.5,0,34.5,2,0,4,0,2,0,0,0.5,0,Khánh Hòa,NTB,AM Phi
NTB - Khánh Hòa,(KHO) Khánh Vĩnh,Hàng Tồn,2026-06-28 - Chủ Nhật,4,0.75,0.5,0,62.5,2,0,3,0,2,1,0.25,0.5,0,Khánh Hòa,NTB,AM Phi
NTB - Khánh Hòa,(KHO) Khánh Vĩnh,Hàng Tồn,2026-07-16 - Thứ 5,4,1,1,0,35,4,0,4,0,0,0,0,0,0,Khánh Hòa,NTB,AM Phi
NTB - Khánh Hòa,(KHO) Khánh Vĩnh,Hàng Tồn,2026-06-29 - Thứ 2,4,1,0.75,0,67,3,0,4,0,1,0,0,0.25,0,Khánh Hòa,NTB,AM Phi
NTB - Khánh Hòa,(KHO) Khánh Vĩnh,Hàng Tồn,2026-06-23 - Thứ 3,4,1,0.25,0,45,1,0,4,0,3,0,0,0.75,0,Khánh Hòa,NTB,AM Phi
NTB - Khánh Hòa,(KHO) Khánh Vĩnh,Hàng Tồn,2026-07-01 - Thứ 4,5,1,0.4,0,39,2,0,5,0,3,0,0,0.6,0,Khánh Hòa,NTB,AM Phi
NTB - Khánh Hòa,(KHO) Khánh Vĩnh,Hàng Tồn,2026-07-08 - Thứ 4,5,0.8,0.2,0,42,1,0,4,0,4,1,0.2,0.8,0,Khánh Hòa,NTB,AM Phi
NTB - Khánh Hòa,(KHO) Khánh Vĩnh,Hàng Tồn,2026-07-02 - Thứ 5,5,1,0.6,0,73,3,0,5,0,2,0,0,0.4,0,Khánh Hòa,NTB,AM Phi
NTB - Khánh Hòa,(KHO) Khánh Vĩnh,Hàng Tồn,2026-07-03 - Thứ 6,6,1,0.3333,0,39.5,1.9998,0,6,0,4.0002,0,0,0.6667,0,Khánh Hòa,NTB,AM Phi
NTB - Khánh Hòa,(KHO) Khánh Vĩnh,Hàng Tồn,2026-07-12 - Chủ Nhật,6,1,0.8333,0,43.4,4.9998,0,6,0,1.0002,0,0,0.1667,0,Khánh Hòa,NTB,AM Phi
NTB - Khánh Hòa,(KHO) Khánh Vĩnh,Hàng Tồn,2026-07-04 - Thứ 7,6,1,0.6667,0,54.5,4.0002,0,6,0,1.9998,0,0,0.3333,0,Khánh Hòa,NTB,AM Phi
NTB - Khánh Hòa,(KHO) Khánh Vĩnh,Hàng Tồn,2026-07-14 - Thứ 3,7,1,0.7143,0,47.8,5.0001,0,7,0,1.9999,0,0,0.2857,0,Khánh Hòa,NTB,AM Phi
NTB - Khánh Hòa,(KHO) Khánh Vĩnh,Hàng Tồn,2026-06-20 - Thứ 7,7,1,0.2857,0,39.5,1.9999,0,7,0,5.0001,0,0,0.7143,0,Khánh Hòa,NTB,AM Phi
NTB - Khánh Hòa,(KHO) Khánh Vĩnh,Hàng Tồn,2026-07-09 - Thứ 5,7,1,0.5714,0,50.25,3.9998,0,7,0,3.0002,0,0,0.4286,0,Khánh Hòa,NTB,AM Phi
NTB - Khánh Hòa,(KHO) Khánh Vĩnh,Hàng Tồn,2026-06-25 - Thứ 5,7,1,0.2857,0,40.5,1.9999,0,7,0,5.0001,0,0,0.7143,0,Khánh Hòa,NTB,AM Phi
NTB - Khánh Hòa,(KHO) Khánh Vĩnh,Hàng Tồn,2026-07-11 - Thứ 7,8,1,0.625,0,54.8,5,0,8,0,3,0,0,0.375,0,Khánh Hòa,NTB,AM Phi
NTB - Khánh Hòa,(KHO) Khánh Vĩnh,Hàng Tồn,2026-07-07 - Thứ 3,8,1,0.75,0,55.17,6,0,8,0,2,0,0,0.25,0,Khánh Hòa,NTB,AM Phi
NTB - Khánh Hòa,(KHO) Khánh Vĩnh,Hàng Tồn,2026-06-26 - Thứ 6,9,1,0.3333,0.2222,57.67,2.9997,1.9998,9,1.9998,4.0005,0,0,0.4445,0,Khánh Hòa,NTB,AM Phi
NTB - Khánh Hòa,(KHO) Khánh Vĩnh,Hàng Tồn,2026-06-27 - Thứ 7,9,1,0.6667,0,42.5,6.0003,0,9,0,2.9997,0,0,0.3333,0,Khánh Hòa,NTB,AM Phi
NTB - Khánh Hòa,(KHO) Khánh Vĩnh,Hàng Tồn,2026-06-24 - Thứ 4,9,1,0.4444,0.2222,43.25,3.9996,1.9998,9,1.9998,3.0006,0,0,0.3334,0,Khánh Hòa,NTB,AM Phi
NTB - Khánh Hòa,(KHO) Khánh Vĩnh,Hàng Tồn,2026-07-10 - Thứ 6,10,1,0.7,0,63.71,7,0,10,0,3,0,0,0.3,0,Khánh Hòa,NTB,AM Phi
NTB - Khánh Hòa,(KHO) Khánh Vĩnh,Hàng Tồn,2026-07-06 - Thứ 2,12,1,0.6667,0,46,8.0004,0,12,0,3.9996,0,0,0.3333,0,Khánh Hòa,NTB,AM Phi
NTB - Khánh Hòa,(KHO) Khánh Vĩnh,Hàng Tồn,2026-07-05 - Chủ Nhật,15,0.7333,0.4,0,49.5,6,0,10.9995,0,9,4.0005,0.2667,0.6,0,Khánh Hòa,NTB,AM Phi
NTB - Khánh Hòa,(KHO) Khánh Sơn,Hàng Mới Ca 1,2026-06-21 - Chủ Nhật,8,1,0.875,0,6,7,0,8,0,1,0,0,0.125,8,Khánh Hòa,NTB,AM Duy
NTB - Khánh Hòa,(KHO) Khánh Sơn,Hàng Mới Ca 1,2026-06-29 - Thứ 2,8,1,0.625,0.125,6,5,1,8,1,2,0,0,0.25,8,Khánh Hòa,NTB,AM Duy
NTB - Khánh Hòa,(KHO) Khánh Sơn,Hàng Mới Ca 1,2026-06-23 - Thứ 3,11,1,0.9091,0,6.6,10.0001,0,11,0,0.9999,0,0,0.0909,11,Khánh Hòa,NTB,AM Duy
NTB - Khánh Hòa,(KHO) Khánh Sơn,Hàng Mới Ca 1,2026-06-20 - Thứ 7,11,1,0.8182,0,5.56,9.0002,0,11,0,1.9998,0,0,0.1818,11,Khánh Hòa,NTB,AM Duy
NTB - Khánh Hòa,(KHO) Khánh Sơn,Hàng Mới Ca 1,2026-07-16 - Thứ 5,14,1,0.9286,0,5.08,13.0004,0,14,0,0.9996,0,0,0.0714,14,Khánh Hòa,NTB,AM Duy
NTB - Khánh Hòa,(KHO) Khánh Sơn,Hàng Mới Ca 1,2026-06-24 - Thứ 4,15,1,0.7333,0.0667,5.55,10.9995,1.0005,15,1.0005,3,0,0,0.2,15,Khánh Hòa,NTB,AM Duy
NTB - Khánh Hòa,(KHO) Khánh Sơn,Hàng Mới Ca 1,2026-07-02 - Thứ 5,15,1,0.6,0,4.44,9,0,15,0,6,0,0,0.4,15,Khánh Hòa,NTB,AM Duy
NTB - Khánh Hòa,(KHO) Khánh Sơn,Hàng Mới Ca 1,2026-06-27 - Thứ 7,15,1,0.8667,0.0667,6.46,13.0005,1.0005,15,1.0005,0.999,0,0,0.0666,15,Khánh Hòa,NTB,AM Duy
NTB - Khánh Hòa,(KHO) Khánh Sơn,Hàng Mới Ca 1,2026-07-12 - Chủ Nhật,16,1,0.875,0.0625,5.64,14,1,16,1,1,0,0,0.0625,16,Khánh Hòa,NTB,AM Duy
NTB - Khánh Hòa,(KHO) Khánh Sơn,Hàng Mới Ca 1,2026-06-25 - Thứ 5,16,1,0.9375,0,7.2,15,0,16,0,1,0,0,0.0625,16,Khánh Hòa,NTB,AM Duy
NTB - Khánh Hòa,(KHO) Khánh Sơn,Hàng Mới Ca 1,2026-07-06 - Thứ 2,16,1,0.75,0,5.42,12,0,16,0,4,0,0,0.25,16,Khánh Hòa,NTB,AM Duy
NTB - Khánh Hòa,(KHO) Khánh Sơn,Hàng Mới Ca 1,2026-06-28 - Chủ Nhật,17,1,0.8824,0,6.53,15.0008,0,17,0,1.9992,0,0,0.1176,17,Khánh Hòa,NTB,AM Duy
NTB - Khánh Hòa,(KHO) Khánh Sơn,Hàng Mới Ca 1,2026-07-07 - Thứ 3,17,1,0.8824,0,6.4,15.0008,0,17,0,1.9992,0,0,0.1176,17,Khánh Hòa,NTB,AM Duy
NTB - Khánh Hòa,(KHO) Khánh Sơn,Hàng Mới Ca 1,2026-07-11 - Thứ 7,18,1,0.7222,0.1667,7.54,12.9996,3.0006,18,3.0006,1.9998,0,0,0.1111,18,Khánh Hòa,NTB,AM Duy
NTB - Khánh Hòa,(KHO) Khánh Sơn,Hàng Mới Ca 1,2026-06-30 - Thứ 3,19,1,0.8421,0,7.19,15.9999,0,19,0,3.0001,0,0,0.1579,19,Khánh Hòa,NTB,AM Duy
NTB - Khánh Hòa,(KHO) Khánh Sơn,Hàng Mới Ca 1,2026-07-14 - Thứ 3,19,1,0.8947,0.0526,6.29,16.9993,0.9994,19,0.9994,1.0013,0,0,0.0527,19,Khánh Hòa,NTB,AM Duy
NTB - Khánh Hòa,(KHO) Khánh Sơn,Hàng Mới Ca 1,2026-07-13 - Thứ 2,19,1,0.8421,0,5.63,15.9999,0,19,0,3.0001,0,0,0.1579,19,Khánh Hòa,NTB,AM Duy
NTB - Khánh Hòa,(KHO) Khánh Sơn,Hàng Mới Ca 1,2026-07-15 - Thứ 4,20,1,0.9,0,5.5,18,0,20,0,2,0,0,0.1,20,Khánh Hòa,NTB,AM Duy
NTB - Khánh Hòa,(KHO) Khánh Sơn,Hàng Mới Ca 1,2026-07-09 - Thứ 5,20,1,0.8,0,4.69,16,0,20,0,4,0,0,0.2,20,Khánh Hòa,NTB,AM Duy
NTB - Khánh Hòa,(KHO) Khánh Sơn,Hàng Mới Ca 1,2026-07-04 - Thứ 7,20,1,1,0,3,20,0,20,0,0,0,0,0,20,Khánh Hòa,NTB,AM Duy
NTB - Khánh Hòa,(KHO) Khánh Sơn,Hàng Mới Ca 1,2026-07-17 - Thứ 6,22,1,0.8182,0.0455,5.06,18.0004,1.001,22,1.001,2.9986,0,0,0.1363,22,Khánh Hòa,NTB,AM Duy
NTB - Khánh Hòa,(KHO) Khánh Sơn,Hàng Mới Ca 1,2026-07-01 - Thứ 4,23,1,0.913,0.0435,6.43,20.999,1.0005,23,1.0005,1.0005,0,0,0.0435,23,Khánh Hòa,NTB,AM Duy
NTB - Khánh Hòa,(KHO) Khánh Sơn,Hàng Mới Ca 1,2026-07-05 - Chủ Nhật,23,1,0.6957,0,6.94,16.0011,0,23,0,6.9989,0,0,0.3043,23,Khánh Hòa,NTB,AM Duy
NTB - Khánh Hòa,(KHO) Khánh Sơn,Hàng Mới Ca 1,2026-07-08 - Thứ 4,24,1,0.875,0.0417,5.71,21,1.0008,24,1.0008,1.9992,0,0,0.0833,24,Khánh Hòa,NTB,AM Duy
NTB - Khánh Hòa,(KHO) Khánh Sơn,Hàng Mới Ca 1,2026-07-10 - Thứ 6,25,1,0.8,0.12,6.35,20,3,25,3,2,0,0,0.08,25,Khánh Hòa,NTB,AM Duy
NTB - Khánh Hòa,(KHO) Khánh Sơn,Hàng Mới Ca 1,2026-07-03 - Thứ 6,25,1,0.88,0.04,8.27,22,1,25,1,2,0,0,0.08,25,Khánh Hòa,NTB,AM Duy
NTB - Khánh Hòa,(KHO) Khánh Sơn,Hàng Mới Ca 1,2026-06-26 - Thứ 6,26,1,0.8462,0,6.18,22.0012,0,26,0,3.9988,0,0,0.1538,26,Khánh Hòa,NTB,AM Duy
NTB - Khánh Hòa,(KHO) Khánh Sơn,Hàng Mới Ca 1,2026-06-22 - Thứ 2,28,1,0.9286,0.0357,5.5,26.0008,0.9996,28,0.9996,0.9996,0,0,0.0357,28,Khánh Hòa,NTB,AM Duy
NTB - Khánh Hòa,(KHO) Khánh Sơn,Hàng Mới Ca 2,2026-06-29 - Thứ 2,1,1,0,0,0,0,0,1,0,1,0,0,1,1,Khánh Hòa,NTB,AM Duy
NTB - Khánh Hòa,(KHO) Khánh Sơn,Hàng Tồn,2026-07-15 - Thứ 4,1,1,1,0,25,1,0,1,0,0,0,0,0,0,Khánh Hòa,NTB,AM Duy
NTB - Khánh Hòa,(KHO) Khánh Sơn,Hàng Tồn,2026-06-26 - Thứ 6,1,1,0,0,0,0,0,1,0,1,0,0,1,0,Khánh Hòa,NTB,AM Duy
NTB - Khánh Hòa,(KHO) Khánh Sơn,Hàng Tồn,2026-06-23 - Thứ 3,1,1,0,0,0,0,0,1,0,1,0,0,1,0,Khánh Hòa,NTB,AM Duy
NTB - Khánh Hòa,(KHO) Khánh Sơn,Hàng Tồn,2026-06-21 - Chủ Nhật,2,1,0,0,0,0,0,2,0,2,0,0,1,0,Khánh Hòa,NTB,AM Duy
NTB - Khánh Hòa,(KHO) Khánh Sơn,Hàng Tồn,2026-06-25 - Thứ 5,2,1,1,0,31,2,0,2,0,0,0,0,0,0,Khánh Hòa,NTB,AM Duy
NTB - Khánh Hòa,(KHO) Khánh Sơn,Hàng Tồn,2026-06-24 - Thứ 4,2,1,1,0,40.5,2,0,2,0,0,0,0,0,0,Khánh Hòa,NTB,AM Duy
NTB - Khánh Hòa,(KHO) Khánh Sơn,Hàng Tồn,2026-06-30 - Thứ 3,2,1,0.5,0,27,1,0,2,0,1,0,0,0.5,0,Khánh Hòa,NTB,AM Duy
NTB - Khánh Hòa,(KHO) Khánh Sơn,Hàng Tồn,2026-07-05 - Chủ Nhật,2,1,1,0,63.5,2,0,2,0,0,0,0,0,0,Khánh Hòa,NTB,AM Duy
NTB - Khánh Hòa,(KHO) Khánh Sơn,Hàng Tồn,2026-07-02 - Thứ 5,2,1,1,0,40.5,2,0,2,0,0,0,0,0,0,Khánh Hòa,NTB,AM Duy
NTB - Khánh Hòa,(KHO) Khánh Sơn,Hàng Tồn,2026-07-13 - Thứ 2,2,1,0.5,0,25,1,0,2,0,1,0,0,0.5,0,Khánh Hòa,NTB,AM Duy
NTB - Khánh Hòa,(KHO) Khánh Sơn,Hàng Tồn,2026-07-11 - Thứ 7,2,1,0.5,0,23,1,0,2,0,1,0,0,0.5,0,Khánh Hòa,NTB,AM Duy
NTB - Khánh Hòa,(KHO) Khánh Sơn,Hàng Tồn,2026-07-12 - Chủ Nhật,2,1,1,0,25,2,0,2,0,0,0,0,0,0,Khánh Hòa,NTB,AM Duy
NTB - Khánh Hòa,(KHO) Khánh Sơn,Hàng Tồn,2026-07-17 - Thứ 6,3,1,1,0,43,3,0,3,0,0,0,0,0,0,Khánh Hòa,NTB,AM Duy
NTB - Khánh Hòa,(KHO) Khánh Sơn,Hàng Tồn,2026-07-09 - Thứ 5,3,1,0.3333,0.3333,25,0.9999,0.9999,3,0.9999,1.0002,0,0,0.3334,0,Khánh Hòa,NTB,AM Duy
NTB - Khánh Hòa,(KHO) Khánh Sơn,Hàng Tồn,2026-06-22 - Thứ 2,3,1,1,0,45.33,3,0,3,0,0,0,0,0,0,Khánh Hòa,NTB,AM Duy
NTB - Khánh Hòa,(KHO) Khánh Sơn,Hàng Tồn,2026-07-01 - Thứ 4,3,1,1,0,34.67,3,0,3,0,0,0,0,0,0,Khánh Hòa,NTB,AM Duy
NTB - Khánh Hòa,(KHO) Khánh Sơn,Hàng Tồn,2026-06-28 - Chủ Nhật,3,1,0.6667,0,35,2.0001,0,3,0,0.9999,0,0,0.3333,0,Khánh Hòa,NTB,AM Duy
NTB - Khánh Hòa,(KHO) Khánh Sơn,Hàng Tồn,2026-07-14 - Thứ 3,3,1,1,0,28.33,3,0,3,0,0,0,0,0,0,Khánh Hòa,NTB,AM Duy
NTB - Khánh Hòa,(KHO) Khánh Sơn,Hàng Tồn,2026-06-29 - Thứ 2,3,1,0.6667,0,29,2.0001,0,3,0,0.9999,0,0,0.3333,0,Khánh Hòa,NTB,AM Duy
NTB - Khánh Hòa,(KHO) Khánh Sơn,Hàng Tồn,2026-07-16 - Thứ 5,3,1,0.3333,0,145,0.9999,0,3,0,2.0001,0,0,0.6667,0,Khánh Hòa,NTB,AM Duy
NTB - Khánh Hòa,(KHO) Khánh Sơn,Hàng Tồn,2026-07-08 - Thứ 4,4,1,0.75,0,38,3,0,4,0,1,0,0,0.25,0,Khánh Hòa,NTB,AM Duy
NTB - Khánh Hòa,(KHO) Khánh Sơn,Hàng Tồn,2026-07-10 - Thứ 6,5,1,0.8,0,31.5,4,0,5,0,1,0,0,0.2,0,Khánh Hòa,NTB,AM Duy
NTB - Khánh Hòa,(KHO) Khánh Sơn,Hàng Tồn,2026-06-27 - Thứ 7,5,1,0.4,0.2,54,2,1,5,1,2,0,0,0.4,0,Khánh Hòa,NTB,AM Duy
NTB - Khánh Hòa,(KHO) Khánh Sơn,Hàng Tồn,2026-07-03 - Thứ 6,6,1,0.3333,0,26,1.9998,0,6,0,4.0002,0,0,0.6667,0,Khánh Hòa,NTB,AM Duy
NTB - Khánh Hòa,(KHO) Khánh Sơn,Hàng Tồn,2026-07-04 - Thứ 7,6,1,0.3333,0,37.5,1.9998,0,6,0,4.0002,0,0,0.6667,0,Khánh Hòa,NTB,AM Duy
NTB - Khánh Hòa,(KHO) Khánh Sơn,Hàng Tồn,2026-06-20 - Thứ 7,6,1,1,0,30,6,0,6,0,0,0,0,0,0,Khánh Hòa,NTB,AM Duy
NTB - Khánh Hòa,(KHO) Khánh Sơn,Hàng Tồn,2026-07-07 - Thứ 3,7,1,0.4286,0,39.33,3.0002,0,7,0,3.9998,0,0,0.5714,0,Khánh Hòa,NTB,AM Duy
NTB - Khánh Hòa,(KHO) Khánh Sơn,Hàng Tồn,2026-07-06 - Thứ 2,7,1,0.5714,0,24.25,3.9998,0,7,0,3.0002,0,0,0.4286,0,Khánh Hòa,NTB,AM Duy
NTB - Khánh Hòa,(KHO) Diên Thọ,Hàng Mới Ca 1,2026-07-09 - Thứ 5,61,1,0.8197,0.082,6.72,50.0017,5.002,61,5.002,5.9963,0,0,0.0983,61,Khánh Hòa,NTB,AM Phi
NTB - Khánh Hòa,(KHO) Diên Thọ,Hàng Mới Ca 1,2026-06-30 - Thứ 3,18,1,0.8889,0.0556,7.31,16.0002,1.0008,18,1.0008,0.999,0,0,0.0555,18,Khánh Hòa,NTB,AM Phi
NTB - Khánh Hòa,(KHO) Diên Thọ,Hàng Mới Ca 1,2026-07-05 - Chủ Nhật,20,1,0.85,0.05,5.59,17,1,20,1,2,0,0,0.1,20,Khánh Hòa,NTB,AM Phi
NTB - Khánh Hòa,(KHO) Diên Thọ,Hàng Mới Ca 1,2026-07-07 - Thứ 3,20,1,0.8,0,5.31,16,0,20,0,4,0,0,0.2,20,Khánh Hòa,NTB,AM Phi
NTB - Khánh Hòa,(KHO) Diên Thọ,Hàng Mới Ca 1,2026-07-14 - Thứ 3,21,1,0.7143,0,8.73,15.0003,0,21,0,5.9997,0,0,0.2857,21,Khánh Hòa,NTB,AM Phi
NTB - Khánh Hòa,(KHO) Diên Thọ,Hàng Mới Ca 1,2026-06-20 - Thứ 7,21,1,0.7619,0.0476,7.88,15.9999,0.9996,21,0.9996,4.0005,0,0,0.1905,21,Khánh Hòa,NTB,AM Phi
NTB - Khánh Hòa,(KHO) Diên Thọ,Hàng Mới Ca 1,2026-07-06 - Thứ 2,22,1,0.8636,0,8.58,18.9992,0,22,0,3.0008,0,0,0.1364,22,Khánh Hòa,NTB,AM Phi
NTB - Khánh Hòa,(KHO) Diên Thọ,Hàng Mới Ca 1,2026-07-15 - Thứ 4,24,1,0.7083,0.0417,7.94,16.9992,1.0008,24,1.0008,6,0,0,0.25,24,Khánh Hòa,NTB,AM Phi
NTB - Khánh Hòa,(KHO) Diên Thọ,Hàng Mới Ca 1,2026-07-08 - Thứ 4,25,1,0.84,0.04,6.81,21,1,25,1,3,0,0,0.12,25,Khánh Hòa,NTB,AM Phi
NTB - Khánh Hòa,(KHO) Diên Thọ,Hàng Mới Ca 1,2026-07-13 - Thứ 2,26,1,0.8462,0,6.73,22.0012,0,26,0,3.9988,0,0,0.1538,26,Khánh Hòa,NTB,AM Phi
NTB - Khánh Hòa,(KHO) Diên Thọ,Hàng Mới Ca 1,2026-06-23 - Thứ 3,26,1,0.8846,0.0385,5.57,22.9996,1.001,26,1.001,1.9994,0,0,0.0769,26,Khánh Hòa,NTB,AM Phi
NTB - Khánh Hòa,(KHO) Diên Thọ,Hàng Mới Ca 1,2026-07-01 - Thứ 4,27,1,0.7778,0,4.33,21.0006,0,27,0,5.9994,0,0,0.2222,27,Khánh Hòa,NTB,AM Phi
NTB - Khánh Hòa,(KHO) Diên Thọ,Hàng Mới Ca 1,2026-06-29 - Thứ 2,27,1,0.8148,0.0741,8,21.9996,2.0007,27,2.0007,2.9997,0,0,0.1111,27,Khánh Hòa,NTB,AM Phi
NTB - Khánh Hòa,(KHO) Diên Thọ,Hàng Mới Ca 1,2026-07-16 - Thứ 5,28,1,0.75,0.0714,6.76,21,1.9992,28,1.9992,5.0008,0,0,0.1786,28,Khánh Hòa,NTB,AM Phi
NTB - Khánh Hòa,(KHO) Diên Thọ,Hàng Mới Ca 1,2026-07-04 - Thứ 7,29,1,0.931,0.0345,6.78,26.999,1.0005,29,1.0005,1.0005,0,0,0.0345,29,Khánh Hòa,NTB,AM Phi
NTB - Khánh Hòa,(KHO) Diên Thọ,Hàng Mới Ca 1,2026-07-12 - Chủ Nhật,31,0.8065,0.5161,0.0323,4.69,15.9991,1.0013,25.0015,1.0013,13.9996,5.9985,0.1935,0.4516,31,Khánh Hòa,NTB,AM Phi
NTB - Khánh Hòa,(KHO) Diên Thọ,Hàng Mới Ca 1,2026-06-25 - Thứ 5,31,1,0.8387,0,6.54,25.9997,0,31,0,5.0003,0,0,0.1613,31,Khánh Hòa,NTB,AM Phi
NTB - Khánh Hòa,(KHO) Diên Thọ,Hàng Mới Ca 1,2026-07-02 - Thứ 5,32,1,0.75,0.0313,6.92,24,1.0016,32,1.0016,6.9984,0,0,0.2187,32,Khánh Hòa,NTB,AM Phi
NTB - Khánh Hòa,(KHO) Diên Thọ,Hàng Mới Ca 1,2026-06-24 - Thứ 4,33,1,0.7879,0,7.58,26.0007,0,33,0,6.9993,0,0,0.2121,33,Khánh Hòa,NTB,AM Phi
NTB - Khánh Hòa,(KHO) Diên Thọ,Hàng Mới Ca 1,2026-07-03 - Thứ 6,34,1,0.8529,0.0294,6.21,28.9986,0.9996,34,0.9996,4.0018,0,0,0.1177,34,Khánh Hòa,NTB,AM Phi
NTB - Khánh Hòa,(KHO) Diên Thọ,Hàng Mới Ca 1,2026-06-28 - Chủ Nhật,36,0.9444,0.75,0.0278,6.93,27,1.0008,33.9984,1.0008,7.9992,2.0016,0.0556,0.2222,36,Khánh Hòa,NTB,AM Phi
NTB - Khánh Hòa,(KHO) Diên Thọ,Hàng Mới Ca 1,2026-07-11 - Thứ 7,41,1,0.8537,0.0488,6.51,35.0017,2.0008,41,2.0008,3.9975,0,0,0.0975,41,Khánh Hòa,NTB,AM Phi
NTB - Khánh Hòa,(KHO) Diên Thọ,Hàng Mới Ca 1,2026-06-22 - Thứ 2,41,0.8293,0.7561,0.0244,7.77,31.0001,1.0004,34.0013,1.0004,8.9995,6.9987,0.1707,0.2195,41,Khánh Hòa,NTB,AM Phi
NTB - Khánh Hòa,(KHO) Diên Thọ,Hàng Mới Ca 1,2026-06-21 - Chủ Nhật,42,1,0.881,0.0238,6.27,37.002,0.9996,42,0.9996,3.9984,0,0,0.0952,42,Khánh Hòa,NTB,AM Phi
NTB - Khánh Hòa,(KHO) Diên Thọ,Hàng Mới Ca 1,2026-07-17 - Thứ 6,43,1,0.7442,0,6.09,32.0006,0,43,0,10.9994,0,0,0.2558,43,Khánh Hòa,NTB,AM Phi
NTB - Khánh Hòa,(KHO) Diên Thọ,Hàng Mới Ca 1,2026-06-26 - Thứ 6,46,1,0.8696,0.0217,7.25,40.0016,0.9982,46,0.9982,5.0002,0,0,0.1087,46,Khánh Hòa,NTB,AM Phi
NTB - Khánh Hòa,(KHO) Diên Thọ,Hàng Mới Ca 1,2026-06-27 - Thứ 7,47,1,0.8723,0.0213,7.02,40.9981,1.0011,47,1.0011,5.0008,0,0,0.1064,47,Khánh Hòa,NTB,AM Phi
NTB - Khánh Hòa,(KHO) Diên Thọ,Hàng Mới Ca 1,2026-07-10 - Thứ 6,47,1,0.8723,0,5.49,40.9981,0,47,0,6.0019,0,0,0.1277,47,Khánh Hòa,NTB,AM Phi
NTB - Khánh Hòa,(KHO) Diên Thọ,Hàng Tồn,2026-07-01 - Thứ 4,1,1,1,0,28,1,0,1,0,0,0,0,0,0,Khánh Hòa,NTB,AM Phi
NTB - Khánh Hòa,(KHO) Diên Thọ,Hàng Tồn,2026-07-12 - Chủ Nhật,2,1,0.5,0,57,1,0,2,0,1,0,0,0.5,0,Khánh Hòa,NTB,AM Phi
NTB - Khánh Hòa,(KHO) Diên Thọ,Hàng Tồn,2026-07-06 - Thứ 2,2,1,0.5,0,32,1,0,2,0,1,0,0,0.5,0,Khánh Hòa,NTB,AM Phi
NTB - Khánh Hòa,(KHO) Diên Thọ,Hàng Tồn,2026-07-09 - Thứ 5,2,0.5,0,0,0,0,0,1,0,2,1,0.5,1,0,Khánh Hòa,NTB,AM Phi
NTB - Khánh Hòa,(KHO) Diên Thọ,Hàng Tồn,2026-07-05 - Chủ Nhật,2,1,1,0,64.5,2,0,2,0,0,0,0,0,0,Khánh Hòa,NTB,AM Phi
NTB - Khánh Hòa,(KHO) Diên Thọ,Hàng Tồn,2026-06-27 - Thứ 7,4,1,0.75,0,39,3,0,4,0,1,0,0,0.25,0,Khánh Hòa,NTB,AM Phi
NTB - Khánh Hòa,(KHO) Diên Thọ,Hàng Tồn,2026-07-07 - Thứ 3,4,1,0.5,0,42.5,2,0,4,0,2,0,0,0.5,0,Khánh Hòa,NTB,AM Phi
NTB - Khánh Hòa,(KHO) Diên Thọ,Hàng Tồn,2026-07-11 - Thứ 7,5,1,0.4,0,59.5,2,0,5,0,3,0,0,0.6,0,Khánh Hòa,NTB,AM Phi
NTB - Khánh Hòa,(KHO) Diên Thọ,Hàng Tồn,2026-07-04 - Thứ 7,5,1,1,0,32.8,5,0,5,0,0,0,0,0,0,Khánh Hòa,NTB,AM Phi
NTB - Khánh Hòa,(KHO) Diên Thọ,Hàng Tồn,2026-06-30 - Thứ 3,5,1,1,0,40.2,5,0,5,0,0,0,0,0,0,Khánh Hòa,NTB,AM Phi
NTB - Khánh Hòa,(KHO) Diên Thọ,Hàng Tồn,2026-06-24 - Thứ 4,6,1,0.6667,0,49,4.0002,0,6,0,1.9998,0,0,0.3333,0,Khánh Hòa,NTB,AM Phi
NTB - Khánh Hòa,(KHO) Diên Thọ,Hàng Tồn,2026-07-08 - Thứ 4,6,1,0.6667,0,41.5,4.0002,0,6,0,1.9998,0,0,0.3333,0,Khánh Hòa,NTB,AM Phi
NTB - Khánh Hòa,(KHO) Diên Thọ,Hàng Tồn,2026-06-22 - Thứ 2,6,1,0.8333,0,82.4,4.9998,0,6,0,1.0002,0,0,0.1667,0,Khánh Hòa,NTB,AM Phi
NTB - Khánh Hòa,(KHO) Diên Thọ,Hàng Tồn,2026-07-16 - Thứ 5,6,1,0.8333,0,52.4,4.9998,0,6,0,1.0002,0,0,0.1667,0,Khánh Hòa,NTB,AM Phi
NTB - Khánh Hòa,(KHO) Diên Thọ,Hàng Tồn,2026-06-20 - Thứ 7,6,1,0.3333,0,67.5,1.9998,0,6,0,4.0002,0,0,0.6667,0,Khánh Hòa,NTB,AM Phi
NTB - Khánh Hòa,(KHO) Diên Thọ,Hàng Tồn,2026-07-15 - Thứ 4,6,1,0.8333,0,49.2,4.9998,0,6,0,1.0002,0,0,0.1667,0,Khánh Hòa,NTB,AM Phi
NTB - Khánh Hòa,(KHO) Diên Thọ,Hàng Tồn,2026-07-02 - Thứ 5,7,0.8571,0.7143,0,30,5.0001,0,5.9997,0,1.9999,1.0003,0.1429,0.2857,0,Khánh Hòa,NTB,AM Phi
NTB - Khánh Hòa,(KHO) Diên Thọ,Hàng Tồn,2026-07-17 - Thứ 6,7,1,0.8571,0,65.67,5.9997,0,7,0,1.0003,0,0,0.1429,0,Khánh Hòa,NTB,AM Phi
NTB - Khánh Hòa,(KHO) Diên Thọ,Hàng Tồn,2026-06-26 - Thứ 6,7,1,1,0,47.43,7,0,7,0,0,0,0,0,0,Khánh Hòa,NTB,AM Phi
NTB - Khánh Hòa,(KHO) Diên Thọ,Hàng Tồn,2026-07-03 - Thứ 6,7,1,0.7143,0.1429,29.4,5.0001,1.0003,7,1.0003,0.9996,0,0,0.1428,0,Khánh Hòa,NTB,AM Phi
NTB - Khánh Hòa,(KHO) Diên Thọ,Hàng Tồn,2026-06-28 - Chủ Nhật,7,1,0.7143,0,46.8,5.0001,0,7,0,1.9999,0,0,0.2857,0,Khánh Hòa,NTB,AM Phi
NTB - Khánh Hòa,(KHO) Diên Thọ,Hàng Tồn,2026-06-21 - Chủ Nhật,8,1,0.375,0.125,66,3,1,8,1,4,0,0,0.5,0,Khánh Hòa,NTB,AM Phi
NTB - Khánh Hòa,(KHO) Diên Thọ,Hàng Tồn,2026-07-14 - Thứ 3,8,1,0.25,0,50.5,2,0,8,0,6,0,0,0.75,0,Khánh Hòa,NTB,AM Phi
NTB - Khánh Hòa,(KHO) Diên Thọ,Hàng Tồn,2026-06-25 - Thứ 5,8,1,0.625,0,47.4,5,0,8,0,3,0,0,0.375,0,Khánh Hòa,NTB,AM Phi
NTB - Khánh Hòa,(KHO) Diên Thọ,Hàng Tồn,2026-07-10 - Thứ 6,8,1,0.625,0,48.4,5,0,8,0,3,0,0,0.375,0,Khánh Hòa,NTB,AM Phi
NTB - Khánh Hòa,(KHO) Diên Thọ,Hàng Tồn,2026-06-29 - Thứ 2,10,1,0.8,0,41.5,8,0,10,0,2,0,0,0.2,0,Khánh Hòa,NTB,AM Phi
NTB - Khánh Hòa,(KHO) Diên Thọ,Hàng Tồn,2026-06-23 - Thứ 3,12,1,0.5,0,42.67,6,0,12,0,6,0,0,0.5,0,Khánh Hòa,NTB,AM Phi
NTB - Khánh Hòa,(KHO) Diên Thọ,Hàng Tồn,2026-07-13 - Thứ 2,21,1,0.6667,0,50.93,14.0007,0,21,0,6.9993,0,0,0.3333,0,Khánh Hòa,NTB,AM Phi
NTB - Khánh Hòa,(KHO) Diên Khánh 2,Hàng Mới Ca 1,2026-06-30 - Thứ 3,13,0.9231,0.7692,0,7.9,9.9996,0,12.0003,0,3.0004,0.9997,0.0769,0.2308,13,Khánh Hòa,NTB,AM Phi
NTB - Khánh Hòa,(KHO) Diên Khánh 2,Hàng Mới Ca 1,2026-07-06 - Thứ 2,13,0.6923,0.6154,0,6.38,8.0002,0,8.9999,0,4.9998,4.0001,0.3077,0.3846,13,Khánh Hòa,NTB,AM Phi
NTB - Khánh Hòa,(KHO) Diên Khánh 2,Hàng Mới Ca 1,2026-07-07 - Thứ 3,14,0.9286,0.9286,0,6.69,13.0004,0,13.0004,0,0.9996,0.9996,0.0714,0.0714,14,Khánh Hòa,NTB,AM Phi
NTB - Khánh Hòa,(KHO) Diên Khánh 2,Hàng Mới Ca 1,2026-07-13 - Thứ 2,17,1,1,0,7.88,17,0,17,0,0,0,0,0,17,Khánh Hòa,NTB,AM Phi
NTB - Khánh Hòa,(KHO) Diên Khánh 2,Hàng Mới Ca 1,2026-07-08 - Thứ 4,20,1,0.8,0.05,6.19,16,1,20,1,3,0,0,0.15,20,Khánh Hòa,NTB,AM Phi
NTB - Khánh Hòa,(KHO) Diên Khánh 2,Hàng Mới Ca 1,2026-07-14 - Thứ 3,21,1,0.9048,0,5.53,19.0008,0,21,0,1.9992,0,0,0.0952,21,Khánh Hòa,NTB,AM Phi
NTB - Khánh Hòa,(KHO) Diên Khánh 2,Hàng Mới Ca 1,2026-07-04 - Thứ 7,21,1,0.8571,0.0476,7.11,17.9991,0.9996,21,0.9996,2.0013,0,0,0.0953,21,Khánh Hòa,NTB,AM Phi
NTB - Khánh Hòa,(KHO) Diên Khánh 2,Hàng Mới Ca 1,2026-07-05 - Chủ Nhật,21,0.9524,0.9048,0,8.37,19.0008,0,20.0004,0,1.9992,0.9996,0.0476,0.0952,21,Khánh Hòa,NTB,AM Phi
NTB - Khánh Hòa,(KHO) Diên Khánh 2,Hàng Mới Ca 1,2026-07-16 - Thứ 5,22,1,1,0,8.18,22,0,22,0,0,0,0,0,22,Khánh Hòa,NTB,AM Phi
NTB - Khánh Hòa,(KHO) Diên Khánh 2,Hàng Mới Ca 1,2026-06-20 - Thứ 7,23,1,0.9565,0,5.73,21.9995,0,23,0,1.0005,0,0,0.0435,23,Khánh Hòa,NTB,AM Phi
NTB - Khánh Hòa,(KHO) Diên Khánh 2,Hàng Mới Ca 1,2026-06-29 - Thứ 2,23,1,0.7391,0.1304,7.13,16.9993,2.9992,23,2.9992,3.0015,0,0,0.1305,23,Khánh Hòa,NTB,AM Phi
NTB - Khánh Hòa,(KHO) Diên Khánh 2,Hàng Mới Ca 1,2026-07-12 - Chủ Nhật,23,0.8696,0.7391,0,6.47,16.9993,0,20.0008,0,6.0007,2.9992,0.1304,0.2609,23,Khánh Hòa,NTB,AM Phi
NTB - Khánh Hòa,(KHO) Diên Khánh 2,Hàng Mới Ca 1,2026-06-28 - Chủ Nhật,25,1,0.92,0,7.09,23,0,25,0,2,0,0,0.08,25,Khánh Hòa,NTB,AM Phi
NTB - Khánh Hòa,(KHO) Diên Khánh 2,Hàng Mới Ca 1,2026-07-03 - Thứ 6,25,1,0.88,0.08,5,22,2,25,2,1,0,0,0.04,25,Khánh Hòa,NTB,AM Phi
NTB - Khánh Hòa,(KHO) Diên Khánh 2,Hàng Mới Ca 1,2026-07-02 - Thứ 5,26,1,0.9615,0,6.44,24.999,0,26,0,1.001,0,0,0.0385,26,Khánh Hòa,NTB,AM Phi
NTB - Khánh Hòa,(KHO) Diên Khánh 2,Hàng Mới Ca 1,2026-06-21 - Chủ Nhật,27,0.963,0.8889,0,7.92,24.0003,0,26.001,0,2.9997,0.999,0.037,0.1111,27,Khánh Hòa,NTB,AM Phi
NTB - Khánh Hòa,(KHO) Diên Khánh 2,Hàng Mới Ca 1,2026-06-26 - Thứ 6,28,1,0.9643,0,6.59,27.0004,0,28,0,0.9996,0,0,0.0357,28,Khánh Hòa,NTB,AM Phi
NTB - Khánh Hòa,(KHO) Diên Khánh 2,Hàng Mới Ca 1,2026-06-25 - Thứ 5,28,0.9286,0.8214,0,5.74,22.9992,0,26.0008,0,5.0008,1.9992,0.0714,0.1786,28,Khánh Hòa,NTB,AM Phi
NTB - Khánh Hòa,(KHO) Diên Khánh 2,Hàng Mới Ca 1,2026-07-11 - Thứ 7,30,1,0.9667,0,6.34,29.001,0,30,0,0.999,0,0,0.0333,30,Khánh Hòa,NTB,AM Phi
NTB - Khánh Hòa,(KHO) Diên Khánh 2,Hàng Mới Ca 1,2026-06-27 - Thứ 7,30,1,0.9333,0.0333,6.71,27.999,0.999,30,0.999,1.002,0,0,0.0334,30,Khánh Hòa,NTB,AM Phi
NTB - Khánh Hòa,(KHO) Diên Khánh 2,Hàng Mới Ca 1,2026-07-15 - Thứ 4,30,1,0.9333,0,7.21,27.999,0,30,0,2.001,0,0,0.0667,30,Khánh Hòa,NTB,AM Phi
NTB - Khánh Hòa,(KHO) Diên Khánh 2,Hàng Mới Ca 1,2026-07-10 - Thứ 6,30,1,0.8667,0.0333,6,26.001,0.999,30,0.999,3,0,0,0.1,30,Khánh Hòa,NTB,AM Phi
NTB - Khánh Hòa,(KHO) Diên Khánh 2,Hàng Mới Ca 1,2026-07-17 - Thứ 6,31,1,0.9677,0,7.67,29.9987,0,31,0,1.0013,0,0,0.0323,31,Khánh Hòa,NTB,AM Phi
NTB - Khánh Hòa,(KHO) Diên Khánh 2,Hàng Mới Ca 1,2026-06-23 - Thứ 3,31,1,0.9355,0,6.59,29.0005,0,31,0,1.9995,0,0,0.0645,31,Khánh Hòa,NTB,AM Phi
NTB - Khánh Hòa,(KHO) Diên Khánh 2,Hàng Mới Ca 1,2026-06-22 - Thứ 2,32,0.75,0.6563,0,7,21.0016,0,24,0,10.9984,8,0.25,0.3437,32,Khánh Hòa,NTB,AM Phi
NTB - Khánh Hòa,(KHO) Diên Khánh 2,Hàng Mới Ca 1,2026-06-24 - Thứ 4,33,0.9091,0.7879,0,8,26.0007,0,30.0003,0,6.9993,2.9997,0.0909,0.2121,33,Khánh Hòa,NTB,AM Phi
NTB - Khánh Hòa,(KHO) Diên Khánh 2,Hàng Mới Ca 1,2026-07-09 - Thứ 5,43,1,0.907,0.0233,6.64,39.001,1.0019,43,1.0019,2.9971,0,0,0.0697,43,Khánh Hòa,NTB,AM Phi
NTB - Khánh Hòa,(KHO) Diên Khánh 2,Hàng Mới Ca 1,2026-07-01 - Thứ 4,44,1,0.9091,0,7.1,40.0004,0,44,0,3.9996,0,0,0.0909,44,Khánh Hòa,NTB,AM Phi
NTB - Khánh Hòa,(KHO) Diên Khánh 2,Hàng Mới Ca 2,2026-07-13 - Thứ 2,5,1,0.8,0,4.5,4,0,5,0,1,0,0,0.2,5,Khánh Hòa,NTB,AM Phi
NTB - Khánh Hòa,(KHO) Diên Khánh 2,Hàng Mới Ca 2,2026-06-29 - Thứ 2,7,0.4286,0.2857,0,3,1.9999,0,3.0002,0,5.0001,3.9998,0.5714,0.7143,7,Khánh Hòa,NTB,AM Phi
NTB - Khánh Hòa,(KHO) Diên Khánh 2,Hàng Mới Ca 2,2026-07-01 - Thứ 4,10,0.4,0.4,0,4.75,4,0,4,0,6,6,0.6,0.6,10,Khánh Hòa,NTB,AM Phi
NTB - Khánh Hòa,(KHO) Diên Khánh 2,Hàng Mới Ca 2,2026-07-15 - Thứ 4,10,0.9,0.9,0,4.33,9,0,9,0,1,1,0.1,0.1,10,Khánh Hòa,NTB,AM Phi
NTB - Khánh Hòa,(KHO) Diên Khánh 2,Hàng Mới Ca 2,2026-07-14 - Thứ 3,11,0.7273,0.5455,0,3,6.0005,0,8.0003,0,4.9995,2.9997,0.2727,0.4545,11,Khánh Hòa,NTB,AM Phi
NTB - Khánh Hòa,(KHO) Diên Khánh 2,Hàng Mới Ca 2,2026-06-22 - Thứ 2,11,0.7273,0.6364,0.0909,4.86,7.0004,0.9999,8.0003,0.9999,2.9997,2.9997,0.2727,0.2727,11,Khánh Hòa,NTB,AM Phi
NTB - Khánh Hòa,(KHO) Diên Khánh 2,Hàng Mới Ca 2,2026-07-06 - Thứ 2,12,0.5,0.25,0.0833,4.67,3,0.9996,6,0.9996,8.0004,6,0.5,0.6667,12,Khánh Hòa,NTB,AM Phi
NTB - Khánh Hòa,(KHO) Diên Khánh 2,Hàng Mới Ca 2,2026-06-30 - Thứ 3,12,0.6667,0.6667,0,4.75,8.0004,0,8.0004,0,3.9996,3.9996,0.3333,0.3333,12,Khánh Hòa,NTB,AM Phi
NTB - Khánh Hòa,(KHO) Diên Khánh 2,Hàng Mới Ca 2,2026-07-17 - Thứ 6,13,0.6154,0.5385,0,4,7.0005,0,8.0002,0,5.9995,4.9998,0.3846,0.4615,13,Khánh Hòa,NTB,AM Phi
NTB - Khánh Hòa,(KHO) Diên Khánh 2,Hàng Mới Ca 2,2026-07-02 - Thứ 5,13,0.5385,0.4615,0,3.33,5.9995,0,7.0005,0,7.0005,5.9995,0.4615,0.5385,13,Khánh Hòa,NTB,AM Phi
NTB - Khánh Hòa,(KHO) Diên Khánh 2,Hàng Mới Ca 2,2026-06-26 - Thứ 6,14,1,0.9286,0,4.62,13.0004,0,14,0,0.9996,0,0,0.0714,14,Khánh Hòa,NTB,AM Phi
NTB - Khánh Hòa,(KHO) Diên Khánh 2,Hàng Mới Ca 2,2026-07-11 - Thứ 7,15,0.6667,0.6667,0,4.5,10.0005,0,10.0005,0,4.9995,4.9995,0.3333,0.3333,15,Khánh Hòa,NTB,AM Phi
NTB - Khánh Hòa,(KHO) Diên Khánh 2,Hàng Mới Ca 2,2026-06-21 - Chủ Nhật,15,0.6,0.6,0,3.33,9,0,9,0,6,6,0.4,0.4,15,Khánh Hòa,NTB,AM Phi
NTB - Khánh Hòa,(KHO) Diên Khánh 2,Hàng Mới Ca 2,2026-06-24 - Thứ 4,17,0.6471,0.4706,0,5.75,8.0002,0,11.0007,0,8.9998,5.9993,0.3529,0.5294,17,Khánh Hòa,NTB,AM Phi
NTB - Khánh Hòa,(KHO) Diên Khánh 2,Hàng Mới Ca 2,2026-06-25 - Thứ 5,17,0.7647,0.7059,0,4,12.0003,0,12.9999,0,4.9997,4.0001,0.2353,0.2941,17,Khánh Hòa,NTB,AM Phi
NTB - Khánh Hòa,(KHO) Diên Khánh 2,Hàng Mới Ca 2,2026-07-03 - Thứ 6,18,0.6111,0.5556,0,4.1,10.0008,0,10.9998,0,7.9992,7.0002,0.3889,0.4444,18,Khánh Hòa,NTB,AM Phi
NTB - Khánh Hòa,(KHO) Diên Khánh 2,Hàng Mới Ca 2,2026-06-20 - Thứ 7,18,0.5,0.4444,0,3.88,7.9992,0,9,0,10.0008,9,0.5,0.5556,18,Khánh Hòa,NTB,AM Phi
NTB - Khánh Hòa,(KHO) Diên Khánh 2,Hàng Mới Ca 2,2026-07-07 - Thứ 3,19,0.8421,0.8421,0,3.56,15.9999,0,15.9999,0,3.0001,3.0001,0.1579,0.1579,19,Khánh Hòa,NTB,AM Phi
NTB - Khánh Hòa,(KHO) Diên Khánh 2,Hàng Mới Ca 2,2026-06-28 - Chủ Nhật,20,0.75,0.7,0,4.64,14,0,15,0,6,5,0.25,0.3,20,Khánh Hòa,NTB,AM Phi
NTB - Khánh Hòa,(KHO) Diên Khánh 2,Hàng Mới Ca 2,2026-07-05 - Chủ Nhật,21,0.5714,0.5714,0,3.25,11.9994,0,11.9994,0,9.0006,9.0006,0.4286,0.4286,21,Khánh Hòa,NTB,AM Phi
NTB - Khánh Hòa,(KHO) Diên Khánh 2,Hàng Mới Ca 2,2026-06-23 - Thứ 3,21,0.8095,0.8095,0,3,16.9995,0,16.9995,0,4.0005,4.0005,0.1905,0.1905,21,Khánh Hòa,NTB,AM Phi
NTB - Khánh Hòa,(KHO) Diên Khánh 2,Hàng Mới Ca 2,2026-06-27 - Thứ 7,22,0.6364,0.5909,0,5.54,12.9998,0,14.0008,0,9.0002,7.9992,0.3636,0.4091,22,Khánh Hòa,NTB,AM Phi
NTB - Khánh Hòa,(KHO) Diên Khánh 2,Hàng Mới Ca 2,2026-07-04 - Thứ 7,23,0.6957,0.6522,0,2.8,15.0006,0,16.0011,0,7.9994,6.9989,0.3043,0.3478,23,Khánh Hòa,NTB,AM Phi
NTB - Khánh Hòa,(KHO) Diên Khánh 2,Hàng Mới Ca 2,2026-07-12 - Chủ Nhật,24,0.625,0.4583,0,4.64,10.9992,0,15,0,13.0008,9,0.375,0.5417,24,Khánh Hòa,NTB,AM Phi
NTB - Khánh Hòa,(KHO) Diên Khánh 2,Hàng Mới Ca 2,2026-07-16 - Thứ 5,26,0.8462,0.7308,0,4.32,19.0008,0,22.0012,0,6.9992,3.9988,0.1538,0.2692,26,Khánh Hòa,NTB,AM Phi
NTB - Khánh Hòa,(KHO) Diên Khánh 2,Hàng Mới Ca 2,2026-07-10 - Thứ 6,27,0.7037,0.6296,0,5,16.9992,0,18.9999,0,10.0008,8.0001,0.2963,0.3704,27,Khánh Hòa,NTB,AM Phi
NTB - Khánh Hòa,(KHO) Diên Khánh 2,Hàng Mới Ca 2,2026-07-09 - Thứ 5,36,0.6667,0.6389,0,5.22,23.0004,0,24.0012,0,12.9996,11.9988,0.3333,0.3611,36,Khánh Hòa,NTB,AM Phi
NTB - Khánh Hòa,(KHO) Diên Khánh 2,Hàng Mới Ca 2,2026-07-08 - Thứ 4,39,0.6154,0.5128,0.0256,4.35,19.9992,0.9984,24.0006,0.9984,18.0024,14.9994,0.3846,0.4616,39,Khánh Hòa,NTB,AM Phi
NTB - Khánh Hòa,(KHO) Diên Khánh 2,Hàng Tồn,2026-07-14 - Thứ 3,4,1,0.25,0.25,21,1,1,4,1,2,0,0,0.5,0,Khánh Hòa,NTB,AM Phi
NTB - Khánh Hòa,(KHO) Diên Khánh 2,Hàng Tồn,2026-07-16 - Thứ 5,5,1,0.4,0.2,33,2,1,5,1,2,0,0,0.4,0,Khánh Hòa,NTB,AM Phi
NTB - Khánh Hòa,(KHO) Diên Khánh 2,Hàng Tồn,2026-06-27 - Thứ 7,6,1,0.1667,0.1667,52,1.0002,1.0002,6,1.0002,3.9996,0,0,0.6666,0,Khánh Hòa,NTB,AM Phi
NTB - Khánh Hòa,(KHO) Diên Khánh 2,Hàng Tồn,2026-07-12 - Chủ Nhật,6,0.5,0.1667,0,26,1.0002,0,3,0,4.9998,3,0.5,0.8333,0,Khánh Hòa,NTB,AM Phi
NTB - Khánh Hòa,(KHO) Diên Khánh 2,Hàng Tồn,2026-07-08 - Thứ 4,7,1,0.5714,0,29.5,3.9998,0,7,0,3.0002,0,0,0.4286,0,Khánh Hòa,NTB,AM Phi
NTB - Khánh Hòa,(KHO) Diên Khánh 2,Hàng Tồn,2026-07-15 - Thứ 4,9,1,0.5556,0.1111,27.2,5.0004,0.9999,9,0.9999,2.9997,0,0,0.3333,0,Khánh Hòa,NTB,AM Phi
NTB - Khánh Hòa,(KHO) Diên Khánh 2,Hàng Tồn,2026-06-30 - Thứ 3,9,0.8889,0.7778,0,29.57,7.0002,0,8.0001,0,1.9998,0.9999,0.1111,0.2222,0,Khánh Hòa,NTB,AM Phi
NTB - Khánh Hòa,(KHO) Diên Khánh 2,Hàng Tồn,2026-06-29 - Thứ 2,9,1,0.7778,0.1111,24.57,7.0002,0.9999,9,0.9999,0.9999,0,0,0.1111,0,Khánh Hòa,NTB,AM Phi
NTB - Khánh Hòa,(KHO) Diên Khánh 2,Hàng Tồn,2026-07-17 - Thứ 6,9,0.8889,0.5556,0,24.6,5.0004,0,8.0001,0,3.9996,0.9999,0.1111,0.4444,0,Khánh Hòa,NTB,AM Phi
NTB - Khánh Hòa,(KHO) Diên Khánh 2,Hàng Tồn,2026-07-01 - Thứ 4,9,1,0.4444,0.1111,26.25,3.9996,0.9999,9,0.9999,4.0005,0,0,0.4445,0,Khánh Hòa,NTB,AM Phi
NTB - Khánh Hòa,(KHO) Diên Khánh 2,Hàng Tồn,2026-07-04 - Thứ 7,9,1,0.7778,0,33.86,7.0002,0,9,0,1.9998,0,0,0.2222,0,Khánh Hòa,NTB,AM Phi
NTB - Khánh Hòa,(KHO) Diên Khánh 2,Hàng Tồn,2026-07-05 - Chủ Nhật,10,1,0.7,0,29.57,7,0,10,0,3,0,0,0.3,0,Khánh Hòa,NTB,AM Phi
NTB - Khánh Hòa,(KHO) Diên Khánh 2,Hàng Tồn,2026-06-22 - Thứ 2,11,0.6364,0.4545,0,30.4,4.9995,0,7.0004,0,6.0005,3.9996,0.3636,0.5455,0,Khánh Hòa,NTB,AM Phi
NTB - Khánh Hòa,(KHO) Diên Khánh 2,Hàng Tồn,2026-06-24 - Thứ 4,11,0.9091,0.4545,0,48.6,4.9995,0,10.0001,0,6.0005,0.9999,0.0909,0.5455,0,Khánh Hòa,NTB,AM Phi
NTB - Khánh Hòa,(KHO) Diên Khánh 2,Hàng Tồn,2026-07-03 - Thứ 6,12,1,0.8333,0,33.1,9.9996,0,12,0,2.0004,0,0,0.1667,0,Khánh Hòa,NTB,AM Phi
NTB - Khánh Hòa,(KHO) Diên Khánh 2,Hàng Tồn,2026-06-21 - Chủ Nhật,13,1,0.6154,0.0769,27.13,8.0002,0.9997,13,0.9997,4.0001,0,0,0.3077,0,Khánh Hòa,NTB,AM Phi
NTB - Khánh Hòa,(KHO) Diên Khánh 2,Hàng Tồn,2026-07-02 - Thứ 5,13,1,0.5385,0.0769,24.14,7.0005,0.9997,13,0.9997,4.9998,0,0,0.3846,0,Khánh Hòa,NTB,AM Phi
NTB - Khánh Hòa,(KHO) Diên Khánh 2,Hàng Tồn,2026-06-20 - Thứ 7,13,1,0.3077,0.1538,29.75,4.0001,1.9994,13,1.9994,7.0005,0,0,0.5385,0,Khánh Hòa,NTB,AM Phi
NTB - Khánh Hòa,(KHO) Diên Khánh 2,Hàng Tồn,2026-06-28 - Chủ Nhật,14,1,0.7857,0.0714,27.36,10.9998,0.9996,14,0.9996,2.0006,0,0,0.1429,0,Khánh Hòa,NTB,AM Phi
NTB - Khánh Hòa,(KHO) Diên Khánh 2,Hàng Tồn,2026-06-26 - Thứ 6,15,1,0.7333,0,34.27,10.9995,0,15,0,4.0005,0,0,0.2667,0,Khánh Hòa,NTB,AM Phi
NTB - Khánh Hòa,(KHO) Diên Khánh 2,Hàng Tồn,2026-07-06 - Thứ 2,15,1,0.6667,0.0667,26.3,10.0005,1.0005,15,1.0005,3.999,0,0,0.2666,0,Khánh Hòa,NTB,AM Phi
NTB - Khánh Hòa,(KHO) Diên Khánh 2,Hàng Tồn,2026-07-11 - Thứ 7,16,1,0.9375,0,32.07,15,0,16,0,1,0,0,0.0625,0,Khánh Hòa,NTB,AM Phi
NTB - Khánh Hòa,(KHO) Diên Khánh 2,Hàng Tồn,2026-07-07 - Thứ 3,17,0.8824,0.7647,0,33.31,12.9999,0,15.0008,0,4.0001,1.9992,0.1176,0.2353,0,Khánh Hòa,NTB,AM Phi
NTB - Khánh Hòa,(KHO) Diên Khánh 2,Hàng Tồn,2026-06-25 - Thứ 5,19,0.8947,0.6316,0.1053,30.67,12.0004,2.0007,16.9993,2.0007,4.9989,2.0007,0.1053,0.2631,0,Khánh Hòa,NTB,AM Phi
NTB - Khánh Hòa,(KHO) Diên Khánh 2,Hàng Tồn,2026-06-23 - Thứ 3,19,1,0.6842,0.0526,37.23,12.9998,0.9994,19,0.9994,5.0008,0,0,0.2632,0,Khánh Hòa,NTB,AM Phi
NTB - Khánh Hòa,(KHO) Diên Khánh 2,Hàng Tồn,2026-07-10 - Thứ 6,20,1,0.75,0.05,40.47,15,1,20,1,4,0,0,0.2,0,Khánh Hòa,NTB,AM Phi
NTB - Khánh Hòa,(KHO) Diên Khánh 2,Hàng Tồn,2026-07-09 - Thứ 5,24,0.9167,0.7917,0.0417,25.37,19.0008,1.0008,22.0008,1.0008,3.9984,1.9992,0.0833,0.1666,0,Khánh Hòa,NTB,AM Phi
NTB - Khánh Hòa,(KHO) Diên Khánh 2,Hàng Tồn,2026-07-13 - Thứ 2,25,0.96,0.88,0,32.41,22,0,24,0,3,1,0.04,0.12,0,Khánh Hòa,NTB,AM Phi
NTB - Khánh Hòa,(KHO) Diên Khánh 1,Hàng Mới Ca 1,2026-07-06 - Thứ 2,7,1,1,0,8.29,7,0,7,0,0,0,0,0,7,Khánh Hòa,NTB,AM Phi
NTB - Khánh Hòa,(KHO) Diên Khánh 1,Hàng Mới Ca 1,2026-06-20 - Thứ 7,8,1,0.75,0,8.33,6,0,8,0,2,0,0,0.25,8,Khánh Hòa,NTB,AM Phi
NTB - Khánh Hòa,(KHO) Diên Khánh 1,Hàng Mới Ca 1,2026-07-02 - Thứ 5,11,1,0.9091,0,11.7,10.0001,0,11,0,0.9999,0,0,0.0909,11,Khánh Hòa,NTB,AM Phi
NTB - Khánh Hòa,(KHO) Diên Khánh 1,Hàng Mới Ca 1,2026-07-14 - Thứ 3,12,1,0.9167,0,7.64,11.0004,0,12,0,0.9996,0,0,0.0833,12,Khánh Hòa,NTB,AM Phi
NTB - Khánh Hòa,(KHO) Diên Khánh 1,Hàng Mới Ca 1,2026-07-12 - Chủ Nhật,12,1,1,0,5.5,12,0,12,0,0,0,0,0,12,Khánh Hòa,NTB,AM Phi
NTB - Khánh Hòa,(KHO) Diên Khánh 1,Hàng Mới Ca 1,2026-07-13 - Thứ 2,12,1,1,0,10,12,0,12,0,0,0,0,0,12,Khánh Hòa,NTB,AM Phi
NTB - Khánh Hòa,(KHO) Diên Khánh 1,Hàng Mới Ca 1,2026-07-03 - Thứ 6,13,1,0.9231,0,11.17,12.0003,0,13,0,0.9997,0,0,0.0769,13,Khánh Hòa,NTB,AM Phi
NTB - Khánh Hòa,(KHO) Diên Khánh 1,Hàng Mới Ca 1,2026-07-16 - Thứ 5,13,1,0.8462,0.0769,10.45,11.0006,0.9997,13,0.9997,0.9997,0,0,0.0769,13,Khánh Hòa,NTB,AM Phi
NTB - Khánh Hòa,(KHO) Diên Khánh 1,Hàng Mới Ca 1,2026-06-28 - Chủ Nhật,13,1,0.8462,0.0769,11.36,11.0006,0.9997,13,0.9997,0.9997,0,0,0.0769,13,Khánh Hòa,NTB,AM Phi
NTB - Khánh Hòa,(KHO) Diên Khánh 1,Hàng Mới Ca 1,2026-07-07 - Thứ 3,13,1,0.9231,0.0769,8.75,12.0003,0.9997,13,0.9997,0,0,0,0,13,Khánh Hòa,NTB,AM Phi
NTB - Khánh Hòa,(KHO) Diên Khánh 1,Hàng Mới Ca 1,2026-06-30 - Thứ 3,13,1,0.8462,0,10.64,11.0006,0,13,0,1.9994,0,0,0.1538,13,Khánh Hòa,NTB,AM Phi
NTB - Khánh Hòa,(KHO) Diên Khánh 1,Hàng Mới Ca 1,2026-07-05 - Chủ Nhật,16,1,0.875,0,9.07,14,0,16,0,2,0,0,0.125,16,Khánh Hòa,NTB,AM Phi
NTB - Khánh Hòa,(KHO) Diên Khánh 1,Hàng Mới Ca 1,2026-06-23 - Thứ 3,16,1,0.9375,0,5,15,0,16,0,1,0,0,0.0625,16,Khánh Hòa,NTB,AM Phi
NTB - Khánh Hòa,(KHO) Diên Khánh 1,Hàng Mới Ca 1,2026-07-04 - Thứ 7,17,1,0.8824,0,12.33,15.0008,0,17,0,1.9992,0,0,0.1176,17,Khánh Hòa,NTB,AM Phi
NTB - Khánh Hòa,(KHO) Diên Khánh 1,Hàng Mới Ca 1,2026-06-22 - Thứ 2,19,1,0.8947,0.1053,9.29,16.9993,2.0007,19,2.0007,0,0,0,0,19,Khánh Hòa,NTB,AM Phi
NTB - Khánh Hòa,(KHO) Diên Khánh 1,Hàng Mới Ca 1,2026-06-25 - Thứ 5,19,1,0.8421,0,9.56,15.9999,0,19,0,3.0001,0,0,0.1579,19,Khánh Hòa,NTB,AM Phi
NTB - Khánh Hòa,(KHO) Diên Khánh 1,Hàng Mới Ca 1,2026-06-29 - Thứ 2,22,1,0.9545,0,11.14,20.999,0,22,0,1.001,0,0,0.0455,22,Khánh Hòa,NTB,AM Phi
NTB - Khánh Hòa,(KHO) Diên Khánh 1,Hàng Mới Ca 1,2026-06-21 - Chủ Nhật,22,0.9545,0.7727,0,15.24,16.9994,0,20.999,0,5.0006,1.001,0.0455,0.2273,22,Khánh Hòa,NTB,AM Phi
NTB - Khánh Hòa,(KHO) Diên Khánh 1,Hàng Mới Ca 1,2026-06-24 - Thứ 4,23,1,0.913,0,7.52,20.999,0,23,0,2.001,0,0,0.087,23,Khánh Hòa,NTB,AM Phi
NTB - Khánh Hòa,(KHO) Diên Khánh 1,Hàng Mới Ca 1,2026-07-01 - Thứ 4,24,1,0.875,0,9.19,21,0,24,0,3,0,0,0.125,24,Khánh Hòa,NTB,AM Phi
NTB - Khánh Hòa,(KHO) Diên Khánh 1,Hàng Mới Ca 1,2026-07-08 - Thứ 4,24,1,0.875,0,14.38,21,0,24,0,3,0,0,0.125,24,Khánh Hòa,NTB,AM Phi
NTB - Khánh Hòa,(KHO) Diên Khánh 1,Hàng Mới Ca 1,2026-06-26 - Thứ 6,25,1,0.84,0,13.71,21,0,25,0,4,0,0,0.16,25,Khánh Hòa,NTB,AM Phi
NTB - Khánh Hòa,(KHO) Diên Khánh 1,Hàng Mới Ca 1,2026-06-27 - Thứ 7,26,1,0.8846,0,12.78,22.9996,0,26,0,3.0004,0,0,0.1154,26,Khánh Hòa,NTB,AM Phi
NTB - Khánh Hòa,(KHO) Diên Khánh 1,Hàng Mới Ca 1,2026-07-17 - Thứ 6,26,1,0.7692,0,15.05,19.9992,0,26,0,6.0008,0,0,0.2308,26,Khánh Hòa,NTB,AM Phi
NTB - Khánh Hòa,(KHO) Diên Khánh 1,Hàng Mới Ca 1,2026-07-09 - Thứ 5,28,1,0.8929,0,10.52,25.0012,0,28,0,2.9988,0,0,0.1071,28,Khánh Hòa,NTB,AM Phi
NTB - Khánh Hòa,(KHO) Diên Khánh 1,Hàng Mới Ca 1,2026-07-15 - Thứ 4,28,0.9643,0.8929,0,12.96,25.0012,0,27.0004,0,2.9988,0.9996,0.0357,0.1071,28,Khánh Hòa,NTB,AM Phi
NTB - Khánh Hòa,(KHO) Diên Khánh 1,Hàng Mới Ca 1,2026-07-11 - Thứ 7,30,1,0.9,0.0333,11.7,27,0.999,30,0.999,2.001,0,0,0.0667,30,Khánh Hòa,NTB,AM Phi
NTB - Khánh Hòa,(KHO) Diên Khánh 1,Hàng Mới Ca 1,2026-07-10 - Thứ 6,34,1,0.9412,0,9.88,32.0008,0,34,0,1.9992,0,0,0.0588,34,Khánh Hòa,NTB,AM Phi
NTB - Khánh Hòa,(KHO) Diên Khánh 1,Hàng Mới Ca 2,2026-06-29 - Thứ 2,3,1,1,0,4.33,3,0,3,0,0,0,0,0,3,Khánh Hòa,NTB,AM Phi
NTB - Khánh Hòa,(KHO) Diên Khánh 1,Hàng Mới Ca 2,2026-06-22 - Thứ 2,4,1,0.75,0,3,3,0,4,0,1,0,0,0.25,4,Khánh Hòa,NTB,AM Phi
NTB - Khánh Hòa,(KHO) Diên Khánh 1,Hàng Mới Ca 2,2026-07-13 - Thứ 2,5,1,1,0,2.6,5,0,5,0,0,0,0,0,5,Khánh Hòa,NTB,AM Phi
NTB - Khánh Hòa,(KHO) Diên Khánh 1,Hàng Mới Ca 2,2026-07-07 - Thứ 3,8,1,1,0,3.38,8,0,8,0,0,0,0,0,8,Khánh Hòa,NTB,AM Phi
NTB - Khánh Hòa,(KHO) Diên Khánh 1,Hàng Mới Ca 2,2026-06-27 - Thứ 7,8,1,0.875,0,3.57,7,0,8,0,1,0,0,0.125,8,Khánh Hòa,NTB,AM Phi
NTB - Khánh Hòa,(KHO) Diên Khánh 1,Hàng Mới Ca 2,2026-07-15 - Thứ 4,9,1,1,0,3,9,0,9,0,0,0,0,0,9,Khánh Hòa,NTB,AM Phi
NTB - Khánh Hòa,(KHO) Diên Khánh 1,Hàng Mới Ca 2,2026-06-26 - Thứ 6,9,1,0.8889,0,2.88,8.0001,0,9,0,0.9999,0,0,0.1111,9,Khánh Hòa,NTB,AM Phi
NTB - Khánh Hòa,(KHO) Diên Khánh 1,Hàng Mới Ca 2,2026-06-28 - Chủ Nhật,9,1,0.5556,0,3.8,5.0004,0,9,0,3.9996,0,0,0.4444,9,Khánh Hòa,NTB,AM Phi
NTB - Khánh Hòa,(KHO) Diên Khánh 1,Hàng Mới Ca 2,2026-07-01 - Thứ 4,9,1,0.7778,0,4.43,7.0002,0,9,0,1.9998,0,0,0.2222,9,Khánh Hòa,NTB,AM Phi
NTB - Khánh Hòa,(KHO) Diên Khánh 1,Hàng Mới Ca 2,2026-07-14 - Thứ 3,9,0.8889,0.8889,0,1.88,8.0001,0,8.0001,0,0.9999,0.9999,0.1111,0.1111,9,Khánh Hòa,NTB,AM Phi
NTB - Khánh Hòa,(KHO) Diên Khánh 1,Hàng Mới Ca 2,2026-07-03 - Thứ 6,10,1,0.9,0,2.89,9,0,10,0,1,0,0,0.1,10,Khánh Hòa,NTB,AM Phi
NTB - Khánh Hòa,(KHO) Diên Khánh 1,Hàng Mới Ca 2,2026-06-20 - Thứ 7,10,1,0.9,0,4.33,9,0,10,0,1,0,0,0.1,10,Khánh Hòa,NTB,AM Phi
NTB - Khánh Hòa,(KHO) Diên Khánh 1,Hàng Mới Ca 2,2026-06-21 - Chủ Nhật,10,1,0.7,0,3.29,7,0,10,0,3,0,0,0.3,10,Khánh Hòa,NTB,AM Phi
NTB - Khánh Hòa,(KHO) Diên Khánh 1,Hàng Mới Ca 2,2026-07-05 - Chủ Nhật,11,1,0.7273,0,3.13,8.0003,0,11,0,2.9997,0,0,0.2727,11,Khánh Hòa,NTB,AM Phi
NTB - Khánh Hòa,(KHO) Diên Khánh 1,Hàng Mới Ca 2,2026-07-02 - Thứ 5,12,1,1,0,5,12,0,12,0,0,0,0,0,12,Khánh Hòa,NTB,AM Phi
NTB - Khánh Hòa,(KHO) Diên Khánh 1,Hàng Mới Ca 2,2026-07-12 - Chủ Nhật,13,1,0.6154,0.0769,2.5,8.0002,0.9997,13,0.9997,4.0001,0,0,0.3077,13,Khánh Hòa,NTB,AM Phi
NTB - Khánh Hòa,(KHO) Diên Khánh 1,Hàng Mới Ca 2,2026-07-04 - Thứ 7,13,1,0.9231,0,3.5,12.0003,0,13,0,0.9997,0,0,0.0769,13,Khánh Hòa,NTB,AM Phi
NTB - Khánh Hòa,(KHO) Diên Khánh 1,Hàng Mới Ca 2,2026-07-16 - Thứ 5,14,1,0.7143,0,4.3,10.0002,0,14,0,3.9998,0,0,0.2857,14,Khánh Hòa,NTB,AM Phi
NTB - Khánh Hòa,(KHO) Diên Khánh 1,Hàng Mới Ca 2,2026-06-25 - Thứ 5,14,1,0.8571,0,4.25,11.9994,0,14,0,2.0006,0,0,0.1429,14,Khánh Hòa,NTB,AM Phi
NTB - Khánh Hòa,(KHO) Diên Khánh 1,Hàng Mới Ca 2,2026-07-17 - Thứ 6,14,1,0.8571,0,3.75,11.9994,0,14,0,2.0006,0,0,0.1429,14,Khánh Hòa,NTB,AM Phi
NTB - Khánh Hòa,(KHO) Diên Khánh 1,Hàng Mới Ca 2,2026-07-10 - Thứ 6,15,1,0.8667,0,4.15,13.0005,0,15,0,1.9995,0,0,0.1333,15,Khánh Hòa,NTB,AM Phi
NTB - Khánh Hòa,(KHO) Diên Khánh 1,Hàng Mới Ca 2,2026-07-11 - Thứ 7,16,1,1,0,3.13,16,0,16,0,0,0,0,0,16,Khánh Hòa,NTB,AM Phi
NTB - Khánh Hòa,(KHO) Diên Khánh 1,Hàng Mới Ca 2,2026-06-23 - Thứ 3,17,1,0.8235,0,2.86,13.9995,0,17,0,3.0005,0,0,0.1765,17,Khánh Hòa,NTB,AM Phi
NTB - Khánh Hòa,(KHO) Diên Khánh 1,Hàng Mới Ca 2,2026-06-30 - Thứ 3,18,1,0.7778,0,3.29,14.0004,0,18,0,3.9996,0,0,0.2222,18,Khánh Hòa,NTB,AM Phi
NTB - Khánh Hòa,(KHO) Diên Khánh 1,Hàng Mới Ca 2,2026-07-06 - Thứ 2,20,1,0.75,0.05,2.4,15,1,20,1,4,0,0,0.2,20,Khánh Hòa,NTB,AM Phi
NTB - Khánh Hòa,(KHO) Diên Khánh 1,Hàng Mới Ca 2,2026-06-24 - Thứ 4,26,1,0.7692,0,3.85,19.9992,0,26,0,6.0008,0,0,0.2308,26,Khánh Hòa,NTB,AM Phi
NTB - Khánh Hòa,(KHO) Diên Khánh 1,Hàng Mới Ca 2,2026-07-09 - Thứ 5,27,1,0.8148,0,4.41,21.9996,0,27,0,5.0004,0,0,0.1852,27,Khánh Hòa,NTB,AM Phi
NTB - Khánh Hòa,(KHO) Diên Khánh 1,Hàng Mới Ca 2,2026-07-08 - Thứ 4,32,1,0.875,0.0313,4.04,28,1.0016,32,1.0016,2.9984,0,0,0.0937,32,Khánh Hòa,NTB,AM Phi
NTB - Khánh Hòa,(KHO) Diên Khánh 1,Hàng Tồn,2026-07-03 - Thứ 6,2,1,0.5,0,29,1,0,2,0,1,0,0,0.5,0,Khánh Hòa,NTB,AM Phi
NTB - Khánh Hòa,(KHO) Diên Khánh 1,Hàng Tồn,2026-07-15 - Thứ 4,2,1,0,0,0,0,0,2,0,2,0,0,1,0,Khánh Hòa,NTB,AM Phi
NTB - Khánh Hòa,(KHO) Diên Khánh 1,Hàng Tồn,2026-07-14 - Thứ 3,2,1,1,0,48,2,0,2,0,0,0,0,0,0,Khánh Hòa,NTB,AM Phi
NTB - Khánh Hòa,(KHO) Diên Khánh 1,Hàng Tồn,2026-06-30 - Thứ 3,2,1,0.5,0.5,35,1,1,2,1,0,0,0,0,0,Khánh Hòa,NTB,AM Phi
NTB - Khánh Hòa,(KHO) Diên Khánh 1,Hàng Tồn,2026-07-12 - Chủ Nhật,3,1,0.6667,0,41,2.0001,0,3,0,0.9999,0,0,0.3333,0,Khánh Hòa,NTB,AM Phi
NTB - Khánh Hòa,(KHO) Diên Khánh 1,Hàng Tồn,2026-07-04 - Thứ 7,3,1,0.6667,0,25.5,2.0001,0,3,0,0.9999,0,0,0.3333,0,Khánh Hòa,NTB,AM Phi
NTB - Khánh Hòa,(KHO) Diên Khánh 1,Hàng Tồn,2026-07-05 - Chủ Nhật,3,1,0.6667,0,29,2.0001,0,3,0,0.9999,0,0,0.3333,0,Khánh Hòa,NTB,AM Phi
NTB - Khánh Hòa,(KHO) Diên Khánh 1,Hàng Tồn,2026-07-08 - Thứ 4,3,1,0,0,0,0,0,3,0,3,0,0,1,0,Khánh Hòa,NTB,AM Phi
NTB - Khánh Hòa,(KHO) Diên Khánh 1,Hàng Tồn,2026-07-16 - Thứ 5,4,1,1,0,44,4,0,4,0,0,0,0,0,0,Khánh Hòa,NTB,AM Phi
NTB - Khánh Hòa,(KHO) Diên Khánh 1,Hàng Tồn,2026-07-17 - Thứ 6,5,1,0.6,0,23,3,0,5,0,2,0,0,0.4,0,Khánh Hòa,NTB,AM Phi
NTB - Khánh Hòa,(KHO) Diên Khánh 1,Hàng Tồn,2026-07-13 - Thứ 2,5,0.8,0.6,0,42,3,0,4,0,2,1,0.2,0.4,0,Khánh Hòa,NTB,AM Phi
NTB - Khánh Hòa,(KHO) Diên Khánh 1,Hàng Tồn,2026-06-23 - Thứ 3,5,1,0.6,0,47,3,0,5,0,2,0,0,0.4,0,Khánh Hòa,NTB,AM Phi
NTB - Khánh Hòa,(KHO) Diên Khánh 1,Hàng Tồn,2026-07-11 - Thứ 7,5,1,0.6,0,25,3,0,5,0,2,0,0,0.4,0,Khánh Hòa,NTB,AM Phi
NTB - Khánh Hòa,(KHO) Diên Khánh 1,Hàng Tồn,2026-07-07 - Thứ 3,5,0.8,0.2,0,21,1,0,4,0,4,1,0.2,0.8,0,Khánh Hòa,NTB,AM Phi
NTB - Khánh Hòa,(KHO) Diên Khánh 1,Hàng Tồn,2026-06-20 - Thứ 7,5,0.8,0.2,0.2,29,1,1,4,1,3,1,0.2,0.6,0,Khánh Hòa,NTB,AM Phi
NTB - Khánh Hòa,(KHO) Diên Khánh 1,Hàng Tồn,2026-07-01 - Thứ 4,6,1,0.5,0.1667,26.33,3,1.0002,6,1.0002,1.9998,0,0,0.3333,0,Khánh Hòa,NTB,AM Phi
NTB - Khánh Hòa,(KHO) Diên Khánh 1,Hàng Tồn,2026-06-24 - Thứ 4,6,1,0.5,0,26.33,3,0,6,0,3,0,0,0.5,0,Khánh Hòa,NTB,AM Phi
NTB - Khánh Hòa,(KHO) Diên Khánh 1,Hàng Tồn,2026-07-06 - Thứ 2,6,1,0.6667,0.1667,29.5,4.0002,1.0002,6,1.0002,0.9996,0,0,0.1666,0,Khánh Hòa,NTB,AM Phi
NTB - Khánh Hòa,(KHO) Diên Khánh 1,Hàng Tồn,2026-07-02 - Thứ 5,7,1,0.5714,0.2857,30.5,3.9998,1.9999,7,1.9999,1.0003,0,0,0.1429,0,Khánh Hòa,NTB,AM Phi
NTB - Khánh Hòa,(KHO) Diên Khánh 1,Hàng Tồn,2026-06-21 - Chủ Nhật,7,1,0.4286,0.1429,34.33,3.0002,1.0003,7,1.0003,2.9995,0,0,0.4285,0,Khánh Hòa,NTB,AM Phi
NTB - Khánh Hòa,(KHO) Diên Khánh 1,Hàng Tồn,2026-07-09 - Thứ 5,7,1,0.8571,0,26.5,5.9997,0,7,0,1.0003,0,0,0.1429,0,Khánh Hòa,NTB,AM Phi
NTB - Khánh Hòa,(KHO) Diên Khánh 1,Hàng Tồn,2026-06-28 - Chủ Nhật,8,1,0.5,0.125,40,4,1,8,1,3,0,0,0.375,0,Khánh Hòa,NTB,AM Phi
NTB - Khánh Hòa,(KHO) Diên Khánh 1,Hàng Tồn,2026-06-27 - Thứ 7,8,1,0.375,0.125,35,3,1,8,1,4,0,0,0.5,0,Khánh Hòa,NTB,AM Phi
NTB - Khánh Hòa,(KHO) Diên Khánh 1,Hàng Tồn,2026-06-29 - Thứ 2,8,1,0.625,0.25,23.8,5,2,8,2,1,0,0,0.125,0,Khánh Hòa,NTB,AM Phi
NTB - Khánh Hòa,(KHO) Diên Khánh 1,Hàng Tồn,2026-06-26 - Thứ 6,10,1,0.6,0.1,40.17,6,1,10,1,3,0,0,0.3,0,Khánh Hòa,NTB,AM Phi
NTB - Khánh Hòa,(KHO) Diên Khánh 1,Hàng Tồn,2026-07-10 - Thứ 6,11,1,0.8182,0.0909,44,9.0002,0.9999,11,0.9999,0.9999,0,0,0.0909,0,Khánh Hòa,NTB,AM Phi
NTB - Khánh Hòa,(KHO) Diên Khánh 1,Hàng Tồn,2026-06-25 - Thứ 5,11,1,0.4545,0.0909,29.6,4.9995,0.9999,11,0.9999,5.0006,0,0,0.4546,0,Khánh Hòa,NTB,AM Phi
NTB - Khánh Hòa,(KHO) Diên Khánh 1,Hàng Tồn,2026-06-22 - Thứ 2,28,1,0.8571,0,115,23.9988,0,28,0,4.0012,0,0,0.1429,0,Khánh Hòa,NTB,AM Phi
NTB - Khánh Hòa,(KHO) Cam Lâm 2,Hàng Mới Ca 1,2026-07-09 - Thứ 5,87,1,0.8851,0,16.94,77.0037,0,87,0,9.9963,0,0,0.1149,87,Khánh Hòa,NTB,AM T.Long
NTB - Khánh Hòa,(KHO) Cam Lâm 2,Hàng Mới Ca 1,2026-07-12 - Chủ Nhật,106,0.9906,0.8868,0,15.88,94.0008,0,105.0036,0,11.9992,0.9964,0.0094,0.1132,106,Khánh Hòa,NTB,AM T.Long
NTB - Khánh Hòa,(KHO) Cam Lâm 2,Hàng Mới Ca 1,2026-06-25 - Thứ 5,58,0.9828,0.8966,0.0172,9.83,52.0028,0.9976,57.0024,0.9976,4.9996,0.9976,0.0172,0.0862,58,Khánh Hòa,NTB,AM T.Long
NTB - Khánh Hòa,(KHO) Cam Lâm 2,Hàng Mới Ca 1,2026-07-02 - Thứ 5,72,1,0.75,0,13.43,54,0,72,0,18,0,0,0.25,72,Khánh Hòa,NTB,AM T.Long
NTB - Khánh Hòa,(KHO) Cam Lâm 2,Hàng Mới Ca 1,2026-06-22 - Thứ 2,74,1,0.9054,0.0135,11.25,66.9996,0.999,74,0.999,6.0014,0,0,0.0811,74,Khánh Hòa,NTB,AM T.Long
NTB - Khánh Hòa,(KHO) Cam Lâm 2,Hàng Mới Ca 1,2026-06-27 - Thứ 7,73,1,0.9178,0.0137,7.94,66.9994,1.0001,73,1.0001,5.0005,0,0,0.0685,73,Khánh Hòa,NTB,AM T.Long
NTB - Khánh Hòa,(KHO) Cam Lâm 2,Hàng Mới Ca 1,2026-06-29 - Thứ 2,63,1,0.9365,0.0159,11.44,58.9995,1.0017,63,1.0017,2.9988,0,0,0.0476,63,Khánh Hòa,NTB,AM T.Long
NTB - Khánh Hòa,(KHO) Cam Lâm 2,Hàng Mới Ca 1,2026-07-17 - Thứ 6,99,0.9798,0.8182,0.0303,17.02,81.0018,2.9997,97.0002,2.9997,14.9985,1.9998,0.0202,0.1515,99,Khánh Hòa,NTB,AM T.Long
NTB - Khánh Hòa,(KHO) Cam Lâm 2,Hàng Mới Ca 1,2026-07-11 - Thứ 7,72,1,0.8889,0.0278,12.16,64.0008,2.0016,72,2.0016,5.9976,0,0,0.0833,72,Khánh Hòa,NTB,AM T.Long
NTB - Khánh Hòa,(KHO) Cam Lâm 2,Hàng Mới Ca 1,2026-07-10 - Thứ 6,79,0.9873,0.8101,0,14.56,63.9979,0,77.9967,0,15.0021,1.0033,0.0127,0.1899,79,Khánh Hòa,NTB,AM T.Long
NTB - Khánh Hòa,(KHO) Cam Lâm 2,Hàng Mới Ca 1,2026-07-16 - Thứ 5,17,1,0.9412,0,20.69,16.0004,0,17,0,0.9996,0,0,0.0588,17,Khánh Hòa,NTB,AM T.Long
NTB - Khánh Hòa,(KHO) Cam Lâm 2,Hàng Mới Ca 1,2026-07-14 - Thứ 3,26,1,0.7692,0.0385,13.75,19.9992,1.001,26,1.001,4.9998,0,0,0.1923,26,Khánh Hòa,NTB,AM T.Long
NTB - Khánh Hòa,(KHO) Cam Lâm 2,Hàng Mới Ca 1,2026-07-07 - Thứ 3,30,1,0.8667,0,13.12,26.001,0,30,0,3.999,0,0,0.1333,30,Khánh Hòa,NTB,AM T.Long
NTB - Khánh Hòa,(KHO) Cam Lâm 2,Hàng Mới Ca 1,2026-07-08 - Thứ 4,30,0.9667,0.8667,0,15.92,26.001,0,29.001,0,3.999,0.999,0.0333,0.1333,30,Khánh Hòa,NTB,AM T.Long
NTB - Khánh Hòa,(KHO) Cam Lâm 2,Hàng Mới Ca 1,2026-06-30 - Thứ 3,33,1,0.8485,0,10.04,28.0005,0,33,0,4.9995,0,0,0.1515,33,Khánh Hòa,NTB,AM T.Long
NTB - Khánh Hòa,(KHO) Cam Lâm 2,Hàng Mới Ca 1,2026-06-21 - Chủ Nhật,36,1,0.8333,0,11.77,29.9988,0,36,0,6.0012,0,0,0.1667,36,Khánh Hòa,NTB,AM T.Long
NTB - Khánh Hòa,(KHO) Cam Lâm 2,Hàng Mới Ca 1,2026-07-05 - Chủ Nhật,42,1,0.8095,0,13.53,33.999,0,42,0,8.001,0,0,0.1905,42,Khánh Hòa,NTB,AM T.Long
NTB - Khánh Hòa,(KHO) Cam Lâm 2,Hàng Mới Ca 1,2026-06-20 - Thứ 7,43,1,0.907,0.0233,12.87,39.001,1.0019,43,1.0019,2.9971,0,0,0.0697,43,Khánh Hòa,NTB,AM T.Long
NTB - Khánh Hòa,(KHO) Cam Lâm 2,Hàng Mới Ca 1,2026-07-03 - Thứ 6,45,1,0.5333,0,12.04,23.9985,0,45,0,21.0015,0,0,0.4667,45,Khánh Hòa,NTB,AM T.Long
NTB - Khánh Hòa,(KHO) Cam Lâm 2,Hàng Mới Ca 1,2026-07-01 - Thứ 4,45,1,0.8444,0,9.21,37.998,0,45,0,7.002,0,0,0.1556,45,Khánh Hòa,NTB,AM T.Long
NTB - Khánh Hòa,(KHO) Cam Lâm 2,Hàng Mới Ca 1,2026-07-13 - Thứ 2,45,1,0.6889,0.0444,14.58,31.0005,1.998,45,1.998,12.0015,0,0,0.2667,45,Khánh Hòa,NTB,AM T.Long
NTB - Khánh Hòa,(KHO) Cam Lâm 2,Hàng Mới Ca 1,2026-06-23 - Thứ 3,45,1,0.8,0.0222,11.86,36,0.999,45,0.999,8.001,0,0,0.1778,45,Khánh Hòa,NTB,AM T.Long
NTB - Khánh Hòa,(KHO) Cam Lâm 2,Hàng Mới Ca 1,2026-06-26 - Thứ 6,46,1,0.9348,0.0217,12,43.0008,0.9982,46,0.9982,2.001,0,0,0.0435,46,Khánh Hòa,NTB,AM T.Long
NTB - Khánh Hòa,(KHO) Cam Lâm 2,Hàng Mới Ca 1,2026-07-06 - Thứ 2,46,1,0.7826,0,13.25,35.9996,0,46,0,10.0004,0,0,0.2174,46,Khánh Hòa,NTB,AM T.Long
NTB - Khánh Hòa,(KHO) Cam Lâm 2,Hàng Mới Ca 1,2026-06-28 - Chủ Nhật,48,1,0.9583,0,9.65,45.9984,0,48,0,2.0016,0,0,0.0417,48,Khánh Hòa,NTB,AM T.Long
NTB - Khánh Hòa,(KHO) Cam Lâm 2,Hàng Mới Ca 1,2026-07-04 - Thứ 7,51,1,0.7059,0.0392,11.72,36.0009,1.9992,51,1.9992,12.9999,0,0,0.2549,51,Khánh Hòa,NTB,AM T.Long
NTB - Khánh Hòa,(KHO) Cam Lâm 2,Hàng Mới Ca 1,2026-06-24 - Thứ 4,53,1,0.9057,0,9.44,48.0021,0,53,0,4.9979,0,0,0.0943,53,Khánh Hòa,NTB,AM T.Long
NTB - Khánh Hòa,(KHO) Cam Lâm 2,Hàng Mới Ca 1,2026-07-15 - Thứ 4,57,1,0.9123,0.0526,11.71,52.0011,2.9982,57,2.9982,2.0007,0,0,0.0351,57,Khánh Hòa,NTB,AM T.Long
NTB - Khánh Hòa,(KHO) Cam Lâm 2,Hàng Mới Ca 2,2026-07-12 - Chủ Nhật,1,1,1,0,7,1,0,1,0,0,0,0,0,1,Khánh Hòa,NTB,AM T.Long
NTB - Khánh Hòa,(KHO) Cam Lâm 2,Hàng Mới Ca 2,2026-07-10 - Thứ 6,1,1,1,0,0,1,0,1,0,0,0,0,0,1,Khánh Hòa,NTB,AM T.Long
NTB - Khánh Hòa,(KHO) Cam Lâm 2,Hàng Mới Ca 2,2026-07-06 - Thứ 2,1,1,0,0,0,0,0,1,0,1,0,0,1,1,Khánh Hòa,NTB,AM T.Long
NTB - Khánh Hòa,(KHO) Cam Lâm 2,Hàng Mới Ca 2,2026-06-24 - Thứ 4,1,1,1,0,5,1,0,1,0,0,0,0,0,1,Khánh Hòa,NTB,AM T.Long
NTB - Khánh Hòa,(KHO) Cam Lâm 2,Hàng Tồn,2026-07-17 - Thứ 6,2,1,0.5,0.5,50,1,1,2,1,0,0,0,0,0,Khánh Hòa,NTB,AM T.Long
NTB - Khánh Hòa,(KHO) Cam Lâm 2,Hàng Tồn,2026-06-29 - Thứ 2,3,1,0.3333,0,32,0.9999,0,3,0,2.0001,0,0,0.6667,0,Khánh Hòa,NTB,AM T.Long
NTB - Khánh Hòa,(KHO) Cam Lâm 2,Hàng Tồn,2026-06-30 - Thứ 3,4,1,0.5,0,57,2,0,4,0,2,0,0,0.5,0,Khánh Hòa,NTB,AM T.Long
NTB - Khánh Hòa,(KHO) Cam Lâm 2,Hàng Tồn,2026-07-16 - Thứ 5,4,1,0.5,0.25,57.5,2,1,4,1,1,0,0,0.25,0,Khánh Hòa,NTB,AM T.Long
NTB - Khánh Hòa,(KHO) Cam Lâm 2,Hàng Tồn,2026-06-28 - Chủ Nhật,4,1,0.75,0,42.33,3,0,4,0,1,0,0,0.25,0,Khánh Hòa,NTB,AM T.Long
NTB - Khánh Hòa,(KHO) Cam Lâm 2,Hàng Tồn,2026-07-09 - Thứ 5,6,1,0.8333,0,68.6,4.9998,0,6,0,1.0002,0,0,0.1667,0,Khánh Hòa,NTB,AM T.Long
NTB - Khánh Hòa,(KHO) Cam Lâm 2,Hàng Tồn,2026-06-27 - Thứ 7,6,1,0.5,0.5,48,3,3,6,3,0,0,0,0,0,Khánh Hòa,NTB,AM T.Long
NTB - Khánh Hòa,(KHO) Cam Lâm 2,Hàng Tồn,2026-07-01 - Thứ 4,7,1,0.2857,0,58,1.9999,0,7,0,5.0001,0,0,0.7143,0,Khánh Hòa,NTB,AM T.Long
NTB - Khánh Hòa,(KHO) Cam Lâm 2,Hàng Tồn,2026-06-25 - Thứ 5,7,1,0.1429,0.1429,52,1.0003,1.0003,7,1.0003,4.9994,0,0,0.7142,0,Khánh Hòa,NTB,AM T.Long
NTB - Khánh Hòa,(KHO) Cam Lâm 2,Hàng Tồn,2026-06-26 - Thứ 6,8,1,0.375,0,58.33,3,0,8,0,5,0,0,0.625,0,Khánh Hòa,NTB,AM T.Long
NTB - Khánh Hòa,(KHO) Cam Lâm 2,Hàng Tồn,2026-06-22 - Thứ 2,9,1,0.6667,0,51,6.0003,0,9,0,2.9997,0,0,0.3333,0,Khánh Hòa,NTB,AM T.Long
NTB - Khánh Hòa,(KHO) Cam Lâm 2,Hàng Tồn,2026-06-23 - Thứ 3,9,1,0.4444,0,48,3.9996,0,9,0,5.0004,0,0,0.5556,0,Khánh Hòa,NTB,AM T.Long
NTB - Khánh Hòa,(KHO) Cam Lâm 2,Hàng Tồn,2026-07-08 - Thứ 4,10,1,0.5,0.1,54.5,5,1,10,1,4,0,0,0.4,0,Khánh Hòa,NTB,AM T.Long
NTB - Khánh Hòa,(KHO) Cam Lâm 2,Hàng Tồn,2026-07-12 - Chủ Nhật,10,1,0.9,0,47.11,9,0,10,0,1,0,0,0.1,0,Khánh Hòa,NTB,AM T.Long
NTB - Khánh Hòa,(KHO) Cam Lâm 2,Hàng Tồn,2026-06-24 - Thứ 4,11,1,0.2727,0.2727,36,2.9997,2.9997,11,2.9997,5.0006,0,0,0.4546,0,Khánh Hòa,NTB,AM T.Long
NTB - Khánh Hòa,(KHO) Cam Lâm 2,Hàng Tồn,2026-07-02 - Thứ 5,11,1,0.4545,0.0909,40.8,4.9995,0.9999,11,0.9999,5.0006,0,0,0.4546,0,Khánh Hòa,NTB,AM T.Long
NTB - Khánh Hòa,(KHO) Cam Lâm 2,Hàng Tồn,2026-07-10 - Thứ 6,11,1,0.3636,0,53.75,3.9996,0,11,0,7.0004,0,0,0.6364,0,Khánh Hòa,NTB,AM T.Long
NTB - Khánh Hòa,(KHO) Cam Lâm 2,Hàng Tồn,2026-07-15 - Thứ 4,12,1,0.4167,0.3333,53.2,5.0004,3.9996,12,3.9996,3,0,0,0.25,0,Khánh Hòa,NTB,AM T.Long
NTB - Khánh Hòa,(KHO) Cam Lâm 2,Hàng Tồn,2026-06-21 - Chủ Nhật,12,1,0.5833,0.1667,69.86,6.9996,2.0004,12,2.0004,3,0,0,0.25,0,Khánh Hòa,NTB,AM T.Long
NTB - Khánh Hòa,(KHO) Cam Lâm 2,Hàng Tồn,2026-07-07 - Thứ 3,13,0.9231,0.3077,0.2308,42,4.0001,3.0004,12.0003,3.0004,5.9995,0.9997,0.0769,0.4615,0,Khánh Hòa,NTB,AM T.Long
NTB - Khánh Hòa,(KHO) Cam Lâm 2,Hàng Tồn,2026-07-13 - Thứ 2,14,1,0.5,0,53.43,7,0,14,0,7,0,0,0.5,0,Khánh Hòa,NTB,AM T.Long
NTB - Khánh Hòa,(KHO) Cam Lâm 2,Hàng Tồn,2026-07-06 - Thứ 2,16,1,0.75,0,55.42,12,0,16,0,4,0,0,0.25,0,Khánh Hòa,NTB,AM T.Long
NTB - Khánh Hòa,(KHO) Cam Lâm 2,Hàng Tồn,2026-07-14 - Thứ 3,19,1,0.5789,0.0526,48,10.9991,0.9994,19,0.9994,7.0015,0,0,0.3685,0,Khánh Hòa,NTB,AM T.Long
NTB - Khánh Hòa,(KHO) Cam Lâm 2,Hàng Tồn,2026-07-03 - Thứ 6,20,1,0.35,0,56.57,7,0,20,0,13,0,0,0.65,0,Khánh Hòa,NTB,AM T.Long
NTB - Khánh Hòa,(KHO) Cam Lâm 2,Hàng Tồn,2026-07-05 - Chủ Nhật,20,0.95,0.55,0.05,45.18,11,1,19,1,8,1,0.05,0.4,0,Khánh Hòa,NTB,AM T.Long
NTB - Khánh Hòa,(KHO) Cam Lâm 2,Hàng Tồn,2026-07-11 - Thứ 7,21,1,0.5714,0.0952,45.08,11.9994,1.9992,21,1.9992,7.0014,0,0,0.3334,0,Khánh Hòa,NTB,AM T.Long
NTB - Khánh Hòa,(KHO) Cam Lâm 2,Hàng Tồn,2026-06-20 - Thứ 7,22,1,0.5455,0,42.08,12.001,0,22,0,9.999,0,0,0.4545,0,Khánh Hòa,NTB,AM T.Long
NTB - Khánh Hòa,(KHO) Cam Lâm 2,Hàng Tồn,2026-07-04 - Thứ 7,36,1,0.8056,0,52.17,29.0016,0,36,0,6.9984,0,0,0.1944,0,Khánh Hòa,NTB,AM T.Long
NTB - Khánh Hòa,(KHO) Cam Lâm 1,Hàng Mới Ca 1,2026-07-09 - Thứ 5,65,0.7385,0.6769,0,7.14,43.9985,0,48.0025,0,21.0015,16.9975,0.2615,0.3231,65,Khánh Hòa,NTB,AM Phi
NTB - Khánh Hòa,(KHO) Cam Lâm 1,Hàng Mới Ca 1,2026-06-23 - Thứ 3,18,1,0.9444,0,11.82,16.9992,0,18,0,1.0008,0,0,0.0556,18,Khánh Hòa,NTB,AM Phi
NTB - Khánh Hòa,(KHO) Cam Lâm 1,Hàng Mới Ca 1,2026-07-07 - Thứ 3,18,0.7778,0.7778,0,13.43,14.0004,0,14.0004,0,3.9996,3.9996,0.2222,0.2222,18,Khánh Hòa,NTB,AM Phi
NTB - Khánh Hòa,(KHO) Cam Lâm 1,Hàng Mới Ca 1,2026-06-30 - Thứ 3,19,0.8947,0.6842,0,6.92,12.9998,0,16.9993,0,6.0002,2.0007,0.1053,0.3158,19,Khánh Hòa,NTB,AM Phi
NTB - Khánh Hòa,(KHO) Cam Lâm 1,Hàng Mới Ca 1,2026-06-26 - Thứ 6,21,0.6667,0.4762,0,14.9,10.0002,0,14.0007,0,10.9998,6.9993,0.3333,0.5238,21,Khánh Hòa,NTB,AM Phi
NTB - Khánh Hòa,(KHO) Cam Lâm 1,Hàng Mới Ca 1,2026-07-04 - Thứ 7,24,0.875,0.8333,0,13.4,19.9992,0,21,0,4.0008,3,0.125,0.1667,24,Khánh Hòa,NTB,AM Phi
NTB - Khánh Hòa,(KHO) Cam Lâm 1,Hàng Mới Ca 1,2026-07-14 - Thứ 3,24,1,0.9167,0,8,22.0008,0,24,0,1.9992,0,0,0.0833,24,Khánh Hòa,NTB,AM Phi
NTB - Khánh Hòa,(KHO) Cam Lâm 1,Hàng Mới Ca 1,2026-07-12 - Chủ Nhật,25,0.8,0.68,0,7.29,17,0,20,0,8,5,0.2,0.32,25,Khánh Hòa,NTB,AM Phi
NTB - Khánh Hòa,(KHO) Cam Lâm 1,Hàng Mới Ca 1,2026-06-20 - Thứ 7,25,1,0.84,0,11.86,21,0,25,0,4,0,0,0.16,25,Khánh Hòa,NTB,AM Phi
NTB - Khánh Hòa,(KHO) Cam Lâm 1,Hàng Mới Ca 1,2026-06-29 - Thứ 2,25,1,0.88,0.08,8.59,22,2,25,2,1,0,0,0.04,25,Khánh Hòa,NTB,AM Phi
NTB - Khánh Hòa,(KHO) Cam Lâm 1,Hàng Mới Ca 1,2026-07-01 - Thứ 4,26,0.9615,0.8846,0,12.57,22.9996,0,24.999,0,3.0004,1.001,0.0385,0.1154,26,Khánh Hòa,NTB,AM Phi
NTB - Khánh Hòa,(KHO) Cam Lâm 1,Hàng Mới Ca 1,2026-06-28 - Chủ Nhật,26,0.8846,0.5769,0,6,14.9994,0,22.9996,0,11.0006,3.0004,0.1154,0.4231,26,Khánh Hòa,NTB,AM Phi
NTB - Khánh Hòa,(KHO) Cam Lâm 1,Hàng Mới Ca 1,2026-06-27 - Thứ 7,27,1,0.7778,0,13.43,21.0006,0,27,0,5.9994,0,0,0.2222,27,Khánh Hòa,NTB,AM Phi
NTB - Khánh Hòa,(KHO) Cam Lâm 1,Hàng Mới Ca 1,2026-07-06 - Thứ 2,28,0.8571,0.75,0.0357,7.71,21,0.9996,23.9988,0.9996,6.0004,4.0012,0.1429,0.2143,28,Khánh Hòa,NTB,AM Phi
NTB - Khánh Hòa,(KHO) Cam Lâm 1,Hàng Mới Ca 1,2026-07-13 - Thứ 2,29,0.9655,0.8621,0,7.08,25.0009,0,27.9995,0,3.9991,1.0005,0.0345,0.1379,29,Khánh Hòa,NTB,AM Phi
NTB - Khánh Hòa,(KHO) Cam Lâm 1,Hàng Mới Ca 1,2026-06-24 - Thứ 4,30,0.7333,0.6667,0.0333,12.05,20.001,0.999,21.999,0.999,9,8.001,0.2667,0.3,30,Khánh Hòa,NTB,AM Phi
NTB - Khánh Hòa,(KHO) Cam Lâm 1,Hàng Mới Ca 1,2026-07-17 - Thứ 6,30,0.9667,0.8333,0,7.24,24.999,0,29.001,0,5.001,0.999,0.0333,0.1667,30,Khánh Hòa,NTB,AM Phi
NTB - Khánh Hòa,(KHO) Cam Lâm 1,Hàng Mới Ca 1,2026-07-02 - Thứ 5,31,0.9677,0.871,0,13.44,27.001,0,29.9987,0,3.999,1.0013,0.0323,0.129,31,Khánh Hòa,NTB,AM Phi
NTB - Khánh Hòa,(KHO) Cam Lâm 1,Hàng Mới Ca 1,2026-06-22 - Thứ 2,32,0.8125,0.75,0,11.17,24,0,26,0,8,6,0.1875,0.25,32,Khánh Hòa,NTB,AM Phi
NTB - Khánh Hòa,(KHO) Cam Lâm 1,Hàng Mới Ca 1,2026-06-21 - Chủ Nhật,34,1,0.9118,0.0294,14.74,31.0012,0.9996,34,0.9996,1.9992,0,0,0.0588,34,Khánh Hòa,NTB,AM Phi
NTB - Khánh Hòa,(KHO) Cam Lâm 1,Hàng Mới Ca 1,2026-07-15 - Thứ 4,35,0.9143,0.8571,0.0286,13.67,29.9985,1.001,32.0005,1.001,4.0005,2.9995,0.0857,0.1143,35,Khánh Hòa,NTB,AM Phi
NTB - Khánh Hòa,(KHO) Cam Lâm 1,Hàng Mới Ca 1,2026-07-08 - Thứ 4,36,0.6944,0.5556,0,15.35,20.0016,0,24.9984,0,15.9984,11.0016,0.3056,0.4444,36,Khánh Hòa,NTB,AM Phi
NTB - Khánh Hòa,(KHO) Cam Lâm 1,Hàng Mới Ca 1,2026-07-11 - Thứ 7,37,0.8378,0.7027,0.0541,8.35,25.9999,2.0017,30.9986,2.0017,8.9984,6.0014,0.1622,0.2432,37,Khánh Hòa,NTB,AM Phi
NTB - Khánh Hòa,(KHO) Cam Lâm 1,Hàng Mới Ca 1,2026-07-16 - Thứ 5,37,1,0.8108,0.0541,7,29.9996,2.0017,37,2.0017,4.9987,0,0,0.1351,37,Khánh Hòa,NTB,AM Phi
NTB - Khánh Hòa,(KHO) Cam Lâm 1,Hàng Mới Ca 1,2026-06-25 - Thứ 5,41,0.9268,0.878,0,6.39,35.998,0,37.9988,0,5.002,3.0012,0.0732,0.122,41,Khánh Hòa,NTB,AM Phi
NTB - Khánh Hòa,(KHO) Cam Lâm 1,Hàng Mới Ca 1,2026-07-03 - Thứ 6,42,1,0.881,0,8.49,37.002,0,42,0,4.998,0,0,0.119,42,Khánh Hòa,NTB,AM Phi
NTB - Khánh Hòa,(KHO) Cam Lâm 1,Hàng Mới Ca 1,2026-07-05 - Chủ Nhật,42,0.6905,0.4762,0,18.05,20.0004,0,29.001,0,21.9996,12.999,0.3095,0.5238,42,Khánh Hòa,NTB,AM Phi
NTB - Khánh Hòa,(KHO) Cam Lâm 1,Hàng Mới Ca 1,2026-07-10 - Thứ 6,50,0.84,0.68,0,8.15,34,0,42,0,16,8,0.16,0.32,50,Khánh Hòa,NTB,AM Phi
NTB - Khánh Hòa,(KHO) Cam Lâm 1,Hàng Tồn,2026-07-17 - Thứ 6,3,1,0.6667,0,30.5,2.0001,0,3,0,0.9999,0,0,0.3333,0,Khánh Hòa,NTB,AM Phi
NTB - Khánh Hòa,(KHO) Cam Lâm 1,Hàng Tồn,2026-07-03 - Thứ 6,3,1,0.3333,0.3333,49,0.9999,0.9999,3,0.9999,1.0002,0,0,0.3334,0,Khánh Hòa,NTB,AM Phi
NTB - Khánh Hòa,(KHO) Cam Lâm 1,Hàng Tồn,2026-07-15 - Thứ 4,3,1,0.3333,0,82,0.9999,0,3,0,2.0001,0,0,0.6667,0,Khánh Hòa,NTB,AM Phi
NTB - Khánh Hòa,(KHO) Cam Lâm 1,Hàng Tồn,2026-06-22 - Thứ 2,4,1,0.75,0.25,41.67,3,1,4,1,0,0,0,0,0,Khánh Hòa,NTB,AM Phi
NTB - Khánh Hòa,(KHO) Cam Lâm 1,Hàng Tồn,2026-06-30 - Thứ 3,4,1,0.75,0.25,69.33,3,1,4,1,0,0,0,0,0,Khánh Hòa,NTB,AM Phi
NTB - Khánh Hòa,(KHO) Cam Lâm 1,Hàng Tồn,2026-07-05 - Chủ Nhật,4,0,0,0,0,0,0,0,0,4,4,1,1,0,Khánh Hòa,NTB,AM Phi
NTB - Khánh Hòa,(KHO) Cam Lâm 1,Hàng Tồn,2026-07-04 - Thứ 7,5,1,0.8,0,29.25,4,0,5,0,1,0,0,0.2,0,Khánh Hòa,NTB,AM Phi
NTB - Khánh Hòa,(KHO) Cam Lâm 1,Hàng Tồn,2026-07-02 - Thứ 5,5,1,0.6,0,38,3,0,5,0,2,0,0,0.4,0,Khánh Hòa,NTB,AM Phi
NTB - Khánh Hòa,(KHO) Cam Lâm 1,Hàng Tồn,2026-07-01 - Thứ 4,6,0.8333,0.6667,0,31.75,4.0002,0,4.9998,0,1.9998,1.0002,0.1667,0.3333,0,Khánh Hòa,NTB,AM Phi
NTB - Khánh Hòa,(KHO) Cam Lâm 1,Hàng Tồn,2026-07-08 - Thứ 4,6,0.8333,0.5,0,41,3,0,4.9998,0,3,1.0002,0.1667,0.5,0,Khánh Hòa,NTB,AM Phi
NTB - Khánh Hòa,(KHO) Cam Lâm 1,Hàng Tồn,2026-06-20 - Thứ 7,7,1,0.2857,0,84.5,1.9999,0,7,0,5.0001,0,0,0.7143,0,Khánh Hòa,NTB,AM Phi
NTB - Khánh Hòa,(KHO) Cam Lâm 1,Hàng Tồn,2026-07-14 - Thứ 3,7,1,0.8571,0,57.33,5.9997,0,7,0,1.0003,0,0,0.1429,0,Khánh Hòa,NTB,AM Phi
NTB - Khánh Hòa,(KHO) Cam Lâm 1,Hàng Tồn,2026-06-28 - Chủ Nhật,8,0.75,0.375,0.125,37,3,1,6,1,4,2,0.25,0.5,0,Khánh Hòa,NTB,AM Phi
NTB - Khánh Hòa,(KHO) Cam Lâm 1,Hàng Tồn,2026-06-21 - Chủ Nhật,8,1,0.5,0.125,40.75,4,1,8,1,3,0,0,0.375,0,Khánh Hòa,NTB,AM Phi
NTB - Khánh Hòa,(KHO) Cam Lâm 1,Hàng Tồn,2026-07-16 - Thứ 5,8,1,0.625,0,50,5,0,8,0,3,0,0,0.375,0,Khánh Hòa,NTB,AM Phi
NTB - Khánh Hòa,(KHO) Cam Lâm 1,Hàng Tồn,2026-06-23 - Thứ 3,9,0.3333,0,0,0,0,0,2.9997,0,9,6.0003,0.6667,1,0,Khánh Hòa,NTB,AM Phi
NTB - Khánh Hòa,(KHO) Cam Lâm 1,Hàng Tồn,2026-06-24 - Thứ 4,10,0.4,0.1,0,25,1,0,4,0,9,6,0.6,0.9,0,Khánh Hòa,NTB,AM Phi
NTB - Khánh Hòa,(KHO) Cam Lâm 1,Hàng Tồn,2026-06-26 - Thứ 6,12,1,0.75,0,75.44,9,0,12,0,3,0,0,0.25,0,Khánh Hòa,NTB,AM Phi
NTB - Khánh Hòa,(KHO) Cam Lâm 1,Hàng Tồn,2026-07-12 - Chủ Nhật,13,0.6154,0.4615,0.0769,32,5.9995,0.9997,8.0002,0.9997,6.0008,4.9998,0.3846,0.4616,0,Khánh Hòa,NTB,AM Phi
NTB - Khánh Hòa,(KHO) Cam Lâm 1,Hàng Tồn,2026-06-27 - Thứ 7,13,0.8462,0.7692,0,40.6,9.9996,0,11.0006,0,3.0004,1.9994,0.1538,0.2308,0,Khánh Hòa,NTB,AM Phi
NTB - Khánh Hòa,(KHO) Cam Lâm 1,Hàng Tồn,2026-07-13 - Thứ 2,15,0.8667,0.7333,0,56.55,10.9995,0,13.0005,0,4.0005,1.9995,0.1333,0.2667,0,Khánh Hòa,NTB,AM Phi
NTB - Khánh Hòa,(KHO) Cam Lâm 1,Hàng Tồn,2026-06-25 - Thứ 5,16,0.8125,0.625,0,64.5,10,0,13,0,6,3,0.1875,0.375,0,Khánh Hòa,NTB,AM Phi
NTB - Khánh Hòa,(KHO) Cam Lâm 1,Hàng Tồn,2026-06-29 - Thứ 2,16,1,0.6875,0.125,31.45,11,2,16,2,3,0,0,0.1875,0,Khánh Hòa,NTB,AM Phi
NTB - Khánh Hòa,(KHO) Cam Lâm 1,Hàng Tồn,2026-07-09 - Thứ 5,19,0.9474,0.7895,0,47.53,15.0005,0,18.0006,0,3.9995,0.9994,0.0526,0.2105,0,Khánh Hòa,NTB,AM Phi
NTB - Khánh Hòa,(KHO) Cam Lâm 1,Hàng Tồn,2026-07-11 - Thứ 7,20,1,0.65,0.05,42.62,13,1,20,1,6,0,0,0.3,0,Khánh Hòa,NTB,AM Phi
NTB - Khánh Hòa,(KHO) Cam Lâm 1,Hàng Tồn,2026-07-10 - Thứ 6,21,0.8571,0.7619,0,30.38,15.9999,0,17.9991,0,5.0001,3.0009,0.1429,0.2381,0,Khánh Hòa,NTB,AM Phi
NTB - Khánh Hòa,(KHO) Cam Lâm 1,Hàng Tồn,2026-07-07 - Thứ 3,22,1,0.7727,0.0455,60.65,16.9994,1.001,22,1.001,3.9996,0,0,0.1818,0,Khánh Hòa,NTB,AM Phi
NTB - Khánh Hòa,(KHO) Cam Lâm 1,Hàng Tồn,2026-07-06 - Thứ 2,26,0.5,0.3462,0.0385,39.89,9.0012,1.001,13,1.001,15.9978,13,0.5,0.6153,0,Khánh Hòa,NTB,AM Phi
NTB - Khánh Hòa,(KHO) Cam Linh,Hàng Mới Ca 1,2026-07-03 - Thứ 6,86,0.9186,0.8023,0.0116,16.29,68.9978,0.9976,78.9996,0.9976,16.0046,7.0004,0.0814,0.1861,86,Khánh Hòa,NTB,AM T.Long
NTB - Khánh Hòa,(KHO) Cam Linh,Hàng Mới Ca 1,2026-06-26 - Thứ 6,75,0.5867,0.5333,0,14,39.9975,0,44.0025,0,35.0025,30.9975,0.4133,0.4667,75,Khánh Hòa,NTB,AM T.Long
NTB - Khánh Hòa,(KHO) Cam Linh,Hàng Mới Ca 1,2026-07-17 - Thứ 6,95,0.4632,0.4211,0,19.85,40.0045,0,44.004,0,54.9955,50.996,0.5368,0.5789,95,Khánh Hòa,NTB,AM T.Long
NTB - Khánh Hòa,(KHO) Cam Linh,Hàng Mới Ca 1,2026-07-11 - Thứ 7,104,0.4712,0.375,0.0096,19.05,39,0.9984,49.0048,0.9984,64.0016,54.9952,0.5288,0.6154,104,Khánh Hòa,NTB,AM T.Long
NTB - Khánh Hòa,(KHO) Cam Linh,Hàng Mới Ca 1,2026-07-14 - Thứ 3,70,0.7571,0.6429,0.0143,19.69,45.003,1.001,52.997,1.001,23.996,17.003,0.2429,0.3428,70,Khánh Hòa,NTB,AM T.Long
NTB - Khánh Hòa,(KHO) Cam Linh,Hàng Mới Ca 1,2026-06-28 - Chủ Nhật,74,0.6351,0.5676,0.0135,15.76,42.0024,0.999,46.9974,0.999,30.9986,27.0026,0.3649,0.4189,74,Khánh Hòa,NTB,AM T.Long
NTB - Khánh Hòa,(KHO) Cam Linh,Hàng Mới Ca 1,2026-07-12 - Chủ Nhật,110,0.6364,0.5636,0.0182,18.89,61.996,2.002,70.004,2.002,46.002,39.996,0.3636,0.4182,110,Khánh Hòa,NTB,AM T.Long
NTB - Khánh Hòa,(KHO) Cam Linh,Hàng Mới Ca 1,2026-06-25 - Thứ 5,91,0.5824,0.4176,0,14.13,38.0016,0,52.9984,0,52.9984,38.0016,0.4176,0.5824,91,Khánh Hòa,NTB,AM T.Long
NTB - Khánh Hòa,(KHO) Cam Linh,Hàng Mới Ca 1,2026-07-02 - Thứ 5,82,0.7805,0.6951,0.0122,17.56,56.9982,1.0004,64.001,1.0004,24.0014,17.999,0.2195,0.2927,82,Khánh Hòa,NTB,AM T.Long
NTB - Khánh Hòa,(KHO) Cam Linh,Hàng Mới Ca 1,2026-06-23 - Thứ 3,77,0.6494,0.5584,0,18.05,42.9968,0,50.0038,0,34.0032,26.9962,0.3506,0.4416,77,Khánh Hòa,NTB,AM T.Long
NTB - Khánh Hòa,(KHO) Cam Linh,Hàng Mới Ca 1,2026-07-10 - Thứ 6,146,0.7945,0.6438,0.0205,19.14,93.9948,2.993,115.997,2.993,49.0122,30.003,0.2055,0.3357,146,Khánh Hòa,NTB,AM T.Long
NTB - Khánh Hòa,(KHO) Cam Linh,Hàng Mới Ca 1,2026-06-22 - Thứ 2,70,0.4714,0.3857,0.0143,21.3,26.999,1.001,32.998,1.001,42,37.002,0.5286,0.6,70,Khánh Hòa,NTB,AM T.Long
NTB - Khánh Hòa,(KHO) Cam Linh,Hàng Mới Ca 1,2026-07-06 - Thứ 2,73,0.7123,0.5616,0.0137,16.78,40.9968,1.0001,51.9979,1.0001,31.0031,21.0021,0.2877,0.4247,73,Khánh Hòa,NTB,AM T.Long
NTB - Khánh Hòa,(KHO) Cam Linh,Hàng Mới Ca 1,2026-06-27 - Thứ 7,105,0.6,0.5333,0.0095,13.45,55.9965,0.9975,63,0.9975,48.006,42,0.4,0.4572,105,Khánh Hòa,NTB,AM T.Long
NTB - Khánh Hòa,(KHO) Cam Linh,Hàng Mới Ca 1,2026-06-29 - Thứ 2,80,0.7125,0.5375,0.0125,12.86,43,1,57,1,36,23,0.2875,0.45,80,Khánh Hòa,NTB,AM T.Long
NTB - Khánh Hòa,(KHO) Cam Linh,Hàng Mới Ca 1,2026-06-21 - Chủ Nhật,90,0.5222,0.4778,0,17.86,43.002,0,46.998,0,46.998,43.002,0.4778,0.5222,90,Khánh Hòa,NTB,AM T.Long
NTB - Khánh Hòa,(KHO) Cam Linh,Hàng Mới Ca 1,2026-07-16 - Thứ 5,72,0.5972,0.5139,0,19.11,37.0008,0,42.9984,0,34.9992,29.0016,0.4028,0.4861,72,Khánh Hòa,NTB,AM T.Long
NTB - Khánh Hòa,(KHO) Cam Linh,Hàng Mới Ca 1,2026-07-13 - Thứ 2,58,0.7414,0.5862,0,22.53,33.9996,0,43.0012,0,24.0004,14.9988,0.2586,0.4138,58,Khánh Hòa,NTB,AM T.Long
NTB - Khánh Hòa,(KHO) Cam Linh,Hàng Mới Ca 1,2026-06-24 - Thứ 4,76,0.7632,0.6711,0.0132,14.37,51.0036,1.0032,58.0032,1.0032,23.9932,17.9968,0.2368,0.3157,76,Khánh Hòa,NTB,AM T.Long
NTB - Khánh Hòa,(KHO) Cam Linh,Hàng Mới Ca 1,2026-06-30 - Thứ 3,66,0.9242,0.8485,0.0152,19.93,56.001,1.0032,60.9972,1.0032,8.9958,5.0028,0.0758,0.1363,66,Khánh Hòa,NTB,AM T.Long
NTB - Khánh Hòa,(KHO) Cam Linh,Hàng Mới Ca 1,2026-06-20 - Thứ 7,27,0.8148,0.7037,0.037,16.21,18.9999,0.999,21.9996,0.999,7.0011,5.0004,0.1852,0.2593,27,Khánh Hòa,NTB,AM T.Long
NTB - Khánh Hòa,(KHO) Cam Linh,Hàng Mới Ca 1,2026-07-05 - Chủ Nhật,35,0.8857,0.7714,0,15.59,26.999,0,30.9995,0,8.001,4.0005,0.1143,0.2286,35,Khánh Hòa,NTB,AM T.Long
NTB - Khánh Hòa,(KHO) Cam Linh,Hàng Mới Ca 1,2026-07-08 - Thứ 4,46,0.5435,0.413,0,22.26,18.998,0,25.001,0,27.002,20.999,0.4565,0.587,46,Khánh Hòa,NTB,AM T.Long
NTB - Khánh Hòa,(KHO) Cam Linh,Hàng Mới Ca 1,2026-07-07 - Thứ 3,48,0.9375,0.7292,0,23.8,35.0016,0,45,0,12.9984,3,0.0625,0.2708,48,Khánh Hòa,NTB,AM T.Long
NTB - Khánh Hòa,(KHO) Cam Linh,Hàng Mới Ca 1,2026-07-15 - Thứ 4,49,0.4082,0.3469,0,15.71,16.9981,0,20.0018,0,32.0019,28.9982,0.5918,0.6531,49,Khánh Hòa,NTB,AM T.Long
NTB - Khánh Hòa,(KHO) Cam Linh,Hàng Mới Ca 1,2026-07-09 - Thứ 5,49,0.7143,0.6122,0,17.03,29.9978,0,35.0007,0,19.0022,13.9993,0.2857,0.3878,49,Khánh Hòa,NTB,AM T.Long
NTB - Khánh Hòa,(KHO) Cam Linh,Hàng Mới Ca 1,2026-07-01 - Thứ 4,51,0.7843,0.6667,0,17.12,34.0017,0,39.9993,0,16.9983,11.0007,0.2157,0.3333,51,Khánh Hòa,NTB,AM T.Long
NTB - Khánh Hòa,(KHO) Cam Linh,Hàng Mới Ca 1,2026-07-04 - Thứ 7,54,0.9259,0.7407,0,14.23,39.9978,0,49.9986,0,14.0022,4.0014,0.0741,0.2593,54,Khánh Hòa,NTB,AM T.Long
NTB - Khánh Hòa,(KHO) Cam Linh,Hàng Mới Ca 2,2026-07-12 - Chủ Nhật,1,1,1,0,2,1,0,1,0,0,0,0,0,1,Khánh Hòa,NTB,AM T.Long
NTB - Khánh Hòa,(KHO) Cam Linh,Hàng Mới Ca 2,2026-07-03 - Thứ 6,1,1,1,0,6,1,0,1,0,0,0,0,0,1,Khánh Hòa,NTB,AM T.Long
NTB - Khánh Hòa,(KHO) Cam Linh,Hàng Tồn,2026-07-15 - Thứ 4,89,0.4045,0.3034,0.0225,89.26,27.0026,2.0025,36.0005,2.0025,59.9949,52.9995,0.5955,0.6741,0,Khánh Hòa,NTB,AM T.Long
NTB - Khánh Hòa,(KHO) Cam Linh,Hàng Tồn,2026-06-26 - Thứ 6,129,0.3721,0.2558,0.0233,81.18,32.9982,3.0057,48.0009,3.0057,92.9961,80.9991,0.6279,0.7209,0,Khánh Hòa,NTB,AM T.Long
NTB - Khánh Hòa,(KHO) Cam Linh,Hàng Tồn,2026-06-24 - Thứ 4,119,0.5798,0.3529,0.0756,88.12,41.9951,8.9964,68.9962,8.9964,68.0085,50.0038,0.4202,0.5715,0,Khánh Hòa,NTB,AM T.Long
NTB - Khánh Hòa,(KHO) Cam Linh,Hàng Tồn,2026-07-17 - Thứ 6,93,0.7742,0.5376,0.0323,96.56,49.9968,3.0039,72.0006,3.0039,39.9993,20.9994,0.2258,0.4301,0,Khánh Hòa,NTB,AM T.Long
NTB - Khánh Hòa,(KHO) Cam Linh,Hàng Tồn,2026-07-11 - Thứ 7,75,0.3333,0.2667,0.0267,50.95,20.0025,2.0025,24.9975,2.0025,52.995,50.0025,0.6667,0.7066,0,Khánh Hòa,NTB,AM T.Long
NTB - Khánh Hòa,(KHO) Cam Linh,Hàng Tồn,2026-07-14 - Thứ 3,81,0.2222,0.1975,0,81.44,15.9975,0,17.9982,0,65.0025,63.0018,0.7778,0.8025,0,Khánh Hòa,NTB,AM T.Long
NTB - Khánh Hòa,(KHO) Cam Linh,Hàng Tồn,2026-06-28 - Chủ Nhật,142,0.2676,0.1338,0.0211,71.26,18.9996,2.9962,37.9992,2.9962,120.0042,104.0008,0.7324,0.8451,0,Khánh Hòa,NTB,AM T.Long
NTB - Khánh Hòa,(KHO) Cam Linh,Hàng Tồn,2026-07-12 - Chủ Nhật,117,0.4957,0.2564,0.0171,61.13,29.9988,2.0007,57.9969,2.0007,85.0005,59.0031,0.5043,0.7265,0,Khánh Hòa,NTB,AM T.Long
NTB - Khánh Hòa,(KHO) Cam Linh,Hàng Tồn,2026-06-25 - Thứ 5,91,0.3297,0.1319,0.011,58.08,12.0029,1.001,30.0027,1.001,77.9961,60.9973,0.6703,0.8571,0,Khánh Hòa,NTB,AM T.Long
NTB - Khánh Hòa,(KHO) Cam Linh,Hàng Tồn,2026-07-13 - Thứ 2,131,0.6183,0.5115,0.0458,80.03,67.0065,5.9998,80.9973,5.9998,57.9937,50.0027,0.3817,0.4427,0,Khánh Hòa,NTB,AM T.Long
NTB - Khánh Hòa,(KHO) Cam Linh,Hàng Tồn,2026-06-23 - Thứ 3,126,0.4762,0.3254,0.0079,64.22,41.0004,0.9954,60.0012,0.9954,84.0042,65.9988,0.5238,0.6667,0,Khánh Hòa,NTB,AM T.Long
NTB - Khánh Hòa,(KHO) Cam Linh,Hàng Tồn,2026-06-22 - Thứ 2,106,0.3208,0.1509,0.0283,75.44,15.9954,2.9998,34.0048,2.9998,87.0048,71.9952,0.6792,0.8208,0,Khánh Hòa,NTB,AM T.Long
NTB - Khánh Hòa,(KHO) Cam Linh,Hàng Tồn,2026-06-20 - Thứ 7,128,0.4609,0.2578,0.0547,48.3,32.9984,7.0016,58.9952,7.0016,88,69.0048,0.5391,0.6875,0,Khánh Hòa,NTB,AM T.Long
NTB - Khánh Hòa,(KHO) Cam Linh,Hàng Tồn,2026-06-30 - Thứ 3,158,0.9114,0.7405,0.0506,104.74,116.999,7.9948,144.0012,7.9948,33.0062,13.9988,0.0886,0.2089,0,Khánh Hòa,NTB,AM T.Long
NTB - Khánh Hòa,(KHO) Cam Linh,Hàng Tồn,2026-06-29 - Thứ 2,152,0.2697,0.1711,0.0329,86.62,26.0072,5.0008,40.9944,5.0008,120.992,111.0056,0.7303,0.796,0,Khánh Hòa,NTB,AM T.Long
NTB - Khánh Hòa,(KHO) Cam Linh,Hàng Tồn,2026-06-21 - Chủ Nhật,112,0.6339,0.4911,0.0089,83.36,55.0032,0.9968,70.9968,0.9968,56,41.0032,0.3661,0.5,0,Khánh Hòa,NTB,AM T.Long
NTB - Khánh Hòa,(KHO) Cam Linh,Hàng Tồn,2026-07-16 - Thứ 5,91,0.7143,0.3077,0.011,91.61,28.0007,1.001,65.0013,1.001,61.9983,25.9987,0.2857,0.6813,0,Khánh Hòa,NTB,AM T.Long
NTB - Khánh Hòa,(KHO) Cam Linh,Hàng Tồn,2026-06-27 - Thứ 7,121,0.3223,0.1901,0.0248,68.83,23.0021,3.0008,38.9983,3.0008,94.9971,82.0017,0.6777,0.7851,0,Khánh Hòa,NTB,AM T.Long
NTB - Khánh Hòa,(KHO) Cam Linh,Hàng Tồn,2026-07-06 - Thứ 2,23,0.913,0.4348,0.1739,74.5,10.0004,3.9997,20.999,3.9997,8.9999,2.001,0.087,0.3913,0,Khánh Hòa,NTB,AM T.Long
NTB - Khánh Hòa,(KHO) Cam Linh,Hàng Tồn,2026-07-08 - Thứ 4,26,0.6538,0.4231,0.1154,51.82,11.0006,3.0004,16.9988,3.0004,11.999,9.0012,0.3462,0.4615,0,Khánh Hòa,NTB,AM T.Long
NTB - Khánh Hòa,(KHO) Cam Linh,Hàng Tồn,2026-07-05 - Chủ Nhật,28,0.7857,0.3571,0.0714,42.5,9.9988,1.9992,21.9996,1.9992,16.002,6.0004,0.2143,0.5715,0,Khánh Hòa,NTB,AM T.Long
NTB - Khánh Hòa,(KHO) Cam Linh,Hàng Tồn,2026-07-04 - Thứ 7,31,0.7097,0.5161,0.0323,68.88,15.9991,1.0013,22.0007,1.0013,13.9996,8.9993,0.2903,0.4516,0,Khánh Hòa,NTB,AM T.Long
NTB - Khánh Hòa,(KHO) Cam Linh,Hàng Tồn,2026-07-09 - Thứ 5,38,0.2632,0.2105,0.0263,64.13,7.999,0.9994,10.0016,0.9994,29.0016,27.9984,0.7368,0.7632,0,Khánh Hòa,NTB,AM T.Long
NTB - Khánh Hòa,(KHO) Cam Linh,Hàng Tồn,2026-07-01 - Thứ 4,38,0.7895,0.2895,0.0789,115.55,11.001,2.9982,30.001,2.9982,24.0008,7.999,0.2105,0.6316,0,Khánh Hòa,NTB,AM T.Long
NTB - Khánh Hòa,(KHO) Cam Linh,Hàng Tồn,2026-07-07 - Thứ 3,40,0.9,0.625,0.025,49.16,25,1,36,1,14,4,0.1,0.35,0,Khánh Hòa,NTB,AM T.Long
NTB - Khánh Hòa,(KHO) Cam Linh,Hàng Tồn,2026-07-02 - Thứ 5,41,0.7073,0.4634,0.0976,121.68,18.9994,4.0016,28.9993,4.0016,17.999,12.0007,0.2927,0.439,0,Khánh Hòa,NTB,AM T.Long
NTB - Khánh Hòa,(KHO) Cam Linh,Hàng Tồn,2026-07-03 - Thứ 6,41,0.8293,0.5854,0.0244,51.63,24.0014,1.0004,34.0013,1.0004,15.9982,6.9987,0.1707,0.3902,0,Khánh Hòa,NTB,AM T.Long
NTB - Khánh Hòa,(KHO) Cam Linh,Hàng Tồn,2026-07-10 - Thứ 6,48,0.7292,0.3958,0.0417,51.63,18.9984,2.0016,35.0016,2.0016,27,12.9984,0.2708,0.5625,0,Khánh Hòa,NTB,AM T.Long
NTB - Khánh Hòa,(KHO) Bắc Nha Trang,Hàng Mới Ca 1,2026-07-05 - Chủ Nhật,66,1,0.7879,0.0152,13.27,52.0014,1.0032,66,1.0032,12.9954,0,0,0.1969,66,Khánh Hòa,NTB,AM Công
NTB - Khánh Hòa,(KHO) Bắc Nha Trang,Hàng Mới Ca 1,2026-06-26 - Thứ 6,69,1,0.8116,0,11.5,56.0004,0,69,0,12.9996,0,0,0.1884,69,Khánh Hòa,NTB,AM Công
NTB - Khánh Hòa,(KHO) Bắc Nha Trang,Hàng Mới Ca 1,2026-06-21 - Chủ Nhật,77,1,0.8182,0,9.03,63.0014,0,77,0,13.9986,0,0,0.1818,77,Khánh Hòa,NTB,AM Công
NTB - Khánh Hòa,(KHO) Bắc Nha Trang,Hàng Mới Ca 1,2026-07-11 - Thứ 7,70,1,0.8,0,9.07,56,0,70,0,14,0,0,0.2,70,Khánh Hòa,NTB,AM Công
NTB - Khánh Hòa,(KHO) Bắc Nha Trang,Hàng Mới Ca 1,2026-07-01 - Thứ 4,73,1,0.8219,0.0137,10.42,59.9987,1.0001,73,1.0001,12.0012,0,0,0.1644,73,Khánh Hòa,NTB,AM Công
NTB - Khánh Hòa,(KHO) Bắc Nha Trang,Hàng Mới Ca 1,2026-07-09 - Thứ 5,82,0.9878,0.8049,0,11.8,66.0018,0,80.9996,0,15.9982,1.0004,0.0122,0.1951,82,Khánh Hòa,NTB,AM Công
NTB - Khánh Hòa,(KHO) Bắc Nha Trang,Hàng Mới Ca 1,2026-06-28 - Chủ Nhật,59,1,0.8814,0.0169,11.5,52.0026,0.9971,59,0.9971,6.0003,0,0,0.1017,59,Khánh Hòa,NTB,AM Công
NTB - Khánh Hòa,(KHO) Bắc Nha Trang,Hàng Mới Ca 1,2026-06-25 - Thứ 5,60,1,0.8333,0.05,10.38,49.998,3,60,3,7.002,0,0,0.1167,60,Khánh Hòa,NTB,AM Công
NTB - Khánh Hòa,(KHO) Bắc Nha Trang,Hàng Mới Ca 1,2026-07-10 - Thứ 6,62,0.9355,0.7581,0,11.64,47.0022,0,58.001,0,14.9978,3.999,0.0645,0.2419,62,Khánh Hòa,NTB,AM Công
NTB - Khánh Hòa,(KHO) Bắc Nha Trang,Hàng Mới Ca 1,2026-07-08 - Thứ 4,81,0.9877,0.6667,0.0247,9.22,54.0027,2.0007,80.0037,2.0007,24.9966,0.9963,0.0123,0.3086,81,Khánh Hòa,NTB,AM Công
NTB - Khánh Hòa,(KHO) Bắc Nha Trang,Hàng Mới Ca 1,2026-06-22 - Thứ 2,74,1,0.8378,0.0135,10.18,61.9972,0.999,74,0.999,11.0038,0,0,0.1487,74,Khánh Hòa,NTB,AM Công
NTB - Khánh Hòa,(KHO) Bắc Nha Trang,Hàng Mới Ca 1,2026-06-27 - Thứ 7,56,1,0.7857,0.0357,12.34,43.9992,1.9992,56,1.9992,10.0016,0,0,0.1786,56,Khánh Hòa,NTB,AM Công
NTB - Khánh Hòa,(KHO) Bắc Nha Trang,Hàng Mới Ca 1,2026-06-24 - Thứ 4,72,1,0.8333,0.0139,9.23,59.9976,1.0008,72,1.0008,11.0016,0,0,0.1528,72,Khánh Hòa,NTB,AM Công
NTB - Khánh Hòa,(KHO) Bắc Nha Trang,Hàng Mới Ca 1,2026-06-20 - Thứ 7,11,1,0.6364,0,6.57,7.0004,0,11,0,3.9996,0,0,0.3636,11,Khánh Hòa,NTB,AM Công
NTB - Khánh Hòa,(KHO) Bắc Nha Trang,Hàng Mới Ca 1,2026-07-07 - Thứ 3,12,1,1,0,8.08,12,0,12,0,0,0,0,0,12,Khánh Hòa,NTB,AM Công
NTB - Khánh Hòa,(KHO) Bắc Nha Trang,Hàng Mới Ca 1,2026-07-06 - Thứ 2,27,0.963,0.8519,0,9.39,23.0013,0,26.001,0,3.9987,0.999,0.037,0.1481,27,Khánh Hòa,NTB,AM Công
NTB - Khánh Hòa,(KHO) Bắc Nha Trang,Hàng Mới Ca 1,2026-07-04 - Thứ 7,30,0.9667,0.8,0,8.83,24,0,29.001,0,6,0.999,0.0333,0.2,30,Khánh Hòa,NTB,AM Công
NTB - Khánh Hòa,(KHO) Bắc Nha Trang,Hàng Mới Ca 1,2026-07-14 - Thứ 3,33,1,0.9091,0,7.77,30.0003,0,33,0,2.9997,0,0,0.0909,33,Khánh Hòa,NTB,AM Công
NTB - Khánh Hòa,(KHO) Bắc Nha Trang,Hàng Mới Ca 1,2026-07-02 - Thứ 5,37,1,0.6486,0,8.92,23.9982,0,37,0,13.0018,0,0,0.3514,37,Khánh Hòa,NTB,AM Công
NTB - Khánh Hòa,(KHO) Bắc Nha Trang,Hàng Mới Ca 1,2026-07-13 - Thứ 2,38,1,0.8421,0,13.63,31.9998,0,38,0,6.0002,0,0,0.1579,38,Khánh Hòa,NTB,AM Công
NTB - Khánh Hòa,(KHO) Bắc Nha Trang,Hàng Mới Ca 1,2026-07-16 - Thứ 5,40,0.95,0.875,0,9.71,35,0,38,0,5,2,0.05,0.125,40,Khánh Hòa,NTB,AM Công
NTB - Khánh Hòa,(KHO) Bắc Nha Trang,Hàng Mới Ca 1,2026-07-12 - Chủ Nhật,44,0.9773,0.8636,0.0227,13.18,37.9984,0.9988,43.0012,0.9988,5.0028,0.9988,0.0227,0.1137,44,Khánh Hòa,NTB,AM Công
NTB - Khánh Hòa,(KHO) Bắc Nha Trang,Hàng Mới Ca 1,2026-07-03 - Thứ 6,47,1,0.6596,0,11.48,31.0012,0,47,0,15.9988,0,0,0.3404,47,Khánh Hòa,NTB,AM Công
NTB - Khánh Hòa,(KHO) Bắc Nha Trang,Hàng Mới Ca 1,2026-07-17 - Thứ 6,47,1,0.7234,0.0638,9.38,33.9998,2.9986,47,2.9986,10.0016,0,0,0.2128,47,Khánh Hòa,NTB,AM Công
NTB - Khánh Hòa,(KHO) Bắc Nha Trang,Hàng Mới Ca 1,2026-06-23 - Thứ 3,47,0.9787,0.766,0.0638,8.42,36.002,2.9986,45.9989,2.9986,7.9994,1.0011,0.0213,0.1702,47,Khánh Hòa,NTB,AM Công
NTB - Khánh Hòa,(KHO) Bắc Nha Trang,Hàng Mới Ca 1,2026-06-30 - Thứ 3,47,1,0.9149,0,9.63,43.0003,0,47,0,3.9997,0,0,0.0851,47,Khánh Hòa,NTB,AM Công
NTB - Khánh Hòa,(KHO) Bắc Nha Trang,Hàng Mới Ca 1,2026-06-29 - Thứ 2,50,1,0.9,0.02,11.09,45,1,50,1,4,0,0,0.08,50,Khánh Hòa,NTB,AM Công
NTB - Khánh Hòa,(KHO) Bắc Nha Trang,Hàng Mới Ca 1,2026-07-15 - Thứ 4,53,1,0.8302,0.0377,10.23,44.0006,1.9981,53,1.9981,7.0013,0,0,0.1321,53,Khánh Hòa,NTB,AM Công
NTB - Khánh Hòa,(KHO) Bắc Nha Trang,Hàng Mới Ca 2,2026-07-10 - Thứ 6,65,0.8615,0.7385,0,6.63,48.0025,0,55.9975,0,16.9975,9.0025,0.1385,0.2615,65,Khánh Hòa,NTB,AM Công
NTB - Khánh Hòa,(KHO) Bắc Nha Trang,Hàng Mới Ca 2,2026-07-09 - Thứ 5,59,0.9322,0.6949,0.0339,6.22,40.9991,2.0001,54.9998,2.0001,16.0008,4.0002,0.0678,0.2712,59,Khánh Hòa,NTB,AM Công
NTB - Khánh Hòa,(KHO) Bắc Nha Trang,Hàng Mới Ca 2,2026-07-04 - Thứ 7,10,0.9,0.7,0,4.86,7,0,9,0,3,1,0.1,0.3,10,Khánh Hòa,NTB,AM Công
NTB - Khánh Hòa,(KHO) Bắc Nha Trang,Hàng Mới Ca 2,2026-07-02 - Thứ 5,13,0.6154,0.4615,0,4.67,5.9995,0,8.0002,0,7.0005,4.9998,0.3846,0.5385,13,Khánh Hòa,NTB,AM Công
NTB - Khánh Hòa,(KHO) Bắc Nha Trang,Hàng Mới Ca 2,2026-07-13 - Thứ 2,13,1,0.7692,0,4.8,9.9996,0,13,0,3.0004,0,0,0.2308,13,Khánh Hòa,NTB,AM Công
NTB - Khánh Hòa,(KHO) Bắc Nha Trang,Hàng Mới Ca 2,2026-07-03 - Thứ 6,14,0.9286,0.5714,0,5.5,7.9996,0,13.0004,0,6.0004,0.9996,0.0714,0.4286,14,Khánh Hòa,NTB,AM Công
NTB - Khánh Hòa,(KHO) Bắc Nha Trang,Hàng Mới Ca 2,2026-06-29 - Thứ 2,18,1,0.7222,0,4.38,12.9996,0,18,0,5.0004,0,0,0.2778,18,Khánh Hòa,NTB,AM Công
NTB - Khánh Hòa,(KHO) Bắc Nha Trang,Hàng Mới Ca 2,2026-06-22 - Thứ 2,21,0.9524,0.6667,0,3.86,14.0007,0,20.0004,0,6.9993,0.9996,0.0476,0.3333,21,Khánh Hòa,NTB,AM Công
NTB - Khánh Hòa,(KHO) Bắc Nha Trang,Hàng Mới Ca 2,2026-07-07 - Thứ 3,22,0.9545,0.8182,0,4.61,18.0004,0,20.999,0,3.9996,1.001,0.0455,0.1818,22,Khánh Hòa,NTB,AM Công
NTB - Khánh Hòa,(KHO) Bắc Nha Trang,Hàng Mới Ca 2,2026-06-28 - Chủ Nhật,22,1,0.5,0,6.73,11,0,22,0,11,0,0,0.5,22,Khánh Hòa,NTB,AM Công
NTB - Khánh Hòa,(KHO) Bắc Nha Trang,Hàng Mới Ca 2,2026-07-06 - Thứ 2,23,0.9565,0.7391,0,5,16.9993,0,21.9995,0,6.0007,1.0005,0.0435,0.2609,23,Khánh Hòa,NTB,AM Công
NTB - Khánh Hòa,(KHO) Bắc Nha Trang,Hàng Mới Ca 2,2026-06-27 - Thứ 7,23,0.8696,0.6087,0,5.21,14.0001,0,20.0008,0,8.9999,2.9992,0.1304,0.3913,23,Khánh Hòa,NTB,AM Công
NTB - Khánh Hòa,(KHO) Bắc Nha Trang,Hàng Mới Ca 2,2026-06-20 - Thứ 7,26,0.9231,0.6154,0,3.94,16.0004,0,24.0006,0,9.9996,1.9994,0.0769,0.3846,26,Khánh Hòa,NTB,AM Công
NTB - Khánh Hòa,(KHO) Bắc Nha Trang,Hàng Mới Ca 2,2026-07-14 - Thứ 3,27,1,0.7778,0,4.38,21.0006,0,27,0,5.9994,0,0,0.2222,27,Khánh Hòa,NTB,AM Công
NTB - Khánh Hòa,(KHO) Bắc Nha Trang,Hàng Mới Ca 2,2026-07-05 - Chủ Nhật,28,0.75,0.2857,0,5.63,7.9996,0,21,0,20.0004,7,0.25,0.7143,28,Khánh Hòa,NTB,AM Công
NTB - Khánh Hòa,(KHO) Bắc Nha Trang,Hàng Mới Ca 2,2026-07-01 - Thứ 4,28,0.8571,0.3571,0,7.2,9.9988,0,23.9988,0,18.0012,4.0012,0.1429,0.6429,28,Khánh Hòa,NTB,AM Công
NTB - Khánh Hòa,(KHO) Bắc Nha Trang,Hàng Mới Ca 2,2026-07-12 - Chủ Nhật,28,0.9286,0.7857,0,4.77,21.9996,0,26.0008,0,6.0004,1.9992,0.0714,0.2143,28,Khánh Hòa,NTB,AM Công
NTB - Khánh Hòa,(KHO) Bắc Nha Trang,Hàng Mới Ca 2,2026-06-30 - Thứ 3,28,0.9643,0.5714,0.0357,4.88,15.9992,0.9996,27.0004,0.9996,11.0012,0.9996,0.0357,0.3929,28,Khánh Hòa,NTB,AM Công
NTB - Khánh Hòa,(KHO) Bắc Nha Trang,Hàng Mới Ca 2,2026-07-15 - Thứ 4,29,1,0.7931,0,4.52,22.9999,0,29,0,6.0001,0,0,0.2069,29,Khánh Hòa,NTB,AM Công
NTB - Khánh Hòa,(KHO) Bắc Nha Trang,Hàng Mới Ca 2,2026-06-26 - Thứ 6,29,1,0.8276,0,4.54,24.0004,0,29,0,4.9996,0,0,0.1724,29,Khánh Hòa,NTB,AM Công
NTB - Khánh Hòa,(KHO) Bắc Nha Trang,Hàng Mới Ca 2,2026-06-21 - Chủ Nhật,30,1,0.7,0.0333,4.38,21,0.999,30,0.999,8.001,0,0,0.2667,30,Khánh Hòa,NTB,AM Công
NTB - Khánh Hòa,(KHO) Bắc Nha Trang,Hàng Mới Ca 2,2026-07-08 - Thứ 4,30,0.8333,0.3,0.0333,5.11,9,0.999,24.999,0.999,20.001,5.001,0.1667,0.6667,30,Khánh Hòa,NTB,AM Công
NTB - Khánh Hòa,(KHO) Bắc Nha Trang,Hàng Mới Ca 2,2026-07-17 - Thứ 6,37,0.9459,0.6757,0,4.36,25.0009,0,34.9983,0,11.9991,2.0017,0.0541,0.3243,37,Khánh Hòa,NTB,AM Công
NTB - Khánh Hòa,(KHO) Bắc Nha Trang,Hàng Mới Ca 2,2026-07-11 - Thứ 7,37,0.8378,0.4595,0,5.76,17.0015,0,30.9986,0,19.9985,6.0014,0.1622,0.5405,37,Khánh Hòa,NTB,AM Công
NTB - Khánh Hòa,(KHO) Bắc Nha Trang,Hàng Mới Ca 2,2026-06-23 - Thứ 3,37,0.8649,0.7838,0.027,4.86,29.0006,0.999,32.0013,0.999,7.0004,4.9987,0.1351,0.1892,37,Khánh Hòa,NTB,AM Công
NTB - Khánh Hòa,(KHO) Bắc Nha Trang,Hàng Mới Ca 2,2026-06-25 - Thứ 5,40,0.975,0.6,0,4.63,24,0,39,0,16,1,0.025,0.4,40,Khánh Hòa,NTB,AM Công
NTB - Khánh Hòa,(KHO) Bắc Nha Trang,Hàng Mới Ca 2,2026-06-24 - Thứ 4,41,1,0.6098,0,5,25.0018,0,41,0,15.9982,0,0,0.3902,41,Khánh Hòa,NTB,AM Công
NTB - Khánh Hòa,(KHO) Bắc Nha Trang,Hàng Mới Ca 2,2026-07-16 - Thứ 5,49,0.9796,0.8367,0.0204,4.29,40.9983,0.9996,48.0004,0.9996,7.0021,0.9996,0.0204,0.1429,49,Khánh Hòa,NTB,AM Công
NTB - Khánh Hòa,(KHO) Bắc Nha Trang,Hàng Tồn,2026-07-08 - Thứ 4,11,1,0.2727,0.2727,31,2.9997,2.9997,11,2.9997,5.0006,0,0,0.4546,0,Khánh Hòa,NTB,AM Công
NTB - Khánh Hòa,(KHO) Bắc Nha Trang,Hàng Tồn,2026-07-14 - Thứ 3,14,0.9286,0.4286,0.0714,31,6.0004,0.9996,13.0004,0.9996,7,0.9996,0.0714,0.5,0,Khánh Hòa,NTB,AM Công
NTB - Khánh Hòa,(KHO) Bắc Nha Trang,Hàng Tồn,2026-07-15 - Thứ 4,16,0.9375,0.625,0,50,10,0,15,0,6,1,0.0625,0.375,0,Khánh Hòa,NTB,AM Công
NTB - Khánh Hòa,(KHO) Bắc Nha Trang,Hàng Tồn,2026-06-30 - Thứ 3,16,1,0.5625,0.0625,40,9,1,16,1,6,0,0,0.375,0,Khánh Hòa,NTB,AM Công
NTB - Khánh Hòa,(KHO) Bắc Nha Trang,Hàng Tồn,2026-07-17 - Thứ 6,18,0.9444,0.3889,0.1111,48.43,7.0002,1.9998,16.9992,1.9998,9,1.0008,0.0556,0.5,0,Khánh Hòa,NTB,AM Công
NTB - Khánh Hòa,(KHO) Bắc Nha Trang,Hàng Tồn,2026-07-16 - Thứ 5,19,0.9474,0.4211,0.2632,33.75,8.0009,5.0008,18.0006,5.0008,5.9983,0.9994,0.0526,0.3157,0,Khánh Hòa,NTB,AM Công
NTB - Khánh Hòa,(KHO) Bắc Nha Trang,Hàng Tồn,2026-07-07 - Thứ 3,20,0.95,0.55,0.1,36.91,11,2,19,2,7,1,0.05,0.35,0,Khánh Hòa,NTB,AM Công
NTB - Khánh Hòa,(KHO) Bắc Nha Trang,Hàng Tồn,2026-07-05 - Chủ Nhật,22,0.9545,0.5909,0.1364,56.69,12.9998,3.0008,20.999,3.0008,5.9994,1.001,0.0455,0.2727,0,Khánh Hòa,NTB,AM Công
NTB - Khánh Hòa,(KHO) Bắc Nha Trang,Hàng Tồn,2026-07-01 - Thứ 4,23,1,0.6087,0.0435,45.21,14.0001,1.0005,23,1.0005,7.9994,0,0,0.3478,0,Khánh Hòa,NTB,AM Công
NTB - Khánh Hòa,(KHO) Bắc Nha Trang,Hàng Tồn,2026-07-13 - Thứ 2,23,0.9565,0.6087,0.1304,45.86,14.0001,2.9992,21.9995,2.9992,6.0007,1.0005,0.0435,0.2609,0,Khánh Hòa,NTB,AM Công
NTB - Khánh Hòa,(KHO) Bắc Nha Trang,Hàng Tồn,2026-06-24 - Thứ 4,24,1,0.4583,0.1667,36,10.9992,4.0008,24,4.0008,9,0,0,0.375,0,Khánh Hòa,NTB,AM Công
NTB - Khánh Hòa,(KHO) Bắc Nha Trang,Hàng Tồn,2026-06-29 - Thứ 2,26,1,0.5769,0.1538,34.93,14.9994,3.9988,26,3.9988,7.0018,0,0,0.2693,0,Khánh Hòa,NTB,AM Công
NTB - Khánh Hòa,(KHO) Bắc Nha Trang,Hàng Tồn,2026-06-28 - Chủ Nhật,28,1,0.5714,0.0714,37.5,15.9992,1.9992,28,1.9992,10.0016,0,0,0.3572,0,Khánh Hòa,NTB,AM Công
NTB - Khánh Hòa,(KHO) Bắc Nha Trang,Hàng Tồn,2026-06-23 - Thứ 3,29,1,0.6207,0.0345,44.83,18.0003,1.0005,29,1.0005,9.9992,0,0,0.3448,0,Khánh Hòa,NTB,AM Công
NTB - Khánh Hòa,(KHO) Bắc Nha Trang,Hàng Tồn,2026-06-21 - Chủ Nhật,31,0.9677,0.4194,0.0968,34.92,13.0014,3.0008,29.9987,3.0008,14.9978,1.0013,0.0323,0.4838,0,Khánh Hòa,NTB,AM Công
NTB - Khánh Hòa,(KHO) Bắc Nha Trang,Hàng Tồn,2026-06-27 - Thứ 7,31,1,0.5161,0.129,43.13,15.9991,3.999,31,3.999,11.0019,0,0,0.3549,0,Khánh Hòa,NTB,AM Công
NTB - Khánh Hòa,(KHO) Bắc Nha Trang,Hàng Tồn,2026-06-26 - Thứ 6,33,1,0.5455,0,30.61,18.0015,0,33,0,14.9985,0,0,0.4545,0,Khánh Hòa,NTB,AM Công
NTB - Khánh Hòa,(KHO) Bắc Nha Trang,Hàng Tồn,2026-06-22 - Thứ 2,34,1,0.5294,0.0588,39.61,17.9996,1.9992,34,1.9992,14.0012,0,0,0.4118,0,Khánh Hòa,NTB,AM Công
NTB - Khánh Hòa,(KHO) Bắc Nha Trang,Hàng Tồn,2026-07-04 - Thứ 7,35,1,0.6,0.0571,45.24,21,1.9985,35,1.9985,12.0015,0,0,0.3429,0,Khánh Hòa,NTB,AM Công
NTB - Khánh Hòa,(KHO) Bắc Nha Trang,Hàng Tồn,2026-06-25 - Thứ 5,36,0.9722,0.6944,0,37.68,24.9984,0,34.9992,0,11.0016,1.0008,0.0278,0.3056,0,Khánh Hòa,NTB,AM Công
NTB - Khánh Hòa,(KHO) Bắc Nha Trang,Hàng Tồn,2026-07-03 - Thứ 6,37,1,0.5405,0.0811,42.65,19.9985,3.0007,37,3.0007,14.0008,0,0,0.3784,0,Khánh Hòa,NTB,AM Công
NTB - Khánh Hòa,(KHO) Bắc Nha Trang,Hàng Tồn,2026-07-02 - Thứ 5,38,0.9737,0.4211,0.1316,37,16.0018,5.0008,37.0006,5.0008,16.9974,0.9994,0.0263,0.4473,0,Khánh Hòa,NTB,AM Công
NTB - Khánh Hòa,(KHO) Bắc Nha Trang,Hàng Tồn,2026-07-06 - Thứ 2,38,1,0.6579,0.1053,35.52,25.0002,4.0014,38,4.0014,8.9984,0,0,0.2368,0,Khánh Hòa,NTB,AM Công
NTB - Khánh Hòa,(KHO) Bắc Nha Trang,Hàng Tồn,2026-06-20 - Thứ 7,41,1,0.5122,0.0732,36.19,21.0002,3.0012,41,3.0012,16.9986,0,0,0.4146,0,Khánh Hòa,NTB,AM Công
NTB - Khánh Hòa,(KHO) Bắc Nha Trang,Hàng Tồn,2026-07-10 - Thứ 6,45,0.9556,0.3778,0.0222,35.53,17.001,0.999,43.002,0.999,27,1.998,0.0444,0.6,0,Khánh Hòa,NTB,AM Công
NTB - Khánh Hòa,(KHO) Bắc Nha Trang,Hàng Tồn,2026-07-12 - Chủ Nhật,47,0.9787,0.6809,0.0426,38.69,32.0023,2.0022,45.9989,2.0022,12.9955,1.0011,0.0213,0.2765,0,Khánh Hòa,NTB,AM Công
NTB - Khánh Hòa,(KHO) Bắc Nha Trang,Hàng Tồn,2026-07-09 - Thứ 5,49,1,0.6531,0.0408,31.44,32.0019,1.9992,49,1.9992,14.9989,0,0,0.3061,0,Khánh Hòa,NTB,AM Công
NTB - Khánh Hòa,(KHO) Bắc Nha Trang,Hàng Tồn,2026-07-11 - Thứ 7,55,1,0.7091,0.0545,44.74,39.0005,2.9975,55,2.9975,13.002,0,0,0.2364,0,Khánh Hòa,NTB,AM Công
NTB - Khánh Hòa,(KHO) Bắc Cam Ranh,Hàng Mới Ca 1,2026-06-30 - Thứ 3,12,1,0.75,0,5.78,9,0,12,0,3,0,0,0.25,12,Khánh Hòa,NTB,AM Công
NTB - Khánh Hòa,(KHO) Bắc Cam Ranh,Hàng Mới Ca 1,2026-07-06 - Thứ 2,12,1,1,0,4.92,12,0,12,0,0,0,0,0,12,Khánh Hòa,NTB,AM Công
NTB - Khánh Hòa,(KHO) Bắc Cam Ranh,Hàng Mới Ca 1,2026-07-05 - Chủ Nhật,13,1,0.8462,0.0769,7.91,11.0006,0.9997,13,0.9997,0.9997,0,0,0.0769,13,Khánh Hòa,NTB,AM Công
NTB - Khánh Hòa,(KHO) Bắc Cam Ranh,Hàng Mới Ca 1,2026-07-14 - Thứ 3,13,1,0.6154,0.0769,4.25,8.0002,0.9997,13,0.9997,4.0001,0,0,0.3077,13,Khánh Hòa,NTB,AM Công
NTB - Khánh Hòa,(KHO) Bắc Cam Ranh,Hàng Mới Ca 1,2026-07-01 - Thứ 4,14,1,0.8571,0,5.08,11.9994,0,14,0,2.0006,0,0,0.1429,14,Khánh Hòa,NTB,AM Công
NTB - Khánh Hòa,(KHO) Bắc Cam Ranh,Hàng Mới Ca 1,2026-07-07 - Thứ 3,14,1,0.5,0.0714,8,7,0.9996,14,0.9996,6.0004,0,0,0.4286,14,Khánh Hòa,NTB,AM Công
NTB - Khánh Hòa,(KHO) Bắc Cam Ranh,Hàng Mới Ca 1,2026-07-13 - Thứ 2,15,1,0.6667,0,7.3,10.0005,0,15,0,4.9995,0,0,0.3333,15,Khánh Hòa,NTB,AM Công
NTB - Khánh Hòa,(KHO) Bắc Cam Ranh,Hàng Mới Ca 1,2026-07-04 - Thứ 7,15,0.8,0.6667,0,9.2,10.0005,0,12,0,4.9995,3,0.2,0.3333,15,Khánh Hòa,NTB,AM Công
NTB - Khánh Hòa,(KHO) Bắc Cam Ranh,Hàng Mới Ca 1,2026-07-16 - Thứ 5,16,1,0.875,0.0625,6.43,14,1,16,1,1,0,0,0.0625,16,Khánh Hòa,NTB,AM Công
NTB - Khánh Hòa,(KHO) Bắc Cam Ranh,Hàng Mới Ca 1,2026-06-28 - Chủ Nhật,16,1,0.75,0,5.83,12,0,16,0,4,0,0,0.25,16,Khánh Hòa,NTB,AM Công
NTB - Khánh Hòa,(KHO) Bắc Cam Ranh,Hàng Mới Ca 1,2026-07-02 - Thứ 5,17,0.8235,0.8235,0,4.93,13.9995,0,13.9995,0,3.0005,3.0005,0.1765,0.1765,17,Khánh Hòa,NTB,AM Công
NTB - Khánh Hòa,(KHO) Bắc Cam Ranh,Hàng Mới Ca 1,2026-06-21 - Chủ Nhật,17,1,0.7059,0,7.25,12.0003,0,17,0,4.9997,0,0,0.2941,17,Khánh Hòa,NTB,AM Công
NTB - Khánh Hòa,(KHO) Bắc Cam Ranh,Hàng Mới Ca 1,2026-07-03 - Thứ 6,18,0.5556,0.5556,0,6.8,10.0008,0,10.0008,0,7.9992,7.9992,0.4444,0.4444,18,Khánh Hòa,NTB,AM Công
NTB - Khánh Hòa,(KHO) Bắc Cam Ranh,Hàng Mới Ca 1,2026-07-12 - Chủ Nhật,18,1,0.8333,0.0556,6.2,14.9994,1.0008,18,1.0008,1.9998,0,0,0.1111,18,Khánh Hòa,NTB,AM Công
NTB - Khánh Hòa,(KHO) Bắc Cam Ranh,Hàng Mới Ca 1,2026-06-23 - Thứ 3,18,1,0.9444,0,5.29,16.9992,0,18,0,1.0008,0,0,0.0556,18,Khánh Hòa,NTB,AM Công
NTB - Khánh Hòa,(KHO) Bắc Cam Ranh,Hàng Mới Ca 1,2026-07-15 - Thứ 4,19,1,0.6842,0,5.77,12.9998,0,19,0,6.0002,0,0,0.3158,19,Khánh Hòa,NTB,AM Công
NTB - Khánh Hòa,(KHO) Bắc Cam Ranh,Hàng Mới Ca 1,2026-06-24 - Thứ 4,19,0.7895,0.6316,0,6.92,12.0004,0,15.0005,0,6.9996,3.9995,0.2105,0.3684,19,Khánh Hòa,NTB,AM Công
NTB - Khánh Hòa,(KHO) Bắc Cam Ranh,Hàng Mới Ca 1,2026-06-20 - Thứ 7,19,1,0.9474,0,6.67,18.0006,0,19,0,0.9994,0,0,0.0526,19,Khánh Hòa,NTB,AM Công
NTB - Khánh Hòa,(KHO) Bắc Cam Ranh,Hàng Mới Ca 1,2026-06-25 - Thứ 5,19,1,0.7368,0.0526,5.21,13.9992,0.9994,19,0.9994,4.0014,0,0,0.2106,19,Khánh Hòa,NTB,AM Công
NTB - Khánh Hòa,(KHO) Bắc Cam Ranh,Hàng Mới Ca 1,2026-07-17 - Thứ 6,23,1,0.8261,0,6.16,19.0003,0,23,0,3.9997,0,0,0.1739,23,Khánh Hòa,NTB,AM Công
NTB - Khánh Hòa,(KHO) Bắc Cam Ranh,Hàng Mới Ca 1,2026-07-08 - Thứ 4,25,1,0.8,0,6.95,20,0,25,0,5,0,0,0.2,25,Khánh Hòa,NTB,AM Công
NTB - Khánh Hòa,(KHO) Bắc Cam Ranh,Hàng Mới Ca 1,2026-07-10 - Thứ 6,28,0.9643,0.6786,0.0357,7.42,19.0008,0.9996,27.0004,0.9996,7.9996,0.9996,0.0357,0.2857,28,Khánh Hòa,NTB,AM Công
NTB - Khánh Hòa,(KHO) Bắc Cam Ranh,Hàng Mới Ca 1,2026-06-22 - Thứ 2,28,1,0.8929,0,7.48,25.0012,0,28,0,2.9988,0,0,0.1071,28,Khánh Hòa,NTB,AM Công
NTB - Khánh Hòa,(KHO) Bắc Cam Ranh,Hàng Mới Ca 1,2026-06-26 - Thứ 6,29,1,0.931,0.0345,6.3,26.999,1.0005,29,1.0005,1.0005,0,0,0.0345,29,Khánh Hòa,NTB,AM Công
NTB - Khánh Hòa,(KHO) Bắc Cam Ranh,Hàng Mới Ca 1,2026-07-09 - Thứ 5,29,1,0.931,0,5.59,26.999,0,29,0,2.001,0,0,0.069,29,Khánh Hòa,NTB,AM Công
NTB - Khánh Hòa,(KHO) Bắc Cam Ranh,Hàng Mới Ca 1,2026-07-11 - Thứ 7,31,1,0.7419,0,9.3,22.9989,0,31,0,8.0011,0,0,0.2581,31,Khánh Hòa,NTB,AM Công
NTB - Khánh Hòa,(KHO) Bắc Cam Ranh,Hàng Mới Ca 1,2026-06-29 - Thứ 2,34,1,0.9412,0,4.63,32.0008,0,34,0,1.9992,0,0,0.0588,34,Khánh Hòa,NTB,AM Công
NTB - Khánh Hòa,(KHO) Bắc Cam Ranh,Hàng Mới Ca 1,2026-06-27 - Thứ 7,38,1,0.9474,0.0263,6,36.0012,0.9994,38,0.9994,0.9994,0,0,0.0263,38,Khánh Hòa,NTB,AM Công
NTB - Khánh Hòa,(KHO) Bắc Cam Ranh,Hàng Mới Ca 2,2026-06-29 - Thứ 2,3,0.6667,0.6667,0,1,2.0001,0,2.0001,0,0.9999,0.9999,0.3333,0.3333,3,Khánh Hòa,NTB,AM Công
NTB - Khánh Hòa,(KHO) Bắc Cam Ranh,Hàng Mới Ca 2,2026-06-28 - Chủ Nhật,5,0.8,0.6,0,2.33,3,0,4,0,2,1,0.2,0.4,5,Khánh Hòa,NTB,AM Công
NTB - Khánh Hòa,(KHO) Bắc Cam Ranh,Hàng Mới Ca 2,2026-06-30 - Thứ 3,5,0.2,0.2,0,2,1,0,1,0,4,4,0.8,0.8,5,Khánh Hòa,NTB,AM Công
NTB - Khánh Hòa,(KHO) Bắc Cam Ranh,Hàng Mới Ca 2,2026-07-02 - Thứ 5,6,0.1667,0.1667,0,2,1.0002,0,1.0002,0,4.9998,4.9998,0.8333,0.8333,6,Khánh Hòa,NTB,AM Công
NTB - Khánh Hòa,(KHO) Bắc Cam Ranh,Hàng Mới Ca 2,2026-07-14 - Thứ 3,6,0.6667,0.5,0,2.67,3,0,4.0002,0,3,1.9998,0.3333,0.5,6,Khánh Hòa,NTB,AM Công
NTB - Khánh Hòa,(KHO) Bắc Cam Ranh,Hàng Mới Ca 2,2026-06-26 - Thứ 6,6,0.6667,0.5,0,2,3,0,4.0002,0,3,1.9998,0.3333,0.5,6,Khánh Hòa,NTB,AM Công
NTB - Khánh Hòa,(KHO) Bắc Cam Ranh,Hàng Mới Ca 2,2026-07-15 - Thứ 4,7,1,1,0,3.86,7,0,7,0,0,0,0,0,7,Khánh Hòa,NTB,AM Công
NTB - Khánh Hòa,(KHO) Bắc Cam Ranh,Hàng Mới Ca 2,2026-07-07 - Thứ 3,7,1,0.8571,0,3.17,5.9997,0,7,0,1.0003,0,0,0.1429,7,Khánh Hòa,NTB,AM Công
NTB - Khánh Hòa,(KHO) Bắc Cam Ranh,Hàng Mới Ca 2,2026-06-20 - Thứ 7,8,0.5,0.5,0,3.75,4,0,4,0,4,4,0.5,0.5,8,Khánh Hòa,NTB,AM Công
NTB - Khánh Hòa,(KHO) Bắc Cam Ranh,Hàng Mới Ca 2,2026-06-24 - Thứ 4,8,0.5,0.375,0,3.33,3,0,4,0,5,4,0.5,0.625,8,Khánh Hòa,NTB,AM Công
NTB - Khánh Hòa,(KHO) Bắc Cam Ranh,Hàng Mới Ca 2,2026-07-12 - Chủ Nhật,8,0.875,0.75,0,2.67,6,0,7,0,2,1,0.125,0.25,8,Khánh Hòa,NTB,AM Công
NTB - Khánh Hòa,(KHO) Bắc Cam Ranh,Hàng Mới Ca 2,2026-07-03 - Thứ 6,8,1,1,0,2.75,8,0,8,0,0,0,0,0,8,Khánh Hòa,NTB,AM Công
NTB - Khánh Hòa,(KHO) Bắc Cam Ranh,Hàng Mới Ca 2,2026-07-17 - Thứ 6,9,1,0.6667,0,2.33,6.0003,0,9,0,2.9997,0,0,0.3333,9,Khánh Hòa,NTB,AM Công
NTB - Khánh Hòa,(KHO) Bắc Cam Ranh,Hàng Mới Ca 2,2026-06-27 - Thứ 7,9,0.8889,0.8889,0,2.38,8.0001,0,8.0001,0,0.9999,0.9999,0.1111,0.1111,9,Khánh Hòa,NTB,AM Công
NTB - Khánh Hòa,(KHO) Bắc Cam Ranh,Hàng Mới Ca 2,2026-07-01 - Thứ 4,10,0.9,0.6,0,3,6,0,9,0,4,1,0.1,0.4,10,Khánh Hòa,NTB,AM Công
NTB - Khánh Hòa,(KHO) Bắc Cam Ranh,Hàng Mới Ca 2,2026-07-16 - Thứ 5,10,1,0.8,0,3.63,8,0,10,0,2,0,0,0.2,10,Khánh Hòa,NTB,AM Công
NTB - Khánh Hòa,(KHO) Bắc Cam Ranh,Hàng Mới Ca 2,2026-06-23 - Thứ 3,10,0.9,0.9,0,3.44,9,0,9,0,1,1,0.1,0.1,10,Khánh Hòa,NTB,AM Công
NTB - Khánh Hòa,(KHO) Bắc Cam Ranh,Hàng Mới Ca 2,2026-06-22 - Thứ 2,10,0.9,0.9,0,3.22,9,0,9,0,1,1,0.1,0.1,10,Khánh Hòa,NTB,AM Công
NTB - Khánh Hòa,(KHO) Bắc Cam Ranh,Hàng Mới Ca 2,2026-06-25 - Thứ 5,11,0.8182,0.6364,0,1.86,7.0004,0,9.0002,0,3.9996,1.9998,0.1818,0.3636,11,Khánh Hòa,NTB,AM Công
NTB - Khánh Hòa,(KHO) Bắc Cam Ranh,Hàng Mới Ca 2,2026-07-13 - Thứ 2,12,0.8333,0.5,0.0833,3,6,0.9996,9.9996,0.9996,5.0004,2.0004,0.1667,0.4167,12,Khánh Hòa,NTB,AM Công
NTB - Khánh Hòa,(KHO) Bắc Cam Ranh,Hàng Mới Ca 2,2026-06-21 - Chủ Nhật,12,0.9167,0.8333,0,1.4,9.9996,0,11.0004,0,2.0004,0.9996,0.0833,0.1667,12,Khánh Hòa,NTB,AM Công
NTB - Khánh Hòa,(KHO) Bắc Cam Ranh,Hàng Mới Ca 2,2026-07-05 - Chủ Nhật,13,0.9231,0.6154,0.0769,3.88,8.0002,0.9997,12.0003,0.9997,4.0001,0.9997,0.0769,0.3077,13,Khánh Hòa,NTB,AM Công
NTB - Khánh Hòa,(KHO) Bắc Cam Ranh,Hàng Mới Ca 2,2026-07-08 - Thứ 4,14,0.9286,0.8571,0,2.67,11.9994,0,13.0004,0,2.0006,0.9996,0.0714,0.1429,14,Khánh Hòa,NTB,AM Công
NTB - Khánh Hòa,(KHO) Bắc Cam Ranh,Hàng Mới Ca 2,2026-07-09 - Thứ 5,18,0.9444,0.8333,0,3.73,14.9994,0,16.9992,0,3.0006,1.0008,0.0556,0.1667,18,Khánh Hòa,NTB,AM Công
NTB - Khánh Hòa,(KHO) Bắc Cam Ranh,Hàng Mới Ca 2,2026-07-04 - Thứ 7,19,0.3158,0.3158,0,3.67,6.0002,0,6.0002,0,12.9998,12.9998,0.6842,0.6842,19,Khánh Hòa,NTB,AM Công
NTB - Khánh Hòa,(KHO) Bắc Cam Ranh,Hàng Mới Ca 2,2026-07-11 - Thứ 7,20,0.9,0.75,0,3.47,15,0,18,0,5,2,0.1,0.25,20,Khánh Hòa,NTB,AM Công
NTB - Khánh Hòa,(KHO) Bắc Cam Ranh,Hàng Mới Ca 2,2026-07-06 - Thứ 2,24,0.9167,0.9167,0,3.91,22.0008,0,22.0008,0,1.9992,1.9992,0.0833,0.0833,24,Khánh Hòa,NTB,AM Công
NTB - Khánh Hòa,(KHO) Bắc Cam Ranh,Hàng Mới Ca 2,2026-07-10 - Thứ 6,32,0.9375,0.8125,0,3.77,26,0,30,0,6,2,0.0625,0.1875,32,Khánh Hòa,NTB,AM Công
NTB - Khánh Hòa,(KHO) Bắc Cam Ranh,Hàng Tồn,2026-06-24 - Thứ 4,4,0.5,0.25,0,82,1,0,2,0,3,2,0.5,0.75,0,Khánh Hòa,NTB,AM Công
NTB - Khánh Hòa,(KHO) Bắc Cam Ranh,Hàng Tồn,2026-06-30 - Thứ 3,5,0.8,0.2,0.4,76,1,2,4,2,2,1,0.2,0.4,0,Khánh Hòa,NTB,AM Công
NTB - Khánh Hòa,(KHO) Bắc Cam Ranh,Hàng Tồn,2026-06-28 - Chủ Nhật,5,1,0.6,0.2,42.67,3,1,5,1,1,0,0,0.2,0,Khánh Hòa,NTB,AM Công
NTB - Khánh Hòa,(KHO) Bắc Cam Ranh,Hàng Tồn,2026-07-02 - Thứ 5,6,1,0.6667,0,30.5,4.0002,0,6,0,1.9998,0,0,0.3333,0,Khánh Hòa,NTB,AM Công
NTB - Khánh Hòa,(KHO) Bắc Cam Ranh,Hàng Tồn,2026-07-07 - Thứ 3,6,1,0.5,0,40,3,0,6,0,3,0,0,0.5,0,Khánh Hòa,NTB,AM Công
NTB - Khánh Hòa,(KHO) Bắc Cam Ranh,Hàng Tồn,2026-06-29 - Thứ 2,7,1,0.8571,0,28.5,5.9997,0,7,0,1.0003,0,0,0.1429,0,Khánh Hòa,NTB,AM Công
NTB - Khánh Hòa,(KHO) Bắc Cam Ranh,Hàng Tồn,2026-06-21 - Chủ Nhật,8,1,0.75,0,47.17,6,0,8,0,2,0,0,0.25,0,Khánh Hòa,NTB,AM Công
NTB - Khánh Hòa,(KHO) Bắc Cam Ranh,Hàng Tồn,2026-07-10 - Thứ 6,8,1,0.25,0.125,24,2,1,8,1,5,0,0,0.625,0,Khánh Hòa,NTB,AM Công
NTB - Khánh Hòa,(KHO) Bắc Cam Ranh,Hàng Tồn,2026-06-23 - Thứ 3,8,1,0.625,0.125,43.8,5,1,8,1,2,0,0,0.25,0,Khánh Hòa,NTB,AM Công
NTB - Khánh Hòa,(KHO) Bắc Cam Ranh,Hàng Tồn,2026-07-15 - Thứ 4,9,1,0.5556,0,34.2,5.0004,0,9,0,3.9996,0,0,0.4444,0,Khánh Hòa,NTB,AM Công
NTB - Khánh Hòa,(KHO) Bắc Cam Ranh,Hàng Tồn,2026-07-17 - Thứ 6,9,1,0.7778,0.1111,49.43,7.0002,0.9999,9,0.9999,0.9999,0,0,0.1111,0,Khánh Hòa,NTB,AM Công
NTB - Khánh Hòa,(KHO) Bắc Cam Ranh,Hàng Tồn,2026-07-09 - Thứ 5,9,1,0.5556,0,27.4,5.0004,0,9,0,3.9996,0,0,0.4444,0,Khánh Hòa,NTB,AM Công
NTB - Khánh Hòa,(KHO) Bắc Cam Ranh,Hàng Tồn,2026-07-01 - Thứ 4,9,1,0.8889,0,26.63,8.0001,0,9,0,0.9999,0,0,0.1111,0,Khánh Hòa,NTB,AM Công
NTB - Khánh Hòa,(KHO) Bắc Cam Ranh,Hàng Tồn,2026-07-08 - Thứ 4,9,1,0.7778,0,38.14,7.0002,0,9,0,1.9998,0,0,0.2222,0,Khánh Hòa,NTB,AM Công
NTB - Khánh Hòa,(KHO) Bắc Cam Ranh,Hàng Tồn,2026-07-03 - Thứ 6,10,0.7,0.5,0,46.8,5,0,7,0,5,3,0.3,0.5,0,Khánh Hòa,NTB,AM Công
NTB - Khánh Hòa,(KHO) Bắc Cam Ranh,Hàng Tồn,2026-06-22 - Thứ 2,10,0.9,0.5,0.1,34.2,5,1,9,1,4,1,0.1,0.4,0,Khánh Hòa,NTB,AM Công
NTB - Khánh Hòa,(KHO) Bắc Cam Ranh,Hàng Tồn,2026-06-27 - Thứ 7,10,1,0.4,0.2,47.5,4,2,10,2,4,0,0,0.4,0,Khánh Hòa,NTB,AM Công
NTB - Khánh Hòa,(KHO) Bắc Cam Ranh,Hàng Tồn,2026-06-26 - Thứ 6,10,1,0.4,0,28,4,0,10,0,6,0,0,0.6,0,Khánh Hòa,NTB,AM Công
NTB - Khánh Hòa,(KHO) Bắc Cam Ranh,Hàng Tồn,2026-07-13 - Thứ 2,10,1,0.7,0,40.57,7,0,10,0,3,0,0,0.3,0,Khánh Hòa,NTB,AM Công
NTB - Khánh Hòa,(KHO) Bắc Cam Ranh,Hàng Tồn,2026-07-16 - Thứ 5,10,1,0.5,0,52,5,0,10,0,5,0,0,0.5,0,Khánh Hòa,NTB,AM Công
NTB - Khánh Hòa,(KHO) Bắc Cam Ranh,Hàng Tồn,2026-07-06 - Thứ 2,12,1,0.5833,0,48.29,6.9996,0,12,0,5.0004,0,0,0.4167,0,Khánh Hòa,NTB,AM Công
NTB - Khánh Hòa,(KHO) Bắc Cam Ranh,Hàng Tồn,2026-07-14 - Thứ 3,13,1,0.7692,0,42.7,9.9996,0,13,0,3.0004,0,0,0.2308,0,Khánh Hòa,NTB,AM Công
NTB - Khánh Hòa,(KHO) Bắc Cam Ranh,Hàng Tồn,2026-07-04 - Thứ 7,13,0.7692,0.3846,0,46.6,4.9998,0,9.9996,0,8.0002,3.0004,0.2308,0.6154,0,Khánh Hòa,NTB,AM Công
NTB - Khánh Hòa,(KHO) Bắc Cam Ranh,Hàng Tồn,2026-06-25 - Thứ 5,15,1,0.8667,0,31.15,13.0005,0,15,0,1.9995,0,0,0.1333,0,Khánh Hòa,NTB,AM Công
NTB - Khánh Hòa,(KHO) Bắc Cam Ranh,Hàng Tồn,2026-06-20 - Thứ 7,16,1,0.625,0,50.1,10,0,16,0,6,0,0,0.375,0,Khánh Hòa,NTB,AM Công
NTB - Khánh Hòa,(KHO) Bắc Cam Ranh,Hàng Tồn,2026-07-11 - Thứ 7,17,1,0.6471,0,31.27,11.0007,0,17,0,5.9993,0,0,0.3529,0,Khánh Hòa,NTB,AM Công
NTB - Khánh Hòa,(KHO) Bắc Cam Ranh,Hàng Tồn,2026-07-12 - Chủ Nhật,18,1,0.6111,0.0556,41.18,10.9998,1.0008,18,1.0008,5.9994,0,0,0.3333,0,Khánh Hòa,NTB,AM Công
NTB - Khánh Hòa,(KHO) Bắc Cam Ranh,Hàng Tồn,2026-07-05 - Chủ Nhật,27,1,0.7407,0,38.6,19.9989,0,27,0,7.0011,0,0,0.2593,0,Khánh Hòa,NTB,AM Công
NTB - Bình Thuận,(BTH) Đức Linh,Hàng Mới Ca 1,2026-07-15 - Thứ 4,65,1,0.9231,0,4.98,60.0015,0,65,0,4.9985,0,0,0.0769,65,Bình Thuận,NTB,AM Khánh
NTB - Bình Thuận,(BTH) Đức Linh,Hàng Mới Ca 1,2026-07-03 - Thứ 6,67,1,0.791,0.0149,5.38,52.997,0.9983,67,0.9983,13.0047,0,0,0.1941,67,Bình Thuận,NTB,AM Khánh
NTB - Bình Thuận,(BTH) Đức Linh,Hàng Mới Ca 1,2026-07-05 - Chủ Nhật,67,1,0.8657,0.0299,4.98,58.0019,2.0033,67,2.0033,6.9948,0,0,0.1044,67,Bình Thuận,NTB,AM Khánh
NTB - Bình Thuận,(BTH) Đức Linh,Hàng Mới Ca 1,2026-06-24 - Thứ 4,61,0.9672,0.9016,0.0328,3.69,54.9976,2.0008,58.9992,2.0008,4.0016,2.0008,0.0328,0.0656,61,Bình Thuận,NTB,AM Khánh
NTB - Bình Thuận,(BTH) Đức Linh,Hàng Mới Ca 1,2026-07-17 - Thứ 6,68,1,0.9118,0,3.65,62.0024,0,68,0,5.9976,0,0,0.0882,68,Bình Thuận,NTB,AM Khánh
NTB - Bình Thuận,(BTH) Đức Linh,Hàng Mới Ca 1,2026-07-14 - Thứ 3,65,1,0.9077,0.0308,4.14,59.0005,2.002,65,2.002,3.9975,0,0,0.0615,65,Bình Thuận,NTB,AM Khánh
NTB - Bình Thuận,(BTH) Đức Linh,Hàng Mới Ca 1,2026-06-28 - Chủ Nhật,66,1,0.9091,0.0455,3.62,60.0006,3.003,66,3.003,2.9964,0,0,0.0454,66,Bình Thuận,NTB,AM Khánh
NTB - Bình Thuận,(BTH) Đức Linh,Hàng Mới Ca 1,2026-07-12 - Chủ Nhật,67,1,0.9254,0,4.74,62.0018,0,67,0,4.9982,0,0,0.0746,67,Bình Thuận,NTB,AM Khánh
NTB - Bình Thuận,(BTH) Đức Linh,Hàng Mới Ca 1,2026-07-02 - Thứ 5,56,1,0.9286,0.0357,4.77,52.0016,1.9992,56,1.9992,1.9992,0,0,0.0357,56,Bình Thuận,NTB,AM Khánh
NTB - Bình Thuận,(BTH) Đức Linh,Hàng Mới Ca 1,2026-07-04 - Thứ 7,76,1,0.9342,0.0132,3.82,70.9992,1.0032,76,1.0032,3.9976,0,0,0.0526,76,Bình Thuận,NTB,AM Khánh
NTB - Bình Thuận,(BTH) Đức Linh,Hàng Mới Ca 1,2026-07-10 - Thứ 6,150,1,0.9467,0.0067,9.63,142.005,1.005,150,1.005,6.99,0,0,0.0466,150,Bình Thuận,NTB,AM Khánh
NTB - Bình Thuận,(BTH) Đức Linh,Hàng Mới Ca 1,2026-07-08 - Thứ 4,72,1,0.9722,0,4.24,69.9984,0,72,0,2.0016,0,0,0.0278,72,Bình Thuận,NTB,AM Khánh
NTB - Bình Thuận,(BTH) Đức Linh,Hàng Mới Ca 1,2026-06-20 - Thứ 7,63,1,0.873,0.0317,4.71,54.999,1.9971,63,1.9971,6.0039,0,0,0.0953,63,Bình Thuận,NTB,AM Khánh
NTB - Bình Thuận,(BTH) Đức Linh,Hàng Mới Ca 1,2026-06-27 - Thứ 7,69,1,0.971,0,2.76,66.999,0,69,0,2.001,0,0,0.029,69,Bình Thuận,NTB,AM Khánh
NTB - Bình Thuận,(BTH) Đức Linh,Hàng Mới Ca 1,2026-06-29 - Thứ 2,72,0.9722,0.8333,0.0139,4.47,59.9976,1.0008,69.9984,1.0008,11.0016,2.0016,0.0278,0.1528,72,Bình Thuận,NTB,AM Khánh
NTB - Bình Thuận,(BTH) Đức Linh,Hàng Mới Ca 1,2026-06-26 - Thứ 6,95,1,0.9474,0.0421,9.83,90.003,3.9995,95,3.9995,0.9975,0,0,0.0105,95,Bình Thuận,NTB,AM Khánh
NTB - Bình Thuận,(BTH) Đức Linh,Hàng Mới Ca 1,2026-07-09 - Thứ 5,147,1,0.9456,0.0204,9.87,139.0032,2.9988,147,2.9988,4.998,0,0,0.034,147,Bình Thuận,NTB,AM Khánh
NTB - Bình Thuận,(BTH) Đức Linh,Hàng Mới Ca 1,2026-07-13 - Thứ 2,64,1,0.875,0.0156,3.45,56,0.9984,64,0.9984,7.0016,0,0,0.1094,64,Bình Thuận,NTB,AM Khánh
NTB - Bình Thuận,(BTH) Đức Linh,Hàng Mới Ca 1,2026-06-22 - Thứ 2,60,1,0.95,0,3.54,57,0,60,0,3,0,0,0.05,60,Bình Thuận,NTB,AM Khánh
NTB - Bình Thuận,(BTH) Đức Linh,Hàng Mới Ca 1,2026-07-07 - Thứ 3,40,1,0.95,0.025,4.47,38,1,40,1,1,0,0,0.025,40,Bình Thuận,NTB,AM Khánh
NTB - Bình Thuận,(BTH) Đức Linh,Hàng Mới Ca 1,2026-07-06 - Thứ 2,41,1,0.878,0,4.47,35.998,0,41,0,5.002,0,0,0.122,41,Bình Thuận,NTB,AM Khánh
NTB - Bình Thuận,(BTH) Đức Linh,Hàng Mới Ca 1,2026-07-11 - Thứ 7,43,1,0.9535,0,4,41.0005,0,43,0,1.9995,0,0,0.0465,43,Bình Thuận,NTB,AM Khánh
NTB - Bình Thuận,(BTH) Đức Linh,Hàng Mới Ca 1,2026-06-25 - Thứ 5,46,1,0.913,0,4.76,41.998,0,46,0,4.002,0,0,0.087,46,Bình Thuận,NTB,AM Khánh
NTB - Bình Thuận,(BTH) Đức Linh,Hàng Mới Ca 1,2026-06-21 - Chủ Nhật,51,1,0.9216,0.0196,4.15,47.0016,0.9996,51,0.9996,2.9988,0,0,0.0588,51,Bình Thuận,NTB,AM Khánh
NTB - Bình Thuận,(BTH) Đức Linh,Hàng Mới Ca 1,2026-06-23 - Thứ 3,51,1,0.9608,0,3.55,49.0008,0,51,0,1.9992,0,0,0.0392,51,Bình Thuận,NTB,AM Khánh
NTB - Bình Thuận,(BTH) Đức Linh,Hàng Mới Ca 1,2026-06-30 - Thứ 3,53,1,0.8679,0,5.48,45.9987,0,53,0,7.0013,0,0,0.1321,53,Bình Thuận,NTB,AM Khánh
NTB - Bình Thuận,(BTH) Đức Linh,Hàng Mới Ca 1,2026-07-01 - Thứ 4,57,1,0.9123,0.0175,3.65,52.0011,0.9975,57,0.9975,4.0014,0,0,0.0702,57,Bình Thuận,NTB,AM Khánh
NTB - Bình Thuận,(BTH) Đức Linh,Hàng Mới Ca 1,2026-07-16 - Thứ 5,57,1,0.9298,0.0526,3.6,52.9986,2.9982,57,2.9982,1.0032,0,0,0.0176,57,Bình Thuận,NTB,AM Khánh
NTB - Bình Thuận,(BTH) Đức Linh,Hàng Mới Ca 2,2026-07-15 - Thứ 4,56,0.4464,0.3929,0,1.77,22.0024,0,24.9984,0,33.9976,31.0016,0.5536,0.6071,56,Bình Thuận,NTB,AM Khánh
NTB - Bình Thuận,(BTH) Đức Linh,Hàng Mới Ca 2,2026-07-03 - Thứ 6,52,0.5577,0.5192,0,2.33,26.9984,0,29.0004,0,25.0016,22.9996,0.4423,0.4808,52,Bình Thuận,NTB,AM Khánh
NTB - Bình Thuận,(BTH) Đức Linh,Hàng Mới Ca 2,2026-06-26 - Thứ 6,59,0.7288,0.661,0.0339,3,38.999,2.0001,42.9992,2.0001,18.0009,16.0008,0.2712,0.3051,59,Bình Thuận,NTB,AM Khánh
NTB - Bình Thuận,(BTH) Đức Linh,Hàng Mới Ca 2,2026-07-11 - Thứ 7,63,0.5238,0.5238,0,1.97,32.9994,0,32.9994,0,30.0006,30.0006,0.4762,0.4762,63,Bình Thuận,NTB,AM Khánh
NTB - Bình Thuận,(BTH) Đức Linh,Hàng Mới Ca 2,2026-06-28 - Chủ Nhật,66,0.5758,0.4545,0,2.1,29.997,0,38.0028,0,36.003,27.9972,0.4242,0.5455,66,Bình Thuận,NTB,AM Khánh
NTB - Bình Thuận,(BTH) Đức Linh,Hàng Mới Ca 2,2026-07-12 - Chủ Nhật,71,0.4507,0.4225,0.0141,1.9,29.9975,1.0011,31.9997,1.0011,40.0014,39.0003,0.5493,0.5634,71,Bình Thuận,NTB,AM Khánh
NTB - Bình Thuận,(BTH) Đức Linh,Hàng Mới Ca 2,2026-06-25 - Thứ 5,68,0.4265,0.3971,0.0147,2.81,27.0028,0.9996,29.002,0.9996,39.9976,38.998,0.5735,0.5882,68,Bình Thuận,NTB,AM Khánh
NTB - Bình Thuận,(BTH) Đức Linh,Hàng Mới Ca 2,2026-06-23 - Thứ 3,69,0.5072,0.4928,0,2.06,34.0032,0,34.9968,0,34.9968,34.0032,0.4928,0.5072,69,Bình Thuận,NTB,AM Khánh
NTB - Bình Thuận,(BTH) Đức Linh,Hàng Mới Ca 2,2026-07-10 - Thứ 6,68,0.5882,0.5441,0,2.95,36.9988,0,39.9976,0,31.0012,28.0024,0.4118,0.4559,68,Bình Thuận,NTB,AM Khánh
NTB - Bình Thuận,(BTH) Đức Linh,Hàng Mới Ca 2,2026-07-08 - Thứ 4,73,0.6849,0.5342,0,2.87,38.9966,0,49.9977,0,34.0034,23.0023,0.3151,0.4658,73,Bình Thuận,NTB,AM Khánh
NTB - Bình Thuận,(BTH) Đức Linh,Hàng Mới Ca 2,2026-07-09 - Thứ 5,76,0.6184,0.5921,0,2.4,44.9996,0,46.9984,0,31.0004,29.0016,0.3816,0.4079,76,Bình Thuận,NTB,AM Khánh
NTB - Bình Thuận,(BTH) Đức Linh,Hàng Mới Ca 2,2026-06-29 - Thứ 2,24,0.625,0.625,0,1.8,15,0,15,0,9,9,0.375,0.375,24,Bình Thuận,NTB,AM Khánh
NTB - Bình Thuận,(BTH) Đức Linh,Hàng Mới Ca 2,2026-06-21 - Chủ Nhật,25,0.52,0.52,0,1.77,13,0,13,0,12,12,0.48,0.48,25,Bình Thuận,NTB,AM Khánh
NTB - Bình Thuận,(BTH) Đức Linh,Hàng Mới Ca 2,2026-07-13 - Thứ 2,27,0.4074,0.3333,0,2,8.9991,0,10.9998,0,18.0009,16.0002,0.5926,0.6667,27,Bình Thuận,NTB,AM Khánh
NTB - Bình Thuận,(BTH) Đức Linh,Hàng Mới Ca 2,2026-06-24 - Thứ 4,30,0.4333,0.4,0,0.67,12,0,12.999,0,18,17.001,0.5667,0.6,30,Bình Thuận,NTB,AM Khánh
NTB - Bình Thuận,(BTH) Đức Linh,Hàng Mới Ca 2,2026-07-06 - Thứ 2,31,0.3871,0.3871,0,1.42,12.0001,0,12.0001,0,18.9999,18.9999,0.6129,0.6129,31,Bình Thuận,NTB,AM Khánh
NTB - Bình Thuận,(BTH) Đức Linh,Hàng Mới Ca 2,2026-07-07 - Thứ 3,33,0.6364,0.6061,0,2.75,20.0013,0,21.0012,0,12.9987,11.9988,0.3636,0.3939,33,Bình Thuận,NTB,AM Khánh
NTB - Bình Thuận,(BTH) Đức Linh,Hàng Mới Ca 2,2026-07-04 - Thứ 7,33,0.697,0.6061,0.0303,2.45,20.0013,0.9999,23.001,0.9999,11.9988,9.999,0.303,0.3636,33,Bình Thuận,NTB,AM Khánh
NTB - Bình Thuận,(BTH) Đức Linh,Hàng Mới Ca 2,2026-07-14 - Thứ 3,34,0.7353,0.6176,0.0294,2.76,20.9984,0.9996,25.0002,0.9996,12.002,8.9998,0.2647,0.353,34,Bình Thuận,NTB,AM Khánh
NTB - Bình Thuận,(BTH) Đức Linh,Hàng Mới Ca 2,2026-07-01 - Thứ 4,41,0.5854,0.561,0,2,23.001,0,24.0014,0,17.999,16.9986,0.4146,0.439,41,Bình Thuận,NTB,AM Khánh
NTB - Bình Thuận,(BTH) Đức Linh,Hàng Mới Ca 2,2026-07-02 - Thứ 5,42,0.619,0.5714,0,2.33,23.9988,0,25.998,0,18.0012,16.002,0.381,0.4286,42,Bình Thuận,NTB,AM Khánh
NTB - Bình Thuận,(BTH) Đức Linh,Hàng Mới Ca 2,2026-07-05 - Chủ Nhật,46,0.5652,0.4783,0.0217,2,22.0018,0.9982,25.9992,0.9982,23,20.0008,0.4348,0.5,46,Bình Thuận,NTB,AM Khánh
NTB - Bình Thuận,(BTH) Đức Linh,Hàng Mới Ca 2,2026-06-22 - Thứ 2,48,0.5208,0.4792,0,2.48,23.0016,0,24.9984,0,24.9984,23.0016,0.4792,0.5208,48,Bình Thuận,NTB,AM Khánh
NTB - Bình Thuận,(BTH) Đức Linh,Hàng Mới Ca 2,2026-06-20 - Thứ 7,48,0.6875,0.6458,0,2.1,30.9984,0,33,0,17.0016,15,0.3125,0.3542,48,Bình Thuận,NTB,AM Khánh
NTB - Bình Thuận,(BTH) Đức Linh,Hàng Mới Ca 2,2026-07-16 - Thứ 5,54,0.6111,0.5741,0,2,31.0014,0,32.9994,0,22.9986,21.0006,0.3889,0.4259,54,Bình Thuận,NTB,AM Khánh
NTB - Bình Thuận,(BTH) Đức Linh,Hàng Mới Ca 2,2026-07-17 - Thứ 6,57,0.6667,0.6667,0,2.11,38.0019,0,38.0019,0,18.9981,18.9981,0.3333,0.3333,57,Bình Thuận,NTB,AM Khánh
NTB - Bình Thuận,(BTH) Đức Linh,Hàng Mới Ca 2,2026-06-30 - Thứ 3,57,0.5614,0.4737,0,1.41,27.0009,0,31.9998,0,29.9991,25.0002,0.4386,0.5263,57,Bình Thuận,NTB,AM Khánh
NTB - Bình Thuận,(BTH) Đức Linh,Hàng Mới Ca 2,2026-06-27 - Thứ 7,57,0.614,0.5614,0.0175,2.22,31.9998,0.9975,34.998,0.9975,24.0027,22.002,0.386,0.4211,57,Bình Thuận,NTB,AM Khánh
NTB - Bình Thuận,(BTH) Đức Linh,Hàng Tồn,2026-06-22 - Thứ 2,20,1,0.7,0.05,26.64,14,1,20,1,5,0,0,0.25,0,Bình Thuận,NTB,AM Khánh
NTB - Bình Thuận,(BTH) Đức Linh,Hàng Tồn,2026-07-08 - Thứ 4,21,0.9524,0.619,0.0952,36,12.999,1.9992,20.0004,1.9992,6.0018,0.9996,0.0476,0.2858,0,Bình Thuận,NTB,AM Khánh
NTB - Bình Thuận,(BTH) Đức Linh,Hàng Tồn,2026-06-25 - Thứ 5,23,1,0.8261,0,23.79,19.0003,0,23,0,3.9997,0,0,0.1739,0,Bình Thuận,NTB,AM Khánh
NTB - Bình Thuận,(BTH) Đức Linh,Hàng Tồn,2026-06-27 - Thứ 7,23,1,0.7826,0.0435,26.06,17.9998,1.0005,23,1.0005,3.9997,0,0,0.1739,0,Bình Thuận,NTB,AM Khánh
NTB - Bình Thuận,(BTH) Đức Linh,Hàng Tồn,2026-07-15 - Thứ 4,26,1,0.7308,0.0769,31.68,19.0008,1.9994,26,1.9994,4.9998,0,0,0.1923,0,Bình Thuận,NTB,AM Khánh
NTB - Bình Thuận,(BTH) Đức Linh,Hàng Tồn,2026-07-03 - Thứ 6,26,0.9615,0.6923,0,29.67,17.9998,0,24.999,0,8.0002,1.001,0.0385,0.3077,0,Bình Thuận,NTB,AM Khánh
NTB - Bình Thuận,(BTH) Đức Linh,Hàng Tồn,2026-06-30 - Thứ 3,26,1,0.5,0.1154,28.54,13,3.0004,26,3.0004,9.9996,0,0,0.3846,0,Bình Thuận,NTB,AM Khánh
NTB - Bình Thuận,(BTH) Đức Linh,Hàng Tồn,2026-07-05 - Chủ Nhật,28,1,0.4643,0.0357,34.46,13.0004,0.9996,28,0.9996,14,0,0,0.5,0,Bình Thuận,NTB,AM Khánh
NTB - Bình Thuận,(BTH) Đức Linh,Hàng Tồn,2026-06-21 - Chủ Nhật,29,1,0.7241,0.069,29.29,20.9989,2.001,29,2.001,6.0001,0,0,0.2069,0,Bình Thuận,NTB,AM Khánh
NTB - Bình Thuận,(BTH) Đức Linh,Hàng Tồn,2026-06-28 - Chủ Nhật,29,1,0.8621,0.069,25.16,25.0009,2.001,29,2.001,1.9981,0,0,0.0689,0,Bình Thuận,NTB,AM Khánh
NTB - Bình Thuận,(BTH) Đức Linh,Hàng Tồn,2026-07-17 - Thứ 6,30,1,0.9,0.0333,30.3,27,0.999,30,0.999,2.001,0,0,0.0667,0,Bình Thuận,NTB,AM Khánh
NTB - Bình Thuận,(BTH) Đức Linh,Hàng Tồn,2026-07-02 - Thứ 5,31,1,0.7419,0.0323,30.87,22.9989,1.0013,31,1.0013,6.9998,0,0,0.2258,0,Bình Thuận,NTB,AM Khánh
NTB - Bình Thuận,(BTH) Đức Linh,Hàng Tồn,2026-06-23 - Thứ 3,32,1,0.875,0.0313,27.75,28,1.0016,32,1.0016,2.9984,0,0,0.0937,0,Bình Thuận,NTB,AM Khánh
NTB - Bình Thuận,(BTH) Đức Linh,Hàng Tồn,2026-07-14 - Thứ 3,33,1,0.6061,0.0303,29.5,20.0013,0.9999,33,0.9999,11.9988,0,0,0.3636,0,Bình Thuận,NTB,AM Khánh
NTB - Bình Thuận,(BTH) Đức Linh,Hàng Tồn,2026-07-07 - Thứ 3,35,1,0.7143,0,31.36,25.0005,0,35,0,9.9995,0,0,0.2857,0,Bình Thuận,NTB,AM Khánh
NTB - Bình Thuận,(BTH) Đức Linh,Hàng Tồn,2026-07-12 - Chủ Nhật,36,1,0.8056,0.0833,25.45,29.0016,2.9988,36,2.9988,3.9996,0,0,0.1111,0,Bình Thuận,NTB,AM Khánh
NTB - Bình Thuận,(BTH) Đức Linh,Hàng Tồn,2026-06-24 - Thứ 4,39,1,0.8462,0.1282,21.67,33.0018,4.9998,39,4.9998,0.9984,0,0,0.0256,0,Bình Thuận,NTB,AM Khánh
NTB - Bình Thuận,(BTH) Đức Linh,Hàng Tồn,2026-06-29 - Thứ 2,40,1,0.8,0.025,23.25,32,1,40,1,7,0,0,0.175,0,Bình Thuận,NTB,AM Khánh
NTB - Bình Thuận,(BTH) Đức Linh,Hàng Tồn,2026-07-09 - Thứ 5,41,1,0.8537,0,27.37,35.0017,0,41,0,5.9983,0,0,0.1463,0,Bình Thuận,NTB,AM Khánh
NTB - Bình Thuận,(BTH) Đức Linh,Hàng Tồn,2026-07-10 - Thứ 6,41,1,0.7317,0,23.5,29.9997,0,41,0,11.0003,0,0,0.2683,0,Bình Thuận,NTB,AM Khánh
NTB - Bình Thuận,(BTH) Đức Linh,Hàng Tồn,2026-07-04 - Thứ 7,43,1,0.6744,0.0233,28.28,28.9992,1.0019,43,1.0019,12.9989,0,0,0.3023,0,Bình Thuận,NTB,AM Khánh
NTB - Bình Thuận,(BTH) Đức Linh,Hàng Tồn,2026-07-01 - Thứ 4,44,1,0.7273,0.0455,28.59,32.0012,2.002,44,2.002,9.9968,0,0,0.2272,0,Bình Thuận,NTB,AM Khánh
NTB - Bình Thuận,(BTH) Đức Linh,Hàng Tồn,2026-07-06 - Thứ 2,44,0.9545,0.6364,0.0227,29.68,28.0016,0.9988,41.998,0.9988,14.9996,2.002,0.0455,0.3409,0,Bình Thuận,NTB,AM Khánh
NTB - Bình Thuận,(BTH) Đức Linh,Hàng Tồn,2026-06-20 - Thứ 7,44,1,0.8864,0,26.77,39.0016,0,44,0,4.9984,0,0,0.1136,0,Bình Thuận,NTB,AM Khánh
NTB - Bình Thuận,(BTH) Đức Linh,Hàng Tồn,2026-07-16 - Thứ 5,45,0.9778,0.8,0.0444,26.31,36,1.998,44.001,1.998,7.002,0.999,0.0222,0.1556,0,Bình Thuận,NTB,AM Khánh
NTB - Bình Thuận,(BTH) Đức Linh,Hàng Tồn,2026-07-11 - Thứ 7,47,1,0.766,0.0638,30.56,36.002,2.9986,47,2.9986,7.9994,0,0,0.1702,0,Bình Thuận,NTB,AM Khánh
NTB - Bình Thuận,(BTH) Đức Linh,Hàng Tồn,2026-06-26 - Thứ 6,48,0.9583,0.875,0.0208,23.76,42,0.9984,45.9984,0.9984,5.0016,2.0016,0.0417,0.1042,0,Bình Thuận,NTB,AM Khánh
NTB - Bình Thuận,(BTH) Đức Linh,Hàng Tồn,2026-07-13 - Thứ 2,50,0.98,0.82,0.02,25.44,41,1,49,1,8,1,0.02,0.16,0,Bình Thuận,NTB,AM Khánh
NTB - Bình Thuận,(BTH) Đồng Kho,Hàng Mới Ca 1,2026-06-26 - Thứ 6,63,0.9365,0.7619,0.0159,10,47.9997,1.0017,58.9995,1.0017,13.9986,4.0005,0.0635,0.2222,63,Bình Thuận,NTB,AM Khánh
NTB - Bình Thuận,(BTH) Đồng Kho,Hàng Mới Ca 1,2026-07-11 - Thứ 7,64,1,0.8281,0,6.02,52.9984,0,64,0,11.0016,0,0,0.1719,64,Bình Thuận,NTB,AM Khánh
NTB - Bình Thuận,(BTH) Đồng Kho,Hàng Mới Ca 1,2026-07-09 - Thứ 5,73,1,0.8767,0,8.84,63.9991,0,73,0,9.0009,0,0,0.1233,73,Bình Thuận,NTB,AM Khánh
NTB - Bình Thuận,(BTH) Đồng Kho,Hàng Mới Ca 1,2026-07-10 - Thứ 6,81,1,0.8642,0.0247,9.41,70.0002,2.0007,81,2.0007,8.9991,0,0,0.1111,81,Bình Thuận,NTB,AM Khánh
NTB - Bình Thuận,(BTH) Đồng Kho,Hàng Mới Ca 1,2026-06-28 - Chủ Nhật,56,1,0.7857,0.0357,5.36,43.9992,1.9992,56,1.9992,10.0016,0,0,0.1786,56,Bình Thuận,NTB,AM Khánh
NTB - Bình Thuận,(BTH) Đồng Kho,Hàng Mới Ca 1,2026-07-08 - Thứ 4,67,1,0.9104,0,4.41,60.9968,0,67,0,6.0032,0,0,0.0896,67,Bình Thuận,NTB,AM Khánh
NTB - Bình Thuận,(BTH) Đồng Kho,Hàng Mới Ca 1,2026-06-25 - Thứ 5,28,1,0.8929,0,5.08,25.0012,0,28,0,2.9988,0,0,0.1071,28,Bình Thuận,NTB,AM Khánh
NTB - Bình Thuận,(BTH) Đồng Kho,Hàng Mới Ca 1,2026-07-07 - Thứ 3,29,1,0.8966,0,4.38,26.0014,0,29,0,2.9986,0,0,0.1034,29,Bình Thuận,NTB,AM Khánh
NTB - Bình Thuận,(BTH) Đồng Kho,Hàng Mới Ca 1,2026-07-02 - Thứ 5,30,1,0.8,0.0333,5.04,24,0.999,30,0.999,5.001,0,0,0.1667,30,Bình Thuận,NTB,AM Khánh
NTB - Bình Thuận,(BTH) Đồng Kho,Hàng Mới Ca 1,2026-07-06 - Thứ 2,32,1,0.9688,0,3.61,31.0016,0,32,0,0.9984,0,0,0.0312,32,Bình Thuận,NTB,AM Khánh
NTB - Bình Thuận,(BTH) Đồng Kho,Hàng Mới Ca 1,2026-06-20 - Thứ 7,36,1,0.8611,0,4.71,30.9996,0,36,0,5.0004,0,0,0.1389,36,Bình Thuận,NTB,AM Khánh
NTB - Bình Thuận,(BTH) Đồng Kho,Hàng Mới Ca 1,2026-06-30 - Thứ 3,36,1,0.8611,0,4.73,30.9996,0,36,0,5.0004,0,0,0.1389,36,Bình Thuận,NTB,AM Khánh
NTB - Bình Thuận,(BTH) Đồng Kho,Hàng Mới Ca 1,2026-07-05 - Chủ Nhật,37,1,0.9189,0.027,2.97,33.9993,0.999,37,0.999,2.0017,0,0,0.0541,37,Bình Thuận,NTB,AM Khánh
NTB - Bình Thuận,(BTH) Đồng Kho,Hàng Mới Ca 1,2026-06-21 - Chủ Nhật,38,1,0.7895,0.0263,4.93,30.001,0.9994,38,0.9994,6.9996,0,0,0.1842,38,Bình Thuận,NTB,AM Khánh
NTB - Bình Thuận,(BTH) Đồng Kho,Hàng Mới Ca 1,2026-07-13 - Thứ 2,41,1,0.9024,0,4.65,36.9984,0,41,0,4.0016,0,0,0.0976,41,Bình Thuận,NTB,AM Khánh
NTB - Bình Thuận,(BTH) Đồng Kho,Hàng Mới Ca 1,2026-06-23 - Thứ 3,42,1,0.9524,0,5.05,40.0008,0,42,0,1.9992,0,0,0.0476,42,Bình Thuận,NTB,AM Khánh
NTB - Bình Thuận,(BTH) Đồng Kho,Hàng Mới Ca 1,2026-06-24 - Thứ 4,43,1,0.8605,0.0233,5.78,37.0015,1.0019,43,1.0019,4.9966,0,0,0.1162,43,Bình Thuận,NTB,AM Khánh
NTB - Bình Thuận,(BTH) Đồng Kho,Hàng Mới Ca 1,2026-07-16 - Thứ 5,43,1,0.8837,0,5.74,37.9991,0,43,0,5.0009,0,0,0.1163,43,Bình Thuận,NTB,AM Khánh
NTB - Bình Thuận,(BTH) Đồng Kho,Hàng Mới Ca 1,2026-07-14 - Thứ 3,46,1,0.7826,0.0217,5.72,35.9996,0.9982,46,0.9982,9.0022,0,0,0.1957,46,Bình Thuận,NTB,AM Khánh
NTB - Bình Thuận,(BTH) Đồng Kho,Hàng Mới Ca 1,2026-06-29 - Thứ 2,47,1,0.766,0,4.58,36.002,0,47,0,10.998,0,0,0.234,47,Bình Thuận,NTB,AM Khánh
NTB - Bình Thuận,(BTH) Đồng Kho,Hàng Mới Ca 1,2026-07-03 - Thứ 6,48,1,0.9375,0.0208,5.2,45,0.9984,48,0.9984,2.0016,0,0,0.0417,48,Bình Thuận,NTB,AM Khánh
NTB - Bình Thuận,(BTH) Đồng Kho,Hàng Mới Ca 1,2026-07-17 - Thứ 6,48,1,0.8958,0,5.6,42.9984,0,48,0,5.0016,0,0,0.1042,48,Bình Thuận,NTB,AM Khánh
NTB - Bình Thuận,(BTH) Đồng Kho,Hàng Mới Ca 1,2026-06-22 - Thứ 2,48,1,0.9583,0,5.41,45.9984,0,48,0,2.0016,0,0,0.0417,48,Bình Thuận,NTB,AM Khánh
NTB - Bình Thuận,(BTH) Đồng Kho,Hàng Mới Ca 1,2026-07-01 - Thứ 4,49,1,0.8571,0,5.66,41.9979,0,49,0,7.0021,0,0,0.1429,49,Bình Thuận,NTB,AM Khánh
NTB - Bình Thuận,(BTH) Đồng Kho,Hàng Mới Ca 1,2026-07-04 - Thứ 7,49,1,0.8776,0,4.56,43.0024,0,49,0,5.9976,0,0,0.1224,49,Bình Thuận,NTB,AM Khánh
NTB - Bình Thuận,(BTH) Đồng Kho,Hàng Mới Ca 1,2026-06-27 - Thứ 7,49,1,0.8571,0,5.71,41.9979,0,49,0,7.0021,0,0,0.1429,49,Bình Thuận,NTB,AM Khánh
NTB - Bình Thuận,(BTH) Đồng Kho,Hàng Mới Ca 1,2026-07-12 - Chủ Nhật,53,1,0.9057,0.0189,9.29,48.0021,1.0017,53,1.0017,3.9962,0,0,0.0754,53,Bình Thuận,NTB,AM Khánh
NTB - Bình Thuận,(BTH) Đồng Kho,Hàng Mới Ca 1,2026-07-15 - Thứ 4,57,1,0.7368,0,5.52,41.9976,0,57,0,15.0024,0,0,0.2632,57,Bình Thuận,NTB,AM Khánh
NTB - Bình Thuận,(BTH) Đồng Kho,Hàng Mới Ca 2,2026-06-26 - Thứ 6,66,0.5,0.4697,0,4,31.0002,0,33,0,34.9998,33,0.5,0.5303,66,Bình Thuận,NTB,AM Khánh
NTB - Bình Thuận,(BTH) Đồng Kho,Hàng Mới Ca 2,2026-07-09 - Thứ 5,59,0.4407,0.4068,0,2.33,24.0012,0,26.0013,0,34.9988,32.9987,0.5593,0.5932,59,Bình Thuận,NTB,AM Khánh
NTB - Bình Thuận,(BTH) Đồng Kho,Hàng Mới Ca 2,2026-06-23 - Thứ 3,58,0.4483,0.431,0,3,24.998,0,26.0014,0,33.002,31.9986,0.5517,0.569,58,Bình Thuận,NTB,AM Khánh
NTB - Bình Thuận,(BTH) Đồng Kho,Hàng Mới Ca 2,2026-06-25 - Thứ 5,64,0.3906,0.375,0,2.58,24,0,24.9984,0,40,39.0016,0.6094,0.625,64,Bình Thuận,NTB,AM Khánh
NTB - Bình Thuận,(BTH) Đồng Kho,Hàng Mới Ca 2,2026-07-07 - Thứ 3,16,0.4375,0.375,0,2.33,6,0,7,0,10,9,0.5625,0.625,16,Bình Thuận,NTB,AM Khánh
NTB - Bình Thuận,(BTH) Đồng Kho,Hàng Mới Ca 2,2026-06-22 - Thứ 2,19,0.4737,0.3158,0,3,6.0002,0,9.0003,0,12.9998,9.9997,0.5263,0.6842,19,Bình Thuận,NTB,AM Khánh
NTB - Bình Thuận,(BTH) Đồng Kho,Hàng Mới Ca 2,2026-07-01 - Thứ 4,20,0.35,0.25,0,3.4,5,0,7,0,15,13,0.65,0.75,20,Bình Thuận,NTB,AM Khánh
NTB - Bình Thuận,(BTH) Đồng Kho,Hàng Mới Ca 2,2026-06-24 - Thứ 4,21,0.619,0.5238,0,2.09,10.9998,0,12.999,0,10.0002,8.001,0.381,0.4762,21,Bình Thuận,NTB,AM Khánh
NTB - Bình Thuận,(BTH) Đồng Kho,Hàng Mới Ca 2,2026-07-13 - Thứ 2,21,0.4286,0.4286,0,2.33,9.0006,0,9.0006,0,11.9994,11.9994,0.5714,0.5714,21,Bình Thuận,NTB,AM Khánh
NTB - Bình Thuận,(BTH) Đồng Kho,Hàng Mới Ca 2,2026-07-04 - Thứ 7,21,0.4762,0.4286,0,1.89,9.0006,0,10.0002,0,11.9994,10.9998,0.5238,0.5714,21,Bình Thuận,NTB,AM Khánh
NTB - Bình Thuận,(BTH) Đồng Kho,Hàng Mới Ca 2,2026-07-06 - Thứ 2,21,0.2857,0.2857,0,1.33,5.9997,0,5.9997,0,15.0003,15.0003,0.7143,0.7143,21,Bình Thuận,NTB,AM Khánh
NTB - Bình Thuận,(BTH) Đồng Kho,Hàng Mới Ca 2,2026-06-30 - Thứ 3,24,0.5,0.4583,0,1.91,10.9992,0,12,0,13.0008,12,0.5,0.5417,24,Bình Thuận,NTB,AM Khánh
NTB - Bình Thuận,(BTH) Đồng Kho,Hàng Mới Ca 2,2026-07-14 - Thứ 3,27,0.4074,0.4074,0,2.91,10.9998,0,10.9998,0,16.0002,16.0002,0.5926,0.5926,27,Bình Thuận,NTB,AM Khánh
NTB - Bình Thuận,(BTH) Đồng Kho,Hàng Mới Ca 2,2026-06-29 - Thứ 2,27,0.5185,0.4444,0.037,3.5,11.9988,0.999,13.9995,0.999,14.0022,13.0005,0.4815,0.5186,27,Bình Thuận,NTB,AM Khánh
NTB - Bình Thuận,(BTH) Đồng Kho,Hàng Mới Ca 2,2026-06-21 - Chủ Nhật,27,0.4815,0.2222,0.037,1.83,5.9994,0.999,13.0005,0.999,20.0016,13.9995,0.5185,0.7408,27,Bình Thuận,NTB,AM Khánh
NTB - Bình Thuận,(BTH) Đồng Kho,Hàng Mới Ca 2,2026-07-02 - Thứ 5,28,0.3929,0.2857,0,1.38,7.9996,0,11.0012,0,20.0004,16.9988,0.6071,0.7143,28,Bình Thuận,NTB,AM Khánh
NTB - Bình Thuận,(BTH) Đồng Kho,Hàng Mới Ca 2,2026-06-27 - Thứ 7,29,0.5172,0.5172,0,3.93,14.9988,0,14.9988,0,14.0012,14.0012,0.4828,0.4828,29,Bình Thuận,NTB,AM Khánh
NTB - Bình Thuận,(BTH) Đồng Kho,Hàng Mới Ca 2,2026-07-11 - Thứ 7,30,0.4333,0.4,0,3.67,12,0,12.999,0,18,17.001,0.5667,0.6,30,Bình Thuận,NTB,AM Khánh
NTB - Bình Thuận,(BTH) Đồng Kho,Hàng Mới Ca 2,2026-07-17 - Thứ 6,32,0.3125,0.3125,0,1.9,10,0,10,0,22,22,0.6875,0.6875,32,Bình Thuận,NTB,AM Khánh
NTB - Bình Thuận,(BTH) Đồng Kho,Hàng Mới Ca 2,2026-07-12 - Chủ Nhật,33,0.1818,0.1515,0,3,4.9995,0,5.9994,0,28.0005,27.0006,0.8182,0.8485,33,Bình Thuận,NTB,AM Khánh
NTB - Bình Thuận,(BTH) Đồng Kho,Hàng Mới Ca 2,2026-07-15 - Thứ 4,34,0.1471,0.1471,0,2.8,5.0014,0,5.0014,0,28.9986,28.9986,0.8529,0.8529,34,Bình Thuận,NTB,AM Khánh
NTB - Bình Thuận,(BTH) Đồng Kho,Hàng Mới Ca 2,2026-07-16 - Thứ 5,35,0.3714,0.3429,0.0286,4,12.0015,1.001,12.999,1.001,21.9975,22.001,0.6286,0.6285,35,Bình Thuận,NTB,AM Khánh
NTB - Bình Thuận,(BTH) Đồng Kho,Hàng Mới Ca 2,2026-07-03 - Thứ 6,39,0.4103,0.3333,0,2.38,12.9987,0,16.0017,0,26.0013,22.9983,0.5897,0.6667,39,Bình Thuận,NTB,AM Khánh
NTB - Bình Thuận,(BTH) Đồng Kho,Hàng Mới Ca 2,2026-06-20 - Thứ 7,39,0.4103,0.359,0,2.71,14.001,0,16.0017,0,24.999,22.9983,0.5897,0.641,39,Bình Thuận,NTB,AM Khánh
NTB - Bình Thuận,(BTH) Đồng Kho,Hàng Mới Ca 2,2026-06-28 - Chủ Nhật,47,0.4043,0.3191,0.0213,2.8,14.9977,1.0011,19.0021,1.0011,31.0012,27.9979,0.5957,0.6596,47,Bình Thuận,NTB,AM Khánh
NTB - Bình Thuận,(BTH) Đồng Kho,Hàng Mới Ca 2,2026-07-05 - Chủ Nhật,50,0.44,0.42,0.02,2.52,21,1,22,1,28,28,0.56,0.56,50,Bình Thuận,NTB,AM Khánh
NTB - Bình Thuận,(BTH) Đồng Kho,Hàng Mới Ca 2,2026-07-10 - Thứ 6,50,0.4,0.32,0,2.31,16,0,20,0,34,30,0.6,0.68,50,Bình Thuận,NTB,AM Khánh
NTB - Bình Thuận,(BTH) Đồng Kho,Hàng Mới Ca 2,2026-07-08 - Thứ 4,50,0.36,0.28,0,2.07,14,0,18,0,36,32,0.64,0.72,50,Bình Thuận,NTB,AM Khánh
NTB - Bình Thuận,(BTH) Đồng Kho,Hàng Tồn,2026-06-26 - Thứ 6,59,0.8983,0.678,0.0169,27.9,40.002,0.9971,52.9997,0.9971,18.0009,6.0003,0.1017,0.3051,0,Bình Thuận,NTB,AM Khánh
NTB - Bình Thuận,(BTH) Đồng Kho,Hàng Tồn,2026-06-21 - Chủ Nhật,62,0.9516,0.4194,0.0484,28.92,26.0028,3.0008,58.9992,3.0008,32.9964,3.0008,0.0484,0.5322,0,Bình Thuận,NTB,AM Khánh
NTB - Bình Thuận,(BTH) Đồng Kho,Hàng Tồn,2026-06-20 - Thứ 7,52,0.9038,0.5769,0.0385,32.3,29.9988,2.002,46.9976,2.002,19.9992,5.0024,0.0962,0.3846,0,Bình Thuận,NTB,AM Khánh
NTB - Bình Thuận,(BTH) Đồng Kho,Hàng Tồn,2026-06-27 - Thứ 7,70,1,0.6143,0.0429,90.4,43.001,3.003,70,3.003,23.996,0,0,0.3428,0,Bình Thuận,NTB,AM Khánh
NTB - Bình Thuận,(BTH) Đồng Kho,Hàng Tồn,2026-06-29 - Thứ 2,66,1,0.6212,0.0152,30.93,40.9992,1.0032,66,1.0032,23.9976,0,0,0.3636,0,Bình Thuận,NTB,AM Khánh
NTB - Bình Thuận,(BTH) Đồng Kho,Hàng Tồn,2026-07-14 - Thứ 3,24,1,0.625,0,41.67,15,0,24,0,9,0,0,0.375,0,Bình Thuận,NTB,AM Khánh
NTB - Bình Thuận,(BTH) Đồng Kho,Hàng Tồn,2026-06-25 - Thứ 5,25,1,0.6,0.04,29.33,15,1,25,1,9,0,0,0.36,0,Bình Thuận,NTB,AM Khánh
NTB - Bình Thuận,(BTH) Đồng Kho,Hàng Tồn,2026-06-28 - Chủ Nhật,26,1,0.6538,0.0769,32.82,16.9988,1.9994,26,1.9994,7.0018,0,0,0.2693,0,Bình Thuận,NTB,AM Khánh
NTB - Bình Thuận,(BTH) Đồng Kho,Hàng Tồn,2026-06-30 - Thứ 3,28,1,0.5,0.0357,28.29,14,0.9996,28,0.9996,13.0004,0,0,0.4643,0,Bình Thuận,NTB,AM Khánh
NTB - Bình Thuận,(BTH) Đồng Kho,Hàng Tồn,2026-06-23 - Thứ 3,29,1,0.6897,0.0345,58.65,20.0013,1.0005,29,1.0005,7.9982,0,0,0.2758,0,Bình Thuận,NTB,AM Khánh
NTB - Bình Thuận,(BTH) Đồng Kho,Hàng Tồn,2026-07-08 - Thứ 4,29,0.8966,0.6207,0.069,48.72,18.0003,2.001,26.0014,2.001,8.9987,2.9986,0.1034,0.3103,0,Bình Thuận,NTB,AM Khánh
NTB - Bình Thuận,(BTH) Đồng Kho,Hàng Tồn,2026-07-01 - Thứ 4,30,1,0.5333,0,31.25,15.999,0,30,0,14.001,0,0,0.4667,0,Bình Thuận,NTB,AM Khánh
NTB - Bình Thuận,(BTH) Đồng Kho,Hàng Tồn,2026-07-05 - Chủ Nhật,32,1,0.5938,0.0625,36.89,19.0016,2,32,2,10.9984,0,0,0.3437,0,Bình Thuận,NTB,AM Khánh
NTB - Bình Thuận,(BTH) Đồng Kho,Hàng Tồn,2026-07-15 - Thứ 4,35,1,0.6286,0.0286,29.55,22.001,1.001,35,1.001,11.998,0,0,0.3428,0,Bình Thuận,NTB,AM Khánh
NTB - Bình Thuận,(BTH) Đồng Kho,Hàng Tồn,2026-07-07 - Thứ 3,36,1,0.6389,0,81.57,23.0004,0,36,0,12.9996,0,0,0.3611,0,Bình Thuận,NTB,AM Khánh
NTB - Bình Thuận,(BTH) Đồng Kho,Hàng Tồn,2026-07-03 - Thứ 6,39,0.9487,0.5897,0,32.52,22.9983,0,36.9993,0,16.0017,2.0007,0.0513,0.4103,0,Bình Thuận,NTB,AM Khánh
NTB - Bình Thuận,(BTH) Đồng Kho,Hàng Tồn,2026-06-24 - Thứ 4,41,0.9756,0.7561,0,25.29,31.0001,0,39.9996,0,9.9999,1.0004,0.0244,0.2439,0,Bình Thuận,NTB,AM Khánh
NTB - Bình Thuận,(BTH) Đồng Kho,Hàng Tồn,2026-07-12 - Chủ Nhật,41,0.9756,0.5366,0,34.64,22.0006,0,39.9996,0,18.9994,1.0004,0.0244,0.4634,0,Bình Thuận,NTB,AM Khánh
NTB - Bình Thuận,(BTH) Đồng Kho,Hàng Tồn,2026-07-04 - Thứ 7,43,1,0.6744,0,57.28,28.9992,0,43,0,14.0008,0,0,0.3256,0,Bình Thuận,NTB,AM Khánh
NTB - Bình Thuận,(BTH) Đồng Kho,Hàng Tồn,2026-06-22 - Thứ 2,43,0.9302,0.6512,0.0465,39.39,28.0016,1.9995,39.9986,1.9995,12.9989,3.0014,0.0698,0.3023,0,Bình Thuận,NTB,AM Khánh
NTB - Bình Thuận,(BTH) Đồng Kho,Hàng Tồn,2026-07-17 - Thứ 6,45,1,0.7111,0.0222,39.25,31.9995,0.999,45,0.999,12.0015,0,0,0.2667,0,Bình Thuận,NTB,AM Khánh
NTB - Bình Thuận,(BTH) Đồng Kho,Hàng Tồn,2026-07-02 - Thứ 5,46,0.9783,0.4565,0.0217,44.1,20.999,0.9982,45.0018,0.9982,24.0028,0.9982,0.0217,0.5218,0,Bình Thuận,NTB,AM Khánh
NTB - Bình Thuận,(BTH) Đồng Kho,Hàng Tồn,2026-07-16 - Thứ 5,47,1,0.7872,0.0213,32.81,36.9984,1.0011,47,1.0011,9.0005,0,0,0.1915,0,Bình Thuận,NTB,AM Khánh
NTB - Bình Thuận,(BTH) Đồng Kho,Hàng Tồn,2026-07-11 - Thứ 7,51,1,0.6471,0.0392,38.81,33.0021,1.9992,51,1.9992,15.9987,0,0,0.3137,0,Bình Thuận,NTB,AM Khánh
NTB - Bình Thuận,(BTH) Đồng Kho,Hàng Tồn,2026-07-09 - Thứ 5,51,1,0.8627,0.0196,61.43,43.9977,0.9996,51,0.9996,6.0027,0,0,0.1177,0,Bình Thuận,NTB,AM Khánh
NTB - Bình Thuận,(BTH) Đồng Kho,Hàng Tồn,2026-07-10 - Thứ 6,51,0.9804,0.8627,0,29.68,43.9977,0,50.0004,0,7.0023,0.9996,0.0196,0.1373,0,Bình Thuận,NTB,AM Khánh
NTB - Bình Thuận,(BTH) Đồng Kho,Hàng Tồn,2026-07-06 - Thứ 2,51,1,0.6667,0,95.15,34.0017,0,51,0,16.9983,0,0,0.3333,0,Bình Thuận,NTB,AM Khánh
NTB - Bình Thuận,(BTH) Đồng Kho,Hàng Tồn,2026-07-13 - Thứ 2,55,0.9818,0.6727,0.0364,42.42,36.9985,2.002,53.999,2.002,15.9995,1.001,0.0182,0.2909,0,Bình Thuận,NTB,AM Khánh
NTB - Bình Thuận,(BTH) Tân Hải,Hàng Mới Ca 1,2026-07-07 - Thứ 3,12,1,1,0,4.5,12,0,12,0,0,0,0,0,12,Bình Thuận,NTB,AM Khánh
NTB - Bình Thuận,(BTH) Tân Hải,Hàng Mới Ca 1,2026-07-15 - Thứ 4,13,1,1,0,4.54,13,0,13,0,0,0,0,0,13,Bình Thuận,NTB,AM Khánh
NTB - Bình Thuận,(BTH) Tân Hải,Hàng Mới Ca 1,2026-06-30 - Thứ 3,14,1,0.8571,0.0714,5,11.9994,0.9996,14,0.9996,1.001,0,0,0.0715,14,Bình Thuận,NTB,AM Khánh
NTB - Bình Thuận,(BTH) Tân Hải,Hàng Mới Ca 1,2026-06-29 - Thứ 2,14,1,1,0,4.07,14,0,14,0,0,0,0,0,14,Bình Thuận,NTB,AM Khánh
NTB - Bình Thuận,(BTH) Tân Hải,Hàng Mới Ca 1,2026-07-03 - Thứ 6,15,1,0.8667,0,4.38,13.0005,0,15,0,1.9995,0,0,0.1333,15,Bình Thuận,NTB,AM Khánh
NTB - Bình Thuận,(BTH) Tân Hải,Hàng Mới Ca 1,2026-06-20 - Thứ 7,15,1,0.9333,0,5.21,13.9995,0,15,0,1.0005,0,0,0.0667,15,Bình Thuận,NTB,AM Khánh
NTB - Bình Thuận,(BTH) Tân Hải,Hàng Mới Ca 1,2026-07-16 - Thứ 5,16,1,1,0,3.63,16,0,16,0,0,0,0,0,16,Bình Thuận,NTB,AM Khánh
NTB - Bình Thuận,(BTH) Tân Hải,Hàng Mới Ca 1,2026-07-06 - Thứ 2,16,1,1,0,4.69,16,0,16,0,0,0,0,0,16,Bình Thuận,NTB,AM Khánh
NTB - Bình Thuận,(BTH) Tân Hải,Hàng Mới Ca 1,2026-06-23 - Thứ 3,18,1,0.8889,0,4.69,16.0002,0,18,0,1.9998,0,0,0.1111,18,Bình Thuận,NTB,AM Khánh
NTB - Bình Thuận,(BTH) Tân Hải,Hàng Mới Ca 1,2026-07-04 - Thứ 7,20,1,1,0,4.05,20,0,20,0,0,0,0,0,20,Bình Thuận,NTB,AM Khánh
NTB - Bình Thuận,(BTH) Tân Hải,Hàng Mới Ca 1,2026-07-05 - Chủ Nhật,21,1,0.8571,0,3.72,17.9991,0,21,0,3.0009,0,0,0.1429,21,Bình Thuận,NTB,AM Khánh
NTB - Bình Thuận,(BTH) Tân Hải,Hàng Mới Ca 1,2026-06-22 - Thứ 2,23,1,1,0,3.96,23,0,23,0,0,0,0,0,23,Bình Thuận,NTB,AM Khánh
NTB - Bình Thuận,(BTH) Tân Hải,Hàng Mới Ca 1,2026-07-14 - Thứ 3,23,1,0.8696,0,5.4,20.0008,0,23,0,2.9992,0,0,0.1304,23,Bình Thuận,NTB,AM Khánh
NTB - Bình Thuận,(BTH) Tân Hải,Hàng Mới Ca 1,2026-06-21 - Chủ Nhật,24,1,0.875,0.0833,4.1,21,1.9992,24,1.9992,1.0008,0,0,0.0417,24,Bình Thuận,NTB,AM Khánh
NTB - Bình Thuận,(BTH) Tân Hải,Hàng Mới Ca 1,2026-07-02 - Thứ 5,24,1,0.9583,0.0417,5.35,22.9992,1.0008,24,1.0008,0,0,0,0,24,Bình Thuận,NTB,AM Khánh
NTB - Bình Thuận,(BTH) Tân Hải,Hàng Mới Ca 1,2026-07-11 - Thứ 7,25,1,0.92,0.08,4.52,23,2,25,2,0,0,0,0,25,Bình Thuận,NTB,AM Khánh
NTB - Bình Thuận,(BTH) Tân Hải,Hàng Mới Ca 1,2026-06-24 - Thứ 4,26,1,0.9615,0.0385,5.52,24.999,1.001,26,1.001,0,0,0,0,26,Bình Thuận,NTB,AM Khánh
NTB - Bình Thuận,(BTH) Tân Hải,Hàng Mới Ca 1,2026-07-13 - Thứ 2,26,1,0.8846,0,5.26,22.9996,0,26,0,3.0004,0,0,0.1154,26,Bình Thuận,NTB,AM Khánh
NTB - Bình Thuận,(BTH) Tân Hải,Hàng Mới Ca 1,2026-07-12 - Chủ Nhật,27,1,0.963,0,4.88,26.001,0,27,0,0.999,0,0,0.037,27,Bình Thuận,NTB,AM Khánh
NTB - Bình Thuận,(BTH) Tân Hải,Hàng Mới Ca 1,2026-07-01 - Thứ 4,27,1,0.963,0,5.81,26.001,0,27,0,0.999,0,0,0.037,27,Bình Thuận,NTB,AM Khánh
NTB - Bình Thuận,(BTH) Tân Hải,Hàng Mới Ca 1,2026-07-17 - Thứ 6,28,1,0.9286,0,5.23,26.0008,0,28,0,1.9992,0,0,0.0714,28,Bình Thuận,NTB,AM Khánh
NTB - Bình Thuận,(BTH) Tân Hải,Hàng Mới Ca 1,2026-06-27 - Thứ 7,29,1,1,0,6.55,29,0,29,0,0,0,0,0,29,Bình Thuận,NTB,AM Khánh
NTB - Bình Thuận,(BTH) Tân Hải,Hàng Mới Ca 1,2026-06-28 - Chủ Nhật,30,1,0.9333,0,5.25,27.999,0,30,0,2.001,0,0,0.0667,30,Bình Thuận,NTB,AM Khánh
NTB - Bình Thuận,(BTH) Tân Hải,Hàng Mới Ca 1,2026-07-08 - Thứ 4,31,1,0.9032,0.0323,4.61,27.9992,1.0013,31,1.0013,1.9995,0,0,0.0645,31,Bình Thuận,NTB,AM Khánh
NTB - Bình Thuận,(BTH) Tân Hải,Hàng Mới Ca 1,2026-06-25 - Thứ 5,34,1,1,0,5.44,34,0,34,0,0,0,0,0,34,Bình Thuận,NTB,AM Khánh
NTB - Bình Thuận,(BTH) Tân Hải,Hàng Mới Ca 1,2026-07-09 - Thứ 5,34,1,0.9412,0,3.78,32.0008,0,34,0,1.9992,0,0,0.0588,34,Bình Thuận,NTB,AM Khánh
NTB - Bình Thuận,(BTH) Tân Hải,Hàng Mới Ca 1,2026-06-26 - Thứ 6,36,1,0.9722,0,6.11,34.9992,0,36,0,1.0008,0,0,0.0278,36,Bình Thuận,NTB,AM Khánh
NTB - Bình Thuận,(BTH) Tân Hải,Hàng Mới Ca 1,2026-07-10 - Thứ 6,36,1,0.9167,0.0278,4.15,33.0012,1.0008,36,1.0008,1.998,0,0,0.0555,36,Bình Thuận,NTB,AM Khánh
NTB - Bình Thuận,(BTH) Tân Hải,Hàng Mới Ca 2,2026-06-22 - Thứ 2,8,1,0.875,0,2,7,0,8,0,1,0,0,0.125,8,Bình Thuận,NTB,AM Khánh
NTB - Bình Thuận,(BTH) Tân Hải,Hàng Mới Ca 2,2026-06-29 - Thứ 2,9,1,0.8889,0.1111,2,8.0001,0.9999,9,0.9999,0,0,0,0,9,Bình Thuận,NTB,AM Khánh
NTB - Bình Thuận,(BTH) Tân Hải,Hàng Mới Ca 2,2026-07-05 - Chủ Nhật,10,1,0.9,0,1.56,9,0,10,0,1,0,0,0.1,10,Bình Thuận,NTB,AM Khánh
NTB - Bình Thuận,(BTH) Tân Hải,Hàng Mới Ca 2,2026-06-30 - Thứ 3,10,0.9,0.8,0.1,1.13,8,1,9,1,1,1,0.1,0.1,10,Bình Thuận,NTB,AM Khánh
NTB - Bình Thuận,(BTH) Tân Hải,Hàng Mới Ca 2,2026-07-06 - Thứ 2,10,1,0.9,0,2.22,9,0,10,0,1,0,0,0.1,10,Bình Thuận,NTB,AM Khánh
NTB - Bình Thuận,(BTH) Tân Hải,Hàng Mới Ca 2,2026-07-11 - Thứ 7,10,1,0.7,0,2.5,7,0,10,0,3,0,0,0.3,10,Bình Thuận,NTB,AM Khánh
NTB - Bình Thuận,(BTH) Tân Hải,Hàng Mới Ca 2,2026-07-16 - Thứ 5,11,1,0.9091,0,1.2,10.0001,0,11,0,0.9999,0,0,0.0909,11,Bình Thuận,NTB,AM Khánh
NTB - Bình Thuận,(BTH) Tân Hải,Hàng Mới Ca 2,2026-07-07 - Thứ 3,12,0.9167,0.9167,0,3,11.0004,0,11.0004,0,0.9996,0.9996,0.0833,0.0833,12,Bình Thuận,NTB,AM Khánh
NTB - Bình Thuận,(BTH) Tân Hải,Hàng Mới Ca 2,2026-06-27 - Thứ 7,12,1,0.9167,0,3.73,11.0004,0,12,0,0.9996,0,0,0.0833,12,Bình Thuận,NTB,AM Khánh
NTB - Bình Thuận,(BTH) Tân Hải,Hàng Mới Ca 2,2026-07-15 - Thứ 4,13,1,0.8462,0,1.73,11.0006,0,13,0,1.9994,0,0,0.1538,13,Bình Thuận,NTB,AM Khánh
NTB - Bình Thuận,(BTH) Tân Hải,Hàng Mới Ca 2,2026-06-20 - Thứ 7,13,1,0.9231,0,2.25,12.0003,0,13,0,0.9997,0,0,0.0769,13,Bình Thuận,NTB,AM Khánh
NTB - Bình Thuận,(BTH) Tân Hải,Hàng Mới Ca 2,2026-07-13 - Thứ 2,13,0.9231,0.8462,0,2,11.0006,0,12.0003,0,1.9994,0.9997,0.0769,0.1538,13,Bình Thuận,NTB,AM Khánh
NTB - Bình Thuận,(BTH) Tân Hải,Hàng Mới Ca 2,2026-07-03 - Thứ 6,14,1,1,0,2.29,14,0,14,0,0,0,0,0,14,Bình Thuận,NTB,AM Khánh
NTB - Bình Thuận,(BTH) Tân Hải,Hàng Mới Ca 2,2026-07-14 - Thứ 3,15,1,0.8667,0,3.38,13.0005,0,15,0,1.9995,0,0,0.1333,15,Bình Thuận,NTB,AM Khánh
NTB - Bình Thuận,(BTH) Tân Hải,Hàng Mới Ca 2,2026-06-28 - Chủ Nhật,15,0.8,0.7333,0,3.82,10.9995,0,12,0,4.0005,3,0.2,0.2667,15,Bình Thuận,NTB,AM Khánh
NTB - Bình Thuận,(BTH) Tân Hải,Hàng Mới Ca 2,2026-07-04 - Thứ 7,15,1,0.8,0,3.25,12,0,15,0,3,0,0,0.2,15,Bình Thuận,NTB,AM Khánh
NTB - Bình Thuận,(BTH) Tân Hải,Hàng Mới Ca 2,2026-06-26 - Thứ 6,16,1,0.9375,0.0625,3,15,1,16,1,0,0,0,0,16,Bình Thuận,NTB,AM Khánh
NTB - Bình Thuận,(BTH) Tân Hải,Hàng Mới Ca 2,2026-06-21 - Chủ Nhật,16,0.8125,0.6875,0,2.91,11,0,13,0,5,3,0.1875,0.3125,16,Bình Thuận,NTB,AM Khánh
NTB - Bình Thuận,(BTH) Tân Hải,Hàng Mới Ca 2,2026-07-02 - Thứ 5,16,0.9375,0.875,0,3.86,14,0,15,0,2,1,0.0625,0.125,16,Bình Thuận,NTB,AM Khánh
NTB - Bình Thuận,(BTH) Tân Hải,Hàng Mới Ca 2,2026-06-24 - Thứ 4,17,0.9412,0.8824,0,2.13,15.0008,0,16.0004,0,1.9992,0.9996,0.0588,0.1176,17,Bình Thuận,NTB,AM Khánh
NTB - Bình Thuận,(BTH) Tân Hải,Hàng Mới Ca 2,2026-07-01 - Thứ 4,17,1,0.9412,0,2.19,16.0004,0,17,0,0.9996,0,0,0.0588,17,Bình Thuận,NTB,AM Khánh
NTB - Bình Thuận,(BTH) Tân Hải,Hàng Mới Ca 2,2026-07-17 - Thứ 6,18,1,1,0,3.28,18,0,18,0,0,0,0,0,18,Bình Thuận,NTB,AM Khánh
NTB - Bình Thuận,(BTH) Tân Hải,Hàng Mới Ca 2,2026-07-12 - Chủ Nhật,19,0.8421,0.7368,0,3,13.9992,0,15.9999,0,5.0008,3.0001,0.1579,0.2632,19,Bình Thuận,NTB,AM Khánh
NTB - Bình Thuận,(BTH) Tân Hải,Hàng Mới Ca 2,2026-06-25 - Thứ 5,19,0.9474,0.7895,0.0526,2.8,15.0005,0.9994,18.0006,0.9994,3.0001,0.9994,0.0526,0.1579,19,Bình Thuận,NTB,AM Khánh
NTB - Bình Thuận,(BTH) Tân Hải,Hàng Mới Ca 2,2026-07-10 - Thứ 6,20,0.85,0.75,0,2.07,15,0,17,0,5,3,0.15,0.25,20,Bình Thuận,NTB,AM Khánh
NTB - Bình Thuận,(BTH) Tân Hải,Hàng Mới Ca 2,2026-06-23 - Thứ 3,21,1,0.9048,0.0476,2.47,19.0008,0.9996,21,0.9996,0.9996,0,0,0.0476,21,Bình Thuận,NTB,AM Khánh
NTB - Bình Thuận,(BTH) Tân Hải,Hàng Mới Ca 2,2026-07-09 - Thứ 5,21,1,0.8571,0.0476,2.67,17.9991,0.9996,21,0.9996,2.0013,0,0,0.0953,21,Bình Thuận,NTB,AM Khánh
NTB - Bình Thuận,(BTH) Tân Hải,Hàng Mới Ca 2,2026-07-08 - Thứ 4,22,0.9545,0.7727,0.0455,2.41,16.9994,1.001,20.999,1.001,3.9996,1.001,0.0455,0.1818,22,Bình Thuận,NTB,AM Khánh
NTB - Bình Thuận,(BTH) Tân Hải,Hàng Tồn,2026-06-30 - Thứ 3,1,1,0,1,0,0,1,1,1,0,0,0,0,0,Bình Thuận,NTB,AM Khánh
NTB - Bình Thuận,(BTH) Tân Hải,Hàng Tồn,2026-06-23 - Thứ 3,1,1,1,0,29,1,0,1,0,0,0,0,0,0,Bình Thuận,NTB,AM Khánh
NTB - Bình Thuận,(BTH) Tân Hải,Hàng Tồn,2026-07-07 - Thứ 3,1,1,0,0,0,0,0,1,0,1,0,0,1,0,Bình Thuận,NTB,AM Khánh
NTB - Bình Thuận,(BTH) Tân Hải,Hàng Tồn,2026-07-01 - Thứ 4,2,1,1,0,27.5,2,0,2,0,0,0,0,0,0,Bình Thuận,NTB,AM Khánh
NTB - Bình Thuận,(BTH) Tân Hải,Hàng Tồn,2026-07-02 - Thứ 5,2,1,1,0,31.5,2,0,2,0,0,0,0,0,0,Bình Thuận,NTB,AM Khánh
NTB - Bình Thuận,(BTH) Tân Hải,Hàng Tồn,2026-07-08 - Thứ 4,2,1,1,0,38,2,0,2,0,0,0,0,0,0,Bình Thuận,NTB,AM Khánh
NTB - Bình Thuận,(BTH) Tân Hải,Hàng Tồn,2026-07-03 - Thứ 6,2,1,0.5,0,21,1,0,2,0,1,0,0,0.5,0,Bình Thuận,NTB,AM Khánh
NTB - Bình Thuận,(BTH) Tân Hải,Hàng Tồn,2026-06-28 - Chủ Nhật,2,1,0,0.5,0,0,1,2,1,1,0,0,0.5,0,Bình Thuận,NTB,AM Khánh
NTB - Bình Thuận,(BTH) Tân Hải,Hàng Tồn,2026-07-17 - Thứ 6,3,1,0.3333,0,23,0.9999,0,3,0,2.0001,0,0,0.6667,0,Bình Thuận,NTB,AM Khánh
NTB - Bình Thuận,(BTH) Tân Hải,Hàng Tồn,2026-07-12 - Chủ Nhật,3,1,0.6667,0,27,2.0001,0,3,0,0.9999,0,0,0.3333,0,Bình Thuận,NTB,AM Khánh
NTB - Bình Thuận,(BTH) Tân Hải,Hàng Tồn,2026-07-04 - Thứ 7,3,1,0.3333,0,34,0.9999,0,3,0,2.0001,0,0,0.6667,0,Bình Thuận,NTB,AM Khánh
NTB - Bình Thuận,(BTH) Tân Hải,Hàng Tồn,2026-06-27 - Thứ 7,3,0.6667,0.6667,0,41.5,2.0001,0,2.0001,0,0.9999,0.9999,0.3333,0.3333,0,Bình Thuận,NTB,AM Khánh
NTB - Bình Thuận,(BTH) Tân Hải,Hàng Tồn,2026-06-24 - Thứ 4,3,1,0.3333,0,20,0.9999,0,3,0,2.0001,0,0,0.6667,0,Bình Thuận,NTB,AM Khánh
NTB - Bình Thuận,(BTH) Tân Hải,Hàng Tồn,2026-06-21 - Chủ Nhật,3,1,0.3333,0,28,0.9999,0,3,0,2.0001,0,0,0.6667,0,Bình Thuận,NTB,AM Khánh
NTB - Bình Thuận,(BTH) Tân Hải,Hàng Tồn,2026-06-26 - Thứ 6,4,1,0.5,0,25.5,2,0,4,0,2,0,0,0.5,0,Bình Thuận,NTB,AM Khánh
NTB - Bình Thuận,(BTH) Tân Hải,Hàng Tồn,2026-07-10 - Thứ 6,4,1,0.75,0,26.33,3,0,4,0,1,0,0,0.25,0,Bình Thuận,NTB,AM Khánh
NTB - Bình Thuận,(BTH) Tân Hải,Hàng Tồn,2026-07-06 - Thứ 2,4,1,1,0,29.75,4,0,4,0,0,0,0,0,0,Bình Thuận,NTB,AM Khánh
NTB - Bình Thuận,(BTH) Tân Hải,Hàng Tồn,2026-07-16 - Thứ 5,4,1,0.25,0,23,1,0,4,0,3,0,0,0.75,0,Bình Thuận,NTB,AM Khánh
NTB - Bình Thuận,(BTH) Tân Hải,Hàng Tồn,2026-06-25 - Thứ 5,4,1,0.25,0,22,1,0,4,0,3,0,0,0.75,0,Bình Thuận,NTB,AM Khánh
NTB - Bình Thuận,(BTH) Tân Hải,Hàng Tồn,2026-07-05 - Chủ Nhật,4,1,1,0,36.5,4,0,4,0,0,0,0,0,0,Bình Thuận,NTB,AM Khánh
NTB - Bình Thuận,(BTH) Tân Hải,Hàng Tồn,2026-06-20 - Thứ 7,5,1,0.8,0,27.25,4,0,5,0,1,0,0,0.2,0,Bình Thuận,NTB,AM Khánh
NTB - Bình Thuận,(BTH) Tân Hải,Hàng Tồn,2026-07-14 - Thứ 3,6,1,0.3333,0,21.5,1.9998,0,6,0,4.0002,0,0,0.6667,0,Bình Thuận,NTB,AM Khánh
NTB - Bình Thuận,(BTH) Tân Hải,Hàng Tồn,2026-07-09 - Thứ 5,6,1,0.8333,0.1667,30,4.9998,1.0002,6,1.0002,0,0,0,0,0,Bình Thuận,NTB,AM Khánh
NTB - Bình Thuận,(BTH) Tân Hải,Hàng Tồn,2026-07-13 - Thứ 2,7,1,0.7143,0,26,5.0001,0,7,0,1.9999,0,0,0.2857,0,Bình Thuận,NTB,AM Khánh
NTB - Bình Thuận,(BTH) Tân Hải,Hàng Tồn,2026-06-29 - Thứ 2,7,1,0.8571,0,26.5,5.9997,0,7,0,1.0003,0,0,0.1429,0,Bình Thuận,NTB,AM Khánh
NTB - Bình Thuận,(BTH) Tân Hải,Hàng Tồn,2026-07-15 - Thứ 4,8,1,0.25,0.125,30.5,2,1,8,1,5,0,0,0.625,0,Bình Thuận,NTB,AM Khánh
NTB - Bình Thuận,(BTH) Tân Hải,Hàng Tồn,2026-07-11 - Thứ 7,8,1,0.875,0.125,24.14,7,1,8,1,0,0,0,0,0,Bình Thuận,NTB,AM Khánh
NTB - Bình Thuận,(BTH) Tân Hải,Hàng Tồn,2026-06-22 - Thứ 2,8,1,0.75,0.125,22.5,6,1,8,1,1,0,0,0.125,0,Bình Thuận,NTB,AM Khánh
NTB - Bình Thuận,(BTH) Tuyên Quang,Hàng Mới Ca 1,2026-06-26 - Thứ 6,61,1,0.9344,0,8.81,56.9984,0,61,0,4.0016,0,0,0.0656,61,Bình Thuận,NTB,AM Nhựt
NTB - Bình Thuận,(BTH) Tuyên Quang,Hàng Mới Ca 1,2026-07-17 - Thứ 6,59,1,0.8305,0.0169,8.33,48.9995,0.9971,59,0.9971,9.0034,0,0,0.1526,59,Bình Thuận,NTB,AM Nhựt
NTB - Bình Thuận,(BTH) Tuyên Quang,Hàng Mới Ca 1,2026-07-11 - Thứ 7,52,0.9808,0.7885,0.0769,7.93,41.002,3.9988,51.0016,3.9988,6.9992,0.9984,0.0192,0.1346,52,Bình Thuận,NTB,AM Nhựt
NTB - Bình Thuận,(BTH) Tuyên Quang,Hàng Mới Ca 1,2026-07-10 - Thứ 6,85,1,0.8,0.0353,6.99,68,3.0005,85,3.0005,13.9995,0,0,0.1647,85,Bình Thuận,NTB,AM Nhựt
NTB - Bình Thuận,(BTH) Tuyên Quang,Hàng Mới Ca 1,2026-07-08 - Thứ 4,76,1,0.9211,0.0263,8.2,70.0036,1.9988,76,1.9988,3.9976,0,0,0.0526,76,Bình Thuận,NTB,AM Nhựt
NTB - Bình Thuận,(BTH) Tuyên Quang,Hàng Mới Ca 1,2026-06-27 - Thứ 7,75,1,0.9333,0.0133,8.1,69.9975,0.9975,75,0.9975,4.005,0,0,0.0534,75,Bình Thuận,NTB,AM Nhựt
NTB - Bình Thuận,(BTH) Tuyên Quang,Hàng Mới Ca 1,2026-07-01 - Thứ 4,52,1,0.9231,0,8.77,48.0012,0,52,0,3.9988,0,0,0.0769,52,Bình Thuận,NTB,AM Nhựt
NTB - Bình Thuận,(BTH) Tuyên Quang,Hàng Mới Ca 1,2026-07-09 - Thứ 5,84,1,0.9048,0.0357,7.71,76.0032,2.9988,84,2.9988,4.998,0,0,0.0595,84,Bình Thuận,NTB,AM Nhựt
NTB - Bình Thuận,(BTH) Tuyên Quang,Hàng Mới Ca 1,2026-07-06 - Thứ 2,24,1,0.7083,0,6.88,16.9992,0,24,0,7.0008,0,0,0.2917,24,Bình Thuận,NTB,AM Nhựt
NTB - Bình Thuận,(BTH) Tuyên Quang,Hàng Mới Ca 1,2026-06-21 - Chủ Nhật,31,1,0.7742,0,8.58,24.0002,0,31,0,6.9998,0,0,0.2258,31,Bình Thuận,NTB,AM Nhựt
NTB - Bình Thuận,(BTH) Tuyên Quang,Hàng Mới Ca 1,2026-06-29 - Thứ 2,31,0.9677,0.9032,0,6.11,27.9992,0,29.9987,0,3.0008,1.0013,0.0323,0.0968,31,Bình Thuận,NTB,AM Nhựt
NTB - Bình Thuận,(BTH) Tuyên Quang,Hàng Mới Ca 1,2026-07-13 - Thứ 2,33,1,0.7879,0,7.23,26.0007,0,33,0,6.9993,0,0,0.2121,33,Bình Thuận,NTB,AM Nhựt
NTB - Bình Thuận,(BTH) Tuyên Quang,Hàng Mới Ca 1,2026-06-30 - Thứ 3,35,1,0.9143,0,7.47,32.0005,0,35,0,2.9995,0,0,0.0857,35,Bình Thuận,NTB,AM Nhựt
NTB - Bình Thuận,(BTH) Tuyên Quang,Hàng Mới Ca 1,2026-07-16 - Thứ 5,37,1,0.7297,0.0541,7.19,26.9989,2.0017,37,2.0017,7.9994,0,0,0.2162,37,Bình Thuận,NTB,AM Nhựt
NTB - Bình Thuận,(BTH) Tuyên Quang,Hàng Mới Ca 1,2026-07-04 - Thứ 7,37,1,0.8919,0,6.79,33.0003,0,37,0,3.9997,0,0,0.1081,37,Bình Thuận,NTB,AM Nhựt
NTB - Bình Thuận,(BTH) Tuyên Quang,Hàng Mới Ca 1,2026-06-20 - Thứ 7,38,1,0.7895,0.0263,9.37,30.001,0.9994,38,0.9994,6.9996,0,0,0.1842,38,Bình Thuận,NTB,AM Nhựt
NTB - Bình Thuận,(BTH) Tuyên Quang,Hàng Mới Ca 1,2026-07-05 - Chủ Nhật,38,1,0.7632,0.0263,6.93,29.0016,0.9994,38,0.9994,7.999,0,0,0.2105,38,Bình Thuận,NTB,AM Nhựt
NTB - Bình Thuận,(BTH) Tuyên Quang,Hàng Mới Ca 1,2026-06-23 - Thứ 3,42,1,0.9524,0,7.48,40.0008,0,42,0,1.9992,0,0,0.0476,42,Bình Thuận,NTB,AM Nhựt
NTB - Bình Thuận,(BTH) Tuyên Quang,Hàng Mới Ca 1,2026-06-28 - Chủ Nhật,46,1,0.7826,0,8.58,35.9996,0,46,0,10.0004,0,0,0.2174,46,Bình Thuận,NTB,AM Nhựt
NTB - Bình Thuận,(BTH) Tuyên Quang,Hàng Mới Ca 1,2026-07-15 - Thứ 4,48,0.9792,0.8333,0,8,39.9984,0,47.0016,0,8.0016,0.9984,0.0208,0.1667,48,Bình Thuận,NTB,AM Nhựt
NTB - Bình Thuận,(BTH) Tuyên Quang,Hàng Mới Ca 1,2026-07-07 - Thứ 3,48,1,0.8333,0.0417,7.33,39.9984,2.0016,48,2.0016,6,0,0,0.125,48,Bình Thuận,NTB,AM Nhựt
NTB - Bình Thuận,(BTH) Tuyên Quang,Hàng Mới Ca 1,2026-07-02 - Thứ 5,49,1,0.7959,0.0408,8,38.9991,1.9992,49,1.9992,8.0017,0,0,0.1633,49,Bình Thuận,NTB,AM Nhựt
NTB - Bình Thuận,(BTH) Tuyên Quang,Hàng Mới Ca 1,2026-07-03 - Thứ 6,50,0.98,0.94,0,8.04,47,0,49,0,3,1,0.02,0.06,50,Bình Thuận,NTB,AM Nhựt
NTB - Bình Thuận,(BTH) Tuyên Quang,Hàng Mới Ca 1,2026-06-24 - Thứ 4,50,1,0.92,0,8.7,46,0,50,0,4,0,0,0.08,50,Bình Thuận,NTB,AM Nhựt
NTB - Bình Thuận,(BTH) Tuyên Quang,Hàng Mới Ca 1,2026-07-14 - Thứ 3,51,1,0.8627,0,8.36,43.9977,0,51,0,7.0023,0,0,0.1373,51,Bình Thuận,NTB,AM Nhựt
NTB - Bình Thuận,(BTH) Tuyên Quang,Hàng Mới Ca 1,2026-06-22 - Thứ 2,54,1,0.9259,0.037,8.92,49.9986,1.998,54,1.998,2.0034,0,0,0.0371,54,Bình Thuận,NTB,AM Nhựt
NTB - Bình Thuận,(BTH) Tuyên Quang,Hàng Mới Ca 1,2026-06-25 - Thứ 5,54,1,0.8333,0,8.8,44.9982,0,54,0,9.0018,0,0,0.1667,54,Bình Thuận,NTB,AM Nhựt
NTB - Bình Thuận,(BTH) Tuyên Quang,Hàng Mới Ca 1,2026-07-12 - Chủ Nhật,55,1,0.6545,0.0364,6.69,35.9975,2.002,55,2.002,17.0005,0,0,0.3091,55,Bình Thuận,NTB,AM Nhựt
NTB - Bình Thuận,(BTH) Tuyên Quang,Hàng Mới Ca 2,2026-07-09 - Thứ 5,52,0.6346,0.5769,0.0192,6.2,29.9988,0.9984,32.9992,0.9984,21.0028,19.0008,0.3654,0.4039,52,Bình Thuận,NTB,AM Nhựt
NTB - Bình Thuận,(BTH) Tuyên Quang,Hàng Mới Ca 2,2026-07-14 - Thứ 3,12,0.4167,0.3333,0,4.75,3.9996,0,5.0004,0,8.0004,6.9996,0.5833,0.6667,12,Bình Thuận,NTB,AM Nhựt
NTB - Bình Thuận,(BTH) Tuyên Quang,Hàng Mới Ca 2,2026-06-29 - Thứ 2,15,0.8,0.8,0,6.33,12,0,12,0,3,3,0.2,0.2,15,Bình Thuận,NTB,AM Nhựt
NTB - Bình Thuận,(BTH) Tuyên Quang,Hàng Mới Ca 2,2026-07-05 - Chủ Nhật,18,0.5,0.4444,0,6,7.9992,0,9,0,10.0008,9,0.5,0.5556,18,Bình Thuận,NTB,AM Nhựt
NTB - Bình Thuận,(BTH) Tuyên Quang,Hàng Mới Ca 2,2026-06-24 - Thứ 4,18,0.3889,0.3889,0,5.43,7.0002,0,7.0002,0,10.9998,10.9998,0.6111,0.6111,18,Bình Thuận,NTB,AM Nhựt
NTB - Bình Thuận,(BTH) Tuyên Quang,Hàng Mới Ca 2,2026-07-06 - Thứ 2,18,0.6667,0.5556,0,4.9,10.0008,0,12.0006,0,7.9992,5.9994,0.3333,0.4444,18,Bình Thuận,NTB,AM Nhựt
NTB - Bình Thuận,(BTH) Tuyên Quang,Hàng Mới Ca 2,2026-06-30 - Thứ 3,20,0.45,0.4,0,6.88,8,0,9,0,12,11,0.55,0.6,20,Bình Thuận,NTB,AM Nhựt
NTB - Bình Thuận,(BTH) Tuyên Quang,Hàng Mới Ca 2,2026-06-22 - Thứ 2,22,0.6818,0.5,0.0455,6.45,11,1.001,14.9996,1.001,9.999,7.0004,0.3182,0.4545,22,Bình Thuận,NTB,AM Nhựt
NTB - Bình Thuận,(BTH) Tuyên Quang,Hàng Mới Ca 2,2026-07-01 - Thứ 4,23,0.4783,0.4348,0,6.6,10.0004,0,11.0009,0,12.9996,11.9991,0.5217,0.5652,23,Bình Thuận,NTB,AM Nhựt
NTB - Bình Thuận,(BTH) Tuyên Quang,Hàng Mới Ca 2,2026-07-13 - Thứ 2,23,0.3478,0.3043,0,4.29,6.9989,0,7.9994,0,16.0011,15.0006,0.6522,0.6957,23,Bình Thuận,NTB,AM Nhựt
NTB - Bình Thuận,(BTH) Tuyên Quang,Hàng Mới Ca 2,2026-07-07 - Thứ 3,25,0.32,0.16,0,4.25,4,0,8,0,21,17,0.68,0.84,25,Bình Thuận,NTB,AM Nhựt
NTB - Bình Thuận,(BTH) Tuyên Quang,Hàng Mới Ca 2,2026-07-16 - Thứ 5,25,0.52,0.44,0,6.82,11,0,13,0,14,12,0.48,0.56,25,Bình Thuận,NTB,AM Nhựt
NTB - Bình Thuận,(BTH) Tuyên Quang,Hàng Mới Ca 2,2026-06-21 - Chủ Nhật,26,0.6923,0.6538,0,5.82,16.9988,0,17.9998,0,9.0012,8.0002,0.3077,0.3462,26,Bình Thuận,NTB,AM Nhựt
NTB - Bình Thuận,(BTH) Tuyên Quang,Hàng Mới Ca 2,2026-07-11 - Thứ 7,27,0.5556,0.4815,0.037,5.08,13.0005,0.999,15.0012,0.999,13.0005,11.9988,0.4444,0.4815,27,Bình Thuận,NTB,AM Nhựt
NTB - Bình Thuận,(BTH) Tuyên Quang,Hàng Mới Ca 2,2026-06-23 - Thứ 3,27,0.3704,0.3704,0,5.5,10.0008,0,10.0008,0,16.9992,16.9992,0.6296,0.6296,27,Bình Thuận,NTB,AM Nhựt
NTB - Bình Thuận,(BTH) Tuyên Quang,Hàng Mới Ca 2,2026-07-02 - Thứ 5,29,0.4828,0.4138,0,6.17,12.0002,0,14.0012,0,16.9998,14.9988,0.5172,0.5862,29,Bình Thuận,NTB,AM Nhựt
NTB - Bình Thuận,(BTH) Tuyên Quang,Hàng Mới Ca 2,2026-07-15 - Thứ 4,31,0.5484,0.4516,0,4.93,13.9996,0,17.0004,0,17.0004,13.9996,0.4516,0.5484,31,Bình Thuận,NTB,AM Nhựt
NTB - Bình Thuận,(BTH) Tuyên Quang,Hàng Mới Ca 2,2026-06-28 - Chủ Nhật,33,0.6061,0.5758,0.0303,5.32,19.0014,0.9999,20.0013,0.9999,12.9987,12.9987,0.3939,0.3939,33,Bình Thuận,NTB,AM Nhựt
NTB - Bình Thuận,(BTH) Tuyên Quang,Hàng Mới Ca 2,2026-07-04 - Thứ 7,33,0.4848,0.4242,0.0303,6.57,13.9986,0.9999,15.9984,0.9999,18.0015,17.0016,0.5152,0.5455,33,Bình Thuận,NTB,AM Nhựt
NTB - Bình Thuận,(BTH) Tuyên Quang,Hàng Mới Ca 2,2026-06-20 - Thứ 7,35,0.4,0.3143,0.0286,6,11.0005,1.001,14,1.001,22.9985,21,0.6,0.6571,35,Bình Thuận,NTB,AM Nhựt
NTB - Bình Thuận,(BTH) Tuyên Quang,Hàng Mới Ca 2,2026-07-10 - Thứ 6,35,0.6,0.4857,0,4.47,16.9995,0,21,0,18.0005,14,0.4,0.5143,35,Bình Thuận,NTB,AM Nhựt
NTB - Bình Thuận,(BTH) Tuyên Quang,Hàng Mới Ca 2,2026-06-26 - Thứ 6,36,0.3333,0.2222,0,5.5,7.9992,0,11.9988,0,28.0008,24.0012,0.6667,0.7778,36,Bình Thuận,NTB,AM Nhựt
NTB - Bình Thuận,(BTH) Tuyên Quang,Hàng Mới Ca 2,2026-07-03 - Thứ 6,38,0.5,0.3684,0.0263,6.29,13.9992,0.9994,19,0.9994,23.0014,19,0.5,0.6053,38,Bình Thuận,NTB,AM Nhựt
NTB - Bình Thuận,(BTH) Tuyên Quang,Hàng Mới Ca 2,2026-07-12 - Chủ Nhật,41,0.7317,0.561,0,6.48,23.001,0,29.9997,0,17.999,11.0003,0.2683,0.439,41,Bình Thuận,NTB,AM Nhựt
NTB - Bình Thuận,(BTH) Tuyên Quang,Hàng Mới Ca 2,2026-06-27 - Thứ 7,41,0.7317,0.6341,0,6,25.9981,0,29.9997,0,15.0019,11.0003,0.2683,0.3659,41,Bình Thuận,NTB,AM Nhựt
NTB - Bình Thuận,(BTH) Tuyên Quang,Hàng Mới Ca 2,2026-07-17 - Thứ 6,42,0.4286,0.4048,0,5.41,17.0016,0,18.0012,0,24.9984,23.9988,0.5714,0.5952,42,Bình Thuận,NTB,AM Nhựt
NTB - Bình Thuận,(BTH) Tuyên Quang,Hàng Mới Ca 2,2026-07-08 - Thứ 4,44,0.5682,0.5455,0,5,24.002,0,25.0008,0,19.998,18.9992,0.4318,0.4545,44,Bình Thuận,NTB,AM Nhựt
NTB - Bình Thuận,(BTH) Tuyên Quang,Hàng Mới Ca 2,2026-06-25 - Thứ 5,46,0.6739,0.6304,0,5.76,28.9984,0,30.9994,0,17.0016,15.0006,0.3261,0.3696,46,Bình Thuận,NTB,AM Nhựt
NTB - Bình Thuận,(BTH) Tuyên Quang,Hàng Tồn,2026-06-30 - Thứ 3,11,1,0.8182,0,47.89,9.0002,0,11,0,1.9998,0,0,0.1818,0,Bình Thuận,NTB,AM Nhựt
NTB - Bình Thuận,(BTH) Tuyên Quang,Hàng Tồn,2026-06-23 - Thứ 3,13,1,0.8462,0,37.36,11.0006,0,13,0,1.9994,0,0,0.1538,0,Bình Thuận,NTB,AM Nhựt
NTB - Bình Thuận,(BTH) Tuyên Quang,Hàng Tồn,2026-07-01 - Thứ 4,17,1,0.5294,0.1176,40.33,8.9998,1.9992,17,1.9992,6.001,0,0,0.353,0,Bình Thuận,NTB,AM Nhựt
NTB - Bình Thuận,(BTH) Tuyên Quang,Hàng Tồn,2026-06-25 - Thứ 5,19,1,0.5263,0.0526,32.4,9.9997,0.9994,19,0.9994,8.0009,0,0,0.4211,0,Bình Thuận,NTB,AM Nhựt
NTB - Bình Thuận,(BTH) Tuyên Quang,Hàng Tồn,2026-07-07 - Thứ 3,19,1,0.5263,0.2105,28.4,9.9997,3.9995,19,3.9995,5.0008,0,0,0.2632,0,Bình Thuận,NTB,AM Nhựt
NTB - Bình Thuận,(BTH) Tuyên Quang,Hàng Tồn,2026-06-22 - Thứ 2,22,1,0.8636,0.0909,34.16,18.9992,1.9998,22,1.9998,1.001,0,0,0.0455,0,Bình Thuận,NTB,AM Nhựt
NTB - Bình Thuận,(BTH) Tuyên Quang,Hàng Tồn,2026-06-24 - Thứ 4,23,1,0.6957,0,40.38,16.0011,0,23,0,6.9989,0,0,0.3043,0,Bình Thuận,NTB,AM Nhựt
NTB - Bình Thuận,(BTH) Tuyên Quang,Hàng Tồn,2026-07-02 - Thứ 5,23,1,0.6087,0.087,35.07,14.0001,2.001,23,2.001,6.9989,0,0,0.3043,0,Bình Thuận,NTB,AM Nhựt
NTB - Bình Thuận,(BTH) Tuyên Quang,Hàng Tồn,2026-07-15 - Thứ 4,25,1,0.72,0.04,49.89,18,1,25,1,6,0,0,0.24,0,Bình Thuận,NTB,AM Nhựt
NTB - Bình Thuận,(BTH) Tuyên Quang,Hàng Tồn,2026-06-29 - Thứ 2,28,1,0.75,0.0714,30.86,21,1.9992,28,1.9992,5.0008,0,0,0.1786,0,Bình Thuận,NTB,AM Nhựt
NTB - Bình Thuận,(BTH) Tuyên Quang,Hàng Tồn,2026-07-09 - Thứ 5,29,1,0.7241,0.0345,30.52,20.9989,1.0005,29,1.0005,7.0006,0,0,0.2414,0,Bình Thuận,NTB,AM Nhựt
NTB - Bình Thuận,(BTH) Tuyên Quang,Hàng Tồn,2026-07-06 - Thứ 2,29,1,0.8276,0.0345,45.33,24.0004,1.0005,29,1.0005,3.9991,0,0,0.1379,0,Bình Thuận,NTB,AM Nhựt
NTB - Bình Thuận,(BTH) Tuyên Quang,Hàng Tồn,2026-07-05 - Chủ Nhật,30,0.9,0.5333,0.1333,31.13,15.999,3.999,27,3.999,10.002,3,0.1,0.3334,0,Bình Thuận,NTB,AM Nhựt
NTB - Bình Thuận,(BTH) Tuyên Quang,Hàng Tồn,2026-07-14 - Thứ 3,30,0.9667,0.6,0.0667,32.83,18,2.001,29.001,2.001,9.999,0.999,0.0333,0.3333,0,Bình Thuận,NTB,AM Nhựt
NTB - Bình Thuận,(BTH) Tuyên Quang,Hàng Tồn,2026-07-16 - Thứ 5,31,1,0.6129,0.0323,35.74,18.9999,1.0013,31,1.0013,10.9988,0,0,0.3548,0,Bình Thuận,NTB,AM Nhựt
NTB - Bình Thuận,(BTH) Tuyên Quang,Hàng Tồn,2026-07-03 - Thứ 6,31,1,0.6452,0.0645,31.7,20.0012,1.9995,31,1.9995,8.9993,0,0,0.2903,0,Bình Thuận,NTB,AM Nhựt
NTB - Bình Thuận,(BTH) Tuyên Quang,Hàng Tồn,2026-06-26 - Thứ 6,31,0.9355,0.6452,0,36.7,20.0012,0,29.0005,0,10.9988,1.9995,0.0645,0.3548,0,Bình Thuận,NTB,AM Nhựt
NTB - Bình Thuận,(BTH) Tuyên Quang,Hàng Tồn,2026-07-10 - Thứ 6,32,1,0.6875,0,33.09,22,0,32,0,10,0,0,0.3125,0,Bình Thuận,NTB,AM Nhựt
NTB - Bình Thuận,(BTH) Tuyên Quang,Hàng Tồn,2026-07-08 - Thứ 4,32,1,0.75,0.0313,29.75,24,1.0016,32,1.0016,6.9984,0,0,0.2187,0,Bình Thuận,NTB,AM Nhựt
NTB - Bình Thuận,(BTH) Tuyên Quang,Hàng Tồn,2026-07-17 - Thứ 6,33,1,0.6364,0.0303,37,21.0012,0.9999,33,0.9999,10.9989,0,0,0.3333,0,Bình Thuận,NTB,AM Nhựt
NTB - Bình Thuận,(BTH) Tuyên Quang,Hàng Tồn,2026-06-28 - Chủ Nhật,33,1,0.7576,0.0303,37.68,25.0008,0.9999,33,0.9999,6.9993,0,0,0.2121,0,Bình Thuận,NTB,AM Nhựt
NTB - Bình Thuận,(BTH) Tuyên Quang,Hàng Tồn,2026-07-04 - Thứ 7,33,1,0.6667,0.0303,34.95,22.0011,0.9999,33,0.9999,9.999,0,0,0.303,0,Bình Thuận,NTB,AM Nhựt
NTB - Bình Thuận,(BTH) Tuyên Quang,Hàng Tồn,2026-06-20 - Thứ 7,35,1,0.6571,0.0286,35.39,22.9985,1.001,35,1.001,11.0005,0,0,0.3143,0,Bình Thuận,NTB,AM Nhựt
NTB - Bình Thuận,(BTH) Tuyên Quang,Hàng Tồn,2026-06-21 - Chủ Nhật,37,1,0.7568,0,37.43,28.0016,0,37,0,8.9984,0,0,0.2432,0,Bình Thuận,NTB,AM Nhựt
NTB - Bình Thuận,(BTH) Tuyên Quang,Hàng Tồn,2026-07-12 - Chủ Nhật,38,1,0.6842,0.0789,44.96,25.9996,2.9982,38,2.9982,9.0022,0,0,0.2369,0,Bình Thuận,NTB,AM Nhựt
NTB - Bình Thuận,(BTH) Tuyên Quang,Hàng Tồn,2026-07-11 - Thứ 7,41,1,0.5366,0.0244,31.77,22.0006,1.0004,41,1.0004,17.999,0,0,0.439,0,Bình Thuận,NTB,AM Nhựt
NTB - Bình Thuận,(BTH) Tuyên Quang,Hàng Tồn,2026-07-13 - Thứ 2,43,1,0.7209,0.1163,32.71,30.9987,5.0009,43,5.0009,7.0004,0,0,0.1628,0,Bình Thuận,NTB,AM Nhựt
NTB - Bình Thuận,(BTH) Tuyên Quang,Hàng Tồn,2026-06-27 - Thứ 7,45,1,0.6667,0.0222,34.5,30.0015,0.999,45,0.999,13.9995,0,0,0.3111,0,Bình Thuận,NTB,AM Nhựt
NTB - Bình Thuận,(BTH) Phước Hội,Hàng Mới Ca 1,2026-07-17 - Thứ 6,62,1,0.8065,0.0323,7.26,50.003,2.0026,62,2.0026,9.9944,0,0,0.1612,62,Bình Thuận,NTB,AM Khánh
NTB - Bình Thuận,(BTH) Phước Hội,Hàng Mới Ca 1,2026-07-09 - Thứ 5,85,1,0.8941,0.0235,6.96,75.9985,1.9975,85,1.9975,7.004,0,0,0.0824,85,Bình Thuận,NTB,AM Khánh
NTB - Bình Thuận,(BTH) Phước Hội,Hàng Mới Ca 1,2026-07-10 - Thứ 6,66,0.9848,0.9242,0,5.51,60.9972,0,64.9968,0,5.0028,1.0032,0.0152,0.0758,66,Bình Thuận,NTB,AM Khánh
NTB - Bình Thuận,(BTH) Phước Hội,Hàng Mới Ca 1,2026-06-25 - Thứ 5,61,1,0.9016,0,7.25,54.9976,0,61,0,6.0024,0,0,0.0984,61,Bình Thuận,NTB,AM Khánh
NTB - Bình Thuận,(BTH) Phước Hội,Hàng Mới Ca 1,2026-07-06 - Thứ 2,22,0.9545,0.7727,0,7.76,16.9994,0,20.999,0,5.0006,1.001,0.0455,0.2273,22,Bình Thuận,NTB,AM Khánh
NTB - Bình Thuận,(BTH) Phước Hội,Hàng Mới Ca 1,2026-06-29 - Thứ 2,25,1,0.92,0,4.65,23,0,25,0,2,0,0,0.08,25,Bình Thuận,NTB,AM Khánh
NTB - Bình Thuận,(BTH) Phước Hội,Hàng Mới Ca 1,2026-07-07 - Thứ 3,26,1,0.9231,0,3.88,24.0006,0,26,0,1.9994,0,0,0.0769,26,Bình Thuận,NTB,AM Khánh
NTB - Bình Thuận,(BTH) Phước Hội,Hàng Mới Ca 1,2026-06-24 - Thứ 4,27,1,0.963,0,6.88,26.001,0,27,0,0.999,0,0,0.037,27,Bình Thuận,NTB,AM Khánh
NTB - Bình Thuận,(BTH) Phước Hội,Hàng Mới Ca 1,2026-06-21 - Chủ Nhật,28,0.9643,0.8214,0.0714,5.26,22.9992,1.9992,27.0004,1.9992,3.0016,0.9996,0.0357,0.1072,28,Bình Thuận,NTB,AM Khánh
NTB - Bình Thuận,(BTH) Phước Hội,Hàng Mới Ca 1,2026-07-15 - Thứ 4,31,1,0.8387,0.0645,4.38,25.9997,1.9995,31,1.9995,3.0008,0,0,0.0968,31,Bình Thuận,NTB,AM Khánh
NTB - Bình Thuận,(BTH) Phước Hội,Hàng Mới Ca 1,2026-06-23 - Thứ 3,33,0.9394,0.7879,0,6.27,26.0007,0,31.0002,0,6.9993,1.9998,0.0606,0.2121,33,Bình Thuận,NTB,AM Khánh
NTB - Bình Thuận,(BTH) Phước Hội,Hàng Mới Ca 1,2026-06-28 - Chủ Nhật,35,1,0.8857,0.0286,6.39,30.9995,1.001,35,1.001,2.9995,0,0,0.0857,35,Bình Thuận,NTB,AM Khánh
NTB - Bình Thuận,(BTH) Phước Hội,Hàng Mới Ca 1,2026-07-03 - Thứ 6,36,1,0.9722,0,4.91,34.9992,0,36,0,1.0008,0,0,0.0278,36,Bình Thuận,NTB,AM Khánh
NTB - Bình Thuận,(BTH) Phước Hội,Hàng Mới Ca 1,2026-07-05 - Chủ Nhật,37,1,0.8108,0,5.63,29.9996,0,37,0,7.0004,0,0,0.1892,37,Bình Thuận,NTB,AM Khánh
NTB - Bình Thuận,(BTH) Phước Hội,Hàng Mới Ca 1,2026-06-20 - Thứ 7,37,1,0.973,0,6.97,36.001,0,37,0,0.999,0,0,0.027,37,Bình Thuận,NTB,AM Khánh
NTB - Bình Thuận,(BTH) Phước Hội,Hàng Mới Ca 1,2026-07-14 - Thứ 3,37,1,0.8649,0.027,5.78,32.0013,0.999,37,0.999,3.9997,0,0,0.1081,37,Bình Thuận,NTB,AM Khánh
NTB - Bình Thuận,(BTH) Phước Hội,Hàng Mới Ca 1,2026-07-12 - Chủ Nhật,39,1,0.8974,0,8.03,34.9986,0,39,0,4.0014,0,0,0.1026,39,Bình Thuận,NTB,AM Khánh
NTB - Bình Thuận,(BTH) Phước Hội,Hàng Mới Ca 1,2026-06-30 - Thứ 3,40,1,0.95,0.025,5.53,38,1,40,1,1,0,0,0.025,40,Bình Thuận,NTB,AM Khánh
NTB - Bình Thuận,(BTH) Phước Hội,Hàng Mới Ca 1,2026-07-01 - Thứ 4,42,0.9524,0.9286,0,6.23,39.0012,0,40.0008,0,2.9988,1.9992,0.0476,0.0714,42,Bình Thuận,NTB,AM Khánh
NTB - Bình Thuận,(BTH) Phước Hội,Hàng Mới Ca 1,2026-07-13 - Thứ 2,42,0.9762,0.8095,0.0238,5.91,33.999,0.9996,41.0004,0.9996,7.0014,0.9996,0.0238,0.1667,42,Bình Thuận,NTB,AM Khánh
NTB - Bình Thuận,(BTH) Phước Hội,Hàng Mới Ca 1,2026-06-22 - Thứ 2,43,1,0.8837,0.0465,5.87,37.9991,1.9995,43,1.9995,3.0014,0,0,0.0698,43,Bình Thuận,NTB,AM Khánh
NTB - Bình Thuận,(BTH) Phước Hội,Hàng Mới Ca 1,2026-06-26 - Thứ 6,44,1,0.9773,0,5.05,43.0012,0,44,0,0.9988,0,0,0.0227,44,Bình Thuận,NTB,AM Khánh
NTB - Bình Thuận,(BTH) Phước Hội,Hàng Mới Ca 1,2026-07-16 - Thứ 5,44,1,0.9773,0,6.16,43.0012,0,44,0,0.9988,0,0,0.0227,44,Bình Thuận,NTB,AM Khánh
NTB - Bình Thuận,(BTH) Phước Hội,Hàng Mới Ca 1,2026-07-04 - Thứ 7,44,1,0.9545,0,4.76,41.998,0,44,0,2.002,0,0,0.0455,44,Bình Thuận,NTB,AM Khánh
NTB - Bình Thuận,(BTH) Phước Hội,Hàng Mới Ca 1,2026-07-02 - Thứ 5,47,1,0.9149,0,6.07,43.0003,0,47,0,3.9997,0,0,0.0851,47,Bình Thuận,NTB,AM Khánh
NTB - Bình Thuận,(BTH) Phước Hội,Hàng Mới Ca 1,2026-07-11 - Thứ 7,49,0.9592,0.8776,0.0408,6.53,43.0024,1.9992,47.0008,1.9992,3.9984,1.9992,0.0408,0.0816,49,Bình Thuận,NTB,AM Khánh
NTB - Bình Thuận,(BTH) Phước Hội,Hàng Mới Ca 1,2026-07-08 - Thứ 4,55,0.9818,0.8545,0.0182,5,46.9975,1.001,53.999,1.001,7.0015,1.001,0.0182,0.1273,55,Bình Thuận,NTB,AM Khánh
NTB - Bình Thuận,(BTH) Phước Hội,Hàng Mới Ca 1,2026-06-27 - Thứ 7,55,0.9818,0.9273,0.0182,5.25,51.0015,1.001,53.999,1.001,2.9975,1.001,0.0182,0.0545,55,Bình Thuận,NTB,AM Khánh
NTB - Bình Thuận,(BTH) Phước Hội,Hàng Mới Ca 2,2026-06-21 - Chủ Nhật,13,0.8462,0.8462,0,3.09,11.0006,0,11.0006,0,1.9994,1.9994,0.1538,0.1538,13,Bình Thuận,NTB,AM Khánh
NTB - Bình Thuận,(BTH) Phước Hội,Hàng Mới Ca 2,2026-07-05 - Chủ Nhật,14,0.4286,0.2857,0.0714,1.5,3.9998,0.9996,6.0004,0.9996,9.0006,7.9996,0.5714,0.6429,14,Bình Thuận,NTB,AM Khánh
NTB - Bình Thuận,(BTH) Phước Hội,Hàng Mới Ca 2,2026-07-13 - Thứ 2,15,0.8667,0.7333,0,3.55,10.9995,0,13.0005,0,4.0005,1.9995,0.1333,0.2667,15,Bình Thuận,NTB,AM Khánh
NTB - Bình Thuận,(BTH) Phước Hội,Hàng Mới Ca 2,2026-06-22 - Thứ 2,17,0.8824,0.7059,0.0588,3.36,12.0003,0.9996,15.0008,0.9996,4.0001,1.9992,0.1176,0.2353,17,Bình Thuận,NTB,AM Khánh
NTB - Bình Thuận,(BTH) Phước Hội,Hàng Mới Ca 2,2026-06-29 - Thứ 2,17,1,0.9412,0,3.13,16.0004,0,17,0,0.9996,0,0,0.0588,17,Bình Thuận,NTB,AM Khánh
NTB - Bình Thuận,(BTH) Phước Hội,Hàng Mới Ca 2,2026-06-26 - Thứ 6,17,0.7059,0.5294,0,3.33,8.9998,0,12.0003,0,8.0002,4.9997,0.2941,0.4706,17,Bình Thuận,NTB,AM Khánh
NTB - Bình Thuận,(BTH) Phước Hội,Hàng Mới Ca 2,2026-07-06 - Thứ 2,18,0.6111,0.4444,0,3.5,7.9992,0,10.9998,0,10.0008,7.0002,0.3889,0.5556,18,Bình Thuận,NTB,AM Khánh
NTB - Bình Thuận,(BTH) Phước Hội,Hàng Mới Ca 2,2026-06-25 - Thứ 5,19,0.7895,0.6316,0,4,12.0004,0,15.0005,0,6.9996,3.9995,0.2105,0.3684,19,Bình Thuận,NTB,AM Khánh
NTB - Bình Thuận,(BTH) Phước Hội,Hàng Mới Ca 2,2026-06-28 - Chủ Nhật,19,0.6842,0.4211,0.0526,3.38,8.0009,0.9994,12.9998,0.9994,9.9997,6.0002,0.3158,0.5263,19,Bình Thuận,NTB,AM Khánh
NTB - Bình Thuận,(BTH) Phước Hội,Hàng Mới Ca 2,2026-07-14 - Thứ 3,20,0.6,0.55,0,4.18,11,0,12,0,9,8,0.4,0.45,20,Bình Thuận,NTB,AM Khánh
NTB - Bình Thuận,(BTH) Phước Hội,Hàng Mới Ca 2,2026-07-16 - Thứ 5,22,0.7727,0.7727,0,3.35,16.9994,0,16.9994,0,5.0006,5.0006,0.2273,0.2273,22,Bình Thuận,NTB,AM Khánh
NTB - Bình Thuận,(BTH) Phước Hội,Hàng Mới Ca 2,2026-07-07 - Thứ 3,23,0.6087,0.5652,0,2.46,12.9996,0,14.0001,0,10.0004,8.9999,0.3913,0.4348,23,Bình Thuận,NTB,AM Khánh
NTB - Bình Thuận,(BTH) Phước Hội,Hàng Mới Ca 2,2026-07-04 - Thứ 7,24,0.7917,0.7083,0,3.82,16.9992,0,19.0008,0,7.0008,4.9992,0.2083,0.2917,24,Bình Thuận,NTB,AM Khánh
NTB - Bình Thuận,(BTH) Phước Hội,Hàng Mới Ca 2,2026-07-01 - Thứ 4,25,0.88,0.76,0,3.58,19,0,22,0,6,3,0.12,0.24,25,Bình Thuận,NTB,AM Khánh
NTB - Bình Thuận,(BTH) Phước Hội,Hàng Mới Ca 2,2026-06-24 - Thứ 4,26,0.8077,0.7308,0.0385,3.89,19.0008,1.001,21.0002,1.001,5.9982,4.9998,0.1923,0.2307,26,Bình Thuận,NTB,AM Khánh
NTB - Bình Thuận,(BTH) Phước Hội,Hàng Mới Ca 2,2026-06-23 - Thứ 3,27,0.6296,0.4444,0,3.75,11.9988,0,16.9992,0,15.0012,10.0008,0.3704,0.5556,27,Bình Thuận,NTB,AM Khánh
NTB - Bình Thuận,(BTH) Phước Hội,Hàng Mới Ca 2,2026-06-27 - Thứ 7,27,0.7778,0.7407,0,4.3,19.9989,0,21.0006,0,7.0011,5.9994,0.2222,0.2593,27,Bình Thuận,NTB,AM Khánh
NTB - Bình Thuận,(BTH) Phước Hội,Hàng Mới Ca 2,2026-07-02 - Thứ 5,28,0.4643,0.3214,0,4.44,8.9992,0,13.0004,0,19.0008,14.9996,0.5357,0.6786,28,Bình Thuận,NTB,AM Khánh
NTB - Bình Thuận,(BTH) Phước Hội,Hàng Mới Ca 2,2026-07-17 - Thứ 6,30,0.7667,0.7,0,3.33,21,0,23.001,0,9,6.999,0.2333,0.3,30,Bình Thuận,NTB,AM Khánh
NTB - Bình Thuận,(BTH) Phước Hội,Hàng Mới Ca 2,2026-07-09 - Thứ 5,32,0.8125,0.625,0,4.1,20,0,26,0,12,6,0.1875,0.375,32,Bình Thuận,NTB,AM Khánh
NTB - Bình Thuận,(BTH) Phước Hội,Hàng Mới Ca 2,2026-07-10 - Thứ 6,32,0.7813,0.6875,0,3.41,22,0,25.0016,0,10,6.9984,0.2187,0.3125,32,Bình Thuận,NTB,AM Khánh
NTB - Bình Thuận,(BTH) Phước Hội,Hàng Mới Ca 2,2026-06-30 - Thứ 3,33,0.8485,0.697,0,2,23.001,0,28.0005,0,9.999,4.9995,0.1515,0.303,33,Bình Thuận,NTB,AM Khánh
NTB - Bình Thuận,(BTH) Phước Hội,Hàng Mới Ca 2,2026-07-15 - Thứ 4,35,0.6857,0.5429,0,3.58,19.0015,0,23.9995,0,15.9985,11.0005,0.3143,0.4571,35,Bình Thuận,NTB,AM Khánh
NTB - Bình Thuận,(BTH) Phước Hội,Hàng Mới Ca 2,2026-06-20 - Thứ 7,40,0.875,0.775,0,3.65,31,0,35,0,9,5,0.125,0.225,40,Bình Thuận,NTB,AM Khánh
NTB - Bình Thuận,(BTH) Phước Hội,Hàng Mới Ca 2,2026-07-11 - Thứ 7,41,0.6585,0.5122,0.0244,3.81,21.0002,1.0004,26.9985,1.0004,18.9994,14.0015,0.3415,0.4634,41,Bình Thuận,NTB,AM Khánh
NTB - Bình Thuận,(BTH) Phước Hội,Hàng Mới Ca 2,2026-07-08 - Thứ 4,42,0.5238,0.4286,0.0476,3.06,18.0012,1.9992,21.9996,1.9992,21.9996,20.0004,0.4762,0.5238,42,Bình Thuận,NTB,AM Khánh
NTB - Bình Thuận,(BTH) Phước Hội,Hàng Mới Ca 2,2026-07-12 - Chủ Nhật,43,0.5814,0.5581,0,3.96,23.9983,0,25.0002,0,19.0017,17.9998,0.4186,0.4419,43,Bình Thuận,NTB,AM Khánh
NTB - Bình Thuận,(BTH) Phước Hội,Hàng Mới Ca 2,2026-07-03 - Thứ 6,46,0.587,0.5435,0,3.72,25.001,0,27.002,0,20.999,18.998,0.413,0.4565,46,Bình Thuận,NTB,AM Khánh
NTB - Bình Thuận,(BTH) Phước Hội,Hàng Tồn,2026-06-30 - Thứ 3,9,1,0.4444,0,49,3.9996,0,9,0,5.0004,0,0,0.5556,0,Bình Thuận,NTB,AM Khánh
NTB - Bình Thuận,(BTH) Phước Hội,Hàng Tồn,2026-06-23 - Thứ 3,9,1,0.4444,0.1111,28.5,3.9996,0.9999,9,0.9999,4.0005,0,0,0.4445,0,Bình Thuận,NTB,AM Khánh
NTB - Bình Thuận,(BTH) Phước Hội,Hàng Tồn,2026-06-22 - Thứ 2,9,0.7778,0.6667,0.1111,33.67,6.0003,0.9999,7.0002,0.9999,1.9998,1.9998,0.2222,0.2222,0,Bình Thuận,NTB,AM Khánh
NTB - Bình Thuận,(BTH) Phước Hội,Hàng Tồn,2026-06-28 - Chủ Nhật,10,1,0.7,0.1,25.71,7,1,10,1,2,0,0,0.2,0,Bình Thuận,NTB,AM Khánh
NTB - Bình Thuận,(BTH) Phước Hội,Hàng Tồn,2026-06-21 - Chủ Nhật,12,1,0.5,0.0833,23.2,6,0.9996,12,0.9996,5.0004,0,0,0.4167,0,Bình Thuận,NTB,AM Khánh
NTB - Bình Thuận,(BTH) Phước Hội,Hàng Tồn,2026-07-17 - Thứ 6,12,1,0.4167,0,30.4,5.0004,0,12,0,6.9996,0,0,0.5833,0,Bình Thuận,NTB,AM Khánh
NTB - Bình Thuận,(BTH) Phước Hội,Hàng Tồn,2026-07-01 - Thứ 4,12,1,0.4167,0.0833,25.2,5.0004,0.9996,12,0.9996,6,0,0,0.5,0,Bình Thuận,NTB,AM Khánh
NTB - Bình Thuận,(BTH) Phước Hội,Hàng Tồn,2026-06-27 - Thứ 7,14,1,0.6429,0.1429,29.67,9.0006,2.0006,14,2.0006,2.9988,0,0,0.2142,0,Bình Thuận,NTB,AM Khánh
NTB - Bình Thuận,(BTH) Phước Hội,Hàng Tồn,2026-07-05 - Chủ Nhật,15,1,0.7333,0,31.18,10.9995,0,15,0,4.0005,0,0,0.2667,0,Bình Thuận,NTB,AM Khánh
NTB - Bình Thuận,(BTH) Phước Hội,Hàng Tồn,2026-07-02 - Thứ 5,15,1,0.6,0.1333,37.56,9,1.9995,15,1.9995,4.0005,0,0,0.2667,0,Bình Thuận,NTB,AM Khánh
NTB - Bình Thuận,(BTH) Phước Hội,Hàng Tồn,2026-06-29 - Thứ 2,15,1,0.6,0,23.67,9,0,15,0,6,0,0,0.4,0,Bình Thuận,NTB,AM Khánh
NTB - Bình Thuận,(BTH) Phước Hội,Hàng Tồn,2026-07-15 - Thứ 4,16,1,0.75,0.125,28.58,12,2,16,2,2,0,0,0.125,0,Bình Thuận,NTB,AM Khánh
NTB - Bình Thuận,(BTH) Phước Hội,Hàng Tồn,2026-07-07 - Thứ 3,16,1,0.625,0,25.6,10,0,16,0,6,0,0,0.375,0,Bình Thuận,NTB,AM Khánh
NTB - Bình Thuận,(BTH) Phước Hội,Hàng Tồn,2026-06-26 - Thứ 6,17,0.9412,0.5882,0.0588,27.9,9.9994,0.9996,16.0004,0.9996,6.001,0.9996,0.0588,0.353,0,Bình Thuận,NTB,AM Khánh
NTB - Bình Thuận,(BTH) Phước Hội,Hàng Tồn,2026-06-25 - Thứ 5,17,1,0.5294,0.1765,37,8.9998,3.0005,17,3.0005,4.9997,0,0,0.2941,0,Bình Thuận,NTB,AM Khánh
NTB - Bình Thuận,(BTH) Phước Hội,Hàng Tồn,2026-07-08 - Thứ 4,18,1,0.7778,0,31.07,14.0004,0,18,0,3.9996,0,0,0.2222,0,Bình Thuận,NTB,AM Khánh
NTB - Bình Thuận,(BTH) Phước Hội,Hàng Tồn,2026-07-14 - Thứ 3,20,1,0.7,0.15,39.79,14,3,20,3,3,0,0,0.15,0,Bình Thuận,NTB,AM Khánh
NTB - Bình Thuận,(BTH) Phước Hội,Hàng Tồn,2026-07-06 - Thứ 2,20,1,0.85,0.05,32.47,17,1,20,1,2,0,0,0.1,0,Bình Thuận,NTB,AM Khánh
NTB - Bình Thuận,(BTH) Phước Hội,Hàng Tồn,2026-07-16 - Thứ 5,21,1,0.6667,0.0476,30.36,14.0007,0.9996,21,0.9996,5.9997,0,0,0.2857,0,Bình Thuận,NTB,AM Khánh
NTB - Bình Thuận,(BTH) Phước Hội,Hàng Tồn,2026-06-20 - Thứ 7,24,1,0.7917,0.125,29.63,19.0008,3,24,3,1.9992,0,0,0.0833,0,Bình Thuận,NTB,AM Khánh
NTB - Bình Thuận,(BTH) Phước Hội,Hàng Tồn,2026-06-24 - Thứ 4,26,0.9615,0.5769,0,31.27,14.9994,0,24.999,0,11.0006,1.001,0.0385,0.4231,0,Bình Thuận,NTB,AM Khánh
NTB - Bình Thuận,(BTH) Phước Hội,Hàng Tồn,2026-07-11 - Thứ 7,26,1,0.6154,0,42.88,16.0004,0,26,0,9.9996,0,0,0.3846,0,Bình Thuận,NTB,AM Khánh
NTB - Bình Thuận,(BTH) Phước Hội,Hàng Tồn,2026-07-04 - Thứ 7,26,1,0.7308,0.0385,26.16,19.0008,1.001,26,1.001,5.9982,0,0,0.2307,0,Bình Thuận,NTB,AM Khánh
NTB - Bình Thuận,(BTH) Phước Hội,Hàng Tồn,2026-07-13 - Thứ 2,28,1,0.5714,0.0357,28.38,15.9992,0.9996,28,0.9996,11.0012,0,0,0.3929,0,Bình Thuận,NTB,AM Khánh
NTB - Bình Thuận,(BTH) Phước Hội,Hàng Tồn,2026-07-03 - Thứ 6,28,1,0.75,0.0357,26.19,21,0.9996,28,0.9996,6.0004,0,0,0.2143,0,Bình Thuận,NTB,AM Khánh
NTB - Bình Thuận,(BTH) Phước Hội,Hàng Tồn,2026-07-10 - Thứ 6,29,1,0.5862,0,33.35,16.9998,0,29,0,12.0002,0,0,0.4138,0,Bình Thuận,NTB,AM Khánh
NTB - Bình Thuận,(BTH) Phước Hội,Hàng Tồn,2026-07-09 - Thứ 5,31,1,0.6452,0.0323,26.6,20.0012,1.0013,31,1.0013,9.9975,0,0,0.3225,0,Bình Thuận,NTB,AM Khánh
NTB - Bình Thuận,(BTH) Phước Hội,Hàng Tồn,2026-07-12 - Chủ Nhật,31,1,0.8065,0,35.4,25.0015,0,31,0,5.9985,0,0,0.1935,0,Bình Thuận,NTB,AM Khánh
NTB - Bình Thuận,(BTH) Phú Thủy,Hàng Mới Ca 1,2026-07-15 - Thứ 4,59,1,0.8136,0,4.54,48.0024,0,59,0,10.9976,0,0,0.1864,59,Bình Thuận,NTB,AM Khánh
NTB - Bình Thuận,(BTH) Phú Thủy,Hàng Mới Ca 1,2026-06-26 - Thứ 6,101,0.9703,0.8614,0.0099,8.92,87.0014,0.9999,98.0003,0.9999,12.9987,2.9997,0.0297,0.1287,101,Bình Thuận,NTB,AM Khánh
NTB - Bình Thuận,(BTH) Phú Thủy,Hàng Mới Ca 1,2026-06-24 - Thứ 4,56,1,0.8393,0.0179,4.87,47.0008,1.0024,56,1.0024,7.9968,0,0,0.1428,56,Bình Thuận,NTB,AM Khánh
NTB - Bình Thuận,(BTH) Phú Thủy,Hàng Mới Ca 1,2026-07-17 - Thứ 6,64,1,0.8438,0.0313,5.89,54.0032,2.0032,64,2.0032,7.9936,0,0,0.1249,64,Bình Thuận,NTB,AM Khánh
NTB - Bình Thuận,(BTH) Phú Thủy,Hàng Mới Ca 1,2026-07-11 - Thứ 7,124,1,0.8468,0.0323,5.94,105.0032,4.0052,124,4.0052,14.9916,0,0,0.1209,124,Bình Thuận,NTB,AM Khánh
NTB - Bình Thuận,(BTH) Phú Thủy,Hàng Mới Ca 1,2026-07-09 - Thứ 5,106,1,0.8585,0.0189,4.23,91.001,2.0034,106,2.0034,12.9956,0,0,0.1226,106,Bình Thuận,NTB,AM Khánh
NTB - Bình Thuận,(BTH) Phú Thủy,Hàng Mới Ca 1,2026-07-14 - Thứ 3,71,1,0.8451,0.0141,6.07,60.0021,1.0011,71,1.0011,9.9968,0,0,0.1408,71,Bình Thuận,NTB,AM Khánh
NTB - Bình Thuận,(BTH) Phú Thủy,Hàng Mới Ca 1,2026-07-16 - Thứ 5,88,1,0.8182,0.0341,4.1,72.0016,3.0008,88,3.0008,12.9976,0,0,0.1477,88,Bình Thuận,NTB,AM Khánh
NTB - Bình Thuận,(BTH) Phú Thủy,Hàng Mới Ca 1,2026-07-12 - Chủ Nhật,116,1,0.8534,0,6.31,98.9944,0,116,0,17.0056,0,0,0.1466,116,Bình Thuận,NTB,AM Khánh
NTB - Bình Thuận,(BTH) Phú Thủy,Hàng Mới Ca 1,2026-07-02 - Thứ 5,60,1,0.7667,0.0167,6.48,46.002,1.002,60,1.002,12.996,0,0,0.2166,60,Bình Thuận,NTB,AM Khánh
NTB - Bình Thuận,(BTH) Phú Thủy,Hàng Mới Ca 1,2026-07-04 - Thứ 7,86,1,0.8488,0,4.77,72.9968,0,86,0,13.0032,0,0,0.1512,86,Bình Thuận,NTB,AM Khánh
NTB - Bình Thuận,(BTH) Phú Thủy,Hàng Mới Ca 1,2026-07-10 - Thứ 6,155,0.9935,0.9355,0.0194,9.71,145.0025,3.007,153.9925,3.007,6.9905,1.0075,0.0065,0.0451,155,Bình Thuận,NTB,AM Khánh
NTB - Bình Thuận,(BTH) Phú Thủy,Hàng Mới Ca 1,2026-07-08 - Thứ 4,91,1,0.9121,0.033,5.34,83.0011,3.003,91,3.003,4.9959,0,0,0.0549,91,Bình Thuận,NTB,AM Khánh
NTB - Bình Thuận,(BTH) Phú Thủy,Hàng Mới Ca 1,2026-06-22 - Thứ 2,64,1,0.875,0.0469,6.45,56,3.0016,64,3.0016,4.9984,0,0,0.0781,64,Bình Thuận,NTB,AM Khánh
NTB - Bình Thuận,(BTH) Phú Thủy,Hàng Mới Ca 1,2026-06-20 - Thứ 7,64,1,0.875,0.0156,4.77,56,0.9984,64,0.9984,7.0016,0,0,0.1094,64,Bình Thuận,NTB,AM Khánh
NTB - Bình Thuận,(BTH) Phú Thủy,Hàng Mới Ca 1,2026-06-27 - Thứ 7,103,0.9903,0.9029,0,7.92,92.9987,0,102.0009,0,10.0013,0.9991,0.0097,0.0971,103,Bình Thuận,NTB,AM Khánh
NTB - Bình Thuận,(BTH) Phú Thủy,Hàng Mới Ca 1,2026-06-29 - Thứ 2,79,1,0.7975,0,8.54,63.0025,0,79,0,15.9975,0,0,0.2025,79,Bình Thuận,NTB,AM Khánh
NTB - Bình Thuận,(BTH) Phú Thủy,Hàng Mới Ca 1,2026-06-28 - Chủ Nhật,76,1,0.8421,0,4.16,63.9996,0,76,0,12.0004,0,0,0.1579,76,Bình Thuận,NTB,AM Khánh
NTB - Bình Thuận,(BTH) Phú Thủy,Hàng Mới Ca 1,2026-06-25 - Thứ 5,79,1,0.8734,0.038,10.54,68.9986,3.002,79,3.002,6.9994,0,0,0.0886,79,Bình Thuận,NTB,AM Khánh
NTB - Bình Thuận,(BTH) Phú Thủy,Hàng Mới Ca 1,2026-06-30 - Thứ 3,56,1,0.7857,0.0179,6.14,43.9992,1.0024,56,1.0024,10.9984,0,0,0.1964,56,Bình Thuận,NTB,AM Khánh
NTB - Bình Thuận,(BTH) Phú Thủy,Hàng Mới Ca 1,2026-07-06 - Thứ 2,37,1,0.8108,0.0541,5.93,29.9996,2.0017,37,2.0017,4.9987,0,0,0.1351,37,Bình Thuận,NTB,AM Khánh
NTB - Bình Thuận,(BTH) Phú Thủy,Hàng Mới Ca 1,2026-07-13 - Thứ 2,39,1,0.8205,0,5.84,31.9995,0,39,0,7.0005,0,0,0.1795,39,Bình Thuận,NTB,AM Khánh
NTB - Bình Thuận,(BTH) Phú Thủy,Hàng Mới Ca 1,2026-07-07 - Thứ 3,44,1,0.9091,0,6.05,40.0004,0,44,0,3.9996,0,0,0.0909,44,Bình Thuận,NTB,AM Khánh
NTB - Bình Thuận,(BTH) Phú Thủy,Hàng Mới Ca 1,2026-07-05 - Chủ Nhật,47,0.9787,0.8723,0,5.34,40.9981,0,45.9989,0,6.0019,1.0011,0.0213,0.1277,47,Bình Thuận,NTB,AM Khánh
NTB - Bình Thuận,(BTH) Phú Thủy,Hàng Mới Ca 1,2026-06-21 - Chủ Nhật,49,1,0.898,0.0204,5.2,44.002,0.9996,49,0.9996,3.9984,0,0,0.0816,49,Bình Thuận,NTB,AM Khánh
NTB - Bình Thuận,(BTH) Phú Thủy,Hàng Mới Ca 1,2026-06-23 - Thứ 3,50,1,0.94,0.02,4.57,47,1,50,1,2,0,0,0.04,50,Bình Thuận,NTB,AM Khánh
NTB - Bình Thuận,(BTH) Phú Thủy,Hàng Mới Ca 1,2026-07-03 - Thứ 6,51,1,0.9216,0,5.02,47.0016,0,51,0,3.9984,0,0,0.0784,51,Bình Thuận,NTB,AM Khánh
NTB - Bình Thuận,(BTH) Phú Thủy,Hàng Mới Ca 1,2026-07-01 - Thứ 4,55,1,0.8182,0.0364,4.78,45.001,2.002,55,2.002,7.997,0,0,0.1454,55,Bình Thuận,NTB,AM Khánh
NTB - Bình Thuận,(BTH) Phú Thủy,Hàng Mới Ca 2,2026-06-28 - Chủ Nhật,12,0.8333,0.8333,0,2.8,9.9996,0,9.9996,0,2.0004,2.0004,0.1667,0.1667,12,Bình Thuận,NTB,AM Khánh
NTB - Bình Thuận,(BTH) Phú Thủy,Hàng Mới Ca 2,2026-06-25 - Thứ 5,16,0.875,0.6875,0.0625,3.55,11,1,14,1,4,2,0.125,0.25,16,Bình Thuận,NTB,AM Khánh
NTB - Bình Thuận,(BTH) Phú Thủy,Hàng Mới Ca 2,2026-06-21 - Chủ Nhật,20,0.75,0.7,0,3.5,14,0,15,0,6,5,0.25,0.3,20,Bình Thuận,NTB,AM Khánh
NTB - Bình Thuận,(BTH) Phú Thủy,Hàng Mới Ca 2,2026-06-29 - Thứ 2,20,0.75,0.7,0,5.29,14,0,15,0,6,5,0.25,0.3,20,Bình Thuận,NTB,AM Khánh
NTB - Bình Thuận,(BTH) Phú Thủy,Hàng Mới Ca 2,2026-07-14 - Thứ 3,24,0.875,0.75,0,4.06,18,0,21,0,6,3,0.125,0.25,24,Bình Thuận,NTB,AM Khánh
NTB - Bình Thuận,(BTH) Phú Thủy,Hàng Mới Ca 2,2026-07-03 - Thứ 6,25,0.76,0.52,0,4.77,13,0,19,0,12,6,0.24,0.48,25,Bình Thuận,NTB,AM Khánh
NTB - Bình Thuận,(BTH) Phú Thủy,Hàng Mới Ca 2,2026-07-09 - Thứ 5,25,0.88,0.8,0,3.45,20,0,22,0,5,3,0.12,0.2,25,Bình Thuận,NTB,AM Khánh
NTB - Bình Thuận,(BTH) Phú Thủy,Hàng Mới Ca 2,2026-07-06 - Thứ 2,25,0.92,0.76,0,3.63,19,0,23,0,6,2,0.08,0.24,25,Bình Thuận,NTB,AM Khánh
NTB - Bình Thuận,(BTH) Phú Thủy,Hàng Mới Ca 2,2026-07-16 - Thứ 5,26,0.8846,0.8462,0,3.68,22.0012,0,22.9996,0,3.9988,3.0004,0.1154,0.1538,26,Bình Thuận,NTB,AM Khánh
NTB - Bình Thuận,(BTH) Phú Thủy,Hàng Mới Ca 2,2026-07-13 - Thứ 2,26,0.7308,0.5385,0,3.86,14.001,0,19.0008,0,11.999,6.9992,0.2692,0.4615,26,Bình Thuận,NTB,AM Khánh
NTB - Bình Thuận,(BTH) Phú Thủy,Hàng Mới Ca 2,2026-06-26 - Thứ 6,27,0.7778,0.7037,0,3.37,18.9999,0,21.0006,0,8.0001,5.9994,0.2222,0.2963,27,Bình Thuận,NTB,AM Khánh
NTB - Bình Thuận,(BTH) Phú Thủy,Hàng Mới Ca 2,2026-07-07 - Thứ 3,28,0.8929,0.7857,0,3.73,21.9996,0,25.0012,0,6.0004,2.9988,0.1071,0.2143,28,Bình Thuận,NTB,AM Khánh
NTB - Bình Thuận,(BTH) Phú Thủy,Hàng Mới Ca 2,2026-06-23 - Thứ 3,30,0.9,0.7667,0,4.39,23.001,0,27,0,6.999,3,0.1,0.2333,30,Bình Thuận,NTB,AM Khánh
NTB - Bình Thuận,(BTH) Phú Thủy,Hàng Mới Ca 2,2026-06-22 - Thứ 2,30,0.9667,0.7667,0,3.22,23.001,0,29.001,0,6.999,0.999,0.0333,0.2333,30,Bình Thuận,NTB,AM Khánh
NTB - Bình Thuận,(BTH) Phú Thủy,Hàng Mới Ca 2,2026-06-30 - Thứ 3,31,0.7742,0.7419,0,3.43,22.9989,0,24.0002,0,8.0011,6.9998,0.2258,0.2581,31,Bình Thuận,NTB,AM Khánh
NTB - Bình Thuận,(BTH) Phú Thủy,Hàng Mới Ca 2,2026-07-02 - Thứ 5,33,0.8485,0.7273,0,3.33,24.0009,0,28.0005,0,8.9991,4.9995,0.1515,0.2727,33,Bình Thuận,NTB,AM Khánh
NTB - Bình Thuận,(BTH) Phú Thủy,Hàng Mới Ca 2,2026-07-01 - Thứ 4,34,0.7353,0.6176,0.0294,3.86,20.9984,0.9996,25.0002,0.9996,12.002,8.9998,0.2647,0.353,34,Bình Thuận,NTB,AM Khánh
NTB - Bình Thuận,(BTH) Phú Thủy,Hàng Mới Ca 2,2026-07-04 - Thứ 7,35,0.9429,0.9143,0,3.97,32.0005,0,33.0015,0,2.9995,1.9985,0.0571,0.0857,35,Bình Thuận,NTB,AM Khánh
NTB - Bình Thuận,(BTH) Phú Thủy,Hàng Mới Ca 2,2026-06-24 - Thứ 4,35,0.8286,0.7429,0.0286,4.42,26.0015,1.001,29.001,1.001,7.9975,5.999,0.1714,0.2285,35,Bình Thuận,NTB,AM Khánh
NTB - Bình Thuận,(BTH) Phú Thủy,Hàng Mới Ca 2,2026-07-05 - Chủ Nhật,37,0.7297,0.5946,0.027,3.41,22.0002,0.999,26.9989,0.999,14.0008,10.0011,0.2703,0.3784,37,Bình Thuận,NTB,AM Khánh
NTB - Bình Thuận,(BTH) Phú Thủy,Hàng Mới Ca 2,2026-06-20 - Thứ 7,38,0.8684,0.7632,0,3.59,29.0016,0,32.9992,0,8.9984,5.0008,0.1316,0.2368,38,Bình Thuận,NTB,AM Khánh
NTB - Bình Thuận,(BTH) Phú Thủy,Hàng Mới Ca 2,2026-07-12 - Chủ Nhật,44,0.8182,0.7273,0,4.38,32.0012,0,36.0008,0,11.9988,7.9992,0.1818,0.2727,44,Bình Thuận,NTB,AM Khánh
NTB - Bình Thuận,(BTH) Phú Thủy,Hàng Mới Ca 2,2026-07-11 - Thứ 7,45,0.9556,0.9111,0,4.37,40.9995,0,43.002,0,4.0005,1.998,0.0444,0.0889,45,Bình Thuận,NTB,AM Khánh
NTB - Bình Thuận,(BTH) Phú Thủy,Hàng Mới Ca 2,2026-07-08 - Thứ 4,46,0.6739,0.5435,0,3.96,25.001,0,30.9994,0,20.999,15.0006,0.3261,0.4565,46,Bình Thuận,NTB,AM Khánh
NTB - Bình Thuận,(BTH) Phú Thủy,Hàng Mới Ca 2,2026-07-15 - Thứ 4,47,0.8298,0.617,0.0213,3.62,28.999,1.0011,39.0006,1.0011,16.9999,7.9994,0.1702,0.3617,47,Bình Thuận,NTB,AM Khánh
NTB - Bình Thuận,(BTH) Phú Thủy,Hàng Mới Ca 2,2026-07-10 - Thứ 6,48,0.8958,0.8333,0,4.38,39.9984,0,42.9984,0,8.0016,5.0016,0.1042,0.1667,48,Bình Thuận,NTB,AM Khánh
NTB - Bình Thuận,(BTH) Phú Thủy,Hàng Mới Ca 2,2026-07-17 - Thứ 6,57,0.807,0.7193,0,3.8,41.0001,0,45.999,0,15.9999,11.001,0.193,0.2807,57,Bình Thuận,NTB,AM Khánh
NTB - Bình Thuận,(BTH) Phú Thủy,Hàng Mới Ca 2,2026-06-27 - Thứ 7,57,0.7368,0.6316,0.0526,4.78,36.0012,2.9982,41.9976,2.9982,18.0006,15.0024,0.2632,0.3158,57,Bình Thuận,NTB,AM Khánh
NTB - Bình Thuận,(BTH) Phú Thủy,Hàng Tồn,2026-06-25 - Thứ 5,16,1,0.5,0.0625,35.75,8,1,16,1,7,0,0,0.4375,0,Bình Thuận,NTB,AM Khánh
NTB - Bình Thuận,(BTH) Phú Thủy,Hàng Tồn,2026-06-24 - Thứ 4,17,1,0.7647,0,55.23,12.9999,0,17,0,4.0001,0,0,0.2353,0,Bình Thuận,NTB,AM Khánh
NTB - Bình Thuận,(BTH) Phú Thủy,Hàng Tồn,2026-07-11 - Thứ 7,17,1,0.5882,0,46.5,9.9994,0,17,0,7.0006,0,0,0.4118,0,Bình Thuận,NTB,AM Khánh
NTB - Bình Thuận,(BTH) Phú Thủy,Hàng Tồn,2026-07-08 - Thứ 4,18,1,0.5556,0.0556,55.9,10.0008,1.0008,18,1.0008,6.9984,0,0,0.3888,0,Bình Thuận,NTB,AM Khánh
NTB - Bình Thuận,(BTH) Phú Thủy,Hàng Tồn,2026-06-21 - Chủ Nhật,19,0.8947,0.5263,0.0526,36.9,9.9997,0.9994,16.9993,0.9994,8.0009,2.0007,0.1053,0.4211,0,Bình Thuận,NTB,AM Khánh
NTB - Bình Thuận,(BTH) Phú Thủy,Hàng Tồn,2026-06-22 - Thứ 2,19,0.9474,0.6842,0,58.85,12.9998,0,18.0006,0,6.0002,0.9994,0.0526,0.3158,0,Bình Thuận,NTB,AM Khánh
NTB - Bình Thuận,(BTH) Phú Thủy,Hàng Tồn,2026-06-20 - Thứ 7,19,1,0.7368,0,51.93,13.9992,0,19,0,5.0008,0,0,0.2632,0,Bình Thuận,NTB,AM Khánh
NTB - Bình Thuận,(BTH) Phú Thủy,Hàng Tồn,2026-07-12 - Chủ Nhật,20,1,0.65,0.05,50.23,13,1,20,1,6,0,0,0.3,0,Bình Thuận,NTB,AM Khánh
NTB - Bình Thuận,(BTH) Phú Thủy,Hàng Tồn,2026-07-07 - Thứ 3,20,1,0.7,0,50,14,0,20,0,6,0,0,0.3,0,Bình Thuận,NTB,AM Khánh
NTB - Bình Thuận,(BTH) Phú Thủy,Hàng Tồn,2026-07-04 - Thứ 7,20,1,0.7,0.05,42.71,14,1,20,1,5,0,0,0.25,0,Bình Thuận,NTB,AM Khánh
NTB - Bình Thuận,(BTH) Phú Thủy,Hàng Tồn,2026-07-05 - Chủ Nhật,20,0.9,0.65,0,44.54,13,0,18,0,7,2,0.1,0.35,0,Bình Thuận,NTB,AM Khánh
NTB - Bình Thuận,(BTH) Phú Thủy,Hàng Tồn,2026-06-23 - Thứ 3,21,1,0.619,0.0476,43.46,12.999,0.9996,21,0.9996,7.0014,0,0,0.3334,0,Bình Thuận,NTB,AM Khánh
NTB - Bình Thuận,(BTH) Phú Thủy,Hàng Tồn,2026-06-26 - Thứ 6,22,0.8636,0.5455,0,49.5,12.001,0,18.9992,0,9.999,3.0008,0.1364,0.4545,0,Bình Thuận,NTB,AM Khánh
NTB - Bình Thuận,(BTH) Phú Thủy,Hàng Tồn,2026-06-29 - Thứ 2,24,0.9583,0.4167,0.0417,34.2,10.0008,1.0008,22.9992,1.0008,12.9984,1.0008,0.0417,0.5416,0,Bình Thuận,NTB,AM Khánh
NTB - Bình Thuận,(BTH) Phú Thủy,Hàng Tồn,2026-07-15 - Thứ 4,28,0.9643,0.6429,0,63.17,18.0012,0,27.0004,0,9.9988,0.9996,0.0357,0.3571,0,Bình Thuận,NTB,AM Khánh
NTB - Bình Thuận,(BTH) Phú Thủy,Hàng Tồn,2026-07-09 - Thứ 5,29,1,0.7586,0,39.55,21.9994,0,29,0,7.0006,0,0,0.2414,0,Bình Thuận,NTB,AM Khánh
NTB - Bình Thuận,(BTH) Phú Thủy,Hàng Tồn,2026-06-27 - Thứ 7,29,0.931,0.7586,0.0345,38.18,21.9994,1.0005,26.999,1.0005,6.0001,2.001,0.069,0.2069,0,Bình Thuận,NTB,AM Khánh
NTB - Bình Thuận,(BTH) Phú Thủy,Hàng Tồn,2026-07-10 - Thứ 6,29,1,0.6897,0,53.7,20.0013,0,29,0,8.9987,0,0,0.3103,0,Bình Thuận,NTB,AM Khánh
NTB - Bình Thuận,(BTH) Phú Thủy,Hàng Tồn,2026-06-28 - Chủ Nhật,30,0.9333,0.5333,0.0333,35.56,15.999,0.999,27.999,0.999,13.002,2.001,0.0667,0.4334,0,Bình Thuận,NTB,AM Khánh
NTB - Bình Thuận,(BTH) Phú Thủy,Hàng Tồn,2026-07-06 - Thứ 2,30,1,0.5333,0.0333,48.5,15.999,0.999,30,0.999,13.002,0,0,0.4334,0,Bình Thuận,NTB,AM Khánh
NTB - Bình Thuận,(BTH) Phú Thủy,Hàng Tồn,2026-07-03 - Thứ 6,31,1,0.7419,0,45.26,22.9989,0,31,0,8.0011,0,0,0.2581,0,Bình Thuận,NTB,AM Khánh
NTB - Bình Thuận,(BTH) Phú Thủy,Hàng Tồn,2026-07-17 - Thứ 6,32,1,0.6563,0.0625,45.1,21.0016,2,32,2,8.9984,0,0,0.2812,0,Bình Thuận,NTB,AM Khánh
NTB - Bình Thuận,(BTH) Phú Thủy,Hàng Tồn,2026-07-14 - Thứ 3,32,1,0.5938,0.0313,51.53,19.0016,1.0016,32,1.0016,11.9968,0,0,0.3749,0,Bình Thuận,NTB,AM Khánh
NTB - Bình Thuận,(BTH) Phú Thủy,Hàng Tồn,2026-07-02 - Thứ 5,34,1,0.6471,0.0294,51.41,22.0014,0.9996,34,0.9996,10.999,0,0,0.3235,0,Bình Thuận,NTB,AM Khánh
NTB - Bình Thuận,(BTH) Phú Thủy,Hàng Tồn,2026-07-01 - Thứ 4,37,1,0.6216,0.027,59.61,22.9992,0.999,37,0.999,13.0018,0,0,0.3514,0,Bình Thuận,NTB,AM Khánh
NTB - Bình Thuận,(BTH) Phú Thủy,Hàng Tồn,2026-06-30 - Thứ 3,38,0.9737,0.4474,0,51.12,17.0012,0,37.0006,0,20.9988,0.9994,0.0263,0.5526,0,Bình Thuận,NTB,AM Khánh
NTB - Bình Thuận,(BTH) Phú Thủy,Hàng Tồn,2026-07-16 - Thứ 5,39,1,0.4103,0.0513,51.25,16.0017,2.0007,39,2.0007,20.9976,0,0,0.5384,0,Bình Thuận,NTB,AM Khánh
NTB - Bình Thuận,(BTH) Phú Thủy,Hàng Tồn,2026-07-13 - Thứ 2,43,1,0.5349,0.0465,52.04,23.0007,1.9995,43,1.9995,17.9998,0,0,0.4186,0,Bình Thuận,NTB,AM Khánh
NTB - Bình Thuận,(BTH) Phú Quý,Hàng Mới Ca 1,2026-07-10 - Thứ 6,59,1,0.9322,0.0339,3.58,54.9998,2.0001,59,2.0001,2.0001,0,0,0.0339,59,Bình Thuận,NTB,AM Khánh
NTB - Bình Thuận,(BTH) Phú Quý,Hàng Mới Ca 1,2026-07-12 - Chủ Nhật,20,1,0.95,0.05,3.32,19,1,20,1,0,0,0,0,20,Bình Thuận,NTB,AM Khánh
NTB - Bình Thuận,(BTH) Phú Quý,Hàng Mới Ca 1,2026-06-25 - Thứ 5,22,1,0.9545,0,3.38,20.999,0,22,0,1.001,0,0,0.0455,22,Bình Thuận,NTB,AM Khánh
NTB - Bình Thuận,(BTH) Phú Quý,Hàng Mới Ca 1,2026-07-13 - Thứ 2,24,1,0.9583,0.0417,2.91,22.9992,1.0008,24,1.0008,0,0,0,0,24,Bình Thuận,NTB,AM Khánh
NTB - Bình Thuận,(BTH) Phú Quý,Hàng Mới Ca 1,2026-07-11 - Thứ 7,35,1,0.9143,0.0571,3.47,32.0005,1.9985,35,1.9985,1.001,0,0,0.0286,35,Bình Thuận,NTB,AM Khánh
NTB - Bình Thuận,(BTH) Phú Quý,Hàng Mới Ca 1,2026-06-28 - Chủ Nhật,36,1,1,0,3.69,36,0,36,0,0,0,0,0,36,Bình Thuận,NTB,AM Khánh
NTB - Bình Thuận,(BTH) Phú Quý,Hàng Mới Ca 1,2026-06-27 - Thứ 7,38,1,1,0,3.13,38,0,38,0,0,0,0,0,38,Bình Thuận,NTB,AM Khánh
NTB - Bình Thuận,(BTH) Phú Quý,Hàng Mới Ca 1,2026-06-24 - Thứ 4,42,1,0.9524,0.0238,2.85,40.0008,0.9996,42,0.9996,0.9996,0,0,0.0238,42,Bình Thuận,NTB,AM Khánh
NTB - Bình Thuận,(BTH) Phú Quý,Hàng Mới Ca 1,2026-06-26 - Thứ 6,43,1,0.9535,0.0233,3.12,41.0005,1.0019,43,1.0019,0.9976,0,0,0.0232,43,Bình Thuận,NTB,AM Khánh
NTB - Bình Thuận,(BTH) Phú Quý,Hàng Mới Ca 2,2026-07-03 - Thứ 6,71,1,0.9155,0.0282,3.28,65.0005,2.0022,71,2.0022,3.9973,0,0,0.0563,71,Bình Thuận,NTB,AM Khánh
NTB - Bình Thuận,(BTH) Phú Quý,Hàng Mới Ca 2,2026-07-05 - Chủ Nhật,75,1,0.9867,0.0133,3.54,74.0025,0.9975,75,0.9975,0,0,0,0,75,Bình Thuận,NTB,AM Khánh
NTB - Bình Thuận,(BTH) Phú Quý,Hàng Mới Ca 2,2026-06-21 - Chủ Nhật,70,1,0.9286,0.0429,3.34,65.002,3.003,70,3.003,1.995,0,0,0.0285,70,Bình Thuận,NTB,AM Khánh
NTB - Bình Thuận,(BTH) Phú Quý,Hàng Mới Ca 2,2026-07-17 - Thứ 6,77,1,0.9221,0.039,3.61,71.0017,3.003,77,3.003,2.9953,0,0,0.0389,77,Bình Thuận,NTB,AM Khánh
NTB - Bình Thuận,(BTH) Phú Quý,Hàng Mới Ca 2,2026-07-09 - Thứ 5,95,1,0.9684,0.0316,3.34,91.998,3.002,95,3.002,0,0,0,0,95,Bình Thuận,NTB,AM Khánh
NTB - Bình Thuận,(BTH) Phú Quý,Hàng Mới Ca 2,2026-06-25 - Thứ 5,65,1,0.9846,0,2.63,63.999,0,65,0,1.001,0,0,0.0154,65,Bình Thuận,NTB,AM Khánh
NTB - Bình Thuận,(BTH) Phú Quý,Hàng Mới Ca 2,2026-07-04 - Thứ 7,90,1,0.9778,0.0111,3.31,88.002,0.999,90,0.999,0.999,0,0,0.0111,90,Bình Thuận,NTB,AM Khánh
NTB - Bình Thuận,(BTH) Phú Quý,Hàng Mới Ca 2,2026-07-08 - Thứ 4,82,1,0.9756,0.0122,2.85,79.9992,1.0004,82,1.0004,1.0004,0,0,0.0122,82,Bình Thuận,NTB,AM Khánh
NTB - Bình Thuận,(BTH) Phú Quý,Hàng Mới Ca 2,2026-06-20 - Thứ 7,83,1,0.9639,0.0361,3.06,80.0037,2.9963,83,2.9963,0,0,0,0,83,Bình Thuận,NTB,AM Khánh
NTB - Bình Thuận,(BTH) Phú Quý,Hàng Mới Ca 2,2026-06-29 - Thứ 2,68,1,0.9265,0.0147,3.57,63.002,0.9996,68,0.9996,3.9984,0,0,0.0588,68,Bình Thuận,NTB,AM Khánh
NTB - Bình Thuận,(BTH) Phú Quý,Hàng Mới Ca 2,2026-07-14 - Thứ 3,61,1,0.9672,0.0164,2.85,58.9992,1.0004,61,1.0004,1.0004,0,0,0.0164,61,Bình Thuận,NTB,AM Khánh
NTB - Bình Thuận,(BTH) Phú Quý,Hàng Mới Ca 2,2026-07-16 - Thứ 5,65,1,0.9538,0.0462,3.65,61.997,3.003,65,3.003,0,0,0,0,65,Bình Thuận,NTB,AM Khánh
NTB - Bình Thuận,(BTH) Phú Quý,Hàng Mới Ca 2,2026-07-02 - Thứ 5,85,1,0.9882,0,2.39,83.997,0,85,0,1.003,0,0,0.0118,85,Bình Thuận,NTB,AM Khánh
NTB - Bình Thuận,(BTH) Phú Quý,Hàng Mới Ca 2,2026-07-07 - Thứ 3,52,1,0.9231,0.0769,2.94,48.0012,3.9988,52,3.9988,0,0,0,0,52,Bình Thuận,NTB,AM Khánh
NTB - Bình Thuận,(BTH) Phú Quý,Hàng Mới Ca 2,2026-06-23 - Thứ 3,63,1,0.9841,0.0159,2.73,61.9983,1.0017,63,1.0017,0,0,0,0,63,Bình Thuận,NTB,AM Khánh
NTB - Bình Thuận,(BTH) Phú Quý,Hàng Mới Ca 2,2026-06-30 - Thứ 3,77,1,0.8701,0.1299,2.96,66.9977,10.0023,77,10.0023,0,0,0,0,77,Bình Thuận,NTB,AM Khánh
NTB - Bình Thuận,(BTH) Phú Quý,Hàng Mới Ca 2,2026-07-01 - Thứ 4,66,1,0.9394,0.0303,2.56,62.0004,1.9998,66,1.9998,1.9998,0,0,0.0303,66,Bình Thuận,NTB,AM Khánh
NTB - Bình Thuận,(BTH) Phú Quý,Hàng Mới Ca 2,2026-06-22 - Thứ 2,65,1,0.9846,0.0154,3.2,63.999,1.001,65,1.001,0,0,0,0,65,Bình Thuận,NTB,AM Khánh
NTB - Bình Thuận,(BTH) Phú Quý,Hàng Mới Ca 2,2026-06-24 - Thứ 4,30,1,1,0,2.3,30,0,30,0,0,0,0,0,30,Bình Thuận,NTB,AM Khánh
NTB - Bình Thuận,(BTH) Phú Quý,Hàng Mới Ca 2,2026-06-28 - Chủ Nhật,33,1,1,0,3.67,33,0,33,0,0,0,0,0,33,Bình Thuận,NTB,AM Khánh
NTB - Bình Thuận,(BTH) Phú Quý,Hàng Mới Ca 2,2026-07-11 - Thứ 7,35,1,0.9429,0.0571,3.73,33.0015,1.9985,35,1.9985,0,0,0,0,35,Bình Thuận,NTB,AM Khánh
NTB - Bình Thuận,(BTH) Phú Quý,Hàng Mới Ca 2,2026-06-27 - Thứ 7,36,1,0.9722,0.0278,3.91,34.9992,1.0008,36,1.0008,0,0,0,0,36,Bình Thuận,NTB,AM Khánh
NTB - Bình Thuận,(BTH) Phú Quý,Hàng Mới Ca 2,2026-07-13 - Thứ 2,37,1,0.8919,0.027,4.06,33.0003,0.999,37,0.999,3.0007,0,0,0.0811,37,Bình Thuận,NTB,AM Khánh
NTB - Bình Thuận,(BTH) Phú Quý,Hàng Mới Ca 2,2026-07-06 - Thứ 2,38,1,0.9737,0.0263,2.14,37.0006,0.9994,38,0.9994,0,0,0,0,38,Bình Thuận,NTB,AM Khánh
NTB - Bình Thuận,(BTH) Phú Quý,Hàng Mới Ca 2,2026-07-10 - Thứ 6,43,1,0.9535,0,3.56,41.0005,0,43,0,1.9995,0,0,0.0465,43,Bình Thuận,NTB,AM Khánh
NTB - Bình Thuận,(BTH) Phú Quý,Hàng Mới Ca 2,2026-07-12 - Chủ Nhật,43,1,1,0,2.6,43,0,43,0,0,0,0,0,43,Bình Thuận,NTB,AM Khánh
NTB - Bình Thuận,(BTH) Phú Quý,Hàng Mới Ca 2,2026-06-26 - Thứ 6,45,1,0.9778,0.0222,2.64,44.001,0.999,45,0.999,0,0,0,0,45,Bình Thuận,NTB,AM Khánh
NTB - Bình Thuận,(BTH) Phú Quý,Hàng Mới Ca 2,2026-07-15 - Thứ 4,48,1,0.9375,0.0625,3.16,45,3,48,3,0,0,0,0,48,Bình Thuận,NTB,AM Khánh
NTB - Bình Thuận,(BTH) Phú Quý,Hàng Tồn,2026-07-15 - Thứ 4,1,1,1,0,25,1,0,1,0,0,0,0,0,0,Bình Thuận,NTB,AM Khánh
NTB - Bình Thuận,(BTH) Phú Quý,Hàng Tồn,2026-07-10 - Thứ 6,1,1,1,0,54,1,0,1,0,0,0,0,0,0,Bình Thuận,NTB,AM Khánh
NTB - Bình Thuận,(BTH) Phú Quý,Hàng Tồn,2026-07-06 - Thứ 2,1,1,0,1,0,0,1,1,1,0,0,0,0,0,Bình Thuận,NTB,AM Khánh
NTB - Bình Thuận,(BTH) Phú Quý,Hàng Tồn,2026-06-24 - Thứ 4,1,1,0,0,0,0,0,1,0,1,0,0,1,0,Bình Thuận,NTB,AM Khánh
NTB - Bình Thuận,(BTH) Phú Quý,Hàng Tồn,2026-06-22 - Thứ 2,2,1,0,0.5,0,0,1,2,1,1,0,0,0.5,0,Bình Thuận,NTB,AM Khánh
NTB - Bình Thuận,(BTH) Phú Quý,Hàng Tồn,2026-07-05 - Chủ Nhật,2,1,0.5,0,54,1,0,2,0,1,0,0,0.5,0,Bình Thuận,NTB,AM Khánh
NTB - Bình Thuận,(BTH) Phú Quý,Hàng Tồn,2026-07-03 - Thứ 6,2,1,0.5,0,32,1,0,2,0,1,0,0,0.5,0,Bình Thuận,NTB,AM Khánh
NTB - Bình Thuận,(BTH) Phú Quý,Hàng Tồn,2026-07-01 - Thứ 4,3,1,0,0,0,0,0,3,0,3,0,0,1,0,Bình Thuận,NTB,AM Khánh
NTB - Bình Thuận,(BTH) Phú Quý,Hàng Tồn,2026-07-12 - Chủ Nhật,3,1,1,0,27,3,0,3,0,0,0,0,0,0,Bình Thuận,NTB,AM Khánh
NTB - Bình Thuận,(BTH) Phú Quý,Hàng Tồn,2026-06-26 - Thứ 6,4,1,0.5,0,52,2,0,4,0,2,0,0,0.5,0,Bình Thuận,NTB,AM Khánh
NTB - Bình Thuận,(BTH) Phú Quý,Hàng Tồn,2026-06-23 - Thứ 3,4,1,0.75,0.25,27.33,3,1,4,1,0,0,0,0,0,Bình Thuận,NTB,AM Khánh
NTB - Bình Thuận,(BTH) Phú Quý,Hàng Tồn,2026-07-04 - Thứ 7,4,1,0.75,0,30.33,3,0,4,0,1,0,0,0.25,0,Bình Thuận,NTB,AM Khánh
NTB - Bình Thuận,(BTH) Phú Quý,Hàng Tồn,2026-06-30 - Thứ 3,4,1,0.25,0,30,1,0,4,0,3,0,0,0.75,0,Bình Thuận,NTB,AM Khánh
NTB - Bình Thuận,(BTH) Phú Quý,Hàng Tồn,2026-06-21 - Chủ Nhật,4,1,0,1,0,0,4,4,4,0,0,0,0,0,Bình Thuận,NTB,AM Khánh
NTB - Bình Thuận,(BTH) Phú Quý,Hàng Tồn,2026-07-02 - Thứ 5,5,1,0.8,0,24.5,4,0,5,0,1,0,0,0.2,0,Bình Thuận,NTB,AM Khánh
NTB - Bình Thuận,(BTH) Phú Quý,Hàng Tồn,2026-07-09 - Thứ 5,6,1,0.6667,0.1667,27.25,4.0002,1.0002,6,1.0002,0.9996,0,0,0.1666,0,Bình Thuận,NTB,AM Khánh
NTB - Bình Thuận,(BTH) Phú Quý,Hàng Tồn,2026-07-14 - Thứ 3,6,1,1,0,29.33,6,0,6,0,0,0,0,0,0,Bình Thuận,NTB,AM Khánh
NTB - Bình Thuận,(BTH) Phú Quý,Hàng Tồn,2026-06-20 - Thứ 7,10,1,0,0.6,0,0,6,10,6,4,0,0,0.4,0,Bình Thuận,NTB,AM Khánh
NTB - Bình Thuận,(BTH) Phú Quý,Hàng Tồn,2026-06-25 - Thứ 5,13,1,0.7692,0.0769,26.8,9.9996,0.9997,13,0.9997,2.0007,0,0,0.1539,0,Bình Thuận,NTB,AM Khánh
NTB - Bình Thuận,(BTH) Phú Quý,Hàng Tồn,2026-07-13 - Thứ 2,13,1,1,0,28.54,13,0,13,0,0,0,0,0,0,Bình Thuận,NTB,AM Khánh
NTB - Bình Thuận,(BTH) Phú Quý,Hàng Tồn,2026-06-29 - Thứ 2,18,1,1,0,30.33,18,0,18,0,0,0,0,0,0,Bình Thuận,NTB,AM Khánh
NTB - Bình Thuận,(BTH) Phú Quý,Hàng Tồn,2026-06-28 - Chủ Nhật,20,1,1,0,29.35,20,0,20,0,0,0,0,0,0,Bình Thuận,NTB,AM Khánh
NTB - Bình Thuận,(BTH) Phú Quý,Hàng Tồn,2026-07-11 - Thứ 7,23,1,1,0,26.48,23,0,23,0,0,0,0,0,0,Bình Thuận,NTB,AM Khánh
NTB - Bình Thuận,(BTH) Phú Quý,Hàng Tồn,2026-06-27 - Thứ 7,43,1,0.9302,0.0233,27.56,39.9986,1.0019,43,1.0019,1.9995,0,0,0.0465,0,Bình Thuận,NTB,AM Khánh
NTB - Bình Thuận,(BTH) Phan Rí Cửa,Hàng Mới Ca 1,2026-07-06 - Thứ 2,13,1,1,0,2.08,13,0,13,0,0,0,0,0,13,Bình Thuận,NTB,AM D.Long
NTB - Bình Thuận,(BTH) Phan Rí Cửa,Hàng Mới Ca 1,2026-06-23 - Thứ 3,16,1,0.8125,0,5.15,13,0,16,0,3,0,0,0.1875,16,Bình Thuận,NTB,AM D.Long
NTB - Bình Thuận,(BTH) Phan Rí Cửa,Hàng Mới Ca 1,2026-06-21 - Chủ Nhật,18,1,0.9444,0,3.76,16.9992,0,18,0,1.0008,0,0,0.0556,18,Bình Thuận,NTB,AM D.Long
NTB - Bình Thuận,(BTH) Phan Rí Cửa,Hàng Mới Ca 1,2026-06-30 - Thứ 3,18,1,0.8889,0.0556,5.88,16.0002,1.0008,18,1.0008,0.999,0,0,0.0555,18,Bình Thuận,NTB,AM D.Long
NTB - Bình Thuận,(BTH) Phan Rí Cửa,Hàng Mới Ca 1,2026-07-07 - Thứ 3,19,1,0.8421,0,3.25,15.9999,0,19,0,3.0001,0,0,0.1579,19,Bình Thuận,NTB,AM D.Long
NTB - Bình Thuận,(BTH) Phan Rí Cửa,Hàng Mới Ca 1,2026-06-29 - Thứ 2,19,1,0.8947,0.0526,4.88,16.9993,0.9994,19,0.9994,1.0013,0,0,0.0527,19,Bình Thuận,NTB,AM D.Long
NTB - Bình Thuận,(BTH) Phan Rí Cửa,Hàng Mới Ca 1,2026-07-16 - Thứ 5,20,1,1,0,4.15,20,0,20,0,0,0,0,0,20,Bình Thuận,NTB,AM D.Long
NTB - Bình Thuận,(BTH) Phan Rí Cửa,Hàng Mới Ca 1,2026-07-14 - Thứ 3,20,1,0.9,0.05,4.06,18,1,20,1,1,0,0,0.05,20,Bình Thuận,NTB,AM D.Long
NTB - Bình Thuận,(BTH) Phan Rí Cửa,Hàng Mới Ca 1,2026-07-15 - Thứ 4,22,1,1,0,3.95,22,0,22,0,0,0,0,0,22,Bình Thuận,NTB,AM D.Long
NTB - Bình Thuận,(BTH) Phan Rí Cửa,Hàng Mới Ca 1,2026-07-03 - Thứ 6,22,1,0.9091,0.0455,4.3,20.0002,1.001,22,1.001,0.9988,0,0,0.0454,22,Bình Thuận,NTB,AM D.Long
NTB - Bình Thuận,(BTH) Phan Rí Cửa,Hàng Mới Ca 1,2026-07-11 - Thứ 7,23,1,0.9565,0,4.73,21.9995,0,23,0,1.0005,0,0,0.0435,23,Bình Thuận,NTB,AM D.Long
NTB - Bình Thuận,(BTH) Phan Rí Cửa,Hàng Mới Ca 1,2026-06-20 - Thứ 7,23,1,0.913,0.0435,3.9,20.999,1.0005,23,1.0005,1.0005,0,0,0.0435,23,Bình Thuận,NTB,AM D.Long
NTB - Bình Thuận,(BTH) Phan Rí Cửa,Hàng Mới Ca 1,2026-07-17 - Thứ 6,24,1,1,0,4.96,24,0,24,0,0,0,0,0,24,Bình Thuận,NTB,AM D.Long
NTB - Bình Thuận,(BTH) Phan Rí Cửa,Hàng Mới Ca 1,2026-06-27 - Thứ 7,24,1,0.9583,0.0417,5,22.9992,1.0008,24,1.0008,0,0,0,0,24,Bình Thuận,NTB,AM D.Long
NTB - Bình Thuận,(BTH) Phan Rí Cửa,Hàng Mới Ca 1,2026-06-26 - Thứ 6,25,1,0.96,0,4.71,24,0,25,0,1,0,0,0.04,25,Bình Thuận,NTB,AM D.Long
NTB - Bình Thuận,(BTH) Phan Rí Cửa,Hàng Mới Ca 1,2026-07-10 - Thứ 6,27,1,0.963,0,5.69,26.001,0,27,0,0.999,0,0,0.037,27,Bình Thuận,NTB,AM D.Long
NTB - Bình Thuận,(BTH) Phan Rí Cửa,Hàng Mới Ca 1,2026-06-28 - Chủ Nhật,27,1,0.8889,0,5.42,24.0003,0,27,0,2.9997,0,0,0.1111,27,Bình Thuận,NTB,AM D.Long
NTB - Bình Thuận,(BTH) Phan Rí Cửa,Hàng Mới Ca 1,2026-06-25 - Thứ 5,27,1,0.9259,0.037,4.8,24.9993,0.999,27,0.999,1.0017,0,0,0.0371,27,Bình Thuận,NTB,AM D.Long
NTB - Bình Thuận,(BTH) Phan Rí Cửa,Hàng Mới Ca 1,2026-07-12 - Chủ Nhật,28,1,0.9643,0,4.74,27.0004,0,28,0,0.9996,0,0,0.0357,28,Bình Thuận,NTB,AM D.Long
NTB - Bình Thuận,(BTH) Phan Rí Cửa,Hàng Mới Ca 1,2026-07-01 - Thứ 4,31,1,0.871,0,4.93,27.001,0,31,0,3.999,0,0,0.129,31,Bình Thuận,NTB,AM D.Long
NTB - Bình Thuận,(BTH) Phan Rí Cửa,Hàng Mới Ca 1,2026-07-02 - Thứ 5,31,1,0.9677,0,4.43,29.9987,0,31,0,1.0013,0,0,0.0323,31,Bình Thuận,NTB,AM D.Long
NTB - Bình Thuận,(BTH) Phan Rí Cửa,Hàng Mới Ca 1,2026-07-05 - Chủ Nhật,32,1,0.5,0.0313,4.13,16,1.0016,32,1.0016,14.9984,0,0,0.4687,32,Bình Thuận,NTB,AM D.Long
NTB - Bình Thuận,(BTH) Phan Rí Cửa,Hàng Mới Ca 1,2026-07-13 - Thứ 2,34,1,0.8824,0,5.67,30.0016,0,34,0,3.9984,0,0,0.1176,34,Bình Thuận,NTB,AM D.Long
NTB - Bình Thuận,(BTH) Phan Rí Cửa,Hàng Mới Ca 1,2026-07-04 - Thứ 7,34,1,0.8824,0.0294,6.2,30.0016,0.9996,34,0.9996,2.9988,0,0,0.0882,34,Bình Thuận,NTB,AM D.Long
NTB - Bình Thuận,(BTH) Phan Rí Cửa,Hàng Mới Ca 1,2026-07-09 - Thứ 5,35,1,0.9714,0.0286,4.53,33.999,1.001,35,1.001,0,0,0,0,35,Bình Thuận,NTB,AM D.Long
NTB - Bình Thuận,(BTH) Phan Rí Cửa,Hàng Mới Ca 1,2026-06-22 - Thứ 2,36,1,0.9167,0.0278,3.18,33.0012,1.0008,36,1.0008,1.998,0,0,0.0555,36,Bình Thuận,NTB,AM D.Long
NTB - Bình Thuận,(BTH) Phan Rí Cửa,Hàng Mới Ca 1,2026-07-08 - Thứ 4,39,1,0.9744,0,3.89,38.0016,0,39,0,0.9984,0,0,0.0256,39,Bình Thuận,NTB,AM D.Long
NTB - Bình Thuận,(BTH) Phan Rí Cửa,Hàng Mới Ca 1,2026-06-24 - Thứ 4,44,1,0.8182,0.0455,4.28,36.0008,2.002,44,2.002,5.9972,0,0,0.1363,44,Bình Thuận,NTB,AM D.Long
NTB - Bình Thuận,(BTH) Phan Rí Cửa,Hàng Mới Ca 2,2026-06-29 - Thứ 2,6,0.8333,0.5,0,2.33,3,0,4.9998,0,3,1.0002,0.1667,0.5,6,Bình Thuận,NTB,AM D.Long
NTB - Bình Thuận,(BTH) Phan Rí Cửa,Hàng Mới Ca 2,2026-07-13 - Thứ 2,7,0.7143,0.2857,0,3,1.9999,0,5.0001,0,5.0001,1.9999,0.2857,0.7143,7,Bình Thuận,NTB,AM D.Long
NTB - Bình Thuận,(BTH) Phan Rí Cửa,Hàng Mới Ca 2,2026-06-24 - Thứ 4,8,0.75,0.75,0,1.5,6,0,6,0,2,2,0.25,0.25,8,Bình Thuận,NTB,AM D.Long
NTB - Bình Thuận,(BTH) Phan Rí Cửa,Hàng Mới Ca 2,2026-06-22 - Thứ 2,10,1,0.8,0.1,2.88,8,1,10,1,1,0,0,0.1,10,Bình Thuận,NTB,AM D.Long
NTB - Bình Thuận,(BTH) Phan Rí Cửa,Hàng Mới Ca 2,2026-07-14 - Thứ 3,13,0.6923,0.6154,0.0769,3.13,8.0002,0.9997,8.9999,0.9997,4.0001,4.0001,0.3077,0.3077,13,Bình Thuận,NTB,AM D.Long
NTB - Bình Thuận,(BTH) Phan Rí Cửa,Hàng Mới Ca 2,2026-06-25 - Thứ 5,13,0.7692,0.6923,0,1.89,8.9999,0,9.9996,0,4.0001,3.0004,0.2308,0.3077,13,Bình Thuận,NTB,AM D.Long
NTB - Bình Thuận,(BTH) Phan Rí Cửa,Hàng Mới Ca 2,2026-06-27 - Thứ 7,13,0.8462,0.7692,0,2.3,9.9996,0,11.0006,0,3.0004,1.9994,0.1538,0.2308,13,Bình Thuận,NTB,AM D.Long
NTB - Bình Thuận,(BTH) Phan Rí Cửa,Hàng Mới Ca 2,2026-07-05 - Chủ Nhật,15,0.6,0.4667,0,4,7.0005,0,9,0,7.9995,6,0.4,0.5333,15,Bình Thuận,NTB,AM D.Long
NTB - Bình Thuận,(BTH) Phan Rí Cửa,Hàng Mới Ca 2,2026-07-15 - Thứ 4,15,0.8,0.6667,0,2.8,10.0005,0,12,0,4.9995,3,0.2,0.3333,15,Bình Thuận,NTB,AM D.Long
NTB - Bình Thuận,(BTH) Phan Rí Cửa,Hàng Mới Ca 2,2026-07-04 - Thứ 7,15,0.8,0.8,0,2.5,12,0,12,0,3,3,0.2,0.2,15,Bình Thuận,NTB,AM D.Long
NTB - Bình Thuận,(BTH) Phan Rí Cửa,Hàng Mới Ca 2,2026-07-02 - Thứ 5,15,0.8,0.8,0,3.33,12,0,12,0,3,3,0.2,0.2,15,Bình Thuận,NTB,AM D.Long
NTB - Bình Thuận,(BTH) Phan Rí Cửa,Hàng Mới Ca 2,2026-06-21 - Chủ Nhật,16,0.6875,0.625,0,1.8,10,0,11,0,6,5,0.3125,0.375,16,Bình Thuận,NTB,AM D.Long
NTB - Bình Thuận,(BTH) Phan Rí Cửa,Hàng Mới Ca 2,2026-07-06 - Thứ 2,16,0.75,0.75,0,2.83,12,0,12,0,4,4,0.25,0.25,16,Bình Thuận,NTB,AM D.Long
NTB - Bình Thuận,(BTH) Phan Rí Cửa,Hàng Mới Ca 2,2026-07-01 - Thứ 4,17,0.7647,0.6471,0,3.18,11.0007,0,12.9999,0,5.9993,4.0001,0.2353,0.3529,17,Bình Thuận,NTB,AM D.Long
NTB - Bình Thuận,(BTH) Phan Rí Cửa,Hàng Mới Ca 2,2026-07-17 - Thứ 6,18,1,0.8889,0.0556,2.25,16.0002,1.0008,18,1.0008,0.999,0,0,0.0555,18,Bình Thuận,NTB,AM D.Long
NTB - Bình Thuận,(BTH) Phan Rí Cửa,Hàng Mới Ca 2,2026-07-07 - Thứ 3,18,0.5,0.5,0,3.44,9,0,9,0,9,9,0.5,0.5,18,Bình Thuận,NTB,AM D.Long
NTB - Bình Thuận,(BTH) Phan Rí Cửa,Hàng Mới Ca 2,2026-07-12 - Chủ Nhật,19,0.8947,0.6842,0,4.08,12.9998,0,16.9993,0,6.0002,2.0007,0.1053,0.3158,19,Bình Thuận,NTB,AM D.Long
NTB - Bình Thuận,(BTH) Phan Rí Cửa,Hàng Mới Ca 2,2026-07-11 - Thứ 7,21,0.9524,0.8095,0,2.59,16.9995,0,20.0004,0,4.0005,0.9996,0.0476,0.1905,21,Bình Thuận,NTB,AM D.Long
NTB - Bình Thuận,(BTH) Phan Rí Cửa,Hàng Mới Ca 2,2026-06-26 - Thứ 6,22,0.5455,0.5,0,3.18,11,0,12.001,0,11,9.999,0.4545,0.5,22,Bình Thuận,NTB,AM D.Long
NTB - Bình Thuận,(BTH) Phan Rí Cửa,Hàng Mới Ca 2,2026-06-30 - Thứ 3,24,0.9167,0.9167,0,4.91,22.0008,0,22.0008,0,1.9992,1.9992,0.0833,0.0833,24,Bình Thuận,NTB,AM D.Long
NTB - Bình Thuận,(BTH) Phan Rí Cửa,Hàng Mới Ca 2,2026-06-20 - Thứ 7,25,0.76,0.76,0,4.63,19,0,19,0,6,6,0.24,0.24,25,Bình Thuận,NTB,AM D.Long
NTB - Bình Thuận,(BTH) Phan Rí Cửa,Hàng Mới Ca 2,2026-06-28 - Chủ Nhật,26,0.7308,0.6538,0.0385,3.29,16.9988,1.001,19.0008,1.001,8.0002,6.9992,0.2692,0.3077,26,Bình Thuận,NTB,AM D.Long
NTB - Bình Thuận,(BTH) Phan Rí Cửa,Hàng Mới Ca 2,2026-06-23 - Thứ 3,26,0.7692,0.6538,0,3.71,16.9988,0,19.9992,0,9.0012,6.0008,0.2308,0.3462,26,Bình Thuận,NTB,AM D.Long
NTB - Bình Thuận,(BTH) Phan Rí Cửa,Hàng Mới Ca 2,2026-07-03 - Thứ 6,28,0.75,0.75,0,3.76,21,0,21,0,7,7,0.25,0.25,28,Bình Thuận,NTB,AM D.Long
NTB - Bình Thuận,(BTH) Phan Rí Cửa,Hàng Mới Ca 2,2026-07-16 - Thứ 5,30,0.7333,0.5667,0,5.24,17.001,0,21.999,0,12.999,8.001,0.2667,0.4333,30,Bình Thuận,NTB,AM D.Long
NTB - Bình Thuận,(BTH) Phan Rí Cửa,Hàng Mới Ca 2,2026-07-08 - Thứ 4,30,0.8333,0.7667,0.0333,2.13,23.001,0.999,24.999,0.999,6,5.001,0.1667,0.2,30,Bình Thuận,NTB,AM D.Long
NTB - Bình Thuận,(BTH) Phan Rí Cửa,Hàng Mới Ca 2,2026-07-10 - Thứ 6,33,0.9394,0.8182,0.0303,3.04,27.0006,0.9999,31.0002,0.9999,4.9995,1.9998,0.0606,0.1515,33,Bình Thuận,NTB,AM D.Long
NTB - Bình Thuận,(BTH) Phan Rí Cửa,Hàng Mới Ca 2,2026-07-09 - Thứ 5,40,0.875,0.75,0,3.13,30,0,35,0,10,5,0.125,0.25,40,Bình Thuận,NTB,AM D.Long
NTB - Bình Thuận,(BTH) Phan Rí Cửa,Hàng Tồn,2026-06-28 - Chủ Nhật,5,1,0.8,0,31.25,4,0,5,0,1,0,0,0.2,0,Bình Thuận,NTB,AM D.Long
NTB - Bình Thuận,(BTH) Phan Rí Cửa,Hàng Tồn,2026-06-30 - Thứ 3,5,1,0.6,0,29.67,3,0,5,0,2,0,0,0.4,0,Bình Thuận,NTB,AM D.Long
NTB - Bình Thuận,(BTH) Phan Rí Cửa,Hàng Tồn,2026-07-01 - Thứ 4,5,1,0.8,0,32.5,4,0,5,0,1,0,0,0.2,0,Bình Thuận,NTB,AM D.Long
NTB - Bình Thuận,(BTH) Phan Rí Cửa,Hàng Tồn,2026-07-12 - Chủ Nhật,5,1,0.8,0,26.25,4,0,5,0,1,0,0,0.2,0,Bình Thuận,NTB,AM D.Long
NTB - Bình Thuận,(BTH) Phan Rí Cửa,Hàng Tồn,2026-07-05 - Chủ Nhật,6,1,1,0,26.83,6,0,6,0,0,0,0,0,0,Bình Thuận,NTB,AM D.Long
NTB - Bình Thuận,(BTH) Phan Rí Cửa,Hàng Tồn,2026-06-23 - Thứ 3,6,1,0.3333,0.1667,37,1.9998,1.0002,6,1.0002,3,0,0,0.5,0,Bình Thuận,NTB,AM D.Long
NTB - Bình Thuận,(BTH) Phan Rí Cửa,Hàng Tồn,2026-06-26 - Thứ 6,7,1,1,0,35,7,0,7,0,0,0,0,0,0,Bình Thuận,NTB,AM D.Long
NTB - Bình Thuận,(BTH) Phan Rí Cửa,Hàng Tồn,2026-07-15 - Thứ 4,8,1,0.625,0,31,5,0,8,0,3,0,0,0.375,0,Bình Thuận,NTB,AM D.Long
NTB - Bình Thuận,(BTH) Phan Rí Cửa,Hàng Tồn,2026-07-16 - Thứ 5,8,1,1,0,42.75,8,0,8,0,0,0,0,0,0,Bình Thuận,NTB,AM D.Long
NTB - Bình Thuận,(BTH) Phan Rí Cửa,Hàng Tồn,2026-07-13 - Thứ 2,8,1,0.875,0,23.43,7,0,8,0,1,0,0,0.125,0,Bình Thuận,NTB,AM D.Long
NTB - Bình Thuận,(BTH) Phan Rí Cửa,Hàng Tồn,2026-07-04 - Thứ 7,8,1,1,0,25.25,8,0,8,0,0,0,0,0,0,Bình Thuận,NTB,AM D.Long
NTB - Bình Thuận,(BTH) Phan Rí Cửa,Hàng Tồn,2026-07-07 - Thứ 3,8,1,0.5,0.125,35.75,4,1,8,1,3,0,0,0.375,0,Bình Thuận,NTB,AM D.Long
NTB - Bình Thuận,(BTH) Phan Rí Cửa,Hàng Tồn,2026-07-02 - Thứ 5,9,1,0.5556,0,25.4,5.0004,0,9,0,3.9996,0,0,0.4444,0,Bình Thuận,NTB,AM D.Long
NTB - Bình Thuận,(BTH) Phan Rí Cửa,Hàng Tồn,2026-07-03 - Thứ 6,10,1,0.8,0,41.75,8,0,10,0,2,0,0,0.2,0,Bình Thuận,NTB,AM D.Long
NTB - Bình Thuận,(BTH) Phan Rí Cửa,Hàng Tồn,2026-07-14 - Thứ 3,10,1,0.7,0,34.57,7,0,10,0,3,0,0,0.3,0,Bình Thuận,NTB,AM D.Long
NTB - Bình Thuận,(BTH) Phan Rí Cửa,Hàng Tồn,2026-07-11 - Thứ 7,10,1,0.9,0.1,37.67,9,1,10,1,0,0,0,0,0,Bình Thuận,NTB,AM D.Long
NTB - Bình Thuận,(BTH) Phan Rí Cửa,Hàng Tồn,2026-07-10 - Thứ 6,10,1,0.6,0,26.17,6,0,10,0,4,0,0,0.4,0,Bình Thuận,NTB,AM D.Long
NTB - Bình Thuận,(BTH) Phan Rí Cửa,Hàng Tồn,2026-06-22 - Thứ 2,10,1,0.6,0,29,6,0,10,0,4,0,0,0.4,0,Bình Thuận,NTB,AM D.Long
NTB - Bình Thuận,(BTH) Phan Rí Cửa,Hàng Tồn,2026-06-20 - Thứ 7,11,1,0.4545,0,26.2,4.9995,0,11,0,6.0005,0,0,0.5455,0,Bình Thuận,NTB,AM D.Long
NTB - Bình Thuận,(BTH) Phan Rí Cửa,Hàng Tồn,2026-06-29 - Thứ 2,11,1,0.9091,0,25.2,10.0001,0,11,0,0.9999,0,0,0.0909,0,Bình Thuận,NTB,AM D.Long
NTB - Bình Thuận,(BTH) Phan Rí Cửa,Hàng Tồn,2026-07-09 - Thứ 5,11,1,1,0,40.18,11,0,11,0,0,0,0,0,0,Bình Thuận,NTB,AM D.Long
NTB - Bình Thuận,(BTH) Phan Rí Cửa,Hàng Tồn,2026-06-27 - Thứ 7,12,1,0.8333,0,26.9,9.9996,0,12,0,2.0004,0,0,0.1667,0,Bình Thuận,NTB,AM D.Long
NTB - Bình Thuận,(BTH) Phan Rí Cửa,Hàng Tồn,2026-06-21 - Chủ Nhật,12,1,0.6667,0,39.88,8.0004,0,12,0,3.9996,0,0,0.3333,0,Bình Thuận,NTB,AM D.Long
NTB - Bình Thuận,(BTH) Phan Rí Cửa,Hàng Tồn,2026-06-25 - Thứ 5,12,1,0.8333,0,38.5,9.9996,0,12,0,2.0004,0,0,0.1667,0,Bình Thuận,NTB,AM D.Long
NTB - Bình Thuận,(BTH) Phan Rí Cửa,Hàng Tồn,2026-07-17 - Thứ 6,13,1,0.6154,0,28.25,8.0002,0,13,0,4.9998,0,0,0.3846,0,Bình Thuận,NTB,AM D.Long
NTB - Bình Thuận,(BTH) Phan Rí Cửa,Hàng Tồn,2026-06-24 - Thứ 4,14,1,0.6429,0,27.22,9.0006,0,14,0,4.9994,0,0,0.3571,0,Bình Thuận,NTB,AM D.Long
NTB - Bình Thuận,(BTH) Phan Rí Cửa,Hàng Tồn,2026-07-08 - Thứ 4,15,1,0.6667,0.0667,26.1,10.0005,1.0005,15,1.0005,3.999,0,0,0.2666,0,Bình Thuận,NTB,AM D.Long
NTB - Bình Thuận,(BTH) Phan Rí Cửa,Hàng Tồn,2026-07-06 - Thứ 2,23,1,0.8261,0,31.74,19.0003,0,23,0,3.9997,0,0,0.1739,0,Bình Thuận,NTB,AM D.Long
NTB - Bình Thuận,(BTH) Mũi Né,Hàng Mới Ca 1,2026-07-06 - Thứ 2,8,1,1,0,7,8,0,8,0,0,0,0,0,8,Bình Thuận,NTB,AM Khánh
NTB - Bình Thuận,(BTH) Mũi Né,Hàng Mới Ca 1,2026-07-13 - Thứ 2,11,1,1,0,5.73,11,0,11,0,0,0,0,0,11,Bình Thuận,NTB,AM Khánh
NTB - Bình Thuận,(BTH) Mũi Né,Hàng Mới Ca 1,2026-06-25 - Thứ 5,16,1,1,0,8.81,16,0,16,0,0,0,0,0,16,Bình Thuận,NTB,AM Khánh
NTB - Bình Thuận,(BTH) Mũi Né,Hàng Mới Ca 1,2026-07-03 - Thứ 6,19,1,0.8947,0.0526,8.24,16.9993,0.9994,19,0.9994,1.0013,0,0,0.0527,19,Bình Thuận,NTB,AM Khánh
NTB - Bình Thuận,(BTH) Mũi Né,Hàng Mới Ca 1,2026-07-15 - Thứ 4,21,1,0.9048,0,9.21,19.0008,0,21,0,1.9992,0,0,0.0952,21,Bình Thuận,NTB,AM Khánh
NTB - Bình Thuận,(BTH) Mũi Né,Hàng Mới Ca 1,2026-06-21 - Chủ Nhật,24,1,1,0,8.67,24,0,24,0,0,0,0,0,24,Bình Thuận,NTB,AM Khánh
NTB - Bình Thuận,(BTH) Mũi Né,Hàng Mới Ca 1,2026-06-29 - Thứ 2,24,1,0.9583,0,7.87,22.9992,0,24,0,1.0008,0,0,0.0417,24,Bình Thuận,NTB,AM Khánh
NTB - Bình Thuận,(BTH) Mũi Né,Hàng Mới Ca 1,2026-06-20 - Thứ 7,25,1,0.92,0,7.83,23,0,25,0,2,0,0,0.08,25,Bình Thuận,NTB,AM Khánh
NTB - Bình Thuận,(BTH) Mũi Né,Hàng Mới Ca 1,2026-07-11 - Thứ 7,25,1,0.96,0,8.96,24,0,25,0,1,0,0,0.04,25,Bình Thuận,NTB,AM Khánh
NTB - Bình Thuận,(BTH) Mũi Né,Hàng Mới Ca 1,2026-06-30 - Thứ 3,26,1,0.8077,0,6.1,21.0002,0,26,0,4.9998,0,0,0.1923,26,Bình Thuận,NTB,AM Khánh
NTB - Bình Thuận,(BTH) Mũi Né,Hàng Mới Ca 1,2026-07-01 - Thứ 4,27,1,0.963,0,8.15,26.001,0,27,0,0.999,0,0,0.037,27,Bình Thuận,NTB,AM Khánh
NTB - Bình Thuận,(BTH) Mũi Né,Hàng Mới Ca 1,2026-06-23 - Thứ 3,27,1,0.9259,0,9,24.9993,0,27,0,2.0007,0,0,0.0741,27,Bình Thuận,NTB,AM Khánh
NTB - Bình Thuận,(BTH) Mũi Né,Hàng Mới Ca 1,2026-06-24 - Thứ 4,27,1,0.963,0,8,26.001,0,27,0,0.999,0,0,0.037,27,Bình Thuận,NTB,AM Khánh
NTB - Bình Thuận,(BTH) Mũi Né,Hàng Mới Ca 1,2026-07-02 - Thứ 5,28,1,0.9643,0,6.81,27.0004,0,28,0,0.9996,0,0,0.0357,28,Bình Thuận,NTB,AM Khánh
NTB - Bình Thuận,(BTH) Mũi Né,Hàng Mới Ca 1,2026-07-08 - Thứ 4,29,1,0.8621,0,7.76,25.0009,0,29,0,3.9991,0,0,0.1379,29,Bình Thuận,NTB,AM Khánh
NTB - Bình Thuận,(BTH) Mũi Né,Hàng Mới Ca 1,2026-06-27 - Thứ 7,30,1,0.8333,0,7.8,24.999,0,30,0,5.001,0,0,0.1667,30,Bình Thuận,NTB,AM Khánh
NTB - Bình Thuận,(BTH) Mũi Né,Hàng Mới Ca 1,2026-07-05 - Chủ Nhật,32,0.9688,0.875,0,7.68,28,0,31.0016,0,4,0.9984,0.0312,0.125,32,Bình Thuận,NTB,AM Khánh
NTB - Bình Thuận,(BTH) Mũi Né,Hàng Mới Ca 1,2026-07-16 - Thứ 5,32,1,0.9375,0,5.37,30,0,32,0,2,0,0,0.0625,32,Bình Thuận,NTB,AM Khánh
NTB - Bình Thuận,(BTH) Mũi Né,Hàng Mới Ca 1,2026-07-07 - Thứ 3,33,1,0.9394,0,8.13,31.0002,0,33,0,1.9998,0,0,0.0606,33,Bình Thuận,NTB,AM Khánh
NTB - Bình Thuận,(BTH) Mũi Né,Hàng Mới Ca 1,2026-06-22 - Thứ 2,35,1,0.9714,0,5.68,33.999,0,35,0,1.001,0,0,0.0286,35,Bình Thuận,NTB,AM Khánh
NTB - Bình Thuận,(BTH) Mũi Né,Hàng Mới Ca 1,2026-07-14 - Thứ 3,36,1,0.8611,0.0556,8.97,30.9996,2.0016,36,2.0016,2.9988,0,0,0.0833,36,Bình Thuận,NTB,AM Khánh
NTB - Bình Thuận,(BTH) Mũi Né,Hàng Mới Ca 1,2026-07-17 - Thứ 6,37,1,0.973,0,6.47,36.001,0,37,0,0.999,0,0,0.027,37,Bình Thuận,NTB,AM Khánh
NTB - Bình Thuận,(BTH) Mũi Né,Hàng Mới Ca 1,2026-07-04 - Thứ 7,37,1,0.9459,0.027,9.49,34.9983,0.999,37,0.999,1.0027,0,0,0.0271,37,Bình Thuận,NTB,AM Khánh
NTB - Bình Thuận,(BTH) Mũi Né,Hàng Mới Ca 1,2026-06-28 - Chủ Nhật,38,1,0.9737,0,10.86,37.0006,0,38,0,0.9994,0,0,0.0263,38,Bình Thuận,NTB,AM Khánh
NTB - Bình Thuận,(BTH) Mũi Né,Hàng Mới Ca 1,2026-06-26 - Thứ 6,40,1,0.9,0.025,8.94,36,1,40,1,3,0,0,0.075,40,Bình Thuận,NTB,AM Khánh
NTB - Bình Thuận,(BTH) Mũi Né,Hàng Mới Ca 1,2026-07-10 - Thứ 6,41,1,0.8537,0.0244,8.51,35.0017,1.0004,41,1.0004,4.9979,0,0,0.1219,41,Bình Thuận,NTB,AM Khánh
NTB - Bình Thuận,(BTH) Mũi Né,Hàng Mới Ca 1,2026-07-09 - Thứ 5,44,1,0.8864,0.0227,6.33,39.0016,0.9988,44,0.9988,3.9996,0,0,0.0909,44,Bình Thuận,NTB,AM Khánh
NTB - Bình Thuận,(BTH) Mũi Né,Hàng Mới Ca 1,2026-07-12 - Chủ Nhật,47,0.9149,0.8085,0.0213,8.95,37.9995,1.0011,43.0003,1.0011,7.9994,3.9997,0.0851,0.1702,47,Bình Thuận,NTB,AM Khánh
NTB - Bình Thuận,(BTH) Mũi Né,Hàng Mới Ca 2,2026-06-29 - Thứ 2,7,0.8571,0.7143,0,3.6,5.0001,0,5.9997,0,1.9999,1.0003,0.1429,0.2857,7,Bình Thuận,NTB,AM Khánh
NTB - Bình Thuận,(BTH) Mũi Né,Hàng Mới Ca 2,2026-07-06 - Thứ 2,9,0.5556,0.4444,0,3,3.9996,0,5.0004,0,5.0004,3.9996,0.4444,0.5556,9,Bình Thuận,NTB,AM Khánh
NTB - Bình Thuận,(BTH) Mũi Né,Hàng Mới Ca 2,2026-06-24 - Thứ 4,9,0.8889,0.8889,0,2.63,8.0001,0,8.0001,0,0.9999,0.9999,0.1111,0.1111,9,Bình Thuận,NTB,AM Khánh
NTB - Bình Thuận,(BTH) Mũi Né,Hàng Mới Ca 2,2026-07-17 - Thứ 6,10,0.9,0.9,0,3.44,9,0,9,0,1,1,0.1,0.1,10,Bình Thuận,NTB,AM Khánh
NTB - Bình Thuận,(BTH) Mũi Né,Hàng Mới Ca 2,2026-07-14 - Thứ 3,10,0.7,0.7,0,4.14,7,0,7,0,3,3,0.3,0.3,10,Bình Thuận,NTB,AM Khánh
NTB - Bình Thuận,(BTH) Mũi Né,Hàng Mới Ca 2,2026-07-13 - Thứ 2,10,1,0.7,0.1,3.86,7,1,10,1,2,0,0,0.2,10,Bình Thuận,NTB,AM Khánh
NTB - Bình Thuận,(BTH) Mũi Né,Hàng Mới Ca 2,2026-06-22 - Thứ 2,10,0.7,0.7,0,4.14,7,0,7,0,3,3,0.3,0.3,10,Bình Thuận,NTB,AM Khánh
NTB - Bình Thuận,(BTH) Mũi Né,Hàng Mới Ca 2,2026-06-21 - Chủ Nhật,11,0.7273,0.6364,0,4.57,7.0004,0,8.0003,0,3.9996,2.9997,0.2727,0.3636,11,Bình Thuận,NTB,AM Khánh
NTB - Bình Thuận,(BTH) Mũi Né,Hàng Mới Ca 2,2026-07-02 - Thứ 5,11,0.8182,0.8182,0,5.22,9.0002,0,9.0002,0,1.9998,1.9998,0.1818,0.1818,11,Bình Thuận,NTB,AM Khánh
NTB - Bình Thuận,(BTH) Mũi Né,Hàng Mới Ca 2,2026-07-09 - Thứ 5,15,0.7333,0.6,0,4.22,9,0,10.9995,0,6,4.0005,0.2667,0.4,15,Bình Thuận,NTB,AM Khánh
NTB - Bình Thuận,(BTH) Mũi Né,Hàng Mới Ca 2,2026-07-07 - Thứ 3,15,1,0.9333,0,4.14,13.9995,0,15,0,1.0005,0,0,0.0667,15,Bình Thuận,NTB,AM Khánh
NTB - Bình Thuận,(BTH) Mũi Né,Hàng Mới Ca 2,2026-06-30 - Thứ 3,15,0.7333,0.6667,0.0667,2.7,10.0005,1.0005,10.9995,1.0005,3.999,4.0005,0.2667,0.2666,15,Bình Thuận,NTB,AM Khánh
NTB - Bình Thuận,(BTH) Mũi Né,Hàng Mới Ca 2,2026-07-04 - Thứ 7,18,0.8333,0.6111,0,4.73,10.9998,0,14.9994,0,7.0002,3.0006,0.1667,0.3889,18,Bình Thuận,NTB,AM Khánh
NTB - Bình Thuận,(BTH) Mũi Né,Hàng Mới Ca 2,2026-07-12 - Chủ Nhật,18,0.8889,0.7778,0,4.64,14.0004,0,16.0002,0,3.9996,1.9998,0.1111,0.2222,18,Bình Thuận,NTB,AM Khánh
NTB - Bình Thuận,(BTH) Mũi Né,Hàng Mới Ca 2,2026-07-11 - Thứ 7,18,0.8889,0.7778,0,4.07,14.0004,0,16.0002,0,3.9996,1.9998,0.1111,0.2222,18,Bình Thuận,NTB,AM Khánh
NTB - Bình Thuận,(BTH) Mũi Né,Hàng Mới Ca 2,2026-07-05 - Chủ Nhật,19,0.8947,0.6316,0,4.33,12.0004,0,16.9993,0,6.9996,2.0007,0.1053,0.3684,19,Bình Thuận,NTB,AM Khánh
NTB - Bình Thuận,(BTH) Mũi Né,Hàng Mới Ca 2,2026-07-15 - Thứ 4,21,0.6667,0.5238,0,4.91,10.9998,0,14.0007,0,10.0002,6.9993,0.3333,0.4762,21,Bình Thuận,NTB,AM Khánh
NTB - Bình Thuận,(BTH) Mũi Né,Hàng Mới Ca 2,2026-06-27 - Thứ 7,21,0.6667,0.6667,0,2.93,14.0007,0,14.0007,0,6.9993,6.9993,0.3333,0.3333,21,Bình Thuận,NTB,AM Khánh
NTB - Bình Thuận,(BTH) Mũi Né,Hàng Mới Ca 2,2026-06-20 - Thứ 7,22,0.8182,0.6364,0,3.64,14.0008,0,18.0004,0,7.9992,3.9996,0.1818,0.3636,22,Bình Thuận,NTB,AM Khánh
NTB - Bình Thuận,(BTH) Mũi Né,Hàng Mới Ca 2,2026-06-23 - Thứ 3,22,0.7273,0.6364,0,3.14,14.0008,0,16.0006,0,7.9992,5.9994,0.2727,0.3636,22,Bình Thuận,NTB,AM Khánh
NTB - Bình Thuận,(BTH) Mũi Né,Hàng Mới Ca 2,2026-06-26 - Thứ 6,25,0.64,0.6,0.04,4.67,15,1,16,1,9,9,0.36,0.36,25,Bình Thuận,NTB,AM Khánh
NTB - Bình Thuận,(BTH) Mũi Né,Hàng Mới Ca 2,2026-07-01 - Thứ 4,25,0.84,0.72,0,4.56,18,0,21,0,7,4,0.16,0.28,25,Bình Thuận,NTB,AM Khánh
NTB - Bình Thuận,(BTH) Mũi Né,Hàng Mới Ca 2,2026-07-08 - Thứ 4,25,0.92,0.84,0,3.43,21,0,23,0,4,2,0.08,0.16,25,Bình Thuận,NTB,AM Khánh
NTB - Bình Thuận,(BTH) Mũi Né,Hàng Mới Ca 2,2026-07-16 - Thứ 5,29,0.8966,0.7586,0,4.77,21.9994,0,26.0014,0,7.0006,2.9986,0.1034,0.2414,29,Bình Thuận,NTB,AM Khánh
NTB - Bình Thuận,(BTH) Mũi Né,Hàng Mới Ca 2,2026-06-28 - Chủ Nhật,31,0.871,0.7419,0.0323,3.7,22.9989,1.0013,27.001,1.0013,6.9998,3.999,0.129,0.2258,31,Bình Thuận,NTB,AM Khánh
NTB - Bình Thuận,(BTH) Mũi Né,Hàng Mới Ca 2,2026-07-03 - Thứ 6,33,0.7879,0.6061,0,4.05,20.0013,0,26.0007,0,12.9987,6.9993,0.2121,0.3939,33,Bình Thuận,NTB,AM Khánh
NTB - Bình Thuận,(BTH) Mũi Né,Hàng Mới Ca 2,2026-07-10 - Thứ 6,33,0.8182,0.7576,0,4.64,25.0008,0,27.0006,0,7.9992,5.9994,0.1818,0.2424,33,Bình Thuận,NTB,AM Khánh
NTB - Bình Thuận,(BTH) Mũi Né,Hàng Mới Ca 2,2026-06-25 - Thứ 5,49,0.6327,0.5102,0,4.24,24.9998,0,31.0023,0,24.0002,17.9977,0.3673,0.4898,49,Bình Thuận,NTB,AM Khánh
NTB - Bình Thuận,(BTH) Mũi Né,Hàng Tồn,2026-07-03 - Thứ 6,3,1,1,0,28.67,3,0,3,0,0,0,0,0,0,Bình Thuận,NTB,AM Khánh
NTB - Bình Thuận,(BTH) Mũi Né,Hàng Tồn,2026-06-25 - Thứ 5,4,1,1,0,42.25,4,0,4,0,0,0,0,0,0,Bình Thuận,NTB,AM Khánh
NTB - Bình Thuận,(BTH) Mũi Né,Hàng Tồn,2026-06-30 - Thứ 3,5,1,0.8,0,40.25,4,0,5,0,1,0,0,0.2,0,Bình Thuận,NTB,AM Khánh
NTB - Bình Thuận,(BTH) Mũi Né,Hàng Tồn,2026-07-08 - Thứ 4,5,1,0.8,0,38.75,4,0,5,0,1,0,0,0.2,0,Bình Thuận,NTB,AM Khánh
NTB - Bình Thuận,(BTH) Mũi Né,Hàng Tồn,2026-07-14 - Thứ 3,6,1,0.8333,0,45.2,4.9998,0,6,0,1.0002,0,0,0.1667,0,Bình Thuận,NTB,AM Khánh
NTB - Bình Thuận,(BTH) Mũi Né,Hàng Tồn,2026-06-23 - Thứ 3,6,1,0.5,0.1667,50.67,3,1.0002,6,1.0002,1.9998,0,0,0.3333,0,Bình Thuận,NTB,AM Khánh
NTB - Bình Thuận,(BTH) Mũi Né,Hàng Tồn,2026-07-15 - Thứ 4,7,0.8571,0.8571,0,30.83,5.9997,0,5.9997,0,1.0003,1.0003,0.1429,0.1429,0,Bình Thuận,NTB,AM Khánh
NTB - Bình Thuận,(BTH) Mũi Né,Hàng Tồn,2026-07-07 - Thứ 3,7,1,0.5714,0,34,3.9998,0,7,0,3.0002,0,0,0.4286,0,Bình Thuận,NTB,AM Khánh
NTB - Bình Thuận,(BTH) Mũi Né,Hàng Tồn,2026-07-09 - Thứ 5,9,1,0.6667,0,28.67,6.0003,0,9,0,2.9997,0,0,0.3333,0,Bình Thuận,NTB,AM Khánh
NTB - Bình Thuận,(BTH) Mũi Né,Hàng Tồn,2026-07-05 - Chủ Nhật,9,1,0.6667,0,27.5,6.0003,0,9,0,2.9997,0,0,0.3333,0,Bình Thuận,NTB,AM Khánh
NTB - Bình Thuận,(BTH) Mũi Né,Hàng Tồn,2026-07-12 - Chủ Nhật,10,1,0.4,0.1,31.5,4,1,10,1,5,0,0,0.5,0,Bình Thuận,NTB,AM Khánh
NTB - Bình Thuận,(BTH) Mũi Né,Hàng Tồn,2026-06-20 - Thứ 7,10,1,0.7,0,35.86,7,0,10,0,3,0,0,0.3,0,Bình Thuận,NTB,AM Khánh
NTB - Bình Thuận,(BTH) Mũi Né,Hàng Tồn,2026-07-01 - Thứ 4,10,1,0.6,0,28.33,6,0,10,0,4,0,0,0.4,0,Bình Thuận,NTB,AM Khánh
NTB - Bình Thuận,(BTH) Mũi Né,Hàng Tồn,2026-06-22 - Thứ 2,11,1,0.8182,0,45.67,9.0002,0,11,0,1.9998,0,0,0.1818,0,Bình Thuận,NTB,AM Khánh
NTB - Bình Thuận,(BTH) Mũi Né,Hàng Tồn,2026-06-29 - Thứ 2,11,1,0.6364,0.1818,30.43,7.0004,1.9998,11,1.9998,1.9998,0,0,0.1818,0,Bình Thuận,NTB,AM Khánh
NTB - Bình Thuận,(BTH) Mũi Né,Hàng Tồn,2026-07-17 - Thứ 6,12,1,0.4167,0.0833,37.6,5.0004,0.9996,12,0.9996,6,0,0,0.5,0,Bình Thuận,NTB,AM Khánh
NTB - Bình Thuận,(BTH) Mũi Né,Hàng Tồn,2026-07-10 - Thứ 6,12,1,0.8333,0.0833,32.2,9.9996,0.9996,12,0.9996,1.0008,0,0,0.0834,0,Bình Thuận,NTB,AM Khánh
NTB - Bình Thuận,(BTH) Mũi Né,Hàng Tồn,2026-06-24 - Thứ 4,12,1,0.8333,0,29.4,9.9996,0,12,0,2.0004,0,0,0.1667,0,Bình Thuận,NTB,AM Khánh
NTB - Bình Thuận,(BTH) Mũi Né,Hàng Tồn,2026-07-02 - Thứ 5,12,1,0.5833,0.3333,32.86,6.9996,3.9996,12,3.9996,1.0008,0,0,0.0834,0,Bình Thuận,NTB,AM Khánh
NTB - Bình Thuận,(BTH) Mũi Né,Hàng Tồn,2026-06-21 - Chủ Nhật,13,1,0.4615,0,24.33,5.9995,0,13,0,7.0005,0,0,0.5385,0,Bình Thuận,NTB,AM Khánh
NTB - Bình Thuận,(BTH) Mũi Né,Hàng Tồn,2026-07-16 - Thứ 5,13,1,0.7692,0,23.5,9.9996,0,13,0,3.0004,0,0,0.2308,0,Bình Thuận,NTB,AM Khánh
NTB - Bình Thuận,(BTH) Mũi Né,Hàng Tồn,2026-07-06 - Thứ 2,13,1,0.6923,0.0769,26.56,8.9999,0.9997,13,0.9997,3.0004,0,0,0.2308,0,Bình Thuận,NTB,AM Khánh
NTB - Bình Thuận,(BTH) Mũi Né,Hàng Tồn,2026-07-11 - Thứ 7,14,1,0.5714,0.0714,27,7.9996,0.9996,14,0.9996,5.0008,0,0,0.3572,0,Bình Thuận,NTB,AM Khánh
NTB - Bình Thuận,(BTH) Mũi Né,Hàng Tồn,2026-06-27 - Thứ 7,14,1,0.4286,0.0714,28.17,6.0004,0.9996,14,0.9996,7,0,0,0.5,0,Bình Thuận,NTB,AM Khánh
NTB - Bình Thuận,(BTH) Mũi Né,Hàng Tồn,2026-07-04 - Thứ 7,14,1,0.9286,0,27.69,13.0004,0,14,0,0.9996,0,0,0.0714,0,Bình Thuận,NTB,AM Khánh
NTB - Bình Thuận,(BTH) Mũi Né,Hàng Tồn,2026-07-13 - Thứ 2,17,1,0.7059,0.0588,40.67,12.0003,0.9996,17,0.9996,4.0001,0,0,0.2353,0,Bình Thuận,NTB,AM Khánh
NTB - Bình Thuận,(BTH) Mũi Né,Hàng Tồn,2026-06-28 - Chủ Nhật,19,0.9474,0.6842,0.1053,39.38,12.9998,2.0007,18.0006,2.0007,3.9995,0.9994,0.0526,0.2105,0,Bình Thuận,NTB,AM Khánh
NTB - Bình Thuận,(BTH) Mũi Né,Hàng Tồn,2026-06-26 - Thứ 6,24,1,0.9167,0,26.77,22.0008,0,24,0,1.9992,0,0,0.0833,0,Bình Thuận,NTB,AM Khánh
NTB - Bình Thuận,(BTH) Lương Sơn,Hàng Mới Ca 1,2026-07-08 - Thứ 4,2,1,1,0,5,2,0,2,0,0,0,0,0,2,Bình Thuận,NTB,AM Khánh
NTB - Bình Thuận,(BTH) Lương Sơn,Hàng Mới Ca 1,2026-07-01 - Thứ 4,9,1,1,0,6.89,9,0,9,0,0,0,0,0,9,Bình Thuận,NTB,AM Khánh
NTB - Bình Thuận,(BTH) Lương Sơn,Hàng Mới Ca 1,2026-07-09 - Thứ 5,10,1,0.9,0,5.44,9,0,10,0,1,0,0,0.1,10,Bình Thuận,NTB,AM Khánh
NTB - Bình Thuận,(BTH) Lương Sơn,Hàng Mới Ca 1,2026-07-06 - Thứ 2,11,1,0.7273,0.0909,5.25,8.0003,0.9999,11,0.9999,1.9998,0,0,0.1818,11,Bình Thuận,NTB,AM Khánh
NTB - Bình Thuận,(BTH) Lương Sơn,Hàng Mới Ca 1,2026-06-20 - Thứ 7,13,1,0.6923,0,6.56,8.9999,0,13,0,4.0001,0,0,0.3077,13,Bình Thuận,NTB,AM Khánh
NTB - Bình Thuận,(BTH) Lương Sơn,Hàng Mới Ca 1,2026-07-02 - Thứ 5,13,1,0.6923,0,5.44,8.9999,0,13,0,4.0001,0,0,0.3077,13,Bình Thuận,NTB,AM Khánh
NTB - Bình Thuận,(BTH) Lương Sơn,Hàng Mới Ca 1,2026-07-13 - Thứ 2,16,1,0.5,0,4.13,8,0,16,0,8,0,0,0.5,16,Bình Thuận,NTB,AM Khánh
NTB - Bình Thuận,(BTH) Lương Sơn,Hàng Mới Ca 1,2026-06-29 - Thứ 2,16,1,1,0,5.88,16,0,16,0,0,0,0,0,16,Bình Thuận,NTB,AM Khánh
NTB - Bình Thuận,(BTH) Lương Sơn,Hàng Mới Ca 1,2026-07-03 - Thứ 6,17,1,0.8235,0.0588,5.71,13.9995,0.9996,17,0.9996,2.0009,0,0,0.1177,17,Bình Thuận,NTB,AM Khánh
NTB - Bình Thuận,(BTH) Lương Sơn,Hàng Mới Ca 1,2026-06-21 - Chủ Nhật,17,1,0.8824,0,7.2,15.0008,0,17,0,1.9992,0,0,0.1176,17,Bình Thuận,NTB,AM Khánh
NTB - Bình Thuận,(BTH) Lương Sơn,Hàng Mới Ca 1,2026-07-07 - Thứ 3,17,1,1,0,4.59,17,0,17,0,0,0,0,0,17,Bình Thuận,NTB,AM Khánh
NTB - Bình Thuận,(BTH) Lương Sơn,Hàng Mới Ca 1,2026-06-22 - Thứ 2,18,1,0.9444,0,4.65,16.9992,0,18,0,1.0008,0,0,0.0556,18,Bình Thuận,NTB,AM Khánh
NTB - Bình Thuận,(BTH) Lương Sơn,Hàng Mới Ca 1,2026-07-16 - Thứ 5,19,1,0.8421,0,6.38,15.9999,0,19,0,3.0001,0,0,0.1579,19,Bình Thuận,NTB,AM Khánh
NTB - Bình Thuận,(BTH) Lương Sơn,Hàng Mới Ca 1,2026-06-25 - Thứ 5,20,1,0.85,0,5.53,17,0,20,0,3,0,0,0.15,20,Bình Thuận,NTB,AM Khánh
NTB - Bình Thuận,(BTH) Lương Sơn,Hàng Mới Ca 1,2026-07-04 - Thứ 7,21,1,0.8095,0.0952,6.12,16.9995,1.9992,21,1.9992,2.0013,0,0,0.0953,21,Bình Thuận,NTB,AM Khánh
NTB - Bình Thuận,(BTH) Lương Sơn,Hàng Mới Ca 1,2026-06-30 - Thứ 3,21,1,0.9524,0,4.55,20.0004,0,21,0,0.9996,0,0,0.0476,21,Bình Thuận,NTB,AM Khánh
NTB - Bình Thuận,(BTH) Lương Sơn,Hàng Mới Ca 1,2026-07-12 - Chủ Nhật,21,1,0.8571,0,6.39,17.9991,0,21,0,3.0009,0,0,0.1429,21,Bình Thuận,NTB,AM Khánh
NTB - Bình Thuận,(BTH) Lương Sơn,Hàng Mới Ca 1,2026-07-05 - Chủ Nhật,22,1,0.9091,0,5.25,20.0002,0,22,0,1.9998,0,0,0.0909,22,Bình Thuận,NTB,AM Khánh
NTB - Bình Thuận,(BTH) Lương Sơn,Hàng Mới Ca 1,2026-06-23 - Thứ 3,22,1,1,0,4.64,22,0,22,0,0,0,0,0,22,Bình Thuận,NTB,AM Khánh
NTB - Bình Thuận,(BTH) Lương Sơn,Hàng Mới Ca 1,2026-07-15 - Thứ 4,24,1,0.875,0,5.9,21,0,24,0,3,0,0,0.125,24,Bình Thuận,NTB,AM Khánh
NTB - Bình Thuận,(BTH) Lương Sơn,Hàng Mới Ca 1,2026-07-17 - Thứ 6,25,1,0.88,0,4.59,22,0,25,0,3,0,0,0.12,25,Bình Thuận,NTB,AM Khánh
NTB - Bình Thuận,(BTH) Lương Sơn,Hàng Mới Ca 1,2026-06-24 - Thứ 4,25,1,0.84,0,6.95,21,0,25,0,4,0,0,0.16,25,Bình Thuận,NTB,AM Khánh
NTB - Bình Thuận,(BTH) Lương Sơn,Hàng Mới Ca 1,2026-06-28 - Chủ Nhật,26,1,0.8077,0,10.38,21.0002,0,26,0,4.9998,0,0,0.1923,26,Bình Thuận,NTB,AM Khánh
NTB - Bình Thuận,(BTH) Lương Sơn,Hàng Mới Ca 1,2026-07-14 - Thứ 3,28,1,0.7143,0,6.25,20.0004,0,28,0,7.9996,0,0,0.2857,28,Bình Thuận,NTB,AM Khánh
NTB - Bình Thuận,(BTH) Lương Sơn,Hàng Mới Ca 1,2026-06-27 - Thứ 7,28,1,0.8571,0.0357,5.5,23.9988,0.9996,28,0.9996,3.0016,0,0,0.1072,28,Bình Thuận,NTB,AM Khánh
NTB - Bình Thuận,(BTH) Lương Sơn,Hàng Mới Ca 1,2026-07-11 - Thứ 7,29,1,0.931,0.069,6.7,26.999,2.001,29,2.001,0,0,0,0,29,Bình Thuận,NTB,AM Khánh
NTB - Bình Thuận,(BTH) Lương Sơn,Hàng Mới Ca 1,2026-07-10 - Thứ 6,30,1,0.8667,0.0333,7,26.001,0.999,30,0.999,3,0,0,0.1,30,Bình Thuận,NTB,AM Khánh
NTB - Bình Thuận,(BTH) Lương Sơn,Hàng Mới Ca 1,2026-06-26 - Thứ 6,36,1,0.9444,0,15.74,33.9984,0,36,0,2.0016,0,0,0.0556,36,Bình Thuận,NTB,AM Khánh
NTB - Bình Thuận,(BTH) Lương Sơn,Hàng Mới Ca 2,2026-07-13 - Thứ 2,7,0,0,0,0,0,0,0,0,7,7,1,1,7,Bình Thuận,NTB,AM Khánh
NTB - Bình Thuận,(BTH) Lương Sơn,Hàng Mới Ca 2,2026-06-29 - Thứ 2,7,0.1429,0.1429,0,6,1.0003,0,1.0003,0,5.9997,5.9997,0.8571,0.8571,7,Bình Thuận,NTB,AM Khánh
NTB - Bình Thuận,(BTH) Lương Sơn,Hàng Mới Ca 2,2026-07-02 - Thứ 5,7,0,0,0,0,0,0,0,0,7,7,1,1,7,Bình Thuận,NTB,AM Khánh
NTB - Bình Thuận,(BTH) Lương Sơn,Hàng Mới Ca 2,2026-06-22 - Thứ 2,8,0.125,0.125,0,2,1,0,1,0,7,7,0.875,0.875,8,Bình Thuận,NTB,AM Khánh
NTB - Bình Thuận,(BTH) Lương Sơn,Hàng Mới Ca 2,2026-06-21 - Chủ Nhật,9,0,0,0,0,0,0,0,0,9,9,1,1,9,Bình Thuận,NTB,AM Khánh
NTB - Bình Thuận,(BTH) Lương Sơn,Hàng Mới Ca 2,2026-07-14 - Thứ 3,9,0.1111,0.1111,0,3,0.9999,0,0.9999,0,8.0001,8.0001,0.8889,0.8889,9,Bình Thuận,NTB,AM Khánh
NTB - Bình Thuận,(BTH) Lương Sơn,Hàng Mới Ca 2,2026-07-04 - Thứ 7,10,0,0,0,0,0,0,0,0,10,10,1,1,10,Bình Thuận,NTB,AM Khánh
NTB - Bình Thuận,(BTH) Lương Sơn,Hàng Mới Ca 2,2026-07-16 - Thứ 5,10,0.5,0.4,0,3.75,4,0,5,0,6,5,0.5,0.6,10,Bình Thuận,NTB,AM Khánh
NTB - Bình Thuận,(BTH) Lương Sơn,Hàng Mới Ca 2,2026-06-28 - Chủ Nhật,10,0.1,0.1,0,4,1,0,1,0,9,9,0.9,0.9,10,Bình Thuận,NTB,AM Khánh
NTB - Bình Thuận,(BTH) Lương Sơn,Hàng Mới Ca 2,2026-07-07 - Thứ 3,12,0.4167,0.3333,0,3.25,3.9996,0,5.0004,0,8.0004,6.9996,0.5833,0.6667,12,Bình Thuận,NTB,AM Khánh
NTB - Bình Thuận,(BTH) Lương Sơn,Hàng Mới Ca 2,2026-06-20 - Thứ 7,12,0.0833,0.0833,0,0,0.9996,0,0.9996,0,11.0004,11.0004,0.9167,0.9167,12,Bình Thuận,NTB,AM Khánh
NTB - Bình Thuận,(BTH) Lương Sơn,Hàng Mới Ca 2,2026-06-23 - Thứ 3,13,0.4615,0.4615,0,2.83,5.9995,0,5.9995,0,7.0005,7.0005,0.5385,0.5385,13,Bình Thuận,NTB,AM Khánh
NTB - Bình Thuận,(BTH) Lương Sơn,Hàng Mới Ca 2,2026-07-12 - Chủ Nhật,14,0.2857,0.2857,0,4,3.9998,0,3.9998,0,10.0002,10.0002,0.7143,0.7143,14,Bình Thuận,NTB,AM Khánh
NTB - Bình Thuận,(BTH) Lương Sơn,Hàng Mới Ca 2,2026-07-05 - Chủ Nhật,14,0.3571,0.3571,0,4.2,4.9994,0,4.9994,0,9.0006,9.0006,0.6429,0.6429,14,Bình Thuận,NTB,AM Khánh
NTB - Bình Thuận,(BTH) Lương Sơn,Hàng Mới Ca 2,2026-07-15 - Thứ 4,15,0.1333,0.1333,0,2.5,1.9995,0,1.9995,0,13.0005,13.0005,0.8667,0.8667,15,Bình Thuận,NTB,AM Khánh
NTB - Bình Thuận,(BTH) Lương Sơn,Hàng Mới Ca 2,2026-07-11 - Thứ 7,16,0.0625,0.0625,0,5,1,0,1,0,15,15,0.9375,0.9375,16,Bình Thuận,NTB,AM Khánh
NTB - Bình Thuận,(BTH) Lương Sơn,Hàng Mới Ca 2,2026-07-03 - Thứ 6,17,0.1765,0.1765,0,5.33,3.0005,0,3.0005,0,13.9995,13.9995,0.8235,0.8235,17,Bình Thuận,NTB,AM Khánh
NTB - Bình Thuận,(BTH) Lương Sơn,Hàng Mới Ca 2,2026-06-24 - Thứ 4,17,0.1176,0.1176,0,3.5,1.9992,0,1.9992,0,15.0008,15.0008,0.8824,0.8824,17,Bình Thuận,NTB,AM Khánh
NTB - Bình Thuận,(BTH) Lương Sơn,Hàng Mới Ca 2,2026-06-30 - Thứ 3,18,0.2778,0.2778,0,2.6,5.0004,0,5.0004,0,12.9996,12.9996,0.7222,0.7222,18,Bình Thuận,NTB,AM Khánh
NTB - Bình Thuận,(BTH) Lương Sơn,Hàng Mới Ca 2,2026-06-27 - Thứ 7,19,0.2105,0.2105,0,2.25,3.9995,0,3.9995,0,15.0005,15.0005,0.7895,0.7895,19,Bình Thuận,NTB,AM Khánh
NTB - Bình Thuận,(BTH) Lương Sơn,Hàng Mới Ca 2,2026-07-10 - Thứ 6,23,0.2609,0.2609,0,3,6.0007,0,6.0007,0,16.9993,16.9993,0.7391,0.7391,23,Bình Thuận,NTB,AM Khánh
NTB - Bình Thuận,(BTH) Lương Sơn,Hàng Mới Ca 2,2026-07-06 - Thứ 2,23,0.0435,0.0435,0,3,1.0005,0,1.0005,0,21.9995,21.9995,0.9565,0.9565,23,Bình Thuận,NTB,AM Khánh
NTB - Bình Thuận,(BTH) Lương Sơn,Hàng Mới Ca 2,2026-06-26 - Thứ 6,23,0.3478,0.3043,0,2.71,6.9989,0,7.9994,0,16.0011,15.0006,0.6522,0.6957,23,Bình Thuận,NTB,AM Khánh
NTB - Bình Thuận,(BTH) Lương Sơn,Hàng Mới Ca 2,2026-06-25 - Thứ 5,23,0.087,0.087,0,1.5,2.001,0,2.001,0,20.999,20.999,0.913,0.913,23,Bình Thuận,NTB,AM Khánh
NTB - Bình Thuận,(BTH) Lương Sơn,Hàng Mới Ca 2,2026-07-17 - Thứ 6,26,0.0769,0.0769,0,2,1.9994,0,1.9994,0,24.0006,24.0006,0.9231,0.9231,26,Bình Thuận,NTB,AM Khánh
NTB - Bình Thuận,(BTH) Lương Sơn,Hàng Mới Ca 2,2026-07-01 - Thứ 4,32,0.3438,0.25,0,4.13,8,0,11.0016,0,24,20.9984,0.6562,0.75,32,Bình Thuận,NTB,AM Khánh
NTB - Bình Thuận,(BTH) Lương Sơn,Hàng Mới Ca 2,2026-07-09 - Thứ 5,38,0.6579,0.5526,0,3,20.9988,0,25.0002,0,17.0012,12.9998,0.3421,0.4474,38,Bình Thuận,NTB,AM Khánh
NTB - Bình Thuận,(BTH) Lương Sơn,Hàng Mới Ca 2,2026-07-08 - Thứ 4,46,0.2826,0.2826,0,3.08,12.9996,0,12.9996,0,33.0004,33.0004,0.7174,0.7174,46,Bình Thuận,NTB,AM Khánh
NTB - Bình Thuận,(BTH) Lương Sơn,Hàng Tồn,2026-06-23 - Thứ 3,9,0.8889,0.7778,0,31,7.0002,0,8.0001,0,1.9998,0.9999,0.1111,0.2222,0,Bình Thuận,NTB,AM Khánh
NTB - Bình Thuận,(BTH) Lương Sơn,Hàng Tồn,2026-06-24 - Thứ 4,10,0.9,0.7,0,32.57,7,0,9,0,3,1,0.1,0.3,0,Bình Thuận,NTB,AM Khánh
NTB - Bình Thuận,(BTH) Lương Sơn,Hàng Tồn,2026-07-03 - Thứ 6,11,0.9091,0.8182,0,28.78,9.0002,0,10.0001,0,1.9998,0.9999,0.0909,0.1818,0,Bình Thuận,NTB,AM Khánh
NTB - Bình Thuận,(BTH) Lương Sơn,Hàng Tồn,2026-07-17 - Thứ 6,11,1,0.5455,0.0909,38.67,6.0005,0.9999,11,0.9999,3.9996,0,0,0.3636,0,Bình Thuận,NTB,AM Khánh
NTB - Bình Thuận,(BTH) Lương Sơn,Hàng Tồn,2026-07-08 - Thứ 4,13,0.9231,0.8462,0,46.36,11.0006,0,12.0003,0,1.9994,0.9997,0.0769,0.1538,0,Bình Thuận,NTB,AM Khánh
NTB - Bình Thuận,(BTH) Lương Sơn,Hàng Tồn,2026-07-01 - Thứ 4,14,0.8571,0.7857,0,25.18,10.9998,0,11.9994,0,3.0002,2.0006,0.1429,0.2143,0,Bình Thuận,NTB,AM Khánh
NTB - Bình Thuận,(BTH) Lương Sơn,Hàng Tồn,2026-06-30 - Thứ 3,14,0.9286,0.5,0.0714,40.29,7,0.9996,13.0004,0.9996,6.0004,0.9996,0.0714,0.4286,0,Bình Thuận,NTB,AM Khánh
NTB - Bình Thuận,(BTH) Lương Sơn,Hàng Tồn,2026-07-14 - Thứ 3,14,1,0.7143,0,102.4,10.0002,0,14,0,3.9998,0,0,0.2857,0,Bình Thuận,NTB,AM Khánh
NTB - Bình Thuận,(BTH) Lương Sơn,Hàng Tồn,2026-07-13 - Thứ 2,16,0.9375,0.875,0,35.64,14,0,15,0,2,1,0.0625,0.125,0,Bình Thuận,NTB,AM Khánh
NTB - Bình Thuận,(BTH) Lương Sơn,Hàng Tồn,2026-07-06 - Thứ 2,17,0.9412,0.6471,0,43.18,11.0007,0,16.0004,0,5.9993,0.9996,0.0588,0.3529,0,Bình Thuận,NTB,AM Khánh
NTB - Bình Thuận,(BTH) Lương Sơn,Hàng Tồn,2026-07-05 - Chủ Nhật,18,0.9444,0.6111,0,34.73,10.9998,0,16.9992,0,7.0002,1.0008,0.0556,0.3889,0,Bình Thuận,NTB,AM Khánh
NTB - Bình Thuận,(BTH) Lương Sơn,Hàng Tồn,2026-06-21 - Chủ Nhật,19,0.8947,0.6316,0,31.83,12.0004,0,16.9993,0,6.9996,2.0007,0.1053,0.3684,0,Bình Thuận,NTB,AM Khánh
NTB - Bình Thuận,(BTH) Lương Sơn,Hàng Tồn,2026-07-12 - Chủ Nhật,19,0.9474,0.7895,0,34.47,15.0005,0,18.0006,0,3.9995,0.9994,0.0526,0.2105,0,Bình Thuận,NTB,AM Khánh
NTB - Bình Thuận,(BTH) Lương Sơn,Hàng Tồn,2026-06-25 - Thứ 5,20,0.95,0.85,0,26.94,17,0,19,0,3,1,0.05,0.15,0,Bình Thuận,NTB,AM Khánh
NTB - Bình Thuận,(BTH) Lương Sơn,Hàng Tồn,2026-07-15 - Thứ 4,22,1,0.8182,0,38.56,18.0004,0,22,0,3.9996,0,0,0.1818,0,Bình Thuận,NTB,AM Khánh
NTB - Bình Thuận,(BTH) Lương Sơn,Hàng Tồn,2026-07-16 - Thứ 5,22,1,0.7273,0,33.88,16.0006,0,22,0,5.9994,0,0,0.2727,0,Bình Thuận,NTB,AM Khánh
NTB - Bình Thuận,(BTH) Lương Sơn,Hàng Tồn,2026-07-04 - Thứ 7,22,0.9545,0.7727,0,35.06,16.9994,0,20.999,0,5.0006,1.001,0.0455,0.2273,0,Bình Thuận,NTB,AM Khánh
NTB - Bình Thuận,(BTH) Lương Sơn,Hàng Tồn,2026-07-10 - Thứ 6,22,0.9091,0.5909,0,23.31,12.9998,0,20.0002,0,9.0002,1.9998,0.0909,0.4091,0,Bình Thuận,NTB,AM Khánh
NTB - Bình Thuận,(BTH) Lương Sơn,Hàng Tồn,2026-06-27 - Thứ 7,22,0.9545,0.6818,0.0455,26.8,14.9996,1.001,20.999,1.001,5.9994,1.001,0.0455,0.2727,0,Bình Thuận,NTB,AM Khánh
NTB - Bình Thuận,(BTH) Lương Sơn,Hàng Tồn,2026-06-22 - Thứ 2,23,0.9565,0.8261,0.087,39.26,19.0003,2.001,21.9995,2.001,1.9987,1.0005,0.0435,0.0869,0,Bình Thuận,NTB,AM Khánh
NTB - Bình Thuận,(BTH) Lương Sơn,Hàng Tồn,2026-06-29 - Thứ 2,23,0.9565,0.6087,0.0435,35.29,14.0001,1.0005,21.9995,1.0005,7.9994,1.0005,0.0435,0.3478,0,Bình Thuận,NTB,AM Khánh
NTB - Bình Thuận,(BTH) Lương Sơn,Hàng Tồn,2026-06-28 - Chủ Nhật,24,0.9583,0.5833,0.0417,31.57,13.9992,1.0008,22.9992,1.0008,9,1.0008,0.0417,0.375,0,Bình Thuận,NTB,AM Khánh
NTB - Bình Thuận,(BTH) Lương Sơn,Hàng Tồn,2026-07-07 - Thứ 3,25,0.96,0.88,0,24.86,22,0,24,0,3,1,0.04,0.12,0,Bình Thuận,NTB,AM Khánh
NTB - Bình Thuận,(BTH) Lương Sơn,Hàng Tồn,2026-07-11 - Thứ 7,27,0.963,0.8519,0.037,35.09,23.0013,0.999,26.001,0.999,2.9997,0.999,0.037,0.1111,0,Bình Thuận,NTB,AM Khánh
NTB - Bình Thuận,(BTH) Lương Sơn,Hàng Tồn,2026-06-26 - Thứ 6,28,0.9643,0.8571,0,32.17,23.9988,0,27.0004,0,4.0012,0.9996,0.0357,0.1429,0,Bình Thuận,NTB,AM Khánh
NTB - Bình Thuận,(BTH) Lương Sơn,Hàng Tồn,2026-07-02 - Thứ 5,31,0.9677,0.7419,0.0645,38.57,22.9989,1.9995,29.9987,1.9995,6.0016,1.0013,0.0323,0.1936,0,Bình Thuận,NTB,AM Khánh
NTB - Bình Thuận,(BTH) Lương Sơn,Hàng Tồn,2026-06-20 - Thứ 7,32,0.9688,0.6875,0.0313,29.59,22,1.0016,31.0016,1.0016,8.9984,0.9984,0.0312,0.2812,0,Bình Thuận,NTB,AM Khánh
NTB - Bình Thuận,(BTH) Lương Sơn,Hàng Tồn,2026-07-09 - Thứ 5,36,0.9722,0.8333,0,26.17,29.9988,0,34.9992,0,6.0012,1.0008,0.0278,0.1667,0,Bình Thuận,NTB,AM Khánh
NTB - Bình Thuận,(BTH) Liên Hương,Hàng Mới Ca 1,2026-07-11 - Thứ 7,75,1,0.9733,0.0133,8.68,72.9975,0.9975,75,0.9975,1.005,0,0,0.0134,75,Bình Thuận,NTB,AM D.Long
NTB - Bình Thuận,(BTH) Liên Hương,Hàng Mới Ca 1,2026-07-09 - Thứ 5,73,1,0.8904,0.0274,7.45,64.9992,2.0002,73,2.0002,6.0006,0,0,0.0822,73,Bình Thuận,NTB,AM D.Long
NTB - Bình Thuận,(BTH) Liên Hương,Hàng Mới Ca 1,2026-07-16 - Thứ 5,52,1,0.8654,0.0192,6.89,45.0008,0.9984,52,0.9984,6.0008,0,0,0.1154,52,Bình Thuận,NTB,AM D.Long
NTB - Bình Thuận,(BTH) Liên Hương,Hàng Mới Ca 1,2026-07-12 - Chủ Nhật,67,1,0.8358,0.0299,9.57,55.9986,2.0033,67,2.0033,8.9981,0,0,0.1343,67,Bình Thuận,NTB,AM D.Long
NTB - Bình Thuận,(BTH) Liên Hương,Hàng Mới Ca 1,2026-07-10 - Thứ 6,82,0.9878,0.9024,0.0244,9.12,73.9968,2.0008,80.9996,2.0008,6.0024,1.0004,0.0122,0.0732,82,Bình Thuận,NTB,AM D.Long
NTB - Bình Thuận,(BTH) Liên Hương,Hàng Mới Ca 1,2026-07-08 - Thứ 4,59,1,0.9322,0,5.71,54.9998,0,59,0,4.0002,0,0,0.0678,59,Bình Thuận,NTB,AM D.Long
NTB - Bình Thuận,(BTH) Liên Hương,Hàng Mới Ca 1,2026-06-27 - Thứ 7,65,1,0.9231,0,11.1,60.0015,0,65,0,4.9985,0,0,0.0769,65,Bình Thuận,NTB,AM D.Long
NTB - Bình Thuận,(BTH) Liên Hương,Hàng Mới Ca 1,2026-07-17 - Thứ 6,59,1,0.9153,0.0169,9.7,54.0027,0.9971,59,0.9971,4.0002,0,0,0.0678,59,Bình Thuận,NTB,AM D.Long
NTB - Bình Thuận,(BTH) Liên Hương,Hàng Mới Ca 1,2026-06-26 - Thứ 6,71,1,0.9577,0,11.04,67.9967,0,71,0,3.0033,0,0,0.0423,71,Bình Thuận,NTB,AM D.Long
NTB - Bình Thuận,(BTH) Liên Hương,Hàng Mới Ca 1,2026-07-06 - Thứ 2,19,1,0.8421,0,4.25,15.9999,0,19,0,3.0001,0,0,0.1579,19,Bình Thuận,NTB,AM D.Long
NTB - Bình Thuận,(BTH) Liên Hương,Hàng Mới Ca 1,2026-07-05 - Chủ Nhật,34,1,0.8824,0,4.17,30.0016,0,34,0,3.9984,0,0,0.1176,34,Bình Thuận,NTB,AM D.Long
NTB - Bình Thuận,(BTH) Liên Hương,Hàng Mới Ca 1,2026-07-13 - Thứ 2,34,0.9706,0.9118,0,11.68,31.0012,0,33.0004,0,2.9988,0.9996,0.0294,0.0882,34,Bình Thuận,NTB,AM D.Long
NTB - Bình Thuận,(BTH) Liên Hương,Hàng Mới Ca 1,2026-07-07 - Thứ 3,35,1,0.8857,0.0286,7.61,30.9995,1.001,35,1.001,2.9995,0,0,0.0857,35,Bình Thuận,NTB,AM D.Long
NTB - Bình Thuận,(BTH) Liên Hương,Hàng Mới Ca 1,2026-06-24 - Thứ 4,35,1,0.9429,0,10.97,33.0015,0,35,0,1.9985,0,0,0.0571,35,Bình Thuận,NTB,AM D.Long
NTB - Bình Thuận,(BTH) Liên Hương,Hàng Mới Ca 1,2026-07-03 - Thứ 6,39,1,0.8718,0.0256,8.09,34.0002,0.9984,39,0.9984,4.0014,0,0,0.1026,39,Bình Thuận,NTB,AM D.Long
NTB - Bình Thuận,(BTH) Liên Hương,Hàng Mới Ca 1,2026-06-29 - Thứ 2,40,1,0.975,0,11.1,39,0,40,0,1,0,0,0.025,40,Bình Thuận,NTB,AM D.Long
NTB - Bình Thuận,(BTH) Liên Hương,Hàng Mới Ca 1,2026-06-21 - Chủ Nhật,40,1,0.75,0,11.37,30,0,40,0,10,0,0,0.25,40,Bình Thuận,NTB,AM D.Long
NTB - Bình Thuận,(BTH) Liên Hương,Hàng Mới Ca 1,2026-07-14 - Thứ 3,41,1,0.878,0,8.39,35.998,0,41,0,5.002,0,0,0.122,41,Bình Thuận,NTB,AM D.Long
NTB - Bình Thuận,(BTH) Liên Hương,Hàng Mới Ca 1,2026-06-22 - Thứ 2,44,1,0.9545,0,8.9,41.998,0,44,0,2.002,0,0,0.0455,44,Bình Thuận,NTB,AM D.Long
NTB - Bình Thuận,(BTH) Liên Hương,Hàng Mới Ca 1,2026-06-20 - Thứ 7,44,1,0.8864,0,8.56,39.0016,0,44,0,4.9984,0,0,0.1136,44,Bình Thuận,NTB,AM D.Long
NTB - Bình Thuận,(BTH) Liên Hương,Hàng Mới Ca 1,2026-07-15 - Thứ 4,45,1,0.8889,0,7.73,40.0005,0,45,0,4.9995,0,0,0.1111,45,Bình Thuận,NTB,AM D.Long
NTB - Bình Thuận,(BTH) Liên Hương,Hàng Mới Ca 1,2026-07-04 - Thứ 7,45,1,0.8889,0.0444,7.55,40.0005,1.998,45,1.998,3.0015,0,0,0.0667,45,Bình Thuận,NTB,AM D.Long
NTB - Bình Thuận,(BTH) Liên Hương,Hàng Mới Ca 1,2026-06-23 - Thứ 3,46,1,0.9348,0.0217,7.14,43.0008,0.9982,46,0.9982,2.001,0,0,0.0435,46,Bình Thuận,NTB,AM D.Long
NTB - Bình Thuận,(BTH) Liên Hương,Hàng Mới Ca 1,2026-06-30 - Thứ 3,47,1,0.9362,0.0213,9.73,44.0014,1.0011,47,1.0011,1.9975,0,0,0.0425,47,Bình Thuận,NTB,AM D.Long
NTB - Bình Thuận,(BTH) Liên Hương,Hàng Mới Ca 1,2026-06-25 - Thứ 5,48,0.9792,0.875,0.0625,7.88,42,3,47.0016,3,3,0.9984,0.0208,0.0625,48,Bình Thuận,NTB,AM D.Long
NTB - Bình Thuận,(BTH) Liên Hương,Hàng Mới Ca 1,2026-07-01 - Thứ 4,51,1,0.9608,0,8.08,49.0008,0,51,0,1.9992,0,0,0.0392,51,Bình Thuận,NTB,AM D.Long
NTB - Bình Thuận,(BTH) Liên Hương,Hàng Mới Ca 1,2026-07-02 - Thứ 5,53,0.9811,0.7736,0,9.2,41.0008,0,51.9983,0,11.9992,1.0017,0.0189,0.2264,53,Bình Thuận,NTB,AM D.Long
NTB - Bình Thuận,(BTH) Liên Hương,Hàng Mới Ca 1,2026-06-28 - Chủ Nhật,55,0.9818,0.9273,0.0364,9.14,51.0015,2.002,53.999,2.002,1.9965,1.001,0.0182,0.0363,55,Bình Thuận,NTB,AM D.Long
NTB - Bình Thuận,(BTH) Liên Hương,Hàng Mới Ca 2,2026-06-24 - Thứ 4,3,1,1,0,0.33,3,0,3,0,0,0,0,0,3,Bình Thuận,NTB,AM D.Long
NTB - Bình Thuận,(BTH) Liên Hương,Hàng Mới Ca 2,2026-07-14 - Thứ 3,3,1,0.6667,0.3333,3,2.0001,0.9999,3,0.9999,0,0,0,0,3,Bình Thuận,NTB,AM D.Long
NTB - Bình Thuận,(BTH) Liên Hương,Hàng Mới Ca 2,2026-07-12 - Chủ Nhật,3,1,1,0,2,3,0,3,0,0,0,0,0,3,Bình Thuận,NTB,AM D.Long
NTB - Bình Thuận,(BTH) Liên Hương,Hàng Mới Ca 2,2026-06-21 - Chủ Nhật,4,1,1,0,0.75,4,0,4,0,0,0,0,0,4,Bình Thuận,NTB,AM D.Long
NTB - Bình Thuận,(BTH) Liên Hương,Hàng Mới Ca 2,2026-07-08 - Thứ 4,4,1,1,0,1.75,4,0,4,0,0,0,0,0,4,Bình Thuận,NTB,AM D.Long
NTB - Bình Thuận,(BTH) Liên Hương,Hàng Mới Ca 2,2026-06-25 - Thứ 5,4,1,0.75,0,2,3,0,4,0,1,0,0,0.25,4,Bình Thuận,NTB,AM D.Long
NTB - Bình Thuận,(BTH) Liên Hương,Hàng Mới Ca 2,2026-06-29 - Thứ 2,4,1,0.75,0,1.33,3,0,4,0,1,0,0,0.25,4,Bình Thuận,NTB,AM D.Long
NTB - Bình Thuận,(BTH) Liên Hương,Hàng Mới Ca 2,2026-07-17 - Thứ 6,4,1,1,0,1.5,4,0,4,0,0,0,0,0,4,Bình Thuận,NTB,AM D.Long
NTB - Bình Thuận,(BTH) Liên Hương,Hàng Mới Ca 2,2026-06-26 - Thứ 6,5,0.8,0.6,0.2,2,3,1,4,1,1,1,0.2,0.2,5,Bình Thuận,NTB,AM D.Long
NTB - Bình Thuận,(BTH) Liên Hương,Hàng Mới Ca 2,2026-06-20 - Thứ 7,5,1,1,0,2.2,5,0,5,0,0,0,0,0,5,Bình Thuận,NTB,AM D.Long
NTB - Bình Thuận,(BTH) Liên Hương,Hàng Mới Ca 2,2026-07-15 - Thứ 4,6,1,1,0,1.17,6,0,6,0,0,0,0,0,6,Bình Thuận,NTB,AM D.Long
NTB - Bình Thuận,(BTH) Liên Hương,Hàng Mới Ca 2,2026-07-13 - Thứ 2,6,0.6667,0.6667,0,0,4.0002,0,4.0002,0,1.9998,1.9998,0.3333,0.3333,6,Bình Thuận,NTB,AM D.Long
NTB - Bình Thuận,(BTH) Liên Hương,Hàng Mới Ca 2,2026-06-30 - Thứ 3,7,0.8571,0.8571,0,3.67,5.9997,0,5.9997,0,1.0003,1.0003,0.1429,0.1429,7,Bình Thuận,NTB,AM D.Long
NTB - Bình Thuận,(BTH) Liên Hương,Hàng Mới Ca 2,2026-07-02 - Thứ 5,7,1,0.8571,0.1429,1.5,5.9997,1.0003,7,1.0003,0,0,0,0,7,Bình Thuận,NTB,AM D.Long
NTB - Bình Thuận,(BTH) Liên Hương,Hàng Mới Ca 2,2026-06-27 - Thứ 7,8,0.875,0.75,0,2.67,6,0,7,0,2,1,0.125,0.25,8,Bình Thuận,NTB,AM D.Long
NTB - Bình Thuận,(BTH) Liên Hương,Hàng Mới Ca 2,2026-07-06 - Thứ 2,9,0.8889,0.7778,0.1111,3.43,7.0002,0.9999,8.0001,0.9999,0.9999,0.9999,0.1111,0.1111,9,Bình Thuận,NTB,AM D.Long
NTB - Bình Thuận,(BTH) Liên Hương,Hàng Mới Ca 2,2026-07-07 - Thứ 3,9,0.8889,0.7778,0,1.14,7.0002,0,8.0001,0,1.9998,0.9999,0.1111,0.2222,9,Bình Thuận,NTB,AM D.Long
NTB - Bình Thuận,(BTH) Liên Hương,Hàng Mới Ca 2,2026-06-23 - Thứ 3,10,0.9,0.9,0,1.67,9,0,9,0,1,1,0.1,0.1,10,Bình Thuận,NTB,AM D.Long
NTB - Bình Thuận,(BTH) Liên Hương,Hàng Mới Ca 2,2026-07-01 - Thứ 4,10,1,1,0,0.4,10,0,10,0,0,0,0,0,10,Bình Thuận,NTB,AM D.Long
NTB - Bình Thuận,(BTH) Liên Hương,Hàng Mới Ca 2,2026-06-28 - Chủ Nhật,10,0.9,0.9,0,3,9,0,9,0,1,1,0.1,0.1,10,Bình Thuận,NTB,AM D.Long
NTB - Bình Thuận,(BTH) Liên Hương,Hàng Mới Ca 2,2026-07-05 - Chủ Nhật,11,0.6364,0.4545,0,4,4.9995,0,7.0004,0,6.0005,3.9996,0.3636,0.5455,11,Bình Thuận,NTB,AM D.Long
NTB - Bình Thuận,(BTH) Liên Hương,Hàng Mới Ca 2,2026-07-10 - Thứ 6,12,0.8333,0.75,0,2.44,9,0,9.9996,0,3,2.0004,0.1667,0.25,12,Bình Thuận,NTB,AM D.Long
NTB - Bình Thuận,(BTH) Liên Hương,Hàng Mới Ca 2,2026-07-11 - Thứ 7,15,0.7333,0.7333,0,1.73,10.9995,0,10.9995,0,4.0005,4.0005,0.2667,0.2667,15,Bình Thuận,NTB,AM D.Long
NTB - Bình Thuận,(BTH) Liên Hương,Hàng Mới Ca 2,2026-07-16 - Thứ 5,16,0.9375,0.875,0,1.36,14,0,15,0,2,1,0.0625,0.125,16,Bình Thuận,NTB,AM D.Long
NTB - Bình Thuận,(BTH) Liên Hương,Hàng Mới Ca 2,2026-07-03 - Thứ 6,17,0.8235,0.7059,0,1.33,12.0003,0,13.9995,0,4.9997,3.0005,0.1765,0.2941,17,Bình Thuận,NTB,AM D.Long
NTB - Bình Thuận,(BTH) Liên Hương,Hàng Mới Ca 2,2026-07-09 - Thứ 5,19,0.7895,0.7368,0.0526,2.29,13.9992,0.9994,15.0005,0.9994,4.0014,3.9995,0.2105,0.2106,19,Bình Thuận,NTB,AM D.Long
NTB - Bình Thuận,(BTH) Liên Hương,Hàng Mới Ca 2,2026-07-04 - Thứ 7,21,0.6667,0.5238,0,4.1,10.9998,0,14.0007,0,10.0002,6.9993,0.3333,0.4762,21,Bình Thuận,NTB,AM D.Long
NTB - Bình Thuận,(BTH) Liên Hương,Hàng Tồn,2026-07-02 - Thứ 5,2,1,0.5,0,28,1,0,2,0,1,0,0,0.5,0,Bình Thuận,NTB,AM D.Long
NTB - Bình Thuận,(BTH) Liên Hương,Hàng Tồn,2026-07-01 - Thứ 4,2,1,0.5,0.5,27,1,1,2,1,0,0,0,0,0,Bình Thuận,NTB,AM D.Long
NTB - Bình Thuận,(BTH) Liên Hương,Hàng Tồn,2026-06-25 - Thứ 5,2,1,0.5,0,41,1,0,2,0,1,0,0,0.5,0,Bình Thuận,NTB,AM D.Long
NTB - Bình Thuận,(BTH) Liên Hương,Hàng Tồn,2026-06-30 - Thứ 3,3,1,1,0,46,3,0,3,0,0,0,0,0,0,Bình Thuận,NTB,AM D.Long
NTB - Bình Thuận,(BTH) Liên Hương,Hàng Tồn,2026-06-24 - Thứ 4,3,1,0.6667,0,37,2.0001,0,3,0,0.9999,0,0,0.3333,0,Bình Thuận,NTB,AM D.Long
NTB - Bình Thuận,(BTH) Liên Hương,Hàng Tồn,2026-06-27 - Thứ 7,4,1,0.75,0.25,26,3,1,4,1,0,0,0,0,0,Bình Thuận,NTB,AM D.Long
NTB - Bình Thuận,(BTH) Liên Hương,Hàng Tồn,2026-06-29 - Thứ 2,4,1,0.5,0,26,2,0,4,0,2,0,0,0.5,0,Bình Thuận,NTB,AM D.Long
NTB - Bình Thuận,(BTH) Liên Hương,Hàng Tồn,2026-06-23 - Thứ 3,4,1,1,0,50.5,4,0,4,0,0,0,0,0,0,Bình Thuận,NTB,AM D.Long
NTB - Bình Thuận,(BTH) Liên Hương,Hàng Tồn,2026-07-09 - Thứ 5,4,1,1,0,31.5,4,0,4,0,0,0,0,0,0,Bình Thuận,NTB,AM D.Long
NTB - Bình Thuận,(BTH) Liên Hương,Hàng Tồn,2026-06-26 - Thứ 6,6,1,0.8333,0,36,4.9998,0,6,0,1.0002,0,0,0.1667,0,Bình Thuận,NTB,AM D.Long
NTB - Bình Thuận,(BTH) Liên Hương,Hàng Tồn,2026-06-21 - Chủ Nhật,6,1,0.6667,0,32.25,4.0002,0,6,0,1.9998,0,0,0.3333,0,Bình Thuận,NTB,AM D.Long
NTB - Bình Thuận,(BTH) Liên Hương,Hàng Tồn,2026-07-15 - Thứ 4,7,1,0.4286,0.1429,35.33,3.0002,1.0003,7,1.0003,2.9995,0,0,0.4285,0,Bình Thuận,NTB,AM D.Long
NTB - Bình Thuận,(BTH) Liên Hương,Hàng Tồn,2026-07-12 - Chủ Nhật,7,0.8571,0.4286,0.2857,29.67,3.0002,1.9999,5.9997,1.9999,1.9999,1.0003,0.1429,0.2857,0,Bình Thuận,NTB,AM D.Long
NTB - Bình Thuận,(BTH) Liên Hương,Hàng Tồn,2026-07-08 - Thứ 4,7,1,0.8571,0,32.33,5.9997,0,7,0,1.0003,0,0,0.1429,0,Bình Thuận,NTB,AM D.Long
NTB - Bình Thuận,(BTH) Liên Hương,Hàng Tồn,2026-07-07 - Thứ 3,7,1,0.4286,0.1429,41,3.0002,1.0003,7,1.0003,2.9995,0,0,0.4285,0,Bình Thuận,NTB,AM D.Long
NTB - Bình Thuận,(BTH) Liên Hương,Hàng Tồn,2026-07-17 - Thứ 6,8,1,0.5,0,31.5,4,0,8,0,4,0,0,0.5,0,Bình Thuận,NTB,AM D.Long
NTB - Bình Thuận,(BTH) Liên Hương,Hàng Tồn,2026-07-16 - Thứ 5,8,1,0.625,0.125,34.8,5,1,8,1,2,0,0,0.25,0,Bình Thuận,NTB,AM D.Long
NTB - Bình Thuận,(BTH) Liên Hương,Hàng Tồn,2026-06-28 - Chủ Nhật,8,1,0.875,0,35.57,7,0,8,0,1,0,0,0.125,0,Bình Thuận,NTB,AM D.Long
NTB - Bình Thuận,(BTH) Liên Hương,Hàng Tồn,2026-07-14 - Thứ 3,8,1,0.375,0,33,3,0,8,0,5,0,0,0.625,0,Bình Thuận,NTB,AM D.Long
NTB - Bình Thuận,(BTH) Liên Hương,Hàng Tồn,2026-07-04 - Thứ 7,9,1,0.8889,0,35.13,8.0001,0,9,0,0.9999,0,0,0.1111,0,Bình Thuận,NTB,AM D.Long
NTB - Bình Thuận,(BTH) Liên Hương,Hàng Tồn,2026-06-20 - Thứ 7,9,1,0.5556,0.1111,42.6,5.0004,0.9999,9,0.9999,2.9997,0,0,0.3333,0,Bình Thuận,NTB,AM D.Long
NTB - Bình Thuận,(BTH) Liên Hương,Hàng Tồn,2026-06-22 - Thứ 2,9,1,0.8889,0,36.75,8.0001,0,9,0,0.9999,0,0,0.1111,0,Bình Thuận,NTB,AM D.Long
NTB - Bình Thuận,(BTH) Liên Hương,Hàng Tồn,2026-07-10 - Thứ 6,10,1,0.7,0.1,33.71,7,1,10,1,2,0,0,0.2,0,Bình Thuận,NTB,AM D.Long
NTB - Bình Thuận,(BTH) Liên Hương,Hàng Tồn,2026-07-11 - Thứ 7,11,1,0.7273,0,35.38,8.0003,0,11,0,2.9997,0,0,0.2727,0,Bình Thuận,NTB,AM D.Long
NTB - Bình Thuận,(BTH) Liên Hương,Hàng Tồn,2026-07-13 - Thứ 2,11,1,0.7273,0,43,8.0003,0,11,0,2.9997,0,0,0.2727,0,Bình Thuận,NTB,AM D.Long
NTB - Bình Thuận,(BTH) Liên Hương,Hàng Tồn,2026-07-06 - Thứ 2,12,1,0.8333,0,34.7,9.9996,0,12,0,2.0004,0,0,0.1667,0,Bình Thuận,NTB,AM D.Long
NTB - Bình Thuận,(BTH) Liên Hương,Hàng Tồn,2026-07-03 - Thứ 6,12,1,0.8333,0,47.4,9.9996,0,12,0,2.0004,0,0,0.1667,0,Bình Thuận,NTB,AM D.Long
NTB - Bình Thuận,(BTH) Liên Hương,Hàng Tồn,2026-07-05 - Chủ Nhật,15,1,0.8,0,28.5,12,0,15,0,3,0,0,0.2,0,Bình Thuận,NTB,AM D.Long
NTB - Bình Thuận,(BTH) Hàm Tân,Hàng Mới Ca 1,2026-07-09 - Thứ 5,56,0.9464,0.8214,0,7.11,45.9984,0,52.9984,0,10.0016,3.0016,0.0536,0.1786,56,Bình Thuận,NTB,AM Nhựt
NTB - Bình Thuận,(BTH) Hàm Tân,Hàng Mới Ca 1,2026-06-29 - Thứ 2,14,0.7143,0.6429,0.0714,7.33,9.0006,0.9996,10.0002,0.9996,3.9998,3.9998,0.2857,0.2857,14,Bình Thuận,NTB,AM Nhựt
NTB - Bình Thuận,(BTH) Hàm Tân,Hàng Mới Ca 1,2026-07-06 - Thứ 2,15,0.8667,0.6667,0,7.5,10.0005,0,13.0005,0,4.9995,1.9995,0.1333,0.3333,15,Bình Thuận,NTB,AM Nhựt
NTB - Bình Thuận,(BTH) Hàm Tân,Hàng Mới Ca 1,2026-07-16 - Thứ 5,18,0.9444,0.8889,0,8.06,16.0002,0,16.9992,0,1.9998,1.0008,0.0556,0.1111,18,Bình Thuận,NTB,AM Nhựt
NTB - Bình Thuận,(BTH) Hàm Tân,Hàng Mới Ca 1,2026-07-13 - Thứ 2,19,0.8947,0.8421,0,8.19,15.9999,0,16.9993,0,3.0001,2.0007,0.1053,0.1579,19,Bình Thuận,NTB,AM Nhựt
NTB - Bình Thuận,(BTH) Hàm Tân,Hàng Mới Ca 1,2026-06-20 - Thứ 7,21,1,0.8095,0,6.41,16.9995,0,21,0,4.0005,0,0,0.1905,21,Bình Thuận,NTB,AM Nhựt
NTB - Bình Thuận,(BTH) Hàm Tân,Hàng Mới Ca 1,2026-06-30 - Thứ 3,24,1,0.875,0.0417,6.52,21,1.0008,24,1.0008,1.9992,0,0,0.0833,24,Bình Thuận,NTB,AM Nhựt
NTB - Bình Thuận,(BTH) Hàm Tân,Hàng Mới Ca 1,2026-07-03 - Thứ 6,24,1,0.7083,0,8.53,16.9992,0,24,0,7.0008,0,0,0.2917,24,Bình Thuận,NTB,AM Nhựt
NTB - Bình Thuận,(BTH) Hàm Tân,Hàng Mới Ca 1,2026-06-21 - Chủ Nhật,24,0.9583,0.875,0,9.14,21,0,22.9992,0,3,1.0008,0.0417,0.125,24,Bình Thuận,NTB,AM Nhựt
NTB - Bình Thuận,(BTH) Hàm Tân,Hàng Mới Ca 1,2026-07-15 - Thứ 4,25,0.96,0.76,0.04,6.68,19,1,24,1,5,1,0.04,0.2,25,Bình Thuận,NTB,AM Nhựt
NTB - Bình Thuận,(BTH) Hàm Tân,Hàng Mới Ca 1,2026-07-05 - Chủ Nhật,26,1,0.9615,0,7.32,24.999,0,26,0,1.001,0,0,0.0385,26,Bình Thuận,NTB,AM Nhựt
NTB - Bình Thuận,(BTH) Hàm Tân,Hàng Mới Ca 1,2026-06-22 - Thứ 2,26,1,0.8846,0.0385,7.17,22.9996,1.001,26,1.001,1.9994,0,0,0.0769,26,Bình Thuận,NTB,AM Nhựt
NTB - Bình Thuận,(BTH) Hàm Tân,Hàng Mới Ca 1,2026-06-28 - Chủ Nhật,27,0.8889,0.7407,0,8.9,19.9989,0,24.0003,0,7.0011,2.9997,0.1111,0.2593,27,Bình Thuận,NTB,AM Nhựt
NTB - Bình Thuận,(BTH) Hàm Tân,Hàng Mới Ca 1,2026-07-07 - Thứ 3,27,0.963,0.6667,0,5.22,18.0009,0,26.001,0,8.9991,0.999,0.037,0.3333,27,Bình Thuận,NTB,AM Nhựt
NTB - Bình Thuận,(BTH) Hàm Tân,Hàng Mới Ca 1,2026-06-23 - Thứ 3,28,1,0.8571,0.0357,7.21,23.9988,0.9996,28,0.9996,3.0016,0,0,0.1072,28,Bình Thuận,NTB,AM Nhựt
NTB - Bình Thuận,(BTH) Hàm Tân,Hàng Mới Ca 1,2026-06-24 - Thứ 4,30,1,1,0,6.33,30,0,30,0,0,0,0,0,30,Bình Thuận,NTB,AM Nhựt
NTB - Bình Thuận,(BTH) Hàm Tân,Hàng Mới Ca 1,2026-07-01 - Thứ 4,30,0.9,0.9,0,6.67,27,0,27,0,3,3,0.1,0.1,30,Bình Thuận,NTB,AM Nhựt
NTB - Bình Thuận,(BTH) Hàm Tân,Hàng Mới Ca 1,2026-07-10 - Thứ 6,31,0.9355,0.8065,0.0323,6.8,25.0015,1.0013,29.0005,1.0013,4.9972,1.9995,0.0645,0.1612,31,Bình Thuận,NTB,AM Nhựt
NTB - Bình Thuận,(BTH) Hàm Tân,Hàng Mới Ca 1,2026-07-12 - Chủ Nhật,33,0.8788,0.7273,0.0909,8.96,24.0009,2.9997,29.0004,2.9997,5.9994,3.9996,0.1212,0.1818,33,Bình Thuận,NTB,AM Nhựt
NTB - Bình Thuận,(BTH) Hàm Tân,Hàng Mới Ca 1,2026-07-14 - Thứ 3,34,1,0.9118,0,8.03,31.0012,0,34,0,2.9988,0,0,0.0882,34,Bình Thuận,NTB,AM Nhựt
NTB - Bình Thuận,(BTH) Hàm Tân,Hàng Mới Ca 1,2026-07-11 - Thứ 7,35,0.9429,0.8286,0,8.07,29.001,0,33.0015,0,5.999,1.9985,0.0571,0.1714,35,Bình Thuận,NTB,AM Nhựt
NTB - Bình Thuận,(BTH) Hàm Tân,Hàng Mới Ca 1,2026-07-17 - Thứ 6,36,0.9444,0.8056,0,8.52,29.0016,0,33.9984,0,6.9984,2.0016,0.0556,0.1944,36,Bình Thuận,NTB,AM Nhựt
NTB - Bình Thuận,(BTH) Hàm Tân,Hàng Mới Ca 1,2026-06-25 - Thứ 5,37,1,0.8108,0,7.6,29.9996,0,37,0,7.0004,0,0,0.1892,37,Bình Thuận,NTB,AM Nhựt
NTB - Bình Thuận,(BTH) Hàm Tân,Hàng Mới Ca 1,2026-07-04 - Thứ 7,37,0.9459,0.8108,0.027,6.77,29.9996,0.999,34.9983,0.999,6.0014,2.0017,0.0541,0.1622,37,Bình Thuận,NTB,AM Nhựt
NTB - Bình Thuận,(BTH) Hàm Tân,Hàng Mới Ca 1,2026-06-27 - Thứ 7,41,0.9024,0.8293,0.0244,8.65,34.0013,1.0004,36.9984,1.0004,5.9983,4.0016,0.0976,0.1463,41,Bình Thuận,NTB,AM Nhựt
NTB - Bình Thuận,(BTH) Hàm Tân,Hàng Mới Ca 1,2026-07-02 - Thứ 5,42,1,0.7619,0,7.28,31.9998,0,42,0,10.0002,0,0,0.2381,42,Bình Thuận,NTB,AM Nhựt
NTB - Bình Thuận,(BTH) Hàm Tân,Hàng Mới Ca 1,2026-06-26 - Thứ 6,44,0.7955,0.7045,0.0227,7.29,30.998,0.9988,35.002,0.9988,12.0032,8.998,0.2045,0.2728,44,Bình Thuận,NTB,AM Nhựt
NTB - Bình Thuận,(BTH) Hàm Tân,Hàng Mới Ca 1,2026-07-08 - Thứ 4,44,1,0.7727,0,7.29,33.9988,0,44,0,10.0012,0,0,0.2273,44,Bình Thuận,NTB,AM Nhựt
NTB - Bình Thuận,(BTH) Hàm Tân,Hàng Mới Ca 2,2026-06-22 - Thứ 2,4,0.75,0.5,0,4,2,0,3,0,2,1,0.25,0.5,4,Bình Thuận,NTB,AM Nhựt
NTB - Bình Thuận,(BTH) Hàm Tân,Hàng Mới Ca 2,2026-06-29 - Thứ 2,8,0.625,0.625,0,4.8,5,0,5,0,3,3,0.375,0.375,8,Bình Thuận,NTB,AM Nhựt
NTB - Bình Thuận,(BTH) Hàm Tân,Hàng Mới Ca 2,2026-07-15 - Thứ 4,9,0.1111,0.1111,0,6,0.9999,0,0.9999,0,8.0001,8.0001,0.8889,0.8889,9,Bình Thuận,NTB,AM Nhựt
NTB - Bình Thuận,(BTH) Hàm Tân,Hàng Mới Ca 2,2026-07-06 - Thứ 2,9,0.4444,0.2222,0,4,1.9998,0,3.9996,0,7.0002,5.0004,0.5556,0.7778,9,Bình Thuận,NTB,AM Nhựt
NTB - Bình Thuận,(BTH) Hàm Tân,Hàng Mới Ca 2,2026-07-05 - Chủ Nhật,10,0.8,0.6,0,3.67,6,0,8,0,4,2,0.2,0.4,10,Bình Thuận,NTB,AM Nhựt
NTB - Bình Thuận,(BTH) Hàm Tân,Hàng Mới Ca 2,2026-06-24 - Thứ 4,10,0.2,0.2,0,3,2,0,2,0,8,8,0.8,0.8,10,Bình Thuận,NTB,AM Nhựt
NTB - Bình Thuận,(BTH) Hàm Tân,Hàng Mới Ca 2,2026-07-14 - Thứ 3,11,0.4545,0.2727,0,5,2.9997,0,4.9995,0,8.0003,6.0005,0.5455,0.7273,11,Bình Thuận,NTB,AM Nhựt
NTB - Bình Thuận,(BTH) Hàm Tân,Hàng Mới Ca 2,2026-06-21 - Chủ Nhật,14,0.7857,0.5,0,6,7,0,10.9998,0,7,3.0002,0.2143,0.5,14,Bình Thuận,NTB,AM Nhựt
NTB - Bình Thuận,(BTH) Hàm Tân,Hàng Mới Ca 2,2026-06-30 - Thứ 3,15,0.2,0.2,0,4,3,0,3,0,12,12,0.8,0.8,15,Bình Thuận,NTB,AM Nhựt
NTB - Bình Thuận,(BTH) Hàm Tân,Hàng Mới Ca 2,2026-07-04 - Thứ 7,15,0.7333,0.5333,0,7.25,7.9995,0,10.9995,0,7.0005,4.0005,0.2667,0.4667,15,Bình Thuận,NTB,AM Nhựt
NTB - Bình Thuận,(BTH) Hàm Tân,Hàng Mới Ca 2,2026-07-07 - Thứ 3,15,0,0,0,0,0,0,0,0,15,15,1,1,15,Bình Thuận,NTB,AM Nhựt
NTB - Bình Thuận,(BTH) Hàm Tân,Hàng Mới Ca 2,2026-07-13 - Thứ 2,15,0.5333,0.5333,0,4.25,7.9995,0,7.9995,0,7.0005,7.0005,0.4667,0.4667,15,Bình Thuận,NTB,AM Nhựt
NTB - Bình Thuận,(BTH) Hàm Tân,Hàng Mới Ca 2,2026-07-17 - Thứ 6,17,0.4706,0.4118,0,4.86,7.0006,0,8.0002,0,9.9994,8.9998,0.5294,0.5882,17,Bình Thuận,NTB,AM Nhựt
NTB - Bình Thuận,(BTH) Hàm Tân,Hàng Mới Ca 2,2026-07-16 - Thứ 5,17,0.3529,0.3529,0,3.5,5.9993,0,5.9993,0,11.0007,11.0007,0.6471,0.6471,17,Bình Thuận,NTB,AM Nhựt
NTB - Bình Thuận,(BTH) Hàm Tân,Hàng Mới Ca 2,2026-06-28 - Chủ Nhật,18,0.5,0.3333,0,6.17,5.9994,0,9,0,12.0006,9,0.5,0.6667,18,Bình Thuận,NTB,AM Nhựt
NTB - Bình Thuận,(BTH) Hàm Tân,Hàng Mới Ca 2,2026-07-02 - Thứ 5,18,0.2778,0.1111,0.0556,3.5,1.9998,1.0008,5.0004,1.0008,14.9994,12.9996,0.7222,0.8333,18,Bình Thuận,NTB,AM Nhựt
NTB - Bình Thuận,(BTH) Hàm Tân,Hàng Mới Ca 2,2026-07-09 - Thứ 5,18,0.3889,0.3889,0,4,7.0002,0,7.0002,0,10.9998,10.9998,0.6111,0.6111,18,Bình Thuận,NTB,AM Nhựt
NTB - Bình Thuận,(BTH) Hàm Tân,Hàng Mới Ca 2,2026-07-11 - Thứ 7,20,0.4,0.4,0,5.5,8,0,8,0,12,12,0.6,0.6,20,Bình Thuận,NTB,AM Nhựt
NTB - Bình Thuận,(BTH) Hàm Tân,Hàng Mới Ca 2,2026-06-23 - Thứ 3,20,0.35,0.25,0.05,4.6,5,1,7,1,14,13,0.65,0.7,20,Bình Thuận,NTB,AM Nhựt
NTB - Bình Thuận,(BTH) Hàm Tân,Hàng Mới Ca 2,2026-07-03 - Thứ 6,20,0.35,0.3,0,4,6,0,7,0,14,13,0.65,0.7,20,Bình Thuận,NTB,AM Nhựt
NTB - Bình Thuận,(BTH) Hàm Tân,Hàng Mới Ca 2,2026-06-20 - Thứ 7,21,0.5714,0.5714,0,5.58,11.9994,0,11.9994,0,9.0006,9.0006,0.4286,0.4286,21,Bình Thuận,NTB,AM Nhựt
NTB - Bình Thuận,(BTH) Hàm Tân,Hàng Mới Ca 2,2026-06-26 - Thứ 6,21,0.4762,0.4286,0,5.11,9.0006,0,10.0002,0,11.9994,10.9998,0.5238,0.5714,21,Bình Thuận,NTB,AM Nhựt
NTB - Bình Thuận,(BTH) Hàm Tân,Hàng Mới Ca 2,2026-06-27 - Thứ 7,22,0.5455,0.4091,0,4.78,9.0002,0,12.001,0,12.9998,9.999,0.4545,0.5909,22,Bình Thuận,NTB,AM Nhựt
NTB - Bình Thuận,(BTH) Hàm Tân,Hàng Mới Ca 2,2026-07-01 - Thứ 4,24,0.3333,0.2917,0,3,7.0008,0,7.9992,0,16.9992,16.0008,0.6667,0.7083,24,Bình Thuận,NTB,AM Nhựt
NTB - Bình Thuận,(BTH) Hàm Tân,Hàng Mới Ca 2,2026-06-25 - Thứ 5,24,0.3333,0.1667,0.0417,6,4.0008,1.0008,7.9992,1.0008,18.9984,16.0008,0.6667,0.7916,24,Bình Thuận,NTB,AM Nhựt
NTB - Bình Thuận,(BTH) Hàm Tân,Hàng Mới Ca 2,2026-07-12 - Chủ Nhật,26,0.1154,0.0769,0,8,1.9994,0,3.0004,0,24.0006,22.9996,0.8846,0.9231,26,Bình Thuận,NTB,AM Nhựt
NTB - Bình Thuận,(BTH) Hàm Tân,Hàng Mới Ca 2,2026-07-10 - Thứ 6,35,0.3143,0.2857,0,5.5,9.9995,0,11.0005,0,25.0005,23.9995,0.6857,0.7143,35,Bình Thuận,NTB,AM Nhựt
NTB - Bình Thuận,(BTH) Hàm Tân,Hàng Mới Ca 2,2026-07-08 - Thứ 4,37,0.2973,0.2703,0,4.1,10.0011,0,11.0001,0,26.9989,25.9999,0.7027,0.7297,37,Bình Thuận,NTB,AM Nhựt
NTB - Bình Thuận,(BTH) Hàm Tân,Hàng Tồn,2026-06-23 - Thứ 3,6,1,0.6667,0,43.75,4.0002,0,6,0,1.9998,0,0,0.3333,0,Bình Thuận,NTB,AM Nhựt
NTB - Bình Thuận,(BTH) Hàm Tân,Hàng Tồn,2026-06-25 - Thứ 5,12,1,0.5833,0.0833,37.29,6.9996,0.9996,12,0.9996,4.0008,0,0,0.3334,0,Bình Thuận,NTB,AM Nhựt
NTB - Bình Thuận,(BTH) Hàm Tân,Hàng Tồn,2026-07-06 - Thứ 2,12,0.75,0.25,0,48.67,3,0,9,0,9,3,0.25,0.75,0,Bình Thuận,NTB,AM Nhựt
NTB - Bình Thuận,(BTH) Hàm Tân,Hàng Tồn,2026-06-22 - Thứ 2,15,0.9333,0.6,0.0667,31.56,9,1.0005,13.9995,1.0005,4.9995,1.0005,0.0667,0.3333,0,Bình Thuận,NTB,AM Nhựt
NTB - Bình Thuận,(BTH) Hàm Tân,Hàng Tồn,2026-07-15 - Thứ 4,16,1,0.75,0,48.67,12,0,16,0,4,0,0,0.25,0,Bình Thuận,NTB,AM Nhựt
NTB - Bình Thuận,(BTH) Hàm Tân,Hàng Tồn,2026-07-05 - Chủ Nhật,16,1,0.5,0.0625,34.75,8,1,16,1,7,0,0,0.4375,0,Bình Thuận,NTB,AM Nhựt
NTB - Bình Thuận,(BTH) Hàm Tân,Hàng Tồn,2026-07-17 - Thứ 6,16,0.8125,0.6875,0.0625,28.09,11,1,13,1,4,3,0.1875,0.25,0,Bình Thuận,NTB,AM Nhựt
NTB - Bình Thuận,(BTH) Hàm Tân,Hàng Tồn,2026-06-30 - Thứ 3,16,1,0.6875,0,48.91,11,0,16,0,5,0,0,0.3125,0,Bình Thuận,NTB,AM Nhựt
NTB - Bình Thuận,(BTH) Hàm Tân,Hàng Tồn,2026-06-21 - Chủ Nhật,16,0.9375,0.75,0,33.08,12,0,15,0,4,1,0.0625,0.25,0,Bình Thuận,NTB,AM Nhựt
NTB - Bình Thuận,(BTH) Hàm Tân,Hàng Tồn,2026-07-16 - Thứ 5,17,0.9412,0.7647,0,32.92,12.9999,0,16.0004,0,4.0001,0.9996,0.0588,0.2353,0,Bình Thuận,NTB,AM Nhựt
NTB - Bình Thuận,(BTH) Hàm Tân,Hàng Tồn,2026-07-07 - Thứ 3,18,0.9444,0.6667,0.0556,43,12.0006,1.0008,16.9992,1.0008,4.9986,1.0008,0.0556,0.2777,0,Bình Thuận,NTB,AM Nhựt
NTB - Bình Thuận,(BTH) Hàm Tân,Hàng Tồn,2026-06-24 - Thứ 4,19,1,0.8421,0,28.81,15.9999,0,19,0,3.0001,0,0,0.1579,0,Bình Thuận,NTB,AM Nhựt
NTB - Bình Thuận,(BTH) Hàm Tân,Hàng Tồn,2026-07-01 - Thứ 4,21,0.9524,0.6667,0.0476,33,14.0007,0.9996,20.0004,0.9996,5.9997,0.9996,0.0476,0.2857,0,Bình Thuận,NTB,AM Nhựt
NTB - Bình Thuận,(BTH) Hàm Tân,Hàng Tồn,2026-07-14 - Thứ 3,22,0.9545,0.7727,0,50.41,16.9994,0,20.999,0,5.0006,1.001,0.0455,0.2273,0,Bình Thuận,NTB,AM Nhựt
NTB - Bình Thuận,(BTH) Hàm Tân,Hàng Tồn,2026-06-20 - Thứ 7,25,1,0.8,0.08,35.7,20,2,25,2,3,0,0,0.12,0,Bình Thuận,NTB,AM Nhựt
NTB - Bình Thuận,(BTH) Hàm Tân,Hàng Tồn,2026-07-02 - Thứ 5,26,0.9615,0.5769,0.0385,36.73,14.9994,1.001,24.999,1.001,9.9996,1.001,0.0385,0.3846,0,Bình Thuận,NTB,AM Nhựt
NTB - Bình Thuận,(BTH) Hàm Tân,Hàng Tồn,2026-07-04 - Thứ 7,27,1,0.8148,0,36.09,21.9996,0,27,0,5.0004,0,0,0.1852,0,Bình Thuận,NTB,AM Nhựt
NTB - Bình Thuận,(BTH) Hàm Tân,Hàng Tồn,2026-07-08 - Thứ 4,28,1,0.7143,0,32.85,20.0004,0,28,0,7.9996,0,0,0.2857,0,Bình Thuận,NTB,AM Nhựt
NTB - Bình Thuận,(BTH) Hàm Tân,Hàng Tồn,2026-06-26 - Thứ 6,29,0.7241,0.5517,0.0345,36.94,15.9993,1.0005,20.9989,1.0005,12.0002,8.0011,0.2759,0.4138,0,Bình Thuận,NTB,AM Nhựt
NTB - Bình Thuận,(BTH) Hàm Tân,Hàng Tồn,2026-07-03 - Thứ 6,33,0.9697,0.7879,0.0909,39.58,26.0007,2.9997,32.0001,2.9997,3.9996,0.9999,0.0303,0.1212,0,Bình Thuận,NTB,AM Nhựt
NTB - Bình Thuận,(BTH) Hàm Tân,Hàng Tồn,2026-06-27 - Thứ 7,35,0.6286,0.4571,0,34.13,15.9985,0,22.001,0,19.0015,12.999,0.3714,0.5429,0,Bình Thuận,NTB,AM Nhựt
NTB - Bình Thuận,(BTH) Hàm Tân,Hàng Tồn,2026-06-29 - Thứ 2,35,0.8857,0.7714,0,51.15,26.999,0,30.9995,0,8.001,4.0005,0.1143,0.2286,0,Bình Thuận,NTB,AM Nhựt
NTB - Bình Thuận,(BTH) Hàm Tân,Hàng Tồn,2026-07-12 - Chủ Nhật,36,0.7778,0.5,0,42.28,18,0,28.0008,0,18,7.9992,0.2222,0.5,0,Bình Thuận,NTB,AM Nhựt
NTB - Bình Thuận,(BTH) Hàm Tân,Hàng Tồn,2026-06-28 - Chủ Nhật,38,0.7632,0.4474,0.0263,36.88,17.0012,0.9994,29.0016,0.9994,19.9994,8.9984,0.2368,0.5263,0,Bình Thuận,NTB,AM Nhựt
NTB - Bình Thuận,(BTH) Hàm Tân,Hàng Tồn,2026-07-10 - Thứ 6,39,0.7692,0.4872,0.0513,46.05,19.0008,2.0007,29.9988,2.0007,17.9985,9.0012,0.2308,0.4615,0,Bình Thuận,NTB,AM Nhựt
NTB - Bình Thuận,(BTH) Hàm Tân,Hàng Tồn,2026-07-09 - Thứ 5,44,0.75,0.5682,0.0227,26.32,25.0008,0.9988,33,0.9988,18.0004,11,0.25,0.4091,0,Bình Thuận,NTB,AM Nhựt
NTB - Bình Thuận,(BTH) Hàm Tân,Hàng Tồn,2026-07-11 - Thứ 7,47,0.9149,0.5957,0,36.14,27.9979,0,43.0003,0,19.0021,3.9997,0.0851,0.4043,0,Bình Thuận,NTB,AM Nhựt
NTB - Bình Thuận,(BTH) Hàm Tân,Hàng Tồn,2026-07-13 - Thứ 2,48,0.8125,0.6458,0.0625,41.39,30.9984,3,39,3,14.0016,9,0.1875,0.2917,0,Bình Thuận,NTB,AM Nhựt
NTB - Bình Thuận,(BTH) Hàm Thắng,Hàng Mới Ca 1,2026-06-26 - Thứ 6,84,1,0.9405,0.0119,10.18,79.002,0.9996,84,0.9996,3.9984,0,0,0.0476,84,Bình Thuận,NTB,AM Khánh
NTB - Bình Thuận,(BTH) Hàm Thắng,Hàng Mới Ca 1,2026-07-17 - Thứ 6,56,1,0.9286,0.0357,6.48,52.0016,1.9992,56,1.9992,1.9992,0,0,0.0357,56,Bình Thuận,NTB,AM Khánh
NTB - Bình Thuận,(BTH) Hàm Thắng,Hàng Mới Ca 1,2026-07-11 - Thứ 7,120,0.9833,0.925,0.0083,10.58,111,0.996,117.996,0.996,8.004,2.004,0.0167,0.0667,120,Bình Thuận,NTB,AM Khánh
NTB - Bình Thuận,(BTH) Hàm Thắng,Hàng Mới Ca 1,2026-07-09 - Thứ 5,88,1,0.9318,0,7.39,81.9984,0,88,0,6.0016,0,0,0.0682,88,Bình Thuận,NTB,AM Khánh
NTB - Bình Thuận,(BTH) Hàm Thắng,Hàng Mới Ca 1,2026-07-10 - Thứ 6,120,1,0.9167,0.0083,9.9,110.004,0.996,120,0.996,9,0,0,0.075,120,Bình Thuận,NTB,AM Khánh
NTB - Bình Thuận,(BTH) Hàm Thắng,Hàng Mới Ca 1,2026-07-08 - Thứ 4,87,1,0.9885,0,6.99,85.9995,0,87,0,1.0005,0,0,0.0115,87,Bình Thuận,NTB,AM Khánh
NTB - Bình Thuận,(BTH) Hàm Thắng,Hàng Mới Ca 1,2026-06-27 - Thứ 7,65,1,0.9538,0,10.35,61.997,0,65,0,3.003,0,0,0.0462,65,Bình Thuận,NTB,AM Khánh
NTB - Bình Thuận,(BTH) Hàm Thắng,Hàng Mới Ca 1,2026-07-12 - Chủ Nhật,73,1,0.8082,0,8.58,58.9986,0,73,0,14.0014,0,0,0.1918,73,Bình Thuận,NTB,AM Khánh
NTB - Bình Thuận,(BTH) Hàm Thắng,Hàng Mới Ca 1,2026-06-25 - Thứ 5,77,1,0.961,0,9.85,73.997,0,77,0,3.003,0,0,0.039,77,Bình Thuận,NTB,AM Khánh
NTB - Bình Thuận,(BTH) Hàm Thắng,Hàng Mới Ca 1,2026-07-02 - Thứ 5,62,1,0.9032,0,5.64,55.9984,0,62,0,6.0016,0,0,0.0968,62,Bình Thuận,NTB,AM Khánh
NTB - Bình Thuận,(BTH) Hàm Thắng,Hàng Mới Ca 1,2026-07-06 - Thứ 2,25,1,0.88,0,6.82,22,0,25,0,3,0,0,0.12,25,Bình Thuận,NTB,AM Khánh
NTB - Bình Thuận,(BTH) Hàm Thắng,Hàng Mới Ca 1,2026-06-29 - Thứ 2,31,1,0.9032,0.0323,6.11,27.9992,1.0013,31,1.0013,1.9995,0,0,0.0645,31,Bình Thuận,NTB,AM Khánh
NTB - Bình Thuận,(BTH) Hàm Thắng,Hàng Mới Ca 1,2026-07-07 - Thứ 3,31,1,0.7742,0.0968,5.75,24.0002,3.0008,31,3.0008,3.999,0,0,0.129,31,Bình Thuận,NTB,AM Khánh
NTB - Bình Thuận,(BTH) Hàm Thắng,Hàng Mới Ca 1,2026-06-20 - Thứ 7,35,1,0.9429,0,6.03,33.0015,0,35,0,1.9985,0,0,0.0571,35,Bình Thuận,NTB,AM Khánh
NTB - Bình Thuận,(BTH) Hàm Thắng,Hàng Mới Ca 1,2026-06-30 - Thứ 3,36,1,0.9444,0,8.82,33.9984,0,36,0,2.0016,0,0,0.0556,36,Bình Thuận,NTB,AM Khánh
NTB - Bình Thuận,(BTH) Hàm Thắng,Hàng Mới Ca 1,2026-06-21 - Chủ Nhật,36,1,0.9444,0.0278,7.41,33.9984,1.0008,36,1.0008,1.0008,0,0,0.0278,36,Bình Thuận,NTB,AM Khánh
NTB - Bình Thuận,(BTH) Hàm Thắng,Hàng Mới Ca 1,2026-07-14 - Thứ 3,38,1,0.8947,0,7.68,33.9986,0,38,0,4.0014,0,0,0.1053,38,Bình Thuận,NTB,AM Khánh
NTB - Bình Thuận,(BTH) Hàm Thắng,Hàng Mới Ca 1,2026-07-13 - Thứ 2,42,1,0.881,0,6.22,37.002,0,42,0,4.998,0,0,0.119,42,Bình Thuận,NTB,AM Khánh
NTB - Bình Thuận,(BTH) Hàm Thắng,Hàng Mới Ca 1,2026-07-15 - Thứ 4,43,1,0.9302,0,7,39.9986,0,43,0,3.0014,0,0,0.0698,43,Bình Thuận,NTB,AM Khánh
NTB - Bình Thuận,(BTH) Hàm Thắng,Hàng Mới Ca 1,2026-06-23 - Thứ 3,43,1,0.9302,0.0233,6.6,39.9986,1.0019,43,1.0019,1.9995,0,0,0.0465,43,Bình Thuận,NTB,AM Khánh
NTB - Bình Thuận,(BTH) Hàm Thắng,Hàng Mới Ca 1,2026-07-03 - Thứ 6,44,1,0.8864,0,6.1,39.0016,0,44,0,4.9984,0,0,0.1136,44,Bình Thuận,NTB,AM Khánh
NTB - Bình Thuận,(BTH) Hàm Thắng,Hàng Mới Ca 1,2026-07-16 - Thứ 5,45,1,0.9111,0,5.49,40.9995,0,45,0,4.0005,0,0,0.0889,45,Bình Thuận,NTB,AM Khánh
NTB - Bình Thuận,(BTH) Hàm Thắng,Hàng Mới Ca 1,2026-07-05 - Chủ Nhật,46,1,0.7826,0.0217,7.28,35.9996,0.9982,46,0.9982,9.0022,0,0,0.1957,46,Bình Thuận,NTB,AM Khánh
NTB - Bình Thuận,(BTH) Hàm Thắng,Hàng Mới Ca 1,2026-06-22 - Thứ 2,46,1,0.8913,0.0217,6.27,40.9998,0.9982,46,0.9982,4.002,0,0,0.087,46,Bình Thuận,NTB,AM Khánh
NTB - Bình Thuận,(BTH) Hàm Thắng,Hàng Mới Ca 1,2026-07-01 - Thứ 4,48,1,0.9375,0,6.69,45,0,48,0,3,0,0,0.0625,48,Bình Thuận,NTB,AM Khánh
NTB - Bình Thuận,(BTH) Hàm Thắng,Hàng Mới Ca 1,2026-06-28 - Chủ Nhật,50,1,0.94,0.02,6.85,47,1,50,1,2,0,0,0.04,50,Bình Thuận,NTB,AM Khánh
NTB - Bình Thuận,(BTH) Hàm Thắng,Hàng Mới Ca 1,2026-06-24 - Thứ 4,55,1,0.8909,0,7.24,48.9995,0,55,0,6.0005,0,0,0.1091,55,Bình Thuận,NTB,AM Khánh
NTB - Bình Thuận,(BTH) Hàm Thắng,Hàng Mới Ca 1,2026-07-04 - Thứ 7,57,1,0.8947,0,6.49,50.9979,0,57,0,6.0021,0,0,0.1053,57,Bình Thuận,NTB,AM Khánh
NTB - Bình Thuận,(BTH) Hàm Thắng,Hàng Mới Ca 2,2026-07-08 - Thứ 4,60,0.9333,0.8833,0,4.47,52.998,0,55.998,0,7.002,4.002,0.0667,0.1167,60,Bình Thuận,NTB,AM Khánh
NTB - Bình Thuận,(BTH) Hàm Thắng,Hàng Mới Ca 2,2026-07-10 - Thứ 6,10,0.9,0.8,0,3.13,8,0,9,0,2,1,0.1,0.2,10,Bình Thuận,NTB,AM Khánh
NTB - Bình Thuận,(BTH) Hàm Thắng,Hàng Mới Ca 2,2026-07-13 - Thứ 2,10,1,0.8,0,3.88,8,0,10,0,2,0,0,0.2,10,Bình Thuận,NTB,AM Khánh
NTB - Bình Thuận,(BTH) Hàm Thắng,Hàng Mới Ca 2,2026-06-22 - Thứ 2,16,0.8125,0.75,0,4.58,12,0,13,0,4,3,0.1875,0.25,16,Bình Thuận,NTB,AM Khánh
NTB - Bình Thuận,(BTH) Hàm Thắng,Hàng Mới Ca 2,2026-06-29 - Thứ 2,16,1,0.8125,0.0625,4.23,13,1,16,1,2,0,0,0.125,16,Bình Thuận,NTB,AM Khánh
NTB - Bình Thuận,(BTH) Hàm Thắng,Hàng Mới Ca 2,2026-06-24 - Thứ 4,18,0.8889,0.8333,0,3.13,14.9994,0,16.0002,0,3.0006,1.9998,0.1111,0.1667,18,Bình Thuận,NTB,AM Khánh
NTB - Bình Thuận,(BTH) Hàm Thắng,Hàng Mới Ca 2,2026-07-14 - Thứ 3,21,0.9048,0.8571,0,2.67,17.9991,0,19.0008,0,3.0009,1.9992,0.0952,0.1429,21,Bình Thuận,NTB,AM Khánh
NTB - Bình Thuận,(BTH) Hàm Thắng,Hàng Mới Ca 2,2026-06-26 - Thứ 6,23,0.8696,0.7826,0.0435,4.39,17.9998,1.0005,20.0008,1.0005,3.9997,2.9992,0.1304,0.1739,23,Bình Thuận,NTB,AM Khánh
NTB - Bình Thuận,(BTH) Hàm Thắng,Hàng Mới Ca 2,2026-06-25 - Thứ 5,25,0.88,0.84,0.04,4.33,21,1,22,1,3,3,0.12,0.12,25,Bình Thuận,NTB,AM Khánh
NTB - Bình Thuận,(BTH) Hàm Thắng,Hàng Mới Ca 2,2026-07-17 - Thứ 6,26,0.9615,0.6923,0.0385,2.89,17.9998,1.001,24.999,1.001,6.9992,1.001,0.0385,0.2692,26,Bình Thuận,NTB,AM Khánh
NTB - Bình Thuận,(BTH) Hàm Thắng,Hàng Mới Ca 2,2026-07-15 - Thứ 4,27,0.963,0.9259,0,4.8,24.9993,0,26.001,0,2.0007,0.999,0.037,0.0741,27,Bình Thuận,NTB,AM Khánh
NTB - Bình Thuận,(BTH) Hàm Thắng,Hàng Mới Ca 2,2026-06-28 - Chủ Nhật,27,0.8889,0.7037,0,4.37,18.9999,0,24.0003,0,8.0001,2.9997,0.1111,0.2963,27,Bình Thuận,NTB,AM Khánh
NTB - Bình Thuận,(BTH) Hàm Thắng,Hàng Mới Ca 2,2026-06-30 - Thứ 3,28,0.9643,0.75,0,3.57,21,0,27.0004,0,7,0.9996,0.0357,0.25,28,Bình Thuận,NTB,AM Khánh
NTB - Bình Thuận,(BTH) Hàm Thắng,Hàng Mới Ca 2,2026-07-07 - Thứ 3,29,0.931,0.8276,0,3.83,24.0004,0,26.999,0,4.9996,2.001,0.069,0.1724,29,Bình Thuận,NTB,AM Khánh
NTB - Bình Thuận,(BTH) Hàm Thắng,Hàng Mới Ca 2,2026-06-21 - Chủ Nhật,30,0.9,0.8,0,3.79,24,0,27,0,6,3,0.1,0.2,30,Bình Thuận,NTB,AM Khánh
NTB - Bình Thuận,(BTH) Hàm Thắng,Hàng Mới Ca 2,2026-07-09 - Thứ 5,31,0.9032,0.871,0,3.37,27.001,0,27.9992,0,3.999,3.0008,0.0968,0.129,31,Bình Thuận,NTB,AM Khánh
NTB - Bình Thuận,(BTH) Hàm Thắng,Hàng Mới Ca 2,2026-07-16 - Thứ 5,32,0.9063,0.8125,0,3.54,26,0,29.0016,0,6,2.9984,0.0937,0.1875,32,Bình Thuận,NTB,AM Khánh
NTB - Bình Thuận,(BTH) Hàm Thắng,Hàng Mới Ca 2,2026-07-01 - Thứ 4,32,0.9063,0.7813,0,3.52,25.0016,0,29.0016,0,6.9984,2.9984,0.0937,0.2187,32,Bình Thuận,NTB,AM Khánh
NTB - Bình Thuận,(BTH) Hàm Thắng,Hàng Mới Ca 2,2026-07-12 - Chủ Nhật,32,0.8125,0.7188,0.0625,3.57,23.0016,2,26,2,6.9984,6,0.1875,0.2187,32,Bình Thuận,NTB,AM Khánh
NTB - Bình Thuận,(BTH) Hàm Thắng,Hàng Mới Ca 2,2026-07-05 - Chủ Nhật,37,0.9189,0.8378,0.027,4.19,30.9986,0.999,33.9993,0.999,5.0024,3.0007,0.0811,0.1352,37,Bình Thuận,NTB,AM Khánh
NTB - Bình Thuận,(BTH) Hàm Thắng,Hàng Mới Ca 2,2026-07-11 - Thứ 7,37,0.973,0.973,0,3.92,36.001,0,36.001,0,0.999,0.999,0.027,0.027,37,Bình Thuận,NTB,AM Khánh
NTB - Bình Thuận,(BTH) Hàm Thắng,Hàng Mới Ca 2,2026-07-04 - Thứ 7,37,0.9459,0.8108,0,4.57,29.9996,0,34.9983,0,7.0004,2.0017,0.0541,0.1892,37,Bình Thuận,NTB,AM Khánh
NTB - Bình Thuận,(BTH) Hàm Thắng,Hàng Mới Ca 2,2026-06-27 - Thứ 7,40,0.925,0.825,0,3.55,33,0,37,0,7,3,0.075,0.175,40,Bình Thuận,NTB,AM Khánh
NTB - Bình Thuận,(BTH) Hàm Thắng,Hàng Mới Ca 2,2026-07-02 - Thứ 5,42,0.9048,0.8571,0,3.33,35.9982,0,38.0016,0,6.0018,3.9984,0.0952,0.1429,42,Bình Thuận,NTB,AM Khánh
NTB - Bình Thuận,(BTH) Hàm Thắng,Hàng Mới Ca 2,2026-07-03 - Thứ 6,43,0.907,0.814,0.0233,4.23,35.002,1.0019,39.001,1.0019,6.9961,3.999,0.093,0.1627,43,Bình Thuận,NTB,AM Khánh
NTB - Bình Thuận,(BTH) Hàm Thắng,Hàng Mới Ca 2,2026-06-20 - Thứ 7,43,0.9302,0.7674,0,4.61,32.9982,0,39.9986,0,10.0018,3.0014,0.0698,0.2326,43,Bình Thuận,NTB,AM Khánh
NTB - Bình Thuận,(BTH) Hàm Thắng,Hàng Mới Ca 2,2026-07-06 - Thứ 2,44,0.9773,0.8409,0,4.59,36.9996,0,43.0012,0,7.0004,0.9988,0.0227,0.1591,44,Bình Thuận,NTB,AM Khánh
NTB - Bình Thuận,(BTH) Hàm Thắng,Hàng Mới Ca 2,2026-06-23 - Thứ 3,54,0.9815,0.7963,0.0556,3.77,43.0002,3.0024,53.001,3.0024,7.9974,0.999,0.0185,0.1481,54,Bình Thuận,NTB,AM Khánh
NTB - Bình Thuận,(BTH) Hàm Thắng,Hàng Tồn,2026-07-14 - Thứ 3,8,1,0.75,0.125,29,6,1,8,1,1,0,0,0.125,0,Bình Thuận,NTB,AM Khánh
NTB - Bình Thuận,(BTH) Hàm Thắng,Hàng Tồn,2026-07-16 - Thứ 5,8,1,0.625,0.125,51.2,5,1,8,1,2,0,0,0.25,0,Bình Thuận,NTB,AM Khánh
NTB - Bình Thuận,(BTH) Hàm Thắng,Hàng Tồn,2026-06-27 - Thứ 7,8,1,0.75,0,33,6,0,8,0,2,0,0,0.25,0,Bình Thuận,NTB,AM Khánh
NTB - Bình Thuận,(BTH) Hàm Thắng,Hàng Tồn,2026-06-23 - Thứ 3,9,1,0.6667,0,35.5,6.0003,0,9,0,2.9997,0,0,0.3333,0,Bình Thuận,NTB,AM Khánh
NTB - Bình Thuận,(BTH) Hàm Thắng,Hàng Tồn,2026-07-15 - Thứ 4,10,1,0.7,0.2,80,7,2,10,2,1,0,0,0.1,0,Bình Thuận,NTB,AM Khánh
NTB - Bình Thuận,(BTH) Hàm Thắng,Hàng Tồn,2026-06-26 - Thứ 6,10,1,0.6,0.3,49.83,6,3,10,3,1,0,0,0.1,0,Bình Thuận,NTB,AM Khánh
NTB - Bình Thuận,(BTH) Hàm Thắng,Hàng Tồn,2026-07-09 - Thứ 5,10,1,0.8,0,40.63,8,0,10,0,2,0,0,0.2,0,Bình Thuận,NTB,AM Khánh
NTB - Bình Thuận,(BTH) Hàm Thắng,Hàng Tồn,2026-06-30 - Thứ 3,10,0.9,0.5,0.2,62.6,5,2,9,2,3,1,0.1,0.3,0,Bình Thuận,NTB,AM Khánh
NTB - Bình Thuận,(BTH) Hàm Thắng,Hàng Tồn,2026-07-02 - Thứ 5,10,1,0.6,0.1,41.33,6,1,10,1,3,0,0,0.3,0,Bình Thuận,NTB,AM Khánh
NTB - Bình Thuận,(BTH) Hàm Thắng,Hàng Tồn,2026-06-28 - Chủ Nhật,11,1,0.7273,0,33.25,8.0003,0,11,0,2.9997,0,0,0.2727,0,Bình Thuận,NTB,AM Khánh
NTB - Bình Thuận,(BTH) Hàm Thắng,Hàng Tồn,2026-06-29 - Thứ 2,11,1,0.6364,0,33.33,7.0004,0,11,0,3.9996,0,0,0.3636,0,Bình Thuận,NTB,AM Khánh
NTB - Bình Thuận,(BTH) Hàm Thắng,Hàng Tồn,2026-07-17 - Thứ 6,11,1,0.5455,0,46,6.0005,0,11,0,4.9995,0,0,0.4545,0,Bình Thuận,NTB,AM Khánh
NTB - Bình Thuận,(BTH) Hàm Thắng,Hàng Tồn,2026-07-01 - Thứ 4,11,1,0.7273,0.1818,39.25,8.0003,1.9998,11,1.9998,0.9999,0,0,0.0909,0,Bình Thuận,NTB,AM Khánh
NTB - Bình Thuận,(BTH) Hàm Thắng,Hàng Tồn,2026-07-10 - Thứ 6,12,1,0.5833,0,52.14,6.9996,0,12,0,5.0004,0,0,0.4167,0,Bình Thuận,NTB,AM Khánh
NTB - Bình Thuận,(BTH) Hàm Thắng,Hàng Tồn,2026-07-08 - Thứ 4,12,1,0.6667,0,37,8.0004,0,12,0,3.9996,0,0,0.3333,0,Bình Thuận,NTB,AM Khánh
NTB - Bình Thuận,(BTH) Hàm Thắng,Hàng Tồn,2026-07-05 - Chủ Nhật,13,1,0.8462,0.0769,33.36,11.0006,0.9997,13,0.9997,0.9997,0,0,0.0769,0,Bình Thuận,NTB,AM Khánh
NTB - Bình Thuận,(BTH) Hàm Thắng,Hàng Tồn,2026-06-24 - Thứ 4,13,1,0.6154,0,49.88,8.0002,0,13,0,4.9998,0,0,0.3846,0,Bình Thuận,NTB,AM Khánh
NTB - Bình Thuận,(BTH) Hàm Thắng,Hàng Tồn,2026-07-11 - Thứ 7,13,1,0.5385,0.0769,45.57,7.0005,0.9997,13,0.9997,4.9998,0,0,0.3846,0,Bình Thuận,NTB,AM Khánh
NTB - Bình Thuận,(BTH) Hàm Thắng,Hàng Tồn,2026-07-12 - Chủ Nhật,13,1,0.7692,0,54.6,9.9996,0,13,0,3.0004,0,0,0.2308,0,Bình Thuận,NTB,AM Khánh
NTB - Bình Thuận,(BTH) Hàm Thắng,Hàng Tồn,2026-06-25 - Thứ 5,13,1,0.5385,0.1538,32.57,7.0005,1.9994,13,1.9994,4.0001,0,0,0.3077,0,Bình Thuận,NTB,AM Khánh
NTB - Bình Thuận,(BTH) Hàm Thắng,Hàng Tồn,2026-07-07 - Thứ 3,13,1,1,0,49.92,13,0,13,0,0,0,0,0,0,Bình Thuận,NTB,AM Khánh
NTB - Bình Thuận,(BTH) Hàm Thắng,Hàng Tồn,2026-07-04 - Thứ 7,14,1,0.7857,0.0714,36,10.9998,0.9996,14,0.9996,2.0006,0,0,0.1429,0,Bình Thuận,NTB,AM Khánh
NTB - Bình Thuận,(BTH) Hàm Thắng,Hàng Tồn,2026-07-06 - Thứ 2,14,1,0.7143,0,36.4,10.0002,0,14,0,3.9998,0,0,0.2857,0,Bình Thuận,NTB,AM Khánh
NTB - Bình Thuận,(BTH) Hàm Thắng,Hàng Tồn,2026-06-20 - Thứ 7,16,1,0.5,0.125,34.38,8,2,16,2,6,0,0,0.375,0,Bình Thuận,NTB,AM Khánh
NTB - Bình Thuận,(BTH) Hàm Thắng,Hàng Tồn,2026-06-22 - Thứ 2,16,1,0.6875,0,46.18,11,0,16,0,5,0,0,0.3125,0,Bình Thuận,NTB,AM Khánh
NTB - Bình Thuận,(BTH) Hàm Thắng,Hàng Tồn,2026-07-03 - Thứ 6,17,1,0.8235,0.0588,42.29,13.9995,0.9996,17,0.9996,2.0009,0,0,0.1177,0,Bình Thuận,NTB,AM Khánh
NTB - Bình Thuận,(BTH) Hàm Thắng,Hàng Tồn,2026-06-21 - Chủ Nhật,19,1,0.5263,0.0526,60.6,9.9997,0.9994,19,0.9994,8.0009,0,0,0.4211,0,Bình Thuận,NTB,AM Khánh
NTB - Bình Thuận,(BTH) Hàm Thắng,Hàng Tồn,2026-07-13 - Thứ 2,25,1,0.76,0,40.47,19,0,25,0,6,0,0,0.24,0,Bình Thuận,NTB,AM Khánh
NTB - Bình Thuận,(BTH) Hàm Thuận Nam,Hàng Mới Ca 1,2026-07-06 - Thứ 2,10,1,0.9,0,6,9,0,10,0,1,0,0,0.1,10,Bình Thuận,NTB,AM Nhựt
NTB - Bình Thuận,(BTH) Hàm Thuận Nam,Hàng Mới Ca 1,2026-07-16 - Thứ 5,12,1,0.9167,0,4.73,11.0004,0,12,0,0.9996,0,0,0.0833,12,Bình Thuận,NTB,AM Nhựt
NTB - Bình Thuận,(BTH) Hàm Thuận Nam,Hàng Mới Ca 1,2026-06-21 - Chủ Nhật,12,1,1,0,5.17,12,0,12,0,0,0,0,0,12,Bình Thuận,NTB,AM Nhựt
NTB - Bình Thuận,(BTH) Hàm Thuận Nam,Hàng Mới Ca 1,2026-07-01 - Thứ 4,15,1,1,0,6.4,15,0,15,0,0,0,0,0,15,Bình Thuận,NTB,AM Nhựt
NTB - Bình Thuận,(BTH) Hàm Thuận Nam,Hàng Mới Ca 1,2026-07-07 - Thứ 3,17,1,0.9412,0,6.19,16.0004,0,17,0,0.9996,0,0,0.0588,17,Bình Thuận,NTB,AM Nhựt
NTB - Bình Thuận,(BTH) Hàm Thuận Nam,Hàng Mới Ca 1,2026-06-29 - Thứ 2,17,1,0.9412,0,5.13,16.0004,0,17,0,0.9996,0,0,0.0588,17,Bình Thuận,NTB,AM Nhựt
NTB - Bình Thuận,(BTH) Hàm Thuận Nam,Hàng Mới Ca 1,2026-07-17 - Thứ 6,17,1,1,0,4.88,17,0,17,0,0,0,0,0,17,Bình Thuận,NTB,AM Nhựt
NTB - Bình Thuận,(BTH) Hàm Thuận Nam,Hàng Mới Ca 1,2026-07-12 - Chủ Nhật,19,1,0.9474,0,5.5,18.0006,0,19,0,0.9994,0,0,0.0526,19,Bình Thuận,NTB,AM Nhựt
NTB - Bình Thuận,(BTH) Hàm Thuận Nam,Hàng Mới Ca 1,2026-06-23 - Thứ 3,19,1,0.9474,0,5.67,18.0006,0,19,0,0.9994,0,0,0.0526,19,Bình Thuận,NTB,AM Nhựt
NTB - Bình Thuận,(BTH) Hàm Thuận Nam,Hàng Mới Ca 1,2026-07-04 - Thứ 7,19,1,1,0,4.16,19,0,19,0,0,0,0,0,19,Bình Thuận,NTB,AM Nhựt
NTB - Bình Thuận,(BTH) Hàm Thuận Nam,Hàng Mới Ca 1,2026-07-14 - Thứ 3,19,1,0.9474,0,5.33,18.0006,0,19,0,0.9994,0,0,0.0526,19,Bình Thuận,NTB,AM Nhựt
NTB - Bình Thuận,(BTH) Hàm Thuận Nam,Hàng Mới Ca 1,2026-06-26 - Thứ 6,20,1,0.95,0,7.21,19,0,20,0,1,0,0,0.05,20,Bình Thuận,NTB,AM Nhựt
NTB - Bình Thuận,(BTH) Hàm Thuận Nam,Hàng Mới Ca 1,2026-07-13 - Thứ 2,20,1,0.9,0.1,6.5,18,2,20,2,0,0,0,0,20,Bình Thuận,NTB,AM Nhựt
NTB - Bình Thuận,(BTH) Hàm Thuận Nam,Hàng Mới Ca 1,2026-06-20 - Thứ 7,20,1,1,0,5.4,20,0,20,0,0,0,0,0,20,Bình Thuận,NTB,AM Nhựt
NTB - Bình Thuận,(BTH) Hàm Thuận Nam,Hàng Mới Ca 1,2026-07-03 - Thứ 6,21,1,0.8095,0.0476,6.06,16.9995,0.9996,21,0.9996,3.0009,0,0,0.1429,21,Bình Thuận,NTB,AM Nhựt
NTB - Bình Thuận,(BTH) Hàm Thuận Nam,Hàng Mới Ca 1,2026-07-05 - Chủ Nhật,22,1,0.9091,0,6.15,20.0002,0,22,0,1.9998,0,0,0.0909,22,Bình Thuận,NTB,AM Nhựt
NTB - Bình Thuận,(BTH) Hàm Thuận Nam,Hàng Mới Ca 1,2026-07-02 - Thứ 5,22,1,0.9545,0,4.1,20.999,0,22,0,1.001,0,0,0.0455,22,Bình Thuận,NTB,AM Nhựt
NTB - Bình Thuận,(BTH) Hàm Thuận Nam,Hàng Mới Ca 1,2026-07-11 - Thứ 7,23,1,0.8696,0,6.25,20.0008,0,23,0,2.9992,0,0,0.1304,23,Bình Thuận,NTB,AM Nhựt
NTB - Bình Thuận,(BTH) Hàm Thuận Nam,Hàng Mới Ca 1,2026-06-28 - Chủ Nhật,23,1,0.913,0,5.52,20.999,0,23,0,2.001,0,0,0.087,23,Bình Thuận,NTB,AM Nhựt
NTB - Bình Thuận,(BTH) Hàm Thuận Nam,Hàng Mới Ca 1,2026-07-10 - Thứ 6,23,1,1,0,5.74,23,0,23,0,0,0,0,0,23,Bình Thuận,NTB,AM Nhựt
NTB - Bình Thuận,(BTH) Hàm Thuận Nam,Hàng Mới Ca 1,2026-06-22 - Thứ 2,23,1,1,0,5.22,23,0,23,0,0,0,0,0,23,Bình Thuận,NTB,AM Nhựt
NTB - Bình Thuận,(BTH) Hàm Thuận Nam,Hàng Mới Ca 1,2026-06-24 - Thứ 4,23,0.9565,0.913,0,6.62,20.999,0,21.9995,0,2.001,1.0005,0.0435,0.087,23,Bình Thuận,NTB,AM Nhựt
NTB - Bình Thuận,(BTH) Hàm Thuận Nam,Hàng Mới Ca 1,2026-07-15 - Thứ 4,26,1,0.8462,0,4.68,22.0012,0,26,0,3.9988,0,0,0.1538,26,Bình Thuận,NTB,AM Nhựt
NTB - Bình Thuận,(BTH) Hàm Thuận Nam,Hàng Mới Ca 1,2026-06-27 - Thứ 7,26,1,1,0,6.38,26,0,26,0,0,0,0,0,26,Bình Thuận,NTB,AM Nhựt
NTB - Bình Thuận,(BTH) Hàm Thuận Nam,Hàng Mới Ca 1,2026-06-25 - Thứ 5,29,1,0.8966,0,6.08,26.0014,0,29,0,2.9986,0,0,0.1034,29,Bình Thuận,NTB,AM Nhựt
NTB - Bình Thuận,(BTH) Hàm Thuận Nam,Hàng Mới Ca 1,2026-06-30 - Thứ 3,31,1,0.9677,0,5.63,29.9987,0,31,0,1.0013,0,0,0.0323,31,Bình Thuận,NTB,AM Nhựt
NTB - Bình Thuận,(BTH) Hàm Thuận Nam,Hàng Mới Ca 1,2026-07-08 - Thứ 4,37,1,0.8649,0.0811,6,32.0013,3.0007,37,3.0007,1.998,0,0,0.054,37,Bình Thuận,NTB,AM Nhựt
NTB - Bình Thuận,(BTH) Hàm Thuận Nam,Hàng Mới Ca 1,2026-07-09 - Thứ 5,38,1,0.9474,0,6,36.0012,0,38,0,1.9988,0,0,0.0526,38,Bình Thuận,NTB,AM Nhựt
NTB - Bình Thuận,(BTH) Hàm Thuận Nam,Hàng Mới Ca 2,2026-06-24 - Thứ 4,5,0.8,0.8,0,3,4,0,4,0,1,1,0.2,0.2,5,Bình Thuận,NTB,AM Nhựt
NTB - Bình Thuận,(BTH) Hàm Thuận Nam,Hàng Mới Ca 2,2026-06-29 - Thứ 2,7,0.8571,0.7143,0,3,5.0001,0,5.9997,0,1.9999,1.0003,0.1429,0.2857,7,Bình Thuận,NTB,AM Nhựt
NTB - Bình Thuận,(BTH) Hàm Thuận Nam,Hàng Mới Ca 2,2026-07-06 - Thứ 2,7,0.8571,0.4286,0,3.33,3.0002,0,5.9997,0,3.9998,1.0003,0.1429,0.5714,7,Bình Thuận,NTB,AM Nhựt
NTB - Bình Thuận,(BTH) Hàm Thuận Nam,Hàng Mới Ca 2,2026-07-14 - Thứ 3,9,0.8889,0.5556,0,3.6,5.0004,0,8.0001,0,3.9996,0.9999,0.1111,0.4444,9,Bình Thuận,NTB,AM Nhựt
NTB - Bình Thuận,(BTH) Hàm Thuận Nam,Hàng Mới Ca 2,2026-07-13 - Thứ 2,9,1,0.6667,0,2.83,6.0003,0,9,0,2.9997,0,0,0.3333,9,Bình Thuận,NTB,AM Nhựt
NTB - Bình Thuận,(BTH) Hàm Thuận Nam,Hàng Mới Ca 2,2026-07-02 - Thứ 5,10,0.9,0.6,0,3,6,0,9,0,4,1,0.1,0.4,10,Bình Thuận,NTB,AM Nhựt
NTB - Bình Thuận,(BTH) Hàm Thuận Nam,Hàng Mới Ca 2,2026-06-22 - Thứ 2,10,0.9,0.4,0,1.75,4,0,9,0,6,1,0.1,0.6,10,Bình Thuận,NTB,AM Nhựt
NTB - Bình Thuận,(BTH) Hàm Thuận Nam,Hàng Mới Ca 2,2026-06-21 - Chủ Nhật,11,0.8182,0.7273,0,3.5,8.0003,0,9.0002,0,2.9997,1.9998,0.1818,0.2727,11,Bình Thuận,NTB,AM Nhựt
NTB - Bình Thuận,(BTH) Hàm Thuận Nam,Hàng Mới Ca 2,2026-07-04 - Thứ 7,11,0.6364,0.4545,0.0909,2.8,4.9995,0.9999,7.0004,0.9999,5.0006,3.9996,0.3636,0.4546,11,Bình Thuận,NTB,AM Nhựt
NTB - Bình Thuận,(BTH) Hàm Thuận Nam,Hàng Mới Ca 2,2026-06-26 - Thứ 6,12,0.5,0.4167,0,2.4,5.0004,0,6,0,6.9996,6,0.5,0.5833,12,Bình Thuận,NTB,AM Nhựt
NTB - Bình Thuận,(BTH) Hàm Thuận Nam,Hàng Mới Ca 2,2026-07-11 - Thứ 7,12,0.9167,0.8333,0,2.6,9.9996,0,11.0004,0,2.0004,0.9996,0.0833,0.1667,12,Bình Thuận,NTB,AM Nhựt
NTB - Bình Thuận,(BTH) Hàm Thuận Nam,Hàng Mới Ca 2,2026-06-30 - Thứ 3,13,0.8462,0.8462,0,2.55,11.0006,0,11.0006,0,1.9994,1.9994,0.1538,0.1538,13,Bình Thuận,NTB,AM Nhựt
NTB - Bình Thuận,(BTH) Hàm Thuận Nam,Hàng Mới Ca 2,2026-06-27 - Thứ 7,13,0.6923,0.6923,0,3,8.9999,0,8.9999,0,4.0001,4.0001,0.3077,0.3077,13,Bình Thuận,NTB,AM Nhựt
NTB - Bình Thuận,(BTH) Hàm Thuận Nam,Hàng Mới Ca 2,2026-07-07 - Thứ 3,14,0.7857,0.7143,0,3,10.0002,0,10.9998,0,3.9998,3.0002,0.2143,0.2857,14,Bình Thuận,NTB,AM Nhựt
NTB - Bình Thuận,(BTH) Hàm Thuận Nam,Hàng Mới Ca 2,2026-07-17 - Thứ 6,15,0.8667,0.8,0,4.08,12,0,13.0005,0,3,1.9995,0.1333,0.2,15,Bình Thuận,NTB,AM Nhựt
NTB - Bình Thuận,(BTH) Hàm Thuận Nam,Hàng Mới Ca 2,2026-07-05 - Chủ Nhật,16,0.9375,0.875,0,2.79,14,0,15,0,2,1,0.0625,0.125,16,Bình Thuận,NTB,AM Nhựt
NTB - Bình Thuận,(BTH) Hàm Thuận Nam,Hàng Mới Ca 2,2026-07-01 - Thứ 4,16,0.6875,0.5,0.0625,2.75,8,1,11,1,7,5,0.3125,0.4375,16,Bình Thuận,NTB,AM Nhựt
NTB - Bình Thuận,(BTH) Hàm Thuận Nam,Hàng Mới Ca 2,2026-06-20 - Thứ 7,16,0.75,0.375,0,2.83,6,0,12,0,10,4,0.25,0.625,16,Bình Thuận,NTB,AM Nhựt
NTB - Bình Thuận,(BTH) Hàm Thuận Nam,Hàng Mới Ca 2,2026-07-15 - Thứ 4,16,0.9375,0.6875,0,2.55,11,0,15,0,5,1,0.0625,0.3125,16,Bình Thuận,NTB,AM Nhựt
NTB - Bình Thuận,(BTH) Hàm Thuận Nam,Hàng Mới Ca 2,2026-07-08 - Thứ 4,16,0.875,0.6875,0,2.73,11,0,14,0,5,2,0.125,0.3125,16,Bình Thuận,NTB,AM Nhựt
NTB - Bình Thuận,(BTH) Hàm Thuận Nam,Hàng Mới Ca 2,2026-07-16 - Thứ 5,17,0.7647,0.6471,0,3,11.0007,0,12.9999,0,5.9993,4.0001,0.2353,0.3529,17,Bình Thuận,NTB,AM Nhựt
NTB - Bình Thuận,(BTH) Hàm Thuận Nam,Hàng Mới Ca 2,2026-06-23 - Thứ 3,18,0.8889,0.7778,0.0556,2.29,14.0004,1.0008,16.0002,1.0008,2.9988,1.9998,0.1111,0.1666,18,Bình Thuận,NTB,AM Nhựt
NTB - Bình Thuận,(BTH) Hàm Thuận Nam,Hàng Mới Ca 2,2026-07-03 - Thứ 6,19,0.8947,0.7895,0,2.47,15.0005,0,16.9993,0,3.9995,2.0007,0.1053,0.2105,19,Bình Thuận,NTB,AM Nhựt
NTB - Bình Thuận,(BTH) Hàm Thuận Nam,Hàng Mới Ca 2,2026-07-12 - Chủ Nhật,19,0.6316,0.5789,0,3.18,10.9991,0,12.0004,0,8.0009,6.9996,0.3684,0.4211,19,Bình Thuận,NTB,AM Nhựt
NTB - Bình Thuận,(BTH) Hàm Thuận Nam,Hàng Mới Ca 2,2026-06-28 - Chủ Nhật,20,0.55,0.4,0,3.5,8,0,11,0,12,9,0.45,0.6,20,Bình Thuận,NTB,AM Nhựt
NTB - Bình Thuận,(BTH) Hàm Thuận Nam,Hàng Mới Ca 2,2026-06-25 - Thứ 5,22,0.6364,0.5455,0,3,12.001,0,14.0008,0,9.999,7.9992,0.3636,0.4545,22,Bình Thuận,NTB,AM Nhựt
NTB - Bình Thuận,(BTH) Hàm Thuận Nam,Hàng Mới Ca 2,2026-07-10 - Thứ 6,37,0.8108,0.6486,0,3.58,23.9982,0,29.9996,0,13.0018,7.0004,0.1892,0.3514,37,Bình Thuận,NTB,AM Nhựt
NTB - Bình Thuận,(BTH) Hàm Thuận Nam,Hàng Mới Ca 2,2026-07-09 - Thứ 5,43,0.907,0.907,0,3.49,39.001,0,39.001,0,3.999,3.999,0.093,0.093,43,Bình Thuận,NTB,AM Nhựt
NTB - Bình Thuận,(BTH) Hàm Thuận Nam,Hàng Tồn,2026-07-06 - Thứ 2,3,1,0.6667,0,24,2.0001,0,3,0,0.9999,0,0,0.3333,0,Bình Thuận,NTB,AM Nhựt
NTB - Bình Thuận,(BTH) Hàm Thuận Nam,Hàng Tồn,2026-07-01 - Thứ 4,4,1,0.75,0,22.67,3,0,4,0,1,0,0,0.25,0,Bình Thuận,NTB,AM Nhựt
NTB - Bình Thuận,(BTH) Hàm Thuận Nam,Hàng Tồn,2026-07-14 - Thứ 3,4,1,0.75,0,33.33,3,0,4,0,1,0,0,0.25,0,Bình Thuận,NTB,AM Nhựt
NTB - Bình Thuận,(BTH) Hàm Thuận Nam,Hàng Tồn,2026-07-03 - Thứ 6,5,1,1,0,22.6,5,0,5,0,0,0,0,0,0,Bình Thuận,NTB,AM Nhựt
NTB - Bình Thuận,(BTH) Hàm Thuận Nam,Hàng Tồn,2026-07-12 - Chủ Nhật,5,1,0.6,0,29,3,0,5,0,2,0,0,0.4,0,Bình Thuận,NTB,AM Nhựt
NTB - Bình Thuận,(BTH) Hàm Thuận Nam,Hàng Tồn,2026-06-25 - Thứ 5,5,0.8,0.4,0,42,2,0,4,0,3,1,0.2,0.6,0,Bình Thuận,NTB,AM Nhựt
NTB - Bình Thuận,(BTH) Hàm Thuận Nam,Hàng Tồn,2026-06-30 - Thứ 3,5,1,0.6,0.2,42.67,3,1,5,1,1,0,0,0.2,0,Bình Thuận,NTB,AM Nhựt
NTB - Bình Thuận,(BTH) Hàm Thuận Nam,Hàng Tồn,2026-07-07 - Thứ 3,5,1,0.6,0,29,3,0,5,0,2,0,0,0.4,0,Bình Thuận,NTB,AM Nhựt
NTB - Bình Thuận,(BTH) Hàm Thuận Nam,Hàng Tồn,2026-06-24 - Thứ 4,6,1,0.6667,0,27.75,4.0002,0,6,0,1.9998,0,0,0.3333,0,Bình Thuận,NTB,AM Nhựt
NTB - Bình Thuận,(BTH) Hàm Thuận Nam,Hàng Tồn,2026-06-22 - Thứ 2,6,1,0.5,0,21,3,0,6,0,3,0,0,0.5,0,Bình Thuận,NTB,AM Nhựt
NTB - Bình Thuận,(BTH) Hàm Thuận Nam,Hàng Tồn,2026-07-15 - Thứ 4,6,1,0.6667,0.1667,25.67,4.0002,1.0002,6,1.0002,0.9996,0,0,0.1666,0,Bình Thuận,NTB,AM Nhựt
NTB - Bình Thuận,(BTH) Hàm Thuận Nam,Hàng Tồn,2026-07-05 - Chủ Nhật,6,1,0.8333,0,25.8,4.9998,0,6,0,1.0002,0,0,0.1667,0,Bình Thuận,NTB,AM Nhựt
NTB - Bình Thuận,(BTH) Hàm Thuận Nam,Hàng Tồn,2026-07-04 - Thứ 7,7,1,0.8571,0,27,5.9997,0,7,0,1.0003,0,0,0.1429,0,Bình Thuận,NTB,AM Nhựt
NTB - Bình Thuận,(BTH) Hàm Thuận Nam,Hàng Tồn,2026-07-08 - Thứ 4,7,1,0.5714,0,23.5,3.9998,0,7,0,3.0002,0,0,0.4286,0,Bình Thuận,NTB,AM Nhựt
NTB - Bình Thuận,(BTH) Hàm Thuận Nam,Hàng Tồn,2026-07-02 - Thứ 5,7,1,1,0,22.43,7,0,7,0,0,0,0,0,0,Bình Thuận,NTB,AM Nhựt
NTB - Bình Thuận,(BTH) Hàm Thuận Nam,Hàng Tồn,2026-06-23 - Thứ 3,7,1,0.5714,0,28.5,3.9998,0,7,0,3.0002,0,0,0.4286,0,Bình Thuận,NTB,AM Nhựt
NTB - Bình Thuận,(BTH) Hàm Thuận Nam,Hàng Tồn,2026-07-09 - Thứ 5,8,1,0.625,0,28.2,5,0,8,0,3,0,0,0.375,0,Bình Thuận,NTB,AM Nhựt
NTB - Bình Thuận,(BTH) Hàm Thuận Nam,Hàng Tồn,2026-06-28 - Chủ Nhật,8,1,0.625,0,28.2,5,0,8,0,3,0,0,0.375,0,Bình Thuận,NTB,AM Nhựt
NTB - Bình Thuận,(BTH) Hàm Thuận Nam,Hàng Tồn,2026-07-16 - Thứ 5,9,1,0.3333,0,23.67,2.9997,0,9,0,6.0003,0,0,0.6667,0,Bình Thuận,NTB,AM Nhựt
NTB - Bình Thuận,(BTH) Hàm Thuận Nam,Hàng Tồn,2026-07-10 - Thứ 6,10,1,0.7,0.1,42.43,7,1,10,1,2,0,0,0.2,0,Bình Thuận,NTB,AM Nhựt
NTB - Bình Thuận,(BTH) Hàm Thuận Nam,Hàng Tồn,2026-07-13 - Thứ 2,11,1,0.8182,0,27.11,9.0002,0,11,0,1.9998,0,0,0.1818,0,Bình Thuận,NTB,AM Nhựt
NTB - Bình Thuận,(BTH) Hàm Thuận Nam,Hàng Tồn,2026-07-17 - Thứ 6,14,1,0.7143,0.0714,31.1,10.0002,0.9996,14,0.9996,3.0002,0,0,0.2143,0,Bình Thuận,NTB,AM Nhựt
NTB - Bình Thuận,(BTH) Hàm Thuận Nam,Hàng Tồn,2026-06-27 - Thứ 7,14,0.9286,0.6429,0.0714,29.56,9.0006,0.9996,13.0004,0.9996,3.9998,0.9996,0.0714,0.2857,0,Bình Thuận,NTB,AM Nhựt
NTB - Bình Thuận,(BTH) Hàm Thuận Nam,Hàng Tồn,2026-06-21 - Chủ Nhật,15,1,0.6667,0,25.9,10.0005,0,15,0,4.9995,0,0,0.3333,0,Bình Thuận,NTB,AM Nhựt
NTB - Bình Thuận,(BTH) Hàm Thuận Nam,Hàng Tồn,2026-07-11 - Thứ 7,15,1,0.9333,0.0667,25.86,13.9995,1.0005,15,1.0005,0,0,0,0,0,Bình Thuận,NTB,AM Nhựt
NTB - Bình Thuận,(BTH) Hàm Thuận Nam,Hàng Tồn,2026-06-20 - Thứ 7,15,1,0.6,0.0667,28,9,1.0005,15,1.0005,4.9995,0,0,0.3333,0,Bình Thuận,NTB,AM Nhựt
NTB - Bình Thuận,(BTH) Hàm Thuận Nam,Hàng Tồn,2026-06-29 - Thứ 2,15,1,0.8,0.0667,31.33,12,1.0005,15,1.0005,1.9995,0,0,0.1333,0,Bình Thuận,NTB,AM Nhựt
NTB - Bình Thuận,(BTH) Hàm Thuận Nam,Hàng Tồn,2026-06-26 - Thứ 6,15,0.9333,0.5333,0,23.63,7.9995,0,13.9995,0,7.0005,1.0005,0.0667,0.4667,0,Bình Thuận,NTB,AM Nhựt
NTB - Bình Thuận,(BTH) Hàm Thuận,Hàng Mới Ca 1,2026-07-15 - Thứ 4,62,1,0.871,0.0323,11.35,54.002,2.0026,62,2.0026,5.9954,0,0,0.0967,62,Bình Thuận,NTB,AM Khánh
NTB - Bình Thuận,(BTH) Hàm Thuận,Hàng Mới Ca 1,2026-06-21 - Chủ Nhật,76,1,0.8289,0.0132,12.48,62.9964,1.0032,76,1.0032,12.0004,0,0,0.1579,76,Bình Thuận,NTB,AM Khánh
NTB - Bình Thuận,(BTH) Hàm Thuận,Hàng Mới Ca 1,2026-06-24 - Thứ 4,52,0.9615,0.7308,0.0192,8.11,38.0016,0.9984,49.998,0.9984,13,2.002,0.0385,0.25,52,Bình Thuận,NTB,AM Khánh
NTB - Bình Thuận,(BTH) Hàm Thuận,Hàng Mới Ca 1,2026-07-11 - Thứ 7,67,0.8657,0.7612,0.0149,7.14,51.0004,0.9983,58.0019,0.9983,15.0013,8.9981,0.1343,0.2239,67,Bình Thuận,NTB,AM Khánh
NTB - Bình Thuận,(BTH) Hàm Thuận,Hàng Mới Ca 1,2026-07-01 - Thứ 4,72,0.9028,0.7083,0.0139,6.69,50.9976,1.0008,65.0016,1.0008,20.0016,6.9984,0.0972,0.2778,72,Bình Thuận,NTB,AM Khánh
NTB - Bình Thuận,(BTH) Hàm Thuận,Hàng Mới Ca 1,2026-07-09 - Thứ 5,70,1,0.9143,0,10.45,64.001,0,70,0,5.999,0,0,0.0857,70,Bình Thuận,NTB,AM Khánh
NTB - Bình Thuận,(BTH) Hàm Thuận,Hàng Mới Ca 1,2026-06-25 - Thứ 5,64,1,0.7969,0.0313,9.24,51.0016,2.0032,64,2.0032,10.9952,0,0,0.1718,64,Bình Thuận,NTB,AM Khánh
NTB - Bình Thuận,(BTH) Hàm Thuận,Hàng Mới Ca 1,2026-07-10 - Thứ 6,128,0.9141,0.8594,0,10.55,110.0032,0,117.0048,0,17.9968,10.9952,0.0859,0.1406,128,Bình Thuận,NTB,AM Khánh
NTB - Bình Thuận,(BTH) Hàm Thuận,Hàng Mới Ca 1,2026-06-20 - Thứ 7,52,1,0.9231,0,7.54,48.0012,0,52,0,3.9988,0,0,0.0769,52,Bình Thuận,NTB,AM Khánh
NTB - Bình Thuận,(BTH) Hàm Thuận,Hàng Mới Ca 1,2026-06-27 - Thứ 7,66,1,0.9394,0,10.94,62.0004,0,66,0,3.9996,0,0,0.0606,66,Bình Thuận,NTB,AM Khánh
NTB - Bình Thuận,(BTH) Hàm Thuận,Hàng Mới Ca 1,2026-07-16 - Thứ 5,56,0.9643,0.8571,0,7.35,47.9976,0,54.0008,0,8.0024,1.9992,0.0357,0.1429,56,Bình Thuận,NTB,AM Khánh
NTB - Bình Thuận,(BTH) Hàm Thuận,Hàng Mới Ca 1,2026-06-26 - Thứ 6,65,0.9846,0.8615,0.0154,11.11,55.9975,1.001,63.999,1.001,8.0015,1.001,0.0154,0.1231,65,Bình Thuận,NTB,AM Khánh
NTB - Bình Thuận,(BTH) Hàm Thuận,Hàng Mới Ca 1,2026-07-14 - Thứ 3,20,1,0.85,0,8.71,17,0,20,0,3,0,0,0.15,20,Bình Thuận,NTB,AM Khánh
NTB - Bình Thuận,(BTH) Hàm Thuận,Hàng Mới Ca 1,2026-07-05 - Chủ Nhật,27,1,0.8889,0,9.21,24.0003,0,27,0,2.9997,0,0,0.1111,27,Bình Thuận,NTB,AM Khánh
NTB - Bình Thuận,(BTH) Hàm Thuận,Hàng Mới Ca 1,2026-07-06 - Thứ 2,30,1,0.8333,0.0667,7.48,24.999,2.001,30,2.001,3,0,0,0.1,30,Bình Thuận,NTB,AM Khánh
NTB - Bình Thuận,(BTH) Hàm Thuận,Hàng Mới Ca 1,2026-06-29 - Thứ 2,33,1,0.8182,0,7.11,27.0006,0,33,0,5.9994,0,0,0.1818,33,Bình Thuận,NTB,AM Khánh
NTB - Bình Thuận,(BTH) Hàm Thuận,Hàng Mới Ca 1,2026-07-08 - Thứ 4,37,1,0.7297,0,8.48,26.9989,0,37,0,10.0011,0,0,0.2703,37,Bình Thuận,NTB,AM Khánh
NTB - Bình Thuận,(BTH) Hàm Thuận,Hàng Mới Ca 1,2026-06-30 - Thứ 3,37,1,0.8378,0,8.84,30.9986,0,37,0,6.0014,0,0,0.1622,37,Bình Thuận,NTB,AM Khánh
NTB - Bình Thuận,(BTH) Hàm Thuận,Hàng Mới Ca 1,2026-07-03 - Thứ 6,40,1,0.825,0.025,9.15,33,1,40,1,6,0,0,0.15,40,Bình Thuận,NTB,AM Khánh
NTB - Bình Thuận,(BTH) Hàm Thuận,Hàng Mới Ca 1,2026-07-02 - Thứ 5,43,1,0.7907,0.0233,7.79,34.0001,1.0019,43,1.0019,7.998,0,0,0.186,43,Bình Thuận,NTB,AM Khánh
NTB - Bình Thuận,(BTH) Hàm Thuận,Hàng Mới Ca 1,2026-07-13 - Thứ 2,44,1,0.8864,0,12,39.0016,0,44,0,4.9984,0,0,0.1136,44,Bình Thuận,NTB,AM Khánh
NTB - Bình Thuận,(BTH) Hàm Thuận,Hàng Mới Ca 1,2026-06-23 - Thứ 3,45,1,0.8,0,7.25,36,0,45,0,9,0,0,0.2,45,Bình Thuận,NTB,AM Khánh
NTB - Bình Thuận,(BTH) Hàm Thuận,Hàng Mới Ca 1,2026-07-07 - Thứ 3,46,1,0.8043,0,7.68,36.9978,0,46,0,9.0022,0,0,0.1957,46,Bình Thuận,NTB,AM Khánh
NTB - Bình Thuận,(BTH) Hàm Thuận,Hàng Mới Ca 1,2026-07-17 - Thứ 6,48,1,0.8125,0,7.67,39,0,48,0,9,0,0,0.1875,48,Bình Thuận,NTB,AM Khánh
NTB - Bình Thuận,(BTH) Hàm Thuận,Hàng Mới Ca 1,2026-06-28 - Chủ Nhật,50,0.98,0.88,0.02,9.41,44,1,49,1,5,1,0.02,0.1,50,Bình Thuận,NTB,AM Khánh
NTB - Bình Thuận,(BTH) Hàm Thuận,Hàng Mới Ca 1,2026-07-12 - Chủ Nhật,51,1,0.9216,0,10,47.0016,0,51,0,3.9984,0,0,0.0784,51,Bình Thuận,NTB,AM Khánh
NTB - Bình Thuận,(BTH) Hàm Thuận,Hàng Mới Ca 1,2026-06-22 - Thứ 2,55,0.9091,0.7636,0.0182,6.43,41.998,1.001,50.0005,1.001,12.001,4.9995,0.0909,0.2182,55,Bình Thuận,NTB,AM Khánh
NTB - Bình Thuận,(BTH) Hàm Thuận,Hàng Mới Ca 1,2026-07-04 - Thứ 7,57,1,0.9123,0,13.21,52.0011,0,57,0,4.9989,0,0,0.0877,57,Bình Thuận,NTB,AM Khánh
NTB - Bình Thuận,(BTH) Hàm Thuận,Hàng Mới Ca 2,2026-07-08 - Thứ 4,92,0.5761,0.4674,0.0217,5.81,43.0008,1.9964,53.0012,1.9964,47.0028,38.9988,0.4239,0.5109,92,Bình Thuận,NTB,AM Khánh
NTB - Bình Thuận,(BTH) Hàm Thuận,Hàng Mới Ca 2,2026-06-24 - Thứ 4,16,0.25,0.1875,0,5.67,3,0,4,0,13,12,0.75,0.8125,16,Bình Thuận,NTB,AM Khánh
NTB - Bình Thuận,(BTH) Hàm Thuận,Hàng Mới Ca 2,2026-06-22 - Thứ 2,16,0.3125,0.25,0,4.75,4,0,5,0,12,11,0.6875,0.75,16,Bình Thuận,NTB,AM Khánh
NTB - Bình Thuận,(BTH) Hàm Thuận,Hàng Mới Ca 2,2026-07-10 - Thứ 6,20,0.55,0.5,0,4.2,10,0,11,0,10,9,0.45,0.5,20,Bình Thuận,NTB,AM Khánh
NTB - Bình Thuận,(BTH) Hàm Thuận,Hàng Mới Ca 2,2026-07-13 - Thứ 2,21,0.381,0.3333,0,5.43,6.9993,0,8.001,0,14.0007,12.999,0.619,0.6667,21,Bình Thuận,NTB,AM Khánh
NTB - Bình Thuận,(BTH) Hàm Thuận,Hàng Mới Ca 2,2026-06-29 - Thứ 2,22,0.5,0.4091,0.0455,4.89,9.0002,1.001,11,1.001,11.9988,11,0.5,0.5454,22,Bình Thuận,NTB,AM Khánh
NTB - Bình Thuận,(BTH) Hàm Thuận,Hàng Mới Ca 2,2026-07-02 - Thứ 5,22,0.4091,0.4091,0,3.67,9.0002,0,9.0002,0,12.9998,12.9998,0.5909,0.5909,22,Bình Thuận,NTB,AM Khánh
NTB - Bình Thuận,(BTH) Hàm Thuận,Hàng Mới Ca 2,2026-07-15 - Thứ 4,23,0.4783,0.3913,0.0435,3.67,8.9999,1.0005,11.0009,1.0005,12.9996,11.9991,0.5217,0.5652,23,Bình Thuận,NTB,AM Khánh
NTB - Bình Thuận,(BTH) Hàm Thuận,Hàng Mới Ca 2,2026-07-16 - Thứ 5,23,0.5652,0.5652,0,3.85,12.9996,0,12.9996,0,10.0004,10.0004,0.4348,0.4348,23,Bình Thuận,NTB,AM Khánh
NTB - Bình Thuận,(BTH) Hàm Thuận,Hàng Mới Ca 2,2026-07-11 - Thứ 7,23,0.4348,0.3913,0,2.33,8.9999,0,10.0004,0,14.0001,12.9996,0.5652,0.6087,23,Bình Thuận,NTB,AM Khánh
NTB - Bình Thuận,(BTH) Hàm Thuận,Hàng Mới Ca 2,2026-06-20 - Thứ 7,24,0.5833,0.5,0.0417,3.83,12,1.0008,13.9992,1.0008,10.9992,10.0008,0.4167,0.4583,24,Bình Thuận,NTB,AM Khánh
NTB - Bình Thuận,(BTH) Hàm Thuận,Hàng Mới Ca 2,2026-06-25 - Thứ 5,25,0.32,0.32,0,5.5,8,0,8,0,17,17,0.68,0.68,25,Bình Thuận,NTB,AM Khánh
NTB - Bình Thuận,(BTH) Hàm Thuận,Hàng Mới Ca 2,2026-07-01 - Thứ 4,26,0.3077,0.1923,0.0385,4,4.9998,1.001,8.0002,1.001,19.9992,17.9998,0.6923,0.7692,26,Bình Thuận,NTB,AM Khánh
NTB - Bình Thuận,(BTH) Hàm Thuận,Hàng Mới Ca 2,2026-06-21 - Chủ Nhật,26,0.5769,0.5,0,4.23,13,0,14.9994,0,13,11.0006,0.4231,0.5,26,Bình Thuận,NTB,AM Khánh
NTB - Bình Thuận,(BTH) Hàm Thuận,Hàng Mới Ca 2,2026-06-27 - Thứ 7,27,0.3704,0.3704,0,5.3,10.0008,0,10.0008,0,16.9992,16.9992,0.6296,0.6296,27,Bình Thuận,NTB,AM Khánh
NTB - Bình Thuận,(BTH) Hàm Thuận,Hàng Mới Ca 2,2026-07-14 - Thứ 3,28,0.5,0.4286,0,3.58,12.0008,0,14,0,15.9992,14,0.5,0.5714,28,Bình Thuận,NTB,AM Khánh
NTB - Bình Thuận,(BTH) Hàm Thuận,Hàng Mới Ca 2,2026-07-07 - Thứ 3,29,0.3103,0.2414,0,3,7.0006,0,8.9987,0,21.9994,20.0013,0.6897,0.7586,29,Bình Thuận,NTB,AM Khánh
NTB - Bình Thuận,(BTH) Hàm Thuận,Hàng Mới Ca 2,2026-06-30 - Thứ 3,30,0.4,0.3667,0,2.91,11.001,0,12,0,18.999,18,0.6,0.6333,30,Bình Thuận,NTB,AM Khánh
NTB - Bình Thuận,(BTH) Hàm Thuận,Hàng Mới Ca 2,2026-07-03 - Thứ 6,32,0.2188,0.1563,0,4.6,5.0016,0,7.0016,0,26.9984,24.9984,0.7812,0.8437,32,Bình Thuận,NTB,AM Khánh
NTB - Bình Thuận,(BTH) Hàm Thuận,Hàng Mới Ca 2,2026-07-09 - Thứ 5,32,0.3438,0.3438,0,4.27,11.0016,0,11.0016,0,20.9984,20.9984,0.6562,0.6562,32,Bình Thuận,NTB,AM Khánh
NTB - Bình Thuận,(BTH) Hàm Thuận,Hàng Mới Ca 2,2026-07-12 - Chủ Nhật,33,0.2424,0.2121,0,6,6.9993,0,7.9992,0,26.0007,25.0008,0.7576,0.7879,33,Bình Thuận,NTB,AM Khánh
NTB - Bình Thuận,(BTH) Hàm Thuận,Hàng Mới Ca 2,2026-07-04 - Thứ 7,33,0.3636,0.3636,0,4.67,11.9988,0,11.9988,0,21.0012,21.0012,0.6364,0.6364,33,Bình Thuận,NTB,AM Khánh
NTB - Bình Thuận,(BTH) Hàm Thuận,Hàng Mới Ca 2,2026-07-06 - Thứ 2,33,0.3333,0.303,0,4.9,9.999,0,10.9989,0,23.001,22.0011,0.6667,0.697,33,Bình Thuận,NTB,AM Khánh
NTB - Bình Thuận,(BTH) Hàm Thuận,Hàng Mới Ca 2,2026-06-26 - Thứ 6,33,0.2121,0.1818,0,3,5.9994,0,6.9993,0,27.0006,26.0007,0.7879,0.8182,33,Bình Thuận,NTB,AM Khánh
NTB - Bình Thuận,(BTH) Hàm Thuận,Hàng Mới Ca 2,2026-07-05 - Chủ Nhật,34,0.2059,0.2059,0,3.29,7.0006,0,7.0006,0,26.9994,26.9994,0.7941,0.7941,34,Bình Thuận,NTB,AM Khánh
NTB - Bình Thuận,(BTH) Hàm Thuận,Hàng Mới Ca 2,2026-07-17 - Thứ 6,35,0.4857,0.4571,0,4.44,15.9985,0,16.9995,0,19.0015,18.0005,0.5143,0.5429,35,Bình Thuận,NTB,AM Khánh
NTB - Bình Thuận,(BTH) Hàm Thuận,Hàng Mới Ca 2,2026-06-23 - Thứ 3,39,0.2821,0.2308,0.0256,3.56,9.0012,0.9984,11.0019,0.9984,29.0004,27.9981,0.7179,0.7436,39,Bình Thuận,NTB,AM Khánh
NTB - Bình Thuận,(BTH) Hàm Thuận,Hàng Mới Ca 2,2026-06-28 - Chủ Nhật,41,0.3659,0.3171,0,4.62,13.0011,0,15.0019,0,27.9989,25.9981,0.6341,0.6829,41,Bình Thuận,NTB,AM Khánh
NTB - Bình Thuận,(BTH) Hàm Thuận,Hàng Tồn,2026-07-09 - Thứ 5,64,1,0.8438,0.0156,29.76,54.0032,0.9984,64,0.9984,8.9984,0,0,0.1406,0,Bình Thuận,NTB,AM Khánh
NTB - Bình Thuận,(BTH) Hàm Thuận,Hàng Tồn,2026-06-20 - Thứ 7,62,1,0.7903,0.0323,34.18,48.9986,2.0026,62,2.0026,10.9988,0,0,0.1774,0,Bình Thuận,NTB,AM Khánh
NTB - Bình Thuận,(BTH) Hàm Thuận,Hàng Tồn,2026-06-30 - Thứ 3,23,1,0.7826,0.0435,31.67,17.9998,1.0005,23,1.0005,3.9997,0,0,0.1739,0,Bình Thuận,NTB,AM Khánh
NTB - Bình Thuận,(BTH) Hàm Thuận,Hàng Tồn,2026-06-21 - Chủ Nhật,25,1,0.64,0.12,29.56,16,3,25,3,6,0,0,0.24,0,Bình Thuận,NTB,AM Khánh
NTB - Bình Thuận,(BTH) Hàm Thuận,Hàng Tồn,2026-07-14 - Thứ 3,25,0.96,0.6,0.04,29.4,15,1,24,1,9,1,0.04,0.36,0,Bình Thuận,NTB,AM Khánh
NTB - Bình Thuận,(BTH) Hàm Thuận,Hàng Tồn,2026-07-15 - Thứ 4,27,1,0.4815,0.0741,34.69,13.0005,2.0007,27,2.0007,11.9988,0,0,0.4444,0,Bình Thuận,NTB,AM Khánh
NTB - Bình Thuận,(BTH) Hàm Thuận,Hàng Tồn,2026-07-17 - Thứ 6,27,1,0.5185,0.0741,35.43,13.9995,2.0007,27,2.0007,10.9998,0,0,0.4074,0,Bình Thuận,NTB,AM Khánh
NTB - Bình Thuận,(BTH) Hàm Thuận,Hàng Tồn,2026-07-01 - Thứ 4,27,1,0.7778,0,29.67,21.0006,0,27,0,5.9994,0,0,0.2222,0,Bình Thuận,NTB,AM Khánh
NTB - Bình Thuận,(BTH) Hàm Thuận,Hàng Tồn,2026-07-11 - Thứ 7,29,1,0.8276,0.0345,36.83,24.0004,1.0005,29,1.0005,3.9991,0,0,0.1379,0,Bình Thuận,NTB,AM Khánh
NTB - Bình Thuận,(BTH) Hàm Thuận,Hàng Tồn,2026-06-22 - Thứ 2,30,1,0.8,0,38.04,24,0,30,0,6,0,0,0.2,0,Bình Thuận,NTB,AM Khánh
NTB - Bình Thuận,(BTH) Hàm Thuận,Hàng Tồn,2026-06-23 - Thứ 3,31,1,0.6774,0.0645,31.43,20.9994,1.9995,31,1.9995,8.0011,0,0,0.2581,0,Bình Thuận,NTB,AM Khánh
NTB - Bình Thuận,(BTH) Hàm Thuận,Hàng Tồn,2026-06-28 - Chủ Nhật,32,1,0.5938,0.0625,33.42,19.0016,2,32,2,10.9984,0,0,0.3437,0,Bình Thuận,NTB,AM Khánh
NTB - Bình Thuận,(BTH) Hàm Thuận,Hàng Tồn,2026-07-12 - Chủ Nhật,32,1,0.6563,0.0313,30.1,21.0016,1.0016,32,1.0016,9.9968,0,0,0.3124,0,Bình Thuận,NTB,AM Khánh
NTB - Bình Thuận,(BTH) Hàm Thuận,Hàng Tồn,2026-07-16 - Thứ 5,32,1,0.625,0.0938,33.5,20,3.0016,32,3.0016,8.9984,0,0,0.2812,0,Bình Thuận,NTB,AM Khánh
NTB - Bình Thuận,(BTH) Hàm Thuận,Hàng Tồn,2026-07-03 - Thứ 6,34,1,0.8529,0,37.31,28.9986,0,34,0,5.0014,0,0,0.1471,0,Bình Thuận,NTB,AM Khánh
NTB - Bình Thuận,(BTH) Hàm Thuận,Hàng Tồn,2026-06-25 - Thứ 5,34,1,0.5882,0.0294,31.7,19.9988,0.9996,34,0.9996,13.0016,0,0,0.3824,0,Bình Thuận,NTB,AM Khánh
NTB - Bình Thuận,(BTH) Hàm Thuận,Hàng Tồn,2026-07-10 - Thứ 6,35,1,0.9429,0,37.27,33.0015,0,35,0,1.9985,0,0,0.0571,0,Bình Thuận,NTB,AM Khánh
NTB - Bình Thuận,(BTH) Hàm Thuận,Hàng Tồn,2026-07-07 - Thứ 3,36,1,0.8333,0.0278,33.2,29.9988,1.0008,36,1.0008,5.0004,0,0,0.1389,0,Bình Thuận,NTB,AM Khánh
NTB - Bình Thuận,(BTH) Hàm Thuận,Hàng Tồn,2026-07-08 - Thứ 4,36,1,0.8056,0,33.83,29.0016,0,36,0,6.9984,0,0,0.1944,0,Bình Thuận,NTB,AM Khánh
NTB - Bình Thuận,(BTH) Hàm Thuận,Hàng Tồn,2026-07-04 - Thứ 7,37,1,0.6757,0.0541,30.44,25.0009,2.0017,37,2.0017,9.9974,0,0,0.2702,0,Bình Thuận,NTB,AM Khánh
NTB - Bình Thuận,(BTH) Hàm Thuận,Hàng Tồn,2026-07-05 - Chủ Nhật,38,1,0.6053,0,34.7,23.0014,0,38,0,14.9986,0,0,0.3947,0,Bình Thuận,NTB,AM Khánh
NTB - Bình Thuận,(BTH) Hàm Thuận,Hàng Tồn,2026-06-26 - Thứ 6,39,1,0.641,0.0513,32.68,24.999,2.0007,39,2.0007,12.0003,0,0,0.3077,0,Bình Thuận,NTB,AM Khánh
NTB - Bình Thuận,(BTH) Hàm Thuận,Hàng Tồn,2026-07-13 - Thứ 2,41,1,0.8293,0.0488,33.12,34.0013,2.0008,41,2.0008,4.9979,0,0,0.1219,0,Bình Thuận,NTB,AM Khánh
NTB - Bình Thuận,(BTH) Hàm Thuận,Hàng Tồn,2026-07-06 - Thứ 2,43,1,0.7442,0.0233,36.31,32.0006,1.0019,43,1.0019,9.9975,0,0,0.2325,0,Bình Thuận,NTB,AM Khánh
NTB - Bình Thuận,(BTH) Hàm Thuận,Hàng Tồn,2026-06-29 - Thứ 2,44,1,0.8864,0,39.05,39.0016,0,44,0,4.9984,0,0,0.1136,0,Bình Thuận,NTB,AM Khánh
NTB - Bình Thuận,(BTH) Hàm Thuận,Hàng Tồn,2026-06-24 - Thứ 4,45,1,0.7778,0.0222,34.8,35.001,0.999,45,0.999,9,0,0,0.2,0,Bình Thuận,NTB,AM Khánh
NTB - Bình Thuận,(BTH) Hàm Thuận,Hàng Tồn,2026-07-02 - Thứ 5,46,1,0.6957,0,30,32.0022,0,46,0,13.9978,0,0,0.3043,0,Bình Thuận,NTB,AM Khánh
NTB - Bình Thuận,(BTH) Hàm Thuận,Hàng Tồn,2026-06-27 - Thứ 7,48,0.9792,0.7083,0.0417,34.82,33.9984,2.0016,47.0016,2.0016,12,0.9984,0.0208,0.25,0,Bình Thuận,NTB,AM Khánh
NTB - Bình Thuận,(BTH) Hàm Liêm,Hàng Mới Ca 1,2026-06-24 - Thứ 4,59,0.9831,0.8475,0,7.18,50.0025,0,58.0029,0,8.9975,0.9971,0.0169,0.1525,59,Bình Thuận,NTB,AM Khánh
NTB - Bình Thuận,(BTH) Hàm Liêm,Hàng Mới Ca 1,2026-07-09 - Thứ 5,71,1,0.9014,0.0282,12.77,63.9994,2.0022,71,2.0022,4.9984,0,0,0.0704,71,Bình Thuận,NTB,AM Khánh
NTB - Bình Thuận,(BTH) Hàm Liêm,Hàng Mới Ca 1,2026-06-28 - Chủ Nhật,61,0.9672,0.8197,0.0164,13.22,50.0017,1.0004,58.9992,1.0004,9.9979,2.0008,0.0328,0.1639,61,Bình Thuận,NTB,AM Khánh
NTB - Bình Thuận,(BTH) Hàm Liêm,Hàng Mới Ca 1,2026-07-08 - Thứ 4,63,1,0.873,0.0159,6.53,54.999,1.0017,63,1.0017,6.9993,0,0,0.1111,63,Bình Thuận,NTB,AM Khánh
NTB - Bình Thuận,(BTH) Hàm Liêm,Hàng Mới Ca 1,2026-06-27 - Thứ 7,60,0.9833,0.9,0,12.28,54,0,58.998,0,6,1.002,0.0167,0.1,60,Bình Thuận,NTB,AM Khánh
NTB - Bình Thuận,(BTH) Hàm Liêm,Hàng Mới Ca 1,2026-07-04 - Thứ 7,67,1,0.8507,0,14.68,56.9969,0,67,0,10.0031,0,0,0.1493,67,Bình Thuận,NTB,AM Khánh
NTB - Bình Thuận,(BTH) Hàm Liêm,Hàng Mới Ca 1,2026-07-10 - Thứ 6,94,1,0.8936,0,9.1,83.9984,0,94,0,10.0016,0,0,0.1064,94,Bình Thuận,NTB,AM Khánh
NTB - Bình Thuận,(BTH) Hàm Liêm,Hàng Mới Ca 1,2026-06-20 - Thứ 7,18,1,0.9444,0,7.35,16.9992,0,18,0,1.0008,0,0,0.0556,18,Bình Thuận,NTB,AM Khánh
NTB - Bình Thuận,(BTH) Hàm Liêm,Hàng Mới Ca 1,2026-07-02 - Thứ 5,18,0.9444,0.6667,0,7.5,12.0006,0,16.9992,0,5.9994,1.0008,0.0556,0.3333,18,Bình Thuận,NTB,AM Khánh
NTB - Bình Thuận,(BTH) Hàm Liêm,Hàng Mới Ca 1,2026-07-14 - Thứ 3,22,1,0.9091,0.0455,6.75,20.0002,1.001,22,1.001,0.9988,0,0,0.0454,22,Bình Thuận,NTB,AM Khánh
NTB - Bình Thuận,(BTH) Hàm Liêm,Hàng Mới Ca 1,2026-06-30 - Thứ 3,22,1,0.8182,0.0455,7.61,18.0004,1.001,22,1.001,2.9986,0,0,0.1363,22,Bình Thuận,NTB,AM Khánh
NTB - Bình Thuận,(BTH) Hàm Liêm,Hàng Mới Ca 1,2026-07-05 - Chủ Nhật,22,0.9545,0.8182,0,7.33,18.0004,0,20.999,0,3.9996,1.001,0.0455,0.1818,22,Bình Thuận,NTB,AM Khánh
NTB - Bình Thuận,(BTH) Hàm Liêm,Hàng Mới Ca 1,2026-06-23 - Thứ 3,27,1,0.8889,0,7,24.0003,0,27,0,2.9997,0,0,0.1111,27,Bình Thuận,NTB,AM Khánh
NTB - Bình Thuận,(BTH) Hàm Liêm,Hàng Mới Ca 1,2026-07-06 - Thứ 2,28,1,0.8929,0,6.48,25.0012,0,28,0,2.9988,0,0,0.1071,28,Bình Thuận,NTB,AM Khánh
NTB - Bình Thuận,(BTH) Hàm Liêm,Hàng Mới Ca 1,2026-06-29 - Thứ 2,29,1,0.8621,0,13.68,25.0009,0,29,0,3.9991,0,0,0.1379,29,Bình Thuận,NTB,AM Khánh
NTB - Bình Thuận,(BTH) Hàm Liêm,Hàng Mới Ca 1,2026-07-17 - Thứ 6,32,1,0.875,0,7.57,28,0,32,0,4,0,0,0.125,32,Bình Thuận,NTB,AM Khánh
NTB - Bình Thuận,(BTH) Hàm Liêm,Hàng Mới Ca 1,2026-07-07 - Thứ 3,32,1,0.8125,0.0625,7.08,26,2,32,2,4,0,0,0.125,32,Bình Thuận,NTB,AM Khánh
NTB - Bình Thuận,(BTH) Hàm Liêm,Hàng Mới Ca 1,2026-07-12 - Chủ Nhật,35,1,0.8,0.0286,10.43,28,1.001,35,1.001,5.999,0,0,0.1714,35,Bình Thuận,NTB,AM Khánh
NTB - Bình Thuận,(BTH) Hàm Liêm,Hàng Mới Ca 1,2026-06-25 - Thứ 5,35,1,0.8286,0.0286,7.34,29.001,1.001,35,1.001,4.998,0,0,0.1428,35,Bình Thuận,NTB,AM Khánh
NTB - Bình Thuận,(BTH) Hàm Liêm,Hàng Mới Ca 1,2026-06-26 - Thứ 6,40,1,0.95,0.025,11.58,38,1,40,1,1,0,0,0.025,40,Bình Thuận,NTB,AM Khánh
NTB - Bình Thuận,(BTH) Hàm Liêm,Hàng Mới Ca 1,2026-07-01 - Thứ 4,41,1,0.9268,0.0244,6.55,37.9988,1.0004,41,1.0004,2.0008,0,0,0.0488,41,Bình Thuận,NTB,AM Khánh
NTB - Bình Thuận,(BTH) Hàm Liêm,Hàng Mới Ca 1,2026-07-13 - Thứ 2,47,1,0.7021,0.0213,13.91,32.9987,1.0011,47,1.0011,13.0002,0,0,0.2766,47,Bình Thuận,NTB,AM Khánh
NTB - Bình Thuận,(BTH) Hàm Liêm,Hàng Mới Ca 1,2026-07-16 - Thứ 5,49,0.9796,0.7755,0,6.74,37.9995,0,48.0004,0,11.0005,0.9996,0.0204,0.2245,49,Bình Thuận,NTB,AM Khánh
NTB - Bình Thuận,(BTH) Hàm Liêm,Hàng Mới Ca 1,2026-07-03 - Thứ 6,50,1,0.82,0.02,10.78,41,1,50,1,8,0,0,0.16,50,Bình Thuận,NTB,AM Khánh
NTB - Bình Thuận,(BTH) Hàm Liêm,Hàng Mới Ca 1,2026-06-22 - Thứ 2,51,1,0.902,0.0196,5.07,46.002,0.9996,51,0.9996,3.9984,0,0,0.0784,51,Bình Thuận,NTB,AM Khánh
NTB - Bình Thuận,(BTH) Hàm Liêm,Hàng Mới Ca 1,2026-07-15 - Thứ 4,53,0.9811,0.9245,0,10.31,48.9985,0,51.9983,0,4.0015,1.0017,0.0189,0.0755,53,Bình Thuận,NTB,AM Khánh
NTB - Bình Thuận,(BTH) Hàm Liêm,Hàng Mới Ca 1,2026-07-11 - Thứ 7,53,1,0.8491,0.0189,7.07,45.0023,1.0017,53,1.0017,6.996,0,0,0.132,53,Bình Thuận,NTB,AM Khánh
NTB - Bình Thuận,(BTH) Hàm Liêm,Hàng Mới Ca 1,2026-06-21 - Chủ Nhật,55,1,0.8364,0.0364,13.26,46.002,2.002,55,2.002,6.996,0,0,0.1272,55,Bình Thuận,NTB,AM Khánh
NTB - Bình Thuận,(BTH) Hàm Liêm,Hàng Mới Ca 2,2026-06-24 - Thứ 4,9,0.5556,0.4444,0,3.25,3.9996,0,5.0004,0,5.0004,3.9996,0.4444,0.5556,9,Bình Thuận,NTB,AM Khánh
NTB - Bình Thuận,(BTH) Hàm Liêm,Hàng Mới Ca 2,2026-07-03 - Thứ 6,10,0.3,0.3,0,3.33,3,0,3,0,7,7,0.7,0.7,10,Bình Thuận,NTB,AM Khánh
NTB - Bình Thuận,(BTH) Hàm Liêm,Hàng Mới Ca 2,2026-07-10 - Thứ 6,12,0.5,0.5,0,3.83,6,0,6,0,6,6,0.5,0.5,12,Bình Thuận,NTB,AM Khánh
NTB - Bình Thuận,(BTH) Hàm Liêm,Hàng Mới Ca 2,2026-06-29 - Thứ 2,14,0.7143,0.5714,0,5,7.9996,0,10.0002,0,6.0004,3.9998,0.2857,0.4286,14,Bình Thuận,NTB,AM Khánh
NTB - Bình Thuận,(BTH) Hàm Liêm,Hàng Mới Ca 2,2026-07-16 - Thứ 5,15,0.1333,0.0667,0,4,1.0005,0,1.9995,0,13.9995,13.0005,0.8667,0.9333,15,Bình Thuận,NTB,AM Khánh
NTB - Bình Thuận,(BTH) Hàm Liêm,Hàng Mới Ca 2,2026-06-22 - Thứ 2,18,0.9444,0.8333,0.1111,4.67,14.9994,1.9998,16.9992,1.9998,1.0008,1.0008,0.0556,0.0556,18,Bình Thuận,NTB,AM Khánh
NTB - Bình Thuận,(BTH) Hàm Liêm,Hàng Mới Ca 2,2026-07-17 - Thứ 6,21,0.619,0.5714,0,3.67,11.9994,0,12.999,0,9.0006,8.001,0.381,0.4286,21,Bình Thuận,NTB,AM Khánh
NTB - Bình Thuận,(BTH) Hàm Liêm,Hàng Mới Ca 2,2026-07-11 - Thứ 7,21,0.619,0.5714,0,5.5,11.9994,0,12.999,0,9.0006,8.001,0.381,0.4286,21,Bình Thuận,NTB,AM Khánh
NTB - Bình Thuận,(BTH) Hàm Liêm,Hàng Mới Ca 2,2026-06-27 - Thứ 7,22,0.7273,0.5909,0,4,12.9998,0,16.0006,0,9.0002,5.9994,0.2727,0.4091,22,Bình Thuận,NTB,AM Khánh
NTB - Bình Thuận,(BTH) Hàm Liêm,Hàng Mới Ca 2,2026-06-21 - Chủ Nhật,23,0.3913,0.3913,0,3.11,8.9999,0,8.9999,0,14.0001,14.0001,0.6087,0.6087,23,Bình Thuận,NTB,AM Khánh
NTB - Bình Thuận,(BTH) Hàm Liêm,Hàng Mới Ca 2,2026-06-28 - Chủ Nhật,23,0.5217,0.5217,0,5.25,11.9991,0,11.9991,0,11.0009,11.0009,0.4783,0.4783,23,Bình Thuận,NTB,AM Khánh
NTB - Bình Thuận,(BTH) Hàm Liêm,Hàng Mới Ca 2,2026-07-04 - Thứ 7,25,0.48,0.48,0,4.92,12,0,12,0,13,13,0.52,0.52,25,Bình Thuận,NTB,AM Khánh
NTB - Bình Thuận,(BTH) Hàm Liêm,Hàng Mới Ca 2,2026-07-06 - Thứ 2,25,0.48,0.4,0,4.8,10,0,12,0,15,13,0.52,0.6,25,Bình Thuận,NTB,AM Khánh
NTB - Bình Thuận,(BTH) Hàm Liêm,Hàng Mới Ca 2,2026-07-15 - Thứ 4,26,0.5769,0.4615,0,4.5,11.999,0,14.9994,0,14.001,11.0006,0.4231,0.5385,26,Bình Thuận,NTB,AM Khánh
NTB - Bình Thuận,(BTH) Hàm Liêm,Hàng Mới Ca 2,2026-07-14 - Thứ 3,26,0.5769,0.5,0.0385,4.08,13,1.001,14.9994,1.001,11.999,11.0006,0.4231,0.4615,26,Bình Thuận,NTB,AM Khánh
NTB - Bình Thuận,(BTH) Hàm Liêm,Hàng Mới Ca 2,2026-07-13 - Thứ 2,26,0.2692,0.0769,0,3.5,1.9994,0,6.9992,0,24.0006,19.0008,0.7308,0.9231,26,Bình Thuận,NTB,AM Khánh
NTB - Bình Thuận,(BTH) Hàm Liêm,Hàng Mới Ca 2,2026-07-07 - Thứ 3,28,0.6429,0.4643,0,5.85,13.0004,0,18.0012,0,14.9996,9.9988,0.3571,0.5357,28,Bình Thuận,NTB,AM Khánh
NTB - Bình Thuận,(BTH) Hàm Liêm,Hàng Mới Ca 2,2026-06-23 - Thứ 3,30,0.7,0.7,0,4.29,21,0,21,0,9,9,0.3,0.3,30,Bình Thuận,NTB,AM Khánh
NTB - Bình Thuận,(BTH) Hàm Liêm,Hàng Mới Ca 2,2026-07-08 - Thứ 4,31,0.7419,0.5806,0,4.06,17.9986,0,22.9989,0,13.0014,8.0011,0.2581,0.4194,31,Bình Thuận,NTB,AM Khánh
NTB - Bình Thuận,(BTH) Hàm Liêm,Hàng Mới Ca 2,2026-06-26 - Thứ 6,31,0.6774,0.5161,0.0968,4.56,15.9991,3.0008,20.9994,3.0008,12.0001,10.0006,0.3226,0.3871,31,Bình Thuận,NTB,AM Khánh
NTB - Bình Thuận,(BTH) Hàm Liêm,Hàng Mới Ca 2,2026-07-05 - Chủ Nhật,33,0.3636,0.3636,0,3.75,11.9988,0,11.9988,0,21.0012,21.0012,0.6364,0.6364,33,Bình Thuận,NTB,AM Khánh
NTB - Bình Thuận,(BTH) Hàm Liêm,Hàng Mới Ca 2,2026-07-09 - Thứ 5,33,0.6061,0.5455,0.0303,4.33,18.0015,0.9999,20.0013,0.9999,13.9986,12.9987,0.3939,0.4242,33,Bình Thuận,NTB,AM Khánh
NTB - Bình Thuận,(BTH) Hàm Liêm,Hàng Mới Ca 2,2026-06-25 - Thứ 5,33,0.6061,0.5152,0.0303,4.35,17.0016,0.9999,20.0013,0.9999,14.9985,12.9987,0.3939,0.4545,33,Bình Thuận,NTB,AM Khánh
NTB - Bình Thuận,(BTH) Hàm Liêm,Hàng Mới Ca 2,2026-06-30 - Thứ 3,33,0.6061,0.5455,0,4,18.0015,0,20.0013,0,14.9985,12.9987,0.3939,0.4545,33,Bình Thuận,NTB,AM Khánh
NTB - Bình Thuận,(BTH) Hàm Liêm,Hàng Mới Ca 2,2026-07-01 - Thứ 4,34,0.4118,0.2941,0,4.6,9.9994,0,14.0012,0,24.0006,19.9988,0.5882,0.7059,34,Bình Thuận,NTB,AM Khánh
NTB - Bình Thuận,(BTH) Hàm Liêm,Hàng Mới Ca 2,2026-07-12 - Chủ Nhật,36,0.4722,0.3889,0.0278,3.5,14.0004,1.0008,16.9992,1.0008,20.9988,19.0008,0.5278,0.5833,36,Bình Thuận,NTB,AM Khánh
NTB - Bình Thuận,(BTH) Hàm Liêm,Hàng Mới Ca 2,2026-07-02 - Thứ 5,36,0.6667,0.5278,0.0278,3.68,19.0008,1.0008,24.0012,1.0008,15.9984,11.9988,0.3333,0.4444,36,Bình Thuận,NTB,AM Khánh
NTB - Bình Thuận,(BTH) Hàm Liêm,Hàng Mới Ca 2,2026-06-20 - Thứ 7,36,0.8333,0.6667,0.0278,4.46,24.0012,1.0008,29.9988,1.0008,10.998,6.0012,0.1667,0.3055,36,Bình Thuận,NTB,AM Khánh
NTB - Bình Thuận,(BTH) Hàm Liêm,Hàng Tồn,2026-06-23 - Thứ 3,11,1,0.2727,0.0909,38,2.9997,0.9999,11,0.9999,7.0004,0,0,0.6364,0,Bình Thuận,NTB,AM Khánh
NTB - Bình Thuận,(BTH) Hàm Liêm,Hàng Tồn,2026-06-21 - Chủ Nhật,17,1,0.5294,0,51,8.9998,0,17,0,8.0002,0,0,0.4706,0,Bình Thuận,NTB,AM Khánh
NTB - Bình Thuận,(BTH) Hàm Liêm,Hàng Tồn,2026-06-30 - Thứ 3,17,1,0.5882,0,42,9.9994,0,17,0,7.0006,0,0,0.4118,0,Bình Thuận,NTB,AM Khánh
NTB - Bình Thuận,(BTH) Hàm Liêm,Hàng Tồn,2026-06-27 - Thứ 7,17,1,0.7059,0.0588,39.08,12.0003,0.9996,17,0.9996,4.0001,0,0,0.2353,0,Bình Thuận,NTB,AM Khánh
NTB - Bình Thuận,(BTH) Hàm Liêm,Hàng Tồn,2026-07-11 - Thứ 7,18,1,0.8333,0,41.73,14.9994,0,18,0,3.0006,0,0,0.1667,0,Bình Thuận,NTB,AM Khánh
NTB - Bình Thuận,(BTH) Hàm Liêm,Hàng Tồn,2026-06-20 - Thứ 7,18,1,0.7222,0,37.08,12.9996,0,18,0,5.0004,0,0,0.2778,0,Bình Thuận,NTB,AM Khánh
NTB - Bình Thuận,(BTH) Hàm Liêm,Hàng Tồn,2026-07-10 - Thứ 6,19,1,0.8947,0,31.18,16.9993,0,19,0,2.0007,0,0,0.1053,0,Bình Thuận,NTB,AM Khánh
NTB - Bình Thuận,(BTH) Hàm Liêm,Hàng Tồn,2026-07-16 - Thứ 5,20,1,0.65,0.05,45.46,13,1,20,1,6,0,0,0.3,0,Bình Thuận,NTB,AM Khánh
NTB - Bình Thuận,(BTH) Hàm Liêm,Hàng Tồn,2026-06-25 - Thứ 5,20,1,0.75,0.05,51.53,15,1,20,1,4,0,0,0.2,0,Bình Thuận,NTB,AM Khánh
NTB - Bình Thuận,(BTH) Hàm Liêm,Hàng Tồn,2026-07-12 - Chủ Nhật,20,1,0.65,0,35.85,13,0,20,0,7,0,0,0.35,0,Bình Thuận,NTB,AM Khánh
NTB - Bình Thuận,(BTH) Hàm Liêm,Hàng Tồn,2026-07-07 - Thứ 3,21,1,0.7143,0.0476,32.93,15.0003,0.9996,21,0.9996,5.0001,0,0,0.2381,0,Bình Thuận,NTB,AM Khánh
NTB - Bình Thuận,(BTH) Hàm Liêm,Hàng Tồn,2026-07-15 - Thứ 4,21,1,0.7143,0.1429,46.2,15.0003,3.0009,21,3.0009,2.9988,0,0,0.1428,0,Bình Thuận,NTB,AM Khánh
NTB - Bình Thuận,(BTH) Hàm Liêm,Hàng Tồn,2026-06-24 - Thứ 4,22,1,0.5909,0.0455,46.92,12.9998,1.001,22,1.001,7.9992,0,0,0.3636,0,Bình Thuận,NTB,AM Khánh
NTB - Bình Thuận,(BTH) Hàm Liêm,Hàng Tồn,2026-06-28 - Chủ Nhật,22,1,0.6818,0.0909,46.73,14.9996,1.9998,22,1.9998,5.0006,0,0,0.2273,0,Bình Thuận,NTB,AM Khánh
NTB - Bình Thuận,(BTH) Hàm Liêm,Hàng Tồn,2026-06-29 - Thứ 2,22,1,0.8182,0.0455,39.61,18.0004,1.001,22,1.001,2.9986,0,0,0.1363,0,Bình Thuận,NTB,AM Khánh
NTB - Bình Thuận,(BTH) Hàm Liêm,Hàng Tồn,2026-07-01 - Thứ 4,22,1,0.5455,0,39.92,12.001,0,22,0,9.999,0,0,0.4545,0,Bình Thuận,NTB,AM Khánh
NTB - Bình Thuận,(BTH) Hàm Liêm,Hàng Tồn,2026-07-04 - Thứ 7,23,1,0.6522,0,43.87,15.0006,0,23,0,7.9994,0,0,0.3478,0,Bình Thuận,NTB,AM Khánh
NTB - Bình Thuận,(BTH) Hàm Liêm,Hàng Tồn,2026-07-08 - Thứ 4,24,1,0.4583,0.0833,38.18,10.9992,1.9992,24,1.9992,11.0016,0,0,0.4584,0,Bình Thuận,NTB,AM Khánh
NTB - Bình Thuận,(BTH) Hàm Liêm,Hàng Tồn,2026-06-26 - Thứ 6,26,1,0.5385,0.1154,32.64,14.001,3.0004,26,3.0004,8.9986,0,0,0.3461,0,Bình Thuận,NTB,AM Khánh
NTB - Bình Thuận,(BTH) Hàm Liêm,Hàng Tồn,2026-07-05 - Chủ Nhật,29,1,0.7241,0.069,39.57,20.9989,2.001,29,2.001,6.0001,0,0,0.2069,0,Bình Thuận,NTB,AM Khánh
NTB - Bình Thuận,(BTH) Hàm Liêm,Hàng Tồn,2026-07-02 - Thứ 5,30,1,0.6,0.0333,36.72,18,0.999,30,0.999,11.001,0,0,0.3667,0,Bình Thuận,NTB,AM Khánh
NTB - Bình Thuận,(BTH) Hàm Liêm,Hàng Tồn,2026-06-22 - Thứ 2,30,1,0.7,0,41.33,21,0,30,0,9,0,0,0.3,0,Bình Thuận,NTB,AM Khánh
NTB - Bình Thuận,(BTH) Hàm Liêm,Hàng Tồn,2026-07-03 - Thứ 6,32,1,0.8438,0.0313,42.67,27.0016,1.0016,32,1.0016,3.9968,0,0,0.1249,0,Bình Thuận,NTB,AM Khánh
NTB - Bình Thuận,(BTH) Hàm Liêm,Hàng Tồn,2026-07-17 - Thứ 6,33,0.9697,0.697,0,34.74,23.001,0,32.0001,0,9.999,0.9999,0.0303,0.303,0,Bình Thuận,NTB,AM Khánh
NTB - Bình Thuận,(BTH) Hàm Liêm,Hàng Tồn,2026-07-09 - Thứ 5,33,1,0.7879,0.0909,41.38,26.0007,2.9997,33,2.9997,3.9996,0,0,0.1212,0,Bình Thuận,NTB,AM Khánh
NTB - Bình Thuận,(BTH) Hàm Liêm,Hàng Tồn,2026-07-13 - Thứ 2,35,1,0.5714,0.0286,38.8,19.999,1.001,35,1.001,14,0,0,0.4,0,Bình Thuận,NTB,AM Khánh
NTB - Bình Thuận,(BTH) Hàm Liêm,Hàng Tồn,2026-07-06 - Thứ 2,35,1,0.7714,0,38.48,26.999,0,35,0,8.001,0,0,0.2286,0,Bình Thuận,NTB,AM Khánh
NTB - Bình Thuận,(BTH) Hàm Liêm,Hàng Tồn,2026-07-14 - Thứ 3,49,1,0.7551,0.0612,32.68,36.9999,2.9988,49,2.9988,9.0013,0,0,0.1837,0,Bình Thuận,NTB,AM Khánh
NTB - Bình Thuận,(BTH) Bắc Bình,Hàng Mới Ca 1,2026-07-07 - Thứ 3,9,1,1,0,4.78,9,0,9,0,0,0,0,0,9,Bình Thuận,NTB,AM Khánh
NTB - Bình Thuận,(BTH) Bắc Bình,Hàng Mới Ca 1,2026-06-25 - Thứ 5,9,1,1,0,6.11,9,0,9,0,0,0,0,0,9,Bình Thuận,NTB,AM Khánh
NTB - Bình Thuận,(BTH) Bắc Bình,Hàng Mới Ca 1,2026-06-29 - Thứ 2,9,1,1,0,5,9,0,9,0,0,0,0,0,9,Bình Thuận,NTB,AM Khánh
NTB - Bình Thuận,(BTH) Bắc Bình,Hàng Mới Ca 1,2026-07-14 - Thứ 3,12,1,0.8333,0,5.5,9.9996,0,12,0,2.0004,0,0,0.1667,12,Bình Thuận,NTB,AM Khánh
NTB - Bình Thuận,(BTH) Bắc Bình,Hàng Mới Ca 1,2026-06-30 - Thứ 3,14,1,0.9286,0,4.23,13.0004,0,14,0,0.9996,0,0,0.0714,14,Bình Thuận,NTB,AM Khánh
NTB - Bình Thuận,(BTH) Bắc Bình,Hàng Mới Ca 1,2026-06-21 - Chủ Nhật,15,1,1,0,3.93,15,0,15,0,0,0,0,0,15,Bình Thuận,NTB,AM Khánh
NTB - Bình Thuận,(BTH) Bắc Bình,Hàng Mới Ca 1,2026-06-22 - Thứ 2,18,1,1,0,5.78,18,0,18,0,0,0,0,0,18,Bình Thuận,NTB,AM Khánh
NTB - Bình Thuận,(BTH) Bắc Bình,Hàng Mới Ca 1,2026-07-06 - Thứ 2,18,1,0.7222,0.1111,6.31,12.9996,1.9998,18,1.9998,3.0006,0,0,0.1667,18,Bình Thuận,NTB,AM Khánh
NTB - Bình Thuận,(BTH) Bắc Bình,Hàng Mới Ca 1,2026-07-16 - Thứ 5,18,1,0.7778,0.0556,5.21,14.0004,1.0008,18,1.0008,2.9988,0,0,0.1666,18,Bình Thuận,NTB,AM Khánh
NTB - Bình Thuận,(BTH) Bắc Bình,Hàng Mới Ca 1,2026-07-02 - Thứ 5,18,1,0.9444,0,5.47,16.9992,0,18,0,1.0008,0,0,0.0556,18,Bình Thuận,NTB,AM Khánh
NTB - Bình Thuận,(BTH) Bắc Bình,Hàng Mới Ca 1,2026-07-13 - Thứ 2,18,1,0.8889,0,5.75,16.0002,0,18,0,1.9998,0,0,0.1111,18,Bình Thuận,NTB,AM Khánh
NTB - Bình Thuận,(BTH) Bắc Bình,Hàng Mới Ca 1,2026-07-05 - Chủ Nhật,19,1,1,0,5.68,19,0,19,0,0,0,0,0,19,Bình Thuận,NTB,AM Khánh
NTB - Bình Thuận,(BTH) Bắc Bình,Hàng Mới Ca 1,2026-06-26 - Thứ 6,20,1,0.95,0,3.58,19,0,20,0,1,0,0,0.05,20,Bình Thuận,NTB,AM Khánh
NTB - Bình Thuận,(BTH) Bắc Bình,Hàng Mới Ca 1,2026-07-03 - Thứ 6,21,1,1,0,4.29,21,0,21,0,0,0,0,0,21,Bình Thuận,NTB,AM Khánh
NTB - Bình Thuận,(BTH) Bắc Bình,Hàng Mới Ca 1,2026-07-04 - Thứ 7,21,1,0.8571,0,4.44,17.9991,0,21,0,3.0009,0,0,0.1429,21,Bình Thuận,NTB,AM Khánh
NTB - Bình Thuận,(BTH) Bắc Bình,Hàng Mới Ca 1,2026-06-24 - Thứ 4,22,1,0.9545,0,4.38,20.999,0,22,0,1.001,0,0,0.0455,22,Bình Thuận,NTB,AM Khánh
NTB - Bình Thuận,(BTH) Bắc Bình,Hàng Mới Ca 1,2026-06-20 - Thứ 7,22,1,0.9091,0,4.45,20.0002,0,22,0,1.9998,0,0,0.0909,22,Bình Thuận,NTB,AM Khánh
NTB - Bình Thuận,(BTH) Bắc Bình,Hàng Mới Ca 1,2026-06-23 - Thứ 3,23,1,0.9565,0,4.68,21.9995,0,23,0,1.0005,0,0,0.0435,23,Bình Thuận,NTB,AM Khánh
NTB - Bình Thuận,(BTH) Bắc Bình,Hàng Mới Ca 1,2026-07-01 - Thứ 4,25,1,1,0,4.32,25,0,25,0,0,0,0,0,25,Bình Thuận,NTB,AM Khánh
NTB - Bình Thuận,(BTH) Bắc Bình,Hàng Mới Ca 1,2026-07-15 - Thứ 4,27,1,1,0,4.59,27,0,27,0,0,0,0,0,27,Bình Thuận,NTB,AM Khánh
NTB - Bình Thuận,(BTH) Bắc Bình,Hàng Mới Ca 1,2026-06-28 - Chủ Nhật,28,1,0.8929,0,4.44,25.0012,0,28,0,2.9988,0,0,0.1071,28,Bình Thuận,NTB,AM Khánh
NTB - Bình Thuận,(BTH) Bắc Bình,Hàng Mới Ca 1,2026-06-27 - Thứ 7,30,1,0.9667,0,4.83,29.001,0,30,0,0.999,0,0,0.0333,30,Bình Thuận,NTB,AM Khánh
NTB - Bình Thuận,(BTH) Bắc Bình,Hàng Mới Ca 1,2026-07-12 - Chủ Nhật,31,1,0.9032,0,4.04,27.9992,0,31,0,3.0008,0,0,0.0968,31,Bình Thuận,NTB,AM Khánh
NTB - Bình Thuận,(BTH) Bắc Bình,Hàng Mới Ca 1,2026-07-08 - Thứ 4,32,1,0.9375,0,5.1,30,0,32,0,2,0,0,0.0625,32,Bình Thuận,NTB,AM Khánh
NTB - Bình Thuận,(BTH) Bắc Bình,Hàng Mới Ca 1,2026-07-11 - Thứ 7,32,1,0.875,0,5.75,28,0,32,0,4,0,0,0.125,32,Bình Thuận,NTB,AM Khánh
NTB - Bình Thuận,(BTH) Bắc Bình,Hàng Mới Ca 1,2026-07-10 - Thứ 6,33,1,0.9394,0,4.48,31.0002,0,33,0,1.9998,0,0,0.0606,33,Bình Thuận,NTB,AM Khánh
NTB - Bình Thuận,(BTH) Bắc Bình,Hàng Mới Ca 1,2026-07-17 - Thứ 6,39,1,0.8974,0,5.26,34.9986,0,39,0,4.0014,0,0,0.1026,39,Bình Thuận,NTB,AM Khánh
NTB - Bình Thuận,(BTH) Bắc Bình,Hàng Mới Ca 1,2026-07-09 - Thứ 5,53,1,0.717,0.0377,4.29,38.001,1.9981,53,1.9981,13.0009,0,0,0.2453,53,Bình Thuận,NTB,AM Khánh
NTB - Bình Thuận,(BTH) Bắc Bình,Hàng Mới Ca 2,2026-07-13 - Thứ 2,7,0.5714,0.5714,0,3.25,3.9998,0,3.9998,0,3.0002,3.0002,0.4286,0.4286,7,Bình Thuận,NTB,AM Khánh
NTB - Bình Thuận,(BTH) Bắc Bình,Hàng Mới Ca 2,2026-06-29 - Thứ 2,8,1,0.875,0,4.29,7,0,8,0,1,0,0,0.125,8,Bình Thuận,NTB,AM Khánh
NTB - Bình Thuận,(BTH) Bắc Bình,Hàng Mới Ca 2,2026-06-21 - Chủ Nhật,11,0.5455,0.2727,0,4.33,2.9997,0,6.0005,0,8.0003,4.9995,0.4545,0.7273,11,Bình Thuận,NTB,AM Khánh
NTB - Bình Thuận,(BTH) Bắc Bình,Hàng Mới Ca 2,2026-07-15 - Thứ 4,11,0.7273,0.6364,0,3.71,7.0004,0,8.0003,0,3.9996,2.9997,0.2727,0.3636,11,Bình Thuận,NTB,AM Khánh
NTB - Bình Thuận,(BTH) Bắc Bình,Hàng Mới Ca 2,2026-07-03 - Thứ 6,12,0.75,0.75,0,3.56,9,0,9,0,3,3,0.25,0.25,12,Bình Thuận,NTB,AM Khánh
NTB - Bình Thuận,(BTH) Bắc Bình,Hàng Mới Ca 2,2026-07-07 - Thứ 3,12,0.4167,0.4167,0,3.6,5.0004,0,5.0004,0,6.9996,6.9996,0.5833,0.5833,12,Bình Thuận,NTB,AM Khánh
NTB - Bình Thuận,(BTH) Bắc Bình,Hàng Mới Ca 2,2026-06-30 - Thứ 3,13,0.9231,0.8462,0,3.91,11.0006,0,12.0003,0,1.9994,0.9997,0.0769,0.1538,13,Bình Thuận,NTB,AM Khánh
NTB - Bình Thuận,(BTH) Bắc Bình,Hàng Mới Ca 2,2026-07-06 - Thứ 2,13,0.7692,0.7692,0,3.8,9.9996,0,9.9996,0,3.0004,3.0004,0.2308,0.2308,13,Bình Thuận,NTB,AM Khánh
NTB - Bình Thuận,(BTH) Bắc Bình,Hàng Mới Ca 2,2026-07-14 - Thứ 3,13,0.6154,0.5385,0.0769,2.86,7.0005,0.9997,8.0002,0.9997,4.9998,4.9998,0.3846,0.3846,13,Bình Thuận,NTB,AM Khánh
NTB - Bình Thuận,(BTH) Bắc Bình,Hàng Mới Ca 2,2026-07-05 - Chủ Nhật,14,0.7143,0.6429,0,3,9.0006,0,10.0002,0,4.9994,3.9998,0.2857,0.3571,14,Bình Thuận,NTB,AM Khánh
NTB - Bình Thuận,(BTH) Bắc Bình,Hàng Mới Ca 2,2026-06-23 - Thứ 3,14,0.7857,0.7143,0,3.3,10.0002,0,10.9998,0,3.9998,3.0002,0.2143,0.2857,14,Bình Thuận,NTB,AM Khánh
NTB - Bình Thuận,(BTH) Bắc Bình,Hàng Mới Ca 2,2026-07-17 - Thứ 6,15,0.8667,0.6667,0,4.4,10.0005,0,13.0005,0,4.9995,1.9995,0.1333,0.3333,15,Bình Thuận,NTB,AM Khánh
NTB - Bình Thuận,(BTH) Bắc Bình,Hàng Mới Ca 2,2026-07-12 - Chủ Nhật,15,0.6667,0.6,0,3.56,9,0,10.0005,0,6,4.9995,0.3333,0.4,15,Bình Thuận,NTB,AM Khánh
NTB - Bình Thuận,(BTH) Bắc Bình,Hàng Mới Ca 2,2026-07-04 - Thứ 7,17,0.6471,0.5294,0,3.22,8.9998,0,11.0007,0,8.0002,5.9993,0.3529,0.4706,17,Bình Thuận,NTB,AM Khánh
NTB - Bình Thuận,(BTH) Bắc Bình,Hàng Mới Ca 2,2026-07-02 - Thứ 5,17,0.5882,0.4118,0,3.14,7.0006,0,9.9994,0,9.9994,7.0006,0.4118,0.5882,17,Bình Thuận,NTB,AM Khánh
NTB - Bình Thuận,(BTH) Bắc Bình,Hàng Mới Ca 2,2026-07-11 - Thứ 7,18,0.7222,0.6111,0,2.91,10.9998,0,12.9996,0,7.0002,5.0004,0.2778,0.3889,18,Bình Thuận,NTB,AM Khánh
NTB - Bình Thuận,(BTH) Bắc Bình,Hàng Mới Ca 2,2026-06-20 - Thứ 7,19,0.6842,0.4737,0,3,9.0003,0,12.9998,0,9.9997,6.0002,0.3158,0.5263,19,Bình Thuận,NTB,AM Khánh
NTB - Bình Thuận,(BTH) Bắc Bình,Hàng Mới Ca 2,2026-07-01 - Thứ 4,20,0.9,0.75,0,3.87,15,0,18,0,5,2,0.1,0.25,20,Bình Thuận,NTB,AM Khánh
NTB - Bình Thuận,(BTH) Bắc Bình,Hàng Mới Ca 2,2026-07-08 - Thứ 4,20,0.9,0.8,0,3.69,16,0,18,0,4,2,0.1,0.2,20,Bình Thuận,NTB,AM Khánh
NTB - Bình Thuận,(BTH) Bắc Bình,Hàng Mới Ca 2,2026-06-26 - Thứ 6,21,0.619,0.4762,0,3.2,10.0002,0,12.999,0,10.9998,8.001,0.381,0.5238,21,Bình Thuận,NTB,AM Khánh
NTB - Bình Thuận,(BTH) Bắc Bình,Hàng Mới Ca 2,2026-06-27 - Thứ 7,23,0.6087,0.5217,0,3.58,11.9991,0,14.0001,0,11.0009,8.9999,0.3913,0.4783,23,Bình Thuận,NTB,AM Khánh
NTB - Bình Thuận,(BTH) Bắc Bình,Hàng Mới Ca 2,2026-06-28 - Chủ Nhật,23,0.6957,0.4348,0,3.6,10.0004,0,16.0011,0,12.9996,6.9989,0.3043,0.5652,23,Bình Thuận,NTB,AM Khánh
NTB - Bình Thuận,(BTH) Bắc Bình,Hàng Mới Ca 2,2026-06-22 - Thứ 2,24,0.5,0.5,0,3.5,12,0,12,0,12,12,0.5,0.5,24,Bình Thuận,NTB,AM Khánh
NTB - Bình Thuận,(BTH) Bắc Bình,Hàng Mới Ca 2,2026-07-16 - Thứ 5,25,0.68,0.52,0,3.15,13,0,17,0,12,8,0.32,0.48,25,Bình Thuận,NTB,AM Khánh
NTB - Bình Thuận,(BTH) Bắc Bình,Hàng Mới Ca 2,2026-07-10 - Thứ 6,29,0.6552,0.5172,0,4.07,14.9988,0,19.0008,0,14.0012,9.9992,0.3448,0.4828,29,Bình Thuận,NTB,AM Khánh
NTB - Bình Thuận,(BTH) Bắc Bình,Hàng Mới Ca 2,2026-06-24 - Thứ 4,33,0.4242,0.3939,0,3,12.9987,0,13.9986,0,20.0013,19.0014,0.5758,0.6061,33,Bình Thuận,NTB,AM Khánh
NTB - Bình Thuận,(BTH) Bắc Bình,Hàng Mới Ca 2,2026-06-25 - Thứ 5,35,0.8286,0.7714,0,3.52,26.999,0,29.001,0,8.001,5.999,0.1714,0.2286,35,Bình Thuận,NTB,AM Khánh
NTB - Bình Thuận,(BTH) Bắc Bình,Hàng Mới Ca 2,2026-07-09 - Thứ 5,38,0.6053,0.5526,0,3.81,20.9988,0,23.0014,0,17.0012,14.9986,0.3947,0.4474,38,Bình Thuận,NTB,AM Khánh
NTB - Bình Thuận,(BTH) Bắc Bình,Hàng Tồn,2026-06-24 - Thứ 4,4,1,0.75,0,23,3,0,4,0,1,0,0,0.25,0,Bình Thuận,NTB,AM Khánh
NTB - Bình Thuận,(BTH) Bắc Bình,Hàng Tồn,2026-07-02 - Thứ 5,5,1,0.6,0,22.67,3,0,5,0,2,0,0,0.4,0,Bình Thuận,NTB,AM Khánh
NTB - Bình Thuận,(BTH) Bắc Bình,Hàng Tồn,2026-07-04 - Thứ 7,5,1,0.6,0,31,3,0,5,0,2,0,0,0.4,0,Bình Thuận,NTB,AM Khánh
NTB - Bình Thuận,(BTH) Bắc Bình,Hàng Tồn,2026-07-01 - Thứ 4,6,1,0.8333,0,43.8,4.9998,0,6,0,1.0002,0,0,0.1667,0,Bình Thuận,NTB,AM Khánh
NTB - Bình Thuận,(BTH) Bắc Bình,Hàng Tồn,2026-06-30 - Thứ 3,6,1,0.6667,0,48.5,4.0002,0,6,0,1.9998,0,0,0.3333,0,Bình Thuận,NTB,AM Khánh
NTB - Bình Thuận,(BTH) Bắc Bình,Hàng Tồn,2026-07-14 - Thứ 3,7,1,0.5714,0.1429,43.5,3.9998,1.0003,7,1.0003,1.9999,0,0,0.2857,0,Bình Thuận,NTB,AM Khánh
NTB - Bình Thuận,(BTH) Bắc Bình,Hàng Tồn,2026-07-16 - Thứ 5,7,1,0.7143,0.1429,38.2,5.0001,1.0003,7,1.0003,0.9996,0,0,0.1428,0,Bình Thuận,NTB,AM Khánh
NTB - Bình Thuận,(BTH) Bắc Bình,Hàng Tồn,2026-07-07 - Thứ 3,7,1,0.5714,0,30.75,3.9998,0,7,0,3.0002,0,0,0.4286,0,Bình Thuận,NTB,AM Khánh
NTB - Bình Thuận,(BTH) Bắc Bình,Hàng Tồn,2026-07-06 - Thứ 2,8,1,0.875,0,36,7,0,8,0,1,0,0,0.125,0,Bình Thuận,NTB,AM Khánh
NTB - Bình Thuận,(BTH) Bắc Bình,Hàng Tồn,2026-07-15 - Thứ 4,8,1,0.75,0,38,6,0,8,0,2,0,0,0.25,0,Bình Thuận,NTB,AM Khánh
NTB - Bình Thuận,(BTH) Bắc Bình,Hàng Tồn,2026-07-09 - Thứ 5,9,1,0.5556,0,31.2,5.0004,0,9,0,3.9996,0,0,0.4444,0,Bình Thuận,NTB,AM Khánh
NTB - Bình Thuận,(BTH) Bắc Bình,Hàng Tồn,2026-06-20 - Thứ 7,9,1,0.6667,0,27.5,6.0003,0,9,0,2.9997,0,0,0.3333,0,Bình Thuận,NTB,AM Khánh
NTB - Bình Thuận,(BTH) Bắc Bình,Hàng Tồn,2026-06-22 - Thứ 2,9,1,0.8889,0,25.88,8.0001,0,9,0,0.9999,0,0,0.1111,0,Bình Thuận,NTB,AM Khánh
NTB - Bình Thuận,(BTH) Bắc Bình,Hàng Tồn,2026-07-05 - Chủ Nhật,10,1,0.9,0,26.56,9,0,10,0,1,0,0,0.1,0,Bình Thuận,NTB,AM Khánh
NTB - Bình Thuận,(BTH) Bắc Bình,Hàng Tồn,2026-06-26 - Thứ 6,10,1,0.8,0,30.25,8,0,10,0,2,0,0,0.2,0,Bình Thuận,NTB,AM Khánh
NTB - Bình Thuận,(BTH) Bắc Bình,Hàng Tồn,2026-07-08 - Thứ 4,10,1,0.7,0,33,7,0,10,0,3,0,0,0.3,0,Bình Thuận,NTB,AM Khánh
NTB - Bình Thuận,(BTH) Bắc Bình,Hàng Tồn,2026-06-28 - Chủ Nhật,11,1,0.6364,0.0909,25.57,7.0004,0.9999,11,0.9999,2.9997,0,0,0.2727,0,Bình Thuận,NTB,AM Khánh
NTB - Bình Thuận,(BTH) Bắc Bình,Hàng Tồn,2026-07-12 - Chủ Nhật,13,1,0.3077,0.0769,38.5,4.0001,0.9997,13,0.9997,8.0002,0,0,0.6154,0,Bình Thuận,NTB,AM Khánh
NTB - Bình Thuận,(BTH) Bắc Bình,Hàng Tồn,2026-06-27 - Thứ 7,13,1,1,0,25.69,13,0,13,0,0,0,0,0,0,Bình Thuận,NTB,AM Khánh
NTB - Bình Thuận,(BTH) Bắc Bình,Hàng Tồn,2026-07-03 - Thứ 6,13,1,0.7692,0,24.8,9.9996,0,13,0,3.0004,0,0,0.2308,0,Bình Thuận,NTB,AM Khánh
NTB - Bình Thuận,(BTH) Bắc Bình,Hàng Tồn,2026-06-23 - Thứ 3,14,1,1,0,28.43,14,0,14,0,0,0,0,0,0,Bình Thuận,NTB,AM Khánh
NTB - Bình Thuận,(BTH) Bắc Bình,Hàng Tồn,2026-07-13 - Thứ 2,16,1,0.6875,0.0625,39.55,11,1,16,1,4,0,0,0.25,0,Bình Thuận,NTB,AM Khánh
NTB - Bình Thuận,(BTH) Bắc Bình,Hàng Tồn,2026-06-21 - Chủ Nhật,16,1,0.8125,0,31.62,13,0,16,0,3,0,0,0.1875,0,Bình Thuận,NTB,AM Khánh
NTB - Bình Thuận,(BTH) Bắc Bình,Hàng Tồn,2026-07-17 - Thứ 6,17,1,0.8824,0.0588,31.73,15.0008,0.9996,17,0.9996,0.9996,0,0,0.0588,0,Bình Thuận,NTB,AM Khánh
NTB - Bình Thuận,(BTH) Bắc Bình,Hàng Tồn,2026-07-11 - Thứ 7,19,1,0.8421,0,27.13,15.9999,0,19,0,3.0001,0,0,0.1579,0,Bình Thuận,NTB,AM Khánh
NTB - Bình Thuận,(BTH) Bắc Bình,Hàng Tồn,2026-06-29 - Thứ 2,19,1,0.6842,0,30.92,12.9998,0,19,0,6.0002,0,0,0.3158,0,Bình Thuận,NTB,AM Khánh
NTB - Bình Thuận,(BTH) Bắc Bình,Hàng Tồn,2026-06-25 - Thứ 5,22,0.9545,0.9545,0,30.95,20.999,0,20.999,0,1.001,1.001,0.0455,0.0455,0,Bình Thuận,NTB,AM Khánh
NTB - Bình Thuận,(BTH) Bắc Bình,Hàng Tồn,2026-07-10 - Thứ 6,23,1,0.7826,0.087,26,17.9998,2.001,23,2.001,2.9992,0,0,0.1304,0,Bình Thuận,NTB,AM Khánh
 ,Grand Total,Hàng Mới Ca 1,2026-07-15 - Thứ 4,2875,0.945,0.801,0.0167,10.03,2302.875,48.0125,2716.875,48.0125,524.1125,158.125,0.055,0.1823,2875,Chưa phân loại,NTB,Chưa phân loại
 ,Grand Total,Hàng Mới Ca 1,2026-07-03 - Thứ 6,2915,0.9396,0.7839,0.0144,10.25,2285.0685,41.976,2738.934,41.976,587.9555,176.066,0.0604,0.2017,2915,Chưa phân loại,NTB,Chưa phân loại
 ,Grand Total,Hàng Mới Ca 1,2026-07-05 - Chủ Nhật,2638,0.9378,0.7707,0.0174,9.8,2033.1066,45.9012,2473.9164,45.9012,558.9922,164.0836,0.0622,0.2119,2638,Chưa phân loại,NTB,Chưa phân loại
 ,Grand Total,Hàng Mới Ca 1,2026-06-26 - Thứ 6,3596,0.9366,0.7887,0.0156,10.36,2836.1652,56.0976,3368.0136,56.0976,703.7372,227.9864,0.0634,0.1957,3596,Chưa phân loại,NTB,Chưa phân loại
 ,Grand Total,Hàng Mới Ca 1,2026-06-21 - Chủ Nhật,3017,0.9244,0.7521,0.0109,10.42,2269.0857,32.8853,2788.9148,32.8853,715.029,228.0852,0.0756,0.237,3017,Chưa phân loại,NTB,Chưa phân loại
 ,Grand Total,Hàng Mới Ca 1,2026-06-24 - Thứ 4,3347,0.9432,0.8031,0.0105,9.31,2687.9757,35.1435,3156.8904,35.1435,623.8808,190.1096,0.0568,0.1864,3347,Chưa phân loại,NTB,Chưa phân loại
 ,Grand Total,Hàng Mới Ca 1,2026-07-17 - Thứ 6,3482,0.9434,0.7843,0.0178,10.16,2730.9326,61.9796,3284.9188,61.9796,689.0878,197.0812,0.0566,0.1979,3482,Chưa phân loại,NTB,Chưa phân loại
 ,Grand Total,Hàng Mới Ca 1,2026-07-11 - Thứ 7,4147,0.9368,0.7974,0.0176,10.1,3306.8178,72.9872,3884.9096,72.9872,767.195,262.0904,0.0632,0.185,4147,Chưa phân loại,NTB,Chưa phân loại
 ,Grand Total,Hàng Mới Ca 1,2026-07-01 - Thứ 4,3079,0.9331,0.809,0.011,9.1,2490.911,33.869,2873.0149,33.869,554.22,205.9851,0.0669,0.18,3079,Chưa phân loại,NTB,Chưa phân loại
 ,Grand Total,Hàng Mới Ca 1,2026-07-09 - Thứ 5,4928,0.9487,0.82,0.0132,10.23,4040.96,65.0496,4675.1936,65.0496,821.9904,252.8064,0.0513,0.1668,4928,Chưa phân loại,NTB,Chưa phân loại
 ,Grand Total,Hàng Mới Ca 1,2026-07-14 - Thứ 3,2405,0.9326,0.7867,0.0195,8.93,1892.0135,46.8975,2242.903,46.8975,466.089,162.097,0.0674,0.1938,2405,Chưa phân loại,NTB,Chưa phân loại
 ,Grand Total,Hàng Mới Ca 1,2026-07-16 - Thứ 5,3003,0.9391,0.7772,0.0163,9.17,2333.9316,48.9489,2820.1173,48.9489,620.1195,182.8827,0.0609,0.2065,3003,Chưa phân loại,NTB,Chưa phân loại
 ,Grand Total,Hàng Mới Ca 1,2026-06-28 - Chủ Nhật,3528,0.9447,0.7783,0.0176,9.33,2745.8424,62.0928,3332.9016,62.0928,720.0648,195.0984,0.0553,0.2041,3528,Chưa phân loại,NTB,Chưa phân loại
 ,Grand Total,Hàng Mới Ca 1,2026-07-12 - Chủ Nhật,3341,0.9213,0.7665,0.0141,10.23,2560.8765,47.1081,3078.0633,47.1081,733.0154,262.9367,0.0787,0.2194,3341,Chưa phân loại,NTB,Chưa phân loại
 ,Grand Total,Hàng Mới Ca 1,2026-06-25 - Thứ 5,3420,0.9412,0.8,0.014,10.22,2736,47.88,3218.904,47.88,636.12,201.096,0.0588,0.186,3420,Chưa phân loại,NTB,Chưa phân loại
 ,Grand Total,Hàng Mới Ca 1,2026-07-02 - Thứ 5,3155,0.9414,0.767,0.012,9.95,2419.885,37.86,2970.117,37.86,697.255,184.883,0.0586,0.221,3155,Chưa phân loại,NTB,Chưa phân loại
 ,Grand Total,Hàng Mới Ca 1,2026-07-07 - Thứ 3,1921,0.9558,0.7736,0.0141,9.22,1486.0856,27.0861,1836.0918,27.0861,407.8283,84.9082,0.0442,0.2123,1921,Chưa phân loại,NTB,Chưa phân loại
 ,Grand Total,Hàng Mới Ca 1,2026-07-13 - Thứ 2,2784,0.9321,0.7748,0.0126,10.25,2157.0432,35.0784,2594.9664,35.0784,591.8784,189.0336,0.0679,0.2126,2784,Chưa phân loại,NTB,Chưa phân loại
 ,Grand Total,Hàng Mới Ca 1,2026-06-23 - Thứ 3,2619,0.9507,0.8068,0.0137,9.08,2113.0092,35.8803,2489.8833,35.8803,470.1105,129.1167,0.0493,0.1795,2619,Chưa phân loại,NTB,Chưa phân loại
 ,Grand Total,Hàng Mới Ca 1,2026-07-04 - Thứ 7,2986,0.937,0.8038,0.0151,10.38,2400.1468,45.0886,2797.882,45.0886,540.7646,188.118,0.063,0.1811,2986,Chưa phân loại,NTB,Chưa phân loại
 ,Grand Total,Hàng Mới Ca 1,2026-07-10 - Thứ 6,4867,0.9556,0.8334,0.016,11.02,4056.1578,77.872,4650.9052,77.872,732.9702,216.0948,0.0444,0.1506,4867,Chưa phân loại,NTB,Chưa phân loại
 ,Grand Total,Hàng Mới Ca 1,2026-07-08 - Thứ 4,3125,0.9421,0.817,0.015,9.1,2553.125,46.875,2944.0625,46.875,525,180.9375,0.0579,0.168,3125,Chưa phân loại,NTB,Chưa phân loại
 ,Grand Total,Hàng Mới Ca 1,2026-06-22 - Thứ 2,3435,0.9453,0.8096,0.0154,9.5,2780.976,52.899,3247.1055,52.899,601.125,187.8945,0.0547,0.175,3435,Chưa phân loại,NTB,Chưa phân loại
 ,Grand Total,Hàng Mới Ca 1,2026-06-20 - Thứ 7,2682,0.95,0.7968,0.0123,9.9,2137.0176,32.9886,2547.9,32.9886,511.9938,134.1,0.05,0.1909,2682,Chưa phân loại,NTB,Chưa phân loại
 ,Grand Total,Hàng Mới Ca 1,2026-06-30 - Thứ 3,2181,0.9537,0.8166,0.0138,9.76,1781.0046,30.0978,2080.0197,30.0978,369.8976,100.9803,0.0463,0.1696,2181,Chưa phân loại,NTB,Chưa phân loại
 ,Grand Total,Hàng Mới Ca 1,2026-07-06 - Thứ 2,2241,0.9349,0.7644,0.0134,10.33,1713.0204,30.0294,2095.1109,30.0294,497.9502,145.8891,0.0651,0.2222,2241,Chưa phân loại,NTB,Chưa phân loại
 ,Grand Total,Hàng Mới Ca 1,2026-06-27 - Thứ 7,3806,0.9409,0.8135,0.0137,9.82,3096.181,52.1422,3581.0654,52.1422,657.6768,224.9346,0.0591,0.1728,3806,Chưa phân loại,NTB,Chưa phân loại
 ,Grand Total,Hàng Mới Ca 1,2026-06-29 - Thứ 2,2799,0.9296,0.7867,0.0157,10.38,2201.9733,43.9443,2601.9504,43.9443,553.0824,197.0496,0.0704,0.1976,2799,Chưa phân loại,NTB,Chưa phân loại
 ,Grand Total,Hàng Mới Ca 2,2026-07-15 - Thứ 4,1109,0.6429,0.5455,0.0117,3.39,604.9595,12.9753,712.9761,12.9753,491.0652,396.0239,0.3571,0.4428,1109,Chưa phân loại,NTB,Chưa phân loại
 ,Grand Total,Hàng Mới Ca 2,2026-07-03 - Thứ 6,1126,0.651,0.5613,0.0062,3.53,632.0238,6.9812,733.026,6.9812,486.995,392.974,0.349,0.4325,1126,Chưa phân loại,NTB,Chưa phân loại
 ,Grand Total,Hàng Mới Ca 2,2026-07-05 - Chủ Nhật,1135,0.6678,0.5674,0.0115,3.41,643.999,13.0525,757.953,13.0525,477.9485,377.047,0.3322,0.4211,1135,Chưa phân loại,NTB,Chưa phân loại
 ,Grand Total,Hàng Mới Ca 2,2026-06-26 - Thứ 6,1316,0.6831,0.5965,0.0152,3.32,784.994,20.0032,898.9596,20.0032,511.0028,417.0404,0.3169,0.3883,1316,Chưa phân loại,NTB,Chưa phân loại
 ,Grand Total,Hàng Mới Ca 2,2026-06-21 - Chủ Nhật,1059,0.6969,0.5817,0.0113,3.35,616.0203,11.9667,738.0171,11.9667,431.013,320.9829,0.3031,0.407,1059,Chưa phân loại,NTB,Chưa phân loại
 ,Grand Total,Hàng Mới Ca 2,2026-06-24 - Thứ 4,1202,0.7188,0.609,0.01,3.61,732.018,12.02,863.9976,12.02,457.962,338.0024,0.2812,0.381,1202,Chưa phân loại,NTB,Chưa phân loại
 ,Grand Total,Hàng Mới Ca 2,2026-07-17 - Thứ 6,1360,0.6801,0.5846,0.0059,3.49,795.056,8.024,924.936,8.024,556.92,435.064,0.3199,0.4095,1360,Chưa phân loại,NTB,Chưa phân loại
 ,Grand Total,Hàng Mới Ca 2,2026-07-11 - Thứ 7,1479,0.7072,0.6031,0.0054,3.24,891.9849,7.9866,1045.9488,7.9866,579.0285,433.0512,0.2928,0.3915,1479,Chưa phân loại,NTB,Chưa phân loại
 ,Grand Total,Hàng Mới Ca 2,2026-07-01 - Thứ 4,1234,0.6807,0.564,0.0105,3.38,695.976,12.957,839.9838,12.957,525.067,394.0162,0.3193,0.4255,1234,Chưa phân loại,NTB,Chưa phân loại
 ,Grand Total,Hàng Mới Ca 2,2026-07-09 - Thứ 5,1998,0.7277,0.6426,0.0125,3.53,1283.9148,24.975,1453.9446,24.975,689.1102,544.0554,0.2723,0.3449,1998,Chưa phân loại,NTB,Chưa phân loại
 ,Grand Total,Hàng Mới Ca 2,2026-07-14 - Thứ 3,1056,0.75,0.6345,0.0095,3.42,670.032,10.032,792,10.032,375.936,264,0.25,0.356,1056,Chưa phân loại,NTB,Chưa phân loại
 ,Grand Total,Hàng Mới Ca 2,2026-07-16 - Thứ 5,1363,0.7205,0.62,0.0073,3.54,845.06,9.9499,982.0415,9.9499,507.9901,380.9585,0.2795,0.3727,1363,Chưa phân loại,NTB,Chưa phân loại
 ,Grand Total,Hàng Mới Ca 2,2026-06-28 - Chủ Nhật,1221,0.6773,0.5659,0.0082,3.51,690.9639,10.0122,826.9833,10.0122,520.0239,394.0167,0.3227,0.4259,1221,Chưa phân loại,NTB,Chưa phân loại
 ,Grand Total,Hàng Mới Ca 2,2026-07-12 - Chủ Nhật,1302,0.669,0.553,0.0138,3.35,720.006,17.9676,871.038,17.9676,564.0264,430.962,0.331,0.4332,1302,Chưa phân loại,NTB,Chưa phân loại
 ,Grand Total,Hàng Mới Ca 2,2026-06-25 - Thứ 5,1301,0.6687,0.5796,0.0108,3.54,754.0596,14.0508,869.9787,14.0508,532.8896,431.0213,0.3313,0.4096,1301,Chưa phân loại,NTB,Chưa phân loại
 ,Grand Total,Hàng Mới Ca 2,2026-07-02 - Thứ 5,1190,0.6521,0.5672,0.0092,3.37,674.968,10.948,775.999,10.948,504.084,414.001,0.3479,0.4236,1190,Chưa phân loại,NTB,Chưa phân loại
 ,Grand Total,Hàng Mới Ca 2,2026-07-07 - Thứ 3,1152,0.6519,0.5486,0.0061,3.1,631.9872,7.0272,750.9888,7.0272,512.9856,401.0112,0.3481,0.4453,1152,Chưa phân loại,NTB,Chưa phân loại
 ,Grand Total,Hàng Mới Ca 2,2026-07-13 - Thứ 2,837,0.6691,0.5615,0.006,3.63,469.9755,5.022,560.0367,5.022,362.0025,276.9633,0.3309,0.4325,837,Chưa phân loại,NTB,Chưa phân loại
 ,Grand Total,Hàng Mới Ca 2,2026-06-23 - Thứ 3,1344,0.7262,0.6429,0.0104,3.24,864.0576,13.9776,976.0128,13.9776,465.9648,367.9872,0.2738,0.3467,1344,Chưa phân loại,NTB,Chưa phân loại
 ,Grand Total,Hàng Mới Ca 2,2026-07-04 - Thứ 7,1162,0.6695,0.5757,0.006,3.71,668.9634,6.972,777.959,6.972,486.0646,384.041,0.3305,0.4183,1162,Chưa phân loại,NTB,Chưa phân loại
 ,Grand Total,Hàng Mới Ca 2,2026-07-10 - Thứ 6,1646,0.6768,0.5923,0.0061,3.72,974.9258,10.0406,1114.0128,10.0406,661.0336,531.9872,0.3232,0.4016,1646,Chưa phân loại,NTB,Chưa phân loại
 ,Grand Total,Hàng Mới Ca 2,2026-07-08 - Thứ 4,1983,0.7327,0.6329,0.0111,3.45,1255.0407,22.0113,1452.9441,22.0113,705.948,530.0559,0.2673,0.356,1983,Chưa phân loại,NTB,Chưa phân loại
 ,Grand Total,Hàng Mới Ca 2,2026-06-22 - Thứ 2,883,0.7327,0.6353,0.0113,3.43,560.9699,9.9779,646.9741,9.9779,312.0522,236.0259,0.2673,0.3534,883,Chưa phân loại,NTB,Chưa phân loại
 ,Grand Total,Hàng Mới Ca 2,2026-06-20 - Thứ 7,1290,0.7256,0.6016,0.0101,3.65,776.064,13.029,936.024,13.029,500.907,353.976,0.2744,0.3883,1290,Chưa phân loại,NTB,Chưa phân loại
 ,Grand Total,Hàng Mới Ca 2,2026-06-30 - Thứ 3,1170,0.7256,0.6197,0.0197,3.26,725.049,23.049,848.952,23.049,421.902,321.048,0.2744,0.3606,1170,Chưa phân loại,NTB,Chưa phân loại
 ,Grand Total,Hàng Mới Ca 2,2026-07-06 - Thứ 2,895,0.6682,0.5676,0.0101,3.49,508.002,9.0395,598.039,9.0395,377.9585,296.961,0.3318,0.4223,895,Chưa phân loại,NTB,Chưa phân loại
 ,Grand Total,Hàng Mới Ca 2,2026-06-27 - Thứ 7,1283,0.721,0.6212,0.0101,3.57,796.9996,12.9583,925.043,12.9583,473.0421,357.957,0.279,0.3687,1283,Chưa phân loại,NTB,Chưa phân loại
 ,Grand Total,Hàng Mới Ca 2,2026-06-29 - Thứ 2,814,0.7052,0.6253,0.0123,3.42,508.9942,10.0122,574.0328,10.0122,294.9936,239.9672,0.2948,0.3624,814,Chưa phân loại,NTB,Chưa phân loại
 ,Grand Total,Hàng Tồn,2026-07-15 - Thứ 4,1689,0.7721,0.4849,0.0432,54.67,818.9961,72.9648,1304.0769,72.9648,797.0391,384.9231,0.2279,0.4719,0,Chưa phân loại,NTB,Chưa phân loại
 ,Grand Total,Hàng Tồn,2026-07-03 - Thứ 6,1835,0.8322,0.5439,0.0327,46.64,998.0565,60.0045,1527.087,60.0045,776.939,307.913,0.1678,0.4234,0,Chưa phân loại,NTB,Chưa phân loại
 ,Grand Total,Hàng Tồn,2026-07-05 - Chủ Nhật,1713,0.8698,0.5429,0.0414,46.86,929.9877,70.9182,1489.9674,70.9182,712.0941,223.0326,0.1302,0.4157,0,Chưa phân loại,NTB,Chưa phân loại
 ,Grand Total,Hàng Tồn,2026-06-26 - Thứ 6,1924,0.8571,0.5249,0.0379,47.54,1009.9076,72.9196,1649.0604,72.9196,841.1728,274.9396,0.1429,0.4372,0,Chưa phân loại,NTB,Chưa phân loại
 ,Grand Total,Hàng Tồn,2026-06-21 - Chủ Nhật,1931,0.827,0.5028,0.044,47.72,970.9068,84.964,1596.937,84.964,875.1292,334.063,0.173,0.4532,0,Chưa phân loại,NTB,Chưa phân loại
 ,Grand Total,Hàng Tồn,2026-06-24 - Thứ 4,1709,0.8303,0.4997,0.0439,51.65,853.9873,75.0251,1418.9827,75.0251,779.9876,290.0173,0.1697,0.4564,0,Chưa phân loại,NTB,Chưa phân loại
 ,Grand Total,Hàng Tồn,2026-07-17 - Thứ 6,1925,0.8099,0.5455,0.0395,50.78,1050.0875,76.0375,1559.0575,76.0375,798.875,365.9425,0.1901,0.415,0,Chưa phân loại,NTB,Chưa phân loại
 ,Grand Total,Hàng Tồn,2026-07-11 - Thứ 7,2135,0.8197,0.5555,0.03,41.55,1185.9925,64.05,1750.0595,64.05,884.9575,384.9405,0.1803,0.4145,0,Chưa phân loại,NTB,Chưa phân loại
 ,Grand Total,Hàng Tồn,2026-07-01 - Thứ 4,1416,0.8277,0.5035,0.0353,46.14,712.956,49.9848,1172.0232,49.9848,653.0592,243.9768,0.1723,0.4612,0,Chưa phân loại,NTB,Chưa phân loại
 ,Grand Total,Hàng Tồn,2026-07-09 - Thứ 5,1809,0.8331,0.586,0.0326,40.5,1060.074,58.9734,1507.0779,58.9734,689.9526,301.9221,0.1669,0.3814,0,Chưa phân loại,NTB,Chưa phân loại
 ,Grand Total,Hàng Tồn,2026-07-14 - Thứ 3,1801,0.7635,0.4842,0.0355,54.52,872.0442,63.9355,1375.0635,63.9355,865.0203,425.9365,0.2365,0.4803,0,Chưa phân loại,NTB,Chưa phân loại
 ,Grand Total,Hàng Tồn,2026-07-16 - Thứ 5,1755,0.7943,0.4803,0.045,47.12,842.9265,78.975,1393.9965,78.975,833.0985,361.0035,0.2057,0.4747,0,Chưa phân loại,NTB,Chưa phân loại
 ,Grand Total,Hàng Tồn,2026-06-28 - Chủ Nhật,1910,0.8052,0.4974,0.0471,45.26,950.034,89.961,1537.932,89.961,870.005,372.068,0.1948,0.4555,0,Chưa phân loại,NTB,Chưa phân loại
 ,Grand Total,Hàng Tồn,2026-07-12 - Chủ Nhật,2108,0.7756,0.4739,0.0408,42.47,998.9812,86.0064,1634.9648,86.0064,1023.0124,473.0352,0.2244,0.4853,0,Chưa phân loại,NTB,Chưa phân loại
 ,Grand Total,Hàng Tồn,2026-06-25 - Thứ 5,1785,0.8734,0.5031,0.0459,46.86,898.0335,81.9315,1559.019,81.9315,805.035,225.981,0.1266,0.451,0,Chưa phân loại,NTB,Chưa phân loại
 ,Grand Total,Hàng Tồn,2026-07-02 - Thứ 5,1691,0.8598,0.5352,0.0491,45.38,905.0232,83.0281,1453.9218,83.0281,702.9487,237.0782,0.1402,0.4157,0,Chưa phân loại,NTB,Chưa phân loại
 ,Grand Total,Hàng Tồn,2026-07-07 - Thứ 3,1494,0.8688,0.5422,0.0395,50.66,810.0468,59.013,1297.9872,59.013,624.9402,196.0128,0.1312,0.4183,0,Chưa phân loại,NTB,Chưa phân loại
 ,Grand Total,Hàng Tồn,2026-07-13 - Thứ 2,2351,0.8073,0.564,0.0336,46.77,1325.964,78.9936,1897.9623,78.9936,946.0424,453.0377,0.1927,0.4024,0,Chưa phân loại,NTB,Chưa phân loại
 ,Grand Total,Hàng Tồn,2026-06-23 - Thứ 3,1738,0.8297,0.473,0.0501,50.95,822.074,87.0738,1442.0186,87.0738,828.8522,295.9814,0.1703,0.4769,0,Chưa phân loại,NTB,Chưa phân loại
 ,Grand Total,Hàng Tồn,2026-07-04 - Thứ 7,1820,0.8511,0.5527,0.0335,48.98,1005.914,60.97,1549.002,60.97,753.116,270.998,0.1489,0.4138,0,Chưa phân loại,NTB,Chưa phân loại
 ,Grand Total,Hàng Tồn,2026-07-10 - Thứ 6,2117,0.8403,0.6004,0.0265,43.72,1271.0468,56.1005,1778.9151,56.1005,789.8527,338.0849,0.1597,0.3731,0,Chưa phân loại,NTB,Chưa phân loại
 ,Grand Total,Hàng Tồn,2026-07-08 - Thứ 4,1510,0.8113,0.5219,0.0351,43.21,788.069,53.001,1225.063,53.001,668.93,284.937,0.1887,0.443,0,Chưa phân loại,NTB,Chưa phân loại
 ,Grand Total,Hàng Tồn,2026-06-22 - Thứ 2,1993,0.847,0.5248,0.0401,50.29,1045.9264,79.9193,1688.071,79.9193,867.1543,304.929,0.153,0.4351,0,Chưa phân loại,NTB,Chưa phân loại
 ,Grand Total,Hàng Tồn,2026-06-20 - Thứ 7,2113,0.8452,0.5267,0.0464,46.02,1112.9171,98.0432,1785.9076,98.0432,902.0397,327.0924,0.1548,0.4269,0,Chưa phân loại,NTB,Chưa phân loại
 ,Grand Total,Hàng Tồn,2026-06-30 - Thứ 3,1680,0.8613,0.5274,0.0482,61.97,886.032,80.976,1446.984,80.976,712.992,233.016,0.1387,0.4244,0,Chưa phân loại,NTB,Chưa phân loại
 ,Grand Total,Hàng Tồn,2026-07-06 - Thứ 2,1739,0.8539,0.5779,0.0362,49.54,1004.9681,62.9518,1484.9321,62.9518,671.0801,254.0679,0.1461,0.3859,0,Chưa phân loại,NTB,Chưa phân loại
 ,Grand Total,Hàng Tồn,2026-06-27 - Thứ 7,2016,0.8348,0.5313,0.0456,45.62,1071.1008,91.9296,1682.9568,91.9296,852.9696,333.0432,0.1652,0.4231,0,Chưa phân loại,NTB,Chưa phân loại
 ,Grand Total,Hàng Tồn,2026-06-29 - Thứ 2,2088,0.8209,0.5383,0.0455,46.35,1123.9704,95.004,1714.0392,95.004,869.0256,373.9608,0.1791,0.4162,0,Chưa phân loại,NTB,Chưa phân loại
