Cấp Quản Lý,Chi tiết,Loại Hàng,Time,Volume,% Gán,% GTC,% Chuyển trả,Leadtime,Sản Lượng Giao Thành Công,Sản Lượng Chuyển Trả,Sản Lượng Gán,Sản Lượng Trả,Sản Lượng Tồn,Sản Lượng Chưa Gán,% Chưa Gán,%Tồn,Hàng Mới Về Trong Ngày,Tỉnh,Vùng,AM
NTB - Đắk Nông,(DNO) Đức Lập,Hàng Mới Ca 1,2026-09-08 - Thứ 3,172,99.42%,77.33%,0.00%,15.13,133,0,171,0,39,1,0.58%,22.67%,172,Đắk Nông,NTB,AM Nhung
NTB - Đắk Nông,(DNO) Đức Lập,Hàng Mới Ca 1,2026-08-20 - Thứ 5,239,99.58%,85.77%,0.00%,13.6,205,0,238,0,34,1,0.42%,14.23%,239,Đắk Nông,NTB,AM Nhung
NTB - Đắk Nông,(DNO) Đức Lập,Hàng Mới Ca 1,2026-08-30 - Chủ Nhật,180,100.00%,84.44%,0.00%,14.64,152,0,180,0,28,0,0.00%,15.56%,180,Đắk Nông,NTB,AM Nhung
NTB - Đắk Nông,(DNO) Đức Lập,Hàng Mới Ca 1,2026-09-06 - Chủ Nhật,261,99.23%,85.06%,0.00%,14.01,222,0,259,0,39,2,0.77%,14.94%,261,Đắk Nông,NTB,AM Nhung
NTB - Đắk Nông,(DNO) Đức Lập,Hàng Mới Ca 1,2026-08-19 - Thứ 4,136,100.00%,73.53%,0.00%,16.35,100,0,136,0,36,0,0.00%,26.47%,136,Đắk Nông,NTB,AM Nhung
NTB - Đắk Nông,(DNO) Đức Lập,Hàng Mới Ca 1,2026-08-29 - Thứ 7,209,100.00%,77.51%,0.00%,12.91,162,0,209,0,47,0,0.00%,22.49%,209,Đắk Nông,NTB,AM Nhung
NTB - Đắk Nông,(DNO) Đức Lập,Hàng Mới Ca 1,2026-08-17 - Thứ 2,180,100.00%,83.33%,0.00%,11.02,150,0,180,0,30,0,0.00%,16.67%,180,Đắk Nông,NTB,AM Nhung
NTB - Đắk Nông,(DNO) Đức Lập,Hàng Mới Ca 1,2026-08-27 - Thứ 5,233,99.14%,84.55%,0.00%,13.56,197,0,231,0,36,2,0.86%,15.45%,233,Đắk Nông,NTB,AM Nhung
NTB - Đắk Nông,(DNO) Đức Lập,Hàng Mới Ca 1,2026-09-04 - Thứ 6,162,98.77%,89.51%,0.00%,11.43,145,0,160,0,17,2,1.23%,10.49%,162,Đắk Nông,NTB,AM Nhung
NTB - Đắk Nông,(DNO) Đức Lập,Hàng Mới Ca 1,2026-09-02 - Thứ 4,190,100.00%,78.95%,0.00%,13.67,150,0,190,0,40,0,0.00%,21.05%,190,Đắk Nông,NTB,AM Nhung
NTB - Đắk Nông,(DNO) Đức Lập,Hàng Mới Ca 1,2026-08-25 - Thứ 3,219,100.00%,84.02%,0.00%,12.98,184,0,219,0,35,0,0.00%,15.98%,219,Đắk Nông,NTB,AM Nhung
NTB - Đắk Nông,(DNO) Đức Lập,Hàng Mới Ca 1,2026-09-12 - Thứ 7,247,99.19%,77.73%,0.00%,12.38,192,0,245,0,55,2,0.81%,22.27%,247,Đắk Nông,NTB,AM Nhung
NTB - Đắk Nông,(DNO) Đức Lập,Hàng Mới Ca 1,2026-09-09 - Thứ 4,153,100.00%,71.90%,0.00%,16.74,110,0,153,0,43,0,0.00%,28.10%,153,Đắk Nông,NTB,AM Nhung
NTB - Đắk Nông,(DNO) Đức Lập,Hàng Mới Ca 1,2026-09-10 - Thứ 5,218,99.08%,82.11%,0.00%,12.68,179,0,216,0,39,2,0.92%,17.89%,218,Đắk Nông,NTB,AM Nhung
NTB - Đắk Nông,(DNO) Đức Lập,Hàng Mới Ca 1,2026-08-23 - Chủ Nhật,192,100.00%,81.25%,0.00%,7.76,156,0,192,0,36,0,0.00%,18.75%,192,Đắk Nông,NTB,AM Nhung
NTB - Đắk Nông,(DNO) Đức Lập,Hàng Mới Ca 1,2026-08-31 - Thứ 2,215,100.00%,72.09%,0.00%,12.7,155,0,215,0,60,0,0.00%,27.91%,215,Đắk Nông,NTB,AM Nhung
NTB - Đắk Nông,(DNO) Đức Lập,Hàng Mới Ca 1,2026-08-21 - Thứ 6,232,99.57%,83.62%,0.00%,14.05,194,0,231,0,38,1,0.43%,16.38%,232,Đắk Nông,NTB,AM Nhung
NTB - Đắk Nông,(DNO) Đức Lập,Hàng Mới Ca 1,2026-08-18 - Thứ 3,168,100.00%,77.38%,0.00%,9.62,130,0,168,0,38,0,0.00%,22.62%,168,Đắk Nông,NTB,AM Nhung
NTB - Đắk Nông,(DNO) Đức Lập,Hàng Mới Ca 1,2026-09-05 - Thứ 7,168,99.40%,83.93%,0.00%,11.84,141,0,167,0,27,1,0.60%,16.07%,168,Đắk Nông,NTB,AM Nhung
NTB - Đắk Nông,(DNO) Đức Lập,Hàng Mới Ca 1,2026-08-28 - Thứ 6,210,99.52%,85.24%,0.00%,12.19,179,0,209,0,31,1,0.48%,14.76%,210,Đắk Nông,NTB,AM Nhung
NTB - Đắk Nông,(DNO) Đức Lập,Hàng Mới Ca 1,2026-09-07 - Thứ 2,249,99.60%,82.73%,0.00%,12.4,206,0,248,0,43,1,0.40%,17.27%,249,Đắk Nông,NTB,AM Nhung
NTB - Đắk Nông,(DNO) Đức Lập,Hàng Mới Ca 1,2026-09-03 - Thứ 5,136,100.00%,80.88%,0.00%,12.98,110,0,136,0,26,0,0.00%,19.12%,136,Đắk Nông,NTB,AM Nhung
NTB - Đắk Nông,(DNO) Đức Lập,Hàng Mới Ca 1,2026-08-26 - Thứ 4,188,100.00%,86.17%,0.00%,11.12,162,0,188,0,26,0,0.00%,13.83%,188,Đắk Nông,NTB,AM Nhung
NTB - Đắk Nông,(DNO) Đức Lập,Hàng Mới Ca 1,2026-09-13 - Chủ Nhật,160,99.38%,82.50%,0.00%,14.59,132,0,159,0,28,1,0.62%,17.50%,160,Đắk Nông,NTB,AM Nhung
NTB - Đắk Nông,(DNO) Đức Lập,Hàng Mới Ca 1,2026-09-11 - Thứ 6,126,100.00%,82.54%,0.00%,11.75,104,0,126,0,22,0,0.00%,17.46%,126,Đắk Nông,NTB,AM Nhung
NTB - Đắk Nông,(DNO) Đức Lập,Hàng Mới Ca 1,2026-08-24 - Thứ 2,172,100.00%,86.63%,0.00%,10.34,149,0,172,0,23,0,0.00%,13.37%,172,Đắk Nông,NTB,AM Nhung
NTB - Đắk Nông,(DNO) Đức Lập,Hàng Mới Ca 1,2026-09-01 - Thứ 3,155,100.00%,87.74%,0.00%,10.55,136,0,155,0,19,0,0.00%,12.26%,155,Đắk Nông,NTB,AM Nhung
NTB - Đắk Nông,(DNO) Đức Lập,Hàng Mới Ca 1,2026-08-22 - Thứ 7,208,99.52%,80.29%,0.00%,9.93,167,0,207,0,41,1,0.48%,19.71%,208,Đắk Nông,NTB,AM Nhung
NTB - Đắk Nông,(DNO) Đức Lập,Hàng Mới Ca 2,2026-09-04 - Thứ 6,1,0.00%,0.00%,0.00%,,0,0,0,0,1,1,100.00%,100.00%,1,Đắk Nông,NTB,AM Nhung
NTB - Đắk Nông,(DNO) Đức Lập,Hàng Mới Ca 2,2026-08-26 - Thứ 4,1,0.00%,0.00%,0.00%,,0,0,0,0,1,1,100.00%,100.00%,1,Đắk Nông,NTB,AM Nhung
NTB - Đắk Nông,(DNO) Đức Lập,Hàng Mới Ca 2,2026-09-13 - Chủ Nhật,1,100.00%,0.00%,0.00%,,0,0,1,0,1,0,0.00%,100.00%,1,Đắk Nông,NTB,AM Nhung
NTB - Đắk Nông,(DNO) Đức Lập,Hàng Mới Ca 2,2026-09-09 - Thứ 4,59,93.22%,74.58%,0.00%,5.61,44,0,55,0,15,4,6.78%,25.42%,59,Đắk Nông,NTB,AM Nhung
NTB - Đắk Nông,(DNO) Đức Lập,Hàng Mới Ca 2,2026-08-19 - Thứ 4,101,100.00%,84.16%,0.00%,5.19,85,0,101,0,16,0,0.00%,15.84%,101,Đắk Nông,NTB,AM Nhung
NTB - Đắk Nông,(DNO) Đức Lập,Hàng Tồn,2026-09-06 - Chủ Nhật,46,100.00%,34.78%,8.70%,42,16,4,46,4,26,0,0.00%,56.52%,0,Đắk Nông,NTB,AM Nhung
NTB - Đắk Nông,(DNO) Đức Lập,Hàng Tồn,2026-08-27 - Thứ 5,57,100.00%,28.07%,1.75%,58.31,16,1,57,1,40,0,0.00%,70.18%,0,Đắk Nông,NTB,AM Nhung
NTB - Đắk Nông,(DNO) Đức Lập,Hàng Tồn,2026-09-05 - Thứ 7,43,100.00%,37.21%,9.30%,61.38,16,4,43,4,23,0,0.00%,53.49%,0,Đắk Nông,NTB,AM Nhung
NTB - Đắk Nông,(DNO) Đức Lập,Hàng Tồn,2026-09-04 - Thứ 6,54,100.00%,31.48%,7.41%,52.53,17,4,54,4,33,0,0.00%,61.11%,0,Đắk Nông,NTB,AM Nhung
NTB - Đắk Nông,(DNO) Đức Lập,Hàng Tồn,2026-09-09 - Thứ 4,73,100.00%,23.29%,1.37%,41.29,17,1,73,1,55,0,0.00%,75.34%,0,Đắk Nông,NTB,AM Nhung
NTB - Đắk Nông,(DNO) Đức Lập,Hàng Tồn,2026-09-02 - Thứ 4,59,100.00%,30.51%,11.86%,60.83,18,7,59,7,34,0,0.00%,57.63%,0,Đắk Nông,NTB,AM Nhung
NTB - Đắk Nông,(DNO) Đức Lập,Hàng Tồn,2026-09-12 - Thứ 7,56,98.21%,32.14%,1.79%,51.83,18,1,55,1,37,1,1.79%,66.07%,0,Đắk Nông,NTB,AM Nhung
NTB - Đắk Nông,(DNO) Đức Lập,Hàng Tồn,2026-09-07 - Thứ 2,62,98.39%,29.03%,4.84%,43.28,18,3,61,3,41,1,1.61%,66.13%,0,Đắk Nông,NTB,AM Nhung
NTB - Đắk Nông,(DNO) Đức Lập,Hàng Tồn,2026-08-22 - Thứ 7,58,100.00%,32.76%,6.90%,40.21,19,4,58,4,35,0,0.00%,60.34%,0,Đắk Nông,NTB,AM Nhung
NTB - Đắk Nông,(DNO) Đức Lập,Hàng Tồn,2026-08-29 - Thứ 7,49,95.92%,42.86%,2.04%,47.43,21,1,47,1,27,2,4.08%,55.10%,0,Đắk Nông,NTB,AM Nhung
NTB - Đắk Nông,(DNO) Đức Lập,Hàng Tồn,2026-08-25 - Thứ 3,57,98.25%,36.84%,0.00%,49.29,21,0,56,0,36,1,1.75%,63.16%,0,Đắk Nông,NTB,AM Nhung
NTB - Đắk Nông,(DNO) Đức Lập,Hàng Tồn,2026-08-26 - Thứ 4,64,98.44%,32.81%,17.19%,54.95,21,11,63,11,32,1,1.56%,50.00%,0,Đắk Nông,NTB,AM Nhung
NTB - Đắk Nông,(DNO) Đức Lập,Hàng Tồn,2026-08-18 - Thứ 3,58,98.28%,37.93%,12.07%,36.5,22,7,57,7,29,1,1.72%,50.00%,0,Đắk Nông,NTB,AM Nhung
NTB - Đắk Nông,(DNO) Đức Lập,Hàng Tồn,2026-08-19 - Thứ 4,66,100.00%,34.85%,10.61%,46.65,23,7,66,7,36,0,0.00%,54.54%,0,Đắk Nông,NTB,AM Nhung
NTB - Đắk Nông,(DNO) Đức Lập,Hàng Tồn,2026-08-31 - Thứ 2,64,100.00%,39.06%,3.13%,50.36,25,2,64,2,37,0,0.00%,57.81%,0,Đắk Nông,NTB,AM Nhung
NTB - Đắk Nông,(DNO) Đức Lập,Hàng Tồn,2026-08-24 - Thứ 2,65,98.46%,41.54%,1.54%,42.7,27,1,64,1,37,1,1.54%,56.92%,0,Đắk Nông,NTB,AM Nhung
NTB - Đắk Nông,(DNO) Đức Lập,Hàng Tồn,2026-09-08 - Thứ 3,80,100.00%,35.00%,10.00%,44.39,28,8,80,8,44,0,0.00%,55.00%,0,Đắk Nông,NTB,AM Nhung
NTB - Đắk Nông,(DNO) Đức Lập,Hàng Tồn,2026-08-21 - Thứ 6,65,100.00%,43.08%,4.62%,40.82,28,3,65,3,34,0,0.00%,52.30%,0,Đắk Nông,NTB,AM Nhung
NTB - Đắk Nông,(DNO) Đức Lập,Hàng Tồn,2026-08-17 - Thứ 2,68,98.53%,42.65%,10.29%,41.38,29,7,67,7,32,1,1.47%,47.06%,0,Đắk Nông,NTB,AM Nhung
NTB - Đắk Nông,(DNO) Đức Lập,Hàng Tồn,2026-08-23 - Chủ Nhật,71,98.59%,40.85%,5.63%,42.79,29,4,70,4,38,1,1.41%,53.52%,0,Đắk Nông,NTB,AM Nhung
NTB - Đắk Nông,(DNO) Đức Lập,Hàng Tồn,2026-08-30 - Chủ Nhật,71,98.59%,42.25%,0.00%,48.57,30,0,70,0,41,1,1.41%,57.75%,0,Đắk Nông,NTB,AM Nhung
NTB - Đắk Nông,(DNO) Đức Lập,Hàng Tồn,2026-08-28 - Thứ 6,67,98.51%,44.78%,10.45%,49.97,30,7,66,7,30,1,1.49%,44.77%,0,Đắk Nông,NTB,AM Nhung
NTB - Đắk Nông,(DNO) Đức Lập,Hàng Tồn,2026-09-03 - Thứ 5,69,100.00%,43.48%,5.80%,51.8,30,4,69,4,35,0,0.00%,50.72%,0,Đắk Nông,NTB,AM Nhung
NTB - Đắk Nông,(DNO) Đức Lập,Hàng Tồn,2026-09-11 - Thứ 6,80,100.00%,41.25%,10.00%,50.12,33,8,80,8,39,0,0.00%,48.75%,0,Đắk Nông,NTB,AM Nhung
NTB - Đắk Nông,(DNO) Đức Lập,Hàng Tồn,2026-09-13 - Chủ Nhật,84,100.00%,40.48%,9.52%,50.74,34,8,84,8,42,0,0.00%,50.00%,0,Đắk Nông,NTB,AM Nhung
NTB - Đắk Nông,(DNO) Đức Lập,Hàng Tồn,2026-08-20 - Thứ 5,81,100.00%,46.91%,8.64%,37.34,38,7,81,7,36,0,0.00%,44.45%,0,Đắk Nông,NTB,AM Nhung
NTB - Đắk Nông,(DNO) Đức Lập,Hàng Tồn,2026-09-01 - Thứ 3,91,100.00%,45.05%,1.10%,42.63,41,1,91,1,49,0,0.00%,53.85%,0,Đắk Nông,NTB,AM Nhung
NTB - Đắk Nông,(DNO) Đức Lập,Hàng Tồn,2026-09-10 - Thứ 5,105,100.00%,42.86%,7.62%,44.91,45,8,105,8,52,0,0.00%,49.52%,0,Đắk Nông,NTB,AM Nhung
NTB - Đắk Nông,(DNO) Đức An,Hàng Mới Ca 1,2026-08-20 - Thứ 5,112,100.00%,82.14%,0.00%,10.86,92,0,112,0,20,0,0.00%,17.86%,112,Đắk Nông,NTB,AM Nhung
NTB - Đắk Nông,(DNO) Đức An,Hàng Mới Ca 1,2026-08-30 - Chủ Nhật,107,100.00%,77.57%,0.00%,10.84,83,0,107,0,24,0,0.00%,22.43%,107,Đắk Nông,NTB,AM Nhung
NTB - Đắk Nông,(DNO) Đức An,Hàng Mới Ca 1,2026-09-06 - Chủ Nhật,122,100.00%,82.79%,0.00%,12.04,101,0,122,0,21,0,0.00%,17.21%,122,Đắk Nông,NTB,AM Nhung
NTB - Đắk Nông,(DNO) Đức An,Hàng Mới Ca 1,2026-08-19 - Thứ 4,115,100.00%,85.22%,0.00%,9.22,98,0,115,0,17,0,0.00%,14.78%,115,Đắk Nông,NTB,AM Nhung
NTB - Đắk Nông,(DNO) Đức An,Hàng Mới Ca 1,2026-08-29 - Thứ 7,109,99.08%,84.40%,0.00%,11.57,92,0,108,0,17,1,0.92%,15.60%,109,Đắk Nông,NTB,AM Nhung
NTB - Đắk Nông,(DNO) Đức An,Hàng Mới Ca 1,2026-08-27 - Thứ 5,113,100.00%,79.65%,0.00%,12.36,90,0,113,0,23,0,0.00%,20.35%,113,Đắk Nông,NTB,AM Nhung
NTB - Đắk Nông,(DNO) Đức An,Hàng Mới Ca 1,2026-09-04 - Thứ 6,83,100.00%,86.75%,0.00%,8.82,72,0,83,0,11,0,0.00%,13.25%,83,Đắk Nông,NTB,AM Nhung
NTB - Đắk Nông,(DNO) Đức An,Hàng Mới Ca 1,2026-08-25 - Thứ 3,106,85.85%,74.53%,0.00%,12.19,79,0,91,0,27,15,14.15%,25.47%,106,Đắk Nông,NTB,AM Nhung
NTB - Đắk Nông,(DNO) Đức An,Hàng Mới Ca 1,2026-09-09 - Thứ 4,103,100.00%,85.44%,0.00%,14.43,88,0,103,0,15,0,0.00%,14.56%,103,Đắk Nông,NTB,AM Nhung
NTB - Đắk Nông,(DNO) Đức An,Hàng Mới Ca 1,2026-09-10 - Thứ 5,149,82.55%,65.77%,0.00%,12.09,98,0,123,0,51,26,17.45%,34.23%,149,Đắk Nông,NTB,AM Nhung
NTB - Đắk Nông,(DNO) Đức An,Hàng Mới Ca 1,2026-08-23 - Chủ Nhật,128,100.00%,80.47%,0.00%,7.93,103,0,128,0,25,0,0.00%,19.53%,128,Đắk Nông,NTB,AM Nhung
NTB - Đắk Nông,(DNO) Đức An,Hàng Mới Ca 1,2026-08-31 - Thứ 2,122,100.00%,83.61%,0.00%,10.92,102,0,122,0,20,0,0.00%,16.39%,122,Đắk Nông,NTB,AM Nhung
NTB - Đắk Nông,(DNO) Đức An,Hàng Mới Ca 1,2026-08-21 - Thứ 6,100,100.00%,81.00%,0.00%,11.59,81,0,100,0,19,0,0.00%,19.00%,100,Đắk Nông,NTB,AM Nhung
NTB - Đắk Nông,(DNO) Đức An,Hàng Mới Ca 1,2026-08-18 - Thứ 3,98,100.00%,85.71%,0.00%,9.79,84,0,98,0,14,0,0.00%,14.29%,98,Đắk Nông,NTB,AM Nhung
NTB - Đắk Nông,(DNO) Đức An,Hàng Mới Ca 1,2026-08-28 - Thứ 6,112,99.11%,81.25%,0.00%,10.84,91,0,111,0,21,1,0.89%,18.75%,112,Đắk Nông,NTB,AM Nhung
NTB - Đắk Nông,(DNO) Đức An,Hàng Mới Ca 1,2026-09-07 - Thứ 2,115,100.00%,83.48%,0.00%,10.73,96,0,115,0,19,0,0.00%,16.52%,115,Đắk Nông,NTB,AM Nhung
NTB - Đắk Nông,(DNO) Đức An,Hàng Mới Ca 1,2026-08-26 - Thứ 4,109,99.08%,74.31%,0.00%,12.1,81,0,108,0,28,1,0.92%,25.69%,109,Đắk Nông,NTB,AM Nhung
NTB - Đắk Nông,(DNO) Đức An,Hàng Mới Ca 1,2026-09-11 - Thứ 6,61,100.00%,85.25%,0.00%,10.13,52,0,61,0,9,0,0.00%,14.75%,61,Đắk Nông,NTB,AM Nhung
NTB - Đắk Nông,(DNO) Đức An,Hàng Mới Ca 1,2026-08-24 - Thứ 2,72,100.00%,76.39%,0.00%,9.62,55,0,72,0,17,0,0.00%,23.61%,72,Đắk Nông,NTB,AM Nhung
NTB - Đắk Nông,(DNO) Đức An,Hàng Mới Ca 1,2026-09-01 - Thứ 3,83,98.80%,66.27%,0.00%,8.04,55,0,82,0,28,1,1.20%,33.73%,83,Đắk Nông,NTB,AM Nhung
NTB - Đắk Nông,(DNO) Đức An,Hàng Mới Ca 1,2026-09-13 - Chủ Nhật,77,100.00%,77.92%,0.00%,13.03,60,0,77,0,17,0,0.00%,22.08%,77,Đắk Nông,NTB,AM Nhung
NTB - Đắk Nông,(DNO) Đức An,Hàng Mới Ca 1,2026-08-17 - Thứ 2,95,80.00%,65.26%,0.00%,11.02,62,0,76,0,33,19,20.00%,34.74%,95,Đắk Nông,NTB,AM Nhung
NTB - Đắk Nông,(DNO) Đức An,Hàng Mới Ca 1,2026-09-05 - Thứ 7,94,90.43%,67.02%,0.00%,10.59,63,0,85,0,31,9,9.57%,32.98%,94,Đắk Nông,NTB,AM Nhung
NTB - Đắk Nông,(DNO) Đức An,Hàng Mới Ca 1,2026-09-03 - Thứ 5,74,100.00%,85.14%,0.00%,12.19,63,0,74,0,11,0,0.00%,14.86%,74,Đắk Nông,NTB,AM Nhung
NTB - Đắk Nông,(DNO) Đức An,Hàng Mới Ca 1,2026-09-08 - Thứ 3,92,86.96%,71.74%,0.00%,10.38,66,0,80,0,26,12,13.04%,28.26%,92,Đắk Nông,NTB,AM Nhung
NTB - Đắk Nông,(DNO) Đức An,Hàng Mới Ca 1,2026-08-22 - Thứ 7,93,100.00%,78.49%,0.00%,9.66,73,0,93,0,20,0,0.00%,21.51%,93,Đắk Nông,NTB,AM Nhung
NTB - Đắk Nông,(DNO) Đức An,Hàng Mới Ca 1,2026-09-02 - Thứ 4,92,100.00%,83.70%,0.00%,10.91,77,0,92,0,15,0,0.00%,16.30%,92,Đắk Nông,NTB,AM Nhung
NTB - Đắk Nông,(DNO) Đức An,Hàng Mới Ca 1,2026-09-12 - Thứ 7,94,98.94%,81.91%,0.00%,9.26,77,0,93,0,17,1,1.06%,18.09%,94,Đắk Nông,NTB,AM Nhung
NTB - Đắk Nông,(DNO) Đức An,Hàng Mới Ca 2,2026-08-26 - Thứ 4,1,0.00%,0.00%,0.00%,,0,0,0,0,1,1,100.00%,100.00%,1,Đắk Nông,NTB,AM Nhung
NTB - Đắk Nông,(DNO) Đức An,Hàng Tồn,2026-09-04 - Thứ 6,24,100.00%,20.83%,0.00%,67.4,5,0,24,0,19,0,0.00%,79.17%,0,Đắk Nông,NTB,AM Nhung
NTB - Đắk Nông,(DNO) Đức An,Hàng Tồn,2026-08-25 - Thứ 3,39,87.18%,15.38%,2.56%,40.17,6,1,34,1,32,5,12.82%,82.06%,0,Đắk Nông,NTB,AM Nhung
NTB - Đắk Nông,(DNO) Đức An,Hàng Tồn,2026-08-31 - Thứ 2,37,100.00%,16.22%,2.70%,49,6,1,37,1,30,0,0.00%,81.08%,0,Đắk Nông,NTB,AM Nhung
NTB - Đắk Nông,(DNO) Đức An,Hàng Tồn,2026-09-03 - Thứ 5,27,100.00%,25.93%,0.00%,52,7,0,27,0,20,0,0.00%,74.07%,0,Đắk Nông,NTB,AM Nhung
NTB - Đắk Nông,(DNO) Đức An,Hàng Tồn,2026-09-08 - Thứ 3,34,85.29%,23.53%,0.00%,45.63,8,0,29,0,26,5,14.71%,76.47%,0,Đắk Nông,NTB,AM Nhung
NTB - Đắk Nông,(DNO) Đức An,Hàng Tồn,2026-08-20 - Thứ 5,28,100.00%,28.57%,7.14%,48.88,8,2,28,2,18,0,0.00%,64.29%,0,Đắk Nông,NTB,AM Nhung
NTB - Đắk Nông,(DNO) Đức An,Hàng Tồn,2026-08-30 - Chủ Nhật,27,100.00%,29.63%,3.70%,61.88,8,1,27,1,18,0,0.00%,66.67%,0,Đắk Nông,NTB,AM Nhung
NTB - Đắk Nông,(DNO) Đức An,Hàng Tồn,2026-09-10 - Thứ 5,34,82.35%,26.47%,5.88%,55.44,9,2,28,2,23,6,17.65%,67.65%,0,Đắk Nông,NTB,AM Nhung
NTB - Đắk Nông,(DNO) Đức An,Hàng Tồn,2026-08-23 - Chủ Nhật,30,100.00%,33.33%,3.33%,38.1,10,1,30,1,19,0,0.00%,63.34%,0,Đắk Nông,NTB,AM Nhung
NTB - Đắk Nông,(DNO) Đức An,Hàng Tồn,2026-08-28 - Thứ 6,44,100.00%,22.73%,15.91%,49.3,10,7,44,7,27,0,0.00%,61.36%,0,Đắk Nông,NTB,AM Nhung
NTB - Đắk Nông,(DNO) Đức An,Hàng Tồn,2026-08-21 - Thứ 6,33,100.00%,33.33%,0.00%,42,11,0,33,0,22,0,0.00%,66.67%,0,Đắk Nông,NTB,AM Nhung
NTB - Đắk Nông,(DNO) Đức An,Hàng Tồn,2026-09-12 - Thứ 7,35,100.00%,34.29%,8.57%,53.17,12,3,35,3,20,0,0.00%,57.14%,0,Đắk Nông,NTB,AM Nhung
NTB - Đắk Nông,(DNO) Đức An,Hàng Tồn,2026-09-13 - Chủ Nhật,30,96.67%,40.00%,3.33%,39.42,12,1,29,1,17,1,3.33%,56.67%,0,Đắk Nông,NTB,AM Nhung
NTB - Đắk Nông,(DNO) Đức An,Hàng Tồn,2026-09-01 - Thứ 3,40,100.00%,30.00%,5.00%,41.75,12,2,40,2,26,0,0.00%,65.00%,0,Đắk Nông,NTB,AM Nhung
NTB - Đắk Nông,(DNO) Đức An,Hàng Tồn,2026-08-19 - Thứ 4,28,100.00%,46.43%,0.00%,46.77,13,0,28,0,15,0,0.00%,53.57%,0,Đắk Nông,NTB,AM Nhung
NTB - Đắk Nông,(DNO) Đức An,Hàng Tồn,2026-08-17 - Thứ 2,33,87.88%,39.39%,6.06%,46.92,13,2,29,2,18,4,12.12%,54.55%,0,Đắk Nông,NTB,AM Nhung
NTB - Đắk Nông,(DNO) Đức An,Hàng Tồn,2026-08-26 - Thứ 4,56,100.00%,23.21%,7.14%,52.46,13,4,56,4,39,0,0.00%,69.65%,0,Đắk Nông,NTB,AM Nhung
NTB - Đắk Nông,(DNO) Đức An,Hàng Tồn,2026-08-24 - Thứ 2,41,100.00%,31.71%,2.44%,41.77,13,1,41,1,27,0,0.00%,65.85%,0,Đắk Nông,NTB,AM Nhung
NTB - Đắk Nông,(DNO) Đức An,Hàng Tồn,2026-09-05 - Thứ 7,25,100.00%,52.00%,12.00%,64.77,13,3,25,3,9,0,0.00%,36.00%,0,Đắk Nông,NTB,AM Nhung
NTB - Đắk Nông,(DNO) Đức An,Hàng Tồn,2026-08-29 - Thứ 7,37,100.00%,37.84%,5.41%,40.71,14,2,37,2,21,0,0.00%,56.75%,0,Đắk Nông,NTB,AM Nhung
NTB - Đắk Nông,(DNO) Đức An,Hàng Tồn,2026-09-07 - Thứ 2,34,100.00%,41.18%,0.00%,52.5,14,0,34,0,20,0,0.00%,58.82%,0,Đắk Nông,NTB,AM Nhung
NTB - Đắk Nông,(DNO) Đức An,Hàng Tồn,2026-08-22 - Thứ 7,33,100.00%,42.42%,9.09%,38.5,14,3,33,3,16,0,0.00%,48.49%,0,Đắk Nông,NTB,AM Nhung
NTB - Đắk Nông,(DNO) Đức An,Hàng Tồn,2026-09-06 - Chủ Nhật,34,94.12%,47.06%,0.00%,33.94,16,0,32,0,18,2,5.88%,52.94%,0,Đắk Nông,NTB,AM Nhung
NTB - Đắk Nông,(DNO) Đức An,Hàng Tồn,2026-09-09 - Thứ 4,46,100.00%,41.30%,2.17%,38.84,19,1,46,1,26,0,0.00%,56.53%,0,Đắk Nông,NTB,AM Nhung
NTB - Đắk Nông,(DNO) Đức An,Hàng Tồn,2026-09-02 - Thứ 4,40,97.50%,52.50%,2.50%,39.1,21,1,39,1,18,1,2.50%,45.00%,0,Đắk Nông,NTB,AM Nhung
NTB - Đắk Nông,(DNO) Đức An,Hàng Tồn,2026-08-18 - Thứ 3,48,100.00%,54.17%,2.08%,48.5,26,1,48,1,21,0,0.00%,43.75%,0,Đắk Nông,NTB,AM Nhung
NTB - Đắk Nông,(DNO) Đức An,Hàng Tồn,2026-08-27 - Thứ 5,62,100.00%,45.16%,1.61%,52.36,28,1,62,1,33,0,0.00%,53.23%,0,Đắk Nông,NTB,AM Nhung
NTB - Đắk Nông,(DNO) Đức An,Hàng Tồn,2026-09-11 - Thứ 6,71,98.59%,50.70%,4.23%,42.31,36,3,70,3,32,1,1.41%,45.07%,0,Đắk Nông,NTB,AM Nhung
NTB - Đắk Nông,(DNO) Đông Gia Nghĩa,Hàng Mới Ca 1,2026-09-04 - Thứ 6,57,75.44%,24.56%,0.00%,17.14,14,0,43,0,43,14,24.56%,75.44%,57,Đắk Nông,NTB,AM Duân
NTB - Đắk Nông,(DNO) Đông Gia Nghĩa,Hàng Mới Ca 1,2026-09-02 - Thứ 4,61,80.33%,22.95%,0.00%,18.21,14,0,49,0,47,12,19.67%,77.05%,61,Đắk Nông,NTB,AM Duân
NTB - Đắk Nông,(DNO) Đông Gia Nghĩa,Hàng Mới Ca 1,2026-09-08 - Thứ 3,53,41.51%,30.19%,0.00%,18.25,16,0,22,0,37,31,58.49%,69.81%,53,Đắk Nông,NTB,AM Duân
NTB - Đắk Nông,(DNO) Đông Gia Nghĩa,Hàng Mới Ca 1,2026-08-25 - Thứ 3,55,60.00%,47.27%,0.00%,19,26,0,33,0,29,22,40.00%,52.73%,55,Đắk Nông,NTB,AM Duân
NTB - Đắk Nông,(DNO) Đông Gia Nghĩa,Hàng Mới Ca 1,2026-09-03 - Thứ 5,57,78.95%,52.63%,0.00%,20.7,30,0,45,0,27,12,21.05%,47.37%,57,Đắk Nông,NTB,AM Duân
NTB - Đắk Nông,(DNO) Đông Gia Nghĩa,Hàng Mới Ca 1,2026-09-09 - Thứ 4,58,93.10%,56.90%,0.00%,18.97,33,0,54,0,25,4,6.90%,43.10%,58,Đắk Nông,NTB,AM Duân
NTB - Đắk Nông,(DNO) Đông Gia Nghĩa,Hàng Mới Ca 1,2026-08-29 - Thứ 7,65,80.00%,52.31%,0.00%,17.82,34,0,52,0,31,13,20.00%,47.69%,65,Đắk Nông,NTB,AM Duân
NTB - Đắk Nông,(DNO) Đông Gia Nghĩa,Hàng Mới Ca 1,2026-09-12 - Thứ 7,62,95.16%,61.29%,0.00%,15.68,38,0,59,0,24,3,4.84%,38.71%,62,Đắk Nông,NTB,AM Duân
NTB - Đắk Nông,(DNO) Đông Gia Nghĩa,Hàng Mới Ca 1,2026-08-31 - Thứ 2,81,69.14%,46.91%,0.00%,16.34,38,0,56,0,43,25,30.86%,53.09%,81,Đắk Nông,NTB,AM Duân
NTB - Đắk Nông,(DNO) Đông Gia Nghĩa,Hàng Mới Ca 1,2026-09-13 - Chủ Nhật,60,88.33%,65.00%,0.00%,16.38,39,0,53,0,21,7,11.67%,35.00%,60,Đắk Nông,NTB,AM Duân
NTB - Đắk Nông,(DNO) Đông Gia Nghĩa,Hàng Mới Ca 1,2026-09-01 - Thứ 3,62,95.16%,64.52%,0.00%,13.7,40,0,59,0,22,3,4.84%,35.48%,62,Đắk Nông,NTB,AM Duân
NTB - Đắk Nông,(DNO) Đông Gia Nghĩa,Hàng Mới Ca 1,2026-08-19 - Thứ 4,96,67.71%,42.71%,0.00%,15.88,41,0,65,0,55,31,32.29%,57.29%,96,Đắk Nông,NTB,AM Duân
NTB - Đắk Nông,(DNO) Đông Gia Nghĩa,Hàng Mới Ca 1,2026-08-18 - Thứ 3,68,100.00%,60.29%,0.00%,16.71,41,0,68,0,27,0,0.00%,39.71%,68,Đắk Nông,NTB,AM Duân
NTB - Đắk Nông,(DNO) Đông Gia Nghĩa,Hàng Mới Ca 1,2026-08-20 - Thứ 5,91,72.53%,47.25%,0.00%,15.53,43,0,66,0,48,25,27.47%,52.75%,91,Đắk Nông,NTB,AM Duân
NTB - Đắk Nông,(DNO) Đông Gia Nghĩa,Hàng Mới Ca 1,2026-09-10 - Thứ 5,83,86.75%,53.01%,0.00%,17.91,44,0,72,0,39,11,13.25%,46.99%,83,Đắk Nông,NTB,AM Duân
NTB - Đắk Nông,(DNO) Đông Gia Nghĩa,Hàng Mới Ca 1,2026-08-23 - Chủ Nhật,62,98.39%,72.58%,0.00%,12.67,45,0,61,0,17,1,1.61%,27.42%,62,Đắk Nông,NTB,AM Duân
NTB - Đắk Nông,(DNO) Đông Gia Nghĩa,Hàng Mới Ca 1,2026-08-27 - Thứ 5,68,98.53%,67.65%,0.00%,21.13,46,0,67,0,22,1,1.47%,32.35%,68,Đắk Nông,NTB,AM Duân
NTB - Đắk Nông,(DNO) Đông Gia Nghĩa,Hàng Mới Ca 1,2026-08-26 - Thứ 4,84,72.62%,57.14%,0.00%,19.98,48,0,61,0,36,23,27.38%,42.86%,84,Đắk Nông,NTB,AM Duân
NTB - Đắk Nông,(DNO) Đông Gia Nghĩa,Hàng Mới Ca 1,2026-08-21 - Thứ 6,68,89.71%,72.06%,0.00%,20.1,49,0,61,0,19,7,10.29%,27.94%,68,Đắk Nông,NTB,AM Duân
NTB - Đắk Nông,(DNO) Đông Gia Nghĩa,Hàng Mới Ca 1,2026-09-05 - Thứ 7,82,87.80%,59.76%,0.00%,16.92,49,0,72,0,33,10,12.20%,40.24%,82,Đắk Nông,NTB,AM Duân
NTB - Đắk Nông,(DNO) Đông Gia Nghĩa,Hàng Mới Ca 1,2026-08-17 - Thứ 2,76,88.16%,69.74%,0.00%,17.02,53,0,67,0,23,9,11.84%,30.26%,76,Đắk Nông,NTB,AM Duân
NTB - Đắk Nông,(DNO) Đông Gia Nghĩa,Hàng Mới Ca 1,2026-08-28 - Thứ 6,108,79.63%,50.93%,0.00%,19.13,55,0,86,0,53,22,20.37%,49.07%,108,Đắk Nông,NTB,AM Duân
NTB - Đắk Nông,(DNO) Đông Gia Nghĩa,Hàng Mới Ca 1,2026-08-24 - Thứ 2,91,81.32%,61.54%,0.00%,15.66,56,0,74,0,35,17,18.68%,38.46%,91,Đắk Nông,NTB,AM Duân
NTB - Đắk Nông,(DNO) Đông Gia Nghĩa,Hàng Mới Ca 1,2026-08-30 - Chủ Nhật,89,94.38%,67.42%,0.00%,16.82,60,0,84,0,29,5,5.62%,32.58%,89,Đắk Nông,NTB,AM Duân
NTB - Đắk Nông,(DNO) Đông Gia Nghĩa,Hàng Mới Ca 1,2026-09-07 - Thứ 2,109,75.23%,55.96%,0.00%,16.69,61,0,82,0,48,27,24.77%,44.04%,109,Đắk Nông,NTB,AM Duân
NTB - Đắk Nông,(DNO) Đông Gia Nghĩa,Hàng Mới Ca 1,2026-09-11 - Thứ 6,98,94.90%,62.24%,0.00%,16.84,61,0,93,0,37,5,5.10%,37.76%,98,Đắk Nông,NTB,AM Duân
NTB - Đắk Nông,(DNO) Đông Gia Nghĩa,Hàng Mới Ca 1,2026-08-22 - Thứ 7,94,81.91%,65.96%,0.00%,17.35,62,0,77,0,32,17,18.09%,34.04%,94,Đắk Nông,NTB,AM Duân
NTB - Đắk Nông,(DNO) Đông Gia Nghĩa,Hàng Mới Ca 1,2026-09-06 - Chủ Nhật,109,86.24%,58.72%,0.00%,18.7,64,0,94,0,45,15,13.76%,41.28%,109,Đắk Nông,NTB,AM Duân
NTB - Đắk Nông,(DNO) Đông Gia Nghĩa,Hàng Mới Ca 2,2026-08-27 - Thứ 5,1,0.00%,0.00%,0.00%,,0,0,0,0,1,1,100.00%,100.00%,1,Đắk Nông,NTB,AM Duân
NTB - Đắk Nông,(DNO) Đông Gia Nghĩa,Hàng Tồn,2026-09-02 - Thứ 4,43,97.67%,18.60%,18.60%,49,8,8,42,8,27,1,2.33%,62.80%,0,Đắk Nông,NTB,AM Duân
NTB - Đắk Nông,(DNO) Đông Gia Nghĩa,Hàng Tồn,2026-08-24 - Thứ 2,35,100.00%,25.71%,5.71%,53.56,9,2,35,2,24,0,0.00%,68.58%,0,Đắk Nông,NTB,AM Duân
NTB - Đắk Nông,(DNO) Đông Gia Nghĩa,Hàng Tồn,2026-08-18 - Thứ 3,46,93.48%,28.26%,4.35%,51.23,13,2,43,2,31,3,6.52%,67.39%,0,Đắk Nông,NTB,AM Duân
NTB - Đắk Nông,(DNO) Đông Gia Nghĩa,Hàng Tồn,2026-08-28 - Thứ 6,45,84.44%,28.89%,8.89%,53.77,13,4,38,4,28,7,15.56%,62.22%,0,Đắk Nông,NTB,AM Duân
NTB - Đắk Nông,(DNO) Đông Gia Nghĩa,Hàng Tồn,2026-09-06 - Chủ Nhật,62,95.16%,22.58%,6.45%,67.57,14,4,59,4,44,3,4.84%,70.97%,0,Đắk Nông,NTB,AM Duân
NTB - Đắk Nông,(DNO) Đông Gia Nghĩa,Hàng Tồn,2026-08-31 - Thứ 2,52,100.00%,26.92%,5.77%,58.21,14,3,52,3,35,0,0.00%,67.31%,0,Đắk Nông,NTB,AM Duân
NTB - Đắk Nông,(DNO) Đông Gia Nghĩa,Hàng Tồn,2026-09-10 - Thứ 5,54,92.59%,27.78%,5.56%,62.4,15,3,50,3,36,4,7.41%,66.66%,0,Đắk Nông,NTB,AM Duân
NTB - Đắk Nông,(DNO) Đông Gia Nghĩa,Hàng Tồn,2026-08-25 - Thứ 3,61,72.13%,26.23%,3.28%,50.31,16,2,44,2,43,17,27.87%,70.49%,0,Đắk Nông,NTB,AM Duân
NTB - Đắk Nông,(DNO) Đông Gia Nghĩa,Hàng Tồn,2026-09-04 - Thứ 6,64,98.44%,28.13%,4.69%,60.06,18,3,63,3,43,1,1.56%,67.18%,0,Đắk Nông,NTB,AM Duân
NTB - Đắk Nông,(DNO) Đông Gia Nghĩa,Hàng Tồn,2026-08-19 - Thứ 4,56,83.93%,33.93%,12.50%,64.74,19,7,47,7,30,9,16.07%,53.57%,0,Đắk Nông,NTB,AM Duân
NTB - Đắk Nông,(DNO) Đông Gia Nghĩa,Hàng Tồn,2026-08-17 - Thứ 2,53,96.23%,35.85%,11.32%,58.26,19,6,51,6,28,2,3.77%,52.83%,0,Đắk Nông,NTB,AM Duân
NTB - Đắk Nông,(DNO) Đông Gia Nghĩa,Hàng Tồn,2026-09-13 - Chủ Nhật,52,100.00%,36.54%,7.69%,66.95,19,4,52,4,29,0,0.00%,55.77%,0,Đắk Nông,NTB,AM Duân
NTB - Đắk Nông,(DNO) Đông Gia Nghĩa,Hàng Tồn,2026-08-23 - Chủ Nhật,51,98.04%,47.06%,11.76%,43.75,24,6,50,6,21,1,1.96%,41.18%,0,Đắk Nông,NTB,AM Duân
NTB - Đắk Nông,(DNO) Đông Gia Nghĩa,Hàng Tồn,2026-08-22 - Thứ 7,50,92.00%,48.00%,4.00%,57.96,24,2,46,2,24,4,8.00%,48.00%,0,Đắk Nông,NTB,AM Duân
NTB - Đắk Nông,(DNO) Đông Gia Nghĩa,Hàng Tồn,2026-09-07 - Thứ 2,87,87.36%,29.89%,2.30%,56.27,26,2,76,2,59,11,12.64%,67.81%,0,Đắk Nông,NTB,AM Duân
NTB - Đắk Nông,(DNO) Đông Gia Nghĩa,Hàng Tồn,2026-09-12 - Thứ 7,67,100.00%,40.30%,8.96%,68.04,27,6,67,6,34,0,0.00%,50.74%,0,Đắk Nông,NTB,AM Duân
NTB - Đắk Nông,(DNO) Đông Gia Nghĩa,Hàng Tồn,2026-08-30 - Chủ Nhật,66,100.00%,43.94%,6.06%,58.97,29,4,66,4,33,0,0.00%,50.00%,0,Đắk Nông,NTB,AM Duân
NTB - Đắk Nông,(DNO) Đông Gia Nghĩa,Hàng Tồn,2026-09-03 - Thứ 5,71,83.10%,40.85%,4.23%,55,29,3,59,3,39,12,16.90%,54.92%,0,Đắk Nông,NTB,AM Duân
NTB - Đắk Nông,(DNO) Đông Gia Nghĩa,Hàng Tồn,2026-08-26 - Thứ 4,65,84.62%,46.15%,6.15%,55.43,30,4,55,4,31,10,15.38%,47.70%,0,Đắk Nông,NTB,AM Duân
NTB - Đắk Nông,(DNO) Đông Gia Nghĩa,Hàng Tồn,2026-08-29 - Thứ 7,79,97.47%,39.24%,6.33%,50.1,31,5,77,5,43,2,2.53%,54.43%,0,Đắk Nông,NTB,AM Duân
NTB - Đắk Nông,(DNO) Đông Gia Nghĩa,Hàng Tồn,2026-09-09 - Thứ 4,72,97.22%,44.44%,8.33%,50.84,32,6,70,6,34,2,2.78%,47.23%,0,Đắk Nông,NTB,AM Duân
NTB - Đắk Nông,(DNO) Đông Gia Nghĩa,Hàng Tồn,2026-09-01 - Thứ 3,72,95.83%,47.22%,2.78%,48.59,34,2,69,2,36,3,4.17%,50.00%,0,Đắk Nông,NTB,AM Duân
NTB - Đắk Nông,(DNO) Đông Gia Nghĩa,Hàng Tồn,2026-08-27 - Thứ 5,61,100.00%,57.38%,3.28%,55.97,35,2,61,2,24,0,0.00%,39.34%,0,Đắk Nông,NTB,AM Duân
NTB - Đắk Nông,(DNO) Đông Gia Nghĩa,Hàng Tồn,2026-09-05 - Thứ 7,79,98.73%,46.84%,6.33%,54.92,37,5,78,5,37,1,1.27%,46.83%,0,Đắk Nông,NTB,AM Duân
NTB - Đắk Nông,(DNO) Đông Gia Nghĩa,Hàng Tồn,2026-09-11 - Thứ 6,74,95.95%,50.00%,5.41%,65.73,37,4,71,4,33,3,4.05%,44.59%,0,Đắk Nông,NTB,AM Duân
NTB - Đắk Nông,(DNO) Đông Gia Nghĩa,Hàng Tồn,2026-08-20 - Thứ 5,81,92.59%,53.09%,2.47%,54.77,43,2,75,2,36,6,7.41%,44.44%,0,Đắk Nông,NTB,AM Duân
NTB - Đắk Nông,(DNO) Đông Gia Nghĩa,Hàng Tồn,2026-08-21 - Thứ 6,82,97.56%,56.10%,3.66%,52.67,46,3,80,3,33,2,2.44%,40.24%,0,Đắk Nông,NTB,AM Duân
NTB - Đắk Nông,(DNO) Đông Gia Nghĩa,Hàng Tồn,2026-09-08 - Thứ 3,99,91.92%,52.53%,7.07%,66.81,52,7,91,7,40,8,8.08%,40.40%,0,Đắk Nông,NTB,AM Duân
NTB - Đắk Nông,(DNO) Tuy Đức,Hàng Mới Ca 1,2026-09-12 - Thứ 7,49,36.73%,20.41%,0.00%,13.8,10,0,18,0,39,31,63.27%,79.59%,49,Đắk Nông,NTB,AM Nhung
NTB - Đắk Nông,(DNO) Tuy Đức,Hàng Mới Ca 1,2026-09-08 - Thứ 3,31,61.29%,38.71%,0.00%,24.58,12,0,19,0,19,12,38.71%,61.29%,31,Đắk Nông,NTB,AM Nhung
NTB - Đắk Nông,(DNO) Tuy Đức,Hàng Mới Ca 1,2026-09-05 - Thứ 7,62,61.29%,25.81%,0.00%,12.25,16,0,38,0,46,24,38.71%,74.19%,62,Đắk Nông,NTB,AM Nhung
NTB - Đắk Nông,(DNO) Tuy Đức,Hàng Mới Ca 1,2026-09-04 - Thứ 6,72,44.44%,31.94%,0.00%,12.39,23,0,32,0,49,40,55.56%,68.06%,72,Đắk Nông,NTB,AM Nhung
NTB - Đắk Nông,(DNO) Tuy Đức,Hàng Mới Ca 1,2026-08-31 - Thứ 2,57,66.67%,40.35%,0.00%,15.09,23,0,38,0,34,19,33.33%,59.65%,57,Đắk Nông,NTB,AM Nhung
NTB - Đắk Nông,(DNO) Tuy Đức,Hàng Mới Ca 1,2026-08-18 - Thứ 3,49,61.22%,48.98%,0.00%,17.04,24,0,30,0,25,19,38.78%,51.02%,49,Đắk Nông,NTB,AM Nhung
NTB - Đắk Nông,(DNO) Tuy Đức,Hàng Mới Ca 1,2026-09-13 - Chủ Nhật,67,68.66%,37.31%,0.00%,14.6,25,0,46,0,42,21,31.34%,62.69%,67,Đắk Nông,NTB,AM Nhung
NTB - Đắk Nông,(DNO) Tuy Đức,Hàng Mới Ca 1,2026-09-09 - Thứ 4,51,90.20%,50.98%,0.00%,13.31,26,0,46,0,25,5,9.80%,49.02%,51,Đắk Nông,NTB,AM Nhung
NTB - Đắk Nông,(DNO) Tuy Đức,Hàng Mới Ca 1,2026-08-23 - Chủ Nhật,66,65.15%,40.91%,0.00%,14.15,27,0,43,0,39,23,34.85%,59.09%,66,Đắk Nông,NTB,AM Nhung
NTB - Đắk Nông,(DNO) Tuy Đức,Hàng Mới Ca 1,2026-08-29 - Thứ 7,54,77.78%,51.85%,0.00%,16.57,28,0,42,0,26,12,22.22%,48.15%,54,Đắk Nông,NTB,AM Nhung
NTB - Đắk Nông,(DNO) Tuy Đức,Hàng Mới Ca 1,2026-08-27 - Thứ 5,50,88.00%,56.00%,0.00%,16.68,28,0,44,0,22,6,12.00%,44.00%,50,Đắk Nông,NTB,AM Nhung
NTB - Đắk Nông,(DNO) Tuy Đức,Hàng Mới Ca 1,2026-09-03 - Thứ 5,43,100.00%,65.12%,0.00%,14.79,28,0,43,0,15,0,0.00%,34.88%,43,Đắk Nông,NTB,AM Nhung
NTB - Đắk Nông,(DNO) Tuy Đức,Hàng Mới Ca 1,2026-09-06 - Chủ Nhật,88,68.18%,35.23%,0.00%,13.97,31,0,60,0,57,28,31.82%,64.77%,88,Đắk Nông,NTB,AM Nhung
NTB - Đắk Nông,(DNO) Tuy Đức,Hàng Mới Ca 1,2026-08-22 - Thứ 7,99,66.67%,31.31%,0.00%,11.87,31,0,66,0,68,33,33.33%,68.69%,99,Đắk Nông,NTB,AM Nhung
NTB - Đắk Nông,(DNO) Tuy Đức,Hàng Mới Ca 1,2026-09-01 - Thứ 3,46,86.96%,69.57%,0.00%,16.41,32,0,40,0,14,6,13.04%,30.43%,46,Đắk Nông,NTB,AM Nhung
NTB - Đắk Nông,(DNO) Tuy Đức,Hàng Mới Ca 1,2026-08-30 - Chủ Nhật,92,66.30%,36.96%,0.00%,18.44,34,0,61,0,58,31,33.70%,63.04%,92,Đắk Nông,NTB,AM Nhung
NTB - Đắk Nông,(DNO) Tuy Đức,Hàng Mới Ca 1,2026-08-25 - Thứ 3,55,74.55%,61.82%,0.00%,16.18,34,0,41,0,21,14,25.45%,38.18%,55,Đắk Nông,NTB,AM Nhung
NTB - Đắk Nông,(DNO) Tuy Đức,Hàng Mới Ca 1,2026-09-10 - Thứ 5,74,75.68%,47.30%,0.00%,15.14,35,0,56,0,39,18,24.32%,52.70%,74,Đắk Nông,NTB,AM Nhung
NTB - Đắk Nông,(DNO) Tuy Đức,Hàng Mới Ca 1,2026-09-11 - Thứ 6,77,77.92%,45.45%,0.00%,15.71,35,0,60,0,42,17,22.08%,54.55%,77,Đắk Nông,NTB,AM Nhung
NTB - Đắk Nông,(DNO) Tuy Đức,Hàng Mới Ca 1,2026-08-17 - Thứ 2,68,75.00%,54.41%,0.00%,12.84,37,0,51,0,31,17,25.00%,45.59%,68,Đắk Nông,NTB,AM Nhung
NTB - Đắk Nông,(DNO) Tuy Đức,Hàng Mới Ca 1,2026-09-07 - Thứ 2,108,74.07%,34.26%,0.00%,15.62,37,0,80,0,71,28,25.93%,65.74%,108,Đắk Nông,NTB,AM Nhung
NTB - Đắk Nông,(DNO) Tuy Đức,Hàng Mới Ca 1,2026-08-24 - Thứ 2,70,91.43%,62.86%,0.00%,15.95,44,0,64,0,26,6,8.57%,37.14%,70,Đắk Nông,NTB,AM Nhung
NTB - Đắk Nông,(DNO) Tuy Đức,Hàng Mới Ca 1,2026-08-28 - Thứ 6,115,62.61%,39.13%,0.00%,15.27,45,0,72,0,70,43,37.39%,60.87%,115,Đắk Nông,NTB,AM Nhung
NTB - Đắk Nông,(DNO) Tuy Đức,Hàng Mới Ca 1,2026-08-26 - Thứ 4,72,87.50%,66.67%,0.00%,13.56,48,0,63,0,24,9,12.50%,33.33%,72,Đắk Nông,NTB,AM Nhung
NTB - Đắk Nông,(DNO) Tuy Đức,Hàng Mới Ca 1,2026-09-02 - Thứ 4,90,82.22%,56.67%,0.00%,16.41,51,0,74,0,39,16,17.78%,43.33%,90,Đắk Nông,NTB,AM Nhung
NTB - Đắk Nông,(DNO) Tuy Đức,Hàng Mới Ca 1,2026-08-21 - Thứ 6,77,83.12%,67.53%,0.00%,13.1,52,0,64,0,25,13,16.88%,32.47%,77,Đắk Nông,NTB,AM Nhung
NTB - Đắk Nông,(DNO) Tuy Đức,Hàng Mới Ca 1,2026-08-19 - Thứ 4,104,74.04%,50.96%,0.00%,17.38,53,0,77,0,51,27,25.96%,49.04%,104,Đắk Nông,NTB,AM Nhung
NTB - Đắk Nông,(DNO) Tuy Đức,Hàng Mới Ca 1,2026-08-20 - Thứ 5,89,88.76%,73.03%,0.00%,17.17,65,0,79,0,24,10,11.24%,26.97%,89,Đắk Nông,NTB,AM Nhung
NTB - Đắk Nông,(DNO) Tuy Đức,Hàng Mới Ca 2,2026-09-08 - Thứ 3,44,9.09%,6.82%,0.00%,2,3,0,4,0,41,40,90.91%,93.18%,44,Đắk Nông,NTB,AM Nhung
NTB - Đắk Nông,(DNO) Tuy Đức,Hàng Tồn,2026-09-09 - Thứ 4,149,79.87%,44.97%,2.68%,62.31,67,4,119,4,78,30,20.13%,52.35%,0,Đắk Nông,NTB,AM Nhung
NTB - Đắk Nông,(DNO) Tuy Đức,Hàng Tồn,2026-09-04 - Thứ 6,47,57.45%,10.64%,12.77%,58.4,5,6,27,6,36,20,42.55%,76.59%,0,Đắk Nông,NTB,AM Nhung
NTB - Đắk Nông,(DNO) Tuy Đức,Hàng Tồn,2026-08-18 - Thứ 3,81,39.51%,11.11%,6.17%,46.44,9,5,32,5,67,49,60.49%,82.72%,0,Đắk Nông,NTB,AM Nhung
NTB - Đắk Nông,(DNO) Tuy Đức,Hàng Tồn,2026-08-26 - Thứ 4,52,50.00%,25.00%,5.77%,55.54,13,3,26,3,36,26,50.00%,69.23%,0,Đắk Nông,NTB,AM Nhung
NTB - Đắk Nông,(DNO) Tuy Đức,Hàng Tồn,2026-08-22 - Thứ 7,66,71.21%,19.70%,3.03%,96,13,2,47,2,51,19,28.79%,77.27%,0,Đắk Nông,NTB,AM Nhung
NTB - Đắk Nông,(DNO) Tuy Đức,Hàng Tồn,2026-08-17 - Thứ 2,75,64.00%,22.67%,6.67%,51.24,17,5,48,5,53,27,36.00%,70.66%,0,Đắk Nông,NTB,AM Nhung
NTB - Đắk Nông,(DNO) Tuy Đức,Hàng Tồn,2026-08-19 - Thứ 4,90,52.22%,20.00%,6.67%,62,18,6,47,6,66,43,47.78%,73.33%,0,Đắk Nông,NTB,AM Nhung
NTB - Đắk Nông,(DNO) Tuy Đức,Hàng Tồn,2026-08-28 - Thứ 6,54,72.22%,33.33%,9.26%,53.06,18,5,39,5,31,15,27.78%,57.41%,0,Đắk Nông,NTB,AM Nhung
NTB - Đắk Nông,(DNO) Tuy Đức,Hàng Tồn,2026-08-27 - Thứ 5,57,91.23%,33.33%,5.26%,50.53,19,3,52,3,35,5,8.77%,61.41%,0,Đắk Nông,NTB,AM Nhung
NTB - Đắk Nông,(DNO) Tuy Đức,Hàng Tồn,2026-08-31 - Thứ 2,100,78.00%,22.00%,7.00%,52.45,22,7,78,7,71,22,22.00%,71.00%,0,Đắk Nông,NTB,AM Nhung
NTB - Đắk Nông,(DNO) Tuy Đức,Hàng Tồn,2026-09-05 - Thứ 7,84,67.86%,26.19%,8.33%,55.05,22,7,57,7,55,27,32.14%,65.48%,0,Đắk Nông,NTB,AM Nhung
NTB - Đắk Nông,(DNO) Tuy Đức,Hàng Tồn,2026-09-06 - Chủ Nhật,100,58.00%,24.00%,7.00%,50.83,24,7,58,7,69,42,42.00%,69.00%,0,Đắk Nông,NTB,AM Nhung
NTB - Đắk Nông,(DNO) Tuy Đức,Hàng Tồn,2026-09-02 - Thứ 4,70,94.29%,34.29%,12.86%,76.75,24,9,66,9,37,4,5.71%,52.85%,0,Đắk Nông,NTB,AM Nhung
NTB - Đắk Nông,(DNO) Tuy Đức,Hàng Tồn,2026-09-12 - Thứ 7,89,67.42%,30.34%,8.99%,54.89,27,8,60,8,54,29,32.58%,60.67%,0,Đắk Nông,NTB,AM Nhung
NTB - Đắk Nông,(DNO) Tuy Đức,Hàng Tồn,2026-09-10 - Thứ 5,98,80.61%,29.59%,8.16%,64.93,29,8,79,8,61,19,19.39%,62.25%,0,Đắk Nông,NTB,AM Nhung
NTB - Đắk Nông,(DNO) Tuy Đức,Hàng Tồn,2026-09-13 - Chủ Nhật,93,70.97%,31.18%,5.38%,55.34,29,5,66,5,59,27,29.03%,63.44%,0,Đắk Nông,NTB,AM Nhung
NTB - Đắk Nông,(DNO) Tuy Đức,Hàng Tồn,2026-08-30 - Chủ Nhật,78,88.46%,39.74%,1.28%,59.35,31,1,69,1,46,9,11.54%,58.98%,0,Đắk Nông,NTB,AM Nhung
NTB - Đắk Nông,(DNO) Tuy Đức,Hàng Tồn,2026-08-25 - Thứ 3,67,83.58%,47.76%,2.99%,68.88,32,2,56,2,33,11,16.42%,49.25%,0,Đắk Nông,NTB,AM Nhung
NTB - Đắk Nông,(DNO) Tuy Đức,Hàng Tồn,2026-08-21 - Thứ 6,79,91.14%,41.77%,5.06%,79.61,33,4,72,4,42,7,8.86%,53.17%,0,Đắk Nông,NTB,AM Nhung
NTB - Đắk Nông,(DNO) Tuy Đức,Hàng Tồn,2026-09-03 - Thứ 5,73,98.63%,45.21%,12.33%,58.15,33,9,72,9,31,1,1.37%,42.46%,0,Đắk Nông,NTB,AM Nhung
NTB - Đắk Nông,(DNO) Tuy Đức,Hàng Tồn,2026-09-07 - Thứ 2,125,64.80%,29.60%,2.40%,66.38,37,3,81,3,85,44,35.20%,68.00%,0,Đắk Nông,NTB,AM Nhung
NTB - Đắk Nông,(DNO) Tuy Đức,Hàng Tồn,2026-08-24 - Thứ 2,86,75.58%,43.02%,6.98%,48.76,37,6,65,6,43,21,24.42%,50.00%,0,Đắk Nông,NTB,AM Nhung
NTB - Đắk Nông,(DNO) Tuy Đức,Hàng Tồn,2026-09-01 - Thứ 3,99,80.81%,37.37%,1.01%,53.14,37,1,80,1,61,19,19.19%,61.62%,0,Đắk Nông,NTB,AM Nhung
NTB - Đắk Nông,(DNO) Tuy Đức,Hàng Tồn,2026-09-11 - Thứ 6,99,92.93%,40.40%,9.09%,69.93,40,9,92,9,50,7,7.07%,50.51%,0,Đắk Nông,NTB,AM Nhung
NTB - Đắk Nông,(DNO) Tuy Đức,Hàng Tồn,2026-08-29 - Thứ 7,101,82.18%,43.56%,4.95%,54.39,44,5,83,5,52,18,17.82%,51.49%,0,Đắk Nông,NTB,AM Nhung
NTB - Đắk Nông,(DNO) Tuy Đức,Hàng Tồn,2026-08-20 - Thứ 5,115,72.17%,42.61%,6.09%,70.16,49,7,83,7,59,32,27.83%,51.30%,0,Đắk Nông,NTB,AM Nhung
NTB - Đắk Nông,(DNO) Tuy Đức,Hàng Tồn,2026-09-08 - Thứ 3,154,81.82%,35.71%,3.90%,55.25,55,6,126,6,93,28,18.18%,60.39%,0,Đắk Nông,NTB,AM Nhung
NTB - Đắk Nông,(DNO) Tuy Đức,Hàng Tồn,2026-08-23 - Chủ Nhật,119,71.43%,52.10%,6.72%,52.76,62,8,85,8,49,34,28.57%,41.18%,0,Đắk Nông,NTB,AM Nhung
NTB - Đắk Nông,(DNO) Trường Xuân,Hàng Mới Ca 1,2026-08-20 - Thứ 5,98,100.00%,75.51%,0.00%,5.84,74,0,98,0,24,0,0.00%,24.49%,98,Đắk Nông,NTB,AM Nhung
NTB - Đắk Nông,(DNO) Trường Xuân,Hàng Mới Ca 1,2026-09-01 - Thứ 3,58,67.24%,39.66%,0.00%,3.78,23,0,39,0,35,19,32.76%,60.34%,58,Đắk Nông,NTB,AM Nhung
NTB - Đắk Nông,(DNO) Trường Xuân,Hàng Mới Ca 1,2026-08-25 - Thứ 3,49,75.51%,53.06%,0.00%,4.04,26,0,37,0,23,12,24.49%,46.94%,49,Đắk Nông,NTB,AM Nhung
NTB - Đắk Nông,(DNO) Trường Xuân,Hàng Mới Ca 1,2026-09-03 - Thứ 5,37,100.00%,81.08%,0.00%,5.17,30,0,37,0,7,0,0.00%,18.92%,37,Đắk Nông,NTB,AM Nhung
NTB - Đắk Nông,(DNO) Trường Xuân,Hàng Mới Ca 1,2026-09-08 - Thứ 3,57,100.00%,56.14%,0.00%,5.28,32,0,57,0,25,0,0.00%,43.86%,57,Đắk Nông,NTB,AM Nhung
NTB - Đắk Nông,(DNO) Trường Xuân,Hàng Mới Ca 1,2026-09-13 - Chủ Nhật,45,100.00%,71.11%,0.00%,5.94,32,0,45,0,13,0,0.00%,28.89%,45,Đắk Nông,NTB,AM Nhung
NTB - Đắk Nông,(DNO) Trường Xuân,Hàng Mới Ca 1,2026-09-11 - Thứ 6,45,100.00%,71.11%,0.00%,6.56,32,0,45,0,13,0,0.00%,28.89%,45,Đắk Nông,NTB,AM Nhung
NTB - Đắk Nông,(DNO) Trường Xuân,Hàng Mới Ca 1,2026-08-29 - Thứ 7,47,100.00%,70.21%,0.00%,6.39,33,0,47,0,14,0,0.00%,29.79%,47,Đắk Nông,NTB,AM Nhung
NTB - Đắk Nông,(DNO) Trường Xuân,Hàng Mới Ca 1,2026-08-21 - Thứ 6,59,100.00%,55.93%,0.00%,6.39,33,0,59,0,26,0,0.00%,44.07%,59,Đắk Nông,NTB,AM Nhung
NTB - Đắk Nông,(DNO) Trường Xuân,Hàng Mới Ca 1,2026-09-09 - Thứ 4,57,100.00%,63.16%,0.00%,5.31,36,0,57,0,21,0,0.00%,36.84%,57,Đắk Nông,NTB,AM Nhung
NTB - Đắk Nông,(DNO) Trường Xuân,Hàng Mới Ca 1,2026-08-18 - Thứ 3,53,100.00%,69.81%,0.00%,5.14,37,0,53,0,16,0,0.00%,30.19%,53,Đắk Nông,NTB,AM Nhung
NTB - Đắk Nông,(DNO) Trường Xuân,Hàng Mới Ca 1,2026-08-24 - Thứ 2,52,100.00%,71.15%,0.00%,6.62,37,0,52,0,15,0,0.00%,28.85%,52,Đắk Nông,NTB,AM Nhung
NTB - Đắk Nông,(DNO) Trường Xuân,Hàng Mới Ca 1,2026-08-26 - Thứ 4,53,100.00%,73.58%,0.00%,5.46,39,0,53,0,14,0,0.00%,26.42%,53,Đắk Nông,NTB,AM Nhung
NTB - Đắk Nông,(DNO) Trường Xuân,Hàng Mới Ca 1,2026-08-19 - Thứ 4,87,87.36%,45.98%,0.00%,3.63,40,0,76,0,47,11,12.64%,54.02%,87,Đắk Nông,NTB,AM Nhung
NTB - Đắk Nông,(DNO) Trường Xuân,Hàng Mới Ca 1,2026-09-02 - Thứ 4,52,100.00%,80.77%,0.00%,6.5,42,0,52,0,10,0,0.00%,19.23%,52,Đắk Nông,NTB,AM Nhung
NTB - Đắk Nông,(DNO) Trường Xuân,Hàng Mới Ca 1,2026-09-05 - Thứ 7,51,100.00%,82.35%,0.00%,5.9,42,0,51,0,9,0,0.00%,17.65%,51,Đắk Nông,NTB,AM Nhung
NTB - Đắk Nông,(DNO) Trường Xuân,Hàng Mới Ca 1,2026-08-22 - Thứ 7,56,100.00%,75.00%,0.00%,6.17,42,0,56,0,14,0,0.00%,25.00%,56,Đắk Nông,NTB,AM Nhung
NTB - Đắk Nông,(DNO) Trường Xuân,Hàng Mới Ca 1,2026-08-17 - Thứ 2,54,100.00%,79.63%,0.00%,5.88,43,0,54,0,11,0,0.00%,20.37%,54,Đắk Nông,NTB,AM Nhung
NTB - Đắk Nông,(DNO) Trường Xuân,Hàng Mới Ca 1,2026-08-28 - Thứ 6,70,100.00%,65.71%,0.00%,7.02,46,0,70,0,24,0,0.00%,34.29%,70,Đắk Nông,NTB,AM Nhung
NTB - Đắk Nông,(DNO) Trường Xuân,Hàng Mới Ca 1,2026-09-04 - Thứ 6,72,100.00%,65.28%,0.00%,5.7,47,0,72,0,25,0,0.00%,34.72%,72,Đắk Nông,NTB,AM Nhung
NTB - Đắk Nông,(DNO) Trường Xuân,Hàng Mới Ca 1,2026-08-31 - Thứ 2,90,100.00%,54.44%,0.00%,5.76,49,0,90,0,41,0,0.00%,45.56%,90,Đắk Nông,NTB,AM Nhung
NTB - Đắk Nông,(DNO) Trường Xuân,Hàng Mới Ca 1,2026-09-10 - Thứ 5,97,100.00%,52.58%,0.00%,6.75,51,0,97,0,46,0,0.00%,47.42%,97,Đắk Nông,NTB,AM Nhung
NTB - Đắk Nông,(DNO) Trường Xuân,Hàng Mới Ca 1,2026-08-23 - Chủ Nhật,69,100.00%,73.91%,0.00%,5.45,51,0,69,0,18,0,0.00%,26.09%,69,Đắk Nông,NTB,AM Nhung
NTB - Đắk Nông,(DNO) Trường Xuân,Hàng Mới Ca 1,2026-09-12 - Thứ 7,75,98.67%,74.67%,0.00%,6.23,56,0,74,0,19,1,1.33%,25.33%,75,Đắk Nông,NTB,AM Nhung
NTB - Đắk Nông,(DNO) Trường Xuân,Hàng Mới Ca 1,2026-08-27 - Thứ 5,77,100.00%,77.92%,0.00%,7.03,60,0,77,0,17,0,0.00%,22.08%,77,Đắk Nông,NTB,AM Nhung
NTB - Đắk Nông,(DNO) Trường Xuân,Hàng Mới Ca 1,2026-08-30 - Chủ Nhật,71,98.59%,85.92%,0.00%,4.92,61,0,70,0,10,1,1.41%,14.08%,71,Đắk Nông,NTB,AM Nhung
NTB - Đắk Nông,(DNO) Trường Xuân,Hàng Mới Ca 1,2026-09-06 - Chủ Nhật,84,97.62%,72.62%,0.00%,5.28,61,0,82,0,23,2,2.38%,27.38%,84,Đắk Nông,NTB,AM Nhung
NTB - Đắk Nông,(DNO) Trường Xuân,Hàng Mới Ca 1,2026-09-07 - Thứ 2,75,100.00%,82.67%,0.00%,5.98,62,0,75,0,13,0,0.00%,17.33%,75,Đắk Nông,NTB,AM Nhung
NTB - Đắk Nông,(DNO) Trường Xuân,Hàng Tồn,2026-08-19 - Thứ 4,25,100.00%,4.00%,4.00%,28,1,1,25,1,23,0,0.00%,92.00%,0,Đắk Nông,NTB,AM Nhung
NTB - Đắk Nông,(DNO) Trường Xuân,Hàng Tồn,2026-09-04 - Thứ 6,23,100.00%,17.39%,17.39%,56.75,4,4,23,4,15,0,0.00%,65.22%,0,Đắk Nông,NTB,AM Nhung
NTB - Đắk Nông,(DNO) Trường Xuân,Hàng Tồn,2026-08-31 - Thứ 2,21,100.00%,19.05%,19.05%,41.25,4,4,21,4,13,0,0.00%,61.90%,0,Đắk Nông,NTB,AM Nhung
NTB - Đắk Nông,(DNO) Trường Xuân,Hàng Tồn,2026-09-06 - Chủ Nhật,24,100.00%,20.83%,16.67%,52.8,5,4,24,4,15,0,0.00%,62.50%,0,Đắk Nông,NTB,AM Nhung
NTB - Đắk Nông,(DNO) Trường Xuân,Hàng Tồn,2026-08-25 - Thứ 3,32,78.13%,21.88%,3.13%,32.29,7,1,25,1,24,7,21.87%,74.99%,0,Đắk Nông,NTB,AM Nhung
NTB - Đắk Nông,(DNO) Trường Xuân,Hàng Tồn,2026-08-28 - Thứ 6,28,100.00%,28.57%,14.29%,47.75,8,4,28,4,16,0,0.00%,57.14%,0,Đắk Nông,NTB,AM Nhung
NTB - Đắk Nông,(DNO) Trường Xuân,Hàng Tồn,2026-09-13 - Chủ Nhật,27,100.00%,29.63%,3.70%,53.88,8,1,27,1,18,0,0.00%,66.67%,0,Đắk Nông,NTB,AM Nhung
NTB - Đắk Nông,(DNO) Trường Xuân,Hàng Tồn,2026-08-17 - Thứ 2,24,100.00%,37.50%,20.83%,30.11,9,5,24,5,10,0,0.00%,41.67%,0,Đắk Nông,NTB,AM Nhung
NTB - Đắk Nông,(DNO) Trường Xuân,Hàng Tồn,2026-09-08 - Thứ 3,30,100.00%,33.33%,6.67%,48,10,2,30,2,18,0,0.00%,60.00%,0,Đắk Nông,NTB,AM Nhung
NTB - Đắk Nông,(DNO) Trường Xuân,Hàng Tồn,2026-08-18 - Thứ 3,21,100.00%,47.62%,9.52%,43.6,10,2,21,2,9,0,0.00%,42.86%,0,Đắk Nông,NTB,AM Nhung
NTB - Đắk Nông,(DNO) Trường Xuân,Hàng Tồn,2026-08-24 - Thứ 2,36,100.00%,27.78%,16.67%,33.5,10,6,36,6,20,0,0.00%,55.55%,0,Đắk Nông,NTB,AM Nhung
NTB - Đắk Nông,(DNO) Trường Xuân,Hàng Tồn,2026-08-23 - Chủ Nhật,36,97.22%,30.56%,11.11%,40.91,11,4,35,4,21,1,2.78%,58.33%,0,Đắk Nông,NTB,AM Nhung
NTB - Đắk Nông,(DNO) Trường Xuân,Hàng Tồn,2026-09-03 - Thứ 5,30,100.00%,36.67%,10.00%,48.91,11,3,30,3,16,0,0.00%,53.33%,0,Đắk Nông,NTB,AM Nhung
NTB - Đắk Nông,(DNO) Trường Xuân,Hàng Tồn,2026-08-21 - Thứ 6,45,100.00%,28.89%,13.33%,43.31,13,6,45,6,26,0,0.00%,57.78%,0,Đắk Nông,NTB,AM Nhung
NTB - Đắk Nông,(DNO) Trường Xuân,Hàng Tồn,2026-08-30 - Chủ Nhật,36,97.22%,41.67%,11.11%,43.67,15,4,35,4,17,1,2.78%,47.22%,0,Đắk Nông,NTB,AM Nhung
NTB - Đắk Nông,(DNO) Trường Xuân,Hàng Tồn,2026-09-09 - Thứ 4,42,100.00%,35.71%,7.14%,30.73,15,3,42,3,24,0,0.00%,57.15%,0,Đắk Nông,NTB,AM Nhung
NTB - Đắk Nông,(DNO) Trường Xuân,Hàng Tồn,2026-09-10 - Thứ 5,45,97.78%,33.33%,13.33%,34.87,15,6,44,6,24,1,2.22%,53.34%,0,Đắk Nông,NTB,AM Nhung
NTB - Đắk Nông,(DNO) Trường Xuân,Hàng Tồn,2026-09-07 - Thứ 2,36,100.00%,41.67%,5.56%,35.33,15,2,36,2,19,0,0.00%,52.77%,0,Đắk Nông,NTB,AM Nhung
NTB - Đắk Nông,(DNO) Trường Xuân,Hàng Tồn,2026-09-12 - Thứ 7,34,100.00%,47.06%,20.59%,40.13,16,7,34,7,11,0,0.00%,32.35%,0,Đắk Nông,NTB,AM Nhung
NTB - Đắk Nông,(DNO) Trường Xuân,Hàng Tồn,2026-08-29 - Thứ 7,40,100.00%,42.50%,0.00%,38.06,17,0,40,0,23,0,0.00%,57.50%,0,Đắk Nông,NTB,AM Nhung
NTB - Đắk Nông,(DNO) Trường Xuân,Hàng Tồn,2026-09-05 - Thứ 7,40,100.00%,45.00%,10.00%,35.39,18,4,40,4,18,0,0.00%,45.00%,0,Đắk Nông,NTB,AM Nhung
NTB - Đắk Nông,(DNO) Trường Xuân,Hàng Tồn,2026-08-26 - Thứ 4,44,97.73%,40.91%,11.36%,37.06,18,5,43,5,21,1,2.27%,47.73%,0,Đắk Nông,NTB,AM Nhung
NTB - Đắk Nông,(DNO) Trường Xuân,Hàng Tồn,2026-08-27 - Thứ 5,35,100.00%,60.00%,2.86%,48.9,21,1,35,1,13,0,0.00%,37.14%,0,Đắk Nông,NTB,AM Nhung
NTB - Đắk Nông,(DNO) Trường Xuân,Hàng Tồn,2026-09-01 - Thứ 3,54,51.85%,38.89%,0.00%,32.38,21,0,28,0,33,26,48.15%,61.11%,0,Đắk Nông,NTB,AM Nhung
NTB - Đắk Nông,(DNO) Trường Xuân,Hàng Tồn,2026-08-22 - Thứ 7,50,100.00%,50.00%,2.00%,42.28,25,1,50,1,24,0,0.00%,48.00%,0,Đắk Nông,NTB,AM Nhung
NTB - Đắk Nông,(DNO) Trường Xuân,Hàng Tồn,2026-09-11 - Thứ 6,66,93.94%,63.64%,4.55%,37.33,42,3,62,3,21,4,6.06%,31.81%,0,Đắk Nông,NTB,AM Nhung
NTB - Đắk Nông,(DNO) Trường Xuân,Hàng Tồn,2026-08-20 - Thứ 5,67,100.00%,65.67%,0.00%,36.52,44,0,67,0,23,0,0.00%,34.33%,0,Đắk Nông,NTB,AM Nhung
NTB - Đắk Nông,(DNO) Trường Xuân,Hàng Tồn,2026-09-02 - Thứ 4,68,100.00%,64.71%,4.41%,36.93,44,3,68,3,21,0,0.00%,30.88%,0,Đắk Nông,NTB,AM Nhung
NTB - Đắk Nông,(DNO) Quảng Tín,Hàng Mới Ca 1,2026-08-27 - Thứ 5,105,11.43%,11.43%,0.00%,8.67,12,0,12,0,93,93,88.57%,88.57%,105,Đắk Nông,NTB,AM Linh
NTB - Đắk Nông,(DNO) Quảng Tín,Hàng Mới Ca 1,2026-08-23 - Chủ Nhật,76,23.68%,19.74%,0.00%,12.93,15,0,18,0,61,58,76.32%,80.26%,76,Đắk Nông,NTB,AM Linh
NTB - Đắk Nông,(DNO) Quảng Tín,Hàng Mới Ca 1,2026-08-25 - Thứ 3,77,23.38%,22.08%,0.00%,24.18,17,0,18,0,60,59,76.62%,77.92%,77,Đắk Nông,NTB,AM Linh
NTB - Đắk Nông,(DNO) Quảng Tín,Hàng Mới Ca 1,2026-08-21 - Thứ 6,85,20.00%,20.00%,0.00%,15.29,17,0,17,0,68,68,80.00%,80.00%,85,Đắk Nông,NTB,AM Linh
NTB - Đắk Nông,(DNO) Quảng Tín,Hàng Mới Ca 1,2026-09-04 - Thứ 6,65,41.54%,30.77%,0.00%,12.25,20,0,27,0,45,38,58.46%,69.23%,65,Đắk Nông,NTB,AM Linh
NTB - Đắk Nông,(DNO) Quảng Tín,Hàng Mới Ca 1,2026-08-18 - Thứ 3,63,36.51%,31.75%,0.00%,16.4,20,0,23,0,43,40,63.49%,68.25%,63,Đắk Nông,NTB,AM Linh
NTB - Đắk Nông,(DNO) Quảng Tín,Hàng Mới Ca 1,2026-09-01 - Thứ 3,80,32.50%,27.50%,0.00%,14.41,22,0,26,0,58,54,67.50%,72.50%,80,Đắk Nông,NTB,AM Linh
NTB - Đắk Nông,(DNO) Quảng Tín,Hàng Mới Ca 1,2026-08-19 - Thứ 4,145,16.55%,15.86%,0.00%,21.57,23,0,24,0,122,121,83.45%,84.14%,145,Đắk Nông,NTB,AM Linh
NTB - Đắk Nông,(DNO) Quảng Tín,Hàng Mới Ca 1,2026-08-29 - Thứ 7,120,33.33%,20.00%,0.00%,9.5,24,0,40,0,96,80,66.67%,80.00%,120,Đắk Nông,NTB,AM Linh
NTB - Đắk Nông,(DNO) Quảng Tín,Hàng Mới Ca 1,2026-09-02 - Thứ 4,88,35.23%,28.41%,0.00%,17.6,25,0,31,0,63,57,64.77%,71.59%,88,Đắk Nông,NTB,AM Linh
NTB - Đắk Nông,(DNO) Quảng Tín,Hàng Mới Ca 1,2026-08-17 - Thứ 2,90,30.00%,30.00%,0.00%,13.78,27,0,27,0,63,63,70.00%,70.00%,90,Đắk Nông,NTB,AM Linh
NTB - Đắk Nông,(DNO) Quảng Tín,Hàng Mới Ca 1,2026-08-24 - Thứ 2,113,27.43%,23.89%,0.00%,12.07,27,0,31,0,86,82,72.57%,76.11%,113,Đắk Nông,NTB,AM Linh
NTB - Đắk Nông,(DNO) Quảng Tín,Hàng Mới Ca 1,2026-08-31 - Thứ 2,97,36.08%,28.87%,0.00%,13.25,28,0,35,0,69,62,63.92%,71.13%,97,Đắk Nông,NTB,AM Linh
NTB - Đắk Nông,(DNO) Quảng Tín,Hàng Mới Ca 1,2026-08-20 - Thứ 5,114,29.82%,25.44%,0.00%,14.1,29,0,34,0,85,80,70.18%,74.56%,114,Đắk Nông,NTB,AM Linh
NTB - Đắk Nông,(DNO) Quảng Tín,Hàng Mới Ca 1,2026-08-22 - Thứ 7,126,27.78%,23.02%,0.00%,20.79,29,0,35,0,97,91,72.22%,76.98%,126,Đắk Nông,NTB,AM Linh
NTB - Đắk Nông,(DNO) Quảng Tín,Hàng Mới Ca 1,2026-08-30 - Chủ Nhật,98,33.67%,31.63%,0.00%,20.45,31,0,33,0,67,65,66.33%,68.37%,98,Đắk Nông,NTB,AM Linh
NTB - Đắk Nông,(DNO) Quảng Tín,Hàng Mới Ca 1,2026-09-05 - Thứ 7,78,50.00%,39.74%,0.00%,12.48,31,0,39,0,47,39,50.00%,60.26%,78,Đắk Nông,NTB,AM Linh
NTB - Đắk Nông,(DNO) Quảng Tín,Hàng Mới Ca 1,2026-08-26 - Thứ 4,77,50.65%,44.16%,0.00%,14.68,34,0,39,0,43,38,49.35%,55.84%,77,Đắk Nông,NTB,AM Linh
NTB - Đắk Nông,(DNO) Quảng Tín,Hàng Mới Ca 1,2026-09-09 - Thứ 4,78,57.69%,44.87%,1.28%,14.74,35,1,45,1,42,33,42.31%,53.85%,78,Đắk Nông,NTB,AM Linh
NTB - Đắk Nông,(DNO) Quảng Tín,Hàng Mới Ca 1,2026-09-03 - Thứ 5,70,64.29%,54.29%,0.00%,13.71,38,0,45,0,32,25,35.71%,45.71%,70,Đắk Nông,NTB,AM Linh
NTB - Đắk Nông,(DNO) Quảng Tín,Hàng Mới Ca 1,2026-09-12 - Thứ 7,74,62.16%,52.70%,0.00%,11.49,39,0,46,0,35,28,37.84%,47.30%,74,Đắk Nông,NTB,AM Linh
NTB - Đắk Nông,(DNO) Quảng Tín,Hàng Mới Ca 1,2026-09-08 - Thứ 3,95,50.53%,42.11%,0.00%,12.95,40,0,48,0,55,47,49.47%,57.89%,95,Đắk Nông,NTB,AM Linh
NTB - Đắk Nông,(DNO) Quảng Tín,Hàng Mới Ca 1,2026-08-28 - Thứ 6,141,36.88%,30.50%,0.00%,20.95,43,0,52,0,98,89,63.12%,69.50%,141,Đắk Nông,NTB,AM Linh
NTB - Đắk Nông,(DNO) Quảng Tín,Hàng Mới Ca 1,2026-09-10 - Thứ 5,104,51.92%,43.27%,0.00%,12.31,45,0,54,0,59,50,48.08%,56.73%,104,Đắk Nông,NTB,AM Linh
NTB - Đắk Nông,(DNO) Quảng Tín,Hàng Mới Ca 1,2026-09-06 - Chủ Nhật,122,50.00%,40.16%,0.00%,12.86,49,0,61,0,73,61,50.00%,59.84%,122,Đắk Nông,NTB,AM Linh
NTB - Đắk Nông,(DNO) Quảng Tín,Hàng Mới Ca 1,2026-09-07 - Thứ 2,126,49.21%,41.27%,0.00%,10.19,52,0,62,0,74,64,50.79%,58.73%,126,Đắk Nông,NTB,AM Linh
NTB - Đắk Nông,(DNO) Quảng Tín,Hàng Mới Ca 1,2026-09-11 - Thứ 6,115,53.91%,48.70%,0.00%,11.38,56,0,62,0,59,53,46.09%,51.30%,115,Đắk Nông,NTB,AM Linh
NTB - Đắk Nông,(DNO) Quảng Tín,Hàng Mới Ca 1,2026-09-13 - Chủ Nhật,105,62.86%,59.05%,0.00%,12.5,62,0,66,0,43,39,37.14%,40.95%,105,Đắk Nông,NTB,AM Linh
NTB - Đắk Nông,(DNO) Quảng Tín,Hàng Mới Ca 2,2026-08-31 - Thứ 2,1,0.00%,0.00%,0.00%,,0,0,0,0,1,1,100.00%,100.00%,1,Đắk Nông,NTB,AM Linh
NTB - Đắk Nông,(DNO) Quảng Tín,Hàng Mới Ca 2,2026-08-29 - Thứ 7,1,100.00%,100.00%,0.00%,0,1,0,1,0,0,0,0.00%,0.00%,1,Đắk Nông,NTB,AM Linh
NTB - Đắk Nông,(DNO) Quảng Tín,Hàng Mới Ca 2,2026-09-05 - Thứ 7,2,100.00%,50.00%,50.00%,1,1,1,2,1,0,0,0.00%,0.00%,2,Đắk Nông,NTB,AM Linh
NTB - Đắk Nông,(DNO) Quảng Tín,Hàng Mới Ca 2,2026-08-22 - Thứ 7,1,100.00%,100.00%,0.00%,2,1,0,1,0,0,0,0.00%,0.00%,1,Đắk Nông,NTB,AM Linh
NTB - Đắk Nông,(DNO) Quảng Tín,Hàng Mới Ca 2,2026-08-24 - Thứ 2,1,100.00%,100.00%,0.00%,2,1,0,1,0,0,0,0.00%,0.00%,1,Đắk Nông,NTB,AM Linh
NTB - Đắk Nông,(DNO) Quảng Tín,Hàng Tồn,2026-08-30 - Chủ Nhật,381,40.68%,28.61%,1.57%,78.4,109,6,155,6,266,226,59.32%,69.82%,0,Đắk Nông,NTB,AM Linh
NTB - Đắk Nông,(DNO) Quảng Tín,Hàng Tồn,2026-08-25 - Thứ 3,477,35.43%,22.43%,0.84%,115.98,107,4,169,4,366,308,64.57%,76.73%,0,Đắk Nông,NTB,AM Linh
NTB - Đắk Nông,(DNO) Quảng Tín,Hàng Tồn,2026-08-24 - Thứ 2,501,33.13%,19.96%,1.20%,109.02,100,6,166,6,395,335,66.87%,78.84%,0,Đắk Nông,NTB,AM Linh
NTB - Đắk Nông,(DNO) Quảng Tín,Hàng Tồn,2026-08-21 - Thứ 6,580,0.86%,0.34%,0.34%,54,2,2,5,2,576,575,99.14%,99.32%,0,Đắk Nông,NTB,AM Linh
NTB - Đắk Nông,(DNO) Quảng Tín,Hàng Tồn,2026-08-19 - Thứ 4,440,3.18%,1.82%,0.45%,91.75,8,2,14,2,430,426,96.82%,97.73%,0,Đắk Nông,NTB,AM Linh
NTB - Đắk Nông,(DNO) Quảng Tín,Hàng Tồn,2026-08-18 - Thứ 3,473,2.96%,1.69%,0.21%,70.5,8,1,14,1,464,459,97.04%,98.10%,0,Đắk Nông,NTB,AM Linh
NTB - Đắk Nông,(DNO) Quảng Tín,Hàng Tồn,2026-09-08 - Thứ 3,244,31.15%,5.74%,10.66%,50.43,14,26,76,26,204,168,68.85%,83.60%,0,Đắk Nông,NTB,AM Linh
NTB - Đắk Nông,(DNO) Quảng Tín,Hàng Tồn,2026-09-04 - Thứ 6,281,48.75%,5.34%,18.51%,111.87,15,52,137,52,214,144,51.25%,76.15%,0,Đắk Nông,NTB,AM Linh
NTB - Đắk Nông,(DNO) Quảng Tín,Hàng Tồn,2026-09-10 - Thứ 5,250,28.00%,6.40%,4.00%,93.63,16,10,70,10,224,180,72.00%,89.60%,0,Đắk Nông,NTB,AM Linh
NTB - Đắk Nông,(DNO) Quảng Tín,Hàng Tồn,2026-08-22 - Thứ 7,572,3.67%,2.97%,0.00%,82.94,17,0,21,0,555,551,96.33%,97.03%,0,Đắk Nông,NTB,AM Linh
NTB - Đắk Nông,(DNO) Quảng Tín,Hàng Tồn,2026-09-13 - Chủ Nhật,286,10.49%,6.29%,1.05%,83.67,18,3,30,3,265,256,89.51%,92.66%,0,Đắk Nông,NTB,AM Linh
NTB - Đắk Nông,(DNO) Quảng Tín,Hàng Tồn,2026-09-07 - Thứ 2,222,45.05%,9.01%,5.86%,44.55,20,13,100,13,189,122,54.95%,85.13%,0,Đắk Nông,NTB,AM Linh
NTB - Đắk Nông,(DNO) Quảng Tín,Hàng Tồn,2026-09-11 - Thứ 6,272,20.59%,7.35%,4.04%,81.7,20,11,56,11,241,216,79.41%,88.61%,0,Đắk Nông,NTB,AM Linh
NTB - Đắk Nông,(DNO) Quảng Tín,Hàng Tồn,2026-08-20 - Thứ 5,522,6.13%,4.60%,0.38%,105.04,24,2,32,2,496,490,93.87%,95.02%,0,Đắk Nông,NTB,AM Linh
NTB - Đắk Nông,(DNO) Quảng Tín,Hàng Tồn,2026-08-29 - Thứ 7,336,12.20%,7.14%,1.49%,86.67,24,5,41,5,307,295,87.80%,91.37%,0,Đắk Nông,NTB,AM Linh
NTB - Đắk Nông,(DNO) Quảng Tín,Hàng Tồn,2026-09-12 - Thứ 7,284,13.38%,8.45%,1.41%,88.83,24,4,38,4,256,246,86.62%,90.14%,0,Đắk Nông,NTB,AM Linh
NTB - Đắk Nông,(DNO) Quảng Tín,Hàng Tồn,2026-09-06 - Chủ Nhật,196,55.10%,13.78%,17.35%,73.04,27,34,108,34,135,88,44.90%,68.87%,0,Đắk Nông,NTB,AM Linh
NTB - Đắk Nông,(DNO) Quảng Tín,Hàng Tồn,2026-09-09 - Thứ 4,247,35.22%,11.74%,0.81%,78.28,29,2,87,2,216,160,64.78%,87.45%,0,Đắk Nông,NTB,AM Linh
NTB - Đắk Nông,(DNO) Quảng Tín,Hàng Tồn,2026-09-02 - Thứ 4,294,21.09%,10.20%,3.74%,108.77,30,11,62,11,253,232,78.91%,86.06%,0,Đắk Nông,NTB,AM Linh
NTB - Đắk Nông,(DNO) Quảng Tín,Hàng Tồn,2026-08-27 - Thứ 5,325,24.00%,9.54%,1.23%,149.61,31,4,78,4,290,247,76.00%,89.23%,0,Đắk Nông,NTB,AM Linh
NTB - Đắk Nông,(DNO) Quảng Tín,Hàng Tồn,2026-09-05 - Thứ 7,253,54.94%,12.65%,14.62%,100.25,32,37,139,37,184,114,45.06%,72.73%,0,Đắk Nông,NTB,AM Linh
NTB - Đắk Nông,(DNO) Quảng Tín,Hàng Tồn,2026-09-03 - Thứ 5,315,44.76%,10.48%,5.08%,78.03,33,16,141,16,266,174,55.24%,84.44%,0,Đắk Nông,NTB,AM Linh
NTB - Đắk Nông,(DNO) Quảng Tín,Hàng Tồn,2026-08-23 - Chủ Nhật,573,7.85%,5.93%,0.00%,94.85,34,0,45,0,539,528,92.15%,94.07%,0,Đắk Nông,NTB,AM Linh
NTB - Đắk Nông,(DNO) Quảng Tín,Hàng Tồn,2026-08-17 - Thứ 2,483,11.59%,7.87%,0.83%,87.84,38,4,56,4,441,427,88.41%,91.30%,0,Đắk Nông,NTB,AM Linh
NTB - Đắk Nông,(DNO) Quảng Tín,Hàng Tồn,2026-09-01 - Thứ 3,286,26.57%,13.64%,1.40%,74.67,39,4,76,4,243,210,73.43%,84.96%,0,Đắk Nông,NTB,AM Linh
NTB - Đắk Nông,(DNO) Quảng Tín,Hàng Tồn,2026-08-26 - Thứ 4,383,30.29%,15.67%,3.13%,91.33,60,12,116,12,311,267,69.71%,81.20%,0,Đắk Nông,NTB,AM Linh
NTB - Đắk Nông,(DNO) Quảng Tín,Hàng Tồn,2026-08-31 - Thứ 2,307,47.23%,20.20%,0.98%,78.53,62,3,145,3,242,162,52.77%,78.82%,0,Đắk Nông,NTB,AM Linh
NTB - Đắk Nông,(DNO) Quảng Tín,Hàng Tồn,2026-08-28 - Thứ 6,322,38.82%,22.67%,2.48%,96.51,73,8,125,8,241,197,61.18%,74.85%,0,Đắk Nông,NTB,AM Linh
NTB - Đắk Nông,(DNO) Quảng Sơn,Hàng Mới Ca 1,2026-08-18 - Thứ 3,138,99.28%,57.25%,0.00%,18.91,79,0,137,0,59,1,0.72%,42.75%,138,Đắk Nông,NTB,AM Nhung
NTB - Đắk Nông,(DNO) Quảng Sơn,Hàng Mới Ca 1,2026-08-24 - Thứ 2,98,100.00%,80.61%,0.00%,11.38,79,0,98,0,19,0,0.00%,19.39%,98,Đắk Nông,NTB,AM Nhung
NTB - Đắk Nông,(DNO) Quảng Sơn,Hàng Mới Ca 1,2026-09-08 - Thứ 3,33,100.00%,60.61%,0.00%,4.5,20,0,33,0,13,0,0.00%,39.39%,33,Đắk Nông,NTB,AM Nhung
NTB - Đắk Nông,(DNO) Quảng Sơn,Hàng Mới Ca 1,2026-09-10 - Thứ 5,35,100.00%,65.71%,0.00%,4.83,23,0,35,0,12,0,0.00%,34.29%,35,Đắk Nông,NTB,AM Nhung
NTB - Đắk Nông,(DNO) Quảng Sơn,Hàng Mới Ca 1,2026-09-13 - Chủ Nhật,39,100.00%,61.54%,0.00%,4.71,24,0,39,0,15,0,0.00%,38.46%,39,Đắk Nông,NTB,AM Nhung
NTB - Đắk Nông,(DNO) Quảng Sơn,Hàng Mới Ca 1,2026-09-06 - Chủ Nhật,42,88.10%,71.43%,0.00%,4.9,30,0,37,0,12,5,11.90%,28.57%,42,Đắk Nông,NTB,AM Nhung
NTB - Đắk Nông,(DNO) Quảng Sơn,Hàng Mới Ca 1,2026-09-09 - Thứ 4,48,100.00%,66.67%,0.00%,3.44,32,0,48,0,16,0,0.00%,33.33%,48,Đắk Nông,NTB,AM Nhung
NTB - Đắk Nông,(DNO) Quảng Sơn,Hàng Mới Ca 1,2026-09-11 - Thứ 6,54,98.15%,68.52%,0.00%,5.43,37,0,53,0,17,1,1.85%,31.48%,54,Đắk Nông,NTB,AM Nhung
NTB - Đắk Nông,(DNO) Quảng Sơn,Hàng Mới Ca 1,2026-09-04 - Thứ 6,44,100.00%,86.36%,0.00%,13.32,38,0,44,0,6,0,0.00%,13.64%,44,Đắk Nông,NTB,AM Nhung
NTB - Đắk Nông,(DNO) Quảng Sơn,Hàng Mới Ca 1,2026-09-12 - Thứ 7,46,100.00%,82.61%,0.00%,5.5,38,0,46,0,8,0,0.00%,17.39%,46,Đắk Nông,NTB,AM Nhung
NTB - Đắk Nông,(DNO) Quảng Sơn,Hàng Mới Ca 1,2026-08-27 - Thứ 5,60,98.33%,71.67%,0.00%,11.47,43,0,59,0,17,1,1.67%,28.33%,60,Đắk Nông,NTB,AM Nhung
NTB - Đắk Nông,(DNO) Quảng Sơn,Hàng Mới Ca 1,2026-08-31 - Thứ 2,86,95.35%,54.65%,0.00%,11.34,47,0,82,0,39,4,4.65%,45.35%,86,Đắk Nông,NTB,AM Nhung
NTB - Đắk Nông,(DNO) Quảng Sơn,Hàng Mới Ca 1,2026-09-05 - Thứ 7,59,98.31%,83.05%,0.00%,12.47,49,0,58,0,10,1,1.69%,16.95%,59,Đắk Nông,NTB,AM Nhung
NTB - Đắk Nông,(DNO) Quảng Sơn,Hàng Mới Ca 1,2026-08-23 - Chủ Nhật,61,100.00%,83.61%,0.00%,14.49,51,0,61,0,10,0,0.00%,16.39%,61,Đắk Nông,NTB,AM Nhung
NTB - Đắk Nông,(DNO) Quảng Sơn,Hàng Mới Ca 1,2026-08-25 - Thứ 3,67,100.00%,79.10%,0.00%,11.25,53,0,67,0,14,0,0.00%,20.90%,67,Đắk Nông,NTB,AM Nhung
NTB - Đắk Nông,(DNO) Quảng Sơn,Hàng Mới Ca 1,2026-09-07 - Thứ 2,74,100.00%,74.32%,0.00%,6.33,55,0,74,0,19,0,0.00%,25.68%,74,Đắk Nông,NTB,AM Nhung
NTB - Đắk Nông,(DNO) Quảng Sơn,Hàng Mới Ca 1,2026-08-26 - Thứ 4,67,100.00%,82.09%,0.00%,13.44,55,0,67,0,12,0,0.00%,17.91%,67,Đắk Nông,NTB,AM Nhung
NTB - Đắk Nông,(DNO) Quảng Sơn,Hàng Mới Ca 1,2026-09-03 - Thứ 5,79,100.00%,72.15%,0.00%,16.35,57,0,79,0,22,0,0.00%,27.85%,79,Đắk Nông,NTB,AM Nhung
NTB - Đắk Nông,(DNO) Quảng Sơn,Hàng Mới Ca 1,2026-09-02 - Thứ 4,76,92.11%,76.32%,0.00%,11.86,58,0,70,0,18,6,7.89%,23.68%,76,Đắk Nông,NTB,AM Nhung
NTB - Đắk Nông,(DNO) Quảng Sơn,Hàng Mới Ca 1,2026-08-20 - Thứ 5,82,100.00%,71.95%,0.00%,13.86,59,0,82,0,23,0,0.00%,28.05%,82,Đắk Nông,NTB,AM Nhung
NTB - Đắk Nông,(DNO) Quảng Sơn,Hàng Mới Ca 1,2026-08-21 - Thứ 6,81,90.12%,74.07%,0.00%,11.95,60,0,73,0,21,8,9.88%,25.93%,81,Đắk Nông,NTB,AM Nhung
NTB - Đắk Nông,(DNO) Quảng Sơn,Hàng Mới Ca 1,2026-08-22 - Thứ 7,75,100.00%,82.67%,0.00%,17.27,62,0,75,0,13,0,0.00%,17.33%,75,Đắk Nông,NTB,AM Nhung
NTB - Đắk Nông,(DNO) Quảng Sơn,Hàng Mới Ca 1,2026-08-30 - Chủ Nhật,87,90.80%,72.41%,0.00%,14.17,63,0,79,0,24,8,9.20%,27.59%,87,Đắk Nông,NTB,AM Nhung
NTB - Đắk Nông,(DNO) Quảng Sơn,Hàng Mới Ca 1,2026-09-01 - Thứ 3,83,100.00%,75.90%,0.00%,18.92,63,0,83,0,20,0,0.00%,24.10%,83,Đắk Nông,NTB,AM Nhung
NTB - Đắk Nông,(DNO) Quảng Sơn,Hàng Mới Ca 1,2026-08-19 - Thứ 4,82,93.90%,78.05%,0.00%,18.59,64,0,77,0,18,5,6.10%,21.95%,82,Đắk Nông,NTB,AM Nhung
NTB - Đắk Nông,(DNO) Quảng Sơn,Hàng Mới Ca 1,2026-08-29 - Thứ 7,93,96.77%,78.49%,0.00%,13.63,73,0,90,0,20,3,3.23%,21.51%,93,Đắk Nông,NTB,AM Nhung
NTB - Đắk Nông,(DNO) Quảng Sơn,Hàng Mới Ca 1,2026-08-28 - Thứ 6,100,95.00%,77.00%,0.00%,15.51,77,0,95,0,23,5,5.00%,23.00%,100,Đắk Nông,NTB,AM Nhung
NTB - Đắk Nông,(DNO) Quảng Sơn,Hàng Mới Ca 2,2026-09-04 - Thứ 6,2,0.00%,0.00%,0.00%,,0,0,0,0,2,2,100.00%,100.00%,2,Đắk Nông,NTB,AM Nhung
NTB - Đắk Nông,(DNO) Quảng Sơn,Hàng Mới Ca 2,2026-09-02 - Thứ 4,1,0.00%,0.00%,0.00%,,0,0,0,0,1,1,100.00%,100.00%,1,Đắk Nông,NTB,AM Nhung
NTB - Đắk Nông,(DNO) Quảng Sơn,Hàng Mới Ca 2,2026-08-25 - Thứ 3,2,50.00%,0.00%,0.00%,,0,0,1,0,2,1,50.00%,100.00%,2,Đắk Nông,NTB,AM Nhung
NTB - Đắk Nông,(DNO) Quảng Sơn,Hàng Mới Ca 2,2026-09-03 - Thứ 5,1,0.00%,0.00%,0.00%,,0,0,0,0,1,1,100.00%,100.00%,1,Đắk Nông,NTB,AM Nhung
NTB - Đắk Nông,(DNO) Quảng Sơn,Hàng Mới Ca 2,2026-09-11 - Thứ 6,12,16.67%,0.00%,0.00%,,0,0,2,0,12,10,83.33%,100.00%,12,Đắk Nông,NTB,AM Nhung
NTB - Đắk Nông,(DNO) Quảng Sơn,Hàng Mới Ca 2,2026-08-24 - Thứ 2,3,66.67%,0.00%,0.00%,,0,0,2,0,3,1,33.33%,100.00%,3,Đắk Nông,NTB,AM Nhung
NTB - Đắk Nông,(DNO) Quảng Sơn,Hàng Mới Ca 2,2026-08-30 - Chủ Nhật,3,0.00%,0.00%,0.00%,,0,0,0,0,3,3,100.00%,100.00%,3,Đắk Nông,NTB,AM Nhung
NTB - Đắk Nông,(DNO) Quảng Sơn,Hàng Mới Ca 2,2026-08-29 - Thứ 7,1,0.00%,0.00%,0.00%,,0,0,0,0,1,1,100.00%,100.00%,1,Đắk Nông,NTB,AM Nhung
NTB - Đắk Nông,(DNO) Quảng Sơn,Hàng Mới Ca 2,2026-08-23 - Chủ Nhật,2,0.00%,0.00%,0.00%,,0,0,0,0,2,2,100.00%,100.00%,2,Đắk Nông,NTB,AM Nhung
NTB - Đắk Nông,(DNO) Quảng Sơn,Hàng Mới Ca 2,2026-08-21 - Thứ 6,2,50.00%,0.00%,0.00%,,0,0,1,0,2,1,50.00%,100.00%,2,Đắk Nông,NTB,AM Nhung
NTB - Đắk Nông,(DNO) Quảng Sơn,Hàng Mới Ca 2,2026-09-05 - Thứ 7,1,0.00%,0.00%,0.00%,,0,0,0,0,1,1,100.00%,100.00%,1,Đắk Nông,NTB,AM Nhung
NTB - Đắk Nông,(DNO) Quảng Sơn,Hàng Mới Ca 2,2026-09-12 - Thứ 7,21,42.86%,19.05%,0.00%,2.5,4,0,9,0,17,12,57.14%,80.95%,21,Đắk Nông,NTB,AM Nhung
NTB - Đắk Nông,(DNO) Quảng Sơn,Hàng Mới Ca 2,2026-09-06 - Chủ Nhật,46,26.09%,10.87%,0.00%,3.8,5,0,12,0,41,34,73.91%,89.13%,46,Đắk Nông,NTB,AM Nhung
NTB - Đắk Nông,(DNO) Quảng Sơn,Hàng Mới Ca 2,2026-09-08 - Thứ 3,27,25.93%,22.22%,0.00%,3.5,6,0,7,0,21,20,74.07%,77.78%,27,Đắk Nông,NTB,AM Nhung
NTB - Đắk Nông,(DNO) Quảng Sơn,Hàng Mới Ca 2,2026-09-10 - Thứ 5,51,17.65%,11.76%,0.00%,2.83,6,0,9,0,45,42,82.35%,88.24%,51,Đắk Nông,NTB,AM Nhung
NTB - Đắk Nông,(DNO) Quảng Sơn,Hàng Mới Ca 2,2026-09-07 - Thứ 2,27,37.04%,25.93%,0.00%,3.43,7,0,10,0,20,17,62.96%,74.07%,27,Đắk Nông,NTB,AM Nhung
NTB - Đắk Nông,(DNO) Quảng Sơn,Hàng Mới Ca 2,2026-09-09 - Thứ 4,49,36.73%,22.45%,0.00%,1.64,11,0,18,0,38,31,63.27%,77.55%,49,Đắk Nông,NTB,AM Nhung
NTB - Đắk Nông,(DNO) Quảng Sơn,Hàng Mới Ca 2,2026-09-13 - Chủ Nhật,43,34.88%,27.91%,0.00%,3.08,12,0,15,0,31,28,65.12%,72.09%,43,Đắk Nông,NTB,AM Nhung
NTB - Đắk Nông,(DNO) Quảng Sơn,Hàng Tồn,2026-08-17 - Thứ 2,90,6.67%,0.00%,6.67%,,0,6,6,6,84,84,93.33%,93.33%,0,Đắk Nông,NTB,AM Nhung
NTB - Đắk Nông,(DNO) Quảng Sơn,Hàng Tồn,2026-08-24 - Thứ 2,29,100.00%,17.24%,31.03%,97.6,5,9,29,9,15,0,0.00%,51.73%,0,Đắk Nông,NTB,AM Nhung
NTB - Đắk Nông,(DNO) Quảng Sơn,Hàng Tồn,2026-09-02 - Thứ 4,39,71.79%,15.38%,10.26%,50.83,6,4,28,4,29,11,28.21%,74.36%,0,Đắk Nông,NTB,AM Nhung
NTB - Đắk Nông,(DNO) Quảng Sơn,Hàng Tồn,2026-09-03 - Thứ 5,43,100.00%,13.95%,4.65%,66.83,6,2,43,2,35,0,0.00%,81.40%,0,Đắk Nông,NTB,AM Nhung
NTB - Đắk Nông,(DNO) Quảng Sơn,Hàng Tồn,2026-08-27 - Thứ 5,28,100.00%,28.57%,28.57%,55.25,8,8,28,8,12,0,0.00%,42.86%,0,Đắk Nông,NTB,AM Nhung
NTB - Đắk Nông,(DNO) Quảng Sơn,Hàng Tồn,2026-09-05 - Thứ 7,31,100.00%,25.81%,19.35%,74.63,8,6,31,6,17,0,0.00%,54.84%,0,Đắk Nông,NTB,AM Nhung
NTB - Đắk Nông,(DNO) Quảng Sơn,Hàng Tồn,2026-08-28 - Thứ 6,27,85.19%,37.04%,3.70%,54,10,1,23,1,16,4,14.81%,59.26%,0,Đắk Nông,NTB,AM Nhung
NTB - Đắk Nông,(DNO) Quảng Sơn,Hàng Tồn,2026-08-26 - Thứ 4,33,100.00%,30.30%,18.18%,57.8,10,6,33,6,17,0,0.00%,51.52%,0,Đắk Nông,NTB,AM Nhung
NTB - Đắk Nông,(DNO) Quảng Sơn,Hàng Tồn,2026-08-29 - Thứ 7,36,88.89%,30.56%,13.89%,54.27,11,5,32,5,20,4,11.11%,55.55%,0,Đắk Nông,NTB,AM Nhung
NTB - Đắk Nông,(DNO) Quảng Sơn,Hàng Tồn,2026-08-30 - Chủ Nhật,38,84.21%,31.58%,7.89%,58.17,12,3,32,3,23,6,15.79%,60.53%,0,Đắk Nông,NTB,AM Nhung
NTB - Đắk Nông,(DNO) Quảng Sơn,Hàng Tồn,2026-08-31 - Thứ 2,42,97.62%,30.95%,9.52%,56.62,13,4,41,4,25,1,2.38%,59.53%,0,Đắk Nông,NTB,AM Nhung
NTB - Đắk Nông,(DNO) Quảng Sơn,Hàng Tồn,2026-08-22 - Thứ 7,56,96.43%,23.21%,14.29%,60.77,13,8,54,8,35,2,3.57%,62.50%,0,Đắk Nông,NTB,AM Nhung
NTB - Đắk Nông,(DNO) Quảng Sơn,Hàng Tồn,2026-08-25 - Thứ 3,36,100.00%,38.89%,8.33%,56.64,14,3,36,3,19,0,0.00%,52.78%,0,Đắk Nông,NTB,AM Nhung
NTB - Đắk Nông,(DNO) Quảng Sơn,Hàng Tồn,2026-08-21 - Thứ 6,63,77.78%,22.22%,20.63%,66.86,14,13,49,13,36,14,22.22%,57.15%,0,Đắk Nông,NTB,AM Nhung
NTB - Đắk Nông,(DNO) Quảng Sơn,Hàng Tồn,2026-08-23 - Chủ Nhật,44,97.73%,34.09%,22.73%,59.6,15,10,43,10,19,1,2.27%,43.18%,0,Đắk Nông,NTB,AM Nhung
NTB - Đắk Nông,(DNO) Quảng Sơn,Hàng Tồn,2026-08-20 - Thứ 5,67,94.03%,25.37%,11.94%,92.59,17,8,63,8,42,4,5.97%,62.69%,0,Đắk Nông,NTB,AM Nhung
NTB - Đắk Nông,(DNO) Quảng Sơn,Hàng Tồn,2026-09-04 - Thứ 6,56,100.00%,32.14%,17.86%,65.17,18,10,56,10,28,0,0.00%,50.00%,0,Đắk Nông,NTB,AM Nhung
NTB - Đắk Nông,(DNO) Quảng Sơn,Hàng Tồn,2026-09-06 - Chủ Nhật,56,87.50%,35.71%,8.93%,32.45,20,5,49,5,31,7,12.50%,55.36%,0,Đắk Nông,NTB,AM Nhung
NTB - Đắk Nông,(DNO) Quảng Sơn,Hàng Tồn,2026-09-12 - Thứ 7,68,100.00%,36.76%,4.41%,36.76,25,3,68,3,40,0,0.00%,58.83%,0,Đắk Nông,NTB,AM Nhung
NTB - Đắk Nông,(DNO) Quảng Sơn,Hàng Tồn,2026-09-13 - Chủ Nhật,60,100.00%,41.67%,5.00%,41.8,25,3,60,3,32,0,0.00%,53.33%,0,Đắk Nông,NTB,AM Nhung
NTB - Đắk Nông,(DNO) Quảng Sơn,Hàng Tồn,2026-08-18 - Thứ 3,84,100.00%,35.71%,11.90%,83.3,30,10,84,10,44,0,0.00%,52.39%,0,Đắk Nông,NTB,AM Nhung
NTB - Đắk Nông,(DNO) Quảng Sơn,Hàng Tồn,2026-09-08 - Thứ 3,73,98.63%,43.84%,9.59%,35.47,32,7,72,7,34,1,1.37%,46.57%,0,Đắk Nông,NTB,AM Nhung
NTB - Đắk Nông,(DNO) Quảng Sơn,Hàng Tồn,2026-09-09 - Thứ 4,67,100.00%,47.76%,2.99%,37.97,32,2,67,2,33,0,0.00%,49.25%,0,Đắk Nông,NTB,AM Nhung
NTB - Đắk Nông,(DNO) Quảng Sơn,Hàng Tồn,2026-09-10 - Thứ 5,84,98.81%,46.43%,5.95%,33.31,39,5,83,5,40,1,1.19%,47.62%,0,Đắk Nông,NTB,AM Nhung
NTB - Đắk Nông,(DNO) Quảng Sơn,Hàng Tồn,2026-09-01 - Thứ 3,64,100.00%,60.94%,1.56%,60.36,39,1,64,1,24,0,0.00%,37.50%,0,Đắk Nông,NTB,AM Nhung
NTB - Đắk Nông,(DNO) Quảng Sơn,Hàng Tồn,2026-09-07 - Thứ 2,81,100.00%,53.09%,2.47%,35.65,43,2,81,2,36,0,0.00%,44.44%,0,Đắk Nông,NTB,AM Nhung
NTB - Đắk Nông,(DNO) Quảng Sơn,Hàng Tồn,2026-08-19 - Thứ 4,101,86.14%,44.55%,4.95%,63.51,45,5,87,5,51,14,13.86%,50.50%,0,Đắk Nông,NTB,AM Nhung
NTB - Đắk Nông,(DNO) Quảng Sơn,Hàng Tồn,2026-09-11 - Thứ 6,95,97.89%,51.58%,4.21%,44.02,49,4,93,4,42,2,2.11%,44.21%,0,Đắk Nông,NTB,AM Nhung
NTB - Đắk Nông,(DNO) Quảng Khê,Hàng Mới Ca 1,2026-09-03 - Thứ 5,23,52.17%,21.74%,0.00%,7.2,5,0,12,0,18,11,47.83%,78.26%,23,Đắk Nông,NTB,AM Nhung
NTB - Đắk Nông,(DNO) Quảng Khê,Hàng Mới Ca 1,2026-08-25 - Thứ 3,20,60.00%,40.00%,0.00%,7.5,8,0,12,0,12,8,40.00%,60.00%,20,Đắk Nông,NTB,AM Nhung
NTB - Đắk Nông,(DNO) Quảng Khê,Hàng Mới Ca 1,2026-08-17 - Thứ 2,21,66.67%,42.86%,0.00%,7.78,9,0,14,0,12,7,33.33%,57.14%,21,Đắk Nông,NTB,AM Nhung
NTB - Đắk Nông,(DNO) Quảng Khê,Hàng Mới Ca 1,2026-08-31 - Thứ 2,45,80.00%,20.00%,0.00%,7.44,9,0,36,0,36,9,20.00%,80.00%,45,Đắk Nông,NTB,AM Nhung
NTB - Đắk Nông,(DNO) Quảng Khê,Hàng Mới Ca 1,2026-08-20 - Thứ 5,24,91.67%,50.00%,4.17%,9.25,12,1,22,1,11,2,8.33%,45.83%,24,Đắk Nông,NTB,AM Nhung
NTB - Đắk Nông,(DNO) Quảng Khê,Hàng Mới Ca 1,2026-08-21 - Thứ 6,30,56.67%,50.00%,0.00%,8.67,15,0,17,0,15,13,43.33%,50.00%,30,Đắk Nông,NTB,AM Nhung
NTB - Đắk Nông,(DNO) Quảng Khê,Hàng Mới Ca 1,2026-08-18 - Thứ 3,30,86.67%,53.33%,0.00%,7.63,16,0,26,0,14,4,13.33%,46.67%,30,Đắk Nông,NTB,AM Nhung
NTB - Đắk Nông,(DNO) Quảng Khê,Hàng Mới Ca 1,2026-09-01 - Thứ 3,34,82.35%,47.06%,0.00%,9.38,16,0,28,0,18,6,17.65%,52.94%,34,Đắk Nông,NTB,AM Nhung
NTB - Đắk Nông,(DNO) Quảng Khê,Hàng Mới Ca 1,2026-09-02 - Thứ 4,29,96.55%,62.07%,0.00%,8.78,18,0,28,0,11,1,3.45%,37.93%,29,Đắk Nông,NTB,AM Nhung
NTB - Đắk Nông,(DNO) Quảng Khê,Hàng Mới Ca 1,2026-08-29 - Thứ 7,33,87.88%,57.58%,0.00%,9.37,19,0,29,0,14,4,12.12%,42.42%,33,Đắk Nông,NTB,AM Nhung
NTB - Đắk Nông,(DNO) Quảng Khê,Hàng Mới Ca 1,2026-09-13 - Chủ Nhật,51,70.59%,37.25%,0.00%,15.53,19,0,36,0,32,15,29.41%,62.75%,51,Đắk Nông,NTB,AM Nhung
NTB - Đắk Nông,(DNO) Quảng Khê,Hàng Mới Ca 1,2026-08-19 - Thứ 4,39,92.31%,56.41%,0.00%,8.45,22,0,36,0,17,3,7.69%,43.59%,39,Đắk Nông,NTB,AM Nhung
NTB - Đắk Nông,(DNO) Quảng Khê,Hàng Mới Ca 1,2026-09-08 - Thứ 3,55,63.64%,41.82%,1.82%,17.35,23,1,35,1,31,20,36.36%,56.36%,55,Đắk Nông,NTB,AM Nhung
NTB - Đắk Nông,(DNO) Quảng Khê,Hàng Mới Ca 1,2026-09-12 - Thứ 7,46,73.91%,50.00%,0.00%,13,23,0,34,0,23,12,26.09%,50.00%,46,Đắk Nông,NTB,AM Nhung
NTB - Đắk Nông,(DNO) Quảng Khê,Hàng Mới Ca 1,2026-09-09 - Thứ 4,51,86.27%,45.10%,0.00%,10.04,23,0,44,0,28,7,13.73%,54.90%,51,Đắk Nông,NTB,AM Nhung
NTB - Đắk Nông,(DNO) Quảng Khê,Hàng Mới Ca 1,2026-08-24 - Thứ 2,37,94.59%,62.16%,0.00%,8.87,23,0,35,0,14,2,5.41%,37.84%,37,Đắk Nông,NTB,AM Nhung
NTB - Đắk Nông,(DNO) Quảng Khê,Hàng Mới Ca 1,2026-09-05 - Thứ 7,56,60.71%,44.64%,0.00%,12.6,25,0,34,0,31,22,39.29%,55.36%,56,Đắk Nông,NTB,AM Nhung
NTB - Đắk Nông,(DNO) Quảng Khê,Hàng Mới Ca 1,2026-08-30 - Chủ Nhật,41,97.56%,63.41%,0.00%,8.69,26,0,40,0,15,1,2.44%,36.59%,41,Đắk Nông,NTB,AM Nhung
NTB - Đắk Nông,(DNO) Quảng Khê,Hàng Mới Ca 1,2026-09-04 - Thứ 6,47,91.49%,55.32%,0.00%,9.12,26,0,43,0,21,4,8.51%,44.68%,47,Đắk Nông,NTB,AM Nhung
NTB - Đắk Nông,(DNO) Quảng Khê,Hàng Mới Ca 1,2026-08-26 - Thứ 4,41,95.12%,65.85%,0.00%,9.26,27,0,39,0,14,2,4.88%,34.15%,41,Đắk Nông,NTB,AM Nhung
NTB - Đắk Nông,(DNO) Quảng Khê,Hàng Mới Ca 1,2026-08-22 - Thứ 7,49,100.00%,59.18%,0.00%,8.83,29,0,49,0,20,0,0.00%,40.82%,49,Đắk Nông,NTB,AM Nhung
NTB - Đắk Nông,(DNO) Quảng Khê,Hàng Mới Ca 1,2026-08-23 - Chủ Nhật,54,87.04%,62.96%,0.00%,9.15,34,0,47,0,20,7,12.96%,37.04%,54,Đắk Nông,NTB,AM Nhung
NTB - Đắk Nông,(DNO) Quảng Khê,Hàng Mới Ca 1,2026-09-10 - Thứ 5,79,73.42%,44.30%,0.00%,16.66,35,0,58,0,44,21,26.58%,55.70%,79,Đắk Nông,NTB,AM Nhung
NTB - Đắk Nông,(DNO) Quảng Khê,Hàng Mới Ca 1,2026-08-27 - Thứ 5,44,100.00%,81.82%,0.00%,8.08,36,0,44,0,8,0,0.00%,18.18%,44,Đắk Nông,NTB,AM Nhung
NTB - Đắk Nông,(DNO) Quảng Khê,Hàng Mới Ca 1,2026-08-28 - Thứ 6,61,96.72%,70.49%,0.00%,9.28,43,0,59,0,18,2,3.28%,29.51%,61,Đắk Nông,NTB,AM Nhung
NTB - Đắk Nông,(DNO) Quảng Khê,Hàng Mới Ca 1,2026-09-11 - Thứ 6,69,100.00%,62.32%,0.00%,16.51,43,0,69,0,26,0,0.00%,37.68%,69,Đắk Nông,NTB,AM Nhung
NTB - Đắk Nông,(DNO) Quảng Khê,Hàng Mới Ca 1,2026-09-06 - Chủ Nhật,72,95.83%,61.11%,0.00%,13.66,44,0,69,0,28,3,4.17%,38.89%,72,Đắk Nông,NTB,AM Nhung
NTB - Đắk Nông,(DNO) Quảng Khê,Hàng Mới Ca 1,2026-09-07 - Thứ 2,81,97.53%,65.43%,0.00%,12.02,53,0,79,0,28,2,2.47%,34.57%,81,Đắk Nông,NTB,AM Nhung
NTB - Đắk Nông,(DNO) Quảng Khê,Hàng Mới Ca 2,2026-08-20 - Thứ 5,22,4.55%,0.00%,0.00%,,0,0,1,0,22,21,95.45%,100.00%,22,Đắk Nông,NTB,AM Nhung
NTB - Đắk Nông,(DNO) Quảng Khê,Hàng Mới Ca 2,2026-08-30 - Chủ Nhật,29,0.00%,0.00%,0.00%,,0,0,0,0,29,29,100.00%,100.00%,29,Đắk Nông,NTB,AM Nhung
NTB - Đắk Nông,(DNO) Quảng Khê,Hàng Mới Ca 2,2026-08-29 - Thứ 7,40,2.50%,0.00%,0.00%,,0,0,1,0,40,39,97.50%,100.00%,40,Đắk Nông,NTB,AM Nhung
NTB - Đắk Nông,(DNO) Quảng Khê,Hàng Mới Ca 2,2026-08-27 - Thứ 5,40,0.00%,0.00%,0.00%,,0,0,0,0,40,40,100.00%,100.00%,40,Đắk Nông,NTB,AM Nhung
NTB - Đắk Nông,(DNO) Quảng Khê,Hàng Mới Ca 2,2026-09-02 - Thứ 4,17,0.00%,0.00%,0.00%,,0,0,0,0,17,17,100.00%,100.00%,17,Đắk Nông,NTB,AM Nhung
NTB - Đắk Nông,(DNO) Quảng Khê,Hàng Mới Ca 2,2026-08-23 - Chủ Nhật,13,0.00%,0.00%,0.00%,,0,0,0,0,13,13,100.00%,100.00%,13,Đắk Nông,NTB,AM Nhung
NTB - Đắk Nông,(DNO) Quảng Khê,Hàng Mới Ca 2,2026-08-21 - Thứ 6,50,0.00%,0.00%,0.00%,,0,0,0,0,50,50,100.00%,100.00%,50,Đắk Nông,NTB,AM Nhung
NTB - Đắk Nông,(DNO) Quảng Khê,Hàng Mới Ca 2,2026-08-18 - Thứ 3,55,0.00%,0.00%,0.00%,,0,0,0,0,55,55,100.00%,100.00%,55,Đắk Nông,NTB,AM Nhung
NTB - Đắk Nông,(DNO) Quảng Khê,Hàng Mới Ca 2,2026-08-28 - Thứ 6,39,0.00%,0.00%,0.00%,,0,0,0,0,39,39,100.00%,100.00%,39,Đắk Nông,NTB,AM Nhung
NTB - Đắk Nông,(DNO) Quảng Khê,Hàng Mới Ca 2,2026-08-26 - Thứ 4,14,0.00%,0.00%,0.00%,,0,0,0,0,14,14,100.00%,100.00%,14,Đắk Nông,NTB,AM Nhung
NTB - Đắk Nông,(DNO) Quảng Khê,Hàng Mới Ca 2,2026-09-01 - Thứ 3,23,0.00%,0.00%,0.00%,,0,0,0,0,23,23,100.00%,100.00%,23,Đắk Nông,NTB,AM Nhung
NTB - Đắk Nông,(DNO) Quảng Khê,Hàng Mới Ca 2,2026-08-22 - Thứ 7,12,0.00%,0.00%,0.00%,,0,0,0,0,12,12,100.00%,100.00%,12,Đắk Nông,NTB,AM Nhung
NTB - Đắk Nông,(DNO) Quảng Khê,Hàng Mới Ca 2,2026-08-19 - Thứ 4,42,0.00%,0.00%,0.00%,,0,0,0,0,42,42,100.00%,100.00%,42,Đắk Nông,NTB,AM Nhung
NTB - Đắk Nông,(DNO) Quảng Khê,Hàng Mới Ca 2,2026-08-25 - Thứ 3,26,0.00%,0.00%,0.00%,,0,0,0,0,26,26,100.00%,100.00%,26,Đắk Nông,NTB,AM Nhung
NTB - Đắk Nông,(DNO) Quảng Khê,Hàng Mới Ca 2,2026-08-17 - Thứ 2,24,4.17%,4.17%,0.00%,3,1,0,1,0,23,23,95.83%,95.83%,24,Đắk Nông,NTB,AM Nhung
NTB - Đắk Nông,(DNO) Quảng Khê,Hàng Mới Ca 2,2026-08-31 - Thứ 2,16,6.25%,6.25%,0.00%,4,1,0,1,0,15,15,93.75%,93.75%,16,Đắk Nông,NTB,AM Nhung
NTB - Đắk Nông,(DNO) Quảng Khê,Hàng Mới Ca 2,2026-08-24 - Thứ 2,13,7.69%,7.69%,0.00%,4,1,0,1,0,12,12,92.31%,92.31%,13,Đắk Nông,NTB,AM Nhung
NTB - Đắk Nông,(DNO) Quảng Khê,Hàng Tồn,2026-09-05 - Thứ 7,36,52.78%,22.22%,0.00%,48,8,0,19,0,28,17,47.22%,77.78%,0,Đắk Nông,NTB,AM Nhung
NTB - Đắk Nông,(DNO) Quảng Khê,Hàng Tồn,2026-09-10 - Thứ 5,47,78.72%,27.66%,4.26%,45.92,13,2,37,2,32,10,21.28%,68.08%,0,Đắk Nông,NTB,AM Nhung
NTB - Đắk Nông,(DNO) Quảng Khê,Hàng Tồn,2026-09-12 - Thứ 7,55,90.91%,27.27%,7.27%,56,15,4,50,4,36,5,9.09%,65.46%,0,Đắk Nông,NTB,AM Nhung
NTB - Đắk Nông,(DNO) Quảng Khê,Hàng Tồn,2026-09-13 - Chủ Nhật,52,90.38%,30.77%,0.00%,45.94,16,0,47,0,36,5,9.62%,69.23%,0,Đắk Nông,NTB,AM Nhung
NTB - Đắk Nông,(DNO) Quảng Khê,Hàng Tồn,2026-08-25 - Thứ 3,50,86.00%,34.00%,2.00%,48.59,17,1,43,1,32,7,14.00%,64.00%,0,Đắk Nông,NTB,AM Nhung
NTB - Đắk Nông,(DNO) Quảng Khê,Hàng Tồn,2026-09-03 - Thứ 5,55,69.09%,30.91%,5.45%,40.18,17,3,38,3,35,17,30.91%,63.64%,0,Đắk Nông,NTB,AM Nhung
NTB - Đắk Nông,(DNO) Quảng Khê,Hàng Tồn,2026-09-08 - Thứ 3,52,88.46%,42.31%,3.85%,49.68,22,2,46,2,28,6,11.54%,53.84%,0,Đắk Nông,NTB,AM Nhung
NTB - Đắk Nông,(DNO) Quảng Khê,Hàng Tồn,2026-08-31 - Thứ 2,69,89.86%,31.88%,1.45%,44.86,22,1,62,1,46,7,10.14%,66.67%,0,Đắk Nông,NTB,AM Nhung
NTB - Đắk Nông,(DNO) Quảng Khê,Hàng Tồn,2026-08-23 - Chủ Nhật,55,83.64%,43.64%,3.64%,41.17,24,2,46,2,29,9,16.36%,52.72%,0,Đắk Nông,NTB,AM Nhung
NTB - Đắk Nông,(DNO) Quảng Khê,Hàng Tồn,2026-09-04 - Thứ 6,47,97.87%,53.19%,6.38%,48.56,25,3,46,3,19,1,2.13%,40.43%,0,Đắk Nông,NTB,AM Nhung
NTB - Đắk Nông,(DNO) Quảng Khê,Hàng Tồn,2026-09-06 - Chủ Nhật,58,100.00%,44.83%,0.00%,49.31,26,0,58,0,32,0,0.00%,55.17%,0,Đắk Nông,NTB,AM Nhung
NTB - Đắk Nông,(DNO) Quảng Khê,Hàng Tồn,2026-09-09 - Thứ 4,51,96.08%,50.98%,5.88%,44.54,26,3,49,3,22,2,3.92%,43.14%,0,Đắk Nông,NTB,AM Nhung
NTB - Đắk Nông,(DNO) Quảng Khê,Hàng Tồn,2026-08-21 - Thứ 6,70,78.57%,37.14%,4.29%,45.19,26,3,55,3,41,15,21.43%,58.57%,0,Đắk Nông,NTB,AM Nhung
NTB - Đắk Nông,(DNO) Quảng Khê,Hàng Tồn,2026-08-24 - Thứ 2,61,100.00%,42.62%,4.92%,40.23,26,3,61,3,32,0,0.00%,52.46%,0,Đắk Nông,NTB,AM Nhung
NTB - Đắk Nông,(DNO) Quảng Khê,Hàng Tồn,2026-08-27 - Thứ 5,53,100.00%,50.94%,3.77%,44.56,27,2,53,2,24,0,0.00%,45.29%,0,Đắk Nông,NTB,AM Nhung
NTB - Đắk Nông,(DNO) Quảng Khê,Hàng Tồn,2026-09-07 - Thứ 2,55,96.36%,49.09%,3.64%,53.63,27,2,53,2,26,2,3.64%,47.27%,0,Đắk Nông,NTB,AM Nhung
NTB - Đắk Nông,(DNO) Quảng Khê,Hàng Tồn,2026-08-18 - Thứ 3,68,95.59%,47.06%,2.94%,47.5,32,2,65,2,34,3,4.41%,50.00%,0,Đắk Nông,NTB,AM Nhung
NTB - Đắk Nông,(DNO) Quảng Khê,Hàng Tồn,2026-08-26 - Thứ 4,66,100.00%,51.52%,4.55%,37.74,34,3,66,3,29,0,0.00%,43.93%,0,Đắk Nông,NTB,AM Nhung
NTB - Đắk Nông,(DNO) Quảng Khê,Hàng Tồn,2026-08-29 - Thứ 7,78,87.18%,44.87%,1.28%,32.57,35,1,68,1,42,10,12.82%,53.85%,0,Đắk Nông,NTB,AM Nhung
NTB - Đắk Nông,(DNO) Quảng Khê,Hàng Tồn,2026-08-17 - Thứ 2,76,69.74%,46.05%,5.26%,38.37,35,4,53,4,37,23,30.26%,48.69%,0,Đắk Nông,NTB,AM Nhung
NTB - Đắk Nông,(DNO) Quảng Khê,Hàng Tồn,2026-09-11 - Thứ 6,71,95.77%,52.11%,4.23%,47.35,37,3,68,3,31,3,4.23%,43.66%,0,Đắk Nông,NTB,AM Nhung
NTB - Đắk Nông,(DNO) Quảng Khê,Hàng Tồn,2026-08-28 - Thứ 6,63,100.00%,60.32%,3.17%,32.26,38,2,63,2,23,0,0.00%,36.51%,0,Đắk Nông,NTB,AM Nhung
NTB - Đắk Nông,(DNO) Quảng Khê,Hàng Tồn,2026-09-02 - Thứ 4,81,100.00%,54.32%,3.70%,42.8,44,3,81,3,34,0,0.00%,41.98%,0,Đắk Nông,NTB,AM Nhung
NTB - Đắk Nông,(DNO) Quảng Khê,Hàng Tồn,2026-08-19 - Thứ 4,99,92.93%,52.53%,1.01%,34.73,52,1,92,1,46,7,7.07%,46.46%,0,Đắk Nông,NTB,AM Nhung
NTB - Đắk Nông,(DNO) Quảng Khê,Hàng Tồn,2026-09-01 - Thứ 3,95,86.32%,54.74%,0.00%,42.54,52,0,82,0,43,13,13.68%,45.26%,0,Đắk Nông,NTB,AM Nhung
NTB - Đắk Nông,(DNO) Quảng Khê,Hàng Tồn,2026-08-30 - Chủ Nhật,89,98.88%,64.04%,1.12%,35.79,57,1,88,1,31,1,1.12%,34.84%,0,Đắk Nông,NTB,AM Nhung
NTB - Đắk Nông,(DNO) Quảng Khê,Hàng Tồn,2026-08-20 - Thứ 5,101,98.02%,58.42%,3.96%,40.71,59,4,99,4,38,2,1.98%,37.62%,0,Đắk Nông,NTB,AM Nhung
NTB - Đắk Nông,(DNO) Quảng Khê,Hàng Tồn,2026-08-22 - Thứ 7,101,98.02%,68.32%,0.00%,37.94,69,0,99,0,32,2,1.98%,31.68%,0,Đắk Nông,NTB,AM Nhung
NTB - Đắk Nông,(DNO) Nhân Cơ,Hàng Mới Ca 1,2026-08-27 - Thứ 5,161,57.14%,49.69%,0.00%,8.71,80,0,92,0,81,69,42.86%,50.31%,161,Đắk Nông,NTB,AM Duân
NTB - Đắk Nông,(DNO) Nhân Cơ,Hàng Mới Ca 1,2026-08-25 - Thứ 3,1,0.00%,0.00%,0.00%,,0,0,0,0,1,1,100.00%,100.00%,1,Đắk Nông,NTB,AM Duân
NTB - Đắk Nông,(DNO) Nhân Cơ,Hàng Mới Ca 1,2026-09-01 - Thứ 3,25,28.00%,8.00%,0.00%,8.5,2,0,7,0,23,18,72.00%,92.00%,25,Đắk Nông,NTB,AM Duân
NTB - Đắk Nông,(DNO) Nhân Cơ,Hàng Mới Ca 1,2026-09-02 - Thứ 4,12,75.00%,58.33%,0.00%,9.57,7,0,9,0,5,3,25.00%,41.67%,12,Đắk Nông,NTB,AM Duân
NTB - Đắk Nông,(DNO) Nhân Cơ,Hàng Mới Ca 1,2026-08-18 - Thứ 3,15,60.00%,53.33%,0.00%,6.13,8,0,9,0,7,6,40.00%,46.67%,15,Đắk Nông,NTB,AM Duân
NTB - Đắk Nông,(DNO) Nhân Cơ,Hàng Mới Ca 1,2026-08-21 - Thứ 6,13,100.00%,92.31%,0.00%,9.5,12,0,13,0,1,0,0.00%,7.69%,13,Đắk Nông,NTB,AM Duân
NTB - Đắk Nông,(DNO) Nhân Cơ,Hàng Mới Ca 1,2026-08-31 - Thứ 2,32,46.88%,40.63%,0.00%,9.31,13,0,15,0,19,17,53.12%,59.37%,32,Đắk Nông,NTB,AM Duân
NTB - Đắk Nông,(DNO) Nhân Cơ,Hàng Mới Ca 1,2026-09-08 - Thứ 3,26,84.62%,69.23%,0.00%,9.06,18,0,22,0,8,4,15.38%,30.77%,26,Đắk Nông,NTB,AM Duân
NTB - Đắk Nông,(DNO) Nhân Cơ,Hàng Mới Ca 1,2026-09-09 - Thứ 4,27,70.37%,70.37%,0.00%,8.37,19,0,19,0,8,8,29.63%,29.63%,27,Đắk Nông,NTB,AM Duân
NTB - Đắk Nông,(DNO) Nhân Cơ,Hàng Mới Ca 1,2026-09-03 - Thứ 5,26,80.77%,76.92%,0.00%,8.6,20,0,21,0,6,5,19.23%,23.08%,26,Đắk Nông,NTB,AM Duân
NTB - Đắk Nông,(DNO) Nhân Cơ,Hàng Mới Ca 1,2026-08-24 - Thứ 2,23,100.00%,86.96%,0.00%,7.7,20,0,23,0,3,0,0.00%,13.04%,23,Đắk Nông,NTB,AM Duân
NTB - Đắk Nông,(DNO) Nhân Cơ,Hàng Mới Ca 1,2026-09-05 - Thứ 7,30,90.00%,70.00%,0.00%,9.1,21,0,27,0,9,3,10.00%,30.00%,30,Đắk Nông,NTB,AM Duân
NTB - Đắk Nông,(DNO) Nhân Cơ,Hàng Mới Ca 1,2026-09-06 - Chủ Nhật,33,84.85%,66.67%,0.00%,8.41,22,0,28,0,11,5,15.15%,33.33%,33,Đắk Nông,NTB,AM Duân
NTB - Đắk Nông,(DNO) Nhân Cơ,Hàng Mới Ca 1,2026-08-29 - Thứ 7,28,92.86%,78.57%,0.00%,8.09,22,0,26,0,6,2,7.14%,21.43%,28,Đắk Nông,NTB,AM Duân
NTB - Đắk Nông,(DNO) Nhân Cơ,Hàng Mới Ca 1,2026-09-04 - Thứ 6,29,79.31%,75.86%,0.00%,9.45,22,0,23,0,7,6,20.69%,24.14%,29,Đắk Nông,NTB,AM Duân
NTB - Đắk Nông,(DNO) Nhân Cơ,Hàng Mới Ca 1,2026-08-30 - Chủ Nhật,39,74.36%,66.67%,0.00%,9.19,26,0,29,0,13,10,25.64%,33.33%,39,Đắk Nông,NTB,AM Duân
NTB - Đắk Nông,(DNO) Nhân Cơ,Hàng Mới Ca 1,2026-08-17 - Thứ 2,36,77.78%,75.00%,0.00%,8.22,27,0,28,0,9,8,22.22%,25.00%,36,Đắk Nông,NTB,AM Duân
NTB - Đắk Nông,(DNO) Nhân Cơ,Hàng Mới Ca 1,2026-08-28 - Thứ 6,37,86.49%,72.97%,0.00%,7.85,27,0,32,0,10,5,13.51%,27.03%,37,Đắk Nông,NTB,AM Duân
NTB - Đắk Nông,(DNO) Nhân Cơ,Hàng Mới Ca 1,2026-08-20 - Thứ 5,38,86.84%,76.32%,0.00%,7.93,29,0,33,0,9,5,13.16%,23.68%,38,Đắk Nông,NTB,AM Duân
NTB - Đắk Nông,(DNO) Nhân Cơ,Hàng Mới Ca 1,2026-09-13 - Chủ Nhật,34,97.06%,85.29%,0.00%,8.62,29,0,33,0,5,1,2.94%,14.71%,34,Đắk Nông,NTB,AM Duân
NTB - Đắk Nông,(DNO) Nhân Cơ,Hàng Mới Ca 1,2026-09-12 - Thứ 7,49,73.47%,61.22%,0.00%,7.63,30,0,36,0,19,13,26.53%,38.78%,49,Đắk Nông,NTB,AM Duân
NTB - Đắk Nông,(DNO) Nhân Cơ,Hàng Mới Ca 1,2026-08-22 - Thứ 7,42,80.95%,73.81%,0.00%,7.9,31,0,34,0,11,8,19.05%,26.19%,42,Đắk Nông,NTB,AM Duân
NTB - Đắk Nông,(DNO) Nhân Cơ,Hàng Mới Ca 1,2026-09-10 - Thứ 5,39,92.31%,82.05%,0.00%,8.59,32,0,36,0,7,3,7.69%,17.95%,39,Đắk Nông,NTB,AM Duân
NTB - Đắk Nông,(DNO) Nhân Cơ,Hàng Mới Ca 1,2026-09-11 - Thứ 6,35,97.14%,94.29%,0.00%,7.27,33,0,34,0,2,1,2.86%,5.71%,35,Đắk Nông,NTB,AM Duân
NTB - Đắk Nông,(DNO) Nhân Cơ,Hàng Mới Ca 1,2026-08-23 - Chủ Nhật,52,96.15%,69.23%,1.92%,8.28,36,1,50,1,15,2,3.85%,28.85%,52,Đắk Nông,NTB,AM Duân
NTB - Đắk Nông,(DNO) Nhân Cơ,Hàng Mới Ca 1,2026-08-19 - Thứ 4,42,100.00%,85.71%,0.00%,7.47,36,0,42,0,6,0,0.00%,14.29%,42,Đắk Nông,NTB,AM Duân
NTB - Đắk Nông,(DNO) Nhân Cơ,Hàng Mới Ca 1,2026-09-07 - Thứ 2,61,75.41%,60.66%,0.00%,8.41,37,0,46,0,24,15,24.59%,39.34%,61,Đắk Nông,NTB,AM Duân
NTB - Đắk Nông,(DNO) Nhân Cơ,Hàng Mới Ca 2,2026-09-08 - Thứ 3,10,0.00%,0.00%,0.00%,,0,0,0,0,10,10,100.00%,100.00%,10,Đắk Nông,NTB,AM Duân
NTB - Đắk Nông,(DNO) Nhân Cơ,Hàng Mới Ca 2,2026-08-20 - Thứ 5,31,0.00%,0.00%,0.00%,,0,0,0,0,31,31,100.00%,100.00%,31,Đắk Nông,NTB,AM Duân
NTB - Đắk Nông,(DNO) Nhân Cơ,Hàng Mới Ca 2,2026-08-30 - Chủ Nhật,24,0.00%,0.00%,0.00%,,0,0,0,0,24,24,100.00%,100.00%,24,Đắk Nông,NTB,AM Duân
NTB - Đắk Nông,(DNO) Nhân Cơ,Hàng Mới Ca 2,2026-09-06 - Chủ Nhật,30,0.00%,0.00%,0.00%,,0,0,0,0,30,30,100.00%,100.00%,30,Đắk Nông,NTB,AM Duân
NTB - Đắk Nông,(DNO) Nhân Cơ,Hàng Mới Ca 2,2026-08-29 - Thứ 7,27,0.00%,0.00%,0.00%,,0,0,0,0,27,27,100.00%,100.00%,27,Đắk Nông,NTB,AM Duân
NTB - Đắk Nông,(DNO) Nhân Cơ,Hàng Mới Ca 2,2026-08-17 - Thứ 2,18,0.00%,0.00%,0.00%,,0,0,0,0,18,18,100.00%,100.00%,18,Đắk Nông,NTB,AM Duân
NTB - Đắk Nông,(DNO) Nhân Cơ,Hàng Mới Ca 2,2026-09-12 - Thứ 7,20,0.00%,0.00%,0.00%,,0,0,0,0,20,20,100.00%,100.00%,20,Đắk Nông,NTB,AM Duân
NTB - Đắk Nông,(DNO) Nhân Cơ,Hàng Mới Ca 2,2026-08-31 - Thứ 2,7,0.00%,0.00%,0.00%,,0,0,0,0,7,7,100.00%,100.00%,7,Đắk Nông,NTB,AM Duân
NTB - Đắk Nông,(DNO) Nhân Cơ,Hàng Mới Ca 2,2026-08-18 - Thứ 3,38,0.00%,0.00%,0.00%,,0,0,0,0,38,38,100.00%,100.00%,38,Đắk Nông,NTB,AM Duân
NTB - Đắk Nông,(DNO) Nhân Cơ,Hàng Mới Ca 2,2026-09-05 - Thứ 7,14,0.00%,0.00%,0.00%,,0,0,0,0,14,14,100.00%,100.00%,14,Đắk Nông,NTB,AM Duân
NTB - Đắk Nông,(DNO) Nhân Cơ,Hàng Mới Ca 2,2026-09-07 - Thứ 2,19,5.26%,0.00%,0.00%,,0,0,1,0,19,18,94.74%,100.00%,19,Đắk Nông,NTB,AM Duân
NTB - Đắk Nông,(DNO) Nhân Cơ,Hàng Mới Ca 2,2026-09-03 - Thứ 5,5,0.00%,0.00%,0.00%,,0,0,0,0,5,5,100.00%,100.00%,5,Đắk Nông,NTB,AM Duân
NTB - Đắk Nông,(DNO) Nhân Cơ,Hàng Mới Ca 2,2026-08-24 - Thứ 2,11,0.00%,0.00%,0.00%,,0,0,0,0,11,11,100.00%,100.00%,11,Đắk Nông,NTB,AM Duân
NTB - Đắk Nông,(DNO) Nhân Cơ,Hàng Mới Ca 2,2026-09-01 - Thứ 3,30,0.00%,0.00%,0.00%,,0,0,0,0,30,30,100.00%,100.00%,30,Đắk Nông,NTB,AM Duân
NTB - Đắk Nông,(DNO) Nhân Cơ,Hàng Mới Ca 2,2026-09-04 - Thứ 6,16,0.00%,0.00%,0.00%,,0,0,0,0,16,16,100.00%,100.00%,16,Đắk Nông,NTB,AM Duân
NTB - Đắk Nông,(DNO) Nhân Cơ,Hàng Mới Ca 2,2026-08-23 - Chủ Nhật,12,0.00%,0.00%,0.00%,,0,0,0,0,12,12,100.00%,100.00%,12,Đắk Nông,NTB,AM Duân
NTB - Đắk Nông,(DNO) Nhân Cơ,Hàng Mới Ca 2,2026-08-22 - Thứ 7,5,0.00%,0.00%,0.00%,,0,0,0,0,5,5,100.00%,100.00%,5,Đắk Nông,NTB,AM Duân
NTB - Đắk Nông,(DNO) Nhân Cơ,Hàng Mới Ca 2,2026-08-19 - Thứ 4,40,2.50%,2.50%,0.00%,1,1,0,1,0,39,39,97.50%,97.50%,40,Đắk Nông,NTB,AM Duân
NTB - Đắk Nông,(DNO) Nhân Cơ,Hàng Mới Ca 2,2026-09-02 - Thứ 4,31,3.23%,3.23%,0.00%,3,1,0,1,0,30,30,96.77%,96.77%,31,Đắk Nông,NTB,AM Duân
NTB - Đắk Nông,(DNO) Nhân Cơ,Hàng Mới Ca 2,2026-09-09 - Thứ 4,24,4.17%,4.17%,0.00%,5,1,0,1,0,23,23,95.83%,95.83%,24,Đắk Nông,NTB,AM Duân
NTB - Đắk Nông,(DNO) Nhân Cơ,Hàng Mới Ca 2,2026-09-10 - Thứ 5,24,4.17%,4.17%,0.00%,5,1,0,1,0,23,23,95.83%,95.83%,24,Đắk Nông,NTB,AM Duân
NTB - Đắk Nông,(DNO) Nhân Cơ,Hàng Mới Ca 2,2026-08-28 - Thứ 6,21,4.76%,4.76%,0.00%,1,1,0,1,0,20,20,95.24%,95.24%,21,Đắk Nông,NTB,AM Duân
NTB - Đắk Nông,(DNO) Nhân Cơ,Hàng Mới Ca 2,2026-09-11 - Thứ 6,8,12.50%,12.50%,0.00%,2,1,0,1,0,7,7,87.50%,87.50%,8,Đắk Nông,NTB,AM Duân
NTB - Đắk Nông,(DNO) Nhân Cơ,Hàng Mới Ca 2,2026-08-27 - Thứ 5,34,5.88%,5.88%,0.00%,5,2,0,2,0,32,32,94.12%,94.12%,34,Đắk Nông,NTB,AM Duân
NTB - Đắk Nông,(DNO) Nhân Cơ,Hàng Mới Ca 2,2026-09-13 - Chủ Nhật,32,9.38%,9.38%,0.00%,3,3,0,3,0,29,29,90.62%,90.62%,32,Đắk Nông,NTB,AM Duân
NTB - Đắk Nông,(DNO) Nhân Cơ,Hàng Mới Ca 2,2026-08-21 - Thứ 6,40,10.00%,10.00%,0.00%,1.5,4,0,4,0,36,36,90.00%,90.00%,40,Đắk Nông,NTB,AM Duân
NTB - Đắk Nông,(DNO) Nhân Cơ,Hàng Tồn,2026-09-02 - Thứ 4,124,75.00%,54.03%,5.65%,51.18,67,7,93,7,50,31,25.00%,40.32%,0,Đắk Nông,NTB,AM Duân
NTB - Đắk Nông,(DNO) Nhân Cơ,Hàng Tồn,2026-08-28 - Thứ 6,133,70.68%,50.38%,3.01%,40.76,67,4,94,4,62,39,29.32%,46.61%,0,Đắk Nông,NTB,AM Duân
NTB - Đắk Nông,(DNO) Nhân Cơ,Hàng Tồn,2026-08-25 - Thứ 3,32,6.25%,0.00%,6.25%,,0,2,2,2,30,30,93.75%,93.75%,0,Đắk Nông,NTB,AM Duân
NTB - Đắk Nông,(DNO) Nhân Cơ,Hàng Tồn,2026-08-26 - Thứ 4,31,6.45%,0.00%,6.45%,,0,2,2,2,29,29,93.55%,93.55%,0,Đắk Nông,NTB,AM Duân
NTB - Đắk Nông,(DNO) Nhân Cơ,Hàng Tồn,2026-08-27 - Thứ 5,29,41.38%,17.24%,10.34%,92.8,5,3,12,3,21,17,58.62%,72.42%,0,Đắk Nông,NTB,AM Duân
NTB - Đắk Nông,(DNO) Nhân Cơ,Hàng Tồn,2026-09-01 - Thứ 3,79,20.25%,7.59%,1.27%,72.17,6,1,16,1,72,63,79.75%,91.14%,0,Đắk Nông,NTB,AM Duân
NTB - Đắk Nông,(DNO) Nhân Cơ,Hàng Tồn,2026-09-12 - Thứ 7,38,55.26%,23.68%,5.26%,37.56,9,2,21,2,27,17,44.74%,71.06%,0,Đắk Nông,NTB,AM Duân
NTB - Đắk Nông,(DNO) Nhân Cơ,Hàng Tồn,2026-08-31 - Thứ 2,71,39.44%,18.31%,5.63%,32.85,13,4,28,4,54,43,60.56%,76.06%,0,Đắk Nông,NTB,AM Duân
NTB - Đắk Nông,(DNO) Nhân Cơ,Hàng Tồn,2026-08-18 - Thứ 3,51,60.78%,25.49%,1.96%,45.54,13,1,31,1,37,20,39.22%,72.55%,0,Đắk Nông,NTB,AM Duân
NTB - Đắk Nông,(DNO) Nhân Cơ,Hàng Tồn,2026-09-05 - Thứ 7,45,57.78%,35.56%,4.44%,44.06,16,2,26,2,27,19,42.22%,60.00%,0,Đắk Nông,NTB,AM Duân
NTB - Đắk Nông,(DNO) Nhân Cơ,Hàng Tồn,2026-09-09 - Thứ 4,57,50.88%,36.84%,1.75%,48.62,21,1,29,1,35,28,49.12%,61.41%,0,Đắk Nông,NTB,AM Duân
NTB - Đắk Nông,(DNO) Nhân Cơ,Hàng Tồn,2026-08-23 - Chủ Nhật,46,82.61%,52.17%,0.00%,64.46,24,0,38,0,22,8,17.39%,47.83%,0,Đắk Nông,NTB,AM Duân
NTB - Đắk Nông,(DNO) Nhân Cơ,Hàng Tồn,2026-09-06 - Chủ Nhật,49,91.84%,53.06%,6.12%,47.92,26,3,45,3,20,4,8.16%,40.82%,0,Đắk Nông,NTB,AM Duân
NTB - Đắk Nông,(DNO) Nhân Cơ,Hàng Tồn,2026-09-04 - Thứ 6,49,73.47%,55.10%,0.00%,63.96,27,0,36,0,22,13,26.53%,44.90%,0,Đắk Nông,NTB,AM Duân
NTB - Đắk Nông,(DNO) Nhân Cơ,Hàng Tồn,2026-09-11 - Thứ 6,60,70.00%,46.67%,5.00%,57.57,28,3,42,3,29,18,30.00%,48.33%,0,Đắk Nông,NTB,AM Duân
NTB - Đắk Nông,(DNO) Nhân Cơ,Hàng Tồn,2026-08-24 - Thứ 2,49,93.88%,57.14%,6.12%,48.89,28,3,46,3,18,3,6.12%,36.74%,0,Đắk Nông,NTB,AM Duân
NTB - Đắk Nông,(DNO) Nhân Cơ,Hàng Tồn,2026-08-17 - Thứ 2,59,89.83%,49.15%,5.08%,45.62,29,3,53,3,27,6,10.17%,45.77%,0,Đắk Nông,NTB,AM Duân
NTB - Đắk Nông,(DNO) Nhân Cơ,Hàng Tồn,2026-09-07 - Thứ 2,62,61.29%,46.77%,3.23%,43.97,29,2,38,2,31,24,38.71%,50.00%,0,Đắk Nông,NTB,AM Duân
NTB - Đắk Nông,(DNO) Nhân Cơ,Hàng Tồn,2026-09-08 - Thứ 3,72,52.78%,41.67%,1.39%,31,30,1,38,1,41,34,47.22%,56.94%,0,Đắk Nông,NTB,AM Duân
NTB - Đắk Nông,(DNO) Nhân Cơ,Hàng Tồn,2026-09-13 - Chủ Nhật,64,65.63%,46.88%,1.56%,36.93,30,1,42,1,33,22,34.37%,51.56%,0,Đắk Nông,NTB,AM Duân
NTB - Đắk Nông,(DNO) Nhân Cơ,Hàng Tồn,2026-08-22 - Thứ 7,59,62.71%,50.85%,1.69%,29.7,30,1,37,1,28,22,37.29%,47.46%,0,Đắk Nông,NTB,AM Duân
NTB - Đắk Nông,(DNO) Nhân Cơ,Hàng Tồn,2026-08-30 - Chủ Nhật,70,82.86%,44.29%,1.43%,54.03,31,1,58,1,38,12,17.14%,54.28%,0,Đắk Nông,NTB,AM Duân
NTB - Đắk Nông,(DNO) Nhân Cơ,Hàng Tồn,2026-09-10 - Thứ 5,65,81.54%,52.31%,1.54%,51.29,34,1,53,1,30,12,18.46%,46.15%,0,Đắk Nông,NTB,AM Duân
NTB - Đắk Nông,(DNO) Nhân Cơ,Hàng Tồn,2026-08-21 - Thứ 6,60,98.33%,56.67%,3.33%,35.26,34,2,59,2,24,1,1.67%,40.00%,0,Đắk Nông,NTB,AM Duân
NTB - Đắk Nông,(DNO) Nhân Cơ,Hàng Tồn,2026-08-20 - Thứ 5,62,80.65%,61.29%,4.84%,32.89,38,3,50,3,21,12,19.35%,33.87%,0,Đắk Nông,NTB,AM Duân
NTB - Đắk Nông,(DNO) Nhân Cơ,Hàng Tồn,2026-09-03 - Thứ 5,84,73.81%,48.81%,4.76%,53.56,41,4,62,4,39,22,26.19%,46.43%,0,Đắk Nông,NTB,AM Duân
NTB - Đắk Nông,(DNO) Nhân Cơ,Hàng Tồn,2026-08-29 - Thứ 7,92,89.13%,50.00%,2.17%,47.35,46,2,82,2,44,10,10.87%,47.83%,0,Đắk Nông,NTB,AM Duân
NTB - Đắk Nông,(DNO) Nhân Cơ,Hàng Tồn,2026-08-19 - Thứ 4,81,98.77%,76.54%,1.23%,43.58,62,1,80,1,18,1,1.23%,22.23%,0,Đắk Nông,NTB,AM Duân
NTB - Đắk Nông,(DNO) Krông Nô,Hàng Mới Ca 1,2026-08-20 - Thứ 5,127,99.21%,76.38%,0.00%,9.14,97,0,126,0,30,1,0.79%,23.62%,127,Đắk Nông,NTB,AM Nhung
NTB - Đắk Nông,(DNO) Krông Nô,Hàng Mới Ca 1,2026-09-06 - Chủ Nhật,111,100.00%,80.18%,0.00%,10.06,89,0,111,0,22,0,0.00%,19.82%,111,Đắk Nông,NTB,AM Nhung
NTB - Đắk Nông,(DNO) Krông Nô,Hàng Mới Ca 1,2026-08-17 - Thứ 2,108,100.00%,76.85%,0.00%,8.96,83,0,108,0,25,0,0.00%,23.15%,108,Đắk Nông,NTB,AM Nhung
NTB - Đắk Nông,(DNO) Krông Nô,Hàng Mới Ca 1,2026-08-27 - Thứ 5,131,100.00%,80.15%,0.00%,11.73,105,0,131,0,26,0,0.00%,19.85%,131,Đắk Nông,NTB,AM Nhung
NTB - Đắk Nông,(DNO) Krông Nô,Hàng Mới Ca 1,2026-08-25 - Thứ 3,89,100.00%,80.90%,0.00%,12.63,72,0,89,0,17,0,0.00%,19.10%,89,Đắk Nông,NTB,AM Nhung
NTB - Đắk Nông,(DNO) Krông Nô,Hàng Mới Ca 1,2026-09-10 - Thứ 5,119,100.00%,76.47%,0.00%,10.44,91,0,119,0,28,0,0.00%,23.53%,119,Đắk Nông,NTB,AM Nhung
NTB - Đắk Nông,(DNO) Krông Nô,Hàng Mới Ca 1,2026-09-05 - Thứ 7,99,98.99%,74.75%,0.00%,10.85,74,0,98,0,25,1,1.01%,25.25%,99,Đắk Nông,NTB,AM Nhung
NTB - Đắk Nông,(DNO) Krông Nô,Hàng Mới Ca 1,2026-08-28 - Thứ 6,119,100.00%,72.27%,0.00%,10.59,86,0,119,0,33,0,0.00%,27.73%,119,Đắk Nông,NTB,AM Nhung
NTB - Đắk Nông,(DNO) Krông Nô,Hàng Mới Ca 1,2026-09-07 - Thứ 2,114,100.00%,72.81%,0.00%,10.58,83,0,114,0,31,0,0.00%,27.19%,114,Đắk Nông,NTB,AM Nhung
NTB - Đắk Nông,(DNO) Krông Nô,Hàng Mới Ca 1,2026-08-26 - Thứ 4,82,100.00%,81.71%,0.00%,8.81,67,0,82,0,15,0,0.00%,18.29%,82,Đắk Nông,NTB,AM Nhung
NTB - Đắk Nông,(DNO) Krông Nô,Hàng Mới Ca 1,2026-09-08 - Thứ 3,28,100.00%,75.00%,0.00%,7.19,21,0,28,0,7,0,0.00%,25.00%,28,Đắk Nông,NTB,AM Nhung
NTB - Đắk Nông,(DNO) Krông Nô,Hàng Mới Ca 1,2026-08-29 - Thứ 7,50,100.00%,64.00%,0.00%,7.81,32,0,50,0,18,0,0.00%,36.00%,50,Đắk Nông,NTB,AM Nhung
NTB - Đắk Nông,(DNO) Krông Nô,Hàng Mới Ca 1,2026-09-11 - Thứ 6,44,100.00%,72.73%,0.00%,11.38,32,0,44,0,12,0,0.00%,27.27%,44,Đắk Nông,NTB,AM Nhung
NTB - Đắk Nông,(DNO) Krông Nô,Hàng Mới Ca 1,2026-09-04 - Thứ 6,62,98.39%,77.42%,0.00%,13.46,48,0,61,0,14,1,1.61%,22.58%,62,Đắk Nông,NTB,AM Nhung
NTB - Đắk Nông,(DNO) Krông Nô,Hàng Mới Ca 1,2026-09-09 - Thứ 4,82,100.00%,59.76%,0.00%,12.08,49,0,82,0,33,0,0.00%,40.24%,82,Đắk Nông,NTB,AM Nhung
NTB - Đắk Nông,(DNO) Krông Nô,Hàng Mới Ca 1,2026-09-02 - Thứ 4,88,100.00%,67.05%,1.14%,9.9,59,1,88,1,28,0,0.00%,31.81%,88,Đắk Nông,NTB,AM Nhung
NTB - Đắk Nông,(DNO) Krông Nô,Hàng Mới Ca 1,2026-08-24 - Thứ 2,68,100.00%,86.76%,0.00%,10.54,59,0,68,0,9,0,0.00%,13.24%,68,Đắk Nông,NTB,AM Nhung
NTB - Đắk Nông,(DNO) Krông Nô,Hàng Mới Ca 1,2026-08-22 - Thứ 7,75,100.00%,78.67%,0.00%,13.07,59,0,75,0,16,0,0.00%,21.33%,75,Đắk Nông,NTB,AM Nhung
NTB - Đắk Nông,(DNO) Krông Nô,Hàng Mới Ca 1,2026-08-30 - Chủ Nhật,76,98.68%,80.26%,0.00%,9.84,61,0,75,0,15,1,1.32%,19.74%,76,Đắk Nông,NTB,AM Nhung
NTB - Đắk Nông,(DNO) Krông Nô,Hàng Mới Ca 1,2026-08-18 - Thứ 3,86,100.00%,73.26%,0.00%,7.98,63,0,86,0,23,0,0.00%,26.74%,86,Đắk Nông,NTB,AM Nhung
NTB - Đắk Nông,(DNO) Krông Nô,Hàng Mới Ca 1,2026-09-03 - Thứ 5,79,100.00%,81.01%,0.00%,11.13,64,0,79,0,15,0,0.00%,18.99%,79,Đắk Nông,NTB,AM Nhung
NTB - Đắk Nông,(DNO) Krông Nô,Hàng Mới Ca 1,2026-09-01 - Thứ 3,77,100.00%,83.12%,0.00%,9.83,64,0,77,0,13,0,0.00%,16.88%,77,Đắk Nông,NTB,AM Nhung
NTB - Đắk Nông,(DNO) Krông Nô,Hàng Mới Ca 1,2026-08-23 - Chủ Nhật,76,100.00%,89.47%,0.00%,10.79,68,0,76,0,8,0,0.00%,10.53%,76,Đắk Nông,NTB,AM Nhung
NTB - Đắk Nông,(DNO) Krông Nô,Hàng Mới Ca 1,2026-09-13 - Chủ Nhật,84,100.00%,80.95%,0.00%,9.81,68,0,84,0,16,0,0.00%,19.05%,84,Đắk Nông,NTB,AM Nhung
NTB - Đắk Nông,(DNO) Krông Nô,Hàng Mới Ca 1,2026-09-12 - Thứ 7,97,100.00%,77.32%,0.00%,11.35,75,0,97,0,22,0,0.00%,22.68%,97,Đắk Nông,NTB,AM Nhung
NTB - Đắk Nông,(DNO) Krông Nô,Hàng Mới Ca 1,2026-08-21 - Thứ 6,102,100.00%,74.51%,0.00%,12.46,76,0,102,0,26,0,0.00%,25.49%,102,Đắk Nông,NTB,AM Nhung
NTB - Đắk Nông,(DNO) Krông Nô,Hàng Mới Ca 1,2026-08-19 - Thứ 4,108,100.00%,78.70%,0.00%,11.59,85,0,108,0,23,0,0.00%,21.30%,108,Đắk Nông,NTB,AM Nhung
NTB - Đắk Nông,(DNO) Krông Nô,Hàng Mới Ca 1,2026-08-31 - Thứ 2,112,99.11%,75.89%,0.00%,11.71,85,0,111,0,27,1,0.89%,24.11%,112,Đắk Nông,NTB,AM Nhung
NTB - Đắk Nông,(DNO) Krông Nô,Hàng Mới Ca 2,2026-08-17 - Thứ 2,10,30.00%,20.00%,0.00%,2.5,2,0,3,0,8,7,70.00%,80.00%,10,Đắk Nông,NTB,AM Nhung
NTB - Đắk Nông,(DNO) Krông Nô,Hàng Mới Ca 2,2026-08-31 - Thứ 2,19,21.05%,10.53%,0.00%,1.5,2,0,4,0,17,15,78.95%,89.47%,19,Đắk Nông,NTB,AM Nhung
NTB - Đắk Nông,(DNO) Krông Nô,Hàng Mới Ca 2,2026-08-27 - Thứ 5,42,16.67%,9.52%,0.00%,2.75,4,0,7,0,38,35,83.33%,90.48%,42,Đắk Nông,NTB,AM Nhung
NTB - Đắk Nông,(DNO) Krông Nô,Hàng Mới Ca 2,2026-08-24 - Thứ 2,43,16.28%,9.30%,0.00%,1.75,4,0,7,0,39,36,83.72%,90.70%,43,Đắk Nông,NTB,AM Nhung
NTB - Đắk Nông,(DNO) Krông Nô,Hàng Mới Ca 2,2026-09-02 - Thứ 4,33,24.24%,15.15%,0.00%,2,5,0,8,0,28,25,75.76%,84.85%,33,Đắk Nông,NTB,AM Nhung
NTB - Đắk Nông,(DNO) Krông Nô,Hàng Mới Ca 2,2026-08-18 - Thứ 3,32,21.88%,15.63%,0.00%,1.8,5,0,7,0,27,25,78.12%,84.37%,32,Đắk Nông,NTB,AM Nhung
NTB - Đắk Nông,(DNO) Krông Nô,Hàng Mới Ca 2,2026-09-01 - Thứ 3,32,21.88%,18.75%,0.00%,1.33,6,0,7,0,26,25,78.12%,81.25%,32,Đắk Nông,NTB,AM Nhung
NTB - Đắk Nông,(DNO) Krông Nô,Hàng Mới Ca 2,2026-08-19 - Thứ 4,52,15.38%,13.46%,0.00%,1.71,7,0,8,0,45,44,84.62%,86.54%,52,Đắk Nông,NTB,AM Nhung
NTB - Đắk Nông,(DNO) Krông Nô,Hàng Mới Ca 2,2026-09-10 - Thứ 5,35,31.43%,20.00%,0.00%,1.43,7,0,11,0,28,24,68.57%,80.00%,35,Đắk Nông,NTB,AM Nhung
NTB - Đắk Nông,(DNO) Krông Nô,Hàng Mới Ca 2,2026-09-07 - Thứ 2,36,22.22%,19.44%,0.00%,1.14,7,0,8,0,29,28,77.78%,80.56%,36,Đắk Nông,NTB,AM Nhung
NTB - Đắk Nông,(DNO) Krông Nô,Hàng Mới Ca 2,2026-08-30 - Chủ Nhật,59,22.03%,13.56%,0.00%,2.13,8,0,13,0,51,46,77.97%,86.44%,59,Đắk Nông,NTB,AM Nhung
NTB - Đắk Nông,(DNO) Krông Nô,Hàng Mới Ca 2,2026-08-25 - Thứ 3,39,23.08%,20.51%,0.00%,2.5,8,0,9,0,31,30,76.92%,79.49%,39,Đắk Nông,NTB,AM Nhung
NTB - Đắk Nông,(DNO) Krông Nô,Hàng Mới Ca 2,2026-08-28 - Thứ 6,49,20.41%,16.33%,0.00%,2.63,8,0,10,0,41,39,79.59%,83.67%,49,Đắk Nông,NTB,AM Nhung
NTB - Đắk Nông,(DNO) Krông Nô,Hàng Mới Ca 2,2026-09-04 - Thứ 6,42,19.05%,19.05%,0.00%,1.13,8,0,8,0,34,34,80.95%,80.95%,42,Đắk Nông,NTB,AM Nhung
NTB - Đắk Nông,(DNO) Krông Nô,Hàng Mới Ca 2,2026-08-21 - Thứ 6,29,34.48%,31.03%,0.00%,1.89,9,0,10,0,20,19,65.52%,68.97%,29,Đắk Nông,NTB,AM Nhung
NTB - Đắk Nông,(DNO) Krông Nô,Hàng Mới Ca 2,2026-09-06 - Chủ Nhật,45,24.44%,22.22%,0.00%,2.1,10,0,11,0,35,34,75.56%,77.78%,45,Đắk Nông,NTB,AM Nhung
NTB - Đắk Nông,(DNO) Krông Nô,Hàng Mới Ca 2,2026-09-12 - Thứ 7,50,30.00%,22.00%,0.00%,1.55,11,0,15,0,39,35,70.00%,78.00%,50,Đắk Nông,NTB,AM Nhung
NTB - Đắk Nông,(DNO) Krông Nô,Hàng Mới Ca 2,2026-09-13 - Chủ Nhật,38,39.47%,28.95%,0.00%,1.36,11,0,15,0,27,23,60.53%,71.05%,38,Đắk Nông,NTB,AM Nhung
NTB - Đắk Nông,(DNO) Krông Nô,Hàng Mới Ca 2,2026-08-20 - Thứ 5,49,26.53%,24.49%,0.00%,2.58,12,0,13,0,37,36,73.47%,75.51%,49,Đắk Nông,NTB,AM Nhung
NTB - Đắk Nông,(DNO) Krông Nô,Hàng Mới Ca 2,2026-08-23 - Chủ Nhật,65,29.23%,20.00%,0.00%,2.08,13,0,19,0,52,46,70.77%,80.00%,65,Đắk Nông,NTB,AM Nhung
NTB - Đắk Nông,(DNO) Krông Nô,Hàng Mới Ca 2,2026-09-08 - Thứ 3,58,37.93%,24.14%,0.00%,1.5,14,0,22,0,44,36,62.07%,75.86%,58,Đắk Nông,NTB,AM Nhung
NTB - Đắk Nông,(DNO) Krông Nô,Hàng Mới Ca 2,2026-08-29 - Thứ 7,96,21.88%,14.58%,0.00%,2.07,14,0,21,0,82,75,78.12%,85.42%,96,Đắk Nông,NTB,AM Nhung
NTB - Đắk Nông,(DNO) Krông Nô,Hàng Mới Ca 2,2026-09-09 - Thứ 4,75,26.67%,18.67%,0.00%,1.57,14,0,20,0,61,55,73.33%,81.33%,75,Đắk Nông,NTB,AM Nhung
NTB - Đắk Nông,(DNO) Krông Nô,Hàng Mới Ca 2,2026-08-26 - Thứ 4,78,21.79%,21.79%,0.00%,2.41,17,0,17,0,61,61,78.21%,78.21%,78,Đắk Nông,NTB,AM Nhung
NTB - Đắk Nông,(DNO) Krông Nô,Hàng Mới Ca 2,2026-09-11 - Thứ 6,67,34.33%,25.37%,0.00%,1.76,17,0,23,0,50,44,65.67%,74.63%,67,Đắk Nông,NTB,AM Nhung
NTB - Đắk Nông,(DNO) Krông Nô,Hàng Mới Ca 2,2026-08-22 - Thứ 7,91,28.57%,18.68%,0.00%,2.71,17,0,26,0,74,65,71.43%,81.32%,91,Đắk Nông,NTB,AM Nhung
NTB - Đắk Nông,(DNO) Krông Nô,Hàng Mới Ca 2,2026-09-05 - Thứ 7,74,29.73%,24.32%,0.00%,1.56,18,0,22,0,56,52,70.27%,75.68%,74,Đắk Nông,NTB,AM Nhung
NTB - Đắk Nông,(DNO) Krông Nô,Hàng Tồn,2026-08-30 - Chủ Nhật,143,100.00%,58.04%,3.50%,28.35,83,5,143,5,55,0,0.00%,38.46%,0,Đắk Nông,NTB,AM Nhung
NTB - Đắk Nông,(DNO) Krông Nô,Hàng Tồn,2026-08-23 - Chủ Nhật,133,99.25%,58.65%,3.01%,27.99,78,4,132,4,51,1,0.75%,38.34%,0,Đắk Nông,NTB,AM Nhung
NTB - Đắk Nông,(DNO) Krông Nô,Hàng Tồn,2026-09-04 - Thứ 6,53,100.00%,43.40%,1.89%,46.57,23,1,53,1,29,0,0.00%,54.71%,0,Đắk Nông,NTB,AM Nhung
NTB - Đắk Nông,(DNO) Krông Nô,Hàng Tồn,2026-08-18 - Thứ 3,67,100.00%,38.81%,4.48%,41.19,26,3,67,3,38,0,0.00%,56.71%,0,Đắk Nông,NTB,AM Nhung
NTB - Đắk Nông,(DNO) Krông Nô,Hàng Tồn,2026-09-02 - Thứ 4,70,100.00%,47.14%,11.43%,32.48,33,8,70,8,29,0,0.00%,41.43%,0,Đắk Nông,NTB,AM Nhung
NTB - Đắk Nông,(DNO) Krông Nô,Hàng Tồn,2026-08-22 - Thứ 7,85,100.00%,38.82%,5.88%,38.45,33,5,85,5,47,0,0.00%,55.30%,0,Đắk Nông,NTB,AM Nhung
NTB - Đắk Nông,(DNO) Krông Nô,Hàng Tồn,2026-09-05 - Thứ 7,72,100.00%,48.61%,1.39%,29.86,35,1,72,1,36,0,0.00%,50.00%,0,Đắk Nông,NTB,AM Nhung
NTB - Đắk Nông,(DNO) Krông Nô,Hàng Tồn,2026-09-03 - Thứ 5,79,100.00%,44.30%,5.06%,42.86,35,4,79,4,40,0,0.00%,50.64%,0,Đắk Nông,NTB,AM Nhung
NTB - Đắk Nông,(DNO) Krông Nô,Hàng Tồn,2026-09-09 - Thứ 4,89,100.00%,41.57%,5.62%,30.65,37,5,89,5,47,0,0.00%,52.81%,0,Đắk Nông,NTB,AM Nhung
NTB - Đắk Nông,(DNO) Krông Nô,Hàng Tồn,2026-08-19 - Thứ 4,87,100.00%,48.28%,6.90%,37.33,42,6,87,6,39,0,0.00%,44.82%,0,Đắk Nông,NTB,AM Nhung
NTB - Đắk Nông,(DNO) Krông Nô,Hàng Tồn,2026-08-17 - Thứ 2,84,100.00%,50.00%,2.38%,32.19,42,2,84,2,40,0,0.00%,47.62%,0,Đắk Nông,NTB,AM Nhung
NTB - Đắk Nông,(DNO) Krông Nô,Hàng Tồn,2026-09-12 - Thứ 7,103,98.06%,40.78%,1.94%,31.55,42,2,101,2,59,2,1.94%,57.28%,0,Đắk Nông,NTB,AM Nhung
NTB - Đắk Nông,(DNO) Krông Nô,Hàng Tồn,2026-08-25 - Thứ 3,81,100.00%,58.02%,1.23%,37.04,47,1,81,1,33,0,0.00%,40.75%,0,Đắk Nông,NTB,AM Nhung
NTB - Đắk Nông,(DNO) Krông Nô,Hàng Tồn,2026-08-26 - Thứ 4,78,98.72%,60.26%,7.69%,39.81,47,6,77,6,25,1,1.28%,32.05%,0,Đắk Nông,NTB,AM Nhung
NTB - Đắk Nông,(DNO) Krông Nô,Hàng Tồn,2026-09-08 - Thứ 3,95,100.00%,52.63%,2.11%,34.52,50,2,95,2,43,0,0.00%,45.26%,0,Đắk Nông,NTB,AM Nhung
NTB - Đắk Nông,(DNO) Krông Nô,Hàng Tồn,2026-08-31 - Thứ 2,116,98.28%,43.97%,7.76%,31.88,51,9,114,9,56,2,1.72%,48.27%,0,Đắk Nông,NTB,AM Nhung
NTB - Đắk Nông,(DNO) Krông Nô,Hàng Tồn,2026-09-01 - Thứ 3,91,98.90%,58.24%,0.00%,39.43,53,0,90,0,38,1,1.10%,41.76%,0,Đắk Nông,NTB,AM Nhung
NTB - Đắk Nông,(DNO) Krông Nô,Hàng Tồn,2026-08-21 - Thứ 6,101,99.01%,53.47%,0.99%,31.83,54,1,100,1,46,1,0.99%,45.54%,0,Đắk Nông,NTB,AM Nhung
NTB - Đắk Nông,(DNO) Krông Nô,Hàng Tồn,2026-09-13 - Chủ Nhật,110,99.09%,49.09%,6.36%,35.83,54,7,109,7,49,1,0.91%,44.55%,0,Đắk Nông,NTB,AM Nhung
NTB - Đắk Nông,(DNO) Krông Nô,Hàng Tồn,2026-09-07 - Thứ 2,101,99.01%,54.46%,7.92%,36.82,55,8,100,8,38,1,0.99%,37.62%,0,Đắk Nông,NTB,AM Nhung
NTB - Đắk Nông,(DNO) Krông Nô,Hàng Tồn,2026-08-28 - Thứ 6,97,100.00%,57.73%,0.00%,34.71,56,0,97,0,41,0,0.00%,42.27%,0,Đắk Nông,NTB,AM Nhung
NTB - Đắk Nông,(DNO) Krông Nô,Hàng Tồn,2026-08-24 - Thứ 2,107,100.00%,53.27%,11.21%,30.67,57,12,107,12,38,0,0.00%,35.52%,0,Đắk Nông,NTB,AM Nhung
NTB - Đắk Nông,(DNO) Krông Nô,Hàng Tồn,2026-08-20 - Thứ 5,96,100.00%,60.42%,4.17%,34.21,58,4,96,4,34,0,0.00%,35.41%,0,Đắk Nông,NTB,AM Nhung
NTB - Đắk Nông,(DNO) Krông Nô,Hàng Tồn,2026-09-06 - Chủ Nhật,112,100.00%,53.57%,5.36%,27.32,60,6,112,6,46,0,0.00%,41.07%,0,Đắk Nông,NTB,AM Nhung
NTB - Đắk Nông,(DNO) Krông Nô,Hàng Tồn,2026-08-27 - Thứ 5,100,100.00%,60.00%,4.00%,30.97,60,4,100,4,36,0,0.00%,36.00%,0,Đắk Nông,NTB,AM Nhung
NTB - Đắk Nông,(DNO) Krông Nô,Hàng Tồn,2026-08-29 - Thứ 7,114,100.00%,56.14%,2.63%,33.38,64,3,114,3,47,0,0.00%,41.23%,0,Đắk Nông,NTB,AM Nhung
NTB - Đắk Nông,(DNO) Krông Nô,Hàng Tồn,2026-09-11 - Thứ 6,117,100.00%,54.70%,5.98%,40.58,64,7,117,7,46,0,0.00%,39.32%,0,Đắk Nông,NTB,AM Nhung
NTB - Đắk Nông,(DNO) Krông Nô,Hàng Tồn,2026-09-10 - Thứ 5,139,99.28%,47.48%,4.32%,33.29,66,6,138,6,67,1,0.72%,48.20%,0,Đắk Nông,NTB,AM Nhung
NTB - Đắk Nông,(DNO) Kiến Đức,Hàng Mới Ca 1,2026-08-24 - Thứ 2,110,14.55%,13.64%,0.00%,9.87,15,0,16,0,95,94,85.45%,86.36%,110,Đắk Nông,NTB,AM Nga
NTB - Đắk Nông,(DNO) Kiến Đức,Hàng Mới Ca 1,2026-08-25 - Thứ 3,93,27.96%,21.51%,0.00%,15.9,20,0,26,0,73,67,72.04%,78.49%,93,Đắk Nông,NTB,AM Nga
NTB - Đắk Nông,(DNO) Kiến Đức,Hàng Mới Ca 1,2026-08-18 - Thứ 3,65,47.69%,33.85%,0.00%,16.27,22,0,31,0,43,34,52.31%,66.15%,65,Đắk Nông,NTB,AM Nga
NTB - Đắk Nông,(DNO) Kiến Đức,Hàng Mới Ca 1,2026-08-21 - Thứ 6,85,31.76%,27.06%,0.00%,15.13,23,0,27,0,62,58,68.24%,72.94%,85,Đắk Nông,NTB,AM Nga
NTB - Đắk Nông,(DNO) Kiến Đức,Hàng Mới Ca 1,2026-08-23 - Chủ Nhật,92,33.70%,26.09%,0.00%,17.58,24,0,31,0,68,61,66.30%,73.91%,92,Đắk Nông,NTB,AM Nga
NTB - Đắk Nông,(DNO) Kiến Đức,Hàng Mới Ca 1,2026-09-03 - Thứ 5,61,70.49%,44.26%,0.00%,17.56,27,0,43,0,34,18,29.51%,55.74%,61,Đắk Nông,NTB,AM Nga
NTB - Đắk Nông,(DNO) Kiến Đức,Hàng Mới Ca 1,2026-08-29 - Thứ 7,92,46.74%,30.43%,0.00%,16.96,28,0,43,0,64,49,53.26%,69.57%,92,Đắk Nông,NTB,AM Nga
NTB - Đắk Nông,(DNO) Kiến Đức,Hàng Mới Ca 1,2026-08-30 - Chủ Nhật,103,44.66%,29.13%,0.00%,14.37,30,0,46,0,73,57,55.34%,70.87%,103,Đắk Nông,NTB,AM Nga
NTB - Đắk Nông,(DNO) Kiến Đức,Hàng Mới Ca 1,2026-09-05 - Thứ 7,75,69.33%,42.67%,0.00%,13.56,32,0,52,0,43,23,30.67%,57.33%,75,Đắk Nông,NTB,AM Nga
NTB - Đắk Nông,(DNO) Kiến Đức,Hàng Mới Ca 1,2026-08-26 - Thứ 4,95,44.21%,33.68%,0.00%,16.31,32,0,42,0,63,53,55.79%,66.32%,95,Đắk Nông,NTB,AM Nga
NTB - Đắk Nông,(DNO) Kiến Đức,Hàng Mới Ca 1,2026-09-01 - Thứ 3,104,41.35%,30.77%,0.00%,15.34,32,0,43,0,72,61,58.65%,69.23%,104,Đắk Nông,NTB,AM Nga
NTB - Đắk Nông,(DNO) Kiến Đức,Hàng Mới Ca 1,2026-08-17 - Thứ 2,94,53.19%,35.11%,2.13%,16.52,33,2,50,2,59,44,46.81%,62.76%,94,Đắk Nông,NTB,AM Nga
NTB - Đắk Nông,(DNO) Kiến Đức,Hàng Mới Ca 1,2026-09-02 - Thứ 4,83,56.63%,42.17%,0.00%,16.69,35,0,47,0,48,36,43.37%,57.83%,83,Đắk Nông,NTB,AM Nga
NTB - Đắk Nông,(DNO) Kiến Đức,Hàng Mới Ca 1,2026-09-12 - Thứ 7,104,53.85%,37.50%,0.00%,10.28,39,0,56,0,65,48,46.15%,62.50%,104,Đắk Nông,NTB,AM Nga
NTB - Đắk Nông,(DNO) Kiến Đức,Hàng Mới Ca 1,2026-08-28 - Thứ 6,128,42.19%,32.81%,0.00%,15.64,42,0,54,0,86,74,57.81%,67.19%,128,Đắk Nông,NTB,AM Nga
NTB - Đắk Nông,(DNO) Kiến Đức,Hàng Mới Ca 1,2026-08-22 - Thứ 7,134,46.27%,32.09%,0.00%,16.77,43,0,62,0,91,72,53.73%,67.91%,134,Đắk Nông,NTB,AM Nga
NTB - Đắk Nông,(DNO) Kiến Đức,Hàng Mới Ca 1,2026-08-31 - Thứ 2,123,52.03%,35.77%,0.00%,14.36,44,0,64,0,79,59,47.97%,64.23%,123,Đắk Nông,NTB,AM Nga
NTB - Đắk Nông,(DNO) Kiến Đức,Hàng Mới Ca 1,2026-09-13 - Chủ Nhật,125,40.80%,35.20%,0.00%,13.45,44,0,51,0,81,74,59.20%,64.80%,125,Đắk Nông,NTB,AM Nga
NTB - Đắk Nông,(DNO) Kiến Đức,Hàng Mới Ca 1,2026-08-20 - Thứ 5,126,43.65%,35.71%,0.00%,17.04,45,0,55,0,81,71,56.35%,64.29%,126,Đắk Nông,NTB,AM Nga
NTB - Đắk Nông,(DNO) Kiến Đức,Hàng Mới Ca 1,2026-08-19 - Thứ 4,140,39.29%,32.86%,0.00%,15.72,46,0,55,0,94,85,60.71%,67.14%,140,Đắk Nông,NTB,AM Nga
NTB - Đắk Nông,(DNO) Kiến Đức,Hàng Mới Ca 1,2026-09-10 - Thứ 5,89,60.67%,53.93%,0.00%,13.92,48,0,54,0,41,35,39.33%,46.07%,89,Đắk Nông,NTB,AM Nga
NTB - Đắk Nông,(DNO) Kiến Đức,Hàng Mới Ca 1,2026-08-27 - Thứ 5,118,59.32%,45.76%,0.00%,12.46,54,0,70,0,64,48,40.68%,54.24%,118,Đắk Nông,NTB,AM Nga
NTB - Đắk Nông,(DNO) Kiến Đức,Hàng Mới Ca 1,2026-09-09 - Thứ 4,114,68.42%,47.37%,0.00%,12.57,54,0,78,0,60,36,31.58%,52.63%,114,Đắk Nông,NTB,AM Nga
NTB - Đắk Nông,(DNO) Kiến Đức,Hàng Mới Ca 1,2026-09-08 - Thứ 3,92,71.74%,59.78%,0.00%,14.05,55,0,66,0,37,26,28.26%,40.22%,92,Đắk Nông,NTB,AM Nga
NTB - Đắk Nông,(DNO) Kiến Đức,Hàng Mới Ca 1,2026-09-07 - Thứ 2,126,74.60%,46.83%,0.00%,13.78,59,0,94,0,67,32,25.40%,53.17%,126,Đắk Nông,NTB,AM Nga
NTB - Đắk Nông,(DNO) Kiến Đức,Hàng Mới Ca 1,2026-09-04 - Thứ 6,116,62.07%,51.72%,0.00%,11.15,60,0,72,0,56,44,37.93%,48.28%,116,Đắk Nông,NTB,AM Nga
NTB - Đắk Nông,(DNO) Kiến Đức,Hàng Mới Ca 1,2026-09-06 - Chủ Nhật,133,92.48%,46.62%,0.00%,13.61,62,0,123,0,71,10,7.52%,53.38%,133,Đắk Nông,NTB,AM Nga
NTB - Đắk Nông,(DNO) Kiến Đức,Hàng Mới Ca 1,2026-09-11 - Thứ 6,141,74.47%,48.23%,0.00%,14.93,68,0,105,0,73,36,25.53%,51.77%,141,Đắk Nông,NTB,AM Nga
NTB - Đắk Nông,(DNO) Kiến Đức,Hàng Mới Ca 2,2026-08-21 - Thứ 6,1,0.00%,0.00%,0.00%,,0,0,0,0,1,1,100.00%,100.00%,1,Đắk Nông,NTB,AM Nga
NTB - Đắk Nông,(DNO) Kiến Đức,Hàng Mới Ca 2,2026-08-25 - Thứ 3,1,100.00%,100.00%,0.00%,4,1,0,1,0,0,0,0.00%,0.00%,1,Đắk Nông,NTB,AM Nga
NTB - Đắk Nông,(DNO) Kiến Đức,Hàng Tồn,2026-08-25 - Thứ 3,461,42.73%,21.69%,0.43%,108.04,100,2,197,2,359,264,57.27%,77.88%,0,Đắk Nông,NTB,AM Nga
NTB - Đắk Nông,(DNO) Kiến Đức,Hàng Tồn,2026-08-26 - Thứ 4,405,36.79%,23.46%,1.98%,101.53,95,8,149,8,302,256,63.21%,74.56%,0,Đắk Nông,NTB,AM Nga
NTB - Đắk Nông,(DNO) Kiến Đức,Hàng Tồn,2026-08-19 - Thứ 4,326,6.75%,3.07%,0.61%,109,10,2,22,2,314,304,93.25%,96.32%,0,Đắk Nông,NTB,AM Nga
NTB - Đắk Nông,(DNO) Kiến Đức,Hàng Tồn,2026-08-29 - Thứ 7,375,30.67%,2.67%,2.93%,58.8,10,11,115,11,354,260,69.33%,94.40%,0,Đắk Nông,NTB,AM Nga
NTB - Đắk Nông,(DNO) Kiến Đức,Hàng Tồn,2026-08-28 - Thứ 6,306,8.82%,3.27%,1.31%,75.5,10,4,27,4,292,279,91.18%,95.42%,0,Đắk Nông,NTB,AM Nga
NTB - Đắk Nông,(DNO) Kiến Đức,Hàng Tồn,2026-09-02 - Thứ 4,276,50.72%,5.80%,24.64%,65.25,16,68,140,68,192,136,49.28%,69.56%,0,Đắk Nông,NTB,AM Nga
NTB - Đắk Nông,(DNO) Kiến Đức,Hàng Tồn,2026-08-22 - Thứ 7,427,9.13%,3.75%,0.23%,77.19,16,1,39,1,410,388,90.87%,96.02%,0,Đắk Nông,NTB,AM Nga
NTB - Đắk Nông,(DNO) Kiến Đức,Hàng Tồn,2026-08-21 - Thứ 6,430,9.07%,4.65%,0.93%,69.7,20,4,39,4,406,391,90.93%,94.42%,0,Đắk Nông,NTB,AM Nga
NTB - Đắk Nông,(DNO) Kiến Đức,Hàng Tồn,2026-08-18 - Thứ 3,349,12.89%,5.73%,1.15%,82,20,4,45,4,325,304,87.11%,93.12%,0,Đắk Nông,NTB,AM Nga
NTB - Đắk Nông,(DNO) Kiến Đức,Hàng Tồn,2026-09-11 - Thứ 6,168,61.90%,12.50%,9.52%,70,21,16,104,16,131,64,38.10%,77.98%,0,Đắk Nông,NTB,AM Nga
NTB - Đắk Nông,(DNO) Kiến Đức,Hàng Tồn,2026-09-04 - Thứ 6,196,64.29%,13.27%,5.61%,76.73,26,11,126,11,159,70,35.71%,81.12%,0,Đắk Nông,NTB,AM Nga
NTB - Đắk Nông,(DNO) Kiến Đức,Hàng Tồn,2026-08-20 - Thứ 5,381,11.55%,7.09%,1.05%,67.04,27,4,44,4,350,337,88.45%,91.86%,0,Đắk Nông,NTB,AM Nga
NTB - Đắk Nông,(DNO) Kiến Đức,Hàng Tồn,2026-08-23 - Chủ Nhật,442,11.09%,6.11%,0.68%,62.93,27,3,49,3,412,393,88.91%,93.21%,0,Đắk Nông,NTB,AM Nga
NTB - Đắk Nông,(DNO) Kiến Đức,Hàng Tồn,2026-09-10 - Thứ 5,165,38.79%,16.97%,5.45%,68.25,28,9,64,9,128,101,61.21%,77.58%,0,Đắk Nông,NTB,AM Nga
NTB - Đắk Nông,(DNO) Kiến Đức,Hàng Tồn,2026-08-30 - Chủ Nhật,383,57.44%,7.83%,9.40%,75.13,30,36,220,36,317,163,42.56%,82.77%,0,Đắk Nông,NTB,AM Nga
NTB - Đắk Nông,(DNO) Kiến Đức,Hàng Tồn,2026-08-27 - Thứ 5,335,13.13%,8.96%,1.79%,85.47,30,6,44,6,299,291,86.87%,89.25%,0,Đắk Nông,NTB,AM Nga
NTB - Đắk Nông,(DNO) Kiến Đức,Hàng Tồn,2026-09-07 - Thứ 2,192,69.79%,15.63%,9.90%,53.53,30,19,134,19,143,58,30.21%,74.47%,0,Đắk Nông,NTB,AM Nga
NTB - Đắk Nông,(DNO) Kiến Đức,Hàng Tồn,2026-09-05 - Thứ 7,213,91.55%,15.02%,6.10%,60.81,32,13,195,13,168,18,8.45%,78.88%,0,Đắk Nông,NTB,AM Nga
NTB - Đắk Nông,(DNO) Kiến Đức,Hàng Tồn,2026-09-03 - Thứ 5,231,53.68%,15.58%,7.79%,68.33,36,18,124,18,177,107,46.32%,76.63%,0,Đắk Nông,NTB,AM Nga
NTB - Đắk Nông,(DNO) Kiến Đức,Hàng Tồn,2026-09-09 - Thứ 4,151,37.75%,24.50%,3.31%,77.65,37,5,57,5,109,94,62.25%,72.19%,0,Đắk Nông,NTB,AM Nga
NTB - Đắk Nông,(DNO) Kiến Đức,Hàng Tồn,2026-08-24 - Thứ 2,406,15.52%,9.11%,0.74%,72.35,37,3,63,3,366,343,84.48%,90.15%,0,Đắk Nông,NTB,AM Nga
NTB - Đắk Nông,(DNO) Kiến Đức,Hàng Tồn,2026-09-06 - Chủ Nhật,198,78.28%,21.72%,12.63%,88.77,43,25,155,25,130,43,21.72%,65.65%,0,Đắk Nông,NTB,AM Nga
NTB - Đắk Nông,(DNO) Kiến Đức,Hàng Tồn,2026-08-31 - Thứ 2,372,57.26%,11.56%,11.02%,79.33,43,41,213,41,288,159,42.74%,77.42%,0,Đắk Nông,NTB,AM Nga
NTB - Đắk Nông,(DNO) Kiến Đức,Hàng Tồn,2026-09-13 - Chủ Nhật,189,67.20%,23.28%,6.88%,81.5,44,13,127,13,132,62,32.80%,69.84%,0,Đắk Nông,NTB,AM Nga
NTB - Đắk Nông,(DNO) Kiến Đức,Hàng Tồn,2026-09-08 - Thứ 3,182,53.30%,28.02%,6.04%,57.92,51,11,97,11,120,85,46.70%,65.94%,0,Đắk Nông,NTB,AM Nga
NTB - Đắk Nông,(DNO) Kiến Đức,Hàng Tồn,2026-09-01 - Thứ 3,318,71.38%,16.04%,8.49%,63.06,51,27,227,27,240,91,28.62%,75.47%,0,Đắk Nông,NTB,AM Nga
NTB - Đắk Nông,(DNO) Kiến Đức,Hàng Tồn,2026-09-12 - Thứ 7,196,88.27%,27.55%,7.65%,57.93,54,15,173,15,127,23,11.73%,64.80%,0,Đắk Nông,NTB,AM Nga
NTB - Đắk Nông,(DNO) Kiến Đức,Hàng Tồn,2026-08-17 - Thứ 2,389,26.48%,15.94%,1.29%,91.94,62,5,103,5,322,286,73.52%,82.77%,0,Đắk Nông,NTB,AM Nga
NTB - Đắk Nông,(DNO) Cư Jút,Hàng Mới Ca 1,2026-08-20 - Thứ 5,104,95.19%,71.15%,0.00%,11.81,74,0,99,0,30,5,4.81%,28.85%,104,Đắk Nông,NTB,AM Nhung
NTB - Đắk Nông,(DNO) Cư Jút,Hàng Mới Ca 1,2026-09-06 - Chủ Nhật,96,100.00%,77.08%,0.00%,11.62,74,0,96,0,22,0,0.00%,22.92%,96,Đắk Nông,NTB,AM Nhung
NTB - Đắk Nông,(DNO) Cư Jút,Hàng Mới Ca 1,2026-08-19 - Thứ 4,123,99.19%,79.67%,0.00%,14.01,98,0,122,0,25,1,0.81%,20.33%,123,Đắk Nông,NTB,AM Nhung
NTB - Đắk Nông,(DNO) Cư Jút,Hàng Mới Ca 1,2026-08-27 - Thứ 5,121,100.00%,77.69%,0.00%,13.28,94,0,121,0,27,0,0.00%,22.31%,121,Đắk Nông,NTB,AM Nhung
NTB - Đắk Nông,(DNO) Cư Jút,Hàng Mới Ca 1,2026-09-02 - Thứ 4,116,99.14%,83.62%,0.00%,12.58,97,0,115,0,19,1,0.86%,16.38%,116,Đắk Nông,NTB,AM Nhung
NTB - Đắk Nông,(DNO) Cư Jút,Hàng Mới Ca 1,2026-09-12 - Thứ 7,98,100.00%,83.67%,0.00%,12.13,82,0,98,0,16,0,0.00%,16.33%,98,Đắk Nông,NTB,AM Nhung
NTB - Đắk Nông,(DNO) Cư Jút,Hàng Mới Ca 1,2026-09-10 - Thứ 5,98,97.96%,75.51%,0.00%,11.07,74,0,96,0,24,2,2.04%,24.49%,98,Đắk Nông,NTB,AM Nhung
NTB - Đắk Nông,(DNO) Cư Jút,Hàng Mới Ca 1,2026-08-23 - Chủ Nhật,98,100.00%,83.67%,0.00%,11.65,82,0,98,0,16,0,0.00%,16.33%,98,Đắk Nông,NTB,AM Nhung
NTB - Đắk Nông,(DNO) Cư Jút,Hàng Mới Ca 1,2026-09-05 - Thứ 7,97,100.00%,84.54%,0.00%,11.76,82,0,97,0,15,0,0.00%,15.46%,97,Đắk Nông,NTB,AM Nhung
NTB - Đắk Nông,(DNO) Cư Jút,Hàng Mới Ca 1,2026-08-28 - Thứ 6,110,99.09%,85.45%,0.00%,12.39,94,0,109,0,16,1,0.91%,14.55%,110,Đắk Nông,NTB,AM Nhung
NTB - Đắk Nông,(DNO) Cư Jút,Hàng Mới Ca 1,2026-09-07 - Thứ 2,111,100.00%,90.99%,0.00%,13.53,101,0,111,0,10,0,0.00%,9.01%,111,Đắk Nông,NTB,AM Nhung
NTB - Đắk Nông,(DNO) Cư Jút,Hàng Mới Ca 1,2026-08-26 - Thứ 4,120,99.17%,80.00%,0.00%,11.29,96,0,119,0,24,1,0.83%,20.00%,120,Đắk Nông,NTB,AM Nhung
NTB - Đắk Nông,(DNO) Cư Jút,Hàng Mới Ca 1,2026-09-08 - Thứ 3,36,100.00%,83.33%,0.00%,10.27,30,0,36,0,6,0,0.00%,16.67%,36,Đắk Nông,NTB,AM Nhung
NTB - Đắk Nông,(DNO) Cư Jút,Hàng Mới Ca 1,2026-08-29 - Thứ 7,49,100.00%,79.59%,0.00%,8.72,39,0,49,0,10,0,0.00%,20.41%,49,Đắk Nông,NTB,AM Nhung
NTB - Đắk Nông,(DNO) Cư Jút,Hàng Mới Ca 1,2026-08-25 - Thứ 3,67,100.00%,79.10%,0.00%,13.53,53,0,67,0,14,0,0.00%,20.90%,67,Đắk Nông,NTB,AM Nhung
NTB - Đắk Nông,(DNO) Cư Jút,Hàng Mới Ca 1,2026-09-11 - Thứ 6,64,98.44%,85.94%,0.00%,14.05,55,0,63,0,9,1,1.56%,14.06%,64,Đắk Nông,NTB,AM Nhung
NTB - Đắk Nông,(DNO) Cư Jút,Hàng Mới Ca 1,2026-08-22 - Thứ 7,69,100.00%,81.16%,0.00%,13.68,56,0,69,0,13,0,0.00%,18.84%,69,Đắk Nông,NTB,AM Nhung
NTB - Đắk Nông,(DNO) Cư Jút,Hàng Mới Ca 1,2026-08-31 - Thứ 2,80,100.00%,71.25%,0.00%,11.63,57,0,80,0,23,0,0.00%,28.75%,80,Đắk Nông,NTB,AM Nhung
NTB - Đắk Nông,(DNO) Cư Jút,Hàng Mới Ca 1,2026-08-21 - Thứ 6,75,92.00%,76.00%,0.00%,12.93,57,0,69,0,18,6,8.00%,24.00%,75,Đắk Nông,NTB,AM Nhung
NTB - Đắk Nông,(DNO) Cư Jút,Hàng Mới Ca 1,2026-09-03 - Thứ 5,69,98.55%,85.51%,0.00%,14.56,59,0,68,0,10,1,1.45%,14.49%,69,Đắk Nông,NTB,AM Nhung
NTB - Đắk Nông,(DNO) Cư Jút,Hàng Mới Ca 1,2026-08-17 - Thứ 2,80,100.00%,76.25%,0.00%,11.18,61,0,80,0,19,0,0.00%,23.75%,80,Đắk Nông,NTB,AM Nhung
NTB - Đắk Nông,(DNO) Cư Jút,Hàng Mới Ca 1,2026-08-18 - Thứ 3,70,98.57%,87.14%,0.00%,11.97,61,0,69,0,9,1,1.43%,12.86%,70,Đắk Nông,NTB,AM Nhung
NTB - Đắk Nông,(DNO) Cư Jút,Hàng Mới Ca 1,2026-08-24 - Thứ 2,66,100.00%,92.42%,0.00%,12.34,61,0,66,0,5,0,0.00%,7.58%,66,Đắk Nông,NTB,AM Nhung
NTB - Đắk Nông,(DNO) Cư Jút,Hàng Mới Ca 1,2026-09-04 - Thứ 6,70,100.00%,88.57%,0.00%,13.15,62,0,70,0,8,0,0.00%,11.43%,70,Đắk Nông,NTB,AM Nhung
NTB - Đắk Nông,(DNO) Cư Jút,Hàng Mới Ca 1,2026-09-09 - Thứ 4,80,100.00%,78.75%,0.00%,11.22,63,0,80,0,17,0,0.00%,21.25%,80,Đắk Nông,NTB,AM Nhung
NTB - Đắk Nông,(DNO) Cư Jút,Hàng Mới Ca 1,2026-08-30 - Chủ Nhật,91,98.90%,71.43%,0.00%,10.18,65,0,90,0,26,1,1.10%,28.57%,91,Đắk Nông,NTB,AM Nhung
NTB - Đắk Nông,(DNO) Cư Jút,Hàng Mới Ca 1,2026-09-01 - Thứ 3,87,100.00%,78.16%,0.00%,12.5,68,0,87,0,19,0,0.00%,21.84%,87,Đắk Nông,NTB,AM Nhung
NTB - Đắk Nông,(DNO) Cư Jút,Hàng Mới Ca 1,2026-09-13 - Chủ Nhật,95,100.00%,81.05%,0.00%,10.68,77,0,95,0,18,0,0.00%,18.95%,95,Đắk Nông,NTB,AM Nhung
NTB - Đắk Nông,(DNO) Cư Jút,Hàng Mới Ca 2,2026-09-12 - Thứ 7,31,0.00%,0.00%,0.00%,,0,0,0,0,31,31,100.00%,100.00%,31,Đắk Nông,NTB,AM Nhung
NTB - Đắk Nông,(DNO) Cư Jút,Hàng Mới Ca 2,2026-08-31 - Thứ 2,17,17.65%,0.00%,0.00%,,0,0,3,0,17,14,82.35%,100.00%,17,Đắk Nông,NTB,AM Nhung
NTB - Đắk Nông,(DNO) Cư Jút,Hàng Mới Ca 2,2026-08-17 - Thứ 2,18,16.67%,11.11%,0.00%,3.5,2,0,3,0,16,15,83.33%,88.89%,18,Đắk Nông,NTB,AM Nhung
NTB - Đắk Nông,(DNO) Cư Jút,Hàng Mới Ca 2,2026-09-10 - Thứ 5,41,12.20%,4.88%,0.00%,4.5,2,0,5,0,39,36,87.80%,95.12%,41,Đắk Nông,NTB,AM Nhung
NTB - Đắk Nông,(DNO) Cư Jút,Hàng Mới Ca 2,2026-09-02 - Thứ 4,32,12.50%,9.38%,0.00%,4.33,3,0,4,0,29,28,87.50%,90.62%,32,Đắk Nông,NTB,AM Nhung
NTB - Đắk Nông,(DNO) Cư Jút,Hàng Mới Ca 2,2026-08-23 - Chủ Nhật,67,4.48%,4.48%,0.00%,5,3,0,3,0,64,64,95.52%,95.52%,67,Đắk Nông,NTB,AM Nhung
NTB - Đắk Nông,(DNO) Cư Jút,Hàng Mới Ca 2,2026-08-28 - Thứ 6,30,10.00%,10.00%,0.00%,3.67,3,0,3,0,27,27,90.00%,90.00%,30,Đắk Nông,NTB,AM Nhung
NTB - Đắk Nông,(DNO) Cư Jút,Hàng Mới Ca 2,2026-09-07 - Thứ 2,41,7.32%,7.32%,0.00%,4.67,3,0,3,0,38,38,92.68%,92.68%,41,Đắk Nông,NTB,AM Nhung
NTB - Đắk Nông,(DNO) Cư Jút,Hàng Mới Ca 2,2026-09-13 - Chủ Nhật,43,6.98%,6.98%,0.00%,4,3,0,3,0,40,40,93.02%,93.02%,43,Đắk Nông,NTB,AM Nhung
NTB - Đắk Nông,(DNO) Cư Jút,Hàng Mới Ca 2,2026-08-26 - Thứ 4,41,17.07%,9.76%,0.00%,3.5,4,0,7,0,37,34,82.93%,90.24%,41,Đắk Nông,NTB,AM Nhung
NTB - Đắk Nông,(DNO) Cư Jút,Hàng Mới Ca 2,2026-08-20 - Thứ 5,29,24.14%,17.24%,0.00%,4,5,0,7,0,24,22,75.86%,82.76%,29,Đắk Nông,NTB,AM Nhung
NTB - Đắk Nông,(DNO) Cư Jút,Hàng Mới Ca 2,2026-08-27 - Thứ 5,34,17.65%,14.71%,0.00%,5.6,5,0,6,0,29,28,82.35%,85.29%,34,Đắk Nông,NTB,AM Nhung
NTB - Đắk Nông,(DNO) Cư Jút,Hàng Mới Ca 2,2026-09-04 - Thứ 6,33,18.18%,15.15%,0.00%,4.4,5,0,6,0,28,27,81.82%,84.85%,33,Đắk Nông,NTB,AM Nhung
NTB - Đắk Nông,(DNO) Cư Jút,Hàng Mới Ca 2,2026-09-01 - Thứ 3,29,24.14%,17.24%,0.00%,4.4,5,0,7,0,24,22,75.86%,82.76%,29,Đắk Nông,NTB,AM Nhung
NTB - Đắk Nông,(DNO) Cư Jút,Hàng Mới Ca 2,2026-08-22 - Thứ 7,60,8.33%,8.33%,0.00%,4.2,5,0,5,0,55,55,91.67%,91.67%,60,Đắk Nông,NTB,AM Nhung
NTB - Đắk Nông,(DNO) Cư Jút,Hàng Mới Ca 2,2026-08-30 - Chủ Nhật,50,16.00%,12.00%,0.00%,4.5,6,0,8,0,44,42,84.00%,88.00%,50,Đắk Nông,NTB,AM Nhung
NTB - Đắk Nông,(DNO) Cư Jút,Hàng Mới Ca 2,2026-08-24 - Thứ 2,39,17.95%,15.38%,0.00%,5,6,0,7,0,33,32,82.05%,84.62%,39,Đắk Nông,NTB,AM Nhung
NTB - Đắk Nông,(DNO) Cư Jút,Hàng Mới Ca 2,2026-09-06 - Chủ Nhật,52,17.31%,13.46%,0.00%,4.43,7,0,9,0,45,43,82.69%,86.54%,52,Đắk Nông,NTB,AM Nhung
NTB - Đắk Nông,(DNO) Cư Jút,Hàng Mới Ca 2,2026-08-19 - Thứ 4,55,14.55%,12.73%,0.00%,3.71,7,0,8,0,48,47,85.45%,87.27%,55,Đắk Nông,NTB,AM Nhung
NTB - Đắk Nông,(DNO) Cư Jút,Hàng Mới Ca 2,2026-08-21 - Thứ 6,45,17.78%,15.56%,0.00%,4.86,7,0,8,0,38,37,82.22%,84.44%,45,Đắk Nông,NTB,AM Nhung
NTB - Đắk Nông,(DNO) Cư Jút,Hàng Mới Ca 2,2026-08-25 - Thứ 3,27,29.63%,29.63%,0.00%,5.13,8,0,8,0,19,19,70.37%,70.37%,27,Đắk Nông,NTB,AM Nhung
NTB - Đắk Nông,(DNO) Cư Jút,Hàng Mới Ca 2,2026-09-11 - Thứ 6,69,15.94%,11.59%,0.00%,4.25,8,0,11,0,61,58,84.06%,88.41%,69,Đắk Nông,NTB,AM Nhung
NTB - Đắk Nông,(DNO) Cư Jút,Hàng Mới Ca 2,2026-09-09 - Thứ 4,51,23.53%,21.57%,0.00%,3.73,11,0,12,0,40,39,76.47%,78.43%,51,Đắk Nông,NTB,AM Nhung
NTB - Đắk Nông,(DNO) Cư Jút,Hàng Mới Ca 2,2026-08-29 - Thứ 7,86,16.28%,15.12%,0.00%,3.77,13,0,14,0,73,72,83.72%,84.88%,86,Đắk Nông,NTB,AM Nhung
NTB - Đắk Nông,(DNO) Cư Jút,Hàng Mới Ca 2,2026-09-08 - Thứ 3,69,23.19%,21.74%,0.00%,3.27,15,0,16,0,54,53,76.81%,78.26%,69,Đắk Nông,NTB,AM Nhung
NTB - Đắk Nông,(DNO) Cư Jút,Hàng Mới Ca 2,2026-08-18 - Thứ 3,53,35.85%,30.19%,0.00%,4.38,16,0,19,0,37,34,64.15%,69.81%,53,Đắk Nông,NTB,AM Nhung
NTB - Đắk Nông,(DNO) Cư Jút,Hàng Mới Ca 2,2026-09-05 - Thứ 7,90,25.56%,22.22%,0.00%,4.8,20,0,23,0,70,67,74.44%,77.78%,90,Đắk Nông,NTB,AM Nhung
NTB - Đắk Nông,(DNO) Cư Jút,Hàng Tồn,2026-09-04 - Thứ 6,32,96.88%,18.75%,3.13%,43.83,6,1,31,1,25,1,3.12%,78.12%,0,Đắk Nông,NTB,AM Nhung
NTB - Đắk Nông,(DNO) Cư Jút,Hàng Tồn,2026-08-18 - Thứ 3,66,100.00%,36.36%,7.58%,35.46,24,5,66,5,37,0,0.00%,56.06%,0,Đắk Nông,NTB,AM Nhung
NTB - Đắk Nông,(DNO) Cư Jút,Hàng Tồn,2026-09-05 - Thứ 7,55,100.00%,54.55%,0.00%,36.33,30,0,55,0,25,0,0.00%,45.45%,0,Đắk Nông,NTB,AM Nhung
NTB - Đắk Nông,(DNO) Cư Jút,Hàng Tồn,2026-08-26 - Thứ 4,60,100.00%,55.00%,13.33%,38.79,33,8,60,8,19,0,0.00%,31.67%,0,Đắk Nông,NTB,AM Nhung
NTB - Đắk Nông,(DNO) Cư Jút,Hàng Tồn,2026-09-02 - Thứ 4,66,100.00%,53.03%,1.52%,37.86,35,1,66,1,30,0,0.00%,45.45%,0,Đắk Nông,NTB,AM Nhung
NTB - Đắk Nông,(DNO) Cư Jút,Hàng Tồn,2026-08-25 - Thứ 3,70,100.00%,54.29%,0.00%,37.76,38,0,70,0,32,0,0.00%,45.71%,0,Đắk Nông,NTB,AM Nhung
NTB - Đắk Nông,(DNO) Cư Jút,Hàng Tồn,2026-09-01 - Thứ 3,69,100.00%,57.97%,1.45%,42.03,40,1,69,1,28,0,0.00%,40.58%,0,Đắk Nông,NTB,AM Nhung
NTB - Đắk Nông,(DNO) Cư Jút,Hàng Tồn,2026-08-17 - Thứ 2,82,98.78%,50.00%,6.10%,37.24,41,5,81,5,36,1,1.22%,43.90%,0,Đắk Nông,NTB,AM Nhung
NTB - Đắk Nông,(DNO) Cư Jút,Hàng Tồn,2026-08-21 - Thứ 6,86,100.00%,47.67%,4.65%,38.32,41,4,86,4,41,0,0.00%,47.68%,0,Đắk Nông,NTB,AM Nhung
NTB - Đắk Nông,(DNO) Cư Jút,Hàng Tồn,2026-08-27 - Thứ 5,79,100.00%,53.16%,0.00%,35.02,42,0,79,0,37,0,0.00%,46.84%,0,Đắk Nông,NTB,AM Nhung
NTB - Đắk Nông,(DNO) Cư Jút,Hàng Tồn,2026-09-08 - Thứ 3,81,100.00%,53.09%,2.47%,36.93,43,2,81,2,36,0,0.00%,44.44%,0,Đắk Nông,NTB,AM Nhung
NTB - Đắk Nông,(DNO) Cư Jút,Hàng Tồn,2026-09-13 - Chủ Nhật,78,97.44%,55.13%,6.41%,33.79,43,5,76,5,30,2,2.56%,38.46%,0,Đắk Nông,NTB,AM Nhung
NTB - Đắk Nông,(DNO) Cư Jút,Hàng Tồn,2026-08-29 - Thứ 7,79,100.00%,55.70%,1.27%,35.82,44,1,79,1,34,0,0.00%,43.03%,0,Đắk Nông,NTB,AM Nhung
NTB - Đắk Nông,(DNO) Cư Jút,Hàng Tồn,2026-09-03 - Thứ 5,72,98.61%,63.89%,2.78%,39.26,46,2,71,2,24,1,1.39%,33.33%,0,Đắk Nông,NTB,AM Nhung
NTB - Đắk Nông,(DNO) Cư Jút,Hàng Tồn,2026-09-10 - Thứ 5,94,100.00%,51.06%,7.45%,34.94,48,7,94,7,39,0,0.00%,41.49%,0,Đắk Nông,NTB,AM Nhung
NTB - Đắk Nông,(DNO) Cư Jút,Hàng Tồn,2026-08-20 - Thứ 5,90,91.11%,55.56%,4.44%,31.12,50,4,82,4,36,8,8.89%,40.00%,0,Đắk Nông,NTB,AM Nhung
NTB - Đắk Nông,(DNO) Cư Jút,Hàng Tồn,2026-08-28 - Thứ 6,93,93.55%,53.76%,3.23%,39.74,50,3,87,3,40,6,6.45%,43.01%,0,Đắk Nông,NTB,AM Nhung
NTB - Đắk Nông,(DNO) Cư Jút,Hàng Tồn,2026-08-19 - Thứ 4,76,98.68%,67.11%,3.95%,33.71,51,3,75,3,22,1,1.32%,28.94%,0,Đắk Nông,NTB,AM Nhung
NTB - Đắk Nông,(DNO) Cư Jút,Hàng Tồn,2026-09-09 - Thứ 4,91,98.90%,56.04%,2.20%,29.45,51,2,90,2,38,1,1.10%,41.76%,0,Đắk Nông,NTB,AM Nhung
NTB - Đắk Nông,(DNO) Cư Jút,Hàng Tồn,2026-08-22 - Thứ 7,95,100.00%,57.89%,1.05%,38.55,55,1,95,1,39,0,0.00%,41.06%,0,Đắk Nông,NTB,AM Nhung
NTB - Đắk Nông,(DNO) Cư Jút,Hàng Tồn,2026-09-11 - Thứ 6,100,97.00%,61.00%,5.00%,36.39,61,5,97,5,34,3,3.00%,34.00%,0,Đắk Nông,NTB,AM Nhung
NTB - Đắk Nông,(DNO) Cư Jút,Hàng Tồn,2026-08-23 - Chủ Nhật,102,100.00%,60.78%,0.98%,32.24,62,1,102,1,39,0,0.00%,38.24%,0,Đắk Nông,NTB,AM Nhung
NTB - Đắk Nông,(DNO) Cư Jút,Hàng Tồn,2026-08-31 - Thứ 2,97,98.97%,64.95%,3.09%,31.89,63,3,96,3,31,1,1.03%,31.96%,0,Đắk Nông,NTB,AM Nhung
NTB - Đắk Nông,(DNO) Cư Jút,Hàng Tồn,2026-09-07 - Thứ 2,102,100.00%,61.76%,1.96%,32.1,63,2,102,2,37,0,0.00%,36.28%,0,Đắk Nông,NTB,AM Nhung
NTB - Đắk Nông,(DNO) Cư Jút,Hàng Tồn,2026-09-06 - Chủ Nhật,106,99.06%,61.32%,4.72%,29.69,65,5,105,5,36,1,0.94%,33.96%,0,Đắk Nông,NTB,AM Nhung
NTB - Đắk Nông,(DNO) Cư Jút,Hàng Tồn,2026-09-12 - Thứ 7,102,99.02%,63.73%,1.96%,33.71,65,2,101,2,35,1,0.98%,34.31%,0,Đắk Nông,NTB,AM Nhung
NTB - Đắk Nông,(DNO) Cư Jút,Hàng Tồn,2026-08-24 - Thứ 2,114,99.12%,61.40%,8.77%,31.77,70,10,113,10,34,1,0.88%,29.83%,0,Đắk Nông,NTB,AM Nhung
NTB - Đắk Nông,(DNO) Cư Jút,Hàng Tồn,2026-08-30 - Chủ Nhật,107,100.00%,70.09%,3.74%,32.15,75,4,107,4,28,0,0.00%,26.17%,0,Đắk Nông,NTB,AM Nhung
NTB - Đắk Nông,(DNO) Bắc Gia Nghĩa,Hàng Mới Ca 1,2026-08-18 - Thứ 3,15,80.00%,53.33%,0.00%,7.25,8,0,12,0,7,3,20.00%,46.67%,15,Đắk Nông,NTB,AM Duân
NTB - Đắk Nông,(DNO) Bắc Gia Nghĩa,Hàng Mới Ca 1,2026-09-03 - Thứ 5,13,69.23%,69.23%,0.00%,7.22,9,0,9,0,4,4,30.77%,30.77%,13,Đắk Nông,NTB,AM Duân
NTB - Đắk Nông,(DNO) Bắc Gia Nghĩa,Hàng Mới Ca 1,2026-08-28 - Thứ 6,19,73.68%,57.89%,0.00%,10.27,11,0,14,0,8,5,26.32%,42.11%,19,Đắk Nông,NTB,AM Duân
NTB - Đắk Nông,(DNO) Bắc Gia Nghĩa,Hàng Mới Ca 1,2026-08-29 - Thứ 7,16,87.50%,75.00%,0.00%,8.83,12,0,14,0,4,2,12.50%,25.00%,16,Đắk Nông,NTB,AM Duân
NTB - Đắk Nông,(DNO) Bắc Gia Nghĩa,Hàng Mới Ca 1,2026-08-21 - Thứ 6,16,93.75%,81.25%,0.00%,9,13,0,15,0,3,1,6.25%,18.75%,16,Đắk Nông,NTB,AM Duân
NTB - Đắk Nông,(DNO) Bắc Gia Nghĩa,Hàng Mới Ca 1,2026-08-17 - Thứ 2,20,80.00%,70.00%,0.00%,10,14,0,16,0,6,4,20.00%,30.00%,20,Đắk Nông,NTB,AM Duân
NTB - Đắk Nông,(DNO) Bắc Gia Nghĩa,Hàng Mới Ca 1,2026-09-05 - Thứ 7,20,80.00%,70.00%,0.00%,7.93,14,0,16,0,6,4,20.00%,30.00%,20,Đắk Nông,NTB,AM Duân
NTB - Đắk Nông,(DNO) Bắc Gia Nghĩa,Hàng Mới Ca 1,2026-09-13 - Chủ Nhật,20,85.00%,70.00%,0.00%,7,14,0,17,0,6,3,15.00%,30.00%,20,Đắk Nông,NTB,AM Duân
NTB - Đắk Nông,(DNO) Bắc Gia Nghĩa,Hàng Mới Ca 1,2026-08-25 - Thứ 3,20,80.00%,75.00%,0.00%,12.53,15,0,16,0,5,4,20.00%,25.00%,20,Đắk Nông,NTB,AM Duân
NTB - Đắk Nông,(DNO) Bắc Gia Nghĩa,Hàng Mới Ca 1,2026-08-27 - Thứ 5,22,77.27%,72.73%,0.00%,9.56,16,0,17,0,6,5,22.73%,27.27%,22,Đắk Nông,NTB,AM Duân
NTB - Đắk Nông,(DNO) Bắc Gia Nghĩa,Hàng Mới Ca 1,2026-09-08 - Thứ 3,22,100.00%,77.27%,0.00%,8.53,17,0,22,0,5,0,0.00%,22.73%,22,Đắk Nông,NTB,AM Duân
NTB - Đắk Nông,(DNO) Bắc Gia Nghĩa,Hàng Mới Ca 1,2026-09-12 - Thứ 7,24,100.00%,75.00%,4.17%,8,18,1,24,1,5,0,0.00%,20.83%,24,Đắk Nông,NTB,AM Duân
NTB - Đắk Nông,(DNO) Bắc Gia Nghĩa,Hàng Mới Ca 1,2026-08-31 - Thứ 2,49,51.02%,40.82%,0.00%,9.1,20,0,25,0,29,24,48.98%,59.18%,49,Đắk Nông,NTB,AM Duân
NTB - Đắk Nông,(DNO) Bắc Gia Nghĩa,Hàng Mới Ca 1,2026-09-11 - Thứ 6,30,90.00%,66.67%,0.00%,8.2,20,0,27,0,10,3,10.00%,33.33%,30,Đắk Nông,NTB,AM Duân
NTB - Đắk Nông,(DNO) Bắc Gia Nghĩa,Hàng Mới Ca 1,2026-09-02 - Thứ 4,24,95.83%,87.50%,0.00%,8.62,21,0,23,0,3,1,4.17%,12.50%,24,Đắk Nông,NTB,AM Duân
NTB - Đắk Nông,(DNO) Bắc Gia Nghĩa,Hàng Mới Ca 1,2026-09-01 - Thứ 3,29,89.66%,72.41%,0.00%,8.05,21,0,26,0,8,3,10.34%,27.59%,29,Đắk Nông,NTB,AM Duân
NTB - Đắk Nông,(DNO) Bắc Gia Nghĩa,Hàng Mới Ca 1,2026-08-19 - Thứ 4,34,79.41%,70.59%,0.00%,7.13,24,0,27,0,10,7,20.59%,29.41%,34,Đắk Nông,NTB,AM Duân
NTB - Đắk Nông,(DNO) Bắc Gia Nghĩa,Hàng Mới Ca 1,2026-09-09 - Thứ 4,32,87.50%,78.13%,0.00%,6.92,25,0,28,0,7,4,12.50%,21.87%,32,Đắk Nông,NTB,AM Duân
NTB - Đắk Nông,(DNO) Bắc Gia Nghĩa,Hàng Mới Ca 1,2026-08-24 - Thứ 2,31,96.77%,83.87%,0.00%,13.04,26,0,30,0,5,1,3.23%,16.13%,31,Đắk Nông,NTB,AM Duân
NTB - Đắk Nông,(DNO) Bắc Gia Nghĩa,Hàng Mới Ca 1,2026-09-10 - Thứ 5,31,96.77%,87.10%,0.00%,7.52,27,0,30,0,4,1,3.23%,12.90%,31,Đắk Nông,NTB,AM Duân
NTB - Đắk Nông,(DNO) Bắc Gia Nghĩa,Hàng Mới Ca 1,2026-08-20 - Thứ 5,30,93.33%,93.33%,0.00%,10.04,28,0,28,0,2,2,6.67%,6.67%,30,Đắk Nông,NTB,AM Duân
NTB - Đắk Nông,(DNO) Bắc Gia Nghĩa,Hàng Mới Ca 1,2026-09-07 - Thứ 2,39,76.92%,71.79%,0.00%,8.68,28,0,30,0,11,9,23.08%,28.21%,39,Đắk Nông,NTB,AM Duân
NTB - Đắk Nông,(DNO) Bắc Gia Nghĩa,Hàng Mới Ca 1,2026-08-26 - Thứ 4,29,100.00%,96.55%,0.00%,10.11,28,0,29,0,1,0,0.00%,3.45%,29,Đắk Nông,NTB,AM Duân
NTB - Đắk Nông,(DNO) Bắc Gia Nghĩa,Hàng Mới Ca 1,2026-08-22 - Thứ 7,35,88.57%,80.00%,0.00%,7.64,28,0,31,0,7,4,11.43%,20.00%,35,Đắk Nông,NTB,AM Duân
NTB - Đắk Nông,(DNO) Bắc Gia Nghĩa,Hàng Mới Ca 1,2026-09-06 - Chủ Nhật,33,96.97%,87.88%,0.00%,8.59,29,0,32,0,4,1,3.03%,12.12%,33,Đắk Nông,NTB,AM Duân
NTB - Đắk Nông,(DNO) Bắc Gia Nghĩa,Hàng Mới Ca 1,2026-08-30 - Chủ Nhật,43,95.35%,76.74%,0.00%,7.64,33,0,41,0,10,2,4.65%,23.26%,43,Đắk Nông,NTB,AM Duân
NTB - Đắk Nông,(DNO) Bắc Gia Nghĩa,Hàng Mới Ca 1,2026-09-04 - Thứ 6,42,100.00%,85.71%,0.00%,7.69,36,0,42,0,6,0,0.00%,14.29%,42,Đắk Nông,NTB,AM Duân
NTB - Đắk Nông,(DNO) Bắc Gia Nghĩa,Hàng Mới Ca 1,2026-08-23 - Chủ Nhật,49,93.88%,83.67%,0.00%,8.56,41,0,46,0,8,3,6.12%,16.33%,49,Đắk Nông,NTB,AM Duân
NTB - Đắk Nông,(DNO) Bắc Gia Nghĩa,Hàng Mới Ca 2,2026-08-20 - Thứ 5,43,0.00%,0.00%,0.00%,,0,0,0,0,43,43,100.00%,100.00%,43,Đắk Nông,NTB,AM Duân
NTB - Đắk Nông,(DNO) Bắc Gia Nghĩa,Hàng Mới Ca 2,2026-08-19 - Thứ 4,22,0.00%,0.00%,0.00%,,0,0,0,0,22,22,100.00%,100.00%,22,Đắk Nông,NTB,AM Duân
NTB - Đắk Nông,(DNO) Bắc Gia Nghĩa,Hàng Mới Ca 2,2026-08-29 - Thứ 7,20,0.00%,0.00%,0.00%,,0,0,0,0,20,20,100.00%,100.00%,20,Đắk Nông,NTB,AM Duân
NTB - Đắk Nông,(DNO) Bắc Gia Nghĩa,Hàng Mới Ca 2,2026-08-17 - Thứ 2,22,0.00%,0.00%,0.00%,,0,0,0,0,22,22,100.00%,100.00%,22,Đắk Nông,NTB,AM Duân
NTB - Đắk Nông,(DNO) Bắc Gia Nghĩa,Hàng Mới Ca 2,2026-08-27 - Thứ 5,50,0.00%,0.00%,0.00%,,0,0,0,0,50,50,100.00%,100.00%,50,Đắk Nông,NTB,AM Duân
NTB - Đắk Nông,(DNO) Bắc Gia Nghĩa,Hàng Mới Ca 2,2026-08-31 - Thứ 2,19,0.00%,0.00%,0.00%,,0,0,0,0,19,19,100.00%,100.00%,19,Đắk Nông,NTB,AM Duân
NTB - Đắk Nông,(DNO) Bắc Gia Nghĩa,Hàng Mới Ca 2,2026-08-28 - Thứ 6,21,4.76%,0.00%,0.00%,,0,0,1,0,21,20,95.24%,100.00%,21,Đắk Nông,NTB,AM Duân
NTB - Đắk Nông,(DNO) Bắc Gia Nghĩa,Hàng Mới Ca 2,2026-09-03 - Thứ 5,4,0.00%,0.00%,0.00%,,0,0,0,0,4,4,100.00%,100.00%,4,Đắk Nông,NTB,AM Duân
NTB - Đắk Nông,(DNO) Bắc Gia Nghĩa,Hàng Mới Ca 2,2026-08-26 - Thứ 4,23,0.00%,0.00%,0.00%,,0,0,0,0,23,23,100.00%,100.00%,23,Đắk Nông,NTB,AM Duân
NTB - Đắk Nông,(DNO) Bắc Gia Nghĩa,Hàng Mới Ca 2,2026-08-22 - Thứ 7,10,0.00%,0.00%,0.00%,,0,0,0,0,10,10,100.00%,100.00%,10,Đắk Nông,NTB,AM Duân
NTB - Đắk Nông,(DNO) Bắc Gia Nghĩa,Hàng Mới Ca 2,2026-08-23 - Chủ Nhật,12,0.00%,0.00%,0.00%,,0,0,0,0,12,12,100.00%,100.00%,12,Đắk Nông,NTB,AM Duân
NTB - Đắk Nông,(DNO) Bắc Gia Nghĩa,Hàng Mới Ca 2,2026-08-18 - Thứ 3,35,0.00%,0.00%,0.00%,,0,0,0,0,35,35,100.00%,100.00%,35,Đắk Nông,NTB,AM Duân
NTB - Đắk Nông,(DNO) Bắc Gia Nghĩa,Hàng Mới Ca 2,2026-09-08 - Thứ 3,6,33.33%,16.67%,0.00%,7,1,0,2,0,5,4,66.67%,83.33%,6,Đắk Nông,NTB,AM Duân
NTB - Đắk Nông,(DNO) Bắc Gia Nghĩa,Hàng Mới Ca 2,2026-08-30 - Chủ Nhật,20,5.00%,5.00%,0.00%,2,1,0,1,0,19,19,95.00%,95.00%,20,Đắk Nông,NTB,AM Duân
NTB - Đắk Nông,(DNO) Bắc Gia Nghĩa,Hàng Mới Ca 2,2026-08-25 - Thứ 3,34,5.88%,2.94%,0.00%,7,1,0,2,0,33,32,94.12%,97.06%,34,Đắk Nông,NTB,AM Duân
NTB - Đắk Nông,(DNO) Bắc Gia Nghĩa,Hàng Mới Ca 2,2026-09-13 - Chủ Nhật,28,14.29%,7.14%,0.00%,3.5,2,0,4,0,26,24,85.71%,92.86%,28,Đắk Nông,NTB,AM Duân
NTB - Đắk Nông,(DNO) Bắc Gia Nghĩa,Hàng Mới Ca 2,2026-09-01 - Thứ 3,28,7.14%,7.14%,0.00%,5,2,0,2,0,26,26,92.86%,92.86%,28,Đắk Nông,NTB,AM Duân
NTB - Đắk Nông,(DNO) Bắc Gia Nghĩa,Hàng Mới Ca 2,2026-09-04 - Thứ 6,15,20.00%,20.00%,0.00%,4.67,3,0,3,0,12,12,80.00%,80.00%,15,Đắk Nông,NTB,AM Duân
NTB - Đắk Nông,(DNO) Bắc Gia Nghĩa,Hàng Mới Ca 2,2026-09-07 - Thứ 2,24,12.50%,12.50%,0.00%,4,3,0,3,0,21,21,87.50%,87.50%,24,Đắk Nông,NTB,AM Duân
NTB - Đắk Nông,(DNO) Bắc Gia Nghĩa,Hàng Mới Ca 2,2026-08-21 - Thứ 6,30,20.00%,13.33%,0.00%,3.75,4,0,6,0,26,24,80.00%,86.67%,30,Đắk Nông,NTB,AM Duân
NTB - Đắk Nông,(DNO) Bắc Gia Nghĩa,Hàng Mới Ca 2,2026-09-11 - Thứ 6,18,33.33%,22.22%,0.00%,3,4,0,6,0,14,12,66.67%,77.78%,18,Đắk Nông,NTB,AM Duân
NTB - Đắk Nông,(DNO) Bắc Gia Nghĩa,Hàng Mới Ca 2,2026-08-24 - Thứ 2,10,40.00%,40.00%,0.00%,5,4,0,4,0,6,6,60.00%,60.00%,10,Đắk Nông,NTB,AM Duân
NTB - Đắk Nông,(DNO) Bắc Gia Nghĩa,Hàng Mới Ca 2,2026-09-02 - Thứ 4,28,17.86%,17.86%,0.00%,3.8,5,0,5,0,23,23,82.14%,82.14%,28,Đắk Nông,NTB,AM Duân
NTB - Đắk Nông,(DNO) Bắc Gia Nghĩa,Hàng Mới Ca 2,2026-09-10 - Thứ 5,25,24.00%,24.00%,0.00%,4.67,6,0,6,0,19,19,76.00%,76.00%,25,Đắk Nông,NTB,AM Duân
NTB - Đắk Nông,(DNO) Bắc Gia Nghĩa,Hàng Mới Ca 2,2026-09-12 - Thứ 7,27,29.63%,22.22%,0.00%,5.83,6,0,8,0,21,19,70.37%,77.78%,27,Đắk Nông,NTB,AM Duân
NTB - Đắk Nông,(DNO) Bắc Gia Nghĩa,Hàng Mới Ca 2,2026-09-06 - Chủ Nhật,29,24.14%,24.14%,0.00%,5.43,7,0,7,0,22,22,75.86%,75.86%,29,Đắk Nông,NTB,AM Duân
NTB - Đắk Nông,(DNO) Bắc Gia Nghĩa,Hàng Mới Ca 2,2026-09-09 - Thứ 4,39,23.08%,20.51%,0.00%,4.5,8,0,9,0,31,30,76.92%,79.49%,39,Đắk Nông,NTB,AM Duân
NTB - Đắk Nông,(DNO) Bắc Gia Nghĩa,Hàng Mới Ca 2,2026-09-05 - Thứ 7,24,45.83%,41.67%,0.00%,4.5,10,0,11,0,14,13,54.17%,58.33%,24,Đắk Nông,NTB,AM Duân
NTB - Đắk Nông,(DNO) Bắc Gia Nghĩa,Hàng Tồn,2026-09-09 - Thứ 4,17,70.59%,47.06%,0.00%,36.88,8,0,12,0,9,5,29.41%,52.94%,0,Đắk Nông,NTB,AM Duân
NTB - Đắk Nông,(DNO) Bắc Gia Nghĩa,Hàng Tồn,2026-08-25 - Thứ 3,22,81.82%,50.00%,0.00%,47.64,11,0,18,0,11,4,18.18%,50.00%,0,Đắk Nông,NTB,AM Duân
NTB - Đắk Nông,(DNO) Bắc Gia Nghĩa,Hàng Tồn,2026-09-06 - Chủ Nhật,28,89.29%,50.00%,3.57%,34.71,14,1,25,1,13,3,10.71%,46.43%,0,Đắk Nông,NTB,AM Duân
NTB - Đắk Nông,(DNO) Bắc Gia Nghĩa,Hàng Tồn,2026-08-23 - Chủ Nhật,35,82.86%,40.00%,2.86%,37.14,14,1,29,1,20,6,17.14%,57.14%,0,Đắk Nông,NTB,AM Duân
NTB - Đắk Nông,(DNO) Bắc Gia Nghĩa,Hàng Tồn,2026-09-05 - Thứ 7,26,88.46%,53.85%,11.54%,34.29,14,3,23,3,9,3,11.54%,34.61%,0,Đắk Nông,NTB,AM Duân
NTB - Đắk Nông,(DNO) Bắc Gia Nghĩa,Hàng Tồn,2026-08-27 - Thứ 5,33,75.76%,45.45%,6.06%,27.8,15,2,25,2,16,8,24.24%,48.49%,0,Đắk Nông,NTB,AM Duân
NTB - Đắk Nông,(DNO) Bắc Gia Nghĩa,Hàng Tồn,2026-09-03 - Thứ 5,52,51.92%,28.85%,3.85%,36.73,15,2,27,2,35,25,48.08%,67.30%,0,Đắk Nông,NTB,AM Duân
NTB - Đắk Nông,(DNO) Bắc Gia Nghĩa,Hàng Tồn,2026-08-31 - Thứ 2,42,57.14%,40.48%,0.00%,30.47,17,0,24,0,25,18,42.86%,59.52%,0,Đắk Nông,NTB,AM Duân
NTB - Đắk Nông,(DNO) Bắc Gia Nghĩa,Hàng Tồn,2026-09-13 - Chủ Nhật,35,74.29%,51.43%,0.00%,33.89,18,0,26,0,17,9,25.71%,48.57%,0,Đắk Nông,NTB,AM Duân
NTB - Đắk Nông,(DNO) Bắc Gia Nghĩa,Hàng Tồn,2026-08-24 - Thứ 2,34,94.12%,52.94%,2.94%,41.83,18,1,32,1,15,2,5.88%,44.12%,0,Đắk Nông,NTB,AM Duân
NTB - Đắk Nông,(DNO) Bắc Gia Nghĩa,Hàng Tồn,2026-09-11 - Thứ 6,32,81.25%,59.38%,3.13%,31.26,19,1,26,1,12,6,18.75%,37.49%,0,Đắk Nông,NTB,AM Duân
NTB - Đắk Nông,(DNO) Bắc Gia Nghĩa,Hàng Tồn,2026-09-12 - Thứ 7,34,85.29%,58.82%,2.94%,41.6,20,1,29,1,13,5,14.71%,38.24%,0,Đắk Nông,NTB,AM Duân
NTB - Đắk Nông,(DNO) Bắc Gia Nghĩa,Hàng Tồn,2026-09-07 - Thứ 2,39,82.05%,58.97%,0.00%,30.96,23,0,32,0,16,7,17.95%,41.03%,0,Đắk Nông,NTB,AM Duân
NTB - Đắk Nông,(DNO) Bắc Gia Nghĩa,Hàng Tồn,2026-08-20 - Thứ 5,60,61.67%,41.67%,1.67%,43.68,25,1,37,1,34,23,38.33%,56.66%,0,Đắk Nông,NTB,AM Duân
NTB - Đắk Nông,(DNO) Bắc Gia Nghĩa,Hàng Tồn,2026-08-30 - Chủ Nhật,40,95.00%,62.50%,2.50%,38.64,25,1,38,1,14,2,5.00%,35.00%,0,Đắk Nông,NTB,AM Duân
NTB - Đắk Nông,(DNO) Bắc Gia Nghĩa,Hàng Tồn,2026-08-17 - Thứ 2,78,43.59%,32.05%,1.28%,44.44,25,1,34,1,52,44,56.41%,66.67%,0,Đắk Nông,NTB,AM Duân
NTB - Đắk Nông,(DNO) Bắc Gia Nghĩa,Hàng Tồn,2026-09-08 - Thứ 3,43,86.05%,60.47%,4.65%,32.15,26,2,37,2,15,6,13.95%,34.88%,0,Đắk Nông,NTB,AM Duân
NTB - Đắk Nông,(DNO) Bắc Gia Nghĩa,Hàng Tồn,2026-08-22 - Thứ 7,50,82.00%,52.00%,6.00%,30.46,26,3,41,3,21,9,18.00%,42.00%,0,Đắk Nông,NTB,AM Duân
NTB - Đắk Nông,(DNO) Bắc Gia Nghĩa,Hàng Tồn,2026-08-29 - Thứ 7,44,90.91%,63.64%,0.00%,42.43,28,0,40,0,16,4,9.09%,36.36%,0,Đắk Nông,NTB,AM Duân
NTB - Đắk Nông,(DNO) Bắc Gia Nghĩa,Hàng Tồn,2026-09-04 - Thứ 6,38,100.00%,73.68%,2.63%,74.07,28,1,38,1,9,0,0.00%,23.69%,0,Đắk Nông,NTB,AM Duân
NTB - Đắk Nông,(DNO) Bắc Gia Nghĩa,Hàng Tồn,2026-09-10 - Thứ 5,42,83.33%,71.43%,0.00%,33.13,30,0,35,0,12,7,16.67%,28.57%,0,Đắk Nông,NTB,AM Duân
NTB - Đắk Nông,(DNO) Bắc Gia Nghĩa,Hàng Tồn,2026-09-02 - Thứ 4,62,69.35%,51.61%,3.23%,34,32,2,43,2,28,19,30.65%,45.16%,0,Đắk Nông,NTB,AM Duân
NTB - Đắk Nông,(DNO) Bắc Gia Nghĩa,Hàng Tồn,2026-08-19 - Thứ 4,66,71.21%,50.00%,1.52%,44.85,33,1,47,1,32,19,28.79%,48.48%,0,Đắk Nông,NTB,AM Duân
NTB - Đắk Nông,(DNO) Bắc Gia Nghĩa,Hàng Tồn,2026-08-26 - Thứ 4,48,100.00%,68.75%,2.08%,32.67,33,1,48,1,14,0,0.00%,29.17%,0,Đắk Nông,NTB,AM Duân
NTB - Đắk Nông,(DNO) Bắc Gia Nghĩa,Hàng Tồn,2026-09-01 - Thứ 3,67,89.55%,49.25%,0.00%,39.03,33,0,60,0,34,7,10.45%,50.75%,0,Đắk Nông,NTB,AM Duân
NTB - Đắk Nông,(DNO) Bắc Gia Nghĩa,Hàng Tồn,2026-08-18 - Thứ 3,74,85.14%,60.81%,1.35%,56.73,45,1,63,1,28,11,14.86%,37.84%,0,Đắk Nông,NTB,AM Duân
NTB - Đắk Nông,(DNO) Bắc Gia Nghĩa,Hàng Tồn,2026-08-21 - Thứ 6,78,85.90%,58.97%,2.56%,51.26,46,2,67,2,30,11,14.10%,38.47%,0,Đắk Nông,NTB,AM Duân
NTB - Đắk Nông,(DNO) Bắc Gia Nghĩa,Hàng Tồn,2026-08-28 - Thứ 6,67,83.58%,68.66%,2.99%,34.26,46,2,56,2,19,11,16.42%,28.35%,0,Đắk Nông,NTB,AM Duân
NTB - Ninh Thuận,(NTH) Thuận Nam,Hàng Mới Ca 1,2026-08-20 - Thứ 5,132,100.00%,92.42%,0.00%,11.61,122,0,132,0,10,0,0.00%,7.58%,132,Ninh Thuận,NTB,AM D.Long
NTB - Ninh Thuận,(NTH) Thuận Nam,Hàng Mới Ca 1,2026-08-30 - Chủ Nhật,100,99.00%,87.00%,0.00%,12.89,87,0,99,0,13,1,1.00%,13.00%,100,Ninh Thuận,NTB,AM D.Long
NTB - Ninh Thuận,(NTH) Thuận Nam,Hàng Mới Ca 1,2026-08-19 - Thứ 4,114,100.00%,77.19%,0.00%,16.64,88,0,114,0,26,0,0.00%,22.81%,114,Ninh Thuận,NTB,AM D.Long
NTB - Ninh Thuận,(NTH) Thuận Nam,Hàng Mới Ca 1,2026-08-29 - Thứ 7,103,100.00%,88.35%,0.00%,12.49,91,0,103,0,12,0,0.00%,11.65%,103,Ninh Thuận,NTB,AM D.Long
NTB - Ninh Thuận,(NTH) Thuận Nam,Hàng Mới Ca 1,2026-08-17 - Thứ 2,99,100.00%,93.94%,0.00%,11.31,93,0,99,0,6,0,0.00%,6.06%,99,Ninh Thuận,NTB,AM D.Long
NTB - Ninh Thuận,(NTH) Thuận Nam,Hàng Mới Ca 1,2026-08-27 - Thứ 5,138,98.55%,86.23%,0.00%,13.1,119,0,136,0,19,2,1.45%,13.77%,138,Ninh Thuận,NTB,AM D.Long
NTB - Ninh Thuận,(NTH) Thuận Nam,Hàng Mới Ca 1,2026-08-25 - Thứ 3,101,100.00%,92.08%,0.00%,10.86,93,0,101,0,8,0,0.00%,7.92%,101,Ninh Thuận,NTB,AM D.Long
NTB - Ninh Thuận,(NTH) Thuận Nam,Hàng Mới Ca 1,2026-08-21 - Thứ 6,126,98.41%,90.48%,0.00%,11.82,114,0,124,0,12,2,1.59%,9.52%,126,Ninh Thuận,NTB,AM D.Long
NTB - Ninh Thuận,(NTH) Thuận Nam,Hàng Mới Ca 1,2026-08-18 - Thứ 3,85,100.00%,95.29%,0.00%,8.42,81,0,85,0,4,0,0.00%,4.71%,85,Ninh Thuận,NTB,AM D.Long
NTB - Ninh Thuận,(NTH) Thuận Nam,Hàng Mới Ca 1,2026-08-28 - Thứ 6,120,100.00%,92.50%,0.00%,12.5,111,0,120,0,9,0,0.00%,7.50%,120,Ninh Thuận,NTB,AM D.Long
NTB - Ninh Thuận,(NTH) Thuận Nam,Hàng Mới Ca 1,2026-08-26 - Thứ 4,107,100.00%,96.26%,0.00%,11.07,103,0,107,0,4,0,0.00%,3.74%,107,Ninh Thuận,NTB,AM D.Long
NTB - Ninh Thuận,(NTH) Thuận Nam,Hàng Mới Ca 1,2026-09-13 - Chủ Nhật,130,99.23%,79.23%,0.00%,13.4,103,0,129,0,27,1,0.77%,20.77%,130,Ninh Thuận,NTB,AM D.Long
NTB - Ninh Thuận,(NTH) Thuận Nam,Hàng Mới Ca 1,2026-09-11 - Thứ 6,80,100.00%,83.75%,0.00%,12.91,67,0,80,0,13,0,0.00%,16.25%,80,Ninh Thuận,NTB,AM D.Long
NTB - Ninh Thuận,(NTH) Thuận Nam,Hàng Mới Ca 1,2026-08-24 - Thứ 2,113,99.12%,90.27%,0.00%,10.86,102,0,112,0,11,1,0.88%,9.73%,113,Ninh Thuận,NTB,AM D.Long
NTB - Ninh Thuận,(NTH) Thuận Nam,Hàng Mới Ca 1,2026-09-01 - Thứ 3,118,100.00%,88.14%,0.85%,13.61,104,1,118,1,13,0,0.00%,11.01%,118,Ninh Thuận,NTB,AM D.Long
NTB - Ninh Thuận,(NTH) Thuận Nam,Hàng Mới Ca 1,2026-08-22 - Thứ 7,97,100.00%,85.57%,0.00%,15.98,83,0,97,0,14,0,0.00%,14.43%,97,Ninh Thuận,NTB,AM D.Long
NTB - Ninh Thuận,(NTH) Thuận Nam,Hàng Mới Ca 1,2026-09-08 - Thứ 3,48,97.92%,79.17%,0.00%,5.76,38,0,47,0,10,1,2.08%,20.83%,48,Ninh Thuận,NTB,AM D.Long
NTB - Ninh Thuận,(NTH) Thuận Nam,Hàng Mới Ca 1,2026-09-09 - Thứ 4,47,100.00%,85.11%,0.00%,5.3,40,0,47,0,7,0,0.00%,14.89%,47,Ninh Thuận,NTB,AM D.Long
NTB - Ninh Thuận,(NTH) Thuận Nam,Hàng Mới Ca 1,2026-09-02 - Thứ 4,49,100.00%,85.71%,0.00%,17.05,42,0,49,0,7,0,0.00%,14.29%,49,Ninh Thuận,NTB,AM D.Long
NTB - Ninh Thuận,(NTH) Thuận Nam,Hàng Mới Ca 1,2026-09-04 - Thứ 6,59,98.31%,89.83%,0.00%,11.04,53,0,58,0,6,1,1.69%,10.17%,59,Ninh Thuận,NTB,AM D.Long
NTB - Ninh Thuận,(NTH) Thuận Nam,Hàng Mới Ca 1,2026-09-05 - Thứ 7,62,100.00%,85.48%,0.00%,13.53,53,0,62,0,9,0,0.00%,14.52%,62,Ninh Thuận,NTB,AM D.Long
NTB - Ninh Thuận,(NTH) Thuận Nam,Hàng Mới Ca 1,2026-09-10 - Thứ 5,74,100.00%,75.68%,0.00%,6.32,56,0,74,0,18,0,0.00%,24.32%,74,Ninh Thuận,NTB,AM D.Long
NTB - Ninh Thuận,(NTH) Thuận Nam,Hàng Mới Ca 1,2026-09-07 - Thứ 2,65,100.00%,89.23%,0.00%,5.83,58,0,65,0,7,0,0.00%,10.77%,65,Ninh Thuận,NTB,AM D.Long
NTB - Ninh Thuận,(NTH) Thuận Nam,Hàng Mới Ca 1,2026-09-06 - Chủ Nhật,74,100.00%,86.49%,0.00%,6.66,64,0,74,0,10,0,0.00%,13.51%,74,Ninh Thuận,NTB,AM D.Long
NTB - Ninh Thuận,(NTH) Thuận Nam,Hàng Mới Ca 1,2026-09-12 - Thứ 7,79,100.00%,88.61%,0.00%,9.81,70,0,79,0,9,0,0.00%,11.39%,79,Ninh Thuận,NTB,AM D.Long
NTB - Ninh Thuận,(NTH) Thuận Nam,Hàng Mới Ca 1,2026-08-31 - Thứ 2,82,100.00%,85.37%,0.00%,12.87,70,0,82,0,12,0,0.00%,14.63%,82,Ninh Thuận,NTB,AM D.Long
NTB - Ninh Thuận,(NTH) Thuận Nam,Hàng Mới Ca 1,2026-09-03 - Thứ 5,84,98.81%,91.67%,0.00%,10.49,77,0,83,0,7,1,1.19%,8.33%,84,Ninh Thuận,NTB,AM D.Long
NTB - Ninh Thuận,(NTH) Thuận Nam,Hàng Mới Ca 1,2026-08-23 - Chủ Nhật,108,100.00%,78.70%,0.00%,9.58,85,0,108,0,23,0,0.00%,21.30%,108,Ninh Thuận,NTB,AM D.Long
NTB - Ninh Thuận,(NTH) Thuận Nam,Hàng Mới Ca 2,2026-09-08 - Thứ 3,43,0.00%,0.00%,0.00%,,0,0,0,0,43,43,100.00%,100.00%,43,Ninh Thuận,NTB,AM D.Long
NTB - Ninh Thuận,(NTH) Thuận Nam,Hàng Mới Ca 2,2026-09-06 - Chủ Nhật,29,0.00%,0.00%,0.00%,,0,0,0,0,29,29,100.00%,100.00%,29,Ninh Thuận,NTB,AM D.Long
NTB - Ninh Thuận,(NTH) Thuận Nam,Hàng Mới Ca 2,2026-09-09 - Thứ 4,75,0.00%,0.00%,0.00%,,0,0,0,0,75,75,100.00%,100.00%,75,Ninh Thuận,NTB,AM D.Long
NTB - Ninh Thuận,(NTH) Thuận Nam,Hàng Mới Ca 2,2026-09-07 - Thứ 2,26,0.00%,0.00%,0.00%,,0,0,0,0,26,26,100.00%,100.00%,26,Ninh Thuận,NTB,AM D.Long
NTB - Ninh Thuận,(NTH) Thuận Nam,Hàng Mới Ca 2,2026-09-05 - Thứ 7,1,0.00%,0.00%,0.00%,,0,0,0,0,1,1,100.00%,100.00%,1,Ninh Thuận,NTB,AM D.Long
NTB - Ninh Thuận,(NTH) Thuận Nam,Hàng Tồn,2026-08-26 - Thứ 4,30,93.33%,3.33%,36.67%,45,1,11,28,11,18,2,6.67%,60.00%,0,Ninh Thuận,NTB,AM D.Long
NTB - Ninh Thuận,(NTH) Thuận Nam,Hàng Tồn,2026-08-22 - Thứ 7,26,100.00%,3.85%,3.85%,58,1,1,26,1,24,0,0.00%,92.30%,0,Ninh Thuận,NTB,AM D.Long
NTB - Ninh Thuận,(NTH) Thuận Nam,Hàng Tồn,2026-08-19 - Thứ 4,16,100.00%,12.50%,37.50%,97.5,2,6,16,6,8,0,0.00%,50.00%,0,Ninh Thuận,NTB,AM D.Long
NTB - Ninh Thuận,(NTH) Thuận Nam,Hàng Tồn,2026-08-18 - Thứ 3,21,85.71%,14.29%,14.29%,83.33,3,3,18,3,15,3,14.29%,71.42%,0,Ninh Thuận,NTB,AM D.Long
NTB - Ninh Thuận,(NTH) Thuận Nam,Hàng Tồn,2026-08-30 - Chủ Nhật,20,100.00%,20.00%,15.00%,46,4,3,20,3,13,0,0.00%,65.00%,0,Ninh Thuận,NTB,AM D.Long
NTB - Ninh Thuận,(NTH) Thuận Nam,Hàng Tồn,2026-08-29 - Thứ 7,23,100.00%,17.39%,8.70%,56.25,4,2,23,2,17,0,0.00%,73.91%,0,Ninh Thuận,NTB,AM D.Long
NTB - Ninh Thuận,(NTH) Thuận Nam,Hàng Tồn,2026-08-21 - Thứ 6,22,100.00%,18.18%,4.55%,61.25,4,1,22,1,17,0,0.00%,77.27%,0,Ninh Thuận,NTB,AM D.Long
NTB - Ninh Thuận,(NTH) Thuận Nam,Hàng Tồn,2026-09-05 - Thứ 7,14,92.86%,28.57%,14.29%,80.25,4,2,13,2,8,1,7.14%,57.14%,0,Ninh Thuận,NTB,AM D.Long
NTB - Ninh Thuận,(NTH) Thuận Nam,Hàng Tồn,2026-09-04 - Thứ 6,16,93.75%,25.00%,18.75%,60,4,3,15,3,9,1,6.25%,56.25%,0,Ninh Thuận,NTB,AM D.Long
NTB - Ninh Thuận,(NTH) Thuận Nam,Hàng Tồn,2026-09-12 - Thứ 7,42,100.00%,11.90%,19.05%,43,5,8,42,8,29,0,0.00%,69.05%,0,Ninh Thuận,NTB,AM D.Long
NTB - Ninh Thuận,(NTH) Thuận Nam,Hàng Tồn,2026-09-03 - Thứ 5,16,100.00%,31.25%,12.50%,50.8,5,2,16,2,9,0,0.00%,56.25%,0,Ninh Thuận,NTB,AM D.Long
NTB - Ninh Thuận,(NTH) Thuận Nam,Hàng Tồn,2026-08-24 - Thứ 2,35,100.00%,14.29%,8.57%,58.4,5,3,35,3,27,0,0.00%,77.14%,0,Ninh Thuận,NTB,AM D.Long
NTB - Ninh Thuận,(NTH) Thuận Nam,Hàng Tồn,2026-08-27 - Thứ 5,21,76.19%,33.33%,14.29%,83.14,7,3,16,3,11,5,23.81%,52.38%,0,Ninh Thuận,NTB,AM D.Long
NTB - Ninh Thuận,(NTH) Thuận Nam,Hàng Tồn,2026-08-25 - Thứ 3,33,93.94%,21.21%,3.03%,61.43,7,1,31,1,25,2,6.06%,75.76%,0,Ninh Thuận,NTB,AM D.Long
NTB - Ninh Thuận,(NTH) Thuận Nam,Hàng Tồn,2026-09-13 - Chủ Nhật,34,100.00%,20.59%,11.76%,48.43,7,4,34,4,23,0,0.00%,67.65%,0,Ninh Thuận,NTB,AM D.Long
NTB - Ninh Thuận,(NTH) Thuận Nam,Hàng Tồn,2026-09-01 - Thứ 3,21,100.00%,33.33%,4.76%,57,7,1,21,1,13,0,0.00%,61.91%,0,Ninh Thuận,NTB,AM D.Long
NTB - Ninh Thuận,(NTH) Thuận Nam,Hàng Tồn,2026-08-17 - Thứ 2,30,100.00%,26.67%,20.00%,60.25,8,6,30,6,16,0,0.00%,53.33%,0,Ninh Thuận,NTB,AM D.Long
NTB - Ninh Thuận,(NTH) Thuận Nam,Hàng Tồn,2026-08-23 - Chủ Nhật,35,97.14%,22.86%,31.43%,54.38,8,11,34,11,16,1,2.86%,45.71%,0,Ninh Thuận,NTB,AM D.Long
NTB - Ninh Thuận,(NTH) Thuận Nam,Hàng Tồn,2026-08-28 - Thứ 6,29,100.00%,27.59%,20.69%,55.38,8,6,29,6,15,0,0.00%,51.72%,0,Ninh Thuận,NTB,AM D.Long
NTB - Ninh Thuận,(NTH) Thuận Nam,Hàng Tồn,2026-09-02 - Thứ 4,25,100.00%,36.00%,24.00%,54.33,9,6,25,6,10,0,0.00%,40.00%,0,Ninh Thuận,NTB,AM D.Long
NTB - Ninh Thuận,(NTH) Thuận Nam,Hàng Tồn,2026-08-31 - Thứ 2,25,96.00%,36.00%,12.00%,51.78,9,3,24,3,13,1,4.00%,52.00%,0,Ninh Thuận,NTB,AM D.Long
NTB - Ninh Thuận,(NTH) Thuận Nam,Hàng Tồn,2026-09-11 - Thứ 6,49,100.00%,28.57%,10.20%,59.93,14,5,49,5,30,0,0.00%,61.23%,0,Ninh Thuận,NTB,AM D.Long
NTB - Ninh Thuận,(NTH) Thuận Nam,Hàng Tồn,2026-08-20 - Thứ 5,28,100.00%,53.57%,3.57%,50.2,15,1,28,1,12,0,0.00%,42.86%,0,Ninh Thuận,NTB,AM D.Long
NTB - Ninh Thuận,(NTH) Thuận Nam,Hàng Tồn,2026-09-08 - Thứ 3,54,100.00%,46.30%,7.41%,26.36,25,4,54,4,25,0,0.00%,46.29%,0,Ninh Thuận,NTB,AM D.Long
NTB - Ninh Thuận,(NTH) Thuận Nam,Hàng Tồn,2026-09-06 - Chủ Nhật,56,98.21%,58.93%,3.57%,30.82,33,2,55,2,21,1,1.79%,37.50%,0,Ninh Thuận,NTB,AM D.Long
NTB - Ninh Thuận,(NTH) Thuận Nam,Hàng Tồn,2026-09-07 - Thứ 2,60,100.00%,58.33%,1.67%,26.43,35,1,60,1,24,0,0.00%,40.00%,0,Ninh Thuận,NTB,AM D.Long
NTB - Ninh Thuận,(NTH) Thuận Nam,Hàng Tồn,2026-09-09 - Thứ 4,75,98.67%,56.00%,6.67%,26.19,42,5,74,5,28,1,1.33%,37.33%,0,Ninh Thuận,NTB,AM D.Long
NTB - Ninh Thuận,(NTH) Thuận Nam,Hàng Tồn,2026-09-10 - Thứ 5,111,99.10%,68.47%,2.70%,26,76,3,110,3,32,1,0.90%,28.83%,0,Ninh Thuận,NTB,AM D.Long
NTB - Ninh Thuận,(NTH) Phước Dinh,Hàng Mới Ca 1,2026-09-08 - Thứ 3,140,100.00%,79.29%,0.00%,6.36,111,0,140,0,29,0,0.00%,20.71%,140,Ninh Thuận,NTB,AM D.Long
NTB - Ninh Thuận,(NTH) Phước Dinh,Hàng Mới Ca 1,2026-08-20 - Thứ 5,229,99.56%,77.29%,0.00%,10.09,177,0,228,0,52,1,0.44%,22.71%,229,Ninh Thuận,NTB,AM D.Long
NTB - Ninh Thuận,(NTH) Phước Dinh,Hàng Mới Ca 1,2026-08-30 - Chủ Nhật,146,99.32%,85.62%,0.00%,6.54,125,0,145,0,21,1,0.68%,14.38%,146,Ninh Thuận,NTB,AM D.Long
NTB - Ninh Thuận,(NTH) Phước Dinh,Hàng Mới Ca 1,2026-09-06 - Chủ Nhật,229,95.20%,68.12%,0.00%,9.66,156,0,218,0,73,11,4.80%,31.88%,229,Ninh Thuận,NTB,AM D.Long
NTB - Ninh Thuận,(NTH) Phước Dinh,Hàng Mới Ca 1,2026-08-19 - Thứ 4,270,100.00%,80.37%,0.00%,9.96,217,0,270,0,53,0,0.00%,19.63%,270,Ninh Thuận,NTB,AM D.Long
NTB - Ninh Thuận,(NTH) Phước Dinh,Hàng Mới Ca 1,2026-08-29 - Thứ 7,181,99.45%,85.64%,0.00%,7.25,155,0,180,0,26,1,0.55%,14.36%,181,Ninh Thuận,NTB,AM D.Long
NTB - Ninh Thuận,(NTH) Phước Dinh,Hàng Mới Ca 1,2026-08-17 - Thứ 2,163,100.00%,85.28%,0.00%,8,139,0,163,0,24,0,0.00%,14.72%,163,Ninh Thuận,NTB,AM D.Long
NTB - Ninh Thuận,(NTH) Phước Dinh,Hàng Mới Ca 1,2026-08-27 - Thứ 5,187,100.00%,87.17%,0.00%,9.82,163,0,187,0,24,0,0.00%,12.83%,187,Ninh Thuận,NTB,AM D.Long
NTB - Ninh Thuận,(NTH) Phước Dinh,Hàng Mới Ca 1,2026-09-04 - Thứ 6,88,98.86%,84.09%,0.00%,5.91,74,0,87,0,14,1,1.14%,15.91%,88,Ninh Thuận,NTB,AM D.Long
NTB - Ninh Thuận,(NTH) Phước Dinh,Hàng Mới Ca 1,2026-09-02 - Thứ 4,214,80.37%,59.35%,0.00%,13.88,127,0,172,0,87,42,19.63%,40.65%,214,Ninh Thuận,NTB,AM D.Long
NTB - Ninh Thuận,(NTH) Phước Dinh,Hàng Mới Ca 1,2026-08-25 - Thứ 3,154,100.00%,86.36%,0.00%,8.5,133,0,154,0,21,0,0.00%,13.64%,154,Ninh Thuận,NTB,AM D.Long
NTB - Ninh Thuận,(NTH) Phước Dinh,Hàng Mới Ca 1,2026-09-12 - Thứ 7,199,100.00%,81.91%,0.00%,7.5,163,0,199,0,36,0,0.00%,18.09%,199,Ninh Thuận,NTB,AM D.Long
NTB - Ninh Thuận,(NTH) Phước Dinh,Hàng Mới Ca 1,2026-09-09 - Thứ 4,174,100.00%,81.03%,0.00%,10.12,141,0,174,0,33,0,0.00%,18.97%,174,Ninh Thuận,NTB,AM D.Long
NTB - Ninh Thuận,(NTH) Phước Dinh,Hàng Mới Ca 1,2026-09-10 - Thứ 5,224,100.00%,73.21%,0.00%,11.78,164,0,224,0,60,0,0.00%,26.79%,224,Ninh Thuận,NTB,AM D.Long
NTB - Ninh Thuận,(NTH) Phước Dinh,Hàng Mới Ca 1,2026-08-23 - Chủ Nhật,196,98.98%,81.12%,0.00%,9.16,159,0,194,0,37,2,1.02%,18.88%,196,Ninh Thuận,NTB,AM D.Long
NTB - Ninh Thuận,(NTH) Phước Dinh,Hàng Mới Ca 1,2026-08-31 - Thứ 2,231,99.13%,84.85%,0.00%,11.21,196,0,229,0,35,2,0.87%,15.15%,231,Ninh Thuận,NTB,AM D.Long
NTB - Ninh Thuận,(NTH) Phước Dinh,Hàng Mới Ca 1,2026-08-21 - Thứ 6,181,100.00%,88.40%,0.00%,7.95,160,0,181,0,21,0,0.00%,11.60%,181,Ninh Thuận,NTB,AM D.Long
NTB - Ninh Thuận,(NTH) Phước Dinh,Hàng Mới Ca 1,2026-09-05 - Thứ 7,169,100.00%,84.02%,0.00%,7.13,142,0,169,0,27,0,0.00%,15.98%,169,Ninh Thuận,NTB,AM D.Long
NTB - Ninh Thuận,(NTH) Phước Dinh,Hàng Mới Ca 1,2026-08-28 - Thứ 6,184,100.00%,83.15%,0.00%,7.71,153,0,184,0,31,0,0.00%,16.85%,184,Ninh Thuận,NTB,AM D.Long
NTB - Ninh Thuận,(NTH) Phước Dinh,Hàng Mới Ca 1,2026-09-07 - Thứ 2,151,99.34%,80.13%,0.00%,10.55,121,0,150,0,30,1,0.66%,19.87%,151,Ninh Thuận,NTB,AM D.Long
NTB - Ninh Thuận,(NTH) Phước Dinh,Hàng Mới Ca 1,2026-09-03 - Thứ 5,150,100.00%,84.00%,0.00%,10.71,126,0,150,0,24,0,0.00%,16.00%,150,Ninh Thuận,NTB,AM D.Long
NTB - Ninh Thuận,(NTH) Phước Dinh,Hàng Mới Ca 1,2026-08-26 - Thứ 4,175,100.00%,81.71%,0.00%,7.74,143,0,175,0,32,0,0.00%,18.29%,175,Ninh Thuận,NTB,AM D.Long
NTB - Ninh Thuận,(NTH) Phước Dinh,Hàng Mới Ca 1,2026-09-13 - Chủ Nhật,197,100.00%,87.31%,0.00%,9.07,172,0,197,0,25,0,0.00%,12.69%,197,Ninh Thuận,NTB,AM D.Long
NTB - Ninh Thuận,(NTH) Phước Dinh,Hàng Mới Ca 1,2026-09-11 - Thứ 6,114,98.25%,79.82%,0.00%,6.08,91,0,112,0,23,2,1.75%,20.18%,114,Ninh Thuận,NTB,AM D.Long
NTB - Ninh Thuận,(NTH) Phước Dinh,Hàng Mới Ca 1,2026-08-24 - Thứ 2,146,97.95%,85.62%,0.00%,10.14,125,0,143,0,21,3,2.05%,14.38%,146,Ninh Thuận,NTB,AM D.Long
NTB - Ninh Thuận,(NTH) Phước Dinh,Hàng Mới Ca 1,2026-09-01 - Thứ 3,201,94.53%,80.10%,0.00%,12.19,161,0,190,0,40,11,5.47%,19.90%,201,Ninh Thuận,NTB,AM D.Long
NTB - Ninh Thuận,(NTH) Phước Dinh,Hàng Mới Ca 1,2026-08-22 - Thứ 7,157,98.73%,85.35%,0.00%,9.94,134,0,155,0,23,2,1.27%,14.65%,157,Ninh Thuận,NTB,AM D.Long
NTB - Ninh Thuận,(NTH) Phước Dinh,Hàng Mới Ca 1,2026-08-18 - Thứ 3,88,100.00%,79.55%,0.00%,5.11,70,0,88,0,18,0,0.00%,20.45%,88,Ninh Thuận,NTB,AM D.Long
NTB - Ninh Thuận,(NTH) Phước Dinh,Hàng Mới Ca 2,2026-09-02 - Thứ 4,5,0.00%,0.00%,0.00%,,0,0,0,0,5,5,100.00%,100.00%,5,Ninh Thuận,NTB,AM D.Long
NTB - Ninh Thuận,(NTH) Phước Dinh,Hàng Mới Ca 2,2026-09-03 - Thứ 5,47,17.02%,12.77%,0.00%,2.67,6,0,8,0,41,39,82.98%,87.23%,47,Ninh Thuận,NTB,AM D.Long
NTB - Ninh Thuận,(NTH) Phước Dinh,Hàng Mới Ca 2,2026-08-20 - Thứ 5,42,16.67%,16.67%,0.00%,2.43,7,0,7,0,35,35,83.33%,83.33%,42,Ninh Thuận,NTB,AM D.Long
NTB - Ninh Thuận,(NTH) Phước Dinh,Hàng Mới Ca 2,2026-08-17 - Thứ 2,46,19.57%,15.22%,0.00%,2.71,7,0,9,0,39,37,80.43%,84.78%,46,Ninh Thuận,NTB,AM D.Long
NTB - Ninh Thuận,(NTH) Phước Dinh,Hàng Mới Ca 2,2026-09-13 - Chủ Nhật,45,22.22%,15.56%,0.00%,2.71,7,0,10,0,38,35,77.78%,84.44%,45,Ninh Thuận,NTB,AM D.Long
NTB - Ninh Thuận,(NTH) Phước Dinh,Hàng Mới Ca 2,2026-09-04 - Thứ 6,51,21.57%,15.69%,0.00%,1.38,8,0,11,0,43,40,78.43%,84.31%,51,Ninh Thuận,NTB,AM D.Long
NTB - Ninh Thuận,(NTH) Phước Dinh,Hàng Mới Ca 2,2026-09-07 - Thứ 2,37,24.32%,21.62%,0.00%,3.5,8,0,9,0,29,28,75.68%,78.38%,37,Ninh Thuận,NTB,AM D.Long
NTB - Ninh Thuận,(NTH) Phước Dinh,Hàng Mới Ca 2,2026-09-01 - Thứ 3,39,30.77%,20.51%,0.00%,2.75,8,0,12,0,31,27,69.23%,79.49%,39,Ninh Thuận,NTB,AM D.Long
NTB - Ninh Thuận,(NTH) Phước Dinh,Hàng Mới Ca 2,2026-09-06 - Chủ Nhật,89,12.36%,11.24%,0.00%,2.3,10,0,11,0,79,78,87.64%,88.76%,89,Ninh Thuận,NTB,AM D.Long
NTB - Ninh Thuận,(NTH) Phước Dinh,Hàng Mới Ca 2,2026-08-23 - Chủ Nhật,56,23.21%,19.64%,0.00%,2,11,0,13,0,45,43,76.79%,80.36%,56,Ninh Thuận,NTB,AM D.Long
NTB - Ninh Thuận,(NTH) Phước Dinh,Hàng Mới Ca 2,2026-09-10 - Thứ 5,83,14.46%,14.46%,0.00%,2.42,12,0,12,0,71,71,85.54%,85.54%,83,Ninh Thuận,NTB,AM D.Long
NTB - Ninh Thuận,(NTH) Phước Dinh,Hàng Mới Ca 2,2026-08-18 - Thứ 3,55,25.45%,21.82%,0.00%,2.42,12,0,14,0,43,41,74.55%,78.18%,55,Ninh Thuận,NTB,AM D.Long
NTB - Ninh Thuận,(NTH) Phước Dinh,Hàng Mới Ca 2,2026-09-11 - Thứ 6,59,23.73%,20.34%,0.00%,2.92,12,0,14,0,47,45,76.27%,79.66%,59,Ninh Thuận,NTB,AM D.Long
NTB - Ninh Thuận,(NTH) Phước Dinh,Hàng Mới Ca 2,2026-08-22 - Thứ 7,50,32.00%,26.00%,0.00%,2,13,0,16,0,37,34,68.00%,74.00%,50,Ninh Thuận,NTB,AM D.Long
NTB - Ninh Thuận,(NTH) Phước Dinh,Hàng Mới Ca 2,2026-09-12 - Thứ 7,90,24.44%,15.56%,0.00%,2.79,14,0,22,0,76,68,75.56%,84.44%,90,Ninh Thuận,NTB,AM D.Long
NTB - Ninh Thuận,(NTH) Phước Dinh,Hàng Mới Ca 2,2026-09-09 - Thứ 4,65,29.23%,21.54%,0.00%,2.29,14,0,19,0,51,46,70.77%,78.46%,65,Ninh Thuận,NTB,AM D.Long
NTB - Ninh Thuận,(NTH) Phước Dinh,Hàng Mới Ca 2,2026-09-08 - Thứ 3,79,24.05%,22.78%,0.00%,2.83,18,0,19,0,61,60,75.95%,77.22%,79,Ninh Thuận,NTB,AM D.Long
NTB - Ninh Thuận,(NTH) Phước Dinh,Hàng Mới Ca 2,2026-08-25 - Thứ 3,86,24.42%,20.93%,0.00%,2.11,18,0,21,0,68,65,75.58%,79.07%,86,Ninh Thuận,NTB,AM D.Long
NTB - Ninh Thuận,(NTH) Phước Dinh,Hàng Mới Ca 2,2026-08-21 - Thứ 6,74,27.03%,24.32%,0.00%,2.83,18,0,20,0,56,54,72.97%,75.68%,74,Ninh Thuận,NTB,AM D.Long
NTB - Ninh Thuận,(NTH) Phước Dinh,Hàng Mới Ca 2,2026-09-05 - Thứ 7,83,24.10%,21.69%,0.00%,2.78,18,0,20,0,65,63,75.90%,78.31%,83,Ninh Thuận,NTB,AM D.Long
NTB - Ninh Thuận,(NTH) Phước Dinh,Hàng Mới Ca 2,2026-08-28 - Thứ 6,65,35.38%,27.69%,0.00%,2.89,18,0,23,0,47,42,64.62%,72.31%,65,Ninh Thuận,NTB,AM D.Long
NTB - Ninh Thuận,(NTH) Phước Dinh,Hàng Mới Ca 2,2026-08-26 - Thứ 4,78,30.77%,24.36%,0.00%,2.68,19,0,24,0,59,54,69.23%,75.64%,78,Ninh Thuận,NTB,AM D.Long
NTB - Ninh Thuận,(NTH) Phước Dinh,Hàng Mới Ca 2,2026-08-19 - Thứ 4,78,32.05%,25.64%,0.00%,2.85,20,0,25,0,58,53,67.95%,74.36%,78,Ninh Thuận,NTB,AM D.Long
NTB - Ninh Thuận,(NTH) Phước Dinh,Hàng Mới Ca 2,2026-08-27 - Thứ 5,87,31.03%,26.44%,0.00%,3,23,0,27,0,64,60,68.97%,73.56%,87,Ninh Thuận,NTB,AM D.Long
NTB - Ninh Thuận,(NTH) Phước Dinh,Hàng Mới Ca 2,2026-08-24 - Thứ 2,112,25.00%,23.21%,0.00%,2.96,26,0,28,0,86,84,75.00%,76.79%,112,Ninh Thuận,NTB,AM D.Long
NTB - Ninh Thuận,(NTH) Phước Dinh,Hàng Mới Ca 2,2026-08-29 - Thứ 7,91,37.36%,30.77%,0.00%,1.86,28,0,34,0,63,57,62.64%,69.23%,91,Ninh Thuận,NTB,AM D.Long
NTB - Ninh Thuận,(NTH) Phước Dinh,Hàng Tồn,2026-08-30 - Chủ Nhật,148,99.32%,58.78%,5.41%,46.8,87,8,147,8,53,1,0.68%,35.81%,0,Ninh Thuận,NTB,AM D.Long
NTB - Ninh Thuận,(NTH) Phước Dinh,Hàng Tồn,2026-08-17 - Thứ 2,152,100.00%,53.29%,9.21%,35.3,81,14,152,14,57,0,0.00%,37.50%,0,Ninh Thuận,NTB,AM D.Long
NTB - Ninh Thuận,(NTH) Phước Dinh,Hàng Tồn,2026-08-21 - Thứ 6,146,100.00%,54.11%,3.42%,39.04,79,5,146,5,62,0,0.00%,42.47%,0,Ninh Thuận,NTB,AM D.Long
NTB - Ninh Thuận,(NTH) Phước Dinh,Hàng Tồn,2026-09-07 - Thứ 2,215,93.49%,54.88%,2.79%,30.64,118,6,201,6,91,14,6.51%,42.33%,0,Ninh Thuận,NTB,AM D.Long
NTB - Ninh Thuận,(NTH) Phước Dinh,Hàng Tồn,2026-08-26 - Thứ 4,149,100.00%,54.36%,8.72%,33.56,81,13,149,13,55,0,0.00%,36.92%,0,Ninh Thuận,NTB,AM D.Long
NTB - Ninh Thuận,(NTH) Phước Dinh,Hàng Tồn,2026-09-13 - Chủ Nhật,167,100.00%,58.08%,3.59%,29.87,97,6,167,6,64,0,0.00%,38.33%,0,Ninh Thuận,NTB,AM D.Long
NTB - Ninh Thuận,(NTH) Phước Dinh,Hàng Tồn,2026-09-11 - Thứ 6,204,95.10%,50.00%,8.82%,30.64,102,18,194,18,84,10,4.90%,41.18%,0,Ninh Thuận,NTB,AM D.Long
NTB - Ninh Thuận,(NTH) Phước Dinh,Hàng Tồn,2026-09-01 - Thứ 3,73,100.00%,21.92%,4.11%,47.38,16,3,73,3,54,0,0.00%,73.97%,0,Ninh Thuận,NTB,AM D.Long
NTB - Ninh Thuận,(NTH) Phước Dinh,Hàng Tồn,2026-08-31 - Thứ 2,68,98.53%,25.00%,13.24%,45.88,17,9,67,9,42,1,1.47%,61.76%,0,Ninh Thuận,NTB,AM D.Long
NTB - Ninh Thuận,(NTH) Phước Dinh,Hàng Tồn,2026-09-02 - Thứ 4,120,87.50%,32.50%,8.33%,35.85,39,10,105,10,71,15,12.50%,59.17%,0,Ninh Thuận,NTB,AM D.Long
NTB - Ninh Thuận,(NTH) Phước Dinh,Hàng Tồn,2026-08-19 - Thứ 4,103,100.00%,46.60%,5.83%,27.54,48,6,103,6,49,0,0.00%,47.57%,0,Ninh Thuận,NTB,AM D.Long
NTB - Ninh Thuận,(NTH) Phước Dinh,Hàng Tồn,2026-08-23 - Chủ Nhật,111,100.00%,44.14%,6.31%,36.94,49,7,111,7,55,0,0.00%,49.55%,0,Ninh Thuận,NTB,AM D.Long
NTB - Ninh Thuận,(NTH) Phước Dinh,Hàng Tồn,2026-09-05 - Thứ 7,99,97.98%,52.53%,9.09%,32.33,52,9,97,9,38,2,2.02%,38.38%,0,Ninh Thuận,NTB,AM D.Long
NTB - Ninh Thuận,(NTH) Phước Dinh,Hàng Tồn,2026-09-08 - Thứ 3,142,100.00%,39.44%,2.82%,41.38,56,4,142,4,82,0,0.00%,57.74%,0,Ninh Thuận,NTB,AM D.Long
NTB - Ninh Thuận,(NTH) Phước Dinh,Hàng Tồn,2026-09-10 - Thứ 5,160,100.00%,37.50%,15.00%,33.07,60,24,160,24,76,0,0.00%,47.50%,0,Ninh Thuận,NTB,AM D.Long
NTB - Ninh Thuận,(NTH) Phước Dinh,Hàng Tồn,2026-08-18 - Thứ 3,108,100.00%,55.56%,3.70%,37.45,60,4,108,4,44,0,0.00%,40.74%,0,Ninh Thuận,NTB,AM D.Long
NTB - Ninh Thuận,(NTH) Phước Dinh,Hàng Tồn,2026-08-24 - Thứ 2,123,97.56%,50.41%,4.07%,36.61,62,5,120,5,56,3,2.44%,45.52%,0,Ninh Thuận,NTB,AM D.Long
NTB - Ninh Thuận,(NTH) Phước Dinh,Hàng Tồn,2026-09-12 - Thứ 7,146,100.00%,45.21%,8.22%,31.79,66,12,146,12,68,0,0.00%,46.57%,0,Ninh Thuận,NTB,AM D.Long
NTB - Ninh Thuận,(NTH) Phước Dinh,Hàng Tồn,2026-08-22 - Thứ 7,132,97.73%,50.00%,3.79%,36.65,66,5,129,5,61,3,2.27%,46.21%,0,Ninh Thuận,NTB,AM D.Long
NTB - Ninh Thuận,(NTH) Phước Dinh,Hàng Tồn,2026-09-06 - Chủ Nhật,138,94.20%,50.00%,1.45%,29.84,69,2,130,2,67,8,5.80%,48.55%,0,Ninh Thuận,NTB,AM D.Long
NTB - Ninh Thuận,(NTH) Phước Dinh,Hàng Tồn,2026-08-29 - Thứ 7,136,100.00%,50.74%,4.41%,35.84,69,6,136,6,61,0,0.00%,44.85%,0,Ninh Thuận,NTB,AM D.Long
NTB - Ninh Thuận,(NTH) Phước Dinh,Hàng Tồn,2026-09-04 - Thứ 6,130,90.77%,53.08%,9.23%,42.28,69,12,118,12,49,12,9.23%,37.69%,0,Ninh Thuận,NTB,AM D.Long
NTB - Ninh Thuận,(NTH) Phước Dinh,Hàng Tồn,2026-08-27 - Thứ 5,139,100.00%,51.08%,1.44%,34.38,71,2,139,2,66,0,0.00%,47.48%,0,Ninh Thuận,NTB,AM D.Long
NTB - Ninh Thuận,(NTH) Phước Dinh,Hàng Tồn,2026-08-20 - Thứ 5,148,99.32%,50.68%,7.43%,30.61,75,11,147,11,62,1,0.68%,41.89%,0,Ninh Thuận,NTB,AM D.Long
NTB - Ninh Thuận,(NTH) Phước Dinh,Hàng Tồn,2026-08-28 - Thứ 6,148,100.00%,50.68%,4.05%,34.53,75,6,148,6,67,0,0.00%,45.27%,0,Ninh Thuận,NTB,AM D.Long
NTB - Ninh Thuận,(NTH) Phước Dinh,Hàng Tồn,2026-09-09 - Thứ 4,166,100.00%,45.78%,3.01%,33.12,76,5,166,5,85,0,0.00%,51.21%,0,Ninh Thuận,NTB,AM D.Long
NTB - Ninh Thuận,(NTH) Phước Dinh,Hàng Tồn,2026-09-03 - Thứ 5,154,96.10%,49.35%,4.55%,42.16,76,7,148,7,71,6,3.90%,46.10%,0,Ninh Thuận,NTB,AM D.Long
NTB - Ninh Thuận,(NTH) Phước Dinh,Hàng Tồn,2026-08-25 - Thứ 3,158,97.47%,53.80%,1.90%,32.86,85,3,154,3,70,4,2.53%,44.30%,0,Ninh Thuận,NTB,AM D.Long
NTB - Ninh Thuận,(NTH) Phan Rang,Hàng Mới Ca 1,2026-09-08 - Thứ 3,182,100.00%,87.36%,0.00%,5.04,159,0,182,0,23,0,0.00%,12.64%,182,Ninh Thuận,NTB,AM D.Long
NTB - Ninh Thuận,(NTH) Phan Rang,Hàng Mới Ca 1,2026-08-20 - Thứ 5,244,99.59%,90.16%,0.00%,10.17,220,0,243,0,24,1,0.41%,9.84%,244,Ninh Thuận,NTB,AM D.Long
NTB - Ninh Thuận,(NTH) Phan Rang,Hàng Mới Ca 1,2026-08-30 - Chủ Nhật,209,100.00%,87.08%,0.00%,8.52,182,0,209,0,27,0,0.00%,12.92%,209,Ninh Thuận,NTB,AM D.Long
NTB - Ninh Thuận,(NTH) Phan Rang,Hàng Mới Ca 1,2026-09-06 - Chủ Nhật,235,99.57%,83.83%,0.00%,7.08,197,0,234,0,38,1,0.43%,16.17%,235,Ninh Thuận,NTB,AM D.Long
NTB - Ninh Thuận,(NTH) Phan Rang,Hàng Mới Ca 1,2026-08-19 - Thứ 4,273,99.63%,90.48%,0.00%,10.74,247,0,272,0,26,1,0.37%,9.52%,273,Ninh Thuận,NTB,AM D.Long
NTB - Ninh Thuận,(NTH) Phan Rang,Hàng Mới Ca 1,2026-08-29 - Thứ 7,193,100.00%,84.46%,0.00%,8.86,163,0,193,0,30,0,0.00%,15.54%,193,Ninh Thuận,NTB,AM D.Long
NTB - Ninh Thuận,(NTH) Phan Rang,Hàng Mới Ca 1,2026-08-17 - Thứ 2,260,99.62%,86.92%,0.00%,9.13,226,0,259,0,34,1,0.38%,13.08%,260,Ninh Thuận,NTB,AM D.Long
NTB - Ninh Thuận,(NTH) Phan Rang,Hàng Mới Ca 1,2026-08-27 - Thứ 5,243,100.00%,89.30%,0.00%,10.52,217,0,243,0,26,0,0.00%,10.70%,243,Ninh Thuận,NTB,AM D.Long
NTB - Ninh Thuận,(NTH) Phan Rang,Hàng Mới Ca 1,2026-09-02 - Thứ 4,207,87.44%,69.57%,0.00%,7.32,144,0,181,0,63,26,12.56%,30.43%,207,Ninh Thuận,NTB,AM D.Long
NTB - Ninh Thuận,(NTH) Phan Rang,Hàng Mới Ca 1,2026-08-25 - Thứ 3,181,99.45%,87.85%,0.00%,11.69,159,0,180,0,22,1,0.55%,12.15%,181,Ninh Thuận,NTB,AM D.Long
NTB - Ninh Thuận,(NTH) Phan Rang,Hàng Mới Ca 1,2026-09-12 - Thứ 7,265,99.62%,85.28%,0.00%,8.52,226,0,264,0,39,1,0.38%,14.72%,265,Ninh Thuận,NTB,AM D.Long
NTB - Ninh Thuận,(NTH) Phan Rang,Hàng Mới Ca 1,2026-09-09 - Thứ 4,178,99.44%,85.96%,0.00%,9.38,153,0,177,0,25,1,0.56%,14.04%,178,Ninh Thuận,NTB,AM D.Long
NTB - Ninh Thuận,(NTH) Phan Rang,Hàng Mới Ca 1,2026-09-10 - Thứ 5,239,99.16%,87.03%,0.00%,9.82,208,0,237,0,31,2,0.84%,12.97%,239,Ninh Thuận,NTB,AM D.Long
NTB - Ninh Thuận,(NTH) Phan Rang,Hàng Mới Ca 1,2026-08-23 - Chủ Nhật,262,99.24%,82.82%,0.00%,11.25,217,0,260,0,45,2,0.76%,17.18%,262,Ninh Thuận,NTB,AM D.Long
NTB - Ninh Thuận,(NTH) Phan Rang,Hàng Mới Ca 1,2026-08-31 - Thứ 2,177,100.00%,78.53%,0.00%,9.63,139,0,177,0,38,0,0.00%,21.47%,177,Ninh Thuận,NTB,AM D.Long
NTB - Ninh Thuận,(NTH) Phan Rang,Hàng Mới Ca 1,2026-08-21 - Thứ 6,220,99.09%,85.00%,0.00%,9.45,187,0,218,0,33,2,0.91%,15.00%,220,Ninh Thuận,NTB,AM D.Long
NTB - Ninh Thuận,(NTH) Phan Rang,Hàng Mới Ca 1,2026-08-18 - Thứ 3,161,99.38%,89.44%,0.00%,8.29,144,0,160,0,17,1,0.62%,10.56%,161,Ninh Thuận,NTB,AM D.Long
NTB - Ninh Thuận,(NTH) Phan Rang,Hàng Mới Ca 1,2026-09-05 - Thứ 7,208,99.04%,88.94%,0.00%,10.5,185,0,206,0,23,2,0.96%,11.06%,208,Ninh Thuận,NTB,AM D.Long
NTB - Ninh Thuận,(NTH) Phan Rang,Hàng Mới Ca 1,2026-08-28 - Thứ 6,265,98.87%,83.40%,0.00%,9.58,221,0,262,0,44,3,1.13%,16.60%,265,Ninh Thuận,NTB,AM D.Long
NTB - Ninh Thuận,(NTH) Phan Rang,Hàng Mới Ca 1,2026-09-07 - Thứ 2,182,100.00%,90.11%,0.00%,5.54,164,0,182,0,18,0,0.00%,9.89%,182,Ninh Thuận,NTB,AM D.Long
NTB - Ninh Thuận,(NTH) Phan Rang,Hàng Mới Ca 1,2026-09-03 - Thứ 5,118,100.00%,86.44%,0.00%,12.45,102,0,118,0,16,0,0.00%,13.56%,118,Ninh Thuận,NTB,AM D.Long
NTB - Ninh Thuận,(NTH) Phan Rang,Hàng Mới Ca 1,2026-08-26 - Thứ 4,226,99.56%,85.40%,0.00%,11.12,193,0,225,0,33,1,0.44%,14.60%,226,Ninh Thuận,NTB,AM D.Long
NTB - Ninh Thuận,(NTH) Phan Rang,Hàng Mới Ca 1,2026-09-13 - Chủ Nhật,247,97.98%,78.14%,0.00%,8.34,193,0,242,0,54,5,2.02%,21.86%,247,Ninh Thuận,NTB,AM D.Long
NTB - Ninh Thuận,(NTH) Phan Rang,Hàng Mới Ca 1,2026-09-11 - Thứ 6,215,100.00%,87.91%,0.00%,10.15,189,0,215,0,26,0,0.00%,12.09%,215,Ninh Thuận,NTB,AM D.Long
NTB - Ninh Thuận,(NTH) Phan Rang,Hàng Mới Ca 1,2026-08-24 - Thứ 2,212,100.00%,88.68%,0.00%,11.53,188,0,212,0,24,0,0.00%,11.32%,212,Ninh Thuận,NTB,AM D.Long
NTB - Ninh Thuận,(NTH) Phan Rang,Hàng Mới Ca 1,2026-09-01 - Thứ 3,129,100.00%,86.05%,0.00%,10.35,111,0,129,0,18,0,0.00%,13.95%,129,Ninh Thuận,NTB,AM D.Long
NTB - Ninh Thuận,(NTH) Phan Rang,Hàng Mới Ca 1,2026-08-22 - Thứ 7,232,100.00%,89.66%,0.00%,11.62,208,0,232,0,24,0,0.00%,10.34%,232,Ninh Thuận,NTB,AM D.Long
NTB - Ninh Thuận,(NTH) Phan Rang,Hàng Mới Ca 1,2026-09-04 - Thứ 6,92,100.00%,83.70%,0.00%,10.34,77,0,92,0,15,0,0.00%,16.30%,92,Ninh Thuận,NTB,AM D.Long
NTB - Ninh Thuận,(NTH) Phan Rang,Hàng Mới Ca 2,2026-09-08 - Thứ 3,129,72.87%,60.47%,0.00%,2.68,78,0,94,0,51,35,27.13%,39.53%,129,Ninh Thuận,NTB,AM D.Long
NTB - Ninh Thuận,(NTH) Phan Rang,Hàng Mới Ca 2,2026-08-20 - Thứ 5,104,93.27%,80.77%,0.00%,2.51,84,0,97,0,20,7,6.73%,19.23%,104,Ninh Thuận,NTB,AM D.Long
NTB - Ninh Thuận,(NTH) Phan Rang,Hàng Mới Ca 2,2026-08-27 - Thứ 5,107,86.92%,73.83%,0.00%,2.48,79,0,93,0,28,14,13.08%,26.17%,107,Ninh Thuận,NTB,AM D.Long
NTB - Ninh Thuận,(NTH) Phan Rang,Hàng Mới Ca 2,2026-09-09 - Thứ 4,135,68.89%,59.26%,0.00%,2.54,80,0,93,0,55,42,31.11%,40.74%,135,Ninh Thuận,NTB,AM D.Long
NTB - Ninh Thuận,(NTH) Phan Rang,Hàng Mới Ca 2,2026-08-31 - Thứ 2,144,90.28%,66.67%,0.00%,2.6,96,0,130,0,48,14,9.72%,33.33%,144,Ninh Thuận,NTB,AM D.Long
NTB - Ninh Thuận,(NTH) Phan Rang,Hàng Mới Ca 2,2026-08-24 - Thứ 2,112,83.93%,72.32%,0.00%,2.54,81,0,94,0,31,18,16.07%,27.68%,112,Ninh Thuận,NTB,AM D.Long
NTB - Ninh Thuận,(NTH) Phan Rang,Hàng Mới Ca 2,2026-09-03 - Thứ 5,28,85.71%,67.86%,0.00%,1.74,19,0,24,0,9,4,14.29%,32.14%,28,Ninh Thuận,NTB,AM D.Long
NTB - Ninh Thuận,(NTH) Phan Rang,Hàng Mới Ca 2,2026-08-17 - Thứ 2,42,92.86%,64.29%,0.00%,2.26,27,0,39,0,15,3,7.14%,35.71%,42,Ninh Thuận,NTB,AM D.Long
NTB - Ninh Thuận,(NTH) Phan Rang,Hàng Mới Ca 2,2026-09-07 - Thứ 2,48,66.67%,64.58%,0.00%,1.74,31,0,32,0,17,16,33.33%,35.42%,48,Ninh Thuận,NTB,AM D.Long
NTB - Ninh Thuận,(NTH) Phan Rang,Hàng Mới Ca 2,2026-09-13 - Chủ Nhật,69,63.77%,52.17%,0.00%,1.97,36,0,44,0,33,25,36.23%,47.83%,69,Ninh Thuận,NTB,AM D.Long
NTB - Ninh Thuận,(NTH) Phan Rang,Hàng Mới Ca 2,2026-08-29 - Thứ 7,68,73.53%,58.82%,0.00%,2.45,40,0,50,0,28,18,26.47%,41.18%,68,Ninh Thuận,NTB,AM D.Long
NTB - Ninh Thuận,(NTH) Phan Rang,Hàng Mới Ca 2,2026-09-02 - Thứ 4,67,82.09%,67.16%,0.00%,1.89,45,0,55,0,22,12,17.91%,32.84%,67,Ninh Thuận,NTB,AM D.Long
NTB - Ninh Thuận,(NTH) Phan Rang,Hàng Mới Ca 2,2026-08-22 - Thứ 7,58,93.10%,77.59%,0.00%,1.91,45,0,54,0,13,4,6.90%,22.41%,58,Ninh Thuận,NTB,AM D.Long
NTB - Ninh Thuận,(NTH) Phan Rang,Hàng Mới Ca 2,2026-09-12 - Thứ 7,82,65.85%,58.54%,0.00%,2.31,48,0,54,0,34,28,34.15%,41.46%,82,Ninh Thuận,NTB,AM D.Long
NTB - Ninh Thuận,(NTH) Phan Rang,Hàng Mới Ca 2,2026-08-23 - Chủ Nhật,76,77.63%,65.79%,0.00%,2.9,50,0,59,0,26,17,22.37%,34.21%,76,Ninh Thuận,NTB,AM D.Long
NTB - Ninh Thuận,(NTH) Phan Rang,Hàng Mới Ca 2,2026-09-01 - Thứ 3,65,92.31%,76.92%,0.00%,2.8,50,0,60,0,15,5,7.69%,23.08%,65,Ninh Thuận,NTB,AM D.Long
NTB - Ninh Thuận,(NTH) Phan Rang,Hàng Mới Ca 2,2026-08-25 - Thứ 3,64,92.19%,79.69%,0.00%,2.24,51,0,59,0,13,5,7.81%,20.31%,64,Ninh Thuận,NTB,AM D.Long
NTB - Ninh Thuận,(NTH) Phan Rang,Hàng Mới Ca 2,2026-08-28 - Thứ 6,64,87.50%,79.69%,0.00%,2.47,51,0,56,0,13,8,12.50%,20.31%,64,Ninh Thuận,NTB,AM D.Long
NTB - Ninh Thuận,(NTH) Phan Rang,Hàng Mới Ca 2,2026-09-04 - Thứ 6,67,89.55%,82.09%,0.00%,2.35,55,0,60,0,12,7,10.45%,17.91%,67,Ninh Thuận,NTB,AM D.Long
NTB - Ninh Thuận,(NTH) Phan Rang,Hàng Mới Ca 2,2026-08-21 - Thứ 6,73,82.19%,75.34%,0.00%,2.51,55,0,60,0,18,13,17.81%,24.66%,73,Ninh Thuận,NTB,AM D.Long
NTB - Ninh Thuận,(NTH) Phan Rang,Hàng Mới Ca 2,2026-09-10 - Thứ 5,102,61.76%,55.88%,0.00%,2.49,57,0,63,0,45,39,38.24%,44.12%,102,Ninh Thuận,NTB,AM D.Long
NTB - Ninh Thuận,(NTH) Phan Rang,Hàng Mới Ca 2,2026-09-11 - Thứ 6,99,67.68%,57.58%,0.00%,2.6,57,0,67,0,42,32,32.32%,42.42%,99,Ninh Thuận,NTB,AM D.Long
NTB - Ninh Thuận,(NTH) Phan Rang,Hàng Mới Ca 2,2026-08-26 - Thứ 4,91,86.81%,69.23%,0.00%,2.17,63,0,79,0,28,12,13.19%,30.77%,91,Ninh Thuận,NTB,AM D.Long
NTB - Ninh Thuận,(NTH) Phan Rang,Hàng Mới Ca 2,2026-08-19 - Thứ 4,72,95.83%,88.89%,0.00%,2.03,64,0,69,0,8,3,4.17%,11.11%,72,Ninh Thuận,NTB,AM D.Long
NTB - Ninh Thuận,(NTH) Phan Rang,Hàng Mới Ca 2,2026-08-30 - Chủ Nhật,85,95.29%,77.65%,0.00%,2.5,66,0,81,0,19,4,4.71%,22.35%,85,Ninh Thuận,NTB,AM D.Long
NTB - Ninh Thuận,(NTH) Phan Rang,Hàng Mới Ca 2,2026-09-05 - Thứ 7,87,91.95%,75.86%,0.00%,2.35,66,0,80,0,21,7,8.05%,24.14%,87,Ninh Thuận,NTB,AM D.Long
NTB - Ninh Thuận,(NTH) Phan Rang,Hàng Mới Ca 2,2026-09-06 - Chủ Nhật,139,66.19%,54.68%,0.00%,2.51,76,0,92,0,63,47,33.81%,45.32%,139,Ninh Thuận,NTB,AM D.Long
NTB - Ninh Thuận,(NTH) Phan Rang,Hàng Mới Ca 2,2026-08-18 - Thứ 3,106,95.28%,80.19%,0.00%,2.14,85,0,101,0,21,5,4.72%,19.81%,106,Ninh Thuận,NTB,AM D.Long
NTB - Ninh Thuận,(NTH) Phan Rang,Hàng Tồn,2026-09-03 - Thứ 5,143,99.30%,61.54%,4.20%,46.85,88,6,142,6,49,1,0.70%,34.26%,0,Ninh Thuận,NTB,AM D.Long
NTB - Ninh Thuận,(NTH) Phan Rang,Hàng Tồn,2026-09-02 - Thứ 4,68,77.94%,22.06%,14.71%,34.87,15,10,53,10,43,15,22.06%,63.23%,0,Ninh Thuận,NTB,AM D.Long
NTB - Ninh Thuận,(NTH) Phan Rang,Hàng Tồn,2026-09-05 - Thứ 7,57,98.25%,33.33%,5.26%,44.58,19,3,56,3,35,1,1.75%,61.41%,0,Ninh Thuận,NTB,AM D.Long
NTB - Ninh Thuận,(NTH) Phan Rang,Hàng Tồn,2026-08-31 - Thứ 2,82,98.78%,28.05%,10.98%,42.3,23,9,81,9,50,1,1.22%,60.97%,0,Ninh Thuận,NTB,AM D.Long
NTB - Ninh Thuận,(NTH) Phan Rang,Hàng Tồn,2026-08-20 - Thứ 5,56,98.21%,44.64%,12.50%,33.96,25,7,55,7,24,1,1.79%,42.86%,0,Ninh Thuận,NTB,AM D.Long
NTB - Ninh Thuận,(NTH) Phan Rang,Hàng Tồn,2026-09-04 - Thứ 6,65,100.00%,38.46%,13.85%,49.08,25,9,65,9,31,0,0.00%,47.69%,0,Ninh Thuận,NTB,AM D.Long
NTB - Ninh Thuận,(NTH) Phan Rang,Hàng Tồn,2026-08-28 - Thứ 6,90,94.44%,31.11%,15.56%,33.04,28,14,85,14,48,5,5.56%,53.33%,0,Ninh Thuận,NTB,AM D.Long
NTB - Ninh Thuận,(NTH) Phan Rang,Hàng Tồn,2026-09-08 - Thứ 3,95,100.00%,30.53%,8.42%,34.69,29,8,95,8,58,0,0.00%,61.05%,0,Ninh Thuận,NTB,AM D.Long
NTB - Ninh Thuận,(NTH) Phan Rang,Hàng Tồn,2026-08-23 - Chủ Nhật,69,100.00%,42.03%,5.80%,38.55,29,4,69,4,36,0,0.00%,52.17%,0,Ninh Thuận,NTB,AM D.Long
NTB - Ninh Thuận,(NTH) Phan Rang,Hàng Tồn,2026-08-19 - Thứ 4,73,100.00%,42.47%,12.33%,33.42,31,9,73,9,33,0,0.00%,45.20%,0,Ninh Thuận,NTB,AM D.Long
NTB - Ninh Thuận,(NTH) Phan Rang,Hàng Tồn,2026-08-26 - Thứ 4,75,100.00%,42.67%,6.67%,42.94,32,5,75,5,38,0,0.00%,50.66%,0,Ninh Thuận,NTB,AM D.Long
NTB - Ninh Thuận,(NTH) Phan Rang,Hàng Tồn,2026-08-21 - Thứ 6,67,98.51%,49.25%,13.43%,33.55,33,9,66,9,25,1,1.49%,37.32%,0,Ninh Thuận,NTB,AM D.Long
NTB - Ninh Thuận,(NTH) Phan Rang,Hàng Tồn,2026-08-18 - Thứ 3,80,100.00%,42.50%,5.00%,34.71,34,4,80,4,42,0,0.00%,52.50%,0,Ninh Thuận,NTB,AM D.Long
NTB - Ninh Thuận,(NTH) Phan Rang,Hàng Tồn,2026-08-22 - Thứ 7,73,98.63%,49.32%,1.37%,34.92,36,1,72,1,36,1,1.37%,49.31%,0,Ninh Thuận,NTB,AM D.Long
NTB - Ninh Thuận,(NTH) Phan Rang,Hàng Tồn,2026-09-06 - Chủ Nhật,97,100.00%,39.18%,10.31%,31.03,38,10,97,10,49,0,0.00%,50.51%,0,Ninh Thuận,NTB,AM D.Long
NTB - Ninh Thuận,(NTH) Phan Rang,Hàng Tồn,2026-08-25 - Thứ 3,86,100.00%,44.19%,2.33%,38.89,38,2,86,2,46,0,0.00%,53.48%,0,Ninh Thuận,NTB,AM D.Long
NTB - Ninh Thuận,(NTH) Phan Rang,Hàng Tồn,2026-08-29 - Thứ 7,98,100.00%,39.80%,4.08%,38.13,39,4,98,4,55,0,0.00%,56.12%,0,Ninh Thuận,NTB,AM D.Long
NTB - Ninh Thuận,(NTH) Phan Rang,Hàng Tồn,2026-08-27 - Thứ 5,94,100.00%,44.68%,7.45%,30,42,7,94,7,45,0,0.00%,47.87%,0,Ninh Thuận,NTB,AM D.Long
NTB - Ninh Thuận,(NTH) Phan Rang,Hàng Tồn,2026-08-30 - Chủ Nhật,105,100.00%,40.95%,6.67%,38.26,43,7,105,7,55,0,0.00%,52.38%,0,Ninh Thuận,NTB,AM D.Long
NTB - Ninh Thuận,(NTH) Phan Rang,Hàng Tồn,2026-08-17 - Thứ 2,93,98.92%,47.31%,12.90%,34.82,44,12,92,12,37,1,1.08%,39.79%,0,Ninh Thuận,NTB,AM D.Long
NTB - Ninh Thuận,(NTH) Phan Rang,Hàng Tồn,2026-09-13 - Chủ Nhật,120,99.17%,40.83%,3.33%,36.27,49,4,119,4,67,1,0.83%,55.84%,0,Ninh Thuận,NTB,AM D.Long
NTB - Ninh Thuận,(NTH) Phan Rang,Hàng Tồn,2026-08-24 - Thứ 2,100,98.00%,52.00%,10.00%,32.69,52,10,98,10,38,2,2.00%,38.00%,0,Ninh Thuận,NTB,AM D.Long
NTB - Ninh Thuận,(NTH) Phan Rang,Hàng Tồn,2026-09-09 - Thứ 4,122,100.00%,44.26%,5.74%,31.26,54,7,122,7,61,0,0.00%,50.00%,0,Ninh Thuận,NTB,AM D.Long
NTB - Ninh Thuận,(NTH) Phan Rang,Hàng Tồn,2026-09-12 - Thứ 7,120,100.00%,46.67%,4.17%,35.38,56,5,120,5,59,0,0.00%,49.16%,0,Ninh Thuận,NTB,AM D.Long
NTB - Ninh Thuận,(NTH) Phan Rang,Hàng Tồn,2026-09-11 - Thứ 6,133,98.50%,45.86%,6.02%,38.67,61,8,131,8,64,2,1.50%,48.12%,0,Ninh Thuận,NTB,AM D.Long
NTB - Ninh Thuận,(NTH) Phan Rang,Hàng Tồn,2026-09-10 - Thứ 5,135,99.26%,45.93%,8.89%,35.24,62,12,134,12,61,1,0.74%,45.18%,0,Ninh Thuận,NTB,AM D.Long
NTB - Ninh Thuận,(NTH) Phan Rang,Hàng Tồn,2026-09-01 - Thứ 3,121,99.17%,57.85%,1.65%,33.16,70,2,120,2,49,1,0.83%,40.50%,0,Ninh Thuận,NTB,AM D.Long
NTB - Ninh Thuận,(NTH) Phan Rang,Hàng Tồn,2026-09-07 - Thứ 2,149,100.00%,51.68%,2.68%,32.05,77,4,149,4,68,0,0.00%,45.64%,0,Ninh Thuận,NTB,AM D.Long
NTB - Ninh Thuận,(NTH) Ninh Sơn,Hàng Mới Ca 1,2026-08-20 - Thứ 5,134,100.00%,79.85%,0.00%,11.11,107,0,134,0,27,0,0.00%,20.15%,134,Ninh Thuận,NTB,AM D.Long
NTB - Ninh Thuận,(NTH) Ninh Sơn,Hàng Mới Ca 1,2026-08-30 - Chủ Nhật,126,100.00%,72.22%,0.00%,11.2,91,0,126,0,35,0,0.00%,27.78%,126,Ninh Thuận,NTB,AM D.Long
NTB - Ninh Thuận,(NTH) Ninh Sơn,Hàng Mới Ca 1,2026-09-06 - Chủ Nhật,135,100.00%,73.33%,0.00%,9.68,99,0,135,0,36,0,0.00%,26.67%,135,Ninh Thuận,NTB,AM D.Long
NTB - Ninh Thuận,(NTH) Ninh Sơn,Hàng Mới Ca 1,2026-08-19 - Thứ 4,174,100.00%,71.84%,0.00%,14.75,125,0,174,0,49,0,0.00%,28.16%,174,Ninh Thuận,NTB,AM D.Long
NTB - Ninh Thuận,(NTH) Ninh Sơn,Hàng Mới Ca 1,2026-08-29 - Thứ 7,127,99.21%,79.53%,0.00%,13.76,101,0,126,0,26,1,0.79%,20.47%,127,Ninh Thuận,NTB,AM D.Long
NTB - Ninh Thuận,(NTH) Ninh Sơn,Hàng Mới Ca 1,2026-08-17 - Thứ 2,138,100.00%,73.91%,0.00%,9,102,0,138,0,36,0,0.00%,26.09%,138,Ninh Thuận,NTB,AM D.Long
NTB - Ninh Thuận,(NTH) Ninh Sơn,Hàng Mới Ca 1,2026-08-27 - Thứ 5,159,99.37%,73.58%,0.00%,13.94,117,0,158,0,42,1,0.63%,26.42%,159,Ninh Thuận,NTB,AM D.Long
NTB - Ninh Thuận,(NTH) Ninh Sơn,Hàng Mới Ca 1,2026-09-02 - Thứ 4,133,100.00%,83.46%,0.00%,11.48,111,0,133,0,22,0,0.00%,16.54%,133,Ninh Thuận,NTB,AM D.Long
NTB - Ninh Thuận,(NTH) Ninh Sơn,Hàng Mới Ca 1,2026-08-25 - Thứ 3,136,100.00%,75.74%,0.00%,13.55,103,0,136,0,33,0,0.00%,24.26%,136,Ninh Thuận,NTB,AM D.Long
NTB - Ninh Thuận,(NTH) Ninh Sơn,Hàng Mới Ca 1,2026-09-12 - Thứ 7,124,92.74%,73.39%,0.00%,10.85,91,0,115,0,33,9,7.26%,26.61%,124,Ninh Thuận,NTB,AM D.Long
NTB - Ninh Thuận,(NTH) Ninh Sơn,Hàng Mới Ca 1,2026-08-23 - Chủ Nhật,136,100.00%,77.94%,0.00%,13.1,106,0,136,0,30,0,0.00%,22.06%,136,Ninh Thuận,NTB,AM D.Long
NTB - Ninh Thuận,(NTH) Ninh Sơn,Hàng Mới Ca 1,2026-08-31 - Thứ 2,139,100.00%,63.31%,0.00%,13.13,88,0,139,0,51,0,0.00%,36.69%,139,Ninh Thuận,NTB,AM D.Long
NTB - Ninh Thuận,(NTH) Ninh Sơn,Hàng Mới Ca 1,2026-08-21 - Thứ 6,120,99.17%,85.83%,0.00%,12.12,103,0,119,0,17,1,0.83%,14.17%,120,Ninh Thuận,NTB,AM D.Long
NTB - Ninh Thuận,(NTH) Ninh Sơn,Hàng Mới Ca 1,2026-09-05 - Thứ 7,124,100.00%,84.68%,0.00%,10.56,105,0,124,0,19,0,0.00%,15.32%,124,Ninh Thuận,NTB,AM D.Long
NTB - Ninh Thuận,(NTH) Ninh Sơn,Hàng Mới Ca 1,2026-08-28 - Thứ 6,147,100.00%,81.63%,0.00%,14.19,120,0,147,0,27,0,0.00%,18.37%,147,Ninh Thuận,NTB,AM D.Long
NTB - Ninh Thuận,(NTH) Ninh Sơn,Hàng Mới Ca 1,2026-09-07 - Thứ 2,141,100.00%,78.01%,0.00%,11.59,110,0,141,0,31,0,0.00%,21.99%,141,Ninh Thuận,NTB,AM D.Long
NTB - Ninh Thuận,(NTH) Ninh Sơn,Hàng Mới Ca 1,2026-08-26 - Thứ 4,131,99.24%,79.39%,0.00%,13.19,104,0,130,0,27,1,0.76%,20.61%,131,Ninh Thuận,NTB,AM D.Long
NTB - Ninh Thuận,(NTH) Ninh Sơn,Hàng Mới Ca 1,2026-08-24 - Thứ 2,107,99.07%,85.05%,0.00%,11.82,91,0,106,0,16,1,0.93%,14.95%,107,Ninh Thuận,NTB,AM D.Long
NTB - Ninh Thuận,(NTH) Ninh Sơn,Hàng Mới Ca 1,2026-09-01 - Thứ 3,116,100.00%,81.90%,0.00%,12.88,95,0,116,0,21,0,0.00%,18.10%,116,Ninh Thuận,NTB,AM D.Long
NTB - Ninh Thuận,(NTH) Ninh Sơn,Hàng Mới Ca 1,2026-08-22 - Thứ 7,157,100.00%,70.06%,0.00%,11.61,110,0,157,0,47,0,0.00%,29.94%,157,Ninh Thuận,NTB,AM D.Long
NTB - Ninh Thuận,(NTH) Ninh Sơn,Hàng Mới Ca 1,2026-09-04 - Thứ 6,60,100.00%,71.67%,0.00%,8.56,43,0,60,0,17,0,0.00%,28.33%,60,Ninh Thuận,NTB,AM D.Long
NTB - Ninh Thuận,(NTH) Ninh Sơn,Hàng Mới Ca 1,2026-09-08 - Thứ 3,79,100.00%,75.95%,0.00%,8.48,60,0,79,0,19,0,0.00%,24.05%,79,Ninh Thuận,NTB,AM D.Long
NTB - Ninh Thuận,(NTH) Ninh Sơn,Hàng Mới Ca 1,2026-08-18 - Thứ 3,83,100.00%,77.11%,0.00%,14.02,64,0,83,0,19,0,0.00%,22.89%,83,Ninh Thuận,NTB,AM D.Long
NTB - Ninh Thuận,(NTH) Ninh Sơn,Hàng Mới Ca 1,2026-09-03 - Thứ 5,97,100.00%,70.10%,0.00%,10.63,68,0,97,0,29,0,0.00%,29.90%,97,Ninh Thuận,NTB,AM D.Long
NTB - Ninh Thuận,(NTH) Ninh Sơn,Hàng Mới Ca 1,2026-09-09 - Thứ 4,120,100.00%,60.83%,0.00%,13.75,73,0,120,0,47,0,0.00%,39.17%,120,Ninh Thuận,NTB,AM D.Long
NTB - Ninh Thuận,(NTH) Ninh Sơn,Hàng Mới Ca 1,2026-09-11 - Thứ 6,138,93.48%,54.35%,0.00%,13.6,75,0,129,0,63,9,6.52%,45.65%,138,Ninh Thuận,NTB,AM D.Long
NTB - Ninh Thuận,(NTH) Ninh Sơn,Hàng Mới Ca 1,2026-09-10 - Thứ 5,142,91.55%,59.86%,0.00%,13.66,85,0,130,0,57,12,8.45%,40.14%,142,Ninh Thuận,NTB,AM D.Long
NTB - Ninh Thuận,(NTH) Ninh Sơn,Hàng Mới Ca 1,2026-09-13 - Chủ Nhật,135,100.00%,62.96%,0.00%,13.51,85,0,135,0,50,0,0.00%,37.04%,135,Ninh Thuận,NTB,AM D.Long
NTB - Ninh Thuận,(NTH) Ninh Sơn,Hàng Mới Ca 2,2026-09-03 - Thứ 5,1,0.00%,0.00%,0.00%,,0,0,0,0,1,1,100.00%,100.00%,1,Ninh Thuận,NTB,AM D.Long
NTB - Ninh Thuận,(NTH) Ninh Sơn,Hàng Tồn,2026-08-27 - Thứ 5,49,100.00%,20.41%,8.16%,45.5,10,4,49,4,35,0,0.00%,71.43%,0,Ninh Thuận,NTB,AM D.Long
NTB - Ninh Thuận,(NTH) Ninh Sơn,Hàng Tồn,2026-09-05 - Thứ 7,33,100.00%,30.30%,6.06%,48.2,10,2,33,2,21,0,0.00%,63.64%,0,Ninh Thuận,NTB,AM D.Long
NTB - Ninh Thuận,(NTH) Ninh Sơn,Hàng Tồn,2026-08-31 - Thứ 2,59,100.00%,18.64%,6.78%,64.18,11,4,59,4,44,0,0.00%,74.58%,0,Ninh Thuận,NTB,AM D.Long
NTB - Ninh Thuận,(NTH) Ninh Sơn,Hàng Tồn,2026-09-03 - Thứ 5,44,100.00%,27.27%,4.55%,49.92,12,2,44,2,30,0,0.00%,68.18%,0,Ninh Thuận,NTB,AM D.Long
NTB - Ninh Thuận,(NTH) Ninh Sơn,Hàng Tồn,2026-09-06 - Chủ Nhật,48,100.00%,27.08%,10.42%,37.85,13,5,48,5,30,0,0.00%,62.50%,0,Ninh Thuận,NTB,AM D.Long
NTB - Ninh Thuận,(NTH) Ninh Sơn,Hàng Tồn,2026-08-21 - Thứ 6,53,100.00%,24.53%,1.89%,63.92,13,1,53,1,39,0,0.00%,73.58%,0,Ninh Thuận,NTB,AM D.Long
NTB - Ninh Thuận,(NTH) Ninh Sơn,Hàng Tồn,2026-08-25 - Thứ 3,47,97.87%,31.91%,6.38%,71.07,15,3,46,3,29,1,2.13%,61.71%,0,Ninh Thuận,NTB,AM D.Long
NTB - Ninh Thuận,(NTH) Ninh Sơn,Hàng Tồn,2026-09-09 - Thứ 4,53,100.00%,28.30%,7.55%,51.6,15,4,53,4,34,0,0.00%,64.15%,0,Ninh Thuận,NTB,AM D.Long
NTB - Ninh Thuận,(NTH) Ninh Sơn,Hàng Tồn,2026-08-22 - Thứ 7,56,100.00%,28.57%,1.79%,53.19,16,1,56,1,39,0,0.00%,69.64%,0,Ninh Thuận,NTB,AM D.Long
NTB - Ninh Thuận,(NTH) Ninh Sơn,Hàng Tồn,2026-08-19 - Thứ 4,53,100.00%,32.08%,9.43%,57.94,17,5,53,5,31,0,0.00%,58.49%,0,Ninh Thuận,NTB,AM D.Long
NTB - Ninh Thuận,(NTH) Ninh Sơn,Hàng Tồn,2026-08-17 - Thứ 2,69,100.00%,27.54%,17.39%,47.47,19,12,69,12,38,0,0.00%,55.07%,0,Ninh Thuận,NTB,AM D.Long
NTB - Ninh Thuận,(NTH) Ninh Sơn,Hàng Tồn,2026-08-30 - Chủ Nhật,58,98.28%,36.21%,10.34%,62.38,21,6,57,6,31,1,1.72%,53.45%,0,Ninh Thuận,NTB,AM D.Long
NTB - Ninh Thuận,(NTH) Ninh Sơn,Hàng Tồn,2026-08-29 - Thứ 7,61,100.00%,36.07%,8.20%,51.23,22,5,61,5,34,0,0.00%,55.73%,0,Ninh Thuận,NTB,AM D.Long
NTB - Ninh Thuận,(NTH) Ninh Sơn,Hàng Tồn,2026-09-10 - Thứ 5,73,90.41%,31.51%,8.22%,50.09,23,6,66,6,44,7,9.59%,60.27%,0,Ninh Thuận,NTB,AM D.Long
NTB - Ninh Thuận,(NTH) Ninh Sơn,Hàng Tồn,2026-08-26 - Thứ 4,60,100.00%,40.00%,11.67%,52.17,24,7,60,7,29,0,0.00%,48.33%,0,Ninh Thuận,NTB,AM D.Long
NTB - Ninh Thuận,(NTH) Ninh Sơn,Hàng Tồn,2026-08-18 - Thứ 3,68,100.00%,36.76%,8.82%,54.88,25,6,68,6,37,0,0.00%,54.42%,0,Ninh Thuận,NTB,AM D.Long
NTB - Ninh Thuận,(NTH) Ninh Sơn,Hàng Tồn,2026-09-08 - Thứ 3,67,100.00%,38.81%,8.96%,50.81,26,6,67,6,35,0,0.00%,52.23%,0,Ninh Thuận,NTB,AM D.Long
NTB - Ninh Thuận,(NTH) Ninh Sơn,Hàng Tồn,2026-09-07 - Thứ 2,65,100.00%,41.54%,6.15%,48.81,27,4,65,4,34,0,0.00%,52.31%,0,Ninh Thuận,NTB,AM D.Long
NTB - Ninh Thuận,(NTH) Ninh Sơn,Hàng Tồn,2026-09-13 - Chủ Nhật,91,98.90%,30.77%,7.69%,58.54,28,7,90,7,56,1,1.10%,61.54%,0,Ninh Thuận,NTB,AM D.Long
NTB - Ninh Thuận,(NTH) Ninh Sơn,Hàng Tồn,2026-08-20 - Thứ 5,70,100.00%,41.43%,14.29%,51.66,29,10,70,10,31,0,0.00%,44.28%,0,Ninh Thuận,NTB,AM D.Long
NTB - Ninh Thuận,(NTH) Ninh Sơn,Hàng Tồn,2026-08-24 - Thứ 2,57,100.00%,50.88%,1.75%,57.21,29,1,57,1,27,0,0.00%,47.37%,0,Ninh Thuận,NTB,AM D.Long
NTB - Ninh Thuận,(NTH) Ninh Sơn,Hàng Tồn,2026-09-04 - Thứ 6,57,100.00%,56.14%,10.53%,53.56,32,6,57,6,19,0,0.00%,33.33%,0,Ninh Thuận,NTB,AM D.Long
NTB - Ninh Thuận,(NTH) Ninh Sơn,Hàng Tồn,2026-09-02 - Thứ 4,65,100.00%,50.77%,13.85%,68.39,33,9,65,9,23,0,0.00%,35.38%,0,Ninh Thuận,NTB,AM D.Long
NTB - Ninh Thuận,(NTH) Ninh Sơn,Hàng Tồn,2026-08-28 - Thứ 6,76,100.00%,46.05%,10.53%,51.6,35,8,76,8,33,0,0.00%,43.42%,0,Ninh Thuận,NTB,AM D.Long
NTB - Ninh Thuận,(NTH) Ninh Sơn,Hàng Tồn,2026-09-11 - Thứ 6,102,96.08%,38.24%,2.94%,51.28,39,3,98,3,60,4,3.92%,58.82%,0,Ninh Thuận,NTB,AM D.Long
NTB - Ninh Thuận,(NTH) Ninh Sơn,Hàng Tồn,2026-08-23 - Chủ Nhật,86,100.00%,48.84%,11.63%,62.14,42,10,86,10,34,0,0.00%,39.53%,0,Ninh Thuận,NTB,AM D.Long
NTB - Ninh Thuận,(NTH) Ninh Sơn,Hàng Tồn,2026-09-01 - Thứ 3,88,100.00%,55.68%,2.27%,49.29,49,2,88,2,37,0,0.00%,42.05%,0,Ninh Thuận,NTB,AM D.Long
NTB - Ninh Thuận,(NTH) Ninh Sơn,Hàng Tồn,2026-09-12 - Thứ 7,117,94.02%,46.15%,5.98%,51.7,54,7,110,7,56,7,5.98%,47.87%,0,Ninh Thuận,NTB,AM D.Long
NTB - Ninh Thuận,(NTH) Ninh Chử,Hàng Mới Ca 1,2026-09-08 - Thứ 3,90,98.89%,90.00%,0.00%,3.63,81,0,89,0,9,1,1.11%,10.00%,90,Ninh Thuận,NTB,AM D.Long
NTB - Ninh Thuận,(NTH) Ninh Chử,Hàng Mới Ca 1,2026-08-20 - Thứ 5,136,100.00%,95.59%,0.00%,4.38,130,0,136,0,6,0,0.00%,4.41%,136,Ninh Thuận,NTB,AM D.Long
NTB - Ninh Thuận,(NTH) Ninh Chử,Hàng Mới Ca 1,2026-08-30 - Chủ Nhật,106,100.00%,91.51%,0.00%,3.71,97,0,106,0,9,0,0.00%,8.49%,106,Ninh Thuận,NTB,AM D.Long
NTB - Ninh Thuận,(NTH) Ninh Chử,Hàng Mới Ca 1,2026-09-06 - Chủ Nhật,129,100.00%,85.27%,0.00%,5.8,110,0,129,0,19,0,0.00%,14.73%,129,Ninh Thuận,NTB,AM D.Long
NTB - Ninh Thuận,(NTH) Ninh Chử,Hàng Mới Ca 1,2026-08-19 - Thứ 4,147,99.32%,93.20%,0.00%,4.29,137,0,146,0,10,1,0.68%,6.80%,147,Ninh Thuận,NTB,AM D.Long
NTB - Ninh Thuận,(NTH) Ninh Chử,Hàng Mới Ca 1,2026-08-29 - Thứ 7,130,99.23%,87.69%,0.00%,3.7,114,0,129,0,16,1,0.77%,12.31%,130,Ninh Thuận,NTB,AM D.Long
NTB - Ninh Thuận,(NTH) Ninh Chử,Hàng Mới Ca 1,2026-08-17 - Thứ 2,125,100.00%,92.00%,0.00%,4.29,115,0,125,0,10,0,0.00%,8.00%,125,Ninh Thuận,NTB,AM D.Long
NTB - Ninh Thuận,(NTH) Ninh Chử,Hàng Mới Ca 1,2026-08-27 - Thứ 5,142,100.00%,95.07%,0.00%,4.27,135,0,142,0,7,0,0.00%,4.93%,142,Ninh Thuận,NTB,AM D.Long
NTB - Ninh Thuận,(NTH) Ninh Chử,Hàng Mới Ca 1,2026-09-02 - Thứ 4,96,97.92%,89.58%,0.00%,4.16,86,0,94,0,10,2,2.08%,10.42%,96,Ninh Thuận,NTB,AM D.Long
NTB - Ninh Thuận,(NTH) Ninh Chử,Hàng Mới Ca 1,2026-08-25 - Thứ 3,86,98.84%,90.70%,0.00%,5.03,78,0,85,0,8,1,1.16%,9.30%,86,Ninh Thuận,NTB,AM D.Long
NTB - Ninh Thuận,(NTH) Ninh Chử,Hàng Mới Ca 1,2026-09-12 - Thứ 7,144,99.31%,81.25%,0.00%,4.93,117,0,143,0,27,1,0.69%,18.75%,144,Ninh Thuận,NTB,AM D.Long
NTB - Ninh Thuận,(NTH) Ninh Chử,Hàng Mới Ca 1,2026-09-09 - Thứ 4,119,100.00%,91.60%,0.00%,5.87,109,0,119,0,10,0,0.00%,8.40%,119,Ninh Thuận,NTB,AM D.Long
NTB - Ninh Thuận,(NTH) Ninh Chử,Hàng Mới Ca 1,2026-09-10 - Thứ 5,145,99.31%,97.24%,0.00%,4.84,141,0,144,0,4,1,0.69%,2.76%,145,Ninh Thuận,NTB,AM D.Long
NTB - Ninh Thuận,(NTH) Ninh Chử,Hàng Mới Ca 1,2026-08-23 - Chủ Nhật,132,99.24%,87.88%,0.00%,4.23,116,0,131,0,16,1,0.76%,12.12%,132,Ninh Thuận,NTB,AM D.Long
NTB - Ninh Thuận,(NTH) Ninh Chử,Hàng Mới Ca 1,2026-08-31 - Thứ 2,118,99.15%,77.12%,0.00%,5.81,91,0,117,0,27,1,0.85%,22.88%,118,Ninh Thuận,NTB,AM D.Long
NTB - Ninh Thuận,(NTH) Ninh Chử,Hàng Mới Ca 1,2026-08-21 - Thứ 6,90,100.00%,86.67%,0.00%,3.95,78,0,90,0,12,0,0.00%,13.33%,90,Ninh Thuận,NTB,AM D.Long
NTB - Ninh Thuận,(NTH) Ninh Chử,Hàng Mới Ca 1,2026-09-05 - Thứ 7,127,100.00%,84.25%,0.00%,5.69,107,0,127,0,20,0,0.00%,15.75%,127,Ninh Thuận,NTB,AM D.Long
NTB - Ninh Thuận,(NTH) Ninh Chử,Hàng Mới Ca 1,2026-08-28 - Thứ 6,152,99.34%,89.47%,0.00%,5.05,136,0,151,0,16,1,0.66%,10.53%,152,Ninh Thuận,NTB,AM D.Long
NTB - Ninh Thuận,(NTH) Ninh Chử,Hàng Mới Ca 1,2026-09-07 - Thứ 2,114,100.00%,91.23%,0.00%,4.52,104,0,114,0,10,0,0.00%,8.77%,114,Ninh Thuận,NTB,AM D.Long
NTB - Ninh Thuận,(NTH) Ninh Chử,Hàng Mới Ca 1,2026-08-26 - Thứ 4,145,100.00%,92.41%,0.00%,4.35,134,0,145,0,11,0,0.00%,7.59%,145,Ninh Thuận,NTB,AM D.Long
NTB - Ninh Thuận,(NTH) Ninh Chử,Hàng Mới Ca 1,2026-09-13 - Chủ Nhật,128,99.22%,92.19%,0.00%,6.09,118,0,127,0,10,1,0.78%,7.81%,128,Ninh Thuận,NTB,AM D.Long
NTB - Ninh Thuận,(NTH) Ninh Chử,Hàng Mới Ca 1,2026-08-24 - Thứ 2,89,98.88%,88.76%,0.00%,4.39,79,0,88,0,10,1,1.12%,11.24%,89,Ninh Thuận,NTB,AM D.Long
NTB - Ninh Thuận,(NTH) Ninh Chử,Hàng Mới Ca 1,2026-08-22 - Thứ 7,126,100.00%,91.27%,0.00%,4.22,115,0,126,0,11,0,0.00%,8.73%,126,Ninh Thuận,NTB,AM D.Long
NTB - Ninh Thuận,(NTH) Ninh Chử,Hàng Mới Ca 1,2026-09-03 - Thứ 5,38,100.00%,92.11%,0.00%,3.54,35,0,38,0,3,0,0.00%,7.89%,38,Ninh Thuận,NTB,AM D.Long
NTB - Ninh Thuận,(NTH) Ninh Chử,Hàng Mới Ca 1,2026-09-04 - Thứ 6,64,100.00%,96.88%,0.00%,4.32,62,0,64,0,2,0,0.00%,3.12%,64,Ninh Thuận,NTB,AM D.Long
NTB - Ninh Thuận,(NTH) Ninh Chử,Hàng Mới Ca 1,2026-08-18 - Thứ 3,71,100.00%,88.73%,0.00%,4.81,63,0,71,0,8,0,0.00%,11.27%,71,Ninh Thuận,NTB,AM D.Long
NTB - Ninh Thuận,(NTH) Ninh Chử,Hàng Mới Ca 1,2026-09-11 - Thứ 6,79,98.73%,89.87%,0.00%,4.31,71,0,78,0,8,1,1.27%,10.13%,79,Ninh Thuận,NTB,AM D.Long
NTB - Ninh Thuận,(NTH) Ninh Chử,Hàng Mới Ca 1,2026-09-01 - Thứ 3,79,100.00%,89.87%,0.00%,3.93,71,0,79,0,8,0,0.00%,10.13%,79,Ninh Thuận,NTB,AM D.Long
NTB - Ninh Thuận,(NTH) Ninh Chử,Hàng Mới Ca 2,2026-09-03 - Thứ 5,25,32.00%,28.00%,0.00%,2.29,7,0,8,0,18,17,68.00%,72.00%,25,Ninh Thuận,NTB,AM D.Long
NTB - Ninh Thuận,(NTH) Ninh Chử,Hàng Mới Ca 2,2026-08-17 - Thứ 2,21,52.38%,52.38%,0.00%,1.82,11,0,11,0,10,10,47.62%,47.62%,21,Ninh Thuận,NTB,AM D.Long
NTB - Ninh Thuận,(NTH) Ninh Chử,Hàng Mới Ca 2,2026-09-07 - Thứ 2,25,64.00%,48.00%,0.00%,1.58,12,0,16,0,13,9,36.00%,52.00%,25,Ninh Thuận,NTB,AM D.Long
NTB - Ninh Thuận,(NTH) Ninh Chử,Hàng Mới Ca 2,2026-08-22 - Thứ 7,30,83.33%,66.67%,0.00%,2.2,20,0,25,0,10,5,16.67%,33.33%,30,Ninh Thuận,NTB,AM D.Long
NTB - Ninh Thuận,(NTH) Ninh Chử,Hàng Mới Ca 2,2026-09-13 - Chủ Nhật,46,50.00%,45.65%,0.00%,1.43,21,0,23,0,25,23,50.00%,54.35%,46,Ninh Thuận,NTB,AM D.Long
NTB - Ninh Thuận,(NTH) Ninh Chử,Hàng Mới Ca 2,2026-09-02 - Thứ 4,61,47.54%,39.34%,0.00%,2.38,24,0,29,0,37,32,52.46%,60.66%,61,Ninh Thuận,NTB,AM D.Long
NTB - Ninh Thuận,(NTH) Ninh Chử,Hàng Mới Ca 2,2026-09-10 - Thứ 5,66,46.97%,36.36%,0.00%,3.46,24,0,31,0,42,35,53.03%,63.64%,66,Ninh Thuận,NTB,AM D.Long
NTB - Ninh Thuận,(NTH) Ninh Chử,Hàng Mới Ca 2,2026-08-31 - Thứ 2,84,41.67%,28.57%,0.00%,1.92,24,0,35,0,60,49,58.33%,71.43%,84,Ninh Thuận,NTB,AM D.Long
NTB - Ninh Thuận,(NTH) Ninh Chử,Hàng Mới Ca 2,2026-08-19 - Thứ 4,50,54.00%,50.00%,0.00%,2.16,25,0,27,0,25,23,46.00%,50.00%,50,Ninh Thuận,NTB,AM D.Long
NTB - Ninh Thuận,(NTH) Ninh Chử,Hàng Mới Ca 2,2026-08-28 - Thứ 6,53,54.72%,52.83%,0.00%,2.68,28,0,29,0,25,24,45.28%,47.17%,53,Ninh Thuận,NTB,AM D.Long
NTB - Ninh Thuận,(NTH) Ninh Chử,Hàng Mới Ca 2,2026-09-12 - Thứ 7,72,50.00%,40.28%,0.00%,2.93,29,0,36,0,43,36,50.00%,59.72%,72,Ninh Thuận,NTB,AM D.Long
NTB - Ninh Thuận,(NTH) Ninh Chử,Hàng Mới Ca 2,2026-09-04 - Thứ 6,52,63.46%,61.54%,0.00%,2.13,32,0,33,0,20,19,36.54%,38.46%,52,Ninh Thuận,NTB,AM D.Long
NTB - Ninh Thuận,(NTH) Ninh Chử,Hàng Mới Ca 2,2026-09-05 - Thứ 7,88,42.05%,36.36%,0.00%,2.97,32,0,37,0,56,51,57.95%,63.64%,88,Ninh Thuận,NTB,AM D.Long
NTB - Ninh Thuận,(NTH) Ninh Chử,Hàng Mới Ca 2,2026-08-23 - Chủ Nhật,73,61.64%,47.95%,0.00%,2.31,35,0,45,0,38,28,38.36%,52.05%,73,Ninh Thuận,NTB,AM D.Long
NTB - Ninh Thuận,(NTH) Ninh Chử,Hàng Mới Ca 2,2026-08-30 - Chủ Nhật,51,76.47%,72.55%,0.00%,2.27,37,0,39,0,14,12,23.53%,27.45%,51,Ninh Thuận,NTB,AM D.Long
NTB - Ninh Thuận,(NTH) Ninh Chử,Hàng Mới Ca 2,2026-09-01 - Thứ 3,57,73.68%,64.91%,0.00%,2.3,37,0,42,0,20,15,26.32%,35.09%,57,Ninh Thuận,NTB,AM D.Long
NTB - Ninh Thuận,(NTH) Ninh Chử,Hàng Mới Ca 2,2026-08-27 - Thứ 5,58,67.24%,65.52%,0.00%,1.53,38,0,39,0,20,19,32.76%,34.48%,58,Ninh Thuận,NTB,AM D.Long
NTB - Ninh Thuận,(NTH) Ninh Chử,Hàng Mới Ca 2,2026-09-11 - Thứ 6,55,72.73%,69.09%,0.00%,2.47,38,0,40,0,17,15,27.27%,30.91%,55,Ninh Thuận,NTB,AM D.Long
NTB - Ninh Thuận,(NTH) Ninh Chử,Hàng Mới Ca 2,2026-08-20 - Thứ 5,72,59.72%,54.17%,0.00%,1.95,39,0,43,0,33,29,40.28%,45.83%,72,Ninh Thuận,NTB,AM D.Long
NTB - Ninh Thuận,(NTH) Ninh Chử,Hàng Mới Ca 2,2026-09-06 - Chủ Nhật,78,55.13%,50.00%,0.00%,2.44,39,0,43,0,39,35,44.87%,50.00%,78,Ninh Thuận,NTB,AM D.Long
NTB - Ninh Thuận,(NTH) Ninh Chử,Hàng Mới Ca 2,2026-09-09 - Thứ 4,68,64.71%,61.76%,0.00%,1.52,42,0,44,0,26,24,35.29%,38.24%,68,Ninh Thuận,NTB,AM D.Long
NTB - Ninh Thuận,(NTH) Ninh Chử,Hàng Mới Ca 2,2026-08-29 - Thứ 7,68,75.00%,67.65%,0.00%,1.54,46,0,51,0,22,17,25.00%,32.35%,68,Ninh Thuận,NTB,AM D.Long
NTB - Ninh Thuận,(NTH) Ninh Chử,Hàng Mới Ca 2,2026-08-25 - Thứ 3,76,72.37%,60.53%,0.00%,2.2,46,0,55,0,30,21,27.63%,39.47%,76,Ninh Thuận,NTB,AM D.Long
NTB - Ninh Thuận,(NTH) Ninh Chử,Hàng Mới Ca 2,2026-08-21 - Thứ 6,81,61.73%,56.79%,0.00%,1.85,46,0,50,0,35,31,38.27%,43.21%,81,Ninh Thuận,NTB,AM D.Long
NTB - Ninh Thuận,(NTH) Ninh Chử,Hàng Mới Ca 2,2026-09-08 - Thứ 3,90,63.33%,54.44%,0.00%,2.65,49,0,57,0,41,33,36.67%,45.56%,90,Ninh Thuận,NTB,AM D.Long
NTB - Ninh Thuận,(NTH) Ninh Chử,Hàng Mới Ca 2,2026-08-18 - Thứ 3,111,55.86%,50.45%,0.00%,2.61,56,0,62,0,55,49,44.14%,49.55%,111,Ninh Thuận,NTB,AM D.Long
NTB - Ninh Thuận,(NTH) Ninh Chử,Hàng Mới Ca 2,2026-08-24 - Thứ 2,99,64.65%,57.58%,0.00%,2.93,57,0,64,0,42,35,35.35%,42.42%,99,Ninh Thuận,NTB,AM D.Long
NTB - Ninh Thuận,(NTH) Ninh Chử,Hàng Mới Ca 2,2026-08-26 - Thứ 4,104,63.46%,57.69%,0.00%,2.77,60,0,66,0,44,38,36.54%,42.31%,104,Ninh Thuận,NTB,AM D.Long
NTB - Ninh Thuận,(NTH) Ninh Chử,Hàng Tồn,2026-09-01 - Thứ 3,108,99.07%,72.22%,0.93%,23.64,78,1,107,1,29,1,0.93%,26.85%,0,Ninh Thuận,NTB,AM D.Long
NTB - Ninh Thuận,(NTH) Ninh Chử,Hàng Tồn,2026-09-08 - Thứ 3,45,97.78%,31.11%,6.67%,31.29,14,3,44,3,28,1,2.22%,62.22%,0,Ninh Thuận,NTB,AM D.Long
NTB - Ninh Thuận,(NTH) Ninh Chử,Hàng Tồn,2026-08-31 - Thứ 2,44,93.18%,36.36%,9.09%,32.88,16,4,41,4,24,3,6.82%,54.55%,0,Ninh Thuận,NTB,AM D.Long
NTB - Ninh Thuận,(NTH) Ninh Chử,Hàng Tồn,2026-09-02 - Thứ 4,51,92.16%,33.33%,17.65%,28,17,9,47,9,25,4,7.84%,49.02%,0,Ninh Thuận,NTB,AM D.Long
NTB - Ninh Thuận,(NTH) Ninh Chử,Hàng Tồn,2026-09-04 - Thứ 6,41,100.00%,48.78%,17.07%,31.95,20,7,41,7,14,0,0.00%,34.15%,0,Ninh Thuận,NTB,AM D.Long
NTB - Ninh Thuận,(NTH) Ninh Chử,Hàng Tồn,2026-08-23 - Chủ Nhật,41,97.56%,48.78%,7.32%,33.65,20,3,40,3,18,1,2.44%,43.90%,0,Ninh Thuận,NTB,AM D.Long
NTB - Ninh Thuận,(NTH) Ninh Chử,Hàng Tồn,2026-09-05 - Thứ 7,36,94.44%,61.11%,2.78%,29.05,22,1,34,1,13,2,5.56%,36.11%,0,Ninh Thuận,NTB,AM D.Long
NTB - Ninh Thuận,(NTH) Ninh Chử,Hàng Tồn,2026-09-12 - Thứ 7,46,89.13%,50.00%,8.70%,34.65,23,4,41,4,19,5,10.87%,41.30%,0,Ninh Thuận,NTB,AM D.Long
NTB - Ninh Thuận,(NTH) Ninh Chử,Hàng Tồn,2026-08-18 - Thứ 3,52,96.15%,48.08%,7.69%,37.12,25,4,50,4,23,2,3.85%,44.23%,0,Ninh Thuận,NTB,AM D.Long
NTB - Ninh Thuận,(NTH) Ninh Chử,Hàng Tồn,2026-08-28 - Thứ 6,56,100.00%,44.64%,8.93%,30.04,25,5,56,5,26,0,0.00%,46.43%,0,Ninh Thuận,NTB,AM D.Long
NTB - Ninh Thuận,(NTH) Ninh Chử,Hàng Tồn,2026-08-17 - Thứ 2,67,100.00%,38.81%,7.46%,33.38,26,5,67,5,36,0,0.00%,53.73%,0,Ninh Thuận,NTB,AM D.Long
NTB - Ninh Thuận,(NTH) Ninh Chử,Hàng Tồn,2026-08-20 - Thứ 5,57,98.25%,52.63%,12.28%,31.73,30,7,56,7,20,1,1.75%,35.09%,0,Ninh Thuận,NTB,AM D.Long
NTB - Ninh Thuận,(NTH) Ninh Chử,Hàng Tồn,2026-08-30 - Chủ Nhật,58,94.83%,53.45%,5.17%,29.9,31,3,55,3,24,3,5.17%,41.38%,0,Ninh Thuận,NTB,AM D.Long
NTB - Ninh Thuận,(NTH) Ninh Chử,Hàng Tồn,2026-09-10 - Thứ 5,65,98.46%,47.69%,10.77%,30.29,31,7,64,7,27,1,1.54%,41.54%,0,Ninh Thuận,NTB,AM D.Long
NTB - Ninh Thuận,(NTH) Ninh Chử,Hàng Tồn,2026-08-26 - Thứ 4,60,100.00%,51.67%,6.67%,25.94,31,4,60,4,25,0,0.00%,41.66%,0,Ninh Thuận,NTB,AM D.Long
NTB - Ninh Thuận,(NTH) Ninh Chử,Hàng Tồn,2026-08-29 - Thứ 7,63,95.24%,52.38%,9.52%,27.39,33,6,60,6,24,3,4.76%,38.10%,0,Ninh Thuận,NTB,AM D.Long
NTB - Ninh Thuận,(NTH) Ninh Chử,Hàng Tồn,2026-08-21 - Thứ 6,57,98.25%,64.91%,7.02%,25.57,37,4,56,4,16,1,1.75%,28.07%,0,Ninh Thuận,NTB,AM D.Long
NTB - Ninh Thuận,(NTH) Ninh Chử,Hàng Tồn,2026-08-22 - Thứ 7,60,100.00%,61.67%,3.33%,27.97,37,2,60,2,21,0,0.00%,35.00%,0,Ninh Thuận,NTB,AM D.Long
NTB - Ninh Thuận,(NTH) Ninh Chử,Hàng Tồn,2026-09-09 - Thứ 4,75,98.67%,53.33%,5.33%,24.58,40,4,74,4,31,1,1.33%,41.34%,0,Ninh Thuận,NTB,AM D.Long
NTB - Ninh Thuận,(NTH) Ninh Chử,Hàng Tồn,2026-09-11 - Thứ 6,69,95.65%,57.97%,4.35%,24.5,40,3,66,3,26,3,4.35%,37.68%,0,Ninh Thuận,NTB,AM D.Long
NTB - Ninh Thuận,(NTH) Ninh Chử,Hàng Tồn,2026-08-27 - Thứ 5,75,92.00%,56.00%,2.67%,26.17,42,2,69,2,31,6,8.00%,41.33%,0,Ninh Thuận,NTB,AM D.Long
NTB - Ninh Thuận,(NTH) Ninh Chử,Hàng Tồn,2026-08-25 - Thứ 3,70,98.57%,62.86%,1.43%,25.75,44,1,69,1,25,1,1.43%,35.71%,0,Ninh Thuận,NTB,AM D.Long
NTB - Ninh Thuận,(NTH) Ninh Chử,Hàng Tồn,2026-08-24 - Thứ 2,67,98.51%,65.67%,4.48%,26.07,44,3,66,3,20,1,1.49%,29.85%,0,Ninh Thuận,NTB,AM D.Long
NTB - Ninh Thuận,(NTH) Ninh Chử,Hàng Tồn,2026-09-07 - Thứ 2,80,100.00%,61.25%,6.25%,26.69,49,5,80,5,26,0,0.00%,32.50%,0,Ninh Thuận,NTB,AM D.Long
NTB - Ninh Thuận,(NTH) Ninh Chử,Hàng Tồn,2026-09-03 - Thứ 5,73,100.00%,67.12%,0.00%,28.24,49,0,73,0,24,0,0.00%,32.88%,0,Ninh Thuận,NTB,AM D.Long
NTB - Ninh Thuận,(NTH) Ninh Chử,Hàng Tồn,2026-08-19 - Thứ 4,85,97.65%,65.88%,5.88%,25.2,56,5,83,5,24,2,2.35%,28.24%,0,Ninh Thuận,NTB,AM D.Long
NTB - Ninh Thuận,(NTH) Ninh Chử,Hàng Tồn,2026-09-13 - Chủ Nhật,91,97.80%,62.64%,4.40%,28.32,57,4,89,4,30,2,2.20%,32.96%,0,Ninh Thuận,NTB,AM D.Long
NTB - Ninh Thuận,(NTH) Ninh Chử,Hàng Tồn,2026-09-06 - Chủ Nhật,87,100.00%,68.97%,2.30%,25.17,60,2,87,2,25,0,0.00%,28.73%,0,Ninh Thuận,NTB,AM D.Long
NTB - Ninh Thuận,(NTH) Bảo An,Hàng Mới Ca 1,2026-08-20 - Thứ 5,107,99.07%,90.65%,0.00%,5,97,0,106,0,10,1,0.93%,9.35%,107,Ninh Thuận,NTB,AM D.Long
NTB - Ninh Thuận,(NTH) Bảo An,Hàng Mới Ca 1,2026-08-19 - Thứ 4,101,100.00%,93.07%,0.00%,5.8,94,0,101,0,7,0,0.00%,6.93%,101,Ninh Thuận,NTB,AM D.Long
NTB - Ninh Thuận,(NTH) Bảo An,Hàng Mới Ca 1,2026-08-29 - Thứ 7,91,100.00%,92.31%,0.00%,6.88,84,0,91,0,7,0,0.00%,7.69%,91,Ninh Thuận,NTB,AM D.Long
NTB - Ninh Thuận,(NTH) Bảo An,Hàng Mới Ca 1,2026-08-27 - Thứ 5,95,100.00%,87.37%,0.00%,6.24,83,0,95,0,12,0,0.00%,12.63%,95,Ninh Thuận,NTB,AM D.Long
NTB - Ninh Thuận,(NTH) Bảo An,Hàng Mới Ca 1,2026-08-26 - Thứ 4,103,99.03%,90.29%,0.00%,7.88,93,0,102,0,10,1,0.97%,9.71%,103,Ninh Thuận,NTB,AM D.Long
NTB - Ninh Thuận,(NTH) Bảo An,Hàng Mới Ca 1,2026-09-03 - Thứ 5,34,100.00%,94.12%,0.00%,7.97,32,0,34,0,2,0,0.00%,5.88%,34,Ninh Thuận,NTB,AM D.Long
NTB - Ninh Thuận,(NTH) Bảo An,Hàng Mới Ca 1,2026-09-04 - Thứ 6,46,100.00%,91.30%,0.00%,4.02,42,0,46,0,4,0,0.00%,8.70%,46,Ninh Thuận,NTB,AM D.Long
NTB - Ninh Thuận,(NTH) Bảo An,Hàng Mới Ca 1,2026-08-25 - Thứ 3,43,100.00%,100.00%,0.00%,7.37,43,0,43,0,0,0,0.00%,0.00%,43,Ninh Thuận,NTB,AM D.Long
NTB - Ninh Thuận,(NTH) Bảo An,Hàng Mới Ca 1,2026-08-18 - Thứ 3,47,100.00%,95.74%,0.00%,4.07,45,0,47,0,2,0,0.00%,4.26%,47,Ninh Thuận,NTB,AM D.Long
NTB - Ninh Thuận,(NTH) Bảo An,Hàng Mới Ca 1,2026-09-07 - Thứ 2,52,100.00%,88.46%,0.00%,4.78,46,0,52,0,6,0,0.00%,11.54%,52,Ninh Thuận,NTB,AM D.Long
NTB - Ninh Thuận,(NTH) Bảo An,Hàng Mới Ca 1,2026-09-09 - Thứ 4,53,100.00%,90.57%,0.00%,4.35,48,0,53,0,5,0,0.00%,9.43%,53,Ninh Thuận,NTB,AM D.Long
NTB - Ninh Thuận,(NTH) Bảo An,Hàng Mới Ca 1,2026-08-21 - Thứ 6,55,100.00%,89.09%,0.00%,5.24,49,0,55,0,6,0,0.00%,10.91%,55,Ninh Thuận,NTB,AM D.Long
NTB - Ninh Thuận,(NTH) Bảo An,Hàng Mới Ca 1,2026-08-24 - Thứ 2,58,100.00%,86.21%,0.00%,7.64,50,0,58,0,8,0,0.00%,13.79%,58,Ninh Thuận,NTB,AM D.Long
NTB - Ninh Thuận,(NTH) Bảo An,Hàng Mới Ca 1,2026-09-01 - Thứ 3,59,100.00%,86.44%,0.00%,6.96,51,0,59,0,8,0,0.00%,13.56%,59,Ninh Thuận,NTB,AM D.Long
NTB - Ninh Thuận,(NTH) Bảo An,Hàng Mới Ca 1,2026-09-08 - Thứ 3,63,100.00%,82.54%,0.00%,3.21,52,0,63,0,11,0,0.00%,17.46%,63,Ninh Thuận,NTB,AM D.Long
NTB - Ninh Thuận,(NTH) Bảo An,Hàng Mới Ca 1,2026-08-31 - Thứ 2,58,100.00%,89.66%,0.00%,5.13,52,0,58,0,6,0,0.00%,10.34%,58,Ninh Thuận,NTB,AM D.Long
NTB - Ninh Thuận,(NTH) Bảo An,Hàng Mới Ca 1,2026-09-11 - Thứ 6,58,100.00%,91.38%,0.00%,4.15,53,0,58,0,5,0,0.00%,8.62%,58,Ninh Thuận,NTB,AM D.Long
NTB - Ninh Thuận,(NTH) Bảo An,Hàng Mới Ca 1,2026-09-06 - Chủ Nhật,66,100.00%,87.88%,0.00%,3.95,58,0,66,0,8,0,0.00%,12.12%,66,Ninh Thuận,NTB,AM D.Long
NTB - Ninh Thuận,(NTH) Bảo An,Hàng Mới Ca 1,2026-09-10 - Thứ 5,73,100.00%,79.45%,0.00%,5.07,58,0,73,0,15,0,0.00%,20.55%,73,Ninh Thuận,NTB,AM D.Long
NTB - Ninh Thuận,(NTH) Bảo An,Hàng Mới Ca 1,2026-09-12 - Thứ 7,67,100.00%,88.06%,0.00%,4.34,59,0,67,0,8,0,0.00%,11.94%,67,Ninh Thuận,NTB,AM D.Long
NTB - Ninh Thuận,(NTH) Bảo An,Hàng Mới Ca 1,2026-09-13 - Chủ Nhật,66,100.00%,89.39%,0.00%,4.44,59,0,66,0,7,0,0.00%,10.61%,66,Ninh Thuận,NTB,AM D.Long
NTB - Ninh Thuận,(NTH) Bảo An,Hàng Mới Ca 1,2026-08-17 - Thứ 2,75,100.00%,86.67%,0.00%,7.12,65,0,75,0,10,0,0.00%,13.33%,75,Ninh Thuận,NTB,AM D.Long
NTB - Ninh Thuận,(NTH) Bảo An,Hàng Mới Ca 1,2026-09-02 - Thứ 4,72,100.00%,91.67%,0.00%,5.79,66,0,72,0,6,0,0.00%,8.33%,72,Ninh Thuận,NTB,AM D.Long
NTB - Ninh Thuận,(NTH) Bảo An,Hàng Mới Ca 1,2026-08-30 - Chủ Nhật,82,100.00%,84.15%,0.00%,6.7,69,0,82,0,13,0,0.00%,15.85%,82,Ninh Thuận,NTB,AM D.Long
NTB - Ninh Thuận,(NTH) Bảo An,Hàng Mới Ca 1,2026-09-05 - Thứ 7,82,100.00%,84.15%,0.00%,5.22,69,0,82,0,13,0,0.00%,15.85%,82,Ninh Thuận,NTB,AM D.Long
NTB - Ninh Thuận,(NTH) Bảo An,Hàng Mới Ca 1,2026-08-23 - Chủ Nhật,91,100.00%,78.02%,0.00%,6.7,71,0,91,0,20,0,0.00%,21.98%,91,Ninh Thuận,NTB,AM D.Long
NTB - Ninh Thuận,(NTH) Bảo An,Hàng Mới Ca 1,2026-08-28 - Thứ 6,85,100.00%,88.24%,0.00%,5.68,75,0,85,0,10,0,0.00%,11.76%,85,Ninh Thuận,NTB,AM D.Long
NTB - Ninh Thuận,(NTH) Bảo An,Hàng Mới Ca 1,2026-08-22 - Thứ 7,83,100.00%,91.57%,0.00%,6.39,76,0,83,0,7,0,0.00%,8.43%,83,Ninh Thuận,NTB,AM D.Long
NTB - Ninh Thuận,(NTH) Bảo An,Hàng Mới Ca 2,2026-09-03 - Thứ 5,6,100.00%,83.33%,0.00%,1.4,5,0,6,0,1,0,0.00%,16.67%,6,Ninh Thuận,NTB,AM D.Long
NTB - Ninh Thuận,(NTH) Bảo An,Hàng Mới Ca 2,2026-09-07 - Thứ 2,19,57.89%,42.11%,0.00%,2,8,0,11,0,11,8,42.11%,57.89%,19,Ninh Thuận,NTB,AM D.Long
NTB - Ninh Thuận,(NTH) Bảo An,Hàng Mới Ca 2,2026-09-11 - Thứ 6,24,50.00%,41.67%,0.00%,2.3,10,0,12,0,14,12,50.00%,58.33%,24,Ninh Thuận,NTB,AM D.Long
NTB - Ninh Thuận,(NTH) Bảo An,Hàng Mới Ca 2,2026-09-04 - Thứ 6,18,94.44%,83.33%,0.00%,2.47,15,0,17,0,3,1,5.56%,16.67%,18,Ninh Thuận,NTB,AM D.Long
NTB - Ninh Thuận,(NTH) Bảo An,Hàng Mới Ca 2,2026-08-23 - Chủ Nhật,30,56.67%,50.00%,0.00%,2.93,15,0,17,0,15,13,43.33%,50.00%,30,Ninh Thuận,NTB,AM D.Long
NTB - Ninh Thuận,(NTH) Bảo An,Hàng Mới Ca 2,2026-09-12 - Thứ 7,45,48.89%,35.56%,0.00%,2.94,16,0,22,0,29,23,51.11%,64.44%,45,Ninh Thuận,NTB,AM D.Long
NTB - Ninh Thuận,(NTH) Bảo An,Hàng Mới Ca 2,2026-08-22 - Thứ 7,25,96.00%,64.00%,0.00%,2.13,16,0,24,0,9,1,4.00%,36.00%,25,Ninh Thuận,NTB,AM D.Long
NTB - Ninh Thuận,(NTH) Bảo An,Hàng Mới Ca 2,2026-08-29 - Thứ 7,30,83.33%,56.67%,0.00%,2.29,17,0,25,0,13,5,16.67%,43.33%,30,Ninh Thuận,NTB,AM D.Long
NTB - Ninh Thuận,(NTH) Bảo An,Hàng Mới Ca 2,2026-09-02 - Thứ 4,35,68.57%,48.57%,0.00%,2.35,17,0,24,0,18,11,31.43%,51.43%,35,Ninh Thuận,NTB,AM D.Long
NTB - Ninh Thuận,(NTH) Bảo An,Hàng Mới Ca 2,2026-08-20 - Thứ 5,25,84.00%,72.00%,0.00%,2.61,18,0,21,0,7,4,16.00%,28.00%,25,Ninh Thuận,NTB,AM D.Long
NTB - Ninh Thuận,(NTH) Bảo An,Hàng Mới Ca 2,2026-08-19 - Thứ 4,21,100.00%,85.71%,0.00%,2.06,18,0,21,0,3,0,0.00%,14.29%,21,Ninh Thuận,NTB,AM D.Long
NTB - Ninh Thuận,(NTH) Bảo An,Hàng Mới Ca 2,2026-08-30 - Chủ Nhật,23,91.30%,82.61%,0.00%,2.32,19,0,21,0,4,2,8.70%,17.39%,23,Ninh Thuận,NTB,AM D.Long
NTB - Ninh Thuận,(NTH) Bảo An,Hàng Mới Ca 2,2026-08-21 - Thứ 6,24,91.67%,79.17%,0.00%,2.63,19,0,22,0,5,2,8.33%,20.83%,24,Ninh Thuận,NTB,AM D.Long
NTB - Ninh Thuận,(NTH) Bảo An,Hàng Mới Ca 2,2026-09-13 - Chủ Nhật,32,71.88%,59.38%,0.00%,2.42,19,0,23,0,13,9,28.12%,40.62%,32,Ninh Thuận,NTB,AM D.Long
NTB - Ninh Thuận,(NTH) Bảo An,Hàng Mới Ca 2,2026-08-25 - Thứ 3,28,85.71%,71.43%,0.00%,2.35,20,0,24,0,8,4,14.29%,28.57%,28,Ninh Thuận,NTB,AM D.Long
NTB - Ninh Thuận,(NTH) Bảo An,Hàng Mới Ca 2,2026-09-08 - Thứ 3,53,56.60%,41.51%,0.00%,2.32,22,0,30,0,31,23,43.40%,58.49%,53,Ninh Thuận,NTB,AM D.Long
NTB - Ninh Thuận,(NTH) Bảo An,Hàng Mới Ca 2,2026-08-17 - Thứ 2,26,100.00%,84.62%,0.00%,2,22,0,26,0,4,0,0.00%,15.38%,26,Ninh Thuận,NTB,AM D.Long
NTB - Ninh Thuận,(NTH) Bảo An,Hàng Mới Ca 2,2026-08-28 - Thứ 6,32,87.50%,68.75%,0.00%,2.45,22,0,28,0,10,4,12.50%,31.25%,32,Ninh Thuận,NTB,AM D.Long
NTB - Ninh Thuận,(NTH) Bảo An,Hàng Mới Ca 2,2026-09-01 - Thứ 3,35,74.29%,62.86%,0.00%,1.41,22,0,26,0,13,9,25.71%,37.14%,35,Ninh Thuận,NTB,AM D.Long
NTB - Ninh Thuận,(NTH) Bảo An,Hàng Mới Ca 2,2026-08-31 - Thứ 2,41,82.93%,60.98%,0.00%,1.76,25,0,34,0,16,7,17.07%,39.02%,41,Ninh Thuận,NTB,AM D.Long
NTB - Ninh Thuận,(NTH) Bảo An,Hàng Mới Ca 2,2026-09-05 - Thứ 7,36,80.56%,69.44%,0.00%,2.6,25,0,29,0,11,7,19.44%,30.56%,36,Ninh Thuận,NTB,AM D.Long
NTB - Ninh Thuận,(NTH) Bảo An,Hàng Mới Ca 2,2026-08-27 - Thứ 5,38,86.84%,71.05%,0.00%,2.41,27,0,33,0,11,5,13.16%,28.95%,38,Ninh Thuận,NTB,AM D.Long
NTB - Ninh Thuận,(NTH) Bảo An,Hàng Mới Ca 2,2026-09-10 - Thứ 5,52,65.38%,53.85%,0.00%,2.68,28,0,34,0,24,18,34.62%,46.15%,52,Ninh Thuận,NTB,AM D.Long
NTB - Ninh Thuận,(NTH) Bảo An,Hàng Mới Ca 2,2026-08-18 - Thứ 3,40,90.00%,70.00%,0.00%,2.82,28,0,36,0,12,4,10.00%,30.00%,40,Ninh Thuận,NTB,AM D.Long
NTB - Ninh Thuận,(NTH) Bảo An,Hàng Mới Ca 2,2026-09-06 - Chủ Nhật,64,59.38%,48.44%,0.00%,2.9,31,0,38,0,33,26,40.62%,51.56%,64,Ninh Thuận,NTB,AM D.Long
NTB - Ninh Thuận,(NTH) Bảo An,Hàng Mới Ca 2,2026-08-26 - Thứ 4,46,80.43%,71.74%,0.00%,2.33,33,0,37,0,13,9,19.57%,28.26%,46,Ninh Thuận,NTB,AM D.Long
NTB - Ninh Thuận,(NTH) Bảo An,Hàng Mới Ca 2,2026-09-09 - Thứ 4,78,61.54%,50.00%,0.00%,2.95,39,0,48,0,39,30,38.46%,50.00%,78,Ninh Thuận,NTB,AM D.Long
NTB - Ninh Thuận,(NTH) Bảo An,Hàng Mới Ca 2,2026-08-24 - Thứ 2,54,83.33%,74.07%,0.00%,2.73,40,0,45,0,14,9,16.67%,25.93%,54,Ninh Thuận,NTB,AM D.Long
NTB - Ninh Thuận,(NTH) Bảo An,Hàng Tồn,2026-09-04 - Thứ 6,16,100.00%,31.25%,12.50%,46.2,5,2,16,2,9,0,0.00%,56.25%,0,Ninh Thuận,NTB,AM D.Long
NTB - Ninh Thuận,(NTH) Bảo An,Hàng Tồn,2026-08-23 - Chủ Nhật,23,100.00%,34.78%,21.74%,32.25,8,5,23,5,10,0,0.00%,43.48%,0,Ninh Thuận,NTB,AM D.Long
NTB - Ninh Thuận,(NTH) Bảo An,Hàng Tồn,2026-09-05 - Thứ 7,17,100.00%,47.06%,11.76%,48.38,8,2,17,2,7,0,0.00%,41.18%,0,Ninh Thuận,NTB,AM D.Long
NTB - Ninh Thuận,(NTH) Bảo An,Hàng Tồn,2026-08-26 - Thứ 4,22,100.00%,36.36%,9.09%,35.88,8,2,22,2,12,0,0.00%,54.55%,0,Ninh Thuận,NTB,AM D.Long
NTB - Ninh Thuận,(NTH) Bảo An,Hàng Tồn,2026-08-20 - Thứ 5,29,100.00%,34.48%,20.69%,56.1,10,6,29,6,13,0,0.00%,44.83%,0,Ninh Thuận,NTB,AM D.Long
NTB - Ninh Thuận,(NTH) Bảo An,Hàng Tồn,2026-08-19 - Thứ 4,32,100.00%,31.25%,12.50%,38.4,10,4,32,4,18,0,0.00%,56.25%,0,Ninh Thuận,NTB,AM D.Long
NTB - Ninh Thuận,(NTH) Bảo An,Hàng Tồn,2026-08-22 - Thứ 7,21,100.00%,47.62%,9.52%,37.8,10,2,21,2,9,0,0.00%,42.86%,0,Ninh Thuận,NTB,AM D.Long
NTB - Ninh Thuận,(NTH) Bảo An,Hàng Tồn,2026-08-31 - Thứ 2,32,96.88%,34.38%,9.38%,57.18,11,3,31,3,18,1,3.12%,56.24%,0,Ninh Thuận,NTB,AM D.Long
NTB - Ninh Thuận,(NTH) Bảo An,Hàng Tồn,2026-08-18 - Thứ 3,33,100.00%,33.33%,6.06%,49.18,11,2,33,2,20,0,0.00%,60.61%,0,Ninh Thuận,NTB,AM D.Long
NTB - Ninh Thuận,(NTH) Bảo An,Hàng Tồn,2026-08-21 - Thứ 6,28,100.00%,42.86%,17.86%,36,12,5,28,5,11,0,0.00%,39.28%,0,Ninh Thuận,NTB,AM D.Long
NTB - Ninh Thuận,(NTH) Bảo An,Hàng Tồn,2026-08-29 - Thứ 7,33,100.00%,39.39%,3.03%,42.85,13,1,33,1,19,0,0.00%,57.58%,0,Ninh Thuận,NTB,AM D.Long
NTB - Ninh Thuận,(NTH) Bảo An,Hàng Tồn,2026-08-17 - Thứ 2,33,100.00%,42.42%,9.09%,27.86,14,3,33,3,16,0,0.00%,48.49%,0,Ninh Thuận,NTB,AM D.Long
NTB - Ninh Thuận,(NTH) Bảo An,Hàng Tồn,2026-08-25 - Thứ 3,33,100.00%,48.48%,0.00%,33.69,16,0,33,0,17,0,0.00%,51.52%,0,Ninh Thuận,NTB,AM D.Long
NTB - Ninh Thuận,(NTH) Bảo An,Hàng Tồn,2026-08-28 - Thứ 6,32,100.00%,50.00%,12.50%,43.75,16,4,32,4,12,0,0.00%,37.50%,0,Ninh Thuận,NTB,AM D.Long
NTB - Ninh Thuận,(NTH) Bảo An,Hàng Tồn,2026-08-30 - Chủ Nhật,36,100.00%,47.22%,2.78%,39.06,17,1,36,1,18,0,0.00%,50.00%,0,Ninh Thuận,NTB,AM D.Long
NTB - Ninh Thuận,(NTH) Bảo An,Hàng Tồn,2026-09-08 - Thứ 3,39,100.00%,46.15%,0.00%,41.22,18,0,39,0,21,0,0.00%,53.85%,0,Ninh Thuận,NTB,AM D.Long
NTB - Ninh Thuận,(NTH) Bảo An,Hàng Tồn,2026-09-06 - Chủ Nhật,38,97.37%,47.37%,13.16%,23.56,18,5,37,5,15,1,2.63%,39.47%,0,Ninh Thuận,NTB,AM D.Long
NTB - Ninh Thuận,(NTH) Bảo An,Hàng Tồn,2026-09-02 - Thứ 4,38,100.00%,47.37%,13.16%,39.83,18,5,38,5,15,0,0.00%,39.47%,0,Ninh Thuận,NTB,AM D.Long
NTB - Ninh Thuận,(NTH) Bảo An,Hàng Tồn,2026-09-12 - Thứ 7,38,100.00%,47.37%,5.26%,38.33,18,2,38,2,18,0,0.00%,47.37%,0,Ninh Thuận,NTB,AM D.Long
NTB - Ninh Thuận,(NTH) Bảo An,Hàng Tồn,2026-08-27 - Thứ 5,35,100.00%,54.29%,8.57%,38.74,19,3,35,3,13,0,0.00%,37.14%,0,Ninh Thuận,NTB,AM D.Long
NTB - Ninh Thuận,(NTH) Bảo An,Hàng Tồn,2026-09-01 - Thứ 3,40,100.00%,50.00%,5.00%,34.25,20,2,40,2,18,0,0.00%,45.00%,0,Ninh Thuận,NTB,AM D.Long
NTB - Ninh Thuận,(NTH) Bảo An,Hàng Tồn,2026-09-03 - Thứ 5,42,100.00%,52.38%,9.52%,38.09,22,4,42,4,16,0,0.00%,38.10%,0,Ninh Thuận,NTB,AM D.Long
NTB - Ninh Thuận,(NTH) Bảo An,Hàng Tồn,2026-08-24 - Thứ 2,39,100.00%,64.10%,0.00%,34.6,25,0,39,0,14,0,0.00%,35.90%,0,Ninh Thuận,NTB,AM D.Long
NTB - Ninh Thuận,(NTH) Bảo An,Hàng Tồn,2026-09-13 - Chủ Nhật,56,100.00%,57.14%,5.36%,32.09,32,3,56,3,21,0,0.00%,37.50%,0,Ninh Thuận,NTB,AM D.Long
NTB - Ninh Thuận,(NTH) Bảo An,Hàng Tồn,2026-09-07 - Thứ 2,55,98.18%,60.00%,1.82%,27.27,33,1,54,1,21,1,1.82%,38.18%,0,Ninh Thuận,NTB,AM D.Long
NTB - Ninh Thuận,(NTH) Bảo An,Hàng Tồn,2026-09-11 - Thứ 6,53,100.00%,62.26%,3.77%,32.82,33,2,53,2,18,0,0.00%,33.97%,0,Ninh Thuận,NTB,AM D.Long
NTB - Ninh Thuận,(NTH) Bảo An,Hàng Tồn,2026-09-09 - Thứ 4,61,100.00%,59.02%,9.84%,28.39,36,6,61,6,19,0,0.00%,31.14%,0,Ninh Thuận,NTB,AM D.Long
NTB - Ninh Thuận,(NTH) Bảo An,Hàng Tồn,2026-09-10 - Thứ 5,58,100.00%,67.24%,5.17%,27.28,39,3,58,3,16,0,0.00%,27.59%,0,Ninh Thuận,NTB,AM D.Long
NTB - Lâm Đồng,(LDO) Đức Trọng 2,Hàng Mới Ca 1,2026-09-10 - Thứ 5,118,83.05%,73.73%,0.00%,8.31,87,0,98,0,31,20,16.95%,26.27%,118,Lâm Đồng,NTB,AM Thơ
NTB - Lâm Đồng,(LDO) Đức Trọng 2,Hàng Mới Ca 1,2026-09-01 - Thứ 3,108,100.00%,81.48%,0.00%,7.7,88,0,108,0,20,0,0.00%,18.52%,108,Lâm Đồng,NTB,AM Thơ
NTB - Lâm Đồng,(LDO) Đức Trọng 2,Hàng Mới Ca 1,2026-08-22 - Thứ 7,114,100.00%,86.84%,0.00%,7.57,99,0,114,0,15,0,0.00%,13.16%,114,Lâm Đồng,NTB,AM Thơ
NTB - Lâm Đồng,(LDO) Đức Trọng 2,Hàng Mới Ca 1,2026-09-03 - Thứ 5,22,100.00%,90.91%,0.00%,7.7,20,0,22,0,2,0,0.00%,9.09%,22,Lâm Đồng,NTB,AM Thơ
NTB - Lâm Đồng,(LDO) Đức Trọng 2,Hàng Mới Ca 1,2026-08-29 - Thứ 7,48,75.00%,54.17%,0.00%,7.35,26,0,36,0,22,12,25.00%,45.83%,48,Lâm Đồng,NTB,AM Thơ
NTB - Lâm Đồng,(LDO) Đức Trọng 2,Hàng Mới Ca 1,2026-09-04 - Thứ 6,36,83.33%,75.00%,0.00%,7.96,27,0,30,0,9,6,16.67%,25.00%,36,Lâm Đồng,NTB,AM Thơ
NTB - Lâm Đồng,(LDO) Đức Trọng 2,Hàng Mới Ca 1,2026-08-28 - Thứ 6,41,100.00%,68.29%,2.44%,8.18,28,1,41,1,12,0,0.00%,29.27%,41,Lâm Đồng,NTB,AM Thơ
NTB - Lâm Đồng,(LDO) Đức Trọng 2,Hàng Mới Ca 1,2026-09-02 - Thứ 4,36,100.00%,86.11%,0.00%,5.39,31,0,36,0,5,0,0.00%,13.89%,36,Lâm Đồng,NTB,AM Thơ
NTB - Lâm Đồng,(LDO) Đức Trọng 2,Hàng Mới Ca 1,2026-08-31 - Thứ 2,52,100.00%,61.54%,0.00%,6.44,32,0,52,0,20,0,0.00%,38.46%,52,Lâm Đồng,NTB,AM Thơ
NTB - Lâm Đồng,(LDO) Đức Trọng 2,Hàng Mới Ca 1,2026-08-30 - Chủ Nhật,41,100.00%,82.93%,0.00%,8.15,34,0,41,0,7,0,0.00%,17.07%,41,Lâm Đồng,NTB,AM Thơ
NTB - Lâm Đồng,(LDO) Đức Trọng 2,Hàng Mới Ca 1,2026-08-17 - Thứ 2,40,95.00%,85.00%,0.00%,7.5,34,0,38,0,6,2,5.00%,15.00%,40,Lâm Đồng,NTB,AM Thơ
NTB - Lâm Đồng,(LDO) Đức Trọng 2,Hàng Mới Ca 1,2026-09-05 - Thứ 7,39,97.44%,87.18%,0.00%,6.82,34,0,38,0,5,1,2.56%,12.82%,39,Lâm Đồng,NTB,AM Thơ
NTB - Lâm Đồng,(LDO) Đức Trọng 2,Hàng Mới Ca 1,2026-09-07 - Thứ 2,51,100.00%,74.51%,0.00%,7.29,38,0,51,0,13,0,0.00%,25.49%,51,Lâm Đồng,NTB,AM Thơ
NTB - Lâm Đồng,(LDO) Đức Trọng 2,Hàng Mới Ca 1,2026-09-11 - Thứ 6,45,100.00%,84.44%,0.00%,7.82,38,0,45,0,7,0,0.00%,15.56%,45,Lâm Đồng,NTB,AM Thơ
NTB - Lâm Đồng,(LDO) Đức Trọng 2,Hàng Mới Ca 1,2026-09-12 - Thứ 7,50,100.00%,80.00%,0.00%,8.25,40,0,50,0,10,0,0.00%,20.00%,50,Lâm Đồng,NTB,AM Thơ
NTB - Lâm Đồng,(LDO) Đức Trọng 2,Hàng Mới Ca 1,2026-08-25 - Thứ 3,44,100.00%,93.18%,0.00%,7.17,41,0,44,0,3,0,0.00%,6.82%,44,Lâm Đồng,NTB,AM Thơ
NTB - Lâm Đồng,(LDO) Đức Trọng 2,Hàng Mới Ca 1,2026-09-13 - Chủ Nhật,51,98.04%,84.31%,0.00%,7.28,43,0,50,0,8,1,1.96%,15.69%,51,Lâm Đồng,NTB,AM Thơ
NTB - Lâm Đồng,(LDO) Đức Trọng 2,Hàng Mới Ca 1,2026-09-08 - Thứ 3,48,100.00%,91.67%,0.00%,6.14,44,0,48,0,4,0,0.00%,8.33%,48,Lâm Đồng,NTB,AM Thơ
NTB - Lâm Đồng,(LDO) Đức Trọng 2,Hàng Mới Ca 1,2026-08-19 - Thứ 4,53,94.34%,86.79%,0.00%,8.33,46,0,50,0,7,3,5.66%,13.21%,53,Lâm Đồng,NTB,AM Thơ
NTB - Lâm Đồng,(LDO) Đức Trọng 2,Hàng Mới Ca 1,2026-08-26 - Thứ 4,57,100.00%,85.96%,0.00%,7.57,49,0,57,0,8,0,0.00%,14.04%,57,Lâm Đồng,NTB,AM Thơ
NTB - Lâm Đồng,(LDO) Đức Trọng 2,Hàng Mới Ca 1,2026-08-24 - Thứ 2,53,100.00%,92.45%,0.00%,7.76,49,0,53,0,4,0,0.00%,7.55%,53,Lâm Đồng,NTB,AM Thơ
NTB - Lâm Đồng,(LDO) Đức Trọng 2,Hàng Mới Ca 1,2026-08-23 - Chủ Nhật,64,100.00%,78.13%,0.00%,6.52,50,0,64,0,14,0,0.00%,21.87%,64,Lâm Đồng,NTB,AM Thơ
NTB - Lâm Đồng,(LDO) Đức Trọng 2,Hàng Mới Ca 1,2026-09-09 - Thứ 4,63,96.83%,88.89%,0.00%,5.86,56,0,61,0,7,2,3.17%,11.11%,63,Lâm Đồng,NTB,AM Thơ
NTB - Lâm Đồng,(LDO) Đức Trọng 2,Hàng Mới Ca 1,2026-08-20 - Thứ 5,65,100.00%,92.31%,0.00%,6.97,60,0,65,0,5,0,0.00%,7.69%,65,Lâm Đồng,NTB,AM Thơ
NTB - Lâm Đồng,(LDO) Đức Trọng 2,Hàng Mới Ca 1,2026-08-27 - Thứ 5,73,98.63%,83.56%,0.00%,7.34,61,0,72,0,12,1,1.37%,16.44%,73,Lâm Đồng,NTB,AM Thơ
NTB - Lâm Đồng,(LDO) Đức Trọng 2,Hàng Mới Ca 1,2026-08-21 - Thứ 6,80,85.00%,76.25%,0.00%,6.98,61,0,68,0,19,12,15.00%,23.75%,80,Lâm Đồng,NTB,AM Thơ
NTB - Lâm Đồng,(LDO) Đức Trọng 2,Hàng Mới Ca 1,2026-08-18 - Thứ 3,91,100.00%,82.42%,0.00%,6.93,75,0,91,0,16,0,0.00%,17.58%,91,Lâm Đồng,NTB,AM Thơ
NTB - Lâm Đồng,(LDO) Đức Trọng 2,Hàng Mới Ca 1,2026-09-06 - Chủ Nhật,99,96.97%,85.86%,0.00%,7.05,85,0,96,0,14,3,3.03%,14.14%,99,Lâm Đồng,NTB,AM Thơ
NTB - Lâm Đồng,(LDO) Đức Trọng 2,Hàng Mới Ca 2,2026-08-19 - Thứ 4,88,84.09%,76.14%,0.00%,4.3,67,0,74,0,21,14,15.91%,23.86%,88,Lâm Đồng,NTB,AM Thơ
NTB - Lâm Đồng,(LDO) Đức Trọng 2,Hàng Mới Ca 2,2026-08-31 - Thứ 2,15,53.33%,26.67%,0.00%,2.75,4,0,8,0,11,7,46.67%,73.33%,15,Lâm Đồng,NTB,AM Thơ
NTB - Lâm Đồng,(LDO) Đức Trọng 2,Hàng Mới Ca 2,2026-08-17 - Thứ 2,13,76.92%,53.85%,0.00%,5,7,0,10,0,6,3,23.08%,46.15%,13,Lâm Đồng,NTB,AM Thơ
NTB - Lâm Đồng,(LDO) Đức Trọng 2,Hàng Mới Ca 2,2026-08-21 - Thứ 6,35,80.00%,65.71%,0.00%,4.65,23,0,28,0,12,7,20.00%,34.29%,35,Lâm Đồng,NTB,AM Thơ
NTB - Lâm Đồng,(LDO) Đức Trọng 2,Hàng Mới Ca 2,2026-08-29 - Thứ 7,76,51.32%,35.53%,0.00%,3.93,27,0,39,0,49,37,48.68%,64.47%,76,Lâm Đồng,NTB,AM Thơ
NTB - Lâm Đồng,(LDO) Đức Trọng 2,Hàng Mới Ca 2,2026-09-12 - Thứ 7,54,64.81%,50.00%,0.00%,4.15,27,0,35,0,27,19,35.19%,50.00%,54,Lâm Đồng,NTB,AM Thơ
NTB - Lâm Đồng,(LDO) Đức Trọng 2,Hàng Mới Ca 2,2026-09-13 - Chủ Nhật,50,76.00%,68.00%,0.00%,2.71,34,0,38,0,16,12,24.00%,32.00%,50,Lâm Đồng,NTB,AM Thơ
NTB - Lâm Đồng,(LDO) Đức Trọng 2,Hàng Mới Ca 2,2026-09-03 - Thứ 5,46,80.43%,73.91%,0.00%,4.21,34,0,37,0,12,9,19.57%,26.09%,46,Lâm Đồng,NTB,AM Thơ
NTB - Lâm Đồng,(LDO) Đức Trọng 2,Hàng Mới Ca 2,2026-09-09 - Thứ 4,48,81.25%,77.08%,0.00%,3.32,37,0,39,0,11,9,18.75%,22.92%,48,Lâm Đồng,NTB,AM Thơ
NTB - Lâm Đồng,(LDO) Đức Trọng 2,Hàng Mới Ca 2,2026-09-02 - Thứ 4,62,82.26%,61.29%,0.00%,4.03,38,0,51,0,24,11,17.74%,38.71%,62,Lâm Đồng,NTB,AM Thơ
NTB - Lâm Đồng,(LDO) Đức Trọng 2,Hàng Mới Ca 2,2026-09-10 - Thứ 5,63,68.25%,61.90%,0.00%,4.82,39,0,43,0,24,20,31.75%,38.10%,63,Lâm Đồng,NTB,AM Thơ
NTB - Lâm Đồng,(LDO) Đức Trọng 2,Hàng Mới Ca 2,2026-09-07 - Thứ 2,55,89.09%,72.73%,0.00%,3.53,40,0,49,0,15,6,10.91%,27.27%,55,Lâm Đồng,NTB,AM Thơ
NTB - Lâm Đồng,(LDO) Đức Trọng 2,Hàng Mới Ca 2,2026-09-11 - Thứ 6,67,74.63%,59.70%,0.00%,4.2,40,0,50,0,27,17,25.37%,40.30%,67,Lâm Đồng,NTB,AM Thơ
NTB - Lâm Đồng,(LDO) Đức Trọng 2,Hàng Mới Ca 2,2026-09-01 - Thứ 3,61,85.25%,72.13%,0.00%,3.55,44,0,52,0,17,9,14.75%,27.87%,61,Lâm Đồng,NTB,AM Thơ
NTB - Lâm Đồng,(LDO) Đức Trọng 2,Hàng Mới Ca 2,2026-09-04 - Thứ 6,61,80.33%,73.77%,0.00%,3.22,45,0,49,0,16,12,19.67%,26.23%,61,Lâm Đồng,NTB,AM Thơ
NTB - Lâm Đồng,(LDO) Đức Trọng 2,Hàng Mới Ca 2,2026-08-25 - Thứ 3,79,69.62%,58.23%,0.00%,3.89,46,0,55,0,33,24,30.38%,41.77%,79,Lâm Đồng,NTB,AM Thơ
NTB - Lâm Đồng,(LDO) Đức Trọng 2,Hàng Mới Ca 2,2026-09-05 - Thứ 7,59,88.14%,77.97%,0.00%,3.54,46,0,52,0,13,7,11.86%,22.03%,59,Lâm Đồng,NTB,AM Thơ
NTB - Lâm Đồng,(LDO) Đức Trọng 2,Hàng Mới Ca 2,2026-08-28 - Thứ 6,85,61.18%,54.12%,0.00%,3.85,46,0,52,0,39,33,38.82%,45.88%,85,Lâm Đồng,NTB,AM Thơ
NTB - Lâm Đồng,(LDO) Đức Trọng 2,Hàng Mới Ca 2,2026-08-24 - Thứ 2,65,89.23%,70.77%,0.00%,4.48,46,0,58,0,19,7,10.77%,29.23%,65,Lâm Đồng,NTB,AM Thơ
NTB - Lâm Đồng,(LDO) Đức Trọng 2,Hàng Mới Ca 2,2026-08-20 - Thứ 5,61,88.52%,77.05%,0.00%,3.68,47,0,54,0,14,7,11.48%,22.95%,61,Lâm Đồng,NTB,AM Thơ
NTB - Lâm Đồng,(LDO) Đức Trọng 2,Hàng Mới Ca 2,2026-09-08 - Thứ 3,61,95.08%,80.33%,0.00%,4.12,49,0,58,0,12,3,4.92%,19.67%,61,Lâm Đồng,NTB,AM Thơ
NTB - Lâm Đồng,(LDO) Đức Trọng 2,Hàng Mới Ca 2,2026-08-18 - Thứ 3,78,83.33%,64.10%,0.00%,3.74,50,0,65,0,28,13,16.67%,35.90%,78,Lâm Đồng,NTB,AM Thơ
NTB - Lâm Đồng,(LDO) Đức Trọng 2,Hàng Mới Ca 2,2026-08-23 - Chủ Nhật,82,74.39%,62.20%,0.00%,3.75,51,0,61,0,31,21,25.61%,37.80%,82,Lâm Đồng,NTB,AM Thơ
NTB - Lâm Đồng,(LDO) Đức Trọng 2,Hàng Mới Ca 2,2026-08-27 - Thứ 5,67,88.06%,77.61%,0.00%,4.21,52,0,59,0,15,8,11.94%,22.39%,67,Lâm Đồng,NTB,AM Thơ
NTB - Lâm Đồng,(LDO) Đức Trọng 2,Hàng Mới Ca 2,2026-08-22 - Thứ 7,79,78.48%,69.62%,0.00%,4.2,55,0,62,0,24,17,21.52%,30.38%,79,Lâm Đồng,NTB,AM Thơ
NTB - Lâm Đồng,(LDO) Đức Trọng 2,Hàng Mới Ca 2,2026-08-30 - Chủ Nhật,107,66.36%,57.01%,0.00%,3.84,61,0,71,0,46,36,33.64%,42.99%,107,Lâm Đồng,NTB,AM Thơ
NTB - Lâm Đồng,(LDO) Đức Trọng 2,Hàng Mới Ca 2,2026-09-06 - Chủ Nhật,85,81.18%,72.94%,0.00%,3.85,62,0,69,0,23,16,18.82%,27.06%,85,Lâm Đồng,NTB,AM Thơ
NTB - Lâm Đồng,(LDO) Đức Trọng 2,Hàng Mới Ca 2,2026-08-26 - Thứ 4,97,86.60%,73.20%,0.00%,3.8,71,0,84,0,26,13,13.40%,26.80%,97,Lâm Đồng,NTB,AM Thơ
NTB - Lâm Đồng,(LDO) Đức Trọng 2,Hàng Tồn,2026-09-10 - Thứ 5,28,71.43%,25.00%,10.71%,32.29,7,3,20,3,18,8,28.57%,64.29%,0,Lâm Đồng,NTB,AM Thơ
NTB - Lâm Đồng,(LDO) Đức Trọng 2,Hàng Tồn,2026-09-06 - Chủ Nhật,30,96.67%,33.33%,6.67%,39.6,10,2,29,2,18,1,3.33%,60.00%,0,Lâm Đồng,NTB,AM Thơ
NTB - Lâm Đồng,(LDO) Đức Trọng 2,Hàng Tồn,2026-08-21 - Thứ 6,47,74.47%,23.40%,10.64%,37.27,11,5,35,5,31,12,25.53%,65.96%,0,Lâm Đồng,NTB,AM Thơ
NTB - Lâm Đồng,(LDO) Đức Trọng 2,Hàng Tồn,2026-09-04 - Thứ 6,35,80.00%,37.14%,5.71%,45.46,13,2,28,2,20,7,20.00%,57.15%,0,Lâm Đồng,NTB,AM Thơ
NTB - Lâm Đồng,(LDO) Đức Trọng 2,Hàng Tồn,2026-09-09 - Thứ 4,36,100.00%,36.11%,11.11%,37,13,4,36,4,19,0,0.00%,52.78%,0,Lâm Đồng,NTB,AM Thơ
NTB - Lâm Đồng,(LDO) Đức Trọng 2,Hàng Tồn,2026-08-25 - Thứ 3,48,97.92%,33.33%,4.17%,42.31,16,2,47,2,30,1,2.08%,62.50%,0,Lâm Đồng,NTB,AM Thơ
NTB - Lâm Đồng,(LDO) Đức Trọng 2,Hàng Tồn,2026-08-20 - Thứ 5,54,100.00%,33.33%,12.96%,39.89,18,7,54,7,29,0,0.00%,53.71%,0,Lâm Đồng,NTB,AM Thơ
NTB - Lâm Đồng,(LDO) Đức Trọng 2,Hàng Tồn,2026-08-28 - Thứ 6,54,100.00%,33.33%,7.41%,42.94,18,4,54,4,32,0,0.00%,59.26%,0,Lâm Đồng,NTB,AM Thơ
NTB - Lâm Đồng,(LDO) Đức Trọng 2,Hàng Tồn,2026-08-22 - Thứ 7,53,100.00%,33.96%,7.55%,35.17,18,4,53,4,31,0,0.00%,58.49%,0,Lâm Đồng,NTB,AM Thơ
NTB - Lâm Đồng,(LDO) Đức Trọng 2,Hàng Tồn,2026-09-05 - Thứ 7,43,100.00%,51.16%,9.30%,36,22,4,43,4,17,0,0.00%,39.54%,0,Lâm Đồng,NTB,AM Thơ
NTB - Lâm Đồng,(LDO) Đức Trọng 2,Hàng Tồn,2026-08-27 - Thứ 5,59,100.00%,40.68%,10.17%,30.13,24,6,59,6,29,0,0.00%,49.15%,0,Lâm Đồng,NTB,AM Thơ
NTB - Lâm Đồng,(LDO) Đức Trọng 2,Hàng Tồn,2026-09-03 - Thứ 5,54,96.30%,44.44%,12.96%,41.38,24,7,52,7,23,2,3.70%,42.60%,0,Lâm Đồng,NTB,AM Thơ
NTB - Lâm Đồng,(LDO) Đức Trọng 2,Hàng Tồn,2026-09-08 - Thứ 3,51,100.00%,50.98%,5.88%,40.65,26,3,51,3,22,0,0.00%,43.14%,0,Lâm Đồng,NTB,AM Thơ
NTB - Lâm Đồng,(LDO) Đức Trọng 2,Hàng Tồn,2026-08-29 - Thứ 7,75,77.33%,34.67%,4.00%,31.54,26,3,58,3,46,17,22.67%,61.33%,0,Lâm Đồng,NTB,AM Thơ
NTB - Lâm Đồng,(LDO) Đức Trọng 2,Hàng Tồn,2026-09-07 - Thứ 2,53,100.00%,49.06%,1.89%,35.19,26,1,53,1,26,0,0.00%,49.05%,0,Lâm Đồng,NTB,AM Thơ
NTB - Lâm Đồng,(LDO) Đức Trọng 2,Hàng Tồn,2026-09-02 - Thứ 4,58,93.10%,46.55%,8.62%,36.48,27,5,54,5,26,4,6.90%,44.83%,0,Lâm Đồng,NTB,AM Thơ
NTB - Lâm Đồng,(LDO) Đức Trọng 2,Hàng Tồn,2026-08-26 - Thứ 4,66,100.00%,42.42%,10.61%,27.96,28,7,66,7,31,0,0.00%,46.97%,0,Lâm Đồng,NTB,AM Thơ
NTB - Lâm Đồng,(LDO) Đức Trọng 2,Hàng Tồn,2026-09-12 - Thứ 7,62,98.39%,48.39%,4.84%,34.83,30,3,61,3,29,1,1.61%,46.77%,0,Lâm Đồng,NTB,AM Thơ
NTB - Lâm Đồng,(LDO) Đức Trọng 2,Hàng Tồn,2026-08-23 - Chủ Nhật,67,100.00%,46.27%,8.96%,45.48,31,6,67,6,30,0,0.00%,44.77%,0,Lâm Đồng,NTB,AM Thơ
NTB - Lâm Đồng,(LDO) Đức Trọng 2,Hàng Tồn,2026-08-31 - Thứ 2,80,100.00%,41.25%,8.75%,30.42,33,7,80,7,40,0,0.00%,50.00%,0,Lâm Đồng,NTB,AM Thơ
NTB - Lâm Đồng,(LDO) Đức Trọng 2,Hàng Tồn,2026-09-13 - Chủ Nhật,61,96.72%,54.10%,1.64%,36.15,33,1,59,1,27,2,3.28%,44.26%,0,Lâm Đồng,NTB,AM Thơ
NTB - Lâm Đồng,(LDO) Đức Trọng 2,Hàng Tồn,2026-08-18 - Thứ 3,82,100.00%,41.46%,2.44%,64.56,34,2,82,2,46,0,0.00%,56.10%,0,Lâm Đồng,NTB,AM Thơ
NTB - Lâm Đồng,(LDO) Đức Trọng 2,Hàng Tồn,2026-09-11 - Thứ 6,68,98.53%,54.41%,1.47%,36.27,37,1,67,1,30,1,1.47%,44.12%,0,Lâm Đồng,NTB,AM Thơ
NTB - Lâm Đồng,(LDO) Đức Trọng 2,Hàng Tồn,2026-08-19 - Thứ 4,81,100.00%,53.09%,8.64%,47.28,43,7,81,7,31,0,0.00%,38.27%,0,Lâm Đồng,NTB,AM Thơ
NTB - Lâm Đồng,(LDO) Đức Trọng 2,Hàng Tồn,2026-09-01 - Thứ 3,72,100.00%,61.11%,1.39%,44.93,44,1,72,1,27,0,0.00%,37.50%,0,Lâm Đồng,NTB,AM Thơ
NTB - Lâm Đồng,(LDO) Đức Trọng 2,Hàng Tồn,2026-08-24 - Thứ 2,76,100.00%,59.21%,2.63%,35.2,45,2,76,2,29,0,0.00%,38.16%,0,Lâm Đồng,NTB,AM Thơ
NTB - Lâm Đồng,(LDO) Đức Trọng 2,Hàng Tồn,2026-08-17 - Thứ 2,131,78.63%,40.46%,3.82%,44.81,53,5,103,5,73,28,21.37%,55.72%,0,Lâm Đồng,NTB,AM Thơ
NTB - Lâm Đồng,(LDO) Đức Trọng 2,Hàng Tồn,2026-08-30 - Chủ Nhật,112,99.11%,60.71%,4.46%,35.15,68,5,111,5,39,1,0.89%,34.83%,0,Lâm Đồng,NTB,AM Thơ
NTB - Lâm Đồng,(LDO) Đức Trọng 1,Hàng Mới Ca 1,2026-09-05 - Thứ 7,68,32.35%,19.12%,0.00%,19.77,13,0,22,0,55,46,67.65%,80.88%,68,Lâm Đồng,NTB,AM Tiến
NTB - Lâm Đồng,(LDO) Đức Trọng 1,Hàng Mới Ca 1,2026-08-18 - Thứ 3,85,34.12%,17.65%,0.00%,20.47,15,0,29,0,70,56,65.88%,82.35%,85,Lâm Đồng,NTB,AM Tiến
NTB - Lâm Đồng,(LDO) Đức Trọng 1,Hàng Mới Ca 1,2026-09-08 - Thứ 3,74,29.73%,21.62%,0.00%,15.44,16,0,22,0,58,52,70.27%,78.38%,74,Lâm Đồng,NTB,AM Tiến
NTB - Lâm Đồng,(LDO) Đức Trọng 1,Hàng Mới Ca 1,2026-08-28 - Thứ 6,64,39.06%,28.13%,0.00%,23.39,18,0,25,0,46,39,60.94%,71.87%,64,Lâm Đồng,NTB,AM Tiến
NTB - Lâm Đồng,(LDO) Đức Trọng 1,Hàng Mới Ca 1,2026-08-17 - Thứ 2,113,42.48%,16.81%,0.00%,20,19,0,48,0,94,65,57.52%,83.19%,113,Lâm Đồng,NTB,AM Tiến
NTB - Lâm Đồng,(LDO) Đức Trọng 1,Hàng Mới Ca 1,2026-08-31 - Thứ 2,113,38.05%,19.47%,0.00%,16.36,22,0,43,0,91,70,61.95%,80.53%,113,Lâm Đồng,NTB,AM Tiến
NTB - Lâm Đồng,(LDO) Đức Trọng 1,Hàng Mới Ca 1,2026-09-13 - Chủ Nhật,73,38.36%,30.14%,0.00%,20.09,22,0,28,0,51,45,61.64%,69.86%,73,Lâm Đồng,NTB,AM Tiến
NTB - Lâm Đồng,(LDO) Đức Trọng 1,Hàng Mới Ca 1,2026-09-06 - Chủ Nhật,112,47.32%,20.54%,0.00%,13,23,0,53,0,89,59,52.68%,79.46%,112,Lâm Đồng,NTB,AM Tiến
NTB - Lâm Đồng,(LDO) Đức Trọng 1,Hàng Mới Ca 1,2026-08-29 - Thứ 7,88,55.68%,26.14%,0.00%,24.65,23,0,49,0,65,39,44.32%,73.86%,88,Lâm Đồng,NTB,AM Tiến
NTB - Lâm Đồng,(LDO) Đức Trọng 1,Hàng Mới Ca 1,2026-08-30 - Chủ Nhật,130,35.38%,19.23%,0.00%,19.96,25,0,46,0,105,84,64.62%,80.77%,130,Lâm Đồng,NTB,AM Tiến
NTB - Lâm Đồng,(LDO) Đức Trọng 1,Hàng Mới Ca 1,2026-09-10 - Thứ 5,108,32.41%,25.00%,0.00%,15.81,27,0,35,0,81,73,67.59%,75.00%,108,Lâm Đồng,NTB,AM Tiến
NTB - Lâm Đồng,(LDO) Đức Trọng 1,Hàng Mới Ca 1,2026-08-26 - Thứ 4,68,54.41%,39.71%,0.00%,22.19,27,0,37,0,41,31,45.59%,60.29%,68,Lâm Đồng,NTB,AM Tiến
NTB - Lâm Đồng,(LDO) Đức Trọng 1,Hàng Mới Ca 1,2026-09-09 - Thứ 4,69,49.28%,40.58%,0.00%,17.79,28,0,34,0,41,35,50.72%,59.42%,69,Lâm Đồng,NTB,AM Tiến
NTB - Lâm Đồng,(LDO) Đức Trọng 1,Hàng Mới Ca 1,2026-08-20 - Thứ 5,115,38.26%,25.22%,0.00%,19.83,29,0,44,0,86,71,61.74%,74.78%,115,Lâm Đồng,NTB,AM Tiến
NTB - Lâm Đồng,(LDO) Đức Trọng 1,Hàng Mới Ca 1,2026-08-23 - Chủ Nhật,87,66.67%,34.48%,0.00%,16.87,30,0,58,0,57,29,33.33%,65.52%,87,Lâm Đồng,NTB,AM Tiến
NTB - Lâm Đồng,(LDO) Đức Trọng 1,Hàng Mới Ca 1,2026-08-21 - Thứ 6,105,45.71%,28.57%,0.00%,16.3,30,0,48,0,75,57,54.29%,71.43%,105,Lâm Đồng,NTB,AM Tiến
NTB - Lâm Đồng,(LDO) Đức Trọng 1,Hàng Mới Ca 1,2026-08-19 - Thứ 4,108,52.78%,28.70%,0.00%,19.77,31,0,57,0,77,51,47.22%,71.30%,108,Lâm Đồng,NTB,AM Tiến
NTB - Lâm Đồng,(LDO) Đức Trọng 1,Hàng Mới Ca 1,2026-09-02 - Thứ 4,75,64.00%,42.67%,0.00%,17.56,32,0,48,0,43,27,36.00%,57.33%,75,Lâm Đồng,NTB,AM Tiến
NTB - Lâm Đồng,(LDO) Đức Trọng 1,Hàng Mới Ca 1,2026-09-11 - Thứ 6,86,50.00%,37.21%,0.00%,19.5,32,0,43,0,54,43,50.00%,62.79%,86,Lâm Đồng,NTB,AM Tiến
NTB - Lâm Đồng,(LDO) Đức Trọng 1,Hàng Mới Ca 1,2026-09-01 - Thứ 3,91,59.34%,36.26%,0.00%,12.21,33,0,54,0,58,37,40.66%,63.74%,91,Lâm Đồng,NTB,AM Tiến
NTB - Lâm Đồng,(LDO) Đức Trọng 1,Hàng Mới Ca 1,2026-08-27 - Thứ 5,158,42.41%,21.52%,0.00%,18.03,34,0,67,0,124,91,57.59%,78.48%,158,Lâm Đồng,NTB,AM Tiến
NTB - Lâm Đồng,(LDO) Đức Trọng 1,Hàng Mới Ca 1,2026-08-25 - Thứ 3,93,60.22%,36.56%,0.00%,18.65,34,0,56,0,59,37,39.78%,63.44%,93,Lâm Đồng,NTB,AM Tiến
NTB - Lâm Đồng,(LDO) Đức Trọng 1,Hàng Mới Ca 1,2026-08-24 - Thứ 2,100,54.00%,35.00%,0.00%,19.14,35,0,54,0,65,46,46.00%,65.00%,100,Lâm Đồng,NTB,AM Tiến
NTB - Lâm Đồng,(LDO) Đức Trọng 1,Hàng Mới Ca 1,2026-09-12 - Thứ 7,111,46.85%,35.14%,0.00%,17.72,39,0,52,0,72,59,53.15%,64.86%,111,Lâm Đồng,NTB,AM Tiến
NTB - Lâm Đồng,(LDO) Đức Trọng 1,Hàng Mới Ca 1,2026-09-07 - Thứ 2,115,53.91%,36.52%,0.00%,15.36,42,0,62,0,73,53,46.09%,63.48%,115,Lâm Đồng,NTB,AM Tiến
NTB - Lâm Đồng,(LDO) Đức Trọng 1,Hàng Mới Ca 1,2026-09-04 - Thứ 6,93,60.22%,46.24%,0.00%,17.12,43,0,56,0,50,37,39.78%,53.76%,93,Lâm Đồng,NTB,AM Tiến
NTB - Lâm Đồng,(LDO) Đức Trọng 1,Hàng Mới Ca 1,2026-08-22 - Thứ 7,90,67.78%,50.00%,0.00%,16.89,45,0,61,0,45,29,32.22%,50.00%,90,Lâm Đồng,NTB,AM Tiến
NTB - Lâm Đồng,(LDO) Đức Trọng 1,Hàng Mới Ca 1,2026-09-03 - Thứ 5,105,65.71%,47.62%,0.00%,19.06,50,0,69,0,55,36,34.29%,52.38%,105,Lâm Đồng,NTB,AM Tiến
NTB - Lâm Đồng,(LDO) Đức Trọng 1,Hàng Mới Ca 2,2026-08-18 - Thứ 3,1,100.00%,100.00%,0.00%,5,1,0,1,0,0,0,0.00%,0.00%,1,Lâm Đồng,NTB,AM Tiến
NTB - Lâm Đồng,(LDO) Đức Trọng 1,Hàng Mới Ca 2,2026-08-20 - Thứ 5,1,100.00%,100.00%,0.00%,1,1,0,1,0,0,0,0.00%,0.00%,1,Lâm Đồng,NTB,AM Tiến
NTB - Lâm Đồng,(LDO) Đức Trọng 1,Hàng Tồn,2026-08-19 - Thứ 4,234,68.80%,43.59%,0.00%,82.15,102,0,161,0,132,73,31.20%,56.41%,0,Lâm Đồng,NTB,AM Tiến
NTB - Lâm Đồng,(LDO) Đức Trọng 1,Hàng Tồn,2026-08-29 - Thứ 7,243,76.54%,29.63%,0.41%,100.18,72,1,186,1,170,57,23.46%,69.96%,0,Lâm Đồng,NTB,AM Tiến
NTB - Lâm Đồng,(LDO) Đức Trọng 1,Hàng Tồn,2026-09-02 - Thứ 4,259,69.50%,38.22%,6.18%,86.93,99,16,180,16,144,79,30.50%,55.60%,0,Lâm Đồng,NTB,AM Tiến
NTB - Lâm Đồng,(LDO) Đức Trọng 1,Hàng Tồn,2026-09-01 - Thứ 3,299,65.89%,30.77%,1.34%,82.52,92,4,197,4,203,102,34.11%,67.89%,0,Lâm Đồng,NTB,AM Tiến
NTB - Lâm Đồng,(LDO) Đức Trọng 1,Hàng Tồn,2026-09-06 - Chủ Nhật,185,30.27%,9.73%,4.32%,66.72,18,8,56,8,159,129,69.73%,85.95%,0,Lâm Đồng,NTB,AM Tiến
NTB - Lâm Đồng,(LDO) Đức Trọng 1,Hàng Tồn,2026-08-27 - Thứ 5,175,40.57%,12.00%,2.29%,65.95,21,4,71,4,150,104,59.43%,85.71%,0,Lâm Đồng,NTB,AM Tiến
NTB - Lâm Đồng,(LDO) Đức Trọng 1,Hàng Tồn,2026-09-04 - Thứ 6,158,46.20%,15.19%,4.43%,78.96,24,7,73,7,127,85,53.80%,80.38%,0,Lâm Đồng,NTB,AM Tiến
NTB - Lâm Đồng,(LDO) Đức Trọng 1,Hàng Tồn,2026-08-25 - Thứ 3,179,30.73%,13.41%,4.47%,77.29,24,8,55,8,147,124,69.27%,82.12%,0,Lâm Đồng,NTB,AM Tiến
NTB - Lâm Đồng,(LDO) Đức Trọng 1,Hàng Tồn,2026-09-08 - Thứ 3,237,19.41%,10.55%,0.00%,74.28,25,0,46,0,212,191,80.59%,89.45%,0,Lâm Đồng,NTB,AM Tiến
NTB - Lâm Đồng,(LDO) Đức Trọng 1,Hàng Tồn,2026-08-17 - Thứ 2,189,43.39%,14.29%,5.29%,79.3,27,10,82,10,152,107,56.61%,80.42%,0,Lâm Đồng,NTB,AM Tiến
NTB - Lâm Đồng,(LDO) Đức Trọng 1,Hàng Tồn,2026-09-09 - Thứ 4,258,22.09%,12.40%,1.16%,91.41,32,3,57,3,223,201,77.91%,86.44%,0,Lâm Đồng,NTB,AM Tiến
NTB - Lâm Đồng,(LDO) Đức Trọng 1,Hàng Tồn,2026-09-05 - Thứ 7,175,42.29%,20.00%,4.57%,82.46,35,8,74,8,132,101,57.71%,75.43%,0,Lâm Đồng,NTB,AM Tiến
NTB - Lâm Đồng,(LDO) Đức Trọng 1,Hàng Tồn,2026-09-11 - Thứ 6,282,35.11%,14.89%,1.77%,83.05,42,5,99,5,235,183,64.89%,83.34%,0,Lâm Đồng,NTB,AM Tiến
NTB - Lâm Đồng,(LDO) Đức Trọng 1,Hàng Tồn,2026-08-30 - Chủ Nhật,225,52.89%,19.11%,4.44%,99.93,43,10,119,10,172,106,47.11%,76.45%,0,Lâm Đồng,NTB,AM Tiến
NTB - Lâm Đồng,(LDO) Đức Trọng 1,Hàng Tồn,2026-08-24 - Thứ 2,162,53.09%,27.16%,2.47%,59.27,44,4,86,4,114,76,46.91%,70.37%,0,Lâm Đồng,NTB,AM Tiến
NTB - Lâm Đồng,(LDO) Đức Trọng 1,Hàng Tồn,2026-08-23 - Chủ Nhật,171,55.56%,26.90%,7.60%,79.57,46,13,95,13,112,76,44.44%,65.50%,0,Lâm Đồng,NTB,AM Tiến
NTB - Lâm Đồng,(LDO) Đức Trọng 1,Hàng Tồn,2026-08-31 - Thứ 2,271,51.29%,17.71%,2.58%,95.5,48,7,139,7,216,132,48.71%,79.71%,0,Lâm Đồng,NTB,AM Tiến
NTB - Lâm Đồng,(LDO) Đức Trọng 1,Hàng Tồn,2026-08-26 - Thứ 4,196,52.55%,25.00%,3.57%,83.67,49,7,103,7,140,93,47.45%,71.43%,0,Lâm Đồng,NTB,AM Tiến
NTB - Lâm Đồng,(LDO) Đức Trọng 1,Hàng Tồn,2026-09-10 - Thứ 5,262,35.50%,20.99%,1.53%,104.18,55,4,93,4,203,169,64.50%,77.48%,0,Lâm Đồng,NTB,AM Tiến
NTB - Lâm Đồng,(LDO) Đức Trọng 1,Hàng Tồn,2026-08-28 - Thứ 6,263,53.23%,21.67%,2.66%,67.02,57,7,140,7,199,123,46.77%,75.67%,0,Lâm Đồng,NTB,AM Tiến
NTB - Lâm Đồng,(LDO) Đức Trọng 1,Hàng Tồn,2026-09-13 - Chủ Nhật,279,33.33%,20.43%,3.58%,103.05,57,10,93,10,212,186,66.67%,75.99%,0,Lâm Đồng,NTB,AM Tiến
NTB - Lâm Đồng,(LDO) Đức Trọng 1,Hàng Tồn,2026-09-03 - Thứ 5,178,63.48%,32.58%,5.06%,82.09,58,9,113,9,111,65,36.52%,62.36%,0,Lâm Đồng,NTB,AM Tiến
NTB - Lâm Đồng,(LDO) Đức Trọng 1,Hàng Tồn,2026-09-12 - Thứ 7,283,41.70%,20.85%,2.12%,90.17,59,6,118,6,218,165,58.30%,77.03%,0,Lâm Đồng,NTB,AM Tiến
NTB - Lâm Đồng,(LDO) Đức Trọng 1,Hàng Tồn,2026-09-07 - Thứ 2,240,42.08%,25.00%,2.92%,70.37,60,7,101,7,173,139,57.92%,72.08%,0,Lâm Đồng,NTB,AM Tiến
NTB - Lâm Đồng,(LDO) Đức Trọng 1,Hàng Tồn,2026-08-18 - Thứ 3,239,49.79%,25.52%,2.09%,65.39,61,5,119,5,173,120,50.21%,72.39%,0,Lâm Đồng,NTB,AM Tiến
NTB - Lâm Đồng,(LDO) Đức Trọng 1,Hàng Tồn,2026-08-20 - Thứ 5,209,59.81%,30.62%,2.39%,84.53,64,5,125,5,140,84,40.19%,66.99%,0,Lâm Đồng,NTB,AM Tiến
NTB - Lâm Đồng,(LDO) Đức Trọng 1,Hàng Tồn,2026-08-21 - Thứ 6,225,76.00%,31.11%,3.11%,80.36,70,7,171,7,148,54,24.00%,65.78%,0,Lâm Đồng,NTB,AM Tiến
NTB - Lâm Đồng,(LDO) Đức Trọng 1,Hàng Tồn,2026-08-22 - Thứ 7,218,76.61%,38.99%,1.38%,72.6,85,3,167,3,130,51,23.39%,59.63%,0,Lâm Đồng,NTB,AM Tiến
NTB - Lâm Đồng,(LDO) Đạ Tẻh,Hàng Mới Ca 1,2026-08-30 - Chủ Nhật,92,100.00%,90.22%,0.00%,10.28,83,0,92,0,9,0,0.00%,9.78%,92,Lâm Đồng,NTB,AM Vũ
NTB - Lâm Đồng,(LDO) Đạ Tẻh,Hàng Mới Ca 1,2026-09-06 - Chủ Nhật,150,100.00%,80.00%,0.00%,14.53,120,0,150,0,30,0,0.00%,20.00%,150,Lâm Đồng,NTB,AM Vũ
NTB - Lâm Đồng,(LDO) Đạ Tẻh,Hàng Mới Ca 1,2026-08-29 - Thứ 7,81,100.00%,88.89%,0.00%,7.78,72,0,81,0,9,0,0.00%,11.11%,81,Lâm Đồng,NTB,AM Vũ
NTB - Lâm Đồng,(LDO) Đạ Tẻh,Hàng Mới Ca 1,2026-08-31 - Thứ 2,110,100.00%,86.36%,0.00%,15.55,95,0,110,0,15,0,0.00%,13.64%,110,Lâm Đồng,NTB,AM Vũ
NTB - Lâm Đồng,(LDO) Đạ Tẻh,Hàng Mới Ca 1,2026-09-04 - Thứ 6,23,100.00%,86.96%,0.00%,18.95,20,0,23,0,3,0,0.00%,13.04%,23,Lâm Đồng,NTB,AM Vũ
NTB - Lâm Đồng,(LDO) Đạ Tẻh,Hàng Mới Ca 1,2026-09-12 - Thứ 7,28,96.43%,85.71%,0.00%,5.96,24,0,27,0,4,1,3.57%,14.29%,28,Lâm Đồng,NTB,AM Vũ
NTB - Lâm Đồng,(LDO) Đạ Tẻh,Hàng Mới Ca 1,2026-08-25 - Thứ 3,33,100.00%,75.76%,0.00%,9.88,25,0,33,0,8,0,0.00%,24.24%,33,Lâm Đồng,NTB,AM Vũ
NTB - Lâm Đồng,(LDO) Đạ Tẻh,Hàng Mới Ca 1,2026-09-03 - Thứ 5,31,100.00%,87.10%,0.00%,12.15,27,0,31,0,4,0,0.00%,12.90%,31,Lâm Đồng,NTB,AM Vũ
NTB - Lâm Đồng,(LDO) Đạ Tẻh,Hàng Mới Ca 1,2026-09-07 - Thứ 2,34,100.00%,82.35%,0.00%,5.64,28,0,34,0,6,0,0.00%,17.65%,34,Lâm Đồng,NTB,AM Vũ
NTB - Lâm Đồng,(LDO) Đạ Tẻh,Hàng Mới Ca 1,2026-09-09 - Thứ 4,36,100.00%,80.56%,0.00%,5.66,29,0,36,0,7,0,0.00%,19.44%,36,Lâm Đồng,NTB,AM Vũ
NTB - Lâm Đồng,(LDO) Đạ Tẻh,Hàng Mới Ca 1,2026-09-11 - Thứ 6,36,100.00%,83.33%,0.00%,5.47,30,0,36,0,6,0,0.00%,16.67%,36,Lâm Đồng,NTB,AM Vũ
NTB - Lâm Đồng,(LDO) Đạ Tẻh,Hàng Mới Ca 1,2026-09-02 - Thứ 4,39,100.00%,84.62%,0.00%,14.42,33,0,39,0,6,0,0.00%,15.38%,39,Lâm Đồng,NTB,AM Vũ
NTB - Lâm Đồng,(LDO) Đạ Tẻh,Hàng Mới Ca 1,2026-08-24 - Thứ 2,37,100.00%,89.19%,0.00%,14.42,33,0,37,0,4,0,0.00%,10.81%,37,Lâm Đồng,NTB,AM Vũ
NTB - Lâm Đồng,(LDO) Đạ Tẻh,Hàng Mới Ca 1,2026-09-10 - Thứ 5,47,100.00%,78.72%,0.00%,5.41,37,0,47,0,10,0,0.00%,21.28%,47,Lâm Đồng,NTB,AM Vũ
NTB - Lâm Đồng,(LDO) Đạ Tẻh,Hàng Mới Ca 1,2026-08-28 - Thứ 6,43,100.00%,86.05%,0.00%,11.14,37,0,43,0,6,0,0.00%,13.95%,43,Lâm Đồng,NTB,AM Vũ
NTB - Lâm Đồng,(LDO) Đạ Tẻh,Hàng Mới Ca 1,2026-09-01 - Thứ 3,43,100.00%,97.67%,0.00%,11.79,42,0,43,0,1,0,0.00%,2.33%,43,Lâm Đồng,NTB,AM Vũ
NTB - Lâm Đồng,(LDO) Đạ Tẻh,Hàng Mới Ca 1,2026-08-26 - Thứ 4,49,100.00%,87.76%,0.00%,10.7,43,0,49,0,6,0,0.00%,12.24%,49,Lâm Đồng,NTB,AM Vũ
NTB - Lâm Đồng,(LDO) Đạ Tẻh,Hàng Mới Ca 1,2026-08-23 - Chủ Nhật,63,96.83%,77.78%,0.00%,9.16,49,0,61,0,14,2,3.17%,22.22%,63,Lâm Đồng,NTB,AM Vũ
NTB - Lâm Đồng,(LDO) Đạ Tẻh,Hàng Mới Ca 1,2026-08-18 - Thứ 3,56,100.00%,89.29%,0.00%,10.6,50,0,56,0,6,0,0.00%,10.71%,56,Lâm Đồng,NTB,AM Vũ
NTB - Lâm Đồng,(LDO) Đạ Tẻh,Hàng Mới Ca 1,2026-08-19 - Thứ 4,63,100.00%,80.95%,0.00%,12.8,51,0,63,0,12,0,0.00%,19.05%,63,Lâm Đồng,NTB,AM Vũ
NTB - Lâm Đồng,(LDO) Đạ Tẻh,Hàng Mới Ca 1,2026-08-20 - Thứ 5,66,100.00%,83.33%,0.00%,9.6,55,0,66,0,11,0,0.00%,16.67%,66,Lâm Đồng,NTB,AM Vũ
NTB - Lâm Đồng,(LDO) Đạ Tẻh,Hàng Mới Ca 1,2026-08-22 - Thứ 7,68,100.00%,83.82%,0.00%,7.25,57,0,68,0,11,0,0.00%,16.18%,68,Lâm Đồng,NTB,AM Vũ
NTB - Lâm Đồng,(LDO) Đạ Tẻh,Hàng Mới Ca 1,2026-09-05 - Thứ 7,70,100.00%,84.29%,0.00%,16.49,59,0,70,0,11,0,0.00%,15.71%,70,Lâm Đồng,NTB,AM Vũ
NTB - Lâm Đồng,(LDO) Đạ Tẻh,Hàng Mới Ca 1,2026-09-08 - Thứ 3,72,100.00%,84.72%,0.00%,5.87,61,0,72,0,11,0,0.00%,15.28%,72,Lâm Đồng,NTB,AM Vũ
NTB - Lâm Đồng,(LDO) Đạ Tẻh,Hàng Mới Ca 1,2026-08-17 - Thứ 2,72,100.00%,90.28%,0.00%,8.94,65,0,72,0,7,0,0.00%,9.72%,72,Lâm Đồng,NTB,AM Vũ
NTB - Lâm Đồng,(LDO) Đạ Tẻh,Hàng Mới Ca 1,2026-08-27 - Thứ 5,73,100.00%,94.52%,0.00%,10.48,69,0,73,0,4,0,0.00%,5.48%,73,Lâm Đồng,NTB,AM Vũ
NTB - Lâm Đồng,(LDO) Đạ Tẻh,Hàng Mới Ca 1,2026-08-21 - Thứ 6,82,98.78%,85.37%,0.00%,9.67,70,0,81,0,12,1,1.22%,14.63%,82,Lâm Đồng,NTB,AM Vũ
NTB - Lâm Đồng,(LDO) Đạ Tẻh,Hàng Mới Ca 2,2026-09-07 - Thứ 2,17,29.41%,17.65%,0.00%,2.33,3,0,5,0,14,12,70.59%,82.35%,17,Lâm Đồng,NTB,AM Vũ
NTB - Lâm Đồng,(LDO) Đạ Tẻh,Hàng Mới Ca 2,2026-08-21 - Thứ 6,16,37.50%,31.25%,0.00%,1.6,5,0,6,0,11,10,62.50%,68.75%,16,Lâm Đồng,NTB,AM Vũ
NTB - Lâm Đồng,(LDO) Đạ Tẻh,Hàng Mới Ca 2,2026-08-28 - Thứ 6,25,28.00%,20.00%,0.00%,1.8,5,0,7,0,20,18,72.00%,80.00%,25,Lâm Đồng,NTB,AM Vũ
NTB - Lâm Đồng,(LDO) Đạ Tẻh,Hàng Mới Ca 2,2026-09-08 - Thứ 3,36,22.22%,19.44%,0.00%,3,7,0,8,0,29,28,77.78%,80.56%,36,Lâm Đồng,NTB,AM Vũ
NTB - Lâm Đồng,(LDO) Đạ Tẻh,Hàng Mới Ca 2,2026-08-27 - Thứ 5,42,30.95%,21.43%,0.00%,2,9,0,13,0,33,29,69.05%,78.57%,42,Lâm Đồng,NTB,AM Vũ
NTB - Lâm Đồng,(LDO) Đạ Tẻh,Hàng Mới Ca 2,2026-09-03 - Thứ 5,26,46.15%,34.62%,0.00%,3.33,9,0,12,0,17,14,53.85%,65.38%,26,Lâm Đồng,NTB,AM Vũ
NTB - Lâm Đồng,(LDO) Đạ Tẻh,Hàng Mới Ca 2,2026-09-10 - Thứ 5,54,24.07%,18.52%,0.00%,3,10,0,13,0,44,41,75.93%,81.48%,54,Lâm Đồng,NTB,AM Vũ
NTB - Lâm Đồng,(LDO) Đạ Tẻh,Hàng Mới Ca 2,2026-09-11 - Thứ 6,35,34.29%,28.57%,0.00%,2.6,10,0,12,0,25,23,65.71%,71.43%,35,Lâm Đồng,NTB,AM Vũ
NTB - Lâm Đồng,(LDO) Đạ Tẻh,Hàng Mới Ca 2,2026-09-02 - Thứ 4,37,40.54%,29.73%,0.00%,2.36,11,0,15,0,26,22,59.46%,70.27%,37,Lâm Đồng,NTB,AM Vũ
NTB - Lâm Đồng,(LDO) Đạ Tẻh,Hàng Mới Ca 2,2026-08-25 - Thứ 3,33,45.45%,36.36%,0.00%,2.58,12,0,15,0,21,18,54.55%,63.64%,33,Lâm Đồng,NTB,AM Vũ
NTB - Lâm Đồng,(LDO) Đạ Tẻh,Hàng Mới Ca 2,2026-09-12 - Thứ 7,53,28.30%,22.64%,0.00%,2.67,12,0,15,0,41,38,71.70%,77.36%,53,Lâm Đồng,NTB,AM Vũ
NTB - Lâm Đồng,(LDO) Đạ Tẻh,Hàng Mới Ca 2,2026-08-23 - Chủ Nhật,40,40.00%,30.00%,0.00%,2.17,12,0,16,0,28,24,60.00%,70.00%,40,Lâm Đồng,NTB,AM Vũ
NTB - Lâm Đồng,(LDO) Đạ Tẻh,Hàng Mới Ca 2,2026-08-18 - Thứ 3,40,40.00%,37.50%,0.00%,3.07,15,0,16,0,25,24,60.00%,62.50%,40,Lâm Đồng,NTB,AM Vũ
NTB - Lâm Đồng,(LDO) Đạ Tẻh,Hàng Mới Ca 2,2026-08-20 - Thứ 5,41,43.90%,39.02%,0.00%,2.06,16,0,18,0,25,23,56.10%,60.98%,41,Lâm Đồng,NTB,AM Vũ
NTB - Lâm Đồng,(LDO) Đạ Tẻh,Hàng Mới Ca 2,2026-08-22 - Thứ 7,57,40.35%,29.82%,0.00%,2.71,17,0,23,0,40,34,59.65%,70.18%,57,Lâm Đồng,NTB,AM Vũ
NTB - Lâm Đồng,(LDO) Đạ Tẻh,Hàng Mới Ca 2,2026-09-06 - Chủ Nhật,63,31.75%,28.57%,0.00%,3.78,18,0,20,0,45,43,68.25%,71.43%,63,Lâm Đồng,NTB,AM Vũ
NTB - Lâm Đồng,(LDO) Đạ Tẻh,Hàng Mới Ca 2,2026-08-17 - Thứ 2,38,63.16%,50.00%,0.00%,2.11,19,0,24,0,19,14,36.84%,50.00%,38,Lâm Đồng,NTB,AM Vũ
NTB - Lâm Đồng,(LDO) Đạ Tẻh,Hàng Mới Ca 2,2026-08-31 - Thứ 2,51,41.18%,37.25%,0.00%,2.42,19,0,21,0,32,30,58.82%,62.75%,51,Lâm Đồng,NTB,AM Vũ
NTB - Lâm Đồng,(LDO) Đạ Tẻh,Hàng Mới Ca 2,2026-08-24 - Thứ 2,51,47.06%,37.25%,0.00%,1.95,19,0,24,0,32,27,52.94%,62.75%,51,Lâm Đồng,NTB,AM Vũ
NTB - Lâm Đồng,(LDO) Đạ Tẻh,Hàng Mới Ca 2,2026-09-09 - Thứ 4,82,29.27%,26.83%,0.00%,3.82,22,0,24,0,60,58,70.73%,73.17%,82,Lâm Đồng,NTB,AM Vũ
NTB - Lâm Đồng,(LDO) Đạ Tẻh,Hàng Mới Ca 2,2026-08-19 - Thứ 4,67,44.78%,34.33%,0.00%,1.91,23,0,30,0,44,37,55.22%,65.67%,67,Lâm Đồng,NTB,AM Vũ
NTB - Lâm Đồng,(LDO) Đạ Tẻh,Hàng Mới Ca 2,2026-09-01 - Thứ 3,58,46.55%,39.66%,0.00%,2.48,23,0,27,0,35,31,53.45%,60.34%,58,Lâm Đồng,NTB,AM Vũ
NTB - Lâm Đồng,(LDO) Đạ Tẻh,Hàng Mới Ca 2,2026-08-26 - Thứ 4,74,39.19%,39.19%,0.00%,1.76,29,0,29,0,45,45,60.81%,60.81%,74,Lâm Đồng,NTB,AM Vũ
NTB - Lâm Đồng,(LDO) Đạ Tẻh,Hàng Mới Ca 2,2026-09-04 - Thứ 6,34,100.00%,88.24%,0.00%,3,30,0,34,0,4,0,0.00%,11.76%,34,Lâm Đồng,NTB,AM Vũ
NTB - Lâm Đồng,(LDO) Đạ Tẻh,Hàng Mới Ca 2,2026-09-13 - Chủ Nhật,55,100.00%,69.09%,0.00%,4.76,38,0,55,0,17,0,0.00%,30.91%,55,Lâm Đồng,NTB,AM Vũ
NTB - Lâm Đồng,(LDO) Đạ Tẻh,Hàng Tồn,2026-08-31 - Thứ 2,14,92.86%,21.43%,0.00%,28,3,0,13,0,11,1,7.14%,78.57%,0,Lâm Đồng,NTB,AM Vũ
NTB - Lâm Đồng,(LDO) Đạ Tẻh,Hàng Tồn,2026-09-05 - Thứ 7,17,100.00%,29.41%,0.00%,38.8,5,0,17,0,12,0,0.00%,70.59%,0,Lâm Đồng,NTB,AM Vũ
NTB - Lâm Đồng,(LDO) Đạ Tẻh,Hàng Tồn,2026-09-06 - Chủ Nhật,22,100.00%,40.91%,4.55%,48.56,9,1,22,1,12,0,0.00%,54.54%,0,Lâm Đồng,NTB,AM Vũ
NTB - Lâm Đồng,(LDO) Đạ Tẻh,Hàng Tồn,2026-08-30 - Chủ Nhật,18,94.44%,55.56%,11.11%,51.4,10,2,17,2,6,1,5.56%,33.33%,0,Lâm Đồng,NTB,AM Vũ
NTB - Lâm Đồng,(LDO) Đạ Tẻh,Hàng Tồn,2026-09-04 - Thứ 6,29,100.00%,62.07%,3.45%,33.28,18,1,29,1,10,0,0.00%,34.48%,0,Lâm Đồng,NTB,AM Vũ
NTB - Lâm Đồng,(LDO) Đạ Tẻh,Hàng Tồn,2026-08-22 - Thứ 7,35,100.00%,54.29%,0.00%,31.47,19,0,35,0,16,0,0.00%,45.71%,0,Lâm Đồng,NTB,AM Vũ
NTB - Lâm Đồng,(LDO) Đạ Tẻh,Hàng Tồn,2026-09-08 - Thứ 3,39,100.00%,51.28%,5.13%,37.1,20,2,39,2,17,0,0.00%,43.59%,0,Lâm Đồng,NTB,AM Vũ
NTB - Lâm Đồng,(LDO) Đạ Tẻh,Hàng Tồn,2026-08-19 - Thứ 4,39,100.00%,66.67%,2.56%,33.46,26,1,39,1,12,0,0.00%,30.77%,0,Lâm Đồng,NTB,AM Vũ
NTB - Lâm Đồng,(LDO) Đạ Tẻh,Hàng Tồn,2026-08-26 - Thứ 4,47,95.74%,59.57%,2.13%,33.07,28,1,45,1,18,2,4.26%,38.30%,0,Lâm Đồng,NTB,AM Vũ
NTB - Lâm Đồng,(LDO) Đạ Tẻh,Hàng Tồn,2026-08-25 - Thứ 3,57,96.49%,50.88%,3.51%,32.07,29,2,55,2,26,2,3.51%,45.61%,0,Lâm Đồng,NTB,AM Vũ
NTB - Lâm Đồng,(LDO) Đạ Tẻh,Hàng Tồn,2026-08-29 - Thứ 7,42,97.62%,71.43%,0.00%,31.6,30,0,41,0,12,1,2.38%,28.57%,0,Lâm Đồng,NTB,AM Vũ
NTB - Lâm Đồng,(LDO) Đạ Tẻh,Hàng Tồn,2026-08-18 - Thứ 3,47,100.00%,68.09%,6.38%,34.03,32,3,47,3,12,0,0.00%,25.53%,0,Lâm Đồng,NTB,AM Vũ
NTB - Lâm Đồng,(LDO) Đạ Tẻh,Hàng Tồn,2026-09-03 - Thứ 5,40,100.00%,80.00%,0.00%,31.19,32,0,40,0,8,0,0.00%,20.00%,0,Lâm Đồng,NTB,AM Vũ
NTB - Lâm Đồng,(LDO) Đạ Tẻh,Hàng Tồn,2026-09-01 - Thứ 3,53,100.00%,66.04%,0.00%,27.8,35,0,53,0,18,0,0.00%,33.96%,0,Lâm Đồng,NTB,AM Vũ
NTB - Lâm Đồng,(LDO) Đạ Tẻh,Hàng Tồn,2026-09-12 - Thứ 7,50,98.00%,72.00%,2.00%,35.81,36,1,49,1,13,1,2.00%,26.00%,0,Lâm Đồng,NTB,AM Vũ
NTB - Lâm Đồng,(LDO) Đạ Tẻh,Hàng Tồn,2026-08-17 - Thứ 2,61,100.00%,60.66%,0.00%,26.59,37,0,61,0,24,0,0.00%,39.34%,0,Lâm Đồng,NTB,AM Vũ
NTB - Lâm Đồng,(LDO) Đạ Tẻh,Hàng Tồn,2026-08-27 - Thứ 5,67,97.01%,55.22%,0.00%,25.35,37,0,65,0,30,2,2.99%,44.78%,0,Lâm Đồng,NTB,AM Vũ
NTB - Lâm Đồng,(LDO) Đạ Tẻh,Hàng Tồn,2026-09-09 - Thứ 4,55,100.00%,67.27%,0.00%,32.14,37,0,55,0,18,0,0.00%,32.73%,0,Lâm Đồng,NTB,AM Vũ
NTB - Lâm Đồng,(LDO) Đạ Tẻh,Hàng Tồn,2026-08-21 - Thứ 6,53,100.00%,69.81%,1.89%,28.49,37,1,53,1,15,0,0.00%,28.30%,0,Lâm Đồng,NTB,AM Vũ
NTB - Lâm Đồng,(LDO) Đạ Tẻh,Hàng Tồn,2026-09-13 - Chủ Nhật,56,98.21%,67.86%,1.79%,28.76,38,1,55,1,17,1,1.79%,30.35%,0,Lâm Đồng,NTB,AM Vũ
NTB - Lâm Đồng,(LDO) Đạ Tẻh,Hàng Tồn,2026-08-24 - Thứ 2,61,95.08%,63.93%,0.00%,31.36,39,0,58,0,22,3,4.92%,36.07%,0,Lâm Đồng,NTB,AM Vũ
NTB - Lâm Đồng,(LDO) Đạ Tẻh,Hàng Tồn,2026-09-02 - Thứ 4,52,100.00%,78.85%,3.85%,32.61,41,2,52,2,9,0,0.00%,17.30%,0,Lâm Đồng,NTB,AM Vũ
NTB - Lâm Đồng,(LDO) Đạ Tẻh,Hàng Tồn,2026-08-28 - Thứ 6,61,98.36%,68.85%,0.00%,35.69,42,0,60,0,19,1,1.64%,31.15%,0,Lâm Đồng,NTB,AM Vũ
NTB - Lâm Đồng,(LDO) Đạ Tẻh,Hàng Tồn,2026-08-23 - Chủ Nhật,67,100.00%,65.67%,4.48%,31.8,44,3,67,3,20,0,0.00%,29.85%,0,Lâm Đồng,NTB,AM Vũ
NTB - Lâm Đồng,(LDO) Đạ Tẻh,Hàng Tồn,2026-08-20 - Thứ 5,64,100.00%,73.44%,0.00%,27.06,47,0,64,0,17,0,0.00%,26.56%,0,Lâm Đồng,NTB,AM Vũ
NTB - Lâm Đồng,(LDO) Đạ Tẻh,Hàng Tồn,2026-09-11 - Thứ 6,78,100.00%,69.23%,3.85%,31.11,54,3,78,3,21,0,0.00%,26.92%,0,Lâm Đồng,NTB,AM Vũ
NTB - Lâm Đồng,(LDO) Đạ Tẻh,Hàng Tồn,2026-09-10 - Thứ 5,84,100.00%,65.48%,2.38%,27.27,55,2,84,2,27,0,0.00%,32.14%,0,Lâm Đồng,NTB,AM Vũ
NTB - Lâm Đồng,(LDO) Đạ Tẻh,Hàng Tồn,2026-09-07 - Thứ 2,85,100.00%,70.59%,1.18%,29.78,60,1,85,1,24,0,0.00%,28.23%,0,Lâm Đồng,NTB,AM Vũ
NTB - Lâm Đồng,(LDO) Đạ Huoai,Hàng Mới Ca 1,2026-08-29 - Thứ 7,104,100.00%,88.46%,0.00%,9.49,92,0,104,0,12,0,0.00%,11.54%,104,Lâm Đồng,NTB,AM Vũ
NTB - Lâm Đồng,(LDO) Đạ Huoai,Hàng Mới Ca 1,2026-08-17 - Thứ 2,81,100.00%,88.89%,0.00%,11.67,72,0,81,0,9,0,0.00%,11.11%,81,Lâm Đồng,NTB,AM Vũ
NTB - Lâm Đồng,(LDO) Đạ Huoai,Hàng Mới Ca 1,2026-09-13 - Chủ Nhật,106,99.06%,89.62%,0.00%,10.32,95,0,105,0,11,1,0.94%,10.38%,106,Lâm Đồng,NTB,AM Vũ
NTB - Lâm Đồng,(LDO) Đạ Huoai,Hàng Mới Ca 1,2026-08-24 - Thứ 2,30,100.00%,90.00%,0.00%,13.59,27,0,30,0,3,0,0.00%,10.00%,30,Lâm Đồng,NTB,AM Vũ
NTB - Lâm Đồng,(LDO) Đạ Huoai,Hàng Mới Ca 1,2026-09-09 - Thứ 4,37,100.00%,94.59%,0.00%,10.54,35,0,37,0,2,0,0.00%,5.41%,37,Lâm Đồng,NTB,AM Vũ
NTB - Lâm Đồng,(LDO) Đạ Huoai,Hàng Mới Ca 1,2026-09-12 - Thứ 7,46,97.83%,86.96%,0.00%,6.25,40,0,45,0,6,1,2.17%,13.04%,46,Lâm Đồng,NTB,AM Vũ
NTB - Lâm Đồng,(LDO) Đạ Huoai,Hàng Mới Ca 1,2026-09-02 - Thứ 4,46,97.83%,91.30%,0.00%,14.57,42,0,45,0,4,1,2.17%,8.70%,46,Lâm Đồng,NTB,AM Vũ
NTB - Lâm Đồng,(LDO) Đạ Huoai,Hàng Mới Ca 1,2026-08-31 - Thứ 2,46,100.00%,95.65%,0.00%,14.05,44,0,46,0,2,0,0.00%,4.35%,46,Lâm Đồng,NTB,AM Vũ
NTB - Lâm Đồng,(LDO) Đạ Huoai,Hàng Mới Ca 1,2026-09-08 - Thứ 3,58,100.00%,86.21%,0.00%,6,50,0,58,0,8,0,0.00%,13.79%,58,Lâm Đồng,NTB,AM Vũ
NTB - Lâm Đồng,(LDO) Đạ Huoai,Hàng Mới Ca 1,2026-08-21 - Thứ 6,63,100.00%,80.95%,0.00%,9.86,51,0,63,0,12,0,0.00%,19.05%,63,Lâm Đồng,NTB,AM Vũ
NTB - Lâm Đồng,(LDO) Đạ Huoai,Hàng Mới Ca 1,2026-09-11 - Thứ 6,56,100.00%,91.07%,0.00%,11.78,51,0,56,0,5,0,0.00%,8.93%,56,Lâm Đồng,NTB,AM Vũ
NTB - Lâm Đồng,(LDO) Đạ Huoai,Hàng Mới Ca 1,2026-08-18 - Thứ 3,62,100.00%,85.48%,0.00%,12.08,53,0,62,0,9,0,0.00%,14.52%,62,Lâm Đồng,NTB,AM Vũ
NTB - Lâm Đồng,(LDO) Đạ Huoai,Hàng Mới Ca 1,2026-08-30 - Chủ Nhật,60,98.33%,90.00%,0.00%,9.44,54,0,59,0,6,1,1.67%,10.00%,60,Lâm Đồng,NTB,AM Vũ
NTB - Lâm Đồng,(LDO) Đạ Huoai,Hàng Mới Ca 1,2026-09-03 - Thứ 5,58,100.00%,93.10%,0.00%,12.06,54,0,58,0,4,0,0.00%,6.90%,58,Lâm Đồng,NTB,AM Vũ
NTB - Lâm Đồng,(LDO) Đạ Huoai,Hàng Mới Ca 1,2026-09-01 - Thứ 3,58,100.00%,93.10%,0.00%,13.57,54,0,58,0,4,0,0.00%,6.90%,58,Lâm Đồng,NTB,AM Vũ
NTB - Lâm Đồng,(LDO) Đạ Huoai,Hàng Mới Ca 1,2026-08-26 - Thứ 4,59,100.00%,93.22%,0.00%,13.4,55,0,59,0,4,0,0.00%,6.78%,59,Lâm Đồng,NTB,AM Vũ
NTB - Lâm Đồng,(LDO) Đạ Huoai,Hàng Mới Ca 1,2026-09-05 - Thứ 7,66,96.97%,84.85%,0.00%,11.32,56,0,64,0,10,2,3.03%,15.15%,66,Lâm Đồng,NTB,AM Vũ
NTB - Lâm Đồng,(LDO) Đạ Huoai,Hàng Mới Ca 1,2026-08-23 - Chủ Nhật,71,100.00%,83.10%,0.00%,12.08,59,0,71,0,12,0,0.00%,16.90%,71,Lâm Đồng,NTB,AM Vũ
NTB - Lâm Đồng,(LDO) Đạ Huoai,Hàng Mới Ca 1,2026-08-19 - Thứ 4,74,100.00%,82.43%,0.00%,11.08,61,0,74,0,13,0,0.00%,17.57%,74,Lâm Đồng,NTB,AM Vũ
NTB - Lâm Đồng,(LDO) Đạ Huoai,Hàng Mới Ca 1,2026-09-06 - Chủ Nhật,75,97.33%,82.67%,0.00%,13.42,62,0,73,0,13,2,2.67%,17.33%,75,Lâm Đồng,NTB,AM Vũ
NTB - Lâm Đồng,(LDO) Đạ Huoai,Hàng Mới Ca 1,2026-09-10 - Thứ 5,75,97.33%,85.33%,0.00%,14.66,64,0,73,0,11,2,2.67%,14.67%,75,Lâm Đồng,NTB,AM Vũ
NTB - Lâm Đồng,(LDO) Đạ Huoai,Hàng Mới Ca 1,2026-08-28 - Thứ 6,72,100.00%,88.89%,0.00%,15.22,64,0,72,0,8,0,0.00%,11.11%,72,Lâm Đồng,NTB,AM Vũ
NTB - Lâm Đồng,(LDO) Đạ Huoai,Hàng Mới Ca 1,2026-08-25 - Thứ 3,73,100.00%,89.04%,0.00%,11.28,65,0,73,0,8,0,0.00%,10.96%,73,Lâm Đồng,NTB,AM Vũ
NTB - Lâm Đồng,(LDO) Đạ Huoai,Hàng Mới Ca 1,2026-09-07 - Thứ 2,79,98.73%,88.61%,0.00%,12.89,70,0,78,0,9,1,1.27%,11.39%,79,Lâm Đồng,NTB,AM Vũ
NTB - Lâm Đồng,(LDO) Đạ Huoai,Hàng Mới Ca 1,2026-08-22 - Thứ 7,76,100.00%,93.42%,0.00%,6.41,71,0,76,0,5,0,0.00%,6.58%,76,Lâm Đồng,NTB,AM Vũ
NTB - Lâm Đồng,(LDO) Đạ Huoai,Hàng Mới Ca 1,2026-08-27 - Thứ 5,92,100.00%,82.61%,0.00%,11.26,76,0,92,0,16,0,0.00%,17.39%,92,Lâm Đồng,NTB,AM Vũ
NTB - Lâm Đồng,(LDO) Đạ Huoai,Hàng Mới Ca 1,2026-08-20 - Thứ 5,88,100.00%,87.50%,0.00%,10.3,77,0,88,0,11,0,0.00%,12.50%,88,Lâm Đồng,NTB,AM Vũ
NTB - Lâm Đồng,(LDO) Đạ Huoai,Hàng Mới Ca 2,2026-09-08 - Thứ 3,32,0.00%,0.00%,0.00%,,0,0,0,0,32,32,100.00%,100.00%,32,Lâm Đồng,NTB,AM Vũ
NTB - Lâm Đồng,(LDO) Đạ Huoai,Hàng Mới Ca 2,2026-08-20 - Thứ 5,25,0.00%,0.00%,0.00%,,0,0,0,0,25,25,100.00%,100.00%,25,Lâm Đồng,NTB,AM Vũ
NTB - Lâm Đồng,(LDO) Đạ Huoai,Hàng Mới Ca 2,2026-08-30 - Chủ Nhật,52,0.00%,0.00%,0.00%,,0,0,0,0,52,52,100.00%,100.00%,52,Lâm Đồng,NTB,AM Vũ
NTB - Lâm Đồng,(LDO) Đạ Huoai,Hàng Mới Ca 2,2026-08-19 - Thứ 4,26,0.00%,0.00%,0.00%,,0,0,0,0,26,26,100.00%,100.00%,26,Lâm Đồng,NTB,AM Vũ
NTB - Lâm Đồng,(LDO) Đạ Huoai,Hàng Mới Ca 2,2026-08-27 - Thứ 5,29,3.45%,0.00%,0.00%,,0,0,1,0,29,28,96.55%,100.00%,29,Lâm Đồng,NTB,AM Vũ
NTB - Lâm Đồng,(LDO) Đạ Huoai,Hàng Mới Ca 2,2026-08-25 - Thứ 3,20,0.00%,0.00%,0.00%,,0,0,0,0,20,20,100.00%,100.00%,20,Lâm Đồng,NTB,AM Vũ
NTB - Lâm Đồng,(LDO) Đạ Huoai,Hàng Mới Ca 2,2026-08-23 - Chủ Nhật,33,0.00%,0.00%,0.00%,,0,0,0,0,33,33,100.00%,100.00%,33,Lâm Đồng,NTB,AM Vũ
NTB - Lâm Đồng,(LDO) Đạ Huoai,Hàng Mới Ca 2,2026-08-31 - Thứ 2,38,0.00%,0.00%,0.00%,,0,0,0,0,38,38,100.00%,100.00%,38,Lâm Đồng,NTB,AM Vũ
NTB - Lâm Đồng,(LDO) Đạ Huoai,Hàng Mới Ca 2,2026-08-18 - Thứ 3,32,0.00%,0.00%,0.00%,,0,0,0,0,32,32,100.00%,100.00%,32,Lâm Đồng,NTB,AM Vũ
NTB - Lâm Đồng,(LDO) Đạ Huoai,Hàng Mới Ca 2,2026-09-07 - Thứ 2,14,0.00%,0.00%,0.00%,,0,0,0,0,14,14,100.00%,100.00%,14,Lâm Đồng,NTB,AM Vũ
NTB - Lâm Đồng,(LDO) Đạ Huoai,Hàng Mới Ca 2,2026-09-03 - Thứ 5,29,0.00%,0.00%,0.00%,,0,0,0,0,29,29,100.00%,100.00%,29,Lâm Đồng,NTB,AM Vũ
NTB - Lâm Đồng,(LDO) Đạ Huoai,Hàng Mới Ca 2,2026-08-24 - Thứ 2,31,0.00%,0.00%,0.00%,,0,0,0,0,31,31,100.00%,100.00%,31,Lâm Đồng,NTB,AM Vũ
NTB - Lâm Đồng,(LDO) Đạ Huoai,Hàng Mới Ca 2,2026-08-17 - Thứ 2,21,4.76%,4.76%,0.00%,1,1,0,1,0,20,20,95.24%,95.24%,21,Lâm Đồng,NTB,AM Vũ
NTB - Lâm Đồng,(LDO) Đạ Huoai,Hàng Mới Ca 2,2026-08-22 - Thứ 7,20,10.00%,5.00%,0.00%,3,1,0,2,0,19,18,90.00%,95.00%,20,Lâm Đồng,NTB,AM Vũ
NTB - Lâm Đồng,(LDO) Đạ Huoai,Hàng Mới Ca 2,2026-08-29 - Thứ 7,9,22.22%,22.22%,0.00%,3.5,2,0,2,0,7,7,77.78%,77.78%,9,Lâm Đồng,NTB,AM Vũ
NTB - Lâm Đồng,(LDO) Đạ Huoai,Hàng Mới Ca 2,2026-09-12 - Thứ 7,9,22.22%,22.22%,0.00%,2,2,0,2,0,7,7,77.78%,77.78%,9,Lâm Đồng,NTB,AM Vũ
NTB - Lâm Đồng,(LDO) Đạ Huoai,Hàng Mới Ca 2,2026-09-09 - Thứ 4,24,8.33%,8.33%,0.00%,2.5,2,0,2,0,22,22,91.67%,91.67%,24,Lâm Đồng,NTB,AM Vũ
NTB - Lâm Đồng,(LDO) Đạ Huoai,Hàng Mới Ca 2,2026-09-10 - Thứ 5,19,10.53%,10.53%,0.00%,1.5,2,0,2,0,17,17,89.47%,89.47%,19,Lâm Đồng,NTB,AM Vũ
NTB - Lâm Đồng,(LDO) Đạ Huoai,Hàng Mới Ca 2,2026-09-01 - Thứ 3,33,6.06%,6.06%,0.00%,3,2,0,2,0,31,31,93.94%,93.94%,33,Lâm Đồng,NTB,AM Vũ
NTB - Lâm Đồng,(LDO) Đạ Huoai,Hàng Mới Ca 2,2026-09-02 - Thứ 4,25,8.00%,8.00%,0.00%,3,2,0,2,0,23,23,92.00%,92.00%,25,Lâm Đồng,NTB,AM Vũ
NTB - Lâm Đồng,(LDO) Đạ Huoai,Hàng Mới Ca 2,2026-08-21 - Thứ 6,24,12.50%,12.50%,0.00%,4.67,3,0,3,0,21,21,87.50%,87.50%,24,Lâm Đồng,NTB,AM Vũ
NTB - Lâm Đồng,(LDO) Đạ Huoai,Hàng Mới Ca 2,2026-09-13 - Chủ Nhật,17,17.65%,17.65%,0.00%,1.33,3,0,3,0,14,14,82.35%,82.35%,17,Lâm Đồng,NTB,AM Vũ
NTB - Lâm Đồng,(LDO) Đạ Huoai,Hàng Mới Ca 2,2026-08-26 - Thứ 4,18,27.78%,22.22%,0.00%,3,4,0,5,0,14,13,72.22%,77.78%,18,Lâm Đồng,NTB,AM Vũ
NTB - Lâm Đồng,(LDO) Đạ Huoai,Hàng Mới Ca 2,2026-09-05 - Thứ 7,26,19.23%,19.23%,0.00%,2,5,0,5,0,21,21,80.77%,80.77%,26,Lâm Đồng,NTB,AM Vũ
NTB - Lâm Đồng,(LDO) Đạ Huoai,Hàng Mới Ca 2,2026-08-28 - Thứ 6,16,37.50%,31.25%,0.00%,4.4,5,0,6,0,11,10,62.50%,68.75%,16,Lâm Đồng,NTB,AM Vũ
NTB - Lâm Đồng,(LDO) Đạ Huoai,Hàng Mới Ca 2,2026-09-06 - Chủ Nhật,41,19.51%,17.07%,0.00%,3.86,7,0,8,0,34,33,80.49%,82.93%,41,Lâm Đồng,NTB,AM Vũ
NTB - Lâm Đồng,(LDO) Đạ Huoai,Hàng Mới Ca 2,2026-09-11 - Thứ 6,43,18.60%,16.28%,0.00%,1.57,7,0,8,0,36,35,81.40%,83.72%,43,Lâm Đồng,NTB,AM Vũ
NTB - Lâm Đồng,(LDO) Đạ Huoai,Hàng Mới Ca 2,2026-09-04 - Thứ 6,41,36.59%,34.15%,0.00%,3.79,14,0,15,0,27,26,63.41%,65.85%,41,Lâm Đồng,NTB,AM Vũ
NTB - Lâm Đồng,(LDO) Đạ Huoai,Hàng Tồn,2026-09-13 - Chủ Nhật,25,96.00%,44.00%,4.00%,34.45,11,1,24,1,13,1,4.00%,52.00%,0,Lâm Đồng,NTB,AM Vũ
NTB - Lâm Đồng,(LDO) Đạ Huoai,Hàng Tồn,2026-08-27 - Thứ 5,30,100.00%,56.67%,6.67%,32.94,17,2,30,2,11,0,0.00%,36.66%,0,Lâm Đồng,NTB,AM Vũ
NTB - Lâm Đồng,(LDO) Đạ Huoai,Hàng Tồn,2026-08-30 - Chủ Nhật,25,100.00%,72.00%,0.00%,32.67,18,0,25,0,7,0,0.00%,28.00%,0,Lâm Đồng,NTB,AM Vũ
NTB - Lâm Đồng,(LDO) Đạ Huoai,Hàng Tồn,2026-09-08 - Thứ 3,39,100.00%,51.28%,5.13%,34.5,20,2,39,2,17,0,0.00%,43.59%,0,Lâm Đồng,NTB,AM Vũ
NTB - Lâm Đồng,(LDO) Đạ Huoai,Hàng Tồn,2026-08-29 - Thứ 7,31,100.00%,67.74%,3.23%,34.95,21,1,31,1,9,0,0.00%,29.03%,0,Lâm Đồng,NTB,AM Vũ
NTB - Lâm Đồng,(LDO) Đạ Huoai,Hàng Tồn,2026-09-11 - Thứ 6,37,94.59%,56.76%,5.41%,32.38,21,2,35,2,14,2,5.41%,37.83%,0,Lâm Đồng,NTB,AM Vũ
NTB - Lâm Đồng,(LDO) Đạ Huoai,Hàng Tồn,2026-08-23 - Chủ Nhật,37,100.00%,59.46%,5.41%,32.64,22,2,37,2,13,0,0.00%,35.13%,0,Lâm Đồng,NTB,AM Vũ
NTB - Lâm Đồng,(LDO) Đạ Huoai,Hàng Tồn,2026-09-10 - Thứ 5,37,100.00%,64.86%,5.41%,33.46,24,2,37,2,11,0,0.00%,29.73%,0,Lâm Đồng,NTB,AM Vũ
NTB - Lâm Đồng,(LDO) Đạ Huoai,Hàng Tồn,2026-09-03 - Thứ 5,36,100.00%,66.67%,2.78%,27.21,24,1,36,1,11,0,0.00%,30.55%,0,Lâm Đồng,NTB,AM Vũ
NTB - Lâm Đồng,(LDO) Đạ Huoai,Hàng Tồn,2026-09-05 - Thứ 7,37,100.00%,67.57%,2.70%,27.56,25,1,37,1,11,0,0.00%,29.73%,0,Lâm Đồng,NTB,AM Vũ
NTB - Lâm Đồng,(LDO) Đạ Huoai,Hàng Tồn,2026-09-06 - Chủ Nhật,40,100.00%,67.50%,0.00%,28.22,27,0,40,0,13,0,0.00%,32.50%,0,Lâm Đồng,NTB,AM Vũ
NTB - Lâm Đồng,(LDO) Đạ Huoai,Hàng Tồn,2026-08-26 - Thứ 4,42,100.00%,64.29%,7.14%,33.22,27,3,42,3,12,0,0.00%,28.57%,0,Lâm Đồng,NTB,AM Vũ
NTB - Lâm Đồng,(LDO) Đạ Huoai,Hàng Tồn,2026-08-18 - Thứ 3,37,100.00%,75.68%,5.41%,31.71,28,2,37,2,7,0,0.00%,18.91%,0,Lâm Đồng,NTB,AM Vũ
NTB - Lâm Đồng,(LDO) Đạ Huoai,Hàng Tồn,2026-08-17 - Thứ 2,39,100.00%,76.92%,2.56%,28.53,30,1,39,1,8,0,0.00%,20.52%,0,Lâm Đồng,NTB,AM Vũ
NTB - Lâm Đồng,(LDO) Đạ Huoai,Hàng Tồn,2026-09-04 - Thứ 6,44,100.00%,68.18%,4.55%,26.17,30,2,44,2,12,0,0.00%,27.27%,0,Lâm Đồng,NTB,AM Vũ
NTB - Lâm Đồng,(LDO) Đạ Huoai,Hàng Tồn,2026-09-02 - Thứ 4,46,100.00%,69.57%,4.35%,27.56,32,2,46,2,12,0,0.00%,26.08%,0,Lâm Đồng,NTB,AM Vũ
NTB - Lâm Đồng,(LDO) Đạ Huoai,Hàng Tồn,2026-08-22 - Thứ 7,47,100.00%,68.09%,0.00%,32.78,32,0,47,0,15,0,0.00%,31.91%,0,Lâm Đồng,NTB,AM Vũ
NTB - Lâm Đồng,(LDO) Đạ Huoai,Hàng Tồn,2026-08-19 - Thứ 4,48,100.00%,68.75%,2.08%,26,33,1,48,1,14,0,0.00%,29.17%,0,Lâm Đồng,NTB,AM Vũ
NTB - Lâm Đồng,(LDO) Đạ Huoai,Hàng Tồn,2026-08-24 - Thứ 2,57,100.00%,57.89%,1.75%,26.88,33,1,57,1,23,0,0.00%,40.36%,0,Lâm Đồng,NTB,AM Vũ
NTB - Lâm Đồng,(LDO) Đạ Huoai,Hàng Tồn,2026-08-21 - Thứ 6,50,100.00%,68.00%,0.00%,34.68,34,0,50,0,16,0,0.00%,32.00%,0,Lâm Đồng,NTB,AM Vũ
NTB - Lâm Đồng,(LDO) Đạ Huoai,Hàng Tồn,2026-08-20 - Thứ 5,51,100.00%,68.63%,0.00%,29.57,35,0,51,0,16,0,0.00%,31.37%,0,Lâm Đồng,NTB,AM Vũ
NTB - Lâm Đồng,(LDO) Đạ Huoai,Hàng Tồn,2026-09-07 - Thứ 2,59,96.61%,59.32%,3.39%,25.26,35,2,57,2,22,2,3.39%,37.29%,0,Lâm Đồng,NTB,AM Vũ
NTB - Lâm Đồng,(LDO) Đạ Huoai,Hàng Tồn,2026-08-25 - Thứ 3,55,100.00%,65.45%,1.82%,35.58,36,1,55,1,18,0,0.00%,32.73%,0,Lâm Đồng,NTB,AM Vũ
NTB - Lâm Đồng,(LDO) Đạ Huoai,Hàng Tồn,2026-08-28 - Thứ 6,53,100.00%,67.92%,3.77%,28.44,36,2,53,2,15,0,0.00%,28.31%,0,Lâm Đồng,NTB,AM Vũ
NTB - Lâm Đồng,(LDO) Đạ Huoai,Hàng Tồn,2026-09-01 - Thứ 3,55,100.00%,69.09%,3.64%,24.71,38,2,55,2,15,0,0.00%,27.27%,0,Lâm Đồng,NTB,AM Vũ
NTB - Lâm Đồng,(LDO) Đạ Huoai,Hàng Tồn,2026-09-09 - Thứ 4,53,100.00%,73.58%,1.89%,26.28,39,1,53,1,13,0,0.00%,24.53%,0,Lâm Đồng,NTB,AM Vũ
NTB - Lâm Đồng,(LDO) Đạ Huoai,Hàng Tồn,2026-09-12 - Thứ 7,55,100.00%,74.55%,1.82%,29.17,41,1,55,1,13,0,0.00%,23.63%,0,Lâm Đồng,NTB,AM Vũ
NTB - Lâm Đồng,(LDO) Đạ Huoai,Hàng Tồn,2026-08-31 - Thứ 2,65,100.00%,76.92%,0.00%,24.56,50,0,65,0,15,0,0.00%,23.08%,0,Lâm Đồng,NTB,AM Vũ
NTB - Lâm Đồng,(LDO) Đơn Dương,Hàng Mới Ca 1,2026-09-08 - Thứ 3,139,84.89%,69.06%,0.00%,21,96,0,118,0,43,21,15.11%,30.94%,139,Lâm Đồng,NTB,AM Trường
NTB - Lâm Đồng,(LDO) Đơn Dương,Hàng Mới Ca 1,2026-08-20 - Thứ 5,254,83.07%,55.91%,0.00%,14.48,142,0,211,0,112,43,16.93%,44.09%,254,Lâm Đồng,NTB,AM Trường
NTB - Lâm Đồng,(LDO) Đơn Dương,Hàng Mới Ca 1,2026-08-30 - Chủ Nhật,197,69.04%,53.81%,0.00%,17.86,106,0,136,0,91,61,30.96%,46.19%,197,Lâm Đồng,NTB,AM Trường
NTB - Lâm Đồng,(LDO) Đơn Dương,Hàng Mới Ca 1,2026-09-06 - Chủ Nhật,195,88.72%,66.67%,0.00%,22.17,130,0,173,0,65,22,11.28%,33.33%,195,Lâm Đồng,NTB,AM Trường
NTB - Lâm Đồng,(LDO) Đơn Dương,Hàng Mới Ca 1,2026-08-19 - Thứ 4,117,88.89%,70.09%,0.00%,14.83,82,0,104,0,35,13,11.11%,29.91%,117,Lâm Đồng,NTB,AM Trường
NTB - Lâm Đồng,(LDO) Đơn Dương,Hàng Mới Ca 1,2026-09-09 - Thứ 4,187,91.44%,64.17%,0.00%,20.73,120,0,171,0,67,16,8.56%,35.83%,187,Lâm Đồng,NTB,AM Trường
NTB - Lâm Đồng,(LDO) Đơn Dương,Hàng Mới Ca 1,2026-09-10 - Thứ 5,207,86.96%,61.35%,0.00%,20.93,127,0,180,0,80,27,13.04%,38.65%,207,Lâm Đồng,NTB,AM Trường
NTB - Lâm Đồng,(LDO) Đơn Dương,Hàng Mới Ca 1,2026-09-05 - Thứ 7,227,74.45%,56.83%,0.00%,20.95,129,0,169,0,98,58,25.55%,43.17%,227,Lâm Đồng,NTB,AM Trường
NTB - Lâm Đồng,(LDO) Đơn Dương,Hàng Mới Ca 1,2026-08-28 - Thứ 6,289,47.75%,34.95%,0.00%,16.55,101,0,138,0,188,151,52.25%,65.05%,289,Lâm Đồng,NTB,AM Trường
NTB - Lâm Đồng,(LDO) Đơn Dương,Hàng Mới Ca 1,2026-09-07 - Thứ 2,341,85.04%,61.00%,0.00%,10.56,208,0,290,0,133,51,14.96%,39.00%,341,Lâm Đồng,NTB,AM Trường
NTB - Lâm Đồng,(LDO) Đơn Dương,Hàng Mới Ca 1,2026-09-13 - Chủ Nhật,209,77.99%,63.16%,0.00%,21.97,132,0,163,0,77,46,22.01%,36.84%,209,Lâm Đồng,NTB,AM Trường
NTB - Lâm Đồng,(LDO) Đơn Dương,Hàng Mới Ca 1,2026-09-11 - Thứ 6,245,76.33%,55.51%,0.00%,20.94,136,0,187,0,109,58,23.67%,44.49%,245,Lâm Đồng,NTB,AM Trường
NTB - Lâm Đồng,(LDO) Đơn Dương,Hàng Mới Ca 1,2026-09-01 - Thứ 3,193,69.95%,54.40%,0.00%,12.46,105,0,135,0,88,58,30.05%,45.60%,193,Lâm Đồng,NTB,AM Trường
NTB - Lâm Đồng,(LDO) Đơn Dương,Hàng Mới Ca 1,2026-08-22 - Thứ 7,167,59.28%,43.11%,0.00%,13.83,72,0,99,0,95,68,40.72%,56.89%,167,Lâm Đồng,NTB,AM Trường
NTB - Lâm Đồng,(LDO) Đơn Dương,Hàng Mới Ca 1,2026-09-04 - Thứ 6,73,76.71%,61.64%,0.00%,20.13,45,0,56,0,28,17,23.29%,38.36%,73,Lâm Đồng,NTB,AM Trường
NTB - Lâm Đồng,(LDO) Đơn Dương,Hàng Mới Ca 1,2026-08-26 - Thứ 4,101,58.42%,48.51%,0.00%,10.63,49,0,59,0,52,42,41.58%,51.49%,101,Lâm Đồng,NTB,AM Trường
NTB - Lâm Đồng,(LDO) Đơn Dương,Hàng Mới Ca 1,2026-08-18 - Thứ 3,103,82.52%,51.46%,0.00%,11.28,53,0,85,0,50,18,17.48%,48.54%,103,Lâm Đồng,NTB,AM Trường
NTB - Lâm Đồng,(LDO) Đơn Dương,Hàng Mới Ca 1,2026-08-24 - Thứ 2,132,56.82%,40.15%,0.00%,13.23,53,0,75,0,79,57,43.18%,59.85%,132,Lâm Đồng,NTB,AM Trường
NTB - Lâm Đồng,(LDO) Đơn Dương,Hàng Mới Ca 1,2026-08-25 - Thứ 3,102,70.59%,60.78%,0.00%,17.79,62,0,72,0,40,30,29.41%,39.22%,102,Lâm Đồng,NTB,AM Trường
NTB - Lâm Đồng,(LDO) Đơn Dương,Hàng Mới Ca 1,2026-08-17 - Thứ 2,92,79.35%,68.48%,0.00%,18.44,63,0,73,0,29,19,20.65%,31.52%,92,Lâm Đồng,NTB,AM Trường
NTB - Lâm Đồng,(LDO) Đơn Dương,Hàng Mới Ca 1,2026-09-12 - Thứ 7,176,50.57%,36.93%,0.00%,21.08,65,0,89,0,111,87,49.43%,63.07%,176,Lâm Đồng,NTB,AM Trường
NTB - Lâm Đồng,(LDO) Đơn Dương,Hàng Mới Ca 1,2026-08-31 - Thứ 2,182,45.60%,36.26%,0.00%,15.18,66,0,83,0,116,99,54.40%,63.74%,182,Lâm Đồng,NTB,AM Trường
NTB - Lâm Đồng,(LDO) Đơn Dương,Hàng Mới Ca 1,2026-08-23 - Chủ Nhật,123,69.92%,56.91%,0.00%,19.1,70,0,86,0,53,37,30.08%,43.09%,123,Lâm Đồng,NTB,AM Trường
NTB - Lâm Đồng,(LDO) Đơn Dương,Hàng Mới Ca 1,2026-09-03 - Thứ 5,185,51.89%,38.38%,0.00%,17.08,71,0,96,0,114,89,48.11%,61.62%,185,Lâm Đồng,NTB,AM Trường
NTB - Lâm Đồng,(LDO) Đơn Dương,Hàng Mới Ca 1,2026-08-27 - Thứ 5,190,60.00%,39.47%,0.00%,20.29,75,0,114,0,115,76,40.00%,60.53%,190,Lâm Đồng,NTB,AM Trường
NTB - Lâm Đồng,(LDO) Đơn Dương,Hàng Mới Ca 1,2026-08-21 - Thứ 6,126,72.22%,60.32%,0.00%,18.2,76,0,91,0,50,35,27.78%,39.68%,126,Lâm Đồng,NTB,AM Trường
NTB - Lâm Đồng,(LDO) Đơn Dương,Hàng Mới Ca 1,2026-09-02 - Thứ 4,178,56.18%,43.26%,0.00%,18.43,77,0,100,0,101,78,43.82%,56.74%,178,Lâm Đồng,NTB,AM Trường
NTB - Lâm Đồng,(LDO) Đơn Dương,Hàng Mới Ca 1,2026-08-29 - Thứ 7,184,65.22%,46.20%,0.00%,16.47,85,0,120,0,99,64,34.78%,53.80%,184,Lâm Đồng,NTB,AM Trường
NTB - Lâm Đồng,(LDO) Đơn Dương,Hàng Mới Ca 2,2026-08-21 - Thứ 6,25,0.00%,0.00%,0.00%,,0,0,0,0,25,25,100.00%,100.00%,25,Lâm Đồng,NTB,AM Trường
NTB - Lâm Đồng,(LDO) Đơn Dương,Hàng Mới Ca 2,2026-09-07 - Thứ 2,1,0.00%,0.00%,0.00%,,0,0,0,0,1,1,100.00%,100.00%,1,Lâm Đồng,NTB,AM Trường
NTB - Lâm Đồng,(LDO) Đơn Dương,Hàng Mới Ca 2,2026-09-06 - Chủ Nhật,2,100.00%,50.00%,0.00%,2,1,0,2,0,1,0,0.00%,50.00%,2,Lâm Đồng,NTB,AM Trường
NTB - Lâm Đồng,(LDO) Đơn Dương,Hàng Mới Ca 2,2026-08-22 - Thứ 7,91,2.20%,1.10%,0.00%,4,1,0,2,0,90,89,97.80%,98.90%,91,Lâm Đồng,NTB,AM Trường
NTB - Lâm Đồng,(LDO) Đơn Dương,Hàng Mới Ca 2,2026-09-01 - Thứ 3,1,100.00%,100.00%,0.00%,6,1,0,1,0,0,0,0.00%,0.00%,1,Lâm Đồng,NTB,AM Trường
NTB - Lâm Đồng,(LDO) Đơn Dương,Hàng Mới Ca 2,2026-08-27 - Thứ 5,4,50.00%,50.00%,0.00%,2.5,2,0,2,0,2,2,50.00%,50.00%,4,Lâm Đồng,NTB,AM Trường
NTB - Lâm Đồng,(LDO) Đơn Dương,Hàng Mới Ca 2,2026-09-13 - Chủ Nhật,3,100.00%,66.67%,0.00%,6,2,0,3,0,1,0,0.00%,33.33%,3,Lâm Đồng,NTB,AM Trường
NTB - Lâm Đồng,(LDO) Đơn Dương,Hàng Mới Ca 2,2026-08-24 - Thứ 2,71,5.63%,2.82%,0.00%,7,2,0,4,0,69,67,94.37%,97.18%,71,Lâm Đồng,NTB,AM Trường
NTB - Lâm Đồng,(LDO) Đơn Dương,Hàng Mới Ca 2,2026-08-28 - Thứ 6,6,33.33%,33.33%,0.00%,2.5,2,0,2,0,4,4,66.67%,66.67%,6,Lâm Đồng,NTB,AM Trường
NTB - Lâm Đồng,(LDO) Đơn Dương,Hàng Mới Ca 2,2026-08-25 - Thứ 3,80,6.25%,3.75%,0.00%,5.67,3,0,5,0,77,75,93.75%,96.25%,80,Lâm Đồng,NTB,AM Trường
NTB - Lâm Đồng,(LDO) Đơn Dương,Hàng Mới Ca 2,2026-08-20 - Thứ 5,114,4.39%,3.51%,0.00%,5,4,0,5,0,110,109,95.61%,96.49%,114,Lâm Đồng,NTB,AM Trường
NTB - Lâm Đồng,(LDO) Đơn Dương,Hàng Mới Ca 2,2026-08-23 - Chủ Nhật,66,6.06%,6.06%,0.00%,6.25,4,0,4,0,62,62,93.94%,93.94%,66,Lâm Đồng,NTB,AM Trường
NTB - Lâm Đồng,(LDO) Đơn Dương,Hàng Mới Ca 2,2026-08-18 - Thứ 3,97,9.28%,5.15%,0.00%,3.6,5,0,9,0,92,88,90.72%,94.85%,97,Lâm Đồng,NTB,AM Trường
NTB - Lâm Đồng,(LDO) Đơn Dương,Hàng Mới Ca 2,2026-08-19 - Thứ 4,21,33.33%,28.57%,0.00%,4.83,6,0,7,0,15,14,66.67%,71.43%,21,Lâm Đồng,NTB,AM Trường
NTB - Lâm Đồng,(LDO) Đơn Dương,Hàng Mới Ca 2,2026-08-17 - Thứ 2,85,11.76%,8.24%,0.00%,4.43,7,0,10,0,78,75,88.24%,91.76%,85,Lâm Đồng,NTB,AM Trường
NTB - Lâm Đồng,(LDO) Đơn Dương,Hàng Tồn,2026-09-08 - Thứ 3,208,77.88%,46.63%,1.92%,57.75,97,4,162,4,107,46,22.12%,51.45%,0,Lâm Đồng,NTB,AM Trường
NTB - Lâm Đồng,(LDO) Đơn Dương,Hàng Tồn,2026-08-30 - Chủ Nhật,381,48.56%,30.97%,2.62%,74.76,118,10,185,10,253,196,51.44%,66.41%,0,Lâm Đồng,NTB,AM Trường
NTB - Lâm Đồng,(LDO) Đơn Dương,Hàng Tồn,2026-09-06 - Chủ Nhật,214,85.98%,45.33%,7.01%,83.38,97,15,184,15,102,30,14.02%,47.66%,0,Lâm Đồng,NTB,AM Trường
NTB - Lâm Đồng,(LDO) Đơn Dương,Hàng Tồn,2026-08-19 - Thứ 4,274,75.18%,37.96%,4.38%,45.93,104,12,206,12,158,68,24.82%,57.66%,0,Lâm Đồng,NTB,AM Trường
NTB - Lâm Đồng,(LDO) Đơn Dương,Hàng Tồn,2026-08-29 - Thứ 7,406,44.33%,26.35%,1.48%,59.54,107,6,180,6,293,226,55.67%,72.17%,0,Lâm Đồng,NTB,AM Trường
NTB - Lâm Đồng,(LDO) Đơn Dương,Hàng Tồn,2026-08-17 - Thứ 2,278,70.50%,46.76%,5.04%,42.55,130,14,196,14,134,82,29.50%,48.20%,0,Lâm Đồng,NTB,AM Trường
NTB - Lâm Đồng,(LDO) Đơn Dương,Hàng Tồn,2026-09-04 - Thứ 6,369,57.45%,40.11%,3.52%,84.06,148,13,212,13,208,157,42.55%,56.37%,0,Lâm Đồng,NTB,AM Trường
NTB - Lâm Đồng,(LDO) Đơn Dương,Hàng Tồn,2026-08-25 - Thứ 3,402,49.00%,29.85%,3.98%,54.89,120,16,197,16,266,205,51.00%,66.17%,0,Lâm Đồng,NTB,AM Trường
NTB - Lâm Đồng,(LDO) Đơn Dương,Hàng Tồn,2026-08-23 - Chủ Nhật,384,49.22%,26.56%,3.13%,47.55,102,12,189,12,270,195,50.78%,70.31%,0,Lâm Đồng,NTB,AM Trường
NTB - Lâm Đồng,(LDO) Đơn Dương,Hàng Tồn,2026-08-21 - Thứ 6,336,64.88%,40.48%,1.79%,41.24,136,6,218,6,194,118,35.12%,57.73%,0,Lâm Đồng,NTB,AM Trường
NTB - Lâm Đồng,(LDO) Đơn Dương,Hàng Tồn,2026-08-18 - Thứ 3,238,83.61%,34.87%,5.46%,39.31,83,13,199,13,142,39,16.39%,59.67%,0,Lâm Đồng,NTB,AM Trường
NTB - Lâm Đồng,(LDO) Đơn Dương,Hàng Tồn,2026-09-05 - Thứ 7,234,78.63%,43.59%,3.85%,113.63,102,9,184,9,123,50,21.37%,52.56%,0,Lâm Đồng,NTB,AM Trường
NTB - Lâm Đồng,(LDO) Đơn Dương,Hàng Tồn,2026-08-28 - Thứ 6,311,45.02%,26.05%,3.22%,101.88,81,10,140,10,220,171,54.98%,70.73%,0,Lâm Đồng,NTB,AM Trường
NTB - Lâm Đồng,(LDO) Đơn Dương,Hàng Tồn,2026-09-03 - Thứ 5,390,44.62%,25.90%,3.08%,100.12,101,12,174,12,277,216,55.38%,71.02%,0,Lâm Đồng,NTB,AM Trường
NTB - Lâm Đồng,(LDO) Đơn Dương,Hàng Tồn,2026-08-26 - Thứ 4,377,56.76%,34.48%,2.65%,60.5,130,10,214,10,237,163,43.24%,62.87%,0,Lâm Đồng,NTB,AM Trường
NTB - Lâm Đồng,(LDO) Đơn Dương,Hàng Tồn,2026-08-24 - Thứ 2,378,47.35%,28.04%,3.17%,56.67,106,12,179,12,260,199,52.65%,68.79%,0,Lâm Đồng,NTB,AM Trường
NTB - Lâm Đồng,(LDO) Đơn Dương,Hàng Tồn,2026-09-10 - Thứ 5,142,90.14%,28.17%,4.93%,61.68,40,7,128,7,95,14,9.86%,66.90%,0,Lâm Đồng,NTB,AM Trường
NTB - Lâm Đồng,(LDO) Đơn Dương,Hàng Tồn,2026-08-22 - Thứ 7,263,38.40%,18.63%,4.56%,53.59,49,12,101,12,202,162,61.60%,76.81%,0,Lâm Đồng,NTB,AM Trường
NTB - Lâm Đồng,(LDO) Đơn Dương,Hàng Tồn,2026-08-31 - Thứ 2,337,43.92%,15.13%,2.67%,88.67,51,9,148,9,277,189,56.08%,82.20%,0,Lâm Đồng,NTB,AM Trường
NTB - Lâm Đồng,(LDO) Đơn Dương,Hàng Tồn,2026-09-09 - Thứ 4,143,96.50%,36.36%,2.80%,63.69,52,4,138,4,87,5,3.50%,60.84%,0,Lâm Đồng,NTB,AM Trường
NTB - Lâm Đồng,(LDO) Đơn Dương,Hàng Tồn,2026-09-12 - Thứ 7,185,58.92%,28.65%,4.32%,56.21,53,8,109,8,124,76,41.08%,67.03%,0,Lâm Đồng,NTB,AM Trường
NTB - Lâm Đồng,(LDO) Đơn Dương,Hàng Tồn,2026-09-11 - Thứ 6,164,79.27%,35.37%,11.59%,58.48,58,19,130,19,87,34,20.73%,53.04%,0,Lâm Đồng,NTB,AM Trường
NTB - Lâm Đồng,(LDO) Đơn Dương,Hàng Tồn,2026-08-27 - Thứ 5,287,36.24%,20.91%,3.14%,68.98,60,9,104,9,218,183,63.76%,75.95%,0,Lâm Đồng,NTB,AM Trường
NTB - Lâm Đồng,(LDO) Đơn Dương,Hàng Tồn,2026-09-02 - Thứ 4,357,29.41%,17.09%,1.96%,67.28,61,7,105,7,289,252,70.59%,80.95%,0,Lâm Đồng,NTB,AM Trường
NTB - Lâm Đồng,(LDO) Đơn Dương,Hàng Tồn,2026-09-13 - Chủ Nhật,232,55.60%,28.45%,3.88%,58.7,66,9,129,9,157,103,44.40%,67.67%,0,Lâm Đồng,NTB,AM Trường
NTB - Lâm Đồng,(LDO) Đơn Dương,Hàng Tồn,2026-09-07 - Thứ 2,165,80.00%,41.82%,4.24%,75.25,69,7,132,7,89,33,20.00%,53.94%,0,Lâm Đồng,NTB,AM Trường
NTB - Lâm Đồng,(LDO) Đơn Dương,Hàng Tồn,2026-08-20 - Thứ 5,208,80.29%,33.65%,8.17%,51.63,70,17,167,17,121,41,19.71%,58.18%,0,Lâm Đồng,NTB,AM Trường
NTB - Lâm Đồng,(LDO) Đơn Dương,Hàng Tồn,2026-09-01 - Thứ 3,376,50.00%,22.61%,2.66%,85.94,85,10,188,10,281,188,50.00%,74.73%,0,Lâm Đồng,NTB,AM Trường
NTB - Lâm Đồng,(LDO) Đinh Văn Lâm Hà,Hàng Mới Ca 1,2026-09-11 - Thứ 6,30,90.00%,70.00%,0.00%,7.29,21,0,27,0,9,3,10.00%,30.00%,30,Lâm Đồng,NTB,AM Chi
NTB - Lâm Đồng,(LDO) Đinh Văn Lâm Hà,Hàng Mới Ca 1,2026-09-09 - Thứ 4,30,76.67%,73.33%,0.00%,7.14,22,0,23,0,8,7,23.33%,26.67%,30,Lâm Đồng,NTB,AM Chi
NTB - Lâm Đồng,(LDO) Đinh Văn Lâm Hà,Hàng Mới Ca 1,2026-09-03 - Thứ 5,35,100.00%,88.57%,0.00%,10.45,31,0,35,0,4,0,0.00%,11.43%,35,Lâm Đồng,NTB,AM Chi
NTB - Lâm Đồng,(LDO) Đinh Văn Lâm Hà,Hàng Mới Ca 1,2026-09-13 - Chủ Nhật,38,89.47%,81.58%,0.00%,8.84,31,0,34,0,7,4,10.53%,18.42%,38,Lâm Đồng,NTB,AM Chi
NTB - Lâm Đồng,(LDO) Đinh Văn Lâm Hà,Hàng Mới Ca 1,2026-09-07 - Thứ 2,53,94.34%,67.92%,0.00%,8.33,36,0,50,0,17,3,5.66%,32.08%,53,Lâm Đồng,NTB,AM Chi
NTB - Lâm Đồng,(LDO) Đinh Văn Lâm Hà,Hàng Mới Ca 1,2026-09-06 - Chủ Nhật,50,88.00%,82.00%,0.00%,8.24,41,0,44,0,9,6,12.00%,18.00%,50,Lâm Đồng,NTB,AM Chi
NTB - Lâm Đồng,(LDO) Đinh Văn Lâm Hà,Hàng Mới Ca 1,2026-09-08 - Thứ 3,48,100.00%,87.50%,0.00%,7.07,42,0,48,0,6,0,0.00%,12.50%,48,Lâm Đồng,NTB,AM Chi
NTB - Lâm Đồng,(LDO) Đinh Văn Lâm Hà,Hàng Mới Ca 1,2026-09-04 - Thứ 6,49,100.00%,85.71%,0.00%,10.31,42,0,49,0,7,0,0.00%,14.29%,49,Lâm Đồng,NTB,AM Chi
NTB - Lâm Đồng,(LDO) Đinh Văn Lâm Hà,Hàng Mới Ca 1,2026-09-12 - Thứ 7,54,94.44%,79.63%,0.00%,7.33,43,0,51,0,11,3,5.56%,20.37%,54,Lâm Đồng,NTB,AM Chi
NTB - Lâm Đồng,(LDO) Đinh Văn Lâm Hà,Hàng Mới Ca 1,2026-09-05 - Thứ 7,47,100.00%,91.49%,0.00%,12.65,43,0,47,0,4,0,0.00%,8.51%,47,Lâm Đồng,NTB,AM Chi
NTB - Lâm Đồng,(LDO) Đinh Văn Lâm Hà,Hàng Mới Ca 1,2026-08-17 - Thứ 2,58,84.48%,75.86%,0.00%,12.16,44,0,49,0,14,9,15.52%,24.14%,58,Lâm Đồng,NTB,AM Chi
NTB - Lâm Đồng,(LDO) Đinh Văn Lâm Hà,Hàng Mới Ca 1,2026-08-26 - Thứ 4,57,94.74%,77.19%,0.00%,12.45,44,0,54,0,13,3,5.26%,22.81%,57,Lâm Đồng,NTB,AM Chi
NTB - Lâm Đồng,(LDO) Đinh Văn Lâm Hà,Hàng Mới Ca 1,2026-09-02 - Thứ 4,51,100.00%,88.24%,0.00%,11.6,45,0,51,0,6,0,0.00%,11.76%,51,Lâm Đồng,NTB,AM Chi
NTB - Lâm Đồng,(LDO) Đinh Văn Lâm Hà,Hàng Mới Ca 1,2026-08-25 - Thứ 3,55,98.18%,83.64%,0.00%,11.24,46,0,54,0,9,1,1.82%,16.36%,55,Lâm Đồng,NTB,AM Chi
NTB - Lâm Đồng,(LDO) Đinh Văn Lâm Hà,Hàng Mới Ca 1,2026-08-30 - Chủ Nhật,52,100.00%,94.23%,0.00%,12.67,49,0,52,0,3,0,0.00%,5.77%,52,Lâm Đồng,NTB,AM Chi
NTB - Lâm Đồng,(LDO) Đinh Văn Lâm Hà,Hàng Mới Ca 1,2026-08-31 - Thứ 2,63,93.65%,79.37%,0.00%,12.74,50,0,59,0,13,4,6.35%,20.63%,63,Lâm Đồng,NTB,AM Chi
NTB - Lâm Đồng,(LDO) Đinh Văn Lâm Hà,Hàng Mới Ca 1,2026-08-28 - Thứ 6,63,98.41%,82.54%,0.00%,14.63,52,0,62,0,11,1,1.59%,17.46%,63,Lâm Đồng,NTB,AM Chi
NTB - Lâm Đồng,(LDO) Đinh Văn Lâm Hà,Hàng Mới Ca 1,2026-08-19 - Thứ 4,60,100.00%,90.00%,0.00%,10.54,54,0,60,0,6,0,0.00%,10.00%,60,Lâm Đồng,NTB,AM Chi
NTB - Lâm Đồng,(LDO) Đinh Văn Lâm Hà,Hàng Mới Ca 1,2026-08-21 - Thứ 6,61,98.36%,93.44%,0.00%,11.77,57,0,60,0,4,1,1.64%,6.56%,61,Lâm Đồng,NTB,AM Chi
NTB - Lâm Đồng,(LDO) Đinh Văn Lâm Hà,Hàng Mới Ca 1,2026-08-29 - Thứ 7,72,100.00%,84.72%,0.00%,10.08,61,0,72,0,11,0,0.00%,15.28%,72,Lâm Đồng,NTB,AM Chi
NTB - Lâm Đồng,(LDO) Đinh Văn Lâm Hà,Hàng Mới Ca 1,2026-08-18 - Thứ 3,70,95.71%,88.57%,0.00%,16.08,62,0,67,0,8,3,4.29%,11.43%,70,Lâm Đồng,NTB,AM Chi
NTB - Lâm Đồng,(LDO) Đinh Văn Lâm Hà,Hàng Mới Ca 1,2026-08-24 - Thứ 2,69,100.00%,89.86%,0.00%,10.58,62,0,69,0,7,0,0.00%,10.14%,69,Lâm Đồng,NTB,AM Chi
NTB - Lâm Đồng,(LDO) Đinh Văn Lâm Hà,Hàng Mới Ca 1,2026-08-20 - Thứ 5,76,100.00%,84.21%,0.00%,11.53,64,0,76,0,12,0,0.00%,15.79%,76,Lâm Đồng,NTB,AM Chi
NTB - Lâm Đồng,(LDO) Đinh Văn Lâm Hà,Hàng Mới Ca 1,2026-08-23 - Chủ Nhật,75,100.00%,85.33%,0.00%,9.38,64,0,75,0,11,0,0.00%,14.67%,75,Lâm Đồng,NTB,AM Chi
NTB - Lâm Đồng,(LDO) Đinh Văn Lâm Hà,Hàng Mới Ca 1,2026-08-27 - Thứ 5,73,95.89%,87.67%,0.00%,9.63,64,0,70,0,9,3,4.11%,12.33%,73,Lâm Đồng,NTB,AM Chi
NTB - Lâm Đồng,(LDO) Đinh Văn Lâm Hà,Hàng Mới Ca 1,2026-09-01 - Thứ 3,80,88.75%,82.50%,0.00%,6.91,66,0,71,0,14,9,11.25%,17.50%,80,Lâm Đồng,NTB,AM Chi
NTB - Lâm Đồng,(LDO) Đinh Văn Lâm Hà,Hàng Mới Ca 1,2026-09-10 - Thứ 5,81,98.77%,90.12%,0.00%,8.92,73,0,80,0,8,1,1.23%,9.88%,81,Lâm Đồng,NTB,AM Chi
NTB - Lâm Đồng,(LDO) Đinh Văn Lâm Hà,Hàng Mới Ca 1,2026-08-22 - Thứ 7,81,100.00%,92.59%,0.00%,8.84,75,0,81,0,6,0,0.00%,7.41%,81,Lâm Đồng,NTB,AM Chi
NTB - Lâm Đồng,(LDO) Đinh Văn Lâm Hà,Hàng Mới Ca 2,2026-08-31 - Thứ 2,9,0.00%,0.00%,0.00%,,0,0,0,0,9,9,100.00%,100.00%,9,Lâm Đồng,NTB,AM Chi
NTB - Lâm Đồng,(LDO) Đinh Văn Lâm Hà,Hàng Mới Ca 2,2026-08-17 - Thứ 2,8,50.00%,37.50%,0.00%,4.67,3,0,4,0,5,4,50.00%,62.50%,8,Lâm Đồng,NTB,AM Chi
NTB - Lâm Đồng,(LDO) Đinh Văn Lâm Hà,Hàng Mới Ca 2,2026-09-13 - Chủ Nhật,23,34.78%,30.43%,0.00%,2.43,7,0,8,0,16,15,65.22%,69.57%,23,Lâm Đồng,NTB,AM Chi
NTB - Lâm Đồng,(LDO) Đinh Văn Lâm Hà,Hàng Mới Ca 2,2026-09-03 - Thứ 5,33,30.30%,27.27%,0.00%,3.67,9,0,10,0,24,23,69.70%,72.73%,33,Lâm Đồng,NTB,AM Chi
NTB - Lâm Đồng,(LDO) Đinh Văn Lâm Hà,Hàng Mới Ca 2,2026-09-12 - Thứ 7,78,23.08%,15.38%,0.00%,3.75,12,0,18,0,66,60,76.92%,84.62%,78,Lâm Đồng,NTB,AM Chi
NTB - Lâm Đồng,(LDO) Đinh Văn Lâm Hà,Hàng Mới Ca 2,2026-09-07 - Thứ 2,52,25.00%,23.08%,0.00%,3.92,12,0,13,0,40,39,75.00%,76.92%,52,Lâm Đồng,NTB,AM Chi
NTB - Lâm Đồng,(LDO) Đinh Văn Lâm Hà,Hàng Mới Ca 2,2026-09-09 - Thứ 4,48,29.17%,27.08%,0.00%,2.77,13,0,14,0,35,34,70.83%,72.92%,48,Lâm Đồng,NTB,AM Chi
NTB - Lâm Đồng,(LDO) Đinh Văn Lâm Hà,Hàng Mới Ca 2,2026-08-21 - Thứ 6,30,53.33%,46.67%,0.00%,3.21,14,0,16,0,16,14,46.67%,53.33%,30,Lâm Đồng,NTB,AM Chi
NTB - Lâm Đồng,(LDO) Đinh Văn Lâm Hà,Hàng Mới Ca 2,2026-09-11 - Thứ 6,55,27.27%,25.45%,0.00%,3.21,14,0,15,0,41,40,72.73%,74.55%,55,Lâm Đồng,NTB,AM Chi
NTB - Lâm Đồng,(LDO) Đinh Văn Lâm Hà,Hàng Mới Ca 2,2026-08-24 - Thứ 2,39,35.90%,35.90%,0.00%,3.29,14,0,14,0,25,25,64.10%,64.10%,39,Lâm Đồng,NTB,AM Chi
NTB - Lâm Đồng,(LDO) Đinh Văn Lâm Hà,Hàng Mới Ca 2,2026-09-08 - Thứ 3,54,29.63%,29.63%,0.00%,2.88,16,0,16,0,38,38,70.37%,70.37%,54,Lâm Đồng,NTB,AM Chi
NTB - Lâm Đồng,(LDO) Đinh Văn Lâm Hà,Hàng Mới Ca 2,2026-08-18 - Thứ 3,52,32.69%,30.77%,0.00%,3.31,16,0,17,0,36,35,67.31%,69.23%,52,Lâm Đồng,NTB,AM Chi
NTB - Lâm Đồng,(LDO) Đinh Văn Lâm Hà,Hàng Mới Ca 2,2026-09-01 - Thứ 3,49,36.73%,32.65%,0.00%,3.88,16,0,18,0,33,31,63.27%,67.35%,49,Lâm Đồng,NTB,AM Chi
NTB - Lâm Đồng,(LDO) Đinh Văn Lâm Hà,Hàng Mới Ca 2,2026-08-25 - Thứ 3,58,39.66%,29.31%,0.00%,3.41,17,0,23,0,41,35,60.34%,70.69%,58,Lâm Đồng,NTB,AM Chi
NTB - Lâm Đồng,(LDO) Đinh Văn Lâm Hà,Hàng Mới Ca 2,2026-08-26 - Thứ 4,67,34.33%,26.87%,0.00%,3.33,18,0,23,0,49,44,65.67%,73.13%,67,Lâm Đồng,NTB,AM Chi
NTB - Lâm Đồng,(LDO) Đinh Văn Lâm Hà,Hàng Mới Ca 2,2026-09-10 - Thứ 5,65,32.31%,29.23%,0.00%,4.05,19,0,21,0,46,44,67.69%,70.77%,65,Lâm Đồng,NTB,AM Chi
NTB - Lâm Đồng,(LDO) Đinh Văn Lâm Hà,Hàng Mới Ca 2,2026-09-04 - Thứ 6,55,40.00%,36.36%,0.00%,3.55,20,0,22,0,35,33,60.00%,63.64%,55,Lâm Đồng,NTB,AM Chi
NTB - Lâm Đồng,(LDO) Đinh Văn Lâm Hà,Hàng Mới Ca 2,2026-09-05 - Thứ 7,50,44.00%,40.00%,0.00%,3.25,20,0,22,0,30,28,56.00%,60.00%,50,Lâm Đồng,NTB,AM Chi
NTB - Lâm Đồng,(LDO) Đinh Văn Lâm Hà,Hàng Mới Ca 2,2026-08-20 - Thứ 5,55,47.27%,43.64%,0.00%,3.54,24,0,26,0,31,29,52.73%,56.36%,55,Lâm Đồng,NTB,AM Chi
NTB - Lâm Đồng,(LDO) Đinh Văn Lâm Hà,Hàng Mới Ca 2,2026-09-02 - Thứ 4,51,50.98%,47.06%,0.00%,3.5,24,0,26,0,27,25,49.02%,52.94%,51,Lâm Đồng,NTB,AM Chi
NTB - Lâm Đồng,(LDO) Đinh Văn Lâm Hà,Hàng Mới Ca 2,2026-08-29 - Thứ 7,71,43.66%,36.62%,0.00%,3.58,26,0,31,0,45,40,56.34%,63.38%,71,Lâm Đồng,NTB,AM Chi
NTB - Lâm Đồng,(LDO) Đinh Văn Lâm Hà,Hàng Mới Ca 2,2026-08-30 - Chủ Nhật,93,33.33%,29.03%,0.00%,3.52,27,0,31,0,66,62,66.67%,70.97%,93,Lâm Đồng,NTB,AM Chi
NTB - Lâm Đồng,(LDO) Đinh Văn Lâm Hà,Hàng Mới Ca 2,2026-08-27 - Thứ 5,90,34.44%,30.00%,0.00%,3.85,27,0,31,0,63,59,65.56%,70.00%,90,Lâm Đồng,NTB,AM Chi
NTB - Lâm Đồng,(LDO) Đinh Văn Lâm Hà,Hàng Mới Ca 2,2026-08-22 - Thứ 7,74,40.54%,36.49%,0.00%,4,27,0,30,0,47,44,59.46%,63.51%,74,Lâm Đồng,NTB,AM Chi
NTB - Lâm Đồng,(LDO) Đinh Văn Lâm Hà,Hàng Mới Ca 2,2026-08-19 - Thứ 4,75,46.67%,46.67%,0.00%,3.83,35,0,35,0,40,40,53.33%,53.33%,75,Lâm Đồng,NTB,AM Chi
NTB - Lâm Đồng,(LDO) Đinh Văn Lâm Hà,Hàng Mới Ca 2,2026-08-23 - Chủ Nhật,67,58.21%,53.73%,0.00%,3.36,36,0,39,0,31,28,41.79%,46.27%,67,Lâm Đồng,NTB,AM Chi
NTB - Lâm Đồng,(LDO) Đinh Văn Lâm Hà,Hàng Mới Ca 2,2026-09-06 - Chủ Nhật,103,43.69%,37.86%,0.00%,3.54,39,0,45,0,64,58,56.31%,62.14%,103,Lâm Đồng,NTB,AM Chi
NTB - Lâm Đồng,(LDO) Đinh Văn Lâm Hà,Hàng Mới Ca 2,2026-08-28 - Thứ 6,86,50.00%,46.51%,0.00%,3.4,40,0,43,0,46,43,50.00%,53.49%,86,Lâm Đồng,NTB,AM Chi
NTB - Lâm Đồng,(LDO) Đinh Văn Lâm Hà,Hàng Tồn,2026-08-22 - Thứ 7,37,97.30%,56.76%,2.70%,29.81,21,1,36,1,15,1,2.70%,40.54%,0,Lâm Đồng,NTB,AM Chi
NTB - Lâm Đồng,(LDO) Đinh Văn Lâm Hà,Hàng Tồn,2026-09-04 - Thứ 6,48,97.92%,52.08%,6.25%,31.92,25,3,47,3,20,1,2.08%,41.67%,0,Lâm Đồng,NTB,AM Chi
NTB - Lâm Đồng,(LDO) Đinh Văn Lâm Hà,Hàng Tồn,2026-09-01 - Thứ 3,59,71.19%,42.37%,3.39%,41.52,25,2,42,2,32,17,28.81%,54.24%,0,Lâm Đồng,NTB,AM Chi
NTB - Lâm Đồng,(LDO) Đinh Văn Lâm Hà,Hàng Tồn,2026-08-18 - Thứ 3,51,94.12%,58.82%,7.84%,44.87,30,4,48,4,17,3,5.88%,33.34%,0,Lâm Đồng,NTB,AM Chi
NTB - Lâm Đồng,(LDO) Đinh Văn Lâm Hà,Hàng Tồn,2026-08-24 - Thứ 2,54,85.19%,57.41%,1.85%,33,31,1,46,1,22,8,14.81%,40.74%,0,Lâm Đồng,NTB,AM Chi
NTB - Lâm Đồng,(LDO) Đinh Văn Lâm Hà,Hàng Tồn,2026-09-03 - Thứ 5,56,98.21%,57.14%,3.57%,34.72,32,2,55,2,22,1,1.79%,39.29%,0,Lâm Đồng,NTB,AM Chi
NTB - Lâm Đồng,(LDO) Đinh Văn Lâm Hà,Hàng Tồn,2026-09-11 - Thứ 6,81,81.48%,39.51%,3.70%,28.06,32,3,66,3,46,15,18.52%,56.79%,0,Lâm Đồng,NTB,AM Chi
NTB - Lâm Đồng,(LDO) Đinh Văn Lâm Hà,Hàng Tồn,2026-09-06 - Chủ Nhật,66,83.33%,50.00%,4.55%,27.55,33,3,55,3,30,11,16.67%,45.45%,0,Lâm Đồng,NTB,AM Chi
NTB - Lâm Đồng,(LDO) Đinh Văn Lâm Hà,Hàng Tồn,2026-08-25 - Thứ 3,54,96.30%,64.81%,1.85%,38.54,35,1,52,1,18,2,3.70%,33.34%,0,Lâm Đồng,NTB,AM Chi
NTB - Lâm Đồng,(LDO) Đinh Văn Lâm Hà,Hàng Tồn,2026-09-09 - Thứ 4,72,87.50%,50.00%,6.94%,33.75,36,5,63,5,31,9,12.50%,43.06%,0,Lâm Đồng,NTB,AM Chi
NTB - Lâm Đồng,(LDO) Đinh Văn Lâm Hà,Hàng Tồn,2026-08-21 - Thứ 6,54,100.00%,66.67%,1.85%,27.97,36,1,54,1,17,0,0.00%,31.48%,0,Lâm Đồng,NTB,AM Chi
NTB - Lâm Đồng,(LDO) Đinh Văn Lâm Hà,Hàng Tồn,2026-09-05 - Thứ 7,57,100.00%,63.16%,7.02%,30,36,4,57,4,17,0,0.00%,29.82%,0,Lâm Đồng,NTB,AM Chi
NTB - Lâm Đồng,(LDO) Đinh Văn Lâm Hà,Hàng Tồn,2026-08-19 - Thứ 4,59,98.31%,66.10%,8.47%,31.18,39,5,58,5,15,1,1.69%,25.43%,0,Lâm Đồng,NTB,AM Chi
NTB - Lâm Đồng,(LDO) Đinh Văn Lâm Hà,Hàng Tồn,2026-09-10 - Thứ 5,73,82.19%,53.42%,8.22%,34.36,39,6,60,6,28,13,17.81%,38.36%,0,Lâm Đồng,NTB,AM Chi
NTB - Lâm Đồng,(LDO) Đinh Văn Lâm Hà,Hàng Tồn,2026-08-17 - Thứ 2,76,77.63%,52.63%,2.63%,31.85,40,2,59,2,34,17,22.37%,44.74%,0,Lâm Đồng,NTB,AM Chi
NTB - Lâm Đồng,(LDO) Đinh Văn Lâm Hà,Hàng Tồn,2026-08-20 - Thứ 5,59,100.00%,72.88%,8.47%,27.4,43,5,59,5,11,0,0.00%,18.65%,0,Lâm Đồng,NTB,AM Chi
NTB - Lâm Đồng,(LDO) Đinh Văn Lâm Hà,Hàng Tồn,2026-08-26 - Thứ 4,65,95.38%,66.15%,1.54%,28.23,43,1,62,1,21,3,4.62%,32.31%,0,Lâm Đồng,NTB,AM Chi
NTB - Lâm Đồng,(LDO) Đinh Văn Lâm Hà,Hàng Tồn,2026-09-02 - Thứ 4,75,100.00%,58.67%,9.33%,38,44,7,75,7,24,0,0.00%,32.00%,0,Lâm Đồng,NTB,AM Chi
NTB - Lâm Đồng,(LDO) Đinh Văn Lâm Hà,Hàng Tồn,2026-08-23 - Chủ Nhật,68,100.00%,67.65%,8.82%,29.37,46,6,68,6,16,0,0.00%,23.53%,0,Lâm Đồng,NTB,AM Chi
NTB - Lâm Đồng,(LDO) Đinh Văn Lâm Hà,Hàng Tồn,2026-08-30 - Chủ Nhật,79,100.00%,62.03%,5.06%,34.18,49,4,79,4,26,0,0.00%,32.91%,0,Lâm Đồng,NTB,AM Chi
NTB - Lâm Đồng,(LDO) Đinh Văn Lâm Hà,Hàng Tồn,2026-08-31 - Thứ 2,93,82.80%,54.84%,2.15%,28.39,51,2,77,2,40,16,17.20%,43.01%,0,Lâm Đồng,NTB,AM Chi
NTB - Lâm Đồng,(LDO) Đinh Văn Lâm Hà,Hàng Tồn,2026-08-27 - Thứ 5,79,93.67%,65.82%,2.53%,30.63,52,2,74,2,25,5,6.33%,31.65%,0,Lâm Đồng,NTB,AM Chi
NTB - Lâm Đồng,(LDO) Đinh Văn Lâm Hà,Hàng Tồn,2026-08-29 - Thứ 7,79,100.00%,67.09%,1.27%,30.47,53,1,79,1,25,0,0.00%,31.64%,0,Lâm Đồng,NTB,AM Chi
NTB - Lâm Đồng,(LDO) Đinh Văn Lâm Hà,Hàng Tồn,2026-09-08 - Thứ 3,87,98.85%,62.07%,4.60%,30.33,54,4,86,4,29,1,1.15%,33.33%,0,Lâm Đồng,NTB,AM Chi
NTB - Lâm Đồng,(LDO) Đinh Văn Lâm Hà,Hàng Tồn,2026-09-12 - Thứ 7,94,82.98%,60.64%,2.13%,40.88,57,2,78,2,35,16,17.02%,37.23%,0,Lâm Đồng,NTB,AM Chi
NTB - Lâm Đồng,(LDO) Đinh Văn Lâm Hà,Hàng Tồn,2026-09-07 - Thứ 2,101,99.01%,69.31%,0.00%,30.03,70,0,100,0,31,1,0.99%,30.69%,0,Lâm Đồng,NTB,AM Chi
NTB - Lâm Đồng,(LDO) Đinh Văn Lâm Hà,Hàng Tồn,2026-09-13 - Chủ Nhật,111,84.68%,63.06%,3.60%,33.61,70,4,94,4,37,17,15.32%,33.34%,0,Lâm Đồng,NTB,AM Chi
NTB - Lâm Đồng,(LDO) Đinh Văn Lâm Hà,Hàng Tồn,2026-08-28 - Thứ 6,96,94.79%,73.96%,1.04%,31.49,71,1,91,1,24,5,5.21%,25.00%,0,Lâm Đồng,NTB,AM Chi
NTB - Lâm Đồng,(LDO) Đam Rông 3,Hàng Mới Ca 1,2026-08-20 - Thứ 5,108,97.22%,75.93%,0.00%,17.2,82,0,105,0,26,3,2.78%,24.07%,108,Lâm Đồng,NTB,AM Chi
NTB - Lâm Đồng,(LDO) Đam Rông 3,Hàng Mới Ca 1,2026-08-30 - Chủ Nhật,105,90.48%,68.57%,0.00%,19.79,72,0,95,0,33,10,9.52%,31.43%,105,Lâm Đồng,NTB,AM Chi
NTB - Lâm Đồng,(LDO) Đam Rông 3,Hàng Mới Ca 1,2026-08-17 - Thứ 2,134,91.79%,68.66%,0.00%,15.96,92,0,123,0,42,11,8.21%,31.34%,134,Lâm Đồng,NTB,AM Chi
NTB - Lâm Đồng,(LDO) Đam Rông 3,Hàng Mới Ca 1,2026-08-27 - Thứ 5,139,99.28%,74.82%,0.00%,15.23,104,0,138,0,35,1,0.72%,25.18%,139,Lâm Đồng,NTB,AM Chi
NTB - Lâm Đồng,(LDO) Đam Rông 3,Hàng Mới Ca 1,2026-09-10 - Thứ 5,153,93.46%,69.93%,0.00%,14.53,107,0,143,0,46,10,6.54%,30.07%,153,Lâm Đồng,NTB,AM Chi
NTB - Lâm Đồng,(LDO) Đam Rông 3,Hàng Mới Ca 1,2026-09-07 - Thứ 2,136,91.91%,63.97%,0.00%,17.2,87,0,125,0,49,11,8.09%,36.03%,136,Lâm Đồng,NTB,AM Chi
NTB - Lâm Đồng,(LDO) Đam Rông 3,Hàng Mới Ca 1,2026-08-24 - Thứ 2,132,99.24%,80.30%,0.00%,16.25,106,0,131,0,26,1,0.76%,19.70%,132,Lâm Đồng,NTB,AM Chi
NTB - Lâm Đồng,(LDO) Đam Rông 3,Hàng Mới Ca 1,2026-09-04 - Thứ 6,6,66.67%,50.00%,0.00%,6.33,3,0,4,0,3,2,33.33%,50.00%,6,Lâm Đồng,NTB,AM Chi
NTB - Lâm Đồng,(LDO) Đam Rông 3,Hàng Mới Ca 1,2026-09-05 - Thứ 7,13,92.31%,38.46%,0.00%,20.6,5,0,12,0,8,1,7.69%,61.54%,13,Lâm Đồng,NTB,AM Chi
NTB - Lâm Đồng,(LDO) Đam Rông 3,Hàng Mới Ca 1,2026-09-09 - Thứ 4,37,91.89%,72.97%,0.00%,9.22,27,0,34,0,10,3,8.11%,27.03%,37,Lâm Đồng,NTB,AM Chi
NTB - Lâm Đồng,(LDO) Đam Rông 3,Hàng Mới Ca 1,2026-08-19 - Thứ 4,54,96.30%,68.52%,0.00%,11.86,37,0,52,0,17,2,3.70%,31.48%,54,Lâm Đồng,NTB,AM Chi
NTB - Lâm Đồng,(LDO) Đam Rông 3,Hàng Mới Ca 1,2026-08-25 - Thứ 3,50,98.00%,78.00%,0.00%,8.13,39,0,49,0,11,1,2.00%,22.00%,50,Lâm Đồng,NTB,AM Chi
NTB - Lâm Đồng,(LDO) Đam Rông 3,Hàng Mới Ca 1,2026-08-22 - Thứ 7,52,100.00%,75.00%,0.00%,8.15,39,0,52,0,13,0,0.00%,25.00%,52,Lâm Đồng,NTB,AM Chi
NTB - Lâm Đồng,(LDO) Đam Rông 3,Hàng Mới Ca 1,2026-09-01 - Thứ 3,77,83.12%,61.04%,0.00%,8.19,47,0,64,0,30,13,16.88%,38.96%,77,Lâm Đồng,NTB,AM Chi
NTB - Lâm Đồng,(LDO) Đam Rông 3,Hàng Mới Ca 1,2026-09-02 - Thứ 4,89,68.54%,53.93%,0.00%,13.4,48,0,61,0,41,28,31.46%,46.07%,89,Lâm Đồng,NTB,AM Chi
NTB - Lâm Đồng,(LDO) Đam Rông 3,Hàng Mới Ca 1,2026-09-06 - Chủ Nhật,72,97.22%,73.61%,0.00%,6.02,53,0,70,0,19,2,2.78%,26.39%,72,Lâm Đồng,NTB,AM Chi
NTB - Lâm Đồng,(LDO) Đam Rông 3,Hàng Mới Ca 1,2026-09-13 - Chủ Nhật,68,98.53%,83.82%,0.00%,12.42,57,0,67,0,11,1,1.47%,16.18%,68,Lâm Đồng,NTB,AM Chi
NTB - Lâm Đồng,(LDO) Đam Rông 3,Hàng Mới Ca 1,2026-09-08 - Thứ 3,83,96.39%,74.70%,0.00%,15.31,62,0,80,0,21,3,3.61%,25.30%,83,Lâm Đồng,NTB,AM Chi
NTB - Lâm Đồng,(LDO) Đam Rông 3,Hàng Mới Ca 1,2026-08-18 - Thứ 3,87,87.36%,71.26%,0.00%,10.74,62,0,76,0,25,11,12.64%,28.74%,87,Lâm Đồng,NTB,AM Chi
NTB - Lâm Đồng,(LDO) Đam Rông 3,Hàng Mới Ca 1,2026-08-26 - Thứ 4,91,91.21%,68.13%,0.00%,18.6,62,0,83,0,29,8,8.79%,31.87%,91,Lâm Đồng,NTB,AM Chi
NTB - Lâm Đồng,(LDO) Đam Rông 3,Hàng Mới Ca 1,2026-08-28 - Thứ 6,98,94.90%,65.31%,0.00%,17.55,64,0,93,0,34,5,5.10%,34.69%,98,Lâm Đồng,NTB,AM Chi
NTB - Lâm Đồng,(LDO) Đam Rông 3,Hàng Mới Ca 1,2026-09-12 - Thứ 7,109,88.07%,59.63%,0.00%,13.74,65,0,96,0,44,13,11.93%,40.37%,109,Lâm Đồng,NTB,AM Chi
NTB - Lâm Đồng,(LDO) Đam Rông 3,Hàng Mới Ca 1,2026-08-31 - Thứ 2,126,80.16%,57.94%,0.00%,18.47,73,0,101,0,53,25,19.84%,42.06%,126,Lâm Đồng,NTB,AM Chi
NTB - Lâm Đồng,(LDO) Đam Rông 3,Hàng Mới Ca 1,2026-09-03 - Thứ 5,100,90.00%,73.00%,0.00%,16.77,73,0,90,0,27,10,10.00%,27.00%,100,Lâm Đồng,NTB,AM Chi
NTB - Lâm Đồng,(LDO) Đam Rông 3,Hàng Mới Ca 1,2026-09-11 - Thứ 6,117,93.16%,62.39%,0.00%,18.27,73,0,109,0,44,8,6.84%,37.61%,117,Lâm Đồng,NTB,AM Chi
NTB - Lâm Đồng,(LDO) Đam Rông 3,Hàng Mới Ca 1,2026-08-29 - Thứ 7,113,85.84%,66.37%,0.00%,20.68,75,0,97,0,38,16,14.16%,33.63%,113,Lâm Đồng,NTB,AM Chi
NTB - Lâm Đồng,(LDO) Đam Rông 3,Hàng Mới Ca 1,2026-08-21 - Thứ 6,119,89.92%,63.87%,0.00%,17.8,76,0,107,0,43,12,10.08%,36.13%,119,Lâm Đồng,NTB,AM Chi
NTB - Lâm Đồng,(LDO) Đam Rông 3,Hàng Mới Ca 1,2026-08-23 - Chủ Nhật,111,99.10%,69.37%,0.00%,20.16,77,0,110,0,34,1,0.90%,30.63%,111,Lâm Đồng,NTB,AM Chi
NTB - Lâm Đồng,(LDO) Đam Rông 3,Hàng Mới Ca 2,2026-09-08 - Thứ 3,58,0.00%,0.00%,0.00%,,0,0,0,0,58,58,100.00%,100.00%,58,Lâm Đồng,NTB,AM Chi
NTB - Lâm Đồng,(LDO) Đam Rông 3,Hàng Mới Ca 2,2026-08-21 - Thứ 6,22,0.00%,0.00%,0.00%,,0,0,0,0,22,22,100.00%,100.00%,22,Lâm Đồng,NTB,AM Chi
NTB - Lâm Đồng,(LDO) Đam Rông 3,Hàng Mới Ca 2,2026-08-18 - Thứ 3,54,0.00%,0.00%,0.00%,,0,0,0,0,54,54,100.00%,100.00%,54,Lâm Đồng,NTB,AM Chi
NTB - Lâm Đồng,(LDO) Đam Rông 3,Hàng Mới Ca 2,2026-09-03 - Thứ 5,26,0.00%,0.00%,0.00%,,0,0,0,0,26,26,100.00%,100.00%,26,Lâm Đồng,NTB,AM Chi
NTB - Lâm Đồng,(LDO) Đam Rông 3,Hàng Mới Ca 2,2026-08-24 - Thứ 2,49,0.00%,0.00%,0.00%,,0,0,0,0,49,49,100.00%,100.00%,49,Lâm Đồng,NTB,AM Chi
NTB - Lâm Đồng,(LDO) Đam Rông 3,Hàng Mới Ca 2,2026-08-31 - Thứ 2,4,0.00%,0.00%,0.00%,,0,0,0,0,4,4,100.00%,100.00%,4,Lâm Đồng,NTB,AM Chi
NTB - Lâm Đồng,(LDO) Đam Rông 3,Hàng Mới Ca 2,2026-09-13 - Chủ Nhật,27,3.70%,3.70%,0.00%,5,1,0,1,0,26,26,96.30%,96.30%,27,Lâm Đồng,NTB,AM Chi
NTB - Lâm Đồng,(LDO) Đam Rông 3,Hàng Mới Ca 2,2026-09-05 - Thứ 7,67,32.84%,25.37%,0.00%,6,17,0,22,0,50,45,67.16%,74.63%,67,Lâm Đồng,NTB,AM Chi
NTB - Lâm Đồng,(LDO) Đam Rông 3,Hàng Mới Ca 2,2026-09-04 - Thứ 6,91,40.66%,34.07%,0.00%,6.45,31,0,37,0,60,54,59.34%,65.93%,91,Lâm Đồng,NTB,AM Chi
NTB - Lâm Đồng,(LDO) Đam Rông 3,Hàng Tồn,2026-08-21 - Thứ 6,52,94.23%,25.00%,3.85%,54.15,13,2,49,2,37,3,5.77%,71.15%,0,Lâm Đồng,NTB,AM Chi
NTB - Lâm Đồng,(LDO) Đam Rông 3,Hàng Tồn,2026-09-10 - Thứ 5,70,82.86%,22.86%,5.71%,57.88,16,4,58,4,50,12,17.14%,71.43%,0,Lâm Đồng,NTB,AM Chi
NTB - Lâm Đồng,(LDO) Đam Rông 3,Hàng Tồn,2026-08-23 - Chủ Nhật,66,93.94%,28.79%,6.06%,63.11,19,4,62,4,43,4,6.06%,65.15%,0,Lâm Đồng,NTB,AM Chi
NTB - Lâm Đồng,(LDO) Đam Rông 3,Hàng Tồn,2026-08-31 - Thứ 2,76,85.53%,26.32%,7.89%,56.7,20,6,65,6,50,11,14.47%,65.79%,0,Lâm Đồng,NTB,AM Chi
NTB - Lâm Đồng,(LDO) Đam Rông 3,Hàng Tồn,2026-08-27 - Thứ 5,51,100.00%,41.18%,9.80%,50.9,21,5,51,5,25,0,0.00%,49.02%,0,Lâm Đồng,NTB,AM Chi
NTB - Lâm Đồng,(LDO) Đam Rông 3,Hàng Tồn,2026-08-26 - Thứ 4,62,96.77%,33.87%,20.97%,57.33,21,13,60,13,28,2,3.23%,45.16%,0,Lâm Đồng,NTB,AM Chi
NTB - Lâm Đồng,(LDO) Đam Rông 3,Hàng Tồn,2026-08-28 - Thứ 6,53,100.00%,41.51%,7.55%,49.45,22,4,53,4,27,0,0.00%,50.94%,0,Lâm Đồng,NTB,AM Chi
NTB - Lâm Đồng,(LDO) Đam Rông 3,Hàng Tồn,2026-08-29 - Thứ 7,64,89.06%,35.94%,4.69%,59.35,23,3,57,3,38,7,10.94%,59.37%,0,Lâm Đồng,NTB,AM Chi
NTB - Lâm Đồng,(LDO) Đam Rông 3,Hàng Tồn,2026-09-02 - Thứ 4,80,67.50%,30.00%,7.50%,53.38,24,6,54,6,50,26,32.50%,62.50%,0,Lâm Đồng,NTB,AM Chi
NTB - Lâm Đồng,(LDO) Đam Rông 3,Hàng Tồn,2026-08-24 - Thứ 2,73,100.00%,32.88%,9.59%,64.13,24,7,73,7,42,0,0.00%,57.53%,0,Lâm Đồng,NTB,AM Chi
NTB - Lâm Đồng,(LDO) Đam Rông 3,Hàng Tồn,2026-09-07 - Thứ 2,69,98.55%,36.23%,8.70%,54.64,25,6,68,6,38,1,1.45%,55.07%,0,Lâm Đồng,NTB,AM Chi
NTB - Lâm Đồng,(LDO) Đam Rông 3,Hàng Tồn,2026-08-17 - Thứ 2,88,96.59%,29.55%,11.36%,53.04,26,10,85,10,52,3,3.41%,59.09%,0,Lâm Đồng,NTB,AM Chi
NTB - Lâm Đồng,(LDO) Đam Rông 3,Hàng Tồn,2026-09-11 - Thứ 6,95,90.53%,27.37%,8.42%,46.19,26,8,86,8,61,9,9.47%,64.21%,0,Lâm Đồng,NTB,AM Chi
NTB - Lâm Đồng,(LDO) Đam Rông 3,Hàng Tồn,2026-08-30 - Chủ Nhật,77,89.61%,38.96%,1.30%,55.87,30,1,69,1,46,8,10.39%,59.74%,0,Lâm Đồng,NTB,AM Chi
NTB - Lâm Đồng,(LDO) Đam Rông 3,Hàng Tồn,2026-09-03 - Thứ 5,89,65.17%,33.71%,3.37%,58.83,30,3,58,3,56,31,34.83%,62.92%,0,Lâm Đồng,NTB,AM Chi
NTB - Lâm Đồng,(LDO) Đam Rông 3,Hàng Tồn,2026-09-08 - Thứ 3,87,89.66%,40.23%,6.90%,51.06,35,6,78,6,46,9,10.34%,52.87%,0,Lâm Đồng,NTB,AM Chi
NTB - Lâm Đồng,(LDO) Đam Rông 3,Hàng Tồn,2026-08-20 - Thứ 5,71,98.59%,50.70%,12.68%,56.72,36,9,70,9,26,1,1.41%,36.62%,0,Lâm Đồng,NTB,AM Chi
NTB - Lâm Đồng,(LDO) Đam Rông 3,Hàng Tồn,2026-08-22 - Thứ 7,98,94.90%,37.76%,5.10%,37.81,37,5,93,5,56,5,5.10%,57.14%,0,Lâm Đồng,NTB,AM Chi
NTB - Lâm Đồng,(LDO) Đam Rông 3,Hàng Tồn,2026-09-13 - Chủ Nhật,86,98.84%,46.51%,2.33%,48.6,40,2,85,2,44,1,1.16%,51.16%,0,Lâm Đồng,NTB,AM Chi
NTB - Lâm Đồng,(LDO) Đam Rông 3,Hàng Tồn,2026-09-04 - Thứ 6,110,70.91%,39.09%,5.45%,44.47,43,6,78,6,61,32,29.09%,55.46%,0,Lâm Đồng,NTB,AM Chi
NTB - Lâm Đồng,(LDO) Đam Rông 3,Hàng Tồn,2026-09-12 - Thứ 7,99,96.97%,44.44%,13.13%,59.82,44,13,96,13,42,3,3.03%,42.43%,0,Lâm Đồng,NTB,AM Chi
NTB - Lâm Đồng,(LDO) Đam Rông 3,Hàng Tồn,2026-09-01 - Thứ 3,108,80.56%,40.74%,7.41%,49.02,44,8,87,8,56,21,19.44%,51.85%,0,Lâm Đồng,NTB,AM Chi
NTB - Lâm Đồng,(LDO) Đam Rông 3,Hàng Tồn,2026-08-18 - Thứ 3,97,87.63%,47.42%,9.28%,61.5,46,9,85,9,42,12,12.37%,43.30%,0,Lâm Đồng,NTB,AM Chi
NTB - Lâm Đồng,(LDO) Đam Rông 3,Hàng Tồn,2026-08-19 - Thứ 4,118,85.59%,46.61%,5.93%,32.2,55,7,101,7,56,17,14.41%,47.46%,0,Lâm Đồng,NTB,AM Chi
NTB - Lâm Đồng,(LDO) Đam Rông 3,Hàng Tồn,2026-09-09 - Thứ 4,123,91.87%,44.72%,4.88%,31.84,55,6,113,6,62,10,8.13%,50.40%,0,Lâm Đồng,NTB,AM Chi
NTB - Lâm Đồng,(LDO) Đam Rông 3,Hàng Tồn,2026-08-25 - Thứ 3,109,100.00%,54.13%,0.92%,36.08,59,1,109,1,49,0,0.00%,44.95%,0,Lâm Đồng,NTB,AM Chi
NTB - Lâm Đồng,(LDO) Đam Rông 3,Hàng Tồn,2026-09-05 - Thứ 7,121,85.95%,50.41%,2.48%,57.36,61,3,104,3,57,17,14.05%,47.11%,0,Lâm Đồng,NTB,AM Chi
NTB - Lâm Đồng,(LDO) Đam Rông 3,Hàng Tồn,2026-09-06 - Chủ Nhật,124,98.39%,56.45%,5.65%,38.74,70,7,122,7,47,2,1.61%,37.90%,0,Lâm Đồng,NTB,AM Chi
NTB - Lâm Đồng,(LDO) Xuân Trường - Đà Lạt,Hàng Mới Ca 1,2026-09-09 - Thứ 4,22,100.00%,72.73%,0.00%,5.69,16,0,22,0,6,0,0.00%,27.27%,22,Lâm Đồng,NTB,AM Trường
NTB - Lâm Đồng,(LDO) Xuân Trường - Đà Lạt,Hàng Mới Ca 1,2026-09-13 - Chủ Nhật,22,90.91%,77.27%,0.00%,5.76,17,0,20,0,5,2,9.09%,22.73%,22,Lâm Đồng,NTB,AM Trường
NTB - Lâm Đồng,(LDO) Xuân Trường - Đà Lạt,Hàng Mới Ca 1,2026-09-08 - Thứ 3,23,82.61%,78.26%,0.00%,6,18,0,19,0,5,4,17.39%,21.74%,23,Lâm Đồng,NTB,AM Trường
NTB - Lâm Đồng,(LDO) Xuân Trường - Đà Lạt,Hàng Mới Ca 1,2026-08-31 - Thứ 2,45,71.11%,40.00%,0.00%,15.67,18,0,32,0,27,13,28.89%,60.00%,45,Lâm Đồng,NTB,AM Trường
NTB - Lâm Đồng,(LDO) Xuân Trường - Đà Lạt,Hàng Mới Ca 1,2026-08-30 - Chủ Nhật,45,62.22%,46.67%,0.00%,19.48,21,0,28,0,24,17,37.78%,53.33%,45,Lâm Đồng,NTB,AM Trường
NTB - Lâm Đồng,(LDO) Xuân Trường - Đà Lạt,Hàng Mới Ca 1,2026-09-07 - Thứ 2,27,100.00%,88.89%,0.00%,6.79,24,0,27,0,3,0,0.00%,11.11%,27,Lâm Đồng,NTB,AM Trường
NTB - Lâm Đồng,(LDO) Xuân Trường - Đà Lạt,Hàng Mới Ca 1,2026-08-26 - Thứ 4,53,60.38%,49.06%,0.00%,13.58,26,0,32,0,27,21,39.62%,50.94%,53,Lâm Đồng,NTB,AM Trường
NTB - Lâm Đồng,(LDO) Xuân Trường - Đà Lạt,Hàng Mới Ca 1,2026-09-12 - Thứ 7,33,100.00%,78.79%,0.00%,6.38,26,0,33,0,7,0,0.00%,21.21%,33,Lâm Đồng,NTB,AM Trường
NTB - Lâm Đồng,(LDO) Xuân Trường - Đà Lạt,Hàng Mới Ca 1,2026-08-29 - Thứ 7,58,51.72%,48.28%,0.00%,12.68,28,0,30,0,30,28,48.28%,51.72%,58,Lâm Đồng,NTB,AM Trường
NTB - Lâm Đồng,(LDO) Xuân Trường - Đà Lạt,Hàng Mới Ca 1,2026-09-04 - Thứ 6,34,100.00%,82.35%,0.00%,11.04,28,0,34,0,6,0,0.00%,17.65%,34,Lâm Đồng,NTB,AM Trường
NTB - Lâm Đồng,(LDO) Xuân Trường - Đà Lạt,Hàng Mới Ca 1,2026-08-24 - Thứ 2,46,73.91%,63.04%,0.00%,14.38,29,0,34,0,17,12,26.09%,36.96%,46,Lâm Đồng,NTB,AM Trường
NTB - Lâm Đồng,(LDO) Xuân Trường - Đà Lạt,Hàng Mới Ca 1,2026-08-23 - Chủ Nhật,56,57.14%,55.36%,0.00%,16.26,31,0,32,0,25,24,42.86%,44.64%,56,Lâm Đồng,NTB,AM Trường
NTB - Lâm Đồng,(LDO) Xuân Trường - Đà Lạt,Hàng Mới Ca 1,2026-09-11 - Thứ 6,34,100.00%,91.18%,0.00%,5.87,31,0,34,0,3,0,0.00%,8.82%,34,Lâm Đồng,NTB,AM Trường
NTB - Lâm Đồng,(LDO) Xuân Trường - Đà Lạt,Hàng Mới Ca 1,2026-08-18 - Thứ 3,41,100.00%,90.24%,0.00%,16.11,37,0,41,0,4,0,0.00%,9.76%,41,Lâm Đồng,NTB,AM Trường
NTB - Lâm Đồng,(LDO) Xuân Trường - Đà Lạt,Hàng Mới Ca 1,2026-09-01 - Thứ 3,60,88.33%,63.33%,0.00%,7.89,38,0,53,0,22,7,11.67%,36.67%,60,Lâm Đồng,NTB,AM Trường
NTB - Lâm Đồng,(LDO) Xuân Trường - Đà Lạt,Hàng Mới Ca 1,2026-09-03 - Thứ 5,42,100.00%,92.86%,0.00%,10.85,39,0,42,0,3,0,0.00%,7.14%,42,Lâm Đồng,NTB,AM Trường
NTB - Lâm Đồng,(LDO) Xuân Trường - Đà Lạt,Hàng Mới Ca 1,2026-08-17 - Thứ 2,46,95.65%,86.96%,0.00%,14.53,40,0,44,0,6,2,4.35%,13.04%,46,Lâm Đồng,NTB,AM Trường
NTB - Lâm Đồng,(LDO) Xuân Trường - Đà Lạt,Hàng Mới Ca 1,2026-09-05 - Thứ 7,49,100.00%,83.67%,0.00%,12.02,41,0,49,0,8,0,0.00%,16.33%,49,Lâm Đồng,NTB,AM Trường
NTB - Lâm Đồng,(LDO) Xuân Trường - Đà Lạt,Hàng Mới Ca 1,2026-08-19 - Thứ 4,55,98.18%,76.36%,0.00%,9.98,42,0,54,0,13,1,1.82%,23.64%,55,Lâm Đồng,NTB,AM Trường
NTB - Lâm Đồng,(LDO) Xuân Trường - Đà Lạt,Hàng Mới Ca 1,2026-09-02 - Thứ 4,53,98.11%,84.91%,0.00%,11,45,0,52,0,8,1,1.89%,15.09%,53,Lâm Đồng,NTB,AM Trường
NTB - Lâm Đồng,(LDO) Xuân Trường - Đà Lạt,Hàng Mới Ca 1,2026-09-06 - Chủ Nhật,60,96.67%,78.33%,0.00%,6.57,47,0,58,0,13,2,3.33%,21.67%,60,Lâm Đồng,NTB,AM Trường
NTB - Lâm Đồng,(LDO) Xuân Trường - Đà Lạt,Hàng Mới Ca 1,2026-08-21 - Thứ 6,62,87.10%,79.03%,0.00%,8.51,49,0,54,0,13,8,12.90%,20.97%,62,Lâm Đồng,NTB,AM Trường
NTB - Lâm Đồng,(LDO) Xuân Trường - Đà Lạt,Hàng Mới Ca 1,2026-08-22 - Thứ 7,69,81.16%,72.46%,0.00%,11.82,50,0,56,0,19,13,18.84%,27.54%,69,Lâm Đồng,NTB,AM Trường
NTB - Lâm Đồng,(LDO) Xuân Trường - Đà Lạt,Hàng Mới Ca 1,2026-08-27 - Thứ 5,70,87.14%,74.29%,0.00%,17.38,52,0,61,0,18,9,12.86%,25.71%,70,Lâm Đồng,NTB,AM Trường
NTB - Lâm Đồng,(LDO) Xuân Trường - Đà Lạt,Hàng Mới Ca 1,2026-08-25 - Thứ 3,67,86.57%,79.10%,0.00%,11.28,53,0,58,0,14,9,13.43%,20.90%,67,Lâm Đồng,NTB,AM Trường
NTB - Lâm Đồng,(LDO) Xuân Trường - Đà Lạt,Hàng Mới Ca 1,2026-09-10 - Thứ 5,65,98.46%,84.62%,0.00%,6.53,55,0,64,0,10,1,1.54%,15.38%,65,Lâm Đồng,NTB,AM Trường
NTB - Lâm Đồng,(LDO) Xuân Trường - Đà Lạt,Hàng Mới Ca 1,2026-08-20 - Thứ 5,63,96.83%,90.48%,0.00%,16.07,57,0,61,0,6,2,3.17%,9.52%,63,Lâm Đồng,NTB,AM Trường
NTB - Lâm Đồng,(LDO) Xuân Trường - Đà Lạt,Hàng Mới Ca 1,2026-08-28 - Thứ 6,68,94.12%,86.76%,0.00%,13.83,59,0,64,0,9,4,5.88%,13.24%,68,Lâm Đồng,NTB,AM Trường
NTB - Lâm Đồng,(LDO) Xuân Trường - Đà Lạt,Hàng Mới Ca 2,2026-09-08 - Thứ 3,37,0.00%,0.00%,0.00%,,0,0,0,0,37,37,100.00%,100.00%,37,Lâm Đồng,NTB,AM Trường
NTB - Lâm Đồng,(LDO) Xuân Trường - Đà Lạt,Hàng Mới Ca 2,2026-08-20 - Thứ 5,17,0.00%,0.00%,0.00%,,0,0,0,0,17,17,100.00%,100.00%,17,Lâm Đồng,NTB,AM Trường
NTB - Lâm Đồng,(LDO) Xuân Trường - Đà Lạt,Hàng Mới Ca 2,2026-08-30 - Chủ Nhật,29,0.00%,0.00%,0.00%,,0,0,0,0,29,29,100.00%,100.00%,29,Lâm Đồng,NTB,AM Trường
NTB - Lâm Đồng,(LDO) Xuân Trường - Đà Lạt,Hàng Mới Ca 2,2026-08-19 - Thứ 4,35,0.00%,0.00%,0.00%,,0,0,0,0,35,35,100.00%,100.00%,35,Lâm Đồng,NTB,AM Trường
NTB - Lâm Đồng,(LDO) Xuân Trường - Đà Lạt,Hàng Mới Ca 2,2026-09-04 - Thứ 6,26,0.00%,0.00%,0.00%,,0,0,0,0,26,26,100.00%,100.00%,26,Lâm Đồng,NTB,AM Trường
NTB - Lâm Đồng,(LDO) Xuân Trường - Đà Lạt,Hàng Mới Ca 2,2026-09-02 - Thứ 4,22,0.00%,0.00%,0.00%,,0,0,0,0,22,22,100.00%,100.00%,22,Lâm Đồng,NTB,AM Trường
NTB - Lâm Đồng,(LDO) Xuân Trường - Đà Lạt,Hàng Mới Ca 2,2026-08-25 - Thứ 3,21,0.00%,0.00%,0.00%,,0,0,0,0,21,21,100.00%,100.00%,21,Lâm Đồng,NTB,AM Trường
NTB - Lâm Đồng,(LDO) Xuân Trường - Đà Lạt,Hàng Mới Ca 2,2026-09-12 - Thứ 7,47,0.00%,0.00%,0.00%,,0,0,0,0,47,47,100.00%,100.00%,47,Lâm Đồng,NTB,AM Trường
NTB - Lâm Đồng,(LDO) Xuân Trường - Đà Lạt,Hàng Mới Ca 2,2026-09-09 - Thứ 4,53,0.00%,0.00%,0.00%,,0,0,0,0,53,53,100.00%,100.00%,53,Lâm Đồng,NTB,AM Trường
NTB - Lâm Đồng,(LDO) Xuân Trường - Đà Lạt,Hàng Mới Ca 2,2026-08-23 - Chủ Nhật,29,0.00%,0.00%,0.00%,,0,0,0,0,29,29,100.00%,100.00%,29,Lâm Đồng,NTB,AM Trường
NTB - Lâm Đồng,(LDO) Xuân Trường - Đà Lạt,Hàng Mới Ca 2,2026-08-31 - Thứ 2,9,0.00%,0.00%,0.00%,,0,0,0,0,9,9,100.00%,100.00%,9,Lâm Đồng,NTB,AM Trường
NTB - Lâm Đồng,(LDO) Xuân Trường - Đà Lạt,Hàng Mới Ca 2,2026-08-21 - Thứ 6,12,0.00%,0.00%,0.00%,,0,0,0,0,12,12,100.00%,100.00%,12,Lâm Đồng,NTB,AM Trường
NTB - Lâm Đồng,(LDO) Xuân Trường - Đà Lạt,Hàng Mới Ca 2,2026-08-18 - Thứ 3,29,0.00%,0.00%,0.00%,,0,0,0,0,29,29,100.00%,100.00%,29,Lâm Đồng,NTB,AM Trường
NTB - Lâm Đồng,(LDO) Xuân Trường - Đà Lạt,Hàng Mới Ca 2,2026-09-05 - Thứ 7,22,4.55%,0.00%,0.00%,,0,0,1,0,22,21,95.45%,100.00%,22,Lâm Đồng,NTB,AM Trường
NTB - Lâm Đồng,(LDO) Xuân Trường - Đà Lạt,Hàng Mới Ca 2,2026-08-28 - Thứ 6,33,0.00%,0.00%,0.00%,,0,0,0,0,33,33,100.00%,100.00%,33,Lâm Đồng,NTB,AM Trường
NTB - Lâm Đồng,(LDO) Xuân Trường - Đà Lạt,Hàng Mới Ca 2,2026-09-03 - Thứ 5,13,0.00%,0.00%,0.00%,,0,0,0,0,13,13,100.00%,100.00%,13,Lâm Đồng,NTB,AM Trường
NTB - Lâm Đồng,(LDO) Xuân Trường - Đà Lạt,Hàng Mới Ca 2,2026-08-26 - Thứ 4,27,0.00%,0.00%,0.00%,,0,0,0,0,27,27,100.00%,100.00%,27,Lâm Đồng,NTB,AM Trường
NTB - Lâm Đồng,(LDO) Xuân Trường - Đà Lạt,Hàng Mới Ca 2,2026-09-13 - Chủ Nhật,26,0.00%,0.00%,0.00%,,0,0,0,0,26,26,100.00%,100.00%,26,Lâm Đồng,NTB,AM Trường
NTB - Lâm Đồng,(LDO) Xuân Trường - Đà Lạt,Hàng Mới Ca 2,2026-09-11 - Thứ 6,55,0.00%,0.00%,0.00%,,0,0,0,0,55,55,100.00%,100.00%,55,Lâm Đồng,NTB,AM Trường
NTB - Lâm Đồng,(LDO) Xuân Trường - Đà Lạt,Hàng Mới Ca 2,2026-08-24 - Thứ 2,13,0.00%,0.00%,0.00%,,0,0,0,0,13,13,100.00%,100.00%,13,Lâm Đồng,NTB,AM Trường
NTB - Lâm Đồng,(LDO) Xuân Trường - Đà Lạt,Hàng Mới Ca 2,2026-09-01 - Thứ 3,22,0.00%,0.00%,0.00%,,0,0,0,0,22,22,100.00%,100.00%,22,Lâm Đồng,NTB,AM Trường
NTB - Lâm Đồng,(LDO) Xuân Trường - Đà Lạt,Hàng Mới Ca 2,2026-08-22 - Thứ 7,19,0.00%,0.00%,0.00%,,0,0,0,0,19,19,100.00%,100.00%,19,Lâm Đồng,NTB,AM Trường
NTB - Lâm Đồng,(LDO) Xuân Trường - Đà Lạt,Hàng Mới Ca 2,2026-08-17 - Thứ 2,5,0.00%,0.00%,0.00%,,0,0,0,0,5,5,100.00%,100.00%,5,Lâm Đồng,NTB,AM Trường
NTB - Lâm Đồng,(LDO) Xuân Trường - Đà Lạt,Hàng Mới Ca 2,2026-09-10 - Thứ 5,32,0.00%,0.00%,0.00%,,0,0,0,0,32,32,100.00%,100.00%,32,Lâm Đồng,NTB,AM Trường
NTB - Lâm Đồng,(LDO) Xuân Trường - Đà Lạt,Hàng Mới Ca 2,2026-09-07 - Thứ 2,47,0.00%,0.00%,0.00%,,0,0,0,0,47,47,100.00%,100.00%,47,Lâm Đồng,NTB,AM Trường
NTB - Lâm Đồng,(LDO) Xuân Trường - Đà Lạt,Hàng Mới Ca 2,2026-08-29 - Thứ 7,44,2.27%,2.27%,0.00%,6,1,0,1,0,43,43,97.73%,97.73%,44,Lâm Đồng,NTB,AM Trường
NTB - Lâm Đồng,(LDO) Xuân Trường - Đà Lạt,Hàng Mới Ca 2,2026-09-06 - Chủ Nhật,55,5.45%,3.64%,0.00%,4,2,0,3,0,53,52,94.55%,96.36%,55,Lâm Đồng,NTB,AM Trường
NTB - Lâm Đồng,(LDO) Xuân Trường - Đà Lạt,Hàng Mới Ca 2,2026-08-27 - Thứ 5,41,4.88%,4.88%,0.00%,4,2,0,2,0,39,39,95.12%,95.12%,41,Lâm Đồng,NTB,AM Trường
NTB - Lâm Đồng,(LDO) Xuân Trường - Đà Lạt,Hàng Tồn,2026-08-22 - Thứ 7,40,75.00%,35.00%,7.50%,34.21,14,3,30,3,23,10,25.00%,57.50%,0,Lâm Đồng,NTB,AM Trường
NTB - Lâm Đồng,(LDO) Xuân Trường - Đà Lạt,Hàng Tồn,2026-09-04 - Thứ 6,36,100.00%,41.67%,11.11%,32.8,15,4,36,4,17,0,0.00%,47.22%,0,Lâm Đồng,NTB,AM Trường
NTB - Lâm Đồng,(LDO) Xuân Trường - Đà Lạt,Hàng Tồn,2026-08-21 - Thứ 6,38,89.47%,50.00%,2.63%,34.05,19,1,34,1,18,4,10.53%,47.37%,0,Lâm Đồng,NTB,AM Trường
NTB - Lâm Đồng,(LDO) Xuân Trường - Đà Lạt,Hàng Tồn,2026-08-18 - Thứ 3,32,100.00%,59.38%,3.13%,47.74,19,1,32,1,12,0,0.00%,37.49%,0,Lâm Đồng,NTB,AM Trường
NTB - Lâm Đồng,(LDO) Xuân Trường - Đà Lạt,Hàng Tồn,2026-08-19 - Thứ 4,46,95.65%,52.17%,2.17%,36.08,24,1,44,1,21,2,4.35%,45.66%,0,Lâm Đồng,NTB,AM Trường
NTB - Lâm Đồng,(LDO) Xuân Trường - Đà Lạt,Hàng Tồn,2026-08-25 - Thứ 3,72,45.83%,33.33%,1.39%,35.5,24,1,33,1,47,39,54.17%,65.28%,0,Lâm Đồng,NTB,AM Trường
NTB - Lâm Đồng,(LDO) Xuân Trường - Đà Lạt,Hàng Tồn,2026-08-23 - Chủ Nhật,61,59.02%,42.62%,1.64%,33.62,26,1,36,1,34,25,40.98%,55.74%,0,Lâm Đồng,NTB,AM Trường
NTB - Lâm Đồng,(LDO) Xuân Trường - Đà Lạt,Hàng Tồn,2026-09-05 - Thứ 7,47,97.87%,57.45%,6.38%,30.19,27,3,46,3,17,1,2.13%,36.17%,0,Lâm Đồng,NTB,AM Trường
NTB - Lâm Đồng,(LDO) Xuân Trường - Đà Lạt,Hàng Tồn,2026-09-03 - Thứ 5,53,100.00%,58.49%,3.77%,41.94,31,2,53,2,20,0,0.00%,37.74%,0,Lâm Đồng,NTB,AM Trường
NTB - Lâm Đồng,(LDO) Xuân Trường - Đà Lạt,Hàng Tồn,2026-08-26 - Thứ 4,83,75.90%,42.17%,4.82%,93.71,35,4,63,4,44,20,24.10%,53.01%,0,Lâm Đồng,NTB,AM Trường
NTB - Lâm Đồng,(LDO) Xuân Trường - Đà Lạt,Hàng Tồn,2026-09-08 - Thứ 3,75,85.33%,49.33%,1.33%,31.84,37,1,64,1,37,11,14.67%,49.34%,0,Lâm Đồng,NTB,AM Trường
NTB - Lâm Đồng,(LDO) Xuân Trường - Đà Lạt,Hàng Tồn,2026-09-06 - Chủ Nhật,63,98.41%,60.32%,4.76%,31,38,3,62,3,22,1,1.59%,34.92%,0,Lâm Đồng,NTB,AM Trường
NTB - Lâm Đồng,(LDO) Xuân Trường - Đà Lạt,Hàng Tồn,2026-08-24 - Thứ 2,88,59.09%,43.18%,3.41%,33.42,38,3,52,3,47,36,40.91%,53.41%,0,Lâm Đồng,NTB,AM Trường
NTB - Lâm Đồng,(LDO) Xuân Trường - Đà Lạt,Hàng Tồn,2026-09-02 - Thứ 4,68,100.00%,57.35%,4.41%,41.51,39,3,68,3,26,0,0.00%,38.24%,0,Lâm Đồng,NTB,AM Trường
NTB - Lâm Đồng,(LDO) Xuân Trường - Đà Lạt,Hàng Tồn,2026-09-13 - Chủ Nhật,77,81.82%,50.65%,1.30%,29.08,39,1,63,1,37,14,18.18%,48.05%,0,Lâm Đồng,NTB,AM Trường
NTB - Lâm Đồng,(LDO) Xuân Trường - Đà Lạt,Hàng Tồn,2026-08-17 - Thứ 2,63,93.65%,63.49%,1.59%,44.33,40,1,59,1,22,4,6.35%,34.92%,0,Lâm Đồng,NTB,AM Trường
NTB - Lâm Đồng,(LDO) Xuân Trường - Đà Lạt,Hàng Tồn,2026-09-01 - Thứ 3,68,91.18%,60.29%,2.94%,45.51,41,2,62,2,25,6,8.82%,36.77%,0,Lâm Đồng,NTB,AM Trường
NTB - Lâm Đồng,(LDO) Xuân Trường - Đà Lạt,Hàng Tồn,2026-09-11 - Thứ 6,64,100.00%,65.63%,6.25%,32.5,42,4,64,4,18,0,0.00%,28.12%,0,Lâm Đồng,NTB,AM Trường
NTB - Lâm Đồng,(LDO) Xuân Trường - Đà Lạt,Hàng Tồn,2026-08-29 - Thứ 7,74,89.19%,60.81%,1.35%,41.09,45,1,66,1,28,8,10.81%,37.84%,0,Lâm Đồng,NTB,AM Trường
NTB - Lâm Đồng,(LDO) Xuân Trường - Đà Lạt,Hàng Tồn,2026-09-12 - Thứ 7,75,98.67%,62.67%,2.67%,28.83,47,2,74,2,26,1,1.33%,34.66%,0,Lâm Đồng,NTB,AM Trường
NTB - Lâm Đồng,(LDO) Xuân Trường - Đà Lạt,Hàng Tồn,2026-08-28 - Thứ 6,84,84.52%,57.14%,4.76%,33.54,48,4,71,4,32,13,15.48%,38.10%,0,Lâm Đồng,NTB,AM Trường
NTB - Lâm Đồng,(LDO) Xuân Trường - Đà Lạt,Hàng Tồn,2026-08-20 - Thứ 5,67,100.00%,73.13%,5.97%,32.06,49,4,67,4,14,0,0.00%,20.90%,0,Lâm Đồng,NTB,AM Trường
NTB - Lâm Đồng,(LDO) Xuân Trường - Đà Lạt,Hàng Tồn,2026-09-09 - Thứ 4,76,98.68%,64.47%,2.63%,31.47,49,2,75,2,25,1,1.32%,32.90%,0,Lâm Đồng,NTB,AM Trường
NTB - Lâm Đồng,(LDO) Xuân Trường - Đà Lạt,Hàng Tồn,2026-08-31 - Thứ 2,88,79.55%,55.68%,4.55%,47.92,49,4,70,4,35,18,20.45%,39.77%,0,Lâm Đồng,NTB,AM Trường
NTB - Lâm Đồng,(LDO) Xuân Trường - Đà Lạt,Hàng Tồn,2026-09-10 - Thứ 5,82,100.00%,64.63%,3.66%,30.79,53,3,82,3,26,0,0.00%,31.71%,0,Lâm Đồng,NTB,AM Trường
NTB - Lâm Đồng,(LDO) Xuân Trường - Đà Lạt,Hàng Tồn,2026-08-30 - Chủ Nhật,98,81.63%,55.10%,2.04%,37.85,54,2,80,2,42,18,18.37%,42.86%,0,Lâm Đồng,NTB,AM Trường
NTB - Lâm Đồng,(LDO) Xuân Trường - Đà Lạt,Hàng Tồn,2026-09-07 - Thứ 2,87,98.85%,63.22%,4.60%,29.93,55,4,86,4,28,1,1.15%,32.18%,0,Lâm Đồng,NTB,AM Trường
NTB - Lâm Đồng,(LDO) Xuân Trường - Đà Lạt,Hàng Tồn,2026-08-27 - Thứ 5,99,89.90%,69.70%,2.02%,52.48,69,2,89,2,28,10,10.10%,28.28%,0,Lâm Đồng,NTB,AM Trường
NTB - Lâm Đồng,(LDO) Xuân Hương - Đà Lạt,Hàng Mới Ca 1,2026-09-05 - Thứ 7,98,77.55%,68.37%,0.00%,14.42,67,0,76,0,31,22,22.45%,31.63%,98,Lâm Đồng,NTB,AM Trường
NTB - Lâm Đồng,(LDO) Xuân Hương - Đà Lạt,Hàng Mới Ca 1,2026-08-28 - Thứ 6,121,79.34%,73.55%,0.00%,13.04,89,0,96,0,32,25,20.66%,26.45%,121,Lâm Đồng,NTB,AM Trường
NTB - Lâm Đồng,(LDO) Xuân Hương - Đà Lạt,Hàng Mới Ca 1,2026-08-26 - Thứ 4,111,76.58%,64.86%,0.00%,15.61,72,0,85,0,39,26,23.42%,35.14%,111,Lâm Đồng,NTB,AM Trường
NTB - Lâm Đồng,(LDO) Xuân Hương - Đà Lạt,Hàng Mới Ca 1,2026-09-13 - Chủ Nhật,91,27.47%,19.78%,0.00%,15.94,18,0,25,0,73,66,72.53%,80.22%,91,Lâm Đồng,NTB,AM Trường
NTB - Lâm Đồng,(LDO) Xuân Hương - Đà Lạt,Hàng Mới Ca 1,2026-08-30 - Chủ Nhật,36,72.22%,52.78%,0.00%,5.53,19,0,26,0,17,10,27.78%,47.22%,36,Lâm Đồng,NTB,AM Trường
NTB - Lâm Đồng,(LDO) Xuân Hương - Đà Lạt,Hàng Mới Ca 1,2026-08-17 - Thứ 2,31,83.87%,61.29%,0.00%,4.95,19,0,26,0,12,5,16.13%,38.71%,31,Lâm Đồng,NTB,AM Trường
NTB - Lâm Đồng,(LDO) Xuân Hương - Đà Lạt,Hàng Mới Ca 1,2026-08-21 - Thứ 6,47,48.94%,40.43%,0.00%,7.42,19,0,23,0,28,24,51.06%,59.57%,47,Lâm Đồng,NTB,AM Trường
NTB - Lâm Đồng,(LDO) Xuân Hương - Đà Lạt,Hàng Mới Ca 1,2026-09-08 - Thứ 3,90,37.78%,28.89%,0.00%,16.69,26,0,34,0,64,56,62.22%,71.11%,90,Lâm Đồng,NTB,AM Trường
NTB - Lâm Đồng,(LDO) Xuân Hương - Đà Lạt,Hàng Mới Ca 1,2026-08-31 - Thứ 2,39,76.92%,66.67%,0.00%,6.04,26,0,30,0,13,9,23.08%,33.33%,39,Lâm Đồng,NTB,AM Trường
NTB - Lâm Đồng,(LDO) Xuân Hương - Đà Lạt,Hàng Mới Ca 1,2026-08-23 - Chủ Nhật,46,76.09%,60.87%,0.00%,6.11,28,0,35,0,18,11,23.91%,39.13%,46,Lâm Đồng,NTB,AM Trường
NTB - Lâm Đồng,(LDO) Xuân Hương - Đà Lạt,Hàng Mới Ca 1,2026-08-20 - Thứ 5,42,85.71%,71.43%,0.00%,4.17,30,0,36,0,12,6,14.29%,28.57%,42,Lâm Đồng,NTB,AM Trường
NTB - Lâm Đồng,(LDO) Xuân Hương - Đà Lạt,Hàng Mới Ca 1,2026-08-19 - Thứ 4,54,74.07%,57.41%,0.00%,4.42,31,0,40,0,23,14,25.93%,42.59%,54,Lâm Đồng,NTB,AM Trường
NTB - Lâm Đồng,(LDO) Xuân Hương - Đà Lạt,Hàng Mới Ca 1,2026-08-24 - Thứ 2,52,69.23%,61.54%,0.00%,10.81,32,0,36,0,20,16,30.77%,38.46%,52,Lâm Đồng,NTB,AM Trường
NTB - Lâm Đồng,(LDO) Xuân Hương - Đà Lạt,Hàng Mới Ca 1,2026-08-25 - Thứ 3,49,69.39%,67.35%,0.00%,8.03,33,0,34,0,16,15,30.61%,32.65%,49,Lâm Đồng,NTB,AM Trường
NTB - Lâm Đồng,(LDO) Xuân Hương - Đà Lạt,Hàng Mới Ca 1,2026-09-12 - Thứ 7,107,40.19%,30.84%,0.00%,17.27,33,0,43,0,74,64,59.81%,69.16%,107,Lâm Đồng,NTB,AM Trường
NTB - Lâm Đồng,(LDO) Xuân Hương - Đà Lạt,Hàng Mới Ca 1,2026-09-11 - Thứ 6,116,41.38%,32.76%,0.00%,14.53,38,0,48,0,78,68,58.62%,67.24%,116,Lâm Đồng,NTB,AM Trường
NTB - Lâm Đồng,(LDO) Xuân Hương - Đà Lạt,Hàng Mới Ca 1,2026-09-09 - Thứ 4,85,52.94%,45.88%,0.00%,14.51,39,0,45,0,46,40,47.06%,54.12%,85,Lâm Đồng,NTB,AM Trường
NTB - Lâm Đồng,(LDO) Xuân Hương - Đà Lạt,Hàng Mới Ca 1,2026-09-04 - Thứ 6,65,84.62%,61.54%,0.00%,14.68,40,0,55,0,25,10,15.38%,38.46%,65,Lâm Đồng,NTB,AM Trường
NTB - Lâm Đồng,(LDO) Xuân Hương - Đà Lạt,Hàng Mới Ca 1,2026-09-01 - Thứ 3,85,75.29%,56.47%,0.00%,8.79,48,0,64,0,37,21,24.71%,43.53%,85,Lâm Đồng,NTB,AM Trường
NTB - Lâm Đồng,(LDO) Xuân Hương - Đà Lạt,Hàng Mới Ca 1,2026-08-22 - Thứ 7,87,66.67%,56.32%,0.00%,6.04,49,0,58,0,38,29,33.33%,43.68%,87,Lâm Đồng,NTB,AM Trường
NTB - Lâm Đồng,(LDO) Xuân Hương - Đà Lạt,Hàng Mới Ca 1,2026-09-03 - Thứ 5,77,84.42%,66.23%,0.00%,19.94,51,0,65,0,26,12,15.58%,33.77%,77,Lâm Đồng,NTB,AM Trường
NTB - Lâm Đồng,(LDO) Xuân Hương - Đà Lạt,Hàng Mới Ca 1,2026-09-02 - Thứ 4,82,74.39%,67.07%,0.00%,15.35,55,0,61,0,27,21,25.61%,32.93%,82,Lâm Đồng,NTB,AM Trường
NTB - Lâm Đồng,(LDO) Xuân Hương - Đà Lạt,Hàng Mới Ca 1,2026-09-07 - Thứ 2,103,66.02%,56.31%,0.00%,17.69,58,0,68,0,45,35,33.98%,43.69%,103,Lâm Đồng,NTB,AM Trường
NTB - Lâm Đồng,(LDO) Xuân Hương - Đà Lạt,Hàng Mới Ca 1,2026-09-10 - Thứ 5,142,50.00%,41.55%,0.00%,13.1,59,0,71,0,83,71,50.00%,58.45%,142,Lâm Đồng,NTB,AM Trường
NTB - Lâm Đồng,(LDO) Xuân Hương - Đà Lạt,Hàng Mới Ca 1,2026-08-18 - Thứ 3,94,92.55%,68.09%,0.00%,5.3,64,0,87,0,30,7,7.45%,31.91%,94,Lâm Đồng,NTB,AM Trường
NTB - Lâm Đồng,(LDO) Xuân Hương - Đà Lạt,Hàng Mới Ca 1,2026-08-27 - Thứ 5,133,64.66%,54.89%,0.00%,14.34,73,0,86,0,60,47,35.34%,45.11%,133,Lâm Đồng,NTB,AM Trường
NTB - Lâm Đồng,(LDO) Xuân Hương - Đà Lạt,Hàng Mới Ca 1,2026-08-29 - Thứ 7,119,74.79%,63.87%,0.00%,15.29,76,0,89,0,43,30,25.21%,36.13%,119,Lâm Đồng,NTB,AM Trường
NTB - Lâm Đồng,(LDO) Xuân Hương - Đà Lạt,Hàng Mới Ca 1,2026-09-06 - Chủ Nhật,145,63.45%,53.10%,0.00%,13.92,77,0,92,0,68,53,36.55%,46.90%,145,Lâm Đồng,NTB,AM Trường
NTB - Lâm Đồng,(LDO) Xuân Hương - Đà Lạt,Hàng Mới Ca 2,2026-09-12 - Thứ 7,1,0.00%,0.00%,0.00%,,0,0,0,0,1,1,100.00%,100.00%,1,Lâm Đồng,NTB,AM Trường
NTB - Lâm Đồng,(LDO) Xuân Hương - Đà Lạt,Hàng Mới Ca 2,2026-09-13 - Chủ Nhật,1,0.00%,0.00%,0.00%,,0,0,0,0,1,1,100.00%,100.00%,1,Lâm Đồng,NTB,AM Trường
NTB - Lâm Đồng,(LDO) Xuân Hương - Đà Lạt,Hàng Mới Ca 2,2026-08-27 - Thứ 5,2,100.00%,50.00%,0.00%,0,1,0,2,0,1,0,0.00%,50.00%,2,Lâm Đồng,NTB,AM Trường
NTB - Lâm Đồng,(LDO) Xuân Hương - Đà Lạt,Hàng Mới Ca 2,2026-08-28 - Thứ 6,1,100.00%,100.00%,0.00%,2,1,0,1,0,0,0,0.00%,0.00%,1,Lâm Đồng,NTB,AM Trường
NTB - Lâm Đồng,(LDO) Xuân Hương - Đà Lạt,Hàng Mới Ca 2,2026-09-07 - Thứ 2,1,100.00%,100.00%,0.00%,6,1,0,1,0,0,0,0.00%,0.00%,1,Lâm Đồng,NTB,AM Trường
NTB - Lâm Đồng,(LDO) Xuân Hương - Đà Lạt,Hàng Mới Ca 2,2026-08-29 - Thứ 7,88,2.27%,2.27%,0.00%,5,2,0,2,0,86,86,97.73%,97.73%,88,Lâm Đồng,NTB,AM Trường
NTB - Lâm Đồng,(LDO) Xuân Hương - Đà Lạt,Hàng Mới Ca 2,2026-08-30 - Chủ Nhật,72,5.56%,5.56%,0.00%,4.5,4,0,4,0,68,68,94.44%,94.44%,72,Lâm Đồng,NTB,AM Trường
NTB - Lâm Đồng,(LDO) Xuân Hương - Đà Lạt,Hàng Mới Ca 2,2026-08-21 - Thứ 6,26,42.31%,30.77%,0.00%,4.25,8,0,11,0,18,15,57.69%,69.23%,26,Lâm Đồng,NTB,AM Trường
NTB - Lâm Đồng,(LDO) Xuân Hương - Đà Lạt,Hàng Mới Ca 2,2026-08-17 - Thứ 2,21,90.48%,66.67%,0.00%,2.71,14,0,19,0,7,2,9.52%,33.33%,21,Lâm Đồng,NTB,AM Trường
NTB - Lâm Đồng,(LDO) Xuân Hương - Đà Lạt,Hàng Mới Ca 2,2026-08-20 - Thứ 5,52,46.15%,34.62%,0.00%,5.28,18,0,24,0,34,28,53.85%,65.38%,52,Lâm Đồng,NTB,AM Trường
NTB - Lâm Đồng,(LDO) Xuân Hương - Đà Lạt,Hàng Mới Ca 2,2026-08-23 - Chủ Nhật,58,46.55%,36.21%,0.00%,2.9,21,0,27,0,37,31,53.45%,63.79%,58,Lâm Đồng,NTB,AM Trường
NTB - Lâm Đồng,(LDO) Xuân Hương - Đà Lạt,Hàng Mới Ca 2,2026-08-19 - Thứ 4,78,39.74%,33.33%,0.00%,3.92,26,0,31,0,52,47,60.26%,66.67%,78,Lâm Đồng,NTB,AM Trường
NTB - Lâm Đồng,(LDO) Xuân Hương - Đà Lạt,Hàng Mới Ca 2,2026-08-18 - Thứ 3,74,43.24%,35.14%,0.00%,3.81,26,0,32,0,48,42,56.76%,64.86%,74,Lâm Đồng,NTB,AM Trường
NTB - Lâm Đồng,(LDO) Xuân Hương - Đà Lạt,Hàng Mới Ca 2,2026-08-22 - Thứ 7,70,47.14%,37.14%,0.00%,4.23,26,0,33,0,44,37,52.86%,62.86%,70,Lâm Đồng,NTB,AM Trường
NTB - Lâm Đồng,(LDO) Xuân Hương - Đà Lạt,Hàng Mới Ca 2,2026-08-24 - Thứ 2,60,53.33%,45.00%,0.00%,3.56,27,0,32,0,33,28,46.67%,55.00%,60,Lâm Đồng,NTB,AM Trường
NTB - Lâm Đồng,(LDO) Xuân Hương - Đà Lạt,Hàng Tồn,2026-08-30 - Chủ Nhật,175,72.00%,46.86%,2.86%,40.5,82,5,126,5,88,49,28.00%,50.28%,0,Lâm Đồng,NTB,AM Trường
NTB - Lâm Đồng,(LDO) Xuân Hương - Đà Lạt,Hàng Tồn,2026-08-31 - Thứ 2,169,74.56%,49.11%,4.14%,41.42,83,7,126,7,79,43,25.44%,46.75%,0,Lâm Đồng,NTB,AM Trường
NTB - Lâm Đồng,(LDO) Xuân Hương - Đà Lạt,Hàng Tồn,2026-09-05 - Thứ 7,58,81.03%,25.86%,10.34%,63.87,15,6,47,6,37,11,18.97%,63.80%,0,Lâm Đồng,NTB,AM Trường
NTB - Lâm Đồng,(LDO) Xuân Hương - Đà Lạt,Hàng Tồn,2026-09-01 - Thứ 3,87,72.41%,20.69%,2.30%,59.06,18,2,63,2,67,24,27.59%,77.01%,0,Lâm Đồng,NTB,AM Trường
NTB - Lâm Đồng,(LDO) Xuân Hương - Đà Lạt,Hàng Tồn,2026-08-18 - Thứ 3,59,98.31%,32.20%,3.39%,50.42,19,2,58,2,38,1,1.69%,64.41%,0,Lâm Đồng,NTB,AM Trường
NTB - Lâm Đồng,(LDO) Xuân Hương - Đà Lạt,Hàng Tồn,2026-09-06 - Chủ Nhật,68,77.94%,33.82%,13.24%,44.87,23,9,53,9,36,15,22.06%,52.94%,0,Lâm Đồng,NTB,AM Trường
NTB - Lâm Đồng,(LDO) Xuân Hương - Đà Lạt,Hàng Tồn,2026-08-29 - Thứ 7,80,71.25%,35.00%,5.00%,58.29,28,4,57,4,48,23,28.75%,60.00%,0,Lâm Đồng,NTB,AM Trường
NTB - Lâm Đồng,(LDO) Xuân Hương - Đà Lạt,Hàng Tồn,2026-09-07 - Thứ 2,101,58.42%,27.72%,2.97%,48.07,28,3,59,3,70,42,41.58%,69.31%,0,Lâm Đồng,NTB,AM Trường
NTB - Lâm Đồng,(LDO) Xuân Hương - Đà Lạt,Hàng Tồn,2026-09-09 - Thứ 4,120,44.17%,24.17%,3.33%,46.79,29,4,53,4,87,67,55.83%,72.50%,0,Lâm Đồng,NTB,AM Trường
NTB - Lâm Đồng,(LDO) Xuân Hương - Đà Lạt,Hàng Tồn,2026-09-11 - Thứ 6,165,41.21%,17.58%,4.24%,61.1,29,7,68,7,129,97,58.79%,78.18%,0,Lâm Đồng,NTB,AM Trường
NTB - Lâm Đồng,(LDO) Xuân Hương - Đà Lạt,Hàng Tồn,2026-08-26 - Thứ 4,102,59.80%,29.41%,8.82%,72.73,30,9,61,9,63,41,40.20%,61.77%,0,Lâm Đồng,NTB,AM Trường
NTB - Lâm Đồng,(LDO) Xuân Hương - Đà Lạt,Hàng Tồn,2026-09-02 - Thứ 4,97,62.89%,31.96%,3.09%,76.9,31,3,61,3,63,36,37.11%,64.95%,0,Lâm Đồng,NTB,AM Trường
NTB - Lâm Đồng,(LDO) Xuân Hương - Đà Lạt,Hàng Tồn,2026-09-10 - Thứ 5,129,59.69%,24.81%,5.43%,50.44,32,7,77,7,90,52,40.31%,69.76%,0,Lâm Đồng,NTB,AM Trường
NTB - Lâm Đồng,(LDO) Xuân Hương - Đà Lạt,Hàng Tồn,2026-09-04 - Thứ 6,71,88.73%,47.89%,4.23%,82.29,34,3,63,3,34,8,11.27%,47.88%,0,Lâm Đồng,NTB,AM Trường
NTB - Lâm Đồng,(LDO) Xuân Hương - Đà Lạt,Hàng Tồn,2026-08-22 - Thứ 7,97,58.76%,36.08%,3.09%,43.66,35,3,57,3,59,40,41.24%,60.83%,0,Lâm Đồng,NTB,AM Trường
NTB - Lâm Đồng,(LDO) Xuân Hương - Đà Lạt,Hàng Tồn,2026-09-03 - Thứ 5,93,69.89%,41.94%,6.45%,73.05,39,6,65,6,48,28,30.11%,51.61%,0,Lâm Đồng,NTB,AM Trường
NTB - Lâm Đồng,(LDO) Xuân Hương - Đà Lạt,Hàng Tồn,2026-09-08 - Thứ 3,113,61.95%,35.40%,5.31%,51.83,40,6,70,6,67,43,38.05%,59.29%,0,Lâm Đồng,NTB,AM Trường
NTB - Lâm Đồng,(LDO) Xuân Hương - Đà Lạt,Hàng Tồn,2026-08-24 - Thứ 2,138,45.65%,28.99%,3.62%,48.7,40,5,63,5,93,75,54.35%,67.39%,0,Lâm Đồng,NTB,AM Trường
NTB - Lâm Đồng,(LDO) Xuân Hương - Đà Lạt,Hàng Tồn,2026-08-27 - Thứ 5,99,61.62%,42.42%,2.02%,75.88,42,2,61,2,55,38,38.38%,55.56%,0,Lâm Đồng,NTB,AM Trường
NTB - Lâm Đồng,(LDO) Xuân Hương - Đà Lạt,Hàng Tồn,2026-08-21 - Thứ 6,101,69.31%,42.57%,5.94%,41.74,43,6,70,6,52,31,30.69%,51.49%,0,Lâm Đồng,NTB,AM Trường
NTB - Lâm Đồng,(LDO) Xuân Hương - Đà Lạt,Hàng Tồn,2026-09-12 - Thứ 7,199,40.70%,23.12%,2.51%,60.48,46,5,81,5,148,118,59.30%,74.37%,0,Lâm Đồng,NTB,AM Trường
NTB - Lâm Đồng,(LDO) Xuân Hương - Đà Lạt,Hàng Tồn,2026-08-23 - Chủ Nhật,136,69.85%,36.03%,2.94%,38.84,49,4,95,4,83,41,30.15%,61.03%,0,Lâm Đồng,NTB,AM Trường
NTB - Lâm Đồng,(LDO) Xuân Hương - Đà Lạt,Hàng Tồn,2026-08-17 - Thứ 2,98,90.82%,52.04%,5.10%,39.73,51,5,89,5,42,9,9.18%,42.86%,0,Lâm Đồng,NTB,AM Trường
NTB - Lâm Đồng,(LDO) Xuân Hương - Đà Lạt,Hàng Tồn,2026-09-13 - Chủ Nhật,217,45.16%,23.50%,2.76%,79.8,51,6,98,6,160,119,54.84%,73.74%,0,Lâm Đồng,NTB,AM Trường
NTB - Lâm Đồng,(LDO) Xuân Hương - Đà Lạt,Hàng Tồn,2026-08-25 - Thứ 3,142,62.68%,38.03%,2.82%,53.57,54,4,89,4,84,53,37.32%,59.15%,0,Lâm Đồng,NTB,AM Trường
NTB - Lâm Đồng,(LDO) Xuân Hương - Đà Lạt,Hàng Tồn,2026-08-28 - Thứ 6,113,75.22%,50.44%,4.42%,58.84,57,5,85,5,51,28,24.78%,45.14%,0,Lâm Đồng,NTB,AM Trường
NTB - Lâm Đồng,(LDO) Xuân Hương - Đà Lạt,Hàng Tồn,2026-08-19 - Thứ 4,114,92.98%,55.26%,1.75%,43.08,63,2,106,2,49,8,7.02%,42.99%,0,Lâm Đồng,NTB,AM Trường
NTB - Lâm Đồng,(LDO) Xuân Hương - Đà Lạt,Hàng Tồn,2026-08-20 - Thứ 5,124,80.65%,52.42%,4.03%,37.85,65,5,100,5,54,24,19.35%,43.55%,0,Lâm Đồng,NTB,AM Trường
NTB - Lâm Đồng,(LDO) Tân Hà Lâm Hà,Hàng Mới Ca 1,2026-09-02 - Thứ 4,110,96.36%,89.09%,0.00%,20.35,98,0,106,0,12,4,3.64%,10.91%,110,Lâm Đồng,NTB,AM Chi
NTB - Lâm Đồng,(LDO) Tân Hà Lâm Hà,Hàng Mới Ca 1,2026-09-10 - Thứ 5,111,87.39%,70.27%,0.00%,16.56,78,0,97,0,33,14,12.61%,29.73%,111,Lâm Đồng,NTB,AM Chi
NTB - Lâm Đồng,(LDO) Tân Hà Lâm Hà,Hàng Mới Ca 1,2026-09-13 - Chủ Nhật,31,87.10%,64.52%,0.00%,9.85,20,0,27,0,11,4,12.90%,35.48%,31,Lâm Đồng,NTB,AM Chi
NTB - Lâm Đồng,(LDO) Tân Hà Lâm Hà,Hàng Mới Ca 1,2026-09-04 - Thứ 6,52,94.23%,69.23%,0.00%,20.08,36,0,49,0,16,3,5.77%,30.77%,52,Lâm Đồng,NTB,AM Chi
NTB - Lâm Đồng,(LDO) Tân Hà Lâm Hà,Hàng Mới Ca 1,2026-09-11 - Thứ 6,82,73.17%,52.44%,0.00%,20.05,43,0,60,0,39,22,26.83%,47.56%,82,Lâm Đồng,NTB,AM Chi
NTB - Lâm Đồng,(LDO) Tân Hà Lâm Hà,Hàng Mới Ca 1,2026-09-08 - Thứ 3,75,68.00%,58.67%,0.00%,15.7,44,0,51,0,31,24,32.00%,41.33%,75,Lâm Đồng,NTB,AM Chi
NTB - Lâm Đồng,(LDO) Tân Hà Lâm Hà,Hàng Mới Ca 1,2026-09-05 - Thứ 7,66,86.36%,69.70%,0.00%,18.37,46,0,57,0,20,9,13.64%,30.30%,66,Lâm Đồng,NTB,AM Chi
NTB - Lâm Đồng,(LDO) Tân Hà Lâm Hà,Hàng Mới Ca 1,2026-08-21 - Thứ 6,109,56.88%,44.95%,0.00%,18.92,49,0,62,0,60,47,43.12%,55.05%,109,Lâm Đồng,NTB,AM Chi
NTB - Lâm Đồng,(LDO) Tân Hà Lâm Hà,Hàng Mới Ca 1,2026-09-01 - Thứ 3,72,79.17%,69.44%,0.00%,16.04,50,0,57,0,22,15,20.83%,30.56%,72,Lâm Đồng,NTB,AM Chi
NTB - Lâm Đồng,(LDO) Tân Hà Lâm Hà,Hàng Mới Ca 1,2026-08-17 - Thứ 2,93,74.19%,58.06%,0.00%,21.7,54,0,69,0,39,24,25.81%,41.94%,93,Lâm Đồng,NTB,AM Chi
NTB - Lâm Đồng,(LDO) Tân Hà Lâm Hà,Hàng Mới Ca 1,2026-08-29 - Thứ 7,106,76.42%,51.89%,0.00%,22.15,55,0,81,0,51,25,23.58%,48.11%,106,Lâm Đồng,NTB,AM Chi
NTB - Lâm Đồng,(LDO) Tân Hà Lâm Hà,Hàng Mới Ca 1,2026-08-19 - Thứ 4,106,68.87%,53.77%,0.00%,16.63,57,0,73,0,49,33,31.13%,46.23%,106,Lâm Đồng,NTB,AM Chi
NTB - Lâm Đồng,(LDO) Tân Hà Lâm Hà,Hàng Mới Ca 1,2026-08-27 - Thứ 5,86,79.07%,67.44%,0.00%,20.12,58,0,68,0,28,18,20.93%,32.56%,86,Lâm Đồng,NTB,AM Chi
NTB - Lâm Đồng,(LDO) Tân Hà Lâm Hà,Hàng Mới Ca 1,2026-09-12 - Thứ 7,101,71.29%,57.43%,0.00%,16.16,58,0,72,0,43,29,28.71%,42.57%,101,Lâm Đồng,NTB,AM Chi
NTB - Lâm Đồng,(LDO) Tân Hà Lâm Hà,Hàng Mới Ca 1,2026-09-03 - Thứ 5,96,78.13%,60.42%,0.00%,16.19,58,0,75,0,38,21,21.87%,39.58%,96,Lâm Đồng,NTB,AM Chi
NTB - Lâm Đồng,(LDO) Tân Hà Lâm Hà,Hàng Mới Ca 1,2026-08-30 - Chủ Nhật,93,80.65%,64.52%,0.00%,20.05,60,0,75,0,33,18,19.35%,35.48%,93,Lâm Đồng,NTB,AM Chi
NTB - Lâm Đồng,(LDO) Tân Hà Lâm Hà,Hàng Mới Ca 1,2026-08-25 - Thứ 3,103,66.02%,58.25%,0.00%,18.97,60,0,68,0,43,35,33.98%,41.75%,103,Lâm Đồng,NTB,AM Chi
NTB - Lâm Đồng,(LDO) Tân Hà Lâm Hà,Hàng Mới Ca 1,2026-08-22 - Thứ 7,89,83.15%,69.66%,0.00%,20.68,62,0,74,0,27,15,16.85%,30.34%,89,Lâm Đồng,NTB,AM Chi
NTB - Lâm Đồng,(LDO) Tân Hà Lâm Hà,Hàng Mới Ca 1,2026-08-31 - Thứ 2,110,74.55%,57.27%,0.00%,18.63,63,0,82,0,47,28,25.45%,42.73%,110,Lâm Đồng,NTB,AM Chi
NTB - Lâm Đồng,(LDO) Tân Hà Lâm Hà,Hàng Mới Ca 1,2026-09-07 - Thứ 2,126,70.63%,50.79%,0.00%,15.72,64,0,89,0,62,37,29.37%,49.21%,126,Lâm Đồng,NTB,AM Chi
NTB - Lâm Đồng,(LDO) Tân Hà Lâm Hà,Hàng Mới Ca 1,2026-08-24 - Thứ 2,104,79.81%,65.38%,0.00%,19.71,68,0,83,0,36,21,20.19%,34.62%,104,Lâm Đồng,NTB,AM Chi
NTB - Lâm Đồng,(LDO) Tân Hà Lâm Hà,Hàng Mới Ca 1,2026-09-09 - Thứ 4,106,84.91%,65.09%,0.00%,20.62,69,0,90,0,37,16,15.09%,34.91%,106,Lâm Đồng,NTB,AM Chi
NTB - Lâm Đồng,(LDO) Tân Hà Lâm Hà,Hàng Mới Ca 1,2026-08-18 - Thứ 3,104,88.46%,66.35%,0.00%,18.2,69,0,92,0,35,12,11.54%,33.65%,104,Lâm Đồng,NTB,AM Chi
NTB - Lâm Đồng,(LDO) Tân Hà Lâm Hà,Hàng Mới Ca 1,2026-08-26 - Thứ 4,105,84.76%,65.71%,0.00%,19.57,69,0,89,0,36,16,15.24%,34.29%,105,Lâm Đồng,NTB,AM Chi
NTB - Lâm Đồng,(LDO) Tân Hà Lâm Hà,Hàng Mới Ca 1,2026-08-20 - Thứ 5,124,78.23%,58.87%,0.00%,21.26,73,0,97,0,51,27,21.77%,41.13%,124,Lâm Đồng,NTB,AM Chi
NTB - Lâm Đồng,(LDO) Tân Hà Lâm Hà,Hàng Mới Ca 1,2026-09-06 - Chủ Nhật,129,84.50%,56.59%,0.78%,14.01,73,1,109,1,55,20,15.50%,42.63%,129,Lâm Đồng,NTB,AM Chi
NTB - Lâm Đồng,(LDO) Tân Hà Lâm Hà,Hàng Mới Ca 1,2026-08-23 - Chủ Nhật,129,71.32%,58.14%,0.00%,19.4,75,0,92,0,54,37,28.68%,41.86%,129,Lâm Đồng,NTB,AM Chi
NTB - Lâm Đồng,(LDO) Tân Hà Lâm Hà,Hàng Mới Ca 1,2026-08-28 - Thứ 6,124,78.23%,62.10%,0.00%,18.27,77,0,97,0,47,27,21.77%,37.90%,124,Lâm Đồng,NTB,AM Chi
NTB - Lâm Đồng,(LDO) Tân Hà Lâm Hà,Hàng Mới Ca 2,2026-08-20 - Thứ 5,11,0.00%,0.00%,0.00%,,0,0,0,0,11,11,100.00%,100.00%,11,Lâm Đồng,NTB,AM Chi
NTB - Lâm Đồng,(LDO) Tân Hà Lâm Hà,Hàng Mới Ca 2,2026-08-17 - Thứ 2,22,0.00%,0.00%,0.00%,,0,0,0,0,22,22,100.00%,100.00%,22,Lâm Đồng,NTB,AM Chi
NTB - Lâm Đồng,(LDO) Tân Hà Lâm Hà,Hàng Mới Ca 2,2026-09-12 - Thứ 7,53,0.00%,0.00%,0.00%,,0,0,0,0,53,53,100.00%,100.00%,53,Lâm Đồng,NTB,AM Chi
NTB - Lâm Đồng,(LDO) Tân Hà Lâm Hà,Hàng Mới Ca 2,2026-09-05 - Thứ 7,1,100.00%,0.00%,0.00%,,0,0,1,0,1,0,0.00%,100.00%,1,Lâm Đồng,NTB,AM Chi
NTB - Lâm Đồng,(LDO) Tân Hà Lâm Hà,Hàng Mới Ca 2,2026-09-03 - Thứ 5,9,0.00%,0.00%,0.00%,,0,0,0,0,9,9,100.00%,100.00%,9,Lâm Đồng,NTB,AM Chi
NTB - Lâm Đồng,(LDO) Tân Hà Lâm Hà,Hàng Mới Ca 2,2026-09-01 - Thứ 3,9,0.00%,0.00%,0.00%,,0,0,0,0,9,9,100.00%,100.00%,9,Lâm Đồng,NTB,AM Chi
NTB - Lâm Đồng,(LDO) Tân Hà Lâm Hà,Hàng Tồn,2026-09-03 - Thứ 5,48,72.92%,25.00%,8.33%,116.5,12,4,35,4,32,13,27.08%,66.67%,0,Lâm Đồng,NTB,AM Chi
NTB - Lâm Đồng,(LDO) Tân Hà Lâm Hà,Hàng Tồn,2026-09-06 - Chủ Nhật,54,90.74%,35.19%,5.56%,56.58,19,3,49,3,32,5,9.26%,59.25%,0,Lâm Đồng,NTB,AM Chi
NTB - Lâm Đồng,(LDO) Tân Hà Lâm Hà,Hàng Tồn,2026-08-28 - Thứ 6,76,64.47%,25.00%,2.63%,69.47,19,2,49,2,55,27,35.53%,72.37%,0,Lâm Đồng,NTB,AM Chi
NTB - Lâm Đồng,(LDO) Tân Hà Lâm Hà,Hàng Tồn,2026-08-18 - Thứ 3,106,74.53%,20.75%,5.66%,60.73,22,6,79,6,78,27,25.47%,73.59%,0,Lâm Đồng,NTB,AM Chi
NTB - Lâm Đồng,(LDO) Tân Hà Lâm Hà,Hàng Tồn,2026-09-05 - Thứ 7,52,94.23%,44.23%,13.46%,67.7,23,7,49,7,22,3,5.77%,42.31%,0,Lâm Đồng,NTB,AM Chi
NTB - Lâm Đồng,(LDO) Tân Hà Lâm Hà,Hàng Tồn,2026-08-31 - Thứ 2,78,76.92%,32.05%,8.97%,70.12,25,7,60,7,46,18,23.08%,58.98%,0,Lâm Đồng,NTB,AM Chi
NTB - Lâm Đồng,(LDO) Tân Hà Lâm Hà,Hàng Tồn,2026-09-07 - Thứ 2,88,70.45%,28.41%,7.95%,52.24,25,7,62,7,56,26,29.55%,63.64%,0,Lâm Đồng,NTB,AM Chi
NTB - Lâm Đồng,(LDO) Tân Hà Lâm Hà,Hàng Tồn,2026-08-27 - Thứ 5,77,61.04%,33.77%,3.90%,58.31,26,3,47,3,48,30,38.96%,62.33%,0,Lâm Đồng,NTB,AM Chi
NTB - Lâm Đồng,(LDO) Tân Hà Lâm Hà,Hàng Tồn,2026-09-11 - Thứ 6,79,83.54%,35.44%,3.80%,55.57,28,3,66,3,48,13,16.46%,60.76%,0,Lâm Đồng,NTB,AM Chi
NTB - Lâm Đồng,(LDO) Tân Hà Lâm Hà,Hàng Tồn,2026-09-08 - Thứ 3,118,66.10%,24.58%,5.93%,63.24,29,7,78,7,82,40,33.90%,69.49%,0,Lâm Đồng,NTB,AM Chi
NTB - Lâm Đồng,(LDO) Tân Hà Lâm Hà,Hàng Tồn,2026-08-21 - Thứ 6,135,50.37%,21.48%,2.22%,77.24,29,3,68,3,103,67,49.63%,76.30%,0,Lâm Đồng,NTB,AM Chi
NTB - Lâm Đồng,(LDO) Tân Hà Lâm Hà,Hàng Tồn,2026-09-04 - Thứ 6,79,89.87%,40.51%,10.13%,52.88,32,8,71,8,39,8,10.13%,49.36%,0,Lâm Đồng,NTB,AM Chi
NTB - Lâm Đồng,(LDO) Tân Hà Lâm Hà,Hàng Tồn,2026-08-19 - Thứ 4,107,60.75%,30.84%,5.61%,65.3,33,6,65,6,68,42,39.25%,63.55%,0,Lâm Đồng,NTB,AM Chi
NTB - Lâm Đồng,(LDO) Tân Hà Lâm Hà,Hàng Tồn,2026-09-01 - Thứ 3,85,74.12%,41.18%,1.18%,61.49,35,1,63,1,49,22,25.88%,57.64%,0,Lâm Đồng,NTB,AM Chi
NTB - Lâm Đồng,(LDO) Tân Hà Lâm Hà,Hàng Tồn,2026-08-24 - Thứ 2,105,74.29%,34.29%,0.95%,67.81,36,1,78,1,68,27,25.71%,64.76%,0,Lâm Đồng,NTB,AM Chi
NTB - Lâm Đồng,(LDO) Tân Hà Lâm Hà,Hàng Tồn,2026-08-20 - Thứ 5,116,70.69%,31.90%,4.31%,75.95,37,5,82,5,74,34,29.31%,63.79%,0,Lâm Đồng,NTB,AM Chi
NTB - Lâm Đồng,(LDO) Tân Hà Lâm Hà,Hàng Tồn,2026-09-09 - Thứ 4,111,81.08%,33.33%,3.60%,65.95,37,4,90,4,70,21,18.92%,63.07%,0,Lâm Đồng,NTB,AM Chi
NTB - Lâm Đồng,(LDO) Tân Hà Lâm Hà,Hàng Tồn,2026-08-26 - Thứ 4,87,86.21%,44.83%,4.60%,62.44,39,4,75,4,44,12,13.79%,50.57%,0,Lâm Đồng,NTB,AM Chi
NTB - Lâm Đồng,(LDO) Tân Hà Lâm Hà,Hàng Tồn,2026-08-17 - Thứ 2,95,85.26%,42.11%,10.53%,72.43,40,10,81,10,45,14,14.74%,47.36%,0,Lâm Đồng,NTB,AM Chi
NTB - Lâm Đồng,(LDO) Tân Hà Lâm Hà,Hàng Tồn,2026-09-12 - Thứ 7,86,80.23%,47.67%,3.49%,71.12,41,3,69,3,42,17,19.77%,48.84%,0,Lâm Đồng,NTB,AM Chi
NTB - Lâm Đồng,(LDO) Tân Hà Lâm Hà,Hàng Tồn,2026-09-02 - Thứ 4,82,86.59%,53.66%,4.88%,72.2,44,4,71,4,34,11,13.41%,41.46%,0,Lâm Đồng,NTB,AM Chi
NTB - Lâm Đồng,(LDO) Tân Hà Lâm Hà,Hàng Tồn,2026-08-25 - Thứ 3,98,75.51%,44.90%,8.16%,79.32,44,8,74,8,46,24,24.49%,46.94%,0,Lâm Đồng,NTB,AM Chi
NTB - Lâm Đồng,(LDO) Tân Hà Lâm Hà,Hàng Tồn,2026-08-29 - Thứ 7,99,78.79%,45.45%,5.05%,79.24,45,5,78,5,49,21,21.21%,49.50%,0,Lâm Đồng,NTB,AM Chi
NTB - Lâm Đồng,(LDO) Tân Hà Lâm Hà,Hàng Tồn,2026-08-23 - Chủ Nhật,110,76.36%,40.91%,8.18%,90.31,45,9,84,9,56,26,23.64%,50.91%,0,Lâm Đồng,NTB,AM Chi
NTB - Lâm Đồng,(LDO) Tân Hà Lâm Hà,Hàng Tồn,2026-08-30 - Chủ Nhật,99,75.76%,48.48%,5.05%,62.83,48,5,75,5,46,24,24.24%,46.47%,0,Lâm Đồng,NTB,AM Chi
NTB - Lâm Đồng,(LDO) Tân Hà Lâm Hà,Hàng Tồn,2026-09-13 - Chủ Nhật,137,70.80%,38.69%,5.84%,42.98,53,8,97,8,76,40,29.20%,55.47%,0,Lâm Đồng,NTB,AM Chi
NTB - Lâm Đồng,(LDO) Tân Hà Lâm Hà,Hàng Tồn,2026-09-10 - Thứ 5,105,82.86%,53.33%,2.86%,73.34,56,3,87,3,46,18,17.14%,43.81%,0,Lâm Đồng,NTB,AM Chi
NTB - Lâm Đồng,(LDO) Tân Hà Lâm Hà,Hàng Tồn,2026-08-22 - Thứ 7,160,72.50%,43.75%,3.75%,67.23,70,6,116,6,84,44,27.50%,52.50%,0,Lâm Đồng,NTB,AM Chi
NTB - Lâm Đồng,(LDO) Ninh Gia,Hàng Mới Ca 1,2026-08-20 - Thứ 5,101,100.00%,85.15%,0.00%,15.94,86,0,101,0,15,0,0.00%,14.85%,101,Lâm Đồng,NTB,AM Thơ
NTB - Lâm Đồng,(LDO) Ninh Gia,Hàng Mới Ca 1,2026-09-06 - Chủ Nhật,126,100.00%,75.40%,0.00%,12.35,95,0,126,0,31,0,0.00%,24.60%,126,Lâm Đồng,NTB,AM Thơ
NTB - Lâm Đồng,(LDO) Ninh Gia,Hàng Mới Ca 1,2026-09-02 - Thứ 4,98,100.00%,82.65%,0.00%,14.7,81,0,98,0,17,0,0.00%,17.35%,98,Lâm Đồng,NTB,AM Thơ
NTB - Lâm Đồng,(LDO) Ninh Gia,Hàng Mới Ca 1,2026-08-25 - Thứ 3,90,98.89%,82.22%,0.00%,18.19,74,0,89,0,16,1,1.11%,17.78%,90,Lâm Đồng,NTB,AM Thơ
NTB - Lâm Đồng,(LDO) Ninh Gia,Hàng Mới Ca 1,2026-09-10 - Thứ 5,122,100.00%,64.75%,0.00%,14.72,79,0,122,0,43,0,0.00%,35.25%,122,Lâm Đồng,NTB,AM Thơ
NTB - Lâm Đồng,(LDO) Ninh Gia,Hàng Mới Ca 1,2026-08-23 - Chủ Nhật,97,98.97%,80.41%,0.00%,18,78,0,96,0,19,1,1.03%,19.59%,97,Lâm Đồng,NTB,AM Thơ
NTB - Lâm Đồng,(LDO) Ninh Gia,Hàng Mới Ca 1,2026-08-31 - Thứ 2,94,94.68%,82.98%,0.00%,16.82,78,0,89,0,16,5,5.32%,17.02%,94,Lâm Đồng,NTB,AM Thơ
NTB - Lâm Đồng,(LDO) Ninh Gia,Hàng Mới Ca 1,2026-08-21 - Thứ 6,112,85.71%,77.68%,0.00%,15.69,87,0,96,0,25,16,14.29%,22.32%,112,Lâm Đồng,NTB,AM Thơ
NTB - Lâm Đồng,(LDO) Ninh Gia,Hàng Mới Ca 1,2026-08-28 - Thứ 6,115,89.57%,71.30%,0.00%,16.98,82,0,103,0,33,12,10.43%,28.70%,115,Lâm Đồng,NTB,AM Thơ
NTB - Lâm Đồng,(LDO) Ninh Gia,Hàng Mới Ca 1,2026-09-11 - Thứ 6,97,100.00%,74.23%,0.00%,15.69,72,0,97,0,25,0,0.00%,25.77%,97,Lâm Đồng,NTB,AM Thơ
NTB - Lâm Đồng,(LDO) Ninh Gia,Hàng Mới Ca 1,2026-09-04 - Thứ 6,48,100.00%,81.25%,0.00%,15.41,39,0,48,0,9,0,0.00%,18.75%,48,Lâm Đồng,NTB,AM Thơ
NTB - Lâm Đồng,(LDO) Ninh Gia,Hàng Mới Ca 1,2026-09-01 - Thứ 3,46,100.00%,86.96%,0.00%,9.33,40,0,46,0,6,0,0.00%,13.04%,46,Lâm Đồng,NTB,AM Thơ
NTB - Lâm Đồng,(LDO) Ninh Gia,Hàng Mới Ca 1,2026-09-13 - Chủ Nhật,67,100.00%,74.63%,0.00%,15.24,50,0,67,0,17,0,0.00%,25.37%,67,Lâm Đồng,NTB,AM Thơ
NTB - Lâm Đồng,(LDO) Ninh Gia,Hàng Mới Ca 1,2026-08-18 - Thứ 3,61,100.00%,83.61%,0.00%,16.61,51,0,61,0,10,0,0.00%,16.39%,61,Lâm Đồng,NTB,AM Thơ
NTB - Lâm Đồng,(LDO) Ninh Gia,Hàng Mới Ca 1,2026-09-08 - Thứ 3,66,100.00%,78.79%,0.00%,15.48,52,0,66,0,14,0,0.00%,21.21%,66,Lâm Đồng,NTB,AM Thơ
NTB - Lâm Đồng,(LDO) Ninh Gia,Hàng Mới Ca 1,2026-08-19 - Thứ 4,65,100.00%,80.00%,0.00%,17.37,52,0,65,0,13,0,0.00%,20.00%,65,Lâm Đồng,NTB,AM Thơ
NTB - Lâm Đồng,(LDO) Ninh Gia,Hàng Mới Ca 1,2026-09-09 - Thứ 4,80,96.25%,65.00%,0.00%,17.5,52,0,77,0,28,3,3.75%,35.00%,80,Lâm Đồng,NTB,AM Thơ
NTB - Lâm Đồng,(LDO) Ninh Gia,Hàng Mới Ca 1,2026-08-24 - Thứ 2,94,74.47%,62.77%,0.00%,14.53,59,0,70,0,35,24,25.53%,37.23%,94,Lâm Đồng,NTB,AM Thơ
NTB - Lâm Đồng,(LDO) Ninh Gia,Hàng Mới Ca 1,2026-09-03 - Thứ 5,76,100.00%,80.26%,0.00%,17.9,61,0,76,0,15,0,0.00%,19.74%,76,Lâm Đồng,NTB,AM Thơ
NTB - Lâm Đồng,(LDO) Ninh Gia,Hàng Mới Ca 1,2026-08-29 - Thứ 7,88,100.00%,73.86%,0.00%,17.77,65,0,88,0,23,0,0.00%,26.14%,88,Lâm Đồng,NTB,AM Thơ
NTB - Lâm Đồng,(LDO) Ninh Gia,Hàng Mới Ca 1,2026-08-26 - Thứ 4,79,100.00%,82.28%,0.00%,17.69,65,0,79,0,14,0,0.00%,17.72%,79,Lâm Đồng,NTB,AM Thơ
NTB - Lâm Đồng,(LDO) Ninh Gia,Hàng Mới Ca 1,2026-08-27 - Thứ 5,82,100.00%,80.49%,0.00%,14.97,66,0,82,0,16,0,0.00%,19.51%,82,Lâm Đồng,NTB,AM Thơ
NTB - Lâm Đồng,(LDO) Ninh Gia,Hàng Mới Ca 1,2026-09-05 - Thứ 7,81,100.00%,81.48%,0.00%,14.29,66,0,81,0,15,0,0.00%,18.52%,81,Lâm Đồng,NTB,AM Thơ
NTB - Lâm Đồng,(LDO) Ninh Gia,Hàng Mới Ca 1,2026-08-17 - Thứ 2,83,100.00%,83.13%,0.00%,17.77,69,0,83,0,14,0,0.00%,16.87%,83,Lâm Đồng,NTB,AM Thơ
NTB - Lâm Đồng,(LDO) Ninh Gia,Hàng Mới Ca 1,2026-08-30 - Chủ Nhật,87,100.00%,83.91%,0.00%,18.75,73,0,87,0,14,0,0.00%,16.09%,87,Lâm Đồng,NTB,AM Thơ
NTB - Lâm Đồng,(LDO) Ninh Gia,Hàng Mới Ca 1,2026-09-12 - Thứ 7,101,100.00%,72.28%,0.00%,15.11,73,0,101,0,28,0,0.00%,27.72%,101,Lâm Đồng,NTB,AM Thơ
NTB - Lâm Đồng,(LDO) Ninh Gia,Hàng Mới Ca 1,2026-09-07 - Thứ 2,93,100.00%,82.80%,0.00%,15.78,77,0,93,0,16,0,0.00%,17.20%,93,Lâm Đồng,NTB,AM Thơ
NTB - Lâm Đồng,(LDO) Ninh Gia,Hàng Mới Ca 1,2026-08-22 - Thứ 7,98,100.00%,78.57%,0.00%,17.3,77,0,98,0,21,0,0.00%,21.43%,98,Lâm Đồng,NTB,AM Thơ
NTB - Lâm Đồng,(LDO) Ninh Gia,Hàng Mới Ca 2,2026-09-12 - Thứ 7,1,100.00%,0.00%,0.00%,,0,0,1,0,1,0,0.00%,100.00%,1,Lâm Đồng,NTB,AM Thơ
NTB - Lâm Đồng,(LDO) Ninh Gia,Hàng Tồn,2026-09-02 - Thứ 4,20,100.00%,20.00%,20.00%,43.75,4,4,20,4,12,0,0.00%,60.00%,0,Lâm Đồng,NTB,AM Thơ
NTB - Lâm Đồng,(LDO) Ninh Gia,Hàng Tồn,2026-08-21 - Thứ 6,28,71.43%,14.29%,10.71%,43,4,3,20,3,21,8,28.57%,75.00%,0,Lâm Đồng,NTB,AM Thơ
NTB - Lâm Đồng,(LDO) Ninh Gia,Hàng Tồn,2026-08-19 - Thứ 4,26,100.00%,19.23%,11.54%,53.2,5,3,26,3,18,0,0.00%,69.23%,0,Lâm Đồng,NTB,AM Thơ
NTB - Lâm Đồng,(LDO) Ninh Gia,Hàng Tồn,2026-09-09 - Thứ 4,37,100.00%,13.51%,8.11%,70,5,3,37,3,29,0,0.00%,78.38%,0,Lâm Đồng,NTB,AM Thơ
NTB - Lâm Đồng,(LDO) Ninh Gia,Hàng Tồn,2026-09-05 - Thứ 7,26,100.00%,23.08%,15.38%,59,6,4,26,4,16,0,0.00%,61.54%,0,Lâm Đồng,NTB,AM Thơ
NTB - Lâm Đồng,(LDO) Ninh Gia,Hàng Tồn,2026-08-20 - Thứ 5,29,100.00%,24.14%,20.69%,50.43,7,6,29,6,16,0,0.00%,55.17%,0,Lâm Đồng,NTB,AM Thơ
NTB - Lâm Đồng,(LDO) Ninh Gia,Hàng Tồn,2026-08-28 - Thứ 6,34,91.18%,23.53%,11.76%,52.13,8,4,31,4,22,3,8.82%,64.71%,0,Lâm Đồng,NTB,AM Thơ
NTB - Lâm Đồng,(LDO) Ninh Gia,Hàng Tồn,2026-08-24 - Thứ 2,39,74.36%,20.51%,0.00%,62.38,8,0,29,0,31,10,25.64%,79.49%,0,Lâm Đồng,NTB,AM Thơ
NTB - Lâm Đồng,(LDO) Ninh Gia,Hàng Tồn,2026-09-04 - Thứ 6,29,100.00%,31.03%,3.45%,50.56,9,1,29,1,19,0,0.00%,65.52%,0,Lâm Đồng,NTB,AM Thơ
NTB - Lâm Đồng,(LDO) Ninh Gia,Hàng Tồn,2026-09-08 - Thứ 3,37,100.00%,29.73%,2.70%,44.82,11,1,37,1,25,0,0.00%,67.57%,0,Lâm Đồng,NTB,AM Thơ
NTB - Lâm Đồng,(LDO) Ninh Gia,Hàng Tồn,2026-08-17 - Thứ 2,38,100.00%,28.95%,13.16%,58.09,11,5,38,5,22,0,0.00%,57.89%,0,Lâm Đồng,NTB,AM Thơ
NTB - Lâm Đồng,(LDO) Ninh Gia,Hàng Tồn,2026-08-27 - Thứ 5,33,100.00%,33.33%,9.09%,52.36,11,3,33,3,19,0,0.00%,57.58%,0,Lâm Đồng,NTB,AM Thơ
NTB - Lâm Đồng,(LDO) Ninh Gia,Hàng Tồn,2026-08-31 - Thứ 2,36,100.00%,33.33%,5.56%,72.33,12,2,36,2,22,0,0.00%,61.11%,0,Lâm Đồng,NTB,AM Thơ
NTB - Lâm Đồng,(LDO) Ninh Gia,Hàng Tồn,2026-09-03 - Thứ 5,29,100.00%,41.38%,10.34%,70.17,12,3,29,3,14,0,0.00%,48.28%,0,Lâm Đồng,NTB,AM Thơ
NTB - Lâm Đồng,(LDO) Ninh Gia,Hàng Tồn,2026-09-06 - Chủ Nhật,31,96.77%,45.16%,9.68%,43.29,14,3,30,3,14,1,3.23%,45.16%,0,Lâm Đồng,NTB,AM Thơ
NTB - Lâm Đồng,(LDO) Ninh Gia,Hàng Tồn,2026-08-18 - Thứ 3,35,100.00%,40.00%,11.43%,66.64,14,4,35,4,17,0,0.00%,48.57%,0,Lâm Đồng,NTB,AM Thơ
NTB - Lâm Đồng,(LDO) Ninh Gia,Hàng Tồn,2026-08-26 - Thứ 4,40,100.00%,37.50%,12.50%,72.27,15,5,40,5,20,0,0.00%,50.00%,0,Lâm Đồng,NTB,AM Thơ
NTB - Lâm Đồng,(LDO) Ninh Gia,Hàng Tồn,2026-09-11 - Thứ 6,71,100.00%,22.54%,7.04%,49.69,16,5,71,5,50,0,0.00%,70.42%,0,Lâm Đồng,NTB,AM Thơ
NTB - Lâm Đồng,(LDO) Ninh Gia,Hàng Tồn,2026-09-01 - Thứ 3,34,100.00%,50.00%,5.88%,58.41,17,2,34,2,15,0,0.00%,44.12%,0,Lâm Đồng,NTB,AM Thơ
NTB - Lâm Đồng,(LDO) Ninh Gia,Hàng Tồn,2026-08-23 - Chủ Nhật,44,100.00%,40.91%,9.09%,59.5,18,4,44,4,22,0,0.00%,50.00%,0,Lâm Đồng,NTB,AM Thơ
NTB - Lâm Đồng,(LDO) Ninh Gia,Hàng Tồn,2026-08-22 - Thứ 7,44,100.00%,43.18%,4.55%,54.74,19,2,44,2,23,0,0.00%,52.27%,0,Lâm Đồng,NTB,AM Thơ
NTB - Lâm Đồng,(LDO) Ninh Gia,Hàng Tồn,2026-08-29 - Thứ 7,55,100.00%,36.36%,10.91%,50.7,20,6,55,6,29,0,0.00%,52.73%,0,Lâm Đồng,NTB,AM Thơ
NTB - Lâm Đồng,(LDO) Ninh Gia,Hàng Tồn,2026-09-10 - Thứ 5,55,100.00%,36.36%,9.09%,51.15,20,5,55,5,30,0,0.00%,54.55%,0,Lâm Đồng,NTB,AM Thơ
NTB - Lâm Đồng,(LDO) Ninh Gia,Hàng Tồn,2026-08-30 - Chủ Nhật,52,100.00%,42.31%,9.62%,65.64,22,5,52,5,25,0,0.00%,48.07%,0,Lâm Đồng,NTB,AM Thơ
NTB - Lâm Đồng,(LDO) Ninh Gia,Hàng Tồn,2026-09-07 - Thứ 2,45,100.00%,48.89%,4.44%,45.05,22,2,45,2,21,0,0.00%,46.67%,0,Lâm Đồng,NTB,AM Thơ
NTB - Lâm Đồng,(LDO) Ninh Gia,Hàng Tồn,2026-09-13 - Chủ Nhật,68,100.00%,39.71%,8.82%,51.33,27,6,68,6,35,0,0.00%,51.47%,0,Lâm Đồng,NTB,AM Thơ
NTB - Lâm Đồng,(LDO) Ninh Gia,Hàng Tồn,2026-09-12 - Thứ 7,74,100.00%,37.84%,6.76%,62.46,28,5,74,5,41,0,0.00%,55.40%,0,Lâm Đồng,NTB,AM Thơ
NTB - Lâm Đồng,(LDO) Ninh Gia,Hàng Tồn,2026-08-25 - Thứ 3,61,100.00%,50.82%,4.92%,51.1,31,3,61,3,27,0,0.00%,44.26%,0,Lâm Đồng,NTB,AM Thơ
NTB - Lâm Đồng,(LDO) Nam Ban Lâm Hà,Hàng Mới Ca 1,2026-09-02 - Thứ 4,11,100.00%,100.00%,0.00%,6.55,11,0,11,0,0,0,0.00%,0.00%,11,Lâm Đồng,NTB,AM Chi
NTB - Lâm Đồng,(LDO) Nam Ban Lâm Hà,Hàng Mới Ca 1,2026-09-09 - Thứ 4,18,100.00%,66.67%,0.00%,5.08,12,0,18,0,6,0,0.00%,33.33%,18,Lâm Đồng,NTB,AM Chi
NTB - Lâm Đồng,(LDO) Nam Ban Lâm Hà,Hàng Mới Ca 1,2026-08-31 - Thứ 2,15,100.00%,86.67%,0.00%,5.08,13,0,15,0,2,0,0.00%,13.33%,15,Lâm Đồng,NTB,AM Chi
NTB - Lâm Đồng,(LDO) Nam Ban Lâm Hà,Hàng Mới Ca 1,2026-09-04 - Thứ 6,15,100.00%,93.33%,0.00%,6.71,14,0,15,0,1,0,0.00%,6.67%,15,Lâm Đồng,NTB,AM Chi
NTB - Lâm Đồng,(LDO) Nam Ban Lâm Hà,Hàng Mới Ca 1,2026-08-17 - Thứ 2,17,100.00%,88.24%,0.00%,3.87,15,0,17,0,2,0,0.00%,11.76%,17,Lâm Đồng,NTB,AM Chi
NTB - Lâm Đồng,(LDO) Nam Ban Lâm Hà,Hàng Mới Ca 1,2026-09-03 - Thứ 5,17,100.00%,94.12%,0.00%,4.81,16,0,17,0,1,0,0.00%,5.88%,17,Lâm Đồng,NTB,AM Chi
NTB - Lâm Đồng,(LDO) Nam Ban Lâm Hà,Hàng Mới Ca 1,2026-08-24 - Thứ 2,20,100.00%,85.00%,0.00%,3.47,17,0,20,0,3,0,0.00%,15.00%,20,Lâm Đồng,NTB,AM Chi
NTB - Lâm Đồng,(LDO) Nam Ban Lâm Hà,Hàng Mới Ca 1,2026-09-08 - Thứ 3,21,100.00%,80.95%,0.00%,5.06,17,0,21,0,4,0,0.00%,19.05%,21,Lâm Đồng,NTB,AM Chi
NTB - Lâm Đồng,(LDO) Nam Ban Lâm Hà,Hàng Mới Ca 1,2026-08-30 - Chủ Nhật,21,100.00%,95.24%,0.00%,3.95,20,0,21,0,1,0,0.00%,4.76%,21,Lâm Đồng,NTB,AM Chi
NTB - Lâm Đồng,(LDO) Nam Ban Lâm Hà,Hàng Mới Ca 1,2026-08-25 - Thứ 3,21,100.00%,95.24%,0.00%,3.9,20,0,21,0,1,0,0.00%,4.76%,21,Lâm Đồng,NTB,AM Chi
NTB - Lâm Đồng,(LDO) Nam Ban Lâm Hà,Hàng Mới Ca 1,2026-09-05 - Thứ 7,24,100.00%,83.33%,0.00%,6.35,20,0,24,0,4,0,0.00%,16.67%,24,Lâm Đồng,NTB,AM Chi
NTB - Lâm Đồng,(LDO) Nam Ban Lâm Hà,Hàng Mới Ca 1,2026-09-11 - Thứ 6,24,100.00%,83.33%,0.00%,5.85,20,0,24,0,4,0,0.00%,16.67%,24,Lâm Đồng,NTB,AM Chi
NTB - Lâm Đồng,(LDO) Nam Ban Lâm Hà,Hàng Mới Ca 1,2026-08-29 - Thứ 7,24,100.00%,87.50%,0.00%,4.14,21,0,24,0,3,0,0.00%,12.50%,24,Lâm Đồng,NTB,AM Chi
NTB - Lâm Đồng,(LDO) Nam Ban Lâm Hà,Hàng Mới Ca 1,2026-08-26 - Thứ 4,25,100.00%,84.00%,0.00%,3.14,21,0,25,0,4,0,0.00%,16.00%,25,Lâm Đồng,NTB,AM Chi
NTB - Lâm Đồng,(LDO) Nam Ban Lâm Hà,Hàng Mới Ca 1,2026-09-10 - Thứ 5,31,100.00%,80.65%,0.00%,4,25,0,31,0,6,0,0.00%,19.35%,31,Lâm Đồng,NTB,AM Chi
NTB - Lâm Đồng,(LDO) Nam Ban Lâm Hà,Hàng Mới Ca 1,2026-08-19 - Thứ 4,31,100.00%,96.77%,0.00%,4.73,30,0,31,0,1,0,0.00%,3.23%,31,Lâm Đồng,NTB,AM Chi
NTB - Lâm Đồng,(LDO) Nam Ban Lâm Hà,Hàng Mới Ca 1,2026-09-07 - Thứ 2,33,100.00%,90.91%,0.00%,4.6,30,0,33,0,3,0,0.00%,9.09%,33,Lâm Đồng,NTB,AM Chi
NTB - Lâm Đồng,(LDO) Nam Ban Lâm Hà,Hàng Mới Ca 1,2026-09-13 - Chủ Nhật,35,100.00%,85.71%,0.00%,4.2,30,0,35,0,5,0,0.00%,14.29%,35,Lâm Đồng,NTB,AM Chi
NTB - Lâm Đồng,(LDO) Nam Ban Lâm Hà,Hàng Mới Ca 1,2026-08-21 - Thứ 6,38,100.00%,81.58%,0.00%,4.42,31,0,38,0,7,0,0.00%,18.42%,38,Lâm Đồng,NTB,AM Chi
NTB - Lâm Đồng,(LDO) Nam Ban Lâm Hà,Hàng Mới Ca 1,2026-08-28 - Thứ 6,31,100.00%,100.00%,0.00%,3.35,31,0,31,0,0,0,0.00%,0.00%,31,Lâm Đồng,NTB,AM Chi
NTB - Lâm Đồng,(LDO) Nam Ban Lâm Hà,Hàng Mới Ca 1,2026-08-20 - Thứ 5,39,100.00%,92.31%,0.00%,4.5,36,0,39,0,3,0,0.00%,7.69%,39,Lâm Đồng,NTB,AM Chi
NTB - Lâm Đồng,(LDO) Nam Ban Lâm Hà,Hàng Mới Ca 1,2026-08-23 - Chủ Nhật,43,100.00%,83.72%,0.00%,4.08,36,0,43,0,7,0,0.00%,16.28%,43,Lâm Đồng,NTB,AM Chi
NTB - Lâm Đồng,(LDO) Nam Ban Lâm Hà,Hàng Mới Ca 1,2026-08-22 - Thứ 7,45,100.00%,86.67%,0.00%,5.05,39,0,45,0,6,0,0.00%,13.33%,45,Lâm Đồng,NTB,AM Chi
NTB - Lâm Đồng,(LDO) Nam Ban Lâm Hà,Hàng Mới Ca 1,2026-09-06 - Chủ Nhật,48,100.00%,85.42%,0.00%,4.88,41,0,48,0,7,0,0.00%,14.58%,48,Lâm Đồng,NTB,AM Chi
NTB - Lâm Đồng,(LDO) Nam Ban Lâm Hà,Hàng Mới Ca 1,2026-09-12 - Thứ 7,45,100.00%,91.11%,0.00%,5.9,41,0,45,0,4,0,0.00%,8.89%,45,Lâm Đồng,NTB,AM Chi
NTB - Lâm Đồng,(LDO) Nam Ban Lâm Hà,Hàng Mới Ca 1,2026-08-27 - Thứ 5,49,100.00%,91.84%,0.00%,5.91,45,0,49,0,4,0,0.00%,8.16%,49,Lâm Đồng,NTB,AM Chi
NTB - Lâm Đồng,(LDO) Nam Ban Lâm Hà,Hàng Mới Ca 1,2026-09-01 - Thứ 3,58,100.00%,91.38%,0.00%,5.74,53,0,58,0,5,0,0.00%,8.62%,58,Lâm Đồng,NTB,AM Chi
NTB - Lâm Đồng,(LDO) Nam Ban Lâm Hà,Hàng Mới Ca 1,2026-08-18 - Thứ 3,67,100.00%,89.55%,0.00%,4.87,60,0,67,0,7,0,0.00%,10.45%,67,Lâm Đồng,NTB,AM Chi
NTB - Lâm Đồng,(LDO) Nam Ban Lâm Hà,Hàng Mới Ca 2,2026-08-31 - Thứ 2,7,0.00%,0.00%,0.00%,,0,0,0,0,7,7,100.00%,100.00%,7,Lâm Đồng,NTB,AM Chi
NTB - Lâm Đồng,(LDO) Nam Ban Lâm Hà,Hàng Mới Ca 2,2026-08-17 - Thứ 2,5,20.00%,20.00%,0.00%,4,1,0,1,0,4,4,80.00%,80.00%,5,Lâm Đồng,NTB,AM Chi
NTB - Lâm Đồng,(LDO) Nam Ban Lâm Hà,Hàng Mới Ca 2,2026-08-21 - Thứ 6,16,50.00%,43.75%,0.00%,2.29,7,0,8,0,9,8,50.00%,56.25%,16,Lâm Đồng,NTB,AM Chi
NTB - Lâm Đồng,(LDO) Nam Ban Lâm Hà,Hàng Mới Ca 2,2026-09-09 - Thứ 4,24,79.17%,54.17%,0.00%,4.46,13,0,19,0,11,5,20.83%,45.83%,24,Lâm Đồng,NTB,AM Chi
NTB - Lâm Đồng,(LDO) Nam Ban Lâm Hà,Hàng Mới Ca 2,2026-09-01 - Thứ 3,23,86.96%,60.87%,0.00%,3.79,14,0,20,0,9,3,13.04%,39.13%,23,Lâm Đồng,NTB,AM Chi
NTB - Lâm Đồng,(LDO) Nam Ban Lâm Hà,Hàng Mới Ca 2,2026-09-03 - Thứ 5,19,94.74%,78.95%,0.00%,3.4,15,0,18,0,4,1,5.26%,21.05%,19,Lâm Đồng,NTB,AM Chi
NTB - Lâm Đồng,(LDO) Nam Ban Lâm Hà,Hàng Mới Ca 2,2026-09-13 - Chủ Nhật,23,73.91%,69.57%,0.00%,2.44,16,0,17,0,7,6,26.09%,30.43%,23,Lâm Đồng,NTB,AM Chi
NTB - Lâm Đồng,(LDO) Nam Ban Lâm Hà,Hàng Mới Ca 2,2026-09-07 - Thứ 2,33,54.55%,51.52%,0.00%,3.12,17,0,18,0,16,15,45.45%,48.48%,33,Lâm Đồng,NTB,AM Chi
NTB - Lâm Đồng,(LDO) Nam Ban Lâm Hà,Hàng Mới Ca 2,2026-08-24 - Thứ 2,44,50.00%,38.64%,0.00%,4.12,17,0,22,0,27,22,50.00%,61.36%,44,Lâm Đồng,NTB,AM Chi
NTB - Lâm Đồng,(LDO) Nam Ban Lâm Hà,Hàng Mới Ca 2,2026-09-05 - Thứ 7,37,62.16%,51.35%,0.00%,3.05,19,0,23,0,18,14,37.84%,48.65%,37,Lâm Đồng,NTB,AM Chi
NTB - Lâm Đồng,(LDO) Nam Ban Lâm Hà,Hàng Mới Ca 2,2026-08-30 - Chủ Nhật,39,58.97%,51.28%,0.00%,3.75,20,0,23,0,19,16,41.03%,48.72%,39,Lâm Đồng,NTB,AM Chi
NTB - Lâm Đồng,(LDO) Nam Ban Lâm Hà,Hàng Mới Ca 2,2026-08-29 - Thứ 7,34,73.53%,64.71%,0.00%,3.95,22,0,25,0,12,9,26.47%,35.29%,34,Lâm Đồng,NTB,AM Chi
NTB - Lâm Đồng,(LDO) Nam Ban Lâm Hà,Hàng Mới Ca 2,2026-09-12 - Thứ 7,35,68.57%,62.86%,0.00%,3.18,22,0,24,0,13,11,31.43%,37.14%,35,Lâm Đồng,NTB,AM Chi
NTB - Lâm Đồng,(LDO) Nam Ban Lâm Hà,Hàng Mới Ca 2,2026-09-11 - Thứ 6,37,70.27%,59.46%,0.00%,4.27,22,0,26,0,15,11,29.73%,40.54%,37,Lâm Đồng,NTB,AM Chi
NTB - Lâm Đồng,(LDO) Nam Ban Lâm Hà,Hàng Mới Ca 2,2026-08-25 - Thứ 3,33,81.82%,75.76%,0.00%,2.56,25,0,27,0,8,6,18.18%,24.24%,33,Lâm Đồng,NTB,AM Chi
NTB - Lâm Đồng,(LDO) Nam Ban Lâm Hà,Hàng Mới Ca 2,2026-08-23 - Chủ Nhật,38,78.95%,68.42%,0.00%,3.85,26,0,30,0,12,8,21.05%,31.58%,38,Lâm Đồng,NTB,AM Chi
NTB - Lâm Đồng,(LDO) Nam Ban Lâm Hà,Hàng Mới Ca 2,2026-08-27 - Thứ 5,35,80.00%,77.14%,0.00%,3.59,27,0,28,0,8,7,20.00%,22.86%,35,Lâm Đồng,NTB,AM Chi
NTB - Lâm Đồng,(LDO) Nam Ban Lâm Hà,Hàng Mới Ca 2,2026-09-06 - Chủ Nhật,46,67.39%,60.87%,0.00%,4.21,28,0,31,0,18,15,32.61%,39.13%,46,Lâm Đồng,NTB,AM Chi
NTB - Lâm Đồng,(LDO) Nam Ban Lâm Hà,Hàng Mới Ca 2,2026-09-04 - Thứ 6,47,68.09%,59.57%,0.00%,3.46,28,0,32,0,19,15,31.91%,40.43%,47,Lâm Đồng,NTB,AM Chi
NTB - Lâm Đồng,(LDO) Nam Ban Lâm Hà,Hàng Mới Ca 2,2026-09-08 - Thứ 3,46,69.57%,63.04%,0.00%,3.62,29,0,32,0,17,14,30.43%,36.96%,46,Lâm Đồng,NTB,AM Chi
NTB - Lâm Đồng,(LDO) Nam Ban Lâm Hà,Hàng Mới Ca 2,2026-09-02 - Thứ 4,40,87.50%,75.00%,0.00%,3.7,30,0,35,0,10,5,12.50%,25.00%,40,Lâm Đồng,NTB,AM Chi
NTB - Lâm Đồng,(LDO) Nam Ban Lâm Hà,Hàng Mới Ca 2,2026-08-28 - Thứ 6,43,83.72%,69.77%,0.00%,2.4,30,0,36,0,13,7,16.28%,30.23%,43,Lâm Đồng,NTB,AM Chi
NTB - Lâm Đồng,(LDO) Nam Ban Lâm Hà,Hàng Mới Ca 2,2026-08-20 - Thứ 5,38,94.74%,84.21%,0.00%,3.47,32,0,36,0,6,2,5.26%,15.79%,38,Lâm Đồng,NTB,AM Chi
NTB - Lâm Đồng,(LDO) Nam Ban Lâm Hà,Hàng Mới Ca 2,2026-08-18 - Thứ 3,54,74.07%,62.96%,0.00%,4.44,34,0,40,0,20,14,25.93%,37.04%,54,Lâm Đồng,NTB,AM Chi
NTB - Lâm Đồng,(LDO) Nam Ban Lâm Hà,Hàng Mới Ca 2,2026-08-19 - Thứ 4,54,75.93%,66.67%,0.00%,3.92,36,0,41,0,18,13,24.07%,33.33%,54,Lâm Đồng,NTB,AM Chi
NTB - Lâm Đồng,(LDO) Nam Ban Lâm Hà,Hàng Mới Ca 2,2026-08-22 - Thứ 7,55,72.73%,65.45%,0.00%,2.72,36,0,40,0,19,15,27.27%,34.55%,55,Lâm Đồng,NTB,AM Chi
NTB - Lâm Đồng,(LDO) Nam Ban Lâm Hà,Hàng Mới Ca 2,2026-09-10 - Thứ 5,62,70.97%,62.90%,0.00%,4.08,39,0,44,0,23,18,29.03%,37.10%,62,Lâm Đồng,NTB,AM Chi
NTB - Lâm Đồng,(LDO) Nam Ban Lâm Hà,Hàng Mới Ca 2,2026-08-26 - Thứ 4,52,78.85%,75.00%,0.00%,3.31,39,0,41,0,13,11,21.15%,25.00%,52,Lâm Đồng,NTB,AM Chi
NTB - Lâm Đồng,(LDO) Nam Ban Lâm Hà,Hàng Tồn,2026-09-04 - Thứ 6,16,100.00%,43.75%,6.25%,38.43,7,1,16,1,8,0,0.00%,50.00%,0,Lâm Đồng,NTB,AM Chi
NTB - Lâm Đồng,(LDO) Nam Ban Lâm Hà,Hàng Tồn,2026-08-21 - Thứ 6,20,100.00%,35.00%,0.00%,39.43,7,0,20,0,13,0,0.00%,65.00%,0,Lâm Đồng,NTB,AM Chi
NTB - Lâm Đồng,(LDO) Nam Ban Lâm Hà,Hàng Tồn,2026-09-03 - Thứ 5,20,95.00%,35.00%,5.00%,55.57,7,1,19,1,12,1,5.00%,60.00%,0,Lâm Đồng,NTB,AM Chi
NTB - Lâm Đồng,(LDO) Nam Ban Lâm Hà,Hàng Tồn,2026-08-18 - Thứ 3,14,100.00%,64.29%,0.00%,36.44,9,0,14,0,5,0,0.00%,35.71%,0,Lâm Đồng,NTB,AM Chi
NTB - Lâm Đồng,(LDO) Nam Ban Lâm Hà,Hàng Tồn,2026-08-26 - Thứ 4,20,100.00%,45.00%,5.00%,28.78,9,1,20,1,10,0,0.00%,50.00%,0,Lâm Đồng,NTB,AM Chi
NTB - Lâm Đồng,(LDO) Nam Ban Lâm Hà,Hàng Tồn,2026-08-28 - Thứ 6,16,100.00%,62.50%,0.00%,30.9,10,0,16,0,6,0,0.00%,37.50%,0,Lâm Đồng,NTB,AM Chi
NTB - Lâm Đồng,(LDO) Nam Ban Lâm Hà,Hàng Tồn,2026-09-02 - Thứ 4,22,100.00%,50.00%,4.55%,34.18,11,1,22,1,10,0,0.00%,45.45%,0,Lâm Đồng,NTB,AM Chi
NTB - Lâm Đồng,(LDO) Nam Ban Lâm Hà,Hàng Tồn,2026-08-30 - Chủ Nhật,18,94.44%,66.67%,5.56%,24.92,12,1,17,1,5,1,5.56%,27.77%,0,Lâm Đồng,NTB,AM Chi
NTB - Lâm Đồng,(LDO) Nam Ban Lâm Hà,Hàng Tồn,2026-08-31 - Thứ 2,26,96.15%,46.15%,3.85%,26.5,12,1,25,1,13,1,3.85%,50.00%,0,Lâm Đồng,NTB,AM Chi
NTB - Lâm Đồng,(LDO) Nam Ban Lâm Hà,Hàng Tồn,2026-08-29 - Thứ 7,19,100.00%,68.42%,5.26%,30.92,13,1,19,1,5,0,0.00%,26.32%,0,Lâm Đồng,NTB,AM Chi
NTB - Lâm Đồng,(LDO) Nam Ban Lâm Hà,Hàng Tồn,2026-09-01 - Thứ 3,21,100.00%,61.90%,0.00%,37.77,13,0,21,0,8,0,0.00%,38.10%,0,Lâm Đồng,NTB,AM Chi
NTB - Lâm Đồng,(LDO) Nam Ban Lâm Hà,Hàng Tồn,2026-08-20 - Thứ 5,31,100.00%,45.16%,9.68%,26.71,14,3,31,3,14,0,0.00%,45.16%,0,Lâm Đồng,NTB,AM Chi
NTB - Lâm Đồng,(LDO) Nam Ban Lâm Hà,Hàng Tồn,2026-08-24 - Thứ 2,30,100.00%,46.67%,3.33%,33.71,14,1,30,1,15,0,0.00%,50.00%,0,Lâm Đồng,NTB,AM Chi
NTB - Lâm Đồng,(LDO) Nam Ban Lâm Hà,Hàng Tồn,2026-08-22 - Thứ 7,27,100.00%,51.85%,7.41%,32.29,14,2,27,2,11,0,0.00%,40.74%,0,Lâm Đồng,NTB,AM Chi
NTB - Lâm Đồng,(LDO) Nam Ban Lâm Hà,Hàng Tồn,2026-08-27 - Thứ 5,23,100.00%,65.22%,13.04%,23.07,15,3,23,3,5,0,0.00%,21.74%,0,Lâm Đồng,NTB,AM Chi
NTB - Lâm Đồng,(LDO) Nam Ban Lâm Hà,Hàng Tồn,2026-09-09 - Thứ 4,29,100.00%,51.72%,13.79%,28.33,15,4,29,4,10,0,0.00%,34.49%,0,Lâm Đồng,NTB,AM Chi
NTB - Lâm Đồng,(LDO) Nam Ban Lâm Hà,Hàng Tồn,2026-08-17 - Thứ 2,29,100.00%,55.17%,3.45%,36.44,16,1,29,1,12,0,0.00%,41.38%,0,Lâm Đồng,NTB,AM Chi
NTB - Lâm Đồng,(LDO) Nam Ban Lâm Hà,Hàng Tồn,2026-09-12 - Thứ 7,31,100.00%,54.84%,3.23%,35.35,17,1,31,1,13,0,0.00%,41.93%,0,Lâm Đồng,NTB,AM Chi
NTB - Lâm Đồng,(LDO) Nam Ban Lâm Hà,Hàng Tồn,2026-09-05 - Thứ 7,25,100.00%,68.00%,12.00%,28.59,17,3,25,3,5,0,0.00%,20.00%,0,Lâm Đồng,NTB,AM Chi
NTB - Lâm Đồng,(LDO) Nam Ban Lâm Hà,Hàng Tồn,2026-09-13 - Chủ Nhật,27,100.00%,62.96%,3.70%,29.71,17,1,27,1,9,0,0.00%,33.34%,0,Lâm Đồng,NTB,AM Chi
NTB - Lâm Đồng,(LDO) Nam Ban Lâm Hà,Hàng Tồn,2026-09-06 - Chủ Nhật,27,100.00%,66.67%,0.00%,25.44,18,0,27,0,9,0,0.00%,33.33%,0,Lâm Đồng,NTB,AM Chi
NTB - Lâm Đồng,(LDO) Nam Ban Lâm Hà,Hàng Tồn,2026-08-19 - Thứ 4,31,100.00%,58.06%,0.00%,25.83,18,0,31,0,13,0,0.00%,41.94%,0,Lâm Đồng,NTB,AM Chi
NTB - Lâm Đồng,(LDO) Nam Ban Lâm Hà,Hàng Tồn,2026-09-10 - Thứ 5,27,100.00%,66.67%,7.41%,30.78,18,2,27,2,7,0,0.00%,25.92%,0,Lâm Đồng,NTB,AM Chi
NTB - Lâm Đồng,(LDO) Nam Ban Lâm Hà,Hàng Tồn,2026-09-08 - Thứ 3,29,100.00%,65.52%,0.00%,29.16,19,0,29,0,10,0,0.00%,34.48%,0,Lâm Đồng,NTB,AM Chi
NTB - Lâm Đồng,(LDO) Nam Ban Lâm Hà,Hàng Tồn,2026-08-23 - Chủ Nhật,33,100.00%,57.58%,0.00%,28.63,19,0,33,0,14,0,0.00%,42.42%,0,Lâm Đồng,NTB,AM Chi
NTB - Lâm Đồng,(LDO) Nam Ban Lâm Hà,Hàng Tồn,2026-09-07 - Thứ 2,34,100.00%,61.76%,0.00%,28.43,21,0,34,0,13,0,0.00%,38.24%,0,Lâm Đồng,NTB,AM Chi
NTB - Lâm Đồng,(LDO) Nam Ban Lâm Hà,Hàng Tồn,2026-09-11 - Thứ 6,34,100.00%,61.76%,0.00%,27.95,21,0,34,0,13,0,0.00%,38.24%,0,Lâm Đồng,NTB,AM Chi
NTB - Lâm Đồng,(LDO) Nam Ban Lâm Hà,Hàng Tồn,2026-08-25 - Thứ 3,41,100.00%,70.73%,0.00%,29.03,29,0,41,0,12,0,0.00%,29.27%,0,Lâm Đồng,NTB,AM Chi
NTB - Lâm Đồng,(LDO) Lâm Viên - Đà Lạt 2,Hàng Mới Ca 1,2026-08-28 - Thứ 6,121,86.78%,73.55%,0.00%,18.67,89,0,105,0,32,16,13.22%,26.45%,121,Lâm Đồng,NTB,AM Trường
NTB - Lâm Đồng,(LDO) Lâm Viên - Đà Lạt 2,Hàng Mới Ca 1,2026-08-25 - Thứ 3,12,58.33%,41.67%,0.00%,7,5,0,7,0,7,5,41.67%,58.33%,12,Lâm Đồng,NTB,AM Trường
NTB - Lâm Đồng,(LDO) Lâm Viên - Đà Lạt 2,Hàng Mới Ca 1,2026-08-18 - Thứ 3,13,100.00%,53.85%,0.00%,8.86,7,0,13,0,6,0,0.00%,46.15%,13,Lâm Đồng,NTB,AM Trường
NTB - Lâm Đồng,(LDO) Lâm Viên - Đà Lạt 2,Hàng Mới Ca 1,2026-08-31 - Thứ 2,17,100.00%,58.82%,0.00%,9.6,10,0,17,0,7,0,0.00%,41.18%,17,Lâm Đồng,NTB,AM Trường
NTB - Lâm Đồng,(LDO) Lâm Viên - Đà Lạt 2,Hàng Mới Ca 1,2026-08-21 - Thứ 6,22,81.82%,54.55%,0.00%,8.92,12,0,18,0,10,4,18.18%,45.45%,22,Lâm Đồng,NTB,AM Trường
NTB - Lâm Đồng,(LDO) Lâm Viên - Đà Lạt 2,Hàng Mới Ca 1,2026-08-19 - Thứ 4,28,85.71%,46.43%,0.00%,10.31,13,0,24,0,15,4,14.29%,53.57%,28,Lâm Đồng,NTB,AM Trường
NTB - Lâm Đồng,(LDO) Lâm Viên - Đà Lạt 2,Hàng Mới Ca 1,2026-09-11 - Thứ 6,19,100.00%,68.42%,0.00%,6.15,13,0,19,0,6,0,0.00%,31.58%,19,Lâm Đồng,NTB,AM Trường
NTB - Lâm Đồng,(LDO) Lâm Viên - Đà Lạt 2,Hàng Mới Ca 1,2026-08-20 - Thứ 5,21,90.48%,71.43%,0.00%,6.2,15,0,19,0,6,2,9.52%,28.57%,21,Lâm Đồng,NTB,AM Trường
NTB - Lâm Đồng,(LDO) Lâm Viên - Đà Lạt 2,Hàng Mới Ca 1,2026-09-06 - Chủ Nhật,21,100.00%,71.43%,0.00%,5.87,15,0,21,0,6,0,0.00%,28.57%,21,Lâm Đồng,NTB,AM Trường
NTB - Lâm Đồng,(LDO) Lâm Viên - Đà Lạt 2,Hàng Mới Ca 1,2026-09-01 - Thứ 3,50,62.00%,40.00%,2.00%,19.7,20,1,31,1,29,19,38.00%,58.00%,50,Lâm Đồng,NTB,AM Trường
NTB - Lâm Đồng,(LDO) Lâm Viên - Đà Lạt 2,Hàng Mới Ca 1,2026-09-13 - Chủ Nhật,76,46.05%,31.58%,0.00%,19.13,24,0,35,0,52,41,53.95%,68.42%,76,Lâm Đồng,NTB,AM Trường
NTB - Lâm Đồng,(LDO) Lâm Viên - Đà Lạt 2,Hàng Mới Ca 1,2026-08-22 - Thứ 7,94,38.30%,30.85%,0.00%,22.38,29,0,36,0,65,58,61.70%,69.15%,94,Lâm Đồng,NTB,AM Trường
NTB - Lâm Đồng,(LDO) Lâm Viên - Đà Lạt 2,Hàng Mới Ca 1,2026-09-05 - Thứ 7,46,93.48%,67.39%,0.00%,15.97,31,0,43,0,15,3,6.52%,32.61%,46,Lâm Đồng,NTB,AM Trường
NTB - Lâm Đồng,(LDO) Lâm Viên - Đà Lạt 2,Hàng Mới Ca 1,2026-09-04 - Thứ 6,41,92.68%,78.05%,0.00%,15.88,32,0,38,0,9,3,7.32%,21.95%,41,Lâm Đồng,NTB,AM Trường
NTB - Lâm Đồng,(LDO) Lâm Viên - Đà Lạt 2,Hàng Mới Ca 1,2026-09-03 - Thứ 5,56,94.64%,66.07%,0.00%,18.24,37,0,53,0,19,3,5.36%,33.93%,56,Lâm Đồng,NTB,AM Trường
NTB - Lâm Đồng,(LDO) Lâm Viên - Đà Lạt 2,Hàng Mới Ca 1,2026-08-29 - Thứ 7,71,95.77%,53.52%,0.00%,20.82,38,0,68,0,33,3,4.23%,46.48%,71,Lâm Đồng,NTB,AM Trường
NTB - Lâm Đồng,(LDO) Lâm Viên - Đà Lạt 2,Hàng Mới Ca 1,2026-08-27 - Thứ 5,59,93.22%,64.41%,0.00%,18.16,38,0,55,0,21,4,6.78%,35.59%,59,Lâm Đồng,NTB,AM Trường
NTB - Lâm Đồng,(LDO) Lâm Viên - Đà Lạt 2,Hàng Mới Ca 1,2026-08-24 - Thứ 2,80,77.50%,48.75%,0.00%,19,39,0,62,0,41,18,22.50%,51.25%,80,Lâm Đồng,NTB,AM Trường
NTB - Lâm Đồng,(LDO) Lâm Viên - Đà Lạt 2,Hàng Mới Ca 1,2026-08-30 - Chủ Nhật,93,79.57%,49.46%,0.00%,21.96,46,0,74,0,47,19,20.43%,50.54%,93,Lâm Đồng,NTB,AM Trường
NTB - Lâm Đồng,(LDO) Lâm Viên - Đà Lạt 2,Hàng Mới Ca 1,2026-08-23 - Chủ Nhật,82,81.71%,56.10%,0.00%,21.15,46,0,67,0,36,15,18.29%,43.90%,82,Lâm Đồng,NTB,AM Trường
NTB - Lâm Đồng,(LDO) Lâm Viên - Đà Lạt 2,Hàng Mới Ca 1,2026-09-10 - Thứ 5,58,96.55%,81.03%,0.00%,6.43,47,0,56,0,11,2,3.45%,18.97%,58,Lâm Đồng,NTB,AM Trường
NTB - Lâm Đồng,(LDO) Lâm Viên - Đà Lạt 2,Hàng Mới Ca 1,2026-08-17 - Thứ 2,85,81.18%,57.65%,0.00%,23.31,49,0,69,0,36,16,18.82%,42.35%,85,Lâm Đồng,NTB,AM Trường
NTB - Lâm Đồng,(LDO) Lâm Viên - Đà Lạt 2,Hàng Mới Ca 1,2026-09-12 - Thứ 7,79,98.73%,62.03%,0.00%,20.98,49,0,78,0,30,1,1.27%,37.97%,79,Lâm Đồng,NTB,AM Trường
NTB - Lâm Đồng,(LDO) Lâm Viên - Đà Lạt 2,Hàng Mới Ca 1,2026-09-08 - Thứ 3,63,98.41%,80.95%,0.00%,21.14,51,0,62,0,12,1,1.59%,19.05%,63,Lâm Đồng,NTB,AM Trường
NTB - Lâm Đồng,(LDO) Lâm Viên - Đà Lạt 2,Hàng Mới Ca 1,2026-09-09 - Thứ 4,79,81.01%,73.42%,0.00%,20.17,58,0,64,0,21,15,18.99%,26.58%,79,Lâm Đồng,NTB,AM Trường
NTB - Lâm Đồng,(LDO) Lâm Viên - Đà Lạt 2,Hàng Mới Ca 1,2026-08-26 - Thứ 4,105,87.62%,60.00%,0.00%,20.44,63,0,92,0,42,13,12.38%,40.00%,105,Lâm Đồng,NTB,AM Trường
NTB - Lâm Đồng,(LDO) Lâm Viên - Đà Lạt 2,Hàng Mới Ca 1,2026-09-02 - Thứ 4,98,93.88%,76.53%,0.00%,22.96,75,0,92,0,23,6,6.12%,23.47%,98,Lâm Đồng,NTB,AM Trường
NTB - Lâm Đồng,(LDO) Lâm Viên - Đà Lạt 2,Hàng Mới Ca 1,2026-09-07 - Thứ 2,122,95.90%,63.11%,0.00%,20.9,77,0,117,0,45,5,4.10%,36.89%,122,Lâm Đồng,NTB,AM Trường
NTB - Lâm Đồng,(LDO) Lâm Viên - Đà Lạt 2,Hàng Mới Ca 2,2026-08-20 - Thứ 5,66,0.00%,0.00%,0.00%,,0,0,0,0,66,66,100.00%,100.00%,66,Lâm Đồng,NTB,AM Trường
NTB - Lâm Đồng,(LDO) Lâm Viên - Đà Lạt 2,Hàng Mới Ca 2,2026-08-30 - Chủ Nhật,44,0.00%,0.00%,0.00%,,0,0,0,0,44,44,100.00%,100.00%,44,Lâm Đồng,NTB,AM Trường
NTB - Lâm Đồng,(LDO) Lâm Viên - Đà Lạt 2,Hàng Mới Ca 2,2026-08-19 - Thứ 4,55,0.00%,0.00%,0.00%,,0,0,0,0,55,55,100.00%,100.00%,55,Lâm Đồng,NTB,AM Trường
NTB - Lâm Đồng,(LDO) Lâm Viên - Đà Lạt 2,Hàng Mới Ca 2,2026-08-17 - Thứ 2,60,0.00%,0.00%,0.00%,,0,0,0,0,60,60,100.00%,100.00%,60,Lâm Đồng,NTB,AM Trường
NTB - Lâm Đồng,(LDO) Lâm Viên - Đà Lạt 2,Hàng Mới Ca 2,2026-09-10 - Thứ 5,114,0.00%,0.00%,0.00%,,0,0,0,0,114,114,100.00%,100.00%,114,Lâm Đồng,NTB,AM Trường
NTB - Lâm Đồng,(LDO) Lâm Viên - Đà Lạt 2,Hàng Mới Ca 2,2026-09-05 - Thứ 7,56,0.00%,0.00%,0.00%,,0,0,0,0,56,56,100.00%,100.00%,56,Lâm Đồng,NTB,AM Trường
NTB - Lâm Đồng,(LDO) Lâm Viên - Đà Lạt 2,Hàng Mới Ca 2,2026-08-18 - Thứ 3,70,0.00%,0.00%,0.00%,,0,0,0,0,70,70,100.00%,100.00%,70,Lâm Đồng,NTB,AM Trường
NTB - Lâm Đồng,(LDO) Lâm Viên - Đà Lạt 2,Hàng Mới Ca 2,2026-09-13 - Chủ Nhật,46,0.00%,0.00%,0.00%,,0,0,0,0,46,46,100.00%,100.00%,46,Lâm Đồng,NTB,AM Trường
NTB - Lâm Đồng,(LDO) Lâm Viên - Đà Lạt 2,Hàng Mới Ca 2,2026-08-24 - Thứ 2,47,0.00%,0.00%,0.00%,,0,0,0,0,47,47,100.00%,100.00%,47,Lâm Đồng,NTB,AM Trường
NTB - Lâm Đồng,(LDO) Lâm Viên - Đà Lạt 2,Hàng Mới Ca 2,2026-09-01 - Thứ 3,2,100.00%,100.00%,0.00%,3,2,0,2,0,0,0,0.00%,0.00%,2,Lâm Đồng,NTB,AM Trường
NTB - Lâm Đồng,(LDO) Lâm Viên - Đà Lạt 2,Hàng Mới Ca 2,2026-08-31 - Thứ 2,3,100.00%,100.00%,0.00%,2.67,3,0,3,0,0,0,0.00%,0.00%,3,Lâm Đồng,NTB,AM Trường
NTB - Lâm Đồng,(LDO) Lâm Viên - Đà Lạt 2,Hàng Tồn,2026-08-25 - Thứ 3,139,80.58%,48.20%,2.16%,55.27,67,3,112,3,69,27,19.42%,49.64%,0,Lâm Đồng,NTB,AM Trường
NTB - Lâm Đồng,(LDO) Lâm Viên - Đà Lạt 2,Hàng Tồn,2026-09-11 - Thứ 6,130,100.00%,60.00%,1.54%,25.58,78,2,130,2,50,0,0.00%,38.46%,0,Lâm Đồng,NTB,AM Trường
NTB - Lâm Đồng,(LDO) Lâm Viên - Đà Lạt 2,Hàng Tồn,2026-09-09 - Thứ 4,32,75.00%,21.88%,3.13%,71.29,7,1,24,1,24,8,25.00%,74.99%,0,Lâm Đồng,NTB,AM Trường
NTB - Lâm Đồng,(LDO) Lâm Viên - Đà Lạt 2,Hàng Tồn,2026-09-05 - Thứ 7,26,92.31%,42.31%,7.69%,71.82,11,2,24,2,13,2,7.69%,50.00%,0,Lâm Đồng,NTB,AM Trường
NTB - Lâm Đồng,(LDO) Lâm Viên - Đà Lạt 2,Hàng Tồn,2026-09-04 - Thứ 6,40,90.00%,32.50%,2.50%,53.69,13,1,36,1,26,4,10.00%,65.00%,0,Lâm Đồng,NTB,AM Trường
NTB - Lâm Đồng,(LDO) Lâm Viên - Đà Lạt 2,Hàng Tồn,2026-09-03 - Thứ 5,44,93.18%,31.82%,11.36%,62.93,14,5,41,5,25,3,6.82%,56.82%,0,Lâm Đồng,NTB,AM Trường
NTB - Lâm Đồng,(LDO) Lâm Viên - Đà Lạt 2,Hàng Tồn,2026-09-01 - Thứ 3,48,93.75%,31.25%,2.08%,90.6,15,1,45,1,32,3,6.25%,66.67%,0,Lâm Đồng,NTB,AM Trường
NTB - Lâm Đồng,(LDO) Lâm Viên - Đà Lạt 2,Hàng Tồn,2026-08-29 - Thứ 7,58,89.66%,29.31%,6.90%,61.82,17,4,52,4,37,6,10.34%,63.79%,0,Lâm Đồng,NTB,AM Trường
NTB - Lâm Đồng,(LDO) Lâm Viên - Đà Lạt 2,Hàng Tồn,2026-09-07 - Thứ 2,36,94.44%,47.22%,2.78%,55.18,17,1,34,1,18,2,5.56%,50.00%,0,Lâm Đồng,NTB,AM Trường
NTB - Lâm Đồng,(LDO) Lâm Viên - Đà Lạt 2,Hàng Tồn,2026-09-13 - Chủ Nhật,59,71.19%,28.81%,1.69%,54.29,17,1,42,1,41,17,28.81%,69.50%,0,Lâm Đồng,NTB,AM Trường
NTB - Lâm Đồng,(LDO) Lâm Viên - Đà Lạt 2,Hàng Tồn,2026-08-30 - Chủ Nhật,64,76.56%,28.13%,6.25%,59.06,18,4,49,4,42,15,23.44%,65.62%,0,Lâm Đồng,NTB,AM Trường
NTB - Lâm Đồng,(LDO) Lâm Viên - Đà Lạt 2,Hàng Tồn,2026-08-28 - Thứ 6,56,96.43%,35.71%,8.93%,78.7,20,5,54,5,31,2,3.57%,55.36%,0,Lâm Đồng,NTB,AM Trường
NTB - Lâm Đồng,(LDO) Lâm Viên - Đà Lạt 2,Hàng Tồn,2026-09-02 - Thứ 4,55,89.09%,38.18%,9.09%,62.81,21,5,49,5,29,6,10.91%,52.73%,0,Lâm Đồng,NTB,AM Trường
NTB - Lâm Đồng,(LDO) Lâm Viên - Đà Lạt 2,Hàng Tồn,2026-09-12 - Thứ 7,56,100.00%,37.50%,3.57%,51.9,21,2,56,2,33,0,0.00%,58.93%,0,Lâm Đồng,NTB,AM Trường
NTB - Lâm Đồng,(LDO) Lâm Viên - Đà Lạt 2,Hàng Tồn,2026-09-10 - Thứ 5,43,95.35%,55.81%,9.30%,59,24,4,41,4,15,2,4.65%,34.89%,0,Lâm Đồng,NTB,AM Trường
NTB - Lâm Đồng,(LDO) Lâm Viên - Đà Lạt 2,Hàng Tồn,2026-08-26 - Thứ 4,75,78.67%,36.00%,13.33%,75.3,27,10,59,10,38,16,21.33%,50.67%,0,Lâm Đồng,NTB,AM Trường
NTB - Lâm Đồng,(LDO) Lâm Viên - Đà Lạt 2,Hàng Tồn,2026-08-22 - Thứ 7,101,81.19%,26.73%,4.95%,67.26,27,5,82,5,69,19,18.81%,68.32%,0,Lâm Đồng,NTB,AM Trường
NTB - Lâm Đồng,(LDO) Lâm Viên - Đà Lạt 2,Hàng Tồn,2026-08-27 - Thứ 5,70,100.00%,41.43%,4.29%,59.07,29,3,70,3,38,0,0.00%,54.28%,0,Lâm Đồng,NTB,AM Trường
NTB - Lâm Đồng,(LDO) Lâm Viên - Đà Lạt 2,Hàng Tồn,2026-09-08 - Thứ 3,54,100.00%,55.56%,0.00%,51.2,30,0,54,0,24,0,0.00%,44.44%,0,Lâm Đồng,NTB,AM Trường
NTB - Lâm Đồng,(LDO) Lâm Viên - Đà Lạt 2,Hàng Tồn,2026-08-24 - Thứ 2,105,94.29%,40.00%,6.67%,79.74,42,7,99,7,56,6,5.71%,53.33%,0,Lâm Đồng,NTB,AM Trường
NTB - Lâm Đồng,(LDO) Lâm Viên - Đà Lạt 2,Hàng Tồn,2026-09-06 - Chủ Nhật,80,97.50%,55.00%,5.00%,28.75,44,4,78,4,32,2,2.50%,40.00%,0,Lâm Đồng,NTB,AM Trường
NTB - Lâm Đồng,(LDO) Lâm Viên - Đà Lạt 2,Hàng Tồn,2026-08-21 - Thứ 6,143,71.33%,32.17%,3.50%,43.22,46,5,102,5,92,41,28.67%,64.33%,0,Lâm Đồng,NTB,AM Trường
NTB - Lâm Đồng,(LDO) Lâm Viên - Đà Lạt 2,Hàng Tồn,2026-08-17 - Thứ 2,106,76.42%,44.34%,5.66%,76.6,47,6,81,6,53,25,23.58%,50.00%,0,Lâm Đồng,NTB,AM Trường
NTB - Lâm Đồng,(LDO) Lâm Viên - Đà Lạt 2,Hàng Tồn,2026-08-23 - Chủ Nhật,129,83.72%,36.43%,3.88%,66.77,47,5,108,5,77,21,16.28%,59.69%,0,Lâm Đồng,NTB,AM Trường
NTB - Lâm Đồng,(LDO) Lâm Viên - Đà Lạt 2,Hàng Tồn,2026-08-19 - Thứ 4,143,93.71%,39.16%,5.59%,39.07,56,8,134,8,79,9,6.29%,55.25%,0,Lâm Đồng,NTB,AM Trường
NTB - Lâm Đồng,(LDO) Lâm Viên - Đà Lạt 2,Hàng Tồn,2026-08-18 - Thứ 3,138,94.20%,42.75%,5.07%,47.36,59,7,130,7,72,8,5.80%,52.18%,0,Lâm Đồng,NTB,AM Trường
NTB - Lâm Đồng,(LDO) Lâm Viên - Đà Lạt 2,Hàng Tồn,2026-08-20 - Thứ 5,144,89.58%,43.75%,2.78%,46.9,63,4,129,4,77,15,10.42%,53.47%,0,Lâm Đồng,NTB,AM Trường
NTB - Lâm Đồng,(LDO) Lâm Viên - Đà Lạt 2,Hàng Tồn,2026-08-31 - Thứ 2,122,86.89%,59.84%,2.46%,44.21,73,3,106,3,46,16,13.11%,37.70%,0,Lâm Đồng,NTB,AM Trường
NTB - Lâm Đồng,(LDO) Lâm Viên - Đà Lạt 1,Hàng Mới Ca 1,2026-08-18 - Thứ 3,85,97.65%,84.71%,0.00%,15.38,72,0,83,0,13,2,2.35%,15.29%,85,Lâm Đồng,NTB,AM Trường
NTB - Lâm Đồng,(LDO) Lâm Viên - Đà Lạt 1,Hàng Mới Ca 1,2026-08-17 - Thứ 2,27,96.30%,77.78%,0.00%,8.9,21,0,26,0,6,1,3.70%,22.22%,27,Lâm Đồng,NTB,AM Trường
NTB - Lâm Đồng,(LDO) Lâm Viên - Đà Lạt 1,Hàng Mới Ca 1,2026-09-08 - Thứ 3,27,100.00%,85.19%,0.00%,9.57,23,0,27,0,4,0,0.00%,14.81%,27,Lâm Đồng,NTB,AM Trường
NTB - Lâm Đồng,(LDO) Lâm Viên - Đà Lạt 1,Hàng Mới Ca 1,2026-09-04 - Thứ 6,35,74.29%,65.71%,0.00%,8.13,23,0,26,0,12,9,25.71%,34.29%,35,Lâm Đồng,NTB,AM Trường
NTB - Lâm Đồng,(LDO) Lâm Viên - Đà Lạt 1,Hàng Mới Ca 1,2026-08-30 - Chủ Nhật,36,100.00%,66.67%,0.00%,7.92,24,0,36,0,12,0,0.00%,33.33%,36,Lâm Đồng,NTB,AM Trường
NTB - Lâm Đồng,(LDO) Lâm Viên - Đà Lạt 1,Hàng Mới Ca 1,2026-09-03 - Thứ 5,28,100.00%,85.71%,0.00%,7.92,24,0,28,0,4,0,0.00%,14.29%,28,Lâm Đồng,NTB,AM Trường
NTB - Lâm Đồng,(LDO) Lâm Viên - Đà Lạt 1,Hàng Mới Ca 1,2026-09-02 - Thứ 4,33,96.97%,75.76%,0.00%,6.84,25,0,32,0,8,1,3.03%,24.24%,33,Lâm Đồng,NTB,AM Trường
NTB - Lâm Đồng,(LDO) Lâm Viên - Đà Lạt 1,Hàng Mới Ca 1,2026-09-13 - Chủ Nhật,33,100.00%,75.76%,0.00%,7.68,25,0,33,0,8,0,0.00%,24.24%,33,Lâm Đồng,NTB,AM Trường
NTB - Lâm Đồng,(LDO) Lâm Viên - Đà Lạt 1,Hàng Mới Ca 1,2026-08-25 - Thứ 3,39,84.62%,66.67%,0.00%,8.42,26,0,33,0,13,6,15.38%,33.33%,39,Lâm Đồng,NTB,AM Trường
NTB - Lâm Đồng,(LDO) Lâm Viên - Đà Lạt 1,Hàng Mới Ca 1,2026-08-21 - Thứ 6,38,94.74%,68.42%,0.00%,7.73,26,0,36,0,12,2,5.26%,31.58%,38,Lâm Đồng,NTB,AM Trường
NTB - Lâm Đồng,(LDO) Lâm Viên - Đà Lạt 1,Hàng Mới Ca 1,2026-08-29 - Thứ 7,51,86.27%,58.82%,0.00%,8.83,30,0,44,0,21,7,13.73%,41.18%,51,Lâm Đồng,NTB,AM Trường
NTB - Lâm Đồng,(LDO) Lâm Viên - Đà Lạt 1,Hàng Mới Ca 1,2026-09-09 - Thứ 4,45,100.00%,68.89%,0.00%,7.77,31,0,45,0,14,0,0.00%,31.11%,45,Lâm Đồng,NTB,AM Trường
NTB - Lâm Đồng,(LDO) Lâm Viên - Đà Lạt 1,Hàng Mới Ca 1,2026-08-31 - Thứ 2,44,93.18%,77.27%,0.00%,7.47,34,0,41,0,10,3,6.82%,22.73%,44,Lâm Đồng,NTB,AM Trường
NTB - Lâm Đồng,(LDO) Lâm Viên - Đà Lạt 1,Hàng Mới Ca 1,2026-09-11 - Thứ 6,43,100.00%,79.07%,0.00%,8.03,34,0,43,0,9,0,0.00%,20.93%,43,Lâm Đồng,NTB,AM Trường
NTB - Lâm Đồng,(LDO) Lâm Viên - Đà Lạt 1,Hàng Mới Ca 1,2026-08-26 - Thứ 4,40,100.00%,97.50%,0.00%,7.87,39,0,40,0,1,0,0.00%,2.50%,40,Lâm Đồng,NTB,AM Trường
NTB - Lâm Đồng,(LDO) Lâm Viên - Đà Lạt 1,Hàng Mới Ca 1,2026-08-24 - Thứ 2,47,100.00%,82.98%,0.00%,8.44,39,0,47,0,8,0,0.00%,17.02%,47,Lâm Đồng,NTB,AM Trường
NTB - Lâm Đồng,(LDO) Lâm Viên - Đà Lạt 1,Hàng Mới Ca 1,2026-08-20 - Thứ 5,52,88.46%,78.85%,0.00%,8.46,41,0,46,0,11,6,11.54%,21.15%,52,Lâm Đồng,NTB,AM Trường
NTB - Lâm Đồng,(LDO) Lâm Viên - Đà Lạt 1,Hàng Mới Ca 1,2026-08-19 - Thứ 4,58,91.38%,70.69%,0.00%,10.56,41,0,53,0,17,5,8.62%,29.31%,58,Lâm Đồng,NTB,AM Trường
NTB - Lâm Đồng,(LDO) Lâm Viên - Đà Lạt 1,Hàng Mới Ca 1,2026-08-27 - Thứ 5,56,94.64%,73.21%,0.00%,8.2,41,0,53,0,15,3,5.36%,26.79%,56,Lâm Đồng,NTB,AM Trường
NTB - Lâm Đồng,(LDO) Lâm Viên - Đà Lạt 1,Hàng Mới Ca 1,2026-08-23 - Chủ Nhật,51,98.04%,86.27%,0.00%,8.07,44,0,50,0,7,1,1.96%,13.73%,51,Lâm Đồng,NTB,AM Trường
NTB - Lâm Đồng,(LDO) Lâm Viên - Đà Lạt 1,Hàng Mới Ca 1,2026-09-07 - Thứ 2,51,100.00%,86.27%,0.00%,7.18,44,0,51,0,7,0,0.00%,13.73%,51,Lâm Đồng,NTB,AM Trường
NTB - Lâm Đồng,(LDO) Lâm Viên - Đà Lạt 1,Hàng Mới Ca 1,2026-09-05 - Thứ 7,63,95.24%,71.43%,0.00%,8.24,45,0,60,0,18,3,4.76%,28.57%,63,Lâm Đồng,NTB,AM Trường
NTB - Lâm Đồng,(LDO) Lâm Viên - Đà Lạt 1,Hàng Mới Ca 1,2026-09-12 - Thứ 7,55,100.00%,83.64%,0.00%,7.74,46,0,55,0,9,0,0.00%,16.36%,55,Lâm Đồng,NTB,AM Trường
NTB - Lâm Đồng,(LDO) Lâm Viên - Đà Lạt 1,Hàng Mới Ca 1,2026-08-28 - Thứ 6,51,98.04%,94.12%,0.00%,6.44,48,0,50,0,3,1,1.96%,5.88%,51,Lâm Đồng,NTB,AM Trường
NTB - Lâm Đồng,(LDO) Lâm Viên - Đà Lạt 1,Hàng Mới Ca 1,2026-09-10 - Thứ 5,68,88.24%,82.35%,0.00%,8.64,56,0,60,0,12,8,11.76%,17.65%,68,Lâm Đồng,NTB,AM Trường
NTB - Lâm Đồng,(LDO) Lâm Viên - Đà Lạt 1,Hàng Mới Ca 1,2026-09-01 - Thứ 3,102,66.67%,57.84%,0.00%,8.63,59,0,68,0,43,34,33.33%,42.16%,102,Lâm Đồng,NTB,AM Trường
NTB - Lâm Đồng,(LDO) Lâm Viên - Đà Lạt 1,Hàng Mới Ca 1,2026-08-22 - Thứ 7,83,90.36%,72.29%,0.00%,14.07,60,0,75,0,23,8,9.64%,27.71%,83,Lâm Đồng,NTB,AM Trường
NTB - Lâm Đồng,(LDO) Lâm Viên - Đà Lạt 1,Hàng Mới Ca 1,2026-09-06 - Chủ Nhật,83,85.54%,75.90%,0.00%,7.4,63,0,71,0,20,12,14.46%,24.10%,83,Lâm Đồng,NTB,AM Trường
NTB - Lâm Đồng,(LDO) Lâm Viên - Đà Lạt 1,Hàng Mới Ca 2,2026-09-02 - Thứ 4,57,3.51%,1.75%,0.00%,4,1,0,2,0,56,55,96.49%,98.25%,57,Lâm Đồng,NTB,AM Trường
NTB - Lâm Đồng,(LDO) Lâm Viên - Đà Lạt 1,Hàng Mới Ca 2,2026-08-31 - Thứ 2,6,66.67%,33.33%,0.00%,3.5,2,0,4,0,4,2,33.33%,66.67%,6,Lâm Đồng,NTB,AM Trường
NTB - Lâm Đồng,(LDO) Lâm Viên - Đà Lạt 1,Hàng Mới Ca 2,2026-08-17 - Thứ 2,12,91.67%,91.67%,0.00%,5.18,11,0,11,0,1,1,8.33%,8.33%,12,Lâm Đồng,NTB,AM Trường
NTB - Lâm Đồng,(LDO) Lâm Viên - Đà Lạt 1,Hàng Mới Ca 2,2026-09-13 - Chủ Nhật,25,72.00%,48.00%,0.00%,2,12,0,18,0,13,7,28.00%,52.00%,25,Lâm Đồng,NTB,AM Trường
NTB - Lâm Đồng,(LDO) Lâm Viên - Đà Lạt 1,Hàng Mới Ca 2,2026-09-03 - Thứ 5,29,62.07%,44.83%,0.00%,3.23,13,0,18,0,16,11,37.93%,55.17%,29,Lâm Đồng,NTB,AM Trường
NTB - Lâm Đồng,(LDO) Lâm Viên - Đà Lạt 1,Hàng Mới Ca 2,2026-08-28 - Thứ 6,51,56.86%,39.22%,0.00%,3.35,20,0,29,0,31,22,43.14%,60.78%,51,Lâm Đồng,NTB,AM Trường
NTB - Lâm Đồng,(LDO) Lâm Viên - Đà Lạt 1,Hàng Mới Ca 2,2026-08-21 - Thứ 6,31,93.55%,80.65%,0.00%,3.44,25,0,29,0,6,2,6.45%,19.35%,31,Lâm Đồng,NTB,AM Trường
NTB - Lâm Đồng,(LDO) Lâm Viên - Đà Lạt 1,Hàng Mới Ca 2,2026-09-08 - Thứ 3,49,81.63%,53.06%,0.00%,3.12,26,0,40,0,23,9,18.37%,46.94%,49,Lâm Đồng,NTB,AM Trường
NTB - Lâm Đồng,(LDO) Lâm Viên - Đà Lạt 1,Hàng Mới Ca 2,2026-09-01 - Thứ 3,47,74.47%,57.45%,0.00%,3.3,27,0,35,0,20,12,25.53%,42.55%,47,Lâm Đồng,NTB,AM Trường
NTB - Lâm Đồng,(LDO) Lâm Viên - Đà Lạt 1,Hàng Mới Ca 2,2026-08-23 - Chủ Nhật,57,80.70%,52.63%,0.00%,4.43,30,0,46,0,27,11,19.30%,47.37%,57,Lâm Đồng,NTB,AM Trường
NTB - Lâm Đồng,(LDO) Lâm Viên - Đà Lạt 1,Hàng Mới Ca 2,2026-08-24 - Thứ 2,60,75.00%,51.67%,0.00%,4.58,31,0,45,0,29,15,25.00%,48.33%,60,Lâm Đồng,NTB,AM Trường
NTB - Lâm Đồng,(LDO) Lâm Viên - Đà Lạt 1,Hàng Mới Ca 2,2026-08-30 - Chủ Nhật,65,73.85%,49.23%,0.00%,3.16,32,0,48,0,33,17,26.15%,50.77%,65,Lâm Đồng,NTB,AM Trường
NTB - Lâm Đồng,(LDO) Lâm Viên - Đà Lạt 1,Hàng Mới Ca 2,2026-09-04 - Thứ 6,70,57.14%,47.14%,0.00%,4.21,33,0,40,0,37,30,42.86%,52.86%,70,Lâm Đồng,NTB,AM Trường
NTB - Lâm Đồng,(LDO) Lâm Viên - Đà Lạt 1,Hàng Mới Ca 2,2026-09-09 - Thứ 4,46,84.78%,71.74%,0.00%,3.12,33,0,39,0,13,7,15.22%,28.26%,46,Lâm Đồng,NTB,AM Trường
NTB - Lâm Đồng,(LDO) Lâm Viên - Đà Lạt 1,Hàng Mới Ca 2,2026-08-20 - Thứ 5,59,77.97%,61.02%,0.00%,4.36,36,0,46,0,23,13,22.03%,38.98%,59,Lâm Đồng,NTB,AM Trường
NTB - Lâm Đồng,(LDO) Lâm Viên - Đà Lạt 1,Hàng Mới Ca 2,2026-08-25 - Thứ 3,63,71.43%,57.14%,0.00%,3.5,36,0,45,0,27,18,28.57%,42.86%,63,Lâm Đồng,NTB,AM Trường
NTB - Lâm Đồng,(LDO) Lâm Viên - Đà Lạt 1,Hàng Mới Ca 2,2026-09-12 - Thứ 7,63,69.84%,57.14%,0.00%,4.47,36,0,44,0,27,19,30.16%,42.86%,63,Lâm Đồng,NTB,AM Trường
NTB - Lâm Đồng,(LDO) Lâm Viên - Đà Lạt 1,Hàng Mới Ca 2,2026-09-07 - Thứ 2,55,83.64%,70.91%,0.00%,3.62,39,0,46,0,16,9,16.36%,29.09%,55,Lâm Đồng,NTB,AM Trường
NTB - Lâm Đồng,(LDO) Lâm Viên - Đà Lạt 1,Hàng Mới Ca 2,2026-08-27 - Thứ 5,89,59.55%,44.94%,0.00%,4.5,40,0,53,0,49,36,40.45%,55.06%,89,Lâm Đồng,NTB,AM Trường
NTB - Lâm Đồng,(LDO) Lâm Viên - Đà Lạt 1,Hàng Mới Ca 2,2026-08-19 - Thứ 4,89,69.66%,48.31%,0.00%,4.58,43,0,62,0,46,27,30.34%,51.69%,89,Lâm Đồng,NTB,AM Trường
NTB - Lâm Đồng,(LDO) Lâm Viên - Đà Lạt 1,Hàng Mới Ca 2,2026-09-06 - Chủ Nhật,64,93.75%,68.75%,0.00%,3.68,44,0,60,0,20,4,6.25%,31.25%,64,Lâm Đồng,NTB,AM Trường
NTB - Lâm Đồng,(LDO) Lâm Viên - Đà Lạt 1,Hàng Mới Ca 2,2026-09-05 - Thứ 7,73,63.01%,60.27%,0.00%,4.45,44,0,46,0,29,27,36.99%,39.73%,73,Lâm Đồng,NTB,AM Trường
NTB - Lâm Đồng,(LDO) Lâm Viên - Đà Lạt 1,Hàng Mới Ca 2,2026-08-29 - Thứ 7,81,75.31%,55.56%,0.00%,3.93,45,0,61,0,36,20,24.69%,44.44%,81,Lâm Đồng,NTB,AM Trường
NTB - Lâm Đồng,(LDO) Lâm Viên - Đà Lạt 1,Hàng Mới Ca 2,2026-09-10 - Thứ 5,60,95.00%,78.33%,0.00%,3.4,47,0,57,0,13,3,5.00%,21.67%,60,Lâm Đồng,NTB,AM Trường
NTB - Lâm Đồng,(LDO) Lâm Viên - Đà Lạt 1,Hàng Mới Ca 2,2026-08-26 - Thứ 4,71,78.87%,67.61%,0.00%,4.54,48,0,56,0,23,15,21.13%,32.39%,71,Lâm Đồng,NTB,AM Trường
NTB - Lâm Đồng,(LDO) Lâm Viên - Đà Lạt 1,Hàng Mới Ca 2,2026-09-11 - Thứ 6,70,92.86%,70.00%,0.00%,3.41,49,0,65,0,21,5,7.14%,30.00%,70,Lâm Đồng,NTB,AM Trường
NTB - Lâm Đồng,(LDO) Lâm Viên - Đà Lạt 1,Hàng Mới Ca 2,2026-08-18 - Thứ 3,82,82.93%,64.63%,0.00%,3.79,53,0,68,0,29,14,17.07%,35.37%,82,Lâm Đồng,NTB,AM Trường
NTB - Lâm Đồng,(LDO) Lâm Viên - Đà Lạt 1,Hàng Mới Ca 2,2026-08-22 - Thứ 7,69,88.41%,76.81%,0.00%,3.15,53,0,61,0,16,8,11.59%,23.19%,69,Lâm Đồng,NTB,AM Trường
NTB - Lâm Đồng,(LDO) Lâm Viên - Đà Lạt 1,Hàng Tồn,2026-08-18 - Thứ 3,35,91.43%,25.71%,14.29%,40.67,9,5,32,5,21,3,8.57%,60.00%,0,Lâm Đồng,NTB,AM Trường
NTB - Lâm Đồng,(LDO) Lâm Viên - Đà Lạt 1,Hàng Tồn,2026-09-08 - Thứ 3,51,80.39%,19.61%,7.84%,29.7,10,4,41,4,37,10,19.61%,72.55%,0,Lâm Đồng,NTB,AM Trường
NTB - Lâm Đồng,(LDO) Lâm Viên - Đà Lạt 1,Hàng Tồn,2026-09-12 - Thứ 7,43,100.00%,32.56%,9.30%,29.57,14,4,43,4,25,0,0.00%,58.14%,0,Lâm Đồng,NTB,AM Trường
NTB - Lâm Đồng,(LDO) Lâm Viên - Đà Lạt 1,Hàng Tồn,2026-08-22 - Thứ 7,34,100.00%,50.00%,8.82%,41.53,17,3,34,3,14,0,0.00%,41.18%,0,Lâm Đồng,NTB,AM Trường
NTB - Lâm Đồng,(LDO) Lâm Viên - Đà Lạt 1,Hàng Tồn,2026-09-01 - Thứ 3,50,80.00%,38.00%,0.00%,49.26,19,0,40,0,31,10,20.00%,62.00%,0,Lâm Đồng,NTB,AM Trường
NTB - Lâm Đồng,(LDO) Lâm Viên - Đà Lạt 1,Hàng Tồn,2026-08-19 - Thứ 4,57,98.25%,35.09%,12.28%,34.9,20,7,56,7,30,1,1.75%,52.63%,0,Lâm Đồng,NTB,AM Trường
NTB - Lâm Đồng,(LDO) Lâm Viên - Đà Lạt 1,Hàng Tồn,2026-08-27 - Thứ 5,51,88.24%,39.22%,3.92%,37.9,20,2,45,2,29,6,11.76%,56.86%,0,Lâm Đồng,NTB,AM Trường
NTB - Lâm Đồng,(LDO) Lâm Viên - Đà Lạt 1,Hàng Tồn,2026-09-09 - Thứ 4,58,87.93%,36.21%,5.17%,39.43,21,3,51,3,34,7,12.07%,58.62%,0,Lâm Đồng,NTB,AM Trường
NTB - Lâm Đồng,(LDO) Lâm Viên - Đà Lạt 1,Hàng Tồn,2026-08-29 - Thứ 7,66,87.88%,36.36%,3.03%,32.79,24,2,58,2,40,8,12.12%,60.61%,0,Lâm Đồng,NTB,AM Trường
NTB - Lâm Đồng,(LDO) Lâm Viên - Đà Lạt 1,Hàng Tồn,2026-09-10 - Thứ 5,59,91.53%,40.68%,1.69%,46.75,24,1,54,1,34,5,8.47%,57.63%,0,Lâm Đồng,NTB,AM Trường
NTB - Lâm Đồng,(LDO) Lâm Viên - Đà Lạt 1,Hàng Tồn,2026-08-17 - Thứ 2,70,98.57%,35.71%,18.57%,39.6,25,13,69,13,32,1,1.43%,45.72%,0,Lâm Đồng,NTB,AM Trường
NTB - Lâm Đồng,(LDO) Lâm Viên - Đà Lạt 1,Hàng Tồn,2026-09-04 - Thứ 6,46,95.65%,54.35%,4.35%,45,25,2,44,2,19,2,4.35%,41.30%,0,Lâm Đồng,NTB,AM Trường
NTB - Lâm Đồng,(LDO) Lâm Viên - Đà Lạt 1,Hàng Tồn,2026-09-11 - Thứ 6,51,100.00%,49.02%,1.96%,41.64,25,1,51,1,25,0,0.00%,49.02%,0,Lâm Đồng,NTB,AM Trường
NTB - Lâm Đồng,(LDO) Lâm Viên - Đà Lạt 1,Hàng Tồn,2026-08-24 - Thứ 2,52,96.15%,50.00%,1.92%,33.23,26,1,50,1,25,2,3.85%,48.08%,0,Lâm Đồng,NTB,AM Trường
NTB - Lâm Đồng,(LDO) Lâm Viên - Đà Lạt 1,Hàng Tồn,2026-08-25 - Thứ 3,60,90.00%,45.00%,0.00%,43.7,27,0,54,0,33,6,10.00%,55.00%,0,Lâm Đồng,NTB,AM Trường
NTB - Lâm Đồng,(LDO) Lâm Viên - Đà Lạt 1,Hàng Tồn,2026-09-13 - Chủ Nhật,59,94.92%,47.46%,3.39%,31.11,28,2,56,2,29,3,5.08%,49.15%,0,Lâm Đồng,NTB,AM Trường
NTB - Lâm Đồng,(LDO) Lâm Viên - Đà Lạt 1,Hàng Tồn,2026-08-23 - Chủ Nhật,54,98.15%,62.96%,3.70%,44.65,34,2,53,2,18,1,1.85%,33.34%,0,Lâm Đồng,NTB,AM Trường
NTB - Lâm Đồng,(LDO) Lâm Viên - Đà Lạt 1,Hàng Tồn,2026-08-21 - Thứ 6,53,96.23%,64.15%,1.89%,36.24,34,1,51,1,18,2,3.77%,33.96%,0,Lâm Đồng,NTB,AM Trường
NTB - Lâm Đồng,(LDO) Lâm Viên - Đà Lạt 1,Hàng Tồn,2026-08-26 - Thứ 4,69,97.10%,52.17%,10.14%,34.14,36,7,67,7,26,2,2.90%,37.69%,0,Lâm Đồng,NTB,AM Trường
NTB - Lâm Đồng,(LDO) Lâm Viên - Đà Lạt 1,Hàng Tồn,2026-08-31 - Thứ 2,84,92.86%,45.24%,7.14%,41.08,38,6,78,6,40,6,7.14%,47.62%,0,Lâm Đồng,NTB,AM Trường
NTB - Lâm Đồng,(LDO) Lâm Viên - Đà Lạt 1,Hàng Tồn,2026-09-05 - Thứ 7,66,100.00%,57.58%,3.03%,32.32,38,2,66,2,26,0,0.00%,39.39%,0,Lâm Đồng,NTB,AM Trường
NTB - Lâm Đồng,(LDO) Lâm Viên - Đà Lạt 1,Hàng Tồn,2026-09-07 - Thứ 2,69,100.00%,55.07%,2.90%,40.61,38,2,69,2,29,0,0.00%,42.03%,0,Lâm Đồng,NTB,AM Trường
NTB - Lâm Đồng,(LDO) Lâm Viên - Đà Lạt 1,Hàng Tồn,2026-08-30 - Chủ Nhật,90,98.89%,43.33%,5.56%,36.23,39,5,89,5,46,1,1.11%,51.11%,0,Lâm Đồng,NTB,AM Trường
NTB - Lâm Đồng,(LDO) Lâm Viên - Đà Lạt 1,Hàng Tồn,2026-09-06 - Chủ Nhật,71,88.73%,54.93%,4.23%,34.56,39,3,63,3,29,8,11.27%,40.84%,0,Lâm Đồng,NTB,AM Trường
NTB - Lâm Đồng,(LDO) Lâm Viên - Đà Lạt 1,Hàng Tồn,2026-09-02 - Thứ 4,90,88.89%,57.78%,7.78%,36.9,52,7,80,7,31,10,11.11%,34.44%,0,Lâm Đồng,NTB,AM Trường
NTB - Lâm Đồng,(LDO) Lâm Viên - Đà Lạt 1,Hàng Tồn,2026-08-28 - Thứ 6,88,95.45%,59.09%,2.27%,32.87,52,2,84,2,34,4,4.55%,38.64%,0,Lâm Đồng,NTB,AM Trường
NTB - Lâm Đồng,(LDO) Lâm Viên - Đà Lạt 1,Hàng Tồn,2026-08-20 - Thứ 5,88,95.45%,68.18%,2.27%,31.78,60,2,84,2,26,4,4.55%,29.55%,0,Lâm Đồng,NTB,AM Trường
NTB - Lâm Đồng,(LDO) Lâm Viên - Đà Lạt 1,Hàng Tồn,2026-09-03 - Thứ 5,95,89.47%,68.42%,1.05%,39.8,65,1,85,1,29,10,10.53%,30.53%,0,Lâm Đồng,NTB,AM Trường
NTB - Lâm Đồng,(LDO) Lang Biang - Đà Lạt 2,Hàng Mới Ca 1,2026-08-20 - Thứ 5,101,89.11%,78.22%,0.00%,7.94,79,0,90,0,22,11,10.89%,21.78%,101,Lâm Đồng,NTB,AM Trường
NTB - Lâm Đồng,(LDO) Lang Biang - Đà Lạt 2,Hàng Mới Ca 1,2026-09-06 - Chủ Nhật,121,87.60%,76.03%,0.00%,7.71,92,0,106,0,29,15,12.40%,23.97%,121,Lâm Đồng,NTB,AM Trường
NTB - Lâm Đồng,(LDO) Lang Biang - Đà Lạt 2,Hàng Mới Ca 1,2026-08-27 - Thứ 5,124,83.87%,76.61%,0.00%,9.29,95,0,104,0,29,20,16.13%,23.39%,124,Lâm Đồng,NTB,AM Trường
NTB - Lâm Đồng,(LDO) Lang Biang - Đà Lạt 2,Hàng Mới Ca 1,2026-09-10 - Thứ 5,149,87.25%,77.18%,0.00%,7.62,115,0,130,0,34,19,12.75%,22.82%,149,Lâm Đồng,NTB,AM Trường
NTB - Lâm Đồng,(LDO) Lang Biang - Đà Lạt 2,Hàng Mới Ca 1,2026-08-23 - Chủ Nhật,83,96.39%,89.16%,0.00%,9.2,74,0,80,0,9,3,3.61%,10.84%,83,Lâm Đồng,NTB,AM Trường
NTB - Lâm Đồng,(LDO) Lang Biang - Đà Lạt 2,Hàng Mới Ca 1,2026-08-18 - Thứ 3,145,91.72%,84.83%,0.00%,14.99,123,0,133,0,22,12,8.28%,15.17%,145,Lâm Đồng,NTB,AM Trường
NTB - Lâm Đồng,(LDO) Lang Biang - Đà Lạt 2,Hàng Mới Ca 1,2026-09-01 - Thứ 3,109,88.99%,79.82%,0.00%,7.93,87,0,97,0,22,12,11.01%,20.18%,109,Lâm Đồng,NTB,AM Trường
NTB - Lâm Đồng,(LDO) Lang Biang - Đà Lạt 2,Hàng Mới Ca 1,2026-08-22 - Thứ 7,122,90.98%,83.61%,0.00%,7.24,102,0,111,0,20,11,9.02%,16.39%,122,Lâm Đồng,NTB,AM Trường
NTB - Lâm Đồng,(LDO) Lang Biang - Đà Lạt 2,Hàng Mới Ca 1,2026-09-03 - Thứ 5,39,97.44%,92.31%,0.00%,6.89,36,0,38,0,3,1,2.56%,7.69%,39,Lâm Đồng,NTB,AM Trường
NTB - Lâm Đồng,(LDO) Lang Biang - Đà Lạt 2,Hàng Mới Ca 1,2026-09-02 - Thứ 4,55,89.09%,69.09%,0.00%,11.58,38,0,49,0,17,6,10.91%,30.91%,55,Lâm Đồng,NTB,AM Trường
NTB - Lâm Đồng,(LDO) Lang Biang - Đà Lạt 2,Hàng Mới Ca 1,2026-09-13 - Chủ Nhật,59,86.44%,74.58%,0.00%,8.14,44,0,51,0,15,8,13.56%,25.42%,59,Lâm Đồng,NTB,AM Trường
NTB - Lâm Đồng,(LDO) Lang Biang - Đà Lạt 2,Hàng Mới Ca 1,2026-09-09 - Thứ 4,54,100.00%,85.19%,0.00%,7.78,46,0,54,0,8,0,0.00%,14.81%,54,Lâm Đồng,NTB,AM Trường
NTB - Lâm Đồng,(LDO) Lang Biang - Đà Lạt 2,Hàng Mới Ca 1,2026-08-31 - Thứ 2,64,98.44%,76.56%,0.00%,10.53,49,0,63,0,15,1,1.56%,23.44%,64,Lâm Đồng,NTB,AM Trường
NTB - Lâm Đồng,(LDO) Lang Biang - Đà Lạt 2,Hàng Mới Ca 1,2026-08-30 - Chủ Nhật,64,93.75%,81.25%,0.00%,8.13,52,0,60,0,12,4,6.25%,18.75%,64,Lâm Đồng,NTB,AM Trường
NTB - Lâm Đồng,(LDO) Lang Biang - Đà Lạt 2,Hàng Mới Ca 1,2026-08-26 - Thứ 4,77,81.82%,67.53%,0.00%,10.42,52,0,63,0,25,14,18.18%,32.47%,77,Lâm Đồng,NTB,AM Trường
NTB - Lâm Đồng,(LDO) Lang Biang - Đà Lạt 2,Hàng Mới Ca 1,2026-09-04 - Thứ 6,63,95.24%,84.13%,0.00%,7.57,53,0,60,0,10,3,4.76%,15.87%,63,Lâm Đồng,NTB,AM Trường
NTB - Lâm Đồng,(LDO) Lang Biang - Đà Lạt 2,Hàng Mới Ca 1,2026-09-05 - Thứ 7,65,100.00%,83.08%,0.00%,8.33,54,0,65,0,11,0,0.00%,16.92%,65,Lâm Đồng,NTB,AM Trường
NTB - Lâm Đồng,(LDO) Lang Biang - Đà Lạt 2,Hàng Mới Ca 1,2026-09-08 - Thứ 3,67,95.52%,85.07%,0.00%,8.07,57,0,64,0,10,3,4.48%,14.93%,67,Lâm Đồng,NTB,AM Trường
NTB - Lâm Đồng,(LDO) Lang Biang - Đà Lạt 2,Hàng Mới Ca 1,2026-09-07 - Thứ 2,67,97.01%,86.57%,0.00%,8.43,58,0,65,0,9,2,2.99%,13.43%,67,Lâm Đồng,NTB,AM Trường
NTB - Lâm Đồng,(LDO) Lang Biang - Đà Lạt 2,Hàng Mới Ca 1,2026-09-11 - Thứ 6,84,83.33%,69.05%,0.00%,8.53,58,0,70,0,26,14,16.67%,30.95%,84,Lâm Đồng,NTB,AM Trường
NTB - Lâm Đồng,(LDO) Lang Biang - Đà Lạt 2,Hàng Mới Ca 1,2026-08-25 - Thứ 3,83,77.11%,71.08%,0.00%,8.44,59,0,64,0,24,19,22.89%,28.92%,83,Lâm Đồng,NTB,AM Trường
NTB - Lâm Đồng,(LDO) Lang Biang - Đà Lạt 2,Hàng Mới Ca 1,2026-09-12 - Thứ 7,82,82.93%,75.61%,0.00%,7.82,62,0,68,0,20,14,17.07%,24.39%,82,Lâm Đồng,NTB,AM Trường
NTB - Lâm Đồng,(LDO) Lang Biang - Đà Lạt 2,Hàng Mới Ca 1,2026-08-17 - Thứ 2,78,94.87%,80.77%,0.00%,8.16,63,0,74,0,15,4,5.13%,19.23%,78,Lâm Đồng,NTB,AM Trường
NTB - Lâm Đồng,(LDO) Lang Biang - Đà Lạt 2,Hàng Mới Ca 1,2026-08-19 - Thứ 4,86,84.88%,76.74%,0.00%,8.06,66,0,73,0,20,13,15.12%,23.26%,86,Lâm Đồng,NTB,AM Trường
NTB - Lâm Đồng,(LDO) Lang Biang - Đà Lạt 2,Hàng Mới Ca 1,2026-08-29 - Thứ 7,88,93.18%,79.55%,0.00%,7.77,70,0,82,0,18,6,6.82%,20.45%,88,Lâm Đồng,NTB,AM Trường
NTB - Lâm Đồng,(LDO) Lang Biang - Đà Lạt 2,Hàng Mới Ca 1,2026-08-28 - Thứ 6,94,88.30%,74.47%,0.00%,10.73,70,0,83,0,24,11,11.70%,25.53%,94,Lâm Đồng,NTB,AM Trường
NTB - Lâm Đồng,(LDO) Lang Biang - Đà Lạt 2,Hàng Mới Ca 1,2026-08-21 - Thứ 6,92,92.39%,79.35%,0.00%,7.82,73,0,85,0,19,7,7.61%,20.65%,92,Lâm Đồng,NTB,AM Trường
NTB - Lâm Đồng,(LDO) Lang Biang - Đà Lạt 2,Hàng Mới Ca 1,2026-08-24 - Thứ 2,89,100.00%,84.27%,0.00%,11.15,75,0,89,0,14,0,0.00%,15.73%,89,Lâm Đồng,NTB,AM Trường
NTB - Lâm Đồng,(LDO) Lang Biang - Đà Lạt 2,Hàng Mới Ca 2,2026-08-31 - Thứ 2,5,0.00%,0.00%,0.00%,,0,0,0,0,5,5,100.00%,100.00%,5,Lâm Đồng,NTB,AM Trường
NTB - Lâm Đồng,(LDO) Lang Biang - Đà Lạt 2,Hàng Mới Ca 2,2026-08-17 - Thứ 2,31,3.23%,3.23%,0.00%,2,1,0,1,0,30,30,96.77%,96.77%,31,Lâm Đồng,NTB,AM Trường
NTB - Lâm Đồng,(LDO) Lang Biang - Đà Lạt 2,Hàng Mới Ca 2,2026-09-07 - Thứ 2,52,19.23%,17.31%,0.00%,4.33,9,0,10,0,43,42,80.77%,82.69%,52,Lâm Đồng,NTB,AM Trường
NTB - Lâm Đồng,(LDO) Lang Biang - Đà Lạt 2,Hàng Mới Ca 2,2026-09-13 - Chủ Nhật,63,20.63%,17.46%,0.00%,4.27,11,0,13,0,52,50,79.37%,82.54%,63,Lâm Đồng,NTB,AM Trường
NTB - Lâm Đồng,(LDO) Lang Biang - Đà Lạt 2,Hàng Mới Ca 2,2026-08-28 - Thứ 6,99,13.13%,12.12%,0.00%,5.33,12,0,13,0,87,86,86.87%,87.88%,99,Lâm Đồng,NTB,AM Trường
NTB - Lâm Đồng,(LDO) Lang Biang - Đà Lạt 2,Hàng Mới Ca 2,2026-09-03 - Thứ 5,53,28.30%,24.53%,0.00%,4.23,13,0,15,0,40,38,71.70%,75.47%,53,Lâm Đồng,NTB,AM Trường
NTB - Lâm Đồng,(LDO) Lang Biang - Đà Lạt 2,Hàng Mới Ca 2,2026-09-01 - Thứ 3,60,26.67%,21.67%,0.00%,4.85,13,0,16,0,47,44,73.33%,78.33%,60,Lâm Đồng,NTB,AM Trường
NTB - Lâm Đồng,(LDO) Lang Biang - Đà Lạt 2,Hàng Mới Ca 2,2026-09-12 - Thứ 7,100,16.00%,14.00%,0.00%,5.86,14,0,16,0,86,84,84.00%,86.00%,100,Lâm Đồng,NTB,AM Trường
NTB - Lâm Đồng,(LDO) Lang Biang - Đà Lạt 2,Hàng Mới Ca 2,2026-08-26 - Thứ 4,97,14.43%,14.43%,0.00%,4.57,14,0,14,0,83,83,85.57%,85.57%,97,Lâm Đồng,NTB,AM Trường
NTB - Lâm Đồng,(LDO) Lang Biang - Đà Lạt 2,Hàng Mới Ca 2,2026-09-10 - Thứ 5,109,15.60%,13.76%,0.00%,4.8,15,0,17,0,94,92,84.40%,86.24%,109,Lâm Đồng,NTB,AM Trường
NTB - Lâm Đồng,(LDO) Lang Biang - Đà Lạt 2,Hàng Mới Ca 2,2026-08-21 - Thứ 6,39,43.59%,41.03%,0.00%,4.63,16,0,17,0,23,22,56.41%,58.97%,39,Lâm Đồng,NTB,AM Trường
NTB - Lâm Đồng,(LDO) Lang Biang - Đà Lạt 2,Hàng Mới Ca 2,2026-08-20 - Thứ 5,99,17.17%,17.17%,0.00%,4.41,17,0,17,0,82,82,82.83%,82.83%,99,Lâm Đồng,NTB,AM Trường
NTB - Lâm Đồng,(LDO) Lang Biang - Đà Lạt 2,Hàng Mới Ca 2,2026-08-19 - Thứ 4,118,16.95%,14.41%,0.00%,4.41,17,0,20,0,101,98,83.05%,85.59%,118,Lâm Đồng,NTB,AM Trường
NTB - Lâm Đồng,(LDO) Lang Biang - Đà Lạt 2,Hàng Mới Ca 2,2026-08-25 - Thứ 3,94,20.21%,19.15%,0.00%,4.56,18,0,19,0,76,75,79.79%,80.85%,94,Lâm Đồng,NTB,AM Trường
NTB - Lâm Đồng,(LDO) Lang Biang - Đà Lạt 2,Hàng Mới Ca 2,2026-08-18 - Thứ 3,122,18.03%,14.75%,0.00%,5.56,18,0,22,0,104,100,81.97%,85.25%,122,Lâm Đồng,NTB,AM Trường
NTB - Lâm Đồng,(LDO) Lang Biang - Đà Lạt 2,Hàng Mới Ca 2,2026-08-27 - Thứ 5,95,23.16%,22.11%,0.00%,4.67,21,0,22,0,74,73,76.84%,77.89%,95,Lâm Đồng,NTB,AM Trường
NTB - Lâm Đồng,(LDO) Lang Biang - Đà Lạt 2,Hàng Mới Ca 2,2026-08-30 - Chủ Nhật,115,20.00%,19.13%,0.00%,4.82,22,0,23,0,93,92,80.00%,80.87%,115,Lâm Đồng,NTB,AM Trường
NTB - Lâm Đồng,(LDO) Lang Biang - Đà Lạt 2,Hàng Mới Ca 2,2026-09-06 - Chủ Nhật,111,20.72%,19.82%,0.00%,4.91,22,0,23,0,89,88,79.28%,80.18%,111,Lâm Đồng,NTB,AM Trường
NTB - Lâm Đồng,(LDO) Lang Biang - Đà Lạt 2,Hàng Mới Ca 2,2026-08-29 - Thứ 7,111,22.52%,20.72%,0.00%,4.87,23,0,25,0,88,86,77.48%,79.28%,111,Lâm Đồng,NTB,AM Trường
NTB - Lâm Đồng,(LDO) Lang Biang - Đà Lạt 2,Hàng Mới Ca 2,2026-08-24 - Thứ 2,75,30.67%,30.67%,0.00%,4.09,23,0,23,0,52,52,69.33%,69.33%,75,Lâm Đồng,NTB,AM Trường
NTB - Lâm Đồng,(LDO) Lang Biang - Đà Lạt 2,Hàng Mới Ca 2,2026-09-11 - Thứ 6,116,24.14%,22.41%,0.00%,4.73,26,0,28,0,90,88,75.86%,77.59%,116,Lâm Đồng,NTB,AM Trường
NTB - Lâm Đồng,(LDO) Lang Biang - Đà Lạt 2,Hàng Mới Ca 2,2026-09-02 - Thứ 4,83,33.73%,32.53%,0.00%,3.93,27,0,28,0,56,55,66.27%,67.47%,83,Lâm Đồng,NTB,AM Trường
NTB - Lâm Đồng,(LDO) Lang Biang - Đà Lạt 2,Hàng Mới Ca 2,2026-08-23 - Chủ Nhật,106,28.30%,25.47%,0.00%,4.07,27,0,30,0,79,76,71.70%,74.53%,106,Lâm Đồng,NTB,AM Trường
NTB - Lâm Đồng,(LDO) Lang Biang - Đà Lạt 2,Hàng Mới Ca 2,2026-09-09 - Thứ 4,100,32.00%,28.00%,0.00%,5.14,28,0,32,0,72,68,68.00%,72.00%,100,Lâm Đồng,NTB,AM Trường
NTB - Lâm Đồng,(LDO) Lang Biang - Đà Lạt 2,Hàng Mới Ca 2,2026-09-08 - Thứ 3,105,34.29%,31.43%,0.00%,4.61,33,0,36,0,72,69,65.71%,68.57%,105,Lâm Đồng,NTB,AM Trường
NTB - Lâm Đồng,(LDO) Lang Biang - Đà Lạt 2,Hàng Mới Ca 2,2026-08-22 - Thứ 7,104,41.35%,37.50%,0.00%,3.67,39,0,43,0,65,61,58.65%,62.50%,104,Lâm Đồng,NTB,AM Trường
NTB - Lâm Đồng,(LDO) Lang Biang - Đà Lạt 2,Hàng Mới Ca 2,2026-09-04 - Thứ 6,94,48.94%,45.74%,0.00%,4.6,43,0,46,0,51,48,51.06%,54.26%,94,Lâm Đồng,NTB,AM Trường
NTB - Lâm Đồng,(LDO) Lang Biang - Đà Lạt 2,Hàng Mới Ca 2,2026-09-05 - Thứ 7,102,49.02%,43.14%,0.00%,5.34,44,0,50,0,58,52,50.98%,56.86%,102,Lâm Đồng,NTB,AM Trường
NTB - Lâm Đồng,(LDO) Lang Biang - Đà Lạt 2,Hàng Tồn,2026-08-20 - Thứ 5,211,86.73%,63.03%,1.90%,49.1,133,4,183,4,74,28,13.27%,35.07%,0,Lâm Đồng,NTB,AM Trường
NTB - Lâm Đồng,(LDO) Lang Biang - Đà Lạt 2,Hàng Tồn,2026-08-30 - Chủ Nhật,173,89.02%,63.58%,1.73%,37.02,110,3,154,3,60,19,10.98%,34.69%,0,Lâm Đồng,NTB,AM Trường
NTB - Lâm Đồng,(LDO) Lang Biang - Đà Lạt 2,Hàng Tồn,2026-08-29 - Thứ 7,181,86.19%,54.70%,2.76%,37.76,99,5,156,5,77,25,13.81%,42.54%,0,Lâm Đồng,NTB,AM Trường
NTB - Lâm Đồng,(LDO) Lang Biang - Đà Lạt 2,Hàng Tồn,2026-08-17 - Thứ 2,159,76.10%,55.97%,3.14%,34.24,89,5,121,5,65,38,23.90%,40.89%,0,Lâm Đồng,NTB,AM Trường
NTB - Lâm Đồng,(LDO) Lang Biang - Đà Lạt 2,Hàng Tồn,2026-09-12 - Thứ 7,163,95.09%,71.78%,0.61%,32.94,117,1,155,1,45,8,4.91%,27.61%,0,Lâm Đồng,NTB,AM Trường
NTB - Lâm Đồng,(LDO) Lang Biang - Đà Lạt 2,Hàng Tồn,2026-08-23 - Chủ Nhật,122,98.36%,60.66%,4.92%,33.62,74,6,120,6,42,2,1.64%,34.42%,0,Lâm Đồng,NTB,AM Trường
NTB - Lâm Đồng,(LDO) Lang Biang - Đà Lạt 2,Hàng Tồn,2026-08-31 - Thứ 2,155,95.48%,67.74%,3.87%,37.99,105,6,148,6,44,7,4.52%,28.39%,0,Lâm Đồng,NTB,AM Trường
NTB - Lâm Đồng,(LDO) Lang Biang - Đà Lạt 2,Hàng Tồn,2026-08-21 - Thứ 6,171,81.87%,56.73%,1.75%,39.2,97,3,140,3,71,31,18.13%,41.52%,0,Lâm Đồng,NTB,AM Trường
NTB - Lâm Đồng,(LDO) Lang Biang - Đà Lạt 2,Hàng Tồn,2026-08-28 - Thứ 6,168,78.57%,52.98%,2.98%,38.56,89,5,132,5,74,36,21.43%,44.04%,0,Lâm Đồng,NTB,AM Trường
NTB - Lâm Đồng,(LDO) Lang Biang - Đà Lạt 2,Hàng Tồn,2026-09-07 - Thứ 2,154,100.00%,78.57%,0.00%,33.02,121,0,154,0,33,0,0.00%,21.43%,0,Lâm Đồng,NTB,AM Trường
NTB - Lâm Đồng,(LDO) Lang Biang - Đà Lạt 2,Hàng Tồn,2026-09-03 - Thứ 5,122,90.98%,68.85%,0.82%,44.05,84,1,111,1,37,11,9.02%,30.33%,0,Lâm Đồng,NTB,AM Trường
NTB - Lâm Đồng,(LDO) Lang Biang - Đà Lạt 2,Hàng Tồn,2026-09-13 - Chủ Nhật,145,86.21%,59.31%,0.00%,31.7,86,0,125,0,59,20,13.79%,40.69%,0,Lâm Đồng,NTB,AM Trường
NTB - Lâm Đồng,(LDO) Lang Biang - Đà Lạt 2,Hàng Tồn,2026-09-11 - Thứ 6,173,93.06%,64.74%,4.05%,31.28,112,7,161,7,54,12,6.94%,31.21%,0,Lâm Đồng,NTB,AM Trường
NTB - Lâm Đồng,(LDO) Lang Biang - Đà Lạt 2,Hàng Tồn,2026-08-22 - Thứ 7,110,92.73%,60.91%,0.91%,55.19,67,1,102,1,42,8,7.27%,38.18%,0,Lâm Đồng,NTB,AM Trường
NTB - Lâm Đồng,(LDO) Lang Biang - Đà Lạt 2,Hàng Tồn,2026-09-01 - Thứ 3,55,87.27%,36.36%,3.64%,53.95,20,2,48,2,33,7,12.73%,60.00%,0,Lâm Đồng,NTB,AM Trường
NTB - Lâm Đồng,(LDO) Lang Biang - Đà Lạt 2,Hàng Tồn,2026-08-18 - Thứ 3,103,58.25%,39.81%,0.00%,37.76,41,0,60,0,62,43,41.75%,60.19%,0,Lâm Đồng,NTB,AM Trường
NTB - Lâm Đồng,(LDO) Lang Biang - Đà Lạt 2,Hàng Tồn,2026-09-02 - Thứ 4,95,81.05%,48.42%,5.26%,37.78,46,5,77,5,44,18,18.95%,46.32%,0,Lâm Đồng,NTB,AM Trường
NTB - Lâm Đồng,(LDO) Lang Biang - Đà Lạt 2,Hàng Tồn,2026-09-08 - Thứ 3,79,97.47%,60.76%,5.06%,33.4,48,4,77,4,27,2,2.53%,34.18%,0,Lâm Đồng,NTB,AM Trường
NTB - Lâm Đồng,(LDO) Lang Biang - Đà Lạt 2,Hàng Tồn,2026-09-04 - Thứ 6,77,93.51%,64.94%,9.09%,35.92,50,7,72,7,20,5,6.49%,25.97%,0,Lâm Đồng,NTB,AM Trường
NTB - Lâm Đồng,(LDO) Lang Biang - Đà Lạt 2,Hàng Tồn,2026-08-25 - Thứ 3,101,74.26%,49.50%,4.95%,32.66,50,5,75,5,46,26,25.74%,45.55%,0,Lâm Đồng,NTB,AM Trường
NTB - Lâm Đồng,(LDO) Lang Biang - Đà Lạt 2,Hàng Tồn,2026-09-10 - Thứ 5,107,85.05%,48.60%,1.87%,29.81,52,2,91,2,53,16,14.95%,49.53%,0,Lâm Đồng,NTB,AM Trường
NTB - Lâm Đồng,(LDO) Lang Biang - Đà Lạt 2,Hàng Tồn,2026-09-05 - Thứ 7,76,97.37%,68.42%,2.63%,30.77,52,2,74,2,22,2,2.63%,28.95%,0,Lâm Đồng,NTB,AM Trường
NTB - Lâm Đồng,(LDO) Lang Biang - Đà Lạt 2,Hàng Tồn,2026-09-06 - Chủ Nhật,93,91.40%,58.06%,4.30%,29.11,54,4,85,4,35,8,8.60%,37.64%,0,Lâm Đồng,NTB,AM Trường
NTB - Lâm Đồng,(LDO) Lang Biang - Đà Lạt 2,Hàng Tồn,2026-09-09 - Thứ 4,107,100.00%,70.09%,2.80%,31.05,75,3,107,3,29,0,0.00%,27.11%,0,Lâm Đồng,NTB,AM Trường
NTB - Lâm Đồng,(LDO) Lang Biang - Đà Lạt 2,Hàng Tồn,2026-08-26 - Thứ 4,147,78.91%,51.70%,2.04%,39.71,76,3,116,3,68,31,21.09%,46.26%,0,Lâm Đồng,NTB,AM Trường
NTB - Lâm Đồng,(LDO) Lang Biang - Đà Lạt 2,Hàng Tồn,2026-08-24 - Thứ 2,123,97.56%,61.79%,3.25%,31.41,76,4,120,4,43,3,2.44%,34.96%,0,Lâm Đồng,NTB,AM Trường
NTB - Lâm Đồng,(LDO) Lang Biang - Đà Lạt 2,Hàng Tồn,2026-08-19 - Thứ 4,182,71.98%,46.70%,2.20%,30,85,4,131,4,93,51,28.02%,51.10%,0,Lâm Đồng,NTB,AM Trường
NTB - Lâm Đồng,(LDO) Lang Biang - Đà Lạt 2,Hàng Tồn,2026-08-27 - Thứ 5,158,83.54%,53.80%,3.16%,42.93,85,5,132,5,68,26,16.46%,43.04%,0,Lâm Đồng,NTB,AM Trường
NTB - Lâm Đồng,(LDO) Lang Biang - Đà Lạt 1,Hàng Mới Ca 1,2026-08-27 - Thứ 5,123,76.42%,54.47%,0.00%,20.55,67,0,94,0,56,29,23.58%,45.53%,123,Lâm Đồng,NTB,AM Lợi
NTB - Lâm Đồng,(LDO) Lang Biang - Đà Lạt 1,Hàng Mới Ca 1,2026-09-02 - Thứ 4,195,69.74%,44.62%,0.00%,21.32,87,0,136,0,108,59,30.26%,55.38%,195,Lâm Đồng,NTB,AM Lợi
NTB - Lâm Đồng,(LDO) Lang Biang - Đà Lạt 1,Hàng Mới Ca 1,2026-09-07 - Thứ 2,159,87.42%,46.54%,0.00%,21.28,74,0,139,0,85,20,12.58%,53.46%,159,Lâm Đồng,NTB,AM Lợi
NTB - Lâm Đồng,(LDO) Lang Biang - Đà Lạt 1,Hàng Mới Ca 1,2026-09-11 - Thứ 6,154,94.81%,48.05%,0.00%,20.42,74,0,146,0,80,8,5.19%,51.95%,154,Lâm Đồng,NTB,AM Lợi
NTB - Lâm Đồng,(LDO) Lang Biang - Đà Lạt 1,Hàng Mới Ca 1,2026-08-17 - Thứ 2,130,12.31%,0.77%,0.00%,16,1,0,16,0,129,114,87.69%,99.23%,130,Lâm Đồng,NTB,AM Lợi
NTB - Lâm Đồng,(LDO) Lang Biang - Đà Lạt 1,Hàng Mới Ca 1,2026-08-18 - Thứ 3,119,9.24%,4.20%,0.00%,20.2,5,0,11,0,114,108,90.76%,95.80%,119,Lâm Đồng,NTB,AM Lợi
NTB - Lâm Đồng,(LDO) Lang Biang - Đà Lạt 1,Hàng Mới Ca 1,2026-08-24 - Thứ 2,135,12.59%,7.41%,0.00%,23.4,10,0,17,0,125,118,87.41%,92.59%,135,Lâm Đồng,NTB,AM Lợi
NTB - Lâm Đồng,(LDO) Lang Biang - Đà Lạt 1,Hàng Mới Ca 1,2026-08-19 - Thứ 4,124,16.94%,16.13%,0.00%,18.65,20,0,21,0,104,103,83.06%,83.87%,124,Lâm Đồng,NTB,AM Lợi
NTB - Lâm Đồng,(LDO) Lang Biang - Đà Lạt 1,Hàng Mới Ca 1,2026-08-23 - Chủ Nhật,131,26.72%,19.08%,0.00%,19.52,25,0,35,0,106,96,73.28%,80.92%,131,Lâm Đồng,NTB,AM Lợi
NTB - Lâm Đồng,(LDO) Lang Biang - Đà Lạt 1,Hàng Mới Ca 1,2026-08-21 - Thứ 6,121,26.45%,20.66%,0.00%,20.32,25,0,32,0,96,89,73.55%,79.34%,121,Lâm Đồng,NTB,AM Lợi
NTB - Lâm Đồng,(LDO) Lang Biang - Đà Lạt 1,Hàng Mới Ca 1,2026-09-01 - Thứ 3,42,83.33%,64.29%,0.00%,20.93,27,0,35,0,15,7,16.67%,35.71%,42,Lâm Đồng,NTB,AM Lợi
NTB - Lâm Đồng,(LDO) Lang Biang - Đà Lạt 1,Hàng Mới Ca 1,2026-09-04 - Thứ 6,60,75.00%,48.33%,0.00%,21.21,29,0,45,0,31,15,25.00%,51.67%,60,Lâm Đồng,NTB,AM Lợi
NTB - Lâm Đồng,(LDO) Lang Biang - Đà Lạt 1,Hàng Mới Ca 1,2026-08-22 - Thứ 7,125,31.20%,25.60%,0.00%,20.72,32,0,39,0,93,86,68.80%,74.40%,125,Lâm Đồng,NTB,AM Lợi
NTB - Lâm Đồng,(LDO) Lang Biang - Đà Lạt 1,Hàng Mới Ca 1,2026-08-20 - Thứ 5,157,30.57%,25.48%,0.00%,21.15,40,0,48,0,117,109,69.43%,74.52%,157,Lâm Đồng,NTB,AM Lợi
NTB - Lâm Đồng,(LDO) Lang Biang - Đà Lạt 1,Hàng Mới Ca 1,2026-09-12 - Thứ 7,93,75.27%,43.01%,0.00%,20.45,40,0,70,0,53,23,24.73%,56.99%,93,Lâm Đồng,NTB,AM Lợi
NTB - Lâm Đồng,(LDO) Lang Biang - Đà Lạt 1,Hàng Mới Ca 1,2026-08-28 - Thứ 6,128,59.38%,36.72%,0.00%,20.55,47,0,76,0,81,52,40.62%,63.28%,128,Lâm Đồng,NTB,AM Lợi
NTB - Lâm Đồng,(LDO) Lang Biang - Đà Lạt 1,Hàng Mới Ca 1,2026-08-31 - Thứ 2,120,65.00%,40.83%,0.00%,19.14,49,0,78,0,71,42,35.00%,59.17%,120,Lâm Đồng,NTB,AM Lợi
NTB - Lâm Đồng,(LDO) Lang Biang - Đà Lạt 1,Hàng Mới Ca 1,2026-09-08 - Thứ 3,101,92.08%,49.50%,0.00%,20.92,50,0,93,0,51,8,7.92%,50.50%,101,Lâm Đồng,NTB,AM Lợi
NTB - Lâm Đồng,(LDO) Lang Biang - Đà Lạt 1,Hàng Mới Ca 1,2026-09-06 - Chủ Nhật,135,77.04%,37.78%,0.00%,20.35,51,0,104,0,84,31,22.96%,62.22%,135,Lâm Đồng,NTB,AM Lợi
NTB - Lâm Đồng,(LDO) Lang Biang - Đà Lạt 1,Hàng Mới Ca 1,2026-08-29 - Thứ 7,120,65.00%,42.50%,0.00%,20.63,51,0,78,0,69,42,35.00%,57.50%,120,Lâm Đồng,NTB,AM Lợi
NTB - Lâm Đồng,(LDO) Lang Biang - Đà Lạt 1,Hàng Mới Ca 1,2026-09-09 - Thứ 4,112,85.71%,45.54%,0.00%,21.67,51,0,96,0,61,16,14.29%,54.46%,112,Lâm Đồng,NTB,AM Lợi
NTB - Lâm Đồng,(LDO) Lang Biang - Đà Lạt 1,Hàng Mới Ca 1,2026-09-05 - Thứ 7,105,86.67%,53.33%,0.00%,21.36,56,0,91,0,49,14,13.33%,46.67%,105,Lâm Đồng,NTB,AM Lợi
NTB - Lâm Đồng,(LDO) Lang Biang - Đà Lạt 1,Hàng Mới Ca 1,2026-08-26 - Thứ 4,118,61.86%,48.31%,0.00%,20.32,57,0,73,0,61,45,38.14%,51.69%,118,Lâm Đồng,NTB,AM Lợi
NTB - Lâm Đồng,(LDO) Lang Biang - Đà Lạt 1,Hàng Mới Ca 1,2026-09-13 - Chủ Nhật,124,92.74%,50.81%,0.00%,22.33,63,0,115,0,61,9,7.26%,49.19%,124,Lâm Đồng,NTB,AM Lợi
NTB - Lâm Đồng,(LDO) Lang Biang - Đà Lạt 1,Hàng Mới Ca 1,2026-09-03 - Thứ 5,139,65.47%,46.04%,0.00%,20.63,64,0,91,0,75,48,34.53%,53.96%,139,Lâm Đồng,NTB,AM Lợi
NTB - Lâm Đồng,(LDO) Lang Biang - Đà Lạt 1,Hàng Mới Ca 1,2026-08-30 - Chủ Nhật,121,80.99%,61.98%,0.00%,20.67,75,0,98,0,46,23,19.01%,38.02%,121,Lâm Đồng,NTB,AM Lợi
NTB - Lâm Đồng,(LDO) Lang Biang - Đà Lạt 1,Hàng Mới Ca 1,2026-09-10 - Thứ 5,136,93.38%,55.88%,0.00%,21.46,76,0,127,0,60,9,6.62%,44.12%,136,Lâm Đồng,NTB,AM Lợi
NTB - Lâm Đồng,(LDO) Lang Biang - Đà Lạt 1,Hàng Mới Ca 1,2026-08-25 - Thứ 3,153,75.82%,55.56%,0.00%,20.72,85,0,116,0,68,37,24.18%,44.44%,153,Lâm Đồng,NTB,AM Lợi
NTB - Lâm Đồng,(LDO) Lang Biang - Đà Lạt 1,Hàng Mới Ca 2,2026-08-23 - Chủ Nhật,1,100.00%,0.00%,0.00%,,0,0,1,0,1,0,0.00%,100.00%,1,Lâm Đồng,NTB,AM Lợi
NTB - Lâm Đồng,(LDO) Lang Biang - Đà Lạt 1,Hàng Mới Ca 2,2026-08-31 - Thứ 2,1,100.00%,100.00%,0.00%,8,1,0,1,0,0,0,0.00%,0.00%,1,Lâm Đồng,NTB,AM Lợi
NTB - Lâm Đồng,(LDO) Lang Biang - Đà Lạt 1,Hàng Tồn,2026-08-30 - Chủ Nhật,190,86.32%,42.63%,6.84%,66.12,81,13,164,13,96,26,13.68%,50.53%,0,Lâm Đồng,NTB,AM Lợi
NTB - Lâm Đồng,(LDO) Lang Biang - Đà Lạt 1,Hàng Tồn,2026-08-19 - Thứ 4,275,59.27%,34.18%,6.18%,64.57,94,17,163,17,164,112,40.73%,59.64%,0,Lâm Đồng,NTB,AM Lợi
NTB - Lâm Đồng,(LDO) Lang Biang - Đà Lạt 1,Hàng Tồn,2026-08-25 - Thứ 3,320,82.19%,43.44%,4.69%,76.22,139,15,263,15,166,57,17.81%,51.87%,0,Lâm Đồng,NTB,AM Lợi
NTB - Lâm Đồng,(LDO) Lang Biang - Đà Lạt 1,Hàng Tồn,2026-08-18 - Thứ 3,311,70.74%,36.01%,9.32%,68.31,112,29,220,29,170,91,29.26%,54.67%,0,Lâm Đồng,NTB,AM Lợi
NTB - Lâm Đồng,(LDO) Lang Biang - Đà Lạt 1,Hàng Tồn,2026-08-26 - Thứ 4,231,91.34%,29.00%,7.79%,82.93,67,18,211,18,146,20,8.66%,63.21%,0,Lâm Đồng,NTB,AM Lợi
NTB - Lâm Đồng,(LDO) Lang Biang - Đà Lạt 1,Hàng Tồn,2026-08-24 - Thứ 2,329,69.00%,36.47%,3.34%,85.64,120,11,227,11,198,102,31.00%,60.19%,0,Lâm Đồng,NTB,AM Lợi
NTB - Lâm Đồng,(LDO) Lang Biang - Đà Lạt 1,Hàng Tồn,2026-09-12 - Thứ 7,164,78.05%,17.07%,12.20%,75.21,28,20,128,20,116,36,21.95%,70.73%,0,Lâm Đồng,NTB,AM Lợi
NTB - Lâm Đồng,(LDO) Lang Biang - Đà Lạt 1,Hàng Tồn,2026-09-09 - Thứ 4,162,86.42%,17.28%,7.41%,74,28,12,140,12,122,22,13.58%,75.31%,0,Lâm Đồng,NTB,AM Lợi
NTB - Lâm Đồng,(LDO) Lang Biang - Đà Lạt 1,Hàng Tồn,2026-09-06 - Chủ Nhật,133,92.48%,21.80%,8.27%,75.97,29,11,123,11,93,10,7.52%,69.93%,0,Lâm Đồng,NTB,AM Lợi
NTB - Lâm Đồng,(LDO) Lang Biang - Đà Lạt 1,Hàng Tồn,2026-09-02 - Thứ 4,115,88.70%,26.09%,16.52%,80.07,30,19,102,19,66,13,11.30%,57.39%,0,Lâm Đồng,NTB,AM Lợi
NTB - Lâm Đồng,(LDO) Lang Biang - Đà Lạt 1,Hàng Tồn,2026-08-31 - Thứ 2,133,75.94%,24.06%,9.02%,63.66,32,12,101,12,89,32,24.06%,66.92%,0,Lâm Đồng,NTB,AM Lợi
NTB - Lâm Đồng,(LDO) Lang Biang - Đà Lạt 1,Hàng Tồn,2026-08-28 - Thứ 6,169,66.86%,19.53%,7.69%,80.52,33,13,113,13,123,56,33.14%,72.78%,0,Lâm Đồng,NTB,AM Lợi
NTB - Lâm Đồng,(LDO) Lang Biang - Đà Lạt 1,Hàng Tồn,2026-09-01 - Thứ 3,158,81.01%,25.95%,9.49%,61.71,41,15,128,15,102,30,18.99%,64.56%,0,Lâm Đồng,NTB,AM Lợi
NTB - Lâm Đồng,(LDO) Lang Biang - Đà Lạt 1,Hàng Tồn,2026-09-05 - Thứ 7,150,84.67%,28.00%,11.33%,76.81,42,17,127,17,91,23,15.33%,60.67%,0,Lâm Đồng,NTB,AM Lợi
NTB - Lâm Đồng,(LDO) Lang Biang - Đà Lạt 1,Hàng Tồn,2026-09-04 - Thứ 6,175,68.00%,24.57%,7.43%,66.47,43,13,119,13,119,56,32.00%,68.00%,0,Lâm Đồng,NTB,AM Lợi
NTB - Lâm Đồng,(LDO) Lang Biang - Đà Lạt 1,Hàng Tồn,2026-09-11 - Thứ 6,158,98.10%,31.65%,13.92%,72.26,50,22,155,22,86,3,1.90%,54.43%,0,Lâm Đồng,NTB,AM Lợi
NTB - Lâm Đồng,(LDO) Lang Biang - Đà Lạt 1,Hàng Tồn,2026-09-08 - Thứ 3,179,91.06%,28.49%,8.38%,75.18,51,15,163,15,113,16,8.94%,63.13%,0,Lâm Đồng,NTB,AM Lợi
NTB - Lâm Đồng,(LDO) Lang Biang - Đà Lạt 1,Hàng Tồn,2026-09-03 - Thứ 5,175,84.00%,29.14%,10.29%,51.86,51,18,147,18,106,28,16.00%,60.57%,0,Lâm Đồng,NTB,AM Lợi
NTB - Lâm Đồng,(LDO) Lang Biang - Đà Lạt 1,Hàng Tồn,2026-09-13 - Chủ Nhật,167,100.00%,31.14%,5.99%,67.9,52,10,167,10,105,0,0.00%,62.87%,0,Lâm Đồng,NTB,AM Lợi
NTB - Lâm Đồng,(LDO) Lang Biang - Đà Lạt 1,Hàng Tồn,2026-09-10 - Thứ 5,178,93.26%,33.71%,8.43%,69.07,60,15,166,15,103,12,6.74%,57.86%,0,Lâm Đồng,NTB,AM Lợi
NTB - Lâm Đồng,(LDO) Lang Biang - Đà Lạt 1,Hàng Tồn,2026-08-29 - Thứ 7,201,75.62%,30.85%,6.97%,78.02,62,14,152,14,125,49,24.38%,62.18%,0,Lâm Đồng,NTB,AM Lợi
NTB - Lâm Đồng,(LDO) Lang Biang - Đà Lạt 1,Hàng Tồn,2026-08-27 - Thứ 5,198,82.83%,31.31%,8.59%,79.18,62,17,164,17,119,34,17.17%,60.10%,0,Lâm Đồng,NTB,AM Lợi
NTB - Lâm Đồng,(LDO) Lang Biang - Đà Lạt 1,Hàng Tồn,2026-08-20 - Thứ 5,262,53.05%,24.05%,8.78%,72.1,63,23,139,23,176,123,46.95%,67.17%,0,Lâm Đồng,NTB,AM Lợi
NTB - Lâm Đồng,(LDO) Lang Biang - Đà Lạt 1,Hàng Tồn,2026-09-07 - Thứ 2,171,98.25%,36.84%,4.68%,65.32,63,8,168,8,100,3,1.75%,58.48%,0,Lâm Đồng,NTB,AM Lợi
NTB - Lâm Đồng,(LDO) Lang Biang - Đà Lạt 1,Hàng Tồn,2026-08-21 - Thứ 6,293,53.58%,22.18%,3.75%,65.32,65,11,157,11,217,136,46.42%,74.07%,0,Lâm Đồng,NTB,AM Lợi
NTB - Lâm Đồng,(LDO) Lang Biang - Đà Lạt 1,Hàng Tồn,2026-08-17 - Thứ 2,286,83.92%,24.83%,8.04%,99.31,71,23,240,23,192,46,16.08%,67.13%,0,Lâm Đồng,NTB,AM Lợi
NTB - Lâm Đồng,(LDO) Lang Biang - Đà Lạt 1,Hàng Tồn,2026-08-22 - Thứ 7,306,50.65%,23.20%,4.25%,73.82,71,13,155,13,222,151,49.35%,72.55%,0,Lâm Đồng,NTB,AM Lợi
NTB - Lâm Đồng,(LDO) Lang Biang - Đà Lạt 1,Hàng Tồn,2026-08-23 - Chủ Nhật,312,55.77%,23.40%,3.53%,75.97,73,11,174,11,228,138,44.23%,73.07%,0,Lâm Đồng,NTB,AM Lợi
NTB - Lâm Đồng,(LDO) Hòa Ninh,Hàng Mới Ca 1,2026-08-23 - Chủ Nhật,105,100.00%,82.86%,0.00%,16.49,87,0,105,0,18,0,0.00%,17.14%,105,Lâm Đồng,NTB,AM Nga
NTB - Lâm Đồng,(LDO) Hòa Ninh,Hàng Mới Ca 1,2026-08-28 - Thứ 6,83,96.39%,86.75%,0.00%,16.25,72,0,80,0,11,3,3.61%,13.25%,83,Lâm Đồng,NTB,AM Nga
NTB - Lâm Đồng,(LDO) Hòa Ninh,Hàng Mới Ca 1,2026-09-07 - Thứ 2,23,91.30%,65.22%,0.00%,6.93,15,0,21,0,8,2,8.70%,34.78%,23,Lâm Đồng,NTB,AM Nga
NTB - Lâm Đồng,(LDO) Hòa Ninh,Hàng Mới Ca 1,2026-09-11 - Thứ 6,24,100.00%,83.33%,0.00%,7.8,20,0,24,0,4,0,0.00%,16.67%,24,Lâm Đồng,NTB,AM Nga
NTB - Lâm Đồng,(LDO) Hòa Ninh,Hàng Mới Ca 1,2026-09-12 - Thứ 7,28,100.00%,82.14%,0.00%,8.13,23,0,28,0,5,0,0.00%,17.86%,28,Lâm Đồng,NTB,AM Nga
NTB - Lâm Đồng,(LDO) Hòa Ninh,Hàng Mới Ca 1,2026-09-09 - Thứ 4,28,100.00%,82.14%,0.00%,7.35,23,0,28,0,5,0,0.00%,17.86%,28,Lâm Đồng,NTB,AM Nga
NTB - Lâm Đồng,(LDO) Hòa Ninh,Hàng Mới Ca 1,2026-09-06 - Chủ Nhật,41,85.37%,68.29%,0.00%,7.25,28,0,35,0,13,6,14.63%,31.71%,41,Lâm Đồng,NTB,AM Nga
NTB - Lâm Đồng,(LDO) Hòa Ninh,Hàng Mới Ca 1,2026-09-10 - Thứ 5,43,100.00%,79.07%,0.00%,7.68,34,0,43,0,9,0,0.00%,20.93%,43,Lâm Đồng,NTB,AM Nga
NTB - Lâm Đồng,(LDO) Hòa Ninh,Hàng Mới Ca 1,2026-09-13 - Chủ Nhật,61,91.80%,60.66%,0.00%,8.7,37,0,56,0,24,5,8.20%,39.34%,61,Lâm Đồng,NTB,AM Nga
NTB - Lâm Đồng,(LDO) Hòa Ninh,Hàng Mới Ca 1,2026-09-04 - Thứ 6,55,92.73%,70.91%,0.00%,12.72,39,0,51,0,16,4,7.27%,29.09%,55,Lâm Đồng,NTB,AM Nga
NTB - Lâm Đồng,(LDO) Hòa Ninh,Hàng Mới Ca 1,2026-08-25 - Thứ 3,74,81.08%,54.05%,0.00%,14.68,40,0,60,0,34,14,18.92%,45.95%,74,Lâm Đồng,NTB,AM Nga
NTB - Lâm Đồng,(LDO) Hòa Ninh,Hàng Mới Ca 1,2026-09-02 - Thứ 4,49,100.00%,87.76%,0.00%,11.28,43,0,49,0,6,0,0.00%,12.24%,49,Lâm Đồng,NTB,AM Nga
NTB - Lâm Đồng,(LDO) Hòa Ninh,Hàng Mới Ca 1,2026-09-08 - Thứ 3,56,94.64%,78.57%,0.00%,7.43,44,0,53,0,12,3,5.36%,21.43%,56,Lâm Đồng,NTB,AM Nga
NTB - Lâm Đồng,(LDO) Hòa Ninh,Hàng Mới Ca 1,2026-08-17 - Thứ 2,76,97.37%,57.89%,0.00%,19.05,44,0,74,0,32,2,2.63%,42.11%,76,Lâm Đồng,NTB,AM Nga
NTB - Lâm Đồng,(LDO) Hòa Ninh,Hàng Mới Ca 1,2026-09-03 - Thứ 5,56,96.43%,80.36%,0.00%,10,45,0,54,0,11,2,3.57%,19.64%,56,Lâm Đồng,NTB,AM Nga
NTB - Lâm Đồng,(LDO) Hòa Ninh,Hàng Mới Ca 1,2026-08-22 - Thứ 7,67,88.06%,67.16%,0.00%,15.4,45,0,59,0,22,8,11.94%,32.84%,67,Lâm Đồng,NTB,AM Nga
NTB - Lâm Đồng,(LDO) Hòa Ninh,Hàng Mới Ca 1,2026-08-19 - Thứ 4,65,100.00%,70.77%,0.00%,16.57,46,0,65,0,19,0,0.00%,29.23%,65,Lâm Đồng,NTB,AM Nga
NTB - Lâm Đồng,(LDO) Hòa Ninh,Hàng Mới Ca 1,2026-09-05 - Thứ 7,59,94.92%,77.97%,0.00%,8.7,46,0,56,0,13,3,5.08%,22.03%,59,Lâm Đồng,NTB,AM Nga
NTB - Lâm Đồng,(LDO) Hòa Ninh,Hàng Mới Ca 1,2026-08-31 - Thứ 2,78,92.31%,64.10%,0.00%,12.66,50,0,72,0,28,6,7.69%,35.90%,78,Lâm Đồng,NTB,AM Nga
NTB - Lâm Đồng,(LDO) Hòa Ninh,Hàng Mới Ca 1,2026-08-18 - Thứ 3,58,100.00%,86.21%,0.00%,15.7,50,0,58,0,8,0,0.00%,13.79%,58,Lâm Đồng,NTB,AM Nga
NTB - Lâm Đồng,(LDO) Hòa Ninh,Hàng Mới Ca 1,2026-09-01 - Thứ 3,55,100.00%,90.91%,0.00%,16.44,50,0,55,0,5,0,0.00%,9.09%,55,Lâm Đồng,NTB,AM Nga
NTB - Lâm Đồng,(LDO) Hòa Ninh,Hàng Mới Ca 1,2026-08-20 - Thứ 5,70,95.71%,78.57%,0.00%,14.13,55,0,67,0,15,3,4.29%,21.43%,70,Lâm Đồng,NTB,AM Nga
NTB - Lâm Đồng,(LDO) Hòa Ninh,Hàng Mới Ca 1,2026-08-27 - Thứ 5,71,100.00%,81.69%,0.00%,15.19,58,0,71,0,13,0,0.00%,18.31%,71,Lâm Đồng,NTB,AM Nga
NTB - Lâm Đồng,(LDO) Hòa Ninh,Hàng Mới Ca 1,2026-08-21 - Thứ 6,79,93.67%,75.95%,0.00%,16.72,60,0,74,0,19,5,6.33%,24.05%,79,Lâm Đồng,NTB,AM Nga
NTB - Lâm Đồng,(LDO) Hòa Ninh,Hàng Mới Ca 1,2026-08-26 - Thứ 4,72,98.61%,83.33%,0.00%,17.93,60,0,71,0,12,1,1.39%,16.67%,72,Lâm Đồng,NTB,AM Nga
NTB - Lâm Đồng,(LDO) Hòa Ninh,Hàng Mới Ca 1,2026-08-24 - Thứ 2,73,94.52%,82.19%,0.00%,19.28,60,0,69,0,13,4,5.48%,17.81%,73,Lâm Đồng,NTB,AM Nga
NTB - Lâm Đồng,(LDO) Hòa Ninh,Hàng Mới Ca 1,2026-08-30 - Chủ Nhật,77,98.70%,85.71%,0.00%,13.36,66,0,76,0,11,1,1.30%,14.29%,77,Lâm Đồng,NTB,AM Nga
NTB - Lâm Đồng,(LDO) Hòa Ninh,Hàng Mới Ca 1,2026-08-29 - Thứ 7,74,100.00%,91.89%,0.00%,10.88,68,0,74,0,6,0,0.00%,8.11%,74,Lâm Đồng,NTB,AM Nga
NTB - Lâm Đồng,(LDO) Hòa Ninh,Hàng Mới Ca 2,2026-08-31 - Thứ 2,19,5.26%,0.00%,0.00%,,0,0,1,0,19,18,94.74%,100.00%,19,Lâm Đồng,NTB,AM Nga
NTB - Lâm Đồng,(LDO) Hòa Ninh,Hàng Mới Ca 2,2026-08-18 - Thứ 3,27,0.00%,0.00%,0.00%,,0,0,0,0,27,27,100.00%,100.00%,27,Lâm Đồng,NTB,AM Nga
NTB - Lâm Đồng,(LDO) Hòa Ninh,Hàng Mới Ca 2,2026-08-30 - Chủ Nhật,37,10.81%,8.11%,0.00%,2.67,3,0,4,0,34,33,89.19%,91.89%,37,Lâm Đồng,NTB,AM Nga
NTB - Lâm Đồng,(LDO) Hòa Ninh,Hàng Mới Ca 2,2026-08-29 - Thứ 7,10,50.00%,30.00%,0.00%,3.33,3,0,5,0,7,5,50.00%,70.00%,10,Lâm Đồng,NTB,AM Nga
NTB - Lâm Đồng,(LDO) Hòa Ninh,Hàng Mới Ca 2,2026-08-19 - Thứ 4,26,34.62%,15.38%,0.00%,4.25,4,0,9,0,22,17,65.38%,84.62%,26,Lâm Đồng,NTB,AM Nga
NTB - Lâm Đồng,(LDO) Hòa Ninh,Hàng Mới Ca 2,2026-08-23 - Chủ Nhật,25,16.00%,16.00%,0.00%,6.5,4,0,4,0,21,21,84.00%,84.00%,25,Lâm Đồng,NTB,AM Nga
NTB - Lâm Đồng,(LDO) Hòa Ninh,Hàng Mới Ca 2,2026-09-03 - Thứ 5,7,71.43%,71.43%,0.00%,3.4,5,0,5,0,2,2,28.57%,28.57%,7,Lâm Đồng,NTB,AM Nga
NTB - Lâm Đồng,(LDO) Hòa Ninh,Hàng Mới Ca 2,2026-08-28 - Thứ 6,13,53.85%,46.15%,0.00%,4.5,6,0,7,0,7,6,46.15%,53.85%,13,Lâm Đồng,NTB,AM Nga
NTB - Lâm Đồng,(LDO) Hòa Ninh,Hàng Mới Ca 2,2026-09-07 - Thứ 2,20,35.00%,30.00%,0.00%,5,6,0,7,0,14,13,65.00%,70.00%,20,Lâm Đồng,NTB,AM Nga
NTB - Lâm Đồng,(LDO) Hòa Ninh,Hàng Mới Ca 2,2026-08-21 - Thứ 6,15,46.67%,46.67%,0.00%,6.14,7,0,7,0,8,8,53.33%,53.33%,15,Lâm Đồng,NTB,AM Nga
NTB - Lâm Đồng,(LDO) Hòa Ninh,Hàng Mới Ca 2,2026-08-24 - Thứ 2,27,37.04%,25.93%,0.00%,5,7,0,10,0,20,17,62.96%,74.07%,27,Lâm Đồng,NTB,AM Nga
NTB - Lâm Đồng,(LDO) Hòa Ninh,Hàng Mới Ca 2,2026-08-22 - Thứ 7,24,29.17%,29.17%,0.00%,5.14,7,0,7,0,17,17,70.83%,70.83%,24,Lâm Đồng,NTB,AM Nga
NTB - Lâm Đồng,(LDO) Hòa Ninh,Hàng Mới Ca 2,2026-08-25 - Thứ 3,23,56.52%,39.13%,0.00%,4,9,0,13,0,14,10,43.48%,60.87%,23,Lâm Đồng,NTB,AM Nga
NTB - Lâm Đồng,(LDO) Hòa Ninh,Hàng Mới Ca 2,2026-08-20 - Thứ 5,21,71.43%,47.62%,0.00%,3.9,10,0,15,0,11,6,28.57%,52.38%,21,Lâm Đồng,NTB,AM Nga
NTB - Lâm Đồng,(LDO) Hòa Ninh,Hàng Mới Ca 2,2026-08-17 - Thứ 2,30,40.00%,36.67%,0.00%,4.64,11,0,12,0,19,18,60.00%,63.33%,30,Lâm Đồng,NTB,AM Nga
NTB - Lâm Đồng,(LDO) Hòa Ninh,Hàng Mới Ca 2,2026-09-05 - Thứ 7,28,46.43%,39.29%,0.00%,2.73,11,0,13,0,17,15,53.57%,60.71%,28,Lâm Đồng,NTB,AM Nga
NTB - Lâm Đồng,(LDO) Hòa Ninh,Hàng Mới Ca 2,2026-09-08 - Thứ 3,34,55.88%,35.29%,0.00%,5,12,0,19,0,22,15,44.12%,64.71%,34,Lâm Đồng,NTB,AM Nga
NTB - Lâm Đồng,(LDO) Hòa Ninh,Hàng Mới Ca 2,2026-09-10 - Thứ 5,52,34.62%,25.00%,0.00%,3.54,13,0,18,0,39,34,65.38%,75.00%,52,Lâm Đồng,NTB,AM Nga
NTB - Lâm Đồng,(LDO) Hòa Ninh,Hàng Mới Ca 2,2026-08-26 - Thứ 4,30,56.67%,43.33%,0.00%,5.62,13,0,17,0,17,13,43.33%,56.67%,30,Lâm Đồng,NTB,AM Nga
NTB - Lâm Đồng,(LDO) Hòa Ninh,Hàng Mới Ca 2,2026-09-13 - Chủ Nhật,55,49.09%,23.64%,0.00%,4.77,13,0,27,0,42,28,50.91%,76.36%,55,Lâm Đồng,NTB,AM Nga
NTB - Lâm Đồng,(LDO) Hòa Ninh,Hàng Mới Ca 2,2026-09-06 - Chủ Nhật,66,25.76%,21.21%,0.00%,4.43,14,0,17,0,52,49,74.24%,78.79%,66,Lâm Đồng,NTB,AM Nga
NTB - Lâm Đồng,(LDO) Hòa Ninh,Hàng Mới Ca 2,2026-09-04 - Thứ 6,16,100.00%,87.50%,0.00%,3.93,14,0,16,0,2,0,0.00%,12.50%,16,Lâm Đồng,NTB,AM Nga
NTB - Lâm Đồng,(LDO) Hòa Ninh,Hàng Mới Ca 2,2026-08-27 - Thứ 5,31,54.84%,51.61%,0.00%,4.19,16,0,17,0,15,14,45.16%,48.39%,31,Lâm Đồng,NTB,AM Nga
NTB - Lâm Đồng,(LDO) Hòa Ninh,Hàng Mới Ca 2,2026-09-01 - Thứ 3,33,75.76%,57.58%,0.00%,5.58,19,0,25,0,14,8,24.24%,42.42%,33,Lâm Đồng,NTB,AM Nga
NTB - Lâm Đồng,(LDO) Hòa Ninh,Hàng Mới Ca 2,2026-09-11 - Thứ 6,46,71.74%,52.17%,0.00%,3.5,24,0,33,0,22,13,28.26%,47.83%,46,Lâm Đồng,NTB,AM Nga
NTB - Lâm Đồng,(LDO) Hòa Ninh,Hàng Mới Ca 2,2026-09-02 - Thứ 4,32,87.50%,78.13%,0.00%,5.6,25,0,28,0,7,4,12.50%,21.87%,32,Lâm Đồng,NTB,AM Nga
NTB - Lâm Đồng,(LDO) Hòa Ninh,Hàng Mới Ca 2,2026-09-09 - Thứ 4,74,48.65%,37.84%,0.00%,4.32,28,0,36,0,46,38,51.35%,62.16%,74,Lâm Đồng,NTB,AM Nga
NTB - Lâm Đồng,(LDO) Hòa Ninh,Hàng Mới Ca 2,2026-09-12 - Thứ 7,56,67.86%,58.93%,0.00%,3.33,33,0,38,0,23,18,32.14%,41.07%,56,Lâm Đồng,NTB,AM Nga
NTB - Lâm Đồng,(LDO) Hòa Ninh,Hàng Tồn,2026-08-30 - Chủ Nhật,33,72.73%,30.30%,9.09%,42.8,10,3,24,3,20,9,27.27%,60.61%,0,Lâm Đồng,NTB,AM Nga
NTB - Lâm Đồng,(LDO) Hòa Ninh,Hàng Tồn,2026-09-04 - Thứ 6,27,100.00%,37.04%,14.81%,43.9,10,4,27,4,13,0,0.00%,48.15%,0,Lâm Đồng,NTB,AM Nga
NTB - Lâm Đồng,(LDO) Hòa Ninh,Hàng Tồn,2026-09-05 - Thứ 7,31,87.10%,35.48%,6.45%,39.91,11,2,27,2,18,4,12.90%,58.07%,0,Lâm Đồng,NTB,AM Nga
NTB - Lâm Đồng,(LDO) Hòa Ninh,Hàng Tồn,2026-09-03 - Thứ 5,27,96.30%,40.74%,0.00%,48.18,11,0,26,0,16,1,3.70%,59.26%,0,Lâm Đồng,NTB,AM Nga
NTB - Lâm Đồng,(LDO) Hòa Ninh,Hàng Tồn,2026-08-29 - Thứ 7,43,97.67%,37.21%,9.30%,51,16,4,42,4,23,1,2.33%,53.49%,0,Lâm Đồng,NTB,AM Nga
NTB - Lâm Đồng,(LDO) Hòa Ninh,Hàng Tồn,2026-08-22 - Thứ 7,58,70.69%,27.59%,5.17%,51.5,16,3,41,3,39,17,29.31%,67.24%,0,Lâm Đồng,NTB,AM Nga
NTB - Lâm Đồng,(LDO) Hòa Ninh,Hàng Tồn,2026-08-20 - Thứ 5,75,73.33%,22.67%,10.67%,59.35,17,8,55,8,50,20,26.67%,66.66%,0,Lâm Đồng,NTB,AM Nga
NTB - Lâm Đồng,(LDO) Hòa Ninh,Hàng Tồn,2026-09-13 - Chủ Nhật,42,88.10%,42.86%,2.38%,33.06,18,1,37,1,23,5,11.90%,54.76%,0,Lâm Đồng,NTB,AM Nga
NTB - Lâm Đồng,(LDO) Hòa Ninh,Hàng Tồn,2026-08-28 - Thứ 6,54,98.15%,40.74%,11.11%,43.55,22,6,53,6,26,1,1.85%,48.15%,0,Lâm Đồng,NTB,AM Nga
NTB - Lâm Đồng,(LDO) Hòa Ninh,Hàng Tồn,2026-09-02 - Thứ 4,43,100.00%,53.49%,11.63%,51.35,23,5,43,5,15,0,0.00%,34.88%,0,Lâm Đồng,NTB,AM Nga
NTB - Lâm Đồng,(LDO) Hòa Ninh,Hàng Tồn,2026-08-27 - Thứ 5,57,100.00%,42.11%,8.77%,43.08,24,5,57,5,28,0,0.00%,49.12%,0,Lâm Đồng,NTB,AM Nga
NTB - Lâm Đồng,(LDO) Hòa Ninh,Hàng Tồn,2026-08-31 - Thứ 2,66,98.48%,36.36%,4.55%,36.38,24,3,65,3,39,1,1.52%,59.09%,0,Lâm Đồng,NTB,AM Nga
NTB - Lâm Đồng,(LDO) Hòa Ninh,Hàng Tồn,2026-09-12 - Thứ 7,45,100.00%,57.78%,6.67%,35.46,26,3,45,3,16,0,0.00%,35.55%,0,Lâm Đồng,NTB,AM Nga
NTB - Lâm Đồng,(LDO) Hòa Ninh,Hàng Tồn,2026-09-06 - Chủ Nhật,69,72.46%,39.13%,5.80%,30.44,27,4,50,4,38,19,27.54%,55.07%,0,Lâm Đồng,NTB,AM Nga
NTB - Lâm Đồng,(LDO) Hòa Ninh,Hàng Tồn,2026-09-09 - Thứ 4,59,100.00%,45.76%,10.17%,35.96,27,6,59,6,26,0,0.00%,44.07%,0,Lâm Đồng,NTB,AM Nga
NTB - Lâm Đồng,(LDO) Hòa Ninh,Hàng Tồn,2026-08-24 - Thứ 2,80,75.00%,41.25%,7.50%,54.61,33,6,60,6,41,20,25.00%,51.25%,0,Lâm Đồng,NTB,AM Nga
NTB - Lâm Đồng,(LDO) Hòa Ninh,Hàng Tồn,2026-08-23 - Chủ Nhật,78,98.72%,43.59%,1.28%,50.15,34,1,77,1,43,1,1.28%,55.13%,0,Lâm Đồng,NTB,AM Nga
NTB - Lâm Đồng,(LDO) Hòa Ninh,Hàng Tồn,2026-08-21 - Thứ 6,74,93.24%,45.95%,9.46%,56.53,34,7,69,7,33,5,6.76%,44.59%,0,Lâm Đồng,NTB,AM Nga
NTB - Lâm Đồng,(LDO) Hòa Ninh,Hàng Tồn,2026-09-08 - Thứ 3,65,96.92%,60.00%,0.00%,49.36,39,0,63,0,26,2,3.08%,40.00%,0,Lâm Đồng,NTB,AM Nga
NTB - Lâm Đồng,(LDO) Hòa Ninh,Hàng Tồn,2026-08-25 - Thứ 3,74,95.95%,54.05%,6.76%,56.53,40,5,71,5,29,3,4.05%,39.19%,0,Lâm Đồng,NTB,AM Nga
NTB - Lâm Đồng,(LDO) Hòa Ninh,Hàng Tồn,2026-08-26 - Thứ 4,77,92.21%,55.84%,3.90%,46.74,43,3,71,3,31,6,7.79%,40.26%,0,Lâm Đồng,NTB,AM Nga
NTB - Lâm Đồng,(LDO) Hòa Ninh,Hàng Tồn,2026-08-19 - Thứ 4,86,98.84%,52.33%,9.30%,54.22,45,8,85,8,33,1,1.16%,38.37%,0,Lâm Đồng,NTB,AM Nga
NTB - Lâm Đồng,(LDO) Hòa Ninh,Hàng Tồn,2026-08-18 - Thứ 3,102,98.04%,45.10%,3.92%,64.15,46,4,100,4,52,2,1.96%,50.98%,0,Lâm Đồng,NTB,AM Nga
NTB - Lâm Đồng,(LDO) Hòa Ninh,Hàng Tồn,2026-09-11 - Thứ 6,68,100.00%,70.59%,1.47%,33.06,48,1,68,1,19,0,0.00%,27.94%,0,Lâm Đồng,NTB,AM Nga
NTB - Lâm Đồng,(LDO) Hòa Ninh,Hàng Tồn,2026-09-10 - Thứ 5,76,100.00%,67.11%,6.58%,35.39,51,5,76,5,20,0,0.00%,26.31%,0,Lâm Đồng,NTB,AM Nga
NTB - Lâm Đồng,(LDO) Hòa Ninh,Hàng Tồn,2026-08-17 - Thứ 2,119,98.32%,45.38%,10.08%,66,54,12,117,12,53,2,1.68%,44.54%,0,Lâm Đồng,NTB,AM Nga
NTB - Lâm Đồng,(LDO) Hòa Ninh,Hàng Tồn,2026-09-07 - Thứ 2,105,91.43%,52.38%,5.71%,32.36,55,6,96,6,44,9,8.57%,41.91%,0,Lâm Đồng,NTB,AM Nga
NTB - Lâm Đồng,(LDO) Hòa Ninh,Hàng Tồn,2026-09-01 - Thứ 3,83,100.00%,66.27%,2.41%,49.45,55,2,83,2,26,0,0.00%,31.32%,0,Lâm Đồng,NTB,AM Nga
NTB - Lâm Đồng,(LDO) Hiệp Thạnh,Hàng Mới Ca 1,2026-08-20 - Thứ 5,96,98.96%,89.58%,0.00%,14.67,86,0,95,0,10,1,1.04%,10.42%,96,Lâm Đồng,NTB,AM Thơ
NTB - Lâm Đồng,(LDO) Hiệp Thạnh,Hàng Mới Ca 1,2026-09-06 - Chủ Nhật,110,100.00%,90.91%,0.00%,12.9,100,0,110,0,10,0,0.00%,9.09%,110,Lâm Đồng,NTB,AM Thơ
NTB - Lâm Đồng,(LDO) Hiệp Thạnh,Hàng Mới Ca 1,2026-08-27 - Thứ 5,87,98.85%,95.40%,0.00%,16.19,83,0,86,0,4,1,1.15%,4.60%,87,Lâm Đồng,NTB,AM Thơ
NTB - Lâm Đồng,(LDO) Hiệp Thạnh,Hàng Mới Ca 1,2026-08-25 - Thứ 3,88,98.86%,90.91%,0.00%,16.78,80,0,87,0,8,1,1.14%,9.09%,88,Lâm Đồng,NTB,AM Thơ
NTB - Lâm Đồng,(LDO) Hiệp Thạnh,Hàng Mới Ca 1,2026-09-12 - Thứ 7,91,100.00%,92.31%,0.00%,14.81,84,0,91,0,7,0,0.00%,7.69%,91,Lâm Đồng,NTB,AM Thơ
NTB - Lâm Đồng,(LDO) Hiệp Thạnh,Hàng Mới Ca 1,2026-09-09 - Thứ 4,95,98.95%,86.32%,0.00%,13.52,82,0,94,0,13,1,1.05%,13.68%,95,Lâm Đồng,NTB,AM Thơ
NTB - Lâm Đồng,(LDO) Hiệp Thạnh,Hàng Mới Ca 1,2026-09-10 - Thứ 5,86,98.84%,86.05%,0.00%,12.54,74,0,85,0,12,1,1.16%,13.95%,86,Lâm Đồng,NTB,AM Thơ
NTB - Lâm Đồng,(LDO) Hiệp Thạnh,Hàng Mới Ca 1,2026-08-31 - Thứ 2,98,100.00%,93.88%,0.00%,15.95,92,0,98,0,6,0,0.00%,6.12%,98,Lâm Đồng,NTB,AM Thơ
NTB - Lâm Đồng,(LDO) Hiệp Thạnh,Hàng Mới Ca 1,2026-08-21 - Thứ 6,89,100.00%,96.63%,0.00%,13.77,86,0,89,0,3,0,0.00%,3.37%,89,Lâm Đồng,NTB,AM Thơ
NTB - Lâm Đồng,(LDO) Hiệp Thạnh,Hàng Mới Ca 1,2026-08-18 - Thứ 3,81,97.53%,91.36%,0.00%,18.92,74,0,79,0,7,2,2.47%,8.64%,81,Lâm Đồng,NTB,AM Thơ
NTB - Lâm Đồng,(LDO) Hiệp Thạnh,Hàng Mới Ca 1,2026-09-05 - Thứ 7,74,95.95%,90.54%,0.00%,16.27,67,0,71,0,7,3,4.05%,9.46%,74,Lâm Đồng,NTB,AM Thơ
NTB - Lâm Đồng,(LDO) Hiệp Thạnh,Hàng Mới Ca 1,2026-08-28 - Thứ 6,97,92.78%,88.66%,0.00%,14.06,86,0,90,0,11,7,7.22%,11.34%,97,Lâm Đồng,NTB,AM Thơ
NTB - Lâm Đồng,(LDO) Hiệp Thạnh,Hàng Mới Ca 1,2026-09-07 - Thứ 2,90,98.89%,88.89%,0.00%,14.79,80,0,89,0,10,1,1.11%,11.11%,90,Lâm Đồng,NTB,AM Thơ
NTB - Lâm Đồng,(LDO) Hiệp Thạnh,Hàng Mới Ca 1,2026-09-11 - Thứ 6,118,99.15%,90.68%,0.00%,16.57,107,0,117,0,11,1,0.85%,9.32%,118,Lâm Đồng,NTB,AM Thơ
NTB - Lâm Đồng,(LDO) Hiệp Thạnh,Hàng Mới Ca 1,2026-08-22 - Thứ 7,75,100.00%,89.33%,0.00%,13.66,67,0,75,0,8,0,0.00%,10.67%,75,Lâm Đồng,NTB,AM Thơ
NTB - Lâm Đồng,(LDO) Hiệp Thạnh,Hàng Mới Ca 1,2026-09-04 - Thứ 6,50,100.00%,88.00%,0.00%,15.89,44,0,50,0,6,0,0.00%,12.00%,50,Lâm Đồng,NTB,AM Thơ
NTB - Lâm Đồng,(LDO) Hiệp Thạnh,Hàng Mới Ca 1,2026-09-01 - Thứ 3,52,100.00%,98.08%,0.00%,9.18,51,0,52,0,1,0,0.00%,1.92%,52,Lâm Đồng,NTB,AM Thơ
NTB - Lâm Đồng,(LDO) Hiệp Thạnh,Hàng Mới Ca 1,2026-09-08 - Thứ 3,64,100.00%,84.38%,0.00%,15.54,54,0,64,0,10,0,0.00%,15.62%,64,Lâm Đồng,NTB,AM Thơ
NTB - Lâm Đồng,(LDO) Hiệp Thạnh,Hàng Mới Ca 1,2026-08-30 - Chủ Nhật,84,78.57%,67.86%,0.00%,15.96,57,0,66,0,27,18,21.43%,32.14%,84,Lâm Đồng,NTB,AM Thơ
NTB - Lâm Đồng,(LDO) Hiệp Thạnh,Hàng Mới Ca 1,2026-09-13 - Chủ Nhật,63,100.00%,90.48%,0.00%,13.89,57,0,63,0,6,0,0.00%,9.52%,63,Lâm Đồng,NTB,AM Thơ
NTB - Lâm Đồng,(LDO) Hiệp Thạnh,Hàng Mới Ca 1,2026-08-17 - Thứ 2,79,88.61%,82.28%,0.00%,15.58,65,0,70,0,14,9,11.39%,17.72%,79,Lâm Đồng,NTB,AM Thơ
NTB - Lâm Đồng,(LDO) Hiệp Thạnh,Hàng Mới Ca 1,2026-08-26 - Thứ 4,71,98.59%,92.96%,0.00%,15,66,0,70,0,5,1,1.41%,7.04%,71,Lâm Đồng,NTB,AM Thơ
NTB - Lâm Đồng,(LDO) Hiệp Thạnh,Hàng Mới Ca 1,2026-09-02 - Thứ 4,77,100.00%,89.61%,0.00%,14.01,69,0,77,0,8,0,0.00%,10.39%,77,Lâm Đồng,NTB,AM Thơ
NTB - Lâm Đồng,(LDO) Hiệp Thạnh,Hàng Mới Ca 1,2026-08-23 - Chủ Nhật,76,100.00%,96.05%,0.00%,15.81,73,0,76,0,3,0,0.00%,3.95%,76,Lâm Đồng,NTB,AM Thơ
NTB - Lâm Đồng,(LDO) Hiệp Thạnh,Hàng Mới Ca 1,2026-09-03 - Thứ 5,81,98.77%,90.12%,0.00%,19.12,73,0,80,0,8,1,1.23%,9.88%,81,Lâm Đồng,NTB,AM Thơ
NTB - Lâm Đồng,(LDO) Hiệp Thạnh,Hàng Mới Ca 1,2026-08-24 - Thứ 2,88,98.86%,82.95%,0.00%,17.86,73,0,87,0,15,1,1.14%,17.05%,88,Lâm Đồng,NTB,AM Thơ
NTB - Lâm Đồng,(LDO) Hiệp Thạnh,Hàng Mới Ca 1,2026-08-19 - Thứ 4,85,100.00%,88.24%,0.00%,16.23,75,0,85,0,10,0,0.00%,11.76%,85,Lâm Đồng,NTB,AM Thơ
NTB - Lâm Đồng,(LDO) Hiệp Thạnh,Hàng Mới Ca 1,2026-08-29 - Thứ 7,96,100.00%,88.54%,0.00%,15.85,85,0,96,0,11,0,0.00%,11.46%,96,Lâm Đồng,NTB,AM Thơ
NTB - Lâm Đồng,(LDO) Hiệp Thạnh,Hàng Mới Ca 2,2026-08-24 - Thứ 2,1,100.00%,100.00%,0.00%,7,1,0,1,0,0,0,0.00%,0.00%,1,Lâm Đồng,NTB,AM Thơ
NTB - Lâm Đồng,(LDO) Hiệp Thạnh,Hàng Tồn,2026-09-03 - Thứ 5,11,100.00%,0.00%,18.18%,,0,2,11,2,9,0,0.00%,81.82%,0,Lâm Đồng,NTB,AM Thơ
NTB - Lâm Đồng,(LDO) Hiệp Thạnh,Hàng Tồn,2026-08-17 - Thứ 2,11,72.73%,9.09%,18.18%,37,1,2,8,2,8,3,27.27%,72.73%,0,Lâm Đồng,NTB,AM Thơ
NTB - Lâm Đồng,(LDO) Hiệp Thạnh,Hàng Tồn,2026-09-08 - Thứ 3,19,94.74%,10.53%,5.26%,60,2,1,18,1,16,1,5.26%,84.21%,0,Lâm Đồng,NTB,AM Thơ
NTB - Lâm Đồng,(LDO) Hiệp Thạnh,Hàng Tồn,2026-09-02 - Thứ 4,8,100.00%,25.00%,37.50%,69,2,3,8,3,3,0,0.00%,37.50%,0,Lâm Đồng,NTB,AM Thơ
NTB - Lâm Đồng,(LDO) Hiệp Thạnh,Hàng Tồn,2026-08-28 - Thứ 6,9,88.89%,22.22%,11.11%,51.5,2,1,8,1,6,1,11.11%,66.67%,0,Lâm Đồng,NTB,AM Thơ
NTB - Lâm Đồng,(LDO) Hiệp Thạnh,Hàng Tồn,2026-09-13 - Chủ Nhật,15,86.67%,13.33%,6.67%,65.5,2,1,13,1,12,2,13.33%,80.00%,0,Lâm Đồng,NTB,AM Thơ
NTB - Lâm Đồng,(LDO) Hiệp Thạnh,Hàng Tồn,2026-08-22 - Thứ 7,14,100.00%,14.29%,21.43%,65,2,3,14,3,9,0,0.00%,64.28%,0,Lâm Đồng,NTB,AM Thơ
NTB - Lâm Đồng,(LDO) Hiệp Thạnh,Hàng Tồn,2026-08-21 - Thứ 6,18,100.00%,16.67%,11.11%,43,3,2,18,2,13,0,0.00%,72.22%,0,Lâm Đồng,NTB,AM Thơ
NTB - Lâm Đồng,(LDO) Hiệp Thạnh,Hàng Tồn,2026-09-06 - Chủ Nhật,14,100.00%,28.57%,14.29%,33,4,2,14,2,8,0,0.00%,57.14%,0,Lâm Đồng,NTB,AM Thơ
NTB - Lâm Đồng,(LDO) Hiệp Thạnh,Hàng Tồn,2026-08-27 - Thứ 5,11,90.91%,36.36%,0.00%,52.75,4,0,10,0,7,1,9.09%,63.64%,0,Lâm Đồng,NTB,AM Thơ
NTB - Lâm Đồng,(LDO) Hiệp Thạnh,Hàng Tồn,2026-09-05 - Thứ 7,13,84.62%,30.77%,0.00%,50.5,4,0,11,0,9,2,15.38%,69.23%,0,Lâm Đồng,NTB,AM Thơ
NTB - Lâm Đồng,(LDO) Hiệp Thạnh,Hàng Tồn,2026-08-24 - Thứ 2,12,100.00%,33.33%,16.67%,40.25,4,2,12,2,6,0,0.00%,50.00%,0,Lâm Đồng,NTB,AM Thơ
NTB - Lâm Đồng,(LDO) Hiệp Thạnh,Hàng Tồn,2026-08-20 - Thứ 5,19,100.00%,26.32%,15.79%,37.6,5,3,19,3,11,0,0.00%,57.89%,0,Lâm Đồng,NTB,AM Thơ
NTB - Lâm Đồng,(LDO) Hiệp Thạnh,Hàng Tồn,2026-08-30 - Chủ Nhật,16,81.25%,31.25%,0.00%,44,5,0,13,0,11,3,18.75%,68.75%,0,Lâm Đồng,NTB,AM Thơ
NTB - Lâm Đồng,(LDO) Hiệp Thạnh,Hàng Tồn,2026-08-19 - Thứ 4,15,100.00%,33.33%,6.67%,61.8,5,1,15,1,9,0,0.00%,60.00%,0,Lâm Đồng,NTB,AM Thơ
NTB - Lâm Đồng,(LDO) Hiệp Thạnh,Hàng Tồn,2026-09-04 - Thứ 6,14,100.00%,35.71%,0.00%,58,5,0,14,0,9,0,0.00%,64.29%,0,Lâm Đồng,NTB,AM Thơ
NTB - Lâm Đồng,(LDO) Hiệp Thạnh,Hàng Tồn,2026-08-23 - Chủ Nhật,16,100.00%,31.25%,25.00%,40.4,5,4,16,4,7,0,0.00%,43.75%,0,Lâm Đồng,NTB,AM Thơ
NTB - Lâm Đồng,(LDO) Hiệp Thạnh,Hàng Tồn,2026-09-11 - Thứ 6,21,95.24%,23.81%,4.76%,39.2,5,1,20,1,15,1,4.76%,71.43%,0,Lâm Đồng,NTB,AM Thơ
NTB - Lâm Đồng,(LDO) Hiệp Thạnh,Hàng Tồn,2026-08-26 - Thứ 4,15,93.33%,46.67%,13.33%,44.57,7,2,14,2,6,1,6.67%,40.00%,0,Lâm Đồng,NTB,AM Thơ
NTB - Lâm Đồng,(LDO) Hiệp Thạnh,Hàng Tồn,2026-09-10 - Thứ 5,23,95.65%,34.78%,17.39%,51.25,8,4,22,4,11,1,4.35%,47.83%,0,Lâm Đồng,NTB,AM Thơ
NTB - Lâm Đồng,(LDO) Hiệp Thạnh,Hàng Tồn,2026-09-12 - Thứ 7,20,95.00%,40.00%,5.00%,53,8,1,19,1,11,1,5.00%,55.00%,0,Lâm Đồng,NTB,AM Thơ
NTB - Lâm Đồng,(LDO) Hiệp Thạnh,Hàng Tồn,2026-09-09 - Thứ 4,24,95.83%,37.50%,0.00%,57.44,9,0,23,0,15,1,4.17%,62.50%,0,Lâm Đồng,NTB,AM Thơ
NTB - Lâm Đồng,(LDO) Hiệp Thạnh,Hàng Tồn,2026-09-07 - Thứ 2,19,94.74%,47.37%,5.26%,36.89,9,1,18,1,9,1,5.26%,47.37%,0,Lâm Đồng,NTB,AM Thơ
NTB - Lâm Đồng,(LDO) Hiệp Thạnh,Hàng Tồn,2026-09-01 - Thứ 3,19,100.00%,47.37%,0.00%,47.33,9,0,19,0,10,0,0.00%,52.63%,0,Lâm Đồng,NTB,AM Thơ
NTB - Lâm Đồng,(LDO) Hiệp Thạnh,Hàng Tồn,2026-08-18 - Thứ 3,22,100.00%,45.45%,4.55%,43.8,10,1,22,1,11,0,0.00%,50.00%,0,Lâm Đồng,NTB,AM Thơ
NTB - Lâm Đồng,(LDO) Hiệp Thạnh,Hàng Tồn,2026-08-29 - Thứ 7,18,100.00%,66.67%,11.11%,41.33,12,2,18,2,4,0,0.00%,22.22%,0,Lâm Đồng,NTB,AM Thơ
NTB - Lâm Đồng,(LDO) Hiệp Thạnh,Hàng Tồn,2026-08-25 - Thứ 3,19,94.74%,63.16%,0.00%,42.75,12,0,18,0,7,1,5.26%,36.84%,0,Lâm Đồng,NTB,AM Thơ
NTB - Lâm Đồng,(LDO) Hiệp Thạnh,Hàng Tồn,2026-08-31 - Thứ 2,37,100.00%,59.46%,5.41%,45.73,22,2,37,2,13,0,0.00%,35.13%,0,Lâm Đồng,NTB,AM Thơ
NTB - Lâm Đồng,(LDO) Di Linh,Hàng Mới Ca 1,2026-09-08 - Thứ 3,155,87.10%,53.55%,0.00%,6.77,83,0,135,0,72,20,12.90%,46.45%,155,Lâm Đồng,NTB,AM Tiến
NTB - Lâm Đồng,(LDO) Di Linh,Hàng Mới Ca 1,2026-08-30 - Chủ Nhật,196,92.35%,63.27%,0.00%,13.36,124,0,181,0,72,15,7.65%,36.73%,196,Lâm Đồng,NTB,AM Tiến
NTB - Lâm Đồng,(LDO) Di Linh,Hàng Mới Ca 1,2026-08-19 - Thứ 4,124,96.77%,71.77%,0.00%,9.81,89,0,120,0,35,4,3.23%,28.23%,124,Lâm Đồng,NTB,AM Tiến
NTB - Lâm Đồng,(LDO) Di Linh,Hàng Mới Ca 1,2026-08-29 - Thứ 7,164,98.78%,61.59%,0.00%,6.86,101,0,162,0,63,2,1.22%,38.41%,164,Lâm Đồng,NTB,AM Tiến
NTB - Lâm Đồng,(LDO) Di Linh,Hàng Mới Ca 1,2026-09-10 - Thứ 5,221,75.57%,42.08%,0.00%,15.85,93,0,167,0,128,54,24.43%,57.92%,221,Lâm Đồng,NTB,AM Tiến
NTB - Lâm Đồng,(LDO) Di Linh,Hàng Mới Ca 1,2026-08-23 - Chủ Nhật,158,97.47%,65.19%,0.00%,10.61,103,0,154,0,55,4,2.53%,34.81%,158,Lâm Đồng,NTB,AM Tiến
NTB - Lâm Đồng,(LDO) Di Linh,Hàng Mới Ca 1,2026-08-21 - Thứ 6,93,98.92%,77.42%,0.00%,11.65,72,0,92,0,21,1,1.08%,22.58%,93,Lâm Đồng,NTB,AM Tiến
NTB - Lâm Đồng,(LDO) Di Linh,Hàng Mới Ca 1,2026-08-18 - Thứ 3,111,99.10%,81.98%,0.00%,10.33,91,0,110,0,20,1,0.90%,18.02%,111,Lâm Đồng,NTB,AM Tiến
NTB - Lâm Đồng,(LDO) Di Linh,Hàng Mới Ca 1,2026-09-11 - Thứ 6,178,67.98%,44.94%,0.00%,16.26,80,0,121,0,98,57,32.02%,55.06%,178,Lâm Đồng,NTB,AM Tiến
NTB - Lâm Đồng,(LDO) Di Linh,Hàng Mới Ca 1,2026-08-24 - Thứ 2,153,94.12%,72.55%,0.00%,16.77,111,0,144,0,42,9,5.88%,27.45%,153,Lâm Đồng,NTB,AM Tiến
NTB - Lâm Đồng,(LDO) Di Linh,Hàng Mới Ca 1,2026-08-22 - Thứ 7,131,94.66%,67.94%,0.00%,6.85,89,0,124,0,42,7,5.34%,32.06%,131,Lâm Đồng,NTB,AM Tiến
NTB - Lâm Đồng,(LDO) Di Linh,Hàng Mới Ca 1,2026-09-12 - Thứ 7,21,100.00%,47.62%,0.00%,4.9,10,0,21,0,11,0,0.00%,52.38%,21,Lâm Đồng,NTB,AM Tiến
NTB - Lâm Đồng,(LDO) Di Linh,Hàng Mới Ca 1,2026-09-07 - Thứ 2,68,86.76%,38.24%,0.00%,5.69,26,0,59,0,42,9,13.24%,61.76%,68,Lâm Đồng,NTB,AM Tiến
NTB - Lâm Đồng,(LDO) Di Linh,Hàng Mới Ca 1,2026-09-04 - Thứ 6,80,77.50%,45.00%,0.00%,7.53,36,0,62,0,44,18,22.50%,55.00%,80,Lâm Đồng,NTB,AM Tiến
NTB - Lâm Đồng,(LDO) Di Linh,Hàng Mới Ca 1,2026-09-03 - Thứ 5,57,96.49%,63.16%,0.00%,9.44,36,0,55,0,21,2,3.51%,36.84%,57,Lâm Đồng,NTB,AM Tiến
NTB - Lâm Đồng,(LDO) Di Linh,Hàng Mới Ca 1,2026-08-31 - Thứ 2,103,84.47%,38.83%,0.00%,14.83,40,0,87,0,63,16,15.53%,61.17%,103,Lâm Đồng,NTB,AM Tiến
NTB - Lâm Đồng,(LDO) Di Linh,Hàng Mới Ca 1,2026-09-05 - Thứ 7,77,84.42%,53.25%,0.00%,11.61,41,0,65,0,36,12,15.58%,46.75%,77,Lâm Đồng,NTB,AM Tiến
NTB - Lâm Đồng,(LDO) Di Linh,Hàng Mới Ca 1,2026-09-02 - Thứ 4,63,95.24%,68.25%,0.00%,14.56,43,0,60,0,20,3,4.76%,31.75%,63,Lâm Đồng,NTB,AM Tiến
NTB - Lâm Đồng,(LDO) Di Linh,Hàng Mới Ca 1,2026-09-01 - Thứ 3,67,92.54%,65.67%,0.00%,12.2,44,0,62,0,23,5,7.46%,34.33%,67,Lâm Đồng,NTB,AM Tiến
NTB - Lâm Đồng,(LDO) Di Linh,Hàng Mới Ca 1,2026-09-06 - Chủ Nhật,117,89.74%,41.03%,0.00%,7.08,48,0,105,0,69,12,10.26%,58.97%,117,Lâm Đồng,NTB,AM Tiến
NTB - Lâm Đồng,(LDO) Di Linh,Hàng Mới Ca 1,2026-08-25 - Thứ 3,93,87.10%,52.69%,0.00%,10.47,49,0,81,0,44,12,12.90%,47.31%,93,Lâm Đồng,NTB,AM Tiến
NTB - Lâm Đồng,(LDO) Di Linh,Hàng Mới Ca 1,2026-08-26 - Thứ 4,84,85.71%,60.71%,0.00%,16.24,51,0,72,0,33,12,14.29%,39.29%,84,Lâm Đồng,NTB,AM Tiến
NTB - Lâm Đồng,(LDO) Di Linh,Hàng Mới Ca 1,2026-09-13 - Chủ Nhật,125,77.60%,48.80%,0.00%,6.57,61,0,97,0,64,28,22.40%,51.20%,125,Lâm Đồng,NTB,AM Tiến
NTB - Lâm Đồng,(LDO) Di Linh,Hàng Mới Ca 1,2026-09-09 - Thứ 4,121,81.82%,52.07%,0.00%,15.43,63,0,99,0,58,22,18.18%,47.93%,121,Lâm Đồng,NTB,AM Tiến
NTB - Lâm Đồng,(LDO) Di Linh,Hàng Mới Ca 1,2026-08-27 - Thứ 5,132,85.61%,51.52%,0.00%,9.75,68,0,113,0,64,19,14.39%,48.48%,132,Lâm Đồng,NTB,AM Tiến
NTB - Lâm Đồng,(LDO) Di Linh,Hàng Mới Ca 1,2026-08-28 - Thứ 6,104,96.15%,65.38%,0.00%,16.26,68,0,100,0,36,4,3.85%,34.62%,104,Lâm Đồng,NTB,AM Tiến
NTB - Lâm Đồng,(LDO) Di Linh,Hàng Mới Ca 1,2026-08-17 - Thứ 2,96,100.00%,71.88%,0.00%,10.68,69,0,96,0,27,0,0.00%,28.12%,96,Lâm Đồng,NTB,AM Tiến
NTB - Lâm Đồng,(LDO) Di Linh,Hàng Mới Ca 1,2026-08-20 - Thứ 5,130,96.92%,65.38%,0.00%,10.24,85,0,126,0,45,4,3.08%,34.62%,130,Lâm Đồng,NTB,AM Tiến
NTB - Lâm Đồng,(LDO) Di Linh,Hàng Mới Ca 2,2026-08-20 - Thứ 5,78,0.00%,0.00%,0.00%,,0,0,0,0,78,78,100.00%,100.00%,78,Lâm Đồng,NTB,AM Tiến
NTB - Lâm Đồng,(LDO) Di Linh,Hàng Mới Ca 2,2026-08-30 - Chủ Nhật,116,0.00%,0.00%,0.00%,,0,0,0,0,116,116,100.00%,100.00%,116,Lâm Đồng,NTB,AM Tiến
NTB - Lâm Đồng,(LDO) Di Linh,Hàng Mới Ca 2,2026-09-06 - Chủ Nhật,118,0.00%,0.00%,0.00%,,0,0,0,0,118,118,100.00%,100.00%,118,Lâm Đồng,NTB,AM Tiến
NTB - Lâm Đồng,(LDO) Di Linh,Hàng Mới Ca 2,2026-08-19 - Thứ 4,117,0.00%,0.00%,0.00%,,0,0,0,0,117,117,100.00%,100.00%,117,Lâm Đồng,NTB,AM Tiến
NTB - Lâm Đồng,(LDO) Di Linh,Hàng Mới Ca 2,2026-08-17 - Thứ 2,94,5.32%,0.00%,0.00%,,0,0,5,0,94,89,94.68%,100.00%,94,Lâm Đồng,NTB,AM Tiến
NTB - Lâm Đồng,(LDO) Di Linh,Hàng Mới Ca 2,2026-08-27 - Thứ 5,101,0.00%,0.00%,0.00%,,0,0,0,0,101,101,100.00%,100.00%,101,Lâm Đồng,NTB,AM Tiến
NTB - Lâm Đồng,(LDO) Di Linh,Hàng Mới Ca 2,2026-09-02 - Thứ 4,123,0.00%,0.00%,0.00%,,0,0,0,0,123,123,100.00%,100.00%,123,Lâm Đồng,NTB,AM Tiến
NTB - Lâm Đồng,(LDO) Di Linh,Hàng Mới Ca 2,2026-09-12 - Thứ 7,88,0.00%,0.00%,0.00%,,0,0,0,0,88,88,100.00%,100.00%,88,Lâm Đồng,NTB,AM Tiến
NTB - Lâm Đồng,(LDO) Di Linh,Hàng Mới Ca 2,2026-08-31 - Thứ 2,114,0.00%,0.00%,0.00%,,0,0,0,0,114,114,100.00%,100.00%,114,Lâm Đồng,NTB,AM Tiến
NTB - Lâm Đồng,(LDO) Di Linh,Hàng Mới Ca 2,2026-08-21 - Thứ 6,40,0.00%,0.00%,0.00%,,0,0,0,0,40,40,100.00%,100.00%,40,Lâm Đồng,NTB,AM Tiến
NTB - Lâm Đồng,(LDO) Di Linh,Hàng Mới Ca 2,2026-09-05 - Thứ 7,135,0.00%,0.00%,0.00%,,0,0,0,0,135,135,100.00%,100.00%,135,Lâm Đồng,NTB,AM Tiến
NTB - Lâm Đồng,(LDO) Di Linh,Hàng Mới Ca 2,2026-08-28 - Thứ 6,43,0.00%,0.00%,0.00%,,0,0,0,0,43,43,100.00%,100.00%,43,Lâm Đồng,NTB,AM Tiến
NTB - Lâm Đồng,(LDO) Di Linh,Hàng Mới Ca 2,2026-09-07 - Thứ 2,32,0.00%,0.00%,0.00%,,0,0,0,0,32,32,100.00%,100.00%,32,Lâm Đồng,NTB,AM Tiến
NTB - Lâm Đồng,(LDO) Di Linh,Hàng Mới Ca 2,2026-09-03 - Thứ 5,81,0.00%,0.00%,0.00%,,0,0,0,0,81,81,100.00%,100.00%,81,Lâm Đồng,NTB,AM Tiến
NTB - Lâm Đồng,(LDO) Di Linh,Hàng Mới Ca 2,2026-08-26 - Thứ 4,116,0.00%,0.00%,0.00%,,0,0,0,0,116,116,100.00%,100.00%,116,Lâm Đồng,NTB,AM Tiến
NTB - Lâm Đồng,(LDO) Di Linh,Hàng Mới Ca 2,2026-09-13 - Chủ Nhật,99,1.01%,0.00%,0.00%,,0,0,1,0,99,98,98.99%,100.00%,99,Lâm Đồng,NTB,AM Tiến
NTB - Lâm Đồng,(LDO) Di Linh,Hàng Mới Ca 2,2026-09-11 - Thứ 6,110,0.00%,0.00%,0.00%,,0,0,0,0,110,110,100.00%,100.00%,110,Lâm Đồng,NTB,AM Tiến
NTB - Lâm Đồng,(LDO) Di Linh,Hàng Mới Ca 2,2026-09-01 - Thứ 3,100,1.00%,0.00%,0.00%,,0,0,1,0,100,99,99.00%,100.00%,100,Lâm Đồng,NTB,AM Tiến
NTB - Lâm Đồng,(LDO) Di Linh,Hàng Mới Ca 2,2026-08-22 - Thứ 7,112,0.00%,0.00%,0.00%,,0,0,0,0,112,112,100.00%,100.00%,112,Lâm Đồng,NTB,AM Tiến
NTB - Lâm Đồng,(LDO) Di Linh,Hàng Mới Ca 2,2026-08-25 - Thứ 3,88,1.14%,1.14%,0.00%,3,1,0,1,0,87,87,98.86%,98.86%,88,Lâm Đồng,NTB,AM Tiến
NTB - Lâm Đồng,(LDO) Di Linh,Hàng Mới Ca 2,2026-08-18 - Thứ 3,92,4.35%,1.09%,0.00%,6,1,0,4,0,91,88,95.65%,98.91%,92,Lâm Đồng,NTB,AM Tiến
NTB - Lâm Đồng,(LDO) Di Linh,Hàng Mới Ca 2,2026-08-24 - Thứ 2,163,0.61%,0.61%,0.00%,3,1,0,1,0,162,162,99.39%,99.39%,163,Lâm Đồng,NTB,AM Tiến
NTB - Lâm Đồng,(LDO) Di Linh,Hàng Mới Ca 2,2026-09-04 - Thứ 6,58,5.17%,3.45%,0.00%,2,2,0,3,0,56,55,94.83%,96.55%,58,Lâm Đồng,NTB,AM Tiến
NTB - Lâm Đồng,(LDO) Di Linh,Hàng Tồn,2026-09-08 - Thứ 3,311,72.67%,33.12%,2.25%,62.08,103,7,226,7,201,85,27.33%,64.63%,0,Lâm Đồng,NTB,AM Tiến
NTB - Lâm Đồng,(LDO) Di Linh,Hàng Tồn,2026-08-20 - Thứ 5,222,95.50%,51.80%,3.15%,32.89,115,7,212,7,100,10,4.50%,45.05%,0,Lâm Đồng,NTB,AM Tiến
NTB - Lâm Đồng,(LDO) Di Linh,Hàng Tồn,2026-09-06 - Chủ Nhật,327,82.57%,40.98%,1.22%,34.55,134,4,270,4,189,57,17.43%,57.80%,0,Lâm Đồng,NTB,AM Tiến
NTB - Lâm Đồng,(LDO) Di Linh,Hàng Tồn,2026-08-19 - Thứ 4,183,92.90%,54.10%,4.37%,38.36,99,8,170,8,76,13,7.10%,41.53%,0,Lâm Đồng,NTB,AM Tiến
NTB - Lâm Đồng,(LDO) Di Linh,Hàng Tồn,2026-08-29 - Thứ 7,234,99.15%,50.00%,2.56%,52.13,117,6,232,6,111,2,0.85%,47.44%,0,Lâm Đồng,NTB,AM Tiến
NTB - Lâm Đồng,(LDO) Di Linh,Hàng Tồn,2026-08-17 - Thứ 2,215,99.07%,57.21%,6.51%,39.5,123,14,213,14,78,2,0.93%,36.28%,0,Lâm Đồng,NTB,AM Tiến
NTB - Lâm Đồng,(LDO) Di Linh,Hàng Tồn,2026-08-27 - Thứ 5,296,84.12%,46.96%,2.03%,39.44,139,6,249,6,151,47,15.88%,51.01%,0,Lâm Đồng,NTB,AM Tiến
NTB - Lâm Đồng,(LDO) Di Linh,Hàng Tồn,2026-09-02 - Thứ 4,242,90.08%,52.48%,6.20%,43,127,15,218,15,100,24,9.92%,41.32%,0,Lâm Đồng,NTB,AM Tiến
NTB - Lâm Đồng,(LDO) Di Linh,Hàng Tồn,2026-08-25 - Thứ 3,288,90.63%,53.82%,2.08%,38.56,155,6,261,6,127,27,9.37%,44.10%,0,Lâm Đồng,NTB,AM Tiến
NTB - Lâm Đồng,(LDO) Di Linh,Hàng Tồn,2026-09-12 - Thứ 7,370,100.00%,48.92%,2.16%,51.2,181,8,370,8,181,0,0.00%,48.92%,0,Lâm Đồng,NTB,AM Tiến
NTB - Lâm Đồng,(LDO) Di Linh,Hàng Tồn,2026-09-09 - Thứ 4,268,76.12%,31.34%,1.12%,62.76,84,3,204,3,181,64,23.88%,67.54%,0,Lâm Đồng,NTB,AM Tiến
NTB - Lâm Đồng,(LDO) Di Linh,Hàng Tồn,2026-08-23 - Chủ Nhật,233,97.42%,51.50%,2.15%,37.82,120,5,227,5,108,6,2.58%,46.35%,0,Lâm Đồng,NTB,AM Tiến
NTB - Lâm Đồng,(LDO) Di Linh,Hàng Tồn,2026-08-31 - Thứ 2,269,92.19%,40.15%,1.86%,42.65,108,5,248,5,156,21,7.81%,57.99%,0,Lâm Đồng,NTB,AM Tiến
NTB - Lâm Đồng,(LDO) Di Linh,Hàng Tồn,2026-08-21 - Thứ 6,215,94.88%,46.05%,5.12%,38.53,99,11,204,11,105,11,5.12%,48.83%,0,Lâm Đồng,NTB,AM Tiến
NTB - Lâm Đồng,(LDO) Di Linh,Hàng Tồn,2026-08-18 - Thứ 3,194,98.45%,55.67%,5.15%,34.16,108,10,191,10,76,3,1.55%,39.18%,0,Lâm Đồng,NTB,AM Tiến
NTB - Lâm Đồng,(LDO) Di Linh,Hàng Tồn,2026-09-05 - Thứ 7,215,71.63%,37.21%,0.93%,40.19,80,2,154,2,133,61,28.37%,61.86%,0,Lâm Đồng,NTB,AM Tiến
NTB - Lâm Đồng,(LDO) Di Linh,Hàng Tồn,2026-08-28 - Thứ 6,303,95.05%,44.88%,3.63%,52.18,136,11,288,11,156,15,4.95%,51.49%,0,Lâm Đồng,NTB,AM Tiến
NTB - Lâm Đồng,(LDO) Di Linh,Hàng Tồn,2026-09-07 - Thứ 2,376,73.94%,32.71%,2.39%,40.27,123,9,278,9,244,98,26.06%,64.90%,0,Lâm Đồng,NTB,AM Tiến
NTB - Lâm Đồng,(LDO) Di Linh,Hàng Tồn,2026-09-03 - Thứ 5,238,95.80%,61.34%,3.78%,41.33,146,9,228,9,83,10,4.20%,34.88%,0,Lâm Đồng,NTB,AM Tiến
NTB - Lâm Đồng,(LDO) Di Linh,Hàng Tồn,2026-08-26 - Thứ 4,247,72.87%,36.03%,3.64%,40.25,89,9,180,9,149,67,27.13%,60.33%,0,Lâm Đồng,NTB,AM Tiến
NTB - Lâm Đồng,(LDO) Di Linh,Hàng Tồn,2026-09-13 - Chủ Nhật,275,80.73%,41.09%,3.27%,51.25,113,9,222,9,153,53,19.27%,55.64%,0,Lâm Đồng,NTB,AM Tiến
NTB - Lâm Đồng,(LDO) Di Linh,Hàng Tồn,2026-09-11 - Thứ 6,271,68.27%,33.58%,4.06%,65.76,91,11,185,11,169,86,31.73%,62.36%,0,Lâm Đồng,NTB,AM Tiến
NTB - Lâm Đồng,(LDO) Di Linh,Hàng Tồn,2026-09-01 - Thứ 3,328,96.34%,59.45%,0.91%,39.32,195,3,316,3,130,12,3.66%,39.64%,0,Lâm Đồng,NTB,AM Tiến
NTB - Lâm Đồng,(LDO) Di Linh,Hàng Tồn,2026-08-22 - Thứ 7,159,94.34%,45.28%,3.14%,46.94,72,5,150,5,82,9,5.66%,51.58%,0,Lâm Đồng,NTB,AM Tiến
NTB - Lâm Đồng,(LDO) Di Linh,Hàng Tồn,2026-09-04 - Thứ 6,179,78.21%,30.73%,2.79%,41.36,55,5,140,5,119,39,21.79%,66.48%,0,Lâm Đồng,NTB,AM Tiến
NTB - Lâm Đồng,(LDO) Di Linh,Hàng Tồn,2026-08-24 - Thứ 2,159,88.68%,38.99%,7.55%,55.55,62,12,141,12,85,18,11.32%,53.46%,0,Lâm Đồng,NTB,AM Tiến
NTB - Lâm Đồng,(LDO) Di Linh,Hàng Tồn,2026-08-30 - Chủ Nhật,168,81.55%,38.69%,7.74%,55.37,65,13,137,13,90,31,18.45%,53.57%,0,Lâm Đồng,NTB,AM Tiến
NTB - Lâm Đồng,(LDO) Di Linh,Hàng Tồn,2026-09-10 - Thứ 5,236,82.63%,36.02%,2.12%,80.88,85,5,195,5,146,41,17.37%,61.86%,0,Lâm Đồng,NTB,AM Tiến
NTB - Lâm Đồng,(LDO) Cát Tiên,Hàng Mới Ca 1,2026-08-20 - Thứ 5,95,100.00%,77.89%,1.05%,15.01,74,1,95,1,20,0,0.00%,21.06%,95,Lâm Đồng,NTB,AM Vũ
NTB - Lâm Đồng,(LDO) Cát Tiên,Hàng Mới Ca 1,2026-08-27 - Thứ 5,107,98.13%,80.37%,0.00%,15.93,86,0,105,0,21,2,1.87%,19.63%,107,Lâm Đồng,NTB,AM Vũ
NTB - Lâm Đồng,(LDO) Cát Tiên,Hàng Mới Ca 1,2026-08-25 - Thứ 3,97,100.00%,85.57%,0.00%,17.33,83,0,97,0,14,0,0.00%,14.43%,97,Lâm Đồng,NTB,AM Vũ
NTB - Lâm Đồng,(LDO) Cát Tiên,Hàng Mới Ca 1,2026-09-10 - Thứ 5,113,96.46%,76.99%,0.00%,18.9,87,0,109,0,26,4,3.54%,23.01%,113,Lâm Đồng,NTB,AM Vũ
NTB - Lâm Đồng,(LDO) Cát Tiên,Hàng Mới Ca 1,2026-09-07 - Thứ 2,97,92.78%,82.47%,0.00%,17.06,80,0,90,0,17,7,7.22%,17.53%,97,Lâm Đồng,NTB,AM Vũ
NTB - Lâm Đồng,(LDO) Cát Tiên,Hàng Mới Ca 1,2026-09-09 - Thứ 4,42,95.24%,76.19%,0.00%,14.31,32,0,40,0,10,2,4.76%,23.81%,42,Lâm Đồng,NTB,AM Vũ
NTB - Lâm Đồng,(LDO) Cát Tiên,Hàng Mới Ca 1,2026-09-13 - Chủ Nhật,48,89.58%,70.83%,0.00%,21.47,34,0,43,0,14,5,10.42%,29.17%,48,Lâm Đồng,NTB,AM Vũ
NTB - Lâm Đồng,(LDO) Cát Tiên,Hàng Mới Ca 1,2026-08-26 - Thứ 4,55,94.55%,63.64%,0.00%,18.37,35,0,52,0,20,3,5.45%,36.36%,55,Lâm Đồng,NTB,AM Vũ
NTB - Lâm Đồng,(LDO) Cát Tiên,Hàng Mới Ca 1,2026-08-30 - Chủ Nhật,51,98.04%,80.39%,0.00%,12.78,41,0,50,0,10,1,1.96%,19.61%,51,Lâm Đồng,NTB,AM Vũ
NTB - Lâm Đồng,(LDO) Cát Tiên,Hàng Mới Ca 1,2026-09-02 - Thứ 4,56,98.21%,76.79%,0.00%,18.84,43,0,55,0,13,1,1.79%,23.21%,56,Lâm Đồng,NTB,AM Vũ
NTB - Lâm Đồng,(LDO) Cát Tiên,Hàng Mới Ca 1,2026-08-28 - Thứ 6,61,100.00%,70.49%,0.00%,14.53,43,0,61,0,18,0,0.00%,29.51%,61,Lâm Đồng,NTB,AM Vũ
NTB - Lâm Đồng,(LDO) Cát Tiên,Hàng Mới Ca 1,2026-08-24 - Thứ 2,56,98.21%,82.14%,0.00%,18.48,46,0,55,0,10,1,1.79%,17.86%,56,Lâm Đồng,NTB,AM Vũ
NTB - Lâm Đồng,(LDO) Cát Tiên,Hàng Mới Ca 1,2026-09-05 - Thứ 7,62,98.39%,77.42%,1.61%,15.77,48,1,61,1,13,1,1.61%,20.97%,62,Lâm Đồng,NTB,AM Vũ
NTB - Lâm Đồng,(LDO) Cát Tiên,Hàng Mới Ca 1,2026-08-17 - Thứ 2,59,100.00%,86.44%,0.00%,14.59,51,0,59,0,8,0,0.00%,13.56%,59,Lâm Đồng,NTB,AM Vũ
NTB - Lâm Đồng,(LDO) Cát Tiên,Hàng Mới Ca 1,2026-09-01 - Thứ 3,70,100.00%,72.86%,0.00%,17.31,51,0,70,0,19,0,0.00%,27.14%,70,Lâm Đồng,NTB,AM Vũ
NTB - Lâm Đồng,(LDO) Cát Tiên,Hàng Mới Ca 1,2026-09-03 - Thứ 5,70,98.57%,77.14%,0.00%,18.78,54,0,69,0,16,1,1.43%,22.86%,70,Lâm Đồng,NTB,AM Vũ
NTB - Lâm Đồng,(LDO) Cát Tiên,Hàng Mới Ca 1,2026-08-18 - Thứ 3,64,100.00%,85.94%,0.00%,10.78,55,0,64,0,9,0,0.00%,14.06%,64,Lâm Đồng,NTB,AM Vũ
NTB - Lâm Đồng,(LDO) Cát Tiên,Hàng Mới Ca 1,2026-09-12 - Thứ 7,68,94.12%,83.82%,0.00%,13.07,57,0,64,0,11,4,5.88%,16.18%,68,Lâm Đồng,NTB,AM Vũ
NTB - Lâm Đồng,(LDO) Cát Tiên,Hàng Mới Ca 1,2026-08-19 - Thứ 4,74,100.00%,81.08%,0.00%,11.13,60,0,74,0,14,0,0.00%,18.92%,74,Lâm Đồng,NTB,AM Vũ
NTB - Lâm Đồng,(LDO) Cát Tiên,Hàng Mới Ca 1,2026-09-11 - Thứ 6,75,90.67%,80.00%,0.00%,15.98,60,0,68,0,15,7,9.33%,20.00%,75,Lâm Đồng,NTB,AM Vũ
NTB - Lâm Đồng,(LDO) Cát Tiên,Hàng Mới Ca 1,2026-08-22 - Thứ 7,85,100.00%,72.94%,0.00%,11.79,62,0,85,0,23,0,0.00%,27.06%,85,Lâm Đồng,NTB,AM Vũ
NTB - Lâm Đồng,(LDO) Cát Tiên,Hàng Mới Ca 1,2026-09-08 - Thứ 3,78,96.15%,83.33%,0.00%,10.11,65,0,75,0,13,3,3.85%,16.67%,78,Lâm Đồng,NTB,AM Vũ
NTB - Lâm Đồng,(LDO) Cát Tiên,Hàng Mới Ca 1,2026-08-31 - Thứ 2,81,98.77%,80.25%,2.47%,15.52,65,2,80,2,14,1,1.23%,17.28%,81,Lâm Đồng,NTB,AM Vũ
NTB - Lâm Đồng,(LDO) Cát Tiên,Hàng Mới Ca 1,2026-08-21 - Thứ 6,77,97.40%,84.42%,0.00%,15.57,65,0,75,0,12,2,2.60%,15.58%,77,Lâm Đồng,NTB,AM Vũ
NTB - Lâm Đồng,(LDO) Cát Tiên,Hàng Mới Ca 1,2026-08-23 - Chủ Nhật,82,100.00%,80.49%,0.00%,15.7,66,0,82,0,16,0,0.00%,19.51%,82,Lâm Đồng,NTB,AM Vũ
NTB - Lâm Đồng,(LDO) Cát Tiên,Hàng Mới Ca 1,2026-09-06 - Chủ Nhật,99,88.89%,68.69%,0.00%,18.94,68,0,88,0,31,11,11.11%,31.31%,99,Lâm Đồng,NTB,AM Vũ
NTB - Lâm Đồng,(LDO) Cát Tiên,Hàng Mới Ca 1,2026-08-29 - Thứ 7,85,100.00%,81.18%,0.00%,10.17,69,0,85,0,16,0,0.00%,18.82%,85,Lâm Đồng,NTB,AM Vũ
NTB - Lâm Đồng,(LDO) Cát Tiên,Hàng Mới Ca 2,2026-09-04 - Thứ 6,33,0.00%,0.00%,0.00%,,0,0,0,0,33,33,100.00%,100.00%,33,Lâm Đồng,NTB,AM Vũ
NTB - Lâm Đồng,(LDO) Cát Tiên,Hàng Mới Ca 2,2026-09-03 - Thứ 5,24,4.17%,0.00%,0.00%,,0,0,1,0,24,23,95.83%,100.00%,24,Lâm Đồng,NTB,AM Vũ
NTB - Lâm Đồng,(LDO) Cát Tiên,Hàng Mới Ca 2,2026-09-13 - Chủ Nhật,63,0.00%,0.00%,0.00%,,0,0,0,0,63,63,100.00%,100.00%,63,Lâm Đồng,NTB,AM Vũ
NTB - Lâm Đồng,(LDO) Cát Tiên,Hàng Tồn,2026-09-10 - Thứ 5,13,92.31%,7.69%,0.00%,49,1,0,12,0,12,1,7.69%,92.31%,0,Lâm Đồng,NTB,AM Vũ
NTB - Lâm Đồng,(LDO) Cát Tiên,Hàng Tồn,2026-09-02 - Thứ 4,20,95.00%,15.00%,0.00%,45.67,3,0,19,0,17,1,5.00%,85.00%,0,Lâm Đồng,NTB,AM Vũ
NTB - Lâm Đồng,(LDO) Cát Tiên,Hàng Tồn,2026-09-09 - Thứ 4,15,86.67%,20.00%,0.00%,47.33,3,0,13,0,12,2,13.33%,80.00%,0,Lâm Đồng,NTB,AM Vũ
NTB - Lâm Đồng,(LDO) Cát Tiên,Hàng Tồn,2026-08-18 - Thứ 3,10,100.00%,30.00%,10.00%,40,3,1,10,1,6,0,0.00%,60.00%,0,Lâm Đồng,NTB,AM Vũ
NTB - Lâm Đồng,(LDO) Cát Tiên,Hàng Tồn,2026-08-25 - Thứ 3,29,93.10%,13.79%,0.00%,55.5,4,0,27,0,25,2,6.90%,86.21%,0,Lâm Đồng,NTB,AM Vũ
NTB - Lâm Đồng,(LDO) Cát Tiên,Hàng Tồn,2026-09-13 - Chủ Nhật,16,87.50%,25.00%,6.25%,33.5,4,1,14,1,11,2,12.50%,68.75%,0,Lâm Đồng,NTB,AM Vũ
NTB - Lâm Đồng,(LDO) Cát Tiên,Hàng Tồn,2026-08-22 - Thứ 7,23,100.00%,17.39%,8.70%,41.25,4,2,23,2,17,0,0.00%,73.91%,0,Lâm Đồng,NTB,AM Vũ
NTB - Lâm Đồng,(LDO) Cát Tiên,Hàng Tồn,2026-08-26 - Thứ 4,27,70.37%,18.52%,7.41%,38.4,5,2,19,2,20,8,29.63%,74.07%,0,Lâm Đồng,NTB,AM Vũ
NTB - Lâm Đồng,(LDO) Cát Tiên,Hàng Tồn,2026-09-01 - Thứ 3,15,100.00%,33.33%,0.00%,39.8,5,0,15,0,10,0,0.00%,66.67%,0,Lâm Đồng,NTB,AM Vũ
NTB - Lâm Đồng,(LDO) Cát Tiên,Hàng Tồn,2026-09-12 - Thứ 7,18,94.44%,33.33%,0.00%,47.17,6,0,17,0,12,1,5.56%,66.67%,0,Lâm Đồng,NTB,AM Vũ
NTB - Lâm Đồng,(LDO) Cát Tiên,Hàng Tồn,2026-09-03 - Thứ 5,23,100.00%,26.09%,0.00%,57.17,6,0,23,0,17,0,0.00%,73.91%,0,Lâm Đồng,NTB,AM Vũ
NTB - Lâm Đồng,(LDO) Cát Tiên,Hàng Tồn,2026-08-17 - Thứ 2,14,100.00%,42.86%,14.29%,42.83,6,2,14,2,6,0,0.00%,42.85%,0,Lâm Đồng,NTB,AM Vũ
NTB - Lâm Đồng,(LDO) Cát Tiên,Hàng Tồn,2026-09-06 - Chủ Nhật,12,91.67%,58.33%,8.33%,39,7,1,11,1,4,1,8.33%,33.34%,0,Lâm Đồng,NTB,AM Vũ
NTB - Lâm Đồng,(LDO) Cát Tiên,Hàng Tồn,2026-09-07 - Thứ 2,22,90.91%,31.82%,4.55%,38.86,7,1,20,1,14,2,9.09%,63.63%,0,Lâm Đồng,NTB,AM Vũ
NTB - Lâm Đồng,(LDO) Cát Tiên,Hàng Tồn,2026-08-30 - Chủ Nhật,22,100.00%,36.36%,0.00%,47.88,8,0,22,0,14,0,0.00%,63.64%,0,Lâm Đồng,NTB,AM Vũ
NTB - Lâm Đồng,(LDO) Cát Tiên,Hàng Tồn,2026-08-21 - Thứ 6,23,100.00%,34.78%,8.70%,43.25,8,2,23,2,13,0,0.00%,56.52%,0,Lâm Đồng,NTB,AM Vũ
NTB - Lâm Đồng,(LDO) Cát Tiên,Hàng Tồn,2026-08-24 - Thứ 2,34,100.00%,23.53%,0.00%,49.63,8,0,34,0,26,0,0.00%,76.47%,0,Lâm Đồng,NTB,AM Vũ
NTB - Lâm Đồng,(LDO) Cát Tiên,Hàng Tồn,2026-09-08 - Thứ 3,23,95.65%,39.13%,4.35%,48.78,9,1,22,1,13,1,4.35%,56.52%,0,Lâm Đồng,NTB,AM Vũ
NTB - Lâm Đồng,(LDO) Cát Tiên,Hàng Tồn,2026-08-20 - Thứ 5,16,100.00%,56.25%,6.25%,38.89,9,1,16,1,6,0,0.00%,37.50%,0,Lâm Đồng,NTB,AM Vũ
NTB - Lâm Đồng,(LDO) Cát Tiên,Hàng Tồn,2026-08-19 - Thứ 4,15,100.00%,60.00%,0.00%,40.22,9,0,15,0,6,0,0.00%,40.00%,0,Lâm Đồng,NTB,AM Vũ
NTB - Lâm Đồng,(LDO) Cát Tiên,Hàng Tồn,2026-08-31 - Thứ 2,19,100.00%,47.37%,5.26%,45.44,9,1,19,1,9,0,0.00%,47.37%,0,Lâm Đồng,NTB,AM Vũ
NTB - Lâm Đồng,(LDO) Cát Tiên,Hàng Tồn,2026-08-27 - Thứ 5,24,100.00%,41.67%,0.00%,48.4,10,0,24,0,14,0,0.00%,58.33%,0,Lâm Đồng,NTB,AM Vũ
NTB - Lâm Đồng,(LDO) Cát Tiên,Hàng Tồn,2026-08-28 - Thứ 6,24,100.00%,41.67%,4.17%,37.3,10,1,24,1,13,0,0.00%,54.16%,0,Lâm Đồng,NTB,AM Vũ
NTB - Lâm Đồng,(LDO) Cát Tiên,Hàng Tồn,2026-08-29 - Thứ 7,22,100.00%,54.55%,0.00%,44,12,0,22,0,10,0,0.00%,45.45%,0,Lâm Đồng,NTB,AM Vũ
NTB - Lâm Đồng,(LDO) Cát Tiên,Hàng Tồn,2026-08-23 - Chủ Nhật,35,100.00%,34.29%,2.86%,39.58,12,1,35,1,22,0,0.00%,62.85%,0,Lâm Đồng,NTB,AM Vũ
NTB - Lâm Đồng,(LDO) Cát Tiên,Hàng Tồn,2026-09-11 - Thứ 6,27,96.30%,48.15%,0.00%,39.62,13,0,26,0,14,1,3.70%,51.85%,0,Lâm Đồng,NTB,AM Vũ
NTB - Lâm Đồng,(LDO) Cát Tiên,Hàng Tồn,2026-09-04 - Thứ 6,44,100.00%,61.36%,4.55%,32.15,27,2,44,2,15,0,0.00%,34.09%,0,Lâm Đồng,NTB,AM Vũ
NTB - Lâm Đồng,(LDO) Cát Tiên,Hàng Tồn,2026-09-05 - Thứ 7,39,100.00%,82.05%,5.13%,28.19,32,2,39,2,5,0,0.00%,12.82%,0,Lâm Đồng,NTB,AM Vũ
NTB - Lâm Đồng,(LDO) Bảo Lâm 3,Hàng Mới Ca 1,2026-09-12 - Thứ 7,5,100.00%,80.00%,0.00%,3.25,4,0,5,0,1,0,0.00%,20.00%,5,Lâm Đồng,NTB,AM Nga
NTB - Lâm Đồng,(LDO) Bảo Lâm 3,Hàng Mới Ca 1,2026-09-09 - Thứ 4,19,100.00%,78.95%,0.00%,6.13,15,0,19,0,4,0,0.00%,21.05%,19,Lâm Đồng,NTB,AM Nga
NTB - Lâm Đồng,(LDO) Bảo Lâm 3,Hàng Mới Ca 1,2026-09-07 - Thứ 2,24,95.83%,66.67%,0.00%,6.13,16,0,23,0,8,1,4.17%,33.33%,24,Lâm Đồng,NTB,AM Nga
NTB - Lâm Đồng,(LDO) Bảo Lâm 3,Hàng Mới Ca 1,2026-09-10 - Thứ 5,31,90.32%,67.74%,0.00%,5.24,21,0,28,0,10,3,9.68%,32.26%,31,Lâm Đồng,NTB,AM Nga
NTB - Lâm Đồng,(LDO) Bảo Lâm 3,Hàng Mới Ca 1,2026-09-11 - Thứ 6,28,96.43%,82.14%,0.00%,6.91,23,0,27,0,5,1,3.57%,17.86%,28,Lâm Đồng,NTB,AM Nga
NTB - Lâm Đồng,(LDO) Bảo Lâm 3,Hàng Mới Ca 1,2026-09-08 - Thứ 3,34,100.00%,73.53%,0.00%,5.64,25,0,34,0,9,0,0.00%,26.47%,34,Lâm Đồng,NTB,AM Nga
NTB - Lâm Đồng,(LDO) Bảo Lâm 3,Hàng Mới Ca 1,2026-09-13 - Chủ Nhật,33,96.97%,78.79%,0.00%,4.73,26,0,32,0,7,1,3.03%,21.21%,33,Lâm Đồng,NTB,AM Nga
NTB - Lâm Đồng,(LDO) Bảo Lâm 3,Hàng Mới Ca 1,2026-09-06 - Chủ Nhật,39,94.87%,74.36%,0.00%,5.45,29,0,37,0,10,2,5.13%,25.64%,39,Lâm Đồng,NTB,AM Nga
NTB - Lâm Đồng,(LDO) Bảo Lâm 3,Hàng Mới Ca 1,2026-08-29 - Thứ 7,35,100.00%,85.71%,0.00%,11.83,30,0,35,0,5,0,0.00%,14.29%,35,Lâm Đồng,NTB,AM Nga
NTB - Lâm Đồng,(LDO) Bảo Lâm 3,Hàng Mới Ca 1,2026-09-04 - Thứ 6,34,100.00%,97.06%,0.00%,13.67,33,0,34,0,1,0,0.00%,2.94%,34,Lâm Đồng,NTB,AM Nga
NTB - Lâm Đồng,(LDO) Bảo Lâm 3,Hàng Mới Ca 1,2026-09-05 - Thứ 7,45,97.78%,86.67%,0.00%,11.13,39,0,44,0,6,1,2.22%,13.33%,45,Lâm Đồng,NTB,AM Nga
NTB - Lâm Đồng,(LDO) Bảo Lâm 3,Hàng Mới Ca 1,2026-08-22 - Thứ 7,47,95.74%,87.23%,0.00%,10.83,41,0,45,0,6,2,4.26%,12.77%,47,Lâm Đồng,NTB,AM Nga
NTB - Lâm Đồng,(LDO) Bảo Lâm 3,Hàng Mới Ca 1,2026-08-25 - Thứ 3,58,98.28%,74.14%,0.00%,18.91,43,0,57,0,15,1,1.72%,25.86%,58,Lâm Đồng,NTB,AM Nga
NTB - Lâm Đồng,(LDO) Bảo Lâm 3,Hàng Mới Ca 1,2026-08-26 - Thứ 4,55,89.09%,78.18%,0.00%,14.53,43,0,49,0,12,6,10.91%,21.82%,55,Lâm Đồng,NTB,AM Nga
NTB - Lâm Đồng,(LDO) Bảo Lâm 3,Hàng Mới Ca 1,2026-08-18 - Thứ 3,53,100.00%,84.91%,0.00%,17.33,45,0,53,0,8,0,0.00%,15.09%,53,Lâm Đồng,NTB,AM Nga
NTB - Lâm Đồng,(LDO) Bảo Lâm 3,Hàng Mới Ca 1,2026-08-21 - Thứ 6,65,93.85%,73.85%,0.00%,16.75,48,0,61,0,17,4,6.15%,26.15%,65,Lâm Đồng,NTB,AM Nga
NTB - Lâm Đồng,(LDO) Bảo Lâm 3,Hàng Mới Ca 1,2026-09-03 - Thứ 5,63,96.83%,79.37%,0.00%,19.44,50,0,61,0,13,2,3.17%,20.63%,63,Lâm Đồng,NTB,AM Nga
NTB - Lâm Đồng,(LDO) Bảo Lâm 3,Hàng Mới Ca 1,2026-09-01 - Thứ 3,66,98.48%,84.85%,0.00%,16.04,56,0,65,0,10,1,1.52%,15.15%,66,Lâm Đồng,NTB,AM Nga
NTB - Lâm Đồng,(LDO) Bảo Lâm 3,Hàng Mới Ca 1,2026-08-20 - Thứ 5,73,100.00%,79.45%,0.00%,15.57,58,0,73,0,15,0,0.00%,20.55%,73,Lâm Đồng,NTB,AM Nga
NTB - Lâm Đồng,(LDO) Bảo Lâm 3,Hàng Mới Ca 1,2026-08-27 - Thứ 5,63,100.00%,93.65%,0.00%,16.83,59,0,63,0,4,0,0.00%,6.35%,63,Lâm Đồng,NTB,AM Nga
NTB - Lâm Đồng,(LDO) Bảo Lâm 3,Hàng Mới Ca 1,2026-08-31 - Thứ 2,77,97.40%,77.92%,0.00%,17.13,60,0,75,0,17,2,2.60%,22.08%,77,Lâm Đồng,NTB,AM Nga
NTB - Lâm Đồng,(LDO) Bảo Lâm 3,Hàng Mới Ca 1,2026-08-19 - Thứ 4,71,100.00%,85.92%,0.00%,15.67,61,0,71,0,10,0,0.00%,14.08%,71,Lâm Đồng,NTB,AM Nga
NTB - Lâm Đồng,(LDO) Bảo Lâm 3,Hàng Mới Ca 1,2026-08-23 - Chủ Nhật,75,98.67%,81.33%,0.00%,16.77,61,0,74,0,14,1,1.33%,18.67%,75,Lâm Đồng,NTB,AM Nga
NTB - Lâm Đồng,(LDO) Bảo Lâm 3,Hàng Mới Ca 1,2026-08-28 - Thứ 6,69,98.55%,91.30%,0.00%,15.27,63,0,68,0,6,1,1.45%,8.70%,69,Lâm Đồng,NTB,AM Nga
NTB - Lâm Đồng,(LDO) Bảo Lâm 3,Hàng Mới Ca 1,2026-09-02 - Thứ 4,74,95.95%,86.49%,0.00%,15.08,64,0,71,0,10,3,4.05%,13.51%,74,Lâm Đồng,NTB,AM Nga
NTB - Lâm Đồng,(LDO) Bảo Lâm 3,Hàng Mới Ca 1,2026-08-24 - Thứ 2,75,100.00%,88.00%,0.00%,12.79,66,0,75,0,9,0,0.00%,12.00%,75,Lâm Đồng,NTB,AM Nga
NTB - Lâm Đồng,(LDO) Bảo Lâm 3,Hàng Mới Ca 1,2026-08-30 - Chủ Nhật,88,96.59%,80.68%,0.00%,9.97,71,0,85,0,17,3,3.41%,19.32%,88,Lâm Đồng,NTB,AM Nga
NTB - Lâm Đồng,(LDO) Bảo Lâm 3,Hàng Mới Ca 1,2026-08-17 - Thứ 2,90,93.33%,78.89%,0.00%,15.86,71,0,84,0,19,6,6.67%,21.11%,90,Lâm Đồng,NTB,AM Nga
NTB - Lâm Đồng,(LDO) Bảo Lâm 3,Hàng Mới Ca 2,2026-09-08 - Thứ 3,30,0.00%,0.00%,0.00%,,0,0,0,0,30,30,100.00%,100.00%,30,Lâm Đồng,NTB,AM Nga
NTB - Lâm Đồng,(LDO) Bảo Lâm 3,Hàng Mới Ca 2,2026-09-06 - Chủ Nhật,44,0.00%,0.00%,0.00%,,0,0,0,0,44,44,100.00%,100.00%,44,Lâm Đồng,NTB,AM Nga
NTB - Lâm Đồng,(LDO) Bảo Lâm 3,Hàng Mới Ca 2,2026-09-12 - Thứ 7,35,0.00%,0.00%,0.00%,,0,0,0,0,35,35,100.00%,100.00%,35,Lâm Đồng,NTB,AM Nga
NTB - Lâm Đồng,(LDO) Bảo Lâm 3,Hàng Mới Ca 2,2026-09-09 - Thứ 4,69,0.00%,0.00%,0.00%,,0,0,0,0,69,69,100.00%,100.00%,69,Lâm Đồng,NTB,AM Nga
NTB - Lâm Đồng,(LDO) Bảo Lâm 3,Hàng Mới Ca 2,2026-09-07 - Thứ 2,12,0.00%,0.00%,0.00%,,0,0,0,0,12,12,100.00%,100.00%,12,Lâm Đồng,NTB,AM Nga
NTB - Lâm Đồng,(LDO) Bảo Lâm 3,Hàng Mới Ca 2,2026-09-11 - Thứ 6,21,0.00%,0.00%,0.00%,,0,0,0,0,21,21,100.00%,100.00%,21,Lâm Đồng,NTB,AM Nga
NTB - Lâm Đồng,(LDO) Bảo Lâm 3,Hàng Mới Ca 2,2026-08-27 - Thứ 5,1,100.00%,0.00%,0.00%,,0,0,1,0,1,0,0.00%,100.00%,1,Lâm Đồng,NTB,AM Nga
NTB - Lâm Đồng,(LDO) Bảo Lâm 3,Hàng Mới Ca 2,2026-09-01 - Thứ 3,1,100.00%,100.00%,0.00%,3,1,0,1,0,0,0,0.00%,0.00%,1,Lâm Đồng,NTB,AM Nga
NTB - Lâm Đồng,(LDO) Bảo Lâm 3,Hàng Mới Ca 2,2026-09-10 - Thứ 5,25,8.00%,8.00%,0.00%,4,2,0,2,0,23,23,92.00%,92.00%,25,Lâm Đồng,NTB,AM Nga
NTB - Lâm Đồng,(LDO) Bảo Lâm 3,Hàng Mới Ca 2,2026-09-13 - Chủ Nhật,44,6.82%,6.82%,0.00%,1.33,3,0,3,0,41,41,93.18%,93.18%,44,Lâm Đồng,NTB,AM Nga
NTB - Lâm Đồng,(LDO) Bảo Lâm 3,Hàng Tồn,2026-08-30 - Chủ Nhật,13,53.85%,15.38%,7.69%,44,2,1,7,1,10,6,46.15%,76.93%,0,Lâm Đồng,NTB,AM Nga
NTB - Lâm Đồng,(LDO) Bảo Lâm 3,Hàng Tồn,2026-08-22 - Thứ 7,25,72.00%,8.00%,20.00%,58.5,2,5,18,5,18,7,28.00%,72.00%,0,Lâm Đồng,NTB,AM Nga
NTB - Lâm Đồng,(LDO) Bảo Lâm 3,Hàng Tồn,2026-09-05 - Thứ 7,14,92.86%,14.29%,7.14%,91,2,1,13,1,11,1,7.14%,78.57%,0,Lâm Đồng,NTB,AM Nga
NTB - Lâm Đồng,(LDO) Bảo Lâm 3,Hàng Tồn,2026-08-19 - Thứ 4,19,100.00%,15.79%,15.79%,40.33,3,3,19,3,13,0,0.00%,68.42%,0,Lâm Đồng,NTB,AM Nga
NTB - Lâm Đồng,(LDO) Bảo Lâm 3,Hàng Tồn,2026-08-29 - Thứ 7,16,87.50%,18.75%,25.00%,64.67,3,4,14,4,9,2,12.50%,56.25%,0,Lâm Đồng,NTB,AM Nga
NTB - Lâm Đồng,(LDO) Bảo Lâm 3,Hàng Tồn,2026-09-03 - Thứ 5,21,100.00%,14.29%,28.57%,85.33,3,6,21,6,12,0,0.00%,57.14%,0,Lâm Đồng,NTB,AM Nga
NTB - Lâm Đồng,(LDO) Bảo Lâm 3,Hàng Tồn,2026-08-20 - Thứ 5,22,100.00%,18.18%,9.09%,56,4,2,22,2,16,0,0.00%,72.73%,0,Lâm Đồng,NTB,AM Nga
NTB - Lâm Đồng,(LDO) Bảo Lâm 3,Hàng Tồn,2026-08-25 - Thứ 3,21,95.24%,19.05%,0.00%,51.75,4,0,20,0,17,1,4.76%,80.95%,0,Lâm Đồng,NTB,AM Nga
NTB - Lâm Đồng,(LDO) Bảo Lâm 3,Hàng Tồn,2026-08-28 - Thứ 6,22,95.45%,18.18%,31.82%,61.75,4,7,21,7,11,1,4.55%,50.00%,0,Lâm Đồng,NTB,AM Nga
NTB - Lâm Đồng,(LDO) Bảo Lâm 3,Hàng Tồn,2026-08-24 - Thứ 2,20,95.00%,20.00%,20.00%,48.5,4,4,19,4,12,1,5.00%,60.00%,0,Lâm Đồng,NTB,AM Nga
NTB - Lâm Đồng,(LDO) Bảo Lâm 3,Hàng Tồn,2026-09-04 - Thứ 6,22,100.00%,22.73%,18.18%,47.4,5,4,22,4,13,0,0.00%,59.09%,0,Lâm Đồng,NTB,AM Nga
NTB - Lâm Đồng,(LDO) Bảo Lâm 3,Hàng Tồn,2026-08-26 - Thứ 4,30,93.33%,16.67%,23.33%,48.4,5,7,28,7,18,2,6.67%,60.00%,0,Lâm Đồng,NTB,AM Nga
NTB - Lâm Đồng,(LDO) Bảo Lâm 3,Hàng Tồn,2026-08-17 - Thứ 2,27,96.30%,25.93%,22.22%,59.14,7,6,26,6,14,1,3.70%,51.85%,0,Lâm Đồng,NTB,AM Nga
NTB - Lâm Đồng,(LDO) Bảo Lâm 3,Hàng Tồn,2026-08-27 - Thứ 5,27,96.30%,29.63%,7.41%,57,8,2,26,2,17,1,3.70%,62.96%,0,Lâm Đồng,NTB,AM Nga
NTB - Lâm Đồng,(LDO) Bảo Lâm 3,Hàng Tồn,2026-09-02 - Thứ 4,25,100.00%,32.00%,8.00%,70.75,8,2,25,2,15,0,0.00%,60.00%,0,Lâm Đồng,NTB,AM Nga
NTB - Lâm Đồng,(LDO) Bảo Lâm 3,Hàng Tồn,2026-08-31 - Thứ 2,26,92.31%,30.77%,7.69%,54.13,8,2,24,2,16,2,7.69%,61.54%,0,Lâm Đồng,NTB,AM Nga
NTB - Lâm Đồng,(LDO) Bảo Lâm 3,Hàng Tồn,2026-08-21 - Thứ 6,29,100.00%,27.59%,20.69%,48.63,8,6,29,6,15,0,0.00%,51.72%,0,Lâm Đồng,NTB,AM Nga
NTB - Lâm Đồng,(LDO) Bảo Lâm 3,Hàng Tồn,2026-08-23 - Chủ Nhật,24,100.00%,37.50%,25.00%,59.67,9,6,24,6,9,0,0.00%,37.50%,0,Lâm Đồng,NTB,AM Nga
NTB - Lâm Đồng,(LDO) Bảo Lâm 3,Hàng Tồn,2026-08-18 - Thứ 3,25,100.00%,36.00%,16.00%,57.33,9,4,25,4,12,0,0.00%,48.00%,0,Lâm Đồng,NTB,AM Nga
NTB - Lâm Đồng,(LDO) Bảo Lâm 3,Hàng Tồn,2026-09-01 - Thứ 3,29,96.55%,34.48%,6.90%,66.8,10,2,28,2,17,1,3.45%,58.62%,0,Lâm Đồng,NTB,AM Nga
NTB - Lâm Đồng,(LDO) Bảo Lâm 3,Hàng Tồn,2026-09-08 - Thứ 3,41,100.00%,36.59%,9.76%,31.73,15,4,41,4,22,0,0.00%,53.65%,0,Lâm Đồng,NTB,AM Nga
NTB - Lâm Đồng,(LDO) Bảo Lâm 3,Hàng Tồn,2026-09-12 - Thứ 7,46,100.00%,50.00%,4.35%,29.39,23,2,46,2,21,0,0.00%,45.65%,0,Lâm Đồng,NTB,AM Nga
NTB - Lâm Đồng,(LDO) Bảo Lâm 3,Hàng Tồn,2026-09-09 - Thứ 4,56,89.29%,44.64%,0.00%,27.28,25,0,50,0,31,6,10.71%,55.36%,0,Lâm Đồng,NTB,AM Nga
NTB - Lâm Đồng,(LDO) Bảo Lâm 3,Hàng Tồn,2026-09-13 - Chủ Nhật,56,96.43%,44.64%,1.79%,26.36,25,1,54,1,30,2,3.57%,53.57%,0,Lâm Đồng,NTB,AM Nga
NTB - Lâm Đồng,(LDO) Bảo Lâm 3,Hàng Tồn,2026-09-11 - Thứ 6,60,93.33%,53.33%,11.67%,32.44,32,7,56,7,21,4,6.67%,35.00%,0,Lâm Đồng,NTB,AM Nga
NTB - Lâm Đồng,(LDO) Bảo Lâm 3,Hàng Tồn,2026-09-06 - Chủ Nhật,67,91.04%,55.22%,8.96%,23.49,37,6,61,6,24,6,8.96%,35.82%,0,Lâm Đồng,NTB,AM Nga
NTB - Lâm Đồng,(LDO) Bảo Lâm 3,Hàng Tồn,2026-09-07 - Thứ 2,75,96.00%,69.33%,1.33%,32.94,52,1,72,1,22,3,4.00%,29.34%,0,Lâm Đồng,NTB,AM Nga
NTB - Lâm Đồng,(LDO) Bảo Lâm 3,Hàng Tồn,2026-09-10 - Thứ 5,98,100.00%,66.33%,6.12%,30.65,65,6,98,6,27,0,0.00%,27.55%,0,Lâm Đồng,NTB,AM Nga
NTB - Lâm Đồng,(LDO) Bảo Lâm 1,Hàng Mới Ca 1,2026-08-20 - Thứ 5,120,83.33%,74.17%,0.00%,18.78,89,0,100,0,31,20,16.67%,25.83%,120,Lâm Đồng,NTB,AM Nga
NTB - Lâm Đồng,(LDO) Bảo Lâm 1,Hàng Mới Ca 1,2026-08-30 - Chủ Nhật,107,85.98%,78.50%,0.00%,14.83,84,0,92,0,23,15,14.02%,21.50%,107,Lâm Đồng,NTB,AM Nga
NTB - Lâm Đồng,(LDO) Bảo Lâm 1,Hàng Mới Ca 1,2026-08-19 - Thứ 4,111,80.18%,72.97%,0.00%,18.41,81,0,89,0,30,22,19.82%,27.03%,111,Lâm Đồng,NTB,AM Nga
NTB - Lâm Đồng,(LDO) Bảo Lâm 1,Hàng Mới Ca 1,2026-08-17 - Thứ 2,139,81.29%,69.78%,0.00%,17.16,97,0,113,0,42,26,18.71%,30.22%,139,Lâm Đồng,NTB,AM Nga
NTB - Lâm Đồng,(LDO) Bảo Lâm 1,Hàng Mới Ca 1,2026-09-02 - Thứ 4,106,84.91%,77.36%,0.00%,23.24,82,0,90,0,24,16,15.09%,22.64%,106,Lâm Đồng,NTB,AM Nga
NTB - Lâm Đồng,(LDO) Bảo Lâm 1,Hàng Mới Ca 1,2026-08-23 - Chủ Nhật,118,81.36%,70.34%,0.00%,15.8,83,0,96,0,35,22,18.64%,29.66%,118,Lâm Đồng,NTB,AM Nga
NTB - Lâm Đồng,(LDO) Bảo Lâm 1,Hàng Mới Ca 1,2026-08-21 - Thứ 6,109,78.90%,72.48%,0.92%,16.68,79,1,86,1,29,23,21.10%,26.60%,109,Lâm Đồng,NTB,AM Nga
NTB - Lâm Đồng,(LDO) Bảo Lâm 1,Hàng Mới Ca 1,2026-09-05 - Thứ 7,101,90.10%,78.22%,0.00%,15.58,79,0,91,0,22,10,9.90%,21.78%,101,Lâm Đồng,NTB,AM Nga
NTB - Lâm Đồng,(LDO) Bảo Lâm 1,Hàng Mới Ca 1,2026-08-28 - Thứ 6,132,85.61%,78.79%,0.00%,19.53,104,0,113,0,28,19,14.39%,21.21%,132,Lâm Đồng,NTB,AM Nga
NTB - Lâm Đồng,(LDO) Bảo Lâm 1,Hàng Mới Ca 1,2026-08-24 - Thứ 2,126,80.16%,57.14%,0.00%,18.68,72,0,101,0,54,25,19.84%,42.86%,126,Lâm Đồng,NTB,AM Nga
NTB - Lâm Đồng,(LDO) Bảo Lâm 1,Hàng Mới Ca 1,2026-09-12 - Thứ 7,16,87.50%,81.25%,0.00%,7.08,13,0,14,0,3,2,12.50%,18.75%,16,Lâm Đồng,NTB,AM Nga
NTB - Lâm Đồng,(LDO) Bảo Lâm 1,Hàng Mới Ca 1,2026-09-11 - Thứ 6,22,86.36%,72.73%,0.00%,7.06,16,0,19,0,6,3,13.64%,27.27%,22,Lâm Đồng,NTB,AM Nga
NTB - Lâm Đồng,(LDO) Bảo Lâm 1,Hàng Mới Ca 1,2026-09-09 - Thứ 4,23,86.96%,73.91%,0.00%,6.29,17,0,20,0,6,3,13.04%,26.09%,23,Lâm Đồng,NTB,AM Nga
NTB - Lâm Đồng,(LDO) Bảo Lâm 1,Hàng Mới Ca 1,2026-09-07 - Thứ 2,34,85.29%,67.65%,0.00%,6,23,0,29,0,11,5,14.71%,32.35%,34,Lâm Đồng,NTB,AM Nga
NTB - Lâm Đồng,(LDO) Bảo Lâm 1,Hàng Mới Ca 1,2026-09-06 - Chủ Nhật,45,68.89%,64.44%,0.00%,7,29,0,31,0,16,14,31.11%,35.56%,45,Lâm Đồng,NTB,AM Nga
NTB - Lâm Đồng,(LDO) Bảo Lâm 1,Hàng Mới Ca 1,2026-09-10 - Thứ 5,38,86.84%,76.32%,0.00%,6.97,29,0,33,0,9,5,13.16%,23.68%,38,Lâm Đồng,NTB,AM Nga
NTB - Lâm Đồng,(LDO) Bảo Lâm 1,Hàng Mới Ca 1,2026-08-29 - Thứ 7,46,80.43%,78.26%,0.00%,16.19,36,0,37,0,10,9,19.57%,21.74%,46,Lâm Đồng,NTB,AM Nga
NTB - Lâm Đồng,(LDO) Bảo Lâm 1,Hàng Mới Ca 1,2026-08-25 - Thứ 3,70,62.86%,51.43%,0.00%,21.17,36,0,44,0,34,26,37.14%,48.57%,70,Lâm Đồng,NTB,AM Nga
NTB - Lâm Đồng,(LDO) Bảo Lâm 1,Hàng Mới Ca 1,2026-09-04 - Thứ 6,56,78.57%,67.86%,0.00%,22.97,38,0,44,0,18,12,21.43%,32.14%,56,Lâm Đồng,NTB,AM Nga
NTB - Lâm Đồng,(LDO) Bảo Lâm 1,Hàng Mới Ca 1,2026-09-08 - Thứ 3,57,82.46%,78.95%,0.00%,6.18,45,0,47,0,12,10,17.54%,21.05%,57,Lâm Đồng,NTB,AM Nga
NTB - Lâm Đồng,(LDO) Bảo Lâm 1,Hàng Mới Ca 1,2026-08-22 - Thứ 7,54,94.44%,83.33%,0.00%,18.29,45,0,51,0,9,3,5.56%,16.67%,54,Lâm Đồng,NTB,AM Nga
NTB - Lâm Đồng,(LDO) Bảo Lâm 1,Hàng Mới Ca 1,2026-09-03 - Thứ 5,81,83.95%,61.73%,0.00%,20.66,50,0,68,0,31,13,16.05%,38.27%,81,Lâm Đồng,NTB,AM Nga
NTB - Lâm Đồng,(LDO) Bảo Lâm 1,Hàng Mới Ca 1,2026-09-13 - Chủ Nhật,80,92.50%,72.50%,0.00%,6.57,58,0,74,0,22,6,7.50%,27.50%,80,Lâm Đồng,NTB,AM Nga
NTB - Lâm Đồng,(LDO) Bảo Lâm 1,Hàng Mới Ca 1,2026-08-27 - Thứ 5,83,87.95%,73.49%,0.00%,18.39,61,0,73,0,22,10,12.05%,26.51%,83,Lâm Đồng,NTB,AM Nga
NTB - Lâm Đồng,(LDO) Bảo Lâm 1,Hàng Mới Ca 1,2026-09-01 - Thứ 3,88,78.41%,71.59%,0.00%,17.08,63,0,69,0,25,19,21.59%,28.41%,88,Lâm Đồng,NTB,AM Nga
NTB - Lâm Đồng,(LDO) Bảo Lâm 1,Hàng Mới Ca 1,2026-08-26 - Thứ 4,100,72.00%,65.00%,0.00%,20.43,65,0,72,0,35,28,28.00%,35.00%,100,Lâm Đồng,NTB,AM Nga
NTB - Lâm Đồng,(LDO) Bảo Lâm 1,Hàng Mới Ca 1,2026-08-31 - Thứ 2,107,67.29%,64.49%,0.00%,13.2,69,0,72,0,38,35,32.71%,35.51%,107,Lâm Đồng,NTB,AM Nga
NTB - Lâm Đồng,(LDO) Bảo Lâm 1,Hàng Mới Ca 1,2026-08-18 - Thứ 3,96,87.50%,76.04%,0.00%,18.66,73,0,84,0,23,12,12.50%,23.96%,96,Lâm Đồng,NTB,AM Nga
NTB - Lâm Đồng,(LDO) Bảo Lâm 1,Hàng Mới Ca 2,2026-09-06 - Chủ Nhật,62,0.00%,0.00%,0.00%,,0,0,0,0,62,62,100.00%,100.00%,62,Lâm Đồng,NTB,AM Nga
NTB - Lâm Đồng,(LDO) Bảo Lâm 1,Hàng Mới Ca 2,2026-09-12 - Thứ 7,43,0.00%,0.00%,0.00%,,0,0,0,0,43,43,100.00%,100.00%,43,Lâm Đồng,NTB,AM Nga
NTB - Lâm Đồng,(LDO) Bảo Lâm 1,Hàng Mới Ca 2,2026-09-08 - Thứ 3,33,6.06%,3.03%,0.00%,3,1,0,2,0,32,31,93.94%,96.97%,33,Lâm Đồng,NTB,AM Nga
NTB - Lâm Đồng,(LDO) Bảo Lâm 1,Hàng Mới Ca 2,2026-09-10 - Thứ 5,65,1.54%,1.54%,0.00%,4,1,0,1,0,64,64,98.46%,98.46%,65,Lâm Đồng,NTB,AM Nga
NTB - Lâm Đồng,(LDO) Bảo Lâm 1,Hàng Mới Ca 2,2026-09-09 - Thứ 4,81,2.47%,2.47%,0.00%,4,2,0,2,0,79,79,97.53%,97.53%,81,Lâm Đồng,NTB,AM Nga
NTB - Lâm Đồng,(LDO) Bảo Lâm 1,Hàng Mới Ca 2,2026-09-11 - Thứ 6,39,5.13%,5.13%,0.00%,3.5,2,0,2,0,37,37,94.87%,94.87%,39,Lâm Đồng,NTB,AM Nga
NTB - Lâm Đồng,(LDO) Bảo Lâm 1,Hàng Mới Ca 2,2026-09-07 - Thứ 2,17,17.65%,17.65%,0.00%,4,3,0,3,0,14,14,82.35%,82.35%,17,Lâm Đồng,NTB,AM Nga
NTB - Lâm Đồng,(LDO) Bảo Lâm 1,Hàng Mới Ca 2,2026-09-13 - Chủ Nhật,46,10.87%,10.87%,0.00%,4.2,5,0,5,0,41,41,89.13%,89.13%,46,Lâm Đồng,NTB,AM Nga
NTB - Lâm Đồng,(LDO) Bảo Lâm 1,Hàng Tồn,2026-09-07 - Thứ 2,128,84.38%,60.94%,3.13%,36.24,78,4,108,4,46,20,15.62%,35.93%,0,Lâm Đồng,NTB,AM Nga
NTB - Lâm Đồng,(LDO) Bảo Lâm 1,Hàng Tồn,2026-08-23 - Chủ Nhật,34,38.24%,17.65%,2.94%,124.5,6,1,13,1,27,21,61.76%,79.41%,0,Lâm Đồng,NTB,AM Nga
NTB - Lâm Đồng,(LDO) Bảo Lâm 1,Hàng Tồn,2026-09-03 - Thứ 5,43,81.40%,27.91%,2.33%,61.83,12,1,35,1,30,8,18.60%,69.76%,0,Lâm Đồng,NTB,AM Nga
NTB - Lâm Đồng,(LDO) Bảo Lâm 1,Hàng Tồn,2026-08-31 - Thứ 2,40,62.50%,32.50%,15.00%,57,13,6,25,6,21,15,37.50%,52.50%,0,Lâm Đồng,NTB,AM Nga
NTB - Lâm Đồng,(LDO) Bảo Lâm 1,Hàng Tồn,2026-08-30 - Chủ Nhật,36,66.67%,38.89%,5.56%,91.86,14,2,24,2,20,12,33.33%,55.55%,0,Lâm Đồng,NTB,AM Nga
NTB - Lâm Đồng,(LDO) Bảo Lâm 1,Hàng Tồn,2026-08-17 - Thứ 2,57,75.44%,29.82%,7.02%,76.47,17,4,43,4,36,14,24.56%,63.16%,0,Lâm Đồng,NTB,AM Nga
NTB - Lâm Đồng,(LDO) Bảo Lâm 1,Hàng Tồn,2026-09-05 - Thứ 7,40,90.00%,50.00%,5.00%,81.5,20,2,36,2,18,4,10.00%,45.00%,0,Lâm Đồng,NTB,AM Nga
NTB - Lâm Đồng,(LDO) Bảo Lâm 1,Hàng Tồn,2026-08-28 - Thứ 6,53,75.47%,37.74%,11.32%,63.05,20,6,40,6,27,13,24.53%,50.94%,0,Lâm Đồng,NTB,AM Nga
NTB - Lâm Đồng,(LDO) Bảo Lâm 1,Hàng Tồn,2026-08-20 - Thứ 5,60,56.67%,36.67%,8.33%,57.91,22,5,34,5,33,26,43.33%,55.00%,0,Lâm Đồng,NTB,AM Nga
NTB - Lâm Đồng,(LDO) Bảo Lâm 1,Hàng Tồn,2026-08-29 - Thứ 7,53,77.36%,41.51%,7.55%,55.45,22,4,41,4,27,12,22.64%,50.94%,0,Lâm Đồng,NTB,AM Nga
NTB - Lâm Đồng,(LDO) Bảo Lâm 1,Hàng Tồn,2026-09-02 - Thứ 4,49,77.55%,51.02%,4.08%,66.68,25,2,38,2,22,11,22.45%,44.90%,0,Lâm Đồng,NTB,AM Nga
NTB - Lâm Đồng,(LDO) Bảo Lâm 1,Hàng Tồn,2026-08-22 - Thứ 7,54,77.78%,46.30%,1.85%,60.92,25,1,42,1,28,12,22.22%,51.85%,0,Lâm Đồng,NTB,AM Nga
NTB - Lâm Đồng,(LDO) Bảo Lâm 1,Hàng Tồn,2026-08-25 - Thứ 3,76,46.05%,36.84%,2.63%,53.39,28,2,35,2,46,41,53.95%,60.53%,0,Lâm Đồng,NTB,AM Nga
NTB - Lâm Đồng,(LDO) Bảo Lâm 1,Hàng Tồn,2026-08-19 - Thứ 4,67,65.67%,43.28%,5.97%,82.1,29,4,44,4,34,23,34.33%,50.75%,0,Lâm Đồng,NTB,AM Nga
NTB - Lâm Đồng,(LDO) Bảo Lâm 1,Hàng Tồn,2026-08-18 - Thứ 3,77,68.83%,37.66%,0.00%,58.83,29,0,53,0,48,24,31.17%,62.34%,0,Lâm Đồng,NTB,AM Nga
NTB - Lâm Đồng,(LDO) Bảo Lâm 1,Hàng Tồn,2026-08-27 - Thứ 5,63,66.67%,47.62%,1.59%,68.37,30,1,42,1,32,21,33.33%,50.79%,0,Lâm Đồng,NTB,AM Nga
NTB - Lâm Đồng,(LDO) Bảo Lâm 1,Hàng Tồn,2026-09-13 - Chủ Nhật,64,81.25%,48.44%,0.00%,31.45,31,0,52,0,33,12,18.75%,51.56%,0,Lâm Đồng,NTB,AM Nga
NTB - Lâm Đồng,(LDO) Bảo Lâm 1,Hàng Tồn,2026-09-04 - Thứ 6,60,85.00%,53.33%,5.00%,60.53,32,3,51,3,25,9,15.00%,41.67%,0,Lâm Đồng,NTB,AM Nga
NTB - Lâm Đồng,(LDO) Bảo Lâm 1,Hàng Tồn,2026-08-21 - Thứ 6,62,70.97%,51.61%,4.84%,74.75,32,3,44,3,27,18,29.03%,43.55%,0,Lâm Đồng,NTB,AM Nga
NTB - Lâm Đồng,(LDO) Bảo Lâm 1,Hàng Tồn,2026-08-24 - Thứ 2,59,83.05%,54.24%,5.08%,71.34,32,3,49,3,24,10,16.95%,40.68%,0,Lâm Đồng,NTB,AM Nga
NTB - Lâm Đồng,(LDO) Bảo Lâm 1,Hàng Tồn,2026-09-01 - Thứ 3,58,74.14%,55.17%,1.72%,54.16,32,1,43,1,25,15,25.86%,43.11%,0,Lâm Đồng,NTB,AM Nga
NTB - Lâm Đồng,(LDO) Bảo Lâm 1,Hàng Tồn,2026-09-08 - Thứ 3,69,78.26%,56.52%,4.35%,41.9,39,3,54,3,27,15,21.74%,39.13%,0,Lâm Đồng,NTB,AM Nga
NTB - Lâm Đồng,(LDO) Bảo Lâm 1,Hàng Tồn,2026-08-26 - Thứ 4,80,76.25%,56.25%,2.50%,66.09,45,2,61,2,33,19,23.75%,41.25%,0,Lâm Đồng,NTB,AM Nga
NTB - Lâm Đồng,(LDO) Bảo Lâm 1,Hàng Tồn,2026-09-09 - Thứ 4,71,84.51%,64.79%,1.41%,40.48,46,1,60,1,24,11,15.49%,33.80%,0,Lâm Đồng,NTB,AM Nga
NTB - Lâm Đồng,(LDO) Bảo Lâm 1,Hàng Tồn,2026-09-11 - Thứ 6,105,81.90%,56.19%,3.81%,32.47,59,4,86,4,42,19,18.10%,40.00%,0,Lâm Đồng,NTB,AM Nga
NTB - Lâm Đồng,(LDO) Bảo Lâm 1,Hàng Tồn,2026-09-12 - Thứ 7,84,94.05%,75.00%,2.38%,42.4,63,2,79,2,19,5,5.95%,22.62%,0,Lâm Đồng,NTB,AM Nga
NTB - Lâm Đồng,(LDO) Bảo Lâm 1,Hàng Tồn,2026-09-06 - Chủ Nhật,124,72.58%,57.26%,1.61%,32.89,71,2,90,2,51,34,27.42%,41.13%,0,Lâm Đồng,NTB,AM Nga
NTB - Lâm Đồng,(LDO) Bảo Lâm 1,Hàng Tồn,2026-09-10 - Thứ 5,109,90.83%,66.97%,2.75%,30.58,73,3,99,3,33,10,9.17%,30.28%,0,Lâm Đồng,NTB,AM Nga
NTB - Lâm Đồng,(LDO) B'Lao,Hàng Mới Ca 1,2026-08-29 - Thứ 7,97,100.00%,84.54%,0.00%,4.96,82,0,97,0,15,0,0.00%,15.46%,97,Lâm Đồng,NTB,AM Nga
NTB - Lâm Đồng,(LDO) B'Lao,Hàng Mới Ca 1,2026-09-02 - Thứ 4,17,100.00%,82.35%,0.00%,5.86,14,0,17,0,3,0,0.00%,17.65%,17,Lâm Đồng,NTB,AM Nga
NTB - Lâm Đồng,(LDO) B'Lao,Hàng Mới Ca 1,2026-09-09 - Thứ 4,29,100.00%,82.76%,0.00%,6.17,24,0,29,0,5,0,0.00%,17.24%,29,Lâm Đồng,NTB,AM Nga
NTB - Lâm Đồng,(LDO) B'Lao,Hàng Mới Ca 1,2026-08-24 - Thứ 2,30,100.00%,80.00%,0.00%,5.92,24,0,30,0,6,0,0.00%,20.00%,30,Lâm Đồng,NTB,AM Nga
NTB - Lâm Đồng,(LDO) B'Lao,Hàng Mới Ca 1,2026-09-01 - Thứ 3,27,96.30%,88.89%,0.00%,6.79,24,0,26,0,3,1,3.70%,11.11%,27,Lâm Đồng,NTB,AM Nga
NTB - Lâm Đồng,(LDO) B'Lao,Hàng Mới Ca 1,2026-08-26 - Thứ 4,33,100.00%,90.91%,0.00%,3.77,30,0,33,0,3,0,0.00%,9.09%,33,Lâm Đồng,NTB,AM Nga
NTB - Lâm Đồng,(LDO) B'Lao,Hàng Mới Ca 1,2026-08-28 - Thứ 6,36,97.22%,91.67%,0.00%,4.52,33,0,35,0,3,1,2.78%,8.33%,36,Lâm Đồng,NTB,AM Nga
NTB - Lâm Đồng,(LDO) B'Lao,Hàng Mới Ca 1,2026-09-12 - Thứ 7,40,97.50%,87.50%,0.00%,6.29,35,0,39,0,5,1,2.50%,12.50%,40,Lâm Đồng,NTB,AM Nga
NTB - Lâm Đồng,(LDO) B'Lao,Hàng Mới Ca 1,2026-09-03 - Thứ 5,41,100.00%,85.37%,0.00%,6.26,35,0,41,0,6,0,0.00%,14.63%,41,Lâm Đồng,NTB,AM Nga
NTB - Lâm Đồng,(LDO) B'Lao,Hàng Mới Ca 1,2026-09-11 - Thứ 6,40,100.00%,90.00%,0.00%,6.19,36,0,40,0,4,0,0.00%,10.00%,40,Lâm Đồng,NTB,AM Nga
NTB - Lâm Đồng,(LDO) B'Lao,Hàng Mới Ca 1,2026-09-04 - Thứ 6,47,100.00%,89.36%,0.00%,5.67,42,0,47,0,5,0,0.00%,10.64%,47,Lâm Đồng,NTB,AM Nga
NTB - Lâm Đồng,(LDO) B'Lao,Hàng Mới Ca 1,2026-08-30 - Chủ Nhật,60,96.67%,71.67%,0.00%,4.49,43,0,58,0,17,2,3.33%,28.33%,60,Lâm Đồng,NTB,AM Nga
NTB - Lâm Đồng,(LDO) B'Lao,Hàng Mới Ca 1,2026-09-05 - Thứ 7,48,100.00%,89.58%,0.00%,5.42,43,0,48,0,5,0,0.00%,10.42%,48,Lâm Đồng,NTB,AM Nga
NTB - Lâm Đồng,(LDO) B'Lao,Hàng Mới Ca 1,2026-09-07 - Thứ 2,50,100.00%,90.00%,0.00%,6.42,45,0,50,0,5,0,0.00%,10.00%,50,Lâm Đồng,NTB,AM Nga
NTB - Lâm Đồng,(LDO) B'Lao,Hàng Mới Ca 1,2026-08-25 - Thứ 3,56,100.00%,82.14%,0.00%,5.37,46,0,56,0,10,0,0.00%,17.86%,56,Lâm Đồng,NTB,AM Nga
NTB - Lâm Đồng,(LDO) B'Lao,Hàng Mới Ca 1,2026-08-31 - Thứ 2,52,100.00%,90.38%,0.00%,6.43,47,0,52,0,5,0,0.00%,9.62%,52,Lâm Đồng,NTB,AM Nga
NTB - Lâm Đồng,(LDO) B'Lao,Hàng Mới Ca 1,2026-09-10 - Thứ 5,69,97.10%,73.91%,0.00%,6.69,51,0,67,0,18,2,2.90%,26.09%,69,Lâm Đồng,NTB,AM Nga
NTB - Lâm Đồng,(LDO) B'Lao,Hàng Mới Ca 1,2026-08-17 - Thứ 2,60,100.00%,91.67%,0.00%,5.45,55,0,60,0,5,0,0.00%,8.33%,60,Lâm Đồng,NTB,AM Nga
NTB - Lâm Đồng,(LDO) B'Lao,Hàng Mới Ca 1,2026-08-18 - Thứ 3,58,100.00%,96.55%,0.00%,5.29,56,0,58,0,2,0,0.00%,3.45%,58,Lâm Đồng,NTB,AM Nga
NTB - Lâm Đồng,(LDO) B'Lao,Hàng Mới Ca 1,2026-08-27 - Thứ 5,60,100.00%,95.00%,0.00%,6.04,57,0,60,0,3,0,0.00%,5.00%,60,Lâm Đồng,NTB,AM Nga
NTB - Lâm Đồng,(LDO) B'Lao,Hàng Mới Ca 1,2026-08-21 - Thứ 6,62,100.00%,91.94%,0.00%,6,57,0,62,0,5,0,0.00%,8.06%,62,Lâm Đồng,NTB,AM Nga
NTB - Lâm Đồng,(LDO) B'Lao,Hàng Mới Ca 1,2026-08-22 - Thứ 7,65,95.38%,87.69%,0.00%,5.63,57,0,62,0,8,3,4.62%,12.31%,65,Lâm Đồng,NTB,AM Nga
NTB - Lâm Đồng,(LDO) B'Lao,Hàng Mới Ca 1,2026-08-23 - Chủ Nhật,72,100.00%,81.94%,0.00%,6.27,59,0,72,0,13,0,0.00%,18.06%,72,Lâm Đồng,NTB,AM Nga
NTB - Lâm Đồng,(LDO) B'Lao,Hàng Mới Ca 1,2026-09-13 - Chủ Nhật,75,98.67%,82.67%,0.00%,6.1,62,0,74,0,13,1,1.33%,17.33%,75,Lâm Đồng,NTB,AM Nga
NTB - Lâm Đồng,(LDO) B'Lao,Hàng Mới Ca 1,2026-09-06 - Chủ Nhật,77,100.00%,85.71%,0.00%,6.3,66,0,77,0,11,0,0.00%,14.29%,77,Lâm Đồng,NTB,AM Nga
NTB - Lâm Đồng,(LDO) B'Lao,Hàng Mới Ca 1,2026-08-19 - Thứ 4,71,100.00%,92.96%,0.00%,6.39,66,0,71,0,5,0,0.00%,7.04%,71,Lâm Đồng,NTB,AM Nga
NTB - Lâm Đồng,(LDO) B'Lao,Hàng Mới Ca 1,2026-08-20 - Thứ 5,78,98.72%,91.03%,0.00%,6.28,71,0,77,0,7,1,1.28%,8.97%,78,Lâm Đồng,NTB,AM Nga
NTB - Lâm Đồng,(LDO) B'Lao,Hàng Mới Ca 1,2026-09-08 - Thứ 3,99,100.00%,85.86%,0.00%,5.93,85,0,99,0,14,0,0.00%,14.14%,99,Lâm Đồng,NTB,AM Nga
NTB - Lâm Đồng,(LDO) B'Lao,Hàng Mới Ca 2,2026-08-29 - Thứ 7,26,30.77%,30.77%,0.00%,2.13,8,0,8,0,18,18,69.23%,69.23%,26,Lâm Đồng,NTB,AM Nga
NTB - Lâm Đồng,(LDO) B'Lao,Hàng Mới Ca 2,2026-08-21 - Thứ 6,20,65.00%,60.00%,0.00%,2.75,12,0,13,0,8,7,35.00%,40.00%,20,Lâm Đồng,NTB,AM Nga
NTB - Lâm Đồng,(LDO) B'Lao,Hàng Mới Ca 2,2026-09-07 - Thứ 2,21,61.90%,57.14%,0.00%,2.33,12,0,13,0,9,8,38.10%,42.86%,21,Lâm Đồng,NTB,AM Nga
NTB - Lâm Đồng,(LDO) B'Lao,Hàng Mới Ca 2,2026-09-03 - Thứ 5,35,65.71%,57.14%,0.00%,2.25,20,0,23,0,15,12,34.29%,42.86%,35,Lâm Đồng,NTB,AM Nga
NTB - Lâm Đồng,(LDO) B'Lao,Hàng Mới Ca 2,2026-08-28 - Thứ 6,29,82.76%,72.41%,0.00%,2.24,21,0,24,0,8,5,17.24%,27.59%,29,Lâm Đồng,NTB,AM Nga
NTB - Lâm Đồng,(LDO) B'Lao,Hàng Mới Ca 2,2026-09-13 - Chủ Nhật,76,36.84%,30.26%,0.00%,2.13,23,0,28,0,53,48,63.16%,69.74%,76,Lâm Đồng,NTB,AM Nga
NTB - Lâm Đồng,(LDO) B'Lao,Hàng Mới Ca 2,2026-09-12 - Thứ 7,43,60.47%,55.81%,0.00%,3.46,24,0,26,0,19,17,39.53%,44.19%,43,Lâm Đồng,NTB,AM Nga
NTB - Lâm Đồng,(LDO) B'Lao,Hàng Mới Ca 2,2026-09-10 - Thứ 5,71,40.85%,38.03%,0.00%,2.96,27,0,29,0,44,42,59.15%,61.97%,71,Lâm Đồng,NTB,AM Nga
NTB - Lâm Đồng,(LDO) B'Lao,Hàng Mới Ca 2,2026-08-17 - Thứ 2,58,62.07%,53.45%,0.00%,3.52,31,0,36,0,27,22,37.93%,46.55%,58,Lâm Đồng,NTB,AM Nga
NTB - Lâm Đồng,(LDO) B'Lao,Hàng Mới Ca 2,2026-08-23 - Chủ Nhật,65,56.92%,47.69%,0.00%,2.39,31,0,37,0,34,28,43.08%,52.31%,65,Lâm Đồng,NTB,AM Nga
NTB - Lâm Đồng,(LDO) B'Lao,Hàng Mới Ca 2,2026-09-11 - Thứ 6,68,51.47%,47.06%,0.00%,2.69,32,0,35,0,36,33,48.53%,52.94%,68,Lâm Đồng,NTB,AM Nga
NTB - Lâm Đồng,(LDO) B'Lao,Hàng Mới Ca 2,2026-08-18 - Thứ 3,69,56.52%,50.72%,0.00%,2.8,35,0,39,0,34,30,43.48%,49.28%,69,Lâm Đồng,NTB,AM Nga
NTB - Lâm Đồng,(LDO) B'Lao,Hàng Mới Ca 2,2026-09-08 - Thứ 3,64,56.25%,56.25%,0.00%,2.69,36,0,36,0,28,28,43.75%,43.75%,64,Lâm Đồng,NTB,AM Nga
NTB - Lâm Đồng,(LDO) B'Lao,Hàng Mới Ca 2,2026-08-31 - Thứ 2,70,60.00%,51.43%,0.00%,2.86,36,0,42,0,34,28,40.00%,48.57%,70,Lâm Đồng,NTB,AM Nga
NTB - Lâm Đồng,(LDO) B'Lao,Hàng Mới Ca 2,2026-08-30 - Chủ Nhật,70,62.86%,54.29%,0.00%,2.34,38,0,44,0,32,26,37.14%,45.71%,70,Lâm Đồng,NTB,AM Nga
NTB - Lâm Đồng,(LDO) B'Lao,Hàng Mới Ca 2,2026-08-19 - Thứ 4,73,61.64%,53.42%,0.00%,3.03,39,0,45,0,34,28,38.36%,46.58%,73,Lâm Đồng,NTB,AM Nga
NTB - Lâm Đồng,(LDO) B'Lao,Hàng Mới Ca 2,2026-08-20 - Thứ 5,64,67.19%,62.50%,0.00%,2.9,40,0,43,0,24,21,32.81%,37.50%,64,Lâm Đồng,NTB,AM Nga
NTB - Lâm Đồng,(LDO) B'Lao,Hàng Mới Ca 2,2026-08-22 - Thứ 7,70,60.00%,57.14%,0.00%,2.3,40,0,42,0,30,28,40.00%,42.86%,70,Lâm Đồng,NTB,AM Nga
NTB - Lâm Đồng,(LDO) B'Lao,Hàng Mới Ca 2,2026-09-02 - Thứ 4,89,64.04%,50.56%,0.00%,3.02,45,0,57,0,44,32,35.96%,49.44%,89,Lâm Đồng,NTB,AM Nga
NTB - Lâm Đồng,(LDO) B'Lao,Hàng Mới Ca 2,2026-09-06 - Chủ Nhật,84,63.10%,54.76%,0.00%,5.7,46,0,53,0,38,31,36.90%,45.24%,84,Lâm Đồng,NTB,AM Nga
NTB - Lâm Đồng,(LDO) B'Lao,Hàng Mới Ca 2,2026-09-04 - Thứ 6,66,72.73%,71.21%,0.00%,2.21,47,0,48,0,19,18,27.27%,28.79%,66,Lâm Đồng,NTB,AM Nga
NTB - Lâm Đồng,(LDO) B'Lao,Hàng Mới Ca 2,2026-08-26 - Thứ 4,72,75.00%,65.28%,0.00%,2.74,47,0,54,0,25,18,25.00%,34.72%,72,Lâm Đồng,NTB,AM Nga
NTB - Lâm Đồng,(LDO) B'Lao,Hàng Mới Ca 2,2026-09-09 - Thứ 4,106,57.55%,50.00%,0.00%,3.45,53,0,61,0,53,45,42.45%,50.00%,106,Lâm Đồng,NTB,AM Nga
NTB - Lâm Đồng,(LDO) B'Lao,Hàng Mới Ca 2,2026-08-27 - Thứ 5,93,63.44%,60.22%,0.00%,3,56,0,59,0,37,34,36.56%,39.78%,93,Lâm Đồng,NTB,AM Nga
NTB - Lâm Đồng,(LDO) B'Lao,Hàng Mới Ca 2,2026-08-25 - Thứ 3,72,91.67%,84.72%,0.00%,2.59,61,0,66,0,11,6,8.33%,15.28%,72,Lâm Đồng,NTB,AM Nga
NTB - Lâm Đồng,(LDO) B'Lao,Hàng Mới Ca 2,2026-09-05 - Thứ 7,107,69.16%,57.01%,0.00%,2.8,61,0,74,0,46,33,30.84%,42.99%,107,Lâm Đồng,NTB,AM Nga
NTB - Lâm Đồng,(LDO) B'Lao,Hàng Mới Ca 2,2026-09-01 - Thứ 3,110,60.91%,56.36%,0.00%,3.31,62,0,67,0,48,43,39.09%,43.64%,110,Lâm Đồng,NTB,AM Nga
NTB - Lâm Đồng,(LDO) B'Lao,Hàng Mới Ca 2,2026-08-24 - Thứ 2,94,73.40%,69.15%,0.00%,2.69,65,0,69,0,29,25,26.60%,30.85%,94,Lâm Đồng,NTB,AM Nga
NTB - Lâm Đồng,(LDO) B'Lao,Hàng Tồn,2026-08-29 - Thứ 7,24,100.00%,41.67%,20.83%,26,10,5,24,5,9,0,0.00%,37.50%,0,Lâm Đồng,NTB,AM Nga
NTB - Lâm Đồng,(LDO) B'Lao,Hàng Tồn,2026-08-22 - Thứ 7,28,92.86%,42.86%,0.00%,39.83,12,0,26,0,16,2,7.14%,57.14%,0,Lâm Đồng,NTB,AM Nga
NTB - Lâm Đồng,(LDO) B'Lao,Hàng Tồn,2026-08-26 - Thứ 4,34,100.00%,38.24%,5.88%,29,13,2,34,2,19,0,0.00%,55.88%,0,Lâm Đồng,NTB,AM Nga
NTB - Lâm Đồng,(LDO) B'Lao,Hàng Tồn,2026-09-08 - Thứ 3,32,100.00%,43.75%,6.25%,33.57,14,2,32,2,16,0,0.00%,50.00%,0,Lâm Đồng,NTB,AM Nga
NTB - Lâm Đồng,(LDO) B'Lao,Hàng Tồn,2026-09-04 - Thứ 6,43,100.00%,39.53%,2.33%,34.12,17,1,43,1,25,0,0.00%,58.14%,0,Lâm Đồng,NTB,AM Nga
NTB - Lâm Đồng,(LDO) B'Lao,Hàng Tồn,2026-09-13 - Chủ Nhật,49,97.96%,42.86%,14.29%,34,21,7,48,7,21,1,2.04%,42.85%,0,Lâm Đồng,NTB,AM Nga
NTB - Lâm Đồng,(LDO) B'Lao,Hàng Tồn,2026-08-30 - Chủ Nhật,37,100.00%,62.16%,5.41%,24.52,23,2,37,2,12,0,0.00%,32.43%,0,Lâm Đồng,NTB,AM Nga
NTB - Lâm Đồng,(LDO) B'Lao,Hàng Tồn,2026-09-05 - Thứ 7,43,100.00%,53.49%,6.98%,28.74,23,3,43,3,17,0,0.00%,39.53%,0,Lâm Đồng,NTB,AM Nga
NTB - Lâm Đồng,(LDO) B'Lao,Hàng Tồn,2026-08-21 - Thứ 6,48,97.92%,52.08%,10.42%,33.08,25,5,47,5,18,1,2.08%,37.50%,0,Lâm Đồng,NTB,AM Nga
NTB - Lâm Đồng,(LDO) B'Lao,Hàng Tồn,2026-08-27 - Thứ 5,46,100.00%,56.52%,4.35%,30.15,26,2,46,2,18,0,0.00%,39.13%,0,Lâm Đồng,NTB,AM Nga
NTB - Lâm Đồng,(LDO) B'Lao,Hàng Tồn,2026-08-23 - Chủ Nhật,51,98.04%,52.94%,9.80%,26.63,27,5,50,5,19,1,1.96%,37.26%,0,Lâm Đồng,NTB,AM Nga
NTB - Lâm Đồng,(LDO) B'Lao,Hàng Tồn,2026-08-18 - Thứ 3,50,98.00%,58.00%,6.00%,31.93,29,3,49,3,18,1,2.00%,36.00%,0,Lâm Đồng,NTB,AM Nga
NTB - Lâm Đồng,(LDO) B'Lao,Hàng Tồn,2026-08-19 - Thứ 4,54,100.00%,55.56%,1.85%,29.27,30,1,54,1,23,0,0.00%,42.59%,0,Lâm Đồng,NTB,AM Nga
NTB - Lâm Đồng,(LDO) B'Lao,Hàng Tồn,2026-08-25 - Thứ 3,50,98.00%,60.00%,2.00%,28.4,30,1,49,1,19,1,2.00%,38.00%,0,Lâm Đồng,NTB,AM Nga
NTB - Lâm Đồng,(LDO) B'Lao,Hàng Tồn,2026-09-09 - Thứ 4,57,98.25%,52.63%,3.51%,28.8,30,2,56,2,25,1,1.75%,43.86%,0,Lâm Đồng,NTB,AM Nga
NTB - Lâm Đồng,(LDO) B'Lao,Hàng Tồn,2026-09-06 - Chủ Nhật,66,100.00%,46.97%,9.09%,28.87,31,6,66,6,29,0,0.00%,43.94%,0,Lâm Đồng,NTB,AM Nga
NTB - Lâm Đồng,(LDO) B'Lao,Hàng Tồn,2026-08-20 - Thứ 5,60,100.00%,56.67%,8.33%,29.21,34,5,60,5,21,0,0.00%,35.00%,0,Lâm Đồng,NTB,AM Nga
NTB - Lâm Đồng,(LDO) B'Lao,Hàng Tồn,2026-08-28 - Thứ 6,53,100.00%,67.92%,5.66%,25.25,36,3,53,3,14,0,0.00%,26.42%,0,Lâm Đồng,NTB,AM Nga
NTB - Lâm Đồng,(LDO) B'Lao,Hàng Tồn,2026-09-12 - Thứ 7,69,98.55%,53.62%,5.80%,29.03,37,4,68,4,28,1,1.45%,40.58%,0,Lâm Đồng,NTB,AM Nga
NTB - Lâm Đồng,(LDO) B'Lao,Hàng Tồn,2026-08-31 - Thứ 2,61,98.36%,60.66%,3.28%,28,37,2,60,2,22,1,1.64%,36.06%,0,Lâm Đồng,NTB,AM Nga
NTB - Lâm Đồng,(LDO) B'Lao,Hàng Tồn,2026-09-01 - Thứ 3,58,100.00%,63.79%,0.00%,31.27,37,0,58,0,21,0,0.00%,36.21%,0,Lâm Đồng,NTB,AM Nga
NTB - Lâm Đồng,(LDO) B'Lao,Hàng Tồn,2026-09-02 - Thứ 4,68,98.53%,57.35%,2.94%,28.54,39,2,67,2,27,1,1.47%,39.71%,0,Lâm Đồng,NTB,AM Nga
NTB - Lâm Đồng,(LDO) B'Lao,Hàng Tồn,2026-09-10 - Thứ 5,78,100.00%,51.28%,6.41%,26.05,40,5,78,5,33,0,0.00%,42.31%,0,Lâm Đồng,NTB,AM Nga
NTB - Lâm Đồng,(LDO) B'Lao,Hàng Tồn,2026-08-24 - Thứ 2,65,100.00%,66.15%,4.62%,29.84,43,3,65,3,19,0,0.00%,29.23%,0,Lâm Đồng,NTB,AM Nga
NTB - Lâm Đồng,(LDO) B'Lao,Hàng Tồn,2026-09-03 - Thứ 5,72,98.61%,63.89%,4.17%,32.02,46,3,71,3,23,1,1.39%,31.94%,0,Lâm Đồng,NTB,AM Nga
NTB - Lâm Đồng,(LDO) B'Lao,Hàng Tồn,2026-09-07 - Thứ 2,77,100.00%,67.53%,3.90%,30.67,52,3,77,3,22,0,0.00%,28.57%,0,Lâm Đồng,NTB,AM Nga
NTB - Lâm Đồng,(LDO) B'Lao,Hàng Tồn,2026-08-17 - Thứ 2,76,98.68%,69.74%,3.95%,34.13,53,3,75,3,20,1,1.32%,26.31%,0,Lâm Đồng,NTB,AM Nga
NTB - Lâm Đồng,(LDO) B'Lao,Hàng Tồn,2026-09-11 - Thứ 6,93,100.00%,61.29%,4.30%,30.16,57,4,93,4,32,0,0.00%,34.41%,0,Lâm Đồng,NTB,AM Nga
NTB - Lâm Đồng,(LDO) 3 Bảo Lộc,Hàng Mới Ca 1,2026-09-08 - Thứ 3,89,100.00%,89.89%,0.00%,14.75,80,0,89,0,9,0,0.00%,10.11%,89,Lâm Đồng,NTB,AM Vũ
NTB - Lâm Đồng,(LDO) 3 Bảo Lộc,Hàng Mới Ca 1,2026-08-20 - Thứ 5,98,100.00%,81.63%,0.00%,10.91,80,0,98,0,18,0,0.00%,18.37%,98,Lâm Đồng,NTB,AM Vũ
NTB - Lâm Đồng,(LDO) 3 Bảo Lộc,Hàng Mới Ca 1,2026-08-30 - Chủ Nhật,107,100.00%,88.79%,0.00%,9.24,95,0,107,0,12,0,0.00%,11.21%,107,Lâm Đồng,NTB,AM Vũ
NTB - Lâm Đồng,(LDO) 3 Bảo Lộc,Hàng Mới Ca 1,2026-08-29 - Thứ 7,95,100.00%,88.42%,0.00%,10.9,84,0,95,0,11,0,0.00%,11.58%,95,Lâm Đồng,NTB,AM Vũ
NTB - Lâm Đồng,(LDO) 3 Bảo Lộc,Hàng Mới Ca 1,2026-08-17 - Thứ 2,84,100.00%,88.10%,0.00%,14.73,74,0,84,0,10,0,0.00%,11.90%,84,Lâm Đồng,NTB,AM Vũ
NTB - Lâm Đồng,(LDO) 3 Bảo Lộc,Hàng Mới Ca 1,2026-08-27 - Thứ 5,79,98.73%,91.14%,0.00%,11.43,72,0,78,0,7,1,1.27%,8.86%,79,Lâm Đồng,NTB,AM Vũ
NTB - Lâm Đồng,(LDO) 3 Bảo Lộc,Hàng Mới Ca 1,2026-08-25 - Thứ 3,91,100.00%,85.71%,0.00%,15.51,78,0,91,0,13,0,0.00%,14.29%,91,Lâm Đồng,NTB,AM Vũ
NTB - Lâm Đồng,(LDO) 3 Bảo Lộc,Hàng Mới Ca 1,2026-08-23 - Chủ Nhật,112,100.00%,90.18%,0.00%,11.49,101,0,112,0,11,0,0.00%,9.82%,112,Lâm Đồng,NTB,AM Vũ
NTB - Lâm Đồng,(LDO) 3 Bảo Lộc,Hàng Mới Ca 1,2026-08-31 - Thứ 2,110,99.09%,81.82%,0.00%,13.6,90,0,109,0,20,1,0.91%,18.18%,110,Lâm Đồng,NTB,AM Vũ
NTB - Lâm Đồng,(LDO) 3 Bảo Lộc,Hàng Mới Ca 1,2026-08-21 - Thứ 6,94,100.00%,88.30%,0.00%,12.1,83,0,94,0,11,0,0.00%,11.70%,94,Lâm Đồng,NTB,AM Vũ
NTB - Lâm Đồng,(LDO) 3 Bảo Lộc,Hàng Mới Ca 1,2026-08-18 - Thứ 3,85,98.82%,94.12%,0.00%,9.28,80,0,84,0,5,1,1.18%,5.88%,85,Lâm Đồng,NTB,AM Vũ
NTB - Lâm Đồng,(LDO) 3 Bảo Lộc,Hàng Mới Ca 1,2026-09-13 - Chủ Nhật,113,95.58%,85.84%,0.00%,9.8,97,0,108,0,16,5,4.42%,14.16%,113,Lâm Đồng,NTB,AM Vũ
NTB - Lâm Đồng,(LDO) 3 Bảo Lộc,Hàng Mới Ca 1,2026-08-22 - Thứ 7,87,100.00%,94.25%,0.00%,8.74,82,0,87,0,5,0,0.00%,5.75%,87,Lâm Đồng,NTB,AM Vũ
NTB - Lâm Đồng,(LDO) 3 Bảo Lộc,Hàng Mới Ca 1,2026-09-09 - Thứ 4,43,100.00%,88.37%,0.00%,7.16,38,0,43,0,5,0,0.00%,11.63%,43,Lâm Đồng,NTB,AM Vũ
NTB - Lâm Đồng,(LDO) 3 Bảo Lộc,Hàng Mới Ca 1,2026-09-10 - Thứ 5,53,100.00%,73.58%,0.00%,6.18,39,0,53,0,14,0,0.00%,26.42%,53,Lâm Đồng,NTB,AM Vũ
NTB - Lâm Đồng,(LDO) 3 Bảo Lộc,Hàng Mới Ca 1,2026-09-11 - Thứ 6,46,100.00%,91.30%,0.00%,11.05,42,0,46,0,4,0,0.00%,8.70%,46,Lâm Đồng,NTB,AM Vũ
NTB - Lâm Đồng,(LDO) 3 Bảo Lộc,Hàng Mới Ca 1,2026-09-02 - Thứ 4,52,100.00%,82.69%,0.00%,13.37,43,0,52,0,9,0,0.00%,17.31%,52,Lâm Đồng,NTB,AM Vũ
NTB - Lâm Đồng,(LDO) 3 Bảo Lộc,Hàng Mới Ca 1,2026-09-07 - Thứ 2,53,96.23%,84.91%,0.00%,6.64,45,0,51,0,8,2,3.77%,15.09%,53,Lâm Đồng,NTB,AM Vũ
NTB - Lâm Đồng,(LDO) 3 Bảo Lộc,Hàng Mới Ca 1,2026-09-12 - Thứ 7,50,100.00%,94.00%,0.00%,7.7,47,0,50,0,3,0,0.00%,6.00%,50,Lâm Đồng,NTB,AM Vũ
NTB - Lâm Đồng,(LDO) 3 Bảo Lộc,Hàng Mới Ca 1,2026-09-03 - Thứ 5,62,100.00%,88.71%,0.00%,13.95,55,0,62,0,7,0,0.00%,11.29%,62,Lâm Đồng,NTB,AM Vũ
NTB - Lâm Đồng,(LDO) 3 Bảo Lộc,Hàng Mới Ca 1,2026-09-04 - Thứ 6,68,100.00%,85.29%,0.00%,10.47,58,0,68,0,10,0,0.00%,14.71%,68,Lâm Đồng,NTB,AM Vũ
NTB - Lâm Đồng,(LDO) 3 Bảo Lộc,Hàng Mới Ca 1,2026-09-06 - Chủ Nhật,78,97.44%,76.92%,0.00%,7.38,60,0,76,0,18,2,2.56%,23.08%,78,Lâm Đồng,NTB,AM Vũ
NTB - Lâm Đồng,(LDO) 3 Bảo Lộc,Hàng Mới Ca 1,2026-08-26 - Thứ 4,66,98.48%,90.91%,1.52%,13.52,60,1,65,1,5,1,1.52%,7.57%,66,Lâm Đồng,NTB,AM Vũ
NTB - Lâm Đồng,(LDO) 3 Bảo Lộc,Hàng Mới Ca 1,2026-08-24 - Thứ 2,69,97.10%,88.41%,0.00%,12.11,61,0,67,0,8,2,2.90%,11.59%,69,Lâm Đồng,NTB,AM Vũ
NTB - Lâm Đồng,(LDO) 3 Bảo Lộc,Hàng Mới Ca 1,2026-09-01 - Thứ 3,65,100.00%,93.85%,0.00%,14.34,61,0,65,0,4,0,0.00%,6.15%,65,Lâm Đồng,NTB,AM Vũ
NTB - Lâm Đồng,(LDO) 3 Bảo Lộc,Hàng Mới Ca 1,2026-09-05 - Thứ 7,76,100.00%,89.47%,0.00%,9.35,68,0,76,0,8,0,0.00%,10.53%,76,Lâm Đồng,NTB,AM Vũ
NTB - Lâm Đồng,(LDO) 3 Bảo Lộc,Hàng Mới Ca 1,2026-08-19 - Thứ 4,84,100.00%,89.29%,0.00%,10.63,75,0,84,0,9,0,0.00%,10.71%,84,Lâm Đồng,NTB,AM Vũ
NTB - Lâm Đồng,(LDO) 3 Bảo Lộc,Hàng Mới Ca 1,2026-08-28 - Thứ 6,88,98.86%,86.36%,0.00%,12.18,76,0,87,0,12,1,1.14%,13.64%,88,Lâm Đồng,NTB,AM Vũ
NTB - Lâm Đồng,(LDO) 3 Bảo Lộc,Hàng Mới Ca 2,2026-09-07 - Thứ 2,16,50.00%,50.00%,0.00%,4.75,8,0,8,0,8,8,50.00%,50.00%,16,Lâm Đồng,NTB,AM Vũ
NTB - Lâm Đồng,(LDO) 3 Bảo Lộc,Hàng Mới Ca 2,2026-08-29 - Thứ 7,33,33.33%,27.27%,0.00%,2,9,0,11,0,24,22,66.67%,72.73%,33,Lâm Đồng,NTB,AM Vũ
NTB - Lâm Đồng,(LDO) 3 Bảo Lộc,Hàng Mới Ca 2,2026-09-12 - Thứ 7,50,26.00%,20.00%,0.00%,3.1,10,0,13,0,40,37,74.00%,80.00%,50,Lâm Đồng,NTB,AM Vũ
NTB - Lâm Đồng,(LDO) 3 Bảo Lộc,Hàng Mới Ca 2,2026-08-21 - Thứ 6,34,47.06%,32.35%,0.00%,4.27,11,0,16,0,23,18,52.94%,67.65%,34,Lâm Đồng,NTB,AM Vũ
NTB - Lâm Đồng,(LDO) 3 Bảo Lộc,Hàng Mới Ca 2,2026-08-28 - Thứ 6,24,54.17%,50.00%,0.00%,3.67,12,0,13,0,12,11,45.83%,50.00%,24,Lâm Đồng,NTB,AM Vũ
NTB - Lâm Đồng,(LDO) 3 Bảo Lộc,Hàng Mới Ca 2,2026-09-03 - Thứ 5,20,65.00%,60.00%,0.00%,2.58,12,0,13,0,8,7,35.00%,40.00%,20,Lâm Đồng,NTB,AM Vũ
NTB - Lâm Đồng,(LDO) 3 Bảo Lộc,Hàng Mới Ca 2,2026-08-31 - Thứ 2,53,33.96%,26.42%,0.00%,4.43,14,0,18,0,39,35,66.04%,73.58%,53,Lâm Đồng,NTB,AM Vũ
NTB - Lâm Đồng,(LDO) 3 Bảo Lộc,Hàng Mới Ca 2,2026-08-19 - Thứ 4,40,40.00%,40.00%,0.00%,4.25,16,0,16,0,24,24,60.00%,60.00%,40,Lâm Đồng,NTB,AM Vũ
NTB - Lâm Đồng,(LDO) 3 Bảo Lộc,Hàng Mới Ca 2,2026-09-13 - Chủ Nhật,56,32.14%,30.36%,0.00%,4.47,17,0,18,0,39,38,67.86%,69.64%,56,Lâm Đồng,NTB,AM Vũ
NTB - Lâm Đồng,(LDO) 3 Bảo Lộc,Hàng Mới Ca 2,2026-09-04 - Thứ 6,36,50.00%,50.00%,0.00%,2.78,18,0,18,0,18,18,50.00%,50.00%,36,Lâm Đồng,NTB,AM Vũ
NTB - Lâm Đồng,(LDO) 3 Bảo Lộc,Hàng Mới Ca 2,2026-08-27 - Thứ 5,42,50.00%,45.24%,0.00%,4.05,19,0,21,0,23,21,50.00%,54.76%,42,Lâm Đồng,NTB,AM Vũ
NTB - Lâm Đồng,(LDO) 3 Bảo Lộc,Hàng Mới Ca 2,2026-09-10 - Thứ 5,59,38.98%,33.90%,0.00%,3.2,20,0,23,0,39,36,61.02%,66.10%,59,Lâm Đồng,NTB,AM Vũ
NTB - Lâm Đồng,(LDO) 3 Bảo Lộc,Hàng Mới Ca 2,2026-08-18 - Thứ 3,36,61.11%,55.56%,0.00%,3.45,20,0,22,0,16,14,38.89%,44.44%,36,Lâm Đồng,NTB,AM Vũ
NTB - Lâm Đồng,(LDO) 3 Bảo Lộc,Hàng Mới Ca 2,2026-08-22 - Thứ 7,41,65.85%,48.78%,0.00%,3.85,20,0,27,0,21,14,34.15%,51.22%,41,Lâm Đồng,NTB,AM Vũ
NTB - Lâm Đồng,(LDO) 3 Bảo Lộc,Hàng Mới Ca 2,2026-09-08 - Thứ 3,56,41.07%,37.50%,0.00%,3.95,21,0,23,0,35,33,58.93%,62.50%,56,Lâm Đồng,NTB,AM Vũ
NTB - Lâm Đồng,(LDO) 3 Bảo Lộc,Hàng Mới Ca 2,2026-08-17 - Thứ 2,34,64.71%,61.76%,0.00%,3.19,21,0,22,0,13,12,35.29%,38.24%,34,Lâm Đồng,NTB,AM Vũ
NTB - Lâm Đồng,(LDO) 3 Bảo Lộc,Hàng Mới Ca 2,2026-09-11 - Thứ 6,55,38.18%,38.18%,0.00%,2.19,21,0,21,0,34,34,61.82%,61.82%,55,Lâm Đồng,NTB,AM Vũ
NTB - Lâm Đồng,(LDO) 3 Bảo Lộc,Hàng Mới Ca 2,2026-08-20 - Thứ 5,48,64.58%,45.83%,0.00%,2.55,22,0,31,0,26,17,35.42%,54.17%,48,Lâm Đồng,NTB,AM Vũ
NTB - Lâm Đồng,(LDO) 3 Bảo Lộc,Hàng Mới Ca 2,2026-09-01 - Thứ 3,44,52.27%,50.00%,0.00%,4.23,22,0,23,0,22,21,47.73%,50.00%,44,Lâm Đồng,NTB,AM Vũ
NTB - Lâm Đồng,(LDO) 3 Bảo Lộc,Hàng Mới Ca 2,2026-08-25 - Thứ 3,44,63.64%,54.55%,0.00%,3.33,24,0,28,0,20,16,36.36%,45.45%,44,Lâm Đồng,NTB,AM Vũ
NTB - Lâm Đồng,(LDO) 3 Bảo Lộc,Hàng Mới Ca 2,2026-08-30 - Chủ Nhật,60,53.33%,46.67%,0.00%,2.36,28,0,32,0,32,28,46.67%,53.33%,60,Lâm Đồng,NTB,AM Vũ
NTB - Lâm Đồng,(LDO) 3 Bảo Lộc,Hàng Mới Ca 2,2026-09-02 - Thứ 4,41,70.73%,68.29%,0.00%,3.54,28,0,29,0,13,12,29.27%,31.71%,41,Lâm Đồng,NTB,AM Vũ
NTB - Lâm Đồng,(LDO) 3 Bảo Lộc,Hàng Mới Ca 2,2026-08-24 - Thứ 2,55,54.55%,50.91%,0.00%,4,28,0,30,0,27,25,45.45%,49.09%,55,Lâm Đồng,NTB,AM Vũ
NTB - Lâm Đồng,(LDO) 3 Bảo Lộc,Hàng Mới Ca 2,2026-09-09 - Thứ 4,86,43.02%,34.88%,0.00%,4.03,30,0,37,0,56,49,56.98%,65.12%,86,Lâm Đồng,NTB,AM Vũ
NTB - Lâm Đồng,(LDO) 3 Bảo Lộc,Hàng Mới Ca 2,2026-08-23 - Chủ Nhật,49,69.39%,65.31%,0.00%,3.69,32,0,34,0,17,15,30.61%,34.69%,49,Lâm Đồng,NTB,AM Vũ
NTB - Lâm Đồng,(LDO) 3 Bảo Lộc,Hàng Mới Ca 2,2026-09-06 - Chủ Nhật,88,45.45%,38.64%,0.00%,6.15,34,0,40,0,54,48,54.55%,61.36%,88,Lâm Đồng,NTB,AM Vũ
NTB - Lâm Đồng,(LDO) 3 Bảo Lộc,Hàng Mới Ca 2,2026-09-05 - Thứ 7,62,58.06%,54.84%,0.00%,3.82,34,0,36,0,28,26,41.94%,45.16%,62,Lâm Đồng,NTB,AM Vũ
NTB - Lâm Đồng,(LDO) 3 Bảo Lộc,Hàng Mới Ca 2,2026-08-26 - Thứ 4,63,63.49%,57.14%,0.00%,3.42,36,0,40,0,27,23,36.51%,42.86%,63,Lâm Đồng,NTB,AM Vũ
NTB - Lâm Đồng,(LDO) 3 Bảo Lộc,Hàng Tồn,2026-09-04 - Thứ 6,33,100.00%,33.33%,6.06%,41.91,11,2,33,2,20,0,0.00%,60.61%,0,Lâm Đồng,NTB,AM Vũ
NTB - Lâm Đồng,(LDO) 3 Bảo Lộc,Hàng Tồn,2026-08-19 - Thứ 4,37,100.00%,43.24%,2.70%,33.81,16,1,37,1,20,0,0.00%,54.06%,0,Lâm Đồng,NTB,AM Vũ
NTB - Lâm Đồng,(LDO) 3 Bảo Lộc,Hàng Tồn,2026-09-08 - Thứ 3,47,97.87%,38.30%,10.64%,42.83,18,5,46,5,24,1,2.13%,51.06%,0,Lâm Đồng,NTB,AM Vũ
NTB - Lâm Đồng,(LDO) 3 Bảo Lộc,Hàng Tồn,2026-08-29 - Thứ 7,34,100.00%,52.94%,8.82%,34.33,18,3,34,3,13,0,0.00%,38.24%,0,Lâm Đồng,NTB,AM Vũ
NTB - Lâm Đồng,(LDO) 3 Bảo Lộc,Hàng Tồn,2026-09-03 - Thứ 5,43,100.00%,41.86%,9.30%,35.67,18,4,43,4,21,0,0.00%,48.84%,0,Lâm Đồng,NTB,AM Vũ
NTB - Lâm Đồng,(LDO) 3 Bảo Lộc,Hàng Tồn,2026-08-18 - Thứ 3,41,100.00%,51.22%,4.88%,42.14,21,2,41,2,18,0,0.00%,43.90%,0,Lâm Đồng,NTB,AM Vũ
NTB - Lâm Đồng,(LDO) 3 Bảo Lộc,Hàng Tồn,2026-09-05 - Thứ 7,40,100.00%,55.00%,10.00%,30.59,22,4,40,4,14,0,0.00%,35.00%,0,Lâm Đồng,NTB,AM Vũ
NTB - Lâm Đồng,(LDO) 3 Bảo Lộc,Hàng Tồn,2026-09-02 - Thứ 4,48,97.92%,47.92%,6.25%,36.43,23,3,47,3,22,1,2.08%,45.83%,0,Lâm Đồng,NTB,AM Vũ
NTB - Lâm Đồng,(LDO) 3 Bảo Lộc,Hàng Tồn,2026-08-24 - Thứ 2,44,97.73%,54.55%,9.09%,34.58,24,4,43,4,16,1,2.27%,36.36%,0,Lâm Đồng,NTB,AM Vũ
NTB - Lâm Đồng,(LDO) 3 Bảo Lộc,Hàng Tồn,2026-08-25 - Thứ 3,42,100.00%,61.90%,0.00%,31,26,0,42,0,16,0,0.00%,38.10%,0,Lâm Đồng,NTB,AM Vũ
NTB - Lâm Đồng,(LDO) 3 Bảo Lộc,Hàng Tồn,2026-08-23 - Chủ Nhật,49,100.00%,53.06%,12.24%,38.5,26,6,49,6,17,0,0.00%,34.70%,0,Lâm Đồng,NTB,AM Vũ
NTB - Lâm Đồng,(LDO) 3 Bảo Lộc,Hàng Tồn,2026-08-26 - Thứ 4,45,100.00%,57.78%,8.89%,40.04,26,4,45,4,15,0,0.00%,33.33%,0,Lâm Đồng,NTB,AM Vũ
NTB - Lâm Đồng,(LDO) 3 Bảo Lộc,Hàng Tồn,2026-08-22 - Thứ 7,58,100.00%,44.83%,6.90%,38.46,26,4,58,4,28,0,0.00%,48.27%,0,Lâm Đồng,NTB,AM Vũ
NTB - Lâm Đồng,(LDO) 3 Bảo Lộc,Hàng Tồn,2026-08-21 - Thứ 6,53,100.00%,52.83%,3.77%,31.79,28,2,53,2,23,0,0.00%,43.40%,0,Lâm Đồng,NTB,AM Vũ
NTB - Lâm Đồng,(LDO) 3 Bảo Lộc,Hàng Tồn,2026-08-30 - Chủ Nhật,42,100.00%,69.05%,2.38%,26.45,29,1,42,1,12,0,0.00%,28.57%,0,Lâm Đồng,NTB,AM Vũ
NTB - Lâm Đồng,(LDO) 3 Bảo Lộc,Hàng Tồn,2026-08-28 - Thứ 6,44,97.73%,65.91%,2.27%,32.31,29,1,43,1,14,1,2.27%,31.82%,0,Lâm Đồng,NTB,AM Vũ
NTB - Lâm Đồng,(LDO) 3 Bảo Lộc,Hàng Tồn,2026-08-27 - Thứ 5,43,100.00%,69.77%,2.33%,34.27,30,1,43,1,12,0,0.00%,27.90%,0,Lâm Đồng,NTB,AM Vũ
NTB - Lâm Đồng,(LDO) 3 Bảo Lộc,Hàng Tồn,2026-08-20 - Thứ 5,49,100.00%,63.27%,6.12%,42.55,31,3,49,3,15,0,0.00%,30.61%,0,Lâm Đồng,NTB,AM Vũ
NTB - Lâm Đồng,(LDO) 3 Bảo Lộc,Hàng Tồn,2026-08-17 - Thứ 2,62,100.00%,54.84%,8.06%,31.65,34,5,62,5,23,0,0.00%,37.10%,0,Lâm Đồng,NTB,AM Vũ
NTB - Lâm Đồng,(LDO) 3 Bảo Lộc,Hàng Tồn,2026-09-13 - Chủ Nhật,55,98.18%,61.82%,3.64%,34.76,34,2,54,2,19,1,1.82%,34.54%,0,Lâm Đồng,NTB,AM Vũ
NTB - Lâm Đồng,(LDO) 3 Bảo Lộc,Hàng Tồn,2026-08-31 - Thứ 2,53,98.11%,67.92%,1.89%,29.11,36,1,52,1,16,1,1.89%,30.19%,0,Lâm Đồng,NTB,AM Vũ
NTB - Lâm Đồng,(LDO) 3 Bảo Lộc,Hàng Tồn,2026-09-12 - Thứ 7,61,100.00%,65.57%,3.28%,28.1,40,2,61,2,19,0,0.00%,31.15%,0,Lâm Đồng,NTB,AM Vũ
NTB - Lâm Đồng,(LDO) 3 Bảo Lộc,Hàng Tồn,2026-09-09 - Thứ 4,63,98.41%,65.08%,6.35%,32.88,41,4,62,4,18,1,1.59%,28.57%,0,Lâm Đồng,NTB,AM Vũ
NTB - Lâm Đồng,(LDO) 3 Bảo Lộc,Hàng Tồn,2026-09-10 - Thứ 5,77,97.40%,61.04%,3.90%,29.96,47,3,75,3,27,2,2.60%,35.06%,0,Lâm Đồng,NTB,AM Vũ
NTB - Lâm Đồng,(LDO) 3 Bảo Lộc,Hàng Tồn,2026-09-11 - Thứ 6,76,98.68%,63.16%,1.32%,32.29,48,1,75,1,27,1,1.32%,35.52%,0,Lâm Đồng,NTB,AM Vũ
NTB - Lâm Đồng,(LDO) 3 Bảo Lộc,Hàng Tồn,2026-09-06 - Chủ Nhật,84,100.00%,61.90%,5.95%,30.15,52,5,84,5,27,0,0.00%,32.15%,0,Lâm Đồng,NTB,AM Vũ
NTB - Lâm Đồng,(LDO) 3 Bảo Lộc,Hàng Tồn,2026-09-01 - Thứ 3,77,97.40%,71.43%,0.00%,36.89,55,0,75,0,22,2,2.60%,28.57%,0,Lâm Đồng,NTB,AM Vũ
NTB - Lâm Đồng,(LDO) 3 Bảo Lộc,Hàng Tồn,2026-09-07 - Thứ 2,96,97.92%,61.46%,0.00%,29.54,59,0,94,0,37,2,2.08%,38.54%,0,Lâm Đồng,NTB,AM Vũ
NTB - Lâm Đồng,(LDO) 1 Bảo Lộc,Hàng Mới Ca 1,2026-08-20 - Thứ 5,104,100.00%,87.50%,0.00%,12.1,91,0,104,0,13,0,0.00%,12.50%,104,Lâm Đồng,NTB,AM Nga
NTB - Lâm Đồng,(LDO) 1 Bảo Lộc,Hàng Mới Ca 1,2026-08-30 - Chủ Nhật,100,100.00%,89.00%,0.00%,12.06,89,0,100,0,11,0,0.00%,11.00%,100,Lâm Đồng,NTB,AM Nga
NTB - Lâm Đồng,(LDO) 1 Bảo Lộc,Hàng Mới Ca 1,2026-08-19 - Thứ 4,91,100.00%,91.21%,0.00%,10.8,83,0,91,0,8,0,0.00%,8.79%,91,Lâm Đồng,NTB,AM Nga
NTB - Lâm Đồng,(LDO) 1 Bảo Lộc,Hàng Mới Ca 1,2026-08-23 - Chủ Nhật,119,96.64%,82.35%,0.00%,11.71,98,0,115,0,21,4,3.36%,17.65%,119,Lâm Đồng,NTB,AM Nga
NTB - Lâm Đồng,(LDO) 1 Bảo Lộc,Hàng Mới Ca 1,2026-08-31 - Thứ 2,99,100.00%,82.83%,0.00%,11.46,82,0,99,0,17,0,0.00%,17.17%,99,Lâm Đồng,NTB,AM Nga
NTB - Lâm Đồng,(LDO) 1 Bảo Lộc,Hàng Mới Ca 1,2026-08-21 - Thứ 6,107,100.00%,87.85%,0.00%,12.31,94,0,107,0,13,0,0.00%,12.15%,107,Lâm Đồng,NTB,AM Nga
NTB - Lâm Đồng,(LDO) 1 Bảo Lộc,Hàng Mới Ca 1,2026-08-18 - Thứ 3,79,100.00%,93.67%,0.00%,12.28,74,0,79,0,5,0,0.00%,6.33%,79,Lâm Đồng,NTB,AM Nga
NTB - Lâm Đồng,(LDO) 1 Bảo Lộc,Hàng Mới Ca 1,2026-09-09 - Thứ 4,40,97.50%,82.50%,0.00%,5.18,33,0,39,0,7,1,2.50%,17.50%,40,Lâm Đồng,NTB,AM Nga
NTB - Lâm Đồng,(LDO) 1 Bảo Lộc,Hàng Mới Ca 1,2026-09-12 - Thứ 7,41,100.00%,82.93%,0.00%,6.59,34,0,41,0,7,0,0.00%,17.07%,41,Lâm Đồng,NTB,AM Nga
NTB - Lâm Đồng,(LDO) 1 Bảo Lộc,Hàng Mới Ca 1,2026-09-07 - Thứ 2,48,100.00%,85.42%,0.00%,6.56,41,0,48,0,7,0,0.00%,14.58%,48,Lâm Đồng,NTB,AM Nga
NTB - Lâm Đồng,(LDO) 1 Bảo Lộc,Hàng Mới Ca 1,2026-09-03 - Thứ 5,52,100.00%,84.62%,0.00%,13.61,44,0,52,0,8,0,0.00%,15.38%,52,Lâm Đồng,NTB,AM Nga
NTB - Lâm Đồng,(LDO) 1 Bảo Lộc,Hàng Mới Ca 1,2026-09-02 - Thứ 4,58,98.28%,86.21%,0.00%,17.44,50,0,57,0,8,1,1.72%,13.79%,58,Lâm Đồng,NTB,AM Nga
NTB - Lâm Đồng,(LDO) 1 Bảo Lộc,Hàng Mới Ca 1,2026-09-11 - Thứ 6,60,98.33%,83.33%,0.00%,6.64,50,0,59,0,10,1,1.67%,16.67%,60,Lâm Đồng,NTB,AM Nga
NTB - Lâm Đồng,(LDO) 1 Bảo Lộc,Hàng Mới Ca 1,2026-08-17 - Thứ 2,62,96.77%,82.26%,0.00%,14.2,51,0,60,0,11,2,3.23%,17.74%,62,Lâm Đồng,NTB,AM Nga
NTB - Lâm Đồng,(LDO) 1 Bảo Lộc,Hàng Mới Ca 1,2026-09-10 - Thứ 5,60,100.00%,93.33%,0.00%,6.77,56,0,60,0,4,0,0.00%,6.67%,60,Lâm Đồng,NTB,AM Nga
NTB - Lâm Đồng,(LDO) 1 Bảo Lộc,Hàng Mới Ca 1,2026-09-01 - Thứ 3,61,100.00%,96.72%,0.00%,14.03,59,0,61,0,2,0,0.00%,3.28%,61,Lâm Đồng,NTB,AM Nga
NTB - Lâm Đồng,(LDO) 1 Bảo Lộc,Hàng Mới Ca 1,2026-09-05 - Thứ 7,71,100.00%,87.32%,0.00%,12,62,0,71,0,9,0,0.00%,12.68%,71,Lâm Đồng,NTB,AM Nga
NTB - Lâm Đồng,(LDO) 1 Bảo Lộc,Hàng Mới Ca 1,2026-09-06 - Chủ Nhật,75,98.67%,84.00%,0.00%,8.06,63,0,74,0,12,1,1.33%,16.00%,75,Lâm Đồng,NTB,AM Nga
NTB - Lâm Đồng,(LDO) 1 Bảo Lộc,Hàng Mới Ca 1,2026-08-24 - Thứ 2,68,100.00%,94.12%,0.00%,14.77,64,0,68,0,4,0,0.00%,5.88%,68,Lâm Đồng,NTB,AM Nga
NTB - Lâm Đồng,(LDO) 1 Bảo Lộc,Hàng Mới Ca 1,2026-08-22 - Thứ 7,78,97.44%,83.33%,0.00%,10.28,65,0,76,0,13,2,2.56%,16.67%,78,Lâm Đồng,NTB,AM Nga
NTB - Lâm Đồng,(LDO) 1 Bảo Lộc,Hàng Mới Ca 1,2026-08-26 - Thứ 4,73,98.63%,90.41%,0.00%,13.17,66,0,72,0,7,1,1.37%,9.59%,73,Lâm Đồng,NTB,AM Nga
NTB - Lâm Đồng,(LDO) 1 Bảo Lộc,Hàng Mới Ca 1,2026-09-08 - Thứ 3,82,100.00%,82.93%,0.00%,7.49,68,0,82,0,14,0,0.00%,17.07%,82,Lâm Đồng,NTB,AM Nga
NTB - Lâm Đồng,(LDO) 1 Bảo Lộc,Hàng Mới Ca 1,2026-09-13 - Chủ Nhật,78,100.00%,88.46%,0.00%,7.62,69,0,78,0,9,0,0.00%,11.54%,78,Lâm Đồng,NTB,AM Nga
NTB - Lâm Đồng,(LDO) 1 Bảo Lộc,Hàng Mới Ca 1,2026-09-04 - Thứ 6,80,98.75%,88.75%,0.00%,12.63,71,0,79,0,9,1,1.25%,11.25%,80,Lâm Đồng,NTB,AM Nga
NTB - Lâm Đồng,(LDO) 1 Bảo Lộc,Hàng Mới Ca 1,2026-08-25 - Thứ 3,77,100.00%,92.21%,0.00%,14.49,71,0,77,0,6,0,0.00%,7.79%,77,Lâm Đồng,NTB,AM Nga
NTB - Lâm Đồng,(LDO) 1 Bảo Lộc,Hàng Mới Ca 1,2026-08-28 - Thứ 6,89,100.00%,84.27%,0.00%,16.8,75,0,89,0,14,0,0.00%,15.73%,89,Lâm Đồng,NTB,AM Nga
NTB - Lâm Đồng,(LDO) 1 Bảo Lộc,Hàng Mới Ca 1,2026-08-29 - Thứ 7,102,100.00%,83.33%,0.00%,10.14,85,0,102,0,17,0,0.00%,16.67%,102,Lâm Đồng,NTB,AM Nga
NTB - Lâm Đồng,(LDO) 1 Bảo Lộc,Hàng Mới Ca 1,2026-08-27 - Thứ 5,96,100.00%,88.54%,0.00%,13.48,85,0,96,0,11,0,0.00%,11.46%,96,Lâm Đồng,NTB,AM Nga
NTB - Lâm Đồng,(LDO) 1 Bảo Lộc,Hàng Mới Ca 2,2026-09-07 - Thứ 2,13,15.38%,15.38%,0.00%,2,2,0,2,0,11,11,84.62%,84.62%,13,Lâm Đồng,NTB,AM Nga
NTB - Lâm Đồng,(LDO) 1 Bảo Lộc,Hàng Mới Ca 2,2026-08-28 - Thứ 6,17,23.53%,23.53%,0.00%,2.25,4,0,4,0,13,13,76.47%,76.47%,17,Lâm Đồng,NTB,AM Nga
NTB - Lâm Đồng,(LDO) 1 Bảo Lộc,Hàng Mới Ca 2,2026-09-02 - Thứ 4,36,16.67%,13.89%,0.00%,3,5,0,6,0,31,30,83.33%,86.11%,36,Lâm Đồng,NTB,AM Nga
NTB - Lâm Đồng,(LDO) 1 Bảo Lộc,Hàng Mới Ca 2,2026-09-03 - Thứ 5,23,30.43%,26.09%,0.00%,5.33,6,0,7,0,17,16,69.57%,73.91%,23,Lâm Đồng,NTB,AM Nga
NTB - Lâm Đồng,(LDO) 1 Bảo Lộc,Hàng Mới Ca 2,2026-08-29 - Thứ 7,13,69.23%,61.54%,0.00%,1.5,8,0,9,0,5,4,30.77%,38.46%,13,Lâm Đồng,NTB,AM Nga
NTB - Lâm Đồng,(LDO) 1 Bảo Lộc,Hàng Mới Ca 2,2026-08-31 - Thứ 2,33,30.30%,24.24%,0.00%,2.25,8,0,10,0,25,23,69.70%,75.76%,33,Lâm Đồng,NTB,AM Nga
NTB - Lâm Đồng,(LDO) 1 Bảo Lộc,Hàng Mới Ca 2,2026-09-04 - Thứ 6,19,63.16%,52.63%,0.00%,2.7,10,0,12,0,9,7,36.84%,47.37%,19,Lâm Đồng,NTB,AM Nga
NTB - Lâm Đồng,(LDO) 1 Bảo Lộc,Hàng Mới Ca 2,2026-09-11 - Thứ 6,37,35.14%,29.73%,0.00%,3.36,11,0,13,0,26,24,64.86%,70.27%,37,Lâm Đồng,NTB,AM Nga
NTB - Lâm Đồng,(LDO) 1 Bảo Lộc,Hàng Mới Ca 2,2026-09-12 - Thứ 7,42,30.95%,28.57%,0.00%,2.42,12,0,13,0,30,29,69.05%,71.43%,42,Lâm Đồng,NTB,AM Nga
NTB - Lâm Đồng,(LDO) 1 Bảo Lộc,Hàng Mới Ca 2,2026-08-20 - Thứ 5,34,47.06%,38.24%,0.00%,2.38,13,0,16,0,21,18,52.94%,61.76%,34,Lâm Đồng,NTB,AM Nga
NTB - Lâm Đồng,(LDO) 1 Bảo Lộc,Hàng Mới Ca 2,2026-09-06 - Chủ Nhật,86,19.77%,17.44%,0.00%,3.6,15,0,17,0,71,69,80.23%,82.56%,86,Lâm Đồng,NTB,AM Nga
NTB - Lâm Đồng,(LDO) 1 Bảo Lộc,Hàng Mới Ca 2,2026-08-30 - Chủ Nhật,31,61.29%,54.84%,0.00%,2.47,17,0,19,0,14,12,38.71%,45.16%,31,Lâm Đồng,NTB,AM Nga
NTB - Lâm Đồng,(LDO) 1 Bảo Lộc,Hàng Mới Ca 2,2026-08-21 - Thứ 6,29,65.52%,62.07%,0.00%,3.17,18,0,19,0,11,10,34.48%,37.93%,29,Lâm Đồng,NTB,AM Nga
NTB - Lâm Đồng,(LDO) 1 Bảo Lộc,Hàng Mới Ca 2,2026-09-10 - Thứ 5,85,27.06%,22.35%,0.00%,4,19,0,23,0,66,62,72.94%,77.65%,85,Lâm Đồng,NTB,AM Nga
NTB - Lâm Đồng,(LDO) 1 Bảo Lộc,Hàng Mới Ca 2,2026-08-18 - Thứ 3,37,51.35%,51.35%,0.00%,2.42,19,0,19,0,18,18,48.65%,48.65%,37,Lâm Đồng,NTB,AM Nga
NTB - Lâm Đồng,(LDO) 1 Bảo Lộc,Hàng Mới Ca 2,2026-08-22 - Thứ 7,48,47.92%,39.58%,0.00%,2.74,19,0,23,0,29,25,52.08%,60.42%,48,Lâm Đồng,NTB,AM Nga
NTB - Lâm Đồng,(LDO) 1 Bảo Lộc,Hàng Mới Ca 2,2026-09-08 - Thứ 3,67,29.85%,29.85%,0.00%,5.35,20,0,20,0,47,47,70.15%,70.15%,67,Lâm Đồng,NTB,AM Nga
NTB - Lâm Đồng,(LDO) 1 Bảo Lộc,Hàng Mới Ca 2,2026-09-13 - Chủ Nhật,61,34.43%,32.79%,0.00%,3.75,20,0,21,0,41,40,65.57%,67.21%,61,Lâm Đồng,NTB,AM Nga
NTB - Lâm Đồng,(LDO) 1 Bảo Lộc,Hàng Mới Ca 2,2026-08-24 - Thứ 2,40,65.00%,52.50%,0.00%,3.76,21,0,26,0,19,14,35.00%,47.50%,40,Lâm Đồng,NTB,AM Nga
NTB - Lâm Đồng,(LDO) 1 Bảo Lộc,Hàng Mới Ca 2,2026-08-19 - Thứ 4,43,53.49%,51.16%,0.00%,3.86,22,0,23,0,21,20,46.51%,48.84%,43,Lâm Đồng,NTB,AM Nga
NTB - Lâm Đồng,(LDO) 1 Bảo Lộc,Hàng Mới Ca 2,2026-08-17 - Thứ 2,30,90.00%,76.67%,0.00%,3.35,23,0,27,0,7,3,10.00%,23.33%,30,Lâm Đồng,NTB,AM Nga
NTB - Lâm Đồng,(LDO) 1 Bảo Lộc,Hàng Mới Ca 2,2026-08-25 - Thứ 3,47,57.45%,48.94%,0.00%,2.74,23,0,27,0,24,20,42.55%,51.06%,47,Lâm Đồng,NTB,AM Nga
NTB - Lâm Đồng,(LDO) 1 Bảo Lộc,Hàng Mới Ca 2,2026-09-05 - Thứ 7,44,61.36%,56.82%,0.00%,3.28,25,0,27,0,19,17,38.64%,43.18%,44,Lâm Đồng,NTB,AM Nga
NTB - Lâm Đồng,(LDO) 1 Bảo Lộc,Hàng Mới Ca 2,2026-08-26 - Thứ 4,41,78.05%,65.85%,0.00%,2.81,27,0,32,0,14,9,21.95%,34.15%,41,Lâm Đồng,NTB,AM Nga
NTB - Lâm Đồng,(LDO) 1 Bảo Lộc,Hàng Mới Ca 2,2026-09-01 - Thứ 3,58,51.72%,48.28%,0.00%,3.75,28,0,30,0,30,28,48.28%,51.72%,58,Lâm Đồng,NTB,AM Nga
NTB - Lâm Đồng,(LDO) 1 Bảo Lộc,Hàng Mới Ca 2,2026-09-09 - Thứ 4,106,42.45%,34.91%,0.00%,3.46,37,0,45,0,69,61,57.55%,65.09%,106,Lâm Đồng,NTB,AM Nga
NTB - Lâm Đồng,(LDO) 1 Bảo Lộc,Hàng Mới Ca 2,2026-08-23 - Chủ Nhật,59,64.41%,64.41%,0.00%,3.32,38,0,38,0,21,21,35.59%,35.59%,59,Lâm Đồng,NTB,AM Nga
NTB - Lâm Đồng,(LDO) 1 Bảo Lộc,Hàng Mới Ca 2,2026-08-27 - Thứ 5,50,78.00%,78.00%,0.00%,3.51,39,0,39,0,11,11,22.00%,22.00%,50,Lâm Đồng,NTB,AM Nga
NTB - Lâm Đồng,(LDO) 1 Bảo Lộc,Hàng Tồn,2026-08-27 - Thứ 5,40,100.00%,30.00%,7.50%,27.67,12,3,40,3,25,0,0.00%,62.50%,0,Lâm Đồng,NTB,AM Nga
NTB - Lâm Đồng,(LDO) 1 Bảo Lộc,Hàng Tồn,2026-09-05 - Thứ 7,24,95.83%,50.00%,0.00%,36.17,12,0,23,0,12,1,4.17%,50.00%,0,Lâm Đồng,NTB,AM Nga
NTB - Lâm Đồng,(LDO) 1 Bảo Lộc,Hàng Tồn,2026-08-18 - Thứ 3,32,96.88%,40.63%,6.25%,49.92,13,2,31,2,17,1,3.12%,53.12%,0,Lâm Đồng,NTB,AM Nga
NTB - Lâm Đồng,(LDO) 1 Bảo Lộc,Hàng Tồn,2026-08-29 - Thứ 7,41,100.00%,41.46%,9.76%,44.53,17,4,41,4,20,0,0.00%,48.78%,0,Lâm Đồng,NTB,AM Nga
NTB - Lâm Đồng,(LDO) 1 Bảo Lộc,Hàng Tồn,2026-08-19 - Thứ 4,36,94.44%,50.00%,2.78%,29.17,18,1,34,1,17,2,5.56%,47.22%,0,Lâm Đồng,NTB,AM Nga
NTB - Lâm Đồng,(LDO) 1 Bảo Lộc,Hàng Tồn,2026-08-31 - Thứ 2,36,100.00%,50.00%,5.56%,32.44,18,2,36,2,16,0,0.00%,44.44%,0,Lâm Đồng,NTB,AM Nga
NTB - Lâm Đồng,(LDO) 1 Bảo Lộc,Hàng Tồn,2026-08-30 - Chủ Nhật,39,100.00%,51.28%,7.69%,46.45,20,3,39,3,16,0,0.00%,41.03%,0,Lâm Đồng,NTB,AM Nga
NTB - Lâm Đồng,(LDO) 1 Bảo Lộc,Hàng Tồn,2026-08-28 - Thứ 6,44,100.00%,45.45%,4.55%,42.25,20,2,44,2,22,0,0.00%,50.00%,0,Lâm Đồng,NTB,AM Nga
NTB - Lâm Đồng,(LDO) 1 Bảo Lộc,Hàng Tồn,2026-08-20 - Thứ 5,43,97.67%,53.49%,11.63%,30.61,23,5,42,5,15,1,2.33%,34.88%,0,Lâm Đồng,NTB,AM Nga
NTB - Lâm Đồng,(LDO) 1 Bảo Lộc,Hàng Tồn,2026-08-26 - Thứ 4,50,100.00%,48.00%,12.00%,43.13,24,6,50,6,20,0,0.00%,40.00%,0,Lâm Đồng,NTB,AM Nga
NTB - Lâm Đồng,(LDO) 1 Bảo Lộc,Hàng Tồn,2026-08-22 - Thứ 7,37,100.00%,64.86%,2.70%,45.63,24,1,37,1,12,0,0.00%,32.44%,0,Lâm Đồng,NTB,AM Nga
NTB - Lâm Đồng,(LDO) 1 Bảo Lộc,Hàng Tồn,2026-08-25 - Thứ 3,47,100.00%,53.19%,0.00%,36.36,25,0,47,0,22,0,0.00%,46.81%,0,Lâm Đồng,NTB,AM Nga
NTB - Lâm Đồng,(LDO) 1 Bảo Lộc,Hàng Tồn,2026-09-04 - Thứ 6,38,97.37%,71.05%,2.63%,42.15,27,1,37,1,10,1,2.63%,26.32%,0,Lâm Đồng,NTB,AM Nga
NTB - Lâm Đồng,(LDO) 1 Bảo Lộc,Hàng Tồn,2026-09-08 - Thứ 3,49,97.96%,57.14%,6.12%,43.86,28,3,48,3,18,1,2.04%,36.74%,0,Lâm Đồng,NTB,AM Nga
NTB - Lâm Đồng,(LDO) 1 Bảo Lộc,Hàng Tồn,2026-09-02 - Thứ 4,43,100.00%,65.12%,11.63%,33.89,28,5,43,5,10,0,0.00%,23.25%,0,Lâm Đồng,NTB,AM Nga
NTB - Lâm Đồng,(LDO) 1 Bảo Lộc,Hàng Tồn,2026-08-23 - Chủ Nhật,52,100.00%,53.85%,0.00%,38.54,28,0,52,0,24,0,0.00%,46.15%,0,Lâm Đồng,NTB,AM Nga
NTB - Lâm Đồng,(LDO) 1 Bảo Lộc,Hàng Tồn,2026-08-17 - Thứ 2,50,100.00%,60.00%,4.00%,36.2,30,2,50,2,18,0,0.00%,36.00%,0,Lâm Đồng,NTB,AM Nga
NTB - Lâm Đồng,(LDO) 1 Bảo Lộc,Hàng Tồn,2026-08-21 - Thứ 6,48,100.00%,64.58%,4.17%,40.26,31,2,48,2,15,0,0.00%,31.25%,0,Lâm Đồng,NTB,AM Nga
NTB - Lâm Đồng,(LDO) 1 Bảo Lộc,Hàng Tồn,2026-09-03 - Thứ 5,51,98.04%,68.63%,1.96%,35.26,35,1,50,1,15,1,1.96%,29.41%,0,Lâm Đồng,NTB,AM Nga
NTB - Lâm Đồng,(LDO) 1 Bảo Lộc,Hàng Tồn,2026-09-13 - Chủ Nhật,62,100.00%,58.06%,4.84%,35.67,36,3,62,3,23,0,0.00%,37.10%,0,Lâm Đồng,NTB,AM Nga
NTB - Lâm Đồng,(LDO) 1 Bảo Lộc,Hàng Tồn,2026-08-24 - Thứ 2,66,95.45%,54.55%,3.03%,33.72,36,2,63,2,28,3,4.55%,42.42%,0,Lâm Đồng,NTB,AM Nga
NTB - Lâm Đồng,(LDO) 1 Bảo Lộc,Hàng Tồn,2026-09-01 - Thứ 3,53,100.00%,69.81%,0.00%,35.24,37,0,53,0,16,0,0.00%,30.19%,0,Lâm Đồng,NTB,AM Nga
NTB - Lâm Đồng,(LDO) 1 Bảo Lộc,Hàng Tồn,2026-09-12 - Thứ 7,68,97.06%,55.88%,5.88%,34.37,38,4,66,4,26,2,2.94%,38.24%,0,Lâm Đồng,NTB,AM Nga
NTB - Lâm Đồng,(LDO) 1 Bảo Lộc,Hàng Tồn,2026-09-06 - Chủ Nhật,79,97.47%,60.76%,2.53%,31.33,48,2,77,2,29,2,2.53%,36.71%,0,Lâm Đồng,NTB,AM Nga
NTB - Lâm Đồng,(LDO) 1 Bảo Lộc,Hàng Tồn,2026-09-09 - Thứ 4,75,100.00%,65.33%,2.67%,29.37,49,2,75,2,24,0,0.00%,32.00%,0,Lâm Đồng,NTB,AM Nga
NTB - Lâm Đồng,(LDO) 1 Bảo Lộc,Hàng Tồn,2026-09-11 - Thứ 6,96,100.00%,65.63%,0.00%,32.37,63,0,96,0,33,0,0.00%,34.37%,0,Lâm Đồng,NTB,AM Nga
NTB - Lâm Đồng,(LDO) 1 Bảo Lộc,Hàng Tồn,2026-09-10 - Thứ 5,100,98.00%,66.00%,6.00%,30.11,66,6,98,6,28,2,2.00%,28.00%,0,Lâm Đồng,NTB,AM Nga
NTB - Lâm Đồng,(LDO) 1 Bảo Lộc,Hàng Tồn,2026-09-07 - Thứ 2,112,97.32%,68.75%,0.00%,31.7,77,0,109,0,35,3,2.68%,31.25%,0,Lâm Đồng,NTB,AM Nga
NTB - Khánh Hòa,(KHO) Đông Ninh Hòa,Hàng Mới Ca 1,2026-08-30 - Chủ Nhật,90,97.78%,74.44%,0.00%,8.18,67,0,88,0,23,2,2.22%,25.56%,90,Khánh Hòa,NTB,AM Duy
NTB - Khánh Hòa,(KHO) Đông Ninh Hòa,Hàng Mới Ca 1,2026-09-06 - Chủ Nhật,102,99.02%,70.59%,0.00%,9.68,72,0,101,0,30,1,0.98%,29.41%,102,Khánh Hòa,NTB,AM Duy
NTB - Khánh Hòa,(KHO) Đông Ninh Hòa,Hàng Mới Ca 1,2026-08-19 - Thứ 4,93,98.92%,84.95%,0.00%,6.08,79,0,92,0,14,1,1.08%,15.05%,93,Khánh Hòa,NTB,AM Duy
NTB - Khánh Hòa,(KHO) Đông Ninh Hòa,Hàng Mới Ca 1,2026-08-29 - Thứ 7,97,100.00%,83.51%,0.00%,9.19,81,0,97,0,16,0,0.00%,16.49%,97,Khánh Hòa,NTB,AM Duy
NTB - Khánh Hòa,(KHO) Đông Ninh Hòa,Hàng Mới Ca 1,2026-08-17 - Thứ 2,102,100.00%,78.43%,0.00%,8.24,80,0,102,0,22,0,0.00%,21.57%,102,Khánh Hòa,NTB,AM Duy
NTB - Khánh Hòa,(KHO) Đông Ninh Hòa,Hàng Mới Ca 1,2026-09-10 - Thứ 5,104,97.12%,82.69%,0.00%,12.02,86,0,101,0,18,3,2.88%,17.31%,104,Khánh Hòa,NTB,AM Duy
NTB - Khánh Hòa,(KHO) Đông Ninh Hòa,Hàng Mới Ca 1,2026-08-23 - Chủ Nhật,116,93.97%,78.45%,0.00%,6.64,91,0,109,0,25,7,6.03%,21.55%,116,Khánh Hòa,NTB,AM Duy
NTB - Khánh Hòa,(KHO) Đông Ninh Hòa,Hàng Mới Ca 1,2026-09-05 - Thứ 7,80,98.75%,83.75%,0.00%,7.82,67,0,79,0,13,1,1.25%,16.25%,80,Khánh Hòa,NTB,AM Duy
NTB - Khánh Hòa,(KHO) Đông Ninh Hòa,Hàng Mới Ca 1,2026-08-28 - Thứ 6,114,98.25%,81.58%,0.00%,10.35,93,0,112,0,21,2,1.75%,18.42%,114,Khánh Hòa,NTB,AM Duy
NTB - Khánh Hòa,(KHO) Đông Ninh Hòa,Hàng Mới Ca 1,2026-08-26 - Thứ 4,119,97.48%,83.19%,0.00%,6.58,99,0,116,0,20,3,2.52%,16.81%,119,Khánh Hòa,NTB,AM Duy
NTB - Khánh Hòa,(KHO) Đông Ninh Hòa,Hàng Mới Ca 1,2026-08-22 - Thứ 7,97,95.88%,81.44%,0.00%,6.06,79,0,93,0,18,4,4.12%,18.56%,97,Khánh Hòa,NTB,AM Duy
NTB - Khánh Hòa,(KHO) Đông Ninh Hòa,Hàng Mới Ca 1,2026-09-03 - Thứ 5,41,100.00%,65.85%,0.00%,5.7,27,0,41,0,14,0,0.00%,34.15%,41,Khánh Hòa,NTB,AM Duy
NTB - Khánh Hòa,(KHO) Đông Ninh Hòa,Hàng Mới Ca 1,2026-09-04 - Thứ 6,44,100.00%,75.00%,0.00%,5.48,33,0,44,0,11,0,0.00%,25.00%,44,Khánh Hòa,NTB,AM Duy
NTB - Khánh Hòa,(KHO) Đông Ninh Hòa,Hàng Mới Ca 1,2026-08-25 - Thứ 3,40,100.00%,87.50%,0.00%,6.06,35,0,40,0,5,0,0.00%,12.50%,40,Khánh Hòa,NTB,AM Duy
NTB - Khánh Hòa,(KHO) Đông Ninh Hòa,Hàng Mới Ca 1,2026-09-08 - Thứ 3,58,100.00%,79.31%,0.00%,6.87,46,0,58,0,12,0,0.00%,20.69%,58,Khánh Hòa,NTB,AM Duy
NTB - Khánh Hòa,(KHO) Đông Ninh Hòa,Hàng Mới Ca 1,2026-08-18 - Thứ 3,57,100.00%,84.21%,0.00%,6.35,48,0,57,0,9,0,0.00%,15.79%,57,Khánh Hòa,NTB,AM Duy
NTB - Khánh Hòa,(KHO) Đông Ninh Hòa,Hàng Mới Ca 1,2026-09-01 - Thứ 3,53,100.00%,90.57%,0.00%,7.13,48,0,53,0,5,0,0.00%,9.43%,53,Khánh Hòa,NTB,AM Duy
NTB - Khánh Hòa,(KHO) Đông Ninh Hòa,Hàng Mới Ca 1,2026-09-11 - Thứ 6,65,100.00%,81.54%,0.00%,6.55,53,0,65,0,12,0,0.00%,18.46%,65,Khánh Hòa,NTB,AM Duy
NTB - Khánh Hòa,(KHO) Đông Ninh Hòa,Hàng Mới Ca 1,2026-08-31 - Thứ 2,68,100.00%,79.41%,0.00%,6.2,54,0,68,0,14,0,0.00%,20.59%,68,Khánh Hòa,NTB,AM Duy
NTB - Khánh Hòa,(KHO) Đông Ninh Hòa,Hàng Mới Ca 1,2026-09-07 - Thứ 2,71,95.77%,77.46%,0.00%,7.29,55,0,68,0,16,3,4.23%,22.54%,71,Khánh Hòa,NTB,AM Duy
NTB - Khánh Hòa,(KHO) Đông Ninh Hòa,Hàng Mới Ca 1,2026-09-09 - Thứ 4,69,98.55%,81.16%,0.00%,5.98,56,0,68,0,13,1,1.45%,18.84%,69,Khánh Hòa,NTB,AM Duy
NTB - Khánh Hòa,(KHO) Đông Ninh Hòa,Hàng Mới Ca 1,2026-09-12 - Thứ 7,85,92.94%,67.06%,0.00%,11.14,57,0,79,0,28,6,7.06%,32.94%,85,Khánh Hòa,NTB,AM Duy
NTB - Khánh Hòa,(KHO) Đông Ninh Hòa,Hàng Mới Ca 1,2026-08-21 - Thứ 6,73,100.00%,90.41%,0.00%,7.8,66,0,73,0,7,0,0.00%,9.59%,73,Khánh Hòa,NTB,AM Duy
NTB - Khánh Hòa,(KHO) Đông Ninh Hòa,Hàng Mới Ca 1,2026-08-24 - Thứ 2,89,98.88%,82.02%,0.00%,11.45,73,0,88,0,16,1,1.12%,17.98%,89,Khánh Hòa,NTB,AM Duy
NTB - Khánh Hòa,(KHO) Đông Ninh Hòa,Hàng Mới Ca 1,2026-08-27 - Thứ 5,97,100.00%,77.32%,0.00%,10.04,75,0,97,0,22,0,0.00%,22.68%,97,Khánh Hòa,NTB,AM Duy
NTB - Khánh Hòa,(KHO) Đông Ninh Hòa,Hàng Mới Ca 1,2026-09-02 - Thứ 4,98,96.94%,76.53%,0.00%,5.41,75,0,95,0,23,3,3.06%,23.47%,98,Khánh Hòa,NTB,AM Duy
NTB - Khánh Hòa,(KHO) Đông Ninh Hòa,Hàng Mới Ca 1,2026-09-13 - Chủ Nhật,90,93.33%,83.33%,0.00%,11.11,75,0,84,0,15,6,6.67%,16.67%,90,Khánh Hòa,NTB,AM Duy
NTB - Khánh Hòa,(KHO) Đông Ninh Hòa,Hàng Mới Ca 1,2026-08-20 - Thứ 5,88,98.86%,86.36%,0.00%,5.7,76,0,87,0,12,1,1.14%,13.64%,88,Khánh Hòa,NTB,AM Duy
NTB - Khánh Hòa,(KHO) Đông Ninh Hòa,Hàng Mới Ca 2,2026-08-17 - Thứ 2,13,30.77%,23.08%,0.00%,3.33,3,0,4,0,10,9,69.23%,76.92%,13,Khánh Hòa,NTB,AM Duy
NTB - Khánh Hòa,(KHO) Đông Ninh Hòa,Hàng Mới Ca 2,2026-09-13 - Chủ Nhật,22,27.27%,13.64%,0.00%,3,3,0,6,0,19,16,72.73%,86.36%,22,Khánh Hòa,NTB,AM Duy
NTB - Khánh Hòa,(KHO) Đông Ninh Hòa,Hàng Mới Ca 2,2026-09-07 - Thứ 2,8,62.50%,50.00%,0.00%,2.5,4,0,5,0,4,3,37.50%,50.00%,8,Khánh Hòa,NTB,AM Duy
NTB - Khánh Hòa,(KHO) Đông Ninh Hòa,Hàng Mới Ca 2,2026-09-03 - Thứ 5,17,64.71%,41.18%,0.00%,4.29,7,0,11,0,10,6,35.29%,58.82%,17,Khánh Hòa,NTB,AM Duy
NTB - Khánh Hòa,(KHO) Đông Ninh Hòa,Hàng Mới Ca 2,2026-09-12 - Thứ 7,40,37.50%,17.50%,0.00%,2.71,7,0,15,0,33,25,62.50%,82.50%,40,Khánh Hòa,NTB,AM Duy
NTB - Khánh Hòa,(KHO) Đông Ninh Hòa,Hàng Mới Ca 2,2026-08-23 - Chủ Nhật,31,54.84%,45.16%,0.00%,3.29,14,0,17,0,17,14,45.16%,54.84%,31,Khánh Hòa,NTB,AM Duy
NTB - Khánh Hòa,(KHO) Đông Ninh Hòa,Hàng Mới Ca 2,2026-09-11 - Thứ 6,33,57.58%,42.42%,0.00%,3.21,14,0,19,0,19,14,42.42%,57.58%,33,Khánh Hòa,NTB,AM Duy
NTB - Khánh Hòa,(KHO) Đông Ninh Hòa,Hàng Mới Ca 2,2026-08-29 - Thứ 7,25,76.00%,60.00%,0.00%,2.87,15,0,19,0,10,6,24.00%,40.00%,25,Khánh Hòa,NTB,AM Duy
NTB - Khánh Hòa,(KHO) Đông Ninh Hòa,Hàng Mới Ca 2,2026-09-02 - Thứ 4,22,72.73%,68.18%,0.00%,3.73,15,0,16,0,7,6,27.27%,31.82%,22,Khánh Hòa,NTB,AM Duy
NTB - Khánh Hòa,(KHO) Đông Ninh Hòa,Hàng Mới Ca 2,2026-09-04 - Thứ 6,35,62.86%,45.71%,0.00%,2.94,16,0,22,0,19,13,37.14%,54.29%,35,Khánh Hòa,NTB,AM Duy
NTB - Khánh Hòa,(KHO) Đông Ninh Hòa,Hàng Mới Ca 2,2026-09-05 - Thứ 7,42,54.76%,38.10%,0.00%,4.63,16,0,23,0,26,19,45.24%,61.90%,42,Khánh Hòa,NTB,AM Duy
NTB - Khánh Hòa,(KHO) Đông Ninh Hòa,Hàng Mới Ca 2,2026-08-20 - Thứ 5,22,81.82%,77.27%,0.00%,2.53,17,0,18,0,5,4,18.18%,22.73%,22,Khánh Hòa,NTB,AM Duy
NTB - Khánh Hòa,(KHO) Đông Ninh Hòa,Hàng Mới Ca 2,2026-08-27 - Thứ 5,38,60.53%,50.00%,0.00%,2.84,19,0,23,0,19,15,39.47%,50.00%,38,Khánh Hòa,NTB,AM Duy
NTB - Khánh Hòa,(KHO) Đông Ninh Hòa,Hàng Mới Ca 2,2026-09-06 - Chủ Nhật,49,55.10%,44.90%,0.00%,2.5,22,0,27,0,27,22,44.90%,55.10%,49,Khánh Hòa,NTB,AM Duy
NTB - Khánh Hòa,(KHO) Đông Ninh Hòa,Hàng Mới Ca 2,2026-08-28 - Thứ 6,43,62.79%,51.16%,0.00%,3.18,22,0,27,0,21,16,37.21%,48.84%,43,Khánh Hòa,NTB,AM Duy
NTB - Khánh Hòa,(KHO) Đông Ninh Hòa,Hàng Mới Ca 2,2026-08-22 - Thứ 7,31,74.19%,70.97%,0.00%,2.18,22,0,23,0,9,8,25.81%,29.03%,31,Khánh Hòa,NTB,AM Duy
NTB - Khánh Hòa,(KHO) Đông Ninh Hòa,Hàng Mới Ca 2,2026-08-19 - Thứ 4,37,70.27%,62.16%,0.00%,2.61,23,0,26,0,14,11,29.73%,37.84%,37,Khánh Hòa,NTB,AM Duy
NTB - Khánh Hòa,(KHO) Đông Ninh Hòa,Hàng Mới Ca 2,2026-09-01 - Thứ 3,39,76.92%,58.97%,0.00%,2.3,23,0,30,0,16,9,23.08%,41.03%,39,Khánh Hòa,NTB,AM Duy
NTB - Khánh Hòa,(KHO) Đông Ninh Hòa,Hàng Mới Ca 2,2026-08-26 - Thứ 4,52,55.77%,46.15%,0.00%,4.08,24,0,29,0,28,23,44.23%,53.85%,52,Khánh Hòa,NTB,AM Duy
NTB - Khánh Hòa,(KHO) Đông Ninh Hòa,Hàng Mới Ca 2,2026-09-08 - Thứ 3,53,56.60%,49.06%,0.00%,2.65,26,0,30,0,27,23,43.40%,50.94%,53,Khánh Hòa,NTB,AM Duy
NTB - Khánh Hòa,(KHO) Đông Ninh Hòa,Hàng Mới Ca 2,2026-08-30 - Chủ Nhật,43,74.42%,62.79%,0.00%,2.7,27,0,32,0,16,11,25.58%,37.21%,43,Khánh Hòa,NTB,AM Duy
NTB - Khánh Hòa,(KHO) Đông Ninh Hòa,Hàng Mới Ca 2,2026-09-09 - Thứ 4,53,69.81%,56.60%,0.00%,3,30,0,37,0,23,16,30.19%,43.40%,53,Khánh Hòa,NTB,AM Duy
NTB - Khánh Hòa,(KHO) Đông Ninh Hòa,Hàng Mới Ca 2,2026-09-10 - Thứ 5,45,75.56%,68.89%,0.00%,2.81,31,0,34,0,14,11,24.44%,31.11%,45,Khánh Hòa,NTB,AM Duy
NTB - Khánh Hòa,(KHO) Đông Ninh Hòa,Hàng Mới Ca 2,2026-08-21 - Thứ 6,45,86.67%,73.33%,0.00%,3.7,33,0,39,0,12,6,13.33%,26.67%,45,Khánh Hòa,NTB,AM Duy
NTB - Khánh Hòa,(KHO) Đông Ninh Hòa,Hàng Mới Ca 2,2026-08-24 - Thứ 2,59,61.02%,55.93%,0.00%,3.97,33,0,36,0,26,23,38.98%,44.07%,59,Khánh Hòa,NTB,AM Duy
NTB - Khánh Hòa,(KHO) Đông Ninh Hòa,Hàng Mới Ca 2,2026-08-18 - Thứ 3,68,75.00%,51.47%,0.00%,2.71,35,0,51,0,33,17,25.00%,48.53%,68,Khánh Hòa,NTB,AM Duy
NTB - Khánh Hòa,(KHO) Đông Ninh Hòa,Hàng Mới Ca 2,2026-08-25 - Thứ 3,56,76.79%,64.29%,0.00%,4.03,36,0,43,0,20,13,23.21%,35.71%,56,Khánh Hòa,NTB,AM Duy
NTB - Khánh Hòa,(KHO) Đông Ninh Hòa,Hàng Mới Ca 2,2026-08-31 - Thứ 2,56,87.50%,64.29%,0.00%,3.47,36,0,49,0,20,7,12.50%,35.71%,56,Khánh Hòa,NTB,AM Duy
NTB - Khánh Hòa,(KHO) Đông Ninh Hòa,Hàng Tồn,2026-08-22 - Thứ 7,29,96.55%,37.93%,6.90%,28.73,11,2,28,2,16,1,3.45%,55.17%,0,Khánh Hòa,NTB,AM Duy
NTB - Khánh Hòa,(KHO) Đông Ninh Hòa,Hàng Tồn,2026-09-02 - Thứ 4,44,100.00%,31.82%,15.91%,37.36,14,7,44,7,23,0,0.00%,52.27%,0,Khánh Hòa,NTB,AM Duy
NTB - Khánh Hòa,(KHO) Đông Ninh Hòa,Hàng Tồn,2026-08-21 - Thứ 6,35,100.00%,48.57%,11.43%,43.76,17,4,35,4,14,0,0.00%,40.00%,0,Khánh Hòa,NTB,AM Duy
NTB - Khánh Hòa,(KHO) Đông Ninh Hòa,Hàng Tồn,2026-08-26 - Thứ 4,50,100.00%,36.00%,12.00%,33.89,18,6,50,6,26,0,0.00%,52.00%,0,Khánh Hòa,NTB,AM Duy
NTB - Khánh Hòa,(KHO) Đông Ninh Hòa,Hàng Tồn,2026-08-30 - Chủ Nhật,46,100.00%,41.30%,4.35%,35.47,19,2,46,2,25,0,0.00%,54.35%,0,Khánh Hòa,NTB,AM Duy
NTB - Khánh Hòa,(KHO) Đông Ninh Hòa,Hàng Tồn,2026-08-23 - Chủ Nhật,42,92.86%,45.24%,2.38%,30.74,19,1,39,1,22,3,7.14%,52.38%,0,Khánh Hòa,NTB,AM Duy
NTB - Khánh Hòa,(KHO) Đông Ninh Hòa,Hàng Tồn,2026-09-06 - Chủ Nhật,55,92.73%,38.18%,3.64%,36.62,21,2,51,2,32,4,7.27%,58.18%,0,Khánh Hòa,NTB,AM Duy
NTB - Khánh Hòa,(KHO) Đông Ninh Hòa,Hàng Tồn,2026-09-04 - Thứ 6,41,100.00%,51.22%,7.32%,36.48,21,3,41,3,17,0,0.00%,41.46%,0,Khánh Hòa,NTB,AM Duy
NTB - Khánh Hòa,(KHO) Đông Ninh Hòa,Hàng Tồn,2026-09-12 - Thứ 7,46,91.30%,45.65%,8.70%,35.38,21,4,42,4,21,4,8.70%,45.65%,0,Khánh Hòa,NTB,AM Duy
NTB - Khánh Hòa,(KHO) Đông Ninh Hòa,Hàng Tồn,2026-08-31 - Thứ 2,58,100.00%,39.66%,3.45%,41.17,23,2,58,2,33,0,0.00%,56.89%,0,Khánh Hòa,NTB,AM Duy
NTB - Khánh Hòa,(KHO) Đông Ninh Hòa,Hàng Tồn,2026-08-20 - Thứ 5,49,100.00%,51.02%,8.16%,34.96,25,4,49,4,20,0,0.00%,40.82%,0,Khánh Hòa,NTB,AM Duy
NTB - Khánh Hòa,(KHO) Đông Ninh Hòa,Hàng Tồn,2026-09-10 - Thứ 5,58,93.10%,43.10%,8.62%,31.24,25,5,54,5,28,4,6.90%,48.28%,0,Khánh Hòa,NTB,AM Duy
NTB - Khánh Hòa,(KHO) Đông Ninh Hòa,Hàng Tồn,2026-09-08 - Thứ 3,49,100.00%,53.06%,2.04%,46.04,26,1,49,1,22,0,0.00%,44.90%,0,Khánh Hòa,NTB,AM Duy
NTB - Khánh Hòa,(KHO) Đông Ninh Hòa,Hàng Tồn,2026-09-03 - Thứ 5,51,100.00%,50.98%,7.84%,38.54,26,4,51,4,21,0,0.00%,41.18%,0,Khánh Hòa,NTB,AM Duy
NTB - Khánh Hòa,(KHO) Đông Ninh Hòa,Hàng Tồn,2026-09-05 - Thứ 7,46,100.00%,58.70%,2.17%,38.56,27,1,46,1,18,0,0.00%,39.13%,0,Khánh Hòa,NTB,AM Duy
NTB - Khánh Hòa,(KHO) Đông Ninh Hòa,Hàng Tồn,2026-08-17 - Thứ 2,61,100.00%,45.90%,3.28%,39,28,2,61,2,31,0,0.00%,50.82%,0,Khánh Hòa,NTB,AM Duy
NTB - Khánh Hòa,(KHO) Đông Ninh Hòa,Hàng Tồn,2026-09-09 - Thứ 4,58,100.00%,48.28%,6.90%,25.5,28,4,58,4,26,0,0.00%,44.82%,0,Khánh Hòa,NTB,AM Duy
NTB - Khánh Hòa,(KHO) Đông Ninh Hòa,Hàng Tồn,2026-08-18 - Thứ 3,56,100.00%,51.79%,1.79%,45.28,29,1,56,1,26,0,0.00%,46.42%,0,Khánh Hòa,NTB,AM Duy
NTB - Khánh Hòa,(KHO) Đông Ninh Hòa,Hàng Tồn,2026-08-25 - Thứ 3,63,100.00%,49.21%,3.17%,34.55,31,2,63,2,30,0,0.00%,47.62%,0,Khánh Hòa,NTB,AM Duy
NTB - Khánh Hòa,(KHO) Đông Ninh Hòa,Hàng Tồn,2026-08-29 - Thứ 7,65,100.00%,49.23%,6.15%,35.94,32,4,65,4,29,0,0.00%,44.62%,0,Khánh Hòa,NTB,AM Duy
NTB - Khánh Hòa,(KHO) Đông Ninh Hòa,Hàng Tồn,2026-08-28 - Thứ 6,64,98.44%,50.00%,3.13%,30.91,32,2,63,2,30,1,1.56%,46.87%,0,Khánh Hòa,NTB,AM Duy
NTB - Khánh Hòa,(KHO) Đông Ninh Hòa,Hàng Tồn,2026-08-19 - Thứ 4,65,100.00%,52.31%,3.08%,27.62,34,2,65,2,29,0,0.00%,44.61%,0,Khánh Hòa,NTB,AM Duy
NTB - Khánh Hòa,(KHO) Đông Ninh Hòa,Hàng Tồn,2026-08-24 - Thứ 2,62,100.00%,56.45%,3.23%,33.57,35,2,62,2,25,0,0.00%,40.32%,0,Khánh Hòa,NTB,AM Duy
NTB - Khánh Hòa,(KHO) Đông Ninh Hòa,Hàng Tồn,2026-09-01 - Thứ 3,66,100.00%,57.58%,0.00%,34.13,38,0,66,0,28,0,0.00%,42.42%,0,Khánh Hòa,NTB,AM Duy
NTB - Khánh Hòa,(KHO) Đông Ninh Hòa,Hàng Tồn,2026-09-11 - Thứ 6,60,100.00%,66.67%,5.00%,41.13,40,3,60,3,17,0,0.00%,28.33%,0,Khánh Hòa,NTB,AM Duy
NTB - Khánh Hòa,(KHO) Đông Ninh Hòa,Hàng Tồn,2026-08-27 - Thứ 5,68,100.00%,60.29%,2.94%,32.2,41,2,68,2,25,0,0.00%,36.77%,0,Khánh Hòa,NTB,AM Duy
NTB - Khánh Hòa,(KHO) Đông Ninh Hòa,Hàng Tồn,2026-09-13 - Chủ Nhật,78,94.87%,53.85%,0.00%,34.43,42,0,74,0,36,4,5.13%,46.15%,0,Khánh Hòa,NTB,AM Duy
NTB - Khánh Hòa,(KHO) Đông Ninh Hòa,Hàng Tồn,2026-09-07 - Thứ 2,88,94.32%,57.95%,3.41%,32.76,51,3,83,3,34,5,5.68%,38.64%,0,Khánh Hòa,NTB,AM Duy
NTB - Khánh Hòa,(KHO) Vạn Ninh,Hàng Mới Ca 1,2026-08-20 - Thứ 5,181,94.48%,71.82%,0.00%,12.63,130,0,171,0,51,10,5.52%,28.18%,181,Khánh Hòa,NTB,AM Duy
NTB - Khánh Hòa,(KHO) Vạn Ninh,Hàng Mới Ca 1,2026-08-23 - Chủ Nhật,87,98.85%,82.76%,0.00%,5.35,72,0,86,0,15,1,1.15%,17.24%,87,Khánh Hòa,NTB,AM Duy
NTB - Khánh Hòa,(KHO) Vạn Ninh,Hàng Mới Ca 1,2026-09-07 - Thứ 2,58,25.86%,6.90%,0.00%,7,4,0,15,0,54,43,74.14%,93.10%,58,Khánh Hòa,NTB,AM Duy
NTB - Khánh Hòa,(KHO) Vạn Ninh,Hàng Mới Ca 1,2026-09-04 - Thứ 6,24,91.67%,79.17%,0.00%,4.26,19,0,22,0,5,2,8.33%,20.83%,24,Khánh Hòa,NTB,AM Duy
NTB - Khánh Hòa,(KHO) Vạn Ninh,Hàng Mới Ca 1,2026-09-08 - Thứ 3,53,58.49%,41.51%,0.00%,4.32,22,0,31,0,31,22,41.51%,58.49%,53,Khánh Hòa,NTB,AM Duy
NTB - Khánh Hòa,(KHO) Vạn Ninh,Hàng Mới Ca 1,2026-09-03 - Thứ 5,35,100.00%,74.29%,0.00%,4.27,26,0,35,0,9,0,0.00%,25.71%,35,Khánh Hòa,NTB,AM Duy
NTB - Khánh Hòa,(KHO) Vạn Ninh,Hàng Mới Ca 1,2026-09-06 - Chủ Nhật,77,51.95%,37.66%,0.00%,7.59,29,0,40,0,48,37,48.05%,62.34%,77,Khánh Hòa,NTB,AM Duy
NTB - Khánh Hòa,(KHO) Vạn Ninh,Hàng Mới Ca 1,2026-08-29 - Thứ 7,44,100.00%,65.91%,0.00%,4.59,29,0,44,0,15,0,0.00%,34.09%,44,Khánh Hòa,NTB,AM Duy
NTB - Khánh Hòa,(KHO) Vạn Ninh,Hàng Mới Ca 1,2026-09-01 - Thứ 3,44,100.00%,88.64%,0.00%,6.54,39,0,44,0,5,0,0.00%,11.36%,44,Khánh Hòa,NTB,AM Duy
NTB - Khánh Hòa,(KHO) Vạn Ninh,Hàng Mới Ca 1,2026-09-11 - Thứ 6,52,100.00%,78.85%,0.00%,6.66,41,0,52,0,11,0,0.00%,21.15%,52,Khánh Hòa,NTB,AM Duy
NTB - Khánh Hòa,(KHO) Vạn Ninh,Hàng Mới Ca 1,2026-09-02 - Thứ 4,62,95.16%,69.35%,0.00%,6.23,43,0,59,0,19,3,4.84%,30.65%,62,Khánh Hòa,NTB,AM Duy
NTB - Khánh Hòa,(KHO) Vạn Ninh,Hàng Mới Ca 1,2026-08-25 - Thứ 3,51,100.00%,84.31%,0.00%,4.63,43,0,51,0,8,0,0.00%,15.69%,51,Khánh Hòa,NTB,AM Duy
NTB - Khánh Hòa,(KHO) Vạn Ninh,Hàng Mới Ca 1,2026-09-12 - Thứ 7,69,100.00%,62.32%,0.00%,10.28,43,0,69,0,26,0,0.00%,37.68%,69,Khánh Hòa,NTB,AM Duy
NTB - Khánh Hòa,(KHO) Vạn Ninh,Hàng Mới Ca 1,2026-09-05 - Thứ 7,88,84.09%,48.86%,0.00%,7.77,43,0,74,0,45,14,15.91%,51.14%,88,Khánh Hòa,NTB,AM Duy
NTB - Khánh Hòa,(KHO) Vạn Ninh,Hàng Mới Ca 1,2026-08-18 - Thứ 3,57,98.25%,78.95%,0.00%,3.31,45,0,56,0,12,1,1.75%,21.05%,57,Khánh Hòa,NTB,AM Duy
NTB - Khánh Hòa,(KHO) Vạn Ninh,Hàng Mới Ca 1,2026-08-27 - Thứ 5,64,98.44%,76.56%,0.00%,6.8,49,0,63,0,15,1,1.56%,23.44%,64,Khánh Hòa,NTB,AM Duy
NTB - Khánh Hòa,(KHO) Vạn Ninh,Hàng Mới Ca 1,2026-09-09 - Thứ 4,60,100.00%,81.67%,0.00%,6.18,49,0,60,0,11,0,0.00%,18.33%,60,Khánh Hòa,NTB,AM Duy
NTB - Khánh Hòa,(KHO) Vạn Ninh,Hàng Mới Ca 1,2026-08-30 - Chủ Nhật,74,89.19%,68.92%,0.00%,6.1,51,0,66,0,23,8,10.81%,31.08%,74,Khánh Hòa,NTB,AM Duy
NTB - Khánh Hòa,(KHO) Vạn Ninh,Hàng Mới Ca 1,2026-08-31 - Thứ 2,62,98.39%,83.87%,0.00%,5.58,52,0,61,0,10,1,1.61%,16.13%,62,Khánh Hòa,NTB,AM Duy
NTB - Khánh Hòa,(KHO) Vạn Ninh,Hàng Mới Ca 1,2026-08-24 - Thứ 2,68,100.00%,79.41%,0.00%,5.04,54,0,68,0,14,0,0.00%,20.59%,68,Khánh Hòa,NTB,AM Duy
NTB - Khánh Hòa,(KHO) Vạn Ninh,Hàng Mới Ca 1,2026-08-26 - Thứ 4,73,100.00%,75.34%,0.00%,4.53,55,0,73,0,18,0,0.00%,24.66%,73,Khánh Hòa,NTB,AM Duy
NTB - Khánh Hòa,(KHO) Vạn Ninh,Hàng Mới Ca 1,2026-08-28 - Thứ 6,79,98.73%,70.89%,0.00%,6.77,56,0,78,0,23,1,1.27%,29.11%,79,Khánh Hòa,NTB,AM Duy
NTB - Khánh Hòa,(KHO) Vạn Ninh,Hàng Mới Ca 1,2026-08-21 - Thứ 6,71,97.18%,81.69%,0.00%,4.66,58,0,69,0,13,2,2.82%,18.31%,71,Khánh Hòa,NTB,AM Duy
NTB - Khánh Hòa,(KHO) Vạn Ninh,Hàng Mới Ca 1,2026-08-17 - Thứ 2,74,100.00%,79.73%,0.00%,5.42,59,0,74,0,15,0,0.00%,20.27%,74,Khánh Hòa,NTB,AM Duy
NTB - Khánh Hòa,(KHO) Vạn Ninh,Hàng Mới Ca 1,2026-09-13 - Chủ Nhật,70,98.57%,84.29%,0.00%,6.17,59,0,69,0,11,1,1.43%,15.71%,70,Khánh Hòa,NTB,AM Duy
NTB - Khánh Hòa,(KHO) Vạn Ninh,Hàng Mới Ca 1,2026-08-22 - Thứ 7,77,98.70%,76.62%,0.00%,5.37,59,0,76,0,18,1,1.30%,23.38%,77,Khánh Hòa,NTB,AM Duy
NTB - Khánh Hòa,(KHO) Vạn Ninh,Hàng Mới Ca 1,2026-08-19 - Thứ 4,84,91.67%,76.19%,0.00%,19.88,64,0,77,0,20,7,8.33%,23.81%,84,Khánh Hòa,NTB,AM Duy
NTB - Khánh Hòa,(KHO) Vạn Ninh,Hàng Mới Ca 1,2026-09-10 - Thứ 5,89,95.51%,79.78%,0.00%,10.69,71,0,85,0,18,4,4.49%,20.22%,89,Khánh Hòa,NTB,AM Duy
NTB - Khánh Hòa,(KHO) Vạn Ninh,Hàng Mới Ca 2,2026-09-08 - Thứ 3,37,0.00%,0.00%,0.00%,,0,0,0,0,37,37,100.00%,100.00%,37,Khánh Hòa,NTB,AM Duy
NTB - Khánh Hòa,(KHO) Vạn Ninh,Hàng Mới Ca 2,2026-09-06 - Chủ Nhật,47,0.00%,0.00%,0.00%,,0,0,0,0,47,47,100.00%,100.00%,47,Khánh Hòa,NTB,AM Duy
NTB - Khánh Hòa,(KHO) Vạn Ninh,Hàng Mới Ca 2,2026-09-10 - Thứ 5,29,0.00%,0.00%,0.00%,,0,0,0,0,29,29,100.00%,100.00%,29,Khánh Hòa,NTB,AM Duy
NTB - Khánh Hòa,(KHO) Vạn Ninh,Hàng Mới Ca 2,2026-09-05 - Thứ 7,28,0.00%,0.00%,0.00%,,0,0,0,0,28,28,100.00%,100.00%,28,Khánh Hòa,NTB,AM Duy
NTB - Khánh Hòa,(KHO) Vạn Ninh,Hàng Mới Ca 2,2026-09-07 - Thứ 2,15,0.00%,0.00%,0.00%,,0,0,0,0,15,15,100.00%,100.00%,15,Khánh Hòa,NTB,AM Duy
NTB - Khánh Hòa,(KHO) Vạn Ninh,Hàng Mới Ca 2,2026-09-09 - Thứ 4,62,3.23%,1.61%,0.00%,1,1,0,2,0,61,60,96.77%,98.39%,62,Khánh Hòa,NTB,AM Duy
NTB - Khánh Hòa,(KHO) Vạn Ninh,Hàng Mới Ca 2,2026-08-29 - Thứ 7,37,29.73%,27.03%,0.00%,1.7,10,0,11,0,27,26,70.27%,72.97%,37,Khánh Hòa,NTB,AM Duy
NTB - Khánh Hòa,(KHO) Vạn Ninh,Hàng Mới Ca 2,2026-09-03 - Thứ 5,16,87.50%,62.50%,0.00%,2.8,10,0,14,0,6,2,12.50%,37.50%,16,Khánh Hòa,NTB,AM Duy
NTB - Khánh Hòa,(KHO) Vạn Ninh,Hàng Mới Ca 2,2026-09-11 - Thứ 6,27,55.56%,37.04%,0.00%,2.6,10,0,15,0,17,12,44.44%,62.96%,27,Khánh Hòa,NTB,AM Duy
NTB - Khánh Hòa,(KHO) Vạn Ninh,Hàng Mới Ca 2,2026-09-02 - Thứ 4,36,44.44%,30.56%,0.00%,2,11,0,16,0,25,20,55.56%,69.44%,36,Khánh Hòa,NTB,AM Duy
NTB - Khánh Hòa,(KHO) Vạn Ninh,Hàng Mới Ca 2,2026-08-23 - Chủ Nhật,26,92.31%,53.85%,0.00%,2.5,14,0,24,0,12,2,7.69%,46.15%,26,Khánh Hòa,NTB,AM Duy
NTB - Khánh Hòa,(KHO) Vạn Ninh,Hàng Mới Ca 2,2026-08-28 - Thứ 6,28,75.00%,50.00%,0.00%,3.07,14,0,21,0,14,7,25.00%,50.00%,28,Khánh Hòa,NTB,AM Duy
NTB - Khánh Hòa,(KHO) Vạn Ninh,Hàng Mới Ca 2,2026-09-13 - Chủ Nhật,37,62.16%,40.54%,0.00%,1.87,15,0,23,0,22,14,37.84%,59.46%,37,Khánh Hòa,NTB,AM Duy
NTB - Khánh Hòa,(KHO) Vạn Ninh,Hàng Mới Ca 2,2026-08-27 - Thứ 5,34,76.47%,47.06%,0.00%,2.63,16,0,26,0,18,8,23.53%,52.94%,34,Khánh Hòa,NTB,AM Duy
NTB - Khánh Hòa,(KHO) Vạn Ninh,Hàng Mới Ca 2,2026-08-25 - Thứ 3,27,77.78%,62.96%,0.00%,2.06,17,0,21,0,10,6,22.22%,37.04%,27,Khánh Hòa,NTB,AM Duy
NTB - Khánh Hòa,(KHO) Vạn Ninh,Hàng Mới Ca 2,2026-08-21 - Thứ 6,29,65.52%,58.62%,0.00%,3,17,0,19,0,12,10,34.48%,41.38%,29,Khánh Hòa,NTB,AM Duy
NTB - Khánh Hòa,(KHO) Vạn Ninh,Hàng Mới Ca 2,2026-09-01 - Thứ 3,30,80.00%,56.67%,0.00%,2.88,17,0,24,0,13,6,20.00%,43.33%,30,Khánh Hòa,NTB,AM Duy
NTB - Khánh Hòa,(KHO) Vạn Ninh,Hàng Mới Ca 2,2026-08-20 - Thứ 5,37,62.16%,48.65%,0.00%,2.78,18,0,23,0,19,14,37.84%,51.35%,37,Khánh Hòa,NTB,AM Duy
NTB - Khánh Hòa,(KHO) Vạn Ninh,Hàng Mới Ca 2,2026-08-30 - Chủ Nhật,32,71.88%,56.25%,0.00%,3.06,18,0,23,0,14,9,28.12%,43.75%,32,Khánh Hòa,NTB,AM Duy
NTB - Khánh Hòa,(KHO) Vạn Ninh,Hàng Mới Ca 2,2026-08-19 - Thứ 4,33,75.76%,57.58%,0.00%,1.58,19,0,25,0,14,8,24.24%,42.42%,33,Khánh Hòa,NTB,AM Duy
NTB - Khánh Hòa,(KHO) Vạn Ninh,Hàng Mới Ca 2,2026-09-12 - Thứ 7,39,66.67%,48.72%,0.00%,2.26,19,0,26,0,20,13,33.33%,51.28%,39,Khánh Hòa,NTB,AM Duy
NTB - Khánh Hòa,(KHO) Vạn Ninh,Hàng Mới Ca 2,2026-09-04 - Thứ 6,34,76.47%,61.76%,0.00%,2.81,21,0,26,0,13,8,23.53%,38.24%,34,Khánh Hòa,NTB,AM Duy
NTB - Khánh Hòa,(KHO) Vạn Ninh,Hàng Mới Ca 2,2026-08-22 - Thứ 7,28,89.29%,75.00%,0.00%,2.57,21,0,25,0,7,3,10.71%,25.00%,28,Khánh Hòa,NTB,AM Duy
NTB - Khánh Hòa,(KHO) Vạn Ninh,Hàng Mới Ca 2,2026-08-17 - Thứ 2,40,95.00%,57.50%,0.00%,2.35,23,0,38,0,17,2,5.00%,42.50%,40,Khánh Hòa,NTB,AM Duy
NTB - Khánh Hòa,(KHO) Vạn Ninh,Hàng Mới Ca 2,2026-08-31 - Thứ 2,52,71.15%,55.77%,0.00%,2.48,29,0,37,0,23,15,28.85%,44.23%,52,Khánh Hòa,NTB,AM Duy
NTB - Khánh Hòa,(KHO) Vạn Ninh,Hàng Mới Ca 2,2026-08-24 - Thứ 2,53,96.23%,69.81%,0.00%,2.81,37,0,51,0,16,2,3.77%,30.19%,53,Khánh Hòa,NTB,AM Duy
NTB - Khánh Hòa,(KHO) Vạn Ninh,Hàng Mới Ca 2,2026-08-26 - Thứ 4,69,72.46%,56.52%,0.00%,3.21,39,0,50,0,30,19,27.54%,43.48%,69,Khánh Hòa,NTB,AM Duy
NTB - Khánh Hòa,(KHO) Vạn Ninh,Hàng Tồn,2026-09-08 - Thứ 3,141,99.29%,66.67%,2.13%,44.21,94,3,140,3,44,1,0.71%,31.20%,0,Khánh Hòa,NTB,AM Duy
NTB - Khánh Hòa,(KHO) Vạn Ninh,Hàng Tồn,2026-08-26 - Thứ 4,43,100.00%,20.93%,11.63%,41,9,5,43,5,29,0,0.00%,67.44%,0,Khánh Hòa,NTB,AM Duy
NTB - Khánh Hòa,(KHO) Vạn Ninh,Hàng Tồn,2026-08-19 - Thứ 4,36,97.22%,27.78%,5.56%,61.9,10,2,35,2,24,1,2.78%,66.66%,0,Khánh Hòa,NTB,AM Duy
NTB - Khánh Hòa,(KHO) Vạn Ninh,Hàng Tồn,2026-08-20 - Thứ 5,41,95.12%,29.27%,9.76%,42.42,12,4,39,4,25,2,4.88%,60.97%,0,Khánh Hòa,NTB,AM Duy
NTB - Khánh Hòa,(KHO) Vạn Ninh,Hàng Tồn,2026-09-05 - Thứ 7,36,100.00%,36.11%,8.33%,33.38,13,3,36,3,20,0,0.00%,55.56%,0,Khánh Hòa,NTB,AM Duy
NTB - Khánh Hòa,(KHO) Vạn Ninh,Hàng Tồn,2026-09-04 - Thứ 6,39,97.44%,35.90%,7.69%,44.57,14,3,38,3,22,1,2.56%,56.41%,0,Khánh Hòa,NTB,AM Duy
NTB - Khánh Hòa,(KHO) Vạn Ninh,Hàng Tồn,2026-09-02 - Thứ 4,49,97.96%,28.57%,14.29%,42.79,14,7,48,7,28,1,2.04%,57.14%,0,Khánh Hòa,NTB,AM Duy
NTB - Khánh Hòa,(KHO) Vạn Ninh,Hàng Tồn,2026-08-22 - Thứ 7,58,100.00%,29.31%,8.62%,35.59,17,5,58,5,36,0,0.00%,62.07%,0,Khánh Hòa,NTB,AM Duy
NTB - Khánh Hòa,(KHO) Vạn Ninh,Hàng Tồn,2026-08-18 - Thứ 3,54,100.00%,37.04%,9.26%,27.3,20,5,54,5,29,0,0.00%,53.70%,0,Khánh Hòa,NTB,AM Duy
NTB - Khánh Hòa,(KHO) Vạn Ninh,Hàng Tồn,2026-08-25 - Thứ 3,52,100.00%,40.38%,7.69%,28.43,21,4,52,4,27,0,0.00%,51.93%,0,Khánh Hòa,NTB,AM Duy
NTB - Khánh Hòa,(KHO) Vạn Ninh,Hàng Tồn,2026-08-23 - Chủ Nhật,55,100.00%,38.18%,9.09%,45.1,21,5,55,5,29,0,0.00%,52.73%,0,Khánh Hòa,NTB,AM Duy
NTB - Khánh Hòa,(KHO) Vạn Ninh,Hàng Tồn,2026-08-31 - Thứ 2,59,96.61%,35.59%,5.08%,34.9,21,3,57,3,35,2,3.39%,59.33%,0,Khánh Hòa,NTB,AM Duy
NTB - Khánh Hòa,(KHO) Vạn Ninh,Hàng Tồn,2026-08-24 - Thứ 2,51,100.00%,43.14%,9.80%,39.14,22,5,51,5,24,0,0.00%,47.06%,0,Khánh Hòa,NTB,AM Duy
NTB - Khánh Hòa,(KHO) Vạn Ninh,Hàng Tồn,2026-08-17 - Thứ 2,52,100.00%,48.08%,3.85%,37.32,25,2,52,2,25,0,0.00%,48.07%,0,Khánh Hòa,NTB,AM Duy
NTB - Khánh Hòa,(KHO) Vạn Ninh,Hàng Tồn,2026-08-29 - Thứ 7,59,98.31%,47.46%,5.08%,33.29,28,3,58,3,28,1,1.69%,47.46%,0,Khánh Hòa,NTB,AM Duy
NTB - Khánh Hòa,(KHO) Vạn Ninh,Hàng Tồn,2026-08-28 - Thứ 6,64,100.00%,43.75%,12.50%,38.36,28,8,64,8,28,0,0.00%,43.75%,0,Khánh Hòa,NTB,AM Duy
NTB - Khánh Hòa,(KHO) Vạn Ninh,Hàng Tồn,2026-09-12 - Thứ 7,65,100.00%,46.15%,7.69%,43.93,30,5,65,5,30,0,0.00%,46.16%,0,Khánh Hòa,NTB,AM Duy
NTB - Khánh Hòa,(KHO) Vạn Ninh,Hàng Tồn,2026-09-01 - Thứ 3,66,100.00%,45.45%,4.55%,35.33,30,3,66,3,33,0,0.00%,50.00%,0,Khánh Hòa,NTB,AM Duy
NTB - Khánh Hòa,(KHO) Vạn Ninh,Hàng Tồn,2026-09-03 - Thứ 5,66,98.48%,56.06%,6.06%,34.73,37,4,65,4,25,1,1.52%,37.88%,0,Khánh Hòa,NTB,AM Duy
NTB - Khánh Hòa,(KHO) Vạn Ninh,Hàng Tồn,2026-08-30 - Chủ Nhật,66,98.48%,57.58%,3.03%,32.55,38,2,65,2,26,1,1.52%,39.39%,0,Khánh Hòa,NTB,AM Duy
NTB - Khánh Hòa,(KHO) Vạn Ninh,Hàng Tồn,2026-08-27 - Thứ 5,75,97.33%,50.67%,5.33%,32.26,38,4,73,4,33,2,2.67%,44.00%,0,Khánh Hòa,NTB,AM Duy
NTB - Khánh Hòa,(KHO) Vạn Ninh,Hàng Tồn,2026-08-21 - Thứ 6,83,98.80%,46.99%,7.23%,34.05,39,6,82,6,38,1,1.20%,45.78%,0,Khánh Hòa,NTB,AM Duy
NTB - Khánh Hòa,(KHO) Vạn Ninh,Hàng Tồn,2026-09-13 - Chủ Nhật,73,100.00%,53.42%,4.11%,43.79,39,3,73,3,31,0,0.00%,42.47%,0,Khánh Hòa,NTB,AM Duy
NTB - Khánh Hòa,(KHO) Vạn Ninh,Hàng Tồn,2026-09-11 - Thứ 6,85,100.00%,48.24%,4.71%,46.24,41,4,85,4,40,0,0.00%,47.05%,0,Khánh Hòa,NTB,AM Duy
NTB - Khánh Hòa,(KHO) Vạn Ninh,Hàng Tồn,2026-09-06 - Chủ Nhật,92,88.04%,50.00%,4.35%,31.83,46,4,81,4,42,11,11.96%,45.65%,0,Khánh Hòa,NTB,AM Duy
NTB - Khánh Hòa,(KHO) Vạn Ninh,Hàng Tồn,2026-09-07 - Thứ 2,137,89.05%,37.23%,3.65%,39.12,51,5,122,5,81,15,10.95%,59.12%,0,Khánh Hòa,NTB,AM Duy
NTB - Khánh Hòa,(KHO) Vạn Ninh,Hàng Tồn,2026-09-10 - Thứ 5,110,95.45%,56.36%,2.73%,33.71,62,3,105,3,45,5,4.55%,40.91%,0,Khánh Hòa,NTB,AM Duy
NTB - Khánh Hòa,(KHO) Vạn Ninh,Hàng Tồn,2026-09-09 - Thứ 4,109,100.00%,63.30%,0.00%,40.43,69,0,109,0,40,0,0.00%,36.70%,0,Khánh Hòa,NTB,AM Duy
NTB - Khánh Hòa,(KHO) Tây Nha Trang,Hàng Mới Ca 1,2026-08-20 - Thứ 5,170,83.53%,57.65%,0.00%,11.39,98,0,142,0,72,28,16.47%,42.35%,170,Khánh Hòa,NTB,AM Duy
NTB - Khánh Hòa,(KHO) Tây Nha Trang,Hàng Mới Ca 1,2026-09-06 - Chủ Nhật,148,96.62%,66.22%,0.00%,9.71,98,0,143,0,50,5,3.38%,33.78%,148,Khánh Hòa,NTB,AM Duy
NTB - Khánh Hòa,(KHO) Tây Nha Trang,Hàng Mới Ca 1,2026-08-17 - Thứ 2,135,99.26%,74.07%,0.00%,9.36,100,0,134,0,35,1,0.74%,25.93%,135,Khánh Hòa,NTB,AM Duy
NTB - Khánh Hòa,(KHO) Tây Nha Trang,Hàng Mới Ca 1,2026-08-27 - Thứ 5,132,100.00%,74.24%,0.00%,6.62,98,0,132,0,34,0,0.00%,25.76%,132,Khánh Hòa,NTB,AM Duy
NTB - Khánh Hòa,(KHO) Tây Nha Trang,Hàng Mới Ca 1,2026-09-02 - Thứ 4,129,91.47%,67.44%,0.00%,11.32,87,0,118,0,42,11,8.53%,32.56%,129,Khánh Hòa,NTB,AM Duy
NTB - Khánh Hòa,(KHO) Tây Nha Trang,Hàng Mới Ca 1,2026-08-23 - Chủ Nhật,128,96.09%,67.19%,0.00%,12.01,86,0,123,0,42,5,3.91%,32.81%,128,Khánh Hòa,NTB,AM Duy
NTB - Khánh Hòa,(KHO) Tây Nha Trang,Hàng Mới Ca 1,2026-08-21 - Thứ 6,120,98.33%,72.50%,0.00%,9.85,87,0,118,0,33,2,1.67%,27.50%,120,Khánh Hòa,NTB,AM Duy
NTB - Khánh Hòa,(KHO) Tây Nha Trang,Hàng Mới Ca 1,2026-09-05 - Thứ 7,143,92.31%,71.33%,0.00%,10.85,102,0,132,0,41,11,7.69%,28.67%,143,Khánh Hòa,NTB,AM Duy
NTB - Khánh Hòa,(KHO) Tây Nha Trang,Hàng Mới Ca 1,2026-08-28 - Thứ 6,140,97.86%,82.14%,0.00%,8.62,115,0,137,0,25,3,2.14%,17.86%,140,Khánh Hòa,NTB,AM Duy
NTB - Khánh Hòa,(KHO) Tây Nha Trang,Hàng Mới Ca 1,2026-08-26 - Thứ 4,158,98.73%,77.85%,0.00%,9.72,123,0,156,0,35,2,1.27%,22.15%,158,Khánh Hòa,NTB,AM Duy
NTB - Khánh Hòa,(KHO) Tây Nha Trang,Hàng Mới Ca 1,2026-08-22 - Thứ 7,143,97.20%,71.33%,0.00%,11.34,102,0,139,0,41,4,2.80%,28.67%,143,Khánh Hòa,NTB,AM Duy
NTB - Khánh Hòa,(KHO) Tây Nha Trang,Hàng Mới Ca 1,2026-09-11 - Thứ 6,85,30.59%,21.18%,0.00%,19.94,18,0,26,0,67,59,69.41%,78.82%,85,Khánh Hòa,NTB,AM Duy
NTB - Khánh Hòa,(KHO) Tây Nha Trang,Hàng Mới Ca 1,2026-09-13 - Chủ Nhật,124,20.97%,15.32%,0.00%,17,19,0,26,0,105,98,79.03%,84.68%,124,Khánh Hòa,NTB,AM Duy
NTB - Khánh Hòa,(KHO) Tây Nha Trang,Hàng Mới Ca 1,2026-09-03 - Thứ 5,41,95.12%,58.54%,0.00%,11.42,24,0,39,0,17,2,4.88%,41.46%,41,Khánh Hòa,NTB,AM Duy
NTB - Khánh Hòa,(KHO) Tây Nha Trang,Hàng Mới Ca 1,2026-09-12 - Thứ 7,149,26.17%,21.48%,0.00%,17.63,32,0,39,0,117,110,73.83%,78.52%,149,Khánh Hòa,NTB,AM Duy
NTB - Khánh Hòa,(KHO) Tây Nha Trang,Hàng Mới Ca 1,2026-09-01 - Thứ 3,45,93.33%,71.11%,0.00%,8.22,32,0,42,0,13,3,6.67%,28.89%,45,Khánh Hòa,NTB,AM Duy
NTB - Khánh Hòa,(KHO) Tây Nha Trang,Hàng Mới Ca 1,2026-09-10 - Thứ 5,160,33.13%,25.62%,0.00%,17.44,41,0,53,0,119,107,66.87%,74.38%,160,Khánh Hòa,NTB,AM Duy
NTB - Khánh Hòa,(KHO) Tây Nha Trang,Hàng Mới Ca 1,2026-09-04 - Thứ 6,76,93.42%,64.47%,0.00%,10.1,49,0,71,0,27,5,6.58%,35.53%,76,Khánh Hòa,NTB,AM Duy
NTB - Khánh Hòa,(KHO) Tây Nha Trang,Hàng Mới Ca 1,2026-09-09 - Thứ 4,100,67.00%,49.00%,0.00%,13.18,49,0,67,0,51,33,33.00%,51.00%,100,Khánh Hòa,NTB,AM Duy
NTB - Khánh Hòa,(KHO) Tây Nha Trang,Hàng Mới Ca 1,2026-08-30 - Chủ Nhật,94,88.30%,53.19%,0.00%,7.88,50,0,83,0,44,11,11.70%,46.81%,94,Khánh Hòa,NTB,AM Duy
NTB - Khánh Hòa,(KHO) Tây Nha Trang,Hàng Mới Ca 1,2026-09-08 - Thứ 3,88,94.32%,62.50%,0.00%,7.6,55,0,83,0,33,5,5.68%,37.50%,88,Khánh Hòa,NTB,AM Duy
NTB - Khánh Hòa,(KHO) Tây Nha Trang,Hàng Mới Ca 1,2026-08-24 - Thứ 2,64,100.00%,85.94%,0.00%,8.98,55,0,64,0,9,0,0.00%,14.06%,64,Khánh Hòa,NTB,AM Duy
NTB - Khánh Hòa,(KHO) Tây Nha Trang,Hàng Mới Ca 1,2026-08-18 - Thứ 3,80,98.75%,70.00%,0.00%,6.89,56,0,79,0,24,1,1.25%,30.00%,80,Khánh Hòa,NTB,AM Duy
NTB - Khánh Hòa,(KHO) Tây Nha Trang,Hàng Mới Ca 1,2026-08-31 - Thứ 2,101,92.08%,63.37%,0.00%,12.13,64,0,93,0,37,8,7.92%,36.63%,101,Khánh Hòa,NTB,AM Duy
NTB - Khánh Hòa,(KHO) Tây Nha Trang,Hàng Mới Ca 1,2026-08-25 - Thứ 3,81,98.77%,85.19%,0.00%,9.75,69,0,80,0,12,1,1.23%,14.81%,81,Khánh Hòa,NTB,AM Duy
NTB - Khánh Hòa,(KHO) Tây Nha Trang,Hàng Mới Ca 1,2026-09-07 - Thứ 2,122,99.18%,58.20%,0.00%,10.35,71,0,121,0,51,1,0.82%,41.80%,122,Khánh Hòa,NTB,AM Duy
NTB - Khánh Hòa,(KHO) Tây Nha Trang,Hàng Mới Ca 1,2026-08-19 - Thứ 4,134,84.33%,56.72%,0.00%,10.42,76,0,113,0,58,21,15.67%,43.28%,134,Khánh Hòa,NTB,AM Duy
NTB - Khánh Hòa,(KHO) Tây Nha Trang,Hàng Mới Ca 1,2026-08-29 - Thứ 7,117,100.00%,72.65%,0.00%,7.26,85,0,117,0,32,0,0.00%,27.35%,117,Khánh Hòa,NTB,AM Duy
NTB - Khánh Hòa,(KHO) Tây Nha Trang,Hàng Mới Ca 2,2026-09-12 - Thứ 7,82,0.00%,0.00%,0.00%,,0,0,0,0,82,82,100.00%,100.00%,82,Khánh Hòa,NTB,AM Duy
NTB - Khánh Hòa,(KHO) Tây Nha Trang,Hàng Mới Ca 2,2026-09-13 - Chủ Nhật,53,1.89%,1.89%,0.00%,3,1,0,1,0,52,52,98.11%,98.11%,53,Khánh Hòa,NTB,AM Duy
NTB - Khánh Hòa,(KHO) Tây Nha Trang,Hàng Mới Ca 2,2026-09-11 - Thứ 6,55,1.82%,1.82%,0.00%,8,1,0,1,0,54,54,98.18%,98.18%,55,Khánh Hòa,NTB,AM Duy
NTB - Khánh Hòa,(KHO) Tây Nha Trang,Hàng Mới Ca 2,2026-09-10 - Thứ 5,53,3.77%,3.77%,0.00%,7,2,0,2,0,51,51,96.23%,96.23%,53,Khánh Hòa,NTB,AM Duy
NTB - Khánh Hòa,(KHO) Tây Nha Trang,Hàng Mới Ca 2,2026-08-20 - Thứ 5,54,11.11%,5.56%,0.00%,3.33,3,0,6,0,51,48,88.89%,94.44%,54,Khánh Hòa,NTB,AM Duy
NTB - Khánh Hòa,(KHO) Tây Nha Trang,Hàng Mới Ca 2,2026-08-19 - Thứ 4,66,9.09%,4.55%,0.00%,6.67,3,0,6,0,63,60,90.91%,95.45%,66,Khánh Hòa,NTB,AM Duy
NTB - Khánh Hòa,(KHO) Tây Nha Trang,Hàng Mới Ca 2,2026-09-08 - Thứ 3,75,12.00%,9.33%,0.00%,5.14,7,0,9,0,68,66,88.00%,90.67%,75,Khánh Hòa,NTB,AM Duy
NTB - Khánh Hòa,(KHO) Tây Nha Trang,Hàng Mới Ca 2,2026-09-07 - Thứ 2,14,71.43%,50.00%,0.00%,4.29,7,0,10,0,7,4,28.57%,50.00%,14,Khánh Hòa,NTB,AM Duy
NTB - Khánh Hòa,(KHO) Tây Nha Trang,Hàng Mới Ca 2,2026-09-09 - Thứ 4,74,13.51%,12.16%,0.00%,5.22,9,0,10,0,65,64,86.49%,87.84%,74,Khánh Hòa,NTB,AM Duy
NTB - Khánh Hòa,(KHO) Tây Nha Trang,Hàng Mới Ca 2,2026-09-02 - Thứ 4,34,70.59%,52.94%,0.00%,5.33,18,0,24,0,16,10,29.41%,47.06%,34,Khánh Hòa,NTB,AM Duy
NTB - Khánh Hòa,(KHO) Tây Nha Trang,Hàng Mới Ca 2,2026-08-21 - Thứ 6,57,52.63%,33.33%,0.00%,3.74,19,0,30,0,38,27,47.37%,66.67%,57,Khánh Hòa,NTB,AM Duy
NTB - Khánh Hòa,(KHO) Tây Nha Trang,Hàng Mới Ca 2,2026-09-06 - Chủ Nhật,77,48.05%,27.27%,0.00%,5.81,21,0,37,0,56,40,51.95%,72.73%,77,Khánh Hòa,NTB,AM Duy
NTB - Khánh Hòa,(KHO) Tây Nha Trang,Hàng Mới Ca 2,2026-09-03 - Thứ 5,45,71.11%,53.33%,0.00%,4.5,24,0,32,0,21,13,28.89%,46.67%,45,Khánh Hòa,NTB,AM Duy
NTB - Khánh Hòa,(KHO) Tây Nha Trang,Hàng Mới Ca 2,2026-08-17 - Thứ 2,54,70.37%,51.85%,0.00%,4.07,28,0,38,0,26,16,29.63%,48.15%,54,Khánh Hòa,NTB,AM Duy
NTB - Khánh Hòa,(KHO) Tây Nha Trang,Hàng Mới Ca 2,2026-08-18 - Thứ 3,78,71.79%,35.90%,0.00%,3.43,28,0,56,0,50,22,28.21%,64.10%,78,Khánh Hòa,NTB,AM Duy
NTB - Khánh Hòa,(KHO) Tây Nha Trang,Hàng Mới Ca 2,2026-09-04 - Thứ 6,55,94.55%,52.73%,0.00%,4.34,29,0,52,0,26,3,5.45%,47.27%,55,Khánh Hòa,NTB,AM Duy
NTB - Khánh Hòa,(KHO) Tây Nha Trang,Hàng Mới Ca 2,2026-08-30 - Chủ Nhật,74,62.16%,43.24%,0.00%,4.75,32,0,46,0,42,28,37.84%,56.76%,74,Khánh Hòa,NTB,AM Duy
NTB - Khánh Hòa,(KHO) Tây Nha Trang,Hàng Mới Ca 2,2026-08-28 - Thứ 6,49,91.84%,65.31%,0.00%,3.03,32,0,45,0,17,4,8.16%,34.69%,49,Khánh Hòa,NTB,AM Duy
NTB - Khánh Hòa,(KHO) Tây Nha Trang,Hàng Mới Ca 2,2026-08-22 - Thứ 7,64,92.19%,50.00%,0.00%,4.72,32,0,59,0,32,5,7.81%,50.00%,64,Khánh Hòa,NTB,AM Duy
NTB - Khánh Hòa,(KHO) Tây Nha Trang,Hàng Mới Ca 2,2026-08-27 - Thứ 5,48,100.00%,68.75%,0.00%,4.7,33,0,48,0,15,0,0.00%,31.25%,48,Khánh Hòa,NTB,AM Duy
NTB - Khánh Hòa,(KHO) Tây Nha Trang,Hàng Mới Ca 2,2026-08-29 - Thứ 7,56,91.07%,64.29%,0.00%,4,36,0,51,0,20,5,8.93%,35.71%,56,Khánh Hòa,NTB,AM Duy
NTB - Khánh Hòa,(KHO) Tây Nha Trang,Hàng Mới Ca 2,2026-09-01 - Thứ 3,59,94.92%,64.41%,0.00%,4.18,38,0,56,0,21,3,5.08%,35.59%,59,Khánh Hòa,NTB,AM Duy
NTB - Khánh Hòa,(KHO) Tây Nha Trang,Hàng Mới Ca 2,2026-09-05 - Thứ 7,68,94.12%,58.82%,0.00%,4.93,40,0,64,0,28,4,5.88%,41.18%,68,Khánh Hòa,NTB,AM Duy
NTB - Khánh Hòa,(KHO) Tây Nha Trang,Hàng Mới Ca 2,2026-08-31 - Thứ 2,74,83.78%,60.81%,0.00%,4.53,45,0,62,0,29,12,16.22%,39.19%,74,Khánh Hòa,NTB,AM Duy
NTB - Khánh Hòa,(KHO) Tây Nha Trang,Hàng Mới Ca 2,2026-08-23 - Chủ Nhật,61,100.00%,78.69%,0.00%,4.4,48,0,61,0,13,0,0.00%,21.31%,61,Khánh Hòa,NTB,AM Duy
NTB - Khánh Hòa,(KHO) Tây Nha Trang,Hàng Mới Ca 2,2026-08-24 - Thứ 2,100,85.00%,58.00%,0.00%,4.22,58,0,85,0,42,15,15.00%,42.00%,100,Khánh Hòa,NTB,AM Duy
NTB - Khánh Hòa,(KHO) Tây Nha Trang,Hàng Mới Ca 2,2026-08-25 - Thứ 3,106,99.06%,64.15%,0.00%,4.04,68,0,105,0,38,1,0.94%,35.85%,106,Khánh Hòa,NTB,AM Duy
NTB - Khánh Hòa,(KHO) Tây Nha Trang,Hàng Mới Ca 2,2026-08-26 - Thứ 4,92,100.00%,76.09%,0.00%,4.54,70,0,92,0,22,0,0.00%,23.91%,92,Khánh Hòa,NTB,AM Duy
NTB - Khánh Hòa,(KHO) Tây Nha Trang,Hàng Tồn,2026-08-20 - Thứ 5,182,92.86%,48.35%,4.40%,42.3,88,8,169,8,86,13,7.14%,47.25%,0,Khánh Hòa,NTB,AM Duy
NTB - Khánh Hòa,(KHO) Tây Nha Trang,Hàng Tồn,2026-08-17 - Thứ 2,174,98.28%,50.00%,6.32%,47,87,11,171,11,76,3,1.72%,43.68%,0,Khánh Hòa,NTB,AM Duy
NTB - Khánh Hòa,(KHO) Tây Nha Trang,Hàng Tồn,2026-09-12 - Thứ 7,198,84.85%,41.41%,5.05%,44.37,82,10,168,10,106,30,15.15%,53.54%,0,Khánh Hòa,NTB,AM Duy
NTB - Khánh Hòa,(KHO) Tây Nha Trang,Hàng Tồn,2026-08-21 - Thứ 6,195,98.97%,53.33%,2.56%,39.97,104,5,193,5,86,2,1.03%,44.11%,0,Khánh Hòa,NTB,AM Duy
NTB - Khánh Hòa,(KHO) Tây Nha Trang,Hàng Tồn,2026-09-13 - Chủ Nhật,263,62.36%,33.46%,1.14%,52.43,88,3,164,3,172,99,37.64%,65.40%,0,Khánh Hòa,NTB,AM Duy
NTB - Khánh Hòa,(KHO) Tây Nha Trang,Hàng Tồn,2026-09-11 - Thứ 6,232,87.07%,53.02%,4.31%,42.38,123,10,202,10,99,30,12.93%,42.67%,0,Khánh Hòa,NTB,AM Duy
NTB - Khánh Hòa,(KHO) Tây Nha Trang,Hàng Tồn,2026-08-22 - Thứ 7,150,98.00%,49.33%,4.67%,46.92,74,7,147,7,69,3,2.00%,46.00%,0,Khánh Hòa,NTB,AM Duy
NTB - Khánh Hòa,(KHO) Tây Nha Trang,Hàng Tồn,2026-08-30 - Chủ Nhật,89,96.63%,26.97%,6.74%,44.08,24,6,86,6,59,3,3.37%,66.29%,0,Khánh Hòa,NTB,AM Duy
NTB - Khánh Hòa,(KHO) Tây Nha Trang,Hàng Tồn,2026-09-04 - Thứ 6,81,97.53%,32.10%,3.70%,40.08,26,3,79,3,52,2,2.47%,64.20%,0,Khánh Hòa,NTB,AM Duy
NTB - Khánh Hòa,(KHO) Tây Nha Trang,Hàng Tồn,2026-09-02 - Thứ 4,93,93.55%,34.41%,17.20%,41.09,32,16,87,16,45,6,6.45%,48.39%,0,Khánh Hòa,NTB,AM Duy
NTB - Khánh Hòa,(KHO) Tây Nha Trang,Hàng Tồn,2026-08-29 - Thứ 7,80,100.00%,42.50%,6.25%,41.12,34,5,80,5,41,0,0.00%,51.25%,0,Khánh Hòa,NTB,AM Duy
NTB - Khánh Hòa,(KHO) Tây Nha Trang,Hàng Tồn,2026-09-06 - Chủ Nhật,111,99.10%,33.33%,4.50%,43.84,37,5,110,5,69,1,0.90%,62.17%,0,Khánh Hòa,NTB,AM Duy
NTB - Khánh Hòa,(KHO) Tây Nha Trang,Hàng Tồn,2026-08-27 - Thứ 5,81,100.00%,45.68%,1.23%,33.78,37,1,81,1,43,0,0.00%,53.09%,0,Khánh Hòa,NTB,AM Duy
NTB - Khánh Hòa,(KHO) Tây Nha Trang,Hàng Tồn,2026-08-18 - Thứ 3,129,97.67%,31.01%,3.88%,44.13,40,5,126,5,84,3,2.33%,65.11%,0,Khánh Hòa,NTB,AM Duy
NTB - Khánh Hòa,(KHO) Tây Nha Trang,Hàng Tồn,2026-09-08 - Thứ 3,132,98.48%,31.82%,3.79%,50.81,42,5,130,5,85,2,1.52%,64.39%,0,Khánh Hòa,NTB,AM Duy
NTB - Khánh Hòa,(KHO) Tây Nha Trang,Hàng Tồn,2026-09-01 - Thứ 3,113,100.00%,37.17%,3.54%,39.55,42,4,113,4,67,0,0.00%,59.29%,0,Khánh Hòa,NTB,AM Duy
NTB - Khánh Hòa,(KHO) Tây Nha Trang,Hàng Tồn,2026-08-25 - Thứ 3,91,98.90%,47.25%,2.20%,34.88,43,2,90,2,46,1,1.10%,50.55%,0,Khánh Hòa,NTB,AM Duy
NTB - Khánh Hòa,(KHO) Tây Nha Trang,Hàng Tồn,2026-09-05 - Thứ 7,99,95.96%,43.43%,8.08%,49.33,43,8,95,8,48,4,4.04%,48.49%,0,Khánh Hòa,NTB,AM Duy
NTB - Khánh Hòa,(KHO) Tây Nha Trang,Hàng Tồn,2026-08-26 - Thứ 4,91,100.00%,47.25%,19.78%,40.49,43,18,91,18,30,0,0.00%,32.97%,0,Khánh Hòa,NTB,AM Duy
NTB - Khánh Hòa,(KHO) Tây Nha Trang,Hàng Tồn,2026-08-28 - Thứ 6,93,100.00%,49.46%,6.45%,50.02,46,6,93,6,41,0,0.00%,44.09%,0,Khánh Hòa,NTB,AM Duy
NTB - Khánh Hòa,(KHO) Tây Nha Trang,Hàng Tồn,2026-09-03 - Thứ 5,100,100.00%,46.00%,4.00%,45.85,46,4,100,4,50,0,0.00%,50.00%,0,Khánh Hòa,NTB,AM Duy
NTB - Khánh Hòa,(KHO) Tây Nha Trang,Hàng Tồn,2026-08-23 - Chủ Nhật,135,100.00%,40.74%,4.44%,39.8,55,6,135,6,74,0,0.00%,54.82%,0,Khánh Hòa,NTB,AM Duy
NTB - Khánh Hòa,(KHO) Tây Nha Trang,Hàng Tồn,2026-08-24 - Thứ 2,117,99.15%,52.14%,9.40%,48.44,61,11,116,11,45,1,0.85%,38.46%,0,Khánh Hòa,NTB,AM Duy
NTB - Khánh Hòa,(KHO) Tây Nha Trang,Hàng Tồn,2026-08-19 - Thứ 4,152,92.76%,46.05%,7.24%,48.16,70,11,141,11,71,11,7.24%,46.71%,0,Khánh Hòa,NTB,AM Duy
NTB - Khánh Hòa,(KHO) Tây Nha Trang,Hàng Tồn,2026-09-09 - Thứ 4,178,78.65%,39.89%,4.49%,41.41,71,8,140,8,99,38,21.35%,55.62%,0,Khánh Hòa,NTB,AM Duy
NTB - Khánh Hòa,(KHO) Tây Nha Trang,Hàng Tồn,2026-09-10 - Thứ 5,174,88.51%,41.95%,4.02%,47.93,73,7,154,7,94,20,11.49%,54.03%,0,Khánh Hòa,NTB,AM Duy
NTB - Khánh Hòa,(KHO) Tây Nha Trang,Hàng Tồn,2026-08-31 - Thứ 2,144,99.31%,52.78%,6.25%,38.78,76,9,143,9,59,1,0.69%,40.97%,0,Khánh Hòa,NTB,AM Duy
NTB - Khánh Hòa,(KHO) Tây Nha Trang,Hàng Tồn,2026-09-07 - Thứ 2,170,98.82%,50.00%,2.94%,39.59,85,5,168,5,80,2,1.18%,47.06%,0,Khánh Hòa,NTB,AM Duy
NTB - Khánh Hòa,(KHO) Tu Bông,Hàng Mới Ca 1,2026-08-20 - Thứ 5,156,100.00%,83.97%,0.00%,11.73,131,0,156,0,25,0,0.00%,16.03%,156,Khánh Hòa,NTB,AM Duy
NTB - Khánh Hòa,(KHO) Tu Bông,Hàng Mới Ca 1,2026-08-27 - Thứ 5,107,100.00%,80.37%,0.00%,5.34,86,0,107,0,21,0,0.00%,19.63%,107,Khánh Hòa,NTB,AM Duy
NTB - Khánh Hòa,(KHO) Tu Bông,Hàng Mới Ca 1,2026-09-12 - Thứ 7,122,100.00%,83.61%,0.00%,7.57,102,0,122,0,20,0,0.00%,16.39%,122,Khánh Hòa,NTB,AM Duy
NTB - Khánh Hòa,(KHO) Tu Bông,Hàng Mới Ca 1,2026-09-10 - Thứ 5,104,99.04%,89.42%,0.00%,10.99,93,0,103,0,11,1,0.96%,10.58%,104,Khánh Hòa,NTB,AM Duy
NTB - Khánh Hòa,(KHO) Tu Bông,Hàng Mới Ca 1,2026-08-23 - Chủ Nhật,93,100.00%,87.10%,0.00%,4.96,81,0,93,0,12,0,0.00%,12.90%,93,Khánh Hòa,NTB,AM Duy
NTB - Khánh Hòa,(KHO) Tu Bông,Hàng Mới Ca 1,2026-08-31 - Thứ 2,88,100.00%,90.91%,0.00%,5.03,80,0,88,0,8,0,0.00%,9.09%,88,Khánh Hòa,NTB,AM Duy
NTB - Khánh Hòa,(KHO) Tu Bông,Hàng Mới Ca 1,2026-08-28 - Thứ 6,103,100.00%,78.64%,0.00%,4.96,81,0,103,0,22,0,0.00%,21.36%,103,Khánh Hòa,NTB,AM Duy
NTB - Khánh Hòa,(KHO) Tu Bông,Hàng Mới Ca 1,2026-09-07 - Thứ 2,126,100.00%,90.48%,0.00%,6.5,114,0,126,0,12,0,0.00%,9.52%,126,Khánh Hòa,NTB,AM Duy
NTB - Khánh Hòa,(KHO) Tu Bông,Hàng Mới Ca 1,2026-09-13 - Chủ Nhật,115,99.13%,80.87%,0.00%,9.97,93,0,114,0,22,1,0.87%,19.13%,115,Khánh Hòa,NTB,AM Duy
NTB - Khánh Hòa,(KHO) Tu Bông,Hàng Mới Ca 1,2026-09-01 - Thứ 3,26,100.00%,80.77%,0.00%,4.14,21,0,26,0,5,0,0.00%,19.23%,26,Khánh Hòa,NTB,AM Duy
NTB - Khánh Hòa,(KHO) Tu Bông,Hàng Mới Ca 1,2026-08-18 - Thứ 3,45,100.00%,84.44%,0.00%,3.95,38,0,45,0,7,0,0.00%,15.56%,45,Khánh Hòa,NTB,AM Duy
NTB - Khánh Hòa,(KHO) Tu Bông,Hàng Mới Ca 1,2026-09-04 - Thứ 6,49,100.00%,89.80%,0.00%,5.3,44,0,49,0,5,0,0.00%,10.20%,49,Khánh Hòa,NTB,AM Duy
NTB - Khánh Hòa,(KHO) Tu Bông,Hàng Mới Ca 1,2026-09-03 - Thứ 5,48,100.00%,93.75%,0.00%,3.62,45,0,48,0,3,0,0.00%,6.25%,48,Khánh Hòa,NTB,AM Duy
NTB - Khánh Hòa,(KHO) Tu Bông,Hàng Mới Ca 1,2026-09-08 - Thứ 3,54,100.00%,90.74%,0.00%,4.31,49,0,54,0,5,0,0.00%,9.26%,54,Khánh Hòa,NTB,AM Duy
NTB - Khánh Hòa,(KHO) Tu Bông,Hàng Mới Ca 1,2026-09-09 - Thứ 4,51,100.00%,96.08%,0.00%,4.61,49,0,51,0,2,0,0.00%,3.92%,51,Khánh Hòa,NTB,AM Duy
NTB - Khánh Hòa,(KHO) Tu Bông,Hàng Mới Ca 1,2026-08-17 - Thứ 2,55,100.00%,92.73%,0.00%,4.71,51,0,55,0,4,0,0.00%,7.27%,55,Khánh Hòa,NTB,AM Duy
NTB - Khánh Hòa,(KHO) Tu Bông,Hàng Mới Ca 1,2026-08-25 - Thứ 3,62,100.00%,82.26%,0.00%,5.45,51,0,62,0,11,0,0.00%,17.74%,62,Khánh Hòa,NTB,AM Duy
NTB - Khánh Hòa,(KHO) Tu Bông,Hàng Mới Ca 1,2026-08-19 - Thứ 4,56,100.00%,92.86%,0.00%,19.42,52,0,56,0,4,0,0.00%,7.14%,56,Khánh Hòa,NTB,AM Duy
NTB - Khánh Hòa,(KHO) Tu Bông,Hàng Mới Ca 1,2026-08-24 - Thứ 2,67,100.00%,79.10%,0.00%,4.08,53,0,67,0,14,0,0.00%,20.90%,67,Khánh Hòa,NTB,AM Duy
NTB - Khánh Hòa,(KHO) Tu Bông,Hàng Mới Ca 1,2026-09-02 - Thứ 4,64,100.00%,89.06%,0.00%,5.37,57,0,64,0,7,0,0.00%,10.94%,64,Khánh Hòa,NTB,AM Duy
NTB - Khánh Hòa,(KHO) Tu Bông,Hàng Mới Ca 1,2026-08-22 - Thứ 7,71,98.59%,80.28%,0.00%,6.05,57,0,70,0,14,1,1.41%,19.72%,71,Khánh Hòa,NTB,AM Duy
NTB - Khánh Hòa,(KHO) Tu Bông,Hàng Mới Ca 1,2026-08-29 - Thứ 7,70,100.00%,87.14%,0.00%,5.08,61,0,70,0,9,0,0.00%,12.86%,70,Khánh Hòa,NTB,AM Duy
NTB - Khánh Hòa,(KHO) Tu Bông,Hàng Mới Ca 1,2026-08-30 - Chủ Nhật,79,100.00%,86.08%,0.00%,4.59,68,0,79,0,11,0,0.00%,13.92%,79,Khánh Hòa,NTB,AM Duy
NTB - Khánh Hòa,(KHO) Tu Bông,Hàng Mới Ca 1,2026-09-05 - Thứ 7,77,100.00%,90.91%,0.00%,4.41,70,0,77,0,7,0,0.00%,9.09%,77,Khánh Hòa,NTB,AM Duy
NTB - Khánh Hòa,(KHO) Tu Bông,Hàng Mới Ca 1,2026-08-21 - Thứ 6,82,100.00%,86.59%,0.00%,4.85,71,0,82,0,11,0,0.00%,13.41%,82,Khánh Hòa,NTB,AM Duy
NTB - Khánh Hòa,(KHO) Tu Bông,Hàng Mới Ca 1,2026-09-06 - Chủ Nhật,87,100.00%,83.91%,0.00%,4.81,73,0,87,0,14,0,0.00%,16.09%,87,Khánh Hòa,NTB,AM Duy
NTB - Khánh Hòa,(KHO) Tu Bông,Hàng Mới Ca 1,2026-09-11 - Thứ 6,86,100.00%,89.53%,0.00%,9.51,77,0,86,0,9,0,0.00%,10.47%,86,Khánh Hòa,NTB,AM Duy
NTB - Khánh Hòa,(KHO) Tu Bông,Hàng Mới Ca 2,2026-08-26 - Thứ 4,147,100.00%,86.39%,0.00%,3.72,127,0,147,0,20,0,0.00%,13.61%,147,Khánh Hòa,NTB,AM Duy
NTB - Khánh Hòa,(KHO) Tu Bông,Hàng Mới Ca 2,2026-09-07 - Thứ 2,8,100.00%,100.00%,0.00%,1.88,8,0,8,0,0,0,0.00%,0.00%,8,Khánh Hòa,NTB,AM Duy
NTB - Khánh Hòa,(KHO) Tu Bông,Hàng Mới Ca 2,2026-08-30 - Chủ Nhật,14,100.00%,64.29%,0.00%,1.78,9,0,14,0,5,0,0.00%,35.71%,14,Khánh Hòa,NTB,AM Duy
NTB - Khánh Hòa,(KHO) Tu Bông,Hàng Mới Ca 2,2026-08-17 - Thứ 2,13,100.00%,84.62%,0.00%,1.36,11,0,13,0,2,0,0.00%,15.38%,13,Khánh Hòa,NTB,AM Duy
NTB - Khánh Hòa,(KHO) Tu Bông,Hàng Mới Ca 2,2026-09-03 - Thứ 5,14,92.86%,78.57%,0.00%,1.91,11,0,13,0,3,1,7.14%,21.43%,14,Khánh Hòa,NTB,AM Duy
NTB - Khánh Hòa,(KHO) Tu Bông,Hàng Mới Ca 2,2026-09-02 - Thứ 4,21,100.00%,61.90%,0.00%,1.31,13,0,21,0,8,0,0.00%,38.10%,21,Khánh Hòa,NTB,AM Duy
NTB - Khánh Hòa,(KHO) Tu Bông,Hàng Mới Ca 2,2026-08-28 - Thứ 6,28,96.43%,57.14%,0.00%,2.25,16,0,27,0,12,1,3.57%,42.86%,28,Khánh Hòa,NTB,AM Duy
NTB - Khánh Hòa,(KHO) Tu Bông,Hàng Mới Ca 2,2026-08-29 - Thứ 7,27,96.30%,70.37%,0.00%,1.68,19,0,26,0,8,1,3.70%,29.63%,27,Khánh Hòa,NTB,AM Duy
NTB - Khánh Hòa,(KHO) Tu Bông,Hàng Mới Ca 2,2026-08-22 - Thứ 7,28,100.00%,67.86%,0.00%,1.84,19,0,28,0,9,0,0.00%,32.14%,28,Khánh Hòa,NTB,AM Duy
NTB - Khánh Hòa,(KHO) Tu Bông,Hàng Mới Ca 2,2026-08-25 - Thứ 3,33,100.00%,63.64%,0.00%,1.62,21,0,33,0,12,0,0.00%,36.36%,33,Khánh Hòa,NTB,AM Duy
NTB - Khánh Hòa,(KHO) Tu Bông,Hàng Mới Ca 2,2026-09-05 - Thứ 7,33,100.00%,66.67%,0.00%,1.91,22,0,33,0,11,0,0.00%,33.33%,33,Khánh Hòa,NTB,AM Duy
NTB - Khánh Hòa,(KHO) Tu Bông,Hàng Mới Ca 2,2026-08-21 - Thứ 6,37,97.30%,64.86%,0.00%,2.5,24,0,36,0,13,1,2.70%,35.14%,37,Khánh Hòa,NTB,AM Duy
NTB - Khánh Hòa,(KHO) Tu Bông,Hàng Mới Ca 2,2026-09-13 - Chủ Nhật,37,97.30%,64.86%,0.00%,2.79,24,0,36,0,13,1,2.70%,35.14%,37,Khánh Hòa,NTB,AM Duy
NTB - Khánh Hòa,(KHO) Tu Bông,Hàng Mới Ca 2,2026-08-23 - Chủ Nhật,32,100.00%,78.13%,0.00%,1.76,25,0,32,0,7,0,0.00%,21.87%,32,Khánh Hòa,NTB,AM Duy
NTB - Khánh Hòa,(KHO) Tu Bông,Hàng Mới Ca 2,2026-08-27 - Thứ 5,46,100.00%,60.87%,0.00%,2.82,28,0,46,0,18,0,0.00%,39.13%,46,Khánh Hòa,NTB,AM Duy
NTB - Khánh Hòa,(KHO) Tu Bông,Hàng Mới Ca 2,2026-09-04 - Thứ 6,35,100.00%,80.00%,0.00%,1.61,28,0,35,0,7,0,0.00%,20.00%,35,Khánh Hòa,NTB,AM Duy
NTB - Khánh Hòa,(KHO) Tu Bông,Hàng Mới Ca 2,2026-09-01 - Thứ 3,43,100.00%,67.44%,0.00%,2.1,29,0,43,0,14,0,0.00%,32.56%,43,Khánh Hòa,NTB,AM Duy
NTB - Khánh Hòa,(KHO) Tu Bông,Hàng Mới Ca 2,2026-08-20 - Thứ 5,69,75.36%,46.38%,0.00%,2.56,32,0,52,0,37,17,24.64%,53.62%,69,Khánh Hòa,NTB,AM Duy
NTB - Khánh Hòa,(KHO) Tu Bông,Hàng Mới Ca 2,2026-08-31 - Thứ 2,42,100.00%,76.19%,0.00%,2.25,32,0,42,0,10,0,0.00%,23.81%,42,Khánh Hòa,NTB,AM Duy
NTB - Khánh Hòa,(KHO) Tu Bông,Hàng Mới Ca 2,2026-09-08 - Thứ 3,50,100.00%,70.00%,0.00%,2.54,35,0,50,0,15,0,0.00%,30.00%,50,Khánh Hòa,NTB,AM Duy
NTB - Khánh Hòa,(KHO) Tu Bông,Hàng Mới Ca 2,2026-09-09 - Thứ 4,61,100.00%,65.57%,0.00%,3,40,0,61,0,21,0,0.00%,34.43%,61,Khánh Hòa,NTB,AM Duy
NTB - Khánh Hòa,(KHO) Tu Bông,Hàng Mới Ca 2,2026-08-19 - Thứ 4,51,100.00%,86.27%,0.00%,2.14,44,0,51,0,7,0,0.00%,13.73%,51,Khánh Hòa,NTB,AM Duy
NTB - Khánh Hòa,(KHO) Tu Bông,Hàng Mới Ca 2,2026-08-24 - Thứ 2,65,86.15%,73.85%,0.00%,2.4,48,0,56,0,17,9,13.85%,26.15%,65,Khánh Hòa,NTB,AM Duy
NTB - Khánh Hòa,(KHO) Tu Bông,Hàng Tồn,2026-09-05 - Thứ 7,17,100.00%,23.53%,5.88%,24,4,1,17,1,12,0,0.00%,70.59%,0,Khánh Hòa,NTB,AM Duy
NTB - Khánh Hòa,(KHO) Tu Bông,Hàng Tồn,2026-09-08 - Thứ 3,23,100.00%,21.74%,13.04%,30.6,5,3,23,3,15,0,0.00%,65.22%,0,Khánh Hòa,NTB,AM Duy
NTB - Khánh Hòa,(KHO) Tu Bông,Hàng Tồn,2026-08-18 - Thứ 3,14,100.00%,35.71%,7.14%,28.2,5,1,14,1,8,0,0.00%,57.15%,0,Khánh Hòa,NTB,AM Duy
NTB - Khánh Hòa,(KHO) Tu Bông,Hàng Tồn,2026-09-04 - Thứ 6,14,100.00%,42.86%,0.00%,40.83,6,0,14,0,8,0,0.00%,57.14%,0,Khánh Hòa,NTB,AM Duy
NTB - Khánh Hòa,(KHO) Tu Bông,Hàng Tồn,2026-09-12 - Thứ 7,18,100.00%,33.33%,22.22%,53.5,6,4,18,4,8,0,0.00%,44.45%,0,Khánh Hòa,NTB,AM Duy
NTB - Khánh Hòa,(KHO) Tu Bông,Hàng Tồn,2026-08-19 - Thứ 4,14,100.00%,50.00%,0.00%,43,7,0,14,0,7,0,0.00%,50.00%,0,Khánh Hòa,NTB,AM Duy
NTB - Khánh Hòa,(KHO) Tu Bông,Hàng Tồn,2026-08-20 - Thứ 5,18,100.00%,44.44%,22.22%,33.88,8,4,18,4,6,0,0.00%,33.34%,0,Khánh Hòa,NTB,AM Duy
NTB - Khánh Hòa,(KHO) Tu Bông,Hàng Tồn,2026-09-07 - Thứ 2,24,100.00%,33.33%,8.33%,34,8,2,24,2,14,0,0.00%,58.34%,0,Khánh Hòa,NTB,AM Duy
NTB - Khánh Hòa,(KHO) Tu Bông,Hàng Tồn,2026-09-03 - Thứ 5,20,100.00%,50.00%,5.00%,26.3,10,1,20,1,9,0,0.00%,45.00%,0,Khánh Hòa,NTB,AM Duy
NTB - Khánh Hòa,(KHO) Tu Bông,Hàng Tồn,2026-09-11 - Thứ 6,26,100.00%,38.46%,11.54%,37.3,10,3,26,3,13,0,0.00%,50.00%,0,Khánh Hòa,NTB,AM Duy
NTB - Khánh Hòa,(KHO) Tu Bông,Hàng Tồn,2026-08-17 - Thứ 2,20,100.00%,55.00%,0.00%,41.64,11,0,20,0,9,0,0.00%,45.00%,0,Khánh Hòa,NTB,AM Duy
NTB - Khánh Hòa,(KHO) Tu Bông,Hàng Tồn,2026-08-31 - Thứ 2,29,100.00%,37.93%,13.79%,31.09,11,4,29,4,14,0,0.00%,48.28%,0,Khánh Hòa,NTB,AM Duy
NTB - Khánh Hòa,(KHO) Tu Bông,Hàng Tồn,2026-09-09 - Thứ 4,31,100.00%,38.71%,0.00%,29.17,12,0,31,0,19,0,0.00%,61.29%,0,Khánh Hòa,NTB,AM Duy
NTB - Khánh Hòa,(KHO) Tu Bông,Hàng Tồn,2026-09-06 - Chủ Nhật,29,100.00%,48.28%,6.90%,28.21,14,2,29,2,13,0,0.00%,44.82%,0,Khánh Hòa,NTB,AM Duy
NTB - Khánh Hòa,(KHO) Tu Bông,Hàng Tồn,2026-08-30 - Chủ Nhật,38,94.74%,39.47%,5.26%,37.07,15,2,36,2,21,2,5.26%,55.27%,0,Khánh Hòa,NTB,AM Duy
NTB - Khánh Hòa,(KHO) Tu Bông,Hàng Tồn,2026-09-01 - Thứ 3,29,100.00%,51.72%,3.45%,29.87,15,1,29,1,13,0,0.00%,44.83%,0,Khánh Hòa,NTB,AM Duy
NTB - Khánh Hòa,(KHO) Tu Bông,Hàng Tồn,2026-08-24 - Thứ 2,37,100.00%,43.24%,5.41%,34.06,16,2,37,2,19,0,0.00%,51.35%,0,Khánh Hòa,NTB,AM Duy
NTB - Khánh Hòa,(KHO) Tu Bông,Hàng Tồn,2026-09-02 - Thứ 4,26,100.00%,65.38%,3.85%,28.06,17,1,26,1,8,0,0.00%,30.77%,0,Khánh Hòa,NTB,AM Duy
NTB - Khánh Hòa,(KHO) Tu Bông,Hàng Tồn,2026-09-13 - Chủ Nhật,28,100.00%,64.29%,0.00%,39.28,18,0,28,0,10,0,0.00%,35.71%,0,Khánh Hòa,NTB,AM Duy
NTB - Khánh Hòa,(KHO) Tu Bông,Hàng Tồn,2026-08-27 - Thứ 5,35,100.00%,54.29%,0.00%,37,19,0,35,0,16,0,0.00%,45.71%,0,Khánh Hòa,NTB,AM Duy
NTB - Khánh Hòa,(KHO) Tu Bông,Hàng Tồn,2026-08-26 - Thứ 4,42,100.00%,45.24%,11.90%,34.68,19,5,42,5,18,0,0.00%,42.86%,0,Khánh Hòa,NTB,AM Duy
NTB - Khánh Hòa,(KHO) Tu Bông,Hàng Tồn,2026-09-10 - Thứ 5,40,100.00%,52.50%,7.50%,31.19,21,3,40,3,16,0,0.00%,40.00%,0,Khánh Hòa,NTB,AM Duy
NTB - Khánh Hòa,(KHO) Tu Bông,Hàng Tồn,2026-08-23 - Chủ Nhật,47,100.00%,48.94%,4.26%,38,23,2,47,2,22,0,0.00%,46.80%,0,Khánh Hòa,NTB,AM Duy
NTB - Khánh Hòa,(KHO) Tu Bông,Hàng Tồn,2026-08-25 - Thứ 3,48,100.00%,50.00%,6.25%,29.58,24,3,48,3,21,0,0.00%,43.75%,0,Khánh Hòa,NTB,AM Duy
NTB - Khánh Hòa,(KHO) Tu Bông,Hàng Tồn,2026-08-22 - Thứ 7,59,100.00%,45.76%,1.69%,43,27,1,59,1,31,0,0.00%,52.55%,0,Khánh Hòa,NTB,AM Duy
NTB - Khánh Hòa,(KHO) Tu Bông,Hàng Tồn,2026-08-28 - Thứ 6,56,98.21%,50.00%,7.14%,31.64,28,4,55,4,24,1,1.79%,42.86%,0,Khánh Hòa,NTB,AM Duy
NTB - Khánh Hòa,(KHO) Tu Bông,Hàng Tồn,2026-08-29 - Thứ 7,56,98.21%,53.57%,1.79%,37.43,30,1,55,1,25,1,1.79%,44.64%,0,Khánh Hòa,NTB,AM Duy
NTB - Khánh Hòa,(KHO) Tu Bông,Hàng Tồn,2026-08-21 - Thứ 6,69,100.00%,46.38%,0.00%,30.41,32,0,69,0,37,0,0.00%,53.62%,0,Khánh Hòa,NTB,AM Duy
NTB - Khánh Hòa,(KHO) Ninh Hòa 2,Hàng Mới Ca 1,2026-09-08 - Thứ 3,124,94.35%,77.42%,0.00%,6.69,96,0,117,0,28,7,5.65%,22.58%,124,Khánh Hòa,NTB,AM Phi
NTB - Khánh Hòa,(KHO) Ninh Hòa 2,Hàng Mới Ca 1,2026-08-20 - Thứ 5,170,99.41%,87.06%,0.00%,6.17,148,0,169,0,22,1,0.59%,12.94%,170,Khánh Hòa,NTB,AM Phi
NTB - Khánh Hòa,(KHO) Ninh Hòa 2,Hàng Mới Ca 1,2026-08-30 - Chủ Nhật,137,99.27%,86.86%,0.00%,10.22,119,0,136,0,18,1,0.73%,13.14%,137,Khánh Hòa,NTB,AM Phi
NTB - Khánh Hòa,(KHO) Ninh Hòa 2,Hàng Mới Ca 1,2026-09-06 - Chủ Nhật,159,94.34%,82.39%,0.00%,8.6,131,0,150,0,28,9,5.66%,17.61%,159,Khánh Hòa,NTB,AM Phi
NTB - Khánh Hòa,(KHO) Ninh Hòa 2,Hàng Mới Ca 1,2026-08-19 - Thứ 4,157,100.00%,91.72%,0.00%,9.01,144,0,157,0,13,0,0.00%,8.28%,157,Khánh Hòa,NTB,AM Phi
NTB - Khánh Hòa,(KHO) Ninh Hòa 2,Hàng Mới Ca 1,2026-08-29 - Thứ 7,121,100.00%,85.95%,0.00%,9.94,104,0,121,0,17,0,0.00%,14.05%,121,Khánh Hòa,NTB,AM Phi
NTB - Khánh Hòa,(KHO) Ninh Hòa 2,Hàng Mới Ca 1,2026-08-17 - Thứ 2,140,88.57%,77.86%,0.00%,8.75,109,0,124,0,31,16,11.43%,22.14%,140,Khánh Hòa,NTB,AM Phi
NTB - Khánh Hòa,(KHO) Ninh Hòa 2,Hàng Mới Ca 1,2026-08-27 - Thứ 5,166,99.40%,77.11%,0.00%,10.85,128,0,165,0,38,1,0.60%,22.89%,166,Khánh Hòa,NTB,AM Phi
NTB - Khánh Hòa,(KHO) Ninh Hòa 2,Hàng Mới Ca 1,2026-09-02 - Thứ 4,122,96.72%,85.25%,0.00%,5.92,104,0,118,0,18,4,3.28%,14.75%,122,Khánh Hòa,NTB,AM Phi
NTB - Khánh Hòa,(KHO) Ninh Hòa 2,Hàng Mới Ca 1,2026-09-12 - Thứ 7,156,98.72%,72.44%,0.00%,6.33,113,0,154,0,43,2,1.28%,27.56%,156,Khánh Hòa,NTB,AM Phi
NTB - Khánh Hòa,(KHO) Ninh Hòa 2,Hàng Mới Ca 1,2026-09-10 - Thứ 5,180,96.67%,81.67%,0.00%,7.09,147,0,174,0,33,6,3.33%,18.33%,180,Khánh Hòa,NTB,AM Phi
NTB - Khánh Hòa,(KHO) Ninh Hòa 2,Hàng Mới Ca 1,2026-08-23 - Chủ Nhật,158,96.20%,81.65%,0.00%,6.2,129,0,152,0,29,6,3.80%,18.35%,158,Khánh Hòa,NTB,AM Phi
NTB - Khánh Hòa,(KHO) Ninh Hòa 2,Hàng Mới Ca 1,2026-08-31 - Thứ 2,107,99.07%,87.85%,0.00%,5.98,94,0,106,0,13,1,0.93%,12.15%,107,Khánh Hòa,NTB,AM Phi
NTB - Khánh Hòa,(KHO) Ninh Hòa 2,Hàng Mới Ca 1,2026-08-21 - Thứ 6,163,98.16%,84.05%,0.00%,10.31,137,0,160,0,26,3,1.84%,15.95%,163,Khánh Hòa,NTB,AM Phi
NTB - Khánh Hòa,(KHO) Ninh Hòa 2,Hàng Mới Ca 1,2026-09-05 - Thứ 7,144,100.00%,78.47%,0.00%,6.08,113,0,144,0,31,0,0.00%,21.53%,144,Khánh Hòa,NTB,AM Phi
NTB - Khánh Hòa,(KHO) Ninh Hòa 2,Hàng Mới Ca 1,2026-08-28 - Thứ 6,139,100.00%,84.89%,0.00%,8.95,118,0,139,0,21,0,0.00%,15.11%,139,Khánh Hòa,NTB,AM Phi
NTB - Khánh Hòa,(KHO) Ninh Hòa 2,Hàng Mới Ca 1,2026-09-07 - Thứ 2,141,98.58%,84.40%,0.00%,7.44,119,0,139,0,22,2,1.42%,15.60%,141,Khánh Hòa,NTB,AM Phi
NTB - Khánh Hòa,(KHO) Ninh Hòa 2,Hàng Mới Ca 1,2026-08-26 - Thứ 4,169,88.76%,75.74%,0.00%,11.02,128,0,150,0,41,19,11.24%,24.26%,169,Khánh Hòa,NTB,AM Phi
NTB - Khánh Hòa,(KHO) Ninh Hòa 2,Hàng Mới Ca 1,2026-09-13 - Chủ Nhật,142,100.00%,78.87%,0.00%,8.98,112,0,142,0,30,0,0.00%,21.13%,142,Khánh Hòa,NTB,AM Phi
NTB - Khánh Hòa,(KHO) Ninh Hòa 2,Hàng Mới Ca 1,2026-09-11 - Thứ 6,114,92.98%,82.46%,0.00%,6.67,94,0,106,0,20,8,7.02%,17.54%,114,Khánh Hòa,NTB,AM Phi
NTB - Khánh Hòa,(KHO) Ninh Hòa 2,Hàng Mới Ca 1,2026-08-24 - Thứ 2,123,99.19%,83.74%,0.00%,10.39,103,0,122,0,20,1,0.81%,16.26%,123,Khánh Hòa,NTB,AM Phi
NTB - Khánh Hòa,(KHO) Ninh Hòa 2,Hàng Mới Ca 1,2026-08-22 - Thứ 7,176,98.86%,89.77%,0.00%,10.03,158,0,174,0,18,2,1.14%,10.23%,176,Khánh Hòa,NTB,AM Phi
NTB - Khánh Hòa,(KHO) Ninh Hòa 2,Hàng Mới Ca 1,2026-09-04 - Thứ 6,57,98.25%,84.21%,0.00%,5.79,48,0,56,0,9,1,1.75%,15.79%,57,Khánh Hòa,NTB,AM Phi
NTB - Khánh Hòa,(KHO) Ninh Hòa 2,Hàng Mới Ca 1,2026-09-03 - Thứ 5,67,92.54%,79.10%,0.00%,5.64,53,0,62,0,14,5,7.46%,20.90%,67,Khánh Hòa,NTB,AM Phi
NTB - Khánh Hòa,(KHO) Ninh Hòa 2,Hàng Mới Ca 1,2026-08-25 - Thứ 3,93,96.77%,65.59%,0.00%,6.44,61,0,90,0,32,3,3.23%,34.41%,93,Khánh Hòa,NTB,AM Phi
NTB - Khánh Hòa,(KHO) Ninh Hòa 2,Hàng Mới Ca 1,2026-08-18 - Thứ 3,72,98.61%,86.11%,0.00%,4.95,62,0,71,0,10,1,1.39%,13.89%,72,Khánh Hòa,NTB,AM Phi
NTB - Khánh Hòa,(KHO) Ninh Hòa 2,Hàng Mới Ca 1,2026-09-01 - Thứ 3,83,92.77%,81.93%,0.00%,5.4,68,0,77,0,15,6,7.23%,18.07%,83,Khánh Hòa,NTB,AM Phi
NTB - Khánh Hòa,(KHO) Ninh Hòa 2,Hàng Mới Ca 1,2026-09-09 - Thứ 4,93,96.77%,91.40%,0.00%,6.11,85,0,90,0,8,3,3.23%,8.60%,93,Khánh Hòa,NTB,AM Phi
NTB - Khánh Hòa,(KHO) Ninh Hòa 2,Hàng Mới Ca 2,2026-09-03 - Thứ 5,21,85.71%,61.90%,0.00%,3.38,13,0,18,0,8,3,14.29%,38.10%,21,Khánh Hòa,NTB,AM Phi
NTB - Khánh Hòa,(KHO) Ninh Hòa 2,Hàng Mới Ca 2,2026-08-17 - Thứ 2,37,83.78%,62.16%,0.00%,2.87,23,0,31,0,14,6,16.22%,37.84%,37,Khánh Hòa,NTB,AM Phi
NTB - Khánh Hòa,(KHO) Ninh Hòa 2,Hàng Mới Ca 2,2026-09-07 - Thứ 2,36,77.78%,66.67%,0.00%,2.63,24,0,28,0,12,8,22.22%,33.33%,36,Khánh Hòa,NTB,AM Phi
NTB - Khánh Hòa,(KHO) Ninh Hòa 2,Hàng Mới Ca 2,2026-08-22 - Thứ 7,41,87.80%,70.73%,0.00%,3.17,29,0,36,0,12,5,12.20%,29.27%,41,Khánh Hòa,NTB,AM Phi
NTB - Khánh Hòa,(KHO) Ninh Hòa 2,Hàng Mới Ca 2,2026-09-11 - Thứ 6,42,88.10%,76.19%,0.00%,2.84,32,0,37,0,10,5,11.90%,23.81%,42,Khánh Hòa,NTB,AM Phi
NTB - Khánh Hòa,(KHO) Ninh Hòa 2,Hàng Mới Ca 2,2026-09-10 - Thứ 5,45,86.67%,73.33%,0.00%,4.18,33,0,39,0,12,6,13.33%,26.67%,45,Khánh Hòa,NTB,AM Phi
NTB - Khánh Hòa,(KHO) Ninh Hòa 2,Hàng Mới Ca 2,2026-08-23 - Chủ Nhật,54,77.78%,62.96%,0.00%,2.97,34,0,42,0,20,12,22.22%,37.04%,54,Khánh Hòa,NTB,AM Phi
NTB - Khánh Hòa,(KHO) Ninh Hòa 2,Hàng Mới Ca 2,2026-09-01 - Thứ 3,58,77.59%,62.07%,0.00%,2.89,36,0,45,0,22,13,22.41%,37.93%,58,Khánh Hòa,NTB,AM Phi
NTB - Khánh Hòa,(KHO) Ninh Hòa 2,Hàng Mới Ca 2,2026-09-04 - Thứ 6,57,85.96%,64.91%,0.00%,3.03,37,0,49,0,20,8,14.04%,35.09%,57,Khánh Hòa,NTB,AM Phi
NTB - Khánh Hòa,(KHO) Ninh Hòa 2,Hàng Mới Ca 2,2026-09-05 - Thứ 7,59,83.05%,64.41%,0.00%,2.89,38,0,49,0,21,10,16.95%,35.59%,59,Khánh Hòa,NTB,AM Phi
NTB - Khánh Hòa,(KHO) Ninh Hòa 2,Hàng Mới Ca 2,2026-09-13 - Chủ Nhật,59,74.58%,64.41%,0.00%,3.18,38,0,44,0,21,15,25.42%,35.59%,59,Khánh Hòa,NTB,AM Phi
NTB - Khánh Hòa,(KHO) Ninh Hòa 2,Hàng Mới Ca 2,2026-08-28 - Thứ 6,56,83.93%,69.64%,0.00%,2.92,39,0,47,0,17,9,16.07%,30.36%,56,Khánh Hòa,NTB,AM Phi
NTB - Khánh Hòa,(KHO) Ninh Hòa 2,Hàng Mới Ca 2,2026-08-27 - Thứ 5,62,74.19%,64.52%,0.00%,3.85,40,0,46,0,22,16,25.81%,35.48%,62,Khánh Hòa,NTB,AM Phi
NTB - Khánh Hòa,(KHO) Ninh Hòa 2,Hàng Mới Ca 2,2026-08-26 - Thứ 4,72,75.00%,58.33%,0.00%,4.17,42,0,54,0,30,18,25.00%,41.67%,72,Khánh Hòa,NTB,AM Phi
NTB - Khánh Hòa,(KHO) Ninh Hòa 2,Hàng Mới Ca 2,2026-08-20 - Thứ 5,52,92.31%,82.69%,0.00%,3.19,43,0,48,0,9,4,7.69%,17.31%,52,Khánh Hòa,NTB,AM Phi
NTB - Khánh Hòa,(KHO) Ninh Hòa 2,Hàng Mới Ca 2,2026-08-19 - Thứ 4,63,76.19%,68.25%,0.00%,2.84,43,0,48,0,20,15,23.81%,31.75%,63,Khánh Hòa,NTB,AM Phi
NTB - Khánh Hòa,(KHO) Ninh Hòa 2,Hàng Mới Ca 2,2026-08-21 - Thứ 6,69,78.26%,63.77%,0.00%,3.66,44,0,54,0,25,15,21.74%,36.23%,69,Khánh Hòa,NTB,AM Phi
NTB - Khánh Hòa,(KHO) Ninh Hòa 2,Hàng Mới Ca 2,2026-09-12 - Thứ 7,77,79.22%,58.44%,0.00%,4.13,45,0,61,0,32,16,20.78%,41.56%,77,Khánh Hòa,NTB,AM Phi
NTB - Khánh Hòa,(KHO) Ninh Hòa 2,Hàng Mới Ca 2,2026-09-06 - Chủ Nhật,70,91.43%,68.57%,0.00%,3.75,48,0,64,0,22,6,8.57%,31.43%,70,Khánh Hòa,NTB,AM Phi
NTB - Khánh Hòa,(KHO) Ninh Hòa 2,Hàng Mới Ca 2,2026-09-02 - Thứ 4,73,80.82%,67.12%,0.00%,2.73,49,0,59,0,24,14,19.18%,32.88%,73,Khánh Hòa,NTB,AM Phi
NTB - Khánh Hòa,(KHO) Ninh Hòa 2,Hàng Mới Ca 2,2026-08-25 - Thứ 3,96,72.92%,53.13%,0.00%,3.76,51,0,70,0,45,26,27.08%,46.87%,96,Khánh Hòa,NTB,AM Phi
NTB - Khánh Hòa,(KHO) Ninh Hòa 2,Hàng Mới Ca 2,2026-08-24 - Thứ 2,87,74.71%,60.92%,0.00%,2.77,53,0,65,0,34,22,25.29%,39.08%,87,Khánh Hòa,NTB,AM Phi
NTB - Khánh Hòa,(KHO) Ninh Hòa 2,Hàng Mới Ca 2,2026-09-09 - Thứ 4,76,84.21%,71.05%,0.00%,3.44,54,0,64,0,22,12,15.79%,28.95%,76,Khánh Hòa,NTB,AM Phi
NTB - Khánh Hòa,(KHO) Ninh Hòa 2,Hàng Mới Ca 2,2026-08-29 - Thứ 7,86,86.05%,68.60%,0.00%,2.83,59,0,74,0,27,12,13.95%,31.40%,86,Khánh Hòa,NTB,AM Phi
NTB - Khánh Hòa,(KHO) Ninh Hòa 2,Hàng Mới Ca 2,2026-08-30 - Chủ Nhật,92,88.04%,68.48%,0.00%,3.43,63,0,81,0,29,11,11.96%,31.52%,92,Khánh Hòa,NTB,AM Phi
NTB - Khánh Hòa,(KHO) Ninh Hòa 2,Hàng Mới Ca 2,2026-09-08 - Thứ 3,95,83.16%,67.37%,0.00%,3.38,64,0,79,0,31,16,16.84%,32.63%,95,Khánh Hòa,NTB,AM Phi
NTB - Khánh Hòa,(KHO) Ninh Hòa 2,Hàng Mới Ca 2,2026-08-18 - Thứ 3,123,69.11%,55.28%,0.00%,2.69,68,0,85,0,55,38,30.89%,44.72%,123,Khánh Hòa,NTB,AM Phi
NTB - Khánh Hòa,(KHO) Ninh Hòa 2,Hàng Mới Ca 2,2026-08-31 - Thứ 2,98,90.82%,78.57%,0.00%,2.96,77,0,89,0,21,9,9.18%,21.43%,98,Khánh Hòa,NTB,AM Phi
NTB - Khánh Hòa,(KHO) Ninh Hòa 2,Hàng Tồn,2026-09-12 - Thứ 7,79,93.67%,24.05%,12.66%,43.16,19,10,74,10,50,5,6.33%,63.29%,0,Khánh Hòa,NTB,AM Phi
NTB - Khánh Hòa,(KHO) Ninh Hòa 2,Hàng Tồn,2026-09-05 - Thứ 7,52,100.00%,36.54%,7.69%,47.53,19,4,52,4,29,0,0.00%,55.77%,0,Khánh Hòa,NTB,AM Phi
NTB - Khánh Hòa,(KHO) Ninh Hòa 2,Hàng Tồn,2026-09-08 - Thứ 3,69,89.86%,31.88%,7.25%,48.5,22,5,62,5,42,7,10.14%,60.87%,0,Khánh Hòa,NTB,AM Phi
NTB - Khánh Hòa,(KHO) Ninh Hòa 2,Hàng Tồn,2026-09-04 - Thứ 6,50,100.00%,44.00%,4.00%,42.36,22,2,50,2,26,0,0.00%,52.00%,0,Khánh Hòa,NTB,AM Phi
NTB - Khánh Hòa,(KHO) Ninh Hòa 2,Hàng Tồn,2026-08-23 - Chủ Nhật,62,93.55%,35.48%,4.84%,39.09,22,3,58,3,37,4,6.45%,59.68%,0,Khánh Hòa,NTB,AM Phi
NTB - Khánh Hòa,(KHO) Ninh Hòa 2,Hàng Tồn,2026-08-21 - Thứ 6,62,95.16%,43.55%,12.90%,46.85,27,8,59,8,27,3,4.84%,43.55%,0,Khánh Hòa,NTB,AM Phi
NTB - Khánh Hòa,(KHO) Ninh Hòa 2,Hàng Tồn,2026-09-10 - Thứ 5,79,84.81%,35.44%,5.06%,59.71,28,4,67,4,47,12,15.19%,59.50%,0,Khánh Hòa,NTB,AM Phi
NTB - Khánh Hòa,(KHO) Ninh Hòa 2,Hàng Tồn,2026-09-03 - Thứ 5,62,80.65%,46.77%,4.84%,31.72,29,3,50,3,30,12,19.35%,48.39%,0,Khánh Hòa,NTB,AM Phi
NTB - Khánh Hòa,(KHO) Ninh Hòa 2,Hàng Tồn,2026-09-02 - Thứ 4,65,92.31%,46.15%,12.31%,34.77,30,8,60,8,27,5,7.69%,41.54%,0,Khánh Hòa,NTB,AM Phi
NTB - Khánh Hòa,(KHO) Ninh Hòa 2,Hàng Tồn,2026-09-01 - Thứ 3,64,90.63%,46.88%,0.00%,36.67,30,0,58,0,34,6,9.37%,53.12%,0,Khánh Hòa,NTB,AM Phi
NTB - Khánh Hòa,(KHO) Ninh Hòa 2,Hàng Tồn,2026-08-20 - Thứ 5,73,100.00%,42.47%,8.22%,33.1,31,6,73,6,36,0,0.00%,49.31%,0,Khánh Hòa,NTB,AM Phi
NTB - Khánh Hòa,(KHO) Ninh Hòa 2,Hàng Tồn,2026-08-24 - Thứ 2,78,98.72%,42.31%,6.41%,35.88,33,5,77,5,40,1,1.28%,51.28%,0,Khánh Hòa,NTB,AM Phi
NTB - Khánh Hòa,(KHO) Ninh Hòa 2,Hàng Tồn,2026-08-30 - Chủ Nhật,64,100.00%,53.13%,3.13%,32.03,34,2,64,2,28,0,0.00%,43.74%,0,Khánh Hòa,NTB,AM Phi
NTB - Khánh Hòa,(KHO) Ninh Hòa 2,Hàng Tồn,2026-08-31 - Thứ 2,70,100.00%,48.57%,4.29%,30.88,34,3,70,3,33,0,0.00%,47.14%,0,Khánh Hòa,NTB,AM Phi
NTB - Khánh Hòa,(KHO) Ninh Hòa 2,Hàng Tồn,2026-08-29 - Thứ 7,61,100.00%,57.38%,4.92%,39.23,35,3,61,3,23,0,0.00%,37.70%,0,Khánh Hòa,NTB,AM Phi
NTB - Khánh Hòa,(KHO) Ninh Hòa 2,Hàng Tồn,2026-08-25 - Thứ 3,90,86.67%,38.89%,0.00%,33.94,35,0,78,0,55,12,13.33%,61.11%,0,Khánh Hòa,NTB,AM Phi
NTB - Khánh Hòa,(KHO) Ninh Hòa 2,Hàng Tồn,2026-09-11 - Thứ 6,90,93.33%,40.00%,3.33%,45.33,36,3,84,3,51,6,6.67%,56.67%,0,Khánh Hòa,NTB,AM Phi
NTB - Khánh Hòa,(KHO) Ninh Hòa 2,Hàng Tồn,2026-08-22 - Thứ 7,76,100.00%,51.32%,1.32%,36.13,39,1,76,1,36,0,0.00%,47.36%,0,Khánh Hòa,NTB,AM Phi
NTB - Khánh Hòa,(KHO) Ninh Hòa 2,Hàng Tồn,2026-09-06 - Chủ Nhật,80,93.75%,52.50%,0.00%,43.88,42,0,75,0,38,5,6.25%,47.50%,0,Khánh Hòa,NTB,AM Phi
NTB - Khánh Hòa,(KHO) Ninh Hòa 2,Hàng Tồn,2026-08-18 - Thứ 3,86,95.35%,48.84%,2.33%,48.14,42,2,82,2,42,4,4.65%,48.83%,0,Khánh Hòa,NTB,AM Phi
NTB - Khánh Hòa,(KHO) Ninh Hòa 2,Hàng Tồn,2026-09-09 - Thứ 4,100,82.00%,43.00%,3.00%,35.07,43,3,82,3,54,18,18.00%,54.00%,0,Khánh Hòa,NTB,AM Phi
NTB - Khánh Hòa,(KHO) Ninh Hòa 2,Hàng Tồn,2026-08-17 - Thứ 2,95,90.53%,46.32%,8.42%,40.75,44,8,86,8,43,9,9.47%,45.26%,0,Khánh Hòa,NTB,AM Phi
NTB - Khánh Hòa,(KHO) Ninh Hòa 2,Hàng Tồn,2026-09-07 - Thứ 2,86,100.00%,52.33%,1.16%,36.33,45,1,86,1,40,0,0.00%,46.51%,0,Khánh Hòa,NTB,AM Phi
NTB - Khánh Hòa,(KHO) Ninh Hòa 2,Hàng Tồn,2026-08-19 - Thứ 4,105,100.00%,52.38%,3.81%,33.22,55,4,105,4,46,0,0.00%,43.81%,0,Khánh Hòa,NTB,AM Phi
NTB - Khánh Hòa,(KHO) Ninh Hòa 2,Hàng Tồn,2026-08-26 - Thứ 4,124,86.29%,45.16%,5.65%,35.32,56,7,107,7,61,17,13.71%,49.19%,0,Khánh Hòa,NTB,AM Phi
NTB - Khánh Hòa,(KHO) Ninh Hòa 2,Hàng Tồn,2026-09-13 - Chủ Nhật,120,96.67%,50.00%,4.17%,40.32,60,5,116,5,55,4,3.33%,45.83%,0,Khánh Hòa,NTB,AM Phi
NTB - Khánh Hòa,(KHO) Ninh Hòa 2,Hàng Tồn,2026-08-27 - Thứ 5,129,99.22%,51.16%,1.55%,41.92,66,2,128,2,61,1,0.78%,47.29%,0,Khánh Hòa,NTB,AM Phi
NTB - Khánh Hòa,(KHO) Ninh Hòa 2,Hàng Tồn,2026-08-28 - Thứ 6,111,99.10%,63.96%,5.41%,43.24,71,6,110,6,34,1,0.90%,30.63%,0,Khánh Hòa,NTB,AM Phi
NTB - Khánh Hòa,(KHO) Ninh Hòa 1,Hàng Mới Ca 1,2026-09-01 - Thứ 3,22,86.36%,86.36%,0.00%,6,19,0,19,0,3,3,13.64%,13.64%,22,Khánh Hòa,NTB,AM Phi
NTB - Khánh Hòa,(KHO) Ninh Hòa 1,Hàng Mới Ca 1,2026-09-04 - Thứ 6,27,100.00%,77.78%,0.00%,6.1,21,0,27,0,6,0,0.00%,22.22%,27,Khánh Hòa,NTB,AM Phi
NTB - Khánh Hòa,(KHO) Ninh Hòa 1,Hàng Mới Ca 1,2026-08-25 - Thứ 3,38,94.74%,78.95%,0.00%,5.73,30,0,36,0,8,2,5.26%,21.05%,38,Khánh Hòa,NTB,AM Phi
NTB - Khánh Hòa,(KHO) Ninh Hòa 1,Hàng Mới Ca 1,2026-09-03 - Thứ 5,33,100.00%,90.91%,0.00%,5.77,30,0,33,0,3,0,0.00%,9.09%,33,Khánh Hòa,NTB,AM Phi
NTB - Khánh Hòa,(KHO) Ninh Hòa 1,Hàng Mới Ca 1,2026-08-24 - Thứ 2,36,100.00%,83.33%,0.00%,6.57,30,0,36,0,6,0,0.00%,16.67%,36,Khánh Hòa,NTB,AM Phi
NTB - Khánh Hòa,(KHO) Ninh Hòa 1,Hàng Mới Ca 1,2026-09-08 - Thứ 3,44,100.00%,79.55%,0.00%,6,35,0,44,0,9,0,0.00%,20.45%,44,Khánh Hòa,NTB,AM Phi
NTB - Khánh Hòa,(KHO) Ninh Hòa 1,Hàng Mới Ca 1,2026-08-21 - Thứ 6,51,80.39%,68.63%,0.00%,6.74,35,0,41,0,16,10,19.61%,31.37%,51,Khánh Hòa,NTB,AM Phi
NTB - Khánh Hòa,(KHO) Ninh Hòa 1,Hàng Mới Ca 1,2026-08-18 - Thứ 3,38,100.00%,94.74%,0.00%,4.97,36,0,38,0,2,0,0.00%,5.26%,38,Khánh Hòa,NTB,AM Phi
NTB - Khánh Hòa,(KHO) Ninh Hòa 1,Hàng Mới Ca 1,2026-09-12 - Thứ 7,45,93.33%,82.22%,0.00%,6.41,37,0,42,0,8,3,6.67%,17.78%,45,Khánh Hòa,NTB,AM Phi
NTB - Khánh Hòa,(KHO) Ninh Hòa 1,Hàng Mới Ca 1,2026-09-02 - Thứ 4,48,97.92%,79.17%,0.00%,6.11,38,0,47,0,10,1,2.08%,20.83%,48,Khánh Hòa,NTB,AM Phi
NTB - Khánh Hòa,(KHO) Ninh Hòa 1,Hàng Mới Ca 1,2026-09-09 - Thứ 4,42,100.00%,90.48%,0.00%,5.84,38,0,42,0,4,0,0.00%,9.52%,42,Khánh Hòa,NTB,AM Phi
NTB - Khánh Hòa,(KHO) Ninh Hòa 1,Hàng Mới Ca 1,2026-08-29 - Thứ 7,50,92.00%,78.00%,0.00%,6.97,39,0,46,0,11,4,8.00%,22.00%,50,Khánh Hòa,NTB,AM Phi
NTB - Khánh Hòa,(KHO) Ninh Hòa 1,Hàng Mới Ca 1,2026-08-31 - Thứ 2,47,100.00%,89.36%,0.00%,6.55,42,0,47,0,5,0,0.00%,10.64%,47,Khánh Hòa,NTB,AM Phi
NTB - Khánh Hòa,(KHO) Ninh Hòa 1,Hàng Mới Ca 1,2026-09-06 - Chủ Nhật,64,79.69%,71.88%,0.00%,7.13,46,0,51,0,18,13,20.31%,28.12%,64,Khánh Hòa,NTB,AM Phi
NTB - Khánh Hòa,(KHO) Ninh Hòa 1,Hàng Mới Ca 1,2026-09-05 - Thứ 7,51,100.00%,92.16%,0.00%,7.13,47,0,51,0,4,0,0.00%,7.84%,51,Khánh Hòa,NTB,AM Phi
NTB - Khánh Hòa,(KHO) Ninh Hòa 1,Hàng Mới Ca 1,2026-08-20 - Thứ 5,51,100.00%,94.12%,0.00%,6.69,48,0,51,0,3,0,0.00%,5.88%,51,Khánh Hòa,NTB,AM Phi
NTB - Khánh Hòa,(KHO) Ninh Hòa 1,Hàng Mới Ca 1,2026-08-19 - Thứ 4,63,92.06%,76.19%,0.00%,7.46,48,0,58,0,15,5,7.94%,23.81%,63,Khánh Hòa,NTB,AM Phi
NTB - Khánh Hòa,(KHO) Ninh Hòa 1,Hàng Mới Ca 1,2026-08-28 - Thứ 6,56,100.00%,85.71%,0.00%,6.15,48,0,56,0,8,0,0.00%,14.29%,56,Khánh Hòa,NTB,AM Phi
NTB - Khánh Hòa,(KHO) Ninh Hòa 1,Hàng Mới Ca 1,2026-09-13 - Chủ Nhật,61,100.00%,78.69%,0.00%,7.29,48,0,61,0,13,0,0.00%,21.31%,61,Khánh Hòa,NTB,AM Phi
NTB - Khánh Hòa,(KHO) Ninh Hòa 1,Hàng Mới Ca 1,2026-08-26 - Thứ 4,66,100.00%,80.30%,0.00%,7.15,53,0,66,0,13,0,0.00%,19.70%,66,Khánh Hòa,NTB,AM Phi
NTB - Khánh Hòa,(KHO) Ninh Hòa 1,Hàng Mới Ca 1,2026-08-30 - Chủ Nhật,70,90.00%,77.14%,0.00%,5.8,54,0,63,0,16,7,10.00%,22.86%,70,Khánh Hòa,NTB,AM Phi
NTB - Khánh Hòa,(KHO) Ninh Hòa 1,Hàng Mới Ca 1,2026-08-17 - Thứ 2,69,95.65%,79.71%,0.00%,5.51,55,0,66,0,14,3,4.35%,20.29%,69,Khánh Hòa,NTB,AM Phi
NTB - Khánh Hòa,(KHO) Ninh Hòa 1,Hàng Mới Ca 1,2026-08-23 - Chủ Nhật,77,76.62%,71.43%,0.00%,6.84,55,0,59,0,22,18,23.38%,28.57%,77,Khánh Hòa,NTB,AM Phi
NTB - Khánh Hòa,(KHO) Ninh Hòa 1,Hàng Mới Ca 1,2026-09-11 - Thứ 6,63,100.00%,87.30%,0.00%,6.36,55,0,63,0,8,0,0.00%,12.70%,63,Khánh Hòa,NTB,AM Phi
NTB - Khánh Hòa,(KHO) Ninh Hòa 1,Hàng Mới Ca 1,2026-09-10 - Thứ 5,70,87.14%,80.00%,0.00%,6.82,56,0,61,0,14,9,12.86%,20.00%,70,Khánh Hòa,NTB,AM Phi
NTB - Khánh Hòa,(KHO) Ninh Hòa 1,Hàng Mới Ca 1,2026-09-07 - Thứ 2,72,91.67%,84.72%,0.00%,6.56,61,0,66,0,11,6,8.33%,15.28%,72,Khánh Hòa,NTB,AM Phi
NTB - Khánh Hòa,(KHO) Ninh Hòa 1,Hàng Mới Ca 1,2026-08-22 - Thứ 7,76,100.00%,85.53%,0.00%,6.98,65,0,76,0,11,0,0.00%,14.47%,76,Khánh Hòa,NTB,AM Phi
NTB - Khánh Hòa,(KHO) Ninh Hòa 1,Hàng Mới Ca 1,2026-08-27 - Thứ 5,90,95.56%,83.33%,0.00%,6.4,75,0,86,0,15,4,4.44%,16.67%,90,Khánh Hòa,NTB,AM Phi
NTB - Khánh Hòa,(KHO) Ninh Hòa 1,Hàng Mới Ca 2,2026-09-03 - Thứ 5,4,25.00%,25.00%,0.00%,3,1,0,1,0,3,3,75.00%,75.00%,4,Khánh Hòa,NTB,AM Phi
NTB - Khánh Hòa,(KHO) Ninh Hòa 1,Hàng Mới Ca 2,2026-09-10 - Thứ 5,16,43.75%,31.25%,0.00%,3,5,0,7,0,11,9,56.25%,68.75%,16,Khánh Hòa,NTB,AM Phi
NTB - Khánh Hòa,(KHO) Ninh Hòa 1,Hàng Mới Ca 2,2026-09-07 - Thứ 2,9,77.78%,66.67%,0.00%,2.83,6,0,7,0,3,2,22.22%,33.33%,9,Khánh Hòa,NTB,AM Phi
NTB - Khánh Hòa,(KHO) Ninh Hòa 1,Hàng Mới Ca 2,2026-08-17 - Thứ 2,12,83.33%,66.67%,0.00%,2.5,8,0,10,0,4,2,16.67%,33.33%,12,Khánh Hòa,NTB,AM Phi
NTB - Khánh Hòa,(KHO) Ninh Hòa 1,Hàng Mới Ca 2,2026-09-06 - Chủ Nhật,16,62.50%,56.25%,0.00%,1.89,9,0,10,0,7,6,37.50%,43.75%,16,Khánh Hòa,NTB,AM Phi
NTB - Khánh Hòa,(KHO) Ninh Hòa 1,Hàng Mới Ca 2,2026-09-11 - Thứ 6,16,75.00%,56.25%,0.00%,3.56,9,0,12,0,7,4,25.00%,43.75%,16,Khánh Hòa,NTB,AM Phi
NTB - Khánh Hòa,(KHO) Ninh Hòa 1,Hàng Mới Ca 2,2026-09-02 - Thứ 4,26,53.85%,46.15%,0.00%,3.42,12,0,14,0,14,12,46.15%,53.85%,26,Khánh Hòa,NTB,AM Phi
NTB - Khánh Hòa,(KHO) Ninh Hòa 1,Hàng Mới Ca 2,2026-08-23 - Chủ Nhật,22,59.09%,54.55%,0.00%,3.83,12,0,13,0,10,9,40.91%,45.45%,22,Khánh Hòa,NTB,AM Phi
NTB - Khánh Hòa,(KHO) Ninh Hòa 1,Hàng Mới Ca 2,2026-09-04 - Thứ 6,18,88.89%,72.22%,0.00%,3.85,13,0,16,0,5,2,11.11%,27.78%,18,Khánh Hòa,NTB,AM Phi
NTB - Khánh Hòa,(KHO) Ninh Hòa 1,Hàng Mới Ca 2,2026-08-25 - Thứ 3,26,61.54%,53.85%,0.00%,3,14,0,16,0,12,10,38.46%,46.15%,26,Khánh Hòa,NTB,AM Phi
NTB - Khánh Hòa,(KHO) Ninh Hòa 1,Hàng Mới Ca 2,2026-08-21 - Thứ 6,23,65.22%,60.87%,0.00%,4.57,14,0,15,0,9,8,34.78%,39.13%,23,Khánh Hòa,NTB,AM Phi
NTB - Khánh Hòa,(KHO) Ninh Hòa 1,Hàng Mới Ca 2,2026-09-05 - Thứ 7,19,84.21%,73.68%,0.00%,3.57,14,0,16,0,5,3,15.79%,26.32%,19,Khánh Hòa,NTB,AM Phi
NTB - Khánh Hòa,(KHO) Ninh Hòa 1,Hàng Mới Ca 2,2026-08-22 - Thứ 7,23,69.57%,60.87%,0.00%,3.43,14,0,16,0,9,7,30.43%,39.13%,23,Khánh Hòa,NTB,AM Phi
NTB - Khánh Hòa,(KHO) Ninh Hòa 1,Hàng Mới Ca 2,2026-08-28 - Thứ 6,24,62.50%,62.50%,0.00%,3.47,15,0,15,0,9,9,37.50%,37.50%,24,Khánh Hòa,NTB,AM Phi
NTB - Khánh Hòa,(KHO) Ninh Hòa 1,Hàng Mới Ca 2,2026-08-30 - Chủ Nhật,25,88.00%,64.00%,0.00%,3.94,16,0,22,0,9,3,12.00%,36.00%,25,Khánh Hòa,NTB,AM Phi
NTB - Khánh Hòa,(KHO) Ninh Hòa 1,Hàng Mới Ca 2,2026-08-19 - Thứ 4,25,72.00%,64.00%,0.00%,4.25,16,0,18,0,9,7,28.00%,36.00%,25,Khánh Hòa,NTB,AM Phi
NTB - Khánh Hòa,(KHO) Ninh Hòa 1,Hàng Mới Ca 2,2026-08-20 - Thứ 5,32,59.38%,53.13%,0.00%,4.24,17,0,19,0,15,13,40.62%,46.87%,32,Khánh Hòa,NTB,AM Phi
NTB - Khánh Hòa,(KHO) Ninh Hòa 1,Hàng Mới Ca 2,2026-09-13 - Chủ Nhật,36,58.33%,47.22%,0.00%,3.29,17,0,21,0,19,15,41.67%,52.78%,36,Khánh Hòa,NTB,AM Phi
NTB - Khánh Hòa,(KHO) Ninh Hòa 1,Hàng Mới Ca 2,2026-09-01 - Thứ 3,26,73.08%,65.38%,0.00%,2.24,17,0,19,0,9,7,26.92%,34.62%,26,Khánh Hòa,NTB,AM Phi
NTB - Khánh Hòa,(KHO) Ninh Hòa 1,Hàng Mới Ca 2,2026-09-08 - Thứ 3,26,84.62%,69.23%,0.00%,3.39,18,0,22,0,8,4,15.38%,30.77%,26,Khánh Hòa,NTB,AM Phi
NTB - Khánh Hòa,(KHO) Ninh Hòa 1,Hàng Mới Ca 2,2026-08-27 - Thứ 5,26,73.08%,69.23%,0.00%,3.67,18,0,19,0,8,7,26.92%,30.77%,26,Khánh Hòa,NTB,AM Phi
NTB - Khánh Hòa,(KHO) Ninh Hòa 1,Hàng Mới Ca 2,2026-09-12 - Thứ 7,44,63.64%,40.91%,0.00%,4.61,18,0,28,0,26,16,36.36%,59.09%,44,Khánh Hòa,NTB,AM Phi
NTB - Khánh Hòa,(KHO) Ninh Hòa 1,Hàng Mới Ca 2,2026-08-26 - Thứ 4,32,65.63%,59.38%,0.00%,3.63,19,0,21,0,13,11,34.37%,40.62%,32,Khánh Hòa,NTB,AM Phi
NTB - Khánh Hòa,(KHO) Ninh Hòa 1,Hàng Mới Ca 2,2026-08-18 - Thứ 3,41,60.98%,48.78%,0.00%,2.15,20,0,25,0,21,16,39.02%,51.22%,41,Khánh Hòa,NTB,AM Phi
NTB - Khánh Hòa,(KHO) Ninh Hòa 1,Hàng Mới Ca 2,2026-08-24 - Thứ 2,41,80.49%,65.85%,0.00%,4.04,27,0,33,0,14,8,19.51%,34.15%,41,Khánh Hòa,NTB,AM Phi
NTB - Khánh Hòa,(KHO) Ninh Hòa 1,Hàng Mới Ca 2,2026-08-29 - Thứ 7,36,86.11%,80.56%,0.00%,3.41,29,0,31,0,7,5,13.89%,19.44%,36,Khánh Hòa,NTB,AM Phi
NTB - Khánh Hòa,(KHO) Ninh Hòa 1,Hàng Mới Ca 2,2026-09-09 - Thứ 4,44,88.64%,77.27%,0.00%,4.44,34,0,39,0,10,5,11.36%,22.73%,44,Khánh Hòa,NTB,AM Phi
NTB - Khánh Hòa,(KHO) Ninh Hòa 1,Hàng Mới Ca 2,2026-08-31 - Thứ 2,47,85.11%,78.72%,0.00%,3.7,37,0,40,0,10,7,14.89%,21.28%,47,Khánh Hòa,NTB,AM Phi
NTB - Khánh Hòa,(KHO) Ninh Hòa 1,Hàng Tồn,2026-09-04 - Thứ 6,15,100.00%,20.00%,33.33%,26.33,3,5,15,5,7,0,0.00%,46.67%,0,Khánh Hòa,NTB,AM Phi
NTB - Khánh Hòa,(KHO) Ninh Hòa 1,Hàng Tồn,2026-09-06 - Chủ Nhật,11,72.73%,45.45%,0.00%,45.2,5,0,8,0,6,3,27.27%,54.55%,0,Khánh Hòa,NTB,AM Phi
NTB - Khánh Hòa,(KHO) Ninh Hòa 1,Hàng Tồn,2026-09-02 - Thứ 4,32,81.25%,15.63%,18.75%,27.8,5,6,26,6,21,6,18.75%,65.62%,0,Khánh Hòa,NTB,AM Phi
NTB - Khánh Hòa,(KHO) Ninh Hòa 1,Hàng Tồn,2026-09-05 - Thứ 7,19,100.00%,42.11%,5.26%,35.13,8,1,19,1,10,0,0.00%,52.63%,0,Khánh Hòa,NTB,AM Phi
NTB - Khánh Hòa,(KHO) Ninh Hòa 1,Hàng Tồn,2026-09-10 - Thứ 5,23,95.65%,39.13%,4.35%,26.56,9,1,22,1,13,1,4.35%,56.52%,0,Khánh Hòa,NTB,AM Phi
NTB - Khánh Hòa,(KHO) Ninh Hòa 1,Hàng Tồn,2026-08-29 - Thứ 7,33,93.94%,30.30%,3.03%,36.4,10,1,31,1,22,2,6.06%,66.67%,0,Khánh Hòa,NTB,AM Phi
NTB - Khánh Hòa,(KHO) Ninh Hòa 1,Hàng Tồn,2026-08-17 - Thứ 2,32,84.38%,34.38%,6.25%,32.27,11,2,27,2,19,5,15.62%,59.37%,0,Khánh Hòa,NTB,AM Phi
NTB - Khánh Hòa,(KHO) Ninh Hòa 1,Hàng Tồn,2026-09-12 - Thứ 7,23,100.00%,47.83%,8.70%,28.36,11,2,23,2,10,0,0.00%,43.47%,0,Khánh Hòa,NTB,AM Phi
NTB - Khánh Hòa,(KHO) Ninh Hòa 1,Hàng Tồn,2026-09-09 - Thứ 4,21,100.00%,52.38%,4.76%,33.91,11,1,21,1,9,0,0.00%,42.86%,0,Khánh Hòa,NTB,AM Phi
NTB - Khánh Hòa,(KHO) Ninh Hòa 1,Hàng Tồn,2026-08-21 - Thứ 6,27,92.59%,40.74%,11.11%,27.09,11,3,25,3,13,2,7.41%,48.15%,0,Khánh Hòa,NTB,AM Phi
NTB - Khánh Hòa,(KHO) Ninh Hòa 1,Hàng Tồn,2026-09-01 - Thứ 3,33,100.00%,36.36%,0.00%,26.33,12,0,33,0,21,0,0.00%,63.64%,0,Khánh Hòa,NTB,AM Phi
NTB - Khánh Hòa,(KHO) Ninh Hòa 1,Hàng Tồn,2026-08-25 - Thứ 3,37,91.89%,35.14%,10.81%,28.38,13,4,34,4,20,3,8.11%,54.05%,0,Khánh Hòa,NTB,AM Phi
NTB - Khánh Hòa,(KHO) Ninh Hòa 1,Hàng Tồn,2026-08-23 - Chủ Nhật,33,72.73%,39.39%,3.03%,33.77,13,1,24,1,19,9,27.27%,57.58%,0,Khánh Hòa,NTB,AM Phi
NTB - Khánh Hòa,(KHO) Ninh Hòa 1,Hàng Tồn,2026-09-08 - Thứ 3,27,100.00%,55.56%,0.00%,45.27,15,0,27,0,12,0,0.00%,44.44%,0,Khánh Hòa,NTB,AM Phi
NTB - Khánh Hòa,(KHO) Ninh Hòa 1,Hàng Tồn,2026-08-30 - Chủ Nhật,40,87.50%,37.50%,15.00%,34.07,15,6,35,6,19,5,12.50%,47.50%,0,Khánh Hòa,NTB,AM Phi
NTB - Khánh Hòa,(KHO) Ninh Hòa 1,Hàng Tồn,2026-08-26 - Thứ 4,42,100.00%,35.71%,7.14%,40,15,3,42,3,24,0,0.00%,57.15%,0,Khánh Hòa,NTB,AM Phi
NTB - Khánh Hòa,(KHO) Ninh Hòa 1,Hàng Tồn,2026-08-19 - Thứ 4,35,91.43%,48.57%,5.71%,26,17,2,32,2,16,3,8.57%,45.72%,0,Khánh Hòa,NTB,AM Phi
NTB - Khánh Hòa,(KHO) Ninh Hòa 1,Hàng Tồn,2026-08-31 - Thứ 2,37,91.89%,48.65%,2.70%,38,18,1,34,1,18,3,8.11%,48.65%,0,Khánh Hòa,NTB,AM Phi
NTB - Khánh Hòa,(KHO) Ninh Hòa 1,Hàng Tồn,2026-09-07 - Thứ 2,36,86.11%,50.00%,2.78%,41.83,18,1,31,1,17,5,13.89%,47.22%,0,Khánh Hòa,NTB,AM Phi
NTB - Khánh Hòa,(KHO) Ninh Hòa 1,Hàng Tồn,2026-08-20 - Thứ 5,38,100.00%,55.26%,5.26%,38.57,21,2,38,2,15,0,0.00%,39.48%,0,Khánh Hòa,NTB,AM Phi
NTB - Khánh Hòa,(KHO) Ninh Hòa 1,Hàng Tồn,2026-08-27 - Thứ 5,43,95.35%,48.84%,9.30%,36.24,21,4,41,4,18,2,4.65%,41.86%,0,Khánh Hòa,NTB,AM Phi
NTB - Khánh Hòa,(KHO) Ninh Hòa 1,Hàng Tồn,2026-08-28 - Thứ 6,47,97.87%,44.68%,8.51%,40.29,21,4,46,4,22,1,2.13%,46.81%,0,Khánh Hòa,NTB,AM Phi
NTB - Khánh Hòa,(KHO) Ninh Hòa 1,Hàng Tồn,2026-08-22 - Thứ 7,41,100.00%,53.66%,0.00%,41.95,22,0,41,0,19,0,0.00%,46.34%,0,Khánh Hòa,NTB,AM Phi
NTB - Khánh Hòa,(KHO) Ninh Hòa 1,Hàng Tồn,2026-09-13 - Chủ Nhật,43,100.00%,53.49%,0.00%,32.96,23,0,43,0,20,0,0.00%,46.51%,0,Khánh Hòa,NTB,AM Phi
NTB - Khánh Hòa,(KHO) Ninh Hòa 1,Hàng Tồn,2026-08-18 - Thứ 3,41,100.00%,58.54%,4.88%,55.08,24,2,41,2,15,0,0.00%,36.58%,0,Khánh Hòa,NTB,AM Phi
NTB - Khánh Hòa,(KHO) Ninh Hòa 1,Hàng Tồn,2026-09-11 - Thứ 6,37,100.00%,70.27%,8.11%,37.96,26,3,37,3,8,0,0.00%,21.62%,0,Khánh Hòa,NTB,AM Phi
NTB - Khánh Hòa,(KHO) Ninh Hòa 1,Hàng Tồn,2026-09-03 - Thứ 5,42,100.00%,64.29%,4.76%,38.26,27,2,42,2,13,0,0.00%,30.95%,0,Khánh Hòa,NTB,AM Phi
NTB - Khánh Hòa,(KHO) Ninh Hòa 1,Hàng Tồn,2026-08-24 - Thứ 2,53,100.00%,54.72%,1.89%,37.34,29,1,53,1,23,0,0.00%,43.39%,0,Khánh Hòa,NTB,AM Phi
NTB - Khánh Hòa,(KHO) Nha Trang,Hàng Mới Ca 1,2026-08-19 - Thứ 4,95,96.84%,86.32%,1.05%,8.07,82,1,92,1,12,3,3.16%,12.63%,95,Khánh Hòa,NTB,AM Duy
NTB - Khánh Hòa,(KHO) Nha Trang,Hàng Mới Ca 1,2026-08-28 - Thứ 6,95,100.00%,83.16%,0.00%,8.81,79,0,95,0,16,0,0.00%,16.84%,95,Khánh Hòa,NTB,AM Duy
NTB - Khánh Hòa,(KHO) Nha Trang,Hàng Mới Ca 1,2026-08-22 - Thứ 7,103,97.09%,77.67%,0.00%,9.04,80,0,100,0,23,3,2.91%,22.33%,103,Khánh Hòa,NTB,AM Duy
NTB - Khánh Hòa,(KHO) Nha Trang,Hàng Mới Ca 1,2026-09-03 - Thứ 5,46,100.00%,71.74%,0.00%,12.42,33,0,46,0,13,0,0.00%,28.26%,46,Khánh Hòa,NTB,AM Duy
NTB - Khánh Hòa,(KHO) Nha Trang,Hàng Mới Ca 1,2026-08-30 - Chủ Nhật,57,100.00%,61.40%,0.00%,7.51,35,0,57,0,22,0,0.00%,38.60%,57,Khánh Hòa,NTB,AM Duy
NTB - Khánh Hòa,(KHO) Nha Trang,Hàng Mới Ca 1,2026-09-04 - Thứ 6,46,100.00%,76.09%,0.00%,8.66,35,0,46,0,11,0,0.00%,23.91%,46,Khánh Hòa,NTB,AM Duy
NTB - Khánh Hòa,(KHO) Nha Trang,Hàng Mới Ca 1,2026-08-18 - Thứ 3,44,97.73%,84.09%,0.00%,8.03,37,0,43,0,7,1,2.27%,15.91%,44,Khánh Hòa,NTB,AM Duy
NTB - Khánh Hòa,(KHO) Nha Trang,Hàng Mới Ca 1,2026-09-11 - Thứ 6,60,93.33%,65.00%,0.00%,9.95,39,0,56,0,21,4,6.67%,35.00%,60,Khánh Hòa,NTB,AM Duy
NTB - Khánh Hòa,(KHO) Nha Trang,Hàng Mới Ca 1,2026-09-01 - Thứ 3,47,100.00%,85.11%,0.00%,8.43,40,0,47,0,7,0,0.00%,14.89%,47,Khánh Hòa,NTB,AM Duy
NTB - Khánh Hòa,(KHO) Nha Trang,Hàng Mới Ca 1,2026-08-25 - Thứ 3,49,100.00%,85.71%,0.00%,8.9,42,0,49,0,7,0,0.00%,14.29%,49,Khánh Hòa,NTB,AM Duy
NTB - Khánh Hòa,(KHO) Nha Trang,Hàng Mới Ca 1,2026-09-09 - Thứ 4,65,100.00%,64.62%,0.00%,10.93,42,0,65,0,23,0,0.00%,35.38%,65,Khánh Hòa,NTB,AM Duy
NTB - Khánh Hòa,(KHO) Nha Trang,Hàng Mới Ca 1,2026-09-06 - Chủ Nhật,81,88.89%,55.56%,0.00%,7.82,45,0,72,0,36,9,11.11%,44.44%,81,Khánh Hòa,NTB,AM Duy
NTB - Khánh Hòa,(KHO) Nha Trang,Hàng Mới Ca 1,2026-09-08 - Thứ 3,59,100.00%,79.66%,0.00%,6.7,47,0,59,0,12,0,0.00%,20.34%,59,Khánh Hòa,NTB,AM Duy
NTB - Khánh Hòa,(KHO) Nha Trang,Hàng Mới Ca 1,2026-09-13 - Chủ Nhật,84,100.00%,57.14%,0.00%,10.58,48,0,84,0,36,0,0.00%,42.86%,84,Khánh Hòa,NTB,AM Duy
NTB - Khánh Hòa,(KHO) Nha Trang,Hàng Mới Ca 1,2026-09-02 - Thứ 4,74,100.00%,66.22%,0.00%,10.92,49,0,74,0,25,0,0.00%,33.78%,74,Khánh Hòa,NTB,AM Duy
NTB - Khánh Hòa,(KHO) Nha Trang,Hàng Mới Ca 1,2026-08-21 - Thứ 6,57,98.25%,85.96%,0.00%,7.35,49,0,56,0,8,1,1.75%,14.04%,57,Khánh Hòa,NTB,AM Duy
NTB - Khánh Hòa,(KHO) Nha Trang,Hàng Mới Ca 1,2026-09-12 - Thứ 7,77,98.70%,66.23%,1.30%,9.69,51,1,76,1,25,1,1.30%,32.47%,77,Khánh Hòa,NTB,AM Duy
NTB - Khánh Hòa,(KHO) Nha Trang,Hàng Mới Ca 1,2026-08-24 - Thứ 2,66,98.48%,77.27%,0.00%,13.18,51,0,65,0,15,1,1.52%,22.73%,66,Khánh Hòa,NTB,AM Duy
NTB - Khánh Hòa,(KHO) Nha Trang,Hàng Mới Ca 1,2026-08-27 - Thứ 5,77,100.00%,68.83%,0.00%,9.36,53,0,77,0,24,0,0.00%,31.17%,77,Khánh Hòa,NTB,AM Duy
NTB - Khánh Hòa,(KHO) Nha Trang,Hàng Mới Ca 1,2026-08-31 - Thứ 2,70,98.57%,80.00%,0.00%,8.91,56,0,69,0,14,1,1.43%,20.00%,70,Khánh Hòa,NTB,AM Duy
NTB - Khánh Hòa,(KHO) Nha Trang,Hàng Mới Ca 1,2026-08-26 - Thứ 4,69,98.55%,81.16%,0.00%,9.29,56,0,68,0,13,1,1.45%,18.84%,69,Khánh Hòa,NTB,AM Duy
NTB - Khánh Hòa,(KHO) Nha Trang,Hàng Mới Ca 1,2026-09-05 - Thứ 7,86,95.35%,66.28%,0.00%,8.86,57,0,82,0,29,4,4.65%,33.72%,86,Khánh Hòa,NTB,AM Duy
NTB - Khánh Hòa,(KHO) Nha Trang,Hàng Mới Ca 1,2026-09-10 - Thứ 5,83,93.98%,69.88%,0.00%,12.09,58,0,78,0,25,5,6.02%,30.12%,83,Khánh Hòa,NTB,AM Duy
NTB - Khánh Hòa,(KHO) Nha Trang,Hàng Mới Ca 1,2026-09-07 - Thứ 2,89,95.51%,67.42%,0.00%,10.05,60,0,85,0,29,4,4.49%,32.58%,89,Khánh Hòa,NTB,AM Duy
NTB - Khánh Hòa,(KHO) Nha Trang,Hàng Mới Ca 1,2026-08-29 - Thứ 7,88,100.00%,72.73%,0.00%,8.17,64,0,88,0,24,0,0.00%,27.27%,88,Khánh Hòa,NTB,AM Duy
NTB - Khánh Hòa,(KHO) Nha Trang,Hàng Mới Ca 1,2026-08-17 - Thứ 2,76,100.00%,84.21%,0.00%,8.67,64,0,76,0,12,0,0.00%,15.79%,76,Khánh Hòa,NTB,AM Duy
NTB - Khánh Hòa,(KHO) Nha Trang,Hàng Mới Ca 1,2026-08-23 - Chủ Nhật,100,100.00%,69.00%,0.00%,11,69,0,100,0,31,0,0.00%,31.00%,100,Khánh Hòa,NTB,AM Duy
NTB - Khánh Hòa,(KHO) Nha Trang,Hàng Mới Ca 1,2026-08-20 - Thứ 5,92,100.00%,92.39%,0.00%,8.98,85,0,92,0,7,0,0.00%,7.61%,92,Khánh Hòa,NTB,AM Duy
NTB - Khánh Hòa,(KHO) Nha Trang,Hàng Mới Ca 2,2026-09-02 - Thứ 4,14,100.00%,50.00%,0.00%,2.71,7,0,14,0,7,0,0.00%,50.00%,14,Khánh Hòa,NTB,AM Duy
NTB - Khánh Hòa,(KHO) Nha Trang,Hàng Mới Ca 2,2026-09-07 - Thứ 2,11,90.91%,63.64%,0.00%,3.86,7,0,10,0,4,1,9.09%,36.36%,11,Khánh Hòa,NTB,AM Duy
NTB - Khánh Hòa,(KHO) Nha Trang,Hàng Mới Ca 2,2026-09-06 - Chủ Nhật,30,76.67%,26.67%,0.00%,3.88,8,0,23,0,22,7,23.33%,73.33%,30,Khánh Hòa,NTB,AM Duy
NTB - Khánh Hòa,(KHO) Nha Trang,Hàng Mới Ca 2,2026-09-12 - Thứ 7,20,100.00%,40.00%,0.00%,5.25,8,0,20,0,12,0,0.00%,60.00%,20,Khánh Hòa,NTB,AM Duy
NTB - Khánh Hòa,(KHO) Nha Trang,Hàng Mới Ca 2,2026-09-03 - Thứ 5,10,100.00%,80.00%,0.00%,2,8,0,10,0,2,0,0.00%,20.00%,10,Khánh Hòa,NTB,AM Duy
NTB - Khánh Hòa,(KHO) Nha Trang,Hàng Mới Ca 2,2026-08-17 - Thứ 2,14,100.00%,85.71%,0.00%,3.83,12,0,14,0,2,0,0.00%,14.29%,14,Khánh Hòa,NTB,AM Duy
NTB - Khánh Hòa,(KHO) Nha Trang,Hàng Mới Ca 2,2026-09-13 - Chủ Nhật,20,100.00%,65.00%,0.00%,3.23,13,0,20,0,7,0,0.00%,35.00%,20,Khánh Hòa,NTB,AM Duy
NTB - Khánh Hòa,(KHO) Nha Trang,Hàng Mới Ca 2,2026-08-22 - Thứ 7,20,100.00%,70.00%,0.00%,4,14,0,20,0,6,0,0.00%,30.00%,20,Khánh Hòa,NTB,AM Duy
NTB - Khánh Hòa,(KHO) Nha Trang,Hàng Mới Ca 2,2026-08-29 - Thứ 7,22,100.00%,72.73%,0.00%,3.38,16,0,22,0,6,0,0.00%,27.27%,22,Khánh Hòa,NTB,AM Duy
NTB - Khánh Hòa,(KHO) Nha Trang,Hàng Mới Ca 2,2026-09-04 - Thứ 6,24,100.00%,66.67%,0.00%,2.56,16,0,24,0,8,0,0.00%,33.33%,24,Khánh Hòa,NTB,AM Duy
NTB - Khánh Hòa,(KHO) Nha Trang,Hàng Mới Ca 2,2026-08-30 - Chủ Nhật,25,100.00%,68.00%,0.00%,2.82,17,0,25,0,8,0,0.00%,32.00%,25,Khánh Hòa,NTB,AM Duy
NTB - Khánh Hòa,(KHO) Nha Trang,Hàng Mới Ca 2,2026-08-23 - Chủ Nhật,38,86.84%,47.37%,0.00%,2.89,18,0,33,0,20,5,13.16%,52.63%,38,Khánh Hòa,NTB,AM Duy
NTB - Khánh Hòa,(KHO) Nha Trang,Hàng Mới Ca 2,2026-09-11 - Thứ 6,22,100.00%,81.82%,0.00%,3.61,18,0,22,0,4,0,0.00%,18.18%,22,Khánh Hòa,NTB,AM Duy
NTB - Khánh Hòa,(KHO) Nha Trang,Hàng Mới Ca 2,2026-08-25 - Thứ 3,27,100.00%,74.07%,0.00%,2.45,20,0,27,0,7,0,0.00%,25.93%,27,Khánh Hòa,NTB,AM Duy
NTB - Khánh Hòa,(KHO) Nha Trang,Hàng Mới Ca 2,2026-09-10 - Thứ 5,35,100.00%,57.14%,0.00%,3.65,20,0,35,0,15,0,0.00%,42.86%,35,Khánh Hòa,NTB,AM Duy
NTB - Khánh Hòa,(KHO) Nha Trang,Hàng Mới Ca 2,2026-09-05 - Thứ 7,33,100.00%,69.70%,0.00%,3,23,0,33,0,10,0,0.00%,30.30%,33,Khánh Hòa,NTB,AM Duy
NTB - Khánh Hòa,(KHO) Nha Trang,Hàng Mới Ca 2,2026-08-28 - Thứ 6,34,100.00%,70.59%,0.00%,3.96,24,0,34,0,10,0,0.00%,29.41%,34,Khánh Hòa,NTB,AM Duy
NTB - Khánh Hòa,(KHO) Nha Trang,Hàng Mới Ca 2,2026-09-01 - Thứ 3,30,100.00%,80.00%,0.00%,3,24,0,30,0,6,0,0.00%,20.00%,30,Khánh Hòa,NTB,AM Duy
NTB - Khánh Hòa,(KHO) Nha Trang,Hàng Mới Ca 2,2026-08-20 - Thứ 5,33,100.00%,75.76%,0.00%,2.4,25,0,33,0,8,0,0.00%,24.24%,33,Khánh Hòa,NTB,AM Duy
NTB - Khánh Hòa,(KHO) Nha Trang,Hàng Mới Ca 2,2026-09-09 - Thứ 4,48,100.00%,52.08%,0.00%,3.76,25,0,48,0,23,0,0.00%,47.92%,48,Khánh Hòa,NTB,AM Duy
NTB - Khánh Hòa,(KHO) Nha Trang,Hàng Mới Ca 2,2026-08-31 - Thứ 2,38,100.00%,65.79%,0.00%,3.04,25,0,38,0,13,0,0.00%,34.21%,38,Khánh Hòa,NTB,AM Duy
NTB - Khánh Hòa,(KHO) Nha Trang,Hàng Mới Ca 2,2026-09-08 - Thứ 3,35,100.00%,77.14%,0.00%,3.37,27,0,35,0,8,0,0.00%,22.86%,35,Khánh Hòa,NTB,AM Duy
NTB - Khánh Hòa,(KHO) Nha Trang,Hàng Mới Ca 2,2026-08-27 - Thứ 5,36,100.00%,75.00%,0.00%,3.41,27,0,36,0,9,0,0.00%,25.00%,36,Khánh Hòa,NTB,AM Duy
NTB - Khánh Hòa,(KHO) Nha Trang,Hàng Mới Ca 2,2026-08-21 - Thứ 6,37,97.30%,72.97%,0.00%,3.26,27,0,36,0,10,1,2.70%,27.03%,37,Khánh Hòa,NTB,AM Duy
NTB - Khánh Hòa,(KHO) Nha Trang,Hàng Mới Ca 2,2026-08-24 - Thứ 2,40,97.50%,72.50%,0.00%,3,29,0,39,0,11,1,2.50%,27.50%,40,Khánh Hòa,NTB,AM Duy
NTB - Khánh Hòa,(KHO) Nha Trang,Hàng Mới Ca 2,2026-08-19 - Thứ 4,40,100.00%,87.50%,0.00%,3.66,35,0,40,0,5,0,0.00%,12.50%,40,Khánh Hòa,NTB,AM Duy
NTB - Khánh Hòa,(KHO) Nha Trang,Hàng Mới Ca 2,2026-08-26 - Thứ 4,45,97.78%,77.78%,0.00%,3.31,35,0,44,0,10,1,2.22%,22.22%,45,Khánh Hòa,NTB,AM Duy
NTB - Khánh Hòa,(KHO) Nha Trang,Hàng Mới Ca 2,2026-08-18 - Thứ 3,62,98.39%,74.19%,0.00%,3.61,46,0,61,0,16,1,1.61%,25.81%,62,Khánh Hòa,NTB,AM Duy
NTB - Khánh Hòa,(KHO) Nha Trang,Hàng Tồn,2026-08-21 - Thứ 6,32,90.63%,18.75%,9.38%,45.5,6,3,29,3,23,3,9.37%,71.87%,0,Khánh Hòa,NTB,AM Duy
NTB - Khánh Hòa,(KHO) Nha Trang,Hàng Tồn,2026-09-09 - Thứ 4,40,95.00%,25.00%,10.00%,39.2,10,4,38,4,26,2,5.00%,65.00%,0,Khánh Hòa,NTB,AM Duy
NTB - Khánh Hòa,(KHO) Nha Trang,Hàng Tồn,2026-08-23 - Chủ Nhật,50,98.00%,20.00%,4.00%,45.4,10,2,49,2,38,1,2.00%,76.00%,0,Khánh Hòa,NTB,AM Duy
NTB - Khánh Hòa,(KHO) Nha Trang,Hàng Tồn,2026-09-05 - Thứ 7,32,100.00%,31.25%,3.13%,33.2,10,1,32,1,21,0,0.00%,65.62%,0,Khánh Hòa,NTB,AM Duy
NTB - Khánh Hòa,(KHO) Nha Trang,Hàng Tồn,2026-09-02 - Thứ 4,43,100.00%,25.58%,18.60%,33.27,11,8,43,8,24,0,0.00%,55.82%,0,Khánh Hòa,NTB,AM Duy
NTB - Khánh Hòa,(KHO) Nha Trang,Hàng Tồn,2026-08-27 - Thứ 5,38,100.00%,31.58%,2.63%,35,12,1,38,1,25,0,0.00%,65.79%,0,Khánh Hòa,NTB,AM Duy
NTB - Khánh Hòa,(KHO) Nha Trang,Hàng Tồn,2026-08-22 - Thứ 7,37,97.30%,32.43%,2.70%,42.17,12,1,36,1,24,1,2.70%,64.87%,0,Khánh Hòa,NTB,AM Duy
NTB - Khánh Hòa,(KHO) Nha Trang,Hàng Tồn,2026-08-19 - Thứ 4,46,97.83%,28.26%,8.70%,36.92,13,4,45,4,29,1,2.17%,63.04%,0,Khánh Hòa,NTB,AM Duy
NTB - Khánh Hòa,(KHO) Nha Trang,Hàng Tồn,2026-09-12 - Thứ 7,50,94.00%,26.00%,8.00%,40.38,13,4,47,4,33,3,6.00%,66.00%,0,Khánh Hòa,NTB,AM Duy
NTB - Khánh Hòa,(KHO) Nha Trang,Hàng Tồn,2026-08-20 - Thứ 5,41,95.12%,34.15%,21.95%,43.93,14,9,39,9,18,2,4.88%,43.90%,0,Khánh Hòa,NTB,AM Duy
NTB - Khánh Hòa,(KHO) Nha Trang,Hàng Tồn,2026-08-18 - Thứ 3,41,100.00%,34.15%,7.32%,43.79,14,3,41,3,24,0,0.00%,58.53%,0,Khánh Hòa,NTB,AM Duy
NTB - Khánh Hòa,(KHO) Nha Trang,Hàng Tồn,2026-08-30 - Chủ Nhật,52,100.00%,28.85%,7.69%,39.33,15,4,52,4,33,0,0.00%,63.46%,0,Khánh Hòa,NTB,AM Duy
NTB - Khánh Hòa,(KHO) Nha Trang,Hàng Tồn,2026-09-06 - Chủ Nhật,54,94.44%,27.78%,12.96%,42.13,15,7,51,7,32,3,5.56%,59.26%,0,Khánh Hòa,NTB,AM Duy
NTB - Khánh Hòa,(KHO) Nha Trang,Hàng Tồn,2026-09-04 - Thứ 6,34,100.00%,44.12%,8.82%,48.6,15,3,34,3,16,0,0.00%,47.06%,0,Khánh Hòa,NTB,AM Duy
NTB - Khánh Hòa,(KHO) Nha Trang,Hàng Tồn,2026-08-26 - Thứ 4,47,100.00%,31.91%,25.53%,41.13,15,12,47,12,20,0,0.00%,42.56%,0,Khánh Hòa,NTB,AM Duy
NTB - Khánh Hòa,(KHO) Nha Trang,Hàng Tồn,2026-09-01 - Thứ 3,55,100.00%,29.09%,5.45%,29.75,16,3,55,3,36,0,0.00%,65.46%,0,Khánh Hòa,NTB,AM Duy
NTB - Khánh Hòa,(KHO) Nha Trang,Hàng Tồn,2026-08-29 - Thứ 7,48,100.00%,39.58%,2.08%,35,19,1,48,1,28,0,0.00%,58.34%,0,Khánh Hòa,NTB,AM Duy
NTB - Khánh Hòa,(KHO) Nha Trang,Hàng Tồn,2026-08-25 - Thứ 3,58,100.00%,34.48%,3.45%,42.5,20,2,58,2,36,0,0.00%,62.07%,0,Khánh Hòa,NTB,AM Duy
NTB - Khánh Hòa,(KHO) Nha Trang,Hàng Tồn,2026-09-13 - Chủ Nhật,60,98.33%,35.00%,8.33%,51.14,21,5,59,5,34,1,1.67%,56.67%,0,Khánh Hòa,NTB,AM Duy
NTB - Khánh Hòa,(KHO) Nha Trang,Hàng Tồn,2026-08-31 - Thứ 2,61,100.00%,37.70%,4.92%,46.87,23,3,61,3,35,0,0.00%,57.38%,0,Khánh Hòa,NTB,AM Duy
NTB - Khánh Hòa,(KHO) Nha Trang,Hàng Tồn,2026-08-28 - Thứ 6,57,98.25%,42.11%,15.79%,40.54,24,9,56,9,24,1,1.75%,42.10%,0,Khánh Hòa,NTB,AM Duy
NTB - Khánh Hòa,(KHO) Nha Trang,Hàng Tồn,2026-09-10 - Thứ 5,63,98.41%,44.44%,4.76%,39,28,3,62,3,32,1,1.59%,50.80%,0,Khánh Hòa,NTB,AM Duy
NTB - Khánh Hòa,(KHO) Nha Trang,Hàng Tồn,2026-09-03 - Thứ 5,55,98.18%,52.73%,9.09%,49.93,29,5,54,5,21,1,1.82%,38.18%,0,Khánh Hòa,NTB,AM Duy
NTB - Khánh Hòa,(KHO) Nha Trang,Hàng Tồn,2026-09-11 - Thứ 6,70,98.57%,48.57%,5.71%,38.44,34,4,69,4,32,1,1.43%,45.72%,0,Khánh Hòa,NTB,AM Duy
NTB - Khánh Hòa,(KHO) Nha Trang,Hàng Tồn,2026-09-08 - Thứ 3,65,98.46%,55.38%,4.62%,43.17,36,3,64,3,26,1,1.54%,40.00%,0,Khánh Hòa,NTB,AM Duy
NTB - Khánh Hòa,(KHO) Nha Trang,Hàng Tồn,2026-08-17 - Thứ 2,72,100.00%,54.17%,6.94%,36.41,39,5,72,5,28,0,0.00%,38.89%,0,Khánh Hòa,NTB,AM Duy
NTB - Khánh Hòa,(KHO) Nha Trang,Hàng Tồn,2026-08-24 - Thứ 2,85,100.00%,52.94%,3.53%,39.87,45,3,85,3,37,0,0.00%,43.53%,0,Khánh Hòa,NTB,AM Duy
NTB - Khánh Hòa,(KHO) Nha Trang,Hàng Tồn,2026-09-07 - Thứ 2,89,98.88%,55.06%,2.25%,36.47,49,2,88,2,38,1,1.12%,42.69%,0,Khánh Hòa,NTB,AM Duy
NTB - Khánh Hòa,(KHO) Nam Nha Trang 5,Hàng Mới Ca 1,2026-08-19 - Thứ 4,76,100.00%,88.16%,0.00%,5.82,67,0,76,0,9,0,0.00%,11.84%,76,Khánh Hòa,NTB,AM Thư
NTB - Khánh Hòa,(KHO) Nam Nha Trang 5,Hàng Mới Ca 1,2026-09-04 - Thứ 6,25,100.00%,84.00%,0.00%,5.67,21,0,25,0,4,0,0.00%,16.00%,25,Khánh Hòa,NTB,AM Thư
NTB - Khánh Hòa,(KHO) Nam Nha Trang 5,Hàng Mới Ca 1,2026-08-18 - Thứ 3,23,100.00%,95.65%,0.00%,5.64,22,0,23,0,1,0,0.00%,4.35%,23,Khánh Hòa,NTB,AM Thư
NTB - Khánh Hòa,(KHO) Nam Nha Trang 5,Hàng Mới Ca 1,2026-08-30 - Chủ Nhật,36,100.00%,72.22%,0.00%,4.27,26,0,36,0,10,0,0.00%,27.78%,36,Khánh Hòa,NTB,AM Thư
NTB - Khánh Hòa,(KHO) Nam Nha Trang 5,Hàng Mới Ca 1,2026-09-08 - Thứ 3,30,100.00%,100.00%,0.00%,5.63,30,0,30,0,0,0,0.00%,0.00%,30,Khánh Hòa,NTB,AM Thư
NTB - Khánh Hòa,(KHO) Nam Nha Trang 5,Hàng Mới Ca 1,2026-09-07 - Thứ 2,34,100.00%,88.24%,0.00%,5.8,30,0,34,0,4,0,0.00%,11.76%,34,Khánh Hòa,NTB,AM Thư
NTB - Khánh Hòa,(KHO) Nam Nha Trang 5,Hàng Mới Ca 1,2026-09-03 - Thứ 5,32,100.00%,93.75%,0.00%,6.67,30,0,32,0,2,0,0.00%,6.25%,32,Khánh Hòa,NTB,AM Thư
NTB - Khánh Hòa,(KHO) Nam Nha Trang 5,Hàng Mới Ca 1,2026-09-11 - Thứ 6,32,100.00%,96.88%,0.00%,5.61,31,0,32,0,1,0,0.00%,3.12%,32,Khánh Hòa,NTB,AM Thư
NTB - Khánh Hòa,(KHO) Nam Nha Trang 5,Hàng Mới Ca 1,2026-08-25 - Thứ 3,38,100.00%,89.47%,0.00%,5.26,34,0,38,0,4,0,0.00%,10.53%,38,Khánh Hòa,NTB,AM Thư
NTB - Khánh Hòa,(KHO) Nam Nha Trang 5,Hàng Mới Ca 1,2026-09-01 - Thứ 3,41,100.00%,85.37%,0.00%,4.97,35,0,41,0,6,0,0.00%,14.63%,41,Khánh Hòa,NTB,AM Thư
NTB - Khánh Hòa,(KHO) Nam Nha Trang 5,Hàng Mới Ca 1,2026-08-22 - Thứ 7,39,100.00%,89.74%,0.00%,4.34,35,0,39,0,4,0,0.00%,10.26%,39,Khánh Hòa,NTB,AM Thư
NTB - Khánh Hòa,(KHO) Nam Nha Trang 5,Hàng Mới Ca 1,2026-08-24 - Thứ 2,38,97.37%,97.37%,0.00%,4.32,37,0,37,0,1,1,2.63%,2.63%,38,Khánh Hòa,NTB,AM Thư
NTB - Khánh Hòa,(KHO) Nam Nha Trang 5,Hàng Mới Ca 1,2026-08-27 - Thứ 5,45,100.00%,84.44%,0.00%,6.79,38,0,45,0,7,0,0.00%,15.56%,45,Khánh Hòa,NTB,AM Thư
NTB - Khánh Hòa,(KHO) Nam Nha Trang 5,Hàng Mới Ca 1,2026-08-31 - Thứ 2,43,100.00%,88.37%,0.00%,6.29,38,0,43,0,5,0,0.00%,11.63%,43,Khánh Hòa,NTB,AM Thư
NTB - Khánh Hòa,(KHO) Nam Nha Trang 5,Hàng Mới Ca 1,2026-08-28 - Thứ 6,47,100.00%,87.23%,0.00%,5.9,41,0,47,0,6,0,0.00%,12.77%,47,Khánh Hòa,NTB,AM Thư
NTB - Khánh Hòa,(KHO) Nam Nha Trang 5,Hàng Mới Ca 1,2026-08-17 - Thứ 2,50,100.00%,86.00%,0.00%,5.86,43,0,50,0,7,0,0.00%,14.00%,50,Khánh Hòa,NTB,AM Thư
NTB - Khánh Hòa,(KHO) Nam Nha Trang 5,Hàng Mới Ca 1,2026-08-21 - Thứ 6,50,100.00%,88.00%,0.00%,6.36,44,0,50,0,6,0,0.00%,12.00%,50,Khánh Hòa,NTB,AM Thư
NTB - Khánh Hòa,(KHO) Nam Nha Trang 5,Hàng Mới Ca 1,2026-09-13 - Chủ Nhật,51,100.00%,88.24%,0.00%,6.53,45,0,51,0,6,0,0.00%,11.76%,51,Khánh Hòa,NTB,AM Thư
NTB - Khánh Hòa,(KHO) Nam Nha Trang 5,Hàng Mới Ca 1,2026-08-29 - Thứ 7,54,100.00%,85.19%,0.00%,5.11,46,0,54,0,8,0,0.00%,14.81%,54,Khánh Hòa,NTB,AM Thư
NTB - Khánh Hòa,(KHO) Nam Nha Trang 5,Hàng Mới Ca 1,2026-08-23 - Chủ Nhật,52,100.00%,88.46%,0.00%,4.93,46,0,52,0,6,0,0.00%,11.54%,52,Khánh Hòa,NTB,AM Thư
NTB - Khánh Hòa,(KHO) Nam Nha Trang 5,Hàng Mới Ca 1,2026-08-26 - Thứ 4,54,100.00%,85.19%,0.00%,4.89,46,0,54,0,8,0,0.00%,14.81%,54,Khánh Hòa,NTB,AM Thư
NTB - Khánh Hòa,(KHO) Nam Nha Trang 5,Hàng Mới Ca 1,2026-09-02 - Thứ 4,58,100.00%,81.03%,0.00%,5.87,47,0,58,0,11,0,0.00%,18.97%,58,Khánh Hòa,NTB,AM Thư
NTB - Khánh Hòa,(KHO) Nam Nha Trang 5,Hàng Mới Ca 1,2026-09-12 - Thứ 7,53,100.00%,90.57%,0.00%,8.98,48,0,53,0,5,0,0.00%,9.43%,53,Khánh Hòa,NTB,AM Thư
NTB - Khánh Hòa,(KHO) Nam Nha Trang 5,Hàng Mới Ca 1,2026-09-09 - Thứ 4,50,100.00%,98.00%,0.00%,5.49,49,0,50,0,1,0,0.00%,2.00%,50,Khánh Hòa,NTB,AM Thư
NTB - Khánh Hòa,(KHO) Nam Nha Trang 5,Hàng Mới Ca 1,2026-09-10 - Thứ 5,61,100.00%,80.33%,0.00%,7.57,49,0,61,0,12,0,0.00%,19.67%,61,Khánh Hòa,NTB,AM Thư
NTB - Khánh Hòa,(KHO) Nam Nha Trang 5,Hàng Mới Ca 1,2026-09-05 - Thứ 7,71,100.00%,80.28%,0.00%,5.93,57,0,71,0,14,0,0.00%,19.72%,71,Khánh Hòa,NTB,AM Thư
NTB - Khánh Hòa,(KHO) Nam Nha Trang 5,Hàng Mới Ca 1,2026-09-06 - Chủ Nhật,74,100.00%,86.49%,0.00%,6.45,64,0,74,0,10,0,0.00%,13.51%,74,Khánh Hòa,NTB,AM Thư
NTB - Khánh Hòa,(KHO) Nam Nha Trang 5,Hàng Mới Ca 1,2026-08-20 - Thứ 5,70,100.00%,92.86%,0.00%,5.11,65,0,70,0,5,0,0.00%,7.14%,70,Khánh Hòa,NTB,AM Thư
NTB - Khánh Hòa,(KHO) Nam Nha Trang 5,Hàng Mới Ca 2,2026-09-03 - Thứ 5,3,100.00%,100.00%,0.00%,2.33,3,0,3,0,0,0,0.00%,0.00%,3,Khánh Hòa,NTB,AM Thư
NTB - Khánh Hòa,(KHO) Nam Nha Trang 5,Hàng Mới Ca 2,2026-09-04 - Thứ 6,11,100.00%,81.82%,0.00%,3.11,9,0,11,0,2,0,0.00%,18.18%,11,Khánh Hòa,NTB,AM Thư
NTB - Khánh Hòa,(KHO) Nam Nha Trang 5,Hàng Mới Ca 2,2026-09-02 - Thứ 4,14,100.00%,85.71%,0.00%,3.67,12,0,14,0,2,0,0.00%,14.29%,14,Khánh Hòa,NTB,AM Thư
NTB - Khánh Hòa,(KHO) Nam Nha Trang 5,Hàng Mới Ca 2,2026-08-21 - Thứ 6,15,100.00%,86.67%,0.00%,3.62,13,0,15,0,2,0,0.00%,13.33%,15,Khánh Hòa,NTB,AM Thư
NTB - Khánh Hòa,(KHO) Nam Nha Trang 5,Hàng Mới Ca 2,2026-09-01 - Thứ 3,17,100.00%,76.47%,0.00%,3.46,13,0,17,0,4,0,0.00%,23.53%,17,Khánh Hòa,NTB,AM Thư
NTB - Khánh Hòa,(KHO) Nam Nha Trang 5,Hàng Mới Ca 2,2026-09-13 - Chủ Nhật,15,100.00%,93.33%,0.00%,3.57,14,0,15,0,1,0,0.00%,6.67%,15,Khánh Hòa,NTB,AM Thư
NTB - Khánh Hòa,(KHO) Nam Nha Trang 5,Hàng Mới Ca 2,2026-09-07 - Thứ 2,16,100.00%,93.75%,0.00%,2.67,15,0,16,0,1,0,0.00%,6.25%,16,Khánh Hòa,NTB,AM Thư
NTB - Khánh Hòa,(KHO) Nam Nha Trang 5,Hàng Mới Ca 2,2026-08-20 - Thứ 5,19,100.00%,84.21%,0.00%,2.81,16,0,19,0,3,0,0.00%,15.79%,19,Khánh Hòa,NTB,AM Thư
NTB - Khánh Hòa,(KHO) Nam Nha Trang 5,Hàng Mới Ca 2,2026-09-10 - Thứ 5,24,100.00%,66.67%,0.00%,4.44,16,0,24,0,8,0,0.00%,33.33%,24,Khánh Hòa,NTB,AM Thư
NTB - Khánh Hòa,(KHO) Nam Nha Trang 5,Hàng Mới Ca 2,2026-09-08 - Thứ 3,16,100.00%,100.00%,0.00%,2.25,16,0,16,0,0,0,0.00%,0.00%,16,Khánh Hòa,NTB,AM Thư
NTB - Khánh Hòa,(KHO) Nam Nha Trang 5,Hàng Mới Ca 2,2026-09-12 - Thứ 7,19,100.00%,89.47%,0.00%,3.35,17,0,19,0,2,0,0.00%,10.53%,19,Khánh Hòa,NTB,AM Thư
NTB - Khánh Hòa,(KHO) Nam Nha Trang 5,Hàng Mới Ca 2,2026-08-31 - Thứ 2,22,100.00%,77.27%,0.00%,3.59,17,0,22,0,5,0,0.00%,22.73%,22,Khánh Hòa,NTB,AM Thư
NTB - Khánh Hòa,(KHO) Nam Nha Trang 5,Hàng Mới Ca 2,2026-09-11 - Thứ 6,18,100.00%,94.44%,0.00%,3,17,0,18,0,1,0,0.00%,5.56%,18,Khánh Hòa,NTB,AM Thư
NTB - Khánh Hòa,(KHO) Nam Nha Trang 5,Hàng Mới Ca 2,2026-08-25 - Thứ 3,23,100.00%,82.61%,0.00%,2.26,19,0,23,0,4,0,0.00%,17.39%,23,Khánh Hòa,NTB,AM Thư
NTB - Khánh Hòa,(KHO) Nam Nha Trang 5,Hàng Mới Ca 2,2026-09-05 - Thứ 7,22,100.00%,86.36%,0.00%,2.68,19,0,22,0,3,0,0.00%,13.64%,22,Khánh Hòa,NTB,AM Thư
NTB - Khánh Hòa,(KHO) Nam Nha Trang 5,Hàng Mới Ca 2,2026-08-29 - Thứ 7,26,100.00%,80.77%,0.00%,2.14,21,0,26,0,5,0,0.00%,19.23%,26,Khánh Hòa,NTB,AM Thư
NTB - Khánh Hòa,(KHO) Nam Nha Trang 5,Hàng Mới Ca 2,2026-08-23 - Chủ Nhật,24,100.00%,87.50%,0.00%,2.81,21,0,24,0,3,0,0.00%,12.50%,24,Khánh Hòa,NTB,AM Thư
NTB - Khánh Hòa,(KHO) Nam Nha Trang 5,Hàng Mới Ca 2,2026-08-28 - Thứ 6,22,100.00%,95.45%,0.00%,3.38,21,0,22,0,1,0,0.00%,4.55%,22,Khánh Hòa,NTB,AM Thư
NTB - Khánh Hòa,(KHO) Nam Nha Trang 5,Hàng Mới Ca 2,2026-08-17 - Thứ 2,23,100.00%,95.65%,0.00%,3.55,22,0,23,0,1,0,0.00%,4.35%,23,Khánh Hòa,NTB,AM Thư
NTB - Khánh Hòa,(KHO) Nam Nha Trang 5,Hàng Mới Ca 2,2026-09-06 - Chủ Nhật,28,100.00%,82.14%,0.00%,3.83,23,0,28,0,5,0,0.00%,17.86%,28,Khánh Hòa,NTB,AM Thư
NTB - Khánh Hòa,(KHO) Nam Nha Trang 5,Hàng Mới Ca 2,2026-08-22 - Thứ 7,26,96.15%,88.46%,0.00%,2.35,23,0,25,0,3,1,3.85%,11.54%,26,Khánh Hòa,NTB,AM Thư
NTB - Khánh Hòa,(KHO) Nam Nha Trang 5,Hàng Mới Ca 2,2026-08-24 - Thứ 2,28,100.00%,89.29%,0.00%,1.84,25,0,28,0,3,0,0.00%,10.71%,28,Khánh Hòa,NTB,AM Thư
NTB - Khánh Hòa,(KHO) Nam Nha Trang 5,Hàng Mới Ca 2,2026-08-30 - Chủ Nhật,33,100.00%,87.88%,0.00%,3.24,29,0,33,0,4,0,0.00%,12.12%,33,Khánh Hòa,NTB,AM Thư
NTB - Khánh Hòa,(KHO) Nam Nha Trang 5,Hàng Mới Ca 2,2026-08-27 - Thứ 5,37,100.00%,86.49%,0.00%,3.53,32,0,37,0,5,0,0.00%,13.51%,37,Khánh Hòa,NTB,AM Thư
NTB - Khánh Hòa,(KHO) Nam Nha Trang 5,Hàng Mới Ca 2,2026-09-09 - Thứ 4,40,97.50%,82.50%,0.00%,3.82,33,0,39,0,7,1,2.50%,17.50%,40,Khánh Hòa,NTB,AM Thư
NTB - Khánh Hòa,(KHO) Nam Nha Trang 5,Hàng Mới Ca 2,2026-08-18 - Thứ 3,38,100.00%,86.84%,0.00%,2.58,33,0,38,0,5,0,0.00%,13.16%,38,Khánh Hòa,NTB,AM Thư
NTB - Khánh Hòa,(KHO) Nam Nha Trang 5,Hàng Mới Ca 2,2026-08-26 - Thứ 4,37,100.00%,89.19%,0.00%,3.7,33,0,37,0,4,0,0.00%,10.81%,37,Khánh Hòa,NTB,AM Thư
NTB - Khánh Hòa,(KHO) Nam Nha Trang 5,Hàng Tồn,2026-09-09 - Thứ 4,6,100.00%,0.00%,0.00%,,0,0,6,0,6,0,0.00%,100.00%,0,Khánh Hòa,NTB,AM Thư
NTB - Khánh Hòa,(KHO) Nam Nha Trang 5,Hàng Tồn,2026-09-08 - Thứ 3,11,100.00%,9.09%,0.00%,56,1,0,11,0,10,0,0.00%,90.91%,0,Khánh Hòa,NTB,AM Thư
NTB - Khánh Hòa,(KHO) Nam Nha Trang 5,Hàng Tồn,2026-08-30 - Chủ Nhật,13,100.00%,15.38%,0.00%,28,2,0,13,0,11,0,0.00%,84.62%,0,Khánh Hòa,NTB,AM Thư
NTB - Khánh Hòa,(KHO) Nam Nha Trang 5,Hàng Tồn,2026-09-12 - Thứ 7,13,100.00%,15.38%,0.00%,44.5,2,0,13,0,11,0,0.00%,84.62%,0,Khánh Hòa,NTB,AM Thư
NTB - Khánh Hòa,(KHO) Nam Nha Trang 5,Hàng Tồn,2026-09-04 - Thứ 6,7,100.00%,42.86%,14.29%,47,3,1,7,1,3,0,0.00%,42.85%,0,Khánh Hòa,NTB,AM Thư
NTB - Khánh Hòa,(KHO) Nam Nha Trang 5,Hàng Tồn,2026-08-25 - Thứ 3,10,90.00%,30.00%,0.00%,49.33,3,0,9,0,7,1,10.00%,70.00%,0,Khánh Hòa,NTB,AM Thư
NTB - Khánh Hòa,(KHO) Nam Nha Trang 5,Hàng Tồn,2026-08-23 - Chủ Nhật,12,91.67%,25.00%,0.00%,30,3,0,11,0,9,1,8.33%,75.00%,0,Khánh Hòa,NTB,AM Thư
NTB - Khánh Hòa,(KHO) Nam Nha Trang 5,Hàng Tồn,2026-08-26 - Thứ 4,11,90.91%,27.27%,0.00%,24.33,3,0,10,0,8,1,9.09%,72.73%,0,Khánh Hòa,NTB,AM Thư
NTB - Khánh Hòa,(KHO) Nam Nha Trang 5,Hàng Tồn,2026-09-10 - Thứ 5,8,100.00%,37.50%,0.00%,24.33,3,0,8,0,5,0,0.00%,62.50%,0,Khánh Hòa,NTB,AM Thư
NTB - Khánh Hòa,(KHO) Nam Nha Trang 5,Hàng Tồn,2026-09-13 - Chủ Nhật,10,100.00%,30.00%,10.00%,51.67,3,1,10,1,6,0,0.00%,60.00%,0,Khánh Hòa,NTB,AM Thư
NTB - Khánh Hòa,(KHO) Nam Nha Trang 5,Hàng Tồn,2026-08-20 - Thứ 5,13,100.00%,30.77%,7.69%,29.25,4,1,13,1,8,0,0.00%,61.54%,0,Khánh Hòa,NTB,AM Thư
NTB - Khánh Hòa,(KHO) Nam Nha Trang 5,Hàng Tồn,2026-08-19 - Thứ 4,10,100.00%,40.00%,0.00%,29,4,0,10,0,6,0,0.00%,60.00%,0,Khánh Hòa,NTB,AM Thư
NTB - Khánh Hòa,(KHO) Nam Nha Trang 5,Hàng Tồn,2026-09-01 - Thứ 3,17,100.00%,23.53%,0.00%,26.5,4,0,17,0,13,0,0.00%,76.47%,0,Khánh Hòa,NTB,AM Thư
NTB - Khánh Hòa,(KHO) Nam Nha Trang 5,Hàng Tồn,2026-08-22 - Thứ 7,9,100.00%,44.44%,0.00%,34.75,4,0,9,0,5,0,0.00%,55.56%,0,Khánh Hòa,NTB,AM Thư
NTB - Khánh Hòa,(KHO) Nam Nha Trang 5,Hàng Tồn,2026-09-05 - Thứ 7,7,100.00%,71.43%,0.00%,33.8,5,0,7,0,2,0,0.00%,28.57%,0,Khánh Hòa,NTB,AM Thư
NTB - Khánh Hòa,(KHO) Nam Nha Trang 5,Hàng Tồn,2026-08-24 - Thứ 2,14,92.86%,35.71%,0.00%,36.8,5,0,13,0,9,1,7.14%,64.29%,0,Khánh Hòa,NTB,AM Thư
NTB - Khánh Hòa,(KHO) Nam Nha Trang 5,Hàng Tồn,2026-09-06 - Chủ Nhật,19,100.00%,31.58%,0.00%,27.5,6,0,19,0,13,0,0.00%,68.42%,0,Khánh Hòa,NTB,AM Thư
NTB - Khánh Hòa,(KHO) Nam Nha Trang 5,Hàng Tồn,2026-08-27 - Thứ 5,18,94.44%,33.33%,0.00%,29.83,6,0,17,0,12,1,5.56%,66.67%,0,Khánh Hòa,NTB,AM Thư
NTB - Khánh Hòa,(KHO) Nam Nha Trang 5,Hàng Tồn,2026-08-21 - Thứ 6,13,100.00%,46.15%,0.00%,32,6,0,13,0,7,0,0.00%,53.85%,0,Khánh Hòa,NTB,AM Thư
NTB - Khánh Hòa,(KHO) Nam Nha Trang 5,Hàng Tồn,2026-08-29 - Thứ 7,14,100.00%,50.00%,0.00%,33.86,7,0,14,0,7,0,0.00%,50.00%,0,Khánh Hòa,NTB,AM Thư
NTB - Khánh Hòa,(KHO) Nam Nha Trang 5,Hàng Tồn,2026-08-17 - Thứ 2,19,94.74%,36.84%,5.26%,26,7,1,18,1,11,1,5.26%,57.90%,0,Khánh Hòa,NTB,AM Thư
NTB - Khánh Hòa,(KHO) Nam Nha Trang 5,Hàng Tồn,2026-08-28 - Thứ 6,20,100.00%,35.00%,0.00%,41.29,7,0,20,0,13,0,0.00%,65.00%,0,Khánh Hòa,NTB,AM Thư
NTB - Khánh Hòa,(KHO) Nam Nha Trang 5,Hàng Tồn,2026-08-18 - Thứ 3,13,100.00%,61.54%,0.00%,35,8,0,13,0,5,0,0.00%,38.46%,0,Khánh Hòa,NTB,AM Thư
NTB - Khánh Hòa,(KHO) Nam Nha Trang 5,Hàng Tồn,2026-09-07 - Thứ 2,26,100.00%,34.62%,0.00%,29,9,0,26,0,17,0,0.00%,65.38%,0,Khánh Hòa,NTB,AM Thư
NTB - Khánh Hòa,(KHO) Nam Nha Trang 5,Hàng Tồn,2026-09-03 - Thứ 5,17,100.00%,52.94%,0.00%,31.33,9,0,17,0,8,0,0.00%,47.06%,0,Khánh Hòa,NTB,AM Thư
NTB - Khánh Hòa,(KHO) Nam Nha Trang 5,Hàng Tồn,2026-09-11 - Thứ 6,25,100.00%,40.00%,0.00%,29,10,0,25,0,15,0,0.00%,60.00%,0,Khánh Hòa,NTB,AM Thư
NTB - Khánh Hòa,(KHO) Nam Nha Trang 5,Hàng Tồn,2026-09-02 - Thứ 4,21,100.00%,52.38%,4.76%,42,11,1,21,1,9,0,0.00%,42.86%,0,Khánh Hòa,NTB,AM Thư
NTB - Khánh Hòa,(KHO) Nam Nha Trang 5,Hàng Tồn,2026-08-31 - Thứ 2,24,100.00%,54.17%,0.00%,31.69,13,0,24,0,11,0,0.00%,45.83%,0,Khánh Hòa,NTB,AM Thư
NTB - Khánh Hòa,(KHO) Nam Nha Trang 3,Hàng Mới Ca 1,2026-08-30 - Chủ Nhật,95,98.95%,90.53%,0.00%,10.2,86,0,94,0,9,1,1.05%,9.47%,95,Khánh Hòa,NTB,AM Thư
NTB - Khánh Hòa,(KHO) Nam Nha Trang 3,Hàng Mới Ca 1,2026-08-19 - Thứ 4,105,100.00%,85.71%,0.00%,6.13,90,0,105,0,15,0,0.00%,14.29%,105,Khánh Hòa,NTB,AM Thư
NTB - Khánh Hòa,(KHO) Nam Nha Trang 3,Hàng Mới Ca 1,2026-08-29 - Thứ 7,93,100.00%,88.17%,0.00%,7.66,82,0,93,0,11,0,0.00%,11.83%,93,Khánh Hòa,NTB,AM Thư
NTB - Khánh Hòa,(KHO) Nam Nha Trang 3,Hàng Mới Ca 1,2026-09-04 - Thứ 6,25,100.00%,80.00%,0.00%,10.5,20,0,25,0,5,0,0.00%,20.00%,25,Khánh Hòa,NTB,AM Thư
NTB - Khánh Hòa,(KHO) Nam Nha Trang 3,Hàng Mới Ca 1,2026-09-01 - Thứ 3,35,100.00%,85.71%,0.00%,6.93,30,0,35,0,5,0,0.00%,14.29%,35,Khánh Hòa,NTB,AM Thư
NTB - Khánh Hòa,(KHO) Nam Nha Trang 3,Hàng Mới Ca 1,2026-09-03 - Thứ 5,41,100.00%,87.80%,0.00%,6.75,36,0,41,0,5,0,0.00%,12.20%,41,Khánh Hòa,NTB,AM Thư
NTB - Khánh Hòa,(KHO) Nam Nha Trang 3,Hàng Mới Ca 1,2026-08-18 - Thứ 3,45,100.00%,84.44%,0.00%,6.03,38,0,45,0,7,0,0.00%,15.56%,45,Khánh Hòa,NTB,AM Thư
NTB - Khánh Hòa,(KHO) Nam Nha Trang 3,Hàng Mới Ca 1,2026-09-08 - Thứ 3,53,96.23%,77.36%,0.00%,6.1,41,0,51,0,12,2,3.77%,22.64%,53,Khánh Hòa,NTB,AM Thư
NTB - Khánh Hòa,(KHO) Nam Nha Trang 3,Hàng Mới Ca 1,2026-08-24 - Thứ 2,50,98.00%,82.00%,0.00%,9.68,41,0,49,0,9,1,2.00%,18.00%,50,Khánh Hòa,NTB,AM Thư
NTB - Khánh Hòa,(KHO) Nam Nha Trang 3,Hàng Mới Ca 1,2026-08-28 - Thứ 6,69,95.65%,66.67%,0.00%,8.7,46,0,66,0,23,3,4.35%,33.33%,69,Khánh Hòa,NTB,AM Thư
NTB - Khánh Hòa,(KHO) Nam Nha Trang 3,Hàng Mới Ca 1,2026-09-13 - Chủ Nhật,69,98.55%,68.12%,0.00%,10.85,47,0,68,0,22,1,1.45%,31.88%,69,Khánh Hòa,NTB,AM Thư
NTB - Khánh Hòa,(KHO) Nam Nha Trang 3,Hàng Mới Ca 1,2026-09-05 - Thứ 7,61,98.36%,78.69%,0.00%,7.85,48,0,60,0,13,1,1.64%,21.31%,61,Khánh Hòa,NTB,AM Thư
NTB - Khánh Hòa,(KHO) Nam Nha Trang 3,Hàng Mới Ca 1,2026-08-23 - Chủ Nhật,68,97.06%,72.06%,0.00%,7.29,49,0,66,0,19,2,2.94%,27.94%,68,Khánh Hòa,NTB,AM Thư
NTB - Khánh Hòa,(KHO) Nam Nha Trang 3,Hàng Mới Ca 1,2026-08-31 - Thứ 2,58,98.28%,86.21%,0.00%,11.96,50,0,57,0,8,1,1.72%,13.79%,58,Khánh Hòa,NTB,AM Thư
NTB - Khánh Hòa,(KHO) Nam Nha Trang 3,Hàng Mới Ca 1,2026-08-21 - Thứ 6,61,100.00%,81.97%,0.00%,6.3,50,0,61,0,11,0,0.00%,18.03%,61,Khánh Hòa,NTB,AM Thư
NTB - Khánh Hòa,(KHO) Nam Nha Trang 3,Hàng Mới Ca 1,2026-08-27 - Thứ 5,61,98.36%,83.61%,0.00%,9.25,51,0,60,0,10,1,1.64%,16.39%,61,Khánh Hòa,NTB,AM Thư
NTB - Khánh Hòa,(KHO) Nam Nha Trang 3,Hàng Mới Ca 1,2026-08-20 - Thứ 5,65,100.00%,80.00%,0.00%,9.25,52,0,65,0,13,0,0.00%,20.00%,65,Khánh Hòa,NTB,AM Thư
NTB - Khánh Hòa,(KHO) Nam Nha Trang 3,Hàng Mới Ca 1,2026-09-11 - Thứ 6,65,100.00%,81.54%,0.00%,8.79,53,0,65,0,12,0,0.00%,18.46%,65,Khánh Hòa,NTB,AM Thư
NTB - Khánh Hòa,(KHO) Nam Nha Trang 3,Hàng Mới Ca 1,2026-08-25 - Thứ 3,61,100.00%,90.16%,0.00%,9.16,55,0,61,0,6,0,0.00%,9.84%,61,Khánh Hòa,NTB,AM Thư
NTB - Khánh Hòa,(KHO) Nam Nha Trang 3,Hàng Mới Ca 1,2026-08-17 - Thứ 2,66,100.00%,84.85%,0.00%,7.95,56,0,66,0,10,0,0.00%,15.15%,66,Khánh Hòa,NTB,AM Thư
NTB - Khánh Hòa,(KHO) Nam Nha Trang 3,Hàng Mới Ca 1,2026-09-09 - Thứ 4,61,100.00%,91.80%,0.00%,10.45,56,0,61,0,5,0,0.00%,8.20%,61,Khánh Hòa,NTB,AM Thư
NTB - Khánh Hòa,(KHO) Nam Nha Trang 3,Hàng Mới Ca 1,2026-09-07 - Thứ 2,67,98.51%,83.58%,0.00%,6.61,56,0,66,0,11,1,1.49%,16.42%,67,Khánh Hòa,NTB,AM Thư
NTB - Khánh Hòa,(KHO) Nam Nha Trang 3,Hàng Mới Ca 1,2026-09-12 - Thứ 7,81,96.30%,71.60%,0.00%,12.26,58,0,78,0,23,3,3.70%,28.40%,81,Khánh Hòa,NTB,AM Thư
NTB - Khánh Hòa,(KHO) Nam Nha Trang 3,Hàng Mới Ca 1,2026-08-22 - Thứ 7,82,96.34%,71.95%,0.00%,8.03,59,0,79,0,23,3,3.66%,28.05%,82,Khánh Hòa,NTB,AM Thư
NTB - Khánh Hòa,(KHO) Nam Nha Trang 3,Hàng Mới Ca 1,2026-09-02 - Thứ 4,79,100.00%,75.95%,0.00%,7.18,60,0,79,0,19,0,0.00%,24.05%,79,Khánh Hòa,NTB,AM Thư
NTB - Khánh Hòa,(KHO) Nam Nha Trang 3,Hàng Mới Ca 1,2026-08-26 - Thứ 4,78,100.00%,79.49%,0.00%,10.63,62,0,78,0,16,0,0.00%,20.51%,78,Khánh Hòa,NTB,AM Thư
NTB - Khánh Hòa,(KHO) Nam Nha Trang 3,Hàng Mới Ca 1,2026-09-10 - Thứ 5,78,100.00%,82.05%,0.00%,11.05,64,0,78,0,14,0,0.00%,17.95%,78,Khánh Hòa,NTB,AM Thư
NTB - Khánh Hòa,(KHO) Nam Nha Trang 3,Hàng Mới Ca 1,2026-09-06 - Chủ Nhật,85,97.65%,81.18%,0.00%,6.97,69,0,83,0,16,2,2.35%,18.82%,85,Khánh Hòa,NTB,AM Thư
NTB - Khánh Hòa,(KHO) Nam Nha Trang 3,Hàng Mới Ca 2,2026-09-03 - Thứ 5,6,66.67%,66.67%,0.00%,4.25,4,0,4,0,2,2,33.33%,33.33%,6,Khánh Hòa,NTB,AM Thư
NTB - Khánh Hòa,(KHO) Nam Nha Trang 3,Hàng Mới Ca 2,2026-09-07 - Thứ 2,14,92.86%,71.43%,0.00%,2.1,10,0,13,0,4,1,7.14%,28.57%,14,Khánh Hòa,NTB,AM Thư
NTB - Khánh Hòa,(KHO) Nam Nha Trang 3,Hàng Mới Ca 2,2026-09-13 - Chủ Nhật,26,76.92%,46.15%,0.00%,2.42,12,0,20,0,14,6,23.08%,53.85%,26,Khánh Hòa,NTB,AM Thư
NTB - Khánh Hòa,(KHO) Nam Nha Trang 3,Hàng Mới Ca 2,2026-08-20 - Thứ 5,30,50.00%,43.33%,0.00%,3.38,13,0,15,0,17,15,50.00%,56.67%,30,Khánh Hòa,NTB,AM Thư
NTB - Khánh Hòa,(KHO) Nam Nha Trang 3,Hàng Mới Ca 2,2026-08-17 - Thứ 2,27,81.48%,55.56%,0.00%,2,15,0,22,0,12,5,18.52%,44.44%,27,Khánh Hòa,NTB,AM Thư
NTB - Khánh Hòa,(KHO) Nam Nha Trang 3,Hàng Mới Ca 2,2026-08-30 - Chủ Nhật,29,79.31%,58.62%,0.00%,2.41,17,0,23,0,12,6,20.69%,41.38%,29,Khánh Hòa,NTB,AM Thư
NTB - Khánh Hòa,(KHO) Nam Nha Trang 3,Hàng Mới Ca 2,2026-08-23 - Chủ Nhật,33,81.82%,54.55%,0.00%,3.06,18,0,27,0,15,6,18.18%,45.45%,33,Khánh Hòa,NTB,AM Thư
NTB - Khánh Hòa,(KHO) Nam Nha Trang 3,Hàng Mới Ca 2,2026-09-05 - Thứ 7,39,71.79%,46.15%,0.00%,2.67,18,0,28,0,21,11,28.21%,53.85%,39,Khánh Hòa,NTB,AM Thư
NTB - Khánh Hòa,(KHO) Nam Nha Trang 3,Hàng Mới Ca 2,2026-09-02 - Thứ 4,29,89.66%,65.52%,0.00%,2.26,19,0,26,0,10,3,10.34%,34.48%,29,Khánh Hòa,NTB,AM Thư
NTB - Khánh Hòa,(KHO) Nam Nha Trang 3,Hàng Mới Ca 2,2026-08-21 - Thứ 6,29,79.31%,65.52%,0.00%,2.84,19,0,23,0,10,6,20.69%,34.48%,29,Khánh Hòa,NTB,AM Thư
NTB - Khánh Hòa,(KHO) Nam Nha Trang 3,Hàng Mới Ca 2,2026-09-11 - Thứ 6,29,82.76%,65.52%,0.00%,2.79,19,0,24,0,10,5,17.24%,34.48%,29,Khánh Hòa,NTB,AM Thư
NTB - Khánh Hòa,(KHO) Nam Nha Trang 3,Hàng Mới Ca 2,2026-09-01 - Thứ 3,35,71.43%,54.29%,0.00%,2.79,19,0,25,0,16,10,28.57%,45.71%,35,Khánh Hòa,NTB,AM Thư
NTB - Khánh Hòa,(KHO) Nam Nha Trang 3,Hàng Mới Ca 2,2026-09-04 - Thứ 6,33,84.85%,60.61%,0.00%,2.1,20,0,28,0,13,5,15.15%,39.39%,33,Khánh Hòa,NTB,AM Thư
NTB - Khánh Hòa,(KHO) Nam Nha Trang 3,Hàng Mới Ca 2,2026-08-25 - Thứ 3,25,92.00%,80.00%,0.00%,2.45,20,0,23,0,5,2,8.00%,20.00%,25,Khánh Hòa,NTB,AM Thư
NTB - Khánh Hòa,(KHO) Nam Nha Trang 3,Hàng Mới Ca 2,2026-09-09 - Thứ 4,37,86.49%,59.46%,0.00%,3.05,22,0,32,0,15,5,13.51%,40.54%,37,Khánh Hòa,NTB,AM Thư
NTB - Khánh Hòa,(KHO) Nam Nha Trang 3,Hàng Mới Ca 2,2026-08-22 - Thứ 7,37,81.08%,59.46%,0.00%,3.09,22,0,30,0,15,7,18.92%,40.54%,37,Khánh Hòa,NTB,AM Thư
NTB - Khánh Hòa,(KHO) Nam Nha Trang 3,Hàng Mới Ca 2,2026-09-12 - Thứ 7,42,64.29%,54.76%,0.00%,3.48,23,0,27,0,19,15,35.71%,45.24%,42,Khánh Hòa,NTB,AM Thư
NTB - Khánh Hòa,(KHO) Nam Nha Trang 3,Hàng Mới Ca 2,2026-09-10 - Thứ 5,36,91.67%,63.89%,0.00%,3.04,23,0,33,0,13,3,8.33%,36.11%,36,Khánh Hòa,NTB,AM Thư
NTB - Khánh Hòa,(KHO) Nam Nha Trang 3,Hàng Mới Ca 2,2026-08-27 - Thứ 5,38,68.42%,63.16%,0.00%,2.79,24,0,26,0,14,12,31.58%,36.84%,38,Khánh Hòa,NTB,AM Thư
NTB - Khánh Hòa,(KHO) Nam Nha Trang 3,Hàng Mới Ca 2,2026-08-28 - Thứ 6,39,74.36%,69.23%,0.00%,2.81,27,0,29,0,12,10,25.64%,30.77%,39,Khánh Hòa,NTB,AM Thư
NTB - Khánh Hòa,(KHO) Nam Nha Trang 3,Hàng Mới Ca 2,2026-08-24 - Thứ 2,46,67.39%,58.70%,0.00%,2.78,27,0,31,0,19,15,32.61%,41.30%,46,Khánh Hòa,NTB,AM Thư
NTB - Khánh Hòa,(KHO) Nam Nha Trang 3,Hàng Mới Ca 2,2026-09-06 - Chủ Nhật,48,79.17%,66.67%,0.00%,2.59,32,0,38,0,16,10,20.83%,33.33%,48,Khánh Hòa,NTB,AM Thư
NTB - Khánh Hòa,(KHO) Nam Nha Trang 3,Hàng Mới Ca 2,2026-09-08 - Thứ 3,40,97.50%,90.00%,0.00%,2.61,36,0,39,0,4,1,2.50%,10.00%,40,Khánh Hòa,NTB,AM Thư
NTB - Khánh Hòa,(KHO) Nam Nha Trang 3,Hàng Mới Ca 2,2026-08-18 - Thứ 3,52,75.00%,73.08%,0.00%,2.66,38,0,39,0,14,13,25.00%,26.92%,52,Khánh Hòa,NTB,AM Thư
NTB - Khánh Hòa,(KHO) Nam Nha Trang 3,Hàng Mới Ca 2,2026-08-19 - Thứ 4,56,87.50%,69.64%,0.00%,2.62,39,0,49,0,17,7,12.50%,30.36%,56,Khánh Hòa,NTB,AM Thư
NTB - Khánh Hòa,(KHO) Nam Nha Trang 3,Hàng Mới Ca 2,2026-08-31 - Thứ 2,61,85.25%,63.93%,0.00%,2.77,39,0,52,0,22,9,14.75%,36.07%,61,Khánh Hòa,NTB,AM Thư
NTB - Khánh Hòa,(KHO) Nam Nha Trang 3,Hàng Mới Ca 2,2026-08-26 - Thứ 4,53,86.79%,73.58%,0.00%,2.9,39,0,46,0,14,7,13.21%,26.42%,53,Khánh Hòa,NTB,AM Thư
NTB - Khánh Hòa,(KHO) Nam Nha Trang 3,Hàng Tồn,2026-09-04 - Thứ 6,21,100.00%,42.86%,9.52%,46,9,2,21,2,10,0,0.00%,47.62%,0,Khánh Hòa,NTB,AM Thư
NTB - Khánh Hòa,(KHO) Nam Nha Trang 3,Hàng Tồn,2026-08-26 - Thứ 4,27,100.00%,33.33%,7.41%,41,9,2,27,2,16,0,0.00%,59.26%,0,Khánh Hòa,NTB,AM Thư
NTB - Khánh Hòa,(KHO) Nam Nha Trang 3,Hàng Tồn,2026-09-12 - Thứ 7,33,100.00%,33.33%,0.00%,32.73,11,0,33,0,22,0,0.00%,66.67%,0,Khánh Hòa,NTB,AM Thư
NTB - Khánh Hòa,(KHO) Nam Nha Trang 3,Hàng Tồn,2026-09-09 - Thứ 4,23,100.00%,56.52%,13.04%,35.92,13,3,23,3,7,0,0.00%,30.44%,0,Khánh Hòa,NTB,AM Thư
NTB - Khánh Hòa,(KHO) Nam Nha Trang 3,Hàng Tồn,2026-08-20 - Thứ 5,39,100.00%,35.90%,2.56%,24.93,14,1,39,1,24,0,0.00%,61.54%,0,Khánh Hòa,NTB,AM Thư
NTB - Khánh Hòa,(KHO) Nam Nha Trang 3,Hàng Tồn,2026-08-30 - Chủ Nhật,39,100.00%,35.90%,10.26%,56.79,14,4,39,4,21,0,0.00%,53.84%,0,Khánh Hòa,NTB,AM Thư
NTB - Khánh Hòa,(KHO) Nam Nha Trang 3,Hàng Tồn,2026-09-08 - Thứ 3,27,100.00%,55.56%,3.70%,39.67,15,1,27,1,11,0,0.00%,40.74%,0,Khánh Hòa,NTB,AM Thư
NTB - Khánh Hòa,(KHO) Nam Nha Trang 3,Hàng Tồn,2026-09-02 - Thứ 4,31,100.00%,48.39%,19.35%,29.73,15,6,31,6,10,0,0.00%,32.26%,0,Khánh Hòa,NTB,AM Thư
NTB - Khánh Hòa,(KHO) Nam Nha Trang 3,Hàng Tồn,2026-08-28 - Thứ 6,44,97.73%,34.09%,11.36%,30,15,5,43,5,24,1,2.27%,54.55%,0,Khánh Hòa,NTB,AM Thư
NTB - Khánh Hòa,(KHO) Nam Nha Trang 3,Hàng Tồn,2026-09-10 - Thứ 5,27,96.30%,55.56%,3.70%,24.13,15,1,26,1,11,1,3.70%,40.74%,0,Khánh Hòa,NTB,AM Thư
NTB - Khánh Hòa,(KHO) Nam Nha Trang 3,Hàng Tồn,2026-08-31 - Thứ 2,33,100.00%,48.48%,6.06%,33.44,16,2,33,2,15,0,0.00%,45.46%,0,Khánh Hòa,NTB,AM Thư
NTB - Khánh Hòa,(KHO) Nam Nha Trang 3,Hàng Tồn,2026-09-05 - Thứ 7,25,100.00%,68.00%,0.00%,35.94,17,0,25,0,8,0,0.00%,32.00%,0,Khánh Hòa,NTB,AM Thư
NTB - Khánh Hòa,(KHO) Nam Nha Trang 3,Hàng Tồn,2026-08-27 - Thứ 5,42,100.00%,42.86%,9.52%,29.5,18,4,42,4,20,0,0.00%,47.62%,0,Khánh Hòa,NTB,AM Thư
NTB - Khánh Hòa,(KHO) Nam Nha Trang 3,Hàng Tồn,2026-09-11 - Thứ 6,35,100.00%,51.43%,2.86%,30.78,18,1,35,1,16,0,0.00%,45.71%,0,Khánh Hòa,NTB,AM Thư
NTB - Khánh Hòa,(KHO) Nam Nha Trang 3,Hàng Tồn,2026-08-19 - Thứ 4,30,100.00%,60.00%,0.00%,29.44,18,0,30,0,12,0,0.00%,40.00%,0,Khánh Hòa,NTB,AM Thư
NTB - Khánh Hòa,(KHO) Nam Nha Trang 3,Hàng Tồn,2026-08-21 - Thứ 6,53,96.23%,35.85%,7.55%,35.05,19,4,51,4,30,2,3.77%,56.60%,0,Khánh Hòa,NTB,AM Thư
NTB - Khánh Hòa,(KHO) Nam Nha Trang 3,Hàng Tồn,2026-09-06 - Chủ Nhật,33,100.00%,60.61%,3.03%,26.45,20,1,33,1,12,0,0.00%,36.36%,0,Khánh Hòa,NTB,AM Thư
NTB - Khánh Hòa,(KHO) Nam Nha Trang 3,Hàng Tồn,2026-08-18 - Thứ 3,33,100.00%,63.64%,9.09%,40.19,21,3,33,3,9,0,0.00%,27.27%,0,Khánh Hòa,NTB,AM Thư
NTB - Khánh Hòa,(KHO) Nam Nha Trang 3,Hàng Tồn,2026-08-29 - Thứ 7,53,94.34%,41.51%,1.89%,31.23,22,1,50,1,30,3,5.66%,56.60%,0,Khánh Hòa,NTB,AM Thư
NTB - Khánh Hòa,(KHO) Nam Nha Trang 3,Hàng Tồn,2026-08-25 - Thứ 3,41,97.56%,53.66%,0.00%,28.59,22,0,40,0,19,1,2.44%,46.34%,0,Khánh Hòa,NTB,AM Thư
NTB - Khánh Hòa,(KHO) Nam Nha Trang 3,Hàng Tồn,2026-09-01 - Thứ 3,38,100.00%,60.53%,0.00%,34.35,23,0,38,0,15,0,0.00%,39.47%,0,Khánh Hòa,NTB,AM Thư
NTB - Khánh Hòa,(KHO) Nam Nha Trang 3,Hàng Tồn,2026-08-22 - Thứ 7,50,100.00%,46.00%,2.00%,41.13,23,1,50,1,26,0,0.00%,52.00%,0,Khánh Hòa,NTB,AM Thư
NTB - Khánh Hòa,(KHO) Nam Nha Trang 3,Hàng Tồn,2026-09-07 - Thứ 2,43,100.00%,58.14%,0.00%,30.12,25,0,43,0,18,0,0.00%,41.86%,0,Khánh Hòa,NTB,AM Thư
NTB - Khánh Hòa,(KHO) Nam Nha Trang 3,Hàng Tồn,2026-09-03 - Thứ 5,41,100.00%,65.85%,0.00%,38.89,27,0,41,0,14,0,0.00%,34.15%,0,Khánh Hòa,NTB,AM Thư
NTB - Khánh Hòa,(KHO) Nam Nha Trang 3,Hàng Tồn,2026-09-13 - Chủ Nhật,60,98.33%,48.33%,3.33%,34.34,29,2,59,2,29,1,1.67%,48.34%,0,Khánh Hòa,NTB,AM Thư
NTB - Khánh Hòa,(KHO) Nam Nha Trang 3,Hàng Tồn,2026-08-23 - Chủ Nhật,57,96.49%,52.63%,8.77%,35.57,30,5,55,5,22,2,3.51%,38.60%,0,Khánh Hòa,NTB,AM Thư
NTB - Khánh Hòa,(KHO) Nam Nha Trang 3,Hàng Tồn,2026-08-17 - Thứ 2,47,100.00%,68.09%,2.13%,33.72,32,1,47,1,14,0,0.00%,29.78%,0,Khánh Hòa,NTB,AM Thư
NTB - Khánh Hòa,(KHO) Nam Nha Trang 3,Hàng Tồn,2026-08-24 - Thứ 2,52,98.08%,63.46%,1.92%,39.97,33,1,51,1,18,1,1.92%,34.62%,0,Khánh Hòa,NTB,AM Thư
NTB - Khánh Hòa,(KHO) Nam Nha Trang 2,Hàng Mới Ca 1,2026-08-20 - Thứ 5,83,97.59%,89.16%,0.00%,11.31,74,0,81,0,9,2,2.41%,10.84%,83,Khánh Hòa,NTB,AM Thư
NTB - Khánh Hòa,(KHO) Nam Nha Trang 2,Hàng Mới Ca 1,2026-09-12 - Thứ 7,89,100.00%,92.13%,0.00%,9.79,82,0,89,0,7,0,0.00%,7.87%,89,Khánh Hòa,NTB,AM Thư
NTB - Khánh Hòa,(KHO) Nam Nha Trang 2,Hàng Mới Ca 1,2026-09-10 - Thứ 5,87,97.70%,91.95%,0.00%,11.18,80,0,85,0,7,2,2.30%,8.05%,87,Khánh Hòa,NTB,AM Thư
NTB - Khánh Hòa,(KHO) Nam Nha Trang 2,Hàng Mới Ca 1,2026-09-04 - Thứ 6,26,92.31%,92.31%,0.00%,8.79,24,0,24,0,2,2,7.69%,7.69%,26,Khánh Hòa,NTB,AM Thư
NTB - Khánh Hòa,(KHO) Nam Nha Trang 2,Hàng Mới Ca 1,2026-09-01 - Thứ 3,32,96.88%,81.25%,0.00%,8.85,26,0,31,0,6,1,3.12%,18.75%,32,Khánh Hòa,NTB,AM Thư
NTB - Khánh Hòa,(KHO) Nam Nha Trang 2,Hàng Mới Ca 1,2026-09-03 - Thứ 5,41,100.00%,90.24%,0.00%,8.54,37,0,41,0,4,0,0.00%,9.76%,41,Khánh Hòa,NTB,AM Thư
NTB - Khánh Hòa,(KHO) Nam Nha Trang 2,Hàng Mới Ca 1,2026-08-25 - Thứ 3,46,100.00%,86.96%,0.00%,8.3,40,0,46,0,6,0,0.00%,13.04%,46,Khánh Hòa,NTB,AM Thư
NTB - Khánh Hòa,(KHO) Nam Nha Trang 2,Hàng Mới Ca 1,2026-08-31 - Thứ 2,56,94.64%,76.79%,0.00%,9.77,43,0,53,0,13,3,5.36%,23.21%,56,Khánh Hòa,NTB,AM Thư
NTB - Khánh Hòa,(KHO) Nam Nha Trang 2,Hàng Mới Ca 1,2026-08-18 - Thứ 3,49,93.88%,87.76%,0.00%,6.7,43,0,46,0,6,3,6.12%,12.24%,49,Khánh Hòa,NTB,AM Thư
NTB - Khánh Hòa,(KHO) Nam Nha Trang 2,Hàng Mới Ca 1,2026-08-24 - Thứ 2,57,96.49%,77.19%,0.00%,11.55,44,0,55,0,13,2,3.51%,22.81%,57,Khánh Hòa,NTB,AM Thư
NTB - Khánh Hòa,(KHO) Nam Nha Trang 2,Hàng Mới Ca 1,2026-08-23 - Chủ Nhật,60,98.33%,78.33%,0.00%,10.28,47,0,59,0,13,1,1.67%,21.67%,60,Khánh Hòa,NTB,AM Thư
NTB - Khánh Hòa,(KHO) Nam Nha Trang 2,Hàng Mới Ca 1,2026-09-09 - Thứ 4,56,96.43%,85.71%,0.00%,7.98,48,0,54,0,8,2,3.57%,14.29%,56,Khánh Hòa,NTB,AM Thư
NTB - Khánh Hòa,(KHO) Nam Nha Trang 2,Hàng Mới Ca 1,2026-08-30 - Chủ Nhật,58,98.28%,84.48%,0.00%,10,49,0,57,0,9,1,1.72%,15.52%,58,Khánh Hòa,NTB,AM Thư
NTB - Khánh Hòa,(KHO) Nam Nha Trang 2,Hàng Mới Ca 1,2026-09-05 - Thứ 7,64,93.75%,79.69%,0.00%,10.65,51,0,60,0,13,4,6.25%,20.31%,64,Khánh Hòa,NTB,AM Thư
NTB - Khánh Hòa,(KHO) Nam Nha Trang 2,Hàng Mới Ca 1,2026-09-08 - Thứ 3,59,100.00%,88.14%,0.00%,6.37,52,0,59,0,7,0,0.00%,11.86%,59,Khánh Hòa,NTB,AM Thư
NTB - Khánh Hòa,(KHO) Nam Nha Trang 2,Hàng Mới Ca 1,2026-09-07 - Thứ 2,65,98.46%,83.08%,0.00%,6.24,54,0,64,0,11,1,1.54%,16.92%,65,Khánh Hòa,NTB,AM Thư
NTB - Khánh Hòa,(KHO) Nam Nha Trang 2,Hàng Mới Ca 1,2026-08-17 - Thứ 2,61,100.00%,91.80%,0.00%,7.89,56,0,61,0,5,0,0.00%,8.20%,61,Khánh Hòa,NTB,AM Thư
NTB - Khánh Hòa,(KHO) Nam Nha Trang 2,Hàng Mới Ca 1,2026-08-26 - Thứ 4,68,100.00%,82.35%,0.00%,8.82,56,0,68,0,12,0,0.00%,17.65%,68,Khánh Hòa,NTB,AM Thư
NTB - Khánh Hòa,(KHO) Nam Nha Trang 2,Hàng Mới Ca 1,2026-09-11 - Thứ 6,73,98.63%,78.08%,0.00%,9,57,0,72,0,16,1,1.37%,21.92%,73,Khánh Hòa,NTB,AM Thư
NTB - Khánh Hòa,(KHO) Nam Nha Trang 2,Hàng Mới Ca 1,2026-09-06 - Chủ Nhật,72,100.00%,81.94%,0.00%,7.2,59,0,72,0,13,0,0.00%,18.06%,72,Khánh Hòa,NTB,AM Thư
NTB - Khánh Hòa,(KHO) Nam Nha Trang 2,Hàng Mới Ca 1,2026-08-21 - Thứ 6,62,100.00%,95.16%,0.00%,7.81,59,0,62,0,3,0,0.00%,4.84%,62,Khánh Hòa,NTB,AM Thư
NTB - Khánh Hòa,(KHO) Nam Nha Trang 2,Hàng Mới Ca 1,2026-09-02 - Thứ 4,70,98.57%,85.71%,0.00%,9.97,60,0,69,0,10,1,1.43%,14.29%,70,Khánh Hòa,NTB,AM Thư
NTB - Khánh Hòa,(KHO) Nam Nha Trang 2,Hàng Mới Ca 1,2026-09-13 - Chủ Nhật,79,100.00%,77.22%,0.00%,11.84,61,0,79,0,18,0,0.00%,22.78%,79,Khánh Hòa,NTB,AM Thư
NTB - Khánh Hòa,(KHO) Nam Nha Trang 2,Hàng Mới Ca 1,2026-08-22 - Thứ 7,66,100.00%,93.94%,0.00%,9.06,62,0,66,0,4,0,0.00%,6.06%,66,Khánh Hòa,NTB,AM Thư
NTB - Khánh Hòa,(KHO) Nam Nha Trang 2,Hàng Mới Ca 1,2026-08-29 - Thứ 7,71,98.59%,90.14%,0.00%,7.67,64,0,70,0,7,1,1.41%,9.86%,71,Khánh Hòa,NTB,AM Thư
NTB - Khánh Hòa,(KHO) Nam Nha Trang 2,Hàng Mới Ca 1,2026-08-27 - Thứ 5,78,98.72%,89.74%,0.00%,8,70,0,77,0,8,1,1.28%,10.26%,78,Khánh Hòa,NTB,AM Thư
NTB - Khánh Hòa,(KHO) Nam Nha Trang 2,Hàng Mới Ca 1,2026-08-28 - Thứ 6,77,96.10%,90.91%,0.00%,9.51,70,0,74,0,7,3,3.90%,9.09%,77,Khánh Hòa,NTB,AM Thư
NTB - Khánh Hòa,(KHO) Nam Nha Trang 2,Hàng Mới Ca 1,2026-08-19 - Thứ 4,83,97.59%,90.36%,0.00%,7.12,75,0,81,0,8,2,2.41%,9.64%,83,Khánh Hòa,NTB,AM Thư
NTB - Khánh Hòa,(KHO) Nam Nha Trang 2,Hàng Mới Ca 2,2026-09-07 - Thứ 2,12,100.00%,91.67%,0.00%,4.45,11,0,12,0,1,0,0.00%,8.33%,12,Khánh Hòa,NTB,AM Thư
NTB - Khánh Hòa,(KHO) Nam Nha Trang 2,Hàng Mới Ca 2,2026-09-03 - Thứ 5,15,100.00%,93.33%,0.00%,2.57,14,0,15,0,1,0,0.00%,6.67%,15,Khánh Hòa,NTB,AM Thư
NTB - Khánh Hòa,(KHO) Nam Nha Trang 2,Hàng Mới Ca 2,2026-09-01 - Thứ 3,19,100.00%,73.68%,0.00%,3.07,14,0,19,0,5,0,0.00%,26.32%,19,Khánh Hòa,NTB,AM Thư
NTB - Khánh Hòa,(KHO) Nam Nha Trang 2,Hàng Mới Ca 2,2026-09-02 - Thứ 4,18,100.00%,83.33%,0.00%,2.2,15,0,18,0,3,0,0.00%,16.67%,18,Khánh Hòa,NTB,AM Thư
NTB - Khánh Hòa,(KHO) Nam Nha Trang 2,Hàng Mới Ca 2,2026-08-17 - Thứ 2,21,95.24%,80.95%,0.00%,2.65,17,0,20,0,4,1,4.76%,19.05%,21,Khánh Hòa,NTB,AM Thư
NTB - Khánh Hòa,(KHO) Nam Nha Trang 2,Hàng Mới Ca 2,2026-08-27 - Thứ 5,30,100.00%,63.33%,0.00%,4.21,19,0,30,0,11,0,0.00%,36.67%,30,Khánh Hòa,NTB,AM Thư
NTB - Khánh Hòa,(KHO) Nam Nha Trang 2,Hàng Mới Ca 2,2026-08-29 - Thứ 7,24,100.00%,87.50%,0.00%,3.81,21,0,24,0,3,0,0.00%,12.50%,24,Khánh Hòa,NTB,AM Thư
NTB - Khánh Hòa,(KHO) Nam Nha Trang 2,Hàng Mới Ca 2,2026-08-19 - Thứ 4,33,100.00%,72.73%,0.00%,3.58,24,0,33,0,9,0,0.00%,27.27%,33,Khánh Hòa,NTB,AM Thư
NTB - Khánh Hòa,(KHO) Nam Nha Trang 2,Hàng Mới Ca 2,2026-08-30 - Chủ Nhật,32,100.00%,78.13%,0.00%,3.12,25,0,32,0,7,0,0.00%,21.87%,32,Khánh Hòa,NTB,AM Thư
NTB - Khánh Hòa,(KHO) Nam Nha Trang 2,Hàng Mới Ca 2,2026-09-11 - Thứ 6,29,100.00%,86.21%,0.00%,3.44,25,0,29,0,4,0,0.00%,13.79%,29,Khánh Hòa,NTB,AM Thư
NTB - Khánh Hòa,(KHO) Nam Nha Trang 2,Hàng Mới Ca 2,2026-09-13 - Chủ Nhật,35,100.00%,74.29%,0.00%,4.35,26,0,35,0,9,0,0.00%,25.71%,35,Khánh Hòa,NTB,AM Thư
NTB - Khánh Hòa,(KHO) Nam Nha Trang 2,Hàng Mới Ca 2,2026-08-25 - Thứ 3,32,100.00%,84.38%,0.00%,3.59,27,0,32,0,5,0,0.00%,15.62%,32,Khánh Hòa,NTB,AM Thư
NTB - Khánh Hòa,(KHO) Nam Nha Trang 2,Hàng Mới Ca 2,2026-08-23 - Chủ Nhật,39,100.00%,69.23%,0.00%,3.63,27,0,39,0,12,0,0.00%,30.77%,39,Khánh Hòa,NTB,AM Thư
NTB - Khánh Hòa,(KHO) Nam Nha Trang 2,Hàng Mới Ca 2,2026-08-21 - Thứ 6,30,100.00%,90.00%,0.00%,3.67,27,0,30,0,3,0,0.00%,10.00%,30,Khánh Hòa,NTB,AM Thư
NTB - Khánh Hòa,(KHO) Nam Nha Trang 2,Hàng Mới Ca 2,2026-08-22 - Thứ 7,32,100.00%,84.38%,0.00%,4.26,27,0,32,0,5,0,0.00%,15.62%,32,Khánh Hòa,NTB,AM Thư
NTB - Khánh Hòa,(KHO) Nam Nha Trang 2,Hàng Mới Ca 2,2026-08-20 - Thứ 5,30,100.00%,93.33%,0.00%,3.54,28,0,30,0,2,0,0.00%,6.67%,30,Khánh Hòa,NTB,AM Thư
NTB - Khánh Hòa,(KHO) Nam Nha Trang 2,Hàng Mới Ca 2,2026-09-10 - Thứ 5,37,100.00%,86.49%,0.00%,3.53,32,0,37,0,5,0,0.00%,13.51%,37,Khánh Hòa,NTB,AM Thư
NTB - Khánh Hòa,(KHO) Nam Nha Trang 2,Hàng Mới Ca 2,2026-08-26 - Thứ 4,41,100.00%,82.93%,0.00%,3.09,34,0,41,0,7,0,0.00%,17.07%,41,Khánh Hòa,NTB,AM Thư
NTB - Khánh Hòa,(KHO) Nam Nha Trang 2,Hàng Mới Ca 2,2026-08-18 - Thứ 3,40,100.00%,87.50%,0.00%,3.69,35,0,40,0,5,0,0.00%,12.50%,40,Khánh Hòa,NTB,AM Thư
NTB - Khánh Hòa,(KHO) Nam Nha Trang 2,Hàng Mới Ca 2,2026-09-04 - Thứ 6,41,100.00%,85.37%,0.00%,3.06,35,0,41,0,6,0,0.00%,14.63%,41,Khánh Hòa,NTB,AM Thư
NTB - Khánh Hòa,(KHO) Nam Nha Trang 2,Hàng Mới Ca 2,2026-09-06 - Chủ Nhật,53,100.00%,67.92%,0.00%,4.5,36,0,53,0,17,0,0.00%,32.08%,53,Khánh Hòa,NTB,AM Thư
NTB - Khánh Hòa,(KHO) Nam Nha Trang 2,Hàng Mới Ca 2,2026-09-05 - Thứ 7,44,97.73%,81.82%,0.00%,3.72,36,0,43,0,8,1,2.27%,18.18%,44,Khánh Hòa,NTB,AM Thư
NTB - Khánh Hòa,(KHO) Nam Nha Trang 2,Hàng Mới Ca 2,2026-08-31 - Thứ 2,46,100.00%,80.43%,0.00%,2.7,37,0,46,0,9,0,0.00%,19.57%,46,Khánh Hòa,NTB,AM Thư
NTB - Khánh Hòa,(KHO) Nam Nha Trang 2,Hàng Mới Ca 2,2026-08-28 - Thứ 6,42,100.00%,90.48%,0.00%,3.18,38,0,42,0,4,0,0.00%,9.52%,42,Khánh Hòa,NTB,AM Thư
NTB - Khánh Hòa,(KHO) Nam Nha Trang 2,Hàng Mới Ca 2,2026-09-08 - Thứ 3,44,100.00%,88.64%,0.00%,3.9,39,0,44,0,5,0,0.00%,11.36%,44,Khánh Hòa,NTB,AM Thư
NTB - Khánh Hòa,(KHO) Nam Nha Trang 2,Hàng Mới Ca 2,2026-09-12 - Thứ 7,44,100.00%,90.91%,0.00%,4.63,40,0,44,0,4,0,0.00%,9.09%,44,Khánh Hòa,NTB,AM Thư
NTB - Khánh Hòa,(KHO) Nam Nha Trang 2,Hàng Mới Ca 2,2026-08-24 - Thứ 2,52,98.08%,80.77%,0.00%,4.52,42,0,51,0,10,1,1.92%,19.23%,52,Khánh Hòa,NTB,AM Thư
NTB - Khánh Hòa,(KHO) Nam Nha Trang 2,Hàng Mới Ca 2,2026-09-09 - Thứ 4,55,98.18%,80.00%,0.00%,3.57,44,0,54,0,11,1,1.82%,20.00%,55,Khánh Hòa,NTB,AM Thư
NTB - Khánh Hòa,(KHO) Nam Nha Trang 2,Hàng Tồn,2026-09-04 - Thứ 6,14,100.00%,21.43%,14.29%,45.67,3,2,14,2,9,0,0.00%,64.28%,0,Khánh Hòa,NTB,AM Thư
NTB - Khánh Hòa,(KHO) Nam Nha Trang 2,Hàng Tồn,2026-09-05 - Thứ 7,12,100.00%,25.00%,0.00%,35,3,0,12,0,9,0,0.00%,75.00%,0,Khánh Hòa,NTB,AM Thư
NTB - Khánh Hòa,(KHO) Nam Nha Trang 2,Hàng Tồn,2026-08-22 - Thứ 7,16,93.75%,25.00%,12.50%,43,4,2,15,2,10,1,6.25%,62.50%,0,Khánh Hòa,NTB,AM Thư
NTB - Khánh Hòa,(KHO) Nam Nha Trang 2,Hàng Tồn,2026-08-30 - Chủ Nhật,18,100.00%,27.78%,22.22%,39.4,5,4,18,4,9,0,0.00%,50.00%,0,Khánh Hòa,NTB,AM Thư
NTB - Khánh Hòa,(KHO) Nam Nha Trang 2,Hàng Tồn,2026-08-19 - Thứ 4,20,95.00%,25.00%,0.00%,38.2,5,0,19,0,15,1,5.00%,75.00%,0,Khánh Hòa,NTB,AM Thư
NTB - Khánh Hòa,(KHO) Nam Nha Trang 2,Hàng Tồn,2026-09-11 - Thứ 6,33,81.82%,15.15%,9.09%,26.2,5,3,27,3,25,6,18.18%,75.76%,0,Khánh Hòa,NTB,AM Thư
NTB - Khánh Hòa,(KHO) Nam Nha Trang 2,Hàng Tồn,2026-09-02 - Thứ 4,23,95.65%,21.74%,13.04%,31,5,3,22,3,15,1,4.35%,65.22%,0,Khánh Hòa,NTB,AM Thư
NTB - Khánh Hòa,(KHO) Nam Nha Trang 2,Hàng Tồn,2026-09-06 - Chủ Nhật,26,96.15%,23.08%,11.54%,35.67,6,3,25,3,17,1,3.85%,65.38%,0,Khánh Hòa,NTB,AM Thư
NTB - Khánh Hòa,(KHO) Nam Nha Trang 2,Hàng Tồn,2026-09-09 - Thứ 4,25,100.00%,24.00%,16.00%,34.5,6,4,25,4,15,0,0.00%,60.00%,0,Khánh Hòa,NTB,AM Thư
NTB - Khánh Hòa,(KHO) Nam Nha Trang 2,Hàng Tồn,2026-08-21 - Thứ 6,19,94.74%,31.58%,5.26%,41.17,6,1,18,1,12,1,5.26%,63.16%,0,Khánh Hòa,NTB,AM Thư
NTB - Khánh Hòa,(KHO) Nam Nha Trang 2,Hàng Tồn,2026-08-23 - Chủ Nhật,17,100.00%,41.18%,5.88%,47,7,1,17,1,9,0,0.00%,52.94%,0,Khánh Hòa,NTB,AM Thư
NTB - Khánh Hòa,(KHO) Nam Nha Trang 2,Hàng Tồn,2026-08-29 - Thứ 7,19,100.00%,42.11%,5.26%,34,8,1,19,1,10,0,0.00%,52.63%,0,Khánh Hòa,NTB,AM Thư
NTB - Khánh Hòa,(KHO) Nam Nha Trang 2,Hàng Tồn,2026-09-10 - Thứ 5,31,100.00%,25.81%,16.13%,33.13,8,5,31,5,18,0,0.00%,58.06%,0,Khánh Hòa,NTB,AM Thư
NTB - Khánh Hòa,(KHO) Nam Nha Trang 2,Hàng Tồn,2026-08-31 - Thứ 2,22,100.00%,45.45%,0.00%,27,10,0,22,0,12,0,0.00%,54.55%,0,Khánh Hòa,NTB,AM Thư
NTB - Khánh Hòa,(KHO) Nam Nha Trang 2,Hàng Tồn,2026-08-18 - Thứ 3,25,96.00%,40.00%,8.00%,53.5,10,2,24,2,13,1,4.00%,52.00%,0,Khánh Hòa,NTB,AM Thư
NTB - Khánh Hòa,(KHO) Nam Nha Trang 2,Hàng Tồn,2026-08-26 - Thứ 4,22,100.00%,45.45%,9.09%,33.6,10,2,22,2,10,0,0.00%,45.46%,0,Khánh Hòa,NTB,AM Thư
NTB - Khánh Hòa,(KHO) Nam Nha Trang 2,Hàng Tồn,2026-08-27 - Thứ 5,26,100.00%,42.31%,11.54%,32.36,11,3,26,3,12,0,0.00%,46.15%,0,Khánh Hòa,NTB,AM Thư
NTB - Khánh Hòa,(KHO) Nam Nha Trang 2,Hàng Tồn,2026-08-20 - Thứ 5,28,96.43%,42.86%,17.86%,33.83,12,5,27,5,11,1,3.57%,39.28%,0,Khánh Hòa,NTB,AM Thư
NTB - Khánh Hòa,(KHO) Nam Nha Trang 2,Hàng Tồn,2026-08-28 - Thứ 6,29,100.00%,41.38%,10.34%,28.33,12,3,29,3,14,0,0.00%,48.28%,0,Khánh Hòa,NTB,AM Thư
NTB - Khánh Hòa,(KHO) Nam Nha Trang 2,Hàng Tồn,2026-09-03 - Thứ 5,25,100.00%,48.00%,16.00%,52.67,12,4,25,4,9,0,0.00%,36.00%,0,Khánh Hòa,NTB,AM Thư
NTB - Khánh Hòa,(KHO) Nam Nha Trang 2,Hàng Tồn,2026-09-12 - Thứ 7,39,100.00%,33.33%,0.00%,48.46,13,0,39,0,26,0,0.00%,66.67%,0,Khánh Hòa,NTB,AM Thư
NTB - Khánh Hòa,(KHO) Nam Nha Trang 2,Hàng Tồn,2026-09-13 - Chủ Nhật,34,94.12%,38.24%,11.76%,53.46,13,4,32,4,17,2,5.88%,50.00%,0,Khánh Hòa,NTB,AM Thư
NTB - Khánh Hòa,(KHO) Nam Nha Trang 2,Hàng Tồn,2026-09-08 - Thứ 3,32,100.00%,43.75%,9.38%,51.14,14,3,32,3,15,0,0.00%,46.87%,0,Khánh Hòa,NTB,AM Thư
NTB - Khánh Hòa,(KHO) Nam Nha Trang 2,Hàng Tồn,2026-08-17 - Thứ 2,31,96.77%,45.16%,0.00%,46.79,14,0,30,0,17,1,3.23%,54.84%,0,Khánh Hòa,NTB,AM Thư
NTB - Khánh Hòa,(KHO) Nam Nha Trang 2,Hàng Tồn,2026-09-01 - Thứ 3,31,96.77%,45.16%,3.23%,36.71,14,1,30,1,16,1,3.23%,51.61%,0,Khánh Hòa,NTB,AM Thư
NTB - Khánh Hòa,(KHO) Nam Nha Trang 2,Hàng Tồn,2026-08-24 - Thứ 2,32,100.00%,56.25%,6.25%,31.06,18,2,32,2,12,0,0.00%,37.50%,0,Khánh Hòa,NTB,AM Thư
NTB - Khánh Hòa,(KHO) Nam Nha Trang 2,Hàng Tồn,2026-08-25 - Thứ 3,30,100.00%,63.33%,0.00%,35.11,19,0,30,0,11,0,0.00%,36.67%,0,Khánh Hòa,NTB,AM Thư
NTB - Khánh Hòa,(KHO) Nam Nha Trang 2,Hàng Tồn,2026-09-07 - Thứ 2,47,97.87%,53.19%,0.00%,36.72,25,0,46,0,22,1,2.13%,46.81%,0,Khánh Hòa,NTB,AM Thư
NTB - Khánh Hòa,(KHO) Nam Nha Trang 1,Hàng Mới Ca 1,2026-08-20 - Thứ 5,129,100.00%,83.72%,0.00%,8.86,108,0,129,0,21,0,0.00%,16.28%,129,Khánh Hòa,NTB,AM Thư
NTB - Khánh Hòa,(KHO) Nam Nha Trang 1,Hàng Mới Ca 1,2026-09-06 - Chủ Nhật,155,100.00%,83.87%,0.00%,7.98,130,0,155,0,25,0,0.00%,16.13%,155,Khánh Hòa,NTB,AM Thư
NTB - Khánh Hòa,(KHO) Nam Nha Trang 1,Hàng Mới Ca 1,2026-08-19 - Thứ 4,182,99.45%,84.07%,0.00%,6.29,153,0,181,0,29,1,0.55%,15.93%,182,Khánh Hòa,NTB,AM Thư
NTB - Khánh Hòa,(KHO) Nam Nha Trang 1,Hàng Mới Ca 1,2026-08-17 - Thứ 2,117,100.00%,88.03%,0.00%,8.83,103,0,117,0,14,0,0.00%,11.97%,117,Khánh Hòa,NTB,AM Thư
NTB - Khánh Hòa,(KHO) Nam Nha Trang 1,Hàng Mới Ca 1,2026-09-02 - Thứ 4,111,98.20%,75.68%,0.00%,9.26,84,0,109,0,27,2,1.80%,24.32%,111,Khánh Hòa,NTB,AM Thư
NTB - Khánh Hòa,(KHO) Nam Nha Trang 1,Hàng Mới Ca 1,2026-09-12 - Thứ 7,167,99.40%,82.63%,0.00%,9.28,138,0,166,0,29,1,0.60%,17.37%,167,Khánh Hòa,NTB,AM Thư
NTB - Khánh Hòa,(KHO) Nam Nha Trang 1,Hàng Mới Ca 1,2026-09-09 - Thứ 4,145,100.00%,90.34%,0.00%,11.22,131,0,145,0,14,0,0.00%,9.66%,145,Khánh Hòa,NTB,AM Thư
NTB - Khánh Hòa,(KHO) Nam Nha Trang 1,Hàng Mới Ca 1,2026-09-10 - Thứ 5,150,99.33%,79.33%,0.00%,11.87,119,0,149,0,31,1,0.67%,20.67%,150,Khánh Hòa,NTB,AM Thư
NTB - Khánh Hòa,(KHO) Nam Nha Trang 1,Hàng Mới Ca 1,2026-08-23 - Chủ Nhật,124,100.00%,77.42%,0.00%,9.69,96,0,124,0,28,0,0.00%,22.58%,124,Khánh Hòa,NTB,AM Thư
NTB - Khánh Hòa,(KHO) Nam Nha Trang 1,Hàng Mới Ca 1,2026-08-21 - Thứ 6,107,99.07%,85.98%,0.00%,8.63,92,0,106,0,15,1,0.93%,14.02%,107,Khánh Hòa,NTB,AM Thư
NTB - Khánh Hòa,(KHO) Nam Nha Trang 1,Hàng Mới Ca 1,2026-09-05 - Thứ 7,137,99.27%,83.94%,0.00%,10.05,115,0,136,0,22,1,0.73%,16.06%,137,Khánh Hòa,NTB,AM Thư
NTB - Khánh Hòa,(KHO) Nam Nha Trang 1,Hàng Mới Ca 1,2026-08-28 - Thứ 6,124,97.58%,81.45%,0.00%,9.49,101,0,121,0,23,3,2.42%,18.55%,124,Khánh Hòa,NTB,AM Thư
NTB - Khánh Hòa,(KHO) Nam Nha Trang 1,Hàng Mới Ca 1,2026-09-07 - Thứ 2,104,99.04%,84.62%,0.00%,9,88,0,103,0,16,1,0.96%,15.38%,104,Khánh Hòa,NTB,AM Thư
NTB - Khánh Hòa,(KHO) Nam Nha Trang 1,Hàng Mới Ca 1,2026-08-26 - Thứ 4,113,99.12%,88.50%,0.00%,9.15,100,0,112,0,13,1,0.88%,11.50%,113,Khánh Hòa,NTB,AM Thư
NTB - Khánh Hòa,(KHO) Nam Nha Trang 1,Hàng Mới Ca 1,2026-09-13 - Chủ Nhật,127,99.21%,80.31%,0.00%,9.93,102,0,126,0,25,1,0.79%,19.69%,127,Khánh Hòa,NTB,AM Thư
NTB - Khánh Hòa,(KHO) Nam Nha Trang 1,Hàng Mới Ca 1,2026-09-11 - Thứ 6,103,97.09%,87.38%,0.00%,10.94,90,0,100,0,13,3,2.91%,12.62%,103,Khánh Hòa,NTB,AM Thư
NTB - Khánh Hòa,(KHO) Nam Nha Trang 1,Hàng Mới Ca 1,2026-08-22 - Thứ 7,150,98.67%,82.00%,0.00%,10.21,123,0,148,0,27,2,1.33%,18.00%,150,Khánh Hòa,NTB,AM Thư
NTB - Khánh Hòa,(KHO) Nam Nha Trang 1,Hàng Mới Ca 1,2026-09-01 - Thứ 3,58,98.28%,75.86%,0.00%,8.7,44,0,57,0,14,1,1.72%,24.14%,58,Khánh Hòa,NTB,AM Thư
NTB - Khánh Hòa,(KHO) Nam Nha Trang 1,Hàng Mới Ca 1,2026-09-03 - Thứ 5,57,100.00%,82.46%,0.00%,9.68,47,0,57,0,10,0,0.00%,17.54%,57,Khánh Hòa,NTB,AM Thư
NTB - Khánh Hòa,(KHO) Nam Nha Trang 1,Hàng Mới Ca 1,2026-09-04 - Thứ 6,64,100.00%,84.38%,0.00%,9.13,54,0,64,0,10,0,0.00%,15.62%,64,Khánh Hòa,NTB,AM Thư
NTB - Khánh Hòa,(KHO) Nam Nha Trang 1,Hàng Mới Ca 1,2026-09-08 - Thứ 3,71,100.00%,83.10%,0.00%,6.49,59,0,71,0,12,0,0.00%,16.90%,71,Khánh Hòa,NTB,AM Thư
NTB - Khánh Hòa,(KHO) Nam Nha Trang 1,Hàng Mới Ca 1,2026-08-25 - Thứ 3,81,98.77%,75.31%,0.00%,7.85,61,0,80,0,20,1,1.23%,24.69%,81,Khánh Hòa,NTB,AM Thư
NTB - Khánh Hòa,(KHO) Nam Nha Trang 1,Hàng Mới Ca 1,2026-08-18 - Thứ 3,91,98.90%,76.92%,0.00%,8.94,70,0,90,0,21,1,1.10%,23.08%,91,Khánh Hòa,NTB,AM Thư
NTB - Khánh Hòa,(KHO) Nam Nha Trang 1,Hàng Mới Ca 1,2026-08-24 - Thứ 2,83,98.80%,84.34%,1.20%,9.4,70,1,82,1,12,1,1.20%,14.46%,83,Khánh Hòa,NTB,AM Thư
NTB - Khánh Hòa,(KHO) Nam Nha Trang 1,Hàng Mới Ca 1,2026-08-30 - Chủ Nhật,100,98.00%,75.00%,0.00%,8.6,75,0,98,0,25,2,2.00%,25.00%,100,Khánh Hòa,NTB,AM Thư
NTB - Khánh Hòa,(KHO) Nam Nha Trang 1,Hàng Mới Ca 1,2026-08-31 - Thứ 2,95,96.84%,78.95%,0.00%,11.43,75,0,92,0,20,3,3.16%,21.05%,95,Khánh Hòa,NTB,AM Thư
NTB - Khánh Hòa,(KHO) Nam Nha Trang 1,Hàng Mới Ca 1,2026-08-29 - Thứ 7,93,97.85%,81.72%,0.00%,6.95,76,0,91,0,17,2,2.15%,18.28%,93,Khánh Hòa,NTB,AM Thư
NTB - Khánh Hòa,(KHO) Nam Nha Trang 1,Hàng Mới Ca 1,2026-08-27 - Thứ 5,104,99.04%,81.73%,0.00%,9.01,85,0,103,0,19,1,0.96%,18.27%,104,Khánh Hòa,NTB,AM Thư
NTB - Khánh Hòa,(KHO) Nam Nha Trang 1,Hàng Mới Ca 2,2026-08-18 - Thứ 3,94,100.00%,76.60%,0.00%,3.38,72,0,94,0,22,0,0.00%,23.40%,94,Khánh Hòa,NTB,AM Thư
NTB - Khánh Hòa,(KHO) Nam Nha Trang 1,Hàng Mới Ca 2,2026-09-03 - Thứ 5,8,87.50%,87.50%,0.00%,2.71,7,0,7,0,1,1,12.50%,12.50%,8,Khánh Hòa,NTB,AM Thư
NTB - Khánh Hòa,(KHO) Nam Nha Trang 1,Hàng Mới Ca 2,2026-09-07 - Thứ 2,16,87.50%,68.75%,0.00%,2.55,11,0,14,0,5,2,12.50%,31.25%,16,Khánh Hòa,NTB,AM Thư
NTB - Khánh Hòa,(KHO) Nam Nha Trang 1,Hàng Mới Ca 2,2026-08-22 - Thứ 7,36,100.00%,63.89%,0.00%,3.61,23,0,36,0,13,0,0.00%,36.11%,36,Khánh Hòa,NTB,AM Thư
NTB - Khánh Hòa,(KHO) Nam Nha Trang 1,Hàng Mới Ca 2,2026-09-11 - Thứ 6,38,100.00%,71.05%,0.00%,3,27,0,38,0,11,0,0.00%,28.95%,38,Khánh Hòa,NTB,AM Thư
NTB - Khánh Hòa,(KHO) Nam Nha Trang 1,Hàng Mới Ca 2,2026-08-17 - Thứ 2,39,100.00%,79.49%,0.00%,2.61,31,0,39,0,8,0,0.00%,20.51%,39,Khánh Hòa,NTB,AM Thư
NTB - Khánh Hòa,(KHO) Nam Nha Trang 1,Hàng Mới Ca 2,2026-09-02 - Thứ 4,48,79.17%,64.58%,0.00%,2.94,31,0,38,0,17,10,20.83%,35.42%,48,Khánh Hòa,NTB,AM Thư
NTB - Khánh Hòa,(KHO) Nam Nha Trang 1,Hàng Mới Ca 2,2026-08-20 - Thứ 5,51,92.16%,64.71%,0.00%,3.06,33,0,47,0,18,4,7.84%,35.29%,51,Khánh Hòa,NTB,AM Thư
NTB - Khánh Hòa,(KHO) Nam Nha Trang 1,Hàng Mới Ca 2,2026-08-21 - Thứ 6,45,100.00%,77.78%,0.00%,2.77,35,0,45,0,10,0,0.00%,22.22%,45,Khánh Hòa,NTB,AM Thư
NTB - Khánh Hòa,(KHO) Nam Nha Trang 1,Hàng Mới Ca 2,2026-09-13 - Chủ Nhật,52,96.15%,75.00%,0.00%,3.72,39,0,50,0,13,2,3.85%,25.00%,52,Khánh Hòa,NTB,AM Thư
NTB - Khánh Hòa,(KHO) Nam Nha Trang 1,Hàng Mới Ca 2,2026-09-10 - Thứ 5,62,79.03%,62.90%,0.00%,3.77,39,0,49,0,23,13,20.97%,37.10%,62,Khánh Hòa,NTB,AM Thư
NTB - Khánh Hòa,(KHO) Nam Nha Trang 1,Hàng Mới Ca 2,2026-09-05 - Thứ 7,59,89.83%,67.80%,0.00%,2.85,40,0,53,0,19,6,10.17%,32.20%,59,Khánh Hòa,NTB,AM Thư
NTB - Khánh Hòa,(KHO) Nam Nha Trang 1,Hàng Mới Ca 2,2026-08-28 - Thứ 6,55,96.36%,72.73%,0.00%,3.4,40,0,53,0,15,2,3.64%,27.27%,55,Khánh Hòa,NTB,AM Thư
NTB - Khánh Hòa,(KHO) Nam Nha Trang 1,Hàng Mới Ca 2,2026-08-27 - Thứ 5,68,85.29%,63.24%,0.00%,3.44,43,0,58,0,25,10,14.71%,36.76%,68,Khánh Hòa,NTB,AM Thư
NTB - Khánh Hòa,(KHO) Nam Nha Trang 1,Hàng Mới Ca 2,2026-08-19 - Thứ 4,61,100.00%,73.77%,0.00%,3.69,45,0,61,0,16,0,0.00%,26.23%,61,Khánh Hòa,NTB,AM Thư
NTB - Khánh Hòa,(KHO) Nam Nha Trang 1,Hàng Mới Ca 2,2026-09-04 - Thứ 6,54,100.00%,85.19%,0.00%,2.78,46,0,54,0,8,0,0.00%,14.81%,54,Khánh Hòa,NTB,AM Thư
NTB - Khánh Hòa,(KHO) Nam Nha Trang 1,Hàng Mới Ca 2,2026-08-30 - Chủ Nhật,65,90.77%,72.31%,0.00%,3.11,47,0,59,0,18,6,9.23%,27.69%,65,Khánh Hòa,NTB,AM Thư
NTB - Khánh Hòa,(KHO) Nam Nha Trang 1,Hàng Mới Ca 2,2026-08-31 - Thứ 2,68,97.06%,70.59%,0.00%,3.02,48,0,66,0,20,2,2.94%,29.41%,68,Khánh Hòa,NTB,AM Thư
NTB - Khánh Hòa,(KHO) Nam Nha Trang 1,Hàng Mới Ca 2,2026-09-12 - Thứ 7,74,89.19%,66.22%,0.00%,3.43,49,0,66,0,25,8,10.81%,33.78%,74,Khánh Hòa,NTB,AM Thư
NTB - Khánh Hòa,(KHO) Nam Nha Trang 1,Hàng Mới Ca 2,2026-09-06 - Chủ Nhật,71,85.92%,70.42%,0.00%,3.62,50,0,61,0,21,10,14.08%,29.58%,71,Khánh Hòa,NTB,AM Thư
NTB - Khánh Hòa,(KHO) Nam Nha Trang 1,Hàng Mới Ca 2,2026-08-29 - Thứ 7,73,94.52%,68.49%,0.00%,3.4,50,0,69,0,23,4,5.48%,31.51%,73,Khánh Hòa,NTB,AM Thư
NTB - Khánh Hòa,(KHO) Nam Nha Trang 1,Hàng Mới Ca 2,2026-09-09 - Thứ 4,64,95.31%,78.13%,0.00%,2.86,50,0,61,0,14,3,4.69%,21.87%,64,Khánh Hòa,NTB,AM Thư
NTB - Khánh Hòa,(KHO) Nam Nha Trang 1,Hàng Mới Ca 2,2026-09-01 - Thứ 3,62,95.16%,80.65%,0.00%,2.7,50,0,59,0,12,3,4.84%,19.35%,62,Khánh Hòa,NTB,AM Thư
NTB - Khánh Hòa,(KHO) Nam Nha Trang 1,Hàng Mới Ca 2,2026-08-25 - Thứ 3,65,98.46%,80.00%,0.00%,2.62,52,0,64,0,13,1,1.54%,20.00%,65,Khánh Hòa,NTB,AM Thư
NTB - Khánh Hòa,(KHO) Nam Nha Trang 1,Hàng Mới Ca 2,2026-08-23 - Chủ Nhật,73,97.26%,73.97%,0.00%,3.46,54,0,71,0,19,2,2.74%,26.03%,73,Khánh Hòa,NTB,AM Thư
NTB - Khánh Hòa,(KHO) Nam Nha Trang 1,Hàng Mới Ca 2,2026-09-08 - Thứ 3,80,95.00%,73.75%,0.00%,3.05,59,0,76,0,21,4,5.00%,26.25%,80,Khánh Hòa,NTB,AM Thư
NTB - Khánh Hòa,(KHO) Nam Nha Trang 1,Hàng Mới Ca 2,2026-08-24 - Thứ 2,84,100.00%,78.57%,0.00%,3.33,66,0,84,0,18,0,0.00%,21.43%,84,Khánh Hòa,NTB,AM Thư
NTB - Khánh Hòa,(KHO) Nam Nha Trang 1,Hàng Mới Ca 2,2026-08-26 - Thứ 4,114,92.11%,59.65%,0.00%,3.16,68,0,105,0,46,9,7.89%,40.35%,114,Khánh Hòa,NTB,AM Thư
NTB - Khánh Hòa,(KHO) Nam Nha Trang 1,Hàng Tồn,2026-09-04 - Thứ 6,30,96.67%,33.33%,10.00%,42.4,10,3,29,3,17,1,3.33%,56.67%,0,Khánh Hòa,NTB,AM Thư
NTB - Khánh Hòa,(KHO) Nam Nha Trang 1,Hàng Tồn,2026-09-05 - Thứ 7,30,96.67%,46.67%,3.33%,42.14,14,1,29,1,15,1,3.33%,50.00%,0,Khánh Hòa,NTB,AM Thư
NTB - Khánh Hòa,(KHO) Nam Nha Trang 1,Hàng Tồn,2026-08-18 - Thứ 3,61,93.44%,27.87%,16.39%,39.35,17,10,57,10,34,4,6.56%,55.74%,0,Khánh Hòa,NTB,AM Thư
NTB - Khánh Hòa,(KHO) Nam Nha Trang 1,Hàng Tồn,2026-09-08 - Thứ 3,56,98.21%,32.14%,3.57%,44.17,18,2,55,2,36,1,1.79%,64.29%,0,Khánh Hòa,NTB,AM Thư
NTB - Khánh Hòa,(KHO) Nam Nha Trang 1,Hàng Tồn,2026-09-06 - Chủ Nhật,49,97.96%,40.82%,8.16%,30.25,20,4,48,4,25,1,2.04%,51.02%,0,Khánh Hòa,NTB,AM Thư
NTB - Khánh Hòa,(KHO) Nam Nha Trang 1,Hàng Tồn,2026-09-02 - Thứ 4,59,100.00%,35.59%,10.17%,41.48,21,6,59,6,32,0,0.00%,54.24%,0,Khánh Hòa,NTB,AM Thư
NTB - Khánh Hòa,(KHO) Nam Nha Trang 1,Hàng Tồn,2026-08-25 - Thứ 3,56,98.21%,37.50%,3.57%,31.38,21,2,55,2,33,1,1.79%,58.93%,0,Khánh Hòa,NTB,AM Thư
NTB - Khánh Hòa,(KHO) Nam Nha Trang 1,Hàng Tồn,2026-09-12 - Thứ 7,56,96.43%,39.29%,12.50%,40.32,22,7,54,7,27,2,3.57%,48.21%,0,Khánh Hòa,NTB,AM Thư
NTB - Khánh Hòa,(KHO) Nam Nha Trang 1,Hàng Tồn,2026-09-09 - Thứ 4,68,98.53%,32.35%,7.35%,35.18,22,5,67,5,41,1,1.47%,60.30%,0,Khánh Hòa,NTB,AM Thư
NTB - Khánh Hòa,(KHO) Nam Nha Trang 1,Hàng Tồn,2026-08-26 - Thứ 4,63,98.41%,34.92%,9.52%,32.09,22,6,62,6,35,1,1.59%,55.56%,0,Khánh Hòa,NTB,AM Thư
NTB - Khánh Hòa,(KHO) Nam Nha Trang 1,Hàng Tồn,2026-08-22 - Thứ 7,61,98.36%,36.07%,3.28%,55.05,22,2,60,2,37,1,1.64%,60.65%,0,Khánh Hòa,NTB,AM Thư
NTB - Khánh Hòa,(KHO) Nam Nha Trang 1,Hàng Tồn,2026-08-19 - Thứ 4,71,95.77%,32.39%,4.23%,41.61,23,3,68,3,45,3,4.23%,63.38%,0,Khánh Hòa,NTB,AM Thư
NTB - Khánh Hòa,(KHO) Nam Nha Trang 1,Hàng Tồn,2026-08-31 - Thứ 2,65,100.00%,36.92%,6.15%,33.79,24,4,65,4,37,0,0.00%,56.93%,0,Khánh Hòa,NTB,AM Thư
NTB - Khánh Hòa,(KHO) Nam Nha Trang 1,Hàng Tồn,2026-08-23 - Chủ Nhật,70,97.14%,37.14%,11.43%,38,26,8,68,8,36,2,2.86%,51.43%,0,Khánh Hòa,NTB,AM Thư
NTB - Khánh Hòa,(KHO) Nam Nha Trang 1,Hàng Tồn,2026-08-20 - Thứ 5,84,97.62%,32.14%,10.71%,37.22,27,9,82,9,48,2,2.38%,57.15%,0,Khánh Hòa,NTB,AM Thư
NTB - Khánh Hòa,(KHO) Nam Nha Trang 1,Hàng Tồn,2026-08-29 - Thứ 7,69,100.00%,39.13%,4.35%,40.11,27,3,69,3,39,0,0.00%,56.52%,0,Khánh Hòa,NTB,AM Thư
NTB - Khánh Hòa,(KHO) Nam Nha Trang 1,Hàng Tồn,2026-09-10 - Thứ 5,64,98.44%,42.19%,7.81%,41.63,27,5,63,5,32,1,1.56%,50.00%,0,Khánh Hòa,NTB,AM Thư
NTB - Khánh Hòa,(KHO) Nam Nha Trang 1,Hàng Tồn,2026-09-01 - Thứ 3,73,100.00%,39.73%,6.85%,32.62,29,5,73,5,39,0,0.00%,53.42%,0,Khánh Hòa,NTB,AM Thư
NTB - Khánh Hòa,(KHO) Nam Nha Trang 1,Hàng Tồn,2026-09-07 - Thứ 2,70,98.57%,44.29%,2.86%,39.13,31,2,69,2,37,1,1.43%,52.85%,0,Khánh Hòa,NTB,AM Thư
NTB - Khánh Hòa,(KHO) Nam Nha Trang 1,Hàng Tồn,2026-08-17 - Thứ 2,84,97.62%,38.10%,9.52%,34,32,8,82,8,44,2,2.38%,52.38%,0,Khánh Hòa,NTB,AM Thư
NTB - Khánh Hòa,(KHO) Nam Nha Trang 1,Hàng Tồn,2026-09-11 - Thứ 6,78,98.72%,42.31%,11.54%,35.12,33,9,77,9,36,1,1.28%,46.15%,0,Khánh Hòa,NTB,AM Thư
NTB - Khánh Hòa,(KHO) Nam Nha Trang 1,Hàng Tồn,2026-09-03 - Thứ 5,67,98.51%,50.75%,10.45%,40.21,34,7,66,7,26,1,1.49%,38.80%,0,Khánh Hòa,NTB,AM Thư
NTB - Khánh Hòa,(KHO) Nam Nha Trang 1,Hàng Tồn,2026-08-30 - Chủ Nhật,74,98.65%,48.65%,12.16%,36.58,36,9,73,9,29,1,1.35%,39.19%,0,Khánh Hòa,NTB,AM Thư
NTB - Khánh Hòa,(KHO) Nam Nha Trang 1,Hàng Tồn,2026-08-27 - Thứ 5,91,97.80%,39.56%,6.59%,32.53,36,6,89,6,49,2,2.20%,53.85%,0,Khánh Hòa,NTB,AM Thư
NTB - Khánh Hòa,(KHO) Nam Nha Trang 1,Hàng Tồn,2026-08-21 - Thứ 6,79,97.47%,45.57%,1.27%,44.42,36,1,77,1,42,2,2.53%,53.16%,0,Khánh Hòa,NTB,AM Thư
NTB - Khánh Hòa,(KHO) Nam Nha Trang 1,Hàng Tồn,2026-08-28 - Thứ 6,88,98.86%,40.91%,9.09%,38.17,36,8,87,8,44,1,1.14%,50.00%,0,Khánh Hòa,NTB,AM Thư
NTB - Khánh Hòa,(KHO) Nam Nha Trang 1,Hàng Tồn,2026-09-13 - Chủ Nhật,73,100.00%,53.42%,4.11%,36.41,39,3,73,3,31,0,0.00%,42.47%,0,Khánh Hòa,NTB,AM Thư
NTB - Khánh Hòa,(KHO) Nam Nha Trang 1,Hàng Tồn,2026-08-24 - Thứ 2,80,100.00%,56.25%,3.75%,46.11,45,3,80,3,32,0,0.00%,40.00%,0,Khánh Hòa,NTB,AM Thư
NTB - Khánh Hòa,(KHO) Khánh Vĩnh,Hàng Mới Ca 1,2026-08-19 - Thứ 4,125,99.20%,80.80%,0.00%,13.17,101,0,124,0,24,1,0.80%,19.20%,125,Khánh Hòa,NTB,AM Phi
NTB - Khánh Hòa,(KHO) Khánh Vĩnh,Hàng Mới Ca 1,2026-09-10 - Thứ 5,105,100.00%,76.19%,0.00%,9.63,80,0,105,0,25,0,0.00%,23.81%,105,Khánh Hòa,NTB,AM Phi
NTB - Khánh Hòa,(KHO) Khánh Vĩnh,Hàng Mới Ca 1,2026-09-04 - Thứ 6,27,100.00%,62.96%,0.00%,14.65,17,0,27,0,10,0,0.00%,37.04%,27,Khánh Hòa,NTB,AM Phi
NTB - Khánh Hòa,(KHO) Khánh Vĩnh,Hàng Mới Ca 1,2026-09-03 - Thứ 5,25,100.00%,88.00%,0.00%,6.27,22,0,25,0,3,0,0.00%,12.00%,25,Khánh Hòa,NTB,AM Phi
NTB - Khánh Hòa,(KHO) Khánh Vĩnh,Hàng Mới Ca 1,2026-09-11 - Thứ 6,38,100.00%,57.89%,0.00%,6,22,0,38,0,16,0,0.00%,42.11%,38,Khánh Hòa,NTB,AM Phi
NTB - Khánh Hòa,(KHO) Khánh Vĩnh,Hàng Mới Ca 1,2026-08-24 - Thứ 2,31,100.00%,83.87%,0.00%,7.38,26,0,31,0,5,0,0.00%,16.13%,31,Khánh Hòa,NTB,AM Phi
NTB - Khánh Hòa,(KHO) Khánh Vĩnh,Hàng Mới Ca 1,2026-09-01 - Thứ 3,42,100.00%,78.57%,0.00%,9.79,33,0,42,0,9,0,0.00%,21.43%,42,Khánh Hòa,NTB,AM Phi
NTB - Khánh Hòa,(KHO) Khánh Vĩnh,Hàng Mới Ca 1,2026-08-18 - Thứ 3,44,100.00%,77.27%,0.00%,9.65,34,0,44,0,10,0,0.00%,22.73%,44,Khánh Hòa,NTB,AM Phi
NTB - Khánh Hòa,(KHO) Khánh Vĩnh,Hàng Mới Ca 1,2026-09-08 - Thứ 3,48,100.00%,75.00%,0.00%,9.97,36,0,48,0,12,0,0.00%,25.00%,48,Khánh Hòa,NTB,AM Phi
NTB - Khánh Hòa,(KHO) Khánh Vĩnh,Hàng Mới Ca 1,2026-08-21 - Thứ 6,63,100.00%,61.90%,0.00%,13.62,39,0,63,0,24,0,0.00%,38.10%,63,Khánh Hòa,NTB,AM Phi
NTB - Khánh Hòa,(KHO) Khánh Vĩnh,Hàng Mới Ca 1,2026-08-25 - Thứ 3,59,100.00%,69.49%,0.00%,12.8,41,0,59,0,18,0,0.00%,30.51%,59,Khánh Hòa,NTB,AM Phi
NTB - Khánh Hòa,(KHO) Khánh Vĩnh,Hàng Mới Ca 1,2026-09-07 - Thứ 2,72,98.61%,58.33%,0.00%,12.1,42,0,71,0,30,1,1.39%,41.67%,72,Khánh Hòa,NTB,AM Phi
NTB - Khánh Hòa,(KHO) Khánh Vĩnh,Hàng Mới Ca 1,2026-09-09 - Thứ 4,62,100.00%,70.97%,0.00%,14.3,44,0,62,0,18,0,0.00%,29.03%,62,Khánh Hòa,NTB,AM Phi
NTB - Khánh Hòa,(KHO) Khánh Vĩnh,Hàng Mới Ca 1,2026-08-29 - Thứ 7,55,100.00%,81.82%,0.00%,8.98,45,0,55,0,10,0,0.00%,18.18%,55,Khánh Hòa,NTB,AM Phi
NTB - Khánh Hòa,(KHO) Khánh Vĩnh,Hàng Mới Ca 1,2026-09-12 - Thứ 7,68,98.53%,66.18%,0.00%,10.42,45,0,67,0,23,1,1.47%,33.82%,68,Khánh Hòa,NTB,AM Phi
NTB - Khánh Hòa,(KHO) Khánh Vĩnh,Hàng Mới Ca 1,2026-09-02 - Thứ 4,61,100.00%,77.05%,0.00%,11.74,47,0,61,0,14,0,0.00%,22.95%,61,Khánh Hòa,NTB,AM Phi
NTB - Khánh Hòa,(KHO) Khánh Vĩnh,Hàng Mới Ca 1,2026-08-23 - Chủ Nhật,66,100.00%,71.21%,0.00%,10.49,47,0,66,0,19,0,0.00%,28.79%,66,Khánh Hòa,NTB,AM Phi
NTB - Khánh Hòa,(KHO) Khánh Vĩnh,Hàng Mới Ca 1,2026-08-26 - Thứ 4,65,100.00%,75.38%,0.00%,11.16,49,0,65,0,16,0,0.00%,24.62%,65,Khánh Hòa,NTB,AM Phi
NTB - Khánh Hòa,(KHO) Khánh Vĩnh,Hàng Mới Ca 1,2026-09-13 - Chủ Nhật,77,100.00%,67.53%,0.00%,11.92,52,0,77,0,25,0,0.00%,32.47%,77,Khánh Hòa,NTB,AM Phi
NTB - Khánh Hòa,(KHO) Khánh Vĩnh,Hàng Mới Ca 1,2026-08-20 - Thứ 5,71,98.59%,76.06%,0.00%,12.11,54,0,70,0,17,1,1.41%,23.94%,71,Khánh Hòa,NTB,AM Phi
NTB - Khánh Hòa,(KHO) Khánh Vĩnh,Hàng Mới Ca 1,2026-08-22 - Thứ 7,70,100.00%,80.00%,0.00%,10.3,56,0,70,0,14,0,0.00%,20.00%,70,Khánh Hòa,NTB,AM Phi
NTB - Khánh Hòa,(KHO) Khánh Vĩnh,Hàng Mới Ca 1,2026-09-05 - Thứ 7,74,100.00%,77.03%,0.00%,8.4,57,0,74,0,17,0,0.00%,22.97%,74,Khánh Hòa,NTB,AM Phi
NTB - Khánh Hòa,(KHO) Khánh Vĩnh,Hàng Mới Ca 1,2026-08-28 - Thứ 6,73,100.00%,78.08%,0.00%,10.81,57,0,73,0,16,0,0.00%,21.92%,73,Khánh Hòa,NTB,AM Phi
NTB - Khánh Hòa,(KHO) Khánh Vĩnh,Hàng Mới Ca 1,2026-09-06 - Chủ Nhật,82,100.00%,75.61%,0.00%,11.84,62,0,82,0,20,0,0.00%,24.39%,82,Khánh Hòa,NTB,AM Phi
NTB - Khánh Hòa,(KHO) Khánh Vĩnh,Hàng Mới Ca 1,2026-08-17 - Thứ 2,88,100.00%,72.73%,0.00%,11.3,64,0,88,0,24,0,0.00%,27.27%,88,Khánh Hòa,NTB,AM Phi
NTB - Khánh Hòa,(KHO) Khánh Vĩnh,Hàng Mới Ca 1,2026-08-31 - Thứ 2,83,100.00%,79.52%,0.00%,8.89,66,0,83,0,17,0,0.00%,20.48%,83,Khánh Hòa,NTB,AM Phi
NTB - Khánh Hòa,(KHO) Khánh Vĩnh,Hàng Mới Ca 1,2026-08-27 - Thứ 5,85,100.00%,81.18%,0.00%,10.88,69,0,85,0,16,0,0.00%,18.82%,85,Khánh Hòa,NTB,AM Phi
NTB - Khánh Hòa,(KHO) Khánh Vĩnh,Hàng Mới Ca 1,2026-08-30 - Chủ Nhật,104,100.00%,72.12%,0.00%,13.97,75,0,104,0,29,0,0.00%,27.88%,104,Khánh Hòa,NTB,AM Phi
NTB - Khánh Hòa,(KHO) Khánh Vĩnh,Hàng Mới Ca 2,2026-09-02 - Thứ 4,18,0.00%,0.00%,0.00%,,0,0,0,0,18,18,100.00%,100.00%,18,Khánh Hòa,NTB,AM Phi
NTB - Khánh Hòa,(KHO) Khánh Vĩnh,Hàng Mới Ca 2,2026-09-10 - Thứ 5,16,0.00%,0.00%,0.00%,,0,0,0,0,16,16,100.00%,100.00%,16,Khánh Hòa,NTB,AM Phi
NTB - Khánh Hòa,(KHO) Khánh Vĩnh,Hàng Mới Ca 2,2026-08-23 - Chủ Nhật,9,0.00%,0.00%,0.00%,,0,0,0,0,9,9,100.00%,100.00%,9,Khánh Hòa,NTB,AM Phi
NTB - Khánh Hòa,(KHO) Khánh Vĩnh,Hàng Tồn,2026-09-02 - Thứ 4,21,100.00%,19.05%,4.76%,45.5,4,1,21,1,16,0,0.00%,76.19%,0,Khánh Hòa,NTB,AM Phi
NTB - Khánh Hòa,(KHO) Khánh Vĩnh,Hàng Tồn,2026-09-10 - Thứ 5,33,100.00%,15.15%,9.09%,49.6,5,3,33,3,25,0,0.00%,75.76%,0,Khánh Hòa,NTB,AM Phi
NTB - Khánh Hòa,(KHO) Khánh Vĩnh,Hàng Tồn,2026-08-23 - Chủ Nhật,39,92.31%,12.82%,10.26%,40.4,5,4,36,4,30,3,7.69%,76.92%,0,Khánh Hòa,NTB,AM Phi
NTB - Khánh Hòa,(KHO) Khánh Vĩnh,Hàng Tồn,2026-08-21 - Thứ 6,40,92.50%,12.50%,2.50%,49.8,5,1,37,1,34,3,7.50%,85.00%,0,Khánh Hòa,NTB,AM Phi
NTB - Khánh Hòa,(KHO) Khánh Vĩnh,Hàng Tồn,2026-08-30 - Chủ Nhật,22,100.00%,27.27%,9.09%,40.83,6,2,22,2,14,0,0.00%,63.64%,0,Khánh Hòa,NTB,AM Phi
NTB - Khánh Hòa,(KHO) Khánh Vĩnh,Hàng Tồn,2026-09-04 - Thứ 6,25,100.00%,24.00%,0.00%,53.83,6,0,25,0,19,0,0.00%,76.00%,0,Khánh Hòa,NTB,AM Phi
NTB - Khánh Hòa,(KHO) Khánh Vĩnh,Hàng Tồn,2026-08-25 - Thứ 3,22,90.91%,27.27%,0.00%,71.17,6,0,20,0,16,2,9.09%,72.73%,0,Khánh Hòa,NTB,AM Phi
NTB - Khánh Hòa,(KHO) Khánh Vĩnh,Hàng Tồn,2026-08-28 - Thứ 6,26,96.15%,26.92%,0.00%,47.86,7,0,25,0,19,1,3.85%,73.08%,0,Khánh Hòa,NTB,AM Phi
NTB - Khánh Hòa,(KHO) Khánh Vĩnh,Hàng Tồn,2026-08-19 - Thứ 4,35,91.43%,22.86%,2.86%,42.63,8,1,32,1,26,3,8.57%,74.28%,0,Khánh Hòa,NTB,AM Phi
NTB - Khánh Hòa,(KHO) Khánh Vĩnh,Hàng Tồn,2026-09-05 - Thứ 7,24,100.00%,33.33%,8.33%,41,8,2,24,2,14,0,0.00%,58.34%,0,Khánh Hòa,NTB,AM Phi
NTB - Khánh Hòa,(KHO) Khánh Vĩnh,Hàng Tồn,2026-09-07 - Thứ 2,28,96.43%,28.57%,0.00%,39.5,8,0,27,0,20,1,3.57%,71.43%,0,Khánh Hòa,NTB,AM Phi
NTB - Khánh Hòa,(KHO) Khánh Vĩnh,Hàng Tồn,2026-08-20 - Thứ 5,38,97.37%,21.05%,7.89%,38.75,8,3,37,3,27,1,2.63%,71.06%,0,Khánh Hòa,NTB,AM Phi
NTB - Khánh Hòa,(KHO) Khánh Vĩnh,Hàng Tồn,2026-08-26 - Thứ 4,31,96.77%,32.26%,9.68%,43.7,10,3,30,3,18,1,3.23%,58.06%,0,Khánh Hòa,NTB,AM Phi
NTB - Khánh Hòa,(KHO) Khánh Vĩnh,Hàng Tồn,2026-08-29 - Thứ 7,30,100.00%,36.67%,0.00%,41.73,11,0,30,0,19,0,0.00%,63.33%,0,Khánh Hòa,NTB,AM Phi
NTB - Khánh Hòa,(KHO) Khánh Vĩnh,Hàng Tồn,2026-08-31 - Thứ 2,29,100.00%,37.93%,6.90%,39.45,11,2,29,2,16,0,0.00%,55.17%,0,Khánh Hòa,NTB,AM Phi
NTB - Khánh Hòa,(KHO) Khánh Vĩnh,Hàng Tồn,2026-08-18 - Thứ 3,40,95.00%,27.50%,5.00%,55.09,11,2,38,2,27,2,5.00%,67.50%,0,Khánh Hòa,NTB,AM Phi
NTB - Khánh Hòa,(KHO) Khánh Vĩnh,Hàng Tồn,2026-09-06 - Chủ Nhật,27,96.30%,48.15%,3.70%,43.92,13,1,26,1,13,1,3.70%,48.15%,0,Khánh Hòa,NTB,AM Phi
NTB - Khánh Hòa,(KHO) Khánh Vĩnh,Hàng Tồn,2026-09-08 - Thứ 3,50,98.00%,28.00%,2.00%,46.86,14,1,49,1,35,1,2.00%,70.00%,0,Khánh Hòa,NTB,AM Phi
NTB - Khánh Hòa,(KHO) Khánh Vĩnh,Hàng Tồn,2026-09-13 - Chủ Nhật,38,97.37%,36.84%,7.89%,42.64,14,3,37,3,21,1,2.63%,55.27%,0,Khánh Hòa,NTB,AM Phi
NTB - Khánh Hòa,(KHO) Khánh Vĩnh,Hàng Tồn,2026-08-27 - Thứ 5,32,96.88%,46.88%,3.13%,53.07,15,1,31,1,16,1,3.12%,49.99%,0,Khánh Hòa,NTB,AM Phi
NTB - Khánh Hòa,(KHO) Khánh Vĩnh,Hàng Tồn,2026-09-12 - Thứ 7,40,100.00%,42.50%,10.00%,50.12,17,4,40,4,19,0,0.00%,47.50%,0,Khánh Hòa,NTB,AM Phi
NTB - Khánh Hòa,(KHO) Khánh Vĩnh,Hàng Tồn,2026-09-09 - Thứ 4,40,97.50%,42.50%,5.00%,53.47,17,2,39,2,21,1,2.50%,52.50%,0,Khánh Hòa,NTB,AM Phi
NTB - Khánh Hòa,(KHO) Khánh Vĩnh,Hàng Tồn,2026-09-03 - Thứ 5,41,100.00%,41.46%,2.44%,33.88,17,1,41,1,23,0,0.00%,56.10%,0,Khánh Hòa,NTB,AM Phi
NTB - Khánh Hòa,(KHO) Khánh Vĩnh,Hàng Tồn,2026-08-22 - Thứ 7,52,96.15%,38.46%,0.00%,53,20,0,50,0,32,2,3.85%,61.54%,0,Khánh Hòa,NTB,AM Phi
NTB - Khánh Hòa,(KHO) Khánh Vĩnh,Hàng Tồn,2026-08-17 - Thứ 2,40,97.50%,52.50%,5.00%,45.9,21,2,39,2,17,1,2.50%,42.50%,0,Khánh Hòa,NTB,AM Phi
NTB - Khánh Hòa,(KHO) Khánh Vĩnh,Hàng Tồn,2026-09-01 - Thứ 3,40,100.00%,60.00%,2.50%,50.13,24,1,40,1,15,0,0.00%,37.50%,0,Khánh Hòa,NTB,AM Phi
NTB - Khánh Hòa,(KHO) Khánh Vĩnh,Hàng Tồn,2026-08-24 - Thứ 2,52,98.08%,51.92%,9.62%,50.26,27,5,51,5,20,1,1.92%,38.46%,0,Khánh Hòa,NTB,AM Phi
NTB - Khánh Hòa,(KHO) Khánh Vĩnh,Hàng Tồn,2026-09-11 - Thứ 6,64,100.00%,53.13%,0.00%,36.15,34,0,64,0,30,0,0.00%,46.87%,0,Khánh Hòa,NTB,AM Phi
NTB - Khánh Hòa,(KHO) Khánh Sơn,Hàng Mới Ca 1,2026-08-20 - Thứ 5,89,100.00%,91.01%,0.00%,7.35,81,0,89,0,8,0,0.00%,8.99%,89,Khánh Hòa,NTB,AM Duy
NTB - Khánh Hòa,(KHO) Khánh Sơn,Hàng Mới Ca 1,2026-08-30 - Chủ Nhật,124,100.00%,90.32%,0.00%,7.42,112,0,124,0,12,0,0.00%,9.68%,124,Khánh Hòa,NTB,AM Duy
NTB - Khánh Hòa,(KHO) Khánh Sơn,Hàng Mới Ca 1,2026-08-19 - Thứ 4,142,100.00%,88.03%,0.00%,7.45,125,0,142,0,17,0,0.00%,11.97%,142,Khánh Hòa,NTB,AM Duy
NTB - Khánh Hòa,(KHO) Khánh Sơn,Hàng Mới Ca 1,2026-08-17 - Thứ 2,99,100.00%,87.88%,0.00%,6.91,87,0,99,0,12,0,0.00%,12.12%,99,Khánh Hòa,NTB,AM Duy
NTB - Khánh Hòa,(KHO) Khánh Sơn,Hàng Mới Ca 1,2026-08-27 - Thứ 5,101,100.00%,90.10%,0.00%,7.68,91,0,101,0,10,0,0.00%,9.90%,101,Khánh Hòa,NTB,AM Duy
NTB - Khánh Hòa,(KHO) Khánh Sơn,Hàng Mới Ca 1,2026-09-12 - Thứ 7,88,98.86%,89.77%,0.00%,6,79,0,87,0,9,1,1.14%,10.23%,88,Khánh Hòa,NTB,AM Duy
NTB - Khánh Hòa,(KHO) Khánh Sơn,Hàng Mới Ca 1,2026-09-10 - Thứ 5,97,100.00%,74.23%,0.00%,8.92,72,0,97,0,25,0,0.00%,25.77%,97,Khánh Hòa,NTB,AM Duy
NTB - Khánh Hòa,(KHO) Khánh Sơn,Hàng Mới Ca 1,2026-08-23 - Chủ Nhật,89,100.00%,92.13%,0.00%,6.73,82,0,89,0,7,0,0.00%,7.87%,89,Khánh Hòa,NTB,AM Duy
NTB - Khánh Hòa,(KHO) Khánh Sơn,Hàng Mới Ca 1,2026-08-21 - Thứ 6,114,100.00%,86.84%,0.00%,7.51,99,0,114,0,15,0,0.00%,13.16%,114,Khánh Hòa,NTB,AM Duy
NTB - Khánh Hòa,(KHO) Khánh Sơn,Hàng Mới Ca 1,2026-09-05 - Thứ 7,97,100.00%,91.75%,0.00%,6.66,89,0,97,0,8,0,0.00%,8.25%,97,Khánh Hòa,NTB,AM Duy
NTB - Khánh Hòa,(KHO) Khánh Sơn,Hàng Mới Ca 1,2026-08-28 - Thứ 6,118,100.00%,88.98%,0.00%,7.6,105,0,118,0,13,0,0.00%,11.02%,118,Khánh Hòa,NTB,AM Duy
NTB - Khánh Hòa,(KHO) Khánh Sơn,Hàng Mới Ca 1,2026-09-07 - Thứ 2,94,98.94%,96.81%,0.00%,6.74,91,0,93,0,3,1,1.06%,3.19%,94,Khánh Hòa,NTB,AM Duy
NTB - Khánh Hòa,(KHO) Khánh Sơn,Hàng Mới Ca 1,2026-08-26 - Thứ 4,125,98.40%,89.60%,0.00%,7.57,112,0,123,0,13,2,1.60%,10.40%,125,Khánh Hòa,NTB,AM Duy
NTB - Khánh Hòa,(KHO) Khánh Sơn,Hàng Mới Ca 1,2026-08-22 - Thứ 7,115,100.00%,90.43%,0.00%,7.75,104,0,115,0,11,0,0.00%,9.57%,115,Khánh Hòa,NTB,AM Duy
NTB - Khánh Hòa,(KHO) Khánh Sơn,Hàng Mới Ca 1,2026-09-04 - Thứ 6,38,100.00%,86.84%,0.00%,4.88,33,0,38,0,5,0,0.00%,13.16%,38,Khánh Hòa,NTB,AM Duy
NTB - Khánh Hòa,(KHO) Khánh Sơn,Hàng Mới Ca 1,2026-09-03 - Thứ 5,39,100.00%,89.74%,0.00%,6.43,35,0,39,0,4,0,0.00%,10.26%,39,Khánh Hòa,NTB,AM Duy
NTB - Khánh Hòa,(KHO) Khánh Sơn,Hàng Mới Ca 1,2026-09-08 - Thứ 3,60,98.33%,88.33%,0.00%,6.91,53,0,59,0,7,1,1.67%,11.67%,60,Khánh Hòa,NTB,AM Duy
NTB - Khánh Hòa,(KHO) Khánh Sơn,Hàng Mới Ca 1,2026-09-09 - Thứ 4,68,100.00%,82.35%,0.00%,7.88,56,0,68,0,12,0,0.00%,17.65%,68,Khánh Hòa,NTB,AM Duy
NTB - Khánh Hòa,(KHO) Khánh Sơn,Hàng Mới Ca 1,2026-09-11 - Thứ 6,65,100.00%,87.69%,0.00%,7.39,57,0,65,0,8,0,0.00%,12.31%,65,Khánh Hòa,NTB,AM Duy
NTB - Khánh Hòa,(KHO) Khánh Sơn,Hàng Mới Ca 1,2026-08-24 - Thứ 2,65,100.00%,92.31%,0.00%,6.93,60,0,65,0,5,0,0.00%,7.69%,65,Khánh Hòa,NTB,AM Duy
NTB - Khánh Hòa,(KHO) Khánh Sơn,Hàng Mới Ca 1,2026-09-13 - Chủ Nhật,71,100.00%,85.92%,0.00%,7.41,61,0,71,0,10,0,0.00%,14.08%,71,Khánh Hòa,NTB,AM Duy
NTB - Khánh Hòa,(KHO) Khánh Sơn,Hàng Mới Ca 1,2026-08-31 - Thứ 2,68,100.00%,91.18%,0.00%,5.34,62,0,68,0,6,0,0.00%,8.82%,68,Khánh Hòa,NTB,AM Duy
NTB - Khánh Hòa,(KHO) Khánh Sơn,Hàng Mới Ca 1,2026-08-18 - Thứ 3,78,100.00%,79.49%,0.00%,7.31,62,0,78,0,16,0,0.00%,20.51%,78,Khánh Hòa,NTB,AM Duy
NTB - Khánh Hòa,(KHO) Khánh Sơn,Hàng Mới Ca 1,2026-09-06 - Chủ Nhật,73,100.00%,89.04%,0.00%,6.48,65,0,73,0,8,0,0.00%,10.96%,73,Khánh Hòa,NTB,AM Duy
NTB - Khánh Hòa,(KHO) Khánh Sơn,Hàng Mới Ca 1,2026-09-01 - Thứ 3,74,100.00%,91.89%,0.00%,6.35,68,0,74,0,6,0,0.00%,8.11%,74,Khánh Hòa,NTB,AM Duy
NTB - Khánh Hòa,(KHO) Khánh Sơn,Hàng Mới Ca 1,2026-08-29 - Thứ 7,72,100.00%,95.83%,0.00%,6.55,69,0,72,0,3,0,0.00%,4.17%,72,Khánh Hòa,NTB,AM Duy
NTB - Khánh Hòa,(KHO) Khánh Sơn,Hàng Mới Ca 1,2026-09-02 - Thứ 4,76,100.00%,90.79%,0.00%,6.32,69,0,76,0,7,0,0.00%,9.21%,76,Khánh Hòa,NTB,AM Duy
NTB - Khánh Hòa,(KHO) Khánh Sơn,Hàng Mới Ca 1,2026-08-25 - Thứ 3,81,100.00%,93.83%,0.00%,6.89,76,0,81,0,5,0,0.00%,6.17%,81,Khánh Hòa,NTB,AM Duy
NTB - Khánh Hòa,(KHO) Khánh Sơn,Hàng Tồn,2026-09-04 - Thứ 6,8,100.00%,12.50%,0.00%,28,1,0,8,0,7,0,0.00%,87.50%,0,Khánh Hòa,NTB,AM Duy
NTB - Khánh Hòa,(KHO) Khánh Sơn,Hàng Tồn,2026-09-02 - Thứ 4,12,100.00%,16.67%,8.33%,29,2,1,12,1,9,0,0.00%,75.00%,0,Khánh Hòa,NTB,AM Duy
NTB - Khánh Hòa,(KHO) Khánh Sơn,Hàng Tồn,2026-09-05 - Thứ 7,9,100.00%,22.22%,0.00%,27.5,2,0,9,0,7,0,0.00%,77.78%,0,Khánh Hòa,NTB,AM Duy
NTB - Khánh Hòa,(KHO) Khánh Sơn,Hàng Tồn,2026-08-30 - Chủ Nhật,10,100.00%,30.00%,0.00%,45.33,3,0,10,0,7,0,0.00%,70.00%,0,Khánh Hòa,NTB,AM Duy
NTB - Khánh Hòa,(KHO) Khánh Sơn,Hàng Tồn,2026-08-25 - Thứ 3,8,100.00%,37.50%,0.00%,54.67,3,0,8,0,5,0,0.00%,62.50%,0,Khánh Hòa,NTB,AM Duy
NTB - Khánh Hòa,(KHO) Khánh Sơn,Hàng Tồn,2026-09-03 - Thứ 5,11,100.00%,27.27%,0.00%,29.33,3,0,11,0,8,0,0.00%,72.73%,0,Khánh Hòa,NTB,AM Duy
NTB - Khánh Hòa,(KHO) Khánh Sơn,Hàng Tồn,2026-09-06 - Chủ Nhật,11,100.00%,27.27%,0.00%,30.33,3,0,11,0,8,0,0.00%,72.73%,0,Khánh Hòa,NTB,AM Duy
NTB - Khánh Hòa,(KHO) Khánh Sơn,Hàng Tồn,2026-09-08 - Thứ 3,8,100.00%,50.00%,12.50%,35,4,1,8,1,3,0,0.00%,37.50%,0,Khánh Hòa,NTB,AM Duy
NTB - Khánh Hòa,(KHO) Khánh Sơn,Hàng Tồn,2026-09-09 - Thứ 4,8,100.00%,50.00%,0.00%,30.25,4,0,8,0,4,0,0.00%,50.00%,0,Khánh Hòa,NTB,AM Duy
NTB - Khánh Hòa,(KHO) Khánh Sơn,Hàng Tồn,2026-09-07 - Thứ 2,14,100.00%,28.57%,0.00%,41.75,4,0,14,0,10,0,0.00%,71.43%,0,Khánh Hòa,NTB,AM Duy
NTB - Khánh Hòa,(KHO) Khánh Sơn,Hàng Tồn,2026-08-26 - Thứ 4,9,100.00%,44.44%,0.00%,34.75,4,0,9,0,5,0,0.00%,55.56%,0,Khánh Hòa,NTB,AM Duy
NTB - Khánh Hòa,(KHO) Khánh Sơn,Hàng Tồn,2026-09-13 - Chủ Nhật,10,90.00%,40.00%,0.00%,34.75,4,0,9,0,6,1,10.00%,60.00%,0,Khánh Hòa,NTB,AM Duy
NTB - Khánh Hòa,(KHO) Khánh Sơn,Hàng Tồn,2026-09-01 - Thứ 3,15,100.00%,26.67%,0.00%,38.75,4,0,15,0,11,0,0.00%,73.33%,0,Khánh Hòa,NTB,AM Duy
NTB - Khánh Hòa,(KHO) Khánh Sơn,Hàng Tồn,2026-08-18 - Thứ 3,17,100.00%,29.41%,5.88%,35.2,5,1,17,1,11,0,0.00%,64.71%,0,Khánh Hòa,NTB,AM Duy
NTB - Khánh Hòa,(KHO) Khánh Sơn,Hàng Tồn,2026-08-21 - Thứ 6,17,100.00%,29.41%,0.00%,42,5,0,17,0,12,0,0.00%,70.59%,0,Khánh Hòa,NTB,AM Duy
NTB - Khánh Hòa,(KHO) Khánh Sơn,Hàng Tồn,2026-08-29 - Thứ 7,15,100.00%,40.00%,0.00%,28,6,0,15,0,9,0,0.00%,60.00%,0,Khánh Hòa,NTB,AM Duy
NTB - Khánh Hòa,(KHO) Khánh Sơn,Hàng Tồn,2026-08-31 - Thứ 2,15,100.00%,40.00%,0.00%,33.5,6,0,15,0,9,0,0.00%,60.00%,0,Khánh Hòa,NTB,AM Duy
NTB - Khánh Hòa,(KHO) Khánh Sơn,Hàng Tồn,2026-09-10 - Thứ 5,16,100.00%,50.00%,0.00%,31.25,8,0,16,0,8,0,0.00%,50.00%,0,Khánh Hòa,NTB,AM Duy
NTB - Khánh Hòa,(KHO) Khánh Sơn,Hàng Tồn,2026-08-24 - Thứ 2,13,100.00%,61.54%,0.00%,43.75,8,0,13,0,5,0,0.00%,38.46%,0,Khánh Hòa,NTB,AM Duy
NTB - Khánh Hòa,(KHO) Khánh Sơn,Hàng Tồn,2026-08-17 - Thứ 2,18,100.00%,44.44%,0.00%,37.5,8,0,18,0,10,0,0.00%,55.56%,0,Khánh Hòa,NTB,AM Duy
NTB - Khánh Hòa,(KHO) Khánh Sơn,Hàng Tồn,2026-08-23 - Chủ Nhật,20,100.00%,45.00%,0.00%,35.78,9,0,20,0,11,0,0.00%,55.00%,0,Khánh Hòa,NTB,AM Duy
NTB - Khánh Hòa,(KHO) Khánh Sơn,Hàng Tồn,2026-08-22 - Thứ 7,22,100.00%,40.91%,0.00%,43.33,9,0,22,0,13,0,0.00%,59.09%,0,Khánh Hòa,NTB,AM Duy
NTB - Khánh Hòa,(KHO) Khánh Sơn,Hàng Tồn,2026-08-20 - Thứ 5,22,100.00%,45.45%,0.00%,36.8,10,0,22,0,12,0,0.00%,54.55%,0,Khánh Hòa,NTB,AM Duy
NTB - Khánh Hòa,(KHO) Khánh Sơn,Hàng Tồn,2026-08-27 - Thứ 5,16,93.75%,62.50%,0.00%,32.7,10,0,15,0,6,1,6.25%,37.50%,0,Khánh Hòa,NTB,AM Duy
NTB - Khánh Hòa,(KHO) Khánh Sơn,Hàng Tồn,2026-09-12 - Thứ 7,12,100.00%,83.33%,8.33%,38.6,10,1,12,1,1,0,0.00%,8.34%,0,Khánh Hòa,NTB,AM Duy
NTB - Khánh Hòa,(KHO) Khánh Sơn,Hàng Tồn,2026-08-28 - Thứ 6,16,100.00%,62.50%,6.25%,36.5,10,1,16,1,5,0,0.00%,31.25%,0,Khánh Hòa,NTB,AM Duy
NTB - Khánh Hòa,(KHO) Khánh Sơn,Hàng Tồn,2026-08-19 - Thứ 4,27,100.00%,59.26%,0.00%,37.88,16,0,27,0,11,0,0.00%,40.74%,0,Khánh Hòa,NTB,AM Duy
NTB - Khánh Hòa,(KHO) Khánh Sơn,Hàng Tồn,2026-09-11 - Thứ 6,32,100.00%,84.38%,0.00%,40.56,27,0,32,0,5,0,0.00%,15.62%,0,Khánh Hòa,NTB,AM Duy
NTB - Khánh Hòa,(KHO) Diên Thọ,Hàng Mới Ca 1,2026-08-20 - Thứ 5,107,100.00%,82.24%,0.00%,6.66,88,0,107,0,19,0,0.00%,17.76%,107,Khánh Hòa,NTB,AM Phi
NTB - Khánh Hòa,(KHO) Diên Thọ,Hàng Mới Ca 1,2026-08-30 - Chủ Nhật,101,100.00%,82.18%,0.00%,6.02,83,0,101,0,18,0,0.00%,17.82%,101,Khánh Hòa,NTB,AM Phi
NTB - Khánh Hòa,(KHO) Diên Thọ,Hàng Mới Ca 1,2026-08-19 - Thứ 4,138,100.00%,79.71%,0.00%,7.24,110,0,138,0,28,0,0.00%,20.29%,138,Khánh Hòa,NTB,AM Phi
NTB - Khánh Hòa,(KHO) Diên Thọ,Hàng Mới Ca 1,2026-08-17 - Thứ 2,98,100.00%,81.63%,0.00%,6.81,80,0,98,0,18,0,0.00%,18.37%,98,Khánh Hòa,NTB,AM Phi
NTB - Khánh Hòa,(KHO) Diên Thọ,Hàng Mới Ca 1,2026-08-25 - Thứ 3,95,87.37%,77.89%,0.00%,6.61,74,0,83,0,21,12,12.63%,22.11%,95,Khánh Hòa,NTB,AM Phi
NTB - Khánh Hòa,(KHO) Diên Thọ,Hàng Mới Ca 1,2026-08-21 - Thứ 6,101,100.00%,80.20%,0.00%,6.68,81,0,101,0,20,0,0.00%,19.80%,101,Khánh Hòa,NTB,AM Phi
NTB - Khánh Hòa,(KHO) Diên Thọ,Hàng Mới Ca 1,2026-09-05 - Thứ 7,105,100.00%,79.05%,0.00%,7.05,83,0,105,0,22,0,0.00%,20.95%,105,Khánh Hòa,NTB,AM Phi
NTB - Khánh Hòa,(KHO) Diên Thọ,Hàng Mới Ca 1,2026-08-28 - Thứ 6,120,99.17%,79.17%,0.00%,6.86,95,0,119,0,25,1,0.83%,20.83%,120,Khánh Hòa,NTB,AM Phi
NTB - Khánh Hòa,(KHO) Diên Thọ,Hàng Mới Ca 1,2026-09-07 - Thứ 2,101,100.00%,87.13%,0.00%,7.83,88,0,101,0,13,0,0.00%,12.87%,101,Khánh Hòa,NTB,AM Phi
NTB - Khánh Hòa,(KHO) Diên Thọ,Hàng Mới Ca 1,2026-08-26 - Thứ 4,125,100.00%,80.80%,0.00%,6.56,101,0,125,0,24,0,0.00%,19.20%,125,Khánh Hòa,NTB,AM Phi
NTB - Khánh Hòa,(KHO) Diên Thọ,Hàng Mới Ca 1,2026-08-22 - Thứ 7,108,100.00%,86.11%,0.00%,6.73,93,0,108,0,15,0,0.00%,13.89%,108,Khánh Hòa,NTB,AM Phi
NTB - Khánh Hòa,(KHO) Diên Thọ,Hàng Mới Ca 1,2026-08-29 - Thứ 7,91,100.00%,87.91%,0.00%,5.76,80,0,91,0,11,0,0.00%,12.09%,91,Khánh Hòa,NTB,AM Phi
NTB - Khánh Hòa,(KHO) Diên Thọ,Hàng Mới Ca 1,2026-08-18 - Thứ 3,50,100.00%,74.00%,0.00%,5.46,37,0,50,0,13,0,0.00%,26.00%,50,Khánh Hòa,NTB,AM Phi
NTB - Khánh Hòa,(KHO) Diên Thọ,Hàng Mới Ca 1,2026-09-03 - Thứ 5,46,100.00%,82.61%,0.00%,6.5,38,0,46,0,8,0,0.00%,17.39%,46,Khánh Hòa,NTB,AM Phi
NTB - Khánh Hòa,(KHO) Diên Thọ,Hàng Mới Ca 1,2026-09-04 - Thứ 6,53,100.00%,81.13%,0.00%,4.95,43,0,53,0,10,0,0.00%,18.87%,53,Khánh Hòa,NTB,AM Phi
NTB - Khánh Hòa,(KHO) Diên Thọ,Hàng Mới Ca 1,2026-08-24 - Thứ 2,73,84.93%,69.86%,0.00%,6.25,51,0,62,0,22,11,15.07%,30.14%,73,Khánh Hòa,NTB,AM Phi
NTB - Khánh Hòa,(KHO) Diên Thọ,Hàng Mới Ca 1,2026-09-08 - Thứ 3,77,98.70%,72.73%,0.00%,7.02,56,0,76,0,21,1,1.30%,27.27%,77,Khánh Hòa,NTB,AM Phi
NTB - Khánh Hòa,(KHO) Diên Thọ,Hàng Mới Ca 1,2026-08-31 - Thứ 2,82,100.00%,69.51%,0.00%,5.98,57,0,82,0,25,0,0.00%,30.49%,82,Khánh Hòa,NTB,AM Phi
NTB - Khánh Hòa,(KHO) Diên Thọ,Hàng Mới Ca 1,2026-09-02 - Thứ 4,77,100.00%,75.32%,0.00%,6.21,58,0,77,0,19,0,0.00%,24.68%,77,Khánh Hòa,NTB,AM Phi
NTB - Khánh Hòa,(KHO) Diên Thọ,Hàng Mới Ca 1,2026-09-09 - Thứ 4,77,92.21%,79.22%,0.00%,6.44,61,0,71,0,16,6,7.79%,20.78%,77,Khánh Hòa,NTB,AM Phi
NTB - Khánh Hòa,(KHO) Diên Thọ,Hàng Mới Ca 1,2026-09-11 - Thứ 6,74,100.00%,82.43%,0.00%,7.13,61,0,74,0,13,0,0.00%,17.57%,74,Khánh Hòa,NTB,AM Phi
NTB - Khánh Hòa,(KHO) Diên Thọ,Hàng Mới Ca 1,2026-09-01 - Thứ 3,82,100.00%,78.05%,0.00%,5.58,64,0,82,0,18,0,0.00%,21.95%,82,Khánh Hòa,NTB,AM Phi
NTB - Khánh Hòa,(KHO) Diên Thọ,Hàng Mới Ca 1,2026-09-10 - Thứ 5,117,100.00%,58.12%,0.00%,6.78,68,0,117,0,49,0,0.00%,41.88%,117,Khánh Hòa,NTB,AM Phi
NTB - Khánh Hòa,(KHO) Diên Thọ,Hàng Mới Ca 1,2026-09-12 - Thứ 7,83,100.00%,85.54%,0.00%,6.46,71,0,83,0,12,0,0.00%,14.46%,83,Khánh Hòa,NTB,AM Phi
NTB - Khánh Hòa,(KHO) Diên Thọ,Hàng Mới Ca 1,2026-08-23 - Chủ Nhật,91,100.00%,80.22%,0.00%,6.07,73,0,91,0,18,0,0.00%,19.78%,91,Khánh Hòa,NTB,AM Phi
NTB - Khánh Hòa,(KHO) Diên Thọ,Hàng Mới Ca 1,2026-09-06 - Chủ Nhật,112,89.29%,67.86%,0.00%,7.25,76,0,100,0,36,12,10.71%,32.14%,112,Khánh Hòa,NTB,AM Phi
NTB - Khánh Hòa,(KHO) Diên Thọ,Hàng Mới Ca 1,2026-08-27 - Thứ 5,98,100.00%,78.57%,0.00%,6.56,77,0,98,0,21,0,0.00%,21.43%,98,Khánh Hòa,NTB,AM Phi
NTB - Khánh Hòa,(KHO) Diên Thọ,Hàng Mới Ca 1,2026-09-13 - Chủ Nhật,98,100.00%,78.57%,0.00%,7.22,77,0,98,0,21,0,0.00%,21.43%,98,Khánh Hòa,NTB,AM Phi
NTB - Khánh Hòa,(KHO) Diên Thọ,Hàng Tồn,2026-09-04 - Thứ 6,21,100.00%,23.81%,0.00%,39.2,5,0,21,0,16,0,0.00%,76.19%,0,Khánh Hòa,NTB,AM Phi
NTB - Khánh Hòa,(KHO) Diên Thọ,Hàng Tồn,2026-09-05 - Thứ 7,16,93.75%,31.25%,0.00%,39.6,5,0,15,0,11,1,6.25%,68.75%,0,Khánh Hòa,NTB,AM Phi
NTB - Khánh Hòa,(KHO) Diên Thọ,Hàng Tồn,2026-08-30 - Chủ Nhật,31,96.77%,25.81%,6.45%,55.75,8,2,30,2,21,1,3.23%,67.74%,0,Khánh Hòa,NTB,AM Phi
NTB - Khánh Hòa,(KHO) Diên Thọ,Hàng Tồn,2026-08-19 - Thứ 4,23,100.00%,39.13%,4.35%,35,9,1,23,1,13,0,0.00%,56.52%,0,Khánh Hòa,NTB,AM Phi
NTB - Khánh Hòa,(KHO) Diên Thọ,Hàng Tồn,2026-09-10 - Thứ 5,27,100.00%,33.33%,3.70%,38,9,1,27,1,17,0,0.00%,62.97%,0,Khánh Hòa,NTB,AM Phi
NTB - Khánh Hòa,(KHO) Diên Thọ,Hàng Tồn,2026-08-31 - Thứ 2,32,96.88%,28.13%,6.25%,35.56,9,2,31,2,21,1,3.12%,65.62%,0,Khánh Hòa,NTB,AM Phi
NTB - Khánh Hòa,(KHO) Diên Thọ,Hàng Tồn,2026-08-23 - Chủ Nhật,32,100.00%,31.25%,18.75%,36.5,10,6,32,6,16,0,0.00%,50.00%,0,Khánh Hòa,NTB,AM Phi
NTB - Khánh Hòa,(KHO) Diên Thọ,Hàng Tồn,2026-09-13 - Chủ Nhật,23,100.00%,43.48%,8.70%,47.4,10,2,23,2,11,0,0.00%,47.82%,0,Khánh Hòa,NTB,AM Phi
NTB - Khánh Hòa,(KHO) Diên Thọ,Hàng Tồn,2026-08-24 - Thứ 2,29,79.31%,34.48%,0.00%,40,10,0,23,0,19,6,20.69%,65.52%,0,Khánh Hòa,NTB,AM Phi
NTB - Khánh Hòa,(KHO) Diên Thọ,Hàng Tồn,2026-09-06 - Chủ Nhật,33,81.82%,33.33%,3.03%,35.18,11,1,27,1,21,6,18.18%,63.64%,0,Khánh Hòa,NTB,AM Phi
NTB - Khánh Hòa,(KHO) Diên Thọ,Hàng Tồn,2026-08-28 - Thứ 6,41,100.00%,26.83%,2.44%,40.36,11,1,41,1,29,0,0.00%,70.73%,0,Khánh Hòa,NTB,AM Phi
NTB - Khánh Hòa,(KHO) Diên Thọ,Hàng Tồn,2026-09-03 - Thứ 5,29,100.00%,37.93%,0.00%,33.91,11,0,29,0,18,0,0.00%,62.07%,0,Khánh Hòa,NTB,AM Phi
NTB - Khánh Hòa,(KHO) Diên Thọ,Hàng Tồn,2026-08-22 - Thứ 7,36,100.00%,30.56%,0.00%,37.91,11,0,36,0,25,0,0.00%,69.44%,0,Khánh Hòa,NTB,AM Phi
NTB - Khánh Hòa,(KHO) Diên Thọ,Hàng Tồn,2026-09-08 - Thứ 3,33,100.00%,36.36%,0.00%,50.83,12,0,33,0,21,0,0.00%,63.64%,0,Khánh Hòa,NTB,AM Phi
NTB - Khánh Hòa,(KHO) Diên Thọ,Hàng Tồn,2026-09-02 - Thứ 4,25,100.00%,48.00%,0.00%,42.92,12,0,25,0,13,0,0.00%,52.00%,0,Khánh Hòa,NTB,AM Phi
NTB - Khánh Hòa,(KHO) Diên Thọ,Hàng Tồn,2026-08-29 - Thứ 7,41,97.56%,31.71%,0.00%,38.23,13,0,40,0,28,1,2.44%,68.29%,0,Khánh Hòa,NTB,AM Phi
NTB - Khánh Hòa,(KHO) Diên Thọ,Hàng Tồn,2026-08-21 - Thứ 6,31,100.00%,41.94%,3.23%,39.23,13,1,31,1,17,0,0.00%,54.83%,0,Khánh Hòa,NTB,AM Phi
NTB - Khánh Hòa,(KHO) Diên Thọ,Hàng Tồn,2026-08-27 - Thứ 5,40,97.50%,35.00%,0.00%,42.14,14,0,39,0,26,1,2.50%,65.00%,0,Khánh Hòa,NTB,AM Phi
NTB - Khánh Hòa,(KHO) Diên Thọ,Hàng Tồn,2026-09-12 - Thứ 7,35,100.00%,40.00%,0.00%,50.57,14,0,35,0,21,0,0.00%,60.00%,0,Khánh Hòa,NTB,AM Phi
NTB - Khánh Hòa,(KHO) Diên Thọ,Hàng Tồn,2026-09-09 - Thứ 4,34,94.12%,41.18%,5.88%,33.14,14,2,32,2,18,2,5.88%,52.94%,0,Khánh Hòa,NTB,AM Phi
NTB - Khánh Hòa,(KHO) Diên Thọ,Hàng Tồn,2026-08-25 - Thứ 3,41,82.93%,39.02%,0.00%,38.63,16,0,34,0,25,7,17.07%,60.98%,0,Khánh Hòa,NTB,AM Phi
NTB - Khánh Hòa,(KHO) Diên Thọ,Hàng Tồn,2026-08-26 - Thứ 4,44,97.73%,43.18%,9.09%,52.47,19,4,43,4,21,1,2.27%,47.73%,0,Khánh Hòa,NTB,AM Phi
NTB - Khánh Hòa,(KHO) Diên Thọ,Hàng Tồn,2026-08-20 - Thứ 5,39,100.00%,56.41%,0.00%,48.77,22,0,39,0,17,0,0.00%,43.59%,0,Khánh Hòa,NTB,AM Phi
NTB - Khánh Hòa,(KHO) Diên Thọ,Hàng Tồn,2026-08-18 - Thứ 3,35,100.00%,62.86%,5.71%,59,22,2,35,2,11,0,0.00%,31.43%,0,Khánh Hòa,NTB,AM Phi
NTB - Khánh Hòa,(KHO) Diên Thọ,Hàng Tồn,2026-09-01 - Thứ 3,36,100.00%,69.44%,0.00%,36.44,25,0,36,0,11,0,0.00%,30.56%,0,Khánh Hòa,NTB,AM Phi
NTB - Khánh Hòa,(KHO) Diên Thọ,Hàng Tồn,2026-09-07 - Thứ 2,54,100.00%,51.85%,0.00%,45.64,28,0,54,0,26,0,0.00%,48.15%,0,Khánh Hòa,NTB,AM Phi
NTB - Khánh Hòa,(KHO) Diên Thọ,Hàng Tồn,2026-08-17 - Thứ 2,54,100.00%,64.81%,0.00%,41.31,35,0,54,0,19,0,0.00%,35.19%,0,Khánh Hòa,NTB,AM Phi
NTB - Khánh Hòa,(KHO) Diên Thọ,Hàng Tồn,2026-09-11 - Thứ 6,64,100.00%,59.38%,3.13%,35.95,38,2,64,2,24,0,0.00%,37.49%,0,Khánh Hòa,NTB,AM Phi
NTB - Khánh Hòa,(KHO) Diên Khánh 2,Hàng Mới Ca 1,2026-08-20 - Thứ 5,104,100.00%,87.50%,0.00%,8.99,91,0,104,0,13,0,0.00%,12.50%,104,Khánh Hòa,NTB,AM Phi
NTB - Khánh Hòa,(KHO) Diên Khánh 2,Hàng Mới Ca 1,2026-08-30 - Chủ Nhật,89,92.13%,75.28%,0.00%,8,67,0,82,0,22,7,7.87%,24.72%,89,Khánh Hòa,NTB,AM Phi
NTB - Khánh Hòa,(KHO) Diên Khánh 2,Hàng Mới Ca 1,2026-08-19 - Thứ 4,134,97.01%,79.10%,0.00%,8.34,106,0,130,0,28,4,2.99%,20.90%,134,Khánh Hòa,NTB,AM Phi
NTB - Khánh Hòa,(KHO) Diên Khánh 2,Hàng Mới Ca 1,2026-08-29 - Thứ 7,126,100.00%,82.54%,0.00%,8,104,0,126,0,22,0,0.00%,17.46%,126,Khánh Hòa,NTB,AM Phi
NTB - Khánh Hòa,(KHO) Diên Khánh 2,Hàng Mới Ca 1,2026-08-17 - Thứ 2,105,92.38%,74.29%,0.00%,7.88,78,0,97,0,27,8,7.62%,25.71%,105,Khánh Hòa,NTB,AM Phi
NTB - Khánh Hòa,(KHO) Diên Khánh 2,Hàng Mới Ca 1,2026-08-27 - Thứ 5,119,100.00%,92.44%,0.00%,8.71,110,0,119,0,9,0,0.00%,7.56%,119,Khánh Hòa,NTB,AM Phi
NTB - Khánh Hòa,(KHO) Diên Khánh 2,Hàng Mới Ca 1,2026-09-02 - Thứ 4,118,89.83%,73.73%,0.00%,8.21,87,0,106,0,31,12,10.17%,26.27%,118,Khánh Hòa,NTB,AM Phi
NTB - Khánh Hòa,(KHO) Diên Khánh 2,Hàng Mới Ca 1,2026-09-12 - Thứ 7,120,78.33%,67.50%,0.00%,8.21,81,0,94,0,39,26,21.67%,32.50%,120,Khánh Hòa,NTB,AM Phi
NTB - Khánh Hòa,(KHO) Diên Khánh 2,Hàng Mới Ca 1,2026-09-10 - Thứ 5,135,84.44%,70.37%,0.00%,7.27,95,0,114,0,40,21,15.56%,29.63%,135,Khánh Hòa,NTB,AM Phi
NTB - Khánh Hòa,(KHO) Diên Khánh 2,Hàng Mới Ca 1,2026-08-23 - Chủ Nhật,101,81.19%,71.29%,0.00%,8.76,72,0,82,0,29,19,18.81%,28.71%,101,Khánh Hòa,NTB,AM Phi
NTB - Khánh Hòa,(KHO) Diên Khánh 2,Hàng Mới Ca 1,2026-08-31 - Thứ 2,106,96.23%,85.85%,0.00%,7.84,91,0,102,0,15,4,3.77%,14.15%,106,Khánh Hòa,NTB,AM Phi
NTB - Khánh Hòa,(KHO) Diên Khánh 2,Hàng Mới Ca 1,2026-08-21 - Thứ 6,104,99.04%,92.31%,0.00%,7.89,96,0,103,0,8,1,0.96%,7.69%,104,Khánh Hòa,NTB,AM Phi
NTB - Khánh Hòa,(KHO) Diên Khánh 2,Hàng Mới Ca 1,2026-08-26 - Thứ 4,133,100.00%,89.47%,0.00%,7.17,119,0,133,0,14,0,0.00%,10.53%,133,Khánh Hòa,NTB,AM Phi
NTB - Khánh Hòa,(KHO) Diên Khánh 2,Hàng Mới Ca 1,2026-08-22 - Thứ 7,110,99.09%,82.73%,0.00%,8.69,91,0,109,0,19,1,0.91%,17.27%,110,Khánh Hòa,NTB,AM Phi
NTB - Khánh Hòa,(KHO) Diên Khánh 2,Hàng Mới Ca 1,2026-09-08 - Thứ 3,65,72.31%,61.54%,0.00%,8.58,40,0,47,0,25,18,27.69%,38.46%,65,Khánh Hòa,NTB,AM Phi
NTB - Khánh Hòa,(KHO) Diên Khánh 2,Hàng Mới Ca 1,2026-09-01 - Thứ 3,54,100.00%,85.19%,0.00%,7.17,46,0,54,0,8,0,0.00%,14.81%,54,Khánh Hòa,NTB,AM Phi
NTB - Khánh Hòa,(KHO) Diên Khánh 2,Hàng Mới Ca 1,2026-08-24 - Thứ 2,56,100.00%,83.93%,0.00%,8.26,47,0,56,0,9,0,0.00%,16.07%,56,Khánh Hòa,NTB,AM Phi
NTB - Khánh Hòa,(KHO) Diên Khánh 2,Hàng Mới Ca 1,2026-08-18 - Thứ 3,62,96.77%,79.03%,0.00%,6.35,49,0,60,0,13,2,3.23%,20.97%,62,Khánh Hòa,NTB,AM Phi
NTB - Khánh Hòa,(KHO) Diên Khánh 2,Hàng Mới Ca 1,2026-09-05 - Thứ 7,103,79.61%,50.49%,0.00%,8.63,52,0,82,0,51,21,20.39%,49.51%,103,Khánh Hòa,NTB,AM Phi
NTB - Khánh Hòa,(KHO) Diên Khánh 2,Hàng Mới Ca 1,2026-09-03 - Thứ 5,61,100.00%,85.25%,0.00%,7.92,52,0,61,0,9,0,0.00%,14.75%,61,Khánh Hòa,NTB,AM Phi
NTB - Khánh Hòa,(KHO) Diên Khánh 2,Hàng Mới Ca 1,2026-09-07 - Thứ 2,94,81.91%,56.38%,0.00%,9.72,53,0,77,0,41,17,18.09%,43.62%,94,Khánh Hòa,NTB,AM Phi
NTB - Khánh Hòa,(KHO) Diên Khánh 2,Hàng Mới Ca 1,2026-09-11 - Thứ 6,93,76.34%,58.06%,0.00%,7.09,54,0,71,0,39,22,23.66%,41.94%,93,Khánh Hòa,NTB,AM Phi
NTB - Khánh Hòa,(KHO) Diên Khánh 2,Hàng Mới Ca 1,2026-09-04 - Thứ 6,65,100.00%,87.69%,0.00%,8.02,57,0,65,0,8,0,0.00%,12.31%,65,Khánh Hòa,NTB,AM Phi
NTB - Khánh Hòa,(KHO) Diên Khánh 2,Hàng Mới Ca 1,2026-09-09 - Thứ 4,78,85.90%,74.36%,0.00%,8.86,58,0,67,0,20,11,14.10%,25.64%,78,Khánh Hòa,NTB,AM Phi
NTB - Khánh Hòa,(KHO) Diên Khánh 2,Hàng Mới Ca 1,2026-08-25 - Thứ 3,83,100.00%,84.34%,0.00%,7.93,70,0,83,0,13,0,0.00%,15.66%,83,Khánh Hòa,NTB,AM Phi
NTB - Khánh Hòa,(KHO) Diên Khánh 2,Hàng Mới Ca 1,2026-09-06 - Chủ Nhật,130,80.77%,56.15%,0.00%,8.66,73,0,105,0,57,25,19.23%,43.85%,130,Khánh Hòa,NTB,AM Phi
NTB - Khánh Hòa,(KHO) Diên Khánh 2,Hàng Mới Ca 1,2026-09-13 - Chủ Nhật,111,76.58%,67.57%,0.00%,8.04,75,0,85,0,36,26,23.42%,32.43%,111,Khánh Hòa,NTB,AM Phi
NTB - Khánh Hòa,(KHO) Diên Khánh 2,Hàng Mới Ca 1,2026-08-28 - Thứ 6,102,100.00%,83.33%,0.00%,8.06,85,0,102,0,17,0,0.00%,16.67%,102,Khánh Hòa,NTB,AM Phi
NTB - Khánh Hòa,(KHO) Diên Khánh 2,Hàng Mới Ca 2,2026-09-03 - Thứ 5,14,35.71%,35.71%,0.00%,4.2,5,0,5,0,9,9,64.29%,64.29%,14,Khánh Hòa,NTB,AM Phi
NTB - Khánh Hòa,(KHO) Diên Khánh 2,Hàng Mới Ca 2,2026-09-05 - Thứ 7,49,18.37%,12.24%,0.00%,3.83,6,0,9,0,43,40,81.63%,87.76%,49,Khánh Hòa,NTB,AM Phi
NTB - Khánh Hòa,(KHO) Diên Khánh 2,Hàng Mới Ca 2,2026-08-17 - Thứ 2,32,31.25%,21.88%,0.00%,2.71,7,0,10,0,25,22,68.75%,78.12%,32,Khánh Hòa,NTB,AM Phi
NTB - Khánh Hòa,(KHO) Diên Khánh 2,Hàng Mới Ca 2,2026-09-02 - Thứ 4,34,41.18%,35.29%,0.00%,3.67,12,0,14,0,22,20,58.82%,64.71%,34,Khánh Hòa,NTB,AM Phi
NTB - Khánh Hòa,(KHO) Diên Khánh 2,Hàng Mới Ca 2,2026-08-19 - Thứ 4,66,21.21%,21.21%,0.00%,4.64,14,0,14,0,52,52,78.79%,78.79%,66,Khánh Hòa,NTB,AM Phi
NTB - Khánh Hòa,(KHO) Diên Khánh 2,Hàng Mới Ca 2,2026-08-18 - Thứ 3,89,24.72%,15.73%,0.00%,4.79,14,0,22,0,75,67,75.28%,84.27%,89,Khánh Hòa,NTB,AM Phi
NTB - Khánh Hòa,(KHO) Diên Khánh 2,Hàng Mới Ca 2,2026-09-07 - Thứ 2,40,37.50%,35.00%,0.00%,3.43,14,0,15,0,26,25,62.50%,65.00%,40,Khánh Hòa,NTB,AM Phi
NTB - Khánh Hòa,(KHO) Diên Khánh 2,Hàng Mới Ca 2,2026-09-11 - Thứ 6,38,42.11%,42.11%,0.00%,4.44,16,0,16,0,22,22,57.89%,57.89%,38,Khánh Hòa,NTB,AM Phi
NTB - Khánh Hòa,(KHO) Diên Khánh 2,Hàng Mới Ca 2,2026-09-08 - Thứ 3,75,34.67%,25.33%,0.00%,4.05,19,0,26,0,56,49,65.33%,74.67%,75,Khánh Hòa,NTB,AM Phi
NTB - Khánh Hòa,(KHO) Diên Khánh 2,Hàng Mới Ca 2,2026-08-23 - Chủ Nhật,42,47.62%,45.24%,0.00%,4.16,19,0,20,0,23,22,52.38%,54.76%,42,Khánh Hòa,NTB,AM Phi
NTB - Khánh Hòa,(KHO) Diên Khánh 2,Hàng Mới Ca 2,2026-09-06 - Chủ Nhật,78,33.33%,25.64%,0.00%,4.3,20,0,26,0,58,52,66.67%,74.36%,78,Khánh Hòa,NTB,AM Phi
NTB - Khánh Hòa,(KHO) Diên Khánh 2,Hàng Mới Ca 2,2026-09-04 - Thứ 6,34,64.71%,58.82%,0.00%,4.2,20,0,22,0,14,12,35.29%,41.18%,34,Khánh Hòa,NTB,AM Phi
NTB - Khánh Hòa,(KHO) Diên Khánh 2,Hàng Mới Ca 2,2026-09-10 - Thứ 5,66,34.85%,30.30%,0.00%,4.55,20,0,23,0,46,43,65.15%,69.70%,66,Khánh Hòa,NTB,AM Phi
NTB - Khánh Hòa,(KHO) Diên Khánh 2,Hàng Mới Ca 2,2026-09-13 - Chủ Nhật,43,62.79%,48.84%,0.00%,4,21,0,27,0,22,16,37.21%,51.16%,43,Khánh Hòa,NTB,AM Phi
NTB - Khánh Hòa,(KHO) Diên Khánh 2,Hàng Mới Ca 2,2026-08-25 - Thứ 3,42,69.05%,54.76%,0.00%,4.48,23,0,29,0,19,13,30.95%,45.24%,42,Khánh Hòa,NTB,AM Phi
NTB - Khánh Hòa,(KHO) Diên Khánh 2,Hàng Mới Ca 2,2026-08-22 - Thứ 7,48,56.25%,47.92%,0.00%,3.83,23,0,27,0,25,21,43.75%,52.08%,48,Khánh Hòa,NTB,AM Phi
NTB - Khánh Hòa,(KHO) Diên Khánh 2,Hàng Mới Ca 2,2026-08-29 - Thứ 7,59,52.54%,40.68%,0.00%,3.46,24,0,31,0,35,28,47.46%,59.32%,59,Khánh Hòa,NTB,AM Phi
NTB - Khánh Hòa,(KHO) Diên Khánh 2,Hàng Mới Ca 2,2026-09-12 - Thứ 7,63,41.27%,38.10%,0.00%,4.21,24,0,26,0,39,37,58.73%,61.90%,63,Khánh Hòa,NTB,AM Phi
NTB - Khánh Hòa,(KHO) Diên Khánh 2,Hàng Mới Ca 2,2026-08-21 - Thứ 6,56,60.71%,46.43%,0.00%,3.92,26,0,34,0,30,22,39.29%,53.57%,56,Khánh Hòa,NTB,AM Phi
NTB - Khánh Hòa,(KHO) Diên Khánh 2,Hàng Mới Ca 2,2026-08-30 - Chủ Nhật,54,57.41%,50.00%,0.00%,4.07,27,0,31,0,27,23,42.59%,50.00%,54,Khánh Hòa,NTB,AM Phi
NTB - Khánh Hòa,(KHO) Diên Khánh 2,Hàng Mới Ca 2,2026-08-20 - Thứ 5,54,64.81%,53.70%,0.00%,4.24,29,0,35,0,25,19,35.19%,46.30%,54,Khánh Hòa,NTB,AM Phi
NTB - Khánh Hòa,(KHO) Diên Khánh 2,Hàng Mới Ca 2,2026-08-24 - Thứ 2,75,44.00%,40.00%,0.00%,3.27,30,0,33,0,45,42,56.00%,60.00%,75,Khánh Hòa,NTB,AM Phi
NTB - Khánh Hòa,(KHO) Diên Khánh 2,Hàng Mới Ca 2,2026-08-26 - Thứ 4,74,64.86%,45.95%,0.00%,4.32,34,0,48,0,40,26,35.14%,54.05%,74,Khánh Hòa,NTB,AM Phi
NTB - Khánh Hòa,(KHO) Diên Khánh 2,Hàng Mới Ca 2,2026-09-09 - Thứ 4,84,50.00%,41.67%,0.00%,4.74,35,0,42,0,49,42,50.00%,58.33%,84,Khánh Hòa,NTB,AM Phi
NTB - Khánh Hòa,(KHO) Diên Khánh 2,Hàng Mới Ca 2,2026-08-27 - Thứ 5,67,59.70%,55.22%,0.00%,4.3,37,0,40,0,30,27,40.30%,44.78%,67,Khánh Hòa,NTB,AM Phi
NTB - Khánh Hòa,(KHO) Diên Khánh 2,Hàng Mới Ca 2,2026-09-01 - Thứ 3,55,80.00%,69.09%,0.00%,4.24,38,0,44,0,17,11,20.00%,30.91%,55,Khánh Hòa,NTB,AM Phi
NTB - Khánh Hòa,(KHO) Diên Khánh 2,Hàng Mới Ca 2,2026-08-31 - Thứ 2,70,70.00%,61.43%,0.00%,4.23,43,0,49,0,27,21,30.00%,38.57%,70,Khánh Hòa,NTB,AM Phi
NTB - Khánh Hòa,(KHO) Diên Khánh 2,Hàng Mới Ca 2,2026-08-28 - Thứ 6,74,72.97%,64.86%,0.00%,4.33,48,0,54,0,26,20,27.03%,35.14%,74,Khánh Hòa,NTB,AM Phi
NTB - Khánh Hòa,(KHO) Diên Khánh 2,Hàng Tồn,2026-08-19 - Thứ 4,129,99.22%,71.32%,3.10%,35.39,92,4,128,4,33,1,0.78%,25.58%,0,Khánh Hòa,NTB,AM Phi
NTB - Khánh Hòa,(KHO) Diên Khánh 2,Hàng Tồn,2026-09-09 - Thứ 4,167,82.63%,62.28%,1.20%,50.24,104,2,138,2,61,29,17.37%,36.52%,0,Khánh Hòa,NTB,AM Phi
NTB - Khánh Hòa,(KHO) Diên Khánh 2,Hàng Tồn,2026-09-05 - Thứ 7,36,77.78%,33.33%,5.56%,33.25,12,2,28,2,22,8,22.22%,61.11%,0,Khánh Hòa,NTB,AM Phi
NTB - Khánh Hòa,(KHO) Diên Khánh 2,Hàng Tồn,2026-09-02 - Thứ 4,55,87.27%,36.36%,9.09%,31.8,20,5,48,5,30,7,12.73%,54.55%,0,Khánh Hòa,NTB,AM Phi
NTB - Khánh Hòa,(KHO) Diên Khánh 2,Hàng Tồn,2026-09-04 - Thứ 6,42,97.62%,50.00%,4.76%,42,21,2,41,2,19,1,2.38%,45.24%,0,Khánh Hòa,NTB,AM Phi
NTB - Khánh Hòa,(KHO) Diên Khánh 2,Hàng Tồn,2026-08-29 - Thứ 7,61,100.00%,37.70%,3.28%,33.87,23,2,61,2,36,0,0.00%,59.02%,0,Khánh Hòa,NTB,AM Phi
NTB - Khánh Hòa,(KHO) Diên Khánh 2,Hàng Tồn,2026-08-26 - Thứ 4,54,96.30%,55.56%,5.56%,33.43,30,3,52,3,21,2,3.70%,38.88%,0,Khánh Hòa,NTB,AM Phi
NTB - Khánh Hòa,(KHO) Diên Khánh 2,Hàng Tồn,2026-09-01 - Thứ 3,70,98.57%,42.86%,0.00%,37.4,30,0,69,0,40,1,1.43%,57.14%,0,Khánh Hòa,NTB,AM Phi
NTB - Khánh Hòa,(KHO) Diên Khánh 2,Hàng Tồn,2026-08-23 - Chủ Nhật,59,89.83%,52.54%,1.69%,31.06,31,1,53,1,27,6,10.17%,45.77%,0,Khánh Hòa,NTB,AM Phi
NTB - Khánh Hòa,(KHO) Diên Khánh 2,Hàng Tồn,2026-08-21 - Thứ 6,68,98.53%,50.00%,1.47%,33.85,34,1,67,1,33,1,1.47%,48.53%,0,Khánh Hòa,NTB,AM Phi
NTB - Khánh Hòa,(KHO) Diên Khánh 2,Hàng Tồn,2026-08-22 - Thứ 7,64,98.44%,53.13%,3.13%,38.74,34,2,63,2,28,1,1.56%,43.74%,0,Khánh Hòa,NTB,AM Phi
NTB - Khánh Hòa,(KHO) Diên Khánh 2,Hàng Tồn,2026-08-27 - Thứ 5,69,100.00%,52.17%,0.00%,32.92,36,0,69,0,33,0,0.00%,47.83%,0,Khánh Hòa,NTB,AM Phi
NTB - Khánh Hòa,(KHO) Diên Khánh 2,Hàng Tồn,2026-08-28 - Thứ 6,67,100.00%,61.19%,1.49%,33.29,41,1,67,1,25,0,0.00%,37.32%,0,Khánh Hòa,NTB,AM Phi
NTB - Khánh Hòa,(KHO) Diên Khánh 2,Hàng Tồn,2026-08-30 - Chủ Nhật,89,89.89%,47.19%,2.25%,37.98,42,2,80,2,45,9,10.11%,50.56%,0,Khánh Hòa,NTB,AM Phi
NTB - Khánh Hòa,(KHO) Diên Khánh 2,Hàng Tồn,2026-09-03 - Thứ 5,74,100.00%,58.11%,2.70%,38.16,43,2,74,2,29,0,0.00%,39.19%,0,Khánh Hòa,NTB,AM Phi
NTB - Khánh Hòa,(KHO) Diên Khánh 2,Hàng Tồn,2026-08-17 - Thứ 2,100,86.00%,45.00%,3.00%,34.56,45,3,86,3,52,14,14.00%,52.00%,0,Khánh Hòa,NTB,AM Phi
NTB - Khánh Hòa,(KHO) Diên Khánh 2,Hàng Tồn,2026-08-31 - Thứ 2,86,94.19%,52.33%,3.49%,37.42,45,3,81,3,38,5,5.81%,44.18%,0,Khánh Hòa,NTB,AM Phi
NTB - Khánh Hòa,(KHO) Diên Khánh 2,Hàng Tồn,2026-08-24 - Thứ 2,76,98.68%,60.53%,0.00%,33.28,46,0,75,0,30,1,1.32%,39.47%,0,Khánh Hòa,NTB,AM Phi
NTB - Khánh Hòa,(KHO) Diên Khánh 2,Hàng Tồn,2026-08-25 - Thứ 3,77,100.00%,64.94%,0.00%,33.54,50,0,77,0,27,0,0.00%,35.06%,0,Khánh Hòa,NTB,AM Phi
NTB - Khánh Hòa,(KHO) Diên Khánh 2,Hàng Tồn,2026-08-18 - Thứ 3,100,98.00%,50.00%,2.00%,40.72,50,2,98,2,48,2,2.00%,48.00%,0,Khánh Hòa,NTB,AM Phi
NTB - Khánh Hòa,(KHO) Diên Khánh 2,Hàng Tồn,2026-09-07 - Thứ 2,169,78.11%,30.77%,2.37%,38.02,52,4,132,4,113,37,21.89%,66.86%,0,Khánh Hòa,NTB,AM Phi
NTB - Khánh Hòa,(KHO) Diên Khánh 2,Hàng Tồn,2026-09-13 - Chủ Nhật,126,69.84%,46.03%,2.38%,43.41,58,3,88,3,65,38,30.16%,51.59%,0,Khánh Hòa,NTB,AM Phi
NTB - Khánh Hòa,(KHO) Diên Khánh 2,Hàng Tồn,2026-09-06 - Chủ Nhật,117,83.76%,52.99%,0.00%,30.05,62,0,98,0,55,19,16.24%,47.01%,0,Khánh Hòa,NTB,AM Phi
NTB - Khánh Hòa,(KHO) Diên Khánh 2,Hàng Tồn,2026-09-12 - Thứ 7,124,88.71%,50.00%,2.42%,43.4,62,3,110,3,59,14,11.29%,47.58%,0,Khánh Hòa,NTB,AM Phi
NTB - Khánh Hòa,(KHO) Diên Khánh 2,Hàng Tồn,2026-09-10 - Thứ 5,127,80.31%,49.61%,3.94%,45.32,63,5,102,5,59,25,19.69%,46.45%,0,Khánh Hòa,NTB,AM Phi
NTB - Khánh Hòa,(KHO) Diên Khánh 2,Hàng Tồn,2026-09-11 - Thứ 6,142,84.51%,50.00%,3.52%,41,71,5,120,5,66,22,15.49%,46.48%,0,Khánh Hòa,NTB,AM Phi
NTB - Khánh Hòa,(KHO) Diên Khánh 2,Hàng Tồn,2026-09-08 - Thứ 3,176,68.75%,43.18%,1.70%,45.75,76,3,121,3,97,55,31.25%,55.12%,0,Khánh Hòa,NTB,AM Phi
NTB - Khánh Hòa,(KHO) Diên Khánh 2,Hàng Tồn,2026-08-20 - Thứ 5,110,99.09%,69.09%,1.82%,40.3,76,2,109,2,32,1,0.91%,29.09%,0,Khánh Hòa,NTB,AM Phi
NTB - Khánh Hòa,(KHO) Diên Khánh 1,Hàng Mới Ca 1,2026-08-26 - Thứ 4,96,98.96%,85.42%,0.00%,8.05,82,0,95,0,14,1,1.04%,14.58%,96,Khánh Hòa,NTB,AM Phi
NTB - Khánh Hòa,(KHO) Diên Khánh 1,Hàng Mới Ca 1,2026-08-25 - Thứ 3,43,100.00%,60.47%,0.00%,6.58,26,0,43,0,17,0,0.00%,39.53%,43,Khánh Hòa,NTB,AM Phi
NTB - Khánh Hòa,(KHO) Diên Khánh 1,Hàng Mới Ca 1,2026-09-03 - Thứ 5,43,100.00%,74.42%,0.00%,5.5,32,0,43,0,11,0,0.00%,25.58%,43,Khánh Hòa,NTB,AM Phi
NTB - Khánh Hòa,(KHO) Diên Khánh 1,Hàng Mới Ca 1,2026-09-04 - Thứ 6,44,100.00%,75.00%,0.00%,5.94,33,0,44,0,11,0,0.00%,25.00%,44,Khánh Hòa,NTB,AM Phi
NTB - Khánh Hòa,(KHO) Diên Khánh 1,Hàng Mới Ca 1,2026-09-09 - Thứ 4,46,100.00%,76.09%,0.00%,10.83,35,0,46,0,11,0,0.00%,23.91%,46,Khánh Hòa,NTB,AM Phi
NTB - Khánh Hòa,(KHO) Diên Khánh 1,Hàng Mới Ca 1,2026-09-11 - Thứ 6,43,97.67%,83.72%,0.00%,10.69,36,0,42,0,7,1,2.33%,16.28%,43,Khánh Hòa,NTB,AM Phi
NTB - Khánh Hòa,(KHO) Diên Khánh 1,Hàng Mới Ca 1,2026-08-18 - Thứ 3,42,100.00%,90.48%,0.00%,5.58,38,0,42,0,4,0,0.00%,9.52%,42,Khánh Hòa,NTB,AM Phi
NTB - Khánh Hòa,(KHO) Diên Khánh 1,Hàng Mới Ca 1,2026-08-24 - Thứ 2,57,100.00%,71.93%,0.00%,12.93,41,0,57,0,16,0,0.00%,28.07%,57,Khánh Hòa,NTB,AM Phi
NTB - Khánh Hòa,(KHO) Diên Khánh 1,Hàng Mới Ca 1,2026-08-30 - Chủ Nhật,60,98.33%,70.00%,0.00%,8.26,42,0,59,0,18,1,1.67%,30.00%,60,Khánh Hòa,NTB,AM Phi
NTB - Khánh Hòa,(KHO) Diên Khánh 1,Hàng Mới Ca 1,2026-09-02 - Thứ 4,55,98.18%,78.18%,0.00%,9.26,43,0,54,0,12,1,1.82%,21.82%,55,Khánh Hòa,NTB,AM Phi
NTB - Khánh Hòa,(KHO) Diên Khánh 1,Hàng Mới Ca 1,2026-08-17 - Thứ 2,51,100.00%,88.24%,0.00%,8.91,45,0,51,0,6,0,0.00%,11.76%,51,Khánh Hòa,NTB,AM Phi
NTB - Khánh Hòa,(KHO) Diên Khánh 1,Hàng Mới Ca 1,2026-09-07 - Thứ 2,54,90.74%,83.33%,0.00%,7.67,45,0,49,0,9,5,9.26%,16.67%,54,Khánh Hòa,NTB,AM Phi
NTB - Khánh Hòa,(KHO) Diên Khánh 1,Hàng Mới Ca 1,2026-09-01 - Thứ 3,56,100.00%,80.36%,0.00%,14.07,45,0,56,0,11,0,0.00%,19.64%,56,Khánh Hòa,NTB,AM Phi
NTB - Khánh Hòa,(KHO) Diên Khánh 1,Hàng Mới Ca 1,2026-08-23 - Chủ Nhật,64,100.00%,71.88%,0.00%,10.72,46,0,64,0,18,0,0.00%,28.12%,64,Khánh Hòa,NTB,AM Phi
NTB - Khánh Hòa,(KHO) Diên Khánh 1,Hàng Mới Ca 1,2026-09-08 - Thứ 3,49,100.00%,97.96%,0.00%,6.46,48,0,49,0,1,0,0.00%,2.04%,49,Khánh Hòa,NTB,AM Phi
NTB - Khánh Hòa,(KHO) Diên Khánh 1,Hàng Mới Ca 1,2026-09-12 - Thứ 7,54,100.00%,88.89%,0.00%,10.85,48,0,54,0,6,0,0.00%,11.11%,54,Khánh Hòa,NTB,AM Phi
NTB - Khánh Hòa,(KHO) Diên Khánh 1,Hàng Mới Ca 1,2026-09-05 - Thứ 7,59,100.00%,84.75%,0.00%,10.8,50,0,59,0,9,0,0.00%,15.25%,59,Khánh Hòa,NTB,AM Phi
NTB - Khánh Hòa,(KHO) Diên Khánh 1,Hàng Mới Ca 1,2026-08-22 - Thứ 7,58,100.00%,87.93%,0.00%,10.39,51,0,58,0,7,0,0.00%,12.07%,58,Khánh Hòa,NTB,AM Phi
NTB - Khánh Hòa,(KHO) Diên Khánh 1,Hàng Mới Ca 1,2026-08-21 - Thứ 6,63,100.00%,82.54%,0.00%,11.06,52,0,63,0,11,0,0.00%,17.46%,63,Khánh Hòa,NTB,AM Phi
NTB - Khánh Hòa,(KHO) Diên Khánh 1,Hàng Mới Ca 1,2026-09-13 - Chủ Nhật,64,100.00%,84.38%,0.00%,12.33,54,0,64,0,10,0,0.00%,15.62%,64,Khánh Hòa,NTB,AM Phi
NTB - Khánh Hòa,(KHO) Diên Khánh 1,Hàng Mới Ca 1,2026-08-20 - Thứ 5,70,100.00%,84.29%,0.00%,5.14,59,0,70,0,11,0,0.00%,15.71%,70,Khánh Hòa,NTB,AM Phi
NTB - Khánh Hòa,(KHO) Diên Khánh 1,Hàng Mới Ca 1,2026-08-19 - Thứ 4,72,98.61%,81.94%,0.00%,6.71,59,0,71,0,13,1,1.39%,18.06%,72,Khánh Hòa,NTB,AM Phi
NTB - Khánh Hòa,(KHO) Diên Khánh 1,Hàng Mới Ca 1,2026-09-06 - Chủ Nhật,76,100.00%,78.95%,0.00%,9.02,60,0,76,0,16,0,0.00%,21.05%,76,Khánh Hòa,NTB,AM Phi
NTB - Khánh Hòa,(KHO) Diên Khánh 1,Hàng Mới Ca 1,2026-09-10 - Thứ 5,74,95.95%,82.43%,0.00%,10.95,61,0,71,0,13,3,4.05%,17.57%,74,Khánh Hòa,NTB,AM Phi
NTB - Khánh Hòa,(KHO) Diên Khánh 1,Hàng Mới Ca 1,2026-08-31 - Thứ 2,90,97.78%,70.00%,0.00%,16.06,63,0,88,0,27,2,2.22%,30.00%,90,Khánh Hòa,NTB,AM Phi
NTB - Khánh Hòa,(KHO) Diên Khánh 1,Hàng Mới Ca 1,2026-08-29 - Thứ 7,102,99.02%,67.65%,0.00%,13.74,69,0,101,0,33,1,0.98%,32.35%,102,Khánh Hòa,NTB,AM Phi
NTB - Khánh Hòa,(KHO) Diên Khánh 1,Hàng Mới Ca 1,2026-08-28 - Thứ 6,92,98.91%,79.35%,0.00%,14.29,73,0,91,0,19,1,1.09%,20.65%,92,Khánh Hòa,NTB,AM Phi
NTB - Khánh Hòa,(KHO) Diên Khánh 1,Hàng Mới Ca 1,2026-08-27 - Thứ 5,99,98.99%,77.78%,0.00%,14.78,77,0,98,0,22,1,1.01%,22.22%,99,Khánh Hòa,NTB,AM Phi
NTB - Khánh Hòa,(KHO) Diên Khánh 1,Hàng Mới Ca 2,2026-09-02 - Thứ 4,2,100.00%,50.00%,0.00%,1,1,0,2,0,1,0,0.00%,50.00%,2,Khánh Hòa,NTB,AM Phi
NTB - Khánh Hòa,(KHO) Diên Khánh 1,Hàng Mới Ca 2,2026-08-25 - Thứ 3,4,100.00%,75.00%,0.00%,3.67,3,0,4,0,1,0,0.00%,25.00%,4,Khánh Hòa,NTB,AM Phi
NTB - Khánh Hòa,(KHO) Diên Khánh 1,Hàng Mới Ca 2,2026-09-07 - Thứ 2,5,80.00%,60.00%,0.00%,4.33,3,0,4,0,2,1,20.00%,40.00%,5,Khánh Hòa,NTB,AM Phi
NTB - Khánh Hòa,(KHO) Diên Khánh 1,Hàng Mới Ca 2,2026-08-30 - Chủ Nhật,10,50.00%,40.00%,0.00%,2.5,4,0,5,0,6,5,50.00%,60.00%,10,Khánh Hòa,NTB,AM Phi
NTB - Khánh Hòa,(KHO) Diên Khánh 1,Hàng Mới Ca 2,2026-08-29 - Thứ 7,7,100.00%,71.43%,0.00%,2.8,5,0,7,0,2,0,0.00%,28.57%,7,Khánh Hòa,NTB,AM Phi
NTB - Khánh Hòa,(KHO) Diên Khánh 1,Hàng Mới Ca 2,2026-09-13 - Chủ Nhật,6,83.33%,83.33%,0.00%,2.6,5,0,5,0,1,1,16.67%,16.67%,6,Khánh Hòa,NTB,AM Phi
NTB - Khánh Hòa,(KHO) Diên Khánh 1,Hàng Mới Ca 2,2026-09-03 - Thứ 5,8,100.00%,75.00%,0.00%,2.33,6,0,8,0,2,0,0.00%,25.00%,8,Khánh Hòa,NTB,AM Phi
NTB - Khánh Hòa,(KHO) Diên Khánh 1,Hàng Mới Ca 2,2026-08-26 - Thứ 4,12,100.00%,66.67%,0.00%,4.38,8,0,12,0,4,0,0.00%,33.33%,12,Khánh Hòa,NTB,AM Phi
NTB - Khánh Hòa,(KHO) Diên Khánh 1,Hàng Mới Ca 2,2026-08-20 - Thứ 5,15,100.00%,86.67%,0.00%,2.62,13,0,15,0,2,0,0.00%,13.33%,15,Khánh Hòa,NTB,AM Phi
NTB - Khánh Hòa,(KHO) Diên Khánh 1,Hàng Mới Ca 2,2026-08-22 - Thứ 7,24,100.00%,75.00%,0.00%,3.17,18,0,24,0,6,0,0.00%,25.00%,24,Khánh Hòa,NTB,AM Phi
NTB - Khánh Hòa,(KHO) Diên Khánh 1,Hàng Mới Ca 2,2026-08-19 - Thứ 4,23,100.00%,91.30%,0.00%,2.29,21,0,23,0,2,0,0.00%,8.70%,23,Khánh Hòa,NTB,AM Phi
NTB - Khánh Hòa,(KHO) Diên Khánh 1,Hàng Mới Ca 2,2026-08-17 - Thứ 2,23,100.00%,91.30%,0.00%,3.38,21,0,23,0,2,0,0.00%,8.70%,23,Khánh Hòa,NTB,AM Phi
NTB - Khánh Hòa,(KHO) Diên Khánh 1,Hàng Mới Ca 2,2026-08-21 - Thứ 6,29,100.00%,72.41%,0.00%,2.81,21,0,29,0,8,0,0.00%,27.59%,29,Khánh Hòa,NTB,AM Phi
NTB - Khánh Hòa,(KHO) Diên Khánh 1,Hàng Mới Ca 2,2026-08-23 - Chủ Nhật,44,100.00%,50.00%,0.00%,2.95,22,0,44,0,22,0,0.00%,50.00%,44,Khánh Hòa,NTB,AM Phi
NTB - Khánh Hòa,(KHO) Diên Khánh 1,Hàng Mới Ca 2,2026-09-10 - Thứ 5,30,100.00%,76.67%,0.00%,3.04,23,0,30,0,7,0,0.00%,23.33%,30,Khánh Hòa,NTB,AM Phi
NTB - Khánh Hòa,(KHO) Diên Khánh 1,Hàng Mới Ca 2,2026-08-24 - Thứ 2,29,100.00%,82.76%,0.00%,4,24,0,29,0,5,0,0.00%,17.24%,29,Khánh Hòa,NTB,AM Phi
NTB - Khánh Hòa,(KHO) Diên Khánh 1,Hàng Mới Ca 2,2026-09-06 - Chủ Nhật,33,100.00%,78.79%,0.00%,3.65,26,0,33,0,7,0,0.00%,21.21%,33,Khánh Hòa,NTB,AM Phi
NTB - Khánh Hòa,(KHO) Diên Khánh 1,Hàng Mới Ca 2,2026-09-05 - Thứ 7,31,96.77%,87.10%,0.00%,3.7,27,0,30,0,4,1,3.23%,12.90%,31,Khánh Hòa,NTB,AM Phi
NTB - Khánh Hòa,(KHO) Diên Khánh 1,Hàng Mới Ca 2,2026-09-01 - Thứ 3,35,100.00%,80.00%,0.00%,2.57,28,0,35,0,7,0,0.00%,20.00%,35,Khánh Hòa,NTB,AM Phi
NTB - Khánh Hòa,(KHO) Diên Khánh 1,Hàng Mới Ca 2,2026-09-04 - Thứ 6,37,100.00%,81.08%,0.00%,2.7,30,0,37,0,7,0,0.00%,18.92%,37,Khánh Hòa,NTB,AM Phi
NTB - Khánh Hòa,(KHO) Diên Khánh 1,Hàng Mới Ca 2,2026-09-11 - Thứ 6,33,100.00%,90.91%,0.00%,3.3,30,0,33,0,3,0,0.00%,9.09%,33,Khánh Hòa,NTB,AM Phi
NTB - Khánh Hòa,(KHO) Diên Khánh 1,Hàng Mới Ca 2,2026-09-12 - Thứ 7,41,97.56%,75.61%,2.44%,3.81,31,1,40,1,9,1,2.44%,21.95%,41,Khánh Hòa,NTB,AM Phi
NTB - Khánh Hòa,(KHO) Diên Khánh 1,Hàng Mới Ca 2,2026-09-09 - Thứ 4,41,100.00%,80.49%,0.00%,2.64,33,0,41,0,8,0,0.00%,19.51%,41,Khánh Hòa,NTB,AM Phi
NTB - Khánh Hòa,(KHO) Diên Khánh 1,Hàng Mới Ca 2,2026-08-18 - Thứ 3,53,98.11%,83.02%,0.00%,3.23,44,0,52,0,9,1,1.89%,16.98%,53,Khánh Hòa,NTB,AM Phi
NTB - Khánh Hòa,(KHO) Diên Khánh 1,Hàng Mới Ca 2,2026-09-08 - Thứ 3,50,98.00%,90.00%,0.00%,3.38,45,0,49,0,5,1,2.00%,10.00%,50,Khánh Hòa,NTB,AM Phi
NTB - Khánh Hòa,(KHO) Diên Khánh 1,Hàng Tồn,2026-08-23 - Chủ Nhật,31,96.77%,6.45%,9.68%,24,2,3,30,3,26,1,3.23%,83.87%,0,Khánh Hòa,NTB,AM Phi
NTB - Khánh Hòa,(KHO) Diên Khánh 1,Hàng Tồn,2026-08-20 - Thứ 5,27,96.30%,18.52%,3.70%,55,5,1,26,1,21,1,3.70%,77.78%,0,Khánh Hòa,NTB,AM Phi
NTB - Khánh Hòa,(KHO) Diên Khánh 1,Hàng Tồn,2026-08-21 - Thứ 6,31,100.00%,16.13%,6.45%,46.8,5,2,31,2,24,0,0.00%,77.42%,0,Khánh Hòa,NTB,AM Phi
NTB - Khánh Hòa,(KHO) Diên Khánh 1,Hàng Tồn,2026-08-18 - Thứ 3,22,90.91%,22.73%,9.09%,43,5,2,20,2,15,2,9.09%,68.18%,0,Khánh Hòa,NTB,AM Phi
NTB - Khánh Hòa,(KHO) Diên Khánh 1,Hàng Tồn,2026-09-13 - Chủ Nhật,24,45.83%,25.00%,0.00%,33.17,6,0,11,0,18,13,54.17%,75.00%,0,Khánh Hòa,NTB,AM Phi
NTB - Khánh Hòa,(KHO) Diên Khánh 1,Hàng Tồn,2026-08-19 - Thứ 4,28,96.43%,25.00%,21.43%,35.57,7,6,27,6,15,1,3.57%,53.57%,0,Khánh Hòa,NTB,AM Phi
NTB - Khánh Hòa,(KHO) Diên Khánh 1,Hàng Tồn,2026-09-12 - Thứ 7,16,100.00%,43.75%,0.00%,41,7,0,16,0,9,0,0.00%,56.25%,0,Khánh Hòa,NTB,AM Phi
NTB - Khánh Hòa,(KHO) Diên Khánh 1,Hàng Tồn,2026-09-09 - Thứ 4,17,100.00%,41.18%,0.00%,58.14,7,0,17,0,10,0,0.00%,58.82%,0,Khánh Hòa,NTB,AM Phi
NTB - Khánh Hòa,(KHO) Diên Khánh 1,Hàng Tồn,2026-09-06 - Chủ Nhật,24,95.83%,37.50%,0.00%,33.89,9,0,23,0,15,1,4.17%,62.50%,0,Khánh Hòa,NTB,AM Phi
NTB - Khánh Hòa,(KHO) Diên Khánh 1,Hàng Tồn,2026-09-05 - Thứ 7,26,96.15%,34.62%,11.54%,31.56,9,3,25,3,14,1,3.85%,53.84%,0,Khánh Hòa,NTB,AM Phi
NTB - Khánh Hòa,(KHO) Diên Khánh 1,Hàng Tồn,2026-09-10 - Thứ 5,29,100.00%,34.48%,6.90%,34.3,10,2,29,2,17,0,0.00%,58.62%,0,Khánh Hòa,NTB,AM Phi
NTB - Khánh Hòa,(KHO) Diên Khánh 1,Hàng Tồn,2026-08-29 - Thứ 7,35,100.00%,31.43%,5.71%,49.45,11,2,35,2,22,0,0.00%,62.86%,0,Khánh Hòa,NTB,AM Phi
NTB - Khánh Hòa,(KHO) Diên Khánh 1,Hàng Tồn,2026-08-26 - Thứ 4,44,100.00%,25.00%,20.45%,48.73,11,9,44,9,24,0,0.00%,54.55%,0,Khánh Hòa,NTB,AM Phi
NTB - Khánh Hòa,(KHO) Diên Khánh 1,Hàng Tồn,2026-09-08 - Thứ 3,26,80.77%,46.15%,7.69%,50.5,12,2,21,2,12,5,19.23%,46.16%,0,Khánh Hòa,NTB,AM Phi
NTB - Khánh Hòa,(KHO) Diên Khánh 1,Hàng Tồn,2026-08-27 - Thứ 5,36,100.00%,33.33%,11.11%,42.08,12,4,36,4,20,0,0.00%,55.56%,0,Khánh Hòa,NTB,AM Phi
NTB - Khánh Hòa,(KHO) Diên Khánh 1,Hàng Tồn,2026-08-31 - Thứ 2,54,96.30%,22.22%,9.26%,32.75,12,5,52,5,37,2,3.70%,68.52%,0,Khánh Hòa,NTB,AM Phi
NTB - Khánh Hòa,(KHO) Diên Khánh 1,Hàng Tồn,2026-09-04 - Thứ 6,26,92.31%,50.00%,0.00%,47.23,13,0,24,0,13,2,7.69%,50.00%,0,Khánh Hòa,NTB,AM Phi
NTB - Khánh Hòa,(KHO) Diên Khánh 1,Hàng Tồn,2026-09-02 - Thứ 4,36,97.22%,36.11%,22.22%,57,13,8,35,8,15,1,2.78%,41.67%,0,Khánh Hòa,NTB,AM Phi
NTB - Khánh Hòa,(KHO) Diên Khánh 1,Hàng Tồn,2026-09-03 - Thứ 5,29,93.10%,44.83%,0.00%,53.62,13,0,27,0,16,2,6.90%,55.17%,0,Khánh Hòa,NTB,AM Phi
NTB - Khánh Hòa,(KHO) Diên Khánh 1,Hàng Tồn,2026-08-22 - Thứ 7,37,100.00%,35.14%,8.11%,37,13,3,37,3,21,0,0.00%,56.75%,0,Khánh Hòa,NTB,AM Phi
NTB - Khánh Hòa,(KHO) Diên Khánh 1,Hàng Tồn,2026-08-30 - Chủ Nhật,54,98.15%,27.78%,3.70%,41.53,15,2,53,2,37,1,1.85%,68.52%,0,Khánh Hòa,NTB,AM Phi
NTB - Khánh Hòa,(KHO) Diên Khánh 1,Hàng Tồn,2026-08-17 - Thứ 2,36,97.22%,47.22%,8.33%,38.29,17,3,35,3,16,1,2.78%,44.45%,0,Khánh Hòa,NTB,AM Phi
NTB - Khánh Hòa,(KHO) Diên Khánh 1,Hàng Tồn,2026-08-25 - Thứ 3,49,100.00%,34.69%,4.08%,39.71,17,2,49,2,30,0,0.00%,61.23%,0,Khánh Hòa,NTB,AM Phi
NTB - Khánh Hòa,(KHO) Diên Khánh 1,Hàng Tồn,2026-08-28 - Thứ 6,38,100.00%,44.74%,10.53%,41.53,17,4,38,4,17,0,0.00%,44.73%,0,Khánh Hòa,NTB,AM Phi
NTB - Khánh Hòa,(KHO) Diên Khánh 1,Hàng Tồn,2026-09-11 - Thứ 6,33,100.00%,54.55%,15.15%,35.67,18,5,33,5,10,0,0.00%,30.30%,0,Khánh Hòa,NTB,AM Phi
NTB - Khánh Hòa,(KHO) Diên Khánh 1,Hàng Tồn,2026-09-07 - Thứ 2,39,92.31%,56.41%,0.00%,56.09,22,0,36,0,17,3,7.69%,43.59%,0,Khánh Hòa,NTB,AM Phi
NTB - Khánh Hòa,(KHO) Diên Khánh 1,Hàng Tồn,2026-08-24 - Thứ 2,65,100.00%,43.08%,9.23%,33.82,28,6,65,6,31,0,0.00%,47.69%,0,Khánh Hòa,NTB,AM Phi
NTB - Khánh Hòa,(KHO) Diên Khánh 1,Hàng Tồn,2026-09-01 - Thứ 3,56,98.21%,62.50%,1.79%,48.74,35,1,55,1,20,1,1.79%,35.71%,0,Khánh Hòa,NTB,AM Phi
NTB - Khánh Hòa,(KHO) Cam Lâm 2,Hàng Mới Ca 1,2026-08-20 - Thứ 5,145,100.00%,82.76%,0.00%,11.88,120,0,145,0,25,0,0.00%,17.24%,145,Khánh Hòa,NTB,AM Long
NTB - Khánh Hòa,(KHO) Cam Lâm 2,Hàng Mới Ca 1,2026-08-30 - Chủ Nhật,138,100.00%,78.26%,0.00%,9.25,108,0,138,0,30,0,0.00%,21.74%,138,Khánh Hòa,NTB,AM Long
NTB - Khánh Hòa,(KHO) Cam Lâm 2,Hàng Mới Ca 1,2026-09-06 - Chủ Nhật,112,99.11%,71.43%,0.00%,6.8,80,0,111,0,32,1,0.89%,28.57%,112,Khánh Hòa,NTB,AM Long
NTB - Khánh Hòa,(KHO) Cam Lâm 2,Hàng Mới Ca 1,2026-08-19 - Thứ 4,198,99.49%,84.34%,0.00%,10.34,167,0,197,0,31,1,0.51%,15.66%,198,Khánh Hòa,NTB,AM Long
NTB - Khánh Hòa,(KHO) Cam Lâm 2,Hàng Mới Ca 1,2026-08-29 - Thứ 7,149,99.33%,85.91%,0.00%,12.49,128,0,148,0,21,1,0.67%,14.09%,149,Khánh Hòa,NTB,AM Long
NTB - Khánh Hòa,(KHO) Cam Lâm 2,Hàng Mới Ca 1,2026-08-17 - Thứ 2,125,100.00%,92.80%,0.00%,10.84,116,0,125,0,9,0,0.00%,7.20%,125,Khánh Hòa,NTB,AM Long
NTB - Khánh Hòa,(KHO) Cam Lâm 2,Hàng Mới Ca 1,2026-08-27 - Thứ 5,155,99.35%,83.23%,0.00%,12.83,129,0,154,0,26,1,0.65%,16.77%,155,Khánh Hòa,NTB,AM Long
NTB - Khánh Hòa,(KHO) Cam Lâm 2,Hàng Mới Ca 1,2026-09-02 - Thứ 4,133,97.74%,76.69%,0.00%,11.3,102,0,130,0,31,3,2.26%,23.31%,133,Khánh Hòa,NTB,AM Long
NTB - Khánh Hòa,(KHO) Cam Lâm 2,Hàng Mới Ca 1,2026-08-25 - Thứ 3,130,99.23%,83.85%,0.00%,13.62,109,0,129,0,21,1,0.77%,16.15%,130,Khánh Hòa,NTB,AM Long
NTB - Khánh Hòa,(KHO) Cam Lâm 2,Hàng Mới Ca 1,2026-09-10 - Thứ 5,116,99.14%,87.07%,0.00%,5.75,101,0,115,0,15,1,0.86%,12.93%,116,Khánh Hòa,NTB,AM Long
NTB - Khánh Hòa,(KHO) Cam Lâm 2,Hàng Mới Ca 1,2026-08-23 - Chủ Nhật,157,100.00%,83.44%,0.00%,10.76,131,0,157,0,26,0,0.00%,16.56%,157,Khánh Hòa,NTB,AM Long
NTB - Khánh Hòa,(KHO) Cam Lâm 2,Hàng Mới Ca 1,2026-08-31 - Thứ 2,139,98.56%,74.82%,0.00%,11.15,104,0,137,0,35,2,1.44%,25.18%,139,Khánh Hòa,NTB,AM Long
NTB - Khánh Hòa,(KHO) Cam Lâm 2,Hàng Mới Ca 1,2026-08-21 - Thứ 6,123,100.00%,83.74%,0.00%,10.18,103,0,123,0,20,0,0.00%,16.26%,123,Khánh Hòa,NTB,AM Long
NTB - Khánh Hòa,(KHO) Cam Lâm 2,Hàng Mới Ca 1,2026-09-05 - Thứ 7,108,100.00%,87.04%,0.00%,6.32,94,0,108,0,14,0,0.00%,12.96%,108,Khánh Hòa,NTB,AM Long
NTB - Khánh Hòa,(KHO) Cam Lâm 2,Hàng Mới Ca 1,2026-08-28 - Thứ 6,156,99.36%,85.26%,0.00%,11.85,133,0,155,0,23,1,0.64%,14.74%,156,Khánh Hòa,NTB,AM Long
NTB - Khánh Hòa,(KHO) Cam Lâm 2,Hàng Mới Ca 1,2026-09-03 - Thứ 5,83,100.00%,89.16%,0.00%,12.41,74,0,83,0,9,0,0.00%,10.84%,83,Khánh Hòa,NTB,AM Long
NTB - Khánh Hòa,(KHO) Cam Lâm 2,Hàng Mới Ca 1,2026-08-26 - Thứ 4,174,100.00%,87.93%,0.00%,11.31,153,0,174,0,21,0,0.00%,12.07%,174,Khánh Hòa,NTB,AM Long
NTB - Khánh Hòa,(KHO) Cam Lâm 2,Hàng Mới Ca 1,2026-09-13 - Chủ Nhật,95,98.95%,82.11%,0.00%,6.72,78,0,94,0,17,1,1.05%,17.89%,95,Khánh Hòa,NTB,AM Long
NTB - Khánh Hòa,(KHO) Cam Lâm 2,Hàng Mới Ca 1,2026-08-24 - Thứ 2,124,100.00%,86.29%,0.00%,11.07,107,0,124,0,17,0,0.00%,13.71%,124,Khánh Hòa,NTB,AM Long
NTB - Khánh Hòa,(KHO) Cam Lâm 2,Hàng Mới Ca 1,2026-08-22 - Thứ 7,173,98.27%,83.82%,0.00%,12.59,145,0,170,0,28,3,1.73%,16.18%,173,Khánh Hòa,NTB,AM Long
NTB - Khánh Hòa,(KHO) Cam Lâm 2,Hàng Mới Ca 1,2026-09-04 - Thứ 6,56,100.00%,91.07%,0.00%,7.41,51,0,56,0,5,0,0.00%,8.93%,56,Khánh Hòa,NTB,AM Long
NTB - Khánh Hòa,(KHO) Cam Lâm 2,Hàng Mới Ca 1,2026-09-09 - Thứ 4,72,100.00%,87.50%,0.00%,6.14,63,0,72,0,9,0,0.00%,12.50%,72,Khánh Hòa,NTB,AM Long
NTB - Khánh Hòa,(KHO) Cam Lâm 2,Hàng Mới Ca 1,2026-09-08 - Thứ 3,76,100.00%,84.21%,0.00%,6.28,64,0,76,0,12,0,0.00%,15.79%,76,Khánh Hòa,NTB,AM Long
NTB - Khánh Hòa,(KHO) Cam Lâm 2,Hàng Mới Ca 1,2026-08-18 - Thứ 3,79,98.73%,81.01%,0.00%,10.88,64,0,78,0,15,1,1.27%,18.99%,79,Khánh Hòa,NTB,AM Long
NTB - Khánh Hòa,(KHO) Cam Lâm 2,Hàng Mới Ca 1,2026-09-07 - Thứ 2,78,100.00%,83.33%,0.00%,7.18,65,0,78,0,13,0,0.00%,16.67%,78,Khánh Hòa,NTB,AM Long
NTB - Khánh Hòa,(KHO) Cam Lâm 2,Hàng Mới Ca 1,2026-09-12 - Thứ 7,98,100.00%,70.41%,0.00%,7,69,0,98,0,29,0,0.00%,29.59%,98,Khánh Hòa,NTB,AM Long
NTB - Khánh Hòa,(KHO) Cam Lâm 2,Hàng Mới Ca 1,2026-09-11 - Thứ 6,84,100.00%,91.67%,0.00%,5.71,77,0,84,0,7,0,0.00%,8.33%,84,Khánh Hòa,NTB,AM Long
NTB - Khánh Hòa,(KHO) Cam Lâm 2,Hàng Mới Ca 1,2026-09-01 - Thứ 3,101,99.01%,84.16%,0.00%,12.49,85,0,100,0,16,1,0.99%,15.84%,101,Khánh Hòa,NTB,AM Long
NTB - Khánh Hòa,(KHO) Cam Lâm 2,Hàng Mới Ca 2,2026-08-26 - Thứ 4,1,100.00%,100.00%,0.00%,7,1,0,1,0,0,0,0.00%,0.00%,1,Khánh Hòa,NTB,AM Long
NTB - Khánh Hòa,(KHO) Cam Lâm 2,Hàng Mới Ca 2,2026-08-27 - Thứ 5,1,100.00%,100.00%,0.00%,0,1,0,1,0,0,0,0.00%,0.00%,1,Khánh Hòa,NTB,AM Long
NTB - Khánh Hòa,(KHO) Cam Lâm 2,Hàng Mới Ca 2,2026-09-07 - Thứ 2,28,32.14%,25.00%,0.00%,3.86,7,0,9,0,21,19,67.86%,75.00%,28,Khánh Hòa,NTB,AM Long
NTB - Khánh Hòa,(KHO) Cam Lâm 2,Hàng Mới Ca 2,2026-09-13 - Chủ Nhật,31,51.61%,45.16%,0.00%,3,14,0,16,0,17,15,48.39%,54.84%,31,Khánh Hòa,NTB,AM Long
NTB - Khánh Hòa,(KHO) Cam Lâm 2,Hàng Mới Ca 2,2026-09-06 - Chủ Nhật,64,26.56%,23.44%,0.00%,3,15,0,17,0,49,47,73.44%,76.56%,64,Khánh Hòa,NTB,AM Long
NTB - Khánh Hòa,(KHO) Cam Lâm 2,Hàng Mới Ca 2,2026-09-10 - Thứ 5,31,61.29%,54.84%,0.00%,2.94,17,0,19,0,14,12,38.71%,45.16%,31,Khánh Hòa,NTB,AM Long
NTB - Khánh Hòa,(KHO) Cam Lâm 2,Hàng Mới Ca 2,2026-09-12 - Thứ 7,61,57.38%,34.43%,0.00%,3.43,21,0,35,0,40,26,42.62%,65.57%,61,Khánh Hòa,NTB,AM Long
NTB - Khánh Hòa,(KHO) Cam Lâm 2,Hàng Mới Ca 2,2026-09-11 - Thứ 6,35,71.43%,62.86%,0.00%,3.14,22,0,25,0,13,10,28.57%,37.14%,35,Khánh Hòa,NTB,AM Long
NTB - Khánh Hòa,(KHO) Cam Lâm 2,Hàng Mới Ca 2,2026-09-04 - Thứ 6,37,83.78%,70.27%,0.00%,3.23,26,0,31,0,11,6,16.22%,29.73%,37,Khánh Hòa,NTB,AM Long
NTB - Khánh Hòa,(KHO) Cam Lâm 2,Hàng Mới Ca 2,2026-09-05 - Thứ 7,71,74.65%,60.56%,0.00%,3.47,43,0,53,0,28,18,25.35%,39.44%,71,Khánh Hòa,NTB,AM Long
NTB - Khánh Hòa,(KHO) Cam Lâm 2,Hàng Mới Ca 2,2026-09-09 - Thứ 4,70,75.71%,64.29%,0.00%,3.6,45,0,53,0,25,17,24.29%,35.71%,70,Khánh Hòa,NTB,AM Long
NTB - Khánh Hòa,(KHO) Cam Lâm 2,Hàng Mới Ca 2,2026-09-08 - Thứ 3,69,85.51%,78.26%,0.00%,3.39,54,0,59,0,15,10,14.49%,21.74%,69,Khánh Hòa,NTB,AM Long
NTB - Khánh Hòa,(KHO) Cam Lâm 2,Hàng Tồn,2026-08-30 - Chủ Nhật,38,100.00%,18.42%,18.42%,41.29,7,7,38,7,24,0,0.00%,63.16%,0,Khánh Hòa,NTB,AM Long
NTB - Khánh Hòa,(KHO) Cam Lâm 2,Hàng Tồn,2026-08-19 - Thứ 4,32,100.00%,21.88%,12.50%,62.86,7,4,32,4,21,0,0.00%,65.62%,0,Khánh Hòa,NTB,AM Long
NTB - Khánh Hòa,(KHO) Cam Lâm 2,Hàng Tồn,2026-08-18 - Thứ 3,30,100.00%,26.67%,3.33%,52.13,8,1,30,1,21,0,0.00%,70.00%,0,Khánh Hòa,NTB,AM Long
NTB - Khánh Hòa,(KHO) Cam Lâm 2,Hàng Tồn,2026-09-02 - Thứ 4,42,97.62%,23.81%,9.52%,59.2,10,4,41,4,28,1,2.38%,66.67%,0,Khánh Hòa,NTB,AM Long
NTB - Khánh Hòa,(KHO) Cam Lâm 2,Hàng Tồn,2026-08-25 - Thứ 3,46,97.83%,23.91%,6.52%,70.45,11,3,45,3,32,1,2.17%,69.57%,0,Khánh Hòa,NTB,AM Long
NTB - Khánh Hòa,(KHO) Cam Lâm 2,Hàng Tồn,2026-08-27 - Thứ 5,45,100.00%,26.67%,4.44%,54.08,12,2,45,2,31,0,0.00%,68.89%,0,Khánh Hòa,NTB,AM Long
NTB - Khánh Hòa,(KHO) Cam Lâm 2,Hàng Tồn,2026-09-05 - Thứ 7,27,100.00%,48.15%,3.70%,34.46,13,1,27,1,13,0,0.00%,48.15%,0,Khánh Hòa,NTB,AM Long
NTB - Khánh Hòa,(KHO) Cam Lâm 2,Hàng Tồn,2026-09-04 - Thứ 6,30,100.00%,46.67%,10.00%,54.43,14,3,30,3,13,0,0.00%,43.33%,0,Khánh Hòa,NTB,AM Long
NTB - Khánh Hòa,(KHO) Cam Lâm 2,Hàng Tồn,2026-09-12 - Thứ 7,35,97.14%,40.00%,5.71%,39.79,14,2,34,2,19,1,2.86%,54.29%,0,Khánh Hòa,NTB,AM Long
NTB - Khánh Hòa,(KHO) Cam Lâm 2,Hàng Tồn,2026-08-23 - Chủ Nhật,52,100.00%,26.92%,15.38%,42.79,14,8,52,8,30,0,0.00%,57.70%,0,Khánh Hòa,NTB,AM Long
NTB - Khánh Hòa,(KHO) Cam Lâm 2,Hàng Tồn,2026-08-26 - Thứ 4,49,97.96%,28.57%,12.24%,53.93,14,6,48,6,29,1,2.04%,59.19%,0,Khánh Hòa,NTB,AM Long
NTB - Khánh Hòa,(KHO) Cam Lâm 2,Hàng Tồn,2026-08-20 - Thứ 5,51,100.00%,29.41%,13.73%,32.4,15,7,51,7,29,0,0.00%,56.86%,0,Khánh Hòa,NTB,AM Long
NTB - Khánh Hòa,(KHO) Cam Lâm 2,Hàng Tồn,2026-08-22 - Thứ 7,45,100.00%,33.33%,6.67%,46.2,15,3,45,3,27,0,0.00%,60.00%,0,Khánh Hòa,NTB,AM Long
NTB - Khánh Hòa,(KHO) Cam Lâm 2,Hàng Tồn,2026-08-28 - Thứ 6,56,98.21%,28.57%,14.29%,46.19,16,8,55,8,32,1,1.79%,57.14%,0,Khánh Hòa,NTB,AM Long
NTB - Khánh Hòa,(KHO) Cam Lâm 2,Hàng Tồn,2026-08-17 - Thứ 2,48,100.00%,37.50%,14.58%,42.11,18,7,48,7,23,0,0.00%,47.92%,0,Khánh Hòa,NTB,AM Long
NTB - Khánh Hòa,(KHO) Cam Lâm 2,Hàng Tồn,2026-09-09 - Thứ 4,42,100.00%,45.24%,2.38%,34.89,19,1,42,1,22,0,0.00%,52.38%,0,Khánh Hòa,NTB,AM Long
NTB - Khánh Hòa,(KHO) Cam Lâm 2,Hàng Tồn,2026-08-31 - Thứ 2,53,100.00%,35.85%,1.89%,48.95,19,1,53,1,33,0,0.00%,62.26%,0,Khánh Hòa,NTB,AM Long
NTB - Khánh Hòa,(KHO) Cam Lâm 2,Hàng Tồn,2026-08-24 - Thứ 2,53,100.00%,35.85%,7.55%,43.16,19,4,53,4,30,0,0.00%,56.60%,0,Khánh Hòa,NTB,AM Long
NTB - Khánh Hòa,(KHO) Cam Lâm 2,Hàng Tồn,2026-09-03 - Thứ 5,55,98.18%,40.00%,12.73%,37.14,22,7,54,7,26,1,1.82%,47.27%,0,Khánh Hòa,NTB,AM Long
NTB - Khánh Hòa,(KHO) Cam Lâm 2,Hàng Tồn,2026-09-10 - Thứ 5,52,98.08%,44.23%,3.85%,32.22,23,2,51,2,27,1,1.92%,51.92%,0,Khánh Hòa,NTB,AM Long
NTB - Khánh Hòa,(KHO) Cam Lâm 2,Hàng Tồn,2026-08-21 - Thứ 6,52,100.00%,46.15%,5.77%,43.13,24,3,52,3,25,0,0.00%,48.08%,0,Khánh Hòa,NTB,AM Long
NTB - Khánh Hòa,(KHO) Cam Lâm 2,Hàng Tồn,2026-09-06 - Chủ Nhật,53,100.00%,49.06%,7.55%,27.19,26,4,53,4,23,0,0.00%,43.39%,0,Khánh Hòa,NTB,AM Long
NTB - Khánh Hòa,(KHO) Cam Lâm 2,Hàng Tồn,2026-08-29 - Thứ 7,51,96.08%,50.98%,5.88%,48.08,26,3,49,3,22,2,3.92%,43.14%,0,Khánh Hòa,NTB,AM Long
NTB - Khánh Hòa,(KHO) Cam Lâm 2,Hàng Tồn,2026-09-11 - Thứ 6,52,100.00%,61.54%,3.85%,34.84,32,2,52,2,18,0,0.00%,34.61%,0,Khánh Hòa,NTB,AM Long
NTB - Khánh Hòa,(KHO) Cam Lâm 2,Hàng Tồn,2026-09-01 - Thứ 3,65,98.46%,49.23%,4.62%,46.75,32,3,64,3,30,1,1.54%,46.15%,0,Khánh Hòa,NTB,AM Long
NTB - Khánh Hòa,(KHO) Cam Lâm 2,Hàng Tồn,2026-09-08 - Thứ 3,64,100.00%,64.06%,0.00%,36.27,41,0,64,0,23,0,0.00%,35.94%,0,Khánh Hòa,NTB,AM Long
NTB - Khánh Hòa,(KHO) Cam Lâm 2,Hàng Tồn,2026-09-13 - Chủ Nhật,86,98.84%,73.26%,3.49%,30.16,63,3,85,3,20,1,1.16%,23.25%,0,Khánh Hòa,NTB,AM Long
NTB - Khánh Hòa,(KHO) Cam Lâm 2,Hàng Tồn,2026-09-07 - Thứ 2,102,100.00%,63.73%,2.94%,28.72,65,3,102,3,34,0,0.00%,33.33%,0,Khánh Hòa,NTB,AM Long
NTB - Khánh Hòa,(KHO) Cam Lâm 1,Hàng Mới Ca 1,2026-08-20 - Thứ 5,117,93.16%,82.05%,0.00%,8.14,96,0,109,0,21,8,6.84%,17.95%,117,Khánh Hòa,NTB,AM Phi
NTB - Khánh Hòa,(KHO) Cam Lâm 1,Hàng Mới Ca 1,2026-08-19 - Thứ 4,125,80.80%,74.40%,0.00%,14,93,0,101,0,32,24,19.20%,25.60%,125,Khánh Hòa,NTB,AM Phi
NTB - Khánh Hòa,(KHO) Cam Lâm 1,Hàng Mới Ca 1,2026-08-31 - Thứ 2,93,98.92%,86.02%,0.00%,8.26,80,0,92,0,13,1,1.08%,13.98%,93,Khánh Hòa,NTB,AM Phi
NTB - Khánh Hòa,(KHO) Cam Lâm 1,Hàng Mới Ca 1,2026-09-03 - Thứ 5,49,59.18%,51.02%,0.00%,6.16,25,0,29,0,24,20,40.82%,48.98%,49,Khánh Hòa,NTB,AM Phi
NTB - Khánh Hòa,(KHO) Cam Lâm 1,Hàng Mới Ca 1,2026-09-04 - Thứ 6,45,82.22%,60.00%,0.00%,7.15,27,0,37,0,18,8,17.78%,40.00%,45,Khánh Hòa,NTB,AM Phi
NTB - Khánh Hòa,(KHO) Cam Lâm 1,Hàng Mới Ca 1,2026-08-30 - Chủ Nhật,67,47.76%,43.28%,0.00%,5.28,29,0,32,0,38,35,52.24%,56.72%,67,Khánh Hòa,NTB,AM Phi
NTB - Khánh Hòa,(KHO) Cam Lâm 1,Hàng Mới Ca 1,2026-09-08 - Thứ 3,78,64.10%,48.72%,0.00%,7.66,38,0,50,0,40,28,35.90%,51.28%,78,Khánh Hòa,NTB,AM Phi
NTB - Khánh Hòa,(KHO) Cam Lâm 1,Hàng Mới Ca 1,2026-08-24 - Thứ 2,66,72.73%,59.09%,0.00%,7.82,39,0,48,0,27,18,27.27%,40.91%,66,Khánh Hòa,NTB,AM Phi
NTB - Khánh Hòa,(KHO) Cam Lâm 1,Hàng Mới Ca 1,2026-09-01 - Thứ 3,78,66.67%,53.85%,0.00%,6.02,42,0,52,0,36,26,33.33%,46.15%,78,Khánh Hòa,NTB,AM Phi
NTB - Khánh Hòa,(KHO) Cam Lâm 1,Hàng Mới Ca 1,2026-09-05 - Thứ 7,90,64.44%,51.11%,0.00%,17.04,46,0,58,0,44,32,35.56%,48.89%,90,Khánh Hòa,NTB,AM Phi
NTB - Khánh Hòa,(KHO) Cam Lâm 1,Hàng Mới Ca 1,2026-08-21 - Thứ 6,69,76.81%,68.12%,0.00%,6.53,47,0,53,0,22,16,23.19%,31.88%,69,Khánh Hòa,NTB,AM Phi
NTB - Khánh Hòa,(KHO) Cam Lâm 1,Hàng Mới Ca 1,2026-08-18 - Thứ 3,70,87.14%,71.43%,0.00%,7.48,50,0,61,0,20,9,12.86%,28.57%,70,Khánh Hòa,NTB,AM Phi
NTB - Khánh Hòa,(KHO) Cam Lâm 1,Hàng Mới Ca 1,2026-09-11 - Thứ 6,70,82.86%,72.86%,0.00%,8.47,51,0,58,0,19,12,17.14%,27.14%,70,Khánh Hòa,NTB,AM Phi
NTB - Khánh Hòa,(KHO) Cam Lâm 1,Hàng Mới Ca 1,2026-09-02 - Thứ 4,88,70.45%,61.36%,0.00%,7.48,54,0,62,0,34,26,29.55%,38.64%,88,Khánh Hòa,NTB,AM Phi
NTB - Khánh Hòa,(KHO) Cam Lâm 1,Hàng Mới Ca 1,2026-09-09 - Thứ 4,90,72.22%,60.00%,0.00%,9.44,54,0,65,0,36,25,27.78%,40.00%,90,Khánh Hòa,NTB,AM Phi
NTB - Khánh Hòa,(KHO) Cam Lâm 1,Hàng Mới Ca 1,2026-09-07 - Thứ 2,87,78.16%,65.52%,0.00%,8.74,57,0,68,0,30,19,21.84%,34.48%,87,Khánh Hòa,NTB,AM Phi
NTB - Khánh Hòa,(KHO) Cam Lâm 1,Hàng Mới Ca 1,2026-08-29 - Thứ 7,92,92.39%,64.13%,0.00%,7.61,59,0,85,0,33,7,7.61%,35.87%,92,Khánh Hòa,NTB,AM Phi
NTB - Khánh Hòa,(KHO) Cam Lâm 1,Hàng Mới Ca 1,2026-09-06 - Chủ Nhật,127,52.76%,47.24%,0.00%,8.13,60,0,67,0,67,60,47.24%,52.76%,127,Khánh Hòa,NTB,AM Phi
NTB - Khánh Hòa,(KHO) Cam Lâm 1,Hàng Mới Ca 1,2026-08-23 - Chủ Nhật,85,84.71%,71.76%,0.00%,6.79,61,0,72,0,24,13,15.29%,28.24%,85,Khánh Hòa,NTB,AM Phi
NTB - Khánh Hòa,(KHO) Cam Lâm 1,Hàng Mới Ca 1,2026-08-25 - Thứ 3,100,98.00%,64.00%,0.00%,7.98,64,0,98,0,36,2,2.00%,36.00%,100,Khánh Hòa,NTB,AM Phi
NTB - Khánh Hòa,(KHO) Cam Lâm 1,Hàng Mới Ca 1,2026-09-12 - Thứ 7,88,92.05%,75.00%,0.00%,14.09,66,0,81,0,22,7,7.95%,25.00%,88,Khánh Hòa,NTB,AM Phi
NTB - Khánh Hòa,(KHO) Cam Lâm 1,Hàng Mới Ca 1,2026-09-10 - Thứ 5,125,73.60%,55.20%,0.00%,14.97,69,0,92,0,56,33,26.40%,44.80%,125,Khánh Hòa,NTB,AM Phi
NTB - Khánh Hòa,(KHO) Cam Lâm 1,Hàng Mới Ca 1,2026-08-28 - Thứ 6,83,96.39%,85.54%,0.00%,8.63,71,0,80,0,12,3,3.61%,14.46%,83,Khánh Hòa,NTB,AM Phi
NTB - Khánh Hòa,(KHO) Cam Lâm 1,Hàng Mới Ca 1,2026-08-26 - Thứ 4,97,91.75%,73.20%,0.00%,14.63,71,0,89,0,26,8,8.25%,26.80%,97,Khánh Hòa,NTB,AM Phi
NTB - Khánh Hòa,(KHO) Cam Lâm 1,Hàng Mới Ca 1,2026-09-13 - Chủ Nhật,110,79.09%,66.36%,0.00%,14.63,73,0,87,0,37,23,20.91%,33.64%,110,Khánh Hòa,NTB,AM Phi
NTB - Khánh Hòa,(KHO) Cam Lâm 1,Hàng Mới Ca 1,2026-08-22 - Thứ 7,95,94.74%,78.95%,0.00%,8.29,75,0,90,0,20,5,5.26%,21.05%,95,Khánh Hòa,NTB,AM Phi
NTB - Khánh Hòa,(KHO) Cam Lâm 1,Hàng Mới Ca 1,2026-08-17 - Thứ 2,107,82.24%,71.96%,0.00%,13.17,77,0,88,0,30,19,17.76%,28.04%,107,Khánh Hòa,NTB,AM Phi
NTB - Khánh Hòa,(KHO) Cam Lâm 1,Hàng Mới Ca 1,2026-08-27 - Thứ 5,125,82.40%,68.00%,0.00%,8.96,85,0,103,0,40,22,17.60%,32.00%,125,Khánh Hòa,NTB,AM Phi
NTB - Khánh Hòa,(KHO) Cam Lâm 1,Hàng Mới Ca 2,2026-09-05 - Thứ 7,1,0.00%,0.00%,0.00%,,0,0,0,0,1,1,100.00%,100.00%,1,Khánh Hòa,NTB,AM Phi
NTB - Khánh Hòa,(KHO) Cam Lâm 1,Hàng Tồn,2026-09-03 - Thứ 5,73,20.55%,6.85%,2.74%,34.6,5,2,15,2,66,58,79.45%,90.41%,0,Khánh Hòa,NTB,AM Phi
NTB - Khánh Hòa,(KHO) Cam Lâm 1,Hàng Tồn,2026-08-29 - Thứ 7,29,75.86%,24.14%,3.45%,30.86,7,1,22,1,21,7,24.14%,72.41%,0,Khánh Hòa,NTB,AM Phi
NTB - Khánh Hòa,(KHO) Cam Lâm 1,Hàng Tồn,2026-08-19 - Thứ 4,65,41.54%,13.85%,1.54%,35,9,1,27,1,55,38,58.46%,84.61%,0,Khánh Hòa,NTB,AM Phi
NTB - Khánh Hòa,(KHO) Cam Lâm 1,Hàng Tồn,2026-09-02 - Thứ 4,49,36.73%,20.41%,4.08%,40.3,10,2,18,2,37,31,63.27%,75.51%,0,Khánh Hòa,NTB,AM Phi
NTB - Khánh Hòa,(KHO) Cam Lâm 1,Hàng Tồn,2026-08-17 - Thứ 2,51,54.90%,21.57%,5.88%,52.64,11,3,28,3,37,23,45.10%,72.55%,0,Khánh Hòa,NTB,AM Phi
NTB - Khánh Hòa,(KHO) Cam Lâm 1,Hàng Tồn,2026-09-01 - Thứ 3,27,85.19%,40.74%,7.41%,50.45,11,2,23,2,14,4,14.81%,51.85%,0,Khánh Hòa,NTB,AM Phi
NTB - Khánh Hòa,(KHO) Cam Lâm 1,Hàng Tồn,2026-08-23 - Chủ Nhật,37,91.89%,35.14%,2.70%,39.54,13,1,34,1,23,3,8.11%,62.16%,0,Khánh Hòa,NTB,AM Phi
NTB - Khánh Hòa,(KHO) Cam Lâm 1,Hàng Tồn,2026-08-30 - Chủ Nhật,48,64.58%,29.17%,2.08%,46.14,14,1,31,1,33,17,35.42%,68.75%,0,Khánh Hòa,NTB,AM Phi
NTB - Khánh Hòa,(KHO) Cam Lâm 1,Hàng Tồn,2026-09-05 - Thứ 7,55,56.36%,25.45%,3.64%,58.86,14,2,31,2,39,24,43.64%,70.91%,0,Khánh Hòa,NTB,AM Phi
NTB - Khánh Hòa,(KHO) Cam Lâm 1,Hàng Tồn,2026-08-18 - Thứ 3,64,51.56%,23.44%,4.69%,42.47,15,3,33,3,46,31,48.44%,71.87%,0,Khánh Hòa,NTB,AM Phi
NTB - Khánh Hòa,(KHO) Cam Lâm 1,Hàng Tồn,2026-08-24 - Thứ 2,44,84.09%,36.36%,4.55%,53.69,16,2,37,2,26,7,15.91%,59.09%,0,Khánh Hòa,NTB,AM Phi
NTB - Khánh Hòa,(KHO) Cam Lâm 1,Hàng Tồn,2026-09-13 - Chủ Nhật,39,74.36%,43.59%,2.56%,46.35,17,1,29,1,21,10,25.64%,53.85%,0,Khánh Hòa,NTB,AM Phi
NTB - Khánh Hòa,(KHO) Cam Lâm 1,Hàng Tồn,2026-08-27 - Thứ 5,41,92.68%,46.34%,4.88%,48.74,19,2,38,2,20,3,7.32%,48.78%,0,Khánh Hòa,NTB,AM Phi
NTB - Khánh Hòa,(KHO) Cam Lâm 1,Hàng Tồn,2026-08-21 - Thứ 6,51,68.63%,41.18%,5.88%,65.9,21,3,35,3,27,16,31.37%,52.94%,0,Khánh Hòa,NTB,AM Phi
NTB - Khánh Hòa,(KHO) Cam Lâm 1,Hàng Tồn,2026-08-22 - Thứ 7,48,91.67%,45.83%,2.08%,51.32,22,1,44,1,25,4,8.33%,52.09%,0,Khánh Hòa,NTB,AM Phi
NTB - Khánh Hòa,(KHO) Cam Lâm 1,Hàng Tồn,2026-08-25 - Thứ 3,51,96.08%,45.10%,1.96%,42.09,23,1,49,1,27,2,3.92%,52.94%,0,Khánh Hòa,NTB,AM Phi
NTB - Khánh Hòa,(KHO) Cam Lâm 1,Hàng Tồn,2026-09-12 - Thứ 7,41,80.49%,56.10%,4.88%,47.74,23,2,33,2,16,8,19.51%,39.02%,0,Khánh Hòa,NTB,AM Phi
NTB - Khánh Hòa,(KHO) Cam Lâm 1,Hàng Tồn,2026-09-10 - Thứ 5,50,92.00%,48.00%,0.00%,34.63,24,0,46,0,26,4,8.00%,52.00%,0,Khánh Hòa,NTB,AM Phi
NTB - Khánh Hòa,(KHO) Cam Lâm 1,Hàng Tồn,2026-08-28 - Thứ 6,58,93.10%,55.17%,3.45%,40.81,32,2,54,2,24,4,6.90%,41.38%,0,Khánh Hòa,NTB,AM Phi
NTB - Khánh Hòa,(KHO) Cam Lâm 1,Hàng Tồn,2026-08-26 - Thứ 4,59,100.00%,62.71%,5.08%,38.05,37,3,59,3,19,0,0.00%,32.21%,0,Khánh Hòa,NTB,AM Phi
NTB - Khánh Hòa,(KHO) Cam Lâm 1,Hàng Tồn,2026-09-06 - Chủ Nhật,77,70.13%,50.65%,5.19%,62.15,39,4,54,4,34,23,29.87%,44.16%,0,Khánh Hòa,NTB,AM Phi
NTB - Khánh Hòa,(KHO) Cam Lâm 1,Hàng Tồn,2026-09-08 - Thứ 3,80,96.25%,58.75%,2.50%,51.11,47,2,77,2,31,3,3.75%,38.75%,0,Khánh Hòa,NTB,AM Phi
NTB - Khánh Hòa,(KHO) Cam Lâm 1,Hàng Tồn,2026-09-11 - Thứ 6,80,86.25%,58.75%,1.25%,43.02,47,1,69,1,32,11,13.75%,40.00%,0,Khánh Hòa,NTB,AM Phi
NTB - Khánh Hòa,(KHO) Cam Lâm 1,Hàng Tồn,2026-09-09 - Thứ 4,69,97.10%,69.57%,2.90%,49.35,48,2,67,2,19,2,2.90%,27.53%,0,Khánh Hòa,NTB,AM Phi
NTB - Khánh Hòa,(KHO) Cam Lâm 1,Hàng Tồn,2026-09-04 - Thứ 6,90,72.22%,55.56%,3.33%,69.32,50,3,65,3,37,25,27.78%,41.11%,0,Khánh Hòa,NTB,AM Phi
NTB - Khánh Hòa,(KHO) Cam Lâm 1,Hàng Tồn,2026-08-31 - Thứ 2,71,100.00%,70.42%,0.00%,48.26,50,0,71,0,21,0,0.00%,29.58%,0,Khánh Hòa,NTB,AM Phi
NTB - Khánh Hòa,(KHO) Cam Lâm 1,Hàng Tồn,2026-08-20 - Thứ 5,86,87.21%,59.30%,3.49%,81.06,51,3,75,3,32,11,12.79%,37.21%,0,Khánh Hòa,NTB,AM Phi
NTB - Khánh Hòa,(KHO) Cam Lâm 1,Hàng Tồn,2026-09-07 - Thứ 2,104,72.12%,50.96%,0.00%,47.79,53,0,75,0,51,29,27.88%,49.04%,0,Khánh Hòa,NTB,AM Phi
NTB - Khánh Hòa,(KHO) Cam Linh,Hàng Mới Ca 1,2026-08-20 - Thứ 5,244,80.74%,39.75%,0.00%,16.35,97,0,197,0,147,47,19.26%,60.25%,244,Khánh Hòa,NTB,AM Long
NTB - Khánh Hòa,(KHO) Cam Linh,Hàng Mới Ca 1,2026-08-30 - Chủ Nhật,208,71.15%,49.52%,0.00%,17.24,103,0,148,0,105,60,28.85%,50.48%,208,Khánh Hòa,NTB,AM Long
NTB - Khánh Hòa,(KHO) Cam Linh,Hàng Mới Ca 1,2026-09-06 - Chủ Nhật,230,86.09%,63.48%,0.00%,13.4,146,0,198,0,84,32,13.91%,36.52%,230,Khánh Hòa,NTB,AM Long
NTB - Khánh Hòa,(KHO) Cam Linh,Hàng Mới Ca 1,2026-08-19 - Thứ 4,250,72.80%,44.00%,0.00%,15.94,110,0,182,0,140,68,27.20%,56.00%,250,Khánh Hòa,NTB,AM Long
NTB - Khánh Hòa,(KHO) Cam Linh,Hàng Mới Ca 1,2026-08-29 - Thứ 7,203,68.97%,45.81%,0.00%,19.46,93,0,140,0,110,63,31.03%,54.19%,203,Khánh Hòa,NTB,AM Long
NTB - Khánh Hòa,(KHO) Cam Linh,Hàng Mới Ca 1,2026-08-17 - Thứ 2,189,91.53%,57.14%,0.00%,17.78,108,0,173,0,81,16,8.47%,42.86%,189,Khánh Hòa,NTB,AM Long
NTB - Khánh Hòa,(KHO) Cam Linh,Hàng Mới Ca 1,2026-08-27 - Thứ 5,244,68.44%,49.18%,0.00%,18.78,120,0,167,0,124,77,31.56%,50.82%,244,Khánh Hòa,NTB,AM Long
NTB - Khánh Hòa,(KHO) Cam Linh,Hàng Mới Ca 1,2026-09-02 - Thứ 4,190,97.37%,66.84%,0.00%,16.39,127,0,185,0,63,5,2.63%,33.16%,190,Khánh Hòa,NTB,AM Long
NTB - Khánh Hòa,(KHO) Cam Linh,Hàng Mới Ca 1,2026-08-25 - Thứ 3,216,67.59%,50.46%,0.00%,22.25,109,0,146,0,107,70,32.41%,49.54%,216,Khánh Hòa,NTB,AM Long
NTB - Khánh Hòa,(KHO) Cam Linh,Hàng Mới Ca 1,2026-09-12 - Thứ 7,212,65.09%,47.64%,0.00%,13.97,101,0,138,0,111,74,34.91%,52.36%,212,Khánh Hòa,NTB,AM Long
NTB - Khánh Hòa,(KHO) Cam Linh,Hàng Mới Ca 1,2026-09-09 - Thứ 4,216,87.96%,58.33%,0.00%,16.32,126,0,190,0,90,26,12.04%,41.67%,216,Khánh Hòa,NTB,AM Long
NTB - Khánh Hòa,(KHO) Cam Linh,Hàng Mới Ca 1,2026-09-10 - Thứ 5,250,84.80%,44.80%,0.00%,13.8,112,0,212,0,138,38,15.20%,55.20%,250,Khánh Hòa,NTB,AM Long
NTB - Khánh Hòa,(KHO) Cam Linh,Hàng Mới Ca 1,2026-08-23 - Chủ Nhật,222,46.40%,33.33%,0.00%,17.31,74,0,103,0,148,119,53.60%,66.67%,222,Khánh Hòa,NTB,AM Long
NTB - Khánh Hòa,(KHO) Cam Linh,Hàng Mới Ca 1,2026-08-31 - Thứ 2,194,83.51%,60.82%,0.00%,17.88,118,0,162,0,76,32,16.49%,39.18%,194,Khánh Hòa,NTB,AM Long
NTB - Khánh Hòa,(KHO) Cam Linh,Hàng Mới Ca 1,2026-08-21 - Thứ 6,230,78.70%,48.70%,0.00%,21.16,112,0,181,0,118,49,21.30%,51.30%,230,Khánh Hòa,NTB,AM Long
NTB - Khánh Hòa,(KHO) Cam Linh,Hàng Mới Ca 1,2026-08-18 - Thứ 3,147,95.92%,54.42%,0.00%,17.73,80,0,141,0,67,6,4.08%,45.58%,147,Khánh Hòa,NTB,AM Long
NTB - Khánh Hòa,(KHO) Cam Linh,Hàng Mới Ca 1,2026-09-05 - Thứ 7,181,100.00%,73.48%,0.00%,14.47,133,0,181,0,48,0,0.00%,26.52%,181,Khánh Hòa,NTB,AM Long
NTB - Khánh Hòa,(KHO) Cam Linh,Hàng Mới Ca 1,2026-08-28 - Thứ 6,267,69.29%,44.19%,0.00%,16.06,118,0,185,0,149,82,30.71%,55.81%,267,Khánh Hòa,NTB,AM Long
NTB - Khánh Hòa,(KHO) Cam Linh,Hàng Mới Ca 1,2026-09-07 - Thứ 2,262,89.69%,62.98%,0.00%,15.11,165,0,235,0,97,27,10.31%,37.02%,262,Khánh Hòa,NTB,AM Long
NTB - Khánh Hòa,(KHO) Cam Linh,Hàng Mới Ca 1,2026-09-03 - Thứ 5,130,96.92%,64.62%,0.00%,16.63,84,0,126,0,46,4,3.08%,35.38%,130,Khánh Hòa,NTB,AM Long
NTB - Khánh Hòa,(KHO) Cam Linh,Hàng Mới Ca 1,2026-08-26 - Thứ 4,181,87.85%,56.91%,0.00%,18.37,103,0,159,0,78,22,12.15%,43.09%,181,Khánh Hòa,NTB,AM Long
NTB - Khánh Hòa,(KHO) Cam Linh,Hàng Mới Ca 1,2026-09-11 - Thứ 6,167,56.29%,40.12%,0.00%,17.43,67,0,94,0,100,73,43.71%,59.88%,167,Khánh Hòa,NTB,AM Long
NTB - Khánh Hòa,(KHO) Cam Linh,Hàng Mới Ca 1,2026-09-01 - Thứ 3,182,95.60%,70.88%,0.00%,17.22,129,0,174,0,53,8,4.40%,29.12%,182,Khánh Hòa,NTB,AM Long
NTB - Khánh Hòa,(KHO) Cam Linh,Hàng Mới Ca 1,2026-09-08 - Thứ 3,132,63.64%,40.15%,0.00%,11.64,53,0,84,0,79,48,36.36%,59.85%,132,Khánh Hòa,NTB,AM Long
NTB - Khánh Hòa,(KHO) Cam Linh,Hàng Mới Ca 1,2026-09-13 - Chủ Nhật,253,32.81%,21.34%,0.00%,18.44,54,0,83,0,199,170,67.19%,78.66%,253,Khánh Hòa,NTB,AM Long
NTB - Khánh Hòa,(KHO) Cam Linh,Hàng Mới Ca 1,2026-08-24 - Thứ 2,162,54.94%,37.65%,0.00%,20.46,61,0,89,0,101,73,45.06%,62.35%,162,Khánh Hòa,NTB,AM Long
NTB - Khánh Hòa,(KHO) Cam Linh,Hàng Mới Ca 1,2026-09-04 - Thứ 6,92,98.91%,73.91%,0.00%,18.35,68,0,91,0,24,1,1.09%,26.09%,92,Khánh Hòa,NTB,AM Long
NTB - Khánh Hòa,(KHO) Cam Linh,Hàng Mới Ca 1,2026-08-22 - Thứ 7,254,56.30%,33.46%,0.00%,18.87,85,0,143,0,169,111,43.70%,66.54%,254,Khánh Hòa,NTB,AM Long
NTB - Khánh Hòa,(KHO) Cam Linh,Hàng Mới Ca 2,2026-08-23 - Chủ Nhật,1,100.00%,100.00%,0.00%,5,1,0,1,0,0,0,0.00%,0.00%,1,Khánh Hòa,NTB,AM Long
NTB - Khánh Hòa,(KHO) Cam Linh,Hàng Mới Ca 2,2026-08-21 - Thứ 6,1,100.00%,100.00%,0.00%,10,1,0,1,0,0,0,0.00%,0.00%,1,Khánh Hòa,NTB,AM Long
NTB - Khánh Hòa,(KHO) Cam Linh,Hàng Tồn,2026-08-20 - Thứ 5,279,91.04%,27.96%,14.34%,66,78,40,254,40,161,25,8.96%,57.70%,0,Khánh Hòa,NTB,AM Long
NTB - Khánh Hòa,(KHO) Cam Linh,Hàng Tồn,2026-08-30 - Chủ Nhật,340,92.35%,32.06%,7.35%,77.55,109,25,314,25,206,26,7.65%,60.59%,0,Khánh Hòa,NTB,AM Long
NTB - Khánh Hòa,(KHO) Cam Linh,Hàng Tồn,2026-08-29 - Thứ 7,338,84.62%,26.92%,4.14%,50.89,91,14,286,14,233,52,15.38%,68.94%,0,Khánh Hòa,NTB,AM Long
NTB - Khánh Hòa,(KHO) Cam Linh,Hàng Tồn,2026-08-17 - Thứ 2,262,100.00%,31.30%,15.27%,61.05,82,40,262,40,140,0,0.00%,53.43%,0,Khánh Hòa,NTB,AM Long
NTB - Khánh Hòa,(KHO) Cam Linh,Hàng Tồn,2026-08-25 - Thứ 3,376,85.11%,26.33%,8.24%,67.73,99,31,320,31,246,56,14.89%,65.43%,0,Khánh Hòa,NTB,AM Long
NTB - Khánh Hòa,(KHO) Cam Linh,Hàng Tồn,2026-08-23 - Chủ Nhật,399,80.70%,29.57%,5.26%,67.45,118,21,322,21,260,77,19.30%,65.17%,0,Khánh Hòa,NTB,AM Long
NTB - Khánh Hòa,(KHO) Cam Linh,Hàng Tồn,2026-08-31 - Thứ 2,301,92.36%,39.20%,8.64%,69.9,118,26,278,26,157,23,7.64%,52.16%,0,Khánh Hòa,NTB,AM Long
NTB - Khánh Hòa,(KHO) Cam Linh,Hàng Tồn,2026-08-21 - Thứ 6,306,87.91%,24.18%,4.58%,56.03,74,14,269,14,218,37,12.09%,71.24%,0,Khánh Hòa,NTB,AM Long
NTB - Khánh Hòa,(KHO) Cam Linh,Hàng Tồn,2026-08-26 - Thứ 4,350,92.29%,23.71%,10.29%,65.86,83,36,323,36,231,27,7.71%,66.00%,0,Khánh Hòa,NTB,AM Long
NTB - Khánh Hòa,(KHO) Cam Linh,Hàng Tồn,2026-08-24 - Thứ 2,404,68.56%,23.02%,7.67%,60.82,93,31,277,31,280,127,31.44%,69.31%,0,Khánh Hòa,NTB,AM Long
NTB - Khánh Hòa,(KHO) Cam Linh,Hàng Tồn,2026-09-05 - Thứ 7,89,98.88%,19.10%,14.61%,82.06,17,13,88,13,59,1,1.12%,66.29%,0,Khánh Hòa,NTB,AM Long
NTB - Khánh Hòa,(KHO) Cam Linh,Hàng Tồn,2026-09-06 - Chủ Nhật,133,94.74%,26.32%,11.28%,58.09,35,15,126,15,83,7,5.26%,62.40%,0,Khánh Hòa,NTB,AM Long
NTB - Khánh Hòa,(KHO) Cam Linh,Hàng Tồn,2026-09-10 - Thứ 5,235,88.09%,16.17%,8.94%,56.45,38,21,207,21,176,28,11.91%,74.89%,0,Khánh Hòa,NTB,AM Long
NTB - Khánh Hòa,(KHO) Cam Linh,Hàng Tồn,2026-09-08 - Thứ 3,194,95.36%,22.68%,5.15%,53.64,44,10,185,10,140,9,4.64%,72.17%,0,Khánh Hòa,NTB,AM Long
NTB - Khánh Hòa,(KHO) Cam Linh,Hàng Tồn,2026-09-02 - Thứ 4,189,98.94%,23.81%,16.40%,79.27,45,31,187,31,113,2,1.06%,59.79%,0,Khánh Hòa,NTB,AM Long
NTB - Khánh Hòa,(KHO) Cam Linh,Hàng Tồn,2026-08-18 - Thứ 3,217,100.00%,21.20%,6.45%,59.74,46,14,217,14,157,0,0.00%,72.35%,0,Khánh Hòa,NTB,AM Long
NTB - Khánh Hòa,(KHO) Cam Linh,Hàng Tồn,2026-08-19 - Thứ 4,219,87.67%,21.92%,10.96%,61.63,48,24,192,24,147,27,12.33%,67.12%,0,Khánh Hòa,NTB,AM Long
NTB - Khánh Hòa,(KHO) Cam Linh,Hàng Tồn,2026-09-07 - Thứ 2,163,96.93%,29.45%,6.75%,58.08,48,11,158,11,104,5,3.07%,63.80%,0,Khánh Hòa,NTB,AM Long
NTB - Khánh Hòa,(KHO) Cam Linh,Hàng Tồn,2026-09-04 - Thứ 6,139,99.28%,38.85%,12.23%,85.46,54,17,138,17,68,1,0.72%,48.92%,0,Khánh Hòa,NTB,AM Long
NTB - Khánh Hòa,(KHO) Cam Linh,Hàng Tồn,2026-09-11 - Thứ 6,307,54.72%,19.54%,9.12%,50.27,60,28,168,28,219,139,45.28%,71.34%,0,Khánh Hòa,NTB,AM Long
NTB - Khánh Hòa,(KHO) Cam Linh,Hàng Tồn,2026-09-09 - Thứ 4,217,84.33%,28.11%,2.30%,53.52,61,5,183,5,151,34,15.67%,69.59%,0,Khánh Hòa,NTB,AM Long
NTB - Khánh Hòa,(KHO) Cam Linh,Hàng Tồn,2026-09-03 - Thứ 5,176,98.86%,34.66%,11.93%,69.16,61,21,174,21,94,2,1.14%,53.41%,0,Khánh Hòa,NTB,AM Long
NTB - Khánh Hòa,(KHO) Cam Linh,Hàng Tồn,2026-09-13 - Chủ Nhật,321,67.91%,20.25%,12.46%,66.37,65,40,218,40,216,103,32.09%,67.29%,0,Khánh Hòa,NTB,AM Long
NTB - Khánh Hòa,(KHO) Cam Linh,Hàng Tồn,2026-08-27 - Thứ 5,301,91.03%,23.26%,9.30%,82.49,70,28,274,28,203,27,8.97%,67.44%,0,Khánh Hòa,NTB,AM Long
NTB - Khánh Hòa,(KHO) Cam Linh,Hàng Tồn,2026-09-12 - Thứ 7,314,74.84%,23.89%,6.05%,64.45,75,19,235,19,220,79,25.16%,70.06%,0,Khánh Hòa,NTB,AM Long
NTB - Khánh Hòa,(KHO) Cam Linh,Hàng Tồn,2026-09-01 - Thứ 3,227,91.19%,33.48%,6.17%,79.59,76,14,207,14,137,20,8.81%,60.35%,0,Khánh Hòa,NTB,AM Long
NTB - Khánh Hòa,(KHO) Cam Linh,Hàng Tồn,2026-08-28 - Thứ 6,328,89.02%,23.48%,16.16%,70.45,77,53,292,53,198,36,10.98%,60.36%,0,Khánh Hòa,NTB,AM Long
NTB - Khánh Hòa,(KHO) Cam Linh,Hàng Tồn,2026-08-22 - Thứ 7,325,93.54%,23.69%,4.00%,59.97,77,13,304,13,235,21,6.46%,72.31%,0,Khánh Hòa,NTB,AM Long
NTB - Khánh Hòa,(KHO) CK Bắc Nha Trang,Hàng Mới Ca 1,2026-08-28 - Thứ 6,1,100.00%,0.00%,0.00%,,0,0,1,0,1,0,0.00%,100.00%,1,Khánh Hòa,NTB,AM Thư
NTB - Khánh Hòa,(KHO) CK Bắc Nha Trang,Hàng Mới Ca 1,2026-08-26 - Thứ 4,1,100.00%,100.00%,0.00%,1,1,0,1,0,0,0,0.00%,0.00%,1,Khánh Hòa,NTB,AM Thư
NTB - Khánh Hòa,(KHO) CK Bắc Nha Trang,Hàng Mới Ca 1,2026-08-30 - Chủ Nhật,3,100.00%,100.00%,0.00%,5.33,3,0,3,0,0,0,0.00%,0.00%,3,Khánh Hòa,NTB,AM Thư
NTB - Khánh Hòa,(KHO) CK Bắc Nha Trang,Hàng Mới Ca 2,2026-08-26 - Thứ 4,3,100.00%,66.67%,0.00%,6.5,2,0,3,0,1,0,0.00%,33.33%,3,Khánh Hòa,NTB,AM Thư
NTB - Khánh Hòa,(KHO) CK Bắc Nha Trang,Hàng Tồn,2026-08-28 - Thứ 6,1,100.00%,0.00%,0.00%,,0,0,1,0,1,0,0.00%,100.00%,0,Khánh Hòa,NTB,AM Thư
NTB - Khánh Hòa,(KHO) CK Bắc Nha Trang,Hàng Tồn,2026-08-29 - Thứ 7,2,100.00%,50.00%,50.00%,28,1,1,2,1,0,0,0.00%,0.00%,0,Khánh Hòa,NTB,AM Thư
NTB - Khánh Hòa,(KHO) Bắc Nha Trang,Hàng Mới Ca 1,2026-09-08 - Thứ 3,158,99.37%,75.32%,0.00%,7.28,119,0,157,0,39,1,0.63%,24.68%,158,Khánh Hòa,NTB,AM Thư
NTB - Khánh Hòa,(KHO) Bắc Nha Trang,Hàng Mới Ca 1,2026-08-20 - Thứ 5,190,98.95%,88.95%,0.00%,8.72,169,0,188,0,21,2,1.05%,11.05%,190,Khánh Hòa,NTB,AM Thư
NTB - Khánh Hòa,(KHO) Bắc Nha Trang,Hàng Mới Ca 1,2026-08-30 - Chủ Nhật,161,100.00%,80.12%,0.00%,8.16,129,0,161,0,32,0,0.00%,19.88%,161,Khánh Hòa,NTB,AM Thư
NTB - Khánh Hòa,(KHO) Bắc Nha Trang,Hàng Mới Ca 1,2026-09-06 - Chủ Nhật,227,99.56%,76.65%,0.00%,9.01,174,0,226,0,53,1,0.44%,23.35%,227,Khánh Hòa,NTB,AM Thư
NTB - Khánh Hòa,(KHO) Bắc Nha Trang,Hàng Mới Ca 1,2026-08-19 - Thứ 4,211,99.53%,91.47%,0.00%,9.35,193,0,210,0,18,1,0.47%,8.53%,211,Khánh Hòa,NTB,AM Thư
NTB - Khánh Hòa,(KHO) Bắc Nha Trang,Hàng Mới Ca 1,2026-08-29 - Thứ 7,149,100.00%,85.91%,0.00%,8.15,128,0,149,0,21,0,0.00%,14.09%,149,Khánh Hòa,NTB,AM Thư
NTB - Khánh Hòa,(KHO) Bắc Nha Trang,Hàng Mới Ca 1,2026-08-17 - Thứ 2,180,99.44%,78.33%,0.00%,9.48,141,0,179,0,39,1,0.56%,21.67%,180,Khánh Hòa,NTB,AM Thư
NTB - Khánh Hòa,(KHO) Bắc Nha Trang,Hàng Mới Ca 1,2026-08-27 - Thứ 5,143,100.00%,91.61%,0.00%,10.15,131,0,143,0,12,0,0.00%,8.39%,143,Khánh Hòa,NTB,AM Thư
NTB - Khánh Hòa,(KHO) Bắc Nha Trang,Hàng Mới Ca 1,2026-09-04 - Thứ 6,103,100.00%,91.26%,0.00%,10,94,0,103,0,9,0,0.00%,8.74%,103,Khánh Hòa,NTB,AM Thư
NTB - Khánh Hòa,(KHO) Bắc Nha Trang,Hàng Mới Ca 1,2026-09-02 - Thứ 4,162,100.00%,80.86%,0.00%,9.5,131,0,162,0,31,0,0.00%,19.14%,162,Khánh Hòa,NTB,AM Thư
NTB - Khánh Hòa,(KHO) Bắc Nha Trang,Hàng Mới Ca 1,2026-08-25 - Thứ 3,110,100.00%,94.55%,0.00%,8.93,104,0,110,0,6,0,0.00%,5.45%,110,Khánh Hòa,NTB,AM Thư
NTB - Khánh Hòa,(KHO) Bắc Nha Trang,Hàng Mới Ca 1,2026-09-12 - Thứ 7,194,98.45%,75.77%,0.00%,11.52,147,0,191,0,47,3,1.55%,24.23%,194,Khánh Hòa,NTB,AM Thư
NTB - Khánh Hòa,(KHO) Bắc Nha Trang,Hàng Mới Ca 1,2026-09-09 - Thứ 4,157,100.00%,78.34%,0.00%,9.59,123,0,157,0,34,0,0.00%,21.66%,157,Khánh Hòa,NTB,AM Thư
NTB - Khánh Hòa,(KHO) Bắc Nha Trang,Hàng Mới Ca 1,2026-09-10 - Thứ 5,202,99.50%,80.20%,0.00%,11.09,162,0,201,0,40,1,0.50%,19.80%,202,Khánh Hòa,NTB,AM Thư
NTB - Khánh Hòa,(KHO) Bắc Nha Trang,Hàng Mới Ca 1,2026-08-23 - Chủ Nhật,202,99.50%,84.65%,0.00%,10.75,171,0,201,0,31,1,0.50%,15.35%,202,Khánh Hòa,NTB,AM Thư
NTB - Khánh Hòa,(KHO) Bắc Nha Trang,Hàng Mới Ca 1,2026-08-31 - Thứ 2,148,99.32%,84.46%,0.00%,10.86,125,0,147,0,23,1,0.68%,15.54%,148,Khánh Hòa,NTB,AM Thư
NTB - Khánh Hòa,(KHO) Bắc Nha Trang,Hàng Mới Ca 1,2026-08-21 - Thứ 6,142,97.89%,82.39%,0.00%,10.41,117,0,139,0,25,3,2.11%,17.61%,142,Khánh Hòa,NTB,AM Thư
NTB - Khánh Hòa,(KHO) Bắc Nha Trang,Hàng Mới Ca 1,2026-08-18 - Thứ 3,109,100.00%,88.07%,0.00%,7.53,96,0,109,0,13,0,0.00%,11.93%,109,Khánh Hòa,NTB,AM Thư
NTB - Khánh Hòa,(KHO) Bắc Nha Trang,Hàng Mới Ca 1,2026-09-05 - Thứ 7,189,99.47%,79.89%,0.00%,8.62,151,0,188,0,38,1,0.53%,20.11%,189,Khánh Hòa,NTB,AM Thư
NTB - Khánh Hòa,(KHO) Bắc Nha Trang,Hàng Mới Ca 1,2026-08-28 - Thứ 6,209,100.00%,90.91%,0.00%,8.11,190,0,209,0,19,0,0.00%,9.09%,209,Khánh Hòa,NTB,AM Thư
NTB - Khánh Hòa,(KHO) Bắc Nha Trang,Hàng Mới Ca 1,2026-09-07 - Thứ 2,195,100.00%,80.00%,0.00%,10.86,156,0,195,0,39,0,0.00%,20.00%,195,Khánh Hòa,NTB,AM Thư
NTB - Khánh Hòa,(KHO) Bắc Nha Trang,Hàng Mới Ca 1,2026-09-03 - Thứ 5,96,98.96%,84.38%,0.00%,10.09,81,0,95,0,15,1,1.04%,15.62%,96,Khánh Hòa,NTB,AM Thư
NTB - Khánh Hòa,(KHO) Bắc Nha Trang,Hàng Mới Ca 1,2026-08-26 - Thứ 4,230,99.57%,88.26%,0.00%,10,203,0,229,0,27,1,0.43%,11.74%,230,Khánh Hòa,NTB,AM Thư
NTB - Khánh Hòa,(KHO) Bắc Nha Trang,Hàng Mới Ca 1,2026-09-13 - Chủ Nhật,198,99.49%,69.70%,0.00%,9.95,138,0,197,0,60,1,0.51%,30.30%,198,Khánh Hòa,NTB,AM Thư
NTB - Khánh Hòa,(KHO) Bắc Nha Trang,Hàng Mới Ca 1,2026-09-11 - Thứ 6,175,100.00%,80.00%,0.00%,10.79,140,0,175,0,35,0,0.00%,20.00%,175,Khánh Hòa,NTB,AM Thư
NTB - Khánh Hòa,(KHO) Bắc Nha Trang,Hàng Mới Ca 1,2026-08-24 - Thứ 2,96,100.00%,90.63%,0.00%,9.63,87,0,96,0,9,0,0.00%,9.37%,96,Khánh Hòa,NTB,AM Thư
NTB - Khánh Hòa,(KHO) Bắc Nha Trang,Hàng Mới Ca 1,2026-09-01 - Thứ 3,106,100.00%,84.91%,0.00%,8,90,0,106,0,16,0,0.00%,15.09%,106,Khánh Hòa,NTB,AM Thư
NTB - Khánh Hòa,(KHO) Bắc Nha Trang,Hàng Mới Ca 1,2026-08-22 - Thứ 7,155,97.42%,87.74%,0.00%,9.76,136,0,151,0,19,4,2.58%,12.26%,155,Khánh Hòa,NTB,AM Thư
NTB - Khánh Hòa,(KHO) Bắc Nha Trang,Hàng Mới Ca 2,2026-09-08 - Thứ 3,119,94.12%,68.91%,0.00%,5.56,82,0,112,0,37,7,5.88%,31.09%,119,Khánh Hòa,NTB,AM Thư
NTB - Khánh Hòa,(KHO) Bắc Nha Trang,Hàng Mới Ca 2,2026-08-20 - Thứ 5,111,99.10%,77.48%,0.00%,5.14,86,0,110,0,25,1,0.90%,22.52%,111,Khánh Hòa,NTB,AM Thư
NTB - Khánh Hòa,(KHO) Bắc Nha Trang,Hàng Mới Ca 2,2026-08-29 - Thứ 7,105,90.48%,81.90%,0.00%,4.85,86,0,95,0,19,10,9.52%,18.10%,105,Khánh Hòa,NTB,AM Thư
NTB - Khánh Hòa,(KHO) Bắc Nha Trang,Hàng Mới Ca 2,2026-08-27 - Thứ 5,102,100.00%,85.29%,0.00%,4.44,87,0,102,0,15,0,0.00%,14.71%,102,Khánh Hòa,NTB,AM Thư
NTB - Khánh Hòa,(KHO) Bắc Nha Trang,Hàng Mới Ca 2,2026-09-04 - Thứ 6,80,100.00%,83.75%,0.00%,4.61,67,0,80,0,13,0,0.00%,16.25%,80,Khánh Hòa,NTB,AM Thư
NTB - Khánh Hòa,(KHO) Bắc Nha Trang,Hàng Mới Ca 2,2026-08-25 - Thứ 3,87,98.85%,77.01%,0.00%,4.46,67,0,86,0,20,1,1.15%,22.99%,87,Khánh Hòa,NTB,AM Thư
NTB - Khánh Hòa,(KHO) Bắc Nha Trang,Hàng Mới Ca 2,2026-09-09 - Thứ 4,129,89.15%,62.79%,0.00%,5.58,81,0,115,0,48,14,10.85%,37.21%,129,Khánh Hòa,NTB,AM Thư
NTB - Khánh Hòa,(KHO) Bắc Nha Trang,Hàng Mới Ca 2,2026-08-18 - Thứ 3,137,95.62%,75.91%,0.00%,4.77,104,0,131,0,33,6,4.38%,24.09%,137,Khánh Hòa,NTB,AM Thư
NTB - Khánh Hòa,(KHO) Bắc Nha Trang,Hàng Mới Ca 2,2026-09-05 - Thứ 7,115,98.26%,74.78%,0.00%,5.36,86,0,113,0,29,2,1.74%,25.22%,115,Khánh Hòa,NTB,AM Thư
NTB - Khánh Hòa,(KHO) Bắc Nha Trang,Hàng Mới Ca 2,2026-08-26 - Thứ 4,123,97.56%,78.05%,0.00%,4.75,96,0,120,0,27,3,2.44%,21.95%,123,Khánh Hòa,NTB,AM Thư
NTB - Khánh Hòa,(KHO) Bắc Nha Trang,Hàng Mới Ca 2,2026-08-24 - Thứ 2,164,98.17%,71.95%,0.00%,5.5,118,0,161,0,46,3,1.83%,28.05%,164,Khánh Hòa,NTB,AM Thư
NTB - Khánh Hòa,(KHO) Bắc Nha Trang,Hàng Mới Ca 2,2026-09-13 - Chủ Nhật,85,18.82%,15.29%,0.00%,5.54,13,0,16,0,72,69,81.18%,84.71%,85,Khánh Hòa,NTB,AM Thư
NTB - Khánh Hòa,(KHO) Bắc Nha Trang,Hàng Mới Ca 2,2026-09-12 - Thứ 7,103,26.21%,13.59%,0.00%,6.43,14,0,27,0,89,76,73.79%,86.41%,103,Khánh Hòa,NTB,AM Thư
NTB - Khánh Hòa,(KHO) Bắc Nha Trang,Hàng Mới Ca 2,2026-09-11 - Thứ 6,76,36.84%,31.58%,0.00%,5.17,24,0,28,0,52,48,63.16%,68.42%,76,Khánh Hòa,NTB,AM Thư
NTB - Khánh Hòa,(KHO) Bắc Nha Trang,Hàng Mới Ca 2,2026-09-07 - Thứ 2,47,91.49%,61.70%,0.00%,4.52,29,0,43,0,18,4,8.51%,38.30%,47,Khánh Hòa,NTB,AM Thư
NTB - Khánh Hòa,(KHO) Bắc Nha Trang,Hàng Mới Ca 2,2026-09-03 - Thứ 5,42,92.86%,76.19%,0.00%,5.47,32,0,39,0,10,3,7.14%,23.81%,42,Khánh Hòa,NTB,AM Thư
NTB - Khánh Hòa,(KHO) Bắc Nha Trang,Hàng Mới Ca 2,2026-08-17 - Thứ 2,48,93.75%,68.75%,0.00%,4.27,33,0,45,0,15,3,6.25%,31.25%,48,Khánh Hòa,NTB,AM Thư
NTB - Khánh Hòa,(KHO) Bắc Nha Trang,Hàng Mới Ca 2,2026-09-02 - Thứ 4,64,93.75%,65.63%,0.00%,4.1,42,0,60,0,22,4,6.25%,34.37%,64,Khánh Hòa,NTB,AM Thư
NTB - Khánh Hòa,(KHO) Bắc Nha Trang,Hàng Mới Ca 2,2026-09-01 - Thứ 3,74,86.49%,58.11%,0.00%,5.05,43,0,64,0,31,10,13.51%,41.89%,74,Khánh Hòa,NTB,AM Thư
NTB - Khánh Hòa,(KHO) Bắc Nha Trang,Hàng Mới Ca 2,2026-09-10 - Thứ 5,89,75.28%,50.56%,0.00%,5.73,45,0,67,0,44,22,24.72%,49.44%,89,Khánh Hòa,NTB,AM Thư
NTB - Khánh Hòa,(KHO) Bắc Nha Trang,Hàng Mới Ca 2,2026-08-30 - Chủ Nhật,79,92.41%,68.35%,0.00%,4.91,54,0,73,0,25,6,7.59%,31.65%,79,Khánh Hòa,NTB,AM Thư
NTB - Khánh Hòa,(KHO) Bắc Nha Trang,Hàng Mới Ca 2,2026-08-31 - Thứ 2,92,88.04%,58.70%,0.00%,4.61,54,0,81,0,38,11,11.96%,41.30%,92,Khánh Hòa,NTB,AM Thư
NTB - Khánh Hòa,(KHO) Bắc Nha Trang,Hàng Mới Ca 2,2026-09-06 - Chủ Nhật,109,88.99%,54.13%,0.00%,5.05,59,0,97,0,50,12,11.01%,45.87%,109,Khánh Hòa,NTB,AM Thư
NTB - Khánh Hòa,(KHO) Bắc Nha Trang,Hàng Mới Ca 2,2026-08-23 - Chủ Nhật,95,92.63%,65.26%,0.00%,5.6,62,0,88,0,33,7,7.37%,34.74%,95,Khánh Hòa,NTB,AM Thư
NTB - Khánh Hòa,(KHO) Bắc Nha Trang,Hàng Mới Ca 2,2026-08-22 - Thứ 7,80,100.00%,85.00%,0.00%,4.74,68,0,80,0,12,0,0.00%,15.00%,80,Khánh Hòa,NTB,AM Thư
NTB - Khánh Hòa,(KHO) Bắc Nha Trang,Hàng Mới Ca 2,2026-08-28 - Thứ 6,83,100.00%,85.54%,0.00%,4.93,71,0,83,0,12,0,0.00%,14.46%,83,Khánh Hòa,NTB,AM Thư
NTB - Khánh Hòa,(KHO) Bắc Nha Trang,Hàng Mới Ca 2,2026-08-19 - Thứ 4,89,97.75%,86.52%,0.00%,3.25,77,0,87,0,12,2,2.25%,13.48%,89,Khánh Hòa,NTB,AM Thư
NTB - Khánh Hòa,(KHO) Bắc Nha Trang,Hàng Mới Ca 2,2026-08-21 - Thứ 6,102,100.00%,83.33%,0.00%,5.29,85,0,102,0,17,0,0.00%,16.67%,102,Khánh Hòa,NTB,AM Thư
NTB - Khánh Hòa,(KHO) Bắc Nha Trang,Hàng Tồn,2026-09-12 - Thứ 7,171,99.42%,46.20%,3.51%,39.73,79,6,170,6,86,1,0.58%,50.29%,0,Khánh Hòa,NTB,AM Thư
NTB - Khánh Hòa,(KHO) Bắc Nha Trang,Hàng Tồn,2026-09-13 - Chủ Nhật,215,99.07%,52.56%,6.05%,39.28,113,13,213,13,89,2,0.93%,41.39%,0,Khánh Hòa,NTB,AM Thư
NTB - Khánh Hòa,(KHO) Bắc Nha Trang,Hàng Tồn,2026-08-23 - Chủ Nhật,66,96.97%,19.70%,9.09%,38.69,13,6,64,6,47,2,3.03%,71.21%,0,Khánh Hòa,NTB,AM Thư
NTB - Khánh Hòa,(KHO) Bắc Nha Trang,Hàng Tồn,2026-08-26 - Thứ 4,64,98.44%,23.44%,17.19%,36.27,15,11,63,11,38,1,1.56%,59.37%,0,Khánh Hòa,NTB,AM Thư
NTB - Khánh Hòa,(KHO) Bắc Nha Trang,Hàng Tồn,2026-09-05 - Thứ 7,43,97.67%,46.51%,4.65%,42.35,20,2,42,2,21,1,2.33%,48.84%,0,Khánh Hòa,NTB,AM Thư
NTB - Khánh Hòa,(KHO) Bắc Nha Trang,Hàng Tồn,2026-08-30 - Chủ Nhật,65,100.00%,32.31%,10.77%,36.38,21,7,65,7,37,0,0.00%,56.92%,0,Khánh Hòa,NTB,AM Thư
NTB - Khánh Hòa,(KHO) Bắc Nha Trang,Hàng Tồn,2026-08-29 - Thứ 7,52,100.00%,40.38%,3.85%,34.95,21,2,52,2,29,0,0.00%,55.77%,0,Khánh Hòa,NTB,AM Thư
NTB - Khánh Hòa,(KHO) Bắc Nha Trang,Hàng Tồn,2026-08-20 - Thứ 5,64,96.88%,34.38%,7.81%,54.95,22,5,62,5,37,2,3.12%,57.81%,0,Khánh Hòa,NTB,AM Thư
NTB - Khánh Hòa,(KHO) Bắc Nha Trang,Hàng Tồn,2026-08-28 - Thứ 6,58,100.00%,37.93%,13.79%,37.68,22,8,58,8,28,0,0.00%,48.28%,0,Khánh Hòa,NTB,AM Thư
NTB - Khánh Hòa,(KHO) Bắc Nha Trang,Hàng Tồn,2026-08-22 - Thứ 7,70,98.57%,37.14%,4.29%,38,26,3,69,3,41,1,1.43%,58.57%,0,Khánh Hòa,NTB,AM Thư
NTB - Khánh Hòa,(KHO) Bắc Nha Trang,Hàng Tồn,2026-09-04 - Thứ 6,53,98.11%,50.94%,5.66%,44.26,27,3,52,3,23,1,1.89%,43.40%,0,Khánh Hòa,NTB,AM Thư
NTB - Khánh Hòa,(KHO) Bắc Nha Trang,Hàng Tồn,2026-09-06 - Chủ Nhật,85,97.65%,41.18%,3.53%,31.49,35,3,83,3,47,2,2.35%,55.29%,0,Khánh Hòa,NTB,AM Thư
NTB - Khánh Hòa,(KHO) Bắc Nha Trang,Hàng Tồn,2026-08-21 - Thứ 6,76,97.37%,48.68%,6.58%,40.19,37,5,74,5,34,2,2.63%,44.74%,0,Khánh Hòa,NTB,AM Thư
NTB - Khánh Hòa,(KHO) Bắc Nha Trang,Hàng Tồn,2026-09-02 - Thứ 4,80,100.00%,48.75%,5.00%,32.64,39,4,80,4,37,0,0.00%,46.25%,0,Khánh Hòa,NTB,AM Thư
NTB - Khánh Hòa,(KHO) Bắc Nha Trang,Hàng Tồn,2026-08-27 - Thứ 5,80,98.75%,50.00%,3.75%,35.45,40,3,79,3,37,1,1.25%,46.25%,0,Khánh Hòa,NTB,AM Thư
NTB - Khánh Hòa,(KHO) Bắc Nha Trang,Hàng Tồn,2026-09-03 - Thứ 5,81,98.77%,53.09%,6.17%,38.37,43,5,80,5,33,1,1.23%,40.74%,0,Khánh Hòa,NTB,AM Thư
NTB - Khánh Hòa,(KHO) Bắc Nha Trang,Hàng Tồn,2026-08-19 - Thứ 4,88,98.86%,50.00%,3.41%,35.82,44,3,87,3,41,1,1.14%,46.59%,0,Khánh Hòa,NTB,AM Thư
NTB - Khánh Hòa,(KHO) Bắc Nha Trang,Hàng Tồn,2026-08-17 - Thứ 2,119,98.32%,36.97%,5.04%,44,44,6,117,6,69,2,1.68%,57.99%,0,Khánh Hòa,NTB,AM Thư
NTB - Khánh Hòa,(KHO) Bắc Nha Trang,Hàng Tồn,2026-08-31 - Thứ 2,88,100.00%,50.00%,0.00%,36.8,44,0,88,0,44,0,0.00%,50.00%,0,Khánh Hòa,NTB,AM Thư
NTB - Khánh Hòa,(KHO) Bắc Nha Trang,Hàng Tồn,2026-08-25 - Thứ 3,93,100.00%,49.46%,0.00%,34.48,46,0,93,0,47,0,0.00%,50.54%,0,Khánh Hòa,NTB,AM Thư
NTB - Khánh Hòa,(KHO) Bắc Nha Trang,Hàng Tồn,2026-09-08 - Thứ 3,112,98.21%,42.86%,5.36%,38.02,48,6,110,6,58,2,1.79%,51.78%,0,Khánh Hòa,NTB,AM Thư
NTB - Khánh Hòa,(KHO) Bắc Nha Trang,Hàng Tồn,2026-08-24 - Thứ 2,101,97.03%,50.50%,2.97%,38.14,51,3,98,3,47,3,2.97%,46.53%,0,Khánh Hòa,NTB,AM Thư
NTB - Khánh Hòa,(KHO) Bắc Nha Trang,Hàng Tồn,2026-08-18 - Thứ 3,112,99.11%,47.32%,4.46%,45.32,53,5,111,5,54,1,0.89%,48.22%,0,Khánh Hòa,NTB,AM Thư
NTB - Khánh Hòa,(KHO) Bắc Nha Trang,Hàng Tồn,2026-09-01 - Thứ 3,100,100.00%,53.00%,4.00%,33.98,53,4,100,4,43,0,0.00%,43.00%,0,Khánh Hòa,NTB,AM Thư
NTB - Khánh Hòa,(KHO) Bắc Nha Trang,Hàng Tồn,2026-09-09 - Thứ 4,128,99.22%,42.19%,3.13%,37.35,54,4,127,4,70,1,0.78%,54.68%,0,Khánh Hòa,NTB,AM Thư
NTB - Khánh Hòa,(KHO) Bắc Nha Trang,Hàng Tồn,2026-09-11 - Thứ 6,161,98.76%,33.54%,9.94%,41.76,54,16,159,16,91,2,1.24%,56.52%,0,Khánh Hòa,NTB,AM Thư
NTB - Khánh Hòa,(KHO) Bắc Nha Trang,Hàng Tồn,2026-09-10 - Thứ 5,145,98.62%,38.62%,2.76%,35.86,56,4,143,4,85,2,1.38%,58.62%,0,Khánh Hòa,NTB,AM Thư
NTB - Khánh Hòa,(KHO) Bắc Nha Trang,Hàng Tồn,2026-09-07 - Thứ 2,145,98.62%,53.10%,2.07%,33.01,77,3,143,3,65,2,1.38%,44.83%,0,Khánh Hòa,NTB,AM Thư
NTB - Khánh Hòa,(KHO) Bắc Cam Ranh,Hàng Mới Ca 1,2026-08-20 - Thứ 5,107,97.20%,74.77%,0.00%,10.78,80,0,104,0,27,3,2.80%,25.23%,107,Khánh Hòa,NTB,AM Long
NTB - Khánh Hòa,(KHO) Bắc Cam Ranh,Hàng Mới Ca 1,2026-08-19 - Thứ 4,117,94.02%,75.21%,0.00%,12.86,88,0,110,0,29,7,5.98%,24.79%,117,Khánh Hòa,NTB,AM Long
NTB - Khánh Hòa,(KHO) Bắc Cam Ranh,Hàng Mới Ca 1,2026-08-28 - Thứ 6,93,87.10%,72.04%,0.00%,14.06,67,0,81,0,26,12,12.90%,27.96%,93,Khánh Hòa,NTB,AM Long
NTB - Khánh Hòa,(KHO) Bắc Cam Ranh,Hàng Mới Ca 1,2026-08-26 - Thứ 4,96,91.67%,69.79%,0.00%,8.9,67,0,88,0,29,8,8.33%,30.21%,96,Khánh Hòa,NTB,AM Long
NTB - Khánh Hòa,(KHO) Bắc Cam Ranh,Hàng Mới Ca 1,2026-08-24 - Thứ 2,103,95.15%,80.58%,0.00%,11.24,83,0,98,0,20,5,4.85%,19.42%,103,Khánh Hòa,NTB,AM Long
NTB - Khánh Hòa,(KHO) Bắc Cam Ranh,Hàng Mới Ca 1,2026-08-17 - Thứ 2,61,45.90%,29.51%,0.00%,13.5,18,0,28,0,43,33,54.10%,70.49%,61,Khánh Hòa,NTB,AM Long
NTB - Khánh Hòa,(KHO) Bắc Cam Ranh,Hàng Mới Ca 1,2026-09-11 - Thứ 6,39,89.74%,69.23%,0.00%,7.81,27,0,35,0,12,4,10.26%,30.77%,39,Khánh Hòa,NTB,AM Long
NTB - Khánh Hòa,(KHO) Bắc Cam Ranh,Hàng Mới Ca 1,2026-09-04 - Thứ 6,37,97.30%,81.08%,0.00%,8.87,30,0,36,0,7,1,2.70%,18.92%,37,Khánh Hòa,NTB,AM Long
NTB - Khánh Hòa,(KHO) Bắc Cam Ranh,Hàng Mới Ca 1,2026-09-03 - Thứ 5,41,97.56%,78.05%,0.00%,14.78,32,0,40,0,9,1,2.44%,21.95%,41,Khánh Hòa,NTB,AM Long
NTB - Khánh Hòa,(KHO) Bắc Cam Ranh,Hàng Mới Ca 1,2026-08-18 - Thứ 3,62,74.19%,53.23%,0.00%,14.73,33,0,46,0,29,16,25.81%,46.77%,62,Khánh Hòa,NTB,AM Long
NTB - Khánh Hòa,(KHO) Bắc Cam Ranh,Hàng Mới Ca 1,2026-09-12 - Thứ 7,50,94.00%,72.00%,0.00%,6.89,36,0,47,0,14,3,6.00%,28.00%,50,Khánh Hòa,NTB,AM Long
NTB - Khánh Hòa,(KHO) Bắc Cam Ranh,Hàng Mới Ca 1,2026-09-13 - Chủ Nhật,65,90.77%,56.92%,0.00%,6.43,37,0,59,0,28,6,9.23%,43.08%,65,Khánh Hòa,NTB,AM Long
NTB - Khánh Hòa,(KHO) Bắc Cam Ranh,Hàng Mới Ca 1,2026-09-06 - Chủ Nhật,50,94.00%,78.00%,0.00%,7.51,39,0,47,0,11,3,6.00%,22.00%,50,Khánh Hòa,NTB,AM Long
NTB - Khánh Hòa,(KHO) Bắc Cam Ranh,Hàng Mới Ca 1,2026-09-08 - Thứ 3,49,91.84%,81.63%,0.00%,7.18,40,0,45,0,9,4,8.16%,18.37%,49,Khánh Hòa,NTB,AM Long
NTB - Khánh Hòa,(KHO) Bắc Cam Ranh,Hàng Mới Ca 1,2026-08-29 - Thứ 7,72,98.61%,59.72%,0.00%,12.02,43,0,71,0,29,1,1.39%,40.28%,72,Khánh Hòa,NTB,AM Long
NTB - Khánh Hòa,(KHO) Bắc Cam Ranh,Hàng Mới Ca 1,2026-09-09 - Thứ 4,52,100.00%,82.69%,0.00%,5.72,43,0,52,0,9,0,0.00%,17.31%,52,Khánh Hòa,NTB,AM Long
NTB - Khánh Hòa,(KHO) Bắc Cam Ranh,Hàng Mới Ca 1,2026-08-22 - Thứ 7,71,91.55%,64.79%,0.00%,12.33,46,0,65,0,25,6,8.45%,35.21%,71,Khánh Hòa,NTB,AM Long
NTB - Khánh Hòa,(KHO) Bắc Cam Ranh,Hàng Mới Ca 1,2026-09-02 - Thứ 4,59,98.31%,79.66%,0.00%,11.6,47,0,58,0,12,1,1.69%,20.34%,59,Khánh Hòa,NTB,AM Long
NTB - Khánh Hòa,(KHO) Bắc Cam Ranh,Hàng Mới Ca 1,2026-09-05 - Thứ 7,72,97.22%,65.28%,0.00%,6.02,47,0,70,0,25,2,2.78%,34.72%,72,Khánh Hòa,NTB,AM Long
NTB - Khánh Hòa,(KHO) Bắc Cam Ranh,Hàng Mới Ca 1,2026-09-01 - Thứ 3,63,100.00%,74.60%,0.00%,16.19,47,0,63,0,16,0,0.00%,25.40%,63,Khánh Hòa,NTB,AM Long
NTB - Khánh Hòa,(KHO) Bắc Cam Ranh,Hàng Mới Ca 1,2026-08-27 - Thứ 5,86,98.84%,55.81%,0.00%,13.17,48,0,85,0,38,1,1.16%,44.19%,86,Khánh Hòa,NTB,AM Long
NTB - Khánh Hòa,(KHO) Bắc Cam Ranh,Hàng Mới Ca 1,2026-08-23 - Chủ Nhật,76,93.42%,63.16%,0.00%,10.4,48,0,71,0,28,5,6.58%,36.84%,76,Khánh Hòa,NTB,AM Long
NTB - Khánh Hòa,(KHO) Bắc Cam Ranh,Hàng Mới Ca 1,2026-08-31 - Thứ 2,81,90.12%,64.20%,0.00%,15.27,52,0,73,0,29,8,9.88%,35.80%,81,Khánh Hòa,NTB,AM Long
NTB - Khánh Hòa,(KHO) Bắc Cam Ranh,Hàng Mới Ca 1,2026-08-25 - Thứ 3,67,97.01%,79.10%,0.00%,14.75,53,0,65,0,14,2,2.99%,20.90%,67,Khánh Hòa,NTB,AM Long
NTB - Khánh Hòa,(KHO) Bắc Cam Ranh,Hàng Mới Ca 1,2026-08-30 - Chủ Nhật,85,85.88%,63.53%,0.00%,9.67,54,0,73,0,31,12,14.12%,36.47%,85,Khánh Hòa,NTB,AM Long
NTB - Khánh Hòa,(KHO) Bắc Cam Ranh,Hàng Mới Ca 1,2026-09-10 - Thứ 5,77,98.70%,71.43%,0.00%,5.38,55,0,76,0,22,1,1.30%,28.57%,77,Khánh Hòa,NTB,AM Long
NTB - Khánh Hòa,(KHO) Bắc Cam Ranh,Hàng Mới Ca 1,2026-09-07 - Thứ 2,70,100.00%,82.86%,0.00%,5.86,58,0,70,0,12,0,0.00%,17.14%,70,Khánh Hòa,NTB,AM Long
NTB - Khánh Hòa,(KHO) Bắc Cam Ranh,Hàng Mới Ca 1,2026-08-21 - Thứ 6,85,98.82%,81.18%,0.00%,10.14,69,0,84,0,16,1,1.18%,18.82%,85,Khánh Hòa,NTB,AM Long
NTB - Khánh Hòa,(KHO) Bắc Cam Ranh,Hàng Mới Ca 2,2026-09-10 - Thứ 5,31,9.68%,6.45%,0.00%,3,2,0,3,0,29,28,90.32%,93.55%,31,Khánh Hòa,NTB,AM Long
NTB - Khánh Hòa,(KHO) Bắc Cam Ranh,Hàng Mới Ca 2,2026-09-13 - Chủ Nhật,20,15.00%,15.00%,0.00%,3.33,3,0,3,0,17,17,85.00%,85.00%,20,Khánh Hòa,NTB,AM Long
NTB - Khánh Hòa,(KHO) Bắc Cam Ranh,Hàng Mới Ca 2,2026-09-11 - Thứ 6,34,11.76%,11.76%,0.00%,3.25,4,0,4,0,30,30,88.24%,88.24%,34,Khánh Hòa,NTB,AM Long
NTB - Khánh Hòa,(KHO) Bắc Cam Ranh,Hàng Mới Ca 2,2026-09-07 - Thứ 2,6,100.00%,66.67%,0.00%,2.5,4,0,6,0,2,0,0.00%,33.33%,6,Khánh Hòa,NTB,AM Long
NTB - Khánh Hòa,(KHO) Bắc Cam Ranh,Hàng Mới Ca 2,2026-09-08 - Thứ 3,28,35.71%,28.57%,0.00%,4,8,0,10,0,20,18,64.29%,71.43%,28,Khánh Hòa,NTB,AM Long
NTB - Khánh Hòa,(KHO) Bắc Cam Ranh,Hàng Mới Ca 2,2026-09-05 - Thứ 7,24,45.83%,37.50%,0.00%,3.56,9,0,11,0,15,13,54.17%,62.50%,24,Khánh Hòa,NTB,AM Long
NTB - Khánh Hòa,(KHO) Bắc Cam Ranh,Hàng Mới Ca 2,2026-09-12 - Thứ 7,39,30.77%,28.21%,0.00%,3.45,11,0,12,0,28,27,69.23%,71.79%,39,Khánh Hòa,NTB,AM Long
NTB - Khánh Hòa,(KHO) Bắc Cam Ranh,Hàng Mới Ca 2,2026-09-09 - Thứ 4,37,32.43%,29.73%,0.00%,3.64,11,0,12,0,26,25,67.57%,70.27%,37,Khánh Hòa,NTB,AM Long
NTB - Khánh Hòa,(KHO) Bắc Cam Ranh,Hàng Mới Ca 2,2026-09-04 - Thứ 6,21,66.67%,57.14%,0.00%,2.58,12,0,14,0,9,7,33.33%,42.86%,21,Khánh Hòa,NTB,AM Long
NTB - Khánh Hòa,(KHO) Bắc Cam Ranh,Hàng Mới Ca 2,2026-09-06 - Chủ Nhật,40,60.00%,47.50%,0.00%,3.37,19,0,24,0,21,16,40.00%,52.50%,40,Khánh Hòa,NTB,AM Long
NTB - Khánh Hòa,(KHO) Bắc Cam Ranh,Hàng Tồn,2026-08-17 - Thứ 2,196,79.59%,42.86%,5.61%,62.15,84,11,156,11,101,40,20.41%,51.53%,0,Khánh Hòa,NTB,AM Long
NTB - Khánh Hòa,(KHO) Bắc Cam Ranh,Hàng Tồn,2026-09-04 - Thứ 6,21,90.48%,28.57%,19.05%,54,6,4,19,4,11,2,9.52%,52.38%,0,Khánh Hòa,NTB,AM Long
NTB - Khánh Hòa,(KHO) Bắc Cam Ranh,Hàng Tồn,2026-08-22 - Thứ 7,34,100.00%,26.47%,8.82%,46.22,9,3,34,3,22,0,0.00%,64.71%,0,Khánh Hòa,NTB,AM Long
NTB - Khánh Hòa,(KHO) Bắc Cam Ranh,Hàng Tồn,2026-09-05 - Thứ 7,26,88.46%,46.15%,7.69%,46,12,2,23,2,12,3,11.54%,46.16%,0,Khánh Hòa,NTB,AM Long
NTB - Khánh Hòa,(KHO) Bắc Cam Ranh,Hàng Tồn,2026-09-08 - Thứ 3,38,94.74%,39.47%,2.63%,45.67,15,1,36,1,22,2,5.26%,57.90%,0,Khánh Hòa,NTB,AM Long
NTB - Khánh Hòa,(KHO) Bắc Cam Ranh,Hàng Tồn,2026-08-23 - Chủ Nhật,48,100.00%,31.25%,4.17%,51.8,15,2,48,2,31,0,0.00%,64.58%,0,Khánh Hòa,NTB,AM Long
NTB - Khánh Hòa,(KHO) Bắc Cam Ranh,Hàng Tồn,2026-09-02 - Thứ 4,39,92.31%,41.03%,10.26%,61,16,4,36,4,19,3,7.69%,48.71%,0,Khánh Hòa,NTB,AM Long
NTB - Khánh Hòa,(KHO) Bắc Cam Ranh,Hàng Tồn,2026-09-03 - Thứ 5,30,100.00%,53.33%,6.67%,47.88,16,2,30,2,12,0,0.00%,40.00%,0,Khánh Hòa,NTB,AM Long
NTB - Khánh Hòa,(KHO) Bắc Cam Ranh,Hàng Tồn,2026-08-26 - Thứ 4,40,97.50%,40.00%,25.00%,70.81,16,10,39,10,14,1,2.50%,35.00%,0,Khánh Hòa,NTB,AM Long
NTB - Khánh Hòa,(KHO) Bắc Cam Ranh,Hàng Tồn,2026-08-24 - Thứ 2,59,94.92%,30.51%,3.39%,53,18,2,56,2,39,3,5.08%,66.10%,0,Khánh Hòa,NTB,AM Long
NTB - Khánh Hòa,(KHO) Bắc Cam Ranh,Hàng Tồn,2026-08-30 - Chủ Nhật,56,85.71%,33.93%,7.14%,49.21,19,4,48,4,33,8,14.29%,58.93%,0,Khánh Hòa,NTB,AM Long
NTB - Khánh Hòa,(KHO) Bắc Cam Ranh,Hàng Tồn,2026-09-10 - Thứ 5,51,98.04%,43.14%,7.84%,30.18,22,4,50,4,25,1,1.96%,49.02%,0,Khánh Hòa,NTB,AM Long
NTB - Khánh Hòa,(KHO) Bắc Cam Ranh,Hàng Tồn,2026-08-25 - Thứ 3,59,96.61%,38.98%,11.86%,48,23,7,57,7,29,2,3.39%,49.16%,0,Khánh Hòa,NTB,AM Long
NTB - Khánh Hòa,(KHO) Bắc Cam Ranh,Hàng Tồn,2026-08-28 - Thứ 6,57,92.98%,40.35%,5.26%,51.65,23,3,53,3,31,4,7.02%,54.39%,0,Khánh Hòa,NTB,AM Long
NTB - Khánh Hòa,(KHO) Bắc Cam Ranh,Hàng Tồn,2026-08-29 - Thứ 7,54,98.15%,46.30%,0.00%,47.32,25,0,53,0,29,1,1.85%,53.70%,0,Khánh Hòa,NTB,AM Long
NTB - Khánh Hòa,(KHO) Bắc Cam Ranh,Hàng Tồn,2026-08-27 - Thứ 5,43,100.00%,58.14%,2.33%,53.8,25,1,43,1,17,0,0.00%,39.53%,0,Khánh Hòa,NTB,AM Long
NTB - Khánh Hòa,(KHO) Bắc Cam Ranh,Hàng Tồn,2026-09-07 - Thứ 2,50,98.00%,50.00%,2.00%,35.56,25,1,49,1,24,1,2.00%,48.00%,0,Khánh Hòa,NTB,AM Long
NTB - Khánh Hòa,(KHO) Bắc Cam Ranh,Hàng Tồn,2026-09-13 - Chủ Nhật,64,90.63%,39.06%,1.56%,30.36,25,1,58,1,38,6,9.37%,59.38%,0,Khánh Hòa,NTB,AM Long
NTB - Khánh Hòa,(KHO) Bắc Cam Ranh,Hàng Tồn,2026-08-20 - Thứ 5,67,98.51%,40.30%,10.45%,64.26,27,7,66,7,33,1,1.49%,49.25%,0,Khánh Hòa,NTB,AM Long
NTB - Khánh Hòa,(KHO) Bắc Cam Ranh,Hàng Tồn,2026-08-21 - Thứ 6,54,100.00%,50.00%,9.26%,51.63,27,5,54,5,22,0,0.00%,40.74%,0,Khánh Hòa,NTB,AM Long
NTB - Khánh Hòa,(KHO) Bắc Cam Ranh,Hàng Tồn,2026-09-01 - Thứ 3,57,100.00%,49.12%,1.75%,58.54,28,1,57,1,28,0,0.00%,49.13%,0,Khánh Hòa,NTB,AM Long
NTB - Khánh Hòa,(KHO) Bắc Cam Ranh,Hàng Tồn,2026-09-09 - Thứ 4,50,100.00%,58.00%,4.00%,38.79,29,2,50,2,19,0,0.00%,38.00%,0,Khánh Hòa,NTB,AM Long
NTB - Khánh Hòa,(KHO) Bắc Cam Ranh,Hàng Tồn,2026-08-31 - Thứ 2,63,90.48%,49.21%,4.76%,52,31,3,57,3,29,6,9.52%,46.03%,0,Khánh Hòa,NTB,AM Long
NTB - Khánh Hòa,(KHO) Bắc Cam Ranh,Hàng Tồn,2026-09-06 - Chủ Nhật,51,94.12%,66.67%,0.00%,32.85,34,0,48,0,17,3,5.88%,33.33%,0,Khánh Hòa,NTB,AM Long
NTB - Khánh Hòa,(KHO) Bắc Cam Ranh,Hàng Tồn,2026-09-12 - Thứ 7,66,96.97%,59.09%,4.55%,33.51,39,3,64,3,24,2,3.03%,36.36%,0,Khánh Hòa,NTB,AM Long
NTB - Khánh Hòa,(KHO) Bắc Cam Ranh,Hàng Tồn,2026-09-11 - Thứ 6,77,100.00%,64.94%,3.90%,32.32,50,3,77,3,24,0,0.00%,31.16%,0,Khánh Hòa,NTB,AM Long
NTB - Khánh Hòa,(KHO) Bắc Cam Ranh,Hàng Tồn,2026-08-18 - Thứ 3,141,72.34%,36.88%,5.67%,67.5,52,8,102,8,81,39,27.66%,57.45%,0,Khánh Hòa,NTB,AM Long
NTB - Khánh Hòa,(KHO) Bắc Cam Ranh,Hàng Tồn,2026-08-19 - Thứ 4,107,99.07%,56.07%,5.61%,72.02,60,6,106,6,41,1,0.93%,38.32%,0,Khánh Hòa,NTB,AM Long
NTB - Bình Thuận,(BTH) Đức Linh,Hàng Mới Ca 1,2026-09-08 - Thứ 3,104,100.00%,87.50%,0.00%,7.02,91,0,104,0,13,0,0.00%,12.50%,104,Bình Thuận,NTB,AM Nhựt
NTB - Bình Thuận,(BTH) Đức Linh,Hàng Mới Ca 1,2026-08-30 - Chủ Nhật,127,100.00%,88.98%,0.00%,5.59,113,0,127,0,14,0,0.00%,11.02%,127,Bình Thuận,NTB,AM Nhựt
NTB - Bình Thuận,(BTH) Đức Linh,Hàng Mới Ca 1,2026-09-06 - Chủ Nhật,98,100.00%,87.76%,0.00%,6.94,86,0,98,0,12,0,0.00%,12.24%,98,Bình Thuận,NTB,AM Nhựt
NTB - Bình Thuận,(BTH) Đức Linh,Hàng Mới Ca 1,2026-08-29 - Thứ 7,108,98.15%,82.41%,0.00%,5.89,89,0,106,0,19,2,1.85%,17.59%,108,Bình Thuận,NTB,AM Nhựt
NTB - Bình Thuận,(BTH) Đức Linh,Hàng Mới Ca 1,2026-08-17 - Thứ 2,99,100.00%,89.90%,0.00%,4.34,89,0,99,0,10,0,0.00%,10.10%,99,Bình Thuận,NTB,AM Nhựt
NTB - Bình Thuận,(BTH) Đức Linh,Hàng Mới Ca 1,2026-08-27 - Thứ 5,176,99.43%,79.55%,0.00%,9.32,140,0,175,0,36,1,0.57%,20.45%,176,Bình Thuận,NTB,AM Nhựt
NTB - Bình Thuận,(BTH) Đức Linh,Hàng Mới Ca 1,2026-08-25 - Thứ 3,157,100.00%,83.44%,0.00%,6.14,131,0,157,0,26,0,0.00%,16.56%,157,Bình Thuận,NTB,AM Nhựt
NTB - Bình Thuận,(BTH) Đức Linh,Hàng Mới Ca 1,2026-09-12 - Thứ 7,162,100.00%,73.46%,0.00%,12.26,119,0,162,0,43,0,0.00%,26.54%,162,Bình Thuận,NTB,AM Nhựt
NTB - Bình Thuận,(BTH) Đức Linh,Hàng Mới Ca 1,2026-09-10 - Thứ 5,224,100.00%,81.25%,0.00%,11.58,182,0,224,0,42,0,0.00%,18.75%,224,Bình Thuận,NTB,AM Nhựt
NTB - Bình Thuận,(BTH) Đức Linh,Hàng Mới Ca 1,2026-08-23 - Chủ Nhật,122,100.00%,90.98%,0.00%,5.15,111,0,122,0,11,0,0.00%,9.02%,122,Bình Thuận,NTB,AM Nhựt
NTB - Bình Thuận,(BTH) Đức Linh,Hàng Mới Ca 1,2026-08-31 - Thứ 2,113,99.12%,84.07%,0.00%,4.82,95,0,112,0,18,1,0.88%,15.93%,113,Bình Thuận,NTB,AM Nhựt
NTB - Bình Thuận,(BTH) Đức Linh,Hàng Mới Ca 1,2026-08-18 - Thứ 3,100,100.00%,89.00%,0.00%,4.79,89,0,100,0,11,0,0.00%,11.00%,100,Bình Thuận,NTB,AM Nhựt
NTB - Bình Thuận,(BTH) Đức Linh,Hàng Mới Ca 1,2026-08-28 - Thứ 6,109,99.08%,88.99%,0.00%,5.22,97,0,108,0,12,1,0.92%,11.01%,109,Bình Thuận,NTB,AM Nhựt
NTB - Bình Thuận,(BTH) Đức Linh,Hàng Mới Ca 1,2026-09-07 - Thứ 2,104,100.00%,79.81%,0.00%,6.47,83,0,104,0,21,0,0.00%,20.19%,104,Bình Thuận,NTB,AM Nhựt
NTB - Bình Thuận,(BTH) Đức Linh,Hàng Mới Ca 1,2026-09-03 - Thứ 5,95,100.00%,85.26%,0.00%,5.63,81,0,95,0,14,0,0.00%,14.74%,95,Bình Thuận,NTB,AM Nhựt
NTB - Bình Thuận,(BTH) Đức Linh,Hàng Mới Ca 1,2026-09-13 - Chủ Nhật,202,100.00%,73.27%,0.00%,14.55,148,0,202,0,54,0,0.00%,26.73%,202,Bình Thuận,NTB,AM Nhựt
NTB - Bình Thuận,(BTH) Đức Linh,Hàng Mới Ca 1,2026-09-01 - Thứ 3,154,100.00%,87.01%,0.00%,5.69,134,0,154,0,20,0,0.00%,12.99%,154,Bình Thuận,NTB,AM Nhựt
NTB - Bình Thuận,(BTH) Đức Linh,Hàng Mới Ca 1,2026-08-22 - Thứ 7,104,100.00%,80.77%,0.00%,5.26,84,0,104,0,20,0,0.00%,19.23%,104,Bình Thuận,NTB,AM Nhựt
NTB - Bình Thuận,(BTH) Đức Linh,Hàng Mới Ca 1,2026-09-02 - Thứ 4,55,100.00%,83.64%,0.00%,4.52,46,0,55,0,9,0,0.00%,16.36%,55,Bình Thuận,NTB,AM Nhựt
NTB - Bình Thuận,(BTH) Đức Linh,Hàng Mới Ca 1,2026-08-19 - Thứ 4,61,100.00%,85.25%,0.00%,4.12,52,0,61,0,9,0,0.00%,14.75%,61,Bình Thuận,NTB,AM Nhựt
NTB - Bình Thuận,(BTH) Đức Linh,Hàng Mới Ca 1,2026-09-09 - Thứ 4,65,100.00%,87.69%,0.00%,5.63,57,0,65,0,8,0,0.00%,12.31%,65,Bình Thuận,NTB,AM Nhựt
NTB - Bình Thuận,(BTH) Đức Linh,Hàng Mới Ca 1,2026-08-20 - Thứ 5,70,98.57%,85.71%,0.00%,6.35,60,0,69,0,10,1,1.43%,14.29%,70,Bình Thuận,NTB,AM Nhựt
NTB - Bình Thuận,(BTH) Đức Linh,Hàng Mới Ca 1,2026-08-26 - Thứ 4,83,100.00%,83.13%,0.00%,5.52,69,0,83,0,14,0,0.00%,16.87%,83,Bình Thuận,NTB,AM Nhựt
NTB - Bình Thuận,(BTH) Đức Linh,Hàng Mới Ca 1,2026-08-21 - Thứ 6,83,100.00%,84.34%,0.00%,5.26,70,0,83,0,13,0,0.00%,15.66%,83,Bình Thuận,NTB,AM Nhựt
NTB - Bình Thuận,(BTH) Đức Linh,Hàng Mới Ca 1,2026-09-04 - Thứ 6,90,100.00%,81.11%,0.00%,5.47,73,0,90,0,17,0,0.00%,18.89%,90,Bình Thuận,NTB,AM Nhựt
NTB - Bình Thuận,(BTH) Đức Linh,Hàng Mới Ca 1,2026-08-24 - Thứ 2,80,98.75%,91.25%,0.00%,5.21,73,0,79,0,7,1,1.25%,8.75%,80,Bình Thuận,NTB,AM Nhựt
NTB - Bình Thuận,(BTH) Đức Linh,Hàng Mới Ca 1,2026-09-05 - Thứ 7,94,100.00%,80.85%,0.00%,4.71,76,0,94,0,18,0,0.00%,19.15%,94,Bình Thuận,NTB,AM Nhựt
NTB - Bình Thuận,(BTH) Đức Linh,Hàng Mới Ca 1,2026-09-11 - Thứ 6,113,100.00%,75.22%,0.00%,11.81,85,0,113,0,28,0,0.00%,24.78%,113,Bình Thuận,NTB,AM Nhựt
NTB - Bình Thuận,(BTH) Đức Linh,Hàng Mới Ca 2,2026-09-13 - Chủ Nhật,81,0.00%,0.00%,0.00%,,0,0,0,0,81,81,100.00%,100.00%,81,Bình Thuận,NTB,AM Nhựt
NTB - Bình Thuận,(BTH) Đức Linh,Hàng Mới Ca 2,2026-09-12 - Thứ 7,24,8.33%,4.17%,0.00%,4,1,0,2,0,23,22,91.67%,95.83%,24,Bình Thuận,NTB,AM Nhựt
NTB - Bình Thuận,(BTH) Đức Linh,Hàng Mới Ca 2,2026-09-11 - Thứ 6,103,12.62%,11.65%,0.00%,2.83,12,0,13,0,91,90,87.38%,88.35%,103,Bình Thuận,NTB,AM Nhựt
NTB - Bình Thuận,(BTH) Đức Linh,Hàng Mới Ca 2,2026-08-31 - Thứ 2,101,18.81%,15.84%,0.00%,1.69,16,0,19,0,85,82,81.19%,84.16%,101,Bình Thuận,NTB,AM Nhựt
NTB - Bình Thuận,(BTH) Đức Linh,Hàng Mới Ca 2,2026-09-03 - Thứ 5,62,35.48%,30.65%,0.00%,2.58,19,0,22,0,43,40,64.52%,69.35%,62,Bình Thuận,NTB,AM Nhựt
NTB - Bình Thuận,(BTH) Đức Linh,Hàng Mới Ca 2,2026-08-24 - Thứ 2,59,40.68%,33.90%,0.00%,1.65,20,0,24,0,39,35,59.32%,66.10%,59,Bình Thuận,NTB,AM Nhựt
NTB - Bình Thuận,(BTH) Đức Linh,Hàng Mới Ca 2,2026-09-08 - Thứ 3,96,31.25%,26.04%,0.00%,2.4,25,0,30,0,71,66,68.75%,73.96%,96,Bình Thuận,NTB,AM Nhựt
NTB - Bình Thuận,(BTH) Đức Linh,Hàng Mới Ca 2,2026-09-06 - Chủ Nhật,163,22.09%,17.18%,0.00%,3.18,28,0,36,0,135,127,77.91%,82.82%,163,Bình Thuận,NTB,AM Nhựt
NTB - Bình Thuận,(BTH) Đức Linh,Hàng Mới Ca 2,2026-08-27 - Thứ 5,116,29.31%,25.00%,0.00%,2.83,29,0,34,0,87,82,70.69%,75.00%,116,Bình Thuận,NTB,AM Nhựt
NTB - Bình Thuận,(BTH) Đức Linh,Hàng Mới Ca 2,2026-08-28 - Thứ 6,136,27.21%,21.32%,0.00%,2.38,29,0,37,0,107,99,72.79%,78.68%,136,Bình Thuận,NTB,AM Nhựt
NTB - Bình Thuận,(BTH) Đức Linh,Hàng Mới Ca 2,2026-09-01 - Thứ 3,100,30.00%,29.00%,0.00%,2.21,29,0,30,0,71,70,70.00%,71.00%,100,Bình Thuận,NTB,AM Nhựt
NTB - Bình Thuận,(BTH) Đức Linh,Hàng Mới Ca 2,2026-08-29 - Thứ 7,86,46.51%,34.88%,0.00%,2.63,30,0,40,0,56,46,53.49%,65.12%,86,Bình Thuận,NTB,AM Nhựt
NTB - Bình Thuận,(BTH) Đức Linh,Hàng Mới Ca 2,2026-09-10 - Thứ 5,131,26.72%,23.66%,0.00%,3.68,31,0,35,0,100,96,73.28%,76.34%,131,Bình Thuận,NTB,AM Nhựt
NTB - Bình Thuận,(BTH) Đức Linh,Hàng Mới Ca 2,2026-08-17 - Thứ 2,74,54.05%,43.24%,0.00%,1.41,32,0,40,0,42,34,45.95%,56.76%,74,Bình Thuận,NTB,AM Nhựt
NTB - Bình Thuận,(BTH) Đức Linh,Hàng Mới Ca 2,2026-09-04 - Thứ 6,71,47.89%,45.07%,0.00%,1.56,32,0,34,0,39,37,52.11%,54.93%,71,Bình Thuận,NTB,AM Nhựt
NTB - Bình Thuận,(BTH) Đức Linh,Hàng Mới Ca 2,2026-09-07 - Thứ 2,89,40.45%,35.96%,0.00%,2.22,32,0,36,0,57,53,59.55%,64.04%,89,Bình Thuận,NTB,AM Nhựt
NTB - Bình Thuận,(BTH) Đức Linh,Hàng Mới Ca 2,2026-08-26 - Thứ 4,134,28.36%,26.12%,0.00%,2.29,35,0,38,0,99,96,71.64%,73.88%,134,Bình Thuận,NTB,AM Nhựt
NTB - Bình Thuận,(BTH) Đức Linh,Hàng Mới Ca 2,2026-08-30 - Chủ Nhật,123,34.96%,32.52%,0.00%,2.23,40,0,43,0,83,80,65.04%,67.48%,123,Bình Thuận,NTB,AM Nhựt
NTB - Bình Thuận,(BTH) Đức Linh,Hàng Mới Ca 2,2026-09-05 - Thứ 7,136,35.29%,29.41%,0.00%,2.35,40,0,48,0,96,88,64.71%,70.59%,136,Bình Thuận,NTB,AM Nhựt
NTB - Bình Thuận,(BTH) Đức Linh,Hàng Mới Ca 2,2026-08-25 - Thứ 3,116,43.10%,36.21%,0.00%,2.31,42,0,50,0,74,66,56.90%,63.79%,116,Bình Thuận,NTB,AM Nhựt
NTB - Bình Thuận,(BTH) Đức Linh,Hàng Mới Ca 2,2026-08-23 - Chủ Nhật,122,45.90%,40.16%,0.00%,2.22,49,0,56,0,73,66,54.10%,59.84%,122,Bình Thuận,NTB,AM Nhựt
NTB - Bình Thuận,(BTH) Đức Linh,Hàng Mới Ca 2,2026-09-02 - Thứ 4,126,45.24%,40.48%,0.00%,2.24,51,0,57,0,75,69,54.76%,59.52%,126,Bình Thuận,NTB,AM Nhựt
NTB - Bình Thuận,(BTH) Đức Linh,Hàng Mới Ca 2,2026-08-22 - Thứ 7,149,38.26%,36.24%,0.00%,2.43,54,0,57,0,95,92,61.74%,63.76%,149,Bình Thuận,NTB,AM Nhựt
NTB - Bình Thuận,(BTH) Đức Linh,Hàng Mới Ca 2,2026-08-21 - Thứ 6,136,43.38%,41.91%,0.00%,2.28,57,0,59,0,79,77,56.62%,58.09%,136,Bình Thuận,NTB,AM Nhựt
NTB - Bình Thuận,(BTH) Đức Linh,Hàng Mới Ca 2,2026-08-20 - Thứ 5,162,43.83%,41.98%,0.00%,2.24,68,0,71,0,94,91,56.17%,58.02%,162,Bình Thuận,NTB,AM Nhựt
NTB - Bình Thuận,(BTH) Đức Linh,Hàng Mới Ca 2,2026-08-19 - Thứ 4,145,52.41%,47.59%,0.00%,2.58,69,0,76,0,76,69,47.59%,52.41%,145,Bình Thuận,NTB,AM Nhựt
NTB - Bình Thuận,(BTH) Đức Linh,Hàng Mới Ca 2,2026-08-18 - Thứ 3,151,55.63%,49.67%,0.00%,2.28,75,0,84,0,76,67,44.37%,50.33%,151,Bình Thuận,NTB,AM Nhựt
NTB - Bình Thuận,(BTH) Đức Linh,Hàng Tồn,2026-08-30 - Chủ Nhật,123,100.00%,63.41%,1.63%,33.83,78,2,123,2,43,0,0.00%,34.96%,0,Bình Thuận,NTB,AM Nhựt
NTB - Bình Thuận,(BTH) Đức Linh,Hàng Tồn,2026-09-06 - Chủ Nhật,136,100.00%,71.32%,2.21%,27.49,97,3,136,3,36,0,0.00%,26.47%,0,Bình Thuận,NTB,AM Nhựt
NTB - Bình Thuận,(BTH) Đức Linh,Hàng Tồn,2026-08-29 - Thứ 7,166,100.00%,68.07%,1.81%,31.27,113,3,166,3,50,0,0.00%,30.12%,0,Bình Thuận,NTB,AM Nhựt
NTB - Bình Thuận,(BTH) Đức Linh,Hàng Tồn,2026-08-27 - Thứ 5,151,98.68%,74.83%,3.31%,29.96,113,5,149,5,33,2,1.32%,21.86%,0,Bình Thuận,NTB,AM Nhựt
NTB - Bình Thuận,(BTH) Đức Linh,Hàng Tồn,2026-09-02 - Thứ 4,131,100.00%,67.18%,3.82%,27,88,5,131,5,38,0,0.00%,29.00%,0,Bình Thuận,NTB,AM Nhựt
NTB - Bình Thuận,(BTH) Đức Linh,Hàng Tồn,2026-09-12 - Thứ 7,170,100.00%,57.06%,2.35%,34.07,97,4,170,4,69,0,0.00%,40.59%,0,Bình Thuận,NTB,AM Nhựt
NTB - Bình Thuận,(BTH) Đức Linh,Hàng Tồn,2026-09-09 - Thứ 4,129,99.22%,65.12%,4.65%,31.61,84,6,128,6,39,1,0.78%,30.23%,0,Bình Thuận,NTB,AM Nhựt
NTB - Bình Thuận,(BTH) Đức Linh,Hàng Tồn,2026-08-23 - Chủ Nhật,160,98.75%,62.50%,2.50%,30.36,100,4,158,4,56,2,1.25%,35.00%,0,Bình Thuận,NTB,AM Nhựt
NTB - Bình Thuận,(BTH) Đức Linh,Hàng Tồn,2026-08-31 - Thứ 2,134,100.00%,64.18%,8.96%,28.13,86,12,134,12,36,0,0.00%,26.86%,0,Bình Thuận,NTB,AM Nhựt
NTB - Bình Thuận,(BTH) Đức Linh,Hàng Tồn,2026-08-21 - Thứ 6,145,98.62%,68.28%,1.38%,29.59,99,2,143,2,44,2,1.38%,30.34%,0,Bình Thuận,NTB,AM Nhựt
NTB - Bình Thuận,(BTH) Đức Linh,Hàng Tồn,2026-08-28 - Thứ 6,152,100.00%,65.79%,1.32%,31.9,100,2,152,2,50,0,0.00%,32.89%,0,Bình Thuận,NTB,AM Nhựt
NTB - Bình Thuận,(BTH) Đức Linh,Hàng Tồn,2026-09-07 - Thứ 2,179,99.44%,72.63%,0.56%,27.23,130,1,178,1,48,1,0.56%,26.81%,0,Bình Thuận,NTB,AM Nhựt
NTB - Bình Thuận,(BTH) Đức Linh,Hàng Tồn,2026-09-03 - Thứ 5,118,99.15%,71.19%,3.39%,27.87,84,4,117,4,30,1,0.85%,25.42%,0,Bình Thuận,NTB,AM Nhựt
NTB - Bình Thuận,(BTH) Đức Linh,Hàng Tồn,2026-08-26 - Thứ 4,141,98.58%,61.70%,7.09%,28.98,87,10,139,10,44,2,1.42%,31.21%,0,Bình Thuận,NTB,AM Nhựt
NTB - Bình Thuận,(BTH) Đức Linh,Hàng Tồn,2026-09-11 - Thứ 6,162,98.77%,62.96%,3.70%,29.29,102,6,160,6,54,2,1.23%,33.34%,0,Bình Thuận,NTB,AM Nhựt
NTB - Bình Thuận,(BTH) Đức Linh,Hàng Tồn,2026-08-24 - Thứ 2,136,97.79%,61.76%,2.94%,32.08,84,4,133,4,48,3,2.21%,35.30%,0,Bình Thuận,NTB,AM Nhựt
NTB - Bình Thuận,(BTH) Đức Linh,Hàng Tồn,2026-08-22 - Thứ 7,133,97.74%,60.90%,3.76%,27.35,81,5,130,5,47,3,2.26%,35.34%,0,Bình Thuận,NTB,AM Nhựt
NTB - Bình Thuận,(BTH) Đức Linh,Hàng Tồn,2026-09-10 - Thứ 5,45,97.78%,37.78%,8.89%,61.18,17,4,44,4,24,1,2.22%,53.33%,0,Bình Thuận,NTB,AM Nhựt
NTB - Bình Thuận,(BTH) Đức Linh,Hàng Tồn,2026-08-25 - Thứ 3,92,96.74%,46.74%,4.35%,34.63,43,4,89,4,45,3,3.26%,48.91%,0,Bình Thuận,NTB,AM Nhựt
NTB - Bình Thuận,(BTH) Đức Linh,Hàng Tồn,2026-08-18 - Thứ 3,85,98.82%,51.76%,5.88%,28.55,44,5,84,5,36,1,1.18%,42.36%,0,Bình Thuận,NTB,AM Nhựt
NTB - Bình Thuận,(BTH) Đức Linh,Hàng Tồn,2026-09-04 - Thứ 6,85,100.00%,61.18%,5.88%,33.9,52,5,85,5,28,0,0.00%,32.94%,0,Bình Thuận,NTB,AM Nhựt
NTB - Bình Thuận,(BTH) Đức Linh,Hàng Tồn,2026-09-05 - Thứ 7,84,100.00%,65.48%,4.76%,32.65,55,4,84,4,25,0,0.00%,29.76%,0,Bình Thuận,NTB,AM Nhựt
NTB - Bình Thuận,(BTH) Đức Linh,Hàng Tồn,2026-08-17 - Thứ 2,102,97.06%,58.82%,3.92%,31.3,60,4,99,4,38,3,2.94%,37.26%,0,Bình Thuận,NTB,AM Nhựt
NTB - Bình Thuận,(BTH) Đức Linh,Hàng Tồn,2026-09-13 - Chủ Nhật,133,100.00%,46.62%,4.51%,41.42,62,6,133,6,65,0,0.00%,48.87%,0,Bình Thuận,NTB,AM Nhựt
NTB - Bình Thuận,(BTH) Đức Linh,Hàng Tồn,2026-08-20 - Thứ 5,117,99.15%,58.12%,2.56%,29.84,68,3,116,3,46,1,0.85%,39.32%,0,Bình Thuận,NTB,AM Nhựt
NTB - Bình Thuận,(BTH) Đức Linh,Hàng Tồn,2026-09-08 - Thứ 3,123,99.19%,59.35%,1.63%,32.23,73,2,122,2,48,1,0.81%,39.02%,0,Bình Thuận,NTB,AM Nhựt
NTB - Bình Thuận,(BTH) Đức Linh,Hàng Tồn,2026-08-19 - Thứ 4,119,99.16%,63.87%,5.04%,28.14,76,6,118,6,37,1,0.84%,31.09%,0,Bình Thuận,NTB,AM Nhựt
NTB - Bình Thuận,(BTH) Đức Linh,Hàng Tồn,2026-09-01 - Thứ 3,131,99.24%,64.89%,0.00%,27.58,85,0,130,0,46,1,0.76%,35.11%,0,Bình Thuận,NTB,AM Nhựt
NTB - Bình Thuận,(BTH) Đồng Kho,Hàng Mới Ca 1,2026-09-08 - Thứ 3,148,99.32%,82.43%,0.00%,8.34,122,0,147,0,26,1,0.68%,17.57%,148,Bình Thuận,NTB,AM Nhựt
NTB - Bình Thuận,(BTH) Đồng Kho,Hàng Mới Ca 1,2026-08-20 - Thứ 5,103,100.00%,80.58%,0.00%,11.83,83,0,103,0,20,0,0.00%,19.42%,103,Bình Thuận,NTB,AM Nhựt
NTB - Bình Thuận,(BTH) Đồng Kho,Hàng Mới Ca 1,2026-08-30 - Chủ Nhật,95,100.00%,88.42%,0.00%,5.08,84,0,95,0,11,0,0.00%,11.58%,95,Bình Thuận,NTB,AM Nhựt
NTB - Bình Thuận,(BTH) Đồng Kho,Hàng Mới Ca 1,2026-08-19 - Thứ 4,120,100.00%,81.67%,0.00%,10.95,98,0,120,0,22,0,0.00%,18.33%,120,Bình Thuận,NTB,AM Nhựt
NTB - Bình Thuận,(BTH) Đồng Kho,Hàng Mới Ca 1,2026-08-29 - Thứ 7,174,99.43%,75.86%,0.00%,10.17,132,0,173,0,42,1,0.57%,24.14%,174,Bình Thuận,NTB,AM Nhựt
NTB - Bình Thuận,(BTH) Đồng Kho,Hàng Mới Ca 1,2026-08-27 - Thứ 5,184,98.91%,84.24%,0.00%,11.37,155,0,182,0,29,2,1.09%,15.76%,184,Bình Thuận,NTB,AM Nhựt
NTB - Bình Thuận,(BTH) Đồng Kho,Hàng Mới Ca 1,2026-08-25 - Thứ 3,98,100.00%,89.80%,0.00%,5.72,88,0,98,0,10,0,0.00%,10.20%,98,Bình Thuận,NTB,AM Nhựt
NTB - Bình Thuận,(BTH) Đồng Kho,Hàng Mới Ca 1,2026-09-12 - Thứ 7,157,99.36%,79.62%,0.00%,13.22,125,0,156,0,32,1,0.64%,20.38%,157,Bình Thuận,NTB,AM Nhựt
NTB - Bình Thuận,(BTH) Đồng Kho,Hàng Mới Ca 1,2026-09-10 - Thứ 5,170,98.82%,77.06%,0.00%,9.6,131,0,168,0,39,2,1.18%,22.94%,170,Bình Thuận,NTB,AM Nhựt
NTB - Bình Thuận,(BTH) Đồng Kho,Hàng Mới Ca 1,2026-08-23 - Chủ Nhật,149,99.33%,76.51%,0.00%,9.81,114,0,148,0,35,1,0.67%,23.49%,149,Bình Thuận,NTB,AM Nhựt
NTB - Bình Thuận,(BTH) Đồng Kho,Hàng Mới Ca 1,2026-08-31 - Thứ 2,117,100.00%,80.34%,0.00%,11.07,94,0,117,0,23,0,0.00%,19.66%,117,Bình Thuận,NTB,AM Nhựt
NTB - Bình Thuận,(BTH) Đồng Kho,Hàng Mới Ca 1,2026-08-21 - Thứ 6,118,100.00%,83.05%,0.00%,10.99,98,0,118,0,20,0,0.00%,16.95%,118,Bình Thuận,NTB,AM Nhựt
NTB - Bình Thuận,(BTH) Đồng Kho,Hàng Mới Ca 1,2026-08-18 - Thứ 3,114,100.00%,88.60%,0.00%,7.07,101,0,114,0,13,0,0.00%,11.40%,114,Bình Thuận,NTB,AM Nhựt
NTB - Bình Thuận,(BTH) Đồng Kho,Hàng Mới Ca 1,2026-09-05 - Thứ 7,116,100.00%,82.76%,0.00%,8.18,96,0,116,0,20,0,0.00%,17.24%,116,Bình Thuận,NTB,AM Nhựt
NTB - Bình Thuận,(BTH) Đồng Kho,Hàng Mới Ca 1,2026-08-28 - Thứ 6,123,100.00%,82.93%,0.00%,8.96,102,0,123,0,21,0,0.00%,17.07%,123,Bình Thuận,NTB,AM Nhựt
NTB - Bình Thuận,(BTH) Đồng Kho,Hàng Mới Ca 1,2026-09-07 - Thứ 2,143,99.30%,81.12%,0.00%,11.62,116,0,142,0,27,1,0.70%,18.88%,143,Bình Thuận,NTB,AM Nhựt
NTB - Bình Thuận,(BTH) Đồng Kho,Hàng Mới Ca 1,2026-08-26 - Thứ 4,95,100.00%,93.68%,0.00%,9.67,89,0,95,0,6,0,0.00%,6.32%,95,Bình Thuận,NTB,AM Nhựt
NTB - Bình Thuận,(BTH) Đồng Kho,Hàng Mới Ca 1,2026-09-13 - Chủ Nhật,158,96.84%,79.11%,0.00%,13.05,125,0,153,0,33,5,3.16%,20.89%,158,Bình Thuận,NTB,AM Nhựt
NTB - Bình Thuận,(BTH) Đồng Kho,Hàng Mới Ca 1,2026-09-11 - Thứ 6,147,95.24%,81.63%,0.00%,15.78,120,0,140,0,27,7,4.76%,18.37%,147,Bình Thuận,NTB,AM Nhựt
NTB - Bình Thuận,(BTH) Đồng Kho,Hàng Mới Ca 1,2026-08-24 - Thứ 2,112,100.00%,85.71%,0.00%,11.57,96,0,112,0,16,0,0.00%,14.29%,112,Bình Thuận,NTB,AM Nhựt
NTB - Bình Thuận,(BTH) Đồng Kho,Hàng Mới Ca 1,2026-09-01 - Thứ 3,151,100.00%,82.78%,0.00%,7.8,125,0,151,0,26,0,0.00%,17.22%,151,Bình Thuận,NTB,AM Nhựt
NTB - Bình Thuận,(BTH) Đồng Kho,Hàng Mới Ca 1,2026-08-22 - Thứ 7,104,99.04%,78.85%,0.00%,11.4,82,0,103,0,22,1,0.96%,21.15%,104,Bình Thuận,NTB,AM Nhựt
NTB - Bình Thuận,(BTH) Đồng Kho,Hàng Mới Ca 1,2026-09-04 - Thứ 6,65,100.00%,84.62%,0.00%,4.15,55,0,65,0,10,0,0.00%,15.38%,65,Bình Thuận,NTB,AM Nhựt
NTB - Bình Thuận,(BTH) Đồng Kho,Hàng Mới Ca 1,2026-09-09 - Thứ 4,80,97.50%,85.00%,0.00%,10,68,0,78,0,12,2,2.50%,15.00%,80,Bình Thuận,NTB,AM Nhựt
NTB - Bình Thuận,(BTH) Đồng Kho,Hàng Mới Ca 1,2026-09-03 - Thứ 5,89,97.75%,84.27%,0.00%,8.49,75,0,87,0,14,2,2.25%,15.73%,89,Bình Thuận,NTB,AM Nhựt
NTB - Bình Thuận,(BTH) Đồng Kho,Hàng Mới Ca 1,2026-09-06 - Chủ Nhật,103,100.00%,82.52%,0.00%,11.11,85,0,103,0,18,0,0.00%,17.48%,103,Bình Thuận,NTB,AM Nhựt
NTB - Bình Thuận,(BTH) Đồng Kho,Hàng Mới Ca 1,2026-08-17 - Thứ 2,93,100.00%,91.40%,0.00%,9.99,85,0,93,0,8,0,0.00%,8.60%,93,Bình Thuận,NTB,AM Nhựt
NTB - Bình Thuận,(BTH) Đồng Kho,Hàng Mới Ca 1,2026-09-02 - Thứ 4,102,99.02%,83.33%,0.00%,4.51,85,0,101,0,17,1,0.98%,16.67%,102,Bình Thuận,NTB,AM Nhựt
NTB - Bình Thuận,(BTH) Đồng Kho,Hàng Mới Ca 2,2026-09-03 - Thứ 5,49,20.41%,12.24%,0.00%,3.5,6,0,10,0,43,39,79.59%,87.76%,49,Bình Thuận,NTB,AM Nhựt
NTB - Bình Thuận,(BTH) Đồng Kho,Hàng Mới Ca 2,2026-08-31 - Thứ 2,54,18.52%,14.81%,0.00%,1.5,8,0,10,0,46,44,81.48%,85.19%,54,Bình Thuận,NTB,AM Nhựt
NTB - Bình Thuận,(BTH) Đồng Kho,Hàng Mới Ca 2,2026-09-12 - Thứ 7,15,60.00%,60.00%,0.00%,1.67,9,0,9,0,6,6,40.00%,40.00%,15,Bình Thuận,NTB,AM Nhựt
NTB - Bình Thuận,(BTH) Đồng Kho,Hàng Mới Ca 2,2026-09-11 - Thứ 6,23,43.48%,39.13%,0.00%,3.33,9,0,10,0,14,13,56.52%,60.87%,23,Bình Thuận,NTB,AM Nhựt
NTB - Bình Thuận,(BTH) Đồng Kho,Hàng Mới Ca 2,2026-08-24 - Thứ 2,54,16.67%,16.67%,0.00%,4.56,9,0,9,0,45,45,83.33%,83.33%,54,Bình Thuận,NTB,AM Nhựt
NTB - Bình Thuận,(BTH) Đồng Kho,Hàng Mới Ca 2,2026-08-30 - Chủ Nhật,65,16.92%,15.38%,0.00%,1.5,10,0,11,0,55,54,83.08%,84.62%,65,Bình Thuận,NTB,AM Nhựt
NTB - Bình Thuận,(BTH) Đồng Kho,Hàng Mới Ca 2,2026-08-29 - Thứ 7,66,25.76%,15.15%,0.00%,3,10,0,17,0,56,49,74.24%,84.85%,66,Bình Thuận,NTB,AM Nhựt
NTB - Bình Thuận,(BTH) Đồng Kho,Hàng Mới Ca 2,2026-09-10 - Thứ 5,27,44.44%,37.04%,0.00%,2,10,0,12,0,17,15,55.56%,62.96%,27,Bình Thuận,NTB,AM Nhựt
NTB - Bình Thuận,(BTH) Đồng Kho,Hàng Mới Ca 2,2026-09-07 - Thứ 2,48,25.00%,20.83%,0.00%,1.7,10,0,12,0,38,36,75.00%,79.17%,48,Bình Thuận,NTB,AM Nhựt
NTB - Bình Thuận,(BTH) Đồng Kho,Hàng Mới Ca 2,2026-09-09 - Thứ 4,47,23.40%,23.40%,0.00%,2.27,11,0,11,0,36,36,76.60%,76.60%,47,Bình Thuận,NTB,AM Nhựt
NTB - Bình Thuận,(BTH) Đồng Kho,Hàng Mới Ca 2,2026-08-26 - Thứ 4,64,20.31%,17.19%,0.00%,2.09,11,0,13,0,53,51,79.69%,82.81%,64,Bình Thuận,NTB,AM Nhựt
NTB - Bình Thuận,(BTH) Đồng Kho,Hàng Mới Ca 2,2026-09-13 - Chủ Nhật,34,41.18%,32.35%,0.00%,1.73,11,0,14,0,23,20,58.82%,67.65%,34,Bình Thuận,NTB,AM Nhựt
NTB - Bình Thuận,(BTH) Đồng Kho,Hàng Mới Ca 2,2026-08-22 - Thứ 7,59,18.64%,18.64%,0.00%,1.27,11,0,11,0,48,48,81.36%,81.36%,59,Bình Thuận,NTB,AM Nhựt
NTB - Bình Thuận,(BTH) Đồng Kho,Hàng Mới Ca 2,2026-09-01 - Thứ 3,24,58.33%,50.00%,0.00%,1.83,12,0,14,0,12,10,41.67%,50.00%,24,Bình Thuận,NTB,AM Nhựt
NTB - Bình Thuận,(BTH) Đồng Kho,Hàng Mới Ca 2,2026-09-08 - Thứ 3,48,31.25%,27.08%,0.00%,2.38,13,0,15,0,35,33,68.75%,72.92%,48,Bình Thuận,NTB,AM Nhựt
NTB - Bình Thuận,(BTH) Đồng Kho,Hàng Mới Ca 2,2026-08-28 - Thứ 6,32,40.63%,40.63%,0.00%,2.15,13,0,13,0,19,19,59.37%,59.37%,32,Bình Thuận,NTB,AM Nhựt
NTB - Bình Thuận,(BTH) Đồng Kho,Hàng Mới Ca 2,2026-08-18 - Thứ 3,70,27.14%,22.86%,0.00%,3.44,16,0,19,0,54,51,72.86%,77.14%,70,Bình Thuận,NTB,AM Nhựt
NTB - Bình Thuận,(BTH) Đồng Kho,Hàng Mới Ca 2,2026-08-27 - Thứ 5,66,27.27%,25.76%,0.00%,3.06,17,0,18,0,49,48,72.73%,74.24%,66,Bình Thuận,NTB,AM Nhựt
NTB - Bình Thuận,(BTH) Đồng Kho,Hàng Mới Ca 2,2026-09-06 - Chủ Nhật,89,26.97%,21.35%,0.00%,3.58,19,0,24,0,70,65,73.03%,78.65%,89,Bình Thuận,NTB,AM Nhựt
NTB - Bình Thuận,(BTH) Đồng Kho,Hàng Mới Ca 2,2026-08-17 - Thứ 2,55,36.36%,34.55%,0.00%,1.53,19,0,20,0,36,35,63.64%,65.45%,55,Bình Thuận,NTB,AM Nhựt
NTB - Bình Thuận,(BTH) Đồng Kho,Hàng Mới Ca 2,2026-08-25 - Thứ 3,64,40.63%,31.25%,0.00%,2.55,20,0,26,0,44,38,59.37%,68.75%,64,Bình Thuận,NTB,AM Nhựt
NTB - Bình Thuận,(BTH) Đồng Kho,Hàng Mới Ca 2,2026-08-23 - Chủ Nhật,81,24.69%,24.69%,0.00%,2.7,20,0,20,0,61,61,75.31%,75.31%,81,Bình Thuận,NTB,AM Nhựt
NTB - Bình Thuận,(BTH) Đồng Kho,Hàng Mới Ca 2,2026-09-04 - Thứ 6,51,47.06%,41.18%,0.00%,2,21,0,24,0,30,27,52.94%,58.82%,51,Bình Thuận,NTB,AM Nhựt
NTB - Bình Thuận,(BTH) Đồng Kho,Hàng Mới Ca 2,2026-08-21 - Thứ 6,77,38.96%,28.57%,0.00%,2.55,22,0,30,0,55,47,61.04%,71.43%,77,Bình Thuận,NTB,AM Nhựt
NTB - Bình Thuận,(BTH) Đồng Kho,Hàng Mới Ca 2,2026-08-20 - Thứ 5,74,41.89%,36.49%,0.00%,2.33,27,0,31,0,47,43,58.11%,63.51%,74,Bình Thuận,NTB,AM Nhựt
NTB - Bình Thuận,(BTH) Đồng Kho,Hàng Mới Ca 2,2026-09-02 - Thứ 4,84,38.10%,32.14%,0.00%,2.48,27,0,32,0,57,52,61.90%,67.86%,84,Bình Thuận,NTB,AM Nhựt
NTB - Bình Thuận,(BTH) Đồng Kho,Hàng Mới Ca 2,2026-09-05 - Thứ 7,73,46.58%,41.10%,0.00%,2.13,30,0,34,0,43,39,53.42%,58.90%,73,Bình Thuận,NTB,AM Nhựt
NTB - Bình Thuận,(BTH) Đồng Kho,Hàng Mới Ca 2,2026-08-19 - Thứ 4,91,36.26%,34.07%,0.00%,2.68,31,0,33,0,60,58,63.74%,65.93%,91,Bình Thuận,NTB,AM Nhựt
NTB - Bình Thuận,(BTH) Đồng Kho,Hàng Tồn,2026-08-30 - Chủ Nhật,130,100.00%,64.62%,1.54%,33.15,84,2,130,2,44,0,0.00%,33.84%,0,Bình Thuận,NTB,AM Nhựt
NTB - Bình Thuận,(BTH) Đồng Kho,Hàng Tồn,2026-08-25 - Thứ 3,100,100.00%,67.00%,3.00%,34.7,67,3,100,3,30,0,0.00%,30.00%,0,Bình Thuận,NTB,AM Nhựt
NTB - Bình Thuận,(BTH) Đồng Kho,Hàng Tồn,2026-08-24 - Thứ 2,137,99.27%,63.50%,5.84%,38.38,87,8,136,8,42,1,0.73%,30.66%,0,Bình Thuận,NTB,AM Nhựt
NTB - Bình Thuận,(BTH) Đồng Kho,Hàng Tồn,2026-08-29 - Thứ 7,67,95.52%,47.76%,0.00%,37.03,32,0,64,0,35,3,4.48%,52.24%,0,Bình Thuận,NTB,AM Nhựt
NTB - Bình Thuận,(BTH) Đồng Kho,Hàng Tồn,2026-09-11 - Thứ 6,81,96.30%,45.68%,9.88%,34.14,37,8,78,8,36,3,3.70%,44.44%,0,Bình Thuận,NTB,AM Nhựt
NTB - Bình Thuận,(BTH) Đồng Kho,Hàng Tồn,2026-09-02 - Thứ 4,75,100.00%,50.67%,8.00%,39.61,38,6,75,6,31,0,0.00%,41.33%,0,Bình Thuận,NTB,AM Nhựt
NTB - Bình Thuận,(BTH) Đồng Kho,Hàng Tồn,2026-09-13 - Chủ Nhật,59,100.00%,64.41%,1.69%,45.53,38,1,59,1,20,0,0.00%,33.90%,0,Bình Thuận,NTB,AM Nhựt
NTB - Bình Thuận,(BTH) Đồng Kho,Hàng Tồn,2026-08-18 - Thứ 3,77,100.00%,50.65%,5.19%,36.15,39,4,77,4,34,0,0.00%,44.16%,0,Bình Thuận,NTB,AM Nhựt
NTB - Bình Thuận,(BTH) Đồng Kho,Hàng Tồn,2026-09-05 - Thứ 7,77,98.70%,58.44%,3.90%,35.62,45,3,76,3,29,1,1.30%,37.66%,0,Bình Thuận,NTB,AM Nhựt
NTB - Bình Thuận,(BTH) Đồng Kho,Hàng Tồn,2026-08-17 - Thứ 2,84,100.00%,54.76%,2.38%,31.37,46,2,84,2,36,0,0.00%,42.86%,0,Bình Thuận,NTB,AM Nhựt
NTB - Bình Thuận,(BTH) Đồng Kho,Hàng Tồn,2026-09-12 - Thứ 7,80,100.00%,60.00%,6.25%,43.67,48,5,80,5,27,0,0.00%,33.75%,0,Bình Thuận,NTB,AM Nhựt
NTB - Bình Thuận,(BTH) Đồng Kho,Hàng Tồn,2026-09-10 - Thứ 5,85,100.00%,57.65%,2.35%,34.67,49,2,85,2,34,0,0.00%,40.00%,0,Bình Thuận,NTB,AM Nhựt
NTB - Bình Thuận,(BTH) Đồng Kho,Hàng Tồn,2026-09-04 - Thứ 6,91,98.90%,56.04%,4.40%,32.65,51,4,90,4,36,1,1.10%,39.56%,0,Bình Thuận,NTB,AM Nhựt
NTB - Bình Thuận,(BTH) Đồng Kho,Hàng Tồn,2026-09-06 - Chủ Nhật,90,98.89%,58.89%,5.56%,30.53,53,5,89,5,32,1,1.11%,35.55%,0,Bình Thuận,NTB,AM Nhựt
NTB - Bình Thuận,(BTH) Đồng Kho,Hàng Tồn,2026-08-26 - Thứ 4,82,100.00%,64.63%,4.88%,31.77,53,4,82,4,25,0,0.00%,30.49%,0,Bình Thuận,NTB,AM Nhựt
NTB - Bình Thuận,(BTH) Đồng Kho,Hàng Tồn,2026-08-27 - Thứ 5,78,100.00%,70.51%,0.00%,28.73,55,0,78,0,23,0,0.00%,29.49%,0,Bình Thuận,NTB,AM Nhựt
NTB - Bình Thuận,(BTH) Đồng Kho,Hàng Tồn,2026-09-03 - Thứ 5,102,98.04%,53.92%,7.84%,24.16,55,8,100,8,39,2,1.96%,38.24%,0,Bình Thuận,NTB,AM Nhựt
NTB - Bình Thuận,(BTH) Đồng Kho,Hàng Tồn,2026-09-01 - Thứ 3,97,100.00%,57.73%,1.03%,30.98,56,1,97,1,40,0,0.00%,41.24%,0,Bình Thuận,NTB,AM Nhựt
NTB - Bình Thuận,(BTH) Đồng Kho,Hàng Tồn,2026-09-08 - Thứ 3,103,100.00%,55.34%,5.83%,34.28,57,6,103,6,40,0,0.00%,38.83%,0,Bình Thuận,NTB,AM Nhựt
NTB - Bình Thuận,(BTH) Đồng Kho,Hàng Tồn,2026-09-09 - Thứ 4,98,98.98%,59.18%,2.04%,40.41,58,2,97,2,38,1,1.02%,38.78%,0,Bình Thuận,NTB,AM Nhựt
NTB - Bình Thuận,(BTH) Đồng Kho,Hàng Tồn,2026-08-21 - Thứ 6,105,100.00%,55.24%,2.86%,32.45,58,3,105,3,44,0,0.00%,41.90%,0,Bình Thuận,NTB,AM Nhựt
NTB - Bình Thuận,(BTH) Đồng Kho,Hàng Tồn,2026-08-19 - Thứ 4,98,100.00%,60.20%,2.04%,31.88,59,2,98,2,37,0,0.00%,37.76%,0,Bình Thuận,NTB,AM Nhựt
NTB - Bình Thuận,(BTH) Đồng Kho,Hàng Tồn,2026-08-23 - Chủ Nhật,109,100.00%,55.05%,4.59%,34.65,60,5,109,5,44,0,0.00%,40.36%,0,Bình Thuận,NTB,AM Nhựt
NTB - Bình Thuận,(BTH) Đồng Kho,Hàng Tồn,2026-08-28 - Thứ 6,97,100.00%,65.98%,4.12%,30.47,64,4,97,4,29,0,0.00%,29.90%,0,Bình Thuận,NTB,AM Nhựt
NTB - Bình Thuận,(BTH) Đồng Kho,Hàng Tồn,2026-08-22 - Thứ 7,116,99.14%,55.17%,5.17%,28.83,64,6,115,6,46,1,0.86%,39.66%,0,Bình Thuận,NTB,AM Nhựt
NTB - Bình Thuận,(BTH) Đồng Kho,Hàng Tồn,2026-08-20 - Thứ 5,116,100.00%,59.48%,6.90%,30.91,69,8,116,8,39,0,0.00%,33.62%,0,Bình Thuận,NTB,AM Nhựt
NTB - Bình Thuận,(BTH) Đồng Kho,Hàng Tồn,2026-09-07 - Thứ 2,116,99.14%,60.34%,2.59%,29.5,70,3,115,3,43,1,0.86%,37.07%,0,Bình Thuận,NTB,AM Nhựt
NTB - Bình Thuận,(BTH) Đồng Kho,Hàng Tồn,2026-08-31 - Thứ 2,105,100.00%,67.62%,3.81%,33.18,71,4,105,4,30,0,0.00%,28.57%,0,Bình Thuận,NTB,AM Nhựt
NTB - Bình Thuận,(BTH) Tân Hải,Hàng Mới Ca 1,2026-08-20 - Thứ 5,37,100.00%,94.59%,0.00%,4.89,35,0,37,0,2,0,0.00%,5.41%,37,Bình Thuận,NTB,AM Thủy
NTB - Bình Thuận,(BTH) Tân Hải,Hàng Mới Ca 1,2026-09-09 - Thứ 4,38,100.00%,94.74%,0.00%,4.44,36,0,38,0,2,0,0.00%,5.26%,38,Bình Thuận,NTB,AM Thủy
NTB - Bình Thuận,(BTH) Tân Hải,Hàng Mới Ca 1,2026-08-23 - Chủ Nhật,41,100.00%,87.80%,0.00%,5.39,36,0,41,0,5,0,0.00%,12.20%,41,Bình Thuận,NTB,AM Thủy
NTB - Bình Thuận,(BTH) Tân Hải,Hàng Mới Ca 1,2026-09-02 - Thứ 4,41,100.00%,90.24%,0.00%,4.22,37,0,41,0,4,0,0.00%,9.76%,41,Bình Thuận,NTB,AM Thủy
NTB - Bình Thuận,(BTH) Tân Hải,Hàng Mới Ca 1,2026-08-31 - Thứ 2,38,100.00%,97.37%,0.00%,5.43,37,0,38,0,1,0,0.00%,2.63%,38,Bình Thuận,NTB,AM Thủy
NTB - Bình Thuận,(BTH) Tân Hải,Hàng Mới Ca 1,2026-09-03 - Thứ 5,52,100.00%,73.08%,0.00%,4.95,38,0,52,0,14,0,0.00%,26.92%,52,Bình Thuận,NTB,AM Thủy
NTB - Bình Thuận,(BTH) Tân Hải,Hàng Mới Ca 1,2026-08-19 - Thứ 4,47,100.00%,82.98%,0.00%,5.31,39,0,47,0,8,0,0.00%,17.02%,47,Bình Thuận,NTB,AM Thủy
NTB - Bình Thuận,(BTH) Tân Hải,Hàng Mới Ca 1,2026-08-17 - Thứ 2,41,100.00%,95.12%,0.00%,4.79,39,0,41,0,2,0,0.00%,4.88%,41,Bình Thuận,NTB,AM Thủy
NTB - Bình Thuận,(BTH) Tân Hải,Hàng Mới Ca 1,2026-08-24 - Thứ 2,43,100.00%,90.70%,0.00%,4.59,39,0,43,0,4,0,0.00%,9.30%,43,Bình Thuận,NTB,AM Thủy
NTB - Bình Thuận,(BTH) Tân Hải,Hàng Mới Ca 1,2026-08-26 - Thứ 4,47,100.00%,89.36%,0.00%,5,42,0,47,0,5,0,0.00%,10.64%,47,Bình Thuận,NTB,AM Thủy
NTB - Bình Thuận,(BTH) Tân Hải,Hàng Mới Ca 1,2026-09-10 - Thứ 5,51,98.04%,84.31%,0.00%,5.33,43,0,50,0,8,1,1.96%,15.69%,51,Bình Thuận,NTB,AM Thủy
NTB - Bình Thuận,(BTH) Tân Hải,Hàng Mới Ca 1,2026-09-13 - Chủ Nhật,48,100.00%,91.67%,0.00%,5.7,44,0,48,0,4,0,0.00%,8.33%,48,Bình Thuận,NTB,AM Thủy
NTB - Bình Thuận,(BTH) Tân Hải,Hàng Mới Ca 1,2026-09-06 - Chủ Nhật,50,100.00%,94.00%,0.00%,4.47,47,0,50,0,3,0,0.00%,6.00%,50,Bình Thuận,NTB,AM Thủy
NTB - Bình Thuận,(BTH) Tân Hải,Hàng Mới Ca 1,2026-08-29 - Thứ 7,54,100.00%,88.89%,0.00%,4.98,48,0,54,0,6,0,0.00%,11.11%,54,Bình Thuận,NTB,AM Thủy
NTB - Bình Thuận,(BTH) Tân Hải,Hàng Mới Ca 1,2026-09-04 - Thứ 6,52,100.00%,92.31%,0.00%,4.94,48,0,52,0,4,0,0.00%,7.69%,52,Bình Thuận,NTB,AM Thủy
NTB - Bình Thuận,(BTH) Tân Hải,Hàng Mới Ca 1,2026-09-08 - Thứ 3,53,100.00%,92.45%,0.00%,4.39,49,0,53,0,4,0,0.00%,7.55%,53,Bình Thuận,NTB,AM Thủy
NTB - Bình Thuận,(BTH) Tân Hải,Hàng Mới Ca 1,2026-08-25 - Thứ 3,58,100.00%,86.21%,0.00%,4.66,50,0,58,0,8,0,0.00%,13.79%,58,Bình Thuận,NTB,AM Thủy
NTB - Bình Thuận,(BTH) Tân Hải,Hàng Mới Ca 1,2026-09-05 - Thứ 7,53,100.00%,96.23%,0.00%,4.88,51,0,53,0,2,0,0.00%,3.77%,53,Bình Thuận,NTB,AM Thủy
NTB - Bình Thuận,(BTH) Tân Hải,Hàng Mới Ca 1,2026-08-28 - Thứ 6,57,100.00%,89.47%,0.00%,4.8,51,0,57,0,6,0,0.00%,10.53%,57,Bình Thuận,NTB,AM Thủy
NTB - Bình Thuận,(BTH) Tân Hải,Hàng Mới Ca 1,2026-09-07 - Thứ 2,55,100.00%,92.73%,0.00%,3.84,51,0,55,0,4,0,0.00%,7.27%,55,Bình Thuận,NTB,AM Thủy
NTB - Bình Thuận,(BTH) Tân Hải,Hàng Mới Ca 1,2026-08-21 - Thứ 6,56,100.00%,94.64%,0.00%,4.68,53,0,56,0,3,0,0.00%,5.36%,56,Bình Thuận,NTB,AM Thủy
NTB - Bình Thuận,(BTH) Tân Hải,Hàng Mới Ca 1,2026-08-18 - Thứ 3,62,100.00%,85.48%,0.00%,4.11,53,0,62,0,9,0,0.00%,14.52%,62,Bình Thuận,NTB,AM Thủy
NTB - Bình Thuận,(BTH) Tân Hải,Hàng Mới Ca 1,2026-08-22 - Thứ 7,59,98.31%,91.53%,0.00%,4.57,54,0,58,0,5,1,1.69%,8.47%,59,Bình Thuận,NTB,AM Thủy
NTB - Bình Thuận,(BTH) Tân Hải,Hàng Mới Ca 1,2026-08-30 - Chủ Nhật,65,100.00%,92.31%,0.00%,4.6,60,0,65,0,5,0,0.00%,7.69%,65,Bình Thuận,NTB,AM Thủy
NTB - Bình Thuận,(BTH) Tân Hải,Hàng Mới Ca 1,2026-09-12 - Thứ 7,64,100.00%,93.75%,0.00%,6.57,60,0,64,0,4,0,0.00%,6.25%,64,Bình Thuận,NTB,AM Thủy
NTB - Bình Thuận,(BTH) Tân Hải,Hàng Mới Ca 1,2026-09-11 - Thứ 6,61,100.00%,98.36%,0.00%,6,60,0,61,0,1,0,0.00%,1.64%,61,Bình Thuận,NTB,AM Thủy
NTB - Bình Thuận,(BTH) Tân Hải,Hàng Mới Ca 1,2026-08-27 - Thứ 5,78,100.00%,88.46%,0.00%,5.29,69,0,78,0,9,0,0.00%,11.54%,78,Bình Thuận,NTB,AM Thủy
NTB - Bình Thuận,(BTH) Tân Hải,Hàng Mới Ca 1,2026-09-01 - Thứ 3,82,100.00%,91.46%,0.00%,4.6,75,0,82,0,7,0,0.00%,8.54%,82,Bình Thuận,NTB,AM Thủy
NTB - Bình Thuận,(BTH) Tân Hải,Hàng Mới Ca 2,2026-09-13 - Chủ Nhật,36,83.33%,58.33%,0.00%,3.43,21,0,30,0,15,6,16.67%,41.67%,36,Bình Thuận,NTB,AM Thủy
NTB - Bình Thuận,(BTH) Tân Hải,Hàng Mới Ca 2,2026-09-03 - Thứ 5,30,100.00%,76.67%,0.00%,2.17,23,0,30,0,7,0,0.00%,23.33%,30,Bình Thuận,NTB,AM Thủy
NTB - Bình Thuận,(BTH) Tân Hải,Hàng Mới Ca 2,2026-09-04 - Thứ 6,35,100.00%,71.43%,0.00%,2.84,25,0,35,0,10,0,0.00%,28.57%,35,Bình Thuận,NTB,AM Thủy
NTB - Bình Thuận,(BTH) Tân Hải,Hàng Mới Ca 2,2026-08-17 - Thứ 2,28,100.00%,92.86%,0.00%,2.42,26,0,28,0,2,0,0.00%,7.14%,28,Bình Thuận,NTB,AM Thủy
NTB - Bình Thuận,(BTH) Tân Hải,Hàng Mới Ca 2,2026-09-01 - Thứ 3,43,100.00%,74.42%,0.00%,3.31,32,0,43,0,11,0,0.00%,25.58%,43,Bình Thuận,NTB,AM Thủy
NTB - Bình Thuận,(BTH) Tân Hải,Hàng Mới Ca 2,2026-08-30 - Chủ Nhật,42,97.62%,83.33%,0.00%,2.63,35,0,41,0,7,1,2.38%,16.67%,42,Bình Thuận,NTB,AM Thủy
NTB - Bình Thuận,(BTH) Tân Hải,Hàng Mới Ca 2,2026-09-02 - Thứ 4,43,100.00%,86.05%,0.00%,2.22,37,0,43,0,6,0,0.00%,13.95%,43,Bình Thuận,NTB,AM Thủy
NTB - Bình Thuận,(BTH) Tân Hải,Hàng Mới Ca 2,2026-09-12 - Thứ 7,48,93.75%,77.08%,0.00%,4,37,0,45,0,11,3,6.25%,22.92%,48,Bình Thuận,NTB,AM Thủy
NTB - Bình Thuận,(BTH) Tân Hải,Hàng Mới Ca 2,2026-08-21 - Thứ 6,44,95.45%,88.64%,0.00%,2.82,39,0,42,0,5,2,4.55%,11.36%,44,Bình Thuận,NTB,AM Thủy
NTB - Bình Thuận,(BTH) Tân Hải,Hàng Mới Ca 2,2026-09-07 - Thứ 2,46,100.00%,86.96%,0.00%,2.65,40,0,46,0,6,0,0.00%,13.04%,46,Bình Thuận,NTB,AM Thủy
NTB - Bình Thuận,(BTH) Tân Hải,Hàng Mới Ca 2,2026-09-10 - Thứ 5,50,100.00%,82.00%,0.00%,4.07,41,0,50,0,9,0,0.00%,18.00%,50,Bình Thuận,NTB,AM Thủy
NTB - Bình Thuận,(BTH) Tân Hải,Hàng Mới Ca 2,2026-08-22 - Thứ 7,49,97.96%,83.67%,0.00%,2.8,41,0,48,0,8,1,2.04%,16.33%,49,Bình Thuận,NTB,AM Thủy
NTB - Bình Thuận,(BTH) Tân Hải,Hàng Mới Ca 2,2026-09-08 - Thứ 3,48,100.00%,87.50%,0.00%,3.12,42,0,48,0,6,0,0.00%,12.50%,48,Bình Thuận,NTB,AM Thủy
NTB - Bình Thuận,(BTH) Tân Hải,Hàng Mới Ca 2,2026-08-29 - Thứ 7,46,100.00%,91.30%,0.00%,2.74,42,0,46,0,4,0,0.00%,8.70%,46,Bình Thuận,NTB,AM Thủy
NTB - Bình Thuận,(BTH) Tân Hải,Hàng Mới Ca 2,2026-08-24 - Thứ 2,55,100.00%,80.00%,0.00%,2.7,44,0,55,0,11,0,0.00%,20.00%,55,Bình Thuận,NTB,AM Thủy
NTB - Bình Thuận,(BTH) Tân Hải,Hàng Mới Ca 2,2026-09-11 - Thứ 6,55,100.00%,85.45%,0.00%,4.23,47,0,55,0,8,0,0.00%,14.55%,55,Bình Thuận,NTB,AM Thủy
NTB - Bình Thuận,(BTH) Tân Hải,Hàng Mới Ca 2,2026-08-26 - Thứ 4,58,100.00%,84.48%,0.00%,3.35,49,0,58,0,9,0,0.00%,15.52%,58,Bình Thuận,NTB,AM Thủy
NTB - Bình Thuận,(BTH) Tân Hải,Hàng Mới Ca 2,2026-08-27 - Thứ 5,58,100.00%,87.93%,0.00%,3.37,51,0,58,0,7,0,0.00%,12.07%,58,Bình Thuận,NTB,AM Thủy
NTB - Bình Thuận,(BTH) Tân Hải,Hàng Mới Ca 2,2026-09-09 - Thứ 4,61,100.00%,83.61%,0.00%,3.2,51,0,61,0,10,0,0.00%,16.39%,61,Bình Thuận,NTB,AM Thủy
NTB - Bình Thuận,(BTH) Tân Hải,Hàng Mới Ca 2,2026-09-05 - Thứ 7,61,100.00%,83.61%,0.00%,3.76,51,0,61,0,10,0,0.00%,16.39%,61,Bình Thuận,NTB,AM Thủy
NTB - Bình Thuận,(BTH) Tân Hải,Hàng Mới Ca 2,2026-08-28 - Thứ 6,59,100.00%,86.44%,0.00%,3.27,51,0,59,0,8,0,0.00%,13.56%,59,Bình Thuận,NTB,AM Thủy
NTB - Bình Thuận,(BTH) Tân Hải,Hàng Mới Ca 2,2026-08-20 - Thứ 5,64,100.00%,87.50%,0.00%,3.21,56,0,64,0,8,0,0.00%,12.50%,64,Bình Thuận,NTB,AM Thủy
NTB - Bình Thuận,(BTH) Tân Hải,Hàng Mới Ca 2,2026-08-31 - Thứ 2,62,100.00%,91.94%,0.00%,3.12,57,0,62,0,5,0,0.00%,8.06%,62,Bình Thuận,NTB,AM Thủy
NTB - Bình Thuận,(BTH) Tân Hải,Hàng Mới Ca 2,2026-08-23 - Chủ Nhật,73,98.63%,79.45%,0.00%,3.26,58,0,72,0,15,1,1.37%,20.55%,73,Bình Thuận,NTB,AM Thủy
NTB - Bình Thuận,(BTH) Tân Hải,Hàng Mới Ca 2,2026-08-25 - Thứ 3,69,100.00%,88.41%,0.00%,3.07,61,0,69,0,8,0,0.00%,11.59%,69,Bình Thuận,NTB,AM Thủy
NTB - Bình Thuận,(BTH) Tân Hải,Hàng Mới Ca 2,2026-08-18 - Thứ 3,72,100.00%,87.50%,0.00%,3.29,63,0,72,0,9,0,0.00%,12.50%,72,Bình Thuận,NTB,AM Thủy
NTB - Bình Thuận,(BTH) Tân Hải,Hàng Mới Ca 2,2026-09-06 - Chủ Nhật,96,97.92%,80.21%,0.00%,3.62,77,0,94,0,19,2,2.08%,19.79%,96,Bình Thuận,NTB,AM Thủy
NTB - Bình Thuận,(BTH) Tân Hải,Hàng Mới Ca 2,2026-08-19 - Thứ 4,84,100.00%,91.67%,0.00%,3.18,77,0,84,0,7,0,0.00%,8.33%,84,Bình Thuận,NTB,AM Thủy
NTB - Bình Thuận,(BTH) Tân Hải,Hàng Tồn,2026-08-18 - Thứ 3,9,100.00%,44.44%,0.00%,34.25,4,0,9,0,5,0,0.00%,55.56%,0,Bình Thuận,NTB,AM Thủy
NTB - Bình Thuận,(BTH) Tân Hải,Hàng Tồn,2026-08-30 - Chủ Nhật,23,100.00%,21.74%,8.70%,30.6,5,2,23,2,16,0,0.00%,69.56%,0,Bình Thuận,NTB,AM Thủy
NTB - Bình Thuận,(BTH) Tân Hải,Hàng Tồn,2026-09-03 - Thứ 5,21,95.24%,23.81%,4.76%,31,5,1,20,1,15,1,4.76%,71.43%,0,Bình Thuận,NTB,AM Thủy
NTB - Bình Thuận,(BTH) Tân Hải,Hàng Tồn,2026-08-29 - Thứ 7,26,100.00%,23.08%,7.69%,44.33,6,2,26,2,18,0,0.00%,69.23%,0,Bình Thuận,NTB,AM Thủy
NTB - Bình Thuận,(BTH) Tân Hải,Hàng Tồn,2026-08-21 - Thứ 6,21,100.00%,28.57%,4.76%,29.33,6,1,21,1,14,0,0.00%,66.67%,0,Bình Thuận,NTB,AM Thủy
NTB - Bình Thuận,(BTH) Tân Hải,Hàng Tồn,2026-08-19 - Thứ 4,23,100.00%,30.43%,8.70%,25.71,7,2,23,2,14,0,0.00%,60.87%,0,Bình Thuận,NTB,AM Thủy
NTB - Bình Thuận,(BTH) Tân Hải,Hàng Tồn,2026-09-12 - Thứ 7,19,100.00%,36.84%,5.26%,34.71,7,1,19,1,11,0,0.00%,57.90%,0,Bình Thuận,NTB,AM Thủy
NTB - Bình Thuận,(BTH) Tân Hải,Hàng Tồn,2026-09-01 - Thứ 3,18,100.00%,38.89%,0.00%,34,7,0,18,0,11,0,0.00%,61.11%,0,Bình Thuận,NTB,AM Thủy
NTB - Bình Thuận,(BTH) Tân Hải,Hàng Tồn,2026-09-06 - Chủ Nhật,19,100.00%,42.11%,5.26%,30.25,8,1,19,1,10,0,0.00%,52.63%,0,Bình Thuận,NTB,AM Thủy
NTB - Bình Thuận,(BTH) Tân Hải,Hàng Tồn,2026-08-23 - Chủ Nhật,19,94.74%,42.11%,0.00%,46.5,8,0,18,0,11,1,5.26%,57.89%,0,Bình Thuận,NTB,AM Thủy
NTB - Bình Thuận,(BTH) Tân Hải,Hàng Tồn,2026-08-31 - Thứ 2,25,100.00%,32.00%,4.00%,31.38,8,1,25,1,16,0,0.00%,64.00%,0,Bình Thuận,NTB,AM Thủy
NTB - Bình Thuận,(BTH) Tân Hải,Hàng Tồn,2026-09-08 - Thứ 3,21,100.00%,42.86%,4.76%,33.56,9,1,21,1,11,0,0.00%,52.38%,0,Bình Thuận,NTB,AM Thủy
NTB - Bình Thuận,(BTH) Tân Hải,Hàng Tồn,2026-08-22 - Thứ 7,21,95.24%,42.86%,23.81%,30.44,9,5,20,5,7,1,4.76%,33.33%,0,Bình Thuận,NTB,AM Thủy
NTB - Bình Thuận,(BTH) Tân Hải,Hàng Tồn,2026-09-02 - Thứ 4,28,100.00%,35.71%,21.43%,25.6,10,6,28,6,12,0,0.00%,42.86%,0,Bình Thuận,NTB,AM Thủy
NTB - Bình Thuận,(BTH) Tân Hải,Hàng Tồn,2026-08-25 - Thứ 3,26,100.00%,38.46%,3.85%,31.3,10,1,26,1,15,0,0.00%,57.69%,0,Bình Thuận,NTB,AM Thủy
NTB - Bình Thuận,(BTH) Tân Hải,Hàng Tồn,2026-09-09 - Thứ 4,17,100.00%,58.82%,0.00%,36.8,10,0,17,0,7,0,0.00%,41.18%,0,Bình Thuận,NTB,AM Thủy
NTB - Bình Thuận,(BTH) Tân Hải,Hàng Tồn,2026-09-10 - Thứ 5,19,100.00%,52.63%,10.53%,42.5,10,2,19,2,7,0,0.00%,36.84%,0,Bình Thuận,NTB,AM Thủy
NTB - Bình Thuận,(BTH) Tân Hải,Hàng Tồn,2026-08-28 - Thứ 6,26,100.00%,38.46%,7.69%,29.3,10,2,26,2,14,0,0.00%,53.85%,0,Bình Thuận,NTB,AM Thủy
NTB - Bình Thuận,(BTH) Tân Hải,Hàng Tồn,2026-08-17 - Thứ 2,18,100.00%,61.11%,0.00%,29.45,11,0,18,0,7,0,0.00%,38.89%,0,Bình Thuận,NTB,AM Thủy
NTB - Bình Thuận,(BTH) Tân Hải,Hàng Tồn,2026-08-24 - Thứ 2,29,100.00%,37.93%,3.45%,29.09,11,1,29,1,17,0,0.00%,58.62%,0,Bình Thuận,NTB,AM Thủy
NTB - Bình Thuận,(BTH) Tân Hải,Hàng Tồn,2026-08-20 - Thứ 5,29,100.00%,41.38%,3.45%,35,12,1,29,1,16,0,0.00%,55.17%,0,Bình Thuận,NTB,AM Thủy
NTB - Bình Thuận,(BTH) Tân Hải,Hàng Tồn,2026-08-27 - Thứ 5,23,100.00%,52.17%,4.35%,33.5,12,1,23,1,10,0,0.00%,43.48%,0,Bình Thuận,NTB,AM Thủy
NTB - Bình Thuận,(BTH) Tân Hải,Hàng Tồn,2026-09-11 - Thứ 6,24,100.00%,50.00%,0.00%,29.58,12,0,24,0,12,0,0.00%,50.00%,0,Bình Thuận,NTB,AM Thủy
NTB - Bình Thuận,(BTH) Tân Hải,Hàng Tồn,2026-08-26 - Thứ 4,27,100.00%,48.15%,7.41%,33.54,13,2,27,2,12,0,0.00%,44.44%,0,Bình Thuận,NTB,AM Thủy
NTB - Bình Thuận,(BTH) Tân Hải,Hàng Tồn,2026-09-04 - Thứ 6,30,96.67%,46.67%,3.33%,30.93,14,1,29,1,15,1,3.33%,50.00%,0,Bình Thuận,NTB,AM Thủy
NTB - Bình Thuận,(BTH) Tân Hải,Hàng Tồn,2026-09-05 - Thứ 7,26,100.00%,61.54%,0.00%,35.75,16,0,26,0,10,0,0.00%,38.46%,0,Bình Thuận,NTB,AM Thủy
NTB - Bình Thuận,(BTH) Tân Hải,Hàng Tồn,2026-09-07 - Thứ 2,31,100.00%,51.61%,6.45%,27.88,16,2,31,2,13,0,0.00%,41.94%,0,Bình Thuận,NTB,AM Thủy
NTB - Bình Thuận,(BTH) Tân Hải,Hàng Tồn,2026-09-13 - Chủ Nhật,23,100.00%,69.57%,4.35%,38.13,16,1,23,1,6,0,0.00%,26.08%,0,Bình Thuận,NTB,AM Thủy
NTB - Bình Thuận,(BTH) Tuyên Quang,Hàng Mới Ca 1,2026-09-08 - Thứ 3,113,100.00%,81.42%,0.00%,7.25,92,0,113,0,21,0,0.00%,18.58%,113,Bình Thuận,NTB,AM Nhựt
NTB - Bình Thuận,(BTH) Tuyên Quang,Hàng Mới Ca 1,2026-08-20 - Thứ 5,93,100.00%,88.17%,0.00%,8.33,82,0,93,0,11,0,0.00%,11.83%,93,Bình Thuận,NTB,AM Nhựt
NTB - Bình Thuận,(BTH) Tuyên Quang,Hàng Mới Ca 1,2026-08-30 - Chủ Nhật,139,100.00%,85.61%,0.00%,7.01,119,0,139,0,20,0,0.00%,14.39%,139,Bình Thuận,NTB,AM Nhựt
NTB - Bình Thuận,(BTH) Tuyên Quang,Hàng Mới Ca 1,2026-08-19 - Thứ 4,118,100.00%,77.97%,0.00%,7.57,92,0,118,0,26,0,0.00%,22.03%,118,Bình Thuận,NTB,AM Nhựt
NTB - Bình Thuận,(BTH) Tuyên Quang,Hàng Mới Ca 1,2026-08-27 - Thứ 5,114,100.00%,85.09%,0.00%,7.31,97,0,114,0,17,0,0.00%,14.91%,114,Bình Thuận,NTB,AM Nhựt
NTB - Bình Thuận,(BTH) Tuyên Quang,Hàng Mới Ca 1,2026-08-25 - Thứ 3,113,100.00%,76.11%,0.00%,7.41,86,0,113,0,27,0,0.00%,23.89%,113,Bình Thuận,NTB,AM Nhựt
NTB - Bình Thuận,(BTH) Tuyên Quang,Hàng Mới Ca 1,2026-09-12 - Thứ 7,160,99.38%,78.75%,0.00%,8.94,126,0,159,0,34,1,0.62%,21.25%,160,Bình Thuận,NTB,AM Nhựt
NTB - Bình Thuận,(BTH) Tuyên Quang,Hàng Mới Ca 1,2026-09-09 - Thứ 4,127,99.21%,77.95%,0.00%,7.41,99,0,126,0,28,1,0.79%,22.05%,127,Bình Thuận,NTB,AM Nhựt
NTB - Bình Thuận,(BTH) Tuyên Quang,Hàng Mới Ca 1,2026-09-10 - Thứ 5,161,100.00%,83.23%,0.00%,7.35,134,0,161,0,27,0,0.00%,16.77%,161,Bình Thuận,NTB,AM Nhựt
NTB - Bình Thuận,(BTH) Tuyên Quang,Hàng Mới Ca 1,2026-08-31 - Thứ 2,89,100.00%,83.15%,0.00%,6.35,74,0,89,0,15,0,0.00%,16.85%,89,Bình Thuận,NTB,AM Nhựt
NTB - Bình Thuận,(BTH) Tuyên Quang,Hàng Mới Ca 1,2026-08-21 - Thứ 6,92,100.00%,90.22%,0.00%,7.48,83,0,92,0,9,0,0.00%,9.78%,92,Bình Thuận,NTB,AM Nhựt
NTB - Bình Thuận,(BTH) Tuyên Quang,Hàng Mới Ca 1,2026-08-18 - Thứ 3,128,100.00%,85.94%,0.00%,7.23,110,0,128,0,18,0,0.00%,14.06%,128,Bình Thuận,NTB,AM Nhựt
NTB - Bình Thuận,(BTH) Tuyên Quang,Hàng Mới Ca 1,2026-08-28 - Thứ 6,91,100.00%,79.12%,0.00%,8.21,72,0,91,0,19,0,0.00%,20.88%,91,Bình Thuận,NTB,AM Nhựt
NTB - Bình Thuận,(BTH) Tuyên Quang,Hàng Mới Ca 1,2026-09-03 - Thứ 5,147,100.00%,82.31%,0.00%,7.11,121,0,147,0,26,0,0.00%,17.69%,147,Bình Thuận,NTB,AM Nhựt
NTB - Bình Thuận,(BTH) Tuyên Quang,Hàng Mới Ca 1,2026-09-13 - Chủ Nhật,146,100.00%,86.30%,0.00%,9.58,126,0,146,0,20,0,0.00%,13.70%,146,Bình Thuận,NTB,AM Nhựt
NTB - Bình Thuận,(BTH) Tuyên Quang,Hàng Mới Ca 1,2026-09-11 - Thứ 6,194,99.48%,80.41%,0.00%,8.13,156,0,193,0,38,1,0.52%,19.59%,194,Bình Thuận,NTB,AM Nhựt
NTB - Bình Thuận,(BTH) Tuyên Quang,Hàng Mới Ca 1,2026-09-01 - Thứ 3,144,100.00%,81.94%,0.00%,7.24,118,0,144,0,26,0,0.00%,18.06%,144,Bình Thuận,NTB,AM Nhựt
NTB - Bình Thuận,(BTH) Tuyên Quang,Hàng Mới Ca 1,2026-08-22 - Thứ 7,91,100.00%,85.71%,0.00%,6.71,78,0,91,0,13,0,0.00%,14.29%,91,Bình Thuận,NTB,AM Nhựt
NTB - Bình Thuận,(BTH) Tuyên Quang,Hàng Mới Ca 1,2026-09-02 - Thứ 4,64,100.00%,82.81%,0.00%,5.75,53,0,64,0,11,0,0.00%,17.19%,64,Bình Thuận,NTB,AM Nhựt
NTB - Bình Thuận,(BTH) Tuyên Quang,Hàng Mới Ca 1,2026-09-06 - Chủ Nhật,70,100.00%,82.86%,0.00%,6.05,58,0,70,0,12,0,0.00%,17.14%,70,Bình Thuận,NTB,AM Nhựt
NTB - Bình Thuận,(BTH) Tuyên Quang,Hàng Mới Ca 1,2026-08-24 - Thứ 2,77,98.70%,76.62%,0.00%,6.73,59,0,76,0,18,1,1.30%,23.38%,77,Bình Thuận,NTB,AM Nhựt
NTB - Bình Thuận,(BTH) Tuyên Quang,Hàng Mới Ca 1,2026-08-17 - Thứ 2,73,100.00%,84.93%,0.00%,6.52,62,0,73,0,11,0,0.00%,15.07%,73,Bình Thuận,NTB,AM Nhựt
NTB - Bình Thuận,(BTH) Tuyên Quang,Hàng Mới Ca 1,2026-09-04 - Thứ 6,80,98.75%,81.25%,0.00%,6.26,65,0,79,0,15,1,1.25%,18.75%,80,Bình Thuận,NTB,AM Nhựt
NTB - Bình Thuận,(BTH) Tuyên Quang,Hàng Mới Ca 1,2026-08-26 - Thứ 4,83,100.00%,81.93%,0.00%,7.07,68,0,83,0,15,0,0.00%,18.07%,83,Bình Thuận,NTB,AM Nhựt
NTB - Bình Thuận,(BTH) Tuyên Quang,Hàng Mới Ca 1,2026-08-29 - Thứ 7,90,100.00%,81.11%,0.00%,6.34,73,0,90,0,17,0,0.00%,18.89%,90,Bình Thuận,NTB,AM Nhựt
NTB - Bình Thuận,(BTH) Tuyên Quang,Hàng Mới Ca 1,2026-09-07 - Thứ 2,87,100.00%,86.21%,0.00%,7.16,75,0,87,0,12,0,0.00%,13.79%,87,Bình Thuận,NTB,AM Nhựt
NTB - Bình Thuận,(BTH) Tuyên Quang,Hàng Mới Ca 1,2026-08-23 - Chủ Nhật,105,99.05%,80.95%,0.00%,7.55,85,0,104,0,20,1,0.95%,19.05%,105,Bình Thuận,NTB,AM Nhựt
NTB - Bình Thuận,(BTH) Tuyên Quang,Hàng Mới Ca 1,2026-09-05 - Thứ 7,102,100.00%,83.33%,0.00%,6,85,0,102,0,17,0,0.00%,16.67%,102,Bình Thuận,NTB,AM Nhựt
NTB - Bình Thuận,(BTH) Tuyên Quang,Hàng Mới Ca 2,2026-09-08 - Thứ 3,24,4.17%,0.00%,0.00%,,0,0,1,0,24,23,95.83%,100.00%,24,Bình Thuận,NTB,AM Nhựt
NTB - Bình Thuận,(BTH) Tuyên Quang,Hàng Mới Ca 2,2026-09-11 - Thứ 6,14,7.14%,7.14%,0.00%,0,1,0,1,0,13,13,92.86%,92.86%,14,Bình Thuận,NTB,AM Nhựt
NTB - Bình Thuận,(BTH) Tuyên Quang,Hàng Mới Ca 2,2026-09-02 - Thứ 4,2,100.00%,100.00%,0.00%,2.5,2,0,2,0,0,0,0.00%,0.00%,2,Bình Thuận,NTB,AM Nhựt
NTB - Bình Thuận,(BTH) Tuyên Quang,Hàng Mới Ca 2,2026-09-12 - Thứ 7,8,25.00%,25.00%,0.00%,8,2,0,2,0,6,6,75.00%,75.00%,8,Bình Thuận,NTB,AM Nhựt
NTB - Bình Thuận,(BTH) Tuyên Quang,Hàng Mới Ca 2,2026-09-09 - Thứ 4,23,21.74%,13.04%,0.00%,7.67,3,0,5,0,20,18,78.26%,86.96%,23,Bình Thuận,NTB,AM Nhựt
NTB - Bình Thuận,(BTH) Tuyên Quang,Hàng Mới Ca 2,2026-09-10 - Thứ 5,13,46.15%,30.77%,0.00%,4.5,4,0,6,0,9,7,53.85%,69.23%,13,Bình Thuận,NTB,AM Nhựt
NTB - Bình Thuận,(BTH) Tuyên Quang,Hàng Mới Ca 2,2026-08-18 - Thứ 3,78,11.54%,6.41%,0.00%,5,5,0,9,0,73,69,88.46%,93.59%,78,Bình Thuận,NTB,AM Nhựt
NTB - Bình Thuận,(BTH) Tuyên Quang,Hàng Mới Ca 2,2026-08-29 - Thứ 7,50,46.00%,34.00%,0.00%,5.18,17,0,23,0,33,27,54.00%,66.00%,50,Bình Thuận,NTB,AM Nhựt
NTB - Bình Thuận,(BTH) Tuyên Quang,Hàng Mới Ca 2,2026-09-03 - Thứ 5,48,45.83%,35.42%,0.00%,6,17,0,22,0,31,26,54.17%,64.58%,48,Bình Thuận,NTB,AM Nhựt
NTB - Bình Thuận,(BTH) Tuyên Quang,Hàng Mới Ca 2,2026-08-27 - Thứ 5,98,29.59%,22.45%,0.00%,5.64,22,0,29,0,76,69,70.41%,77.55%,98,Bình Thuận,NTB,AM Nhựt
NTB - Bình Thuận,(BTH) Tuyên Quang,Hàng Mới Ca 2,2026-08-24 - Thứ 2,54,62.96%,40.74%,0.00%,4.09,22,0,34,0,32,20,37.04%,59.26%,54,Bình Thuận,NTB,AM Nhựt
NTB - Bình Thuận,(BTH) Tuyên Quang,Hàng Mới Ca 2,2026-08-17 - Thứ 2,65,47.69%,36.92%,0.00%,4.63,24,0,31,0,41,34,52.31%,63.08%,65,Bình Thuận,NTB,AM Nhựt
NTB - Bình Thuận,(BTH) Tuyên Quang,Hàng Mới Ca 2,2026-08-26 - Thứ 4,103,30.10%,23.30%,0.00%,5.75,24,0,31,0,79,72,69.90%,76.70%,103,Bình Thuận,NTB,AM Nhựt
NTB - Bình Thuận,(BTH) Tuyên Quang,Hàng Mới Ca 2,2026-09-13 - Chủ Nhật,70,41.43%,34.29%,0.00%,6.33,24,0,29,0,46,41,58.57%,65.71%,70,Bình Thuận,NTB,AM Nhựt
NTB - Bình Thuận,(BTH) Tuyên Quang,Hàng Mới Ca 2,2026-09-04 - Thứ 6,77,50.65%,38.96%,0.00%,5,30,0,39,0,47,38,49.35%,61.04%,77,Bình Thuận,NTB,AM Nhựt
NTB - Bình Thuận,(BTH) Tuyên Quang,Hàng Mới Ca 2,2026-08-25 - Thứ 3,108,35.19%,29.63%,0.00%,6.59,32,0,38,0,76,70,64.81%,70.37%,108,Bình Thuận,NTB,AM Nhựt
NTB - Bình Thuận,(BTH) Tuyên Quang,Hàng Mới Ca 2,2026-08-23 - Chủ Nhật,97,48.45%,35.05%,0.00%,5.74,34,0,47,0,63,50,51.55%,64.95%,97,Bình Thuận,NTB,AM Nhựt
NTB - Bình Thuận,(BTH) Tuyên Quang,Hàng Mới Ca 2,2026-08-20 - Thứ 5,133,31.58%,27.07%,0.00%,6.06,36,0,42,0,97,91,68.42%,72.93%,133,Bình Thuận,NTB,AM Nhựt
NTB - Bình Thuận,(BTH) Tuyên Quang,Hàng Mới Ca 2,2026-08-31 - Thứ 2,94,43.62%,40.43%,0.00%,4.74,38,0,41,0,56,53,56.38%,59.57%,94,Bình Thuận,NTB,AM Nhựt
NTB - Bình Thuận,(BTH) Tuyên Quang,Hàng Mới Ca 2,2026-09-01 - Thứ 3,82,60.98%,46.34%,0.00%,6.76,38,0,50,0,44,32,39.02%,53.66%,82,Bình Thuận,NTB,AM Nhựt
NTB - Bình Thuận,(BTH) Tuyên Quang,Hàng Mới Ca 2,2026-09-07 - Thứ 2,66,81.82%,60.61%,0.00%,6.3,40,0,54,0,26,12,18.18%,39.39%,66,Bình Thuận,NTB,AM Nhựt
NTB - Bình Thuận,(BTH) Tuyên Quang,Hàng Mới Ca 2,2026-08-21 - Thứ 6,98,53.06%,45.92%,0.00%,5.07,45,0,52,0,53,46,46.94%,54.08%,98,Bình Thuận,NTB,AM Nhựt
NTB - Bình Thuận,(BTH) Tuyên Quang,Hàng Mới Ca 2,2026-08-19 - Thứ 4,136,44.12%,34.56%,0.00%,7.15,47,0,60,0,89,76,55.88%,65.44%,136,Bình Thuận,NTB,AM Nhựt
NTB - Bình Thuận,(BTH) Tuyên Quang,Hàng Mới Ca 2,2026-09-05 - Thứ 7,102,62.75%,49.02%,0.00%,5.48,50,0,64,0,52,38,37.25%,50.98%,102,Bình Thuận,NTB,AM Nhựt
NTB - Bình Thuận,(BTH) Tuyên Quang,Hàng Mới Ca 2,2026-08-30 - Chủ Nhật,99,66.67%,57.58%,0.00%,6.26,57,0,66,0,42,33,33.33%,42.42%,99,Bình Thuận,NTB,AM Nhựt
NTB - Bình Thuận,(BTH) Tuyên Quang,Hàng Mới Ca 2,2026-08-22 - Thứ 7,118,61.86%,51.69%,0.00%,5.67,61,0,73,0,57,45,38.14%,48.31%,118,Bình Thuận,NTB,AM Nhựt
NTB - Bình Thuận,(BTH) Tuyên Quang,Hàng Mới Ca 2,2026-08-28 - Thứ 6,146,60.96%,51.37%,0.00%,4.93,75,0,89,0,71,57,39.04%,48.63%,146,Bình Thuận,NTB,AM Nhựt
NTB - Bình Thuận,(BTH) Tuyên Quang,Hàng Mới Ca 2,2026-09-06 - Chủ Nhật,166,60.24%,46.39%,0.00%,6.57,77,0,100,0,89,66,39.76%,53.61%,166,Bình Thuận,NTB,AM Nhựt
NTB - Bình Thuận,(BTH) Tuyên Quang,Hàng Tồn,2026-08-20 - Thứ 5,156,100.00%,67.31%,3.21%,33.19,105,5,156,5,46,0,0.00%,29.48%,0,Bình Thuận,NTB,AM Nhựt
NTB - Bình Thuận,(BTH) Tuyên Quang,Hàng Tồn,2026-08-19 - Thứ 4,140,100.00%,62.14%,2.14%,37.57,87,3,140,3,50,0,0.00%,35.72%,0,Bình Thuận,NTB,AM Nhựt
NTB - Bình Thuận,(BTH) Tuyên Quang,Hàng Tồn,2026-08-17 - Thứ 2,146,98.63%,53.42%,6.85%,30.83,78,10,144,10,58,2,1.37%,39.73%,0,Bình Thuận,NTB,AM Nhựt
NTB - Bình Thuận,(BTH) Tuyên Quang,Hàng Tồn,2026-08-27 - Thứ 5,137,99.27%,64.23%,4.38%,35.84,88,6,136,6,43,1,0.73%,31.39%,0,Bình Thuận,NTB,AM Nhựt
NTB - Bình Thuận,(BTH) Tuyên Quang,Hàng Tồn,2026-08-21 - Thứ 6,152,100.00%,61.84%,3.95%,30.72,94,6,152,6,52,0,0.00%,34.21%,0,Bình Thuận,NTB,AM Nhựt
NTB - Bình Thuận,(BTH) Tuyên Quang,Hàng Tồn,2026-08-28 - Thứ 6,129,95.35%,68.99%,0.78%,34.52,89,1,123,1,39,6,4.65%,30.23%,0,Bình Thuận,NTB,AM Nhựt
NTB - Bình Thuận,(BTH) Tuyên Quang,Hàng Tồn,2026-09-07 - Thứ 2,134,99.25%,64.93%,2.99%,30.77,87,4,133,4,43,1,0.75%,32.08%,0,Bình Thuận,NTB,AM Nhựt
NTB - Bình Thuận,(BTH) Tuyên Quang,Hàng Tồn,2026-08-26 - Thứ 4,155,100.00%,62.58%,7.10%,35.96,97,11,155,11,47,0,0.00%,30.32%,0,Bình Thuận,NTB,AM Nhựt
NTB - Bình Thuận,(BTH) Tuyên Quang,Hàng Tồn,2026-09-03 - Thứ 5,60,98.33%,21.67%,10.00%,44.62,13,6,59,6,41,1,1.67%,68.33%,0,Bình Thuận,NTB,AM Nhựt
NTB - Bình Thuận,(BTH) Tuyên Quang,Hàng Tồn,2026-09-08 - Thứ 3,78,98.72%,32.05%,8.97%,31.52,25,7,77,7,46,1,1.28%,58.98%,0,Bình Thuận,NTB,AM Nhựt
NTB - Bình Thuận,(BTH) Tuyên Quang,Hàng Tồn,2026-09-12 - Thứ 7,77,98.70%,40.26%,3.90%,37.9,31,3,76,3,43,1,1.30%,55.84%,0,Bình Thuận,NTB,AM Nhựt
NTB - Bình Thuận,(BTH) Tuyên Quang,Hàng Tồn,2026-09-09 - Thứ 4,88,98.86%,43.18%,6.82%,33.32,38,6,87,6,44,1,1.14%,50.00%,0,Bình Thuận,NTB,AM Nhựt
NTB - Bình Thuận,(BTH) Tuyên Quang,Hàng Tồn,2026-09-11 - Thứ 6,70,98.57%,54.29%,7.14%,49.53,38,5,69,5,27,1,1.43%,38.57%,0,Bình Thuận,NTB,AM Nhựt
NTB - Bình Thuận,(BTH) Tuyên Quang,Hàng Tồn,2026-08-25 - Thứ 3,101,100.00%,38.61%,2.97%,37.49,39,3,101,3,59,0,0.00%,58.42%,0,Bình Thuận,NTB,AM Nhựt
NTB - Bình Thuận,(BTH) Tuyên Quang,Hàng Tồn,2026-08-30 - Chủ Nhật,94,98.94%,43.62%,7.45%,35.73,41,7,93,7,46,1,1.06%,48.93%,0,Bình Thuận,NTB,AM Nhựt
NTB - Bình Thuận,(BTH) Tuyên Quang,Hàng Tồn,2026-09-10 - Thứ 5,84,98.81%,48.81%,9.52%,37.27,41,8,83,8,35,1,1.19%,41.67%,0,Bình Thuận,NTB,AM Nhựt
NTB - Bình Thuận,(BTH) Tuyên Quang,Hàng Tồn,2026-09-13 - Chủ Nhật,80,100.00%,53.75%,10.00%,43.58,43,8,80,8,29,0,0.00%,36.25%,0,Bình Thuận,NTB,AM Nhựt
NTB - Bình Thuận,(BTH) Tuyên Quang,Hàng Tồn,2026-09-05 - Thứ 7,94,98.94%,50.00%,10.64%,34.23,47,10,93,10,37,1,1.06%,39.36%,0,Bình Thuận,NTB,AM Nhựt
NTB - Bình Thuận,(BTH) Tuyên Quang,Hàng Tồn,2026-09-04 - Thứ 6,90,98.89%,53.33%,5.56%,35.81,48,5,89,5,37,1,1.11%,41.11%,0,Bình Thuận,NTB,AM Nhựt
NTB - Bình Thuận,(BTH) Tuyên Quang,Hàng Tồn,2026-08-18 - Thứ 3,102,99.02%,47.06%,2.94%,40.4,48,3,101,3,51,1,0.98%,50.00%,0,Bình Thuận,NTB,AM Nhựt
NTB - Bình Thuận,(BTH) Tuyên Quang,Hàng Tồn,2026-09-02 - Thứ 4,120,99.17%,43.33%,13.33%,33.06,52,16,119,16,52,1,0.83%,43.34%,0,Bình Thuận,NTB,AM Nhựt
NTB - Bình Thuận,(BTH) Tuyên Quang,Hàng Tồn,2026-09-01 - Thứ 3,112,99.11%,47.32%,2.68%,29.68,53,3,111,3,56,1,0.89%,50.00%,0,Bình Thuận,NTB,AM Nhựt
NTB - Bình Thuận,(BTH) Tuyên Quang,Hàng Tồn,2026-08-23 - Chủ Nhật,107,100.00%,55.14%,8.41%,33.1,59,9,107,9,39,0,0.00%,36.45%,0,Bình Thuận,NTB,AM Nhựt
NTB - Bình Thuận,(BTH) Tuyên Quang,Hàng Tồn,2026-08-31 - Thứ 2,109,99.08%,54.13%,2.75%,39.27,59,3,108,3,47,1,0.92%,43.12%,0,Bình Thuận,NTB,AM Nhựt
NTB - Bình Thuận,(BTH) Tuyên Quang,Hàng Tồn,2026-08-22 - Thứ 7,108,100.00%,54.63%,3.70%,35.07,59,4,108,4,45,0,0.00%,41.67%,0,Bình Thuận,NTB,AM Nhựt
NTB - Bình Thuận,(BTH) Tuyên Quang,Hàng Tồn,2026-08-24 - Thứ 2,121,99.17%,50.41%,5.79%,32.7,61,7,120,7,53,1,0.83%,43.80%,0,Bình Thuận,NTB,AM Nhựt
NTB - Bình Thuận,(BTH) Tuyên Quang,Hàng Tồn,2026-09-06 - Chủ Nhật,100,98.00%,64.00%,2.00%,30.39,64,2,98,2,34,2,2.00%,34.00%,0,Bình Thuận,NTB,AM Nhựt
NTB - Bình Thuận,(BTH) Tuyên Quang,Hàng Tồn,2026-08-29 - Thứ 7,125,99.20%,55.20%,2.40%,29.86,69,3,124,3,53,1,0.80%,42.40%,0,Bình Thuận,NTB,AM Nhựt
NTB - Bình Thuận,(BTH) Phước Hội,Hàng Mới Ca 1,2026-09-08 - Thứ 3,102,100.00%,88.24%,0.00%,5.7,90,0,102,0,12,0,0.00%,11.76%,102,Bình Thuận,NTB,AM Thủy
NTB - Bình Thuận,(BTH) Phước Hội,Hàng Mới Ca 1,2026-08-20 - Thứ 5,88,100.00%,95.45%,0.00%,5.06,84,0,88,0,4,0,0.00%,4.55%,88,Bình Thuận,NTB,AM Thủy
NTB - Bình Thuận,(BTH) Phước Hội,Hàng Mới Ca 1,2026-08-30 - Chủ Nhật,111,100.00%,92.79%,0.00%,5.63,103,0,111,0,8,0,0.00%,7.21%,111,Bình Thuận,NTB,AM Thủy
NTB - Bình Thuận,(BTH) Phước Hội,Hàng Mới Ca 1,2026-08-29 - Thứ 7,133,97.74%,84.21%,0.00%,5.21,112,0,130,0,21,3,2.26%,15.79%,133,Bình Thuận,NTB,AM Thủy
NTB - Bình Thuận,(BTH) Phước Hội,Hàng Mới Ca 1,2026-08-27 - Thứ 5,121,100.00%,89.26%,0.00%,4.81,108,0,121,0,13,0,0.00%,10.74%,121,Bình Thuận,NTB,AM Thủy
NTB - Bình Thuận,(BTH) Phước Hội,Hàng Mới Ca 1,2026-08-25 - Thứ 3,121,100.00%,91.74%,0.00%,5.71,111,0,121,0,10,0,0.00%,8.26%,121,Bình Thuận,NTB,AM Thủy
NTB - Bình Thuận,(BTH) Phước Hội,Hàng Mới Ca 1,2026-09-12 - Thứ 7,128,100.00%,92.19%,0.00%,9.12,118,0,128,0,10,0,0.00%,7.81%,128,Bình Thuận,NTB,AM Thủy
NTB - Bình Thuận,(BTH) Phước Hội,Hàng Mới Ca 1,2026-09-10 - Thứ 5,108,100.00%,92.59%,0.00%,5.86,100,0,108,0,8,0,0.00%,7.41%,108,Bình Thuận,NTB,AM Thủy
NTB - Bình Thuận,(BTH) Phước Hội,Hàng Mới Ca 1,2026-08-23 - Chủ Nhật,108,99.07%,87.96%,0.00%,5.05,95,0,107,0,13,1,0.93%,12.04%,108,Bình Thuận,NTB,AM Thủy
NTB - Bình Thuận,(BTH) Phước Hội,Hàng Mới Ca 1,2026-08-31 - Thứ 2,91,97.80%,85.71%,0.00%,5.41,78,0,89,0,13,2,2.20%,14.29%,91,Bình Thuận,NTB,AM Thủy
NTB - Bình Thuận,(BTH) Phước Hội,Hàng Mới Ca 1,2026-08-18 - Thứ 3,107,100.00%,91.59%,0.00%,4.62,98,0,107,0,9,0,0.00%,8.41%,107,Bình Thuận,NTB,AM Thủy
NTB - Bình Thuận,(BTH) Phước Hội,Hàng Mới Ca 1,2026-09-05 - Thứ 7,89,100.00%,92.13%,0.00%,4.77,82,0,89,0,7,0,0.00%,7.87%,89,Bình Thuận,NTB,AM Thủy
NTB - Bình Thuận,(BTH) Phước Hội,Hàng Mới Ca 1,2026-08-28 - Thứ 6,107,99.07%,86.92%,0.00%,4.92,93,0,106,0,14,1,0.93%,13.08%,107,Bình Thuận,NTB,AM Thủy
NTB - Bình Thuận,(BTH) Phước Hội,Hàng Mới Ca 1,2026-08-26 - Thứ 4,87,100.00%,91.95%,0.00%,5.05,80,0,87,0,7,0,0.00%,8.05%,87,Bình Thuận,NTB,AM Thủy
NTB - Bình Thuận,(BTH) Phước Hội,Hàng Mới Ca 1,2026-09-13 - Chủ Nhật,109,94.50%,92.66%,0.00%,5.43,101,0,103,0,8,6,5.50%,7.34%,109,Bình Thuận,NTB,AM Thủy
NTB - Bình Thuận,(BTH) Phước Hội,Hàng Mới Ca 1,2026-09-11 - Thứ 6,106,98.11%,86.79%,0.00%,5.62,92,0,104,0,14,2,1.89%,13.21%,106,Bình Thuận,NTB,AM Thủy
NTB - Bình Thuận,(BTH) Phước Hội,Hàng Mới Ca 1,2026-09-01 - Thứ 3,136,100.00%,88.97%,0.00%,6.4,121,0,136,0,15,0,0.00%,11.03%,136,Bình Thuận,NTB,AM Thủy
NTB - Bình Thuận,(BTH) Phước Hội,Hàng Mới Ca 1,2026-08-22 - Thứ 7,84,98.81%,92.86%,0.00%,5.51,78,0,83,0,6,1,1.19%,7.14%,84,Bình Thuận,NTB,AM Thủy
NTB - Bình Thuận,(BTH) Phước Hội,Hàng Mới Ca 1,2026-09-02 - Thứ 4,56,100.00%,96.43%,0.00%,5.22,54,0,56,0,2,0,0.00%,3.57%,56,Bình Thuận,NTB,AM Thủy
NTB - Bình Thuận,(BTH) Phước Hội,Hàng Mới Ca 1,2026-08-19 - Thứ 4,59,98.31%,93.22%,0.00%,5.15,55,0,58,0,4,1,1.69%,6.78%,59,Bình Thuận,NTB,AM Thủy
NTB - Bình Thuận,(BTH) Phước Hội,Hàng Mới Ca 1,2026-08-17 - Thứ 2,67,98.51%,86.57%,0.00%,5.66,58,0,66,0,9,1,1.49%,13.43%,67,Bình Thuận,NTB,AM Thủy
NTB - Bình Thuận,(BTH) Phước Hội,Hàng Mới Ca 1,2026-09-07 - Thứ 2,70,95.71%,87.14%,0.00%,6.1,61,0,67,0,9,3,4.29%,12.86%,70,Bình Thuận,NTB,AM Thủy
NTB - Bình Thuận,(BTH) Phước Hội,Hàng Mới Ca 1,2026-09-04 - Thứ 6,73,95.89%,84.93%,0.00%,4.85,62,0,70,0,11,3,4.11%,15.07%,73,Bình Thuận,NTB,AM Thủy
NTB - Bình Thuận,(BTH) Phước Hội,Hàng Mới Ca 1,2026-09-09 - Thứ 4,74,95.95%,89.19%,0.00%,4.48,66,0,71,0,8,3,4.05%,10.81%,74,Bình Thuận,NTB,AM Thủy
NTB - Bình Thuận,(BTH) Phước Hội,Hàng Mới Ca 1,2026-09-03 - Thứ 5,76,100.00%,86.84%,0.00%,5.06,66,0,76,0,10,0,0.00%,13.16%,76,Bình Thuận,NTB,AM Thủy
NTB - Bình Thuận,(BTH) Phước Hội,Hàng Mới Ca 1,2026-09-06 - Chủ Nhật,76,100.00%,90.79%,0.00%,4.26,69,0,76,0,7,0,0.00%,9.21%,76,Bình Thuận,NTB,AM Thủy
NTB - Bình Thuận,(BTH) Phước Hội,Hàng Mới Ca 1,2026-08-24 - Thứ 2,72,100.00%,97.22%,0.00%,4.9,70,0,72,0,2,0,0.00%,2.78%,72,Bình Thuận,NTB,AM Thủy
NTB - Bình Thuận,(BTH) Phước Hội,Hàng Mới Ca 1,2026-08-21 - Thứ 6,97,98.97%,87.63%,0.00%,3.8,85,0,96,0,12,1,1.03%,12.37%,97,Bình Thuận,NTB,AM Thủy
NTB - Bình Thuận,(BTH) Phước Hội,Hàng Mới Ca 2,2026-08-20 - Thứ 5,108,92.59%,72.22%,0.00%,2.81,78,0,100,0,30,8,7.41%,27.78%,108,Bình Thuận,NTB,AM Thủy
NTB - Bình Thuận,(BTH) Phước Hội,Hàng Mới Ca 2,2026-09-06 - Chủ Nhật,191,80.10%,63.87%,0.00%,3.48,122,0,153,0,69,38,19.90%,36.13%,191,Bình Thuận,NTB,AM Thủy
NTB - Bình Thuận,(BTH) Phước Hội,Hàng Mới Ca 2,2026-08-25 - Thứ 3,115,86.96%,76.52%,0.00%,3.05,88,0,100,0,27,15,13.04%,23.48%,115,Bình Thuận,NTB,AM Thủy
NTB - Bình Thuận,(BTH) Phước Hội,Hàng Mới Ca 2,2026-08-23 - Chủ Nhật,113,89.38%,76.11%,0.00%,2.87,86,0,101,0,27,12,10.62%,23.89%,113,Bình Thuận,NTB,AM Thủy
NTB - Bình Thuận,(BTH) Phước Hội,Hàng Mới Ca 2,2026-08-18 - Thứ 3,103,88.35%,69.90%,0.00%,3.28,72,0,91,0,31,12,11.65%,30.10%,103,Bình Thuận,NTB,AM Thủy
NTB - Bình Thuận,(BTH) Phước Hội,Hàng Mới Ca 2,2026-08-28 - Thứ 6,126,88.10%,66.67%,0.00%,3.15,84,0,111,0,42,15,11.90%,33.33%,126,Bình Thuận,NTB,AM Thủy
NTB - Bình Thuận,(BTH) Phước Hội,Hàng Mới Ca 2,2026-08-26 - Thứ 4,112,86.61%,73.21%,0.00%,2.63,82,0,97,0,30,15,13.39%,26.79%,112,Bình Thuận,NTB,AM Thủy
NTB - Bình Thuận,(BTH) Phước Hội,Hàng Mới Ca 2,2026-09-03 - Thứ 5,40,82.50%,55.00%,0.00%,2.77,22,0,33,0,18,7,17.50%,45.00%,40,Bình Thuận,NTB,AM Thủy
NTB - Bình Thuận,(BTH) Phước Hội,Hàng Mới Ca 2,2026-09-09 - Thứ 4,64,78.13%,56.25%,0.00%,3.44,36,0,50,0,28,14,21.87%,43.75%,64,Bình Thuận,NTB,AM Thủy
NTB - Bình Thuận,(BTH) Phước Hội,Hàng Mới Ca 2,2026-08-31 - Thứ 2,75,65.33%,50.67%,0.00%,3.03,38,0,49,0,37,26,34.67%,49.33%,75,Bình Thuận,NTB,AM Thủy
NTB - Bình Thuận,(BTH) Phước Hội,Hàng Mới Ca 2,2026-09-04 - Thứ 6,68,67.65%,58.82%,0.00%,2.93,40,0,46,0,28,22,32.35%,41.18%,68,Bình Thuận,NTB,AM Thủy
NTB - Bình Thuận,(BTH) Phước Hội,Hàng Mới Ca 2,2026-08-21 - Thứ 6,68,85.29%,61.76%,0.00%,2.67,42,0,58,0,26,10,14.71%,38.24%,68,Bình Thuận,NTB,AM Thủy
NTB - Bình Thuận,(BTH) Phước Hội,Hàng Mới Ca 2,2026-08-24 - Thứ 2,50,90.00%,84.00%,0.00%,2.14,42,0,45,0,8,5,10.00%,16.00%,50,Bình Thuận,NTB,AM Thủy
NTB - Bình Thuận,(BTH) Phước Hội,Hàng Mới Ca 2,2026-09-12 - Thứ 7,58,79.31%,74.14%,0.00%,2.93,43,0,46,0,15,12,20.69%,25.86%,58,Bình Thuận,NTB,AM Thủy
NTB - Bình Thuận,(BTH) Phước Hội,Hàng Mới Ca 2,2026-09-13 - Chủ Nhật,67,71.64%,65.67%,0.00%,2.84,44,0,48,0,23,19,28.36%,34.33%,67,Bình Thuận,NTB,AM Thủy
NTB - Bình Thuận,(BTH) Phước Hội,Hàng Mới Ca 2,2026-08-17 - Thứ 2,67,86.57%,67.16%,0.00%,2.33,45,0,58,0,22,9,13.43%,32.84%,67,Bình Thuận,NTB,AM Thủy
NTB - Bình Thuận,(BTH) Phước Hội,Hàng Mới Ca 2,2026-09-10 - Thứ 5,81,81.48%,55.56%,0.00%,3.42,45,0,66,0,36,15,18.52%,44.44%,81,Bình Thuận,NTB,AM Thủy
NTB - Bình Thuận,(BTH) Phước Hội,Hàng Mới Ca 2,2026-09-01 - Thứ 3,78,71.79%,57.69%,0.00%,3.24,45,0,56,0,33,22,28.21%,42.31%,78,Bình Thuận,NTB,AM Thủy
NTB - Bình Thuận,(BTH) Phước Hội,Hàng Mới Ca 2,2026-09-02 - Thứ 4,77,72.73%,63.64%,0.00%,3.18,49,0,56,0,28,21,27.27%,36.36%,77,Bình Thuận,NTB,AM Thủy
NTB - Bình Thuận,(BTH) Phước Hội,Hàng Mới Ca 2,2026-09-11 - Thứ 6,75,76.00%,65.33%,0.00%,2.8,49,0,57,0,26,18,24.00%,34.67%,75,Bình Thuận,NTB,AM Thủy
NTB - Bình Thuận,(BTH) Phước Hội,Hàng Mới Ca 2,2026-08-29 - Thứ 7,82,85.37%,60.98%,0.00%,3.16,50,0,70,0,32,12,14.63%,39.02%,82,Bình Thuận,NTB,AM Thủy
NTB - Bình Thuận,(BTH) Phước Hội,Hàng Mới Ca 2,2026-09-07 - Thứ 2,67,88.06%,74.63%,0.00%,2.96,50,0,59,0,17,8,11.94%,25.37%,67,Bình Thuận,NTB,AM Thủy
NTB - Bình Thuận,(BTH) Phước Hội,Hàng Mới Ca 2,2026-08-27 - Thứ 5,89,83.15%,58.43%,0.00%,3.15,52,0,74,0,37,15,16.85%,41.57%,89,Bình Thuận,NTB,AM Thủy
NTB - Bình Thuận,(BTH) Phước Hội,Hàng Mới Ca 2,2026-09-08 - Thứ 3,89,74.16%,59.55%,0.00%,2.72,53,0,66,0,36,23,25.84%,40.45%,89,Bình Thuận,NTB,AM Thủy
NTB - Bình Thuận,(BTH) Phước Hội,Hàng Mới Ca 2,2026-08-22 - Thứ 7,81,82.72%,66.67%,0.00%,2.63,54,0,67,0,27,14,17.28%,33.33%,81,Bình Thuận,NTB,AM Thủy
NTB - Bình Thuận,(BTH) Phước Hội,Hàng Mới Ca 2,2026-08-30 - Chủ Nhật,100,74.00%,58.00%,0.00%,3.16,58,0,74,0,42,26,26.00%,42.00%,100,Bình Thuận,NTB,AM Thủy
NTB - Bình Thuận,(BTH) Phước Hội,Hàng Mới Ca 2,2026-09-05 - Thứ 7,110,84.55%,70.00%,0.00%,3.23,77,0,93,0,33,17,15.45%,30.00%,110,Bình Thuận,NTB,AM Thủy
NTB - Bình Thuận,(BTH) Phước Hội,Hàng Mới Ca 2,2026-08-19 - Thứ 4,120,91.67%,70.83%,0.00%,3.05,85,0,110,0,35,10,8.33%,29.17%,120,Bình Thuận,NTB,AM Thủy
NTB - Bình Thuận,(BTH) Phước Hội,Hàng Tồn,2026-08-25 - Thứ 3,25,100.00%,40.00%,0.00%,30.2,10,0,25,0,15,0,0.00%,60.00%,0,Bình Thuận,NTB,AM Thủy
NTB - Bình Thuận,(BTH) Phước Hội,Hàng Tồn,2026-09-13 - Chủ Nhật,36,100.00%,41.67%,2.78%,27.47,15,1,36,1,20,0,0.00%,55.55%,0,Bình Thuận,NTB,AM Thủy
NTB - Bình Thuận,(BTH) Phước Hội,Hàng Tồn,2026-09-04 - Thứ 6,41,100.00%,63.41%,2.44%,34.96,26,1,41,1,14,0,0.00%,34.15%,0,Bình Thuận,NTB,AM Thủy
NTB - Bình Thuận,(BTH) Phước Hội,Hàng Tồn,2026-08-18 - Thứ 3,47,100.00%,55.32%,2.13%,35.92,26,1,47,1,20,0,0.00%,42.55%,0,Bình Thuận,NTB,AM Thủy
NTB - Bình Thuận,(BTH) Phước Hội,Hàng Tồn,2026-09-08 - Thứ 3,54,100.00%,50.00%,9.26%,34.44,27,5,54,5,22,0,0.00%,40.74%,0,Bình Thuận,NTB,AM Thủy
NTB - Bình Thuận,(BTH) Phước Hội,Hàng Tồn,2026-08-17 - Thứ 2,55,94.55%,50.91%,9.09%,27,28,5,52,5,22,3,5.45%,40.00%,0,Bình Thuận,NTB,AM Thủy
NTB - Bình Thuận,(BTH) Phước Hội,Hàng Tồn,2026-09-11 - Thứ 6,56,98.21%,50.00%,5.36%,24.82,28,3,55,3,25,1,1.79%,44.64%,0,Bình Thuận,NTB,AM Thủy
NTB - Bình Thuận,(BTH) Phước Hội,Hàng Tồn,2026-08-27 - Thứ 5,50,100.00%,58.00%,6.00%,27.34,29,3,50,3,18,0,0.00%,36.00%,0,Bình Thuận,NTB,AM Thủy
NTB - Bình Thuận,(BTH) Phước Hội,Hàng Tồn,2026-08-21 - Thứ 6,56,98.21%,51.79%,7.14%,27.38,29,4,55,4,23,1,1.79%,41.07%,0,Bình Thuận,NTB,AM Thủy
NTB - Bình Thuận,(BTH) Phước Hội,Hàng Tồn,2026-08-26 - Thứ 4,49,97.96%,61.22%,8.16%,30.2,30,4,48,4,15,1,2.04%,30.62%,0,Bình Thuận,NTB,AM Thủy
NTB - Bình Thuận,(BTH) Phước Hội,Hàng Tồn,2026-08-22 - Thứ 7,56,98.21%,53.57%,5.36%,30.13,30,3,55,3,23,1,1.79%,41.07%,0,Bình Thuận,NTB,AM Thủy
NTB - Bình Thuận,(BTH) Phước Hội,Hàng Tồn,2026-08-20 - Thứ 5,56,100.00%,55.36%,3.57%,29.23,31,2,56,2,23,0,0.00%,41.07%,0,Bình Thuận,NTB,AM Thủy
NTB - Bình Thuận,(BTH) Phước Hội,Hàng Tồn,2026-08-23 - Chủ Nhật,56,100.00%,55.36%,3.57%,28.48,31,2,56,2,23,0,0.00%,41.07%,0,Bình Thuận,NTB,AM Thủy
NTB - Bình Thuận,(BTH) Phước Hội,Hàng Tồn,2026-09-03 - Thứ 5,54,100.00%,59.26%,7.41%,35.72,32,4,54,4,18,0,0.00%,33.33%,0,Bình Thuận,NTB,AM Thủy
NTB - Bình Thuận,(BTH) Phước Hội,Hàng Tồn,2026-08-19 - Thứ 4,55,100.00%,60.00%,3.64%,26.24,33,2,55,2,20,0,0.00%,36.36%,0,Bình Thuận,NTB,AM Thủy
NTB - Bình Thuận,(BTH) Phước Hội,Hàng Tồn,2026-08-24 - Thứ 2,55,100.00%,61.82%,3.64%,31,34,2,55,2,19,0,0.00%,34.54%,0,Bình Thuận,NTB,AM Thủy
NTB - Bình Thuận,(BTH) Phước Hội,Hàng Tồn,2026-09-10 - Thứ 5,53,100.00%,66.04%,3.77%,34.29,35,2,53,2,16,0,0.00%,30.19%,0,Bình Thuận,NTB,AM Thủy
NTB - Bình Thuận,(BTH) Phước Hội,Hàng Tồn,2026-08-28 - Thứ 6,63,100.00%,55.56%,1.59%,27.83,35,1,63,1,27,0,0.00%,42.85%,0,Bình Thuận,NTB,AM Thủy
NTB - Bình Thuận,(BTH) Phước Hội,Hàng Tồn,2026-09-06 - Chủ Nhật,54,100.00%,66.67%,3.70%,26.86,36,2,54,2,16,0,0.00%,29.63%,0,Bình Thuận,NTB,AM Thủy
NTB - Bình Thuận,(BTH) Phước Hội,Hàng Tồn,2026-08-29 - Thứ 7,76,98.68%,47.37%,2.63%,27.67,36,2,75,2,38,1,1.32%,50.00%,0,Bình Thuận,NTB,AM Thủy
NTB - Bình Thuận,(BTH) Phước Hội,Hàng Tồn,2026-08-31 - Thứ 2,75,100.00%,48.00%,2.67%,26.61,36,2,75,2,37,0,0.00%,49.33%,0,Bình Thuận,NTB,AM Thủy
NTB - Bình Thuận,(BTH) Phước Hội,Hàng Tồn,2026-09-05 - Thứ 7,55,98.18%,65.45%,0.00%,36.56,36,0,54,0,19,1,1.82%,34.55%,0,Bình Thuận,NTB,AM Thủy
NTB - Bình Thuận,(BTH) Phước Hội,Hàng Tồn,2026-09-01 - Thứ 3,80,97.50%,51.25%,1.25%,29.78,41,1,78,1,38,2,2.50%,47.50%,0,Bình Thuận,NTB,AM Thủy
NTB - Bình Thuận,(BTH) Phước Hội,Hàng Tồn,2026-09-09 - Thứ 4,66,98.48%,63.64%,0.00%,27.5,42,0,65,0,24,1,1.52%,36.36%,0,Bình Thuận,NTB,AM Thủy
NTB - Bình Thuận,(BTH) Phước Hội,Hàng Tồn,2026-09-02 - Thứ 4,84,95.24%,52.38%,14.29%,29.66,44,12,80,12,28,4,4.76%,33.33%,0,Bình Thuận,NTB,AM Thủy
NTB - Bình Thuận,(BTH) Phước Hội,Hàng Tồn,2026-09-12 - Thứ 7,64,100.00%,71.88%,1.56%,32.26,46,1,64,1,17,0,0.00%,26.56%,0,Bình Thuận,NTB,AM Thủy
NTB - Bình Thuận,(BTH) Phước Hội,Hàng Tồn,2026-08-30 - Chủ Nhật,85,100.00%,57.65%,3.53%,33.98,49,3,85,3,33,0,0.00%,38.82%,0,Bình Thuận,NTB,AM Thủy
NTB - Bình Thuận,(BTH) Phước Hội,Hàng Tồn,2026-09-07 - Thứ 2,90,96.67%,61.11%,1.11%,26.07,55,1,87,1,34,3,3.33%,37.78%,0,Bình Thuận,NTB,AM Thủy
NTB - Bình Thuận,(BTH) Phú Thủy,Hàng Mới Ca 1,2026-09-08 - Thứ 3,110,98.18%,88.18%,0.00%,5.63,97,0,108,0,13,2,1.82%,11.82%,110,Bình Thuận,NTB,AM Khánh
NTB - Bình Thuận,(BTH) Phú Thủy,Hàng Mới Ca 1,2026-08-29 - Thứ 7,102,100.00%,90.20%,0.00%,7,92,0,102,0,10,0,0.00%,9.80%,102,Bình Thuận,NTB,AM Khánh
NTB - Bình Thuận,(BTH) Phú Thủy,Hàng Mới Ca 1,2026-08-27 - Thứ 5,130,100.00%,90.77%,0.00%,8.66,118,0,130,0,12,0,0.00%,9.23%,130,Bình Thuận,NTB,AM Khánh
NTB - Bình Thuận,(BTH) Phú Thủy,Hàng Mới Ca 1,2026-08-25 - Thứ 3,88,98.86%,94.32%,0.00%,5.41,83,0,87,0,5,1,1.14%,5.68%,88,Bình Thuận,NTB,AM Khánh
NTB - Bình Thuận,(BTH) Phú Thủy,Hàng Mới Ca 1,2026-09-12 - Thứ 7,96,98.96%,90.63%,0.00%,8.03,87,0,95,0,9,1,1.04%,9.37%,96,Bình Thuận,NTB,AM Khánh
NTB - Bình Thuận,(BTH) Phú Thủy,Hàng Mới Ca 1,2026-09-10 - Thứ 5,95,98.95%,87.37%,0.00%,5.39,83,0,94,0,12,1,1.05%,12.63%,95,Bình Thuận,NTB,AM Khánh
NTB - Bình Thuận,(BTH) Phú Thủy,Hàng Mới Ca 1,2026-08-21 - Thứ 6,83,100.00%,89.16%,0.00%,5.05,74,0,83,0,9,0,0.00%,10.84%,83,Bình Thuận,NTB,AM Khánh
NTB - Bình Thuận,(BTH) Phú Thủy,Hàng Mới Ca 1,2026-08-18 - Thứ 3,77,100.00%,93.51%,0.00%,6.19,72,0,77,0,5,0,0.00%,6.49%,77,Bình Thuận,NTB,AM Khánh
NTB - Bình Thuận,(BTH) Phú Thủy,Hàng Mới Ca 1,2026-09-07 - Thứ 2,86,100.00%,95.35%,0.00%,8.32,82,0,86,0,4,0,0.00%,4.65%,86,Bình Thuận,NTB,AM Khánh
NTB - Bình Thuận,(BTH) Phú Thủy,Hàng Mới Ca 1,2026-09-13 - Chủ Nhật,106,100.00%,85.85%,0.00%,5.32,91,0,106,0,15,0,0.00%,14.15%,106,Bình Thuận,NTB,AM Khánh
NTB - Bình Thuận,(BTH) Phú Thủy,Hàng Mới Ca 1,2026-09-11 - Thứ 6,98,100.00%,94.90%,0.00%,11.05,93,0,98,0,5,0,0.00%,5.10%,98,Bình Thuận,NTB,AM Khánh
NTB - Bình Thuận,(BTH) Phú Thủy,Hàng Mới Ca 1,2026-09-01 - Thứ 3,147,89.80%,76.19%,0.00%,6.56,112,0,132,0,35,15,10.20%,23.81%,147,Bình Thuận,NTB,AM Khánh
NTB - Bình Thuận,(BTH) Phú Thủy,Hàng Mới Ca 1,2026-09-02 - Thứ 4,50,98.00%,80.00%,0.00%,5.65,40,0,49,0,10,1,2.00%,20.00%,50,Bình Thuận,NTB,AM Khánh
NTB - Bình Thuận,(BTH) Phú Thủy,Hàng Mới Ca 1,2026-08-24 - Thứ 2,45,100.00%,88.89%,0.00%,6.7,40,0,45,0,5,0,0.00%,11.11%,45,Bình Thuận,NTB,AM Khánh
NTB - Bình Thuận,(BTH) Phú Thủy,Hàng Mới Ca 1,2026-08-26 - Thứ 4,46,100.00%,89.13%,0.00%,4.88,41,0,46,0,5,0,0.00%,10.87%,46,Bình Thuận,NTB,AM Khánh
NTB - Bình Thuận,(BTH) Phú Thủy,Hàng Mới Ca 1,2026-08-31 - Thứ 2,57,96.49%,77.19%,0.00%,5.16,44,0,55,0,13,2,3.51%,22.81%,57,Bình Thuận,NTB,AM Khánh
NTB - Bình Thuận,(BTH) Phú Thủy,Hàng Mới Ca 1,2026-09-03 - Thứ 5,61,100.00%,75.41%,0.00%,6.26,46,0,61,0,15,0,0.00%,24.59%,61,Bình Thuận,NTB,AM Khánh
NTB - Bình Thuận,(BTH) Phú Thủy,Hàng Mới Ca 1,2026-09-05 - Thứ 7,57,100.00%,87.72%,0.00%,4.98,50,0,57,0,7,0,0.00%,12.28%,57,Bình Thuận,NTB,AM Khánh
NTB - Bình Thuận,(BTH) Phú Thủy,Hàng Mới Ca 1,2026-08-19 - Thứ 4,60,100.00%,88.33%,0.00%,4.98,53,0,60,0,7,0,0.00%,11.67%,60,Bình Thuận,NTB,AM Khánh
NTB - Bình Thuận,(BTH) Phú Thủy,Hàng Mới Ca 1,2026-09-04 - Thứ 6,60,100.00%,93.33%,0.00%,5.11,56,0,60,0,4,0,0.00%,6.67%,60,Bình Thuận,NTB,AM Khánh
NTB - Bình Thuận,(BTH) Phú Thủy,Hàng Mới Ca 1,2026-09-09 - Thứ 4,72,94.44%,83.33%,0.00%,5.35,60,0,68,0,12,4,5.56%,16.67%,72,Bình Thuận,NTB,AM Khánh
NTB - Bình Thuận,(BTH) Phú Thủy,Hàng Mới Ca 1,2026-08-22 - Thứ 7,70,100.00%,91.43%,0.00%,6.17,64,0,70,0,6,0,0.00%,8.57%,70,Bình Thuận,NTB,AM Khánh
NTB - Bình Thuận,(BTH) Phú Thủy,Hàng Mới Ca 1,2026-08-17 - Thứ 2,75,98.67%,88.00%,0.00%,5.5,66,0,74,0,9,1,1.33%,12.00%,75,Bình Thuận,NTB,AM Khánh
NTB - Bình Thuận,(BTH) Phú Thủy,Hàng Mới Ca 1,2026-08-20 - Thứ 5,81,98.77%,90.12%,0.00%,6.12,73,0,80,0,8,1,1.23%,9.88%,81,Bình Thuận,NTB,AM Khánh
NTB - Bình Thuận,(BTH) Phú Thủy,Hàng Mới Ca 1,2026-08-30 - Chủ Nhật,87,100.00%,87.36%,0.00%,5.63,76,0,87,0,11,0,0.00%,12.64%,87,Bình Thuận,NTB,AM Khánh
NTB - Bình Thuận,(BTH) Phú Thủy,Hàng Mới Ca 1,2026-08-23 - Chủ Nhật,81,100.00%,93.83%,0.00%,5.89,76,0,81,0,5,0,0.00%,6.17%,81,Bình Thuận,NTB,AM Khánh
NTB - Bình Thuận,(BTH) Phú Thủy,Hàng Mới Ca 1,2026-08-28 - Thứ 6,83,98.80%,92.77%,0.00%,8.21,77,0,82,0,6,1,1.20%,7.23%,83,Bình Thuận,NTB,AM Khánh
NTB - Bình Thuận,(BTH) Phú Thủy,Hàng Mới Ca 1,2026-09-06 - Chủ Nhật,98,100.00%,86.73%,0.00%,5.47,85,0,98,0,13,0,0.00%,13.27%,98,Bình Thuận,NTB,AM Khánh
NTB - Bình Thuận,(BTH) Phú Thủy,Hàng Mới Ca 2,2026-08-19 - Thứ 4,117,94.87%,77.78%,0.00%,4.43,91,0,111,0,26,6,5.13%,22.22%,117,Bình Thuận,NTB,AM Khánh
NTB - Bình Thuận,(BTH) Phú Thủy,Hàng Mới Ca 2,2026-08-28 - Thứ 6,95,96.84%,90.53%,0.00%,4,86,0,92,0,9,3,3.16%,9.47%,95,Bình Thuận,NTB,AM Khánh
NTB - Bình Thuận,(BTH) Phú Thủy,Hàng Mới Ca 2,2026-08-31 - Thứ 2,29,75.86%,58.62%,0.00%,3.24,17,0,22,0,12,7,24.14%,41.38%,29,Bình Thuận,NTB,AM Khánh
NTB - Bình Thuận,(BTH) Phú Thủy,Hàng Mới Ca 2,2026-09-03 - Thứ 5,40,75.00%,62.50%,0.00%,5.16,25,0,30,0,15,10,25.00%,37.50%,40,Bình Thuận,NTB,AM Khánh
NTB - Bình Thuận,(BTH) Phú Thủy,Hàng Mới Ca 2,2026-09-12 - Thứ 7,34,88.24%,73.53%,0.00%,4.12,25,0,30,0,9,4,11.76%,26.47%,34,Bình Thuận,NTB,AM Khánh
NTB - Bình Thuận,(BTH) Phú Thủy,Hàng Mới Ca 2,2026-09-02 - Thứ 4,67,52.24%,41.79%,0.00%,3.57,28,0,35,0,39,32,47.76%,58.21%,67,Bình Thuận,NTB,AM Khánh
NTB - Bình Thuận,(BTH) Phú Thủy,Hàng Mới Ca 2,2026-08-24 - Thứ 2,41,100.00%,87.80%,0.00%,3.47,36,0,41,0,5,0,0.00%,12.20%,41,Bình Thuận,NTB,AM Khánh
NTB - Bình Thuận,(BTH) Phú Thủy,Hàng Mới Ca 2,2026-09-01 - Thứ 3,60,68.33%,63.33%,0.00%,3.92,38,0,41,0,22,19,31.67%,36.67%,60,Bình Thuận,NTB,AM Khánh
NTB - Bình Thuận,(BTH) Phú Thủy,Hàng Mới Ca 2,2026-08-29 - Thứ 7,42,100.00%,90.48%,0.00%,4.97,38,0,42,0,4,0,0.00%,9.52%,42,Bình Thuận,NTB,AM Khánh
NTB - Bình Thuận,(BTH) Phú Thủy,Hàng Mới Ca 2,2026-09-04 - Thứ 6,65,72.31%,66.15%,0.00%,4.51,43,0,47,0,22,18,27.69%,33.85%,65,Bình Thuận,NTB,AM Khánh
NTB - Bình Thuận,(BTH) Phú Thủy,Hàng Mới Ca 2,2026-09-08 - Thứ 3,51,96.08%,90.20%,0.00%,4.61,46,0,49,0,5,2,3.92%,9.80%,51,Bình Thuận,NTB,AM Khánh
NTB - Bình Thuận,(BTH) Phú Thủy,Hàng Mới Ca 2,2026-09-09 - Thứ 4,58,94.83%,81.03%,0.00%,3.98,47,0,55,0,11,3,5.17%,18.97%,58,Bình Thuận,NTB,AM Khánh
NTB - Bình Thuận,(BTH) Phú Thủy,Hàng Mới Ca 2,2026-09-07 - Thứ 2,60,98.33%,81.67%,0.00%,5,49,0,59,0,11,1,1.67%,18.33%,60,Bình Thuận,NTB,AM Khánh
NTB - Bình Thuận,(BTH) Phú Thủy,Hàng Mới Ca 2,2026-09-10 - Thứ 5,69,89.86%,73.91%,0.00%,4.29,51,0,62,0,18,7,10.14%,26.09%,69,Bình Thuận,NTB,AM Khánh
NTB - Bình Thuận,(BTH) Phú Thủy,Hàng Mới Ca 2,2026-09-13 - Chủ Nhật,60,91.67%,86.67%,0.00%,3.81,52,0,55,0,8,5,8.33%,13.33%,60,Bình Thuận,NTB,AM Khánh
NTB - Bình Thuận,(BTH) Phú Thủy,Hàng Mới Ca 2,2026-08-30 - Chủ Nhật,66,96.97%,81.82%,0.00%,4.07,54,0,64,0,12,2,3.03%,18.18%,66,Bình Thuận,NTB,AM Khánh
NTB - Bình Thuận,(BTH) Phú Thủy,Hàng Mới Ca 2,2026-08-20 - Thứ 5,65,96.92%,87.69%,0.00%,4.91,57,0,63,0,8,2,3.08%,12.31%,65,Bình Thuận,NTB,AM Khánh
NTB - Bình Thuận,(BTH) Phú Thủy,Hàng Mới Ca 2,2026-09-06 - Chủ Nhật,89,77.53%,64.04%,0.00%,3.72,57,0,69,0,32,20,22.47%,35.96%,89,Bình Thuận,NTB,AM Khánh
NTB - Bình Thuận,(BTH) Phú Thủy,Hàng Mới Ca 2,2026-09-11 - Thứ 6,73,91.78%,79.45%,0.00%,4.52,58,0,67,0,15,6,8.22%,20.55%,73,Bình Thuận,NTB,AM Khánh
NTB - Bình Thuận,(BTH) Phú Thủy,Hàng Mới Ca 2,2026-08-17 - Thứ 2,63,100.00%,93.65%,0.00%,3.63,59,0,63,0,4,0,0.00%,6.35%,63,Bình Thuận,NTB,AM Khánh
NTB - Bình Thuận,(BTH) Phú Thủy,Hàng Mới Ca 2,2026-08-18 - Thứ 3,82,92.68%,78.05%,0.00%,4.53,64,0,76,0,18,6,7.32%,21.95%,82,Bình Thuận,NTB,AM Khánh
NTB - Bình Thuận,(BTH) Phú Thủy,Hàng Mới Ca 2,2026-08-21 - Thứ 6,76,98.68%,86.84%,0.00%,4.26,66,0,75,0,10,1,1.32%,13.16%,76,Bình Thuận,NTB,AM Khánh
NTB - Bình Thuận,(BTH) Phú Thủy,Hàng Mới Ca 2,2026-09-05 - Thứ 7,92,82.61%,71.74%,0.00%,3.55,66,0,76,0,26,16,17.39%,28.26%,92,Bình Thuận,NTB,AM Khánh
NTB - Bình Thuận,(BTH) Phú Thủy,Hàng Mới Ca 2,2026-08-26 - Thứ 4,79,98.73%,86.08%,0.00%,4.24,68,0,78,0,11,1,1.27%,13.92%,79,Bình Thuận,NTB,AM Khánh
NTB - Bình Thuận,(BTH) Phú Thủy,Hàng Mới Ca 2,2026-08-22 - Thứ 7,83,95.18%,83.13%,0.00%,4.19,69,0,79,0,14,4,4.82%,16.87%,83,Bình Thuận,NTB,AM Khánh
NTB - Bình Thuận,(BTH) Phú Thủy,Hàng Mới Ca 2,2026-08-27 - Thứ 5,82,98.78%,89.02%,0.00%,4.3,73,0,81,0,9,1,1.22%,10.98%,82,Bình Thuận,NTB,AM Khánh
NTB - Bình Thuận,(BTH) Phú Thủy,Hàng Mới Ca 2,2026-08-23 - Chủ Nhật,86,93.02%,84.88%,0.00%,4.05,73,0,80,0,13,6,6.98%,15.12%,86,Bình Thuận,NTB,AM Khánh
NTB - Bình Thuận,(BTH) Phú Thủy,Hàng Mới Ca 2,2026-08-25 - Thứ 3,86,91.86%,87.21%,0.00%,4.11,75,0,79,0,11,7,8.14%,12.79%,86,Bình Thuận,NTB,AM Khánh
NTB - Bình Thuận,(BTH) Phú Thủy,Hàng Tồn,2026-08-30 - Chủ Nhật,29,96.55%,17.24%,6.90%,34.4,5,2,28,2,22,1,3.45%,75.86%,0,Bình Thuận,NTB,AM Khánh
NTB - Bình Thuận,(BTH) Phú Thủy,Hàng Tồn,2026-08-25 - Thứ 3,19,100.00%,26.32%,0.00%,25.4,5,0,19,0,14,0,0.00%,73.68%,0,Bình Thuận,NTB,AM Khánh
NTB - Bình Thuận,(BTH) Phú Thủy,Hàng Tồn,2026-08-29 - Thứ 7,29,96.55%,27.59%,0.00%,27.63,8,0,28,0,21,1,3.45%,72.41%,0,Bình Thuận,NTB,AM Khánh
NTB - Bình Thuận,(BTH) Phú Thủy,Hàng Tồn,2026-08-27 - Thứ 5,24,100.00%,33.33%,4.17%,39.75,8,1,24,1,15,0,0.00%,62.50%,0,Bình Thuận,NTB,AM Khánh
NTB - Bình Thuận,(BTH) Phú Thủy,Hàng Tồn,2026-08-28 - Thứ 6,34,100.00%,26.47%,11.76%,31.11,9,4,34,4,21,0,0.00%,61.77%,0,Bình Thuận,NTB,AM Khánh
NTB - Bình Thuận,(BTH) Phú Thủy,Hàng Tồn,2026-08-26 - Thứ 4,27,100.00%,33.33%,22.22%,31.22,9,6,27,6,12,0,0.00%,44.45%,0,Bình Thuận,NTB,AM Khánh
NTB - Bình Thuận,(BTH) Phú Thủy,Hàng Tồn,2026-08-31 - Thứ 2,39,92.31%,25.64%,10.26%,33.5,10,4,36,4,25,3,7.69%,64.10%,0,Bình Thuận,NTB,AM Khánh
NTB - Bình Thuận,(BTH) Phú Thủy,Hàng Tồn,2026-08-18 - Thứ 3,26,96.15%,38.46%,7.69%,42.1,10,2,25,2,14,1,3.85%,53.85%,0,Bình Thuận,NTB,AM Khánh
NTB - Bình Thuận,(BTH) Phú Thủy,Hàng Tồn,2026-08-22 - Thứ 7,37,97.30%,27.03%,8.11%,27.4,10,3,36,3,24,1,2.70%,64.86%,0,Bình Thuận,NTB,AM Khánh
NTB - Bình Thuận,(BTH) Phú Thủy,Hàng Tồn,2026-09-12 - Thứ 7,38,100.00%,28.95%,2.63%,36.64,11,1,38,1,26,0,0.00%,68.42%,0,Bình Thuận,NTB,AM Khánh
NTB - Bình Thuận,(BTH) Phú Thủy,Hàng Tồn,2026-08-21 - Thứ 6,33,100.00%,33.33%,0.00%,31.18,11,0,33,0,22,0,0.00%,66.67%,0,Bình Thuận,NTB,AM Khánh
NTB - Bình Thuận,(BTH) Phú Thủy,Hàng Tồn,2026-09-01 - Thứ 3,47,82.98%,23.40%,2.13%,40.27,11,1,39,1,35,8,17.02%,74.47%,0,Bình Thuận,NTB,AM Khánh
NTB - Bình Thuận,(BTH) Phú Thủy,Hàng Tồn,2026-09-09 - Thứ 4,30,100.00%,46.67%,6.67%,33.14,14,2,30,2,14,0,0.00%,46.66%,0,Bình Thuận,NTB,AM Khánh
NTB - Bình Thuận,(BTH) Phú Thủy,Hàng Tồn,2026-09-10 - Thứ 5,34,100.00%,41.18%,8.82%,35.5,14,3,34,3,17,0,0.00%,50.00%,0,Bình Thuận,NTB,AM Khánh
NTB - Bình Thuận,(BTH) Phú Thủy,Hàng Tồn,2026-09-13 - Chủ Nhật,39,100.00%,35.90%,12.82%,44.14,14,5,39,5,20,0,0.00%,51.28%,0,Bình Thuận,NTB,AM Khánh
NTB - Bình Thuận,(BTH) Phú Thủy,Hàng Tồn,2026-08-23 - Chủ Nhật,39,97.44%,43.59%,15.38%,31.06,17,6,38,6,16,1,2.56%,41.03%,0,Bình Thuận,NTB,AM Khánh
NTB - Bình Thuận,(BTH) Phú Thủy,Hàng Tồn,2026-08-24 - Thứ 2,33,100.00%,51.52%,12.12%,30.71,17,4,33,4,12,0,0.00%,36.36%,0,Bình Thuận,NTB,AM Khánh
NTB - Bình Thuận,(BTH) Phú Thủy,Hàng Tồn,2026-08-20 - Thứ 5,41,100.00%,41.46%,2.44%,27.59,17,1,41,1,23,0,0.00%,56.10%,0,Bình Thuận,NTB,AM Khánh
NTB - Bình Thuận,(BTH) Phú Thủy,Hàng Tồn,2026-08-19 - Thứ 4,34,97.06%,50.00%,5.88%,28.88,17,2,33,2,15,1,2.94%,44.12%,0,Bình Thuận,NTB,AM Khánh
NTB - Bình Thuận,(BTH) Phú Thủy,Hàng Tồn,2026-09-11 - Thứ 6,46,100.00%,41.30%,4.35%,35.53,19,2,46,2,25,0,0.00%,54.35%,0,Bình Thuận,NTB,AM Khánh
NTB - Bình Thuận,(BTH) Phú Thủy,Hàng Tồn,2026-09-05 - Thứ 7,44,95.45%,47.73%,4.55%,41.71,21,2,42,2,21,2,4.55%,47.72%,0,Bình Thuận,NTB,AM Khánh
NTB - Bình Thuận,(BTH) Phú Thủy,Hàng Tồn,2026-09-08 - Thứ 3,40,97.50%,55.00%,2.50%,48.68,22,1,39,1,17,1,2.50%,42.50%,0,Bình Thuận,NTB,AM Khánh
NTB - Bình Thuận,(BTH) Phú Thủy,Hàng Tồn,2026-09-06 - Chủ Nhật,53,96.23%,41.51%,1.89%,35.41,22,1,51,1,30,2,3.77%,56.60%,0,Bình Thuận,NTB,AM Khánh
NTB - Bình Thuận,(BTH) Phú Thủy,Hàng Tồn,2026-08-17 - Thứ 2,44,97.73%,54.55%,6.82%,33,24,3,43,3,17,1,2.27%,38.63%,0,Bình Thuận,NTB,AM Khánh
NTB - Bình Thuận,(BTH) Phú Thủy,Hàng Tồn,2026-09-04 - Thứ 6,51,92.16%,56.86%,0.00%,43.79,29,0,47,0,22,4,7.84%,43.14%,0,Bình Thuận,NTB,AM Khánh
NTB - Bình Thuận,(BTH) Phú Thủy,Hàng Tồn,2026-09-07 - Thứ 2,71,97.18%,61.97%,2.82%,41.7,44,2,69,2,25,2,2.82%,35.21%,0,Bình Thuận,NTB,AM Khánh
NTB - Bình Thuận,(BTH) Phú Thủy,Hàng Tồn,2026-09-03 - Thứ 5,76,96.05%,65.79%,5.26%,34.24,50,4,73,4,22,3,3.95%,28.95%,0,Bình Thuận,NTB,AM Khánh
NTB - Bình Thuận,(BTH) Phú Thủy,Hàng Tồn,2026-09-02 - Thứ 4,81,97.53%,65.43%,2.47%,33.72,53,2,79,2,26,2,2.47%,32.10%,0,Bình Thuận,NTB,AM Khánh
NTB - Bình Thuận,(BTH) Phú Quý,Hàng Mới Ca 1,2026-09-13 - Chủ Nhật,11,100.00%,100.00%,0.00%,1.82,11,0,11,0,0,0,0.00%,0.00%,11,Bình Thuận,NTB,AM Khánh
NTB - Bình Thuận,(BTH) Phú Quý,Hàng Mới Ca 1,2026-09-01 - Thứ 3,15,100.00%,93.33%,0.00%,3.14,14,0,15,0,1,0,0.00%,6.67%,15,Bình Thuận,NTB,AM Khánh
NTB - Bình Thuận,(BTH) Phú Quý,Hàng Mới Ca 1,2026-09-02 - Thứ 4,22,100.00%,86.36%,0.00%,3,19,0,22,0,3,0,0.00%,13.64%,22,Bình Thuận,NTB,AM Khánh
NTB - Bình Thuận,(BTH) Phú Quý,Hàng Mới Ca 1,2026-08-24 - Thứ 2,42,100.00%,97.62%,0.00%,2.98,41,0,42,0,1,0,0.00%,2.38%,42,Bình Thuận,NTB,AM Khánh
NTB - Bình Thuận,(BTH) Phú Quý,Hàng Mới Ca 1,2026-08-31 - Thứ 2,45,100.00%,93.33%,0.00%,3.9,42,0,45,0,3,0,0.00%,6.67%,45,Bình Thuận,NTB,AM Khánh
NTB - Bình Thuận,(BTH) Phú Quý,Hàng Mới Ca 1,2026-08-29 - Thứ 7,51,100.00%,100.00%,0.00%,3.98,51,0,51,0,0,0,0.00%,0.00%,51,Bình Thuận,NTB,AM Khánh
NTB - Bình Thuận,(BTH) Phú Quý,Hàng Mới Ca 1,2026-08-25 - Thứ 3,57,100.00%,96.49%,0.00%,3.11,55,0,57,0,2,0,0.00%,3.51%,57,Bình Thuận,NTB,AM Khánh
NTB - Bình Thuận,(BTH) Phú Quý,Hàng Mới Ca 2,2026-08-28 - Thứ 6,136,100.00%,95.59%,0.00%,4.05,130,0,136,0,6,0,0.00%,4.41%,136,Bình Thuận,NTB,AM Khánh
NTB - Bình Thuận,(BTH) Phú Quý,Hàng Mới Ca 2,2026-08-25 - Thứ 3,1,100.00%,100.00%,0.00%,1,1,0,1,0,0,0,0.00%,0.00%,1,Bình Thuận,NTB,AM Khánh
NTB - Bình Thuận,(BTH) Phú Quý,Hàng Mới Ca 2,2026-08-24 - Thứ 2,7,100.00%,100.00%,0.00%,2.29,7,0,7,0,0,0,0.00%,0.00%,7,Bình Thuận,NTB,AM Khánh
NTB - Bình Thuận,(BTH) Phú Quý,Hàng Mới Ca 2,2026-09-02 - Thứ 4,14,100.00%,100.00%,0.00%,2.5,14,0,14,0,0,0,0.00%,0.00%,14,Bình Thuận,NTB,AM Khánh
NTB - Bình Thuận,(BTH) Phú Quý,Hàng Mới Ca 2,2026-08-31 - Thứ 2,24,100.00%,95.83%,0.00%,3.09,23,0,24,0,1,0,0.00%,4.17%,24,Bình Thuận,NTB,AM Khánh
NTB - Bình Thuận,(BTH) Phú Quý,Hàng Mới Ca 2,2026-09-01 - Thứ 3,31,96.77%,93.55%,0.00%,2.55,29,0,30,0,2,1,3.23%,6.45%,31,Bình Thuận,NTB,AM Khánh
NTB - Bình Thuận,(BTH) Phú Quý,Hàng Mới Ca 2,2026-09-13 - Chủ Nhật,30,100.00%,100.00%,0.00%,4.1,30,0,30,0,0,0,0.00%,0.00%,30,Bình Thuận,NTB,AM Khánh
NTB - Bình Thuận,(BTH) Phú Quý,Hàng Mới Ca 2,2026-09-07 - Thứ 2,32,100.00%,96.88%,0.00%,2.1,31,0,32,0,1,0,0.00%,3.12%,32,Bình Thuận,NTB,AM Khánh
NTB - Bình Thuận,(BTH) Phú Quý,Hàng Mới Ca 2,2026-09-09 - Thứ 4,34,100.00%,97.06%,0.00%,2.7,33,0,34,0,1,0,0.00%,2.94%,34,Bình Thuận,NTB,AM Khánh
NTB - Bình Thuận,(BTH) Phú Quý,Hàng Mới Ca 2,2026-08-30 - Chủ Nhật,38,100.00%,97.37%,0.00%,3.03,37,0,38,0,1,0,0.00%,2.63%,38,Bình Thuận,NTB,AM Khánh
NTB - Bình Thuận,(BTH) Phú Quý,Hàng Mới Ca 2,2026-09-04 - Thứ 6,43,100.00%,100.00%,0.00%,2.42,43,0,43,0,0,0,0.00%,0.00%,43,Bình Thuận,NTB,AM Khánh
NTB - Bình Thuận,(BTH) Phú Quý,Hàng Mới Ca 2,2026-09-05 - Thứ 7,49,100.00%,93.88%,0.00%,3.33,46,0,49,0,3,0,0.00%,6.12%,49,Bình Thuận,NTB,AM Khánh
NTB - Bình Thuận,(BTH) Phú Quý,Hàng Mới Ca 2,2026-09-12 - Thứ 7,49,97.96%,97.96%,0.00%,2.88,48,0,48,0,1,1,2.04%,2.04%,49,Bình Thuận,NTB,AM Khánh
NTB - Bình Thuận,(BTH) Phú Quý,Hàng Mới Ca 2,2026-09-03 - Thứ 5,52,100.00%,94.23%,0.00%,3.69,49,0,52,0,3,0,0.00%,5.77%,52,Bình Thuận,NTB,AM Khánh
NTB - Bình Thuận,(BTH) Phú Quý,Hàng Mới Ca 2,2026-09-06 - Chủ Nhật,55,100.00%,98.18%,0.00%,2.78,54,0,55,0,1,0,0.00%,1.82%,55,Bình Thuận,NTB,AM Khánh
NTB - Bình Thuận,(BTH) Phú Quý,Hàng Mới Ca 2,2026-09-08 - Thứ 3,59,100.00%,93.22%,0.00%,3.76,55,0,59,0,4,0,0.00%,6.78%,59,Bình Thuận,NTB,AM Khánh
NTB - Bình Thuận,(BTH) Phú Quý,Hàng Mới Ca 2,2026-09-10 - Thứ 5,58,100.00%,94.83%,0.00%,3.6,55,0,58,0,3,0,0.00%,5.17%,58,Bình Thuận,NTB,AM Khánh
NTB - Bình Thuận,(BTH) Phú Quý,Hàng Mới Ca 2,2026-08-18 - Thứ 3,59,100.00%,98.31%,0.00%,3.55,58,0,59,0,1,0,0.00%,1.69%,59,Bình Thuận,NTB,AM Khánh
NTB - Bình Thuận,(BTH) Phú Quý,Hàng Mới Ca 2,2026-08-21 - Thứ 6,62,100.00%,95.16%,0.00%,3.37,59,0,62,0,3,0,0.00%,4.84%,62,Bình Thuận,NTB,AM Khánh
NTB - Bình Thuận,(BTH) Phú Quý,Hàng Mới Ca 2,2026-08-23 - Chủ Nhật,64,100.00%,93.75%,0.00%,3.35,60,0,64,0,4,0,0.00%,6.25%,64,Bình Thuận,NTB,AM Khánh
NTB - Bình Thuận,(BTH) Phú Quý,Hàng Mới Ca 2,2026-08-22 - Thứ 7,64,100.00%,93.75%,0.00%,3.83,60,0,64,0,4,0,0.00%,6.25%,64,Bình Thuận,NTB,AM Khánh
NTB - Bình Thuận,(BTH) Phú Quý,Hàng Mới Ca 2,2026-08-20 - Thứ 5,64,98.44%,95.31%,0.00%,3.84,61,0,63,0,3,1,1.56%,4.69%,64,Bình Thuận,NTB,AM Khánh
NTB - Bình Thuận,(BTH) Phú Quý,Hàng Mới Ca 2,2026-08-17 - Thứ 2,63,100.00%,96.83%,0.00%,3.23,61,0,63,0,2,0,0.00%,3.17%,63,Bình Thuận,NTB,AM Khánh
NTB - Bình Thuận,(BTH) Phú Quý,Hàng Mới Ca 2,2026-09-11 - Thứ 6,61,100.00%,100.00%,0.00%,3.54,61,0,61,0,0,0,0.00%,0.00%,61,Bình Thuận,NTB,AM Khánh
NTB - Bình Thuận,(BTH) Phú Quý,Hàng Mới Ca 2,2026-08-19 - Thứ 4,73,100.00%,95.89%,0.00%,3.06,70,0,73,0,3,0,0.00%,4.11%,73,Bình Thuận,NTB,AM Khánh
NTB - Bình Thuận,(BTH) Phú Quý,Hàng Mới Ca 2,2026-08-29 - Thứ 7,77,100.00%,98.70%,0.00%,5.07,76,0,77,0,1,0,0.00%,1.30%,77,Bình Thuận,NTB,AM Khánh
NTB - Bình Thuận,(BTH) Phú Quý,Hàng Tồn,2026-09-12 - Thứ 7,2,100.00%,0.00%,0.00%,,0,0,2,0,2,0,0.00%,100.00%,0,Bình Thuận,NTB,AM Khánh
NTB - Bình Thuận,(BTH) Phú Quý,Hàng Tồn,2026-08-23 - Chủ Nhật,7,85.71%,0.00%,0.00%,,0,0,6,0,7,1,14.29%,100.00%,0,Bình Thuận,NTB,AM Khánh
NTB - Bình Thuận,(BTH) Phú Quý,Hàng Tồn,2026-08-18 - Thứ 3,4,100.00%,0.00%,0.00%,,0,0,4,0,4,0,0.00%,100.00%,0,Bình Thuận,NTB,AM Khánh
NTB - Bình Thuận,(BTH) Phú Quý,Hàng Tồn,2026-09-01 - Thứ 3,6,100.00%,0.00%,0.00%,,0,0,6,0,6,0,0.00%,100.00%,0,Bình Thuận,NTB,AM Khánh
NTB - Bình Thuận,(BTH) Phú Quý,Hàng Tồn,2026-09-05 - Thứ 7,1,100.00%,0.00%,0.00%,,0,0,1,0,1,0,0.00%,100.00%,0,Bình Thuận,NTB,AM Khánh
NTB - Bình Thuận,(BTH) Phú Quý,Hàng Tồn,2026-09-07 - Thứ 2,3,100.00%,0.00%,0.00%,,0,0,3,0,3,0,0.00%,100.00%,0,Bình Thuận,NTB,AM Khánh
NTB - Bình Thuận,(BTH) Phú Quý,Hàng Tồn,2026-08-20 - Thứ 5,5,100.00%,20.00%,0.00%,26,1,0,5,0,4,0,0.00%,80.00%,0,Bình Thuận,NTB,AM Khánh
NTB - Bình Thuận,(BTH) Phú Quý,Hàng Tồn,2026-09-09 - Thứ 4,6,100.00%,16.67%,0.00%,27,1,0,6,0,5,0,0.00%,83.33%,0,Bình Thuận,NTB,AM Khánh
NTB - Bình Thuận,(BTH) Phú Quý,Hàng Tồn,2026-09-10 - Thứ 5,5,100.00%,20.00%,0.00%,27,1,0,5,0,4,0,0.00%,80.00%,0,Bình Thuận,NTB,AM Khánh
NTB - Bình Thuận,(BTH) Phú Quý,Hàng Tồn,2026-09-03 - Thứ 5,6,100.00%,16.67%,0.00%,26,1,0,6,0,5,0,0.00%,83.33%,0,Bình Thuận,NTB,AM Khánh
NTB - Bình Thuận,(BTH) Phú Quý,Hàng Tồn,2026-08-22 - Thứ 7,6,83.33%,16.67%,0.00%,28,1,0,5,0,5,1,16.67%,83.33%,0,Bình Thuận,NTB,AM Khánh
NTB - Bình Thuận,(BTH) Phú Quý,Hàng Tồn,2026-08-30 - Chủ Nhật,5,100.00%,20.00%,0.00%,45,1,0,5,0,4,0,0.00%,80.00%,0,Bình Thuận,NTB,AM Khánh
NTB - Bình Thuận,(BTH) Phú Quý,Hàng Tồn,2026-08-19 - Thứ 4,3,100.00%,33.33%,0.00%,55,1,0,3,0,2,0,0.00%,66.67%,0,Bình Thuận,NTB,AM Khánh
NTB - Bình Thuận,(BTH) Phú Quý,Hàng Tồn,2026-08-21 - Thứ 6,6,83.33%,16.67%,16.67%,53,1,1,5,1,4,1,16.67%,66.66%,0,Bình Thuận,NTB,AM Khánh
NTB - Bình Thuận,(BTH) Phú Quý,Hàng Tồn,2026-09-11 - Thứ 6,4,100.00%,25.00%,0.00%,28,1,0,4,0,3,0,0.00%,75.00%,0,Bình Thuận,NTB,AM Khánh
NTB - Bình Thuận,(BTH) Phú Quý,Hàng Tồn,2026-09-06 - Chủ Nhật,4,100.00%,50.00%,0.00%,28,2,0,4,0,2,0,0.00%,50.00%,0,Bình Thuận,NTB,AM Khánh
NTB - Bình Thuận,(BTH) Phú Quý,Hàng Tồn,2026-09-04 - Thứ 6,6,100.00%,33.33%,16.67%,26,2,1,6,1,3,0,0.00%,50.00%,0,Bình Thuận,NTB,AM Khánh
NTB - Bình Thuận,(BTH) Phú Quý,Hàng Tồn,2026-09-02 - Thứ 4,8,100.00%,25.00%,0.00%,26.5,2,0,8,0,6,0,0.00%,75.00%,0,Bình Thuận,NTB,AM Khánh
NTB - Bình Thuận,(BTH) Phú Quý,Hàng Tồn,2026-08-26 - Thứ 4,3,100.00%,66.67%,0.00%,30.5,2,0,3,0,1,0,0.00%,33.33%,0,Bình Thuận,NTB,AM Khánh
NTB - Bình Thuận,(BTH) Phú Quý,Hàng Tồn,2026-09-13 - Chủ Nhật,2,100.00%,100.00%,0.00%,28,2,0,2,0,0,0,0.00%,0.00%,0,Bình Thuận,NTB,AM Khánh
NTB - Bình Thuận,(BTH) Phú Quý,Hàng Tồn,2026-08-17 - Thứ 2,9,100.00%,44.44%,0.00%,41.5,4,0,9,0,5,0,0.00%,55.56%,0,Bình Thuận,NTB,AM Khánh
NTB - Bình Thuận,(BTH) Phú Quý,Hàng Tồn,2026-08-25 - Thứ 3,10,90.00%,40.00%,0.00%,27.25,4,0,9,0,6,1,10.00%,60.00%,0,Bình Thuận,NTB,AM Khánh
NTB - Bình Thuận,(BTH) Phú Quý,Hàng Tồn,2026-08-24 - Thứ 2,14,92.86%,35.71%,0.00%,27.2,5,0,13,0,9,1,7.14%,64.29%,0,Bình Thuận,NTB,AM Khánh
NTB - Bình Thuận,(BTH) Phú Quý,Hàng Tồn,2026-08-31 - Thứ 2,10,100.00%,70.00%,0.00%,27.14,7,0,10,0,3,0,0.00%,30.00%,0,Bình Thuận,NTB,AM Khánh
NTB - Bình Thuận,(BTH) Phú Quý,Hàng Tồn,2026-08-29 - Thứ 7,22,100.00%,77.27%,9.09%,26.59,17,2,22,2,3,0,0.00%,13.64%,0,Bình Thuận,NTB,AM Khánh
NTB - Bình Thuận,(BTH) Phú Quý,Hàng Tồn,2026-09-08 - Thứ 3,45,100.00%,93.33%,0.00%,29.48,42,0,45,0,3,0,0.00%,6.67%,0,Bình Thuận,NTB,AM Khánh
NTB - Bình Thuận,(BTH) Phan Rí Cửa,Hàng Mới Ca 1,2026-09-09 - Thứ 4,17,100.00%,82.35%,0.00%,4.64,14,0,17,0,3,0,0.00%,17.65%,17,Bình Thuận,NTB,AM D.Long
NTB - Bình Thuận,(BTH) Phan Rí Cửa,Hàng Mới Ca 1,2026-09-02 - Thứ 4,34,100.00%,85.29%,0.00%,1.97,29,0,34,0,5,0,0.00%,14.71%,34,Bình Thuận,NTB,AM D.Long
NTB - Bình Thuận,(BTH) Phan Rí Cửa,Hàng Mới Ca 1,2026-09-03 - Thứ 5,36,97.22%,88.89%,0.00%,4.25,32,0,35,0,4,1,2.78%,11.11%,36,Bình Thuận,NTB,AM D.Long
NTB - Bình Thuận,(BTH) Phan Rí Cửa,Hàng Mới Ca 1,2026-08-31 - Thứ 2,37,100.00%,94.59%,0.00%,3.74,35,0,37,0,2,0,0.00%,5.41%,37,Bình Thuận,NTB,AM D.Long
NTB - Bình Thuận,(BTH) Phan Rí Cửa,Hàng Mới Ca 1,2026-08-28 - Thứ 6,40,100.00%,87.50%,0.00%,3.43,35,0,40,0,5,0,0.00%,12.50%,40,Bình Thuận,NTB,AM D.Long
NTB - Bình Thuận,(BTH) Phan Rí Cửa,Hàng Mới Ca 1,2026-09-06 - Chủ Nhật,40,100.00%,90.00%,0.00%,4.61,36,0,40,0,4,0,0.00%,10.00%,40,Bình Thuận,NTB,AM D.Long
NTB - Bình Thuận,(BTH) Phan Rí Cửa,Hàng Mới Ca 1,2026-08-22 - Thứ 7,40,100.00%,90.00%,0.00%,4.39,36,0,40,0,4,0,0.00%,10.00%,40,Bình Thuận,NTB,AM D.Long
NTB - Bình Thuận,(BTH) Phan Rí Cửa,Hàng Mới Ca 1,2026-08-24 - Thứ 2,38,100.00%,97.37%,0.00%,4.38,37,0,38,0,1,0,0.00%,2.63%,38,Bình Thuận,NTB,AM D.Long
NTB - Bình Thuận,(BTH) Phan Rí Cửa,Hàng Mới Ca 1,2026-08-21 - Thứ 6,43,100.00%,93.02%,0.00%,3.65,40,0,43,0,3,0,0.00%,6.98%,43,Bình Thuận,NTB,AM D.Long
NTB - Bình Thuận,(BTH) Phan Rí Cửa,Hàng Mới Ca 1,2026-08-20 - Thứ 5,45,100.00%,91.11%,0.00%,3.49,41,0,45,0,4,0,0.00%,8.89%,45,Bình Thuận,NTB,AM D.Long
NTB - Bình Thuận,(BTH) Phan Rí Cửa,Hàng Mới Ca 1,2026-08-19 - Thứ 4,44,100.00%,95.45%,0.00%,4.33,42,0,44,0,2,0,0.00%,4.55%,44,Bình Thuận,NTB,AM D.Long
NTB - Bình Thuận,(BTH) Phan Rí Cửa,Hàng Mới Ca 1,2026-08-29 - Thứ 7,56,100.00%,76.79%,0.00%,3.44,43,0,56,0,13,0,0.00%,23.21%,56,Bình Thuận,NTB,AM D.Long
NTB - Bình Thuận,(BTH) Phan Rí Cửa,Hàng Mới Ca 1,2026-09-04 - Thứ 6,47,100.00%,93.62%,0.00%,3.2,44,0,47,0,3,0,0.00%,6.38%,47,Bình Thuận,NTB,AM D.Long
NTB - Bình Thuận,(BTH) Phan Rí Cửa,Hàng Mới Ca 1,2026-09-05 - Thứ 7,52,100.00%,92.31%,0.00%,3.69,48,0,52,0,4,0,0.00%,7.69%,52,Bình Thuận,NTB,AM D.Long
NTB - Bình Thuận,(BTH) Phan Rí Cửa,Hàng Mới Ca 1,2026-09-12 - Thứ 7,54,100.00%,94.44%,0.00%,4.1,51,0,54,0,3,0,0.00%,5.56%,54,Bình Thuận,NTB,AM D.Long
NTB - Bình Thuận,(BTH) Phan Rí Cửa,Hàng Mới Ca 1,2026-09-11 - Thứ 6,55,100.00%,92.73%,0.00%,3.9,51,0,55,0,4,0,0.00%,7.27%,55,Bình Thuận,NTB,AM D.Long
NTB - Bình Thuận,(BTH) Phan Rí Cửa,Hàng Mới Ca 1,2026-08-17 - Thứ 2,56,98.21%,92.86%,0.00%,3.85,52,0,55,0,4,1,1.79%,7.14%,56,Bình Thuận,NTB,AM D.Long
NTB - Bình Thuận,(BTH) Phan Rí Cửa,Hàng Mới Ca 1,2026-08-23 - Chủ Nhật,55,100.00%,94.55%,0.00%,4.35,52,0,55,0,3,0,0.00%,5.45%,55,Bình Thuận,NTB,AM D.Long
NTB - Bình Thuận,(BTH) Phan Rí Cửa,Hàng Mới Ca 1,2026-08-26 - Thứ 4,60,100.00%,90.00%,0.00%,3.8,54,0,60,0,6,0,0.00%,10.00%,60,Bình Thuận,NTB,AM D.Long
NTB - Bình Thuận,(BTH) Phan Rí Cửa,Hàng Mới Ca 1,2026-09-01 - Thứ 3,60,100.00%,93.33%,0.00%,4.36,56,0,60,0,4,0,0.00%,6.67%,60,Bình Thuận,NTB,AM D.Long
NTB - Bình Thuận,(BTH) Phan Rí Cửa,Hàng Mới Ca 1,2026-09-10 - Thứ 5,60,98.33%,95.00%,0.00%,4.07,57,0,59,0,3,1,1.67%,5.00%,60,Bình Thuận,NTB,AM D.Long
NTB - Bình Thuận,(BTH) Phan Rí Cửa,Hàng Mới Ca 1,2026-09-07 - Thứ 2,67,98.51%,88.06%,0.00%,4.42,59,0,66,0,8,1,1.49%,11.94%,67,Bình Thuận,NTB,AM D.Long
NTB - Bình Thuận,(BTH) Phan Rí Cửa,Hàng Mới Ca 1,2026-08-30 - Chủ Nhật,71,98.59%,87.32%,0.00%,3.45,62,0,70,0,9,1,1.41%,12.68%,71,Bình Thuận,NTB,AM D.Long
NTB - Bình Thuận,(BTH) Phan Rí Cửa,Hàng Mới Ca 1,2026-08-27 - Thứ 5,73,100.00%,84.93%,0.00%,3.76,62,0,73,0,11,0,0.00%,15.07%,73,Bình Thuận,NTB,AM D.Long
NTB - Bình Thuận,(BTH) Phan Rí Cửa,Hàng Mới Ca 1,2026-09-13 - Chủ Nhật,67,100.00%,94.03%,0.00%,5.03,63,0,67,0,4,0,0.00%,5.97%,67,Bình Thuận,NTB,AM D.Long
NTB - Bình Thuận,(BTH) Phan Rí Cửa,Hàng Mới Ca 1,2026-08-18 - Thứ 3,71,100.00%,91.55%,0.00%,3.74,65,0,71,0,6,0,0.00%,8.45%,71,Bình Thuận,NTB,AM D.Long
NTB - Bình Thuận,(BTH) Phan Rí Cửa,Hàng Mới Ca 1,2026-08-25 - Thứ 3,73,100.00%,97.26%,0.00%,3.94,71,0,73,0,2,0,0.00%,2.74%,73,Bình Thuận,NTB,AM D.Long
NTB - Bình Thuận,(BTH) Phan Rí Cửa,Hàng Mới Ca 1,2026-09-08 - Thứ 3,87,100.00%,88.51%,0.00%,4.16,77,0,87,0,10,0,0.00%,11.49%,87,Bình Thuận,NTB,AM D.Long
NTB - Bình Thuận,(BTH) Phan Rí Cửa,Hàng Mới Ca 2,2026-09-02 - Thứ 4,52,0.00%,0.00%,0.00%,,0,0,0,0,52,52,100.00%,100.00%,52,Bình Thuận,NTB,AM D.Long
NTB - Bình Thuận,(BTH) Phan Rí Cửa,Hàng Mới Ca 2,2026-09-03 - Thứ 5,26,69.23%,61.54%,0.00%,2.63,16,0,18,0,10,8,30.77%,38.46%,26,Bình Thuận,NTB,AM D.Long
NTB - Bình Thuận,(BTH) Phan Rí Cửa,Hàng Mới Ca 2,2026-08-17 - Thứ 2,20,90.00%,85.00%,0.00%,1.76,17,0,18,0,3,2,10.00%,15.00%,20,Bình Thuận,NTB,AM D.Long
NTB - Bình Thuận,(BTH) Phan Rí Cửa,Hàng Mới Ca 2,2026-08-31 - Thứ 2,36,63.89%,52.78%,0.00%,1.37,19,0,23,0,17,13,36.11%,47.22%,36,Bình Thuận,NTB,AM D.Long
NTB - Bình Thuận,(BTH) Phan Rí Cửa,Hàng Mới Ca 2,2026-09-07 - Thứ 2,39,51.28%,48.72%,0.00%,1.68,19,0,20,0,20,19,48.72%,51.28%,39,Bình Thuận,NTB,AM D.Long
NTB - Bình Thuận,(BTH) Phan Rí Cửa,Hàng Mới Ca 2,2026-09-11 - Thứ 6,35,71.43%,65.71%,0.00%,1.83,23,0,25,0,12,10,28.57%,34.29%,35,Bình Thuận,NTB,AM D.Long
NTB - Bình Thuận,(BTH) Phan Rí Cửa,Hàng Mới Ca 2,2026-08-29 - Thứ 7,34,88.24%,70.59%,0.00%,2.58,24,0,30,0,10,4,11.76%,29.41%,34,Bình Thuận,NTB,AM D.Long
NTB - Bình Thuận,(BTH) Phan Rí Cửa,Hàng Mới Ca 2,2026-09-04 - Thứ 6,41,68.29%,60.98%,0.00%,1.8,25,0,28,0,16,13,31.71%,39.02%,41,Bình Thuận,NTB,AM D.Long
NTB - Bình Thuận,(BTH) Phan Rí Cửa,Hàng Mới Ca 2,2026-09-01 - Thứ 3,44,100.00%,61.36%,0.00%,2.78,27,0,44,0,17,0,0.00%,38.64%,44,Bình Thuận,NTB,AM D.Long
NTB - Bình Thuận,(BTH) Phan Rí Cửa,Hàng Mới Ca 2,2026-09-13 - Chủ Nhật,49,67.35%,57.14%,0.00%,2,28,0,33,0,21,16,32.65%,42.86%,49,Bình Thuận,NTB,AM D.Long
NTB - Bình Thuận,(BTH) Phan Rí Cửa,Hàng Mới Ca 2,2026-08-24 - Thứ 2,43,81.40%,72.09%,0.00%,1,31,0,35,0,12,8,18.60%,27.91%,43,Bình Thuận,NTB,AM D.Long
NTB - Bình Thuận,(BTH) Phan Rí Cửa,Hàng Mới Ca 2,2026-08-21 - Thứ 6,61,63.93%,54.10%,0.00%,1.94,33,0,39,0,28,22,36.07%,45.90%,61,Bình Thuận,NTB,AM D.Long
NTB - Bình Thuận,(BTH) Phan Rí Cửa,Hàng Mới Ca 2,2026-08-28 - Thứ 6,59,55.93%,55.93%,0.00%,2.45,33,0,33,0,26,26,44.07%,44.07%,59,Bình Thuận,NTB,AM D.Long
NTB - Bình Thuận,(BTH) Phan Rí Cửa,Hàng Mới Ca 2,2026-08-30 - Chủ Nhật,48,75.00%,70.83%,0.00%,2.03,34,0,36,0,14,12,25.00%,29.17%,48,Bình Thuận,NTB,AM D.Long
NTB - Bình Thuận,(BTH) Phan Rí Cửa,Hàng Mới Ca 2,2026-09-10 - Thứ 5,51,70.59%,66.67%,0.00%,2.18,34,0,36,0,17,15,29.41%,33.33%,51,Bình Thuận,NTB,AM D.Long
NTB - Bình Thuận,(BTH) Phan Rí Cửa,Hàng Mới Ca 2,2026-08-23 - Chủ Nhật,66,59.09%,53.03%,0.00%,1.8,35,0,39,0,31,27,40.91%,46.97%,66,Bình Thuận,NTB,AM D.Long
NTB - Bình Thuận,(BTH) Phan Rí Cửa,Hàng Mới Ca 2,2026-09-12 - Thứ 7,60,70.00%,61.67%,0.00%,2.65,37,0,42,0,23,18,30.00%,38.33%,60,Bình Thuận,NTB,AM D.Long
NTB - Bình Thuận,(BTH) Phan Rí Cửa,Hàng Mới Ca 2,2026-08-26 - Thứ 4,53,71.70%,69.81%,0.00%,2.76,37,0,38,0,16,15,28.30%,30.19%,53,Bình Thuận,NTB,AM D.Long
NTB - Bình Thuận,(BTH) Phan Rí Cửa,Hàng Mới Ca 2,2026-08-20 - Thứ 5,77,61.04%,58.44%,0.00%,2.76,45,0,47,0,32,30,38.96%,41.56%,77,Bình Thuận,NTB,AM D.Long
NTB - Bình Thuận,(BTH) Phan Rí Cửa,Hàng Mới Ca 2,2026-09-09 - Thứ 4,79,74.68%,59.49%,0.00%,1.94,47,0,59,0,32,20,25.32%,40.51%,79,Bình Thuận,NTB,AM D.Long
NTB - Bình Thuận,(BTH) Phan Rí Cửa,Hàng Mới Ca 2,2026-09-05 - Thứ 7,81,64.20%,59.26%,0.00%,2,48,0,52,0,33,29,35.80%,40.74%,81,Bình Thuận,NTB,AM D.Long
NTB - Bình Thuận,(BTH) Phan Rí Cửa,Hàng Mới Ca 2,2026-08-27 - Thứ 5,93,59.14%,52.69%,0.00%,2.47,49,0,55,0,44,38,40.86%,47.31%,93,Bình Thuận,NTB,AM D.Long
NTB - Bình Thuận,(BTH) Phan Rí Cửa,Hàng Mới Ca 2,2026-08-22 - Thứ 7,68,82.35%,76.47%,0.00%,2.12,52,0,56,0,16,12,17.65%,23.53%,68,Bình Thuận,NTB,AM D.Long
NTB - Bình Thuận,(BTH) Phan Rí Cửa,Hàng Mới Ca 2,2026-08-19 - Thứ 4,82,67.07%,64.63%,0.00%,2.89,53,0,55,0,29,27,32.93%,35.37%,82,Bình Thuận,NTB,AM D.Long
NTB - Bình Thuận,(BTH) Phan Rí Cửa,Hàng Mới Ca 2,2026-08-25 - Thứ 3,63,98.41%,85.71%,0.00%,2.54,54,0,62,0,9,1,1.59%,14.29%,63,Bình Thuận,NTB,AM D.Long
NTB - Bình Thuận,(BTH) Phan Rí Cửa,Hàng Mới Ca 2,2026-09-08 - Thứ 3,67,100.00%,85.07%,0.00%,2.39,57,0,67,0,10,0,0.00%,14.93%,67,Bình Thuận,NTB,AM D.Long
NTB - Bình Thuận,(BTH) Phan Rí Cửa,Hàng Mới Ca 2,2026-09-06 - Chủ Nhật,93,68.82%,63.44%,0.00%,2.64,59,0,64,0,34,29,31.18%,36.56%,93,Bình Thuận,NTB,AM D.Long
NTB - Bình Thuận,(BTH) Phan Rí Cửa,Hàng Mới Ca 2,2026-08-18 - Thứ 3,73,98.63%,94.52%,0.00%,2.1,69,0,72,0,4,1,1.37%,5.48%,73,Bình Thuận,NTB,AM D.Long
NTB - Bình Thuận,(BTH) Phan Rí Cửa,Hàng Tồn,2026-08-19 - Thứ 4,13,92.31%,46.15%,0.00%,31,6,0,12,0,7,1,7.69%,53.85%,0,Bình Thuận,NTB,AM D.Long
NTB - Bình Thuận,(BTH) Phan Rí Cửa,Hàng Tồn,2026-08-18 - Thứ 3,12,100.00%,50.00%,8.33%,32.33,6,1,12,1,5,0,0.00%,41.67%,0,Bình Thuận,NTB,AM D.Long
NTB - Bình Thuận,(BTH) Phan Rí Cửa,Hàng Tồn,2026-08-26 - Thứ 4,21,95.24%,28.57%,9.52%,29.83,6,2,20,2,13,1,4.76%,61.91%,0,Bình Thuận,NTB,AM D.Long
NTB - Bình Thuận,(BTH) Phan Rí Cửa,Hàng Tồn,2026-08-25 - Thứ 3,21,100.00%,47.62%,0.00%,23.6,10,0,21,0,11,0,0.00%,52.38%,0,Bình Thuận,NTB,AM D.Long
NTB - Bình Thuận,(BTH) Phan Rí Cửa,Hàng Tồn,2026-08-30 - Chủ Nhật,33,100.00%,36.36%,3.03%,27.17,12,1,33,1,20,0,0.00%,60.61%,0,Bình Thuận,NTB,AM D.Long
NTB - Bình Thuận,(BTH) Phan Rí Cửa,Hàng Tồn,2026-09-09 - Thứ 4,35,100.00%,37.14%,5.71%,28.62,13,2,35,2,20,0,0.00%,57.15%,0,Bình Thuận,NTB,AM D.Long
NTB - Bình Thuận,(BTH) Phan Rí Cửa,Hàng Tồn,2026-09-04 - Thứ 6,26,96.15%,53.85%,3.85%,35.86,14,1,25,1,11,1,3.85%,42.30%,0,Bình Thuận,NTB,AM D.Long
NTB - Bình Thuận,(BTH) Phan Rí Cửa,Hàng Tồn,2026-09-12 - Thứ 7,25,100.00%,56.00%,12.00%,28,14,3,25,3,8,0,0.00%,32.00%,0,Bình Thuận,NTB,AM D.Long
NTB - Bình Thuận,(BTH) Phan Rí Cửa,Hàng Tồn,2026-08-31 - Thứ 2,40,97.50%,35.00%,2.50%,28.79,14,1,39,1,25,1,2.50%,62.50%,0,Bình Thuận,NTB,AM D.Long
NTB - Bình Thuận,(BTH) Phan Rí Cửa,Hàng Tồn,2026-08-17 - Thứ 2,24,100.00%,62.50%,8.33%,27.87,15,2,24,2,7,0,0.00%,29.17%,0,Bình Thuận,NTB,AM D.Long
NTB - Bình Thuận,(BTH) Phan Rí Cửa,Hàng Tồn,2026-09-02 - Thứ 4,35,100.00%,42.86%,22.86%,22.4,15,8,35,8,12,0,0.00%,34.28%,0,Bình Thuận,NTB,AM D.Long
NTB - Bình Thuận,(BTH) Phan Rí Cửa,Hàng Tồn,2026-09-05 - Thứ 7,30,100.00%,56.67%,13.33%,25.88,17,4,30,4,9,0,0.00%,30.00%,0,Bình Thuận,NTB,AM D.Long
NTB - Bình Thuận,(BTH) Phan Rí Cửa,Hàng Tồn,2026-09-13 - Chủ Nhật,34,100.00%,50.00%,8.82%,25.12,17,3,34,3,14,0,0.00%,41.18%,0,Bình Thuận,NTB,AM D.Long
NTB - Bình Thuận,(BTH) Phan Rí Cửa,Hàng Tồn,2026-08-23 - Chủ Nhật,31,100.00%,58.06%,3.23%,24.83,18,1,31,1,12,0,0.00%,38.71%,0,Bình Thuận,NTB,AM D.Long
NTB - Bình Thuận,(BTH) Phan Rí Cửa,Hàng Tồn,2026-09-11 - Thứ 6,34,100.00%,61.76%,2.94%,27,21,1,34,1,12,0,0.00%,35.30%,0,Bình Thuận,NTB,AM D.Long
NTB - Bình Thuận,(BTH) Phan Rí Cửa,Hàng Tồn,2026-08-27 - Thứ 5,34,100.00%,64.71%,5.88%,32.27,22,2,34,2,10,0,0.00%,29.41%,0,Bình Thuận,NTB,AM D.Long
NTB - Bình Thuận,(BTH) Phan Rí Cửa,Hàng Tồn,2026-09-01 - Thứ 3,38,100.00%,57.89%,0.00%,32.41,22,0,38,0,16,0,0.00%,42.11%,0,Bình Thuận,NTB,AM D.Long
NTB - Bình Thuận,(BTH) Phan Rí Cửa,Hàng Tồn,2026-08-22 - Thứ 7,36,100.00%,63.89%,5.56%,24.43,23,2,36,2,11,0,0.00%,30.55%,0,Bình Thuận,NTB,AM D.Long
NTB - Bình Thuận,(BTH) Phan Rí Cửa,Hàng Tồn,2026-09-10 - Thứ 5,50,100.00%,50.00%,8.00%,23.12,25,4,50,4,21,0,0.00%,42.00%,0,Bình Thuận,NTB,AM D.Long
NTB - Bình Thuận,(BTH) Phan Rí Cửa,Hàng Tồn,2026-09-08 - Thứ 3,44,100.00%,61.36%,0.00%,31.81,27,0,44,0,17,0,0.00%,38.64%,0,Bình Thuận,NTB,AM D.Long
NTB - Bình Thuận,(BTH) Phan Rí Cửa,Hàng Tồn,2026-09-06 - Chủ Nhật,45,100.00%,62.22%,4.44%,24.93,28,2,45,2,15,0,0.00%,33.34%,0,Bình Thuận,NTB,AM D.Long
NTB - Bình Thuận,(BTH) Phan Rí Cửa,Hàng Tồn,2026-08-20 - Thứ 5,38,100.00%,73.68%,0.00%,25.14,28,0,38,0,10,0,0.00%,26.32%,0,Bình Thuận,NTB,AM D.Long
NTB - Bình Thuận,(BTH) Phan Rí Cửa,Hàng Tồn,2026-09-07 - Thứ 2,50,100.00%,58.00%,2.00%,23.24,29,1,50,1,20,0,0.00%,40.00%,0,Bình Thuận,NTB,AM D.Long
NTB - Bình Thuận,(BTH) Phan Rí Cửa,Hàng Tồn,2026-08-24 - Thứ 2,41,100.00%,70.73%,4.88%,23.52,29,2,41,2,10,0,0.00%,24.39%,0,Bình Thuận,NTB,AM D.Long
NTB - Bình Thuận,(BTH) Phan Rí Cửa,Hàng Tồn,2026-08-29 - Thứ 7,44,100.00%,68.18%,2.27%,27.27,30,1,44,1,13,0,0.00%,29.55%,0,Bình Thuận,NTB,AM D.Long
NTB - Bình Thuận,(BTH) Phan Rí Cửa,Hàng Tồn,2026-08-21 - Thứ 6,46,100.00%,84.78%,2.17%,28.46,39,1,46,1,6,0,0.00%,13.05%,0,Bình Thuận,NTB,AM D.Long
NTB - Bình Thuận,(BTH) Phan Rí Cửa,Hàng Tồn,2026-08-28 - Thứ 6,62,100.00%,74.19%,4.84%,24.87,46,3,62,3,13,0,0.00%,20.97%,0,Bình Thuận,NTB,AM D.Long
NTB - Bình Thuận,(BTH) Phan Rí Cửa,Hàng Tồn,2026-09-03 - Thứ 5,69,98.55%,75.36%,4.35%,23.88,52,3,68,3,14,1,1.45%,20.29%,0,Bình Thuận,NTB,AM D.Long
NTB - Bình Thuận,(BTH) Mũi Né,Hàng Mới Ca 1,2026-09-02 - Thứ 4,23,100.00%,86.96%,0.00%,6.1,20,0,23,0,3,0,0.00%,13.04%,23,Bình Thuận,NTB,AM Khánh
NTB - Bình Thuận,(BTH) Mũi Né,Hàng Mới Ca 1,2026-08-19 - Thứ 4,27,100.00%,85.19%,0.00%,5.7,23,0,27,0,4,0,0.00%,14.81%,27,Bình Thuận,NTB,AM Khánh
NTB - Bình Thuận,(BTH) Mũi Né,Hàng Mới Ca 1,2026-09-09 - Thứ 4,29,100.00%,89.66%,0.00%,6.31,26,0,29,0,3,0,0.00%,10.34%,29,Bình Thuận,NTB,AM Khánh
NTB - Bình Thuận,(BTH) Mũi Né,Hàng Mới Ca 1,2026-08-26 - Thứ 4,28,100.00%,92.86%,0.00%,5.42,26,0,28,0,2,0,0.00%,7.14%,28,Bình Thuận,NTB,AM Khánh
NTB - Bình Thuận,(BTH) Mũi Né,Hàng Mới Ca 1,2026-09-06 - Chủ Nhật,34,100.00%,82.35%,0.00%,7.29,28,0,34,0,6,0,0.00%,17.65%,34,Bình Thuận,NTB,AM Khánh
NTB - Bình Thuận,(BTH) Mũi Né,Hàng Mới Ca 1,2026-08-28 - Thứ 6,41,100.00%,85.37%,0.00%,6.89,35,0,41,0,6,0,0.00%,14.63%,41,Bình Thuận,NTB,AM Khánh
NTB - Bình Thuận,(BTH) Mũi Né,Hàng Mới Ca 1,2026-08-22 - Thứ 7,40,100.00%,90.00%,0.00%,7.28,36,0,40,0,4,0,0.00%,10.00%,40,Bình Thuận,NTB,AM Khánh
NTB - Bình Thuận,(BTH) Mũi Né,Hàng Mới Ca 1,2026-08-31 - Thứ 2,42,100.00%,88.10%,0.00%,7.51,37,0,42,0,5,0,0.00%,11.90%,42,Bình Thuận,NTB,AM Khánh
NTB - Bình Thuận,(BTH) Mũi Né,Hàng Mới Ca 1,2026-09-07 - Thứ 2,48,100.00%,77.08%,0.00%,7.68,37,0,48,0,11,0,0.00%,22.92%,48,Bình Thuận,NTB,AM Khánh
NTB - Bình Thuận,(BTH) Mũi Né,Hàng Mới Ca 1,2026-09-03 - Thứ 5,47,100.00%,78.72%,0.00%,5.97,37,0,47,0,10,0,0.00%,21.28%,47,Bình Thuận,NTB,AM Khánh
NTB - Bình Thuận,(BTH) Mũi Né,Hàng Mới Ca 1,2026-08-17 - Thứ 2,44,100.00%,90.91%,0.00%,6.05,40,0,44,0,4,0,0.00%,9.09%,44,Bình Thuận,NTB,AM Khánh
NTB - Bình Thuận,(BTH) Mũi Né,Hàng Mới Ca 1,2026-08-21 - Thứ 6,49,95.92%,81.63%,0.00%,6.88,40,0,47,0,9,2,4.08%,18.37%,49,Bình Thuận,NTB,AM Khánh
NTB - Bình Thuận,(BTH) Mũi Né,Hàng Mới Ca 1,2026-08-20 - Thứ 5,47,100.00%,87.23%,0.00%,6.63,41,0,47,0,6,0,0.00%,12.77%,47,Bình Thuận,NTB,AM Khánh
NTB - Bình Thuận,(BTH) Mũi Né,Hàng Mới Ca 1,2026-08-23 - Chủ Nhật,51,100.00%,80.39%,0.00%,7.46,41,0,51,0,10,0,0.00%,19.61%,51,Bình Thuận,NTB,AM Khánh
NTB - Bình Thuận,(BTH) Mũi Né,Hàng Mới Ca 1,2026-08-18 - Thứ 3,57,98.25%,75.44%,0.00%,7.12,43,0,56,0,14,1,1.75%,24.56%,57,Bình Thuận,NTB,AM Khánh
NTB - Bình Thuận,(BTH) Mũi Né,Hàng Mới Ca 1,2026-08-24 - Thứ 2,57,100.00%,80.70%,0.00%,7.5,46,0,57,0,11,0,0.00%,19.30%,57,Bình Thuận,NTB,AM Khánh
NTB - Bình Thuận,(BTH) Mũi Né,Hàng Mới Ca 1,2026-09-10 - Thứ 5,52,100.00%,92.31%,0.00%,7.96,48,0,52,0,4,0,0.00%,7.69%,52,Bình Thuận,NTB,AM Khánh
NTB - Bình Thuận,(BTH) Mũi Né,Hàng Mới Ca 1,2026-08-30 - Chủ Nhật,53,96.23%,92.45%,0.00%,7.06,49,0,51,0,4,2,3.77%,7.55%,53,Bình Thuận,NTB,AM Khánh
NTB - Bình Thuận,(BTH) Mũi Né,Hàng Mới Ca 1,2026-08-25 - Thứ 3,58,100.00%,84.48%,0.00%,5.65,49,0,58,0,9,0,0.00%,15.52%,58,Bình Thuận,NTB,AM Khánh
NTB - Bình Thuận,(BTH) Mũi Né,Hàng Mới Ca 1,2026-09-12 - Thứ 7,65,100.00%,75.38%,0.00%,8.53,49,0,65,0,16,0,0.00%,24.62%,65,Bình Thuận,NTB,AM Khánh
NTB - Bình Thuận,(BTH) Mũi Né,Hàng Mới Ca 1,2026-08-29 - Thứ 7,63,100.00%,82.54%,0.00%,5.77,52,0,63,0,11,0,0.00%,17.46%,63,Bình Thuận,NTB,AM Khánh
NTB - Bình Thuận,(BTH) Mũi Né,Hàng Mới Ca 1,2026-09-05 - Thứ 7,70,100.00%,75.71%,0.00%,7.21,53,0,70,0,17,0,0.00%,24.29%,70,Bình Thuận,NTB,AM Khánh
NTB - Bình Thuận,(BTH) Mũi Né,Hàng Mới Ca 1,2026-09-11 - Thứ 6,68,100.00%,79.41%,0.00%,7.43,54,0,68,0,14,0,0.00%,20.59%,68,Bình Thuận,NTB,AM Khánh
NTB - Bình Thuận,(BTH) Mũi Né,Hàng Mới Ca 1,2026-09-08 - Thứ 3,64,100.00%,87.50%,0.00%,6.86,56,0,64,0,8,0,0.00%,12.50%,64,Bình Thuận,NTB,AM Khánh
NTB - Bình Thuận,(BTH) Mũi Né,Hàng Mới Ca 1,2026-09-13 - Chủ Nhật,66,98.48%,87.88%,0.00%,7.66,58,0,65,0,8,1,1.52%,12.12%,66,Bình Thuận,NTB,AM Khánh
NTB - Bình Thuận,(BTH) Mũi Né,Hàng Mới Ca 1,2026-09-01 - Thứ 3,73,100.00%,80.82%,0.00%,6.59,59,0,73,0,14,0,0.00%,19.18%,73,Bình Thuận,NTB,AM Khánh
NTB - Bình Thuận,(BTH) Mũi Né,Hàng Mới Ca 1,2026-09-04 - Thứ 6,73,98.63%,82.19%,0.00%,7.3,60,0,72,0,13,1,1.37%,17.81%,73,Bình Thuận,NTB,AM Khánh
NTB - Bình Thuận,(BTH) Mũi Né,Hàng Mới Ca 1,2026-08-27 - Thứ 5,85,100.00%,77.65%,0.00%,8.26,66,0,85,0,19,0,0.00%,22.35%,85,Bình Thuận,NTB,AM Khánh
NTB - Bình Thuận,(BTH) Mũi Né,Hàng Mới Ca 2,2026-09-03 - Thứ 5,4,0.00%,0.00%,0.00%,,0,0,0,0,4,4,100.00%,100.00%,4,Bình Thuận,NTB,AM Khánh
NTB - Bình Thuận,(BTH) Mũi Né,Hàng Mới Ca 2,2026-09-12 - Thứ 7,36,36.11%,30.56%,0.00%,3,11,0,13,0,25,23,63.89%,69.44%,36,Bình Thuận,NTB,AM Khánh
NTB - Bình Thuận,(BTH) Mũi Né,Hàng Mới Ca 2,2026-09-10 - Thứ 5,39,61.54%,41.03%,0.00%,3.06,16,0,24,0,23,15,38.46%,58.97%,39,Bình Thuận,NTB,AM Khánh
NTB - Bình Thuận,(BTH) Mũi Né,Hàng Mới Ca 2,2026-08-31 - Thứ 2,31,87.10%,67.74%,0.00%,3.52,21,0,27,0,10,4,12.90%,32.26%,31,Bình Thuận,NTB,AM Khánh
NTB - Bình Thuận,(BTH) Mũi Né,Hàng Mới Ca 2,2026-09-07 - Thứ 2,58,51.72%,41.38%,0.00%,4.17,24,0,30,0,34,28,48.28%,58.62%,58,Bình Thuận,NTB,AM Khánh
NTB - Bình Thuận,(BTH) Mũi Né,Hàng Mới Ca 2,2026-09-02 - Thứ 4,39,87.18%,64.10%,0.00%,3.08,25,0,34,0,14,5,12.82%,35.90%,39,Bình Thuận,NTB,AM Khánh
NTB - Bình Thuận,(BTH) Mũi Né,Hàng Mới Ca 2,2026-09-05 - Thứ 7,61,54.10%,40.98%,0.00%,3.6,25,0,33,0,36,28,45.90%,59.02%,61,Bình Thuận,NTB,AM Khánh
NTB - Bình Thuận,(BTH) Mũi Né,Hàng Mới Ca 2,2026-09-13 - Chủ Nhật,43,67.44%,58.14%,0.00%,3.04,25,0,29,0,18,14,32.56%,41.86%,43,Bình Thuận,NTB,AM Khánh
NTB - Bình Thuận,(BTH) Mũi Né,Hàng Mới Ca 2,2026-09-11 - Thứ 6,36,80.56%,72.22%,0.00%,2.46,26,0,29,0,10,7,19.44%,27.78%,36,Bình Thuận,NTB,AM Khánh
NTB - Bình Thuận,(BTH) Mũi Né,Hàng Mới Ca 2,2026-08-18 - Thứ 3,69,44.93%,40.58%,0.00%,3.43,28,0,31,0,41,38,55.07%,59.42%,69,Bình Thuận,NTB,AM Khánh
NTB - Bình Thuận,(BTH) Mũi Né,Hàng Mới Ca 2,2026-08-26 - Thứ 4,54,66.67%,53.70%,0.00%,3.79,29,0,36,0,25,18,33.33%,46.30%,54,Bình Thuận,NTB,AM Khánh
NTB - Bình Thuận,(BTH) Mũi Né,Hàng Mới Ca 2,2026-09-08 - Thứ 3,48,77.08%,62.50%,0.00%,3.87,30,0,37,0,18,11,22.92%,37.50%,48,Bình Thuận,NTB,AM Khánh
NTB - Bình Thuận,(BTH) Mũi Né,Hàng Mới Ca 2,2026-08-23 - Chủ Nhật,61,63.93%,49.18%,0.00%,3.67,30,0,39,0,31,22,36.07%,50.82%,61,Bình Thuận,NTB,AM Khánh
NTB - Bình Thuận,(BTH) Mũi Né,Hàng Mới Ca 2,2026-08-17 - Thứ 2,55,70.91%,58.18%,0.00%,3.47,32,0,39,0,23,16,29.09%,41.82%,55,Bình Thuận,NTB,AM Khánh
NTB - Bình Thuận,(BTH) Mũi Né,Hàng Mới Ca 2,2026-08-24 - Thứ 2,56,58.93%,57.14%,0.00%,3.5,32,0,33,0,24,23,41.07%,42.86%,56,Bình Thuận,NTB,AM Khánh
NTB - Bình Thuận,(BTH) Mũi Né,Hàng Mới Ca 2,2026-08-29 - Thứ 7,41,92.68%,80.49%,0.00%,4.12,33,0,38,0,8,3,7.32%,19.51%,41,Bình Thuận,NTB,AM Khánh
NTB - Bình Thuận,(BTH) Mũi Né,Hàng Mới Ca 2,2026-08-20 - Thứ 5,82,53.66%,42.68%,0.00%,4.57,35,0,44,0,47,38,46.34%,57.32%,82,Bình Thuận,NTB,AM Khánh
NTB - Bình Thuận,(BTH) Mũi Né,Hàng Mới Ca 2,2026-09-04 - Thứ 6,53,81.13%,67.92%,0.00%,4.25,36,0,43,0,17,10,18.87%,32.08%,53,Bình Thuận,NTB,AM Khánh
NTB - Bình Thuận,(BTH) Mũi Né,Hàng Mới Ca 2,2026-09-09 - Thứ 4,57,84.21%,64.91%,0.00%,3.95,37,0,48,0,20,9,15.79%,35.09%,57,Bình Thuận,NTB,AM Khánh
NTB - Bình Thuận,(BTH) Mũi Né,Hàng Mới Ca 2,2026-08-21 - Thứ 6,54,77.78%,68.52%,0.00%,3.49,37,0,42,0,17,12,22.22%,31.48%,54,Bình Thuận,NTB,AM Khánh
NTB - Bình Thuận,(BTH) Mũi Né,Hàng Mới Ca 2,2026-08-22 - Thứ 7,76,78.95%,53.95%,0.00%,3.63,41,0,60,0,35,16,21.05%,46.05%,76,Bình Thuận,NTB,AM Khánh
NTB - Bình Thuận,(BTH) Mũi Né,Hàng Mới Ca 2,2026-08-30 - Chủ Nhật,55,85.45%,80.00%,0.00%,2.84,44,0,47,0,11,8,14.55%,20.00%,55,Bình Thuận,NTB,AM Khánh
NTB - Bình Thuận,(BTH) Mũi Né,Hàng Mới Ca 2,2026-08-27 - Thứ 5,69,73.91%,63.77%,0.00%,3.73,44,0,51,0,25,18,26.09%,36.23%,69,Bình Thuận,NTB,AM Khánh
NTB - Bình Thuận,(BTH) Mũi Né,Hàng Mới Ca 2,2026-09-01 - Thứ 3,57,84.21%,77.19%,0.00%,3.95,44,0,48,0,13,9,15.79%,22.81%,57,Bình Thuận,NTB,AM Khánh
NTB - Bình Thuận,(BTH) Mũi Né,Hàng Mới Ca 2,2026-09-06 - Chủ Nhật,93,66.67%,49.46%,0.00%,5.11,46,0,62,0,47,31,33.33%,50.54%,93,Bình Thuận,NTB,AM Khánh
NTB - Bình Thuận,(BTH) Mũi Né,Hàng Mới Ca 2,2026-08-25 - Thứ 3,70,82.86%,70.00%,0.00%,3.57,49,0,58,0,21,12,17.14%,30.00%,70,Bình Thuận,NTB,AM Khánh
NTB - Bình Thuận,(BTH) Mũi Né,Hàng Mới Ca 2,2026-08-19 - Thứ 4,81,71.60%,64.20%,0.00%,3.48,52,0,58,0,29,23,28.40%,35.80%,81,Bình Thuận,NTB,AM Khánh
NTB - Bình Thuận,(BTH) Mũi Né,Hàng Mới Ca 2,2026-08-28 - Thứ 6,80,85.00%,73.75%,0.00%,4.14,59,0,68,0,21,12,15.00%,26.25%,80,Bình Thuận,NTB,AM Khánh
NTB - Bình Thuận,(BTH) Mũi Né,Hàng Tồn,2026-09-04 - Thứ 6,27,100.00%,40.74%,3.70%,33.18,11,1,27,1,15,0,0.00%,55.56%,0,Bình Thuận,NTB,AM Khánh
NTB - Bình Thuận,(BTH) Mũi Né,Hàng Tồn,2026-09-03 - Thứ 5,29,100.00%,37.93%,3.45%,32.64,11,1,29,1,17,0,0.00%,58.62%,0,Bình Thuận,NTB,AM Khánh
NTB - Bình Thuận,(BTH) Mũi Né,Hàng Tồn,2026-09-01 - Thứ 3,30,96.67%,43.33%,0.00%,37.15,13,0,29,0,17,1,3.33%,56.67%,0,Bình Thuận,NTB,AM Khánh
NTB - Bình Thuận,(BTH) Mũi Né,Hàng Tồn,2026-08-31 - Thứ 2,34,100.00%,47.06%,8.82%,33.38,16,3,34,3,15,0,0.00%,44.12%,0,Bình Thuận,NTB,AM Khánh
NTB - Bình Thuận,(BTH) Mũi Né,Hàng Tồn,2026-08-30 - Chủ Nhật,40,95.00%,42.50%,5.00%,41.88,17,2,38,2,21,2,5.00%,52.50%,0,Bình Thuận,NTB,AM Khánh
NTB - Bình Thuận,(BTH) Mũi Né,Hàng Tồn,2026-09-11 - Thứ 6,38,100.00%,50.00%,2.63%,30.26,19,1,38,1,18,0,0.00%,47.37%,0,Bình Thuận,NTB,AM Khánh
NTB - Bình Thuận,(BTH) Mũi Né,Hàng Tồn,2026-09-10 - Thứ 5,35,100.00%,57.14%,2.86%,34.1,20,1,35,1,14,0,0.00%,40.00%,0,Bình Thuận,NTB,AM Khánh
NTB - Bình Thuận,(BTH) Mũi Né,Hàng Tồn,2026-08-18 - Thứ 3,55,100.00%,36.36%,16.36%,28.85,20,9,55,9,26,0,0.00%,47.28%,0,Bình Thuận,NTB,AM Khánh
NTB - Bình Thuận,(BTH) Mũi Né,Hàng Tồn,2026-08-29 - Thứ 7,55,100.00%,38.18%,10.91%,37.29,21,6,55,6,28,0,0.00%,50.91%,0,Bình Thuận,NTB,AM Khánh
NTB - Bình Thuận,(BTH) Mũi Né,Hàng Tồn,2026-09-02 - Thứ 4,43,97.67%,48.84%,18.60%,32.48,21,8,42,8,14,1,2.33%,32.56%,0,Bình Thuận,NTB,AM Khánh
NTB - Bình Thuận,(BTH) Mũi Né,Hàng Tồn,2026-08-26 - Thứ 4,53,100.00%,41.51%,16.98%,38.18,22,9,53,9,22,0,0.00%,41.51%,0,Bình Thuận,NTB,AM Khánh
NTB - Bình Thuận,(BTH) Mũi Né,Hàng Tồn,2026-09-12 - Thứ 7,42,100.00%,54.76%,4.76%,42.35,23,2,42,2,17,0,0.00%,40.48%,0,Bình Thuận,NTB,AM Khánh
NTB - Bình Thuận,(BTH) Mũi Né,Hàng Tồn,2026-09-05 - Thứ 7,43,100.00%,53.49%,6.98%,31.13,23,3,43,3,17,0,0.00%,39.53%,0,Bình Thuận,NTB,AM Khánh
NTB - Bình Thuận,(BTH) Mũi Né,Hàng Tồn,2026-08-22 - Thứ 7,54,100.00%,42.59%,3.70%,34.78,23,2,54,2,29,0,0.00%,53.71%,0,Bình Thuận,NTB,AM Khánh
NTB - Bình Thuận,(BTH) Mũi Né,Hàng Tồn,2026-08-23 - Chủ Nhật,62,95.16%,40.32%,6.45%,33.4,25,4,59,4,33,3,4.84%,53.23%,0,Bình Thuận,NTB,AM Khánh
NTB - Bình Thuận,(BTH) Mũi Né,Hàng Tồn,2026-08-17 - Thứ 2,56,100.00%,46.43%,3.57%,43.73,26,2,56,2,28,0,0.00%,50.00%,0,Bình Thuận,NTB,AM Khánh
NTB - Bình Thuận,(BTH) Mũi Né,Hàng Tồn,2026-08-27 - Thứ 5,47,100.00%,57.45%,4.26%,33.19,27,2,47,2,18,0,0.00%,38.29%,0,Bình Thuận,NTB,AM Khánh
NTB - Bình Thuận,(BTH) Mũi Né,Hàng Tồn,2026-09-09 - Thứ 4,48,100.00%,58.33%,10.42%,37.82,28,5,48,5,15,0,0.00%,31.25%,0,Bình Thuận,NTB,AM Khánh
NTB - Bình Thuận,(BTH) Mũi Né,Hàng Tồn,2026-08-28 - Thứ 6,60,100.00%,48.33%,5.00%,28.66,29,3,60,3,28,0,0.00%,46.67%,0,Bình Thuận,NTB,AM Khánh
NTB - Bình Thuận,(BTH) Mũi Né,Hàng Tồn,2026-09-13 - Chủ Nhật,57,100.00%,50.88%,3.51%,29.76,29,2,57,2,26,0,0.00%,45.61%,0,Bình Thuận,NTB,AM Khánh
NTB - Bình Thuận,(BTH) Mũi Né,Hàng Tồn,2026-08-20 - Thứ 5,66,100.00%,48.48%,9.09%,37.16,32,6,66,6,28,0,0.00%,42.43%,0,Bình Thuận,NTB,AM Khánh
NTB - Bình Thuận,(BTH) Mũi Né,Hàng Tồn,2026-09-06 - Chủ Nhật,67,100.00%,52.24%,1.49%,28.66,35,1,67,1,31,0,0.00%,46.27%,0,Bình Thuận,NTB,AM Khánh
NTB - Bình Thuận,(BTH) Mũi Né,Hàng Tồn,2026-08-24 - Thứ 2,70,100.00%,50.00%,4.29%,34.09,35,3,70,3,32,0,0.00%,45.71%,0,Bình Thuận,NTB,AM Khánh
NTB - Bình Thuận,(BTH) Mũi Né,Hàng Tồn,2026-08-25 - Thứ 3,66,100.00%,56.06%,1.52%,33.68,37,1,66,1,28,0,0.00%,42.42%,0,Bình Thuận,NTB,AM Khánh
NTB - Bình Thuận,(BTH) Mũi Né,Hàng Tồn,2026-09-08 - Thứ 3,73,98.63%,57.53%,5.48%,35.74,42,4,72,4,27,1,1.37%,36.99%,0,Bình Thuận,NTB,AM Khánh
NTB - Bình Thuận,(BTH) Mũi Né,Hàng Tồn,2026-08-19 - Thứ 4,77,97.40%,54.55%,2.60%,30.9,42,2,75,2,33,2,2.60%,42.85%,0,Bình Thuận,NTB,AM Khánh
NTB - Bình Thuận,(BTH) Mũi Né,Hàng Tồn,2026-08-21 - Thứ 6,78,98.72%,58.97%,2.56%,34.57,46,2,77,2,30,1,1.28%,38.47%,0,Bình Thuận,NTB,AM Khánh
NTB - Bình Thuận,(BTH) Mũi Né,Hàng Tồn,2026-09-07 - Thứ 2,82,98.78%,59.76%,1.22%,31.92,49,1,81,1,32,1,1.22%,39.02%,0,Bình Thuận,NTB,AM Khánh
NTB - Bình Thuận,(BTH) Lương Sơn,Hàng Mới Ca 1,2026-08-20 - Thứ 5,119,100.00%,88.24%,0.00%,7.07,105,0,119,0,14,0,0.00%,11.76%,119,Bình Thuận,NTB,AM Khánh
NTB - Bình Thuận,(BTH) Lương Sơn,Hàng Mới Ca 1,2026-08-30 - Chủ Nhật,96,100.00%,87.50%,0.00%,5.98,84,0,96,0,12,0,0.00%,12.50%,96,Bình Thuận,NTB,AM Khánh
NTB - Bình Thuận,(BTH) Lương Sơn,Hàng Mới Ca 1,2026-08-29 - Thứ 7,122,100.00%,87.70%,0.00%,6.55,107,0,122,0,15,0,0.00%,12.30%,122,Bình Thuận,NTB,AM Khánh
NTB - Bình Thuận,(BTH) Lương Sơn,Hàng Mới Ca 1,2026-08-27 - Thứ 5,105,100.00%,90.48%,0.00%,6.13,95,0,105,0,10,0,0.00%,9.52%,105,Bình Thuận,NTB,AM Khánh
NTB - Bình Thuận,(BTH) Lương Sơn,Hàng Mới Ca 1,2026-08-31 - Thứ 2,111,100.00%,90.99%,0.00%,6.18,101,0,111,0,10,0,0.00%,9.01%,111,Bình Thuận,NTB,AM Khánh
NTB - Bình Thuận,(BTH) Lương Sơn,Hàng Mới Ca 1,2026-08-28 - Thứ 6,120,100.00%,86.67%,0.00%,5.66,104,0,120,0,16,0,0.00%,13.33%,120,Bình Thuận,NTB,AM Khánh
NTB - Bình Thuận,(BTH) Lương Sơn,Hàng Mới Ca 1,2026-09-07 - Thứ 2,88,100.00%,90.91%,0.00%,17.15,80,0,88,0,8,0,0.00%,9.09%,88,Bình Thuận,NTB,AM Khánh
NTB - Bình Thuận,(BTH) Lương Sơn,Hàng Mới Ca 1,2026-09-11 - Thứ 6,92,100.00%,80.43%,0.00%,18.36,74,0,92,0,18,0,0.00%,19.57%,92,Bình Thuận,NTB,AM Khánh
NTB - Bình Thuận,(BTH) Lương Sơn,Hàng Mới Ca 1,2026-08-24 - Thứ 2,112,100.00%,91.07%,0.00%,7.37,102,0,112,0,10,0,0.00%,8.93%,112,Bình Thuận,NTB,AM Khánh
NTB - Bình Thuận,(BTH) Lương Sơn,Hàng Mới Ca 1,2026-09-01 - Thứ 3,113,100.00%,92.04%,0.00%,6.35,104,0,113,0,9,0,0.00%,7.96%,113,Bình Thuận,NTB,AM Khánh
NTB - Bình Thuận,(BTH) Lương Sơn,Hàng Mới Ca 1,2026-08-22 - Thứ 7,108,100.00%,88.89%,0.00%,6.14,96,0,108,0,12,0,0.00%,11.11%,108,Bình Thuận,NTB,AM Khánh
NTB - Bình Thuận,(BTH) Lương Sơn,Hàng Mới Ca 1,2026-09-02 - Thứ 4,53,100.00%,81.13%,0.00%,4.44,43,0,53,0,10,0,0.00%,18.87%,53,Bình Thuận,NTB,AM Khánh
NTB - Bình Thuận,(BTH) Lương Sơn,Hàng Mới Ca 1,2026-09-04 - Thứ 6,54,100.00%,94.44%,0.00%,4.84,51,0,54,0,3,0,0.00%,5.56%,54,Bình Thuận,NTB,AM Khánh
NTB - Bình Thuận,(BTH) Lương Sơn,Hàng Mới Ca 1,2026-09-09 - Thứ 4,66,100.00%,81.82%,0.00%,6.61,54,0,66,0,12,0,0.00%,18.18%,66,Bình Thuận,NTB,AM Khánh
NTB - Bình Thuận,(BTH) Lương Sơn,Hàng Mới Ca 1,2026-09-03 - Thứ 5,59,100.00%,93.22%,0.00%,5.58,55,0,59,0,4,0,0.00%,6.78%,59,Bình Thuận,NTB,AM Khánh
NTB - Bình Thuận,(BTH) Lương Sơn,Hàng Mới Ca 1,2026-08-18 - Thứ 3,73,100.00%,87.67%,0.00%,5.75,64,0,73,0,9,0,0.00%,12.33%,73,Bình Thuận,NTB,AM Khánh
NTB - Bình Thuận,(BTH) Lương Sơn,Hàng Mới Ca 1,2026-08-19 - Thứ 4,76,100.00%,86.84%,0.00%,6.56,66,0,76,0,10,0,0.00%,13.16%,76,Bình Thuận,NTB,AM Khánh
NTB - Bình Thuận,(BTH) Lương Sơn,Hàng Mới Ca 1,2026-09-05 - Thứ 7,79,100.00%,86.08%,0.00%,6.03,68,0,79,0,11,0,0.00%,13.92%,79,Bình Thuận,NTB,AM Khánh
NTB - Bình Thuận,(BTH) Lương Sơn,Hàng Mới Ca 1,2026-09-08 - Thứ 3,80,100.00%,86.25%,0.00%,5.9,69,0,80,0,11,0,0.00%,13.75%,80,Bình Thuận,NTB,AM Khánh
NTB - Bình Thuận,(BTH) Lương Sơn,Hàng Mới Ca 1,2026-08-25 - Thứ 3,79,100.00%,87.34%,0.00%,5.33,69,0,79,0,10,0,0.00%,12.66%,79,Bình Thuận,NTB,AM Khánh
NTB - Bình Thuận,(BTH) Lương Sơn,Hàng Mới Ca 1,2026-08-23 - Chủ Nhật,84,100.00%,82.14%,0.00%,5.48,69,0,84,0,15,0,0.00%,17.86%,84,Bình Thuận,NTB,AM Khánh
NTB - Bình Thuận,(BTH) Lương Sơn,Hàng Mới Ca 1,2026-09-13 - Chủ Nhật,81,100.00%,85.19%,0.00%,6.75,69,0,81,0,12,0,0.00%,14.81%,81,Bình Thuận,NTB,AM Khánh
NTB - Bình Thuận,(BTH) Lương Sơn,Hàng Mới Ca 1,2026-08-17 - Thứ 2,70,100.00%,100.00%,0.00%,6.86,70,0,70,0,0,0,0.00%,0.00%,70,Bình Thuận,NTB,AM Khánh
NTB - Bình Thuận,(BTH) Lương Sơn,Hàng Mới Ca 1,2026-09-12 - Thứ 7,85,98.82%,83.53%,0.00%,6.13,71,0,84,0,14,1,1.18%,16.47%,85,Bình Thuận,NTB,AM Khánh
NTB - Bình Thuận,(BTH) Lương Sơn,Hàng Mới Ca 1,2026-09-10 - Thứ 5,94,100.00%,79.79%,0.00%,7.53,75,0,94,0,19,0,0.00%,20.21%,94,Bình Thuận,NTB,AM Khánh
NTB - Bình Thuận,(BTH) Lương Sơn,Hàng Mới Ca 1,2026-08-26 - Thứ 4,85,100.00%,88.24%,0.00%,6.08,75,0,85,0,10,0,0.00%,11.76%,85,Bình Thuận,NTB,AM Khánh
NTB - Bình Thuận,(BTH) Lương Sơn,Hàng Mới Ca 1,2026-09-06 - Chủ Nhật,84,98.81%,90.48%,0.00%,5.25,76,0,83,0,8,1,1.19%,9.52%,84,Bình Thuận,NTB,AM Khánh
NTB - Bình Thuận,(BTH) Lương Sơn,Hàng Mới Ca 1,2026-08-21 - Thứ 6,100,100.00%,85.00%,0.00%,5.88,85,0,100,0,15,0,0.00%,15.00%,100,Bình Thuận,NTB,AM Khánh
NTB - Bình Thuận,(BTH) Lương Sơn,Hàng Mới Ca 2,2026-08-25 - Thứ 3,6,0.00%,0.00%,0.00%,,0,0,0,0,6,6,100.00%,100.00%,6,Bình Thuận,NTB,AM Khánh
NTB - Bình Thuận,(BTH) Lương Sơn,Hàng Mới Ca 2,2026-09-12 - Thứ 7,8,0.00%,0.00%,0.00%,,0,0,0,0,8,8,100.00%,100.00%,8,Bình Thuận,NTB,AM Khánh
NTB - Bình Thuận,(BTH) Lương Sơn,Hàng Mới Ca 2,2026-09-09 - Thứ 4,12,0.00%,0.00%,0.00%,,0,0,0,0,12,12,100.00%,100.00%,12,Bình Thuận,NTB,AM Khánh
NTB - Bình Thuận,(BTH) Lương Sơn,Hàng Mới Ca 2,2026-09-10 - Thứ 5,4,0.00%,0.00%,0.00%,,0,0,0,0,4,4,100.00%,100.00%,4,Bình Thuận,NTB,AM Khánh
NTB - Bình Thuận,(BTH) Lương Sơn,Hàng Mới Ca 2,2026-08-23 - Chủ Nhật,14,0.00%,0.00%,0.00%,,0,0,0,0,14,14,100.00%,100.00%,14,Bình Thuận,NTB,AM Khánh
NTB - Bình Thuận,(BTH) Lương Sơn,Hàng Mới Ca 2,2026-08-31 - Thứ 2,14,0.00%,0.00%,0.00%,,0,0,0,0,14,14,100.00%,100.00%,14,Bình Thuận,NTB,AM Khánh
NTB - Bình Thuận,(BTH) Lương Sơn,Hàng Mới Ca 2,2026-08-18 - Thứ 3,12,0.00%,0.00%,0.00%,,0,0,0,0,12,12,100.00%,100.00%,12,Bình Thuận,NTB,AM Khánh
NTB - Bình Thuận,(BTH) Lương Sơn,Hàng Mới Ca 2,2026-09-05 - Thứ 7,9,0.00%,0.00%,0.00%,,0,0,0,0,9,9,100.00%,100.00%,9,Bình Thuận,NTB,AM Khánh
NTB - Bình Thuận,(BTH) Lương Sơn,Hàng Mới Ca 2,2026-08-22 - Thứ 7,7,0.00%,0.00%,0.00%,,0,0,0,0,7,7,100.00%,100.00%,7,Bình Thuận,NTB,AM Khánh
NTB - Bình Thuận,(BTH) Lương Sơn,Hàng Mới Ca 2,2026-09-04 - Thứ 6,5,0.00%,0.00%,0.00%,,0,0,0,0,5,5,100.00%,100.00%,5,Bình Thuận,NTB,AM Khánh
NTB - Bình Thuận,(BTH) Lương Sơn,Hàng Mới Ca 2,2026-09-08 - Thứ 3,10,10.00%,10.00%,0.00%,4,1,0,1,0,9,9,90.00%,90.00%,10,Bình Thuận,NTB,AM Khánh
NTB - Bình Thuận,(BTH) Lương Sơn,Hàng Mới Ca 2,2026-09-06 - Chủ Nhật,13,7.69%,7.69%,0.00%,2,1,0,1,0,12,12,92.31%,92.31%,13,Bình Thuận,NTB,AM Khánh
NTB - Bình Thuận,(BTH) Lương Sơn,Hàng Mới Ca 2,2026-08-27 - Thứ 5,5,20.00%,20.00%,0.00%,3,1,0,1,0,4,4,80.00%,80.00%,5,Bình Thuận,NTB,AM Khánh
NTB - Bình Thuận,(BTH) Lương Sơn,Hàng Mới Ca 2,2026-09-02 - Thứ 4,9,11.11%,11.11%,0.00%,2,1,0,1,0,8,8,88.89%,88.89%,9,Bình Thuận,NTB,AM Khánh
NTB - Bình Thuận,(BTH) Lương Sơn,Hàng Mới Ca 2,2026-08-28 - Thứ 6,10,10.00%,10.00%,0.00%,2,1,0,1,0,9,9,90.00%,90.00%,10,Bình Thuận,NTB,AM Khánh
NTB - Bình Thuận,(BTH) Lương Sơn,Hàng Mới Ca 2,2026-09-07 - Thứ 2,4,25.00%,25.00%,0.00%,0,1,0,1,0,3,3,75.00%,75.00%,4,Bình Thuận,NTB,AM Khánh
NTB - Bình Thuận,(BTH) Lương Sơn,Hàng Mới Ca 2,2026-09-13 - Chủ Nhật,12,8.33%,8.33%,0.00%,9,1,0,1,0,11,11,91.67%,91.67%,12,Bình Thuận,NTB,AM Khánh
NTB - Bình Thuận,(BTH) Lương Sơn,Hàng Mới Ca 2,2026-09-11 - Thứ 6,6,16.67%,16.67%,0.00%,3,1,0,1,0,5,5,83.33%,83.33%,6,Bình Thuận,NTB,AM Khánh
NTB - Bình Thuận,(BTH) Lương Sơn,Hàng Mới Ca 2,2026-09-03 - Thứ 5,6,16.67%,16.67%,0.00%,0,1,0,1,0,5,5,83.33%,83.33%,6,Bình Thuận,NTB,AM Khánh
NTB - Bình Thuận,(BTH) Lương Sơn,Hàng Mới Ca 2,2026-08-20 - Thứ 5,4,50.00%,50.00%,0.00%,3,2,0,2,0,2,2,50.00%,50.00%,4,Bình Thuận,NTB,AM Khánh
NTB - Bình Thuận,(BTH) Lương Sơn,Hàng Mới Ca 2,2026-08-30 - Chủ Nhật,14,14.29%,14.29%,0.00%,4,2,0,2,0,12,12,85.71%,85.71%,14,Bình Thuận,NTB,AM Khánh
NTB - Bình Thuận,(BTH) Lương Sơn,Hàng Mới Ca 2,2026-08-19 - Thứ 4,12,25.00%,16.67%,0.00%,1,2,0,3,0,10,9,75.00%,83.33%,12,Bình Thuận,NTB,AM Khánh
NTB - Bình Thuận,(BTH) Lương Sơn,Hàng Mới Ca 2,2026-08-29 - Thứ 7,7,28.57%,28.57%,0.00%,1.5,2,0,2,0,5,5,71.43%,71.43%,7,Bình Thuận,NTB,AM Khánh
NTB - Bình Thuận,(BTH) Lương Sơn,Hàng Mới Ca 2,2026-08-26 - Thứ 4,16,18.75%,12.50%,0.00%,2,2,0,3,0,14,13,81.25%,87.50%,16,Bình Thuận,NTB,AM Khánh
NTB - Bình Thuận,(BTH) Lương Sơn,Hàng Mới Ca 2,2026-09-01 - Thứ 3,4,50.00%,50.00%,0.00%,5,2,0,2,0,2,2,50.00%,50.00%,4,Bình Thuận,NTB,AM Khánh
NTB - Bình Thuận,(BTH) Lương Sơn,Hàng Mới Ca 2,2026-08-17 - Thứ 2,2,100.00%,100.00%,0.00%,3,2,0,2,0,0,0,0.00%,0.00%,2,Bình Thuận,NTB,AM Khánh
NTB - Bình Thuận,(BTH) Lương Sơn,Hàng Mới Ca 2,2026-08-21 - Thứ 6,13,30.77%,23.08%,0.00%,2.67,3,0,4,0,10,9,69.23%,76.92%,13,Bình Thuận,NTB,AM Khánh
NTB - Bình Thuận,(BTH) Lương Sơn,Hàng Mới Ca 2,2026-08-24 - Thứ 2,13,23.08%,23.08%,0.00%,2,3,0,3,0,10,10,76.92%,76.92%,13,Bình Thuận,NTB,AM Khánh
NTB - Bình Thuận,(BTH) Lương Sơn,Hàng Tồn,2026-08-18 - Thứ 3,8,100.00%,12.50%,37.50%,98,1,3,8,3,4,0,0.00%,50.00%,0,Bình Thuận,NTB,AM Khánh
NTB - Bình Thuận,(BTH) Lương Sơn,Hàng Tồn,2026-09-08 - Thứ 3,16,93.75%,37.50%,6.25%,37,6,1,15,1,9,1,6.25%,56.25%,0,Bình Thuận,NTB,AM Khánh
NTB - Bình Thuận,(BTH) Lương Sơn,Hàng Tồn,2026-09-05 - Thứ 7,18,100.00%,33.33%,22.22%,31.33,6,4,18,4,8,0,0.00%,44.45%,0,Bình Thuận,NTB,AM Khánh
NTB - Bình Thuận,(BTH) Lương Sơn,Hàng Tồn,2026-09-02 - Thứ 4,24,95.83%,29.17%,20.83%,38.86,7,5,23,5,12,1,4.17%,50.00%,0,Bình Thuận,NTB,AM Khánh
NTB - Bình Thuận,(BTH) Lương Sơn,Hàng Tồn,2026-08-26 - Thứ 4,27,96.30%,29.63%,7.41%,33,8,2,26,2,17,1,3.70%,62.96%,0,Bình Thuận,NTB,AM Khánh
NTB - Bình Thuận,(BTH) Lương Sơn,Hàng Tồn,2026-09-04 - Thứ 6,20,100.00%,45.00%,5.00%,37.22,9,1,20,1,10,0,0.00%,50.00%,0,Bình Thuận,NTB,AM Khánh
NTB - Bình Thuận,(BTH) Lương Sơn,Hàng Tồn,2026-09-03 - Thứ 5,28,96.43%,35.71%,17.86%,27.3,10,5,27,5,13,1,3.57%,46.43%,0,Bình Thuận,NTB,AM Khánh
NTB - Bình Thuận,(BTH) Lương Sơn,Hàng Tồn,2026-08-28 - Thứ 6,32,96.88%,34.38%,15.63%,38.27,11,5,31,5,16,1,3.12%,49.99%,0,Bình Thuận,NTB,AM Khánh
NTB - Bình Thuận,(BTH) Lương Sơn,Hàng Tồn,2026-09-12 - Thứ 7,29,100.00%,41.38%,3.45%,39.75,12,1,29,1,16,0,0.00%,55.17%,0,Bình Thuận,NTB,AM Khánh
NTB - Bình Thuận,(BTH) Lương Sơn,Hàng Tồn,2026-08-20 - Thứ 5,23,100.00%,56.52%,4.35%,32.15,13,1,23,1,9,0,0.00%,39.13%,0,Bình Thuận,NTB,AM Khánh
NTB - Bình Thuận,(BTH) Lương Sơn,Hàng Tồn,2026-09-06 - Chủ Nhật,22,100.00%,63.64%,13.64%,26.71,14,3,22,3,5,0,0.00%,22.72%,0,Bình Thuận,NTB,AM Khánh
NTB - Bình Thuận,(BTH) Lương Sơn,Hàng Tồn,2026-08-25 - Thứ 3,28,100.00%,50.00%,7.14%,30.29,14,2,28,2,12,0,0.00%,42.86%,0,Bình Thuận,NTB,AM Khánh
NTB - Bình Thuận,(BTH) Lương Sơn,Hàng Tồn,2026-08-19 - Thứ 4,24,100.00%,62.50%,8.33%,30.47,15,2,24,2,7,0,0.00%,29.17%,0,Bình Thuận,NTB,AM Khánh
NTB - Bình Thuận,(BTH) Lương Sơn,Hàng Tồn,2026-08-21 - Thứ 6,26,100.00%,57.69%,0.00%,36.6,15,0,26,0,11,0,0.00%,42.31%,0,Bình Thuận,NTB,AM Khánh
NTB - Bình Thuận,(BTH) Lương Sơn,Hàng Tồn,2026-08-17 - Thứ 2,30,100.00%,53.33%,20.00%,42.19,16,6,30,6,8,0,0.00%,26.67%,0,Bình Thuận,NTB,AM Khánh
NTB - Bình Thuận,(BTH) Lương Sơn,Hàng Tồn,2026-09-10 - Thứ 5,30,100.00%,53.33%,0.00%,29.69,16,0,30,0,14,0,0.00%,46.67%,0,Bình Thuận,NTB,AM Khánh
NTB - Bình Thuận,(BTH) Lương Sơn,Hàng Tồn,2026-08-23 - Chủ Nhật,30,100.00%,53.33%,10.00%,32.88,16,3,30,3,11,0,0.00%,36.67%,0,Bình Thuận,NTB,AM Khánh
NTB - Bình Thuận,(BTH) Lương Sơn,Hàng Tồn,2026-08-30 - Chủ Nhật,36,97.22%,47.22%,8.33%,42.59,17,3,35,3,16,1,2.78%,44.45%,0,Bình Thuận,NTB,AM Khánh
NTB - Bình Thuận,(BTH) Lương Sơn,Hàng Tồn,2026-08-27 - Thứ 5,37,97.30%,45.95%,2.70%,29.18,17,1,36,1,19,1,2.70%,51.35%,0,Bình Thuận,NTB,AM Khánh
NTB - Bình Thuận,(BTH) Lương Sơn,Hàng Tồn,2026-09-07 - Thứ 2,23,100.00%,73.91%,4.35%,34.82,17,1,23,1,5,0,0.00%,21.74%,0,Bình Thuận,NTB,AM Khánh
NTB - Bình Thuận,(BTH) Lương Sơn,Hàng Tồn,2026-08-29 - Thứ 7,39,97.44%,46.15%,10.26%,29.06,18,4,38,4,17,1,2.56%,43.59%,0,Bình Thuận,NTB,AM Khánh
NTB - Bình Thuận,(BTH) Lương Sơn,Hàng Tồn,2026-08-22 - Thứ 7,34,100.00%,55.88%,2.94%,31.68,19,1,34,1,14,0,0.00%,41.18%,0,Bình Thuận,NTB,AM Khánh
NTB - Bình Thuận,(BTH) Lương Sơn,Hàng Tồn,2026-08-31 - Thứ 2,40,97.50%,50.00%,12.50%,28.6,20,5,39,5,15,1,2.50%,37.50%,0,Bình Thuận,NTB,AM Khánh
NTB - Bình Thuận,(BTH) Lương Sơn,Hàng Tồn,2026-09-09 - Thứ 4,29,100.00%,72.41%,0.00%,40.95,21,0,29,0,8,0,0.00%,27.59%,0,Bình Thuận,NTB,AM Khánh
NTB - Bình Thuận,(BTH) Lương Sơn,Hàng Tồn,2026-09-13 - Chủ Nhật,38,100.00%,60.53%,7.89%,41.52,23,3,38,3,12,0,0.00%,31.58%,0,Bình Thuận,NTB,AM Khánh
NTB - Bình Thuận,(BTH) Lương Sơn,Hàng Tồn,2026-09-01 - Thứ 3,39,97.44%,61.54%,2.56%,30.33,24,1,38,1,14,1,2.56%,35.90%,0,Bình Thuận,NTB,AM Khánh
NTB - Bình Thuận,(BTH) Lương Sơn,Hàng Tồn,2026-09-11 - Thứ 6,36,100.00%,69.44%,2.78%,43,25,1,36,1,10,0,0.00%,27.78%,0,Bình Thuận,NTB,AM Khánh
NTB - Bình Thuận,(BTH) Lương Sơn,Hàng Tồn,2026-08-24 - Thứ 2,42,100.00%,69.05%,7.14%,33.55,29,3,42,3,10,0,0.00%,23.81%,0,Bình Thuận,NTB,AM Khánh
NTB - Bình Thuận,(BTH) Liên Hương,Hàng Mới Ca 1,2026-09-08 - Thứ 3,162,100.00%,87.04%,0.00%,9.75,141,0,162,0,21,0,0.00%,12.96%,162,Bình Thuận,NTB,AM D.Long
NTB - Bình Thuận,(BTH) Liên Hương,Hàng Mới Ca 1,2026-08-20 - Thứ 5,171,98.25%,85.96%,0.00%,14.37,147,0,168,0,24,3,1.75%,14.04%,171,Bình Thuận,NTB,AM D.Long
NTB - Bình Thuận,(BTH) Liên Hương,Hàng Mới Ca 1,2026-08-30 - Chủ Nhật,146,99.32%,87.67%,0.00%,10.8,128,0,145,0,18,1,0.68%,12.33%,146,Bình Thuận,NTB,AM D.Long
NTB - Bình Thuận,(BTH) Liên Hương,Hàng Mới Ca 1,2026-09-06 - Chủ Nhật,137,100.00%,88.32%,0.00%,13.47,121,0,137,0,16,0,0.00%,11.68%,137,Bình Thuận,NTB,AM D.Long
NTB - Bình Thuận,(BTH) Liên Hương,Hàng Mới Ca 1,2026-08-19 - Thứ 4,147,98.64%,93.20%,0.00%,15.23,137,0,145,0,10,2,1.36%,6.80%,147,Bình Thuận,NTB,AM D.Long
NTB - Bình Thuận,(BTH) Liên Hương,Hàng Mới Ca 1,2026-08-29 - Thứ 7,171,99.42%,88.89%,0.00%,15.16,152,0,170,0,19,1,0.58%,11.11%,171,Bình Thuận,NTB,AM D.Long
NTB - Bình Thuận,(BTH) Liên Hương,Hàng Mới Ca 1,2026-08-17 - Thứ 2,154,99.35%,87.66%,0.00%,14.07,135,0,153,0,19,1,0.65%,12.34%,154,Bình Thuận,NTB,AM D.Long
NTB - Bình Thuận,(BTH) Liên Hương,Hàng Mới Ca 1,2026-08-27 - Thứ 5,207,100.00%,89.37%,0.00%,11.74,185,0,207,0,22,0,0.00%,10.63%,207,Bình Thuận,NTB,AM D.Long
NTB - Bình Thuận,(BTH) Liên Hương,Hàng Mới Ca 1,2026-09-02 - Thứ 4,102,100.00%,86.27%,0.00%,14.39,88,0,102,0,14,0,0.00%,13.73%,102,Bình Thuận,NTB,AM D.Long
NTB - Bình Thuận,(BTH) Liên Hương,Hàng Mới Ca 1,2026-08-25 - Thứ 3,152,100.00%,91.45%,0.00%,6.58,139,0,152,0,13,0,0.00%,8.55%,152,Bình Thuận,NTB,AM D.Long
NTB - Bình Thuận,(BTH) Liên Hương,Hàng Mới Ca 1,2026-09-12 - Thứ 7,141,99.29%,86.52%,0.00%,13.7,122,0,140,0,19,1,0.71%,13.48%,141,Bình Thuận,NTB,AM D.Long
NTB - Bình Thuận,(BTH) Liên Hương,Hàng Mới Ca 1,2026-09-09 - Thứ 4,123,97.56%,91.87%,0.00%,14.23,113,0,120,0,10,3,2.44%,8.13%,123,Bình Thuận,NTB,AM D.Long
NTB - Bình Thuận,(BTH) Liên Hương,Hàng Mới Ca 1,2026-09-10 - Thứ 5,163,100.00%,87.12%,0.00%,14.42,142,0,163,0,21,0,0.00%,12.88%,163,Bình Thuận,NTB,AM D.Long
NTB - Bình Thuận,(BTH) Liên Hương,Hàng Mới Ca 1,2026-08-23 - Chủ Nhật,167,99.40%,84.43%,0.00%,12.87,141,0,166,0,26,1,0.60%,15.57%,167,Bình Thuận,NTB,AM D.Long
NTB - Bình Thuận,(BTH) Liên Hương,Hàng Mới Ca 1,2026-08-31 - Thứ 2,126,99.21%,84.13%,0.00%,11.73,106,0,125,0,20,1,0.79%,15.87%,126,Bình Thuận,NTB,AM D.Long
NTB - Bình Thuận,(BTH) Liên Hương,Hàng Mới Ca 1,2026-08-21 - Thứ 6,217,100.00%,90.32%,0.00%,13.57,196,0,217,0,21,0,0.00%,9.68%,217,Bình Thuận,NTB,AM D.Long
NTB - Bình Thuận,(BTH) Liên Hương,Hàng Mới Ca 1,2026-08-18 - Thứ 3,135,99.26%,88.15%,0.00%,10.67,119,0,134,0,16,1,0.74%,11.85%,135,Bình Thuận,NTB,AM D.Long
NTB - Bình Thuận,(BTH) Liên Hương,Hàng Mới Ca 1,2026-09-05 - Thứ 7,119,98.32%,87.39%,0.00%,11.82,104,0,117,0,15,2,1.68%,12.61%,119,Bình Thuận,NTB,AM D.Long
NTB - Bình Thuận,(BTH) Liên Hương,Hàng Mới Ca 1,2026-08-28 - Thứ 6,155,99.35%,87.10%,0.00%,11.24,135,0,154,0,20,1,0.65%,12.90%,155,Bình Thuận,NTB,AM D.Long
NTB - Bình Thuận,(BTH) Liên Hương,Hàng Mới Ca 1,2026-09-07 - Thứ 2,170,100.00%,91.18%,0.00%,16.61,155,0,170,0,15,0,0.00%,8.82%,170,Bình Thuận,NTB,AM D.Long
NTB - Bình Thuận,(BTH) Liên Hương,Hàng Mới Ca 1,2026-09-03 - Thứ 5,138,99.28%,92.03%,0.00%,15,127,0,137,0,11,1,0.72%,7.97%,138,Bình Thuận,NTB,AM D.Long
NTB - Bình Thuận,(BTH) Liên Hương,Hàng Mới Ca 1,2026-08-26 - Thứ 4,123,100.00%,91.06%,0.00%,14.54,112,0,123,0,11,0,0.00%,8.94%,123,Bình Thuận,NTB,AM D.Long
NTB - Bình Thuận,(BTH) Liên Hương,Hàng Mới Ca 1,2026-09-11 - Thứ 6,135,100.00%,91.11%,0.00%,13.5,123,0,135,0,12,0,0.00%,8.89%,135,Bình Thuận,NTB,AM D.Long
NTB - Bình Thuận,(BTH) Liên Hương,Hàng Mới Ca 1,2026-08-24 - Thứ 2,168,98.21%,88.10%,0.00%,14.73,148,0,165,0,20,3,1.79%,11.90%,168,Bình Thuận,NTB,AM D.Long
NTB - Bình Thuận,(BTH) Liên Hương,Hàng Mới Ca 1,2026-09-01 - Thứ 3,162,100.00%,90.12%,0.00%,10.87,146,0,162,0,16,0,0.00%,9.88%,162,Bình Thuận,NTB,AM D.Long
NTB - Bình Thuận,(BTH) Liên Hương,Hàng Mới Ca 1,2026-08-22 - Thứ 7,157,98.73%,85.99%,0.00%,9.77,135,0,155,0,22,2,1.27%,14.01%,157,Bình Thuận,NTB,AM D.Long
NTB - Bình Thuận,(BTH) Liên Hương,Hàng Mới Ca 1,2026-09-13 - Chủ Nhật,142,99.30%,84.51%,0.00%,10.96,120,0,141,0,22,1,0.70%,15.49%,142,Bình Thuận,NTB,AM D.Long
NTB - Bình Thuận,(BTH) Liên Hương,Hàng Mới Ca 1,2026-09-04 - Thứ 6,98,100.00%,86.73%,0.00%,6.74,85,0,98,0,13,0,0.00%,13.27%,98,Bình Thuận,NTB,AM D.Long
NTB - Bình Thuận,(BTH) Liên Hương,Hàng Mới Ca 2,2026-08-23 - Chủ Nhật,4,0.00%,0.00%,0.00%,,0,0,0,0,4,4,100.00%,100.00%,4,Bình Thuận,NTB,AM D.Long
NTB - Bình Thuận,(BTH) Liên Hương,Hàng Mới Ca 2,2026-09-10 - Thứ 5,1,0.00%,0.00%,0.00%,,0,0,0,0,1,1,100.00%,100.00%,1,Bình Thuận,NTB,AM D.Long
NTB - Bình Thuận,(BTH) Liên Hương,Hàng Mới Ca 2,2026-09-01 - Thứ 3,1,100.00%,0.00%,0.00%,,0,0,1,0,1,0,0.00%,100.00%,1,Bình Thuận,NTB,AM D.Long
NTB - Bình Thuận,(BTH) Liên Hương,Hàng Mới Ca 2,2026-09-12 - Thứ 7,2,50.00%,50.00%,0.00%,2,1,0,1,0,1,1,50.00%,50.00%,2,Bình Thuận,NTB,AM D.Long
NTB - Bình Thuận,(BTH) Liên Hương,Hàng Mới Ca 2,2026-09-07 - Thứ 2,1,100.00%,100.00%,0.00%,2,1,0,1,0,0,0,0.00%,0.00%,1,Bình Thuận,NTB,AM D.Long
NTB - Bình Thuận,(BTH) Liên Hương,Hàng Mới Ca 2,2026-08-27 - Thứ 5,5,60.00%,40.00%,0.00%,4.5,2,0,3,0,3,2,40.00%,60.00%,5,Bình Thuận,NTB,AM D.Long
NTB - Bình Thuận,(BTH) Liên Hương,Hàng Mới Ca 2,2026-08-25 - Thứ 3,3,66.67%,66.67%,0.00%,2.5,2,0,2,0,1,1,33.33%,33.33%,3,Bình Thuận,NTB,AM D.Long
NTB - Bình Thuận,(BTH) Liên Hương,Hàng Mới Ca 2,2026-08-31 - Thứ 2,3,66.67%,66.67%,0.00%,0,2,0,2,0,1,1,33.33%,33.33%,3,Bình Thuận,NTB,AM D.Long
NTB - Bình Thuận,(BTH) Liên Hương,Hàng Mới Ca 2,2026-08-22 - Thứ 7,5,80.00%,40.00%,0.00%,1.5,2,0,4,0,3,1,20.00%,60.00%,5,Bình Thuận,NTB,AM D.Long
NTB - Bình Thuận,(BTH) Liên Hương,Hàng Mới Ca 2,2026-09-08 - Thứ 3,4,50.00%,50.00%,0.00%,2,2,0,2,0,2,2,50.00%,50.00%,4,Bình Thuận,NTB,AM D.Long
NTB - Bình Thuận,(BTH) Liên Hương,Hàng Mới Ca 2,2026-08-29 - Thứ 7,6,50.00%,50.00%,0.00%,3.33,3,0,3,0,3,3,50.00%,50.00%,6,Bình Thuận,NTB,AM D.Long
NTB - Bình Thuận,(BTH) Liên Hương,Hàng Mới Ca 2,2026-09-02 - Thứ 4,4,75.00%,75.00%,0.00%,1.33,3,0,3,0,1,1,25.00%,25.00%,4,Bình Thuận,NTB,AM D.Long
NTB - Bình Thuận,(BTH) Liên Hương,Hàng Mới Ca 2,2026-08-18 - Thứ 3,5,60.00%,60.00%,0.00%,0.67,3,0,3,0,2,2,40.00%,40.00%,5,Bình Thuận,NTB,AM D.Long
NTB - Bình Thuận,(BTH) Liên Hương,Hàng Mới Ca 2,2026-09-05 - Thứ 7,4,100.00%,75.00%,0.00%,0.33,3,0,4,0,1,0,0.00%,25.00%,4,Bình Thuận,NTB,AM D.Long
NTB - Bình Thuận,(BTH) Liên Hương,Hàng Mới Ca 2,2026-08-26 - Thứ 4,3,100.00%,100.00%,0.00%,1.67,3,0,3,0,0,0,0.00%,0.00%,3,Bình Thuận,NTB,AM D.Long
NTB - Bình Thuận,(BTH) Liên Hương,Hàng Mới Ca 2,2026-09-13 - Chủ Nhật,4,100.00%,75.00%,0.00%,1.33,3,0,4,0,1,0,0.00%,25.00%,4,Bình Thuận,NTB,AM D.Long
NTB - Bình Thuận,(BTH) Liên Hương,Hàng Mới Ca 2,2026-09-11 - Thứ 6,3,100.00%,100.00%,0.00%,2,3,0,3,0,0,0,0.00%,0.00%,3,Bình Thuận,NTB,AM D.Long
NTB - Bình Thuận,(BTH) Liên Hương,Hàng Mới Ca 2,2026-08-24 - Thứ 2,4,100.00%,75.00%,0.00%,2.33,3,0,4,0,1,0,0.00%,25.00%,4,Bình Thuận,NTB,AM D.Long
NTB - Bình Thuận,(BTH) Liên Hương,Hàng Mới Ca 2,2026-08-20 - Thứ 5,5,80.00%,80.00%,0.00%,0.75,4,0,4,0,1,1,20.00%,20.00%,5,Bình Thuận,NTB,AM D.Long
NTB - Bình Thuận,(BTH) Liên Hương,Hàng Mới Ca 2,2026-09-06 - Chủ Nhật,5,100.00%,80.00%,0.00%,3,4,0,5,0,1,0,0.00%,20.00%,5,Bình Thuận,NTB,AM D.Long
NTB - Bình Thuận,(BTH) Liên Hương,Hàng Mới Ca 2,2026-08-19 - Thứ 4,5,100.00%,80.00%,0.00%,0.75,4,0,5,0,1,0,0.00%,20.00%,5,Bình Thuận,NTB,AM D.Long
NTB - Bình Thuận,(BTH) Liên Hương,Hàng Mới Ca 2,2026-08-17 - Thứ 2,8,62.50%,50.00%,0.00%,3,4,0,5,0,4,3,37.50%,50.00%,8,Bình Thuận,NTB,AM D.Long
NTB - Bình Thuận,(BTH) Liên Hương,Hàng Mới Ca 2,2026-09-04 - Thứ 6,8,50.00%,50.00%,0.00%,1,4,0,4,0,4,4,50.00%,50.00%,8,Bình Thuận,NTB,AM D.Long
NTB - Bình Thuận,(BTH) Liên Hương,Hàng Mới Ca 2,2026-09-09 - Thứ 4,6,83.33%,83.33%,0.00%,1.2,5,0,5,0,1,1,16.67%,16.67%,6,Bình Thuận,NTB,AM D.Long
NTB - Bình Thuận,(BTH) Liên Hương,Hàng Mới Ca 2,2026-08-21 - Thứ 6,8,75.00%,62.50%,0.00%,2.4,5,0,6,0,3,2,25.00%,37.50%,8,Bình Thuận,NTB,AM D.Long
NTB - Bình Thuận,(BTH) Liên Hương,Hàng Mới Ca 2,2026-08-28 - Thứ 6,7,85.71%,71.43%,0.00%,1.2,5,0,6,0,2,1,14.29%,28.57%,7,Bình Thuận,NTB,AM D.Long
NTB - Bình Thuận,(BTH) Liên Hương,Hàng Mới Ca 2,2026-08-30 - Chủ Nhật,8,87.50%,75.00%,0.00%,2.17,6,0,7,0,2,1,12.50%,25.00%,8,Bình Thuận,NTB,AM D.Long
NTB - Bình Thuận,(BTH) Liên Hương,Hàng Tồn,2026-09-10 - Thứ 5,26,100.00%,11.54%,11.54%,40.67,3,3,26,3,20,0,0.00%,76.92%,0,Bình Thuận,NTB,AM D.Long
NTB - Bình Thuận,(BTH) Liên Hương,Hàng Tồn,2026-08-27 - Thứ 5,16,100.00%,31.25%,6.25%,36,5,1,16,1,10,0,0.00%,62.50%,0,Bình Thuận,NTB,AM D.Long
NTB - Bình Thuận,(BTH) Liên Hương,Hàng Tồn,2026-09-04 - Thứ 6,23,100.00%,30.43%,4.35%,52.14,7,1,23,1,15,0,0.00%,65.22%,0,Bình Thuận,NTB,AM D.Long
NTB - Bình Thuận,(BTH) Liên Hương,Hàng Tồn,2026-08-20 - Thứ 5,28,100.00%,25.00%,35.71%,56.14,7,10,28,10,11,0,0.00%,39.29%,0,Bình Thuận,NTB,AM D.Long
NTB - Bình Thuận,(BTH) Liên Hương,Hàng Tồn,2026-08-23 - Chủ Nhật,35,94.29%,22.86%,0.00%,33.88,8,0,33,0,27,2,5.71%,77.14%,0,Bình Thuận,NTB,AM D.Long
NTB - Bình Thuận,(BTH) Liên Hương,Hàng Tồn,2026-09-13 - Chủ Nhật,22,100.00%,36.36%,0.00%,33.88,8,0,22,0,14,0,0.00%,63.64%,0,Bình Thuận,NTB,AM D.Long
NTB - Bình Thuận,(BTH) Liên Hương,Hàng Tồn,2026-09-08 - Thứ 3,27,100.00%,33.33%,14.81%,43.11,9,4,27,4,14,0,0.00%,51.86%,0,Bình Thuận,NTB,AM D.Long
NTB - Bình Thuận,(BTH) Liên Hương,Hàng Tồn,2026-09-06 - Chủ Nhật,22,100.00%,40.91%,9.09%,49.56,9,2,22,2,11,0,0.00%,50.00%,0,Bình Thuận,NTB,AM D.Long
NTB - Bình Thuận,(BTH) Liên Hương,Hàng Tồn,2026-08-30 - Chủ Nhật,25,100.00%,40.00%,8.00%,38.4,10,2,25,2,13,0,0.00%,52.00%,0,Bình Thuận,NTB,AM D.Long
NTB - Bình Thuận,(BTH) Liên Hương,Hàng Tồn,2026-09-01 - Thứ 3,26,100.00%,38.46%,0.00%,42.6,10,0,26,0,16,0,0.00%,61.54%,0,Bình Thuận,NTB,AM D.Long
NTB - Bình Thuận,(BTH) Liên Hương,Hàng Tồn,2026-08-21 - Thứ 6,30,96.67%,36.67%,6.67%,44.18,11,2,29,2,17,1,3.33%,56.66%,0,Bình Thuận,NTB,AM D.Long
NTB - Bình Thuận,(BTH) Liên Hương,Hàng Tồn,2026-08-19 - Thứ 4,37,97.30%,32.43%,5.41%,39.33,12,2,36,2,23,1,2.70%,62.16%,0,Bình Thuận,NTB,AM D.Long
NTB - Bình Thuận,(BTH) Liên Hương,Hàng Tồn,2026-08-17 - Thứ 2,28,100.00%,42.86%,0.00%,35.67,12,0,28,0,16,0,0.00%,57.14%,0,Bình Thuận,NTB,AM D.Long
NTB - Bình Thuận,(BTH) Liên Hương,Hàng Tồn,2026-09-09 - Thứ 4,29,96.55%,44.83%,0.00%,40.62,13,0,28,0,16,1,3.45%,55.17%,0,Bình Thuận,NTB,AM D.Long
NTB - Bình Thuận,(BTH) Liên Hương,Hàng Tồn,2026-09-05 - Thứ 7,27,100.00%,48.15%,14.81%,37.62,13,4,27,4,10,0,0.00%,37.04%,0,Bình Thuận,NTB,AM D.Long
NTB - Bình Thuận,(BTH) Liên Hương,Hàng Tồn,2026-08-28 - Thứ 6,30,100.00%,43.33%,3.33%,42.69,13,1,30,1,16,0,0.00%,53.34%,0,Bình Thuận,NTB,AM D.Long
NTB - Bình Thuận,(BTH) Liên Hương,Hàng Tồn,2026-08-26 - Thứ 4,32,100.00%,40.63%,18.75%,43.38,13,6,32,6,13,0,0.00%,40.62%,0,Bình Thuận,NTB,AM D.Long
NTB - Bình Thuận,(BTH) Liên Hương,Hàng Tồn,2026-09-12 - Thứ 7,21,100.00%,61.90%,4.76%,51.92,13,1,21,1,7,0,0.00%,33.34%,0,Bình Thuận,NTB,AM D.Long
NTB - Bình Thuận,(BTH) Liên Hương,Hàng Tồn,2026-08-25 - Thứ 3,39,94.87%,35.90%,0.00%,48.21,14,0,37,0,25,2,5.13%,64.10%,0,Bình Thuận,NTB,AM D.Long
NTB - Bình Thuận,(BTH) Liên Hương,Hàng Tồn,2026-09-07 - Thứ 2,32,100.00%,43.75%,6.25%,49.14,14,2,32,2,16,0,0.00%,50.00%,0,Bình Thuận,NTB,AM D.Long
NTB - Bình Thuận,(BTH) Liên Hương,Hàng Tồn,2026-09-03 - Thứ 5,29,100.00%,48.28%,6.90%,53.36,14,2,29,2,13,0,0.00%,44.82%,0,Bình Thuận,NTB,AM D.Long
NTB - Bình Thuận,(BTH) Liên Hương,Hàng Tồn,2026-08-18 - Thứ 3,37,100.00%,40.54%,0.00%,45.6,15,0,37,0,22,0,0.00%,59.46%,0,Bình Thuận,NTB,AM D.Long
NTB - Bình Thuận,(BTH) Liên Hương,Hàng Tồn,2026-08-29 - Thứ 7,35,100.00%,48.57%,2.86%,41.71,17,1,35,1,17,0,0.00%,48.57%,0,Bình Thuận,NTB,AM D.Long
NTB - Bình Thuận,(BTH) Liên Hương,Hàng Tồn,2026-09-02 - Thứ 4,31,100.00%,54.84%,3.23%,54.29,17,1,31,1,13,0,0.00%,41.93%,0,Bình Thuận,NTB,AM D.Long
NTB - Bình Thuận,(BTH) Liên Hương,Hàng Tồn,2026-08-31 - Thứ 2,35,100.00%,51.43%,11.43%,45.06,18,4,35,4,13,0,0.00%,37.14%,0,Bình Thuận,NTB,AM D.Long
NTB - Bình Thuận,(BTH) Liên Hương,Hàng Tồn,2026-08-22 - Thứ 7,39,97.44%,48.72%,5.13%,49.11,19,2,38,2,18,1,2.56%,46.15%,0,Bình Thuận,NTB,AM D.Long
NTB - Bình Thuận,(BTH) Liên Hương,Hàng Tồn,2026-09-11 - Thứ 6,35,100.00%,60.00%,2.86%,56.14,21,1,35,1,13,0,0.00%,37.14%,0,Bình Thuận,NTB,AM D.Long
NTB - Bình Thuận,(BTH) Liên Hương,Hàng Tồn,2026-08-24 - Thứ 2,46,97.83%,45.65%,4.35%,44.71,21,2,45,2,23,1,2.17%,50.00%,0,Bình Thuận,NTB,AM D.Long
NTB - Bình Thuận,(BTH) Hàm Tân,Hàng Mới Ca 1,2026-09-08 - Thứ 3,119,92.44%,74.79%,0.00%,7.76,89,0,110,0,30,9,7.56%,25.21%,119,Bình Thuận,NTB,AM Thủy
NTB - Bình Thuận,(BTH) Hàm Tân,Hàng Mới Ca 1,2026-08-27 - Thứ 5,123,86.18%,66.67%,0.00%,8.34,82,0,106,0,41,17,13.82%,33.33%,123,Bình Thuận,NTB,AM Thủy
NTB - Bình Thuận,(BTH) Hàm Tân,Hàng Mới Ca 1,2026-09-02 - Thứ 4,92,100.00%,84.78%,0.00%,6.79,78,0,92,0,14,0,0.00%,15.22%,92,Bình Thuận,NTB,AM Thủy
NTB - Bình Thuận,(BTH) Hàm Tân,Hàng Mới Ca 1,2026-08-25 - Thứ 3,105,100.00%,77.14%,0.00%,7.73,81,0,105,0,24,0,0.00%,22.86%,105,Bình Thuận,NTB,AM Thủy
NTB - Bình Thuận,(BTH) Hàm Tân,Hàng Mới Ca 1,2026-09-10 - Thứ 5,126,87.30%,71.43%,0.00%,8.73,90,0,110,0,36,16,12.70%,28.57%,126,Bình Thuận,NTB,AM Thủy
NTB - Bình Thuận,(BTH) Hàm Tân,Hàng Mới Ca 1,2026-08-23 - Chủ Nhật,104,100.00%,77.88%,0.00%,5.4,81,0,104,0,23,0,0.00%,22.12%,104,Bình Thuận,NTB,AM Thủy
NTB - Bình Thuận,(BTH) Hàm Tân,Hàng Mới Ca 1,2026-08-21 - Thứ 6,120,89.17%,75.83%,0.00%,7.31,91,0,107,0,29,13,10.83%,24.17%,120,Bình Thuận,NTB,AM Thủy
NTB - Bình Thuận,(BTH) Hàm Tân,Hàng Mới Ca 1,2026-08-26 - Thứ 4,105,92.38%,63.81%,0.00%,7.28,67,0,97,0,38,8,7.62%,36.19%,105,Bình Thuận,NTB,AM Thủy
NTB - Bình Thuận,(BTH) Hàm Tân,Hàng Mới Ca 1,2026-09-13 - Chủ Nhật,99,90.91%,81.82%,0.00%,7.44,81,0,90,0,18,9,9.09%,18.18%,99,Bình Thuận,NTB,AM Thủy
NTB - Bình Thuận,(BTH) Hàm Tân,Hàng Mới Ca 1,2026-08-22 - Thứ 7,141,99.29%,69.50%,0.00%,6.8,98,0,140,0,43,1,0.71%,30.50%,141,Bình Thuận,NTB,AM Thủy
NTB - Bình Thuận,(BTH) Hàm Tân,Hàng Mới Ca 1,2026-08-20 - Thứ 5,41,97.56%,70.73%,0.00%,8.93,29,0,40,0,12,1,2.44%,29.27%,41,Bình Thuận,NTB,AM Thủy
NTB - Bình Thuận,(BTH) Hàm Tân,Hàng Mới Ca 1,2026-09-04 - Thứ 6,34,100.00%,85.29%,0.00%,6.9,29,0,34,0,5,0,0.00%,14.71%,34,Bình Thuận,NTB,AM Thủy
NTB - Bình Thuận,(BTH) Hàm Tân,Hàng Mới Ca 1,2026-08-19 - Thứ 4,50,100.00%,86.00%,0.00%,6.56,43,0,50,0,7,0,0.00%,14.00%,50,Bình Thuận,NTB,AM Thủy
NTB - Bình Thuận,(BTH) Hàm Tân,Hàng Mới Ca 1,2026-08-17 - Thứ 2,51,98.04%,86.27%,0.00%,6.43,44,0,50,0,7,1,1.96%,13.73%,51,Bình Thuận,NTB,AM Thủy
NTB - Bình Thuận,(BTH) Hàm Tân,Hàng Mới Ca 1,2026-09-06 - Chủ Nhật,54,96.30%,83.33%,0.00%,6.89,45,0,52,0,9,2,3.70%,16.67%,54,Bình Thuận,NTB,AM Thủy
NTB - Bình Thuận,(BTH) Hàm Tân,Hàng Mới Ca 1,2026-08-18 - Thứ 3,56,98.21%,85.71%,0.00%,7.17,48,0,55,0,8,1,1.79%,14.29%,56,Bình Thuận,NTB,AM Thủy
NTB - Bình Thuận,(BTH) Hàm Tân,Hàng Mới Ca 1,2026-09-07 - Thứ 2,90,76.67%,56.67%,0.00%,8.12,51,0,69,0,39,21,23.33%,43.33%,90,Bình Thuận,NTB,AM Thủy
NTB - Bình Thuận,(BTH) Hàm Tân,Hàng Mới Ca 1,2026-08-28 - Thứ 6,85,87.06%,61.18%,0.00%,7.63,52,0,74,0,33,11,12.94%,38.82%,85,Bình Thuận,NTB,AM Thủy
NTB - Bình Thuận,(BTH) Hàm Tân,Hàng Mới Ca 1,2026-09-05 - Thứ 7,69,98.55%,78.26%,0.00%,5.44,54,0,68,0,15,1,1.45%,21.74%,69,Bình Thuận,NTB,AM Thủy
NTB - Bình Thuận,(BTH) Hàm Tân,Hàng Mới Ca 1,2026-08-30 - Chủ Nhật,81,92.59%,69.14%,0.00%,6.66,56,0,75,0,25,6,7.41%,30.86%,81,Bình Thuận,NTB,AM Thủy
NTB - Bình Thuận,(BTH) Hàm Tân,Hàng Mới Ca 1,2026-08-24 - Thứ 2,88,86.36%,67.05%,0.00%,7.47,59,0,76,0,29,12,13.64%,32.95%,88,Bình Thuận,NTB,AM Thủy
NTB - Bình Thuận,(BTH) Hàm Tân,Hàng Mới Ca 1,2026-08-29 - Thứ 7,95,92.63%,63.16%,0.00%,7.43,60,0,88,0,35,7,7.37%,36.84%,95,Bình Thuận,NTB,AM Thủy
NTB - Bình Thuận,(BTH) Hàm Tân,Hàng Mới Ca 1,2026-09-01 - Thứ 3,86,87.21%,72.09%,0.00%,8.02,62,0,75,0,24,11,12.79%,27.91%,86,Bình Thuận,NTB,AM Thủy
NTB - Bình Thuận,(BTH) Hàm Tân,Hàng Mới Ca 1,2026-09-12 - Thứ 7,92,76.09%,68.48%,0.00%,6.43,63,0,70,0,29,22,23.91%,31.52%,92,Bình Thuận,NTB,AM Thủy
NTB - Bình Thuận,(BTH) Hàm Tân,Hàng Mới Ca 1,2026-09-03 - Thứ 5,78,100.00%,82.05%,0.00%,6.52,64,0,78,0,14,0,0.00%,17.95%,78,Bình Thuận,NTB,AM Thủy
NTB - Bình Thuận,(BTH) Hàm Tân,Hàng Mới Ca 1,2026-09-09 - Thứ 4,88,85.23%,75.00%,0.00%,7.18,66,0,75,0,22,13,14.77%,25.00%,88,Bình Thuận,NTB,AM Thủy
NTB - Bình Thuận,(BTH) Hàm Tân,Hàng Mới Ca 1,2026-08-31 - Thứ 2,98,100.00%,67.35%,0.00%,7.76,66,0,98,0,32,0,0.00%,32.65%,98,Bình Thuận,NTB,AM Thủy
NTB - Bình Thuận,(BTH) Hàm Tân,Hàng Mới Ca 1,2026-09-11 - Thứ 6,121,100.00%,70.25%,0.00%,7.4,85,0,121,0,36,0,0.00%,29.75%,121,Bình Thuận,NTB,AM Thủy
NTB - Bình Thuận,(BTH) Hàm Tân,Hàng Mới Ca 2,2026-08-29 - Thứ 7,4,0.00%,0.00%,0.00%,,0,0,0,0,4,4,100.00%,100.00%,4,Bình Thuận,NTB,AM Thủy
NTB - Bình Thuận,(BTH) Hàm Tân,Hàng Mới Ca 2,2026-08-27 - Thứ 5,14,14.29%,0.00%,0.00%,,0,0,2,0,14,12,85.71%,100.00%,14,Bình Thuận,NTB,AM Thủy
NTB - Bình Thuận,(BTH) Hàm Tân,Hàng Mới Ca 2,2026-08-25 - Thứ 3,10,100.00%,0.00%,0.00%,,0,0,10,0,10,0,0.00%,100.00%,10,Bình Thuận,NTB,AM Thủy
NTB - Bình Thuận,(BTH) Hàm Tân,Hàng Mới Ca 2,2026-08-30 - Chủ Nhật,12,83.33%,8.33%,0.00%,5,1,0,10,0,11,2,16.67%,91.67%,12,Bình Thuận,NTB,AM Thủy
NTB - Bình Thuận,(BTH) Hàm Tân,Hàng Mới Ca 2,2026-09-10 - Thứ 5,6,100.00%,16.67%,0.00%,6,1,0,6,0,5,0,0.00%,83.33%,6,Bình Thuận,NTB,AM Thủy
NTB - Bình Thuận,(BTH) Hàm Tân,Hàng Mới Ca 2,2026-09-01 - Thứ 3,7,85.71%,14.29%,0.00%,1,1,0,6,0,6,1,14.29%,85.71%,7,Bình Thuận,NTB,AM Thủy
NTB - Bình Thuận,(BTH) Hàm Tân,Hàng Mới Ca 2,2026-08-20 - Thứ 5,8,100.00%,25.00%,0.00%,3.5,2,0,8,0,6,0,0.00%,75.00%,8,Bình Thuận,NTB,AM Thủy
NTB - Bình Thuận,(BTH) Hàm Tân,Hàng Mới Ca 2,2026-09-12 - Thứ 7,15,20.00%,13.33%,0.00%,2.5,2,0,3,0,13,12,80.00%,86.67%,15,Bình Thuận,NTB,AM Thủy
NTB - Bình Thuận,(BTH) Hàm Tân,Hàng Mới Ca 2,2026-08-21 - Thứ 6,8,87.50%,25.00%,0.00%,4.5,2,0,7,0,6,1,12.50%,75.00%,8,Bình Thuận,NTB,AM Thủy
NTB - Bình Thuận,(BTH) Hàm Tân,Hàng Mới Ca 2,2026-08-26 - Thứ 4,14,85.71%,14.29%,0.00%,6,2,0,12,0,12,2,14.29%,85.71%,14,Bình Thuận,NTB,AM Thủy
NTB - Bình Thuận,(BTH) Hàm Tân,Hàng Mới Ca 2,2026-09-11 - Thứ 6,9,100.00%,22.22%,0.00%,5,2,0,9,0,7,0,0.00%,77.78%,9,Bình Thuận,NTB,AM Thủy
NTB - Bình Thuận,(BTH) Hàm Tân,Hàng Mới Ca 2,2026-09-02 - Thứ 4,8,100.00%,37.50%,0.00%,4,3,0,8,0,5,0,0.00%,62.50%,8,Bình Thuận,NTB,AM Thủy
NTB - Bình Thuận,(BTH) Hàm Tân,Hàng Mới Ca 2,2026-08-28 - Thứ 6,18,61.11%,16.67%,0.00%,5.67,3,0,11,0,15,7,38.89%,83.33%,18,Bình Thuận,NTB,AM Thủy
NTB - Bình Thuận,(BTH) Hàm Tân,Hàng Mới Ca 2,2026-09-13 - Chủ Nhật,12,83.33%,25.00%,0.00%,5.67,3,0,10,0,9,2,16.67%,75.00%,12,Bình Thuận,NTB,AM Thủy
NTB - Bình Thuận,(BTH) Hàm Tân,Hàng Mới Ca 2,2026-08-24 - Thứ 2,10,50.00%,30.00%,0.00%,2.33,3,0,5,0,7,5,50.00%,70.00%,10,Bình Thuận,NTB,AM Thủy
NTB - Bình Thuận,(BTH) Hàm Tân,Hàng Mới Ca 2,2026-08-31 - Thứ 2,19,78.95%,21.05%,0.00%,3.75,4,0,15,0,15,4,21.05%,78.95%,19,Bình Thuận,NTB,AM Thủy
NTB - Bình Thuận,(BTH) Hàm Tân,Hàng Mới Ca 2,2026-09-07 - Thứ 2,15,80.00%,26.67%,0.00%,6.5,4,0,12,0,11,3,20.00%,73.33%,15,Bình Thuận,NTB,AM Thủy
NTB - Bình Thuận,(BTH) Hàm Tân,Hàng Mới Ca 2,2026-09-08 - Thứ 3,10,90.00%,50.00%,0.00%,5.6,5,0,9,0,5,1,10.00%,50.00%,10,Bình Thuận,NTB,AM Thủy
NTB - Bình Thuận,(BTH) Hàm Tân,Hàng Mới Ca 2,2026-09-09 - Thứ 4,13,92.31%,38.46%,0.00%,4.8,5,0,12,0,8,1,7.69%,61.54%,13,Bình Thuận,NTB,AM Thủy
NTB - Bình Thuận,(BTH) Hàm Tân,Hàng Mới Ca 2,2026-08-23 - Chủ Nhật,12,83.33%,41.67%,0.00%,2.2,5,0,10,0,7,2,16.67%,58.33%,12,Bình Thuận,NTB,AM Thủy
NTB - Bình Thuận,(BTH) Hàm Tân,Hàng Mới Ca 2,2026-08-22 - Thứ 7,11,100.00%,54.55%,0.00%,3.33,6,0,11,0,5,0,0.00%,45.45%,11,Bình Thuận,NTB,AM Thủy
NTB - Bình Thuận,(BTH) Hàm Tân,Hàng Mới Ca 2,2026-09-03 - Thứ 5,21,95.24%,42.86%,0.00%,3.56,9,0,20,0,12,1,4.76%,57.14%,21,Bình Thuận,NTB,AM Thủy
NTB - Bình Thuận,(BTH) Hàm Tân,Hàng Mới Ca 2,2026-09-06 - Chủ Nhật,59,86.44%,16.95%,0.00%,5.2,10,0,51,0,49,8,13.56%,83.05%,59,Bình Thuận,NTB,AM Thủy
NTB - Bình Thuận,(BTH) Hàm Tân,Hàng Mới Ca 2,2026-08-17 - Thứ 2,48,95.83%,29.17%,0.00%,3.5,14,0,46,0,34,2,4.17%,70.83%,48,Bình Thuận,NTB,AM Thủy
NTB - Bình Thuận,(BTH) Hàm Tân,Hàng Mới Ca 2,2026-09-05 - Thứ 7,54,85.19%,31.48%,0.00%,3.59,17,0,46,0,37,8,14.81%,68.52%,54,Bình Thuận,NTB,AM Thủy
NTB - Bình Thuận,(BTH) Hàm Tân,Hàng Mới Ca 2,2026-09-04 - Thứ 6,43,83.72%,48.84%,0.00%,3.9,21,0,36,0,22,7,16.28%,51.16%,43,Bình Thuận,NTB,AM Thủy
NTB - Bình Thuận,(BTH) Hàm Tân,Hàng Mới Ca 2,2026-08-18 - Thứ 3,67,98.51%,31.34%,0.00%,4.52,21,0,66,0,46,1,1.49%,68.66%,67,Bình Thuận,NTB,AM Thủy
NTB - Bình Thuận,(BTH) Hàm Tân,Hàng Mới Ca 2,2026-08-19 - Thứ 4,84,96.43%,44.05%,0.00%,4.11,37,0,81,0,47,3,3.57%,55.95%,84,Bình Thuận,NTB,AM Thủy
NTB - Bình Thuận,(BTH) Hàm Tân,Hàng Tồn,2026-08-21 - Thứ 6,50,92.00%,20.00%,6.00%,35.8,10,3,46,3,37,4,8.00%,74.00%,0,Bình Thuận,NTB,AM Thủy
NTB - Bình Thuận,(BTH) Hàm Tân,Hàng Tồn,2026-09-03 - Thứ 5,42,100.00%,38.10%,14.29%,47.06,16,6,42,6,20,0,0.00%,47.61%,0,Bình Thuận,NTB,AM Thủy
NTB - Bình Thuận,(BTH) Hàm Tân,Hàng Tồn,2026-08-26 - Thứ 4,76,100.00%,21.05%,25.00%,47.19,16,19,76,19,41,0,0.00%,53.95%,0,Bình Thuận,NTB,AM Thủy
NTB - Bình Thuận,(BTH) Hàm Tân,Hàng Tồn,2026-08-24 - Thứ 2,66,95.45%,25.76%,6.06%,43.12,17,4,63,4,45,3,4.55%,68.18%,0,Bình Thuận,NTB,AM Thủy
NTB - Bình Thuận,(BTH) Hàm Tân,Hàng Tồn,2026-09-05 - Thứ 7,46,91.30%,41.30%,6.52%,34.32,19,3,42,3,24,4,8.70%,52.18%,0,Bình Thuận,NTB,AM Thủy
NTB - Bình Thuận,(BTH) Hàm Tân,Hàng Tồn,2026-08-25 - Thứ 3,74,100.00%,27.03%,0.00%,37.25,20,0,74,0,54,0,0.00%,72.97%,0,Bình Thuận,NTB,AM Thủy
NTB - Bình Thuận,(BTH) Hàm Tân,Hàng Tồn,2026-09-11 - Thứ 6,80,100.00%,25.00%,6.25%,42.5,20,5,80,5,55,0,0.00%,68.75%,0,Bình Thuận,NTB,AM Thủy
NTB - Bình Thuận,(BTH) Hàm Tân,Hàng Tồn,2026-09-09 - Thứ 4,75,72.00%,33.33%,5.33%,41.56,25,4,54,4,46,21,28.00%,61.34%,0,Bình Thuận,NTB,AM Thủy
NTB - Bình Thuận,(BTH) Hàm Tân,Hàng Tồn,2026-09-04 - Thứ 6,45,97.78%,57.78%,2.22%,35.81,26,1,44,1,18,1,2.22%,40.00%,0,Bình Thuận,NTB,AM Thủy
NTB - Bình Thuận,(BTH) Hàm Tân,Hàng Tồn,2026-09-10 - Thứ 5,72,100.00%,38.89%,6.94%,44.14,28,5,72,5,39,0,0.00%,54.17%,0,Bình Thuận,NTB,AM Thủy
NTB - Bình Thuận,(BTH) Hàm Tân,Hàng Tồn,2026-09-13 - Chủ Nhật,84,100.00%,35.71%,7.14%,36.2,30,6,84,6,48,0,0.00%,57.15%,0,Bình Thuận,NTB,AM Thủy
NTB - Bình Thuận,(BTH) Hàm Tân,Hàng Tồn,2026-08-30 - Chủ Nhật,95,98.95%,33.68%,3.16%,46.56,32,3,94,3,60,1,1.05%,63.16%,0,Bình Thuận,NTB,AM Thủy
NTB - Bình Thuận,(BTH) Hàm Tân,Hàng Tồn,2026-08-27 - Thứ 5,91,95.60%,35.16%,2.20%,49.81,32,2,87,2,57,4,4.40%,62.64%,0,Bình Thuận,NTB,AM Thủy
NTB - Bình Thuận,(BTH) Hàm Tân,Hàng Tồn,2026-08-23 - Chủ Nhật,81,100.00%,39.51%,9.88%,42.09,32,8,81,8,41,0,0.00%,50.61%,0,Bình Thuận,NTB,AM Thủy
NTB - Bình Thuận,(BTH) Hàm Tân,Hàng Tồn,2026-08-22 - Thứ 7,70,98.57%,45.71%,7.14%,46.28,32,5,69,5,33,1,1.43%,47.15%,0,Bình Thuận,NTB,AM Thủy
NTB - Bình Thuận,(BTH) Hàm Tân,Hàng Tồn,2026-08-18 - Thứ 3,75,100.00%,45.33%,8.00%,32.29,34,6,75,6,35,0,0.00%,46.67%,0,Bình Thuận,NTB,AM Thủy
NTB - Bình Thuận,(BTH) Hàm Tân,Hàng Tồn,2026-09-06 - Chủ Nhật,74,94.59%,50.00%,6.76%,28.68,37,5,70,5,32,4,5.41%,43.24%,0,Bình Thuận,NTB,AM Thủy
NTB - Bình Thuận,(BTH) Hàm Tân,Hàng Tồn,2026-09-12 - Thứ 7,93,100.00%,39.78%,8.60%,49.03,37,8,93,8,48,0,0.00%,51.62%,0,Bình Thuận,NTB,AM Thủy
NTB - Bình Thuận,(BTH) Hàm Tân,Hàng Tồn,2026-08-19 - Thứ 4,80,100.00%,47.50%,2.50%,28.74,38,2,80,2,40,0,0.00%,50.00%,0,Bình Thuận,NTB,AM Thủy
NTB - Bình Thuận,(BTH) Hàm Tân,Hàng Tồn,2026-09-02 - Thứ 4,67,100.00%,56.72%,4.48%,46.68,38,3,67,3,26,0,0.00%,38.80%,0,Bình Thuận,NTB,AM Thủy
NTB - Bình Thuận,(BTH) Hàm Tân,Hàng Tồn,2026-08-29 - Thứ 7,98,92.86%,40.82%,3.06%,44.5,40,3,91,3,55,7,7.14%,56.12%,0,Bình Thuận,NTB,AM Thủy
NTB - Bình Thuận,(BTH) Hàm Tân,Hàng Tồn,2026-09-07 - Thứ 2,85,84.71%,49.41%,2.35%,36.5,42,2,72,2,41,13,15.29%,48.24%,0,Bình Thuận,NTB,AM Thủy
NTB - Bình Thuận,(BTH) Hàm Tân,Hàng Tồn,2026-09-01 - Thứ 3,90,95.56%,46.67%,7.78%,45.05,42,7,86,7,41,4,4.44%,45.55%,0,Bình Thuận,NTB,AM Thủy
NTB - Bình Thuận,(BTH) Hàm Tân,Hàng Tồn,2026-09-08 - Thứ 3,88,98.86%,48.86%,2.27%,40.63,43,2,87,2,43,1,1.14%,48.87%,0,Bình Thuận,NTB,AM Thủy
NTB - Bình Thuận,(BTH) Hàm Tân,Hàng Tồn,2026-08-20 - Thứ 5,92,95.65%,46.74%,13.04%,30.63,43,12,88,12,37,4,4.35%,40.22%,0,Bình Thuận,NTB,AM Thủy
NTB - Bình Thuận,(BTH) Hàm Tân,Hàng Tồn,2026-08-31 - Thứ 2,93,100.00%,49.46%,6.45%,58.65,46,6,93,6,41,0,0.00%,44.09%,0,Bình Thuận,NTB,AM Thủy
NTB - Bình Thuận,(BTH) Hàm Tân,Hàng Tồn,2026-08-28 - Thứ 6,110,97.27%,45.45%,5.45%,49.98,50,6,107,6,54,3,2.73%,49.10%,0,Bình Thuận,NTB,AM Thủy
NTB - Bình Thuận,(BTH) Hàm Tân,Hàng Tồn,2026-08-17 - Thứ 2,112,100.00%,58.93%,8.93%,31.56,66,10,112,10,36,0,0.00%,32.14%,0,Bình Thuận,NTB,AM Thủy
NTB - Bình Thuận,(BTH) Hàm Thắng,Hàng Mới Ca 1,2026-08-27 - Thứ 5,115,99.13%,90.43%,0.00%,10.92,104,0,114,0,11,1,0.87%,9.57%,115,Bình Thuận,NTB,AM Khánh
NTB - Bình Thuận,(BTH) Hàm Thắng,Hàng Mới Ca 1,2026-08-25 - Thứ 3,93,98.92%,94.62%,0.00%,6.67,88,0,92,0,5,1,1.08%,5.38%,93,Bình Thuận,NTB,AM Khánh
NTB - Bình Thuận,(BTH) Hàm Thắng,Hàng Mới Ca 1,2026-09-12 - Thứ 7,91,100.00%,87.91%,0.00%,10.25,80,0,91,0,11,0,0.00%,12.09%,91,Bình Thuận,NTB,AM Khánh
NTB - Bình Thuận,(BTH) Hàm Thắng,Hàng Mới Ca 1,2026-09-10 - Thứ 5,90,100.00%,86.67%,0.00%,7.42,78,0,90,0,12,0,0.00%,13.33%,90,Bình Thuận,NTB,AM Khánh
NTB - Bình Thuận,(BTH) Hàm Thắng,Hàng Mới Ca 1,2026-08-18 - Thứ 3,91,100.00%,94.51%,0.00%,7.38,86,0,91,0,5,0,0.00%,5.49%,91,Bình Thuận,NTB,AM Khánh
NTB - Bình Thuận,(BTH) Hàm Thắng,Hàng Mới Ca 1,2026-09-13 - Chủ Nhật,86,100.00%,93.02%,0.00%,8.09,80,0,86,0,6,0,0.00%,6.98%,86,Bình Thuận,NTB,AM Khánh
NTB - Bình Thuận,(BTH) Hàm Thắng,Hàng Mới Ca 1,2026-09-01 - Thứ 3,86,100.00%,90.70%,0.00%,7.82,78,0,86,0,8,0,0.00%,9.30%,86,Bình Thuận,NTB,AM Khánh
NTB - Bình Thuận,(BTH) Hàm Thắng,Hàng Mới Ca 1,2026-09-03 - Thứ 5,39,100.00%,92.31%,0.00%,6.75,36,0,39,0,3,0,0.00%,7.69%,39,Bình Thuận,NTB,AM Khánh
NTB - Bình Thuận,(BTH) Hàm Thắng,Hàng Mới Ca 1,2026-09-02 - Thứ 4,44,100.00%,84.09%,0.00%,7.3,37,0,44,0,7,0,0.00%,15.91%,44,Bình Thuận,NTB,AM Khánh
NTB - Bình Thuận,(BTH) Hàm Thắng,Hàng Mới Ca 1,2026-09-09 - Thứ 4,43,100.00%,88.37%,0.00%,6.37,38,0,43,0,5,0,0.00%,11.63%,43,Bình Thuận,NTB,AM Khánh
NTB - Bình Thuận,(BTH) Hàm Thắng,Hàng Mới Ca 1,2026-08-29 - Thứ 7,52,100.00%,84.62%,0.00%,6.23,44,0,52,0,8,0,0.00%,15.38%,52,Bình Thuận,NTB,AM Khánh
NTB - Bình Thuận,(BTH) Hàm Thắng,Hàng Mới Ca 1,2026-09-06 - Chủ Nhật,57,98.25%,80.70%,0.00%,7.11,46,0,56,0,11,1,1.75%,19.30%,57,Bình Thuận,NTB,AM Khánh
NTB - Bình Thuận,(BTH) Hàm Thắng,Hàng Mới Ca 1,2026-08-19 - Thứ 4,51,100.00%,92.16%,0.00%,7.49,47,0,51,0,4,0,0.00%,7.84%,51,Bình Thuận,NTB,AM Khánh
NTB - Bình Thuận,(BTH) Hàm Thắng,Hàng Mới Ca 1,2026-08-26 - Thứ 4,60,100.00%,88.33%,0.00%,6.81,53,0,60,0,7,0,0.00%,11.67%,60,Bình Thuận,NTB,AM Khánh
NTB - Bình Thuận,(BTH) Hàm Thắng,Hàng Mới Ca 1,2026-09-04 - Thứ 6,58,100.00%,94.83%,0.00%,7.93,55,0,58,0,3,0,0.00%,5.17%,58,Bình Thuận,NTB,AM Khánh
NTB - Bình Thuận,(BTH) Hàm Thắng,Hàng Mới Ca 1,2026-08-31 - Thứ 2,61,100.00%,91.80%,0.00%,7.98,56,0,61,0,5,0,0.00%,8.20%,61,Bình Thuận,NTB,AM Khánh
NTB - Bình Thuận,(BTH) Hàm Thắng,Hàng Mới Ca 1,2026-08-28 - Thứ 6,60,100.00%,93.33%,0.00%,7.02,56,0,60,0,4,0,0.00%,6.67%,60,Bình Thuận,NTB,AM Khánh
NTB - Bình Thuận,(BTH) Hàm Thắng,Hàng Mới Ca 1,2026-09-07 - Thứ 2,63,98.41%,88.89%,0.00%,12.09,56,0,62,0,7,1,1.59%,11.11%,63,Bình Thuận,NTB,AM Khánh
NTB - Bình Thuận,(BTH) Hàm Thắng,Hàng Mới Ca 1,2026-08-20 - Thứ 5,60,100.00%,96.67%,0.00%,7.31,58,0,60,0,2,0,0.00%,3.33%,60,Bình Thuận,NTB,AM Khánh
NTB - Bình Thuận,(BTH) Hàm Thắng,Hàng Mới Ca 1,2026-09-05 - Thứ 7,63,100.00%,92.06%,0.00%,8.07,58,0,63,0,5,0,0.00%,7.94%,63,Bình Thuận,NTB,AM Khánh
NTB - Bình Thuận,(BTH) Hàm Thắng,Hàng Mới Ca 1,2026-08-22 - Thứ 7,65,100.00%,89.23%,0.00%,7.14,58,0,65,0,7,0,0.00%,10.77%,65,Bình Thuận,NTB,AM Khánh
NTB - Bình Thuận,(BTH) Hàm Thắng,Hàng Mới Ca 1,2026-08-21 - Thứ 6,63,100.00%,93.65%,0.00%,6.92,59,0,63,0,4,0,0.00%,6.35%,63,Bình Thuận,NTB,AM Khánh
NTB - Bình Thuận,(BTH) Hàm Thắng,Hàng Mới Ca 1,2026-08-23 - Chủ Nhật,67,100.00%,94.03%,0.00%,7.35,63,0,67,0,4,0,0.00%,5.97%,67,Bình Thuận,NTB,AM Khánh
NTB - Bình Thuận,(BTH) Hàm Thắng,Hàng Mới Ca 1,2026-08-30 - Chủ Nhật,77,98.70%,83.12%,0.00%,7.19,64,0,76,0,13,1,1.30%,16.88%,77,Bình Thuận,NTB,AM Khánh
NTB - Bình Thuận,(BTH) Hàm Thắng,Hàng Mới Ca 1,2026-09-08 - Thứ 3,81,98.77%,87.65%,0.00%,7.15,71,0,80,0,10,1,1.23%,12.35%,81,Bình Thuận,NTB,AM Khánh
NTB - Bình Thuận,(BTH) Hàm Thắng,Hàng Mới Ca 1,2026-09-11 - Thứ 6,75,100.00%,94.67%,0.00%,13.77,71,0,75,0,4,0,0.00%,5.33%,75,Bình Thuận,NTB,AM Khánh
NTB - Bình Thuận,(BTH) Hàm Thắng,Hàng Mới Ca 1,2026-08-24 - Thứ 2,82,100.00%,86.59%,0.00%,6.73,71,0,82,0,11,0,0.00%,13.41%,82,Bình Thuận,NTB,AM Khánh
NTB - Bình Thuận,(BTH) Hàm Thắng,Hàng Mới Ca 1,2026-08-17 - Thứ 2,83,98.80%,90.36%,0.00%,7.31,75,0,82,0,8,1,1.20%,9.64%,83,Bình Thuận,NTB,AM Khánh
NTB - Bình Thuận,(BTH) Hàm Thắng,Hàng Mới Ca 2,2026-08-20 - Thứ 5,98,86.73%,75.51%,0.00%,5.22,74,0,85,0,24,13,13.27%,24.49%,98,Bình Thuận,NTB,AM Khánh
NTB - Bình Thuận,(BTH) Hàm Thắng,Hàng Mới Ca 2,2026-09-06 - Chủ Nhật,129,79.07%,63.57%,0.00%,4.06,82,0,102,0,47,27,20.93%,36.43%,129,Bình Thuận,NTB,AM Khánh
NTB - Bình Thuận,(BTH) Hàm Thắng,Hàng Mới Ca 2,2026-08-19 - Thứ 4,132,77.27%,68.94%,0.00%,4.33,91,0,102,0,41,30,22.73%,31.06%,132,Bình Thuận,NTB,AM Khánh
NTB - Bình Thuận,(BTH) Hàm Thắng,Hàng Mới Ca 2,2026-08-25 - Thứ 3,101,93.07%,86.14%,0.00%,4.59,87,0,94,0,14,7,6.93%,13.86%,101,Bình Thuận,NTB,AM Khánh
NTB - Bình Thuận,(BTH) Hàm Thắng,Hàng Mới Ca 2,2026-09-13 - Chủ Nhật,40,82.50%,60.00%,0.00%,4.67,24,0,33,0,16,7,17.50%,40.00%,40,Bình Thuận,NTB,AM Khánh
NTB - Bình Thuận,(BTH) Hàm Thắng,Hàng Mới Ca 2,2026-09-03 - Thứ 5,42,88.10%,59.52%,0.00%,4.96,25,0,37,0,17,5,11.90%,40.48%,42,Bình Thuận,NTB,AM Khánh
NTB - Bình Thuận,(BTH) Hàm Thắng,Hàng Mới Ca 2,2026-09-12 - Thứ 7,47,80.85%,68.09%,0.00%,4.94,32,0,38,0,15,9,19.15%,31.91%,47,Bình Thuận,NTB,AM Khánh
NTB - Bình Thuận,(BTH) Hàm Thắng,Hàng Mới Ca 2,2026-08-31 - Thứ 2,63,69.84%,52.38%,0.00%,4.64,33,0,44,0,30,19,30.16%,47.62%,63,Bình Thuận,NTB,AM Khánh
NTB - Bình Thuận,(BTH) Hàm Thắng,Hàng Mới Ca 2,2026-09-07 - Thứ 2,46,95.65%,78.26%,0.00%,4.69,36,0,44,0,10,2,4.35%,21.74%,46,Bình Thuận,NTB,AM Khánh
NTB - Bình Thuận,(BTH) Hàm Thắng,Hàng Mới Ca 2,2026-08-24 - Thứ 2,46,86.96%,78.26%,0.00%,4.97,36,0,40,0,10,6,13.04%,21.74%,46,Bình Thuận,NTB,AM Khánh
NTB - Bình Thuận,(BTH) Hàm Thắng,Hàng Mới Ca 2,2026-09-01 - Thứ 3,48,91.67%,85.42%,0.00%,5.2,41,0,44,0,7,4,8.33%,14.58%,48,Bình Thuận,NTB,AM Khánh
NTB - Bình Thuận,(BTH) Hàm Thắng,Hàng Mới Ca 2,2026-08-29 - Thứ 7,49,89.80%,87.76%,0.00%,4.42,43,0,44,0,6,5,10.20%,12.24%,49,Bình Thuận,NTB,AM Khánh
NTB - Bình Thuận,(BTH) Hàm Thắng,Hàng Mới Ca 2,2026-08-23 - Chủ Nhật,63,77.78%,71.43%,0.00%,4,45,0,49,0,18,14,22.22%,28.57%,63,Bình Thuận,NTB,AM Khánh
NTB - Bình Thuận,(BTH) Hàm Thắng,Hàng Mới Ca 2,2026-08-17 - Thứ 2,50,96.00%,94.00%,0.00%,4.74,47,0,48,0,3,2,4.00%,6.00%,50,Bình Thuận,NTB,AM Khánh
NTB - Bình Thuận,(BTH) Hàm Thắng,Hàng Mới Ca 2,2026-09-02 - Thứ 4,66,86.36%,72.73%,0.00%,4.42,48,0,57,0,18,9,13.64%,27.27%,66,Bình Thuận,NTB,AM Khánh
NTB - Bình Thuận,(BTH) Hàm Thắng,Hàng Mới Ca 2,2026-08-30 - Chủ Nhật,69,88.41%,72.46%,0.00%,3.5,50,0,61,0,19,8,11.59%,27.54%,69,Bình Thuận,NTB,AM Khánh
NTB - Bình Thuận,(BTH) Hàm Thắng,Hàng Mới Ca 2,2026-09-04 - Thứ 6,60,88.33%,83.33%,0.00%,4.44,50,0,53,0,10,7,11.67%,16.67%,60,Bình Thuận,NTB,AM Khánh
NTB - Bình Thuận,(BTH) Hàm Thắng,Hàng Mới Ca 2,2026-09-11 - Thứ 6,69,86.96%,75.36%,0.00%,3.77,52,0,60,0,17,9,13.04%,24.64%,69,Bình Thuận,NTB,AM Khánh
NTB - Bình Thuận,(BTH) Hàm Thắng,Hàng Mới Ca 2,2026-08-27 - Thứ 5,72,91.67%,76.39%,0.00%,4,55,0,66,0,17,6,8.33%,23.61%,72,Bình Thuận,NTB,AM Khánh
NTB - Bình Thuận,(BTH) Hàm Thắng,Hàng Mới Ca 2,2026-08-21 - Thứ 6,66,92.42%,83.33%,0.00%,4.93,55,0,61,0,11,5,7.58%,16.67%,66,Bình Thuận,NTB,AM Khánh
NTB - Bình Thuận,(BTH) Hàm Thắng,Hàng Mới Ca 2,2026-09-08 - Thứ 3,73,89.04%,79.45%,0.00%,5,58,0,65,0,15,8,10.96%,20.55%,73,Bình Thuận,NTB,AM Khánh
NTB - Bình Thuận,(BTH) Hàm Thắng,Hàng Mới Ca 2,2026-08-28 - Thứ 6,86,80.23%,67.44%,0.00%,4.22,58,0,69,0,28,17,19.77%,32.56%,86,Bình Thuận,NTB,AM Khánh
NTB - Bình Thuận,(BTH) Hàm Thắng,Hàng Mới Ca 2,2026-08-18 - Thứ 3,81,80.25%,75.31%,0.00%,4.59,61,0,65,0,20,16,19.75%,24.69%,81,Bình Thuận,NTB,AM Khánh
NTB - Bình Thuận,(BTH) Hàm Thắng,Hàng Mới Ca 2,2026-09-09 - Thứ 4,77,90.91%,84.42%,0.00%,4.42,65,0,70,0,12,7,9.09%,15.58%,77,Bình Thuận,NTB,AM Khánh
NTB - Bình Thuận,(BTH) Hàm Thắng,Hàng Mới Ca 2,2026-09-10 - Thứ 5,88,88.64%,77.27%,0.00%,4.84,68,0,78,0,20,10,11.36%,22.73%,88,Bình Thuận,NTB,AM Khánh
NTB - Bình Thuận,(BTH) Hàm Thắng,Hàng Mới Ca 2,2026-08-26 - Thứ 4,86,94.19%,79.07%,0.00%,4.91,68,0,81,0,18,5,5.81%,20.93%,86,Bình Thuận,NTB,AM Khánh
NTB - Bình Thuận,(BTH) Hàm Thắng,Hàng Mới Ca 2,2026-08-22 - Thứ 7,87,88.51%,81.61%,0.00%,4.77,71,0,77,0,16,10,11.49%,18.39%,87,Bình Thuận,NTB,AM Khánh
NTB - Bình Thuận,(BTH) Hàm Thắng,Hàng Mới Ca 2,2026-09-05 - Thứ 7,92,92.39%,79.35%,0.00%,4.03,73,0,85,0,19,7,7.61%,20.65%,92,Bình Thuận,NTB,AM Khánh
NTB - Bình Thuận,(BTH) Hàm Thắng,Hàng Tồn,2026-08-18 - Thứ 3,22,95.45%,27.27%,0.00%,30,6,0,21,0,16,1,4.55%,72.73%,0,Bình Thuận,NTB,AM Khánh
NTB - Bình Thuận,(BTH) Hàm Thắng,Hàng Tồn,2026-08-30 - Chủ Nhật,29,96.55%,24.14%,3.45%,37.57,7,1,28,1,21,1,3.45%,72.41%,0,Bình Thuận,NTB,AM Khánh
NTB - Bình Thuận,(BTH) Hàm Thắng,Hàng Tồn,2026-09-05 - Thứ 7,21,100.00%,52.38%,4.76%,32.09,11,1,21,1,9,0,0.00%,42.86%,0,Bình Thuận,NTB,AM Khánh
NTB - Bình Thuận,(BTH) Hàm Thắng,Hàng Tồn,2026-08-22 - Thứ 7,26,100.00%,42.31%,0.00%,46.64,11,0,26,0,15,0,0.00%,57.69%,0,Bình Thuận,NTB,AM Khánh
NTB - Bình Thuận,(BTH) Hàm Thắng,Hàng Tồn,2026-09-02 - Thứ 4,28,100.00%,42.86%,17.86%,30.75,12,5,28,5,11,0,0.00%,39.28%,0,Bình Thuận,NTB,AM Khánh
NTB - Bình Thuận,(BTH) Hàm Thắng,Hàng Tồn,2026-09-10 - Thứ 5,31,96.77%,41.94%,6.45%,41.31,13,2,30,2,16,1,3.23%,51.61%,0,Bình Thuận,NTB,AM Khánh
NTB - Bình Thuận,(BTH) Hàm Thắng,Hàng Tồn,2026-09-06 - Chủ Nhật,27,96.30%,51.85%,7.41%,32.07,14,2,26,2,11,1,3.70%,40.74%,0,Bình Thuận,NTB,AM Khánh
NTB - Bình Thuận,(BTH) Hàm Thắng,Hàng Tồn,2026-08-23 - Chủ Nhật,37,86.49%,37.84%,2.70%,37.36,14,1,32,1,22,5,13.51%,59.46%,0,Bình Thuận,NTB,AM Khánh
NTB - Bình Thuận,(BTH) Hàm Thắng,Hàng Tồn,2026-09-08 - Thứ 3,31,100.00%,51.61%,0.00%,43.88,16,0,31,0,15,0,0.00%,48.39%,0,Bình Thuận,NTB,AM Khánh
NTB - Bình Thuận,(BTH) Hàm Thắng,Hàng Tồn,2026-08-27 - Thứ 5,35,100.00%,45.71%,0.00%,31,16,0,35,0,19,0,0.00%,54.29%,0,Bình Thuận,NTB,AM Khánh
NTB - Bình Thuận,(BTH) Hàm Thắng,Hàng Tồn,2026-09-12 - Thứ 7,37,97.30%,43.24%,10.81%,42.94,16,4,36,4,17,1,2.70%,45.95%,0,Bình Thuận,NTB,AM Khánh
NTB - Bình Thuận,(BTH) Hàm Thắng,Hàng Tồn,2026-08-26 - Thứ 4,30,100.00%,53.33%,3.33%,33,16,1,30,1,13,0,0.00%,43.34%,0,Bình Thuận,NTB,AM Khánh
NTB - Bình Thuận,(BTH) Hàm Thắng,Hàng Tồn,2026-08-25 - Thứ 3,29,100.00%,58.62%,3.45%,41.06,17,1,29,1,11,0,0.00%,37.93%,0,Bình Thuận,NTB,AM Khánh
NTB - Bình Thuận,(BTH) Hàm Thắng,Hàng Tồn,2026-08-17 - Thứ 2,43,79.07%,44.19%,6.98%,34.37,19,3,34,3,21,9,20.93%,48.83%,0,Bình Thuận,NTB,AM Khánh
NTB - Bình Thuận,(BTH) Hàm Thắng,Hàng Tồn,2026-09-04 - Thứ 6,31,100.00%,61.29%,0.00%,41,19,0,31,0,12,0,0.00%,38.71%,0,Bình Thuận,NTB,AM Khánh
NTB - Bình Thuận,(BTH) Hàm Thắng,Hàng Tồn,2026-09-09 - Thứ 4,38,100.00%,52.63%,2.63%,30.5,20,1,38,1,17,0,0.00%,44.74%,0,Bình Thuận,NTB,AM Khánh
NTB - Bình Thuận,(BTH) Hàm Thắng,Hàng Tồn,2026-08-31 - Thứ 2,39,92.31%,51.28%,0.00%,38.85,20,0,36,0,19,3,7.69%,48.72%,0,Bình Thuận,NTB,AM Khánh
NTB - Bình Thuận,(BTH) Hàm Thắng,Hàng Tồn,2026-08-21 - Thứ 6,34,97.06%,58.82%,0.00%,28.9,20,0,33,0,14,1,2.94%,41.18%,0,Bình Thuận,NTB,AM Khánh
NTB - Bình Thuận,(BTH) Hàm Thắng,Hàng Tồn,2026-08-19 - Thứ 4,36,97.22%,58.33%,8.33%,30.9,21,3,35,3,12,1,2.78%,33.34%,0,Bình Thuận,NTB,AM Khánh
NTB - Bình Thuận,(BTH) Hàm Thắng,Hàng Tồn,2026-09-03 - Thứ 5,40,100.00%,52.50%,5.00%,46.19,21,2,40,2,17,0,0.00%,42.50%,0,Bình Thuận,NTB,AM Khánh
NTB - Bình Thuận,(BTH) Hàm Thắng,Hàng Tồn,2026-09-13 - Chủ Nhật,40,97.50%,52.50%,5.00%,36.33,21,2,39,2,17,1,2.50%,42.50%,0,Bình Thuận,NTB,AM Khánh
NTB - Bình Thuận,(BTH) Hàm Thắng,Hàng Tồn,2026-08-28 - Thứ 6,40,100.00%,57.50%,5.00%,36.96,23,2,40,2,15,0,0.00%,37.50%,0,Bình Thuận,NTB,AM Khánh
NTB - Bình Thuận,(BTH) Hàm Thắng,Hàng Tồn,2026-08-24 - Thứ 2,41,100.00%,63.41%,2.44%,38.08,26,1,41,1,14,0,0.00%,34.15%,0,Bình Thuận,NTB,AM Khánh
NTB - Bình Thuận,(BTH) Hàm Thắng,Hàng Tồn,2026-08-29 - Thứ 7,48,100.00%,58.33%,2.08%,30.61,28,1,48,1,19,0,0.00%,39.59%,0,Bình Thuận,NTB,AM Khánh
NTB - Bình Thuận,(BTH) Hàm Thắng,Hàng Tồn,2026-09-11 - Thứ 6,48,100.00%,60.42%,2.08%,34.55,29,1,48,1,18,0,0.00%,37.50%,0,Bình Thuận,NTB,AM Khánh
NTB - Bình Thuận,(BTH) Hàm Thắng,Hàng Tồn,2026-09-01 - Thứ 3,58,100.00%,62.07%,3.45%,34.47,36,2,58,2,20,0,0.00%,34.48%,0,Bình Thuận,NTB,AM Khánh
NTB - Bình Thuận,(BTH) Hàm Thắng,Hàng Tồn,2026-08-20 - Thứ 5,55,98.18%,72.73%,3.64%,30.15,40,2,54,2,13,1,1.82%,23.63%,0,Bình Thuận,NTB,AM Khánh
NTB - Bình Thuận,(BTH) Hàm Thắng,Hàng Tồn,2026-09-07 - Thứ 2,65,96.92%,75.38%,0.00%,28.33,49,0,63,0,16,2,3.08%,24.62%,0,Bình Thuận,NTB,AM Khánh
NTB - Bình Thuận,(BTH) Hàm Thuận Nam,Hàng Mới Ca 1,2026-08-19 - Thứ 4,19,100.00%,73.68%,0.00%,5,14,0,19,0,5,0,0.00%,26.32%,19,Bình Thuận,NTB,AM Thủy
NTB - Bình Thuận,(BTH) Hàm Thuận Nam,Hàng Mới Ca 1,2026-09-09 - Thứ 4,18,100.00%,88.89%,0.00%,2.81,16,0,18,0,2,0,0.00%,11.11%,18,Bình Thuận,NTB,AM Thủy
NTB - Bình Thuận,(BTH) Hàm Thuận Nam,Hàng Mới Ca 1,2026-09-03 - Thứ 5,17,100.00%,94.12%,0.00%,6.13,16,0,17,0,1,0,0.00%,5.88%,17,Bình Thuận,NTB,AM Thủy
NTB - Bình Thuận,(BTH) Hàm Thuận Nam,Hàng Mới Ca 1,2026-09-02 - Thứ 4,20,100.00%,90.00%,0.00%,5.17,18,0,20,0,2,0,0.00%,10.00%,20,Bình Thuận,NTB,AM Thủy
NTB - Bình Thuận,(BTH) Hàm Thuận Nam,Hàng Mới Ca 1,2026-08-21 - Thứ 6,20,100.00%,90.00%,0.00%,4.67,18,0,20,0,2,0,0.00%,10.00%,20,Bình Thuận,NTB,AM Thủy
NTB - Bình Thuận,(BTH) Hàm Thuận Nam,Hàng Mới Ca 1,2026-08-20 - Thứ 5,22,100.00%,86.36%,0.00%,5.68,19,0,22,0,3,0,0.00%,13.64%,22,Bình Thuận,NTB,AM Thủy
NTB - Bình Thuận,(BTH) Hàm Thuận Nam,Hàng Mới Ca 1,2026-08-17 - Thứ 2,21,100.00%,90.48%,0.00%,6.32,19,0,21,0,2,0,0.00%,9.52%,21,Bình Thuận,NTB,AM Thủy
NTB - Bình Thuận,(BTH) Hàm Thuận Nam,Hàng Mới Ca 1,2026-08-22 - Thứ 7,20,100.00%,95.00%,0.00%,4.53,19,0,20,0,1,0,0.00%,5.00%,20,Bình Thuận,NTB,AM Thủy
NTB - Bình Thuận,(BTH) Hàm Thuận Nam,Hàng Mới Ca 1,2026-08-26 - Thứ 4,23,100.00%,91.30%,0.00%,5.1,21,0,23,0,2,0,0.00%,8.70%,23,Bình Thuận,NTB,AM Thủy
NTB - Bình Thuận,(BTH) Hàm Thuận Nam,Hàng Mới Ca 1,2026-08-23 - Chủ Nhật,34,100.00%,76.47%,0.00%,5.65,26,0,34,0,8,0,0.00%,23.53%,34,Bình Thuận,NTB,AM Thủy
NTB - Bình Thuận,(BTH) Hàm Thuận Nam,Hàng Mới Ca 1,2026-08-18 - Thứ 3,28,100.00%,92.86%,3.57%,5.81,26,1,28,1,1,0,0.00%,3.57%,28,Bình Thuận,NTB,AM Thủy
NTB - Bình Thuận,(BTH) Hàm Thuận Nam,Hàng Mới Ca 1,2026-09-07 - Thứ 2,30,100.00%,86.67%,0.00%,4.5,26,0,30,0,4,0,0.00%,13.33%,30,Bình Thuận,NTB,AM Thủy
NTB - Bình Thuận,(BTH) Hàm Thuận Nam,Hàng Mới Ca 1,2026-09-11 - Thứ 6,31,96.77%,83.87%,0.00%,5.42,26,0,30,0,5,1,3.23%,16.13%,31,Bình Thuận,NTB,AM Thủy
NTB - Bình Thuận,(BTH) Hàm Thuận Nam,Hàng Mới Ca 1,2026-08-24 - Thứ 2,28,100.00%,92.86%,0.00%,4.77,26,0,28,0,2,0,0.00%,7.14%,28,Bình Thuận,NTB,AM Thủy
NTB - Bình Thuận,(BTH) Hàm Thuận Nam,Hàng Mới Ca 1,2026-09-04 - Thứ 6,27,100.00%,96.30%,0.00%,4.31,26,0,27,0,1,0,0.00%,3.70%,27,Bình Thuận,NTB,AM Thủy
NTB - Bình Thuận,(BTH) Hàm Thuận Nam,Hàng Mới Ca 1,2026-08-28 - Thứ 6,32,100.00%,81.25%,0.00%,4.92,26,0,32,0,6,0,0.00%,18.75%,32,Bình Thuận,NTB,AM Thủy
NTB - Bình Thuận,(BTH) Hàm Thuận Nam,Hàng Mới Ca 1,2026-09-13 - Chủ Nhật,38,84.21%,71.05%,0.00%,5.04,27,0,32,0,11,6,15.79%,28.95%,38,Bình Thuận,NTB,AM Thủy
NTB - Bình Thuận,(BTH) Hàm Thuận Nam,Hàng Mới Ca 1,2026-08-31 - Thứ 2,33,100.00%,84.85%,0.00%,4.64,28,0,33,0,5,0,0.00%,15.15%,33,Bình Thuận,NTB,AM Thủy
NTB - Bình Thuận,(BTH) Hàm Thuận Nam,Hàng Mới Ca 1,2026-09-06 - Chủ Nhật,36,100.00%,86.11%,0.00%,4.42,31,0,36,0,5,0,0.00%,13.89%,36,Bình Thuận,NTB,AM Thủy
NTB - Bình Thuận,(BTH) Hàm Thuận Nam,Hàng Mới Ca 1,2026-09-08 - Thứ 3,38,100.00%,84.21%,0.00%,5.75,32,0,38,0,6,0,0.00%,15.79%,38,Bình Thuận,NTB,AM Thủy
NTB - Bình Thuận,(BTH) Hàm Thuận Nam,Hàng Mới Ca 1,2026-09-01 - Thứ 3,44,100.00%,75.00%,0.00%,5.24,33,0,44,0,11,0,0.00%,25.00%,44,Bình Thuận,NTB,AM Thủy
NTB - Bình Thuận,(BTH) Hàm Thuận Nam,Hàng Mới Ca 1,2026-08-25 - Thứ 3,35,100.00%,94.29%,0.00%,6.61,33,0,35,0,2,0,0.00%,5.71%,35,Bình Thuận,NTB,AM Thủy
NTB - Bình Thuận,(BTH) Hàm Thuận Nam,Hàng Mới Ca 1,2026-09-10 - Thứ 5,44,100.00%,84.09%,0.00%,5.16,37,0,44,0,7,0,0.00%,15.91%,44,Bình Thuận,NTB,AM Thủy
NTB - Bình Thuận,(BTH) Hàm Thuận Nam,Hàng Mới Ca 1,2026-08-30 - Chủ Nhật,48,100.00%,81.25%,0.00%,5.33,39,0,48,0,9,0,0.00%,18.75%,48,Bình Thuận,NTB,AM Thủy
NTB - Bình Thuận,(BTH) Hàm Thuận Nam,Hàng Mới Ca 1,2026-09-05 - Thứ 7,45,100.00%,88.89%,0.00%,5.58,40,0,45,0,5,0,0.00%,11.11%,45,Bình Thuận,NTB,AM Thủy
NTB - Bình Thuận,(BTH) Hàm Thuận Nam,Hàng Mới Ca 1,2026-08-29 - Thứ 7,51,100.00%,92.16%,0.00%,5.64,47,0,51,0,4,0,0.00%,7.84%,51,Bình Thuận,NTB,AM Thủy
NTB - Bình Thuận,(BTH) Hàm Thuận Nam,Hàng Mới Ca 1,2026-09-12 - Thứ 7,53,100.00%,88.68%,0.00%,6.3,47,0,53,0,6,0,0.00%,11.32%,53,Bình Thuận,NTB,AM Thủy
NTB - Bình Thuận,(BTH) Hàm Thuận Nam,Hàng Mới Ca 1,2026-08-27 - Thứ 5,57,100.00%,87.72%,0.00%,5.56,50,0,57,0,7,0,0.00%,12.28%,57,Bình Thuận,NTB,AM Thủy
NTB - Bình Thuận,(BTH) Hàm Thuận Nam,Hàng Mới Ca 2,2026-09-12 - Thứ 7,10,100.00%,70.00%,0.00%,3,7,0,10,0,3,0,0.00%,30.00%,10,Bình Thuận,NTB,AM Thủy
NTB - Bình Thuận,(BTH) Hàm Thuận Nam,Hàng Mới Ca 2,2026-09-03 - Thứ 5,17,76.47%,58.82%,0.00%,4.4,10,0,13,0,7,4,23.53%,41.18%,17,Bình Thuận,NTB,AM Thủy
NTB - Bình Thuận,(BTH) Hàm Thuận Nam,Hàng Mới Ca 2,2026-09-01 - Thứ 3,32,68.75%,34.38%,0.00%,4.09,11,0,22,0,21,10,31.25%,65.62%,32,Bình Thuận,NTB,AM Thủy
NTB - Bình Thuận,(BTH) Hàm Thuận Nam,Hàng Mới Ca 2,2026-08-17 - Thứ 2,26,84.62%,46.15%,0.00%,3.08,12,0,22,0,14,4,15.38%,53.85%,26,Bình Thuận,NTB,AM Thủy
NTB - Bình Thuận,(BTH) Hàm Thuận Nam,Hàng Mới Ca 2,2026-09-13 - Chủ Nhật,22,72.73%,59.09%,0.00%,3,13,0,16,0,9,6,27.27%,40.91%,22,Bình Thuận,NTB,AM Thủy
NTB - Bình Thuận,(BTH) Hàm Thuận Nam,Hàng Mới Ca 2,2026-09-09 - Thứ 4,30,86.67%,50.00%,0.00%,2.8,15,0,26,0,15,4,13.33%,50.00%,30,Bình Thuận,NTB,AM Thủy
NTB - Bình Thuận,(BTH) Hàm Thuận Nam,Hàng Mới Ca 2,2026-09-07 - Thứ 2,26,100.00%,61.54%,0.00%,3.38,16,0,26,0,10,0,0.00%,38.46%,26,Bình Thuận,NTB,AM Thủy
NTB - Bình Thuận,(BTH) Hàm Thuận Nam,Hàng Mới Ca 2,2026-08-29 - Thứ 7,25,100.00%,68.00%,0.00%,2.59,17,0,25,0,8,0,0.00%,32.00%,25,Bình Thuận,NTB,AM Thủy
NTB - Bình Thuận,(BTH) Hàm Thuận Nam,Hàng Mới Ca 2,2026-08-31 - Thứ 2,30,83.33%,56.67%,0.00%,2.18,17,0,25,0,13,5,16.67%,43.33%,30,Bình Thuận,NTB,AM Thủy
NTB - Bình Thuận,(BTH) Hàm Thuận Nam,Hàng Mới Ca 2,2026-08-30 - Chủ Nhật,32,84.38%,56.25%,0.00%,3.5,18,0,27,0,14,5,15.62%,43.75%,32,Bình Thuận,NTB,AM Thủy
NTB - Bình Thuận,(BTH) Hàm Thuận Nam,Hàng Mới Ca 2,2026-09-10 - Thứ 5,30,90.00%,60.00%,0.00%,3.83,18,0,27,0,12,3,10.00%,40.00%,30,Bình Thuận,NTB,AM Thủy
NTB - Bình Thuận,(BTH) Hàm Thuận Nam,Hàng Mới Ca 2,2026-09-04 - Thứ 6,36,63.89%,52.78%,0.00%,2.16,19,0,23,0,17,13,36.11%,47.22%,36,Bình Thuận,NTB,AM Thủy
NTB - Bình Thuận,(BTH) Hàm Thuận Nam,Hàng Mới Ca 2,2026-09-08 - Thứ 3,32,87.50%,62.50%,0.00%,3.65,20,0,28,0,12,4,12.50%,37.50%,32,Bình Thuận,NTB,AM Thủy
NTB - Bình Thuận,(BTH) Hàm Thuận Nam,Hàng Mới Ca 2,2026-08-21 - Thứ 6,27,100.00%,74.07%,0.00%,3.15,20,0,27,0,7,0,0.00%,25.93%,27,Bình Thuận,NTB,AM Thủy
NTB - Bình Thuận,(BTH) Hàm Thuận Nam,Hàng Mới Ca 2,2026-08-25 - Thứ 3,34,91.18%,64.71%,0.00%,2.82,22,0,31,0,12,3,8.82%,35.29%,34,Bình Thuận,NTB,AM Thủy
NTB - Bình Thuận,(BTH) Hàm Thuận Nam,Hàng Mới Ca 2,2026-08-24 - Thứ 2,32,100.00%,68.75%,0.00%,3.23,22,0,32,0,10,0,0.00%,31.25%,32,Bình Thuận,NTB,AM Thủy
NTB - Bình Thuận,(BTH) Hàm Thuận Nam,Hàng Mới Ca 2,2026-08-22 - Thứ 7,42,88.10%,52.38%,0.00%,3.41,22,0,37,0,20,5,11.90%,47.62%,42,Bình Thuận,NTB,AM Thủy
NTB - Bình Thuận,(BTH) Hàm Thuận Nam,Hàng Mới Ca 2,2026-08-27 - Thứ 5,39,97.44%,61.54%,0.00%,4.17,24,0,38,0,15,1,2.56%,38.46%,39,Bình Thuận,NTB,AM Thủy
NTB - Bình Thuận,(BTH) Hàm Thuận Nam,Hàng Mới Ca 2,2026-09-05 - Thứ 7,37,89.19%,67.57%,0.00%,2.96,25,0,33,0,12,4,10.81%,32.43%,37,Bình Thuận,NTB,AM Thủy
NTB - Bình Thuận,(BTH) Hàm Thuận Nam,Hàng Mới Ca 2,2026-08-26 - Thứ 4,45,77.78%,55.56%,0.00%,3.88,25,0,35,0,20,10,22.22%,44.44%,45,Bình Thuận,NTB,AM Thủy
NTB - Bình Thuận,(BTH) Hàm Thuận Nam,Hàng Mới Ca 2,2026-09-11 - Thứ 6,39,76.92%,64.10%,0.00%,3.28,25,0,30,0,14,9,23.08%,35.90%,39,Bình Thuận,NTB,AM Thủy
NTB - Bình Thuận,(BTH) Hàm Thuận Nam,Hàng Mới Ca 2,2026-08-19 - Thứ 4,53,73.58%,52.83%,0.00%,2.96,28,0,39,0,25,14,26.42%,47.17%,53,Bình Thuận,NTB,AM Thủy
NTB - Bình Thuận,(BTH) Hàm Thuận Nam,Hàng Mới Ca 2,2026-08-28 - Thứ 6,51,88.24%,58.82%,0.00%,3.43,30,0,45,0,21,6,11.76%,41.18%,51,Bình Thuận,NTB,AM Thủy
NTB - Bình Thuận,(BTH) Hàm Thuận Nam,Hàng Mới Ca 2,2026-09-02 - Thứ 4,33,100.00%,93.94%,0.00%,3,31,0,33,0,2,0,0.00%,6.06%,33,Bình Thuận,NTB,AM Thủy
NTB - Bình Thuận,(BTH) Hàm Thuận Nam,Hàng Mới Ca 2,2026-08-23 - Chủ Nhật,56,76.79%,57.14%,0.00%,2.84,32,0,43,0,24,13,23.21%,42.86%,56,Bình Thuận,NTB,AM Thủy
NTB - Bình Thuận,(BTH) Hàm Thuận Nam,Hàng Mới Ca 2,2026-08-18 - Thứ 3,53,90.57%,66.04%,0.00%,3,35,0,48,0,18,5,9.43%,33.96%,53,Bình Thuận,NTB,AM Thủy
NTB - Bình Thuận,(BTH) Hàm Thuận Nam,Hàng Mới Ca 2,2026-09-06 - Chủ Nhật,61,86.89%,63.93%,0.00%,3.13,39,0,53,0,22,8,13.11%,36.07%,61,Bình Thuận,NTB,AM Thủy
NTB - Bình Thuận,(BTH) Hàm Thuận Nam,Hàng Mới Ca 2,2026-08-20 - Thứ 5,73,65.75%,54.79%,0.00%,3.08,40,0,48,0,33,25,34.25%,45.21%,73,Bình Thuận,NTB,AM Thủy
NTB - Bình Thuận,(BTH) Hàm Thuận Nam,Hàng Tồn,2026-09-03 - Thứ 5,16,100.00%,31.25%,0.00%,55.2,5,0,16,0,11,0,0.00%,68.75%,0,Bình Thuận,NTB,AM Thủy
NTB - Bình Thuận,(BTH) Hàm Thuận Nam,Hàng Tồn,2026-09-04 - Thứ 6,18,100.00%,33.33%,11.11%,22,6,2,18,2,10,0,0.00%,55.56%,0,Bình Thuận,NTB,AM Thủy
NTB - Bình Thuận,(BTH) Hàm Thuận Nam,Hàng Tồn,2026-09-13 - Chủ Nhật,17,70.59%,35.29%,0.00%,34.17,6,0,12,0,11,5,29.41%,64.71%,0,Bình Thuận,NTB,AM Thủy
NTB - Bình Thuận,(BTH) Hàm Thuận Nam,Hàng Tồn,2026-08-25 - Thứ 3,21,100.00%,33.33%,0.00%,29.14,7,0,21,0,14,0,0.00%,66.67%,0,Bình Thuận,NTB,AM Thủy
NTB - Bình Thuận,(BTH) Hàm Thuận Nam,Hàng Tồn,2026-08-30 - Chủ Nhật,26,100.00%,30.77%,11.54%,34.25,8,3,26,3,15,0,0.00%,57.69%,0,Bình Thuận,NTB,AM Thủy
NTB - Bình Thuận,(BTH) Hàm Thuận Nam,Hàng Tồn,2026-08-26 - Thứ 4,26,100.00%,42.31%,11.54%,28,11,3,26,3,12,0,0.00%,46.15%,0,Bình Thuận,NTB,AM Thủy
NTB - Bình Thuận,(BTH) Hàm Thuận Nam,Hàng Tồn,2026-09-06 - Chủ Nhật,24,100.00%,45.83%,12.50%,32.18,11,3,24,3,10,0,0.00%,41.67%,0,Bình Thuận,NTB,AM Thủy
NTB - Bình Thuận,(BTH) Hàm Thuận Nam,Hàng Tồn,2026-08-22 - Thứ 7,17,100.00%,70.59%,5.88%,33.58,12,1,17,1,4,0,0.00%,23.53%,0,Bình Thuận,NTB,AM Thủy
NTB - Bình Thuận,(BTH) Hàm Thuận Nam,Hàng Tồn,2026-09-10 - Thứ 5,23,95.65%,56.52%,8.70%,27,13,2,22,2,8,1,4.35%,34.78%,0,Bình Thuận,NTB,AM Thủy
NTB - Bình Thuận,(BTH) Hàm Thuận Nam,Hàng Tồn,2026-09-01 - Thứ 3,30,100.00%,43.33%,3.33%,27.31,13,1,30,1,16,0,0.00%,53.34%,0,Bình Thuận,NTB,AM Thủy
NTB - Bình Thuận,(BTH) Hàm Thuận Nam,Hàng Tồn,2026-09-08 - Thứ 3,23,100.00%,60.87%,4.35%,32.93,14,1,23,1,8,0,0.00%,34.78%,0,Bình Thuận,NTB,AM Thủy
NTB - Bình Thuận,(BTH) Hàm Thuận Nam,Hàng Tồn,2026-09-09 - Thứ 4,25,100.00%,56.00%,4.00%,27.36,14,1,25,1,10,0,0.00%,40.00%,0,Bình Thuận,NTB,AM Thủy
NTB - Bình Thuận,(BTH) Hàm Thuận Nam,Hàng Tồn,2026-08-28 - Thứ 6,32,96.88%,43.75%,9.38%,26.07,14,3,31,3,15,1,3.12%,46.87%,0,Bình Thuận,NTB,AM Thủy
NTB - Bình Thuận,(BTH) Hàm Thuận Nam,Hàng Tồn,2026-08-23 - Chủ Nhật,25,100.00%,60.00%,4.00%,26.93,15,1,25,1,9,0,0.00%,36.00%,0,Bình Thuận,NTB,AM Thủy
NTB - Bình Thuận,(BTH) Hàm Thuận Nam,Hàng Tồn,2026-08-27 - Thứ 5,29,96.55%,55.17%,3.45%,26.38,16,1,28,1,12,1,3.45%,41.38%,0,Bình Thuận,NTB,AM Thủy
NTB - Bình Thuận,(BTH) Hàm Thuận Nam,Hàng Tồn,2026-09-12 - Thứ 7,26,100.00%,61.54%,3.85%,30.88,16,1,26,1,9,0,0.00%,34.61%,0,Bình Thuận,NTB,AM Thủy
NTB - Bình Thuận,(BTH) Hàm Thuận Nam,Hàng Tồn,2026-08-31 - Thứ 2,31,100.00%,51.61%,9.68%,27.5,16,3,31,3,12,0,0.00%,38.71%,0,Bình Thuận,NTB,AM Thủy
NTB - Bình Thuận,(BTH) Hàm Thuận Nam,Hàng Tồn,2026-09-05 - Thứ 7,27,100.00%,59.26%,14.81%,25,16,4,27,4,7,0,0.00%,25.93%,0,Bình Thuận,NTB,AM Thủy
NTB - Bình Thuận,(BTH) Hàm Thuận Nam,Hàng Tồn,2026-08-19 - Thứ 4,28,100.00%,60.71%,7.14%,29.88,17,2,28,2,9,0,0.00%,32.15%,0,Bình Thuận,NTB,AM Thủy
NTB - Bình Thuận,(BTH) Hàm Thuận Nam,Hàng Tồn,2026-08-18 - Thứ 3,28,100.00%,60.71%,0.00%,30.94,17,0,28,0,11,0,0.00%,39.29%,0,Bình Thuận,NTB,AM Thủy
NTB - Bình Thuận,(BTH) Hàm Thuận Nam,Hàng Tồn,2026-09-11 - Thứ 6,25,96.00%,68.00%,0.00%,32.35,17,0,24,0,8,1,4.00%,32.00%,0,Bình Thuận,NTB,AM Thủy
NTB - Bình Thuận,(BTH) Hàm Thuận Nam,Hàng Tồn,2026-08-29 - Thứ 7,42,100.00%,54.76%,7.14%,28.7,23,3,42,3,16,0,0.00%,38.10%,0,Bình Thuận,NTB,AM Thủy
NTB - Bình Thuận,(BTH) Hàm Thuận Nam,Hàng Tồn,2026-08-17 - Thứ 2,39,100.00%,61.54%,5.13%,34.21,24,2,39,2,13,0,0.00%,33.33%,0,Bình Thuận,NTB,AM Thủy
NTB - Bình Thuận,(BTH) Hàm Thuận Nam,Hàng Tồn,2026-09-07 - Thứ 2,37,100.00%,67.57%,0.00%,25.68,25,0,37,0,12,0,0.00%,32.43%,0,Bình Thuận,NTB,AM Thủy
NTB - Bình Thuận,(BTH) Hàm Thuận Nam,Hàng Tồn,2026-09-02 - Thứ 4,46,97.83%,60.87%,8.70%,30.04,28,4,45,4,14,1,2.17%,30.43%,0,Bình Thuận,NTB,AM Thủy
NTB - Bình Thuận,(BTH) Hàm Thuận Nam,Hàng Tồn,2026-08-21 - Thứ 6,36,100.00%,77.78%,0.00%,24.96,28,0,36,0,8,0,0.00%,22.22%,0,Bình Thuận,NTB,AM Thủy
NTB - Bình Thuận,(BTH) Hàm Thuận Nam,Hàng Tồn,2026-08-20 - Thứ 5,38,100.00%,78.95%,7.89%,27.93,30,3,38,3,5,0,0.00%,13.16%,0,Bình Thuận,NTB,AM Thủy
NTB - Bình Thuận,(BTH) Hàm Thuận Nam,Hàng Tồn,2026-08-24 - Thứ 2,41,100.00%,73.17%,2.44%,28.83,30,1,41,1,10,0,0.00%,24.39%,0,Bình Thuận,NTB,AM Thủy
NTB - Bình Thuận,(BTH) Hàm Thuận,Hàng Mới Ca 1,2026-09-08 - Thứ 3,141,100.00%,75.89%,0.00%,8.29,107,0,141,0,34,0,0.00%,24.11%,141,Bình Thuận,NTB,AM Nhựt
NTB - Bình Thuận,(BTH) Hàm Thuận,Hàng Mới Ca 1,2026-08-20 - Thứ 5,128,100.00%,78.91%,0.00%,12.98,101,0,128,0,27,0,0.00%,21.09%,128,Bình Thuận,NTB,AM Nhựt
NTB - Bình Thuận,(BTH) Hàm Thuận,Hàng Mới Ca 1,2026-09-06 - Chủ Nhật,157,86.62%,69.43%,0.00%,8.28,109,0,136,0,48,21,13.38%,30.57%,157,Bình Thuận,NTB,AM Nhựt
NTB - Bình Thuận,(BTH) Hàm Thuận,Hàng Mới Ca 1,2026-08-19 - Thứ 4,84,100.00%,85.71%,0.00%,6.47,72,0,84,0,12,0,0.00%,14.29%,84,Bình Thuận,NTB,AM Nhựt
NTB - Bình Thuận,(BTH) Hàm Thuận,Hàng Mới Ca 1,2026-08-29 - Thứ 7,139,97.84%,82.73%,0.00%,13.2,115,0,136,0,24,3,2.16%,17.27%,139,Bình Thuận,NTB,AM Nhựt
NTB - Bình Thuận,(BTH) Hàm Thuận,Hàng Mới Ca 1,2026-08-17 - Thứ 2,98,100.00%,90.82%,0.00%,7.97,89,0,98,0,9,0,0.00%,9.18%,98,Bình Thuận,NTB,AM Nhựt
NTB - Bình Thuận,(BTH) Hàm Thuận,Hàng Mới Ca 1,2026-08-27 - Thứ 5,187,98.40%,75.40%,0.00%,13.18,141,0,184,0,46,3,1.60%,24.60%,187,Bình Thuận,NTB,AM Nhựt
NTB - Bình Thuận,(BTH) Hàm Thuận,Hàng Mới Ca 1,2026-08-25 - Thứ 3,103,100.00%,85.44%,0.00%,7.78,88,0,103,0,15,0,0.00%,14.56%,103,Bình Thuận,NTB,AM Nhựt
NTB - Bình Thuận,(BTH) Hàm Thuận,Hàng Mới Ca 1,2026-09-12 - Thứ 7,115,99.13%,76.52%,0.00%,10.67,88,0,114,0,27,1,0.87%,23.48%,115,Bình Thuận,NTB,AM Nhựt
NTB - Bình Thuận,(BTH) Hàm Thuận,Hàng Mới Ca 1,2026-09-09 - Thứ 4,101,99.01%,80.20%,0.00%,7.83,81,0,100,0,20,1,0.99%,19.80%,101,Bình Thuận,NTB,AM Nhựt
NTB - Bình Thuận,(BTH) Hàm Thuận,Hàng Mới Ca 1,2026-08-23 - Chủ Nhật,107,99.07%,75.70%,0.00%,12.04,81,0,106,0,26,1,0.93%,24.30%,107,Bình Thuận,NTB,AM Nhựt
NTB - Bình Thuận,(BTH) Hàm Thuận,Hàng Mới Ca 1,2026-08-31 - Thứ 2,144,96.53%,79.17%,0.00%,8.48,114,0,139,0,30,5,3.47%,20.83%,144,Bình Thuận,NTB,AM Nhựt
NTB - Bình Thuận,(BTH) Hàm Thuận,Hàng Mới Ca 1,2026-08-21 - Thứ 6,117,100.00%,78.63%,0.00%,8.02,92,0,117,0,25,0,0.00%,21.37%,117,Bình Thuận,NTB,AM Nhựt
NTB - Bình Thuận,(BTH) Hàm Thuận,Hàng Mới Ca 1,2026-08-18 - Thứ 3,108,100.00%,83.33%,0.00%,7.81,90,0,108,0,18,0,0.00%,16.67%,108,Bình Thuận,NTB,AM Nhựt
NTB - Bình Thuận,(BTH) Hàm Thuận,Hàng Mới Ca 1,2026-09-05 - Thứ 7,135,98.52%,88.89%,0.00%,7.61,120,0,133,0,15,2,1.48%,11.11%,135,Bình Thuận,NTB,AM Nhựt
NTB - Bình Thuận,(BTH) Hàm Thuận,Hàng Mới Ca 1,2026-08-28 - Thứ 6,115,99.13%,80.87%,0.00%,15.88,93,0,114,0,22,1,0.87%,19.13%,115,Bình Thuận,NTB,AM Nhựt
NTB - Bình Thuận,(BTH) Hàm Thuận,Hàng Mới Ca 1,2026-09-07 - Thứ 2,117,99.15%,82.91%,0.00%,8.64,97,0,116,0,20,1,0.85%,17.09%,117,Bình Thuận,NTB,AM Nhựt
NTB - Bình Thuận,(BTH) Hàm Thuận,Hàng Mới Ca 1,2026-08-26 - Thứ 4,116,100.00%,74.14%,0.00%,15.1,86,0,116,0,30,0,0.00%,25.86%,116,Bình Thuận,NTB,AM Nhựt
NTB - Bình Thuận,(BTH) Hàm Thuận,Hàng Mới Ca 1,2026-09-13 - Chủ Nhật,141,100.00%,87.23%,0.00%,7.67,123,0,141,0,18,0,0.00%,12.77%,141,Bình Thuận,NTB,AM Nhựt
NTB - Bình Thuận,(BTH) Hàm Thuận,Hàng Mới Ca 1,2026-09-11 - Thứ 6,141,99.29%,80.85%,0.00%,16.21,114,0,140,0,27,1,0.71%,19.15%,141,Bình Thuận,NTB,AM Nhựt
NTB - Bình Thuận,(BTH) Hàm Thuận,Hàng Mới Ca 1,2026-08-24 - Thứ 2,130,98.46%,83.08%,0.00%,13.16,108,0,128,0,22,2,1.54%,16.92%,130,Bình Thuận,NTB,AM Nhựt
NTB - Bình Thuận,(BTH) Hàm Thuận,Hàng Mới Ca 1,2026-09-01 - Thứ 3,121,100.00%,85.95%,0.00%,8.22,104,0,121,0,17,0,0.00%,14.05%,121,Bình Thuận,NTB,AM Nhựt
NTB - Bình Thuận,(BTH) Hàm Thuận,Hàng Mới Ca 1,2026-08-22 - Thứ 7,136,99.26%,75.74%,0.00%,11.87,103,0,135,0,33,1,0.74%,24.26%,136,Bình Thuận,NTB,AM Nhựt
NTB - Bình Thuận,(BTH) Hàm Thuận,Hàng Mới Ca 1,2026-09-10 - Thứ 5,132,100.00%,78.03%,0.00%,7.27,103,0,132,0,29,0,0.00%,21.97%,132,Bình Thuận,NTB,AM Nhựt
NTB - Bình Thuận,(BTH) Hàm Thuận,Hàng Mới Ca 1,2026-09-04 - Thứ 6,85,100.00%,81.18%,0.00%,7.88,69,0,85,0,16,0,0.00%,18.82%,85,Bình Thuận,NTB,AM Nhựt
NTB - Bình Thuận,(BTH) Hàm Thuận,Hàng Mới Ca 1,2026-08-30 - Chủ Nhật,91,98.90%,80.22%,0.00%,7.86,73,0,90,0,18,1,1.10%,19.78%,91,Bình Thuận,NTB,AM Nhựt
NTB - Bình Thuận,(BTH) Hàm Thuận,Hàng Mới Ca 1,2026-09-02 - Thứ 4,84,100.00%,86.90%,0.00%,7.67,73,0,84,0,11,0,0.00%,13.10%,84,Bình Thuận,NTB,AM Nhựt
NTB - Bình Thuận,(BTH) Hàm Thuận,Hàng Mới Ca 1,2026-09-03 - Thứ 5,87,100.00%,87.36%,0.00%,8.8,76,0,87,0,11,0,0.00%,12.64%,87,Bình Thuận,NTB,AM Nhựt
NTB - Bình Thuận,(BTH) Hàm Thuận,Hàng Mới Ca 2,2026-09-04 - Thứ 6,40,12.50%,12.50%,0.00%,3.8,5,0,5,0,35,35,87.50%,87.50%,40,Bình Thuận,NTB,AM Nhựt
NTB - Bình Thuận,(BTH) Hàm Thuận,Hàng Mới Ca 2,2026-09-01 - Thứ 3,63,12.70%,7.94%,0.00%,5.2,5,0,8,0,58,55,87.30%,92.06%,63,Bình Thuận,NTB,AM Nhựt
NTB - Bình Thuận,(BTH) Hàm Thuận,Hàng Mới Ca 2,2026-08-21 - Thứ 6,74,21.62%,16.22%,0.00%,3.58,12,0,16,0,62,58,78.38%,83.78%,74,Bình Thuận,NTB,AM Nhựt
NTB - Bình Thuận,(BTH) Hàm Thuận,Hàng Mới Ca 2,2026-09-03 - Thứ 5,65,21.54%,18.46%,0.00%,5.08,12,0,14,0,53,51,78.46%,81.54%,65,Bình Thuận,NTB,AM Nhựt
NTB - Bình Thuận,(BTH) Hàm Thuận,Hàng Mới Ca 2,2026-09-13 - Chủ Nhật,49,32.65%,24.49%,0.00%,4.08,12,0,16,0,37,33,67.35%,75.51%,49,Bình Thuận,NTB,AM Nhựt
NTB - Bình Thuận,(BTH) Hàm Thuận,Hàng Mới Ca 2,2026-08-30 - Chủ Nhật,87,16.09%,14.94%,0.00%,4.15,13,0,14,0,74,73,83.91%,85.06%,87,Bình Thuận,NTB,AM Nhựt
NTB - Bình Thuận,(BTH) Hàm Thuận,Hàng Mới Ca 2,2026-08-22 - Thứ 7,65,23.08%,21.54%,0.00%,4.5,14,0,15,0,51,50,76.92%,78.46%,65,Bình Thuận,NTB,AM Nhựt
NTB - Bình Thuận,(BTH) Hàm Thuận,Hàng Mới Ca 2,2026-08-29 - Thứ 7,86,18.60%,17.44%,0.00%,4.13,15,0,16,0,71,70,81.40%,82.56%,86,Bình Thuận,NTB,AM Nhựt
NTB - Bình Thuận,(BTH) Hàm Thuận,Hàng Mới Ca 2,2026-09-06 - Chủ Nhật,83,25.30%,19.28%,0.00%,4.31,16,0,21,0,67,62,74.70%,80.72%,83,Bình Thuận,NTB,AM Nhựt
NTB - Bình Thuận,(BTH) Hàm Thuận,Hàng Mới Ca 2,2026-09-09 - Thứ 4,59,35.59%,27.12%,0.00%,4.88,16,0,21,0,43,38,64.41%,72.88%,59,Bình Thuận,NTB,AM Nhựt
NTB - Bình Thuận,(BTH) Hàm Thuận,Hàng Mới Ca 2,2026-09-12 - Thứ 7,48,45.83%,35.42%,0.00%,4.65,17,0,22,0,31,26,54.17%,64.58%,48,Bình Thuận,NTB,AM Nhựt
NTB - Bình Thuận,(BTH) Hàm Thuận,Hàng Mới Ca 2,2026-09-10 - Thứ 5,64,34.38%,26.56%,0.00%,5.65,17,0,22,0,47,42,65.62%,73.44%,64,Bình Thuận,NTB,AM Nhựt
NTB - Bình Thuận,(BTH) Hàm Thuận,Hàng Mới Ca 2,2026-08-24 - Thứ 2,66,28.79%,25.76%,0.00%,4.12,17,0,19,0,49,47,71.21%,74.24%,66,Bình Thuận,NTB,AM Nhựt
NTB - Bình Thuận,(BTH) Hàm Thuận,Hàng Mới Ca 2,2026-08-23 - Chủ Nhật,91,23.08%,19.78%,0.00%,4.11,18,0,21,0,73,70,76.92%,80.22%,91,Bình Thuận,NTB,AM Nhựt
NTB - Bình Thuận,(BTH) Hàm Thuận,Hàng Mới Ca 2,2026-08-26 - Thứ 4,72,27.78%,25.00%,0.00%,4.22,18,0,20,0,54,52,72.22%,75.00%,72,Bình Thuận,NTB,AM Nhựt
NTB - Bình Thuận,(BTH) Hàm Thuận,Hàng Mới Ca 2,2026-09-07 - Thứ 2,47,55.32%,40.43%,0.00%,5.53,19,0,26,0,28,21,44.68%,59.57%,47,Bình Thuận,NTB,AM Nhựt
NTB - Bình Thuận,(BTH) Hàm Thuận,Hàng Mới Ca 2,2026-08-25 - Thứ 3,77,25.97%,25.97%,0.00%,4,20,0,20,0,57,57,74.03%,74.03%,77,Bình Thuận,NTB,AM Nhựt
NTB - Bình Thuận,(BTH) Hàm Thuận,Hàng Mới Ca 2,2026-08-17 - Thứ 2,75,40.00%,29.33%,0.00%,4.45,22,0,30,0,53,45,60.00%,70.67%,75,Bình Thuận,NTB,AM Nhựt
NTB - Bình Thuận,(BTH) Hàm Thuận,Hàng Mới Ca 2,2026-08-31 - Thứ 2,83,28.92%,26.51%,0.00%,3.86,22,0,24,0,61,59,71.08%,73.49%,83,Bình Thuận,NTB,AM Nhựt
NTB - Bình Thuận,(BTH) Hàm Thuận,Hàng Mới Ca 2,2026-08-18 - Thứ 3,98,30.61%,23.47%,0.00%,5.52,23,0,30,0,75,68,69.39%,76.53%,98,Bình Thuận,NTB,AM Nhựt
NTB - Bình Thuận,(BTH) Hàm Thuận,Hàng Mới Ca 2,2026-09-08 - Thứ 3,80,36.25%,30.00%,0.00%,4.54,24,0,29,0,56,51,63.75%,70.00%,80,Bình Thuận,NTB,AM Nhựt
NTB - Bình Thuận,(BTH) Hàm Thuận,Hàng Mới Ca 2,2026-09-05 - Thứ 7,71,60.56%,35.21%,0.00%,5,25,0,43,0,46,28,39.44%,64.79%,71,Bình Thuận,NTB,AM Nhựt
NTB - Bình Thuận,(BTH) Hàm Thuận,Hàng Mới Ca 2,2026-09-11 - Thứ 6,73,38.36%,35.62%,0.00%,5.5,26,0,28,0,47,45,61.64%,64.38%,73,Bình Thuận,NTB,AM Nhựt
NTB - Bình Thuận,(BTH) Hàm Thuận,Hàng Mới Ca 2,2026-08-27 - Thứ 5,106,28.30%,26.42%,0.00%,4.79,28,0,30,0,78,76,71.70%,73.58%,106,Bình Thuận,NTB,AM Nhựt
NTB - Bình Thuận,(BTH) Hàm Thuận,Hàng Mới Ca 2,2026-09-02 - Thứ 4,79,37.97%,35.44%,0.00%,5.18,28,0,30,0,51,49,62.03%,64.56%,79,Bình Thuận,NTB,AM Nhựt
NTB - Bình Thuận,(BTH) Hàm Thuận,Hàng Mới Ca 2,2026-08-20 - Thứ 5,102,33.33%,30.39%,0.00%,4.1,31,0,34,0,71,68,66.67%,69.61%,102,Bình Thuận,NTB,AM Nhựt
NTB - Bình Thuận,(BTH) Hàm Thuận,Hàng Mới Ca 2,2026-08-28 - Thứ 6,129,26.36%,24.03%,0.00%,4.45,31,0,34,0,98,95,73.64%,75.97%,129,Bình Thuận,NTB,AM Nhựt
NTB - Bình Thuận,(BTH) Hàm Thuận,Hàng Mới Ca 2,2026-08-19 - Thứ 4,99,41.41%,37.37%,0.00%,4.08,37,0,41,0,62,58,58.59%,62.63%,99,Bình Thuận,NTB,AM Nhựt
NTB - Bình Thuận,(BTH) Hàm Thuận,Hàng Tồn,2026-08-20 - Thứ 5,110,100.00%,60.91%,3.64%,32.52,67,4,110,4,39,0,0.00%,35.45%,0,Bình Thuận,NTB,AM Nhựt
NTB - Bình Thuận,(BTH) Hàm Thuận,Hàng Tồn,2026-08-19 - Thứ 4,127,100.00%,65.35%,2.36%,30.9,83,3,127,3,41,0,0.00%,32.29%,0,Bình Thuận,NTB,AM Nhựt
NTB - Bình Thuận,(BTH) Hàm Thuận,Hàng Tồn,2026-08-29 - Thứ 7,188,99.47%,64.36%,2.13%,39.71,121,4,187,4,63,1,0.53%,33.51%,0,Bình Thuận,NTB,AM Nhựt
NTB - Bình Thuận,(BTH) Hàm Thuận,Hàng Tồn,2026-08-17 - Thứ 2,146,100.00%,73.29%,2.74%,36.5,107,4,146,4,35,0,0.00%,23.97%,0,Bình Thuận,NTB,AM Nhựt
NTB - Bình Thuận,(BTH) Hàm Thuận,Hàng Tồn,2026-09-12 - Thứ 7,114,99.12%,63.16%,2.63%,38.43,72,3,113,3,39,1,0.88%,34.21%,0,Bình Thuận,NTB,AM Nhựt
NTB - Bình Thuận,(BTH) Hàm Thuận,Hàng Tồn,2026-09-10 - Thứ 5,114,99.12%,58.77%,4.39%,38.66,67,5,113,5,42,1,0.88%,36.84%,0,Bình Thuận,NTB,AM Nhựt
NTB - Bình Thuận,(BTH) Hàm Thuận,Hàng Tồn,2026-08-31 - Thứ 2,149,99.33%,58.39%,3.36%,36.51,87,5,148,5,57,1,0.67%,38.25%,0,Bình Thuận,NTB,AM Nhựt
NTB - Bình Thuận,(BTH) Hàm Thuận,Hàng Tồn,2026-08-28 - Thứ 6,172,99.42%,54.65%,1.74%,36.41,94,3,171,3,75,1,0.58%,43.61%,0,Bình Thuận,NTB,AM Nhựt
NTB - Bình Thuận,(BTH) Hàm Thuận,Hàng Tồn,2026-09-07 - Thứ 2,151,96.69%,62.91%,1.32%,31.96,95,2,146,2,54,5,3.31%,35.77%,0,Bình Thuận,NTB,AM Nhựt
NTB - Bình Thuận,(BTH) Hàm Thuận,Hàng Tồn,2026-09-11 - Thứ 6,113,99.12%,59.29%,5.31%,41.43,67,6,112,6,40,1,0.88%,35.40%,0,Bình Thuận,NTB,AM Nhựt
NTB - Bình Thuận,(BTH) Hàm Thuận,Hàng Tồn,2026-08-24 - Thứ 2,148,100.00%,72.30%,1.35%,39.49,107,2,148,2,39,0,0.00%,26.35%,0,Bình Thuận,NTB,AM Nhựt
NTB - Bình Thuận,(BTH) Hàm Thuận,Hàng Tồn,2026-09-01 - Thứ 3,144,100.00%,66.67%,2.78%,36.48,96,4,144,4,44,0,0.00%,30.55%,0,Bình Thuận,NTB,AM Nhựt
NTB - Bình Thuận,(BTH) Hàm Thuận,Hàng Tồn,2026-09-05 - Thứ 7,79,96.20%,59.49%,2.53%,35.3,47,2,76,2,30,3,3.80%,37.98%,0,Bình Thuận,NTB,AM Nhựt
NTB - Bình Thuận,(BTH) Hàm Thuận,Hàng Tồn,2026-09-06 - Chủ Nhật,87,95.40%,56.32%,2.30%,35.61,49,2,83,2,36,4,4.60%,41.38%,0,Bình Thuận,NTB,AM Nhựt
NTB - Bình Thuận,(BTH) Hàm Thuận,Hàng Tồn,2026-09-08 - Thứ 3,100,97.00%,51.00%,6.00%,45,51,6,97,6,43,3,3.00%,43.00%,0,Bình Thuận,NTB,AM Nhựt
NTB - Bình Thuận,(BTH) Hàm Thuận,Hàng Tồn,2026-08-18 - Thứ 3,94,100.00%,56.38%,2.13%,32.75,53,2,94,2,39,0,0.00%,41.49%,0,Bình Thuận,NTB,AM Nhựt
NTB - Bình Thuận,(BTH) Hàm Thuận,Hàng Tồn,2026-09-03 - Thứ 5,103,97.09%,56.31%,1.94%,38.84,58,2,100,2,43,3,2.91%,41.75%,0,Bình Thuận,NTB,AM Nhựt
NTB - Bình Thuận,(BTH) Hàm Thuận,Hàng Tồn,2026-08-26 - Thứ 4,100,100.00%,58.00%,3.00%,37.98,58,3,100,3,39,0,0.00%,39.00%,0,Bình Thuận,NTB,AM Nhựt
NTB - Bình Thuận,(BTH) Hàm Thuận,Hàng Tồn,2026-09-13 - Chủ Nhật,92,98.91%,63.04%,3.26%,37.09,58,3,91,3,31,1,1.09%,33.70%,0,Bình Thuận,NTB,AM Nhựt
NTB - Bình Thuận,(BTH) Hàm Thuận,Hàng Tồn,2026-09-04 - Thứ 6,102,97.06%,62.75%,4.90%,37.59,64,5,99,5,33,3,2.94%,32.35%,0,Bình Thuận,NTB,AM Nhựt
NTB - Bình Thuận,(BTH) Hàm Thuận,Hàng Tồn,2026-08-27 - Thứ 5,113,100.00%,58.41%,0.00%,34.61,66,0,113,0,47,0,0.00%,41.59%,0,Bình Thuận,NTB,AM Nhựt
NTB - Bình Thuận,(BTH) Hàm Thuận,Hàng Tồn,2026-09-02 - Thứ 4,118,100.00%,55.93%,7.63%,38.71,66,9,118,9,43,0,0.00%,36.44%,0,Bình Thuận,NTB,AM Nhựt
NTB - Bình Thuận,(BTH) Hàm Thuận,Hàng Tồn,2026-08-25 - Thứ 3,105,97.14%,66.67%,1.90%,40.84,70,2,102,2,33,3,2.86%,31.43%,0,Bình Thuận,NTB,AM Nhựt
NTB - Bình Thuận,(BTH) Hàm Thuận,Hàng Tồn,2026-09-09 - Thứ 4,130,98.46%,54.62%,3.08%,32.82,71,4,128,4,55,2,1.54%,42.30%,0,Bình Thuận,NTB,AM Nhựt
NTB - Bình Thuận,(BTH) Hàm Thuận,Hàng Tồn,2026-08-23 - Chủ Nhật,133,99.25%,56.39%,5.26%,38.23,75,7,132,7,51,1,0.75%,38.35%,0,Bình Thuận,NTB,AM Nhựt
NTB - Bình Thuận,(BTH) Hàm Thuận,Hàng Tồn,2026-08-22 - Thứ 7,134,100.00%,57.46%,2.24%,35.12,77,3,134,3,54,0,0.00%,40.30%,0,Bình Thuận,NTB,AM Nhựt
NTB - Bình Thuận,(BTH) Hàm Thuận,Hàng Tồn,2026-08-30 - Chủ Nhật,152,98.68%,55.92%,2.63%,35.72,85,4,150,4,63,2,1.32%,41.45%,0,Bình Thuận,NTB,AM Nhựt
NTB - Bình Thuận,(BTH) Hàm Thuận,Hàng Tồn,2026-08-21 - Thứ 6,137,99.27%,62.04%,1.46%,35.08,85,2,136,2,50,1,0.73%,36.50%,0,Bình Thuận,NTB,AM Nhựt
NTB - Bình Thuận,(BTH) Hàm Liêm,Hàng Mới Ca 1,2026-08-20 - Thứ 5,90,100.00%,92.22%,0.00%,8.75,83,0,90,0,7,0,0.00%,7.78%,90,Bình Thuận,NTB,AM Nhựt
NTB - Bình Thuận,(BTH) Hàm Liêm,Hàng Mới Ca 1,2026-09-06 - Chủ Nhật,118,93.22%,79.66%,0.00%,7.1,94,0,110,0,24,8,6.78%,20.34%,118,Bình Thuận,NTB,AM Nhựt
NTB - Bình Thuận,(BTH) Hàm Liêm,Hàng Mới Ca 1,2026-08-27 - Thứ 5,81,100.00%,88.89%,0.00%,10.31,72,0,81,0,9,0,0.00%,11.11%,81,Bình Thuận,NTB,AM Nhựt
NTB - Bình Thuận,(BTH) Hàm Liêm,Hàng Mới Ca 1,2026-08-31 - Thứ 2,123,100.00%,73.98%,0.00%,7.16,91,0,123,0,32,0,0.00%,26.02%,123,Bình Thuận,NTB,AM Nhựt
NTB - Bình Thuận,(BTH) Hàm Liêm,Hàng Mới Ca 1,2026-08-21 - Thứ 6,76,98.68%,88.16%,0.00%,8.67,67,0,75,0,9,1,1.32%,11.84%,76,Bình Thuận,NTB,AM Nhựt
NTB - Bình Thuận,(BTH) Hàm Liêm,Hàng Mới Ca 1,2026-08-26 - Thứ 4,78,100.00%,92.31%,0.00%,12.74,72,0,78,0,6,0,0.00%,7.69%,78,Bình Thuận,NTB,AM Nhựt
NTB - Bình Thuận,(BTH) Hàm Liêm,Hàng Mới Ca 1,2026-08-24 - Thứ 2,106,100.00%,86.79%,0.00%,14.03,92,0,106,0,14,0,0.00%,13.21%,106,Bình Thuận,NTB,AM Nhựt
NTB - Bình Thuận,(BTH) Hàm Liêm,Hàng Mới Ca 1,2026-09-05 - Thứ 7,32,100.00%,81.25%,0.00%,7.92,26,0,32,0,6,0,0.00%,18.75%,32,Bình Thuận,NTB,AM Nhựt
NTB - Bình Thuận,(BTH) Hàm Liêm,Hàng Mới Ca 1,2026-09-02 - Thứ 4,46,93.48%,78.26%,0.00%,6.28,36,0,43,0,10,3,6.52%,21.74%,46,Bình Thuận,NTB,AM Nhựt
NTB - Bình Thuận,(BTH) Hàm Liêm,Hàng Mới Ca 1,2026-09-10 - Thứ 5,63,98.41%,61.90%,0.00%,7.28,39,0,62,0,24,1,1.59%,38.10%,63,Bình Thuận,NTB,AM Nhựt
NTB - Bình Thuận,(BTH) Hàm Liêm,Hàng Mới Ca 1,2026-09-03 - Thứ 5,44,100.00%,90.91%,0.00%,6.83,40,0,44,0,4,0,0.00%,9.09%,44,Bình Thuận,NTB,AM Nhựt
NTB - Bình Thuận,(BTH) Hàm Liêm,Hàng Mới Ca 1,2026-09-04 - Thứ 6,45,100.00%,91.11%,0.00%,7.68,41,0,45,0,4,0,0.00%,8.89%,45,Bình Thuận,NTB,AM Nhựt
NTB - Bình Thuận,(BTH) Hàm Liêm,Hàng Mới Ca 1,2026-08-18 - Thứ 3,55,100.00%,85.45%,0.00%,6.28,47,0,55,0,8,0,0.00%,14.55%,55,Bình Thuận,NTB,AM Nhựt
NTB - Bình Thuận,(BTH) Hàm Liêm,Hàng Mới Ca 1,2026-08-19 - Thứ 4,61,100.00%,85.25%,0.00%,8.02,52,0,61,0,9,0,0.00%,14.75%,61,Bình Thuận,NTB,AM Nhựt
NTB - Bình Thuận,(BTH) Hàm Liêm,Hàng Mới Ca 1,2026-09-09 - Thứ 4,56,100.00%,92.86%,0.00%,7.13,52,0,56,0,4,0,0.00%,7.14%,56,Bình Thuận,NTB,AM Nhựt
NTB - Bình Thuận,(BTH) Hàm Liêm,Hàng Mới Ca 1,2026-08-22 - Thứ 7,64,100.00%,89.06%,0.00%,8.82,57,0,64,0,7,0,0.00%,10.94%,64,Bình Thuận,NTB,AM Nhựt
NTB - Bình Thuận,(BTH) Hàm Liêm,Hàng Mới Ca 1,2026-09-13 - Chủ Nhật,77,87.01%,75.32%,0.00%,7.69,58,0,67,0,19,10,12.99%,24.68%,77,Bình Thuận,NTB,AM Nhựt
NTB - Bình Thuận,(BTH) Hàm Liêm,Hàng Mới Ca 1,2026-08-23 - Chủ Nhật,70,92.86%,84.29%,0.00%,9.22,59,0,65,0,11,5,7.14%,15.71%,70,Bình Thuận,NTB,AM Nhựt
NTB - Bình Thuận,(BTH) Hàm Liêm,Hàng Mới Ca 1,2026-08-28 - Thứ 6,70,100.00%,87.14%,0.00%,10.23,61,0,70,0,9,0,0.00%,12.86%,70,Bình Thuận,NTB,AM Nhựt
NTB - Bình Thuận,(BTH) Hàm Liêm,Hàng Mới Ca 1,2026-08-29 - Thứ 7,78,97.44%,80.77%,0.00%,8.05,63,0,76,0,15,2,2.56%,19.23%,78,Bình Thuận,NTB,AM Nhựt
NTB - Bình Thuận,(BTH) Hàm Liêm,Hàng Mới Ca 1,2026-09-07 - Thứ 2,79,97.47%,83.54%,0.00%,7.59,66,0,77,0,13,2,2.53%,16.46%,79,Bình Thuận,NTB,AM Nhựt
NTB - Bình Thuận,(BTH) Hàm Liêm,Hàng Mới Ca 1,2026-08-30 - Chủ Nhật,79,98.73%,86.08%,0.00%,6.35,68,0,78,0,11,1,1.27%,13.92%,79,Bình Thuận,NTB,AM Nhựt
NTB - Bình Thuận,(BTH) Hàm Liêm,Hàng Mới Ca 1,2026-09-01 - Thứ 3,76,100.00%,90.79%,0.00%,7.59,69,0,76,0,7,0,0.00%,9.21%,76,Bình Thuận,NTB,AM Nhựt
NTB - Bình Thuận,(BTH) Hàm Liêm,Hàng Mới Ca 1,2026-09-11 - Thứ 6,86,95.35%,81.40%,0.00%,13.3,70,0,82,0,16,4,4.65%,18.60%,86,Bình Thuận,NTB,AM Nhựt
NTB - Bình Thuận,(BTH) Hàm Liêm,Hàng Mới Ca 1,2026-09-12 - Thứ 7,87,98.85%,83.91%,0.00%,11.36,73,0,86,0,14,1,1.15%,16.09%,87,Bình Thuận,NTB,AM Nhựt
NTB - Bình Thuận,(BTH) Hàm Liêm,Hàng Mới Ca 1,2026-09-08 - Thứ 3,90,100.00%,84.44%,0.00%,7.53,76,0,90,0,14,0,0.00%,15.56%,90,Bình Thuận,NTB,AM Nhựt
NTB - Bình Thuận,(BTH) Hàm Liêm,Hàng Mới Ca 1,2026-08-25 - Thứ 3,83,100.00%,91.57%,0.00%,7.47,76,0,83,0,7,0,0.00%,8.43%,83,Bình Thuận,NTB,AM Nhựt
NTB - Bình Thuận,(BTH) Hàm Liêm,Hàng Mới Ca 1,2026-08-17 - Thứ 2,88,100.00%,87.50%,0.00%,13.73,77,0,88,0,11,0,0.00%,12.50%,88,Bình Thuận,NTB,AM Nhựt
NTB - Bình Thuận,(BTH) Hàm Liêm,Hàng Mới Ca 2,2026-08-30 - Chủ Nhật,22,13.64%,9.09%,0.00%,4,2,0,3,0,20,19,86.36%,90.91%,22,Bình Thuận,NTB,AM Nhựt
NTB - Bình Thuận,(BTH) Hàm Liêm,Hàng Mới Ca 2,2026-08-23 - Chủ Nhật,11,36.36%,27.27%,0.00%,2,3,0,4,0,8,7,63.64%,72.73%,11,Bình Thuận,NTB,AM Nhựt
NTB - Bình Thuận,(BTH) Hàm Liêm,Hàng Mới Ca 2,2026-08-31 - Thứ 2,53,18.87%,16.98%,0.00%,3.33,9,0,10,0,44,43,81.13%,83.02%,53,Bình Thuận,NTB,AM Nhựt
NTB - Bình Thuận,(BTH) Hàm Liêm,Hàng Mới Ca 2,2026-09-13 - Chủ Nhật,40,25.00%,22.50%,0.00%,5,9,0,10,0,31,30,75.00%,77.50%,40,Bình Thuận,NTB,AM Nhựt
NTB - Bình Thuận,(BTH) Hàm Liêm,Hàng Mới Ca 2,2026-08-29 - Thứ 7,45,35.56%,28.89%,0.00%,5.15,13,0,16,0,32,29,64.44%,71.11%,45,Bình Thuận,NTB,AM Nhựt
NTB - Bình Thuận,(BTH) Hàm Liêm,Hàng Mới Ca 2,2026-09-03 - Thứ 5,34,58.82%,55.88%,0.00%,5.26,19,0,20,0,15,14,41.18%,44.12%,34,Bình Thuận,NTB,AM Nhựt
NTB - Bình Thuận,(BTH) Hàm Liêm,Hàng Mới Ca 2,2026-09-11 - Thứ 6,47,51.06%,40.43%,0.00%,4,19,0,24,0,28,23,48.94%,59.57%,47,Bình Thuận,NTB,AM Nhựt
NTB - Bình Thuận,(BTH) Hàm Liêm,Hàng Mới Ca 2,2026-09-06 - Chủ Nhật,91,26.37%,24.18%,0.00%,4.36,22,0,24,0,69,67,73.63%,75.82%,91,Bình Thuận,NTB,AM Nhựt
NTB - Bình Thuận,(BTH) Hàm Liêm,Hàng Mới Ca 2,2026-09-02 - Thứ 4,85,36.47%,28.24%,0.00%,4.25,24,0,31,0,61,54,63.53%,71.76%,85,Bình Thuận,NTB,AM Nhựt
NTB - Bình Thuận,(BTH) Hàm Liêm,Hàng Mới Ca 2,2026-09-07 - Thứ 2,46,58.70%,54.35%,0.00%,4.88,25,0,27,0,21,19,41.30%,45.65%,46,Bình Thuận,NTB,AM Nhựt
NTB - Bình Thuận,(BTH) Hàm Liêm,Hàng Mới Ca 2,2026-08-17 - Thứ 2,52,55.77%,50.00%,0.00%,5.27,26,0,29,0,26,23,44.23%,50.00%,52,Bình Thuận,NTB,AM Nhựt
NTB - Bình Thuận,(BTH) Hàm Liêm,Hàng Mới Ca 2,2026-09-04 - Thứ 6,64,53.13%,40.63%,0.00%,3.5,26,0,34,0,38,30,46.87%,59.37%,64,Bình Thuận,NTB,AM Nhựt
NTB - Bình Thuận,(BTH) Hàm Liêm,Hàng Mới Ca 2,2026-09-01 - Thứ 3,52,57.69%,50.00%,0.00%,5.04,26,0,30,0,26,22,42.31%,50.00%,52,Bình Thuận,NTB,AM Nhựt
NTB - Bình Thuận,(BTH) Hàm Liêm,Hàng Mới Ca 2,2026-08-27 - Thứ 5,83,42.17%,32.53%,0.00%,4.78,27,0,35,0,56,48,57.83%,67.47%,83,Bình Thuận,NTB,AM Nhựt
NTB - Bình Thuận,(BTH) Hàm Liêm,Hàng Mới Ca 2,2026-09-12 - Thứ 7,55,58.18%,49.09%,0.00%,3.96,27,0,32,0,28,23,41.82%,50.91%,55,Bình Thuận,NTB,AM Nhựt
NTB - Bình Thuận,(BTH) Hàm Liêm,Hàng Mới Ca 2,2026-08-24 - Thứ 2,56,58.93%,51.79%,0.00%,4.24,29,0,33,0,27,23,41.07%,48.21%,56,Bình Thuận,NTB,AM Nhựt
NTB - Bình Thuận,(BTH) Hàm Liêm,Hàng Mới Ca 2,2026-08-25 - Thứ 3,68,51.47%,44.12%,0.00%,4.93,30,0,35,0,38,33,48.53%,55.88%,68,Bình Thuận,NTB,AM Nhựt
NTB - Bình Thuận,(BTH) Hàm Liêm,Hàng Mới Ca 2,2026-09-10 - Thứ 5,64,53.13%,48.44%,0.00%,3.74,31,0,34,0,33,30,46.87%,51.56%,64,Bình Thuận,NTB,AM Nhựt
NTB - Bình Thuận,(BTH) Hàm Liêm,Hàng Mới Ca 2,2026-09-08 - Thứ 3,64,64.06%,56.25%,0.00%,5.03,36,0,41,0,28,23,35.94%,43.75%,64,Bình Thuận,NTB,AM Nhựt
NTB - Bình Thuận,(BTH) Hàm Liêm,Hàng Mới Ca 2,2026-08-18 - Thứ 3,85,54.12%,43.53%,0.00%,5.03,37,0,46,0,48,39,45.88%,56.47%,85,Bình Thuận,NTB,AM Nhựt
NTB - Bình Thuận,(BTH) Hàm Liêm,Hàng Mới Ca 2,2026-08-28 - Thứ 6,68,57.35%,55.88%,0.00%,4.26,38,0,39,0,30,29,42.65%,44.12%,68,Bình Thuận,NTB,AM Nhựt
NTB - Bình Thuận,(BTH) Hàm Liêm,Hàng Mới Ca 2,2026-08-21 - Thứ 6,79,54.43%,49.37%,0.00%,5.64,39,0,43,0,40,36,45.57%,50.63%,79,Bình Thuận,NTB,AM Nhựt
NTB - Bình Thuận,(BTH) Hàm Liêm,Hàng Mới Ca 2,2026-08-20 - Thứ 5,77,59.74%,51.95%,0.00%,5.2,40,0,46,0,37,31,40.26%,48.05%,77,Bình Thuận,NTB,AM Nhựt
NTB - Bình Thuận,(BTH) Hàm Liêm,Hàng Mới Ca 2,2026-08-22 - Thứ 7,73,58.90%,54.79%,0.00%,4.48,40,0,43,0,33,30,41.10%,45.21%,73,Bình Thuận,NTB,AM Nhựt
NTB - Bình Thuận,(BTH) Hàm Liêm,Hàng Mới Ca 2,2026-08-19 - Thứ 4,103,56.31%,39.81%,0.00%,4.39,41,0,58,0,62,45,43.69%,60.19%,103,Bình Thuận,NTB,AM Nhựt
NTB - Bình Thuận,(BTH) Hàm Liêm,Hàng Mới Ca 2,2026-08-26 - Thứ 4,73,60.27%,56.16%,0.00%,3.95,41,0,44,0,32,29,39.73%,43.84%,73,Bình Thuận,NTB,AM Nhựt
NTB - Bình Thuận,(BTH) Hàm Liêm,Hàng Mới Ca 2,2026-09-05 - Thứ 7,95,50.53%,47.37%,0.00%,3.36,45,0,48,0,50,47,49.47%,52.63%,95,Bình Thuận,NTB,AM Nhựt
NTB - Bình Thuận,(BTH) Hàm Liêm,Hàng Mới Ca 2,2026-09-09 - Thứ 4,92,57.61%,51.09%,0.00%,4.53,47,0,53,0,45,39,42.39%,48.91%,92,Bình Thuận,NTB,AM Nhựt
NTB - Bình Thuận,(BTH) Hàm Liêm,Hàng Tồn,2026-09-07 - Thứ 2,121,100.00%,73.55%,0.83%,30.8,89,1,121,1,31,0,0.00%,25.62%,0,Bình Thuận,NTB,AM Nhựt
NTB - Bình Thuận,(BTH) Hàm Liêm,Hàng Tồn,2026-09-04 - Thứ 6,46,100.00%,45.65%,8.70%,35.43,21,4,46,4,21,0,0.00%,45.65%,0,Bình Thuận,NTB,AM Nhựt
NTB - Bình Thuận,(BTH) Hàm Liêm,Hàng Tồn,2026-09-02 - Thứ 4,50,100.00%,44.00%,6.00%,27,22,3,50,3,25,0,0.00%,50.00%,0,Bình Thuận,NTB,AM Nhựt
NTB - Bình Thuận,(BTH) Hàm Liêm,Hàng Tồn,2026-09-09 - Thứ 4,59,100.00%,40.68%,1.69%,29.88,24,1,59,1,34,0,0.00%,57.63%,0,Bình Thuận,NTB,AM Nhựt
NTB - Bình Thuận,(BTH) Hàm Liêm,Hàng Tồn,2026-08-31 - Thứ 2,47,95.74%,51.06%,6.38%,33.96,24,3,45,3,20,2,4.26%,42.56%,0,Bình Thuận,NTB,AM Nhựt
NTB - Bình Thuận,(BTH) Hàm Liêm,Hàng Tồn,2026-08-24 - Thứ 2,39,100.00%,61.54%,0.00%,40.54,24,0,39,0,15,0,0.00%,38.46%,0,Bình Thuận,NTB,AM Nhựt
NTB - Bình Thuận,(BTH) Hàm Liêm,Hàng Tồn,2026-08-18 - Thứ 3,53,100.00%,54.72%,3.77%,35.21,29,2,53,2,22,0,0.00%,41.51%,0,Bình Thuận,NTB,AM Nhựt
NTB - Bình Thuận,(BTH) Hàm Liêm,Hàng Tồn,2026-08-25 - Thứ 3,53,96.23%,60.38%,3.77%,29.63,32,2,51,2,19,2,3.77%,35.85%,0,Bình Thuận,NTB,AM Nhựt
NTB - Bình Thuận,(BTH) Hàm Liêm,Hàng Tồn,2026-08-26 - Thứ 4,65,98.46%,50.77%,12.31%,29.12,33,8,64,8,24,1,1.54%,36.92%,0,Bình Thuận,NTB,AM Nhựt
NTB - Bình Thuận,(BTH) Hàm Liêm,Hàng Tồn,2026-09-13 - Chủ Nhật,63,100.00%,52.38%,0.00%,36.61,33,0,63,0,30,0,0.00%,47.62%,0,Bình Thuận,NTB,AM Nhựt
NTB - Bình Thuận,(BTH) Hàm Liêm,Hàng Tồn,2026-08-29 - Thứ 7,61,98.36%,60.66%,0.00%,33.08,37,0,60,0,24,1,1.64%,39.34%,0,Bình Thuận,NTB,AM Nhựt
NTB - Bình Thuận,(BTH) Hàm Liêm,Hàng Tồn,2026-09-12 - Thứ 7,72,98.61%,51.39%,6.94%,34.51,37,5,71,5,30,1,1.39%,41.67%,0,Bình Thuận,NTB,AM Nhựt
NTB - Bình Thuận,(BTH) Hàm Liêm,Hàng Tồn,2026-09-08 - Thứ 3,66,100.00%,57.58%,4.55%,35.79,38,3,66,3,25,0,0.00%,37.87%,0,Bình Thuận,NTB,AM Nhựt
NTB - Bình Thuận,(BTH) Hàm Liêm,Hàng Tồn,2026-08-23 - Chủ Nhật,64,98.44%,59.38%,6.25%,30.89,38,4,63,4,22,1,1.56%,34.37%,0,Bình Thuận,NTB,AM Nhựt
NTB - Bình Thuận,(BTH) Hàm Liêm,Hàng Tồn,2026-08-22 - Thứ 7,66,98.48%,59.09%,0.00%,30.87,39,0,65,0,27,1,1.52%,40.91%,0,Bình Thuận,NTB,AM Nhựt
NTB - Bình Thuận,(BTH) Hàm Liêm,Hàng Tồn,2026-09-06 - Chủ Nhật,72,98.61%,55.56%,2.78%,33.78,40,2,71,2,30,1,1.39%,41.66%,0,Bình Thuận,NTB,AM Nhựt
NTB - Bình Thuận,(BTH) Hàm Liêm,Hàng Tồn,2026-08-27 - Thứ 5,55,98.18%,72.73%,1.82%,31.38,40,1,54,1,14,1,1.82%,25.45%,0,Bình Thuận,NTB,AM Nhựt
NTB - Bình Thuận,(BTH) Hàm Liêm,Hàng Tồn,2026-09-05 - Thứ 7,60,100.00%,68.33%,1.67%,33,41,1,60,1,18,0,0.00%,30.00%,0,Bình Thuận,NTB,AM Nhựt
NTB - Bình Thuận,(BTH) Hàm Liêm,Hàng Tồn,2026-08-21 - Thứ 6,67,98.51%,65.67%,1.49%,33.39,44,1,66,1,22,1,1.49%,32.84%,0,Bình Thuận,NTB,AM Nhựt
NTB - Bình Thuận,(BTH) Hàm Liêm,Hàng Tồn,2026-08-17 - Thứ 2,67,100.00%,67.16%,4.48%,31.07,45,3,67,3,19,0,0.00%,28.36%,0,Bình Thuận,NTB,AM Nhựt
NTB - Bình Thuận,(BTH) Hàm Liêm,Hàng Tồn,2026-08-30 - Chủ Nhật,69,98.55%,66.67%,4.35%,32.35,46,3,68,3,20,1,1.45%,28.98%,0,Bình Thuận,NTB,AM Nhựt
NTB - Bình Thuận,(BTH) Hàm Liêm,Hàng Tồn,2026-09-10 - Thứ 5,81,98.77%,58.02%,8.64%,34.49,47,7,80,7,27,1,1.23%,33.34%,0,Bình Thuận,NTB,AM Nhựt
NTB - Bình Thuận,(BTH) Hàm Liêm,Hàng Tồn,2026-08-28 - Thứ 6,79,100.00%,62.03%,1.27%,26.82,49,1,79,1,29,0,0.00%,36.70%,0,Bình Thuận,NTB,AM Nhựt
NTB - Bình Thuận,(BTH) Hàm Liêm,Hàng Tồn,2026-09-11 - Thứ 6,81,98.77%,61.73%,3.70%,34.02,50,3,80,3,28,1,1.23%,34.57%,0,Bình Thuận,NTB,AM Nhựt
NTB - Bình Thuận,(BTH) Hàm Liêm,Hàng Tồn,2026-08-19 - Thứ 4,76,100.00%,68.42%,2.63%,31.19,52,2,76,2,22,0,0.00%,28.95%,0,Bình Thuận,NTB,AM Nhựt
NTB - Bình Thuận,(BTH) Hàm Liêm,Hàng Tồn,2026-08-20 - Thứ 5,88,97.73%,67.05%,3.41%,30.15,59,3,86,3,26,2,2.27%,29.54%,0,Bình Thuận,NTB,AM Nhựt
NTB - Bình Thuận,(BTH) Hàm Liêm,Hàng Tồn,2026-09-03 - Thứ 5,95,100.00%,62.11%,0.00%,33.31,59,0,95,0,36,0,0.00%,37.89%,0,Bình Thuận,NTB,AM Nhựt
NTB - Bình Thuận,(BTH) Hàm Liêm,Hàng Tồn,2026-09-01 - Thứ 3,94,98.94%,74.47%,1.06%,31.31,70,1,93,1,23,1,1.06%,24.47%,0,Bình Thuận,NTB,AM Nhựt
NTB - Bình Thuận,(BTH) Bắc Bình,Hàng Mới Ca 1,2026-09-13 - Chủ Nhật,72,100.00%,93.06%,0.00%,4.46,67,0,72,0,5,0,0.00%,6.94%,72,Bình Thuận,NTB,AM Khánh
NTB - Bình Thuận,(BTH) Bắc Bình,Hàng Mới Ca 1,2026-09-02 - Thứ 4,33,100.00%,90.91%,0.00%,4.83,30,0,33,0,3,0,0.00%,9.09%,33,Bình Thuận,NTB,AM Khánh
NTB - Bình Thuận,(BTH) Bắc Bình,Hàng Mới Ca 1,2026-09-09 - Thứ 4,38,100.00%,89.47%,0.00%,3.76,34,0,38,0,4,0,0.00%,10.53%,38,Bình Thuận,NTB,AM Khánh
NTB - Bình Thuận,(BTH) Bắc Bình,Hàng Mới Ca 1,2026-09-04 - Thứ 6,41,100.00%,87.80%,0.00%,4.72,36,0,41,0,5,0,0.00%,12.20%,41,Bình Thuận,NTB,AM Khánh
NTB - Bình Thuận,(BTH) Bắc Bình,Hàng Mới Ca 1,2026-09-07 - Thứ 2,42,100.00%,88.10%,0.00%,3.76,37,0,42,0,5,0,0.00%,11.90%,42,Bình Thuận,NTB,AM Khánh
NTB - Bình Thuận,(BTH) Bắc Bình,Hàng Mới Ca 1,2026-08-24 - Thứ 2,41,100.00%,95.12%,0.00%,3.97,39,0,41,0,2,0,0.00%,4.88%,41,Bình Thuận,NTB,AM Khánh
NTB - Bình Thuận,(BTH) Bắc Bình,Hàng Mới Ca 1,2026-08-29 - Thứ 7,47,100.00%,87.23%,0.00%,4.1,41,0,47,0,6,0,0.00%,12.77%,47,Bình Thuận,NTB,AM Khánh
NTB - Bình Thuận,(BTH) Bắc Bình,Hàng Mới Ca 1,2026-09-06 - Chủ Nhật,50,100.00%,84.00%,0.00%,3.98,42,0,50,0,8,0,0.00%,16.00%,50,Bình Thuận,NTB,AM Khánh
NTB - Bình Thuận,(BTH) Bắc Bình,Hàng Mới Ca 1,2026-09-03 - Thứ 5,46,100.00%,93.48%,0.00%,4.77,43,0,46,0,3,0,0.00%,6.52%,46,Bình Thuận,NTB,AM Khánh
NTB - Bình Thuận,(BTH) Bắc Bình,Hàng Mới Ca 1,2026-08-23 - Chủ Nhật,46,100.00%,95.65%,0.00%,4.89,44,0,46,0,2,0,0.00%,4.35%,46,Bình Thuận,NTB,AM Khánh
NTB - Bình Thuận,(BTH) Bắc Bình,Hàng Mới Ca 1,2026-08-30 - Chủ Nhật,55,100.00%,81.82%,0.00%,3.98,45,0,55,0,10,0,0.00%,18.18%,55,Bình Thuận,NTB,AM Khánh
NTB - Bình Thuận,(BTH) Bắc Bình,Hàng Mới Ca 1,2026-08-17 - Thứ 2,57,98.25%,80.70%,0.00%,5.46,46,0,56,0,11,1,1.75%,19.30%,57,Bình Thuận,NTB,AM Khánh
NTB - Bình Thuận,(BTH) Bắc Bình,Hàng Mới Ca 1,2026-08-26 - Thứ 4,54,100.00%,88.89%,0.00%,4.08,48,0,54,0,6,0,0.00%,11.11%,54,Bình Thuận,NTB,AM Khánh
NTB - Bình Thuận,(BTH) Bắc Bình,Hàng Mới Ca 1,2026-08-19 - Thứ 4,54,100.00%,90.74%,0.00%,3.94,49,0,54,0,5,0,0.00%,9.26%,54,Bình Thuận,NTB,AM Khánh
NTB - Bình Thuận,(BTH) Bắc Bình,Hàng Mới Ca 1,2026-09-12 - Thứ 7,56,100.00%,87.50%,0.00%,4.43,49,0,56,0,7,0,0.00%,12.50%,56,Bình Thuận,NTB,AM Khánh
NTB - Bình Thuận,(BTH) Bắc Bình,Hàng Mới Ca 1,2026-08-21 - Thứ 6,59,100.00%,84.75%,0.00%,3.66,50,0,59,0,9,0,0.00%,15.25%,59,Bình Thuận,NTB,AM Khánh
NTB - Bình Thuận,(BTH) Bắc Bình,Hàng Mới Ca 1,2026-08-20 - Thứ 5,59,100.00%,86.44%,0.00%,5.2,51,0,59,0,8,0,0.00%,13.56%,59,Bình Thuận,NTB,AM Khánh
NTB - Bình Thuận,(BTH) Bắc Bình,Hàng Mới Ca 1,2026-08-18 - Thứ 3,63,100.00%,87.30%,0.00%,4.71,55,0,63,0,8,0,0.00%,12.70%,63,Bình Thuận,NTB,AM Khánh
NTB - Bình Thuận,(BTH) Bắc Bình,Hàng Mới Ca 1,2026-09-05 - Thứ 7,62,100.00%,91.94%,0.00%,4.6,57,0,62,0,5,0,0.00%,8.06%,62,Bình Thuận,NTB,AM Khánh
NTB - Bình Thuận,(BTH) Bắc Bình,Hàng Mới Ca 1,2026-08-31 - Thứ 2,67,100.00%,86.57%,0.00%,3.84,58,0,67,0,9,0,0.00%,13.43%,67,Bình Thuận,NTB,AM Khánh
NTB - Bình Thuận,(BTH) Bắc Bình,Hàng Mới Ca 1,2026-08-22 - Thứ 7,67,100.00%,86.57%,0.00%,5.52,58,0,67,0,9,0,0.00%,13.43%,67,Bình Thuận,NTB,AM Khánh
NTB - Bình Thuận,(BTH) Bắc Bình,Hàng Mới Ca 1,2026-09-08 - Thứ 3,67,100.00%,88.06%,0.00%,5.34,59,0,67,0,8,0,0.00%,11.94%,67,Bình Thuận,NTB,AM Khánh
NTB - Bình Thuận,(BTH) Bắc Bình,Hàng Mới Ca 1,2026-09-11 - Thứ 6,66,100.00%,90.91%,0.00%,4.77,60,0,66,0,6,0,0.00%,9.09%,66,Bình Thuận,NTB,AM Khánh
NTB - Bình Thuận,(BTH) Bắc Bình,Hàng Mới Ca 1,2026-08-25 - Thứ 3,67,100.00%,92.54%,0.00%,5.68,62,0,67,0,5,0,0.00%,7.46%,67,Bình Thuận,NTB,AM Khánh
NTB - Bình Thuận,(BTH) Bắc Bình,Hàng Mới Ca 1,2026-08-28 - Thứ 6,67,100.00%,92.54%,0.00%,4.73,62,0,67,0,5,0,0.00%,7.46%,67,Bình Thuận,NTB,AM Khánh
NTB - Bình Thuận,(BTH) Bắc Bình,Hàng Mới Ca 1,2026-09-10 - Thứ 5,80,100.00%,87.50%,0.00%,4.56,70,0,80,0,10,0,0.00%,12.50%,80,Bình Thuận,NTB,AM Khánh
NTB - Bình Thuận,(BTH) Bắc Bình,Hàng Mới Ca 1,2026-08-27 - Thứ 5,81,100.00%,87.65%,0.00%,4.49,71,0,81,0,10,0,0.00%,12.35%,81,Bình Thuận,NTB,AM Khánh
NTB - Bình Thuận,(BTH) Bắc Bình,Hàng Mới Ca 1,2026-09-01 - Thứ 3,87,100.00%,88.51%,0.00%,4.58,77,0,87,0,10,0,0.00%,11.49%,87,Bình Thuận,NTB,AM Khánh
NTB - Bình Thuận,(BTH) Bắc Bình,Hàng Mới Ca 2,2026-09-03 - Thứ 5,25,72.00%,60.00%,0.00%,3,15,0,18,0,10,7,28.00%,40.00%,25,Bình Thuận,NTB,AM Khánh
NTB - Bình Thuận,(BTH) Bắc Bình,Hàng Mới Ca 2,2026-09-07 - Thứ 2,41,68.29%,53.66%,0.00%,2.91,22,0,28,0,19,13,31.71%,46.34%,41,Bình Thuận,NTB,AM Khánh
NTB - Bình Thuận,(BTH) Bắc Bình,Hàng Mới Ca 2,2026-08-17 - Thứ 2,37,83.78%,70.27%,0.00%,2.77,26,0,31,0,11,6,16.22%,29.73%,37,Bình Thuận,NTB,AM Khánh
NTB - Bình Thuận,(BTH) Bắc Bình,Hàng Mới Ca 2,2026-09-02 - Thứ 4,50,64.00%,52.00%,0.00%,3.5,26,0,32,0,24,18,36.00%,48.00%,50,Bình Thuận,NTB,AM Khánh
NTB - Bình Thuận,(BTH) Bắc Bình,Hàng Mới Ca 2,2026-09-09 - Thứ 4,54,59.26%,48.15%,0.00%,2.96,26,0,32,0,28,22,40.74%,51.85%,54,Bình Thuận,NTB,AM Khánh
NTB - Bình Thuận,(BTH) Bắc Bình,Hàng Mới Ca 2,2026-09-13 - Chủ Nhật,43,76.74%,62.79%,0.00%,3.15,27,0,33,0,16,10,23.26%,37.21%,43,Bình Thuận,NTB,AM Khánh
NTB - Bình Thuận,(BTH) Bắc Bình,Hàng Mới Ca 2,2026-09-01 - Thứ 3,39,79.49%,69.23%,0.00%,2.67,27,0,31,0,12,8,20.51%,30.77%,39,Bình Thuận,NTB,AM Khánh
NTB - Bình Thuận,(BTH) Bắc Bình,Hàng Mới Ca 2,2026-08-24 - Thứ 2,48,75.00%,60.42%,0.00%,3.34,29,0,36,0,19,12,25.00%,39.58%,48,Bình Thuận,NTB,AM Khánh
NTB - Bình Thuận,(BTH) Bắc Bình,Hàng Mới Ca 2,2026-08-26 - Thứ 4,51,70.59%,60.78%,0.00%,3.45,31,0,36,0,20,15,29.41%,39.22%,51,Bình Thuận,NTB,AM Khánh
NTB - Bình Thuận,(BTH) Bắc Bình,Hàng Mới Ca 2,2026-09-12 - Thứ 7,49,85.71%,67.35%,0.00%,3.48,33,0,42,0,16,7,14.29%,32.65%,49,Bình Thuận,NTB,AM Khánh
NTB - Bình Thuận,(BTH) Bắc Bình,Hàng Mới Ca 2,2026-08-20 - Thứ 5,57,71.93%,59.65%,0.00%,3.79,34,0,41,0,23,16,28.07%,40.35%,57,Bình Thuận,NTB,AM Khánh
NTB - Bình Thuận,(BTH) Bắc Bình,Hàng Mới Ca 2,2026-09-10 - Thứ 5,57,71.93%,59.65%,0.00%,3.35,34,0,41,0,23,16,28.07%,40.35%,57,Bình Thuận,NTB,AM Khánh
NTB - Bình Thuận,(BTH) Bắc Bình,Hàng Mới Ca 2,2026-08-31 - Thứ 2,63,69.84%,53.97%,0.00%,3.12,34,0,44,0,29,19,30.16%,46.03%,63,Bình Thuận,NTB,AM Khánh
NTB - Bình Thuận,(BTH) Bắc Bình,Hàng Mới Ca 2,2026-09-08 - Thứ 3,51,80.39%,68.63%,0.00%,3.54,35,0,41,0,16,10,19.61%,31.37%,51,Bình Thuận,NTB,AM Khánh
NTB - Bình Thuận,(BTH) Bắc Bình,Hàng Mới Ca 2,2026-08-29 - Thứ 7,62,67.74%,58.06%,0.00%,3.08,36,0,42,0,26,20,32.26%,41.94%,62,Bình Thuận,NTB,AM Khánh
NTB - Bình Thuận,(BTH) Bắc Bình,Hàng Mới Ca 2,2026-08-30 - Chủ Nhật,55,78.18%,69.09%,0.00%,2.37,38,0,43,0,17,12,21.82%,30.91%,55,Bình Thuận,NTB,AM Khánh
NTB - Bình Thuận,(BTH) Bắc Bình,Hàng Mới Ca 2,2026-08-23 - Chủ Nhật,66,68.18%,62.12%,0.00%,3.66,41,0,45,0,25,21,31.82%,37.88%,66,Bình Thuận,NTB,AM Khánh
NTB - Bình Thuận,(BTH) Bắc Bình,Hàng Mới Ca 2,2026-09-04 - Thứ 6,62,79.03%,67.74%,0.00%,3.4,42,0,49,0,20,13,20.97%,32.26%,62,Bình Thuận,NTB,AM Khánh
NTB - Bình Thuận,(BTH) Bắc Bình,Hàng Mới Ca 2,2026-09-11 - Thứ 6,63,80.95%,66.67%,0.00%,3.31,42,0,51,0,21,12,19.05%,33.33%,63,Bình Thuận,NTB,AM Khánh
NTB - Bình Thuận,(BTH) Bắc Bình,Hàng Mới Ca 2,2026-08-27 - Thứ 5,69,75.36%,63.77%,0.00%,3.64,44,0,52,0,25,17,24.64%,36.23%,69,Bình Thuận,NTB,AM Khánh
NTB - Bình Thuận,(BTH) Bắc Bình,Hàng Mới Ca 2,2026-08-22 - Thứ 7,65,80.00%,67.69%,0.00%,3.32,44,0,52,0,21,13,20.00%,32.31%,65,Bình Thuận,NTB,AM Khánh
NTB - Bình Thuận,(BTH) Bắc Bình,Hàng Mới Ca 2,2026-08-18 - Thứ 3,83,77.11%,54.22%,0.00%,3.69,45,0,64,0,38,19,22.89%,45.78%,83,Bình Thuận,NTB,AM Khánh
NTB - Bình Thuận,(BTH) Bắc Bình,Hàng Mới Ca 2,2026-08-28 - Thứ 6,77,72.73%,58.44%,0.00%,3.91,45,0,56,0,32,21,27.27%,41.56%,77,Bình Thuận,NTB,AM Khánh
NTB - Bình Thuận,(BTH) Bắc Bình,Hàng Mới Ca 2,2026-08-19 - Thứ 4,69,79.71%,68.12%,0.00%,3.38,47,0,55,0,22,14,20.29%,31.88%,69,Bình Thuận,NTB,AM Khánh
NTB - Bình Thuận,(BTH) Bắc Bình,Hàng Mới Ca 2,2026-09-05 - Thứ 7,75,80.00%,65.33%,0.00%,3.33,49,0,60,0,26,15,20.00%,34.67%,75,Bình Thuận,NTB,AM Khánh
NTB - Bình Thuận,(BTH) Bắc Bình,Hàng Mới Ca 2,2026-08-25 - Thứ 3,75,77.33%,66.67%,0.00%,3.6,50,0,58,0,25,17,22.67%,33.33%,75,Bình Thuận,NTB,AM Khánh
NTB - Bình Thuận,(BTH) Bắc Bình,Hàng Mới Ca 2,2026-08-21 - Thứ 6,77,79.22%,66.23%,0.00%,3.63,51,0,61,0,26,16,20.78%,33.77%,77,Bình Thuận,NTB,AM Khánh
NTB - Bình Thuận,(BTH) Bắc Bình,Hàng Mới Ca 2,2026-09-06 - Chủ Nhật,109,68.81%,56.88%,0.00%,3.19,62,0,75,0,47,34,31.19%,43.12%,109,Bình Thuận,NTB,AM Khánh
NTB - Bình Thuận,(BTH) Bắc Bình,Hàng Tồn,2026-08-18 - Thứ 3,31,96.77%,45.16%,3.23%,33.57,14,1,30,1,16,1,3.23%,51.61%,0,Bình Thuận,NTB,AM Khánh
NTB - Bình Thuận,(BTH) Bắc Bình,Hàng Tồn,2026-09-04 - Thứ 6,26,100.00%,61.54%,7.69%,40.19,16,2,26,2,8,0,0.00%,30.77%,0,Bình Thuận,NTB,AM Khánh
NTB - Bình Thuận,(BTH) Bắc Bình,Hàng Tồn,2026-08-25 - Thứ 3,31,96.77%,51.61%,0.00%,32.5,16,0,30,0,15,1,3.23%,48.39%,0,Bình Thuận,NTB,AM Khánh
NTB - Bình Thuận,(BTH) Bắc Bình,Hàng Tồn,2026-08-31 - Thứ 2,36,100.00%,50.00%,8.33%,25.44,18,3,36,3,15,0,0.00%,41.67%,0,Bình Thuận,NTB,AM Khánh
NTB - Bình Thuận,(BTH) Bắc Bình,Hàng Tồn,2026-09-12 - Thứ 7,38,100.00%,50.00%,2.63%,29.11,19,1,38,1,18,0,0.00%,47.37%,0,Bình Thuận,NTB,AM Khánh
NTB - Bình Thuận,(BTH) Bắc Bình,Hàng Tồn,2026-09-08 - Thứ 3,41,100.00%,48.78%,2.44%,29.9,20,1,41,1,20,0,0.00%,48.78%,0,Bình Thuận,NTB,AM Khánh
NTB - Bình Thuận,(BTH) Bắc Bình,Hàng Tồn,2026-09-02 - Thứ 4,41,100.00%,48.78%,2.44%,35.3,20,1,41,1,20,0,0.00%,48.78%,0,Bình Thuận,NTB,AM Khánh
NTB - Bình Thuận,(BTH) Bắc Bình,Hàng Tồn,2026-09-09 - Thứ 4,44,100.00%,47.73%,2.27%,29.81,21,1,44,1,22,0,0.00%,50.00%,0,Bình Thuận,NTB,AM Khánh
NTB - Bình Thuận,(BTH) Bắc Bình,Hàng Tồn,2026-09-05 - Thứ 7,30,100.00%,73.33%,10.00%,26,22,3,30,3,5,0,0.00%,16.67%,0,Bình Thuận,NTB,AM Khánh
NTB - Bình Thuận,(BTH) Bắc Bình,Hàng Tồn,2026-08-27 - Thứ 5,39,100.00%,64.10%,0.00%,29.04,25,0,39,0,14,0,0.00%,35.90%,0,Bình Thuận,NTB,AM Khánh
NTB - Bình Thuận,(BTH) Bắc Bình,Hàng Tồn,2026-08-21 - Thứ 6,40,97.50%,62.50%,2.50%,26.52,25,1,39,1,14,1,2.50%,35.00%,0,Bình Thuận,NTB,AM Khánh
NTB - Bình Thuận,(BTH) Bắc Bình,Hàng Tồn,2026-08-26 - Thứ 4,43,100.00%,58.14%,9.30%,28.08,25,4,43,4,14,0,0.00%,32.56%,0,Bình Thuận,NTB,AM Khánh
NTB - Bình Thuận,(BTH) Bắc Bình,Hàng Tồn,2026-09-13 - Chủ Nhật,39,100.00%,64.10%,7.69%,33.88,25,3,39,3,11,0,0.00%,28.21%,0,Bình Thuận,NTB,AM Khánh
NTB - Bình Thuận,(BTH) Bắc Bình,Hàng Tồn,2026-08-20 - Thứ 5,38,97.37%,68.42%,5.26%,29.19,26,2,37,2,10,1,2.63%,26.32%,0,Bình Thuận,NTB,AM Khánh
NTB - Bình Thuận,(BTH) Bắc Bình,Hàng Tồn,2026-08-17 - Thứ 2,40,100.00%,65.00%,2.50%,26.58,26,1,40,1,13,0,0.00%,32.50%,0,Bình Thuận,NTB,AM Khánh
NTB - Bình Thuận,(BTH) Bắc Bình,Hàng Tồn,2026-09-10 - Thứ 5,48,100.00%,54.17%,8.33%,29.58,26,4,48,4,18,0,0.00%,37.50%,0,Bình Thuận,NTB,AM Khánh
NTB - Bình Thuận,(BTH) Bắc Bình,Hàng Tồn,2026-09-03 - Thứ 5,43,100.00%,60.47%,4.65%,30.15,26,2,43,2,15,0,0.00%,34.88%,0,Bình Thuận,NTB,AM Khánh
NTB - Bình Thuận,(BTH) Bắc Bình,Hàng Tồn,2026-08-23 - Chủ Nhật,43,100.00%,62.79%,6.98%,28.7,27,3,43,3,13,0,0.00%,30.23%,0,Bình Thuận,NTB,AM Khánh
NTB - Bình Thuận,(BTH) Bắc Bình,Hàng Tồn,2026-08-28 - Thứ 6,46,100.00%,58.70%,2.17%,28.63,27,1,46,1,18,0,0.00%,39.13%,0,Bình Thuận,NTB,AM Khánh
NTB - Bình Thuận,(BTH) Bắc Bình,Hàng Tồn,2026-08-24 - Thứ 2,40,100.00%,70.00%,5.00%,27.07,28,2,40,2,10,0,0.00%,25.00%,0,Bình Thuận,NTB,AM Khánh
NTB - Bình Thuận,(BTH) Bắc Bình,Hàng Tồn,2026-09-06 - Chủ Nhật,38,100.00%,78.95%,0.00%,28.87,30,0,38,0,8,0,0.00%,21.05%,0,Bình Thuận,NTB,AM Khánh
NTB - Bình Thuận,(BTH) Bắc Bình,Hàng Tồn,2026-08-30 - Chủ Nhật,43,97.67%,72.09%,0.00%,30.35,31,0,42,0,12,1,2.33%,27.91%,0,Bình Thuận,NTB,AM Khánh
NTB - Bình Thuận,(BTH) Bắc Bình,Hàng Tồn,2026-09-01 - Thứ 3,50,100.00%,62.00%,0.00%,28.19,31,0,50,0,19,0,0.00%,38.00%,0,Bình Thuận,NTB,AM Khánh
NTB - Bình Thuận,(BTH) Bắc Bình,Hàng Tồn,2026-09-11 - Thứ 6,49,100.00%,65.31%,10.20%,29.88,32,5,49,5,12,0,0.00%,24.49%,0,Bình Thuận,NTB,AM Khánh
NTB - Bình Thuận,(BTH) Bắc Bình,Hàng Tồn,2026-08-22 - Thứ 7,47,100.00%,70.21%,0.00%,31.33,33,0,47,0,14,0,0.00%,29.79%,0,Bình Thuận,NTB,AM Khánh
NTB - Bình Thuận,(BTH) Bắc Bình,Hàng Tồn,2026-08-29 - Thứ 7,55,100.00%,61.82%,12.73%,25.59,34,7,55,7,14,0,0.00%,25.45%,0,Bình Thuận,NTB,AM Khánh
NTB - Bình Thuận,(BTH) Bắc Bình,Hàng Tồn,2026-09-07 - Thứ 2,61,100.00%,72.13%,0.00%,25.98,44,0,61,0,17,0,0.00%,27.87%,0,Bình Thuận,NTB,AM Khánh
NTB - Bình Thuận,(BTH) Bắc Bình,Hàng Tồn,2026-08-19 - Thứ 4,61,96.72%,78.69%,0.00%,29.79,48,0,59,0,13,2,3.28%,21.31%,0,Bình Thuận,NTB,AM Khánh