Cấp Quản Lý,Chi tiết,Loại Hàng,Time,Volume,% Gán,% GTC,Sản Lượng Giao Thành Công,Sản Lượng Tồn,% Chưa Gán,%Tồn,Hàng Mới Về Trong Ngày,AM,Unnamed: 13,Cấp Quản Lý.1,Chi tiết.1,Loại Hàng.1,Time.1,Volume.1,% Gán.1,% GTC.1,Sản Lượng Giao Thành Công.1,Sản Lượng Tồn.1,% Chưa Gán.1,%Tồn.1,Hàng Mới Về Trong Ngày.1,AM.1,Unnamed: 27,Cấp Quản Lý.2,Chi tiết.2,Loại Hàng.2,Time.2,Volume.2,% Gán.2,% GTC.2,Sản Lượng Giao Thành Công.2,Sản Lượng Tồn.2,% Chưa Gán.2,%Tồn.2,Hàng Mới Về Trong Ngày.2,AM.2
NTB - Bình Thuận,(BTH) Bắc Bình,Hàng Mới Ca 1,2026-09-24 - Thứ 5,477,99.79%,87.21%,416,54,0.21%,11.32%,477,AM Khánh,,NTB - Bình Thuận,(BTH) Bắc Bình,Hàng Mới Ca 2,2026-09-24 - Thứ 5,64,81.25%,64.06%,41,23,18.75%,35.94%,64,AM Khánh,,NTB - Bình Thuận,(BTH) Bắc Bình,Hàng Tồn,2026-09-24 - Thứ 5,150,100.00%,64.67%,97,44,0.00%,29.33%,0,AM Khánh
NTB - Bình Thuận,(BTH) Bắc Bình,Hàng Mới Ca 1,2026-09-25 - Thứ 6,590,100.00%,87.63%,517,65,0.00%,11.01%,590,AM Khánh,,NTB - Bình Thuận,(BTH) Bắc Bình,Hàng Mới Ca 2,2026-09-25 - Thứ 6,335,82.39%,61.49%,206,129,17.61%,38.51%,335,AM Khánh,,NTB - Bình Thuận,(BTH) Bắc Bình,Hàng Tồn,2026-09-25 - Thứ 6,111,100.00%,57.66%,64,40,0.00%,36.03%,0,AM Khánh
NTB - Bình Thuận,(BTH) Bắc Bình,Hàng Mới Ca 1,2026-09-26 - Thứ 7,210,100.00%,94.29%,198,12,0.00%,5.71%,210,AM Khánh,,NTB - Bình Thuận,(BTH) Bắc Bình,Hàng Mới Ca 2,2026-09-26 - Thứ 7,242,79.34%,65.70%,159,83,20.66%,34.30%,242,AM Khánh,,NTB - Bình Thuận,(BTH) Bắc Bình,Hàng Tồn,2026-09-26 - Thứ 7,230,99.13%,61.30%,141,86,0.87%,37.40%,0,AM Khánh
NTB - Bình Thuận,(BTH) Bắc Bình,Hàng Mới Ca 1,2026-09-27 - Chủ Nhật,288,99.65%,90.63%,261,27,0.35%,9.37%,288,AM Khánh,,NTB - Bình Thuận,(BTH) Bắc Bình,Hàng Mới Ca 2,2026-09-27 - Chủ Nhật,188,82.45%,65.43%,123,65,17.55%,34.57%,188,AM Khánh,,NTB - Bình Thuận,(BTH) Bắc Bình,Hàng Tồn,2026-09-27 - Chủ Nhật,155,98.06%,54.84%,85,61,1.94%,39.35%,0,AM Khánh
NTB - Bình Thuận,(BTH) Bắc Bình,Hàng Mới Ca 1,2026-09-28 - Thứ 2,209,100.00%,86.12%,180,29,0.00%,13.88%,209,AM Khánh,,NTB - Bình Thuận,(BTH) Bắc Bình,Hàng Mới Ca 2,2026-09-28 - Thứ 2,135,78.52%,62.96%,85,49,21.48%,36.30%,135,AM Khánh,,NTB - Bình Thuận,(BTH) Bắc Bình,Hàng Tồn,2026-09-28 - Thứ 2,137,97.08%,58.39%,80,44,2.92%,32.12%,0,AM Khánh
NTB - Bình Thuận,(BTH) Bắc Bình,Hàng Mới Ca 1,2026-09-29 - Thứ 3,270,100.00%,90.00%,243,25,0.00%,9.26%,270,AM Khánh,,NTB - Bình Thuận,(BTH) Bắc Bình,Hàng Mới Ca 2,2026-09-29 - Thứ 3,257,78.99%,66.93%,172,84,21.01%,32.68%,257,AM Khánh,,NTB - Bình Thuận,(BTH) Bắc Bình,Hàng Tồn,2026-09-29 - Thứ 3,113,98.23%,57.52%,65,39,1.77%,34.52%,0,AM Khánh
NTB - Bình Thuận,(BTH) Bắc Bình,Hàng Mới Ca 1,2026-09-30 - Thứ 4,240,100.00%,88.75%,213,26,0.00%,10.83%,240,AM Khánh,,NTB - Bình Thuận,(BTH) Bắc Bình,Hàng Mới Ca 2,2026-09-30 - Thứ 4,279,79.21%,60.57%,169,109,20.79%,39.07%,279,AM Khánh,,NTB - Bình Thuận,(BTH) Bắc Bình,Hàng Tồn,2026-09-30 - Thứ 4,144,98.61%,63.89%,92,45,1.39%,31.25%,0,AM Khánh
NTB - Bình Thuận,(BTH) Hàm Liêm,Hàng Mới Ca 1,2026-09-24 - Thứ 5,359,99.44%,57.38%,206,147,0.56%,40.95%,359,AM Nhựt,,NTB - Bình Thuận,(BTH) Hàm Liêm,Hàng Mới Ca 2,2026-09-24 - Thứ 5,102,33.33%,26.47%,27,74,66.67%,72.55%,102,AM Nhựt,,NTB - Bình Thuận,(BTH) Hàm Liêm,Hàng Tồn,2026-09-24 - Thứ 5,446,99.33%,42.15%,188,236,0.67%,52.92%,0,AM Nhựt
NTB - Bình Thuận,(BTH) Hàm Liêm,Hàng Mới Ca 1,2026-09-25 - Thứ 6,712,64.47%,52.39%,373,332,35.53%,46.63%,712,AM Nhựt,,NTB - Bình Thuận,(BTH) Hàm Liêm,Hàng Mới Ca 2,2026-09-25 - Thứ 6,81,32.10%,27.16%,22,59,67.90%,72.84%,81,AM Nhựt,,NTB - Bình Thuận,(BTH) Hàm Liêm,Hàng Tồn,2026-09-25 - Thứ 6,441,94.33%,44.67%,197,225,5.67%,51.02%,0,AM Nhựt
NTB - Bình Thuận,(BTH) Hàm Liêm,Hàng Mới Ca 1,2026-09-26 - Thứ 7,532,99.62%,73.87%,393,127,0.38%,23.87%,532,AM Nhựt,,NTB - Bình Thuận,(BTH) Hàm Liêm,Hàng Mới Ca 2,2026-09-26 - Thứ 7,347,29.97%,23.63%,82,265,70.03%,76.37%,347,AM Nhựt,,NTB - Bình Thuận,(BTH) Hàm Liêm,Hàng Tồn,2026-09-26 - Thứ 7,589,99.32%,55.18%,325,248,0.68%,42.10%,0,AM Nhựt
NTB - Bình Thuận,(BTH) Hàm Liêm,Hàng Mới Ca 1,2026-09-27 - Chủ Nhật,271,94.83%,78.23%,212,57,5.17%,21.03%,271,AM Nhựt,,NTB - Bình Thuận,(BTH) Hàm Liêm,Hàng Mới Ca 2,2026-09-27 - Chủ Nhật,170,39.41%,34.12%,58,112,60.59%,65.88%,170,AM Nhựt,,NTB - Bình Thuận,(BTH) Hàm Liêm,Hàng Tồn,2026-09-27 - Chủ Nhật,608,99.01%,68.42%,416,164,0.99%,26.97%,0,AM Nhựt
NTB - Bình Thuận,(BTH) Hàm Liêm,Hàng Mới Ca 1,2026-09-28 - Thứ 2,282,100.00%,80.50%,227,53,0.00%,18.79%,282,AM Nhựt,,NTB - Bình Thuận,(BTH) Hàm Liêm,Hàng Mới Ca 2,2026-09-28 - Thứ 2,219,43.38%,35.62%,78,138,56.62%,63.01%,219,AM Nhựt,,NTB - Bình Thuận,(BTH) Hàm Liêm,Hàng Tồn,2026-09-28 - Thứ 2,335,98.51%,64.18%,215,105,1.49%,31.34%,0,AM Nhựt
NTB - Bình Thuận,(BTH) Hàm Liêm,Hàng Mới Ca 1,2026-09-29 - Thứ 3,298,100.00%,84.23%,251,42,0.00%,14.09%,298,AM Nhựt,,NTB - Bình Thuận,(BTH) Hàm Liêm,Hàng Mới Ca 2,2026-09-29 - Thứ 3,279,57.71%,50.54%,141,136,42.29%,48.74%,279,AM Nhựt,,NTB - Bình Thuận,(BTH) Hàm Liêm,Hàng Tồn,2026-09-29 - Thứ 3,268,98.51%,56.72%,152,103,1.49%,38.43%,0,AM Nhựt
NTB - Bình Thuận,(BTH) Hàm Liêm,Hàng Mới Ca 1,2026-09-30 - Thứ 4,325,99.08%,83.38%,271,48,0.92%,14.77%,325,AM Nhựt,,NTB - Bình Thuận,(BTH) Hàm Liêm,Hàng Mới Ca 2,2026-09-30 - Thứ 4,329,65.05%,56.53%,186,143,34.95%,43.47%,329,AM Nhựt,,NTB - Bình Thuận,(BTH) Hàm Liêm,Hàng Tồn,2026-09-30 - Thứ 4,269,97.40%,55.02%,148,108,2.60%,40.15%,0,AM Nhựt
NTB - Bình Thuận,(BTH) Hàm Thuận,Hàng Mới Ca 1,2026-09-24 - Thứ 5,552,99.09%,79.35%,438,110,0.91%,19.93%,552,AM Nhựt,,NTB - Bình Thuận,(BTH) Hàm Thuận,Hàng Mới Ca 2,2026-09-24 - Thứ 5,117,29.91%,28.21%,33,84,70.09%,71.79%,117,AM Nhựt,,NTB - Bình Thuận,(BTH) Hàm Thuận,Hàng Tồn,2026-09-24 - Thứ 5,559,99.64%,64.76%,362,176,0.36%,31.48%,0,AM Nhựt
NTB - Bình Thuận,(BTH) Hàm Thuận,Hàng Mới Ca 1,2026-09-25 - Thứ 6,"1,048",99.62%,74.05%,776,268,0.38%,25.57%,"1,048",AM Nhựt,,NTB - Bình Thuận,(BTH) Hàm Thuận,Hàng Mới Ca 2,2026-09-25 - Thứ 6,97,31.96%,19.59%,19,78,68.04%,80.41%,97,AM Nhựt,,NTB - Bình Thuận,(BTH) Hàm Thuận,Hàng Tồn,2026-09-25 - Thứ 6,341,99.12%,49.27%,168,161,0.88%,47.21%,0,AM Nhựt
NTB - Bình Thuận,(BTH) Hàm Thuận,Hàng Mới Ca 1,2026-09-26 - Thứ 7,811,99.75%,81.26%,659,149,0.25%,18.37%,811,AM Nhựt,,NTB - Bình Thuận,(BTH) Hàm Thuận,Hàng Mới Ca 2,2026-09-26 - Thứ 7,550,23.09%,17.27%,95,454,76.91%,82.55%,550,AM Nhựt,,NTB - Bình Thuận,(BTH) Hàm Thuận,Hàng Tồn,2026-09-26 - Thứ 7,489,99.18%,56.65%,277,196,0.82%,40.08%,0,AM Nhựt
NTB - Bình Thuận,(BTH) Hàm Thuận,Hàng Mới Ca 1,2026-09-27 - Chủ Nhật,422,98.82%,80.33%,339,79,1.18%,18.72%,422,AM Nhựt,,NTB - Bình Thuận,(BTH) Hàm Thuận,Hàng Mới Ca 2,2026-09-27 - Chủ Nhật,313,22.36%,19.81%,62,251,77.64%,80.19%,313,AM Nhựt,,NTB - Bình Thuận,(BTH) Hàm Thuận,Hàng Tồn,2026-09-27 - Chủ Nhật,780,99.87%,65.26%,509,246,0.13%,31.53%,0,AM Nhựt
NTB - Bình Thuận,(BTH) Hàm Thuận,Hàng Mới Ca 1,2026-09-28 - Thứ 2,463,100.00%,82.29%,381,78,0.00%,16.85%,463,AM Nhựt,,NTB - Bình Thuận,(BTH) Hàm Thuận,Hàng Mới Ca 2,2026-09-28 - Thứ 2,330,25.76%,20.30%,67,263,74.24%,79.70%,330,AM Nhựt,,NTB - Bình Thuận,(BTH) Hàm Thuận,Hàng Tồn,2026-09-28 - Thứ 2,563,98.93%,71.40%,402,137,1.07%,24.34%,0,AM Nhựt
NTB - Bình Thuận,(BTH) Hàm Thuận,Hàng Mới Ca 1,2026-09-29 - Thứ 3,451,99.11%,85.14%,384,65,0.89%,14.42%,451,AM Nhựt,,NTB - Bình Thuận,(BTH) Hàm Thuận,Hàng Mới Ca 2,2026-09-29 - Thứ 3,478,34.73%,27.41%,131,347,65.27%,72.59%,478,AM Nhựt,,NTB - Bình Thuận,(BTH) Hàm Thuận,Hàng Tồn,2026-09-29 - Thứ 3,446,99.55%,65.02%,290,136,0.45%,30.50%,0,AM Nhựt
NTB - Bình Thuận,(BTH) Hàm Thuận,Hàng Mới Ca 1,2026-09-30 - Thứ 4,456,99.78%,84.87%,387,65,0.22%,14.25%,456,AM Nhựt,,NTB - Bình Thuận,(BTH) Hàm Thuận,Hàng Mới Ca 2,2026-09-30 - Thứ 4,505,35.84%,28.71%,145,359,64.16%,71.09%,505,AM Nhựt,,NTB - Bình Thuận,(BTH) Hàm Thuận,Hàng Tồn,2026-09-30 - Thứ 4,525,99.05%,65.52%,344,160,0.95%,30.48%,0,AM Nhựt
NTB - Bình Thuận,(BTH) Hàm Thuận Nam,Hàng Mới Ca 1,2026-09-24 - Thứ 5,194,99.48%,78.87%,153,39,0.52%,20.10%,194,AM Thủy,,NTB - Bình Thuận,(BTH) Hàm Thuận Nam,Hàng Mới Ca 2,2026-09-24 - Thứ 5,170,84.71%,58.82%,100,70,15.29%,41.18%,170,AM Thủy,,NTB - Bình Thuận,(BTH) Hàm Thuận Nam,Hàng Tồn,2026-09-24 - Thứ 5,156,97.44%,61.54%,96,54,2.56%,34.61%,0,AM Thủy
NTB - Bình Thuận,(BTH) Hàm Thuận Nam,Hàng Mới Ca 1,2026-09-25 - Thứ 6,221,99.55%,84.62%,187,32,0.45%,14.48%,221,AM Thủy,,NTB - Bình Thuận,(BTH) Hàm Thuận Nam,Hàng Mới Ca 2,2026-09-25 - Thứ 6,160,83.13%,67.50%,108,52,16.87%,32.50%,160,AM Thủy,,NTB - Bình Thuận,(BTH) Hàm Thuận Nam,Hàng Tồn,2026-09-25 - Thứ 6,155,97.42%,64.52%,100,48,2.58%,30.96%,0,AM Thủy
NTB - Bình Thuận,(BTH) Hàm Thuận Nam,Hàng Mới Ca 1,2026-09-26 - Thứ 7,185,100.00%,80.54%,149,32,0.00%,17.30%,185,AM Thủy,,NTB - Bình Thuận,(BTH) Hàm Thuận Nam,Hàng Mới Ca 2,2026-09-26 - Thứ 7,178,87.08%,61.80%,110,65,12.92%,36.51%,178,AM Thủy,,NTB - Bình Thuận,(BTH) Hàm Thuận Nam,Hàng Tồn,2026-09-26 - Thứ 7,125,88.00%,54.40%,68,52,12.00%,41.60%,0,AM Thủy
NTB - Bình Thuận,(BTH) Hàm Thuận Nam,Hàng Mới Ca 1,2026-09-27 - Chủ Nhật,148,100.00%,78.38%,116,31,0.00%,20.94%,148,AM Thủy,,NTB - Bình Thuận,(BTH) Hàm Thuận Nam,Hàng Mới Ca 2,2026-09-27 - Chủ Nhật,68,79.41%,58.82%,40,28,20.59%,41.18%,68,AM Thủy,,NTB - Bình Thuận,(BTH) Hàm Thuận Nam,Hàng Tồn,2026-09-27 - Chủ Nhật,142,97.89%,47.18%,67,71,2.11%,50.00%,0,AM Thủy
NTB - Bình Thuận,(BTH) Hàm Thuận Nam,Hàng Mới Ca 1,2026-09-28 - Thứ 2,170,99.41%,85.29%,145,24,0.59%,14.12%,170,AM Thủy,,NTB - Bình Thuận,(BTH) Hàm Thuận Nam,Hàng Mới Ca 2,2026-09-28 - Thứ 2,104,77.88%,52.88%,55,48,22.12%,46.16%,104,AM Thủy,,NTB - Bình Thuận,(BTH) Hàm Thuận Nam,Hàng Tồn,2026-09-28 - Thứ 2,119,97.48%,45.38%,54,52,2.52%,43.70%,0,AM Thủy
NTB - Bình Thuận,(BTH) Hàm Thuận Nam,Hàng Mới Ca 1,2026-09-29 - Thứ 3,146,100.00%,79.45%,116,29,0.00%,19.87%,146,AM Thủy,,NTB - Bình Thuận,(BTH) Hàm Thuận Nam,Hàng Mới Ca 2,2026-09-29 - Thứ 3,128,82.81%,59.38%,76,52,17.19%,40.62%,128,AM Thủy,,NTB - Bình Thuận,(BTH) Hàm Thuận Nam,Hàng Tồn,2026-09-29 - Thứ 3,109,95.41%,49.54%,54,50,4.59%,45.87%,0,AM Thủy
NTB - Bình Thuận,(BTH) Hàm Thuận Nam,Hàng Mới Ca 1,2026-09-30 - Thứ 4,177,100.00%,81.92%,145,29,0.00%,16.39%,177,AM Thủy,,NTB - Bình Thuận,(BTH) Hàm Thuận Nam,Hàng Mới Ca 2,2026-09-30 - Thứ 4,163,87.73%,67.48%,110,53,12.27%,32.52%,163,AM Thủy,,NTB - Bình Thuận,(BTH) Hàm Thuận Nam,Hàng Tồn,2026-09-30 - Thứ 4,118,97.46%,55.08%,65,46,2.54%,38.99%,0,AM Thủy
NTB - Bình Thuận,(BTH) Hàm Thắng,Hàng Mới Ca 1,2026-09-24 - Thứ 5,510,100.00%,87.06%,444,62,0.00%,12.16%,510,AM Khánh,,NTB - Bình Thuận,(BTH) Hàm Thắng,Hàng Mới Ca 2,2026-09-24 - Thứ 5,524,81.87%,67.56%,354,168,18.13%,32.06%,524,AM Khánh,,NTB - Bình Thuận,(BTH) Hàm Thắng,Hàng Tồn,2026-09-24 - Thứ 5,338,96.15%,50.59%,171,158,3.85%,46.75%,0,AM Khánh
NTB - Bình Thuận,(BTH) Hàm Thắng,Hàng Mới Ca 1,2026-09-25 - Thứ 6,605,93.55%,84.96%,514,87,6.45%,14.38%,605,AM Khánh,,NTB - Bình Thuận,(BTH) Hàm Thắng,Hàng Mới Ca 2,2026-09-25 - Thứ 6,490,88.37%,76.12%,373,108,11.63%,22.04%,490,AM Khánh,,NTB - Bình Thuận,(BTH) Hàm Thắng,Hàng Tồn,2026-09-25 - Thứ 6,336,96.73%,52.98%,178,137,3.27%,40.77%,0,AM Khánh
NTB - Bình Thuận,(BTH) Hàm Thắng,Hàng Mới Ca 1,2026-09-26 - Thứ 7,428,100.00%,86.45%,370,51,0.00%,11.91%,428,AM Khánh,,NTB - Bình Thuận,(BTH) Hàm Thắng,Hàng Mới Ca 2,2026-09-26 - Thứ 7,458,88.65%,75.98%,348,109,11.35%,23.80%,458,AM Khánh,,NTB - Bình Thuận,(BTH) Hàm Thắng,Hàng Tồn,2026-09-26 - Thứ 7,319,87.77%,40.44%,129,169,12.23%,52.98%,0,AM Khánh
NTB - Bình Thuận,(BTH) Hàm Thắng,Hàng Mới Ca 1,2026-09-27 - Chủ Nhật,389,100.00%,86.63%,337,51,0.00%,13.11%,389,AM Khánh,,NTB - Bình Thuận,(BTH) Hàm Thắng,Hàng Mới Ca 2,2026-09-27 - Chủ Nhật,306,85.29%,70.59%,216,89,14.71%,29.08%,306,AM Khánh,,NTB - Bình Thuận,(BTH) Hàm Thắng,Hàng Tồn,2026-09-27 - Chủ Nhật,289,97.23%,49.13%,142,131,2.77%,45.33%,0,AM Khánh
NTB - Bình Thuận,(BTH) Hàm Thắng,Hàng Mới Ca 1,2026-09-28 - Thứ 2,387,99.74%,89.41%,346,40,0.26%,10.33%,387,AM Khánh,,NTB - Bình Thuận,(BTH) Hàm Thắng,Hàng Mới Ca 2,2026-09-28 - Thứ 2,284,87.68%,75.35%,214,69,12.32%,24.30%,284,AM Khánh,,NTB - Bình Thuận,(BTH) Hàm Thắng,Hàng Tồn,2026-09-28 - Thứ 2,242,97.93%,47.93%,116,112,2.07%,46.28%,0,AM Khánh
NTB - Bình Thuận,(BTH) Hàm Thắng,Hàng Mới Ca 1,2026-09-29 - Thứ 3,439,99.54%,87.24%,383,51,0.46%,11.62%,439,AM Khánh,,NTB - Bình Thuận,(BTH) Hàm Thắng,Hàng Mới Ca 2,2026-09-29 - Thứ 3,441,87.53%,72.56%,320,119,12.47%,26.99%,441,AM Khánh,,NTB - Bình Thuận,(BTH) Hàm Thắng,Hàng Tồn,2026-09-29 - Thứ 3,175,97.14%,42.86%,75,87,2.86%,49.71%,0,AM Khánh
NTB - Bình Thuận,(BTH) Hàm Thắng,Hàng Mới Ca 1,2026-09-30 - Thứ 4,442,100.00%,89.59%,396,41,0.00%,9.28%,442,AM Khánh,,NTB - Bình Thuận,(BTH) Hàm Thắng,Hàng Mới Ca 2,2026-09-30 - Thứ 4,430,86.28%,76.51%,329,98,13.72%,22.79%,430,AM Khánh,,NTB - Bình Thuận,(BTH) Hàm Thắng,Hàng Tồn,2026-09-30 - Thứ 4,233,99.14%,46.35%,108,108,0.86%,46.35%,0,AM Khánh
NTB - Bình Thuận,(BTH) Hàm Tân,Hàng Mới Ca 1,2026-09-24 - Thứ 5,366,100.00%,81.15%,297,65,0.00%,17.76%,366,AM Thủy,,NTB - Bình Thuận,(BTH) Hàm Tân,Hàng Mới Ca 2,2026-09-24 - Thứ 5,339,49.85%,36.87%,125,213,50.15%,62.84%,339,AM Thủy,,NTB - Bình Thuận,(BTH) Hàm Tân,Hàng Tồn,2026-09-24 - Thứ 5,360,98.61%,53.89%,194,146,1.39%,40.55%,0,AM Thủy
NTB - Bình Thuận,(BTH) Hàm Tân,Hàng Mới Ca 1,2026-09-25 - Thứ 6,361,100.00%,80.61%,291,67,0.00%,18.56%,361,AM Thủy,,NTB - Bình Thuận,(BTH) Hàm Tân,Hàng Mới Ca 2,2026-09-25 - Thứ 6,258,43.41%,19.38%,50,207,56.59%,80.23%,258,AM Thủy,,NTB - Bình Thuận,(BTH) Hàm Tân,Hàng Tồn,2026-09-25 - Thứ 6,407,98.53%,53.56%,218,162,1.47%,39.81%,0,AM Thủy
NTB - Bình Thuận,(BTH) Hàm Tân,Hàng Mới Ca 1,2026-09-26 - Thứ 7,280,100.00%,76.79%,215,60,0.00%,21.42%,280,AM Thủy,,NTB - Bình Thuận,(BTH) Hàm Tân,Hàng Mới Ca 2,2026-09-26 - Thứ 7,292,23.29%,13.01%,38,254,76.71%,86.99%,292,AM Thủy,,NTB - Bình Thuận,(BTH) Hàm Tân,Hàng Tồn,2026-09-26 - Thứ 7,409,98.53%,50.61%,207,189,1.47%,46.21%,0,AM Thủy
NTB - Bình Thuận,(BTH) Hàm Tân,Hàng Mới Ca 1,2026-09-27 - Chủ Nhật,337,99.70%,75.96%,256,77,0.30%,22.85%,337,AM Thủy,,NTB - Bình Thuận,(BTH) Hàm Tân,Hàng Mới Ca 2,2026-09-27 - Chủ Nhật,172,41.86%,23.26%,40,130,58.14%,75.58%,172,AM Thủy,,NTB - Bình Thuận,(BTH) Hàm Tân,Hàng Tồn,2026-09-27 - Chủ Nhật,482,99.79%,59.54%,287,170,0.21%,35.27%,0,AM Thủy
NTB - Bình Thuận,(BTH) Hàm Tân,Hàng Mới Ca 1,2026-09-28 - Thứ 2,278,100.00%,78.42%,218,56,0.00%,20.14%,278,AM Thủy,,NTB - Bình Thuận,(BTH) Hàm Tân,Hàng Mới Ca 2,2026-09-28 - Thứ 2,227,63.00%,41.41%,94,133,37.00%,58.59%,227,AM Thủy,,NTB - Bình Thuận,(BTH) Hàm Tân,Hàng Tồn,2026-09-28 - Thứ 2,351,98.58%,52.14%,183,139,1.42%,39.60%,0,AM Thủy
NTB - Bình Thuận,(BTH) Hàm Tân,Hàng Mới Ca 1,2026-09-29 - Thứ 3,250,99.60%,86.40%,216,34,0.40%,13.60%,250,AM Thủy,,NTB - Bình Thuận,(BTH) Hàm Tân,Hàng Mới Ca 2,2026-09-29 - Thứ 3,249,60.64%,31.73%,79,170,39.36%,68.27%,249,AM Thủy,,NTB - Bình Thuận,(BTH) Hàm Tân,Hàng Tồn,2026-09-29 - Thứ 3,306,99.02%,48.04%,147,138,0.98%,45.10%,0,AM Thủy
NTB - Bình Thuận,(BTH) Hàm Tân,Hàng Mới Ca 1,2026-09-30 - Thứ 4,254,99.61%,86.22%,219,27,0.39%,10.63%,254,AM Thủy,,NTB - Bình Thuận,(BTH) Hàm Tân,Hàng Mới Ca 2,2026-09-30 - Thứ 4,322,59.94%,39.75%,128,194,40.06%,60.25%,322,AM Thủy,,NTB - Bình Thuận,(BTH) Hàm Tân,Hàng Tồn,2026-09-30 - Thứ 4,314,98.09%,55.10%,173,125,1.91%,39.80%,0,AM Thủy
NTB - Bình Thuận,(BTH) Liên Hương,Hàng Mới Ca 1,2026-09-24 - Thứ 5,783,99.62%,87.61%,686,85,0.38%,10.86%,783,AM D.Long,,NTB - Bình Thuận,(BTH) Liên Hương,Hàng Mới Ca 2,2026-09-24 - Thứ 5,16,81.25%,75.00%,12,4,18.75%,25.00%,16,AM D.Long,,NTB - Bình Thuận,(BTH) Liên Hương,Hàng Tồn,2026-09-24 - Thứ 5,184,97.83%,55.43%,102,71,2.17%,38.59%,0,AM D.Long
NTB - Bình Thuận,(BTH) Liên Hương,Hàng Mới Ca 1,2026-09-25 - Thứ 6,825,98.91%,84.36%,696,122,1.09%,14.79%,825,AM D.Long,,NTB - Bình Thuận,(BTH) Liên Hương,Hàng Mới Ca 2,2026-09-25 - Thứ 6,15,86.67%,73.33%,11,4,13.33%,26.67%,15,AM D.Long,,NTB - Bình Thuận,(BTH) Liên Hương,Hàng Tồn,2026-09-25 - Thứ 6,135,97.78%,40.00%,54,74,2.22%,54.81%,0,AM D.Long
NTB - Bình Thuận,(BTH) Liên Hương,Hàng Mới Ca 1,2026-09-26 - Thứ 7,786,98.35%,81.55%,641,132,1.65%,16.80%,786,AM D.Long,,NTB - Bình Thuận,(BTH) Liên Hương,Hàng Mới Ca 2,2026-09-26 - Thứ 7,8,100.00%,87.50%,7,1,0.00%,12.50%,8,AM D.Long,,NTB - Bình Thuận,(BTH) Liên Hương,Hàng Tồn,2026-09-26 - Thứ 7,151,98.01%,31.79%,48,89,1.99%,58.94%,0,AM D.Long
NTB - Bình Thuận,(BTH) Liên Hương,Hàng Mới Ca 1,2026-09-27 - Chủ Nhật,755,98.01%,83.71%,632,121,1.99%,16.03%,755,AM D.Long,,NTB - Bình Thuận,(BTH) Liên Hương,Hàng Mới Ca 2,2026-09-27 - Chủ Nhật,13,100.00%,92.31%,12,0,0.00%,0.00%,13,AM D.Long,,NTB - Bình Thuận,(BTH) Liên Hương,Hàng Tồn,2026-09-27 - Chủ Nhật,184,98.91%,42.39%,78,94,1.09%,51.09%,0,AM D.Long
NTB - Bình Thuận,(BTH) Liên Hương,Hàng Mới Ca 1,2026-09-28 - Thứ 2,607,97.69%,85.01%,516,88,2.31%,14.50%,607,AM D.Long,,NTB - Bình Thuận,(BTH) Liên Hương,Hàng Mới Ca 2,2026-09-28 - Thứ 2,24,91.67%,87.50%,21,3,8.33%,12.50%,24,AM D.Long,,NTB - Bình Thuận,(BTH) Liên Hương,Hàng Tồn,2026-09-28 - Thứ 2,173,98.27%,46.24%,80,83,1.73%,47.98%,0,AM D.Long
NTB - Bình Thuận,(BTH) Liên Hương,Hàng Mới Ca 1,2026-09-29 - Thứ 3,563,98.76%,83.48%,470,88,1.24%,15.63%,563,AM D.Long,,NTB - Bình Thuận,(BTH) Liên Hương,Hàng Mới Ca 2,2026-09-29 - Thứ 3,6,100.00%,83.33%,5,1,0.00%,16.67%,6,AM D.Long,,NTB - Bình Thuận,(BTH) Liên Hương,Hàng Tồn,2026-09-29 - Thứ 3,160,98.13%,48.13%,77,77,1.87%,48.12%,0,AM D.Long
NTB - Bình Thuận,(BTH) Liên Hương,Hàng Mới Ca 1,2026-09-30 - Thứ 4,705,99.43%,86.24%,608,91,0.57%,12.91%,705,AM D.Long,,NTB - Bình Thuận,(BTH) Liên Hương,Hàng Mới Ca 2,2026-09-30 - Thứ 4,14,71.43%,71.43%,10,4,28.57%,28.57%,14,AM D.Long,,NTB - Bình Thuận,(BTH) Liên Hương,Hàng Tồn,2026-09-30 - Thứ 4,139,99.28%,41.01%,57,74,0.72%,53.23%,0,AM D.Long
NTB - Bình Thuận,(BTH) Lương Sơn,Hàng Mới Ca 1,2026-09-24 - Thứ 5,393,99.75%,89.57%,352,39,0.25%,9.92%,393,AM Khánh,,NTB - Bình Thuận,(BTH) Lương Sơn,Hàng Mới Ca 2,2026-09-24 - Thứ 5,37,10.81%,8.11%,3,34,89.19%,91.89%,37,AM Khánh,,NTB - Bình Thuận,(BTH) Lương Sơn,Hàng Tồn,2026-09-24 - Thứ 5,109,95.41%,60.55%,66,39,4.59%,35.78%,0,AM Khánh
NTB - Bình Thuận,(BTH) Lương Sơn,Hàng Mới Ca 1,2026-09-25 - Thứ 6,339,100.00%,89.38%,303,34,0.00%,10.03%,339,AM Khánh,,NTB - Bình Thuận,(BTH) Lương Sơn,Hàng Mới Ca 2,2026-09-25 - Thứ 6,41,14.63%,14.63%,6,35,85.37%,85.37%,41,AM Khánh,,NTB - Bình Thuận,(BTH) Lương Sơn,Hàng Tồn,2026-09-25 - Thứ 6,106,95.28%,54.72%,58,41,4.72%,38.68%,0,AM Khánh
NTB - Bình Thuận,(BTH) Lương Sơn,Hàng Mới Ca 1,2026-09-26 - Thứ 7,333,100.00%,86.79%,289,39,0.00%,11.71%,333,AM Khánh,,NTB - Bình Thuận,(BTH) Lương Sơn,Hàng Mới Ca 2,2026-09-26 - Thứ 7,44,11.36%,6.82%,3,41,88.64%,93.18%,44,AM Khánh,,NTB - Bình Thuận,(BTH) Lương Sơn,Hàng Tồn,2026-09-26 - Thứ 7,108,96.30%,53.70%,58,44,3.70%,40.74%,0,AM Khánh
NTB - Bình Thuận,(BTH) Lương Sơn,Hàng Mới Ca 1,2026-09-27 - Chủ Nhật,301,100.00%,86.71%,261,34,0.00%,11.30%,301,AM Khánh,,NTB - Bình Thuận,(BTH) Lương Sơn,Hàng Mới Ca 2,2026-09-27 - Chủ Nhật,31,16.13%,16.13%,5,26,83.87%,83.87%,31,AM Khánh,,NTB - Bình Thuận,(BTH) Lương Sơn,Hàng Tồn,2026-09-27 - Chủ Nhật,115,97.39%,50.43%,58,45,2.61%,39.14%,0,AM Khánh
NTB - Bình Thuận,(BTH) Lương Sơn,Hàng Mới Ca 1,2026-09-28 - Thứ 2,250,100.00%,80.40%,201,45,0.00%,18.00%,250,AM Khánh,,NTB - Bình Thuận,(BTH) Lương Sơn,Hàng Mới Ca 2,2026-09-28 - Thứ 2,37,2.70%,2.70%,1,36,97.30%,97.30%,37,AM Khánh,,NTB - Bình Thuận,(BTH) Lương Sơn,Hàng Tồn,2026-09-28 - Thứ 2,100,97.00%,50.00%,50,39,3.00%,39.00%,0,AM Khánh
NTB - Bình Thuận,(BTH) Lương Sơn,Hàng Mới Ca 1,2026-09-29 - Thứ 3,264,99.62%,88.64%,234,29,0.38%,10.98%,264,AM Khánh,,NTB - Bình Thuận,(BTH) Lương Sơn,Hàng Mới Ca 2,2026-09-29 - Thứ 3,34,11.76%,11.76%,4,30,88.24%,88.24%,34,AM Khánh,,NTB - Bình Thuận,(BTH) Lương Sơn,Hàng Tồn,2026-09-29 - Thứ 3,113,97.35%,57.52%,65,34,2.65%,30.09%,0,AM Khánh
NTB - Bình Thuận,(BTH) Lương Sơn,Hàng Mới Ca 1,2026-09-30 - Thứ 4,341,99.41%,72.43%,247,92,0.59%,26.98%,341,AM Khánh,,NTB - Bình Thuận,(BTH) Lương Sơn,Hàng Mới Ca 2,2026-09-30 - Thứ 4,194,1.55%,1.55%,3,191,98.45%,98.45%,194,AM Khánh,,NTB - Bình Thuận,(BTH) Lương Sơn,Hàng Tồn,2026-09-30 - Thứ 4,83,100.00%,49.40%,41,29,0.00%,34.94%,0,AM Khánh
NTB - Bình Thuận,(BTH) Mũi Né,Hàng Mới Ca 1,2026-09-24 - Thứ 5,355,99.15%,86.48%,307,42,0.85%,11.83%,355,AM Khánh,,NTB - Bình Thuận,(BTH) Mũi Né,Hàng Mới Ca 2,2026-09-24 - Thứ 5,324,51.85%,42.28%,137,186,48.15%,57.41%,324,AM Khánh,,NTB - Bình Thuận,(BTH) Mũi Né,Hàng Tồn,2026-09-24 - Thứ 5,168,98.81%,55.95%,94,61,1.19%,36.31%,0,AM Khánh
NTB - Bình Thuận,(BTH) Mũi Né,Hàng Mới Ca 1,2026-09-25 - Thứ 6,305,96.72%,84.59%,258,43,3.28%,14.10%,305,AM Khánh,,NTB - Bình Thuận,(BTH) Mũi Né,Hàng Mới Ca 2,2026-09-25 - Thứ 6,262,51.91%,40.84%,107,154,48.09%,58.78%,262,AM Khánh,,NTB - Bình Thuận,(BTH) Mũi Né,Hàng Tồn,2026-09-25 - Thứ 6,288,97.92%,62.85%,181,90,2.08%,31.25%,0,AM Khánh
NTB - Bình Thuận,(BTH) Mũi Né,Hàng Mới Ca 1,2026-09-26 - Thứ 7,233,99.57%,83.26%,194,39,0.43%,16.74%,233,AM Khánh,,NTB - Bình Thuận,(BTH) Mũi Né,Hàng Mới Ca 2,2026-09-26 - Thứ 7,276,61.96%,50.72%,140,133,38.04%,48.19%,276,AM Khánh,,NTB - Bình Thuận,(BTH) Mũi Né,Hàng Tồn,2026-09-26 - Thứ 7,282,98.94%,59.22%,167,101,1.06%,35.82%,0,AM Khánh
NTB - Bình Thuận,(BTH) Mũi Né,Hàng Mới Ca 1,2026-09-27 - Chủ Nhật,251,94.82%,80.08%,201,48,5.18%,19.12%,251,AM Khánh,,NTB - Bình Thuận,(BTH) Mũi Né,Hàng Mới Ca 2,2026-09-27 - Chủ Nhật,144,61.11%,45.83%,66,76,38.89%,52.78%,144,AM Khánh,,NTB - Bình Thuận,(BTH) Mũi Né,Hàng Tồn,2026-09-27 - Chủ Nhật,259,96.53%,46.72%,121,124,3.47%,47.87%,0,AM Khánh
NTB - Bình Thuận,(BTH) Mũi Né,Hàng Mới Ca 1,2026-09-28 - Thứ 2,243,99.18%,87.24%,212,29,0.82%,11.94%,243,AM Khánh,,NTB - Bình Thuận,(BTH) Mũi Né,Hàng Mới Ca 2,2026-09-28 - Thứ 2,133,62.41%,51.13%,68,65,37.59%,48.87%,133,AM Khánh,,NTB - Bình Thuận,(BTH) Mũi Né,Hàng Tồn,2026-09-28 - Thứ 2,225,97.33%,52.44%,118,95,2.67%,42.23%,0,AM Khánh
NTB - Bình Thuận,(BTH) Mũi Né,Hàng Mới Ca 1,2026-09-29 - Thứ 3,286,97.55%,85.66%,245,39,2.45%,13.64%,286,AM Khánh,,NTB - Bình Thuận,(BTH) Mũi Né,Hàng Mới Ca 2,2026-09-29 - Thứ 3,230,76.96%,67.39%,155,75,23.04%,32.61%,230,AM Khánh,,NTB - Bình Thuận,(BTH) Mũi Né,Hàng Tồn,2026-09-29 - Thứ 3,173,93.06%,36.99%,64,98,6.94%,56.65%,0,AM Khánh
NTB - Bình Thuận,(BTH) Mũi Né,Hàng Mới Ca 1,2026-09-30 - Thứ 4,268,100.00%,89.93%,241,27,0.00%,10.07%,268,AM Khánh,,NTB - Bình Thuận,(BTH) Mũi Né,Hàng Mới Ca 2,2026-09-30 - Thứ 4,245,83.67%,70.20%,172,73,16.33%,29.80%,245,AM Khánh,,NTB - Bình Thuận,(BTH) Mũi Né,Hàng Tồn,2026-09-30 - Thứ 4,188,98.40%,50.00%,94,83,1.60%,44.15%,0,AM Khánh
NTB - Bình Thuận,(BTH) Phan Rí Cửa,Hàng Mới Ca 1,2026-09-24 - Thứ 5,265,99.25%,92.45%,245,17,0.75%,6.42%,265,AM D.Long,,NTB - Bình Thuận,(BTH) Phan Rí Cửa,Hàng Mới Ca 2,2026-09-24 - Thứ 5,409,14.18%,12.71%,52,356,85.82%,87.05%,409,AM D.Long,,NTB - Bình Thuận,(BTH) Phan Rí Cửa,Hàng Tồn,2026-09-24 - Thứ 5,335,99.70%,69.55%,233,86,0.30%,25.67%,0,AM D.Long
NTB - Bình Thuận,(BTH) Phan Rí Cửa,Hàng Mới Ca 1,2026-09-25 - Thứ 6,340,99.41%,91.18%,310,29,0.59%,8.53%,340,AM D.Long,,NTB - Bình Thuận,(BTH) Phan Rí Cửa,Hàng Mới Ca 2,2026-09-25 - Thứ 6,266,69.17%,56.77%,151,113,30.83%,42.48%,266,AM D.Long,,NTB - Bình Thuận,(BTH) Phan Rí Cửa,Hàng Tồn,2026-09-25 - Thứ 6,438,100.00%,84.47%,370,59,0.00%,13.48%,0,AM D.Long
NTB - Bình Thuận,(BTH) Phan Rí Cửa,Hàng Mới Ca 1,2026-09-26 - Thứ 7,279,99.64%,88.89%,248,29,0.36%,10.39%,279,AM D.Long,,NTB - Bình Thuận,(BTH) Phan Rí Cửa,Hàng Mới Ca 2,2026-09-26 - Thứ 7,196,47.45%,43.88%,86,110,52.55%,56.12%,196,AM D.Long,,NTB - Bình Thuận,(BTH) Phan Rí Cửa,Hàng Tồn,2026-09-26 - Thứ 7,200,99.00%,61.00%,122,73,1.00%,36.50%,0,AM D.Long
NTB - Bình Thuận,(BTH) Phan Rí Cửa,Hàng Mới Ca 1,2026-09-27 - Chủ Nhật,366,99.73%,84.15%,308,56,0.27%,15.30%,366,AM D.Long,,NTB - Bình Thuận,(BTH) Phan Rí Cửa,Hàng Mới Ca 2,2026-09-27 - Chủ Nhật,183,53.01%,44.26%,81,100,46.99%,54.65%,183,AM D.Long,,NTB - Bình Thuận,(BTH) Phan Rí Cửa,Hàng Tồn,2026-09-27 - Chủ Nhật,201,100.00%,58.71%,118,74,0.00%,36.81%,0,AM D.Long
NTB - Bình Thuận,(BTH) Phan Rí Cửa,Hàng Mới Ca 1,2026-09-28 - Thứ 2,263,100.00%,85.55%,225,37,0.00%,14.07%,263,AM D.Long,,NTB - Bình Thuận,(BTH) Phan Rí Cửa,Hàng Mới Ca 2,2026-09-28 - Thứ 2,186,60.22%,52.15%,97,88,39.78%,47.31%,186,AM D.Long,,NTB - Bình Thuận,(BTH) Phan Rí Cửa,Hàng Tồn,2026-09-28 - Thứ 2,218,100.00%,66.97%,146,65,0.00%,29.82%,0,AM D.Long
NTB - Bình Thuận,(BTH) Phan Rí Cửa,Hàng Mới Ca 1,2026-09-29 - Thứ 3,275,100.00%,88.00%,242,31,0.00%,11.27%,275,AM D.Long,,NTB - Bình Thuận,(BTH) Phan Rí Cửa,Hàng Mới Ca 2,2026-09-29 - Thứ 3,236,100.00%,80.08%,189,45,0.00%,19.07%,236,AM D.Long,,NTB - Bình Thuận,(BTH) Phan Rí Cửa,Hàng Tồn,2026-09-29 - Thứ 3,177,99.44%,59.89%,106,65,0.56%,36.72%,0,AM D.Long
NTB - Bình Thuận,(BTH) Phan Rí Cửa,Hàng Mới Ca 1,2026-09-30 - Thứ 4,294,99.66%,92.18%,271,21,0.34%,7.14%,294,AM D.Long,,NTB - Bình Thuận,(BTH) Phan Rí Cửa,Hàng Mới Ca 2,2026-09-30 - Thứ 4,229,68.56%,60.26%,138,89,31.44%,38.87%,229,AM D.Long,,NTB - Bình Thuận,(BTH) Phan Rí Cửa,Hàng Tồn,2026-09-30 - Thứ 4,139,100.00%,37.41%,52,74,0.00%,53.24%,0,AM D.Long
NTB - Bình Thuận,(BTH) Phú Quý,Hàng Mới Ca 1,2026-09-24 - Thứ 5,0,0.00%,0.00%,0,0,0.00%,0.00%,0,AM Khánh,,NTB - Bình Thuận,(BTH) Phú Quý,Hàng Mới Ca 2,2026-09-24 - Thứ 5,408,99.51%,96.08%,392,9,0.49%,2.20%,408,AM Khánh,,NTB - Bình Thuận,(BTH) Phú Quý,Hàng Tồn,2026-09-24 - Thứ 5,15,86.67%,20.00%,3,10,13.33%,66.67%,0,AM Khánh
NTB - Bình Thuận,(BTH) Phú Quý,Hàng Mới Ca 1,2026-09-25 - Thứ 6,0,0.00%,0.00%,0,0,0.00%,0.00%,0,AM Khánh,,NTB - Bình Thuận,(BTH) Phú Quý,Hàng Mới Ca 2,2026-09-25 - Thứ 6,373,99.46%,96.25%,359,12,0.54%,3.21%,373,AM Khánh,,NTB - Bình Thuận,(BTH) Phú Quý,Hàng Tồn,2026-09-25 - Thứ 6,15,80.00%,20.00%,3,11,20.00%,73.33%,0,AM Khánh
NTB - Bình Thuận,(BTH) Phú Quý,Hàng Mới Ca 1,2026-09-26 - Thứ 7,0,0.00%,0.00%,0,0,0.00%,0.00%,0,AM Khánh,,NTB - Bình Thuận,(BTH) Phú Quý,Hàng Mới Ca 2,2026-09-26 - Thứ 7,412,100.00%,93.93%,387,15,0.00%,3.64%,412,AM Khánh,,NTB - Bình Thuận,(BTH) Phú Quý,Hàng Tồn,2026-09-26 - Thứ 7,20,85.00%,40.00%,8,11,15.00%,55.00%,0,AM Khánh
NTB - Bình Thuận,(BTH) Phú Quý,Hàng Mới Ca 1,2026-09-27 - Chủ Nhật,1,100.00%,0.00%,0,0,0.00%,0.00%,1,AM Khánh,,NTB - Bình Thuận,(BTH) Phú Quý,Hàng Mới Ca 2,2026-09-27 - Chủ Nhật,395,100.00%,96.20%,380,9,0.00%,2.28%,395,AM Khánh,,NTB - Bình Thuận,(BTH) Phú Quý,Hàng Tồn,2026-09-27 - Chủ Nhật,23,86.96%,21.74%,5,17,13.04%,73.91%,0,AM Khánh
NTB - Bình Thuận,(BTH) Phú Quý,Hàng Mới Ca 1,2026-09-28 - Thứ 2,0,0.00%,0.00%,0,0,0.00%,0.00%,0,AM Khánh,,NTB - Bình Thuận,(BTH) Phú Quý,Hàng Mới Ca 2,2026-09-28 - Thứ 2,0,0.00%,0.00%,0,0,0.00%,0.00%,0,AM Khánh,,NTB - Bình Thuận,(BTH) Phú Quý,Hàng Tồn,2026-09-28 - Thứ 2,23,82.61%,47.83%,11,10,17.39%,43.47%,0,AM Khánh
NTB - Bình Thuận,(BTH) Phú Quý,Hàng Mới Ca 1,2026-09-29 - Thứ 3,279,100.00%,94.62%,264,9,0.00%,3.23%,279,AM Khánh,,NTB - Bình Thuận,(BTH) Phú Quý,Hàng Mới Ca 2,2026-09-29 - Thứ 3,303,100.00%,92.74%,281,18,0.00%,5.94%,303,AM Khánh,,NTB - Bình Thuận,(BTH) Phú Quý,Hàng Tồn,2026-09-29 - Thứ 3,7,71.43%,14.29%,1,4,28.57%,57.14%,0,AM Khánh
NTB - Bình Thuận,(BTH) Phú Quý,Hàng Mới Ca 1,2026-09-30 - Thứ 4,188,99.47%,95.74%,180,4,0.53%,2.13%,188,AM Khánh,,NTB - Bình Thuận,(BTH) Phú Quý,Hàng Mới Ca 2,2026-09-30 - Thứ 4,1,100.00%,100.00%,1,0,0.00%,0.00%,1,AM Khánh,,NTB - Bình Thuận,(BTH) Phú Quý,Hàng Tồn,2026-09-30 - Thứ 4,30,93.33%,36.67%,11,16,6.67%,53.33%,0,AM Khánh
NTB - Bình Thuận,(BTH) Phú Thủy,Hàng Mới Ca 1,2026-09-24 - Thứ 5,639,99.84%,89.36%,571,59,0.16%,9.23%,639,AM Khánh,,NTB - Bình Thuận,(BTH) Phú Thủy,Hàng Mới Ca 2,2026-09-24 - Thứ 5,588,84.01%,73.13%,430,154,15.99%,26.19%,588,AM Khánh,,NTB - Bình Thuận,(BTH) Phú Thủy,Hàng Tồn,2026-09-24 - Thứ 5,324,96.30%,56.79%,184,121,3.70%,37.35%,0,AM Khánh
NTB - Bình Thuận,(BTH) Phú Thủy,Hàng Mới Ca 1,2026-09-25 - Thứ 6,786,99.75%,91.22%,717,56,0.25%,7.13%,786,AM Khánh,,NTB - Bình Thuận,(BTH) Phú Thủy,Hàng Mới Ca 2,2026-09-25 - Thứ 6,469,85.50%,73.56%,345,118,14.50%,25.16%,469,AM Khánh,,NTB - Bình Thuận,(BTH) Phú Thủy,Hàng Tồn,2026-09-25 - Thứ 6,310,97.42%,53.87%,167,130,2.58%,41.94%,0,AM Khánh
NTB - Bình Thuận,(BTH) Phú Thủy,Hàng Mới Ca 1,2026-09-26 - Thứ 7,532,100.00%,88.16%,469,58,0.00%,10.90%,532,AM Khánh,,NTB - Bình Thuận,(BTH) Phú Thủy,Hàng Mới Ca 2,2026-09-26 - Thứ 7,513,92.98%,78.75%,404,105,7.02%,20.47%,513,AM Khánh,,NTB - Bình Thuận,(BTH) Phú Thủy,Hàng Tồn,2026-09-26 - Thứ 7,291,97.25%,54.30%,158,123,2.75%,42.26%,0,AM Khánh
NTB - Bình Thuận,(BTH) Phú Thủy,Hàng Mới Ca 1,2026-09-27 - Chủ Nhật,518,99.23%,85.52%,443,69,0.77%,13.32%,518,AM Khánh,,NTB - Bình Thuận,(BTH) Phú Thủy,Hàng Mới Ca 2,2026-09-27 - Chủ Nhật,331,79.46%,68.28%,226,103,20.54%,31.12%,331,AM Khánh,,NTB - Bình Thuận,(BTH) Phú Thủy,Hàng Tồn,2026-09-27 - Chủ Nhật,241,95.85%,36.51%,88,141,4.15%,58.51%,0,AM Khánh
NTB - Bình Thuận,(BTH) Phú Thủy,Hàng Mới Ca 1,2026-09-28 - Thứ 2,494,100.00%,84.21%,416,70,0.00%,14.17%,494,AM Khánh,,NTB - Bình Thuận,(BTH) Phú Thủy,Hàng Mới Ca 2,2026-09-28 - Thứ 2,331,96.68%,81.27%,269,59,3.32%,17.82%,331,AM Khánh,,NTB - Bình Thuận,(BTH) Phú Thủy,Hàng Tồn,2026-09-28 - Thứ 2,292,96.92%,53.08%,155,117,3.08%,40.07%,0,AM Khánh
NTB - Bình Thuận,(BTH) Phú Thủy,Hàng Mới Ca 1,2026-09-29 - Thứ 3,452,99.78%,90.93%,411,37,0.22%,8.19%,452,AM Khánh,,NTB - Bình Thuận,(BTH) Phú Thủy,Hàng Mới Ca 2,2026-09-29 - Thứ 3,484,93.18%,82.02%,397,84,6.82%,17.36%,484,AM Khánh,,NTB - Bình Thuận,(BTH) Phú Thủy,Hàng Tồn,2026-09-29 - Thứ 3,215,97.21%,41.86%,90,114,2.79%,53.02%,0,AM Khánh
NTB - Bình Thuận,(BTH) Phú Thủy,Hàng Mới Ca 1,2026-09-30 - Thứ 4,579,99.83%,90.33%,523,48,0.17%,8.29%,579,AM Khánh,,NTB - Bình Thuận,(BTH) Phú Thủy,Hàng Mới Ca 2,2026-09-30 - Thứ 4,509,91.36%,79.96%,407,95,8.64%,18.66%,509,AM Khánh,,NTB - Bình Thuận,(BTH) Phú Thủy,Hàng Tồn,2026-09-30 - Thứ 4,213,99.06%,42.72%,91,106,0.94%,49.77%,0,AM Khánh
NTB - Bình Thuận,(BTH) Phước Hội,Hàng Mới Ca 1,2026-09-24 - Thứ 5,503,96.42%,85.49%,430,68,3.58%,13.52%,503,AM Thủy,,NTB - Bình Thuận,(BTH) Phước Hội,Hàng Mới Ca 2,2026-09-24 - Thứ 5,530,76.60%,61.32%,325,204,23.40%,38.49%,530,AM Thủy,,NTB - Bình Thuận,(BTH) Phước Hội,Hàng Tồn,2026-09-24 - Thứ 5,323,87.00%,49.23%,159,146,13.00%,45.20%,0,AM Thủy
NTB - Bình Thuận,(BTH) Phước Hội,Hàng Mới Ca 1,2026-09-25 - Thứ 6,603,100.00%,89.05%,537,60,0.00%,9.95%,603,AM Thủy,,NTB - Bình Thuận,(BTH) Phước Hội,Hàng Mới Ca 2,2026-09-25 - Thứ 6,467,84.37%,67.02%,313,148,15.63%,31.70%,467,AM Thủy,,NTB - Bình Thuận,(BTH) Phước Hội,Hàng Tồn,2026-09-25 - Thứ 6,393,99.24%,60.05%,236,142,0.76%,36.13%,0,AM Thủy
NTB - Bình Thuận,(BTH) Phước Hội,Hàng Mới Ca 1,2026-09-26 - Thứ 7,478,99.58%,90.17%,431,42,0.42%,8.78%,478,AM Thủy,,NTB - Bình Thuận,(BTH) Phước Hội,Hàng Mới Ca 2,2026-09-26 - Thứ 7,382,80.63%,68.85%,263,117,19.37%,30.63%,382,AM Thủy,,NTB - Bình Thuận,(BTH) Phước Hội,Hàng Tồn,2026-09-26 - Thứ 7,321,97.82%,55.76%,179,128,2.18%,39.88%,0,AM Thủy
NTB - Bình Thuận,(BTH) Phước Hội,Hàng Mới Ca 1,2026-09-27 - Chủ Nhật,505,98.61%,87.13%,440,62,1.39%,12.28%,505,AM Thủy,,NTB - Bình Thuận,(BTH) Phước Hội,Hàng Mới Ca 2,2026-09-27 - Chủ Nhật,371,79.25%,60.92%,226,142,20.75%,38.27%,371,AM Thủy,,NTB - Bình Thuận,(BTH) Phước Hội,Hàng Tồn,2026-09-27 - Chủ Nhật,255,98.43%,48.24%,123,113,1.57%,44.31%,0,AM Thủy
NTB - Bình Thuận,(BTH) Phước Hội,Hàng Mới Ca 1,2026-09-28 - Thứ 2,416,99.04%,86.78%,361,52,0.96%,12.50%,416,AM Thủy,,NTB - Bình Thuận,(BTH) Phước Hội,Hàng Mới Ca 2,2026-09-28 - Thứ 2,320,76.88%,61.88%,198,122,23.12%,38.12%,320,AM Thủy,,NTB - Bình Thuận,(BTH) Phước Hội,Hàng Tồn,2026-09-28 - Thứ 2,289,96.19%,53.29%,154,119,3.81%,41.17%,0,AM Thủy
NTB - Bình Thuận,(BTH) Phước Hội,Hàng Mới Ca 1,2026-09-29 - Thứ 3,477,100.00%,87.84%,419,53,0.00%,11.11%,477,AM Thủy,,NTB - Bình Thuận,(BTH) Phước Hội,Hàng Mới Ca 2,2026-09-29 - Thứ 3,402,86.32%,72.64%,292,110,13.68%,27.36%,402,AM Thủy,,NTB - Bình Thuận,(BTH) Phước Hội,Hàng Tồn,2026-09-29 - Thứ 3,264,100.00%,47.73%,126,120,0.00%,45.45%,0,AM Thủy
NTB - Bình Thuận,(BTH) Phước Hội,Hàng Mới Ca 1,2026-09-30 - Thứ 4,452,98.45%,89.60%,405,44,1.55%,9.74%,452,AM Thủy,,NTB - Bình Thuận,(BTH) Phước Hội,Hàng Mới Ca 2,2026-09-30 - Thứ 4,475,81.89%,65.89%,313,158,18.11%,33.27%,475,AM Thủy,,NTB - Bình Thuận,(BTH) Phước Hội,Hàng Tồn,2026-09-30 - Thứ 4,253,97.63%,46.25%,117,124,2.37%,49.01%,0,AM Thủy
NTB - Bình Thuận,(BTH) Tuyên Quang,Hàng Mới Ca 1,2026-09-24 - Thứ 5,522,98.85%,83.52%,436,80,1.15%,15.33%,522,AM Nhựt,,NTB - Bình Thuận,(BTH) Tuyên Quang,Hàng Mới Ca 2,2026-09-24 - Thứ 5,469,50.11%,39.66%,186,282,49.89%,60.13%,469,AM Nhựt,,NTB - Bình Thuận,(BTH) Tuyên Quang,Hàng Tồn,2026-09-24 - Thứ 5,432,98.38%,59.49%,257,143,1.62%,33.10%,0,AM Nhựt
NTB - Bình Thuận,(BTH) Tuyên Quang,Hàng Mới Ca 1,2026-09-25 - Thứ 6,470,99.79%,78.72%,370,95,0.21%,20.22%,470,AM Nhựt,,NTB - Bình Thuận,(BTH) Tuyên Quang,Hàng Mới Ca 2,2026-09-25 - Thứ 6,438,44.52%,36.99%,162,275,55.48%,62.78%,438,AM Nhựt,,NTB - Bình Thuận,(BTH) Tuyên Quang,Hàng Tồn,2026-09-25 - Thứ 6,485,99.18%,56.49%,274,187,0.82%,38.56%,0,AM Nhựt
NTB - Bình Thuận,(BTH) Tuyên Quang,Hàng Mới Ca 1,2026-09-26 - Thứ 7,434,98.62%,84.10%,365,68,1.38%,15.67%,434,AM Nhựt,,NTB - Bình Thuận,(BTH) Tuyên Quang,Hàng Mới Ca 2,2026-09-26 - Thứ 7,421,29.93%,25.89%,109,309,70.07%,73.40%,421,AM Nhựt,,NTB - Bình Thuận,(BTH) Tuyên Quang,Hàng Tồn,2026-09-26 - Thứ 7,535,98.32%,60.19%,322,188,1.68%,35.14%,0,AM Nhựt
NTB - Bình Thuận,(BTH) Tuyên Quang,Hàng Mới Ca 1,2026-09-27 - Chủ Nhật,419,97.14%,79.95%,335,77,2.86%,18.38%,419,AM Nhựt,,NTB - Bình Thuận,(BTH) Tuyên Quang,Hàng Mới Ca 2,2026-09-27 - Chủ Nhật,193,22.28%,16.06%,31,160,77.72%,82.90%,193,AM Nhựt,,NTB - Bình Thuận,(BTH) Tuyên Quang,Hàng Tồn,2026-09-27 - Chủ Nhật,538,96.65%,57.99%,312,197,3.35%,36.62%,0,AM Nhựt
NTB - Bình Thuận,(BTH) Tuyên Quang,Hàng Mới Ca 1,2026-09-28 - Thứ 2,465,100.00%,84.95%,395,65,0.00%,13.97%,465,AM Nhựt,,NTB - Bình Thuận,(BTH) Tuyên Quang,Hàng Mới Ca 2,2026-09-28 - Thứ 2,275,40.00%,34.18%,94,179,60.00%,65.09%,275,AM Nhựt,,NTB - Bình Thuận,(BTH) Tuyên Quang,Hàng Tồn,2026-09-28 - Thứ 2,412,99.51%,60.44%,249,133,0.49%,32.28%,0,AM Nhựt
NTB - Bình Thuận,(BTH) Tuyên Quang,Hàng Mới Ca 1,2026-09-29 - Thứ 3,431,98.14%,82.83%,357,71,1.86%,16.47%,431,AM Nhựt,,NTB - Bình Thuận,(BTH) Tuyên Quang,Hàng Mới Ca 2,2026-09-29 - Thứ 3,346,58.96%,50.00%,173,173,41.04%,50.00%,346,AM Nhựt,,NTB - Bình Thuận,(BTH) Tuyên Quang,Hàng Tồn,2026-09-29 - Thứ 3,349,97.99%,54.73%,191,140,2.01%,40.11%,0,AM Nhựt
NTB - Bình Thuận,(BTH) Tuyên Quang,Hàng Mới Ca 1,2026-09-30 - Thứ 4,396,99.49%,77.53%,307,84,0.51%,21.21%,396,AM Nhựt,,NTB - Bình Thuận,(BTH) Tuyên Quang,Hàng Mới Ca 2,2026-09-30 - Thứ 4,360,34.72%,27.78%,100,260,65.28%,72.22%,360,AM Nhựt,,NTB - Bình Thuận,(BTH) Tuyên Quang,Hàng Tồn,2026-09-30 - Thứ 4,356,99.44%,40.17%,143,195,0.56%,54.77%,0,AM Nhựt
NTB - Bình Thuận,(BTH) Tân Hải,Hàng Mới Ca 1,2026-09-24 - Thứ 5,262,99.62%,86.26%,226,30,0.38%,11.45%,262,AM Thủy,,NTB - Bình Thuận,(BTH) Tân Hải,Hàng Mới Ca 2,2026-09-24 - Thứ 5,269,95.54%,80.67%,217,49,4.46%,18.21%,269,AM Thủy,,NTB - Bình Thuận,(BTH) Tân Hải,Hàng Tồn,2026-09-24 - Thứ 5,92,98.91%,46.74%,43,42,1.09%,45.65%,0,AM Thủy
NTB - Bình Thuận,(BTH) Tân Hải,Hàng Mới Ca 1,2026-09-25 - Thứ 6,322,100.00%,87.89%,283,33,0.00%,10.25%,322,AM Thủy,,NTB - Bình Thuận,(BTH) Tân Hải,Hàng Mới Ca 2,2026-09-25 - Thứ 6,185,98.92%,77.84%,144,37,1.08%,20.00%,185,AM Thủy,,NTB - Bình Thuận,(BTH) Tân Hải,Hàng Tồn,2026-09-25 - Thứ 6,109,98.17%,39.45%,43,55,1.83%,50.46%,0,AM Thủy
NTB - Bình Thuận,(BTH) Tân Hải,Hàng Mới Ca 1,2026-09-26 - Thứ 7,211,100.00%,84.83%,179,28,0.00%,13.27%,211,AM Thủy,,NTB - Bình Thuận,(BTH) Tân Hải,Hàng Mới Ca 2,2026-09-26 - Thứ 7,217,91.24%,70.51%,153,62,8.76%,28.57%,217,AM Thủy,,NTB - Bình Thuận,(BTH) Tân Hải,Hàng Tồn,2026-09-26 - Thứ 7,109,99.08%,54.13%,59,45,0.92%,41.28%,0,AM Thủy
NTB - Bình Thuận,(BTH) Tân Hải,Hàng Mới Ca 1,2026-09-27 - Chủ Nhật,252,100.00%,91.27%,230,18,0.00%,7.14%,252,AM Thủy,,NTB - Bình Thuận,(BTH) Tân Hải,Hàng Mới Ca 2,2026-09-27 - Chủ Nhật,173,92.49%,75.14%,130,41,7.51%,23.70%,173,AM Thủy,,NTB - Bình Thuận,(BTH) Tân Hải,Hàng Tồn,2026-09-27 - Chủ Nhật,125,97.60%,54.40%,68,49,2.40%,39.20%,0,AM Thủy
NTB - Bình Thuận,(BTH) Tân Hải,Hàng Mới Ca 1,2026-09-28 - Thứ 2,195,100.00%,90.26%,176,17,0.00%,8.71%,195,AM Thủy,,NTB - Bình Thuận,(BTH) Tân Hải,Hàng Mới Ca 2,2026-09-28 - Thứ 2,172,96.51%,77.33%,133,38,3.49%,22.09%,172,AM Thủy,,NTB - Bình Thuận,(BTH) Tân Hải,Hàng Tồn,2026-09-28 - Thứ 2,102,98.04%,52.94%,54,37,1.96%,36.28%,0,AM Thủy
NTB - Bình Thuận,(BTH) Tân Hải,Hàng Mới Ca 1,2026-09-29 - Thứ 3,218,99.54%,88.99%,194,20,0.46%,9.18%,218,AM Thủy,,NTB - Bình Thuận,(BTH) Tân Hải,Hàng Mới Ca 2,2026-09-29 - Thứ 3,205,95.61%,79.51%,163,40,4.39%,19.51%,205,AM Thủy,,NTB - Bình Thuận,(BTH) Tân Hải,Hàng Tồn,2026-09-29 - Thứ 3,82,98.78%,46.34%,38,41,1.22%,50.00%,0,AM Thủy
NTB - Bình Thuận,(BTH) Tân Hải,Hàng Mới Ca 1,2026-09-30 - Thứ 4,223,98.65%,88.34%,197,22,1.35%,9.87%,223,AM Thủy,,NTB - Bình Thuận,(BTH) Tân Hải,Hàng Mới Ca 2,2026-09-30 - Thứ 4,213,95.31%,80.28%,171,42,4.69%,19.72%,213,AM Thủy,,NTB - Bình Thuận,(BTH) Tân Hải,Hàng Tồn,2026-09-30 - Thứ 4,93,97.85%,47.31%,44,44,2.15%,47.31%,0,AM Thủy
NTB - Bình Thuận,(BTH) Đồng Kho,Hàng Mới Ca 1,2026-09-24 - Thứ 5,643,98.44%,80.72%,519,120,1.56%,18.66%,643,AM Nhựt,,NTB - Bình Thuận,(BTH) Đồng Kho,Hàng Mới Ca 2,2026-09-24 - Thứ 5,163,33.74%,28.22%,46,116,66.26%,71.17%,163,AM Nhựt,,NTB - Bình Thuận,(BTH) Đồng Kho,Hàng Tồn,2026-09-24 - Thứ 5,344,95.93%,50.58%,174,153,4.07%,44.48%,0,AM Nhựt
NTB - Bình Thuận,(BTH) Đồng Kho,Hàng Mới Ca 1,2026-09-25 - Thứ 6,790,99.11%,72.78%,575,212,0.89%,26.84%,790,AM Nhựt,,NTB - Bình Thuận,(BTH) Đồng Kho,Hàng Mới Ca 2,2026-09-25 - Thứ 6,125,36.00%,28.00%,35,90,64.00%,72.00%,125,AM Nhựt,,NTB - Bình Thuận,(BTH) Đồng Kho,Hàng Tồn,2026-09-25 - Thứ 6,362,98.34%,47.24%,171,173,1.66%,47.79%,0,AM Nhựt
NTB - Bình Thuận,(BTH) Đồng Kho,Hàng Mới Ca 1,2026-09-26 - Thứ 7,618,98.71%,82.04%,507,109,1.29%,17.64%,618,AM Nhựt,,NTB - Bình Thuận,(BTH) Đồng Kho,Hàng Mới Ca 2,2026-09-26 - Thứ 7,128,39.84%,32.03%,41,86,60.16%,67.19%,128,AM Nhựt,,NTB - Bình Thuận,(BTH) Đồng Kho,Hàng Tồn,2026-09-26 - Thứ 7,463,96.11%,57.02%,264,170,3.89%,36.72%,0,AM Nhựt
NTB - Bình Thuận,(BTH) Đồng Kho,Hàng Mới Ca 1,2026-09-27 - Chủ Nhật,632,97.63%,78.48%,496,133,2.37%,21.05%,632,AM Nhựt,,NTB - Bình Thuận,(BTH) Đồng Kho,Hàng Mới Ca 2,2026-09-27 - Chủ Nhật,66,30.30%,16.67%,11,55,69.70%,83.33%,66,AM Nhựt,,NTB - Bình Thuận,(BTH) Đồng Kho,Hàng Tồn,2026-09-27 - Chủ Nhật,327,93.58%,42.81%,140,165,6.42%,50.46%,0,AM Nhựt
NTB - Bình Thuận,(BTH) Đồng Kho,Hàng Mới Ca 1,2026-09-28 - Thứ 2,516,99.61%,80.43%,415,100,0.39%,19.38%,516,AM Nhựt,,NTB - Bình Thuận,(BTH) Đồng Kho,Hàng Mới Ca 2,2026-09-28 - Thứ 2,128,17.97%,14.06%,18,110,82.03%,85.94%,128,AM Nhựt,,NTB - Bình Thuận,(BTH) Đồng Kho,Hàng Tồn,2026-09-28 - Thứ 2,336,92.56%,47.92%,161,158,7.44%,47.02%,0,AM Nhựt
NTB - Bình Thuận,(BTH) Đồng Kho,Hàng Mới Ca 1,2026-09-29 - Thứ 3,492,98.78%,76.22%,375,114,1.22%,23.17%,492,AM Nhựt,,NTB - Bình Thuận,(BTH) Đồng Kho,Hàng Mới Ca 2,2026-09-29 - Thứ 3,120,46.67%,35.00%,42,78,53.33%,65.00%,120,AM Nhựt,,NTB - Bình Thuận,(BTH) Đồng Kho,Hàng Tồn,2026-09-29 - Thứ 3,328,95.73%,49.09%,161,147,4.27%,44.81%,0,AM Nhựt
NTB - Bình Thuận,(BTH) Đồng Kho,Hàng Mới Ca 1,2026-09-30 - Thứ 4,675,99.70%,80.89%,546,129,0.30%,19.11%,675,AM Nhựt,,NTB - Bình Thuận,(BTH) Đồng Kho,Hàng Mới Ca 2,2026-09-30 - Thứ 4,134,45.52%,36.57%,49,84,54.48%,62.68%,134,AM Nhựt,,NTB - Bình Thuận,(BTH) Đồng Kho,Hàng Tồn,2026-09-30 - Thứ 4,313,96.81%,47.28%,148,154,3.19%,49.21%,0,AM Nhựt
NTB - Bình Thuận,(BTH) Đức Linh,Hàng Mới Ca 1,2026-09-24 - Thứ 5,514,100.00%,88.33%,454,53,0.00%,10.31%,514,AM Nhựt,,NTB - Bình Thuận,(BTH) Đức Linh,Hàng Mới Ca 2,2026-09-24 - Thứ 5,439,35.31%,29.84%,131,306,64.69%,69.70%,439,AM Nhựt,,NTB - Bình Thuận,(BTH) Đức Linh,Hàng Tồn,2026-09-24 - Thứ 5,578,98.10%,63.49%,367,193,1.90%,33.40%,0,AM Nhựt
NTB - Bình Thuận,(BTH) Đức Linh,Hàng Mới Ca 1,2026-09-25 - Thứ 6,867,99.88%,82.47%,715,148,0.12%,17.07%,867,AM Nhựt,,NTB - Bình Thuận,(BTH) Đức Linh,Hàng Mới Ca 2,2026-09-25 - Thứ 6,437,24.03%,20.82%,91,346,75.97%,79.18%,437,AM Nhựt,,NTB - Bình Thuận,(BTH) Đức Linh,Hàng Tồn,2026-09-25 - Thứ 6,522,98.85%,60.15%,314,185,1.15%,35.44%,0,AM Nhựt
NTB - Bình Thuận,(BTH) Đức Linh,Hàng Mới Ca 1,2026-09-26 - Thứ 7,598,99.83%,86.79%,519,76,0.17%,12.71%,598,AM Nhựt,,NTB - Bình Thuận,(BTH) Đức Linh,Hàng Mới Ca 2,2026-09-26 - Thứ 7,452,34.07%,28.76%,130,322,65.93%,71.24%,452,AM Nhựt,,NTB - Bình Thuận,(BTH) Đức Linh,Hàng Tồn,2026-09-26 - Thứ 7,655,97.56%,59.85%,392,240,2.44%,36.64%,0,AM Nhựt
NTB - Bình Thuận,(BTH) Đức Linh,Hàng Mới Ca 1,2026-09-27 - Chủ Nhật,523,99.62%,84.70%,443,73,0.38%,13.96%,523,AM Nhựt,,NTB - Bình Thuận,(BTH) Đức Linh,Hàng Mới Ca 2,2026-09-27 - Chủ Nhật,358,36.31%,31.01%,111,246,63.69%,68.71%,358,AM Nhựt,,NTB - Bình Thuận,(BTH) Đức Linh,Hàng Tồn,2026-09-27 - Chủ Nhật,606,99.34%,64.52%,391,191,0.66%,31.52%,0,AM Nhựt
NTB - Bình Thuận,(BTH) Đức Linh,Hàng Mới Ca 1,2026-09-28 - Thứ 2,426,100.00%,84.74%,361,63,0.00%,14.79%,426,AM Nhựt,,NTB - Bình Thuận,(BTH) Đức Linh,Hàng Mới Ca 2,2026-09-28 - Thứ 2,383,36.81%,32.38%,124,255,63.19%,66.58%,383,AM Nhựt,,NTB - Bình Thuận,(BTH) Đức Linh,Hàng Tồn,2026-09-28 - Thứ 2,476,98.95%,60.71%,289,160,1.05%,33.62%,0,AM Nhựt
NTB - Bình Thuận,(BTH) Đức Linh,Hàng Mới Ca 1,2026-09-29 - Thứ 3,487,100.00%,86.65%,422,62,0.00%,12.73%,487,AM Nhựt,,NTB - Bình Thuận,(BTH) Đức Linh,Hàng Mới Ca 2,2026-09-29 - Thứ 3,519,39.50%,35.45%,184,335,60.50%,64.55%,519,AM Nhựt,,NTB - Bình Thuận,(BTH) Đức Linh,Hàng Tồn,2026-09-29 - Thứ 3,448,99.33%,62.95%,282,144,0.67%,32.14%,0,AM Nhựt
NTB - Bình Thuận,(BTH) Đức Linh,Hàng Mới Ca 1,2026-09-30 - Thứ 4,507,99.80%,87.18%,442,57,0.20%,11.24%,507,AM Nhựt,,NTB - Bình Thuận,(BTH) Đức Linh,Hàng Mới Ca 2,2026-09-30 - Thứ 4,558,36.92%,32.62%,182,374,63.08%,67.02%,558,AM Nhựt,,NTB - Bình Thuận,(BTH) Đức Linh,Hàng Tồn,2026-09-30 - Thứ 4,513,99.22%,67.64%,347,150,0.78%,29.24%,0,AM Nhựt
NTB - Đắk Nông,(DNO) Bắc Gia Nghĩa,Hàng Mới Ca 1,2026-09-24 - Thứ 5,149,100.00%,85.23%,127,20,0.00%,13.43%,149,AM Duân,,NTB - Đắk Nông,(DNO) Bắc Gia Nghĩa,Hàng Mới Ca 2,2026-09-24 - Thứ 5,80,52.50%,42.50%,34,46,47.50%,57.50%,80,AM Duân,,NTB - Đắk Nông,(DNO) Bắc Gia Nghĩa,Hàng Tồn,2026-09-24 - Thứ 5,202,97.03%,55.45%,112,79,2.97%,39.10%,0,AM Duân
NTB - Đắk Nông,(DNO) Bắc Gia Nghĩa,Hàng Mới Ca 1,2026-09-25 - Thứ 6,169,91.72%,76.92%,130,38,8.28%,22.49%,169,AM Duân,,NTB - Đắk Nông,(DNO) Bắc Gia Nghĩa,Hàng Mới Ca 2,2026-09-25 - Thứ 6,94,50.00%,34.04%,32,62,50.00%,65.96%,94,AM Duân,,NTB - Đắk Nông,(DNO) Bắc Gia Nghĩa,Hàng Tồn,2026-09-25 - Thứ 6,142,94.37%,58.45%,83,52,5.63%,36.62%,0,AM Duân
NTB - Đắk Nông,(DNO) Bắc Gia Nghĩa,Hàng Mới Ca 1,2026-09-26 - Thứ 7,132,96.97%,77.27%,102,29,3.03%,21.97%,132,AM Duân,,NTB - Đắk Nông,(DNO) Bắc Gia Nghĩa,Hàng Mới Ca 2,2026-09-26 - Thứ 7,108,13.89%,10.19%,11,97,86.11%,89.81%,108,AM Duân,,NTB - Đắk Nông,(DNO) Bắc Gia Nghĩa,Hàng Tồn,2026-09-26 - Thứ 7,152,89.47%,50.66%,77,71,10.53%,46.71%,0,AM Duân
NTB - Đắk Nông,(DNO) Bắc Gia Nghĩa,Hàng Mới Ca 1,2026-09-27 - Chủ Nhật,134,78.36%,62.69%,84,50,21.64%,37.31%,134,AM Duân,,NTB - Đắk Nông,(DNO) Bắc Gia Nghĩa,Hàng Mới Ca 2,2026-09-27 - Chủ Nhật,66,18.18%,18.18%,12,54,81.82%,81.82%,66,AM Duân,,NTB - Đắk Nông,(DNO) Bắc Gia Nghĩa,Hàng Tồn,2026-09-27 - Chủ Nhật,185,84.32%,56.22%,104,73,15.68%,39.46%,0,AM Duân
NTB - Đắk Nông,(DNO) Bắc Gia Nghĩa,Hàng Mới Ca 1,2026-09-28 - Thứ 2,110,99.09%,81.82%,90,20,0.91%,18.18%,110,AM Duân,,NTB - Đắk Nông,(DNO) Bắc Gia Nghĩa,Hàng Mới Ca 2,2026-09-28 - Thứ 2,49,48.98%,40.82%,20,29,51.02%,59.18%,49,AM Duân,,NTB - Đắk Nông,(DNO) Bắc Gia Nghĩa,Hàng Tồn,2026-09-28 - Thứ 2,168,91.67%,57.74%,97,66,8.33%,39.28%,0,AM Duân
NTB - Đắk Nông,(DNO) Bắc Gia Nghĩa,Hàng Mới Ca 1,2026-09-29 - Thứ 3,97,79.38%,72.16%,70,27,20.62%,27.84%,97,AM Duân,,NTB - Đắk Nông,(DNO) Bắc Gia Nghĩa,Hàng Mới Ca 2,2026-09-29 - Thứ 3,116,28.45%,24.14%,28,88,71.55%,75.86%,116,AM Duân,,NTB - Đắk Nông,(DNO) Bắc Gia Nghĩa,Hàng Tồn,2026-09-29 - Thứ 3,102,60.78%,26.47%,27,69,39.22%,67.65%,0,AM Duân
NTB - Đắk Nông,(DNO) Bắc Gia Nghĩa,Hàng Mới Ca 1,2026-09-30 - Thứ 4,74,95.95%,83.78%,62,12,4.05%,16.22%,74,AM Duân,,NTB - Đắk Nông,(DNO) Bắc Gia Nghĩa,Hàng Mới Ca 2,2026-09-30 - Thứ 4,31,25.81%,19.35%,6,25,74.19%,80.65%,31,AM Duân,,NTB - Đắk Nông,(DNO) Bắc Gia Nghĩa,Hàng Tồn,2026-09-30 - Thứ 4,177,92.09%,63.84%,113,57,7.91%,32.21%,0,AM Duân
NTB - Đắk Nông,(DNO) Cư Jút,Hàng Mới Ca 1,2026-09-24 - Thứ 5,374,100.00%,81.55%,305,64,0.00%,17.11%,374,AM Nhung,,NTB - Đắk Nông,(DNO) Cư Jút,Hàng Mới Ca 2,2026-09-24 - Thứ 5,433,17.78%,13.63%,59,373,82.22%,86.14%,433,AM Nhung,,NTB - Đắk Nông,(DNO) Cư Jút,Hàng Tồn,2026-09-24 - Thứ 5,457,99.12%,64.11%,293,141,0.88%,30.86%,0,AM Nhung
NTB - Đắk Nông,(DNO) Cư Jút,Hàng Mới Ca 1,2026-09-25 - Thứ 6,285,95.09%,75.44%,215,68,4.91%,23.86%,285,AM Nhung,,NTB - Đắk Nông,(DNO) Cư Jút,Hàng Mới Ca 2,2026-09-25 - Thứ 6,320,20.00%,12.50%,40,280,80.00%,87.50%,320,AM Nhung,,NTB - Đắk Nông,(DNO) Cư Jút,Hàng Tồn,2026-09-25 - Thứ 6,552,92.21%,58.51%,323,215,7.79%,38.95%,0,AM Nhung
NTB - Đắk Nông,(DNO) Cư Jút,Hàng Mới Ca 1,2026-09-26 - Thứ 7,313,92.97%,69.33%,217,93,7.03%,29.71%,313,AM Nhung,,NTB - Đắk Nông,(DNO) Cư Jút,Hàng Mới Ca 2,2026-09-26 - Thứ 7,169,1.78%,1.18%,2,167,98.22%,98.82%,169,AM Nhung,,NTB - Đắk Nông,(DNO) Cư Jút,Hàng Tồn,2026-09-26 - Thứ 7,543,92.45%,55.99%,304,215,7.55%,39.59%,0,AM Nhung
NTB - Đắk Nông,(DNO) Cư Jút,Hàng Mới Ca 1,2026-09-27 - Chủ Nhật,289,100.00%,74.74%,216,71,0.00%,24.57%,289,AM Nhung,,NTB - Đắk Nông,(DNO) Cư Jút,Hàng Mới Ca 2,2026-09-27 - Chủ Nhật,298,21.14%,15.10%,45,253,78.86%,84.90%,298,AM Nhung,,NTB - Đắk Nông,(DNO) Cư Jút,Hàng Tồn,2026-09-27 - Chủ Nhật,454,98.90%,54.41%,247,183,1.10%,40.30%,0,AM Nhung
NTB - Đắk Nông,(DNO) Cư Jút,Hàng Mới Ca 1,2026-09-28 - Thứ 2,240,99.58%,75.42%,181,57,0.42%,23.75%,240,AM Nhung,,NTB - Đắk Nông,(DNO) Cư Jút,Hàng Mới Ca 2,2026-09-28 - Thứ 2,178,14.04%,11.80%,21,156,85.96%,87.64%,178,AM Nhung,,NTB - Đắk Nông,(DNO) Cư Jút,Hàng Tồn,2026-09-28 - Thứ 2,481,98.13%,56.13%,270,191,1.87%,39.71%,0,AM Nhung
NTB - Đắk Nông,(DNO) Cư Jút,Hàng Mới Ca 1,2026-09-29 - Thứ 3,293,99.66%,78.84%,231,62,0.34%,21.16%,293,AM Nhung,,NTB - Đắk Nông,(DNO) Cư Jút,Hàng Mới Ca 2,2026-09-29 - Thứ 3,174,27.59%,22.41%,39,135,72.41%,77.59%,174,AM Nhung,,NTB - Đắk Nông,(DNO) Cư Jút,Hàng Tồn,2026-09-29 - Thứ 3,383,98.43%,56.66%,217,142,1.57%,37.07%,0,AM Nhung
NTB - Đắk Nông,(DNO) Cư Jút,Hàng Mới Ca 1,2026-09-30 - Thứ 4,189,100.00%,80.42%,152,36,0.00%,19.05%,189,AM Nhung,,NTB - Đắk Nông,(DNO) Cư Jút,Hàng Mới Ca 2,2026-09-30 - Thứ 4,245,2.45%,2.04%,5,240,97.55%,97.96%,245,AM Nhung,,NTB - Đắk Nông,(DNO) Cư Jút,Hàng Tồn,2026-09-30 - Thứ 4,324,98.15%,50.31%,163,143,1.85%,44.13%,0,AM Nhung
NTB - Đắk Nông,(DNO) Kiến Đức,Hàng Mới Ca 1,2026-09-24 - Thứ 5,257,89.11%,54.47%,140,114,10.89%,44.36%,257,AM Nga,,NTB - Đắk Nông,(DNO) Kiến Đức,Hàng Mới Ca 2,2026-09-24 - Thứ 5,0,0.00%,0.00%,0,0,0.00%,0.00%,0,AM Nga,,NTB - Đắk Nông,(DNO) Kiến Đức,Hàng Tồn,2026-09-24 - Thứ 5,747,88.62%,32.53%,243,482,11.38%,64.52%,0,AM Nga
NTB - Đắk Nông,(DNO) Kiến Đức,Hàng Mới Ca 1,2026-09-25 - Thứ 6,399,85.21%,50.88%,203,195,14.79%,48.87%,399,AM Nga,,NTB - Đắk Nông,(DNO) Kiến Đức,Hàng Mới Ca 2,2026-09-25 - Thứ 6,0,0.00%,0.00%,0,0,0.00%,0.00%,0,AM Nga,,NTB - Đắk Nông,(DNO) Kiến Đức,Hàng Tồn,2026-09-25 - Thứ 6,579,51.30%,15.03%,87,472,48.70%,81.52%,0,AM Nga
NTB - Đắk Nông,(DNO) Kiến Đức,Hàng Mới Ca 1,2026-09-26 - Thứ 7,412,79.13%,54.61%,225,187,20.87%,45.39%,412,AM Nga,,NTB - Đắk Nông,(DNO) Kiến Đức,Hàng Mới Ca 2,2026-09-26 - Thứ 7,0,0.00%,0.00%,0,0,0.00%,0.00%,0,AM Nga,,NTB - Đắk Nông,(DNO) Kiến Đức,Hàng Tồn,2026-09-26 - Thứ 7,632,53.64%,22.47%,142,476,46.36%,75.31%,0,AM Nga
NTB - Đắk Nông,(DNO) Kiến Đức,Hàng Mới Ca 1,2026-09-27 - Chủ Nhật,272,76.10%,45.96%,125,147,23.90%,54.04%,272,AM Nga,,NTB - Đắk Nông,(DNO) Kiến Đức,Hàng Mới Ca 2,2026-09-27 - Chủ Nhật,0,0.00%,0.00%,0,0,0.00%,0.00%,0,AM Nga,,NTB - Đắk Nông,(DNO) Kiến Đức,Hàng Tồn,2026-09-27 - Chủ Nhật,634,62.93%,22.87%,145,460,37.07%,72.56%,0,AM Nga
NTB - Đắk Nông,(DNO) Kiến Đức,Hàng Mới Ca 1,2026-09-28 - Thứ 2,225,79.11%,54.22%,122,103,20.89%,45.78%,225,AM Nga,,NTB - Đắk Nông,(DNO) Kiến Đức,Hàng Mới Ca 2,2026-09-28 - Thứ 2,0,0.00%,0.00%,0,0,0.00%,0.00%,0,AM Nga,,NTB - Đắk Nông,(DNO) Kiến Đức,Hàng Tồn,2026-09-28 - Thứ 2,584,64.90%,24.32%,142,417,35.10%,71.40%,0,AM Nga
NTB - Đắk Nông,(DNO) Kiến Đức,Hàng Mới Ca 1,2026-09-29 - Thứ 3,160,53.13%,33.13%,53,107,46.87%,66.87%,160,AM Nga,,NTB - Đắk Nông,(DNO) Kiến Đức,Hàng Mới Ca 2,2026-09-29 - Thứ 3,0,0.00%,0.00%,0,0,0.00%,0.00%,0,AM Nga,,NTB - Đắk Nông,(DNO) Kiến Đức,Hàng Tồn,2026-09-29 - Thứ 3,486,69.14%,29.01%,141,326,30.86%,67.08%,0,AM Nga
NTB - Đắk Nông,(DNO) Kiến Đức,Hàng Mới Ca 1,2026-09-30 - Thứ 4,191,91.10%,48.69%,93,97,8.90%,50.79%,191,AM Nga,,NTB - Đắk Nông,(DNO) Kiến Đức,Hàng Mới Ca 2,2026-09-30 - Thứ 4,0,0.00%,0.00%,0,0,0.00%,0.00%,0,AM Nga,,NTB - Đắk Nông,(DNO) Kiến Đức,Hàng Tồn,2026-09-30 - Thứ 4,405,98.02%,23.95%,97,291,1.98%,71.85%,0,AM Nga
NTB - Đắk Nông,(DNO) Krông Nô,Hàng Mới Ca 1,2026-09-24 - Thứ 5,314,100.00%,80.89%,254,58,0.00%,18.47%,314,AM Nhung,,NTB - Đắk Nông,(DNO) Krông Nô,Hàng Mới Ca 2,2026-09-24 - Thứ 5,404,45.54%,30.94%,125,277,54.46%,68.56%,404,AM Nhung,,NTB - Đắk Nông,(DNO) Krông Nô,Hàng Tồn,2026-09-24 - Thứ 5,306,99.02%,52.94%,162,125,0.98%,40.85%,0,AM Nhung
NTB - Đắk Nông,(DNO) Krông Nô,Hàng Mới Ca 1,2026-09-25 - Thứ 6,236,99.58%,74.58%,176,57,0.42%,24.15%,236,AM Nhung,,NTB - Đắk Nông,(DNO) Krông Nô,Hàng Mới Ca 2,2026-09-25 - Thứ 6,267,38.58%,25.09%,67,199,61.42%,74.54%,267,AM Nhung,,NTB - Đắk Nông,(DNO) Krông Nô,Hàng Tồn,2026-09-25 - Thứ 6,435,98.85%,58.16%,253,158,1.15%,36.32%,0,AM Nhung
NTB - Đắk Nông,(DNO) Krông Nô,Hàng Mới Ca 1,2026-09-26 - Thứ 7,299,100.00%,74.92%,224,72,0.00%,24.08%,299,AM Nhung,,NTB - Đắk Nông,(DNO) Krông Nô,Hàng Mới Ca 2,2026-09-26 - Thứ 7,207,45.41%,37.20%,77,129,54.59%,62.32%,207,AM Nhung,,NTB - Đắk Nông,(DNO) Krông Nô,Hàng Tồn,2026-09-26 - Thứ 7,404,99.50%,54.70%,221,163,0.50%,40.35%,0,AM Nhung
NTB - Đắk Nông,(DNO) Krông Nô,Hàng Mới Ca 1,2026-09-27 - Chủ Nhật,308,99.68%,74.03%,228,79,0.32%,25.65%,308,AM Nhung,,NTB - Đắk Nông,(DNO) Krông Nô,Hàng Mới Ca 2,2026-09-27 - Chủ Nhật,237,39.24%,29.96%,71,166,60.76%,70.04%,237,AM Nhung,,NTB - Đắk Nông,(DNO) Krông Nô,Hàng Tồn,2026-09-27 - Chủ Nhật,340,99.71%,53.53%,182,148,0.29%,43.53%,0,AM Nhung
NTB - Đắk Nông,(DNO) Krông Nô,Hàng Mới Ca 1,2026-09-28 - Thứ 2,262,99.62%,75.95%,199,60,0.38%,22.90%,262,AM Nhung,,NTB - Đắk Nông,(DNO) Krông Nô,Hàng Mới Ca 2,2026-09-28 - Thứ 2,161,40.99%,29.19%,47,114,59.01%,70.81%,161,AM Nhung,,NTB - Đắk Nông,(DNO) Krông Nô,Hàng Tồn,2026-09-28 - Thứ 2,357,98.60%,54.90%,196,151,1.40%,42.30%,0,AM Nhung
NTB - Đắk Nông,(DNO) Krông Nô,Hàng Mới Ca 1,2026-09-29 - Thứ 3,302,100.00%,73.51%,222,77,0.00%,25.50%,302,AM Nhung,,NTB - Đắk Nông,(DNO) Krông Nô,Hàng Mới Ca 2,2026-09-29 - Thứ 3,150,36.00%,28.00%,42,107,64.00%,71.33%,150,AM Nhung,,NTB - Đắk Nông,(DNO) Krông Nô,Hàng Tồn,2026-09-29 - Thứ 3,309,98.38%,50.49%,156,131,1.62%,42.39%,0,AM Nhung
NTB - Đắk Nông,(DNO) Krông Nô,Hàng Mới Ca 1,2026-09-30 - Thứ 4,208,99.04%,79.33%,165,43,0.96%,20.67%,208,AM Nhung,,NTB - Đắk Nông,(DNO) Krông Nô,Hàng Mới Ca 2,2026-09-30 - Thứ 4,185,50.27%,30.81%,57,126,49.73%,68.11%,185,AM Nhung,,NTB - Đắk Nông,(DNO) Krông Nô,Hàng Tồn,2026-09-30 - Thứ 4,291,99.31%,53.95%,157,120,0.69%,41.24%,0,AM Nhung
NTB - Đắk Nông,(DNO) Nhân Cơ,Hàng Mới Ca 1,2026-09-24 - Thứ 5,180,81.67%,65.00%,117,61,18.33%,33.89%,180,AM Duân,,NTB - Đắk Nông,(DNO) Nhân Cơ,Hàng Mới Ca 2,2026-09-24 - Thứ 5,131,1.53%,1.53%,2,129,98.47%,98.47%,131,AM Duân,,NTB - Đắk Nông,(DNO) Nhân Cơ,Hàng Tồn,2026-09-24 - Thứ 5,234,68.80%,46.58%,109,124,31.20%,52.99%,0,AM Duân
NTB - Đắk Nông,(DNO) Nhân Cơ,Hàng Mới Ca 1,2026-09-25 - Thứ 6,181,83.43%,67.96%,123,56,16.57%,30.94%,181,AM Duân,,NTB - Đắk Nông,(DNO) Nhân Cơ,Hàng Mới Ca 2,2026-09-25 - Thứ 6,132,5.30%,4.55%,6,126,94.70%,95.45%,132,AM Duân,,NTB - Đắk Nông,(DNO) Nhân Cơ,Hàng Tồn,2026-09-25 - Thứ 6,302,76.49%,51.66%,156,141,23.51%,46.68%,0,AM Duân
NTB - Đắk Nông,(DNO) Nhân Cơ,Hàng Mới Ca 1,2026-09-26 - Thứ 7,119,93.28%,75.63%,90,28,6.72%,23.53%,119,AM Duân,,NTB - Đắk Nông,(DNO) Nhân Cơ,Hàng Mới Ca 2,2026-09-26 - Thứ 7,2,100.00%,100.00%,2,0,0.00%,0.00%,2,AM Duân,,NTB - Đắk Nông,(DNO) Nhân Cơ,Hàng Tồn,2026-09-26 - Thứ 7,314,88.22%,57.01%,179,129,11.78%,41.08%,0,AM Duân
NTB - Đắk Nông,(DNO) Nhân Cơ,Hàng Mới Ca 1,2026-09-27 - Chủ Nhật,266,97.74%,73.68%,196,69,2.26%,25.94%,266,AM Duân,,NTB - Đắk Nông,(DNO) Nhân Cơ,Hàng Mới Ca 2,2026-09-27 - Chủ Nhật,80,3.75%,2.50%,2,78,96.25%,97.50%,80,AM Duân,,NTB - Đắk Nông,(DNO) Nhân Cơ,Hàng Tồn,2026-09-27 - Chủ Nhật,138,89.13%,37.68%,52,79,10.87%,57.25%,0,AM Duân
NTB - Đắk Nông,(DNO) Nhân Cơ,Hàng Mới Ca 1,2026-09-28 - Thứ 2,141,82.27%,66.67%,94,47,17.73%,33.33%,141,AM Duân,,NTB - Đắk Nông,(DNO) Nhân Cơ,Hàng Mới Ca 2,2026-09-28 - Thứ 2,76,5.26%,2.63%,2,74,94.74%,97.37%,76,AM Duân,,NTB - Đắk Nông,(DNO) Nhân Cơ,Hàng Tồn,2026-09-28 - Thứ 2,217,80.18%,47.47%,103,109,19.82%,50.23%,0,AM Duân
NTB - Đắk Nông,(DNO) Nhân Cơ,Hàng Mới Ca 1,2026-09-29 - Thứ 3,88,92.05%,76.14%,67,20,7.95%,22.72%,88,AM Duân,,NTB - Đắk Nông,(DNO) Nhân Cơ,Hàng Mới Ca 2,2026-09-29 - Thứ 3,73,1.37%,1.37%,1,72,98.63%,98.63%,73,AM Duân,,NTB - Đắk Nông,(DNO) Nhân Cơ,Hàng Tồn,2026-09-29 - Thứ 3,217,91.24%,53.46%,116,91,8.76%,41.93%,0,AM Duân
NTB - Đắk Nông,(DNO) Nhân Cơ,Hàng Mới Ca 1,2026-09-30 - Thứ 4,109,100.00%,76.15%,83,26,0.00%,23.85%,109,AM Duân,,NTB - Đắk Nông,(DNO) Nhân Cơ,Hàng Mới Ca 2,2026-09-30 - Thứ 4,34,5.88%,0.00%,0,34,94.12%,100.00%,34,AM Duân,,NTB - Đắk Nông,(DNO) Nhân Cơ,Hàng Tồn,2026-09-30 - Thứ 4,174,97.13%,44.83%,78,85,2.87%,48.85%,0,AM Duân
NTB - Đắk Nông,(DNO) Quảng Khê,Hàng Mới Ca 1,2026-09-24 - Thứ 5,265,92.08%,64.15%,170,91,7.92%,34.34%,265,AM Nhung,,NTB - Đắk Nông,(DNO) Quảng Khê,Hàng Mới Ca 2,2026-09-24 - Thứ 5,0,0.00%,0.00%,0,0,0.00%,0.00%,0,AM Nhung,,NTB - Đắk Nông,(DNO) Quảng Khê,Hàng Tồn,2026-09-24 - Thứ 5,209,80.86%,47.37%,99,101,19.14%,48.32%,0,AM Nhung
NTB - Đắk Nông,(DNO) Quảng Khê,Hàng Mới Ca 1,2026-09-25 - Thứ 6,295,72.54%,48.14%,142,146,27.46%,49.49%,295,AM Nhung,,NTB - Đắk Nông,(DNO) Quảng Khê,Hàng Mới Ca 2,2026-09-25 - Thứ 6,0,0.00%,0.00%,0,0,0.00%,0.00%,0,AM Nhung,,NTB - Đắk Nông,(DNO) Quảng Khê,Hàng Tồn,2026-09-25 - Thứ 6,179,69.83%,35.20%,63,107,30.17%,59.77%,0,AM Nhung
NTB - Đắk Nông,(DNO) Quảng Khê,Hàng Mới Ca 1,2026-09-26 - Thứ 7,256,96.09%,67.58%,173,78,3.91%,30.47%,256,AM Nhung,,NTB - Đắk Nông,(DNO) Quảng Khê,Hàng Mới Ca 2,2026-09-26 - Thứ 7,5,0.00%,0.00%,0,5,100.00%,100.00%,5,AM Nhung,,NTB - Đắk Nông,(DNO) Quảng Khê,Hàng Tồn,2026-09-26 - Thứ 7,244,92.62%,50.82%,124,111,7.38%,45.49%,0,AM Nhung
NTB - Đắk Nông,(DNO) Quảng Khê,Hàng Mới Ca 1,2026-09-27 - Chủ Nhật,203,72.41%,50.74%,103,100,27.59%,49.26%,203,AM Nhung,,NTB - Đắk Nông,(DNO) Quảng Khê,Hàng Mới Ca 2,2026-09-27 - Chủ Nhật,5,0.00%,0.00%,0,5,100.00%,100.00%,5,AM Nhung,,NTB - Đắk Nông,(DNO) Quảng Khê,Hàng Tồn,2026-09-27 - Chủ Nhật,158,68.35%,26.58%,42,107,31.65%,67.72%,0,AM Nhung
NTB - Đắk Nông,(DNO) Quảng Khê,Hàng Mới Ca 1,2026-09-28 - Thứ 2,165,61.21%,39.39%,65,99,38.79%,60.00%,165,AM Nhung,,NTB - Đắk Nông,(DNO) Quảng Khê,Hàng Mới Ca 2,2026-09-28 - Thứ 2,0,0.00%,0.00%,0,0,0.00%,0.00%,0,AM Nhung,,NTB - Đắk Nông,(DNO) Quảng Khê,Hàng Tồn,2026-09-28 - Thứ 2,208,69.71%,39.42%,82,117,30.29%,56.25%,0,AM Nhung
NTB - Đắk Nông,(DNO) Quảng Khê,Hàng Mới Ca 1,2026-09-29 - Thứ 3,172,77.91%,51.16%,88,82,22.09%,47.68%,172,AM Nhung,,NTB - Đắk Nông,(DNO) Quảng Khê,Hàng Mới Ca 2,2026-09-29 - Thứ 3,0,0.00%,0.00%,0,0,0.00%,0.00%,0,AM Nhung,,NTB - Đắk Nông,(DNO) Quảng Khê,Hàng Tồn,2026-09-29 - Thứ 3,199,83.92%,35.68%,71,115,16.08%,57.79%,0,AM Nhung
NTB - Đắk Nông,(DNO) Quảng Khê,Hàng Mới Ca 1,2026-09-30 - Thứ 4,176,76.70%,53.41%,94,82,23.30%,46.59%,176,AM Nhung,,NTB - Đắk Nông,(DNO) Quảng Khê,Hàng Mới Ca 2,2026-09-30 - Thứ 4,0,0.00%,0.00%,0,0,0.00%,0.00%,0,AM Nhung,,NTB - Đắk Nông,(DNO) Quảng Khê,Hàng Tồn,2026-09-30 - Thứ 4,190,86.84%,47.37%,90,86,13.16%,45.26%,0,AM Nhung
NTB - Đắk Nông,(DNO) Quảng Sơn,Hàng Mới Ca 1,2026-09-24 - Thứ 5,82,100.00%,79.27%,65,17,0.00%,20.73%,82,AM Nhung,,NTB - Đắk Nông,(DNO) Quảng Sơn,Hàng Mới Ca 2,2026-09-24 - Thứ 5,135,94.07%,64.44%,87,47,5.93%,34.82%,135,AM Nhung,,NTB - Đắk Nông,(DNO) Quảng Sơn,Hàng Tồn,2026-09-24 - Thứ 5,101,94.06%,37.62%,38,53,5.94%,52.48%,0,AM Nhung
NTB - Đắk Nông,(DNO) Quảng Sơn,Hàng Mới Ca 1,2026-09-25 - Thứ 6,224,100.00%,75.00%,168,50,0.00%,22.32%,224,AM Nhung,,NTB - Đắk Nông,(DNO) Quảng Sơn,Hàng Mới Ca 2,2026-09-25 - Thứ 6,120,97.50%,56.67%,68,51,2.50%,42.50%,120,AM Nhung,,NTB - Đắk Nông,(DNO) Quảng Sơn,Hàng Tồn,2026-09-25 - Thứ 6,96,93.75%,33.33%,32,55,6.25%,57.29%,0,AM Nhung
NTB - Đắk Nông,(DNO) Quảng Sơn,Hàng Mới Ca 1,2026-09-26 - Thứ 7,183,99.45%,82.51%,151,32,0.55%,17.49%,183,AM Nhung,,NTB - Đắk Nông,(DNO) Quảng Sơn,Hàng Mới Ca 2,2026-09-26 - Thứ 7,128,100.00%,69.53%,89,38,0.00%,29.69%,128,AM Nhung,,NTB - Đắk Nông,(DNO) Quảng Sơn,Hàng Tồn,2026-09-26 - Thứ 7,143,98.60%,43.36%,62,73,1.40%,51.05%,0,AM Nhung
NTB - Đắk Nông,(DNO) Quảng Sơn,Hàng Mới Ca 1,2026-09-27 - Chủ Nhật,176,99.43%,84.09%,148,25,0.57%,14.21%,176,AM Nhung,,NTB - Đắk Nông,(DNO) Quảng Sơn,Hàng Mới Ca 2,2026-09-27 - Chủ Nhật,117,95.73%,70.09%,82,35,4.27%,29.91%,117,AM Nhung,,NTB - Đắk Nông,(DNO) Quảng Sơn,Hàng Tồn,2026-09-27 - Chủ Nhật,124,91.94%,35.48%,44,74,8.06%,59.68%,0,AM Nhung
NTB - Đắk Nông,(DNO) Quảng Sơn,Hàng Mới Ca 1,2026-09-28 - Thứ 2,142,100.00%,85.92%,122,19,0.00%,13.38%,142,AM Nhung,,NTB - Đắk Nông,(DNO) Quảng Sơn,Hàng Mới Ca 2,2026-09-28 - Thứ 2,94,93.62%,59.57%,56,37,6.38%,39.37%,94,AM Nhung,,NTB - Đắk Nông,(DNO) Quảng Sơn,Hàng Tồn,2026-09-28 - Thứ 2,121,90.91%,31.40%,38,54,9.09%,44.63%,0,AM Nhung
NTB - Đắk Nông,(DNO) Quảng Sơn,Hàng Mới Ca 1,2026-09-29 - Thứ 3,170,100.00%,78.82%,134,34,0.00%,20.00%,170,AM Nhung,,NTB - Đắk Nông,(DNO) Quảng Sơn,Hàng Mới Ca 2,2026-09-29 - Thứ 3,45,97.78%,55.56%,25,20,2.22%,44.44%,45,AM Nhung,,NTB - Đắk Nông,(DNO) Quảng Sơn,Hàng Tồn,2026-09-29 - Thứ 3,82,95.12%,31.71%,26,51,4.88%,62.19%,0,AM Nhung
NTB - Đắk Nông,(DNO) Quảng Sơn,Hàng Mới Ca 1,2026-09-30 - Thứ 4,145,100.00%,88.28%,128,16,0.00%,11.03%,145,AM Nhung,,NTB - Đắk Nông,(DNO) Quảng Sơn,Hàng Mới Ca 2,2026-09-30 - Thứ 4,155,98.71%,74.19%,115,38,1.29%,24.52%,155,AM Nhung,,NTB - Đắk Nông,(DNO) Quảng Sơn,Hàng Tồn,2026-09-30 - Thứ 4,98,92.86%,32.65%,32,54,7.14%,55.11%,0,AM Nhung
NTB - Đắk Nông,(DNO) Quảng Tín,Hàng Mới Ca 1,2026-09-24 - Thứ 5,153,50.33%,41.18%,63,89,49.67%,58.17%,153,AM Linh,,NTB - Đắk Nông,(DNO) Quảng Tín,Hàng Mới Ca 2,2026-09-24 - Thứ 5,47,87.23%,70.21%,33,14,12.77%,29.79%,47,AM Linh,,NTB - Đắk Nông,(DNO) Quảng Tín,Hàng Tồn,2026-09-24 - Thứ 5,571,69.70%,29.07%,166,375,30.30%,65.68%,0,AM Linh
NTB - Đắk Nông,(DNO) Quảng Tín,Hàng Mới Ca 1,2026-09-25 - Thứ 6,368,53.53%,41.03%,151,214,46.47%,58.15%,368,AM Linh,,NTB - Đắk Nông,(DNO) Quảng Tín,Hàng Mới Ca 2,2026-09-25 - Thứ 6,0,0.00%,0.00%,0,0,0.00%,0.00%,0,AM Linh,,NTB - Đắk Nông,(DNO) Quảng Tín,Hàng Tồn,2026-09-25 - Thứ 6,439,59.23%,20.50%,90,324,40.77%,73.81%,0,AM Linh
NTB - Đắk Nông,(DNO) Quảng Tín,Hàng Mới Ca 1,2026-09-26 - Thứ 7,298,59.40%,45.97%,137,161,40.60%,54.03%,298,AM Linh,,NTB - Đắk Nông,(DNO) Quảng Tín,Hàng Mới Ca 2,2026-09-26 - Thứ 7,0,0.00%,0.00%,0,0,0.00%,0.00%,0,AM Linh,,NTB - Đắk Nông,(DNO) Quảng Tín,Hàng Tồn,2026-09-26 - Thứ 7,485,47.01%,12.37%,60,388,52.99%,80.00%,0,AM Linh
NTB - Đắk Nông,(DNO) Quảng Tín,Hàng Mới Ca 1,2026-09-27 - Chủ Nhật,266,55.26%,39.47%,105,161,44.74%,60.53%,266,AM Linh,,NTB - Đắk Nông,(DNO) Quảng Tín,Hàng Mới Ca 2,2026-09-27 - Chủ Nhật,0,0.00%,0.00%,0,0,0.00%,0.00%,0,AM Linh,,NTB - Đắk Nông,(DNO) Quảng Tín,Hàng Tồn,2026-09-27 - Chủ Nhật,512,64.45%,27.73%,142,344,35.55%,67.19%,0,AM Linh
NTB - Đắk Nông,(DNO) Quảng Tín,Hàng Mới Ca 1,2026-09-28 - Thứ 2,193,68.39%,52.85%,102,87,31.61%,45.08%,193,AM Linh,,NTB - Đắk Nông,(DNO) Quảng Tín,Hàng Mới Ca 2,2026-09-28 - Thứ 2,0,0.00%,0.00%,0,0,0.00%,0.00%,0,AM Linh,,NTB - Đắk Nông,(DNO) Quảng Tín,Hàng Tồn,2026-09-28 - Thứ 2,492,65.45%,23.17%,114,351,34.55%,71.34%,0,AM Linh
NTB - Đắk Nông,(DNO) Quảng Tín,Hàng Mới Ca 1,2026-09-29 - Thứ 3,165,76.36%,51.52%,85,79,23.64%,47.87%,165,AM Linh,,NTB - Đắk Nông,(DNO) Quảng Tín,Hàng Mới Ca 2,2026-09-29 - Thứ 3,0,0.00%,0.00%,0,0,0.00%,0.00%,0,AM Linh,,NTB - Đắk Nông,(DNO) Quảng Tín,Hàng Tồn,2026-09-29 - Thứ 3,401,84.04%,36.16%,145,234,15.96%,58.35%,0,AM Linh
NTB - Đắk Nông,(DNO) Quảng Tín,Hàng Mới Ca 1,2026-09-30 - Thứ 4,169,73.37%,52.66%,89,78,26.63%,46.16%,169,AM Linh,,NTB - Đắk Nông,(DNO) Quảng Tín,Hàng Mới Ca 2,2026-09-30 - Thứ 4,0,0.00%,0.00%,0,0,0.00%,0.00%,0,AM Linh,,NTB - Đắk Nông,(DNO) Quảng Tín,Hàng Tồn,2026-09-30 - Thứ 4,269,94.42%,30.48%,82,163,5.58%,60.60%,0,AM Linh
NTB - Đắk Nông,(DNO) Trường Xuân,Hàng Mới Ca 1,2026-09-24 - Thứ 5,332,59.94%,44.88%,149,178,40.06%,53.61%,332,AM Nhung,,NTB - Đắk Nông,(DNO) Trường Xuân,Hàng Mới Ca 2,2026-09-24 - Thứ 5,0,0.00%,0.00%,0,0,0.00%,0.00%,0,AM Nhung,,NTB - Đắk Nông,(DNO) Trường Xuân,Hàng Tồn,2026-09-24 - Thứ 5,253,28.06%,12.65%,32,215,71.94%,84.98%,0,AM Nhung
NTB - Đắk Nông,(DNO) Trường Xuân,Hàng Mới Ca 1,2026-09-25 - Thứ 6,334,79.94%,55.09%,184,144,20.06%,43.11%,334,AM Nhung,,NTB - Đắk Nông,(DNO) Trường Xuân,Hàng Mới Ca 2,2026-09-25 - Thứ 6,0,0.00%,0.00%,0,0,0.00%,0.00%,0,AM Nhung,,NTB - Đắk Nông,(DNO) Trường Xuân,Hàng Tồn,2026-09-25 - Thứ 6,389,35.48%,16.71%,65,310,64.52%,79.69%,0,AM Nhung
NTB - Đắk Nông,(DNO) Trường Xuân,Hàng Mới Ca 1,2026-09-26 - Thứ 7,292,67.12%,51.71%,151,134,32.88%,45.89%,292,AM Nhung,,NTB - Đắk Nông,(DNO) Trường Xuân,Hàng Mới Ca 2,2026-09-26 - Thứ 7,0,0.00%,0.00%,0,0,0.00%,0.00%,0,AM Nhung,,NTB - Đắk Nông,(DNO) Trường Xuân,Hàng Tồn,2026-09-26 - Thứ 7,439,38.04%,17.31%,76,355,61.96%,80.87%,0,AM Nhung
NTB - Đắk Nông,(DNO) Trường Xuân,Hàng Mới Ca 1,2026-09-27 - Chủ Nhật,200,88.00%,69.00%,138,60,12.00%,30.00%,200,AM Nhung,,NTB - Đắk Nông,(DNO) Trường Xuân,Hàng Mới Ca 2,2026-09-27 - Chủ Nhật,0,0.00%,0.00%,0,0,0.00%,0.00%,0,AM Nhung,,NTB - Đắk Nông,(DNO) Trường Xuân,Hàng Tồn,2026-09-27 - Chủ Nhật,470,49.15%,26.60%,125,331,50.85%,70.42%,0,AM Nhung
NTB - Đắk Nông,(DNO) Trường Xuân,Hàng Mới Ca 1,2026-09-28 - Thứ 2,228,85.53%,56.14%,128,99,14.47%,43.42%,228,AM Nhung,,NTB - Đắk Nông,(DNO) Trường Xuân,Hàng Mới Ca 2,2026-09-28 - Thứ 2,0,0.00%,0.00%,0,0,0.00%,0.00%,0,AM Nhung,,NTB - Đắk Nông,(DNO) Trường Xuân,Hàng Tồn,2026-09-28 - Thứ 2,378,69.31%,44.18%,167,198,30.69%,52.38%,0,AM Nhung
NTB - Đắk Nông,(DNO) Trường Xuân,Hàng Mới Ca 1,2026-09-29 - Thứ 3,250,82.40%,58.80%,147,101,17.60%,40.40%,250,AM Nhung,,NTB - Đắk Nông,(DNO) Trường Xuân,Hàng Mới Ca 2,2026-09-29 - Thứ 3,0,0.00%,0.00%,0,0,0.00%,0.00%,0,AM Nhung,,NTB - Đắk Nông,(DNO) Trường Xuân,Hàng Tồn,2026-09-29 - Thứ 3,274,94.53%,48.18%,132,119,5.47%,43.43%,0,AM Nhung
NTB - Đắk Nông,(DNO) Trường Xuân,Hàng Mới Ca 1,2026-09-30 - Thứ 4,204,85.29%,49.02%,100,103,14.71%,50.49%,204,AM Nhung,,NTB - Đắk Nông,(DNO) Trường Xuân,Hàng Mới Ca 2,2026-09-30 - Thứ 4,0,0.00%,0.00%,0,0,0.00%,0.00%,0,AM Nhung,,NTB - Đắk Nông,(DNO) Trường Xuân,Hàng Tồn,2026-09-30 - Thứ 4,214,83.18%,33.64%,72,132,16.82%,61.69%,0,AM Nhung
NTB - Đắk Nông,(DNO) Tuy Đức,Hàng Mới Ca 1,2026-09-24 - Thứ 5,284,73.24%,27.46%,78,204,26.76%,71.84%,284,AM Nhung,,NTB - Đắk Nông,(DNO) Tuy Đức,Hàng Mới Ca 2,2026-09-24 - Thứ 5,0,0.00%,0.00%,0,0,0.00%,0.00%,0,AM Nhung,,NTB - Đắk Nông,(DNO) Tuy Đức,Hàng Tồn,2026-09-24 - Thứ 5,345,76.52%,28.70%,99,234,23.48%,67.82%,0,AM Nhung
NTB - Đắk Nông,(DNO) Tuy Đức,Hàng Mới Ca 1,2026-09-25 - Thứ 6,299,61.87%,43.14%,129,169,38.13%,56.53%,299,AM Nhung,,NTB - Đắk Nông,(DNO) Tuy Đức,Hàng Mới Ca 2,2026-09-25 - Thứ 6,0,0.00%,0.00%,0,0,0.00%,0.00%,0,AM Nhung,,NTB - Đắk Nông,(DNO) Tuy Đức,Hàng Tồn,2026-09-25 - Thứ 6,414,67.87%,32.13%,133,257,32.13%,62.07%,0,AM Nhung
NTB - Đắk Nông,(DNO) Tuy Đức,Hàng Mới Ca 1,2026-09-26 - Thứ 7,182,90.66%,62.09%,113,69,9.34%,37.91%,182,AM Nhung,,NTB - Đắk Nông,(DNO) Tuy Đức,Hàng Mới Ca 2,2026-09-26 - Thứ 7,0,0.00%,0.00%,0,0,0.00%,0.00%,0,AM Nhung,,NTB - Đắk Nông,(DNO) Tuy Đức,Hàng Tồn,2026-09-26 - Thứ 7,408,95.83%,49.26%,201,183,4.17%,44.86%,0,AM Nhung
NTB - Đắk Nông,(DNO) Tuy Đức,Hàng Mới Ca 1,2026-09-27 - Chủ Nhật,190,83.68%,51.05%,97,91,16.32%,47.90%,190,AM Nhung,,NTB - Đắk Nông,(DNO) Tuy Đức,Hàng Mới Ca 2,2026-09-27 - Chủ Nhật,0,0.00%,0.00%,0,0,0.00%,0.00%,0,AM Nhung,,NTB - Đắk Nông,(DNO) Tuy Đức,Hàng Tồn,2026-09-27 - Chủ Nhật,226,95.13%,38.94%,88,120,4.87%,53.10%,0,AM Nhung
NTB - Đắk Nông,(DNO) Tuy Đức,Hàng Mới Ca 1,2026-09-28 - Thứ 2,199,98.99%,61.81%,123,72,1.01%,36.18%,199,AM Nhung,,NTB - Đắk Nông,(DNO) Tuy Đức,Hàng Mới Ca 2,2026-09-28 - Thứ 2,54,0.00%,0.00%,0,54,100.00%,100.00%,54,AM Nhung,,NTB - Đắk Nông,(DNO) Tuy Đức,Hàng Tồn,2026-09-28 - Thứ 2,190,95.79%,58.42%,111,67,4.21%,35.26%,0,AM Nhung
NTB - Đắk Nông,(DNO) Tuy Đức,Hàng Mới Ca 1,2026-09-29 - Thứ 3,91,87.91%,59.34%,54,36,12.09%,39.56%,91,AM Nhung,,NTB - Đắk Nông,(DNO) Tuy Đức,Hàng Mới Ca 2,2026-09-29 - Thứ 3,0,0.00%,0.00%,0,0,0.00%,0.00%,0,AM Nhung,,NTB - Đắk Nông,(DNO) Tuy Đức,Hàng Tồn,2026-09-29 - Thứ 3,172,83.14%,39.53%,68,89,16.86%,51.75%,0,AM Nhung
NTB - Đắk Nông,(DNO) Tuy Đức,Hàng Mới Ca 1,2026-09-30 - Thứ 4,191,100.00%,62.30%,119,69,0.00%,36.13%,191,AM Nhung,,NTB - Đắk Nông,(DNO) Tuy Đức,Hàng Mới Ca 2,2026-09-30 - Thứ 4,0,0.00%,0.00%,0,0,0.00%,0.00%,0,AM Nhung,,NTB - Đắk Nông,(DNO) Tuy Đức,Hàng Tồn,2026-09-30 - Thứ 4,119,98.32%,53.78%,64,48,1.68%,40.34%,0,AM Nhung
NTB - Đắk Nông,(DNO) Đông Gia Nghĩa,Hàng Mới Ca 1,2026-09-24 - Thứ 5,266,87.97%,69.17%,184,79,12.03%,29.70%,266,AM Duân,,NTB - Đắk Nông,(DNO) Đông Gia Nghĩa,Hàng Mới Ca 2,2026-09-24 - Thứ 5,0,0.00%,0.00%,0,0,0.00%,0.00%,0,AM Duân,,NTB - Đắk Nông,(DNO) Đông Gia Nghĩa,Hàng Tồn,2026-09-24 - Thứ 5,176,83.52%,29.55%,52,113,16.48%,64.20%,0,AM Duân
NTB - Đắk Nông,(DNO) Đông Gia Nghĩa,Hàng Mới Ca 1,2026-09-25 - Thứ 6,378,73.54%,46.83%,177,201,26.46%,53.17%,378,AM Duân,,NTB - Đắk Nông,(DNO) Đông Gia Nghĩa,Hàng Mới Ca 2,2026-09-25 - Thứ 6,0,0.00%,0.00%,0,0,0.00%,0.00%,0,AM Duân,,NTB - Đắk Nông,(DNO) Đông Gia Nghĩa,Hàng Tồn,2026-09-25 - Thứ 6,174,82.18%,25.29%,44,120,17.82%,68.96%,0,AM Duân
NTB - Đắk Nông,(DNO) Đông Gia Nghĩa,Hàng Mới Ca 1,2026-09-26 - Thứ 7,267,73.41%,50.19%,134,133,26.59%,49.81%,267,AM Duân,,NTB - Đắk Nông,(DNO) Đông Gia Nghĩa,Hàng Mới Ca 2,2026-09-26 - Thứ 7,0,0.00%,0.00%,0,0,0.00%,0.00%,0,AM Duân,,NTB - Đắk Nông,(DNO) Đông Gia Nghĩa,Hàng Tồn,2026-09-26 - Thứ 7,292,76.71%,28.77%,84,193,23.29%,66.09%,0,AM Duân
NTB - Đắk Nông,(DNO) Đông Gia Nghĩa,Hàng Mới Ca 1,2026-09-27 - Chủ Nhật,299,68.23%,41.47%,124,175,31.77%,58.53%,299,AM Duân,,NTB - Đắk Nông,(DNO) Đông Gia Nghĩa,Hàng Mới Ca 2,2026-09-27 - Chủ Nhật,0,0.00%,0.00%,0,0,0.00%,0.00%,0,AM Duân,,NTB - Đắk Nông,(DNO) Đông Gia Nghĩa,Hàng Tồn,2026-09-27 - Chủ Nhật,290,82.07%,24.48%,71,211,17.93%,72.76%,0,AM Duân
NTB - Đắk Nông,(DNO) Đông Gia Nghĩa,Hàng Mới Ca 1,2026-09-28 - Thứ 2,296,88.18%,67.91%,201,95,11.82%,32.09%,296,AM Duân,,NTB - Đắk Nông,(DNO) Đông Gia Nghĩa,Hàng Mới Ca 2,2026-09-28 - Thứ 2,0,0.00%,0.00%,0,0,0.00%,0.00%,0,AM Duân,,NTB - Đắk Nông,(DNO) Đông Gia Nghĩa,Hàng Tồn,2026-09-28 - Thứ 2,354,96.33%,47.46%,168,164,3.67%,46.33%,0,AM Duân
NTB - Đắk Nông,(DNO) Đông Gia Nghĩa,Hàng Mới Ca 1,2026-09-29 - Thứ 3,170,76.47%,50.00%,85,85,23.53%,50.00%,170,AM Duân,,NTB - Đắk Nông,(DNO) Đông Gia Nghĩa,Hàng Mới Ca 2,2026-09-29 - Thứ 3,0,0.00%,0.00%,0,0,0.00%,0.00%,0,AM Duân,,NTB - Đắk Nông,(DNO) Đông Gia Nghĩa,Hàng Tồn,2026-09-29 - Thứ 3,222,95.50%,34.23%,76,131,4.50%,59.01%,0,AM Duân
NTB - Đắk Nông,(DNO) Đông Gia Nghĩa,Hàng Mới Ca 1,2026-09-30 - Thứ 4,296,65.54%,35.47%,105,191,34.46%,64.53%,296,AM Duân,,NTB - Đắk Nông,(DNO) Đông Gia Nghĩa,Hàng Mới Ca 2,2026-09-30 - Thứ 4,0,0.00%,0.00%,0,0,0.00%,0.00%,0,AM Duân,,NTB - Đắk Nông,(DNO) Đông Gia Nghĩa,Hàng Tồn,2026-09-30 - Thứ 4,194,72.16%,22.16%,43,141,27.84%,72.69%,0,AM Duân
NTB - Đắk Nông,(DNO) Đức An,Hàng Mới Ca 1,2026-09-24 - Thứ 5,445,100.00%,80.00%,356,83,0.00%,18.65%,445,AM Nhung,,NTB - Đắk Nông,(DNO) Đức An,Hàng Mới Ca 2,2026-09-24 - Thứ 5,0,0.00%,0.00%,0,0,0.00%,0.00%,0,AM Nhung,,NTB - Đắk Nông,(DNO) Đức An,Hàng Tồn,2026-09-24 - Thứ 5,161,98.14%,42.86%,69,79,1.86%,49.07%,0,AM Nhung
NTB - Đắk Nông,(DNO) Đức An,Hàng Mới Ca 1,2026-09-25 - Thứ 6,502,99.40%,78.69%,395,96,0.60%,19.12%,502,AM Nhung,,NTB - Đắk Nông,(DNO) Đức An,Hàng Mới Ca 2,2026-09-25 - Thứ 6,1,0.00%,0.00%,0,1,100.00%,100.00%,1,AM Nhung,,NTB - Đắk Nông,(DNO) Đức An,Hàng Tồn,2026-09-25 - Thứ 6,133,97.74%,39.10%,52,70,2.26%,52.63%,0,AM Nhung
NTB - Đắk Nông,(DNO) Đức An,Hàng Mới Ca 1,2026-09-26 - Thứ 7,404,99.75%,78.22%,316,78,0.25%,19.30%,404,AM Nhung,,NTB - Đắk Nông,(DNO) Đức An,Hàng Mới Ca 2,2026-09-26 - Thứ 7,0,0.00%,0.00%,0,0,0.00%,0.00%,0,AM Nhung,,NTB - Đắk Nông,(DNO) Đức An,Hàng Tồn,2026-09-26 - Thứ 7,136,98.53%,36.76%,50,75,1.47%,55.15%,0,AM Nhung
NTB - Đắk Nông,(DNO) Đức An,Hàng Mới Ca 1,2026-09-27 - Chủ Nhật,428,90.19%,67.99%,291,127,9.81%,29.67%,428,AM Nhung,,NTB - Đắk Nông,(DNO) Đức An,Hàng Mới Ca 2,2026-09-27 - Chủ Nhật,0,0.00%,0.00%,0,0,0.00%,0.00%,0,AM Nhung,,NTB - Đắk Nông,(DNO) Đức An,Hàng Tồn,2026-09-27 - Chủ Nhật,134,90.30%,20.90%,28,102,9.70%,76.11%,0,AM Nhung
NTB - Đắk Nông,(DNO) Đức An,Hàng Mới Ca 1,2026-09-28 - Thứ 2,380,99.74%,83.42%,317,60,0.26%,15.79%,380,AM Nhung,,NTB - Đắk Nông,(DNO) Đức An,Hàng Mới Ca 2,2026-09-28 - Thứ 2,0,0.00%,0.00%,0,0,0.00%,0.00%,0,AM Nhung,,NTB - Đắk Nông,(DNO) Đức An,Hàng Tồn,2026-09-28 - Thứ 2,186,98.39%,45.16%,84,89,1.61%,47.85%,0,AM Nhung
NTB - Đắk Nông,(DNO) Đức An,Hàng Mới Ca 1,2026-09-29 - Thứ 3,338,96.45%,78.40%,265,68,3.55%,20.12%,338,AM Nhung,,NTB - Đắk Nông,(DNO) Đức An,Hàng Mới Ca 2,2026-09-29 - Thứ 3,1,0.00%,0.00%,0,1,100.00%,100.00%,1,AM Nhung,,NTB - Đắk Nông,(DNO) Đức An,Hàng Tồn,2026-09-29 - Thứ 3,118,96.61%,22.03%,26,80,3.39%,67.80%,0,AM Nhung
NTB - Đắk Nông,(DNO) Đức An,Hàng Mới Ca 1,2026-09-30 - Thứ 4,255,86.27%,72.94%,186,68,13.73%,26.67%,255,AM Nhung,,NTB - Đắk Nông,(DNO) Đức An,Hàng Mới Ca 2,2026-09-30 - Thứ 4,0,0.00%,0.00%,0,0,0.00%,0.00%,0,AM Nhung,,NTB - Đắk Nông,(DNO) Đức An,Hàng Tồn,2026-09-30 - Thứ 4,115,82.61%,29.57%,34,73,17.39%,63.47%,0,AM Nhung
NTB - Đắk Nông,(DNO) Đức Lập,Hàng Mới Ca 1,2026-09-24 - Thứ 5,939,95.53%,75.40%,708,218,4.47%,23.22%,939,AM Nhung,,NTB - Đắk Nông,(DNO) Đức Lập,Hàng Mới Ca 2,2026-09-24 - Thứ 5,154,93.51%,79.87%,123,26,6.49%,16.88%,154,AM Nhung,,NTB - Đắk Nông,(DNO) Đức Lập,Hàng Tồn,2026-09-24 - Thứ 5,306,96.41%,32.35%,99,186,3.59%,60.79%,0,AM Nhung
NTB - Đắk Nông,(DNO) Đức Lập,Hàng Mới Ca 1,2026-09-25 - Thứ 6,"1,173",99.74%,83.38%,978,175,0.26%,14.91%,"1,173",AM Nhung,,NTB - Đắk Nông,(DNO) Đức Lập,Hàng Mới Ca 2,2026-09-25 - Thứ 6,0,0.00%,0.00%,0,0,0.00%,0.00%,0,AM Nhung,,NTB - Đắk Nông,(DNO) Đức Lập,Hàng Tồn,2026-09-25 - Thứ 6,392,98.47%,54.85%,215,153,1.53%,39.03%,0,AM Nhung
NTB - Đắk Nông,(DNO) Đức Lập,Hàng Mới Ca 1,2026-09-26 - Thứ 7,919,99.89%,80.74%,742,166,0.11%,18.06%,919,AM Nhung,,NTB - Đắk Nông,(DNO) Đức Lập,Hàng Mới Ca 2,2026-09-26 - Thứ 7,0,0.00%,0.00%,0,0,0.00%,0.00%,0,AM Nhung,,NTB - Đắk Nông,(DNO) Đức Lập,Hàng Tồn,2026-09-26 - Thứ 7,292,98.63%,35.62%,104,165,1.37%,56.50%,0,AM Nhung
NTB - Đắk Nông,(DNO) Đức Lập,Hàng Mới Ca 1,2026-09-27 - Chủ Nhật,558,100.00%,81.72%,456,98,0.00%,17.56%,558,AM Nhung,,NTB - Đắk Nông,(DNO) Đức Lập,Hàng Mới Ca 2,2026-09-27 - Chủ Nhật,280,99.64%,81.07%,227,50,0.36%,17.86%,280,AM Nhung,,NTB - Đắk Nông,(DNO) Đức Lập,Hàng Tồn,2026-09-27 - Chủ Nhật,301,98.01%,48.17%,145,137,1.99%,45.52%,0,AM Nhung
NTB - Đắk Nông,(DNO) Đức Lập,Hàng Mới Ca 1,2026-09-28 - Thứ 2,773,100.00%,80.85%,625,140,0.00%,18.12%,773,AM Nhung,,NTB - Đắk Nông,(DNO) Đức Lập,Hàng Mới Ca 2,2026-09-28 - Thứ 2,0,0.00%,0.00%,0,0,0.00%,0.00%,0,AM Nhung,,NTB - Đắk Nông,(DNO) Đức Lập,Hàng Tồn,2026-09-28 - Thứ 2,255,97.25%,42.75%,109,130,2.75%,50.98%,0,AM Nhung
NTB - Đắk Nông,(DNO) Đức Lập,Hàng Mới Ca 1,2026-09-29 - Thứ 3,755,99.74%,80.40%,607,141,0.26%,18.67%,755,AM Nhung,,NTB - Đắk Nông,(DNO) Đức Lập,Hàng Mới Ca 2,2026-09-29 - Thứ 3,0,0.00%,0.00%,0,0,0.00%,0.00%,0,AM Nhung,,NTB - Đắk Nông,(DNO) Đức Lập,Hàng Tồn,2026-09-29 - Thứ 3,240,97.50%,47.08%,113,106,2.50%,44.17%,0,AM Nhung
NTB - Đắk Nông,(DNO) Đức Lập,Hàng Mới Ca 1,2026-09-30 - Thứ 4,478,99.79%,80.96%,387,89,0.21%,18.62%,478,AM Nhung,,NTB - Đắk Nông,(DNO) Đức Lập,Hàng Mới Ca 2,2026-09-30 - Thứ 4,0,0.00%,0.00%,0,0,0.00%,0.00%,0,AM Nhung,,NTB - Đắk Nông,(DNO) Đức Lập,Hàng Tồn,2026-09-30 - Thứ 4,228,96.93%,40.35%,92,115,3.07%,50.44%,0,AM Nhung
NTB - Khánh Hòa,(KHO) Bắc Cam Ranh,Hàng Mới Ca 1,2026-09-24 - Thứ 5,380,63.16%,52.37%,199,178,36.84%,46.84%,380,AM Long,,NTB - Khánh Hòa,(KHO) Bắc Cam Ranh,Hàng Mới Ca 2,2026-09-24 - Thứ 5,176,5.68%,3.41%,6,170,94.32%,96.59%,176,AM Long,,NTB - Khánh Hòa,(KHO) Bắc Cam Ranh,Hàng Tồn,2026-09-24 - Thứ 5,701,77.89%,54.64%,383,290,22.11%,41.37%,0,AM Long
NTB - Khánh Hòa,(KHO) Bắc Cam Ranh,Hàng Mới Ca 1,2026-09-25 - Thứ 6,414,83.82%,64.98%,269,143,16.18%,34.54%,414,AM Long,,NTB - Khánh Hòa,(KHO) Bắc Cam Ranh,Hàng Mới Ca 2,2026-09-25 - Thứ 6,167,10.78%,8.98%,15,152,89.22%,91.02%,167,AM Long,,NTB - Khánh Hòa,(KHO) Bắc Cam Ranh,Hàng Tồn,2026-09-25 - Thứ 6,620,77.10%,50.81%,315,286,22.90%,46.13%,0,AM Long
NTB - Khánh Hòa,(KHO) Bắc Cam Ranh,Hàng Mới Ca 1,2026-09-26 - Thứ 7,285,82.11%,59.30%,169,113,17.89%,39.65%,285,AM Long,,NTB - Khánh Hòa,(KHO) Bắc Cam Ranh,Hàng Mới Ca 2,2026-09-26 - Thứ 7,165,4.85%,4.85%,8,157,95.15%,95.15%,165,AM Long,,NTB - Khánh Hòa,(KHO) Bắc Cam Ranh,Hàng Tồn,2026-09-26 - Thứ 7,565,79.65%,45.13%,255,300,20.35%,53.10%,0,AM Long
NTB - Khánh Hòa,(KHO) Bắc Cam Ranh,Hàng Mới Ca 1,2026-09-27 - Chủ Nhật,281,64.41%,50.89%,143,137,35.59%,48.75%,281,AM Long,,NTB - Khánh Hòa,(KHO) Bắc Cam Ranh,Hàng Mới Ca 2,2026-09-27 - Chủ Nhật,133,12.78%,12.03%,16,117,87.22%,87.97%,133,AM Long,,NTB - Khánh Hòa,(KHO) Bắc Cam Ranh,Hàng Tồn,2026-09-27 - Chủ Nhật,551,51.18%,31.94%,176,360,48.82%,65.34%,0,AM Long
NTB - Khánh Hòa,(KHO) Bắc Cam Ranh,Hàng Mới Ca 1,2026-09-28 - Thứ 2,148,68.24%,43.92%,65,83,31.76%,56.08%,148,AM Long,,NTB - Khánh Hòa,(KHO) Bắc Cam Ranh,Hàng Mới Ca 2,2026-09-28 - Thứ 2,112,4.46%,4.46%,5,107,95.54%,95.54%,112,AM Long,,NTB - Khánh Hòa,(KHO) Bắc Cam Ranh,Hàng Tồn,2026-09-28 - Thứ 2,600,55.67%,31.17%,187,402,44.33%,67.00%,0,AM Long
NTB - Khánh Hòa,(KHO) Bắc Cam Ranh,Hàng Mới Ca 1,2026-09-29 - Thứ 3,171,46.78%,38.60%,66,104,53.22%,60.82%,171,AM Long,,NTB - Khánh Hòa,(KHO) Bắc Cam Ranh,Hàng Mới Ca 2,2026-09-29 - Thứ 3,71,2.82%,2.82%,2,69,97.18%,97.18%,71,AM Long,,NTB - Khánh Hòa,(KHO) Bắc Cam Ranh,Hàng Tồn,2026-09-29 - Thứ 3,578,56.92%,32.35%,187,375,43.08%,64.88%,0,AM Long
NTB - Khánh Hòa,(KHO) Bắc Cam Ranh,Hàng Mới Ca 1,2026-09-30 - Thứ 4,228,71.49%,55.26%,126,102,28.51%,44.74%,228,AM Long,,NTB - Khánh Hòa,(KHO) Bắc Cam Ranh,Hàng Mới Ca 2,2026-09-30 - Thứ 4,67,2.99%,2.99%,2,65,97.01%,97.01%,67,AM Long,,NTB - Khánh Hòa,(KHO) Bắc Cam Ranh,Hàng Tồn,2026-09-30 - Thứ 4,539,46.20%,22.63%,122,394,53.80%,73.10%,0,AM Long
NTB - Khánh Hòa,(KHO) Bắc Nha Trang,Hàng Mới Ca 1,2026-09-24 - Thứ 5,"1,331",99.10%,80.32%,"1,069",246,0.90%,18.48%,"1,331",AM Thư,,NTB - Khánh Hòa,(KHO) Bắc Nha Trang,Hàng Mới Ca 2,2026-09-24 - Thứ 5,746,88.20%,63.14%,471,264,11.80%,35.39%,746,AM Thư,,NTB - Khánh Hòa,(KHO) Bắc Nha Trang,Hàng Tồn,2026-09-24 - Thứ 5,679,97.05%,49.04%,333,278,2.95%,40.95%,0,AM Thư
NTB - Khánh Hòa,(KHO) Bắc Nha Trang,Hàng Mới Ca 1,2026-09-25 - Thứ 6,"1,531",99.54%,80.34%,"1,230",278,0.46%,18.16%,"1,531",AM Thư,,NTB - Khánh Hòa,(KHO) Bắc Nha Trang,Hàng Mới Ca 2,2026-09-25 - Thứ 6,668,87.43%,59.73%,399,261,12.57%,39.07%,668,AM Thư,,NTB - Khánh Hòa,(KHO) Bắc Nha Trang,Hàng Tồn,2026-09-25 - Thứ 6,736,97.96%,48.64%,358,310,2.04%,42.12%,0,AM Thư
NTB - Khánh Hòa,(KHO) Bắc Nha Trang,Hàng Mới Ca 1,2026-09-26 - Thứ 7,809,99.88%,82.45%,667,127,0.12%,15.70%,809,AM Thư,,NTB - Khánh Hòa,(KHO) Bắc Nha Trang,Hàng Mới Ca 2,2026-09-26 - Thứ 7,787,93.01%,58.70%,462,316,6.99%,40.16%,787,AM Thư,,NTB - Khánh Hòa,(KHO) Bắc Nha Trang,Hàng Tồn,2026-09-26 - Thứ 7,804,98.13%,50.87%,409,335,1.87%,41.67%,0,AM Thư
NTB - Khánh Hòa,(KHO) Bắc Nha Trang,Hàng Mới Ca 1,2026-09-27 - Chủ Nhật,887,98.65%,65.61%,582,291,1.35%,32.81%,887,AM Thư,,NTB - Khánh Hòa,(KHO) Bắc Nha Trang,Hàng Mới Ca 2,2026-09-27 - Chủ Nhật,536,70.52%,46.27%,248,280,29.48%,52.24%,536,AM Thư,,NTB - Khánh Hòa,(KHO) Bắc Nha Trang,Hàng Tồn,2026-09-27 - Chủ Nhật,714,97.20%,42.16%,301,357,2.80%,50.00%,0,AM Thư
NTB - Khánh Hòa,(KHO) Bắc Nha Trang,Hàng Mới Ca 1,2026-09-28 - Thứ 2,676,99.56%,73.52%,497,167,0.44%,24.70%,676,AM Thư,,NTB - Khánh Hòa,(KHO) Bắc Nha Trang,Hàng Mới Ca 2,2026-09-28 - Thứ 2,328,87.80%,51.83%,170,157,12.20%,47.87%,328,AM Thư,,NTB - Khánh Hòa,(KHO) Bắc Nha Trang,Hàng Tồn,2026-09-28 - Thứ 2,868,97.70%,45.74%,397,395,2.30%,45.50%,0,AM Thư
NTB - Khánh Hòa,(KHO) Bắc Nha Trang,Hàng Mới Ca 1,2026-09-29 - Thứ 3,520,99.23%,81.35%,423,84,0.77%,16.15%,520,AM Thư,,NTB - Khánh Hòa,(KHO) Bắc Nha Trang,Hàng Mới Ca 2,2026-09-29 - Thứ 3,422,100.00%,78.91%,333,81,0.00%,19.19%,422,AM Thư,,NTB - Khánh Hòa,(KHO) Bắc Nha Trang,Hàng Tồn,2026-09-29 - Thứ 3,661,96.82%,57.49%,380,216,3.18%,32.68%,0,AM Thư
NTB - Khánh Hòa,(KHO) Bắc Nha Trang,Hàng Mới Ca 1,2026-09-30 - Thứ 4,810,99.63%,81.23%,658,137,0.37%,16.92%,810,AM Thư,,NTB - Khánh Hòa,(KHO) Bắc Nha Trang,Hàng Mới Ca 2,2026-09-30 - Thứ 4,309,99.68%,68.93%,213,91,0.32%,29.45%,309,AM Thư,,NTB - Khánh Hòa,(KHO) Bắc Nha Trang,Hàng Tồn,2026-09-30 - Thứ 4,328,96.04%,40.24%,132,156,3.96%,47.56%,0,AM Thư
NTB - Khánh Hòa,(KHO) CK Bắc Nha Trang,Hàng Mới Ca 1,2026-09-24 - Thứ 5,84,100.00%,80.95%,68,16,0.00%,19.05%,84,AM Thư,,NTB - Khánh Hòa,(KHO) CK Bắc Nha Trang,Hàng Mới Ca 2,2026-09-24 - Thứ 5,0,0.00%,0.00%,0,0,0.00%,0.00%,0,AM Thư,,NTB - Khánh Hòa,(KHO) CK Bắc Nha Trang,Hàng Tồn,2026-09-24 - Thứ 5,23,100.00%,69.57%,16,6,0.00%,26.08%,0,AM Thư
NTB - Khánh Hòa,(KHO) CK Bắc Nha Trang,Hàng Mới Ca 1,2026-09-25 - Thứ 6,97,100.00%,82.47%,80,17,0.00%,17.53%,97,AM Thư,,NTB - Khánh Hòa,(KHO) CK Bắc Nha Trang,Hàng Mới Ca 2,2026-09-25 - Thứ 6,0,0.00%,0.00%,0,0,0.00%,0.00%,0,AM Thư,,NTB - Khánh Hòa,(KHO) CK Bắc Nha Trang,Hàng Tồn,2026-09-25 - Thứ 6,22,100.00%,45.45%,10,7,0.00%,31.82%,0,AM Thư
NTB - Khánh Hòa,(KHO) CK Bắc Nha Trang,Hàng Mới Ca 1,2026-09-26 - Thứ 7,114,100.00%,85.09%,97,15,0.00%,13.16%,114,AM Thư,,NTB - Khánh Hòa,(KHO) CK Bắc Nha Trang,Hàng Mới Ca 2,2026-09-26 - Thứ 7,0,0.00%,0.00%,0,0,0.00%,0.00%,0,AM Thư,,NTB - Khánh Hòa,(KHO) CK Bắc Nha Trang,Hàng Tồn,2026-09-26 - Thứ 7,23,95.65%,30.43%,7,7,4.35%,30.44%,0,AM Thư
NTB - Khánh Hòa,(KHO) CK Bắc Nha Trang,Hàng Mới Ca 1,2026-09-27 - Chủ Nhật,124,99.19%,83.06%,103,20,0.81%,16.13%,124,AM Thư,,NTB - Khánh Hòa,(KHO) CK Bắc Nha Trang,Hàng Mới Ca 2,2026-09-27 - Chủ Nhật,0,0.00%,0.00%,0,0,0.00%,0.00%,0,AM Thư,,NTB - Khánh Hòa,(KHO) CK Bắc Nha Trang,Hàng Tồn,2026-09-27 - Chủ Nhật,23,100.00%,43.48%,10,10,0.00%,43.48%,0,AM Thư
NTB - Khánh Hòa,(KHO) CK Bắc Nha Trang,Hàng Mới Ca 1,2026-09-28 - Thứ 2,98,100.00%,89.80%,88,10,0.00%,10.20%,98,AM Thư,,NTB - Khánh Hòa,(KHO) CK Bắc Nha Trang,Hàng Mới Ca 2,2026-09-28 - Thứ 2,0,0.00%,0.00%,0,0,0.00%,0.00%,0,AM Thư,,NTB - Khánh Hòa,(KHO) CK Bắc Nha Trang,Hàng Tồn,2026-09-28 - Thứ 2,27,100.00%,40.74%,11,7,0.00%,25.93%,0,AM Thư
NTB - Khánh Hòa,(KHO) CK Bắc Nha Trang,Hàng Mới Ca 1,2026-09-29 - Thứ 3,99,95.96%,85.86%,85,10,4.04%,10.10%,99,AM Thư,,NTB - Khánh Hòa,(KHO) CK Bắc Nha Trang,Hàng Mới Ca 2,2026-09-29 - Thứ 3,0,0.00%,0.00%,0,0,0.00%,0.00%,0,AM Thư,,NTB - Khánh Hòa,(KHO) CK Bắc Nha Trang,Hàng Tồn,2026-09-29 - Thứ 3,17,100.00%,41.18%,7,6,0.00%,35.29%,0,AM Thư
NTB - Khánh Hòa,(KHO) CK Bắc Nha Trang,Hàng Mới Ca 1,2026-09-30 - Thứ 4,86,100.00%,88.37%,76,9,0.00%,10.47%,86,AM Thư,,NTB - Khánh Hòa,(KHO) CK Bắc Nha Trang,Hàng Mới Ca 2,2026-09-30 - Thứ 4,0,0.00%,0.00%,0,0,0.00%,0.00%,0,AM Thư,,NTB - Khánh Hòa,(KHO) CK Bắc Nha Trang,Hàng Tồn,2026-09-30 - Thứ 4,6,100.00%,83.33%,5,1,0.00%,16.67%,0,AM Thư
NTB - Khánh Hòa,(KHO) CK Diên Điền,Hàng Mới Ca 1,2026-09-24 - Thứ 5,57,10.53%,5.26%,3,54,89.47%,94.74%,57,AM Duy,,NTB - Khánh Hòa,(KHO) CK Diên Điền,Hàng Mới Ca 2,2026-09-24 - Thứ 5,32,3.13%,3.13%,1,31,96.87%,96.87%,32,AM Duy,,NTB - Khánh Hòa,(KHO) CK Diên Điền,Hàng Tồn,2026-09-24 - Thứ 5,108,73.15%,55.56%,60,44,26.85%,40.74%,0,AM Duy
NTB - Khánh Hòa,(KHO) CK Diên Điền,Hàng Mới Ca 1,2026-09-25 - Thứ 6,82,1.22%,1.22%,1,81,98.78%,98.78%,82,AM Duy,,NTB - Khánh Hòa,(KHO) CK Diên Điền,Hàng Mới Ca 2,2026-09-25 - Thứ 6,0,0.00%,0.00%,0,0,0.00%,0.00%,0,AM Duy,,NTB - Khánh Hòa,(KHO) CK Diên Điền,Hàng Tồn,2026-09-25 - Thứ 6,130,67.69%,33.08%,43,78,32.31%,60.00%,0,AM Duy
NTB - Khánh Hòa,(KHO) CK Diên Điền,Hàng Mới Ca 1,2026-09-26 - Thứ 7,17,11.76%,11.76%,2,15,88.24%,88.24%,17,AM Duy,,NTB - Khánh Hòa,(KHO) CK Diên Điền,Hàng Mới Ca 2,2026-09-26 - Thứ 7,29,0.00%,0.00%,0,29,100.00%,100.00%,29,AM Duy,,NTB - Khánh Hòa,(KHO) CK Diên Điền,Hàng Tồn,2026-09-26 - Thứ 7,158,46.84%,35.44%,56,99,53.16%,62.66%,0,AM Duy
NTB - Khánh Hòa,(KHO) CK Diên Điền,Hàng Mới Ca 1,2026-09-27 - Chủ Nhật,62,1.61%,1.61%,1,61,98.39%,98.39%,62,AM Duy,,NTB - Khánh Hòa,(KHO) CK Diên Điền,Hàng Mới Ca 2,2026-09-27 - Chủ Nhật,34,0.00%,0.00%,0,34,100.00%,100.00%,34,AM Duy,,NTB - Khánh Hòa,(KHO) CK Diên Điền,Hàng Tồn,2026-09-27 - Chủ Nhật,138,60.14%,42.75%,59,74,39.86%,53.63%,0,AM Duy
NTB - Khánh Hòa,(KHO) CK Diên Điền,Hàng Mới Ca 1,2026-09-28 - Thứ 2,34,0.00%,0.00%,0,34,100.00%,100.00%,34,AM Duy,,NTB - Khánh Hòa,(KHO) CK Diên Điền,Hàng Mới Ca 2,2026-09-28 - Thứ 2,27,0.00%,0.00%,0,27,100.00%,100.00%,27,AM Duy,,NTB - Khánh Hòa,(KHO) CK Diên Điền,Hàng Tồn,2026-09-28 - Thứ 2,139,61.87%,51.08%,71,64,38.13%,46.04%,0,AM Duy
NTB - Khánh Hòa,(KHO) CK Diên Điền,Hàng Mới Ca 1,2026-09-29 - Thứ 3,31,0.00%,0.00%,0,31,100.00%,100.00%,31,AM Duy,,NTB - Khánh Hòa,(KHO) CK Diên Điền,Hàng Mới Ca 2,2026-09-29 - Thứ 3,0,0.00%,0.00%,0,0,0.00%,0.00%,0,AM Duy,,NTB - Khánh Hòa,(KHO) CK Diên Điền,Hàng Tồn,2026-09-29 - Thứ 3,117,87.18%,65.81%,77,35,12.82%,29.92%,0,AM Duy
NTB - Khánh Hòa,(KHO) CK Diên Điền,Hàng Mới Ca 1,2026-09-30 - Thứ 4,9,88.89%,66.67%,6,3,11.11%,33.33%,9,AM Duy,,NTB - Khánh Hòa,(KHO) CK Diên Điền,Hàng Mới Ca 2,2026-09-30 - Thứ 4,42,28.57%,21.43%,9,33,71.43%,78.57%,42,AM Duy,,NTB - Khánh Hòa,(KHO) CK Diên Điền,Hàng Tồn,2026-09-30 - Thứ 4,59,88.14%,57.63%,34,20,11.86%,33.90%,0,AM Duy
NTB - Khánh Hòa,(KHO) Cam Linh,Hàng Mới Ca 1,2026-09-24 - Thứ 5,688,99.71%,77.47%,533,151,0.29%,21.95%,688,AM Long,,NTB - Khánh Hòa,(KHO) Cam Linh,Hàng Mới Ca 2,2026-09-24 - Thứ 5,1,100.00%,0.00%,0,1,0.00%,100.00%,1,AM Long,,NTB - Khánh Hòa,(KHO) Cam Linh,Hàng Tồn,2026-09-24 - Thứ 5,"1,012",99.01%,46.64%,472,425,0.99%,42.00%,0,AM Long
NTB - Khánh Hòa,(KHO) Cam Linh,Hàng Mới Ca 1,2026-09-25 - Thứ 6,834,99.88%,76.86%,641,178,0.12%,21.34%,834,AM Long,,NTB - Khánh Hòa,(KHO) Cam Linh,Hàng Mới Ca 2,2026-09-25 - Thứ 6,0,0.00%,0.00%,0,0,0.00%,0.00%,0,AM Long,,NTB - Khánh Hòa,(KHO) Cam Linh,Hàng Tồn,2026-09-25 - Thứ 6,498,96.18%,36.35%,181,250,3.82%,50.20%,0,AM Long
NTB - Khánh Hòa,(KHO) Cam Linh,Hàng Mới Ca 1,2026-09-26 - Thứ 7,583,99.14%,71.87%,419,155,0.86%,26.59%,583,AM Long,,NTB - Khánh Hòa,(KHO) Cam Linh,Hàng Mới Ca 2,2026-09-26 - Thứ 7,0,0.00%,0.00%,0,0,0.00%,0.00%,0,AM Long,,NTB - Khánh Hòa,(KHO) Cam Linh,Hàng Tồn,2026-09-26 - Thứ 7,349,97.42%,29.23%,102,197,2.58%,56.44%,0,AM Long
NTB - Khánh Hòa,(KHO) Cam Linh,Hàng Mới Ca 1,2026-09-27 - Chủ Nhật,694,100.00%,74.06%,514,174,0.00%,25.08%,694,AM Long,,NTB - Khánh Hòa,(KHO) Cam Linh,Hàng Mới Ca 2,2026-09-27 - Chủ Nhật,0,0.00%,0.00%,0,0,0.00%,0.00%,0,AM Long,,NTB - Khánh Hòa,(KHO) Cam Linh,Hàng Tồn,2026-09-27 - Chủ Nhật,291,97.25%,29.55%,86,170,2.75%,58.42%,0,AM Long
NTB - Khánh Hòa,(KHO) Cam Linh,Hàng Mới Ca 1,2026-09-28 - Thứ 2,543,99.63%,73.85%,401,140,0.37%,25.78%,543,AM Long,,NTB - Khánh Hòa,(KHO) Cam Linh,Hàng Mới Ca 2,2026-09-28 - Thứ 2,0,0.00%,0.00%,0,0,0.00%,0.00%,0,AM Long,,NTB - Khánh Hòa,(KHO) Cam Linh,Hàng Tồn,2026-09-28 - Thứ 2,286,97.20%,26.22%,75,173,2.80%,60.49%,0,AM Long
NTB - Khánh Hòa,(KHO) Cam Linh,Hàng Mới Ca 1,2026-09-29 - Thứ 3,532,99.25%,71.05%,378,152,0.75%,28.57%,532,AM Long,,NTB - Khánh Hòa,(KHO) Cam Linh,Hàng Mới Ca 2,2026-09-29 - Thứ 3,0,0.00%,0.00%,0,0,0.00%,0.00%,0,AM Long,,NTB - Khánh Hòa,(KHO) Cam Linh,Hàng Tồn,2026-09-29 - Thứ 3,262,96.18%,31.30%,82,150,3.82%,57.25%,0,AM Long
NTB - Khánh Hòa,(KHO) Cam Linh,Hàng Mới Ca 1,2026-09-30 - Thứ 4,479,99.58%,69.10%,331,146,0.42%,30.48%,479,AM Long,,NTB - Khánh Hòa,(KHO) Cam Linh,Hàng Mới Ca 2,2026-09-30 - Thứ 4,0,0.00%,0.00%,0,0,0.00%,0.00%,0,AM Long,,NTB - Khánh Hòa,(KHO) Cam Linh,Hàng Tồn,2026-09-30 - Thứ 4,275,91.27%,28.36%,78,171,8.73%,62.19%,0,AM Long
NTB - Khánh Hòa,(KHO) Cam Lâm 1,Hàng Mới Ca 1,2026-09-24 - Thứ 5,430,98.84%,76.28%,328,100,1.16%,23.25%,430,AM Phi,,NTB - Khánh Hòa,(KHO) Cam Lâm 1,Hàng Mới Ca 2,2026-09-24 - Thứ 5,0,0.00%,0.00%,0,0,0.00%,0.00%,0,AM Phi,,NTB - Khánh Hòa,(KHO) Cam Lâm 1,Hàng Tồn,2026-09-24 - Thứ 5,186,96.24%,42.47%,79,93,3.76%,50.00%,0,AM Phi
NTB - Khánh Hòa,(KHO) Cam Lâm 1,Hàng Mới Ca 1,2026-09-25 - Thứ 6,471,98.94%,74.31%,350,114,1.06%,24.20%,471,AM Phi,,NTB - Khánh Hòa,(KHO) Cam Lâm 1,Hàng Mới Ca 2,2026-09-25 - Thứ 6,0,0.00%,0.00%,0,0,0.00%,0.00%,0,AM Phi,,NTB - Khánh Hòa,(KHO) Cam Lâm 1,Hàng Tồn,2026-09-25 - Thứ 6,168,92.86%,41.07%,69,88,7.14%,52.38%,0,AM Phi
NTB - Khánh Hòa,(KHO) Cam Lâm 1,Hàng Mới Ca 1,2026-09-26 - Thứ 7,280,97.50%,75.00%,210,68,2.50%,24.29%,280,AM Phi,,NTB - Khánh Hòa,(KHO) Cam Lâm 1,Hàng Mới Ca 2,2026-09-26 - Thứ 7,0,0.00%,0.00%,0,0,0.00%,0.00%,0,AM Phi,,NTB - Khánh Hòa,(KHO) Cam Lâm 1,Hàng Tồn,2026-09-26 - Thứ 7,170,97.06%,44.12%,75,81,2.94%,47.64%,0,AM Phi
NTB - Khánh Hòa,(KHO) Cam Lâm 1,Hàng Mới Ca 1,2026-09-27 - Chủ Nhật,408,66.91%,53.19%,217,190,33.09%,46.56%,408,AM Phi,,NTB - Khánh Hòa,(KHO) Cam Lâm 1,Hàng Mới Ca 2,2026-09-27 - Chủ Nhật,0,0.00%,0.00%,0,0,0.00%,0.00%,0,AM Phi,,NTB - Khánh Hòa,(KHO) Cam Lâm 1,Hàng Tồn,2026-09-27 - Chủ Nhật,88,82.95%,25.00%,22,59,17.05%,67.05%,0,AM Phi
NTB - Khánh Hòa,(KHO) Cam Lâm 1,Hàng Mới Ca 1,2026-09-28 - Thứ 2,323,96.90%,77.71%,251,70,3.10%,21.67%,323,AM Phi,,NTB - Khánh Hòa,(KHO) Cam Lâm 1,Hàng Mới Ca 2,2026-09-28 - Thứ 2,0,0.00%,0.00%,0,0,0.00%,0.00%,0,AM Phi,,NTB - Khánh Hòa,(KHO) Cam Lâm 1,Hàng Tồn,2026-09-28 - Thứ 2,277,96.39%,63.90%,177,83,3.61%,29.96%,0,AM Phi
NTB - Khánh Hòa,(KHO) Cam Lâm 1,Hàng Mới Ca 1,2026-09-29 - Thứ 3,292,99.66%,81.16%,237,52,0.34%,17.81%,292,AM Phi,,NTB - Khánh Hòa,(KHO) Cam Lâm 1,Hàng Mới Ca 2,2026-09-29 - Thứ 3,0,0.00%,0.00%,0,0,0.00%,0.00%,0,AM Phi,,NTB - Khánh Hòa,(KHO) Cam Lâm 1,Hàng Tồn,2026-09-29 - Thứ 3,139,99.28%,41.01%,57,75,0.72%,53.95%,0,AM Phi
NTB - Khánh Hòa,(KHO) Cam Lâm 1,Hàng Mới Ca 1,2026-09-30 - Thứ 4,365,98.63%,82.74%,302,60,1.37%,16.44%,365,AM Phi,,NTB - Khánh Hòa,(KHO) Cam Lâm 1,Hàng Mới Ca 2,2026-09-30 - Thứ 4,0,0.00%,0.00%,0,0,0.00%,0.00%,0,AM Phi,,NTB - Khánh Hòa,(KHO) Cam Lâm 1,Hàng Tồn,2026-09-30 - Thứ 4,117,96.58%,37.61%,44,67,3.42%,57.26%,0,AM Phi
NTB - Khánh Hòa,(KHO) Cam Lâm 2,Hàng Mới Ca 1,2026-09-24 - Thứ 5,523,99.62%,77.25%,404,106,0.38%,20.26%,523,AM Long,,NTB - Khánh Hòa,(KHO) Cam Lâm 2,Hàng Mới Ca 2,2026-09-24 - Thứ 5,252,65.08%,55.56%,140,110,34.92%,43.65%,252,AM Long,,NTB - Khánh Hòa,(KHO) Cam Lâm 2,Hàng Tồn,2026-09-24 - Thứ 5,273,98.90%,58.61%,160,103,1.10%,37.73%,0,AM Long
NTB - Khánh Hòa,(KHO) Cam Lâm 2,Hàng Mới Ca 1,2026-09-25 - Thứ 6,629,99.84%,80.29%,505,117,0.16%,18.60%,629,AM Long,,NTB - Khánh Hòa,(KHO) Cam Lâm 2,Hàng Mới Ca 2,2026-09-25 - Thứ 6,287,69.69%,56.45%,162,123,30.31%,42.85%,287,AM Long,,NTB - Khánh Hòa,(KHO) Cam Lâm 2,Hàng Tồn,2026-09-25 - Thứ 6,304,98.68%,42.43%,129,164,1.32%,53.95%,0,AM Long
NTB - Khánh Hòa,(KHO) Cam Lâm 2,Hàng Mới Ca 1,2026-09-26 - Thứ 7,311,100.00%,85.21%,265,44,0.00%,14.15%,311,AM Long,,NTB - Khánh Hòa,(KHO) Cam Lâm 2,Hàng Mới Ca 2,2026-09-26 - Thứ 7,336,56.55%,50.60%,170,166,43.45%,49.40%,336,AM Long,,NTB - Khánh Hòa,(KHO) Cam Lâm 2,Hàng Tồn,2026-09-26 - Thứ 7,384,97.92%,40.36%,155,201,2.08%,52.35%,0,AM Long
NTB - Khánh Hòa,(KHO) Cam Lâm 2,Hàng Mới Ca 1,2026-09-27 - Chủ Nhật,416,100.00%,82.93%,345,67,0.00%,16.11%,416,AM Long,,NTB - Khánh Hòa,(KHO) Cam Lâm 2,Hàng Mới Ca 2,2026-09-27 - Chủ Nhật,273,50.55%,41.03%,112,159,49.45%,58.24%,273,AM Long,,NTB - Khánh Hòa,(KHO) Cam Lâm 2,Hàng Tồn,2026-09-27 - Chủ Nhật,382,98.95%,50.00%,191,157,1.05%,41.10%,0,AM Long
NTB - Khánh Hòa,(KHO) Cam Lâm 2,Hàng Mới Ca 1,2026-09-28 - Thứ 2,352,94.60%,75.85%,267,80,5.40%,22.73%,352,AM Long,,NTB - Khánh Hòa,(KHO) Cam Lâm 2,Hàng Mới Ca 2,2026-09-28 - Thứ 2,199,46.73%,42.21%,84,114,53.27%,57.29%,199,AM Long,,NTB - Khánh Hòa,(KHO) Cam Lâm 2,Hàng Tồn,2026-09-28 - Thứ 2,342,88.60%,54.09%,185,144,11.40%,42.11%,0,AM Long
NTB - Khánh Hòa,(KHO) Cam Lâm 2,Hàng Mới Ca 1,2026-09-29 - Thứ 3,352,100.00%,80.68%,284,68,0.00%,19.32%,352,AM Long,,NTB - Khánh Hòa,(KHO) Cam Lâm 2,Hàng Mới Ca 2,2026-09-29 - Thứ 3,166,50.60%,45.18%,75,91,49.40%,54.82%,166,AM Long,,NTB - Khánh Hòa,(KHO) Cam Lâm 2,Hàng Tồn,2026-09-29 - Thứ 3,324,97.22%,54.94%,178,123,2.78%,37.96%,0,AM Long
NTB - Khánh Hòa,(KHO) Cam Lâm 2,Hàng Mới Ca 1,2026-09-30 - Thứ 4,560,98.93%,80.18%,449,110,1.07%,19.64%,560,AM Long,,NTB - Khánh Hòa,(KHO) Cam Lâm 2,Hàng Mới Ca 2,2026-09-30 - Thứ 4,154,38.31%,35.06%,54,100,61.69%,64.94%,154,AM Long,,NTB - Khánh Hòa,(KHO) Cam Lâm 2,Hàng Tồn,2026-09-30 - Thứ 4,260,98.85%,45.77%,119,123,1.15%,47.31%,0,AM Long
NTB - Khánh Hòa,(KHO) Diên Khánh 1,Hàng Mới Ca 1,2026-09-24 - Thứ 5,311,98.71%,76.85%,239,71,1.29%,22.83%,311,AM Phi,,NTB - Khánh Hòa,(KHO) Diên Khánh 1,Hàng Mới Ca 2,2026-09-24 - Thứ 5,50,98.00%,92.00%,46,4,2.00%,8.00%,50,AM Phi,,NTB - Khánh Hòa,(KHO) Diên Khánh 1,Hàng Tồn,2026-09-24 - Thứ 5,141,78.72%,26.95%,38,97,21.28%,68.79%,0,AM Phi
NTB - Khánh Hòa,(KHO) Diên Khánh 1,Hàng Mới Ca 1,2026-09-25 - Thứ 6,383,99.74%,79.63%,305,75,0.26%,19.59%,383,AM Phi,,NTB - Khánh Hòa,(KHO) Diên Khánh 1,Hàng Mới Ca 2,2026-09-25 - Thứ 6,34,79.41%,64.71%,22,12,20.59%,35.29%,34,AM Phi,,NTB - Khánh Hòa,(KHO) Diên Khánh 1,Hàng Tồn,2026-09-25 - Thứ 6,161,96.27%,32.92%,53,99,3.73%,61.49%,0,AM Phi
NTB - Khánh Hòa,(KHO) Diên Khánh 1,Hàng Mới Ca 1,2026-09-26 - Thứ 7,290,97.93%,83.10%,241,49,2.07%,16.90%,290,AM Phi,,NTB - Khánh Hòa,(KHO) Diên Khánh 1,Hàng Mới Ca 2,2026-09-26 - Thứ 7,134,100.00%,77.61%,104,29,0.00%,21.64%,134,AM Phi,,NTB - Khánh Hòa,(KHO) Diên Khánh 1,Hàng Tồn,2026-09-26 - Thứ 7,157,94.27%,35.67%,56,91,5.73%,57.96%,0,AM Phi
NTB - Khánh Hòa,(KHO) Diên Khánh 1,Hàng Mới Ca 1,2026-09-27 - Chủ Nhật,219,100.00%,76.71%,168,48,0.00%,21.92%,219,AM Phi,,NTB - Khánh Hòa,(KHO) Diên Khánh 1,Hàng Mới Ca 2,2026-09-27 - Chủ Nhật,100,99.00%,69.00%,69,30,1.00%,30.00%,100,AM Phi,,NTB - Khánh Hòa,(KHO) Diên Khánh 1,Hàng Tồn,2026-09-27 - Chủ Nhật,147,95.92%,34.01%,50,82,4.08%,55.79%,0,AM Phi
NTB - Khánh Hòa,(KHO) Diên Khánh 1,Hàng Mới Ca 1,2026-09-28 - Thứ 2,193,97.93%,76.17%,147,43,2.07%,22.28%,193,AM Phi,,NTB - Khánh Hòa,(KHO) Diên Khánh 1,Hàng Mới Ca 2,2026-09-28 - Thứ 2,59,100.00%,81.36%,48,11,0.00%,18.64%,59,AM Phi,,NTB - Khánh Hòa,(KHO) Diên Khánh 1,Hàng Tồn,2026-09-28 - Thứ 2,140,80.71%,28.57%,40,91,19.29%,65.00%,0,AM Phi
NTB - Khánh Hòa,(KHO) Diên Khánh 1,Hàng Mới Ca 1,2026-09-29 - Thứ 3,140,100.00%,79.29%,111,29,0.00%,20.71%,140,AM Phi,,NTB - Khánh Hòa,(KHO) Diên Khánh 1,Hàng Mới Ca 2,2026-09-29 - Thứ 3,77,100.00%,67.53%,52,25,0.00%,32.47%,77,AM Phi,,NTB - Khánh Hòa,(KHO) Diên Khánh 1,Hàng Tồn,2026-09-29 - Thứ 3,123,95.12%,30.08%,37,70,4.88%,56.91%,0,AM Phi
NTB - Khánh Hòa,(KHO) Diên Khánh 1,Hàng Mới Ca 1,2026-09-30 - Thứ 4,212,98.58%,76.42%,162,49,1.42%,23.11%,212,AM Phi,,NTB - Khánh Hòa,(KHO) Diên Khánh 1,Hàng Mới Ca 2,2026-09-30 - Thứ 4,39,97.44%,76.92%,30,9,2.56%,23.08%,39,AM Phi,,NTB - Khánh Hòa,(KHO) Diên Khánh 1,Hàng Tồn,2026-09-30 - Thứ 4,106,94.34%,29.25%,31,63,5.66%,59.43%,0,AM Phi
NTB - Khánh Hòa,(KHO) Diên Khánh 2,Hàng Mới Ca 1,2026-09-24 - Thứ 5,553,81.37%,65.10%,360,190,18.63%,34.36%,553,AM Phi,,NTB - Khánh Hòa,(KHO) Diên Khánh 2,Hàng Mới Ca 2,2026-09-24 - Thứ 5,289,51.90%,43.60%,126,162,48.10%,56.05%,289,AM Phi,,NTB - Khánh Hòa,(KHO) Diên Khánh 2,Hàng Tồn,2026-09-24 - Thứ 5,447,79.64%,51.68%,231,198,20.36%,44.29%,0,AM Phi
NTB - Khánh Hòa,(KHO) Diên Khánh 2,Hàng Mới Ca 1,2026-09-25 - Thứ 6,579,93.61%,70.12%,406,173,6.39%,29.88%,579,AM Phi,,NTB - Khánh Hòa,(KHO) Diên Khánh 2,Hàng Mới Ca 2,2026-09-25 - Thứ 6,323,33.44%,26.63%,86,235,66.56%,72.75%,323,AM Phi,,NTB - Khánh Hòa,(KHO) Diên Khánh 2,Hàng Tồn,2026-09-25 - Thứ 6,524,85.88%,54.01%,283,221,14.12%,42.17%,0,AM Phi
NTB - Khánh Hòa,(KHO) Diên Khánh 2,Hàng Mới Ca 1,2026-09-26 - Thứ 7,379,95.25%,76.78%,291,85,4.75%,22.43%,379,AM Phi,,NTB - Khánh Hòa,(KHO) Diên Khánh 2,Hàng Mới Ca 2,2026-09-26 - Thứ 7,381,37.53%,26.77%,102,276,62.47%,72.44%,381,AM Phi,,NTB - Khánh Hòa,(KHO) Diên Khánh 2,Hàng Tồn,2026-09-26 - Thứ 7,602,97.67%,58.64%,353,219,2.33%,36.38%,0,AM Phi
NTB - Khánh Hòa,(KHO) Diên Khánh 2,Hàng Mới Ca 1,2026-09-27 - Chủ Nhật,399,90.23%,70.68%,282,114,9.77%,28.57%,399,AM Phi,,NTB - Khánh Hòa,(KHO) Diên Khánh 2,Hàng Mới Ca 2,2026-09-27 - Chủ Nhật,308,50.32%,40.58%,125,182,49.68%,59.10%,308,AM Phi,,NTB - Khánh Hòa,(KHO) Diên Khánh 2,Hàng Tồn,2026-09-27 - Chủ Nhật,537,82.50%,50.47%,271,243,17.50%,45.25%,0,AM Phi
NTB - Khánh Hòa,(KHO) Diên Khánh 2,Hàng Mới Ca 1,2026-09-28 - Thứ 2,321,99.38%,81.93%,263,56,0.62%,17.45%,321,AM Phi,,NTB - Khánh Hòa,(KHO) Diên Khánh 2,Hàng Mới Ca 2,2026-09-28 - Thứ 2,207,69.57%,57.00%,118,89,30.43%,43.00%,207,AM Phi,,NTB - Khánh Hòa,(KHO) Diên Khánh 2,Hàng Tồn,2026-09-28 - Thứ 2,513,99.03%,54.19%,278,210,0.97%,40.94%,0,AM Phi
NTB - Khánh Hòa,(KHO) Diên Khánh 2,Hàng Mới Ca 1,2026-09-29 - Thứ 3,365,99.73%,83.84%,306,58,0.27%,15.89%,365,AM Phi,,NTB - Khánh Hòa,(KHO) Diên Khánh 2,Hàng Mới Ca 2,2026-09-29 - Thứ 3,144,83.33%,68.06%,98,45,16.67%,31.25%,144,AM Phi,,NTB - Khánh Hòa,(KHO) Diên Khánh 2,Hàng Tồn,2026-09-29 - Thứ 3,315,96.51%,49.52%,156,139,3.49%,44.13%,0,AM Phi
NTB - Khánh Hòa,(KHO) Diên Khánh 2,Hàng Mới Ca 1,2026-09-30 - Thứ 4,613,100.00%,84.34%,517,89,0.00%,14.52%,613,AM Phi,,NTB - Khánh Hòa,(KHO) Diên Khánh 2,Hàng Mới Ca 2,2026-09-30 - Thứ 4,200,77.50%,67.00%,134,66,22.50%,33.00%,200,AM Phi,,NTB - Khánh Hòa,(KHO) Diên Khánh 2,Hàng Tồn,2026-09-30 - Thứ 4,201,95.02%,36.32%,73,117,4.98%,58.21%,0,AM Phi
NTB - Khánh Hòa,(KHO) Diên Thọ,Hàng Mới Ca 1,2026-09-24 - Thứ 5,466,100.00%,81.33%,379,76,0.00%,16.31%,466,AM Phi,,NTB - Khánh Hòa,(KHO) Diên Thọ,Hàng Mới Ca 2,2026-09-24 - Thứ 5,1,100.00%,100.00%,1,0,0.00%,0.00%,1,AM Phi,,NTB - Khánh Hòa,(KHO) Diên Thọ,Hàng Tồn,2026-09-24 - Thứ 5,124,99.19%,37.10%,46,74,0.81%,59.67%,0,AM Phi
NTB - Khánh Hòa,(KHO) Diên Thọ,Hàng Mới Ca 1,2026-09-25 - Thứ 6,515,99.81%,75.92%,391,109,0.19%,21.17%,515,AM Phi,,NTB - Khánh Hòa,(KHO) Diên Thọ,Hàng Mới Ca 2,2026-09-25 - Thứ 6,0,0.00%,0.00%,0,0,0.00%,0.00%,0,AM Phi,,NTB - Khánh Hòa,(KHO) Diên Thọ,Hàng Tồn,2026-09-25 - Thứ 6,132,98.48%,28.79%,38,85,1.52%,64.39%,0,AM Phi
NTB - Khánh Hòa,(KHO) Diên Thọ,Hàng Mới Ca 1,2026-09-26 - Thứ 7,333,99.40%,76.28%,254,65,0.60%,19.52%,333,AM Phi,,NTB - Khánh Hòa,(KHO) Diên Thọ,Hàng Mới Ca 2,2026-09-26 - Thứ 7,0,0.00%,0.00%,0,0,0.00%,0.00%,0,AM Phi,,NTB - Khánh Hòa,(KHO) Diên Thọ,Hàng Tồn,2026-09-26 - Thứ 7,159,98.11%,43.40%,69,83,1.89%,52.20%,0,AM Phi
NTB - Khánh Hòa,(KHO) Diên Thọ,Hàng Mới Ca 1,2026-09-27 - Chủ Nhật,518,94.21%,76.45%,396,110,5.79%,21.23%,518,AM Phi,,NTB - Khánh Hòa,(KHO) Diên Thọ,Hàng Mới Ca 2,2026-09-27 - Chủ Nhật,0,0.00%,0.00%,0,0,0.00%,0.00%,0,AM Phi,,NTB - Khánh Hòa,(KHO) Diên Thọ,Hàng Tồn,2026-09-27 - Chủ Nhật,116,97.41%,35.34%,41,68,2.59%,58.63%,0,AM Phi
NTB - Khánh Hòa,(KHO) Diên Thọ,Hàng Mới Ca 1,2026-09-28 - Thứ 2,316,100.00%,79.75%,252,58,0.00%,18.35%,316,AM Phi,,NTB - Khánh Hòa,(KHO) Diên Thọ,Hàng Mới Ca 2,2026-09-28 - Thứ 2,0,0.00%,0.00%,0,0,0.00%,0.00%,0,AM Phi,,NTB - Khánh Hòa,(KHO) Diên Thọ,Hàng Tồn,2026-09-28 - Thứ 2,169,98.82%,44.38%,75,80,1.18%,47.34%,0,AM Phi
NTB - Khánh Hòa,(KHO) Diên Thọ,Hàng Mới Ca 1,2026-09-29 - Thứ 3,334,88.32%,59.28%,198,132,11.68%,39.52%,334,AM Phi,,NTB - Khánh Hòa,(KHO) Diên Thọ,Hàng Mới Ca 2,2026-09-29 - Thứ 3,0,0.00%,0.00%,0,0,0.00%,0.00%,0,AM Phi,,NTB - Khánh Hòa,(KHO) Diên Thọ,Hàng Tồn,2026-09-29 - Thứ 3,120,91.67%,26.67%,32,81,8.33%,67.50%,0,AM Phi
NTB - Khánh Hòa,(KHO) Diên Thọ,Hàng Mới Ca 1,2026-09-30 - Thứ 4,443,95.03%,71.11%,315,116,4.97%,26.18%,443,AM Phi,,NTB - Khánh Hòa,(KHO) Diên Thọ,Hàng Mới Ca 2,2026-09-30 - Thứ 4,0,0.00%,0.00%,0,0,0.00%,0.00%,0,AM Phi,,NTB - Khánh Hòa,(KHO) Diên Thọ,Hàng Tồn,2026-09-30 - Thứ 4,185,91.35%,41.62%,77,101,8.65%,54.60%,0,AM Phi
NTB - Khánh Hòa,(KHO) Khánh Sơn,Hàng Mới Ca 1,2026-09-24 - Thứ 5,268,100.00%,82.46%,221,37,0.00%,13.81%,268,AM Duy,,NTB - Khánh Hòa,(KHO) Khánh Sơn,Hàng Mới Ca 2,2026-09-24 - Thứ 5,0,0.00%,0.00%,0,0,0.00%,0.00%,0,AM Duy,,NTB - Khánh Hòa,(KHO) Khánh Sơn,Hàng Tồn,2026-09-24 - Thứ 5,42,100.00%,45.24%,19,20,0.00%,47.62%,0,AM Duy
NTB - Khánh Hòa,(KHO) Khánh Sơn,Hàng Mới Ca 1,2026-09-25 - Thứ 6,288,100.00%,88.19%,254,26,0.00%,9.03%,288,AM Duy,,NTB - Khánh Hòa,(KHO) Khánh Sơn,Hàng Mới Ca 2,2026-09-25 - Thứ 6,0,0.00%,0.00%,0,0,0.00%,0.00%,0,AM Duy,,NTB - Khánh Hòa,(KHO) Khánh Sơn,Hàng Tồn,2026-09-25 - Thứ 6,52,98.08%,57.69%,30,21,1.92%,40.39%,0,AM Duy
NTB - Khánh Hòa,(KHO) Khánh Sơn,Hàng Mới Ca 1,2026-09-26 - Thứ 7,188,99.47%,79.79%,150,34,0.53%,18.08%,188,AM Duy,,NTB - Khánh Hòa,(KHO) Khánh Sơn,Hàng Mới Ca 2,2026-09-26 - Thứ 7,0,0.00%,0.00%,0,0,0.00%,0.00%,0,AM Duy,,NTB - Khánh Hòa,(KHO) Khánh Sơn,Hàng Tồn,2026-09-26 - Thứ 7,37,97.30%,43.24%,16,20,2.70%,54.06%,0,AM Duy
NTB - Khánh Hòa,(KHO) Khánh Sơn,Hàng Mới Ca 1,2026-09-27 - Chủ Nhật,231,100.00%,87.45%,202,27,0.00%,11.68%,231,AM Duy,,NTB - Khánh Hòa,(KHO) Khánh Sơn,Hàng Mới Ca 2,2026-09-27 - Chủ Nhật,0,0.00%,0.00%,0,0,0.00%,0.00%,0,AM Duy,,NTB - Khánh Hòa,(KHO) Khánh Sơn,Hàng Tồn,2026-09-27 - Chủ Nhật,48,95.83%,70.83%,34,11,4.17%,22.92%,0,AM Duy
NTB - Khánh Hòa,(KHO) Khánh Sơn,Hàng Mới Ca 1,2026-09-28 - Thứ 2,186,99.46%,87.63%,163,22,0.54%,11.83%,186,AM Duy,,NTB - Khánh Hòa,(KHO) Khánh Sơn,Hàng Mới Ca 2,2026-09-28 - Thứ 2,0,0.00%,0.00%,0,0,0.00%,0.00%,0,AM Duy,,NTB - Khánh Hòa,(KHO) Khánh Sơn,Hàng Tồn,2026-09-28 - Thứ 2,39,94.87%,46.15%,18,19,5.13%,48.72%,0,AM Duy
NTB - Khánh Hòa,(KHO) Khánh Sơn,Hàng Mới Ca 1,2026-09-29 - Thứ 3,205,99.02%,83.41%,171,33,0.98%,16.10%,205,AM Duy,,NTB - Khánh Hòa,(KHO) Khánh Sơn,Hàng Mới Ca 2,2026-09-29 - Thứ 3,0,0.00%,0.00%,0,0,0.00%,0.00%,0,AM Duy,,NTB - Khánh Hòa,(KHO) Khánh Sơn,Hàng Tồn,2026-09-29 - Thứ 3,39,97.44%,38.46%,15,20,2.56%,51.28%,0,AM Duy
NTB - Khánh Hòa,(KHO) Khánh Sơn,Hàng Mới Ca 1,2026-09-30 - Thứ 4,251,100.00%,86.85%,218,32,0.00%,12.75%,251,AM Duy,,NTB - Khánh Hòa,(KHO) Khánh Sơn,Hàng Mới Ca 2,2026-09-30 - Thứ 4,0,0.00%,0.00%,0,0,0.00%,0.00%,0,AM Duy,,NTB - Khánh Hòa,(KHO) Khánh Sơn,Hàng Tồn,2026-09-30 - Thứ 4,44,97.73%,70.45%,31,12,2.27%,27.28%,0,AM Duy
NTB - Khánh Hòa,(KHO) Khánh Vĩnh,Hàng Mới Ca 1,2026-09-24 - Thứ 5,286,100.00%,81.12%,232,51,0.00%,17.83%,286,AM Phi,,NTB - Khánh Hòa,(KHO) Khánh Vĩnh,Hàng Mới Ca 2,2026-09-24 - Thứ 5,0,0.00%,0.00%,0,0,0.00%,0.00%,0,AM Phi,,NTB - Khánh Hòa,(KHO) Khánh Vĩnh,Hàng Tồn,2026-09-24 - Thứ 5,62,91.94%,25.81%,16,40,8.06%,64.51%,0,AM Phi
NTB - Khánh Hòa,(KHO) Khánh Vĩnh,Hàng Mới Ca 1,2026-09-25 - Thứ 6,271,100.00%,82.29%,223,44,0.00%,16.23%,271,AM Phi,,NTB - Khánh Hòa,(KHO) Khánh Vĩnh,Hàng Mới Ca 2,2026-09-25 - Thứ 6,0,0.00%,0.00%,0,0,0.00%,0.00%,0,AM Phi,,NTB - Khánh Hòa,(KHO) Khánh Vĩnh,Hàng Tồn,2026-09-25 - Thứ 6,82,97.56%,32.93%,27,44,2.44%,53.66%,0,AM Phi
NTB - Khánh Hòa,(KHO) Khánh Vĩnh,Hàng Mới Ca 1,2026-09-26 - Thứ 7,184,100.00%,76.09%,140,42,0.00%,22.82%,184,AM Phi,,NTB - Khánh Hòa,(KHO) Khánh Vĩnh,Hàng Mới Ca 2,2026-09-26 - Thứ 7,112,0.00%,0.00%,0,112,100.00%,100.00%,112,AM Phi,,NTB - Khánh Hòa,(KHO) Khánh Vĩnh,Hàng Tồn,2026-09-26 - Thứ 7,75,97.33%,40.00%,30,40,2.67%,53.33%,0,AM Phi
NTB - Khánh Hòa,(KHO) Khánh Vĩnh,Hàng Mới Ca 1,2026-09-27 - Chủ Nhật,177,99.44%,71.75%,127,47,0.56%,26.56%,177,AM Phi,,NTB - Khánh Hòa,(KHO) Khánh Vĩnh,Hàng Mới Ca 2,2026-09-27 - Chủ Nhật,0,0.00%,0.00%,0,0,0.00%,0.00%,0,AM Phi,,NTB - Khánh Hòa,(KHO) Khánh Vĩnh,Hàng Tồn,2026-09-27 - Chủ Nhật,180,97.78%,56.11%,101,72,2.22%,40.00%,0,AM Phi
NTB - Khánh Hòa,(KHO) Khánh Vĩnh,Hàng Mới Ca 1,2026-09-28 - Thứ 2,180,100.00%,81.11%,146,32,0.00%,17.78%,180,AM Phi,,NTB - Khánh Hòa,(KHO) Khánh Vĩnh,Hàng Mới Ca 2,2026-09-28 - Thứ 2,0,0.00%,0.00%,0,0,0.00%,0.00%,0,AM Phi,,NTB - Khánh Hòa,(KHO) Khánh Vĩnh,Hàng Tồn,2026-09-28 - Thứ 2,115,96.52%,48.70%,56,54,3.48%,46.95%,0,AM Phi
NTB - Khánh Hòa,(KHO) Khánh Vĩnh,Hàng Mới Ca 1,2026-09-29 - Thứ 3,226,99.56%,80.53%,182,44,0.44%,19.47%,226,AM Phi,,NTB - Khánh Hòa,(KHO) Khánh Vĩnh,Hàng Mới Ca 2,2026-09-29 - Thứ 3,0,0.00%,0.00%,0,0,0.00%,0.00%,0,AM Phi,,NTB - Khánh Hòa,(KHO) Khánh Vĩnh,Hàng Tồn,2026-09-29 - Thứ 3,77,98.70%,41.56%,32,40,1.30%,51.95%,0,AM Phi
NTB - Khánh Hòa,(KHO) Khánh Vĩnh,Hàng Mới Ca 1,2026-09-30 - Thứ 4,256,100.00%,81.25%,208,44,0.00%,17.19%,256,AM Phi,,NTB - Khánh Hòa,(KHO) Khánh Vĩnh,Hàng Mới Ca 2,2026-09-30 - Thứ 4,0,0.00%,0.00%,0,0,0.00%,0.00%,0,AM Phi,,NTB - Khánh Hòa,(KHO) Khánh Vĩnh,Hàng Tồn,2026-09-30 - Thứ 4,67,94.03%,20.90%,14,49,5.97%,73.13%,0,AM Phi
NTB - Khánh Hòa,(KHO) Nam Nha Trang 1,Hàng Mới Ca 1,2026-09-24 - Thứ 5,781,97.82%,75.80%,592,182,2.18%,23.30%,781,AM Thư,,NTB - Khánh Hòa,(KHO) Nam Nha Trang 1,Hàng Mới Ca 2,2026-09-24 - Thứ 5,370,90.27%,68.92%,255,112,9.73%,30.27%,370,AM Thư,,NTB - Khánh Hòa,(KHO) Nam Nha Trang 1,Hàng Tồn,2026-09-24 - Thứ 5,589,97.96%,54.84%,323,218,2.04%,37.01%,0,AM Thư
NTB - Khánh Hòa,(KHO) Nam Nha Trang 1,Hàng Mới Ca 1,2026-09-25 - Thứ 6,937,99.15%,71.50%,670,254,0.85%,27.11%,937,AM Thư,,NTB - Khánh Hòa,(KHO) Nam Nha Trang 1,Hàng Mới Ca 2,2026-09-25 - Thứ 6,478,81.38%,59.83%,286,189,18.62%,39.54%,478,AM Thư,,NTB - Khánh Hòa,(KHO) Nam Nha Trang 1,Hàng Tồn,2026-09-25 - Thứ 6,464,97.84%,42.46%,197,242,2.16%,52.15%,0,AM Thư
NTB - Khánh Hòa,(KHO) Nam Nha Trang 1,Hàng Mới Ca 1,2026-09-26 - Thứ 7,584,96.23%,77.74%,454,123,3.77%,21.06%,584,AM Thư,,NTB - Khánh Hòa,(KHO) Nam Nha Trang 1,Hàng Mới Ca 2,2026-09-26 - Thứ 7,569,74.69%,55.71%,317,247,25.31%,43.41%,569,AM Thư,,NTB - Khánh Hòa,(KHO) Nam Nha Trang 1,Hàng Tồn,2026-09-26 - Thứ 7,653,94.95%,48.24%,315,292,5.05%,44.72%,0,AM Thư
NTB - Khánh Hòa,(KHO) Nam Nha Trang 1,Hàng Mới Ca 1,2026-09-27 - Chủ Nhật,509,99.21%,76.62%,390,113,0.79%,22.20%,509,AM Thư,,NTB - Khánh Hòa,(KHO) Nam Nha Trang 1,Hàng Mới Ca 2,2026-09-27 - Chủ Nhật,383,75.72%,51.17%,196,183,24.28%,47.79%,383,AM Thư,,NTB - Khánh Hòa,(KHO) Nam Nha Trang 1,Hàng Tồn,2026-09-27 - Chủ Nhật,598,97.32%,50.17%,300,262,2.68%,43.81%,0,AM Thư
NTB - Khánh Hòa,(KHO) Nam Nha Trang 1,Hàng Mới Ca 1,2026-09-28 - Thứ 2,448,99.11%,80.36%,360,84,0.89%,18.75%,448,AM Thư,,NTB - Khánh Hòa,(KHO) Nam Nha Trang 1,Hàng Mới Ca 2,2026-09-28 - Thứ 2,195,95.90%,66.67%,130,65,4.10%,33.33%,195,AM Thư,,NTB - Khánh Hòa,(KHO) Nam Nha Trang 1,Hàng Tồn,2026-09-28 - Thứ 2,519,95.38%,51.45%,267,201,4.62%,38.72%,0,AM Thư
NTB - Khánh Hòa,(KHO) Nam Nha Trang 1,Hàng Mới Ca 1,2026-09-29 - Thứ 3,360,100.00%,79.44%,286,71,0.00%,19.73%,360,AM Thư,,NTB - Khánh Hòa,(KHO) Nam Nha Trang 1,Hàng Mới Ca 2,2026-09-29 - Thứ 3,260,89.62%,74.23%,193,62,10.38%,23.85%,260,AM Thư,,NTB - Khánh Hòa,(KHO) Nam Nha Trang 1,Hàng Tồn,2026-09-29 - Thứ 3,318,95.28%,40.25%,128,161,4.72%,50.63%,0,AM Thư
NTB - Khánh Hòa,(KHO) Nam Nha Trang 1,Hàng Mới Ca 1,2026-09-30 - Thứ 4,619,99.52%,81.42%,504,109,0.48%,17.61%,619,AM Thư,,NTB - Khánh Hòa,(KHO) Nam Nha Trang 1,Hàng Mới Ca 2,2026-09-30 - Thứ 4,225,93.78%,75.11%,169,52,6.22%,23.11%,225,AM Thư,,NTB - Khánh Hòa,(KHO) Nam Nha Trang 1,Hàng Tồn,2026-09-30 - Thứ 4,264,96.21%,31.82%,84,159,3.79%,60.23%,0,AM Thư
NTB - Khánh Hòa,(KHO) Nam Nha Trang 2,Hàng Mới Ca 1,2026-09-24 - Thứ 5,876,97.83%,58.79%,515,354,2.17%,40.41%,876,AM Thư,,NTB - Khánh Hòa,(KHO) Nam Nha Trang 2,Hàng Mới Ca 2,2026-09-24 - Thứ 5,44,97.73%,63.64%,28,16,2.27%,36.36%,44,AM Thư,,NTB - Khánh Hòa,(KHO) Nam Nha Trang 2,Hàng Tồn,2026-09-24 - Thứ 5,"1,012",99.21%,48.91%,495,476,0.79%,47.04%,0,AM Thư
NTB - Khánh Hòa,(KHO) Nam Nha Trang 2,Hàng Mới Ca 1,2026-09-25 - Thứ 6,958,96.56%,63.15%,605,345,3.44%,36.01%,958,AM Thư,,NTB - Khánh Hòa,(KHO) Nam Nha Trang 2,Hàng Mới Ca 2,2026-09-25 - Thứ 6,48,100.00%,39.58%,19,29,0.00%,60.42%,48,AM Thư,,NTB - Khánh Hòa,(KHO) Nam Nha Trang 2,Hàng Tồn,2026-09-25 - Thứ 6,806,99.26%,50.00%,403,376,0.74%,46.65%,0,AM Thư
NTB - Khánh Hòa,(KHO) Nam Nha Trang 2,Hàng Mới Ca 1,2026-09-26 - Thứ 7,666,96.70%,73.42%,489,173,3.30%,25.98%,666,AM Thư,,NTB - Khánh Hòa,(KHO) Nam Nha Trang 2,Hàng Mới Ca 2,2026-09-26 - Thứ 7,380,99.47%,63.68%,242,132,0.53%,34.74%,380,AM Thư,,NTB - Khánh Hòa,(KHO) Nam Nha Trang 2,Hàng Tồn,2026-09-26 - Thứ 7,700,98.71%,49.14%,344,336,1.29%,48.00%,0,AM Thư
NTB - Khánh Hòa,(KHO) Nam Nha Trang 2,Hàng Mới Ca 1,2026-09-27 - Chủ Nhật,414,98.31%,78.26%,324,90,1.69%,21.74%,414,AM Thư,,NTB - Khánh Hòa,(KHO) Nam Nha Trang 2,Hàng Mới Ca 2,2026-09-27 - Chủ Nhật,229,99.13%,72.05%,165,61,0.87%,26.64%,229,AM Thư,,NTB - Khánh Hòa,(KHO) Nam Nha Trang 2,Hàng Tồn,2026-09-27 - Chủ Nhật,582,96.91%,50.17%,292,242,3.09%,41.58%,0,AM Thư
NTB - Khánh Hòa,(KHO) Nam Nha Trang 2,Hàng Mới Ca 1,2026-09-28 - Thứ 2,361,97.78%,82.83%,299,58,2.22%,16.06%,361,AM Thư,,NTB - Khánh Hòa,(KHO) Nam Nha Trang 2,Hàng Mới Ca 2,2026-09-28 - Thứ 2,160,99.38%,73.13%,117,41,0.62%,25.62%,160,AM Thư,,NTB - Khánh Hòa,(KHO) Nam Nha Trang 2,Hàng Tồn,2026-09-28 - Thứ 2,352,99.15%,56.82%,200,127,0.85%,36.08%,0,AM Thư
NTB - Khánh Hòa,(KHO) Nam Nha Trang 2,Hàng Mới Ca 1,2026-09-29 - Thứ 3,319,99.69%,83.39%,266,48,0.31%,15.04%,319,AM Thư,,NTB - Khánh Hòa,(KHO) Nam Nha Trang 2,Hàng Mới Ca 2,2026-09-29 - Thứ 3,258,99.61%,81.40%,210,47,0.39%,18.21%,258,AM Thư,,NTB - Khánh Hòa,(KHO) Nam Nha Trang 2,Hàng Tồn,2026-09-29 - Thứ 3,198,95.96%,44.44%,88,88,4.04%,44.45%,0,AM Thư
NTB - Khánh Hòa,(KHO) Nam Nha Trang 2,Hàng Mới Ca 1,2026-09-30 - Thứ 4,453,98.68%,81.46%,369,82,1.32%,18.10%,453,AM Thư,,NTB - Khánh Hòa,(KHO) Nam Nha Trang 2,Hàng Mới Ca 2,2026-09-30 - Thứ 4,132,97.73%,79.55%,105,25,2.27%,18.93%,132,AM Thư,,NTB - Khánh Hòa,(KHO) Nam Nha Trang 2,Hàng Tồn,2026-09-30 - Thứ 4,168,95.24%,44.64%,75,65,4.76%,38.69%,0,AM Thư
NTB - Khánh Hòa,(KHO) Nam Nha Trang 3,Hàng Mới Ca 1,2026-09-24 - Thứ 5,730,99.04%,78.22%,571,154,0.96%,21.10%,730,AM Thư,,NTB - Khánh Hòa,(KHO) Nam Nha Trang 3,Hàng Mới Ca 2,2026-09-24 - Thứ 5,382,65.97%,51.57%,197,183,34.03%,47.91%,382,AM Thư,,NTB - Khánh Hòa,(KHO) Nam Nha Trang 3,Hàng Tồn,2026-09-24 - Thứ 5,285,96.14%,40.00%,114,157,3.86%,55.09%,0,AM Thư
NTB - Khánh Hòa,(KHO) Nam Nha Trang 3,Hàng Mới Ca 1,2026-09-25 - Thứ 6,638,99.37%,73.35%,468,159,0.63%,24.93%,638,AM Thư,,NTB - Khánh Hòa,(KHO) Nam Nha Trang 3,Hàng Mới Ca 2,2026-09-25 - Thứ 6,364,53.02%,43.41%,158,201,46.98%,55.22%,364,AM Thư,,NTB - Khánh Hòa,(KHO) Nam Nha Trang 3,Hàng Tồn,2026-09-25 - Thứ 6,466,98.50%,49.57%,231,192,1.50%,41.20%,0,AM Thư
NTB - Khánh Hòa,(KHO) Nam Nha Trang 3,Hàng Mới Ca 1,2026-09-26 - Thứ 7,391,98.72%,81.07%,317,70,1.28%,17.91%,391,AM Thư,,NTB - Khánh Hòa,(KHO) Nam Nha Trang 3,Hàng Mới Ca 2,2026-09-26 - Thứ 7,365,69.32%,52.05%,190,172,30.68%,47.13%,365,AM Thư,,NTB - Khánh Hòa,(KHO) Nam Nha Trang 3,Hàng Tồn,2026-09-26 - Thứ 7,505,98.61%,60.00%,303,181,1.39%,35.84%,0,AM Thư
NTB - Khánh Hòa,(KHO) Nam Nha Trang 3,Hàng Mới Ca 1,2026-09-27 - Chủ Nhật,396,98.74%,74.24%,294,98,1.26%,24.75%,396,AM Thư,,NTB - Khánh Hòa,(KHO) Nam Nha Trang 3,Hàng Mới Ca 2,2026-09-27 - Chủ Nhật,220,73.18%,50.91%,112,107,26.82%,48.64%,220,AM Thư,,NTB - Khánh Hòa,(KHO) Nam Nha Trang 3,Hàng Tồn,2026-09-27 - Chủ Nhật,376,98.14%,53.46%,201,150,1.86%,39.89%,0,AM Thư
NTB - Khánh Hòa,(KHO) Nam Nha Trang 3,Hàng Mới Ca 1,2026-09-28 - Thứ 2,267,97.75%,83.15%,222,42,2.25%,15.73%,267,AM Thư,,NTB - Khánh Hòa,(KHO) Nam Nha Trang 3,Hàng Mới Ca 2,2026-09-28 - Thứ 2,136,79.41%,61.03%,83,52,20.59%,38.23%,136,AM Thư,,NTB - Khánh Hòa,(KHO) Nam Nha Trang 3,Hàng Tồn,2026-09-28 - Thứ 2,342,96.49%,54.68%,187,126,3.51%,36.84%,0,AM Thư
NTB - Khánh Hòa,(KHO) Nam Nha Trang 3,Hàng Mới Ca 1,2026-09-29 - Thứ 3,266,99.25%,82.33%,219,46,0.75%,17.29%,266,AM Thư,,NTB - Khánh Hòa,(KHO) Nam Nha Trang 3,Hàng Mới Ca 2,2026-09-29 - Thứ 3,202,96.53%,78.71%,159,40,3.47%,19.80%,202,AM Thư,,NTB - Khánh Hòa,(KHO) Nam Nha Trang 3,Hàng Tồn,2026-09-29 - Thứ 3,189,97.88%,48.15%,91,78,2.12%,41.27%,0,AM Thư
NTB - Khánh Hòa,(KHO) Nam Nha Trang 3,Hàng Mới Ca 1,2026-09-30 - Thứ 4,347,99.42%,88.76%,308,38,0.58%,10.95%,347,AM Thư,,NTB - Khánh Hòa,(KHO) Nam Nha Trang 3,Hàng Mới Ca 2,2026-09-30 - Thứ 4,163,97.55%,79.14%,129,31,2.45%,19.02%,163,AM Thư,,NTB - Khánh Hòa,(KHO) Nam Nha Trang 3,Hàng Tồn,2026-09-30 - Thứ 4,138,99.28%,42.75%,59,65,0.72%,47.11%,0,AM Thư
NTB - Khánh Hòa,(KHO) Nam Nha Trang 5,Hàng Mới Ca 1,2026-09-24 - Thứ 5,274,98.54%,85.40%,234,37,1.46%,13.51%,274,AM Thư,,NTB - Khánh Hòa,(KHO) Nam Nha Trang 5,Hàng Mới Ca 2,2026-09-24 - Thứ 5,130,99.23%,83.85%,109,19,0.77%,14.61%,130,AM Thư,,NTB - Khánh Hòa,(KHO) Nam Nha Trang 5,Hàng Tồn,2026-09-24 - Thứ 5,112,100.00%,64.29%,72,38,0.00%,33.92%,0,AM Thư
NTB - Khánh Hòa,(KHO) Nam Nha Trang 5,Hàng Mới Ca 1,2026-09-25 - Thứ 6,361,99.45%,81.99%,296,62,0.55%,17.18%,361,AM Thư,,NTB - Khánh Hòa,(KHO) Nam Nha Trang 5,Hàng Mới Ca 2,2026-09-25 - Thứ 6,121,99.17%,85.12%,103,16,0.83%,13.23%,121,AM Thư,,NTB - Khánh Hòa,(KHO) Nam Nha Trang 5,Hàng Tồn,2026-09-25 - Thứ 6,78,100.00%,39.74%,31,44,0.00%,56.41%,0,AM Thư
NTB - Khánh Hòa,(KHO) Nam Nha Trang 5,Hàng Mới Ca 1,2026-09-26 - Thứ 7,181,98.34%,84.53%,153,23,1.66%,12.71%,181,AM Thư,,NTB - Khánh Hòa,(KHO) Nam Nha Trang 5,Hàng Mới Ca 2,2026-09-26 - Thứ 7,182,100.00%,80.22%,146,31,0.00%,17.03%,182,AM Thư,,NTB - Khánh Hòa,(KHO) Nam Nha Trang 5,Hàng Tồn,2026-09-26 - Thứ 7,102,100.00%,49.02%,50,40,0.00%,39.22%,0,AM Thư
NTB - Khánh Hòa,(KHO) Nam Nha Trang 5,Hàng Mới Ca 1,2026-09-27 - Chủ Nhật,128,100.00%,85.94%,110,15,0.00%,11.72%,128,AM Thư,,NTB - Khánh Hòa,(KHO) Nam Nha Trang 5,Hàng Mới Ca 2,2026-09-27 - Chủ Nhật,147,100.00%,84.35%,124,20,0.00%,13.61%,147,AM Thư,,NTB - Khánh Hòa,(KHO) Nam Nha Trang 5,Hàng Tồn,2026-09-27 - Chủ Nhật,79,98.73%,40.51%,32,44,1.27%,55.69%,0,AM Thư
NTB - Khánh Hòa,(KHO) Nam Nha Trang 5,Hàng Mới Ca 1,2026-09-28 - Thứ 2,131,100.00%,91.60%,120,8,0.00%,6.11%,131,AM Thư,,NTB - Khánh Hòa,(KHO) Nam Nha Trang 5,Hàng Mới Ca 2,2026-09-28 - Thứ 2,69,100.00%,84.06%,58,9,0.00%,13.04%,69,AM Thư,,NTB - Khánh Hòa,(KHO) Nam Nha Trang 5,Hàng Tồn,2026-09-28 - Thứ 2,63,98.41%,52.38%,33,26,1.59%,41.27%,0,AM Thư
NTB - Khánh Hòa,(KHO) Nam Nha Trang 5,Hàng Mới Ca 1,2026-09-29 - Thứ 3,177,100.00%,85.88%,152,24,0.00%,13.56%,177,AM Thư,,NTB - Khánh Hòa,(KHO) Nam Nha Trang 5,Hàng Mới Ca 2,2026-09-29 - Thứ 3,79,100.00%,87.34%,69,10,0.00%,12.66%,79,AM Thư,,NTB - Khánh Hòa,(KHO) Nam Nha Trang 5,Hàng Tồn,2026-09-29 - Thứ 3,34,100.00%,41.18%,14,16,0.00%,47.06%,0,AM Thư
NTB - Khánh Hòa,(KHO) Nam Nha Trang 5,Hàng Mới Ca 1,2026-09-30 - Thứ 4,196,100.00%,80.61%,158,33,0.00%,16.84%,196,AM Thư,,NTB - Khánh Hòa,(KHO) Nam Nha Trang 5,Hàng Mới Ca 2,2026-09-30 - Thứ 4,35,100.00%,77.14%,27,6,0.00%,17.15%,35,AM Thư,,NTB - Khánh Hòa,(KHO) Nam Nha Trang 5,Hàng Tồn,2026-09-30 - Thứ 4,44,100.00%,22.73%,10,31,0.00%,70.45%,0,AM Thư
NTB - Khánh Hòa,(KHO) Nha Trang,Hàng Mới Ca 1,2026-09-24 - Thứ 5,572,98.08%,75.00%,429,128,1.92%,22.38%,572,AM Duy,,NTB - Khánh Hòa,(KHO) Nha Trang,Hàng Mới Ca 2,2026-09-24 - Thứ 5,228,99.56%,71.05%,162,64,0.44%,28.07%,228,AM Duy,,NTB - Khánh Hòa,(KHO) Nha Trang,Hàng Tồn,2026-09-24 - Thứ 5,354,97.74%,39.83%,141,182,2.26%,51.41%,0,AM Duy
NTB - Khánh Hòa,(KHO) Nha Trang,Hàng Mới Ca 1,2026-09-25 - Thứ 6,911,96.82%,62.90%,573,329,3.18%,36.11%,911,AM Duy,,NTB - Khánh Hòa,(KHO) Nha Trang,Hàng Mới Ca 2,2026-09-25 - Thứ 6,239,15.48%,10.46%,25,213,84.52%,89.12%,239,AM Duy,,NTB - Khánh Hòa,(KHO) Nha Trang,Hàng Tồn,2026-09-25 - Thứ 6,332,95.78%,33.13%,110,190,4.22%,57.23%,0,AM Duy
NTB - Khánh Hòa,(KHO) Nha Trang,Hàng Mới Ca 1,2026-09-26 - Thứ 7,634,97.48%,53.94%,342,289,2.52%,45.59%,634,AM Duy,,NTB - Khánh Hòa,(KHO) Nha Trang,Hàng Mới Ca 2,2026-09-26 - Thứ 7,247,8.91%,4.86%,12,235,91.09%,95.14%,247,AM Duy,,NTB - Khánh Hòa,(KHO) Nha Trang,Hàng Tồn,2026-09-26 - Thứ 7,677,98.23%,38.26%,259,370,1.77%,54.65%,0,AM Duy
NTB - Khánh Hòa,(KHO) Nha Trang,Hàng Mới Ca 1,2026-09-27 - Chủ Nhật,466,93.56%,55.58%,259,205,6.44%,43.99%,466,AM Duy,,NTB - Khánh Hòa,(KHO) Nha Trang,Hàng Mới Ca 2,2026-09-27 - Chủ Nhật,256,14.84%,12.50%,32,223,85.16%,87.11%,256,AM Duy,,NTB - Khánh Hòa,(KHO) Nha Trang,Hàng Tồn,2026-09-27 - Chủ Nhật,799,98.25%,36.42%,291,476,1.75%,59.57%,0,AM Duy
NTB - Khánh Hòa,(KHO) Nha Trang,Hàng Mới Ca 1,2026-09-28 - Thứ 2,429,95.57%,62.94%,270,154,4.43%,35.89%,429,AM Duy,,NTB - Khánh Hòa,(KHO) Nha Trang,Hàng Mới Ca 2,2026-09-28 - Thứ 2,248,32.66%,19.76%,49,194,67.34%,78.22%,248,AM Duy,,NTB - Khánh Hòa,(KHO) Nha Trang,Hàng Tồn,2026-09-28 - Thứ 2,869,93.79%,48.91%,425,390,6.21%,44.88%,0,AM Duy
NTB - Khánh Hòa,(KHO) Nha Trang,Hàng Mới Ca 1,2026-09-29 - Thứ 3,430,90.23%,60.70%,261,160,9.77%,37.21%,430,AM Duy,,NTB - Khánh Hòa,(KHO) Nha Trang,Hàng Mới Ca 2,2026-09-29 - Thứ 3,160,75.00%,41.88%,67,88,25.00%,54.99%,160,AM Duy,,NTB - Khánh Hòa,(KHO) Nha Trang,Hàng Tồn,2026-09-29 - Thứ 3,655,82.90%,41.68%,273,333,17.10%,50.84%,0,AM Duy
NTB - Khánh Hòa,(KHO) Nha Trang,Hàng Mới Ca 1,2026-09-30 - Thứ 4,521,86.76%,63.53%,331,186,13.24%,35.70%,521,AM Duy,,NTB - Khánh Hòa,(KHO) Nha Trang,Hàng Mới Ca 2,2026-09-30 - Thứ 4,205,87.80%,59.51%,122,82,12.20%,40.00%,205,AM Duy,,NTB - Khánh Hòa,(KHO) Nha Trang,Hàng Tồn,2026-09-30 - Thứ 4,536,93.47%,37.69%,202,302,6.53%,56.34%,0,AM Duy
NTB - Khánh Hòa,(KHO) Ninh Hòa 2,Hàng Mới Ca 1,2026-09-24 - Thứ 5,705,99.72%,81.84%,577,124,0.28%,17.59%,705,AM Phi,,NTB - Khánh Hòa,(KHO) Ninh Hòa 2,Hàng Mới Ca 2,2026-09-24 - Thứ 5,359,89.42%,75.21%,270,88,10.58%,24.51%,359,AM Phi,,NTB - Khánh Hòa,(KHO) Ninh Hòa 2,Hàng Tồn,2026-09-24 - Thứ 5,287,98.61%,40.77%,117,143,1.39%,49.82%,0,AM Phi
NTB - Khánh Hòa,(KHO) Ninh Hòa 2,Hàng Mới Ca 1,2026-09-25 - Thứ 6,804,99.75%,78.48%,631,168,0.25%,20.90%,804,AM Phi,,NTB - Khánh Hòa,(KHO) Ninh Hòa 2,Hàng Mới Ca 2,2026-09-25 - Thứ 6,243,88.07%,73.66%,179,61,11.93%,25.11%,243,AM Phi,,NTB - Khánh Hòa,(KHO) Ninh Hòa 2,Hàng Tồn,2026-09-25 - Thứ 6,333,97.90%,42.64%,142,169,2.10%,50.75%,0,AM Phi
NTB - Khánh Hòa,(KHO) Ninh Hòa 2,Hàng Mới Ca 1,2026-09-26 - Thứ 7,445,96.63%,78.43%,349,93,3.37%,20.90%,445,AM Phi,,NTB - Khánh Hòa,(KHO) Ninh Hòa 2,Hàng Mới Ca 2,2026-09-26 - Thứ 7,536,83.02%,66.79%,358,176,16.98%,32.84%,536,AM Phi,,NTB - Khánh Hòa,(KHO) Ninh Hòa 2,Hàng Tồn,2026-09-26 - Thứ 7,368,97.83%,51.90%,191,154,2.17%,41.85%,0,AM Phi
NTB - Khánh Hòa,(KHO) Ninh Hòa 2,Hàng Mới Ca 1,2026-09-27 - Chủ Nhật,447,96.87%,77.63%,347,98,3.13%,21.92%,447,AM Phi,,NTB - Khánh Hòa,(KHO) Ninh Hòa 2,Hàng Mới Ca 2,2026-09-27 - Chủ Nhật,397,87.15%,67.00%,266,127,12.85%,31.99%,397,AM Phi,,NTB - Khánh Hòa,(KHO) Ninh Hòa 2,Hàng Tồn,2026-09-27 - Chủ Nhật,374,93.58%,50.00%,187,160,6.42%,42.78%,0,AM Phi
NTB - Khánh Hòa,(KHO) Ninh Hòa 2,Hàng Mới Ca 1,2026-09-28 - Thứ 2,502,93.23%,76.89%,386,110,6.77%,21.91%,502,AM Phi,,NTB - Khánh Hòa,(KHO) Ninh Hòa 2,Hàng Mới Ca 2,2026-09-28 - Thứ 2,249,85.94%,63.86%,159,88,14.06%,35.34%,249,AM Phi,,NTB - Khánh Hòa,(KHO) Ninh Hòa 2,Hàng Tồn,2026-09-28 - Thứ 2,365,80.00%,38.36%,140,205,20.00%,56.16%,0,AM Phi
NTB - Khánh Hòa,(KHO) Ninh Hòa 2,Hàng Mới Ca 1,2026-09-29 - Thứ 3,447,96.87%,74.05%,331,110,3.13%,24.61%,447,AM Phi,,NTB - Khánh Hòa,(KHO) Ninh Hòa 2,Hàng Mới Ca 2,2026-09-29 - Thứ 3,240,94.17%,74.17%,178,62,5.83%,25.83%,240,AM Phi,,NTB - Khánh Hòa,(KHO) Ninh Hòa 2,Hàng Tồn,2026-09-29 - Thứ 3,373,88.47%,38.07%,142,206,11.53%,55.23%,0,AM Phi
NTB - Khánh Hòa,(KHO) Ninh Hòa 2,Hàng Mới Ca 1,2026-09-30 - Thứ 4,719,99.72%,82.89%,596,119,0.28%,16.55%,719,AM Phi,,NTB - Khánh Hòa,(KHO) Ninh Hòa 2,Hàng Mới Ca 2,2026-09-30 - Thứ 4,238,84.03%,67.65%,161,75,15.97%,31.51%,238,AM Phi,,NTB - Khánh Hòa,(KHO) Ninh Hòa 2,Hàng Tồn,2026-09-30 - Thứ 4,342,98.25%,38.01%,130,190,1.75%,55.56%,0,AM Phi
NTB - Khánh Hòa,(KHO) Tu Bông,Hàng Mới Ca 1,2026-09-24 - Thứ 5,424,99.76%,78.30%,332,84,0.24%,19.81%,424,AM Duy,,NTB - Khánh Hòa,(KHO) Tu Bông,Hàng Mới Ca 2,2026-09-24 - Thứ 5,169,87.57%,50.89%,86,81,12.43%,47.93%,169,AM Duy,,NTB - Khánh Hòa,(KHO) Tu Bông,Hàng Tồn,2026-09-24 - Thứ 5,142,96.48%,45.77%,65,63,3.52%,44.37%,0,AM Duy
NTB - Khánh Hòa,(KHO) Tu Bông,Hàng Mới Ca 1,2026-09-25 - Thứ 6,437,99.77%,86.50%,378,50,0.23%,11.44%,437,AM Duy,,NTB - Khánh Hòa,(KHO) Tu Bông,Hàng Mới Ca 2,2026-09-25 - Thứ 6,179,93.85%,59.22%,106,71,6.15%,39.66%,179,AM Duy,,NTB - Khánh Hòa,(KHO) Tu Bông,Hàng Tồn,2026-09-25 - Thứ 6,215,98.60%,64.19%,138,65,1.40%,30.23%,0,AM Duy
NTB - Khánh Hòa,(KHO) Tu Bông,Hàng Mới Ca 1,2026-09-26 - Thứ 7,228,100.00%,84.21%,192,34,0.00%,14.91%,228,AM Duy,,NTB - Khánh Hòa,(KHO) Tu Bông,Hàng Mới Ca 2,2026-09-26 - Thứ 7,229,93.01%,63.76%,146,82,6.99%,35.80%,229,AM Duy,,NTB - Khánh Hòa,(KHO) Tu Bông,Hàng Tồn,2026-09-26 - Thứ 7,172,97.67%,48.26%,83,86,2.33%,50.00%,0,AM Duy
NTB - Khánh Hòa,(KHO) Tu Bông,Hàng Mới Ca 1,2026-09-27 - Chủ Nhật,320,99.69%,87.50%,280,38,0.31%,11.87%,320,AM Duy,,NTB - Khánh Hòa,(KHO) Tu Bông,Hàng Mới Ca 2,2026-09-27 - Chủ Nhật,180,93.89%,74.44%,134,46,6.11%,25.56%,180,AM Duy,,NTB - Khánh Hòa,(KHO) Tu Bông,Hàng Tồn,2026-09-27 - Chủ Nhật,175,97.71%,52.57%,92,75,2.29%,42.86%,0,AM Duy
NTB - Khánh Hòa,(KHO) Tu Bông,Hàng Mới Ca 1,2026-09-28 - Thứ 2,231,99.57%,92.64%,214,17,0.43%,7.36%,231,AM Duy,,NTB - Khánh Hòa,(KHO) Tu Bông,Hàng Mới Ca 2,2026-09-28 - Thứ 2,149,92.62%,75.17%,112,36,7.38%,24.16%,149,AM Duy,,NTB - Khánh Hòa,(KHO) Tu Bông,Hàng Tồn,2026-09-28 - Thứ 2,139,97.12%,50.36%,70,62,2.88%,44.60%,0,AM Duy
NTB - Khánh Hòa,(KHO) Tu Bông,Hàng Mới Ca 1,2026-09-29 - Thứ 3,258,99.22%,87.60%,226,32,0.78%,12.40%,258,AM Duy,,NTB - Khánh Hòa,(KHO) Tu Bông,Hàng Mới Ca 2,2026-09-29 - Thứ 3,158,100.00%,84.81%,134,22,0.00%,13.92%,158,AM Duy,,NTB - Khánh Hòa,(KHO) Tu Bông,Hàng Tồn,2026-09-29 - Thứ 3,105,97.14%,36.19%,38,55,2.86%,52.38%,0,AM Duy
NTB - Khánh Hòa,(KHO) Tu Bông,Hàng Mới Ca 1,2026-09-30 - Thứ 4,282,100.00%,86.17%,243,33,0.00%,11.70%,282,AM Duy,,NTB - Khánh Hòa,(KHO) Tu Bông,Hàng Mới Ca 2,2026-09-30 - Thứ 4,146,94.52%,70.55%,103,40,5.48%,27.40%,146,AM Duy,,NTB - Khánh Hòa,(KHO) Tu Bông,Hàng Tồn,2026-09-30 - Thứ 4,90,95.56%,38.89%,35,44,4.44%,48.89%,0,AM Duy
NTB - Khánh Hòa,(KHO) Tân Định,Hàng Mới Ca 1,2026-09-24 - Thứ 5,288,99.65%,86.81%,250,35,0.35%,12.15%,288,,,NTB - Khánh Hòa,(KHO) Tân Định,Hàng Mới Ca 2,2026-09-24 - Thứ 5,114,75.44%,69.30%,79,35,24.56%,30.70%,114,,,NTB - Khánh Hòa,(KHO) Tân Định,Hàng Tồn,2026-09-24 - Thứ 5,120,99.17%,53.33%,64,43,0.83%,35.84%,0,
NTB - Khánh Hòa,(KHO) Tân Định,Hàng Mới Ca 1,2026-09-25 - Thứ 6,320,99.38%,85.00%,272,46,0.62%,14.37%,320,,,NTB - Khánh Hòa,(KHO) Tân Định,Hàng Mới Ca 2,2026-09-25 - Thứ 6,101,79.21%,61.39%,62,39,20.79%,38.61%,101,,,NTB - Khánh Hòa,(KHO) Tân Định,Hàng Tồn,2026-09-25 - Thứ 6,96,95.83%,47.92%,46,48,4.17%,50.00%,0,
NTB - Khánh Hòa,(KHO) Tân Định,Hàng Mới Ca 1,2026-09-26 - Thứ 7,182,100.00%,84.07%,153,24,0.00%,13.18%,182,,,NTB - Khánh Hòa,(KHO) Tân Định,Hàng Mới Ca 2,2026-09-26 - Thứ 7,161,82.61%,62.11%,100,57,17.39%,35.41%,161,,,NTB - Khánh Hòa,(KHO) Tân Định,Hàng Tồn,2026-09-26 - Thứ 7,122,98.36%,42.62%,52,68,1.64%,55.74%,0,
NTB - Khánh Hòa,(KHO) Tân Định,Hàng Mới Ca 1,2026-09-27 - Chủ Nhật,185,95.14%,79.46%,147,32,4.86%,17.30%,185,,,NTB - Khánh Hòa,(KHO) Tân Định,Hàng Mới Ca 2,2026-09-27 - Chủ Nhật,80,82.50%,73.75%,59,21,17.50%,26.25%,80,,,NTB - Khánh Hòa,(KHO) Tân Định,Hàng Tồn,2026-09-27 - Chủ Nhật,129,93.80%,41.86%,54,64,6.20%,49.61%,0,
NTB - Khánh Hòa,(KHO) Tân Định,Hàng Mới Ca 1,2026-09-28 - Thứ 2,223,98.21%,86.55%,193,27,1.79%,12.10%,223,,,NTB - Khánh Hòa,(KHO) Tân Định,Hàng Mới Ca 2,2026-09-28 - Thứ 2,100,82.00%,58.00%,58,42,18.00%,42.00%,100,,,NTB - Khánh Hòa,(KHO) Tân Định,Hàng Tồn,2026-09-28 - Thứ 2,114,89.47%,42.98%,49,56,10.53%,49.13%,0,
NTB - Khánh Hòa,(KHO) Tân Định,Hàng Mới Ca 1,2026-09-29 - Thứ 3,190,99.47%,80.53%,153,30,0.53%,15.79%,190,,,NTB - Khánh Hòa,(KHO) Tân Định,Hàng Mới Ca 2,2026-09-29 - Thứ 3,92,89.13%,66.30%,61,30,10.87%,32.61%,92,,,NTB - Khánh Hòa,(KHO) Tân Định,Hàng Tồn,2026-09-29 - Thứ 3,105,99.05%,56.19%,59,40,0.95%,38.10%,0,
NTB - Khánh Hòa,(KHO) Tân Định,Hàng Mới Ca 1,2026-09-30 - Thứ 4,273,93.41%,80.22%,219,51,6.59%,18.68%,273,,,NTB - Khánh Hòa,(KHO) Tân Định,Hàng Mới Ca 2,2026-09-30 - Thứ 4,95,90.53%,71.58%,68,26,9.47%,27.37%,95,,,NTB - Khánh Hòa,(KHO) Tân Định,Hàng Tồn,2026-09-30 - Thứ 4,94,96.81%,38.30%,36,51,3.19%,54.25%,0,
NTB - Khánh Hòa,(KHO) Tây Nha Trang,Hàng Mới Ca 1,2026-09-24 - Thứ 5,492,88.62%,67.28%,331,157,11.38%,31.91%,492,AM Duy,,NTB - Khánh Hòa,(KHO) Tây Nha Trang,Hàng Mới Ca 2,2026-09-24 - Thứ 5,233,67.38%,53.65%,125,107,32.62%,45.92%,233,AM Duy,,NTB - Khánh Hòa,(KHO) Tây Nha Trang,Hàng Tồn,2026-09-24 - Thứ 5,587,98.64%,50.26%,295,265,1.36%,45.14%,0,AM Duy
NTB - Khánh Hòa,(KHO) Tây Nha Trang,Hàng Mới Ca 1,2026-09-25 - Thứ 6,627,90.91%,66.67%,418,207,9.09%,33.01%,627,AM Duy,,NTB - Khánh Hòa,(KHO) Tây Nha Trang,Hàng Mới Ca 2,2026-09-25 - Thứ 6,174,60.34%,33.33%,58,116,39.66%,66.67%,174,AM Duy,,NTB - Khánh Hòa,(KHO) Tây Nha Trang,Hàng Tồn,2026-09-25 - Thứ 6,419,98.81%,48.45%,203,187,1.19%,44.63%,0,AM Duy
NTB - Khánh Hòa,(KHO) Tây Nha Trang,Hàng Mới Ca 1,2026-09-26 - Thứ 7,374,92.78%,68.18%,255,112,7.22%,29.95%,374,AM Duy,,NTB - Khánh Hòa,(KHO) Tây Nha Trang,Hàng Mới Ca 2,2026-09-26 - Thứ 7,247,45.75%,28.74%,71,176,54.25%,71.26%,247,AM Duy,,NTB - Khánh Hòa,(KHO) Tây Nha Trang,Hàng Tồn,2026-09-26 - Thứ 7,437,96.57%,40.96%,179,240,3.43%,54.92%,0,AM Duy
NTB - Khánh Hòa,(KHO) Tây Nha Trang,Hàng Mới Ca 1,2026-09-27 - Chủ Nhật,376,88.83%,62.23%,234,139,11.17%,36.97%,376,AM Duy,,NTB - Khánh Hòa,(KHO) Tây Nha Trang,Hàng Mới Ca 2,2026-09-27 - Chủ Nhật,192,42.19%,26.56%,51,141,57.81%,73.44%,192,AM Duy,,NTB - Khánh Hòa,(KHO) Tây Nha Trang,Hàng Tồn,2026-09-27 - Chủ Nhật,459,89.76%,33.12%,152,299,10.24%,65.14%,0,AM Duy
NTB - Khánh Hòa,(KHO) Tây Nha Trang,Hàng Mới Ca 1,2026-09-28 - Thứ 2,272,93.38%,66.18%,180,91,6.62%,33.45%,272,AM Duy,,NTB - Khánh Hòa,(KHO) Tây Nha Trang,Hàng Mới Ca 2,2026-09-28 - Thứ 2,132,44.70%,32.58%,43,89,55.30%,67.42%,132,AM Duy,,NTB - Khánh Hòa,(KHO) Tây Nha Trang,Hàng Tồn,2026-09-28 - Thứ 2,508,98.03%,48.23%,245,224,1.97%,44.09%,0,AM Duy
NTB - Khánh Hòa,(KHO) Tây Nha Trang,Hàng Mới Ca 1,2026-09-29 - Thứ 3,262,90.08%,55.73%,146,115,9.92%,43.89%,262,AM Duy,,NTB - Khánh Hòa,(KHO) Tây Nha Trang,Hàng Mới Ca 2,2026-09-29 - Thứ 3,146,46.58%,28.77%,42,104,53.42%,71.23%,146,AM Duy,,NTB - Khánh Hòa,(KHO) Tây Nha Trang,Hàng Tồn,2026-09-29 - Thứ 3,357,87.68%,29.41%,105,219,12.32%,61.35%,0,AM Duy
NTB - Khánh Hòa,(KHO) Tây Nha Trang,Hàng Mới Ca 1,2026-09-30 - Thứ 4,318,97.17%,63.84%,203,114,2.83%,35.85%,318,AM Duy,,NTB - Khánh Hòa,(KHO) Tây Nha Trang,Hàng Mới Ca 2,2026-09-30 - Thứ 4,60,60.00%,45.00%,27,33,40.00%,55.00%,60,AM Duy,,NTB - Khánh Hòa,(KHO) Tây Nha Trang,Hàng Tồn,2026-09-30 - Thứ 4,397,97.73%,45.09%,179,198,2.27%,49.87%,0,AM Duy
NTB - Khánh Hòa,(KHO) Vạn Ninh,Hàng Mới Ca 1,2026-09-24 - Thứ 5,345,99.13%,82.03%,283,56,0.87%,16.23%,345,AM Duy,,NTB - Khánh Hòa,(KHO) Vạn Ninh,Hàng Mới Ca 2,2026-09-24 - Thứ 5,168,97.02%,73.21%,123,43,2.98%,25.60%,168,AM Duy,,NTB - Khánh Hòa,(KHO) Vạn Ninh,Hàng Tồn,2026-09-24 - Thứ 5,164,97.56%,48.17%,79,76,2.44%,46.34%,0,AM Duy
NTB - Khánh Hòa,(KHO) Vạn Ninh,Hàng Mới Ca 1,2026-09-25 - Thứ 6,451,99.78%,76.94%,347,97,0.22%,21.51%,451,AM Duy,,NTB - Khánh Hòa,(KHO) Vạn Ninh,Hàng Mới Ca 2,2026-09-25 - Thứ 6,210,83.33%,63.33%,133,72,16.67%,34.29%,210,AM Duy,,NTB - Khánh Hòa,(KHO) Vạn Ninh,Hàng Tồn,2026-09-25 - Thứ 6,159,97.48%,36.48%,58,84,2.52%,52.83%,0,AM Duy
NTB - Khánh Hòa,(KHO) Vạn Ninh,Hàng Mới Ca 1,2026-09-26 - Thứ 7,259,96.91%,77.61%,201,55,3.09%,21.23%,259,AM Duy,,NTB - Khánh Hòa,(KHO) Vạn Ninh,Hàng Mới Ca 2,2026-09-26 - Thứ 7,228,87.28%,57.02%,130,96,12.72%,42.10%,228,AM Duy,,NTB - Khánh Hòa,(KHO) Vạn Ninh,Hàng Tồn,2026-09-26 - Thứ 7,239,97.91%,48.12%,115,116,2.09%,48.53%,0,AM Duy
NTB - Khánh Hòa,(KHO) Vạn Ninh,Hàng Mới Ca 1,2026-09-27 - Chủ Nhật,243,100.00%,82.30%,200,40,0.00%,16.47%,243,AM Duy,,NTB - Khánh Hòa,(KHO) Vạn Ninh,Hàng Mới Ca 2,2026-09-27 - Chủ Nhật,195,97.44%,69.23%,135,58,2.56%,29.74%,195,AM Duy,,NTB - Khánh Hòa,(KHO) Vạn Ninh,Hàng Tồn,2026-09-27 - Chủ Nhật,249,94.38%,46.99%,117,111,5.62%,44.58%,0,AM Duy
NTB - Khánh Hòa,(KHO) Vạn Ninh,Hàng Mới Ca 1,2026-09-28 - Thứ 2,219,95.43%,80.82%,177,39,4.57%,17.81%,219,AM Duy,,NTB - Khánh Hòa,(KHO) Vạn Ninh,Hàng Mới Ca 2,2026-09-28 - Thứ 2,87,85.06%,55.17%,48,38,14.94%,43.68%,87,AM Duy,,NTB - Khánh Hòa,(KHO) Vạn Ninh,Hàng Tồn,2026-09-28 - Thứ 2,185,96.22%,40.54%,75,92,3.78%,49.73%,0,AM Duy
NTB - Khánh Hòa,(KHO) Vạn Ninh,Hàng Mới Ca 1,2026-09-29 - Thứ 3,315,96.83%,73.97%,233,78,3.17%,24.76%,315,AM Duy,,NTB - Khánh Hòa,(KHO) Vạn Ninh,Hàng Mới Ca 2,2026-09-29 - Thứ 3,196,80.61%,63.78%,125,67,19.39%,34.18%,196,AM Duy,,NTB - Khánh Hòa,(KHO) Vạn Ninh,Hàng Tồn,2026-09-29 - Thứ 3,158,89.24%,33.54%,53,86,10.76%,54.43%,0,AM Duy
NTB - Khánh Hòa,(KHO) Vạn Ninh,Hàng Mới Ca 1,2026-09-30 - Thứ 4,344,99.42%,79.36%,273,67,0.58%,19.48%,344,AM Duy,,NTB - Khánh Hòa,(KHO) Vạn Ninh,Hàng Mới Ca 2,2026-09-30 - Thứ 4,113,79.65%,66.37%,75,38,20.35%,33.63%,113,AM Duy,,NTB - Khánh Hòa,(KHO) Vạn Ninh,Hàng Tồn,2026-09-30 - Thứ 4,178,97.19%,47.75%,85,80,2.81%,44.95%,0,AM Duy
NTB - Khánh Hòa,(KHO) Đông Ninh Hòa,Hàng Mới Ca 1,2026-09-24 - Thứ 5,472,96.82%,73.52%,347,121,3.18%,25.63%,472,AM Duy,,NTB - Khánh Hòa,(KHO) Đông Ninh Hòa,Hàng Mới Ca 2,2026-09-24 - Thứ 5,202,73.27%,63.37%,128,71,26.73%,35.14%,202,AM Duy,,NTB - Khánh Hòa,(KHO) Đông Ninh Hòa,Hàng Tồn,2026-09-24 - Thứ 5,258,91.47%,40.70%,105,139,8.53%,53.87%,0,AM Duy
NTB - Khánh Hòa,(KHO) Đông Ninh Hòa,Hàng Mới Ca 1,2026-09-25 - Thứ 6,448,98.66%,75.45%,338,106,1.34%,23.66%,448,AM Duy,,NTB - Khánh Hòa,(KHO) Đông Ninh Hòa,Hàng Mới Ca 2,2026-09-25 - Thứ 6,186,68.28%,56.45%,105,78,31.72%,41.94%,186,AM Duy,,NTB - Khánh Hòa,(KHO) Đông Ninh Hòa,Hàng Tồn,2026-09-25 - Thứ 6,310,97.74%,39.35%,122,164,2.26%,52.91%,0,AM Duy
NTB - Khánh Hòa,(KHO) Đông Ninh Hòa,Hàng Mới Ca 1,2026-09-26 - Thứ 7,277,99.64%,74.73%,207,65,0.36%,23.46%,277,AM Duy,,NTB - Khánh Hòa,(KHO) Đông Ninh Hòa,Hàng Mới Ca 2,2026-09-26 - Thứ 7,310,62.58%,49.35%,153,155,37.42%,50.00%,310,AM Duy,,NTB - Khánh Hòa,(KHO) Đông Ninh Hòa,Hàng Tồn,2026-09-26 - Thứ 7,314,98.09%,38.54%,121,163,1.91%,51.91%,0,AM Duy
NTB - Khánh Hòa,(KHO) Đông Ninh Hòa,Hàng Mới Ca 1,2026-09-27 - Chủ Nhật,306,98.04%,76.14%,233,71,1.96%,23.21%,306,AM Duy,,NTB - Khánh Hòa,(KHO) Đông Ninh Hòa,Hàng Mới Ca 2,2026-09-27 - Chủ Nhật,229,66.38%,53.71%,123,106,33.62%,46.29%,229,AM Duy,,NTB - Khánh Hòa,(KHO) Đông Ninh Hòa,Hàng Tồn,2026-09-27 - Chủ Nhật,347,94.52%,57.93%,201,133,5.48%,38.32%,0,AM Duy
NTB - Khánh Hòa,(KHO) Đông Ninh Hòa,Hàng Mới Ca 1,2026-09-28 - Thứ 2,305,99.02%,75.41%,230,75,0.98%,24.59%,305,AM Duy,,NTB - Khánh Hòa,(KHO) Đông Ninh Hòa,Hàng Mới Ca 2,2026-09-28 - Thứ 2,159,71.70%,51.57%,82,75,28.30%,47.17%,159,AM Duy,,NTB - Khánh Hòa,(KHO) Đông Ninh Hòa,Hàng Tồn,2026-09-28 - Thứ 2,290,95.86%,46.21%,134,141,4.14%,48.62%,0,AM Duy
NTB - Khánh Hòa,(KHO) Đông Ninh Hòa,Hàng Mới Ca 1,2026-09-29 - Thứ 3,277,99.28%,71.12%,197,80,0.72%,28.88%,277,AM Duy,,NTB - Khánh Hòa,(KHO) Đông Ninh Hòa,Hàng Mới Ca 2,2026-09-29 - Thứ 3,171,79.53%,56.73%,97,72,20.47%,42.10%,171,AM Duy,,NTB - Khánh Hòa,(KHO) Đông Ninh Hòa,Hàng Tồn,2026-09-29 - Thứ 3,259,98.07%,41.31%,107,138,1.93%,53.28%,0,AM Duy
NTB - Khánh Hòa,(KHO) Đông Ninh Hòa,Hàng Mới Ca 1,2026-09-30 - Thứ 4,382,98.95%,74.08%,283,95,1.05%,24.87%,382,AM Duy,,NTB - Khánh Hòa,(KHO) Đông Ninh Hòa,Hàng Mới Ca 2,2026-09-30 - Thứ 4,147,61.90%,42.18%,62,85,38.10%,57.82%,147,AM Duy,,NTB - Khánh Hòa,(KHO) Đông Ninh Hòa,Hàng Tồn,2026-09-30 - Thứ 4,267,98.88%,35.96%,96,156,1.12%,58.42%,0,AM Duy
NTB - Lâm Đồng,(LDO) 1 Bảo Lộc,Hàng Mới Ca 1,2026-09-24 - Thứ 5,310,99.35%,89.68%,278,30,0.65%,9.67%,310,AM Nga,,NTB - Lâm Đồng,(LDO) 1 Bảo Lộc,Hàng Mới Ca 2,2026-09-24 - Thứ 5,328,64.33%,56.40%,185,141,35.67%,42.99%,328,AM Nga,,NTB - Lâm Đồng,(LDO) 1 Bảo Lộc,Hàng Tồn,2026-09-24 - Thứ 5,243,95.88%,59.26%,144,90,4.12%,37.04%,0,AM Nga
NTB - Lâm Đồng,(LDO) 1 Bảo Lộc,Hàng Mới Ca 1,2026-09-25 - Thứ 6,552,99.28%,85.69%,473,75,0.72%,13.59%,552,AM Nga,,NTB - Lâm Đồng,(LDO) 1 Bảo Lộc,Hàng Mới Ca 2,2026-09-25 - Thứ 6,143,98.60%,67.83%,97,44,1.40%,30.77%,143,AM Nga,,NTB - Lâm Đồng,(LDO) 1 Bảo Lộc,Hàng Tồn,2026-09-25 - Thứ 6,242,97.93%,55.79%,135,95,2.07%,39.25%,0,AM Nga
NTB - Lâm Đồng,(LDO) 1 Bảo Lộc,Hàng Mới Ca 1,2026-09-26 - Thứ 7,801,98.63%,78.03%,625,170,1.37%,21.22%,801,AM Nga,,NTB - Lâm Đồng,(LDO) 1 Bảo Lộc,Hàng Mới Ca 2,2026-09-26 - Thứ 7,271,11.44%,10.33%,28,243,88.56%,89.67%,271,AM Nga,,NTB - Lâm Đồng,(LDO) 1 Bảo Lộc,Hàng Tồn,2026-09-26 - Thứ 7,197,94.92%,44.16%,87,98,5.08%,49.75%,0,AM Nga
NTB - Lâm Đồng,(LDO) 1 Bảo Lộc,Hàng Mới Ca 1,2026-09-27 - Chủ Nhật,274,99.27%,83.58%,229,44,0.73%,16.06%,274,AM Nga,,NTB - Lâm Đồng,(LDO) 1 Bảo Lộc,Hàng Mới Ca 2,2026-09-27 - Chủ Nhật,271,52.40%,38.38%,104,165,47.60%,60.88%,271,AM Nga,,NTB - Lâm Đồng,(LDO) 1 Bảo Lộc,Hàng Tồn,2026-09-27 - Chủ Nhật,474,97.26%,60.97%,289,168,2.74%,35.44%,0,AM Nga
NTB - Lâm Đồng,(LDO) 1 Bảo Lộc,Hàng Mới Ca 1,2026-09-28 - Thứ 2,267,99.63%,82.02%,219,46,0.37%,17.23%,267,AM Nga,,NTB - Lâm Đồng,(LDO) 1 Bảo Lộc,Hàng Mới Ca 2,2026-09-28 - Thứ 2,234,42.31%,30.77%,72,161,57.69%,68.80%,234,AM Nga,,NTB - Lâm Đồng,(LDO) 1 Bảo Lộc,Hàng Tồn,2026-09-28 - Thứ 2,360,96.94%,60.28%,217,126,3.06%,35.00%,0,AM Nga
NTB - Lâm Đồng,(LDO) 1 Bảo Lộc,Hàng Mới Ca 1,2026-09-29 - Thứ 3,272,100.00%,81.25%,221,51,0.00%,18.75%,272,AM Nga,,NTB - Lâm Đồng,(LDO) 1 Bảo Lộc,Hàng Mới Ca 2,2026-09-29 - Thứ 3,232,41.38%,31.03%,72,158,58.62%,68.11%,232,AM Nga,,NTB - Lâm Đồng,(LDO) 1 Bảo Lộc,Hàng Tồn,2026-09-29 - Thứ 3,318,95.28%,58.49%,186,117,4.72%,36.79%,0,AM Nga
NTB - Lâm Đồng,(LDO) 1 Bảo Lộc,Hàng Mới Ca 1,2026-09-30 - Thứ 4,261,99.62%,88.51%,231,29,0.38%,11.11%,261,AM Nga,,NTB - Lâm Đồng,(LDO) 1 Bảo Lộc,Hàng Mới Ca 2,2026-09-30 - Thứ 4,357,47.34%,41.18%,147,208,52.66%,58.26%,357,AM Nga,,NTB - Lâm Đồng,(LDO) 1 Bảo Lộc,Hàng Tồn,2026-09-30 - Thứ 4,295,97.29%,69.49%,205,77,2.71%,26.10%,0,AM Nga
NTB - Lâm Đồng,(LDO) 3 Bảo Lộc,Hàng Mới Ca 1,2026-09-24 - Thứ 5,394,100.00%,89.85%,354,35,0.00%,8.88%,394,AM Vũ,,NTB - Lâm Đồng,(LDO) 3 Bảo Lộc,Hàng Mới Ca 2,2026-09-24 - Thứ 5,392,63.01%,54.08%,212,175,36.99%,44.64%,392,AM Vũ,,NTB - Lâm Đồng,(LDO) 3 Bảo Lộc,Hàng Tồn,2026-09-24 - Thứ 5,140,94.29%,43.57%,61,74,5.71%,52.86%,0,AM Vũ
NTB - Lâm Đồng,(LDO) 3 Bảo Lộc,Hàng Mới Ca 1,2026-09-25 - Thứ 6,564,99.29%,86.70%,489,64,0.71%,11.35%,564,AM Vũ,,NTB - Lâm Đồng,(LDO) 3 Bảo Lộc,Hàng Mới Ca 2,2026-09-25 - Thứ 6,127,96.85%,77.95%,99,25,3.15%,19.69%,127,AM Vũ,,NTB - Lâm Đồng,(LDO) 3 Bảo Lộc,Hàng Tồn,2026-09-25 - Thứ 6,250,96.00%,60.00%,150,91,4.00%,36.40%,0,AM Vũ
NTB - Lâm Đồng,(LDO) 3 Bảo Lộc,Hàng Mới Ca 1,2026-09-26 - Thứ 7,759,97.89%,86.69%,658,91,2.11%,11.99%,759,AM Vũ,,NTB - Lâm Đồng,(LDO) 3 Bảo Lộc,Hàng Mới Ca 2,2026-09-26 - Thứ 7,328,53.96%,48.78%,160,168,46.04%,51.22%,328,AM Vũ,,NTB - Lâm Đồng,(LDO) 3 Bảo Lộc,Hàng Tồn,2026-09-26 - Thứ 7,154,94.16%,28.57%,44,98,5.84%,63.64%,0,AM Vũ
NTB - Lâm Đồng,(LDO) 3 Bảo Lộc,Hàng Mới Ca 1,2026-09-27 - Chủ Nhật,214,99.53%,90.19%,193,20,0.47%,9.34%,214,AM Vũ,,NTB - Lâm Đồng,(LDO) 3 Bảo Lộc,Hàng Mới Ca 2,2026-09-27 - Chủ Nhật,391,72.63%,60.10%,235,154,27.37%,39.39%,391,AM Vũ,,NTB - Lâm Đồng,(LDO) 3 Bảo Lộc,Hàng Tồn,2026-09-27 - Chủ Nhật,321,97.51%,56.70%,182,118,2.49%,36.76%,0,AM Vũ
NTB - Lâm Đồng,(LDO) 3 Bảo Lộc,Hàng Mới Ca 1,2026-09-28 - Thứ 2,279,98.57%,89.25%,249,27,1.43%,9.67%,279,AM Vũ,,NTB - Lâm Đồng,(LDO) 3 Bảo Lộc,Hàng Mới Ca 2,2026-09-28 - Thứ 2,262,80.53%,69.47%,182,78,19.47%,29.77%,262,AM Vũ,,NTB - Lâm Đồng,(LDO) 3 Bảo Lộc,Hàng Tồn,2026-09-28 - Thứ 2,271,96.31%,57.56%,156,103,3.69%,38.01%,0,AM Vũ
NTB - Lâm Đồng,(LDO) 3 Bảo Lộc,Hàng Mới Ca 1,2026-09-29 - Thứ 3,320,100.00%,87.50%,280,37,0.00%,11.56%,320,AM Vũ,,NTB - Lâm Đồng,(LDO) 3 Bảo Lộc,Hàng Mới Ca 2,2026-09-29 - Thứ 3,277,80.87%,69.31%,192,83,19.13%,29.97%,277,AM Vũ,,NTB - Lâm Đồng,(LDO) 3 Bảo Lộc,Hàng Tồn,2026-09-29 - Thứ 3,183,95.63%,46.99%,86,83,4.37%,45.36%,0,AM Vũ
NTB - Lâm Đồng,(LDO) 3 Bảo Lộc,Hàng Mới Ca 1,2026-09-30 - Thứ 4,265,100.00%,88.30%,234,29,0.00%,10.95%,265,AM Vũ,,NTB - Lâm Đồng,(LDO) 3 Bảo Lộc,Hàng Mới Ca 2,2026-09-30 - Thứ 4,375,77.33%,64.53%,242,132,22.67%,35.20%,375,AM Vũ,,NTB - Lâm Đồng,(LDO) 3 Bảo Lộc,Hàng Tồn,2026-09-30 - Thứ 4,181,96.13%,46.41%,84,78,3.87%,43.09%,0,AM Vũ
NTB - Lâm Đồng,(LDO) B'Lao,Hàng Mới Ca 1,2026-09-24 - Thứ 5,397,99.50%,90.43%,359,36,0.50%,9.07%,397,AM Nga,,NTB - Lâm Đồng,(LDO) B'Lao,Hàng Mới Ca 2,2026-09-24 - Thứ 5,551,66.97%,58.80%,324,219,33.03%,39.75%,551,AM Nga,,NTB - Lâm Đồng,(LDO) B'Lao,Hàng Tồn,2026-09-24 - Thứ 5,191,95.29%,50.79%,97,81,4.71%,42.40%,0,AM Nga
NTB - Lâm Đồng,(LDO) B'Lao,Hàng Mới Ca 1,2026-09-25 - Thứ 6,679,98.38%,87.63%,595,66,1.62%,9.72%,679,AM Nga,,NTB - Lâm Đồng,(LDO) B'Lao,Hàng Mới Ca 2,2026-09-25 - Thứ 6,2,100.00%,100.00%,2,0,0.00%,0.00%,2,AM Nga,,NTB - Lâm Đồng,(LDO) B'Lao,Hàng Tồn,2026-09-25 - Thứ 6,312,94.23%,63.46%,198,105,5.77%,33.66%,0,AM Nga
NTB - Lâm Đồng,(LDO) B'Lao,Hàng Mới Ca 1,2026-09-26 - Thứ 7,827,93.83%,83.31%,689,129,6.17%,15.60%,827,AM Nga,,NTB - Lâm Đồng,(LDO) B'Lao,Hàng Mới Ca 2,2026-09-26 - Thứ 7,510,59.22%,54.51%,278,230,40.78%,45.10%,510,AM Nga,,NTB - Lâm Đồng,(LDO) B'Lao,Hàng Tồn,2026-09-26 - Thứ 7,149,94.63%,30.20%,45,85,5.37%,57.05%,0,AM Nga
NTB - Lâm Đồng,(LDO) B'Lao,Hàng Mới Ca 1,2026-09-27 - Chủ Nhật,240,99.17%,85.83%,206,33,0.83%,13.75%,240,AM Nga,,NTB - Lâm Đồng,(LDO) B'Lao,Hàng Mới Ca 2,2026-09-27 - Chủ Nhật,423,56.26%,47.99%,203,219,43.74%,51.77%,423,AM Nga,,NTB - Lâm Đồng,(LDO) B'Lao,Hàng Tồn,2026-09-27 - Chủ Nhật,362,96.13%,51.66%,187,167,3.87%,46.13%,0,AM Nga
NTB - Lâm Đồng,(LDO) B'Lao,Hàng Mới Ca 1,2026-09-28 - Thứ 2,307,100.00%,88.93%,273,32,0.00%,10.42%,307,AM Nga,,NTB - Lâm Đồng,(LDO) B'Lao,Hàng Mới Ca 2,2026-09-28 - Thứ 2,251,60.56%,51.39%,129,122,39.44%,48.61%,251,AM Nga,,NTB - Lâm Đồng,(LDO) B'Lao,Hàng Tồn,2026-09-28 - Thứ 2,399,97.49%,62.91%,251,128,2.51%,32.08%,0,AM Nga
NTB - Lâm Đồng,(LDO) B'Lao,Hàng Mới Ca 1,2026-09-29 - Thứ 3,380,98.42%,86.58%,329,49,1.58%,12.89%,380,AM Nga,,NTB - Lâm Đồng,(LDO) B'Lao,Hàng Mới Ca 2,2026-09-29 - Thứ 3,334,59.28%,52.10%,174,158,40.72%,47.30%,334,AM Nga,,NTB - Lâm Đồng,(LDO) B'Lao,Hàng Tồn,2026-09-29 - Thứ 3,249,96.39%,48.19%,120,110,3.61%,44.18%,0,AM Nga
NTB - Lâm Đồng,(LDO) B'Lao,Hàng Mới Ca 1,2026-09-30 - Thứ 4,276,99.64%,88.41%,244,22,0.36%,7.97%,276,AM Nga,,NTB - Lâm Đồng,(LDO) B'Lao,Hàng Mới Ca 2,2026-09-30 - Thứ 4,492,64.84%,54.88%,270,219,35.16%,44.51%,492,AM Nga,,NTB - Lâm Đồng,(LDO) B'Lao,Hàng Tồn,2026-09-30 - Thứ 4,284,95.42%,52.82%,150,122,4.58%,42.95%,0,AM Nga
NTB - Lâm Đồng,(LDO) Bảo Lâm 1,Hàng Mới Ca 1,2026-09-24 - Thứ 5,196,82.14%,73.47%,144,51,17.86%,26.02%,196,AM Nga,,NTB - Lâm Đồng,(LDO) Bảo Lâm 1,Hàng Mới Ca 2,2026-09-24 - Thứ 5,112,64.29%,58.04%,65,46,35.71%,41.07%,112,AM Nga,,NTB - Lâm Đồng,(LDO) Bảo Lâm 1,Hàng Tồn,2026-09-24 - Thứ 5,220,31.82%,11.82%,26,185,68.18%,84.09%,0,AM Nga
NTB - Lâm Đồng,(LDO) Bảo Lâm 1,Hàng Mới Ca 1,2026-09-25 - Thứ 6,251,85.26%,77.69%,195,55,14.74%,21.91%,251,AM Nga,,NTB - Lâm Đồng,(LDO) Bảo Lâm 1,Hàng Mới Ca 2,2026-09-25 - Thứ 6,260,29.62%,26.15%,68,191,70.38%,73.47%,260,AM Nga,,NTB - Lâm Đồng,(LDO) Bảo Lâm 1,Hàng Tồn,2026-09-25 - Thứ 6,263,64.26%,43.35%,114,145,35.74%,55.13%,0,AM Nga
NTB - Lâm Đồng,(LDO) Bảo Lâm 1,Hàng Mới Ca 1,2026-09-26 - Thứ 7,605,95.70%,73.39%,444,156,4.30%,25.78%,605,AM Nga,,NTB - Lâm Đồng,(LDO) Bảo Lâm 1,Hàng Mới Ca 2,2026-09-26 - Thứ 7,0,0.00%,0.00%,0,0,0.00%,0.00%,0,AM Nga,,NTB - Lâm Đồng,(LDO) Bảo Lâm 1,Hàng Tồn,2026-09-26 - Thứ 7,389,96.66%,57.07%,222,159,3.34%,40.87%,0,AM Nga
NTB - Lâm Đồng,(LDO) Bảo Lâm 1,Hàng Mới Ca 1,2026-09-27 - Chủ Nhật,97,98.97%,85.57%,83,12,1.03%,12.37%,97,AM Nga,,NTB - Lâm Đồng,(LDO) Bảo Lâm 1,Hàng Mới Ca 2,2026-09-27 - Chủ Nhật,274,63.50%,55.84%,153,119,36.50%,43.43%,274,AM Nga,,NTB - Lâm Đồng,(LDO) Bảo Lâm 1,Hàng Tồn,2026-09-27 - Chủ Nhật,283,73.85%,37.46%,106,167,26.15%,59.01%,0,AM Nga
NTB - Lâm Đồng,(LDO) Bảo Lâm 1,Hàng Mới Ca 1,2026-09-28 - Thứ 2,126,97.62%,87.30%,110,16,2.38%,12.70%,126,AM Nga,,NTB - Lâm Đồng,(LDO) Bảo Lâm 1,Hàng Mới Ca 2,2026-09-28 - Thứ 2,212,84.91%,76.42%,162,48,15.09%,22.64%,212,AM Nga,,NTB - Lâm Đồng,(LDO) Bảo Lâm 1,Hàng Tồn,2026-09-28 - Thứ 2,312,90.71%,50.96%,159,132,9.29%,42.31%,0,AM Nga
NTB - Lâm Đồng,(LDO) Bảo Lâm 1,Hàng Mới Ca 1,2026-09-29 - Thứ 3,142,96.48%,83.10%,118,22,3.52%,15.49%,142,AM Nga,,NTB - Lâm Đồng,(LDO) Bảo Lâm 1,Hàng Mới Ca 2,2026-09-29 - Thứ 3,144,78.47%,63.19%,91,52,21.53%,36.12%,144,AM Nga,,NTB - Lâm Đồng,(LDO) Bảo Lâm 1,Hàng Tồn,2026-09-29 - Thứ 3,165,82.42%,33.94%,56,95,17.58%,57.58%,0,AM Nga
NTB - Lâm Đồng,(LDO) Bảo Lâm 1,Hàng Mới Ca 1,2026-09-30 - Thứ 4,168,98.81%,91.67%,154,12,1.19%,7.14%,168,AM Nga,,NTB - Lâm Đồng,(LDO) Bảo Lâm 1,Hàng Mới Ca 2,2026-09-30 - Thứ 4,173,91.91%,80.35%,139,33,8.09%,19.07%,173,AM Nga,,NTB - Lâm Đồng,(LDO) Bảo Lâm 1,Hàng Tồn,2026-09-30 - Thứ 4,164,89.02%,43.29%,71,72,10.98%,43.91%,0,AM Nga
NTB - Lâm Đồng,(LDO) Bảo Lâm 3,Hàng Mới Ca 1,2026-09-24 - Thứ 5,180,100.00%,88.89%,160,14,0.00%,7.78%,180,AM Nga,,NTB - Lâm Đồng,(LDO) Bảo Lâm 3,Hàng Mới Ca 2,2026-09-24 - Thứ 5,86,93.02%,84.88%,73,13,6.98%,15.12%,86,AM Nga,,NTB - Lâm Đồng,(LDO) Bảo Lâm 3,Hàng Tồn,2026-09-24 - Thứ 5,89,93.26%,33.71%,30,45,6.74%,50.56%,0,AM Nga
NTB - Lâm Đồng,(LDO) Bảo Lâm 3,Hàng Mới Ca 1,2026-09-25 - Thứ 6,145,100.00%,85.52%,124,13,0.00%,8.96%,145,AM Nga,,NTB - Lâm Đồng,(LDO) Bảo Lâm 3,Hàng Mới Ca 2,2026-09-25 - Thứ 6,196,95.92%,70.41%,138,57,4.08%,29.08%,196,AM Nga,,NTB - Lâm Đồng,(LDO) Bảo Lâm 3,Hàng Tồn,2026-09-25 - Thứ 6,53,86.79%,18.87%,10,35,13.21%,66.04%,0,AM Nga
NTB - Lâm Đồng,(LDO) Bảo Lâm 3,Hàng Mới Ca 1,2026-09-26 - Thứ 7,521,98.46%,78.69%,410,104,1.54%,19.97%,521,AM Nga,,NTB - Lâm Đồng,(LDO) Bảo Lâm 3,Hàng Mới Ca 2,2026-09-26 - Thứ 7,5,0.00%,0.00%,0,5,100.00%,100.00%,5,AM Nga,,NTB - Lâm Đồng,(LDO) Bảo Lâm 3,Hàng Tồn,2026-09-26 - Thứ 7,93,93.55%,35.48%,33,55,6.45%,59.14%,0,AM Nga
NTB - Lâm Đồng,(LDO) Bảo Lâm 3,Hàng Mới Ca 1,2026-09-27 - Chủ Nhật,86,100.00%,89.53%,77,9,0.00%,10.47%,86,AM Nga,,NTB - Lâm Đồng,(LDO) Bảo Lâm 3,Hàng Mới Ca 2,2026-09-27 - Chủ Nhật,187,85.56%,73.26%,137,50,14.44%,26.74%,187,AM Nga,,NTB - Lâm Đồng,(LDO) Bảo Lâm 3,Hàng Tồn,2026-09-27 - Chủ Nhật,144,68.75%,36.81%,53,82,31.25%,56.94%,0,AM Nga
NTB - Lâm Đồng,(LDO) Bảo Lâm 3,Hàng Mới Ca 1,2026-09-28 - Thứ 2,245,97.55%,81.22%,199,44,2.45%,17.96%,245,AM Nga,,NTB - Lâm Đồng,(LDO) Bảo Lâm 3,Hàng Mới Ca 2,2026-09-28 - Thứ 2,28,96.43%,85.71%,24,4,3.57%,14.29%,28,AM Nga,,NTB - Lâm Đồng,(LDO) Bảo Lâm 3,Hàng Tồn,2026-09-28 - Thứ 2,132,92.42%,37.88%,50,65,7.58%,49.24%,0,AM Nga
NTB - Lâm Đồng,(LDO) Bảo Lâm 3,Hàng Mới Ca 1,2026-09-29 - Thứ 3,115,100.00%,85.22%,98,15,0.00%,13.04%,115,AM Nga,,NTB - Lâm Đồng,(LDO) Bảo Lâm 3,Hàng Mới Ca 2,2026-09-29 - Thứ 3,80,91.25%,72.50%,58,21,8.75%,26.25%,80,AM Nga,,NTB - Lâm Đồng,(LDO) Bảo Lâm 3,Hàng Tồn,2026-09-29 - Thứ 3,95,91.58%,40.00%,38,42,8.42%,44.21%,0,AM Nga
NTB - Lâm Đồng,(LDO) Bảo Lâm 3,Hàng Mới Ca 1,2026-09-30 - Thứ 4,149,100.00%,93.29%,139,10,0.00%,6.71%,149,AM Nga,,NTB - Lâm Đồng,(LDO) Bảo Lâm 3,Hàng Mới Ca 2,2026-09-30 - Thứ 4,135,95.56%,84.44%,114,20,4.44%,14.82%,135,AM Nga,,NTB - Lâm Đồng,(LDO) Bảo Lâm 3,Hàng Tồn,2026-09-30 - Thứ 4,66,95.45%,25.76%,17,36,4.55%,54.54%,0,AM Nga
NTB - Lâm Đồng,(LDO) Cát Tiên,Hàng Mới Ca 1,2026-09-24 - Thứ 5,268,98.88%,84.33%,226,31,1.12%,11.57%,268,AM Nghĩa,,NTB - Lâm Đồng,(LDO) Cát Tiên,Hàng Mới Ca 2,2026-09-24 - Thứ 5,0,0.00%,0.00%,0,0,0.00%,0.00%,0,AM Nghĩa,,NTB - Lâm Đồng,(LDO) Cát Tiên,Hàng Tồn,2026-09-24 - Thứ 5,69,88.41%,46.38%,32,29,11.59%,42.03%,0,AM Nghĩa
NTB - Lâm Đồng,(LDO) Cát Tiên,Hàng Mới Ca 1,2026-09-25 - Thứ 6,442,99.55%,81.22%,359,65,0.45%,14.71%,442,AM Nghĩa,,NTB - Lâm Đồng,(LDO) Cát Tiên,Hàng Mới Ca 2,2026-09-25 - Thứ 6,0,0.00%,0.00%,0,0,0.00%,0.00%,0,AM Nghĩa,,NTB - Lâm Đồng,(LDO) Cát Tiên,Hàng Tồn,2026-09-25 - Thứ 6,45,91.11%,46.67%,21,19,8.89%,42.22%,0,AM Nghĩa
NTB - Lâm Đồng,(LDO) Cát Tiên,Hàng Mới Ca 1,2026-09-26 - Thứ 7,349,99.14%,80.80%,282,46,0.86%,13.18%,349,AM Nghĩa,,NTB - Lâm Đồng,(LDO) Cát Tiên,Hàng Mới Ca 2,2026-09-26 - Thứ 7,0,0.00%,0.00%,0,0,0.00%,0.00%,0,AM Nghĩa,,NTB - Lâm Đồng,(LDO) Cát Tiên,Hàng Tồn,2026-09-26 - Thứ 7,80,95.00%,57.50%,46,31,5.00%,38.75%,0,AM Nghĩa
NTB - Lâm Đồng,(LDO) Cát Tiên,Hàng Mới Ca 1,2026-09-27 - Chủ Nhật,270,99.26%,80.37%,217,42,0.74%,15.56%,270,AM Nghĩa,,NTB - Lâm Đồng,(LDO) Cát Tiên,Hàng Mới Ca 2,2026-09-27 - Chủ Nhật,0,0.00%,0.00%,0,0,0.00%,0.00%,0,AM Nghĩa,,NTB - Lâm Đồng,(LDO) Cát Tiên,Hàng Tồn,2026-09-27 - Chủ Nhật,70,98.57%,41.43%,29,32,1.43%,45.71%,0,AM Nghĩa
NTB - Lâm Đồng,(LDO) Cát Tiên,Hàng Mới Ca 1,2026-09-28 - Thứ 2,348,99.43%,81.61%,284,52,0.57%,14.94%,348,AM Nghĩa,,NTB - Lâm Đồng,(LDO) Cát Tiên,Hàng Mới Ca 2,2026-09-28 - Thứ 2,0,0.00%,0.00%,0,0,0.00%,0.00%,0,AM Nghĩa,,NTB - Lâm Đồng,(LDO) Cát Tiên,Hàng Tồn,2026-09-28 - Thứ 2,63,98.41%,36.51%,23,31,1.59%,49.20%,0,AM Nghĩa
NTB - Lâm Đồng,(LDO) Cát Tiên,Hàng Mới Ca 1,2026-09-29 - Thứ 3,247,99.60%,82.19%,203,38,0.40%,15.38%,247,AM Nghĩa,,NTB - Lâm Đồng,(LDO) Cát Tiên,Hàng Mới Ca 2,2026-09-29 - Thứ 3,0,0.00%,0.00%,0,0,0.00%,0.00%,0,AM Nghĩa,,NTB - Lâm Đồng,(LDO) Cát Tiên,Hàng Tồn,2026-09-29 - Thứ 3,69,97.10%,34.78%,24,42,2.90%,60.87%,0,AM Nghĩa
NTB - Lâm Đồng,(LDO) Cát Tiên,Hàng Mới Ca 1,2026-09-30 - Thứ 4,227,99.12%,84.14%,191,30,0.88%,13.22%,227,AM Nghĩa,,NTB - Lâm Đồng,(LDO) Cát Tiên,Hàng Mới Ca 2,2026-09-30 - Thứ 4,0,0.00%,0.00%,0,0,0.00%,0.00%,0,AM Nghĩa,,NTB - Lâm Đồng,(LDO) Cát Tiên,Hàng Tồn,2026-09-30 - Thứ 4,67,98.51%,25.37%,17,44,1.49%,65.67%,0,AM Nghĩa
NTB - Lâm Đồng,(LDO) D'Ran,Hàng Mới Ca 1,2026-09-24 - Thứ 5,130,10.77%,10.77%,14,116,89.23%,89.23%,130,AM Trường,,NTB - Lâm Đồng,(LDO) D'Ran,Hàng Mới Ca 2,2026-09-24 - Thứ 5,1,100.00%,0.00%,0,0,0.00%,0.00%,1,AM Trường,,NTB - Lâm Đồng,(LDO) D'Ran,Hàng Tồn,2026-09-24 - Thứ 5,107,42.99%,26.17%,28,79,57.01%,73.83%,0,AM Trường
NTB - Lâm Đồng,(LDO) D'Ran,Hàng Mới Ca 1,2026-09-25 - Thứ 6,142,19.72%,13.38%,19,122,80.28%,85.92%,142,AM Trường,,NTB - Lâm Đồng,(LDO) D'Ran,Hàng Mới Ca 2,2026-09-25 - Thứ 6,0,0.00%,0.00%,0,0,0.00%,0.00%,0,AM Trường,,NTB - Lâm Đồng,(LDO) D'Ran,Hàng Tồn,2026-09-25 - Thứ 6,186,51.08%,36.56%,68,115,48.92%,61.83%,0,AM Trường
NTB - Lâm Đồng,(LDO) D'Ran,Hàng Mới Ca 1,2026-09-26 - Thứ 7,159,79.25%,49.06%,78,80,20.75%,50.31%,159,AM Trường,,NTB - Lâm Đồng,(LDO) D'Ran,Hàng Mới Ca 2,2026-09-26 - Thứ 7,2,100.00%,100.00%,2,0,0.00%,0.00%,2,AM Trường,,NTB - Lâm Đồng,(LDO) D'Ran,Hàng Tồn,2026-09-26 - Thứ 7,233,85.41%,43.35%,101,131,14.59%,56.22%,0,AM Trường
NTB - Lâm Đồng,(LDO) D'Ran,Hàng Mới Ca 1,2026-09-27 - Chủ Nhật,161,45.96%,37.89%,61,99,54.04%,61.49%,161,AM Trường,,NTB - Lâm Đồng,(LDO) D'Ran,Hàng Mới Ca 2,2026-09-27 - Chủ Nhật,1,100.00%,100.00%,1,0,0.00%,0.00%,1,AM Trường,,NTB - Lâm Đồng,(LDO) D'Ran,Hàng Tồn,2026-09-27 - Chủ Nhật,206,92.72%,61.65%,127,79,7.28%,38.35%,0,AM Trường
NTB - Lâm Đồng,(LDO) D'Ran,Hàng Mới Ca 1,2026-09-28 - Thứ 2,144,96.53%,68.75%,99,44,3.47%,30.56%,144,AM Trường,,NTB - Lâm Đồng,(LDO) D'Ran,Hàng Mới Ca 2,2026-09-28 - Thứ 2,0,0.00%,0.00%,0,0,0.00%,0.00%,0,AM Trường,,NTB - Lâm Đồng,(LDO) D'Ran,Hàng Tồn,2026-09-28 - Thứ 2,177,98.87%,43.50%,77,91,1.13%,51.42%,0,AM Trường
NTB - Lâm Đồng,(LDO) D'Ran,Hàng Mới Ca 1,2026-09-29 - Thứ 3,123,72.36%,54.47%,67,56,27.64%,45.53%,123,AM Trường,,NTB - Lâm Đồng,(LDO) D'Ran,Hàng Mới Ca 2,2026-09-29 - Thứ 3,0,0.00%,0.00%,0,0,0.00%,0.00%,0,AM Trường,,NTB - Lâm Đồng,(LDO) D'Ran,Hàng Tồn,2026-09-29 - Thứ 3,118,90.68%,35.59%,42,68,9.32%,57.63%,0,AM Trường
NTB - Lâm Đồng,(LDO) D'Ran,Hàng Mới Ca 1,2026-09-30 - Thứ 4,134,100.00%,76.12%,102,31,0.00%,23.13%,134,AM Trường,,NTB - Lâm Đồng,(LDO) D'Ran,Hàng Mới Ca 2,2026-09-30 - Thứ 4,0,0.00%,0.00%,0,0,0.00%,0.00%,0,AM Trường,,NTB - Lâm Đồng,(LDO) D'Ran,Hàng Tồn,2026-09-30 - Thứ 4,117,99.15%,54.70%,64,46,0.85%,39.32%,0,AM Trường
NTB - Lâm Đồng,(LDO) Di Linh,Hàng Mới Ca 1,2026-09-24 - Thứ 5,425,66.59%,52.94%,225,198,33.41%,46.59%,425,AM Vũ,,NTB - Lâm Đồng,(LDO) Di Linh,Hàng Mới Ca 2,2026-09-24 - Thứ 5,483,2.48%,2.07%,10,473,97.52%,97.93%,483,AM Vũ,,NTB - Lâm Đồng,(LDO) Di Linh,Hàng Tồn,2026-09-24 - Thứ 5,"1,117",70.19%,42.17%,471,620,29.81%,55.50%,0,AM Vũ
NTB - Lâm Đồng,(LDO) Di Linh,Hàng Mới Ca 1,2026-09-25 - Thứ 6,705,53.76%,45.11%,318,383,46.24%,54.32%,705,AM Vũ,,NTB - Lâm Đồng,(LDO) Di Linh,Hàng Mới Ca 2,2026-09-25 - Thứ 6,78,26.92%,20.51%,16,60,73.08%,76.93%,78,AM Vũ,,NTB - Lâm Đồng,(LDO) Di Linh,Hàng Tồn,2026-09-25 - Thứ 6,"1,282",50.78%,31.28%,401,826,49.22%,64.43%,0,AM Vũ
NTB - Lâm Đồng,(LDO) Di Linh,Hàng Mới Ca 1,2026-09-26 - Thứ 7,832,67.91%,53.61%,446,382,32.09%,45.91%,832,AM Vũ,,NTB - Lâm Đồng,(LDO) Di Linh,Hàng Mới Ca 2,2026-09-26 - Thứ 7,438,0.23%,0.00%,0,438,99.77%,100.00%,438,AM Vũ,,NTB - Lâm Đồng,(LDO) Di Linh,Hàng Tồn,2026-09-26 - Thứ 7,"1,190",58.57%,38.24%,455,715,41.43%,60.08%,0,AM Vũ
NTB - Lâm Đồng,(LDO) Di Linh,Hàng Mới Ca 1,2026-09-27 - Chủ Nhật,310,48.71%,36.45%,113,196,51.29%,63.23%,310,AM Vũ,,NTB - Lâm Đồng,(LDO) Di Linh,Hàng Mới Ca 2,2026-09-27 - Chủ Nhật,315,15.24%,10.79%,34,281,84.76%,89.21%,315,AM Vũ,,NTB - Lâm Đồng,(LDO) Di Linh,Hàng Tồn,2026-09-27 - Chủ Nhật,"1,498",66.49%,39.72%,595,841,33.51%,56.14%,0,AM Vũ
NTB - Lâm Đồng,(LDO) Di Linh,Hàng Mới Ca 1,2026-09-28 - Thứ 2,281,86.83%,72.24%,203,77,13.17%,27.40%,281,AM Vũ,,NTB - Lâm Đồng,(LDO) Di Linh,Hàng Mới Ca 2,2026-09-28 - Thứ 2,36,66.67%,50.00%,18,18,33.33%,50.00%,36,AM Vũ,,NTB - Lâm Đồng,(LDO) Di Linh,Hàng Tồn,2026-09-28 - Thứ 2,"1,293",83.22%,51.59%,667,586,16.78%,45.32%,0,AM Vũ
NTB - Lâm Đồng,(LDO) Di Linh,Hàng Mới Ca 1,2026-09-29 - Thứ 3,455,76.04%,58.24%,265,189,23.96%,41.54%,455,AM Vũ,,NTB - Lâm Đồng,(LDO) Di Linh,Hàng Mới Ca 2,2026-09-29 - Thứ 3,236,3.39%,2.54%,6,230,96.61%,97.46%,236,AM Vũ,,NTB - Lâm Đồng,(LDO) Di Linh,Hàng Tồn,2026-09-29 - Thứ 3,619,73.99%,30.37%,188,393,26.01%,63.49%,0,AM Vũ
NTB - Lâm Đồng,(LDO) Di Linh,Hàng Mới Ca 1,2026-09-30 - Thứ 4,144,98.61%,76.39%,110,33,1.39%,22.92%,144,AM Vũ,,NTB - Lâm Đồng,(LDO) Di Linh,Hàng Mới Ca 2,2026-09-30 - Thứ 4,303,12.54%,9.24%,28,275,87.46%,90.76%,303,AM Vũ,,NTB - Lâm Đồng,(LDO) Di Linh,Hàng Tồn,2026-09-30 - Thứ 4,771,95.98%,52.92%,408,318,4.02%,41.24%,0,AM Vũ
NTB - Lâm Đồng,(LDO) Hiệp Thạnh,Hàng Mới Ca 1,2026-09-24 - Thứ 5,417,95.20%,82.01%,342,72,4.80%,17.27%,417,AM Thơ,,NTB - Lâm Đồng,(LDO) Hiệp Thạnh,Hàng Mới Ca 2,2026-09-24 - Thứ 5,3,100.00%,100.00%,3,0,0.00%,0.00%,3,AM Thơ,,NTB - Lâm Đồng,(LDO) Hiệp Thạnh,Hàng Tồn,2026-09-24 - Thứ 5,71,84.51%,39.44%,28,36,15.49%,50.70%,0,AM Thơ
NTB - Lâm Đồng,(LDO) Hiệp Thạnh,Hàng Mới Ca 1,2026-09-25 - Thứ 6,567,99.82%,91.71%,520,39,0.18%,6.88%,567,AM Thơ,,NTB - Lâm Đồng,(LDO) Hiệp Thạnh,Hàng Mới Ca 2,2026-09-25 - Thứ 6,0,0.00%,0.00%,0,0,0.00%,0.00%,0,AM Thơ,,NTB - Lâm Đồng,(LDO) Hiệp Thạnh,Hàng Tồn,2026-09-25 - Thứ 6,102,99.02%,45.10%,46,49,0.98%,48.04%,0,AM Thơ
NTB - Lâm Đồng,(LDO) Hiệp Thạnh,Hàng Mới Ca 1,2026-09-26 - Thứ 7,447,99.78%,87.25%,390,54,0.22%,12.08%,447,AM Thơ,,NTB - Lâm Đồng,(LDO) Hiệp Thạnh,Hàng Mới Ca 2,2026-09-26 - Thứ 7,2,100.00%,100.00%,2,0,0.00%,0.00%,2,AM Thơ,,NTB - Lâm Đồng,(LDO) Hiệp Thạnh,Hàng Tồn,2026-09-26 - Thứ 7,81,98.77%,35.80%,29,47,1.23%,58.03%,0,AM Thơ
NTB - Lâm Đồng,(LDO) Hiệp Thạnh,Hàng Mới Ca 1,2026-09-27 - Chủ Nhật,446,99.33%,84.30%,376,67,0.67%,15.03%,446,AM Thơ,,NTB - Lâm Đồng,(LDO) Hiệp Thạnh,Hàng Mới Ca 2,2026-09-27 - Chủ Nhật,1,100.00%,100.00%,1,0,0.00%,0.00%,1,AM Thơ,,NTB - Lâm Đồng,(LDO) Hiệp Thạnh,Hàng Tồn,2026-09-27 - Chủ Nhật,88,95.45%,30.68%,27,56,4.55%,63.64%,0,AM Thơ
NTB - Lâm Đồng,(LDO) Hiệp Thạnh,Hàng Mới Ca 1,2026-09-28 - Thứ 2,379,100.00%,90.50%,343,36,0.00%,9.50%,379,AM Thơ,,NTB - Lâm Đồng,(LDO) Hiệp Thạnh,Hàng Mới Ca 2,2026-09-28 - Thứ 2,0,0.00%,0.00%,0,0,0.00%,0.00%,0,AM Thơ,,NTB - Lâm Đồng,(LDO) Hiệp Thạnh,Hàng Tồn,2026-09-28 - Thứ 2,113,94.69%,35.40%,40,64,5.31%,56.64%,0,AM Thơ
NTB - Lâm Đồng,(LDO) Hiệp Thạnh,Hàng Mới Ca 1,2026-09-29 - Thứ 3,304,99.34%,86.51%,263,38,0.66%,12.50%,304,AM Thơ,,NTB - Lâm Đồng,(LDO) Hiệp Thạnh,Hàng Mới Ca 2,2026-09-29 - Thứ 3,2,100.00%,100.00%,2,0,0.00%,0.00%,2,AM Thơ,,NTB - Lâm Đồng,(LDO) Hiệp Thạnh,Hàng Tồn,2026-09-29 - Thứ 3,92,93.48%,34.78%,32,52,6.52%,56.52%,0,AM Thơ
NTB - Lâm Đồng,(LDO) Hiệp Thạnh,Hàng Mới Ca 1,2026-09-30 - Thứ 4,372,99.19%,87.10%,324,48,0.81%,12.90%,372,AM Thơ,,NTB - Lâm Đồng,(LDO) Hiệp Thạnh,Hàng Mới Ca 2,2026-09-30 - Thứ 4,8,100.00%,62.50%,5,3,0.00%,37.50%,8,AM Thơ,,NTB - Lâm Đồng,(LDO) Hiệp Thạnh,Hàng Tồn,2026-09-30 - Thứ 4,75,94.67%,32.00%,24,38,5.33%,50.67%,0,AM Thơ
NTB - Lâm Đồng,(LDO) Hòa Ninh,Hàng Mới Ca 1,2026-09-24 - Thứ 5,198,74.75%,62.12%,123,73,25.25%,36.87%,198,AM Nga,,NTB - Lâm Đồng,(LDO) Hòa Ninh,Hàng Mới Ca 2,2026-09-24 - Thứ 5,220,53.18%,31.82%,70,149,46.82%,67.73%,220,AM Nga,,NTB - Lâm Đồng,(LDO) Hòa Ninh,Hàng Tồn,2026-09-24 - Thứ 5,204,65.20%,23.04%,47,135,34.80%,66.18%,0,AM Nga
NTB - Lâm Đồng,(LDO) Hòa Ninh,Hàng Mới Ca 1,2026-09-25 - Thứ 6,280,99.64%,75.00%,210,69,0.36%,24.64%,280,AM Nga,,NTB - Lâm Đồng,(LDO) Hòa Ninh,Hàng Mới Ca 2,2026-09-25 - Thứ 6,164,87.80%,67.07%,110,54,12.20%,32.93%,164,AM Nga,,NTB - Lâm Đồng,(LDO) Hòa Ninh,Hàng Tồn,2026-09-25 - Thứ 6,339,95.87%,56.05%,190,131,4.13%,38.64%,0,AM Nga
NTB - Lâm Đồng,(LDO) Hòa Ninh,Hàng Mới Ca 1,2026-09-26 - Thứ 7,632,99.37%,68.83%,435,196,0.63%,31.01%,632,AM Nga,,NTB - Lâm Đồng,(LDO) Hòa Ninh,Hàng Mới Ca 2,2026-09-26 - Thứ 7,120,9.17%,8.33%,10,110,90.83%,91.67%,120,AM Nga,,NTB - Lâm Đồng,(LDO) Hòa Ninh,Hàng Tồn,2026-09-26 - Thứ 7,241,98.34%,32.78%,79,145,1.66%,60.17%,0,AM Nga
NTB - Lâm Đồng,(LDO) Hòa Ninh,Hàng Mới Ca 1,2026-09-27 - Chủ Nhật,123,85.37%,57.72%,71,50,14.63%,40.65%,123,AM Nga,,NTB - Lâm Đồng,(LDO) Hòa Ninh,Hàng Mới Ca 2,2026-09-27 - Chủ Nhật,228,63.16%,40.35%,92,132,36.84%,57.90%,228,AM Nga,,NTB - Lâm Đồng,(LDO) Hòa Ninh,Hàng Tồn,2026-09-27 - Chủ Nhật,426,85.45%,43.90%,187,220,14.55%,51.64%,0,AM Nga
NTB - Lâm Đồng,(LDO) Hòa Ninh,Hàng Mới Ca 1,2026-09-28 - Thứ 2,172,88.37%,66.86%,115,52,11.63%,30.23%,172,AM Nga,,NTB - Lâm Đồng,(LDO) Hòa Ninh,Hàng Mới Ca 2,2026-09-28 - Thứ 2,108,94.44%,68.52%,74,34,5.56%,31.48%,108,AM Nga,,NTB - Lâm Đồng,(LDO) Hòa Ninh,Hàng Tồn,2026-09-28 - Thứ 2,388,73.97%,40.98%,159,210,26.03%,54.12%,0,AM Nga
NTB - Lâm Đồng,(LDO) Hòa Ninh,Hàng Mới Ca 1,2026-09-29 - Thứ 3,316,98.10%,74.37%,235,80,1.90%,25.31%,316,AM Nga,,NTB - Lâm Đồng,(LDO) Hòa Ninh,Hàng Mới Ca 2,2026-09-29 - Thứ 3,110,0.91%,0.91%,1,109,99.09%,99.09%,110,AM Nga,,NTB - Lâm Đồng,(LDO) Hòa Ninh,Hàng Tồn,2026-09-29 - Thứ 3,276,92.75%,50.72%,140,118,7.25%,42.76%,0,AM Nga
NTB - Lâm Đồng,(LDO) Hòa Ninh,Hàng Mới Ca 1,2026-09-30 - Thứ 4,107,96.26%,78.50%,84,22,3.74%,20.57%,107,AM Nga,,NTB - Lâm Đồng,(LDO) Hòa Ninh,Hàng Mới Ca 2,2026-09-30 - Thứ 4,262,55.73%,46.95%,123,138,44.27%,52.67%,262,AM Nga,,NTB - Lâm Đồng,(LDO) Hòa Ninh,Hàng Tồn,2026-09-30 - Thứ 4,284,93.31%,47.18%,134,135,6.69%,47.54%,0,AM Nga
NTB - Lâm Đồng,(LDO) Lang Biang - Đà Lạt 1,Hàng Mới Ca 1,2026-09-24 - Thứ 5,311,94.21%,59.16%,184,126,5.79%,40.52%,311,AM Lợi,,NTB - Lâm Đồng,(LDO) Lang Biang - Đà Lạt 1,Hàng Mới Ca 2,2026-09-24 - Thứ 5,1,100.00%,100.00%,1,0,0.00%,0.00%,1,AM Lợi,,NTB - Lâm Đồng,(LDO) Lang Biang - Đà Lạt 1,Hàng Tồn,2026-09-24 - Thứ 5,638,87.30%,20.22%,129,430,12.70%,67.40%,0,AM Lợi
NTB - Lâm Đồng,(LDO) Lang Biang - Đà Lạt 1,Hàng Mới Ca 1,2026-09-25 - Thứ 6,452,79.87%,42.04%,190,260,20.13%,57.52%,452,AM Lợi,,NTB - Lâm Đồng,(LDO) Lang Biang - Đà Lạt 1,Hàng Mới Ca 2,2026-09-25 - Thứ 6,0,0.00%,0.00%,0,0,0.00%,0.00%,0,AM Lợi,,NTB - Lâm Đồng,(LDO) Lang Biang - Đà Lạt 1,Hàng Tồn,2026-09-25 - Thứ 6,485,85.15%,21.65%,105,341,14.85%,70.31%,0,AM Lợi
NTB - Lâm Đồng,(LDO) Lang Biang - Đà Lạt 1,Hàng Mới Ca 1,2026-09-26 - Thứ 7,343,77.26%,45.77%,157,184,22.74%,53.65%,343,AM Lợi,,NTB - Lâm Đồng,(LDO) Lang Biang - Đà Lạt 1,Hàng Mới Ca 2,2026-09-26 - Thứ 7,0,0.00%,0.00%,0,0,0.00%,0.00%,0,AM Lợi,,NTB - Lâm Đồng,(LDO) Lang Biang - Đà Lạt 1,Hàng Tồn,2026-09-26 - Thứ 7,549,76.32%,26.78%,147,362,23.68%,65.93%,0,AM Lợi
NTB - Lâm Đồng,(LDO) Lang Biang - Đà Lạt 1,Hàng Mới Ca 1,2026-09-27 - Chủ Nhật,277,72.20%,48.01%,133,142,27.80%,51.27%,277,AM Lợi,,NTB - Lâm Đồng,(LDO) Lang Biang - Đà Lạt 1,Hàng Mới Ca 2,2026-09-27 - Chủ Nhật,0,0.00%,0.00%,0,0,0.00%,0.00%,0,AM Lợi,,NTB - Lâm Đồng,(LDO) Lang Biang - Đà Lạt 1,Hàng Tồn,2026-09-27 - Chủ Nhật,509,66.99%,27.70%,141,322,33.01%,63.26%,0,AM Lợi
NTB - Lâm Đồng,(LDO) Lang Biang - Đà Lạt 1,Hàng Mới Ca 1,2026-09-28 - Thứ 2,306,79.74%,53.59%,164,142,20.26%,46.41%,306,AM Lợi,,NTB - Lâm Đồng,(LDO) Lang Biang - Đà Lạt 1,Hàng Mới Ca 2,2026-09-28 - Thứ 2,0,0.00%,0.00%,0,0,0.00%,0.00%,0,AM Lợi,,NTB - Lâm Đồng,(LDO) Lang Biang - Đà Lạt 1,Hàng Tồn,2026-09-28 - Thứ 2,437,81.24%,35.01%,153,248,18.76%,56.75%,0,AM Lợi
NTB - Lâm Đồng,(LDO) Lang Biang - Đà Lạt 1,Hàng Mới Ca 1,2026-09-29 - Thứ 3,289,86.85%,40.48%,117,169,13.15%,58.48%,289,AM Lợi,,NTB - Lâm Đồng,(LDO) Lang Biang - Đà Lạt 1,Hàng Mới Ca 2,2026-09-29 - Thứ 3,0,0.00%,0.00%,0,0,0.00%,0.00%,0,AM Lợi,,NTB - Lâm Đồng,(LDO) Lang Biang - Đà Lạt 1,Hàng Tồn,2026-09-29 - Thứ 3,352,81.82%,24.15%,85,247,18.18%,70.17%,0,AM Lợi
NTB - Lâm Đồng,(LDO) Lang Biang - Đà Lạt 1,Hàng Mới Ca 1,2026-09-30 - Thứ 4,286,79.72%,58.39%,167,118,20.28%,41.26%,286,AM Lợi,,NTB - Lâm Đồng,(LDO) Lang Biang - Đà Lạt 1,Hàng Mới Ca 2,2026-09-30 - Thứ 4,0,0.00%,0.00%,0,0,0.00%,0.00%,0,AM Lợi,,NTB - Lâm Đồng,(LDO) Lang Biang - Đà Lạt 1,Hàng Tồn,2026-09-30 - Thứ 4,373,75.87%,34.32%,128,222,24.13%,59.51%,0,AM Lợi
NTB - Lâm Đồng,(LDO) Lang Biang - Đà Lạt 2,Hàng Mới Ca 1,2026-09-24 - Thứ 5,771,40.86%,34.24%,264,506,59.14%,65.63%,771,AM Trường,,NTB - Lâm Đồng,(LDO) Lang Biang - Đà Lạt 2,Hàng Mới Ca 2,2026-09-24 - Thứ 5,685,9.64%,7.88%,54,631,90.36%,92.12%,685,AM Trường,,NTB - Lâm Đồng,(LDO) Lang Biang - Đà Lạt 2,Hàng Tồn,2026-09-24 - Thứ 5,"1,369",55.30%,36.45%,499,844,44.70%,61.65%,0,AM Trường
NTB - Lâm Đồng,(LDO) Lang Biang - Đà Lạt 2,Hàng Mới Ca 1,2026-09-25 - Thứ 6,485,50.31%,42.06%,204,280,49.69%,57.73%,485,AM Trường,,NTB - Lâm Đồng,(LDO) Lang Biang - Đà Lạt 2,Hàng Mới Ca 2,2026-09-25 - Thứ 6,554,4.51%,3.79%,21,532,95.49%,96.03%,554,AM Trường,,NTB - Lâm Đồng,(LDO) Lang Biang - Đà Lạt 2,Hàng Tồn,2026-09-25 - Thứ 6,"1,937",55.19%,39.03%,756,"1,158",44.81%,59.78%,0,AM Trường
NTB - Lâm Đồng,(LDO) Lang Biang - Đà Lạt 2,Hàng Mới Ca 1,2026-09-26 - Thứ 7,374,47.86%,40.64%,152,220,52.14%,58.83%,374,AM Trường,,NTB - Lâm Đồng,(LDO) Lang Biang - Đà Lạt 2,Hàng Mới Ca 2,2026-09-26 - Thứ 7,574,7.14%,6.45%,37,537,92.86%,93.55%,574,AM Trường,,NTB - Lâm Đồng,(LDO) Lang Biang - Đà Lạt 2,Hàng Tồn,2026-09-26 - Thứ 7,"1,921",51.69%,33.37%,641,"1,243",48.31%,64.70%,0,AM Trường
NTB - Lâm Đồng,(LDO) Lang Biang - Đà Lạt 2,Hàng Mới Ca 1,2026-09-27 - Chủ Nhật,384,46.61%,38.28%,147,233,53.39%,60.68%,384,AM Trường,,NTB - Lâm Đồng,(LDO) Lang Biang - Đà Lạt 2,Hàng Mới Ca 2,2026-09-27 - Chủ Nhật,266,7.14%,6.77%,18,248,92.86%,93.23%,266,AM Trường,,NTB - Lâm Đồng,(LDO) Lang Biang - Đà Lạt 2,Hàng Tồn,2026-09-27 - Chủ Nhật,"1,934",44.78%,31.90%,617,"1,289",55.22%,66.65%,0,AM Trường
NTB - Lâm Đồng,(LDO) Lang Biang - Đà Lạt 2,Hàng Mới Ca 1,2026-09-28 - Thứ 2,447,59.73%,50.56%,226,217,40.27%,48.55%,447,AM Trường,,NTB - Lâm Đồng,(LDO) Lang Biang - Đà Lạt 2,Hàng Mới Ca 2,2026-09-28 - Thứ 2,270,9.26%,7.04%,19,251,90.74%,92.96%,270,AM Trường,,NTB - Lâm Đồng,(LDO) Lang Biang - Đà Lạt 2,Hàng Tồn,2026-09-28 - Thứ 2,"1,749",45.00%,27.10%,474,"1,227",55.00%,70.16%,0,AM Trường
NTB - Lâm Đồng,(LDO) Lang Biang - Đà Lạt 2,Hàng Mới Ca 1,2026-09-29 - Thứ 3,310,58.71%,51.94%,161,148,41.29%,47.74%,310,AM Trường,,NTB - Lâm Đồng,(LDO) Lang Biang - Đà Lạt 2,Hàng Mới Ca 2,2026-09-29 - Thứ 3,344,15.41%,12.79%,44,300,84.59%,87.21%,344,AM Trường,,NTB - Lâm Đồng,(LDO) Lang Biang - Đà Lạt 2,Hàng Tồn,2026-09-29 - Thứ 3,"1,651",47.12%,27.68%,457,"1,147",52.88%,69.47%,0,AM Trường
NTB - Lâm Đồng,(LDO) Lang Biang - Đà Lạt 2,Hàng Mới Ca 1,2026-09-30 - Thứ 4,186,75.81%,62.37%,116,68,24.19%,36.55%,186,AM Trường,,NTB - Lâm Đồng,(LDO) Lang Biang - Đà Lạt 2,Hàng Mới Ca 2,2026-09-30 - Thứ 4,469,8.53%,7.04%,33,435,91.47%,92.75%,469,AM Trường,,NTB - Lâm Đồng,(LDO) Lang Biang - Đà Lạt 2,Hàng Tồn,2026-09-30 - Thứ 4,"1,555",74.34%,48.23%,750,758,25.66%,48.75%,0,AM Trường
NTB - Lâm Đồng,(LDO) Lâm Viên - Đà Lạt 1,Hàng Mới Ca 1,2026-09-24 - Thứ 5,608,92.60%,75.82%,461,141,7.40%,23.19%,608,AM Trường,,NTB - Lâm Đồng,(LDO) Lâm Viên - Đà Lạt 1,Hàng Mới Ca 2,2026-09-24 - Thứ 5,401,54.61%,45.64%,183,216,45.39%,53.86%,401,AM Trường,,NTB - Lâm Đồng,(LDO) Lâm Viên - Đà Lạt 1,Hàng Tồn,2026-09-24 - Thứ 5,374,86.63%,40.64%,152,186,13.37%,49.73%,0,AM Trường
NTB - Lâm Đồng,(LDO) Lâm Viên - Đà Lạt 1,Hàng Mới Ca 1,2026-09-25 - Thứ 6,397,99.24%,81.11%,322,73,0.76%,18.39%,397,AM Trường,,NTB - Lâm Đồng,(LDO) Lâm Viên - Đà Lạt 1,Hàng Mới Ca 2,2026-09-25 - Thứ 6,499,13.83%,10.42%,52,447,86.17%,89.58%,499,AM Trường,,NTB - Lâm Đồng,(LDO) Lâm Viên - Đà Lạt 1,Hàng Tồn,2026-09-25 - Thứ 6,502,98.01%,60.96%,306,181,1.99%,36.05%,0,AM Trường
NTB - Lâm Đồng,(LDO) Lâm Viên - Đà Lạt 1,Hàng Mới Ca 1,2026-09-26 - Thứ 7,161,99.38%,84.47%,136,24,0.62%,14.91%,161,AM Trường,,NTB - Lâm Đồng,(LDO) Lâm Viên - Đà Lạt 1,Hàng Mới Ca 2,2026-09-26 - Thứ 7,493,82.35%,54.97%,271,222,17.65%,45.03%,493,AM Trường,,NTB - Lâm Đồng,(LDO) Lâm Viên - Đà Lạt 1,Hàng Tồn,2026-09-26 - Thứ 7,677,99.41%,61.30%,415,238,0.59%,35.15%,0,AM Trường
NTB - Lâm Đồng,(LDO) Lâm Viên - Đà Lạt 1,Hàng Mới Ca 1,2026-09-27 - Chủ Nhật,275,86.55%,68.00%,187,83,13.45%,30.18%,275,AM Trường,,NTB - Lâm Đồng,(LDO) Lâm Viên - Đà Lạt 1,Hàng Mới Ca 2,2026-09-27 - Chủ Nhật,172,83.72%,68.60%,118,54,16.28%,31.40%,172,AM Trường,,NTB - Lâm Đồng,(LDO) Lâm Viên - Đà Lạt 1,Hàng Tồn,2026-09-27 - Chủ Nhật,430,86.74%,43.72%,188,219,13.26%,50.93%,0,AM Trường
NTB - Lâm Đồng,(LDO) Lâm Viên - Đà Lạt 1,Hàng Mới Ca 1,2026-09-28 - Thứ 2,274,96.72%,75.91%,208,65,3.28%,23.73%,274,AM Trường,,NTB - Lâm Đồng,(LDO) Lâm Viên - Đà Lạt 1,Hàng Mới Ca 2,2026-09-28 - Thứ 2,237,79.32%,56.54%,134,103,20.68%,43.46%,237,AM Trường,,NTB - Lâm Đồng,(LDO) Lâm Viên - Đà Lạt 1,Hàng Tồn,2026-09-28 - Thứ 2,335,87.46%,40.00%,134,171,12.54%,51.04%,0,AM Trường
NTB - Lâm Đồng,(LDO) Lâm Viên - Đà Lạt 1,Hàng Mới Ca 1,2026-09-29 - Thứ 3,199,80.90%,66.33%,132,64,19.10%,32.16%,199,AM Trường,,NTB - Lâm Đồng,(LDO) Lâm Viên - Đà Lạt 1,Hàng Mới Ca 2,2026-09-29 - Thứ 3,308,70.13%,51.30%,158,149,29.87%,48.38%,308,AM Trường,,NTB - Lâm Đồng,(LDO) Lâm Viên - Đà Lạt 1,Hàng Tồn,2026-09-29 - Thứ 3,296,75.00%,31.08%,92,183,25.00%,61.83%,0,AM Trường
NTB - Lâm Đồng,(LDO) Lâm Viên - Đà Lạt 1,Hàng Mới Ca 1,2026-09-30 - Thứ 4,111,100.00%,90.99%,101,10,0.00%,9.01%,111,AM Trường,,NTB - Lâm Đồng,(LDO) Lâm Viên - Đà Lạt 1,Hàng Mới Ca 2,2026-09-30 - Thứ 4,397,84.63%,67.25%,267,127,15.37%,31.99%,397,AM Trường,,NTB - Lâm Đồng,(LDO) Lâm Viên - Đà Lạt 1,Hàng Tồn,2026-09-30 - Thứ 4,383,99.22%,46.48%,178,185,0.78%,48.30%,0,AM Trường
NTB - Lâm Đồng,(LDO) Lâm Viên - Đà Lạt 2,Hàng Mới Ca 1,2026-09-24 - Thứ 5,343,26.24%,18.95%,65,276,73.76%,80.47%,343,AM Trường,,NTB - Lâm Đồng,(LDO) Lâm Viên - Đà Lạt 2,Hàng Mới Ca 2,2026-09-24 - Thứ 5,1,100.00%,0.00%,0,1,0.00%,100.00%,1,AM Trường,,NTB - Lâm Đồng,(LDO) Lâm Viên - Đà Lạt 2,Hàng Tồn,2026-09-24 - Thứ 5,"1,333",53.71%,20.78%,277,979,46.29%,73.44%,0,AM Trường
NTB - Lâm Đồng,(LDO) Lâm Viên - Đà Lạt 2,Hàng Mới Ca 1,2026-09-25 - Thứ 6,899,13.90%,9.45%,85,813,86.10%,90.44%,899,AM Trường,,NTB - Lâm Đồng,(LDO) Lâm Viên - Đà Lạt 2,Hàng Mới Ca 2,2026-09-25 - Thứ 6,1,100.00%,0.00%,0,1,0.00%,100.00%,1,AM Trường,,NTB - Lâm Đồng,(LDO) Lâm Viên - Đà Lạt 2,Hàng Tồn,2026-09-25 - Thứ 6,"1,226",62.56%,25.94%,318,844,37.44%,68.84%,0,AM Trường
NTB - Lâm Đồng,(LDO) Lâm Viên - Đà Lạt 2,Hàng Mới Ca 1,2026-09-26 - Thứ 7,552,12.68%,9.60%,53,499,87.32%,90.40%,552,AM Trường,,NTB - Lâm Đồng,(LDO) Lâm Viên - Đà Lạt 2,Hàng Mới Ca 2,2026-09-26 - Thứ 7,0,0.00%,0.00%,0,0,0.00%,0.00%,0,AM Trường,,NTB - Lâm Đồng,(LDO) Lâm Viên - Đà Lạt 2,Hàng Tồn,2026-09-26 - Thứ 7,"1,611",48.98%,27.06%,436,"1,153",51.02%,71.57%,0,AM Trường
NTB - Lâm Đồng,(LDO) Lâm Viên - Đà Lạt 2,Hàng Mới Ca 1,2026-09-27 - Chủ Nhật,575,17.57%,13.04%,75,497,82.43%,86.44%,575,AM Trường,,NTB - Lâm Đồng,(LDO) Lâm Viên - Đà Lạt 2,Hàng Mới Ca 2,2026-09-27 - Chủ Nhật,270,0.00%,0.00%,0,270,100.00%,100.00%,270,AM Trường,,NTB - Lâm Đồng,(LDO) Lâm Viên - Đà Lạt 2,Hàng Tồn,2026-09-27 - Chủ Nhật,"1,612",43.42%,20.35%,328,"1,239",56.58%,76.86%,0,AM Trường
NTB - Lâm Đồng,(LDO) Lâm Viên - Đà Lạt 2,Hàng Mới Ca 1,2026-09-28 - Thứ 2,75,88.00%,50.67%,38,35,12.00%,46.66%,75,AM Trường,,NTB - Lâm Đồng,(LDO) Lâm Viên - Đà Lạt 2,Hàng Mới Ca 2,2026-09-28 - Thứ 2,1,100.00%,0.00%,0,1,0.00%,100.00%,1,AM Trường,,NTB - Lâm Đồng,(LDO) Lâm Viên - Đà Lạt 2,Hàng Tồn,2026-09-28 - Thứ 2,"1,971",69.05%,34.40%,678,"1,256",30.95%,63.72%,0,AM Trường
NTB - Lâm Đồng,(LDO) Lâm Viên - Đà Lạt 2,Hàng Mới Ca 1,2026-09-29 - Thứ 3,348,20.98%,16.09%,56,292,79.02%,83.91%,348,AM Trường,,NTB - Lâm Đồng,(LDO) Lâm Viên - Đà Lạt 2,Hàng Mới Ca 2,2026-09-29 - Thứ 3,0,0.00%,0.00%,0,0,0.00%,0.00%,0,AM Trường,,NTB - Lâm Đồng,(LDO) Lâm Viên - Đà Lạt 2,Hàng Tồn,2026-09-29 - Thứ 3,"1,257",86.32%,51.47%,647,558,13.68%,44.39%,0,AM Trường
NTB - Lâm Đồng,(LDO) Lâm Viên - Đà Lạt 2,Hàng Mới Ca 1,2026-09-30 - Thứ 4,268,96.27%,69.40%,186,76,3.73%,28.36%,268,AM Trường,,NTB - Lâm Đồng,(LDO) Lâm Viên - Đà Lạt 2,Hàng Mới Ca 2,2026-09-30 - Thứ 4,296,0.00%,0.00%,0,296,100.00%,100.00%,296,AM Trường,,NTB - Lâm Đồng,(LDO) Lâm Viên - Đà Lạt 2,Hàng Tồn,2026-09-30 - Thứ 4,812,98.77%,54.56%,443,321,1.23%,39.53%,0,AM Trường
NTB - Lâm Đồng,(LDO) Nam Ban Lâm Hà,Hàng Mới Ca 1,2026-09-24 - Thứ 5,341,99.12%,83.28%,284,53,0.88%,15.55%,341,AM Chi,,NTB - Lâm Đồng,(LDO) Nam Ban Lâm Hà,Hàng Mới Ca 2,2026-09-24 - Thứ 5,233,72.53%,58.37%,136,97,27.47%,41.63%,233,AM Chi,,NTB - Lâm Đồng,(LDO) Nam Ban Lâm Hà,Hàng Tồn,2026-09-24 - Thứ 5,105,96.19%,48.57%,51,45,3.81%,42.86%,0,AM Chi
NTB - Lâm Đồng,(LDO) Nam Ban Lâm Hà,Hàng Mới Ca 1,2026-09-25 - Thứ 6,230,100.00%,85.22%,196,30,0.00%,13.04%,230,AM Chi,,NTB - Lâm Đồng,(LDO) Nam Ban Lâm Hà,Hàng Mới Ca 2,2026-09-25 - Thứ 6,74,81.08%,66.22%,49,25,18.92%,33.78%,74,AM Chi,,NTB - Lâm Đồng,(LDO) Nam Ban Lâm Hà,Hàng Tồn,2026-09-25 - Thứ 6,178,100.00%,57.30%,102,64,0.00%,35.96%,0,AM Chi
NTB - Lâm Đồng,(LDO) Nam Ban Lâm Hà,Hàng Mới Ca 1,2026-09-26 - Thứ 7,212,99.53%,81.13%,172,38,0.47%,17.93%,212,AM Chi,,NTB - Lâm Đồng,(LDO) Nam Ban Lâm Hà,Hàng Mới Ca 2,2026-09-26 - Thứ 7,253,81.03%,68.38%,173,79,18.97%,31.22%,253,AM Chi,,NTB - Lâm Đồng,(LDO) Nam Ban Lâm Hà,Hàng Tồn,2026-09-26 - Thứ 7,113,99.12%,32.74%,37,67,0.88%,59.30%,0,AM Chi
NTB - Lâm Đồng,(LDO) Nam Ban Lâm Hà,Hàng Mới Ca 1,2026-09-27 - Chủ Nhật,173,98.84%,73.41%,127,44,1.16%,25.43%,173,AM Chi,,NTB - Lâm Đồng,(LDO) Nam Ban Lâm Hà,Hàng Mới Ca 2,2026-09-27 - Chủ Nhật,74,52.70%,47.30%,35,39,47.30%,52.70%,74,AM Chi,,NTB - Lâm Đồng,(LDO) Nam Ban Lâm Hà,Hàng Tồn,2026-09-27 - Chủ Nhật,163,99.39%,51.53%,84,70,0.61%,42.95%,0,AM Chi
NTB - Lâm Đồng,(LDO) Nam Ban Lâm Hà,Hàng Mới Ca 1,2026-09-28 - Thứ 2,183,100.00%,81.97%,150,33,0.00%,18.03%,183,AM Chi,,NTB - Lâm Đồng,(LDO) Nam Ban Lâm Hà,Hàng Mới Ca 2,2026-09-28 - Thứ 2,114,74.56%,54.39%,62,52,25.44%,45.61%,114,AM Chi,,NTB - Lâm Đồng,(LDO) Nam Ban Lâm Hà,Hàng Tồn,2026-09-28 - Thứ 2,143,98.60%,46.85%,67,66,1.40%,46.16%,0,AM Chi
NTB - Lâm Đồng,(LDO) Nam Ban Lâm Hà,Hàng Mới Ca 1,2026-09-29 - Thứ 3,115,99.13%,83.48%,96,17,0.87%,14.78%,115,AM Chi,,NTB - Lâm Đồng,(LDO) Nam Ban Lâm Hà,Hàng Mới Ca 2,2026-09-29 - Thứ 3,197,75.13%,59.39%,117,80,24.87%,40.61%,197,AM Chi,,NTB - Lâm Đồng,(LDO) Nam Ban Lâm Hà,Hàng Tồn,2026-09-29 - Thứ 3,135,97.78%,60.00%,81,47,2.22%,34.81%,0,AM Chi
NTB - Lâm Đồng,(LDO) Nam Ban Lâm Hà,Hàng Mới Ca 1,2026-09-30 - Thứ 4,42,100.00%,78.57%,33,7,0.00%,16.67%,42,AM Chi,,NTB - Lâm Đồng,(LDO) Nam Ban Lâm Hà,Hàng Mới Ca 2,2026-09-30 - Thứ 4,228,55.26%,41.23%,94,132,44.74%,57.89%,228,AM Chi,,NTB - Lâm Đồng,(LDO) Nam Ban Lâm Hà,Hàng Tồn,2026-09-30 - Thứ 4,134,98.51%,55.22%,74,51,1.49%,38.06%,0,AM Chi
NTB - Lâm Đồng,(LDO) Ninh Gia,Hàng Mới Ca 1,2026-09-24 - Thứ 5,392,99.74%,86.48%,339,51,0.26%,13.01%,392,AM Thơ,,NTB - Lâm Đồng,(LDO) Ninh Gia,Hàng Mới Ca 2,2026-09-24 - Thứ 5,0,0.00%,0.00%,0,0,0.00%,0.00%,0,AM Thơ,,NTB - Lâm Đồng,(LDO) Ninh Gia,Hàng Tồn,2026-09-24 - Thứ 5,152,97.37%,47.37%,72,74,2.63%,48.68%,0,AM Thơ
NTB - Lâm Đồng,(LDO) Ninh Gia,Hàng Mới Ca 1,2026-09-25 - Thứ 6,452,97.79%,80.75%,365,82,2.21%,18.14%,452,AM Thơ,,NTB - Lâm Đồng,(LDO) Ninh Gia,Hàng Mới Ca 2,2026-09-25 - Thứ 6,1,100.00%,100.00%,1,0,0.00%,0.00%,1,AM Thơ,,NTB - Lâm Đồng,(LDO) Ninh Gia,Hàng Tồn,2026-09-25 - Thứ 6,112,98.21%,32.14%,36,61,1.79%,54.47%,0,AM Thơ
NTB - Lâm Đồng,(LDO) Ninh Gia,Hàng Mới Ca 1,2026-09-26 - Thứ 7,365,98.36%,66.85%,244,113,1.64%,30.96%,365,AM Thơ,,NTB - Lâm Đồng,(LDO) Ninh Gia,Hàng Mới Ca 2,2026-09-26 - Thứ 7,0,0.00%,0.00%,0,0,0.00%,0.00%,0,AM Thơ,,NTB - Lâm Đồng,(LDO) Ninh Gia,Hàng Tồn,2026-09-26 - Thứ 7,130,94.62%,41.54%,54,69,5.38%,53.08%,0,AM Thơ
NTB - Lâm Đồng,(LDO) Ninh Gia,Hàng Mới Ca 1,2026-09-27 - Chủ Nhật,352,78.98%,60.23%,212,139,21.02%,39.49%,352,AM Thơ,,NTB - Lâm Đồng,(LDO) Ninh Gia,Hàng Mới Ca 2,2026-09-27 - Chủ Nhật,0,0.00%,0.00%,0,0,0.00%,0.00%,0,AM Thơ,,NTB - Lâm Đồng,(LDO) Ninh Gia,Hàng Tồn,2026-09-27 - Chủ Nhật,171,88.30%,43.27%,74,84,11.70%,49.13%,0,AM Thơ
NTB - Lâm Đồng,(LDO) Ninh Gia,Hàng Mới Ca 1,2026-09-28 - Thứ 2,355,100.00%,78.31%,278,77,0.00%,21.69%,355,AM Thơ,,NTB - Lâm Đồng,(LDO) Ninh Gia,Hàng Mới Ca 2,2026-09-28 - Thứ 2,0,0.00%,0.00%,0,0,0.00%,0.00%,0,AM Thơ,,NTB - Lâm Đồng,(LDO) Ninh Gia,Hàng Tồn,2026-09-28 - Thứ 2,209,99.04%,57.42%,120,81,0.96%,38.75%,0,AM Thơ
NTB - Lâm Đồng,(LDO) Ninh Gia,Hàng Mới Ca 1,2026-09-29 - Thứ 3,274,98.54%,79.93%,219,55,1.46%,20.07%,274,AM Thơ,,NTB - Lâm Đồng,(LDO) Ninh Gia,Hàng Mới Ca 2,2026-09-29 - Thứ 3,0,0.00%,0.00%,0,0,0.00%,0.00%,0,AM Thơ,,NTB - Lâm Đồng,(LDO) Ninh Gia,Hàng Tồn,2026-09-29 - Thứ 3,145,99.31%,33.79%,49,83,0.69%,57.24%,0,AM Thơ
NTB - Lâm Đồng,(LDO) Ninh Gia,Hàng Mới Ca 1,2026-09-30 - Thứ 4,303,100.00%,80.53%,244,56,0.00%,18.48%,303,AM Thơ,,NTB - Lâm Đồng,(LDO) Ninh Gia,Hàng Mới Ca 2,2026-09-30 - Thứ 4,0,0.00%,0.00%,0,0,0.00%,0.00%,0,AM Thơ,,NTB - Lâm Đồng,(LDO) Ninh Gia,Hàng Tồn,2026-09-30 - Thứ 4,118,100.00%,38.98%,46,59,0.00%,50.00%,0,AM Thơ
NTB - Lâm Đồng,(LDO) Tân Hà Lâm Hà,Hàng Mới Ca 1,2026-09-24 - Thứ 5,360,71.94%,55.83%,201,159,28.06%,44.17%,360,AM Chi,,NTB - Lâm Đồng,(LDO) Tân Hà Lâm Hà,Hàng Mới Ca 2,2026-09-24 - Thứ 5,1,100.00%,100.00%,1,0,0.00%,0.00%,1,AM Chi,,NTB - Lâm Đồng,(LDO) Tân Hà Lâm Hà,Hàng Tồn,2026-09-24 - Thứ 5,399,65.91%,25.56%,102,288,34.09%,72.18%,0,AM Chi
NTB - Lâm Đồng,(LDO) Tân Hà Lâm Hà,Hàng Mới Ca 1,2026-09-25 - Thứ 6,501,44.71%,32.34%,162,335,55.29%,66.86%,501,AM Chi,,NTB - Lâm Đồng,(LDO) Tân Hà Lâm Hà,Hàng Mới Ca 2,2026-09-25 - Thứ 6,0,0.00%,0.00%,0,0,0.00%,0.00%,0,AM Chi,,NTB - Lâm Đồng,(LDO) Tân Hà Lâm Hà,Hàng Tồn,2026-09-25 - Thứ 6,433,31.41%,13.63%,59,367,68.59%,84.75%,0,AM Chi
NTB - Lâm Đồng,(LDO) Tân Hà Lâm Hà,Hàng Mới Ca 1,2026-09-26 - Thứ 7,407,70.02%,51.11%,208,197,29.98%,48.40%,407,AM Chi,,NTB - Lâm Đồng,(LDO) Tân Hà Lâm Hà,Hàng Mới Ca 2,2026-09-26 - Thứ 7,0,0.00%,0.00%,0,0,0.00%,0.00%,0,AM Chi,,NTB - Lâm Đồng,(LDO) Tân Hà Lâm Hà,Hàng Tồn,2026-09-26 - Thứ 7,694,56.63%,28.67%,199,488,43.37%,70.32%,0,AM Chi
NTB - Lâm Đồng,(LDO) Tân Hà Lâm Hà,Hàng Mới Ca 1,2026-09-27 - Chủ Nhật,477,70.65%,49.69%,237,240,29.35%,50.31%,477,AM Chi,,NTB - Lâm Đồng,(LDO) Tân Hà Lâm Hà,Hàng Mới Ca 2,2026-09-27 - Chủ Nhật,0,0.00%,0.00%,0,0,0.00%,0.00%,0,AM Chi,,NTB - Lâm Đồng,(LDO) Tân Hà Lâm Hà,Hàng Tồn,2026-09-27 - Chủ Nhật,661,57.64%,25.87%,171,472,42.36%,71.41%,0,AM Chi
NTB - Lâm Đồng,(LDO) Tân Hà Lâm Hà,Hàng Mới Ca 1,2026-09-28 - Thứ 2,310,71.29%,49.35%,153,157,28.71%,50.65%,310,AM Chi,,NTB - Lâm Đồng,(LDO) Tân Hà Lâm Hà,Hàng Mới Ca 2,2026-09-28 - Thứ 2,31,0.00%,0.00%,0,31,100.00%,100.00%,31,AM Chi,,NTB - Lâm Đồng,(LDO) Tân Hà Lâm Hà,Hàng Tồn,2026-09-28 - Thứ 2,699,56.51%,19.89%,139,543,43.49%,77.68%,0,AM Chi
NTB - Lâm Đồng,(LDO) Tân Hà Lâm Hà,Hàng Mới Ca 1,2026-09-29 - Thứ 3,89,74.16%,60.67%,54,34,25.84%,38.21%,89,AM Chi,,NTB - Lâm Đồng,(LDO) Tân Hà Lâm Hà,Hàng Mới Ca 2,2026-09-29 - Thứ 3,113,65.49%,45.13%,51,60,34.51%,53.10%,113,AM Chi,,NTB - Lâm Đồng,(LDO) Tân Hà Lâm Hà,Hàng Tồn,2026-09-29 - Thứ 3,723,57.26%,31.67%,229,470,42.74%,65.01%,0,AM Chi
NTB - Lâm Đồng,(LDO) Tân Hà Lâm Hà,Hàng Mới Ca 1,2026-09-30 - Thứ 4,254,75.98%,57.09%,145,108,24.02%,42.52%,254,AM Chi,,NTB - Lâm Đồng,(LDO) Tân Hà Lâm Hà,Hàng Mới Ca 2,2026-09-30 - Thứ 4,0,0.00%,0.00%,0,0,0.00%,0.00%,0,AM Chi,,NTB - Lâm Đồng,(LDO) Tân Hà Lâm Hà,Hàng Tồn,2026-09-30 - Thứ 4,535,80.75%,36.82%,197,318,19.25%,59.44%,0,AM Chi
NTB - Lâm Đồng,(LDO) Xuân Hương - Đà Lạt,Hàng Mới Ca 1,2026-09-24 - Thứ 5,468,89.53%,74.15%,347,120,10.47%,25.64%,468,AM Trường,,NTB - Lâm Đồng,(LDO) Xuân Hương - Đà Lạt,Hàng Mới Ca 2,2026-09-24 - Thứ 5,0,0.00%,0.00%,0,0,0.00%,0.00%,0,AM Trường,,NTB - Lâm Đồng,(LDO) Xuân Hương - Đà Lạt,Hàng Tồn,2026-09-24 - Thứ 5,343,80.76%,47.81%,164,158,19.24%,46.07%,0,AM Trường
NTB - Lâm Đồng,(LDO) Xuân Hương - Đà Lạt,Hàng Mới Ca 1,2026-09-25 - Thứ 6,532,92.48%,75.38%,401,124,7.52%,23.30%,532,AM Trường,,NTB - Lâm Đồng,(LDO) Xuân Hương - Đà Lạt,Hàng Mới Ca 2,2026-09-25 - Thứ 6,0,0.00%,0.00%,0,0,0.00%,0.00%,0,AM Trường,,NTB - Lâm Đồng,(LDO) Xuân Hương - Đà Lạt,Hàng Tồn,2026-09-25 - Thứ 6,251,94.42%,41.43%,104,122,5.58%,48.61%,0,AM Trường
NTB - Lâm Đồng,(LDO) Xuân Hương - Đà Lạt,Hàng Mới Ca 1,2026-09-26 - Thứ 7,441,96.15%,70.98%,313,127,3.85%,28.79%,441,AM Trường,,NTB - Lâm Đồng,(LDO) Xuân Hương - Đà Lạt,Hàng Mới Ca 2,2026-09-26 - Thứ 7,1,100.00%,100.00%,1,0,0.00%,0.00%,1,AM Trường,,NTB - Lâm Đồng,(LDO) Xuân Hương - Đà Lạt,Hàng Tồn,2026-09-26 - Thứ 7,219,95.89%,41.55%,91,119,4.11%,54.34%,0,AM Trường
NTB - Lâm Đồng,(LDO) Xuân Hương - Đà Lạt,Hàng Mới Ca 1,2026-09-27 - Chủ Nhật,457,61.49%,47.70%,218,237,38.51%,51.86%,457,AM Trường,,NTB - Lâm Đồng,(LDO) Xuân Hương - Đà Lạt,Hàng Mới Ca 2,2026-09-27 - Chủ Nhật,0,0.00%,0.00%,0,0,0.00%,0.00%,0,AM Trường,,NTB - Lâm Đồng,(LDO) Xuân Hương - Đà Lạt,Hàng Tồn,2026-09-27 - Chủ Nhật,188,66.49%,32.98%,62,121,33.51%,64.36%,0,AM Trường
NTB - Lâm Đồng,(LDO) Xuân Hương - Đà Lạt,Hàng Mới Ca 1,2026-09-28 - Thứ 2,411,97.32%,76.16%,313,97,2.68%,23.60%,411,AM Trường,,NTB - Lâm Đồng,(LDO) Xuân Hương - Đà Lạt,Hàng Mới Ca 2,2026-09-28 - Thứ 2,1,100.00%,0.00%,0,1,0.00%,100.00%,1,AM Trường,,NTB - Lâm Đồng,(LDO) Xuân Hương - Đà Lạt,Hàng Tồn,2026-09-28 - Thứ 2,369,97.56%,62.33%,230,127,2.44%,34.42%,0,AM Trường
NTB - Lâm Đồng,(LDO) Xuân Hương - Đà Lạt,Hàng Mới Ca 1,2026-09-29 - Thứ 3,343,95.34%,74.93%,257,82,4.66%,23.90%,343,AM Trường,,NTB - Lâm Đồng,(LDO) Xuân Hương - Đà Lạt,Hàng Mới Ca 2,2026-09-29 - Thứ 3,1,0.00%,0.00%,0,1,100.00%,100.00%,1,AM Trường,,NTB - Lâm Đồng,(LDO) Xuân Hương - Đà Lạt,Hàng Tồn,2026-09-29 - Thứ 3,201,93.53%,33.33%,67,118,6.47%,58.71%,0,AM Trường
NTB - Lâm Đồng,(LDO) Xuân Hương - Đà Lạt,Hàng Mới Ca 1,2026-09-30 - Thứ 4,249,91.16%,71.49%,178,71,8.84%,28.51%,249,AM Trường,,NTB - Lâm Đồng,(LDO) Xuân Hương - Đà Lạt,Hàng Mới Ca 2,2026-09-30 - Thứ 4,0,0.00%,0.00%,0,0,0.00%,0.00%,0,AM Trường,,NTB - Lâm Đồng,(LDO) Xuân Hương - Đà Lạt,Hàng Tồn,2026-09-30 - Thứ 4,168,90.48%,26.79%,45,108,9.52%,64.28%,0,AM Trường
NTB - Lâm Đồng,(LDO) Xuân Trường - Đà Lạt,Hàng Mới Ca 1,2026-09-24 - Thứ 5,247,97.57%,89.88%,222,24,2.43%,9.72%,247,AM Trường,,NTB - Lâm Đồng,(LDO) Xuân Trường - Đà Lạt,Hàng Mới Ca 2,2026-09-24 - Thứ 5,222,15.32%,11.26%,25,197,84.68%,88.74%,222,AM Trường,,NTB - Lâm Đồng,(LDO) Xuân Trường - Đà Lạt,Hàng Tồn,2026-09-24 - Thứ 5,182,87.36%,64.84%,118,56,12.64%,30.76%,0,AM Trường
NTB - Lâm Đồng,(LDO) Xuân Trường - Đà Lạt,Hàng Mới Ca 1,2026-09-25 - Thứ 6,289,83.39%,75.09%,217,70,16.61%,24.22%,289,AM Trường,,NTB - Lâm Đồng,(LDO) Xuân Trường - Đà Lạt,Hàng Mới Ca 2,2026-09-25 - Thứ 6,136,69.85%,62.50%,85,50,30.15%,36.76%,136,AM Trường,,NTB - Lâm Đồng,(LDO) Xuân Trường - Đà Lạt,Hàng Tồn,2026-09-25 - Thứ 6,264,85.23%,65.53%,173,82,14.77%,31.06%,0,AM Trường
NTB - Lâm Đồng,(LDO) Xuân Trường - Đà Lạt,Hàng Mới Ca 1,2026-09-26 - Thứ 7,411,89.29%,82.24%,338,72,10.71%,17.52%,411,AM Trường,,NTB - Lâm Đồng,(LDO) Xuân Trường - Đà Lạt,Hàng Mới Ca 2,2026-09-26 - Thứ 7,0,0.00%,0.00%,0,0,0.00%,0.00%,0,AM Trường,,NTB - Lâm Đồng,(LDO) Xuân Trường - Đà Lạt,Hàng Tồn,2026-09-26 - Thứ 7,196,98.47%,62.24%,122,66,1.53%,33.68%,0,AM Trường
NTB - Lâm Đồng,(LDO) Xuân Trường - Đà Lạt,Hàng Mới Ca 1,2026-09-27 - Chủ Nhật,470,88.30%,74.04%,348,119,11.70%,25.32%,470,AM Trường,,NTB - Lâm Đồng,(LDO) Xuân Trường - Đà Lạt,Hàng Mới Ca 2,2026-09-27 - Chủ Nhật,1,100.00%,100.00%,1,0,0.00%,0.00%,1,AM Trường,,NTB - Lâm Đồng,(LDO) Xuân Trường - Đà Lạt,Hàng Tồn,2026-09-27 - Chủ Nhật,127,92.13%,48.82%,62,55,7.87%,43.31%,0,AM Trường
NTB - Lâm Đồng,(LDO) Xuân Trường - Đà Lạt,Hàng Mới Ca 1,2026-09-28 - Thứ 2,350,98.57%,76.00%,266,80,1.43%,22.86%,350,AM Trường,,NTB - Lâm Đồng,(LDO) Xuân Trường - Đà Lạt,Hàng Mới Ca 2,2026-09-28 - Thứ 2,1,100.00%,0.00%,0,1,0.00%,100.00%,1,AM Trường,,NTB - Lâm Đồng,(LDO) Xuân Trường - Đà Lạt,Hàng Tồn,2026-09-28 - Thứ 2,148,97.30%,35.14%,52,88,2.70%,59.45%,0,AM Trường
NTB - Lâm Đồng,(LDO) Xuân Trường - Đà Lạt,Hàng Mới Ca 1,2026-09-29 - Thứ 3,268,98.88%,87.31%,234,32,1.12%,11.94%,268,AM Trường,,NTB - Lâm Đồng,(LDO) Xuân Trường - Đà Lạt,Hàng Mới Ca 2,2026-09-29 - Thứ 3,1,100.00%,100.00%,1,0,0.00%,0.00%,1,AM Trường,,NTB - Lâm Đồng,(LDO) Xuân Trường - Đà Lạt,Hàng Tồn,2026-09-29 - Thứ 3,153,97.39%,50.98%,78,66,2.61%,43.14%,0,AM Trường
NTB - Lâm Đồng,(LDO) Xuân Trường - Đà Lạt,Hàng Mới Ca 1,2026-09-30 - Thứ 4,354,98.87%,81.92%,290,60,1.13%,16.95%,354,AM Trường,,NTB - Lâm Đồng,(LDO) Xuân Trường - Đà Lạt,Hàng Mới Ca 2,2026-09-30 - Thứ 4,0,0.00%,0.00%,0,0,0.00%,0.00%,0,AM Trường,,NTB - Lâm Đồng,(LDO) Xuân Trường - Đà Lạt,Hàng Tồn,2026-09-30 - Thứ 4,79,96.20%,58.23%,46,28,3.80%,35.44%,0,AM Trường
NTB - Lâm Đồng,(LDO) Đam Rông 3,Hàng Mới Ca 1,2026-09-24 - Thứ 5,429,95.10%,72.26%,310,110,4.90%,25.64%,429,AM Chi,,NTB - Lâm Đồng,(LDO) Đam Rông 3,Hàng Mới Ca 2,2026-09-24 - Thứ 5,0,0.00%,0.00%,0,0,0.00%,0.00%,0,AM Chi,,NTB - Lâm Đồng,(LDO) Đam Rông 3,Hàng Tồn,2026-09-24 - Thứ 5,225,94.67%,49.78%,112,97,5.33%,43.11%,0,AM Chi
NTB - Lâm Đồng,(LDO) Đam Rông 3,Hàng Mới Ca 1,2026-09-25 - Thứ 6,534,94.94%,72.85%,389,139,5.06%,26.03%,534,AM Chi,,NTB - Lâm Đồng,(LDO) Đam Rông 3,Hàng Mới Ca 2,2026-09-25 - Thứ 6,0,0.00%,0.00%,0,0,0.00%,0.00%,0,AM Chi,,NTB - Lâm Đồng,(LDO) Đam Rông 3,Hàng Tồn,2026-09-25 - Thứ 6,187,97.33%,45.45%,85,91,2.67%,48.67%,0,AM Chi
NTB - Lâm Đồng,(LDO) Đam Rông 3,Hàng Mới Ca 1,2026-09-26 - Thứ 7,290,98.62%,69.66%,202,88,1.38%,30.34%,290,AM Chi,,NTB - Lâm Đồng,(LDO) Đam Rông 3,Hàng Mới Ca 2,2026-09-26 - Thứ 7,0,0.00%,0.00%,0,0,0.00%,0.00%,0,AM Chi,,NTB - Lâm Đồng,(LDO) Đam Rông 3,Hàng Tồn,2026-09-26 - Thứ 7,218,96.33%,46.33%,101,114,3.67%,52.29%,0,AM Chi
NTB - Lâm Đồng,(LDO) Đam Rông 3,Hàng Mới Ca 1,2026-09-27 - Chủ Nhật,474,95.36%,69.83%,331,143,4.64%,30.17%,474,AM Chi,,NTB - Lâm Đồng,(LDO) Đam Rông 3,Hàng Mới Ca 2,2026-09-27 - Chủ Nhật,0,0.00%,0.00%,0,0,0.00%,0.00%,0,AM Chi,,NTB - Lâm Đồng,(LDO) Đam Rông 3,Hàng Tồn,2026-09-27 - Chủ Nhật,206,87.38%,33.98%,70,112,12.62%,54.37%,0,AM Chi
NTB - Lâm Đồng,(LDO) Đam Rông 3,Hàng Mới Ca 1,2026-09-28 - Thứ 2,275,99.27%,65.82%,181,92,0.73%,33.45%,275,AM Chi,,NTB - Lâm Đồng,(LDO) Đam Rông 3,Hàng Mới Ca 2,2026-09-28 - Thứ 2,118,0.85%,0.00%,0,118,99.15%,100.00%,118,AM Chi,,NTB - Lâm Đồng,(LDO) Đam Rông 3,Hàng Tồn,2026-09-28 - Thứ 2,244,86.48%,34.02%,83,129,13.52%,52.87%,0,AM Chi
NTB - Lâm Đồng,(LDO) Đam Rông 3,Hàng Mới Ca 1,2026-09-29 - Thứ 3,196,97.96%,75.51%,148,48,2.04%,24.49%,196,AM Chi,,NTB - Lâm Đồng,(LDO) Đam Rông 3,Hàng Mới Ca 2,2026-09-29 - Thứ 3,239,11.30%,7.95%,19,219,88.70%,91.63%,239,AM Chi,,NTB - Lâm Đồng,(LDO) Đam Rông 3,Hàng Tồn,2026-09-29 - Thứ 3,316,96.84%,53.48%,169,141,3.16%,44.62%,0,AM Chi
NTB - Lâm Đồng,(LDO) Đam Rông 3,Hàng Mới Ca 1,2026-09-30 - Thứ 4,78,98.72%,80.77%,63,15,1.28%,19.23%,78,AM Chi,,NTB - Lâm Đồng,(LDO) Đam Rông 3,Hàng Mới Ca 2,2026-09-30 - Thứ 4,266,9.77%,5.64%,15,251,90.23%,94.36%,266,AM Chi,,NTB - Lâm Đồng,(LDO) Đam Rông 3,Hàng Tồn,2026-09-30 - Thứ 4,388,94.59%,59.28%,230,151,5.41%,38.92%,0,AM Chi
NTB - Lâm Đồng,(LDO) Đinh Văn Lâm Hà,Hàng Mới Ca 1,2026-09-24 - Thứ 5,475,98.53%,87.79%,417,56,1.47%,11.79%,475,AM Chi,,NTB - Lâm Đồng,(LDO) Đinh Văn Lâm Hà,Hàng Mới Ca 2,2026-09-24 - Thứ 5,430,49.07%,41.40%,178,250,50.93%,58.13%,430,AM Chi,,NTB - Lâm Đồng,(LDO) Đinh Văn Lâm Hà,Hàng Tồn,2026-09-24 - Thứ 5,191,96.86%,48.17%,92,82,3.14%,42.93%,0,AM Chi
NTB - Lâm Đồng,(LDO) Đinh Văn Lâm Hà,Hàng Mới Ca 1,2026-09-25 - Thứ 6,291,99.66%,90.03%,262,27,0.34%,9.28%,291,AM Chi,,NTB - Lâm Đồng,(LDO) Đinh Văn Lâm Hà,Hàng Mới Ca 2,2026-09-25 - Thứ 6,236,76.27%,65.68%,155,79,23.73%,33.47%,236,AM Chi,,NTB - Lâm Đồng,(LDO) Đinh Văn Lâm Hà,Hàng Tồn,2026-09-25 - Thứ 6,361,96.12%,70.08%,253,100,3.88%,27.70%,0,AM Chi
NTB - Lâm Đồng,(LDO) Đinh Văn Lâm Hà,Hàng Mới Ca 1,2026-09-26 - Thứ 7,409,93.40%,82.15%,336,70,6.60%,17.12%,409,AM Chi,,NTB - Lâm Đồng,(LDO) Đinh Văn Lâm Hà,Hàng Mới Ca 2,2026-09-26 - Thứ 7,380,51.05%,44.47%,169,210,48.95%,55.27%,380,AM Chi,,NTB - Lâm Đồng,(LDO) Đinh Văn Lâm Hà,Hàng Tồn,2026-09-26 - Thứ 7,206,92.23%,52.43%,108,90,7.77%,43.69%,0,AM Chi
NTB - Lâm Đồng,(LDO) Đinh Văn Lâm Hà,Hàng Mới Ca 1,2026-09-27 - Chủ Nhật,304,95.07%,81.58%,248,53,4.93%,17.43%,304,AM Chi,,NTB - Lâm Đồng,(LDO) Đinh Văn Lâm Hà,Hàng Mới Ca 2,2026-09-27 - Chủ Nhật,220,67.27%,54.09%,119,101,32.73%,45.91%,220,AM Chi,,NTB - Lâm Đồng,(LDO) Đinh Văn Lâm Hà,Hàng Tồn,2026-09-27 - Chủ Nhật,341,90.91%,65.69%,224,107,9.09%,31.38%,0,AM Chi
NTB - Lâm Đồng,(LDO) Đinh Văn Lâm Hà,Hàng Mới Ca 1,2026-09-28 - Thứ 2,332,99.10%,82.23%,273,57,0.90%,17.17%,332,AM Chi,,NTB - Lâm Đồng,(LDO) Đinh Văn Lâm Hà,Hàng Mới Ca 2,2026-09-28 - Thứ 2,252,50.40%,43.25%,109,142,49.60%,56.35%,252,AM Chi,,NTB - Lâm Đồng,(LDO) Đinh Văn Lâm Hà,Hàng Tồn,2026-09-28 - Thứ 2,249,94.38%,62.65%,156,86,5.62%,34.54%,0,AM Chi
NTB - Lâm Đồng,(LDO) Đinh Văn Lâm Hà,Hàng Mới Ca 1,2026-09-29 - Thứ 3,240,99.58%,82.50%,198,39,0.42%,16.25%,240,AM Chi,,NTB - Lâm Đồng,(LDO) Đinh Văn Lâm Hà,Hàng Mới Ca 2,2026-09-29 - Thứ 3,362,50.83%,45.86%,166,196,49.17%,54.14%,362,AM Chi,,NTB - Lâm Đồng,(LDO) Đinh Văn Lâm Hà,Hàng Tồn,2026-09-29 - Thứ 3,281,94.66%,58.01%,163,109,5.34%,38.79%,0,AM Chi
NTB - Lâm Đồng,(LDO) Đinh Văn Lâm Hà,Hàng Mới Ca 1,2026-09-30 - Thứ 4,149,97.32%,88.59%,132,15,2.68%,10.07%,149,AM Chi,,NTB - Lâm Đồng,(LDO) Đinh Văn Lâm Hà,Hàng Mới Ca 2,2026-09-30 - Thứ 4,385,58.70%,52.47%,202,183,41.30%,47.53%,385,AM Chi,,NTB - Lâm Đồng,(LDO) Đinh Văn Lâm Hà,Hàng Tồn,2026-09-30 - Thứ 4,328,92.68%,61.28%,201,110,7.32%,33.54%,0,AM Chi
NTB - Lâm Đồng,(LDO) Đơn Dương,Hàng Mới Ca 1,2026-09-24 - Thứ 5,551,60.62%,45.01%,248,301,39.38%,54.63%,551,AM Trường,,NTB - Lâm Đồng,(LDO) Đơn Dương,Hàng Mới Ca 2,2026-09-24 - Thứ 5,3,33.33%,0.00%,0,3,66.67%,100.00%,3,AM Trường,,NTB - Lâm Đồng,(LDO) Đơn Dương,Hàng Tồn,2026-09-24 - Thứ 5,"1,056",61.55%,21.02%,222,755,38.45%,71.50%,0,AM Trường
NTB - Lâm Đồng,(LDO) Đơn Dương,Hàng Mới Ca 1,2026-09-25 - Thứ 6,656,57.47%,43.14%,283,370,42.53%,56.40%,656,AM Trường,,NTB - Lâm Đồng,(LDO) Đơn Dương,Hàng Mới Ca 2,2026-09-25 - Thứ 6,0,0.00%,0.00%,0,0,0.00%,0.00%,0,AM Trường,,NTB - Lâm Đồng,(LDO) Đơn Dương,Hàng Tồn,2026-09-25 - Thứ 6,960,69.69%,23.54%,226,667,30.31%,69.48%,0,AM Trường
NTB - Lâm Đồng,(LDO) Đơn Dương,Hàng Mới Ca 1,2026-09-26 - Thứ 7,573,68.24%,47.12%,270,299,31.76%,52.18%,573,AM Trường,,NTB - Lâm Đồng,(LDO) Đơn Dương,Hàng Mới Ca 2,2026-09-26 - Thứ 7,0,0.00%,0.00%,0,0,0.00%,0.00%,0,AM Trường,,NTB - Lâm Đồng,(LDO) Đơn Dương,Hàng Tồn,2026-09-26 - Thứ 7,961,78.04%,28.72%,276,614,21.96%,63.89%,0,AM Trường
NTB - Lâm Đồng,(LDO) Đơn Dương,Hàng Mới Ca 1,2026-09-27 - Chủ Nhật,585,47.52%,29.74%,174,410,52.48%,70.09%,585,AM Trường,,NTB - Lâm Đồng,(LDO) Đơn Dương,Hàng Mới Ca 2,2026-09-27 - Chủ Nhật,0,0.00%,0.00%,0,0,0.00%,0.00%,0,AM Trường,,NTB - Lâm Đồng,(LDO) Đơn Dương,Hàng Tồn,2026-09-27 - Chủ Nhật,865,57.46%,21.16%,183,635,42.54%,73.41%,0,AM Trường
NTB - Lâm Đồng,(LDO) Đơn Dương,Hàng Mới Ca 1,2026-09-28 - Thứ 2,367,80.38%,56.68%,208,159,19.62%,43.32%,367,AM Trường,,NTB - Lâm Đồng,(LDO) Đơn Dương,Hàng Mới Ca 2,2026-09-28 - Thứ 2,0,0.00%,0.00%,0,0,0.00%,0.00%,0,AM Trường,,NTB - Lâm Đồng,(LDO) Đơn Dương,Hàng Tồn,2026-09-28 - Thứ 2,976,75.00%,32.58%,318,625,25.00%,64.04%,0,AM Trường
NTB - Lâm Đồng,(LDO) Đơn Dương,Hàng Mới Ca 1,2026-09-29 - Thứ 3,353,48.44%,31.44%,111,241,51.56%,68.28%,353,AM Trường,,NTB - Lâm Đồng,(LDO) Đơn Dương,Hàng Mới Ca 2,2026-09-29 - Thứ 3,0,0.00%,0.00%,0,0,0.00%,0.00%,0,AM Trường,,NTB - Lâm Đồng,(LDO) Đơn Dương,Hàng Tồn,2026-09-29 - Thứ 3,703,60.88%,19.06%,134,526,39.12%,74.82%,0,AM Trường
NTB - Lâm Đồng,(LDO) Đơn Dương,Hàng Mới Ca 1,2026-09-30 - Thứ 4,262,89.69%,60.69%,159,103,10.31%,39.31%,262,AM Trường,,NTB - Lâm Đồng,(LDO) Đơn Dương,Hàng Mới Ca 2,2026-09-30 - Thứ 4,0,0.00%,0.00%,0,0,0.00%,0.00%,0,AM Trường,,NTB - Lâm Đồng,(LDO) Đơn Dương,Hàng Tồn,2026-09-30 - Thứ 4,667,78.86%,30.73%,205,415,21.14%,62.22%,0,AM Trường
NTB - Lâm Đồng,(LDO) Đạ Huoai,Hàng Mới Ca 1,2026-09-24 - Thứ 5,310,99.68%,86.45%,268,34,0.32%,10.97%,310,AM Nghĩa,,NTB - Lâm Đồng,(LDO) Đạ Huoai,Hàng Mới Ca 2,2026-09-24 - Thứ 5,78,14.10%,11.54%,9,68,85.90%,87.18%,78,AM Nghĩa,,NTB - Lâm Đồng,(LDO) Đạ Huoai,Hàng Tồn,2026-09-24 - Thứ 5,154,77.92%,45.45%,70,75,22.08%,48.71%,0,AM Nghĩa
NTB - Lâm Đồng,(LDO) Đạ Huoai,Hàng Mới Ca 1,2026-09-25 - Thứ 6,559,99.46%,83.01%,464,90,0.54%,16.10%,559,AM Nghĩa,,NTB - Lâm Đồng,(LDO) Đạ Huoai,Hàng Mới Ca 2,2026-09-25 - Thứ 6,2,0.00%,0.00%,0,2,100.00%,100.00%,2,AM Nghĩa,,NTB - Lâm Đồng,(LDO) Đạ Huoai,Hàng Tồn,2026-09-25 - Thứ 6,159,96.86%,56.60%,90,65,3.14%,40.88%,0,AM Nghĩa
NTB - Lâm Đồng,(LDO) Đạ Huoai,Hàng Mới Ca 1,2026-09-26 - Thứ 7,349,99.43%,87.68%,306,39,0.57%,11.17%,349,AM Nghĩa,,NTB - Lâm Đồng,(LDO) Đạ Huoai,Hàng Mới Ca 2,2026-09-26 - Thứ 7,107,7.48%,6.54%,7,100,92.52%,93.46%,107,AM Nghĩa,,NTB - Lâm Đồng,(LDO) Đạ Huoai,Hàng Tồn,2026-09-26 - Thứ 7,149,96.64%,42.28%,63,75,3.36%,50.34%,0,AM Nghĩa
NTB - Lâm Đồng,(LDO) Đạ Huoai,Hàng Mới Ca 1,2026-09-27 - Chủ Nhật,242,100.00%,80.99%,196,45,0.00%,18.60%,242,AM Nghĩa,,NTB - Lâm Đồng,(LDO) Đạ Huoai,Hàng Mới Ca 2,2026-09-27 - Chủ Nhật,118,15.25%,11.86%,14,103,84.75%,87.29%,118,AM Nghĩa,,NTB - Lâm Đồng,(LDO) Đạ Huoai,Hàng Tồn,2026-09-27 - Chủ Nhật,199,97.49%,57.29%,114,75,2.51%,37.68%,0,AM Nghĩa
NTB - Lâm Đồng,(LDO) Đạ Huoai,Hàng Mới Ca 1,2026-09-28 - Thứ 2,289,100.00%,83.39%,241,44,0.00%,15.23%,289,AM Nghĩa,,NTB - Lâm Đồng,(LDO) Đạ Huoai,Hàng Mới Ca 2,2026-09-28 - Thứ 2,54,9.26%,9.26%,5,49,90.74%,90.74%,54,AM Nghĩa,,NTB - Lâm Đồng,(LDO) Đạ Huoai,Hàng Tồn,2026-09-28 - Thứ 2,198,97.47%,69.19%,137,55,2.53%,27.78%,0,AM Nghĩa
NTB - Lâm Đồng,(LDO) Đạ Huoai,Hàng Mới Ca 1,2026-09-29 - Thứ 3,309,99.03%,81.88%,253,55,0.97%,17.80%,309,AM Nghĩa,,NTB - Lâm Đồng,(LDO) Đạ Huoai,Hàng Mới Ca 2,2026-09-29 - Thứ 3,92,7.61%,6.52%,6,86,92.39%,93.48%,92,AM Nghĩa,,NTB - Lâm Đồng,(LDO) Đạ Huoai,Hàng Tồn,2026-09-29 - Thứ 3,140,96.43%,59.29%,83,52,3.57%,37.14%,0,AM Nghĩa
NTB - Lâm Đồng,(LDO) Đạ Huoai,Hàng Mới Ca 1,2026-09-30 - Thứ 4,254,99.21%,88.19%,224,28,0.79%,11.02%,254,AM Nghĩa,,NTB - Lâm Đồng,(LDO) Đạ Huoai,Hàng Mới Ca 2,2026-09-30 - Thứ 4,92,4.35%,4.35%,4,88,95.65%,95.65%,92,AM Nghĩa,,NTB - Lâm Đồng,(LDO) Đạ Huoai,Hàng Tồn,2026-09-30 - Thứ 4,179,97.77%,60.89%,109,65,2.23%,36.32%,0,AM Nghĩa
NTB - Lâm Đồng,(LDO) Đạ Tẻh,Hàng Mới Ca 1,2026-09-24 - Thứ 5,355,99.44%,87.32%,310,42,0.56%,11.83%,355,AM Nghĩa,,NTB - Lâm Đồng,(LDO) Đạ Tẻh,Hàng Mới Ca 2,2026-09-24 - Thứ 5,105,37.14%,33.33%,35,69,62.86%,65.72%,105,AM Nghĩa,,NTB - Lâm Đồng,(LDO) Đạ Tẻh,Hàng Tồn,2026-09-24 - Thứ 5,73,91.78%,35.62%,26,43,8.22%,58.90%,0,AM Nghĩa
NTB - Lâm Đồng,(LDO) Đạ Tẻh,Hàng Mới Ca 1,2026-09-25 - Thứ 6,511,99.61%,83.17%,425,81,0.39%,15.85%,511,AM Nghĩa,,NTB - Lâm Đồng,(LDO) Đạ Tẻh,Hàng Mới Ca 2,2026-09-25 - Thứ 6,27,100.00%,96.30%,26,1,0.00%,3.70%,27,AM Nghĩa,,NTB - Lâm Đồng,(LDO) Đạ Tẻh,Hàng Tồn,2026-09-25 - Thứ 6,135,98.52%,65.93%,89,37,1.48%,27.40%,0,AM Nghĩa
NTB - Lâm Đồng,(LDO) Đạ Tẻh,Hàng Mới Ca 1,2026-09-26 - Thứ 7,409,99.76%,87.04%,356,53,0.24%,12.96%,409,AM Nghĩa,,NTB - Lâm Đồng,(LDO) Đạ Tẻh,Hàng Mới Ca 2,2026-09-26 - Thứ 7,102,44.12%,38.24%,39,62,55.88%,60.78%,102,AM Nghĩa,,NTB - Lâm Đồng,(LDO) Đạ Tẻh,Hàng Tồn,2026-09-26 - Thứ 7,111,97.30%,46.85%,52,52,2.70%,46.84%,0,AM Nghĩa
NTB - Lâm Đồng,(LDO) Đạ Tẻh,Hàng Mới Ca 1,2026-09-27 - Chủ Nhật,263,100.00%,89.73%,236,26,0.00%,9.89%,263,AM Nghĩa,,NTB - Lâm Đồng,(LDO) Đạ Tẻh,Hàng Mới Ca 2,2026-09-27 - Chủ Nhật,140,54.29%,44.29%,62,77,45.71%,55.00%,140,AM Nghĩa,,NTB - Lâm Đồng,(LDO) Đạ Tẻh,Hàng Tồn,2026-09-27 - Chủ Nhật,157,98.73%,57.32%,90,59,1.27%,37.58%,0,AM Nghĩa
NTB - Lâm Đồng,(LDO) Đạ Tẻh,Hàng Mới Ca 1,2026-09-28 - Thứ 2,333,99.70%,87.09%,290,40,0.30%,12.01%,333,AM Nghĩa,,NTB - Lâm Đồng,(LDO) Đạ Tẻh,Hàng Mới Ca 2,2026-09-28 - Thứ 2,146,50.00%,40.41%,59,87,50.00%,59.59%,146,AM Nghĩa,,NTB - Lâm Đồng,(LDO) Đạ Tẻh,Hàng Tồn,2026-09-28 - Thứ 2,137,98.54%,61.31%,84,46,1.46%,33.58%,0,AM Nghĩa
NTB - Lâm Đồng,(LDO) Đạ Tẻh,Hàng Mới Ca 1,2026-09-29 - Thứ 3,190,99.47%,83.68%,159,29,0.53%,15.27%,190,AM Nghĩa,,NTB - Lâm Đồng,(LDO) Đạ Tẻh,Hàng Mới Ca 2,2026-09-29 - Thứ 3,187,51.34%,44.92%,84,103,48.66%,55.08%,187,AM Nghĩa,,NTB - Lâm Đồng,(LDO) Đạ Tẻh,Hàng Tồn,2026-09-29 - Thứ 3,161,98.76%,65.22%,105,51,1.24%,31.67%,0,AM Nghĩa
NTB - Lâm Đồng,(LDO) Đạ Tẻh,Hàng Mới Ca 1,2026-09-30 - Thứ 4,132,100.00%,93.94%,124,6,0.00%,4.54%,132,AM Nghĩa,,NTB - Lâm Đồng,(LDO) Đạ Tẻh,Hàng Mới Ca 2,2026-09-30 - Thứ 4,132,59.85%,52.27%,69,63,40.15%,47.73%,132,AM Nghĩa,,NTB - Lâm Đồng,(LDO) Đạ Tẻh,Hàng Tồn,2026-09-30 - Thứ 4,169,98.82%,63.31%,107,58,1.18%,34.32%,0,AM Nghĩa
NTB - Lâm Đồng,(LDO) Đức Trọng 1,Hàng Mới Ca 1,2026-09-24 - Thứ 5,284,24.65%,9.86%,28,255,75.35%,89.79%,284,AM Vũ,,NTB - Lâm Đồng,(LDO) Đức Trọng 1,Hàng Mới Ca 2,2026-09-24 - Thứ 5,0,0.00%,0.00%,0,0,0.00%,0.00%,0,AM Vũ,,NTB - Lâm Đồng,(LDO) Đức Trọng 1,Hàng Tồn,2026-09-24 - Thứ 5,652,53.99%,19.33%,126,486,46.01%,74.54%,0,AM Vũ
NTB - Lâm Đồng,(LDO) Đức Trọng 1,Hàng Mới Ca 1,2026-09-25 - Thứ 6,302,41.72%,20.53%,62,240,58.28%,79.47%,302,AM Vũ,,NTB - Lâm Đồng,(LDO) Đức Trọng 1,Hàng Mới Ca 2,2026-09-25 - Thứ 6,0,0.00%,0.00%,0,0,0.00%,0.00%,0,AM Vũ,,NTB - Lâm Đồng,(LDO) Đức Trọng 1,Hàng Tồn,2026-09-25 - Thứ 6,713,68.16%,29.17%,208,487,31.84%,68.31%,0,AM Vũ
NTB - Lâm Đồng,(LDO) Đức Trọng 1,Hàng Mới Ca 1,2026-09-26 - Thứ 7,226,36.28%,22.12%,50,176,63.72%,77.88%,226,AM Vũ,,NTB - Lâm Đồng,(LDO) Đức Trọng 1,Hàng Mới Ca 2,2026-09-26 - Thứ 7,0,0.00%,0.00%,0,0,0.00%,0.00%,0,AM Vũ,,NTB - Lâm Đồng,(LDO) Đức Trọng 1,Hàng Tồn,2026-09-26 - Thứ 7,691,55.86%,22.58%,156,518,44.14%,74.96%,0,AM Vũ
NTB - Lâm Đồng,(LDO) Đức Trọng 1,Hàng Mới Ca 1,2026-09-27 - Chủ Nhật,294,41.16%,26.87%,79,213,58.84%,72.45%,294,AM Vũ,,NTB - Lâm Đồng,(LDO) Đức Trọng 1,Hàng Mới Ca 2,2026-09-27 - Chủ Nhật,0,0.00%,0.00%,0,0,0.00%,0.00%,0,AM Vũ,,NTB - Lâm Đồng,(LDO) Đức Trọng 1,Hàng Tồn,2026-09-27 - Chủ Nhật,639,64.01%,30.05%,192,413,35.99%,64.63%,0,AM Vũ
NTB - Lâm Đồng,(LDO) Đức Trọng 1,Hàng Mới Ca 1,2026-09-28 - Thứ 2,214,64.02%,38.32%,82,131,35.98%,61.21%,214,AM Vũ,,NTB - Lâm Đồng,(LDO) Đức Trọng 1,Hàng Mới Ca 2,2026-09-28 - Thứ 2,0,0.00%,0.00%,0,0,0.00%,0.00%,0,AM Vũ,,NTB - Lâm Đồng,(LDO) Đức Trọng 1,Hàng Tồn,2026-09-28 - Thứ 2,588,66.84%,26.87%,158,402,33.16%,68.37%,0,AM Vũ
NTB - Lâm Đồng,(LDO) Đức Trọng 1,Hàng Mới Ca 1,2026-09-29 - Thứ 3,239,53.14%,25.94%,62,177,46.86%,74.06%,239,AM Vũ,,NTB - Lâm Đồng,(LDO) Đức Trọng 1,Hàng Mới Ca 2,2026-09-29 - Thứ 3,0,0.00%,0.00%,0,0,0.00%,0.00%,0,AM Vũ,,NTB - Lâm Đồng,(LDO) Đức Trọng 1,Hàng Tồn,2026-09-29 - Thứ 3,501,95.01%,35.33%,177,304,4.99%,60.68%,0,AM Vũ
NTB - Lâm Đồng,(LDO) Đức Trọng 1,Hàng Mới Ca 1,2026-09-30 - Thứ 4,215,67.44%,45.58%,98,117,32.56%,54.42%,215,AM Vũ,,NTB - Lâm Đồng,(LDO) Đức Trọng 1,Hàng Mới Ca 2,2026-09-30 - Thứ 4,0,0.00%,0.00%,0,0,0.00%,0.00%,0,AM Vũ,,NTB - Lâm Đồng,(LDO) Đức Trọng 1,Hàng Tồn,2026-09-30 - Thứ 4,440,67.73%,29.55%,130,289,32.27%,65.68%,0,AM Vũ
NTB - Lâm Đồng,(LDO) Đức Trọng 2,Hàng Mới Ca 1,2026-09-24 - Thứ 5,409,98.04%,80.20%,328,80,1.96%,19.56%,409,AM Thơ,,NTB - Lâm Đồng,(LDO) Đức Trọng 2,Hàng Mới Ca 2,2026-09-24 - Thứ 5,336,74.70%,60.12%,202,134,25.30%,39.88%,336,AM Thơ,,NTB - Lâm Đồng,(LDO) Đức Trọng 2,Hàng Tồn,2026-09-24 - Thứ 5,212,95.75%,43.87%,93,101,4.25%,47.64%,0,AM Thơ
NTB - Lâm Đồng,(LDO) Đức Trọng 2,Hàng Mới Ca 1,2026-09-25 - Thứ 6,263,98.10%,82.89%,218,45,1.90%,17.11%,263,AM Thơ,,NTB - Lâm Đồng,(LDO) Đức Trọng 2,Hàng Mới Ca 2,2026-09-25 - Thứ 6,291,65.29%,50.52%,147,144,34.71%,49.48%,291,AM Thơ,,NTB - Lâm Đồng,(LDO) Đức Trọng 2,Hàng Tồn,2026-09-25 - Thứ 6,284,94.37%,43.66%,124,150,5.63%,52.82%,0,AM Thơ
NTB - Lâm Đồng,(LDO) Đức Trọng 2,Hàng Mới Ca 1,2026-09-26 - Thứ 7,158,100.00%,81.01%,128,30,0.00%,18.99%,158,AM Thơ,,NTB - Lâm Đồng,(LDO) Đức Trọng 2,Hàng Mới Ca 2,2026-09-26 - Thứ 7,353,64.59%,49.29%,174,179,35.41%,50.71%,353,AM Thơ,,NTB - Lâm Đồng,(LDO) Đức Trọng 2,Hàng Tồn,2026-09-26 - Thứ 7,311,97.43%,40.19%,125,180,2.57%,57.88%,0,AM Thơ
NTB - Lâm Đồng,(LDO) Đức Trọng 2,Hàng Mới Ca 1,2026-09-27 - Chủ Nhật,257,94.94%,70.43%,181,75,5.06%,29.18%,257,AM Thơ,,NTB - Lâm Đồng,(LDO) Đức Trọng 2,Hàng Mới Ca 2,2026-09-27 - Chủ Nhật,229,75.11%,60.26%,138,91,24.89%,39.74%,229,AM Thơ,,NTB - Lâm Đồng,(LDO) Đức Trọng 2,Hàng Tồn,2026-09-27 - Chủ Nhật,334,95.21%,47.60%,159,159,4.79%,47.61%,0,AM Thơ
NTB - Lâm Đồng,(LDO) Đức Trọng 2,Hàng Mới Ca 1,2026-09-28 - Thứ 2,166,98.80%,81.33%,135,31,1.20%,18.67%,166,AM Thơ,,NTB - Lâm Đồng,(LDO) Đức Trọng 2,Hàng Mới Ca 2,2026-09-28 - Thứ 2,266,77.44%,68.42%,182,84,22.56%,31.58%,266,AM Thơ,,NTB - Lâm Đồng,(LDO) Đức Trọng 2,Hàng Tồn,2026-09-28 - Thứ 2,298,96.64%,46.98%,140,142,3.36%,47.65%,0,AM Thơ
NTB - Lâm Đồng,(LDO) Đức Trọng 2,Hàng Mới Ca 1,2026-09-29 - Thứ 3,213,100.00%,82.63%,176,37,0.00%,17.37%,213,AM Thơ,,NTB - Lâm Đồng,(LDO) Đức Trọng 2,Hàng Mới Ca 2,2026-09-29 - Thứ 3,321,77.57%,65.42%,210,111,22.43%,34.58%,321,AM Thơ,,NTB - Lâm Đồng,(LDO) Đức Trọng 2,Hàng Tồn,2026-09-29 - Thứ 3,219,97.26%,36.99%,81,121,2.74%,55.25%,0,AM Thơ
NTB - Lâm Đồng,(LDO) Đức Trọng 2,Hàng Mới Ca 1,2026-09-30 - Thứ 4,86,98.84%,76.74%,66,20,1.16%,23.26%,86,AM Thơ,,NTB - Lâm Đồng,(LDO) Đức Trọng 2,Hàng Mới Ca 2,2026-09-30 - Thứ 4,355,83.10%,69.01%,245,110,16.90%,30.99%,355,AM Thơ,,NTB - Lâm Đồng,(LDO) Đức Trọng 2,Hàng Tồn,2026-09-30 - Thứ 4,233,94.85%,41.63%,97,119,5.15%,51.07%,0,AM Thơ
NTB - Ninh Thuận,(NTH) Bảo An,Hàng Mới Ca 1,2026-09-24 - Thứ 5,459,99.56%,79.74%,366,84,0.44%,18.30%,459,AM D.Long,,NTB - Ninh Thuận,(NTH) Bảo An,Hàng Mới Ca 2,2026-09-24 - Thứ 5,164,86.59%,70.12%,115,49,13.41%,29.88%,164,AM D.Long,,NTB - Ninh Thuận,(NTH) Bảo An,Hàng Tồn,2026-09-24 - Thứ 5,188,97.87%,37.77%,71,101,2.13%,53.72%,0,AM D.Long
NTB - Ninh Thuận,(NTH) Bảo An,Hàng Mới Ca 1,2026-09-25 - Thứ 6,555,100.00%,84.86%,471,74,0.00%,13.34%,555,AM D.Long,,NTB - Ninh Thuận,(NTH) Bảo An,Hàng Mới Ca 2,2026-09-25 - Thứ 6,199,85.43%,72.36%,144,54,14.57%,27.14%,199,AM D.Long,,NTB - Ninh Thuận,(NTH) Bảo An,Hàng Tồn,2026-09-25 - Thứ 6,217,98.16%,36.41%,79,122,1.84%,56.22%,0,AM D.Long
NTB - Ninh Thuận,(NTH) Bảo An,Hàng Mới Ca 1,2026-09-26 - Thứ 7,321,99.38%,84.74%,272,46,0.62%,14.33%,321,AM D.Long,,NTB - Ninh Thuận,(NTH) Bảo An,Hàng Mới Ca 2,2026-09-26 - Thứ 7,314,84.39%,68.15%,214,98,15.61%,31.21%,314,AM D.Long,,NTB - Ninh Thuận,(NTH) Bảo An,Hàng Tồn,2026-09-26 - Thứ 7,216,99.07%,45.83%,99,97,0.93%,44.91%,0,AM D.Long
NTB - Ninh Thuận,(NTH) Bảo An,Hàng Mới Ca 1,2026-09-27 - Chủ Nhật,330,100.00%,79.70%,263,64,0.00%,19.39%,330,AM D.Long,,NTB - Ninh Thuận,(NTH) Bảo An,Hàng Mới Ca 2,2026-09-27 - Chủ Nhật,204,82.84%,65.20%,133,71,17.16%,34.80%,204,AM D.Long,,NTB - Ninh Thuận,(NTH) Bảo An,Hàng Tồn,2026-09-27 - Chủ Nhật,212,99.06%,44.81%,95,102,0.94%,48.11%,0,AM D.Long
NTB - Ninh Thuận,(NTH) Bảo An,Hàng Mới Ca 1,2026-09-28 - Thứ 2,338,99.41%,79.88%,270,65,0.59%,19.23%,338,AM D.Long,,NTB - Ninh Thuận,(NTH) Bảo An,Hàng Mới Ca 2,2026-09-28 - Thứ 2,89,85.39%,65.17%,58,31,14.61%,34.83%,89,AM D.Long,,NTB - Ninh Thuận,(NTH) Bảo An,Hàng Tồn,2026-09-28 - Thứ 2,215,99.53%,48.84%,105,98,0.47%,45.58%,0,AM D.Long
NTB - Ninh Thuận,(NTH) Bảo An,Hàng Mới Ca 1,2026-09-29 - Thứ 3,281,99.29%,82.21%,231,50,0.71%,17.79%,281,AM D.Long,,NTB - Ninh Thuận,(NTH) Bảo An,Hàng Mới Ca 2,2026-09-29 - Thứ 3,205,93.66%,78.54%,161,43,6.34%,20.97%,205,AM D.Long,,NTB - Ninh Thuận,(NTH) Bảo An,Hàng Tồn,2026-09-29 - Thứ 3,177,98.87%,33.90%,60,108,1.13%,61.02%,0,AM D.Long
NTB - Ninh Thuận,(NTH) Bảo An,Hàng Mới Ca 1,2026-09-30 - Thứ 4,427,99.53%,86.42%,369,58,0.47%,13.58%,427,AM D.Long,,NTB - Ninh Thuận,(NTH) Bảo An,Hàng Mới Ca 2,2026-09-30 - Thứ 4,118,88.98%,76.27%,90,28,11.02%,23.73%,118,AM D.Long,,NTB - Ninh Thuận,(NTH) Bảo An,Hàng Tồn,2026-09-30 - Thứ 4,178,98.88%,31.46%,56,107,1.12%,60.11%,0,AM D.Long
NTB - Ninh Thuận,(NTH) Ninh Chử,Hàng Mới Ca 1,2026-09-24 - Thứ 5,580,99.83%,89.66%,520,55,0.17%,9.48%,580,AM D.Long,,NTB - Ninh Thuận,(NTH) Ninh Chử,Hàng Mới Ca 2,2026-09-24 - Thứ 5,349,64.76%,59.60%,208,140,35.24%,40.11%,349,AM D.Long,,NTB - Ninh Thuận,(NTH) Ninh Chử,Hàng Tồn,2026-09-24 - Thứ 5,294,99.66%,66.67%,196,84,0.34%,28.57%,0,AM D.Long
NTB - Ninh Thuận,(NTH) Ninh Chử,Hàng Mới Ca 1,2026-09-25 - Thứ 6,738,100.00%,89.43%,660,65,0.00%,8.81%,738,AM D.Long,,NTB - Ninh Thuận,(NTH) Ninh Chử,Hàng Mới Ca 2,2026-09-25 - Thứ 6,264,36.74%,32.20%,85,179,63.26%,67.80%,264,AM D.Long,,NTB - Ninh Thuận,(NTH) Ninh Chử,Hàng Tồn,2026-09-25 - Thứ 6,256,98.05%,63.67%,163,82,1.95%,32.03%,0,AM D.Long
NTB - Ninh Thuận,(NTH) Ninh Chử,Hàng Mới Ca 1,2026-09-26 - Thứ 7,419,99.76%,90.21%,378,37,0.24%,8.84%,419,AM D.Long,,NTB - Ninh Thuận,(NTH) Ninh Chử,Hàng Mới Ca 2,2026-09-26 - Thứ 7,425,56.24%,49.88%,212,213,43.76%,50.12%,425,AM D.Long,,NTB - Ninh Thuận,(NTH) Ninh Chử,Hàng Tồn,2026-09-26 - Thứ 7,311,97.11%,69.45%,216,80,2.89%,25.73%,0,AM D.Long
NTB - Ninh Thuận,(NTH) Ninh Chử,Hàng Mới Ca 1,2026-09-27 - Chủ Nhật,469,99.79%,87.63%,411,54,0.21%,11.52%,469,AM D.Long,,NTB - Ninh Thuận,(NTH) Ninh Chử,Hàng Mới Ca 2,2026-09-27 - Chủ Nhật,251,55.38%,49.80%,125,126,44.62%,50.20%,251,AM D.Long,,NTB - Ninh Thuận,(NTH) Ninh Chử,Hàng Tồn,2026-09-27 - Chủ Nhật,321,98.75%,65.42%,210,95,1.25%,29.60%,0,AM D.Long
NTB - Ninh Thuận,(NTH) Ninh Chử,Hàng Mới Ca 1,2026-09-28 - Thứ 2,386,100.00%,89.12%,344,37,0.00%,9.58%,386,AM D.Long,,NTB - Ninh Thuận,(NTH) Ninh Chử,Hàng Mới Ca 2,2026-09-28 - Thứ 2,202,79.21%,66.83%,135,66,20.79%,32.67%,202,AM D.Long,,NTB - Ninh Thuận,(NTH) Ninh Chử,Hàng Tồn,2026-09-28 - Thứ 2,266,99.25%,66.92%,178,74,0.75%,27.82%,0,AM D.Long
NTB - Ninh Thuận,(NTH) Ninh Chử,Hàng Mới Ca 1,2026-09-29 - Thứ 3,352,100.00%,92.90%,327,24,0.00%,6.82%,352,AM D.Long,,NTB - Ninh Thuận,(NTH) Ninh Chử,Hàng Mới Ca 2,2026-09-29 - Thứ 3,279,70.25%,60.22%,168,106,29.75%,37.99%,279,AM D.Long,,NTB - Ninh Thuận,(NTH) Ninh Chử,Hàng Tồn,2026-09-29 - Thứ 3,163,96.93%,46.01%,75,81,3.07%,49.70%,0,AM D.Long
NTB - Ninh Thuận,(NTH) Ninh Chử,Hàng Mới Ca 1,2026-09-30 - Thứ 4,594,99.49%,89.90%,534,56,0.51%,9.43%,594,AM D.Long,,NTB - Ninh Thuận,(NTH) Ninh Chử,Hàng Mới Ca 2,2026-09-30 - Thứ 4,174,64.37%,53.45%,93,77,35.63%,44.25%,174,AM D.Long,,NTB - Ninh Thuận,(NTH) Ninh Chử,Hàng Tồn,2026-09-30 - Thứ 4,198,97.98%,54.55%,108,78,2.02%,39.39%,0,AM D.Long
NTB - Ninh Thuận,(NTH) Ninh Sơn,Hàng Mới Ca 1,2026-09-24 - Thứ 5,653,99.85%,78.56%,513,127,0.15%,19.45%,653,AM D.Long,,NTB - Ninh Thuận,(NTH) Ninh Sơn,Hàng Mới Ca 2,2026-09-24 - Thứ 5,0,0.00%,0.00%,0,0,0.00%,0.00%,0,AM D.Long,,NTB - Ninh Thuận,(NTH) Ninh Sơn,Hàng Tồn,2026-09-24 - Thứ 5,158,95.57%,41.14%,65,78,4.43%,49.37%,0,AM D.Long
NTB - Ninh Thuận,(NTH) Ninh Sơn,Hàng Mới Ca 1,2026-09-25 - Thứ 6,649,95.07%,79.04%,513,128,4.93%,19.73%,649,AM D.Long,,NTB - Ninh Thuận,(NTH) Ninh Sơn,Hàng Mới Ca 2,2026-09-25 - Thứ 6,0,0.00%,0.00%,0,0,0.00%,0.00%,0,AM D.Long,,NTB - Ninh Thuận,(NTH) Ninh Sơn,Hàng Tồn,2026-09-25 - Thứ 6,186,81.18%,32.26%,60,111,18.82%,59.68%,0,AM D.Long
NTB - Ninh Thuận,(NTH) Ninh Sơn,Hàng Mới Ca 1,2026-09-26 - Thứ 7,518,99.61%,76.25%,395,120,0.39%,23.17%,518,AM D.Long,,NTB - Ninh Thuận,(NTH) Ninh Sơn,Hàng Mới Ca 2,2026-09-26 - Thứ 7,0,0.00%,0.00%,0,0,0.00%,0.00%,0,AM D.Long,,NTB - Ninh Thuận,(NTH) Ninh Sơn,Hàng Tồn,2026-09-26 - Thứ 7,222,97.30%,36.49%,81,127,2.70%,57.20%,0,AM D.Long
NTB - Ninh Thuận,(NTH) Ninh Sơn,Hàng Mới Ca 1,2026-09-27 - Chủ Nhật,558,95.88%,69.00%,385,169,4.12%,30.28%,558,AM D.Long,,NTB - Ninh Thuận,(NTH) Ninh Sơn,Hàng Mới Ca 2,2026-09-27 - Chủ Nhật,0,0.00%,0.00%,0,0,0.00%,0.00%,0,AM D.Long,,NTB - Ninh Thuận,(NTH) Ninh Sơn,Hàng Tồn,2026-09-27 - Chủ Nhật,216,90.28%,33.80%,73,123,9.72%,56.94%,0,AM D.Long
NTB - Ninh Thuận,(NTH) Ninh Sơn,Hàng Mới Ca 1,2026-09-28 - Thứ 2,535,91.21%,69.72%,373,159,8.79%,29.72%,535,AM D.Long,,NTB - Ninh Thuận,(NTH) Ninh Sơn,Hàng Mới Ca 2,2026-09-28 - Thứ 2,0,0.00%,0.00%,0,0,0.00%,0.00%,0,AM D.Long,,NTB - Ninh Thuận,(NTH) Ninh Sơn,Hàng Tồn,2026-09-28 - Thứ 2,288,78.47%,30.56%,88,174,21.53%,60.41%,0,AM D.Long
NTB - Ninh Thuận,(NTH) Ninh Sơn,Hàng Mới Ca 1,2026-09-29 - Thứ 3,416,99.76%,68.27%,284,129,0.24%,31.01%,416,AM D.Long,,NTB - Ninh Thuận,(NTH) Ninh Sơn,Hàng Mới Ca 2,2026-09-29 - Thứ 3,1,0.00%,0.00%,0,1,100.00%,100.00%,1,AM D.Long,,NTB - Ninh Thuận,(NTH) Ninh Sơn,Hàng Tồn,2026-09-29 - Thứ 3,319,97.49%,31.03%,99,201,2.51%,63.01%,0,AM D.Long
NTB - Ninh Thuận,(NTH) Ninh Sơn,Hàng Mới Ca 1,2026-09-30 - Thứ 4,546,99.82%,74.54%,407,137,0.18%,25.09%,546,AM D.Long,,NTB - Ninh Thuận,(NTH) Ninh Sơn,Hàng Mới Ca 2,2026-09-30 - Thứ 4,0,0.00%,0.00%,0,0,0.00%,0.00%,0,AM D.Long,,NTB - Ninh Thuận,(NTH) Ninh Sơn,Hàng Tồn,2026-09-30 - Thứ 4,303,96.37%,36.96%,112,162,3.63%,53.47%,0,AM D.Long
NTB - Ninh Thuận,(NTH) Phan Rang,Hàng Mới Ca 1,2026-09-24 - Thứ 5,"1,191",98.99%,85.47%,"1,018",157,1.01%,13.19%,"1,191",AM D.Long,,NTB - Ninh Thuận,(NTH) Phan Rang,Hàng Mới Ca 2,2026-09-24 - Thứ 5,571,82.14%,67.95%,388,176,17.86%,30.82%,571,AM D.Long,,NTB - Ninh Thuận,(NTH) Phan Rang,Hàng Tồn,2026-09-24 - Thứ 5,404,98.02%,47.52%,192,181,1.98%,44.81%,0,AM D.Long
NTB - Ninh Thuận,(NTH) Phan Rang,Hàng Mới Ca 1,2026-09-25 - Thứ 6,"1,148",99.56%,85.89%,986,150,0.44%,13.06%,"1,148",AM D.Long,,NTB - Ninh Thuận,(NTH) Phan Rang,Hàng Mới Ca 2,2026-09-25 - Thứ 6,574,83.80%,71.08%,408,150,16.20%,26.13%,574,AM D.Long,,NTB - Ninh Thuận,(NTH) Phan Rang,Hàng Tồn,2026-09-25 - Thứ 6,476,98.32%,43.70%,208,220,1.68%,46.22%,0,AM D.Long
NTB - Ninh Thuận,(NTH) Phan Rang,Hàng Mới Ca 1,2026-09-26 - Thứ 7,856,100.00%,86.10%,737,100,0.00%,11.68%,856,AM D.Long,,NTB - Ninh Thuận,(NTH) Phan Rang,Hàng Mới Ca 2,2026-09-26 - Thứ 7,539,85.90%,71.06%,383,149,14.10%,27.64%,539,AM D.Long,,NTB - Ninh Thuận,(NTH) Phan Rang,Hàng Tồn,2026-09-26 - Thứ 7,465,97.85%,45.81%,213,217,2.15%,46.66%,0,AM D.Long
NTB - Ninh Thuận,(NTH) Phan Rang,Hàng Mới Ca 1,2026-09-27 - Chủ Nhật,922,98.92%,78.63%,725,176,1.08%,19.09%,922,AM D.Long,,NTB - Ninh Thuận,(NTH) Phan Rang,Hàng Mới Ca 2,2026-09-27 - Chủ Nhật,595,91.26%,69.08%,411,177,8.74%,29.74%,595,AM D.Long,,NTB - Ninh Thuận,(NTH) Phan Rang,Hàng Tồn,2026-09-27 - Chủ Nhật,410,95.61%,34.88%,143,230,4.39%,56.10%,0,AM D.Long
NTB - Ninh Thuận,(NTH) Phan Rang,Hàng Mới Ca 1,2026-09-28 - Thứ 2,619,99.84%,85.62%,530,78,0.16%,12.60%,619,AM D.Long,,NTB - Ninh Thuận,(NTH) Phan Rang,Hàng Mới Ca 2,2026-09-28 - Thứ 2,388,92.27%,78.87%,306,78,7.73%,20.10%,388,AM D.Long,,NTB - Ninh Thuận,(NTH) Phan Rang,Hàng Tồn,2026-09-28 - Thứ 2,558,96.95%,58.42%,326,197,3.05%,35.31%,0,AM D.Long
NTB - Ninh Thuận,(NTH) Phan Rang,Hàng Mới Ca 1,2026-09-29 - Thứ 3,716,99.86%,86.03%,616,90,0.14%,12.57%,716,AM D.Long,,NTB - Ninh Thuận,(NTH) Phan Rang,Hàng Mới Ca 2,2026-09-29 - Thứ 3,462,94.16%,81.39%,376,84,5.84%,18.18%,462,AM D.Long,,NTB - Ninh Thuận,(NTH) Phan Rang,Hàng Tồn,2026-09-29 - Thứ 3,319,94.67%,38.87%,124,168,5.33%,52.67%,0,AM D.Long
NTB - Ninh Thuận,(NTH) Phan Rang,Hàng Mới Ca 1,2026-09-30 - Thứ 4,"1,021",99.90%,87.46%,893,114,0.10%,11.17%,"1,021",AM D.Long,,NTB - Ninh Thuận,(NTH) Phan Rang,Hàng Mới Ca 2,2026-09-30 - Thứ 4,418,94.26%,79.90%,334,76,5.74%,18.19%,418,AM D.Long,,NTB - Ninh Thuận,(NTH) Phan Rang,Hàng Tồn,2026-09-30 - Thứ 4,298,94.30%,39.26%,117,149,5.70%,50.00%,0,AM D.Long
NTB - Ninh Thuận,(NTH) Phước Dinh,Hàng Mới Ca 1,2026-09-24 - Thứ 5,951,99.68%,79.60%,757,169,0.32%,17.77%,951,AM D.Long,,NTB - Ninh Thuận,(NTH) Phước Dinh,Hàng Mới Ca 2,2026-09-24 - Thứ 5,262,17.56%,14.12%,37,224,82.44%,85.50%,262,AM D.Long,,NTB - Ninh Thuận,(NTH) Phước Dinh,Hàng Tồn,2026-09-24 - Thứ 5,378,97.35%,43.65%,165,181,2.65%,47.88%,0,AM D.Long
NTB - Ninh Thuận,(NTH) Phước Dinh,Hàng Mới Ca 1,2026-09-25 - Thứ 6,888,99.89%,79.50%,706,168,0.11%,18.92%,888,AM D.Long,,NTB - Ninh Thuận,(NTH) Phước Dinh,Hàng Mới Ca 2,2026-09-25 - Thứ 6,322,20.50%,16.15%,52,267,79.50%,82.92%,322,AM D.Long,,NTB - Ninh Thuận,(NTH) Phước Dinh,Hàng Tồn,2026-09-25 - Thứ 6,531,93.03%,51.98%,276,219,6.97%,41.24%,0,AM D.Long
NTB - Ninh Thuận,(NTH) Phước Dinh,Hàng Mới Ca 1,2026-09-26 - Thứ 7,606,99.01%,79.21%,480,114,0.99%,18.81%,606,AM D.Long,,NTB - Ninh Thuận,(NTH) Phước Dinh,Hàng Mới Ca 2,2026-09-26 - Thứ 7,288,24.65%,17.71%,51,237,75.35%,82.29%,288,AM D.Long,,NTB - Ninh Thuận,(NTH) Phước Dinh,Hàng Tồn,2026-09-26 - Thứ 7,623,93.42%,53.77%,335,254,6.58%,40.77%,0,AM D.Long
NTB - Ninh Thuận,(NTH) Phước Dinh,Hàng Mới Ca 1,2026-09-27 - Chủ Nhật,665,100.00%,82.26%,547,108,0.00%,16.24%,665,AM D.Long,,NTB - Ninh Thuận,(NTH) Phước Dinh,Hàng Mới Ca 2,2026-09-27 - Chủ Nhật,275,25.82%,19.27%,53,220,74.18%,80.00%,275,AM D.Long,,NTB - Ninh Thuận,(NTH) Phước Dinh,Hàng Tồn,2026-09-27 - Chủ Nhật,567,97.00%,52.03%,295,222,3.00%,39.15%,0,AM D.Long
NTB - Ninh Thuận,(NTH) Phước Dinh,Hàng Mới Ca 1,2026-09-28 - Thứ 2,456,99.34%,81.58%,372,76,0.66%,16.67%,456,AM D.Long,,NTB - Ninh Thuận,(NTH) Phước Dinh,Hàng Mới Ca 2,2026-09-28 - Thứ 2,271,24.35%,17.71%,48,221,75.65%,81.55%,271,AM D.Long,,NTB - Ninh Thuận,(NTH) Phước Dinh,Hàng Tồn,2026-09-28 - Thứ 2,500,93.20%,50.80%,254,213,6.80%,42.60%,0,AM D.Long
NTB - Ninh Thuận,(NTH) Phước Dinh,Hàng Mới Ca 1,2026-09-29 - Thứ 3,423,99.29%,79.20%,335,83,0.71%,19.62%,423,AM D.Long,,NTB - Ninh Thuận,(NTH) Phước Dinh,Hàng Mới Ca 2,2026-09-29 - Thứ 3,257,24.12%,21.40%,55,202,75.88%,78.60%,257,AM D.Long,,NTB - Ninh Thuận,(NTH) Phước Dinh,Hàng Tồn,2026-09-29 - Thứ 3,479,92.48%,55.74%,267,179,7.52%,37.37%,0,AM D.Long
NTB - Ninh Thuận,(NTH) Phước Dinh,Hàng Mới Ca 1,2026-09-30 - Thứ 4,724,99.59%,79.28%,574,142,0.41%,19.62%,724,AM D.Long,,NTB - Ninh Thuận,(NTH) Phước Dinh,Hàng Mới Ca 2,2026-09-30 - Thứ 4,260,17.31%,14.23%,37,221,82.69%,85.00%,260,AM D.Long,,NTB - Ninh Thuận,(NTH) Phước Dinh,Hàng Tồn,2026-09-30 - Thứ 4,426,96.71%,49.30%,210,184,3.29%,43.19%,0,AM D.Long
NTB - Ninh Thuận,(NTH) Thuận Nam,Hàng Mới Ca 1,2026-09-24 - Thứ 5,483,99.59%,82.61%,399,74,0.41%,15.32%,483,AM D.Long,,NTB - Ninh Thuận,(NTH) Thuận Nam,Hàng Mới Ca 2,2026-09-24 - Thứ 5,0,0.00%,0.00%,0,0,0.00%,0.00%,0,AM D.Long,,NTB - Ninh Thuận,(NTH) Thuận Nam,Hàng Tồn,2026-09-24 - Thứ 5,73,94.52%,41.10%,30,35,5.48%,47.94%,0,AM D.Long
NTB - Ninh Thuận,(NTH) Thuận Nam,Hàng Mới Ca 1,2026-09-25 - Thứ 6,424,99.76%,91.27%,387,31,0.24%,7.31%,424,AM D.Long,,NTB - Ninh Thuận,(NTH) Thuận Nam,Hàng Mới Ca 2,2026-09-25 - Thứ 6,0,0.00%,0.00%,0,0,0.00%,0.00%,0,AM D.Long,,NTB - Ninh Thuận,(NTH) Thuận Nam,Hàng Tồn,2026-09-25 - Thứ 6,93,96.77%,41.94%,39,44,3.23%,47.31%,0,AM D.Long
NTB - Ninh Thuận,(NTH) Thuận Nam,Hàng Mới Ca 1,2026-09-26 - Thứ 7,564,99.82%,86.17%,486,65,0.18%,11.53%,564,AM D.Long,,NTB - Ninh Thuận,(NTH) Thuận Nam,Hàng Mới Ca 2,2026-09-26 - Thứ 7,0,0.00%,0.00%,0,0,0.00%,0.00%,0,AM D.Long,,NTB - Ninh Thuận,(NTH) Thuận Nam,Hàng Tồn,2026-09-26 - Thứ 7,59,88.14%,33.90%,20,33,11.86%,55.93%,0,AM D.Long
NTB - Ninh Thuận,(NTH) Thuận Nam,Hàng Mới Ca 1,2026-09-27 - Chủ Nhật,388,100.00%,87.37%,339,43,0.00%,11.08%,388,AM D.Long,,NTB - Ninh Thuận,(NTH) Thuận Nam,Hàng Mới Ca 2,2026-09-27 - Chủ Nhật,0,0.00%,0.00%,0,0,0.00%,0.00%,0,AM D.Long,,NTB - Ninh Thuận,(NTH) Thuận Nam,Hàng Tồn,2026-09-27 - Chủ Nhật,83,93.98%,19.28%,16,52,6.02%,62.65%,0,AM D.Long
NTB - Ninh Thuận,(NTH) Thuận Nam,Hàng Mới Ca 1,2026-09-28 - Thứ 2,418,100.00%,90.19%,377,38,0.00%,9.09%,418,AM D.Long,,NTB - Ninh Thuận,(NTH) Thuận Nam,Hàng Mới Ca 2,2026-09-28 - Thứ 2,1,100.00%,100.00%,1,0,0.00%,0.00%,1,AM D.Long,,NTB - Ninh Thuận,(NTH) Thuận Nam,Hàng Tồn,2026-09-28 - Thứ 2,75,92.00%,44.00%,33,36,8.00%,48.00%,0,AM D.Long
NTB - Ninh Thuận,(NTH) Thuận Nam,Hàng Mới Ca 1,2026-09-29 - Thứ 3,311,98.71%,87.78%,273,34,1.29%,10.93%,311,AM D.Long,,NTB - Ninh Thuận,(NTH) Thuận Nam,Hàng Mới Ca 2,2026-09-29 - Thứ 3,0,0.00%,0.00%,0,0,0.00%,0.00%,0,AM D.Long,,NTB - Ninh Thuận,(NTH) Thuận Nam,Hàng Tồn,2026-09-29 - Thứ 3,65,95.38%,33.85%,22,31,4.62%,47.69%,0,AM D.Long
NTB - Ninh Thuận,(NTH) Thuận Nam,Hàng Mới Ca 1,2026-09-30 - Thứ 4,313,99.68%,85.30%,267,43,0.32%,13.74%,313,AM D.Long,,NTB - Ninh Thuận,(NTH) Thuận Nam,Hàng Mới Ca 2,2026-09-30 - Thứ 4,0,0.00%,0.00%,0,0,0.00%,0.00%,0,AM D.Long,,NTB - Ninh Thuận,(NTH) Thuận Nam,Hàng Tồn,2026-09-30 - Thứ 4,52,94.23%,25.00%,13,34,5.77%,65.38%,0,AM D.Long
