Mã bưu cục,Mã đơn hàng,Loại đơn,Khách hàng,Trạng thái,Thời gian tồn đọng,warehouse_name
1896,GYR6TWM9,Luân chuyển trả,OTHER,Chưa đóng kiện,0_6,(LDO) Đạ Huoai
1896,GYR7A4MU,Luân chuyển trả,OTHER,Chưa đóng kiện,6_12,(LDO) Đạ Huoai
1896,GYRVQVFR,Luân chuyển trả,OTHER,Chưa đóng kiện,6_12,(LDO) Đạ Huoai
1896,GYRV7WTU,Luân chuyển trả,OTHER,Chưa đóng kiện,6_12,(LDO) Đạ Huoai
1896,GYRVGVGQ,Luân chuyển trả,OTHER,Chưa đóng kiện,6_12,(LDO) Đạ Huoai
1896,GYRVWTEL,Luân chuyển trả,OTHER,Chưa đóng kiện,6_12,(LDO) Đạ Huoai
1896,GYR6DX9E,Luân chuyển trả,OTHER,Chưa đóng kiện,6_12,(LDO) Đạ Huoai
1896,VNGH80283769709,Luân chuyển trả,TTS,Chưa đóng kiện,6_12,(LDO) Đạ Huoai
1896,VNGH80501319710,Luân chuyển trả,TTS,Chưa đóng kiện,6_12,(LDO) Đạ Huoai
20588000,GYRPF8BY,Luân chuyển trả,OTHER,Chưa đóng kiện,0_6,(KHO) Cam Lâm 2
20588000,GYRCKT4R,Luân chuyển trả,OTHER,Chưa đóng kiện,6_12,(KHO) Cam Lâm 2
1896,VNGH80834729706,Luân chuyển trả,TTS,Chưa đóng kiện,6_12,(LDO) Đạ Huoai
1896,VNGH80038009705,Luân chuyển trả,TTS,Chưa đóng kiện,6_12,(LDO) Đạ Huoai
1896,VNGH80977709707,Luân chuyển trả,TTS,Chưa đóng kiện,6_12,(LDO) Đạ Huoai
20558000,GYR667XK,Luân chuyển trả,OTHER,Đã đóng kiện,6_12,(KHO) Khánh Vĩnh
20558000,GYR64HKX,Luân chuyển trả,OTHER,Đã đóng kiện,6_12,(KHO) Khánh Vĩnh
20558000,GYR6KTDE,Luân chuyển trả,OTHER,Đã đóng kiện,6_12,(KHO) Khánh Vĩnh
20558000,GYRND3K8,Luân chuyển trả,OTHER,Đã đóng kiện,6_12,(KHO) Khánh Vĩnh
20558000,GYRNBMPM,Luân chuyển trả,OTHER,Đã đóng kiện,6_12,(KHO) Khánh Vĩnh
20316000,GYR9TVME,Luân chuyển trả,OTHER,Chưa đóng kiện,6_12,(NTH) Ninh Sơn
20150000,GYR497DL_PR,Luân chuyển giao,OTHER,Chưa đóng kiện,0_6,(NTH) Bảo An
20316000,GYRV7CG6,Luân chuyển trả,OTHER,Chưa đóng kiện,6_12,(NTH) Ninh Sơn
20150000,GYRCKTTL,Luân chuyển trả,OTHER,Chưa đóng kiện,6_12,(NTH) Bảo An
20150000,GYR9XYW8,Luân chuyển trả,OTHER,Chưa đóng kiện,6_12,(NTH) Bảo An
20316000,GYRVGPTM,Luân chuyển trả,OTHER,Chưa đóng kiện,6_12,(NTH) Ninh Sơn
20150000,GYR9ALVP,Luân chuyển trả,OTHER,Chưa đóng kiện,6_12,(NTH) Bảo An
20316000,GYRVDV7Y,Luân chuyển trả,OTHER,Chưa đóng kiện,6_12,(NTH) Ninh Sơn
20150000,GYRVWKTL,Luân chuyển trả,OTHER,Chưa đóng kiện,6_12,(NTH) Bảo An
20316000,GYR6FX8G,Luân chuyển trả,OTHER,Chưa đóng kiện,6_12,(NTH) Ninh Sơn
20150000,NVS853954045,Luân chuyển trả,OTHER,Chưa đóng kiện,6_12,(NTH) Bảo An
20316000,GYR67E9R,Luân chuyển trả,OTHER,Chưa đóng kiện,6_12,(NTH) Ninh Sơn
20150000,GYR6LFP7,Luân chuyển trả,OTHER,Chưa đóng kiện,6_12,(NTH) Bảo An
20316000,GYR6CD6Q,Luân chuyển trả,OTHER,Chưa đóng kiện,6_12,(NTH) Ninh Sơn
20150000,GYR69NRD,Luân chuyển trả,OTHER,Chưa đóng kiện,6_12,(NTH) Bảo An
20316000,GYR6C4F4,Luân chuyển trả,OTHER,Chưa đóng kiện,6_12,(NTH) Ninh Sơn
20150000,GYR6MEDA,Luân chuyển trả,OTHER,Chưa đóng kiện,6_12,(NTH) Bảo An
20316000,NVS852288924,Luân chuyển trả,OTHER,Chưa đóng kiện,6_12,(NTH) Ninh Sơn
20150000,GYRNF7A9,Luân chuyển trả,OTHER,Chưa đóng kiện,6_12,(NTH) Bảo An
20316000,GYR6NBAW,Luân chuyển trả,OTHER,Chưa đóng kiện,6_12,(NTH) Ninh Sơn
2309,GYR4YUUQ,Luân chuyển giao,SHOPEE,Chưa đóng kiện,0_6,(DNO) Đức Lập
20150000,GYRNV6W6,Luân chuyển trả,OTHER,Chưa đóng kiện,6_12,(NTH) Bảo An
20316000,GYR6D9L9,Luân chuyển trả,OTHER,Chưa đóng kiện,6_12,(NTH) Ninh Sơn
2309,GYR6APNB,Luân chuyển trả,OTHER,Chưa đóng kiện,0_6,(DNO) Đức Lập
2309,GYRG8PH7,Luân chuyển trả,OTHER,Chưa đóng kiện,6_12,(DNO) Đức Lập
2309,GYRCH4BT,Luân chuyển trả,OTHER,Không cần đóng kiện,6_12,(DNO) Đức Lập
20143000,GYR9HR36,Luân chuyển trả,OTHER,Chưa đóng kiện,6_12,(KHO) Diên Khánh 2
20143000,GYR9XQRX,Luân chuyển trả,OTHER,Chưa đóng kiện,6_12,(KHO) Diên Khánh 2
20143000,GYRVRHTN,Luân chuyển trả,OTHER,Chưa đóng kiện,6_12,(KHO) Diên Khánh 2
20558000,VNGH80661319710,Luân chuyển trả,TTS,Đã đóng kiện,6_12,(KHO) Khánh Vĩnh
2399,VNGH80997069906,Luân chuyển giao,TTS,Chưa đóng kiện,0_6,(KHO) Bắc Nha Trang
2309,GYRV986Q,Luân chuyển trả,OTHER,Chưa đóng kiện,6_12,(DNO) Đức Lập
2399,GYYY7LDU,Luân chuyển trả,OTHER,Chưa đóng kiện,6_12,(KHO) Bắc Nha Trang
2399,GYRC8LB7,Luân chuyển trả,OTHER,Chưa đóng kiện,6_12,(KHO) Bắc Nha Trang
2309,GYRV9YBF,Luân chuyển trả,OTHER,Chưa đóng kiện,6_12,(DNO) Đức Lập
2399,GYR96BCC,Luân chuyển trả,OTHER,Chưa đóng kiện,6_12,(KHO) Bắc Nha Trang
20543000,GYR9UMHT,Luân chuyển trả,OTHER,Chưa đóng kiện,6_12,(KHO) Ninh Hòa 2
20591000,VNGH80666359905,Luân chuyển giao,TTS,Chưa đóng kiện,0_6,(DNO) Krông Nô
20543000,GYRVQVNM,Luân chuyển trả,OTHER,Chưa đóng kiện,6_12,(KHO) Ninh Hòa 2
20543000,GYR6CQ87,Luân chuyển trả,OTHER,Chưa đóng kiện,6_12,(KHO) Ninh Hòa 2
20633000,VNGH80134009904,Luân chuyển giao,TTS,Chưa đóng kiện,0_6,(BTH) Bắc Bình
20648000,GYRV9GW8,Luân chuyển trả,OTHER,Chưa đóng kiện,6_12,(NTH) Ninh Chử
20633000,VNGH80029449904,Luân chuyển giao,TTS,Chưa đóng kiện,0_6,(BTH) Bắc Bình
20648000,GYRVD3BA,Luân chuyển trả,OTHER,Chưa đóng kiện,6_12,(NTH) Ninh Chử
20633000,GYRK3PV3,Luân chuyển giao,SHOPEE,Chưa đóng kiện,0_6,(BTH) Bắc Bình
20648000,GYRVPC3R,Luân chuyển trả,OTHER,Chưa đóng kiện,6_12,(NTH) Ninh Chử
20633000,GYRVK6UA,Luân chuyển trả,OTHER,Chưa đóng kiện,6_12,(BTH) Bắc Bình
20648000,GYRVY7UW,Luân chuyển trả,OTHER,Chưa đóng kiện,6_12,(NTH) Ninh Chử
20633000,GYRVXDTF,Luân chuyển trả,OTHER,Chưa đóng kiện,6_12,(BTH) Bắc Bình
20648000,GYR6L87Q,Luân chuyển trả,OTHER,Chưa đóng kiện,6_12,(NTH) Ninh Chử
20633000,GYR67R9D,Luân chuyển trả,OTHER,Chưa đóng kiện,6_12,(BTH) Bắc Bình
20648000,GYR6PV68,Luân chuyển trả,OTHER,Chưa đóng kiện,6_12,(NTH) Ninh Chử
20633000,NVS855674941,Luân chuyển trả,OTHER,Không cần đóng kiện,6_12,(BTH) Bắc Bình
20633000,GYRNGARH,Luân chuyển trả,OTHER,Chưa đóng kiện,6_12,(BTH) Bắc Bình
20633000,GYRNP97V,Luân chuyển trả,OTHER,Chưa đóng kiện,6_12,(BTH) Bắc Bình
20633000,GYRN4V7R,Luân chuyển trả,OTHER,Không cần đóng kiện,6_12,(BTH) Bắc Bình
20633000,GYRNXVEW,Luân chuyển trả,OTHER,Chưa đóng kiện,6_12,(BTH) Bắc Bình
20633000,GYRDV67W,Luân chuyển trả,OTHER,Chưa đóng kiện,6_12,(BTH) Bắc Bình
20633000,VNGH80512669801,Luân chuyển trả,TTS,Chưa đóng kiện,6_12,(BTH) Bắc Bình
20633000,VNGH80880519803,Luân chuyển trả,TTS,Chưa đóng kiện,6_12,(BTH) Bắc Bình
20633000,VNGH80815459805,Luân chuyển trả,TTS,Chưa đóng kiện,6_12,(BTH) Bắc Bình
20633000,VNGH80033849803,Luân chuyển trả,TTS,Chưa đóng kiện,6_12,(BTH) Bắc Bình
20633000,VNGH80499159710,Luân chuyển trả,TTS,Chưa đóng kiện,6_12,(BTH) Bắc Bình
20499000,GYRVFHAC,Luân chuyển trả,OTHER,Chưa đóng kiện,0_6,(NTH) Phước Dinh
20499000,GYR6WVGQ,Luân chuyển trả,SHOPEE,Chưa đóng kiện,0_6,(NTH) Phước Dinh
20499000,GYR6WAW8,Luân chuyển trả,SHOPEE,Chưa đóng kiện,0_6,(NTH) Phước Dinh
20543000,GYR6DMU9,Luân chuyển trả,OTHER,Chưa đóng kiện,6_12,(KHO) Ninh Hòa 2
20499000,GYR6RFA6,Luân chuyển trả,SHOPEE,Không cần đóng kiện,0_6,(NTH) Phước Dinh
20499000,GYRNQAWN,Luân chuyển trả,SHOPEE,Không cần đóng kiện,0_6,(NTH) Phước Dinh
20543000,GYR6PVVM,Luân chuyển trả,OTHER,Chưa đóng kiện,6_12,(KHO) Ninh Hòa 2
20499000,GYRNG6HF,Luân chuyển trả,SHOPEE,Chưa đóng kiện,0_6,(NTH) Phước Dinh
20543000,GYR68RG8,Luân chuyển trả,OTHER,Chưa đóng kiện,6_12,(KHO) Ninh Hòa 2
20499000,GYRQKB8N,Luân chuyển trả,OTHER,Chưa đóng kiện,6_12,(NTH) Phước Dinh
20543000,GYR6YTVM,Luân chuyển trả,OTHER,Chưa đóng kiện,6_12,(KHO) Ninh Hòa 2
20499000,GYRCFXRW,Luân chuyển trả,OTHER,Chưa đóng kiện,6_12,(NTH) Phước Dinh
20499000,GYRCKT44,Luân chuyển trả,OTHER,Chưa đóng kiện,6_12,(NTH) Phước Dinh
20543000,GYRNF7AX,Luân chuyển trả,OTHER,Chưa đóng kiện,6_12,(KHO) Ninh Hòa 2
20499000,GYR9YTGE,Luân chuyển trả,OTHER,Chưa đóng kiện,6_12,(NTH) Phước Dinh
20499000,GYRV7XDT,Luân chuyển trả,OTHER,Chưa đóng kiện,6_12,(NTH) Phước Dinh
20499000,GYRVBWRK,Luân chuyển trả,OTHER,Chưa đóng kiện,6_12,(NTH) Phước Dinh
20499000,GYRVYP8T,Luân chuyển trả,OTHER,Chưa đóng kiện,6_12,(NTH) Phước Dinh
20143000,GYR6DDYK,Luân chuyển trả,OTHER,Chưa đóng kiện,6_12,(KHO) Diên Khánh 2
20143000,GYR647WP,Luân chuyển trả,OTHER,Chưa đóng kiện,6_12,(KHO) Diên Khánh 2
20143000,GYRN7M77,Luân chuyển trả,OTHER,Chưa đóng kiện,6_12,(KHO) Diên Khánh 2
20143000,GYRN39TD,Luân chuyển trả,OTHER,Chưa đóng kiện,6_12,(KHO) Diên Khánh 2
20143000,GYRD363L,Luân chuyển trả,OTHER,Chưa đóng kiện,6_12,(KHO) Diên Khánh 2
20143000,VNGH80478589802,Luân chuyển trả,TTS,Chưa đóng kiện,6_12,(KHO) Diên Khánh 2
20143000,VNGH80894259709,Luân chuyển trả,TTS,Chưa đóng kiện,6_12,(KHO) Diên Khánh 2
20143000,VNGH80238289805,Luân chuyển trả,TTS,Chưa đóng kiện,6_12,(KHO) Diên Khánh 2
20143000,VNGH80970519801,Luân chuyển trả,TTS,Chưa đóng kiện,6_12,(KHO) Diên Khánh 2
20143000,VNGH80984359804,Luân chuyển trả,TTS,Không cần đóng kiện,6_12,(KHO) Diên Khánh 2
20143000,VNGH80997119801,Luân chuyển trả,TTS,Chưa đóng kiện,6_12,(KHO) Diên Khánh 2
20143000,VNGH80689529709,Luân chuyển trả,TTS,Chưa đóng kiện,6_12,(KHO) Diên Khánh 2
20143000,VNGH80144829707,Luân chuyển trả,TTS,Chưa đóng kiện,6_12,(KHO) Diên Khánh 2
20143000,VNGH80584299703,Luân chuyển trả,TTS,Chưa đóng kiện,6_12,(KHO) Diên Khánh 2
20143000,VNGH80108089707,Luân chuyển trả,TTS,Chưa đóng kiện,6_12,(KHO) Diên Khánh 2
20143000,VNGH80444199703,Luân chuyển trả,TTS,Chưa đóng kiện,6_12,(KHO) Diên Khánh 2
20143000,VNGH80395269708,Luân chuyển trả,TTS,Chưa đóng kiện,6_12,(KHO) Diên Khánh 2
20143000,VNGH80029399705,Luân chuyển trả,TTS,Chưa đóng kiện,6_12,(KHO) Diên Khánh 2
20143000,VNGH80148999701,Luân chuyển trả,TTS,Chưa đóng kiện,6_12,(KHO) Diên Khánh 2
20543000,GYRN7PQG,Luân chuyển trả,OTHER,Chưa đóng kiện,6_12,(KHO) Ninh Hòa 2
20143000,VNGH80496879702,Luân chuyển trả,TTS,Chưa đóng kiện,6_12,(KHO) Diên Khánh 2
20543000,GYRNU9PT,Luân chuyển trả,OTHER,Chưa đóng kiện,6_12,(KHO) Ninh Hòa 2
20543000,GYRNNCAL,Luân chuyển trả,OTHER,Chưa đóng kiện,6_12,(KHO) Ninh Hòa 2
20543000,GYRD3GLN,Luân chuyển trả,OTHER,Chưa đóng kiện,6_12,(KHO) Ninh Hòa 2
20143000,GYR46NYG,Luân chuyển trả,OTHER,Chưa đóng kiện,6_12,(KHO) Diên Khánh 2
20633000,VNGH80480399710,Luân chuyển trả,TTS,Chưa đóng kiện,6_12,(BTH) Bắc Bình
20648000,GYR6BR4H,Luân chuyển trả,OTHER,Chưa đóng kiện,6_12,(NTH) Ninh Chử
20591000,GYY66MX6,Luân chuyển trả,OTHER,Chưa đóng kiện,6_12,(DNO) Krông Nô
20150000,GYRNVPUX,Luân chuyển trả,OTHER,Chưa đóng kiện,6_12,(NTH) Bảo An
2502,GYRDQCFL,Luân chuyển trả,OTHER,Không cần đóng kiện,0_6,(KHO) Nam Nha Trang 5
20316000,GYR646GL,Luân chuyển trả,OTHER,Chưa đóng kiện,6_12,(NTH) Ninh Sơn
20558000,VNGH80869689708,Luân chuyển trả,TTS,Không cần đóng kiện,6_12,(KHO) Khánh Vĩnh
1896,VNGH80408219703,Luân chuyển trả,TTS,Chưa đóng kiện,6_12,(LDO) Đạ Huoai
20588000,GYR93EHA,Luân chuyển trả,OTHER,Chưa đóng kiện,6_12,(KHO) Cam Lâm 2
2309,GYRVV89L,Luân chuyển trả,OTHER,Chưa đóng kiện,6_12,(DNO) Đức Lập
2399,GYR9PVV6,Luân chuyển trả,OTHER,Chưa đóng kiện,6_12,(KHO) Bắc Nha Trang
20495000,GYRGRDHR,Luân chuyển trả,OTHER,Chưa đóng kiện,6_12,(KHO) Nha Trang
20144000,GYR9D4E6,Luân chuyển trả,OTHER,Chưa đóng kiện,6_12,(BTH) Mũi Né
20320000,GYRQKBXP,Luân chuyển trả,OTHER,Chưa đóng kiện,6_12,(KHO) Tây Nha Trang
20269000,GYRDF3YH,Luân chuyển trả,OTHER,Chưa đóng kiện,0_6,(DNO) Kiến Đức
20590000,GYR7FNQU,Luân chuyển trả,OTHER,Chưa đóng kiện,6_12,(DNO) Tuy Đức
20499000,GYRVYMG6,Luân chuyển trả,OTHER,Không cần đóng kiện,6_12,(NTH) Phước Dinh
20633000,GYR6HVAD,Luân chuyển trả,SHOPEE,Chưa đóng kiện,12_24,(BTH) Bắc Bình
20543000,VNGH80691479805,Luân chuyển trả,TTS,Chưa đóng kiện,6_12,(KHO) Ninh Hòa 2
20143000,GYRP6QDC,Luân chuyển trả,OTHER,Chưa đóng kiện,6_12,(KHO) Diên Khánh 2
20150000,GYRNVE7A,Luân chuyển trả,OTHER,Chưa đóng kiện,6_12,(NTH) Bảo An
20648000,GYR64MQF,Luân chuyển trả,OTHER,Chưa đóng kiện,6_12,(NTH) Ninh Chử
20591000,GYYH8YVT,Luân chuyển trả,OTHER,Chưa đóng kiện,6_12,(DNO) Krông Nô
2502,GYRCMCVA,Luân chuyển trả,OTHER,Chưa đóng kiện,6_12,(KHO) Nam Nha Trang 5
20316000,GYR6WFNT,Luân chuyển trả,OTHER,Chưa đóng kiện,6_12,(NTH) Ninh Sơn
20316000,GYR6T4AD,Luân chuyển trả,OTHER,Chưa đóng kiện,6_12,(NTH) Ninh Sơn
20316000,GYR6EU4C,Luân chuyển trả,OTHER,Chưa đóng kiện,6_12,(NTH) Ninh Sơn
20316000,GYRN7C6F,Luân chuyển trả,OTHER,Chưa đóng kiện,6_12,(NTH) Ninh Sơn
20316000,GYRNC9Q7,Luân chuyển trả,OTHER,Chưa đóng kiện,6_12,(NTH) Ninh Sơn
20316000,GYRNDLFC,Luân chuyển trả,OTHER,Chưa đóng kiện,6_12,(NTH) Ninh Sơn
20316000,GYRNPEAK,Luân chuyển trả,OTHER,Chưa đóng kiện,6_12,(NTH) Ninh Sơn
20316000,VNGH80520359804,Luân chuyển trả,TTS,Chưa đóng kiện,6_12,(NTH) Ninh Sơn
20316000,VNGH80207039710,Luân chuyển trả,TTS,Chưa đóng kiện,6_12,(NTH) Ninh Sơn
20316000,VNGH80915569710,Luân chuyển trả,TTS,Chưa đóng kiện,6_12,(NTH) Ninh Sơn
20316000,VNGH80867579710,Luân chuyển trả,TTS,Không cần đóng kiện,6_12,(NTH) Ninh Sơn
20316000,VNGH80317079801,Luân chuyển trả,TTS,Chưa đóng kiện,6_12,(NTH) Ninh Sơn
20316000,VNGH80932879803,Luân chuyển trả,TTS,Chưa đóng kiện,6_12,(NTH) Ninh Sơn
20316000,VNGH80534719706,Luân chuyển trả,TTS,Chưa đóng kiện,6_12,(NTH) Ninh Sơn
20316000,VNGH80402239708,Luân chuyển trả,TTS,Chưa đóng kiện,6_12,(NTH) Ninh Sơn
20316000,VNGH80659399706,Luân chuyển trả,TTS,Chưa đóng kiện,6_12,(NTH) Ninh Sơn
20316000,VNGH80850309707,Luân chuyển trả,TTS,Chưa đóng kiện,6_12,(NTH) Ninh Sơn
20316000,VNGH80483859801,Luân chuyển trả,TTS,Chưa đóng kiện,6_12,(NTH) Ninh Sơn
20316000,VNGH80844839802,Luân chuyển trả,TTS,Chưa đóng kiện,6_12,(NTH) Ninh Sơn
20316000,VNGH80896989709,Luân chuyển trả,TTS,Chưa đóng kiện,6_12,(NTH) Ninh Sơn
20316000,VNGH80909039710,Luân chuyển trả,TTS,Chưa đóng kiện,6_12,(NTH) Ninh Sơn
20316000,VNGH80463069709,Luân chuyển trả,TTS,Chưa đóng kiện,6_12,(NTH) Ninh Sơn
20316000,VNGH80275099707,Luân chuyển trả,TTS,Chưa đóng kiện,6_12,(NTH) Ninh Sơn
20316000,VNGH80824619707,Luân chuyển trả,TTS,Chưa đóng kiện,6_12,(NTH) Ninh Sơn
20316000,VNGH80325189706,Luân chuyển trả,TTS,Chưa đóng kiện,6_12,(NTH) Ninh Sơn
20316000,VNGH80941369706,Luân chuyển trả,TTS,Chưa đóng kiện,6_12,(NTH) Ninh Sơn
20316000,VNGH80896339706,Luân chuyển trả,TTS,Không cần đóng kiện,6_12,(NTH) Ninh Sơn
20316000,VNGH80803139706,Luân chuyển trả,TTS,Chưa đóng kiện,6_12,(NTH) Ninh Sơn
20316000,VNGH80296209607,Luân chuyển trả,TTS,Chưa đóng kiện,6_12,(NTH) Ninh Sơn
20316000,VNGH80308009708,Luân chuyển trả,TTS,Chưa đóng kiện,6_12,(NTH) Ninh Sơn
20316000,VNGH80639479705,Luân chuyển trả,TTS,Chưa đóng kiện,6_12,(NTH) Ninh Sơn
20316000,VNGH80359669709,Luân chuyển trả,TTS,Chưa đóng kiện,6_12,(NTH) Ninh Sơn
20316000,VNGH80536309710,Luân chuyển trả,TTS,Chưa đóng kiện,6_12,(NTH) Ninh Sơn
20316000,VNGH80597249706,Luân chuyển trả,TTS,Chưa đóng kiện,6_12,(NTH) Ninh Sơn
20316000,VNGH80680559705,Luân chuyển trả,TTS,Chưa đóng kiện,6_12,(NTH) Ninh Sơn
20316000,VNGH80382209705,Luân chuyển trả,TTS,Chưa đóng kiện,6_12,(NTH) Ninh Sơn
20316000,VNGH80108639705,Luân chuyển trả,TTS,Không cần đóng kiện,6_12,(NTH) Ninh Sơn
20316000,GYRNGRVM,Luân chuyển trả,OTHER,Chưa đóng kiện,6_12,(NTH) Ninh Sơn
20316000,GYR3P86X,Luân chuyển trả,SHOPEE,Chưa đóng kiện,6_12,(NTH) Ninh Sơn
20316000,GYRP4VUG,Luân chuyển trả,SHOPEE,Không cần đóng kiện,12_24,(NTH) Ninh Sơn
20316000,GYRBDGYR,Luân chuyển trả,SHOPEE,Không cần đóng kiện,12_24,(NTH) Ninh Sơn
20269000,GYYHUK9P,Luân chuyển trả,OTHER,Không cần đóng kiện,6_12,(DNO) Kiến Đức
20269000,GYYE4L3W,Luân chuyển trả,OTHER,Chưa đóng kiện,6_12,(DNO) Kiến Đức
20558000,VNGH80182419707,Luân chuyển trả,TTS,Chưa đóng kiện,6_12,(KHO) Khánh Vĩnh
1896,VNGH80676059702,Luân chuyển trả,TTS,Chưa đóng kiện,6_12,(LDO) Đạ Huoai
20588000,GYRVPUBM,Luân chuyển trả,OTHER,Chưa đóng kiện,6_12,(KHO) Cam Lâm 2
2309,GYRVVYL7,Luân chuyển trả,OTHER,Chưa đóng kiện,6_12,(DNO) Đức Lập
2399,GYR94LVH,Luân chuyển trả,OTHER,Chưa đóng kiện,6_12,(KHO) Bắc Nha Trang
20495000,GYRUWCHK,Luân chuyển trả,OTHER,Chưa đóng kiện,6_12,(KHO) Nha Trang
20144000,GYRV4DW6,Luân chuyển trả,OTHER,Chưa đóng kiện,6_12,(BTH) Mũi Né
20320000,GYRQ8W44,Luân chuyển trả,OTHER,Chưa đóng kiện,6_12,(KHO) Tây Nha Trang
20143000,GYRVA7T4,Luân chuyển trả,OTHER,Chưa đóng kiện,6_12,(KHO) Diên Khánh 2
20590000,GYRUGFQC,Luân chuyển trả,OTHER,Chưa đóng kiện,6_12,(DNO) Tuy Đức
20499000,GYRVEMKP,Luân chuyển trả,OTHER,Chưa đóng kiện,6_12,(NTH) Phước Dinh
20633000,GYR44T8P,Luân chuyển trả,SHOPEE,Không cần đóng kiện,12_24,(BTH) Bắc Bình
20543000,VNGH80417649805,Luân chuyển trả,TTS,Chưa đóng kiện,6_12,(KHO) Ninh Hòa 2
20648000,GYR6K3BD,Luân chuyển trả,OTHER,Chưa đóng kiện,6_12,(NTH) Ninh Chử
20150000,GYRN6PD8,Luân chuyển trả,OTHER,Chưa đóng kiện,6_12,(NTH) Bảo An
20591000,GYRGKKNB,Luân chuyển trả,OTHER,Chưa đóng kiện,6_12,(DNO) Krông Nô
2502,GYR93DFC,Luân chuyển trả,OTHER,Chưa đóng kiện,6_12,(KHO) Nam Nha Trang 5
2502,GYR6MRRB,Luân chuyển trả,OTHER,Chưa đóng kiện,6_12,(KHO) Nam Nha Trang 5
2502,GYRNC83W,Luân chuyển trả,OTHER,Chưa đóng kiện,6_12,(KHO) Nam Nha Trang 5
2502,GYRN6KGP,Luân chuyển trả,OTHER,Chưa đóng kiện,6_12,(KHO) Nam Nha Trang 5
2502,GYRNDNX4,Luân chuyển trả,OTHER,Chưa đóng kiện,6_12,(KHO) Nam Nha Trang 5
2502,GYRNP9UT,Luân chuyển trả,OTHER,Chưa đóng kiện,6_12,(KHO) Nam Nha Trang 5
2502,GYRNBNME,Luân chuyển trả,OTHER,Chưa đóng kiện,6_12,(KHO) Nam Nha Trang 5
2502,GYRDTBCM,Luân chuyển trả,OTHER,Không cần đóng kiện,6_12,(KHO) Nam Nha Trang 5
2502,GYRD76FH,Luân chuyển trả,OTHER,Chưa đóng kiện,6_12,(KHO) Nam Nha Trang 5
20320000,GYR9LKEE,Luân chuyển trả,OTHER,Chưa đóng kiện,6_12,(KHO) Tây Nha Trang
20495000,GYR9LHBL,Luân chuyển trả,OTHER,Không cần đóng kiện,6_12,(KHO) Nha Trang
20269000,GYRQY9E8,Luân chuyển trả,OTHER,Chưa đóng kiện,6_12,(DNO) Kiến Đức
20495000,NVS853362447,Luân chuyển trả,OTHER,Chưa đóng kiện,6_12,(KHO) Nha Trang
20144000,GYR6LTYL,Luân chuyển trả,OTHER,Chưa đóng kiện,6_12,(BTH) Mũi Né
20144000,GYR66U4G,Luân chuyển trả,OTHER,Chưa đóng kiện,6_12,(BTH) Mũi Né
20143000,GYRNUL9Y,Luân chuyển trả,OTHER,Chưa đóng kiện,6_12,(KHO) Diên Khánh 2
20144000,GYRNNVNH,Luân chuyển trả,OTHER,Chưa đóng kiện,6_12,(BTH) Mũi Né
2502,GYR4RKKK,Luân chuyển trả,SHOPEE,Chưa đóng kiện,12_24,(KHO) Nam Nha Trang 5
2502,GYR3CWCF,Luân chuyển trả,SHOPEE,Chưa đóng kiện,12_24,(KHO) Nam Nha Trang 5
2502,GYR4QDD7,Luân chuyển trả,OTHER,Chưa đóng kiện,12_24,(KHO) Nam Nha Trang 5
2502,GYRD4T6A,Luân chuyển trả,OTHER,Chưa đóng kiện,12_24,(KHO) Nam Nha Trang 5
2502,GYRDQC9Q,Luân chuyển trả,OTHER,Không cần đóng kiện,12_24,(KHO) Nam Nha Trang 5
2502,GYR38CE3,Luân chuyển trả,OTHER,Chưa đóng kiện,12_24,(KHO) Nam Nha Trang 5
20143000,GYRPMCW7,Luân chuyển trả,SHOPEE,Chưa đóng kiện,6_12,(KHO) Diên Khánh 2
20143000,GYRBULML,Luân chuyển trả,SHOPEE,Chưa đóng kiện,6_12,(KHO) Diên Khánh 2
20150000,GYRN6AU7,Luân chuyển trả,OTHER,Chưa đóng kiện,6_12,(NTH) Bảo An
20150000,GYRNBWWG,Luân chuyển trả,OTHER,Chưa đóng kiện,6_12,(NTH) Bảo An
20150000,GYRNBYTW,Luân chuyển trả,OTHER,Chưa đóng kiện,6_12,(NTH) Bảo An
20150000,VNGH80797209806,Luân chuyển trả,TTS,Chưa đóng kiện,6_12,(NTH) Bảo An
20150000,VNGH80239749804,Luân chuyển trả,TTS,Chưa đóng kiện,6_12,(NTH) Bảo An
20150000,VNGH80372449805,Luân chuyển trả,TTS,Chưa đóng kiện,6_12,(NTH) Bảo An
20150000,VNGH80377139709,Luân chuyển trả,TTS,Không cần đóng kiện,6_12,(NTH) Bảo An
20150000,VNGH80413779710,Luân chuyển trả,TTS,Chưa đóng kiện,6_12,(NTH) Bảo An
20150000,VNGH80375649802,Luân chuyển trả,TTS,Chưa đóng kiện,6_12,(NTH) Bảo An
20150000,VNGH80511779710,Luân chuyển trả,TTS,Chưa đóng kiện,6_12,(NTH) Bảo An
20588000,GYR6LBTY,Luân chuyển trả,OTHER,Chưa đóng kiện,6_12,(KHO) Cam Lâm 2
20150000,VNGH80230779707,Luân chuyển trả,TTS,Chưa đóng kiện,6_12,(NTH) Bảo An
20316000,GYRBMTCG,Luân chuyển trả,SHOPEE,Không cần đóng kiện,12_24,(NTH) Ninh Sơn
1896,GYRNYMQK,Luân chuyển trả,SHOPEE,Chưa đóng kiện,12_24,(LDO) Đạ Huoai
1896,GYRDTKAW,Luân chuyển trả,SHOPEE,Chưa đóng kiện,12_24,(LDO) Đạ Huoai
1896,GYRPW8M3,Luân chuyển trả,OTHER,Không cần đóng kiện,12_24,(LDO) Đạ Huoai
20150000,VNGH80525889709,Luân chuyển trả,TTS,Không cần đóng kiện,6_12,(NTH) Bảo An
20150000,VNGH80768379705,Luân chuyển trả,TTS,Không cần đóng kiện,6_12,(NTH) Bảo An
20150000,VNGH80664619710,Luân chuyển trả,TTS,Chưa đóng kiện,6_12,(NTH) Bảo An
20150000,VNGH80251569708,Luân chuyển trả,TTS,Không cần đóng kiện,6_12,(NTH) Bảo An
20150000,GYRPAAH6,Luân chuyển trả,OTHER,Chưa đóng kiện,6_12,(NTH) Bảo An
1896,GYRBTKHB,Luân chuyển trả,OTHER,Chưa đóng kiện,12_24,(LDO) Đạ Huoai
20144000,GYRD7K96,Luân chuyển trả,OTHER,Chưa đóng kiện,6_12,(BTH) Mũi Né
20316000,GYR3HFK4,Luân chuyển trả,SHOPEE,Không cần đóng kiện,12_24,(NTH) Ninh Sơn
1896,GYRNERWE,Luân chuyển trả,SHOPEE,Chưa đóng kiện,12_24,(LDO) Đạ Huoai
1896,GYRDK6TV,Luân chuyển trả,SHOPEE,Chưa đóng kiện,12_24,(LDO) Đạ Huoai
20495000,NVS854164658,Luân chuyển trả,OTHER,Chưa đóng kiện,6_12,(KHO) Nha Trang
20316000,GYRNP6PE,Luân chuyển trả,OTHER,Chưa đóng kiện,12_24,(NTH) Ninh Sơn
2309,GYRV4VN6,Luân chuyển trả,OTHER,Chưa đóng kiện,6_12,(DNO) Đức Lập
20269000,GYRQYAHP,Luân chuyển trả,OTHER,Chưa đóng kiện,6_12,(DNO) Kiến Đức
20320000,GYR9DKLW,Luân chuyển trả,OTHER,Chưa đóng kiện,6_12,(KHO) Tây Nha Trang
20543000,VNGH80159369803,Luân chuyển trả,TTS,Chưa đóng kiện,6_12,(KHO) Ninh Hòa 2
20590000,GYR9TCBY,Luân chuyển trả,OTHER,Chưa đóng kiện,6_12,(DNO) Tuy Đức
20499000,GYR6V67D,Luân chuyển trả,OTHER,Chưa đóng kiện,6_12,(NTH) Phước Dinh
20633000,GYRBV74Y,Luân chuyển trả,SHOPEE,Chưa đóng kiện,12_24,(BTH) Bắc Bình
20591000,GYRV97WH,Luân chuyển trả,OTHER,Chưa đóng kiện,6_12,(DNO) Krông Nô
20648000,GYR6M7PV,Luân chuyển trả,OTHER,Chưa đóng kiện,6_12,(NTH) Ninh Chử
20558000,VNGH80138869706,Luân chuyển trả,TTS,Chưa đóng kiện,6_12,(KHO) Khánh Vĩnh
2399,GYR9TCKV,Luân chuyển trả,OTHER,Chưa đóng kiện,6_12,(KHO) Bắc Nha Trang
2502,GYR37XP6,Luân chuyển trả,OTHER,Chưa đóng kiện,12_24,(KHO) Nam Nha Trang 5
20588000,GYR6DTYU,Luân chuyển trả,OTHER,Chưa đóng kiện,6_12,(KHO) Cam Lâm 2
20143000,GYRB9WWP,Luân chuyển trả,SHOPEE,Chưa đóng kiện,6_12,(KHO) Diên Khánh 2
20144000,VNGH80475229805,Luân chuyển trả,TTS,Chưa đóng kiện,6_12,(BTH) Mũi Né
1896,GYRBAXKL,Luân chuyển giao,OTHER,Không cần đóng kiện,24_36,(LDO) Đạ Huoai
20495000,GYR9TCK6,Luân chuyển trả,OTHER,Chưa đóng kiện,6_12,(KHO) Nha Trang
20316000,GYRNLTPC,Luân chuyển trả,OTHER,Chưa đóng kiện,12_24,(NTH) Ninh Sơn
2309,S1636033109O33593,Luân chuyển trả,OTHER,Chưa đóng kiện,6_12,(DNO) Đức Lập
2309,GYR66TUR,Luân chuyển trả,OTHER,Chưa đóng kiện,6_12,(DNO) Đức Lập
2309,GYR6P9UY,Luân chuyển trả,OTHER,Chưa đóng kiện,6_12,(DNO) Đức Lập
2309,GYR6WWEK,Luân chuyển trả,OTHER,Chưa đóng kiện,6_12,(DNO) Đức Lập
2309,GYR6MVKH,Luân chuyển trả,OTHER,Chưa đóng kiện,6_12,(DNO) Đức Lập
2309,GYRN3R9L,Luân chuyển trả,OTHER,Chưa đóng kiện,6_12,(DNO) Đức Lập
2309,GYRNMQL8,Luân chuyển trả,OTHER,Chưa đóng kiện,6_12,(DNO) Đức Lập
2309,GYRDQE7W,Luân chuyển trả,OTHER,Chưa đóng kiện,6_12,(DNO) Đức Lập
2309,GYRN4V6P,Luân chuyển trả,OTHER,Chưa đóng kiện,6_12,(DNO) Đức Lập
2309,VNGH80853209805,Luân chuyển trả,TTS,Chưa đóng kiện,6_12,(DNO) Đức Lập
2309,VNGH80264549803,Luân chuyển trả,TTS,Chưa đóng kiện,6_12,(DNO) Đức Lập
2309,VNGH80423049802,Luân chuyển trả,TTS,Chưa đóng kiện,6_12,(DNO) Đức Lập
20316000,GYRVYCC8,Luân chuyển trả,OTHER,Chưa đóng kiện,12_24,(NTH) Ninh Sơn
2309,VNGH80335259802,Luân chuyển trả,TTS,Chưa đóng kiện,6_12,(DNO) Đức Lập
20316000,GYRBQRR9,Luân chuyển trả,SHOPEE,Chưa đóng kiện,12_24,(NTH) Ninh Sơn
2309,VNGH80750589710,Luân chuyển trả,TTS,Chưa đóng kiện,6_12,(DNO) Đức Lập
20316000,GYR379DU,Luân chuyển trả,OTHER,Chưa đóng kiện,12_24,(NTH) Ninh Sơn
20316000,GYRNN7DY,Luân chuyển trả,OTHER,Chưa đóng kiện,12_24,(NTH) Ninh Sơn
20316000,GYRDGCH9,Luân chuyển trả,SHOPEE,Chưa đóng kiện,12_24,(NTH) Ninh Sơn
20316000,GYR37AM4,Luân chuyển trả,OTHER,Chưa đóng kiện,12_24,(NTH) Ninh Sơn
20316000,GYRB7WHM,Luân chuyển trả,SHOPEE,Chưa đóng kiện,12_24,(NTH) Ninh Sơn
20316000,GYRB7WEP,Luân chuyển trả,SHOPEE,Chưa đóng kiện,12_24,(NTH) Ninh Sơn
20269000,GYRQRUXV,Luân chuyển trả,OTHER,Chưa đóng kiện,6_12,(DNO) Kiến Đức
20269000,GYRLUGVB,Luân chuyển trả,OTHER,Chưa đóng kiện,6_12,(DNO) Kiến Đức
20269000,GYRG68NR,Luân chuyển trả,OTHER,Chưa đóng kiện,6_12,(DNO) Kiến Đức
20269000,GYRURBEN,Luân chuyển trả,OTHER,Không cần đóng kiện,6_12,(DNO) Kiến Đức
20316000,GYRBCNEE,Luân chuyển trả,SHOPEE,Chưa đóng kiện,12_24,(NTH) Ninh Sơn
20316000,GYRBVLMM,Luân chuyển trả,SHOPEE,Chưa đóng kiện,12_24,(NTH) Ninh Sơn
20316000,GYRBPFY9,Luân chuyển trả,SHOPEE,Chưa đóng kiện,12_24,(NTH) Ninh Sơn
20316000,GYRBHLQV,Luân chuyển trả,SHOPEE,Chưa đóng kiện,12_24,(NTH) Ninh Sơn
20316000,GYRBHLQK,Luân chuyển trả,SHOPEE,Chưa đóng kiện,12_24,(NTH) Ninh Sơn
20316000,GYR3LUEE,Luân chuyển trả,OTHER,Chưa đóng kiện,12_24,(NTH) Ninh Sơn
20316000,NVS857142893,Luân chuyển trả,OTHER,Chưa đóng kiện,12_24,(NTH) Ninh Sơn
20316000,GYRBXA83_PR,Luân chuyển giao,OTHER,Chưa đóng kiện,12_24,(NTH) Ninh Sơn
20316000,GYR67WP4,Luân chuyển trả,OTHER,Chưa đóng kiện,12_24,(NTH) Ninh Sơn
20669000,GYRV7KQ8,Luân chuyển trả,OTHER,Chưa đóng kiện,6_12,(LDO) Cát Tiên
20269000,GYRCBWPQ,Luân chuyển trả,OTHER,Chưa đóng kiện,6_12,(DNO) Kiến Đức
20669000,GYRVVP8W,Luân chuyển trả,OTHER,Chưa đóng kiện,6_12,(LDO) Cát Tiên
20269000,GYRCYWTQ,Luân chuyển trả,OTHER,Chưa đóng kiện,6_12,(DNO) Kiến Đức
20669000,GYRVD8N9,Luân chuyển trả,OTHER,Chưa đóng kiện,6_12,(LDO) Cát Tiên
20669000,GYRVBPAD,Luân chuyển trả,OTHER,Chưa đóng kiện,6_12,(LDO) Cát Tiên
20669000,GYRVTEWR,Luân chuyển trả,OTHER,Chưa đóng kiện,6_12,(LDO) Cát Tiên
20669000,GYR6GKVP,Luân chuyển trả,OTHER,Chưa đóng kiện,6_12,(LDO) Cát Tiên
20669000,GYR6CGH9,Luân chuyển trả,OTHER,Chưa đóng kiện,6_12,(LDO) Cát Tiên
20669000,GYRN4W3B,Luân chuyển trả,OTHER,Chưa đóng kiện,6_12,(LDO) Cát Tiên
20316000,GYRPVL8R,Luân chuyển trả,SHOPEE,Chưa đóng kiện,12_24,(NTH) Ninh Sơn
20144000,VNGH80544659803,Luân chuyển trả,TTS,Không cần đóng kiện,6_12,(BTH) Mũi Né
20144000,VNGH80889299804,Luân chuyển trả,TTS,Chưa đóng kiện,6_12,(BTH) Mũi Né
20144000,VNGH80768039804,Luân chuyển trả,TTS,Chưa đóng kiện,6_12,(BTH) Mũi Né
20669000,VNGH80277869710,Luân chuyển trả,TTS,Chưa đóng kiện,6_12,(LDO) Cát Tiên
20144000,VNGH80952589701,Luân chuyển trả,TTS,Chưa đóng kiện,6_12,(BTH) Mũi Né
20316000,GYRU8E3C,Luân chuyển trả,OTHER,Chưa đóng kiện,12_24,(NTH) Ninh Sơn
20269000,GYRCMNLT,Luân chuyển trả,OTHER,Chưa đóng kiện,6_12,(DNO) Kiến Đức
20316000,GYRNNVEM,Luân chuyển trả,OTHER,Chưa đóng kiện,12_24,(NTH) Ninh Sơn
20316000,GYRNKDE8,Luân chuyển trả,OTHER,Chưa đóng kiện,12_24,(NTH) Ninh Sơn
20316000,GYRN864Y,Luân chuyển trả,OTHER,Chưa đóng kiện,12_24,(NTH) Ninh Sơn
20316000,GYRPLPMT,Luân chuyển trả,SHOPEE,Chưa đóng kiện,12_24,(NTH) Ninh Sơn
20316000,GYRPFLED,Luân chuyển trả,SHOPEE,Không cần đóng kiện,12_24,(NTH) Ninh Sơn
20316000,GYRBHGC6,Luân chuyển trả,SHOPEE,Không cần đóng kiện,12_24,(NTH) Ninh Sơn
20316000,GYR3A8DF,Luân chuyển trả,SHOPEE,Chưa đóng kiện,12_24,(NTH) Ninh Sơn
20316000,GYR3GBGR_PR,Luân chuyển giao,OTHER,Chưa đóng kiện,12_24,(NTH) Ninh Sơn
20316000,GYRWNVBW,Luân chuyển giao,OTHER,Không cần đóng kiện,12_24,(NTH) Ninh Sơn
20316000,GYRW79FW,Luân chuyển giao,SHOPEE,Không cần đóng kiện,12_24,(NTH) Ninh Sơn
20316000,GYRW7CXQ,Luân chuyển giao,SHOPEE,Không cần đóng kiện,12_24,(NTH) Ninh Sơn
20316000,GYR4AWBH,Luân chuyển giao,SHOPEE,Không cần đóng kiện,12_24,(NTH) Ninh Sơn
20316000,GYRKPEMK,Luân chuyển giao,SHOPEE,Không cần đóng kiện,12_24,(NTH) Ninh Sơn
20316000,GYR4AW8P,Luân chuyển giao,SHOPEE,Không cần đóng kiện,12_24,(NTH) Ninh Sơn
20316000,GYRK8B3V,Luân chuyển giao,OTHER,Chưa đóng kiện,12_24,(NTH) Ninh Sơn
20669000,VNGH80420579704,Luân chuyển trả,TTS,Chưa đóng kiện,6_12,(LDO) Cát Tiên
20669000,VNGH80494789703,Luân chuyển trả,TTS,Chưa đóng kiện,6_12,(LDO) Cát Tiên
20669000,VNGH80440749801,Luân chuyển trả,TTS,Chưa đóng kiện,6_12,(LDO) Cát Tiên
20669000,VNGH80430949801,Luân chuyển trả,TTS,Chưa đóng kiện,6_12,(LDO) Cát Tiên
20669000,VNGH80392139703,Luân chuyển trả,TTS,Chưa đóng kiện,6_12,(LDO) Cát Tiên
20669000,VNGH80819749706,Luân chuyển trả,TTS,Không cần đóng kiện,6_12,(LDO) Cát Tiên
20669000,GYRW694Q,Luân chuyển giao,SHOPEE,Không cần đóng kiện,12_24,(LDO) Cát Tiên
20669000,GYRKCGBH,Luân chuyển giao,SHOPEE,Không cần đóng kiện,12_24,(LDO) Cát Tiên
20669000,GYRBTWFN,Luân chuyển trả,OTHER,Chưa đóng kiện,12_24,(LDO) Cát Tiên
20669000,GYRDEHX3,Luân chuyển trả,SHOPEE,Chưa đóng kiện,12_24,(LDO) Cát Tiên
20669000,GYRV4X7H,Luân chuyển trả,OTHER,Chưa đóng kiện,12_24,(LDO) Cát Tiên
20669000,GYRVTHC4,Luân chuyển trả,SHOPEE,Không cần đóng kiện,12_24,(LDO) Cát Tiên
20669000,GYR3W8GQ,Luân chuyển trả,SHOPEE,Chưa đóng kiện,12_24,(LDO) Cát Tiên
20669000,GYRW6NFV,Luân chuyển giao,OTHER,Chưa đóng kiện,12_24,(LDO) Cát Tiên
20669000,GYRKK8HC,Luân chuyển giao,SHOPEE,Chưa đóng kiện,12_24,(LDO) Cát Tiên
20669000,GYRDNVCD,Luân chuyển trả,OTHER,Chưa đóng kiện,12_24,(LDO) Cát Tiên
20669000,GYRBWDW3_PR,Luân chuyển giao,OTHER,Chưa đóng kiện,12_24,(LDO) Cát Tiên
20669000,GYRKAPL8,Luân chuyển giao,SHOPEE,Không cần đóng kiện,12_24,(LDO) Cát Tiên
20669000,GYRWURGC,Luân chuyển giao,SHOPEE,Không cần đóng kiện,12_24,(LDO) Cát Tiên
20669000,GYRKAPLX,Luân chuyển giao,SHOPEE,Không cần đóng kiện,12_24,(LDO) Cát Tiên
20669000,GYRKAPLB,Luân chuyển giao,SHOPEE,Không cần đóng kiện,12_24,(LDO) Cát Tiên
20669000,GYRKAPLR,Luân chuyển giao,SHOPEE,Không cần đóng kiện,12_24,(LDO) Cát Tiên
20669000,GYRKAPFV,Luân chuyển giao,SHOPEE,Không cần đóng kiện,12_24,(LDO) Cát Tiên
20673000,GYR4H4C7,Luân chuyển giao,SHOPEE,Chưa đóng kiện,0_6,(DNO) Cư Jút
20669000,GYRWUR4T,Luân chuyển giao,SHOPEE,Không cần đóng kiện,12_24,(LDO) Cát Tiên
20673000,GYR9NWGV,Luân chuyển trả,OTHER,Chưa đóng kiện,6_12,(DNO) Cư Jút
20669000,GYRKAPLY,Luân chuyển giao,SHOPEE,Không cần đóng kiện,12_24,(LDO) Cát Tiên
20673000,GYR9R7BQ,Luân chuyển trả,OTHER,Chưa đóng kiện,6_12,(DNO) Cư Jút
20669000,GYRKAPLM,Luân chuyển giao,SHOPEE,Không cần đóng kiện,12_24,(LDO) Cát Tiên
20673000,GYRV7GAH,Luân chuyển trả,OTHER,Chưa đóng kiện,6_12,(DNO) Cư Jút
20669000,GYRKAPFG,Luân chuyển giao,SHOPEE,Không cần đóng kiện,12_24,(LDO) Cát Tiên
20673000,GYRVVUVP,Luân chuyển trả,OTHER,Chưa đóng kiện,6_12,(DNO) Cư Jút
20669000,GYRKAPFL,Luân chuyển giao,SHOPEE,Không cần đóng kiện,12_24,(LDO) Cát Tiên
20673000,GYRVDWXY,Luân chuyển trả,OTHER,Không cần đóng kiện,6_12,(DNO) Cư Jút
20669000,GYRKAPFC,Luân chuyển giao,SHOPEE,Không cần đóng kiện,12_24,(LDO) Cát Tiên
20673000,GYRVBRT3,Luân chuyển trả,OTHER,Chưa đóng kiện,6_12,(DNO) Cư Jút
20673000,GYRV367U,Luân chuyển trả,OTHER,Chưa đóng kiện,6_12,(DNO) Cư Jút
20673000,GYRVWNP8,Luân chuyển trả,OTHER,Chưa đóng kiện,6_12,(DNO) Cư Jút
20670000,GYRVN6NB,Luân chuyển trả,OTHER,Chưa đóng kiện,6_12,(LDO) Đam Rông 3
20669000,GYR3AYE6_PR,Luân chuyển giao,OTHER,Chưa đóng kiện,12_24,(LDO) Cát Tiên
20670000,GYRVDCCE,Luân chuyển trả,OTHER,Chưa đóng kiện,6_12,(LDO) Đam Rông 3
20673000,GYRVAUHE,Luân chuyển trả,OTHER,Chưa đóng kiện,6_12,(DNO) Cư Jút
20673000,GYRVATY7,Luân chuyển trả,OTHER,Chưa đóng kiện,6_12,(DNO) Cư Jút
20673000,GYR6UL9P,Luân chuyển trả,OTHER,Chưa đóng kiện,6_12,(DNO) Cư Jút
20673000,GYR6NEU8,Luân chuyển trả,OTHER,Chưa đóng kiện,6_12,(DNO) Cư Jút
20673000,GYR6RXEP,Luân chuyển trả,OTHER,Chưa đóng kiện,6_12,(DNO) Cư Jút
20673000,GYRDQATQ,Luân chuyển trả,OTHER,Chưa đóng kiện,6_12,(DNO) Cư Jút
20673000,VNGH80491719802,Luân chuyển trả,TTS,Chưa đóng kiện,6_12,(DNO) Cư Jút
20673000,VNGH80101099804,Luân chuyển trả,TTS,Chưa đóng kiện,6_12,(DNO) Cư Jút
20673000,VNGH80105789803,Luân chuyển trả,TTS,Chưa đóng kiện,6_12,(DNO) Cư Jút
20673000,VNGH80228999710,Luân chuyển trả,TTS,Chưa đóng kiện,6_12,(DNO) Cư Jút
20673000,VNGH80702459803,Luân chuyển trả,TTS,Chưa đóng kiện,6_12,(DNO) Cư Jút
20673000,VNGH80260139709,Luân chuyển trả,TTS,Không cần đóng kiện,6_12,(DNO) Cư Jút
20673000,VNGH80578909709,Luân chuyển trả,TTS,Chưa đóng kiện,6_12,(DNO) Cư Jút
20673000,VNGH80515129707,Luân chuyển trả,TTS,Chưa đóng kiện,6_12,(DNO) Cư Jút
20673000,VNGH80435659707,Luân chuyển trả,TTS,Chưa đóng kiện,6_12,(DNO) Cư Jút
20673000,VNGH80420139801,Luân chuyển trả,TTS,Chưa đóng kiện,6_12,(DNO) Cư Jút
20673000,VNGH80950029705,Luân chuyển trả,TTS,Chưa đóng kiện,6_12,(DNO) Cư Jút
20673000,VNGH80326699708,Luân chuyển trả,TTS,Chưa đóng kiện,6_12,(DNO) Cư Jút
20673000,VNGH80043589703,Luân chuyển trả,TTS,Chưa đóng kiện,6_12,(DNO) Cư Jút
20673000,VNGH80857869703,Luân chuyển trả,TTS,Chưa đóng kiện,6_12,(DNO) Cư Jút
20673000,VNGH80153079708,Luân chuyển trả,TTS,Chưa đóng kiện,6_12,(DNO) Cư Jút
20673000,VNGH80445549707,Luân chuyển trả,TTS,Chưa đóng kiện,6_12,(DNO) Cư Jút
20673000,VNGH80665629707,Luân chuyển trả,TTS,Chưa đóng kiện,6_12,(DNO) Cư Jút
20673000,VNGH80088019703,Luân chuyển trả,TTS,Chưa đóng kiện,6_12,(DNO) Cư Jút
20673000,VNGH80937929706,Luân chuyển trả,TTS,Chưa đóng kiện,6_12,(DNO) Cư Jút
20673000,VNGH80387879705,Luân chuyển trả,TTS,Chưa đóng kiện,6_12,(DNO) Cư Jút
20673000,VNGH80839499702,Luân chuyển trả,TTS,Chưa đóng kiện,6_12,(DNO) Cư Jút
20673000,GYRDY9DF,Luân chuyển trả,SHOPEE,Chưa đóng kiện,12_24,(DNO) Cư Jút
20673000,GYR9EUXL,Luân chuyển trả,OTHER,Chưa đóng kiện,12_24,(DNO) Cư Jút
20673000,GYRDR8M4,Luân chuyển trả,SHOPEE,Chưa đóng kiện,12_24,(DNO) Cư Jút
20673000,GYRPENTG,Luân chuyển trả,SHOPEE,Chưa đóng kiện,12_24,(DNO) Cư Jút
20673000,GYR4FKAP,Luân chuyển trả,OTHER,Chưa đóng kiện,12_24,(DNO) Cư Jút
20673000,GYR39D8C,Luân chuyển trả,OTHER,Chưa đóng kiện,12_24,(DNO) Cư Jút
20673000,GYRDQHHH,Luân chuyển trả,SHOPEE,Chưa đóng kiện,12_24,(DNO) Cư Jút
20673000,GYR6BPCH,Luân chuyển trả,SHOPEE,Chưa đóng kiện,12_24,(DNO) Cư Jút
20673000,GYR6UFFH,Luân chuyển trả,OTHER,Chưa đóng kiện,12_24,(DNO) Cư Jút
20673000,GYRDGVDF,Luân chuyển trả,OTHER,Chưa đóng kiện,12_24,(DNO) Cư Jút
20669000,GYY38YW3,Luân chuyển trả,SHOPEE,Không cần đóng kiện,12_24,(LDO) Cát Tiên
20543000,VNGH80583509803,Luân chuyển trả,TTS,Chưa đóng kiện,6_12,(KHO) Ninh Hòa 2
20543000,VNGH80542459804,Luân chuyển trả,TTS,Chưa đóng kiện,6_12,(KHO) Ninh Hòa 2
20543000,VNGH80945789801,Luân chuyển trả,TTS,Chưa đóng kiện,6_12,(KHO) Ninh Hòa 2
20543000,VNGH80977449803,Luân chuyển trả,TTS,Chưa đóng kiện,6_12,(KHO) Ninh Hòa 2
20543000,VNGH80553149710,Luân chuyển trả,TTS,Chưa đóng kiện,6_12,(KHO) Ninh Hòa 2
20590000,GYR9XTQ7,Luân chuyển trả,OTHER,Chưa đóng kiện,6_12,(DNO) Tuy Đức
20499000,GYR66XVB,Luân chuyển trả,OTHER,Chưa đóng kiện,6_12,(NTH) Phước Dinh
20499000,GYR6MUHY,Luân chuyển trả,OTHER,Chưa đóng kiện,6_12,(NTH) Phước Dinh
20633000,GYRBBEWH,Luân chuyển trả,SHOPEE,Chưa đóng kiện,12_24,(BTH) Bắc Bình
20670000,GYR6QTU3,Luân chuyển trả,OTHER,Chưa đóng kiện,6_12,(LDO) Đam Rông 3
20633000,GYRB9E7N,Luân chuyển trả,SHOPEE,Chưa đóng kiện,12_24,(BTH) Bắc Bình
20633000,GYRBWN4E,Luân chuyển trả,SHOPEE,Chưa đóng kiện,12_24,(BTH) Bắc Bình
20591000,GYRVDHFH,Luân chuyển trả,OTHER,Chưa đóng kiện,6_12,(DNO) Krông Nô
20633000,GYRBXDFV,Luân chuyển trả,SHOPEE,Chưa đóng kiện,12_24,(BTH) Bắc Bình
20670000,GYR67G4B,Luân chuyển trả,OTHER,Chưa đóng kiện,6_12,(LDO) Đam Rông 3
20670000,GYR6CB6K,Luân chuyển trả,OTHER,Chưa đóng kiện,6_12,(LDO) Đam Rông 3
20670000,GYRDHT4U,Luân chuyển trả,SHOPEE,Chưa đóng kiện,6_12,(LDO) Đam Rông 3
20673000,GYRVFYX7,Luân chuyển trả,OTHER,Chưa đóng kiện,36_48,(DNO) Cư Jút
20673000,GYRPQFQB,Luân chuyển trả,SHOPEE,Chưa đóng kiện,36_48,(DNO) Cư Jút
20673000,GYRD68UA,Luân chuyển trả,SHOPEE,Chưa đóng kiện,36_48,(DNO) Cư Jút
20673000,GYRC8NCE,Luân chuyển trả,SHOPEE,Không cần đóng kiện,48_72,(DNO) Cư Jút
20673000,GYRVVX8F,Luân chuyển trả,OTHER,Chưa đóng kiện,48_72,(DNO) Cư Jút
20558000,VNGH80858649801,Luân chuyển trả,TTS,Đã đóng kiện,6_12,(KHO) Khánh Vĩnh
2399,GYRV7FFQ,Luân chuyển trả,OTHER,Chưa đóng kiện,6_12,(KHO) Bắc Nha Trang
2399,GYRV3MT7,Luân chuyển trả,OTHER,Chưa đóng kiện,6_12,(KHO) Bắc Nha Trang
2399,GYRVXL6D,Luân chuyển trả,OTHER,Chưa đóng kiện,6_12,(KHO) Bắc Nha Trang
2399,GYRV8VRA,Luân chuyển trả,OTHER,Chưa đóng kiện,6_12,(KHO) Bắc Nha Trang
20670000,GYRDRYR7,Luân chuyển trả,SHOPEE,Chưa đóng kiện,6_12,(LDO) Đam Rông 3
20670000,GYRDEYDB,Luân chuyển trả,SHOPEE,Không cần đóng kiện,6_12,(LDO) Đam Rông 3
20670000,GYRPGCRC,Luân chuyển trả,SHOPEE,Chưa đóng kiện,6_12,(LDO) Đam Rông 3
20670000,GYRPGPV4,Luân chuyển trả,SHOPEE,Không cần đóng kiện,6_12,(LDO) Đam Rông 3
20670000,GYRPC9P4,Luân chuyển trả,SHOPEE,Chưa đóng kiện,6_12,(LDO) Đam Rông 3
20670000,GYRBUCKP,Luân chuyển trả,SHOPEE,Không cần đóng kiện,6_12,(LDO) Đam Rông 3
20670000,GYRBCVU9,Luân chuyển trả,SHOPEE,Chưa đóng kiện,6_12,(LDO) Đam Rông 3
20670000,GYRB6KVQ,Luân chuyển trả,SHOPEE,Chưa đóng kiện,6_12,(LDO) Đam Rông 3
20588000,GYR6DYMU,Luân chuyển trả,OTHER,Chưa đóng kiện,6_12,(KHO) Cam Lâm 2
1896,GYR76YCD,Luân chuyển giao,OTHER,Chưa đóng kiện,192,(LDO) Đạ Huoai
20588000,GYR633BY,Luân chuyển trả,OTHER,Chưa đóng kiện,6_12,(KHO) Cam Lâm 2
20588000,GYR64EVH,Luân chuyển trả,OTHER,Chưa đóng kiện,6_12,(KHO) Cam Lâm 2
20143000,GYRBVBTF,Luân chuyển trả,SHOPEE,Chưa đóng kiện,6_12,(KHO) Diên Khánh 2
2399,GYRVYTFY,Luân chuyển trả,OTHER,Chưa đóng kiện,6_12,(KHO) Bắc Nha Trang
2399,GYR6QAUB,Luân chuyển trả,OTHER,Chưa đóng kiện,6_12,(KHO) Bắc Nha Trang
2399,GYR6L87K,Luân chuyển trả,OTHER,Chưa đóng kiện,6_12,(KHO) Bắc Nha Trang
2399,GYR6C64Y,Luân chuyển trả,OTHER,Chưa đóng kiện,6_12,(KHO) Bắc Nha Trang
20143000,GYRBE64K,Luân chuyển trả,SHOPEE,Chưa đóng kiện,6_12,(KHO) Diên Khánh 2
20670000,GYRBP968,Luân chuyển trả,SHOPEE,Không cần đóng kiện,6_12,(LDO) Đam Rông 3
20143000,GYRBE64C,Luân chuyển trả,SHOPEE,Chưa đóng kiện,6_12,(KHO) Diên Khánh 2
2399,GYR66N4C,Luân chuyển trả,OTHER,Chưa đóng kiện,6_12,(KHO) Bắc Nha Trang
20143000,GYRNE3X9,Luân chuyển trả,OTHER,Chưa đóng kiện,6_12,(KHO) Diên Khánh 2
2399,GYR6PVN7,Luân chuyển trả,OTHER,Chưa đóng kiện,6_12,(KHO) Bắc Nha Trang
2399,GYR63GUM,Luân chuyển trả,OTHER,Chưa đóng kiện,6_12,(KHO) Bắc Nha Trang
2399,GYR64VYB,Luân chuyển trả,OTHER,Chưa đóng kiện,6_12,(KHO) Bắc Nha Trang
2399,GYR6KBYK,Luân chuyển trả,OTHER,Chưa đóng kiện,6_12,(KHO) Bắc Nha Trang
20670000,GYR34YQR,Luân chuyển trả,SHOPEE,Chưa đóng kiện,6_12,(LDO) Đam Rông 3
2399,GYR68FEK,Luân chuyển trả,OTHER,Chưa đóng kiện,6_12,(KHO) Bắc Nha Trang
2399,GYR68A9H,Luân chuyển trả,OTHER,Chưa đóng kiện,6_12,(KHO) Bắc Nha Trang
20143000,GYRDTX9D,Luân chuyển trả,OTHER,Chưa đóng kiện,6_12,(KHO) Diên Khánh 2
2399,GYR6MBEW,Luân chuyển trả,OTHER,Chưa đóng kiện,6_12,(KHO) Bắc Nha Trang
20670000,GYR3CGCV,Luân chuyển trả,OTHER,Chưa đóng kiện,6_12,(LDO) Đam Rông 3
20670000,GD21026NAM136,Luân chuyển trả,OTHER,Chưa đóng kiện,6_12,(LDO) Đam Rông 3
2399,GYR6MEK8,Luân chuyển trả,OTHER,Chưa đóng kiện,6_12,(KHO) Bắc Nha Trang
2399,GYR6EC6F,Luân chuyển trả,OTHER,Không cần đóng kiện,6_12,(KHO) Bắc Nha Trang
20670000,GYR3LCLH,Luân chuyển trả,OTHER,Chưa đóng kiện,6_12,(LDO) Đam Rông 3
2399,GYR6ET6V,Luân chuyển trả,OTHER,Chưa đóng kiện,6_12,(KHO) Bắc Nha Trang
2399,GYRNQQFG,Luân chuyển trả,OTHER,Chưa đóng kiện,6_12,(KHO) Bắc Nha Trang
2399,GYRNQGCN,Luân chuyển trả,OTHER,Chưa đóng kiện,6_12,(KHO) Bắc Nha Trang
2399,GYRNLAQ6,Luân chuyển trả,OTHER,Chưa đóng kiện,6_12,(KHO) Bắc Nha Trang
2399,GYRNGG94,Luân chuyển trả,OTHER,Chưa đóng kiện,6_12,(KHO) Bắc Nha Trang
2399,GYRNCX74,Luân chuyển trả,OTHER,Chưa đóng kiện,6_12,(KHO) Bắc Nha Trang
20316000,GYRK8W3V,Luân chuyển giao,OTHER,Chưa đóng kiện,12_24,(NTH) Ninh Sơn
20320000,GYRVQ8AH,Luân chuyển trả,OTHER,Chưa đóng kiện,6_12,(KHO) Tây Nha Trang
20543000,VNGH80797659802,Luân chuyển trả,TTS,Chưa đóng kiện,6_12,(KHO) Ninh Hòa 2
20320000,GYRV7KYY,Luân chuyển trả,OTHER,Chưa đóng kiện,6_12,(KHO) Tây Nha Trang
20320000,GYRVDNCN,Luân chuyển trả,OTHER,Chưa đóng kiện,6_12,(KHO) Tây Nha Trang
20543000,VNGH80029859710,Luân chuyển trả,TTS,Chưa đóng kiện,6_12,(KHO) Ninh Hòa 2
20320000,GYRVD4YG,Luân chuyển trả,OTHER,Chưa đóng kiện,6_12,(KHO) Tây Nha Trang
20320000,GYRVDXNV,Luân chuyển trả,OTHER,Chưa đóng kiện,6_12,(KHO) Tây Nha Trang
20320000,GYRVKNTN,Luân chuyển trả,OTHER,Chưa đóng kiện,6_12,(KHO) Tây Nha Trang
20669000,SPXVN065500486699,Luân chuyển trả,SHOPEE,Không cần đóng kiện,12_24,(LDO) Cát Tiên
20591000,GYRV8ENP,Luân chuyển trả,OTHER,Chưa đóng kiện,6_12,(DNO) Krông Nô
20316000,GYRVT69E,Luân chuyển trả,OTHER,Chưa đóng kiện,12_24,(NTH) Ninh Sơn
20316000,GYRNKG6T,Luân chuyển trả,SHOPEE,Chưa đóng kiện,12_24,(NTH) Ninh Sơn
20591000,GYR6QPY4,Luân chuyển trả,OTHER,Chưa đóng kiện,6_12,(DNO) Krông Nô
20591000,GYR6CBB3,Luân chuyển trả,OTHER,Chưa đóng kiện,6_12,(DNO) Krông Nô
20591000,GYR6VCGY,Luân chuyển trả,OTHER,Chưa đóng kiện,6_12,(DNO) Krông Nô
20669000,GYRKQCAB,Luân chuyển giao,SHOPEE,Không cần đóng kiện,36_48,(LDO) Cát Tiên
20669000,GYRKQCA9,Luân chuyển giao,SHOPEE,Không cần đóng kiện,36_48,(LDO) Cát Tiên
20669000,GYRKQCAV,Luân chuyển giao,SHOPEE,Không cần đóng kiện,36_48,(LDO) Cát Tiên
20543000,VNGH80021529801,Luân chuyển trả,TTS,Chưa đóng kiện,6_12,(KHO) Ninh Hòa 2
20669000,GYR6LKVR,Luân chuyển trả,SHOPEE,Chưa đóng kiện,120_192,(LDO) Cát Tiên
20543000,VNGH80577389710,Luân chuyển trả,TTS,Chưa đóng kiện,6_12,(KHO) Ninh Hòa 2
20543000,VNGH80259599710,Luân chuyển trả,TTS,Chưa đóng kiện,6_12,(KHO) Ninh Hòa 2
20590000,GYR9R7PU,Luân chuyển trả,OTHER,Chưa đóng kiện,6_12,(DNO) Tuy Đức
20543000,VNGH80938859802,Luân chuyển trả,TTS,Chưa đóng kiện,6_12,(KHO) Ninh Hòa 2
20590000,GYR9E4TT,Luân chuyển trả,OTHER,Chưa đóng kiện,6_12,(DNO) Tuy Đức
20543000,VNGH80549189802,Luân chuyển trả,TTS,Chưa đóng kiện,6_12,(KHO) Ninh Hòa 2
20543000,VNGH80298489802,Luân chuyển trả,TTS,Chưa đóng kiện,6_12,(KHO) Ninh Hòa 2
20543000,VNGH80015129706,Luân chuyển trả,TTS,Không cần đóng kiện,6_12,(KHO) Ninh Hòa 2
20543000,VNGH80678499705,Luân chuyển trả,TTS,Chưa đóng kiện,6_12,(KHO) Ninh Hòa 2
20543000,VNGH80010789703,Luân chuyển trả,TTS,Chưa đóng kiện,6_12,(KHO) Ninh Hòa 2
20543000,VNGH80948069705,Luân chuyển trả,TTS,Chưa đóng kiện,6_12,(KHO) Ninh Hòa 2
20543000,VNGH80945189708,Luân chuyển trả,TTS,Không cần đóng kiện,6_12,(KHO) Ninh Hòa 2
20543000,VNGH80047619707,Luân chuyển trả,TTS,Chưa đóng kiện,6_12,(KHO) Ninh Hòa 2
20590000,GYRV68VQ,Luân chuyển trả,OTHER,Chưa đóng kiện,6_12,(DNO) Tuy Đức
20543000,VNGH80939729708,Luân chuyển trả,TTS,Chưa đóng kiện,6_12,(KHO) Ninh Hòa 2
20543000,VNGH80951579709,Luân chuyển trả,TTS,Chưa đóng kiện,6_12,(KHO) Ninh Hòa 2
20590000,GYRVNNMG,Luân chuyển trả,OTHER,Chưa đóng kiện,6_12,(DNO) Tuy Đức
20543000,VNGH80709619710,Luân chuyển trả,TTS,Chưa đóng kiện,6_12,(KHO) Ninh Hòa 2
20588000,GYR6TQBK,Luân chuyển trả,OTHER,Chưa đóng kiện,6_12,(KHO) Cam Lâm 2
20543000,VNGH80013989707,Luân chuyển trả,TTS,Chưa đóng kiện,6_12,(KHO) Ninh Hòa 2
20543000,VNGH80972049703,Luân chuyển trả,TTS,Chưa đóng kiện,6_12,(KHO) Ninh Hòa 2
20558000,VNGH80954629706,Luân chuyển trả,TTS,Đã đóng kiện,6_12,(KHO) Khánh Vĩnh
20543000,VNGH80806949703,Luân chuyển trả,TTS,Không cần đóng kiện,6_12,(KHO) Ninh Hòa 2
20558000,VNGH80117879710,Luân chuyển trả,TTS,Đã đóng kiện,6_12,(KHO) Khánh Vĩnh
20543000,VNGH80662049705,Luân chuyển trả,TTS,Chưa đóng kiện,6_12,(KHO) Ninh Hòa 2
20543000,VNGH80564539703,Luân chuyển trả,TTS,Chưa đóng kiện,6_12,(KHO) Ninh Hòa 2
20543000,VNGH80883289703,Luân chuyển trả,TTS,Chưa đóng kiện,6_12,(KHO) Ninh Hòa 2
20558000,VNGH80008119708,Luân chuyển trả,TTS,Đã đóng kiện,6_12,(KHO) Khánh Vĩnh
20543000,VNGH80104559706,Luân chuyển trả,TTS,Chưa đóng kiện,6_12,(KHO) Ninh Hòa 2
20558000,VNGH80461829705,Luân chuyển trả,TTS,Đã đóng kiện,6_12,(KHO) Khánh Vĩnh
20543000,VNGH80229939703,Luân chuyển trả,TTS,Chưa đóng kiện,6_12,(KHO) Ninh Hòa 2
20558000,VNGH80351769703,Luân chuyển trả,TTS,Đã đóng kiện,6_12,(KHO) Khánh Vĩnh
20543000,VNGH80073539703,Luân chuyển trả,TTS,Chưa đóng kiện,6_12,(KHO) Ninh Hòa 2
20495000,GYR9TC8W,Luân chuyển trả,OTHER,Chưa đóng kiện,6_12,(KHO) Nha Trang
20543000,VNGH80092009709,Luân chuyển trả,TTS,Chưa đóng kiện,6_12,(KHO) Ninh Hòa 2
20495000,GYR9XQR3,Luân chuyển trả,OTHER,Chưa đóng kiện,6_12,(KHO) Nha Trang
20543000,VNGH80554979705,Luân chuyển trả,TTS,Chưa đóng kiện,6_12,(KHO) Ninh Hòa 2
20543000,GYRPKV37,Luân chuyển trả,SHOPEE,Chưa đóng kiện,12_24,(KHO) Ninh Hòa 2
20543000,GYRBWF6B,Luân chuyển trả,SHOPEE,Chưa đóng kiện,12_24,(KHO) Ninh Hòa 2
20543000,GYRBWC4M,Luân chuyển trả,SHOPEE,Chưa đóng kiện,12_24,(KHO) Ninh Hòa 2
20543000,GYRBC9DR,Luân chuyển trả,SHOPEE,Không cần đóng kiện,12_24,(KHO) Ninh Hòa 2
20543000,GYRBUG9H,Luân chuyển trả,SHOPEE,Chưa đóng kiện,12_24,(KHO) Ninh Hòa 2
20543000,GYRKRKRD,Luân chuyển giao,OTHER,Chưa đóng kiện,12_24,(KHO) Ninh Hòa 2
20590000,GYRVBXGY,Luân chuyển trả,OTHER,Chưa đóng kiện,6_12,(DNO) Tuy Đức
20590000,GYRVAXNC,Luân chuyển trả,OTHER,Chưa đóng kiện,6_12,(DNO) Tuy Đức
20590000,GYR6GQUW,Luân chuyển trả,OTHER,Không cần đóng kiện,6_12,(DNO) Tuy Đức
20590000,GYR6N68X,Luân chuyển trả,OTHER,Chưa đóng kiện,6_12,(DNO) Tuy Đức
20590000,GYR6N46N,Luân chuyển trả,OTHER,Chưa đóng kiện,6_12,(DNO) Tuy Đức
20590000,VNGH80595639805,Luân chuyển trả,TTS,Chưa đóng kiện,6_12,(DNO) Tuy Đức
20590000,VNGH80286089702,Luân chuyển trả,TTS,Không cần đóng kiện,6_12,(DNO) Tuy Đức
20588000,GYR6RF9K,Luân chuyển trả,OTHER,Chưa đóng kiện,6_12,(KHO) Cam Lâm 2
20588000,GYRNQXG6,Luân chuyển trả,OTHER,Chưa đóng kiện,6_12,(KHO) Cam Lâm 2
20588000,GYRNLCQ6,Luân chuyển trả,OTHER,Chưa đóng kiện,6_12,(KHO) Cam Lâm 2
20588000,GYRN7YKL,Luân chuyển trả,OTHER,Chưa đóng kiện,6_12,(KHO) Cam Lâm 2
20588000,GYRNGV8Y,Luân chuyển trả,OTHER,Chưa đóng kiện,6_12,(KHO) Cam Lâm 2
20588000,GYRNUK6C,Luân chuyển trả,OTHER,Chưa đóng kiện,6_12,(KHO) Cam Lâm 2
20590000,GYRNY46F,Luân chuyển trả,SHOPEE,Chưa đóng kiện,6_12,(DNO) Tuy Đức
20590000,GYRDATUV,Luân chuyển trả,SHOPEE,Không cần đóng kiện,6_12,(DNO) Tuy Đức
20590000,GYRPCYGW,Luân chuyển trả,SHOPEE,Chưa đóng kiện,6_12,(DNO) Tuy Đức
20590000,GYRPCMWP,Luân chuyển trả,SHOPEE,Chưa đóng kiện,6_12,(DNO) Tuy Đức
20590000,GYRBVE7F,Luân chuyển trả,SHOPEE,Chưa đóng kiện,6_12,(DNO) Tuy Đức
20590000,GYR37QHU,Luân chuyển trả,OTHER,Chưa đóng kiện,6_12,(DNO) Tuy Đức
20495000,GYR9AQ8T,Luân chuyển trả,OTHER,Chưa đóng kiện,6_12,(KHO) Nha Trang
20495000,GYRV7EYQ,Luân chuyển trả,OTHER,Chưa đóng kiện,6_12,(KHO) Nha Trang
20495000,GYR6LYCK,Luân chuyển trả,OTHER,Chưa đóng kiện,6_12,(KHO) Nha Trang
20495000,GYR6FNYD,Luân chuyển trả,OTHER,Chưa đóng kiện,6_12,(KHO) Nha Trang
20495000,GYR6NKEM,Luân chuyển trả,OTHER,Chưa đóng kiện,6_12,(KHO) Nha Trang
20785000,GYRWDHQN,Luân chuyển giao,OTHER,Chưa đóng kiện,0_6,(LDO) B'Lao
20785000,GYRWYBGT,Luân chuyển giao,OTHER,Chưa đóng kiện,0_6,(LDO) B'Lao
20495000,GYR6DF67,Luân chuyển trả,OTHER,Chưa đóng kiện,6_12,(KHO) Nha Trang
20558000,VNGH80643469704,Luân chuyển trả,TTS,Đã đóng kiện,6_12,(KHO) Khánh Vĩnh
20558000,VNGH80600149703,Luân chuyển trả,TTS,Đã đóng kiện,6_12,(KHO) Khánh Vĩnh
20558000,VNGH80378479708,Luân chuyển trả,TTS,Chưa đóng kiện,6_12,(KHO) Khánh Vĩnh
20558000,VNGH80305619705,Luân chuyển trả,TTS,Đã đóng kiện,6_12,(KHO) Khánh Vĩnh
20558000,GYR4GHTL,Luân chuyển trả,SHOPEE,Không cần đóng kiện,6_12,(KHO) Khánh Vĩnh
20558000,GYR6NCCW,Luân chuyển trả,OTHER,Đã đóng kiện,12_24,(KHO) Khánh Vĩnh
20558000,GYRPF76B,Luân chuyển trả,SHOPEE,Đã đóng kiện,12_24,(KHO) Khánh Vĩnh
20558000,GYRPF97R,Luân chuyển trả,SHOPEE,Đã đóng kiện,12_24,(KHO) Khánh Vĩnh
20590000,GYRBH8QF,Luân chuyển trả,OTHER,Không cần đóng kiện,6_12,(DNO) Tuy Đức
20785000,GYRUKU63,Luân chuyển trả,OTHER,Chưa đóng kiện,6_12,(LDO) B'Lao
20785000,GYRURV67,Luân chuyển trả,OTHER,Chưa đóng kiện,6_12,(LDO) B'Lao
20785000,GYRCGMP6,Luân chuyển trả,OTHER,Chưa đóng kiện,6_12,(LDO) B'Lao
20785000,GYR9E3N9,Luân chuyển trả,OTHER,Chưa đóng kiện,6_12,(LDO) B'Lao
20785000,GYRVVNRE,Luân chuyển trả,OTHER,Chưa đóng kiện,6_12,(LDO) B'Lao
20785000,GYRV67LE,Luân chuyển trả,OTHER,Chưa đóng kiện,6_12,(LDO) B'Lao
20785000,GYRV6PA3,Luân chuyển trả,OTHER,Không cần đóng kiện,6_12,(LDO) B'Lao
20785000,GYRVD8UR,Luân chuyển trả,OTHER,Chưa đóng kiện,6_12,(LDO) B'Lao
20785000,GYRVADLG,Luân chuyển trả,OTHER,Chưa đóng kiện,6_12,(LDO) B'Lao
20590000,GYR3UWA7,Luân chuyển trả,OTHER,Chưa đóng kiện,6_12,(DNO) Tuy Đức
20590000,GYRDNA94,Luân chuyển trả,SHOPEE,Chưa đóng kiện,6_12,(DNO) Tuy Đức
20495000,GYR6DPPV,Luân chuyển trả,OTHER,Chưa đóng kiện,6_12,(KHO) Nha Trang
20495000,GYR687G4,Luân chuyển trả,SHOPEE,Chưa đóng kiện,6_12,(KHO) Nha Trang
20495000,GYR6MR88,Luân chuyển trả,OTHER,Chưa đóng kiện,6_12,(KHO) Nha Trang
20495000,GYRNGLBX,Luân chuyển trả,OTHER,Chưa đóng kiện,6_12,(KHO) Nha Trang
20495000,GYRDNKT8,Luân chuyển trả,SHOPEE,Không cần đóng kiện,6_12,(KHO) Nha Trang
20558000,GYRBDE76,Luân chuyển trả,SHOPEE,Không cần đóng kiện,12_24,(KHO) Khánh Vĩnh
20588000,GYRN9UMQ,Luân chuyển trả,OTHER,Chưa đóng kiện,6_12,(KHO) Cam Lâm 2
20785000,GYRV8H6R,Luân chuyển trả,OTHER,Chưa đóng kiện,6_12,(LDO) B'Lao
20588000,GYRNBGDX,Luân chuyển trả,OTHER,Chưa đóng kiện,6_12,(KHO) Cam Lâm 2
20785000,GYR6QW6G,Luân chuyển trả,OTHER,Chưa đóng kiện,6_12,(LDO) B'Lao
20588000,VNGH80640869805,Luân chuyển trả,TTS,Chưa đóng kiện,6_12,(KHO) Cam Lâm 2
20785000,GYR6VC4K,Luân chuyển trả,OTHER,Chưa đóng kiện,6_12,(LDO) B'Lao
20588000,VNGH80896019803,Luân chuyển trả,TTS,Chưa đóng kiện,6_12,(KHO) Cam Lâm 2
20785000,GYR63APW,Luân chuyển trả,OTHER,Chưa đóng kiện,6_12,(LDO) B'Lao
20785000,S1636033109O32912,Luân chuyển trả,OTHER,Chưa đóng kiện,6_12,(LDO) B'Lao
20785000,GYRNDVB8,Luân chuyển trả,OTHER,Chưa đóng kiện,6_12,(LDO) B'Lao
20785000,GYRD6DQ9,Luân chuyển trả,OTHER,Chưa đóng kiện,6_12,(LDO) B'Lao
20785000,GYRN9UUL,Luân chuyển trả,OTHER,Chưa đóng kiện,6_12,(LDO) B'Lao
20785000,VNGH80095109801,Luân chuyển trả,TTS,Chưa đóng kiện,6_12,(LDO) B'Lao
20785000,VNGH80975549804,Luân chuyển trả,TTS,Chưa đóng kiện,6_12,(LDO) B'Lao
20785000,VNGH80045039804,Luân chuyển trả,TTS,Chưa đóng kiện,6_12,(LDO) B'Lao
20785000,VNGH80802039801,Luân chuyển trả,TTS,Chưa đóng kiện,6_12,(LDO) B'Lao
20785000,VNGH80054289805,Luân chuyển trả,TTS,Chưa đóng kiện,6_12,(LDO) B'Lao
20785000,VNGH80021519709,Luân chuyển trả,TTS,Chưa đóng kiện,6_12,(LDO) B'Lao
20785000,VNGH80733999704,Luân chuyển trả,TTS,Chưa đóng kiện,6_12,(LDO) B'Lao
20785000,VNGH80863689707,Luân chuyển trả,TTS,Chưa đóng kiện,6_12,(LDO) B'Lao
20785000,VNGH80314799705,Luân chuyển trả,TTS,Chưa đóng kiện,6_12,(LDO) B'Lao
20785000,VNGH80917849705,Luân chuyển trả,TTS,Chưa đóng kiện,6_12,(LDO) B'Lao
20558000,GYR3TC9G,Luân chuyển trả,SHOPEE,Không cần đóng kiện,12_24,(KHO) Khánh Vĩnh
20785000,VNGH80120249705,Luân chuyển trả,TTS,Chưa đóng kiện,6_12,(LDO) B'Lao
20785000,VNGH80482699708,Luân chuyển trả,TTS,Chưa đóng kiện,6_12,(LDO) B'Lao
20543000,GYRDCBDK,Luân chuyển trả,OTHER,Chưa đóng kiện,12_24,(KHO) Ninh Hòa 2
20785000,VNGH80718949705,Luân chuyển trả,TTS,Chưa đóng kiện,6_12,(LDO) B'Lao
20785000,VNGH80936069702,Luân chuyển trả,TTS,Chưa đóng kiện,6_12,(LDO) B'Lao
20143000,GYRBBR4L,Luân chuyển trả,SHOPEE,Chưa đóng kiện,6_12,(KHO) Diên Khánh 2
20785000,VNGH80639409705,Luân chuyển trả,TTS,Chưa đóng kiện,6_12,(LDO) B'Lao
20785000,GYRV8FQ6,Luân chuyển trả,OTHER,Chưa đóng kiện,6_12,(LDO) B'Lao
20785000,GYRPQHAB,Luân chuyển trả,SHOPEE,Chưa đóng kiện,6_12,(LDO) B'Lao
2309,VNGH80862719705,Luân chuyển trả,TTS,Chưa đóng kiện,6_12,(DNO) Đức Lập
20558000,GYRNA49Q,Luân chuyển trả,OTHER,Đã đóng kiện,12_24,(KHO) Khánh Vĩnh
20558000,GYRNEG9T,Luân chuyển trả,OTHER,Đã đóng kiện,12_24,(KHO) Khánh Vĩnh
20558000,GYRB7BQY,Luân chuyển trả,SHOPEE,Không cần đóng kiện,12_24,(KHO) Khánh Vĩnh
20558000,GYR4F4A9,Luân chuyển trả,SHOPEE,Không cần đóng kiện,12_24,(KHO) Khánh Vĩnh
20558000,GYR4UCFP,Luân chuyển trả,SHOPEE,Không cần đóng kiện,12_24,(KHO) Khánh Vĩnh
20558000,GYR4DHBV_PR,Luân chuyển giao,OTHER,Đã đóng kiện,12_24,(KHO) Khánh Vĩnh
20558000,GYRK7NYN,Luân chuyển giao,SHOPEE,Không cần đóng kiện,12_24,(KHO) Khánh Vĩnh
20558000,GYR6E4GV,Luân chuyển trả,SHOPEE,Đã đóng kiện,24_36,(KHO) Khánh Vĩnh
20269000,GYR9CDNK,Luân chuyển trả,OTHER,Chưa đóng kiện,6_12,(DNO) Kiến Đức
20269000,GYR9BXLU,Luân chuyển trả,OTHER,Chưa đóng kiện,6_12,(DNO) Kiến Đức
20269000,GYR9YMH9,Luân chuyển trả,OTHER,Chưa đóng kiện,6_12,(DNO) Kiến Đức
20269000,GYRVLN6B,Luân chuyển trả,OTHER,Không cần đóng kiện,6_12,(DNO) Kiến Đức
20269000,GYRVLNXA,Luân chuyển trả,OTHER,Không cần đóng kiện,6_12,(DNO) Kiến Đức
20269000,GYRVLXGB,Luân chuyển trả,OTHER,Chưa đóng kiện,6_12,(DNO) Kiến Đức
20269000,GYRV974N,Luân chuyển trả,OTHER,Chưa đóng kiện,6_12,(DNO) Kiến Đức
20588000,VNGH80810819805,Luân chuyển trả,TTS,Không cần đóng kiện,6_12,(KHO) Cam Lâm 2
20320000,GYRVAHQQ,Luân chuyển trả,OTHER,Chưa đóng kiện,6_12,(KHO) Tây Nha Trang
20591000,GYR6BKQT,Luân chuyển trả,OTHER,Không cần đóng kiện,6_12,(DNO) Krông Nô
20499000,GYRN7GK7,Luân chuyển trả,OTHER,Chưa đóng kiện,6_12,(NTH) Phước Dinh
20687000,GYYH8H7B,Luân chuyển trả,OTHER,Chưa đóng kiện,6_12,(BTH) Hàm Tân
20316000,GYRPUD4B,Luân chuyển trả,SHOPEE,Chưa đóng kiện,12_24,(NTH) Ninh Sơn
20648000,GYRNGKEE,Luân chuyển trả,OTHER,Chưa đóng kiện,6_12,(NTH) Ninh Chử
20694000,GYR4MTNF,Luân chuyển giao,OTHER,Chưa đóng kiện,0_6,(KHO) Tân Định
20784000,GYR4KNQB,Luân chuyển giao,SHOPEE,Không cần đóng kiện,0_6,(KHO) Khánh Sơn
20144000,VNGH80637749801,Luân chuyển trả,TTS,Chưa đóng kiện,6_12,(BTH) Mũi Né
20590000,GYR9L8CR,Luân chuyển trả,OTHER,Chưa đóng kiện,6_12,(DNO) Tuy Đức
2399,GYRNCMCV,Luân chuyển trả,OTHER,Chưa đóng kiện,6_12,(KHO) Bắc Nha Trang
2309,VNGH80354719710,Luân chuyển trả,TTS,Chưa đóng kiện,6_12,(DNO) Đức Lập
20670000,GYR98PBX,Luân chuyển trả,OTHER,Chưa đóng kiện,6_12,(LDO) Đam Rông 3
20143000,GYR3VFKW,Luân chuyển trả,SHOPEE,Chưa đóng kiện,6_12,(KHO) Diên Khánh 2
20558000,GYRPUGUY,Luân chuyển trả,SHOPEE,Đã đóng kiện,24_36,(KHO) Khánh Vĩnh
20495000,GYRDHRLM,Luân chuyển trả,SHOPEE,Chưa đóng kiện,6_12,(KHO) Nha Trang
2309,VNGH80137559708,Luân chuyển trả,TTS,Không cần đóng kiện,6_12,(DNO) Đức Lập
2309,VNGH80937649707,Luân chuyển trả,TTS,Không cần đóng kiện,6_12,(DNO) Đức Lập
20670000,GYRBE4N7,Luân chuyển trả,OTHER,Chưa đóng kiện,6_12,(LDO) Đam Rông 3
20495000,GYRDXPKM,Luân chuyển trả,SHOPEE,Chưa đóng kiện,6_12,(KHO) Nha Trang
2309,VNGH80583029707,Luân chuyển trả,TTS,Chưa đóng kiện,6_12,(DNO) Đức Lập
20143000,GYR4NY9C,Luân chuyển trả,SHOPEE,Chưa đóng kiện,6_12,(KHO) Diên Khánh 2
2309,VNGH80618949703,Luân chuyển trả,TTS,Chưa đóng kiện,6_12,(DNO) Đức Lập
20143000,GYRB8TAC,Luân chuyển trả,OTHER,Chưa đóng kiện,6_12,(KHO) Diên Khánh 2
2309,VNGH80208279705,Luân chuyển trả,TTS,Chưa đóng kiện,6_12,(DNO) Đức Lập
20143000,GYRV7W97,Luân chuyển trả,OTHER,Chưa đóng kiện,6_12,(KHO) Diên Khánh 2
2309,VNGH80460689707,Luân chuyển trả,TTS,Chưa đóng kiện,6_12,(DNO) Đức Lập
20143000,GYRBB8KT,Luân chuyển trả,SHOPEE,Chưa đóng kiện,6_12,(KHO) Diên Khánh 2
20143000,GYRN6F43,Luân chuyển trả,OTHER,Chưa đóng kiện,6_12,(KHO) Diên Khánh 2
20143000,GYR3RMPF,Luân chuyển trả,OTHER,Chưa đóng kiện,6_12,(KHO) Diên Khánh 2
20588000,VNGH80428859804,Luân chuyển trả,TTS,Chưa đóng kiện,6_12,(KHO) Cam Lâm 2
20588000,VNGH80408099803,Luân chuyển trả,TTS,Chưa đóng kiện,6_12,(KHO) Cam Lâm 2
20588000,VNGH80811369709,Luân chuyển trả,TTS,Không cần đóng kiện,6_12,(KHO) Cam Lâm 2
20588000,VNGH80936669801,Luân chuyển trả,TTS,Chưa đóng kiện,6_12,(KHO) Cam Lâm 2
20588000,VNGH80038669710,Luân chuyển trả,TTS,Chưa đóng kiện,6_12,(KHO) Cam Lâm 2
20588000,VNGH80609079708,Luân chuyển trả,TTS,Chưa đóng kiện,6_12,(KHO) Cam Lâm 2
20588000,VNGH80981639710,Luân chuyển trả,TTS,Chưa đóng kiện,6_12,(KHO) Cam Lâm 2
20588000,VNGH80831179702,Luân chuyển trả,TTS,Chưa đóng kiện,6_12,(KHO) Cam Lâm 2
20588000,VNGH80844159706,Luân chuyển trả,TTS,Chưa đóng kiện,6_12,(KHO) Cam Lâm 2
20588000,VNGH80646599702,Luân chuyển trả,TTS,Không cần đóng kiện,6_12,(KHO) Cam Lâm 2
20588000,GYR3NFRU,Luân chuyển trả,SHOPEE,Chưa đóng kiện,12_24,(KHO) Cam Lâm 2
20588000,GYR4V8M7,Luân chuyển trả,OTHER,Chưa đóng kiện,12_24,(KHO) Cam Lâm 2
20588000,GYRD8Q3W,Luân chuyển trả,OTHER,Chưa đóng kiện,12_24,(KHO) Cam Lâm 2
20588000,GYRPCB66,Luân chuyển trả,OTHER,Chưa đóng kiện,12_24,(KHO) Cam Lâm 2
20849000,GYR9DAB7,Luân chuyển trả,OTHER,Chưa đóng kiện,6_12,(LDO) Ninh Gia
20588000,S30178870O320806,Luân chuyển trả,OTHER,Chưa đóng kiện,12_24,(KHO) Cam Lâm 2
20849000,GYR98YAC,Luân chuyển trả,OTHER,Chưa đóng kiện,6_12,(LDO) Ninh Gia
20588000,GYRN9XHT,Luân chuyển trả,OTHER,Chưa đóng kiện,12_24,(KHO) Cam Lâm 2
20849000,GYR9ECXV,Luân chuyển trả,OTHER,Chưa đóng kiện,6_12,(LDO) Ninh Gia
20849000,GYRV6C6D,Luân chuyển trả,OTHER,Chưa đóng kiện,6_12,(LDO) Ninh Gia
20849000,GYRVENGL,Luân chuyển trả,OTHER,Chưa đóng kiện,6_12,(LDO) Ninh Gia
20849000,GYR6LDUF,Luân chuyển trả,OTHER,Chưa đóng kiện,6_12,(LDO) Ninh Gia
20849000,GYRNFB9F,Luân chuyển trả,OTHER,Chưa đóng kiện,6_12,(LDO) Ninh Gia
2309,VNGH80018169704,Luân chuyển trả,TTS,Không cần đóng kiện,6_12,(DNO) Đức Lập
2309,VNGH80051909704,Luân chuyển trả,TTS,Chưa đóng kiện,6_12,(DNO) Đức Lập
2309,VNGH80943979701,Luân chuyển trả,TTS,Không cần đóng kiện,6_12,(DNO) Đức Lập
20588000,GYR3HU7F,Luân chuyển trả,OTHER,Chưa đóng kiện,12_24,(KHO) Cam Lâm 2
2309,VNGH80065859703,Luân chuyển trả,TTS,Chưa đóng kiện,6_12,(DNO) Đức Lập
2309,GYRVYCHW,Luân chuyển trả,OTHER,Chưa đóng kiện,12_24,(DNO) Đức Lập
2309,GYR3N6CB,Luân chuyển trả,SHOPEE,Chưa đóng kiện,12_24,(DNO) Đức Lập
20591000,GYR646A9,Luân chuyển trả,OTHER,Chưa đóng kiện,6_12,(DNO) Krông Nô
20269000,GYRVMWHK,Luân chuyển trả,OTHER,Chưa đóng kiện,6_12,(DNO) Kiến Đức
20588000,GYRBQX93,Luân chuyển trả,OTHER,Chưa đóng kiện,12_24,(KHO) Cam Lâm 2
20694000,GYRVDAU8,Luân chuyển trả,OTHER,Chưa đóng kiện,6_12,(KHO) Tân Định
20591000,GYR644RP,Luân chuyển trả,OTHER,Chưa đóng kiện,6_12,(DNO) Krông Nô
20694000,GYR64GTX,Luân chuyển trả,OTHER,Chưa đóng kiện,6_12,(KHO) Tân Định
20591000,GYR64MGF,Luân chuyển trả,OTHER,Chưa đóng kiện,6_12,(DNO) Krông Nô
20694000,GYR6A9P6,Luân chuyển trả,OTHER,Chưa đóng kiện,6_12,(KHO) Tân Định
20591000,GYRNQXGC,Luân chuyển trả,OTHER,Chưa đóng kiện,6_12,(DNO) Krông Nô
20648000,GYRNPBUH,Luân chuyển trả,OTHER,Chưa đóng kiện,6_12,(NTH) Ninh Chử
20687000,GYR9PVVD,Luân chuyển trả,OTHER,Chưa đóng kiện,6_12,(BTH) Hàm Tân
20144000,VNGH80976719704,Luân chuyển trả,TTS,Chưa đóng kiện,6_12,(BTH) Mũi Né
2399,GYRN6KAK,Luân chuyển trả,OTHER,Chưa đóng kiện,6_12,(KHO) Bắc Nha Trang
20784000,GYR96WBA,Luân chuyển trả,OTHER,Đã đóng kiện,6_12,(KHO) Khánh Sơn
20785000,GYRBVVTY,Luân chuyển trả,SHOPEE,Chưa đóng kiện,6_12,(LDO) B'Lao
20590000,GYRNDDTV,Luân chuyển trả,OTHER,Chưa đóng kiện,6_12,(DNO) Tuy Đức
20499000,GYRN7MNE,Luân chuyển trả,OTHER,Chưa đóng kiện,6_12,(NTH) Phước Dinh
20670000,GYRPHPLV,Luân chuyển trả,OTHER,Chưa đóng kiện,6_12,(LDO) Đam Rông 3
20495000,GYRDRDVE,Luân chuyển trả,SHOPEE,Không cần đóng kiện,6_12,(KHO) Nha Trang
20320000,GYRV8W83,Luân chuyển trả,OTHER,Chưa đóng kiện,6_12,(KHO) Tây Nha Trang
20143000,GYR3V3MD,Luân chuyển trả,OTHER,Chưa đóng kiện,12_24,(KHO) Diên Khánh 2
20849000,VNGH80973919710,Luân chuyển trả,TTS,Chưa đóng kiện,6_12,(LDO) Ninh Gia
20590000,GYRDQKVL,Luân chuyển trả,SHOPEE,Chưa đóng kiện,6_12,(DNO) Tuy Đức
20670000,NVS854686935,Luân chuyển trả,OTHER,Chưa đóng kiện,6_12,(LDO) Đam Rông 3
20590000,GYRBQMDK,Luân chuyển trả,SHOPEE,Chưa đóng kiện,6_12,(DNO) Tuy Đức
20670000,GYR3LDAN,Luân chuyển trả,OTHER,Chưa đóng kiện,6_12,(LDO) Đam Rông 3
20495000,GYRPFAU3,Luân chuyển trả,SHOPEE,Chưa đóng kiện,6_12,(KHO) Nha Trang
20784000,GYR6BL6F,Luân chuyển trả,OTHER,Đã đóng kiện,6_12,(KHO) Khánh Sơn
20143000,GYRN7KLN,Luân chuyển trả,OTHER,Chưa đóng kiện,12_24,(KHO) Diên Khánh 2
20784000,VNGH80313479705,Luân chuyển trả,TTS,Không cần đóng kiện,6_12,(KHO) Khánh Sơn
20320000,GYRV8MTD,Luân chuyển trả,OTHER,Chưa đóng kiện,6_12,(KHO) Tây Nha Trang
20143000,GYRBC4PY,Luân chuyển trả,SHOPEE,Chưa đóng kiện,12_24,(KHO) Diên Khánh 2
20784000,VNGH80698259706,Luân chuyển trả,TTS,Đã đóng kiện,6_12,(KHO) Khánh Sơn
20320000,GYRVYH9D,Luân chuyển trả,OTHER,Chưa đóng kiện,6_12,(KHO) Tây Nha Trang
20784000,VNGH80916809708,Luân chuyển trả,TTS,Đã đóng kiện,6_12,(KHO) Khánh Sơn
20320000,GYRVRQUU,Luân chuyển trả,OTHER,Chưa đóng kiện,6_12,(KHO) Tây Nha Trang
20143000,GYRB67AX,Luân chuyển trả,SHOPEE,Chưa đóng kiện,12_24,(KHO) Diên Khánh 2
20784000,GYRPNQLH,Luân chuyển trả,SHOPEE,Đã đóng kiện,6_12,(KHO) Khánh Sơn
20320000,GYRVRH8W,Luân chuyển trả,OTHER,Chưa đóng kiện,6_12,(KHO) Tây Nha Trang
20143000,GYRB3WNL,Luân chuyển trả,SHOPEE,Chưa đóng kiện,12_24,(KHO) Diên Khánh 2
20784000,GYYMW7PE,Luân chuyển trả,OTHER,Đã đóng kiện,12_24,(KHO) Khánh Sơn
20849000,VNGH80861229706,Luân chuyển trả,TTS,Chưa đóng kiện,6_12,(LDO) Ninh Gia
20320000,GYRVMWV9,Luân chuyển trả,OTHER,Chưa đóng kiện,6_12,(KHO) Tây Nha Trang
20849000,VNGH80243699705,Luân chuyển trả,TTS,Chưa đóng kiện,6_12,(LDO) Ninh Gia
20320000,NVS853963638,Luân chuyển trả,OTHER,Không cần đóng kiện,6_12,(KHO) Tây Nha Trang
20495000,GYRP7WWQ,Luân chuyển trả,SHOPEE,Không cần đóng kiện,6_12,(KHO) Nha Trang
20320000,GYR6UAQU,Luân chuyển trả,OTHER,Chưa đóng kiện,6_12,(KHO) Tây Nha Trang
20495000,GYRP9U3H,Luân chuyển trả,SHOPEE,Chưa đóng kiện,6_12,(KHO) Nha Trang
20320000,GYR69AQF,Luân chuyển trả,OTHER,Chưa đóng kiện,6_12,(KHO) Tây Nha Trang
20495000,GYRP9NWR,Luân chuyển trả,SHOPEE,Chưa đóng kiện,6_12,(KHO) Nha Trang
20320000,GYR69AKT,Luân chuyển trả,OTHER,Chưa đóng kiện,6_12,(KHO) Tây Nha Trang
20495000,GYRP9D3X,Luân chuyển trả,SHOPEE,Không cần đóng kiện,6_12,(KHO) Nha Trang
20320000,GYR66MBG,Luân chuyển trả,OTHER,Chưa đóng kiện,6_12,(KHO) Tây Nha Trang
20495000,GYRP4QXG,Luân chuyển trả,SHOPEE,Không cần đóng kiện,6_12,(KHO) Nha Trang
20320000,GYR6NP7P,Luân chuyển trả,OTHER,Chưa đóng kiện,6_12,(KHO) Tây Nha Trang
20495000,GYRPT7D4,Luân chuyển trả,SHOPEE,Chưa đóng kiện,6_12,(KHO) Nha Trang
20849000,VNGH80899499801,Luân chuyển trả,TTS,Chưa đóng kiện,6_12,(LDO) Ninh Gia
20495000,GYRBP4DP,Luân chuyển trả,SHOPEE,Chưa đóng kiện,6_12,(KHO) Nha Trang
20670000,GYRVDW88,Luân chuyển trả,OTHER,Chưa đóng kiện,6_12,(LDO) Đam Rông 3
20495000,GYR36E8C,Luân chuyển trả,SHOPEE,Không cần đóng kiện,6_12,(KHO) Nha Trang
20849000,VNGH80864429708,Luân chuyển trả,TTS,Chưa đóng kiện,6_12,(LDO) Ninh Gia
20495000,GYR3WPBQ,Luân chuyển trả,SHOPEE,Chưa đóng kiện,6_12,(KHO) Nha Trang
20849000,VNGH80175889704,Luân chuyển trả,TTS,Chưa đóng kiện,6_12,(LDO) Ninh Gia
20670000,GYRB8FLK,Luân chuyển trả,OTHER,Chưa đóng kiện,6_12,(LDO) Đam Rông 3
20849000,VNGH80792199709,Luân chuyển trả,TTS,Không cần đóng kiện,6_12,(LDO) Ninh Gia
20784000,GYR6KAHF,Luân chuyển trả,SHOPEE,Đã đóng kiện,12_24,(KHO) Khánh Sơn
20849000,VNGH80975949702,Luân chuyển trả,TTS,Chưa đóng kiện,6_12,(LDO) Ninh Gia
20784000,GYR3BTHM,Luân chuyển trả,SHOPEE,Đã đóng kiện,12_24,(KHO) Khánh Sơn
20849000,VNGH80635599704,Luân chuyển trả,TTS,Không cần đóng kiện,6_12,(LDO) Ninh Gia
20784000,GYRB4XN8,Luân chuyển trả,OTHER,Đã đóng kiện,12_24,(KHO) Khánh Sơn
20784000,GYR3N3DN,Luân chuyển trả,SHOPEE,Không cần đóng kiện,12_24,(KHO) Khánh Sơn
20849000,VNGH80885829707,Luân chuyển trả,TTS,Chưa đóng kiện,6_12,(LDO) Ninh Gia
20784000,GYR3XKGM,Luân chuyển trả,SHOPEE,Đã đóng kiện,12_24,(KHO) Khánh Sơn
20784000,NVS854710693,Luân chuyển trả,OTHER,Đã đóng kiện,12_24,(KHO) Khánh Sơn
20784000,GYR3WKDV,Luân chuyển trả,SHOPEE,Đã đóng kiện,12_24,(KHO) Khánh Sơn
20784000,GYR37XQD,Luân chuyển trả,OTHER,Đã đóng kiện,12_24,(KHO) Khánh Sơn
20784000,YOD1SO047124746_PR,Luân chuyển giao,OTHER,Đã đóng kiện,12_24,(KHO) Khánh Sơn
20670000,GYR6EF3V,Luân chuyển trả,OTHER,Chưa đóng kiện,6_12,(LDO) Đam Rông 3
20670000,VNGH80888479801,Luân chuyển trả,TTS,Chưa đóng kiện,6_12,(LDO) Đam Rông 3
20694000,GYRNQTFQ,Luân chuyển trả,OTHER,Chưa đóng kiện,6_12,(KHO) Tân Định
20694000,GYRN78T3,Luân chuyển trả,OTHER,Chưa đóng kiện,6_12,(KHO) Tân Định
20694000,GYRNPN49,Luân chuyển trả,OTHER,Chưa đóng kiện,6_12,(KHO) Tân Định
20694000,VNGH80937229804,Luân chuyển trả,TTS,Chưa đóng kiện,6_12,(KHO) Tân Định
20694000,VNGH80459709803,Luân chuyển trả,TTS,Chưa đóng kiện,6_12,(KHO) Tân Định
20694000,VNGH80167449803,Luân chuyển trả,TTS,Chưa đóng kiện,6_12,(KHO) Tân Định
20694000,VNGH80179109710,Luân chuyển trả,TTS,Chưa đóng kiện,6_12,(KHO) Tân Định
20694000,VNGH80065669705,Luân chuyển trả,TTS,Chưa đóng kiện,6_12,(KHO) Tân Định
20694000,VNGH80728039801,Luân chuyển trả,TTS,Chưa đóng kiện,6_12,(KHO) Tân Định
20784000,GYRWU98Q,Luân chuyển giao,OTHER,Đã đóng kiện,12_24,(KHO) Khánh Sơn
20942000,GYRNF9G3,Luân chuyển trả,OTHER,Chưa đóng kiện,0_6,(LDO) Di Linh
2399,GYRNN4DC,Luân chuyển trả,OTHER,Không cần đóng kiện,6_12,(KHO) Bắc Nha Trang
2399,GYRNNK8V,Luân chuyển trả,OTHER,Không cần đóng kiện,6_12,(KHO) Bắc Nha Trang
2399,GYRNDMAL,Luân chuyển trả,OTHER,Chưa đóng kiện,6_12,(KHO) Bắc Nha Trang
20784000,GYRBHPBG,Luân chuyển trả,OTHER,Đã đóng kiện,12_24,(KHO) Khánh Sơn
2399,NVS855473601,Luân chuyển trả,OTHER,Chưa đóng kiện,6_12,(KHO) Bắc Nha Trang
20144000,VNGH80682349708,Luân chuyển trả,TTS,Chưa đóng kiện,6_12,(BTH) Mũi Né
20784000,VNGH80226649903,Luân chuyển giao,TTS,Đã đóng kiện,12_24,(KHO) Khánh Sơn
20144000,VNGH80516319708,Luân chuyển trả,TTS,Không cần đóng kiện,6_12,(BTH) Mũi Né
20784000,GYR3EQDH,Luân chuyển giao,OTHER,Đã đóng kiện,12_24,(KHO) Khánh Sơn
20144000,VNGH80666989802,Luân chuyển trả,TTS,Chưa đóng kiện,6_12,(BTH) Mũi Né
20144000,VNGH80753749804,Luân chuyển trả,TTS,Chưa đóng kiện,6_12,(BTH) Mũi Né
20590000,GYRBRHR3,Luân chuyển trả,SHOPEE,Không cần đóng kiện,6_12,(DNO) Tuy Đức
20590000,GYR4UPR8,Luân chuyển trả,SHOPEE,Chưa đóng kiện,6_12,(DNO) Tuy Đức
20590000,GYR3UARC,Luân chuyển trả,OTHER,Chưa đóng kiện,6_12,(DNO) Tuy Đức
20590000,GYRUKE6W,Luân chuyển trả,OTHER,Chưa đóng kiện,6_12,(DNO) Tuy Đức
20144000,VNGH80370619805,Luân chuyển trả,TTS,Chưa đóng kiện,6_12,(BTH) Mũi Né
20590000,GYRNXLNW,Luân chuyển trả,SHOPEE,Chưa đóng kiện,6_12,(DNO) Tuy Đức
20144000,VNGH80322389803,Luân chuyển trả,TTS,Chưa đóng kiện,6_12,(BTH) Mũi Né
20590000,GYR4ML84,Luân chuyển giao,SHOPEE,Không cần đóng kiện,12_24,(DNO) Tuy Đức
20590000,GYR4C7HD_PR,Luân chuyển giao,OTHER,Chưa đóng kiện,12_24,(DNO) Tuy Đức
20590000,GYRD6QR9_PR,Luân chuyển giao,OTHER,Chưa đóng kiện,12_24,(DNO) Tuy Đức
20144000,VNGH80875099706,Luân chuyển trả,TTS,Chưa đóng kiện,6_12,(BTH) Mũi Né
20590000,GYRD4L8X_PR,Luân chuyển giao,OTHER,Chưa đóng kiện,12_24,(DNO) Tuy Đức
20784000,GYR3CWAH,Luân chuyển giao,OTHER,Đã đóng kiện,12_24,(KHO) Khánh Sơn
20590000,GYRBXGNU_PR,Luân chuyển giao,OTHER,Không cần đóng kiện,12_24,(DNO) Tuy Đức
20590000,GYRNBYDQ,Luân chuyển trả,OTHER,Chưa đóng kiện,12_24,(DNO) Tuy Đức
20499000,GYRNGEKF,Luân chuyển trả,OTHER,Chưa đóng kiện,6_12,(NTH) Phước Dinh
20499000,GYRNV34Y,Luân chuyển trả,OTHER,Chưa đóng kiện,6_12,(NTH) Phước Dinh
20499000,GYRND96B,Luân chuyển trả,OTHER,Chưa đóng kiện,6_12,(NTH) Phước Dinh
20499000,GYRNDBY7,Luân chuyển trả,OTHER,Chưa đóng kiện,6_12,(NTH) Phước Dinh
20499000,GYRNBLC3,Luân chuyển trả,OTHER,Chưa đóng kiện,6_12,(NTH) Phước Dinh
20784000,GYR38Y74,Luân chuyển giao,OTHER,Đã đóng kiện,12_24,(KHO) Khánh Sơn
20499000,GYRNBN9U,Luân chuyển trả,OTHER,Chưa đóng kiện,6_12,(NTH) Phước Dinh
20499000,VNGH80674059805,Luân chuyển trả,TTS,Chưa đóng kiện,6_12,(NTH) Phước Dinh
20499000,VNGH80423599803,Luân chuyển trả,TTS,Chưa đóng kiện,6_12,(NTH) Phước Dinh
20499000,VNGH80850789803,Luân chuyển trả,TTS,Chưa đóng kiện,6_12,(NTH) Phước Dinh
20499000,VNGH80648389803,Luân chuyển trả,TTS,Chưa đóng kiện,6_12,(NTH) Phước Dinh
20499000,VNGH80837669804,Luân chuyển trả,TTS,Chưa đóng kiện,6_12,(NTH) Phước Dinh
20499000,VNGH80756389802,Luân chuyển trả,TTS,Chưa đóng kiện,6_12,(NTH) Phước Dinh
20499000,VNGH80059339803,Luân chuyển trả,TTS,Chưa đóng kiện,6_12,(NTH) Phước Dinh
20144000,VNGH80875659801,Luân chuyển trả,TTS,Chưa đóng kiện,6_12,(BTH) Mũi Né
20648000,GYRNBMBW,Luân chuyển trả,OTHER,Chưa đóng kiện,6_12,(NTH) Ninh Chử
20144000,VNGH80032609708,Luân chuyển trả,TTS,Chưa đóng kiện,6_12,(BTH) Mũi Né
20784000,GYR34WEY,Luân chuyển giao,OTHER,Đã đóng kiện,12_24,(KHO) Khánh Sơn
20144000,VNGH80285689801,Luân chuyển trả,TTS,Không cần đóng kiện,6_12,(BTH) Mũi Né
20144000,GYRKCPAE,Luân chuyển giao,SHOPEE,Chưa đóng kiện,12_24,(BTH) Mũi Né
21046000,GYRKQVK3,Luân chuyển giao,OTHER,Chưa đóng kiện,0_6,(KHO) Vạn Ninh
21046000,GYRLGQQ9,Luân chuyển trả,OTHER,Chưa đóng kiện,6_12,(KHO) Vạn Ninh
21046000,GYR99QCK,Luân chuyển trả,OTHER,Chưa đóng kiện,6_12,(KHO) Vạn Ninh
20320000,GYR6DVYF,Luân chuyển trả,OTHER,Không cần đóng kiện,6_12,(KHO) Tây Nha Trang
20144000,GYRP9FPB,Luân chuyển trả,OTHER,Chưa đóng kiện,24_36,(BTH) Mũi Né
21046000,GYR9XQMQ,Luân chuyển trả,OTHER,Chưa đóng kiện,6_12,(KHO) Vạn Ninh
20144000,GYR3VWXA,Luân chuyển giao,SHOPEE,Chưa đóng kiện,48_72,(BTH) Mũi Né
21046000,GYR9A7T7,Luân chuyển trả,OTHER,Chưa đóng kiện,6_12,(KHO) Vạn Ninh
21046000,GYRV7YTV,Luân chuyển trả,OTHER,Chưa đóng kiện,6_12,(KHO) Vạn Ninh
20495000,GYR3FVVH,Luân chuyển trả,OTHER,Chưa đóng kiện,6_12,(KHO) Nha Trang
21046000,GYRVRH8B,Luân chuyển trả,OTHER,Chưa đóng kiện,6_12,(KHO) Vạn Ninh
21046000,GYR67NNH,Luân chuyển trả,OTHER,Chưa đóng kiện,6_12,(KHO) Vạn Ninh
20320000,GYR6T6UY,Luân chuyển trả,OTHER,Chưa đóng kiện,6_12,(KHO) Tây Nha Trang
20495000,VNGH80302949803,Luân chuyển trả,TTS,Chưa đóng kiện,6_12,(KHO) Nha Trang
20320000,GYR6TWAM,Luân chuyển trả,OTHER,Không cần đóng kiện,6_12,(KHO) Tây Nha Trang
20320000,GYRNFDYV,Luân chuyển trả,OTHER,Chưa đóng kiện,6_12,(KHO) Tây Nha Trang
20591000,GYRNVE6H,Luân chuyển trả,OTHER,Chưa đóng kiện,6_12,(DNO) Krông Nô
20670000,VNGH80129119710,Luân chuyển trả,TTS,Chưa đóng kiện,6_12,(LDO) Đam Rông 3
20591000,GYRN6K3U,Luân chuyển trả,OTHER,Chưa đóng kiện,6_12,(DNO) Krông Nô
20670000,VNGH80153359801,Luân chuyển trả,TTS,Chưa đóng kiện,6_12,(LDO) Đam Rông 3
20591000,GYRNN4T4,Luân chuyển trả,OTHER,Không cần đóng kiện,6_12,(DNO) Krông Nô
20670000,VNGH80855109710,Luân chuyển trả,TTS,Chưa đóng kiện,6_12,(LDO) Đam Rông 3
20591000,NVS853969421,Luân chuyển trả,OTHER,Chưa đóng kiện,6_12,(DNO) Krông Nô
20670000,VNGH80748739801,Luân chuyển trả,TTS,Chưa đóng kiện,6_12,(LDO) Đam Rông 3
20670000,VNGH80725139801,Luân chuyển trả,TTS,Chưa đóng kiện,6_12,(LDO) Đam Rông 3
20670000,VNGH80377889802,Luân chuyển trả,TTS,Chưa đóng kiện,6_12,(LDO) Đam Rông 3
20670000,VNGH80663359804,Luân chuyển trả,TTS,Chưa đóng kiện,6_12,(LDO) Đam Rông 3
20591000,VNGH80400859805,Luân chuyển trả,TTS,Chưa đóng kiện,6_12,(DNO) Krông Nô
20670000,VNGH80991309707,Luân chuyển trả,TTS,Chưa đóng kiện,6_12,(LDO) Đam Rông 3
20670000,VNGH80281479710,Luân chuyển trả,TTS,Chưa đóng kiện,6_12,(LDO) Đam Rông 3
20670000,VNGH80811049802,Luân chuyển trả,TTS,Chưa đóng kiện,6_12,(LDO) Đam Rông 3
20591000,VNGH80292259805,Luân chuyển trả,TTS,Chưa đóng kiện,6_12,(DNO) Krông Nô
20942000,GYRCR4AA,Luân chuyển trả,OTHER,Chưa đóng kiện,6_12,(LDO) Di Linh
20942000,GYR9YNFP,Luân chuyển trả,OTHER,Chưa đóng kiện,6_12,(LDO) Di Linh
20942000,GYR9YRG7,Luân chuyển trả,OTHER,Chưa đóng kiện,6_12,(LDO) Di Linh
20942000,GYR9R7KW,Luân chuyển trả,OTHER,Chưa đóng kiện,6_12,(LDO) Di Linh
20591000,VNGH80336419805,Luân chuyển trả,TTS,Chưa đóng kiện,6_12,(DNO) Krông Nô
20942000,GYRV73AR,Luân chuyển trả,OTHER,Chưa đóng kiện,6_12,(LDO) Di Linh
20591000,VNGH80069819709,Luân chuyển trả,TTS,Không cần đóng kiện,6_12,(DNO) Krông Nô
20591000,VNGH80058529709,Luân chuyển trả,TTS,Chưa đóng kiện,6_12,(DNO) Krông Nô
20942000,GYRVDAKV,Luân chuyển trả,OTHER,Chưa đóng kiện,6_12,(LDO) Di Linh
20591000,VNGH80269389706,Luân chuyển trả,TTS,Chưa đóng kiện,6_12,(DNO) Krông Nô
20499000,VNGH80833009802,Luân chuyển trả,TTS,Chưa đóng kiện,6_12,(NTH) Phước Dinh
20670000,VNGH80662569707,Luân chuyển trả,TTS,Chưa đóng kiện,6_12,(LDO) Đam Rông 3
2309,GYR3BPL9,Luân chuyển trả,SHOPEE,Chưa đóng kiện,12_24,(DNO) Đức Lập
2399,GYRN46KK,Luân chuyển trả,OTHER,Chưa đóng kiện,6_12,(KHO) Bắc Nha Trang
20694000,VNGH80086039705,Luân chuyển trả,TTS,Chưa đóng kiện,6_12,(KHO) Tân Định
20143000,GYRB3W6R,Luân chuyển trả,SHOPEE,Chưa đóng kiện,12_24,(KHO) Diên Khánh 2
20785000,GYRB36QB,Luân chuyển trả,SHOPEE,Chưa đóng kiện,6_12,(LDO) B'Lao
20269000,GYR6UURC,Luân chuyển trả,OTHER,Chưa đóng kiện,6_12,(DNO) Kiến Đức
20942000,GYRVBPA8,Luân chuyển trả,OTHER,Chưa đóng kiện,6_12,(LDO) Di Linh
20316000,GYRPN8HY,Luân chuyển trả,SHOPEE,Không cần đóng kiện,12_24,(NTH) Ninh Sơn
21046000,GYR67RXH,Luân chuyển trả,OTHER,Chưa đóng kiện,6_12,(KHO) Vạn Ninh
20495000,VNGH80155929801,Luân chuyển trả,TTS,Chưa đóng kiện,6_12,(KHO) Nha Trang
20320000,GYRN7GQH,Luân chuyển trả,OTHER,Không cần đóng kiện,6_12,(KHO) Tây Nha Trang
20648000,VNGH80993929804,Luân chuyển trả,TTS,Chưa đóng kiện,6_12,(NTH) Ninh Chử
20687000,GYRV66UD,Luân chuyển trả,OTHER,Chưa đóng kiện,6_12,(BTH) Hàm Tân
20591000,VNGH80633369708,Luân chuyển trả,TTS,Chưa đóng kiện,6_12,(DNO) Krông Nô
2309,GYRV9LB6,Luân chuyển trả,OTHER,Chưa đóng kiện,12_24,(DNO) Đức Lập
20591000,VNGH80621159801,Luân chuyển trả,TTS,Chưa đóng kiện,6_12,(DNO) Krông Nô
20591000,VNGH80858489805,Luân chuyển trả,TTS,Chưa đóng kiện,6_12,(DNO) Krông Nô
20591000,VNGH80166879801,Luân chuyển trả,TTS,Chưa đóng kiện,6_12,(DNO) Krông Nô
20591000,VNGH80448889802,Luân chuyển trả,TTS,Chưa đóng kiện,6_12,(DNO) Krông Nô
20591000,VNGH80896709710,Luân chuyển trả,TTS,Chưa đóng kiện,6_12,(DNO) Krông Nô
20591000,VNGH80263019710,Luân chuyển trả,TTS,Chưa đóng kiện,6_12,(DNO) Krông Nô
20143000,GYRPTF4N,Luân chuyển trả,OTHER,Chưa đóng kiện,12_24,(KHO) Diên Khánh 2
20591000,VNGH80859999705,Luân chuyển trả,TTS,Chưa đóng kiện,6_12,(DNO) Krông Nô
2309,GYR6NH4D,Luân chuyển trả,OTHER,Không cần đóng kiện,12_24,(DNO) Đức Lập
20591000,VNGH80874359707,Luân chuyển trả,TTS,Chưa đóng kiện,6_12,(DNO) Krông Nô
20784000,GYRNMKF9,Luân chuyển trả,SHOPEE,Đã đóng kiện,24_36,(KHO) Khánh Sơn
20143000,GYRNMY87,Luân chuyển trả,SHOPEE,Chưa đóng kiện,12_24,(KHO) Diên Khánh 2
20320000,GYRN7KDK,Luân chuyển trả,OTHER,Chưa đóng kiện,6_12,(KHO) Tây Nha Trang
20320000,GYRN7RDT,Luân chuyển trả,OTHER,Chưa đóng kiện,6_12,(KHO) Tây Nha Trang
20143000,GYRPGXGK,Luân chuyển trả,SHOPEE,Chưa đóng kiện,12_24,(KHO) Diên Khánh 2
20143000,GYRP3KTR,Luân chuyển trả,SHOPEE,Chưa đóng kiện,12_24,(KHO) Diên Khánh 2
20143000,GYRBQGEW,Luân chuyển trả,SHOPEE,Chưa đóng kiện,12_24,(KHO) Diên Khánh 2
20591000,VNGH80848119701,Luân chuyển trả,TTS,Chưa đóng kiện,6_12,(DNO) Krông Nô
20591000,VNGH80937709705,Luân chuyển trả,TTS,Chưa đóng kiện,6_12,(DNO) Krông Nô
20143000,GYRBQGET,Luân chuyển trả,SHOPEE,Chưa đóng kiện,12_24,(KHO) Diên Khánh 2
20591000,VNGH80589649703,Luân chuyển trả,TTS,Chưa đóng kiện,6_12,(DNO) Krông Nô
20143000,GYRBHBTE,Luân chuyển trả,SHOPEE,Chưa đóng kiện,12_24,(KHO) Diên Khánh 2
20143000,GYRBYFU3,Luân chuyển trả,SHOPEE,Chưa đóng kiện,12_24,(KHO) Diên Khánh 2
20648000,VNGH80829999803,Luân chuyển trả,TTS,Chưa đóng kiện,6_12,(NTH) Ninh Chử
20648000,VNGH80103219805,Luân chuyển trả,TTS,Chưa đóng kiện,6_12,(NTH) Ninh Chử
20648000,VNGH80778149804,Luân chuyển trả,TTS,Chưa đóng kiện,6_12,(NTH) Ninh Chử
20648000,VNGH80199989802,Luân chuyển trả,TTS,Chưa đóng kiện,6_12,(NTH) Ninh Chử
20143000,GYR339DH,Luân chuyển trả,SHOPEE,Chưa đóng kiện,12_24,(KHO) Diên Khánh 2
20648000,VNGH80793839710,Luân chuyển trả,TTS,Chưa đóng kiện,6_12,(NTH) Ninh Chử
20143000,GYR3MBCN,Luân chuyển trả,SHOPEE,Chưa đóng kiện,12_24,(KHO) Diên Khánh 2
20143000,GYRBWGXE,Luân chuyển trả,OTHER,Chưa đóng kiện,12_24,(KHO) Diên Khánh 2
20143000,GYR6YQKX,Luân chuyển trả,OTHER,Chưa đóng kiện,12_24,(KHO) Diên Khánh 2
21065000,GYR38R3H,Luân chuyển giao,SHOPEE,Chưa đóng kiện,0_6,(BTH) Hàm Thuận Nam
21065000,GYR9XQHW,Luân chuyển trả,OTHER,Chưa đóng kiện,6_12,(BTH) Hàm Thuận Nam
20784000,NVS857805058,Luân chuyển trả,OTHER,Đã đóng kiện,24_36,(KHO) Khánh Sơn
21065000,GYRVUXKL,Luân chuyển trả,OTHER,Chưa đóng kiện,6_12,(BTH) Hàm Thuận Nam
21065000,GYRVRHRU,Luân chuyển trả,OTHER,Chưa đóng kiện,6_12,(BTH) Hàm Thuận Nam
20648000,VNGH80410319709,Luân chuyển trả,TTS,Không cần đóng kiện,6_12,(NTH) Ninh Chử
21065000,GYRN7GWM,Luân chuyển trả,OTHER,Chưa đóng kiện,6_12,(BTH) Hàm Thuận Nam
21065000,VNGH80820129803,Luân chuyển trả,TTS,Chưa đóng kiện,6_12,(BTH) Hàm Thuận Nam
21065000,VNGH80188499802,Luân chuyển trả,TTS,Chưa đóng kiện,6_12,(BTH) Hàm Thuận Nam
20648000,VNGH80268579708,Luân chuyển trả,TTS,Chưa đóng kiện,6_12,(NTH) Ninh Chử
20591000,VNGH80487669706,Luân chuyển trả,TTS,Chưa đóng kiện,6_12,(DNO) Krông Nô
21065000,VNGH80803979710,Luân chuyển trả,TTS,Chưa đóng kiện,6_12,(BTH) Hàm Thuận Nam
20648000,VNGH80438939707,Luân chuyển trả,TTS,Không cần đóng kiện,6_12,(NTH) Ninh Chử
20591000,VNGH80511309610,Luân chuyển trả,TTS,Chưa đóng kiện,6_12,(DNO) Krông Nô
20648000,VNGH80501519703,Luân chuyển trả,TTS,Chưa đóng kiện,6_12,(NTH) Ninh Chử
20849000,VNGH80238859708,Luân chuyển trả,TTS,Không cần đóng kiện,6_12,(LDO) Ninh Gia
20591000,VNGH80782499703,Luân chuyển trả,TTS,Chưa đóng kiện,6_12,(DNO) Krông Nô
20849000,VNGH80802789706,Luân chuyển trả,TTS,Chưa đóng kiện,6_12,(LDO) Ninh Gia
20648000,VNGH80565249706,Luân chuyển trả,TTS,Chưa đóng kiện,6_12,(NTH) Ninh Chử
20591000,GYRN6U96,Luân chuyển trả,OTHER,Chưa đóng kiện,12_24,(DNO) Krông Nô
20849000,VNGH80214389706,Luân chuyển trả,TTS,Chưa đóng kiện,6_12,(LDO) Ninh Gia
20591000,GYRNEWHB,Luân chuyển trả,SHOPEE,Chưa đóng kiện,12_24,(DNO) Krông Nô
20694000,VNGH80932579705,Luân chuyển trả,TTS,Chưa đóng kiện,6_12,(KHO) Tân Định
20591000,GYRPVQL9,Luân chuyển trả,SHOPEE,Chưa đóng kiện,12_24,(DNO) Krông Nô
20591000,GYRPVUPL,Luân chuyển trả,SHOPEE,Chưa đóng kiện,12_24,(DNO) Krông Nô
20648000,VNGH80766869710,Luân chuyển trả,TTS,Không cần đóng kiện,6_12,(NTH) Ninh Chử
20591000,GYRPT8HC,Luân chuyển trả,OTHER,Chưa đóng kiện,12_24,(DNO) Krông Nô
20694000,VNGH80344829705,Luân chuyển trả,TTS,Chưa đóng kiện,6_12,(KHO) Tân Định
20694000,VNGH80706989705,Luân chuyển trả,TTS,Chưa đóng kiện,6_12,(KHO) Tân Định
20694000,VNGH80185219707,Luân chuyển trả,TTS,Chưa đóng kiện,6_12,(KHO) Tân Định
21067000,VNGH80081179709,Luân chuyển trả,TTS,Không cần đóng kiện,6_12,(BTH) Tân Hải
20694000,GYRBKDWM,Luân chuyển trả,OTHER,Chưa đóng kiện,6_12,(KHO) Tân Định
2399,GYRNYXG3,Luân chuyển trả,OTHER,Chưa đóng kiện,6_12,(KHO) Bắc Nha Trang
21046000,GYR6NPL6,Luân chuyển trả,OTHER,Chưa đóng kiện,6_12,(KHO) Vạn Ninh
20269000,GYRNG47K,Luân chuyển trả,OTHER,Chưa đóng kiện,6_12,(DNO) Kiến Đức
20499000,VNGH80187319709,Luân chuyển trả,TTS,Chưa đóng kiện,6_12,(NTH) Phước Dinh
20687000,GYR6QT8P,Luân chuyển trả,OTHER,Chưa đóng kiện,6_12,(BTH) Hàm Tân
20942000,GYRVBTMQ,Luân chuyển trả,OTHER,Chưa đóng kiện,6_12,(LDO) Di Linh
20495000,VNGH80082609805,Luân chuyển trả,TTS,Chưa đóng kiện,6_12,(KHO) Nha Trang
20316000,GYRPWFYU,Luân chuyển trả,SHOPEE,Không cần đóng kiện,12_24,(NTH) Ninh Sơn
20320000,GYRNUM97,Luân chuyển trả,OTHER,Chưa đóng kiện,6_12,(KHO) Tây Nha Trang
2309,GYR6YAFB,Luân chuyển trả,SHOPEE,Chưa đóng kiện,12_24,(DNO) Đức Lập
20849000,VNGH80951459707,Luân chuyển trả,TTS,Chưa đóng kiện,6_12,(LDO) Ninh Gia
20784000,GYRP4DY4,Luân chuyển trả,OTHER,Đã đóng kiện,36_48,(KHO) Khánh Sơn
20670000,VNGH80386539704,Luân chuyển trả,TTS,Chưa đóng kiện,6_12,(LDO) Đam Rông 3
20785000,GYR33FPR,Luân chuyển trả,SHOPEE,Chưa đóng kiện,6_12,(LDO) B'Lao
20143000,GYRDBVKM,Luân chuyển trả,OTHER,Chưa đóng kiện,12_24,(KHO) Diên Khánh 2
20648000,VNGH80923039705,Luân chuyển trả,TTS,Chưa đóng kiện,6_12,(NTH) Ninh Chử
20648000,VNGH80279269709,Luân chuyển trả,TTS,Không cần đóng kiện,6_12,(NTH) Ninh Chử
20648000,VNGH80159899708,Luân chuyển trả,TTS,Chưa đóng kiện,6_12,(NTH) Ninh Chử
20648000,GYR3DRM6,Luân chuyển trả,OTHER,Chưa đóng kiện,12_24,(NTH) Ninh Chử
20648000,GYRK6RWH,Luân chuyển giao,SHOPEE,Không cần đóng kiện,12_24,(NTH) Ninh Chử
20648000,GYR6P6TU,Luân chuyển trả,OTHER,Chưa đóng kiện,12_24,(NTH) Ninh Chử
20495000,VNGH80675819801,Luân chuyển trả,TTS,Chưa đóng kiện,6_12,(KHO) Nha Trang
20316000,GYRK6C9L,Luân chuyển giao,SHOPEE,Không cần đóng kiện,12_24,(NTH) Ninh Sơn
20269000,GYRQ4PM4,Luân chuyển trả,OTHER,Không cần đóng kiện,6_12,(DNO) Kiến Đức
2309,GYRNNT9B,Luân chuyển trả,OTHER,Chưa đóng kiện,12_24,(DNO) Đức Lập
20269000,GYRFELTA,Luân chuyển trả,OTHER,Chưa đóng kiện,6_12,(DNO) Kiến Đức
20942000,GYRVAH78,Luân chuyển trả,OTHER,Chưa đóng kiện,6_12,(LDO) Di Linh
20269000,GYRUR36Y,Luân chuyển trả,OTHER,Chưa đóng kiện,6_12,(DNO) Kiến Đức
20942000,GYRVAAC9,Luân chuyển trả,OTHER,Chưa đóng kiện,6_12,(LDO) Di Linh
20942000,GYRVMNVR,Luân chuyển trả,OTHER,Chưa đóng kiện,6_12,(LDO) Di Linh
2399,VNGH80598909802,Luân chuyển trả,TTS,Chưa đóng kiện,6_12,(KHO) Bắc Nha Trang
2399,VNGH80978949804,Luân chuyển trả,TTS,Chưa đóng kiện,6_12,(KHO) Bắc Nha Trang
2399,VNGH80124109707,Luân chuyển trả,TTS,Chưa đóng kiện,6_12,(KHO) Bắc Nha Trang
20269000,GYRBUCHR,Luân chuyển trả,SHOPEE,Chưa đóng kiện,6_12,(DNO) Kiến Đức
21046000,GYR64FX6,Luân chuyển trả,OTHER,Chưa đóng kiện,6_12,(KHO) Vạn Ninh
20942000,GYR6C4XL,Luân chuyển trả,OTHER,Chưa đóng kiện,6_12,(LDO) Di Linh
20942000,GYR6PT4W,Luân chuyển trả,OTHER,Chưa đóng kiện,6_12,(LDO) Di Linh
20942000,GYR9GKHX,Luân chuyển trả,SHOPEE,Không cần đóng kiện,6_12,(LDO) Di Linh
20942000,GYRVEEVQ,Luân chuyển trả,OTHER,Chưa đóng kiện,6_12,(LDO) Di Linh
20942000,GYRP9AW7,Luân chuyển trả,SHOPEE,Không cần đóng kiện,6_12,(LDO) Di Linh
20942000,GYRNFQDE,Luân chuyển trả,SHOPEE,Chưa đóng kiện,6_12,(LDO) Di Linh
2399,GYRD4NQB,Luân chuyển trả,OTHER,Chưa đóng kiện,6_12,(KHO) Bắc Nha Trang
20942000,VNGH80645309709,Luân chuyển trả,TTS,Không cần đóng kiện,6_12,(LDO) Di Linh
2399,GYRDNCHH,Luân chuyển trả,OTHER,Chưa đóng kiện,6_12,(KHO) Bắc Nha Trang
20687000,GYR6FAYB,Luân chuyển trả,OTHER,Không cần đóng kiện,6_12,(BTH) Hàm Tân
20687000,GYR67UW9,Luân chuyển trả,OTHER,Chưa đóng kiện,6_12,(BTH) Hàm Tân
2399,GYR6EXUW,Luân chuyển trả,OTHER,Chưa đóng kiện,6_12,(KHO) Bắc Nha Trang
2399,GYRN8Q4Y,Luân chuyển trả,SHOPEE,Không cần đóng kiện,6_12,(KHO) Bắc Nha Trang
2399,GYRDQW8G,Luân chuyển trả,SHOPEE,Không cần đóng kiện,6_12,(KHO) Bắc Nha Trang
2399,GYRDC9MX,Luân chuyển trả,OTHER,Chưa đóng kiện,6_12,(KHO) Bắc Nha Trang
20849000,VNGH80056599706,Luân chuyển trả,TTS,Không cần đóng kiện,6_12,(LDO) Ninh Gia
20849000,GYRDF4QN,Luân chuyển trả,OTHER,Chưa đóng kiện,6_12,(LDO) Ninh Gia
21046000,GYR647WU,Luân chuyển trả,OTHER,Chưa đóng kiện,6_12,(KHO) Vạn Ninh
20143000,GYRPVRHN,Luân chuyển trả,SHOPEE,Không cần đóng kiện,12_24,(KHO) Diên Khánh 2
20849000,GYRP3XKW,Luân chuyển trả,SHOPEE,Không cần đóng kiện,6_12,(LDO) Ninh Gia
20143000,GYRBYTEV,Luân chuyển trả,SHOPEE,Chưa đóng kiện,12_24,(KHO) Diên Khánh 2
20316000,GYRDPV99,Luân chuyển giao,OTHER,Chưa đóng kiện,12_24,(NTH) Ninh Sơn
20648000,GYRND6DY,Luân chuyển trả,OTHER,Chưa đóng kiện,12_24,(NTH) Ninh Chử
21046000,BP00299B59,Luân chuyển trả,OTHER,Chưa đóng kiện,6_12,(KHO) Vạn Ninh
21046000,GYRNV6Q8,Luân chuyển trả,OTHER,Chưa đóng kiện,6_12,(KHO) Vạn Ninh
21046000,GYRNDMH6,Luân chuyển trả,OTHER,Chưa đóng kiện,6_12,(KHO) Vạn Ninh
20495000,VNGH80050129709,Luân chuyển trả,TTS,Chưa đóng kiện,6_12,(KHO) Nha Trang
21046000,GYRNPK9V,Luân chuyển trả,OTHER,Chưa đóng kiện,6_12,(KHO) Vạn Ninh
20316000,GYRKK394,Luân chuyển giao,SHOPEE,Chưa đóng kiện,12_24,(NTH) Ninh Sơn
20942000,VNGH80258659704,Luân chuyển trả,TTS,Chưa đóng kiện,6_12,(LDO) Di Linh
20942000,GYRNDKTV,Luân chuyển trả,SHOPEE,Không cần đóng kiện,12_24,(LDO) Di Linh
20942000,GYRWWYTQ,Luân chuyển giao,OTHER,Chưa đóng kiện,12_24,(LDO) Di Linh
20942000,GYRWWTY4,Luân chuyển giao,OTHER,Chưa đóng kiện,12_24,(LDO) Di Linh
20942000,GYRWWAHX,Luân chuyển giao,OTHER,Chưa đóng kiện,12_24,(LDO) Di Linh
20942000,GYRWP6DR,Luân chuyển giao,SHOPEE,Chưa đóng kiện,12_24,(LDO) Di Linh
20942000,GYRVPDH6,Luân chuyển trả,OTHER,Không cần đóng kiện,12_24,(LDO) Di Linh
20942000,GYRVXMRK,Luân chuyển trả,OTHER,Chưa đóng kiện,12_24,(LDO) Di Linh
20942000,GYRVYY7K,Luân chuyển trả,OTHER,Không cần đóng kiện,12_24,(LDO) Di Linh
20942000,GYR6GWXU,Luân chuyển trả,OTHER,Chưa đóng kiện,12_24,(LDO) Di Linh
20942000,GYRNQRQ6,Luân chuyển trả,OTHER,Chưa đóng kiện,12_24,(LDO) Di Linh
20942000,GYRK8P86,Luân chuyển giao,OTHER,Chưa đóng kiện,12_24,(LDO) Di Linh
20687000,GYR67YCV,Luân chuyển trả,OTHER,Chưa đóng kiện,6_12,(BTH) Hàm Tân
20942000,GYR983YF,Luân chuyển trả,OTHER,Chưa đóng kiện,12_24,(LDO) Di Linh
20687000,GYR67RBA,Luân chuyển trả,OTHER,Chưa đóng kiện,6_12,(BTH) Hàm Tân
20942000,GYRNNRCY,Luân chuyển trả,OTHER,Chưa đóng kiện,12_24,(LDO) Di Linh
20687000,GYR69E4W,Luân chuyển trả,OTHER,Chưa đóng kiện,6_12,(BTH) Hàm Tân
20687000,GYR64G6X,Luân chuyển trả,OTHER,Chưa đóng kiện,6_12,(BTH) Hàm Tân
20942000,GYRLNTEF,Luân chuyển trả,OTHER,Chưa đóng kiện,12_24,(LDO) Di Linh
20687000,GYR6RWPH,Luân chuyển trả,OTHER,Chưa đóng kiện,6_12,(BTH) Hàm Tân
20942000,GYRBGDW7,Luân chuyển trả,SHOPEE,Chưa đóng kiện,12_24,(LDO) Di Linh
20687000,GYRN7HHM,Luân chuyển trả,OTHER,Chưa đóng kiện,6_12,(BTH) Hàm Tân
20942000,GYR9MHAV,Luân chuyển trả,OTHER,Chưa đóng kiện,12_24,(LDO) Di Linh
20942000,GYR3CVHG,Luân chuyển trả,OTHER,Chưa đóng kiện,12_24,(LDO) Di Linh
20942000,GYR3U4H3,Luân chuyển trả,OTHER,Chưa đóng kiện,12_24,(LDO) Di Linh
21126000,GYR94CMT,Luân chuyển trả,OTHER,Chưa đóng kiện,6_12,(LDO) Xuân Hương - Đà Lạt
20942000,GYRWP33T,Luân chuyển giao,OTHER,Chưa đóng kiện,12_24,(LDO) Di Linh
20942000,GYR4PNHN,Luân chuyển giao,SHOPEE,Chưa đóng kiện,12_24,(LDO) Di Linh
20316000,GYRKK39B,Luân chuyển giao,SHOPEE,Chưa đóng kiện,12_24,(NTH) Ninh Sơn
20942000,GYRKCG6Y,Luân chuyển giao,SHOPEE,Chưa đóng kiện,12_24,(LDO) Di Linh
20942000,GYR4LD9E_PR,Luân chuyển giao,OTHER,Chưa đóng kiện,12_24,(LDO) Di Linh
20687000,GYRNC989,Luân chuyển trả,OTHER,Chưa đóng kiện,6_12,(BTH) Hàm Tân
20687000,GYRNDA3K,Luân chuyển trả,OTHER,Chưa đóng kiện,6_12,(BTH) Hàm Tân
21126000,GYR9WF49,Luân chuyển trả,OTHER,Chưa đóng kiện,6_12,(LDO) Xuân Hương - Đà Lạt
20687000,GYRNBBMT,Luân chuyển trả,OTHER,Chưa đóng kiện,6_12,(BTH) Hàm Tân
20687000,GYRDQEVG,Luân chuyển trả,OTHER,Chưa đóng kiện,6_12,(BTH) Hàm Tân
20687000,VNGH80027279803,Luân chuyển trả,TTS,Chưa đóng kiện,6_12,(BTH) Hàm Tân
20687000,VNGH80631779804,Luân chuyển trả,TTS,Chưa đóng kiện,6_12,(BTH) Hàm Tân
21046000,GYRNB9WA,Luân chuyển trả,OTHER,Chưa đóng kiện,6_12,(KHO) Vạn Ninh
20687000,VNGH80517009805,Luân chuyển trả,TTS,Chưa đóng kiện,6_12,(BTH) Hàm Tân
20687000,VNGH80357349707,Luân chuyển trả,TTS,Chưa đóng kiện,6_12,(BTH) Hàm Tân
20687000,VNGH80171279804,Luân chuyển trả,TTS,Chưa đóng kiện,6_12,(BTH) Hàm Tân
20687000,VNGH80269989709,Luân chuyển trả,TTS,Chưa đóng kiện,6_12,(BTH) Hàm Tân
20687000,GYRNLPM4,Luân chuyển trả,OTHER,Chưa đóng kiện,12_24,(BTH) Hàm Tân
20687000,GYR3CFK6,Luân chuyển trả,OTHER,Chưa đóng kiện,12_24,(BTH) Hàm Tân
20687000,GYRNQ7TB,Luân chuyển trả,SHOPEE,Chưa đóng kiện,12_24,(BTH) Hàm Tân
20687000,GYR3AHEK,Luân chuyển trả,OTHER,Chưa đóng kiện,12_24,(BTH) Hàm Tân
20942000,GYRKG89R,Luân chuyển giao,OTHER,Chưa đóng kiện,12_24,(LDO) Di Linh
20942000,GYRKXEEA,Luân chuyển giao,OTHER,Chưa đóng kiện,12_24,(LDO) Di Linh
20499000,VNGH80997019803,Luân chuyển trả,TTS,Chưa đóng kiện,6_12,(NTH) Phước Dinh
20670000,VNGH80724139706,Luân chuyển trả,TTS,Chưa đóng kiện,6_12,(LDO) Đam Rông 3
20785000,GYRPT9PH,Luân chuyển trả,OTHER,Chưa đóng kiện,6_12,(LDO) B'Lao
21067000,VNGH80081979710,Luân chuyển trả,TTS,Chưa đóng kiện,6_12,(BTH) Tân Hải
2309,GYRNAWGH,Luân chuyển trả,SHOPEE,Chưa đóng kiện,12_24,(DNO) Đức Lập
20591000,GYRN94P3,Luân chuyển trả,SHOPEE,Chưa đóng kiện,12_24,(DNO) Krông Nô
20269000,GYRBWDX8,Luân chuyển trả,OTHER,Chưa đóng kiện,6_12,(DNO) Kiến Đức
2399,GYRDC366,Luân chuyển trả,OTHER,Chưa đóng kiện,6_12,(KHO) Bắc Nha Trang
20849000,GYR3KRAB,Luân chuyển trả,SHOPEE,Không cần đóng kiện,6_12,(LDO) Ninh Gia
20648000,GYRNYFV9,Luân chuyển trả,OTHER,Chưa đóng kiện,12_24,(NTH) Ninh Chử
20495000,VNGH80948129709,Luân chuyển trả,TTS,Chưa đóng kiện,6_12,(KHO) Nha Trang
20320000,GYRNBL7A,Luân chuyển trả,OTHER,Không cần đóng kiện,6_12,(KHO) Tây Nha Trang
20143000,GYR4DVMC,Luân chuyển trả,SHOPEE,Chưa đóng kiện,12_24,(KHO) Diên Khánh 2
20316000,GYRKK393,Luân chuyển giao,SHOPEE,Chưa đóng kiện,12_24,(NTH) Ninh Sơn
20687000,GYR6LMQR,Luân chuyển trả,OTHER,Chưa đóng kiện,12_24,(BTH) Hàm Tân
21046000,NVN854579731,Luân chuyển trả,OTHER,Chưa đóng kiện,6_12,(KHO) Vạn Ninh
21126000,GYR98UBY,Luân chuyển trả,OTHER,Chưa đóng kiện,6_12,(LDO) Xuân Hương - Đà Lạt
20499000,VNGH80477139710,Luân chuyển trả,TTS,Chưa đóng kiện,6_12,(NTH) Phước Dinh
20499000,VNGH80137719804,Luân chuyển trả,TTS,Chưa đóng kiện,6_12,(NTH) Phước Dinh
20499000,VNGH80966489805,Luân chuyển trả,TTS,Chưa đóng kiện,6_12,(NTH) Phước Dinh
20499000,VNGH80061699805,Luân chuyển trả,TTS,Chưa đóng kiện,6_12,(NTH) Phước Dinh
20499000,VNGH80146709801,Luân chuyển trả,TTS,Chưa đóng kiện,6_12,(NTH) Phước Dinh
20499000,VNGH80373369802,Luân chuyển trả,TTS,Chưa đóng kiện,6_12,(NTH) Phước Dinh
20499000,VNGH80805149709,Luân chuyển trả,TTS,Không cần đóng kiện,6_12,(NTH) Phước Dinh
20499000,VNGH80855129710,Luân chuyển trả,TTS,Chưa đóng kiện,6_12,(NTH) Phước Dinh
20316000,VNGH80407709705,Luân chuyển trả,TTS,Không cần đóng kiện,24_36,(NTH) Ninh Sơn
20687000,GYR6FQFL,Luân chuyển trả,OTHER,Chưa đóng kiện,12_24,(BTH) Hàm Tân
20316000,GYRP4BNM,Luân chuyển trả,OTHER,Chưa đóng kiện,36_48,(NTH) Ninh Sơn
20687000,GYRPCEA8,Luân chuyển trả,SHOPEE,Không cần đóng kiện,12_24,(BTH) Hàm Tân
20687000,GYR6WKQN,Luân chuyển trả,SHOPEE,Chưa đóng kiện,12_24,(BTH) Hàm Tân
21046000,GYRNMYFE,Luân chuyển trả,OTHER,Chưa đóng kiện,6_12,(KHO) Vạn Ninh
20687000,GYR6K74Y,Luân chuyển trả,SHOPEE,Chưa đóng kiện,12_24,(BTH) Hàm Tân
20687000,GYR6WPHR,Luân chuyển trả,SHOPEE,Chưa đóng kiện,12_24,(BTH) Hàm Tân
21290000,GYRQEG9D,Luân chuyển trả,OTHER,Chưa đóng kiện,6_12,(BTH) Tuyên Quang
21290000,GYR996EG,Luân chuyển trả,OTHER,Chưa đóng kiện,6_12,(BTH) Tuyên Quang
20499000,VNGH80467089802,Luân chuyển trả,TTS,Chưa đóng kiện,6_12,(NTH) Phước Dinh
20687000,GYR6E4YQ,Luân chuyển trả,SHOPEE,Chưa đóng kiện,12_24,(BTH) Hàm Tân
20320000,GYRNBNCD,Luân chuyển trả,OTHER,Chưa đóng kiện,6_12,(KHO) Tây Nha Trang
20670000,VNGH80734669708,Luân chuyển trả,TTS,Chưa đóng kiện,6_12,(LDO) Đam Rông 3
20785000,GYRP3BM6,Luân chuyển trả,OTHER,Chưa đóng kiện,6_12,(LDO) B'Lao
20269000,VNGH80711829705,Luân chuyển trả,TTS,Không cần đóng kiện,6_12,(DNO) Kiến Đức
21067000,VNGH80114209710,Luân chuyển trả,TTS,Chưa đóng kiện,6_12,(BTH) Tân Hải
2309,GYRBN4VY,Luân chuyển trả,SHOPEE,Chưa đóng kiện,12_24,(DNO) Đức Lập
20591000,GYR3A338,Luân chuyển trả,SHOPEE,Không cần đóng kiện,12_24,(DNO) Krông Nô
20849000,GYR3AEX7,Luân chuyển trả,SHOPEE,Chưa đóng kiện,6_12,(LDO) Ninh Gia
2399,GYRDREY4,Luân chuyển trả,SHOPEE,Chưa đóng kiện,6_12,(KHO) Bắc Nha Trang
20648000,GYRDGQUC,Luân chuyển trả,OTHER,Chưa đóng kiện,12_24,(NTH) Ninh Chử
20942000,GYRVYYLT,Luân chuyển trả,OTHER,Không cần đóng kiện,12_24,(LDO) Di Linh
20143000,GYRWB7QR,Luân chuyển giao,OTHER,Chưa đóng kiện,12_24,(KHO) Diên Khánh 2
21126000,GYR9YF7F,Luân chuyển trả,OTHER,Chưa đóng kiện,6_12,(LDO) Xuân Hương - Đà Lạt
20495000,VNGH80990989708,Luân chuyển trả,TTS,Chưa đóng kiện,6_12,(KHO) Nha Trang
21150000,GYRNQUW4,Luân chuyển trả,OTHER,Chưa đóng kiện,6_12,(DNO) Quảng Sơn
21046000,VNGH80609419804,Luân chuyển trả,TTS,Chưa đóng kiện,6_12,(KHO) Vạn Ninh
21067000,VNGH80040269701,Luân chuyển trả,TTS,Không cần đóng kiện,6_12,(BTH) Tân Hải
21067000,VNGH80969419706,Luân chuyển trả,TTS,Chưa đóng kiện,6_12,(BTH) Tân Hải
21067000,VNGH80606999705,Luân chuyển trả,TTS,Chưa đóng kiện,6_12,(BTH) Tân Hải
21067000,VNGH80180759703,Luân chuyển trả,TTS,Chưa đóng kiện,6_12,(BTH) Tân Hải
2309,GYRB4WQQ,Luân chuyển trả,SHOPEE,Chưa đóng kiện,12_24,(DNO) Đức Lập
21067000,VNGH80945769703,Luân chuyển trả,TTS,Không cần đóng kiện,6_12,(BTH) Tân Hải
21067000,VNGH80923829703,Luân chuyển trả,TTS,Không cần đóng kiện,6_12,(BTH) Tân Hải
2309,GYR3ADXH,Luân chuyển trả,SHOPEE,Chưa đóng kiện,12_24,(DNO) Đức Lập
21067000,VNGH80499659801,Luân chuyển trả,TTS,Chưa đóng kiện,6_12,(BTH) Tân Hải
21067000,VNGH80431689801,Luân chuyển trả,TTS,Chưa đóng kiện,6_12,(BTH) Tân Hải
2309,GYRDYKR6,Luân chuyển trả,OTHER,Chưa đóng kiện,12_24,(DNO) Đức Lập
20687000,GYRNLNVB,Luân chuyển trả,SHOPEE,Chưa đóng kiện,12_24,(BTH) Hàm Tân
2309,GYRBHYQL,Luân chuyển trả,OTHER,Chưa đóng kiện,12_24,(DNO) Đức Lập
21126000,GYR9MEXP,Luân chuyển trả,OTHER,Chưa đóng kiện,6_12,(LDO) Xuân Hương - Đà Lạt
2309,GYRDQQPC,Luân chuyển trả,OTHER,Chưa đóng kiện,12_24,(DNO) Đức Lập
21150000,VNGH80926359804,Luân chuyển trả,TTS,Chưa đóng kiện,6_12,(DNO) Quảng Sơn
2309,GYRBFKNW,Luân chuyển trả,OTHER,Chưa đóng kiện,12_24,(DNO) Đức Lập
20495000,VNGH80137929708,Luân chuyển trả,TTS,Chưa đóng kiện,6_12,(KHO) Nha Trang
20143000,GYRBTYYR,Luân chuyển trả,OTHER,Chưa đóng kiện,12_24,(KHO) Diên Khánh 2
20495000,VNGH80813169709,Luân chuyển trả,TTS,Chưa đóng kiện,6_12,(KHO) Nha Trang
20670000,VNGH80569329706,Luân chuyển trả,TTS,Chưa đóng kiện,6_12,(LDO) Đam Rông 3
21126000,GYRVQYQF,Luân chuyển trả,OTHER,Chưa đóng kiện,6_12,(LDO) Xuân Hương - Đà Lạt
21126000,GYRVG9U4,Luân chuyển trả,OTHER,Chưa đóng kiện,6_12,(LDO) Xuân Hương - Đà Lạt
20670000,VNGH80347929710,Luân chuyển trả,TTS,Không cần đóng kiện,6_12,(LDO) Đam Rông 3
20670000,VNGH80145249708,Luân chuyển trả,TTS,Chưa đóng kiện,6_12,(LDO) Đam Rông 3
20670000,VNGH80419409708,Luân chuyển trả,TTS,Chưa đóng kiện,6_12,(LDO) Đam Rông 3
20670000,VNGH80910979705,Luân chuyển trả,TTS,Chưa đóng kiện,6_12,(LDO) Đam Rông 3
20670000,VNGH80070999707,Luân chuyển trả,TTS,Không cần đóng kiện,6_12,(LDO) Đam Rông 3
20670000,VNGH80889669705,Luân chuyển trả,TTS,Chưa đóng kiện,6_12,(LDO) Đam Rông 3
20670000,VNGH80281799705,Luân chuyển trả,TTS,Chưa đóng kiện,6_12,(LDO) Đam Rông 3
21067000,GYRPDLBT,Luân chuyển trả,OTHER,Chưa đóng kiện,6_12,(BTH) Tân Hải
21126000,GYRVCCLN,Luân chuyển trả,OTHER,Chưa đóng kiện,6_12,(LDO) Xuân Hương - Đà Lạt
20591000,GYR3A33W,Luân chuyển trả,SHOPEE,Không cần đóng kiện,12_24,(DNO) Krông Nô
21046000,VNGH80614299803,Luân chuyển trả,TTS,Chưa đóng kiện,6_12,(KHO) Vạn Ninh
20591000,GYR3A33T,Luân chuyển trả,SHOPEE,Không cần đóng kiện,12_24,(DNO) Krông Nô
20591000,GYR3A33M,Luân chuyển trả,SHOPEE,Không cần đóng kiện,12_24,(DNO) Krông Nô
21294000,GYRNVDF7,Luân chuyển trả,OTHER,Chưa đóng kiện,0_6,(LDO) Đinh Văn Lâm Hà
21294000,GYR9A7FW,Luân chuyển trả,OTHER,Chưa đóng kiện,6_12,(LDO) Đinh Văn Lâm Hà
21126000,GYRVWN8U,Luân chuyển trả,OTHER,Chưa đóng kiện,6_12,(LDO) Xuân Hương - Đà Lạt
21294000,GYR9YUWX,Luân chuyển trả,OTHER,Chưa đóng kiện,6_12,(LDO) Đinh Văn Lâm Hà
21126000,GYRVR9FR,Luân chuyển trả,OTHER,Chưa đóng kiện,6_12,(LDO) Xuân Hương - Đà Lạt
21046000,VNGH80276659803,Luân chuyển trả,TTS,Chưa đóng kiện,6_12,(KHO) Vạn Ninh
21046000,VNGH80700899805,Luân chuyển trả,TTS,Chưa đóng kiện,6_12,(KHO) Vạn Ninh
21046000,VNGH80769899710,Luân chuyển trả,TTS,Không cần đóng kiện,6_12,(KHO) Vạn Ninh
21046000,VNGH80045289804,Luân chuyển trả,TTS,Chưa đóng kiện,6_12,(KHO) Vạn Ninh
21046000,VNGH80454989801,Luân chuyển trả,TTS,Chưa đóng kiện,6_12,(KHO) Vạn Ninh
21046000,VNGH80584279801,Luân chuyển trả,TTS,Không cần đóng kiện,6_12,(KHO) Vạn Ninh
21046000,VNGH80304699709,Luân chuyển trả,TTS,Không cần đóng kiện,6_12,(KHO) Vạn Ninh
21046000,VNGH80050769710,Luân chuyển trả,TTS,Chưa đóng kiện,6_12,(KHO) Vạn Ninh
21046000,VNGH80897839710,Luân chuyển trả,TTS,Chưa đóng kiện,6_12,(KHO) Vạn Ninh
20591000,GYRNQ4A8,Luân chuyển trả,OTHER,Chưa đóng kiện,12_24,(DNO) Krông Nô
20785000,GYR3FDXN,Luân chuyển trả,OTHER,Chưa đóng kiện,6_12,(LDO) B'Lao
20591000,GYRVRW6C,Luân chuyển trả,OTHER,Chưa đóng kiện,12_24,(DNO) Krông Nô
20785000,GYRD4KT9,Luân chuyển trả,OTHER,Chưa đóng kiện,6_12,(LDO) B'Lao
20591000,GYRBB4YC,Luân chuyển trả,SHOPEE,Chưa đóng kiện,12_24,(DNO) Krông Nô
20785000,GYR4VCWQ,Luân chuyển trả,OTHER,Chưa đóng kiện,12_24,(LDO) B'Lao
20591000,GYRNKHUW,Luân chuyển trả,OTHER,Không cần đóng kiện,12_24,(DNO) Krông Nô
20785000,GYR6KWUN,Luân chuyển trả,OTHER,Chưa đóng kiện,12_24,(LDO) B'Lao
20591000,GYRBRDY6,Luân chuyển trả,OTHER,Chưa đóng kiện,12_24,(DNO) Krông Nô
20785000,GYR4GQMX,Luân chuyển trả,OTHER,Chưa đóng kiện,12_24,(LDO) B'Lao
20785000,GYR3QCF4,Luân chuyển giao,OTHER,Chưa đóng kiện,12_24,(LDO) B'Lao
20785000,GYRWPMHW,Luân chuyển giao,OTHER,Chưa đóng kiện,12_24,(LDO) B'Lao
20785000,GYRWG67K,Luân chuyển giao,OTHER,Không cần đóng kiện,12_24,(LDO) B'Lao
20143000,GYRNVEE4,Luân chuyển trả,SHOPEE,Chưa đóng kiện,12_24,(KHO) Diên Khánh 2
20785000,GYRP8X9A_PR,Luân chuyển giao,OTHER,Chưa đóng kiện,12_24,(LDO) B'Lao
20143000,GYRDGM7U,Luân chuyển trả,OTHER,Chưa đóng kiện,12_24,(KHO) Diên Khánh 2
20785000,GYR3RA9F,Luân chuyển giao,SHOPEE,Không cần đóng kiện,12_24,(LDO) B'Lao
20143000,GYRDWU9G,Luân chuyển trả,OTHER,Chưa đóng kiện,12_24,(KHO) Diên Khánh 2
20143000,GYRVYWBN,Luân chuyển trả,OTHER,Chưa đóng kiện,12_24,(KHO) Diên Khánh 2
21046000,VNGH80097049801,Luân chuyển trả,TTS,Chưa đóng kiện,6_12,(KHO) Vạn Ninh
20143000,GYRDPLRB,Luân chuyển trả,OTHER,Chưa đóng kiện,12_24,(KHO) Diên Khánh 2
20143000,GYR6NUKD_2,Luân chuyển trả,OTHER,Không cần đóng kiện,24_36,(KHO) Diên Khánh 2
20785000,GYRPCFCK,Luân chuyển trả,SHOPEE,Chưa đóng kiện,12_24,(LDO) B'Lao
20785000,GYRNL9BT,Luân chuyển trả,SHOPEE,Chưa đóng kiện,12_24,(LDO) B'Lao
20785000,GYRWB8GN,Luân chuyển giao,OTHER,Không cần đóng kiện,12_24,(LDO) B'Lao
20785000,GYRWBAV4,Luân chuyển giao,OTHER,Không cần đóng kiện,12_24,(LDO) B'Lao
20785000,GYR3C9FM,Luân chuyển trả,OTHER,Chưa đóng kiện,12_24,(LDO) B'Lao
20785000,VNGH80943609808,Luân chuyển giao,TTS,Chưa đóng kiện,12_24,(LDO) B'Lao
20785000,GYR3DM9P,Luân chuyển giao,OTHER,Chưa đóng kiện,12_24,(LDO) B'Lao
20785000,GYR4CUEX,Luân chuyển giao,OTHER,Chưa đóng kiện,12_24,(LDO) B'Lao
20785000,GYR44QYE,Luân chuyển giao,OTHER,Chưa đóng kiện,12_24,(LDO) B'Lao
20785000,VNGH80881879901,Luân chuyển giao,TTS,Chưa đóng kiện,12_24,(LDO) B'Lao
20143000,GYR6NUKD_1,Luân chuyển trả,OTHER,Không cần đóng kiện,24_36,(KHO) Diên Khánh 2
20785000,GYR393XM,Luân chuyển giao,OTHER,Chưa đóng kiện,12_24,(LDO) B'Lao
20785000,GYR38ATH,Luân chuyển giao,OTHER,Chưa đóng kiện,12_24,(LDO) B'Lao
21294000,GYRVGPU3,Luân chuyển trả,OTHER,Chưa đóng kiện,6_12,(LDO) Đinh Văn Lâm Hà
21294000,GYRV6XBR,Luân chuyển trả,OTHER,Chưa đóng kiện,6_12,(LDO) Đinh Văn Lâm Hà
21294000,GYRVDTKA,Luân chuyển trả,OTHER,Chưa đóng kiện,6_12,(LDO) Đinh Văn Lâm Hà
21294000,GYRVPNXG,Luân chuyển trả,OTHER,Chưa đóng kiện,6_12,(LDO) Đinh Văn Lâm Hà
21294000,GYRVK8HP,Luân chuyển trả,OTHER,Chưa đóng kiện,6_12,(LDO) Đinh Văn Lâm Hà
21294000,GYR6QKEC,Luân chuyển trả,OTHER,Chưa đóng kiện,6_12,(LDO) Đinh Văn Lâm Hà
21294000,GYR6CMHG,Luân chuyển trả,OTHER,Chưa đóng kiện,6_12,(LDO) Đinh Văn Lâm Hà
21294000,GYR6NE8T,Luân chuyển trả,OTHER,Chưa đóng kiện,6_12,(LDO) Đinh Văn Lâm Hà
21294000,GYR6EX9V,Luân chuyển trả,OTHER,Chưa đóng kiện,6_12,(LDO) Đinh Văn Lâm Hà
21294000,OW1-085292-1,Luân chuyển trả,OTHER,Chưa đóng kiện,6_12,(LDO) Đinh Văn Lâm Hà
21294000,GYRNCATH,Luân chuyển trả,OTHER,Chưa đóng kiện,6_12,(LDO) Đinh Văn Lâm Hà
21294000,VNGH80674349804,Luân chuyển trả,TTS,Chưa đóng kiện,6_12,(LDO) Đinh Văn Lâm Hà
21294000,VNGH80337129707,Luân chuyển trả,TTS,Chưa đóng kiện,6_12,(LDO) Đinh Văn Lâm Hà
21046000,VNGH80312779709,Luân chuyển trả,TTS,Chưa đóng kiện,6_12,(KHO) Vạn Ninh
21046000,VNGH80761719708,Luân chuyển trả,TTS,Chưa đóng kiện,6_12,(KHO) Vạn Ninh
21046000,VNGH80995689704,Luân chuyển trả,TTS,Chưa đóng kiện,6_12,(KHO) Vạn Ninh
21046000,GYRPWK9T,Luân chuyển trả,SHOPEE,Không cần đóng kiện,6_12,(KHO) Vạn Ninh
21046000,GYR37KYE,Luân chuyển trả,OTHER,Chưa đóng kiện,12_24,(KHO) Vạn Ninh
21046000,GYR4L8NB,Luân chuyển trả,OTHER,Chưa đóng kiện,12_24,(KHO) Vạn Ninh
21046000,GYRKUGP4,Luân chuyển giao,OTHER,Không cần đóng kiện,12_24,(KHO) Vạn Ninh
21046000,GYRDL4RV,Luân chuyển trả,OTHER,Chưa đóng kiện,12_24,(KHO) Vạn Ninh
21046000,GYRDCNTX,Luân chuyển trả,OTHER,Chưa đóng kiện,12_24,(KHO) Vạn Ninh
21046000,GYRD9LGU,Luân chuyển trả,OTHER,Chưa đóng kiện,12_24,(KHO) Vạn Ninh
21046000,GYRD6PNG,Luân chuyển trả,OTHER,Chưa đóng kiện,12_24,(KHO) Vạn Ninh
21046000,GYR3DKYL,Luân chuyển trả,OTHER,Chưa đóng kiện,12_24,(KHO) Vạn Ninh
21046000,GYRD6QN3,Luân chuyển trả,SHOPEE,Chưa đóng kiện,12_24,(KHO) Vạn Ninh
21046000,GYR3M4RG,Luân chuyển trả,SHOPEE,Chưa đóng kiện,12_24,(KHO) Vạn Ninh
21046000,GYRK77KN,Luân chuyển trả,OTHER,Chưa đóng kiện,12_24,(KHO) Vạn Ninh
21046000,GYRPQ9UB,Luân chuyển trả,SHOPEE,Chưa đóng kiện,12_24,(KHO) Vạn Ninh
21046000,GYRBGNTN,Luân chuyển trả,SHOPEE,Không cần đóng kiện,12_24,(KHO) Vạn Ninh
21046000,GYRNLPRM,Luân chuyển trả,OTHER,Chưa đóng kiện,12_24,(KHO) Vạn Ninh
21046000,GYR4GWXB_PR,Luân chuyển giao,OTHER,Chưa đóng kiện,12_24,(KHO) Vạn Ninh
21046000,GYR4NFRL,Luân chuyển trả,OTHER,Chưa đóng kiện,12_24,(KHO) Vạn Ninh
21046000,GYRW6GTM,Luân chuyển giao,OTHER,Chưa đóng kiện,12_24,(KHO) Vạn Ninh
21046000,GYRKMRXG,Luân chuyển giao,OTHER,Chưa đóng kiện,12_24,(KHO) Vạn Ninh
21046000,GYRB9QKT_PR,Luân chuyển giao,OTHER,Chưa đóng kiện,12_24,(KHO) Vạn Ninh
21046000,GYR34TMR,Luân chuyển trả,OTHER,Chưa đóng kiện,12_24,(KHO) Vạn Ninh
21046000,GYRDHQ6F_PR,Luân chuyển giao,OTHER,Chưa đóng kiện,12_24,(KHO) Vạn Ninh
21046000,GYR9T9HF,Luân chuyển trả,OTHER,Chưa đóng kiện,12_24,(KHO) Vạn Ninh
20942000,NVS858308210,Luân chuyển trả,OTHER,Chưa đóng kiện,12_24,(LDO) Di Linh
21046000,GYR3B4MP_PR,Luân chuyển giao,OTHER,Chưa đóng kiện,12_24,(KHO) Vạn Ninh
21046000,GYRPK3BU,Luân chuyển giao,OTHER,Chưa đóng kiện,12_24,(KHO) Vạn Ninh
21046000,GYR3RB6X_PR,Luân chuyển giao,OTHER,Chưa đóng kiện,12_24,(KHO) Vạn Ninh
21046000,GYRVMWAY,Luân chuyển trả,OTHER,Chưa đóng kiện,36_48,(KHO) Vạn Ninh
21294000,VNGH80673599702,Luân chuyển trả,TTS,Không cần đóng kiện,6_12,(LDO) Đinh Văn Lâm Hà
21294000,VNGH80194389708,Luân chuyển trả,TTS,Chưa đóng kiện,6_12,(LDO) Đinh Văn Lâm Hà
2309,GYR9BCDM,Luân chuyển trả,OTHER,Chưa đóng kiện,12_24,(DNO) Đức Lập
2309,GYRVA7K3,Luân chuyển trả,OTHER,Chưa đóng kiện,12_24,(DNO) Đức Lập
21294000,VNGH80554669703,Luân chuyển trả,TTS,Chưa đóng kiện,6_12,(LDO) Đinh Văn Lâm Hà
20269000,GYRVEAX7,Luân chuyển trả,OTHER,Chưa đóng kiện,6_12,(DNO) Kiến Đức
20687000,GYR4NXFH,Luân chuyển trả,SHOPEE,Chưa đóng kiện,12_24,(BTH) Hàm Tân
20849000,GYRV6CT4,Luân chuyển trả,OTHER,Chưa đóng kiện,6_12,(LDO) Ninh Gia
21290000,GYRVQVNA,Luân chuyển trả,OTHER,Chưa đóng kiện,6_12,(BTH) Tuyên Quang
2399,GYRDM6W4,Luân chuyển trả,SHOPEE,Không cần đóng kiện,6_12,(KHO) Bắc Nha Trang
20499000,VNGH80036559704,Luân chuyển trả,TTS,Chưa đóng kiện,6_12,(NTH) Phước Dinh
20648000,GYRBVFTK,Luân chuyển trả,SHOPEE,Không cần đóng kiện,12_24,(NTH) Ninh Chử
21150000,VNGH80455529803,Luân chuyển trả,TTS,Chưa đóng kiện,6_12,(DNO) Quảng Sơn
20320000,GYRNH6FU,Luân chuyển trả,OTHER,Chưa đóng kiện,6_12,(KHO) Tây Nha Trang
20495000,VNGH80800079710,Luân chuyển trả,TTS,Chưa đóng kiện,6_12,(KHO) Nha Trang
20670000,VNGH80595539705,Luân chuyển trả,TTS,Chưa đóng kiện,6_12,(LDO) Đam Rông 3
21126000,GYR6QFPC,Luân chuyển trả,OTHER,Chưa đóng kiện,6_12,(LDO) Xuân Hương - Đà Lạt
20785000,GYR4QRHT,Luân chuyển giao,OTHER,Chưa đóng kiện,12_24,(LDO) B'Lao
21046000,GYR6FVUB,Luân chuyển trả,OTHER,Chưa đóng kiện,36_48,(KHO) Vạn Ninh
20269000,GYR69LLR,Luân chuyển trả,OTHER,Không cần đóng kiện,6_12,(DNO) Kiến Đức
20849000,GYR63KUF,Luân chuyển trả,SHOPEE,Chưa đóng kiện,6_12,(LDO) Ninh Gia
20687000,GYRB3TLK,Luân chuyển trả,OTHER,Chưa đóng kiện,12_24,(BTH) Hàm Tân
20849000,GYRDGTCH,Luân chuyển trả,OTHER,Chưa đóng kiện,6_12,(LDO) Ninh Gia
21290000,GYRV7KLE,Luân chuyển trả,OTHER,Chưa đóng kiện,6_12,(BTH) Tuyên Quang
21290000,GYRVXHQT,Luân chuyển trả,OTHER,Chưa đóng kiện,6_12,(BTH) Tuyên Quang
20849000,GYRDADRB,Luân chuyển trả,SHOPEE,Chưa đóng kiện,6_12,(LDO) Ninh Gia
20670000,VNGH80004389703,Luân chuyển trả,TTS,Chưa đóng kiện,6_12,(LDO) Đam Rông 3
20849000,GYRP6BDR,Luân chuyển trả,OTHER,Chưa đóng kiện,6_12,(LDO) Ninh Gia
2309,GYRPKP4P,Luân chuyển trả,SHOPEE,Chưa đóng kiện,12_24,(DNO) Đức Lập
20849000,GYRN4LXR,Luân chuyển trả,OTHER,Chưa đóng kiện,6_12,(LDO) Ninh Gia
21150000,VNGH80332489708,Luân chuyển trả,TTS,Chưa đóng kiện,6_12,(DNO) Quảng Sơn
20785000,VNGH80238929901,Luân chuyển giao,TTS,Chưa đóng kiện,12_24,(LDO) B'Lao
20687000,GYRVVRVT,Luân chuyển trả,OTHER,Chưa đóng kiện,12_24,(BTH) Hàm Tân
20785000,VNGH80273459905,Luân chuyển giao,TTS,Chưa đóng kiện,12_24,(LDO) B'Lao
20785000,GYRPGLUH_PR,Luân chuyển giao,OTHER,Chưa đóng kiện,12_24,(LDO) B'Lao
20942000,GYR9G7NT,Luân chuyển trả,OTHER,Chưa đóng kiện,12_24,(LDO) Di Linh
20785000,GYRNE3XC,Luân chuyển trả,OTHER,Chưa đóng kiện,12_24,(LDO) B'Lao
20648000,GYRKCQWR,Luân chuyển giao,SHOPEE,Chưa đóng kiện,12_24,(NTH) Ninh Chử
20942000,GYRWCQQH,Luân chuyển giao,OTHER,Chưa đóng kiện,12_24,(LDO) Di Linh
20785000,GYRPW7BQ,Luân chuyển trả,OTHER,Chưa đóng kiện,12_24,(LDO) B'Lao
20687000,GYRN8NRY,Luân chuyển trả,SHOPEE,Chưa đóng kiện,12_24,(BTH) Hàm Tân
20942000,GYR37CDK,Luân chuyển trả,OTHER,Chưa đóng kiện,12_24,(LDO) Di Linh
20785000,GYR3Q8FP,Luân chuyển trả,SHOPEE,Chưa đóng kiện,12_24,(LDO) B'Lao
20687000,GYRBHWQC_PR,Luân chuyển giao,OTHER,Chưa đóng kiện,12_24,(BTH) Hàm Tân
20785000,GYR3UNMX,Luân chuyển trả,SHOPEE,Chưa đóng kiện,12_24,(LDO) B'Lao
20687000,GYRDG9KF,Luân chuyển trả,OTHER,Chưa đóng kiện,12_24,(BTH) Hàm Tân
20320000,GYRNY4BP,Luân chuyển trả,OTHER,Chưa đóng kiện,6_12,(KHO) Tây Nha Trang
2309,GYRPXUVL,Luân chuyển trả,SHOPEE,Không cần đóng kiện,12_24,(DNO) Đức Lập
20320000,FHS38649875,Luân chuyển trả,OTHER,Chưa đóng kiện,6_12,(KHO) Tây Nha Trang
20320000,GYRDGYXY,Luân chuyển trả,OTHER,Chưa đóng kiện,6_12,(KHO) Tây Nha Trang
20942000,GYRBW9HL,Luân chuyển giao,OTHER,Chưa đóng kiện,12_24,(LDO) Di Linh
20942000,GYRK8FNR,Luân chuyển giao,SHOPEE,Chưa đóng kiện,12_24,(LDO) Di Linh
20942000,GYRBETYH_PR,Luân chuyển giao,OTHER,Chưa đóng kiện,12_24,(LDO) Di Linh
20942000,GYR3EEVE,Luân chuyển giao,OTHER,Chưa đóng kiện,12_24,(LDO) Di Linh
2309,GYRBY6NH,Luân chuyển trả,SHOPEE,Không cần đóng kiện,12_24,(DNO) Đức Lập
20648000,GYR34UYF,Luân chuyển giao,OTHER,Chưa đóng kiện,24_36,(NTH) Ninh Chử
20495000,VNGH80729709708,Luân chuyển trả,TTS,Chưa đóng kiện,6_12,(KHO) Nha Trang
20495000,VNGH80349229710,Luân chuyển trả,TTS,Không cần đóng kiện,6_12,(KHO) Nha Trang
20495000,VNGH80209649710,Luân chuyển trả,TTS,Chưa đóng kiện,6_12,(KHO) Nha Trang
2309,GYR3NAKM,Luân chuyển trả,OTHER,Chưa đóng kiện,12_24,(DNO) Đức Lập
20495000,VNGH80668859709,Luân chuyển trả,TTS,Chưa đóng kiện,6_12,(KHO) Nha Trang
2309,GYRV8RNK,Luân chuyển trả,OTHER,Chưa đóng kiện,12_24,(DNO) Đức Lập
20495000,VNGH80007459707,Luân chuyển trả,TTS,Chưa đóng kiện,6_12,(KHO) Nha Trang
20495000,VNGH80607279703,Luân chuyển trả,TTS,Chưa đóng kiện,6_12,(KHO) Nha Trang
2309,GYRNL3E8,Luân chuyển trả,OTHER,Chưa đóng kiện,12_24,(DNO) Đức Lập
20495000,VNGH80391629705,Luân chuyển trả,TTS,Chưa đóng kiện,6_12,(KHO) Nha Trang
2309,GYRNGH97,Luân chuyển trả,OTHER,Chưa đóng kiện,12_24,(DNO) Đức Lập
20495000,GYRDY34B,Luân chuyển trả,OTHER,Chưa đóng kiện,6_12,(KHO) Nha Trang
2309,GYRDC4Q4,Luân chuyển trả,OTHER,Chưa đóng kiện,12_24,(DNO) Đức Lập
20495000,GYRPGW77,Luân chuyển trả,SHOPEE,Chưa đóng kiện,6_12,(KHO) Nha Trang
2309,GYRDD9YU,Luân chuyển trả,SHOPEE,Chưa đóng kiện,12_24,(DNO) Đức Lập
20495000,GYRB6RPK,Luân chuyển trả,SHOPEE,Không cần đóng kiện,6_12,(KHO) Nha Trang
21150000,VNGH80187449801,Luân chuyển trả,TTS,Chưa đóng kiện,6_12,(DNO) Quảng Sơn
21150000,GYR6AEHV,Luân chuyển trả,SHOPEE,Không cần đóng kiện,12_24,(DNO) Quảng Sơn
20942000,GYR3MBCD,Luân chuyển giao,SHOPEE,Chưa đóng kiện,24_36,(LDO) Di Linh
21126000,GYR67Y44,Luân chuyển trả,OTHER,Chưa đóng kiện,6_12,(LDO) Xuân Hương - Đà Lạt
20942000,GYRUWPKM,Luân chuyển trả,OTHER,Đã đóng kiện,24_36,(LDO) Di Linh
20942000,GYR4L4WX,Luân chuyển trả,SHOPEE,Đã đóng kiện,36_48,(LDO) Di Linh
20320000,GYRD3RGH,Luân chuyển trả,OTHER,Chưa đóng kiện,6_12,(KHO) Tây Nha Trang
20942000,GYRPXAFU,Luân chuyển giao,OTHER,Không cần đóng kiện,36_48,(LDO) Di Linh
20320000,GYRDTWYL,Luân chuyển trả,OTHER,Không cần đóng kiện,6_12,(KHO) Tây Nha Trang
20320000,VNGH80205549704,Luân chuyển trả,TTS,Chưa đóng kiện,6_12,(KHO) Tây Nha Trang
20320000,VNGH80979199708,Luân chuyển trả,TTS,Không cần đóng kiện,6_12,(KHO) Tây Nha Trang
20320000,VNGH80585449709,Luân chuyển trả,TTS,Chưa đóng kiện,6_12,(KHO) Tây Nha Trang
21331000,GYR6B34R,Luân chuyển trả,OTHER,Chưa đóng kiện,0_6,(KHO) Cam Lâm 1
21331000,GYRDB9B7,Luân chuyển trả,OTHER,Chưa đóng kiện,0_6,(KHO) Cam Lâm 1
20320000,VNGH80493639509,Luân chuyển trả,TTS,Chưa đóng kiện,6_12,(KHO) Tây Nha Trang
21331000,GYR7D93Y,Luân chuyển trả,OTHER,Chưa đóng kiện,6_12,(KHO) Cam Lâm 1
21331000,GYR9KV7R,Luân chuyển trả,OTHER,Chưa đóng kiện,6_12,(KHO) Cam Lâm 1
20320000,GYR6VWPF,Luân chuyển trả,OTHER,Chưa đóng kiện,6_12,(KHO) Tây Nha Trang
20320000,GYRNUNM3,Luân chuyển trả,OTHER,Chưa đóng kiện,6_12,(KHO) Tây Nha Trang
20320000,GYRDDLBY,Luân chuyển trả,OTHER,Không cần đóng kiện,6_12,(KHO) Tây Nha Trang
21298000,GYR9XNF6,Luân chuyển trả,OTHER,Chưa đóng kiện,6_12,(BTH) Liên Hương
21298000,GYRVB7CR,Luân chuyển trả,OTHER,Chưa đóng kiện,6_12,(BTH) Liên Hương
21126000,GYR6VX3P,Luân chuyển trả,OTHER,Chưa đóng kiện,6_12,(LDO) Xuân Hương - Đà Lạt
20495000,GYR4BXN7,Luân chuyển giao,SHOPEE,Không cần đóng kiện,6_12,(KHO) Nha Trang
20942000,GYRPXA79,Luân chuyển giao,OTHER,Không cần đóng kiện,36_48,(LDO) Di Linh
20942000,GYRPXAFB,Luân chuyển giao,OTHER,Không cần đóng kiện,36_48,(LDO) Di Linh
20495000,NVS851935830,Luân chuyển trả,OTHER,Chưa đóng kiện,6_12,(KHO) Nha Trang
20942000,GYRCQBBY,Luân chuyển trả,OTHER,Chưa đóng kiện,48_72,(LDO) Di Linh
21150000,GYRVACVP,Luân chuyển trả,OTHER,Chưa đóng kiện,12_24,(DNO) Quảng Sơn
21320000,GYR9PV9P,Luân chuyển trả,OTHER,Chưa đóng kiện,6_12,(BTH) Phú Thủy
20849000,GYRB46BQ,Luân chuyển giao,SHOPEE,Không cần đóng kiện,6_12,(LDO) Ninh Gia
21320000,GYR6VN7G,Luân chuyển trả,OTHER,Chưa đóng kiện,6_12,(BTH) Phú Thủy
20942000,GYRCR9XV,Luân chuyển trả,OTHER,Chưa đóng kiện,72_96,(LDO) Di Linh
21320000,GYR6NACF,Luân chuyển trả,OTHER,Chưa đóng kiện,6_12,(BTH) Phú Thủy
20849000,VNGH80920630012,Luân chuyển giao,TTS,Chưa đóng kiện,12_24,(LDO) Ninh Gia
21320000,GYR6KF3E,Luân chuyển trả,OTHER,Chưa đóng kiện,6_12,(BTH) Phú Thủy
21320000,GYRND6B7,Luân chuyển trả,OTHER,Chưa đóng kiện,6_12,(BTH) Phú Thủy
20942000,GYRVWVV9,Luân chuyển trả,SHOPEE,Không cần đóng kiện,72_96,(LDO) Di Linh
21320000,GYRDUQLK,Luân chuyển trả,OTHER,Chưa đóng kiện,6_12,(BTH) Phú Thủy
20849000,VNGH80348189910,Luân chuyển giao,TTS,Chưa đóng kiện,12_24,(LDO) Ninh Gia
21320000,GYRDVN49,Luân chuyển trả,OTHER,Chưa đóng kiện,6_12,(BTH) Phú Thủy
20849000,VNGH80920430012,Luân chuyển giao,TTS,Chưa đóng kiện,12_24,(LDO) Ninh Gia
21320000,GYRDPMTX,Luân chuyển trả,OTHER,Chưa đóng kiện,6_12,(BTH) Phú Thủy
20269000,GYRPU8V8,Luân chuyển trả,OTHER,Chưa đóng kiện,6_12,(DNO) Kiến Đức
21320000,VNGH80922159803,Luân chuyển trả,TTS,Chưa đóng kiện,6_12,(BTH) Phú Thủy
20269000,GYRUNLA6,Luân chuyển trả,OTHER,Chưa đóng kiện,6_12,(DNO) Kiến Đức
20849000,GYRBAFUB_PR,Luân chuyển giao,OTHER,Chưa đóng kiện,12_24,(LDO) Ninh Gia
21320000,VNGH80637839805,Luân chuyển trả,TTS,Chưa đóng kiện,6_12,(BTH) Phú Thủy
20849000,GYRK8T4R,Luân chuyển giao,OTHER,Chưa đóng kiện,12_24,(LDO) Ninh Gia
20849000,GYRKEQEV,Luân chuyển giao,SHOPEE,Chưa đóng kiện,12_24,(LDO) Ninh Gia
20849000,GYRKVF8R,Luân chuyển giao,OTHER,Chưa đóng kiện,12_24,(LDO) Ninh Gia
20849000,VNGH80523889907,Luân chuyển giao,TTS,Chưa đóng kiện,12_24,(LDO) Ninh Gia
21320000,VNGH80821759708,Luân chuyển trả,TTS,Chưa đóng kiện,6_12,(BTH) Phú Thủy
20942000,GYRQMACV,Luân chuyển trả,OTHER,Chưa đóng kiện,72_96,(LDO) Di Linh
21320000,VNGH80343169707,Luân chuyển trả,TTS,Chưa đóng kiện,6_12,(BTH) Phú Thủy
20942000,GYRQBVWL,Luân chuyển trả,OTHER,Chưa đóng kiện,96_120,(LDO) Di Linh
21320000,VNGH80609489803,Luân chuyển trả,TTS,Chưa đóng kiện,6_12,(BTH) Phú Thủy
20269000,GYRBCC63,Luân chuyển trả,SHOPEE,Chưa đóng kiện,6_12,(DNO) Kiến Đức
20269000,GYRBWN3P,Luân chuyển trả,SHOPEE,Chưa đóng kiện,6_12,(DNO) Kiến Đức
20269000,GYRDKAMH,Luân chuyển trả,OTHER,Chưa đóng kiện,6_12,(DNO) Kiến Đức
20269000,GYRWGEK6,Luân chuyển giao,SHOPEE,Không cần đóng kiện,12_24,(DNO) Kiến Đức
20849000,GYRB43EN_PR,Luân chuyển giao,OTHER,Chưa đóng kiện,12_24,(LDO) Ninh Gia
20849000,GYRPD3U8,Luân chuyển trả,OTHER,Chưa đóng kiện,24_36,(LDO) Ninh Gia
21320000,VNGH80353959803,Luân chuyển trả,TTS,Chưa đóng kiện,6_12,(BTH) Phú Thủy
21320000,VNGH80959979706,Luân chuyển trả,TTS,Chưa đóng kiện,6_12,(BTH) Phú Thủy
21320000,VNGH80179909709,Luân chuyển trả,TTS,Chưa đóng kiện,6_12,(BTH) Phú Thủy
21320000,VNGH80391129801,Luân chuyển trả,TTS,Chưa đóng kiện,6_12,(BTH) Phú Thủy
21320000,VNGH80029389705,Luân chuyển trả,TTS,Chưa đóng kiện,6_12,(BTH) Phú Thủy
21320000,VNGH80146699610,Luân chuyển trả,TTS,Chưa đóng kiện,6_12,(BTH) Phú Thủy
21320000,VNGH80088309801,Luân chuyển trả,TTS,Không cần đóng kiện,6_12,(BTH) Phú Thủy
21320000,VNGH80364019710,Luân chuyển trả,TTS,Không cần đóng kiện,6_12,(BTH) Phú Thủy
21320000,VNGH80207849802,Luân chuyển trả,TTS,Chưa đóng kiện,6_12,(BTH) Phú Thủy
20269000,GYRWVH76,Luân chuyển giao,SHOPEE,Không cần đóng kiện,12_24,(DNO) Kiến Đức
20269000,GYRWUA4F,Luân chuyển giao,SHOPEE,Không cần đóng kiện,12_24,(DNO) Kiến Đức
20269000,GYRWURFN,Luân chuyển giao,SHOPEE,Không cần đóng kiện,12_24,(DNO) Kiến Đức
20269000,GYRWGRM3,Luân chuyển giao,SHOPEE,Không cần đóng kiện,12_24,(DNO) Kiến Đức
20269000,GYRWU3DP,Luân chuyển giao,SHOPEE,Không cần đóng kiện,12_24,(DNO) Kiến Đức
20269000,GYRWUNKR,Luân chuyển giao,SHOPEE,Không cần đóng kiện,12_24,(DNO) Kiến Đức
20269000,GYRWU6Y4,Luân chuyển giao,SHOPEE,Không cần đóng kiện,12_24,(DNO) Kiến Đức
20942000,GYR9WA8N,Luân chuyển giao,SHOPEE,Không cần đóng kiện,120_192,(LDO) Di Linh
20942000,GYR9WHHM,Luân chuyển giao,SHOPEE,Không cần đóng kiện,120_192,(LDO) Di Linh
20942000,GYYAXYBU,Luân chuyển trả,OTHER,Chưa đóng kiện,192,(LDO) Di Linh
20942000,GYYY6NYR,Luân chuyển trả,OTHER,Chưa đóng kiện,192,(LDO) Di Linh
20942000,GYYYGM8P,Luân chuyển trả,OTHER,Chưa đóng kiện,192,(LDO) Di Linh
20942000,GYYHNPFP,Luân chuyển trả,SHOPEE,Chưa đóng kiện,192,(LDO) Di Linh
2399,GYRPQKN6,Luân chuyển trả,SHOPEE,Không cần đóng kiện,6_12,(KHO) Bắc Nha Trang
2399,GYRPR4QW,Luân chuyển trả,SHOPEE,Không cần đóng kiện,6_12,(KHO) Bắc Nha Trang
2399,GYRPE3T4,Luân chuyển trả,SHOPEE,Chưa đóng kiện,6_12,(KHO) Bắc Nha Trang
2399,GYRBL8BX,Luân chuyển trả,SHOPEE,Không cần đóng kiện,6_12,(KHO) Bắc Nha Trang
2399,GYR34RF8,Luân chuyển trả,SHOPEE,Chưa đóng kiện,6_12,(KHO) Bắc Nha Trang
2399,GYR38TDH,Luân chuyển trả,SHOPEE,Chưa đóng kiện,6_12,(KHO) Bắc Nha Trang
2399,GYR4DN39,Luân chuyển trả,SHOPEE,Chưa đóng kiện,6_12,(KHO) Bắc Nha Trang
2399,GYRDDWAW,Luân chuyển trả,OTHER,Chưa đóng kiện,6_12,(KHO) Bắc Nha Trang
2399,GYR4T8WQ,Luân chuyển trả,SHOPEE,Chưa đóng kiện,6_12,(KHO) Bắc Nha Trang
20942000,GYYAYQC7,Luân chuyển trả,SHOPEE,Chưa đóng kiện,192,(LDO) Di Linh
20942000,GYYW797X,Luân chuyển trả,OTHER,Chưa đóng kiện,192,(LDO) Di Linh
20942000,GYYHBPWW,Luân chuyển trả,OTHER,Chưa đóng kiện,192,(LDO) Di Linh
20942000,GYYAWLRT,Luân chuyển trả,OTHER,Chưa đóng kiện,192,(LDO) Di Linh
20942000,GYY8FXH4,Luân chuyển trả,OTHER,Không cần đóng kiện,192,(LDO) Di Linh
20942000,GYYVPB6Y,Luân chuyển trả,OTHER,Chưa đóng kiện,192,(LDO) Di Linh
20269000,GYRWUTLX,Luân chuyển giao,SHOPEE,Không cần đóng kiện,12_24,(DNO) Kiến Đức
20269000,GYRWUEF9,Luân chuyển giao,SHOPEE,Không cần đóng kiện,12_24,(DNO) Kiến Đức
2399,GYR3PBTG,Luân chuyển trả,OTHER,Chưa đóng kiện,6_12,(KHO) Bắc Nha Trang
21364000,GYRK8D7A,Luân chuyển giao,SHOPEE,Không cần đóng kiện,0_6,(DNO) Quảng Khê
21364000,GYAKGRLE,Luân chuyển trả,OTHER,Chưa đóng kiện,6_12,(DNO) Quảng Khê
21364000,GYR9CWGX,Luân chuyển trả,OTHER,Chưa đóng kiện,6_12,(DNO) Quảng Khê
21364000,GYR99XBG,Luân chuyển trả,OTHER,Chưa đóng kiện,6_12,(DNO) Quảng Khê
21364000,GYR9XCRV,Luân chuyển trả,OTHER,Chưa đóng kiện,6_12,(DNO) Quảng Khê
21364000,GYRV6T6D,Luân chuyển trả,OTHER,Chưa đóng kiện,6_12,(DNO) Quảng Khê
21364000,GYRVR4TD,Luân chuyển trả,OTHER,Chưa đóng kiện,6_12,(DNO) Quảng Khê
21364000,GYR6CBRV,Luân chuyển trả,OTHER,Chưa đóng kiện,6_12,(DNO) Quảng Khê
21364000,GYR66WF3,Luân chuyển trả,OTHER,Chưa đóng kiện,6_12,(DNO) Quảng Khê
21364000,GYR6N3E4,Luân chuyển trả,OTHER,Chưa đóng kiện,6_12,(DNO) Quảng Khê
21364000,GYRDV8FL,Luân chuyển trả,OTHER,Chưa đóng kiện,6_12,(DNO) Quảng Khê
21364000,VNGH80937269710,Luân chuyển trả,TTS,Không cần đóng kiện,6_12,(DNO) Quảng Khê
21364000,VNGH80572879804,Luân chuyển trả,TTS,Không cần đóng kiện,6_12,(DNO) Quảng Khê
20269000,GYRWGMV4,Luân chuyển giao,SHOPEE,Không cần đóng kiện,12_24,(DNO) Kiến Đức
20269000,GYRWUVYF,Luân chuyển giao,SHOPEE,Không cần đóng kiện,12_24,(DNO) Kiến Đức
20269000,GYRWUKK4,Luân chuyển giao,SHOPEE,Không cần đóng kiện,12_24,(DNO) Kiến Đức
20269000,GYRWUYQL,Luân chuyển giao,SHOPEE,Không cần đóng kiện,12_24,(DNO) Kiến Đức
20269000,GYRWUVVX,Luân chuyển giao,SHOPEE,Không cần đóng kiện,12_24,(DNO) Kiến Đức
20269000,GYRWU46G,Luân chuyển giao,SHOPEE,Không cần đóng kiện,12_24,(DNO) Kiến Đức
20269000,GYRWU9XP,Luân chuyển giao,SHOPEE,Không cần đóng kiện,12_24,(DNO) Kiến Đức
20269000,GYRWU8NH,Luân chuyển giao,SHOPEE,Không cần đóng kiện,12_24,(DNO) Kiến Đức
21320000,GYR4QPVU,Luân chuyển trả,SHOPEE,Không cần đóng kiện,6_12,(BTH) Phú Thủy
21320000,GYRBNCPK,Luân chuyển trả,OTHER,Chưa đóng kiện,6_12,(BTH) Phú Thủy
21320000,GYRDH3FW,Luân chuyển trả,OTHER,Chưa đóng kiện,6_12,(BTH) Phú Thủy
21320000,GYRBM3QE,Luân chuyển trả,SHOPEE,Không cần đóng kiện,6_12,(BTH) Phú Thủy
21320000,GYR3TK6T,Luân chuyển trả,SHOPEE,Chưa đóng kiện,6_12,(BTH) Phú Thủy
21320000,GYR3XYB6,Luân chuyển trả,SHOPEE,Chưa đóng kiện,6_12,(BTH) Phú Thủy
21320000,GYR3XYBV,Luân chuyển trả,SHOPEE,Chưa đóng kiện,6_12,(BTH) Phú Thủy
21320000,GYR3MAK4,Luân chuyển trả,SHOPEE,Không cần đóng kiện,6_12,(BTH) Phú Thủy
21320000,GYR3LLEG,Luân chuyển trả,OTHER,Chưa đóng kiện,12_24,(BTH) Phú Thủy
21320000,GYRPMXNA,Luân chuyển trả,SHOPEE,Chưa đóng kiện,12_24,(BTH) Phú Thủy
21320000,GYR4CY8G,Luân chuyển trả,OTHER,Chưa đóng kiện,12_24,(BTH) Phú Thủy
21320000,GYR37LC3,Luân chuyển trả,OTHER,Chưa đóng kiện,12_24,(BTH) Phú Thủy
21320000,GYRDEQYY,Luân chuyển trả,OTHER,Chưa đóng kiện,12_24,(BTH) Phú Thủy
21320000,GYRPFWW4,Luân chuyển trả,SHOPEE,Chưa đóng kiện,12_24,(BTH) Phú Thủy
21320000,GYRBRRN3,Luân chuyển trả,SHOPEE,Không cần đóng kiện,12_24,(BTH) Phú Thủy
21320000,GYRBKEAA,Luân chuyển trả,OTHER,Chưa đóng kiện,12_24,(BTH) Phú Thủy
21320000,GYRBYYX8,Luân chuyển trả,OTHER,Chưa đóng kiện,12_24,(BTH) Phú Thủy
21320000,GYRKR9CU,Luân chuyển giao,SHOPEE,Đã đóng kiện,12_24,(BTH) Phú Thủy
21320000,GYRWFT3C,Luân chuyển giao,SHOPEE,Chưa đóng kiện,12_24,(BTH) Phú Thủy
20269000,GYRWGAP3,Luân chuyển giao,SHOPEE,Không cần đóng kiện,12_24,(DNO) Kiến Đức
20269000,GYRWGTBF,Luân chuyển giao,SHOPEE,Không cần đóng kiện,12_24,(DNO) Kiến Đức
20269000,GYRWG8EC,Luân chuyển giao,SHOPEE,Không cần đóng kiện,12_24,(DNO) Kiến Đức
20499000,VNGH80590459708,Luân chuyển trả,TTS,Chưa đóng kiện,6_12,(NTH) Phước Dinh
20499000,VNGH80719599710,Luân chuyển trả,TTS,Chưa đóng kiện,6_12,(NTH) Phước Dinh
20499000,VNGH80879729710,Luân chuyển trả,TTS,Chưa đóng kiện,6_12,(NTH) Phước Dinh
20499000,VNGH80190359710,Luân chuyển trả,TTS,Chưa đóng kiện,6_12,(NTH) Phước Dinh
20499000,VNGH80659009802,Luân chuyển trả,TTS,Chưa đóng kiện,6_12,(NTH) Phước Dinh
20499000,VNGH80265319801,Luân chuyển trả,TTS,Chưa đóng kiện,6_12,(NTH) Phước Dinh
20499000,VNGH80959299708,Luân chuyển trả,TTS,Không cần đóng kiện,6_12,(NTH) Phước Dinh
20499000,VNGH80413579708,Luân chuyển trả,TTS,Chưa đóng kiện,6_12,(NTH) Phước Dinh
20499000,VNGH80204039705,Luân chuyển trả,TTS,Chưa đóng kiện,6_12,(NTH) Phước Dinh
20499000,VNGH80619779706,Luân chuyển trả,TTS,Chưa đóng kiện,6_12,(NTH) Phước Dinh
20499000,VNGH80319049706,Luân chuyển trả,TTS,Chưa đóng kiện,6_12,(NTH) Phước Dinh
20499000,VNGH80646329708,Luân chuyển trả,TTS,Không cần đóng kiện,6_12,(NTH) Phước Dinh
20499000,VNGH80624709706,Luân chuyển trả,TTS,Chưa đóng kiện,6_12,(NTH) Phước Dinh
20269000,GYRWG8BM,Luân chuyển giao,SHOPEE,Không cần đóng kiện,12_24,(DNO) Kiến Đức
21364000,VNGH80830889708,Luân chuyển trả,TTS,Chưa đóng kiện,6_12,(DNO) Quảng Khê
21364000,VNGH80033429706,Luân chuyển trả,TTS,Chưa đóng kiện,6_12,(DNO) Quảng Khê
21364000,VNGH80744089709,Luân chuyển trả,TTS,Chưa đóng kiện,6_12,(DNO) Quảng Khê
21290000,GYR6VTPC,Luân chuyển trả,OTHER,Chưa đóng kiện,6_12,(BTH) Tuyên Quang
21290000,GYR66KR4,Luân chuyển trả,OTHER,Chưa đóng kiện,6_12,(BTH) Tuyên Quang
20269000,GYRWGHWC,Luân chuyển giao,SHOPEE,Không cần đóng kiện,12_24,(DNO) Kiến Đức
20269000,GYRWGH8F,Luân chuyển giao,SHOPEE,Không cần đóng kiện,12_24,(DNO) Kiến Đức
21290000,GYRNCKDK,Luân chuyển trả,OTHER,Chưa đóng kiện,6_12,(BTH) Tuyên Quang
21290000,GYRNNK8K,Luân chuyển trả,OTHER,Không cần đóng kiện,6_12,(BTH) Tuyên Quang
21290000,GYRNB8NQ,Luân chuyển trả,OTHER,Chưa đóng kiện,6_12,(BTH) Tuyên Quang
21290000,GYRN46M9,Luân chuyển trả,OTHER,Chưa đóng kiện,6_12,(BTH) Tuyên Quang
21290000,GYRN4KKN,Luân chuyển trả,OTHER,Chưa đóng kiện,6_12,(BTH) Tuyên Quang
21290000,GYRNKQBG,Luân chuyển trả,OTHER,Chưa đóng kiện,6_12,(BTH) Tuyên Quang
21290000,GYRDUDXL,Luân chuyển trả,OTHER,Chưa đóng kiện,6_12,(BTH) Tuyên Quang
21364000,VNGH80672439706,Luân chuyển trả,TTS,Chưa đóng kiện,6_12,(DNO) Quảng Khê
21290000,GYRDCD7B,Luân chuyển trả,OTHER,Chưa đóng kiện,6_12,(BTH) Tuyên Quang
20499000,VNGH80355579703,Luân chuyển trả,TTS,Chưa đóng kiện,6_12,(NTH) Phước Dinh
21290000,GYRDBVAL,Luân chuyển trả,OTHER,Chưa đóng kiện,6_12,(BTH) Tuyên Quang
20269000,GYRWG8HG,Luân chuyển giao,SHOPEE,Không cần đóng kiện,12_24,(DNO) Kiến Đức
21290000,GYRDTWPG,Luân chuyển trả,OTHER,Chưa đóng kiện,6_12,(BTH) Tuyên Quang
21290000,VNGH80068699802,Luân chuyển trả,TTS,Chưa đóng kiện,6_12,(BTH) Tuyên Quang
21377000,GYR4EVHX,Luân chuyển giao,SHOPEE,Chưa đóng kiện,0_6,(LDO) Đơn Dương
21290000,VNGH80559479805,Luân chuyển trả,TTS,Không cần đóng kiện,6_12,(BTH) Tuyên Quang
21377000,GYR4CWX7,Luân chuyển giao,OTHER,Chưa đóng kiện,0_6,(LDO) Đơn Dương
21364000,VNGH80479089706,Luân chuyển trả,TTS,Chưa đóng kiện,6_12,(DNO) Quảng Khê
21364000,VNGH80421759703,Luân chuyển trả,TTS,Chưa đóng kiện,6_12,(DNO) Quảng Khê
21290000,VNGH80086519801,Luân chuyển trả,TTS,Chưa đóng kiện,6_12,(BTH) Tuyên Quang
21290000,VNGH80003009708,Luân chuyển trả,TTS,Chưa đóng kiện,6_12,(BTH) Tuyên Quang
21377000,GYR3DBM9,Luân chuyển giao,OTHER,Chưa đóng kiện,0_6,(LDO) Đơn Dương
20269000,GYRWGYY3,Luân chuyển giao,SHOPEE,Không cần đóng kiện,12_24,(DNO) Kiến Đức
21290000,VNGH80833019802,Luân chuyển trả,TTS,Chưa đóng kiện,6_12,(BTH) Tuyên Quang
21377000,GYR7GTUP,Luân chuyển trả,OTHER,Chưa đóng kiện,6_12,(LDO) Đơn Dương
20269000,GYRWGYGN,Luân chuyển giao,SHOPEE,Không cần đóng kiện,12_24,(DNO) Kiến Đức
21364000,VNGH80740309606,Luân chuyển trả,TTS,Chưa đóng kiện,6_12,(DNO) Quảng Khê
21290000,VNGH80377079801,Luân chuyển trả,TTS,Chưa đóng kiện,6_12,(BTH) Tuyên Quang
21290000,VNGH80558629710,Luân chuyển trả,TTS,Chưa đóng kiện,6_12,(BTH) Tuyên Quang
21364000,GYRV4MNK,Luân chuyển trả,SHOPEE,Không cần đóng kiện,6_12,(DNO) Quảng Khê
21364000,GYRPWPWN,Luân chuyển trả,OTHER,Chưa đóng kiện,6_12,(DNO) Quảng Khê
21364000,GYRDETPQ,Luân chuyển trả,SHOPEE,Chưa đóng kiện,12_24,(DNO) Quảng Khê
21290000,VNGH80394059804,Luân chuyển trả,TTS,Chưa đóng kiện,6_12,(BTH) Tuyên Quang
21364000,GYRPDVXV,Luân chuyển trả,SHOPEE,Chưa đóng kiện,12_24,(DNO) Quảng Khê
21290000,VNGH80489509802,Luân chuyển trả,TTS,Chưa đóng kiện,6_12,(BTH) Tuyên Quang
21290000,VNGH80770109802,Luân chuyển trả,TTS,Không cần đóng kiện,6_12,(BTH) Tuyên Quang
20320000,GYRBDEYL,Luân chuyển trả,SHOPEE,Chưa đóng kiện,6_12,(KHO) Tây Nha Trang
21377000,GYR73YRT,Luân chuyển trả,OTHER,Chưa đóng kiện,6_12,(LDO) Đơn Dương
21364000,GYRWW4YH,Luân chuyển giao,SHOPEE,Chưa đóng kiện,12_24,(DNO) Quảng Khê
21364000,GYRBF78F,Luân chuyển trả,SHOPEE,Chưa đóng kiện,12_24,(DNO) Quảng Khê
20495000,GYR68TRF,Luân chuyển trả,SHOPEE,Chưa đóng kiện,6_12,(KHO) Nha Trang
21364000,GYR6MALV,Luân chuyển trả,SHOPEE,Chưa đóng kiện,12_24,(DNO) Quảng Khê
20320000,GYRB44P6,Luân chuyển trả,SHOPEE,Chưa đóng kiện,6_12,(KHO) Tây Nha Trang
21364000,GYRNXEXM,Luân chuyển trả,SHOPEE,Chưa đóng kiện,12_24,(DNO) Quảng Khê
20320000,GYRNXY7D,Luân chuyển trả,OTHER,Không cần đóng kiện,6_12,(KHO) Tây Nha Trang
20495000,GYRNHG4F,Luân chuyển trả,OTHER,Chưa đóng kiện,6_12,(KHO) Nha Trang
21150000,GYR44G9R,Luân chuyển giao,OTHER,Chưa đóng kiện,24_36,(DNO) Quảng Sơn
20495000,GYRNWWWP,Luân chuyển trả,SHOPEE,Chưa đóng kiện,6_12,(KHO) Nha Trang
21294000,GYR6MATE,Luân chuyển trả,SHOPEE,Chưa đóng kiện,6_12,(LDO) Đinh Văn Lâm Hà
21294000,GYRPVRFP,Luân chuyển trả,SHOPEE,Không cần đóng kiện,6_12,(LDO) Đinh Văn Lâm Hà
21150000,VNGH80662829607,Luân chuyển trả,TTS,Chưa đóng kiện,48_72,(DNO) Quảng Sơn
21150000,GYRGKHD7,Luân chuyển giao,OTHER,Không cần đóng kiện,192,(DNO) Quảng Sơn
21046000,GYR64R9N,Luân chuyển trả,OTHER,Chưa đóng kiện,36_48,(KHO) Vạn Ninh
21364000,GYRBQHFB,Luân chuyển trả,SHOPEE,Chưa đóng kiện,12_24,(DNO) Quảng Khê
21046000,GYRVCE39,Luân chuyển trả,OTHER,Chưa đóng kiện,36_48,(KHO) Vạn Ninh
21046000,GYRVQRN4,Luân chuyển trả,OTHER,Không cần đóng kiện,36_48,(KHO) Vạn Ninh
21046000,GYRNDN9W,Luân chuyển trả,OTHER,Không cần đóng kiện,36_48,(KHO) Vạn Ninh
21290000,VNGH80381799704,Luân chuyển trả,TTS,Chưa đóng kiện,6_12,(BTH) Tuyên Quang
20495000,GYRPLWU4,Luân chuyển trả,SHOPEE,Không cần đóng kiện,6_12,(KHO) Nha Trang
21294000,GYRBUF8A,Luân chuyển trả,SHOPEE,Chưa đóng kiện,6_12,(LDO) Đinh Văn Lâm Hà
20670000,VNGH80151109702,Luân chuyển trả,TTS,Chưa đóng kiện,6_12,(LDO) Đam Rông 3
21294000,GYR4R98U,Luân chuyển trả,SHOPEE,Không cần đóng kiện,6_12,(LDO) Đinh Văn Lâm Hà
20670000,VNGH80512159703,Luân chuyển trả,TTS,Chưa đóng kiện,6_12,(LDO) Đam Rông 3
21290000,VNGH80596399802,Luân chuyển trả,TTS,Chưa đóng kiện,6_12,(BTH) Tuyên Quang
21377000,GYR7TFA3,Luân chuyển trả,OTHER,Chưa đóng kiện,6_12,(LDO) Đơn Dương
20670000,GYRBMF3H_PR,Luân chuyển giao,OTHER,Chưa đóng kiện,12_24,(LDO) Đam Rông 3
21290000,VNGH80534829707,Luân chuyển trả,TTS,Chưa đóng kiện,6_12,(BTH) Tuyên Quang
20670000,GYRWFDAN,Luân chuyển giao,OTHER,Không cần đóng kiện,12_24,(LDO) Đam Rông 3
21290000,VNGH80874359705,Luân chuyển trả,TTS,Chưa đóng kiện,6_12,(BTH) Tuyên Quang
21290000,VNGH80394479804,Luân chuyển trả,TTS,Chưa đóng kiện,6_12,(BTH) Tuyên Quang
21290000,VNGH80434259804,Luân chuyển trả,TTS,Chưa đóng kiện,6_12,(BTH) Tuyên Quang
21290000,VNGH80409769802,Luân chuyển trả,TTS,Không cần đóng kiện,6_12,(BTH) Tuyên Quang
21290000,VNGH80049889705,Luân chuyển trả,TTS,Chưa đóng kiện,6_12,(BTH) Tuyên Quang
21290000,VNGH80702099803,Luân chuyển trả,TTS,Chưa đóng kiện,6_12,(BTH) Tuyên Quang
21290000,VNGH80087679705,Luân chuyển trả,TTS,Chưa đóng kiện,6_12,(BTH) Tuyên Quang
21290000,VNGH80143239706,Luân chuyển trả,TTS,Chưa đóng kiện,6_12,(BTH) Tuyên Quang
21290000,VNGH80397539710,Luân chuyển trả,TTS,Không cần đóng kiện,6_12,(BTH) Tuyên Quang
21290000,VNGH80800739710,Luân chuyển trả,TTS,Chưa đóng kiện,6_12,(BTH) Tuyên Quang
21290000,VNGH80200439708,Luân chuyển trả,TTS,Chưa đóng kiện,6_12,(BTH) Tuyên Quang
21290000,GYRN3D37,Luân chuyển trả,OTHER,Chưa đóng kiện,6_12,(BTH) Tuyên Quang
21377000,GYRGWVYY,Luân chuyển trả,OTHER,Chưa đóng kiện,6_12,(LDO) Đơn Dương
21377000,GYRGWXAP,Luân chuyển trả,OTHER,Chưa đóng kiện,6_12,(LDO) Đơn Dương
21364000,GYRBUX9T,Luân chuyển trả,SHOPEE,Chưa đóng kiện,12_24,(DNO) Quảng Khê
21377000,GYRGTDWT,Luân chuyển trả,OTHER,Chưa đóng kiện,6_12,(LDO) Đơn Dương
21364000,GYRPHRR4,Luân chuyển trả,OTHER,Chưa đóng kiện,12_24,(DNO) Quảng Khê
21364000,GYRVFXYL,Luân chuyển trả,OTHER,Chưa đóng kiện,12_24,(DNO) Quảng Khê
21294000,GYRNRF7V,Luân chuyển trả,SHOPEE,Chưa đóng kiện,6_12,(LDO) Đinh Văn Lâm Hà
20269000,GYRWGXMP,Luân chuyển giao,SHOPEE,Không cần đóng kiện,12_24,(DNO) Kiến Đức
21294000,GYRP9V9Q,Luân chuyển trả,OTHER,Chưa đóng kiện,6_12,(LDO) Đinh Văn Lâm Hà
20269000,GYRWGHN6,Luân chuyển giao,SHOPEE,Không cần đóng kiện,12_24,(DNO) Kiến Đức
21294000,GYR3CFDV,Luân chuyển trả,OTHER,Chưa đóng kiện,6_12,(LDO) Đinh Văn Lâm Hà
20269000,GYRWKA98,Luân chuyển giao,OTHER,Chưa đóng kiện,12_24,(DNO) Kiến Đức
21294000,GYRBLWGB,Luân chuyển trả,OTHER,Chưa đóng kiện,6_12,(LDO) Đinh Văn Lâm Hà
20269000,GYRWKXUC,Luân chuyển giao,OTHER,Chưa đóng kiện,12_24,(DNO) Kiến Đức
21294000,GYRP6BRQ,Luân chuyển trả,SHOPEE,Chưa đóng kiện,6_12,(LDO) Đinh Văn Lâm Hà
20269000,GYRWKHA4,Luân chuyển giao,OTHER,Chưa đóng kiện,12_24,(DNO) Kiến Đức
21294000,GYR3YGYC,Luân chuyển trả,SHOPEE,Chưa đóng kiện,6_12,(LDO) Đinh Văn Lâm Hà
21377000,GYRG8AM6,Luân chuyển trả,OTHER,Chưa đóng kiện,6_12,(LDO) Đơn Dương
21294000,GYR3U4H6,Luân chuyển trả,OTHER,Chưa đóng kiện,6_12,(LDO) Đinh Văn Lâm Hà
21294000,GYRBYV6Q,Luân chuyển trả,OTHER,Chưa đóng kiện,6_12,(LDO) Đinh Văn Lâm Hà
20670000,GYRWPUC3,Luân chuyển giao,OTHER,Chưa đóng kiện,12_24,(LDO) Đam Rông 3
21294000,GYR98UUF,Luân chuyển giao,OTHER,Chưa đóng kiện,6_12,(LDO) Đinh Văn Lâm Hà
20670000,GYRVB37H,Luân chuyển trả,OTHER,Chưa đóng kiện,12_24,(LDO) Đam Rông 3
21294000,GYRVCHUA,Luân chuyển trả,OTHER,Chưa đóng kiện,6_12,(LDO) Đinh Văn Lâm Hà
20670000,GYRW3QQB,Luân chuyển giao,OTHER,Chưa đóng kiện,12_24,(LDO) Đam Rông 3
21294000,GYRNBBLH,Luân chuyển trả,OTHER,Chưa đóng kiện,6_12,(LDO) Đinh Văn Lâm Hà
20670000,VNGH80409839901,Luân chuyển giao,TTS,Chưa đóng kiện,12_24,(LDO) Đam Rông 3
21294000,GYRKGQAQ,Luân chuyển giao,OTHER,Chưa đóng kiện,12_24,(LDO) Đinh Văn Lâm Hà
20670000,GYR34QH3,Luân chuyển giao,OTHER,Chưa đóng kiện,12_24,(LDO) Đam Rông 3
21294000,GYRW3F9V,Luân chuyển giao,OTHER,Chưa đóng kiện,12_24,(LDO) Đinh Văn Lâm Hà
21377000,GYRG8E4X,Luân chuyển trả,OTHER,Chưa đóng kiện,6_12,(LDO) Đơn Dương
21294000,GYRW37RL,Luân chuyển giao,OTHER,Chưa đóng kiện,12_24,(LDO) Đinh Văn Lâm Hà
21377000,GYRUQ9XU,Luân chuyển trả,OTHER,Chưa đóng kiện,6_12,(LDO) Đơn Dương
21294000,GYRWTVHU,Luân chuyển giao,OTHER,Chưa đóng kiện,12_24,(LDO) Đinh Văn Lâm Hà
21294000,GYR37CL4_PR,Luân chuyển giao,OTHER,Chưa đóng kiện,12_24,(LDO) Đinh Văn Lâm Hà
21377000,GYRU7K8L,Luân chuyển trả,OTHER,Chưa đóng kiện,6_12,(LDO) Đơn Dương
21294000,GYRW4MPG,Luân chuyển giao,OTHER,Không cần đóng kiện,12_24,(LDO) Đinh Văn Lâm Hà
21377000,GYRU3MBA,Luân chuyển trả,OTHER,Chưa đóng kiện,6_12,(LDO) Đơn Dương
2309,GYRDRRUL,Luân chuyển trả,SHOPEE,Chưa đóng kiện,12_24,(DNO) Đức Lập
2309,GYRP696B,Luân chuyển trả,OTHER,Chưa đóng kiện,12_24,(DNO) Đức Lập
20499000,VNGH80588689708,Luân chuyển trả,TTS,Chưa đóng kiện,6_12,(NTH) Phước Dinh
2309,VNGH80011499809,Luân chuyển giao,TTS,Chưa đóng kiện,12_24,(DNO) Đức Lập
20499000,VNGH80827829709,Luân chuyển trả,TTS,Chưa đóng kiện,6_12,(NTH) Phước Dinh
21377000,GYRU88H6,Luân chuyển trả,OTHER,Chưa đóng kiện,6_12,(LDO) Đơn Dương
21377000,GYRC3FG8,Luân chuyển trả,OTHER,Chưa đóng kiện,6_12,(LDO) Đơn Dương
20269000,GYRWKTXD,Luân chuyển giao,OTHER,Chưa đóng kiện,12_24,(DNO) Kiến Đức
20269000,GYRWK8XW,Luân chuyển giao,OTHER,Không cần đóng kiện,12_24,(DNO) Kiến Đức
21377000,GYRCK9MG,Luân chuyển trả,OTHER,Chưa đóng kiện,6_12,(LDO) Đơn Dương
21046000,VNGH80256439601,Luân chuyển trả,TTS,Chưa đóng kiện,48_72,(KHO) Vạn Ninh
20269000,GYRWK4RP,Luân chuyển giao,OTHER,Chưa đóng kiện,12_24,(DNO) Kiến Đức
21046000,GYRDE8FE,Luân chuyển trả,SHOPEE,Không cần đóng kiện,48_72,(KHO) Vạn Ninh
20269000,GYRWW4B4,Luân chuyển giao,OTHER,Chưa đóng kiện,12_24,(DNO) Kiến Đức
20495000,GYRNMXLQ,Luân chuyển trả,SHOPEE,Chưa đóng kiện,6_12,(KHO) Nha Trang
21377000,GYRCKT48,Luân chuyển trả,OTHER,Chưa đóng kiện,6_12,(LDO) Đơn Dương
21377000,GYRCAWXQ,Luân chuyển trả,OTHER,Chưa đóng kiện,6_12,(LDO) Đơn Dương
20269000,GYRWW3GA,Luân chuyển giao,OTHER,Chưa đóng kiện,12_24,(DNO) Kiến Đức
20269000,GYR6CN6B,Luân chuyển trả,OTHER,Chưa đóng kiện,12_24,(DNO) Kiến Đức
21377000,GYR9FVNX,Luân chuyển trả,OTHER,Chưa đóng kiện,6_12,(LDO) Đơn Dương
21377000,GYR99R4N,Luân chuyển trả,OTHER,Chưa đóng kiện,6_12,(LDO) Đơn Dương
20670000,GYR4HCKT,Luân chuyển giao,OTHER,Chưa đóng kiện,12_24,(LDO) Đam Rông 3
20670000,GYRUXCER,Luân chuyển trả,OTHER,Chưa đóng kiện,24_36,(LDO) Đam Rông 3
20670000,GYRVVL8Q,Luân chuyển trả,OTHER,Chưa đóng kiện,24_36,(LDO) Đam Rông 3
20670000,VNGH80488699707,Luân chuyển trả,TTS,Chưa đóng kiện,24_36,(LDO) Đam Rông 3
20670000,VNGH80203149703,Luân chuyển trả,TTS,Không cần đóng kiện,24_36,(LDO) Đam Rông 3
20670000,VNGH80200939704,Luân chuyển trả,TTS,Chưa đóng kiện,24_36,(LDO) Đam Rông 3
20670000,GYR9TC67,Luân chuyển giao,OTHER,Chưa đóng kiện,24_36,(LDO) Đam Rông 3
20670000,GYRPYBXL_PR,Luân chuyển giao,OTHER,Chưa đóng kiện,24_36,(LDO) Đam Rông 3
20670000,GYR4MFAH,Luân chuyển giao,SHOPEE,Không cần đóng kiện,36_48,(LDO) Đam Rông 3
20670000,GYR4QUC7,Luân chuyển giao,SHOPEE,Chưa đóng kiện,36_48,(LDO) Đam Rông 3
20670000,GYRCVUGF,Luân chuyển trả,OTHER,Không cần đóng kiện,48_72,(LDO) Đam Rông 3
2309,GYR3GGU6,Luân chuyển trả,OTHER,Chưa đóng kiện,12_24,(DNO) Đức Lập
2309,GYR36K4R,Luân chuyển trả,OTHER,Chưa đóng kiện,12_24,(DNO) Đức Lập
2309,GYR47HAF,Luân chuyển trả,OTHER,Chưa đóng kiện,12_24,(DNO) Đức Lập
2309,NVS857531555,Luân chuyển trả,OTHER,Chưa đóng kiện,12_24,(DNO) Đức Lập
2309,GYRNRNLA,Luân chuyển trả,SHOPEE,Không cần đóng kiện,12_24,(DNO) Đức Lập
2309,GYR7FNQ7,Luân chuyển trả,OTHER,Chưa đóng kiện,12_24,(DNO) Đức Lập
2309,GYRP79B8,Luân chuyển giao,OTHER,Chưa đóng kiện,12_24,(DNO) Đức Lập
2309,GYRNF3VT,Luân chuyển trả,OTHER,Chưa đóng kiện,12_24,(DNO) Đức Lập
2309,GYRN34H7,Luân chuyển trả,OTHER,Không cần đóng kiện,12_24,(DNO) Đức Lập
2309,GYRCTQAD,Luân chuyển trả,OTHER,Chưa đóng kiện,24_36,(DNO) Đức Lập
20495000,GYRDBYDB,Luân chuyển trả,OTHER,Chưa đóng kiện,6_12,(KHO) Nha Trang
20499000,VNGH80362889704,Luân chuyển trả,TTS,Chưa đóng kiện,6_12,(NTH) Phước Dinh
21046000,VNGH80570079603,Luân chuyển trả,TTS,Chưa đóng kiện,120_192,(KHO) Vạn Ninh
21331000,GYR9XQ8A,Luân chuyển trả,OTHER,Chưa đóng kiện,6_12,(KHO) Cam Lâm 1
21320000,GYR3QD69,Luân chuyển giao,SHOPEE,Không cần đóng kiện,12_24,(BTH) Phú Thủy
2399,GYRN33HB,Luân chuyển trả,OTHER,Không cần đóng kiện,6_12,(KHO) Bắc Nha Trang
21126000,GYR6ND83,Luân chuyển trả,OTHER,Chưa đóng kiện,6_12,(LDO) Xuân Hương - Đà Lạt
20320000,GYRNER7Q,Luân chuyển trả,OTHER,Chưa đóng kiện,6_12,(KHO) Tây Nha Trang
20942000,GYY349XK,Luân chuyển trả,OTHER,Chưa đóng kiện,192,(LDO) Di Linh
20687000,GYRWT3H6,Luân chuyển giao,OTHER,Chưa đóng kiện,12_24,(BTH) Hàm Tân
20785000,GYRD43KX,Luân chuyển trả,OTHER,Chưa đóng kiện,12_24,(LDO) B'Lao
21364000,GYR6EQMM,Luân chuyển trả,OTHER,Chưa đóng kiện,12_24,(DNO) Quảng Khê
21298000,GYRVHRAP,Luân chuyển trả,OTHER,Chưa đóng kiện,6_12,(BTH) Liên Hương
21294000,GYRNANLY,Luân chuyển trả,SHOPEE,Chưa đóng kiện,12_24,(LDO) Đinh Văn Lâm Hà
20670000,GYRVVGCT,Luân chuyển trả,OTHER,Chưa đóng kiện,48_72,(LDO) Đam Rông 3
20670000,VNGH80609069802,Luân chuyển giao,TTS,Không cần đóng kiện,48_72,(LDO) Đam Rông 3
20670000,GYR6TXBM,Luân chuyển trả,SHOPEE,Không cần đóng kiện,72_96,(LDO) Đam Rông 3
20670000,VNGH80641159603,Luân chuyển trả,TTS,Chưa đóng kiện,96_120,(LDO) Đam Rông 3
21331000,GYRVTPC7,Luân chuyển trả,OTHER,Chưa đóng kiện,6_12,(KHO) Cam Lâm 1
21126000,GYR6NKRN,Luân chuyển trả,OTHER,Chưa đóng kiện,6_12,(LDO) Xuân Hương - Đà Lạt
20320000,GYRDNNR4,Luân chuyển trả,OTHER,Chưa đóng kiện,6_12,(KHO) Tây Nha Trang
20320000,GYRPKYLV,Luân chuyển trả,OTHER,Chưa đóng kiện,6_12,(KHO) Tây Nha Trang
21126000,GYR6DBGB,Luân chuyển trả,OTHER,Chưa đóng kiện,6_12,(LDO) Xuân Hương - Đà Lạt
20320000,GYRB74WG,Luân chuyển trả,SHOPEE,Chưa đóng kiện,6_12,(KHO) Tây Nha Trang
21126000,GYRNGVYF,Luân chuyển trả,OTHER,Chưa đóng kiện,6_12,(LDO) Xuân Hương - Đà Lạt
20320000,GYR36FNY,Luân chuyển trả,SHOPEE,Chưa đóng kiện,6_12,(KHO) Tây Nha Trang
21320000,GYRBKFYP,Luân chuyển giao,OTHER,Chưa đóng kiện,24_36,(BTH) Phú Thủy
20687000,GYRDLPAQ,Luân chuyển trả,OTHER,Chưa đóng kiện,12_24,(BTH) Hàm Tân
21331000,GYR6VG8H,Luân chuyển trả,OTHER,Chưa đóng kiện,6_12,(KHO) Cam Lâm 1
20942000,GYYXMPQW,Luân chuyển trả,OTHER,Chưa đóng kiện,192,(LDO) Di Linh
21331000,GYR64NVK,Luân chuyển trả,OTHER,Chưa đóng kiện,6_12,(KHO) Cam Lâm 1
20942000,GYYKT8WB,Luân chuyển trả,OTHER,Chưa đóng kiện,192,(LDO) Di Linh
21331000,GYR6KPWF,Luân chuyển trả,OTHER,Chưa đóng kiện,6_12,(KHO) Cam Lâm 1
21331000,FHS38644297,Luân chuyển trả,OTHER,Chưa đóng kiện,6_12,(KHO) Cam Lâm 1
20269000,GYRK9TDQ,Luân chuyển giao,OTHER,Đã đóng kiện,12_24,(DNO) Kiến Đức
21331000,GYRNBENM,Luân chuyển trả,OTHER,Chưa đóng kiện,6_12,(KHO) Cam Lâm 1
21331000,VNGH80667719710,Luân chuyển trả,TTS,Chưa đóng kiện,6_12,(KHO) Cam Lâm 1
21377000,GYR9VB9U,Luân chuyển trả,OTHER,Chưa đóng kiện,6_12,(LDO) Đơn Dương
20785000,GYRBUR8X,Luân chuyển trả,SHOPEE,Chưa đóng kiện,12_24,(LDO) B'Lao
21377000,GYR96GPE,Luân chuyển trả,OTHER,Chưa đóng kiện,6_12,(LDO) Đơn Dương
21320000,GYRBEC7E,Luân chuyển giao,SHOPEE,Không cần đóng kiện,36_48,(BTH) Phú Thủy
21364000,GYR3BRTM,Luân chuyển trả,SHOPEE,Chưa đóng kiện,12_24,(DNO) Quảng Khê
21320000,GYRN7W6E,Luân chuyển trả,OTHER,Không cần đóng kiện,36_48,(BTH) Phú Thủy
21320000,GYRBCNE4,Luân chuyển giao,SHOPEE,Chưa đóng kiện,36_48,(BTH) Phú Thủy
21364000,GYR46H7D,Luân chuyển giao,SHOPEE,Không cần đóng kiện,12_24,(DNO) Quảng Khê
21320000,GYR9XUXW,Luân chuyển trả,OTHER,Không cần đóng kiện,48_72,(BTH) Phú Thủy
21364000,GYRBFGAP,Luân chuyển trả,SHOPEE,Chưa đóng kiện,12_24,(DNO) Quảng Khê
21320000,GYRB8EEQ_PR,Luân chuyển giao,OTHER,Chưa đóng kiện,48_72,(BTH) Phú Thủy
21320000,GYR6KQ8B,Luân chuyển trả,SHOPEE,Chưa đóng kiện,48_72,(BTH) Phú Thủy
20269000,GYRQPRE9,Luân chuyển trả,OTHER,Chưa đóng kiện,12_24,(DNO) Kiến Đức
21320000,GYRG6XHL,Luân chuyển trả,OTHER,Chưa đóng kiện,120_192,(BTH) Phú Thủy
20269000,GYRKFDNE,Luân chuyển giao,OTHER,Chưa đóng kiện,12_24,(DNO) Kiến Đức
2399,GYR4PBXV,Luân chuyển trả,SHOPEE,Chưa đóng kiện,6_12,(KHO) Bắc Nha Trang
20269000,GYR6KNKR,Luân chuyển trả,OTHER,Không cần đóng kiện,12_24,(DNO) Kiến Đức
2399,GYRDYGNP,Luân chuyển trả,SHOPEE,Chưa đóng kiện,6_12,(KHO) Bắc Nha Trang
20269000,GYRBGLEM,Luân chuyển giao,SHOPEE,Không cần đóng kiện,12_24,(DNO) Kiến Đức
20269000,GYRBKQGQ,Luân chuyển giao,OTHER,Chưa đóng kiện,24_36,(DNO) Kiến Đức
20785000,GYRB878G,Luân chuyển trả,OTHER,Chưa đóng kiện,12_24,(LDO) B'Lao
21364000,GYRW9DUG,Luân chuyển giao,OTHER,Chưa đóng kiện,12_24,(DNO) Quảng Khê
20942000,GYYT8WDC,Luân chuyển trả,OTHER,Chưa đóng kiện,192,(LDO) Di Linh
21377000,GYR9DN7R,Luân chuyển trả,OTHER,Chưa đóng kiện,6_12,(LDO) Đơn Dương
21126000,VNGH80329859706,Luân chuyển trả,TTS,Chưa đóng kiện,6_12,(LDO) Xuân Hương - Đà Lạt
20320000,GYR36FDG,Luân chuyển trả,SHOPEE,Chưa đóng kiện,6_12,(KHO) Tây Nha Trang
2399,GYR3KKWX,Luân chuyển trả,SHOPEE,Chưa đóng kiện,6_12,(KHO) Bắc Nha Trang
21320000,GYYMYAK4,Luân chuyển giao,SHOPEE,Không cần đóng kiện,192,(BTH) Phú Thủy
21331000,VNGH80792429801,Luân chuyển trả,TTS,Chưa đóng kiện,6_12,(KHO) Cam Lâm 1
20687000,GYRB6FW7,Luân chuyển trả,SHOPEE,Chưa đóng kiện,12_24,(BTH) Hàm Tân
21396000,NVS853639142,Luân chuyển trả,OTHER,Không cần đóng kiện,6_12,(BTH) Hàm Thắng
20499000,VNGH80694969706,Luân chuyển trả,TTS,Chưa đóng kiện,6_12,(NTH) Phước Dinh
20495000,GYRDA8EP,Luân chuyển trả,SHOPEE,Chưa đóng kiện,6_12,(KHO) Nha Trang
2309,GYR6CGHN,Luân chuyển trả,OTHER,Chưa đóng kiện,24_36,(DNO) Đức Lập
21294000,GYRDFCQG,Luân chuyển trả,OTHER,Chưa đóng kiện,12_24,(LDO) Đinh Văn Lâm Hà
21298000,GYRVET9G,Luân chuyển trả,OTHER,Chưa đóng kiện,6_12,(BTH) Liên Hương
21403000,VNGH80806299904,Luân chuyển giao,TTS,Không cần đóng kiện,0_6,(BTH) Hàm Liêm
20269000,GYRDYQYY,Luân chuyển giao,OTHER,Chưa đóng kiện,24_36,(DNO) Kiến Đức
21403000,VNGH80108589903,Luân chuyển giao,TTS,Chưa đóng kiện,0_6,(BTH) Hàm Liêm
21403000,GYYGLC7Y,Luân chuyển trả,OTHER,Chưa đóng kiện,6_12,(BTH) Hàm Liêm
21126000,GYRD9HF4,Luân chuyển trả,SHOPEE,Không cần đóng kiện,6_12,(LDO) Xuân Hương - Đà Lạt
21396000,GYR9W6QT,Luân chuyển trả,OTHER,Chưa đóng kiện,6_12,(BTH) Hàm Thắng
20785000,GYRP89X7_PR,Luân chuyển giao,OTHER,Chưa đóng kiện,12_24,(LDO) B'Lao
21126000,GYRVM73X,Luân chuyển trả,OTHER,Chưa đóng kiện,6_12,(LDO) Xuân Hương - Đà Lạt
20785000,VNGH80732179806,Luân chuyển giao,TTS,Chưa đóng kiện,12_24,(LDO) B'Lao
21126000,GYR4GR8T,Luân chuyển trả,SHOPEE,Không cần đóng kiện,6_12,(LDO) Xuân Hương - Đà Lạt
20785000,GYR4DFY9,Luân chuyển giao,SHOPEE,Chưa đóng kiện,12_24,(LDO) B'Lao
21126000,GYR3FMK6,Luân chuyển trả,OTHER,Không cần đóng kiện,6_12,(LDO) Xuân Hương - Đà Lạt
20785000,VNGH80154079906,Luân chuyển giao,TTS,Không cần đóng kiện,12_24,(LDO) B'Lao
21126000,GYRWTH83,Luân chuyển giao,OTHER,Chưa đóng kiện,12_24,(LDO) Xuân Hương - Đà Lạt
21126000,GYR3HYX9,Luân chuyển trả,SHOPEE,Không cần đóng kiện,12_24,(LDO) Xuân Hương - Đà Lạt
20785000,GYRDM34L,Luân chuyển giao,SHOPEE,Chưa đóng kiện,12_24,(LDO) B'Lao
21126000,GYRW3YQF,Luân chuyển giao,OTHER,Chưa đóng kiện,12_24,(LDO) Xuân Hương - Đà Lạt
20785000,GYRB76GY,Luân chuyển giao,SHOPEE,Chưa đóng kiện,12_24,(LDO) B'Lao
21126000,GYRW4Q4H,Luân chuyển giao,OTHER,Chưa đóng kiện,12_24,(LDO) Xuân Hương - Đà Lạt
2399,GYR3QAE6,Luân chuyển trả,OTHER,Chưa đóng kiện,6_12,(KHO) Bắc Nha Trang
21126000,GYRWTARC,Luân chuyển giao,OTHER,Chưa đóng kiện,12_24,(LDO) Xuân Hương - Đà Lạt
21364000,GYRPKMKT_PR,Luân chuyển giao,OTHER,Chưa đóng kiện,12_24,(DNO) Quảng Khê
21126000,GYRW46VA,Luân chuyển giao,OTHER,Chưa đóng kiện,12_24,(LDO) Xuân Hương - Đà Lạt
2399,GYRKFKRB,Luân chuyển giao,OTHER,Chưa đóng kiện,6_12,(KHO) Bắc Nha Trang
21364000,GYRKEK7G,Luân chuyển giao,OTHER,Chưa đóng kiện,12_24,(DNO) Quảng Khê
2399,GYRKNCMQ,Luân chuyển giao,OTHER,Chưa đóng kiện,6_12,(KHO) Bắc Nha Trang
21364000,GYRPE99K_PR,Luân chuyển giao,OTHER,Không cần đóng kiện,12_24,(DNO) Quảng Khê
21396000,GYR9HYWL,Luân chuyển trả,OTHER,Chưa đóng kiện,6_12,(BTH) Hàm Thắng
21364000,GYR9LC7B,Luân chuyển trả,OTHER,Chưa đóng kiện,24_36,(DNO) Quảng Khê
20495000,GYRDY4RR,Luân chuyển trả,SHOPEE,Chưa đóng kiện,6_12,(KHO) Nha Trang
21396000,GYRVD3QM,Luân chuyển trả,OTHER,Chưa đóng kiện,6_12,(BTH) Hàm Thắng
21364000,GYR94YDN,Luân chuyển trả,OTHER,Chưa đóng kiện,24_36,(DNO) Quảng Khê
21396000,GYRVPG9P,Luân chuyển trả,OTHER,Chưa đóng kiện,6_12,(BTH) Hàm Thắng
21364000,VNGH80080689707,Luân chuyển trả,TTS,Không cần đóng kiện,24_36,(DNO) Quảng Khê
20495000,GYRPG6NB,Luân chuyển trả,SHOPEE,Không cần đóng kiện,6_12,(KHO) Nha Trang
20499000,VNGH80386609705,Luân chuyển trả,TTS,Chưa đóng kiện,6_12,(NTH) Phước Dinh
20320000,GYRBPBBL,Luân chuyển trả,OTHER,Chưa đóng kiện,6_12,(KHO) Tây Nha Trang
21396000,GYRVMCKA,Luân chuyển trả,OTHER,Chưa đóng kiện,6_12,(BTH) Hàm Thắng
20495000,GYRP6XNE,Luân chuyển trả,SHOPEE,Chưa đóng kiện,6_12,(KHO) Nha Trang
21396000,GYR6QM7R,Luân chuyển trả,OTHER,Chưa đóng kiện,6_12,(BTH) Hàm Thắng
20687000,GYRWNLTM,Luân chuyển giao,OTHER,Chưa đóng kiện,12_24,(BTH) Hàm Tân
21331000,VNGH80412939708,Luân chuyển trả,TTS,Không cần đóng kiện,6_12,(KHO) Cam Lâm 1
21396000,GYR6LPGM,Luân chuyển trả,OTHER,Chưa đóng kiện,6_12,(BTH) Hàm Thắng
21331000,VNGH80755909610,Luân chuyển trả,TTS,Chưa đóng kiện,6_12,(KHO) Cam Lâm 1
21331000,VNGH80948079704,Luân chuyển trả,TTS,Chưa đóng kiện,6_12,(KHO) Cam Lâm 1
21331000,VNGH80911669707,Luân chuyển trả,TTS,Chưa đóng kiện,6_12,(KHO) Cam Lâm 1
21331000,GYR6E8XR,Luân chuyển trả,OTHER,Chưa đóng kiện,6_12,(KHO) Cam Lâm 1
21126000,GYRW4CFM,Luân chuyển giao,OTHER,Chưa đóng kiện,12_24,(LDO) Xuân Hương - Đà Lạt
21396000,GYR6LH76,Luân chuyển trả,OTHER,Chưa đóng kiện,6_12,(BTH) Hàm Thắng
21396000,GYR6F4AE,Luân chuyển trả,OTHER,Chưa đóng kiện,6_12,(BTH) Hàm Thắng
21396000,GYR6U4AW,Luân chuyển trả,OTHER,Chưa đóng kiện,6_12,(BTH) Hàm Thắng
21396000,GYR6YNYM,Luân chuyển trả,OTHER,Chưa đóng kiện,6_12,(BTH) Hàm Thắng
21396000,GYR6REFV,Luân chuyển trả,OTHER,Chưa đóng kiện,6_12,(BTH) Hàm Thắng
21396000,GYRNDNGK,Luân chuyển trả,OTHER,Không cần đóng kiện,6_12,(BTH) Hàm Thắng
21396000,GYRNBB34,Luân chuyển trả,OTHER,Chưa đóng kiện,6_12,(BTH) Hàm Thắng
21396000,GYRDVPV6,Luân chuyển trả,OTHER,Chưa đóng kiện,6_12,(BTH) Hàm Thắng
21396000,VNGH80469379804,Luân chuyển trả,TTS,Chưa đóng kiện,6_12,(BTH) Hàm Thắng
21396000,VNGH80300679802,Luân chuyển trả,TTS,Chưa đóng kiện,6_12,(BTH) Hàm Thắng
21396000,VNGH80787579710,Luân chuyển trả,TTS,Chưa đóng kiện,6_12,(BTH) Hàm Thắng
21396000,VNGH80281619707,Luân chuyển trả,TTS,Chưa đóng kiện,6_12,(BTH) Hàm Thắng
21396000,VNGH80079949707,Luân chuyển trả,TTS,Chưa đóng kiện,6_12,(BTH) Hàm Thắng
21396000,VNGH80592039805,Luân chuyển trả,TTS,Không cần đóng kiện,6_12,(BTH) Hàm Thắng
21396000,VNGH80033099707,Luân chuyển trả,TTS,Chưa đóng kiện,6_12,(BTH) Hàm Thắng
21396000,VNGH80035209803,Luân chuyển trả,TTS,Không cần đóng kiện,6_12,(BTH) Hàm Thắng
20785000,GYRD8CAN,Luân chuyển giao,OTHER,Chưa đóng kiện,12_24,(LDO) B'Lao
20785000,GYRN8H98,Luân chuyển trả,SHOPEE,Không cần đóng kiện,12_24,(LDO) B'Lao
20269000,GYRD8MNT,Luân chuyển giao,OTHER,Chưa đóng kiện,24_36,(DNO) Kiến Đức
2399,GYRKDX7D,Luân chuyển giao,OTHER,Chưa đóng kiện,6_12,(KHO) Bắc Nha Trang
21294000,GYRPMH7B,Luân chuyển trả,SHOPEE,Chưa đóng kiện,12_24,(LDO) Đinh Văn Lâm Hà
20942000,GYY8BRGP,Luân chuyển trả,SHOPEE,Chưa đóng kiện,192,(LDO) Di Linh
2309,GYRBWTD8,Luân chuyển trả,SHOPEE,Chưa đóng kiện,24_36,(DNO) Đức Lập
21377000,GYR9KGWT,Luân chuyển trả,OTHER,Chưa đóng kiện,6_12,(LDO) Đơn Dương
21458000,GYRWQ7FY,Luân chuyển giao,OTHER,Chưa đóng kiện,0_6,(LDO) Nam Ban Lâm Hà
21298000,GYR6FF3W,Luân chuyển trả,OTHER,Không cần đóng kiện,6_12,(BTH) Liên Hương
20499000,VNGH80781269704,Luân chuyển trả,TTS,Chưa đóng kiện,6_12,(NTH) Phước Dinh
20495000,GYRPMRHD,Luân chuyển trả,SHOPEE,Chưa đóng kiện,6_12,(KHO) Nha Trang
20687000,GYRW68PH,Luân chuyển giao,OTHER,Chưa đóng kiện,12_24,(BTH) Hàm Tân
20320000,GYRPB64W,Luân chuyển trả,OTHER,Chưa đóng kiện,6_12,(KHO) Tây Nha Trang
21364000,GYRNYYUN,Luân chuyển trả,OTHER,Không cần đóng kiện,48_72,(DNO) Quảng Khê
21403000,GYRVG8E3,Luân chuyển trả,OTHER,Chưa đóng kiện,6_12,(BTH) Hàm Liêm
21331000,GYRDGKQB,Luân chuyển trả,OTHER,Đã đóng kiện,12_24,(KHO) Cam Lâm 1
21331000,GYRDV3Y6,Luân chuyển trả,OTHER,Chưa đóng kiện,12_24,(KHO) Cam Lâm 1
21331000,GYRB8Q7N,Luân chuyển trả,SHOPEE,Không cần đóng kiện,12_24,(KHO) Cam Lâm 1
21331000,GYRDC77K,Luân chuyển trả,OTHER,Đã đóng kiện,12_24,(KHO) Cam Lâm 1
21331000,GYRB4CCX,Luân chuyển trả,SHOPEE,Không cần đóng kiện,12_24,(KHO) Cam Lâm 1
21331000,GYR4QF7N,Luân chuyển trả,SHOPEE,Đã đóng kiện,12_24,(KHO) Cam Lâm 1
21331000,GYR34TDP,Luân chuyển trả,SHOPEE,Đã đóng kiện,12_24,(KHO) Cam Lâm 1
20785000,GYRBACM6,Luân chuyển trả,SHOPEE,Không cần đóng kiện,12_24,(LDO) B'Lao
20785000,GYRNNXYK,Luân chuyển trả,OTHER,Không cần đóng kiện,12_24,(LDO) B'Lao
20785000,VNGH80582349703,Luân chuyển trả,TTS,Không cần đóng kiện,24_36,(LDO) B'Lao
21298000,GYR6CWLL,Luân chuyển trả,OTHER,Chưa đóng kiện,6_12,(BTH) Liên Hương
21298000,GYR697FK,Luân chuyển trả,OTHER,Chưa đóng kiện,6_12,(BTH) Liên Hương
2309,GYRDRWR4,Luân chuyển trả,SHOPEE,Chưa đóng kiện,24_36,(DNO) Đức Lập
2309,VNGH80638359602,Luân chuyển trả,TTS,Chưa đóng kiện,48_72,(DNO) Đức Lập
20495000,GYRBLYC9,Luân chuyển trả,SHOPEE,Không cần đóng kiện,6_12,(KHO) Nha Trang
20495000,GYR39BMU,Luân chuyển trả,SHOPEE,Chưa đóng kiện,6_12,(KHO) Nha Trang
21377000,GYR9XFL4,Luân chuyển trả,OTHER,Chưa đóng kiện,6_12,(LDO) Đơn Dương
20495000,GYRNHGDR,Luân chuyển trả,OTHER,Không cần đóng kiện,6_12,(KHO) Nha Trang
21377000,GYR9AFHR,Luân chuyển trả,OTHER,Chưa đóng kiện,6_12,(LDO) Đơn Dương
20495000,GYRDDEHU,Luân chuyển trả,SHOPEE,Không cần đóng kiện,6_12,(KHO) Nha Trang
21377000,GYR9YUTA,Luân chuyển trả,OTHER,Chưa đóng kiện,6_12,(LDO) Đơn Dương
20495000,GYRBTG3N,Luân chuyển trả,SHOPEE,Chưa đóng kiện,6_12,(KHO) Nha Trang
21377000,GYR9RPVN,Luân chuyển trả,OTHER,Chưa đóng kiện,6_12,(LDO) Đơn Dương
20495000,GYRBM84V,Luân chuyển trả,SHOPEE,Chưa đóng kiện,6_12,(KHO) Nha Trang
21377000,GYRVGU47,Luân chuyển trả,OTHER,Chưa đóng kiện,6_12,(LDO) Đơn Dương
20495000,GYR3VL39,Luân chuyển trả,SHOPEE,Chưa đóng kiện,6_12,(KHO) Nha Trang
21377000,GYRVUPAH,Luân chuyển trả,OTHER,Chưa đóng kiện,6_12,(LDO) Đơn Dương
20495000,GYR3XRFC,Luân chuyển trả,SHOPEE,Chưa đóng kiện,6_12,(KHO) Nha Trang
21377000,GYRVCPD3,Luân chuyển trả,OTHER,Chưa đóng kiện,6_12,(LDO) Đơn Dương
20495000,GYRBMPUN,Luân chuyển trả,SHOPEE,Không cần đóng kiện,6_12,(KHO) Nha Trang
21377000,GYRV98WG,Luân chuyển trả,OTHER,Không cần đóng kiện,6_12,(LDO) Đơn Dương
20495000,GYR3WV99,Luân chuyển trả,SHOPEE,Không cần đóng kiện,6_12,(KHO) Nha Trang
21377000,GYRVVWRC,Luân chuyển trả,OTHER,Không cần đóng kiện,6_12,(LDO) Đơn Dương
20495000,GYRVDQG9,Luân chuyển trả,OTHER,Chưa đóng kiện,6_12,(KHO) Nha Trang
21377000,GYRV67NH,Luân chuyển trả,OTHER,Chưa đóng kiện,6_12,(LDO) Đơn Dương
21377000,GYRVWMV3,Luân chuyển trả,OTHER,Chưa đóng kiện,6_12,(LDO) Đơn Dương
21377000,GYRVXHG3,Luân chuyển trả,OTHER,Chưa đóng kiện,6_12,(LDO) Đơn Dương
21377000,GYRVYBHG,Luân chuyển trả,OTHER,Chưa đóng kiện,6_12,(LDO) Đơn Dương
21377000,GYRVR4WH,Luân chuyển trả,OTHER,Chưa đóng kiện,6_12,(LDO) Đơn Dương
21377000,GYR6QA4G,Luân chuyển trả,OTHER,Chưa đóng kiện,6_12,(LDO) Đơn Dương
20687000,GYRW636C,Luân chuyển giao,OTHER,Chưa đóng kiện,12_24,(BTH) Hàm Tân
20687000,GYRW6RYE,Luân chuyển giao,OTHER,Chưa đóng kiện,12_24,(BTH) Hàm Tân
20687000,GYRW6WVA,Luân chuyển giao,OTHER,Chưa đóng kiện,12_24,(BTH) Hàm Tân
20687000,GYRW6TMR,Luân chuyển giao,OTHER,Chưa đóng kiện,12_24,(BTH) Hàm Tân
21403000,GYRVVD4G,Luân chuyển trả,OTHER,Không cần đóng kiện,6_12,(BTH) Hàm Liêm
20320000,GYR3H9V7,Luân chuyển trả,OTHER,Chưa đóng kiện,6_12,(KHO) Tây Nha Trang
21403000,GYRV6KB8,Luân chuyển trả,OTHER,Chưa đóng kiện,6_12,(BTH) Hàm Liêm
20320000,VNGH80399139902,Luân chuyển giao,TTS,Chưa đóng kiện,6_12,(KHO) Tây Nha Trang
21403000,GYRVRX4C,Luân chuyển trả,OTHER,Chưa đóng kiện,6_12,(BTH) Hàm Liêm
20320000,GYRDK97E,Luân chuyển trả,OTHER,Chưa đóng kiện,6_12,(KHO) Tây Nha Trang
21403000,GYRVRX4T,Luân chuyển trả,OTHER,Chưa đóng kiện,6_12,(BTH) Hàm Liêm
21403000,GYR6NWG4,Luân chuyển trả,OTHER,Chưa đóng kiện,6_12,(BTH) Hàm Liêm
21403000,GYR6KTRN,Luân chuyển trả,OTHER,Chưa đóng kiện,6_12,(BTH) Hàm Liêm
20320000,GYRBRXFL,Luân chuyển trả,SHOPEE,Không cần đóng kiện,6_12,(KHO) Tây Nha Trang
20269000,GYRCLM69,Luân chuyển trả,SHOPEE,Không cần đóng kiện,24_36,(DNO) Kiến Đức
20269000,GYR6PXUR,Luân chuyển trả,SHOPEE,Không cần đóng kiện,24_36,(DNO) Kiến Đức
20269000,GYRDBYFN,Luân chuyển trả,OTHER,Chưa đóng kiện,24_36,(DNO) Kiến Đức
20269000,GYRCRLGK,Luân chuyển trả,OTHER,Chưa đóng kiện,24_36,(DNO) Kiến Đức
20269000,GYYRY8WR,Luân chuyển trả,OTHER,Chưa đóng kiện,48_72,(DNO) Kiến Đức
20269000,GYRU4LXB,Luân chuyển trả,OTHER,Chưa đóng kiện,48_72,(DNO) Kiến Đức
20269000,GYRQYMRL,Luân chuyển trả,OTHER,Chưa đóng kiện,72_96,(DNO) Kiến Đức
20269000,GYRF4GQC,Luân chuyển trả,OTHER,Chưa đóng kiện,72_96,(DNO) Kiến Đức
20269000,GYRPE67T,Luân chuyển giao,SHOPEE,Không cần đóng kiện,72_96,(DNO) Kiến Đức
20269000,GYRG8XKH,Luân chuyển trả,OTHER,Chưa đóng kiện,96_120,(DNO) Kiến Đức
20269000,GYRFFEFT,Luân chuyển trả,OTHER,Chưa đóng kiện,96_120,(DNO) Kiến Đức
20269000,GYYXKMLD,Luân chuyển trả,OTHER,Chưa đóng kiện,120_192,(DNO) Kiến Đức
20269000,GYR7U4X3,Luân chuyển trả,OTHER,Chưa đóng kiện,120_192,(DNO) Kiến Đức
20499000,GYRBM364,Luân chuyển trả,SHOPEE,Chưa đóng kiện,6_12,(NTH) Phước Dinh
20499000,GYR4GG6E,Luân chuyển trả,SHOPEE,Chưa đóng kiện,6_12,(NTH) Phước Dinh
20499000,GYR4UCGH,Luân chuyển trả,SHOPEE,Chưa đóng kiện,6_12,(NTH) Phước Dinh
20499000,GYRBHVGY,Luân chuyển trả,SHOPEE,Chưa đóng kiện,6_12,(NTH) Phước Dinh
20499000,GYRBQGAG,Luân chuyển trả,OTHER,Chưa đóng kiện,6_12,(NTH) Phước Dinh
20499000,GYR6D3TR,Luân chuyển trả,OTHER,Chưa đóng kiện,6_12,(NTH) Phước Dinh
20499000,GYRBEGHX,Luân chuyển trả,SHOPEE,Không cần đóng kiện,6_12,(NTH) Phước Dinh
20499000,GYR333CB,Luân chuyển trả,SHOPEE,Chưa đóng kiện,6_12,(NTH) Phước Dinh
20499000,GYR388FL,Luân chuyển trả,SHOPEE,Chưa đóng kiện,6_12,(NTH) Phước Dinh
20499000,GYRBYQNE,Luân chuyển trả,SHOPEE,Chưa đóng kiện,6_12,(NTH) Phước Dinh
20499000,GYR36RXM,Luân chuyển trả,SHOPEE,Chưa đóng kiện,6_12,(NTH) Phước Dinh
20499000,GYRD3H4L,Luân chuyển trả,OTHER,Chưa đóng kiện,6_12,(NTH) Phước Dinh
20499000,GYRPPBMH,Luân chuyển trả,SHOPEE,Chưa đóng kiện,6_12,(NTH) Phước Dinh
20499000,GYRVE8CU,Luân chuyển trả,OTHER,Chưa đóng kiện,6_12,(NTH) Phước Dinh
20499000,GYRNN8V4,Luân chuyển trả,OTHER,Chưa đóng kiện,6_12,(NTH) Phước Dinh
20499000,GYRB36YQ,Luân chuyển trả,SHOPEE,Không cần đóng kiện,6_12,(NTH) Phước Dinh
20499000,GYRDF4QX,Luân chuyển trả,OTHER,Chưa đóng kiện,6_12,(NTH) Phước Dinh
20499000,GYRB7L99,Luân chuyển trả,SHOPEE,Chưa đóng kiện,6_12,(NTH) Phước Dinh
20499000,GYR3BWMB,Luân chuyển trả,SHOPEE,Chưa đóng kiện,6_12,(NTH) Phước Dinh
20499000,GYR33TTC,Luân chuyển trả,SHOPEE,Chưa đóng kiện,6_12,(NTH) Phước Dinh
21468000,GYRKLHLN,Luân chuyển giao,OTHER,Chưa đóng kiện,0_6,(LDO) 3 Bảo Lộc
21468000,GYRCFF4K,Luân chuyển trả,OTHER,Chưa đóng kiện,6_12,(LDO) 3 Bảo Lộc
20499000,GYRBEPH4,Luân chuyển trả,OTHER,Chưa đóng kiện,6_12,(NTH) Phước Dinh
21468000,GYRVFKL9,Luân chuyển trả,OTHER,Chưa đóng kiện,6_12,(LDO) 3 Bảo Lộc
21468000,GYRVDMWP,Luân chuyển trả,OTHER,Chưa đóng kiện,6_12,(LDO) 3 Bảo Lộc
21403000,GYRNDWN8,Luân chuyển trả,OTHER,Chưa đóng kiện,6_12,(BTH) Hàm Liêm
21468000,GYRVP9GL,Luân chuyển trả,OTHER,Chưa đóng kiện,6_12,(LDO) 3 Bảo Lộc
21403000,GYRDPYLU,Luân chuyển trả,OTHER,Chưa đóng kiện,6_12,(BTH) Hàm Liêm
21468000,GYRVB3PK,Luân chuyển trả,OTHER,Chưa đóng kiện,6_12,(LDO) 3 Bảo Lộc
21468000,GYRVRAFN,Luân chuyển trả,OTHER,Chưa đóng kiện,6_12,(LDO) 3 Bảo Lộc
21403000,VNGH80029749803,Luân chuyển trả,TTS,Chưa đóng kiện,6_12,(BTH) Hàm Liêm
21468000,GYR66R3L,Luân chuyển trả,OTHER,Chưa đóng kiện,6_12,(LDO) 3 Bảo Lộc
21403000,VNGH80809639803,Luân chuyển trả,TTS,Chưa đóng kiện,6_12,(BTH) Hàm Liêm
21468000,GYR6D66F,Luân chuyển trả,OTHER,Không cần đóng kiện,6_12,(LDO) 3 Bảo Lộc
21403000,VNGH80613079705,Luân chuyển trả,TTS,Không cần đóng kiện,6_12,(BTH) Hàm Liêm
21468000,GYR68E3T,Luân chuyển trả,OTHER,Chưa đóng kiện,6_12,(LDO) 3 Bảo Lộc
21468000,GYR6EME3,Luân chuyển trả,OTHER,Chưa đóng kiện,6_12,(LDO) 3 Bảo Lộc
21403000,VNGH80502199707,Luân chuyển trả,TTS,Không cần đóng kiện,6_12,(BTH) Hàm Liêm
21468000,GYRNNBHC,Luân chuyển trả,OTHER,Chưa đóng kiện,6_12,(LDO) 3 Bảo Lộc
21403000,VNGH80121509804,Luân chuyển trả,TTS,Chưa đóng kiện,6_12,(BTH) Hàm Liêm
21468000,GYRNPT7R,Luân chuyển trả,OTHER,Chưa đóng kiện,6_12,(LDO) 3 Bảo Lộc
21468000,GYRDQE9H,Luân chuyển trả,OTHER,Chưa đóng kiện,6_12,(LDO) 3 Bảo Lộc
21403000,VNGH80232989802,Luân chuyển trả,TTS,Chưa đóng kiện,6_12,(BTH) Hàm Liêm
21468000,GYRDFR8A,Luân chuyển trả,OTHER,Chưa đóng kiện,6_12,(LDO) 3 Bảo Lộc
21468000,VNGH80192259801,Luân chuyển trả,TTS,Chưa đóng kiện,6_12,(LDO) 3 Bảo Lộc
21468000,VNGH80341159709,Luân chuyển trả,TTS,Chưa đóng kiện,6_12,(LDO) 3 Bảo Lộc
21468000,VNGH80277729707,Luân chuyển trả,TTS,Chưa đóng kiện,6_12,(LDO) 3 Bảo Lộc
21468000,VNGH80362319708,Luân chuyển trả,TTS,Chưa đóng kiện,6_12,(LDO) 3 Bảo Lộc
21468000,VNGH80576939705,Luân chuyển trả,TTS,Không cần đóng kiện,6_12,(LDO) 3 Bảo Lộc
21468000,VNGH80100129801,Luân chuyển trả,TTS,Chưa đóng kiện,6_12,(LDO) 3 Bảo Lộc
21468000,VNGH80246739707,Luân chuyển trả,TTS,Chưa đóng kiện,6_12,(LDO) 3 Bảo Lộc
21468000,VNGH80212179708,Luân chuyển trả,TTS,Chưa đóng kiện,6_12,(LDO) 3 Bảo Lộc
21468000,VNGH80447259707,Luân chuyển trả,TTS,Chưa đóng kiện,6_12,(LDO) 3 Bảo Lộc
21468000,VNGH80217769610,Luân chuyển trả,TTS,Chưa đóng kiện,6_12,(LDO) 3 Bảo Lộc
21403000,VNGH80030419804,Luân chuyển trả,TTS,Chưa đóng kiện,6_12,(BTH) Hàm Liêm
21468000,VNGH80809289707,Luân chuyển trả,TTS,Chưa đóng kiện,6_12,(LDO) 3 Bảo Lộc
21468000,VNGH80412229704,Luân chuyển trả,TTS,Chưa đóng kiện,6_12,(LDO) 3 Bảo Lộc
21468000,GYRVBT6F,Luân chuyển trả,OTHER,Chưa đóng kiện,12_24,(LDO) 3 Bảo Lộc
21468000,GYRPFLUA,Luân chuyển trả,SHOPEE,Chưa đóng kiện,12_24,(LDO) 3 Bảo Lộc
21468000,GYRBLEDG,Luân chuyển trả,SHOPEE,Chưa đóng kiện,12_24,(LDO) 3 Bảo Lộc
21468000,GYRBTWWG,Luân chuyển trả,SHOPEE,Chưa đóng kiện,12_24,(LDO) 3 Bảo Lộc
21468000,GYRNLKVT,Luân chuyển trả,OTHER,Chưa đóng kiện,12_24,(LDO) 3 Bảo Lộc
21468000,GYR6R84D,Luân chuyển trả,SHOPEE,Chưa đóng kiện,12_24,(LDO) 3 Bảo Lộc
21468000,GYRBVYAH,Luân chuyển trả,SHOPEE,Chưa đóng kiện,12_24,(LDO) 3 Bảo Lộc
21468000,GYR366WN,Luân chuyển trả,OTHER,Chưa đóng kiện,12_24,(LDO) 3 Bảo Lộc
21468000,GYRBL6C9,Luân chuyển trả,SHOPEE,Chưa đóng kiện,12_24,(LDO) 3 Bảo Lộc
21468000,GYRBYRCG,Luân chuyển trả,SHOPEE,Chưa đóng kiện,12_24,(LDO) 3 Bảo Lộc
21468000,GYRDUP78,Luân chuyển trả,OTHER,Chưa đóng kiện,12_24,(LDO) 3 Bảo Lộc
21468000,GYRNE3R6,Luân chuyển trả,OTHER,Chưa đóng kiện,12_24,(LDO) 3 Bảo Lộc
21468000,GYRDFAFA,Luân chuyển trả,OTHER,Chưa đóng kiện,12_24,(LDO) 3 Bảo Lộc
21468000,GYRPKXHD,Luân chuyển trả,SHOPEE,Chưa đóng kiện,12_24,(LDO) 3 Bảo Lộc
21468000,GYR3K7MF,Luân chuyển trả,SHOPEE,Chưa đóng kiện,12_24,(LDO) 3 Bảo Lộc
21468000,GYR4X48A,Luân chuyển trả,SHOPEE,Chưa đóng kiện,12_24,(LDO) 3 Bảo Lộc
21468000,GYRNTDFG,Luân chuyển trả,SHOPEE,Chưa đóng kiện,12_24,(LDO) 3 Bảo Lộc
21468000,GYR3QFVU,Luân chuyển trả,SHOPEE,Chưa đóng kiện,12_24,(LDO) 3 Bảo Lộc
21468000,GYRKNL8C,Luân chuyển giao,SHOPEE,Đã đóng kiện,12_24,(LDO) 3 Bảo Lộc
21468000,GYRKNL89,Luân chuyển giao,SHOPEE,Đã đóng kiện,12_24,(LDO) 3 Bảo Lộc
21468000,GYR3BTKL,Luân chuyển trả,SHOPEE,Chưa đóng kiện,36_48,(LDO) 3 Bảo Lộc
21403000,VNGH80810059706,Luân chuyển trả,TTS,Chưa đóng kiện,6_12,(BTH) Hàm Liêm
21403000,VNGH80753589705,Luân chuyển trả,TTS,Chưa đóng kiện,6_12,(BTH) Hàm Liêm
21403000,VNGH80935049708,Luân chuyển trả,TTS,Chưa đóng kiện,6_12,(BTH) Hàm Liêm
21403000,VNGH80639389708,Luân chuyển trả,TTS,Chưa đóng kiện,6_12,(BTH) Hàm Liêm
21403000,VNGH80043249609,Luân chuyển trả,TTS,Chưa đóng kiện,6_12,(BTH) Hàm Liêm
21403000,VNGH80940019610,Luân chuyển trả,TTS,Chưa đóng kiện,6_12,(BTH) Hàm Liêm
21403000,VNGH80534329703,Luân chuyển trả,TTS,Chưa đóng kiện,6_12,(BTH) Hàm Liêm
20495000,NVS854489291,Luân chuyển trả,OTHER,Chưa đóng kiện,6_12,(KHO) Nha Trang
21403000,GYRDGRU6,Luân chuyển trả,OTHER,Chưa đóng kiện,6_12,(BTH) Hàm Liêm
21477000,GYRDA68G,Luân chuyển trả,SHOPEE,Không cần đóng kiện,0_6,(DNO) Đức An
21477000,GYYDCRUG,Luân chuyển trả,OTHER,Chưa đóng kiện,6_12,(DNO) Đức An
21477000,GYR9F8KT,Luân chuyển trả,OTHER,Chưa đóng kiện,6_12,(DNO) Đức An
21477000,GYR946PN,Luân chuyển trả,OTHER,Không cần đóng kiện,6_12,(DNO) Đức An
21477000,GYRVLCL7,Luân chuyển trả,OTHER,Chưa đóng kiện,6_12,(DNO) Đức An
21477000,GYRV6GRV,Luân chuyển trả,OTHER,Chưa đóng kiện,6_12,(DNO) Đức An
21477000,GYRV684G,Luân chuyển trả,OTHER,Chưa đóng kiện,6_12,(DNO) Đức An
21458000,GYRWKV3Q,Luân chuyển giao,OTHER,Chưa đóng kiện,0_6,(LDO) Nam Ban Lâm Hà
21477000,GYRVXUTG,Luân chuyển trả,OTHER,Chưa đóng kiện,6_12,(DNO) Đức An
21479000,VNGH80035449906,Luân chuyển giao,TTS,Chưa đóng kiện,0_6,(KHO) Bắc Cam Ranh
21477000,GYR6LYDG,Luân chuyển trả,OTHER,Chưa đóng kiện,6_12,(DNO) Đức An
21479000,GYYMW744,Luân chuyển trả,OTHER,Chưa đóng kiện,6_12,(KHO) Bắc Cam Ranh
21458000,GYR97QLR,Luân chuyển trả,OTHER,Không cần đóng kiện,6_12,(LDO) Nam Ban Lâm Hà
21479000,GYRGPWBT,Luân chuyển trả,OTHER,Chưa đóng kiện,6_12,(KHO) Bắc Cam Ranh
21458000,GYRVBHA3,Luân chuyển trả,OTHER,Chưa đóng kiện,6_12,(LDO) Nam Ban Lâm Hà
21479000,GYRU3GQ6,Luân chuyển trả,OTHER,Chưa đóng kiện,6_12,(KHO) Bắc Cam Ranh
20499000,GYRNP7V4,Luân chuyển trả,OTHER,Chưa đóng kiện,6_12,(NTH) Phước Dinh
21479000,GYRUWV4Q,Luân chuyển trả,OTHER,Chưa đóng kiện,6_12,(KHO) Bắc Cam Ranh
21479000,GYRUHG7K,Luân chuyển trả,OTHER,Chưa đóng kiện,6_12,(KHO) Bắc Cam Ranh
20499000,GYR4UNR7,Luân chuyển trả,OTHER,Chưa đóng kiện,6_12,(NTH) Phước Dinh
20495000,GYRNAUHQ,Luân chuyển trả,SHOPEE,Chưa đóng kiện,6_12,(KHO) Nha Trang
21479000,GYRUYGTY,Luân chuyển trả,OTHER,Chưa đóng kiện,6_12,(KHO) Bắc Cam Ranh
20499000,GYRPMV3Y,Luân chuyển trả,SHOPEE,Chưa đóng kiện,6_12,(NTH) Phước Dinh
20495000,GYRD6NM9,Luân chuyển trả,OTHER,Chưa đóng kiện,6_12,(KHO) Nha Trang
21477000,GYR6CAA4,Luân chuyển trả,OTHER,Chưa đóng kiện,6_12,(DNO) Đức An
20495000,GYR337KX,Luân chuyển trả,SHOPEE,Chưa đóng kiện,6_12,(KHO) Nha Trang
21479000,GYRURXCU,Luân chuyển trả,OTHER,Không cần đóng kiện,6_12,(KHO) Bắc Cam Ranh
20495000,GYRPLHKE,Luân chuyển trả,SHOPEE,Không cần đóng kiện,6_12,(KHO) Nha Trang
21479000,GYRUMFAB,Luân chuyển trả,OTHER,Không cần đóng kiện,6_12,(KHO) Bắc Cam Ranh
21479000,GYRCDKN8,Luân chuyển trả,OTHER,Chưa đóng kiện,6_12,(KHO) Bắc Cam Ranh
20495000,GYRWK93Q,Luân chuyển giao,OTHER,Chưa đóng kiện,12_24,(KHO) Nha Trang
21479000,GYRCPCKD,Luân chuyển trả,OTHER,Chưa đóng kiện,6_12,(KHO) Bắc Cam Ranh
21477000,GYR667EB,Luân chuyển trả,OTHER,Chưa đóng kiện,6_12,(DNO) Đức An
21479000,GYRC87LN,Luân chuyển trả,OTHER,Chưa đóng kiện,6_12,(KHO) Bắc Cam Ranh
21477000,GYRNN8YN,Luân chuyển trả,OTHER,Chưa đóng kiện,6_12,(DNO) Đức An
21479000,GYRCYHXA,Luân chuyển trả,OTHER,Chưa đóng kiện,6_12,(KHO) Bắc Cam Ranh
21477000,VNGH80449069804,Luân chuyển trả,TTS,Chưa đóng kiện,6_12,(DNO) Đức An
21479000,GYR9LYTE,Luân chuyển trả,OTHER,Chưa đóng kiện,6_12,(KHO) Bắc Cam Ranh
21477000,VNGH80211299707,Luân chuyển trả,TTS,Chưa đóng kiện,6_12,(DNO) Đức An
21479000,GYR9FE64,Luân chuyển trả,OTHER,Chưa đóng kiện,6_12,(KHO) Bắc Cam Ranh
21479000,GYR97AAP,Luân chuyển trả,OTHER,Chưa đóng kiện,6_12,(KHO) Bắc Cam Ranh
21477000,VNGH80857129709,Luân chuyển trả,TTS,Không cần đóng kiện,6_12,(DNO) Đức An
21377000,GYR6QAAR,Luân chuyển trả,OTHER,Chưa đóng kiện,6_12,(LDO) Đơn Dương
21477000,VNGH80116979705,Luân chuyển trả,TTS,Chưa đóng kiện,6_12,(DNO) Đức An
21377000,GYR6LQRP,Luân chuyển trả,OTHER,Chưa đóng kiện,6_12,(LDO) Đơn Dương
21477000,VNGH80123909706,Luân chuyển trả,TTS,Không cần đóng kiện,6_12,(DNO) Đức An
21377000,GYR6FMF3,Luân chuyển trả,OTHER,Chưa đóng kiện,6_12,(LDO) Đơn Dương
21477000,VNGH80588239708,Luân chuyển trả,TTS,Không cần đóng kiện,6_12,(DNO) Đức An
21377000,GYR6GMC4,Luân chuyển trả,OTHER,Chưa đóng kiện,6_12,(LDO) Đơn Dương
21477000,VNGH80825639706,Luân chuyển trả,TTS,Chưa đóng kiện,6_12,(DNO) Đức An
21377000,GYR6CQ7W,Luân chuyển trả,OTHER,Chưa đóng kiện,6_12,(LDO) Đơn Dương
21477000,VNGH80377489704,Luân chuyển trả,TTS,Chưa đóng kiện,6_12,(DNO) Đức An
21377000,GYR693T6,Luân chuyển trả,OTHER,Chưa đóng kiện,6_12,(LDO) Đơn Dương
21477000,VNGH80614509702,Luân chuyển trả,TTS,Chưa đóng kiện,6_12,(DNO) Đức An
21377000,GYR6B6BA,Luân chuyển trả,OTHER,Chưa đóng kiện,6_12,(LDO) Đơn Dương
21477000,GYRWCB6E,Luân chuyển giao,OTHER,Chưa đóng kiện,12_24,(DNO) Đức An
21377000,GYR6K6X7,Luân chuyển trả,OTHER,Chưa đóng kiện,6_12,(LDO) Đơn Dương
21377000,GYRNGLY4,Luân chuyển trả,OTHER,Chưa đóng kiện,6_12,(LDO) Đơn Dương
21377000,GYRNUHUB,Luân chuyển trả,OTHER,Chưa đóng kiện,6_12,(LDO) Đơn Dương
21377000,GYRNN8YE,Luân chuyển trả,OTHER,Chưa đóng kiện,6_12,(LDO) Đơn Dương
21477000,GYRKXQPK,Luân chuyển giao,OTHER,Không cần đóng kiện,12_24,(DNO) Đức An
21477000,GYRK8UTQ,Luân chuyển giao,SHOPEE,Không cần đóng kiện,12_24,(DNO) Đức An
21477000,GYRK8ULL,Luân chuyển giao,SHOPEE,Không cần đóng kiện,12_24,(DNO) Đức An
20495000,YOD1SO047122511,Luân chuyển trả,OTHER,Chưa đóng kiện,12_24,(KHO) Nha Trang
21516000,GYR3CWUF,Luân chuyển giao,SHOPEE,Chưa đóng kiện,0_6,(LDO) Đức Trọng 2
21516000,GYRQ8EP7,Luân chuyển trả,OTHER,Chưa đóng kiện,6_12,(LDO) Đức Trọng 2
21516000,GYRLPC93,Luân chuyển trả,OTHER,Chưa đóng kiện,6_12,(LDO) Đức Trọng 2
20495000,GYRBMQEE,Luân chuyển giao,OTHER,Chưa đóng kiện,12_24,(KHO) Nha Trang
21516000,GYR96LF3,Luân chuyển trả,OTHER,Chưa đóng kiện,6_12,(LDO) Đức Trọng 2
21377000,GYR6UBVF,Luân chuyển trả,OTHER,Chưa đóng kiện,6_12,(LDO) Đơn Dương
21468000,GYR3BTKQ,Luân chuyển trả,SHOPEE,Chưa đóng kiện,36_48,(LDO) 3 Bảo Lộc
21377000,GYR6EQ83,Luân chuyển trả,OTHER,Chưa đóng kiện,6_12,(LDO) Đơn Dương
21468000,GYR3BT8K,Luân chuyển trả,SHOPEE,Chưa đóng kiện,36_48,(LDO) 3 Bảo Lộc
21403000,GYRDYWV3,Luân chuyển trả,SHOPEE,Chưa đóng kiện,6_12,(BTH) Hàm Liêm
21468000,GYR3KCPP,Luân chuyển trả,SHOPEE,Chưa đóng kiện,36_48,(LDO) 3 Bảo Lộc
21403000,GYRBCNEG,Luân chuyển trả,SHOPEE,Chưa đóng kiện,6_12,(BTH) Hàm Liêm
21377000,GYRWTDNM,Luân chuyển giao,SHOPEE,Chưa đóng kiện,6_12,(LDO) Đơn Dương
21468000,GYR3KCPX,Luân chuyển trả,SHOPEE,Chưa đóng kiện,36_48,(LDO) 3 Bảo Lộc
21377000,GYRWTKG3,Luân chuyển giao,SHOPEE,Chưa đóng kiện,6_12,(LDO) Đơn Dương
21468000,GYRFLXXR,Luân chuyển giao,SHOPEE,Không cần đóng kiện,192,(LDO) 3 Bảo Lộc
21468000,GYYC8N7R,Luân chuyển trả,SHOPEE,Chưa đóng kiện,192,(LDO) 3 Bảo Lộc
21377000,GYRWG6EY,Luân chuyển giao,SHOPEE,Chưa đóng kiện,6_12,(LDO) Đơn Dương
21377000,GYRWG6AR,Luân chuyển giao,SHOPEE,Chưa đóng kiện,6_12,(LDO) Đơn Dương
20495000,YOD1SO047130342,Luân chuyển giao,OTHER,Chưa đóng kiện,12_24,(KHO) Nha Trang
21377000,VNGH80288260011,Luân chuyển giao,TTS,Chưa đóng kiện,6_12,(LDO) Đơn Dương
20495000,GYRNT3N4,Luân chuyển giao,OTHER,Chưa đóng kiện,12_24,(KHO) Nha Trang
20495000,GYRP3YHH,Luân chuyển giao,SHOPEE,Chưa đóng kiện,12_24,(KHO) Nha Trang
20495000,GYRN8FGP,Luân chuyển giao,OTHER,Không cần đóng kiện,12_24,(KHO) Nha Trang
20495000,GYRVFNER,Luân chuyển trả,OTHER,Không cần đóng kiện,24_36,(KHO) Nha Trang
21298000,GYR6VF9A,Luân chuyển trả,OTHER,Chưa đóng kiện,6_12,(BTH) Liên Hương
20495000,VNGH80982909701,Luân chuyển trả,TTS,Không cần đóng kiện,24_36,(KHO) Nha Trang
20495000,GYR67BEX,Luân chuyển trả,SHOPEE,Không cần đóng kiện,24_36,(KHO) Nha Trang
21377000,GYYR7P8B,Luân chuyển trả,OTHER,Chưa đóng kiện,6_12,(LDO) Đơn Dương
21377000,GYRUA6UX,Luân chuyển trả,OTHER,Chưa đóng kiện,6_12,(LDO) Đơn Dương
21377000,GYR9AXLR,Luân chuyển trả,OTHER,Không cần đóng kiện,6_12,(LDO) Đơn Dương
21377000,GYRV87D3,Luân chuyển trả,OTHER,Chưa đóng kiện,6_12,(LDO) Đơn Dương
21377000,GYRVRA3F,Luân chuyển trả,OTHER,Chưa đóng kiện,6_12,(LDO) Đơn Dương
21377000,GYRVE73A,Luân chuyển trả,OTHER,Chưa đóng kiện,6_12,(LDO) Đơn Dương
21377000,GYR6CNKY,Luân chuyển trả,OTHER,Chưa đóng kiện,6_12,(LDO) Đơn Dương
21331000,GYR39L9M_PR,Luân chuyển giao,OTHER,Đã đóng kiện,12_24,(KHO) Cam Lâm 1
21537000,GYR4FQ69,Luân chuyển giao,OTHER,Chưa đóng kiện,0_6,(LDO) Lâm Viên - Đà Lạt 2
21331000,GYRPEED7,Luân chuyển trả,SHOPEE,Đã đóng kiện,12_24,(KHO) Cam Lâm 1
21537000,GYYXXB3P,Luân chuyển trả,OTHER,Chưa đóng kiện,6_12,(LDO) Lâm Viên - Đà Lạt 2
21537000,GYRFM93D,Luân chuyển trả,OTHER,Chưa đóng kiện,6_12,(LDO) Lâm Viên - Đà Lạt 2
21377000,GYRNVCMD,Luân chuyển trả,OTHER,Chưa đóng kiện,6_12,(LDO) Đơn Dương
21537000,GYRGH674,Luân chuyển trả,OTHER,Chưa đóng kiện,6_12,(LDO) Lâm Viên - Đà Lạt 2
21298000,GYR6NLAG,Luân chuyển trả,OTHER,Chưa đóng kiện,6_12,(BTH) Liên Hương
21537000,GYRG8PC9,Luân chuyển trả,OTHER,Chưa đóng kiện,6_12,(LDO) Lâm Viên - Đà Lạt 2
21298000,GYR6DLHX,Luân chuyển trả,OTHER,Chưa đóng kiện,6_12,(BTH) Liên Hương
21537000,GYRCLHDU,Luân chuyển trả,OTHER,Chưa đóng kiện,6_12,(LDO) Lâm Viên - Đà Lạt 2
21298000,GYR6DP7W,Luân chuyển trả,OTHER,Chưa đóng kiện,6_12,(BTH) Liên Hương
21298000,VNGH80830849610,Luân chuyển trả,TTS,Chưa đóng kiện,6_12,(BTH) Liên Hương
21298000,VNGH80591909706,Luân chuyển trả,TTS,Chưa đóng kiện,6_12,(BTH) Liên Hương
21298000,VNGH80559589704,Luân chuyển trả,TTS,Chưa đóng kiện,6_12,(BTH) Liên Hương
2399,GYRKDTXF,Luân chuyển giao,OTHER,Chưa đóng kiện,6_12,(KHO) Bắc Nha Trang
21298000,VNGH80796199707,Luân chuyển trả,TTS,Chưa đóng kiện,6_12,(BTH) Liên Hương
21298000,VNGH80992139801,Luân chuyển trả,TTS,Chưa đóng kiện,6_12,(BTH) Liên Hương
21331000,GYR3XC9H,Luân chuyển trả,SHOPEE,Đã đóng kiện,12_24,(KHO) Cam Lâm 1
21377000,GYRD6AGA,Luân chuyển trả,SHOPEE,Không cần đóng kiện,6_12,(LDO) Đơn Dương
21331000,GYRUX9VR,Luân chuyển trả,OTHER,Đã đóng kiện,12_24,(KHO) Cam Lâm 1
2399,GYRKDKXD,Luân chuyển giao,OTHER,Chưa đóng kiện,6_12,(KHO) Bắc Nha Trang
21331000,GYR4LC3G,Luân chuyển trả,OTHER,Đã đóng kiện,12_24,(KHO) Cam Lâm 1
2399,GYRKLY43,Luân chuyển giao,OTHER,Chưa đóng kiện,6_12,(KHO) Bắc Nha Trang
21331000,GYR3G9H3,Luân chuyển trả,OTHER,Đã đóng kiện,12_24,(KHO) Cam Lâm 1
21331000,GYRKNM8T,Luân chuyển giao,SHOPEE,Đã đóng kiện,12_24,(KHO) Cam Lâm 1
21331000,GYRKNMR9,Luân chuyển giao,SHOPEE,Đã đóng kiện,12_24,(KHO) Cam Lâm 1
21331000,GYRKNMRC,Luân chuyển giao,SHOPEE,Đã đóng kiện,12_24,(KHO) Cam Lâm 1
21331000,GYR4FUNY,Luân chuyển giao,OTHER,Không cần đóng kiện,12_24,(KHO) Cam Lâm 1
21331000,GYRVTYWB,Luân chuyển trả,OTHER,Không cần đóng kiện,12_24,(KHO) Cam Lâm 1
21331000,VNGH80441489807,Luân chuyển giao,TTS,Đã đóng kiện,12_24,(KHO) Cam Lâm 1
21331000,VNGH80696149808,Luân chuyển giao,TTS,Đã đóng kiện,12_24,(KHO) Cam Lâm 1
21377000,GYRDR49Y,Luân chuyển trả,SHOPEE,Không cần đóng kiện,6_12,(LDO) Đơn Dương
21537000,GYRCBBKY,Luân chuyển trả,OTHER,Chưa đóng kiện,6_12,(LDO) Lâm Viên - Đà Lạt 2
21298000,VNGH80818339801,Luân chuyển trả,TTS,Chưa đóng kiện,6_12,(BTH) Liên Hương
20687000,GYRNF3GP,Luân chuyển trả,OTHER,Chưa đóng kiện,12_24,(BTH) Hàm Tân
2399,GYRKLXHD,Luân chuyển giao,OTHER,Chưa đóng kiện,6_12,(KHO) Bắc Nha Trang
21298000,VNGH80942259702,Luân chuyển trả,TTS,Chưa đóng kiện,6_12,(BTH) Liên Hương
20687000,GYRNBN8Q,Luân chuyển trả,OTHER,Chưa đóng kiện,12_24,(BTH) Hàm Tân
20687000,GYRNRGNK,Luân chuyển trả,SHOPEE,Chưa đóng kiện,12_24,(BTH) Hàm Tân
21298000,VNGH80808089801,Luân chuyển trả,TTS,Chưa đóng kiện,6_12,(BTH) Liên Hương
21377000,GYR6BLMW,Luân chuyển trả,OTHER,Chưa đóng kiện,6_12,(LDO) Đơn Dương
21298000,GYRBBNUQ,Luân chuyển trả,OTHER,Chưa đóng kiện,6_12,(BTH) Liên Hương
21537000,GYRCHB8Y,Luân chuyển trả,OTHER,Chưa đóng kiện,6_12,(LDO) Lâm Viên - Đà Lạt 2
21126000,GYRW3WNP,Luân chuyển giao,OTHER,Chưa đóng kiện,12_24,(LDO) Xuân Hương - Đà Lạt
21298000,GYRVEEUK,Luân chuyển trả,OTHER,Chưa đóng kiện,12_24,(BTH) Liên Hương
21537000,GYR9LWX3,Luân chuyển trả,OTHER,Chưa đóng kiện,6_12,(LDO) Lâm Viên - Đà Lạt 2
21377000,GYRKT6X6,Luân chuyển giao,OTHER,Chưa đóng kiện,12_24,(LDO) Đơn Dương
21537000,GYR9VQ7N,Luân chuyển trả,OTHER,Chưa đóng kiện,6_12,(LDO) Lâm Viên - Đà Lạt 2
21458000,GYR6Q36R,Luân chuyển trả,OTHER,Chưa đóng kiện,6_12,(LDO) Nam Ban Lâm Hà
21377000,GYRG4PM4,Luân chuyển trả,OTHER,Chưa đóng kiện,12_24,(LDO) Đơn Dương
21537000,GYR9NTQT,Luân chuyển trả,OTHER,Chưa đóng kiện,6_12,(LDO) Lâm Viên - Đà Lạt 2
21377000,GYRUDUM3,Luân chuyển trả,OTHER,Chưa đóng kiện,12_24,(LDO) Đơn Dương
21479000,GYR94DQY,Luân chuyển trả,OTHER,Chưa đóng kiện,6_12,(KHO) Bắc Cam Ranh
21377000,GYR9XK6W,Luân chuyển trả,OTHER,Chưa đóng kiện,12_24,(LDO) Đơn Dương
21537000,GYR9XTXN,Luân chuyển trả,OTHER,Chưa đóng kiện,6_12,(LDO) Lâm Viên - Đà Lạt 2
21477000,GYRK83FR,Luân chuyển giao,SHOPEE,Chưa đóng kiện,12_24,(DNO) Đức An
21516000,GYR9XUKK,Luân chuyển trả,OTHER,Chưa đóng kiện,6_12,(LDO) Đức Trọng 2
21403000,GYRBH4PG,Luân chuyển trả,SHOPEE,Không cần đóng kiện,6_12,(BTH) Hàm Liêm
20495000,GYRNM4VC,Luân chuyển trả,SHOPEE,Không cần đóng kiện,24_36,(KHO) Nha Trang
21294000,GYR3V89E,Luân chuyển trả,SHOPEE,Chưa đóng kiện,12_24,(LDO) Đinh Văn Lâm Hà
21396000,VNGH80352119708,Luân chuyển trả,TTS,Không cần đóng kiện,6_12,(BTH) Hàm Thắng
20942000,GYYUXEBW,Luân chuyển trả,OTHER,Không cần đóng kiện,192,(LDO) Di Linh
21456000,GYRW9MLA,Luân chuyển giao,SHOPEE,Đã đóng kiện,0_6,(BTH) Đức Linh
20320000,NVS857637661,Luân chuyển trả,OTHER,Chưa đóng kiện,6_12,(KHO) Tây Nha Trang
21298000,GYRVR4YC,Luân chuyển trả,OTHER,Chưa đóng kiện,12_24,(BTH) Liên Hương
20942000,GYYD697G,Luân chuyển trả,OTHER,Chưa đóng kiện,192,(LDO) Di Linh
21396000,VNGH80347029609,Luân chuyển trả,TTS,Chưa đóng kiện,6_12,(BTH) Hàm Thắng
21298000,GYR6NC3G,Luân chuyển trả,OTHER,Chưa đóng kiện,12_24,(BTH) Liên Hương
21396000,VNGH80293599608,Luân chuyển trả,TTS,Chưa đóng kiện,6_12,(BTH) Hàm Thắng
20942000,GYY7MMLK,Luân chuyển trả,OTHER,Chưa đóng kiện,192,(LDO) Di Linh
21298000,GYRVV44E,Luân chuyển trả,OTHER,Chưa đóng kiện,12_24,(BTH) Liên Hương
21396000,GYR38G7N,Luân chuyển trả,OTHER,Chưa đóng kiện,6_12,(BTH) Hàm Thắng
21456000,GYRW9H7E,Luân chuyển giao,SHOPEE,Đã đóng kiện,0_6,(BTH) Đức Linh
21396000,GYRDHMXP,Luân chuyển trả,OTHER,Chưa đóng kiện,6_12,(BTH) Hàm Thắng
21456000,GYRW9MLY,Luân chuyển giao,SHOPEE,Đã đóng kiện,0_6,(BTH) Đức Linh
21396000,GYRDE3N6,Luân chuyển trả,SHOPEE,Không cần đóng kiện,6_12,(BTH) Hàm Thắng
21403000,GYRV3UAV,Luân chuyển trả,OTHER,Chưa đóng kiện,6_12,(BTH) Hàm Liêm
21456000,GYRW9HGQ,Luân chuyển giao,SHOPEE,Đã đóng kiện,0_6,(BTH) Đức Linh
21396000,GYRDHW8T,Luân chuyển trả,SHOPEE,Chưa đóng kiện,6_12,(BTH) Hàm Thắng
21403000,GYRDH3FM,Luân chuyển trả,OTHER,Chưa đóng kiện,6_12,(BTH) Hàm Liêm
21456000,GYRW9HGF,Luân chuyển giao,SHOPEE,Đã đóng kiện,0_6,(BTH) Đức Linh
21396000,GYRB6FUH,Luân chuyển trả,SHOPEE,Chưa đóng kiện,6_12,(BTH) Hàm Thắng
21403000,GYRBH69E,Luân chuyển trả,OTHER,Không cần đóng kiện,6_12,(BTH) Hàm Liêm
21456000,GYRW9H7R,Luân chuyển giao,SHOPEE,Đã đóng kiện,0_6,(BTH) Đức Linh
21396000,GYR393YE_PR,Luân chuyển giao,OTHER,Chưa đóng kiện,6_12,(BTH) Hàm Thắng
21403000,GYRBFBVG,Luân chuyển trả,SHOPEE,Chưa đóng kiện,6_12,(BTH) Hàm Liêm
21456000,VNGH80614729906,Luân chuyển giao,TTS,Đã đóng kiện,0_6,(BTH) Đức Linh
21396000,GYRD4REF,Luân chuyển trả,OTHER,Không cần đóng kiện,12_24,(BTH) Hàm Thắng
21403000,GYRBP4NU,Luân chuyển trả,SHOPEE,Chưa đóng kiện,6_12,(BTH) Hàm Liêm
21396000,GYR3QRAR,Luân chuyển trả,OTHER,Chưa đóng kiện,12_24,(BTH) Hàm Thắng
21298000,GYR66TMD,Luân chuyển trả,OTHER,Chưa đóng kiện,12_24,(BTH) Liên Hương
2399,GYRKDHT9,Luân chuyển giao,OTHER,Chưa đóng kiện,6_12,(KHO) Bắc Nha Trang
21396000,GYR678U7,Luân chuyển trả,OTHER,Chưa đóng kiện,24_36,(BTH) Hàm Thắng
20499000,GYRBHVWB,Luân chuyển trả,SHOPEE,Chưa đóng kiện,6_12,(NTH) Phước Dinh
21396000,GYR6VAPR,Luân chuyển trả,SHOPEE,Chưa đóng kiện,48_72,(BTH) Hàm Thắng
20499000,GYR4F7WT,Luân chuyển trả,OTHER,Chưa đóng kiện,6_12,(NTH) Phước Dinh
20499000,GYRDTMG8,Luân chuyển trả,OTHER,Chưa đóng kiện,6_12,(NTH) Phước Dinh
2399,GYRKDHYW,Luân chuyển giao,OTHER,Chưa đóng kiện,6_12,(KHO) Bắc Nha Trang
20499000,GYRBETKX,Luân chuyển trả,OTHER,Chưa đóng kiện,6_12,(NTH) Phước Dinh
21479000,GYR9XUUA,Luân chuyển trả,OTHER,Chưa đóng kiện,6_12,(KHO) Bắc Cam Ranh
20499000,GYR4FND7,Luân chuyển trả,SHOPEE,Chưa đóng kiện,6_12,(NTH) Phước Dinh
2399,GYRKFVXM,Luân chuyển giao,OTHER,Chưa đóng kiện,6_12,(KHO) Bắc Nha Trang
20499000,GYRBKPBK,Luân chuyển trả,OTHER,Chưa đóng kiện,6_12,(NTH) Phước Dinh
21377000,GYRBUDEG,Luân chuyển trả,SHOPEE,Không cần đóng kiện,12_24,(LDO) Đơn Dương
20499000,GYRPHEVV,Luân chuyển trả,OTHER,Chưa đóng kiện,6_12,(NTH) Phước Dinh
21377000,GYR6LTQQ_PR,Luân chuyển giao,OTHER,Chưa đóng kiện,12_24,(LDO) Đơn Dương
21377000,GYR667FC,Luân chuyển trả,OTHER,Không cần đóng kiện,12_24,(LDO) Đơn Dương
21377000,GYRKGPWA,Luân chuyển giao,SHOPEE,Không cần đóng kiện,12_24,(LDO) Đơn Dương
21377000,GYRUKHEL,Luân chuyển trả,OTHER,Chưa đóng kiện,12_24,(LDO) Đơn Dương
21377000,GYRBXHFU_CPTT,Luân chuyển giao,OTHER,Chưa đóng kiện,12_24,(LDO) Đơn Dương
21377000,GYR9PB8H,Luân chuyển trả,OTHER,Chưa đóng kiện,12_24,(LDO) Đơn Dương
21377000,GYR9BCDW,Luân chuyển trả,OTHER,Chưa đóng kiện,12_24,(LDO) Đơn Dương
21377000,GYRN33BH,Luân chuyển trả,OTHER,Chưa đóng kiện,12_24,(LDO) Đơn Dương
21377000,VNGH80983219806,Luân chuyển giao,TTS,Không cần đóng kiện,12_24,(LDO) Đơn Dương
21377000,GYRG8MPP,Luân chuyển trả,OTHER,Chưa đóng kiện,12_24,(LDO) Đơn Dương
21377000,GYRK97XK,Luân chuyển giao,SHOPEE,Không cần đóng kiện,12_24,(LDO) Đơn Dương
21377000,GYRVYWP9,Luân chuyển trả,OTHER,Chưa đóng kiện,12_24,(LDO) Đơn Dương
21377000,GYRNNNP4,Luân chuyển trả,OTHER,Chưa đóng kiện,12_24,(LDO) Đơn Dương
21377000,GYRVM47D,Luân chuyển trả,OTHER,Chưa đóng kiện,12_24,(LDO) Đơn Dương
21377000,GYRNL9W4,Luân chuyển trả,OTHER,Chưa đóng kiện,12_24,(LDO) Đơn Dương
21377000,GYRBH93W_CPTT,Luân chuyển giao,OTHER,Chưa đóng kiện,12_24,(LDO) Đơn Dương
21377000,GYR36P8C_PR,Luân chuyển giao,OTHER,Chưa đóng kiện,12_24,(LDO) Đơn Dương
21377000,GYRU3AXW,Luân chuyển trả,OTHER,Chưa đóng kiện,12_24,(LDO) Đơn Dương
20499000,GYRPTGXE,Luân chuyển trả,OTHER,Chưa đóng kiện,6_12,(NTH) Phước Dinh
20499000,GYRWTW6P,Luân chuyển giao,OTHER,Chưa đóng kiện,6_12,(NTH) Phước Dinh
20499000,GYRWTWK3,Luân chuyển giao,OTHER,Chưa đóng kiện,6_12,(NTH) Phước Dinh
20499000,GYRWTXK8,Luân chuyển giao,OTHER,Chưa đóng kiện,6_12,(NTH) Phước Dinh
20499000,GYRWTPMK,Luân chuyển giao,OTHER,Chưa đóng kiện,6_12,(NTH) Phước Dinh
21477000,GYRK8NYP,Luân chuyển giao,SHOPEE,Không cần đóng kiện,12_24,(DNO) Đức An
21516000,GYRVDERQ,Luân chuyển trả,OTHER,Chưa đóng kiện,6_12,(LDO) Đức Trọng 2
20495000,GYRP44BY,Luân chuyển trả,SHOPEE,Không cần đóng kiện,24_36,(KHO) Nha Trang
21294000,GYR3A7CK,Luân chuyển trả,SHOPEE,Chưa đóng kiện,12_24,(LDO) Đinh Văn Lâm Hà
21126000,GYRW4NND,Luân chuyển giao,OTHER,Chưa đóng kiện,12_24,(LDO) Xuân Hương - Đà Lạt
20320000,GYR384TW,Luân chuyển trả,OTHER,Chưa đóng kiện,6_12,(KHO) Tây Nha Trang
20687000,GYR3L3T4_PR,Luân chuyển giao,OTHER,Chưa đóng kiện,12_24,(BTH) Hàm Tân
20942000,GYYBU6Q4,Luân chuyển trả,OTHER,Chưa đóng kiện,192,(LDO) Di Linh
21456000,GYRWVRXV,Luân chuyển giao,SHOPEE,Đã đóng kiện,0_6,(BTH) Đức Linh
21331000,GYRPXQB3,Luân chuyển giao,OTHER,Đã đóng kiện,12_24,(KHO) Cam Lâm 1
21403000,GYR4GB87,Luân chuyển trả,SHOPEE,Chưa đóng kiện,6_12,(BTH) Hàm Liêm
21298000,GYRBCRWP,Luân chuyển trả,SHOPEE,Không cần đóng kiện,12_24,(BTH) Liên Hương
21458000,GYR6UDED,Luân chuyển trả,OTHER,Chưa đóng kiện,6_12,(LDO) Nam Ban Lâm Hà
2399,GYRKFBGK,Luân chuyển giao,OTHER,Chưa đóng kiện,6_12,(KHO) Bắc Nha Trang
21537000,GYR9MMRD,Luân chuyển trả,OTHER,Chưa đóng kiện,6_12,(LDO) Lâm Viên - Đà Lạt 2
21479000,GYR9X4NN,Luân chuyển trả,OTHER,Chưa đóng kiện,6_12,(KHO) Bắc Cam Ranh
21377000,VNGH80653629703,Luân chuyển trả,TTS,Chưa đóng kiện,24_36,(LDO) Đơn Dương
21294000,GYRNB77V,Luân chuyển trả,OTHER,Chưa đóng kiện,12_24,(LDO) Đinh Văn Lâm Hà
21377000,VNGH80472499608,Luân chuyển trả,TTS,Chưa đóng kiện,24_36,(LDO) Đơn Dương
20320000,GYRD9CP4,Luân chuyển trả,OTHER,Không cần đóng kiện,6_12,(KHO) Tây Nha Trang
21377000,VNGH80223609606,Luân chuyển trả,TTS,Chưa đóng kiện,24_36,(LDO) Đơn Dương
21298000,GYR68638,Luân chuyển trả,SHOPEE,Không cần đóng kiện,12_24,(BTH) Liên Hương
20320000,GYRPKUHX,Luân chuyển trả,SHOPEE,Không cần đóng kiện,6_12,(KHO) Tây Nha Trang
21377000,VNGH80319689608,Luân chuyển trả,TTS,Chưa đóng kiện,24_36,(LDO) Đơn Dương
20320000,GYRD3WCP,Luân chuyển trả,OTHER,Chưa đóng kiện,6_12,(KHO) Tây Nha Trang
21377000,VNGH80996529602,Luân chuyển trả,TTS,Chưa đóng kiện,24_36,(LDO) Đơn Dương
20320000,GYR9K94P,Luân chuyển trả,OTHER,Chưa đóng kiện,6_12,(KHO) Tây Nha Trang
21377000,VNGH80645029608,Luân chuyển trả,TTS,Chưa đóng kiện,24_36,(LDO) Đơn Dương
21456000,GYRWRFUT,Luân chuyển giao,OTHER,Đã đóng kiện,0_6,(BTH) Đức Linh
21377000,VNGH80847099601,Luân chuyển trả,TTS,Chưa đóng kiện,24_36,(LDO) Đơn Dương
21456000,GYRWYYBG,Luân chuyển giao,OTHER,Đã đóng kiện,0_6,(BTH) Đức Linh
21331000,VNGH80539619901,Luân chuyển giao,TTS,Không cần đóng kiện,12_24,(KHO) Cam Lâm 1
21458000,GYR6CE4H,Luân chuyển trả,OTHER,Chưa đóng kiện,6_12,(LDO) Nam Ban Lâm Hà
21403000,TT0110A256,Luân chuyển trả,OTHER,Không cần đóng kiện,6_12,(BTH) Hàm Liêm
21537000,GYR9EDK3,Luân chuyển trả,OTHER,Chưa đóng kiện,6_12,(LDO) Lâm Viên - Đà Lạt 2
21403000,GYRBVEH9,Luân chuyển trả,SHOPEE,Chưa đóng kiện,12_24,(BTH) Hàm Liêm
21479000,GYRV7C7F,Luân chuyển trả,OTHER,Chưa đóng kiện,6_12,(KHO) Bắc Cam Ranh
20942000,GYYTTX4W,Luân chuyển trả,SHOPEE,Không cần đóng kiện,192,(LDO) Di Linh
21479000,GYRV74FC,Luân chuyển trả,OTHER,Chưa đóng kiện,6_12,(KHO) Bắc Cam Ranh
2399,GYRKDHRR,Luân chuyển giao,OTHER,Chưa đóng kiện,6_12,(KHO) Bắc Nha Trang
21537000,GYRV6BMY,Luân chuyển trả,OTHER,Chưa đóng kiện,6_12,(LDO) Lâm Viên - Đà Lạt 2
2399,GYRKFHVG,Luân chuyển giao,OTHER,Chưa đóng kiện,6_12,(KHO) Bắc Nha Trang
20942000,GYYKYX3K,Luân chuyển trả,SHOPEE,Không cần đóng kiện,192,(LDO) Di Linh
2399,GYRKFDUY,Luân chuyển giao,OTHER,Chưa đóng kiện,6_12,(KHO) Bắc Nha Trang
21294000,GYRPY9CR,Luân chuyển trả,OTHER,Chưa đóng kiện,12_24,(LDO) Đinh Văn Lâm Hà
20942000,GYYWB7C8,Luân chuyển trả,SHOPEE,Chưa đóng kiện,192,(LDO) Di Linh
21458000,GYR69XNT,Luân chuyển trả,OTHER,Chưa đóng kiện,6_12,(LDO) Nam Ban Lâm Hà
21294000,GYR639RD,Luân chuyển trả,SHOPEE,Chưa đóng kiện,12_24,(LDO) Đinh Văn Lâm Hà
2399,GYRK77LQ,Luân chuyển giao,OTHER,Chưa đóng kiện,6_12,(KHO) Bắc Nha Trang
21294000,GYRKTUP7,Luân chuyển giao,SHOPEE,Chưa đóng kiện,12_24,(LDO) Đinh Văn Lâm Hà
2399,GYRKDK9R,Luân chuyển giao,OTHER,Chưa đóng kiện,6_12,(KHO) Bắc Nha Trang
21331000,VNGH80934849807,Luân chuyển giao,TTS,Không cần đóng kiện,12_24,(KHO) Cam Lâm 1
2399,GYRKDBM9,Luân chuyển giao,OTHER,Chưa đóng kiện,6_12,(KHO) Bắc Nha Trang
21331000,VNGH80523339902,Luân chuyển giao,TTS,Đã đóng kiện,12_24,(KHO) Cam Lâm 1
21458000,S1636033109O32856,Luân chuyển trả,OTHER,Chưa đóng kiện,6_12,(LDO) Nam Ban Lâm Hà
2399,GYRKDTE4,Luân chuyển giao,OTHER,Chưa đóng kiện,6_12,(KHO) Bắc Nha Trang
20320000,GYRNPAQT,Luân chuyển trả,OTHER,Chưa đóng kiện,6_12,(KHO) Tây Nha Trang
21569000,GYRQKD86,Luân chuyển trả,OTHER,Chưa đóng kiện,6_12,(KHO) Đông Ninh Hòa
2399,GYRKD4MK,Luân chuyển giao,OTHER,Chưa đóng kiện,6_12,(KHO) Bắc Nha Trang
20320000,GYRNKVQU,Luân chuyển trả,OTHER,Chưa đóng kiện,6_12,(KHO) Tây Nha Trang
21477000,GYRWGTCN,Luân chuyển giao,OTHER,Không cần đóng kiện,12_24,(DNO) Đức An
2399,GYRKD3UH,Luân chuyển giao,OTHER,Chưa đóng kiện,6_12,(KHO) Bắc Nha Trang
20320000,GYRNA4QB,Luân chuyển trả,OTHER,Chưa đóng kiện,6_12,(KHO) Tây Nha Trang
21569000,GYRUYH9W,Luân chuyển trả,OTHER,Chưa đóng kiện,6_12,(KHO) Đông Ninh Hòa
21477000,GYRWGKVK,Luân chuyển giao,OTHER,Không cần đóng kiện,12_24,(DNO) Đức An
20320000,GYRDG466,Luân chuyển trả,OTHER,Không cần đóng kiện,6_12,(KHO) Tây Nha Trang
2399,GYRWTCN9,Luân chuyển giao,OTHER,Chưa đóng kiện,6_12,(KHO) Bắc Nha Trang
21569000,GYRCEGFE,Luân chuyển trả,OTHER,Chưa đóng kiện,6_12,(KHO) Đông Ninh Hòa
21477000,GYRWGBYK,Luân chuyển giao,OTHER,Không cần đóng kiện,12_24,(DNO) Đức An
2399,GYRWTU9F,Luân chuyển giao,OTHER,Chưa đóng kiện,6_12,(KHO) Bắc Nha Trang
21569000,GYR996AC,Luân chuyển trả,OTHER,Chưa đóng kiện,6_12,(KHO) Đông Ninh Hòa
21477000,GYRWGHBT,Luân chuyển giao,OTHER,Không cần đóng kiện,12_24,(DNO) Đức An
2399,GYRP6BE6,Luân chuyển trả,OTHER,Chưa đóng kiện,6_12,(KHO) Bắc Nha Trang
20320000,GYRD6VCV,Luân chuyển trả,OTHER,Chưa đóng kiện,6_12,(KHO) Tây Nha Trang
21477000,GYRWGPCM,Luân chuyển giao,OTHER,Không cần đóng kiện,12_24,(DNO) Đức An
2399,VNGH80247600012,Luân chuyển giao,TTS,Chưa đóng kiện,12_24,(KHO) Bắc Nha Trang
20320000,GYRPKCQV,Luân chuyển trả,SHOPEE,Không cần đóng kiện,6_12,(KHO) Tây Nha Trang
2399,GYRDYD8P,Luân chuyển trả,SHOPEE,Chưa đóng kiện,12_24,(KHO) Bắc Nha Trang
21477000,GYRNBX7H,Luân chuyển trả,OTHER,Không cần đóng kiện,12_24,(DNO) Đức An
20320000,GYRPKCQU,Luân chuyển trả,SHOPEE,Không cần đóng kiện,6_12,(KHO) Tây Nha Trang
2399,GYRWQXHR,Luân chuyển giao,OTHER,Chưa đóng kiện,12_24,(KHO) Bắc Nha Trang
20495000,GYRNYG3V,Luân chuyển trả,SHOPEE,Không cần đóng kiện,36_48,(KHO) Nha Trang
21477000,GYRVU4RB,Luân chuyển trả,OTHER,Không cần đóng kiện,24_36,(DNO) Đức An
21377000,VNGH80368129510,Luân chuyển trả,TTS,Chưa đóng kiện,24_36,(LDO) Đơn Dương
2399,GYR34DYH,Luân chuyển trả,SHOPEE,Chưa đóng kiện,12_24,(KHO) Bắc Nha Trang
20495000,VNGH80181599701,Luân chuyển trả,TTS,Không cần đóng kiện,72_96,(KHO) Nha Trang
21456000,GYRK9YBM,Luân chuyển giao,SHOPEE,Đã đóng kiện,0_6,(BTH) Đức Linh
21377000,GYRKU8LA,Luân chuyển giao,SHOPEE,Chưa đóng kiện,24_36,(LDO) Đơn Dương
2399,GYR3ACCK,Luân chuyển trả,SHOPEE,Chưa đóng kiện,12_24,(KHO) Bắc Nha Trang
21479000,GYRVNERT,Luân chuyển trả,OTHER,Chưa đóng kiện,6_12,(KHO) Bắc Cam Ranh
21456000,GYRWYXDT,Luân chuyển giao,OTHER,Không cần đóng kiện,0_6,(BTH) Đức Linh
21456000,GYRWYAHC,Luân chuyển giao,OTHER,Không cần đóng kiện,0_6,(BTH) Đức Linh
21456000,GYRWHARD,Luân chuyển giao,OTHER,Không cần đóng kiện,0_6,(BTH) Đức Linh
21477000,VNGH80988709710,Luân chuyển trả,TTS,Không cần đóng kiện,24_36,(DNO) Đức An
21456000,GYRWHW3Q,Luân chuyển giao,OTHER,Đã đóng kiện,0_6,(BTH) Đức Linh
21377000,GYRKUH74,Luân chuyển giao,SHOPEE,Chưa đóng kiện,24_36,(LDO) Đơn Dương
21456000,GYRKM6FT,Luân chuyển giao,SHOPEE,Không cần đóng kiện,0_6,(BTH) Đức Linh
21294000,GYRKTGXL,Luân chuyển giao,SHOPEE,Chưa đóng kiện,12_24,(LDO) Đinh Văn Lâm Hà
21331000,GYRBX37C,Luân chuyển giao,OTHER,Không cần đóng kiện,12_24,(KHO) Cam Lâm 1
21458000,GYRNLCUY,Luân chuyển trả,OTHER,Chưa đóng kiện,6_12,(LDO) Nam Ban Lâm Hà
21458000,GYRNBG96,Luân chuyển trả,OTHER,Chưa đóng kiện,6_12,(LDO) Nam Ban Lâm Hà
21458000,VNGH80975919703,Luân chuyển trả,TTS,Chưa đóng kiện,6_12,(LDO) Nam Ban Lâm Hà
21458000,GYRBFTGY,Luân chuyển trả,OTHER,Không cần đóng kiện,6_12,(LDO) Nam Ban Lâm Hà
21294000,GYRPX867,Luân chuyển giao,OTHER,Không cần đóng kiện,12_24,(LDO) Đinh Văn Lâm Hà
21126000,GYRW4TMG,Luân chuyển giao,OTHER,Chưa đóng kiện,12_24,(LDO) Xuân Hương - Đà Lạt
21126000,GYRW44VB,Luân chuyển giao,OTHER,Chưa đóng kiện,12_24,(LDO) Xuân Hương - Đà Lạt
21569000,GYR9BNKR,Luân chuyển trả,OTHER,Chưa đóng kiện,6_12,(KHO) Đông Ninh Hòa
21458000,GYRKCWC7,Luân chuyển giao,SHOPEE,Chưa đóng kiện,12_24,(LDO) Nam Ban Lâm Hà
21569000,GYR9T9GC,Luân chuyển trả,OTHER,Chưa đóng kiện,6_12,(KHO) Đông Ninh Hòa
21294000,GYR393T7,Luân chuyển giao,SHOPEE,Chưa đóng kiện,12_24,(LDO) Đinh Văn Lâm Hà
21458000,GYRKCPTW,Luân chuyển giao,SHOPEE,Chưa đóng kiện,12_24,(LDO) Nam Ban Lâm Hà
21569000,GYRV7KVM,Luân chuyển trả,OTHER,Chưa đóng kiện,6_12,(KHO) Đông Ninh Hòa
21458000,GYRKCPKH,Luân chuyển giao,SHOPEE,Chưa đóng kiện,12_24,(LDO) Nam Ban Lâm Hà
21569000,GYRVBA3K,Luân chuyển trả,OTHER,Chưa đóng kiện,6_12,(KHO) Đông Ninh Hòa
21294000,GYRVUMUY,Luân chuyển trả,OTHER,Chưa đóng kiện,24_36,(LDO) Đinh Văn Lâm Hà
21458000,GYR3LV9H,Luân chuyển trả,OTHER,Chưa đóng kiện,12_24,(LDO) Nam Ban Lâm Hà
21458000,GYRBF9H3,Luân chuyển trả,SHOPEE,Không cần đóng kiện,12_24,(LDO) Nam Ban Lâm Hà
20320000,GYRPKCQG,Luân chuyển trả,SHOPEE,Không cần đóng kiện,6_12,(KHO) Tây Nha Trang
20320000,GYRBL3WB,Luân chuyển trả,SHOPEE,Chưa đóng kiện,6_12,(KHO) Tây Nha Trang
20320000,GYRBCYLE,Luân chuyển trả,SHOPEE,Chưa đóng kiện,6_12,(KHO) Tây Nha Trang
21294000,GYRV3BXA,Luân chuyển trả,SHOPEE,Chưa đóng kiện,24_36,(LDO) Đinh Văn Lâm Hà
20320000,GYRBVPCE,Luân chuyển trả,SHOPEE,Chưa đóng kiện,6_12,(KHO) Tây Nha Trang
21294000,VNGH80441559707,Luân chuyển trả,TTS,Chưa đóng kiện,48_72,(LDO) Đinh Văn Lâm Hà
20320000,GYRBBKCB,Luân chuyển trả,SHOPEE,Chưa đóng kiện,6_12,(KHO) Tây Nha Trang
20320000,GYRBRVTX,Luân chuyển trả,SHOPEE,Không cần đóng kiện,6_12,(KHO) Tây Nha Trang
20495000,VNGH80390039809,Luân chuyển giao,TTS,Chưa đóng kiện,72_96,(KHO) Nha Trang
21537000,GYRVDAMK,Luân chuyển trả,OTHER,Chưa đóng kiện,6_12,(LDO) Lâm Viên - Đà Lạt 2
21537000,GYRVD8FA,Luân chuyển trả,OTHER,Chưa đóng kiện,6_12,(LDO) Lâm Viên - Đà Lạt 2
21537000,GYRVP7WP,Luân chuyển trả,OTHER,Chưa đóng kiện,6_12,(LDO) Lâm Viên - Đà Lạt 2
21537000,GYRVHNW9,Luân chuyển trả,OTHER,Chưa đóng kiện,6_12,(LDO) Lâm Viên - Đà Lạt 2
21516000,GYRVBAPM,Luân chuyển trả,OTHER,Chưa đóng kiện,6_12,(LDO) Đức Trọng 2
21479000,GYRV4Y89,Luân chuyển trả,OTHER,Chưa đóng kiện,6_12,(KHO) Bắc Cam Ranh
21377000,GYRKUTH3,Luân chuyển giao,SHOPEE,Chưa đóng kiện,24_36,(LDO) Đơn Dương
21456000,GYRKEUWF,Luân chuyển giao,SHOPEE,Không cần đóng kiện,0_6,(BTH) Đức Linh
21331000,GYR3EK87,Luân chuyển giao,OTHER,Đã đóng kiện,12_24,(KHO) Cam Lâm 1
21331000,GYR3P6T9,Luân chuyển giao,OTHER,Đã đóng kiện,12_24,(KHO) Cam Lâm 1
21331000,VNGH80270519810,Luân chuyển giao,TTS,Đã đóng kiện,12_24,(KHO) Cam Lâm 1
21331000,GYR3YLHC,Luân chuyển giao,SHOPEE,Đã đóng kiện,12_24,(KHO) Cam Lâm 1
21537000,GYR6Q8PH,Luân chuyển trả,OTHER,Chưa đóng kiện,6_12,(LDO) Lâm Viên - Đà Lạt 2
21479000,GYR6GKW3,Luân chuyển trả,OTHER,Chưa đóng kiện,6_12,(KHO) Bắc Cam Ranh
21537000,GYR6LYPD,Luân chuyển trả,OTHER,Chưa đóng kiện,6_12,(LDO) Lâm Viên - Đà Lạt 2
21594000,VNGH80796149907,Luân chuyển giao,TTS,Chưa đóng kiện,0_6,(BTH) Phước Hội
21479000,GYR6CKFR,Luân chuyển trả,OTHER,Chưa đóng kiện,6_12,(KHO) Bắc Cam Ranh
21537000,GYR6FFRY,Luân chuyển trả,OTHER,Chưa đóng kiện,6_12,(LDO) Lâm Viên - Đà Lạt 2
21479000,GYR66T49,Luân chuyển trả,OTHER,Chưa đóng kiện,6_12,(KHO) Bắc Cam Ranh
21537000,GYRGQY4U,Luân chuyển trả,SHOPEE,Chưa đóng kiện,6_12,(LDO) Lâm Viên - Đà Lạt 2
21479000,GYR643NU,Luân chuyển trả,OTHER,Chưa đóng kiện,6_12,(KHO) Bắc Cam Ranh
21479000,GYR6EL8L,Luân chuyển trả,OTHER,Chưa đóng kiện,6_12,(KHO) Bắc Cam Ranh
21479000,GYRNQQFX,Luân chuyển trả,OTHER,Chưa đóng kiện,6_12,(KHO) Bắc Cam Ranh
21456000,GYRURAFP,Luân chuyển trả,OTHER,Đã đóng kiện,6_12,(BTH) Đức Linh
21479000,GYRNLVUC,Luân chuyển trả,OTHER,Chưa đóng kiện,6_12,(KHO) Bắc Cam Ranh
21516000,GYRVA946,Luân chuyển trả,OTHER,Không cần đóng kiện,6_12,(LDO) Đức Trọng 2
21516000,GYRV8LWU,Luân chuyển trả,OTHER,Chưa đóng kiện,6_12,(LDO) Đức Trọng 2
21516000,GYR6QDL3,Luân chuyển trả,OTHER,Chưa đóng kiện,6_12,(LDO) Đức Trọng 2
21594000,VNGH80700499908,Luân chuyển giao,TTS,Chưa đóng kiện,0_6,(BTH) Phước Hội
21594000,VNGH80700299908,Luân chuyển giao,TTS,Chưa đóng kiện,0_6,(BTH) Phước Hội
21594000,VNGH80737749907,Luân chuyển giao,TTS,Chưa đóng kiện,0_6,(BTH) Phước Hội
21594000,VNGH80696949907,Luân chuyển giao,TTS,Chưa đóng kiện,0_6,(BTH) Phước Hội
21456000,GYR9TFPT,Luân chuyển trả,OTHER,Đã đóng kiện,6_12,(BTH) Đức Linh
22048000,GYYXBQBY,Luân chuyển trả,OTHER,Chưa đóng kiện,6_12,(DNO) Đông Gia Nghĩa
21537000,GYYE3KFA,Luân chuyển trả,OTHER,Chưa đóng kiện,6_12,(LDO) Lâm Viên - Đà Lạt 2
21569000,GYRVM8KE,Luân chuyển trả,OTHER,Chưa đóng kiện,6_12,(KHO) Đông Ninh Hòa
22048000,GYRU4QKR,Luân chuyển trả,OTHER,Chưa đóng kiện,6_12,(DNO) Đông Gia Nghĩa
21687000,GYR4DB86,Luân chuyển giao,OTHER,Chưa đóng kiện,0_6,(LDO) Lang Biang - Đà Lạt 2
21687000,GYRL87CQ,Luân chuyển trả,OTHER,Chưa đóng kiện,6_12,(LDO) Lang Biang - Đà Lạt 2
21331000,GYR46LNG,Luân chuyển giao,OTHER,Đã đóng kiện,12_24,(KHO) Cam Lâm 1
20320000,GYR3LQCE,Luân chuyển trả,SHOPEE,Không cần đóng kiện,6_12,(KHO) Tây Nha Trang
20499000,GYRWTPKN,Luân chuyển giao,OTHER,Chưa đóng kiện,6_12,(NTH) Phước Dinh
2399,GYR3AAM3_PR,Luân chuyển giao,OTHER,Chưa đóng kiện,12_24,(KHO) Bắc Nha Trang
21126000,GYRW486K,Luân chuyển giao,OTHER,Chưa đóng kiện,12_24,(LDO) Xuân Hương - Đà Lạt
21377000,GYR768D7,Luân chuyển trả,OTHER,Chưa đóng kiện,36_48,(LDO) Đơn Dương
21479000,GYRNF6HK,Luân chuyển trả,OTHER,Chưa đóng kiện,6_12,(KHO) Bắc Cam Ranh
21516000,GYR6LHFB,Luân chuyển trả,OTHER,Chưa đóng kiện,6_12,(LDO) Đức Trọng 2
21594000,VNGH80425349907,Luân chuyển giao,TTS,Chưa đóng kiện,0_6,(BTH) Phước Hội
21537000,GYRVC3PP,Luân chuyển trả,OTHER,Chưa đóng kiện,6_12,(LDO) Lâm Viên - Đà Lạt 2
22048000,GYR99EMV,Luân chuyển trả,OTHER,Chưa đóng kiện,6_12,(DNO) Đông Gia Nghĩa
21331000,VNGH80558119810,Luân chuyển giao,TTS,Đã đóng kiện,12_24,(KHO) Cam Lâm 1
21331000,GYYMFQUT,Luân chuyển trả,OTHER,Đã đóng kiện,24_36,(KHO) Cam Lâm 1
21456000,GYRVU6QR,Luân chuyển trả,OTHER,Đã đóng kiện,6_12,(BTH) Đức Linh
21456000,GYRVCKDG,Luân chuyển trả,OTHER,Đã đóng kiện,6_12,(BTH) Đức Linh
21456000,GYRVNHLR,Luân chuyển trả,OTHER,Đã đóng kiện,6_12,(BTH) Đức Linh
21456000,S1636033109O32857,Luân chuyển trả,OTHER,Đã đóng kiện,6_12,(BTH) Đức Linh
21456000,GYRVERYB,Luân chuyển trả,OTHER,Đã đóng kiện,6_12,(BTH) Đức Linh
21456000,GYR6Q8U3,Luân chuyển trả,OTHER,Đã đóng kiện,6_12,(BTH) Đức Linh
21456000,GYR6F4DW,Luân chuyển trả,OTHER,Đã đóng kiện,6_12,(BTH) Đức Linh
21456000,GYR6UPTC,Luân chuyển trả,OTHER,Đã đóng kiện,6_12,(BTH) Đức Linh
21456000,GYR6EYG4,Luân chuyển trả,OTHER,Đã đóng kiện,6_12,(BTH) Đức Linh
21456000,GYRN9EGP,Luân chuyển trả,OTHER,Đã đóng kiện,6_12,(BTH) Đức Linh
21456000,GYRNBFCK,Luân chuyển trả,OTHER,Đã đóng kiện,6_12,(BTH) Đức Linh
21331000,GYR97WNT,Luân chuyển trả,OTHER,Đã đóng kiện,24_36,(KHO) Cam Lâm 1
21456000,GYRNBB6W,Luân chuyển trả,OTHER,Đã đóng kiện,6_12,(BTH) Đức Linh
21331000,GYR9WHMA,Luân chuyển trả,OTHER,Đã đóng kiện,24_36,(KHO) Cam Lâm 1
21456000,GYRDK78C,Luân chuyển trả,OTHER,Đã đóng kiện,6_12,(BTH) Đức Linh
21331000,GYR9XCHU,Luân chuyển trả,OTHER,Đã đóng kiện,24_36,(KHO) Cam Lâm 1
21456000,VNGH80729319803,Luân chuyển trả,TTS,Đã đóng kiện,6_12,(BTH) Đức Linh
21331000,GYRVDARE,Luân chuyển trả,OTHER,Đã đóng kiện,24_36,(KHO) Cam Lâm 1
21456000,VNGH80766109801,Luân chuyển trả,TTS,Đã đóng kiện,6_12,(BTH) Đức Linh
21331000,GYRVAX38,Luân chuyển trả,OTHER,Đã đóng kiện,24_36,(KHO) Cam Lâm 1
21456000,VNGH80832819710,Luân chuyển trả,TTS,Đã đóng kiện,6_12,(BTH) Đức Linh
21331000,GYRV8TA3,Luân chuyển trả,OTHER,Đã đóng kiện,24_36,(KHO) Cam Lâm 1
21456000,VNGH80423949709,Luân chuyển trả,TTS,Đã đóng kiện,6_12,(BTH) Đức Linh
21331000,GYR6VFLW,Luân chuyển trả,OTHER,Đã đóng kiện,24_36,(KHO) Cam Lâm 1
21456000,VNGH80458809709,Luân chuyển trả,TTS,Đã đóng kiện,6_12,(BTH) Đức Linh
21456000,VNGH80633979804,Luân chuyển trả,TTS,Đã đóng kiện,6_12,(BTH) Đức Linh
21456000,VNGH80989749803,Luân chuyển trả,TTS,Chưa đóng kiện,6_12,(BTH) Đức Linh
21331000,GYR66H34,Luân chuyển trả,OTHER,Đã đóng kiện,24_36,(KHO) Cam Lâm 1
21456000,VNGH80262429705,Luân chuyển trả,TTS,Đã đóng kiện,6_12,(BTH) Đức Linh
21456000,VNGH80415509705,Luân chuyển trả,TTS,Chưa đóng kiện,6_12,(BTH) Đức Linh
21456000,VNGH80460489704,Luân chuyển trả,TTS,Đã đóng kiện,6_12,(BTH) Đức Linh
21456000,VNGH80869089803,Luân chuyển trả,TTS,Đã đóng kiện,6_12,(BTH) Đức Linh
21456000,VNGH80423549802,Luân chuyển trả,TTS,Đã đóng kiện,6_12,(BTH) Đức Linh
21456000,VNGH80669349609,Luân chuyển trả,TTS,Chưa đóng kiện,6_12,(BTH) Đức Linh
21456000,VNGH80808129704,Luân chuyển trả,TTS,Đã đóng kiện,6_12,(BTH) Đức Linh
21456000,VNGH80849539801,Luân chuyển trả,TTS,Đã đóng kiện,6_12,(BTH) Đức Linh
21331000,GYR66AGF,Luân chuyển trả,OTHER,Đã đóng kiện,24_36,(KHO) Cam Lâm 1
21456000,VNGH80096539801,Luân chuyển trả,TTS,Đã đóng kiện,6_12,(BTH) Đức Linh
21331000,VNGH80945359705,Luân chuyển trả,TTS,Đã đóng kiện,24_36,(KHO) Cam Lâm 1
21456000,VNGH80767649801,Luân chuyển trả,TTS,Đã đóng kiện,6_12,(BTH) Đức Linh
21331000,VNGH80412339706,Luân chuyển trả,TTS,Đã đóng kiện,24_36,(KHO) Cam Lâm 1
21456000,VNGH80024829609,Luân chuyển trả,TTS,Chưa đóng kiện,6_12,(BTH) Đức Linh
21331000,VNGH80701209705,Luân chuyển trả,TTS,Đã đóng kiện,24_36,(KHO) Cam Lâm 1
21456000,GYRN76VW,Luân chuyển trả,OTHER,Đã đóng kiện,6_12,(BTH) Đức Linh
21331000,VNGH80086059702,Luân chuyển trả,TTS,Đã đóng kiện,24_36,(KHO) Cam Lâm 1
21456000,GYRP9973,Luân chuyển trả,SHOPEE,Đã đóng kiện,6_12,(BTH) Đức Linh
21331000,VNGH80366159702,Luân chuyển trả,TTS,Đã đóng kiện,24_36,(KHO) Cam Lâm 1
21456000,GYR39UM4,Luân chuyển trả,SHOPEE,Đã đóng kiện,6_12,(BTH) Đức Linh
21331000,GYRD7CXB,Luân chuyển trả,SHOPEE,Không cần đóng kiện,36_48,(KHO) Cam Lâm 1
21456000,GYR68RDG,Luân chuyển trả,OTHER,Đã đóng kiện,6_12,(BTH) Đức Linh
21456000,GYR4PTEX,Luân chuyển trả,OTHER,Đã đóng kiện,6_12,(BTH) Đức Linh
21456000,GYRBFQYY,Luân chuyển trả,SHOPEE,Đã đóng kiện,6_12,(BTH) Đức Linh
21722000,GYYUDHHW,Luân chuyển trả,OTHER,Chưa đóng kiện,6_12,(KHO) Tu Bông
21456000,GYRBB6A8,Luân chuyển trả,OTHER,Đã đóng kiện,6_12,(BTH) Đức Linh
21456000,GYR3BLH8,Luân chuyển trả,SHOPEE,Không cần đóng kiện,6_12,(BTH) Đức Linh
21126000,GYRW4BHB,Luân chuyển giao,OTHER,Chưa đóng kiện,12_24,(LDO) Xuân Hương - Đà Lạt
2399,GYRK733M,Luân chuyển giao,SHOPEE,Không cần đóng kiện,12_24,(KHO) Bắc Nha Trang
20499000,GYRWTVVD,Luân chuyển giao,OTHER,Chưa đóng kiện,6_12,(NTH) Phước Dinh
21377000,GYRG768U,Luân chuyển trả,SHOPEE,Chưa đóng kiện,36_48,(LDO) Đơn Dương
21687000,GYRF97ED,Luân chuyển trả,OTHER,Chưa đóng kiện,6_12,(LDO) Lang Biang - Đà Lạt 2
21479000,GYRNCXGQ,Luân chuyển trả,OTHER,Chưa đóng kiện,6_12,(KHO) Bắc Cam Ranh
21516000,GYR64VW9,Luân chuyển trả,OTHER,Chưa đóng kiện,6_12,(LDO) Đức Trọng 2
22086000,GYRN8CXF,Luân chuyển trả,SHOPEE,Chưa đóng kiện,0_6,(DNO) Trường Xuân
21594000,GYRQKD8K,Luân chuyển trả,OTHER,Chưa đóng kiện,6_12,(BTH) Phước Hội
22048000,GYR9D7NV,Luân chuyển trả,OTHER,Chưa đóng kiện,6_12,(DNO) Đông Gia Nghĩa
21537000,GYRVMNMC,Luân chuyển trả,OTHER,Chưa đóng kiện,6_12,(LDO) Lâm Viên - Đà Lạt 2
21688000,GYRNVDLE,Luân chuyển trả,OTHER,Chưa đóng kiện,0_6,(LDO) 1 Bảo Lộc
20320000,GYR38N98,Luân chuyển trả,SHOPEE,Chưa đóng kiện,6_12,(KHO) Tây Nha Trang
21569000,GYR6QPBP,Luân chuyển trả,OTHER,Chưa đóng kiện,6_12,(KHO) Đông Ninh Hòa
21331000,GYR6RREM,Luân chuyển trả,SHOPEE,Đã đóng kiện,36_48,(KHO) Cam Lâm 1
21722000,GYR9VU3T,Luân chuyển trả,OTHER,Chưa đóng kiện,6_12,(KHO) Tu Bông
21331000,GYRPRM4H,Luân chuyển trả,OTHER,Đã đóng kiện,36_48,(KHO) Cam Lâm 1
21331000,GYRBHT3V,Luân chuyển trả,OTHER,Đã đóng kiện,36_48,(KHO) Cam Lâm 1
21331000,GYRDBNVP,Luân chuyển trả,OTHER,Không cần đóng kiện,36_48,(KHO) Cam Lâm 1
21331000,GYR6UVGH,Luân chuyển trả,OTHER,Đã đóng kiện,36_48,(KHO) Cam Lâm 1
21331000,GYRKCF8F,Luân chuyển giao,OTHER,Không cần đóng kiện,36_48,(KHO) Cam Lâm 1
21331000,GYRP6HUV,Luân chuyển trả,SHOPEE,Không cần đóng kiện,36_48,(KHO) Cam Lâm 1
21331000,GYRBWCTB,Luân chuyển trả,SHOPEE,Đã đóng kiện,36_48,(KHO) Cam Lâm 1
21331000,GYRDD7E3,Luân chuyển trả,OTHER,Đã đóng kiện,36_48,(KHO) Cam Lâm 1
21331000,GYRVVPXM,Luân chuyển trả,OTHER,Đã đóng kiện,36_48,(KHO) Cam Lâm 1
21331000,GYR4NP3Q,Luân chuyển giao,OTHER,Đã đóng kiện,36_48,(KHO) Cam Lâm 1
21331000,GYR3YH8X,Luân chuyển giao,SHOPEE,Đã đóng kiện,36_48,(KHO) Cam Lâm 1
21331000,VNGH80153289905,Luân chuyển giao,TTS,Đã đóng kiện,36_48,(KHO) Cam Lâm 1
22116000,GYRW8E4A,Luân chuyển giao,OTHER,Chưa đóng kiện,0_6,(LDO) Xuân Trường - Đà Lạt
22116000,GYRW8YRK,Luân chuyển giao,OTHER,Chưa đóng kiện,0_6,(LDO) Xuân Trường - Đà Lạt
22116000,GYRW88TW,Luân chuyển giao,OTHER,Chưa đóng kiện,0_6,(LDO) Xuân Trường - Đà Lạt
22116000,GYRWYFDL,Luân chuyển giao,OTHER,Chưa đóng kiện,0_6,(LDO) Xuân Trường - Đà Lạt
22116000,GYRW8RBK,Luân chuyển giao,OTHER,Chưa đóng kiện,0_6,(LDO) Xuân Trường - Đà Lạt
22116000,GYRW8AKE,Luân chuyển giao,OTHER,Chưa đóng kiện,0_6,(LDO) Xuân Trường - Đà Lạt
22116000,GYRW8XTR,Luân chuyển giao,OTHER,Chưa đóng kiện,0_6,(LDO) Xuân Trường - Đà Lạt
22116000,GYRW8EG4,Luân chuyển giao,OTHER,Chưa đóng kiện,0_6,(LDO) Xuân Trường - Đà Lạt
22116000,GYRW8Q7W,Luân chuyển giao,OTHER,Chưa đóng kiện,0_6,(LDO) Xuân Trường - Đà Lạt
22116000,GYRWYQQK,Luân chuyển giao,OTHER,Chưa đóng kiện,0_6,(LDO) Xuân Trường - Đà Lạt
22116000,GYRW8EUV,Luân chuyển giao,OTHER,Chưa đóng kiện,0_6,(LDO) Xuân Trường - Đà Lạt
22116000,GYRW8EWK,Luân chuyển giao,OTHER,Chưa đóng kiện,0_6,(LDO) Xuân Trường - Đà Lạt
22116000,GYRW8DBL,Luân chuyển giao,OTHER,Chưa đóng kiện,0_6,(LDO) Xuân Trường - Đà Lạt
22116000,GYRW8ER4,Luân chuyển giao,OTHER,Chưa đóng kiện,0_6,(LDO) Xuân Trường - Đà Lạt
22116000,GYRWAKMN,Luân chuyển giao,OTHER,Chưa đóng kiện,0_6,(LDO) Xuân Trường - Đà Lạt
22116000,GYRW8H33,Luân chuyển giao,OTHER,Chưa đóng kiện,0_6,(LDO) Xuân Trường - Đà Lạt
22116000,GYRW8CMV,Luân chuyển giao,OTHER,Chưa đóng kiện,0_6,(LDO) Xuân Trường - Đà Lạt
22116000,GYRW8YA9,Luân chuyển giao,OTHER,Chưa đóng kiện,0_6,(LDO) Xuân Trường - Đà Lạt
22116000,GYRWADQA,Luân chuyển giao,OTHER,Chưa đóng kiện,0_6,(LDO) Xuân Trường - Đà Lạt
22116000,GYRW8EQY,Luân chuyển giao,OTHER,Chưa đóng kiện,0_6,(LDO) Xuân Trường - Đà Lạt
22116000,GYRW8RWT,Luân chuyển giao,OTHER,Chưa đóng kiện,0_6,(LDO) Xuân Trường - Đà Lạt
22116000,GYRW8EKH,Luân chuyển giao,OTHER,Chưa đóng kiện,0_6,(LDO) Xuân Trường - Đà Lạt
22116000,GYRW8AHC,Luân chuyển giao,OTHER,Chưa đóng kiện,0_6,(LDO) Xuân Trường - Đà Lạt
22116000,GYRW8XXF,Luân chuyển giao,OTHER,Chưa đóng kiện,0_6,(LDO) Xuân Trường - Đà Lạt
22086000,GYRPNCAC,Luân chuyển trả,OTHER,Chưa đóng kiện,0_6,(DNO) Trường Xuân
22116000,GYRW8EBB,Luân chuyển giao,OTHER,Chưa đóng kiện,0_6,(LDO) Xuân Trường - Đà Lạt
22086000,GYRUPN3E,Luân chuyển trả,OTHER,Chưa đóng kiện,6_12,(DNO) Trường Xuân
22116000,GYRWAPLW,Luân chuyển giao,OTHER,Chưa đóng kiện,0_6,(LDO) Xuân Trường - Đà Lạt
22086000,GYR9AA3C,Luân chuyển trả,OTHER,Chưa đóng kiện,6_12,(DNO) Trường Xuân
22116000,GYRW8YYK,Luân chuyển giao,OTHER,Chưa đóng kiện,0_6,(LDO) Xuân Trường - Đà Lạt
22086000,GYR9YVQD,Luân chuyển trả,OTHER,Không cần đóng kiện,6_12,(DNO) Trường Xuân
22116000,GYRW8GLU,Luân chuyển giao,OTHER,Chưa đóng kiện,0_6,(LDO) Xuân Trường - Đà Lạt
22086000,GYRVFRM9,Luân chuyển trả,OTHER,Chưa đóng kiện,6_12,(DNO) Trường Xuân
22116000,GYRW8HYW,Luân chuyển giao,OTHER,Chưa đóng kiện,0_6,(LDO) Xuân Trường - Đà Lạt
22086000,GYRVGHD3,Luân chuyển trả,OTHER,Chưa đóng kiện,6_12,(DNO) Trường Xuân
22086000,GYRVU83R,Luân chuyển trả,OTHER,Chưa đóng kiện,6_12,(DNO) Trường Xuân
22086000,GYRVV9PV,Luân chuyển trả,OTHER,Chưa đóng kiện,6_12,(DNO) Trường Xuân
21331000,GYRPLFXE_PR,Luân chuyển giao,OTHER,Đã đóng kiện,36_48,(KHO) Cam Lâm 1
21331000,GYR6RTM9,Luân chuyển trả,OTHER,Đã đóng kiện,36_48,(KHO) Cam Lâm 1
21331000,GYRPAVXC,Luân chuyển giao,OTHER,Đã đóng kiện,36_48,(KHO) Cam Lâm 1
22116000,GYRW8EM9,Luân chuyển giao,OTHER,Chưa đóng kiện,0_6,(LDO) Xuân Trường - Đà Lạt
22116000,GYRW863V,Luân chuyển giao,OTHER,Chưa đóng kiện,0_6,(LDO) Xuân Trường - Đà Lạt
22116000,GYRW8X8F,Luân chuyển giao,OTHER,Chưa đóng kiện,0_6,(LDO) Xuân Trường - Đà Lạt
22116000,GYRW8F44,Luân chuyển giao,OTHER,Chưa đóng kiện,0_6,(LDO) Xuân Trường - Đà Lạt
22116000,GYRWAUCE,Luân chuyển giao,OTHER,Chưa đóng kiện,0_6,(LDO) Xuân Trường - Đà Lạt
22116000,GYRW883H,Luân chuyển giao,OTHER,Chưa đóng kiện,0_6,(LDO) Xuân Trường - Đà Lạt
22116000,GYRW8EH9,Luân chuyển giao,OTHER,Chưa đóng kiện,0_6,(LDO) Xuân Trường - Đà Lạt
22116000,GYRW8EH7,Luân chuyển giao,OTHER,Chưa đóng kiện,0_6,(LDO) Xuân Trường - Đà Lạt
21331000,GYRD73YB,Luân chuyển trả,SHOPEE,Đã đóng kiện,48_72,(KHO) Cam Lâm 1
21331000,GYRVXVY8,Luân chuyển trả,OTHER,Chưa đóng kiện,48_72,(KHO) Cam Lâm 1
21331000,VNGH80135229809,Luân chuyển giao,TTS,Đã đóng kiện,48_72,(KHO) Cam Lâm 1
21331000,GYRNFFDW,Luân chuyển trả,OTHER,Đã đóng kiện,48_72,(KHO) Cam Lâm 1
21331000,VNGH80245309610,Luân chuyển trả,TTS,Không cần đóng kiện,72_96,(KHO) Cam Lâm 1
21331000,VNGH80914609607,Luân chuyển trả,TTS,Chưa đóng kiện,96_120,(KHO) Cam Lâm 1
21331000,GYR9VEDD,Luân chuyển trả,OTHER,Không cần đóng kiện,96_120,(KHO) Cam Lâm 1
22086000,GYRVE6KX,Luân chuyển trả,OTHER,Không cần đóng kiện,6_12,(DNO) Trường Xuân
2399,GYRDC37T,Luân chuyển trả,OTHER,Chưa đóng kiện,12_24,(KHO) Bắc Nha Trang
22086000,GYR67V9B,Luân chuyển trả,OTHER,Chưa đóng kiện,6_12,(DNO) Trường Xuân
2399,GYR3GPF7_PR,Luân chuyển giao,OTHER,Chưa đóng kiện,12_24,(KHO) Bắc Nha Trang
2399,GYRK7KNH,Luân chuyển giao,OTHER,Chưa đóng kiện,12_24,(KHO) Bắc Nha Trang
2399,GYRKMPGT,Luân chuyển giao,OTHER,Chưa đóng kiện,12_24,(KHO) Bắc Nha Trang
22086000,GYR67V93,Luân chuyển trả,OTHER,Chưa đóng kiện,6_12,(DNO) Trường Xuân
2399,GYR3XDYQ,Luân chuyển trả,OTHER,Chưa đóng kiện,12_24,(KHO) Bắc Nha Trang
2399,VNGH80618479908,Luân chuyển giao,TTS,Chưa đóng kiện,12_24,(KHO) Bắc Nha Trang
22086000,GYR66XFM,Luân chuyển trả,OTHER,Chưa đóng kiện,6_12,(DNO) Trường Xuân
2399,GYRDP3YB,Luân chuyển giao,OTHER,Không cần đóng kiện,24_36,(KHO) Bắc Nha Trang
22116000,GYRW8YMA,Luân chuyển giao,OTHER,Chưa đóng kiện,0_6,(LDO) Xuân Trường - Đà Lạt
2399,GYRNWEYR,Luân chuyển trả,SHOPEE,Chưa đóng kiện,24_36,(KHO) Bắc Nha Trang
21722000,GYR9TUQH,Luân chuyển trả,OTHER,Chưa đóng kiện,6_12,(KHO) Tu Bông
22051000,GYRF9LCV,Luân chuyển trả,OTHER,Chưa đóng kiện,6_12,(LDO) Lang Biang - Đà Lạt 1
21537000,GYR66UXM,Luân chuyển trả,OTHER,Chưa đóng kiện,6_12,(LDO) Lâm Viên - Đà Lạt 2
21126000,GYRW4K7X,Luân chuyển giao,OTHER,Chưa đóng kiện,12_24,(LDO) Xuân Hương - Đà Lạt
22048000,GYR934PF,Luân chuyển trả,OTHER,Chưa đóng kiện,6_12,(DNO) Đông Gia Nghĩa
20499000,GYRWTPH7,Luân chuyển giao,OTHER,Chưa đóng kiện,6_12,(NTH) Phước Dinh
21594000,GYRUPDCR,Luân chuyển trả,OTHER,Chưa đóng kiện,6_12,(BTH) Phước Hội
21377000,GYRCETBU,Luân chuyển trả,SHOPEE,Không cần đóng kiện,36_48,(LDO) Đơn Dương
21479000,GYRNDD73,Luân chuyển trả,OTHER,Chưa đóng kiện,6_12,(KHO) Bắc Cam Ranh
21687000,GYR7NMBT,Luân chuyển trả,OTHER,Chưa đóng kiện,6_12,(LDO) Lang Biang - Đà Lạt 2
21688000,GYRLQM89,Luân chuyển trả,OTHER,Chưa đóng kiện,6_12,(LDO) 1 Bảo Lộc
21569000,GYR67NHP,Luân chuyển trả,OTHER,Chưa đóng kiện,6_12,(KHO) Đông Ninh Hòa
22086000,GYR6BUF6,Luân chuyển trả,OTHER,Chưa đóng kiện,6_12,(DNO) Trường Xuân
22086000,GYRN37PD,Luân chuyển trả,OTHER,Chưa đóng kiện,6_12,(DNO) Trường Xuân
22086000,GYRD739D,Luân chuyển trả,OTHER,Chưa đóng kiện,6_12,(DNO) Trường Xuân
22086000,VNGH80196849804,Luân chuyển trả,TTS,Chưa đóng kiện,6_12,(DNO) Trường Xuân
22086000,VNGH80704749707,Luân chuyển trả,TTS,Chưa đóng kiện,6_12,(DNO) Trường Xuân
22086000,VNGH80863029803,Luân chuyển trả,TTS,Chưa đóng kiện,6_12,(DNO) Trường Xuân
22086000,VNGH80906799704,Luân chuyển trả,TTS,Chưa đóng kiện,6_12,(DNO) Trường Xuân
22086000,VNGH80264079708,Luân chuyển trả,TTS,Không cần đóng kiện,6_12,(DNO) Trường Xuân
2399,NVS857652175_PR,Luân chuyển giao,OTHER,Chưa đóng kiện,36_48,(KHO) Bắc Nha Trang
22086000,VNGH80525439706,Luân chuyển trả,TTS,Chưa đóng kiện,6_12,(DNO) Trường Xuân
22086000,VNGH80822369701,Luân chuyển trả,TTS,Chưa đóng kiện,6_12,(DNO) Trường Xuân
22086000,GYRBGV8F,Luân chuyển trả,SHOPEE,Chưa đóng kiện,12_24,(DNO) Trường Xuân
22086000,GYRBE6NH,Luân chuyển trả,SHOPEE,Chưa đóng kiện,12_24,(DNO) Trường Xuân
22086000,GYRPEYDK,Luân chuyển trả,OTHER,Chưa đóng kiện,12_24,(DNO) Trường Xuân
22086000,GYR67GML_PR,Luân chuyển giao,OTHER,Chưa đóng kiện,12_24,(DNO) Trường Xuân
22086000,GYRGX3YK,Luân chuyển trả,OTHER,Không cần đóng kiện,12_24,(DNO) Trường Xuân
22086000,GYR9AWL7,Luân chuyển trả,OTHER,Không cần đóng kiện,24_36,(DNO) Trường Xuân
22086000,GYRNAAYK,Luân chuyển trả,SHOPEE,Chưa đóng kiện,24_36,(DNO) Trường Xuân
22086000,GYRNAAEN,Luân chuyển trả,SHOPEE,Chưa đóng kiện,24_36,(DNO) Trường Xuân
22086000,GYRVLP9N,Luân chuyển trả,SHOPEE,Không cần đóng kiện,36_48,(DNO) Trường Xuân
22086000,GYRV7TDK,Luân chuyển trả,SHOPEE,Không cần đóng kiện,36_48,(DNO) Trường Xuân
22086000,GYRDL94B,Luân chuyển trả,SHOPEE,Chưa đóng kiện,36_48,(DNO) Trường Xuân
22086000,VNGH80752119608,Luân chuyển trả,TTS,Không cần đóng kiện,48_72,(DNO) Trường Xuân
22086000,VNGH80156329606,Luân chuyển trả,TTS,Không cần đóng kiện,48_72,(DNO) Trường Xuân
22086000,GYRV4FR7,Luân chuyển trả,OTHER,Chưa đóng kiện,48_72,(DNO) Trường Xuân
21377000,GYRVK89T,Luân chuyển trả,OTHER,Chưa đóng kiện,36_48,(LDO) Đơn Dương
21479000,VNGH80697989607,Luân chuyển trả,TTS,Chưa đóng kiện,6_12,(KHO) Bắc Cam Ranh
21537000,GYRNGEMW,Luân chuyển trả,OTHER,Chưa đóng kiện,6_12,(LDO) Lâm Viên - Đà Lạt 2
21687000,GYRGDW89,Luân chuyển trả,OTHER,Chưa đóng kiện,6_12,(LDO) Lang Biang - Đà Lạt 2
21377000,GYRDDRQK,Luân chuyển trả,SHOPEE,Không cần đóng kiện,36_48,(LDO) Đơn Dương
21687000,GYRG4936,Luân chuyển trả,OTHER,Chưa đóng kiện,6_12,(LDO) Lang Biang - Đà Lạt 2
21126000,GYRW4GFM,Luân chuyển giao,OTHER,Chưa đóng kiện,12_24,(LDO) Xuân Hương - Đà Lạt
21688000,GYRC4VCD,Luân chuyển trả,OTHER,Chưa đóng kiện,6_12,(LDO) 1 Bảo Lộc
22048000,GYR9TKCR,Luân chuyển trả,OTHER,Chưa đóng kiện,6_12,(DNO) Đông Gia Nghĩa
21688000,GYR98XH3,Luân chuyển trả,OTHER,Chưa đóng kiện,6_12,(LDO) 1 Bảo Lộc
22048000,GYRVQEYH,Luân chuyển trả,OTHER,Chưa đóng kiện,6_12,(DNO) Đông Gia Nghĩa
21479000,VNGH80069649609,Luân chuyển trả,TTS,Chưa đóng kiện,6_12,(KHO) Bắc Cam Ranh
21479000,GYRNLUFV,Luân chuyển trả,SHOPEE,Chưa đóng kiện,6_12,(KHO) Bắc Cam Ranh
21537000,GYRN4P47,Luân chuyển trả,SHOPEE,Chưa đóng kiện,6_12,(LDO) Lâm Viên - Đà Lạt 2
21537000,GYRNKXUN,Luân chuyển trả,SHOPEE,Không cần đóng kiện,6_12,(LDO) Lâm Viên - Đà Lạt 2
21537000,GYRNRRPT,Luân chuyển trả,SHOPEE,Chưa đóng kiện,6_12,(LDO) Lâm Viên - Đà Lạt 2
21537000,GYRD7N6Y,Luân chuyển trả,SHOPEE,Không cần đóng kiện,6_12,(LDO) Lâm Viên - Đà Lạt 2
21126000,GYRW4LY7,Luân chuyển giao,OTHER,Chưa đóng kiện,12_24,(LDO) Xuân Hương - Đà Lạt
21126000,GYRW4T7N,Luân chuyển giao,OTHER,Chưa đóng kiện,12_24,(LDO) Xuân Hương - Đà Lạt
21126000,GYRW49DP,Luân chuyển giao,OTHER,Chưa đóng kiện,12_24,(LDO) Xuân Hương - Đà Lạt
21479000,GYRD7F6L,Luân chuyển trả,SHOPEE,Chưa đóng kiện,6_12,(KHO) Bắc Cam Ranh
21479000,GYRBQH6P,Luân chuyển trả,SHOPEE,Chưa đóng kiện,6_12,(KHO) Bắc Cam Ranh
21479000,GYR64YEU,Luân chuyển trả,SHOPEE,Chưa đóng kiện,6_12,(KHO) Bắc Cam Ranh
21537000,GYRDPU3A,Luân chuyển trả,SHOPEE,Không cần đóng kiện,6_12,(LDO) Lâm Viên - Đà Lạt 2
21537000,GYRDKR9R,Luân chuyển trả,OTHER,Chưa đóng kiện,6_12,(LDO) Lâm Viên - Đà Lạt 2
21126000,GYRW4DXK,Luân chuyển giao,OTHER,Chưa đóng kiện,12_24,(LDO) Xuân Hương - Đà Lạt
21126000,GYRW4WCT,Luân chuyển giao,OTHER,Chưa đóng kiện,12_24,(LDO) Xuân Hương - Đà Lạt
21688000,GYR9Y6Y4,Luân chuyển trả,OTHER,Chưa đóng kiện,6_12,(LDO) 1 Bảo Lộc
21688000,GYRVF8L9,Luân chuyển trả,OTHER,Chưa đóng kiện,6_12,(LDO) 1 Bảo Lộc
21688000,GYRVUU8G,Luân chuyển trả,OTHER,Chưa đóng kiện,6_12,(LDO) 1 Bảo Lộc
21688000,GYRVKWG4,Luân chuyển trả,OTHER,Chưa đóng kiện,6_12,(LDO) 1 Bảo Lộc
21688000,GYRVA7DG,Luân chuyển trả,OTHER,Chưa đóng kiện,6_12,(LDO) 1 Bảo Lộc
21688000,GYR6L894,Luân chuyển trả,OTHER,Chưa đóng kiện,6_12,(LDO) 1 Bảo Lộc
21688000,GYR6C7UY,Luân chuyển trả,OTHER,Chưa đóng kiện,6_12,(LDO) 1 Bảo Lộc
21688000,GYR693CX,Luân chuyển trả,OTHER,Chưa đóng kiện,6_12,(LDO) 1 Bảo Lộc
21688000,GYR69YWL,Luân chuyển trả,OTHER,Chưa đóng kiện,6_12,(LDO) 1 Bảo Lộc
21688000,VNGH80602909710,Luân chuyển trả,TTS,Chưa đóng kiện,6_12,(LDO) 1 Bảo Lộc
21688000,VNGH80101159710,Luân chuyển trả,TTS,Chưa đóng kiện,6_12,(LDO) 1 Bảo Lộc
21688000,VNGH80306029710,Luân chuyển trả,TTS,Chưa đóng kiện,6_12,(LDO) 1 Bảo Lộc
21688000,VNGH80066779710,Luân chuyển trả,TTS,Chưa đóng kiện,6_12,(LDO) 1 Bảo Lộc
21688000,VNGH80079969705,Luân chuyển trả,TTS,Chưa đóng kiện,6_12,(LDO) 1 Bảo Lộc
21687000,GYRGAE7X,Luân chuyển trả,OTHER,Chưa đóng kiện,6_12,(LDO) Lang Biang - Đà Lạt 2
21688000,VNGH80764109705,Luân chuyển trả,TTS,Chưa đóng kiện,6_12,(LDO) 1 Bảo Lộc
21687000,GYRUC79H,Luân chuyển trả,OTHER,Chưa đóng kiện,6_12,(LDO) Lang Biang - Đà Lạt 2
21688000,VNGH80084019708,Luân chuyển trả,TTS,Chưa đóng kiện,6_12,(LDO) 1 Bảo Lộc
21688000,VNGH80713489708,Luân chuyển trả,TTS,Chưa đóng kiện,6_12,(LDO) 1 Bảo Lộc
21377000,GYR6EQ69,Luân chuyển trả,SHOPEE,Không cần đóng kiện,36_48,(LDO) Đơn Dương
21687000,GYRUVDWD,Luân chuyển trả,OTHER,Chưa đóng kiện,6_12,(LDO) Lang Biang - Đà Lạt 2
21688000,VNGH80835549703,Luân chuyển trả,TTS,Chưa đóng kiện,6_12,(LDO) 1 Bảo Lộc
21687000,GYRUP7UH,Luân chuyển trả,OTHER,Chưa đóng kiện,6_12,(LDO) Lang Biang - Đà Lạt 2
21377000,GYRVUEL3,Luân chuyển trả,OTHER,Chưa đóng kiện,36_48,(LDO) Đơn Dương
21688000,VNGH80262399703,Luân chuyển trả,TTS,Chưa đóng kiện,6_12,(LDO) 1 Bảo Lộc
21377000,GYRV3KG6,Luân chuyển trả,OTHER,Chưa đóng kiện,36_48,(LDO) Đơn Dương
21688000,GYRNMPU3,Luân chuyển trả,OTHER,Chưa đóng kiện,6_12,(LDO) 1 Bảo Lộc
21537000,GYRC6K4H,Luân chuyển trả,OTHER,Chưa đóng kiện,6_12,(LDO) Lâm Viên - Đà Lạt 2
21377000,GYRQER6A,Luân chuyển trả,OTHER,Chưa đóng kiện,48_72,(LDO) Đơn Dương
21537000,GYRB9C7F,Luân chuyển trả,SHOPEE,Chưa đóng kiện,6_12,(LDO) Lâm Viên - Đà Lạt 2
21377000,GYRU4X4M,Luân chuyển trả,OTHER,Không cần đóng kiện,72_96,(LDO) Đơn Dương
21537000,GYRBE8MN,Luân chuyển trả,OTHER,Chưa đóng kiện,6_12,(LDO) Lâm Viên - Đà Lạt 2
21537000,GYRBAABD,Luân chuyển trả,OTHER,Chưa đóng kiện,6_12,(LDO) Lâm Viên - Đà Lạt 2
21537000,GYR3798P_PR,Luân chuyển giao,OTHER,Chưa đóng kiện,12_24,(LDO) Lâm Viên - Đà Lạt 2
21126000,GYRW49EM,Luân chuyển giao,OTHER,Chưa đóng kiện,12_24,(LDO) Xuân Hương - Đà Lạt
21126000,GYRW4XBG,Luân chuyển giao,OTHER,Chưa đóng kiện,12_24,(LDO) Xuân Hương - Đà Lạt
21126000,GYRWTAU4,Luân chuyển giao,OTHER,Chưa đóng kiện,12_24,(LDO) Xuân Hương - Đà Lạt
21126000,GYRW3XDW,Luân chuyển giao,OTHER,Chưa đóng kiện,12_24,(LDO) Xuân Hương - Đà Lạt
21479000,GYRPNDVY,Luân chuyển trả,OTHER,Chưa đóng kiện,6_12,(KHO) Bắc Cam Ranh
21479000,GYRUQUFY,Luân chuyển trả,OTHER,Chưa đóng kiện,6_12,(KHO) Bắc Cam Ranh
21479000,GYRDRA37,Luân chuyển trả,SHOPEE,Chưa đóng kiện,6_12,(KHO) Bắc Cam Ranh
21479000,GYRUKABR,Luân chuyển trả,OTHER,Chưa đóng kiện,6_12,(KHO) Bắc Cam Ranh
21479000,GYRUXWK6,Luân chuyển trả,OTHER,Chưa đóng kiện,6_12,(KHO) Bắc Cam Ranh
21479000,GYR99R7L,Luân chuyển trả,OTHER,Chưa đóng kiện,6_12,(KHO) Bắc Cam Ranh
21479000,GYR93VKT,Luân chuyển trả,OTHER,Chưa đóng kiện,6_12,(KHO) Bắc Cam Ranh
21479000,GYRVQFLW,Luân chuyển trả,OTHER,Chưa đóng kiện,6_12,(KHO) Bắc Cam Ranh
21479000,GYRVHGXF,Luân chuyển trả,SHOPEE,Chưa đóng kiện,6_12,(KHO) Bắc Cam Ranh
21479000,GYRVE8LW,Luân chuyển trả,OTHER,Chưa đóng kiện,6_12,(KHO) Bắc Cam Ranh
21479000,GYRV8G4Y,Luân chuyển trả,SHOPEE,Không cần đóng kiện,6_12,(KHO) Bắc Cam Ranh
21479000,GYRV83KQ,Luân chuyển trả,SHOPEE,Không cần đóng kiện,6_12,(KHO) Bắc Cam Ranh
21479000,GYRNAHMF,Luân chuyển trả,SHOPEE,Chưa đóng kiện,6_12,(KHO) Bắc Cam Ranh
21479000,GYRBLGAC,Luân chuyển trả,SHOPEE,Không cần đóng kiện,6_12,(KHO) Bắc Cam Ranh
21479000,GYR3DKQK,Luân chuyển trả,SHOPEE,Không cần đóng kiện,6_12,(KHO) Bắc Cam Ranh
21479000,GYRW3THD,Luân chuyển giao,OTHER,Chưa đóng kiện,12_24,(KHO) Bắc Cam Ranh
21479000,GYR9NTR7,Luân chuyển trả,OTHER,Chưa đóng kiện,12_24,(KHO) Bắc Cam Ranh
21479000,GYR9DDR3,Luân chuyển trả,OTHER,Chưa đóng kiện,12_24,(KHO) Bắc Cam Ranh
21479000,GYR6FT8M,Luân chuyển trả,SHOPEE,Chưa đóng kiện,12_24,(KHO) Bắc Cam Ranh
21479000,GYRCUXQV,Luân chuyển trả,SHOPEE,Không cần đóng kiện,12_24,(KHO) Bắc Cam Ranh
21479000,GYR6TG4L,Luân chuyển trả,SHOPEE,Không cần đóng kiện,12_24,(KHO) Bắc Cam Ranh
21537000,GYRN7HVC,Luân chuyển trả,OTHER,Không cần đóng kiện,12_24,(LDO) Lâm Viên - Đà Lạt 2
21537000,GYRD7L8V,Luân chuyển trả,SHOPEE,Chưa đóng kiện,12_24,(LDO) Lâm Viên - Đà Lạt 2
21537000,GYRPHCD9,Luân chuyển trả,SHOPEE,Không cần đóng kiện,12_24,(LDO) Lâm Viên - Đà Lạt 2
21537000,GYRDAF9N,Luân chuyển trả,OTHER,Chưa đóng kiện,12_24,(LDO) Lâm Viên - Đà Lạt 2
21537000,GYRPHV8G,Luân chuyển trả,OTHER,Chưa đóng kiện,12_24,(LDO) Lâm Viên - Đà Lạt 2
22048000,GYRVLGQE,Luân chuyển trả,OTHER,Chưa đóng kiện,6_12,(DNO) Đông Gia Nghĩa
22048000,GYRVLK6N,Luân chuyển trả,OTHER,Chưa đóng kiện,6_12,(DNO) Đông Gia Nghĩa
22048000,GYRV7VHF,Luân chuyển trả,OTHER,Chưa đóng kiện,6_12,(DNO) Đông Gia Nghĩa
22048000,GYRVWN84,Luân chuyển trả,OTHER,Chưa đóng kiện,6_12,(DNO) Đông Gia Nghĩa
22048000,GYRVXQBQ,Luân chuyển trả,OTHER,Chưa đóng kiện,6_12,(DNO) Đông Gia Nghĩa
22048000,GYR6FNC9,Luân chuyển trả,OTHER,Chưa đóng kiện,6_12,(DNO) Đông Gia Nghĩa
21537000,GYRDTWUY,Luân chuyển trả,OTHER,Chưa đóng kiện,12_24,(LDO) Lâm Viên - Đà Lạt 2
22048000,GYR6VNQA,Luân chuyển trả,OTHER,Chưa đóng kiện,6_12,(DNO) Đông Gia Nghĩa
22048000,NVS851347625,Luân chuyển trả,OTHER,Chưa đóng kiện,6_12,(DNO) Đông Gia Nghĩa
21537000,GYRD98D3,Luân chuyển giao,OTHER,Chưa đóng kiện,12_24,(LDO) Lâm Viên - Đà Lạt 2
21537000,GYRPUPVH,Luân chuyển trả,OTHER,Không cần đóng kiện,12_24,(LDO) Lâm Viên - Đà Lạt 2
22048000,GYR6674N,Luân chuyển trả,OTHER,Chưa đóng kiện,6_12,(DNO) Đông Gia Nghĩa
22048000,GYR6DARM,Luân chuyển trả,OTHER,Chưa đóng kiện,6_12,(DNO) Đông Gia Nghĩa
22048000,GYRN6HE7,Luân chuyển trả,OTHER,Chưa đóng kiện,6_12,(DNO) Đông Gia Nghĩa
22048000,VNGH80216619804,Luân chuyển trả,TTS,Chưa đóng kiện,6_12,(DNO) Đông Gia Nghĩa
22048000,VNGH80209069709,Luân chuyển trả,TTS,Chưa đóng kiện,6_12,(DNO) Đông Gia Nghĩa
22048000,VNGH80483279801,Luân chuyển trả,TTS,Không cần đóng kiện,6_12,(DNO) Đông Gia Nghĩa
22048000,VNGH80323569706,Luân chuyển trả,TTS,Chưa đóng kiện,6_12,(DNO) Đông Gia Nghĩa
21537000,NVS856682748,Luân chuyển trả,OTHER,Chưa đóng kiện,12_24,(LDO) Lâm Viên - Đà Lạt 2
21537000,GYR37W47_PR,Luân chuyển giao,OTHER,Chưa đóng kiện,12_24,(LDO) Lâm Viên - Đà Lạt 2
21537000,GYRBBK96_PR,Luân chuyển giao,OTHER,Chưa đóng kiện,12_24,(LDO) Lâm Viên - Đà Lạt 2
21126000,GYRW43PP,Luân chuyển giao,OTHER,Chưa đóng kiện,12_24,(LDO) Xuân Hương - Đà Lạt
21126000,GYRN98CY,Luân chuyển trả,OTHER,Chưa đóng kiện,12_24,(LDO) Xuân Hương - Đà Lạt
21126000,GYRDULG9,Luân chuyển trả,OTHER,Chưa đóng kiện,12_24,(LDO) Xuân Hương - Đà Lạt
21126000,VNGH80084779910,Luân chuyển giao,TTS,Chưa đóng kiện,12_24,(LDO) Xuân Hương - Đà Lạt
21126000,GYRKLBAV,Luân chuyển giao,OTHER,Chưa đóng kiện,12_24,(LDO) Xuân Hương - Đà Lạt
21126000,GYR496GF,Luân chuyển trả,SHOPEE,Không cần đóng kiện,12_24,(LDO) Xuân Hương - Đà Lạt
21126000,NVS856678565_PR,Luân chuyển giao,OTHER,Chưa đóng kiện,12_24,(LDO) Xuân Hương - Đà Lạt
21126000,GYRDBPRE,Luân chuyển giao,SHOPEE,Không cần đóng kiện,12_24,(LDO) Xuân Hương - Đà Lạt
21126000,VNGH80401559607,Luân chuyển trả,TTS,Không cần đóng kiện,72_96,(LDO) Xuân Hương - Đà Lạt
21537000,GYRNQEFM_PR,Luân chuyển giao,OTHER,Chưa đóng kiện,12_24,(LDO) Lâm Viên - Đà Lạt 2
21687000,GYRUXPGE,Luân chuyển trả,OTHER,Chưa đóng kiện,6_12,(LDO) Lang Biang - Đà Lạt 2
21126000,VNGH80633149607,Luân chuyển trả,TTS,Không cần đóng kiện,72_96,(LDO) Xuân Hương - Đà Lạt
21479000,GYRNVNCB,Luân chuyển trả,SHOPEE,Không cần đóng kiện,12_24,(KHO) Bắc Cam Ranh
21537000,GYR4CFTT_PR,Luân chuyển giao,OTHER,Chưa đóng kiện,12_24,(LDO) Lâm Viên - Đà Lạt 2
21687000,GYRUYR8L,Luân chuyển trả,OTHER,Chưa đóng kiện,6_12,(LDO) Lang Biang - Đà Lạt 2
22048000,VNGH80687519705,Luân chuyển trả,TTS,Không cần đóng kiện,6_12,(DNO) Đông Gia Nghĩa
20320000,GYR9XWWV,Luân chuyển trả,OTHER,Chưa đóng kiện,6_12,(KHO) Tây Nha Trang
22242000,GYRK89ET,Luân chuyển giao,SHOPEE,Chưa đóng kiện,0_6,(DNO) Bắc Gia Nghĩa
22242000,GYRVQQ8G,Luân chuyển trả,OTHER,Chưa đóng kiện,0_6,(DNO) Bắc Gia Nghĩa
22242000,GYRVLGBT,Luân chuyển trả,OTHER,Chưa đóng kiện,0_6,(DNO) Bắc Gia Nghĩa
20499000,GYRWTPDK,Luân chuyển giao,OTHER,Chưa đóng kiện,6_12,(NTH) Phước Dinh
22242000,GYRPDKDD,Luân chuyển trả,SHOPEE,Không cần đóng kiện,0_6,(DNO) Bắc Gia Nghĩa
20499000,GYRWTKEN,Luân chuyển giao,OTHER,Chưa đóng kiện,6_12,(NTH) Phước Dinh
20499000,GYRWTKCQ,Luân chuyển giao,OTHER,Chưa đóng kiện,6_12,(NTH) Phước Dinh
20320000,GYR39Q3G,Luân chuyển trả,SHOPEE,Chưa đóng kiện,6_12,(KHO) Tây Nha Trang
20499000,GYRWTK4G,Luân chuyển giao,OTHER,Chưa đóng kiện,6_12,(NTH) Phước Dinh
20499000,GYRWTDY9,Luân chuyển giao,OTHER,Chưa đóng kiện,6_12,(NTH) Phước Dinh
20320000,GYR3MHVX,Luân chuyển trả,OTHER,Chưa đóng kiện,6_12,(KHO) Tây Nha Trang
20499000,GYRWTDQM,Luân chuyển giao,OTHER,Chưa đóng kiện,6_12,(NTH) Phước Dinh
21722000,GYRVDNFF,Luân chuyển trả,OTHER,Chưa đóng kiện,6_12,(KHO) Tu Bông
21722000,GYR6Q3UP,Luân chuyển trả,OTHER,Chưa đóng kiện,6_12,(KHO) Tu Bông
20320000,GYRWPNFT,Luân chuyển giao,OTHER,Không cần đóng kiện,12_24,(KHO) Tây Nha Trang
21722000,GYR6L86D,Luân chuyển trả,OTHER,Chưa đóng kiện,6_12,(KHO) Tu Bông
21594000,GYRUB3PA,Luân chuyển trả,OTHER,Chưa đóng kiện,6_12,(BTH) Phước Hội
21722000,GYR6UQ78,Luân chuyển trả,OTHER,Chưa đóng kiện,6_12,(KHO) Tu Bông
21594000,GYRC9Y7C,Luân chuyển trả,OTHER,Chưa đóng kiện,6_12,(BTH) Phước Hội
21594000,GYR9FFEK,Luân chuyển trả,OTHER,Chưa đóng kiện,6_12,(BTH) Phước Hội
21456000,GYRD66DE,Luân chuyển trả,SHOPEE,Đã đóng kiện,12_24,(BTH) Đức Linh
21456000,GYR6EQAY,Luân chuyển trả,OTHER,Đã đóng kiện,12_24,(BTH) Đức Linh
21456000,GYRDVXRT,Luân chuyển trả,SHOPEE,Đã đóng kiện,12_24,(BTH) Đức Linh
20499000,GYRWTDE8,Luân chuyển giao,OTHER,Chưa đóng kiện,6_12,(NTH) Phước Dinh
21456000,GYRDM9EV,Luân chuyển trả,SHOPEE,Đã đóng kiện,12_24,(BTH) Đức Linh
20499000,GYRWTDPV,Luân chuyển giao,OTHER,Chưa đóng kiện,6_12,(NTH) Phước Dinh
21456000,GYRPV8WB,Luân chuyển trả,SHOPEE,Không cần đóng kiện,12_24,(BTH) Đức Linh
20499000,GYRWTDF8,Luân chuyển giao,OTHER,Chưa đóng kiện,6_12,(NTH) Phước Dinh
21722000,GYR6NE89,Luân chuyển trả,OTHER,Chưa đóng kiện,6_12,(KHO) Tu Bông
21722000,GYRNQAUR,Luân chuyển trả,OTHER,Chưa đóng kiện,6_12,(KHO) Tu Bông
20320000,GYRW4PNW,Luân chuyển giao,OTHER,Chưa đóng kiện,12_24,(KHO) Tây Nha Trang
20320000,GYRWDCEV,Luân chuyển giao,OTHER,Chưa đóng kiện,12_24,(KHO) Tây Nha Trang
20499000,GYRWTBV8,Luân chuyển giao,OTHER,Chưa đóng kiện,6_12,(NTH) Phước Dinh
20499000,GYRWTCP4,Luân chuyển giao,OTHER,Chưa đóng kiện,6_12,(NTH) Phước Dinh
20320000,GYRDWWFQ,Luân chuyển trả,OTHER,Chưa đóng kiện,12_24,(KHO) Tây Nha Trang
20320000,GYRKNM8V,Luân chuyển giao,SHOPEE,Chưa đóng kiện,12_24,(KHO) Tây Nha Trang
21456000,GYR33NWW,Luân chuyển trả,SHOPEE,Đã đóng kiện,12_24,(BTH) Đức Linh
20320000,GYRKNMXM,Luân chuyển giao,SHOPEE,Chưa đóng kiện,12_24,(KHO) Tây Nha Trang
21456000,GYRBQ78C,Luân chuyển trả,SHOPEE,Đã đóng kiện,12_24,(BTH) Đức Linh
21456000,GYRBE48R,Luân chuyển trả,SHOPEE,Đã đóng kiện,12_24,(BTH) Đức Linh
21456000,GYRBXUHL,Luân chuyển trả,OTHER,Đã đóng kiện,12_24,(BTH) Đức Linh
21456000,GYRPPXUB,Luân chuyển trả,OTHER,Đã đóng kiện,12_24,(BTH) Đức Linh
21456000,GYRBGU8N,Luân chuyển trả,SHOPEE,Đã đóng kiện,12_24,(BTH) Đức Linh
20320000,GYRKNMA3,Luân chuyển giao,SHOPEE,Chưa đóng kiện,12_24,(KHO) Tây Nha Trang
21456000,GYRVA67P,Luân chuyển trả,OTHER,Đã đóng kiện,12_24,(BTH) Đức Linh
21456000,GYRD6PCQ,Luân chuyển trả,OTHER,Đã đóng kiện,12_24,(BTH) Đức Linh
21456000,GYRBG9KN,Luân chuyển trả,SHOPEE,Đã đóng kiện,12_24,(BTH) Đức Linh
20320000,GYRKNMYD,Luân chuyển giao,SHOPEE,Chưa đóng kiện,12_24,(KHO) Tây Nha Trang
20320000,GYRN43CY,Luân chuyển trả,OTHER,Chưa đóng kiện,12_24,(KHO) Tây Nha Trang
22051000,GYRUAREN,Luân chuyển trả,OTHER,Chưa đóng kiện,6_12,(LDO) Lang Biang - Đà Lạt 1
22048000,VNGH80295269705,Luân chuyển trả,TTS,Chưa đóng kiện,6_12,(DNO) Đông Gia Nghĩa
22051000,NVS853011265,Luân chuyển trả,OTHER,Không cần đóng kiện,6_12,(LDO) Lang Biang - Đà Lạt 1
20320000,GYR6NNGN,Luân chuyển trả,OTHER,Chưa đóng kiện,12_24,(KHO) Tây Nha Trang
22051000,GYR9FTKY,Luân chuyển trả,OTHER,Chưa đóng kiện,6_12,(LDO) Lang Biang - Đà Lạt 1
22255000,GYRBRFRC,Luân chuyển giao,SHOPEE,Chưa đóng kiện,0_6,(LDO) Hiệp Thạnh
22051000,GYR94A9E,Luân chuyển trả,OTHER,Chưa đóng kiện,6_12,(LDO) Lang Biang - Đà Lạt 1
22255000,GYR9YPVF,Luân chuyển trả,OTHER,Chưa đóng kiện,6_12,(LDO) Hiệp Thạnh
21479000,GYRBL4W9,Luân chuyển trả,SHOPEE,Không cần đóng kiện,12_24,(KHO) Bắc Cam Ranh
22051000,GYR989VT,Luân chuyển trả,OTHER,Chưa đóng kiện,6_12,(LDO) Lang Biang - Đà Lạt 1
22255000,GYRVNKCB,Luân chuyển trả,OTHER,Chưa đóng kiện,6_12,(LDO) Hiệp Thạnh
22051000,GYR98EBW,Luân chuyển trả,OTHER,Chưa đóng kiện,6_12,(LDO) Lang Biang - Đà Lạt 1
22051000,GYR9YUTK,Luân chuyển trả,OTHER,Chưa đóng kiện,6_12,(LDO) Lang Biang - Đà Lạt 1
22242000,GYRKQVFY,Luân chuyển giao,SHOPEE,Không cần đóng kiện,0_6,(DNO) Bắc Gia Nghĩa
22242000,GYRBETPM,Luân chuyển trả,OTHER,Chưa đóng kiện,0_6,(DNO) Bắc Gia Nghĩa
22242000,GYRPA64A,Luân chuyển trả,OTHER,Chưa đóng kiện,0_6,(DNO) Bắc Gia Nghĩa
20499000,GYRWTBRR,Luân chuyển giao,OTHER,Chưa đóng kiện,6_12,(NTH) Phước Dinh
22051000,GYR9YDDL,Luân chuyển trả,OTHER,Chưa đóng kiện,6_12,(LDO) Lang Biang - Đà Lạt 1
20499000,GYRWTBRG,Luân chuyển giao,OTHER,Chưa đóng kiện,6_12,(NTH) Phước Dinh
20499000,GYRWTBQW,Luân chuyển giao,OTHER,Chưa đóng kiện,6_12,(NTH) Phước Dinh
20499000,GYRWTBPN,Luân chuyển giao,OTHER,Chưa đóng kiện,6_12,(NTH) Phước Dinh
22051000,GYR9YMRQ,Luân chuyển trả,OTHER,Chưa đóng kiện,6_12,(LDO) Lang Biang - Đà Lạt 1
22051000,GYR9MWQP,Luân chuyển trả,OTHER,Chưa đóng kiện,6_12,(LDO) Lang Biang - Đà Lạt 1
22051000,GYRVFDPQ,Luân chuyển trả,OTHER,Chưa đóng kiện,6_12,(LDO) Lang Biang - Đà Lạt 1
20499000,GYRWT6QQ,Luân chuyển giao,OTHER,Chưa đóng kiện,6_12,(NTH) Phước Dinh
22051000,GYRVFDKV,Luân chuyển trả,OTHER,Chưa đóng kiện,6_12,(LDO) Lang Biang - Đà Lạt 1
20499000,GYRWT9P4,Luân chuyển giao,OTHER,Chưa đóng kiện,6_12,(NTH) Phước Dinh
22051000,GYRV79K6,Luân chuyển trả,OTHER,Chưa đóng kiện,6_12,(LDO) Lang Biang - Đà Lạt 1
20499000,GYRWT6BY,Luân chuyển giao,OTHER,Chưa đóng kiện,6_12,(NTH) Phước Dinh
22242000,GYRBGC8H,Luân chuyển trả,OTHER,Chưa đóng kiện,0_6,(DNO) Bắc Gia Nghĩa
20499000,GYRWT4Y6,Luân chuyển giao,OTHER,Chưa đóng kiện,6_12,(NTH) Phước Dinh
20499000,GYRWT4FN,Luân chuyển giao,OTHER,Chưa đóng kiện,6_12,(NTH) Phước Dinh
20499000,GYRWT3YY,Luân chuyển giao,OTHER,Chưa đóng kiện,6_12,(NTH) Phước Dinh
20499000,GYRWT3ME,Luân chuyển giao,OTHER,Chưa đóng kiện,6_12,(NTH) Phước Dinh
20499000,GYRWT44F,Luân chuyển giao,OTHER,Chưa đóng kiện,6_12,(NTH) Phước Dinh
22051000,GYRVUM4U,Luân chuyển trả,OTHER,Chưa đóng kiện,6_12,(LDO) Lang Biang - Đà Lạt 1
20499000,GYRWT3GD,Luân chuyển giao,OTHER,Chưa đóng kiện,6_12,(NTH) Phước Dinh
22051000,GYRVCB99,Luân chuyển trả,OTHER,Chưa đóng kiện,6_12,(LDO) Lang Biang - Đà Lạt 1
20499000,GYRWT3WY,Luân chuyển giao,OTHER,Chưa đóng kiện,6_12,(NTH) Phước Dinh
20499000,GYR4GMPA,Luân chuyển trả,SHOPEE,Không cần đóng kiện,12_24,(NTH) Phước Dinh
20499000,GYRPAR96_PR,Luân chuyển giao,OTHER,Chưa đóng kiện,12_24,(NTH) Phước Dinh
22242000,S1636033109O32111,Luân chuyển trả,OTHER,Chưa đóng kiện,6_12,(DNO) Bắc Gia Nghĩa
20499000,GYRWTUCE,Luân chuyển giao,OTHER,Chưa đóng kiện,12_24,(NTH) Phước Dinh
20499000,GYRWTGRD,Luân chuyển giao,OTHER,Chưa đóng kiện,12_24,(NTH) Phước Dinh
20499000,GYRW3LQM,Luân chuyển giao,OTHER,Chưa đóng kiện,12_24,(NTH) Phước Dinh
20499000,GYR4NV4H,Luân chuyển giao,SHOPEE,Chưa đóng kiện,12_24,(NTH) Phước Dinh
20499000,GYR4N66B,Luân chuyển giao,SHOPEE,Chưa đóng kiện,12_24,(NTH) Phước Dinh
20499000,GYRKYYK4,Luân chuyển giao,SHOPEE,Chưa đóng kiện,12_24,(NTH) Phước Dinh
20499000,GYR4NVAH,Luân chuyển giao,SHOPEE,Chưa đóng kiện,12_24,(NTH) Phước Dinh
20499000,GYR4N6D6,Luân chuyển giao,SHOPEE,Chưa đóng kiện,12_24,(NTH) Phước Dinh
20499000,GYR4NVTW,Luân chuyển giao,SHOPEE,Chưa đóng kiện,12_24,(NTH) Phước Dinh
20499000,GYRWW6L6_3,Luân chuyển giao,OTHER,Không cần đóng kiện,12_24,(NTH) Phước Dinh
20499000,GYRWW6L6_5,Luân chuyển giao,OTHER,Không cần đóng kiện,12_24,(NTH) Phước Dinh
20499000,GYRWW6L6_1,Luân chuyển giao,OTHER,Không cần đóng kiện,12_24,(NTH) Phước Dinh
20499000,GYRWW6L6_2,Luân chuyển giao,OTHER,Không cần đóng kiện,12_24,(NTH) Phước Dinh
20499000,GYRWW6L6_4,Luân chuyển giao,OTHER,Không cần đóng kiện,12_24,(NTH) Phước Dinh
20499000,GYR4TTXW,Luân chuyển giao,OTHER,Chưa đóng kiện,12_24,(NTH) Phước Dinh
22242000,VNGH80031979702,Luân chuyển trả,TTS,Chưa đóng kiện,6_12,(DNO) Bắc Gia Nghĩa
22242000,VNGH80242339704,Luân chuyển trả,TTS,Chưa đóng kiện,6_12,(DNO) Bắc Gia Nghĩa
22048000,VNGH80208499703,Luân chuyển trả,TTS,Chưa đóng kiện,6_12,(DNO) Đông Gia Nghĩa
20499000,VNGH80630579910,Luân chuyển giao,TTS,Chưa đóng kiện,12_24,(NTH) Phước Dinh
22048000,VNGH80720549610,Luân chuyển trả,TTS,Chưa đóng kiện,6_12,(DNO) Đông Gia Nghĩa
22048000,VNGH80640969702,Luân chuyển trả,TTS,Chưa đóng kiện,6_12,(DNO) Đông Gia Nghĩa
22048000,VNGH80743199703,Luân chuyển trả,TTS,Chưa đóng kiện,6_12,(DNO) Đông Gia Nghĩa
22242000,VNGH80583029703,Luân chuyển trả,TTS,Chưa đóng kiện,6_12,(DNO) Bắc Gia Nghĩa
21479000,GYRGET79,Luân chuyển trả,SHOPEE,Chưa đóng kiện,12_24,(KHO) Bắc Cam Ranh
22255000,GYRVKVMX,Luân chuyển trả,OTHER,Không cần đóng kiện,6_12,(LDO) Hiệp Thạnh
22255000,GYRVKADY,Luân chuyển trả,OTHER,Chưa đóng kiện,6_12,(LDO) Hiệp Thạnh
21569000,GYR6GVQB,Luân chuyển trả,OTHER,Chưa đóng kiện,6_12,(KHO) Đông Ninh Hòa
21537000,GYRP9AXU_PR,Luân chuyển giao,OTHER,Chưa đóng kiện,12_24,(LDO) Lâm Viên - Đà Lạt 2
21687000,GYRC78LL,Luân chuyển trả,OTHER,Chưa đóng kiện,6_12,(LDO) Lang Biang - Đà Lạt 2
21516000,GYR6Y88B,Luân chuyển trả,OTHER,Chưa đóng kiện,6_12,(LDO) Đức Trọng 2
22222000,GYRCVQF3,Luân chuyển trả,OTHER,Chưa đóng kiện,0_6,(LDO) Bảo Lâm 1
21594000,GYR9PVXT,Luân chuyển trả,OTHER,Chưa đóng kiện,6_12,(BTH) Phước Hội
21456000,NVS857042451,Luân chuyển trả,OTHER,Đã đóng kiện,12_24,(BTH) Đức Linh
21537000,GYRDYVGX,Luân chuyển trả,SHOPEE,Đã đóng kiện,12_24,(LDO) Lâm Viên - Đà Lạt 2
21456000,GYRBVVLE,Luân chuyển trả,OTHER,Đã đóng kiện,12_24,(BTH) Đức Linh
22255000,GYR6LH7X,Luân chuyển trả,OTHER,Chưa đóng kiện,6_12,(LDO) Hiệp Thạnh
21687000,GYRCDQUM,Luân chuyển trả,OTHER,Chưa đóng kiện,6_12,(LDO) Lang Biang - Đà Lạt 2
22255000,GYR6F9EA,Luân chuyển trả,OTHER,Chưa đóng kiện,6_12,(LDO) Hiệp Thạnh
21687000,GYRCDPDP,Luân chuyển trả,OTHER,Chưa đóng kiện,6_12,(LDO) Lang Biang - Đà Lạt 2
22255000,GYR6CNMT,Luân chuyển trả,OTHER,Chưa đóng kiện,6_12,(LDO) Hiệp Thạnh
21687000,GYRCX6YL,Luân chuyển trả,OTHER,Chưa đóng kiện,6_12,(LDO) Lang Biang - Đà Lạt 2
22255000,GYR6YMUX,Luân chuyển trả,OTHER,Chưa đóng kiện,6_12,(LDO) Hiệp Thạnh
21687000,GYR9G7K8,Luân chuyển trả,OTHER,Chưa đóng kiện,6_12,(LDO) Lang Biang - Đà Lạt 2
22255000,GYRNNLQL,Luân chuyển trả,OTHER,Chưa đóng kiện,6_12,(LDO) Hiệp Thạnh
21687000,GYR99RTV,Luân chuyển trả,OTHER,Chưa đóng kiện,6_12,(LDO) Lang Biang - Đà Lạt 2
22255000,VNGH80834299802,Luân chuyển trả,TTS,Chưa đóng kiện,6_12,(LDO) Hiệp Thạnh
21687000,GYR9P3AU,Luân chuyển trả,OTHER,Chưa đóng kiện,6_12,(LDO) Lang Biang - Đà Lạt 2
22255000,VNGH80481739804,Luân chuyển trả,TTS,Chưa đóng kiện,6_12,(LDO) Hiệp Thạnh
21687000,GYR94HE9,Luân chuyển trả,OTHER,Chưa đóng kiện,6_12,(LDO) Lang Biang - Đà Lạt 2
22255000,VNGH80211869709,Luân chuyển trả,TTS,Chưa đóng kiện,6_12,(LDO) Hiệp Thạnh
21687000,GYR9HDC9,Luân chuyển trả,OTHER,Chưa đóng kiện,6_12,(LDO) Lang Biang - Đà Lạt 2
22255000,VNGH80037829706,Luân chuyển trả,TTS,Chưa đóng kiện,6_12,(LDO) Hiệp Thạnh
20499000,VNGH80324189910,Luân chuyển giao,TTS,Chưa đóng kiện,12_24,(NTH) Phước Dinh
21516000,GYRN99VR,Luân chuyển trả,OTHER,Chưa đóng kiện,6_12,(LDO) Đức Trọng 2
21569000,GYR6C93Q,Luân chuyển trả,OTHER,Chưa đóng kiện,6_12,(KHO) Đông Ninh Hòa
21516000,GYRD9VB6,Luân chuyển trả,OTHER,Chưa đóng kiện,6_12,(LDO) Đức Trọng 2
21569000,GYR69BRQ,Luân chuyển trả,OTHER,Chưa đóng kiện,6_12,(KHO) Đông Ninh Hòa
21516000,GYRDWRLB,Luân chuyển trả,OTHER,Chưa đóng kiện,6_12,(LDO) Đức Trọng 2
21569000,GYR69RV7,Luân chuyển trả,OTHER,Chưa đóng kiện,6_12,(KHO) Đông Ninh Hòa
21516000,VNGH80022339801,Luân chuyển trả,TTS,Chưa đóng kiện,6_12,(LDO) Đức Trọng 2
21479000,GYRUKQEH,Luân chuyển trả,OTHER,Chưa đóng kiện,12_24,(KHO) Bắc Cam Ranh
21516000,VNGH80611749801,Luân chuyển trả,TTS,Chưa đóng kiện,6_12,(LDO) Đức Trọng 2
21516000,VNGH80261269804,Luân chuyển trả,TTS,Không cần đóng kiện,6_12,(LDO) Đức Trọng 2
21516000,VNGH80072239803,Luân chuyển trả,TTS,Chưa đóng kiện,6_12,(LDO) Đức Trọng 2
21516000,VNGH80522509801,Luân chuyển trả,TTS,Chưa đóng kiện,6_12,(LDO) Đức Trọng 2
21516000,VNGH80453529708,Luân chuyển trả,TTS,Chưa đóng kiện,6_12,(LDO) Đức Trọng 2
21516000,VNGH80877519710,Luân chuyển trả,TTS,Chưa đóng kiện,6_12,(LDO) Đức Trọng 2
21479000,GYRCFXCP,Luân chuyển trả,SHOPEE,Chưa đóng kiện,12_24,(KHO) Bắc Cam Ranh
22222000,GYR9R7D7,Luân chuyển trả,OTHER,Chưa đóng kiện,6_12,(LDO) Bảo Lâm 1
21479000,GYRC6VHG,Luân chuyển trả,SHOPEE,Chưa đóng kiện,12_24,(KHO) Bắc Cam Ranh
21594000,GYR9MM98,Luân chuyển trả,OTHER,Không cần đóng kiện,6_12,(BTH) Phước Hội
21594000,GYRVFVWN,Luân chuyển trả,OTHER,Chưa đóng kiện,6_12,(BTH) Phước Hội
21594000,GYRVPWR8,Luân chuyển trả,OTHER,Chưa đóng kiện,6_12,(BTH) Phước Hội
21594000,GYR6LEK7,Luân chuyển trả,OTHER,Chưa đóng kiện,6_12,(BTH) Phước Hội
21594000,GYR67VL6,Luân chuyển trả,OTHER,Chưa đóng kiện,6_12,(BTH) Phước Hội
21594000,GYR6N9QA,Luân chuyển trả,OTHER,Chưa đóng kiện,6_12,(BTH) Phước Hội
21594000,GYR6D6CG,Luân chuyển trả,OTHER,Không cần đóng kiện,6_12,(BTH) Phước Hội
21594000,GYR6BVF9,Luân chuyển trả,OTHER,Chưa đóng kiện,6_12,(BTH) Phước Hội
21594000,GYR6MYQD,Luân chuyển trả,OTHER,Chưa đóng kiện,6_12,(BTH) Phước Hội
21594000,GYRNB66C,Luân chuyển trả,OTHER,Chưa đóng kiện,6_12,(BTH) Phước Hội
21594000,GYRNBY4K,Luân chuyển trả,OTHER,Chưa đóng kiện,6_12,(BTH) Phước Hội
21594000,GYRNKC4R,Luân chuyển trả,OTHER,Chưa đóng kiện,6_12,(BTH) Phước Hội
21594000,GYRDCPTY,Luân chuyển trả,OTHER,Chưa đóng kiện,6_12,(BTH) Phước Hội
21594000,GYRDW4B7,Luân chuyển trả,OTHER,Chưa đóng kiện,6_12,(BTH) Phước Hội
21594000,VNGH80947359801,Luân chuyển trả,TTS,Chưa đóng kiện,6_12,(BTH) Phước Hội
21594000,VNGH80001189710,Luân chuyển trả,TTS,Chưa đóng kiện,6_12,(BTH) Phước Hội
21594000,VNGH80193659802,Luân chuyển trả,TTS,Chưa đóng kiện,6_12,(BTH) Phước Hội
21594000,VNGH80191149804,Luân chuyển trả,TTS,Không cần đóng kiện,6_12,(BTH) Phước Hội
21594000,VNGH80597109801,Luân chuyển trả,TTS,Chưa đóng kiện,6_12,(BTH) Phước Hội
21594000,VNGH80359319801,Luân chuyển trả,TTS,Chưa đóng kiện,6_12,(BTH) Phước Hội
21594000,VNGH80601619707,Luân chuyển trả,TTS,Chưa đóng kiện,6_12,(BTH) Phước Hội
21594000,VNGH80019699803,Luân chuyển trả,TTS,Chưa đóng kiện,6_12,(BTH) Phước Hội
21594000,VNGH80518709803,Luân chuyển trả,TTS,Chưa đóng kiện,6_12,(BTH) Phước Hội
21594000,VNGH80264779704,Luân chuyển trả,TTS,Không cần đóng kiện,6_12,(BTH) Phước Hội
21594000,VNGH80945459804,Luân chuyển trả,TTS,Chưa đóng kiện,6_12,(BTH) Phước Hội
21594000,VNGH80462859707,Luân chuyển trả,TTS,Chưa đóng kiện,6_12,(BTH) Phước Hội
21594000,VNGH80574049703,Luân chuyển trả,TTS,Chưa đóng kiện,6_12,(BTH) Phước Hội
21594000,VNGH80435259703,Luân chuyển trả,TTS,Chưa đóng kiện,6_12,(BTH) Phước Hội
21594000,VNGH80465649703,Luân chuyển trả,TTS,Chưa đóng kiện,6_12,(BTH) Phước Hội
21594000,VNGH80799229709,Luân chuyển trả,TTS,Chưa đóng kiện,6_12,(BTH) Phước Hội
21594000,VNGH80669839801,Luân chuyển trả,TTS,Chưa đóng kiện,6_12,(BTH) Phước Hội
21594000,VNGH80896359703,Luân chuyển trả,TTS,Chưa đóng kiện,6_12,(BTH) Phước Hội
21594000,VNGH80086759703,Luân chuyển trả,TTS,Chưa đóng kiện,6_12,(BTH) Phước Hội
21594000,VNGH80727819610,Luân chuyển trả,TTS,Chưa đóng kiện,6_12,(BTH) Phước Hội
21594000,GYRVB3WU,Luân chuyển trả,OTHER,Chưa đóng kiện,12_24,(BTH) Phước Hội
21594000,GYRDN3QN,Luân chuyển trả,SHOPEE,Chưa đóng kiện,12_24,(BTH) Phước Hội
21594000,GYRDLGNN,Luân chuyển trả,OTHER,Chưa đóng kiện,12_24,(BTH) Phước Hội
21516000,VNGH80241189709,Luân chuyển trả,TTS,Chưa đóng kiện,6_12,(LDO) Đức Trọng 2
21516000,VNGH80053329708,Luân chuyển trả,TTS,Chưa đóng kiện,6_12,(LDO) Đức Trọng 2
21516000,VNGH80967229706,Luân chuyển trả,TTS,Chưa đóng kiện,6_12,(LDO) Đức Trọng 2
21479000,GYRVL3BM,Luân chuyển trả,OTHER,Chưa đóng kiện,12_24,(KHO) Bắc Cam Ranh
21537000,VNGH80361089704,Luân chuyển trả,TTS,Không cần đóng kiện,24_36,(LDO) Lâm Viên - Đà Lạt 2
21479000,GYRV3HCF,Luân chuyển trả,SHOPEE,Chưa đóng kiện,12_24,(KHO) Bắc Cam Ranh
22222000,GYR9MCWL,Luân chuyển trả,OTHER,Chưa đóng kiện,6_12,(LDO) Bảo Lâm 1
21479000,GYR6FUX4,Luân chuyển trả,OTHER,Chưa đóng kiện,12_24,(KHO) Bắc Cam Ranh
22222000,GYRVDVBD,Luân chuyển trả,OTHER,Chưa đóng kiện,6_12,(LDO) Bảo Lâm 1
21479000,GYR6UDPT,Luân chuyển trả,OTHER,Chưa đóng kiện,12_24,(KHO) Bắc Cam Ranh
21537000,GYRDB6K4,Luân chuyển giao,OTHER,Chưa đóng kiện,48_72,(LDO) Lâm Viên - Đà Lạt 2
21479000,GYRBWCXU,Luân chuyển trả,SHOPEE,Chưa đóng kiện,12_24,(KHO) Bắc Cam Ranh
21537000,GYRQEH8Q,Luân chuyển trả,SHOPEE,Không cần đóng kiện,48_72,(LDO) Lâm Viên - Đà Lạt 2
21479000,GYRC9B79,Luân chuyển trả,SHOPEE,Chưa đóng kiện,12_24,(KHO) Bắc Cam Ranh
21569000,GYR6VY6Y,Luân chuyển trả,OTHER,Chưa đóng kiện,6_12,(KHO) Đông Ninh Hòa
21569000,GYR6NPQW,Luân chuyển trả,OTHER,Chưa đóng kiện,6_12,(KHO) Đông Ninh Hòa
21569000,GYR6PR8P,Luân chuyển trả,OTHER,Chưa đóng kiện,6_12,(KHO) Đông Ninh Hòa
22048000,VNGH80482559703,Luân chuyển trả,TTS,Chưa đóng kiện,6_12,(DNO) Đông Gia Nghĩa
21479000,GYR99BRG,Luân chuyển trả,OTHER,Chưa đóng kiện,12_24,(KHO) Bắc Cam Ranh
21569000,GYR6RV4F,Luân chuyển trả,OTHER,Chưa đóng kiện,6_12,(KHO) Đông Ninh Hòa
22048000,GYR4DGYT,Luân chuyển giao,SHOPEE,Chưa đóng kiện,12_24,(DNO) Đông Gia Nghĩa
21569000,GYRN7D9F,Luân chuyển trả,OTHER,Chưa đóng kiện,6_12,(KHO) Đông Ninh Hòa
22048000,GYR4DGM8,Luân chuyển giao,SHOPEE,Chưa đóng kiện,12_24,(DNO) Đông Gia Nghĩa
21569000,GYRNGCDL,Luân chuyển trả,OTHER,Chưa đóng kiện,6_12,(KHO) Đông Ninh Hòa
22048000,GYR4DGRE,Luân chuyển giao,SHOPEE,Chưa đóng kiện,12_24,(DNO) Đông Gia Nghĩa
21479000,GYRDVLBF,Luân chuyển trả,SHOPEE,Chưa đóng kiện,12_24,(KHO) Bắc Cam Ranh
22048000,GYR4DDNY,Luân chuyển giao,SHOPEE,Chưa đóng kiện,12_24,(DNO) Đông Gia Nghĩa
21479000,GYRDBUNG,Luân chuyển trả,OTHER,Chưa đóng kiện,12_24,(KHO) Bắc Cam Ranh
22048000,GYRNQKRX,Luân chuyển trả,OTHER,Không cần đóng kiện,12_24,(DNO) Đông Gia Nghĩa
20499000,VNGH80921189910,Luân chuyển giao,TTS,Chưa đóng kiện,12_24,(NTH) Phước Dinh
22048000,GYR933H4,Luân chuyển trả,OTHER,Không cần đóng kiện,12_24,(DNO) Đông Gia Nghĩa
20499000,VNGH80287620012,Luân chuyển giao,TTS,Chưa đóng kiện,12_24,(NTH) Phước Dinh
21569000,GYRNCENP,Luân chuyển trả,OTHER,Chưa đóng kiện,6_12,(KHO) Đông Ninh Hòa
20499000,VNGH80218989910,Luân chuyển giao,TTS,Chưa đóng kiện,12_24,(NTH) Phước Dinh
21569000,GYRN9393,Luân chuyển trả,OTHER,Chưa đóng kiện,6_12,(KHO) Đông Ninh Hòa
21537000,VNGH80765089601,Luân chuyển trả,TTS,Không cần đóng kiện,72_96,(LDO) Lâm Viên - Đà Lạt 2
20499000,GYRNTAHE,Luân chuyển trả,OTHER,Chưa đóng kiện,12_24,(NTH) Phước Dinh
21479000,GYRPAM3N_PR,Luân chuyển giao,OTHER,Chưa đóng kiện,12_24,(KHO) Bắc Cam Ranh
21687000,GYR9HRQ3,Luân chuyển trả,OTHER,Chưa đóng kiện,6_12,(LDO) Lang Biang - Đà Lạt 2
21456000,GYR6VXX4,Luân chuyển trả,OTHER,Đã đóng kiện,12_24,(BTH) Đức Linh
20320000,GYR6CVPT,Luân chuyển trả,OTHER,Chưa đóng kiện,12_24,(KHO) Tây Nha Trang
21456000,GYR3LD74,Luân chuyển trả,OTHER,Đã đóng kiện,12_24,(BTH) Đức Linh
20320000,GYRPM73Y,Luân chuyển giao,SHOPEE,Không cần đóng kiện,12_24,(KHO) Tây Nha Trang
21456000,GYR47NMC,Luân chuyển trả,OTHER,Đã đóng kiện,12_24,(BTH) Đức Linh
20320000,GYR4U4YK,Luân chuyển giao,SHOPEE,Không cần đóng kiện,12_24,(KHO) Tây Nha Trang
22312000,GYRK6KXK,Luân chuyển giao,SHOPEE,Chưa đóng kiện,0_6,(LDO) Lâm Viên - Đà Lạt 1
20320000,GYRNDNNL,Luân chuyển trả,OTHER,Chưa đóng kiện,24_36,(KHO) Tây Nha Trang
21456000,GYR4QGEN_PR,Luân chuyển giao,OTHER,Đã đóng kiện,12_24,(BTH) Đức Linh
22312000,GYYYYEDT,Luân chuyển trả,OTHER,Chưa đóng kiện,6_12,(LDO) Lâm Viên - Đà Lạt 1
20320000,GYR6L9KB,Luân chuyển trả,OTHER,Không cần đóng kiện,24_36,(KHO) Tây Nha Trang
22312000,GYRC3WF7,Luân chuyển trả,OTHER,Chưa đóng kiện,6_12,(LDO) Lâm Viên - Đà Lạt 1
20320000,GYRBX493,Luân chuyển trả,SHOPEE,Không cần đóng kiện,24_36,(KHO) Tây Nha Trang
20320000,GYRNT8TL,Luân chuyển trả,SHOPEE,Không cần đóng kiện,24_36,(KHO) Tây Nha Trang
22312000,GYRCYWWM,Luân chuyển trả,OTHER,Chưa đóng kiện,6_12,(LDO) Lâm Viên - Đà Lạt 1
20320000,GYR9U66P,Luân chuyển trả,OTHER,Chưa đóng kiện,24_36,(KHO) Tây Nha Trang
21456000,GYRNRTNV,Luân chuyển trả,SHOPEE,Không cần đóng kiện,12_24,(BTH) Đức Linh
20320000,GYRBFWRP,Luân chuyển trả,SHOPEE,Chưa đóng kiện,24_36,(KHO) Tây Nha Trang
20320000,GYRBCCH6,Luân chuyển trả,SHOPEE,Không cần đóng kiện,24_36,(KHO) Tây Nha Trang
21456000,GYRDYUQT,Luân chuyển trả,SHOPEE,Đã đóng kiện,12_24,(BTH) Đức Linh
20320000,GYRBC9CG,Luân chuyển trả,SHOPEE,Không cần đóng kiện,24_36,(KHO) Tây Nha Trang
22312000,GYR97D6A,Luân chuyển trả,OTHER,Chưa đóng kiện,6_12,(LDO) Lâm Viên - Đà Lạt 1
20320000,GYR3U3EN,Luân chuyển trả,SHOPEE,Không cần đóng kiện,24_36,(KHO) Tây Nha Trang
22312000,GYR9CY3W,Luân chuyển trả,OTHER,Chưa đóng kiện,6_12,(LDO) Lâm Viên - Đà Lạt 1
20320000,GYR9TYET,Luân chuyển trả,OTHER,Chưa đóng kiện,48_72,(KHO) Tây Nha Trang
22312000,GYR93F37,Luân chuyển trả,OTHER,Chưa đóng kiện,6_12,(LDO) Lâm Viên - Đà Lạt 1
20320000,GYR64V97,Luân chuyển trả,OTHER,Chưa đóng kiện,48_72,(KHO) Tây Nha Trang
22312000,GYR9EE9F,Luân chuyển trả,OTHER,Chưa đóng kiện,6_12,(LDO) Lâm Viên - Đà Lạt 1
20320000,VNGH80892219609,Luân chuyển trả,TTS,Không cần đóng kiện,48_72,(KHO) Tây Nha Trang
22312000,GYRV6DCL,Luân chuyển trả,OTHER,Chưa đóng kiện,6_12,(LDO) Lâm Viên - Đà Lạt 1
21456000,GYRDERBM,Luân chuyển trả,SHOPEE,Đã đóng kiện,12_24,(BTH) Đức Linh
22312000,GYRVBQVE,Luân chuyển trả,OTHER,Chưa đóng kiện,6_12,(LDO) Lâm Viên - Đà Lạt 1
22116000,GYRWAR43,Luân chuyển giao,OTHER,Chưa đóng kiện,0_6,(LDO) Xuân Trường - Đà Lạt
22312000,GYRVHAB8,Luân chuyển trả,OTHER,Chưa đóng kiện,6_12,(LDO) Lâm Viên - Đà Lạt 1
22116000,GYRW8T3K,Luân chuyển giao,OTHER,Chưa đóng kiện,0_6,(LDO) Xuân Trường - Đà Lạt
22312000,GYRVXT67,Luân chuyển trả,OTHER,Chưa đóng kiện,6_12,(LDO) Lâm Viên - Đà Lạt 1
22116000,GYRWA9WG,Luân chuyển giao,OTHER,Chưa đóng kiện,0_6,(LDO) Xuân Trường - Đà Lạt
22312000,GYRVYTFD,Luân chuyển trả,OTHER,Chưa đóng kiện,6_12,(LDO) Lâm Viên - Đà Lạt 1
22312000,GYR6FMNW,Luân chuyển trả,OTHER,Chưa đóng kiện,6_12,(LDO) Lâm Viên - Đà Lạt 1
20320000,GYRV7PDU,Luân chuyển trả,OTHER,Chưa đóng kiện,72_96,(KHO) Tây Nha Trang
22116000,GYRW8AKV,Luân chuyển giao,OTHER,Chưa đóng kiện,0_6,(LDO) Xuân Trường - Đà Lạt
22116000,GYRWYFDK,Luân chuyển giao,OTHER,Chưa đóng kiện,0_6,(LDO) Xuân Trường - Đà Lạt
22116000,GYRW8AT6,Luân chuyển giao,OTHER,Chưa đóng kiện,0_6,(LDO) Xuân Trường - Đà Lạt
20320000,GYRG8Q4F,Luân chuyển trả,OTHER,Chưa đóng kiện,120_192,(KHO) Tây Nha Trang
22116000,GYRW8RGU,Luân chuyển giao,OTHER,Chưa đóng kiện,0_6,(LDO) Xuân Trường - Đà Lạt
21722000,GYRN7C96,Luân chuyển trả,OTHER,Chưa đóng kiện,6_12,(KHO) Tu Bông
22116000,GYRW8EMW,Luân chuyển giao,OTHER,Chưa đóng kiện,0_6,(LDO) Xuân Trường - Đà Lạt
22116000,GYRWYQXT,Luân chuyển giao,OTHER,Chưa đóng kiện,0_6,(LDO) Xuân Trường - Đà Lạt
21722000,GYRN74KN,Luân chuyển trả,OTHER,Chưa đóng kiện,6_12,(KHO) Tu Bông
21722000,GYRN7R6C,Luân chuyển trả,OTHER,Chưa đóng kiện,6_12,(KHO) Tu Bông
22116000,GYRWYL7P,Luân chuyển giao,OTHER,Chưa đóng kiện,0_6,(LDO) Xuân Trường - Đà Lạt
22222000,GYRVE6K8,Luân chuyển trả,OTHER,Không cần đóng kiện,6_12,(LDO) Bảo Lâm 1
22048000,GYR933H8,Luân chuyển trả,OTHER,Không cần đóng kiện,12_24,(DNO) Đông Gia Nghĩa
22048000,GYRGAEUR,Luân chuyển trả,OTHER,Chưa đóng kiện,12_24,(DNO) Đông Gia Nghĩa
22222000,GYRVEYV4,Luân chuyển trả,OTHER,Chưa đóng kiện,6_12,(LDO) Bảo Lâm 1
22048000,GYR9M6FT,Luân chuyển trả,OTHER,Chưa đóng kiện,12_24,(DNO) Đông Gia Nghĩa
22222000,GYR6DRYQ,Luân chuyển trả,OTHER,Chưa đóng kiện,6_12,(LDO) Bảo Lâm 1
22222000,VNGH80286389709,Luân chuyển trả,TTS,Chưa đóng kiện,6_12,(LDO) Bảo Lâm 1
22048000,GYR6Q9TH,Luân chuyển trả,OTHER,Chưa đóng kiện,12_24,(DNO) Đông Gia Nghĩa
22222000,VNGH80506249610,Luân chuyển trả,TTS,Chưa đóng kiện,6_12,(LDO) Bảo Lâm 1
21569000,GYRNP4DR,Luân chuyển trả,OTHER,Chưa đóng kiện,6_12,(KHO) Đông Ninh Hòa
22222000,VNGH80995799703,Luân chuyển trả,TTS,Chưa đóng kiện,6_12,(LDO) Bảo Lâm 1
21569000,GYRN37BN,Luân chuyển trả,OTHER,Chưa đóng kiện,6_12,(KHO) Đông Ninh Hòa
21479000,GYRD9FB7,Luân chuyển trả,SHOPEE,Chưa đóng kiện,12_24,(KHO) Bắc Cam Ranh
21687000,GYR9Y68F,Luân chuyển trả,OTHER,Chưa đóng kiện,6_12,(LDO) Lang Biang - Đà Lạt 2
22242000,VNGH80532839608,Luân chuyển trả,TTS,Không cần đóng kiện,6_12,(DNO) Bắc Gia Nghĩa
21688000,GYRVNGT8,Luân chuyển trả,OTHER,Chưa đóng kiện,6_12,(LDO) 1 Bảo Lộc
22255000,VNGH80669139707,Luân chuyển trả,TTS,Chưa đóng kiện,6_12,(LDO) Hiệp Thạnh
21456000,GYRV6VGP,Luân chuyển trả,OTHER,Đã đóng kiện,12_24,(BTH) Đức Linh
22312000,GYR679A8,Luân chuyển trả,OTHER,Chưa đóng kiện,6_12,(LDO) Lâm Viên - Đà Lạt 1
21516000,GYR6VMRA,Luân chuyển trả,OTHER,Không cần đóng kiện,6_12,(LDO) Đức Trọng 2
20499000,GYRPLYGL,Luân chuyển trả,SHOPEE,Chưa đóng kiện,12_24,(NTH) Phước Dinh
22051000,GYRVVEEY,Luân chuyển trả,OTHER,Chưa đóng kiện,6_12,(LDO) Lang Biang - Đà Lạt 1
22116000,GYRWYQFF,Luân chuyển giao,OTHER,Chưa đóng kiện,0_6,(LDO) Xuân Trường - Đà Lạt
21722000,GYRNGHU4,Luân chuyển trả,OTHER,Chưa đóng kiện,6_12,(KHO) Tu Bông
22357000,GYYMKHAQ,Luân chuyển trả,OTHER,Chưa đóng kiện,6_12,(NTH) Thuận Nam
22048000,GYRNPEF8,Luân chuyển trả,OTHER,Chưa đóng kiện,12_24,(DNO) Đông Gia Nghĩa
22222000,VNGH80267059704,Luân chuyển trả,TTS,Không cần đóng kiện,6_12,(LDO) Bảo Lâm 1
22242000,GYRWCTLE,Luân chuyển giao,SHOPEE,Chưa đóng kiện,6_12,(DNO) Bắc Gia Nghĩa
21569000,GYRDBQBB,Luân chuyển trả,OTHER,Chưa đóng kiện,6_12,(KHO) Đông Ninh Hòa
21688000,GYRB3KD3,Luân chuyển trả,SHOPEE,Chưa đóng kiện,6_12,(LDO) 1 Bảo Lộc
21479000,GYRBKTTM,Luân chuyển trả,OTHER,Chưa đóng kiện,12_24,(KHO) Bắc Cam Ranh
21687000,GYR9RMD9,Luân chuyển trả,OTHER,Không cần đóng kiện,6_12,(LDO) Lang Biang - Đà Lạt 2
22255000,VNGH80426579703,Luân chuyển trả,TTS,Chưa đóng kiện,6_12,(LDO) Hiệp Thạnh
21456000,GYRD387T,Luân chuyển trả,OTHER,Đã đóng kiện,12_24,(BTH) Đức Linh
21687000,GYR9EFAX,Luân chuyển trả,OTHER,Chưa đóng kiện,6_12,(LDO) Lang Biang - Đà Lạt 2
22394000,GYRWVKFB_2,Luân chuyển giao,OTHER,Không cần đóng kiện,0_6,(DNO) Quảng Tín
22116000,GYRW8PLH,Luân chuyển giao,OTHER,Chưa đóng kiện,0_6,(LDO) Xuân Trường - Đà Lạt
22116000,GYRW8EKF,Luân chuyển giao,OTHER,Chưa đóng kiện,0_6,(LDO) Xuân Trường - Đà Lạt
22394000,GYYXU8XB,Luân chuyển trả,OTHER,Chưa đóng kiện,6_12,(DNO) Quảng Tín
22394000,GYRUGLMU,Luân chuyển trả,OTHER,Chưa đóng kiện,6_12,(DNO) Quảng Tín
22394000,GYRUCTDP,Luân chuyển trả,OTHER,Chưa đóng kiện,6_12,(DNO) Quảng Tín
22394000,GYR9FB7U,Luân chuyển trả,OTHER,Chưa đóng kiện,6_12,(DNO) Quảng Tín
22394000,GYR9BRMW,Luân chuyển trả,OTHER,Chưa đóng kiện,6_12,(DNO) Quảng Tín
22394000,GYR94VT6,Luân chuyển trả,OTHER,Không cần đóng kiện,6_12,(DNO) Quảng Tín
22394000,GYR9WRXE,Luân chuyển trả,OTHER,Chưa đóng kiện,6_12,(DNO) Quảng Tín
22116000,GYRWYQDA,Luân chuyển giao,OTHER,Chưa đóng kiện,0_6,(LDO) Xuân Trường - Đà Lạt
21516000,GYRBQG4Q,Luân chuyển trả,SHOPEE,Chưa đóng kiện,6_12,(LDO) Đức Trọng 2
22312000,GYR6GUP8,Luân chuyển trả,OTHER,Chưa đóng kiện,6_12,(LDO) Lâm Viên - Đà Lạt 1
22222000,GYRDYB3P,Luân chuyển trả,SHOPEE,Chưa đóng kiện,12_24,(LDO) Bảo Lâm 1
20499000,GYRPVNM4,Luân chuyển trả,SHOPEE,Chưa đóng kiện,12_24,(NTH) Phước Dinh
22051000,GYRVDTDG,Luân chuyển trả,OTHER,Chưa đóng kiện,6_12,(LDO) Lang Biang - Đà Lạt 1
21722000,GYRNGMF9,Luân chuyển trả,OTHER,Chưa đóng kiện,6_12,(KHO) Tu Bông
22357000,GYR9DKGX,Luân chuyển trả,OTHER,Chưa đóng kiện,6_12,(NTH) Thuận Nam
22048000,GYR9TNQ4,Luân chuyển trả,OTHER,Chưa đóng kiện,24_36,(DNO) Đông Gia Nghĩa
22242000,GYRKE6PP,Luân chuyển giao,OTHER,Không cần đóng kiện,12_24,(DNO) Bắc Gia Nghĩa
21479000,GYRBKEAD,Luân chuyển trả,OTHER,Chưa đóng kiện,12_24,(KHO) Bắc Cam Ranh
22255000,VNGH80384739701,Luân chuyển trả,TTS,Chưa đóng kiện,6_12,(LDO) Hiệp Thạnh
21569000,GYRD3MTU,Luân chuyển trả,OTHER,Chưa đóng kiện,6_12,(KHO) Đông Ninh Hòa
21688000,GYRP7UXD,Luân chuyển trả,SHOPEE,Chưa đóng kiện,12_24,(LDO) 1 Bảo Lộc
21456000,GYRP7N39,Luân chuyển trả,OTHER,Đã đóng kiện,12_24,(BTH) Đức Linh
22363000,GYR99DLN,Luân chuyển trả,OTHER,Chưa đóng kiện,6_12,(KHO) Nam Nha Trang 3
21687000,GYRVQHAK,Luân chuyển trả,OTHER,Chưa đóng kiện,6_12,(LDO) Lang Biang - Đà Lạt 2
22389000,GYYAYHNV,Luân chuyển trả,OTHER,Chưa đóng kiện,6_12,(LDO) Đức Trọng 1
22394000,GYRVQ639,Luân chuyển trả,OTHER,Chưa đóng kiện,6_12,(DNO) Quảng Tín
22242000,VNGH80089609904,Luân chuyển giao,TTS,Chưa đóng kiện,12_24,(DNO) Bắc Gia Nghĩa
22048000,VNGH80798999701,Luân chuyển trả,TTS,Chưa đóng kiện,24_36,(DNO) Đông Gia Nghĩa
22242000,VNGH80736799806,Luân chuyển giao,TTS,Chưa đóng kiện,12_24,(DNO) Bắc Gia Nghĩa
22048000,GYRP4CU7,Luân chuyển giao,OTHER,Chưa đóng kiện,36_48,(DNO) Đông Gia Nghĩa
22242000,VNGH80048369901,Luân chuyển giao,TTS,Chưa đóng kiện,12_24,(DNO) Bắc Gia Nghĩa
22048000,GYRUA7HC,Luân chuyển trả,OTHER,Chưa đóng kiện,48_72,(DNO) Đông Gia Nghĩa
21479000,GYR3M944,Luân chuyển giao,SHOPEE,Chưa đóng kiện,12_24,(KHO) Bắc Cam Ranh
22389000,GYRQAMWG,Luân chuyển trả,OTHER,Chưa đóng kiện,6_12,(LDO) Đức Trọng 1
21722000,GYRNUW7D,Luân chuyển trả,OTHER,Chưa đóng kiện,6_12,(KHO) Tu Bông
22389000,GYR9NEXT,Luân chuyển trả,OTHER,Chưa đóng kiện,6_12,(LDO) Đức Trọng 1
21722000,GYRND73P,Luân chuyển trả,OTHER,Không cần đóng kiện,6_12,(KHO) Tu Bông
22389000,GYR9Y368,Luân chuyển trả,OTHER,Chưa đóng kiện,6_12,(LDO) Đức Trọng 1
21456000,GYRBQX8R,Luân chuyển trả,SHOPEE,Đã đóng kiện,12_24,(BTH) Đức Linh
22389000,GYR9EPXN,Luân chuyển trả,OTHER,Chưa đóng kiện,6_12,(LDO) Đức Trọng 1
21456000,GYRBCYPG,Luân chuyển trả,SHOPEE,Đã đóng kiện,12_24,(BTH) Đức Linh
21456000,GYRB9YKX,Luân chuyển trả,SHOPEE,Đã đóng kiện,12_24,(BTH) Đức Linh
22357000,GYRV6MWA,Luân chuyển trả,OTHER,Chưa đóng kiện,6_12,(NTH) Thuận Nam
22389000,VNGH80545439802,Luân chuyển trả,TTS,Chưa đóng kiện,6_12,(LDO) Đức Trọng 1
21722000,VNGH80661869805,Luân chuyển trả,TTS,Chưa đóng kiện,6_12,(KHO) Tu Bông
22357000,GYR6DE4A,Luân chuyển trả,OTHER,Chưa đóng kiện,6_12,(NTH) Thuận Nam
22389000,VNGH80679129706,Luân chuyển trả,TTS,Chưa đóng kiện,6_12,(LDO) Đức Trọng 1
22357000,GYR6YH3Y,Luân chuyển trả,OTHER,Chưa đóng kiện,6_12,(NTH) Thuận Nam
21456000,GYRBH4DW,Luân chuyển trả,SHOPEE,Không cần đóng kiện,12_24,(BTH) Đức Linh
21569000,VNGH80272689804,Luân chuyển trả,TTS,Chưa đóng kiện,6_12,(KHO) Đông Ninh Hòa
21479000,GYRDB4U7,Luân chuyển trả,SHOPEE,Không cần đóng kiện,24_36,(KHO) Bắc Cam Ranh
21456000,GYR44ALE,Luân chuyển trả,SHOPEE,Đã đóng kiện,12_24,(BTH) Đức Linh
21569000,VNGH80196369801,Luân chuyển trả,TTS,Chưa đóng kiện,6_12,(KHO) Đông Ninh Hòa
21456000,GYRBWR93,Luân chuyển trả,OTHER,Đã đóng kiện,12_24,(BTH) Đức Linh
21722000,VNGH80511739804,Luân chuyển trả,TTS,Chưa đóng kiện,6_12,(KHO) Tu Bông
21688000,GYR3BB9F,Luân chuyển trả,SHOPEE,Chưa đóng kiện,12_24,(LDO) 1 Bảo Lộc
20499000,GYRP3KXC,Luân chuyển trả,SHOPEE,Chưa đóng kiện,12_24,(NTH) Phước Dinh
21722000,VNGH80965159803,Luân chuyển trả,TTS,Chưa đóng kiện,6_12,(KHO) Tu Bông
21688000,VNGH80899959901,Luân chuyển giao,TTS,Không cần đóng kiện,12_24,(LDO) 1 Bảo Lộc
21722000,VNGH80322989803,Luân chuyển trả,TTS,Chưa đóng kiện,6_12,(KHO) Tu Bông
22222000,GYRBTA6T,Luân chuyển trả,SHOPEE,Chưa đóng kiện,12_24,(LDO) Bảo Lâm 1
22255000,GYRBR3WU,Luân chuyển trả,SHOPEE,Không cần đóng kiện,6_12,(LDO) Hiệp Thạnh
22394000,GYRVCT86,Luân chuyển trả,OTHER,Chưa đóng kiện,6_12,(DNO) Quảng Tín
21516000,GYRPACYV,Luân chuyển trả,OTHER,Chưa đóng kiện,6_12,(LDO) Đức Trọng 2
22255000,GYRNXQYR,Luân chuyển trả,OTHER,Chưa đóng kiện,12_24,(LDO) Hiệp Thạnh
22394000,GYRV97KR,Luân chuyển trả,OTHER,Chưa đóng kiện,6_12,(DNO) Quảng Tín
22255000,GYR39D8B,Luân chuyển trả,OTHER,Chưa đóng kiện,12_24,(LDO) Hiệp Thạnh
21516000,GYRVREUU,Luân chuyển trả,OTHER,Chưa đóng kiện,6_12,(LDO) Đức Trọng 2
22255000,GYRBFWAD_PR,Luân chuyển giao,OTHER,Chưa đóng kiện,12_24,(LDO) Hiệp Thạnh
22312000,GYR69EH8,Luân chuyển trả,OTHER,Chưa đóng kiện,6_12,(LDO) Lâm Viên - Đà Lạt 1
22242000,VNGH80058889707,Luân chuyển giao,TTS,Không cần đóng kiện,12_24,(DNO) Bắc Gia Nghĩa
22242000,NVS857213325,Luân chuyển giao,OTHER,Chưa đóng kiện,12_24,(DNO) Bắc Gia Nghĩa
21687000,GYRVLVYH,Luân chuyển trả,OTHER,Không cần đóng kiện,6_12,(LDO) Lang Biang - Đà Lạt 2
22242000,GYRBXLFN,Luân chuyển giao,OTHER,Không cần đóng kiện,12_24,(DNO) Bắc Gia Nghĩa
22242000,VNGH80125589810,Luân chuyển giao,TTS,Chưa đóng kiện,12_24,(DNO) Bắc Gia Nghĩa
22051000,GYRVPRBD,Luân chuyển trả,OTHER,Chưa đóng kiện,6_12,(LDO) Lang Biang - Đà Lạt 1
22389000,VNGH80025439702,Luân chuyển trả,TTS,Chưa đóng kiện,6_12,(LDO) Đức Trọng 1
22357000,GYR6E9NF,Luân chuyển trả,OTHER,Chưa đóng kiện,6_12,(NTH) Thuận Nam
22051000,GYRVBLM8,Luân chuyển trả,OTHER,Chưa đóng kiện,6_12,(LDO) Lang Biang - Đà Lạt 1
21569000,VNGH80295639801,Luân chuyển trả,TTS,Không cần đóng kiện,6_12,(KHO) Đông Ninh Hòa
21569000,VNGH80786109802,Luân chuyển trả,TTS,Không cần đóng kiện,6_12,(KHO) Đông Ninh Hòa
21456000,GYR3AUDE,Luân chuyển trả,OTHER,Đã đóng kiện,12_24,(BTH) Đức Linh
22051000,GYRVWLAT,Luân chuyển trả,OTHER,Không cần đóng kiện,6_12,(LDO) Lang Biang - Đà Lạt 1
21456000,GYRBV9LE,Luân chuyển trả,SHOPEE,Đã đóng kiện,12_24,(BTH) Đức Linh
20499000,GYRW4EAY,Luân chuyển giao,SHOPEE,Chưa đóng kiện,12_24,(NTH) Phước Dinh
21456000,GYRBBK3L,Luân chuyển trả,SHOPEE,Đã đóng kiện,12_24,(BTH) Đức Linh
20499000,GYRNWFK9,Luân chuyển trả,SHOPEE,Chưa đóng kiện,12_24,(NTH) Phước Dinh
21456000,GYR363G6,Luân chuyển trả,SHOPEE,Đã đóng kiện,12_24,(BTH) Đức Linh
22051000,GYRVETRW,Luân chuyển trả,OTHER,Chưa đóng kiện,6_12,(LDO) Lang Biang - Đà Lạt 1
20499000,GYRDLYL4,Luân chuyển trả,SHOPEE,Chưa đóng kiện,12_24,(NTH) Phước Dinh
21456000,GYR3W3YQ,Luân chuyển trả,SHOPEE,Đã đóng kiện,12_24,(BTH) Đức Linh
20499000,GYRPVXYA,Luân chuyển trả,SHOPEE,Chưa đóng kiện,12_24,(NTH) Phước Dinh
22051000,GYRVEMQA,Luân chuyển trả,OTHER,Chưa đóng kiện,6_12,(LDO) Lang Biang - Đà Lạt 1
22048000,VNGH80696099507,Luân chuyển trả,TTS,Chưa đóng kiện,72_96,(DNO) Đông Gia Nghĩa
21456000,GYR37UPN,Luân chuyển trả,OTHER,Đã đóng kiện,12_24,(BTH) Đức Linh
22048000,GYR7KVTL,Luân chuyển trả,OTHER,Chưa đóng kiện,120_192,(DNO) Đông Gia Nghĩa
22051000,GYR6UGN7,Luân chuyển trả,OTHER,Chưa đóng kiện,6_12,(LDO) Lang Biang - Đà Lạt 1
22048000,GYRVG4F4,Luân chuyển giao,OTHER,Chưa đóng kiện,120_192,(DNO) Đông Gia Nghĩa
21456000,GYRBRX9N,Luân chuyển trả,OTHER,Đã đóng kiện,12_24,(BTH) Đức Linh
22051000,GYR6CUPP,Luân chuyển trả,OTHER,Chưa đóng kiện,6_12,(LDO) Lang Biang - Đà Lạt 1
22312000,GYR6PRDK,Luân chuyển trả,OTHER,Chưa đóng kiện,6_12,(LDO) Lâm Viên - Đà Lạt 1
21687000,GYRV7UVA,Luân chuyển trả,OTHER,Chưa đóng kiện,6_12,(LDO) Lang Biang - Đà Lạt 2
22312000,GYR6TWPA,Luân chuyển trả,OTHER,Không cần đóng kiện,6_12,(LDO) Lâm Viên - Đà Lạt 1
22051000,GYR6VK7T,Luân chuyển trả,OTHER,Chưa đóng kiện,6_12,(LDO) Lang Biang - Đà Lạt 1
22051000,GYR66G73,Luân chuyển trả,OTHER,Chưa đóng kiện,6_12,(LDO) Lang Biang - Đà Lạt 1
22242000,GYR3UXRW,Luân chuyển giao,OTHER,Chưa đóng kiện,12_24,(DNO) Bắc Gia Nghĩa
22312000,GYRNFC3D,Luân chuyển trả,OTHER,Chưa đóng kiện,6_12,(LDO) Lâm Viên - Đà Lạt 1
22051000,GYRN7QUQ,Luân chuyển trả,OTHER,Chưa đóng kiện,6_12,(LDO) Lang Biang - Đà Lạt 1
21687000,GYRV9T4L,Luân chuyển trả,OTHER,Chưa đóng kiện,6_12,(LDO) Lang Biang - Đà Lạt 2
22242000,GYRBAMC8,Luân chuyển giao,OTHER,Chưa đóng kiện,12_24,(DNO) Bắc Gia Nghĩa
22051000,GYRN9QNA,Luân chuyển trả,OTHER,Chưa đóng kiện,6_12,(LDO) Lang Biang - Đà Lạt 1
21687000,GYRV6EBU,Luân chuyển trả,OTHER,Chưa đóng kiện,6_12,(LDO) Lang Biang - Đà Lạt 2
22242000,GYRPUG6T,Luân chuyển trả,OTHER,Không cần đóng kiện,12_24,(DNO) Bắc Gia Nghĩa
22051000,GYRPKAKB,Luân chuyển trả,OTHER,Chưa đóng kiện,6_12,(LDO) Lang Biang - Đà Lạt 1
21687000,GYRVD8EV,Luân chuyển trả,OTHER,Chưa đóng kiện,6_12,(LDO) Lang Biang - Đà Lạt 2
22242000,GYR9V9LC,Luân chuyển trả,OTHER,Chưa đóng kiện,24_36,(DNO) Bắc Gia Nghĩa
22051000,GYRPTFGR,Luân chuyển trả,OTHER,Chưa đóng kiện,6_12,(LDO) Lang Biang - Đà Lạt 1
21687000,GYRVXMEW,Luân chuyển trả,OTHER,Chưa đóng kiện,6_12,(LDO) Lang Biang - Đà Lạt 2
22242000,GYR9K3TC,Luân chuyển trả,OTHER,Chưa đóng kiện,24_36,(DNO) Bắc Gia Nghĩa
22051000,GYRNAM97,Luân chuyển trả,SHOPEE,Chưa đóng kiện,6_12,(LDO) Lang Biang - Đà Lạt 1
21687000,GYRVAFTN,Luân chuyển trả,OTHER,Chưa đóng kiện,6_12,(LDO) Lang Biang - Đà Lạt 2
22242000,GYRNQTAX,Luân chuyển trả,OTHER,Chưa đóng kiện,24_36,(DNO) Bắc Gia Nghĩa
22051000,GYR6DQVW,Luân chuyển trả,OTHER,Chưa đóng kiện,6_12,(LDO) Lang Biang - Đà Lạt 1
21687000,GYRV86HF,Luân chuyển trả,OTHER,Chưa đóng kiện,6_12,(LDO) Lang Biang - Đà Lạt 2
22242000,GYRNH9XQ,Luân chuyển trả,OTHER,Chưa đóng kiện,24_36,(DNO) Bắc Gia Nghĩa
21687000,GYRVEPUE,Luân chuyển trả,OTHER,Chưa đóng kiện,6_12,(LDO) Lang Biang - Đà Lạt 2
22051000,GYRNGT9T,Luân chuyển trả,OTHER,Chưa đóng kiện,6_12,(LDO) Lang Biang - Đà Lạt 1
22242000,GYYMXX88,Luân chuyển trả,OTHER,Chưa đóng kiện,24_36,(DNO) Bắc Gia Nghĩa
21687000,GYR6F9ET,Luân chuyển trả,OTHER,Chưa đóng kiện,6_12,(LDO) Lang Biang - Đà Lạt 2
22051000,GYR9QQKH,Luân chuyển trả,OTHER,Chưa đóng kiện,6_12,(LDO) Lang Biang - Đà Lạt 1
22116000,GYRW8ERH,Luân chuyển giao,OTHER,Chưa đóng kiện,0_6,(LDO) Xuân Trường - Đà Lạt
22242000,GYYEMTBE,Luân chuyển trả,OTHER,Chưa đóng kiện,24_36,(DNO) Bắc Gia Nghĩa
22051000,GYR6LWTU,Luân chuyển trả,OTHER,Chưa đóng kiện,6_12,(LDO) Lang Biang - Đà Lạt 1
22051000,GYRPY3FX,Luân chuyển giao,OTHER,Chưa đóng kiện,12_24,(LDO) Lang Biang - Đà Lạt 1
22116000,GYRW8H6W,Luân chuyển giao,OTHER,Chưa đóng kiện,0_6,(LDO) Xuân Trường - Đà Lạt
22242000,GYRCMA8R,Luân chuyển trả,OTHER,Không cần đóng kiện,24_36,(DNO) Bắc Gia Nghĩa
22116000,GYRW8EX4,Luân chuyển giao,OTHER,Chưa đóng kiện,0_6,(LDO) Xuân Trường - Đà Lạt
22242000,GYR99EFH,Luân chuyển trả,OTHER,Chưa đóng kiện,24_36,(DNO) Bắc Gia Nghĩa
22116000,GYRWYQ4E,Luân chuyển giao,OTHER,Chưa đóng kiện,0_6,(LDO) Xuân Trường - Đà Lạt
22051000,GYRW9BXY,Luân chuyển giao,OTHER,Không cần đóng kiện,12_24,(LDO) Lang Biang - Đà Lạt 1
22242000,GYR96LFL,Luân chuyển trả,OTHER,Chưa đóng kiện,24_36,(DNO) Bắc Gia Nghĩa
22116000,GYRW8HKH,Luân chuyển giao,OTHER,Chưa đóng kiện,0_6,(LDO) Xuân Trường - Đà Lạt
22394000,GYRV9VVV,Luân chuyển trả,OTHER,Chưa đóng kiện,6_12,(DNO) Quảng Tín
22242000,VNGH80738679702,Luân chuyển trả,TTS,Chưa đóng kiện,24_36,(DNO) Bắc Gia Nghĩa
22116000,GYRWYLUL,Luân chuyển giao,OTHER,Chưa đóng kiện,0_6,(LDO) Xuân Trường - Đà Lạt
21456000,GYRKU843,Luân chuyển giao,SHOPEE,Đã đóng kiện,12_24,(BTH) Đức Linh
22242000,VNGH80025319702,Luân chuyển trả,TTS,Chưa đóng kiện,24_36,(DNO) Bắc Gia Nghĩa
22242000,VNGH80171429609,Luân chuyển trả,TTS,Chưa đóng kiện,24_36,(DNO) Bắc Gia Nghĩa
21456000,GYRWVW8R,Luân chuyển giao,SHOPEE,Đã đóng kiện,12_24,(BTH) Đức Linh
22242000,VNGH80688539603,Luân chuyển trả,TTS,Chưa đóng kiện,24_36,(DNO) Bắc Gia Nghĩa
22242000,GYRQDKCQ,Luân chuyển trả,OTHER,Chưa đóng kiện,48_72,(DNO) Bắc Gia Nghĩa
22312000,GYRNDMXE,Luân chuyển trả,OTHER,Chưa đóng kiện,6_12,(LDO) Lâm Viên - Đà Lạt 1
21456000,GYRKMCX3,Luân chuyển giao,SHOPEE,Đã đóng kiện,12_24,(BTH) Đức Linh
22242000,GYRNW6GC,Luân chuyển trả,OTHER,Chưa đóng kiện,48_72,(DNO) Bắc Gia Nghĩa
22312000,VNGH80135839710,Luân chuyển trả,TTS,Không cần đóng kiện,6_12,(LDO) Lâm Viên - Đà Lạt 1
21456000,GYRW7Q8Y,Luân chuyển giao,SHOPEE,Đã đóng kiện,12_24,(BTH) Đức Linh
22242000,VNGH80000399608,Luân chuyển trả,TTS,Chưa đóng kiện,48_72,(DNO) Bắc Gia Nghĩa
22312000,VNGH80374199709,Luân chuyển trả,TTS,Không cần đóng kiện,6_12,(LDO) Lâm Viên - Đà Lạt 1
21456000,GYRKCQ7Q,Luân chuyển giao,SHOPEE,Đã đóng kiện,12_24,(BTH) Đức Linh
22242000,VNGH80401289602,Luân chuyển trả,TTS,Chưa đóng kiện,96_120,(DNO) Bắc Gia Nghĩa
22312000,VNGH80495799709,Luân chuyển trả,TTS,Không cần đóng kiện,6_12,(LDO) Lâm Viên - Đà Lạt 1
21456000,GYRKMCXD,Luân chuyển giao,SHOPEE,Đã đóng kiện,12_24,(BTH) Đức Linh
22242000,GYRF97QD,Luân chuyển giao,OTHER,Không cần đóng kiện,120_192,(DNO) Bắc Gia Nghĩa
21456000,GYRKMCXP,Luân chuyển giao,SHOPEE,Đã đóng kiện,12_24,(BTH) Đức Linh
21456000,GYRKCAXU,Luân chuyển giao,SHOPEE,Đã đóng kiện,12_24,(BTH) Đức Linh
22312000,VNGH80002249705,Luân chuyển trả,TTS,Chưa đóng kiện,6_12,(LDO) Lâm Viên - Đà Lạt 1
21456000,GYRKC9TA,Luân chuyển giao,SHOPEE,Đã đóng kiện,12_24,(BTH) Đức Linh
22116000,GYRW8R6Q,Luân chuyển giao,OTHER,Chưa đóng kiện,0_6,(LDO) Xuân Trường - Đà Lạt
22312000,GYRPAEWL,Luân chuyển trả,OTHER,Chưa đóng kiện,6_12,(LDO) Lâm Viên - Đà Lạt 1
21456000,GYRKVDEN,Luân chuyển giao,SHOPEE,Đã đóng kiện,12_24,(BTH) Đức Linh
22116000,GYRWYL7K,Luân chuyển giao,OTHER,Chưa đóng kiện,0_6,(LDO) Xuân Trường - Đà Lạt
22312000,GYRDYKMV,Luân chuyển trả,OTHER,Chưa đóng kiện,12_24,(LDO) Lâm Viên - Đà Lạt 1
20499000,GYRBFACR,Luân chuyển trả,SHOPEE,Chưa đóng kiện,12_24,(NTH) Phước Dinh
22116000,GYRWYQLF,Luân chuyển giao,OTHER,Chưa đóng kiện,0_6,(LDO) Xuân Trường - Đà Lạt
20499000,VNGH80185010012,Luân chuyển giao,TTS,Chưa đóng kiện,12_24,(NTH) Phước Dinh
21516000,GYRGB88B,Luân chuyển trả,OTHER,Chưa đóng kiện,6_12,(LDO) Đức Trọng 2
22312000,GYRN33BV,Luân chuyển trả,OTHER,Chưa đóng kiện,12_24,(LDO) Lâm Viên - Đà Lạt 1
21516000,GYRNUFK4,Luân chuyển trả,OTHER,Chưa đóng kiện,12_24,(LDO) Đức Trọng 2
22051000,GYRW9TLY,Luân chuyển giao,OTHER,Không cần đóng kiện,12_24,(LDO) Lang Biang - Đà Lạt 1
22222000,GYR3NL69,Luân chuyển trả,SHOPEE,Chưa đóng kiện,12_24,(LDO) Bảo Lâm 1
22051000,GYRWCYHK,Luân chuyển giao,OTHER,Không cần đóng kiện,12_24,(LDO) Lang Biang - Đà Lạt 1
22394000,GYRVNC4T,Luân chuyển trả,OTHER,Chưa đóng kiện,6_12,(DNO) Quảng Tín
22222000,GYRB46KT,Luân chuyển trả,OTHER,Chưa đóng kiện,12_24,(LDO) Bảo Lâm 1
22394000,GYRVN4TF,Luân chuyển trả,OTHER,Chưa đóng kiện,6_12,(DNO) Quảng Tín
22222000,GYRPWC4N_PR,Luân chuyển giao,OTHER,Chưa đóng kiện,12_24,(LDO) Bảo Lâm 1
22051000,GYRWBFGW,Luân chuyển giao,OTHER,Chưa đóng kiện,12_24,(LDO) Lang Biang - Đà Lạt 1
22222000,GYRKPU96,Luân chuyển giao,SHOPEE,Không cần đóng kiện,12_24,(LDO) Bảo Lâm 1
22051000,GYRWPE6N,Luân chuyển giao,OTHER,Chưa đóng kiện,12_24,(LDO) Lang Biang - Đà Lạt 1
22222000,GYYH9BCD,Luân chuyển trả,OTHER,Không cần đóng kiện,24_36,(LDO) Bảo Lâm 1
22051000,GYRW9V4Y,Luân chuyển giao,OTHER,Chưa đóng kiện,12_24,(LDO) Lang Biang - Đà Lạt 1
22222000,GYYH9BP4,Luân chuyển trả,OTHER,Không cần đóng kiện,24_36,(LDO) Bảo Lâm 1
22051000,GYRWCTYR,Luân chuyển giao,OTHER,Không cần đóng kiện,12_24,(LDO) Lang Biang - Đà Lạt 1
22222000,GYYH93L8,Luân chuyển trả,OTHER,Không cần đóng kiện,24_36,(LDO) Bảo Lâm 1
22051000,GYRW9QV4,Luân chuyển giao,OTHER,Không cần đóng kiện,12_24,(LDO) Lang Biang - Đà Lạt 1
22051000,GYRW64A4,Luân chuyển giao,OTHER,Chưa đóng kiện,12_24,(LDO) Lang Biang - Đà Lạt 1
22051000,GYRWB976,Luân chuyển giao,OTHER,Chưa đóng kiện,12_24,(LDO) Lang Biang - Đà Lạt 1
22051000,GYRWPYYW,Luân chuyển giao,OTHER,Chưa đóng kiện,12_24,(LDO) Lang Biang - Đà Lạt 1
22222000,GYYH9393,Luân chuyển trả,OTHER,Không cần đóng kiện,24_36,(LDO) Bảo Lâm 1
22051000,GYRWBGGG,Luân chuyển giao,OTHER,Chưa đóng kiện,12_24,(LDO) Lang Biang - Đà Lạt 1
22222000,GYYH94GB,Luân chuyển trả,OTHER,Không cần đóng kiện,24_36,(LDO) Bảo Lâm 1
22051000,GYRW9HWR,Luân chuyển giao,OTHER,Chưa đóng kiện,12_24,(LDO) Lang Biang - Đà Lạt 1
22222000,GYYH94DV,Luân chuyển trả,OTHER,Không cần đóng kiện,24_36,(LDO) Bảo Lâm 1
22051000,GYRW9Y7V,Luân chuyển giao,OTHER,Chưa đóng kiện,12_24,(LDO) Lang Biang - Đà Lạt 1
22222000,GYYH948F,Luân chuyển trả,OTHER,Không cần đóng kiện,24_36,(LDO) Bảo Lâm 1
22051000,GYRWU8YE,Luân chuyển giao,OTHER,Chưa đóng kiện,12_24,(LDO) Lang Biang - Đà Lạt 1
22222000,GYYH9KUU,Luân chuyển trả,OTHER,Không cần đóng kiện,24_36,(LDO) Bảo Lâm 1
22051000,GYRWCAAV,Luân chuyển giao,OTHER,Không cần đóng kiện,12_24,(LDO) Lang Biang - Đà Lạt 1
22222000,GYYH9KDB,Luân chuyển trả,OTHER,Không cần đóng kiện,24_36,(LDO) Bảo Lâm 1
22051000,GYRWNRN9,Luân chuyển giao,OTHER,Chưa đóng kiện,12_24,(LDO) Lang Biang - Đà Lạt 1
22222000,GYYH9WQY,Luân chuyển trả,OTHER,Không cần đóng kiện,24_36,(LDO) Bảo Lâm 1
22051000,GYRWVAM9,Luân chuyển giao,OTHER,Chưa đóng kiện,12_24,(LDO) Lang Biang - Đà Lạt 1
22222000,NVS845215525,Luân chuyển trả,OTHER,Không cần đóng kiện,72_96,(LDO) Bảo Lâm 1
22051000,GYRWUETT,Luân chuyển giao,OTHER,Chưa đóng kiện,12_24,(LDO) Lang Biang - Đà Lạt 1
22051000,GYRW979E,Luân chuyển giao,OTHER,Không cần đóng kiện,12_24,(LDO) Lang Biang - Đà Lạt 1
22394000,GYRVH3AP,Luân chuyển trả,OTHER,Chưa đóng kiện,6_12,(DNO) Quảng Tín
22389000,VNGH80743069702,Luân chuyển trả,TTS,Chưa đóng kiện,6_12,(LDO) Đức Trọng 1
22394000,GYR6CRKE,Luân chuyển trả,OTHER,Chưa đóng kiện,6_12,(DNO) Quảng Tín
22051000,GYRW68WD,Luân chuyển giao,OTHER,Chưa đóng kiện,12_24,(LDO) Lang Biang - Đà Lạt 1
22394000,GYR6N9EK,Luân chuyển trả,OTHER,Chưa đóng kiện,6_12,(DNO) Quảng Tín
22051000,GYRWUW4C,Luân chuyển giao,OTHER,Chưa đóng kiện,12_24,(LDO) Lang Biang - Đà Lạt 1
22389000,VNGH80052079706,Luân chuyển trả,TTS,Chưa đóng kiện,6_12,(LDO) Đức Trọng 1
22389000,VNGH80674849701,Luân chuyển trả,TTS,Chưa đóng kiện,6_12,(LDO) Đức Trọng 1
22389000,VNGH80963749701,Luân chuyển trả,TTS,Chưa đóng kiện,6_12,(LDO) Đức Trọng 1
22389000,VNGH80744829701,Luân chuyển trả,TTS,Chưa đóng kiện,6_12,(LDO) Đức Trọng 1
22389000,GYRVU4H3,Luân chuyển trả,OTHER,Chưa đóng kiện,6_12,(LDO) Đức Trọng 1
22389000,GYR998TQ,Luân chuyển trả,OTHER,Chưa đóng kiện,6_12,(LDO) Đức Trọng 1
22394000,VNGH80400179608,Luân chuyển trả,TTS,Chưa đóng kiện,6_12,(DNO) Quảng Tín
22389000,GYR9B9HB,Luân chuyển trả,OTHER,Chưa đóng kiện,6_12,(LDO) Đức Trọng 1
22389000,GYR9BHMW,Luân chuyển trả,OTHER,Chưa đóng kiện,6_12,(LDO) Đức Trọng 1
22394000,GYR63MV7,Luân chuyển trả,OTHER,Chưa đóng kiện,6_12,(DNO) Quảng Tín
21569000,VNGH80092019802,Luân chuyển trả,TTS,Chưa đóng kiện,6_12,(KHO) Đông Ninh Hòa
22394000,GYRN3MUC,Luân chuyển trả,OTHER,Chưa đóng kiện,6_12,(DNO) Quảng Tín
22242000,GYRQRFAL,Luân chuyển trả,OTHER,Chưa đóng kiện,192,(DNO) Bắc Gia Nghĩa
22394000,GYRBLEDF,Luân chuyển trả,SHOPEE,Không cần đóng kiện,6_12,(DNO) Quảng Tín
22452000,GYRNB4LP,Luân chuyển trả,OTHER,Chưa đóng kiện,6_12,(BTH) Phú Quý
21722000,VNGH80673189801,Luân chuyển trả,TTS,Không cần đóng kiện,6_12,(KHO) Tu Bông
21722000,VNGH80654049803,Luân chuyển trả,TTS,Không cần đóng kiện,6_12,(KHO) Tu Bông
21722000,VNGH80889829710,Luân chuyển trả,TTS,Chưa đóng kiện,6_12,(KHO) Tu Bông
21456000,VNGH80134979909,Luân chuyển giao,TTS,Đã đóng kiện,12_24,(BTH) Đức Linh
22357000,GYRN9HGL,Luân chuyển trả,OTHER,Chưa đóng kiện,6_12,(NTH) Thuận Nam
22357000,GYRNPPLB,Luân chuyển trả,OTHER,Chưa đóng kiện,6_12,(NTH) Thuận Nam
22357000,GYRD9QQX,Luân chuyển trả,OTHER,Chưa đóng kiện,6_12,(NTH) Thuận Nam
21456000,VNGH80134779909,Luân chuyển giao,TTS,Đã đóng kiện,12_24,(BTH) Đức Linh
22357000,GYRDWUVH,Luân chuyển trả,OTHER,Chưa đóng kiện,6_12,(NTH) Thuận Nam
22357000,VNGH80176259803,Luân chuyển trả,TTS,Chưa đóng kiện,6_12,(NTH) Thuận Nam
22357000,VNGH80811349802,Luân chuyển trả,TTS,Chưa đóng kiện,6_12,(NTH) Thuận Nam
22357000,VNGH80506569802,Luân chuyển trả,TTS,Chưa đóng kiện,6_12,(NTH) Thuận Nam
22357000,VNGH80984999710,Luân chuyển trả,TTS,Chưa đóng kiện,6_12,(NTH) Thuận Nam
22116000,GYRW8HML,Luân chuyển giao,OTHER,Chưa đóng kiện,0_6,(LDO) Xuân Trường - Đà Lạt
22357000,VNGH80099489802,Luân chuyển trả,TTS,Chưa đóng kiện,6_12,(NTH) Thuận Nam
22357000,VNGH80749059709,Luân chuyển trả,TTS,Chưa đóng kiện,6_12,(NTH) Thuận Nam
22116000,GYRW8GY7,Luân chuyển giao,OTHER,Chưa đóng kiện,0_6,(LDO) Xuân Trường - Đà Lạt
22357000,VNGH80742919705,Luân chuyển trả,TTS,Chưa đóng kiện,6_12,(NTH) Thuận Nam
22116000,GYRW8YHA,Luân chuyển giao,OTHER,Chưa đóng kiện,0_6,(LDO) Xuân Trường - Đà Lạt
22357000,VNGH80313199709,Luân chuyển trả,TTS,Chưa đóng kiện,6_12,(NTH) Thuận Nam
22116000,GYRW8XLN,Luân chuyển giao,OTHER,Chưa đóng kiện,0_6,(LDO) Xuân Trường - Đà Lạt
22357000,VNGH80773049801,Luân chuyển trả,TTS,Không cần đóng kiện,6_12,(NTH) Thuận Nam
22116000,GYRW88QM,Luân chuyển giao,OTHER,Chưa đóng kiện,0_6,(LDO) Xuân Trường - Đà Lạt
22357000,VNGH80193569709,Luân chuyển trả,TTS,Chưa đóng kiện,6_12,(NTH) Thuận Nam
22116000,GYRWYQQ8,Luân chuyển giao,OTHER,Chưa đóng kiện,0_6,(LDO) Xuân Trường - Đà Lạt
22357000,VNGH80973939703,Luân chuyển trả,TTS,Không cần đóng kiện,6_12,(NTH) Thuận Nam
22116000,GYRW8YRA,Luân chuyển giao,OTHER,Chưa đóng kiện,0_6,(LDO) Xuân Trường - Đà Lạt
22357000,VNGH80546919704,Luân chuyển trả,TTS,Chưa đóng kiện,6_12,(NTH) Thuận Nam
22357000,GYRDD8UW,Luân chuyển trả,OTHER,Chưa đóng kiện,12_24,(NTH) Thuận Nam
22116000,GYRW8HXX,Luân chuyển giao,OTHER,Chưa đóng kiện,0_6,(LDO) Xuân Trường - Đà Lạt
22116000,GYRW88R4,Luân chuyển giao,OTHER,Chưa đóng kiện,0_6,(LDO) Xuân Trường - Đà Lạt
22312000,GYRDFQDB,Luân chuyển trả,OTHER,Chưa đóng kiện,12_24,(LDO) Lâm Viên - Đà Lạt 1
21516000,GYRKURTP,Luân chuyển giao,SHOPEE,Chưa đóng kiện,12_24,(LDO) Đức Trọng 2
22363000,GYRV7KVH,Luân chuyển trả,OTHER,Chưa đóng kiện,6_12,(KHO) Nam Nha Trang 3
21687000,GYR6F9EW,Luân chuyển trả,OTHER,Chưa đóng kiện,6_12,(LDO) Lang Biang - Đà Lạt 2
22051000,GYRWU3TQ,Luân chuyển giao,OTHER,Chưa đóng kiện,12_24,(LDO) Lang Biang - Đà Lạt 1
22389000,GYRVTGGE,Luân chuyển trả,OTHER,Chưa đóng kiện,6_12,(LDO) Đức Trọng 1
21569000,VNGH80712069802,Luân chuyển trả,TTS,Không cần đóng kiện,6_12,(KHO) Đông Ninh Hòa
22452000,GYRBAMV8,Luân chuyển giao,OTHER,Chưa đóng kiện,6_12,(BTH) Phú Quý
22394000,GYR37QBP,Luân chuyển trả,OTHER,Chưa đóng kiện,6_12,(DNO) Quảng Tín
22357000,GYRVEYKB,Luân chuyển trả,OTHER,Chưa đóng kiện,12_24,(NTH) Thuận Nam
21687000,GYR673MW,Luân chuyển trả,OTHER,Chưa đóng kiện,6_12,(LDO) Lang Biang - Đà Lạt 2
22394000,GYR37QHD,Luân chuyển trả,OTHER,Chưa đóng kiện,6_12,(DNO) Quảng Tín
22357000,GYRB9YPK,Luân chuyển trả,SHOPEE,Chưa đóng kiện,12_24,(NTH) Thuận Nam
21687000,GYR6GVGP,Luân chuyển trả,OTHER,Chưa đóng kiện,6_12,(LDO) Lang Biang - Đà Lạt 2
22394000,GYRVANEW,Luân chuyển trả,OTHER,Không cần đóng kiện,12_24,(DNO) Quảng Tín
22116000,GYRWYL9F,Luân chuyển giao,OTHER,Chưa đóng kiện,0_6,(LDO) Xuân Trường - Đà Lạt
22394000,GYR697P8,Luân chuyển trả,OTHER,Chưa đóng kiện,12_24,(DNO) Quảng Tín
22363000,GYRVD6Q4,Luân chuyển trả,OTHER,Chưa đóng kiện,6_12,(KHO) Nam Nha Trang 3
22394000,GYRNPV37,Luân chuyển trả,OTHER,Chưa đóng kiện,12_24,(DNO) Quảng Tín
22363000,GYR6GHVG,Luân chuyển trả,OTHER,Chưa đóng kiện,6_12,(KHO) Nam Nha Trang 3
22116000,GYRW8WVT,Luân chuyển giao,OTHER,Chưa đóng kiện,0_6,(LDO) Xuân Trường - Đà Lạt
22394000,GYRNRN99,Luân chuyển trả,SHOPEE,Không cần đóng kiện,12_24,(DNO) Quảng Tín
22116000,GYRW8EKC,Luân chuyển giao,OTHER,Chưa đóng kiện,0_6,(LDO) Xuân Trường - Đà Lạt
22394000,GYRPNRGK,Luân chuyển trả,SHOPEE,Không cần đóng kiện,12_24,(DNO) Quảng Tín
22116000,GYRW8XTG,Luân chuyển giao,OTHER,Chưa đóng kiện,0_6,(LDO) Xuân Trường - Đà Lạt
22394000,GYRBG7LD,Luân chuyển trả,SHOPEE,Không cần đóng kiện,12_24,(DNO) Quảng Tín
22363000,GYR6VD7W,Luân chuyển trả,OTHER,Chưa đóng kiện,6_12,(KHO) Nam Nha Trang 3
22394000,GYR39UWN,Luân chuyển trả,SHOPEE,Chưa đóng kiện,12_24,(DNO) Quảng Tín
22394000,GYR3VRB4,Luân chuyển trả,SHOPEE,Chưa đóng kiện,12_24,(DNO) Quảng Tín
22363000,GYR6EYAN,Luân chuyển trả,OTHER,Chưa đóng kiện,6_12,(KHO) Nam Nha Trang 3
22363000,GYRNQQDK,Luân chuyển trả,OTHER,Không cần đóng kiện,6_12,(KHO) Nam Nha Trang 3
22363000,GYRNQFQ9,Luân chuyển trả,OTHER,Chưa đóng kiện,6_12,(KHO) Nam Nha Trang 3
22357000,GYR39CD9,Luân chuyển trả,SHOPEE,Chưa đóng kiện,12_24,(NTH) Thuận Nam
22363000,GYRNFXPD,Luân chuyển trả,OTHER,Không cần đóng kiện,6_12,(KHO) Nam Nha Trang 3
22363000,GYRNPCKC,Luân chuyển trả,OTHER,Chưa đóng kiện,6_12,(KHO) Nam Nha Trang 3
22357000,GYR34XWM,Luân chuyển trả,SHOPEE,Chưa đóng kiện,12_24,(NTH) Thuận Nam
22363000,GYRNPMMD,Luân chuyển trả,OTHER,Chưa đóng kiện,6_12,(KHO) Nam Nha Trang 3
22363000,GYRDPA6T,Luân chuyển trả,OTHER,Chưa đóng kiện,6_12,(KHO) Nam Nha Trang 3
22483000,GYRWF3VY,Luân chuyển giao,OTHER,Chưa đóng kiện,0_6,(BTH) Hàm Thuận
21516000,GYR3R3HV,Luân chuyển trả,OTHER,Chưa đóng kiện,12_24,(LDO) Đức Trọng 2
22357000,GYR3YD9U,Luân chuyển trả,SHOPEE,Chưa đóng kiện,12_24,(NTH) Thuận Nam
21516000,GYR6NTAL,Luân chuyển trả,OTHER,Chưa đóng kiện,12_24,(LDO) Đức Trọng 2
22357000,GYRWWWCG,Luân chuyển giao,OTHER,Chưa đóng kiện,12_24,(NTH) Thuận Nam
21516000,NVS856157945,Luân chuyển trả,OTHER,Chưa đóng kiện,12_24,(LDO) Đức Trọng 2
22483000,GYRWFNA4,Luân chuyển giao,OTHER,Chưa đóng kiện,0_6,(BTH) Hàm Thuận
22116000,GYRWYFNL,Luân chuyển giao,OTHER,Chưa đóng kiện,0_6,(LDO) Xuân Trường - Đà Lạt
22357000,GYRD3RLP,Luân chuyển trả,OTHER,Chưa đóng kiện,12_24,(NTH) Thuận Nam
22483000,NVS859118239,Luân chuyển giao,OTHER,Chưa đóng kiện,0_6,(BTH) Hàm Thuận
21456000,GYRB9KBH,Luân chuyển trả,OTHER,Đã đóng kiện,12_24,(BTH) Đức Linh
22483000,GYRK8EPW,Luân chuyển giao,OTHER,Chưa đóng kiện,0_6,(BTH) Hàm Thuận
21456000,VNGH80504939910,Luân chuyển giao,TTS,Đã đóng kiện,12_24,(BTH) Đức Linh
21456000,VNGH80412200012,Luân chuyển giao,TTS,Đã đóng kiện,12_24,(BTH) Đức Linh
22116000,GYRWYLHX,Luân chuyển giao,OTHER,Chưa đóng kiện,0_6,(LDO) Xuân Trường - Đà Lạt
22483000,GYRK38AM,Luân chuyển giao,SHOPEE,Chưa đóng kiện,0_6,(BTH) Hàm Thuận
22116000,GYRWYFDV,Luân chuyển giao,OTHER,Chưa đóng kiện,0_6,(LDO) Xuân Trường - Đà Lạt
22116000,GYRW8YFV,Luân chuyển giao,OTHER,Chưa đóng kiện,0_6,(LDO) Xuân Trường - Đà Lạt
22483000,VNGH80762779909,Luân chuyển giao,TTS,Chưa đóng kiện,0_6,(BTH) Hàm Thuận
22116000,GYRW8EHH,Luân chuyển giao,OTHER,Chưa đóng kiện,0_6,(LDO) Xuân Trường - Đà Lạt
22116000,GYRW8HTX,Luân chuyển giao,OTHER,Chưa đóng kiện,0_6,(LDO) Xuân Trường - Đà Lạt
22116000,GYRWYQFV,Luân chuyển giao,OTHER,Chưa đóng kiện,0_6,(LDO) Xuân Trường - Đà Lạt
22116000,GYRW868B,Luân chuyển giao,OTHER,Chưa đóng kiện,0_6,(LDO) Xuân Trường - Đà Lạt
20269003,VNGH80397799705,Luân chuyển trả,TTS,Chưa đóng kiện,6_12,(DNO) Nhân Cơ
22425000,GYRQ38LL,Luân chuyển trả,OTHER,Không cần đóng kiện,6_12,(LDO) Tân Hà Lâm Hà
22425000,GYR7F9RK,Luân chuyển trả,OTHER,Không cần đóng kiện,6_12,(LDO) Tân Hà Lâm Hà
22425000,GYRUQCXD,Luân chuyển trả,OTHER,Chưa đóng kiện,6_12,(LDO) Tân Hà Lâm Hà
22425000,GYRUW7TN,Luân chuyển trả,OTHER,Chưa đóng kiện,6_12,(LDO) Tân Hà Lâm Hà
22425000,GYRCDBXV,Luân chuyển trả,OTHER,Chưa đóng kiện,6_12,(LDO) Tân Hà Lâm Hà
22425000,GYRCAH7Y,Luân chuyển trả,OTHER,Chưa đóng kiện,6_12,(LDO) Tân Hà Lâm Hà
22425000,GYR988NG,Luân chuyển trả,OTHER,Chưa đóng kiện,6_12,(LDO) Tân Hà Lâm Hà
22425000,GYRVQ9XG,Luân chuyển trả,OTHER,Chưa đóng kiện,6_12,(LDO) Tân Hà Lâm Hà
22425000,GYRVLXV8,Luân chuyển trả,OTHER,Chưa đóng kiện,6_12,(LDO) Tân Hà Lâm Hà
22425000,GYRVVPMG,Luân chuyển trả,OTHER,Chưa đóng kiện,6_12,(LDO) Tân Hà Lâm Hà
22425000,VNGH80329259604,Luân chuyển trả,TTS,Chưa đóng kiện,6_12,(LDO) Tân Hà Lâm Hà
22425000,VNGH80335719802,Luân chuyển trả,TTS,Không cần đóng kiện,6_12,(LDO) Tân Hà Lâm Hà
22425000,GYRUYXVE,Luân chuyển trả,OTHER,Chưa đóng kiện,6_12,(LDO) Tân Hà Lâm Hà
22483000,GYRKTDKG,Luân chuyển giao,SHOPEE,Chưa đóng kiện,0_6,(BTH) Hàm Thuận
22483000,GYRK4YU6,Luân chuyển giao,SHOPEE,Chưa đóng kiện,0_6,(BTH) Hàm Thuận
22483000,GYRWNTRX,Luân chuyển giao,SHOPEE,Chưa đóng kiện,0_6,(BTH) Hàm Thuận
22483000,GYRKHU97,Luân chuyển giao,SHOPEE,Chưa đóng kiện,0_6,(BTH) Hàm Thuận
22483000,VNGH80458339906,Luân chuyển giao,TTS,Chưa đóng kiện,0_6,(BTH) Hàm Thuận
22483000,GYR4MDYE,Luân chuyển giao,SHOPEE,Chưa đóng kiện,0_6,(BTH) Hàm Thuận
22483000,GYRK4GYC,Luân chuyển giao,SHOPEE,Chưa đóng kiện,0_6,(BTH) Hàm Thuận
22483000,GYRWQRCD,Luân chuyển giao,OTHER,Chưa đóng kiện,0_6,(BTH) Hàm Thuận
22483000,GYRWQTPG,Luân chuyển giao,SHOPEE,Chưa đóng kiện,0_6,(BTH) Hàm Thuận
22483000,GYRWNBBC,Luân chuyển giao,OTHER,Chưa đóng kiện,0_6,(BTH) Hàm Thuận
22483000,GYRKP9QL,Luân chuyển giao,SHOPEE,Chưa đóng kiện,0_6,(BTH) Hàm Thuận
22483000,GYR4PHW8,Luân chuyển giao,SHOPEE,Chưa đóng kiện,0_6,(BTH) Hàm Thuận
22483000,GYRKGM8Q,Luân chuyển giao,SHOPEE,Chưa đóng kiện,0_6,(BTH) Hàm Thuận
22483000,GYR43BQA,Luân chuyển giao,OTHER,Chưa đóng kiện,0_6,(BTH) Hàm Thuận
22483000,GYRW6BYT,Luân chuyển giao,OTHER,Chưa đóng kiện,0_6,(BTH) Hàm Thuận
22483000,GYRK44C4,Luân chuyển giao,SHOPEE,Chưa đóng kiện,0_6,(BTH) Hàm Thuận
22483000,GYR49FAG,Luân chuyển giao,OTHER,Chưa đóng kiện,0_6,(BTH) Hàm Thuận
22483000,GYRKA8QB,Luân chuyển giao,SHOPEE,Chưa đóng kiện,0_6,(BTH) Hàm Thuận
22483000,GYRWLTPV,Luân chuyển giao,OTHER,Chưa đóng kiện,0_6,(BTH) Hàm Thuận
22483000,VNGH80612689910,Luân chuyển giao,TTS,Chưa đóng kiện,0_6,(BTH) Hàm Thuận
22483000,GYRW6P86,Luân chuyển giao,OTHER,Chưa đóng kiện,0_6,(BTH) Hàm Thuận
22483000,GYRKKAAP,Luân chuyển giao,SHOPEE,Chưa đóng kiện,0_6,(BTH) Hàm Thuận
22483000,GYRKDRN4,Luân chuyển giao,SHOPEE,Chưa đóng kiện,0_6,(BTH) Hàm Thuận
22483000,VNGH80495259907,Luân chuyển giao,TTS,Chưa đóng kiện,0_6,(BTH) Hàm Thuận
22483000,GYRK9KN4,Luân chuyển giao,SHOPEE,Chưa đóng kiện,0_6,(BTH) Hàm Thuận
22483000,VNGH80273549910,Luân chuyển giao,TTS,Chưa đóng kiện,0_6,(BTH) Hàm Thuận
22483000,GYRKBKUM,Luân chuyển giao,SHOPEE,Chưa đóng kiện,0_6,(BTH) Hàm Thuận
22483000,GYRKXN6D,Luân chuyển giao,SHOPEE,Chưa đóng kiện,0_6,(BTH) Hàm Thuận
22483000,VNGH80800099910,Luân chuyển giao,TTS,Chưa đóng kiện,0_6,(BTH) Hàm Thuận
22483000,GYRKMDBC,Luân chuyển giao,SHOPEE,Chưa đóng kiện,0_6,(BTH) Hàm Thuận
22483000,GYYH8XVN,Luân chuyển trả,OTHER,Chưa đóng kiện,6_12,(BTH) Hàm Thuận
22483000,GYRF8RG9,Luân chuyển trả,OTHER,Chưa đóng kiện,6_12,(BTH) Hàm Thuận
22483000,GYR93R4G,Luân chuyển trả,OTHER,Chưa đóng kiện,6_12,(BTH) Hàm Thuận
22483000,VNGH80611979701,Luân chuyển trả,TTS,Chưa đóng kiện,6_12,(BTH) Hàm Thuận
22483000,GYRVFPQV,Luân chuyển trả,OTHER,Chưa đóng kiện,6_12,(BTH) Hàm Thuận
22483000,GYRVK6GY,Luân chuyển trả,OTHER,Chưa đóng kiện,6_12,(BTH) Hàm Thuận
22483000,GYRVAMVC,Luân chuyển trả,OTHER,Chưa đóng kiện,6_12,(BTH) Hàm Thuận
22483000,GYR6QQTU,Luân chuyển trả,OTHER,Chưa đóng kiện,6_12,(BTH) Hàm Thuận
22483000,GYR6GT6T,Luân chuyển trả,OTHER,Không cần đóng kiện,6_12,(BTH) Hàm Thuận
22483000,GYR6VLUY,Luân chuyển trả,OTHER,Chưa đóng kiện,6_12,(BTH) Hàm Thuận
22483000,GYR6PVUR,Luân chuyển trả,OTHER,Chưa đóng kiện,6_12,(BTH) Hàm Thuận
22483000,GYR6T7LV,Luân chuyển trả,OTHER,Chưa đóng kiện,6_12,(BTH) Hàm Thuận
22483000,GYR6RXEE,Luân chuyển trả,OTHER,Chưa đóng kiện,6_12,(BTH) Hàm Thuận
22483000,GYRD493P,Luân chuyển trả,OTHER,Chưa đóng kiện,6_12,(BTH) Hàm Thuận
22483000,VNGH80316969709,Luân chuyển trả,TTS,Chưa đóng kiện,6_12,(BTH) Hàm Thuận
22483000,VNGH80702419802,Luân chuyển trả,TTS,Chưa đóng kiện,6_12,(BTH) Hàm Thuận
22483000,VNGH80127509804,Luân chuyển trả,TTS,Chưa đóng kiện,6_12,(BTH) Hàm Thuận
22483000,VNGH80727069705,Luân chuyển trả,TTS,Chưa đóng kiện,6_12,(BTH) Hàm Thuận
22483000,VNGH80973099708,Luân chuyển trả,TTS,Chưa đóng kiện,6_12,(BTH) Hàm Thuận
22483000,VNGH80671859706,Luân chuyển trả,TTS,Chưa đóng kiện,6_12,(BTH) Hàm Thuận
22483000,VNGH80293279804,Luân chuyển trả,TTS,Chưa đóng kiện,6_12,(BTH) Hàm Thuận
22116000,GYRW8KYX,Luân chuyển giao,OTHER,Chưa đóng kiện,0_6,(LDO) Xuân Trường - Đà Lạt
22116000,GYRW8EAL,Luân chuyển giao,OTHER,Chưa đóng kiện,0_6,(LDO) Xuân Trường - Đà Lạt
22116000,GYRW8ETU,Luân chuyển giao,OTHER,Chưa đóng kiện,0_6,(LDO) Xuân Trường - Đà Lạt
22116000,GYRW8RU7,Luân chuyển giao,OTHER,Chưa đóng kiện,0_6,(LDO) Xuân Trường - Đà Lạt
22116000,GYRWYLXP,Luân chuyển giao,OTHER,Chưa đóng kiện,0_6,(LDO) Xuân Trường - Đà Lạt
22116000,GYR99CLR,Luân chuyển trả,OTHER,Chưa đóng kiện,6_12,(LDO) Xuân Trường - Đà Lạt
22116000,GYR9T9GL,Luân chuyển trả,OTHER,Chưa đóng kiện,6_12,(LDO) Xuân Trường - Đà Lạt
22116000,GYRVQHGL,Luân chuyển trả,OTHER,Chưa đóng kiện,6_12,(LDO) Xuân Trường - Đà Lạt
22116000,GYRVRXPV,Luân chuyển trả,OTHER,Chưa đóng kiện,6_12,(LDO) Xuân Trường - Đà Lạt
22116000,GYR6GHDV,Luân chuyển trả,OTHER,Chưa đóng kiện,6_12,(LDO) Xuân Trường - Đà Lạt
22116000,GYR6VFCV,Luân chuyển trả,OTHER,Chưa đóng kiện,6_12,(LDO) Xuân Trường - Đà Lạt
22116000,GYR66TGR,Luân chuyển trả,OTHER,Chưa đóng kiện,6_12,(LDO) Xuân Trường - Đà Lạt
22116000,VNGH80712189707,Luân chuyển trả,TTS,Chưa đóng kiện,6_12,(LDO) Xuân Trường - Đà Lạt
22116000,VNGH80623529708,Luân chuyển trả,TTS,Chưa đóng kiện,6_12,(LDO) Xuân Trường - Đà Lạt
22116000,GYRPEYF9,Luân chuyển trả,SHOPEE,Chưa đóng kiện,6_12,(LDO) Xuân Trường - Đà Lạt
22116000,GYR3NQ8Y,Luân chuyển trả,SHOPEE,Chưa đóng kiện,6_12,(LDO) Xuân Trường - Đà Lạt
22116000,GYRBD3PG,Luân chuyển trả,SHOPEE,Chưa đóng kiện,12_24,(LDO) Xuân Trường - Đà Lạt
22116000,GYRBD3P9,Luân chuyển trả,SHOPEE,Chưa đóng kiện,12_24,(LDO) Xuân Trường - Đà Lạt
22116000,GYR6AFT4,Luân chuyển trả,OTHER,Không cần đóng kiện,12_24,(LDO) Xuân Trường - Đà Lạt
22116000,GYR6QM87,Luân chuyển trả,OTHER,Chưa đóng kiện,12_24,(LDO) Xuân Trường - Đà Lạt
22116000,VNGH80347659908,Luân chuyển giao,TTS,Chưa đóng kiện,12_24,(LDO) Xuân Trường - Đà Lạt
22116000,VNGH80146859908,Luân chuyển giao,TTS,Chưa đóng kiện,12_24,(LDO) Xuân Trường - Đà Lạt
22116000,VNGH80771249908,Luân chuyển giao,TTS,Chưa đóng kiện,12_24,(LDO) Xuân Trường - Đà Lạt
22116000,VNGH80877849908,Luân chuyển giao,TTS,Chưa đóng kiện,12_24,(LDO) Xuân Trường - Đà Lạt
22116000,VNGH80046459908,Luân chuyển giao,TTS,Chưa đóng kiện,12_24,(LDO) Xuân Trường - Đà Lạt
22116000,VNGH80276449908,Luân chuyển giao,TTS,Chưa đóng kiện,12_24,(LDO) Xuân Trường - Đà Lạt
22116000,VNGH80659799906,Luân chuyển giao,TTS,Chưa đóng kiện,12_24,(LDO) Xuân Trường - Đà Lạt
20499000,GYR4UY9T_PR,Luân chuyển giao,OTHER,Chưa đóng kiện,12_24,(NTH) Phước Dinh
22425000,GYR9LLBX,Luân chuyển trả,SHOPEE,Không cần đóng kiện,6_12,(LDO) Tân Hà Lâm Hà
22483000,VNGH80654859707,Luân chuyển trả,TTS,Chưa đóng kiện,6_12,(BTH) Hàm Thuận
21687000,GYR6UAYA,Luân chuyển trả,OTHER,Chưa đóng kiện,6_12,(LDO) Lang Biang - Đà Lạt 2
22483000,VNGH80364189802,Luân chuyển trả,TTS,Chưa đóng kiện,6_12,(BTH) Hàm Thuận
22425000,GYR9KDPQ,Luân chuyển trả,SHOPEE,Không cần đóng kiện,6_12,(LDO) Tân Hà Lâm Hà
22483000,VNGH80676179802,Luân chuyển trả,TTS,Chưa đóng kiện,6_12,(BTH) Hàm Thuận
22425000,GYRNWGVG,Luân chuyển trả,SHOPEE,Chưa đóng kiện,6_12,(LDO) Tân Hà Lâm Hà
22051000,GYRWN8NE,Luân chuyển giao,OTHER,Chưa đóng kiện,12_24,(LDO) Lang Biang - Đà Lạt 1
22483000,VNGH80264989802,Luân chuyển trả,TTS,Chưa đóng kiện,6_12,(BTH) Hàm Thuận
22425000,GYRDUYH6,Luân chuyển trả,SHOPEE,Không cần đóng kiện,6_12,(LDO) Tân Hà Lâm Hà
22483000,VNGH80264589802,Luân chuyển trả,TTS,Chưa đóng kiện,6_12,(BTH) Hàm Thuận
22425000,GYRB9HTU,Luân chuyển trả,SHOPEE,Chưa đóng kiện,6_12,(LDO) Tân Hà Lâm Hà
22483000,VNGH80264389802,Luân chuyển trả,TTS,Chưa đóng kiện,6_12,(BTH) Hàm Thuận
22425000,GYRBV7BV,Luân chuyển trả,SHOPEE,Chưa đóng kiện,6_12,(LDO) Tân Hà Lâm Hà
21569000,VNGH80902479801,Luân chuyển trả,TTS,Chưa đóng kiện,6_12,(KHO) Đông Ninh Hòa
22483000,VNGH80264789802,Luân chuyển trả,TTS,Chưa đóng kiện,6_12,(BTH) Hàm Thuận
22425000,GYR633EQ,Luân chuyển trả,OTHER,Chưa đóng kiện,6_12,(LDO) Tân Hà Lâm Hà
21569000,VNGH80429089705,Luân chuyển trả,TTS,Chưa đóng kiện,6_12,(KHO) Đông Ninh Hòa
22483000,VNGH80300789802,Luân chuyển trả,TTS,Chưa đóng kiện,6_12,(BTH) Hàm Thuận
21569000,VNGH80957719702,Luân chuyển trả,TTS,Chưa đóng kiện,6_12,(KHO) Đông Ninh Hòa
22051000,GYRWCMGR,Luân chuyển giao,OTHER,Không cần đóng kiện,12_24,(LDO) Lang Biang - Đà Lạt 1
21569000,VNGH80795529703,Luân chuyển trả,TTS,Chưa đóng kiện,6_12,(KHO) Đông Ninh Hòa
22425000,GYRBFWT7,Luân chuyển trả,SHOPEE,Không cần đóng kiện,6_12,(LDO) Tân Hà Lâm Hà
21569000,VNGH80508799701,Luân chuyển trả,TTS,Chưa đóng kiện,6_12,(KHO) Đông Ninh Hòa
22425000,GYRBC8CB,Luân chuyển trả,SHOPEE,Không cần đóng kiện,6_12,(LDO) Tân Hà Lâm Hà
22425000,GYRUDET6,Luân chuyển trả,OTHER,Chưa đóng kiện,6_12,(LDO) Tân Hà Lâm Hà
21516000,GYRBNA9N,Luân chuyển trả,SHOPEE,Chưa đóng kiện,12_24,(LDO) Đức Trọng 2
22425000,GYRN4UB6,Luân chuyển trả,OTHER,Chưa đóng kiện,6_12,(LDO) Tân Hà Lâm Hà
22425000,GYR6CNTQ,Luân chuyển trả,OTHER,Chưa đóng kiện,6_12,(LDO) Tân Hà Lâm Hà
21516000,GYRBHY6X,Luân chuyển trả,OTHER,Chưa đóng kiện,12_24,(LDO) Đức Trọng 2
22425000,GYR6NKQC,Luân chuyển trả,OTHER,Chưa đóng kiện,6_12,(LDO) Tân Hà Lâm Hà
21516000,GYRNB3D3,Luân chuyển trả,OTHER,Chưa đóng kiện,12_24,(LDO) Đức Trọng 2
22425000,GYRBCLHV,Luân chuyển trả,SHOPEE,Chưa đóng kiện,6_12,(LDO) Tân Hà Lâm Hà
22425000,GYRB8UGL,Luân chuyển trả,OTHER,Chưa đóng kiện,6_12,(LDO) Tân Hà Lâm Hà
22425000,GYRDUMAT,Luân chuyển trả,OTHER,Chưa đóng kiện,6_12,(LDO) Tân Hà Lâm Hà
21516000,GYR3HN4W,Luân chuyển trả,SHOPEE,Chưa đóng kiện,12_24,(LDO) Đức Trọng 2
21516000,GYRVEDP9,Luân chuyển trả,OTHER,Chưa đóng kiện,12_24,(LDO) Đức Trọng 2
22394000,GYRBQR4R,Luân chuyển trả,SHOPEE,Chưa đóng kiện,12_24,(DNO) Quảng Tín
22394000,GYR3XCLY,Luân chuyển trả,SHOPEE,Chưa đóng kiện,12_24,(DNO) Quảng Tín
22425000,GYR9KTUV,Luân chuyển trả,OTHER,Không cần đóng kiện,6_12,(LDO) Tân Hà Lâm Hà
22394000,GYRVR8UV,Luân chuyển trả,OTHER,Chưa đóng kiện,12_24,(DNO) Quảng Tín
21687000,GYR6UM3P,Luân chuyển trả,OTHER,Chưa đóng kiện,6_12,(LDO) Lang Biang - Đà Lạt 2
22425000,GYRBMUAP,Luân chuyển trả,OTHER,Chưa đóng kiện,12_24,(LDO) Tân Hà Lâm Hà
22425000,GYRDTWGE,Luân chuyển trả,OTHER,Chưa đóng kiện,12_24,(LDO) Tân Hà Lâm Hà
22051000,GYRWCCWF,Luân chuyển giao,OTHER,Chưa đóng kiện,12_24,(LDO) Lang Biang - Đà Lạt 1
22483000,VNGH80116029707,Luân chuyển trả,TTS,Chưa đóng kiện,6_12,(BTH) Hàm Thuận
21687000,GYR6938Q,Luân chuyển trả,OTHER,Chưa đóng kiện,6_12,(LDO) Lang Biang - Đà Lạt 2
22394000,GYR6YBHA,Luân chuyển trả,OTHER,Không cần đóng kiện,12_24,(DNO) Quảng Tín
22483000,VNGH80426199704,Luân chuyển trả,TTS,Chưa đóng kiện,6_12,(BTH) Hàm Thuận
22394000,GYRVEATR,Luân chuyển trả,OTHER,Chưa đóng kiện,12_24,(DNO) Quảng Tín
21687000,NVN855673976,Luân chuyển trả,OTHER,Chưa đóng kiện,6_12,(LDO) Lang Biang - Đà Lạt 2
22483000,VNGH80379119801,Luân chuyển trả,TTS,Chưa đóng kiện,6_12,(BTH) Hàm Thuận
22394000,GYRNPUBD,Luân chuyển trả,OTHER,Chưa đóng kiện,12_24,(DNO) Quảng Tín
22483000,VNGH80830099707,Luân chuyển trả,TTS,Chưa đóng kiện,6_12,(BTH) Hàm Thuận
22394000,GYRVRUHP,Luân chuyển trả,OTHER,Chưa đóng kiện,12_24,(DNO) Quảng Tín
22483000,GYRN8ABH,Luân chuyển trả,SHOPEE,Chưa đóng kiện,6_12,(BTH) Hàm Thuận
22394000,GYR3M379,Luân chuyển trả,OTHER,Chưa đóng kiện,12_24,(DNO) Quảng Tín
22483000,GYRD6CNA,Luân chuyển trả,SHOPEE,Chưa đóng kiện,6_12,(BTH) Hàm Thuận
22394000,GYR47VDW_PR,Luân chuyển giao,OTHER,Chưa đóng kiện,12_24,(DNO) Quảng Tín
22483000,GYRDXQBY,Luân chuyển trả,SHOPEE,Chưa đóng kiện,6_12,(BTH) Hàm Thuận
22394000,GYRPY7HM_PR,Luân chuyển giao,OTHER,Chưa đóng kiện,12_24,(DNO) Quảng Tín
22483000,GYRP7R8D,Luân chuyển trả,SHOPEE,Không cần đóng kiện,6_12,(BTH) Hàm Thuận
21569000,VNGH80557169703,Luân chuyển trả,TTS,Chưa đóng kiện,6_12,(KHO) Đông Ninh Hòa
21569000,VNGH80178899907,Luân chuyển giao,TTS,Chưa đóng kiện,6_12,(KHO) Đông Ninh Hòa
21569000,GYRUYGU3,Luân chuyển trả,OTHER,Chưa đóng kiện,6_12,(KHO) Đông Ninh Hòa
22051000,GYRW6B3C,Luân chuyển giao,OTHER,Chưa đóng kiện,12_24,(LDO) Lang Biang - Đà Lạt 1
21516000,GYR6DRKL,Luân chuyển trả,OTHER,Chưa đóng kiện,12_24,(LDO) Đức Trọng 2
22483000,GYRPXKLX,Luân chuyển trả,SHOPEE,Chưa đóng kiện,6_12,(BTH) Hàm Thuận
21687000,GYR6YNQQ,Luân chuyển trả,OTHER,Chưa đóng kiện,6_12,(LDO) Lang Biang - Đà Lạt 2
22116000,VNGH80347859908,Luân chuyển giao,TTS,Chưa đóng kiện,12_24,(LDO) Xuân Trường - Đà Lạt
20499000,GYRP9V8E,Luân chuyển trả,OTHER,Chưa đóng kiện,12_24,(NTH) Phước Dinh
21722000,VNGH80407139802,Luân chuyển trả,TTS,Chưa đóng kiện,6_12,(KHO) Tu Bông
22389000,GYR3A9UA,Luân chuyển trả,SHOPEE,Chưa đóng kiện,6_12,(LDO) Đức Trọng 1
22363000,GYRP6PAY,Luân chuyển trả,OTHER,Chưa đóng kiện,6_12,(KHO) Nam Nha Trang 3
22549000,GYR9F7QG,Luân chuyển trả,OTHER,Chưa đóng kiện,6_12,(BTH) Phan Rí Cửa
22312000,GYRDC77T,Luân chuyển trả,OTHER,Chưa đóng kiện,12_24,(LDO) Lâm Viên - Đà Lạt 1
22425000,GYRVN3MW,Luân chuyển trả,OTHER,Chưa đóng kiện,12_24,(LDO) Tân Hà Lâm Hà
22357000,GYRPQWBX,Luân chuyển trả,SHOPEE,Không cần đóng kiện,12_24,(NTH) Thuận Nam
21456000,VNGH80741410011,Luân chuyển giao,TTS,Đã đóng kiện,12_24,(BTH) Đức Linh
22394000,GYRDXWQ9,Luân chuyển trả,OTHER,Không cần đóng kiện,12_24,(DNO) Quảng Tín
21569000,GYR4YBC6,Luân chuyển trả,SHOPEE,Chưa đóng kiện,6_12,(KHO) Đông Ninh Hòa
21687000,GYR6M4LM,Luân chuyển trả,OTHER,Chưa đóng kiện,6_12,(LDO) Lang Biang - Đà Lạt 2
21687000,GYRNGPH3,Luân chuyển trả,OTHER,Chưa đóng kiện,6_12,(LDO) Lang Biang - Đà Lạt 2
21687000,GYRNPDNR,Luân chuyển trả,OTHER,Chưa đóng kiện,6_12,(LDO) Lang Biang - Đà Lạt 2
21456000,GYRP378R_PR,Luân chuyển giao,OTHER,Không cần đóng kiện,12_24,(BTH) Đức Linh
22394000,VNGH80770269910,Luân chuyển giao,TTS,Chưa đóng kiện,12_24,(DNO) Quảng Tín
21687000,VNGH80327959503,Luân chuyển trả,TTS,Chưa đóng kiện,6_12,(LDO) Lang Biang - Đà Lạt 2
21456000,GYRW9B9T,Luân chuyển giao,SHOPEE,Đã đóng kiện,12_24,(BTH) Đức Linh
22394000,VNGH80665159906,Luân chuyển giao,TTS,Chưa đóng kiện,12_24,(DNO) Quảng Tín
21456000,GYR4MYUT,Luân chuyển giao,SHOPEE,Đã đóng kiện,12_24,(BTH) Đức Linh
22394000,GYRBACW4,Luân chuyển trả,OTHER,Không cần đóng kiện,12_24,(DNO) Quảng Tín
21456000,GYR37F8T_PR,Luân chuyển giao,OTHER,Đã đóng kiện,12_24,(BTH) Đức Linh
22394000,GYRLALFR,Luân chuyển trả,OTHER,Chưa đóng kiện,12_24,(DNO) Quảng Tín
21456000,VNGH80424189906,Luân chuyển giao,TTS,Đã đóng kiện,12_24,(BTH) Đức Linh
22394000,GYRPY3RT,Luân chuyển giao,OTHER,Chưa đóng kiện,12_24,(DNO) Quảng Tín
21456000,VNGH80524240011,Luân chuyển giao,TTS,Đã đóng kiện,12_24,(BTH) Đức Linh
22394000,GYRN6VQ7_PR,Luân chuyển giao,OTHER,Chưa đóng kiện,12_24,(DNO) Quảng Tín
21456000,GYRNBE33,Luân chuyển trả,OTHER,Đã đóng kiện,12_24,(BTH) Đức Linh
22357000,GYRP6AKX,Luân chuyển trả,SHOPEE,Chưa đóng kiện,12_24,(NTH) Thuận Nam
21456000,GYR4PDWE_PR,Luân chuyển giao,OTHER,Đã đóng kiện,12_24,(BTH) Đức Linh
22357000,GYRB6GNL,Luân chuyển trả,SHOPEE,Chưa đóng kiện,12_24,(NTH) Thuận Nam
21456000,GYRKF8YW,Luân chuyển giao,SHOPEE,Đã đóng kiện,12_24,(BTH) Đức Linh
22357000,GYRB8NBG,Luân chuyển trả,SHOPEE,Chưa đóng kiện,12_24,(NTH) Thuận Nam
21456000,GYRV44WY,Luân chuyển trả,OTHER,Đã đóng kiện,12_24,(BTH) Đức Linh
22357000,GYRBRX77,Luân chuyển trả,SHOPEE,Chưa đóng kiện,12_24,(NTH) Thuận Nam
22357000,GYR3Q7GH,Luân chuyển trả,SHOPEE,Chưa đóng kiện,12_24,(NTH) Thuận Nam
22357000,GYR3RF68,Luân chuyển trả,OTHER,Chưa đóng kiện,12_24,(NTH) Thuận Nam
20499000,GYR3TWW8,Luân chuyển trả,OTHER,Chưa đóng kiện,12_24,(NTH) Phước Dinh
22357000,GYRP4BCW,Luân chuyển trả,SHOPEE,Chưa đóng kiện,12_24,(NTH) Thuận Nam
21687000,GYRDTFMV_PR,Luân chuyển giao,OTHER,Chưa đóng kiện,6_12,(LDO) Lang Biang - Đà Lạt 2
22312000,GYRNR78R,Luân chuyển trả,OTHER,Chưa đóng kiện,12_24,(LDO) Lâm Viên - Đà Lạt 1
21687000,GYRNBG8X,Luân chuyển trả,OTHER,Chưa đóng kiện,6_12,(LDO) Lang Biang - Đà Lạt 2
21687000,GYRN3CWN,Luân chuyển trả,OTHER,Chưa đóng kiện,6_12,(LDO) Lang Biang - Đà Lạt 2
21687000,GYR393PT,Luân chuyển trả,SHOPEE,Không cần đóng kiện,6_12,(LDO) Lang Biang - Đà Lạt 2
22312000,GYRV6VDE,Luân chuyển trả,OTHER,Chưa đóng kiện,12_24,(LDO) Lâm Viên - Đà Lạt 1
21687000,GYRCGKTR,Luân chuyển trả,OTHER,Chưa đóng kiện,6_12,(LDO) Lang Biang - Đà Lạt 2
20499000,VNGH80736010012,Luân chuyển giao,TTS,Chưa đóng kiện,12_24,(NTH) Phước Dinh
22312000,GYRDWXTB_PR,Luân chuyển giao,OTHER,Chưa đóng kiện,12_24,(LDO) Lâm Viên - Đà Lạt 1
20499000,VNGH80480400012,Luân chuyển giao,TTS,Chưa đóng kiện,12_24,(NTH) Phước Dinh
21687000,GYRD846C,Luân chuyển trả,SHOPEE,Chưa đóng kiện,6_12,(LDO) Lang Biang - Đà Lạt 2
21687000,GYR68TR4,Luân chuyển trả,OTHER,Chưa đóng kiện,6_12,(LDO) Lang Biang - Đà Lạt 2
20499000,GYRN67GD,Luân chuyển trả,OTHER,Chưa đóng kiện,12_24,(NTH) Phước Dinh
22425000,GYRUVDH7,Luân chuyển trả,OTHER,Không cần đóng kiện,24_36,(LDO) Tân Hà Lâm Hà
22051000,GYRWUD7D,Luân chuyển giao,OTHER,Chưa đóng kiện,12_24,(LDO) Lang Biang - Đà Lạt 1
22389000,GYR6KLTF,Luân chuyển trả,OTHER,Chưa đóng kiện,12_24,(LDO) Đức Trọng 1
21516000,GYR3CEHY,Luân chuyển trả,OTHER,Chưa đóng kiện,12_24,(LDO) Đức Trọng 2
21722000,VNGH80897389708,Luân chuyển trả,TTS,Chưa đóng kiện,6_12,(KHO) Tu Bông
22116000,VNGH80363399906,Luân chuyển giao,TTS,Chưa đóng kiện,12_24,(LDO) Xuân Trường - Đà Lạt
22483000,GYRBGVTR,Luân chuyển trả,SHOPEE,Chưa đóng kiện,6_12,(BTH) Hàm Thuận
22549000,GYRVLFLF,Luân chuyển trả,OTHER,Chưa đóng kiện,6_12,(BTH) Phan Rí Cửa
21569000,GYR49N8E,Luân chuyển trả,OTHER,Chưa đóng kiện,6_12,(KHO) Đông Ninh Hòa
22394000,GYR3R4CL,Luân chuyển trả,SHOPEE,Không cần đóng kiện,12_24,(DNO) Quảng Tín
22357000,GYRPEHHV,Luân chuyển trả,SHOPEE,Không cần đóng kiện,12_24,(NTH) Thuận Nam
22357000,GYR3CXGV,Luân chuyển trả,SHOPEE,Chưa đóng kiện,12_24,(NTH) Thuận Nam
22357000,GYR3KCH3,Luân chuyển trả,SHOPEE,Chưa đóng kiện,12_24,(NTH) Thuận Nam
22483000,GYRB66A7,Luân chuyển trả,SHOPEE,Chưa đóng kiện,6_12,(BTH) Hàm Thuận
22483000,GYR3BBDK,Luân chuyển trả,SHOPEE,Chưa đóng kiện,6_12,(BTH) Hàm Thuận
22483000,GYRPEGRK,Luân chuyển trả,OTHER,Không cần đóng kiện,6_12,(BTH) Hàm Thuận
22483000,GYRBHYAC,Luân chuyển trả,OTHER,Chưa đóng kiện,6_12,(BTH) Hàm Thuận
22483000,GYRDAP6N,Luân chuyển trả,SHOPEE,Không cần đóng kiện,6_12,(BTH) Hàm Thuận
20499000,GYRDFKV8,Luân chuyển trả,SHOPEE,Chưa đóng kiện,12_24,(NTH) Phước Dinh
20499000,GYRDUPB4,Luân chuyển trả,OTHER,Chưa đóng kiện,12_24,(NTH) Phước Dinh
20499000,GYRP78GE,Luân chuyển trả,SHOPEE,Không cần đóng kiện,12_24,(NTH) Phước Dinh
22312000,GYRN7689,Luân chuyển trả,OTHER,Chưa đóng kiện,12_24,(LDO) Lâm Viên - Đà Lạt 1
20499000,GYRBRVTE,Luân chuyển giao,OTHER,Chưa đóng kiện,12_24,(NTH) Phước Dinh
22312000,GYRNDLH9,Luân chuyển trả,OTHER,Chưa đóng kiện,12_24,(LDO) Lâm Viên - Đà Lạt 1
20499000,GYRBCKR7,Luân chuyển trả,SHOPEE,Không cần đóng kiện,12_24,(NTH) Phước Dinh
22312000,NVS856674229,Luân chuyển trả,OTHER,Chưa đóng kiện,12_24,(LDO) Lâm Viên - Đà Lạt 1
20499000,GYRBBBTD,Luân chuyển trả,SHOPEE,Chưa đóng kiện,12_24,(NTH) Phước Dinh
22312000,GYRBC667,Luân chuyển trả,SHOPEE,Chưa đóng kiện,12_24,(LDO) Lâm Viên - Đà Lạt 1
20499000,GYR3K9PF,Luân chuyển trả,SHOPEE,Chưa đóng kiện,12_24,(NTH) Phước Dinh
22312000,GYRN4GPA,Luân chuyển trả,OTHER,Chưa đóng kiện,12_24,(LDO) Lâm Viên - Đà Lạt 1
22312000,GYRBCDRE,Luân chuyển trả,SHOPEE,Chưa đóng kiện,12_24,(LDO) Lâm Viên - Đà Lạt 1
22312000,GYRBCR7X,Luân chuyển trả,SHOPEE,Chưa đóng kiện,12_24,(LDO) Lâm Viên - Đà Lạt 1
22425000,GYR9MVFW,Luân chuyển trả,OTHER,Chưa đóng kiện,24_36,(LDO) Tân Hà Lâm Hà
22312000,GYRVLG4Y,Luân chuyển trả,OTHER,Chưa đóng kiện,12_24,(LDO) Lâm Viên - Đà Lạt 1
20499000,GYRNEAG7,Luân chuyển trả,OTHER,Chưa đóng kiện,12_24,(NTH) Phước Dinh
20499000,GYRNR4BT,Luân chuyển trả,SHOPEE,Không cần đóng kiện,12_24,(NTH) Phước Dinh
20499000,GYRDW7B4,Luân chuyển trả,OTHER,Chưa đóng kiện,12_24,(NTH) Phước Dinh
20499000,GYRDXHMH,Luân chuyển trả,SHOPEE,Chưa đóng kiện,12_24,(NTH) Phước Dinh
20499000,GYRDRNVH,Luân chuyển trả,SHOPEE,Chưa đóng kiện,12_24,(NTH) Phước Dinh
20499000,GYRB78UW,Luân chuyển trả,SHOPEE,Chưa đóng kiện,12_24,(NTH) Phước Dinh
20499000,GYRBNFBN,Luân chuyển trả,SHOPEE,Chưa đóng kiện,12_24,(NTH) Phước Dinh
22425000,GYRVUQ8D,Luân chuyển giao,OTHER,Chưa đóng kiện,24_36,(LDO) Tân Hà Lâm Hà
22425000,VNGH80355279610,Luân chuyển trả,TTS,Không cần đóng kiện,24_36,(LDO) Tân Hà Lâm Hà
22425000,VNGH80415549605,Luân chuyển trả,TTS,Chưa đóng kiện,24_36,(LDO) Tân Hà Lâm Hà
22425000,VNGH80380809602,Luân chuyển trả,TTS,Chưa đóng kiện,24_36,(LDO) Tân Hà Lâm Hà
22363000,GYR66BYK,Luân chuyển trả,OTHER,Không cần đóng kiện,12_24,(KHO) Nam Nha Trang 3
21569000,GYRPQMH8,Luân chuyển trả,SHOPEE,Chưa đóng kiện,12_24,(KHO) Đông Ninh Hòa
22363000,GYR3C7F4,Luân chuyển trả,OTHER,Chưa đóng kiện,12_24,(KHO) Nam Nha Trang 3
21569000,GYRPGAC4,Luân chuyển trả,SHOPEE,Chưa đóng kiện,12_24,(KHO) Đông Ninh Hòa
22363000,GYRPMBWC,Luân chuyển trả,OTHER,Chưa đóng kiện,12_24,(KHO) Nam Nha Trang 3
21569000,GYRBN4FM,Luân chuyển trả,SHOPEE,Chưa đóng kiện,12_24,(KHO) Đông Ninh Hòa
22363000,GYRD4WHK,Luân chuyển trả,SHOPEE,Chưa đóng kiện,12_24,(KHO) Nam Nha Trang 3
21569000,GYR33BWT,Luân chuyển trả,SHOPEE,Chưa đóng kiện,12_24,(KHO) Đông Ninh Hòa
22363000,GYRP7V4T,Luân chuyển trả,SHOPEE,Không cần đóng kiện,12_24,(KHO) Nam Nha Trang 3
21569000,GYRN8CN7,Luân chuyển trả,SHOPEE,Chưa đóng kiện,12_24,(KHO) Đông Ninh Hòa
22363000,GYRDDHC7,Luân chuyển trả,OTHER,Chưa đóng kiện,12_24,(KHO) Nam Nha Trang 3
21569000,GYRDQNX9,Luân chuyển trả,OTHER,Chưa đóng kiện,12_24,(KHO) Đông Ninh Hòa
22363000,GYRN3M47,Luân chuyển trả,OTHER,Chưa đóng kiện,12_24,(KHO) Nam Nha Trang 3
21569000,GYRD7N48,Luân chuyển trả,SHOPEE,Chưa đóng kiện,12_24,(KHO) Đông Ninh Hòa
22363000,GYR3QTWE,Luân chuyển trả,SHOPEE,Chưa đóng kiện,12_24,(KHO) Nam Nha Trang 3
21569000,GYRPCMFG,Luân chuyển trả,OTHER,Chưa đóng kiện,12_24,(KHO) Đông Ninh Hòa
22363000,GYR4VMUR,Luân chuyển trả,OTHER,Chưa đóng kiện,12_24,(KHO) Nam Nha Trang 3
22549000,GYRVU4GT,Luân chuyển trả,OTHER,Chưa đóng kiện,6_12,(BTH) Phan Rí Cửa
22549000,GYRVV6M6,Luân chuyển trả,OTHER,Chưa đóng kiện,6_12,(BTH) Phan Rí Cửa
22549000,GYRVN88C,Luân chuyển trả,OTHER,Chưa đóng kiện,6_12,(BTH) Phan Rí Cửa
22549000,GYRVHDDC,Luân chuyển trả,OTHER,Chưa đóng kiện,6_12,(BTH) Phan Rí Cửa
22549000,GYR66LU3,Luân chuyển trả,OTHER,Chưa đóng kiện,6_12,(BTH) Phan Rí Cửa
22549000,GYRNH6L7,Luân chuyển trả,OTHER,Chưa đóng kiện,6_12,(BTH) Phan Rí Cửa
22549000,VNGH80759879706,Luân chuyển trả,TTS,Chưa đóng kiện,6_12,(BTH) Phan Rí Cửa
22549000,VNGH80083719803,Luân chuyển trả,TTS,Chưa đóng kiện,6_12,(BTH) Phan Rí Cửa
22549000,VNGH80067569802,Luân chuyển trả,TTS,Chưa đóng kiện,6_12,(BTH) Phan Rí Cửa
22549000,VNGH80305949804,Luân chuyển trả,TTS,Chưa đóng kiện,6_12,(BTH) Phan Rí Cửa
22549000,VNGH80097679708,Luân chuyển trả,TTS,Chưa đóng kiện,6_12,(BTH) Phan Rí Cửa
22549000,VNGH80678329802,Luân chuyển trả,TTS,Chưa đóng kiện,6_12,(BTH) Phan Rí Cửa
22549000,VNGH80675729609,Luân chuyển trả,TTS,Không cần đóng kiện,6_12,(BTH) Phan Rí Cửa
22549000,VNGH80665929704,Luân chuyển trả,TTS,Chưa đóng kiện,6_12,(BTH) Phan Rí Cửa
22549000,VNGH80985529801,Luân chuyển trả,TTS,Chưa đóng kiện,6_12,(BTH) Phan Rí Cửa
22549000,VNGH80074699608,Luân chuyển trả,TTS,Chưa đóng kiện,6_12,(BTH) Phan Rí Cửa
22549000,VNGH80710969610,Luân chuyển trả,TTS,Chưa đóng kiện,6_12,(BTH) Phan Rí Cửa
21516000,GYR4LYQW,Luân chuyển trả,OTHER,Chưa đóng kiện,12_24,(LDO) Đức Trọng 2
21516000,GYRB69E8,Luân chuyển trả,OTHER,Chưa đóng kiện,12_24,(LDO) Đức Trọng 2
22759000,GYRCPC7X,Luân chuyển trả,OTHER,Không cần đóng kiện,6_12,(LDO) Hòa Ninh
22759000,GYR9VXH3,Luân chuyển trả,OTHER,Chưa đóng kiện,6_12,(LDO) Hòa Ninh
22759000,GYR9BPWT,Luân chuyển trả,OTHER,Chưa đóng kiện,6_12,(LDO) Hòa Ninh
22759000,GYR9E6DE,Luân chuyển trả,OTHER,Chưa đóng kiện,6_12,(LDO) Hòa Ninh
22759000,GYRVVPPK,Luân chuyển trả,OTHER,Chưa đóng kiện,6_12,(LDO) Hòa Ninh
22759000,GYRVD48L,Luân chuyển trả,OTHER,Chưa đóng kiện,6_12,(LDO) Hòa Ninh
22759000,GYRVBPDY,Luân chuyển trả,OTHER,Chưa đóng kiện,6_12,(LDO) Hòa Ninh
22759000,GYR66KD4,Luân chuyển trả,OTHER,Chưa đóng kiện,6_12,(LDO) Hòa Ninh
22759000,GYR64G37,Luân chuyển trả,OTHER,Chưa đóng kiện,6_12,(LDO) Hòa Ninh
22116000,VNGH80661599906,Luân chuyển giao,TTS,Chưa đóng kiện,12_24,(LDO) Xuân Trường - Đà Lạt
22389000,GYRNUEUM,Luân chuyển trả,OTHER,Chưa đóng kiện,12_24,(LDO) Đức Trọng 1
22116000,GYRK8QNQ,Luân chuyển giao,SHOPEE,Chưa đóng kiện,12_24,(LDO) Xuân Trường - Đà Lạt
22116000,GYRK8QND,Luân chuyển giao,SHOPEE,Chưa đóng kiện,12_24,(LDO) Xuân Trường - Đà Lạt
22389000,GYRF3VAV,Luân chuyển trả,OTHER,Chưa đóng kiện,12_24,(LDO) Đức Trọng 1
22116000,GYRK8QNT,Luân chuyển giao,SHOPEE,Chưa đóng kiện,12_24,(LDO) Xuân Trường - Đà Lạt
22389000,GYR7HUFF,Luân chuyển trả,OTHER,Chưa đóng kiện,12_24,(LDO) Đức Trọng 1
22483000,GYR6NM4E,Luân chuyển trả,OTHER,Chưa đóng kiện,6_12,(BTH) Hàm Thuận
22389000,GYRGFX7B,Luân chuyển trả,OTHER,Chưa đóng kiện,12_24,(LDO) Đức Trọng 1
22051000,GYRW6NM9,Luân chuyển giao,OTHER,Chưa đóng kiện,12_24,(LDO) Lang Biang - Đà Lạt 1
22116000,GYRK8QN7,Luân chuyển giao,SHOPEE,Chưa đóng kiện,12_24,(LDO) Xuân Trường - Đà Lạt
22389000,GYRUH3DH,Luân chuyển trả,OTHER,Chưa đóng kiện,12_24,(LDO) Đức Trọng 1
22051000,GYRW6GT6,Luân chuyển giao,OTHER,Chưa đóng kiện,12_24,(LDO) Lang Biang - Đà Lạt 1
22116000,GYRK8Q6Y,Luân chuyển giao,SHOPEE,Chưa đóng kiện,12_24,(LDO) Xuân Trường - Đà Lạt
21687000,VNGH80822989910,Luân chuyển giao,TTS,Chưa đóng kiện,6_12,(LDO) Lang Biang - Đà Lạt 2
22116000,GYRK8Q63,Luân chuyển giao,SHOPEE,Chưa đóng kiện,12_24,(LDO) Xuân Trường - Đà Lạt
21687000,VNGH80553779910,Luân chuyển giao,TTS,Chưa đóng kiện,6_12,(LDO) Lang Biang - Đà Lạt 2
22116000,GYRK8QDD,Luân chuyển giao,SHOPEE,Chưa đóng kiện,12_24,(LDO) Xuân Trường - Đà Lạt
22116000,GYRK8Q6D,Luân chuyển giao,SHOPEE,Chưa đóng kiện,12_24,(LDO) Xuân Trường - Đà Lạt
22483000,GYRDATUP,Luân chuyển trả,SHOPEE,Không cần đóng kiện,6_12,(BTH) Hàm Thuận
21687000,GYRWTYLR,Luân chuyển giao,OTHER,Chưa đóng kiện,12_24,(LDO) Lang Biang - Đà Lạt 2
22483000,GYRVUT8G,Luân chuyển trả,OTHER,Chưa đóng kiện,6_12,(BTH) Hàm Thuận
22483000,GYRVXVCN,Luân chuyển trả,SHOPEE,Không cần đóng kiện,6_12,(BTH) Hàm Thuận
22389000,GYRBDXHP,Luân chuyển trả,SHOPEE,Không cần đóng kiện,12_24,(LDO) Đức Trọng 1
22483000,GYRN8UGK,Luân chuyển trả,SHOPEE,Chưa đóng kiện,6_12,(BTH) Hàm Thuận
22389000,GYRUDAHP,Luân chuyển trả,OTHER,Chưa đóng kiện,12_24,(LDO) Đức Trọng 1
22483000,GYRPCKDQ,Luân chuyển trả,SHOPEE,Chưa đóng kiện,6_12,(BTH) Hàm Thuận
22389000,GYRC6ULY,Luân chuyển trả,SHOPEE,Không cần đóng kiện,12_24,(LDO) Đức Trọng 1
22483000,GYRNH69L,Luân chuyển trả,SHOPEE,Chưa đóng kiện,6_12,(BTH) Hàm Thuận
22389000,GYRCHVDE,Luân chuyển trả,OTHER,Chưa đóng kiện,12_24,(LDO) Đức Trọng 1
22483000,GYRPUCHU,Luân chuyển trả,SHOPEE,Chưa đóng kiện,6_12,(BTH) Hàm Thuận
22389000,GYR9PG7T,Luân chuyển trả,OTHER,Chưa đóng kiện,12_24,(LDO) Đức Trọng 1
22389000,GYR9KWBB,Luân chuyển trả,OTHER,Chưa đóng kiện,12_24,(LDO) Đức Trọng 1
22389000,GYR9U4KH,Luân chuyển trả,OTHER,Không cần đóng kiện,12_24,(LDO) Đức Trọng 1
22357000,GYRBGCVN,Luân chuyển trả,OTHER,Chưa đóng kiện,12_24,(NTH) Thuận Nam
22389000,GYR6LB6F,Luân chuyển trả,OTHER,Không cần đóng kiện,12_24,(LDO) Đức Trọng 1
22483000,GYRNMYFN,Luân chuyển trả,OTHER,Chưa đóng kiện,6_12,(BTH) Hàm Thuận
21687000,GYRWKBT4,Luân chuyển giao,OTHER,Chưa đóng kiện,12_24,(LDO) Lang Biang - Đà Lạt 2
22704000,GYYYFM8D,Luân chuyển trả,OTHER,Chưa đóng kiện,6_12,(KHO) Nam Nha Trang 2
21687000,GYRWKD6Q,Luân chuyển giao,OTHER,Chưa đóng kiện,12_24,(LDO) Lang Biang - Đà Lạt 2
22483000,GYRB69HR,Luân chuyển trả,SHOPEE,Không cần đóng kiện,6_12,(BTH) Hàm Thuận
22483000,GYRN8886,Luân chuyển trả,SHOPEE,Chưa đóng kiện,12_24,(BTH) Hàm Thuận
22483000,GYRNM8VG,Luân chuyển trả,SHOPEE,Chưa đóng kiện,12_24,(BTH) Hàm Thuận
22483000,GYRNM8RL,Luân chuyển trả,SHOPEE,Chưa đóng kiện,12_24,(BTH) Hàm Thuận
21687000,GYR3Y3HL,Luân chuyển trả,SHOPEE,Chưa đóng kiện,12_24,(LDO) Lang Biang - Đà Lạt 2
22704000,GYRLN9MT,Luân chuyển trả,OTHER,Chưa đóng kiện,6_12,(KHO) Nam Nha Trang 2
22704000,GYRCWMRT,Luân chuyển trả,OTHER,Chưa đóng kiện,6_12,(KHO) Nam Nha Trang 2
21687000,GYR3MLRW,Luân chuyển trả,SHOPEE,Chưa đóng kiện,12_24,(LDO) Lang Biang - Đà Lạt 2
21687000,GYRB6P3P,Luân chuyển trả,SHOPEE,Chưa đóng kiện,12_24,(LDO) Lang Biang - Đà Lạt 2
22483000,GYRNMYCG,Luân chuyển trả,SHOPEE,Chưa đóng kiện,12_24,(BTH) Hàm Thuận
21687000,GYR36Q86,Luân chuyển trả,SHOPEE,Chưa đóng kiện,12_24,(LDO) Lang Biang - Đà Lạt 2
22425000,GYRF4AYW,Luân chuyển trả,SHOPEE,Không cần đóng kiện,24_36,(LDO) Tân Hà Lâm Hà
21687000,GYR3D8R9,Luân chuyển trả,SHOPEE,Chưa đóng kiện,12_24,(LDO) Lang Biang - Đà Lạt 2
21687000,GYRBQCQK,Luân chuyển trả,SHOPEE,Chưa đóng kiện,12_24,(LDO) Lang Biang - Đà Lạt 2
22425000,GYRUYXV4,Luân chuyển trả,OTHER,Chưa đóng kiện,24_36,(LDO) Tân Hà Lâm Hà
21687000,GYRB94RW,Luân chuyển trả,SHOPEE,Chưa đóng kiện,12_24,(LDO) Lang Biang - Đà Lạt 2
22425000,GYRV9HCG,Luân chuyển trả,OTHER,Chưa đóng kiện,24_36,(LDO) Tân Hà Lâm Hà
21687000,GYRBF6VV,Luân chuyển trả,SHOPEE,Chưa đóng kiện,12_24,(LDO) Lang Biang - Đà Lạt 2
22425000,GYRFV4DD,Luân chuyển trả,OTHER,Chưa đóng kiện,24_36,(LDO) Tân Hà Lâm Hà
21687000,GYRBR4DY,Luân chuyển trả,SHOPEE,Không cần đóng kiện,12_24,(LDO) Lang Biang - Đà Lạt 2
21687000,GYRB3BFG,Luân chuyển trả,SHOPEE,Chưa đóng kiện,12_24,(LDO) Lang Biang - Đà Lạt 2
21687000,GYRCNK9W,Luân chuyển trả,OTHER,Chưa đóng kiện,12_24,(LDO) Lang Biang - Đà Lạt 2
22774000,GYRQKBPY,Luân chuyển trả,OTHER,Chưa đóng kiện,6_12,(KHO) Diên Khánh 1
22774000,GYR9T7DK,Luân chuyển trả,OTHER,Chưa đóng kiện,6_12,(KHO) Diên Khánh 1
22774000,GYR9YTQB,Luân chuyển trả,OTHER,Chưa đóng kiện,6_12,(KHO) Diên Khánh 1
22425000,GYR6T4HU,Luân chuyển trả,SHOPEE,Chưa đóng kiện,24_36,(LDO) Tân Hà Lâm Hà
22483000,GYRP9N6M,Luân chuyển trả,SHOPEE,Chưa đóng kiện,12_24,(BTH) Hàm Thuận
22483000,GYRBBHH4,Luân chuyển trả,SHOPEE,Chưa đóng kiện,12_24,(BTH) Hàm Thuận
22483000,GYR4PXRG,Luân chuyển trả,OTHER,Chưa đóng kiện,12_24,(BTH) Hàm Thuận
22704000,GYRVP6RR,Luân chuyển trả,OTHER,Chưa đóng kiện,6_12,(KHO) Nam Nha Trang 2
22483000,GYRDPP7B,Luân chuyển trả,SHOPEE,Chưa đóng kiện,12_24,(BTH) Hàm Thuận
22483000,GYR46QMD_PR,Luân chuyển giao,OTHER,Chưa đóng kiện,12_24,(BTH) Hàm Thuận
22483000,GYRV9HM9,Luân chuyển trả,OTHER,Chưa đóng kiện,12_24,(BTH) Hàm Thuận
22483000,GYRBREA8,Luân chuyển trả,SHOPEE,Chưa đóng kiện,12_24,(BTH) Hàm Thuận
22483000,GYR37X4M,Luân chuyển trả,OTHER,Chưa đóng kiện,12_24,(BTH) Hàm Thuận
22704000,GYR6VAHR,Luân chuyển trả,OTHER,Chưa đóng kiện,6_12,(KHO) Nam Nha Trang 2
21687000,GYR6LRQB,Luân chuyển trả,OTHER,Chưa đóng kiện,12_24,(LDO) Lang Biang - Đà Lạt 2
21687000,GYR6U89L,Luân chuyển trả,OTHER,Chưa đóng kiện,12_24,(LDO) Lang Biang - Đà Lạt 2
21687000,GYR3PKA7,Luân chuyển trả,SHOPEE,Không cần đóng kiện,12_24,(LDO) Lang Biang - Đà Lạt 2
21687000,GYR6X9FB,Luân chuyển trả,SHOPEE,Chưa đóng kiện,12_24,(LDO) Lang Biang - Đà Lạt 2
22793000,GYRQEGVC,Luân chuyển trả,OTHER,Chưa đóng kiện,6_12,(KHO) Diên Thọ
22793000,GYRV74R4,Luân chuyển trả,OTHER,Chưa đóng kiện,6_12,(KHO) Diên Thọ
22793000,GYRVVT8T,Luân chuyển trả,OTHER,Chưa đóng kiện,6_12,(KHO) Diên Thọ
22793000,GYRV68WX,Luân chuyển trả,OTHER,Không cần đóng kiện,6_12,(KHO) Diên Thọ
22793000,GYRVRCHU,Luân chuyển trả,OTHER,Chưa đóng kiện,6_12,(KHO) Diên Thọ
22793000,GYRVRW6Y,Luân chuyển trả,OTHER,Chưa đóng kiện,6_12,(KHO) Diên Thọ
22793000,GYR6U4KE,Luân chuyển trả,OTHER,Chưa đóng kiện,6_12,(KHO) Diên Thọ
22793000,GYR6DMPE,Luân chuyển trả,OTHER,Chưa đóng kiện,6_12,(KHO) Diên Thọ
22793000,GYR64633,Luân chuyển trả,OTHER,Chưa đóng kiện,6_12,(KHO) Diên Thọ
22793000,GYR646Y8,Luân chuyển trả,OTHER,Chưa đóng kiện,6_12,(KHO) Diên Thọ
22793000,GYR64N7P,Luân chuyển trả,OTHER,Chưa đóng kiện,6_12,(KHO) Diên Thọ
22793000,GYRNUYPH,Luân chuyển trả,OTHER,Chưa đóng kiện,6_12,(KHO) Diên Thọ
22793000,OW1-085306,Luân chuyển trả,OTHER,Chưa đóng kiện,6_12,(KHO) Diên Thọ
22793000,GYRNCEA4,Luân chuyển trả,OTHER,Chưa đóng kiện,6_12,(KHO) Diên Thọ
22425000,GYRUNYDU,Luân chuyển trả,OTHER,Chưa đóng kiện,24_36,(LDO) Tân Hà Lâm Hà
22425000,GYR4KHEA,Luân chuyển giao,SHOPEE,Không cần đóng kiện,36_48,(LDO) Tân Hà Lâm Hà
22425000,GYRD9FDC,Luân chuyển trả,OTHER,Chưa đóng kiện,36_48,(LDO) Tân Hà Lâm Hà
22425000,GYRPVHY9,Luân chuyển trả,SHOPEE,Chưa đóng kiện,48_72,(LDO) Tân Hà Lâm Hà
22425000,GYR7W4RH,Luân chuyển trả,OTHER,Chưa đóng kiện,48_72,(LDO) Tân Hà Lâm Hà
22425000,GYYETTKY,Luân chuyển trả,OTHER,Không cần đóng kiện,72_96,(LDO) Tân Hà Lâm Hà
22425000,GYR7KKMU,Luân chuyển giao,OTHER,Không cần đóng kiện,96_120,(LDO) Tân Hà Lâm Hà
21687000,GYRNKGNM,Luân chuyển trả,SHOPEE,Chưa đóng kiện,12_24,(LDO) Lang Biang - Đà Lạt 2
21687000,GYRNT3BD,Luân chuyển trả,SHOPEE,Chưa đóng kiện,12_24,(LDO) Lang Biang - Đà Lạt 2
21687000,GYRDXV66,Luân chuyển trả,SHOPEE,Chưa đóng kiện,12_24,(LDO) Lang Biang - Đà Lạt 2
21687000,GYRDMF4N,Luân chuyển trả,SHOPEE,Chưa đóng kiện,12_24,(LDO) Lang Biang - Đà Lạt 2
21687000,GYRPF36K,Luân chuyển trả,SHOPEE,Chưa đóng kiện,12_24,(LDO) Lang Biang - Đà Lạt 2
21687000,GYRPGQQ7,Luân chuyển trả,SHOPEE,Chưa đóng kiện,12_24,(LDO) Lang Biang - Đà Lạt 2
21687000,GYRPUT4P,Luân chuyển trả,SHOPEE,Chưa đóng kiện,12_24,(LDO) Lang Biang - Đà Lạt 2
21687000,GYRPCDRL,Luân chuyển trả,SHOPEE,Chưa đóng kiện,12_24,(LDO) Lang Biang - Đà Lạt 2
21687000,GYRP9QCA,Luân chuyển trả,SHOPEE,Chưa đóng kiện,12_24,(LDO) Lang Biang - Đà Lạt 2
21687000,GYRB3EF9,Luân chuyển trả,SHOPEE,Chưa đóng kiện,12_24,(LDO) Lang Biang - Đà Lạt 2
21687000,GYRBXT73,Luân chuyển trả,SHOPEE,Chưa đóng kiện,12_24,(LDO) Lang Biang - Đà Lạt 2
21687000,GYRG3W6P,Luân chuyển trả,OTHER,Chưa đóng kiện,12_24,(LDO) Lang Biang - Đà Lạt 2
21687000,GYRG4RR3,Luân chuyển trả,OTHER,Chưa đóng kiện,12_24,(LDO) Lang Biang - Đà Lạt 2
21687000,GYRCMRG4,Luân chuyển trả,OTHER,Chưa đóng kiện,12_24,(LDO) Lang Biang - Đà Lạt 2
21687000,GYRVFM76,Luân chuyển trả,OTHER,Chưa đóng kiện,12_24,(LDO) Lang Biang - Đà Lạt 2
21687000,GYR6WH7D,Luân chuyển trả,SHOPEE,Chưa đóng kiện,12_24,(LDO) Lang Biang - Đà Lạt 2
21687000,GYRN6EW8,Luân chuyển trả,SHOPEE,Chưa đóng kiện,12_24,(LDO) Lang Biang - Đà Lạt 2
21687000,GYRKKHDP,Luân chuyển giao,SHOPEE,Chưa đóng kiện,12_24,(LDO) Lang Biang - Đà Lạt 2
21687000,GYRWKK3G,Luân chuyển giao,SHOPEE,Chưa đóng kiện,12_24,(LDO) Lang Biang - Đà Lạt 2
21687000,GYRW63E3,Luân chuyển giao,OTHER,Chưa đóng kiện,12_24,(LDO) Lang Biang - Đà Lạt 2
21687000,GYRKRF3E,Luân chuyển giao,OTHER,Chưa đóng kiện,12_24,(LDO) Lang Biang - Đà Lạt 2
21687000,GYRKYYRA,Luân chuyển giao,OTHER,Chưa đóng kiện,12_24,(LDO) Lang Biang - Đà Lạt 2
21687000,GYRKVQFR,Luân chuyển giao,SHOPEE,Chưa đóng kiện,12_24,(LDO) Lang Biang - Đà Lạt 2
21687000,GYRWUKE9,Luân chuyển giao,OTHER,Chưa đóng kiện,12_24,(LDO) Lang Biang - Đà Lạt 2
22363000,GYR37MCB,Luân chuyển trả,OTHER,Chưa đóng kiện,12_24,(KHO) Nam Nha Trang 3
21722000,VNGH80619009710,Luân chuyển trả,TTS,Chưa đóng kiện,6_12,(KHO) Tu Bông
22363000,GYR6L8V8,Luân chuyển trả,SHOPEE,Không cần đóng kiện,12_24,(KHO) Nam Nha Trang 3
22363000,GYRNUGEA,Luân chuyển trả,SHOPEE,Không cần đóng kiện,12_24,(KHO) Nam Nha Trang 3
22363000,GYRPLXWU,Luân chuyển trả,SHOPEE,Chưa đóng kiện,12_24,(KHO) Nam Nha Trang 3
22363000,GYR69DMK,Luân chuyển trả,SHOPEE,Không cần đóng kiện,12_24,(KHO) Nam Nha Trang 3
22363000,GYRVNVEM,Luân chuyển giao,SHOPEE,Không cần đóng kiện,120_192,(KHO) Nam Nha Trang 3
21722000,VNGH80132109804,Luân chuyển trả,TTS,Chưa đóng kiện,6_12,(KHO) Tu Bông
21722000,VNGH80232919801,Luân chuyển trả,TTS,Chưa đóng kiện,6_12,(KHO) Tu Bông
21722000,VNGH80989479801,Luân chuyển trả,TTS,Chưa đóng kiện,6_12,(KHO) Tu Bông
22051000,GYRWDNHW,Luân chuyển giao,OTHER,Chưa đóng kiện,12_24,(LDO) Lang Biang - Đà Lạt 1
22051000,GYRWNC43,Luân chuyển giao,OTHER,Chưa đóng kiện,12_24,(LDO) Lang Biang - Đà Lạt 1
22051000,GYRWURTY,Luân chuyển giao,OTHER,Chưa đóng kiện,12_24,(LDO) Lang Biang - Đà Lạt 1
22051000,GYRWVPBT,Luân chuyển giao,OTHER,Chưa đóng kiện,12_24,(LDO) Lang Biang - Đà Lạt 1
22051000,GYRWNLNL,Luân chuyển giao,OTHER,Chưa đóng kiện,12_24,(LDO) Lang Biang - Đà Lạt 1
22051000,GYRW6679,Luân chuyển giao,OTHER,Chưa đóng kiện,12_24,(LDO) Lang Biang - Đà Lạt 1
22048001,GYRKD7Q3,Luân chuyển giao,SHOPEE,Đã đóng kiện,12_24,(DNO) ĐL Nam Gia Nghĩa 2
22051000,GYRWN7KV,Luân chuyển giao,OTHER,Chưa đóng kiện,12_24,(LDO) Lang Biang - Đà Lạt 1
22051000,GYRWUV8Y,Luân chuyển giao,OTHER,Chưa đóng kiện,12_24,(LDO) Lang Biang - Đà Lạt 1
22051000,GYRWNWNG,Luân chuyển giao,OTHER,Chưa đóng kiện,12_24,(LDO) Lang Biang - Đà Lạt 1
22051000,GYRWNHHQ,Luân chuyển giao,OTHER,Chưa đóng kiện,12_24,(LDO) Lang Biang - Đà Lạt 1
22051000,GYRW6T4U,Luân chuyển giao,OTHER,Chưa đóng kiện,12_24,(LDO) Lang Biang - Đà Lạt 1
22051000,GYRWVE7T,Luân chuyển giao,OTHER,Chưa đóng kiện,12_24,(LDO) Lang Biang - Đà Lạt 1
22051000,GYRWD7DV,Luân chuyển giao,OTHER,Chưa đóng kiện,12_24,(LDO) Lang Biang - Đà Lạt 1
22051000,GYRWDUVK,Luân chuyển giao,OTHER,Chưa đóng kiện,12_24,(LDO) Lang Biang - Đà Lạt 1
22051000,GYRW6R8T,Luân chuyển giao,OTHER,Chưa đóng kiện,12_24,(LDO) Lang Biang - Đà Lạt 1
22051000,GYRWDQ3B,Luân chuyển giao,OTHER,Chưa đóng kiện,12_24,(LDO) Lang Biang - Đà Lạt 1
22051000,GYRWN6QC,Luân chuyển giao,OTHER,Chưa đóng kiện,12_24,(LDO) Lang Biang - Đà Lạt 1
22051000,GYRWNNMA,Luân chuyển giao,OTHER,Chưa đóng kiện,12_24,(LDO) Lang Biang - Đà Lạt 1
22051000,GYRWD9EF,Luân chuyển giao,OTHER,Chưa đóng kiện,12_24,(LDO) Lang Biang - Đà Lạt 1
22051000,GYRWNBA9,Luân chuyển giao,OTHER,Chưa đóng kiện,12_24,(LDO) Lang Biang - Đà Lạt 1
22051000,GYRWB64T,Luân chuyển giao,OTHER,Chưa đóng kiện,12_24,(LDO) Lang Biang - Đà Lạt 1
22051000,GYRW9UP4,Luân chuyển giao,OTHER,Không cần đóng kiện,12_24,(LDO) Lang Biang - Đà Lạt 1
22051000,GYRKRQCE,Luân chuyển giao,OTHER,Chưa đóng kiện,12_24,(LDO) Lang Biang - Đà Lạt 1
22051000,GYRWCKFR,Luân chuyển giao,OTHER,Không cần đóng kiện,12_24,(LDO) Lang Biang - Đà Lạt 1
22051000,GYR4GKKK,Luân chuyển trả,OTHER,Chưa đóng kiện,12_24,(LDO) Lang Biang - Đà Lạt 1
22051000,GYRNWKVY,Luân chuyển trả,OTHER,Chưa đóng kiện,12_24,(LDO) Lang Biang - Đà Lạt 1
22051000,GYRPWKGC,Luân chuyển giao,OTHER,Chưa đóng kiện,12_24,(LDO) Lang Biang - Đà Lạt 1
22051000,GYTELKCQ,Luân chuyển trả,OTHER,Đã đóng kiện,192,(LDO) Lang Biang - Đà Lạt 1
22048001,GYRKD7QB,Luân chuyển giao,SHOPEE,Đã đóng kiện,12_24,(DNO) ĐL Nam Gia Nghĩa 2
22357000,GYR3T8U8,Luân chuyển trả,OTHER,Chưa đóng kiện,12_24,(NTH) Thuận Nam
22357000,GYRBE4K9,Luân chuyển trả,OTHER,Chưa đóng kiện,12_24,(NTH) Thuận Nam
22793000,GYRNV4VX,Luân chuyển trả,OTHER,Chưa đóng kiện,6_12,(KHO) Diên Thọ
22389000,GYRVF9CH,Luân chuyển trả,OTHER,Chưa đóng kiện,12_24,(LDO) Đức Trọng 1
21516000,VNGH80649359902,Luân chuyển giao,TTS,Chưa đóng kiện,12_24,(LDO) Đức Trọng 2
20499000,GYRB3DYX,Luân chuyển trả,SHOPEE,Chưa đóng kiện,12_24,(NTH) Phước Dinh
22746000,GYRQKBPN,Luân chuyển trả,OTHER,Chưa đóng kiện,6_12,(KHO) Nam Nha Trang 1
22394000,GYRNBELK,Luân chuyển trả,OTHER,Chưa đóng kiện,24_36,(DNO) Quảng Tín
22774000,GYRVGPXF,Luân chuyển trả,OTHER,Chưa đóng kiện,6_12,(KHO) Diên Khánh 1
22483000,GYRP46MF,Luân chuyển trả,OTHER,Chưa đóng kiện,12_24,(BTH) Hàm Thuận
22704000,GYR64AR3,Luân chuyển trả,OTHER,Chưa đóng kiện,6_12,(KHO) Nam Nha Trang 2
22759000,GYRN96KQ,Luân chuyển trả,OTHER,Chưa đóng kiện,6_12,(LDO) Hòa Ninh
21722000,VNGH80418439803,Luân chuyển trả,TTS,Chưa đóng kiện,6_12,(KHO) Tu Bông
22116000,GYRDGUC9,Luân chuyển trả,OTHER,Không cần đóng kiện,12_24,(LDO) Xuân Trường - Đà Lạt
22048001,GYRKHKH6,Luân chuyển giao,SHOPEE,Đã đóng kiện,12_24,(DNO) ĐL Nam Gia Nghĩa 2
22830000,GYYUVMP3,Luân chuyển trả,OTHER,Chưa đóng kiện,6_12,(KHO) Cam Linh
22793000,GYRNBURK,Luân chuyển trả,OTHER,Chưa đóng kiện,6_12,(KHO) Diên Thọ
22389000,GYRNT6LB,Luân chuyển trả,OTHER,Chưa đóng kiện,12_24,(LDO) Đức Trọng 1
20499000,GYRP76M4,Luân chuyển trả,OTHER,Chưa đóng kiện,12_24,(NTH) Phước Dinh
21687000,GYRKVB8V,Luân chuyển giao,OTHER,Chưa đóng kiện,12_24,(LDO) Lang Biang - Đà Lạt 2
22357000,GYRBBLP8,Luân chuyển trả,OTHER,Chưa đóng kiện,12_24,(NTH) Thuận Nam
22483000,GYRWLDC6,Luân chuyển giao,OTHER,Chưa đóng kiện,12_24,(BTH) Hàm Thuận
21722000,VNGH80686429802,Luân chuyển trả,TTS,Chưa đóng kiện,6_12,(KHO) Tu Bông
22048001,GYRWPY9U,Luân chuyển giao,OTHER,Đã đóng kiện,12_24,(DNO) ĐL Nam Gia Nghĩa 2
22048001,GYRWPW6N,Luân chuyển giao,OTHER,Đã đóng kiện,12_24,(DNO) ĐL Nam Gia Nghĩa 2
22048001,GYRWPW6P,Luân chuyển giao,OTHER,Đã đóng kiện,12_24,(DNO) ĐL Nam Gia Nghĩa 2
22048001,GYRWPVRD,Luân chuyển giao,OTHER,Đã đóng kiện,12_24,(DNO) ĐL Nam Gia Nghĩa 2
22048001,GYRWPU9W,Luân chuyển giao,OTHER,Đã đóng kiện,12_24,(DNO) ĐL Nam Gia Nghĩa 2
22048001,GYRWPU9B,Luân chuyển giao,OTHER,Đã đóng kiện,12_24,(DNO) ĐL Nam Gia Nghĩa 2
22048001,GYRWPRAW,Luân chuyển giao,OTHER,Đã đóng kiện,12_24,(DNO) ĐL Nam Gia Nghĩa 2
22048001,GYRWPAL6,Luân chuyển giao,OTHER,Đã đóng kiện,12_24,(DNO) ĐL Nam Gia Nghĩa 2
22048001,GYRWPBHK,Luân chuyển giao,OTHER,Đã đóng kiện,12_24,(DNO) ĐL Nam Gia Nghĩa 2
22759000,GYRN6K33,Luân chuyển trả,OTHER,Chưa đóng kiện,6_12,(LDO) Hòa Ninh
22048001,GYRWNNLN,Luân chuyển giao,OTHER,Đã đóng kiện,12_24,(DNO) ĐL Nam Gia Nghĩa 2
21687000,GYRVRWAN,Luân chuyển trả,OTHER,Chưa đóng kiện,12_24,(LDO) Lang Biang - Đà Lạt 2
22048001,GYRWNNL4,Luân chuyển giao,OTHER,Đã đóng kiện,12_24,(DNO) ĐL Nam Gia Nghĩa 2
22048001,GYRWFK63,Luân chuyển giao,OTHER,Đã đóng kiện,12_24,(DNO) ĐL Nam Gia Nghĩa 2
22048001,GYRWCEFY,Luân chuyển giao,OTHER,Đã đóng kiện,12_24,(DNO) ĐL Nam Gia Nghĩa 2
22048001,GYRPH7WV,Luân chuyển giao,OTHER,Đã đóng kiện,12_24,(DNO) ĐL Nam Gia Nghĩa 2
22048001,GYRWCN9G,Luân chuyển giao,OTHER,Đã đóng kiện,12_24,(DNO) ĐL Nam Gia Nghĩa 2
22048001,GYRWCEF8,Luân chuyển giao,OTHER,Đã đóng kiện,12_24,(DNO) ĐL Nam Gia Nghĩa 2
22048001,GYRWPLXR,Luân chuyển giao,OTHER,Đã đóng kiện,12_24,(DNO) ĐL Nam Gia Nghĩa 2
22048001,GYRWNA6A,Luân chuyển giao,OTHER,Đã đóng kiện,12_24,(DNO) ĐL Nam Gia Nghĩa 2
22048001,GYRWNA6N,Luân chuyển giao,OTHER,Đã đóng kiện,12_24,(DNO) ĐL Nam Gia Nghĩa 2
22048001,GYRWCN9U,Luân chuyển giao,OTHER,Đã đóng kiện,12_24,(DNO) ĐL Nam Gia Nghĩa 2
22048001,GYRWCN97,Luân chuyển giao,OTHER,Đã đóng kiện,12_24,(DNO) ĐL Nam Gia Nghĩa 2
22048001,GYRWCN9C,Luân chuyển giao,OTHER,Đã đóng kiện,12_24,(DNO) ĐL Nam Gia Nghĩa 2
22048001,GYRWB7A4,Luân chuyển giao,OTHER,Đã đóng kiện,12_24,(DNO) ĐL Nam Gia Nghĩa 2
22759000,VNGH80486979803,Luân chuyển trả,TTS,Chưa đóng kiện,6_12,(LDO) Hòa Ninh
22357000,GYRWWFXT,Luân chuyển giao,OTHER,Chưa đóng kiện,12_24,(NTH) Thuận Nam
22357000,GYRWKDYN,Luân chuyển giao,OTHER,Chưa đóng kiện,12_24,(NTH) Thuận Nam
22357000,GYRK8DH4,Luân chuyển giao,SHOPEE,Chưa đóng kiện,12_24,(NTH) Thuận Nam
22357000,GYRPNANK,Luân chuyển trả,OTHER,Chưa đóng kiện,12_24,(NTH) Thuận Nam
21516000,GYRN38QB,Luân chuyển trả,OTHER,Chưa đóng kiện,12_24,(LDO) Đức Trọng 2
21516000,GYR6HF9C,Luân chuyển trả,OTHER,Chưa đóng kiện,12_24,(LDO) Đức Trọng 2
21516000,GYRBRQMP,Luân chuyển giao,OTHER,Không cần đóng kiện,12_24,(LDO) Đức Trọng 2
21516000,GYRVHYMK,Luân chuyển giao,OTHER,Chưa đóng kiện,12_24,(LDO) Đức Trọng 2
21722000,VNGH80315219802,Luân chuyển trả,TTS,Không cần đóng kiện,6_12,(KHO) Tu Bông
21516000,GYRBXRRC,Luân chuyển giao,SHOPEE,Chưa đóng kiện,12_24,(LDO) Đức Trọng 2
21722000,VNGH80059459709,Luân chuyển trả,TTS,Chưa đóng kiện,6_12,(KHO) Tu Bông
21722000,VNGH80772079707,Luân chuyển trả,TTS,Chưa đóng kiện,6_12,(KHO) Tu Bông
21722000,VNGH80540139710,Luân chuyển trả,TTS,Chưa đóng kiện,6_12,(KHO) Tu Bông
21722000,VNGH80526559707,Luân chuyển trả,TTS,Chưa đóng kiện,6_12,(KHO) Tu Bông
21722000,VNGH80684509710,Luân chuyển trả,TTS,Chưa đóng kiện,6_12,(KHO) Tu Bông
21722000,VNGH80298929707,Luân chuyển trả,TTS,Chưa đóng kiện,6_12,(KHO) Tu Bông
21516000,GYR3CRFF,Luân chuyển giao,SHOPEE,Chưa đóng kiện,12_24,(LDO) Đức Trọng 2
22759000,VNGH80695409710,Luân chuyển trả,TTS,Chưa đóng kiện,6_12,(LDO) Hòa Ninh
22048001,GYRWCH9M,Luân chuyển giao,OTHER,Đã đóng kiện,12_24,(DNO) ĐL Nam Gia Nghĩa 2
21722000,VNGH80016639705,Luân chuyển trả,TTS,Không cần đóng kiện,6_12,(KHO) Tu Bông
21722000,GYRNDP4F,Luân chuyển trả,OTHER,Chưa đóng kiện,6_12,(KHO) Tu Bông
22048001,GYRW9D7G,Luân chuyển giao,OTHER,Đã đóng kiện,12_24,(DNO) ĐL Nam Gia Nghĩa 2
22759000,VNGH80430529803,Luân chuyển trả,TTS,Chưa đóng kiện,6_12,(LDO) Hòa Ninh
21722000,GYRP6GPK,Luân chuyển trả,OTHER,Chưa đóng kiện,6_12,(KHO) Tu Bông
21722000,GYRDY34U,Luân chuyển trả,OTHER,Chưa đóng kiện,12_24,(KHO) Tu Bông
22704000,GYR6YXHQ,Luân chuyển trả,OTHER,Chưa đóng kiện,6_12,(KHO) Nam Nha Trang 2
22704000,GYRN7AFM,Luân chuyển trả,OTHER,Chưa đóng kiện,6_12,(KHO) Nam Nha Trang 2
22704000,GYRNUU4H,Luân chuyển trả,OTHER,Không cần đóng kiện,6_12,(KHO) Nam Nha Trang 2
22704000,GYRNDAB7,Luân chuyển trả,OTHER,Không cần đóng kiện,6_12,(KHO) Nam Nha Trang 2
21516000,GYRP8LBR,Luân chuyển trả,OTHER,Chưa đóng kiện,24_36,(LDO) Đức Trọng 2
21516000,GYRNFTBV,Luân chuyển trả,OTHER,Chưa đóng kiện,24_36,(LDO) Đức Trọng 2
21516000,GYR93PX7,Luân chuyển trả,OTHER,Chưa đóng kiện,36_48,(LDO) Đức Trọng 2
21516000,GYRDBYP3,Luân chuyển trả,OTHER,Chưa đóng kiện,36_48,(LDO) Đức Trọng 2
22704000,VNGH80771089805,Luân chuyển trả,TTS,Chưa đóng kiện,6_12,(KHO) Nam Nha Trang 2
21516000,GYRGB9N9,Luân chuyển trả,OTHER,Chưa đóng kiện,36_48,(LDO) Đức Trọng 2
22746000,GYR94DUX,Luân chuyển trả,OTHER,Chưa đóng kiện,6_12,(KHO) Nam Nha Trang 1
22048001,GYRWB7A3,Luân chuyển giao,OTHER,Đã đóng kiện,12_24,(DNO) ĐL Nam Gia Nghĩa 2
22357000,GYR4EDFD,Luân chuyển giao,SHOPEE,Không cần đóng kiện,12_24,(NTH) Thuận Nam
20499000,GYRK338F,Luân chuyển giao,SHOPEE,Không cần đóng kiện,12_24,(NTH) Phước Dinh
22357000,GYRK9MUU,Luân chuyển giao,SHOPEE,Không cần đóng kiện,12_24,(NTH) Thuận Nam
22357000,GYRK9WML,Luân chuyển giao,SHOPEE,Chưa đóng kiện,12_24,(NTH) Thuận Nam
22357000,GYRKUYTL,Luân chuyển giao,SHOPEE,Chưa đóng kiện,12_24,(NTH) Thuận Nam
22704000,VNGH80285669805,Luân chuyển trả,TTS,Chưa đóng kiện,6_12,(KHO) Nam Nha Trang 2
22048001,GYRW9A3H,Luân chuyển giao,OTHER,Đã đóng kiện,12_24,(DNO) ĐL Nam Gia Nghĩa 2
20499000,GYR6QWQW,Luân chuyển trả,OTHER,Chưa đóng kiện,24_36,(NTH) Phước Dinh
22048001,GYRWCHV7,Luân chuyển giao,OTHER,Đã đóng kiện,12_24,(DNO) ĐL Nam Gia Nghĩa 2
22048001,GYRKMKVV,Luân chuyển giao,OTHER,Đã đóng kiện,12_24,(DNO) ĐL Nam Gia Nghĩa 2
22861000,GYR4V9AD,Luân chuyển trả,OTHER,Chưa đóng kiện,0_6,(NTH) Phan Rang
20499000,GYR6LHUK,Luân chuyển trả,OTHER,Chưa đóng kiện,24_36,(NTH) Phước Dinh
22793000,GYRNB3NV,Luân chuyển trả,OTHER,Chưa đóng kiện,6_12,(KHO) Diên Thọ
22357000,GYRKGCYA,Luân chuyển giao,SHOPEE,Chưa đóng kiện,12_24,(NTH) Thuận Nam
22357000,VNGH80856339908,Luân chuyển giao,TTS,Chưa đóng kiện,12_24,(NTH) Thuận Nam
22357000,GYR4QA9R,Luân chuyển giao,OTHER,Chưa đóng kiện,24_36,(NTH) Thuận Nam
22793000,GYRD4QFF,Luân chuyển trả,OTHER,Chưa đóng kiện,6_12,(KHO) Diên Thọ
21687000,GYRNUH63,Luân chuyển trả,OTHER,Chưa đóng kiện,12_24,(LDO) Lang Biang - Đà Lạt 2
22759000,VNGH80278919710,Luân chuyển trả,TTS,Chưa đóng kiện,6_12,(LDO) Hòa Ninh
22483000,GYRWLD3H,Luân chuyển giao,OTHER,Chưa đóng kiện,12_24,(BTH) Hàm Thuận
22793000,VNGH80795199710,Luân chuyển trả,TTS,Không cần đóng kiện,6_12,(KHO) Diên Thọ
22483000,GYR66LHF,Luân chuyển trả,OTHER,Chưa đóng kiện,24_36,(BTH) Hàm Thuận
22483000,GYRFA6KC,Luân chuyển trả,OTHER,Chưa đóng kiện,120_192,(BTH) Hàm Thuận
22389000,GYRWWNHH,Luân chuyển giao,OTHER,Chưa đóng kiện,12_24,(LDO) Đức Trọng 1
22793000,VNGH80554049801,Luân chuyển trả,TTS,Chưa đóng kiện,6_12,(KHO) Diên Thọ
22389000,GYRKM6A9,Luân chuyển giao,OTHER,Chưa đóng kiện,12_24,(LDO) Đức Trọng 1
22793000,VNGH80307879707,Luân chuyển trả,TTS,Không cần đóng kiện,6_12,(KHO) Diên Thọ
22389000,GYRK7FBD,Luân chuyển giao,OTHER,Chưa đóng kiện,12_24,(LDO) Đức Trọng 1
22389000,GYRKV63X,Luân chuyển giao,SHOPEE,Không cần đóng kiện,12_24,(LDO) Đức Trọng 1
22774000,GYRVXKNT,Luân chuyển trả,OTHER,Chưa đóng kiện,6_12,(KHO) Diên Khánh 1
22774000,GYRVATCB,Luân chuyển trả,OTHER,Không cần đóng kiện,6_12,(KHO) Diên Khánh 1
22774000,GYR6L9FA,Luân chuyển trả,OTHER,Chưa đóng kiện,6_12,(KHO) Diên Khánh 1
21722000,GYR4LTT8,Luân chuyển trả,SHOPEE,Không cần đóng kiện,12_24,(KHO) Tu Bông
22774000,GYR6LAMM,Luân chuyển trả,OTHER,Chưa đóng kiện,6_12,(KHO) Diên Khánh 1
21722000,GYRPG7CE,Luân chuyển trả,SHOPEE,Chưa đóng kiện,12_24,(KHO) Tu Bông
22774000,GYR66NBU,Luân chuyển trả,OTHER,Chưa đóng kiện,6_12,(KHO) Diên Khánh 1
22774000,GYR6PV6L,Luân chuyển trả,OTHER,Chưa đóng kiện,6_12,(KHO) Diên Khánh 1
22774000,GYR64X6E,Luân chuyển trả,OTHER,Chưa đóng kiện,6_12,(KHO) Diên Khánh 1
22774000,GYRNPAQ6,Luân chuyển trả,OTHER,Chưa đóng kiện,6_12,(KHO) Diên Khánh 1
22774000,GYRNBHY9,Luân chuyển trả,OTHER,Chưa đóng kiện,6_12,(KHO) Diên Khánh 1
22389000,GYRCLVAQ,Luân chuyển trả,OTHER,Không cần đóng kiện,12_24,(LDO) Đức Trọng 1
21687000,GYR6C9PD,Luân chuyển trả,OTHER,Chưa đóng kiện,12_24,(LDO) Lang Biang - Đà Lạt 2
22394000,GYRVPLFW,Luân chuyển trả,SHOPEE,Không cần đóng kiện,48_72,(DNO) Quảng Tín
22704000,VNGH80934069709,Luân chuyển trả,TTS,Chưa đóng kiện,6_12,(KHO) Nam Nha Trang 2
22394000,GYYMNGCY,Luân chuyển giao,OTHER,Chưa đóng kiện,192,(DNO) Quảng Tín
22861000,GYRQKBPH,Luân chuyển trả,OTHER,Chưa đóng kiện,6_12,(NTH) Phan Rang
22116000,GYRWGQWP,Luân chuyển giao,OTHER,Chưa đóng kiện,12_24,(LDO) Xuân Trường - Đà Lạt
20499000,VNGH80068089708,Luân chuyển trả,TTS,Không cần đóng kiện,24_36,(NTH) Phước Dinh
22830000,GYR7UQL9,Luân chuyển trả,OTHER,Chưa đóng kiện,6_12,(KHO) Cam Linh
22793000,VNGH80442079707,Luân chuyển trả,TTS,Chưa đóng kiện,6_12,(KHO) Diên Thọ
22746000,GYR67MTN,Luân chuyển trả,OTHER,Chưa đóng kiện,6_12,(KHO) Nam Nha Trang 1
21722000,GYRB3P6W,Luân chuyển trả,SHOPEE,Chưa đóng kiện,12_24,(KHO) Tu Bông
21722000,GYRPC996,Luân chuyển trả,SHOPEE,Chưa đóng kiện,12_24,(KHO) Tu Bông
21722000,GYRBLG9A,Luân chuyển trả,SHOPEE,Chưa đóng kiện,12_24,(KHO) Tu Bông
22793000,VNGH80030129707,Luân chuyển trả,TTS,Chưa đóng kiện,6_12,(KHO) Diên Thọ
22793000,VNGH80266709708,Luân chuyển trả,TTS,Chưa đóng kiện,6_12,(KHO) Diên Thọ
21722000,GYRB6KAF,Luân chuyển trả,OTHER,Chưa đóng kiện,12_24,(KHO) Tu Bông
22830000,GYRCQXVV,Luân chuyển trả,OTHER,Chưa đóng kiện,6_12,(KHO) Cam Linh
22830000,GYRC9YFB,Luân chuyển trả,OTHER,Chưa đóng kiện,6_12,(KHO) Cam Linh
21722000,GYRPQ9H4,Luân chuyển trả,SHOPEE,Không cần đóng kiện,12_24,(KHO) Tu Bông
21722000,GYRP4K6W,Luân chuyển trả,OTHER,Chưa đóng kiện,12_24,(KHO) Tu Bông
22389000,GYR37QX3,Luân chuyển trả,OTHER,Chưa đóng kiện,12_24,(LDO) Đức Trọng 1
22389000,GYRCGK8B,Luân chuyển trả,OTHER,Chưa đóng kiện,12_24,(LDO) Đức Trọng 1
22389000,GYR4VDNC,Luân chuyển giao,OTHER,Chưa đóng kiện,12_24,(LDO) Đức Trọng 1
23098000,GYRD6YVQ,Luân chuyển trả,SHOPEE,Không cần đóng kiện,6_12,(KHO) CK Diên Điền
22704000,VNGH80166369804,Luân chuyển trả,TTS,Không cần đóng kiện,6_12,(KHO) Nam Nha Trang 2
22774000,VNGH80961429710,Luân chuyển trả,TTS,Chưa đóng kiện,6_12,(KHO) Diên Khánh 1
22116000,GYR4EQWW,Luân chuyển giao,OTHER,Chưa đóng kiện,12_24,(LDO) Xuân Trường - Đà Lạt
20499000,VNGH80219389706,Luân chuyển trả,TTS,Không cần đóng kiện,24_36,(NTH) Phước Dinh
22861000,GYR9D4MV,Luân chuyển trả,OTHER,Chưa đóng kiện,6_12,(NTH) Phan Rang
22759000,VNGH80074689704,Luân chuyển trả,TTS,Chưa đóng kiện,6_12,(LDO) Hòa Ninh
22793000,GYRNC9WA,Luân chuyển trả,SHOPEE,Chưa đóng kiện,12_24,(KHO) Diên Thọ
21687000,GYRVEPYQ,Luân chuyển trả,OTHER,Chưa đóng kiện,12_24,(LDO) Lang Biang - Đà Lạt 2
22746000,GYR6GUHA,Luân chuyển trả,OTHER,Chưa đóng kiện,6_12,(KHO) Nam Nha Trang 1
23015000,GYR9GNEC,Luân chuyển trả,OTHER,Chưa đóng kiện,6_12,(LDO) Bảo Lâm 3
23098000,GYRV7WXU,Luân chuyển trả,OTHER,Không cần đóng kiện,24_36,(KHO) CK Diên Điền
21722000,GYRPRV4W,Luân chuyển trả,OTHER,Chưa đóng kiện,12_24,(KHO) Tu Bông
22830000,GYR9F9V8,Luân chuyển trả,OTHER,Chưa đóng kiện,6_12,(KHO) Cam Linh
23189000,GYR9DAK7,Luân chuyển trả,OTHER,Chưa đóng kiện,6_12,(LDO) D'Ran
22774000,VNGH80416939709,Luân chuyển trả,TTS,Chưa đóng kiện,6_12,(KHO) Diên Khánh 1
22704000,VNGH80996449802,Luân chuyển trả,TTS,Chưa đóng kiện,6_12,(KHO) Nam Nha Trang 2
22116000,GYRKGM3P,Luân chuyển giao,OTHER,Chưa đóng kiện,12_24,(LDO) Xuân Trường - Đà Lạt
20694000,GYR4MTNF,Luân chuyển giao,OTHER,Chưa đóng kiện,0_6,(KHO) Tân Định
22759000,VNGH80014869710,Luân chuyển trả,TTS,Không cần đóng kiện,6_12,(LDO) Hòa Ninh
22704000,VNGH80399569710,Luân chuyển trả,TTS,Chưa đóng kiện,6_12,(KHO) Nam Nha Trang 2
22759000,VNGH80816249706,Luân chuyển trả,TTS,Chưa đóng kiện,6_12,(LDO) Hòa Ninh
22116000,GYR4MEKP,Luân chuyển giao,OTHER,Chưa đóng kiện,12_24,(LDO) Xuân Trường - Đà Lạt
22116000,GYRKWMYP,Luân chuyển giao,SHOPEE,Chưa đóng kiện,12_24,(LDO) Xuân Trường - Đà Lạt
20499000,VNGH80649079705,Luân chuyển trả,TTS,Chưa đóng kiện,24_36,(NTH) Phước Dinh
23205000,GYYXDEAB,Luân chuyển trả,OTHER,Chưa đóng kiện,0_6,(DNO) Nhân Cơ 1
21687000,GYRBCC4D,Luân chuyển trả,SHOPEE,Chưa đóng kiện,12_24,(LDO) Lang Biang - Đà Lạt 2
22861000,GYR9PV6M,Luân chuyển trả,OTHER,Chưa đóng kiện,6_12,(NTH) Phan Rang
22793000,GYRNVU8K,Luân chuyển trả,OTHER,Chưa đóng kiện,12_24,(KHO) Diên Thọ
21722000,GYRDRFQW,Luân chuyển trả,SHOPEE,Chưa đóng kiện,12_24,(KHO) Tu Bông
22830000,GYR9VACN,Luân chuyển trả,OTHER,Chưa đóng kiện,6_12,(KHO) Cam Linh
22746000,GYR6V4VE,Luân chuyển trả,OTHER,Chưa đóng kiện,6_12,(KHO) Nam Nha Trang 1
20694000,GYRVDAU8,Luân chuyển trả,OTHER,Chưa đóng kiện,6_12,(KHO) Tân Định
22759000,VNGH80668729801,Luân chuyển trả,TTS,Chưa đóng kiện,6_12,(LDO) Hòa Ninh
22774000,VNGH80989839710,Luân chuyển trả,TTS,Chưa đóng kiện,6_12,(KHO) Diên Khánh 1
22704000,VNGH80077519710,Luân chuyển trả,TTS,Chưa đóng kiện,6_12,(KHO) Nam Nha Trang 2
23189000,GYR9TWLK,Luân chuyển trả,OTHER,Chưa đóng kiện,6_12,(LDO) D'Ran
22861000,GYR9K3L4,Luân chuyển trả,OTHER,Chưa đóng kiện,6_12,(NTH) Phan Rang
23015000,GYRVATMA,Luân chuyển trả,OTHER,Chưa đóng kiện,6_12,(LDO) Bảo Lâm 3
23015000,GYRVMP44,Luân chuyển trả,OTHER,Chưa đóng kiện,6_12,(LDO) Bảo Lâm 3
23015000,GYR6VB6L,Luân chuyển trả,OTHER,Chưa đóng kiện,6_12,(LDO) Bảo Lâm 3
23015000,GYR6DDYT,Luân chuyển trả,OTHER,Chưa đóng kiện,6_12,(LDO) Bảo Lâm 3
23015000,VNGH80955329804,Luân chuyển trả,TTS,Chưa đóng kiện,6_12,(LDO) Bảo Lâm 3
23015000,VNGH80995239805,Luân chuyển trả,TTS,Chưa đóng kiện,6_12,(LDO) Bảo Lâm 3
23015000,VNGH80128399708,Luân chuyển trả,TTS,Chưa đóng kiện,6_12,(LDO) Bảo Lâm 3
23015000,VNGH80475459802,Luân chuyển trả,TTS,Chưa đóng kiện,6_12,(LDO) Bảo Lâm 3
23015000,VNGH80051459708,Luân chuyển trả,TTS,Chưa đóng kiện,6_12,(LDO) Bảo Lâm 3
23015000,VNGH80577599705,Luân chuyển trả,TTS,Không cần đóng kiện,6_12,(LDO) Bảo Lâm 3
23015000,VNGH80461829708,Luân chuyển trả,TTS,Chưa đóng kiện,6_12,(LDO) Bảo Lâm 3
23015000,VNGH80778439705,Luân chuyển trả,TTS,Không cần đóng kiện,6_12,(LDO) Bảo Lâm 3
23015000,VNGH80974079801,Luân chuyển trả,TTS,Chưa đóng kiện,6_12,(LDO) Bảo Lâm 3
23015000,VNGH80164519708,Luân chuyển trả,TTS,Chưa đóng kiện,6_12,(LDO) Bảo Lâm 3
23015000,VNGH80490819710,Luân chuyển trả,TTS,Chưa đóng kiện,6_12,(LDO) Bảo Lâm 3
23015000,GYRVB3UM,Luân chuyển trả,OTHER,Chưa đóng kiện,6_12,(LDO) Bảo Lâm 3
23015000,GYRNN766,Luân chuyển trả,SHOPEE,Chưa đóng kiện,6_12,(LDO) Bảo Lâm 3
23015000,GYRDQH49,Luân chuyển trả,SHOPEE,Chưa đóng kiện,6_12,(LDO) Bảo Lâm 3
23015000,GYRDDRUU,Luân chuyển trả,SHOPEE,Chưa đóng kiện,6_12,(LDO) Bảo Lâm 3
23015000,GYRDRYGC,Luân chuyển trả,SHOPEE,Không cần đóng kiện,6_12,(LDO) Bảo Lâm 3
23015000,GYRDMF4G,Luân chuyển trả,SHOPEE,Chưa đóng kiện,6_12,(LDO) Bảo Lâm 3
23015000,GYRDMWXV,Luân chuyển trả,SHOPEE,Chưa đóng kiện,6_12,(LDO) Bảo Lâm 3
23015000,GYRDMYRH,Luân chuyển trả,SHOPEE,Chưa đóng kiện,6_12,(LDO) Bảo Lâm 3
23015000,VNGH80729209704,Luân chuyển trả,TTS,Chưa đóng kiện,6_12,(LDO) Bảo Lâm 3
23015000,GYRWNWEN,Luân chuyển giao,SHOPEE,Chưa đóng kiện,6_12,(LDO) Bảo Lâm 3
23015000,GYRWNW8C,Luân chuyển giao,SHOPEE,Chưa đóng kiện,6_12,(LDO) Bảo Lâm 3
22861000,GYR9TCWA,Luân chuyển trả,OTHER,Chưa đóng kiện,6_12,(NTH) Phan Rang
23189000,GYRVTWAN,Luân chuyển trả,OTHER,Chưa đóng kiện,6_12,(LDO) D'Ran
22861000,GYRVGUKD,Luân chuyển trả,OTHER,Chưa đóng kiện,6_12,(NTH) Phan Rang
22861000,GYRVDVB4,Luân chuyển trả,OTHER,Chưa đóng kiện,6_12,(NTH) Phan Rang
23205000,VNGH80365459808,Luân chuyển giao,TTS,Không cần đóng kiện,0_6,(DNO) Nhân Cơ 1
23015000,GYRWPBFA,Luân chuyển giao,OTHER,Chưa đóng kiện,12_24,(LDO) Bảo Lâm 3
23205000,GYR9DCW4,Luân chuyển trả,OTHER,Chưa đóng kiện,6_12,(DNO) Nhân Cơ 1
22759000,VNGH80829829707,Luân chuyển trả,TTS,Chưa đóng kiện,6_12,(LDO) Hòa Ninh
23205000,GYR9YWD3,Luân chuyển trả,OTHER,Chưa đóng kiện,6_12,(DNO) Nhân Cơ 1
22759000,VNGH80412619707,Luân chuyển trả,TTS,Chưa đóng kiện,6_12,(LDO) Hòa Ninh
23205000,GYRVLNNP,Luân chuyển trả,OTHER,Chưa đóng kiện,6_12,(DNO) Nhân Cơ 1
21687000,GYRBCC49,Luân chuyển trả,SHOPEE,Chưa đóng kiện,12_24,(LDO) Lang Biang - Đà Lạt 2
22759000,VNGH80152619704,Luân chuyển trả,TTS,Không cần đóng kiện,6_12,(LDO) Hòa Ninh
23205000,GYRVUVCA,Luân chuyển trả,OTHER,Chưa đóng kiện,6_12,(DNO) Nhân Cơ 1
22759000,VNGH80858339707,Luân chuyển trả,TTS,Không cần đóng kiện,6_12,(LDO) Hòa Ninh
23205000,GYRVVTXA,Luân chuyển trả,OTHER,Chưa đóng kiện,6_12,(DNO) Nhân Cơ 1
22759000,VNGH80895119708,Luân chuyển trả,TTS,Không cần đóng kiện,6_12,(LDO) Hòa Ninh
23205000,GYRVDBQP,Luân chuyển trả,OTHER,Chưa đóng kiện,6_12,(DNO) Nhân Cơ 1
22759000,VNGH80628699706,Luân chuyển trả,TTS,Chưa đóng kiện,6_12,(LDO) Hòa Ninh
23205000,GYRVAHRC,Luân chuyển trả,OTHER,Chưa đóng kiện,6_12,(DNO) Nhân Cơ 1
22759000,VNGH80060709707,Luân chuyển trả,TTS,Chưa đóng kiện,6_12,(LDO) Hòa Ninh
23205000,GYRVMVDX,Luân chuyển trả,OTHER,Chưa đóng kiện,6_12,(DNO) Nhân Cơ 1
22759000,VNGH80408739703,Luân chuyển trả,TTS,Chưa đóng kiện,6_12,(LDO) Hòa Ninh
23205000,GYRNNC3T,Luân chuyển trả,OTHER,Chưa đóng kiện,6_12,(DNO) Nhân Cơ 1
22759000,GYRVGFBY,Luân chuyển trả,OTHER,Chưa đóng kiện,6_12,(LDO) Hòa Ninh
23205000,GYRWTGFV,Luân chuyển giao,OTHER,Chưa đóng kiện,12_24,(DNO) Nhân Cơ 1
23189000,S1636033109O33856,Luân chuyển trả,OTHER,Chưa đóng kiện,6_12,(LDO) D'Ran
23205000,GYRBM6AT,Luân chuyển trả,SHOPEE,Chưa đóng kiện,12_24,(DNO) Nhân Cơ 1
23189000,GYRKPVAL,Luân chuyển giao,SHOPEE,Chưa đóng kiện,6_12,(LDO) D'Ran
23205000,GYR39WCX,Luân chuyển trả,SHOPEE,Chưa đóng kiện,12_24,(DNO) Nhân Cơ 1
21687000,GYRBCC3X,Luân chuyển trả,SHOPEE,Chưa đóng kiện,12_24,(LDO) Lang Biang - Đà Lạt 2
23189000,GYRKPV3D,Luân chuyển giao,SHOPEE,Không cần đóng kiện,6_12,(LDO) D'Ran
23205000,GYRPGHHQ,Luân chuyển trả,OTHER,Chưa đóng kiện,12_24,(DNO) Nhân Cơ 1
21687000,GYRBCCKA,Luân chuyển trả,SHOPEE,Chưa đóng kiện,12_24,(LDO) Lang Biang - Đà Lạt 2
23189000,GYRWGFFT,Luân chuyển giao,SHOPEE,Không cần đóng kiện,6_12,(LDO) D'Ran
23205000,GYRNMFGC,Luân chuyển trả,OTHER,Chưa đóng kiện,12_24,(DNO) Nhân Cơ 1
23189000,GYRKPVVR,Luân chuyển giao,SHOPEE,Không cần đóng kiện,6_12,(LDO) D'Ran
23205000,GYR7D99C,Luân chuyển trả,OTHER,Chưa đóng kiện,12_24,(DNO) Nhân Cơ 1
23189000,GYRKPVVY,Luân chuyển giao,SHOPEE,Không cần đóng kiện,6_12,(LDO) D'Ran
23205000,GY8TCPKX,Luân chuyển giao,OTHER,Chưa đóng kiện,12_24,(DNO) Nhân Cơ 1
23189000,GYRKPVVM,Luân chuyển giao,SHOPEE,Không cần đóng kiện,6_12,(LDO) D'Ran
23205000,VNGH80286539805,Luân chuyển giao,TTS,Chưa đóng kiện,12_24,(DNO) Nhân Cơ 1
22746000,GYR66QXR,Luân chuyển trả,OTHER,Chưa đóng kiện,6_12,(KHO) Nam Nha Trang 1
22746000,GYR64GF4,Luân chuyển trả,OTHER,Chưa đóng kiện,6_12,(KHO) Nam Nha Trang 1
22746000,GYRNLQK3,Luân chuyển trả,OTHER,Chưa đóng kiện,6_12,(KHO) Nam Nha Trang 1
22746000,GYRNLKA7,Luân chuyển trả,OTHER,Chưa đóng kiện,6_12,(KHO) Nam Nha Trang 1
22746000,GYRNUYWF,Luân chuyển trả,OTHER,Chưa đóng kiện,6_12,(KHO) Nam Nha Trang 1
22746000,GYRNCMUF,Luân chuyển trả,OTHER,Chưa đóng kiện,6_12,(KHO) Nam Nha Trang 1
22746000,GYRN6G9E,Luân chuyển trả,OTHER,Chưa đóng kiện,6_12,(KHO) Nam Nha Trang 1
22746000,GYRN6TBD,Luân chuyển trả,OTHER,Chưa đóng kiện,6_12,(KHO) Nam Nha Trang 1
22746000,GYRN6RMR,Luân chuyển trả,OTHER,Chưa đóng kiện,6_12,(KHO) Nam Nha Trang 1
22746000,GYRNN9XV,Luân chuyển trả,OTHER,Chưa đóng kiện,6_12,(KHO) Nam Nha Trang 1
22746000,GYRND3XV,Luân chuyển trả,OTHER,Chưa đóng kiện,6_12,(KHO) Nam Nha Trang 1
22746000,GYRNBYHQ,Luân chuyển trả,OTHER,Chưa đóng kiện,6_12,(KHO) Nam Nha Trang 1
22746000,GYRN3A3L,Luân chuyển trả,OTHER,Chưa đóng kiện,6_12,(KHO) Nam Nha Trang 1
23189000,GYRKPVV8,Luân chuyển giao,SHOPEE,Không cần đóng kiện,6_12,(LDO) D'Ran
23189000,GYRKECCQ,Luân chuyển giao,SHOPEE,Không cần đóng kiện,6_12,(LDO) D'Ran
23189000,GYRKPVVA,Luân chuyển giao,SHOPEE,Không cần đóng kiện,6_12,(LDO) D'Ran
23189000,GYRKPV7V,Luân chuyển giao,SHOPEE,Không cần đóng kiện,6_12,(LDO) D'Ran
23189000,GYRKPV76,Luân chuyển giao,SHOPEE,Không cần đóng kiện,6_12,(LDO) D'Ran
23189000,GYRKPV7D,Luân chuyển giao,SHOPEE,Không cần đóng kiện,6_12,(LDO) D'Ran
23189000,GYRKPV7N,Luân chuyển giao,SHOPEE,Không cần đóng kiện,6_12,(LDO) D'Ran
23189000,GYRKPV7P,Luân chuyển giao,SHOPEE,Không cần đóng kiện,6_12,(LDO) D'Ran
23189000,GYRKPV7B,Luân chuyển giao,SHOPEE,Không cần đóng kiện,6_12,(LDO) D'Ran
23189000,GYR6C9KN,Luân chuyển trả,OTHER,Chưa đóng kiện,12_24,(LDO) D'Ran
23189000,GYRW9TGY,Luân chuyển giao,SHOPEE,Chưa đóng kiện,12_24,(LDO) D'Ran
23189000,GYRW9TG4,Luân chuyển giao,SHOPEE,Chưa đóng kiện,12_24,(LDO) D'Ran
23189000,GYRDGQ68,Luân chuyển trả,OTHER,Chưa đóng kiện,12_24,(LDO) D'Ran
23189000,GYRB4BU3_PR,Luân chuyển giao,OTHER,Chưa đóng kiện,12_24,(LDO) D'Ran
23189000,GYR3ULUL,Luân chuyển trả,OTHER,Chưa đóng kiện,12_24,(LDO) D'Ran
22116000,GYRK6DMG,Luân chuyển giao,OTHER,Chưa đóng kiện,12_24,(LDO) Xuân Trường - Đà Lạt
22116000,GYRV8MC9,Luân chuyển trả,OTHER,Chưa đóng kiện,12_24,(LDO) Xuân Trường - Đà Lạt
22116000,GYRVEAYV,Luân chuyển trả,OTHER,Chưa đóng kiện,12_24,(LDO) Xuân Trường - Đà Lạt
22116000,GYR6NXWG,Luân chuyển trả,OTHER,Chưa đóng kiện,12_24,(LDO) Xuân Trường - Đà Lạt
22116000,GYRB67NA,Luân chuyển trả,SHOPEE,Chưa đóng kiện,12_24,(LDO) Xuân Trường - Đà Lạt
22116000,GYRDUBUW,Luân chuyển trả,SHOPEE,Không cần đóng kiện,24_36,(LDO) Xuân Trường - Đà Lạt
22116000,VNGH80523569607,Luân chuyển trả,TTS,Không cần đóng kiện,72_96,(LDO) Xuân Trường - Đà Lạt
22704000,VNGH80935869707,Luân chuyển trả,TTS,Chưa đóng kiện,6_12,(KHO) Nam Nha Trang 2
23189000,GYRNCM4A,Luân chuyển trả,OTHER,Chưa đóng kiện,36_48,(LDO) D'Ran
20499000,NVS855027375,Luân chuyển trả,OTHER,Chưa đóng kiện,24_36,(NTH) Phước Dinh
20499000,GYRPU8CN,Luân chuyển trả,SHOPEE,Chưa đóng kiện,24_36,(NTH) Phước Dinh
20499000,GYRB7FLX,Luân chuyển trả,OTHER,Chưa đóng kiện,24_36,(NTH) Phước Dinh
22861000,GYRVPHVH,Luân chuyển trả,OTHER,Chưa đóng kiện,6_12,(NTH) Phan Rang
22830000,GYR93VD9,Luân chuyển trả,OTHER,Không cần đóng kiện,6_12,(KHO) Cam Linh
22759000,GYRN6BHL,Luân chuyển trả,OTHER,Chưa đóng kiện,6_12,(LDO) Hòa Ninh
20694000,GYR64GTX,Luân chuyển trả,OTHER,Chưa đóng kiện,6_12,(KHO) Tân Định
22793000,GYRPAB6F,Luân chuyển trả,SHOPEE,Không cần đóng kiện,12_24,(KHO) Diên Thọ
23015000,GYRW9KFT,Luân chuyển giao,OTHER,Chưa đóng kiện,12_24,(LDO) Bảo Lâm 3
21722000,GYRDEEBF,Luân chuyển trả,SHOPEE,Chưa đóng kiện,12_24,(KHO) Tu Bông
21687000,GYRBCC4U,Luân chuyển trả,SHOPEE,Không cần đóng kiện,12_24,(LDO) Lang Biang - Đà Lạt 2
22774000,VNGH80504609708,Luân chuyển trả,TTS,Chưa đóng kiện,6_12,(KHO) Diên Khánh 1
23205000,GYRN4BKB,Luân chuyển trả,OTHER,Chưa đóng kiện,24_36,(DNO) Nhân Cơ 1
22704000,VNGH80206149704,Luân chuyển trả,TTS,Chưa đóng kiện,6_12,(KHO) Nam Nha Trang 2
22746000,GYRN4TMM,Luân chuyển trả,OTHER,Không cần đóng kiện,6_12,(KHO) Nam Nha Trang 1
22861000,GYRVBQWD,Luân chuyển trả,OTHER,Chưa đóng kiện,6_12,(NTH) Phan Rang
22861000,GYRVKH9V,Luân chuyển trả,OTHER,Chưa đóng kiện,6_12,(NTH) Phan Rang
22861000,GYR673MB,Luân chuyển trả,OTHER,Chưa đóng kiện,6_12,(NTH) Phan Rang
22861000,GYR6VXLA,Luân chuyển trả,OTHER,Chưa đóng kiện,6_12,(NTH) Phan Rang
22861000,GYR6NYDG,Luân chuyển trả,OTHER,Chưa đóng kiện,6_12,(NTH) Phan Rang
22861000,GYR6DKRD,Luân chuyển trả,OTHER,Chưa đóng kiện,6_12,(NTH) Phan Rang
22861000,GYR6PXUQ,Luân chuyển trả,OTHER,Chưa đóng kiện,6_12,(NTH) Phan Rang
22861000,GYR64PM4,Luân chuyển trả,OTHER,Chưa đóng kiện,6_12,(NTH) Phan Rang
22861000,GYR68EM6,Luân chuyển trả,OTHER,Chưa đóng kiện,6_12,(NTH) Phan Rang
22861000,GYRNVWY3,Luân chuyển trả,OTHER,Chưa đóng kiện,6_12,(NTH) Phan Rang
22861000,GYRN6AV9,Luân chuyển trả,OTHER,Chưa đóng kiện,6_12,(NTH) Phan Rang
22861000,GYRNNKCT,Luân chuyển trả,OTHER,Không cần đóng kiện,6_12,(NTH) Phan Rang
22861000,GYRNPE3K,Luân chuyển trả,OTHER,Chưa đóng kiện,6_12,(NTH) Phan Rang
22793000,GYRP8PMX,Luân chuyển trả,SHOPEE,Không cần đóng kiện,12_24,(KHO) Diên Thọ
22793000,GYRB7H6Q,Luân chuyển trả,SHOPEE,Chưa đóng kiện,12_24,(KHO) Diên Thọ
22793000,GYR3BPHV,Luân chuyển trả,SHOPEE,Chưa đóng kiện,12_24,(KHO) Diên Thọ
22793000,GYRP6DFV,Luân chuyển trả,OTHER,Chưa đóng kiện,12_24,(KHO) Diên Thọ
22793000,GYR3KWNE,Luân chuyển trả,OTHER,Chưa đóng kiện,12_24,(KHO) Diên Thọ
22793000,GYRPW64Y,Luân chuyển trả,SHOPEE,Chưa đóng kiện,12_24,(KHO) Diên Thọ
22793000,GYRPEHU8,Luân chuyển trả,SHOPEE,Chưa đóng kiện,12_24,(KHO) Diên Thọ
22793000,GYRBPEXX,Luân chuyển trả,SHOPEE,Chưa đóng kiện,12_24,(KHO) Diên Thọ
22793000,GYR36LWH,Luân chuyển trả,SHOPEE,Chưa đóng kiện,12_24,(KHO) Diên Thọ
22793000,GYRN73UH,Luân chuyển trả,OTHER,Chưa đóng kiện,12_24,(KHO) Diên Thọ
22793000,GYRPV3UC,Luân chuyển trả,SHOPEE,Không cần đóng kiện,12_24,(KHO) Diên Thọ
22793000,GYR3N44N,Luân chuyển trả,SHOPEE,Chưa đóng kiện,12_24,(KHO) Diên Thọ
22793000,GYR6FWUV,Luân chuyển trả,OTHER,Chưa đóng kiện,12_24,(KHO) Diên Thọ
22793000,GYR44CX6,Luân chuyển trả,SHOPEE,Chưa đóng kiện,12_24,(KHO) Diên Thọ
22793000,GYR4U3PH,Luân chuyển trả,SHOPEE,Chưa đóng kiện,12_24,(KHO) Diên Thọ
22793000,GYRDH4ML,Luân chuyển trả,OTHER,Chưa đóng kiện,12_24,(KHO) Diên Thọ
22793000,GYR6N6M4,Luân chuyển trả,OTHER,Chưa đóng kiện,12_24,(KHO) Diên Thọ
22793000,YOD1SO047134076,Luân chuyển trả,OTHER,Chưa đóng kiện,12_24,(KHO) Diên Thọ
22793000,GYR378LA,Luân chuyển trả,OTHER,Chưa đóng kiện,12_24,(KHO) Diên Thọ
23015000,GYRW98A3,Luân chuyển giao,OTHER,Chưa đóng kiện,12_24,(LDO) Bảo Lâm 3
23015000,GYRW9DB6,Luân chuyển giao,OTHER,Chưa đóng kiện,12_24,(LDO) Bảo Lâm 3
23015000,GYRW93NU,Luân chuyển giao,OTHER,Chưa đóng kiện,12_24,(LDO) Bảo Lâm 3
23015000,GYRWCG7C,Luân chuyển giao,OTHER,Chưa đóng kiện,12_24,(LDO) Bảo Lâm 3
23015000,GYRW9BQQ,Luân chuyển giao,OTHER,Chưa đóng kiện,12_24,(LDO) Bảo Lâm 3
23015000,GYRWUXT7,Luân chuyển giao,OTHER,Chưa đóng kiện,12_24,(LDO) Bảo Lâm 3
23015000,GYRW96TC,Luân chuyển giao,OTHER,Chưa đóng kiện,12_24,(LDO) Bảo Lâm 3
23015000,GYRWCQCT,Luân chuyển giao,OTHER,Chưa đóng kiện,12_24,(LDO) Bảo Lâm 3
23015000,GYRWU3X4,Luân chuyển giao,OTHER,Chưa đóng kiện,12_24,(LDO) Bảo Lâm 3
23015000,GYRWUDCD,Luân chuyển giao,OTHER,Chưa đóng kiện,12_24,(LDO) Bảo Lâm 3
23015000,GYRWUPW9,Luân chuyển giao,OTHER,Chưa đóng kiện,12_24,(LDO) Bảo Lâm 3
23015000,GYRWGHKB,Luân chuyển giao,OTHER,Chưa đóng kiện,12_24,(LDO) Bảo Lâm 3
23015000,GYRWGYXV,Luân chuyển giao,OTHER,Chưa đóng kiện,12_24,(LDO) Bảo Lâm 3
23015000,GYRWGXAD,Luân chuyển giao,OTHER,Chưa đóng kiện,12_24,(LDO) Bảo Lâm 3
23015000,GYRWG8TT,Luân chuyển giao,OTHER,Chưa đóng kiện,12_24,(LDO) Bảo Lâm 3
23015000,GYRWGAA3,Luân chuyển giao,OTHER,Chưa đóng kiện,12_24,(LDO) Bảo Lâm 3
23015000,GYRWGPBD,Luân chuyển giao,OTHER,Chưa đóng kiện,12_24,(LDO) Bảo Lâm 3
23015000,GYRWGKBT,Luân chuyển giao,OTHER,Chưa đóng kiện,12_24,(LDO) Bảo Lâm 3
23015000,GYRWGT6A,Luân chuyển giao,OTHER,Chưa đóng kiện,12_24,(LDO) Bảo Lâm 3
23015000,GYRWG6AY,Luân chuyển giao,OTHER,Chưa đóng kiện,12_24,(LDO) Bảo Lâm 3
23015000,GYRWG3WA,Luân chuyển giao,OTHER,Chưa đóng kiện,12_24,(LDO) Bảo Lâm 3
23015000,GYRWG4YG,Luân chuyển giao,OTHER,Chưa đóng kiện,12_24,(LDO) Bảo Lâm 3
23015000,GYRWG3QQ,Luân chuyển giao,OTHER,Chưa đóng kiện,12_24,(LDO) Bảo Lâm 3
23015000,GYRBRDRB_PR,Luân chuyển giao,OTHER,Chưa đóng kiện,12_24,(LDO) Bảo Lâm 3
23015000,GYRKEHR8,Luân chuyển giao,SHOPEE,Chưa đóng kiện,12_24,(LDO) Bảo Lâm 3
22793000,VNGH80533059701,Luân chuyển trả,TTS,Chưa đóng kiện,24_36,(KHO) Diên Thọ
22830000,GYR9T7PP,Luân chuyển trả,OTHER,Chưa đóng kiện,6_12,(KHO) Cam Linh
22759000,GYR9AXFA,Luân chuyển trả,OTHER,Không cần đóng kiện,6_12,(LDO) Hòa Ninh
21722000,GYRPFKG8,Luân chuyển trả,SHOPEE,Chưa đóng kiện,12_24,(KHO) Tu Bông
20694000,GYR6A9P6,Luân chuyển trả,OTHER,Chưa đóng kiện,6_12,(KHO) Tân Định
22774000,VNGH80395239706,Luân chuyển trả,TTS,Chưa đóng kiện,6_12,(KHO) Diên Khánh 1
22704000,VNGH80459549703,Luân chuyển trả,TTS,Chưa đóng kiện,6_12,(KHO) Nam Nha Trang 2
20499000,GYRB4QPA,Luân chuyển trả,OTHER,Chưa đóng kiện,24_36,(NTH) Phước Dinh
22746000,GYRDQ8BU,Luân chuyển trả,OTHER,Chưa đóng kiện,6_12,(KHO) Nam Nha Trang 1
22861000,GYRNB6M9,Luân chuyển trả,OTHER,Chưa đóng kiện,6_12,(NTH) Phan Rang
22861000,GYRNR9MG,Luân chuyển trả,OTHER,Chưa đóng kiện,6_12,(NTH) Phan Rang
22861000,GYRDQ8W4,Luân chuyển trả,OTHER,Chưa đóng kiện,6_12,(NTH) Phan Rang
22861000,VNGH80227099805,Luân chuyển trả,TTS,Chưa đóng kiện,6_12,(NTH) Phan Rang
21687000,GYRBCC4C,Luân chuyển trả,SHOPEE,Chưa đóng kiện,12_24,(LDO) Lang Biang - Đà Lạt 2
21687000,GYRBCC38,Luân chuyển trả,SHOPEE,Không cần đóng kiện,12_24,(LDO) Lang Biang - Đà Lạt 2
21687000,GYRBCC46,Luân chuyển trả,SHOPEE,Chưa đóng kiện,12_24,(LDO) Lang Biang - Đà Lạt 2
21687000,GYRBCCKX,Luân chuyển trả,SHOPEE,Không cần đóng kiện,12_24,(LDO) Lang Biang - Đà Lạt 2
21687000,GYRBCC4A,Luân chuyển trả,SHOPEE,Chưa đóng kiện,12_24,(LDO) Lang Biang - Đà Lạt 2
21687000,GYRBCCK4,Luân chuyển trả,SHOPEE,Không cần đóng kiện,12_24,(LDO) Lang Biang - Đà Lạt 2
21687000,GYRBCCKH,Luân chuyển trả,SHOPEE,Chưa đóng kiện,12_24,(LDO) Lang Biang - Đà Lạt 2
21687000,GYRBC9FA,Luân chuyển trả,SHOPEE,Chưa đóng kiện,12_24,(LDO) Lang Biang - Đà Lạt 2
21687000,GYRBBAF7,Luân chuyển trả,SHOPEE,Chưa đóng kiện,12_24,(LDO) Lang Biang - Đà Lạt 2
21687000,GYRBYF3A,Luân chuyển trả,OTHER,Chưa đóng kiện,12_24,(LDO) Lang Biang - Đà Lạt 2
21687000,GYRBHYYF,Luân chuyển trả,SHOPEE,Chưa đóng kiện,12_24,(LDO) Lang Biang - Đà Lạt 2
21687000,GYRKY4KB,Luân chuyển giao,SHOPEE,Chưa đóng kiện,12_24,(LDO) Lang Biang - Đà Lạt 2
22830000,GYR9H6YE,Luân chuyển trả,OTHER,Chưa đóng kiện,6_12,(KHO) Cam Linh
21687000,GYR3DK4K,Luân chuyển giao,OTHER,Chưa đóng kiện,12_24,(LDO) Lang Biang - Đà Lạt 2
21687000,GYRNVEA8,Luân chuyển trả,OTHER,Chưa đóng kiện,12_24,(LDO) Lang Biang - Đà Lạt 2
21687000,GYRKYEEY,Luân chuyển giao,SHOPEE,Chưa đóng kiện,12_24,(LDO) Lang Biang - Đà Lạt 2
21687000,GYRKYEER,Luân chuyển giao,SHOPEE,Chưa đóng kiện,12_24,(LDO) Lang Biang - Đà Lạt 2
21687000,GYRKYEEM,Luân chuyển giao,SHOPEE,Chưa đóng kiện,12_24,(LDO) Lang Biang - Đà Lạt 2
21687000,GYRKYEE8,Luân chuyển giao,SHOPEE,Chưa đóng kiện,12_24,(LDO) Lang Biang - Đà Lạt 2
21687000,GYRDXGVX,Luân chuyển trả,OTHER,Không cần đóng kiện,12_24,(LDO) Lang Biang - Đà Lạt 2
21687000,VNGH80629709604,Luân chuyển trả,TTS,Không cần đóng kiện,24_36,(LDO) Lang Biang - Đà Lạt 2
21687000,GYYAW3VA,Luân chuyển trả,SHOPEE,Chưa đóng kiện,24_36,(LDO) Lang Biang - Đà Lạt 2
21687000,GYY8487K,Luân chuyển trả,OTHER,Chưa đóng kiện,24_36,(LDO) Lang Biang - Đà Lạt 2
21687000,GYYMUFXU,Luân chuyển trả,SHOPEE,Không cần đóng kiện,24_36,(LDO) Lang Biang - Đà Lạt 2
21687000,GYRUQTV8,Luân chuyển trả,SHOPEE,Không cần đóng kiện,24_36,(LDO) Lang Biang - Đà Lạt 2
21687000,GYR6W63G,Luân chuyển trả,SHOPEE,Không cần đóng kiện,24_36,(LDO) Lang Biang - Đà Lạt 2
21687000,GYR6MVBX,Luân chuyển trả,SHOPEE,Chưa đóng kiện,24_36,(LDO) Lang Biang - Đà Lạt 2
21687000,GYRC4Q66,Luân chuyển trả,OTHER,Chưa đóng kiện,36_48,(LDO) Lang Biang - Đà Lạt 2
21687000,GYRNM9MH,Luân chuyển trả,SHOPEE,Chưa đóng kiện,36_48,(LDO) Lang Biang - Đà Lạt 2
21687000,GYRQ6NDV,Luân chuyển trả,OTHER,Chưa đóng kiện,48_72,(LDO) Lang Biang - Đà Lạt 2
21687000,GYRCX3MT,Luân chuyển trả,SHOPEE,Không cần đóng kiện,48_72,(LDO) Lang Biang - Đà Lạt 2
21687000,GYRLUUMK,Luân chuyển trả,OTHER,Không cần đóng kiện,48_72,(LDO) Lang Biang - Đà Lạt 2
22774000,VNGH80250669705,Luân chuyển trả,TTS,Chưa đóng kiện,6_12,(KHO) Diên Khánh 1
22774000,GYRV6XT6,Luân chuyển trả,OTHER,Chưa đóng kiện,6_12,(KHO) Diên Khánh 1
22830000,GYRV9EB3,Luân chuyển trả,OTHER,Chưa đóng kiện,6_12,(KHO) Cam Linh
21722000,GYRPWKBY,Luân chuyển trả,SHOPEE,Không cần đóng kiện,12_24,(KHO) Tu Bông
22830000,GYRVV8FT,Luân chuyển trả,OTHER,Chưa đóng kiện,6_12,(KHO) Cam Linh
21722000,GYRBPGEX,Luân chuyển trả,SHOPEE,Chưa đóng kiện,12_24,(KHO) Tu Bông
20499000,GYR6KLBW,Luân chuyển trả,OTHER,Chưa đóng kiện,24_36,(NTH) Phước Dinh
22759000,GYRNXU3E,Luân chuyển trả,SHOPEE,Không cần đóng kiện,6_12,(LDO) Hòa Ninh
22746000,GYRDDELR,Luân chuyển trả,OTHER,Chưa đóng kiện,6_12,(KHO) Nam Nha Trang 1
22759000,GYRDF3Q8,Luân chuyển trả,SHOPEE,Chưa đóng kiện,6_12,(LDO) Hòa Ninh
20499000,GYRBLET6,Luân chuyển trả,SHOPEE,Không cần đóng kiện,24_36,(NTH) Phước Dinh
22704000,VNGH80007349707,Luân chuyển trả,TTS,Chưa đóng kiện,6_12,(KHO) Nam Nha Trang 2
20694000,GYRNQTFQ,Luân chuyển trả,OTHER,Chưa đóng kiện,6_12,(KHO) Tân Định
22704000,GYRNR7CR,Luân chuyển trả,SHOPEE,Chưa đóng kiện,6_12,(KHO) Nam Nha Trang 2
20499000,GYRDAKFC,Luân chuyển trả,SHOPEE,Không cần đóng kiện,36_48,(NTH) Phước Dinh
22704000,GYRDA9QG,Luân chuyển trả,SHOPEE,Chưa đóng kiện,6_12,(KHO) Nam Nha Trang 2
20694000,GYRN78T3,Luân chuyển trả,OTHER,Chưa đóng kiện,6_12,(KHO) Tân Định
20499000,GYRNADKG,Luân chuyển trả,SHOPEE,Chưa đóng kiện,36_48,(NTH) Phước Dinh
22704000,GYRPLYUC,Luân chuyển trả,SHOPEE,Chưa đóng kiện,6_12,(KHO) Nam Nha Trang 2
20499000,GYRNRUWT,Luân chuyển trả,SHOPEE,Chưa đóng kiện,36_48,(NTH) Phước Dinh
22704000,GYR3HTAU,Luân chuyển trả,SHOPEE,Chưa đóng kiện,6_12,(KHO) Nam Nha Trang 2
22704000,GYR3YTYE,Luân chuyển trả,OTHER,Chưa đóng kiện,6_12,(KHO) Nam Nha Trang 2
22704000,GYRBMXR9_PR,Luân chuyển giao,OTHER,Chưa đóng kiện,6_12,(KHO) Nam Nha Trang 2
22704000,GYRBQTCD,Luân chuyển trả,SHOPEE,Chưa đóng kiện,6_12,(KHO) Nam Nha Trang 2
22774000,GYRNQKMF,Luân chuyển trả,OTHER,Chưa đóng kiện,6_12,(KHO) Diên Khánh 1
22774000,GYRDQUNM,Luân chuyển trả,OTHER,Chưa đóng kiện,6_12,(KHO) Diên Khánh 1
22774000,GYRWCC6M,Luân chuyển giao,OTHER,Không cần đóng kiện,6_12,(KHO) Diên Khánh 1
22774000,GYRBCQNH,Luân chuyển trả,SHOPEE,Chưa đóng kiện,6_12,(KHO) Diên Khánh 1
22774000,GYRPEKK9,Luân chuyển trả,SHOPEE,Chưa đóng kiện,12_24,(KHO) Diên Khánh 1
22774000,GYR3HR3R,Luân chuyển trả,SHOPEE,Không cần đóng kiện,12_24,(KHO) Diên Khánh 1
22704000,GYRDFR3R,Luân chuyển trả,OTHER,Chưa đóng kiện,6_12,(KHO) Nam Nha Trang 2
22774000,GYYECP9G,Luân chuyển trả,OTHER,Chưa đóng kiện,12_24,(KHO) Diên Khánh 1
22774000,VNGH80775209910,Luân chuyển giao,TTS,Chưa đóng kiện,12_24,(KHO) Diên Khánh 1
22704000,GYRDMLY6,Luân chuyển trả,SHOPEE,Chưa đóng kiện,6_12,(KHO) Nam Nha Trang 2
22774000,VNGH80932179707,Luân chuyển trả,TTS,Chưa đóng kiện,24_36,(KHO) Diên Khánh 1
22759000,GYRD8DFX,Luân chuyển trả,OTHER,Chưa đóng kiện,6_12,(LDO) Hòa Ninh
22704000,GYRDPEE8,Luân chuyển trả,OTHER,Chưa đóng kiện,6_12,(KHO) Nam Nha Trang 2
22759000,GYRBMTWE,Luân chuyển trả,OTHER,Chưa đóng kiện,6_12,(LDO) Hòa Ninh
22759000,GYRDYQ7H,Luân chuyển trả,OTHER,Chưa đóng kiện,6_12,(LDO) Hòa Ninh
22704000,GYRDYMB7,Luân chuyển trả,SHOPEE,Chưa đóng kiện,6_12,(KHO) Nam Nha Trang 2
22759000,GYRBNEPP,Luân chuyển trả,SHOPEE,Chưa đóng kiện,6_12,(LDO) Hòa Ninh
22704000,GYRBV6LT,Luân chuyển trả,SHOPEE,Chưa đóng kiện,6_12,(KHO) Nam Nha Trang 2
22759000,GYR6PTAN,Luân chuyển trả,OTHER,Chưa đóng kiện,6_12,(LDO) Hòa Ninh
22704000,GYRCCFCE,Luân chuyển trả,OTHER,Chưa đóng kiện,6_12,(KHO) Nam Nha Trang 2
22759000,GYR63MTD,Luân chuyển trả,OTHER,Chưa đóng kiện,6_12,(LDO) Hòa Ninh
22759000,GYR6KDVR,Luân chuyển trả,OTHER,Chưa đóng kiện,6_12,(LDO) Hòa Ninh
22759000,GYRNDBYU,Luân chuyển trả,OTHER,Chưa đóng kiện,12_24,(LDO) Hòa Ninh
22746000,GYRD3UBR,Luân chuyển trả,OTHER,Chưa đóng kiện,6_12,(KHO) Nam Nha Trang 1
22746000,VNGH80940349802,Luân chuyển trả,TTS,Chưa đóng kiện,6_12,(KHO) Nam Nha Trang 1
20499000,GYRBPAYP,Luân chuyển trả,SHOPEE,Chưa đóng kiện,36_48,(NTH) Phước Dinh
20499000,GYRN4KN3,Luân chuyển trả,OTHER,Chưa đóng kiện,36_48,(NTH) Phước Dinh
20499000,GYR4NREX,Luân chuyển giao,SHOPEE,Chưa đóng kiện,36_48,(NTH) Phước Dinh
20499000,GYRN97TF,Luân chuyển trả,SHOPEE,Đã đóng kiện,72_96,(NTH) Phước Dinh
21722000,GYRNDYBP,Luân chuyển trả,OTHER,Chưa đóng kiện,12_24,(KHO) Tu Bông
21722000,GYR3WUXY,Luân chuyển trả,SHOPEE,Chưa đóng kiện,12_24,(KHO) Tu Bông
21722000,GYR4LKKD,Luân chuyển trả,SHOPEE,Không cần đóng kiện,12_24,(KHO) Tu Bông
21722000,GYRD6HW9,Luân chuyển trả,OTHER,Chưa đóng kiện,12_24,(KHO) Tu Bông
22830000,GYRV6NVA,Luân chuyển trả,OTHER,Chưa đóng kiện,6_12,(KHO) Cam Linh
22830000,GYRVDE9T,Luân chuyển trả,OTHER,Chưa đóng kiện,6_12,(KHO) Cam Linh
22830000,GYRVPLEY,Luân chuyển trả,OTHER,Chưa đóng kiện,6_12,(KHO) Cam Linh
22746000,VNGH80629919801,Luân chuyển trả,TTS,Chưa đóng kiện,6_12,(KHO) Nam Nha Trang 1
22830000,GYRVBRYF,Luân chuyển trả,OTHER,Chưa đóng kiện,6_12,(KHO) Cam Linh
22830000,GYRVABK3,Luân chuyển trả,OTHER,Chưa đóng kiện,6_12,(KHO) Cam Linh
22746000,VNGH80617179704,Luân chuyển trả,TTS,Chưa đóng kiện,6_12,(KHO) Nam Nha Trang 1
22830000,GYRV89EK,Luân chuyển trả,OTHER,Chưa đóng kiện,6_12,(KHO) Cam Linh
22746000,VNGH80180659706,Luân chuyển trả,TTS,Chưa đóng kiện,6_12,(KHO) Nam Nha Trang 1
22704000,GYR37FWW,Luân chuyển trả,OTHER,Chưa đóng kiện,6_12,(KHO) Nam Nha Trang 2
22746000,GYR6FAR6,Luân chuyển trả,SHOPEE,Không cần đóng kiện,6_12,(KHO) Nam Nha Trang 1
22704000,VNGH80067349910,Luân chuyển giao,TTS,Chưa đóng kiện,6_12,(KHO) Nam Nha Trang 2
22704000,GYRNQR9E,Luân chuyển trả,OTHER,Chưa đóng kiện,6_12,(KHO) Nam Nha Trang 2
22704000,GYRKCRQW,Luân chuyển giao,SHOPEE,Chưa đóng kiện,6_12,(KHO) Nam Nha Trang 2
22704000,GYRKCYEN,Luân chuyển giao,SHOPEE,Chưa đóng kiện,6_12,(KHO) Nam Nha Trang 2
22704000,VNGH80073839910,Luân chuyển giao,TTS,Chưa đóng kiện,6_12,(KHO) Nam Nha Trang 2
22704000,GYRW4UKY,Luân chuyển giao,OTHER,Chưa đóng kiện,6_12,(KHO) Nam Nha Trang 2
22704000,GYRKLXAM,Luân chuyển giao,SHOPEE,Chưa đóng kiện,12_24,(KHO) Nam Nha Trang 2
22704000,GYRDDHLV,Luân chuyển trả,OTHER,Chưa đóng kiện,12_24,(KHO) Nam Nha Trang 2
22704000,GYRDWLAY,Luân chuyển trả,OTHER,Chưa đóng kiện,12_24,(KHO) Nam Nha Trang 2
22704000,GYR3ECUE,Luân chuyển trả,OTHER,Chưa đóng kiện,12_24,(KHO) Nam Nha Trang 2
22830000,GYRVY4C4,Luân chuyển trả,OTHER,Chưa đóng kiện,6_12,(KHO) Cam Linh
22830000,GYRVMFBM,Luân chuyển trả,OTHER,Chưa đóng kiện,6_12,(KHO) Cam Linh
22830000,GYR6LTQV,Luân chuyển trả,OTHER,Chưa đóng kiện,6_12,(KHO) Cam Linh
22830000,GYR6FM88,Luân chuyển trả,OTHER,Không cần đóng kiện,6_12,(KHO) Cam Linh
22830000,GYR66HNM,Luân chuyển trả,OTHER,Chưa đóng kiện,6_12,(KHO) Cam Linh
22746000,GYR64WEL,Luân chuyển trả,OTHER,Chưa đóng kiện,6_12,(KHO) Nam Nha Trang 1
22830000,GYR66HPT,Luân chuyển trả,OTHER,Chưa đóng kiện,6_12,(KHO) Cam Linh
22746000,GYRNBU9T,Luân chuyển trả,OTHER,Chưa đóng kiện,6_12,(KHO) Nam Nha Trang 1
22830000,GYR6DU97,Luân chuyển trả,OTHER,Chưa đóng kiện,6_12,(KHO) Cam Linh
22830000,GYR6DU8V,Luân chuyển trả,OTHER,Chưa đóng kiện,6_12,(KHO) Cam Linh
23015000,GYRWUL96,Luân chuyển giao,SHOPEE,Chưa đóng kiện,12_24,(LDO) Bảo Lâm 3
23015000,GYRKUKDK,Luân chuyển giao,SHOPEE,Không cần đóng kiện,12_24,(LDO) Bảo Lâm 3
22746000,GYRNXVYM,Luân chuyển trả,OTHER,Chưa đóng kiện,6_12,(KHO) Nam Nha Trang 1
23015000,GYR9E7HT,Luân chuyển trả,OTHER,Chưa đóng kiện,24_36,(LDO) Bảo Lâm 3
20694000,GYRNPN49,Luân chuyển trả,OTHER,Chưa đóng kiện,6_12,(KHO) Tân Định
21687000,GYR73FX4,Luân chuyển trả,OTHER,Chưa đóng kiện,48_72,(LDO) Lang Biang - Đà Lạt 2
21687000,GYRVG7LH,Luân chuyển trả,OTHER,Chưa đóng kiện,48_72,(LDO) Lang Biang - Đà Lạt 2
21687000,GYR7MMWV,Luân chuyển trả,SHOPEE,Không cần đóng kiện,48_72,(LDO) Lang Biang - Đà Lạt 2
21687000,GYRCXNFN,Luân chuyển trả,SHOPEE,Không cần đóng kiện,48_72,(LDO) Lang Biang - Đà Lạt 2
22759000,GYRDKXTH,Luân chuyển trả,OTHER,Chưa đóng kiện,12_24,(LDO) Hòa Ninh
21687000,GYRDDDPP,Luân chuyển trả,SHOPEE,Không cần đóng kiện,72_96,(LDO) Lang Biang - Đà Lạt 2
21687000,VNGH80523369504,Luân chuyển trả,TTS,Chưa đóng kiện,72_96,(LDO) Lang Biang - Đà Lạt 2
22759000,GYR9HKAN,Luân chuyển trả,OTHER,Chưa đóng kiện,12_24,(LDO) Hòa Ninh
22759000,GYRVAFX8,Luân chuyển trả,SHOPEE,Không cần đóng kiện,12_24,(LDO) Hòa Ninh
22759000,GYR6F4CE,Luân chuyển trả,OTHER,Chưa đóng kiện,12_24,(LDO) Hòa Ninh
22830000,GYR64LR8,Luân chuyển trả,OTHER,Chưa đóng kiện,6_12,(KHO) Cam Linh
22861000,VNGH80180319804,Luân chuyển trả,TTS,Chưa đóng kiện,6_12,(NTH) Phan Rang
22746000,GYRDUU7F,Luân chuyển trả,OTHER,Chưa đóng kiện,6_12,(KHO) Nam Nha Trang 1
22704000,GYR4U7U7,Luân chuyển trả,OTHER,Chưa đóng kiện,12_24,(KHO) Nam Nha Trang 2
20694000,VNGH80937229804,Luân chuyển trả,TTS,Chưa đóng kiện,6_12,(KHO) Tân Định
22759000,GYRN9VVM,Luân chuyển trả,SHOPEE,Chưa đóng kiện,12_24,(LDO) Hòa Ninh
20694000,VNGH80459709803,Luân chuyển trả,TTS,Chưa đóng kiện,6_12,(KHO) Tân Định
22759000,GYR3CN6H,Luân chuyển trả,OTHER,Không cần đóng kiện,12_24,(LDO) Hòa Ninh
20694000,VNGH80167449803,Luân chuyển trả,TTS,Chưa đóng kiện,6_12,(KHO) Tân Định
20694000,VNGH80179109710,Luân chuyển trả,TTS,Chưa đóng kiện,6_12,(KHO) Tân Định
20694000,VNGH80065669705,Luân chuyển trả,TTS,Chưa đóng kiện,6_12,(KHO) Tân Định
20694000,VNGH80728039801,Luân chuyển trả,TTS,Chưa đóng kiện,6_12,(KHO) Tân Định
20694000,VNGH80086039705,Luân chuyển trả,TTS,Chưa đóng kiện,6_12,(KHO) Tân Định
20694000,VNGH80932579705,Luân chuyển trả,TTS,Chưa đóng kiện,6_12,(KHO) Tân Định
20694000,VNGH80344829705,Luân chuyển trả,TTS,Chưa đóng kiện,6_12,(KHO) Tân Định
20694000,VNGH80706989705,Luân chuyển trả,TTS,Chưa đóng kiện,6_12,(KHO) Tân Định
20694000,VNGH80185219707,Luân chuyển trả,TTS,Chưa đóng kiện,6_12,(KHO) Tân Định
20694000,GYRBKDWM,Luân chuyển trả,OTHER,Chưa đóng kiện,6_12,(KHO) Tân Định
22830000,GYR6KBWF,Luân chuyển trả,OTHER,Chưa đóng kiện,6_12,(KHO) Cam Linh
22830000,GYR6TQV3,Luân chuyển trả,OTHER,Chưa đóng kiện,6_12,(KHO) Cam Linh
22830000,GYR6TBHU,Luân chuyển trả,OTHER,Chưa đóng kiện,6_12,(KHO) Cam Linh
22830000,GYR6HMVP,Luân chuyển trả,OTHER,Chưa đóng kiện,6_12,(KHO) Cam Linh
22830000,GYR6XA3M,Luân chuyển trả,OTHER,Không cần đóng kiện,6_12,(KHO) Cam Linh
22830000,GYR6YQPK,Luân chuyển trả,OTHER,Chưa đóng kiện,6_12,(KHO) Cam Linh
22830000,GYR6RFVA,Luân chuyển trả,OTHER,Chưa đóng kiện,6_12,(KHO) Cam Linh
22830000,GYR6RRLM,Luân chuyển trả,OTHER,Chưa đóng kiện,6_12,(KHO) Cam Linh
22830000,GYRNQCXU,Luân chuyển trả,OTHER,Chưa đóng kiện,6_12,(KHO) Cam Linh
22830000,GYRNLHBA,Luân chuyển trả,OTHER,Chưa đóng kiện,6_12,(KHO) Cam Linh
22830000,GYRNFLKY,Luân chuyển trả,OTHER,Chưa đóng kiện,6_12,(KHO) Cam Linh
22830000,GYRNFURN,Luân chuyển trả,OTHER,Chưa đóng kiện,6_12,(KHO) Cam Linh
22830000,GYRNFWYE,Luân chuyển trả,OTHER,Chưa đóng kiện,6_12,(KHO) Cam Linh
22830000,GYRN7GQ6,Luân chuyển trả,OTHER,Không cần đóng kiện,6_12,(KHO) Cam Linh
22830000,GYRN7TAV,Luân chuyển trả,OTHER,Chưa đóng kiện,6_12,(KHO) Cam Linh
22830000,GYRNGCNL,Luân chuyển trả,OTHER,Chưa đóng kiện,6_12,(KHO) Cam Linh
22830000,GYRNUEED,Luân chuyển trả,OTHER,Chưa đóng kiện,6_12,(KHO) Cam Linh
22830000,GYRNC7XF,Luân chuyển trả,OTHER,Chưa đóng kiện,6_12,(KHO) Cam Linh
22830000,GYRNNTD4,Luân chuyển trả,OTHER,Chưa đóng kiện,6_12,(KHO) Cam Linh
22830000,GYRNNYTT,Luân chuyển trả,OTHER,Chưa đóng kiện,6_12,(KHO) Cam Linh
22830000,GYRNBVN3,Luân chuyển trả,OTHER,Chưa đóng kiện,6_12,(KHO) Cam Linh
22830000,VNGH80216459803,Luân chuyển trả,TTS,Chưa đóng kiện,6_12,(KHO) Cam Linh
22830000,VNGH80252319709,Luân chuyển trả,TTS,Không cần đóng kiện,6_12,(KHO) Cam Linh
22830000,GYR6CX3G,Luân chuyển trả,OTHER,Chưa đóng kiện,6_12,(KHO) Cam Linh
22830000,GYR6RVVU,Luân chuyển trả,OTHER,Chưa đóng kiện,6_12,(KHO) Cam Linh
22830000,GYRNUXQ4,Luân chuyển trả,OTHER,Chưa đóng kiện,6_12,(KHO) Cam Linh
22830000,GYRN4YNA,Luân chuyển trả,OTHER,Chưa đóng kiện,6_12,(KHO) Cam Linh
22830000,GYRDNGN4,Luân chuyển trả,OTHER,Chưa đóng kiện,6_12,(KHO) Cam Linh
22830000,GYRDBRVP,Luân chuyển trả,OTHER,Chưa đóng kiện,6_12,(KHO) Cam Linh
22830000,GYRB8FDK,Luân chuyển trả,SHOPEE,Không cần đóng kiện,6_12,(KHO) Cam Linh
22830000,GYRBMPCL,Luân chuyển trả,SHOPEE,Không cần đóng kiện,6_12,(KHO) Cam Linh
22830000,GYRP8FCE,Luân chuyển trả,OTHER,Chưa đóng kiện,6_12,(KHO) Cam Linh
22830000,GYRNDE89,Luân chuyển trả,OTHER,Chưa đóng kiện,6_12,(KHO) Cam Linh
22830000,GYRNAYM4,Luân chuyển trả,OTHER,Chưa đóng kiện,6_12,(KHO) Cam Linh
22830000,GYRDC33D,Luân chuyển trả,OTHER,Chưa đóng kiện,6_12,(KHO) Cam Linh
22830000,GYRDPWBL,Luân chuyển trả,OTHER,Chưa đóng kiện,6_12,(KHO) Cam Linh
22704000,GYRKMAX3,Luân chuyển giao,OTHER,Chưa đóng kiện,12_24,(KHO) Nam Nha Trang 2
22830000,GYRDC3DN,Luân chuyển trả,OTHER,Chưa đóng kiện,6_12,(KHO) Cam Linh
22704000,GYR3QB3H_PR,Luân chuyển giao,OTHER,Chưa đóng kiện,24_36,(KHO) Nam Nha Trang 2
22861000,VNGH80955099804,Luân chuyển trả,TTS,Chưa đóng kiện,6_12,(NTH) Phan Rang
22830000,GYRB9VKU,Luân chuyển trả,SHOPEE,Không cần đóng kiện,6_12,(KHO) Cam Linh
22861000,VNGH80507529803,Luân chuyển trả,TTS,Chưa đóng kiện,6_12,(NTH) Phan Rang
22861000,VNGH80223409803,Luân chuyển trả,TTS,Chưa đóng kiện,6_12,(NTH) Phan Rang
22830000,GYRNCMXY,Luân chuyển trả,OTHER,Không cần đóng kiện,6_12,(KHO) Cam Linh
22830000,GYR46T7N,Luân chuyển trả,OTHER,Chưa đóng kiện,6_12,(KHO) Cam Linh
22830000,GYR94WUF,Luân chuyển trả,OTHER,Chưa đóng kiện,6_12,(KHO) Cam Linh
22830000,GYRV6VPQ,Luân chuyển trả,OTHER,Chưa đóng kiện,6_12,(KHO) Cam Linh
22861000,VNGH80174429804,Luân chuyển trả,TTS,Chưa đóng kiện,6_12,(NTH) Phan Rang
22746000,GYRPMA9D,Luân chuyển trả,SHOPEE,Chưa đóng kiện,6_12,(KHO) Nam Nha Trang 1
22746000,GYRBUQBR,Luân chuyển trả,SHOPEE,Không cần đóng kiện,6_12,(KHO) Nam Nha Trang 1
22759000,GYRNEERH_PR,Luân chuyển giao,OTHER,Chưa đóng kiện,12_24,(LDO) Hòa Ninh
22830000,GYRV8XXL,Luân chuyển trả,OTHER,Chưa đóng kiện,6_12,(KHO) Cam Linh
22746000,GYRBVXYU,Luân chuyển trả,SHOPEE,Chưa đóng kiện,6_12,(KHO) Nam Nha Trang 1
22759000,GYRPBER8,Luân chuyển trả,OTHER,Chưa đóng kiện,12_24,(LDO) Hòa Ninh
22746000,GYRBMFWD,Luân chuyển trả,SHOPEE,Không cần đóng kiện,6_12,(KHO) Nam Nha Trang 1
22746000,GYR339FM,Luân chuyển trả,SHOPEE,Chưa đóng kiện,6_12,(KHO) Nam Nha Trang 1
22746000,GYR3WTRV,Luân chuyển trả,SHOPEE,Chưa đóng kiện,6_12,(KHO) Nam Nha Trang 1
22746000,GYR4HFKD,Luân chuyển trả,SHOPEE,Chưa đóng kiện,6_12,(KHO) Nam Nha Trang 1
22746000,GYR983EQ,Luân chuyển trả,OTHER,Chưa đóng kiện,6_12,(KHO) Nam Nha Trang 1
22746000,GYRDUUYP,Luân chuyển trả,OTHER,Chưa đóng kiện,6_12,(KHO) Nam Nha Trang 1
22746000,GYR3CLUK,Luân chuyển trả,OTHER,Chưa đóng kiện,6_12,(KHO) Nam Nha Trang 1
22746000,GYRPMYP8,Luân chuyển trả,SHOPEE,Chưa đóng kiện,6_12,(KHO) Nam Nha Trang 1
22746000,GYRKVFB9,Luân chuyển giao,SHOPEE,Không cần đóng kiện,6_12,(KHO) Nam Nha Trang 1
22746000,GYR67VEG,Luân chuyển trả,OTHER,Chưa đóng kiện,6_12,(KHO) Nam Nha Trang 1
22746000,GYR3KB3X,Luân chuyển trả,SHOPEE,Không cần đóng kiện,6_12,(KHO) Nam Nha Trang 1
22746000,GYRP83PE,Luân chuyển trả,SHOPEE,Không cần đóng kiện,6_12,(KHO) Nam Nha Trang 1
22746000,GYRBG8Q7,Luân chuyển trả,SHOPEE,Chưa đóng kiện,6_12,(KHO) Nam Nha Trang 1
22746000,GYR3RVMH,Luân chuyển trả,SHOPEE,Chưa đóng kiện,6_12,(KHO) Nam Nha Trang 1
22746000,GYR3RVEQ,Luân chuyển trả,SHOPEE,Chưa đóng kiện,6_12,(KHO) Nam Nha Trang 1
22746000,GYR3R6LN,Luân chuyển trả,SHOPEE,Chưa đóng kiện,6_12,(KHO) Nam Nha Trang 1
22746000,GYR4GHPV,Luân chuyển trả,SHOPEE,Chưa đóng kiện,6_12,(KHO) Nam Nha Trang 1
22861000,VNGH80381739802,Luân chuyển trả,TTS,Chưa đóng kiện,6_12,(NTH) Phan Rang
22746000,GYRPFNUB,Luân chuyển trả,SHOPEE,Chưa đóng kiện,12_24,(KHO) Nam Nha Trang 1
22759000,GYRVGC9V,Luân chuyển trả,OTHER,Chưa đóng kiện,12_24,(LDO) Hòa Ninh
22861000,VNGH80509919802,Luân chuyển trả,TTS,Chưa đóng kiện,6_12,(NTH) Phan Rang
22861000,VNGH80109889805,Luân chuyển trả,TTS,Chưa đóng kiện,6_12,(NTH) Phan Rang
22861000,VNGH80999709710,Luân chuyển trả,TTS,Chưa đóng kiện,6_12,(NTH) Phan Rang
22861000,VNGH80515029803,Luân chuyển trả,TTS,Không cần đóng kiện,6_12,(NTH) Phan Rang
22861000,VNGH80062079803,Luân chuyển trả,TTS,Không cần đóng kiện,6_12,(NTH) Phan Rang
22759000,GYRVT9F7,Luân chuyển trả,OTHER,Chưa đóng kiện,12_24,(LDO) Hòa Ninh
22830000,GYR4PLBK,Luân chuyển giao,SHOPEE,Không cần đóng kiện,6_12,(KHO) Cam Linh
22830000,GYR6GE8R,Luân chuyển trả,OTHER,Chưa đóng kiện,6_12,(KHO) Cam Linh
22830000,GYRNVEKX,Luân chuyển trả,OTHER,Chưa đóng kiện,6_12,(KHO) Cam Linh
22830000,GYR3TYKD,Luân chuyển trả,SHOPEE,Không cần đóng kiện,6_12,(KHO) Cam Linh
22830000,GYR3A8FN,Luân chuyển trả,SHOPEE,Không cần đóng kiện,6_12,(KHO) Cam Linh
22830000,GYR3ARPN,Luân chuyển trả,SHOPEE,Chưa đóng kiện,6_12,(KHO) Cam Linh
22830000,GYRWBRWU,Luân chuyển giao,OTHER,Không cần đóng kiện,6_12,(KHO) Cam Linh
22830000,GYRWFGCR,Luân chuyển giao,OTHER,Chưa đóng kiện,6_12,(KHO) Cam Linh
22830000,GYRWFQ8P,Luân chuyển giao,OTHER,Chưa đóng kiện,6_12,(KHO) Cam Linh
22830000,GYRWL3HN,Luân chuyển giao,OTHER,Chưa đóng kiện,6_12,(KHO) Cam Linh
22830000,GYRWLK84,Luân chuyển giao,OTHER,Chưa đóng kiện,6_12,(KHO) Cam Linh
22830000,GYRKEHY9,Luân chuyển giao,OTHER,Chưa đóng kiện,6_12,(KHO) Cam Linh
22830000,GYR3P7C7,Luân chuyển giao,SHOPEE,Chưa đóng kiện,6_12,(KHO) Cam Linh
22830000,GYR6F4F8,Luân chuyển trả,OTHER,Chưa đóng kiện,6_12,(KHO) Cam Linh
22830000,GYR667FF,Luân chuyển trả,OTHER,Không cần đóng kiện,6_12,(KHO) Cam Linh
22830000,GYRNL38M,Luân chuyển trả,OTHER,Chưa đóng kiện,6_12,(KHO) Cam Linh
22759000,GYR6R7EH,Luân chuyển trả,SHOPEE,Chưa đóng kiện,12_24,(LDO) Hòa Ninh
22830000,GYRNFLLA,Luân chuyển trả,OTHER,Chưa đóng kiện,6_12,(KHO) Cam Linh
22830000,GYRNV37E,Luân chuyển trả,OTHER,Chưa đóng kiện,6_12,(KHO) Cam Linh
22830000,GYRNPEGX,Luân chuyển trả,OTHER,Chưa đóng kiện,6_12,(KHO) Cam Linh
22830000,GYRD3ELB,Luân chuyển trả,OTHER,Chưa đóng kiện,6_12,(KHO) Cam Linh
22830000,GYRD48PQ,Luân chuyển trả,OTHER,Chưa đóng kiện,6_12,(KHO) Cam Linh
22830000,GYRPRCEL,Luân chuyển trả,OTHER,Không cần đóng kiện,6_12,(KHO) Cam Linh
22830000,GYRB93LG,Luân chuyển trả,SHOPEE,Chưa đóng kiện,6_12,(KHO) Cam Linh
22830000,GYR6NCPU,Luân chuyển trả,OTHER,Chưa đóng kiện,6_12,(KHO) Cam Linh
22830000,GYRDR3LC,Luân chuyển trả,SHOPEE,Chưa đóng kiện,6_12,(KHO) Cam Linh
22830000,GYRPL7WK,Luân chuyển trả,SHOPEE,Chưa đóng kiện,6_12,(KHO) Cam Linh
22830000,GYRP4BB8,Luân chuyển trả,SHOPEE,Chưa đóng kiện,6_12,(KHO) Cam Linh
22759000,GYRDGCDV,Luân chuyển trả,SHOPEE,Chưa đóng kiện,12_24,(LDO) Hòa Ninh
22830000,GYRBDWR6,Luân chuyển trả,SHOPEE,Chưa đóng kiện,12_24,(KHO) Cam Linh
22830000,GYRBBQR9,Luân chuyển trả,SHOPEE,Chưa đóng kiện,12_24,(KHO) Cam Linh
22830000,GYR36RC9,Luân chuyển trả,SHOPEE,Chưa đóng kiện,12_24,(KHO) Cam Linh
22830000,GYR6NCG4,Luân chuyển trả,OTHER,Chưa đóng kiện,12_24,(KHO) Cam Linh
22830000,GYRN3WGA,Luân chuyển trả,OTHER,Chưa đóng kiện,12_24,(KHO) Cam Linh
22830000,GYRDGRTB,Luân chuyển trả,OTHER,Chưa đóng kiện,12_24,(KHO) Cam Linh
22830000,GYRDC4X6,Luân chuyển trả,OTHER,Chưa đóng kiện,12_24,(KHO) Cam Linh
22830000,GYRD9CRR,Luân chuyển trả,OTHER,Chưa đóng kiện,12_24,(KHO) Cam Linh
22746000,GYR4XXRQ,Luân chuyển trả,SHOPEE,Chưa đóng kiện,12_24,(KHO) Nam Nha Trang 1
22746000,GYRBAUXL,Luân chuyển trả,OTHER,Chưa đóng kiện,12_24,(KHO) Nam Nha Trang 1
22746000,GYRFY3QR,Luân chuyển giao,SHOPEE,Chưa đóng kiện,12_24,(KHO) Nam Nha Trang 1
22830000,GYR3YTX4,Luân chuyển trả,OTHER,Chưa đóng kiện,12_24,(KHO) Cam Linh
22830000,GYR3C9X4,Luân chuyển trả,OTHER,Chưa đóng kiện,12_24,(KHO) Cam Linh
22830000,GYRDULMW,Luân chuyển trả,OTHER,Chưa đóng kiện,12_24,(KHO) Cam Linh
22830000,GYRV6LQT,Luân chuyển trả,OTHER,Chưa đóng kiện,12_24,(KHO) Cam Linh
22830000,GYR6A878,Luân chuyển trả,OTHER,Chưa đóng kiện,12_24,(KHO) Cam Linh
22830000,GYRN7EBE,Luân chuyển trả,OTHER,Chưa đóng kiện,12_24,(KHO) Cam Linh
22830000,GYRNCKYR,Luân chuyển trả,OTHER,Chưa đóng kiện,12_24,(KHO) Cam Linh
22830000,GYRNN867,Luân chuyển trả,OTHER,Chưa đóng kiện,12_24,(KHO) Cam Linh
22830000,GYRNHBKY,Luân chuyển trả,OTHER,Chưa đóng kiện,12_24,(KHO) Cam Linh
22830000,GYRNE4X9,Luân chuyển trả,OTHER,Không cần đóng kiện,12_24,(KHO) Cam Linh
22830000,GYRDQ8H6,Luân chuyển trả,OTHER,Chưa đóng kiện,12_24,(KHO) Cam Linh
22830000,GYRD9CRN,Luân chuyển trả,OTHER,Chưa đóng kiện,12_24,(KHO) Cam Linh
22830000,GYRDD4BF,Luân chuyển trả,OTHER,Chưa đóng kiện,12_24,(KHO) Cam Linh
22830000,GYRP43PX,Luân chuyển trả,OTHER,Chưa đóng kiện,12_24,(KHO) Cam Linh
22830000,GYRBCF6A,Luân chuyển trả,SHOPEE,Không cần đóng kiện,12_24,(KHO) Cam Linh
22830000,GYRKCB97,Luân chuyển giao,OTHER,Chưa đóng kiện,12_24,(KHO) Cam Linh
22830000,GYR4GXWH,Luân chuyển giao,OTHER,Chưa đóng kiện,12_24,(KHO) Cam Linh
22830000,GYR478DR,Luân chuyển trả,SHOPEE,Chưa đóng kiện,12_24,(KHO) Cam Linh
22830000,GYRW3FY8,Luân chuyển giao,OTHER,Không cần đóng kiện,12_24,(KHO) Cam Linh
22830000,GYRDUBP6,Luân chuyển trả,OTHER,Chưa đóng kiện,12_24,(KHO) Cam Linh
22830000,GYRPBQTF,Luân chuyển trả,SHOPEE,Không cần đóng kiện,12_24,(KHO) Cam Linh
22830000,GYR9GA6R,Luân chuyển trả,OTHER,Chưa đóng kiện,24_36,(KHO) Cam Linh
22830000,GYRBF36Q,Luân chuyển trả,SHOPEE,Chưa đóng kiện,24_36,(KHO) Cam Linh
22830000,GYRPCTNH,Luân chuyển trả,SHOPEE,Không cần đóng kiện,36_48,(KHO) Cam Linh
22830000,VNGH80893109904,Luân chuyển giao,TTS,Chưa đóng kiện,36_48,(KHO) Cam Linh
22830000,VNGH80663719904,Luân chuyển giao,TTS,Chưa đóng kiện,36_48,(KHO) Cam Linh
22830000,GYRBYWGX_PR,Luân chuyển giao,OTHER,Chưa đóng kiện,36_48,(KHO) Cam Linh
22830000,GYRPK36C_PR,Luân chuyển giao,OTHER,Đã đóng kiện,36_48,(KHO) Cam Linh
22746000,GYRN7GR3,Luân chuyển trả,OTHER,Chưa đóng kiện,24_36,(KHO) Nam Nha Trang 1
22861000,VNGH80472489802,Luân chuyển trả,TTS,Chưa đóng kiện,6_12,(NTH) Phan Rang
22861000,VNGH80146999710,Luân chuyển trả,TTS,Chưa đóng kiện,6_12,(NTH) Phan Rang
22861000,VNGH80400549708,Luân chuyển trả,TTS,Chưa đóng kiện,6_12,(NTH) Phan Rang
22861000,VNGH80181559802,Luân chuyển trả,TTS,Chưa đóng kiện,6_12,(NTH) Phan Rang
22861000,VNGH80820819803,Luân chuyển trả,TTS,Chưa đóng kiện,6_12,(NTH) Phan Rang
22759000,GYR3YL9C,Luân chuyển trả,SHOPEE,Chưa đóng kiện,12_24,(LDO) Hòa Ninh
22759000,GYR3YL9V,Luân chuyển trả,SHOPEE,Chưa đóng kiện,12_24,(LDO) Hòa Ninh
22759000,GYR3YLVK,Luân chuyển trả,SHOPEE,Chưa đóng kiện,12_24,(LDO) Hòa Ninh
22759000,GYR3YL96,Luân chuyển trả,SHOPEE,Chưa đóng kiện,12_24,(LDO) Hòa Ninh
22759000,GYR3YL9P,Luân chuyển trả,SHOPEE,Chưa đóng kiện,12_24,(LDO) Hòa Ninh
22759000,GYR3YLVN,Luân chuyển trả,SHOPEE,Chưa đóng kiện,12_24,(LDO) Hòa Ninh
22759000,GYR3YLVE,Luân chuyển trả,SHOPEE,Chưa đóng kiện,12_24,(LDO) Hòa Ninh
22759000,GYRNQEHM,Luân chuyển trả,OTHER,Không cần đóng kiện,12_24,(LDO) Hòa Ninh
22759000,GYRWVY78,Luân chuyển giao,OTHER,Chưa đóng kiện,12_24,(LDO) Hòa Ninh
22759000,VNGH80044189908,Luân chuyển giao,TTS,Chưa đóng kiện,12_24,(LDO) Hòa Ninh
22759000,VNGH80631389907,Luân chuyển giao,TTS,Chưa đóng kiện,12_24,(LDO) Hòa Ninh
22759000,VNGH80753979809,Luân chuyển giao,TTS,Chưa đóng kiện,12_24,(LDO) Hòa Ninh
22830000,GYR9TT7Y,Luân chuyển trả,OTHER,Chưa đóng kiện,48_72,(KHO) Cam Linh
22830000,GYRC4A3Q,Luân chuyển trả,OTHER,Không cần đóng kiện,48_72,(KHO) Cam Linh
22830000,GYRCRBDD,Luân chuyển trả,OTHER,Chưa đóng kiện,96_120,(KHO) Cam Linh
22830000,GYRUNL4H,Luân chuyển trả,OTHER,Chưa đóng kiện,120_192,(KHO) Cam Linh
22861000,VNGH80534849801,Luân chuyển trả,TTS,Chưa đóng kiện,6_12,(NTH) Phan Rang
22861000,VNGH80332859801,Luân chuyển trả,TTS,Chưa đóng kiện,6_12,(NTH) Phan Rang
22861000,VNGH80068009708,Luân chuyển trả,TTS,Không cần đóng kiện,6_12,(NTH) Phan Rang
22861000,VNGH80412879706,Luân chuyển trả,TTS,Không cần đóng kiện,6_12,(NTH) Phan Rang
22861000,VNGH80723889706,Luân chuyển trả,TTS,Chưa đóng kiện,6_12,(NTH) Phan Rang
22861000,VNGH80862149706,Luân chuyển trả,TTS,Chưa đóng kiện,6_12,(NTH) Phan Rang
22861000,VNGH80114539706,Luân chuyển trả,TTS,Không cần đóng kiện,6_12,(NTH) Phan Rang
22861000,VNGH80860829704,Luân chuyển trả,TTS,Chưa đóng kiện,6_12,(NTH) Phan Rang
22861000,VNGH80992209710,Luân chuyển trả,TTS,Chưa đóng kiện,6_12,(NTH) Phan Rang
22861000,VNGH80091039704,Luân chuyển trả,TTS,Chưa đóng kiện,6_12,(NTH) Phan Rang
22861000,VNGH80429439705,Luân chuyển trả,TTS,Chưa đóng kiện,6_12,(NTH) Phan Rang
22861000,VNGH80705129706,Luân chuyển trả,TTS,Chưa đóng kiện,6_12,(NTH) Phan Rang
22861000,VNGH80697249709,Luân chuyển trả,TTS,Chưa đóng kiện,6_12,(NTH) Phan Rang
22861000,VNGH80739689704,Luân chuyển trả,TTS,Không cần đóng kiện,6_12,(NTH) Phan Rang
22861000,VNGH80260119704,Luân chuyển trả,TTS,Chưa đóng kiện,6_12,(NTH) Phan Rang
22861000,VNGH80052799706,Luân chuyển trả,TTS,Chưa đóng kiện,6_12,(NTH) Phan Rang
22861000,VNGH80609549703,Luân chuyển trả,TTS,Chưa đóng kiện,6_12,(NTH) Phan Rang
22861000,GYRD8PBG,Luân chuyển trả,SHOPEE,Chưa đóng kiện,6_12,(NTH) Phan Rang
22861000,GYRD8PB7,Luân chuyển trả,SHOPEE,Chưa đóng kiện,6_12,(NTH) Phan Rang
22861000,GYR4NEVB,Luân chuyển trả,OTHER,Chưa đóng kiện,6_12,(NTH) Phan Rang
22861000,GYRD7B4T,Luân chuyển trả,SHOPEE,Chưa đóng kiện,12_24,(NTH) Phan Rang
22861000,GYRNUT73,Luân chuyển trả,OTHER,Chưa đóng kiện,12_24,(NTH) Phan Rang
22861000,GYRDCATD,Luân chuyển trả,SHOPEE,Chưa đóng kiện,12_24,(NTH) Phan Rang
22861000,GYRDHECM,Luân chuyển trả,SHOPEE,Chưa đóng kiện,12_24,(NTH) Phan Rang
22861000,GYR3VH4U,Luân chuyển trả,SHOPEE,Chưa đóng kiện,12_24,(NTH) Phan Rang
22861000,GYR4CCPT,Luân chuyển trả,SHOPEE,Chưa đóng kiện,12_24,(NTH) Phan Rang
22861000,GYR3GD6H,Luân chuyển trả,OTHER,Chưa đóng kiện,12_24,(NTH) Phan Rang
22861000,GYR3B7QD,Luân chuyển trả,OTHER,Chưa đóng kiện,12_24,(NTH) Phan Rang
22861000,GYRNHC4A,Luân chuyển trả,OTHER,Chưa đóng kiện,12_24,(NTH) Phan Rang
22861000,GYRBN3U9,Luân chuyển trả,OTHER,Chưa đóng kiện,12_24,(NTH) Phan Rang
22861000,GYRPFHCT,Luân chuyển trả,SHOPEE,Chưa đóng kiện,12_24,(NTH) Phan Rang
22861000,GYR68QEF,Luân chuyển trả,OTHER,Chưa đóng kiện,12_24,(NTH) Phan Rang
22861000,GYR6EGL9,Luân chuyển trả,OTHER,Chưa đóng kiện,12_24,(NTH) Phan Rang
22861000,GYR3QYVH,Luân chuyển trả,OTHER,Chưa đóng kiện,12_24,(NTH) Phan Rang
22861000,GYR3Y4MT,Luân chuyển trả,SHOPEE,Chưa đóng kiện,12_24,(NTH) Phan Rang
22861000,GYRVEAH3,Luân chuyển trả,OTHER,Chưa đóng kiện,12_24,(NTH) Phan Rang
22861000,GYRVVRNQ,Luân chuyển trả,OTHER,Chưa đóng kiện,12_24,(NTH) Phan Rang
22861000,GYRBQKBR,Luân chuyển trả,SHOPEE,Chưa đóng kiện,12_24,(NTH) Phan Rang
22861000,GYRKM3M3,Luân chuyển giao,SHOPEE,Không cần đóng kiện,12_24,(NTH) Phan Rang
22861000,GYRP7NBR,Luân chuyển trả,OTHER,Chưa đóng kiện,12_24,(NTH) Phan Rang
22861000,GYR4GDGP,Luân chuyển trả,OTHER,Chưa đóng kiện,12_24,(NTH) Phan Rang
22861000,GYRNYY4V,Luân chuyển trả,OTHER,Chưa đóng kiện,12_24,(NTH) Phan Rang
22861000,GYR3RFK3,Luân chuyển trả,OTHER,Chưa đóng kiện,12_24,(NTH) Phan Rang
22861000,GYRVG6Q3,Luân chuyển trả,OTHER,Chưa đóng kiện,24_36,(NTH) Phan Rang
22861000,GYR6Q68B,Luân chuyển trả,OTHER,Chưa đóng kiện,24_36,(NTH) Phan Rang
22861000,GYRVW94F,Luân chuyển trả,OTHER,Chưa đóng kiện,24_36,(NTH) Phan Rang
22861000,GYR3B9CU,Luân chuyển trả,SHOPEE,Chưa đóng kiện,24_36,(NTH) Phan Rang
22861000,GYRBUNN8,Luân chuyển trả,SHOPEE,Chưa đóng kiện,36_48,(NTH) Phan Rang
22861000,GYRDLUDG,Luân chuyển trả,SHOPEE,Chưa đóng kiện,36_48,(NTH) Phan Rang
22861000,GYRNQN4E,Luân chuyển trả,SHOPEE,Chưa đóng kiện,48_72,(NTH) Phan Rang
22861000,GYRDCXCX,Luân chuyển trả,SHOPEE,Không cần đóng kiện,48_72,(NTH) Phan Rang
22934000,VNGH80777069907,Luân chuyển giao,TTS,Đã đóng kiện,0_6,(BTH) Lương Sơn
22934000,GYRCGD69,Luân chuyển trả,OTHER,Đã đóng kiện,6_12,(BTH) Lương Sơn
22934000,GYR9RLDL,Luân chuyển trả,OTHER,Đã đóng kiện,6_12,(BTH) Lương Sơn
22934000,GYR697VM,Luân chuyển trả,OTHER,Đã đóng kiện,6_12,(BTH) Lương Sơn
22934000,VNGH80931889708,Luân chuyển trả,TTS,Đã đóng kiện,6_12,(BTH) Lương Sơn
22934000,VNGH80327259801,Luân chuyển trả,TTS,Chưa đóng kiện,6_12,(BTH) Lương Sơn
22934000,VNGH80665489804,Luân chuyển trả,TTS,Chưa đóng kiện,6_12,(BTH) Lương Sơn
22934000,VNGH80697599704,Luân chuyển trả,TTS,Không cần đóng kiện,6_12,(BTH) Lương Sơn
22934000,VNGH80292849706,Luân chuyển trả,TTS,Đã đóng kiện,6_12,(BTH) Lương Sơn
22934000,VNGH80646199802,Luân chuyển trả,TTS,Đã đóng kiện,6_12,(BTH) Lương Sơn
22934000,VNGH80072179803,Luân chuyển trả,TTS,Đã đóng kiện,6_12,(BTH) Lương Sơn
22934000,GYRDTRH4,Luân chuyển trả,OTHER,Đã đóng kiện,6_12,(BTH) Lương Sơn
22934000,GYRBW4YM,Luân chuyển trả,OTHER,Đã đóng kiện,12_24,(BTH) Lương Sơn
22934000,GYRNQDQY,Luân chuyển trả,OTHER,Đã đóng kiện,12_24,(BTH) Lương Sơn
22934000,GYR3FUUB,Luân chuyển trả,OTHER,Đã đóng kiện,12_24,(BTH) Lương Sơn
22934000,GYRVXM47,Luân chuyển trả,OTHER,Đã đóng kiện,12_24,(BTH) Lương Sơn
22934000,GYRDQF9D,Luân chuyển trả,SHOPEE,Đã đóng kiện,12_24,(BTH) Lương Sơn
22934000,GYRDP99N,Luân chuyển trả,SHOPEE,Đã đóng kiện,12_24,(BTH) Lương Sơn
22934000,GYRDK7W3,Luân chuyển trả,SHOPEE,Đã đóng kiện,12_24,(BTH) Lương Sơn
22934000,GYR3F8NE,Luân chuyển trả,OTHER,Đã đóng kiện,12_24,(BTH) Lương Sơn
22934000,GYR3L3ME,Luân chuyển trả,OTHER,Đã đóng kiện,12_24,(BTH) Lương Sơn
22934000,GYRDV9AN,Luân chuyển trả,OTHER,Đã đóng kiện,12_24,(BTH) Lương Sơn
22934000,GYRNDXCE,Luân chuyển trả,OTHER,Đã đóng kiện,12_24,(BTH) Lương Sơn
22934000,GYRBKP39,Luân chuyển trả,OTHER,Đã đóng kiện,12_24,(BTH) Lương Sơn
22934000,GYR3GGAM,Luân chuyển trả,OTHER,Đã đóng kiện,12_24,(BTH) Lương Sơn
22934000,GYRBYBVC,Luân chuyển trả,OTHER,Đã đóng kiện,12_24,(BTH) Lương Sơn
22934000,GYRU8FNH,Luân chuyển trả,OTHER,Chưa đóng kiện,120_192,(BTH) Lương Sơn
